"","Move","Player_1_Final1","Player_1_Final2","Player_1_Final3","Player_2_Final1","Player_2_Final2","Player_2_Final3","Player_1_Initial1","Player_1_Initial2","Player_1_Initial3","Player_2_Initial1","Player_2_Initial2","Player_2_Initial3","Player 1 Rolls available","Player 1 Rolls available","Player 1 Rolls available","Player 2 Rolls available","Player 2 Rolls available","Player 2 Rolls available","Player 1 Roll Chosen","Player 2 Roll Chosen","Player 1 Token Chosen","Player 2 Token Chosen","Player1 Score","Player 2 Score"
"1",1,1,2,1,6,1,1,1,1,1,1,1,1,3,1,5,3,5,0,1,5,2,1,1,5
"2",2,1,5,1,12,1,5,1,2,1,6,1,1,3,0,0,6,4,6,3,6,2,1,4,15
"3",3,7,10,1,16,1,5,1,5,1,12,1,5,4,6,0,4,0,0,6,4,1,1,15,19
"4",4,7,19,1,16,6,5,7,10,1,16,1,5,5,6,2,5,2,0,6,5,2,2,24,24
"5",5,9,19,1,16,12,7,7,19,1,16,6,5,2,0,0,6,2,1,2,6,1,2,26,32
"6",6,9,20,1,16,12,9,9,19,1,16,12,7,2,1,0,2,0,0,1,2,2,3,27,34
"7",7,9,26,5,16,16,9,9,20,1,16,12,9,3,6,4,3,4,0,6,4,2,2,37,38
"8",8,9,29,5,16,21,9,9,26,5,16,16,9,3,0,0,5,3,5,3,5,2,2,40,43
"9",9,14,29,5,19,21,9,9,29,5,16,21,9,3,5,0,3,0,0,5,3,1,1,45,46
"10",10,15,35,5,19,26,9,14,29,5,19,21,9,5,6,1,5,1,0,6,5,2,2,52,51
"11",11,16,1,1,19,32,13,15,35,5,19,26,9,1,0,0,4,1,4,1,4,1,3,15,61
"12",12,16,1,1,19,32,13,16,1,1,19,32,13,1,4,0,NA,0,0,0,0,0,0,15,61
"13",0,0,0,0,0,0,0,0,0,0,0,0,0,0,0,0,0,0,0,0,0,0,0,0,0
"14",1,1,1,2,12,1,7,1,1,1,1,1,1,6,1,2,6,2,0,1,6,3,1,1,17
"15",2,1,3,2,12,3,7,1,1,2,12,1,7,2,0,0,5,2,5,2,2,2,2,3,19
"16",3,6,3,2,12,3,12,1,3,2,12,3,7,5,5,0,5,0,0,5,5,1,3,8,24
"17",4,7,3,2,12,7,12,6,3,2,12,3,12,1,2,4,2,4,0,1,4,1,2,9,28
"18",5,9,3,2,12,11,12,7,3,2,12,7,12,2,0,0,4,4,5,2,4,1,2,11,32
"19",6,9,3,7,12,15,12,9,3,2,12,11,12,4,5,0,4,0,0,5,4,3,2,16,36
"20",7,12,3,7,18,20,12,9,3,7,12,15,12,3,1,6,1,6,0,3,6,1,1,19,47
"21",8,13,3,7,18,20,17,12,3,7,18,20,12,1,0,0,5,1,3,1,5,1,3,20,52
"22",9,14,3,7,21,20,17,13,3,7,18,20,17,1,3,0,3,0,0,1,3,1,1,21,55
"23",10,19,3,7,22,20,17,14,3,7,21,20,17,5,1,1,1,1,0,5,1,1,1,26,56
"24",11,20,3,7,27,20,17,19,3,7,22,20,17,1,0,0,5,5,6,1,5,1,1,27,61
"25",12,20,3,7,27,20,17,20,3,7,27,20,17,5,6,0,NA,0,0,0,0,0,0,27,61
"26",0,0,0,0,0,0,0,0,0,0,0,0,0,0,0,0,0,0,0,0,0,0,0,0,0
"27",1,7,3,7,1,2,1,1,1,1,1,1,1,1,1,6,1,1,0,6,1,1,2,14,1
"28",2,7,3,8,2,2,1,7,3,7,1,2,1,1,0,0,5,1,1,1,1,3,1,15,2
"29",3,7,3,13,2,2,2,7,3,8,2,2,1,5,1,0,1,0,0,5,1,3,3,20,3
"30",4,13,3,21,2,8,6,7,3,13,2,2,2,1,6,6,1,6,0,6,6,3,2,34,13
"31",5,14,3,21,2,9,6,13,3,21,2,8,6,1,0,0,1,1,2,1,1,1,2,35,14
"32",6,14,4,21,2,11,6,14,3,21,2,9,6,1,2,0,2,0,0,1,2,2,2,36,16
"33",7,21,10,21,2,11,11,14,4,21,2,11,6,6,5,2,5,2,0,6,5,1,3,49,21
"34",8,21,12,21,2,11,13,21,10,21,2,11,11,2,0,0,1,4,2,2,2,2,3,51,23
"35",9,21,13,21,2,11,17,21,12,21,2,11,13,1,4,0,4,0,0,1,4,2,3,52,27
"36",10,21,16,21,2,11,18,21,13,21,2,11,17,1,3,6,1,6,0,3,1,2,3,55,28
"37",11,31,16,21,2,11,19,21,16,21,2,11,18,6,0,0,2,1,4,6,1,1,3,65,29
"38",12,31,16,21,2,11,19,31,16,21,2,11,19,2,4,0,NA,0,0,0,0,0,0,65,29
"39",0,0,0,0,0,0,0,0,0,0,0,0,0,0,0,0,0,0,0,0,0,0,0,0,0
"40",1,6,1,1,5,7,1,1,1,1,1,1,1,6,4,5,6,4,0,5,6,1,2,5,10
"41",2,10,1,1,5,11,1,6,1,1,5,7,1,4,0,0,2,4,2,4,4,1,2,9,14
"42",3,12,1,1,5,11,3,10,1,1,5,11,1,2,2,0,2,0,0,2,2,1,3,11,16
"43",4,15,1,1,10,11,3,12,1,1,5,11,3,3,5,2,5,2,0,3,5,1,1,14,21
"44",5,17,1,1,10,11,10,15,1,1,10,11,3,2,0,0,5,6,6,2,6,1,3,16,28
"45",6,22,1,1,11,11,16,17,1,1,10,11,10,5,6,0,6,0,0,5,6,1,3,21,35
"46",7,22,5,1,11,15,16,22,1,1,11,11,16,4,3,4,3,4,0,4,4,2,2,25,39
"47",8,25,5,1,16,15,16,22,5,1,11,15,16,3,0,0,2,5,5,3,5,1,1,28,44
"48",9,25,10,1,18,15,16,25,5,1,16,15,16,2,5,0,2,0,0,5,2,2,1,33,46
"49",10,25,10,2,18,16,16,25,10,1,18,15,16,1,1,5,1,5,0,1,1,3,2,34,47
"50",11,30,10,2,22,22,16,25,10,2,18,16,16,5,0,0,1,5,6,5,6,1,2,39,57
"51",12,30,10,2,22,22,16,30,10,2,22,22,16,1,5,0,NA,0,0,0,0,0,0,39,57
"52",0,0,0,0,0,0,0,0,0,0,0,0,0,0,0,0,0,0,0,0,0,0,0,0,0
"53",1,4,1,1,1,6,1,1,1,1,1,1,1,5,5,3,5,5,0,3,5,1,2,3,5
"54",2,4,1,6,1,8,1,4,1,1,1,6,1,5,0,0,1,2,2,5,2,3,2,8,7
"55",3,4,3,6,1,8,2,4,1,6,1,8,1,1,2,0,1,0,0,2,1,2,3,10,8
"56",4,9,3,6,6,8,2,4,3,6,1,8,2,5,5,2,5,2,0,5,5,1,1,15,13
"57",5,11,3,6,11,8,2,9,3,6,6,8,2,2,0,0,5,2,3,2,5,1,1,17,18
"58",6,11,5,6,14,8,2,11,3,6,11,8,2,2,3,0,3,0,0,2,3,2,1,19,21
"59",7,11,6,6,19,8,8,11,5,6,14,8,2,1,6,2,6,2,0,1,6,2,3,20,32
"60",8,13,6,6,19,11,14,11,6,6,19,8,8,2,0,0,2,2,6,2,6,1,3,22,41
"61",9,15,6,6,19,11,16,13,6,6,19,11,14,2,2,0,2,0,0,2,2,1,3,24,43
"62",10,18,6,6,23,11,16,15,6,6,19,11,16,3,4,2,4,2,0,3,4,1,1,27,47
"63",11,20,6,6,23,13,16,18,6,6,23,11,16,2,0,0,2,6,1,2,2,1,2,29,49
"64",12,20,6,6,23,13,16,20,6,6,23,13,16,6,1,0,NA,0,0,0,0,0,0,29,49
"65",0,0,0,0,0,0,0,0,0,0,0,0,0,0,0,0,0,0,0,0,0,0,0,0,0
"66",1,1,1,2,1,5,1,1,1,1,1,1,1,1,3,4,3,4,0,1,4,3,2,1,4
"67",2,1,1,5,1,9,1,1,1,2,1,5,1,3,0,0,2,2,4,3,4,3,2,4,8
"68",3,1,3,5,1,9,3,1,1,5,1,9,1,2,2,0,2,0,0,2,2,2,3,6,10
"69",4,6,3,5,3,9,3,1,3,5,1,9,3,2,2,5,2,2,0,5,2,1,1,11,12
"70",5,6,3,7,5,9,3,6,3,5,3,9,3,2,0,0,1,3,2,2,2,3,1,13,14
"71",6,6,6,7,5,10,3,6,3,7,5,9,3,1,3,0,1,0,0,3,1,2,2,16,15
"72",7,6,6,10,11,10,7,6,6,7,5,10,3,3,6,3,6,3,0,3,6,3,1,19,25
"73",8,9,6,10,11,15,7,6,6,10,11,10,7,3,0,0,1,3,5,3,5,1,2,22,30
"74",9,12,6,10,11,15,8,9,6,10,11,15,7,1,3,0,1,0,0,3,1,1,3,25,31
"75",10,12,6,15,14,15,14,12,6,10,11,15,8,2,6,5,2,6,0,5,6,3,3,30,40
"76",11,14,6,15,27,15,14,12,6,15,14,15,14,2,0,0,1,4,6,2,6,1,1,32,53
"77",12,14,6,15,27,15,14,14,6,15,27,15,14,1,4,0,NA,0,0,0,0,0,0,32,53
"78",0,0,0,0,0,0,0,0,0,0,0,0,0,0,0,0,0,0,0,0,0,0,0,0,0
"79",1,1,6,1,13,1,5,1,1,1,1,1,1,6,1,5,6,1,0,5,6,2,1,5,16
"80",2,1,6,2,13,6,5,1,6,1,13,1,5,1,0,0,5,2,2,1,5,3,2,6,21
"81",3,1,8,2,15,6,5,1,6,2,13,6,5,2,2,0,2,0,0,2,2,2,1,8,23
"82",4,1,11,2,15,10,5,1,8,2,15,6,5,3,3,4,3,4,0,3,4,2,2,11,27
"83",5,1,11,5,16,10,11,1,11,2,15,10,5,3,0,0,4,6,4,3,6,3,3,14,34
"84",6,1,15,5,16,10,15,1,11,5,16,10,11,4,4,0,4,0,0,4,4,2,3,18,38
"85",7,2,15,5,16,15,15,1,15,5,16,10,15,1,5,1,5,1,0,1,5,1,2,19,43
"86",8,3,15,5,16,20,15,2,15,5,16,15,15,1,0,0,5,6,5,1,5,1,2,20,48
"87",9,3,15,16,21,20,15,3,15,5,16,20,15,6,5,0,5,0,0,6,5,3,1,31,53
"88",10,3,18,16,21,20,20,3,15,16,21,20,15,5,1,3,5,1,0,3,5,2,3,34,58
"89",11,4,18,16,25,20,20,3,18,16,21,20,20,1,0,0,4,5,2,1,4,1,1,35,62
"90",12,4,18,16,25,20,20,4,18,16,25,20,20,5,2,0,NA,0,0,0,0,0,0,35,62
"91",0,0,0,0,0,0,0,0,0,0,0,0,0,0,0,0,0,0,0,0,0,0,0,0,0
"92",1,1,6,1,1,11,1,1,1,1,1,1,1,5,6,5,6,5,0,5,6,2,2,5,10
"93",2,1,11,1,1,11,5,1,6,1,1,11,1,5,0,0,4,4,6,5,4,2,3,10,14
"94",3,7,11,6,1,15,5,1,11,1,1,11,5,4,6,0,4,0,0,6,4,1,2,21,18
"95",4,10,11,6,1,15,10,7,11,6,1,15,5,4,5,3,4,5,0,3,5,1,3,24,23
"96",5,14,11,6,4,15,10,10,11,6,1,15,10,4,0,0,3,1,4,4,3,1,1,28,26
"97",6,14,15,6,4,16,10,14,11,6,4,15,10,1,4,0,1,0,0,4,1,2,2,32,27
"98",7,14,19,6,4,16,23,14,15,6,4,16,10,6,4,4,6,4,0,4,6,2,3,36,40
"99",8,18,19,6,4,22,27,14,19,6,4,16,23,4,0,0,2,6,4,4,6,1,2,40,50
"100",9,22,19,6,4,22,29,18,19,6,4,22,27,2,4,0,2,0,0,4,2,1,3,44,52
"101",10,24,19,7,6,22,1,22,19,6,4,22,29,5,1,2,5,2,0,1,2,3,1,47,26
"102",11,29,19,7,6,22,3,24,19,7,6,22,1,5,0,0,2,3,4,5,2,1,3,52,28
"103",12,29,19,7,6,22,3,29,19,7,6,22,3,3,4,0,NA,0,0,0,0,0,0,52,28
"104",0,0,0,0,0,0,0,0,0,0,0,0,0,0,0,0,0,0,0,0,0,0,0,0,0
"105",1,1,1,3,1,1,5,1,1,1,1,1,1,2,2,4,2,4,0,2,4,3,3,2,4
"106",2,3,1,3,13,1,5,1,1,3,1,1,5,2,0,0,4,6,1,2,6,1,1,4,16
"107",3,3,1,7,13,2,5,3,1,3,13,1,5,4,1,0,1,0,0,4,1,3,2,8,17
"108",4,6,1,7,13,5,5,3,1,7,13,2,5,3,3,1,3,1,0,3,3,1,2,11,20
"109",5,7,1,7,13,11,9,6,1,7,13,5,5,1,0,0,2,6,4,1,6,1,2,12,30
"110",6,9,1,7,13,15,9,7,1,7,13,11,9,2,4,0,4,0,0,2,4,1,2,14,34
"111",7,13,1,7,13,15,10,9,1,7,13,15,9,1,4,1,1,1,0,4,1,1,3,18,35
"112",8,13,2,7,18,15,10,13,1,7,13,15,10,1,0,0,5,5,2,1,5,2,1,19,40
"113",9,18,2,7,18,17,10,13,2,7,18,15,10,5,2,0,2,0,0,5,2,1,2,24,42
"114",10,22,2,7,19,17,10,18,2,7,18,17,10,4,1,4,1,4,0,4,1,1,1,28,43
"115",11,26,2,7,20,23,10,22,2,7,19,17,10,4,0,0,6,5,1,4,6,1,2,32,50
"116",12,26,2,7,20,23,10,26,2,7,20,23,10,5,1,0,NA,0,0,0,0,0,0,32,50
"117",0,0,0,0,0,0,0,0,0,0,0,0,0,0,0,0,0,0,0,0,0,0,0,0,0
"118",1,6,1,1,5,1,1,1,1,1,1,1,1,3,5,4,3,4,0,5,4,1,1,5,4
"119",2,6,1,4,7,7,1,6,1,1,5,1,1,3,0,0,2,6,5,3,6,3,2,8,12
"120",3,6,1,9,7,9,1,6,1,4,7,7,1,2,5,0,2,0,0,5,2,3,2,13,14
"121",4,6,1,14,10,9,7,6,1,9,7,9,1,6,6,5,6,6,0,5,6,3,3,18,23
"122",5,15,1,14,10,9,9,6,1,14,10,9,7,6,0,0,2,1,2,6,2,1,3,27,25
"123",6,15,1,16,11,9,9,15,1,14,10,9,9,1,2,0,1,0,0,2,1,3,1,29,26
"124",7,15,6,16,11,9,11,15,1,16,11,9,9,5,2,2,2,2,0,5,2,2,3,34,28
"125",8,17,6,16,11,9,16,15,6,16,11,9,11,2,0,0,4,2,5,2,5,1,3,36,33
"126",9,17,10,16,13,9,16,17,6,16,11,9,16,4,2,0,2,0,0,4,2,2,1,40,35
"127",10,20,10,22,13,9,27,17,10,16,13,9,16,6,6,4,6,4,0,6,6,3,3,49,46
"128",11,24,10,22,13,9,30,20,10,22,13,9,27,4,0,0,4,3,2,4,3,1,3,53,49
"129",12,24,10,22,13,9,30,24,10,22,13,9,30,4,2,0,NA,0,0,0,0,0,0,53,49
"130",0,0,0,0,0,0,0,0,0,0,0,0,0,0,0,0,0,0,0,0,0,0,0,0,0
"131",1,1,3,1,1,1,4,1,1,1,1,1,1,2,3,2,3,2,0,2,3,2,3,2,3
"132",2,1,5,1,4,1,10,1,3,1,1,1,4,2,0,0,2,6,6,2,6,2,3,4,12
"133",3,3,5,1,14,1,10,1,5,1,4,1,10,2,6,0,6,0,0,2,6,1,1,6,22
"134",4,4,5,1,14,4,10,3,5,1,14,1,10,1,2,3,2,3,0,1,3,1,2,7,25
"135",5,6,5,1,14,9,10,4,5,1,14,4,10,2,0,0,5,5,2,2,5,1,2,9,30
"136",6,11,5,1,14,9,12,6,5,1,14,9,10,5,2,0,2,0,0,5,2,1,3,14,32
"137",7,11,7,1,14,11,18,11,5,1,14,9,12,2,1,6,1,6,0,2,6,2,3,16,40
"138",8,12,7,1,19,11,18,11,7,1,14,11,18,1,0,0,5,1,5,1,5,1,1,17,45
"139",9,13,7,1,19,16,18,12,7,1,19,11,18,1,5,0,5,0,0,1,5,1,2,18,50
"140",10,17,7,1,21,16,18,13,7,1,19,16,18,4,2,5,2,5,0,4,2,1,1,22,52
"141",11,22,7,1,21,18,18,17,7,1,21,16,18,5,0,0,2,6,1,5,2,1,2,27,54
"142",12,22,7,1,21,18,18,22,7,1,21,18,18,6,1,0,NA,0,0,0,0,0,0,27,54
"143",0,0,0,0,0,0,0,0,0,0,0,0,0,0,0,0,0,0,0,0,0,0,0,0,0
"144",1,4,1,1,5,1,1,1,1,1,1,1,1,4,3,2,4,2,0,3,4,1,1,3,4
"145",2,6,1,1,11,3,1,4,1,1,5,1,1,2,0,0,1,1,6,2,6,1,1,5,12
"146",3,6,1,2,11,4,1,6,1,1,11,3,1,1,1,0,1,0,0,1,1,3,2,6,13
"147",4,6,1,6,11,14,1,6,1,2,11,4,1,4,6,1,6,1,0,4,6,3,2,10,23
"148",5,7,1,6,16,14,1,6,1,6,11,14,1,1,0,0,5,4,1,1,5,1,1,11,28
"149",6,7,5,6,16,14,2,7,1,6,16,14,1,4,1,0,1,0,0,4,1,2,3,15,29
"150",7,7,5,7,16,19,2,7,5,6,16,14,2,1,3,5,3,5,0,1,5,3,2,16,34
"151",8,7,5,10,22,19,3,7,5,7,16,19,2,3,0,0,6,2,1,3,6,3,1,19,41
"152",9,9,5,10,22,19,4,7,5,10,22,19,3,2,1,0,1,0,0,2,1,1,3,21,42
"153",10,12,5,10,26,19,4,9,5,10,22,19,4,3,4,4,4,4,0,3,4,1,1,24,46
"154",11,16,5,10,28,19,4,12,5,10,26,19,4,4,0,0,2,2,4,4,2,1,1,28,48
"155",12,16,5,10,28,19,4,16,5,10,28,19,4,2,4,0,NA,0,0,0,0,0,0,28,48
"156",0,0,0,0,0,0,0,0,0,0,0,0,0,0,0,0,0,0,0,0,0,0,0,0,0
"157",1,6,1,1,1,1,6,1,1,1,1,1,1,5,5,4,5,4,0,5,5,1,3,5,5
"158",2,6,1,5,2,7,6,6,1,1,1,1,6,4,0,0,6,4,2,4,6,3,2,9,12
"159",3,6,5,5,4,7,6,6,1,5,2,7,6,4,2,0,2,0,0,4,2,2,1,13,14
"160",4,6,8,5,7,7,6,6,5,5,4,7,6,3,3,3,3,3,0,3,3,2,1,16,17
"161",5,9,8,5,7,12,12,6,8,5,7,7,6,3,0,0,4,5,6,3,6,1,3,19,28
"162",6,14,8,5,11,12,12,9,8,5,7,12,12,4,5,0,4,0,0,5,4,1,1,24,32
"163",7,14,12,5,11,12,15,14,8,5,11,12,12,4,1,3,1,3,0,4,3,2,3,28,35
"164",8,15,12,5,12,18,21,14,12,5,11,12,15,1,0,0,6,3,1,1,6,1,2,29,48
"165",9,16,12,5,15,18,21,15,12,5,12,18,21,3,1,0,3,0,0,1,3,1,1,30,51
"166",10,16,12,9,21,23,21,16,12,5,15,18,21,4,6,4,6,4,0,4,6,3,1,34,62
"167",11,20,12,9,22,23,21,16,12,9,21,23,21,4,0,0,1,4,5,4,1,1,1,38,63
"168",12,20,12,9,22,23,21,20,12,9,22,23,21,4,5,0,NA,0,0,0,0,0,0,38,63
"169",0,0,0,0,0,0,0,0,0,0,0,0,0,0,0,0,0,0,0,0,0,0,0,0,0
"170",1,6,1,1,1,5,1,1,1,1,1,1,1,4,2,5,4,2,0,5,4,1,2,5,4
"171",2,6,3,1,1,15,1,6,1,1,1,5,1,2,0,0,2,6,3,2,6,2,2,7,14
"172",3,6,6,1,1,17,1,6,3,1,1,15,1,2,3,0,2,0,0,3,2,2,2,10,16
"173",4,6,6,5,8,17,1,6,6,1,1,17,1,4,6,4,6,4,0,4,6,3,1,14,23
"174",5,10,6,5,8,17,4,6,6,5,8,17,1,4,0,0,3,1,3,4,3,1,3,18,26
"175",6,10,9,5,8,17,5,10,6,5,8,17,4,1,3,0,1,0,0,3,1,2,3,21,27
"176",7,10,9,8,14,20,11,10,9,5,8,17,5,6,5,3,6,5,0,3,6,3,1,24,42
"177",8,10,14,8,17,20,17,10,9,8,14,20,11,5,0,0,4,2,6,5,6,2,3,29,51
"178",9,14,14,8,19,20,17,10,14,8,17,20,17,4,2,0,2,0,0,4,2,1,1,33,53
"179",10,19,14,8,21,20,17,14,14,8,19,20,17,5,2,4,2,4,0,5,2,1,1,38,55
"180",11,23,14,8,25,20,17,19,14,8,21,20,17,4,0,0,4,1,3,4,4,1,1,42,59
"181",12,23,14,8,25,20,17,23,14,8,25,20,17,1,3,0,NA,0,0,0,0,0,0,42,59
"182",0,0,0,0,0,0,0,0,0,0,0,0,0,0,0,0,0,0,0,0,0,0,0,0,0
"183",1,1,4,1,1,1,5,1,1,1,1,1,1,3,2,4,2,4,0,3,4,2,3,3,4
"184",2,3,4,1,1,1,10,1,4,1,1,1,5,2,0,0,5,2,5,2,5,1,3,5,9
"185",3,3,4,6,3,1,10,3,4,1,1,1,10,2,5,0,2,0,0,5,2,3,1,10,11
"186",4,3,4,11,5,1,10,3,4,6,3,1,10,2,2,5,2,2,0,5,2,3,1,15,13
"187",5,5,4,11,10,1,10,3,4,11,5,1,10,2,0,0,5,3,4,2,5,1,1,17,18
"188",6,5,4,15,13,1,10,5,4,11,10,1,10,3,4,0,3,0,0,4,3,3,1,21,21
"189",7,5,5,15,18,7,16,5,4,15,13,1,10,1,4,6,4,6,0,1,6,2,3,22,38
"190",8,9,5,15,18,7,18,5,5,15,18,7,16,4,0,0,4,2,2,4,2,1,3,26,40
"191",9,9,9,15,18,7,20,9,5,15,18,7,18,4,2,0,2,0,0,4,2,2,3,30,42
"192",10,9,9,20,19,7,20,9,9,15,18,7,20,1,2,5,1,2,0,5,1,3,1,35,43
"193",11,11,9,20,21,7,20,9,9,20,19,7,20,2,0,0,2,5,3,2,2,1,1,37,45
"194",12,11,9,20,21,7,20,11,9,20,21,7,20,5,3,0,NA,0,0,0,0,0,0,37,45
"195",0,0,0,0,0,0,0,0,0,0,0,0,0,0,0,0,0,0,0,0,0,0,0,0,0
"196",1,1,1,3,1,6,1,1,1,1,1,1,1,2,4,5,4,5,0,2,5,3,2,2,5
"197",2,1,5,3,1,6,10,1,1,3,1,6,1,4,0,0,6,2,5,4,6,2,3,6,14
"198",3,1,10,3,3,6,10,1,5,3,1,6,10,2,5,0,2,0,0,5,2,2,1,11,16
"199",4,2,10,3,9,6,11,1,10,3,3,6,10,3,1,6,3,6,0,1,6,1,1,12,23
"200",5,2,10,6,9,8,11,2,10,3,9,6,11,3,0,0,2,1,2,3,2,3,2,15,25
"201",6,2,10,8,10,8,11,2,10,6,9,8,11,1,2,0,1,0,0,2,1,3,1,17,26
"202",7,6,10,8,10,13,11,2,10,8,10,8,11,3,4,5,3,5,0,4,5,1,2,21,31
"203",8,6,13,8,15,13,11,6,10,8,10,13,11,3,0,0,4,3,5,3,5,2,1,24,36
"204",9,10,13,8,18,13,11,6,13,8,15,13,11,4,3,0,3,0,0,4,3,1,1,28,39
"205",10,11,13,8,24,14,11,10,13,8,18,13,11,1,1,6,1,6,0,1,6,1,1,29,46
"206",11,12,13,1,30,20,11,11,13,8,24,14,11,1,0,0,6,2,4,1,6,1,1,23,58
"207",12,12,13,1,30,20,11,12,13,1,30,20,11,2,4,0,NA,0,0,0,0,0,0,23,58
"208",0,0,0,0,0,0,0,0,0,0,0,0,0,0,0,0,0,0,0,0,0,0,0,0,0
"209",1,1,1,2,1,1,5,1,1,1,1,1,1,1,4,4,4,4,0,1,4,3,3,1,4
"210",2,1,5,2,6,1,5,1,1,2,1,1,5,4,0,0,2,5,4,4,5,2,1,5,9
"211",3,1,7,2,6,5,5,1,5,2,6,1,5,2,4,0,4,0,0,2,4,2,2,7,13
"212",4,1,9,2,10,5,5,1,7,2,6,5,5,2,1,4,1,4,0,2,4,2,1,9,17
"213",5,2,9,2,10,10,5,1,9,2,10,5,5,1,0,0,2,2,5,1,5,1,2,10,22
"214",6,2,9,4,12,10,5,2,9,2,10,10,5,2,2,0,2,0,0,2,2,3,1,12,24
"215",7,2,10,4,12,16,8,2,9,4,12,10,5,1,3,6,3,6,0,1,6,2,2,13,33
"216",8,2,10,7,12,16,17,2,10,4,12,16,8,3,0,0,2,6,1,3,6,3,3,16,42
"217",9,2,11,7,14,16,17,2,10,7,12,16,17,2,1,0,2,0,0,1,2,2,1,17,44
"218",10,6,11,7,18,16,17,2,11,7,14,16,17,4,4,3,4,3,0,4,4,1,1,21,48
"219",11,9,11,7,26,16,17,6,11,7,18,16,17,3,0,0,6,2,2,3,6,1,1,24,56
"220",12,9,11,7,26,16,17,9,11,7,26,16,17,2,2,0,NA,0,0,0,0,0,0,24,56
"221",0,0,0,0,0,0,0,0,0,0,0,0,0,0,0,0,0,0,0,0,0,0,0,0,0
"222",1,1,2,1,4,1,1,1,1,1,1,1,1,2,3,1,2,3,0,1,3,2,1,1,3
"223",2,1,4,1,4,1,5,1,2,1,4,1,1,2,0,0,4,3,3,2,4,2,3,3,7
"224",3,4,4,1,7,1,5,1,4,1,4,1,5,3,3,0,3,0,0,3,3,1,1,6,10
"225",4,4,8,1,7,5,5,4,4,1,7,1,5,4,2,4,2,4,0,4,4,2,2,10,14
"226",5,6,8,1,7,10,5,4,8,1,7,5,5,2,0,0,4,5,1,2,5,1,2,12,19
"227",6,10,8,1,7,11,5,6,8,1,7,10,5,4,1,0,1,0,0,4,1,1,2,16,20
"228",7,20,8,1,12,17,5,10,8,1,7,11,5,6,2,6,2,6,0,6,6,1,2,26,31
"229",8,22,8,1,12,17,10,20,8,1,12,17,5,2,0,0,5,3,5,2,5,1,3,28,36
"230",9,22,8,6,12,17,13,22,8,1,12,17,10,3,5,0,3,0,0,5,3,3,3,33,39
"231",10,22,12,6,18,22,13,22,8,6,12,17,13,4,2,6,2,6,0,4,6,2,1,37,50
"232",11,24,12,6,23,22,13,22,12,6,18,22,13,2,0,0,5,2,2,2,5,1,1,39,55
"233",12,24,12,6,23,22,13,24,12,6,23,22,13,2,2,0,NA,0,0,0,0,0,0,39,55
"234",0,0,0,0,0,0,0,0,0,0,0,0,0,0,0,0,0,0,0,0,0,0,0,0,0
"235",1,1,5,1,1,6,1,1,1,1,1,1,1,5,4,4,5,4,0,4,5,2,2,4,5
"236",2,1,9,1,7,11,1,1,5,1,1,6,1,4,0,0,3,4,6,4,6,2,1,8,16
"237",3,1,13,1,7,14,1,1,9,1,7,11,1,3,4,0,3,0,0,4,3,2,2,12,19
"238",4,5,13,1,7,17,1,1,13,1,7,14,1,1,3,4,1,3,0,4,3,1,2,16,22
"239",5,6,13,1,13,18,1,5,13,1,7,17,1,1,0,0,3,6,1,1,6,1,1,17,29
"240",6,9,13,1,14,18,1,6,13,1,13,18,1,3,1,0,1,0,0,3,1,1,1,20,30
"241",7,9,13,4,14,18,4,9,13,1,14,18,1,3,3,4,3,4,0,3,3,3,3,23,33
"242",8,13,13,4,17,18,4,9,13,4,14,18,4,4,0,0,1,3,3,4,3,1,1,27,36
"243",9,13,13,7,17,18,5,13,13,4,17,18,4,1,3,0,1,0,0,3,1,3,3,30,37
"244",10,13,13,12,17,28,5,13,13,7,17,18,5,3,5,6,3,6,0,5,6,3,2,35,47
"245",11,16,13,12,21,28,5,13,13,12,17,28,5,3,0,0,4,4,5,3,4,1,1,38,51
"246",12,16,13,12,21,28,5,16,13,12,21,28,5,4,5,0,NA,0,0,0,0,0,0,38,51
"247",0,0,0,0,0,0,0,0,0,0,0,0,0,0,0,0,0,0,0,0,0,0,0,0,0
"248",1,3,1,7,7,1,4,1,1,1,1,1,1,2,6,6,2,6,0,6,6,3,1,8,9
"249",2,3,3,7,7,4,4,3,1,7,7,1,4,2,0,0,3,3,1,2,3,2,2,10,12
"250",3,3,4,7,7,7,4,3,3,7,7,4,4,3,1,0,3,0,0,1,3,2,2,11,15
"251",4,3,4,12,7,9,4,3,4,7,7,7,4,1,5,2,1,2,0,5,2,3,2,16,17
"252",5,4,4,12,7,13,4,3,4,12,7,9,4,1,0,0,4,2,4,1,4,1,2,17,21
"253",6,4,4,16,7,13,6,4,4,12,7,13,4,2,4,0,2,0,0,4,2,3,3,21,23
"254",7,6,4,16,7,17,6,4,4,16,7,13,6,4,1,2,4,1,0,2,4,1,2,23,27
"255",8,7,4,16,10,17,12,6,4,16,7,17,6,1,0,0,1,6,5,1,6,1,3,24,36
"256",9,8,4,16,15,17,12,7,4,16,10,17,12,1,5,0,5,0,0,1,5,1,1,25,41
"257",10,13,4,16,21,18,12,8,4,16,15,17,12,5,3,6,3,6,0,5,6,1,1,30,48
"258",11,16,1,16,26,20,12,13,4,16,21,18,12,3,0,0,5,2,4,3,5,1,1,30,55
"259",12,16,1,16,26,20,12,16,1,16,26,20,12,2,4,0,NA,0,0,0,0,0,0,30,55
"260",0,0,0,0,0,0,0,0,0,0,0,0,0,0,0,0,0,0,0,0,0,0,0,0,0
"261",1,3,1,1,1,4,1,1,1,1,1,1,1,3,2,2,3,2,0,2,3,1,2,2,3
"262",2,3,1,3,3,10,7,3,1,1,1,4,1,2,0,0,6,5,2,2,6,3,2,4,17
"263",3,3,1,8,5,10,7,3,1,3,3,10,7,5,2,0,2,0,0,5,2,3,1,9,19
"264",4,3,1,11,5,10,10,3,1,8,5,10,7,3,3,3,3,3,0,3,3,3,3,12,22
"265",5,3,4,11,14,10,10,3,1,11,5,10,10,3,0,0,6,1,1,3,6,2,1,15,31
"266",6,4,4,11,15,10,10,3,4,11,14,10,10,1,1,0,1,0,0,1,1,1,1,16,32
"267",7,5,4,11,15,10,15,4,4,11,15,10,10,5,1,1,5,1,0,1,5,1,3,17,37
"268",8,6,4,11,15,15,15,5,4,11,15,10,15,1,0,0,5,4,4,1,5,1,2,18,42
"269",9,10,4,11,19,15,15,6,4,11,15,15,15,4,4,0,4,0,0,4,4,1,1,22,46
"270",10,12,4,11,21,15,15,10,4,11,19,15,15,2,2,3,2,3,0,2,2,1,1,24,48
"271",11,15,4,11,24,21,15,12,4,11,21,15,15,3,0,0,6,6,2,3,6,1,2,27,57
"272",12,15,4,11,24,21,15,15,4,11,24,21,15,6,2,0,NA,0,0,0,0,0,0,27,57
"273",0,0,0,0,0,0,0,0,0,0,0,0,0,0,0,0,0,0,0,0,0,0,0,0,0
"274",1,1,1,9,1,1,5,1,1,1,1,1,1,2,4,6,2,4,0,6,4,3,3,8,4
"275",2,1,3,9,1,6,11,1,1,9,1,1,5,2,0,0,6,6,4,2,6,2,3,10,15
"276",3,5,9,9,1,6,15,1,3,9,1,6,11,6,4,0,4,0,0,6,4,2,3,20,19
"277",4,5,11,9,1,6,18,5,9,9,1,6,15,3,3,2,3,3,0,2,3,2,3,22,22
"278",5,5,14,9,1,11,18,5,11,9,1,6,18,3,0,0,6,5,6,3,5,2,2,25,27
"279",6,14,14,9,1,13,24,5,14,9,1,11,18,6,6,0,6,0,0,6,6,1,3,34,35
"280",7,20,14,10,1,19,27,14,14,9,1,13,24,6,2,6,2,6,0,6,6,1,2,41,44
"281",8,20,16,10,1,25,28,20,14,10,1,19,27,2,0,0,6,3,6,2,6,2,2,43,51
"282",9,1,16,16,4,28,28,20,16,10,1,25,28,3,6,0,3,0,0,6,3,1,1,30,57
"283",10,1,17,16,7,28,28,1,16,16,4,28,28,1,3,1,3,1,0,1,3,2,1,31,60
"284",11,2,17,16,9,28,28,1,17,16,7,28,28,1,0,0,2,3,5,1,2,1,1,32,62
"285",12,2,17,16,9,28,28,2,17,16,9,28,28,3,5,0,NA,0,0,0,0,0,0,32,62
"286",0,0,0,0,0,0,0,0,0,0,0,0,0,0,0,0,0,0,0,0,0,0,0,0,0
"287",1,4,1,1,2,1,1,1,1,1,1,1,1,3,1,1,1,1,0,3,1,1,1,3,1
"288",2,4,1,2,6,1,1,4,1,1,2,1,1,1,0,0,4,2,4,1,4,3,1,4,5
"289",3,4,5,2,6,3,1,4,1,2,6,1,1,2,4,0,2,0,0,4,2,2,2,8,7
"290",4,4,5,7,6,8,1,4,5,2,6,3,1,5,2,5,2,5,0,5,5,3,2,13,12
"291",5,4,5,9,6,9,1,4,5,7,6,8,1,2,0,0,1,1,3,2,1,3,2,15,13
"292",6,7,5,9,6,9,2,4,5,9,6,9,1,1,3,0,1,0,0,3,1,1,3,18,14
"293",7,7,9,15,8,9,14,7,5,9,6,9,2,4,6,6,4,6,0,6,6,3,3,28,28
"294",8,11,9,15,12,9,20,7,9,15,8,9,14,4,0,0,6,3,5,4,6,1,3,32,38
"295",9,11,9,20,15,9,20,11,9,15,12,9,20,3,5,0,3,0,0,5,3,3,1,37,41
"296",10,11,12,20,18,9,20,11,9,20,15,9,20,3,1,3,1,3,0,3,3,2,1,40,44
"297",11,12,12,20,27,9,20,11,12,20,18,9,20,1,0,0,4,4,6,1,6,1,1,41,53
"298",12,12,12,20,27,9,20,12,12,20,27,9,20,4,4,0,NA,0,0,0,0,0,0,41,53
"299",0,0,0,0,0,0,0,0,0,0,0,0,0,0,0,0,0,0,0,0,0,0,0,0,0
"300",1,1,1,2,4,1,1,1,1,1,1,1,1,3,1,1,3,1,0,1,3,3,1,1,3
"301",2,2,1,2,4,6,1,1,1,2,4,1,1,1,0,0,4,5,5,1,5,1,2,2,8
"302",3,2,1,7,4,6,5,2,1,2,4,6,1,4,5,0,4,0,0,5,4,3,3,7,12
"303",4,2,4,7,4,12,7,2,1,7,4,6,5,2,6,3,2,6,0,3,6,2,2,10,20
"304",5,2,6,7,12,12,7,2,4,7,4,12,7,2,0,0,6,4,5,2,6,2,1,12,28
"305",6,7,6,7,16,12,7,2,6,7,12,12,7,4,5,0,4,0,0,5,4,1,1,17,32
"306",7,8,6,7,17,12,13,7,6,7,16,12,7,1,4,6,4,6,0,1,6,1,3,18,39
"307",8,8,6,11,22,12,19,8,6,7,17,12,13,4,0,0,6,6,5,4,6,3,3,22,50
"308",9,14,6,15,22,17,19,8,6,11,22,12,19,6,5,0,5,0,0,6,5,1,2,32,55
"309",10,15,6,15,22,20,19,14,6,15,22,17,19,1,3,3,3,3,0,1,3,1,2,33,58
"310",11,18,6,15,26,20,19,15,6,15,22,20,19,3,0,0,4,4,2,3,4,1,1,36,62
"311",12,18,6,15,26,20,19,18,6,15,26,20,19,4,2,0,NA,0,0,0,0,0,0,36,62
"312",0,0,0,0,0,0,0,0,0,0,0,0,0,0,0,0,0,0,0,0,0,0,0,0,0
"313",1,1,1,3,1,5,1,1,1,1,1,1,1,4,3,2,4,3,0,2,4,3,2,2,4
"314",2,1,4,3,1,10,1,1,1,3,1,5,1,3,0,0,5,3,3,3,5,2,2,5,9
"315",3,1,4,6,1,10,4,1,4,3,1,10,1,3,3,0,3,0,0,3,3,3,3,8,12
"316",4,5,4,6,5,10,4,1,4,6,1,10,4,4,1,4,1,4,0,4,4,1,1,12,16
"317",5,5,5,6,5,10,9,5,4,6,5,10,4,1,0,0,3,5,3,1,5,2,3,13,21
"318",6,5,8,6,5,13,9,5,5,6,5,10,9,3,3,0,3,0,0,3,3,2,2,16,24
"319",7,11,9,6,7,13,15,5,8,6,5,13,9,6,6,1,6,1,0,6,6,1,3,23,32
"320",8,12,9,6,11,19,15,11,9,6,7,13,15,1,0,0,6,4,2,1,6,1,2,24,42
"321",9,12,13,6,13,19,15,12,9,6,11,19,15,4,2,0,2,0,0,4,2,2,1,28,44
"322",10,15,13,6,20,19,15,12,13,6,13,19,15,3,6,1,6,1,0,3,6,1,1,31,51
"323",11,16,13,6,21,19,15,15,13,6,20,19,15,1,0,0,1,6,1,1,1,1,1,32,52
"324",12,16,13,6,21,19,15,16,13,6,21,19,15,6,1,0,NA,0,0,0,0,0,0,32,52
"325",0,0,0,0,0,0,0,0,0,0,0,0,0,0,0,0,0,0,0,0,0,0,0,0,0
"326",1,1,10,1,1,6,1,1,1,1,1,1,1,5,1,6,5,1,0,6,5,2,2,9,5
"327",2,1,10,2,6,6,1,1,10,1,1,6,1,1,0,0,5,2,4,1,5,3,1,10,10
"328",3,1,14,2,6,6,3,1,10,2,6,6,1,2,4,0,2,0,0,4,2,2,3,14,12
"329",4,1,18,2,6,6,6,1,14,2,6,6,3,4,1,3,1,3,0,4,3,2,3,18,15
"330",5,1,19,2,11,6,6,1,18,2,6,6,6,1,0,0,5,1,6,1,5,2,1,19,20
"331",6,1,19,10,11,7,6,1,19,2,11,6,6,1,6,0,1,0,0,6,1,3,2,27,21
"332",7,5,19,10,11,11,6,1,19,10,11,7,6,4,4,3,4,3,0,4,4,1,2,31,25
"333",8,5,19,13,15,11,6,5,19,10,11,11,6,3,0,0,4,2,2,3,4,3,1,34,29
"334",9,7,19,13,17,11,6,5,19,13,15,11,6,2,2,0,2,0,0,2,2,1,1,36,31
"335",10,7,23,13,17,11,9,7,19,13,17,11,6,4,3,3,3,3,0,4,3,2,3,40,34
"336",11,7,26,13,19,11,9,7,23,13,17,11,9,3,0,0,5,3,2,3,2,2,1,43,36
"337",12,7,26,13,19,11,9,7,26,13,19,11,9,5,3,0,NA,0,0,0,0,0,0,43,36
"338",0,0,0,0,0,0,0,0,0,0,0,0,0,0,0,0,0,0,0,0,0,0,0,0,0
"339",1,1,3,1,1,4,1,1,1,1,1,1,1,2,3,3,3,3,0,2,3,2,2,2,3
"340",2,1,3,4,5,4,1,1,3,1,1,4,1,3,0,0,2,2,4,3,4,3,1,5,7
"341",3,3,3,4,5,6,1,1,3,4,5,4,1,2,2,0,2,0,0,2,2,1,2,7,9
"342",4,8,3,4,5,8,1,3,3,4,5,6,1,5,2,1,2,1,0,5,2,1,2,12,11
"343",5,8,4,4,7,14,1,8,3,4,5,8,1,1,0,0,6,6,6,1,6,2,2,13,19
"344",6,18,4,4,10,20,1,8,4,4,7,14,1,6,6,0,6,0,0,6,6,1,2,23,28
"345",7,18,4,7,15,20,1,18,4,4,10,20,1,3,5,5,5,5,0,3,5,3,1,26,33
"346",8,18,4,12,15,24,1,18,4,7,15,20,1,5,0,0,4,4,3,5,4,3,2,31,37
"347",9,22,4,12,18,24,1,18,4,12,15,24,1,4,3,0,3,0,0,4,3,1,1,35,40
"348",10,22,4,14,22,24,1,22,4,12,18,24,1,2,1,4,1,4,0,2,4,3,1,37,44
"349",11,23,4,14,27,24,1,22,4,14,22,24,1,1,0,0,5,3,5,1,5,1,1,38,49
"350",12,23,4,14,27,24,1,23,4,14,27,24,1,3,5,0,NA,0,0,0,0,0,0,38,49
"351",0,0,0,0,0,0,0,0,0,0,0,0,0,0,0,0,0,0,0,0,0,0,0,0,0
"352",1,7,2,1,1,1,6,1,1,1,1,1,1,6,1,5,1,5,0,6,5,1,3,7,5
"353",2,7,3,1,12,1,6,7,2,1,1,1,6,1,0,0,4,5,6,1,6,2,1,8,16
"354",3,7,3,6,12,1,10,7,3,1,12,1,6,4,5,0,4,0,0,5,4,3,3,13,20
"355",4,11,3,6,12,5,10,7,3,6,12,1,10,4,2,4,2,4,0,4,4,1,2,17,24
"356",5,11,5,6,12,8,10,11,3,6,12,5,10,2,0,0,1,2,3,2,3,2,2,19,27
"357",6,12,5,6,12,8,12,11,5,6,12,8,10,1,2,0,2,0,0,1,2,1,3,20,29
"358",7,17,5,12,12,16,12,12,5,6,12,8,12,6,4,6,4,6,0,6,6,3,2,31,37
"359",8,17,5,16,21,22,12,17,5,12,12,16,12,4,0,0,6,4,4,4,6,3,2,35,52
"360",9,21,5,16,25,22,12,17,5,16,21,22,12,4,4,0,4,0,0,4,4,1,1,39,56
"361",10,22,5,16,25,25,12,21,5,16,25,22,12,5,1,3,5,3,0,1,3,1,2,40,59
"362",11,27,5,16,26,25,18,22,5,16,25,25,12,5,0,0,6,6,3,5,6,1,3,45,66
"363",12,27,5,16,26,25,18,27,5,16,26,25,18,6,3,0,NA,0,0,0,0,0,0,45,66
"364",0,0,0,0,0,0,0,0,0,0,0,0,0,0,0,0,0,0,0,0,0,0,0,0,0
"365",1,6,1,1,1,6,1,1,1,1,1,1,1,2,5,5,2,5,0,5,5,1,2,5,5
"366",2,6,1,3,1,8,1,6,1,1,1,6,1,2,0,0,2,1,2,2,2,3,2,7,7
"367",3,6,1,5,1,9,1,6,1,3,1,8,1,1,2,0,1,0,0,2,1,3,2,9,8
"368",4,12,7,8,1,12,1,6,1,5,1,9,1,6,3,1,3,1,0,6,3,2,2,24,11
"369",5,13,7,8,1,14,1,12,7,8,1,12,1,1,0,0,2,1,1,1,2,1,2,25,13
"370",6,14,7,8,1,15,1,13,7,8,1,14,1,1,1,0,1,0,0,1,1,1,2,26,14
"371",7,14,12,8,1,18,1,14,7,8,1,15,1,5,3,4,3,4,0,5,3,2,2,31,17
"372",8,14,16,8,1,19,1,14,12,8,1,18,1,4,0,0,1,6,1,4,1,2,2,35,18
"373",9,20,21,8,2,19,1,14,16,8,1,19,1,6,1,0,1,0,0,6,1,1,1,46,19
"374",10,23,21,8,2,25,4,20,21,8,2,19,1,3,6,2,6,2,0,3,6,1,2,49,28
"375",11,25,21,8,6,25,4,23,21,8,2,25,4,2,0,0,4,5,2,2,4,1,1,51,32
"376",12,25,21,8,6,25,4,25,21,8,6,25,4,5,2,0,NA,0,0,0,0,0,0,51,32
"377",0,0,0,0,0,0,0,0,0,0,0,0,0,0,0,0,0,0,0,0,0,0,0,0,0
"378",1,3,1,1,4,1,1,1,1,1,1,1,1,3,3,2,3,3,0,2,3,1,1,2,3
"379",2,3,1,4,9,1,1,3,1,1,4,1,1,3,0,0,4,5,1,3,5,3,1,5,8
"380",3,7,1,4,9,2,1,3,1,4,9,1,1,4,1,0,1,0,0,4,1,1,2,9,9
"381",4,7,4,4,9,5,1,7,1,4,9,2,1,1,3,3,1,3,0,3,3,2,2,12,12
"382",5,7,4,5,9,8,1,7,4,4,9,5,1,1,0,0,3,1,2,1,3,3,2,13,15
"383",6,7,5,5,11,8,1,7,4,5,9,8,1,1,2,0,2,0,0,1,2,2,1,14,17
"384",7,7,6,5,14,14,1,7,5,5,11,8,1,6,1,6,6,6,0,1,6,2,2,15,26
"385",8,7,6,13,19,14,1,7,6,5,14,14,1,6,0,0,1,5,3,6,5,3,1,23,31
"386",9,7,7,13,22,14,1,7,6,13,19,14,1,1,3,0,3,0,0,1,3,2,1,24,34
"387",10,7,12,13,25,14,7,7,7,13,22,14,1,6,5,1,6,1,0,5,6,2,3,29,43
"388",11,1,12,13,32,14,7,7,12,13,25,14,7,1,0,0,5,2,5,1,5,1,1,23,50
"389",12,1,12,13,32,14,7,1,12,13,32,14,7,2,5,0,NA,0,0,0,0,0,0,23,50
"390",0,0,0,0,0,0,0,0,0,0,0,0,0,0,0,0,0,0,0,0,0,0,0,0,0
"391",1,2,13,1,2,7,1,1,1,1,1,1,1,6,1,6,1,6,0,6,6,2,2,13,7
"392",2,2,14,1,4,7,1,2,13,1,2,7,1,1,0,0,2,2,4,1,2,2,1,14,9
"393",3,2,14,5,4,9,1,2,14,1,4,7,1,2,4,0,2,0,0,4,2,3,2,18,11
"394",4,7,14,5,6,15,1,2,14,5,4,9,1,3,5,6,3,6,0,5,6,1,2,23,19
"395",5,7,14,8,6,20,1,7,14,5,6,15,1,3,0,0,4,5,1,3,5,3,2,26,24
"396",6,7,18,8,6,21,1,7,14,8,6,20,1,4,1,0,1,0,0,4,1,2,2,30,25
"397",7,12,18,14,6,25,1,7,18,8,6,21,1,4,4,6,4,4,0,6,4,3,2,41,29
"398",8,12,22,14,6,30,1,12,18,14,6,25,1,4,0,0,4,5,3,4,5,2,2,45,34
"399",9,16,22,14,6,33,1,12,22,14,6,30,1,4,3,0,3,0,0,4,3,1,2,49,37
"400",10,18,22,14,11,33,1,16,22,14,6,33,1,5,2,1,5,1,0,2,5,1,1,51,42
"401",11,19,22,14,17,35,1,18,22,14,11,33,1,1,0,0,6,4,6,1,6,1,1,52,50
"402",12,19,22,14,17,35,1,19,22,14,17,35,1,4,6,0,NA,0,0,0,0,0,0,52,50
"403",0,0,0,0,0,0,0,0,0,0,0,0,0,0,0,0,0,0,0,0,0,0,0,0,0
"404",1,6,1,1,1,1,4,1,1,1,1,1,1,2,5,3,2,3,0,5,3,1,3,5,3
"405",2,8,1,1,1,6,4,6,1,1,1,1,4,2,0,0,5,2,2,2,5,1,2,7,8
"406",3,10,1,1,3,6,4,8,1,1,1,6,4,2,2,0,2,0,0,2,2,1,1,9,10
"407",4,20,1,1,3,9,4,10,1,1,3,6,4,6,3,4,3,4,0,6,3,1,2,19,13
"408",5,24,1,1,3,12,4,20,1,1,3,9,4,4,0,0,1,3,3,4,3,1,2,23,16
"409",6,27,7,1,4,12,4,24,1,1,3,12,4,1,3,0,3,0,0,1,3,1,1,32,17
"410",7,27,7,2,4,17,4,27,7,1,4,12,4,2,1,5,2,5,0,1,5,3,2,33,22
"411",8,27,7,4,6,17,4,27,7,2,4,17,4,2,0,0,2,4,3,2,2,3,1,35,24
"412",9,27,11,4,9,17,4,27,7,4,6,17,4,4,3,0,3,0,0,4,3,2,1,39,27
"413",10,27,12,4,11,17,4,27,11,4,9,17,4,1,2,3,2,3,0,1,2,2,1,40,29
"414",11,1,12,7,15,17,5,27,12,4,11,17,4,3,0,0,4,3,1,3,1,3,3,17,34
"415",12,1,12,7,15,17,5,1,12,7,15,17,5,4,3,0,NA,0,0,0,0,0,0,17,34
"416",0,0,0,0,0,0,0,0,0,0,0,0,0,0,0,0,0,0,0,0,0,0,0,0,0
"417",1,3,1,1,1,6,1,1,1,1,1,1,1,1,5,2,1,5,0,2,5,1,2,2,5
"418",2,3,2,1,5,6,1,3,1,1,1,6,1,1,0,0,3,4,2,1,4,2,1,3,9
"419",3,5,2,1,5,6,4,3,2,1,5,6,1,3,2,0,3,0,0,2,3,1,3,5,12
"420",4,5,2,6,7,6,4,5,2,1,5,6,4,1,5,2,1,2,0,5,2,3,1,10,14
"421",5,6,2,6,7,6,12,5,2,6,7,6,4,1,0,0,6,2,5,1,6,1,3,11,22
"422",6,8,2,6,12,6,12,6,2,6,7,6,12,2,5,0,5,0,0,2,5,1,1,13,27
"423",7,9,2,6,12,7,12,8,2,6,12,6,12,1,1,1,1,1,0,1,1,1,2,14,28
"424",8,10,2,6,14,7,18,9,2,6,12,7,12,1,0,0,1,1,6,1,6,1,3,15,36
"425",9,11,2,6,15,7,18,10,2,6,14,7,18,1,1,0,1,0,0,1,1,1,1,16,37
"426",10,16,2,6,20,7,18,11,2,6,15,7,18,5,5,2,5,2,0,5,5,1,1,21,42
"427",11,18,2,6,27,7,18,16,2,6,20,7,18,2,0,0,6,4,5,2,6,1,1,23,49
"428",12,18,2,6,27,7,18,18,2,6,27,7,18,4,5,0,NA,0,0,0,0,0,0,23,49
"429",0,0,0,0,0,0,0,0,0,0,0,0,0,0,0,0,0,0,0,0,0,0,0,0,0
"430",1,1,5,1,7,1,3,1,1,1,1,1,1,6,2,4,6,2,0,4,6,2,1,4,8
"431",2,1,5,3,7,1,8,1,5,1,7,1,3,2,0,0,5,4,1,2,5,3,3,6,13
"432",3,5,5,3,7,1,9,1,5,3,7,1,8,4,1,0,1,0,0,4,1,1,3,10,14
"433",4,7,5,3,7,1,13,5,5,3,7,1,9,4,2,2,4,2,0,2,4,1,3,12,18
"434",5,7,7,3,9,1,13,7,5,3,7,1,13,2,0,0,2,2,2,2,2,2,1,14,20
"435",6,7,9,3,11,1,13,7,7,3,9,1,13,2,2,0,2,0,0,2,2,2,1,16,22
"436",7,7,12,3,14,1,13,7,9,3,11,1,13,3,3,2,3,2,0,3,3,2,1,19,25
"437",8,7,12,5,21,1,13,7,12,3,14,1,13,2,0,0,2,6,5,2,6,3,1,21,32
"438",9,7,17,5,21,1,15,7,12,5,21,1,13,2,5,0,2,0,0,5,2,2,3,26,34
"439",10,7,22,5,23,1,15,7,17,5,21,1,15,1,2,5,1,2,0,5,2,2,1,31,36
"440",11,8,22,5,28,1,15,7,22,5,23,1,15,1,0,0,5,4,3,1,5,1,1,32,41
"441",12,8,22,5,28,1,15,8,22,5,28,1,15,4,3,0,NA,0,0,0,0,0,0,32,41
"442",0,0,0,0,0,0,0,0,0,0,0,0,0,0,0,0,0,0,0,0,0,0,0,0,0
"443",1,1,1,9,1,4,1,1,1,1,1,1,1,3,1,6,3,1,0,6,3,3,2,8,3
"444",2,1,2,9,2,4,1,1,1,9,1,4,1,1,0,0,1,1,3,1,1,2,1,9,4
"445",3,4,2,9,3,4,1,1,2,9,2,4,1,1,3,0,1,0,0,3,1,1,1,12,5
"446",4,4,7,9,5,10,1,4,2,9,3,4,1,2,5,6,2,6,0,5,6,2,2,17,13
"447",5,4,9,9,5,15,1,4,7,9,5,10,1,2,0,0,3,5,1,2,5,2,2,19,18
"448",6,5,9,9,5,15,4,4,9,9,5,15,1,3,1,0,3,0,0,1,3,1,3,20,21
"449",7,9,9,9,5,15,9,5,9,9,5,15,4,3,4,5,3,5,0,4,5,1,3,24,26
"450",8,9,12,9,5,19,9,9,9,9,5,15,9,3,0,0,2,2,4,3,4,2,2,27,30
"451",9,9,14,9,5,21,9,9,12,9,5,19,9,2,2,0,2,0,0,2,2,2,2,29,32
"452",10,13,14,9,7,21,9,9,14,9,5,21,9,4,1,2,1,2,0,4,2,1,1,33,34
"453",11,14,14,9,15,21,9,13,14,9,7,21,9,1,0,0,5,6,5,1,6,1,1,34,42
"454",12,14,14,9,15,21,9,14,14,9,15,21,9,5,5,0,NA,0,0,0,0,0,0,34,42
"455",0,0,0,0,0,0,0,0,0,0,0,0,0,0,0,0,0,0,0,0,0,0,0,0,0
"456",1,3,1,7,1,1,6,1,1,1,1,1,1,3,6,5,3,5,0,6,5,3,3,8,5
"457",2,3,1,10,1,6,6,3,1,7,1,1,6,3,0,0,5,5,5,3,5,3,2,11,10
"458",3,8,1,10,1,6,11,3,1,10,1,6,6,5,5,0,5,0,0,5,5,1,3,16,15
"459",4,9,1,10,6,6,11,8,1,10,1,6,11,5,1,3,5,3,0,1,5,1,1,17,20
"460",5,12,1,10,6,7,11,9,1,10,6,6,11,3,0,0,1,1,2,3,1,1,2,20,21
"461",6,12,2,10,8,7,11,12,1,10,6,7,11,1,2,0,2,0,0,1,2,2,1,21,23
"462",7,17,2,10,12,7,11,12,2,10,8,7,11,3,5,4,3,4,0,5,4,1,1,26,27
"463",8,17,2,13,12,7,15,17,2,10,12,7,11,3,0,0,2,4,3,3,4,3,3,29,31
"464",9,20,2,13,12,7,17,17,2,13,12,7,15,2,3,0,2,0,0,3,2,1,3,32,33
"465",10,31,2,13,17,7,23,20,2,13,12,7,17,5,6,6,5,6,0,6,6,1,3,43,44
"466",11,1,7,13,21,9,23,31,2,13,17,7,23,5,0,0,3,2,6,5,2,2,2,18,50
"467",12,1,7,13,21,9,23,1,7,13,21,9,23,3,6,0,NA,0,0,0,0,0,0,18,50
"468",0,0,0,0,0,0,0,0,0,0,0,0,0,0,0,0,0,0,0,0,0,0,0,0,0
"469",1,1,1,6,4,1,1,1,1,1,1,1,1,3,5,1,3,1,0,5,3,3,1,5,3
"470",2,1,1,7,4,3,1,1,1,6,4,1,1,1,0,0,2,4,2,1,2,3,2,6,5
"471",3,1,5,7,4,5,1,1,1,7,4,3,1,4,2,0,2,0,0,4,2,2,2,10,7
"472",4,6,5,7,5,5,1,1,5,7,4,5,1,5,1,1,1,1,0,5,1,1,1,15,8
"473",5,7,5,7,5,10,1,6,5,7,5,5,1,1,0,0,2,5,1,1,5,1,2,16,13
"474",6,7,7,7,5,11,1,7,5,7,5,10,1,2,1,0,1,0,0,2,1,2,2,18,14
"475",7,12,7,7,5,18,1,7,7,7,5,11,1,5,6,3,6,3,0,5,6,1,2,23,21
"476",8,12,10,7,5,18,6,12,7,7,5,18,1,3,0,0,3,5,3,3,5,2,3,26,26
"477",9,12,10,10,5,18,9,12,10,7,5,18,6,3,3,0,3,0,0,3,3,3,3,29,29
"478",10,12,10,14,5,21,9,12,10,10,5,18,9,4,1,3,1,3,0,4,3,3,2,33,32
"479",11,13,10,14,14,21,9,12,10,14,5,21,9,1,0,0,4,6,3,1,6,1,1,34,41
"480",12,13,10,14,14,21,9,13,10,14,14,21,9,4,3,0,NA,0,0,0,0,0,0,34,41
"481",0,0,0,0,0,0,0,0,0,0,0,0,0,0,0,0,0,0,0,0,0,0,0,0,0
"482",1,1,5,1,3,7,1,1,1,1,1,1,1,6,2,4,6,2,0,4,6,2,2,4,8
"483",2,1,7,1,5,7,1,1,5,1,3,7,1,2,0,0,2,3,2,2,2,2,1,6,10
"484",3,1,7,4,5,7,3,1,7,1,5,7,1,3,2,0,2,0,0,3,2,3,3,9,12
"485",4,1,11,4,9,7,3,1,7,4,5,7,3,1,4,4,1,4,0,4,4,2,1,13,16
"486",5,2,11,4,14,7,3,1,11,4,9,7,3,1,0,0,5,1,5,1,5,1,1,14,21
"487",6,2,11,9,14,7,4,2,11,4,14,7,3,1,5,0,1,0,0,5,1,3,3,19,22
"488",7,2,14,9,14,7,9,2,11,9,14,7,4,3,5,3,5,3,0,3,5,2,3,22,27
"489",8,5,14,9,14,7,11,2,14,9,14,7,9,3,0,0,3,2,1,3,2,1,3,25,29
"490",9,8,14,9,15,7,11,5,14,9,14,7,11,3,1,0,1,0,0,3,1,1,1,28,30
"491",10,14,19,9,15,11,11,8,14,9,15,7,11,4,6,4,4,4,0,6,4,1,2,39,34
"492",11,18,19,9,24,11,11,14,19,9,15,11,11,4,0,0,6,4,6,4,6,1,1,43,43
"493",12,18,19,9,24,11,11,18,19,9,24,11,11,4,6,0,NA,0,0,0,0,0,0,43,43
"494",0,0,0,0,0,0,0,0,0,0,0,0,0,0,0,0,0,0,0,0,0,0,0,0,0
"495",1,1,5,1,5,1,1,1,1,1,1,1,1,2,4,4,2,4,0,4,4,2,1,4,4
"496",2,3,5,1,13,1,1,1,5,1,5,1,1,2,0,0,6,5,3,2,6,1,1,6,12
"497",3,3,10,1,16,1,1,3,5,1,13,1,1,5,3,0,3,0,0,5,3,2,1,11,15
"498",4,3,10,3,16,6,1,3,10,1,16,1,1,5,3,2,5,3,0,2,5,3,2,13,20
"499",5,3,10,6,16,9,1,3,10,3,16,6,1,3,0,0,3,1,3,3,3,3,2,16,23
"500",6,3,13,6,17,9,1,3,10,6,16,9,1,1,3,0,1,0,0,3,1,2,1,19,24
"501",7,6,13,6,17,11,1,3,13,6,17,9,1,1,3,2,1,2,0,3,2,1,2,22,26
"502",8,6,13,7,17,11,6,6,13,6,17,11,1,1,0,0,5,2,2,1,5,3,3,23,31
"503",9,6,13,9,17,13,6,6,13,7,17,11,6,2,2,0,2,0,0,2,2,3,2,25,33
"504",10,6,13,12,20,13,12,6,13,9,17,13,6,3,1,6,1,6,0,3,6,3,3,28,42
"505",11,7,13,12,23,13,12,6,13,12,20,13,12,1,0,0,3,1,6,1,3,1,1,29,45
"506",12,7,13,12,23,13,12,7,13,12,23,13,12,1,6,0,NA,0,0,0,0,0,0,29,45
"507",0,0,0,0,0,0,0,0,0,0,0,0,0,0,0,0,0,0,0,0,0,0,0,0,0
"508",1,7,1,6,4,1,1,1,1,1,1,1,1,6,3,4,3,4,0,6,3,1,1,11,3
"509",2,7,5,6,7,1,1,7,1,6,4,1,1,4,0,0,3,2,3,4,3,2,1,15,6
"510",3,7,7,6,10,1,1,7,5,6,7,1,1,2,3,0,3,0,0,2,3,2,1,17,9
"511",4,8,7,12,21,1,1,7,7,6,10,1,1,2,6,6,2,6,0,6,6,3,1,24,20
"512",5,8,7,14,21,4,1,8,7,12,21,1,1,2,0,0,3,3,5,2,3,3,2,26,23
"513",6,8,10,14,21,4,6,8,7,14,21,4,1,3,5,0,5,0,0,3,5,2,3,29,28
"514",7,14,12,14,21,6,6,8,10,14,21,4,6,2,6,1,2,1,0,6,2,1,2,37,30
"515",8,14,13,14,29,6,6,14,12,14,21,6,6,1,0,0,6,1,2,1,6,2,1,38,38
"516",9,14,13,16,30,6,6,14,13,14,29,6,6,1,2,0,1,0,0,2,1,3,1,40,39
"517",10,17,19,16,31,6,6,14,13,16,30,6,6,6,1,1,1,1,0,6,1,2,1,49,40
"518",11,17,20,16,36,6,6,17,19,16,31,6,6,1,0,0,5,1,3,1,5,2,1,50,45
"519",12,17,20,16,36,6,6,17,20,16,36,6,6,1,3,0,NA,0,0,0,0,0,0,50,45
"520",0,0,0,0,0,0,0,0,0,0,0,0,0,0,0,0,0,0,0,0,0,0,0,0,0
"521",1,1,5,1,1,4,1,1,1,1,1,1,1,1,3,4,1,3,0,4,3,2,2,4,3
"522",2,1,6,1,7,7,1,1,5,1,1,4,1,1,0,0,6,1,6,1,6,2,1,5,12
"523",3,1,9,7,8,7,1,1,6,1,7,7,1,1,6,0,1,0,0,6,1,3,1,14,13
"524",4,1,14,7,8,7,5,1,9,7,8,7,1,4,5,3,4,3,0,5,4,2,3,19,17
"525",5,1,14,10,13,7,5,1,14,7,8,7,5,3,0,0,5,1,3,3,5,3,1,22,22
"526",6,1,17,10,13,8,5,1,14,10,13,7,5,1,3,0,1,0,0,3,1,2,2,25,23
"527",7,1,17,13,18,14,5,1,17,10,13,8,5,6,3,2,6,2,0,3,6,3,2,28,34
"528",8,1,19,13,18,18,5,1,17,13,18,14,5,2,0,0,3,2,4,2,4,2,2,30,38
"529",9,1,19,16,18,18,7,1,19,13,18,18,5,3,2,0,2,0,0,3,2,3,3,33,40
"530",10,1,19,19,18,22,7,1,19,16,18,18,7,3,4,4,4,4,0,3,4,3,2,36,44
"531",11,5,19,19,19,22,7,1,19,19,18,22,7,4,0,0,1,5,2,4,1,1,1,40,45
"532",12,5,19,19,19,22,7,5,19,19,19,22,7,5,2,0,NA,0,0,0,0,0,0,40,45
"533",0,0,0,0,0,0,0,0,0,0,0,0,0,0,0,0,0,0,0,0,0,0,0,0,0
"534",1,1,1,3,5,1,1,1,1,1,1,1,1,2,4,4,4,4,0,2,4,3,1,2,4
"535",2,1,5,3,5,1,4,1,1,3,5,1,1,4,0,0,3,3,1,4,3,2,3,6,7
"536",3,1,5,6,5,1,5,1,5,3,5,1,4,3,1,0,1,0,0,3,1,3,3,9,8
"537",4,5,5,6,5,7,8,1,5,6,5,1,5,6,4,5,6,5,0,4,6,1,2,13,17
"538",5,5,5,11,5,8,8,5,5,6,5,7,8,5,0,0,3,2,1,5,1,3,2,18,18
"539",6,5,7,11,8,8,8,5,5,11,5,8,8,3,2,0,3,0,0,2,3,2,1,20,21
"540",7,11,12,11,8,8,12,5,7,11,8,8,8,4,2,6,4,2,0,6,4,1,3,31,25
"541",8,11,12,13,8,8,15,11,12,11,8,8,12,2,0,0,3,1,3,2,3,3,3,33,28
"542",9,11,15,13,8,9,15,11,12,13,8,8,15,1,3,0,1,0,0,3,1,2,2,36,29
"543",10,12,15,13,11,9,15,11,15,13,8,9,15,1,3,2,3,2,0,1,3,1,1,37,32
"544",11,14,15,13,13,9,15,12,15,13,11,9,15,2,0,0,2,1,1,2,2,1,1,39,34
"545",12,14,15,13,13,9,15,14,15,13,13,9,15,1,1,0,NA,0,0,0,0,0,0,39,34
"546",0,0,0,0,0,0,0,0,0,0,0,0,0,0,0,0,0,0,0,0,0,0,0,0,0
"547",1,1,10,1,6,1,7,1,1,1,1,1,1,3,6,6,3,6,0,6,6,2,3,9,11
"548",2,1,10,4,11,7,7,1,10,1,6,1,7,3,0,0,6,3,5,3,6,3,2,12,22
"549",3,1,13,4,11,12,7,1,10,4,11,7,7,3,5,0,5,0,0,3,5,2,2,15,27
"550",4,1,15,4,11,12,12,1,13,4,11,12,7,5,2,2,5,2,0,2,5,2,3,17,32
"551",5,1,15,6,16,12,12,1,15,4,11,12,12,2,0,0,5,5,1,2,5,3,1,19,37
"552",6,1,20,6,17,12,12,1,15,6,16,12,12,5,1,0,1,0,0,5,1,2,1,24,38
"553",7,1,24,6,17,12,16,1,20,6,17,12,12,4,1,4,1,4,0,4,4,2,3,28,42
"554",8,2,24,6,17,12,17,1,24,6,17,12,16,1,0,0,2,1,4,1,1,1,3,29,43
"555",9,2,28,6,17,14,17,2,24,6,17,12,17,2,4,0,2,0,0,4,2,2,2,33,45
"556",10,7,28,12,17,25,23,2,28,6,17,14,17,1,6,6,1,6,0,6,6,3,3,44,62
"557",11,8,28,12,28,25,23,7,28,12,17,25,23,1,0,0,6,6,5,1,6,1,1,45,73
"558",12,8,28,12,28,25,23,8,28,12,28,25,23,6,5,0,NA,0,0,0,0,0,0,45,73
"559",0,0,0,0,0,0,0,0,0,0,0,0,0,0,0,0,0,0,0,0,0,0,0,0,0
"560",1,1,1,3,1,1,5,1,1,1,1,1,1,1,2,4,1,4,0,2,4,3,3,2,4
"561",2,2,1,3,5,1,5,1,1,3,1,1,5,1,0,0,2,5,4,1,4,1,1,3,8
"562",3,2,6,3,5,1,7,2,1,3,5,1,5,2,5,0,2,0,0,5,2,2,3,8,10
"563",4,2,11,3,5,1,10,2,6,3,5,1,7,3,5,3,3,3,0,5,3,2,3,13,13
"564",5,2,14,3,9,1,10,2,11,3,5,1,10,3,0,0,4,3,4,3,4,2,1,16,17
"565",6,6,14,3,9,4,10,2,14,3,9,1,10,3,4,0,3,0,0,4,3,1,2,20,20
"566",7,9,20,9,9,4,11,6,14,3,9,4,10,6,1,2,1,2,0,6,1,2,3,35,21
"567",8,9,20,11,9,9,11,9,20,9,9,4,11,2,0,0,2,5,3,2,5,3,2,37,26
"568",9,9,22,11,9,9,14,9,20,11,9,9,11,2,3,0,3,0,0,2,3,2,3,39,29
"569",10,11,22,11,9,9,17,9,22,11,9,9,14,2,1,3,1,3,0,2,3,1,3,41,32
"570",11,12,22,11,11,9,17,11,22,11,9,9,17,1,0,0,2,2,3,1,2,1,1,42,34
"571",12,12,22,11,11,9,17,12,22,11,11,9,17,2,3,0,NA,0,0,0,0,0,0,42,34
"572",0,0,0,0,0,0,0,0,0,0,0,0,0,0,0,0,0,0,0,0,0,0,0,0,0
"573",1,8,1,1,5,1,1,1,1,1,1,1,1,3,6,4,3,4,0,6,4,1,1,7,4
"574",2,8,1,4,5,10,1,8,1,1,5,1,1,3,0,0,6,2,5,3,6,3,2,10,13
"575",3,13,1,4,5,10,3,8,1,4,5,10,1,2,5,0,2,0,0,5,2,1,3,15,15
"576",4,21,1,4,5,15,3,13,1,4,5,10,3,6,5,3,5,3,0,6,5,1,2,23,20
"577",5,21,4,4,6,15,9,21,1,4,5,15,3,3,0,0,3,4,6,3,6,2,3,26,27
"578",6,25,4,4,9,15,9,21,4,4,6,15,9,3,4,0,3,0,0,4,3,1,1,30,30
"579",7,28,1,10,9,28,9,25,4,4,9,15,9,4,6,6,4,6,0,6,6,3,2,36,43
"580",8,32,1,10,12,28,9,28,1,10,9,28,9,4,0,0,3,6,6,4,3,1,1,40,46
"581",9,32,7,14,21,28,9,32,1,10,12,28,9,6,6,0,6,0,0,6,6,2,1,50,55
"582",10,1,15,14,22,28,10,32,7,14,21,28,9,1,6,4,1,4,0,6,1,2,3,27,57
"583",11,5,15,14,22,28,15,1,15,14,22,28,10,4,0,0,5,6,2,4,5,1,3,31,62
"584",12,5,15,14,22,28,15,5,15,14,22,28,15,6,2,0,NA,0,0,0,0,0,0,31,62
"585",0,0,0,0,0,0,0,0,0,0,0,0,0,0,0,0,0,0,0,0,0,0,0,0,0
"586",1,1,4,1,1,9,1,1,1,1,1,1,1,6,3,4,6,4,0,3,6,2,2,3,8
"587",2,5,4,1,3,9,1,1,4,1,1,9,1,4,0,0,2,2,3,4,2,1,1,7,10
"588",3,5,4,3,3,12,1,5,4,1,3,9,1,2,3,0,3,0,0,2,3,3,2,9,13
"589",4,5,9,9,7,12,1,5,4,3,3,12,1,1,6,4,1,4,0,6,4,3,1,20,17
"590",5,6,9,9,7,21,1,5,9,9,7,12,1,1,0,0,1,6,4,1,6,1,2,21,26
"591",6,10,9,9,7,21,2,6,9,9,7,21,1,1,4,0,1,0,0,4,1,1,3,25,27
"592",7,15,9,9,7,25,2,10,9,9,7,21,2,5,3,4,3,4,0,5,4,1,2,30,31
"593",8,15,9,12,7,29,2,15,9,9,7,25,2,3,0,0,2,3,4,3,4,3,2,33,35
"594",9,15,9,14,7,29,5,15,9,12,7,29,2,2,3,0,3,0,0,2,3,3,3,35,38
"595",10,18,9,14,11,29,17,15,9,14,7,29,5,3,3,6,3,6,0,3,6,1,3,38,54
"596",11,21,9,14,14,29,17,18,9,14,11,29,17,3,0,0,3,2,1,3,3,1,1,41,57
"597",12,21,9,14,14,29,17,21,9,14,14,29,17,2,1,0,NA,0,0,0,0,0,0,41,57
"598",0,0,0,0,0,0,0,0,0,0,0,0,0,0,0,0,0,0,0,0,0,0,0,0,0
"599",1,1,1,3,7,6,1,1,1,1,1,1,1,6,6,2,6,6,0,2,6,3,1,2,11
"600",2,3,1,9,10,6,1,1,1,3,7,6,1,6,0,0,4,4,3,6,3,3,1,10,14
"601",3,3,5,9,14,6,1,3,1,9,10,6,1,4,4,0,4,0,0,4,4,2,1,14,18
"602",4,3,5,14,14,9,1,3,5,9,14,6,1,2,5,3,2,3,0,5,3,3,2,19,21
"603",5,5,5,14,18,15,1,3,5,14,14,9,1,2,0,0,2,3,6,2,6,1,2,21,31
"604",6,5,5,17,18,15,3,5,5,14,18,15,1,2,3,0,2,0,0,3,2,3,3,24,33
"605",7,10,5,17,18,15,8,5,5,17,18,15,3,5,5,4,5,4,0,5,5,1,3,29,38
"606",8,10,9,17,24,21,11,10,5,17,18,15,8,4,0,0,2,2,6,4,6,2,2,33,53
"607",9,10,11,17,24,23,11,10,9,17,24,21,11,2,2,0,2,0,0,2,2,2,2,35,55
"608",10,11,11,23,24,23,15,10,11,17,24,23,11,6,4,6,4,6,0,6,4,3,3,42,59
"609",11,22,11,23,29,23,15,11,11,23,24,23,15,6,0,0,5,2,3,6,5,1,1,53,64
"610",12,22,11,23,29,23,15,22,11,23,29,23,15,2,3,0,NA,0,0,0,0,0,0,53,64
"611",0,0,0,0,0,0,0,0,0,0,0,0,0,0,0,0,0,0,0,0,0,0,0,0,0
"612",1,11,1,1,1,1,6,1,1,1,1,1,1,3,6,5,3,5,0,6,5,1,3,10,5
"613",2,14,1,1,7,4,6,11,1,1,1,1,6,3,0,0,6,4,2,3,6,1,1,13,14
"614",3,14,1,5,7,6,6,14,1,1,7,4,6,4,2,0,2,0,0,4,2,3,2,17,16
"615",4,16,1,5,12,6,6,14,1,5,7,6,6,2,2,5,2,5,0,2,5,1,1,19,21
"616",5,16,1,7,14,6,6,16,1,5,12,6,6,2,0,0,2,1,3,2,2,3,1,21,23
"617",6,16,1,10,15,6,6,16,1,7,14,6,6,1,3,0,1,0,0,3,1,3,1,24,24
"618",7,16,1,15,15,6,10,16,1,10,15,6,6,4,5,2,4,2,0,5,4,3,3,29,28
"619",8,18,1,15,15,10,10,16,1,15,15,6,10,2,0,0,4,3,1,2,4,1,2,31,32
"620",9,18,4,15,15,11,10,18,1,15,15,10,10,3,1,0,1,0,0,3,1,2,2,34,33
"621",10,19,4,21,15,14,10,18,4,15,15,11,10,2,3,6,2,3,0,6,3,3,2,41,36
"622",11,21,4,21,15,20,12,19,4,21,15,14,10,2,0,0,6,3,6,2,6,1,2,43,44
"623",12,21,4,21,15,20,12,21,4,21,15,20,12,3,6,0,NA,0,0,0,0,0,0,43,44
"624",0,0,0,0,0,0,0,0,0,0,0,0,0,0,0,0,0,0,0,0,0,0,0,0,0
"625",1,6,1,1,1,1,6,1,1,1,1,1,1,5,5,5,5,5,0,5,5,1,3,5,5
"626",2,11,1,1,1,8,6,6,1,1,1,1,6,5,0,0,1,6,4,5,6,1,2,10,12
"627",3,11,1,2,1,12,6,11,1,1,1,8,6,1,4,0,4,0,0,1,4,3,2,11,16
"628",4,11,5,2,6,12,6,11,1,2,1,12,6,5,1,4,5,1,0,4,5,2,1,15,21
"629",5,11,6,2,6,12,10,11,5,2,6,12,6,1,0,0,4,2,2,1,4,2,3,16,25
"630",6,13,6,2,6,12,12,11,6,2,6,12,10,2,2,0,2,0,0,2,2,1,3,18,27
"631",7,13,6,5,11,12,12,13,6,2,6,12,12,4,5,3,4,5,0,3,5,3,1,21,32
"632",8,13,6,9,11,16,12,13,6,5,11,12,12,4,0,0,1,1,4,4,4,3,2,25,36
"633",9,13,6,10,11,17,12,13,6,9,11,16,12,1,1,0,1,0,0,1,1,3,2,26,37
"634",10,16,6,10,16,17,12,13,6,10,11,17,12,1,5,3,1,5,0,3,5,1,1,29,42
"635",11,17,6,10,17,17,12,16,6,10,16,17,12,1,0,0,1,1,4,1,1,1,1,30,43
"636",12,17,6,10,17,17,12,17,6,10,17,17,12,1,4,0,NA,0,0,0,0,0,0,30,43
"637",0,0,0,0,0,0,0,0,0,0,0,0,0,0,0,0,0,0,0,0,0,0,0,0,0
"638",1,1,6,1,1,7,4,1,1,1,1,1,1,2,6,5,2,6,0,5,6,2,2,5,9
"639",2,3,6,1,1,7,8,1,6,1,1,7,4,2,0,0,4,3,4,2,4,1,3,7,13
"640",3,3,10,1,1,7,11,3,6,1,1,7,8,3,4,0,3,0,0,4,3,2,3,11,16
"641",4,8,10,1,4,7,11,3,10,1,1,7,11,5,3,1,3,1,0,5,3,1,1,16,19
"642",5,8,10,2,4,11,17,8,10,1,4,7,11,1,0,0,6,1,2,1,6,3,3,17,29
"643",6,8,12,2,5,11,17,8,10,2,4,11,17,1,2,0,1,0,0,2,1,2,1,19,30
"644",7,8,12,3,6,11,17,8,12,2,5,11,17,1,1,1,1,1,0,1,1,3,1,20,31
"645",8,8,13,3,10,11,17,8,12,3,6,11,17,1,0,0,6,6,4,1,4,2,1,21,35
"646",9,8,19,6,10,17,18,8,13,3,10,11,17,6,6,0,6,0,0,6,6,2,2,30,42
"647",10,13,19,6,10,17,21,8,19,6,10,17,18,3,3,5,3,3,0,5,3,1,3,35,45
"648",11,13,22,6,18,17,21,13,19,6,10,17,21,3,0,0,2,6,2,3,6,2,1,38,53
"649",12,13,22,6,18,17,21,13,22,6,18,17,21,2,2,0,NA,0,0,0,0,0,0,38,53
"650",0,0,0,0,0,0,0,0,0,0,0,0,0,0,0,0,0,0,0,0,0,0,0,0,0
"651",1,1,6,1,1,1,4,1,1,1,1,1,1,1,3,5,1,3,0,5,3,2,3,5,3
"652",2,1,7,1,1,5,4,1,6,1,1,1,4,1,0,0,1,4,2,1,4,2,2,6,7
"653",3,2,7,1,1,7,4,1,7,1,1,5,4,1,2,0,2,0,0,1,2,1,2,7,9
"654",4,2,7,4,1,7,12,2,7,1,1,7,4,1,3,6,1,6,0,3,6,3,3,10,17
"655",5,2,7,5,7,7,15,2,7,4,1,7,12,1,0,0,6,1,6,1,6,3,1,11,26
"656",6,6,7,11,7,8,15,2,7,5,7,7,15,1,6,0,1,0,0,6,1,3,2,21,27
"657",7,6,13,14,7,9,15,6,7,11,7,8,15,1,1,6,1,1,0,6,1,2,2,30,28
"658",8,7,13,14,12,9,15,6,13,14,7,9,15,1,0,0,3,5,1,1,5,1,1,31,33
"659",9,7,16,14,12,9,16,7,13,14,12,9,15,3,1,0,1,0,0,3,1,2,3,34,34
"660",10,8,16,20,12,9,20,7,16,14,12,9,16,2,4,6,2,4,0,6,4,3,3,41,38
"661",11,8,18,20,12,11,20,8,16,20,12,9,20,2,0,0,5,1,2,2,2,2,2,43,40
"662",12,8,18,20,12,11,20,8,18,20,12,11,20,5,1,0,NA,0,0,0,0,0,0,43,40
"663",0,0,0,0,0,0,0,0,0,0,0,0,0,0,0,0,0,0,0,0,0,0,0,0,0
"664",1,1,4,1,6,1,1,1,1,1,1,1,1,5,3,3,5,3,0,3,5,2,1,3,5
"665",2,1,4,4,9,1,1,1,4,1,6,1,1,3,0,0,3,3,3,3,3,3,1,6,8
"666",3,4,4,4,12,1,1,1,4,4,9,1,1,3,3,0,3,0,0,3,3,1,1,9,11
"667",4,4,4,7,12,3,7,4,4,4,12,1,1,1,3,6,1,6,0,3,6,3,3,12,19
"668",5,5,4,7,12,3,11,4,4,7,12,3,7,1,0,0,2,3,4,1,4,1,3,13,23
"669",6,5,4,9,12,3,14,5,4,7,12,3,11,2,3,0,3,0,0,2,3,3,3,15,26
"670",7,5,4,11,12,3,19,5,4,9,12,3,14,4,5,2,4,5,0,2,5,3,3,17,31
"671",8,9,4,11,12,9,20,5,4,11,12,3,19,4,0,0,2,6,1,4,6,1,2,21,38
"672",9,9,6,11,13,9,20,9,4,11,12,9,20,2,1,0,1,0,0,2,1,2,1,23,39
"673",10,9,11,11,20,9,20,9,6,11,13,9,20,5,6,1,6,1,0,5,6,2,1,28,46
"674",11,10,11,11,24,9,20,9,11,11,20,9,20,1,0,0,4,3,4,1,4,1,1,29,50
"675",12,10,11,11,24,9,20,10,11,11,24,9,20,3,4,0,NA,0,0,0,0,0,0,29,50
"676",0,0,0,0,0,0,0,0,0,0,0,0,0,0,0,0,0,0,0,0,0,0,0,0,0
"677",1,2,7,1,1,5,7,1,1,1,1,1,1,5,6,6,5,6,0,6,6,2,3,7,10
"678",2,7,7,1,1,5,12,2,7,1,1,5,7,5,0,0,3,5,2,5,5,1,3,12,15
"679",3,7,7,3,1,8,12,7,7,1,1,5,12,3,2,0,3,0,0,2,3,3,2,14,18
"680",4,10,7,3,1,13,12,7,7,3,1,8,12,3,3,5,3,5,0,3,5,1,2,17,23
"681",5,10,10,3,7,13,16,10,7,3,1,13,12,3,0,0,2,6,6,3,6,2,1,20,33
"682",6,16,20,3,7,13,18,10,10,3,7,13,16,2,6,0,2,0,0,6,2,2,3,36,35
"683",7,19,26,3,7,13,22,16,20,3,7,13,18,6,1,4,1,4,0,6,4,2,3,45,39
"684",8,20,26,3,8,13,22,19,26,3,7,13,22,1,0,0,1,1,1,1,1,1,1,46,40
"685",9,21,26,3,8,13,23,20,26,3,8,13,22,1,1,0,1,0,0,1,1,1,3,47,41
"686",10,21,26,5,8,18,23,21,26,3,8,13,23,2,2,5,2,5,0,2,5,3,2,49,46
"687",11,21,28,5,10,18,23,21,26,5,8,18,23,2,0,0,2,5,1,2,2,2,1,51,48
"688",12,21,28,5,10,18,23,21,28,5,10,18,23,5,1,0,NA,0,0,0,0,0,0,51,48
"689",0,0,0,0,0,0,0,0,0,0,0,0,0,0,0,0,0,0,0,0,0,0,0,0,0
"690",1,6,1,1,1,9,7,1,1,1,1,1,1,5,5,6,5,6,0,5,6,1,2,5,14
"691",2,6,1,6,7,14,7,6,1,1,1,9,7,5,0,0,6,1,4,5,6,3,1,10,25
"692",3,10,1,6,7,14,8,6,1,6,7,14,7,1,4,0,1,0,0,4,1,1,3,14,26
"693",4,10,1,8,7,14,12,10,1,6,7,14,8,3,2,4,3,4,0,2,4,3,3,16,30
"694",5,13,1,8,12,14,12,10,1,8,7,14,12,3,0,0,3,2,5,3,5,1,1,19,35
"695",6,13,3,8,15,14,12,13,1,8,12,14,12,3,2,0,3,0,0,2,3,2,1,21,38
"696",7,13,3,13,15,17,18,13,3,8,15,14,12,4,6,5,4,6,0,5,6,3,3,26,47
"697",8,17,3,13,23,17,18,13,3,13,15,17,18,4,0,0,6,6,2,4,6,1,1,30,55
"698",9,19,3,19,23,19,18,17,3,13,23,17,18,6,2,0,2,0,0,6,2,3,2,38,57
"699",10,19,3,22,23,23,18,19,3,19,23,19,18,3,2,4,2,4,0,3,4,3,2,41,61
"700",11,21,3,22,27,23,18,19,3,22,23,23,18,2,0,0,4,4,4,2,4,1,1,43,65
"701",12,21,3,22,27,23,18,21,3,22,27,23,18,4,4,0,NA,0,0,0,0,0,0,43,65
"702",0,0,0,0,0,0,0,0,0,0,0,0,0,0,0,0,0,0,0,0,0,0,0,0,0
"703",1,1,1,6,2,1,1,1,1,1,1,1,1,5,2,1,2,1,0,5,1,3,1,5,1
"704",2,1,3,6,2,1,12,1,1,6,2,1,1,2,0,0,6,2,5,2,6,2,3,7,12
"705",3,1,3,8,2,6,12,1,3,6,2,1,12,2,5,0,5,0,0,2,5,3,2,9,17
"706",4,1,8,8,5,6,12,1,3,8,2,6,12,3,5,2,3,2,0,5,3,2,1,14,20
"707",5,1,8,10,9,6,12,1,8,8,5,6,12,2,0,0,3,5,4,2,4,3,1,16,24
"708",6,4,8,10,9,11,12,1,8,10,9,6,12,3,5,0,5,0,0,3,5,1,2,19,29
"709",7,4,8,11,15,16,12,4,8,10,9,11,12,1,6,3,6,3,0,1,6,3,1,20,40
"710",8,7,8,11,19,16,12,4,8,11,15,16,12,3,0,0,4,2,3,3,4,1,1,23,44
"711",9,9,8,11,22,16,12,7,8,11,19,16,12,2,3,0,3,0,0,2,3,1,1,25,47
"712",10,13,8,11,22,21,12,9,8,11,22,16,12,4,5,5,5,5,0,4,5,1,2,29,52
"713",11,18,8,11,23,21,12,13,8,11,22,21,12,5,0,0,1,6,3,5,1,1,1,34,53
"714",12,18,8,11,23,21,12,18,8,11,23,21,12,6,3,0,NA,0,0,0,0,0,0,34,53
"715",0,0,0,0,0,0,0,0,0,0,0,0,0,0,0,0,0,0,0,0,0,0,0,0,0
"716",1,3,1,1,6,1,1,1,1,1,1,1,1,4,5,2,4,5,0,2,5,1,1,2,5
"717",2,3,5,1,6,5,1,3,1,1,6,1,1,4,0,0,2,3,4,4,4,2,2,6,9
"718",3,3,8,1,8,5,1,3,5,1,6,5,1,2,3,0,2,0,0,3,2,2,1,9,11
"719",4,9,8,2,8,5,4,3,8,1,8,5,1,3,6,3,3,3,0,6,3,1,3,16,14
"720",5,9,11,2,13,5,10,9,8,2,8,5,4,3,0,0,6,6,5,3,6,2,3,19,25
"721",6,9,21,2,13,10,10,9,11,2,13,5,10,6,5,0,5,0,0,6,5,2,2,29,30
"722",7,9,21,4,17,10,10,9,21,2,13,10,10,2,1,4,1,4,0,2,4,3,1,31,34
"723",8,9,21,5,17,10,15,9,21,4,17,10,10,1,0,0,2,3,5,1,5,3,3,32,39
"724",9,9,21,8,17,10,17,9,21,5,17,10,15,2,3,0,2,0,0,3,2,3,3,35,41
"725",10,14,21,8,17,16,21,9,21,8,17,10,17,5,4,6,4,6,0,5,6,1,2,40,51
"726",11,18,21,8,17,17,21,14,21,8,17,16,21,4,0,0,1,6,6,4,1,1,2,44,52
"727",12,18,21,8,17,17,21,18,21,8,17,17,21,6,6,0,NA,0,0,0,0,0,0,44,52
"728",0,0,0,0,0,0,0,0,0,0,0,0,0,0,0,0,0,0,0,0,0,0,0,0,0
"729",1,1,3,1,5,1,1,1,1,1,1,1,1,3,4,2,3,4,0,2,4,2,1,2,4
"730",2,1,6,1,5,1,6,1,3,1,5,1,1,3,0,0,5,5,6,3,5,2,3,5,9
"731",3,1,11,1,5,7,10,1,6,1,5,1,6,5,6,0,6,0,0,5,6,2,2,10,19
"732",4,1,17,5,5,13,13,1,11,1,5,7,10,2,6,6,2,6,0,6,6,2,2,20,28
"733",5,3,17,5,5,13,18,1,17,5,5,13,13,2,0,0,5,2,2,2,5,1,3,22,33
"734",6,5,17,5,7,13,18,3,17,5,5,13,18,2,2,0,2,0,0,2,2,1,1,24,35
"735",7,10,17,5,7,13,20,5,17,5,7,13,18,1,5,2,1,2,0,5,2,1,3,29,37
"736",8,11,17,5,13,13,21,10,17,5,7,13,20,1,0,0,2,1,6,1,6,1,1,30,44
"737",9,11,18,5,15,13,21,11,17,5,13,13,21,2,1,0,2,0,0,1,2,2,1,31,46
"738",10,11,21,5,15,15,21,11,18,5,15,13,21,2,3,5,2,5,0,3,2,2,2,34,48
"739",11,16,21,5,17,15,21,11,21,5,15,15,21,5,0,0,2,2,2,5,2,1,1,39,50
"740",12,16,21,5,17,15,21,16,21,5,17,15,21,2,2,0,NA,0,0,0,0,0,0,39,50
"741",0,0,0,0,0,0,0,0,0,0,0,0,0,0,0,0,0,0,0,0,0,0,0,0,0
"742",1,3,1,1,6,1,1,1,1,1,1,1,1,4,2,5,4,5,0,2,5,1,1,2,5
"743",2,7,1,1,6,7,4,3,1,1,6,1,1,4,0,0,6,1,5,4,6,1,2,6,14
"744",3,7,6,1,6,7,5,7,1,1,6,7,4,1,5,0,1,0,0,5,1,2,3,11,15
"745",4,7,6,4,12,7,7,7,6,1,6,7,5,6,3,2,6,2,0,3,6,3,1,14,23
"746",5,9,6,4,20,7,7,7,6,4,12,7,7,2,0,0,6,2,2,2,6,1,1,16,31
"747",6,11,6,4,20,9,7,9,6,4,20,7,7,2,2,0,2,0,0,2,2,1,2,18,33
"748",7,11,6,8,20,9,11,11,6,4,20,9,7,4,4,4,4,4,0,4,4,3,3,22,37
"749",8,15,6,8,20,9,15,11,6,8,20,9,11,4,0,0,4,2,1,4,4,1,3,26,41
"750",9,17,6,8,21,9,15,15,6,8,20,9,15,2,1,0,1,0,0,2,1,1,1,28,42
"751",10,20,6,8,21,14,15,17,6,8,21,9,15,3,5,4,5,4,0,3,5,1,2,31,47
"752",11,24,6,8,26,14,15,20,6,8,21,14,15,4,0,0,5,6,4,4,5,1,1,35,52
"753",12,24,6,8,26,14,15,24,6,8,26,14,15,6,4,0,NA,0,0,0,0,0,0,35,52
"754",0,0,0,0,0,0,0,0,0,0,0,0,0,0,0,0,0,0,0,0,0,0,0,0,0
"755",1,3,1,1,1,7,5,1,1,1,1,1,1,2,6,2,6,2,0,2,6,1,2,2,10
"756",2,3,1,3,7,15,5,3,1,1,1,7,5,2,0,0,6,2,3,2,6,3,1,4,24
"757",3,5,1,3,7,15,8,3,1,3,7,15,5,2,3,0,3,0,0,2,3,1,3,6,27
"758",4,5,6,3,7,15,13,5,1,3,7,15,8,5,3,5,3,5,0,5,5,2,3,11,32
"759",5,8,6,3,7,15,16,5,6,3,7,15,13,3,0,0,1,3,2,3,3,1,3,14,35
"760",6,8,8,3,8,15,16,8,6,3,7,15,16,1,2,0,1,0,0,2,1,2,1,16,36
"761",7,8,8,5,13,15,16,8,8,3,8,15,16,2,4,5,4,5,0,2,5,3,1,18,41
"762",8,12,8,5,18,15,16,8,8,5,13,15,16,4,0,0,1,5,1,4,5,1,1,22,46
"763",9,12,9,5,19,15,16,12,8,5,18,15,16,1,1,0,1,0,0,1,1,2,1,23,47
"764",10,25,9,5,19,17,16,12,9,5,19,15,16,6,3,2,3,2,0,6,2,1,2,36,49
"765",11,28,9,5,21,17,16,25,9,5,19,17,16,3,0,0,2,3,3,3,2,1,1,39,51
"766",12,28,9,5,21,17,16,28,9,5,21,17,16,3,3,0,NA,0,0,0,0,0,0,39,51
"767",0,0,0,0,0,0,0,0,0,0,0,0,0,0,0,0,0,0,0,0,0,0,0,0,0
"768",1,5,1,1,5,7,1,1,1,1,1,1,1,6,4,4,6,4,0,4,6,1,2,4,10
"769",2,5,1,5,14,7,1,5,1,1,5,7,1,4,0,0,6,1,4,4,6,3,1,8,19
"770",3,5,1,6,14,7,5,5,1,5,14,7,1,1,4,0,4,0,0,1,4,3,3,9,23
"771",4,5,4,6,14,10,5,5,1,6,14,7,5,3,3,1,3,1,0,3,3,2,2,12,26
"772",5,6,4,6,14,19,5,5,4,6,14,10,5,1,0,0,1,6,1,1,6,1,2,13,35
"773",6,6,5,6,14,19,6,6,4,6,14,19,5,1,1,0,1,0,0,1,1,2,3,14,36
"774",7,12,5,7,14,19,8,6,5,6,14,19,6,1,2,6,1,2,0,6,2,1,3,21,38
"775",8,13,5,7,14,19,13,12,5,7,14,19,8,1,0,0,5,6,4,1,5,1,3,22,43
"776",9,13,9,7,22,19,13,13,5,7,14,19,13,6,4,0,6,0,0,4,6,2,1,26,51
"777",10,15,9,7,24,19,13,13,9,7,22,19,13,2,2,6,2,6,0,2,2,1,1,28,53
"778",11,22,9,7,28,19,13,15,9,7,24,19,13,6,0,0,4,3,4,6,4,1,1,35,57
"779",12,22,9,7,28,19,13,22,9,7,28,19,13,3,4,0,NA,0,0,0,0,0,0,35,57
"780",0,0,0,0,0,0,0,0,0,0,0,0,0,0,0,0,0,0,0,0,0,0,0,0,0
"781",1,1,6,7,1,4,1,1,1,1,1,1,1,1,6,3,1,3,0,6,3,3,2,11,3
"782",2,1,6,8,3,4,7,1,6,7,1,4,1,1,0,0,6,2,5,1,6,3,3,12,11
"783",3,6,6,8,3,4,9,1,6,8,3,4,7,2,5,0,2,0,0,5,2,1,3,17,13
"784",4,8,6,8,3,4,10,6,6,8,3,4,9,2,1,1,1,1,0,2,1,1,3,19,14
"785",5,8,6,9,13,4,10,8,6,8,3,4,10,1,0,0,2,6,4,1,6,3,1,20,24
"786",6,8,8,9,13,4,14,8,6,9,13,4,10,2,4,0,4,0,0,2,4,2,3,22,28
"787",7,12,8,9,18,4,14,8,8,9,13,4,14,5,4,5,5,5,0,4,5,1,1,26,33
"788",8,17,8,9,18,9,14,12,8,9,18,4,14,5,0,0,5,3,4,5,5,1,2,31,38
"789",9,21,8,9,21,9,14,17,8,9,18,9,14,3,4,0,3,0,0,4,3,1,1,35,41
"790",10,24,8,9,21,13,20,21,8,9,21,9,14,6,5,3,6,5,0,3,6,1,3,38,51
"791",11,29,8,9,25,13,20,24,8,9,21,13,20,5,0,0,4,3,3,5,4,1,1,43,55
"792",12,29,8,9,25,13,20,29,8,9,25,13,20,3,3,0,NA,0,0,0,0,0,0,43,55
"793",0,0,0,0,0,0,0,0,0,0,0,0,0,0,0,0,0,0,0,0,0,0,0,0,0
"794",1,5,1,1,1,4,1,1,1,1,1,1,1,3,4,2,3,2,0,4,3,1,2,4,3
"795",2,5,3,1,3,4,1,5,1,1,1,4,1,2,0,0,2,3,5,2,2,2,1,6,5
"796",3,5,6,1,8,4,1,5,3,1,3,4,1,3,5,0,5,0,0,3,5,2,1,9,10
"797",4,9,6,1,8,4,4,5,6,1,8,4,1,4,3,1,3,1,0,4,3,1,3,13,13
"798",5,10,6,1,10,4,4,9,6,1,8,4,4,1,0,0,1,4,2,1,2,1,1,14,15
"799",6,10,6,5,10,5,4,10,6,1,10,4,4,1,4,0,1,0,0,4,1,3,2,18,16
"800",7,10,9,5,16,8,4,10,6,5,10,5,4,5,6,3,5,6,0,3,6,2,1,21,25
"801",8,10,9,10,16,8,6,10,9,5,16,8,4,5,0,0,1,2,2,5,2,3,3,26,27
"802",9,10,11,10,16,8,7,10,9,10,16,8,6,1,2,0,1,0,0,2,1,2,3,28,28
"803",10,10,11,13,27,8,7,10,11,10,16,8,7,3,6,4,6,4,0,3,6,3,1,31,39
"804",11,14,1,13,33,11,7,10,11,13,27,8,7,4,0,0,4,6,3,4,6,1,1,25,48
"805",12,14,1,13,33,11,7,14,1,13,33,11,7,4,3,0,NA,0,0,0,0,0,0,25,48
"806",0,0,0,0,0,0,0,0,0,0,0,0,0,0,0,0,0,0,0,0,0,0,0,0,0
"807",1,1,1,5,1,1,3,1,1,1,1,1,1,2,4,1,2,1,0,4,2,3,3,4,2
"808",2,2,1,5,1,1,6,1,1,5,1,1,3,1,0,0,2,3,1,1,3,1,3,5,5
"809",3,2,2,5,1,1,8,2,1,5,1,1,6,2,1,0,2,0,0,1,2,2,3,6,7
"810",4,2,5,5,4,1,8,2,2,5,1,1,8,1,3,3,1,3,0,3,3,2,1,9,10
"811",5,2,5,6,9,1,8,2,5,5,4,1,8,1,0,0,5,2,6,1,5,3,1,10,15
"812",6,11,5,6,9,3,8,2,5,6,9,1,8,2,6,0,2,0,0,6,2,1,2,19,17
"813",7,11,9,6,9,3,13,11,5,6,9,3,8,5,4,5,5,5,0,4,5,2,3,23,22
"814",8,11,9,11,13,15,13,11,9,6,9,3,13,5,0,0,2,4,6,5,6,3,2,28,38
"815",9,13,9,11,13,15,17,11,9,11,13,15,13,2,4,0,4,0,0,2,4,1,3,30,42
"816",10,19,9,19,17,21,17,13,9,11,13,15,17,6,2,6,2,6,0,6,6,3,2,44,52
"817",11,21,9,19,24,21,17,19,9,19,17,21,17,2,0,0,4,2,6,2,6,1,1,46,59
"818",12,21,9,19,24,21,17,21,9,19,24,21,17,4,2,0,NA,0,0,0,0,0,0,46,59
"819",0,0,0,0,0,0,0,0,0,0,0,0,0,0,0,0,0,0,0,0,0,0,0,0,0
"820",1,5,1,1,1,1,6,1,1,1,1,1,1,5,4,4,5,4,0,4,5,1,3,4,5
"821",2,5,5,1,1,6,6,5,1,1,1,1,6,4,0,0,1,5,5,4,5,2,2,8,10
"822",3,10,5,1,2,6,6,5,5,1,1,6,6,1,5,0,1,0,0,5,1,1,1,13,11
"823",4,10,8,1,6,6,12,10,5,1,2,6,6,6,3,6,6,6,0,3,6,2,3,16,21
"824",5,16,11,1,10,6,12,10,8,1,6,6,12,6,0,0,3,3,4,6,4,1,1,25,25
"825",6,16,14,1,10,6,15,16,11,1,10,6,12,3,3,0,3,0,0,3,3,2,3,28,28
"826",7,16,19,1,10,17,15,16,14,1,10,6,15,5,6,5,6,5,0,5,6,2,2,33,39
"827",8,21,19,1,22,19,15,16,19,1,10,17,15,5,0,0,6,6,5,5,6,1,1,38,53
"828",9,29,19,1,22,19,20,21,19,1,22,19,15,6,5,0,5,0,0,6,5,1,3,46,58
"829",10,29,25,1,22,25,24,29,19,1,22,19,20,6,6,5,6,5,0,6,6,2,2,52,68
"830",11,29,30,1,22,27,30,29,25,1,22,25,24,5,0,0,6,1,5,5,6,2,3,57,76
"831",12,29,30,1,22,27,30,29,30,1,22,27,30,1,5,0,NA,0,0,0,0,0,0,57,76
"832",0,0,0,0,0,0,0,0,0,0,0,0,0,0,0,0,0,0,0,0,0,0,0,0,0
"833",1,4,1,7,1,1,6,1,1,1,1,1,1,2,5,6,2,5,0,6,5,3,3,9,5
"834",2,4,1,9,1,2,6,4,1,7,1,1,6,2,0,0,1,2,1,2,1,3,2,11,6
"835",3,4,1,11,1,3,6,4,1,9,1,2,6,2,1,0,1,0,0,2,1,3,2,13,7
"836",4,4,3,11,1,3,8,4,1,11,1,3,6,2,2,2,2,2,0,2,2,2,3,15,9
"837",5,6,3,11,1,3,10,4,3,11,1,3,8,2,0,0,2,2,2,2,2,1,3,17,11
"838",6,6,5,11,1,3,12,6,3,11,1,3,10,2,2,0,2,0,0,2,2,2,3,19,13
"839",7,6,5,16,1,3,17,6,5,11,1,3,12,5,1,5,1,5,0,5,5,3,3,24,18
"840",8,6,6,16,1,9,24,6,5,16,1,3,17,1,0,0,4,6,5,1,6,2,3,25,31
"841",9,10,6,16,6,9,24,6,6,16,1,9,24,4,5,0,5,0,0,4,5,1,1,29,36
"842",10,16,1,22,6,9,31,10,6,16,6,9,24,4,6,4,4,4,0,6,4,3,3,36,43
"843",11,16,1,26,6,15,32,16,1,22,6,9,31,4,0,0,5,6,1,4,6,3,2,40,50
"844",12,16,1,26,6,15,32,16,1,26,6,15,32,5,1,0,NA,0,0,0,0,0,0,40,50
"845",0,0,0,0,0,0,0,0,0,0,0,0,0,0,0,0,0,0,0,0,0,0,0,0,0
"846",1,7,6,1,1,5,1,1,1,1,1,1,1,4,6,1,4,1,0,6,4,1,2,11,4
"847",2,8,6,1,1,10,1,7,6,1,1,5,1,1,0,0,1,2,5,1,5,1,2,12,9
"848",3,8,6,3,1,11,1,8,6,1,1,10,1,1,2,0,1,0,0,2,1,3,2,14,10
"849",4,8,6,5,1,11,6,8,6,3,1,11,1,5,2,4,5,4,0,2,5,3,3,16,15
"850",5,12,6,5,1,11,13,8,6,5,1,11,6,4,0,0,2,5,6,4,6,1,3,20,22
"851",6,17,6,5,3,11,13,12,6,5,1,11,13,2,5,0,2,0,0,5,2,1,1,25,24
"852",7,20,6,5,14,11,13,17,6,5,3,11,13,3,1,6,1,6,0,3,6,1,1,28,35
"853",8,21,6,5,14,11,16,20,6,5,14,11,13,1,0,0,1,2,3,1,3,1,3,29,38
"854",9,23,6,5,14,11,17,21,6,5,14,11,16,1,2,0,1,0,0,2,1,1,3,31,39
"855",10,23,6,6,24,11,17,23,6,5,14,11,17,1,6,3,6,3,0,1,6,3,1,32,49
"856",11,26,6,6,26,11,17,23,6,6,24,11,17,3,0,0,2,4,4,3,2,1,1,35,51
"857",12,26,6,6,26,11,17,26,6,6,26,11,17,4,4,0,NA,0,0,0,0,0,0,35,51
"858",0,0,0,0,0,0,0,0,0,0,0,0,0,0,0,0,0,0,0,0,0,0,0,0,0
"859",1,1,4,1,6,1,1,1,1,1,1,1,1,1,5,3,1,5,0,3,5,2,1,3,5
"860",2,2,4,1,6,1,5,1,4,1,6,1,1,1,0,0,4,4,1,1,4,1,3,4,9
"861",3,6,4,1,6,1,6,2,4,1,6,1,5,4,1,0,1,0,0,4,1,1,3,8,10
"862",4,14,4,1,14,1,6,6,4,1,6,1,6,5,6,6,5,6,0,6,6,1,1,16,18
"863",5,14,9,1,22,1,6,14,4,1,14,1,6,5,0,0,3,1,6,5,6,2,1,21,26
"864",6,14,12,1,22,1,7,14,9,1,22,1,6,3,1,0,1,0,0,3,1,2,3,24,27
"865",7,14,12,4,22,6,7,14,12,1,22,1,7,3,5,1,5,1,0,3,5,3,2,27,32
"866",8,15,12,4,22,10,13,14,12,4,22,6,7,1,0,0,6,1,6,1,6,1,3,28,42
"867",9,24,12,4,22,11,13,15,12,4,22,10,13,1,6,0,1,0,0,6,1,1,2,37,43
"868",10,24,16,4,22,15,13,24,12,4,22,11,13,4,2,4,2,4,0,4,4,2,2,41,47
"869",11,26,16,4,22,15,17,24,16,4,22,15,13,2,0,0,6,4,6,2,4,1,3,43,51
"870",12,26,16,4,22,15,17,26,16,4,22,15,17,6,6,0,NA,0,0,0,0,0,0,43,51
"871",0,0,0,0,0,0,0,0,0,0,0,0,0,0,0,0,0,0,0,0,0,0,0,0,0
"872",1,5,1,1,1,3,1,1,1,1,1,1,1,3,2,4,3,2,0,4,2,1,2,4,2
"873",2,5,1,4,7,3,4,5,1,1,1,3,1,3,0,0,1,6,6,3,6,3,1,7,11
"874",3,11,1,8,7,3,5,5,1,4,7,3,4,1,6,0,1,0,0,6,1,1,3,17,12
"875",4,13,1,8,7,6,5,11,1,8,7,3,5,3,2,1,3,1,0,2,3,1,2,19,15
"876",5,14,1,8,11,12,5,13,1,8,7,6,5,1,0,0,6,2,3,1,6,1,2,20,25
"877",6,14,1,10,11,12,8,14,1,8,11,12,5,2,3,0,3,0,0,2,3,3,3,22,28
"878",7,14,1,14,11,12,12,14,1,10,11,12,8,3,4,4,3,4,0,4,4,3,3,26,32
"879",8,14,1,17,14,18,12,14,1,14,11,12,12,3,0,0,6,4,4,3,6,3,2,29,41
"880",9,14,5,17,18,18,12,14,1,17,14,18,12,4,4,0,4,0,0,4,4,2,1,33,45
"881",10,17,5,17,18,18,15,14,5,17,18,18,12,2,3,3,2,3,0,3,3,1,3,36,48
"882",11,19,5,17,24,22,15,17,5,17,18,18,15,2,0,0,1,6,1,2,6,1,1,38,58
"883",12,19,5,17,24,22,15,19,5,17,24,22,15,1,1,0,NA,0,0,0,0,0,0,38,58
"884",0,0,0,0,0,0,0,0,0,0,0,0,0,0,0,0,0,0,0,0,0,0,0,0,0
"885",1,1,1,14,1,5,1,1,1,1,1,1,1,1,4,6,1,4,0,6,4,3,2,13,4
"886",2,1,2,14,1,10,1,1,1,14,1,5,1,1,0,0,5,1,1,1,5,2,2,14,9
"887",3,2,2,14,2,10,1,1,2,14,1,10,1,1,1,0,1,0,0,1,1,1,1,15,10
"888",4,2,7,14,13,16,1,2,2,14,2,10,1,3,5,6,3,6,0,5,6,2,2,20,27
"889",5,5,7,14,13,16,6,2,7,14,13,16,1,3,0,0,1,5,2,3,5,1,3,23,32
"890",6,5,7,15,15,16,6,5,7,14,13,16,6,1,2,0,2,0,0,1,2,3,1,24,34
"891",7,5,12,15,15,16,11,5,7,15,15,16,6,5,4,5,4,5,0,5,5,2,3,29,39
"892",8,5,16,15,15,18,11,5,12,15,15,16,11,4,0,0,2,1,2,4,2,2,2,33,41
"893",9,5,16,17,15,18,12,5,16,15,15,18,11,1,2,0,1,0,0,2,1,3,3,35,42
"894",10,10,16,17,18,18,12,5,16,17,15,18,12,3,5,2,3,2,0,5,3,1,1,40,45
"895",11,12,16,17,22,18,12,10,16,17,18,18,12,2,0,0,4,2,5,2,4,1,1,42,49
"896",12,12,16,17,22,18,12,12,16,17,22,18,12,2,5,0,NA,0,0,0,0,0,0,42,49
"897",0,0,0,0,0,0,0,0,0,0,0,0,0,0,0,0,0,0,0,0,0,0,0,0,0
"898",1,3,1,1,1,1,11,1,1,1,1,1,1,6,2,6,6,6,0,2,6,1,3,2,10
"899",2,4,1,7,1,4,11,3,1,1,1,1,11,6,0,0,1,2,3,6,3,3,2,9,13
"900",3,4,3,7,2,4,11,4,1,7,1,4,11,1,2,0,1,0,0,2,1,2,1,11,14
"901",4,4,6,7,2,4,13,4,3,7,2,4,11,1,2,3,1,2,0,3,2,2,3,14,16
"902",5,4,7,7,2,8,13,4,6,7,2,4,13,1,0,0,1,4,4,1,4,2,2,15,20
"903",6,4,11,7,2,9,13,4,7,7,2,8,13,1,4,0,1,0,0,4,1,2,2,19,21
"904",7,6,11,13,3,15,13,4,11,7,2,9,13,6,6,5,6,5,0,6,6,3,2,27,28
"905",8,11,11,13,3,21,14,6,11,13,3,15,13,5,0,0,2,4,6,5,6,1,2,32,35
"906",9,13,11,13,3,21,18,11,11,13,3,21,14,2,4,0,4,0,0,2,4,1,3,34,39
"907",10,18,11,13,8,21,18,13,11,13,3,21,18,5,1,5,1,5,0,5,5,1,1,39,44
"908",11,19,11,13,19,21,18,18,11,13,8,21,18,1,0,0,3,6,2,1,6,1,1,40,55
"909",12,19,11,13,19,21,18,19,11,13,19,21,18,3,2,0,NA,0,0,0,0,0,0,40,55
"910",0,0,0,0,0,0,0,0,0,0,0,0,0,0,0,0,0,0,0,0,0,0,0,0,0
"911",1,3,1,1,7,1,4,1,1,1,1,1,1,2,6,1,6,1,0,2,6,1,1,2,9
"912",2,3,1,2,10,1,4,3,1,1,7,1,4,1,0,0,1,3,1,1,3,3,1,3,12
"913",3,3,2,2,10,2,4,3,1,2,10,1,4,1,1,0,1,0,0,1,1,2,2,4,13
"914",4,8,2,2,10,3,4,3,2,2,10,2,4,5,1,3,1,3,0,5,1,1,2,9,14
"915",5,8,2,5,16,6,4,8,2,2,10,3,4,3,0,0,2,5,6,3,6,3,1,12,23
"916",6,10,2,5,16,11,4,8,2,5,16,6,4,2,5,0,5,0,0,2,5,1,2,14,28
"917",7,12,2,5,16,17,8,10,2,5,16,11,4,6,1,2,6,1,0,2,6,1,2,16,38
"918",8,13,2,5,19,17,14,12,2,5,16,17,8,1,0,0,6,5,3,1,6,1,3,17,47
"919",9,13,2,10,19,17,17,13,2,5,19,17,14,5,3,0,3,0,0,5,3,3,3,22,50
"920",10,14,2,10,21,17,17,13,2,10,19,17,17,1,2,1,2,1,0,1,2,1,1,23,52
"921",11,15,2,10,23,17,17,14,2,10,21,17,17,1,0,0,2,3,1,1,2,1,1,24,54
"922",12,15,2,10,23,17,17,15,2,10,23,17,17,3,1,0,NA,0,0,0,0,0,0,24,54
"923",0,0,0,0,0,0,0,0,0,0,0,0,0,0,0,0,0,0,0,0,0,0,0,0,0
"924",1,7,1,2,5,1,1,1,1,1,1,1,1,1,4,6,1,4,0,6,4,1,1,7,4
"925",2,7,1,3,5,2,7,7,1,2,5,1,1,1,0,0,4,4,6,1,6,3,3,8,11
"926",3,11,1,3,5,2,11,7,1,3,5,2,7,4,4,0,4,0,0,4,4,1,3,12,15
"927",4,11,1,4,5,2,12,11,1,3,5,2,11,1,1,1,1,1,0,1,1,3,3,13,16
"928",5,11,1,5,9,2,18,11,1,4,5,2,12,1,0,0,2,6,4,1,6,3,3,14,26
"929",6,11,5,5,9,4,18,11,1,5,9,2,18,2,4,0,2,0,0,4,2,2,2,18,28
"930",7,11,16,5,13,4,18,11,5,5,9,4,18,4,6,3,4,3,0,6,4,2,1,29,32
"931",8,11,16,8,13,12,18,11,16,5,13,4,18,3,0,0,6,4,1,3,6,3,2,32,40
"932",9,11,16,12,13,13,18,11,16,8,13,12,18,4,1,0,1,0,0,4,1,3,2,36,41
"933",10,11,18,18,13,18,18,11,16,12,13,13,18,6,5,1,5,1,0,6,5,3,2,44,46
"934",11,12,18,18,18,18,18,11,18,18,13,18,18,1,0,0,1,1,5,1,5,1,1,45,51
"935",12,12,18,18,18,18,18,12,18,18,18,18,18,1,1,0,NA,0,0,0,0,0,0,45,51
"936",0,0,0,0,0,0,0,0,0,0,0,0,0,0,0,0,0,0,0,0,0,0,0,0,0
"937",1,4,1,1,3,1,1,1,1,1,1,1,1,3,2,2,2,2,0,3,2,1,1,3,2
"938",2,4,3,1,9,1,5,4,1,1,3,1,1,2,0,0,3,1,6,2,6,2,1,5,12
"939",3,4,6,1,9,2,5,4,3,1,9,1,5,3,1,0,1,0,0,3,1,2,2,8,13
"940",4,4,6,4,13,2,5,4,6,1,9,2,5,4,3,3,4,3,0,3,4,3,1,11,17
"941",5,4,9,4,13,7,5,4,6,4,13,2,5,3,0,0,5,1,1,3,5,2,2,14,22
"942",6,4,10,4,13,7,6,4,9,4,13,7,5,1,1,0,1,0,0,1,1,2,3,15,23
"943",7,4,14,4,13,11,6,4,10,4,13,7,6,4,4,3,4,3,0,4,4,2,2,19,27
"944",8,7,14,4,16,17,12,4,14,4,13,11,6,3,0,0,1,6,5,3,6,1,2,22,42
"945",9,8,14,4,21,17,12,7,14,4,16,17,12,1,5,0,5,0,0,1,5,1,1,23,47
"946",10,10,14,4,21,17,14,8,14,4,21,17,12,2,2,6,2,6,0,2,2,1,3,25,49
"947",11,25,14,4,22,17,14,10,14,4,21,17,14,6,0,0,1,2,4,6,1,1,1,40,50
"948",12,25,14,4,22,17,14,25,14,4,22,17,14,2,4,0,NA,0,0,0,0,0,0,40,50
"949",0,0,0,0,0,0,0,0,0,0,0,0,0,0,0,0,0,0,0,0,0,0,0,0,0
"950",1,1,1,2,1,6,1,1,1,1,1,1,1,3,5,1,3,5,0,1,5,3,2,1,5
"951",2,1,4,2,6,6,1,1,1,2,1,6,1,3,0,0,5,3,5,3,5,2,1,4,10
"952",3,4,4,2,11,6,1,1,4,2,6,6,1,3,5,0,5,0,0,3,5,1,1,7,15
"953",4,6,4,2,15,6,1,4,4,2,11,6,1,2,4,2,4,2,0,2,4,1,1,9,19
"954",5,6,4,4,15,10,1,6,4,2,15,6,1,2,0,0,5,4,4,2,4,3,2,11,23
"955",6,11,4,4,15,14,1,6,4,4,15,10,1,5,4,0,4,0,0,5,4,1,2,16,27
"956",7,16,10,10,15,17,1,11,4,4,15,14,1,6,3,3,3,3,0,6,3,2,2,33,30
"957",8,19,10,10,15,19,1,16,10,10,15,17,1,3,0,0,2,4,1,3,2,1,2,36,32
"958",9,19,11,10,19,19,1,19,10,10,15,19,1,4,1,0,4,0,0,1,4,2,1,37,36
"959",10,19,16,16,23,19,1,19,11,10,19,19,1,2,6,4,2,4,0,6,4,3,1,48,40
"960",11,21,16,16,29,24,1,19,16,16,23,19,1,2,0,0,1,6,6,2,6,1,1,50,51
"961",12,21,16,16,29,24,1,21,16,16,29,24,1,1,6,0,NA,0,0,0,0,0,0,50,51
"962",0,0,0,0,0,0,0,0,0,0,0,0,0,0,0,0,0,0,0,0,0,0,0,0,0
"963",1,1,1,2,1,2,1,1,1,1,1,1,1,1,1,2,1,2,0,1,1,3,2,1,1
"964",2,1,3,2,7,8,1,1,1,2,1,2,1,2,0,0,6,4,5,2,6,2,1,3,13
"965",3,1,8,2,7,8,5,1,3,2,7,8,1,4,5,0,4,0,0,5,4,2,3,8,17
"966",4,4,8,8,7,9,11,1,8,2,7,8,5,1,6,6,1,6,0,6,6,3,3,17,24
"967",5,4,9,8,10,9,11,4,8,8,7,9,11,1,0,0,3,2,3,1,3,2,1,18,27
"968",6,6,9,8,13,9,11,4,9,8,10,9,11,2,3,0,3,0,0,2,3,1,1,20,30
"969",7,6,9,16,13,9,14,6,9,8,13,9,11,1,3,6,1,3,0,6,3,3,3,28,33
"970",8,6,9,17,13,11,20,6,9,16,13,9,14,1,0,0,1,3,6,1,6,3,3,29,41
"971",9,6,9,20,13,12,20,6,9,17,13,11,20,1,3,0,1,0,0,3,1,3,2,32,42
"972",10,7,9,20,13,14,20,6,9,20,13,12,20,1,4,2,4,2,0,1,2,1,2,33,44
"973",11,11,9,20,23,14,20,7,9,20,13,14,20,4,0,0,5,6,3,4,6,1,1,37,54
"974",12,11,9,20,23,14,20,11,9,20,23,14,20,5,3,0,NA,0,0,0,0,0,0,37,54
"975",0,0,0,0,0,0,0,0,0,0,0,0,0,0,0,0,0,0,0,0,0,0,0,0,0
"976",1,2,1,1,7,5,1,1,1,1,1,1,1,6,1,1,6,1,0,1,6,1,1,1,10
"977",2,2,1,2,7,5,3,2,1,1,7,5,1,1,0,0,2,4,2,1,2,3,3,2,12
"978",3,2,1,4,7,9,3,2,1,2,7,5,3,4,2,0,4,0,0,2,4,3,2,4,16
"979",4,7,1,4,7,13,9,2,1,4,7,9,3,1,6,5,1,6,0,5,6,1,3,9,26
"980",5,8,1,4,7,14,9,7,1,4,7,13,9,1,0,0,1,5,2,1,1,1,2,10,27
"981",6,8,6,4,7,16,9,8,1,4,7,14,9,5,2,0,2,0,0,5,2,2,2,15,29
"982",7,8,6,9,12,16,9,8,6,4,7,16,9,4,5,5,4,5,0,5,5,3,1,20,34
"983",8,8,10,9,12,16,14,8,6,9,12,16,9,4,0,0,5,2,4,4,5,2,3,24,39
"984",9,10,10,9,16,16,14,8,10,9,12,16,14,2,4,0,4,0,0,2,4,1,1,26,43
"985",10,14,10,9,18,16,14,10,10,9,16,16,14,4,2,4,2,4,0,4,2,1,1,30,45
"986",11,18,10,9,21,16,14,14,10,9,18,16,14,4,0,0,3,2,2,4,3,1,1,34,48
"987",12,18,10,9,21,16,14,18,10,9,21,16,14,2,2,0,NA,0,0,0,0,0,0,34,48
"988",0,0,0,0,0,0,0,0,0,0,0,0,0,0,0,0,0,0,0,0,0,0,0,0,0
"989",1,1,1,2,3,7,1,1,1,1,1,1,1,5,1,6,5,6,0,1,6,3,2,1,8
"990",2,6,1,2,3,12,1,1,1,2,3,7,1,5,0,0,5,4,5,5,5,1,2,6,13
"991",3,10,1,2,8,12,1,6,1,2,3,12,1,4,5,0,5,0,0,4,5,1,1,10,18
"992",4,10,1,4,8,12,5,10,1,2,8,12,1,4,1,2,4,1,0,2,4,3,3,12,22
"993",5,10,2,4,8,12,10,10,1,4,8,12,5,1,0,0,1,5,3,1,5,2,3,13,27
"994",6,10,2,7,9,12,10,10,2,4,8,12,10,1,3,0,1,0,0,3,1,3,1,16,28
"995",7,14,2,7,9,17,10,10,2,7,9,12,10,5,3,4,5,3,0,4,5,1,2,20,33
"996",8,17,2,7,9,19,10,14,2,7,9,17,10,3,0,0,2,1,1,3,2,1,2,23,35
"997",9,17,3,7,10,19,10,17,2,7,9,19,10,1,1,0,1,0,0,1,1,2,1,24,36
"998",10,19,3,7,22,19,15,17,3,7,10,19,10,6,2,2,6,2,0,2,6,1,1,26,53
"999",11,21,3,7,22,22,15,19,3,7,22,19,15,2,0,0,3,2,2,2,3,1,2,28,56
"1000",12,21,3,7,22,22,15,21,3,7,22,22,15,2,2,0,NA,0,0,0,0,0,0,28,56
"1001",0,0,0,0,0,0,0,0,0,0,0,0,0,0,0,0,0,0,0,0,0,0,0,0,0
"1002",1,1,6,1,1,6,1,1,1,1,1,1,1,4,5,5,4,5,0,5,5,2,2,5,5
"1003",2,1,10,1,1,7,7,1,6,1,1,6,1,4,0,0,2,1,6,4,6,2,3,9,12
"1004",3,2,10,1,1,7,9,1,10,1,1,7,7,2,1,0,2,0,0,1,2,1,3,10,14
"1005",4,2,10,6,1,10,9,2,10,1,1,7,9,5,3,1,3,1,0,5,3,3,2,15,17
"1006",5,3,10,6,1,14,9,2,10,6,1,10,9,1,0,0,1,1,4,1,4,1,2,16,21
"1007",6,3,11,6,1,14,10,3,10,6,1,14,9,1,1,0,1,0,0,1,1,2,3,17,22
"1008",7,3,15,6,3,14,10,3,11,6,1,14,10,2,4,1,2,1,0,4,2,2,1,21,24
"1009",8,3,16,6,3,19,10,3,15,6,3,14,10,1,0,0,3,1,5,1,5,2,2,22,29
"1010",9,3,19,6,4,19,10,3,16,6,3,19,10,3,1,0,1,0,0,3,1,2,1,25,30
"1011",10,5,19,6,4,21,10,3,19,6,4,19,10,2,2,2,2,2,0,2,2,1,2,27,32
"1012",11,7,19,6,7,21,10,5,19,6,4,21,10,2,0,0,3,3,4,2,3,1,1,29,35
"1013",12,7,19,6,7,21,10,7,19,6,7,21,10,3,4,0,NA,0,0,0,0,0,0,29,35
"1014",0,0,0,0,0,0,0,0,0,0,0,0,0,0,0,0,0,0,0,0,0,0,0,0,0
"1015",1,1,2,1,3,1,1,1,1,1,1,1,1,3,1,2,3,2,0,1,2,2,1,1,2
"1016",2,4,2,1,11,1,1,1,2,1,3,1,1,3,0,0,4,4,6,3,6,1,1,4,10
"1017",3,4,2,5,15,1,1,4,2,1,11,1,1,4,4,0,4,0,0,4,4,3,1,8,14
"1018",4,8,2,5,15,1,4,4,2,5,15,1,1,2,4,3,2,3,0,4,3,1,3,12,17
"1019",5,10,2,5,15,1,17,8,2,5,15,1,4,2,0,0,4,6,4,2,6,1,3,14,30
"1020",6,14,2,5,15,5,17,10,2,5,15,1,17,4,4,0,4,0,0,4,4,1,2,18,34
"1021",7,15,2,5,20,11,17,14,2,5,15,5,17,1,6,1,6,1,0,1,6,1,2,19,45
"1022",8,15,3,5,20,17,20,15,2,5,20,11,17,1,0,0,6,4,2,1,6,2,2,20,54
"1023",9,15,7,5,20,19,20,15,3,5,20,17,20,4,2,0,2,0,0,4,2,2,2,24,56
"1024",10,17,7,5,21,19,20,15,7,5,20,19,20,2,1,4,1,4,0,2,1,1,1,26,57
"1025",11,21,7,5,22,19,20,17,7,5,21,19,20,4,0,0,1,5,4,4,1,1,1,30,58
"1026",12,21,7,5,22,19,20,21,7,5,22,19,20,5,4,0,NA,0,0,0,0,0,0,30,58
"1027",0,0,0,0,0,0,0,0,0,0,0,0,0,0,0,0,0,0,0,0,0,0,0,0,0
"1028",1,1,4,1,1,1,4,1,1,1,1,1,1,2,3,3,2,3,0,3,3,2,3,3,3
"1029",2,1,4,3,1,3,4,1,4,1,1,1,4,2,0,0,2,2,1,2,2,3,2,5,5
"1030",3,2,4,3,1,5,4,1,4,3,1,3,4,2,1,0,2,0,0,1,2,1,2,6,7
"1031",4,4,4,9,1,5,9,2,4,3,1,5,4,5,4,6,5,4,0,6,5,3,3,14,12
"1032",5,4,4,13,1,14,9,4,4,9,1,5,9,4,0,0,6,6,2,4,6,3,2,18,21
"1033",6,8,16,13,1,14,11,4,4,13,1,14,9,6,2,0,2,0,0,6,2,2,3,34,23
"1034",7,12,22,13,1,19,11,8,16,13,1,14,11,5,6,2,5,2,0,6,5,2,2,44,28
"1035",8,14,22,13,1,22,11,12,22,13,1,19,11,2,0,0,6,2,3,2,3,1,2,46,31
"1036",9,20,22,14,1,22,13,14,22,13,1,22,11,6,2,0,2,0,0,6,2,1,3,53,33
"1037",10,20,22,18,1,23,13,20,22,14,1,22,13,4,1,2,1,2,0,4,1,3,2,57,34
"1038",11,22,22,18,3,23,13,20,22,18,1,23,13,2,0,0,2,2,5,2,2,1,1,59,36
"1039",12,22,22,18,3,23,13,22,22,18,3,23,13,2,5,0,NA,0,0,0,0,0,0,59,36
"1040",0,0,0,0,0,0,0,0,0,0,0,0,0,0,0,0,0,0,0,0,0,0,0,0,0
"1041",1,1,6,1,6,1,1,1,1,1,1,1,1,5,4,5,4,5,0,5,5,2,1,5,5
"1042",2,1,10,1,11,1,1,1,6,1,6,1,1,4,0,0,5,2,1,4,5,2,1,9,10
"1043",3,3,10,1,12,1,1,1,10,1,11,1,1,2,1,0,1,0,0,2,1,1,1,11,11
"1044",4,5,10,1,12,1,4,3,10,1,12,1,1,2,3,3,3,3,0,2,3,1,3,13,14
"1045",5,5,10,4,17,1,4,5,10,1,12,1,4,3,0,0,5,1,5,3,5,3,1,16,19
"1046",6,5,10,9,17,2,4,5,10,4,17,1,4,1,5,0,1,0,0,5,1,3,2,21,20
"1047",7,6,10,21,21,2,4,5,10,9,17,2,4,6,3,4,3,4,0,6,4,3,1,34,24
"1048",8,6,13,21,27,2,8,6,10,21,21,2,4,3,0,0,6,1,6,3,6,2,1,37,34
"1049",9,12,13,22,27,3,8,6,13,21,27,2,8,1,6,0,1,0,0,6,1,1,2,44,35
"1050",10,14,13,22,27,3,12,12,13,22,27,3,8,2,1,4,1,4,0,2,4,1,3,46,39
"1051",11,15,13,22,31,3,12,14,13,22,27,3,12,1,0,0,4,5,2,1,4,1,1,47,43
"1052",12,15,13,22,31,3,12,15,13,22,31,3,12,5,2,0,NA,0,0,0,0,0,0,47,43
"1053",0,0,0,0,0,0,0,0,0,0,0,0,0,0,0,0,0,0,0,0,0,0,0,0,0
"1054",1,4,1,13,1,5,7,1,1,1,1,1,1,6,6,1,6,1,0,6,6,3,3,15,10
"1055",2,5,1,13,1,11,12,4,1,13,1,5,7,1,0,0,6,5,6,1,6,1,2,16,21
"1056",3,5,5,19,6,11,12,5,1,13,1,11,12,5,6,0,5,0,0,6,5,3,1,26,26
"1057",4,5,11,24,6,11,20,5,5,19,6,11,12,6,1,6,1,6,0,6,6,2,3,37,34
"1058",5,5,12,24,11,11,20,5,11,24,6,11,20,1,0,0,5,4,4,1,5,2,1,38,39
"1059",6,5,12,28,11,15,20,5,12,24,11,11,20,4,4,0,4,0,0,4,4,3,2,42,43
"1060",7,5,12,31,14,15,20,5,12,28,11,15,20,3,3,2,3,2,0,3,3,3,1,45,46
"1061",8,5,12,33,16,15,20,5,12,31,14,15,20,2,0,0,2,2,1,2,2,3,1,47,48
"1062",9,5,14,33,17,15,20,5,12,33,16,15,20,2,1,0,1,0,0,2,1,2,1,49,49
"1063",10,11,14,41,2,15,20,5,14,33,17,15,20,3,6,1,3,1,0,6,1,3,1,63,34
"1064",11,11,14,44,6,15,20,11,14,41,2,15,20,3,0,0,2,6,4,3,4,3,1,66,38
"1065",12,11,14,44,6,15,20,11,14,44,6,15,20,2,6,0,NA,0,0,0,0,0,0,66,38
"1066",0,0,0,0,0,0,0,0,0,0,0,0,0,0,0,0,0,0,0,0,0,0,0,0,0
"1067",1,4,1,1,1,6,1,1,1,1,1,1,1,5,3,3,5,3,0,3,5,1,2,3,5
"1068",2,7,1,1,1,6,6,4,1,1,1,6,1,3,0,0,1,5,3,3,5,1,3,6,10
"1069",3,10,1,1,1,6,7,7,1,1,1,6,6,1,3,0,1,0,0,3,1,1,3,9,11
"1070",4,10,1,9,1,9,13,10,1,1,1,6,7,1,6,6,1,6,0,6,6,3,3,17,20
"1071",5,11,1,9,1,9,14,10,1,9,1,9,13,1,0,0,1,1,3,1,1,1,3,18,21
"1072",6,11,2,9,1,9,17,11,1,9,1,9,14,1,3,0,3,0,0,1,3,2,3,19,24
"1073",7,11,5,9,5,9,17,11,2,9,1,9,17,4,3,4,4,4,0,3,4,2,1,22,28
"1074",8,11,5,13,5,9,21,11,5,9,5,9,17,4,0,0,2,1,4,4,4,3,3,26,32
"1075",9,11,5,15,5,9,22,11,5,13,5,9,21,2,1,0,1,0,0,2,1,3,3,28,33
"1076",10,11,10,15,9,9,22,11,5,15,5,9,22,5,2,4,2,4,0,5,4,2,1,33,37
"1077",11,13,10,15,15,9,25,11,10,15,9,9,22,2,0,0,3,4,6,2,6,1,1,35,46
"1078",12,13,10,15,15,9,25,13,10,15,15,9,25,3,4,0,NA,0,0,0,0,0,0,35,46
"1079",0,0,0,0,0,0,0,0,0,0,0,0,0,0,0,0,0,0,0,0,0,0,0,0,0
"1080",1,2,1,1,1,4,1,1,1,1,1,1,1,2,1,3,2,3,0,1,3,1,2,1,3
"1081",2,2,1,3,3,4,7,2,1,1,1,4,1,2,0,0,6,2,5,2,6,3,3,3,11
"1082",3,2,1,8,3,6,7,2,1,3,3,4,7,2,5,0,2,0,0,5,2,3,2,8,13
"1083",4,2,3,8,3,10,7,2,1,8,3,6,7,1,2,4,1,4,0,2,4,2,2,10,17
"1084",5,3,3,8,3,16,9,2,3,8,3,10,7,1,0,0,5,2,6,1,6,1,2,11,25
"1085",6,3,3,13,3,18,9,3,3,8,3,16,9,5,2,0,2,0,0,5,2,3,2,16,27
"1086",7,8,3,13,12,18,9,3,3,13,3,18,9,6,5,1,6,1,0,5,6,1,1,21,36
"1087",8,8,4,13,15,18,9,8,3,13,12,18,9,1,0,0,2,4,3,1,3,2,1,22,39
"1088",9,8,4,15,19,18,9,8,4,13,15,18,9,2,4,0,4,0,0,2,4,3,1,24,43
"1089",10,10,4,15,19,23,9,8,4,15,19,18,9,2,5,2,5,2,0,2,5,1,2,26,48
"1090",11,12,4,15,24,23,9,10,4,15,19,23,9,2,0,0,5,3,2,2,5,1,1,28,53
"1091",12,12,4,15,24,23,9,12,4,15,24,23,9,3,2,0,NA,0,0,0,0,0,0,28,53
"1092",0,0,0,0,0,0,0,0,0,0,0,0,0,0,0,0,0,0,0,0,0,0,0,0,0
"1093",1,1,1,2,1,6,1,1,1,1,1,1,1,2,5,1,2,5,0,1,5,3,2,1,5
"1094",2,1,1,4,6,6,1,1,1,2,1,6,1,2,0,0,5,5,5,2,5,3,1,3,10
"1095",3,1,1,9,6,6,6,1,1,4,6,6,1,5,5,0,5,0,0,5,5,3,3,8,15
"1096",4,3,1,9,6,10,6,1,1,9,6,6,6,2,2,4,2,4,0,2,4,1,2,10,19
"1097",5,3,3,9,11,10,6,3,1,9,6,10,6,2,0,0,5,5,4,2,5,2,1,12,24
"1098",6,3,8,9,15,10,6,3,3,9,11,10,6,5,4,0,4,0,0,5,4,2,1,17,28
"1099",7,8,8,9,15,12,12,3,8,9,15,10,6,5,6,3,6,3,0,5,6,1,3,22,36
"1100",8,11,8,9,22,12,12,8,8,9,15,12,12,3,0,0,6,5,4,3,6,1,1,25,43
"1101",9,16,8,9,26,12,12,11,8,9,22,12,12,5,4,0,4,0,0,5,4,1,1,30,47
"1102",10,16,11,9,26,19,12,16,8,9,26,12,12,6,3,2,6,2,0,3,6,2,2,33,54
"1103",11,18,11,9,29,19,12,16,11,9,26,19,12,2,0,0,3,2,6,2,3,1,1,35,57
"1104",12,18,11,9,29,19,12,18,11,9,29,19,12,2,6,0,NA,0,0,0,0,0,0,35,57
"1105",0,0,0,0,0,0,0,0,0,0,0,0,0,0,0,0,0,0,0,0,0,0,0,0,0
"1106",1,1,1,4,1,1,11,1,1,1,1,1,1,3,6,3,6,3,0,3,6,3,3,3,10
"1107",2,1,4,4,3,7,11,1,1,4,1,1,11,3,0,0,3,6,2,3,6,2,2,6,18
"1108",3,3,4,4,6,7,11,1,4,4,3,7,11,3,2,0,3,0,0,2,3,1,1,8,21
"1109",4,3,4,9,6,13,12,3,4,4,6,7,11,5,3,6,3,6,0,5,6,3,2,13,28
"1110",5,6,4,9,11,13,18,3,4,9,6,13,12,3,0,0,5,6,1,3,6,1,3,16,39
"1111",6,7,4,9,11,18,18,6,4,9,11,13,18,5,1,0,5,0,0,1,5,1,2,17,44
"1112",7,15,4,9,16,18,18,7,4,9,11,18,18,6,5,5,5,5,0,6,5,1,1,25,49
"1113",8,20,4,9,21,18,18,15,4,9,16,18,18,5,0,0,5,5,1,5,5,1,1,30,54
"1114",9,25,4,9,22,18,18,20,4,9,21,18,18,5,1,0,1,0,0,5,1,1,1,35,55
"1115",10,25,4,11,22,18,23,25,4,9,22,18,18,5,2,5,5,5,0,2,5,3,3,37,60
"1116",11,25,9,11,23,18,23,25,4,11,22,18,23,5,0,0,1,2,5,5,1,2,1,42,61
"1117",12,25,9,11,23,18,23,25,9,11,23,18,23,2,5,0,NA,0,0,0,0,0,0,42,61
"1118",0,0,0,0,0,0,0,0,0,0,0,0,0,0,0,0,0,0,0,0,0,0,0,0,0
"1119",1,1,5,1,1,1,5,1,1,1,1,1,1,2,4,4,2,4,0,4,4,2,3,4,4
"1120",2,1,7,1,5,1,5,1,5,1,1,1,5,2,0,0,4,1,3,2,4,2,1,6,8
"1121",3,4,7,1,6,1,5,1,7,1,5,1,5,1,3,0,1,0,0,3,1,1,1,9,9
"1122",4,9,7,1,6,4,5,4,7,1,6,1,5,5,1,3,1,3,0,5,3,1,2,14,12
"1123",5,9,7,2,11,4,5,9,7,1,6,4,5,1,0,0,1,5,3,1,5,3,1,15,17
"1124",6,9,7,5,12,4,5,9,7,2,11,4,5,1,3,0,1,0,0,3,1,3,1,18,18
"1125",7,9,10,5,17,4,5,9,7,5,12,4,5,5,3,3,5,3,0,3,5,2,1,21,23
"1126",8,9,10,8,22,10,5,9,10,5,17,4,5,3,0,0,1,6,6,3,6,3,2,24,34
"1127",9,15,10,13,22,11,5,9,10,8,22,10,5,1,6,0,1,0,0,6,1,1,2,35,35
"1128",10,15,14,13,22,16,5,15,10,13,22,11,5,1,5,4,1,5,0,4,5,2,2,39,40
"1129",11,16,14,13,27,16,5,15,14,13,22,16,5,1,0,0,5,5,2,1,5,1,1,40,45
"1130",12,16,14,13,27,16,5,16,14,13,27,16,5,5,2,0,NA,0,0,0,0,0,0,40,45
"1131",0,0,0,0,0,0,0,0,0,0,0,0,0,0,0,0,0,0,0,0,0,0,0,0,0
"1132",1,6,1,1,1,7,8,1,1,1,1,1,1,5,6,6,6,6,0,5,6,1,2,5,13
"1133",2,12,2,1,1,13,9,6,1,1,1,7,8,6,0,0,1,6,3,6,6,1,2,12,20
"1134",3,12,2,4,1,13,10,12,2,1,1,13,9,1,3,0,1,0,0,3,1,3,3,15,21
"1135",4,12,2,11,7,13,19,12,2,4,1,13,10,6,6,3,6,3,0,6,6,3,1,22,36
"1136",5,12,5,11,13,13,21,12,2,11,7,13,19,3,0,0,6,5,1,3,6,2,1,25,44
"1137",6,12,10,11,13,13,22,12,5,11,13,13,21,5,1,0,1,0,0,5,1,2,3,30,45
"1138",7,12,10,12,13,13,25,12,10,11,13,13,22,3,1,1,3,1,0,1,3,3,3,31,48
"1139",8,13,10,12,22,13,25,12,10,12,13,13,25,1,0,0,5,4,6,1,6,1,1,32,57
"1140",9,13,14,12,27,13,25,13,10,12,22,13,25,5,4,0,5,0,0,4,5,2,1,36,62
"1141",10,13,19,12,31,19,25,13,14,12,27,13,25,6,5,3,6,3,0,5,6,2,2,41,72
"1142",11,16,19,1,36,19,25,13,19,12,31,19,25,3,0,0,3,1,5,3,3,1,1,33,77
"1143",12,16,19,1,36,19,25,16,19,1,36,19,25,1,5,0,NA,0,0,0,0,0,0,33,77
"1144",0,0,0,0,0,0,0,0,0,0,0,0,0,0,0,0,0,0,0,0,0,0,0,0,0
"1145",1,6,1,13,5,1,1,1,1,1,1,1,1,6,2,4,2,4,0,6,4,3,1,17,4
"1146",2,8,1,13,5,7,6,6,1,13,5,1,1,2,0,0,6,3,6,2,6,1,2,19,15
"1147",3,25,1,13,5,10,6,8,1,13,5,7,6,3,6,0,3,0,0,6,3,1,2,36,18
"1148",4,25,1,18,5,10,8,25,1,13,5,10,6,5,2,2,2,2,0,5,2,3,3,41,20
"1149",5,25,3,18,5,14,8,25,1,18,5,10,8,2,0,0,5,4,5,2,4,2,2,43,24
"1150",6,25,3,23,5,19,8,25,3,18,5,14,8,5,5,0,5,0,0,5,5,3,2,48,29
"1151",7,25,15,25,5,19,13,25,3,23,5,19,8,3,6,5,3,5,0,6,5,2,3,62,34
"1152",8,28,15,25,5,25,16,25,15,25,5,19,13,3,0,0,6,3,3,3,6,1,2,65,43
"1153",9,31,15,25,5,28,16,28,15,25,5,25,16,3,3,0,3,0,0,3,3,1,2,68,46
"1154",10,31,1,26,5,38,16,31,15,25,5,28,16,1,6,5,6,5,0,1,6,3,2,55,56
"1155",11,36,1,26,5,38,21,31,1,26,5,38,16,5,0,0,3,2,5,5,5,1,3,60,61
"1156",12,36,1,26,5,38,21,36,1,26,5,38,21,3,2,0,NA,0,0,0,0,0,0,60,61
"1157",0,0,0,0,0,0,0,0,0,0,0,0,0,0,0,0,0,0,0,0,0,0,0,0,0
"1158",1,1,6,1,1,6,1,1,1,1,1,1,1,5,5,3,5,3,0,5,5,2,2,5,5
"1159",2,4,6,1,1,6,6,1,6,1,1,6,1,3,0,0,2,5,3,3,5,1,3,8,10
"1160",3,6,6,1,1,9,6,4,6,1,1,6,6,2,3,0,3,0,0,2,3,1,2,10,13
"1161",4,11,6,7,5,9,12,6,6,1,1,9,6,6,6,4,6,4,0,6,6,3,3,21,23
"1162",5,11,10,7,9,9,12,11,6,7,5,9,12,4,0,0,1,4,2,4,4,2,1,25,27
"1163",6,11,12,7,9,10,12,11,10,7,9,9,12,1,2,0,1,0,0,2,1,2,2,27,28
"1164",7,11,12,12,9,15,12,11,12,7,9,10,12,5,3,5,3,5,0,5,5,3,2,32,33
"1165",8,14,12,12,14,15,12,11,12,12,9,15,12,3,0,0,3,5,3,3,5,1,1,35,38
"1166",9,14,15,12,14,15,15,14,12,12,14,15,12,3,3,0,3,0,0,3,3,2,3,38,41
"1167",10,14,15,17,15,15,15,14,15,12,14,15,15,1,1,5,1,1,0,5,1,3,1,43,42
"1168",11,14,15,18,15,15,20,14,15,17,15,15,15,1,0,0,5,1,5,1,5,3,3,44,47
"1169",12,14,15,18,15,15,20,14,15,18,15,15,20,1,5,0,NA,0,0,0,0,0,0,44,47
"1170",0,0,0,0,0,0,0,0,0,0,0,0,0,0,0,0,0,0,0,0,0,0,0,0,0
"1171",1,1,4,1,1,6,1,1,1,1,1,1,1,5,3,2,5,2,0,3,5,2,2,3,5
"1172",2,1,6,1,1,6,5,1,4,1,1,6,1,2,0,0,1,4,2,2,4,2,3,5,9
"1173",3,1,7,1,1,6,7,1,6,1,1,6,5,1,2,0,2,0,0,1,2,2,3,6,11
"1174",4,1,7,5,1,6,12,1,7,1,1,6,7,1,4,5,1,5,0,4,5,3,3,10,16
"1175",5,2,7,5,7,10,12,1,7,5,1,6,12,1,0,0,6,1,3,1,6,1,1,11,26
"1176",6,2,7,8,8,10,12,2,7,5,7,10,12,1,3,0,1,0,0,3,1,3,1,14,27
"1177",7,2,7,13,8,11,12,2,7,8,8,10,12,3,1,5,3,1,0,5,1,3,2,19,28
"1178",8,5,7,13,11,17,12,2,7,13,8,11,12,3,0,0,2,3,6,3,6,1,2,22,37
"1179",9,5,9,13,14,17,12,5,7,13,11,17,12,2,3,0,3,0,0,2,3,2,1,24,40
"1180",10,5,14,13,20,21,12,5,9,13,14,17,12,5,6,1,6,1,0,5,6,2,1,29,50
"1181",11,6,14,13,27,21,12,5,14,13,20,21,12,1,0,0,6,6,6,1,6,1,1,30,57
"1182",12,6,14,13,27,21,12,6,14,13,27,21,12,6,6,0,NA,0,0,0,0,0,0,30,57
"1183",0,0,0,0,0,0,0,0,0,0,0,0,0,0,0,0,0,0,0,0,0,0,0,0,0
"1184",1,1,4,1,1,1,2,1,1,1,1,1,1,1,3,1,1,1,0,3,1,2,3,3,1
"1185",2,2,4,1,6,1,2,1,4,1,1,1,2,1,0,0,4,3,5,1,5,1,1,4,6
"1186",3,6,4,1,9,1,2,2,4,1,6,1,2,4,3,0,3,0,0,4,3,1,1,8,9
"1187",4,6,4,6,9,2,2,6,4,1,9,1,2,2,5,1,2,1,0,5,1,3,2,13,10
"1188",5,8,4,6,9,7,2,6,4,6,9,2,2,2,0,0,5,4,5,2,5,1,2,15,15
"1189",6,13,4,6,13,7,2,8,4,6,9,7,2,4,5,0,4,0,0,5,4,1,1,20,19
"1190",7,13,13,6,13,8,2,13,4,6,13,7,2,6,1,1,1,1,0,6,1,2,2,29,20
"1191",8,13,14,6,16,8,2,13,13,6,13,8,2,1,0,0,1,3,4,1,3,2,1,30,23
"1192",9,13,15,6,16,12,2,13,14,6,16,8,2,1,4,0,4,0,0,1,4,2,2,31,27
"1193",10,13,15,10,16,12,5,13,15,6,16,12,2,4,2,3,2,3,0,4,3,3,3,35,30
"1194",11,13,17,10,16,12,10,13,15,10,16,12,5,2,0,0,5,1,3,2,5,2,3,37,35
"1195",12,13,17,10,16,12,10,13,17,10,16,12,10,1,3,0,NA,0,0,0,0,0,0,37,35
"1196",0,0,0,0,0,0,0,0,0,0,0,0,0,0,0,0,0,0,0,0,0,0,0,0,0
"1197",1,4,1,1,6,1,1,1,1,1,1,1,1,3,3,5,3,5,0,3,5,1,1,3,5
"1198",2,7,1,1,10,1,1,4,1,1,6,1,1,3,0,0,1,1,4,3,4,1,1,6,9
"1199",3,7,2,1,10,2,1,7,1,1,10,1,1,1,1,0,1,0,0,1,1,2,2,7,10
"1200",4,10,2,1,15,2,1,7,2,1,10,2,1,5,5,3,5,5,0,3,5,1,1,10,15
"1201",5,15,2,1,15,2,5,10,2,1,15,2,1,5,0,0,3,4,4,5,4,1,3,15,19
"1202",6,15,6,1,15,2,8,15,2,1,15,2,5,3,4,0,3,0,0,4,3,2,3,19,22
"1203",7,15,6,6,15,13,8,15,6,1,15,2,8,5,1,6,1,6,0,5,6,3,2,24,33
"1204",8,16,6,6,19,13,8,15,6,6,15,13,8,1,0,0,3,4,4,1,4,1,1,25,37
"1205",9,16,10,6,19,13,11,16,6,6,19,13,8,3,4,0,3,0,0,4,3,2,3,29,40
"1206",10,22,10,10,21,19,17,16,10,6,19,13,11,6,4,6,4,6,0,6,6,1,2,39,54
"1207",11,26,10,10,25,19,17,22,10,10,21,19,17,4,0,0,4,4,3,4,4,1,1,43,58
"1208",12,26,10,10,25,19,17,26,10,10,25,19,17,4,3,0,NA,0,0,0,0,0,0,43,58
"1209",0,0,0,0,0,0,0,0,0,0,0,0,0,0,0,0,0,0,0,0,0,0,0,0,0
"1210",1,1,6,1,1,5,1,1,1,1,1,1,1,2,5,4,2,4,0,5,4,2,2,5,4
"1211",2,1,6,3,7,11,4,1,6,1,1,5,1,2,0,0,3,6,2,2,6,3,2,7,19
"1212",3,1,6,6,7,13,4,1,6,3,7,11,4,3,2,0,2,0,0,3,2,3,2,10,21
"1213",4,3,6,6,9,13,4,1,6,6,7,13,4,2,2,1,2,1,0,2,2,1,1,12,23
"1214",5,4,6,6,9,13,9,3,6,6,9,13,4,1,0,0,3,2,5,1,5,1,3,13,28
"1215",6,7,6,6,9,15,9,4,6,6,9,13,9,3,2,0,2,0,0,3,2,1,2,16,30
"1216",7,7,6,11,9,15,13,7,6,6,9,15,9,4,5,2,4,2,0,5,4,3,3,21,34
"1217",8,9,6,11,17,15,13,7,6,11,9,15,13,2,0,0,6,5,3,2,6,1,1,23,42
"1218",9,9,11,11,20,15,13,9,6,11,17,15,13,5,3,0,3,0,0,5,3,2,1,28,45
"1219",10,11,11,11,26,18,13,9,11,11,20,15,13,2,2,6,2,6,0,2,6,1,1,30,54
"1220",11,13,11,11,28,18,13,11,11,11,26,18,13,2,0,0,2,1,6,2,2,1,1,32,56
"1221",12,13,11,11,28,18,13,13,11,11,28,18,13,1,6,0,NA,0,0,0,0,0,0,32,56
"1222",0,0,0,0,0,0,0,0,0,0,0,0,0,0,0,0,0,0,0,0,0,0,0,0,0
"1223",1,7,2,1,1,6,1,1,1,1,1,1,1,1,6,5,1,5,0,6,5,1,2,7,5
"1224",2,7,2,2,4,12,1,7,2,1,1,6,1,1,0,0,6,6,6,1,6,3,2,8,14
"1225",3,8,2,8,4,12,8,7,2,2,4,12,1,6,6,0,6,0,0,6,6,3,3,15,21
"1226",4,8,2,13,4,12,11,8,2,8,4,12,8,5,3,1,3,1,0,5,3,3,3,20,24
"1227",5,8,2,14,9,12,11,8,2,13,4,12,11,1,0,0,5,1,3,1,5,3,1,21,29
"1228",6,8,2,15,9,12,14,8,2,14,9,12,11,1,3,0,3,0,0,1,3,3,3,22,32
"1229",7,12,2,21,15,21,14,8,2,15,9,12,14,4,6,6,4,6,0,6,6,3,1,32,47
"1230",8,12,6,21,15,27,19,12,2,21,15,21,14,4,0,0,1,6,1,4,6,2,2,36,58
"1231",9,13,6,21,16,27,19,12,6,21,15,27,19,1,1,0,1,0,0,1,1,1,1,37,59
"1232",10,14,6,21,20,27,19,13,6,21,16,27,19,5,4,1,5,4,0,1,4,1,1,38,63
"1233",11,19,6,21,24,27,19,14,6,21,20,27,19,5,0,0,4,5,1,5,4,1,1,43,67
"1234",12,19,6,21,24,27,19,19,6,21,24,27,19,5,1,0,NA,0,0,0,0,0,0,43,67
"1235",0,0,0,0,0,0,0,0,0,0,0,0,0,0,0,0,0,0,0,0,0,0,0,0,0
"1236",1,1,5,1,1,1,9,1,1,1,1,1,1,4,6,2,6,2,0,4,6,2,3,4,8
"1237",2,1,7,1,1,1,14,1,5,1,1,1,9,2,0,0,5,4,3,2,5,2,3,6,13
"1238",3,5,7,1,1,4,14,1,7,1,1,1,14,4,3,0,3,0,0,4,3,1,2,10,16
"1239",4,11,7,2,7,4,16,5,7,1,1,4,14,6,6,3,6,3,0,6,6,1,1,17,24
"1240",5,11,10,2,9,10,16,11,7,2,7,4,16,3,0,0,1,3,6,3,6,2,2,20,32
"1241",6,12,10,2,9,13,16,11,10,2,9,10,16,1,3,0,3,0,0,1,3,1,2,21,35
"1242",7,13,10,2,12,13,16,12,10,2,9,13,16,1,1,3,1,3,0,1,3,1,1,22,38
"1243",8,14,10,2,18,18,16,13,10,2,12,13,16,1,0,0,6,3,1,1,6,1,1,23,49
"1244",9,17,10,2,18,18,17,14,10,2,18,18,16,3,1,0,1,0,0,3,1,1,3,26,50
"1245",10,19,10,1,26,18,23,17,10,2,18,18,17,2,6,6,6,6,0,2,6,1,3,27,64
"1246",11,25,15,1,36,24,23,19,10,1,26,18,23,6,0,0,6,1,1,6,6,1,1,38,80
"1247",12,25,15,1,36,24,23,25,15,1,36,24,23,1,1,0,NA,0,0,0,0,0,0,38,80
"1248",0,0,0,0,0,0,0,0,0,0,0,0,0,0,0,0,0,0,0,0,0,0,0,0,0
"1249",1,1,1,6,6,1,1,1,1,1,1,1,1,5,2,5,2,5,0,5,5,3,1,5,5
"1250",2,1,3,6,6,1,4,1,1,6,6,1,1,2,0,0,1,3,1,2,3,2,3,7,8
"1251",3,2,3,6,6,2,4,1,3,6,6,1,4,1,1,0,1,0,0,1,1,1,2,8,9
"1252",4,2,3,8,8,2,4,2,3,6,6,2,4,2,2,1,2,1,0,2,2,3,1,10,11
"1253",5,2,4,8,11,8,4,2,3,8,8,2,4,1,0,0,4,6,4,1,6,2,2,11,20
"1254",6,6,4,8,15,8,4,2,4,8,11,8,4,4,4,0,4,0,0,4,4,1,1,15,24
"1255",7,9,4,8,19,8,4,6,4,8,15,8,4,4,1,3,4,1,0,3,4,1,1,18,28
"1256",8,9,4,9,20,14,4,9,4,8,19,8,4,1,0,0,2,3,6,1,6,3,2,19,35
"1257",9,12,4,9,20,14,6,9,4,9,20,14,4,2,3,0,2,0,0,3,2,1,3,22,37
"1258",10,12,5,9,20,20,11,12,4,9,20,14,6,6,1,2,6,2,0,1,6,2,2,23,48
"1259",11,14,5,9,21,20,11,12,5,9,20,20,11,2,0,0,1,1,3,2,1,1,1,25,49
"1260",12,14,5,9,21,20,11,14,5,9,21,20,11,1,3,0,NA,0,0,0,0,0,0,25,49
"1261",0,0,0,0,0,0,0,0,0,0,0,0,0,0,0,0,0,0,0,0,0,0,0,0,0
"1262",1,1,6,1,6,1,1,1,1,1,1,1,1,4,5,5,4,5,0,5,5,2,1,5,5
"1263",2,1,6,5,6,3,1,1,6,1,6,1,1,4,0,0,2,2,2,4,2,3,2,9,7
"1264",3,1,6,7,6,3,3,1,6,5,6,3,1,2,2,0,2,0,0,2,2,3,3,11,9
"1265",4,4,6,7,6,7,3,1,6,7,6,3,3,3,4,1,4,1,0,3,4,1,2,14,13
"1266",5,5,6,7,6,7,7,4,6,7,6,7,3,1,0,0,5,4,5,1,4,1,3,15,17
"1267",6,5,6,12,6,7,12,5,6,7,6,7,7,5,5,0,5,0,0,5,5,3,3,20,22
"1268",7,5,9,18,6,11,12,5,6,12,6,7,12,6,1,4,1,4,0,6,4,3,2,29,26
"1269",8,6,9,18,6,14,12,5,9,18,6,11,12,1,0,0,3,2,2,1,3,1,2,30,29
"1270",9,8,9,18,8,14,12,6,9,18,6,14,12,2,2,0,2,0,0,2,2,1,1,32,31
"1271",10,8,9,19,9,14,12,8,9,18,8,14,12,1,1,1,1,1,0,1,1,3,1,33,32
"1272",11,8,9,20,16,14,12,8,9,19,9,14,12,1,0,0,3,4,6,1,6,3,1,34,39
"1273",12,8,9,20,16,14,12,8,9,20,16,14,12,3,4,0,NA,0,0,0,0,0,0,34,39
"1274",0,0,0,0,0,0,0,0,0,0,0,0,0,0,0,0,0,0,0,0,0,0,0,0,0
"1275",1,1,1,4,4,1,7,1,1,1,1,1,1,3,6,5,6,5,0,3,6,3,3,3,9
"1276",2,1,1,9,10,6,7,1,1,4,4,1,7,5,0,0,4,6,2,5,6,3,1,8,20
"1277",3,5,1,9,10,8,7,1,1,9,10,6,7,4,2,0,2,0,0,4,2,1,2,12,22
"1278",4,5,4,9,10,11,7,5,1,9,10,8,7,3,3,1,3,1,0,3,3,2,2,15,25
"1279",5,6,4,9,10,14,7,5,4,9,10,11,7,1,0,0,2,2,3,1,3,1,2,16,28
"1280",6,8,4,9,10,14,9,6,4,9,10,14,7,2,2,0,2,0,0,2,2,1,3,18,30
"1281",7,9,10,9,10,20,14,8,4,9,10,14,9,6,4,6,4,6,0,6,6,2,2,25,41
"1282",8,9,10,13,10,20,18,9,10,9,10,20,14,4,0,0,6,6,4,4,4,3,3,29,45
"1283",9,15,11,13,21,20,18,9,10,13,10,20,18,6,6,0,6,0,0,6,6,1,1,36,56
"1284",10,15,14,13,27,25,18,15,11,13,21,20,18,6,1,3,6,1,0,3,6,2,1,39,67
"1285",11,16,1,1,37,31,18,15,14,13,27,25,18,1,0,0,6,6,5,1,6,1,1,15,83
"1286",12,16,1,1,37,31,18,16,1,1,37,31,18,6,5,0,NA,0,0,0,0,0,0,15,83
"1287",0,0,0,0,0,0,0,0,0,0,0,0,0,0,0,0,0,0,0,0,0,0,0,0,0
"1288",1,1,1,3,4,1,1,1,1,1,1,1,1,3,2,3,3,3,0,2,3,3,1,2,3
"1289",2,1,1,6,4,7,2,1,1,3,4,1,1,3,0,0,4,6,2,3,6,3,2,5,10
"1290",3,1,1,8,4,7,6,1,1,6,4,7,2,4,2,0,4,0,0,2,4,3,3,7,14
"1291",4,7,1,10,4,7,11,1,1,8,4,7,6,6,5,1,5,1,0,6,5,1,3,15,19
"1292",5,7,1,11,14,7,17,7,1,10,4,7,11,1,0,0,2,6,5,1,6,3,3,16,35
"1293",6,7,1,16,14,7,19,7,1,11,14,7,17,2,5,0,2,0,0,5,2,3,3,21,37
"1294",7,7,1,24,20,18,19,7,1,16,14,7,19,4,6,6,4,6,0,6,6,3,2,29,54
"1295",8,7,1,28,20,18,21,7,1,24,20,18,19,4,0,0,2,3,2,4,2,3,3,33,56
"1296",9,10,1,28,20,20,21,7,1,28,20,18,21,3,2,0,2,0,0,3,2,1,2,36,58
"1297",10,10,2,28,20,20,23,10,1,28,20,20,21,2,1,5,2,5,0,1,2,2,3,37,60
"1298",11,15,1,28,26,20,23,10,2,28,20,20,23,5,0,0,4,2,4,5,4,1,1,41,66
"1299",12,15,1,28,26,20,23,15,1,28,26,20,23,2,4,0,NA,0,0,0,0,0,0,41,66
"1300",0,0,0,0,0,0,0,0,0,0,0,0,0,0,0,0,0,0,0,0,0,0,0,0,0
"1301",1,10,1,7,2,7,1,1,1,1,1,1,1,6,5,6,5,6,0,6,6,3,2,15,7
"1302",2,15,1,7,2,7,6,10,1,7,2,7,1,5,0,0,2,5,5,5,5,1,3,20,12
"1303",3,20,1,7,2,7,8,15,1,7,2,7,6,2,5,0,2,0,0,5,2,1,3,25,14
"1304",4,20,1,15,2,11,8,20,1,7,2,7,8,6,4,4,4,4,0,6,4,3,2,33,18
"1305",5,20,5,15,2,11,12,20,1,15,2,11,8,4,0,0,4,1,5,4,4,2,3,37,22
"1306",6,1,5,15,3,12,12,20,5,15,2,11,12,1,5,0,1,0,0,5,1,1,1,18,24
"1307",7,1,10,15,3,16,12,1,5,15,3,12,12,5,1,4,1,4,0,5,4,2,2,23,28
"1308",8,1,11,15,7,16,12,1,10,15,3,16,12,1,0,0,1,4,3,1,4,2,1,24,32
"1309",9,2,11,15,7,16,15,1,11,15,7,16,12,1,3,0,3,0,0,1,3,1,3,25,35
"1310",10,5,11,15,7,17,15,2,11,15,7,16,15,3,1,1,1,1,0,3,1,1,2,28,36
"1311",11,6,11,15,12,17,15,5,11,15,7,17,15,1,0,0,5,5,2,1,5,1,1,29,41
"1312",12,6,11,15,12,17,15,6,11,15,12,17,15,5,2,0,NA,0,0,0,0,0,0,29,41
"1313",0,0,0,0,0,0,0,0,0,0,0,0,0,0,0,0,0,0,0,0,0,0,0,0,0
"1314",1,2,1,1,1,1,4,1,1,1,1,1,1,3,2,1,3,2,0,1,3,1,3,1,3
"1315",2,4,1,1,1,1,6,2,1,1,1,1,4,2,0,0,2,4,1,2,2,1,3,3,5
"1316",3,8,1,1,1,2,6,4,1,1,1,1,6,4,1,0,1,0,0,4,1,1,2,7,6
"1317",4,10,1,1,5,2,6,8,1,1,1,2,6,1,2,4,1,4,0,2,4,1,1,9,10
"1318",5,10,1,2,11,2,9,10,1,1,5,2,6,1,0,0,1,3,6,1,6,3,1,10,19
"1319",6,11,1,2,11,2,12,10,1,2,11,2,9,1,3,0,3,0,0,1,3,1,3,11,22
"1320",7,11,3,2,17,5,12,11,1,2,11,2,12,3,2,6,3,6,0,2,6,2,1,13,31
"1321",8,14,3,2,17,9,12,11,3,2,17,5,12,3,0,0,4,6,6,3,4,1,2,16,35
"1322",9,20,7,2,17,9,19,14,3,2,17,9,12,6,6,0,6,0,0,6,6,1,3,26,42
"1323",10,20,14,2,21,9,19,20,7,2,17,9,19,4,6,1,4,1,0,6,4,2,1,33,46
"1324",11,21,14,2,22,9,19,20,14,2,21,9,19,1,0,0,1,5,4,1,1,1,1,34,47
"1325",12,21,14,2,22,9,19,21,14,2,22,9,19,5,4,0,NA,0,0,0,0,0,0,34,47
"1326",0,0,0,0,0,0,0,0,0,0,0,0,0,0,0,0,0,0,0,0,0,0,0,0,0
"1327",1,4,1,1,1,1,6,1,1,1,1,1,1,2,5,3,2,5,0,3,5,1,3,3,5
"1328",2,6,1,1,4,1,6,4,1,1,1,1,6,2,0,0,2,3,2,2,3,1,1,5,8
"1329",3,8,1,1,4,3,6,6,1,1,4,1,6,2,2,0,2,0,0,2,2,1,2,7,10
"1330",4,8,2,1,6,3,6,8,1,1,4,3,6,2,1,1,2,1,0,1,2,2,1,8,12
"1331",5,8,3,1,6,3,13,8,2,1,6,3,6,1,0,0,6,2,2,1,6,2,3,9,19
"1332",6,8,3,3,6,3,15,8,3,1,6,3,13,2,2,0,2,0,0,2,2,3,3,11,21
"1333",7,14,3,12,6,9,21,8,3,3,6,3,15,6,6,1,6,1,0,6,6,3,3,26,33
"1334",8,15,3,12,12,11,21,14,3,12,6,9,21,1,0,0,1,2,6,1,6,1,1,27,41
"1335",9,16,3,12,12,13,21,15,3,12,12,11,21,1,2,0,2,0,0,1,2,1,2,28,43
"1336",10,16,3,17,14,13,21,16,3,12,12,13,21,2,5,4,2,4,0,5,2,3,1,33,45
"1337",11,20,3,17,24,13,21,16,3,17,14,13,21,4,0,0,2,4,6,4,6,1,1,37,55
"1338",12,20,3,17,24,13,21,20,3,17,24,13,21,2,4,0,NA,0,0,0,0,0,0,37,55
"1339",0,0,0,0,0,0,0,0,0,0,0,0,0,0,0,0,0,0,0,0,0,0,0,0,0
"1340",1,4,7,7,4,1,1,1,1,1,1,1,1,3,3,6,3,3,0,6,3,3,1,15,3
"1341",2,4,10,7,8,1,1,4,7,7,4,1,1,3,0,0,4,1,4,3,4,2,1,18,7
"1342",3,4,10,11,8,2,1,4,10,7,8,1,1,1,4,0,1,0,0,4,1,3,2,22,8
"1343",4,4,10,20,8,2,6,4,10,11,8,2,1,5,6,6,5,6,0,6,5,3,3,31,13
"1344",5,10,12,20,8,2,10,4,10,20,8,2,6,6,0,0,3,1,4,6,4,1,3,39,17
"1345",6,13,12,20,8,2,11,10,12,20,8,2,10,3,1,0,1,0,0,3,1,1,3,42,18
"1346",7,17,12,20,9,2,11,13,12,20,8,2,11,4,1,1,1,1,0,4,1,1,1,46,19
"1347",8,18,12,20,20,2,11,17,12,20,9,2,11,1,0,0,1,6,1,1,6,1,1,47,30
"1348",9,18,13,20,20,3,11,18,12,20,20,2,11,1,1,0,1,0,0,1,1,2,2,48,31
"1349",10,18,16,20,24,3,11,18,13,20,20,3,11,3,4,6,4,6,0,3,4,2,1,51,35
"1350",11,22,22,20,28,3,11,18,16,20,24,3,11,6,0,0,5,5,4,6,4,2,1,61,39
"1351",12,22,22,20,28,3,11,22,22,20,28,3,11,5,5,0,NA,0,0,0,0,0,0,61,39
"1352",0,0,0,0,0,0,0,0,0,0,0,0,0,0,0,0,0,0,0,0,0,0,0,0,0
"1353",1,1,1,2,4,1,1,1,1,1,1,1,1,3,1,2,3,2,0,1,3,3,1,1,3
"1354",2,1,3,2,7,1,1,1,1,2,4,1,1,2,0,0,3,4,4,2,3,2,1,3,6
"1355",3,1,3,6,7,5,1,1,3,2,7,1,1,4,4,0,4,0,0,4,4,3,2,7,10
"1356",4,3,3,6,10,5,1,1,3,6,7,5,1,2,3,1,3,1,0,2,3,1,1,9,13
"1357",5,4,3,6,10,9,1,3,3,6,10,5,1,1,0,0,4,3,4,1,4,1,2,10,17
"1358",6,4,6,6,10,13,1,4,3,6,10,9,1,3,4,0,4,0,0,3,4,2,2,13,21
"1359",7,4,6,10,15,13,1,4,6,6,10,13,1,2,4,5,2,5,0,4,5,3,1,17,26
"1360",8,6,6,10,15,13,5,4,6,10,15,13,1,2,0,0,1,4,2,2,4,1,3,19,30
"1361",9,6,6,12,16,13,5,6,6,10,15,13,5,1,2,0,1,0,0,2,1,3,1,21,31
"1362",10,6,9,12,27,13,5,6,6,12,16,13,5,3,6,2,6,2,0,3,6,2,1,24,42
"1363",11,8,9,12,27,16,5,6,9,12,27,13,5,2,0,0,3,2,6,2,3,1,2,26,45
"1364",12,8,9,12,27,16,5,8,9,12,27,16,5,2,6,0,NA,0,0,0,0,0,0,26,45
"1365",0,0,0,0,0,0,0,0,0,0,0,0,0,0,0,0,0,0,0,0,0,0,0,0,0
"1366",1,1,5,1,1,1,6,1,1,1,1,1,1,5,4,2,5,2,0,4,5,2,3,4,5
"1367",2,1,7,1,1,1,11,1,5,1,1,1,6,2,0,0,5,1,1,2,5,2,3,6,10
"1368",3,1,8,1,2,1,11,1,7,1,1,1,11,1,1,0,1,0,0,1,1,2,1,7,11
"1369",4,1,13,1,2,6,11,1,8,1,2,1,11,5,2,5,2,5,0,5,5,2,2,12,16
"1370",5,1,15,1,2,6,16,1,13,1,2,6,11,2,0,0,3,5,1,2,5,2,3,14,21
"1371",6,1,15,2,2,9,16,1,15,1,2,6,16,3,1,0,3,0,0,1,3,3,2,15,24
"1372",7,1,18,2,2,14,16,1,15,2,2,9,16,3,5,4,5,4,0,3,5,2,2,18,29
"1373",8,1,22,2,4,20,16,1,18,2,2,14,16,4,0,0,6,2,3,4,6,2,2,22,37
"1374",9,1,25,2,4,22,16,1,22,2,4,20,16,2,3,0,2,0,0,3,2,2,2,25,39
"1375",10,1,25,5,4,22,17,1,25,2,4,22,16,3,1,2,1,2,0,3,1,3,3,28,40
"1376",11,3,25,5,11,22,17,1,25,5,4,22,17,2,0,0,6,2,3,2,6,1,1,30,47
"1377",12,3,25,5,11,22,17,3,25,5,11,22,17,2,3,0,NA,0,0,0,0,0,0,30,47
"1378",0,0,0,0,0,0,0,0,0,0,0,0,0,0,0,0,0,0,0,0,0,0,0,0,0
"1379",1,11,1,1,1,1,5,1,1,1,1,1,1,6,3,4,3,4,0,6,4,1,3,10,4
"1380",2,11,4,1,6,1,5,11,1,1,1,1,5,3,0,0,5,3,2,3,5,2,1,13,9
"1381",3,11,7,1,6,3,5,11,4,1,6,1,5,3,2,0,2,0,0,3,2,2,2,16,11
"1382",4,14,7,1,6,3,10,11,7,1,6,3,5,3,5,5,5,5,0,3,5,1,3,19,16
"1383",5,19,7,1,8,3,10,14,7,1,6,3,10,5,0,0,1,2,1,5,2,1,1,24,18
"1384",6,20,7,1,9,3,10,19,7,1,8,3,10,1,1,0,1,0,0,1,1,1,1,25,19
"1385",7,21,13,1,18,3,10,20,7,1,9,3,10,3,6,6,3,6,0,6,6,2,1,32,28
"1386",8,24,13,1,18,3,20,21,13,1,18,3,10,3,0,0,6,3,3,3,6,1,3,35,38
"1387",9,24,13,4,18,6,20,24,13,1,18,3,20,3,3,0,3,0,0,3,3,3,2,38,41
"1388",10,24,14,4,18,7,20,24,13,4,18,6,20,1,1,1,1,1,0,1,1,2,2,39,42
"1389",11,24,14,5,24,9,20,24,14,4,18,7,20,1,0,0,4,6,6,1,6,3,1,40,50
"1390",12,24,14,5,24,9,20,24,14,5,24,9,20,4,6,0,NA,0,0,0,0,0,0,40,50
"1391",0,0,0,0,0,0,0,0,0,0,0,0,0,0,0,0,0,0,0,0,0,0,0,0,0
"1392",1,1,5,1,1,3,1,1,1,1,1,1,1,1,4,2,1,2,0,4,2,2,2,4,2
"1393",2,1,6,1,5,3,1,1,5,1,1,3,1,1,0,0,1,4,1,1,4,2,1,5,6
"1394",3,1,6,2,5,3,2,1,6,1,5,3,1,1,1,0,1,0,0,1,1,3,3,6,7
"1395",4,1,6,4,5,8,2,1,6,2,5,3,2,2,5,5,5,5,0,2,5,3,2,8,12
"1396",5,1,6,9,5,8,7,1,6,4,5,8,2,5,0,0,1,1,5,5,5,3,3,13,17
"1397",6,2,6,9,5,9,7,1,6,9,5,8,7,1,1,0,1,0,0,1,1,1,2,14,18
"1398",7,6,6,9,8,9,7,2,6,9,5,9,7,3,4,3,3,3,0,4,3,1,1,18,21
"1399",8,9,6,9,8,14,7,6,6,9,8,9,7,3,0,0,1,4,5,3,5,1,2,21,26
"1400",9,9,10,9,9,14,7,9,6,9,8,14,7,1,4,0,1,0,0,4,1,2,1,25,27
"1401",10,9,10,13,9,17,7,9,10,9,9,14,7,4,3,1,3,1,0,4,3,3,2,29,30
"1402",11,10,10,13,19,17,7,9,10,13,9,17,7,1,0,0,6,4,5,1,6,1,1,30,40
"1403",12,10,10,13,19,17,7,10,10,13,19,17,7,4,5,0,NA,0,0,0,0,0,0,30,40
"1404",0,0,0,0,0,0,0,0,0,0,0,0,0,0,0,0,0,0,0,0,0,0,0,0,0
"1405",1,1,1,6,10,1,1,1,1,1,1,1,1,5,1,6,1,6,0,5,6,3,1,5,9
"1406",2,2,1,6,10,1,6,1,1,6,10,1,1,1,0,0,1,5,4,1,5,1,3,6,14
"1407",3,2,5,6,11,1,6,2,1,6,10,1,6,1,4,0,1,0,0,4,1,2,1,10,15
"1408",4,6,5,6,19,1,6,2,5,6,11,1,6,6,3,4,6,3,0,4,6,1,1,14,23
"1409",5,6,8,6,19,1,10,6,5,6,19,1,6,3,0,0,4,4,2,3,4,2,3,17,27
"1410",6,10,8,6,21,1,10,6,8,6,19,1,10,4,2,0,2,0,0,4,2,1,1,21,29
"1411",7,12,8,6,21,6,10,10,8,6,21,1,10,2,5,1,5,1,0,2,5,1,2,23,34
"1412",8,13,8,6,21,6,13,12,8,6,21,6,10,1,0,0,3,3,2,1,3,1,3,24,37
"1413",9,13,11,6,21,6,15,13,8,6,21,6,13,3,2,0,2,0,0,3,2,2,3,27,39
"1414",10,13,11,9,21,6,20,13,11,6,21,6,15,5,5,3,5,5,0,3,5,3,3,30,44
"1415",11,18,11,1,31,10,20,13,11,9,21,6,20,5,0,0,1,6,3,5,6,1,1,27,58
"1416",12,18,11,1,31,10,20,18,11,1,31,10,20,1,3,0,NA,0,0,0,0,0,0,27,58
"1417",0,0,0,0,0,0,0,0,0,0,0,0,0,0,0,0,0,0,0,0,0,0,0,0,0
"1418",1,1,1,6,5,1,1,1,1,1,1,1,1,4,5,4,4,4,0,5,4,3,1,5,4
"1419",2,5,1,6,9,1,1,1,1,6,5,1,1,4,0,0,4,4,1,4,4,1,1,9,8
"1420",3,9,1,6,9,1,2,5,1,6,9,1,1,4,1,0,1,0,0,4,1,1,3,13,9
"1421",4,9,5,6,9,7,4,9,1,6,9,1,2,3,4,6,3,6,0,4,6,2,2,17,17
"1422",5,9,8,6,9,7,8,9,5,6,9,7,4,3,0,0,3,4,3,3,4,2,3,20,21
"1423",6,12,8,6,9,7,11,9,8,6,9,7,8,3,3,0,3,0,0,3,3,1,3,23,24
"1424",7,12,8,9,9,17,11,12,8,6,9,7,11,6,3,3,6,3,0,3,6,3,2,26,34
"1425",8,15,8,9,9,19,11,12,8,9,9,17,11,3,0,0,1,2,1,3,2,1,2,29,36
"1426",9,16,8,9,10,19,11,15,8,9,9,19,11,1,1,0,1,0,0,1,1,1,1,30,37
"1427",10,16,8,14,13,19,17,16,8,9,10,19,11,5,6,5,6,5,0,5,6,3,3,35,46
"1428",11,21,8,14,15,19,17,16,8,14,13,19,17,5,0,0,2,3,1,5,2,1,1,40,48
"1429",12,21,8,14,15,19,17,21,8,14,15,19,17,3,1,0,NA,0,0,0,0,0,0,40,48
"1430",0,0,0,0,0,0,0,0,0,0,0,0,0,0,0,0,0,0,0,0,0,0,0,0,0
"1431",1,1,5,1,1,5,1,1,1,1,1,1,1,3,4,4,3,4,0,4,4,2,2,4,4
"1432",2,1,8,1,1,5,6,1,5,1,1,5,1,3,0,0,1,5,5,3,5,2,3,7,9
"1433",3,1,13,1,2,5,6,1,8,1,1,5,6,1,5,0,1,0,0,5,1,2,1,12,10
"1434",4,1,13,4,2,6,6,1,13,1,2,5,6,3,1,2,1,2,0,3,1,3,2,15,11
"1435",5,3,13,4,7,6,6,1,13,4,2,6,6,2,0,0,5,4,1,2,5,1,1,17,16
"1436",6,3,13,8,7,7,6,3,13,4,7,6,6,4,1,0,1,0,0,4,1,3,2,21,17
"1437",7,3,16,8,10,7,6,3,13,8,7,7,6,3,3,1,3,1,0,3,3,2,1,24,20
"1438",8,3,17,8,10,16,6,3,16,8,10,7,6,1,0,0,4,6,2,1,6,2,2,25,29
"1439",9,7,17,8,10,18,6,3,17,8,10,16,6,4,2,0,2,0,0,4,2,1,2,29,31
"1440",10,7,22,8,14,18,6,7,17,8,10,18,6,1,5,4,1,4,0,5,4,2,1,34,35
"1441",11,7,22,9,20,18,10,7,22,8,14,18,6,1,0,0,3,6,5,1,6,3,1,35,45
"1442",12,7,22,9,20,18,10,7,22,9,20,18,10,3,5,0,NA,0,0,0,0,0,0,35,45
"1443",0,0,0,0,0,0,0,0,0,0,0,0,0,0,0,0,0,0,0,0,0,0,0,0,0
"1444",1,1,1,4,4,1,1,1,1,1,1,1,1,3,3,2,3,2,0,3,3,3,1,3,3
"1445",2,3,1,4,9,1,13,1,1,4,4,1,1,2,0,0,2,3,6,2,6,1,3,5,20
"1446",3,3,1,7,11,1,13,3,1,4,9,1,13,2,3,0,2,0,0,3,2,3,1,8,22
"1447",4,8,1,7,17,11,13,3,1,7,11,1,13,6,2,5,6,2,0,5,6,1,1,13,38
"1448",5,10,1,7,17,12,13,8,1,7,17,11,13,2,0,0,1,4,3,2,1,1,2,15,39
"1449",6,10,5,7,20,12,13,10,1,7,17,12,13,4,3,0,3,0,0,4,3,2,1,19,42
"1450",7,13,5,7,20,13,13,10,5,7,20,12,13,1,3,4,1,4,0,3,1,1,2,22,43
"1451",8,17,5,7,20,15,13,13,5,7,20,13,13,4,0,0,4,2,3,4,2,1,2,26,45
"1452",9,20,5,7,20,19,13,17,5,7,20,15,13,4,3,0,4,0,0,3,4,1,2,29,49
"1453",10,21,1,7,28,27,13,20,5,7,20,19,13,1,5,6,5,6,0,1,6,1,1,26,65
"1454",11,22,6,7,3,27,13,21,1,7,28,27,13,5,0,0,2,2,5,5,2,2,1,32,40
"1455",12,22,6,7,3,27,13,22,6,7,3,27,13,2,5,0,NA,0,0,0,0,0,0,32,40
"1456",0,0,0,0,0,0,0,0,0,0,0,0,0,0,0,0,0,0,0,0,0,0,0,0,0
"1457",1,6,1,1,1,2,1,1,1,1,1,1,1,1,1,5,1,1,0,5,1,1,2,5,1
"1458",2,6,2,1,1,6,7,6,1,1,1,2,1,1,0,0,6,3,1,1,6,2,3,6,11
"1459",3,9,2,1,2,6,7,6,2,1,1,6,7,3,1,0,1,0,0,3,1,1,1,9,12
"1460",4,15,7,1,12,6,7,9,2,1,2,6,7,3,6,6,3,6,0,6,6,1,1,20,22
"1461",5,15,10,1,15,6,7,15,7,1,12,6,7,3,0,0,3,3,2,3,3,2,1,23,25
"1462",6,17,10,1,18,6,7,15,10,1,15,6,7,3,2,0,3,0,0,2,3,1,1,25,28
"1463",7,21,10,1,23,6,7,17,10,1,18,6,7,3,4,5,3,5,0,4,5,1,1,29,33
"1464",8,24,10,1,23,11,7,21,10,1,23,6,7,3,0,0,4,5,1,3,5,1,2,32,38
"1465",9,24,10,2,23,15,7,24,10,1,23,11,7,4,1,0,4,0,0,1,4,3,2,33,42
"1466",10,26,10,2,23,18,7,24,10,2,23,15,7,2,2,3,2,3,0,2,3,1,2,35,45
"1467",11,26,12,2,23,20,7,26,10,2,23,18,7,2,0,0,2,1,1,2,2,2,2,37,47
"1468",12,26,12,2,23,20,7,26,12,2,23,20,7,1,1,0,NA,0,0,0,0,0,0,37,47
"1469",0,0,0,0,0,0,0,0,0,0,0,0,0,0,0,0,0,0,0,0,0,0,0,0,0
"1470",1,7,12,1,1,7,3,1,1,1,1,1,1,6,6,4,6,4,0,6,6,1,2,17,8
"1471",2,11,12,1,1,7,10,7,12,1,1,7,3,4,0,0,2,6,3,4,6,1,3,21,15
"1472",3,14,12,1,1,9,10,11,12,1,1,7,10,2,3,0,2,0,0,3,2,1,2,24,17
"1473",4,14,16,1,1,12,10,14,12,1,1,9,10,3,3,4,3,3,0,4,3,2,2,28,20
"1474",5,17,16,1,1,17,10,14,16,1,1,12,10,3,0,0,3,5,3,3,5,1,2,31,25
"1475",6,20,16,1,1,17,13,17,16,1,1,17,10,3,3,0,3,0,0,3,3,1,3,34,28
"1476",7,20,16,6,1,17,16,20,16,1,1,17,13,5,3,3,3,3,0,5,3,3,3,39,31
"1477",8,23,16,6,1,20,16,20,16,6,1,17,16,3,0,0,2,1,3,3,3,1,2,42,34
"1478",9,23,16,8,1,20,17,23,16,6,1,20,16,2,1,0,1,0,0,2,1,3,3,44,35
"1479",10,23,16,10,1,22,17,23,16,8,1,20,17,2,2,1,2,1,0,2,2,3,2,46,37
"1480",11,1,16,10,7,22,17,23,16,10,1,22,17,1,0,0,6,1,2,1,1,1,1,24,43
"1481",12,1,16,10,7,22,17,1,16,10,7,22,17,6,2,0,NA,0,0,0,0,0,0,24,43
"1482",0,0,0,0,0,0,0,0,0,0,0,0,0,0,0,0,0,0,0,0,0,0,0,0,0
"1483",1,1,1,4,1,4,7,1,1,1,1,1,1,5,3,6,5,6,0,3,6,3,3,3,9
"1484",2,1,6,4,1,8,7,1,1,4,1,4,7,5,0,0,5,4,2,5,4,2,2,8,13
"1485",3,6,6,4,3,8,7,1,6,4,1,8,7,5,2,0,2,0,0,5,2,1,1,13,15
"1486",4,6,9,4,3,11,7,6,6,4,3,8,7,3,3,2,3,2,0,3,3,2,2,16,18
"1487",5,6,11,4,4,11,13,6,9,4,3,11,7,2,0,0,6,1,4,2,6,2,3,18,25
"1488",6,6,12,4,8,11,13,6,11,4,4,11,13,1,4,0,4,0,0,1,4,2,1,19,29
"1489",7,11,12,4,8,16,13,6,12,4,8,11,13,5,5,4,5,4,0,5,5,1,2,24,34
"1490",8,15,12,4,8,16,16,11,12,4,8,16,13,4,0,0,3,1,1,4,3,1,3,28,37
"1491",9,16,12,4,8,16,17,15,12,4,8,16,16,1,1,0,1,0,0,1,1,1,3,29,38
"1492",10,16,17,4,8,16,25,16,12,4,8,16,17,4,5,6,4,6,0,5,6,2,3,34,46
"1493",11,20,17,4,9,16,25,16,17,4,8,16,25,4,0,0,1,3,1,4,1,1,1,38,47
"1494",12,20,17,4,9,16,25,20,17,4,9,16,25,3,1,0,NA,0,0,0,0,0,0,38,47
"1495",0,0,0,0,0,0,0,0,0,0,0,0,0,0,0,0,0,0,0,0,0,0,0,0,0
"1496",1,8,1,1,1,5,1,1,1,1,1,1,1,4,6,1,4,1,0,6,4,1,2,7,4
"1497",2,8,2,1,9,5,1,8,1,1,1,5,1,1,0,0,6,2,5,1,6,2,1,8,12
"1498",3,8,7,1,9,7,1,8,2,1,9,5,1,2,5,0,2,0,0,5,2,2,2,13,14
"1499",4,11,7,1,9,7,6,8,7,1,9,7,1,5,3,3,5,3,0,3,5,1,3,16,19
"1500",5,11,10,1,9,7,11,11,7,1,9,7,6,3,0,0,5,5,1,3,5,2,3,19,24
"1501",6,16,10,1,9,7,12,11,10,1,9,7,11,5,1,0,1,0,0,5,1,1,3,24,25
"1502",7,16,11,1,12,7,12,16,10,1,9,7,12,3,2,1,3,2,0,1,3,2,1,25,28
"1503",8,18,11,1,12,7,17,16,11,1,12,7,12,2,0,0,5,6,6,2,5,1,3,27,33
"1504",9,24,14,1,14,13,17,18,11,1,12,7,17,6,6,0,6,0,0,6,6,1,2,36,41
"1505",10,33,14,1,14,13,22,24,14,1,14,13,17,5,6,5,5,5,0,6,5,1,3,45,46
"1506",11,33,19,1,15,19,22,33,14,1,14,13,22,5,0,0,6,6,6,5,6,2,2,50,53
"1507",12,33,19,1,15,19,22,33,19,1,15,19,22,6,6,0,NA,0,0,0,0,0,0,50,53
"1508",0,0,0,0,0,0,0,0,0,0,0,0,0,0,0,0,0,0,0,0,0,0,0,0,0
"1509",1,6,1,1,1,1,5,1,1,1,1,1,1,5,4,2,4,2,0,5,4,1,3,5,4
"1510",2,6,1,3,1,6,5,6,1,1,1,1,5,2,0,0,1,1,5,2,5,3,2,7,9
"1511",3,6,1,4,1,6,6,6,1,3,1,6,5,1,1,0,1,0,0,1,1,3,3,8,10
"1512",4,6,4,4,1,17,6,6,1,4,1,6,6,3,1,6,1,6,0,3,6,2,2,11,21
"1513",5,7,4,4,1,17,11,6,4,4,1,17,6,1,0,0,4,3,5,1,5,1,3,12,26
"1514",6,11,4,4,4,17,11,7,4,4,1,17,11,4,3,0,3,0,0,4,3,1,1,16,29
"1515",7,12,4,4,10,17,16,11,4,4,4,17,11,1,6,3,6,3,0,1,6,1,1,17,40
"1516",8,15,4,4,10,17,17,12,4,4,10,17,16,3,0,0,2,6,1,3,1,1,3,20,41
"1517",9,25,4,4,12,17,17,15,4,4,10,17,17,2,6,0,2,0,0,6,2,1,1,30,43
"1518",10,27,4,4,16,17,17,25,4,4,12,17,17,2,3,4,3,4,0,2,4,1,1,32,47
"1519",11,30,4,4,21,17,17,27,4,4,16,17,17,3,0,0,5,3,3,3,5,1,1,35,52
"1520",12,30,4,4,21,17,17,30,4,4,21,17,17,3,3,0,NA,0,0,0,0,0,0,35,52
"1521",0,0,0,0,0,0,0,0,0,0,0,0,0,0,0,0,0,0,0,0,0,0,0,0,0
"1522",1,5,1,1,1,1,6,1,1,1,1,1,1,4,5,3,5,3,0,4,5,1,3,4,5
"1523",2,8,1,1,1,7,10,5,1,1,1,1,6,3,0,0,5,6,2,3,6,1,2,7,15
"1524",3,8,1,6,1,9,10,8,1,1,1,7,10,5,2,0,2,0,0,5,2,3,2,12,17
"1525",4,8,1,10,1,14,10,8,1,6,1,9,10,1,4,5,1,5,0,4,5,3,2,16,22
"1526",5,8,1,11,1,14,15,8,1,10,1,14,10,1,0,0,5,1,2,1,5,3,3,17,27
"1527",6,9,1,11,1,14,17,8,1,11,1,14,15,1,2,0,2,0,0,1,2,1,3,18,29
"1528",7,14,1,17,1,18,17,9,1,11,1,14,17,4,6,1,4,1,0,6,4,3,2,29,33
"1529",8,15,1,17,1,18,21,14,1,17,1,18,17,1,0,0,2,4,3,1,4,1,3,30,37
"1530",9,15,4,17,1,18,23,15,1,17,1,18,21,2,3,0,2,0,0,3,2,2,3,33,39
"1531",10,15,8,17,1,18,27,15,4,17,1,18,23,2,4,4,2,4,0,4,4,2,3,37,43
"1532",11,17,8,17,4,18,27,15,8,17,1,18,27,2,0,0,3,2,4,2,3,1,1,39,46
"1533",12,17,8,17,4,18,27,17,8,17,4,18,27,2,4,0,NA,0,0,0,0,0,0,39,46
"1534",0,0,0,0,0,0,0,0,0,0,0,0,0,0,0,0,0,0,0,0,0,0,0,0,0
"1535",1,4,1,1,7,1,7,1,1,1,1,1,1,6,3,2,6,2,0,3,6,1,1,3,12
"1536",2,6,1,1,7,1,10,4,1,1,7,1,7,2,0,0,3,3,3,2,3,1,3,5,15
"1537",3,6,4,1,7,4,10,6,1,1,7,1,10,3,3,0,3,0,0,3,3,2,2,8,18
"1538",4,11,4,1,7,4,12,6,4,1,7,4,10,1,2,5,1,2,0,5,2,1,3,13,20
"1539",5,12,4,1,18,4,12,11,4,1,7,4,12,1,0,0,6,4,6,1,6,1,1,14,31
"1540",6,12,14,1,18,8,12,12,4,1,18,4,12,4,6,0,4,0,0,6,4,2,2,24,35
"1541",7,15,14,1,18,19,12,12,14,1,18,8,12,3,4,6,4,6,0,3,6,1,2,27,46
"1542",8,19,14,1,18,19,17,15,14,1,18,19,12,4,0,0,5,1,4,4,5,1,3,31,51
"1543",9,23,14,1,18,19,18,19,14,1,18,19,17,1,4,0,1,0,0,4,1,1,3,35,52
"1544",10,23,17,1,18,19,23,23,14,1,18,19,18,3,5,3,5,3,0,3,5,2,3,38,57
"1545",11,26,17,1,28,19,23,23,17,1,18,19,23,3,0,0,6,4,4,3,6,1,1,41,67
"1546",12,26,17,1,28,19,23,26,17,1,28,19,23,4,4,0,NA,0,0,0,0,0,0,41,67
"1547",0,0,0,0,0,0,0,0,0,0,0,0,0,0,0,0,0,0,0,0,0,0,0,0,0
"1548",1,6,1,1,5,1,1,1,1,1,1,1,1,2,4,5,2,4,0,5,4,1,1,5,4
"1549",2,6,1,3,11,1,3,6,1,1,5,1,1,2,0,0,6,5,4,2,6,3,1,7,12
"1550",3,11,1,3,15,1,3,6,1,3,11,1,3,5,4,0,4,0,0,5,4,1,1,12,16
"1551",4,11,1,6,15,5,3,11,1,3,15,1,3,2,4,3,2,4,0,3,4,3,2,15,20
"1552",5,11,1,8,18,5,3,11,1,6,15,5,3,2,0,0,3,2,3,2,3,3,1,17,23
"1553",6,13,1,8,18,5,6,11,1,8,18,5,3,2,3,0,3,0,0,2,3,1,3,19,26
"1554",7,13,6,8,22,5,6,13,1,8,18,5,6,4,5,1,4,1,0,5,4,2,1,24,30
"1555",8,13,7,8,23,11,6,13,6,8,22,5,6,1,0,0,6,6,2,1,6,2,2,25,37
"1556",9,19,7,9,25,11,6,13,7,8,23,11,6,6,2,0,2,0,0,6,2,1,1,32,39
"1557",10,19,7,11,25,11,11,19,7,9,25,11,6,5,2,3,5,3,0,2,5,3,3,34,44
"1558",11,19,7,14,26,11,11,19,7,11,25,11,11,3,0,0,1,2,1,3,1,3,1,37,45
"1559",12,19,7,14,26,11,11,19,7,14,26,11,11,2,1,0,NA,0,0,0,0,0,0,37,45
"1560",0,0,0,0,0,0,0,0,0,0,0,0,0,0,0,0,0,0,0,0,0,0,0,0,0
"1561",1,6,1,1,1,1,3,1,1,1,1,1,1,2,1,5,2,1,0,5,2,1,3,5,2
"1562",2,7,1,1,5,7,3,6,1,1,1,1,3,1,0,0,4,6,6,1,6,1,2,6,12
"1563",3,7,7,4,9,7,3,7,1,1,5,7,3,4,6,0,4,0,0,6,4,2,1,15,16
"1564",4,7,7,9,14,7,3,7,7,4,9,7,3,1,5,5,1,5,0,5,5,3,1,20,21
"1565",5,8,7,9,14,12,3,7,7,9,14,7,3,1,0,0,3,3,5,1,5,1,2,21,26
"1566",6,8,10,9,14,12,6,8,7,9,14,12,3,3,3,0,3,0,0,3,3,2,3,24,29
"1567",7,8,10,13,14,12,10,8,10,9,14,12,6,1,4,4,1,4,0,4,4,3,3,28,33
"1568",8,8,11,13,20,13,10,8,10,13,14,12,10,1,0,0,1,1,6,1,6,2,1,29,40
"1569",9,8,11,14,20,14,10,8,11,13,20,13,10,1,1,0,1,0,0,1,1,3,2,30,41
"1570",10,8,11,24,20,14,17,8,11,14,20,14,10,1,6,6,1,6,0,6,6,3,3,40,48
"1571",11,9,11,24,22,14,17,8,11,24,20,14,17,1,0,0,2,2,5,1,2,1,1,41,50
"1572",12,9,11,24,22,14,17,9,11,24,22,14,17,2,5,0,NA,0,0,0,0,0,0,41,50
"1573",0,0,0,0,0,0,0,0,0,0,0,0,0,0,0,0,0,0,0,0,0,0,0,0,0
"1574",1,1,7,5,1,1,4,1,1,1,1,1,1,2,3,6,2,3,0,6,3,2,3,10,3
"1575",2,1,9,5,7,10,4,1,7,5,1,1,4,2,0,0,1,4,6,2,6,2,2,12,18
"1576",3,1,13,5,7,11,4,1,9,5,7,10,4,1,4,0,1,0,0,4,1,2,2,16,19
"1577",4,1,18,5,7,20,4,1,13,5,7,11,4,6,5,3,6,3,0,5,6,2,2,21,28
"1578",5,1,18,8,7,20,8,1,18,5,7,20,4,3,0,0,4,5,3,3,4,3,3,24,32
"1579",6,6,18,8,10,20,8,1,18,8,7,20,8,5,3,0,3,0,0,5,3,1,1,29,35
"1580",7,11,24,8,10,20,9,6,18,8,10,20,8,6,1,1,1,1,0,6,1,2,3,40,36
"1581",8,12,24,8,13,20,9,11,24,8,10,20,9,1,0,0,3,1,2,1,3,1,1,41,39
"1582",9,12,25,8,15,20,9,12,24,8,13,20,9,1,2,0,2,0,0,1,2,2,1,42,41
"1583",10,16,31,8,15,20,5,12,25,8,15,20,9,6,3,4,3,4,0,6,4,2,3,52,37
"1584",11,16,34,8,15,20,9,16,31,8,15,20,5,3,0,0,4,4,1,3,4,2,3,55,41
"1585",12,16,34,8,15,20,9,16,34,8,15,20,9,4,1,0,NA,0,0,0,0,0,0,55,41
"1586",0,0,0,0,0,0,0,0,0,0,0,0,0,0,0,0,0,0,0,0,0,0,0,0,0
"1587",1,1,3,1,1,1,3,1,1,1,1,1,1,2,2,2,2,2,0,2,2,2,3,2,2
"1588",2,1,5,1,7,3,3,1,3,1,1,1,3,2,0,0,6,2,2,2,6,2,1,4,10
"1589",3,3,5,1,7,3,5,1,5,1,7,3,3,2,2,0,2,0,0,2,2,1,3,6,12
"1590",4,6,5,1,12,3,5,3,5,1,7,3,5,3,1,5,1,5,0,3,5,1,1,9,17
"1591",5,7,5,1,14,3,5,6,5,1,12,3,5,1,0,0,2,1,1,1,2,1,1,10,19
"1592",6,8,5,1,14,4,5,7,5,1,14,3,5,1,1,0,1,0,0,1,1,1,2,11,20
"1593",7,8,5,4,14,4,7,8,5,1,14,4,5,3,2,2,2,2,0,3,2,3,3,14,22
"1594",8,10,5,4,14,9,7,8,5,4,14,4,7,2,0,0,1,5,1,2,5,1,2,16,27
"1595",9,11,5,4,15,9,7,10,5,4,14,9,7,1,1,0,1,0,0,1,1,1,1,17,28
"1596",10,11,5,7,21,13,7,11,5,4,15,9,7,4,3,6,4,6,0,3,6,3,1,20,38
"1597",11,15,5,7,22,13,7,11,5,7,21,13,7,4,0,0,1,1,3,4,1,1,1,24,39
"1598",12,15,5,7,22,13,7,15,5,7,22,13,7,1,3,0,NA,0,0,0,0,0,0,24,39
"1599",0,0,0,0,0,0,0,0,0,0,0,0,0,0,0,0,0,0,0,0,0,0,0,0,0
"1600",1,7,2,1,1,6,1,1,1,1,1,1,1,6,2,5,2,5,0,6,5,1,2,7,5
"1601",2,9,2,1,1,6,4,7,2,1,1,6,1,2,0,0,4,6,3,2,3,1,3,9,8
"1602",3,9,6,1,1,12,6,9,2,1,1,6,4,4,6,0,6,0,0,4,6,2,2,13,16
"1603",4,9,12,6,1,15,6,9,6,1,1,12,6,6,2,3,2,3,0,6,3,2,2,24,19
"1604",5,9,12,8,10,15,6,9,12,6,1,15,6,2,0,0,4,6,4,2,6,3,1,26,28
"1605",6,13,12,8,10,15,10,9,12,8,10,15,6,4,4,0,4,0,0,4,4,1,3,30,32
"1606",7,18,12,8,10,23,10,13,12,8,10,15,10,6,5,2,6,2,0,5,6,1,2,35,40
"1607",8,18,12,10,14,23,16,18,12,8,10,23,10,2,0,0,5,6,1,2,6,3,3,37,50
"1608",9,18,17,10,14,24,16,18,12,10,14,23,16,5,1,0,1,0,0,5,1,2,2,42,51
"1609",10,21,17,10,14,25,16,18,17,10,14,24,16,1,3,1,1,1,0,3,1,1,2,45,52
"1610",11,22,17,10,25,25,16,21,17,10,14,25,16,1,0,0,4,5,6,1,6,1,1,46,63
"1611",12,22,17,10,25,25,16,22,17,10,25,25,16,4,5,0,NA,0,0,0,0,0,0,46,63
"1612",0,0,0,0,0,0,0,0,0,0,0,0,0,0,0,0,0,0,0,0,0,0,0,0,0
"1613",1,1,1,5,1,6,1,1,1,1,1,1,1,1,5,4,1,5,0,4,5,3,2,4,5
"1614",2,1,1,6,1,6,6,1,1,5,1,6,1,1,0,0,2,5,3,1,5,3,3,5,10
"1615",3,1,1,9,1,8,6,1,1,6,1,6,6,2,3,0,2,0,0,3,2,3,2,8,12
"1616",4,12,1,9,11,8,6,1,1,9,1,8,6,3,6,6,3,6,0,6,6,1,1,19,22
"1617",5,12,4,9,17,12,6,12,1,9,11,8,6,3,0,0,6,5,6,3,6,2,1,22,32
"1618",6,17,4,9,17,12,17,12,4,9,17,12,6,5,6,0,6,0,0,5,6,1,3,27,43
"1619",7,23,4,10,17,17,17,17,4,9,17,12,17,6,5,2,5,2,0,6,5,1,2,34,48
"1620",8,23,6,10,17,17,21,23,4,10,17,17,17,2,0,0,3,4,1,2,4,2,3,36,52
"1621",9,23,6,13,17,18,21,23,6,10,17,17,21,3,1,0,1,0,0,3,1,3,2,39,53
"1622",10,30,6,13,23,22,21,23,6,13,17,18,21,4,6,6,4,6,0,6,6,1,1,46,63
"1623",11,34,6,13,23,24,21,30,6,13,23,22,21,4,0,0,1,2,6,4,2,1,2,50,65
"1624",12,34,6,13,23,24,21,34,6,13,23,24,21,1,6,0,NA,0,0,0,0,0,0,50,65
"1625",0,0,0,0,0,0,0,0,0,0,0,0,0,0,0,0,0,0,0,0,0,0,0,0,0
"1626",1,3,1,1,1,1,5,1,1,1,1,1,1,2,4,3,4,3,0,2,4,1,3,2,4
"1627",2,6,1,1,1,7,6,3,1,1,1,1,5,3,0,0,2,6,5,3,6,1,2,5,11
"1628",3,6,6,1,1,7,8,6,1,1,1,7,6,2,5,0,2,0,0,5,2,2,3,10,13
"1629",4,6,8,1,1,13,11,6,6,1,1,7,8,1,6,2,1,6,0,2,6,2,2,12,22
"1630",5,6,9,1,1,13,15,6,8,1,1,13,11,1,0,0,1,4,1,1,4,2,3,13,26
"1631",6,7,9,1,2,13,15,6,9,1,1,13,15,1,1,0,1,0,0,1,1,1,1,14,27
"1632",7,13,13,1,8,20,15,7,9,1,2,13,15,6,2,6,2,6,0,6,6,1,1,24,40
"1633",8,13,15,1,22,20,15,13,13,1,8,20,15,2,0,0,6,2,1,2,6,2,1,26,54
"1634",9,15,15,1,22,21,15,13,15,1,22,20,15,2,1,0,1,0,0,2,1,1,2,28,55
"1635",10,19,15,1,25,21,21,15,15,1,22,21,15,6,6,4,6,6,0,4,6,1,3,32,64
"1636",11,25,20,1,25,21,22,19,15,1,25,21,21,6,0,0,1,6,6,6,1,1,3,43,65
"1637",12,25,20,1,25,21,22,25,20,1,25,21,22,6,6,0,NA,0,0,0,0,0,0,43,65
"1638",0,0,0,0,0,0,0,0,0,0,0,0,0,0,0,0,0,0,0,0,0,0,0,0,0
"1639",1,1,1,2,6,1,1,1,1,1,1,1,1,1,5,1,5,1,0,1,5,3,1,1,5
"1640",2,2,1,2,6,6,1,1,1,2,6,1,1,1,0,0,1,5,4,1,5,1,2,2,10
"1641",3,2,5,2,7,6,1,2,1,2,6,6,1,1,4,0,1,0,0,4,1,2,1,6,11
"1642",4,2,10,2,7,6,4,2,5,2,7,6,1,5,2,3,2,3,0,5,3,2,3,11,14
"1643",5,4,10,2,12,6,4,2,10,2,7,6,4,2,0,0,1,3,5,2,5,1,1,13,19
"1644",6,7,10,2,12,7,4,4,10,2,12,6,4,1,3,0,1,0,0,3,1,1,2,16,20
"1645",7,12,10,2,12,7,7,7,10,2,12,7,4,1,5,3,1,3,0,5,3,1,3,21,23
"1646",8,12,10,3,18,17,7,12,10,2,12,7,7,1,0,0,6,2,6,1,6,3,1,22,39
"1647",9,12,17,3,18,17,9,12,10,3,18,17,7,2,6,0,2,0,0,6,2,2,3,29,41
"1648",10,16,17,3,21,17,15,12,17,3,18,17,9,6,1,4,6,1,0,4,6,1,3,33,50
"1649",11,17,17,3,24,17,15,16,17,3,21,17,15,1,0,0,3,5,4,1,3,1,1,34,53
"1650",12,17,17,3,24,17,15,17,17,3,24,17,15,5,4,0,NA,0,0,0,0,0,0,34,53
"1651",0,0,0,0,0,0,0,0,0,0,0,0,0,0,0,0,0,0,0,0,0,0,0,0,0
"1652",1,1,1,3,1,1,5,1,1,1,1,1,1,2,4,4,4,4,0,2,4,3,3,2,4
"1653",2,5,1,3,1,6,5,1,1,3,1,1,5,4,0,0,1,5,2,4,5,1,2,6,9
"1654",3,5,1,5,1,6,6,5,1,3,1,6,5,1,2,0,1,0,0,2,1,3,3,8,10
"1655",4,8,1,5,6,6,6,5,1,5,1,6,6,3,4,5,4,5,0,3,5,1,1,11,15
"1656",5,8,5,5,11,6,6,8,1,5,6,6,6,4,0,0,2,5,5,4,5,2,1,15,20
"1657",6,13,5,5,13,6,6,8,5,5,11,6,6,2,5,0,2,0,0,5,2,1,1,20,22
"1658",7,13,5,13,19,6,8,13,5,5,13,6,6,6,4,6,4,6,0,6,6,3,1,28,30
"1659",8,17,5,13,25,11,8,13,5,13,19,6,8,4,0,0,1,2,6,4,6,1,1,32,41
"1660",9,17,5,15,26,11,8,17,5,13,25,11,8,1,2,0,1,0,0,2,1,3,1,34,42
"1661",10,21,5,15,26,14,14,17,5,15,26,11,8,4,4,6,4,6,0,4,6,1,3,38,51
"1662",11,25,1,15,29,20,14,21,5,15,26,14,14,4,0,0,6,5,1,4,6,1,2,38,60
"1663",12,25,1,15,29,20,14,25,1,15,29,20,14,5,1,0,NA,0,0,0,0,0,0,38,60
"1664",0,0,0,0,0,0,0,0,0,0,0,0,0,0,0,0,0,0,0,0,0,0,0,0,0
"1665",1,1,6,1,1,1,2,1,1,1,1,1,1,5,1,1,1,1,0,5,1,2,3,5,1
"1666",2,1,7,1,10,1,2,1,6,1,1,1,2,1,0,0,6,3,1,1,6,2,1,6,10
"1667",3,1,10,1,11,1,2,1,7,1,10,1,2,3,1,0,1,0,0,3,1,2,1,9,11
"1668",4,1,11,1,16,1,2,1,10,1,11,1,2,1,1,5,1,5,0,1,5,2,1,10,16
"1669",5,1,12,1,16,3,8,1,11,1,16,1,2,1,0,0,6,6,5,1,6,2,3,11,24
"1670",6,9,12,1,16,8,8,1,12,1,16,3,8,6,5,0,5,0,0,6,5,1,2,19,29
"1671",7,12,12,1,16,8,17,9,12,1,16,8,8,3,6,1,6,1,0,3,6,1,3,22,38
"1672",8,13,12,1,16,12,17,12,12,1,16,8,17,1,0,0,4,5,1,1,4,1,2,23,42
"1673",9,13,13,1,16,17,17,13,12,1,16,12,17,5,1,0,5,0,0,1,5,2,2,24,47
"1674",10,15,19,1,16,17,22,13,13,1,16,17,17,6,5,6,5,6,0,6,5,2,3,32,52
"1675",11,15,29,1,17,17,22,15,19,1,16,17,22,6,0,0,6,1,6,6,1,2,1,42,53
"1676",12,15,29,1,17,17,22,15,29,1,17,17,22,6,6,0,NA,0,0,0,0,0,0,42,53
"1677",0,0,0,0,0,0,0,0,0,0,0,0,0,0,0,0,0,0,0,0,0,0,0,0,0
"1678",1,1,5,7,7,6,1,1,1,1,1,1,1,6,6,1,6,1,0,6,6,3,1,10,11
"1679",2,1,6,7,7,6,6,1,5,7,7,6,1,1,0,0,4,5,5,1,5,2,3,11,16
"1680",3,6,6,7,11,6,6,1,6,7,7,6,6,4,5,0,4,0,0,5,4,1,1,16,20
"1681",4,6,6,12,15,6,6,6,6,7,11,6,6,5,4,1,4,1,0,5,4,3,1,21,24
"1682",5,7,6,12,15,6,8,6,6,12,15,6,6,1,0,0,1,1,2,1,2,1,3,22,26
"1683",6,8,6,12,15,6,9,7,6,12,15,6,8,1,1,0,1,0,0,1,1,1,3,23,27
"1684",7,10,12,12,19,12,9,8,6,12,15,6,9,5,6,6,5,6,0,6,6,2,2,31,37
"1685",8,15,12,12,28,12,9,10,12,12,19,12,9,5,0,0,3,6,2,5,6,1,1,36,46
"1686",9,15,15,12,30,12,9,15,12,12,28,12,9,3,2,0,2,0,0,3,2,2,1,39,48
"1687",10,15,15,14,30,17,9,15,15,12,30,12,9,2,3,5,3,5,0,2,5,3,2,41,53
"1688",11,18,15,1,38,17,9,15,15,14,30,17,9,3,0,0,6,4,3,3,6,1,1,31,61
"1689",12,18,15,1,38,17,9,18,15,1,38,17,9,4,3,0,NA,0,0,0,0,0,0,31,61
"1690",0,0,0,0,0,0,0,0,0,0,0,0,0,0,0,0,0,0,0,0,0,0,0,0,0
"1691",1,1,1,5,1,4,1,1,1,1,1,1,1,4,3,3,3,3,0,4,3,3,2,4,3
"1692",2,1,1,8,1,9,1,1,1,5,1,4,1,3,0,0,5,2,3,3,5,3,2,7,8
"1693",3,1,1,11,1,11,1,1,1,8,1,9,1,2,3,0,2,0,0,3,2,3,2,10,10
"1694",4,1,3,11,1,16,7,1,1,11,1,11,1,2,6,2,6,2,0,2,6,2,3,12,21
"1695",5,1,5,11,5,22,7,1,3,11,1,16,7,2,0,0,3,6,3,2,6,2,2,14,31
"1696",6,1,8,11,5,22,10,1,5,11,5,22,7,3,3,0,3,0,0,3,3,2,3,17,34
"1697",7,1,10,11,5,22,14,1,8,11,5,22,10,2,4,3,4,3,0,2,4,2,3,19,38
"1698",8,4,10,11,12,22,20,1,10,11,5,22,14,3,0,0,3,6,3,3,6,1,1,22,51
"1699",9,4,13,11,15,22,20,4,10,11,12,22,20,3,3,0,3,0,0,3,3,2,1,25,54
"1700",10,5,13,11,17,22,20,4,13,11,15,22,20,1,2,3,2,3,0,1,2,1,1,26,56
"1701",11,8,13,11,18,22,20,5,13,11,17,22,20,3,0,0,1,4,4,3,1,1,1,29,57
"1702",12,8,13,11,18,22,20,8,13,11,18,22,20,4,4,0,NA,0,0,0,0,0,0,29,57
"1703",0,0,0,0,0,0,0,0,0,0,0,0,0,0,0,0,0,0,0,0,0,0,0,0,0
"1704",1,7,2,1,1,6,1,1,1,1,1,1,1,5,6,1,5,1,0,6,5,1,2,7,5
"1705",2,7,2,2,1,10,1,7,2,1,1,6,1,1,0,0,4,3,1,1,4,3,2,8,9
"1706",3,7,5,2,1,11,1,7,2,2,1,10,1,3,1,0,1,0,0,3,1,2,2,11,10
"1707",4,7,5,3,1,11,4,7,5,2,1,11,1,1,2,3,2,3,0,1,3,3,3,12,13
"1708",5,9,5,3,5,11,4,7,5,3,1,11,4,2,0,0,2,4,2,2,4,1,1,14,17
"1709",6,9,7,3,5,11,6,9,5,3,5,11,4,2,2,0,2,0,0,2,2,2,3,16,19
"1710",7,9,7,4,9,11,6,9,7,3,5,11,6,1,2,4,2,4,0,1,4,3,1,17,23
"1711",8,11,7,4,9,15,6,9,7,4,9,11,6,2,0,0,1,4,3,2,4,1,2,19,27
"1712",9,11,7,7,10,15,6,11,7,4,9,15,6,1,3,0,1,0,0,3,1,3,1,22,28
"1713",10,15,7,7,13,21,6,11,7,7,10,15,6,4,1,6,1,6,0,4,6,1,2,26,37
"1714",11,15,8,7,15,21,6,15,7,7,13,21,6,1,0,0,2,5,4,1,2,2,1,27,39
"1715",12,15,8,7,15,21,6,15,8,7,15,21,6,5,4,0,NA,0,0,0,0,0,0,27,39
"1716",0,0,0,0,0,0,0,0,0,0,0,0,0,0,0,0,0,0,0,0,0,0,0,0,0
"1717",1,12,1,7,6,1,1,1,1,1,1,1,1,5,5,6,5,5,0,6,5,3,1,17,5
"1718",2,17,1,7,6,6,1,12,1,7,6,1,1,5,0,0,2,6,5,5,5,1,2,22,10
"1719",3,17,1,17,6,8,1,17,1,7,6,6,1,2,6,0,2,0,0,6,2,3,2,32,12
"1720",4,17,5,17,6,8,5,17,1,17,6,8,1,4,2,4,2,4,0,4,4,2,3,36,16
"1721",5,19,5,17,15,8,5,17,5,17,6,8,5,2,0,0,2,6,6,2,6,1,1,38,25
"1722",6,25,6,17,15,10,5,19,5,17,15,8,5,2,6,0,2,0,0,6,2,1,2,45,27
"1723",7,25,6,20,15,15,5,25,6,17,15,10,5,3,5,2,5,2,0,3,5,3,2,48,32
"1724",8,25,6,22,15,17,5,25,6,20,15,15,5,2,0,0,2,4,2,2,2,3,2,50,34
"1725",9,25,10,22,15,19,5,25,6,22,15,17,5,4,2,0,2,0,0,4,2,2,2,54,36
"1726",10,26,10,22,20,19,5,25,10,22,15,19,5,5,1,3,5,3,0,1,5,1,1,55,41
"1727",11,1,10,22,23,19,7,26,10,22,20,19,5,3,0,0,2,3,5,3,2,1,3,30,46
"1728",12,1,10,22,23,19,7,1,10,22,23,19,7,3,5,0,NA,0,0,0,0,0,0,30,46
"1729",0,0,0,0,0,0,0,0,0,0,0,0,0,0,0,0,0,0,0,0,0,0,0,0,0
"1730",1,1,1,6,1,7,6,1,1,1,1,1,1,1,6,5,1,6,0,5,6,3,2,5,11
"1731",2,1,2,6,1,7,11,1,1,6,1,7,6,1,0,0,3,3,5,1,5,2,3,6,16
"1732",3,4,2,6,1,10,11,1,2,6,1,7,11,3,3,0,3,0,0,3,3,1,2,9,19
"1733",4,4,2,11,7,15,11,4,2,6,1,10,11,5,6,1,6,1,0,5,6,3,1,14,30
"1734",5,5,2,11,7,19,11,4,2,11,7,15,11,1,0,0,1,4,1,1,4,1,2,15,34
"1735",6,5,3,11,7,20,11,5,2,11,7,19,11,1,1,0,1,0,0,1,1,2,2,16,35
"1736",7,5,3,15,7,20,15,5,3,11,7,20,11,4,1,4,1,4,0,4,4,3,3,20,39
"1737",8,6,3,15,9,20,15,5,3,15,7,20,15,1,0,0,2,5,2,1,2,1,1,21,41
"1738",9,11,3,15,11,20,15,6,3,15,9,20,15,5,2,0,2,0,0,5,2,1,1,26,43
"1739",10,16,3,15,17,20,18,11,3,15,11,20,15,6,5,1,6,1,0,5,6,1,1,31,52
"1740",11,17,3,15,18,20,18,16,3,15,17,20,18,1,0,0,1,5,4,1,1,1,1,32,53
"1741",12,17,3,15,18,20,18,17,3,15,18,20,18,5,4,0,NA,0,0,0,0,0,0,32,53
"1742",0,0,0,0,0,0,0,0,0,0,0,0,0,0,0,0,0,0,0,0,0,0,0,0,0
"1743",1,2,1,1,7,3,1,1,1,1,1,1,1,5,1,6,5,6,0,1,6,1,1,1,8
"1744",2,2,6,1,7,9,7,2,1,1,7,3,1,5,0,0,6,1,5,5,6,2,2,6,20
"1745",3,2,7,1,12,9,7,2,6,1,7,9,7,1,5,0,5,0,0,1,5,2,1,7,25
"1746",4,12,7,1,12,9,10,2,7,1,12,9,7,3,1,6,3,1,0,6,3,1,3,17,28
"1747",5,12,8,1,12,17,16,12,7,1,12,9,10,1,0,0,4,5,6,1,6,2,2,18,42
"1748",6,16,8,1,17,17,16,12,8,1,12,17,16,4,5,0,5,0,0,4,5,1,1,22,47
"1749",7,23,8,1,17,22,16,16,8,1,17,17,16,6,1,5,1,5,0,6,5,1,2,29,52
"1750",8,24,8,1,17,22,21,23,8,1,17,22,16,1,0,0,5,2,2,1,5,1,3,30,57
"1751",9,26,8,1,17,24,21,24,8,1,17,22,21,2,2,0,2,0,0,2,2,1,2,32,59
"1752",10,26,1,1,21,33,21,26,8,1,17,24,21,6,3,1,6,1,0,3,6,2,2,25,72
"1753",11,27,1,1,29,33,21,26,1,1,21,33,21,1,0,0,6,5,2,1,6,1,1,26,80
"1754",12,27,1,1,29,33,21,27,1,1,29,33,21,5,2,0,NA,0,0,0,0,0,0,26,80
"1755",0,0,0,0,0,0,0,0,0,0,0,0,0,0,0,0,0,0,0,0,0,0,0,0,0
"1756",1,1,6,1,1,5,1,1,1,1,1,1,1,2,5,4,2,4,0,5,4,2,2,5,4
"1757",2,3,6,1,7,10,1,1,6,1,1,5,1,2,0,0,6,2,3,2,6,1,1,7,15
"1758",3,5,6,1,10,10,1,3,6,1,7,10,1,2,3,0,3,0,0,2,3,1,1,9,18
"1759",4,5,11,1,10,13,1,5,6,1,10,10,1,5,3,1,3,1,0,5,3,2,2,14,21
"1760",5,6,11,1,10,17,1,5,11,1,10,13,1,1,0,0,1,4,1,1,4,1,2,15,25
"1761",6,6,12,1,11,17,1,6,11,1,10,17,1,1,1,0,1,0,0,1,1,2,1,16,26
"1762",7,9,12,1,11,17,10,6,12,1,11,17,1,6,3,4,6,4,0,3,6,1,3,19,35
"1763",8,9,12,5,15,17,10,9,12,1,11,17,10,4,0,0,4,5,3,4,4,3,1,23,39
"1764",9,9,12,10,18,17,10,9,12,5,15,17,10,5,3,0,3,0,0,5,3,3,1,28,42
"1765",10,12,12,10,23,17,10,9,12,10,18,17,10,3,5,1,5,1,0,3,5,1,1,31,47
"1766",11,13,12,10,25,17,10,12,12,10,23,17,10,1,0,0,2,3,4,1,2,1,1,32,49
"1767",12,13,12,10,25,17,10,13,12,10,25,17,10,3,4,0,NA,0,0,0,0,0,0,32,49
"1768",0,0,0,0,0,0,0,0,0,0,0,0,0,0,0,0,0,0,0,0,0,0,0,0,0
"1769",1,6,1,1,1,6,1,1,1,1,1,1,1,5,3,5,3,5,0,5,5,1,2,5,5
"1770",2,9,1,1,1,7,1,6,1,1,1,6,1,3,0,0,1,3,2,3,1,1,2,8,6
"1771",3,11,1,1,1,10,1,9,1,1,1,7,1,3,2,0,3,0,0,2,3,1,2,10,9
"1772",4,12,1,1,1,10,6,11,1,1,1,10,1,1,5,3,5,3,0,1,5,1,3,11,14
"1773",5,12,1,4,1,13,6,12,1,1,1,10,6,3,0,0,2,3,1,3,3,3,2,14,17
"1774",6,14,1,4,2,13,6,12,1,4,1,13,6,2,1,0,1,0,0,2,1,1,1,16,18
"1775",7,14,6,4,8,19,9,14,1,4,2,13,6,5,6,3,6,3,0,5,6,2,1,21,33
"1776",8,14,6,7,8,19,12,14,6,4,8,19,9,3,0,0,3,3,2,3,3,3,3,24,36
"1777",9,14,6,9,8,19,15,14,6,7,8,19,12,3,2,0,3,0,0,2,3,3,3,26,39
"1778",10,18,6,9,8,19,19,14,6,9,8,19,15,4,4,4,4,4,0,4,4,1,3,30,43
"1779",11,22,6,9,19,19,19,18,6,9,8,19,19,4,0,0,6,4,4,4,6,1,1,34,54
"1780",12,22,6,9,19,19,19,22,6,9,19,19,19,4,4,0,NA,0,0,0,0,0,0,34,54
"1781",0,0,0,0,0,0,0,0,0,0,0,0,0,0,0,0,0,0,0,0,0,0,0,0,0
"1782",1,1,10,1,1,4,1,1,1,1,1,1,1,6,3,1,3,1,0,6,3,2,2,9,3
"1783",2,1,10,2,1,9,1,1,10,1,1,4,1,1,0,0,5,3,5,1,5,3,2,10,8
"1784",3,4,10,2,1,9,6,1,10,2,1,9,1,3,5,0,5,0,0,3,5,1,3,13,13
"1785",4,4,10,13,4,9,6,4,10,2,1,9,6,3,1,6,3,1,0,6,3,3,1,24,16
"1786",5,4,10,14,4,9,11,4,10,13,4,9,6,1,0,0,5,5,1,1,5,3,3,25,21
"1787",6,9,10,14,5,9,11,4,10,14,4,9,11,5,1,0,1,0,0,5,1,1,1,30,22
"1788",7,9,20,14,5,9,27,9,10,14,5,9,11,6,6,5,6,5,0,6,6,2,3,40,38
"1789",8,14,20,14,5,9,32,9,20,14,5,9,27,5,0,0,5,5,4,5,5,1,3,45,43
"1790",9,14,20,18,5,9,37,14,20,14,5,9,32,5,4,0,5,0,0,4,5,3,3,49,48
"1791",10,14,23,24,11,9,45,14,20,18,5,9,37,2,6,6,2,6,0,6,6,3,3,58,62
"1792",11,16,23,24,18,9,45,14,23,24,11,9,45,2,0,0,6,5,2,2,6,1,1,60,69
"1793",12,16,23,24,18,9,45,16,23,24,18,9,45,5,2,0,NA,0,0,0,0,0,0,60,69
"1794",0,0,0,0,0,0,0,0,0,0,0,0,0,0,0,0,0,0,0,0,0,0,0,0,0
"1795",1,1,7,5,1,6,1,1,1,1,1,1,1,1,6,5,1,5,0,6,5,2,2,10,5
"1796",2,2,7,5,5,12,1,1,7,5,1,6,1,1,0,0,5,6,6,1,6,1,2,11,15
"1797",3,2,17,5,5,17,1,2,7,5,5,12,1,5,6,0,5,0,0,6,5,2,2,21,20
"1798",4,5,17,5,8,17,1,2,17,5,5,17,1,3,3,2,3,2,0,3,3,1,1,24,23
"1799",5,5,19,5,9,17,1,5,17,5,8,17,1,2,0,0,1,2,1,2,1,2,1,26,24
"1800",6,5,19,7,9,17,2,5,19,5,9,17,1,2,1,0,1,0,0,2,1,3,3,28,25
"1801",7,5,1,7,9,18,3,5,19,7,9,17,2,4,5,2,4,2,0,5,2,2,3,10,27
"1802",8,9,1,7,9,18,8,5,1,7,9,18,3,4,0,0,5,2,3,4,5,1,3,14,32
"1803",9,9,1,10,9,18,10,9,1,7,9,18,8,2,3,0,2,0,0,3,2,3,3,17,34
"1804",10,12,1,16,10,18,16,9,1,10,9,18,10,6,6,4,6,4,0,6,6,3,3,26,41
"1805",11,16,1,16,15,18,16,12,1,16,10,18,16,4,0,0,5,5,4,4,5,1,1,30,46
"1806",12,16,1,16,15,18,16,16,1,16,15,18,16,5,4,0,NA,0,0,0,0,0,0,30,46
"1807",0,0,0,0,0,0,0,0,0,0,0,0,0,0,0,0,0,0,0,0,0,0,0,0,0
"1808",1,1,1,6,1,1,4,1,1,1,1,1,1,5,3,4,3,4,0,5,3,3,3,5,3
"1809",2,1,5,6,1,1,9,1,1,6,1,1,4,4,0,0,2,3,5,4,5,2,3,9,8
"1810",3,1,5,8,1,4,9,1,5,6,1,1,9,2,3,0,3,0,0,2,3,3,2,11,11
"1811",4,6,5,14,1,9,21,1,5,8,1,4,9,6,2,6,2,6,0,6,6,3,3,22,28
"1812",5,8,5,14,6,15,21,6,5,14,1,9,21,2,0,0,6,3,2,2,6,1,2,24,39
"1813",6,11,5,14,8,15,21,8,5,14,6,15,21,3,2,0,2,0,0,3,2,1,1,27,41
"1814",7,15,5,14,19,21,21,11,5,14,8,15,21,6,4,2,6,2,0,4,6,1,1,31,58
"1815",8,17,5,14,19,21,23,15,5,14,19,21,21,2,0,0,2,4,4,2,2,1,3,33,60
"1816",9,17,5,18,23,21,23,17,5,14,19,21,23,4,4,0,4,0,0,4,4,3,1,37,64
"1817",10,22,1,18,23,21,31,17,5,18,23,21,23,5,4,2,4,2,0,5,4,1,3,38,72
"1818",11,24,1,18,23,26,31,22,1,18,23,21,31,2,0,0,5,2,5,2,5,1,2,40,77
"1819",12,24,1,18,23,26,31,24,1,18,23,26,31,2,5,0,NA,0,0,0,0,0,0,40,77
"1820",0,0,0,0,0,0,0,0,0,0,0,0,0,0,0,0,0,0,0,0,0,0,0,0,0
"1821",1,1,3,1,1,13,6,1,1,1,1,1,1,2,6,6,6,6,0,2,6,2,2,2,17
"1822",2,7,11,1,6,13,6,1,3,1,1,13,6,6,0,0,3,4,5,6,5,2,1,16,22
"1823",3,7,15,1,9,13,6,7,11,1,6,13,6,3,4,0,3,0,0,4,3,2,1,20,25
"1824",4,7,15,5,11,13,12,7,15,1,9,13,6,6,4,3,6,3,0,4,6,3,3,24,33
"1825",5,10,15,5,17,13,15,7,15,5,11,13,12,3,0,0,6,5,4,3,6,1,1,27,42
"1826",6,10,15,9,17,18,15,10,15,5,17,13,15,5,4,0,5,0,0,4,5,3,2,31,47
"1827",7,15,15,9,17,21,15,10,15,9,17,18,15,5,3,3,3,3,0,5,3,1,2,36,50
"1828",8,18,15,9,22,21,15,15,15,9,17,21,15,3,0,0,1,1,5,3,5,1,1,39,55
"1829",9,18,15,10,22,22,15,18,15,9,22,21,15,1,1,0,1,0,0,1,1,3,2,40,56
"1830",10,21,15,10,26,22,15,18,15,10,22,22,15,3,4,4,4,4,0,3,4,1,1,43,60
"1831",11,25,15,10,29,22,15,21,15,10,26,22,15,4,0,0,3,1,2,4,3,1,1,47,63
"1832",12,25,15,10,29,22,15,25,15,10,29,22,15,1,2,0,NA,0,0,0,0,0,0,47,63
"1833",0,0,0,0,0,0,0,0,0,0,0,0,0,0,0,0,0,0,0,0,0,0,0,0,0
"1834",1,5,1,1,1,6,1,1,1,1,1,1,1,4,5,4,5,4,0,4,5,1,2,4,5
"1835",2,9,1,1,1,6,5,5,1,1,1,6,1,4,0,0,3,4,5,4,4,1,3,8,9
"1836",3,12,1,1,6,6,5,9,1,1,1,6,5,3,5,0,5,0,0,3,5,1,1,11,14
"1837",4,12,4,1,11,6,5,12,1,1,6,6,5,5,3,1,5,1,0,3,5,2,1,14,19
"1838",5,12,5,1,11,6,7,12,4,1,11,6,5,1,0,0,2,3,5,1,2,2,3,15,21
"1839",6,17,5,1,11,6,10,12,5,1,11,6,7,3,5,0,3,0,0,5,3,1,3,20,24
"1840",7,17,5,3,15,6,10,17,5,1,11,6,10,1,4,2,1,4,0,2,4,3,1,22,28
"1841",8,18,5,3,15,12,12,17,5,3,15,6,10,1,0,0,3,2,6,1,6,1,2,23,36
"1842",9,18,5,5,15,12,15,18,5,3,15,12,12,3,2,0,3,0,0,2,3,3,3,25,39
"1843",10,20,5,5,26,12,21,18,5,5,15,12,15,2,6,1,6,1,0,2,6,1,1,27,56
"1844",11,21,5,5,31,18,21,20,5,5,26,12,21,1,0,0,6,1,6,1,6,1,2,28,67
"1845",12,21,5,5,31,18,21,21,5,5,31,18,21,1,6,0,NA,0,0,0,0,0,0,28,67
"1846",0,0,0,0,0,0,0,0,0,0,0,0,0,0,0,0,0,0,0,0,0,0,0,0,0
"1847",1,1,4,1,1,1,6,1,1,1,1,1,1,3,3,5,3,5,0,3,5,2,3,3,5
"1848",2,4,4,1,1,6,6,1,4,1,1,1,6,3,0,0,5,1,4,3,5,1,2,6,10
"1849",3,4,8,1,1,7,6,4,4,1,1,6,6,1,4,0,1,0,0,4,1,2,2,10,11
"1850",4,8,8,1,4,7,6,4,8,1,1,7,6,4,3,3,3,3,0,4,3,1,1,14,14
"1851",5,8,8,4,10,11,6,8,8,1,4,7,6,3,0,0,6,5,3,3,6,3,1,17,24
"1852",6,8,8,9,10,11,9,8,8,4,10,11,6,5,3,0,3,0,0,5,3,3,3,22,27
"1853",7,12,8,9,14,11,9,8,8,9,10,11,9,4,2,4,2,4,0,4,4,1,1,26,31
"1854",8,12,10,9,14,11,16,12,8,9,14,11,9,2,0,0,3,6,6,2,6,2,3,28,38
"1855",9,12,15,15,17,11,16,12,10,9,14,11,16,3,6,0,3,0,0,6,3,3,1,39,41
"1856",10,12,15,18,21,11,16,12,15,15,17,11,16,3,4,1,4,1,0,3,4,3,1,42,45
"1857",11,12,16,18,23,11,16,12,15,18,21,11,16,1,0,0,2,1,3,1,2,2,1,43,47
"1858",12,12,16,18,23,11,16,12,16,18,23,11,16,1,3,0,NA,0,0,0,0,0,0,43,47
"1859",0,0,0,0,0,0,0,0,0,0,0,0,0,0,0,0,0,0,0,0,0,0,0,0,0
"1860",1,3,7,1,1,3,7,1,1,1,1,1,1,6,6,4,6,4,0,6,6,2,3,8,8
"1861",2,3,11,1,13,3,12,3,7,1,1,3,7,4,0,0,1,6,1,4,6,2,1,12,25
"1862",3,4,11,1,13,3,13,3,11,1,13,3,12,1,1,0,1,0,0,1,1,1,3,13,26
"1863",4,9,11,1,13,3,17,4,11,1,13,3,13,5,3,4,3,4,0,5,4,1,3,18,30
"1864",5,9,14,1,18,9,17,9,11,1,13,3,17,3,0,0,6,1,5,3,6,2,2,21,41
"1865",6,9,14,2,18,14,17,9,14,1,18,9,17,1,5,0,5,0,0,1,5,3,2,22,46
"1866",7,9,14,6,18,16,17,9,14,2,18,14,17,2,1,4,2,1,0,4,2,3,2,26,48
"1867",8,9,14,7,18,19,17,9,14,6,18,16,17,1,0,0,3,3,5,1,3,3,2,27,51
"1868",9,12,14,7,23,19,17,9,14,7,18,19,17,3,5,0,5,0,0,3,5,1,1,30,56
"1869",10,13,14,7,27,25,17,12,14,7,23,19,17,1,6,1,6,1,0,1,6,1,2,31,66
"1870",11,14,14,7,33,36,17,13,14,7,27,25,17,1,0,0,6,4,5,1,6,1,2,32,83
"1871",12,14,14,7,33,36,17,14,14,7,33,36,17,4,5,0,NA,0,0,0,0,0,0,32,83
"1872",0,0,0,0,0,0,0,0,0,0,0,0,0,0,0,0,0,0,0,0,0,0,0,0,0
"1873",1,7,1,7,6,1,1,1,1,1,1,1,1,3,6,5,3,5,0,6,5,3,1,12,5
"1874",2,10,1,7,6,2,1,7,1,7,6,1,1,3,0,0,2,3,1,3,1,1,2,15,6
"1875",3,13,1,7,6,4,1,10,1,7,6,2,1,2,3,0,2,0,0,3,2,1,2,18,8
"1876",4,14,1,7,6,6,1,13,1,7,6,4,1,1,3,2,3,2,0,1,2,1,2,19,10
"1877",5,14,4,7,10,6,7,14,1,7,6,6,1,3,0,0,6,3,6,3,6,2,3,22,20
"1878",6,20,5,7,10,9,7,14,4,7,10,6,7,3,6,0,3,0,0,6,3,1,2,29,23
"1879",7,20,10,7,10,9,9,20,5,7,10,9,7,1,5,2,1,2,0,5,2,2,3,34,25
"1880",8,21,10,7,13,9,9,20,10,7,10,9,9,1,0,0,6,1,3,1,3,1,1,35,28
"1881",9,33,10,8,14,9,9,21,10,7,13,9,9,6,1,0,1,0,0,6,1,1,1,48,29
"1882",10,33,13,8,19,9,9,33,10,8,14,9,9,5,1,3,5,1,0,3,5,2,1,51,34
"1883",11,1,13,9,23,11,9,33,13,8,19,9,9,1,0,0,4,2,2,1,2,3,2,20,40
"1884",12,1,13,9,23,11,9,1,13,9,23,11,9,4,2,0,NA,0,0,0,0,0,0,20,40
"1885",0,0,0,0,0,0,0,0,0,0,0,0,0,0,0,0,0,0,0,0,0,0,0,0,0
"1886",1,1,1,2,1,1,12,1,1,1,1,1,1,6,6,1,6,6,0,1,6,3,3,1,11
"1887",2,7,8,2,7,4,12,1,1,2,1,1,12,6,0,0,2,6,6,6,6,1,1,14,20
"1888",3,7,12,8,7,4,14,7,8,2,7,4,12,2,6,0,2,0,0,6,2,3,3,24,22
"1889",4,12,18,8,7,5,14,7,12,8,7,4,14,6,1,1,1,1,0,6,1,2,2,35,23
"1890",5,12,19,8,7,5,16,12,18,8,7,5,14,1,0,0,1,2,3,1,2,2,3,36,25
"1891",6,15,19,8,7,5,17,12,19,8,7,5,16,1,3,0,1,0,0,3,1,1,3,39,26
"1892",7,15,20,14,12,5,17,15,19,8,7,5,17,6,2,5,2,5,0,6,5,3,1,46,31
"1893",8,17,20,14,15,5,17,15,20,14,12,5,17,2,0,0,1,3,3,2,3,1,1,48,34
"1894",9,17,21,14,18,5,17,17,20,14,15,5,17,1,3,0,3,0,0,1,3,2,1,49,37
"1895",10,17,21,18,24,5,18,17,21,14,18,5,17,4,6,6,6,6,0,4,6,3,1,53,44
"1896",11,23,24,18,29,5,18,17,21,18,24,5,18,6,0,0,2,5,5,6,5,1,1,62,49
"1897",12,23,24,18,29,5,18,23,24,18,29,5,18,2,5,0,NA,0,0,0,0,0,0,62,49
"1898",0,0,0,0,0,0,0,0,0,0,0,0,0,0,0,0,0,0,0,0,0,0,0,0,0
"1899",1,1,5,1,1,8,1,1,1,1,1,1,1,6,1,4,6,1,0,4,6,2,2,4,7
"1900",2,1,6,1,4,8,1,1,5,1,1,8,1,1,0,0,1,3,1,1,3,2,1,5,10
"1901",3,1,6,2,4,9,1,1,6,1,4,8,1,1,1,0,1,0,0,1,1,3,2,6,11
"1902",4,1,11,2,4,9,5,1,6,2,4,9,1,3,5,4,3,4,0,5,4,2,3,11,15
"1903",5,1,14,2,8,15,5,1,11,2,4,9,5,3,0,0,4,3,6,3,6,2,2,14,25
"1904",6,1,14,6,8,15,8,1,14,2,8,15,5,4,3,0,3,0,0,4,3,3,3,18,28
"1905",7,3,14,6,9,15,14,1,14,6,8,15,8,6,2,2,6,2,0,2,6,1,3,20,35
"1906",8,5,14,6,12,15,20,3,14,6,9,15,14,2,0,0,6,6,2,2,6,1,3,22,44
"1907",9,5,16,6,18,16,20,5,14,6,12,15,20,6,2,0,6,0,0,2,6,2,1,24,51
"1908",10,7,16,6,19,16,20,5,16,6,18,16,20,2,1,6,1,6,0,2,1,1,1,26,52
"1909",11,17,16,6,21,16,20,7,16,6,19,16,20,6,0,0,2,2,3,6,2,1,1,36,54
"1910",12,17,16,6,21,16,20,17,16,6,21,16,20,2,3,0,NA,0,0,0,0,0,0,36,54
"1911",0,0,0,0,0,0,0,0,0,0,0,0,0,0,0,0,0,0,0,0,0,0,0,0,0
"1912",1,1,6,1,1,6,1,1,1,1,1,1,1,5,5,4,5,4,0,5,5,2,2,5,5
"1913",2,1,6,5,1,6,9,1,6,1,1,6,1,4,0,0,2,4,6,4,6,3,3,9,13
"1914",3,5,6,5,1,8,9,1,6,5,1,6,9,2,4,0,2,0,0,4,2,1,2,13,15
"1915",4,5,8,5,7,10,9,5,6,5,1,8,9,2,6,4,6,4,0,2,6,2,1,15,23
"1916",5,5,8,9,7,15,9,5,8,5,7,10,9,4,0,0,2,5,2,4,5,3,2,19,28
"1917",6,5,10,9,9,15,9,5,8,9,7,15,9,2,2,0,2,0,0,2,2,2,1,21,30
"1918",7,5,10,11,10,21,9,5,10,9,9,15,9,2,6,4,6,4,0,2,6,3,2,23,37
"1919",8,5,14,11,15,21,9,5,10,11,10,21,9,4,0,0,5,1,5,4,5,2,1,27,42
"1920",9,5,19,11,15,21,10,5,14,11,15,21,9,1,5,0,1,0,0,5,1,2,3,32,43
"1921",10,10,19,11,20,21,10,5,19,11,15,21,10,5,5,2,5,2,0,5,5,1,1,37,48
"1922",11,12,19,11,24,21,10,10,19,11,20,21,10,2,0,0,4,3,3,2,4,1,1,39,52
"1923",12,12,19,11,24,21,10,12,19,11,24,21,10,3,3,0,NA,0,0,0,0,0,0,39,52
"1924",0,0,0,0,0,0,0,0,0,0,0,0,0,0,0,0,0,0,0,0,0,0,0,0,0
"1925",1,1,2,1,1,4,1,1,1,1,1,1,1,1,3,1,3,1,0,1,3,2,2,1,3
"1926",2,1,3,1,1,6,1,1,2,1,1,4,1,1,0,0,2,2,2,1,2,2,2,2,5
"1927",3,3,3,1,1,8,1,1,3,1,1,6,1,2,2,0,2,0,0,2,2,1,2,4,7
"1928",4,7,3,1,4,8,1,3,3,1,1,8,1,1,4,3,1,3,0,4,3,1,1,8,10
"1929",5,7,4,1,4,8,6,7,3,1,4,8,1,1,0,0,5,3,1,1,5,2,3,9,15
"1930",6,7,4,4,4,9,6,7,4,1,4,8,6,3,1,0,1,0,0,3,1,3,2,12,16
"1931",7,7,4,7,8,9,6,7,4,4,4,9,6,4,3,3,4,3,0,3,4,3,1,15,20
"1932",8,7,4,10,8,15,8,7,4,7,8,9,6,3,0,0,3,5,6,3,6,3,2,18,28
"1933",9,7,9,10,8,18,8,7,4,10,8,15,8,3,5,0,3,0,0,5,3,2,2,23,31
"1934",10,12,9,10,8,23,8,7,9,10,8,18,8,5,5,3,5,3,0,5,5,1,2,28,36
"1935",11,12,9,13,12,23,8,12,9,10,8,23,8,3,0,0,4,2,1,3,4,3,1,31,40
"1936",12,12,9,13,12,23,8,12,9,13,12,23,8,2,1,0,NA,0,0,0,0,0,0,31,40
"1937",0,0,0,0,0,0,0,0,0,0,0,0,0,0,0,0,0,0,0,0,0,0,0,0,0
"1938",1,6,1,1,1,3,1,1,1,1,1,1,1,5,2,4,2,4,0,5,2,1,2,5,2
"1939",2,6,5,1,1,7,7,6,1,1,1,3,1,4,0,0,6,3,6,4,6,2,3,9,12
"1940",3,12,5,2,4,7,7,6,5,1,1,7,7,3,6,0,3,0,0,6,3,1,1,16,15
"1941",4,12,5,6,9,7,7,12,5,2,4,7,7,4,4,5,4,5,0,4,5,3,1,20,20
"1942",5,12,9,6,21,7,9,12,5,6,9,7,7,4,0,0,6,6,1,4,6,2,1,24,34
"1943",6,13,9,12,22,7,9,12,9,6,21,7,9,6,1,0,1,0,0,6,1,3,1,31,35
"1944",7,13,9,16,24,7,9,13,9,12,22,7,9,2,4,1,2,1,0,4,2,3,1,35,37
"1945",8,13,10,16,24,7,14,13,9,16,24,7,9,1,0,0,4,5,2,1,5,2,3,36,42
"1946",9,13,14,16,26,7,14,13,10,16,24,7,14,4,2,0,2,0,0,4,2,2,1,40,44
"1947",10,14,14,16,29,7,14,13,14,16,26,7,14,3,1,3,3,3,0,1,3,1,1,41,47
"1948",11,17,14,16,30,7,14,14,14,16,29,7,14,3,0,0,1,2,4,3,1,1,1,44,48
"1949",12,17,14,16,30,7,14,17,14,16,30,7,14,2,4,0,NA,0,0,0,0,0,0,44,48
"1950",0,0,0,0,0,0,0,0,0,0,0,0,0,0,0,0,0,0,0,0,0,0,0,0,0
"1951",1,1,7,5,7,6,7,1,1,1,1,1,1,6,6,1,6,1,0,6,6,2,3,10,17
"1952",2,2,7,5,7,6,12,1,7,5,7,6,7,1,0,0,2,4,5,1,5,1,3,11,22
"1953",3,2,7,9,7,6,14,2,7,5,7,6,12,2,4,0,2,0,0,4,2,3,3,15,24
"1954",4,6,7,9,7,10,14,2,7,9,7,6,14,4,3,4,3,4,0,4,4,1,2,19,28
"1955",5,9,7,9,17,10,14,6,7,9,7,10,14,3,0,0,6,2,3,3,6,1,1,22,38
"1956",6,11,7,9,17,13,14,9,7,9,17,10,14,2,3,0,3,0,0,2,3,1,2,24,41
"1957",7,16,7,9,23,16,14,11,7,9,17,13,14,5,6,5,6,5,0,5,6,1,1,29,50
"1958",8,21,7,9,23,16,19,16,7,9,23,16,14,5,0,0,1,1,5,5,5,1,3,34,55
"1959",9,21,8,9,23,17,19,21,7,9,23,16,19,1,1,0,1,0,0,1,1,2,2,35,56
"1960",10,24,8,9,23,22,19,21,8,9,23,17,19,5,3,3,5,3,0,3,5,1,2,38,61
"1961",11,27,8,9,28,22,19,24,8,9,23,22,19,3,0,0,5,3,5,3,5,1,1,41,66
"1962",12,27,8,9,28,22,19,27,8,9,28,22,19,3,5,0,NA,0,0,0,0,0,0,41,66
"1963",0,0,0,0,0,0,0,0,0,0,0,0,0,0,0,0,0,0,0,0,0,0,0,0,0
"1964",1,5,1,1,12,1,7,1,1,1,1,1,1,6,5,4,6,5,0,4,6,1,1,4,17
"1965",2,10,1,1,12,9,7,5,1,1,12,1,7,5,0,0,1,3,6,5,6,1,2,9,25
"1966",3,11,1,1,12,9,10,10,1,1,12,9,7,1,3,0,3,0,0,1,3,1,3,10,28
"1967",4,16,1,1,12,13,10,11,1,1,12,9,10,2,4,5,2,4,0,5,4,1,2,15,32
"1968",5,16,3,1,14,13,10,16,1,1,12,13,10,2,0,0,2,4,5,2,2,2,1,17,34
"1969",6,21,3,1,14,13,14,16,3,1,14,13,10,4,5,0,4,0,0,5,4,1,3,22,38
"1970",7,24,3,1,20,16,14,21,3,1,14,13,14,6,3,4,6,4,0,3,6,1,1,25,47
"1971",8,24,7,1,20,16,19,24,3,1,20,16,14,4,0,0,4,4,5,4,5,2,3,29,52
"1972",9,24,11,1,20,20,19,24,7,1,20,16,19,4,4,0,4,0,0,4,4,2,2,33,56
"1973",10,27,11,1,20,20,23,24,11,1,20,20,19,3,4,2,4,2,0,3,4,1,3,36,60
"1974",11,29,11,1,23,20,23,27,11,1,20,20,23,2,0,0,3,3,5,2,3,1,1,38,63
"1975",12,29,11,1,23,20,23,29,11,1,23,20,23,3,5,0,NA,0,0,0,0,0,0,38,63
"1976",0,0,0,0,0,0,0,0,0,0,0,0,0,0,0,0,0,0,0,0,0,0,0,0,0
"1977",1,1,1,6,1,1,5,1,1,1,1,1,1,4,1,5,4,1,0,5,4,3,3,5,4
"1978",2,1,2,6,1,1,10,1,1,6,1,1,5,1,0,0,3,5,3,1,5,2,3,6,9
"1979",3,1,5,6,4,1,10,1,2,6,1,1,10,3,3,0,3,0,0,3,3,2,1,9,12
"1980",4,1,10,6,4,3,10,1,5,6,4,1,10,2,5,2,2,2,0,5,2,2,2,14,14
"1981",5,1,10,8,4,8,10,1,10,6,4,3,10,2,0,0,5,5,2,2,5,3,2,16,19
"1982",6,1,10,13,4,8,12,1,10,8,4,8,10,5,2,0,2,0,0,5,2,3,3,21,21
"1983",7,5,10,13,4,17,18,1,10,13,4,8,12,4,6,4,6,4,0,4,6,1,3,25,36
"1984",8,9,10,13,9,17,18,5,10,13,4,17,18,4,0,0,1,5,5,4,5,1,1,29,41
"1985",9,9,10,18,9,17,19,9,10,13,9,17,18,1,5,0,1,0,0,5,1,3,3,34,42
"1986",10,14,10,18,15,19,19,9,10,18,9,17,19,3,6,5,3,6,0,5,6,1,1,39,50
"1987",11,17,10,18,17,19,19,14,10,18,15,19,19,3,0,0,6,2,6,3,2,1,1,42,52
"1988",12,17,10,18,17,19,19,17,10,18,17,19,19,6,6,0,NA,0,0,0,0,0,0,42,52
"1989",0,0,0,0,0,0,0,0,0,0,0,0,0,0,0,0,0,0,0,0,0,0,0,0,0
"1990",1,1,1,3,3,1,1,1,1,1,1,1,1,1,2,2,1,2,0,2,2,3,1,2,2
"1991",2,1,1,4,3,6,1,1,1,3,3,1,1,1,0,0,5,1,3,1,5,3,2,3,7
"1992",3,2,1,4,3,6,4,1,1,4,3,6,1,1,3,0,3,0,0,1,3,1,3,4,10
"1993",4,2,4,4,9,12,6,2,1,4,3,6,4,4,6,3,4,6,0,3,6,2,1,7,24
"1994",5,2,8,4,20,12,6,2,4,4,9,12,6,4,0,0,4,1,6,4,6,2,1,11,35
"1995",6,6,8,4,21,12,6,2,8,4,20,12,6,4,1,0,1,0,0,4,1,1,1,15,36
"1996",7,6,8,5,21,12,9,6,8,4,21,12,6,5,1,3,5,3,0,1,3,3,3,16,39
"1997",8,11,8,5,21,18,11,6,8,5,21,12,9,5,0,0,6,6,5,5,6,1,2,21,47
"1998",9,21,8,5,21,18,16,11,8,5,21,18,11,6,5,0,5,0,0,6,5,1,3,31,52
"1999",10,25,8,5,21,22,16,21,8,5,21,18,16,4,4,3,4,3,0,4,4,1,2,35,56
"2000",11,28,8,1,27,26,16,25,8,5,21,22,16,3,0,0,6,1,5,3,6,1,1,34,66
"2001",12,28,8,1,27,26,16,28,8,1,27,26,16,1,5,0,NA,0,0,0,0,0,0,34,66
"2002",0,0,0,0,0,0,0,0,0,0,0,0,0,0,0,0,0,0,0,0,0,0,0,0,0
"2003",1,2,1,7,1,6,7,1,1,1,1,1,1,6,6,5,6,5,0,6,6,3,3,7,11
"2004",2,2,6,7,6,6,7,2,1,7,1,6,7,5,0,0,3,1,5,5,5,2,1,12,16
"2005",3,2,7,7,9,6,7,2,6,7,6,6,7,3,1,0,3,0,0,1,3,2,1,13,19
"2006",4,7,13,7,9,6,12,2,7,7,9,6,7,5,6,5,5,5,0,6,5,2,3,24,24
"2007",5,7,18,7,9,6,22,7,13,7,9,6,12,5,0,0,1,6,2,5,6,2,3,29,34
"2008",6,7,18,9,10,6,22,7,18,7,9,6,22,1,2,0,1,0,0,2,1,3,1,31,35
"2009",7,11,18,9,10,13,22,7,18,9,10,6,22,4,2,6,2,6,0,4,6,1,2,35,42
"2010",8,13,18,9,10,15,22,11,18,9,10,13,22,2,0,0,1,2,1,2,2,1,2,37,44
"2011",9,13,18,10,11,15,22,13,18,9,10,15,22,1,1,0,1,0,0,1,1,3,1,38,45
"2012",10,19,23,10,17,16,22,13,18,10,11,15,22,1,6,6,1,6,0,6,6,1,1,49,52
"2013",11,20,23,10,21,16,22,19,23,10,17,16,22,1,0,0,4,3,5,1,4,1,1,50,56
"2014",12,20,23,10,21,16,22,20,23,10,21,16,22,3,5,0,NA,0,0,0,0,0,0,50,56
"2015",0,0,0,0,0,0,0,0,0,0,0,0,0,0,0,0,0,0,0,0,0,0,0,0,0
"2016",1,1,1,5,7,1,9,1,1,1,1,1,1,4,4,6,4,6,0,4,6,3,1,4,14
"2017",2,5,1,5,7,6,9,1,1,5,7,1,9,4,0,0,1,5,2,4,5,1,2,8,19
"2018",3,6,1,5,9,6,9,5,1,5,7,6,9,1,2,0,2,0,0,1,2,1,1,9,21
"2019",4,6,1,6,9,6,14,6,1,5,9,6,9,5,5,1,5,5,0,1,5,3,3,10,26
"2020",5,11,1,6,10,18,14,6,1,6,9,6,14,5,0,0,5,1,6,5,6,1,2,15,39
"2021",6,16,1,6,10,19,14,11,1,6,10,18,14,5,1,0,1,0,0,5,1,1,2,20,40
"2022",7,21,1,6,10,20,14,16,1,6,10,19,14,4,1,5,4,1,0,5,1,1,2,25,41
"2023",8,21,5,6,12,20,14,21,1,6,10,20,14,4,0,0,2,3,2,4,2,2,1,29,43
"2024",9,23,5,6,12,20,17,21,5,6,12,20,14,3,2,0,3,0,0,2,3,1,3,31,46
"2025",10,28,5,6,17,20,17,23,5,6,12,20,17,5,2,5,2,5,0,5,5,1,1,36,51
"2026",11,30,5,6,22,20,17,28,5,6,17,20,17,2,0,0,5,2,4,2,5,1,1,38,56
"2027",12,30,5,6,22,20,17,30,5,6,22,20,17,2,4,0,NA,0,0,0,0,0,0,38,56
"2028",0,0,0,0,0,0,0,0,0,0,0,0,0,0,0,0,0,0,0,0,0,0,0,0,0
"2029",1,1,1,5,1,6,1,1,1,1,1,1,1,3,4,5,3,5,0,4,5,3,2,4,5
"2030",2,4,1,5,7,6,8,1,1,5,1,6,1,3,0,0,4,6,6,3,6,1,1,7,18
"2031",3,8,7,5,7,6,12,4,1,5,7,6,8,4,6,0,4,0,0,6,4,2,3,17,22
"2032",4,8,9,5,7,9,12,8,7,5,7,6,12,2,2,3,2,3,0,2,3,2,2,19,25
"2033",5,8,11,5,7,10,18,8,9,5,7,9,12,2,0,0,5,6,1,2,6,2,3,21,32
"2034",6,8,11,10,7,10,19,8,11,5,7,10,18,5,1,0,1,0,0,5,1,3,3,26,33
"2035",7,8,15,10,7,10,23,8,11,10,7,10,19,4,2,4,2,4,0,4,4,2,3,30,37
"2036",8,10,15,10,7,13,23,8,15,10,7,10,23,2,0,0,3,3,5,2,3,1,2,32,40
"2037",9,13,15,10,7,13,28,10,15,10,7,13,23,3,5,0,5,0,0,3,5,1,3,35,45
"2038",10,13,15,13,7,18,28,13,15,10,7,13,28,3,5,4,5,4,0,3,5,3,2,38,50
"2039",11,17,15,13,11,18,28,13,15,13,7,18,28,4,0,0,4,5,1,4,4,1,1,42,54
"2040",12,17,15,13,11,18,28,17,15,13,11,18,28,5,1,0,NA,0,0,0,0,0,0,42,54
"2041",0,0,0,0,0,0,0,0,0,0,0,0,0,0,0,0,0,0,0,0,0,0,0,0,0
"2042",1,2,1,1,7,3,1,1,1,1,1,1,1,1,6,3,6,3,0,1,6,1,1,1,8
"2043",2,2,1,4,7,8,1,2,1,1,7,3,1,3,0,0,5,4,1,3,5,3,2,4,13
"2044",3,6,1,4,7,8,2,2,1,4,7,8,1,4,1,0,1,0,0,4,1,1,3,8,14
"2045",4,6,1,5,9,8,2,6,1,4,7,8,2,1,1,2,1,2,0,1,2,3,1,9,16
"2046",5,6,1,6,9,14,7,6,1,5,9,8,2,1,0,0,6,4,5,1,6,3,2,10,27
"2047",6,6,5,6,14,14,7,6,1,6,9,14,7,4,5,0,5,0,0,4,5,2,1,14,32
"2048",7,6,7,6,20,19,7,6,5,6,14,14,7,2,1,6,1,6,0,2,6,2,1,16,43
"2049",8,7,7,6,20,19,9,6,7,6,20,19,7,1,0,0,2,6,2,1,2,1,3,17,45
"2050",9,19,10,6,20,19,11,7,7,6,20,19,9,6,2,0,2,0,0,6,2,1,3,32,47
"2051",10,19,11,6,26,19,17,19,10,6,20,19,11,1,6,2,6,2,0,1,6,2,1,33,59
"2052",11,21,11,6,27,19,17,19,11,6,26,19,17,2,0,0,1,5,6,2,1,1,1,35,60
"2053",12,21,11,6,27,19,17,21,11,6,27,19,17,5,6,0,NA,0,0,0,0,0,0,35,60
"2054",0,0,0,0,0,0,0,0,0,0,0,0,0,0,0,0,0,0,0,0,0,0,0,0,0
"2055",1,7,1,9,1,5,1,1,1,1,1,1,1,4,2,6,4,2,0,6,4,1,2,14,4
"2056",2,9,1,9,1,10,1,7,1,9,1,5,1,2,0,0,1,5,2,2,5,1,2,16,9
"2057",3,9,1,11,1,11,1,9,1,9,1,10,1,1,2,0,1,0,0,2,1,3,2,18,10
"2058",4,9,2,11,2,11,1,9,1,11,1,11,1,1,1,1,1,1,0,1,1,2,1,19,11
"2059",5,9,3,11,2,13,1,9,2,11,2,11,1,1,0,0,2,1,1,1,2,2,2,20,13
"2060",6,9,4,11,3,13,1,9,3,11,2,13,1,1,1,0,1,0,0,1,1,2,1,21,14
"2061",7,15,4,12,3,18,1,9,4,11,3,13,1,6,5,5,5,5,0,6,5,1,2,28,19
"2062",8,15,9,12,3,21,1,15,4,12,3,18,1,5,0,0,1,1,3,5,3,2,2,33,22
"2063",9,16,9,12,4,21,1,15,9,12,3,21,1,1,1,0,1,0,0,1,1,1,1,34,23
"2064",10,19,9,12,7,21,1,16,9,12,4,21,1,3,3,3,3,3,0,3,3,1,1,37,26
"2065",11,22,9,12,7,26,1,19,9,12,7,21,1,3,0,0,5,2,5,3,5,1,2,40,31
"2066",12,22,9,12,7,26,1,22,9,12,7,26,1,2,5,0,NA,0,0,0,0,0,0,40,31
"2067",0,0,0,0,0,0,0,0,0,0,0,0,0,0,0,0,0,0,0,0,0,0,0,0,0
"2068",1,6,1,1,1,1,12,1,1,1,1,1,1,6,4,5,6,4,0,5,6,1,3,5,11
"2069",2,6,1,5,1,4,12,6,1,1,1,1,12,4,0,0,3,6,3,4,3,3,2,9,14
"2070",3,12,3,5,4,4,12,6,1,5,1,4,12,6,3,0,3,0,0,6,3,1,1,17,17
"2071",4,14,9,5,4,9,12,12,3,5,4,4,12,3,5,6,3,5,0,6,5,2,2,25,22
"2072",5,14,12,5,14,9,12,14,9,5,4,9,12,3,0,0,6,5,4,3,6,2,1,28,32
"2073",6,14,12,10,14,13,12,14,12,5,14,9,12,5,4,0,4,0,0,5,4,3,2,33,36
"2074",7,18,12,10,14,13,15,14,12,10,14,13,12,3,4,2,3,2,0,4,3,1,3,37,39
"2075",8,20,12,10,14,17,15,18,12,10,14,13,15,2,0,0,1,3,4,2,4,1,2,39,43
"2076",9,20,13,10,14,20,15,20,12,10,14,17,15,1,3,0,3,0,0,1,3,2,2,40,46
"2077",10,20,13,14,25,26,15,20,13,10,14,20,15,6,4,2,6,2,0,4,6,3,1,44,63
"2078",11,22,13,14,37,26,16,20,13,14,25,26,15,2,0,0,6,3,6,2,6,1,1,46,76
"2079",12,22,13,14,37,26,16,22,13,14,37,26,16,3,6,0,NA,0,0,0,0,0,0,46,76
"2080",0,0,0,0,0,0,0,0,0,0,0,0,0,0,0,0,0,0,0,0,0,0,0,0,0
"2081",1,1,1,6,1,6,1,1,1,1,1,1,1,3,5,5,3,5,0,5,5,3,2,5,5
"2082",2,1,4,6,5,6,1,1,1,6,1,6,1,3,0,0,4,4,2,3,4,2,1,8,9
"2083",3,1,4,10,5,8,1,1,4,6,5,6,1,4,2,0,2,0,0,4,2,3,2,12,11
"2084",4,1,6,10,5,8,2,1,4,10,5,8,1,1,1,2,1,1,0,2,1,2,3,14,12
"2085",5,1,7,10,16,14,2,1,6,10,5,8,2,1,0,0,6,1,3,1,6,2,2,15,29
"2086",6,4,7,10,16,15,2,1,7,10,16,14,2,1,3,0,1,0,0,3,1,1,2,18,30
"2087",7,4,8,10,20,15,2,4,7,10,16,15,2,1,1,4,1,4,0,1,4,2,1,19,34
"2088",8,5,8,10,20,20,8,4,8,10,20,15,2,1,0,0,1,6,3,1,6,1,3,20,45
"2089",9,8,8,10,21,20,8,5,8,10,20,20,8,1,3,0,1,0,0,3,1,1,1,23,46
"2090",10,8,8,11,25,26,8,8,8,10,21,20,8,6,1,1,6,1,0,1,6,3,2,24,56
"2091",11,9,8,11,28,26,8,8,8,11,25,26,8,1,0,0,3,5,3,1,3,1,1,25,59
"2092",12,9,8,11,28,26,8,9,8,11,28,26,8,5,3,0,NA,0,0,0,0,0,0,25,59
"2093",0,0,0,0,0,0,0,0,0,0,0,0,0,0,0,0,0,0,0,0,0,0,0,0,0
"2094",1,6,1,1,12,1,1,1,1,1,1,1,1,5,2,6,2,6,0,5,6,1,1,5,11
"2095",2,6,3,1,12,1,4,6,1,1,12,1,1,2,0,0,4,4,3,2,3,2,3,7,14
"2096",3,6,7,1,16,1,4,6,3,1,12,1,4,4,4,0,4,0,0,4,4,2,1,11,18
"2097",4,6,7,6,16,4,4,6,7,1,16,1,4,5,3,2,3,2,0,5,3,3,2,16,21
"2098",5,8,7,6,20,4,4,6,7,6,16,4,4,2,0,0,4,5,1,2,4,1,1,18,25
"2099",6,8,7,11,20,5,4,8,7,6,20,4,4,5,1,0,1,0,0,5,1,3,2,23,26
"2100",7,13,7,11,25,5,4,8,7,11,20,5,4,5,5,3,5,3,0,5,5,1,1,28,31
"2101",8,13,10,11,26,11,10,13,7,11,25,5,4,3,0,0,3,3,6,3,6,2,3,31,44
"2102",9,16,10,11,26,14,10,13,10,11,26,11,10,3,3,0,3,0,0,3,3,1,2,34,47
"2103",10,16,10,15,27,14,10,16,10,11,26,14,10,4,4,1,4,1,0,4,1,3,1,38,48
"2104",11,20,10,15,29,14,10,16,10,15,27,14,10,4,0,0,2,4,4,4,2,1,1,42,50
"2105",12,20,10,15,29,14,10,20,10,15,29,14,10,4,4,0,NA,0,0,0,0,0,0,42,50
"2106",0,0,0,0,0,0,0,0,0,0,0,0,0,0,0,0,0,0,0,0,0,0,0,0,0
"2107",1,1,7,4,1,6,1,1,1,1,1,1,1,2,5,6,2,5,0,6,5,2,2,9,5
"2108",2,1,7,6,7,10,1,1,7,4,1,6,1,2,0,0,2,6,2,2,6,3,1,11,15
"2109",3,1,9,6,9,10,1,1,7,6,7,10,1,2,2,0,2,0,0,2,2,2,1,13,17
"2110",4,6,9,6,13,10,1,1,9,6,9,10,1,5,4,2,4,2,0,5,4,1,1,18,21
"2111",5,8,9,6,13,21,1,6,9,6,13,10,1,2,0,0,6,2,3,2,6,1,2,20,32
"2112",6,10,9,6,13,21,4,8,9,6,13,21,1,2,3,0,3,0,0,2,3,1,3,22,35
"2113",7,10,9,8,17,21,10,10,9,6,13,21,4,4,2,6,4,6,0,2,6,3,3,24,45
"2114",8,14,9,8,17,22,16,10,9,8,17,21,10,4,0,0,6,5,6,4,6,1,3,28,52
"2115",9,14,18,8,22,22,16,14,9,8,17,22,16,5,6,0,5,0,0,6,5,2,1,37,57
"2116",10,17,18,8,25,22,16,14,18,8,22,22,16,3,3,1,3,1,0,3,3,1,1,40,60
"2117",11,18,18,8,26,22,16,17,18,8,25,22,16,1,0,0,1,2,4,1,1,1,1,41,61
"2118",12,18,18,8,26,22,16,18,18,8,26,22,16,2,4,0,NA,0,0,0,0,0,0,41,61
"2119",0,0,0,0,0,0,0,0,0,0,0,0,0,0,0,0,0,0,0,0,0,0,0,0,0
"2120",1,1,1,4,1,3,1,1,1,1,1,1,1,1,2,3,1,2,0,3,2,3,2,3,2
"2121",2,1,2,4,1,3,12,1,1,4,1,3,1,1,0,0,2,6,3,1,6,2,3,4,13
"2122",3,1,4,4,4,3,12,1,2,4,1,3,12,2,3,0,3,0,0,2,3,2,1,6,16
"2123",4,1,10,9,4,3,16,1,4,4,4,3,12,2,6,4,2,4,0,6,4,2,3,17,20
"2124",5,1,10,11,10,3,20,1,10,9,4,3,16,2,0,0,1,1,6,2,6,3,1,19,30
"2125",6,1,11,11,10,4,20,1,10,11,10,3,20,1,1,0,1,0,0,1,1,2,2,20,31
"2126",7,2,11,11,10,4,21,1,11,11,10,4,20,3,1,1,3,1,0,1,1,1,3,21,32
"2127",8,2,11,14,15,4,21,2,11,11,10,4,21,3,0,0,5,5,1,3,5,3,1,24,37
"2128",9,2,16,14,15,5,21,2,11,14,15,4,21,5,1,0,1,0,0,5,1,2,2,29,38
"2129",10,7,16,14,17,5,21,2,16,14,15,5,21,2,5,1,2,1,0,5,2,1,1,34,40
"2130",11,7,17,14,19,5,21,7,16,14,17,5,21,1,0,0,2,1,1,1,2,2,1,35,42
"2131",12,7,17,14,19,5,21,7,17,14,19,5,21,1,1,0,NA,0,0,0,0,0,0,35,42
"2132",0,0,0,0,0,0,0,0,0,0,0,0,0,0,0,0,0,0,0,0,0,0,0,0,0
"2133",1,5,1,1,3,1,7,1,1,1,1,1,1,4,5,6,5,6,0,4,6,1,3,4,8
"2134",2,5,6,1,8,1,7,5,1,1,3,1,7,5,0,0,5,4,5,5,5,2,1,9,13
"2135",3,5,10,1,13,1,7,5,6,1,8,1,7,4,5,0,5,0,0,4,5,2,1,13,18
"2136",4,5,10,6,16,1,7,5,10,1,13,1,7,3,1,5,3,1,0,5,3,3,1,18,21
"2137",5,5,11,6,17,7,7,5,10,6,16,1,7,1,0,0,5,6,4,1,6,2,2,19,28
"2138",6,5,11,11,17,7,11,5,11,6,17,7,7,5,4,0,4,0,0,5,4,3,3,24,32
"2139",7,5,16,11,17,7,16,5,11,11,17,7,11,5,5,2,5,2,0,5,5,2,3,29,37
"2140",8,5,18,11,18,13,22,5,16,11,17,7,16,2,0,0,6,2,4,2,6,2,3,31,50
"2141",9,5,20,11,18,17,22,5,18,11,18,13,22,2,4,0,4,0,0,2,4,2,2,33,54
"2142",10,5,23,11,18,21,22,5,20,11,18,17,22,4,3,2,4,2,0,3,4,2,2,36,58
"2143",11,7,23,11,21,21,22,5,23,11,18,21,22,2,0,0,3,6,4,2,3,1,1,38,61
"2144",12,7,23,11,21,21,22,7,23,11,21,21,22,6,4,0,NA,0,0,0,0,0,0,38,61
"2145",0,0,0,0,0,0,0,0,0,0,0,0,0,0,0,0,0,0,0,0,0,0,0,0,0
"2146",1,1,1,6,1,5,1,1,1,1,1,1,1,2,5,4,2,4,0,5,4,3,2,5,4
"2147",2,3,1,6,7,7,1,1,1,6,1,5,1,2,0,0,6,6,3,2,6,1,1,7,12
"2148",3,5,1,12,7,10,1,3,1,6,7,7,1,6,3,0,3,0,0,6,3,3,2,15,15
"2149",4,5,1,16,11,10,1,5,1,12,7,10,1,4,4,3,4,3,0,4,4,3,1,19,19
"2150",5,8,1,16,11,14,1,5,1,16,11,10,1,3,0,0,4,2,4,3,4,1,2,22,23
"2151",6,8,3,16,11,14,5,8,1,16,11,14,1,2,4,0,4,0,0,2,4,2,3,24,27
"2152",7,8,8,16,11,15,5,8,3,16,11,14,5,5,1,1,1,1,0,5,1,2,2,29,28
"2153",8,9,8,16,17,21,6,8,8,16,11,15,5,1,0,0,4,3,6,1,6,1,2,30,41
"2154",9,12,8,16,21,21,6,9,8,16,17,21,6,4,3,0,4,0,0,3,4,1,1,33,45
"2155",10,18,10,16,26,27,12,12,8,16,21,21,6,3,6,6,3,6,0,6,6,1,3,41,62
"2156",11,21,1,16,36,33,12,18,10,16,26,27,12,3,0,0,6,4,4,3,6,1,2,35,78
"2157",12,21,1,16,36,33,12,21,1,16,36,33,12,4,4,0,NA,0,0,0,0,0,0,35,78
"2158",0,0,0,0,0,0,0,0,0,0,0,0,0,0,0,0,0,0,0,0,0,0,0,0,0
"2159",1,6,1,1,1,5,7,1,1,1,1,1,1,2,6,5,2,6,0,5,6,1,3,5,10
"2160",2,6,3,1,1,9,7,6,1,1,1,5,7,2,0,0,1,2,4,2,4,2,2,7,14
"2161",3,8,3,1,1,9,8,6,3,1,1,9,7,1,2,0,1,0,0,2,1,1,3,9,15
"2162",4,13,9,1,7,13,8,8,3,1,1,9,8,6,2,6,2,6,0,6,6,2,1,20,25
"2163",5,13,11,1,7,19,11,13,9,1,7,13,8,2,0,0,4,4,6,2,6,2,2,22,34
"2164",6,17,11,1,11,19,11,13,11,1,7,19,11,4,4,0,4,0,0,4,4,1,1,26,38
"2165",7,22,17,1,15,19,17,17,11,1,11,19,11,6,4,6,4,6,0,6,6,2,3,37,48
"2166",8,22,21,1,15,21,17,22,17,1,15,19,17,4,0,0,1,2,2,4,2,2,2,41,50
"2167",9,24,21,1,15,22,17,22,21,1,15,21,17,1,2,0,1,0,0,2,1,1,2,43,51
"2168",10,24,21,4,15,23,17,24,21,1,15,22,17,3,1,3,1,3,0,3,1,3,2,46,52
"2169",11,27,21,4,16,23,17,24,21,4,15,23,17,3,0,0,1,3,3,3,1,1,1,49,53
"2170",12,27,21,4,16,23,17,27,21,4,16,23,17,3,3,0,NA,0,0,0,0,0,0,49,53
"2171",0,0,0,0,0,0,0,0,0,0,0,0,0,0,0,0,0,0,0,0,0,0,0,0,0
"2172",1,1,1,6,1,5,1,1,1,1,1,1,1,5,3,4,3,4,0,5,4,3,2,5,4
"2173",2,4,1,6,1,5,6,1,1,6,1,5,1,3,0,0,5,1,1,3,5,1,3,8,9
"2174",3,4,2,6,1,5,7,4,1,6,1,5,6,1,1,0,1,0,0,1,1,2,3,9,10
"2175",4,4,4,6,1,7,7,4,2,6,1,5,7,1,2,2,1,2,0,2,2,2,2,11,12
"2176",5,4,5,6,7,7,10,4,4,6,1,7,7,1,0,0,6,4,3,1,6,2,1,12,21
"2177",6,4,9,6,7,10,10,4,5,6,7,7,10,4,3,0,3,0,0,4,3,2,2,16,24
"2178",7,5,15,6,13,13,10,4,9,6,7,10,10,6,6,3,6,3,0,6,6,2,1,23,33
"2179",8,8,15,6,15,13,16,5,15,6,13,13,10,3,0,0,3,2,6,3,6,1,3,26,41
"2180",9,11,15,6,15,15,16,8,15,6,15,13,16,3,2,0,2,0,0,3,2,1,2,29,43
"2181",10,14,15,6,20,15,16,11,15,6,15,15,16,3,4,5,4,5,0,3,5,1,1,32,48
"2182",11,18,15,6,24,15,16,14,15,6,20,15,16,4,0,0,4,3,3,4,4,1,1,36,52
"2183",12,18,15,6,24,15,16,18,15,6,24,15,16,3,3,0,NA,0,0,0,0,0,0,36,52
"2184",0,0,0,0,0,0,0,0,0,0,0,0,0,0,0,0,0,0,0,0,0,0,0,0,0
"2185",1,4,1,1,6,1,1,1,1,1,1,1,1,3,5,3,5,3,0,3,5,1,1,3,5
"2186",2,7,1,1,10,1,1,4,1,1,6,1,1,3,0,0,4,1,1,3,4,1,1,6,9
"2187",3,7,1,2,11,1,1,7,1,1,10,1,1,1,1,0,1,0,0,1,1,3,1,7,10
"2188",4,8,1,2,11,9,1,7,1,2,11,1,1,1,6,1,6,1,0,1,6,1,2,8,18
"2189",5,8,2,2,12,9,7,8,1,2,11,9,1,1,0,0,4,1,6,1,6,2,3,9,25
"2190",6,12,2,2,12,9,8,8,2,2,12,9,7,4,1,0,1,0,0,4,1,1,3,13,26
"2191",7,12,2,5,12,12,8,12,2,2,12,9,8,3,3,3,3,3,0,3,3,3,2,16,29
"2192",8,12,2,8,14,12,14,12,2,5,12,12,8,3,0,0,5,2,6,3,6,3,3,19,37
"2193",9,12,2,13,14,14,14,12,2,8,14,12,14,5,2,0,2,0,0,5,2,3,2,24,39
"2194",10,16,2,13,18,14,14,12,2,13,14,14,14,4,4,2,4,2,0,4,4,1,1,28,43
"2195",11,18,1,13,25,14,14,16,2,13,18,14,14,2,0,0,6,3,2,2,6,1,1,29,50
"2196",12,18,1,13,25,14,14,18,1,13,25,14,14,3,2,0,NA,0,0,0,0,0,0,29,50
"2197",0,0,0,0,0,0,0,0,0,0,0,0,0,0,0,0,0,0,0,0,0,0,0,0,0
"2198",1,1,6,1,6,7,1,1,1,1,1,1,1,6,5,5,6,5,0,5,6,2,2,5,11
"2199",2,6,6,1,6,11,1,1,6,1,6,7,1,5,0,0,4,1,3,5,4,1,2,10,15
"2200",3,6,7,1,6,14,1,6,6,1,6,11,1,1,3,0,3,0,0,1,3,2,2,11,18
"2201",4,6,9,7,11,14,1,6,7,1,6,14,1,1,5,6,1,5,0,6,5,3,1,19,23
"2202",5,6,10,7,16,14,1,6,9,7,11,14,1,1,0,0,3,2,5,1,5,2,1,20,28
"2203",6,6,13,7,18,14,1,6,10,7,16,14,1,3,2,0,2,0,0,3,2,2,1,23,30
"2204",7,6,18,7,18,19,1,6,13,7,18,14,1,5,2,5,2,5,0,5,5,2,2,28,35
"2205",8,8,18,7,18,19,12,6,18,7,18,19,1,2,0,0,6,2,4,2,6,1,3,30,46
"2206",9,10,18,7,22,19,12,8,18,7,18,19,12,2,4,0,4,0,0,2,4,1,1,32,50
"2207",10,15,18,7,22,19,16,10,18,7,22,19,12,5,4,4,4,4,0,5,4,1,3,37,54
"2208",11,19,18,7,23,19,16,15,18,7,22,19,16,4,0,0,1,5,2,4,1,1,1,41,55
"2209",12,19,18,7,23,19,16,19,18,7,23,19,16,5,2,0,NA,0,0,0,0,0,0,41,55
"2210",0,0,0,0,0,0,0,0,0,0,0,0,0,0,0,0,0,0,0,0,0,0,0,0,0
"2211",1,1,6,1,9,1,1,1,1,1,1,1,1,6,5,4,6,4,0,5,6,2,1,5,8
"2212",2,5,6,1,9,12,1,1,6,1,9,1,1,4,0,0,5,2,6,4,6,1,2,9,19
"2213",3,5,6,6,11,12,1,5,6,1,9,12,1,5,2,0,2,0,0,5,2,3,1,14,21
"2214",4,9,6,6,11,17,1,5,6,6,11,12,1,4,5,2,5,2,0,4,5,1,2,18,26
"2215",5,11,6,6,11,17,9,9,6,6,11,17,1,2,0,0,5,4,6,2,6,1,3,20,34
"2216",6,15,6,6,11,17,14,11,6,6,11,17,9,5,4,0,5,0,0,4,5,1,3,24,39
"2217",7,15,7,12,14,17,14,15,6,6,11,17,14,3,1,6,3,1,0,6,3,3,1,31,42
"2218",8,16,7,12,14,23,19,15,7,12,14,17,14,1,0,0,4,6,2,1,6,1,2,32,53
"2219",9,20,7,12,16,23,19,16,7,12,14,23,19,4,2,0,2,0,0,4,2,1,1,36,55
"2220",10,21,7,12,21,23,19,20,7,12,16,23,19,5,1,1,5,1,0,1,5,1,1,37,60
"2221",11,22,7,12,27,26,19,21,7,12,21,23,19,1,0,0,6,5,2,1,6,1,1,38,69
"2222",12,22,7,12,27,26,19,22,7,12,27,26,19,5,2,0,NA,0,0,0,0,0,0,38,69
"2223",0,0,0,0,0,0,0,0,0,0,0,0,0,0,0,0,0,0,0,0,0,0,0,0,0
"2224",1,1,1,2,1,4,1,1,1,1,1,1,1,1,1,3,1,3,0,1,3,3,2,1,3
"2225",2,1,2,2,1,4,6,1,1,2,1,4,1,1,0,0,5,3,3,1,5,2,3,2,8
"2226",3,1,5,2,1,4,9,1,2,2,1,4,6,3,3,0,3,0,0,3,3,2,3,5,11
"2227",4,1,5,6,1,4,12,1,5,2,1,4,9,4,1,3,1,3,0,4,3,3,3,9,14
"2228",5,2,5,6,1,10,14,1,5,6,1,4,12,1,0,0,2,6,4,1,6,1,2,10,22
"2229",6,2,5,10,1,12,14,2,5,6,1,10,14,2,4,0,2,0,0,4,2,3,2,14,24
"2230",7,5,5,10,4,12,14,2,5,10,1,12,14,1,3,3,1,3,0,3,3,1,1,17,27
"2231",8,5,5,11,4,18,18,5,5,10,4,12,14,1,0,0,6,1,6,1,6,3,2,18,37
"2232",9,11,10,11,4,18,19,5,5,11,4,18,18,1,6,0,1,0,0,6,1,1,3,29,38
"2233",10,11,15,11,4,18,22,11,10,11,4,18,19,3,2,5,3,2,0,5,3,2,3,34,41
"2234",11,13,15,11,14,18,22,11,15,11,4,18,22,2,0,0,6,6,4,2,6,1,1,36,51
"2235",12,13,15,11,14,18,22,13,15,11,14,18,22,6,4,0,NA,0,0,0,0,0,0,36,51
"2236",0,0,0,0,0,0,0,0,0,0,0,0,0,0,0,0,0,0,0,0,0,0,0,0,0
"2237",1,1,1,6,1,7,5,1,1,1,1,1,1,6,5,5,6,5,0,5,6,3,2,5,10
"2238",2,1,6,6,5,7,5,1,1,6,1,7,5,5,0,0,4,1,1,5,4,2,1,10,14
"2239",3,2,6,6,6,7,5,1,6,6,5,7,5,1,1,0,1,0,0,1,1,1,1,11,15
"2240",4,7,6,6,6,7,8,2,6,6,6,7,5,3,2,5,3,2,0,5,3,1,3,16,18
"2241",5,7,8,6,11,13,8,7,6,6,6,7,8,2,0,0,6,1,3,2,6,2,2,18,29
"2242",6,10,8,6,11,13,9,7,8,6,11,13,8,1,3,0,1,0,0,3,1,1,3,21,30
"2243",7,10,8,7,16,13,9,10,8,6,11,13,9,5,3,1,5,3,0,1,5,3,1,22,35
"2244",8,10,11,7,16,18,15,10,8,7,16,13,9,3,0,0,1,6,5,3,6,2,3,25,46
"2245",9,11,11,7,21,18,15,10,11,7,16,18,15,1,5,0,5,0,0,1,5,1,1,26,51
"2246",10,12,11,7,21,21,15,11,11,7,21,18,15,1,3,4,3,4,0,1,3,1,2,27,54
"2247",11,16,11,7,24,21,15,12,11,7,21,21,15,4,0,0,3,3,3,4,3,1,1,31,57
"2248",12,16,11,7,24,21,15,16,11,7,24,21,15,3,3,0,NA,0,0,0,0,0,0,31,57
"2249",0,0,0,0,0,0,0,0,0,0,0,0,0,0,0,0,0,0,0,0,0,0,0,0,0
"2250",1,1,1,2,1,6,1,1,1,1,1,1,1,2,5,1,2,5,0,1,5,3,2,1,5
"2251",2,3,1,2,1,14,1,1,1,2,1,6,1,2,0,0,3,4,6,2,6,1,2,3,13
"2252",3,3,5,2,4,14,1,3,1,2,1,14,1,3,4,0,3,0,0,4,3,2,1,7,16
"2253",4,4,5,2,8,14,1,3,5,2,4,14,1,2,4,1,2,4,0,1,4,1,1,8,20
"2254",5,6,5,2,8,14,4,4,5,2,8,14,1,2,0,0,3,3,3,2,3,1,3,10,23
"2255",6,9,5,2,8,14,7,6,5,2,8,14,4,3,3,0,3,0,0,3,3,1,3,13,26
"2256",7,9,10,2,13,14,7,9,5,2,8,14,7,5,5,3,5,3,0,5,5,2,1,18,31
"2257",8,12,10,2,14,14,13,9,10,2,13,14,7,3,0,0,2,3,6,3,6,1,3,21,38
"2258",9,14,10,2,14,17,13,12,10,2,14,14,13,2,3,0,3,0,0,2,3,1,2,23,41
"2259",10,17,10,2,18,17,13,14,10,2,14,17,13,3,4,1,4,1,0,3,4,1,1,26,45
"2260",11,18,10,2,19,17,13,17,10,2,18,17,13,1,0,0,1,1,3,1,1,1,1,27,46
"2261",12,18,10,2,19,17,13,18,10,2,19,17,13,1,3,0,NA,0,0,0,0,0,0,27,46
"2262",0,0,0,0,0,0,0,0,0,0,0,0,0,0,0,0,0,0,0,0,0,0,0,0,0
"2263",1,1,5,1,11,1,1,1,1,1,1,1,1,6,4,4,6,4,0,4,6,2,1,4,10
"2264",2,1,9,1,11,1,8,1,5,1,11,1,1,4,0,0,5,6,1,4,6,2,3,8,17
"2265",3,6,9,1,11,1,9,1,9,1,11,1,8,5,1,0,1,0,0,5,1,1,3,13,18
"2266",4,11,9,1,11,6,9,6,9,1,11,1,9,1,5,5,1,5,0,5,5,1,2,18,23
"2267",5,12,9,1,11,9,9,11,9,1,11,6,9,1,0,0,3,3,3,1,3,1,2,19,26
"2268",6,15,9,1,11,12,9,12,9,1,11,9,9,3,3,0,3,0,0,3,3,1,2,22,29
"2269",7,16,9,1,11,17,9,15,9,1,11,12,9,3,1,5,3,5,0,1,5,1,2,23,34
"2270",8,16,12,1,11,17,10,16,9,1,11,17,9,3,0,0,1,1,1,3,1,2,3,26,35
"2271",9,17,12,1,11,17,11,16,12,1,11,17,10,1,1,0,1,0,0,1,1,1,3,27,36
"2272",10,20,12,1,18,17,11,17,12,1,11,17,11,6,3,2,6,2,0,3,6,1,1,30,43
"2273",11,22,12,1,18,17,16,20,12,1,18,17,11,2,0,0,5,6,6,2,5,1,3,32,48
"2274",12,22,12,1,18,17,16,22,12,1,18,17,16,6,6,0,NA,0,0,0,0,0,0,32,48
"2275",0,0,0,0,0,0,0,0,0,0,0,0,0,0,0,0,0,0,0,0,0,0,0,0,0
"2276",1,1,1,4,1,1,6,1,1,1,1,1,1,3,5,3,5,3,0,3,5,3,3,3,5
"2277",2,1,1,7,7,1,12,1,1,4,1,1,6,3,0,0,3,6,6,3,6,3,3,6,17
"2278",3,12,1,7,7,1,15,1,1,7,7,1,12,3,6,0,3,0,0,6,3,1,3,17,20
"2279",4,15,1,7,7,8,15,12,1,7,7,1,15,1,3,6,1,6,0,3,6,1,2,20,27
"2280",5,15,2,7,7,13,15,15,1,7,7,8,15,1,0,0,3,5,2,1,5,2,2,21,32
"2281",6,15,5,7,7,15,15,15,2,7,7,13,15,3,2,0,2,0,0,3,2,2,2,24,34
"2282",7,20,5,7,7,15,18,15,5,7,7,15,15,5,3,3,3,3,0,5,3,1,3,29,37
"2283",8,23,5,7,13,16,18,20,5,7,7,15,18,3,0,0,6,3,5,3,6,1,1,32,44
"2284",9,28,5,7,13,19,18,23,5,7,13,16,18,3,5,0,3,0,0,5,3,1,2,37,47
"2285",10,30,5,7,16,19,18,28,5,7,13,19,18,2,1,3,1,3,0,2,3,1,1,39,50
"2286",11,30,6,7,20,19,18,30,5,7,16,19,18,1,0,0,4,5,1,1,4,2,1,40,54
"2287",12,30,6,7,20,19,18,30,6,7,20,19,18,5,1,0,NA,0,0,0,0,0,0,40,54
"2288",0,0,0,0,0,0,0,0,0,0,0,0,0,0,0,0,0,0,0,0,0,0,0,0,0
"2289",1,3,1,1,1,7,2,1,1,1,1,1,1,2,6,2,6,2,0,2,6,1,2,2,7
"2290",2,5,1,1,7,9,2,3,1,1,1,7,2,2,0,0,3,1,6,2,6,1,1,4,15
"2291",3,6,1,1,7,9,5,5,1,1,7,9,2,3,1,0,3,0,0,1,3,1,3,5,18
"2292",4,6,1,4,13,9,8,6,1,1,7,9,5,3,3,6,3,6,0,3,6,3,1,8,27
"2293",5,6,1,7,13,9,13,6,1,4,13,9,8,3,0,0,5,1,1,3,5,3,3,11,32
"2294",6,6,1,8,14,9,13,6,1,7,13,9,13,1,1,0,1,0,0,1,1,3,1,12,33
"2295",7,10,1,20,14,15,20,6,1,8,14,9,13,6,3,6,3,6,0,6,6,3,3,28,46
"2296",8,10,1,23,20,16,20,10,1,20,14,15,20,3,0,0,3,6,6,3,6,3,1,31,53
"2297",9,10,1,26,20,24,20,10,1,23,20,16,20,3,6,0,6,0,0,3,6,3,2,34,61
"2298",10,10,3,26,23,24,20,10,1,26,20,24,20,3,2,2,3,2,0,2,3,2,1,36,64
"2299",11,12,3,26,23,27,20,10,3,26,23,24,20,2,0,0,3,4,6,2,3,1,2,38,67
"2300",12,12,3,26,23,27,20,12,3,26,23,27,20,4,6,0,NA,0,0,0,0,0,0,38,67
"2301",0,0,0,0,0,0,0,0,0,0,0,0,0,0,0,0,0,0,0,0,0,0,0,0,0
"2302",1,6,1,1,6,1,7,1,1,1,1,1,1,6,5,2,6,2,0,5,6,1,3,5,11
"2303",2,8,1,1,9,7,7,6,1,1,6,1,7,2,0,0,5,6,1,2,6,1,2,7,20
"2304",3,8,6,1,10,7,7,8,1,1,9,7,7,5,1,0,1,0,0,5,1,2,1,12,21
"2305",4,12,6,1,10,7,11,8,6,1,10,7,7,4,4,5,4,5,0,4,4,1,3,16,25
"2306",5,17,6,1,10,7,12,12,6,1,10,7,11,5,0,0,2,1,1,5,1,1,3,21,26
"2307",6,17,7,1,12,7,12,17,6,1,10,7,12,2,1,0,2,0,0,1,2,2,1,22,28
"2308",7,23,7,6,12,9,12,17,7,1,12,7,12,6,2,1,2,1,0,6,2,1,2,33,30
"2309",8,23,7,7,18,9,13,23,7,6,12,9,12,1,0,0,2,6,6,1,6,3,1,34,37
"2310",9,1,7,7,18,14,19,23,7,7,18,9,13,2,6,0,2,0,0,6,2,1,2,12,48
"2311",10,6,7,7,21,14,19,1,7,7,18,14,19,5,3,1,3,1,0,5,3,1,1,17,51
"2312",11,7,7,7,22,14,19,6,7,7,21,14,19,1,0,0,1,2,4,1,1,1,1,18,52
"2313",12,7,7,7,22,14,19,7,7,7,22,14,19,2,4,0,NA,0,0,0,0,0,0,18,52
"2314",0,0,0,0,0,0,0,0,0,0,0,0,0,0,0,0,0,0,0,0,0,0,0,0,0
"2315",1,6,1,1,6,1,1,1,1,1,1,1,1,5,5,1,5,1,0,5,5,1,1,5,5
"2316",2,7,1,1,9,1,7,6,1,1,6,1,1,1,0,0,5,6,1,1,6,1,3,6,14
"2317",3,12,1,1,9,2,7,7,1,1,9,1,7,5,1,0,1,0,0,5,1,1,2,11,15
"2318",4,17,1,1,9,6,7,12,1,1,9,2,7,5,2,4,2,4,0,5,4,1,2,16,19
"2319",5,17,1,3,9,9,7,17,1,1,9,6,7,2,0,0,3,1,3,2,3,3,2,18,22
"2320",6,17,4,3,9,9,8,17,1,3,9,9,7,1,3,0,1,0,0,3,1,2,3,21,23
"2321",7,17,4,8,15,19,8,17,4,3,9,9,8,5,6,1,6,1,0,5,6,3,2,26,39
"2322",8,17,5,8,16,19,14,17,4,8,15,19,8,1,0,0,6,6,3,1,6,2,3,27,46
"2323",9,25,5,8,16,19,17,17,5,8,16,19,14,6,3,0,3,0,0,6,3,1,3,35,49
"2324",10,30,5,8,20,25,17,25,5,8,16,19,17,5,2,6,2,6,0,5,6,1,2,40,59
"2325",11,32,5,8,24,25,17,30,5,8,20,25,17,2,0,0,4,2,1,2,4,1,1,42,63
"2326",12,32,5,8,24,25,17,32,5,8,24,25,17,2,1,0,NA,0,0,0,0,0,0,42,63
"2327",0,0,0,0,0,0,0,0,0,0,0,0,0,0,0,0,0,0,0,0,0,0,0,0,0
"2328",1,4,1,1,12,1,1,1,1,1,1,1,1,1,3,6,1,6,0,3,6,1,1,3,11
"2329",2,5,1,1,17,1,1,4,1,1,12,1,1,1,0,0,2,1,5,1,5,1,1,4,16
"2330",3,5,1,3,18,1,1,5,1,1,17,1,1,2,1,0,1,0,0,2,1,3,1,6,17
"2331",4,5,5,3,18,1,6,5,1,3,18,1,1,4,5,5,5,5,0,4,5,2,3,10,22
"2332",5,5,5,8,18,6,6,5,5,3,18,1,6,5,0,0,5,2,4,5,5,3,2,15,27
"2333",6,9,5,8,18,8,6,5,5,8,18,6,6,2,4,0,2,0,0,4,2,1,2,19,29
"2334",7,10,5,8,18,8,10,9,5,8,18,8,6,1,4,3,4,3,0,1,4,1,3,20,33
"2335",8,13,5,8,18,14,11,10,5,8,18,8,10,3,0,0,2,3,6,3,6,1,2,23,40
"2336",9,15,5,8,21,14,11,13,5,8,18,14,11,2,3,0,3,0,0,2,3,1,1,25,43
"2337",10,20,5,8,21,23,11,15,5,8,21,14,11,5,6,3,6,3,0,5,6,1,2,30,52
"2338",11,23,5,8,26,23,11,20,5,8,21,23,11,3,0,0,5,6,1,3,5,1,1,33,57
"2339",12,23,5,8,26,23,11,23,5,8,26,23,11,6,1,0,NA,0,0,0,0,0,0,33,57
"2340",0,0,0,0,0,0,0,0,0,0,0,0,0,0,0,0,0,0,0,0,0,0,0,0,0
"2341",1,9,1,1,1,7,4,1,1,1,1,1,1,1,6,6,1,6,0,6,6,1,2,8,9
"2342",2,10,1,1,12,7,4,9,1,1,1,7,4,1,0,0,4,6,6,1,6,1,1,9,20
"2343",3,10,7,4,12,11,4,10,1,1,12,7,4,4,6,0,4,0,0,6,4,2,2,18,24
"2344",4,13,7,4,12,13,4,10,7,4,12,11,4,3,1,2,1,2,0,3,2,1,2,21,26
"2345",5,14,7,4,12,22,4,13,7,4,12,13,4,1,0,0,6,5,6,1,6,1,2,22,35
"2346",6,19,7,4,16,22,10,14,7,4,12,22,4,5,6,0,6,0,0,5,6,1,3,27,45
"2347",7,21,7,4,17,22,10,19,7,4,16,22,10,2,1,1,1,1,0,2,1,1,1,29,46
"2348",8,22,7,4,19,22,16,21,7,4,17,22,10,1,0,0,5,6,2,1,6,1,3,30,54
"2349",9,24,7,4,19,22,21,22,7,4,19,22,16,5,2,0,5,0,0,2,5,1,3,32,59
"2350",10,24,10,4,20,22,21,24,7,4,19,22,21,3,5,1,5,1,0,3,1,2,1,35,60
"2351",11,29,10,4,23,22,21,24,10,4,20,22,21,5,0,0,3,1,6,5,3,1,1,40,63
"2352",12,29,10,4,23,22,21,29,10,4,23,22,21,1,6,0,NA,0,0,0,0,0,0,40,63
"2353",0,0,0,0,0,0,0,0,0,0,0,0,0,0,0,0,0,0,0,0,0,0,0,0,0
"2354",1,1,1,3,1,10,1,1,1,1,1,1,1,3,2,6,3,6,0,2,6,3,2,2,9
"2355",2,4,1,3,6,10,1,1,1,3,1,10,1,3,0,0,5,3,5,3,5,1,1,5,14
"2356",3,9,1,3,9,10,1,4,1,3,6,10,1,3,5,0,3,0,0,5,3,1,1,10,17
"2357",4,13,1,9,14,16,1,9,1,3,9,10,1,6,6,2,6,2,0,6,6,3,2,20,28
"2358",5,13,3,9,15,16,1,13,1,9,14,16,1,2,0,0,1,2,3,2,1,2,1,22,29
"2359",6,13,3,11,18,16,1,13,3,9,15,16,1,2,3,0,3,0,0,2,3,3,1,24,32
"2360",7,13,3,16,21,16,1,13,3,11,18,16,1,5,1,3,1,3,0,5,3,3,1,29,35
"2361",8,13,3,17,27,16,5,13,3,16,21,16,1,1,0,0,4,6,3,1,6,3,1,30,45
"2362",9,13,3,20,31,16,5,13,3,17,27,16,5,4,3,0,4,0,0,3,4,3,1,33,49
"2363",10,16,9,20,1,16,8,13,3,20,31,16,5,6,6,3,6,3,0,6,3,2,3,42,22
"2364",11,22,9,22,1,21,8,16,9,20,1,16,8,6,0,0,5,2,3,6,5,1,2,50,27
"2365",12,22,9,22,1,21,8,22,9,22,1,21,8,2,3,0,NA,0,0,0,0,0,0,50,27
"2366",0,0,0,0,0,0,0,0,0,0,0,0,0,0,0,0,0,0,0,0,0,0,0,0,0
"2367",1,6,1,1,3,1,1,1,1,1,1,1,1,2,5,1,2,1,0,5,2,1,1,5,2
"2368",2,7,1,1,3,1,5,6,1,1,3,1,1,1,0,0,1,2,4,1,4,1,3,6,6
"2369",3,9,1,1,3,2,5,7,1,1,3,1,5,1,2,0,1,0,0,2,1,1,2,8,7
"2370",4,9,12,7,3,8,6,9,1,1,3,2,5,6,6,3,6,3,0,6,6,2,2,25,14
"2371",5,12,12,7,3,8,13,9,12,7,3,8,6,3,0,0,2,6,3,3,6,1,3,28,21
"2372",6,12,12,10,3,10,13,12,12,7,3,8,13,2,3,0,2,0,0,3,2,3,2,31,23
"2373",7,12,16,10,3,18,13,12,12,10,3,10,13,4,6,1,6,1,0,4,6,2,2,35,31
"2374",8,13,16,10,3,23,13,12,16,10,3,18,13,1,0,0,2,5,4,1,5,1,2,36,36
"2375",9,17,16,10,3,23,15,13,16,10,3,23,13,2,4,0,2,0,0,4,2,1,3,40,38
"2376",10,22,16,10,3,28,15,17,16,10,3,23,15,5,4,5,4,5,0,5,5,1,2,45,43
"2377",11,22,16,14,3,29,15,22,16,10,3,28,15,4,0,0,6,1,1,4,1,3,2,49,44
"2378",12,22,16,14,3,29,15,22,16,14,3,29,15,6,1,0,NA,0,0,0,0,0,0,49,44
"2379",0,0,0,0,0,0,0,0,0,0,0,0,0,0,0,0,0,0,0,0,0,0,0,0,0
"2380",1,7,1,3,1,1,5,1,1,1,1,1,1,6,4,4,4,4,0,6,4,1,3,8,4
"2381",2,11,1,3,1,1,9,7,1,3,1,1,5,4,0,0,3,5,4,4,4,1,3,12,8
"2382",3,11,1,6,6,1,9,11,1,3,1,1,9,3,5,0,5,0,0,3,5,3,1,15,13
"2383",4,16,1,6,6,4,9,11,1,6,6,1,9,5,1,3,1,3,0,5,3,1,2,20,16
"2384",5,17,1,6,6,4,12,16,1,6,6,4,9,1,0,0,3,4,4,1,3,1,3,21,19
"2385",6,21,1,6,6,4,16,17,1,6,6,4,12,4,4,0,4,0,0,4,4,1,3,25,23
"2386",7,1,1,6,10,10,17,21,1,6,6,4,16,6,4,6,4,6,0,6,4,1,1,5,34
"2387",8,9,1,6,13,10,17,1,1,6,10,10,17,6,0,0,3,2,4,6,3,1,1,13,37
"2388",9,11,1,6,17,10,17,9,1,6,13,10,17,2,4,0,4,0,0,2,4,1,1,15,41
"2389",10,13,1,6,18,10,17,11,1,6,17,10,17,2,1,6,1,6,0,2,1,1,1,17,42
"2390",11,22,1,6,20,10,17,13,1,6,18,10,17,6,0,0,2,4,2,6,2,1,1,26,44
"2391",12,22,1,6,20,10,17,22,1,6,20,10,17,4,2,0,NA,0,0,0,0,0,0,26,44
"2392",0,0,0,0,0,0,0,0,0,0,0,0,0,0,0,0,0,0,0,0,0,0,0,0,0
"2393",1,1,2,1,6,1,1,1,1,1,1,1,1,2,1,5,2,5,0,1,5,2,1,1,5
"2394",2,1,4,1,6,1,6,1,2,1,6,1,1,2,0,0,2,5,2,2,5,2,3,3,10
"2395",3,1,6,1,6,1,8,1,4,1,6,1,6,2,2,0,2,0,0,2,2,2,3,5,12
"2396",4,1,10,1,6,1,12,1,6,1,6,1,8,4,4,5,4,5,0,4,4,2,3,9,16
"2397",5,1,15,1,6,9,12,1,10,1,6,1,12,5,0,0,6,2,2,5,6,2,2,14,24
"2398",6,3,15,1,8,9,12,1,15,1,6,9,12,2,2,0,2,0,0,2,2,1,1,16,26
"2399",7,6,15,1,9,9,12,3,15,1,8,9,12,1,3,1,1,1,0,3,1,1,1,19,27
"2400",8,7,15,1,9,9,22,6,15,1,9,9,12,1,0,0,4,6,2,1,6,1,3,20,37
"2401",9,7,19,1,11,9,22,7,15,1,9,9,22,4,2,0,2,0,0,4,2,2,1,24,39
"2402",10,19,19,6,17,13,22,7,19,1,11,9,22,5,6,6,5,6,0,6,6,1,1,41,49
"2403",11,24,19,1,17,13,29,19,19,6,17,13,22,5,0,0,6,6,3,5,6,1,3,41,56
"2404",12,24,19,1,17,13,29,24,19,1,17,13,29,6,3,0,NA,0,0,0,0,0,0,41,56
"2405",0,0,0,0,0,0,0,0,0,0,0,0,0,0,0,0,0,0,0,0,0,0,0,0,0
"2406",1,2,1,1,1,1,4,1,1,1,1,1,1,3,2,1,3,2,0,1,3,1,3,1,3
"2407",2,2,1,3,6,1,4,2,1,1,1,1,4,2,0,0,1,1,5,2,5,3,1,3,8
"2408",3,2,2,3,6,2,4,2,1,3,6,1,4,1,1,0,1,0,0,1,1,2,2,4,9
"2409",4,2,2,7,6,5,4,2,2,3,6,2,4,1,4,3,1,3,0,4,3,3,2,8,12
"2410",5,2,3,7,9,5,4,2,2,7,6,5,4,1,0,0,1,2,3,1,3,2,1,9,15
"2411",6,2,3,9,9,5,5,2,3,7,9,5,4,1,2,0,1,0,0,2,1,3,3,11,16
"2412",7,2,3,17,9,10,5,2,3,9,9,5,5,6,1,5,1,5,0,6,5,3,2,19,21
"2413",8,2,4,17,10,10,11,2,3,17,9,10,5,1,0,0,5,2,6,1,6,2,3,20,28
"2414",9,7,4,17,12,10,11,2,4,17,10,10,11,5,2,0,2,0,0,5,2,1,1,25,30
"2415",10,7,4,20,12,13,11,7,4,17,12,10,11,3,1,3,1,3,0,3,3,3,2,28,33
"2416",11,8,4,20,17,13,11,7,4,20,12,13,11,1,0,0,5,5,3,1,5,1,1,29,38
"2417",12,8,4,20,17,13,11,8,4,20,17,13,11,5,3,0,NA,0,0,0,0,0,0,29,38
"2418",0,0,0,0,0,0,0,0,0,0,0,0,0,0,0,0,0,0,0,0,0,0,0,0,0
"2419",1,1,1,4,1,1,6,1,1,1,1,1,1,3,2,5,2,5,0,3,5,3,3,3,5
"2420",2,1,3,4,5,1,6,1,1,4,1,1,6,2,0,0,2,3,4,2,4,2,1,5,9
"2421",3,1,3,6,5,4,6,1,3,4,5,1,6,2,3,0,3,0,0,2,3,3,2,7,12
"2422",4,6,3,6,9,10,6,1,3,6,5,4,6,6,5,2,6,2,0,5,6,1,2,12,22
"2423",5,8,3,6,13,10,6,6,3,6,9,10,6,2,0,0,2,2,4,2,4,1,1,14,26
"2424",6,8,5,6,15,10,6,8,3,6,13,10,6,2,2,0,2,0,0,2,2,2,1,16,28
"2425",7,8,7,6,17,10,6,8,5,6,15,10,6,2,2,2,2,2,0,2,2,2,1,18,30
"2426",8,8,7,8,21,16,6,8,7,6,17,10,6,2,0,0,6,1,4,2,6,3,2,20,40
"2427",9,8,7,12,22,16,6,8,7,8,21,16,6,1,4,0,1,0,0,4,1,3,1,24,41
"2428",10,8,7,16,22,16,11,8,7,12,22,16,6,4,5,5,5,5,0,4,5,3,3,28,46
"2429",11,13,7,16,24,16,11,8,7,16,22,16,11,5,0,0,2,4,3,5,2,1,1,33,48
"2430",12,13,7,16,24,16,11,13,7,16,24,16,11,4,3,0,NA,0,0,0,0,0,0,33,48
"2431",0,0,0,0,0,0,0,0,0,0,0,0,0,0,0,0,0,0,0,0,0,0,0,0,0
"2432",1,1,4,1,1,10,1,1,1,1,1,1,1,2,3,6,2,6,0,3,6,2,2,3,9
"2433",2,3,4,1,1,10,8,1,4,1,1,10,1,2,0,0,1,1,6,2,6,1,3,5,16
"2434",3,3,4,2,1,11,8,3,4,1,1,10,8,1,1,0,1,0,0,1,1,3,2,6,17
"2435",4,5,4,2,6,11,8,3,4,2,1,11,8,2,5,2,5,2,0,2,5,1,1,8,22
"2436",5,5,6,2,6,16,8,5,4,2,6,11,8,2,0,0,5,3,2,2,5,2,2,10,27
"2437",6,8,6,2,6,18,8,5,6,2,6,16,8,3,2,0,2,0,0,3,2,1,2,13,29
"2438",7,10,6,2,12,18,12,8,6,2,6,18,8,2,5,6,5,6,0,2,6,1,1,15,39
"2439",8,10,11,2,17,18,12,10,6,2,12,18,12,5,0,0,1,5,2,5,5,2,1,20,44
"2440",9,11,11,2,17,18,14,10,11,2,17,18,12,1,2,0,2,0,0,1,2,1,3,21,46
"2441",10,14,11,2,20,18,14,11,11,2,17,18,14,3,3,4,3,4,0,3,3,1,1,24,49
"2442",11,18,11,2,21,18,14,14,11,2,20,18,14,4,0,0,1,3,5,4,1,1,1,28,50
"2443",12,18,11,2,21,18,14,18,11,2,21,18,14,3,5,0,NA,0,0,0,0,0,0,28,50
"2444",0,0,0,0,0,0,0,0,0,0,0,0,0,0,0,0,0,0,0,0,0,0,0,0,0
"2445",1,1,1,5,3,1,1,1,1,1,1,1,1,4,1,2,1,2,0,4,2,3,1,4,2
"2446",2,1,2,5,3,5,1,1,1,5,3,1,1,1,0,0,4,5,2,1,4,2,2,5,6
"2447",3,3,2,5,8,5,1,1,2,5,3,5,1,5,2,0,5,0,0,2,5,1,1,7,11
"2448",4,8,2,5,8,10,1,3,2,5,8,5,1,5,3,5,3,5,0,5,5,1,2,12,16
"2449",5,8,2,8,8,10,11,8,2,5,8,10,1,3,0,0,5,6,1,3,6,3,3,15,26
"2450",6,13,2,8,9,10,11,8,2,8,8,10,11,5,1,0,1,0,0,5,1,1,1,20,27
"2451",7,13,2,13,9,10,13,13,2,8,9,10,11,2,5,2,2,2,0,5,2,3,3,25,29
"2452",8,15,2,13,9,10,18,13,2,13,9,10,13,2,0,0,3,5,3,2,5,1,3,27,34
"2453",9,15,5,13,9,10,21,15,2,13,9,10,18,3,3,0,3,0,0,3,3,2,3,30,37
"2454",10,15,5,16,11,16,21,15,5,13,9,10,21,4,6,3,4,6,0,3,6,3,2,33,45
"2455",11,19,5,16,19,16,21,15,5,16,11,16,21,4,0,0,6,1,2,4,6,1,1,37,53
"2456",12,19,5,16,19,16,21,19,5,16,19,16,21,1,2,0,NA,0,0,0,0,0,0,37,53
"2457",0,0,0,0,0,0,0,0,0,0,0,0,0,0,0,0,0,0,0,0,0,0,0,0,0
"2458",1,1,1,5,2,1,1,1,1,1,1,1,1,1,4,1,1,1,0,4,1,3,1,4,1
"2459",2,1,2,5,13,1,7,1,1,5,2,1,1,1,0,0,3,6,5,1,6,2,3,5,18
"2460",3,1,2,8,13,6,7,1,2,5,13,1,7,3,5,0,5,0,0,3,5,3,2,8,23
"2461",4,1,12,14,13,12,8,1,2,8,13,6,7,6,6,6,6,6,0,6,6,2,2,24,30
"2462",5,1,21,14,18,12,8,1,12,14,13,12,8,6,0,0,4,5,2,6,5,2,1,33,35
"2463",6,1,25,14,18,14,8,1,21,14,18,12,8,4,2,0,2,0,0,4,2,2,2,37,37
"2464",7,1,30,15,18,14,2,1,25,14,18,14,8,1,5,1,1,1,0,5,1,2,3,43,31
"2465",8,1,31,15,23,14,2,1,30,15,18,14,2,1,0,0,6,5,6,1,5,2,1,44,36
"2466",9,1,31,21,29,14,8,1,31,15,23,14,2,6,6,0,6,0,0,6,6,3,3,50,48
"2467",10,2,31,21,29,17,8,1,31,21,29,14,8,2,3,1,2,3,0,1,3,1,2,51,51
"2468",11,2,1,23,34,17,9,2,31,21,29,17,8,2,0,0,5,5,1,2,1,3,3,23,57
"2469",12,2,1,23,34,17,9,2,1,23,34,17,9,5,5,0,NA,0,0,0,0,0,0,23,57
"2470",0,0,0,0,0,0,0,0,0,0,0,0,0,0,0,0,0,0,0,0,0,0,0,0,0
"2471",1,6,1,1,1,1,3,1,1,1,1,1,1,4,2,5,4,2,0,5,2,1,3,5,2
"2472",2,6,1,5,9,1,3,6,1,1,1,1,3,4,0,0,5,4,6,4,6,3,1,9,10
"2473",3,11,1,5,9,1,7,6,1,5,9,1,3,5,4,0,4,0,0,5,4,1,3,14,14
"2474",4,11,1,9,9,1,9,11,1,5,9,1,7,4,2,1,2,1,0,4,2,3,3,18,16
"2475",5,12,1,9,13,1,9,11,1,9,9,1,9,1,0,0,4,3,3,1,4,1,1,19,20
"2476",6,12,4,9,16,1,9,12,1,9,13,1,9,3,3,0,3,0,0,3,3,2,1,22,23
"2477",7,15,4,9,22,1,11,12,4,9,16,1,9,3,3,6,3,6,0,3,6,1,1,25,31
"2478",8,18,4,9,23,7,11,15,4,9,22,1,11,3,0,0,4,2,6,3,6,1,2,28,38
"2479",9,20,4,9,23,7,15,18,4,9,23,7,11,4,2,0,4,0,0,2,4,1,3,30,42
"2480",10,20,4,10,23,17,15,20,4,9,23,7,15,1,1,6,1,6,0,1,6,3,2,31,52
"2481",11,21,4,10,24,17,15,20,4,10,23,17,15,1,0,0,1,6,5,1,1,1,1,32,53
"2482",12,21,4,10,24,17,15,21,4,10,24,17,15,6,5,0,NA,0,0,0,0,0,0,32,53
"2483",0,0,0,0,0,0,0,0,0,0,0,0,0,0,0,0,0,0,0,0,0,0,0,0,0
"2484",1,1,6,1,1,6,1,1,1,1,1,1,1,5,2,5,2,5,0,5,5,2,2,5,5
"2485",2,1,6,3,1,10,1,1,6,1,1,6,1,2,0,0,4,4,3,2,4,3,2,7,9
"2486",3,1,10,3,1,10,4,1,6,3,1,10,1,4,3,0,3,0,0,4,3,2,3,11,12
"2487",4,6,10,3,1,13,4,1,10,3,1,10,4,3,1,5,3,1,0,5,3,1,2,16,15
"2488",5,6,11,3,1,13,9,6,10,3,1,13,4,1,0,0,5,3,5,1,5,2,3,17,20
"2489",6,6,16,3,1,16,9,6,11,3,1,13,9,3,5,0,3,0,0,5,3,2,2,22,23
"2490",7,11,16,3,1,20,9,6,16,3,1,16,9,1,4,5,1,4,0,5,4,1,2,27,27
"2491",8,12,16,3,6,20,15,11,16,3,1,20,9,1,0,0,1,1,6,1,6,1,3,28,38
"2492",9,13,16,3,7,20,15,12,16,3,6,20,15,1,1,0,1,0,0,1,1,1,1,29,39
"2493",10,16,16,3,13,23,15,13,16,3,7,20,15,6,3,2,6,2,0,3,6,1,1,32,48
"2494",11,18,16,3,18,23,15,16,16,3,13,23,15,2,0,0,5,4,1,2,5,1,1,34,53
"2495",12,18,16,3,18,23,15,18,16,3,18,23,15,4,1,0,NA,0,0,0,0,0,0,34,53
"2496",0,0,0,0,0,0,0,0,0,0,0,0,0,0,0,0,0,0,0,0,0,0,0,0,0
"2497",1,7,7,5,1,3,1,1,1,1,1,1,1,2,6,2,2,2,0,6,2,1,2,16,2
"2498",2,7,7,7,7,3,3,7,7,5,1,3,1,2,0,0,2,1,6,2,6,3,1,18,10
"2499",3,7,7,8,9,3,3,7,7,7,7,3,3,2,1,0,2,0,0,1,2,3,1,19,12
"2500",4,7,12,8,13,3,3,7,7,8,9,3,3,2,4,5,2,4,0,5,4,2,1,24,16
"2501",5,7,12,10,17,3,3,7,12,8,13,3,3,2,0,0,4,3,3,2,4,3,1,26,20
"2502",6,10,12,10,20,3,3,7,12,10,17,3,3,3,3,0,3,0,0,3,3,1,1,29,23
"2503",7,16,12,17,20,3,6,10,12,10,20,3,3,3,6,2,3,2,0,6,3,3,3,42,26
"2504",8,16,14,17,25,3,6,16,12,17,20,3,6,2,0,0,3,3,5,2,5,2,1,44,31
"2505",9,19,14,17,25,3,9,16,14,17,25,3,6,3,3,0,3,0,0,3,3,1,3,47,34
"2506",10,19,14,19,35,3,9,19,14,17,25,3,9,1,2,6,1,6,0,2,6,3,1,49,44
"2507",11,19,1,19,45,3,9,19,14,19,35,3,9,1,0,0,2,2,5,1,2,2,1,36,54
"2508",12,19,1,19,45,3,9,19,1,19,45,3,9,2,5,0,NA,0,0,0,0,0,0,36,54
"2509",0,0,0,0,0,0,0,0,0,0,0,0,0,0,0,0,0,0,0,0,0,0,0,0,0
"2510",1,1,3,1,1,1,3,1,1,1,1,1,1,2,3,2,3,2,0,2,2,2,3,2,2
"2511",2,1,6,1,1,1,8,1,3,1,1,1,3,3,0,0,1,5,4,3,5,2,3,5,7
"2512",3,5,6,1,2,1,8,1,6,1,1,1,8,1,4,0,1,0,0,4,1,1,1,9,8
"2513",4,5,8,1,2,1,10,5,6,1,2,1,8,2,1,2,1,2,0,2,2,2,3,11,10
"2514",5,5,9,1,7,1,10,5,8,1,2,1,10,1,0,0,3,5,4,1,5,2,1,12,15
"2515",6,5,13,1,7,4,10,5,9,1,7,1,10,3,4,0,3,0,0,4,3,2,2,16,18
"2516",7,9,13,1,10,4,10,5,13,1,7,4,10,3,4,3,3,3,0,4,3,1,1,20,21
"2517",8,9,16,1,10,4,11,9,13,1,10,4,10,3,0,0,1,2,1,3,1,2,3,23,22
"2518",9,9,16,3,10,4,12,9,16,1,10,4,11,2,1,0,1,0,0,2,1,3,3,25,23
"2519",10,9,16,8,10,4,23,9,16,3,10,4,12,5,6,6,6,6,0,5,6,3,3,30,34
"2520",11,18,16,8,10,4,28,9,16,8,10,4,23,6,0,0,5,2,3,6,5,1,3,39,39
"2521",12,18,16,8,10,4,28,18,16,8,10,4,28,2,3,0,NA,0,0,0,0,0,0,39,39
"2522",0,0,0,0,0,0,0,0,0,0,0,0,0,0,0,0,0,0,0,0,0,0,0,0,0
"2523",1,5,1,1,1,4,1,1,1,1,1,1,1,4,3,3,3,3,0,4,3,1,2,4,3
"2524",2,5,4,1,1,6,1,5,1,1,1,4,1,3,0,0,2,2,2,3,2,2,2,7,5
"2525",3,5,4,3,1,6,3,5,4,1,1,6,1,2,2,0,2,0,0,2,2,3,3,9,7
"2526",4,12,4,3,7,9,3,5,4,3,1,6,3,6,6,3,6,3,0,6,6,1,1,16,16
"2527",5,12,4,6,7,9,7,12,4,3,7,9,3,3,0,0,3,4,1,3,4,3,3,19,20
"2528",6,12,7,6,7,9,8,12,4,6,7,9,7,3,1,0,1,0,0,3,1,2,3,22,21
"2529",7,12,9,6,7,10,8,12,7,6,7,9,8,2,1,1,1,1,0,2,1,2,2,24,22
"2530",8,12,9,7,10,10,8,12,9,6,7,10,8,1,0,0,1,2,3,1,3,3,1,25,25
"2531",9,14,9,7,11,10,8,12,9,7,10,10,8,1,2,0,1,0,0,2,1,1,1,27,26
"2532",10,20,16,7,11,10,13,14,9,7,11,10,8,3,5,6,3,5,0,6,5,1,3,40,31
"2533",11,23,16,7,15,10,13,20,16,7,11,10,13,3,0,0,4,4,5,3,4,1,1,43,35
"2534",12,23,16,7,15,10,13,23,16,7,15,10,13,4,5,0,NA,0,0,0,0,0,0,43,35
"2535",0,0,0,0,0,0,0,0,0,0,0,0,0,0,0,0,0,0,0,0,0,0,0,0,0
"2536",1,2,1,1,1,6,1,1,1,1,1,1,1,1,2,5,2,5,0,1,5,1,2,1,5
"2537",2,2,1,3,1,6,6,2,1,1,1,6,1,2,0,0,5,5,2,2,5,3,3,3,10
"2538",3,2,3,3,6,6,6,2,1,3,1,6,6,5,2,0,5,0,0,2,5,2,1,5,15
"2539",4,2,3,8,11,6,6,2,3,3,6,6,6,5,1,5,1,5,0,5,5,3,1,10,20
"2540",5,2,3,9,11,6,10,2,3,8,11,6,6,1,0,0,4,3,5,1,4,3,3,11,24
"2541",6,2,6,9,16,6,10,2,3,9,11,6,10,3,5,0,5,0,0,3,5,2,1,14,29
"2542",7,5,6,9,16,12,15,2,6,9,16,6,10,2,6,3,2,6,0,3,6,1,2,17,40
"2543",8,7,6,9,19,12,15,5,6,9,16,12,15,2,0,0,3,6,5,2,3,1,1,19,43
"2544",9,12,6,9,25,18,15,7,6,9,19,12,15,6,5,0,6,0,0,5,6,1,2,24,55
"2545",10,13,6,9,25,22,15,12,6,9,25,18,15,1,4,1,4,1,0,1,4,1,2,25,59
"2546",11,14,6,9,25,26,15,13,6,9,25,22,15,1,0,0,4,2,6,1,4,1,2,26,63
"2547",12,14,6,9,25,26,15,14,6,9,25,26,15,2,6,0,NA,0,0,0,0,0,0,26,63
"2548",0,0,0,0,0,0,0,0,0,0,0,0,0,0,0,0,0,0,0,0,0,0,0,0,0
"2549",1,1,6,7,1,1,5,1,1,1,1,1,1,6,4,2,4,2,0,6,4,3,3,11,4
"2550",2,1,6,9,1,10,5,1,6,7,1,1,5,2,0,0,4,2,6,2,6,3,2,13,13
"2551",3,5,6,9,1,12,5,1,6,9,1,10,5,4,2,0,2,0,0,4,2,1,2,17,15
"2552",4,5,12,13,1,12,7,5,6,9,1,12,5,2,6,2,2,2,0,6,2,2,3,27,17
"2553",5,7,12,13,1,16,7,5,12,13,1,12,7,2,0,0,4,2,6,2,4,1,2,29,21
"2554",6,13,12,15,1,18,7,7,12,13,1,16,7,2,6,0,2,0,0,6,2,1,2,37,23
"2555",7,13,12,20,3,18,7,13,12,15,1,18,7,5,3,2,3,2,0,5,2,3,1,42,25
"2556",8,13,15,20,3,23,7,13,12,20,3,18,7,3,0,0,5,5,2,3,5,2,2,45,30
"2557",9,13,20,20,5,23,7,13,15,20,3,23,7,5,2,0,2,0,0,5,2,2,1,50,32
"2558",10,15,20,20,11,23,12,13,20,20,5,23,7,2,6,6,6,6,0,2,6,1,1,52,43
"2559",11,23,20,20,16,23,12,15,20,20,11,23,12,6,0,0,4,6,5,6,5,1,1,60,48
"2560",12,23,20,20,16,23,12,23,20,20,16,23,12,4,6,0,NA,0,0,0,0,0,0,60,48
"2561",0,0,0,0,0,0,0,0,0,0,0,0,0,0,0,0,0,0,0,0,0,0,0,0,0
"2562",1,1,4,1,1,1,2,1,1,1,1,1,1,3,1,2,1,2,0,3,1,2,3,3,1
"2563",2,3,4,1,1,4,2,1,4,1,1,1,2,2,0,0,2,2,3,2,3,1,2,5,4
"2564",3,5,4,1,1,4,4,3,4,1,1,4,2,2,2,0,2,0,0,2,2,1,3,7,6
"2565",4,6,4,1,5,4,4,5,4,1,1,4,4,1,2,4,2,4,0,1,4,1,1,8,10
"2566",5,8,4,1,7,10,4,6,4,1,5,4,4,2,0,0,2,6,3,2,6,1,2,10,18
"2567",6,8,4,4,7,10,6,8,4,1,7,10,4,2,3,0,2,0,0,3,2,3,3,13,20
"2568",7,14,4,5,13,11,12,8,4,4,7,10,6,6,6,6,6,6,0,6,6,1,3,20,33
"2569",8,14,9,11,13,16,12,14,4,5,13,11,12,6,0,0,3,5,2,6,5,3,2,31,38
"2570",9,14,12,11,13,16,14,14,9,11,13,16,12,3,2,0,2,0,0,3,2,2,3,34,40
"2571",10,20,16,11,17,16,14,14,12,11,13,16,14,6,4,1,4,1,0,6,4,1,1,44,44
"2572",11,20,17,11,27,16,14,20,16,11,17,16,14,1,0,0,4,5,6,1,6,2,1,45,54
"2573",12,20,17,11,27,16,14,20,17,11,27,16,14,4,5,0,NA,0,0,0,0,0,0,45,54
"2574",0,0,0,0,0,0,0,0,0,0,0,0,0,0,0,0,0,0,0,0,0,0,0,0,0
"2575",1,6,1,7,1,1,4,1,1,1,1,1,1,6,3,3,3,3,0,6,3,3,3,11,3
"2576",2,9,1,7,1,5,4,6,1,7,1,1,4,3,0,0,2,3,4,3,4,1,2,14,7
"2577",3,11,1,7,1,5,7,9,1,7,1,5,4,2,3,0,3,0,0,2,3,1,3,16,10
"2578",4,11,2,7,1,5,8,11,1,7,1,5,7,1,2,1,2,1,0,1,1,2,3,17,11
"2579",5,13,2,7,1,9,14,11,2,7,1,5,8,2,0,0,6,2,4,2,6,1,3,19,21
"2580",6,17,2,7,3,9,14,13,2,7,1,9,14,2,4,0,2,0,0,4,2,1,1,23,23
"2581",7,17,7,7,3,11,14,17,2,7,3,9,14,5,1,2,1,2,0,5,2,2,2,28,25
"2582",8,17,7,8,3,11,19,17,7,7,3,11,14,1,0,0,5,5,6,1,5,3,3,29,30
"2583",9,23,7,11,3,11,24,17,7,8,3,11,19,5,6,0,5,0,0,6,5,1,3,38,35
"2584",10,28,7,11,3,11,26,23,7,11,3,11,24,1,5,2,1,2,0,5,2,1,3,43,37
"2585",11,29,7,11,10,11,26,28,7,11,3,11,26,1,0,0,6,6,5,1,6,1,1,44,44
"2586",12,29,7,11,10,11,26,29,7,11,10,11,26,6,5,0,NA,0,0,0,0,0,0,44,44
"2587",0,0,0,0,0,0,0,0,0,0,0,0,0,0,0,0,0,0,0,0,0,0,0,0,0
"2588",1,1,1,5,1,1,2,1,1,1,1,1,1,4,1,1,1,1,0,4,1,3,3,4,1
"2589",2,1,1,6,4,1,2,1,1,5,1,1,2,1,0,0,3,3,2,1,3,3,1,5,4
"2590",3,4,1,6,4,3,2,1,1,6,4,1,2,3,2,0,2,0,0,3,2,1,2,8,6
"2591",4,4,1,10,4,3,5,4,1,6,4,3,2,3,4,4,3,4,0,4,3,3,3,12,9
"2592",5,4,5,10,4,3,15,4,1,10,4,3,5,4,0,0,4,6,4,4,6,2,3,16,19
"2593",6,4,9,10,4,3,19,4,5,10,4,3,15,4,4,0,4,0,0,4,4,2,3,20,23
"2594",7,8,9,10,4,3,24,4,9,10,4,3,19,5,4,2,5,2,0,4,5,1,3,24,28
"2595",8,10,9,10,4,7,24,8,9,10,4,3,24,2,0,0,4,3,2,2,4,1,2,26,32
"2596",9,10,12,10,6,7,24,10,9,10,4,7,24,3,2,0,2,0,0,3,2,2,1,29,34
"2597",10,10,13,10,9,7,24,10,12,10,6,7,24,1,3,1,3,1,0,1,3,2,1,30,37
"2598",11,11,13,10,16,7,24,10,13,10,9,7,24,1,0,0,2,2,6,1,6,1,1,31,44
"2599",12,11,13,10,16,7,24,11,13,10,16,7,24,2,2,0,NA,0,0,0,0,0,0,31,44
"2600",0,0,0,0,0,0,0,0,0,0,0,0,0,0,0,0,0,0,0,0,0,0,0,0,0
"2601",1,1,4,1,8,1,1,1,1,1,1,1,1,3,6,4,6,4,0,3,6,2,1,3,7
"2602",2,1,4,5,12,1,1,1,4,1,8,1,1,4,0,0,3,4,4,4,4,3,1,7,11
"2603",3,1,4,9,12,1,4,1,4,5,12,1,1,3,4,0,3,0,0,4,3,3,3,11,14
"2604",4,1,4,10,12,1,9,1,4,9,12,1,4,1,5,1,5,1,0,1,5,3,3,12,19
"2605",5,2,4,10,16,1,9,1,4,10,12,1,9,1,0,0,1,4,1,1,4,1,1,13,23
"2606",6,3,4,10,16,2,9,2,4,10,16,1,9,1,1,0,1,0,0,1,1,1,2,14,24
"2607",7,3,4,12,20,2,9,3,4,10,16,2,9,2,4,2,4,2,0,2,4,3,1,16,28
"2608",8,3,4,14,20,2,14,3,4,12,20,2,9,2,0,0,2,2,5,2,5,3,3,18,33
"2609",9,3,6,14,22,2,14,3,4,14,20,2,14,2,2,0,2,0,0,2,2,2,1,20,35
"2610",10,3,6,19,22,6,14,3,6,14,22,2,14,4,5,3,4,3,0,5,4,3,2,25,39
"2611",11,3,9,19,23,12,14,3,6,19,22,6,14,3,0,0,6,2,3,3,6,2,2,28,46
"2612",12,3,9,19,23,12,14,3,9,19,23,12,14,2,3,0,NA,0,0,0,0,0,0,28,46
"2613",0,0,0,0,0,0,0,0,0,0,0,0,0,0,0,0,0,0,0,0,0,0,0,0,0
"2614",1,3,1,1,1,1,5,1,1,1,1,1,1,2,2,4,2,4,0,2,4,1,3,2,4
"2615",2,5,1,1,1,6,5,3,1,1,1,1,5,2,0,0,1,2,5,2,5,1,2,4,9
"2616",3,5,2,1,1,8,5,5,1,1,1,6,5,1,2,0,2,0,0,1,2,2,2,5,11
"2617",4,5,2,3,6,8,5,5,2,1,1,8,5,5,2,4,5,4,0,2,5,3,1,7,16
"2618",5,5,6,3,6,13,5,5,2,3,6,8,5,4,0,0,5,3,4,4,5,2,2,11,21
"2619",6,5,10,3,6,13,8,5,6,3,6,13,5,3,4,0,3,0,0,4,3,2,3,15,24
"2620",7,5,15,3,11,13,8,5,10,3,6,13,8,5,5,5,5,5,0,5,5,2,1,20,29
"2621",8,5,20,3,11,18,8,5,15,3,11,13,8,5,0,0,2,5,4,5,5,2,2,25,34
"2622",9,5,22,3,11,18,12,5,20,3,11,18,8,2,4,0,4,0,0,2,4,2,3,27,38
"2623",10,5,23,3,13,18,18,5,22,3,11,18,12,6,2,1,6,2,0,1,6,2,3,28,46
"2624",11,7,23,3,13,20,18,5,23,3,13,18,18,2,0,0,2,3,6,2,2,1,2,30,48
"2625",12,7,23,3,13,20,18,7,23,3,13,20,18,3,6,0,NA,0,0,0,0,0,0,30,48
"2626",0,0,0,0,0,0,0,0,0,0,0,0,0,0,0,0,0,0,0,0,0,0,0,0,0
"2627",1,1,1,5,1,1,3,1,1,1,1,1,1,4,2,2,2,2,0,4,2,3,3,4,2
"2628",2,3,1,5,6,1,9,1,1,5,1,1,3,2,0,0,1,1,6,2,6,1,3,6,13
"2629",3,3,1,6,6,1,10,3,1,5,6,1,9,1,1,0,1,0,0,1,1,3,3,7,14
"2630",4,3,1,11,12,1,15,3,1,6,6,1,10,4,5,6,4,6,0,5,6,3,1,12,25
"2631",5,3,1,15,16,1,15,3,1,11,12,1,15,4,0,0,1,4,1,4,4,3,1,16,29
"2632",6,3,2,15,17,1,15,3,1,15,16,1,15,1,1,0,1,0,0,1,1,2,1,17,30
"2633",7,3,2,20,17,5,15,3,2,15,17,1,15,4,2,5,4,2,0,5,4,3,2,22,34
"2634",8,5,2,20,18,11,21,3,2,20,17,5,15,2,0,0,6,1,4,2,6,1,3,24,47
"2635",9,5,3,20,18,15,21,5,2,20,18,11,21,1,4,0,4,0,0,1,4,2,2,25,51
"2636",10,16,3,20,24,20,21,5,3,20,18,15,21,6,6,4,6,4,0,6,6,1,1,36,62
"2637",11,20,3,20,29,20,21,16,3,20,24,20,21,4,0,0,5,3,3,4,5,1,1,40,67
"2638",12,20,3,20,29,20,21,20,3,20,29,20,21,3,3,0,NA,0,0,0,0,0,0,40,67
"2639",0,0,0,0,0,0,0,0,0,0,0,0,0,0,0,0,0,0,0,0,0,0,0,0,0
"2640",1,1,1,6,1,1,4,1,1,1,1,1,1,1,5,3,1,3,0,5,3,3,3,5,3
"2641",2,1,2,6,1,5,4,1,1,6,1,1,4,1,0,0,4,1,5,1,4,2,2,6,7
"2642",3,6,2,6,2,5,4,1,2,6,1,5,4,1,5,0,1,0,0,5,1,1,1,11,8
"2643",4,6,2,11,2,5,5,6,2,6,2,5,4,1,5,1,1,1,0,5,1,3,3,16,9
"2644",5,7,2,11,2,9,5,6,2,11,2,5,5,1,0,0,2,5,4,1,4,1,2,17,13
"2645",6,9,2,11,7,9,5,7,2,11,2,9,5,2,5,0,5,0,0,2,5,1,1,19,18
"2646",7,9,3,17,7,10,5,9,2,11,7,9,5,1,6,1,1,1,0,6,1,3,2,26,19
"2647",8,10,3,17,13,10,9,9,3,17,7,10,5,1,0,0,4,6,6,1,6,1,1,27,29
"2648",9,16,7,17,17,10,9,10,3,17,13,10,9,4,6,0,4,0,0,6,4,1,1,37,33
"2649",10,16,7,21,17,16,15,16,7,17,17,10,9,4,6,5,6,5,0,4,6,3,3,41,45
"2650",11,21,7,21,21,16,15,16,7,21,17,16,15,5,0,0,1,1,4,5,4,1,1,46,49
"2651",12,21,7,21,21,16,15,21,7,21,21,16,15,1,1,0,NA,0,0,0,0,0,0,46,49
"2652",0,0,0,0,0,0,0,0,0,0,0,0,0,0,0,0,0,0,0,0,0,0,0,0,0
"2653",1,6,1,1,5,7,1,1,1,1,1,1,1,5,1,6,1,6,0,5,6,1,2,5,10
"2654",2,7,1,1,5,7,4,6,1,1,5,7,1,1,0,0,3,4,2,1,3,1,3,6,13
"2655",3,7,5,1,7,7,4,7,1,1,5,7,4,4,2,0,2,0,0,4,2,2,1,10,15
"2656",4,9,5,1,9,7,4,7,5,1,7,7,4,2,2,3,2,3,0,2,2,1,1,12,17
"2657",5,12,5,1,16,7,4,9,5,1,9,7,4,3,0,0,6,4,4,3,6,1,1,15,24
"2658",6,12,9,1,16,11,4,12,5,1,16,7,4,4,4,0,4,0,0,4,4,2,2,19,28
"2659",7,12,15,4,21,11,4,12,9,1,16,11,4,4,6,5,4,5,0,6,5,2,1,28,33
"2660",8,12,15,8,21,11,15,12,15,4,21,11,4,4,0,0,6,2,3,4,6,3,3,32,44
"2661",9,12,17,8,24,11,15,12,15,8,21,11,15,2,3,0,3,0,0,2,3,2,1,34,47
"2662",10,12,21,8,24,17,19,12,17,8,24,11,15,3,6,4,3,6,0,4,6,2,2,38,57
"2663",11,15,21,8,27,23,19,12,21,8,24,17,19,3,0,0,6,6,4,3,6,1,2,41,66
"2664",12,15,21,8,27,23,19,15,21,8,27,23,19,6,4,0,NA,0,0,0,0,0,0,41,66
"2665",0,0,0,0,0,0,0,0,0,0,0,0,0,0,0,0,0,0,0,0,0,0,0,0,0
"2666",1,1,1,2,4,1,1,1,1,1,1,1,1,3,3,1,3,3,0,1,3,3,1,1,3
"2667",2,1,4,2,4,4,1,1,1,2,4,1,1,3,0,0,3,2,3,3,3,2,2,4,6
"2668",3,3,4,2,7,4,1,1,4,2,4,4,1,2,3,0,3,0,0,2,3,1,1,6,9
"2669",4,7,4,2,10,4,1,3,4,2,7,4,1,4,3,1,3,1,0,4,3,1,1,10,12
"2670",5,8,4,2,10,4,4,7,4,2,10,4,1,1,0,0,2,3,2,1,3,1,3,11,15
"2671",6,8,4,4,10,4,6,8,4,2,10,4,4,2,2,0,2,0,0,2,2,3,3,13,17
"2672",7,13,4,4,10,4,10,8,4,4,10,4,6,4,5,4,4,4,0,5,4,1,3,18,21
"2673",8,17,4,4,10,4,12,13,4,4,10,4,10,4,0,0,2,2,1,4,2,1,3,22,23
"2674",9,19,4,4,11,4,12,17,4,4,10,4,12,2,1,0,1,0,0,2,1,1,1,24,24
"2675",10,19,8,4,11,5,12,19,4,4,11,4,12,1,4,1,1,1,0,4,1,2,2,28,25
"2676",11,19,8,5,19,5,12,19,8,4,11,5,12,1,0,0,3,6,5,1,6,3,1,29,33
"2677",12,19,8,5,19,5,12,19,8,5,19,5,12,3,5,0,NA,0,0,0,0,0,0,29,33
"2678",0,0,0,0,0,0,0,0,0,0,0,0,0,0,0,0,0,0,0,0,0,0,0,0,0
"2679",1,1,1,5,4,1,1,1,1,1,1,1,1,4,1,3,1,3,0,4,3,3,1,4,3
"2680",2,2,1,5,4,1,6,1,1,5,4,1,1,1,0,0,5,3,5,1,5,1,3,5,8
"2681",3,2,6,5,7,1,6,2,1,5,4,1,6,3,5,0,3,0,0,5,3,2,1,10,11
"2682",4,2,11,5,7,1,7,2,6,5,7,1,6,1,5,1,1,1,0,5,1,2,3,15,12
"2683",5,2,11,6,7,1,12,2,11,5,7,1,7,1,0,0,1,1,5,1,5,3,3,16,17
"2684",6,3,11,6,8,1,12,2,11,6,7,1,12,1,1,0,1,0,0,1,1,1,1,17,18
"2685",7,3,11,9,14,1,16,3,11,6,8,1,12,3,6,1,6,1,0,3,6,3,1,20,28
"2686",8,4,11,9,20,6,16,3,11,9,14,1,16,1,0,0,6,4,2,1,6,1,1,21,39
"2687",9,8,11,9,22,6,16,4,11,9,20,6,16,4,2,0,2,0,0,4,2,1,1,25,41
"2688",10,8,17,16,24,12,22,8,11,9,22,6,16,4,6,6,4,6,0,6,6,3,3,38,55
"2689",11,12,17,16,25,12,22,8,17,16,24,12,22,4,0,0,1,2,3,4,1,1,1,42,56
"2690",12,12,17,16,25,12,22,12,17,16,25,12,22,2,3,0,NA,0,0,0,0,0,0,42,56
"2691",0,0,0,0,0,0,0,0,0,0,0,0,0,0,0,0,0,0,0,0,0,0,0,0,0
"2692",1,2,1,1,1,1,5,1,1,1,1,1,1,2,1,4,2,4,0,1,4,1,3,1,4
"2693",2,4,1,1,5,1,5,2,1,1,1,1,5,2,0,0,4,4,5,2,4,1,1,3,8
"2694",3,9,1,1,5,1,9,4,1,1,5,1,5,4,5,0,4,0,0,5,4,1,3,8,12
"2695",4,11,1,1,8,1,9,9,1,1,5,1,9,2,3,3,3,3,0,2,3,1,1,10,15
"2696",5,11,4,1,16,1,9,11,1,1,8,1,9,3,0,0,5,6,5,3,6,2,1,13,23
"2697",6,16,4,1,21,1,9,11,4,1,16,1,9,5,5,0,5,0,0,5,5,1,1,18,28
"2698",7,19,4,1,21,5,9,16,4,1,21,1,9,1,3,4,1,4,0,3,4,1,2,21,32
"2699",8,20,4,1,21,5,14,19,4,1,21,5,9,1,0,0,3,1,5,1,5,1,3,22,37
"2700",9,20,7,1,22,5,14,20,4,1,21,5,14,3,1,0,1,0,0,3,1,2,1,25,38
"2701",10,20,7,5,22,9,20,20,7,1,22,5,14,6,2,4,6,2,0,4,6,3,3,29,48
"2702",11,22,7,5,24,9,20,20,7,5,22,9,20,2,0,0,2,2,3,2,2,1,1,31,50
"2703",12,22,7,5,24,9,20,22,7,5,24,9,20,2,3,0,NA,0,0,0,0,0,0,31,50
"2704",0,0,0,0,0,0,0,0,0,0,0,0,0,0,0,0,0,0,0,0,0,0,0,0,0
"2705",1,1,1,4,6,7,1,1,1,1,1,1,1,3,6,5,6,5,0,3,6,3,2,3,11
"2706",2,6,1,4,9,7,1,1,1,4,6,7,1,5,0,0,2,3,4,5,3,1,1,8,14
"2707",3,6,5,4,11,7,1,6,1,4,9,7,1,2,4,0,2,0,0,4,2,2,1,12,16
"2708",4,8,5,4,11,12,1,6,5,4,11,7,1,2,1,5,1,5,0,2,5,1,2,14,21
"2709",5,9,5,4,12,12,7,8,5,4,11,12,1,1,0,0,6,4,2,1,6,1,3,15,28
"2710",6,9,9,4,12,12,9,9,5,4,12,12,7,4,2,0,2,0,0,4,2,2,3,19,30
"2711",7,9,9,5,12,13,9,9,9,4,12,12,9,1,1,1,1,1,0,1,1,3,2,20,31
"2712",8,10,9,5,17,13,9,9,9,5,12,13,9,1,0,0,5,5,4,1,5,1,1,21,36
"2713",9,10,13,5,17,18,9,10,9,5,17,13,9,5,4,0,5,0,0,4,5,2,2,25,41
"2714",10,10,18,5,20,18,15,10,13,5,17,18,9,6,3,5,6,3,0,5,6,2,3,30,50
"2715",11,13,18,5,26,20,15,10,18,5,20,18,15,3,0,0,6,2,6,3,6,1,1,33,58
"2716",12,13,18,5,26,20,15,13,18,5,26,20,15,2,6,0,NA,0,0,0,0,0,0,33,58
"2717",0,0,0,0,0,0,0,0,0,0,0,0,0,0,0,0,0,0,0,0,0,0,0,0,0
"2718",1,1,1,2,1,1,6,1,1,1,1,1,1,5,1,3,5,3,0,1,5,3,3,1,5
"2719",2,1,4,2,1,5,6,1,1,2,1,1,6,3,0,0,4,5,1,3,4,2,2,4,9
"2720",3,6,4,2,1,5,7,1,4,2,1,5,6,5,1,0,1,0,0,5,1,1,3,9,10
"2721",4,6,7,2,6,5,7,6,4,2,1,5,7,3,2,5,2,5,0,3,5,2,1,12,15
"2722",5,8,7,2,6,5,11,6,7,2,6,5,7,2,0,0,2,4,4,2,4,1,3,14,19
"2723",6,12,7,2,6,5,13,8,7,2,6,5,11,2,4,0,2,0,0,4,2,1,3,18,21
"2724",7,12,7,10,7,5,19,12,7,2,6,5,13,6,6,6,6,6,0,6,6,3,3,26,28
"2725",8,18,12,10,13,5,25,12,7,10,7,5,19,6,0,0,2,1,6,6,6,1,3,37,40
"2726",9,20,12,10,13,5,26,18,12,10,13,5,25,2,1,0,1,0,0,2,1,1,3,39,41
"2727",10,24,12,10,13,5,27,20,12,10,13,5,26,1,4,1,1,1,0,4,1,1,3,43,42
"2728",11,24,12,11,13,8,27,24,12,10,13,5,27,1,0,0,3,3,2,1,3,3,2,44,45
"2729",12,24,12,11,13,8,27,24,12,11,13,8,27,3,2,0,NA,0,0,0,0,0,0,44,45
"2730",0,0,0,0,0,0,0,0,0,0,0,0,0,0,0,0,0,0,0,0,0,0,0,0,0
"2731",1,4,1,1,4,1,1,1,1,1,1,1,1,1,3,3,1,3,0,3,3,1,1,3,3
"2732",2,4,2,1,6,1,7,4,1,1,4,1,1,1,0,0,6,6,5,1,6,2,3,4,11
"2733",3,10,9,1,6,1,12,4,2,1,6,1,7,6,5,0,5,0,0,6,5,2,3,17,16
"2734",4,16,9,4,9,1,18,10,9,1,6,1,12,6,3,6,3,6,0,6,6,1,3,26,25
"2735",5,19,9,4,9,1,22,16,9,4,9,1,18,3,0,0,5,1,4,3,4,1,3,29,29
"2736",6,19,14,4,9,1,23,19,9,4,9,1,22,5,1,0,1,0,0,5,1,2,3,34,30
"2737",7,19,19,4,12,1,23,19,14,4,9,1,23,3,3,5,3,3,0,5,3,2,1,39,33
"2738",8,19,22,4,15,1,23,19,19,4,12,1,23,3,0,0,2,3,2,3,3,2,1,42,36
"2739",9,19,22,6,17,1,23,19,22,4,15,1,23,2,2,0,2,0,0,2,2,3,1,44,38
"2740",10,19,22,10,17,1,25,19,22,6,17,1,23,4,2,1,2,1,0,4,2,3,3,48,40
"2741",11,20,22,10,17,1,30,19,22,10,17,1,25,1,0,0,6,4,5,1,5,1,3,49,45
"2742",12,20,22,10,17,1,30,20,22,10,17,1,30,6,4,0,NA,0,0,0,0,0,0,49,45
"2743",0,0,0,0,0,0,0,0,0,0,0,0,0,0,0,0,0,0,0,0,0,0,0,0,0
"2744",1,7,1,7,1,1,12,1,1,1,1,1,1,6,6,6,6,6,0,6,6,1,3,12,11
"2745",2,12,7,7,1,1,13,7,1,7,1,1,12,6,0,0,4,4,1,6,1,2,3,23,12
"2746",3,16,7,7,1,1,17,12,7,7,1,1,13,4,4,0,4,0,0,4,4,1,3,27,16
"2747",4,16,10,7,1,7,20,16,7,7,1,1,17,5,3,6,5,6,0,3,6,2,2,30,25
"2748",5,16,15,7,1,8,26,16,10,7,1,7,20,5,0,0,1,6,3,5,6,2,3,35,32
"2749",6,19,15,7,2,8,26,16,15,7,1,8,26,1,3,0,1,0,0,3,1,1,1,38,33
"2750",7,19,18,1,4,8,29,19,15,7,2,8,26,3,3,5,3,5,0,3,3,2,3,35,38
"2751",8,19,18,6,8,8,29,19,18,1,4,8,29,5,0,0,3,4,3,5,4,3,1,40,42
"2752",9,19,21,6,8,8,32,19,18,6,8,8,29,3,3,0,3,0,0,3,3,2,3,43,45
"2753",10,21,21,10,8,8,3,19,21,6,8,8,32,4,2,1,2,1,0,4,2,3,3,49,16
"2754",11,22,21,10,8,12,3,21,21,10,8,8,3,1,0,0,6,4,4,1,4,1,2,50,20
"2755",12,22,21,10,8,12,3,22,21,10,8,12,3,6,4,0,NA,0,0,0,0,0,0,50,20
"2756",0,0,0,0,0,0,0,0,0,0,0,0,0,0,0,0,0,0,0,0,0,0,0,0,0
"2757",1,1,5,1,1,1,4,1,1,1,1,1,1,4,2,3,2,3,0,4,3,2,3,4,3
"2758",2,1,5,3,6,1,4,1,5,1,1,1,4,2,0,0,3,5,2,2,5,3,1,6,8
"2759",3,4,5,3,6,1,6,1,5,3,6,1,4,3,2,0,2,0,0,3,2,1,3,9,10
"2760",4,12,5,3,11,1,6,4,5,3,6,1,6,6,2,5,2,5,0,6,5,1,1,17,15
"2761",5,12,5,5,11,5,6,12,5,3,11,1,6,2,0,0,1,4,1,2,4,3,2,19,19
"2762",6,12,6,5,11,6,6,12,5,5,11,5,6,1,1,0,1,0,0,1,1,2,2,20,20
"2763",7,12,6,10,16,6,6,12,6,5,11,6,6,5,5,1,5,1,0,5,5,3,1,25,25
"2764",8,12,7,10,22,6,7,12,6,10,16,6,6,1,0,0,5,6,1,1,6,2,1,26,32
"2765",9,12,7,15,22,6,8,12,7,10,22,6,7,5,1,0,1,0,0,5,1,3,3,31,33
"2766",10,23,7,15,26,6,8,12,7,15,22,6,8,4,6,1,4,1,0,6,4,1,1,42,37
"2767",11,24,7,1,37,6,10,23,7,15,26,6,8,1,0,0,6,2,5,1,6,1,1,29,50
"2768",12,24,7,1,37,6,10,24,7,1,37,6,10,2,5,0,NA,0,0,0,0,0,0,29,50
"2769",0,0,0,0,0,0,0,0,0,0,0,0,0,0,0,0,0,0,0,0,0,0,0,0,0
"2770",1,4,1,1,1,4,1,1,1,1,1,1,1,3,2,3,2,3,0,3,3,1,2,3,3
"2771",2,6,1,1,1,9,7,4,1,1,1,4,1,2,0,0,1,6,1,2,6,1,3,5,14
"2772",3,6,2,1,1,10,7,6,1,1,1,9,7,1,1,0,1,0,0,1,1,2,2,6,15
"2773",4,6,2,5,1,10,11,6,2,1,1,10,7,4,1,4,1,4,0,4,4,3,3,10,19
"2774",5,7,2,5,5,16,11,6,2,5,1,10,11,1,0,0,6,1,3,1,6,1,2,11,29
"2775",6,10,2,5,6,16,11,7,2,5,5,16,11,1,3,0,1,0,0,3,1,1,1,14,30
"2776",7,10,2,15,12,16,13,10,2,5,6,16,11,6,6,2,6,2,0,6,6,3,1,24,38
"2777",8,12,2,15,15,16,19,10,2,15,12,16,13,2,0,0,6,2,5,2,6,1,3,26,47
"2778",9,12,2,20,15,18,19,12,2,15,15,16,19,2,5,0,2,0,0,5,2,3,2,31,49
"2779",10,12,1,21,21,24,28,12,2,20,15,18,19,1,1,6,1,6,0,1,6,3,1,31,70
"2780",11,12,4,21,32,1,28,12,1,21,21,24,28,1,0,0,5,3,6,1,6,2,1,34,58
"2781",12,12,4,21,32,1,28,12,4,21,32,1,28,5,3,0,NA,0,0,0,0,0,0,34,58
"2782",0,0,0,0,0,0,0,0,0,0,0,0,0,0,0,0,0,0,0,0,0,0,0,0,0
"2783",1,6,1,1,7,5,1,1,1,1,1,1,1,5,6,3,6,3,0,5,6,1,1,5,10
"2784",2,9,1,1,14,5,1,6,1,1,7,5,1,3,0,0,2,2,6,3,6,1,1,8,17
"2785",3,11,1,1,16,5,1,9,1,1,14,5,1,2,2,0,2,0,0,2,2,1,1,10,19
"2786",4,13,1,7,16,8,1,11,1,1,16,5,1,1,6,3,1,3,0,6,3,3,2,18,22
"2787",5,13,1,8,16,8,8,13,1,7,16,8,1,1,0,0,3,5,6,1,6,3,3,19,29
"2788",6,13,4,8,16,13,8,13,1,8,16,8,8,3,5,0,5,0,0,3,5,2,2,22,34
"2789",7,13,4,11,16,18,8,13,4,8,16,13,8,5,3,2,5,2,0,3,5,3,2,25,39
"2790",8,15,4,11,16,18,11,13,4,11,16,18,8,2,0,0,5,3,2,2,3,1,3,27,42
"2791",9,15,4,16,16,18,13,15,4,11,16,18,11,5,2,0,2,0,0,5,2,3,3,32,44
"2792",10,16,4,22,16,21,19,15,4,16,16,18,13,6,5,6,5,6,0,6,6,3,3,39,53
"2793",11,21,4,22,24,21,19,16,4,22,16,21,19,5,0,0,2,6,5,5,6,1,1,44,61
"2794",12,21,4,22,24,21,19,21,4,22,24,21,19,2,5,0,NA,0,0,0,0,0,0,44,61
"2795",0,0,0,0,0,0,0,0,0,0,0,0,0,0,0,0,0,0,0,0,0,0,0,0,0
"2796",1,13,1,6,4,1,1,1,1,1,1,1,1,6,3,3,3,3,0,6,3,1,1,17,3
"2797",2,13,4,6,4,6,13,13,1,6,4,1,1,3,0,0,2,6,3,3,6,2,3,20,20
"2798",3,15,4,6,4,6,16,13,4,6,4,6,13,2,3,0,3,0,0,2,3,1,3,22,23
"2799",4,15,4,10,7,6,16,15,4,6,4,6,16,4,3,1,3,1,0,4,3,3,1,26,26
"2800",5,15,4,11,7,6,21,15,4,10,7,6,16,1,0,0,5,5,4,1,5,3,3,27,31
"2801",6,15,9,11,7,10,21,15,4,11,7,6,21,5,4,0,4,0,0,5,4,2,2,32,35
"2802",7,15,9,13,7,10,23,15,9,11,7,10,21,2,2,1,2,1,0,2,2,3,3,34,37
"2803",8,15,10,13,13,14,29,15,9,13,7,10,23,1,0,0,4,6,2,1,6,2,3,35,53
"2804",9,17,10,13,13,18,29,15,10,13,13,14,29,4,2,0,4,0,0,2,4,1,2,37,57
"2805",10,21,10,13,18,18,29,17,10,13,13,18,29,5,2,4,5,2,0,4,5,1,1,41,62
"2806",11,21,10,15,20,18,29,21,10,13,18,18,29,2,0,0,2,2,2,2,2,3,1,43,64
"2807",12,21,10,15,20,18,29,21,10,15,20,18,29,2,2,0,NA,0,0,0,0,0,0,43,64
"2808",0,0,0,0,0,0,0,0,0,0,0,0,0,0,0,0,0,0,0,0,0,0,0,0,0
"2809",1,1,4,7,1,1,6,1,1,1,1,1,1,5,2,6,5,2,0,6,5,3,3,9,5
"2810",2,3,4,7,1,6,6,1,4,7,1,1,6,2,0,0,6,5,4,2,5,1,2,11,10
"2811",3,14,4,7,1,6,10,3,4,7,1,6,6,6,4,0,4,0,0,6,4,1,3,22,14
"2812",4,14,9,7,1,7,10,14,4,7,1,6,10,3,5,1,3,1,0,5,1,2,2,27,15
"2813",5,14,12,7,1,13,13,14,9,7,1,7,10,3,0,0,3,6,6,3,6,2,2,30,24
"2814",6,15,18,7,1,13,16,14,12,7,1,13,13,3,6,0,3,0,0,6,3,2,3,37,27
"2815",7,16,18,13,1,19,18,15,18,7,1,13,16,1,6,6,1,6,0,6,6,3,2,44,35
"2816",8,17,18,13,1,25,24,16,18,13,1,19,18,1,0,0,6,4,6,1,6,1,2,45,47
"2817",9,23,18,15,1,25,28,17,18,13,1,25,24,4,6,0,4,0,0,6,4,1,3,53,51
"2818",10,23,18,23,1,30,28,23,18,15,1,25,28,5,6,2,5,2,0,6,5,3,2,61,56
"2819",11,25,18,23,2,30,28,23,18,23,1,30,28,2,0,0,4,1,3,2,1,1,1,63,57
"2820",12,25,18,23,2,30,28,25,18,23,2,30,28,4,3,0,NA,0,0,0,0,0,0,63,57
"2821",0,0,0,0,0,0,0,0,0,0,0,0,0,0,0,0,0,0,0,0,0,0,0,0,0
"2822",1,1,1,5,1,1,4,1,1,1,1,1,1,3,1,4,3,1,0,4,3,3,3,4,3
"2823",2,2,1,5,1,1,9,1,1,5,1,1,4,1,0,0,2,5,5,1,5,1,3,5,8
"2824",3,2,1,10,1,3,9,2,1,5,1,1,9,2,5,0,2,0,0,5,2,3,2,10,10
"2825",4,2,6,10,1,3,10,2,1,10,1,3,9,1,2,5,1,2,0,5,1,2,3,15,11
"2826",5,4,6,10,5,3,10,2,6,10,1,3,10,2,0,0,2,4,2,2,4,1,1,17,15
"2827",6,6,6,10,7,3,10,4,6,10,5,3,10,2,2,0,2,0,0,2,2,1,1,19,17
"2828",7,6,6,13,7,7,10,6,6,10,7,3,10,4,3,3,4,3,0,3,4,3,2,22,21
"2829",8,9,6,13,18,7,10,6,6,13,7,7,10,3,0,0,3,3,6,3,6,1,1,25,32
"2830",9,9,6,16,21,7,10,9,6,13,18,7,10,3,3,0,3,0,0,3,3,3,1,28,35
"2831",10,9,6,20,21,7,12,9,6,16,21,7,10,1,4,2,1,2,0,4,2,3,3,32,37
"2832",11,10,6,20,27,12,12,9,6,20,21,7,12,1,0,0,5,5,6,1,6,1,1,33,48
"2833",12,10,6,20,27,12,12,10,6,20,27,12,12,5,5,0,NA,0,0,0,0,0,0,33,48
"2834",0,0,0,0,0,0,0,0,0,0,0,0,0,0,0,0,0,0,0,0,0,0,0,0,0
"2835",1,2,7,1,1,1,6,1,1,1,1,1,1,6,4,5,4,5,0,6,5,2,3,7,5
"2836",2,2,11,1,1,5,6,2,7,1,1,1,6,4,0,0,4,1,1,4,4,2,2,11,9
"2837",3,2,11,2,2,5,6,2,11,1,1,5,6,1,1,0,1,0,0,1,1,3,1,12,10
"2838",4,13,11,2,8,6,6,2,11,2,2,5,6,6,6,1,6,1,0,6,6,1,1,23,17
"2839",5,13,12,2,12,6,6,13,11,2,8,6,6,1,0,0,4,5,3,1,4,2,1,24,21
"2840",6,13,15,2,17,6,6,13,12,2,12,6,6,5,3,0,5,0,0,3,5,2,1,27,26
"2841",7,16,15,8,17,11,6,13,15,2,17,6,6,1,6,5,1,5,0,6,5,3,2,36,31
"2842",8,16,16,8,17,16,6,16,15,8,17,11,6,1,0,0,4,5,3,1,5,2,2,37,36
"2843",9,20,16,8,17,16,9,16,16,8,17,16,6,4,3,0,3,0,0,4,3,1,3,41,39
"2844",10,30,16,8,17,19,9,20,16,8,17,16,9,3,1,6,3,1,0,6,3,1,2,51,42
"2845",11,31,19,8,17,19,3,30,16,8,17,19,9,1,0,0,6,2,3,1,2,1,3,55,36
"2846",12,31,19,8,17,19,3,31,19,8,17,19,3,6,3,0,NA,0,0,0,0,0,0,55,36
"2847",0,0,0,0,0,0,0,0,0,0,0,0,0,0,0,0,0,0,0,0,0,0,0,0,0
"2848",1,5,1,1,1,1,6,1,1,1,1,1,1,5,4,4,5,4,0,4,5,1,3,4,5
"2849",2,5,5,1,1,1,8,5,1,1,1,1,6,4,0,0,2,3,1,4,2,2,3,8,7
"2850",3,5,5,4,2,1,8,5,5,1,1,1,8,3,1,0,1,0,0,3,1,3,1,11,8
"2851",4,5,5,8,2,2,8,5,5,4,2,1,8,4,1,1,1,1,0,4,1,3,2,15,9
"2852",5,5,5,9,2,2,13,5,5,8,2,2,8,1,0,0,2,2,5,1,5,3,3,16,14
"2853",6,5,5,11,2,2,15,5,5,9,2,2,13,2,2,0,2,0,0,2,2,3,3,18,16
"2854",7,5,8,11,2,2,19,5,5,11,2,2,15,4,1,3,4,1,0,3,4,2,3,21,20
"2855",8,6,8,11,2,5,25,5,8,11,2,2,19,1,0,0,6,3,6,1,6,1,3,22,29
"2856",9,16,8,11,2,5,28,6,8,11,2,5,25,3,6,0,3,0,0,6,3,1,3,32,32
"2857",10,16,11,11,5,5,28,16,8,11,2,5,28,3,1,3,1,3,0,3,3,2,1,35,35
"2858",11,17,11,11,5,8,28,16,11,11,5,5,28,1,0,0,6,3,6,1,3,1,2,36,38
"2859",12,17,11,11,5,8,28,17,11,11,5,8,28,6,6,0,NA,0,0,0,0,0,0,36,38
"2860",0,0,0,0,0,0,0,0,0,0,0,0,0,0,0,0,0,0,0,0,0,0,0,0,0
"2861",1,5,1,1,6,7,7,1,1,1,1,1,1,4,6,1,6,1,0,4,6,1,3,4,17
"2862",2,6,1,1,6,12,7,5,1,1,6,7,7,1,0,0,5,5,6,1,5,1,2,5,22
"2863",3,6,1,6,12,18,11,6,1,1,6,12,7,5,6,0,6,0,0,5,6,3,1,10,38
"2864",4,9,1,6,16,18,11,6,1,6,12,18,11,4,3,3,4,3,0,3,4,1,1,13,42
"2865",5,12,1,6,22,23,17,9,1,6,16,18,11,3,0,0,1,6,4,3,6,1,1,16,59
"2866",6,13,1,6,26,23,17,12,1,6,22,23,17,1,4,0,4,0,0,1,4,1,1,17,63
"2867",7,25,9,1,1,28,18,13,1,6,26,23,17,3,6,5,3,5,0,6,5,1,2,32,44
"2868",8,28,9,1,2,34,18,25,9,1,1,28,18,3,0,0,1,6,1,3,6,1,2,35,51
"2869",9,29,9,1,2,35,18,28,9,1,2,34,18,1,1,0,1,0,0,1,1,1,2,36,52
"2870",10,34,9,1,2,40,18,29,9,1,2,35,18,5,5,2,5,2,0,5,5,1,2,41,57
"2871",11,34,11,1,4,40,18,34,9,1,2,40,18,2,0,0,2,5,1,2,2,2,1,43,59
"2872",12,34,11,1,4,40,18,34,11,1,4,40,18,5,1,0,NA,0,0,0,0,0,0,43,59
"2873",0,0,0,0,0,0,0,0,0,0,0,0,0,0,0,0,0,0,0,0,0,0,0,0,0
"2874",1,1,1,2,1,1,4,1,1,1,1,1,1,2,1,3,2,3,0,1,3,3,3,1,3
"2875",2,1,1,4,1,1,7,1,1,2,1,1,4,2,0,0,2,3,2,2,3,3,3,3,6
"2876",3,1,3,4,1,1,9,1,1,4,1,1,7,2,2,0,2,0,0,2,2,2,3,5,8
"2877",4,1,3,9,1,1,11,1,3,4,1,1,9,5,2,2,2,2,0,5,2,3,3,10,10
"2878",5,1,3,11,6,1,11,1,3,9,1,1,11,2,0,0,3,5,1,2,5,3,1,12,15
"2879",6,1,6,11,6,2,11,1,3,11,6,1,11,3,1,0,1,0,0,3,1,2,2,15,16
"2880",7,6,6,11,6,6,11,1,6,11,6,2,11,4,5,3,4,3,0,5,4,1,2,20,20
"2881",8,9,6,11,16,6,11,6,6,11,6,6,11,3,0,0,6,3,2,3,6,1,1,23,30
"2882",9,9,6,13,19,6,11,9,6,11,16,6,11,3,2,0,3,0,0,2,3,3,1,25,33
"2883",10,15,13,13,24,6,11,9,6,13,19,6,11,5,6,2,5,2,0,6,5,2,1,38,38
"2884",11,17,13,13,32,6,11,15,13,13,24,6,11,2,0,0,6,3,2,2,6,1,1,40,46
"2885",12,17,13,13,32,6,11,17,13,13,32,6,11,3,2,0,NA,0,0,0,0,0,0,40,46
"2886",0,0,0,0,0,0,0,0,0,0,0,0,0,0,0,0,0,0,0,0,0,0,0,0,0
"2887",1,6,1,1,1,1,4,1,1,1,1,1,1,1,5,3,1,3,0,5,3,1,3,5,3
"2888",2,7,1,1,1,1,8,6,1,1,1,1,4,1,0,0,2,4,4,1,4,1,3,6,7
"2889",3,7,1,5,1,1,10,7,1,1,1,1,8,2,4,0,2,0,0,4,2,3,3,10,9
"2890",4,7,6,5,5,1,10,7,1,5,1,1,10,4,5,1,4,1,0,5,4,2,1,15,13
"2891",5,8,6,5,5,1,13,7,6,5,5,1,10,1,0,0,3,4,4,1,3,1,3,16,16
"2892",6,8,6,9,5,1,17,8,6,5,5,1,13,4,4,0,4,0,0,4,4,3,3,20,20
"2893",7,8,11,9,5,7,21,8,6,9,5,1,17,5,1,6,1,6,0,5,6,2,2,25,30
"2894",8,9,11,9,5,7,26,8,11,9,5,7,21,1,0,0,5,3,4,1,5,1,3,26,35
"2895",9,12,11,9,5,11,26,9,11,9,5,7,26,3,4,0,4,0,0,3,4,1,2,29,39
"2896",10,12,14,9,10,11,26,12,11,9,5,11,26,1,3,5,1,5,0,3,5,2,1,32,44
"2897",11,13,14,9,15,11,26,12,14,9,10,11,26,1,0,0,5,3,3,1,5,1,1,33,49
"2898",12,13,14,9,15,11,26,13,14,9,15,11,26,3,3,0,NA,0,0,0,0,0,0,33,49
"2899",0,0,0,0,0,0,0,0,0,0,0,0,0,0,0,0,0,0,0,0,0,0,0,0,0
"2900",1,13,1,6,1,1,4,1,1,1,1,1,1,3,2,6,3,2,0,6,3,1,3,17,3
"2901",2,13,1,8,1,7,9,13,1,6,1,1,4,2,0,0,6,1,6,2,6,3,2,19,14
"2902",3,13,4,20,1,8,9,13,1,8,1,7,9,1,6,0,1,0,0,6,1,3,2,34,15
"2903",4,15,4,20,1,8,12,13,4,20,1,8,9,2,3,3,3,3,0,2,3,1,3,36,18
"2904",5,18,4,20,1,8,16,15,4,20,1,8,12,3,0,0,4,2,4,3,4,1,3,39,22
"2905",6,18,8,20,1,8,18,18,4,20,1,8,16,2,4,0,2,0,0,4,2,2,3,43,24
"2906",7,18,10,20,1,8,23,18,8,20,1,8,18,3,2,5,3,5,0,2,5,2,3,45,29
"2907",8,21,10,20,1,13,29,18,10,20,1,8,23,3,0,0,6,6,1,3,6,1,3,48,40
"2908",9,28,10,20,2,13,29,21,10,20,1,13,29,6,1,0,1,0,0,6,1,1,1,55,41
"2909",10,32,10,20,7,13,29,28,10,20,2,13,29,1,4,5,1,5,0,4,5,1,1,59,46
"2910",11,33,10,20,18,13,29,32,10,20,7,13,29,1,0,0,6,1,6,1,6,1,1,60,57
"2911",12,33,10,20,18,13,29,33,10,20,18,13,29,1,6,0,NA,0,0,0,0,0,0,60,57
"2912",0,0,0,0,0,0,0,0,0,0,0,0,0,0,0,0,0,0,0,0,0,0,0,0,0
"2913",1,6,1,1,1,5,1,1,1,1,1,1,1,4,3,5,4,3,0,5,4,1,2,5,4
"2914",2,6,1,4,1,5,11,6,1,1,1,5,1,3,0,0,3,6,3,3,6,3,3,8,14
"2915",3,6,4,4,4,5,11,6,1,4,1,5,11,3,3,0,3,0,0,3,3,2,1,11,17
"2916",4,10,4,4,4,11,13,6,4,4,4,5,11,4,2,6,2,6,0,4,6,1,2,15,25
"2917",5,10,4,6,11,11,13,10,4,4,4,11,13,2,0,0,6,1,1,2,6,3,1,17,32
"2918",6,10,4,7,12,11,13,10,4,6,11,11,13,1,1,0,1,0,0,1,1,3,1,18,33
"2919",7,14,4,7,12,18,13,10,4,7,12,11,13,2,6,4,2,6,0,4,6,1,2,22,40
"2920",8,16,4,7,12,18,15,14,4,7,12,18,13,2,0,0,6,2,6,2,2,1,3,24,42
"2921",9,25,4,7,23,18,15,16,4,7,12,18,15,6,6,0,6,0,0,6,6,1,1,33,53
"2922",10,30,4,7,23,18,22,25,4,7,23,18,15,5,4,6,4,6,0,5,6,1,3,38,60
"2923",11,34,4,7,24,24,22,30,4,7,23,18,22,4,0,0,3,6,4,4,6,1,2,42,67
"2924",12,34,4,7,24,24,22,34,4,7,24,24,22,3,4,0,NA,0,0,0,0,0,0,42,67
"2925",0,0,0,0,0,0,0,0,0,0,0,0,0,0,0,0,0,0,0,0,0,0,0,0,0
"2926",1,8,1,1,6,1,1,1,1,1,1,1,1,4,6,5,4,5,0,6,5,1,1,7,5
"2927",2,12,1,1,6,5,1,8,1,1,6,1,1,4,0,0,2,4,5,4,4,1,2,11,9
"2928",3,12,3,1,6,10,1,12,1,1,6,5,1,2,5,0,5,0,0,2,5,2,2,13,14
"2929",4,15,3,1,6,10,2,12,3,1,6,10,1,1,3,1,1,1,0,3,1,1,3,16,15
"2930",5,15,4,1,6,10,6,15,3,1,6,10,2,1,0,0,1,1,4,1,4,2,3,17,19
"2931",6,16,4,1,6,10,7,15,4,1,6,10,6,1,1,0,1,0,0,1,1,1,3,18,20
"2932",7,22,4,5,6,10,11,16,4,1,6,10,7,1,6,4,1,4,0,6,4,1,3,28,24
"2933",8,22,5,5,6,15,11,22,4,5,6,10,11,1,0,0,5,3,2,1,5,2,2,29,29
"2934",9,22,8,5,6,17,11,22,5,5,6,15,11,3,2,0,2,0,0,3,2,2,2,32,31
"2935",10,22,10,5,6,17,14,22,8,5,6,17,11,2,3,3,3,3,0,2,3,2,3,34,34
"2936",11,25,10,5,6,20,14,22,10,5,6,17,14,3,0,0,3,2,3,3,3,1,2,37,37
"2937",12,25,10,5,6,20,14,25,10,5,6,20,14,2,3,0,NA,0,0,0,0,0,0,37,37
"2938",0,0,0,0,0,0,0,0,0,0,0,0,0,0,0,0,0,0,0,0,0,0,0,0,0
"2939",1,4,1,1,1,1,4,1,1,1,1,1,1,3,3,3,3,3,0,3,3,1,3,3,3
"2940",2,7,1,1,1,1,8,4,1,1,1,1,4,3,0,0,3,5,4,3,4,1,3,6,7
"2941",3,7,6,1,4,1,8,7,1,1,1,1,8,3,5,0,3,0,0,5,3,2,1,11,10
"2942",4,8,6,1,4,1,9,7,6,1,4,1,8,1,1,1,1,1,0,1,1,1,3,12,11
"2943",5,8,6,2,4,5,9,8,6,1,4,1,9,1,0,0,4,2,2,1,4,3,2,13,15
"2944",6,8,6,4,4,5,11,8,6,2,4,5,9,2,2,0,2,0,0,2,2,3,3,15,17
"2945",7,8,6,8,8,5,11,8,6,4,4,5,11,4,4,2,4,2,0,4,4,3,1,19,21
"2946",8,10,6,8,13,5,11,8,6,8,8,5,11,2,0,0,5,6,6,2,5,1,1,21,26
"2947",9,16,6,10,14,5,17,10,6,8,13,5,11,6,6,0,6,0,0,6,6,1,3,29,33
"2948",10,16,10,10,20,5,18,16,6,10,14,5,17,4,6,4,6,4,0,4,6,2,1,33,40
"2949",11,20,10,10,28,5,18,16,10,10,20,5,18,4,0,0,6,3,4,4,6,1,1,37,48
"2950",12,20,10,10,28,5,18,20,10,10,28,5,18,3,4,0,NA,0,0,0,0,0,0,37,48
"2951",0,0,0,0,0,0,0,0,0,0,0,0,0,0,0,0,0,0,0,0,0,0,0,0,0
"2952",1,1,5,1,1,1,6,1,1,1,1,1,1,4,5,2,5,2,0,4,5,2,3,4,5
"2953",2,1,5,3,6,1,6,1,5,1,1,1,6,2,0,0,1,5,1,2,5,3,1,6,10
"2954",3,1,6,3,6,1,7,1,5,3,6,1,6,1,1,0,1,0,0,1,1,2,3,7,11
"2955",4,1,6,8,12,1,13,1,6,3,6,1,7,4,5,6,4,6,0,5,6,3,1,12,23
"2956",5,1,10,8,12,1,16,1,6,8,12,1,13,4,0,0,3,1,2,4,3,2,3,16,26
"2957",6,3,10,8,12,2,16,1,10,8,12,1,16,1,2,0,1,0,0,2,1,1,2,18,27
"2958",7,3,15,20,12,5,16,3,10,8,12,2,16,3,6,3,3,3,0,6,3,3,2,35,30
"2959",8,6,15,20,12,5,21,3,15,20,12,5,16,3,0,0,5,5,2,3,5,1,3,38,35
"2960",9,6,20,20,12,5,23,6,15,20,12,5,21,5,2,0,2,0,0,5,2,2,3,43,37
"2961",10,11,20,20,12,5,26,6,20,20,12,5,23,3,5,1,3,1,0,5,3,1,3,48,40
"2962",11,12,20,20,16,5,26,11,20,20,12,5,26,1,0,0,4,3,1,1,4,1,1,49,44
"2963",12,12,20,20,16,5,26,12,20,20,16,5,26,3,1,0,NA,0,0,0,0,0,0,49,44
"2964",0,0,0,0,0,0,0,0,0,0,0,0,0,0,0,0,0,0,0,0,0,0,0,0,0
"2965",1,1,1,4,1,2,1,1,1,1,1,1,1,3,2,1,2,1,0,3,1,3,2,3,1
"2966",2,3,1,4,1,4,1,1,1,4,1,2,1,2,0,0,4,3,2,2,2,1,2,5,3
"2967",3,7,1,4,1,4,4,3,1,4,1,4,1,4,3,0,3,0,0,4,3,1,3,9,6
"2968",4,7,10,4,2,10,4,7,1,4,1,4,4,4,6,6,4,6,0,6,6,2,2,18,13
"2969",5,11,10,4,2,14,4,7,10,4,2,10,4,4,0,0,4,3,2,4,4,1,2,22,17
"2970",6,13,10,4,2,17,4,11,10,4,2,14,4,3,2,0,3,0,0,2,3,1,2,24,20
"2971",7,16,10,4,2,17,8,13,10,4,2,17,4,4,1,3,4,1,0,3,4,1,3,27,24
"2972",8,17,10,4,8,23,8,16,10,4,2,17,8,1,0,0,6,3,2,1,6,1,2,28,36
"2973",9,19,10,4,11,23,8,17,10,4,8,23,8,3,2,0,3,0,0,2,3,1,1,30,39
"2974",10,24,10,1,14,26,8,19,10,4,11,23,8,1,5,3,1,3,0,5,3,1,2,32,45
"2975",11,25,10,1,14,26,11,24,10,1,14,26,8,1,0,0,3,1,5,1,3,1,3,33,48
"2976",12,25,10,1,14,26,11,25,10,1,14,26,11,1,5,0,NA,0,0,0,0,0,0,33,48
"2977",0,0,0,0,0,0,0,0,0,0,0,0,0,0,0,0,0,0,0,0,0,0,0,0,0
"2978",1,6,1,1,1,7,7,1,1,1,1,1,1,5,6,5,6,5,0,5,6,1,2,5,12
"2979",2,11,1,1,1,7,12,6,1,1,1,7,7,5,0,0,5,4,4,5,5,1,3,10,17
"2980",3,11,5,1,1,11,12,11,1,1,1,7,12,4,4,0,4,0,0,4,4,2,2,14,21
"2981",4,11,8,1,6,11,12,11,5,1,1,11,12,5,3,3,5,3,0,3,5,2,1,17,26
"2982",5,14,8,1,11,11,12,11,8,1,6,11,12,3,0,0,5,5,5,3,5,1,1,20,31
"2983",6,19,8,1,11,11,17,14,8,1,11,11,12,5,5,0,5,0,0,5,5,1,3,25,36
"2984",7,22,14,1,11,19,17,19,8,1,11,11,17,6,6,2,6,2,0,6,6,2,2,34,44
"2985",8,24,14,1,15,19,17,22,14,1,11,19,17,2,0,0,5,4,5,2,4,1,1,36,48
"2986",9,29,14,1,20,19,17,24,14,1,15,19,17,5,5,0,5,0,0,5,5,1,1,41,53
"2987",10,29,18,1,20,19,33,29,14,1,20,19,17,3,6,4,3,6,0,4,6,2,3,45,69
"2988",11,32,18,1,26,19,34,29,18,1,20,19,33,3,0,0,4,2,6,3,6,1,1,48,76
"2989",12,32,18,1,26,19,34,32,18,1,26,19,34,4,2,0,NA,0,0,0,0,0,0,48,76
"2990",0,0,0,0,0,0,0,0,0,0,0,0,0,0,0,0,0,0,0,0,0,0,0,0,0
"2991",1,1,1,4,5,1,1,1,1,1,1,1,1,3,4,3,4,3,0,3,4,3,1,3,4
"2992",2,1,1,7,5,2,7,1,1,4,5,1,1,3,0,0,6,2,1,3,6,3,3,6,11
"2993",3,1,2,7,5,2,9,1,1,7,5,2,7,2,1,0,2,0,0,1,2,2,3,7,13
"2994",4,6,2,7,5,7,9,1,2,7,5,2,9,4,5,5,4,5,0,5,5,1,2,12,18
"2995",5,6,6,7,5,7,14,6,2,7,5,7,9,4,0,0,3,5,3,4,5,2,3,16,23
"2996",6,9,6,7,5,10,14,6,6,7,5,7,14,3,3,0,3,0,0,3,3,1,2,19,26
"2997",7,11,12,7,9,10,14,9,6,7,5,10,14,4,6,2,4,2,0,6,4,2,1,27,30
"2998",8,11,14,7,9,10,16,11,12,7,9,10,14,2,0,0,1,3,2,2,2,2,3,29,32
"2999",9,14,14,7,9,10,17,11,14,7,9,10,16,1,3,0,1,0,0,3,1,1,3,32,33
"3000",10,19,14,7,9,10,21,14,14,7,9,10,17,5,1,4,1,4,0,5,4,1,3,37,37
"3001",11,20,14,7,19,10,21,19,14,7,9,10,21,1,0,0,6,1,5,1,6,1,1,38,47
"3002",12,20,14,7,19,10,21,20,14,7,19,10,21,1,5,0,NA,0,0,0,0,0,0,38,47
"3003",0,0,0,0,0,0,0,0,0,0,0,0,0,0,0,0,0,0,0,0,0,0,0,0,0
"3004",1,1,2,1,1,1,6,1,1,1,1,1,1,4,1,5,4,5,0,1,5,2,3,1,5
"3005",2,1,2,5,1,3,6,1,2,1,1,1,6,4,0,0,2,2,2,4,2,3,2,5,7
"3006",3,1,4,5,1,5,6,1,2,5,1,3,6,2,2,0,2,0,0,2,2,2,2,7,9
"3007",4,5,4,5,1,5,11,1,4,5,1,5,6,4,1,5,1,5,0,4,5,1,3,11,14
"3008",5,5,5,5,3,5,17,5,4,5,1,5,11,1,0,0,6,3,6,1,6,2,3,12,22
"3009",6,6,5,11,6,5,17,5,5,5,3,5,17,3,6,0,3,0,0,6,3,3,1,19,25
"3010",7,6,5,13,6,10,17,6,5,11,6,5,17,2,1,5,1,5,0,2,5,3,2,21,30
"3011",8,6,6,13,6,10,22,6,5,13,6,10,17,1,0,0,4,5,5,1,5,2,3,22,35
"3012",9,6,6,17,11,10,22,6,6,13,6,10,22,4,5,0,5,0,0,4,5,3,1,26,40
"3013",10,10,6,17,15,10,22,6,6,17,11,10,22,4,1,4,1,4,0,4,4,1,1,30,44
"3014",11,11,6,17,24,10,22,10,6,17,15,10,22,1,0,0,6,4,2,1,6,1,1,31,53
"3015",12,11,6,17,24,10,22,11,6,17,24,10,22,4,2,0,NA,0,0,0,0,0,0,31,53
"3016",0,0,0,0,0,0,0,0,0,0,0,0,0,0,0,0,0,0,0,0,0,0,0,0,0
"3017",1,1,1,5,4,1,1,1,1,1,1,1,1,2,3,4,2,3,0,4,3,3,1,4,3
"3018",2,1,1,7,10,2,1,1,1,5,4,1,1,2,0,0,6,1,2,2,6,3,1,6,10
"3019",3,1,3,7,10,3,1,1,1,7,10,2,1,1,2,0,1,0,0,2,1,2,2,8,11
"3020",4,1,3,11,10,7,1,1,3,7,10,3,1,4,3,4,3,4,0,4,4,3,2,12,15
"3021",5,4,3,11,10,7,3,1,3,11,10,7,1,3,0,0,2,3,2,3,2,1,3,15,17
"3022",6,4,6,11,10,7,5,4,3,11,10,7,3,3,2,0,2,0,0,3,2,2,3,18,19
"3023",7,4,6,15,10,11,5,4,6,11,10,7,5,4,4,3,4,3,0,4,4,3,2,22,23
"3024",8,4,6,18,10,15,5,4,6,15,10,11,5,3,0,0,4,2,2,3,4,3,2,25,27
"3025",9,6,6,18,10,17,5,4,6,18,10,15,5,2,2,0,2,0,0,2,2,1,2,27,29
"3026",10,7,6,18,10,17,8,6,6,18,10,17,5,1,3,1,3,1,0,1,3,1,3,28,32
"3027",11,8,6,18,16,17,13,7,6,18,10,17,8,1,0,0,5,5,6,1,6,1,1,29,43
"3028",12,8,6,18,16,17,13,8,6,18,16,17,13,5,5,0,NA,0,0,0,0,0,0,29,43
"3029",0,0,0,0,0,0,0,0,0,0,0,0,0,0,0,0,0,0,0,0,0,0,0,0,0
"3030",1,1,1,5,6,1,1,1,1,1,1,1,1,2,5,4,2,5,0,4,5,3,1,4,5
"3031",2,3,1,5,12,1,3,1,1,5,6,1,1,2,0,0,6,4,4,2,6,1,1,6,13
"3032",3,7,1,5,12,1,7,3,1,5,12,1,3,4,4,0,4,0,0,4,4,1,3,10,17
"3033",4,7,5,5,12,1,11,7,1,5,12,1,7,4,5,4,5,4,0,4,4,2,3,14,21
"3034",5,12,5,5,15,1,11,7,5,5,12,1,11,5,0,0,3,2,1,5,3,1,1,19,24
"3035",6,12,5,6,15,3,11,12,5,5,15,1,11,2,1,0,2,0,0,1,2,3,2,20,26
"3036",7,12,8,6,15,3,16,12,5,6,15,3,11,5,4,3,5,4,0,3,5,2,3,23,31
"3037",8,12,8,10,15,6,16,12,8,6,15,3,16,4,0,0,3,3,3,4,3,3,2,27,34
"3038",9,12,11,10,15,9,16,12,8,10,15,6,16,3,3,0,3,0,0,3,3,2,2,30,37
"3039",10,12,14,10,20,15,16,12,11,10,15,9,16,6,3,3,6,3,0,3,6,2,2,33,48
"3040",11,15,14,10,23,15,16,12,14,10,20,15,16,3,0,0,3,5,1,3,3,1,1,36,51
"3041",12,15,14,10,23,15,16,15,14,10,23,15,16,5,1,0,NA,0,0,0,0,0,0,36,51
"3042",0,0,0,0,0,0,0,0,0,0,0,0,0,0,0,0,0,0,0,0,0,0,0,0,0
"3043",1,7,5,1,1,2,1,1,1,1,1,1,1,6,1,3,1,3,0,6,1,1,2,10,1
"3044",2,7,8,1,5,2,1,7,5,1,1,2,1,3,0,0,4,1,1,3,4,2,1,13,5
"3045",3,8,8,1,5,2,2,7,8,1,5,2,1,1,1,0,1,0,0,1,1,1,3,14,6
"3046",4,13,8,1,5,8,7,8,8,1,5,2,2,2,5,6,2,6,0,5,6,1,2,19,17
"3047",5,15,8,1,9,8,7,13,8,1,5,8,7,2,0,0,1,4,4,2,4,1,1,21,21
"3048",6,19,8,1,9,8,8,15,8,1,9,8,7,1,4,0,1,0,0,4,1,1,3,25,22
"3049",7,19,8,6,13,8,8,19,8,1,9,8,8,3,5,4,3,4,0,5,4,3,1,30,26
"3050",8,19,8,9,18,8,8,19,8,6,13,8,8,3,0,0,1,2,5,3,5,3,1,33,31
"3051",9,19,9,9,20,8,8,19,8,9,18,8,8,1,2,0,2,0,0,1,2,2,1,34,33
"3052",10,19,14,9,26,8,12,19,9,9,20,8,8,5,6,3,6,3,0,5,6,2,1,39,43
"3053",11,22,14,9,34,8,12,19,14,9,26,8,12,3,0,0,6,3,3,3,6,1,1,42,51
"3054",12,22,14,9,34,8,12,22,14,9,34,8,12,3,3,0,NA,0,0,0,0,0,0,42,51
"3055",0,0,0,0,0,0,0,0,0,0,0,0,0,0,0,0,0,0,0,0,0,0,0,0,0
"3056",1,6,1,1,7,2,7,1,1,1,1,1,1,5,5,6,5,6,0,5,6,1,1,5,13
"3057",2,6,6,1,7,5,7,6,1,1,7,2,7,5,0,0,2,2,3,5,3,2,2,10,16
"3058",3,8,6,1,7,5,9,6,6,1,7,5,7,2,2,0,2,0,0,2,2,1,3,12,18
"3059",4,11,6,1,12,5,15,8,6,1,7,5,9,3,6,3,6,3,0,3,6,1,3,15,29
"3060",5,14,6,1,12,5,18,11,6,1,12,5,15,3,0,0,3,2,3,3,3,1,3,18,32
"3061",6,16,6,1,15,5,18,14,6,1,12,5,18,2,3,0,3,0,0,2,3,1,1,20,35
"3062",7,16,6,3,15,10,18,16,6,1,15,5,18,1,2,5,1,5,0,2,5,3,2,22,40
"3063",8,17,6,3,21,15,24,16,6,3,15,10,18,1,0,0,4,2,6,1,6,1,1,23,57
"3064",9,21,6,3,23,15,24,17,6,3,21,15,24,4,2,0,2,0,0,4,2,1,1,27,59
"3065",10,21,6,5,23,16,24,21,6,3,23,15,24,2,1,5,1,5,0,2,1,3,2,29,60
"3066",11,26,6,5,26,16,24,21,6,5,23,16,24,5,0,0,3,1,2,5,3,1,1,34,63
"3067",12,26,6,5,26,16,24,26,6,5,26,16,24,1,2,0,NA,0,0,0,0,0,0,34,63
"3068",0,0,0,0,0,0,0,0,0,0,0,0,0,0,0,0,0,0,0,0,0,0,0,0,0
"3069",1,4,1,1,7,4,1,1,1,1,1,1,1,3,2,6,2,6,0,3,6,1,1,3,9
"3070",2,6,1,1,7,5,1,4,1,1,7,4,1,2,0,0,4,1,1,2,1,1,2,5,10
"3071",3,10,1,1,7,6,1,6,1,1,7,5,1,4,1,0,1,0,0,4,1,1,2,9,11
"3072",4,10,3,1,7,11,1,10,1,1,7,6,1,2,1,5,1,5,0,2,5,2,2,11,16
"3073",5,10,3,2,7,17,2,10,3,1,7,11,1,1,0,0,6,5,3,1,6,3,2,12,23
"3074",6,10,8,2,10,17,2,10,3,2,7,17,2,5,3,0,3,0,0,5,3,2,1,17,26
"3075",7,10,13,2,10,17,12,10,8,2,10,17,2,2,5,6,2,6,0,5,6,2,3,22,36
"3076",8,12,13,2,10,17,15,10,13,2,10,17,12,2,0,0,2,3,3,2,3,1,3,24,39
"3077",9,15,13,2,10,19,15,12,13,2,10,17,15,2,3,0,2,0,0,3,2,1,2,27,41
"3078",10,22,13,2,20,19,15,15,13,2,10,19,15,3,6,6,3,6,0,6,6,1,1,34,51
"3079",11,25,13,2,21,19,15,22,13,2,20,19,15,3,0,0,1,4,6,3,1,1,1,37,52
"3080",12,25,13,2,21,19,15,25,13,2,21,19,15,4,6,0,NA,0,0,0,0,0,0,37,52
"3081",0,0,0,0,0,0,0,0,0,0,0,0,0,0,0,0,0,0,0,0,0,0,0,0,0
"3082",1,2,1,1,1,4,1,1,1,1,1,1,1,1,3,1,3,1,0,1,3,1,2,1,3
"3083",2,2,1,2,1,8,1,2,1,1,1,4,1,1,0,0,2,4,4,1,4,3,2,2,7
"3084",3,2,1,6,1,8,3,2,1,2,1,8,1,2,4,0,2,0,0,4,2,3,3,6,9
"3085",4,4,1,6,1,13,3,2,1,6,1,8,3,5,2,1,5,1,0,2,5,1,2,8,14
"3086",5,4,1,7,7,18,3,4,1,6,1,13,3,1,0,0,2,3,6,1,6,3,1,9,25
"3087",6,4,1,9,7,18,6,4,1,7,7,18,3,2,3,0,3,0,0,2,3,3,3,11,28
"3088",7,6,1,9,9,18,6,4,1,9,7,18,6,2,1,2,1,2,0,2,2,1,1,13,30
"3089",8,6,1,10,15,18,10,6,1,9,9,18,6,1,0,0,5,6,1,1,6,3,1,14,40
"3090",9,11,1,10,16,18,10,6,1,10,15,18,10,5,1,0,1,0,0,5,1,1,1,19,41
"3091",10,11,6,10,19,18,10,11,1,10,16,18,10,3,5,1,3,1,0,5,3,2,1,24,44
"3092",11,12,6,10,22,18,10,11,6,10,19,18,10,1,0,0,3,2,5,1,3,1,1,25,47
"3093",12,12,6,10,22,18,10,12,6,10,22,18,10,2,5,0,NA,0,0,0,0,0,0,25,47
"3094",0,0,0,0,0,0,0,0,0,0,0,0,0,0,0,0,0,0,0,0,0,0,0,0,0
"3095",1,1,4,1,1,9,7,1,1,1,1,1,1,3,6,4,6,4,0,3,6,2,3,3,14
"3096",2,1,8,1,1,18,13,1,4,1,1,9,7,4,0,0,4,6,6,4,6,2,3,7,29
"3097",3,1,12,1,11,18,13,1,8,1,1,18,13,4,6,0,6,0,0,4,6,2,1,11,39
"3098",4,1,12,3,11,18,14,1,12,1,11,18,13,1,3,2,1,3,0,2,1,3,3,13,40
"3099",5,4,12,3,19,18,14,1,12,3,11,18,14,3,0,0,3,6,1,3,6,1,1,16,48
"3100",6,7,12,3,19,19,14,4,12,3,19,18,14,3,1,0,1,0,0,3,1,1,2,19,49
"3101",7,7,17,3,19,24,14,7,12,3,19,19,14,2,5,5,2,5,0,5,5,2,2,24,54
"3102",8,9,17,3,19,24,19,7,17,3,19,24,14,2,0,0,5,3,2,2,5,1,3,26,59
"3103",9,9,20,3,19,24,21,9,17,3,19,24,19,3,2,0,2,0,0,3,2,2,3,29,61
"3104",10,13,20,3,22,24,21,9,20,3,19,24,21,3,4,4,3,4,0,4,3,1,1,33,64
"3105",11,17,20,3,24,24,21,13,20,3,22,24,21,4,0,0,5,2,6,4,2,1,1,37,66
"3106",12,17,20,3,24,24,21,17,20,3,24,24,21,5,6,0,NA,0,0,0,0,0,0,37,66
"3107",0,0,0,0,0,0,0,0,0,0,0,0,0,0,0,0,0,0,0,0,0,0,0,0,0
"3108",1,1,1,3,1,5,1,1,1,1,1,1,1,3,2,4,3,4,0,2,4,3,2,2,4
"3109",2,4,1,3,7,10,7,1,1,3,1,5,1,3,0,0,6,2,2,3,6,1,1,5,21
"3110",3,6,1,3,7,10,9,4,1,3,7,10,7,2,2,0,2,0,0,2,2,1,3,7,23
"3111",4,8,1,3,13,10,10,6,1,3,7,10,9,2,6,5,6,5,0,2,6,1,1,9,30
"3112",5,13,1,3,13,16,13,8,1,3,13,10,10,5,0,0,5,6,1,5,6,1,2,14,39
"3113",6,13,6,3,14,16,13,13,1,3,13,16,13,5,1,0,1,0,0,5,1,2,1,19,40
"3114",7,14,6,3,17,16,13,13,6,3,14,16,13,1,3,3,3,3,0,1,3,1,1,20,43
"3115",8,17,6,3,17,18,13,14,6,3,17,16,13,3,0,0,2,4,2,3,2,1,2,23,45
"3116",9,21,6,3,19,18,13,17,6,3,17,18,13,4,2,0,2,0,0,4,2,1,1,27,47
"3117",10,26,6,9,19,18,18,21,6,3,19,18,13,5,6,3,5,3,0,6,5,3,3,38,52
"3118",11,29,6,9,20,18,18,26,6,9,19,18,18,3,0,0,1,2,2,3,1,1,1,41,53
"3119",12,29,6,9,20,18,18,29,6,9,20,18,18,2,2,0,NA,0,0,0,0,0,0,41,53
"3120",0,0,0,0,0,0,0,0,0,0,0,0,0,0,0,0,0,0,0,0,0,0,0,0,0
"3121",1,10,7,1,6,1,1,1,1,1,1,1,1,6,1,5,1,5,0,6,5,1,1,15,5
"3122",2,11,7,1,10,1,1,10,7,1,6,1,1,1,0,0,6,4,2,1,4,1,1,16,9
"3123",3,11,11,7,12,1,1,11,7,1,10,1,1,6,2,0,2,0,0,6,2,3,1,26,11
"3124",4,11,15,7,12,1,4,11,11,7,12,1,1,3,3,4,3,3,0,4,3,2,3,30,14
"3125",5,11,15,10,17,1,4,11,15,7,12,1,4,3,0,0,3,5,1,3,5,3,1,33,19
"3126",6,11,15,13,18,1,4,11,15,10,17,1,4,3,1,0,1,0,0,3,1,3,1,36,20
"3127",7,12,21,13,18,1,8,11,15,13,18,1,4,6,5,4,5,4,0,6,4,2,3,43,24
"3128",8,17,21,13,22,1,8,12,21,13,18,1,8,5,0,0,1,4,3,5,4,1,1,48,28
"3129",9,18,21,13,25,1,8,17,21,13,22,1,8,1,3,0,3,0,0,1,3,1,1,49,31
"3130",10,18,21,17,27,1,8,18,21,13,25,1,8,4,2,6,2,6,0,4,2,3,1,53,33
"3131",11,24,22,17,31,1,8,18,21,17,27,1,8,6,0,0,4,4,2,6,4,1,1,60,37
"3132",12,24,22,17,31,1,8,24,22,17,31,1,8,4,2,0,NA,0,0,0,0,0,0,60,37
"3133",0,0,0,0,0,0,0,0,0,0,0,0,0,0,0,0,0,0,0,0,0,0,0,0,0
"3134",1,1,1,3,2,1,1,1,1,1,1,1,1,2,1,1,1,1,0,2,1,3,1,2,1
"3135",2,2,1,3,7,1,1,1,1,3,2,1,1,1,0,0,5,4,3,1,5,1,1,3,6
"3136",3,6,1,3,10,1,1,2,1,3,7,1,1,4,3,0,3,0,0,4,3,1,1,7,9
"3137",4,12,4,3,17,1,1,6,1,3,10,1,1,3,6,6,3,6,0,6,6,1,1,16,16
"3138",5,12,7,3,22,1,1,12,4,3,17,1,1,3,0,0,1,3,5,3,5,2,1,19,21
"3139",6,12,7,6,23,1,1,12,7,3,22,1,1,1,3,0,1,0,0,3,1,3,1,22,22
"3140",7,16,7,6,23,4,1,12,7,6,23,1,1,4,3,1,3,1,0,4,3,1,2,26,25
"3141",8,17,7,6,23,4,5,16,7,6,23,4,1,1,0,0,2,4,1,1,4,1,3,27,29
"3142",9,17,9,6,24,4,5,17,7,6,23,4,5,2,1,0,1,0,0,2,1,2,1,29,30
"3143",10,17,9,11,24,10,10,17,9,6,24,4,5,6,3,5,6,3,0,5,6,3,2,34,41
"3144",11,20,9,1,38,10,10,17,9,11,24,10,10,3,0,0,6,4,4,3,6,1,1,27,55
"3145",12,20,9,1,38,10,10,20,9,1,38,10,10,4,4,0,NA,0,0,0,0,0,0,27,55
"3146",0,0,0,0,0,0,0,0,0,0,0,0,0,0,0,0,0,0,0,0,0,0,0,0,0
"3147",1,1,1,4,1,3,1,1,1,1,1,1,1,3,1,2,1,2,0,3,2,3,2,3,2
"3148",2,1,1,5,6,3,1,1,1,4,1,3,1,1,0,0,5,3,2,1,5,3,1,4,7
"3149",3,4,1,5,6,5,1,1,1,5,6,3,1,3,2,0,2,0,0,3,2,1,2,7,9
"3150",4,4,11,5,6,7,1,4,1,5,6,5,1,6,2,1,2,1,0,6,2,2,2,17,11
"3151",5,4,12,5,11,7,1,4,11,5,6,7,1,1,0,0,2,5,1,1,5,2,1,18,16
"3152",6,4,14,5,12,7,1,4,12,5,11,7,1,2,1,0,1,0,0,2,1,2,1,20,17
"3153",7,4,14,9,12,7,6,4,14,5,12,7,1,3,4,5,3,5,0,4,5,3,3,24,22
"3154",8,4,14,12,17,7,6,4,14,9,12,7,6,3,0,0,3,5,2,3,5,3,1,27,27
"3155",9,4,16,12,17,10,6,4,14,12,17,7,6,3,2,0,3,0,0,2,3,2,2,29,30
"3156",10,5,16,18,22,10,6,4,16,12,17,10,6,5,5,6,5,5,0,6,5,3,1,36,35
"3157",11,10,16,18,23,10,6,5,16,18,22,10,6,5,0,0,1,1,1,5,1,1,1,41,36
"3158",12,10,16,18,23,10,6,10,16,18,23,10,6,1,1,0,NA,0,0,0,0,0,0,41,36
"3159",0,0,0,0,0,0,0,0,0,0,0,0,0,0,0,0,0,0,0,0,0,0,0,0,0
"3160",1,1,7,2,6,1,1,1,1,1,1,1,1,3,6,5,3,5,0,6,5,2,1,7,5
"3161",2,1,10,2,9,1,7,1,7,2,6,1,1,3,0,0,6,6,4,3,6,2,3,10,14
"3162",3,1,21,2,13,1,7,1,10,2,9,1,7,6,4,0,4,0,0,6,4,2,1,21,18
"3163",4,5,21,2,13,5,7,1,21,2,13,1,7,4,4,1,4,1,0,4,4,1,2,25,22
"3164",5,5,22,2,19,7,7,5,21,2,13,5,7,1,0,0,3,6,4,1,6,2,1,26,30
"3165",6,5,26,2,22,7,7,5,22,2,19,7,7,3,4,0,3,0,0,4,3,2,1,30,33
"3166",7,5,30,2,38,7,7,5,26,2,22,7,7,6,4,2,6,2,0,4,6,2,1,34,49
"3167",8,5,32,2,46,7,7,5,30,2,38,7,7,2,0,0,1,6,2,2,6,2,1,36,57
"3168",9,6,1,2,48,15,7,5,32,2,46,7,7,1,2,0,2,0,0,1,2,1,1,6,114
"3169",10,11,1,2,48,17,7,6,1,2,48,15,7,5,2,6,2,6,0,5,2,1,2,11,116
"3170",11,18,1,2,48,20,7,11,1,2,48,17,7,6,0,0,3,1,4,6,3,1,2,18,119
"3171",12,18,1,2,48,20,7,18,1,2,48,20,7,1,4,0,NA,0,0,0,0,0,0,18,119
"3172",0,0,0,0,0,0,0,0,0,0,0,0,0,0,0,0,0,0,0,0,0,0,0,0,0
"3173",1,1,1,5,1,1,3,1,1,1,1,1,1,4,2,2,2,2,0,4,2,3,3,4,2
"3174",2,3,1,5,1,5,3,1,1,5,1,1,3,2,0,0,5,3,4,2,4,1,2,6,6
"3175",3,6,1,5,6,5,3,3,1,5,1,5,3,5,3,0,5,0,0,3,5,1,1,9,11
"3176",4,15,1,5,6,5,7,6,1,5,6,5,3,6,4,3,4,3,0,6,4,1,3,18,15
"3177",5,18,1,5,6,5,15,15,1,5,6,5,7,3,0,0,1,4,6,3,6,1,3,21,23
"3178",6,18,1,9,6,6,15,18,1,5,6,5,15,1,4,0,1,0,0,4,1,3,2,25,24
"3179",7,18,6,9,6,10,15,18,1,9,6,6,15,5,4,2,4,2,0,5,4,2,2,30,28
"3180",8,18,6,11,6,10,16,18,6,9,6,10,15,2,0,0,1,1,1,2,1,3,3,32,29
"3181",9,18,7,11,7,10,16,18,6,11,6,10,16,1,1,0,1,0,0,1,1,2,1,33,30
"3182",10,18,11,11,7,10,17,18,7,11,7,10,16,1,1,4,1,1,0,4,1,2,3,37,31
"3183",11,19,11,11,8,10,17,18,11,11,7,10,17,1,0,0,1,1,5,1,1,1,1,38,32
"3184",12,19,11,11,8,10,17,19,11,11,8,10,17,1,5,0,NA,0,0,0,0,0,0,38,32
"3185",0,0,0,0,0,0,0,0,0,0,0,0,0,0,0,0,0,0,0,0,0,0,0,0,0
"3186",1,1,1,8,4,7,1,1,1,1,1,1,1,6,1,6,1,6,0,6,6,3,2,7,9
"3187",2,1,2,8,9,7,1,1,1,8,4,7,1,1,0,0,1,5,1,1,5,2,1,8,14
"3188",3,2,2,8,9,7,2,1,2,8,9,7,1,1,1,0,1,0,0,1,1,1,3,9,15
"3189",4,2,2,13,9,7,6,2,2,8,9,7,2,4,4,5,4,4,0,5,4,3,3,14,19
"3190",5,2,6,13,9,11,6,2,2,13,9,7,6,4,0,0,1,2,4,4,4,2,2,18,23
"3191",6,3,6,13,9,13,6,2,6,13,9,11,6,1,2,0,2,0,0,1,2,1,2,19,25
"3192",7,6,6,13,14,13,6,3,6,13,9,13,6,5,3,4,5,4,0,3,5,1,1,22,30
"3193",8,6,6,17,14,13,8,6,6,13,14,13,6,4,0,0,2,1,1,4,2,3,3,26,32
"3194",9,6,6,18,14,14,8,6,6,17,14,13,8,1,1,0,1,0,0,1,1,3,2,27,33
"3195",10,9,6,24,14,14,13,6,6,18,14,14,8,6,5,3,5,3,0,6,5,3,3,36,38
"3196",11,12,6,24,17,14,13,9,6,24,14,14,13,3,0,0,1,2,3,3,3,1,1,39,41
"3197",12,12,6,24,17,14,13,12,6,24,17,14,13,1,2,0,NA,0,0,0,0,0,0,39,41
"3198",0,0,0,0,0,0,0,0,0,0,0,0,0,0,0,0,0,0,0,0,0,0,0,0,0
"3199",1,7,1,3,3,1,1,1,1,1,1,1,1,6,3,2,3,2,0,6,2,1,1,8,2
"3200",2,7,4,3,6,1,1,7,1,3,3,1,1,3,0,0,3,2,5,3,3,2,1,11,5
"3201",3,12,4,3,6,3,1,7,4,3,6,1,1,2,5,0,2,0,0,5,2,1,2,16,7
"3202",4,18,4,8,6,9,2,12,4,3,6,3,1,1,6,6,1,6,0,6,6,1,2,27,14
"3203",5,18,5,8,6,17,2,18,4,8,6,9,2,1,0,0,4,1,6,1,6,2,2,28,22
"3204",6,18,5,12,6,17,3,18,5,8,6,17,2,4,1,0,1,0,0,4,1,3,3,32,23
"3205",7,21,5,12,10,17,3,18,5,12,6,17,3,3,1,4,1,4,0,3,4,1,1,35,27
"3206",8,22,5,12,10,22,3,21,5,12,10,17,3,1,0,0,3,5,5,1,5,1,2,36,32
"3207",9,22,5,17,10,22,6,22,5,12,10,22,3,3,5,0,3,0,0,5,3,3,3,41,35
"3208",10,25,5,17,10,24,6,22,5,17,10,22,6,1,3,2,1,2,0,3,2,1,2,44,37
"3209",11,25,5,18,10,24,7,25,5,17,10,24,6,1,0,0,1,6,1,1,1,3,3,45,38
"3210",12,25,5,18,10,24,7,25,5,18,10,24,7,6,1,0,NA,0,0,0,0,0,0,45,38
"3211",0,0,0,0,0,0,0,0,0,0,0,0,0,0,0,0,0,0,0,0,0,0,0,0,0
"3212",1,1,1,3,1,1,5,1,1,1,1,1,1,2,1,4,1,4,0,2,4,3,3,2,4
"3213",2,2,1,3,7,5,11,1,1,3,1,1,5,1,0,0,2,2,6,1,6,1,1,3,20
"3214",3,4,1,3,7,7,11,2,1,3,7,5,11,2,2,0,2,0,0,2,2,1,2,5,22
"3215",4,8,1,3,7,12,11,4,1,3,7,7,11,2,5,4,2,5,0,4,5,1,2,9,27
"3216",5,8,3,3,12,12,11,8,1,3,7,12,11,2,0,0,5,1,4,2,5,2,1,11,32
"3217",6,12,3,3,13,12,11,8,3,3,12,12,11,1,4,0,1,0,0,4,1,1,1,15,33
"3218",7,12,3,8,18,12,17,12,3,3,13,12,11,5,6,2,6,2,0,5,6,3,3,20,44
"3219",8,14,3,8,18,14,17,12,3,8,18,12,17,2,0,0,2,2,2,2,2,1,2,22,46
"3220",9,16,3,8,20,14,17,14,3,8,18,14,17,2,2,0,2,0,0,2,2,1,1,24,48
"3221",10,20,1,8,29,20,17,16,3,8,20,14,17,4,6,1,6,1,0,4,6,1,2,26,63
"3222",11,21,1,8,31,20,17,20,1,8,29,20,17,1,0,0,2,4,1,1,2,1,1,27,65
"3223",12,21,1,8,31,20,17,21,1,8,31,20,17,4,1,0,NA,0,0,0,0,0,0,27,65
"3224",0,0,0,0,0,0,0,0,0,0,0,0,0,0,0,0,0,0,0,0,0,0,0,0,0
"3225",1,1,4,1,13,1,1,1,1,1,1,1,1,3,5,6,5,6,0,3,6,2,1,3,12
"3226",2,1,9,1,13,1,9,1,4,1,13,1,1,5,0,0,4,2,6,5,6,2,3,8,20
"3227",3,5,9,1,13,3,9,1,9,1,13,1,9,4,2,0,2,0,0,4,2,1,2,12,22
"3228",4,10,9,1,15,3,9,5,9,1,13,3,9,5,2,2,2,2,0,5,2,1,1,17,24
"3229",5,10,11,1,15,13,9,10,9,1,15,3,9,2,0,0,3,3,6,2,6,2,2,19,34
"3230",6,13,11,1,15,13,12,10,11,1,15,13,9,3,3,0,3,0,0,3,3,1,3,22,37
"3231",7,13,11,5,15,13,15,13,11,1,15,13,12,4,3,3,3,3,0,4,3,3,3,26,40
"3232",8,13,14,5,21,13,18,13,11,5,15,13,15,3,0,0,2,6,5,3,6,2,1,29,49
"3233",9,15,14,5,21,18,18,13,14,5,21,13,18,2,5,0,5,0,0,2,5,1,2,31,54
"3234",10,17,14,5,21,21,18,15,14,5,21,18,18,2,3,2,3,2,0,2,3,1,2,33,57
"3235",11,19,14,5,25,21,18,17,14,5,21,21,18,2,0,0,4,1,5,2,4,1,1,35,61
"3236",12,19,14,5,25,21,18,19,14,5,25,21,18,1,5,0,NA,0,0,0,0,0,0,35,61
"3237",0,0,0,0,0,0,0,0,0,0,0,0,0,0,0,0,0,0,0,0,0,0,0,0,0
"3238",1,7,4,1,3,1,1,1,1,1,1,1,1,6,2,3,2,3,0,6,2,1,1,9,2
"3239",2,7,4,4,9,2,7,7,4,1,3,1,1,3,0,0,2,6,5,3,6,3,1,12,15
"3240",3,7,4,9,11,2,7,7,4,4,9,2,7,2,5,0,2,0,0,5,2,3,1,17,17
"3241",4,11,4,9,14,2,7,7,4,9,11,2,7,4,1,3,1,3,0,4,3,1,1,21,20
"3242",5,11,5,9,14,6,7,11,4,9,14,2,7,1,0,0,1,2,4,1,4,2,2,22,24
"3243",6,11,7,9,14,6,8,11,5,9,14,6,7,1,2,0,1,0,0,2,1,2,3,24,25
"3244",7,11,11,9,14,8,8,11,7,9,14,6,8,4,2,1,2,1,0,4,2,2,2,28,27
"3245",8,11,12,9,14,8,12,11,11,9,14,8,8,1,0,0,3,5,4,1,4,2,3,29,31
"3246",9,11,17,9,17,8,12,11,12,9,14,8,12,3,5,0,3,0,0,5,3,2,1,34,34
"3247",10,11,17,13,17,13,12,11,17,9,17,8,12,3,4,5,3,5,0,4,5,3,2,38,39
"3248",11,11,20,13,21,13,12,11,17,13,17,13,12,3,0,0,4,1,1,3,4,2,1,41,43
"3249",12,11,20,13,21,13,12,11,20,13,21,13,12,1,1,0,NA,0,0,0,0,0,0,41,43
"3250",0,0,0,0,0,0,0,0,0,0,0,0,0,0,0,0,0,0,0,0,0,0,0,0,0
"3251",1,1,3,1,1,5,1,1,1,1,1,1,1,2,3,4,3,4,0,2,4,2,2,2,4
"3252",2,1,3,4,1,7,1,1,3,1,1,5,1,3,0,0,2,2,2,3,2,3,2,5,6
"3253",3,1,5,4,1,9,1,1,3,4,1,7,1,2,2,0,2,0,0,2,2,2,2,7,8
"3254",4,1,10,4,1,14,1,1,5,4,1,9,1,3,5,5,3,5,0,5,5,2,2,12,13
"3255",5,4,10,4,1,14,4,1,10,4,1,14,1,3,0,0,3,3,3,3,3,1,3,15,16
"3256",6,7,10,4,1,14,7,4,10,4,1,14,4,3,3,0,3,0,0,3,3,1,3,18,19
"3257",7,13,14,4,4,14,7,7,10,4,1,14,7,3,2,6,3,2,0,6,3,1,1,28,22
"3258",8,13,16,4,4,14,12,13,14,4,4,14,7,2,0,0,5,4,2,2,5,2,3,30,27
"3259",9,13,20,4,4,16,12,13,16,4,4,14,12,4,2,0,2,0,0,4,2,2,2,34,29
"3260",10,17,20,4,4,16,13,13,20,4,4,16,12,1,1,4,1,1,0,4,1,1,3,38,30
"3261",11,18,20,4,6,16,13,17,20,4,4,16,13,1,0,0,2,2,3,1,2,1,1,39,32
"3262",12,18,20,4,6,16,13,18,20,4,6,16,13,2,3,0,NA,0,0,0,0,0,0,39,32
"3263",0,0,0,0,0,0,0,0,0,0,0,0,0,0,0,0,0,0,0,0,0,0,0,0,0
"3264",1,1,1,3,1,6,1,1,1,1,1,1,1,2,5,3,5,3,0,2,5,3,2,2,5
"3265",2,1,4,3,6,6,1,1,1,3,1,6,1,3,0,0,5,1,5,3,5,2,1,5,10
"3266",3,6,4,3,6,6,2,1,4,3,6,6,1,1,5,0,1,0,0,5,1,1,3,10,11
"3267",4,12,4,5,6,10,2,6,4,3,6,6,2,4,4,6,4,4,0,6,4,1,2,18,15
"3268",5,16,4,5,10,10,2,12,4,5,6,10,2,4,0,0,2,4,5,4,4,1,1,22,19
"3269",6,16,9,5,10,12,2,16,4,5,10,10,2,2,5,0,2,0,0,5,2,2,2,27,21
"3270",7,16,9,9,10,12,5,16,9,5,10,12,2,4,2,3,2,3,0,4,3,3,3,31,24
"3271",8,18,9,9,10,16,5,16,9,9,10,12,5,2,0,0,4,6,5,2,4,1,2,33,28
"3272",9,20,15,9,10,16,10,18,9,9,10,16,5,6,5,0,5,0,0,6,5,2,3,41,33
"3273",10,20,17,9,10,22,12,20,15,9,10,16,10,2,6,6,6,6,0,2,6,2,2,43,41
"3274",11,25,17,15,10,26,12,20,17,9,10,22,12,6,0,0,2,4,6,6,4,3,2,54,45
"3275",12,25,17,15,10,26,12,25,17,15,10,26,12,2,6,0,NA,0,0,0,0,0,0,54,45
"3276",0,0,0,0,0,0,0,0,0,0,0,0,0,0,0,0,0,0,0,0,0,0,0,0,0
"3277",1,1,1,5,1,1,6,1,1,1,1,1,1,4,5,5,5,5,0,4,5,3,3,4,5
"3278",2,6,1,5,1,1,9,1,1,5,1,1,6,5,0,0,3,1,3,5,3,1,3,9,8
"3279",3,6,4,5,1,1,10,6,1,5,1,1,9,1,3,0,1,0,0,3,1,2,3,12,9
"3280",4,7,4,5,1,1,12,6,4,5,1,1,10,2,2,1,2,2,0,1,2,1,3,13,11
"3281",5,9,4,5,1,4,18,7,4,5,1,1,12,2,0,0,3,4,6,2,6,1,3,15,20
"3282",6,9,4,9,4,4,18,9,4,5,1,4,18,3,4,0,3,0,0,4,3,3,1,19,23
"3283",7,9,4,10,4,4,22,9,4,9,4,4,18,4,1,3,4,3,0,1,4,3,3,20,27
"3284",8,12,4,10,7,4,22,9,4,10,4,4,22,3,0,0,2,3,2,3,3,1,1,23,30
"3285",9,12,4,12,7,6,22,12,4,10,7,4,22,2,2,0,2,0,0,2,2,3,2,25,32
"3286",10,17,4,12,7,11,22,12,4,12,7,6,22,5,5,1,5,1,0,5,5,1,2,30,37
"3287",11,18,4,12,10,11,22,17,4,12,7,11,22,1,0,0,3,1,1,1,3,1,1,31,40
"3288",12,18,4,12,10,11,22,18,4,12,10,11,22,1,1,0,NA,0,0,0,0,0,0,31,40
"3289",0,0,0,0,0,0,0,0,0,0,0,0,0,0,0,0,0,0,0,0,0,0,0,0,0
"3290",1,12,1,1,6,1,1,1,1,1,1,1,1,6,5,3,5,3,0,6,5,1,1,11,5
"3291",2,15,1,1,10,1,1,12,1,1,6,1,1,3,0,0,4,5,3,3,4,1,1,14,9
"3292",3,15,6,1,13,1,1,15,1,1,10,1,1,5,3,0,3,0,0,5,3,2,1,19,12
"3293",4,15,6,4,13,6,1,15,6,1,13,1,1,3,1,5,1,5,0,3,5,3,2,22,17
"3294",5,15,6,5,13,6,6,15,6,4,13,6,1,1,0,0,5,1,1,1,5,3,3,23,22
"3295",6,16,6,5,13,6,7,15,6,5,13,6,6,1,1,0,1,0,0,1,1,1,3,24,23
"3296",7,19,6,5,13,9,7,16,6,5,13,6,7,2,3,3,2,3,0,3,3,1,2,27,26
"3297",8,19,8,5,19,12,7,19,6,5,13,9,7,2,0,0,5,6,3,2,6,2,1,29,35
"3298",9,19,8,10,22,12,7,19,8,5,19,12,7,5,3,0,3,0,0,5,3,3,1,34,38
"3299",10,23,8,10,22,12,10,19,8,10,22,12,7,2,4,3,2,3,0,4,3,1,3,38,41
"3300",11,25,8,10,25,12,10,23,8,10,22,12,10,2,0,0,3,2,5,2,3,1,1,40,44
"3301",12,25,8,10,25,12,10,25,8,10,25,12,10,2,5,0,NA,0,0,0,0,0,0,40,44
"3302",0,0,0,0,0,0,0,0,0,0,0,0,0,0,0,0,0,0,0,0,0,0,0,0,0
"3303",1,13,5,1,1,1,4,1,1,1,1,1,1,1,6,3,1,3,0,6,3,1,3,16,3
"3304",2,13,5,2,1,1,9,13,5,1,1,1,4,1,0,0,1,3,5,1,5,3,3,17,8
"3305",3,13,5,5,1,1,10,13,5,2,1,1,9,1,3,0,1,0,0,3,1,3,3,20,9
"3306",4,13,5,10,1,1,14,13,5,5,1,1,10,5,4,1,4,1,0,5,4,3,3,25,13
"3307",5,13,6,10,1,1,16,13,5,10,1,1,14,1,0,0,2,2,6,1,2,2,3,26,15
"3308",6,19,12,11,3,1,16,13,6,10,1,1,16,2,6,0,2,0,0,6,2,2,1,39,17
"3309",7,19,12,16,3,1,20,19,12,11,3,1,16,5,3,4,3,4,0,5,4,3,3,44,21
"3310",8,19,15,16,6,1,20,19,12,16,3,1,20,3,0,0,3,6,2,3,3,2,1,47,24
"3311",9,1,21,16,8,6,20,19,15,16,6,1,20,6,2,0,2,0,0,6,2,2,1,35,31
"3312",10,5,21,16,11,6,26,1,21,16,8,6,20,4,6,4,6,4,0,4,6,1,3,39,40
"3313",11,1,21,20,11,6,31,5,21,16,11,6,26,4,0,0,1,3,1,4,1,3,3,39,45
"3314",12,1,21,20,11,6,31,1,21,20,11,6,31,3,1,0,NA,0,0,0,0,0,0,39,45
"3315",0,0,0,0,0,0,0,0,0,0,0,0,0,0,0,0,0,0,0,0,0,0,0,0,0
"3316",1,6,1,1,6,1,7,1,1,1,1,1,1,6,1,5,6,1,0,5,6,1,3,5,11
"3317",2,7,1,1,6,7,10,6,1,1,6,1,7,1,0,0,1,6,6,1,6,1,2,6,20
"3318",3,14,1,1,6,7,11,7,1,1,6,7,10,1,6,0,1,0,0,6,1,1,3,13,21
"3319",4,14,4,1,6,11,11,14,1,1,6,7,11,4,1,3,4,1,0,3,4,2,2,16,25
"3320",5,14,4,2,6,11,13,14,4,1,6,11,11,1,0,0,1,2,2,1,2,3,3,17,27
"3321",6,16,4,2,7,11,13,14,4,2,6,11,13,1,2,0,1,0,0,2,1,1,1,19,28
"3322",7,20,4,2,12,11,13,16,4,2,7,11,13,5,4,1,5,1,0,4,5,1,1,23,33
"3323",8,20,4,3,12,13,13,20,4,2,12,11,13,1,0,0,2,2,1,1,2,3,2,24,35
"3324",9,22,4,3,13,13,13,20,4,3,12,13,13,2,1,0,1,0,0,2,1,1,1,26,36
"3325",10,27,4,3,18,13,13,22,4,3,13,13,13,3,5,5,3,5,0,5,5,1,1,31,41
"3326",11,30,4,3,21,13,13,27,4,3,18,13,13,3,0,0,3,5,1,3,3,1,1,34,44
"3327",12,30,4,3,21,13,13,30,4,3,21,13,13,5,1,0,NA,0,0,0,0,0,0,34,44
"3328",0,0,0,0,0,0,0,0,0,0,0,0,0,0,0,0,0,0,0,0,0,0,0,0,0
"3329",1,3,1,1,1,3,1,1,1,1,1,1,1,2,2,3,2,3,0,2,2,1,2,2,2
"3330",2,6,1,1,1,3,4,3,1,1,1,3,1,3,0,0,3,1,4,3,3,1,3,5,5
"3331",3,6,1,5,1,3,5,6,1,1,1,3,4,1,4,0,1,0,0,4,1,3,3,9,6
"3332",4,6,2,5,3,3,5,6,1,5,1,3,5,2,1,1,2,1,0,1,2,2,1,10,8
"3333",5,7,2,5,3,5,5,6,2,5,3,3,5,1,0,0,2,2,2,1,2,1,2,11,10
"3334",6,7,2,7,5,5,5,7,2,5,3,5,5,2,2,0,2,0,0,2,2,3,1,13,12
"3335",7,14,8,7,5,7,5,7,2,7,5,5,5,6,2,2,2,2,0,6,2,1,2,26,14
"3336",8,16,8,7,9,7,5,14,8,7,5,7,5,2,0,0,2,4,5,2,4,1,1,28,18
"3337",9,16,10,7,9,12,5,16,8,7,9,7,5,2,5,0,5,0,0,2,5,2,2,30,23
"3338",10,17,10,7,11,12,11,16,10,7,9,12,5,5,1,6,5,6,0,1,6,1,3,31,31
"3339",11,17,10,12,11,12,16,17,10,7,11,12,11,5,0,0,5,2,1,5,5,3,3,36,36
"3340",12,17,10,12,11,12,16,17,10,12,11,12,16,2,1,0,NA,0,0,0,0,0,0,36,36
"3341",0,0,0,0,0,0,0,0,0,0,0,0,0,0,0,0,0,0,0,0,0,0,0,0,0
"3342",1,1,11,1,1,1,5,1,1,1,1,1,1,6,4,3,4,3,0,6,4,2,3,10,4
"3343",2,4,11,1,1,6,5,1,11,1,1,1,5,3,0,0,2,1,5,3,5,1,2,13,9
"3344",3,4,13,1,1,6,6,4,11,1,1,6,5,2,1,0,1,0,0,2,1,2,3,15,10
"3345",4,14,13,1,1,9,6,4,13,1,1,6,6,2,6,3,2,3,0,6,3,1,2,25,13
"3346",5,16,13,1,1,9,11,14,13,1,1,9,6,2,0,0,1,5,5,2,5,1,3,27,18
"3347",6,16,18,1,1,9,12,16,13,1,1,9,11,1,5,0,1,0,0,5,1,2,3,32,19
"3348",7,22,20,1,1,13,12,16,18,1,1,9,12,6,4,1,4,1,0,6,4,1,2,40,23
"3349",8,23,20,1,1,13,14,22,20,1,1,13,12,1,0,0,4,2,4,1,2,1,3,41,25
"3350",9,23,20,5,1,17,14,23,20,1,1,13,14,4,4,0,4,0,0,4,4,3,2,45,29
"3351",10,32,20,5,1,19,14,23,20,5,1,17,14,6,1,2,1,2,0,6,2,1,2,54,31
"3352",11,33,20,5,9,19,14,32,20,5,1,19,14,1,0,0,2,6,6,1,6,1,1,55,39
"3353",12,33,20,5,9,19,14,33,20,5,9,19,14,2,6,0,NA,0,0,0,0,0,0,55,39
"3354",0,0,0,0,0,0,0,0,0,0,0,0,0,0,0,0,0,0,0,0,0,0,0,0,0
"3355",1,1,4,1,1,2,1,1,1,1,1,1,1,3,1,1,1,1,0,3,1,2,2,3,1
"3356",2,2,4,1,7,3,1,1,4,1,1,2,1,1,0,0,6,3,6,1,6,1,1,4,8
"3357",3,9,4,1,7,6,1,2,4,1,7,3,1,3,6,0,3,0,0,6,3,1,2,11,11
"3358",4,9,9,1,7,6,4,9,4,1,7,6,1,5,3,3,3,3,0,5,3,2,3,16,14
"3359",5,12,9,1,7,11,10,9,9,1,7,6,4,3,0,0,6,1,3,3,6,1,3,19,25
"3360",6,12,9,4,7,12,10,12,9,1,7,11,10,1,3,0,1,0,0,3,1,3,2,22,26
"3361",7,12,14,10,7,17,16,12,9,4,7,12,10,6,6,4,6,4,0,6,6,3,3,33,37
"3362",8,16,14,10,13,22,16,12,14,10,7,17,16,4,0,0,4,6,5,4,6,1,1,37,48
"3363",9,16,18,10,18,22,16,16,14,10,13,22,16,4,5,0,5,0,0,4,5,2,1,41,53
"3364",10,21,18,10,24,31,16,16,18,10,18,22,16,3,5,6,3,6,0,5,6,1,1,46,68
"3365",11,21,21,10,24,31,18,21,18,10,24,31,16,3,0,0,2,4,6,3,2,2,3,49,70
"3366",12,21,21,10,24,31,18,21,21,10,24,31,18,4,6,0,NA,0,0,0,0,0,0,49,70
"3367",0,0,0,0,0,0,0,0,0,0,0,0,0,0,0,0,0,0,0,0,0,0,0,0,0
"3368",1,13,3,1,5,1,1,1,1,1,1,1,1,6,4,1,4,1,0,6,4,1,1,14,4
"3369",2,13,3,2,5,6,1,13,3,1,5,1,1,1,0,0,5,4,6,1,5,3,2,15,9
"3370",3,20,3,2,9,6,1,13,3,2,5,6,1,4,6,0,4,0,0,6,4,1,1,22,13
"3371",4,20,5,2,14,6,1,20,3,2,9,6,1,2,2,5,2,5,0,2,5,2,1,24,18
"3372",5,20,5,4,14,8,1,20,5,2,14,6,1,2,0,0,6,1,2,2,2,3,2,26,20
"3373",6,25,11,4,15,8,1,20,5,4,14,8,1,6,1,0,1,0,0,6,1,2,1,37,21
"3374",7,25,15,4,20,8,1,25,11,4,15,8,1,3,4,5,3,5,0,4,5,2,1,41,26
"3375",8,28,15,4,20,8,5,25,15,4,20,8,1,3,0,0,4,1,3,3,4,1,3,44,30
"3376",9,28,15,5,23,8,5,28,15,4,20,8,5,1,3,0,3,0,0,1,3,3,1,45,33
"3377",10,1,15,5,23,1,14,28,15,5,23,8,5,2,5,1,5,1,0,2,5,1,3,18,35
"3378",11,2,15,5,23,4,14,1,15,5,23,1,14,1,0,0,3,2,1,1,3,1,2,19,38
"3379",12,2,15,5,23,4,14,2,15,5,23,4,14,2,1,0,NA,0,0,0,0,0,0,19,38
"3380",0,0,0,0,0,0,0,0,0,0,0,0,0,0,0,0,0,0,0,0,0,0,0,0,0
"3381",1,5,1,1,1,4,1,1,1,1,1,1,1,3,3,4,3,3,0,4,3,1,2,4,3
"3382",2,5,4,1,1,4,6,5,1,1,1,4,1,3,0,0,2,5,5,3,5,2,3,7,8
"3383",3,5,9,1,3,4,6,5,4,1,1,4,6,2,5,0,2,0,0,5,2,2,1,12,10
"3384",4,5,13,1,3,9,6,5,9,1,3,4,6,4,5,4,5,4,0,4,5,2,2,16,15
"3385",5,5,17,1,7,9,6,5,13,1,3,9,6,4,0,0,4,1,1,4,4,2,1,20,19
"3386",6,5,17,2,7,9,7,5,17,1,7,9,6,1,1,0,1,0,0,1,1,3,3,21,20
"3387",7,13,17,8,7,9,11,5,17,2,7,9,7,4,6,2,4,2,0,6,4,1,3,35,24
"3388",8,13,19,8,7,9,15,13,17,8,7,9,11,2,0,0,1,4,6,2,4,2,3,37,28
"3389",9,19,19,14,7,10,15,13,19,8,7,9,15,1,6,0,1,0,0,6,1,3,2,49,29
"3390",10,20,19,14,7,10,19,19,19,14,7,10,15,1,4,6,4,6,0,1,4,1,3,50,33
"3391",11,27,19,14,7,10,24,20,19,14,7,10,19,6,0,0,5,6,6,6,5,1,3,57,38
"3392",12,27,19,14,7,10,24,27,19,14,7,10,24,6,6,0,NA,0,0,0,0,0,0,57,38
"3393",0,0,0,0,0,0,0,0,0,0,0,0,0,0,0,0,0,0,0,0,0,0,0,0,0
"3394",1,4,1,1,1,1,4,1,1,1,1,1,1,3,3,3,3,3,0,3,3,1,3,3,3
"3395",2,7,1,1,1,7,15,4,1,1,1,1,4,3,0,0,6,2,1,3,6,1,3,6,20
"3396",3,8,1,1,3,7,15,7,1,1,1,7,15,2,1,0,2,0,0,1,2,1,1,7,22
"3397",4,8,1,4,13,13,15,8,1,1,3,7,15,1,6,3,1,6,0,3,6,3,1,10,38
"3398",5,9,1,4,13,17,15,8,1,4,13,13,15,1,0,0,4,1,4,1,4,1,2,11,42
"3399",6,9,1,8,13,17,16,9,1,4,13,17,15,1,4,0,1,0,0,4,1,3,3,15,43
"3400",7,14,1,8,19,22,16,9,1,8,13,17,16,5,6,4,6,4,0,5,6,1,1,20,54
"3401",8,14,1,12,20,22,16,14,1,8,19,22,16,4,0,0,1,1,3,4,1,3,1,24,55
"3402",9,14,1,13,23,22,16,14,1,12,20,22,16,1,3,0,3,0,0,1,3,3,1,25,58
"3403",10,18,1,13,23,26,22,14,1,13,23,22,16,4,6,3,6,3,0,4,6,1,3,29,68
"3404",11,21,1,13,24,26,22,18,1,13,23,26,22,3,0,0,1,5,4,3,1,1,1,32,69
"3405",12,21,1,13,24,26,22,21,1,13,24,26,22,5,4,0,NA,0,0,0,0,0,0,32,69
"3406",0,0,0,0,0,0,0,0,0,0,0,0,0,0,0,0,0,0,0,0,0,0,0,0,0
"3407",1,1,3,1,1,3,1,1,1,1,1,1,1,2,2,2,2,2,0,2,2,2,2,2,2
"3408",2,1,5,1,5,3,1,1,3,1,1,3,1,2,0,0,4,4,3,2,4,2,1,4,6
"3409",3,5,5,1,5,3,4,1,5,1,5,3,1,4,3,0,3,0,0,4,3,1,3,8,9
"3410",4,15,5,1,5,3,7,5,5,1,5,3,4,3,1,6,3,1,0,6,3,1,3,18,12
"3411",5,15,6,1,8,3,7,15,5,1,5,3,7,1,0,0,3,3,2,1,3,2,1,19,15
"3412",6,15,6,3,8,6,7,15,6,1,8,3,7,3,2,0,3,0,0,2,3,3,2,21,18
"3413",7,19,6,3,8,7,7,15,6,3,8,6,7,1,4,1,1,1,0,4,1,1,2,25,19
"3414",8,19,7,3,13,7,7,19,6,3,8,7,7,1,0,0,4,5,3,1,5,2,1,26,24
"3415",9,22,7,3,13,11,7,19,7,3,13,7,7,4,3,0,4,0,0,3,4,1,2,29,28
"3416",10,22,13,4,17,11,7,22,7,3,13,11,7,6,4,1,4,1,0,6,4,2,1,36,32
"3417",11,22,13,5,17,16,7,22,13,4,17,11,7,1,0,0,1,5,6,1,5,3,2,37,37
"3418",12,22,13,5,17,16,7,22,13,5,17,16,7,1,6,0,NA,0,0,0,0,0,0,37,37
"3419",0,0,0,0,0,0,0,0,0,0,0,0,0,0,0,0,0,0,0,0,0,0,0,0,0
"3420",1,1,6,1,2,1,1,1,1,1,1,1,1,5,2,1,2,1,0,5,1,2,1,5,1
"3421",2,3,6,1,2,6,1,1,6,1,2,1,1,2,0,0,3,5,3,2,5,1,2,7,6
"3422",3,3,9,1,2,9,1,3,6,1,2,6,1,3,3,0,3,0,0,3,3,2,2,10,9
"3423",4,8,9,1,2,12,1,3,9,1,2,9,1,5,2,3,2,3,0,5,3,1,2,15,12
"3424",5,8,11,1,2,12,5,8,9,1,2,12,1,2,0,0,5,6,4,2,4,2,3,17,16
"3425",6,9,11,7,7,12,5,8,11,1,2,12,5,5,6,0,5,0,0,6,5,3,1,24,21
"3426",7,9,11,12,7,12,10,9,11,7,7,12,5,3,5,5,3,5,0,5,5,3,3,29,26
"3427",8,9,14,12,7,15,10,9,11,12,7,12,10,3,0,0,3,3,2,3,3,2,2,32,29
"3428",9,9,14,15,7,17,10,9,14,12,7,15,10,3,2,0,2,0,0,3,2,3,2,35,31
"3429",10,9,18,15,7,22,10,9,14,15,7,17,10,5,5,4,5,5,0,4,5,2,2,39,36
"3430",11,14,18,15,7,25,10,9,18,15,7,22,10,5,0,0,2,3,6,5,3,1,2,44,39
"3431",12,14,18,15,7,25,10,14,18,15,7,25,10,2,6,0,NA,0,0,0,0,0,0,44,39
"3432",0,0,0,0,0,0,0,0,0,0,0,0,0,0,0,0,0,0,0,0,0,0,0,0,0
"3433",1,1,6,1,6,1,1,1,1,1,1,1,1,3,5,5,3,5,0,5,5,2,1,5,5
"3434",2,1,6,4,6,1,12,1,6,1,6,1,1,3,0,0,1,2,6,3,6,3,3,8,16
"3435",3,1,6,6,6,1,13,1,6,4,6,1,12,1,2,0,1,0,0,2,1,3,3,10,17
"3436",4,3,6,6,6,4,13,1,6,6,6,1,13,2,2,3,2,3,0,2,3,1,2,12,20
"3437",5,5,6,6,6,4,16,3,6,6,6,4,13,2,0,0,3,3,1,2,3,1,3,14,23
"3438",6,5,6,9,7,4,16,5,6,6,6,4,16,3,1,0,1,0,0,3,1,3,1,17,24
"3439",7,9,6,9,7,8,16,5,6,9,7,4,16,4,1,4,1,4,0,4,4,1,2,21,28
"3440",8,10,6,9,13,8,17,9,6,9,7,8,16,1,0,0,6,5,3,1,6,1,1,22,35
"3441",9,10,9,9,13,13,17,10,6,9,13,8,17,5,3,0,5,0,0,3,5,2,2,25,40
"3442",10,12,9,9,15,13,17,10,9,9,13,13,17,2,2,1,2,1,0,2,2,1,1,27,42
"3443",11,13,9,9,20,13,17,12,9,9,15,13,17,1,0,0,5,2,1,1,5,1,1,28,47
"3444",12,13,9,9,20,13,17,13,9,9,20,13,17,2,1,0,NA,0,0,0,0,0,0,28,47
"3445",0,0,0,0,0,0,0,0,0,0,0,0,0,0,0,0,0,0,0,0,0,0,0,0,0
"3446",1,1,1,4,1,1,3,1,1,1,1,1,1,2,3,1,2,1,0,3,2,3,3,3,2
"3447",2,1,2,4,3,1,3,1,1,4,1,1,3,1,0,0,2,1,1,1,2,2,1,4,4
"3448",3,1,2,5,3,2,3,1,2,4,3,1,3,1,1,0,1,0,0,1,1,3,2,5,5
"3449",4,4,2,5,3,6,3,1,2,5,3,2,3,3,4,1,4,1,0,3,4,1,2,8,9
"3450",5,5,2,5,3,7,9,4,2,5,3,6,3,1,0,0,6,6,5,1,6,1,3,9,16
"3451",6,5,7,5,4,7,15,5,2,5,3,7,9,6,5,0,6,0,0,5,6,2,3,14,23
"3452",7,5,12,5,10,7,17,5,7,5,4,7,15,6,1,5,6,1,0,5,6,2,1,19,31
"3453",8,5,13,5,10,15,17,5,12,5,10,7,17,1,0,0,6,4,4,1,6,2,2,20,39
"3454",9,5,17,5,14,15,17,5,13,5,10,15,17,4,4,0,4,0,0,4,4,2,1,24,43
"3455",10,5,17,10,23,15,17,5,17,5,14,15,17,5,6,2,6,2,0,5,6,3,1,29,52
"3456",11,7,17,10,28,15,17,5,17,10,23,15,17,2,0,0,5,3,3,2,5,1,1,31,57
"3457",12,7,17,10,28,15,17,7,17,10,28,15,17,3,3,0,NA,0,0,0,0,0,0,31,57
"3458",0,0,0,0,0,0,0,0,0,0,0,0,0,0,0,0,0,0,0,0,0,0,0,0,0
"3459",1,6,1,1,2,1,1,1,1,1,1,1,1,1,3,5,1,3,0,5,1,1,1,5,1
"3460",2,6,1,4,2,1,5,6,1,1,2,1,1,3,0,0,2,4,5,3,4,3,3,8,5
"3461",3,6,6,4,2,1,7,6,1,4,2,1,5,2,5,0,2,0,0,5,2,2,3,13,7
"3462",4,17,6,4,4,1,13,6,6,4,2,1,7,6,6,5,6,5,0,6,6,1,3,24,15
"3463",5,17,6,9,4,1,15,17,6,4,4,1,13,5,0,0,1,6,2,5,2,3,3,29,17
"3464",6,17,6,17,4,2,15,17,6,9,4,1,15,1,6,0,1,0,0,6,1,3,2,37,18
"3465",7,17,11,17,4,2,24,17,6,17,4,2,15,2,5,6,2,6,0,5,6,2,3,42,27
"3466",8,17,13,17,4,2,27,17,11,17,4,2,24,2,0,0,1,3,6,2,3,2,3,44,30
"3467",9,17,20,17,4,2,28,17,13,17,4,2,27,1,6,0,1,0,0,6,1,2,3,51,31
"3468",10,19,20,17,8,2,28,17,20,17,4,2,28,2,4,4,4,4,0,2,4,1,1,53,35
"3469",11,23,20,17,8,2,31,19,20,17,8,2,28,4,0,0,5,3,1,4,3,1,3,57,38
"3470",12,23,20,17,8,2,31,23,20,17,8,2,31,5,1,0,NA,0,0,0,0,0,0,57,38
"3471",0,0,0,0,0,0,0,0,0,0,0,0,0,0,0,0,0,0,0,0,0,0,0,0,0
"3472",1,6,1,1,6,1,1,1,1,1,1,1,1,5,2,5,2,5,0,5,5,1,1,5,5
"3473",2,6,3,1,11,1,1,6,1,1,6,1,1,2,0,0,5,5,1,2,5,2,1,7,10
"3474",3,6,3,6,12,1,1,6,3,1,11,1,1,5,1,0,1,0,0,5,1,3,1,12,11
"3475",4,7,3,6,12,1,6,6,3,6,12,1,1,1,5,5,5,5,0,1,5,1,3,13,16
"3476",5,7,3,11,12,1,10,7,3,6,12,1,6,5,0,0,2,1,4,5,4,3,3,18,20
"3477",6,9,3,11,12,2,10,7,3,11,12,1,10,2,1,0,1,0,0,2,1,1,2,20,21
"3478",7,16,9,11,16,2,10,9,3,11,12,2,10,6,4,1,4,1,0,6,4,2,1,33,25
"3479",8,16,9,12,21,2,10,16,9,11,16,2,10,1,0,0,1,5,6,1,5,3,1,34,30
"3480",9,16,20,12,21,2,11,16,9,12,21,2,10,1,6,0,1,0,0,6,1,2,3,45,31
"3481",10,16,20,15,23,2,11,16,20,12,21,2,11,3,1,2,1,2,0,3,2,3,1,48,33
"3482",11,17,20,15,25,2,11,16,20,15,23,2,11,1,0,0,2,3,4,1,2,1,1,49,35
"3483",12,17,20,15,25,2,11,17,20,15,25,2,11,3,4,0,NA,0,0,0,0,0,0,49,35
"3484",0,0,0,0,0,0,0,0,0,0,0,0,0,0,0,0,0,0,0,0,0,0,0,0,0
"3485",1,1,5,1,1,1,3,1,1,1,1,1,1,4,2,3,2,3,0,4,2,2,3,4,2
"3486",2,4,5,1,1,4,9,1,5,1,1,1,3,3,0,0,5,6,1,3,6,1,3,7,11
"3487",3,4,10,1,1,4,10,4,5,1,1,4,9,5,1,0,1,0,0,5,1,2,3,12,12
"3488",4,7,10,1,4,4,10,4,10,1,1,4,10,3,1,3,1,3,0,3,3,1,1,15,15
"3489",5,8,10,1,4,8,10,7,10,1,4,4,10,1,0,0,4,3,4,1,4,1,2,16,19
"3490",6,8,14,1,7,8,10,8,10,1,4,8,10,3,4,0,3,0,0,4,3,2,1,20,22
"3491",7,8,19,1,7,11,10,8,14,1,7,8,10,5,2,3,2,3,0,5,3,2,2,25,25
"3492",8,8,21,1,7,15,10,8,19,1,7,11,10,2,0,0,3,4,2,2,4,2,2,27,29
"3493",9,8,21,4,9,15,10,8,21,1,7,15,10,3,2,0,2,0,0,3,2,3,1,30,31
"3494",10,8,26,4,9,16,10,8,21,4,9,15,10,1,5,1,1,1,0,5,1,2,2,35,32
"3495",11,8,27,4,14,16,10,8,26,4,9,16,10,1,0,0,5,5,4,1,5,2,1,36,37
"3496",12,8,27,4,14,16,10,8,27,4,14,16,10,5,4,0,NA,0,0,0,0,0,0,36,37
"3497",0,0,0,0,0,0,0,0,0,0,0,0,0,0,0,0,0,0,0,0,0,0,0,0,0
"3498",1,1,2,1,1,1,6,1,1,1,1,1,1,1,5,4,5,4,0,1,5,2,3,1,5
"3499",2,5,2,1,6,1,6,1,2,1,1,1,6,4,0,0,3,5,5,4,5,1,1,5,10
"3500",3,5,2,4,6,6,6,5,2,1,6,1,6,3,5,0,5,0,0,3,5,3,2,8,15
"3501",4,5,2,8,6,8,6,5,2,4,6,6,6,4,2,2,2,2,0,4,2,3,2,12,17
"3502",5,7,2,8,6,14,15,5,2,8,6,8,6,2,0,0,1,6,2,2,6,1,3,14,32
"3503",6,8,2,8,8,14,15,7,2,8,6,14,15,1,2,0,2,0,0,1,2,1,1,15,34
"3504",7,9,2,14,8,14,20,8,2,8,8,14,15,6,2,5,2,5,0,6,5,3,3,22,39
"3505",8,9,4,14,14,16,20,9,2,14,8,14,20,2,0,0,1,5,6,2,6,2,1,24,47
"3506",9,10,4,14,19,16,20,9,4,14,14,16,20,1,5,0,5,0,0,1,5,1,1,25,52
"3507",10,15,4,14,22,22,20,10,4,14,19,16,20,5,6,1,6,1,0,5,6,1,2,30,61
"3508",11,16,4,14,25,22,20,15,4,14,22,22,20,1,0,0,3,4,5,1,3,1,1,31,64
"3509",12,16,4,14,25,22,20,16,4,14,25,22,20,4,5,0,NA,0,0,0,0,0,0,31,64
"3510",0,0,0,0,0,0,0,0,0,0,0,0,0,0,0,0,0,0,0,0,0,0,0,0,0
"3511",1,6,1,1,1,6,1,1,1,1,1,1,1,1,5,5,1,5,0,5,5,1,2,5,5
"3512",2,6,1,2,1,11,1,6,1,1,1,6,1,1,0,0,5,4,5,1,5,3,2,6,10
"3513",3,6,5,2,1,11,6,6,1,2,1,11,1,4,5,0,5,0,0,4,5,2,3,10,15
"3514",4,6,6,2,1,11,11,6,5,2,1,11,6,1,5,3,5,3,0,1,5,2,3,11,20
"3515",5,6,9,2,1,13,17,6,6,2,1,11,11,3,0,0,4,4,6,3,6,2,3,14,28
"3516",6,6,9,6,1,13,21,6,9,2,1,13,17,4,4,0,4,0,0,4,4,3,3,18,32
"3517",7,6,12,6,2,13,21,6,9,6,1,13,21,3,5,1,5,1,0,3,1,2,1,21,33
"3518",8,6,17,6,2,18,21,6,12,6,2,13,21,5,0,0,1,5,2,5,5,2,2,26,38
"3519",9,7,17,6,4,18,21,6,17,6,2,18,21,1,2,0,2,0,0,1,2,1,1,27,40
"3520",10,7,22,6,9,18,21,7,17,6,4,18,21,5,5,4,5,4,0,5,5,2,1,32,45
"3521",11,11,22,6,13,18,21,7,22,6,9,18,21,4,0,0,4,1,3,4,4,1,1,36,49
"3522",12,11,22,6,13,18,21,11,22,6,13,18,21,1,3,0,NA,0,0,0,0,0,0,36,49
"3523",0,0,0,0,0,0,0,0,0,0,0,0,0,0,0,0,0,0,0,0,0,0,0,0,0
"3524",1,1,1,6,1,1,5,1,1,1,1,1,1,2,5,4,2,4,0,5,4,3,3,5,4
"3525",2,1,1,8,6,1,5,1,1,6,1,1,5,2,0,0,5,2,1,2,5,3,1,7,9
"3526",3,1,3,8,6,1,6,1,1,8,6,1,5,2,1,0,1,0,0,2,1,2,3,9,10
"3527",4,4,3,8,6,1,8,1,3,8,6,1,6,2,3,2,2,2,0,3,2,1,3,12,12
"3528",5,6,3,8,6,10,8,4,3,8,6,1,8,2,0,0,5,6,6,2,6,1,2,14,21
"3529",6,15,3,8,11,10,8,6,3,8,6,10,8,5,6,0,5,0,0,6,5,1,1,23,26
"3530",7,18,3,8,21,10,8,15,3,8,11,10,8,4,6,3,4,6,0,3,6,1,1,26,36
"3531",8,22,3,8,23,10,14,18,3,8,21,10,8,4,0,0,6,5,6,4,6,1,3,30,44
"3532",9,27,3,8,24,16,14,22,3,8,23,10,14,5,6,0,6,0,0,5,6,1,2,35,51
"3533",10,32,3,8,24,18,20,27,3,8,24,16,14,5,5,6,5,6,0,5,6,1,3,40,59
"3534",11,37,3,1,35,18,20,32,3,8,24,18,20,5,0,0,6,1,6,5,6,1,1,38,70
"3535",12,37,3,1,35,18,20,37,3,1,35,18,20,1,6,0,NA,0,0,0,0,0,0,38,70
"3536",0,0,0,0,0,0,0,0,0,0,0,0,0,0,0,0,0,0,0,0,0,0,0,0,0
"3537",1,10,1,1,1,1,6,1,1,1,1,1,1,6,5,1,5,1,0,6,5,1,3,9,5
"3538",2,11,1,1,1,4,6,10,1,1,1,1,6,1,0,0,5,3,3,1,3,1,2,10,8
"3539",3,11,4,1,6,4,6,11,1,1,1,4,6,5,3,0,5,0,0,3,5,2,1,13,13
"3540",4,11,4,2,6,14,12,11,4,1,6,4,6,1,3,6,3,6,0,1,6,3,2,14,29
"3541",5,11,7,2,6,14,16,11,4,2,6,14,12,3,0,0,4,6,6,3,4,2,3,17,33
"3542",6,19,7,2,13,14,16,11,7,2,6,14,16,6,6,0,6,0,0,6,6,1,1,25,40
"3543",7,24,7,2,15,14,16,19,7,2,13,14,16,5,2,4,2,4,0,5,2,1,1,30,42
"3544",8,24,11,2,15,19,16,24,7,2,15,14,16,4,0,0,5,5,3,4,5,2,2,34,47
"3545",9,24,14,2,15,19,21,24,11,2,15,19,16,5,3,0,5,0,0,3,5,2,3,37,52
"3546",10,26,14,2,15,21,21,24,14,2,15,19,21,2,1,2,1,2,0,2,2,1,2,39,54
"3547",11,27,14,2,22,21,21,26,14,2,15,21,21,1,0,0,6,1,3,1,6,1,1,40,61
"3548",12,27,14,2,22,21,21,27,14,2,22,21,21,1,3,0,NA,0,0,0,0,0,0,40,61
"3549",0,0,0,0,0,0,0,0,0,0,0,0,0,0,0,0,0,0,0,0,0,0,0,0,0
"3550",1,1,1,5,1,6,1,1,1,1,1,1,1,5,4,4,5,4,0,4,5,3,2,4,5
"3551",2,5,1,5,6,6,1,1,1,5,1,6,1,4,0,0,3,5,1,4,5,1,1,8,10
"3552",3,8,1,5,6,7,1,5,1,5,6,6,1,3,1,0,1,0,0,3,1,1,2,11,11
"3553",4,8,1,10,6,7,5,8,1,5,6,7,1,5,3,4,3,4,0,5,4,3,3,16,15
"3554",5,8,4,10,11,7,5,8,1,10,6,7,5,3,0,0,5,3,1,3,5,2,1,19,20
"3555",6,8,7,10,11,8,5,8,4,10,11,7,5,3,1,0,1,0,0,3,1,2,2,22,21
"3556",7,8,7,18,20,8,5,8,7,10,11,8,5,6,1,6,1,6,0,6,6,3,1,30,30
"3557",8,8,7,19,20,13,5,8,7,18,20,8,5,1,0,0,5,5,3,1,5,3,2,31,35
"3558",9,8,12,19,20,13,8,8,7,19,20,13,5,5,3,0,3,0,0,5,3,2,3,36,38
"3559",10,19,12,19,24,13,8,8,12,19,20,13,8,6,1,4,1,4,0,6,4,1,1,47,42
"3560",11,20,12,19,30,19,8,19,12,19,24,13,8,1,0,0,5,6,2,1,6,1,2,48,54
"3561",12,20,12,19,30,19,8,20,12,19,30,19,8,5,2,0,NA,0,0,0,0,0,0,48,54
"3562",0,0,0,0,0,0,0,0,0,0,0,0,0,0,0,0,0,0,0,0,0,0,0,0,0
"3563",1,5,1,1,4,1,1,1,1,1,1,1,1,4,3,3,3,3,0,4,3,1,1,4,3
"3564",2,5,4,1,4,3,1,5,1,1,4,1,1,3,0,0,2,2,3,3,2,2,2,7,5
"3565",3,5,6,1,4,3,4,5,4,1,4,3,1,2,3,0,3,0,0,2,3,2,3,9,8
"3566",4,9,6,1,10,8,4,5,6,1,4,3,4,6,4,4,6,4,0,4,6,1,1,13,19
"3567",5,13,6,1,10,8,8,9,6,1,10,8,4,4,0,0,3,3,4,4,4,1,3,17,23
"3568",6,13,6,4,13,8,8,13,6,1,10,8,8,3,3,0,3,0,0,3,3,3,1,20,26
"3569",7,13,6,9,17,8,8,13,6,4,13,8,8,5,4,1,4,1,0,5,4,3,1,25,30
"3570",8,13,6,10,23,12,14,13,6,9,17,8,8,1,0,0,3,6,1,1,6,3,1,26,46
"3571",9,14,6,10,23,12,17,13,6,10,23,12,14,3,1,0,3,0,0,1,3,1,3,27,49
"3572",10,16,6,10,24,12,17,14,6,10,23,12,17,2,1,2,1,2,0,2,1,1,1,29,50
"3573",11,18,6,10,26,12,17,16,6,10,24,12,17,2,0,0,2,1,3,2,2,1,1,31,52
"3574",12,18,6,10,26,12,17,18,6,10,26,12,17,1,3,0,NA,0,0,0,0,0,0,31,52
"3575",0,0,0,0,0,0,0,0,0,0,0,0,0,0,0,0,0,0,0,0,0,0,0,0,0
"3576",1,7,1,3,5,1,1,1,1,1,1,1,1,6,4,1,4,1,0,6,4,1,1,8,4
"3577",2,8,1,3,5,1,6,7,1,3,5,1,1,1,0,0,5,1,1,1,5,1,3,9,9
"3578",3,9,1,3,6,1,6,8,1,3,5,1,6,1,1,0,1,0,0,1,1,1,1,10,10
"3579",4,9,6,3,9,1,6,9,1,3,6,1,6,5,3,3,3,3,0,5,3,2,1,15,13
"3580",5,9,6,6,9,4,12,9,6,3,9,1,6,3,0,0,6,4,3,3,6,3,3,18,22
"3581",6,13,6,6,9,4,15,9,6,6,9,4,12,4,3,0,3,0,0,4,3,1,3,22,25
"3582",7,13,6,10,12,4,15,13,6,6,9,4,15,4,2,3,2,3,0,4,3,3,1,26,28
"3583",8,13,8,10,12,4,16,13,6,10,12,4,15,2,0,0,1,2,1,2,1,2,3,28,29
"3584",9,15,8,10,12,5,16,13,8,10,12,4,16,2,1,0,1,0,0,2,1,1,2,30,30
"3585",10,17,14,10,12,5,18,15,8,10,12,5,16,2,2,6,2,2,0,6,2,2,3,38,32
"3586",11,17,14,12,13,11,18,17,14,10,12,5,18,2,0,0,6,5,2,2,6,3,2,40,39
"3587",12,17,14,12,13,11,18,17,14,12,13,11,18,5,2,0,NA,0,0,0,0,0,0,40,39
"3588",0,0,0,0,0,0,0,0,0,0,0,0,0,0,0,0,0,0,0,0,0,0,0,0,0
"3589",1,4,1,1,1,6,1,1,1,1,1,1,1,5,3,3,5,3,0,3,5,1,2,3,5
"3590",2,4,1,4,5,6,1,4,1,1,1,6,1,3,0,0,4,4,6,3,4,3,1,6,9
"3591",3,10,6,4,9,6,1,4,1,4,5,6,1,4,6,0,4,0,0,6,4,1,1,17,13
"3592",4,10,12,8,9,9,1,10,6,4,9,6,1,3,6,1,3,1,0,6,3,2,2,27,16
"3593",5,10,13,8,9,9,5,10,12,8,9,9,1,1,0,0,5,1,4,1,4,2,3,28,20
"3594",6,15,13,8,10,9,5,10,13,8,9,9,5,5,1,0,1,0,0,5,1,1,1,33,21
"3595",7,15,17,8,10,19,5,15,13,8,10,9,5,4,6,6,6,6,0,4,6,2,2,37,31
"3596",8,21,17,13,12,19,5,15,17,8,10,19,5,6,0,0,2,3,3,6,2,1,1,48,33
"3597",9,24,17,13,15,19,5,21,17,13,12,19,5,3,3,0,3,0,0,3,3,1,1,51,36
"3598",10,24,21,13,16,19,5,24,17,13,15,19,5,4,1,1,1,1,0,4,1,2,1,55,37
"3599",11,24,22,13,21,19,5,24,21,13,16,19,5,1,0,0,5,3,6,1,5,2,1,56,42
"3600",12,24,22,13,21,19,5,24,22,13,21,19,5,3,6,0,NA,0,0,0,0,0,0,56,42
"3601",0,0,0,0,0,0,0,0,0,0,0,0,0,0,0,0,0,0,0,0,0,0,0,0,0
"3602",1,5,1,1,6,1,1,1,1,1,1,1,1,4,4,5,4,5,0,4,5,1,1,4,5
"3603",2,5,1,5,12,1,11,5,1,1,6,1,1,4,0,0,6,2,4,4,6,3,1,8,21
"3604",3,7,1,5,16,1,11,5,1,5,12,1,11,2,4,0,4,0,0,2,4,1,1,10,25
"3605",4,10,1,11,16,2,17,7,1,5,16,1,11,3,6,6,3,6,0,6,6,3,3,19,32
"3606",5,13,1,11,22,2,18,10,1,11,16,2,17,3,0,0,6,4,6,3,6,1,1,22,39
"3607",6,13,1,21,22,6,18,13,1,11,22,2,18,4,6,0,4,0,0,6,4,3,2,32,43
"3608",7,13,1,22,29,6,18,13,1,21,22,6,18,4,1,6,4,6,0,1,6,3,1,33,50
"3609",8,1,5,22,35,10,18,13,1,22,29,6,18,4,0,0,6,3,1,4,6,2,1,25,60
"3610",9,1,8,22,36,10,18,1,5,22,35,10,18,3,1,0,1,0,0,3,1,2,1,28,61
"3611",10,1,9,22,40,10,18,1,8,22,36,10,18,3,1,4,3,4,0,1,4,2,1,29,65
"3612",11,4,9,22,46,13,18,1,9,22,40,10,18,3,0,0,6,5,5,3,6,1,1,32,74
"3613",12,4,9,22,46,13,18,4,9,22,46,13,18,5,5,0,NA,0,0,0,0,0,0,32,74
"3614",0,0,0,0,0,0,0,0,0,0,0,0,0,0,0,0,0,0,0,0,0,0,0,0,0
"3615",1,4,1,1,1,3,1,1,1,1,1,1,1,3,2,2,2,2,0,3,2,1,2,3,2
"3616",2,4,3,1,1,3,5,4,1,1,1,3,1,2,0,0,5,5,4,2,4,2,3,5,6
"3617",3,4,8,1,1,3,10,4,3,1,1,3,5,5,5,0,5,0,0,5,5,2,3,10,11
"3618",4,4,13,1,1,3,15,4,8,1,1,3,10,5,2,5,2,5,0,5,5,2,3,15,16
"3619",5,4,13,3,1,12,15,4,13,1,1,3,15,2,0,0,1,6,2,2,6,3,2,17,25
"3620",6,4,13,5,1,12,16,4,13,3,1,12,15,1,2,0,1,0,0,2,1,3,3,19,26
"3621",7,5,13,5,1,13,16,4,13,5,1,12,16,1,1,1,1,1,0,1,1,1,2,20,27
"3622",8,5,14,5,1,18,16,5,13,5,1,13,16,1,0,0,1,5,1,1,5,2,2,21,32
"3623",9,6,14,5,1,19,16,5,14,5,1,18,16,1,1,0,1,0,0,1,1,1,2,22,33
"3624",10,7,14,5,2,19,16,6,14,5,1,19,16,1,1,2,1,2,0,1,1,1,1,23,34
"3625",11,9,14,5,6,19,16,7,14,5,2,19,16,2,0,0,4,6,6,2,4,1,1,25,38
"3626",12,9,14,5,6,19,16,9,14,5,6,19,16,6,6,0,NA,0,0,0,0,0,0,25,38
"3627",0,0,0,0,0,0,0,0,0,0,0,0,0,0,0,0,0,0,0,0,0,0,0,0,0
"3628",1,1,6,1,1,11,1,1,1,1,1,1,1,5,6,3,6,3,0,5,6,2,2,5,10
"3629",2,1,9,1,1,11,3,1,6,1,1,11,1,3,0,0,1,5,2,3,2,2,3,8,12
"3630",3,1,9,6,2,11,3,1,9,1,1,11,3,1,5,0,1,0,0,5,1,3,1,13,13
"3631",4,1,9,11,2,11,7,1,9,6,2,11,3,5,4,3,4,3,0,5,4,3,3,18,17
"3632",5,1,12,11,2,17,12,1,9,11,2,11,7,3,0,0,6,6,4,3,6,2,2,21,28
"3633",6,7,17,11,6,17,12,1,12,11,2,17,12,6,4,0,4,0,0,6,4,1,1,32,32
"3634",7,8,17,11,6,17,16,7,17,11,6,17,12,1,2,4,2,4,0,1,4,1,3,33,36
"3635",8,10,17,11,6,25,16,8,17,11,6,17,16,2,0,0,6,5,1,2,6,1,2,35,44
"3636",9,10,22,11,6,26,16,10,17,11,6,25,16,5,1,0,1,0,0,5,1,2,2,40,45
"3637",10,16,22,14,17,26,16,10,22,11,6,26,16,6,1,6,1,6,0,6,6,1,1,49,56
"3638",11,17,22,14,27,26,16,16,22,14,17,26,16,1,0,0,4,6,1,1,6,1,1,50,66
"3639",12,17,22,14,27,26,16,17,22,14,27,26,16,4,1,0,NA,0,0,0,0,0,0,50,66
"3640",0,0,0,0,0,0,0,0,0,0,0,0,0,0,0,0,0,0,0,0,0,0,0,0,0
"3641",1,1,5,1,3,1,1,1,1,1,1,1,1,2,4,1,2,1,0,4,2,2,1,4,2
"3642",2,1,6,1,5,1,1,1,5,1,3,1,1,1,0,0,2,1,5,1,2,2,1,5,4
"3643",3,6,6,1,5,2,1,1,6,1,5,1,1,1,5,0,1,0,0,5,1,1,2,10,5
"3644",4,11,6,1,5,6,1,6,6,1,5,2,1,4,5,4,4,4,0,5,4,1,2,15,9
"3645",5,11,6,5,5,8,7,11,6,1,5,6,1,4,0,0,1,2,6,4,6,3,3,19,17
"3646",6,11,6,7,5,8,8,11,6,5,5,8,7,1,2,0,1,0,0,2,1,3,3,21,18
"3647",7,11,10,7,7,8,8,11,6,7,5,8,8,4,2,2,2,2,0,4,2,2,1,25,20
"3648",8,11,10,9,13,17,8,11,10,7,7,8,8,2,0,0,2,6,2,2,6,3,2,27,35
"3649",9,11,12,9,15,17,8,11,10,9,13,17,8,2,2,0,2,0,0,2,2,2,1,29,37
"3650",10,11,12,10,15,17,11,11,12,9,15,17,8,3,1,2,3,2,0,1,3,3,3,30,40
"3651",11,13,12,10,22,17,11,11,12,10,15,17,11,2,0,0,5,6,3,2,6,1,1,32,47
"3652",12,13,12,10,22,17,11,13,12,10,22,17,11,5,3,0,NA,0,0,0,0,0,0,32,47
"3653",0,0,0,0,0,0,0,0,0,0,0,0,0,0,0,0,0,0,0,0,0,0,0,0,0
"3654",1,1,5,7,5,1,1,1,1,1,1,1,1,4,6,3,4,3,0,6,4,3,1,10,4
"3655",2,1,8,7,5,5,1,1,5,7,5,1,1,3,0,0,4,5,1,3,4,2,2,13,8
"3656",3,1,13,7,5,6,1,1,8,7,5,5,1,5,1,0,1,0,0,5,1,2,2,18,9
"3657",4,4,13,7,9,6,1,1,13,7,5,6,1,4,5,3,4,5,0,3,4,1,1,21,13
"3658",5,4,13,12,11,6,1,4,13,7,9,6,1,5,0,0,4,3,2,5,2,3,1,26,15
"3659",6,8,13,12,11,9,1,4,13,12,11,6,1,4,3,0,3,0,0,4,3,1,2,30,18
"3660",7,18,13,12,11,15,12,8,13,12,11,9,1,6,6,3,6,3,0,6,6,1,3,40,35
"3661",8,18,13,15,11,15,17,18,13,12,11,15,12,3,0,0,5,4,1,3,5,3,3,43,40
"3662",9,18,13,19,12,15,17,18,13,15,11,15,17,4,1,0,1,0,0,4,1,3,1,47,41
"3663",10,22,13,19,16,15,17,18,13,19,12,15,17,1,4,4,1,4,0,4,4,1,1,51,45
"3664",11,23,13,19,17,15,17,22,13,19,16,15,17,1,0,0,1,5,2,1,1,1,1,52,46
"3665",12,23,13,19,17,15,17,23,13,19,17,15,17,5,2,0,NA,0,0,0,0,0,0,52,46
"3666",0,0,0,0,0,0,0,0,0,0,0,0,0,0,0,0,0,0,0,0,0,0,0,0,0
"3667",1,6,1,1,1,9,1,1,1,1,1,1,1,2,6,5,2,6,0,5,6,1,2,5,8
"3668",2,6,3,1,1,13,1,6,1,1,1,9,1,2,0,0,5,4,2,2,4,2,2,7,12
"3669",3,11,3,1,3,13,1,6,3,1,1,13,1,5,2,0,2,0,0,5,2,1,1,12,14
"3670",4,16,3,1,3,13,5,11,3,1,3,13,1,5,4,2,4,2,0,5,4,1,3,17,18
"3671",5,16,3,3,15,18,5,16,3,1,3,13,5,2,0,0,1,6,5,2,6,3,1,19,35
"3672",6,16,8,3,15,19,5,16,3,3,15,18,5,1,5,0,1,0,0,5,1,2,2,24,36
"3673",7,19,8,3,18,19,5,16,8,3,15,19,5,3,3,4,3,4,0,3,3,1,1,27,39
"3674",8,23,8,3,18,19,13,19,8,3,18,19,5,4,0,0,6,5,1,4,6,1,3,31,47
"3675",9,23,8,8,19,19,13,23,8,3,18,19,13,5,1,0,1,0,0,5,1,3,1,36,48
"3676",10,28,8,8,19,19,14,23,8,8,19,19,13,5,1,1,1,1,0,5,1,1,3,41,49
"3677",11,29,8,8,22,19,14,28,8,8,19,19,14,1,0,0,3,3,5,1,3,1,1,42,52
"3678",12,29,8,8,22,19,14,29,8,8,22,19,14,3,5,0,NA,0,0,0,0,0,0,42,52
"3679",0,0,0,0,0,0,0,0,0,0,0,0,0,0,0,0,0,0,0,0,0,0,0,0,0
"3680",1,8,1,1,1,4,1,1,1,1,1,1,1,2,3,6,2,3,0,6,3,1,2,7,3
"3681",2,10,1,1,1,7,7,8,1,1,1,4,1,2,0,0,6,4,2,2,6,1,3,9,12
"3682",3,14,1,1,1,9,7,10,1,1,1,7,7,4,2,0,2,0,0,4,2,1,2,13,14
"3683",4,14,4,1,1,13,7,14,1,1,1,9,7,1,3,4,1,4,0,3,4,2,2,16,18
"3684",5,14,5,1,4,13,7,14,4,1,1,13,7,1,0,0,1,1,3,1,3,2,1,17,21
"3685",6,14,5,2,5,13,7,14,5,1,4,13,7,1,1,0,1,0,0,1,1,3,1,18,22
"3686",7,14,5,3,10,13,7,14,5,2,5,13,7,5,1,1,5,1,0,1,5,3,1,19,27
"3687",8,15,5,3,19,13,7,14,5,3,10,13,7,1,0,0,1,4,6,1,6,1,1,20,36
"3688",9,19,5,3,20,13,7,15,5,3,19,13,7,1,4,0,1,0,0,4,1,1,1,24,37
"3689",10,20,5,3,20,13,12,19,5,3,20,13,7,1,5,5,5,5,0,1,5,1,3,25,42
"3690",11,25,5,3,26,17,12,20,5,3,20,13,12,5,0,0,6,2,2,5,6,1,1,30,52
"3691",12,25,5,3,26,17,12,25,5,3,26,17,12,2,2,0,NA,0,0,0,0,0,0,30,52
"3692",0,0,0,0,0,0,0,0,0,0,0,0,0,0,0,0,0,0,0,0,0,0,0,0,0
"3693",1,1,1,4,7,1,6,1,1,1,1,1,1,3,1,6,1,6,0,3,6,3,1,3,11
"3694",2,1,1,5,8,1,6,1,1,4,7,1,6,1,0,0,1,1,5,1,1,3,1,4,12
"3695",3,1,6,5,8,2,6,1,1,5,8,1,6,1,5,0,1,0,0,5,1,2,2,9,13
"3696",4,1,10,5,8,8,12,1,6,5,8,2,6,4,6,1,6,1,0,4,6,2,2,13,25
"3697",5,2,10,5,8,10,12,1,10,5,8,8,12,1,0,0,2,1,3,1,2,1,2,14,27
"3698",6,2,13,5,8,10,13,2,10,5,8,10,12,1,3,0,1,0,0,3,1,2,3,17,28
"3699",7,2,13,10,13,10,13,2,13,5,8,10,13,1,5,5,1,5,0,5,5,3,1,22,33
"3700",8,3,13,10,13,15,13,2,13,10,13,10,13,1,0,0,4,1,5,1,5,1,2,23,38
"3701",9,3,14,10,17,15,13,3,13,10,13,15,13,4,1,0,4,0,0,1,4,2,1,24,42
"3702",10,5,14,10,18,15,13,3,14,10,17,15,13,2,1,4,1,4,0,2,1,1,1,26,43
"3703",11,5,18,10,22,15,13,5,14,10,18,15,13,4,0,0,4,6,6,4,4,2,1,30,47
"3704",12,5,18,10,22,15,13,5,18,10,22,15,13,6,6,0,NA,0,0,0,0,0,0,30,47
"3705",0,0,0,0,0,0,0,0,0,0,0,0,0,0,0,0,0,0,0,0,0,0,0,0,0
"3706",1,4,1,1,5,1,1,1,1,1,1,1,1,1,4,3,1,4,0,3,4,1,1,3,4
"3707",2,5,1,1,9,1,1,4,1,1,5,1,1,1,0,0,1,1,4,1,4,1,1,4,8
"3708",3,5,1,2,9,1,2,5,1,1,9,1,1,1,1,0,1,0,0,1,1,3,3,5,9
"3709",4,5,1,7,9,1,11,5,1,2,9,1,2,5,6,1,6,1,0,5,6,3,3,10,18
"3710",5,6,1,7,9,1,13,5,1,7,9,1,11,1,0,0,4,2,1,1,2,1,3,11,20
"3711",6,6,1,11,9,2,13,6,1,7,9,1,13,4,1,0,1,0,0,4,1,3,2,15,21
"3712",7,6,1,15,14,8,13,6,1,11,9,2,13,4,4,6,4,6,0,4,6,3,2,19,32
"3713",8,6,5,15,14,14,18,6,1,15,14,8,13,4,0,0,3,3,6,4,6,2,2,23,43
"3714",9,9,5,15,14,14,21,6,5,15,14,14,18,3,3,0,3,0,0,3,3,1,3,26,46
"3715",10,17,5,15,20,15,21,9,5,15,14,14,21,6,6,2,6,2,0,6,6,1,1,34,53
"3716",11,19,5,15,23,15,21,17,5,15,20,15,21,2,0,0,3,3,6,2,3,1,1,36,56
"3717",12,19,5,15,23,15,21,19,5,15,23,15,21,3,6,0,NA,0,0,0,0,0,0,36,56
"3718",0,0,0,0,0,0,0,0,0,0,0,0,0,0,0,0,0,0,0,0,0,0,0,0,0
"3719",1,1,1,5,1,6,1,1,1,1,1,1,1,4,5,2,5,2,0,4,5,3,2,4,5
"3720",2,1,3,5,6,6,1,1,1,5,1,6,1,2,0,0,5,6,5,2,5,2,1,6,10
"3721",3,1,3,10,6,19,1,1,3,5,6,6,1,6,5,0,6,0,0,5,6,3,2,11,23
"3722",4,6,3,10,6,19,3,1,3,10,6,19,1,1,5,2,1,2,0,5,2,1,3,16,25
"3723",5,7,3,10,6,22,3,6,3,10,6,19,3,1,0,0,3,3,1,1,3,1,2,17,28
"3724",6,8,3,10,9,22,3,7,3,10,6,22,3,3,1,0,3,0,0,1,3,1,1,18,31
"3725",7,8,6,10,9,22,5,8,3,10,9,22,3,2,3,2,2,2,0,3,2,2,3,21,33
"3726",8,10,6,10,15,24,5,8,6,10,9,22,5,2,0,0,6,5,5,2,6,1,1,23,41
"3727",9,10,6,15,15,24,10,10,6,10,15,24,5,5,5,0,5,0,0,5,5,3,3,28,46
"3728",10,10,6,20,15,24,14,10,6,15,15,24,10,4,4,5,4,4,0,5,4,3,3,33,50
"3729",11,14,6,20,20,24,14,10,6,20,15,24,14,4,0,0,5,2,1,4,5,1,1,37,55
"3730",12,14,6,20,20,24,14,14,6,20,20,24,14,2,1,0,NA,0,0,0,0,0,0,37,55
"3731",0,0,0,0,0,0,0,0,0,0,0,0,0,0,0,0,0,0,0,0,0,0,0,0,0
"3732",1,7,7,1,1,2,1,1,1,1,1,1,1,1,1,6,1,1,0,6,1,1,2,12,1
"3733",2,8,7,1,1,7,1,7,7,1,1,2,1,1,0,0,5,2,2,1,5,1,2,13,6
"3734",3,10,7,1,1,7,3,8,7,1,1,7,1,2,2,0,2,0,0,2,2,1,3,15,8
"3735",4,10,7,6,3,13,3,10,7,1,1,7,3,5,6,2,6,2,0,5,6,3,2,20,16
"3736",5,10,7,8,3,22,3,10,7,6,3,13,3,2,0,0,2,5,6,2,6,3,2,22,25
"3737",6,10,7,13,5,22,3,10,7,8,3,22,3,2,5,0,2,0,0,5,2,3,1,27,27
"3738",7,13,7,19,5,22,5,10,7,13,5,22,3,6,2,1,2,1,0,6,2,3,3,36,29
"3739",8,14,7,19,5,22,7,13,7,19,5,22,5,1,0,0,6,2,2,1,2,1,3,37,31
"3740",9,22,13,19,7,22,7,14,7,19,5,22,7,6,2,0,2,0,0,6,2,2,1,51,33
"3741",10,22,19,20,8,22,7,22,13,19,7,22,7,6,1,2,1,2,0,6,1,2,1,58,34
"3742",11,24,19,20,9,22,7,22,19,20,8,22,7,2,0,0,1,4,1,2,1,1,1,60,35
"3743",12,24,19,20,9,22,7,24,19,20,9,22,7,4,1,0,NA,0,0,0,0,0,0,60,35
"3744",0,0,0,0,0,0,0,0,0,0,0,0,0,0,0,0,0,0,0,0,0,0,0,0,0
"3745",1,1,6,1,1,1,5,1,1,1,1,1,1,5,3,4,3,4,0,5,4,2,3,5,4
"3746",2,4,6,1,3,1,11,1,6,1,1,1,5,3,0,0,1,6,2,3,6,1,3,8,12
"3747",3,4,7,1,3,3,11,4,6,1,3,1,11,1,2,0,2,0,0,1,2,2,2,9,14
"3748",4,4,7,5,15,3,12,4,7,1,3,3,11,4,6,4,6,4,0,4,6,3,1,13,27
"3749",5,4,7,9,18,3,12,4,7,5,15,3,12,4,0,0,4,2,3,4,3,3,1,17,30
"3750",6,4,7,13,18,3,14,4,7,9,18,3,12,4,2,0,2,0,0,4,2,3,3,21,32
"3751",7,4,7,17,21,3,20,4,7,13,18,3,14,4,6,1,6,1,0,4,6,3,3,25,41
"3752",8,4,7,18,21,7,20,4,7,17,21,3,20,1,0,0,4,1,2,1,4,3,2,26,45
"3753",9,4,8,18,21,9,20,4,7,18,21,7,20,1,2,0,2,0,0,1,2,2,2,27,47
"3754",10,6,8,24,21,11,20,4,8,18,21,9,20,2,6,2,2,2,0,6,2,3,2,35,49
"3755",11,8,8,24,22,11,20,6,8,24,21,11,20,2,0,0,1,5,1,2,1,1,1,37,50
"3756",12,8,8,24,22,11,20,8,8,24,22,11,20,5,1,0,NA,0,0,0,0,0,0,37,50
"3757",0,0,0,0,0,0,0,0,0,0,0,0,0,0,0,0,0,0,0,0,0,0,0,0,0
"3758",1,13,1,6,1,1,5,1,1,1,1,1,1,3,4,6,3,4,0,6,4,1,3,17,4
"3759",2,13,1,9,1,11,5,13,1,6,1,1,5,3,0,0,6,2,6,3,6,3,2,20,14
"3760",3,18,13,9,1,13,5,13,1,9,1,11,5,2,6,0,2,0,0,6,2,2,2,37,16
"3761",4,18,13,12,1,17,5,18,13,9,1,13,5,4,3,2,4,2,0,3,4,3,2,40,20
"3762",5,18,15,12,1,21,5,18,13,12,1,17,5,2,0,0,2,4,4,2,4,2,2,42,24
"3763",6,18,15,14,1,25,5,18,15,12,1,21,5,2,4,0,4,0,0,2,4,3,2,44,28
"3764",7,18,16,14,1,30,5,18,15,14,1,25,5,1,2,5,2,5,0,1,5,2,2,45,33
"3765",8,18,18,1,3,36,5,18,16,14,1,30,5,2,0,0,5,6,3,2,6,2,2,34,41
"3766",9,18,23,1,3,39,5,18,18,1,3,36,5,5,3,0,3,0,0,5,3,2,2,39,44
"3767",10,24,23,8,3,39,7,18,23,1,3,39,5,2,6,2,2,2,0,6,2,1,3,52,46
"3768",11,26,23,8,3,42,7,24,23,8,3,39,7,2,0,0,6,2,3,2,3,1,2,54,49
"3769",12,26,23,8,3,42,7,26,23,8,3,42,7,6,2,0,NA,0,0,0,0,0,0,54,49
"3770",0,0,0,0,0,0,0,0,0,0,0,0,0,0,0,0,0,0,0,0,0,0,0,0,0
"3771",1,1,5,1,1,1,6,1,1,1,1,1,1,3,4,5,3,5,0,4,5,2,3,4,5
"3772",2,4,5,1,1,6,6,1,5,1,1,1,6,3,0,0,5,1,4,3,5,1,2,7,10
"3773",3,4,5,5,2,6,6,4,5,1,1,6,6,1,4,0,1,0,0,4,1,3,1,11,11
"3774",4,4,6,11,2,9,6,4,5,5,2,6,6,6,3,3,3,3,0,6,3,3,2,18,14
"3775",5,7,6,11,2,9,9,4,6,11,2,9,6,3,0,0,1,3,1,3,3,1,3,21,17
"3776",6,7,7,11,3,9,9,7,6,11,2,9,9,1,1,0,1,0,0,1,1,2,1,22,18
"3777",7,7,11,11,3,12,9,7,7,11,3,9,9,3,4,1,3,1,0,4,3,2,2,26,21
"3778",8,8,11,11,3,12,14,7,11,11,3,12,9,1,0,0,3,5,2,1,5,1,3,27,26
"3779",9,8,14,11,3,12,16,8,11,11,3,12,14,3,2,0,2,0,0,3,2,2,3,30,28
"3780",10,8,19,11,6,12,16,8,14,11,3,12,16,5,3,1,3,1,0,5,3,2,1,35,31
"3781",11,8,20,11,11,12,16,8,19,11,6,12,16,1,0,0,5,2,2,1,5,2,1,36,36
"3782",12,8,20,11,11,12,16,8,20,11,11,12,16,2,2,0,NA,0,0,0,0,0,0,36,36
"3783",0,0,0,0,0,0,0,0,0,0,0,0,0,0,0,0,0,0,0,0,0,0,0,0,0
"3784",1,1,2,1,6,1,1,1,1,1,1,1,1,1,5,5,5,5,0,1,5,2,1,1,5
"3785",2,1,2,6,9,1,1,1,2,1,6,1,1,5,0,0,6,3,4,5,3,3,1,6,8
"3786",3,15,2,6,9,1,5,1,2,6,9,1,1,6,4,0,4,0,0,6,4,1,3,20,12
"3787",4,16,2,6,9,1,8,15,2,6,9,1,5,3,1,1,3,1,0,1,3,1,3,21,15
"3788",5,17,2,6,9,6,8,16,2,6,9,1,8,1,0,0,3,5,6,1,5,1,2,22,20
"3789",6,17,11,6,12,6,8,17,2,6,9,6,8,3,6,0,3,0,0,6,3,2,1,31,23
"3790",7,19,17,6,21,6,8,17,11,6,12,6,8,6,2,6,2,6,0,6,6,2,1,39,32
"3791",8,19,19,6,21,10,8,19,17,6,21,6,8,2,0,0,1,1,4,2,4,2,2,41,36
"3792",9,19,19,7,21,10,9,19,19,6,21,10,8,1,1,0,1,0,0,1,1,3,3,42,37
"3793",10,22,19,7,21,10,11,19,19,7,21,10,9,2,1,3,2,1,0,3,2,1,3,45,39
"3794",11,23,19,7,26,10,11,22,19,7,21,10,11,1,0,0,6,5,4,1,5,1,1,46,44
"3795",12,23,19,7,26,10,11,23,19,7,26,10,11,6,4,0,NA,0,0,0,0,0,0,46,44
"3796",0,0,0,0,0,0,0,0,0,0,0,0,0,0,0,0,0,0,0,0,0,0,0,0,0
"3797",1,4,1,1,1,7,8,1,1,1,1,1,1,4,3,6,4,6,0,3,6,1,2,3,13
"3798",2,8,1,1,7,7,9,4,1,1,1,7,8,4,0,0,6,1,1,4,6,1,1,7,20
"3799",3,9,1,1,7,8,9,8,1,1,7,7,9,1,1,0,1,0,0,1,1,1,2,8,21
"3800",4,9,5,1,15,8,9,9,1,1,7,8,9,6,4,3,6,3,0,4,6,2,1,12,29
"3801",5,9,8,1,19,8,9,9,5,1,15,8,9,3,0,0,5,1,4,3,4,2,1,15,33
"3802",6,14,8,1,19,8,10,9,8,1,19,8,9,5,1,0,1,0,0,5,1,1,3,20,34
"3803",7,16,8,1,19,12,10,14,8,1,19,8,10,3,4,2,3,4,0,2,4,1,2,22,38
"3804",8,16,11,1,19,12,13,16,8,1,19,12,10,3,0,0,5,3,5,3,3,2,3,25,41
"3805",9,16,16,1,19,17,13,16,11,1,19,12,13,5,5,0,5,0,0,5,5,2,2,30,46
"3806",10,16,27,1,19,21,13,16,16,1,19,17,13,6,4,4,4,4,0,6,4,2,2,41,50
"3807",11,20,27,1,19,28,13,16,27,1,19,21,13,4,0,0,6,2,2,4,6,1,2,45,57
"3808",12,20,27,1,19,28,13,20,27,1,19,28,13,2,2,0,NA,0,0,0,0,0,0,45,57
"3809",0,0,0,0,0,0,0,0,0,0,0,0,0,0,0,0,0,0,0,0,0,0,0,0,0
"3810",1,4,1,1,1,1,4,1,1,1,1,1,1,3,1,3,1,3,0,3,3,1,3,3,3
"3811",2,5,1,1,1,1,8,4,1,1,1,1,4,1,0,0,4,1,5,1,4,1,3,4,7
"3812",3,5,6,1,1,1,9,5,1,1,1,1,8,1,5,0,1,0,0,5,1,2,3,9,8
"3813",4,5,6,6,1,6,9,5,6,1,1,1,9,5,5,4,5,4,0,5,5,3,2,14,13
"3814",5,5,10,6,1,11,9,5,6,6,1,6,9,4,0,0,6,1,5,4,5,2,2,18,18
"3815",6,16,10,6,2,11,9,5,10,6,1,11,9,6,1,0,1,0,0,6,1,1,1,29,19
"3816",7,16,14,6,2,16,9,16,10,6,2,11,9,4,5,4,5,4,0,4,5,2,2,33,24
"3817",8,16,14,10,2,19,9,16,14,6,2,16,9,4,0,0,3,2,1,4,3,3,2,37,27
"3818",9,18,14,10,2,19,10,16,14,10,2,19,9,2,1,0,1,0,0,2,1,1,3,39,28
"3819",10,20,14,10,2,19,11,18,14,10,2,19,10,2,1,2,1,2,0,2,1,1,3,41,29
"3820",11,22,14,10,2,19,16,20,14,10,2,19,11,2,0,0,5,5,6,2,5,1,3,43,34
"3821",12,22,14,10,2,19,16,22,14,10,2,19,16,5,6,0,NA,0,0,0,0,0,0,43,34
"3822",0,0,0,0,0,0,0,0,0,0,0,0,0,0,0,0,0,0,0,0,0,0,0,0,0
"3823",1,3,1,1,1,4,1,1,1,1,1,1,1,2,3,2,3,2,0,2,3,1,2,2,3
"3824",2,5,1,1,6,4,1,3,1,1,1,4,1,2,0,0,1,3,5,2,5,1,1,4,8
"3825",3,5,4,1,7,4,1,5,1,1,6,4,1,1,3,0,1,0,0,3,1,2,1,7,9
"3826",4,5,6,1,15,4,1,5,4,1,7,4,1,2,2,6,2,6,0,2,6,2,1,9,17
"3827",5,5,6,3,15,10,2,5,6,1,15,4,1,2,0,0,1,6,5,2,6,3,2,11,24
"3828",6,5,11,3,15,10,3,5,6,3,15,10,2,1,5,0,1,0,0,5,1,2,3,16,25
"3829",7,10,11,3,15,19,3,5,11,3,15,10,3,5,4,6,4,6,0,5,6,1,2,21,34
"3830",8,10,15,3,19,19,3,10,11,3,15,19,3,4,0,0,3,4,4,4,4,2,1,25,38
"3831",9,10,19,3,19,19,6,10,15,3,19,19,3,3,4,0,3,0,0,4,3,2,3,29,41
"3832",10,10,19,4,20,19,6,10,19,3,19,19,6,1,1,1,1,1,0,1,1,3,1,30,42
"3833",11,11,19,4,21,19,6,10,19,4,20,19,6,1,0,0,1,5,3,1,1,1,1,31,43
"3834",12,11,19,4,21,19,6,11,19,4,21,19,6,5,3,0,NA,0,0,0,0,0,0,31,43
"3835",0,0,0,0,0,0,0,0,0,0,0,0,0,0,0,0,0,0,0,0,0,0,0,0,0
"3836",1,9,1,1,1,12,1,1,1,1,1,1,1,5,6,6,5,6,0,6,6,1,2,8,11
"3837",2,9,1,6,1,16,1,9,1,1,1,12,1,5,0,0,2,6,4,5,4,3,2,13,15
"3838",3,9,1,8,2,22,1,9,1,6,1,16,1,2,6,0,6,0,0,2,6,3,2,15,22
"3839",4,9,1,12,2,23,1,9,1,8,2,22,1,1,4,1,1,1,0,4,1,3,2,19,23
"3840",5,10,1,12,9,23,1,9,1,12,2,23,1,1,0,0,6,6,1,1,6,1,1,20,30
"3841",6,21,1,12,10,23,1,10,1,12,9,23,1,6,1,0,1,0,0,6,1,1,1,31,31
"3842",7,21,16,12,10,24,1,21,1,12,10,23,1,6,2,1,2,1,0,6,1,2,2,46,32
"3843",8,21,16,14,10,27,1,21,16,12,10,24,1,2,0,0,2,3,6,2,3,3,2,48,35
"3844",9,21,20,20,10,29,1,21,16,14,10,27,1,2,6,0,2,0,0,6,2,3,2,58,37
"3845",10,21,23,20,10,29,3,21,20,20,10,29,1,3,6,2,6,2,0,3,2,2,3,61,39
"3846",11,1,23,20,10,30,7,21,23,20,10,29,3,6,0,0,4,6,6,6,4,1,3,41,44
"3847",12,1,23,20,10,30,7,1,23,20,10,30,7,6,6,0,NA,0,0,0,0,0,0,41,44
"3848",0,0,0,0,0,0,0,0,0,0,0,0,0,0,0,0,0,0,0,0,0,0,0,0,0
"3849",1,1,6,1,5,1,1,1,1,1,1,1,1,4,5,2,4,2,0,5,4,2,1,5,4
"3850",2,3,6,1,8,1,1,1,6,1,5,1,1,2,0,0,5,1,3,2,3,1,1,7,7
"3851",3,8,6,1,9,1,1,3,6,1,8,1,1,5,1,0,1,0,0,5,1,1,1,12,8
"3852",4,8,9,1,9,6,1,8,6,1,9,1,1,5,3,2,5,2,0,3,5,2,2,15,13
"3853",5,10,9,1,17,6,1,8,9,1,9,6,1,2,0,0,3,6,2,2,6,1,1,17,21
"3854",6,10,11,1,17,6,4,10,9,1,17,6,1,3,2,0,3,0,0,2,3,2,3,19,24
"3855",7,18,17,1,23,7,4,10,11,1,17,6,4,6,6,4,6,4,0,6,6,2,1,33,31
"3856",8,18,17,1,27,7,9,18,17,1,23,7,4,4,0,0,1,1,4,4,4,3,1,33,40
"3857",9,19,17,1,28,7,9,18,17,1,27,7,9,1,1,0,1,0,0,1,1,1,1,34,41
"3858",10,19,17,2,32,7,9,19,17,1,28,7,9,1,3,4,3,4,0,1,4,3,1,35,45
"3859",11,22,17,2,40,7,9,19,17,2,32,7,9,3,0,0,3,3,6,3,6,1,1,38,53
"3860",12,22,17,2,40,7,9,22,17,2,40,7,9,3,3,0,NA,0,0,0,0,0,0,38,53
"3861",0,0,0,0,0,0,0,0,0,0,0,0,0,0,0,0,0,0,0,0,0,0,0,0,0
"3862",1,1,7,2,7,4,1,1,1,1,1,1,1,1,6,6,1,6,0,6,6,2,1,7,9
"3863",2,2,7,2,7,8,1,1,7,2,7,4,1,1,0,0,3,4,4,1,4,1,2,8,13
"3864",3,2,7,5,11,8,1,2,7,2,7,8,1,3,4,0,4,0,0,3,4,3,1,11,17
"3865",4,2,8,5,16,8,1,2,7,5,11,8,1,1,5,4,5,4,0,1,5,2,1,12,22
"3866",5,6,8,5,16,17,1,2,8,5,16,8,1,4,0,0,1,6,3,4,6,1,2,16,31
"3867",6,7,8,5,16,17,4,6,8,5,16,17,1,1,3,0,3,0,0,1,3,1,3,17,34
"3868",7,7,13,5,16,17,14,7,8,5,16,17,4,6,5,1,6,1,0,5,6,2,3,22,44
"3869",8,8,13,5,22,17,19,7,13,5,16,17,14,1,0,0,4,6,4,1,6,1,1,23,55
"3870",9,8,17,5,22,21,19,8,13,5,22,17,19,4,4,0,4,0,0,4,4,2,2,27,59
"3871",10,9,17,1,25,27,19,8,17,5,22,21,19,1,6,5,6,5,0,1,6,1,2,24,68
"3872",11,14,17,1,31,28,19,9,17,1,25,27,19,5,0,0,6,1,3,5,6,1,1,29,75
"3873",12,14,17,1,31,28,19,14,17,1,31,28,19,1,3,0,NA,0,0,0,0,0,0,29,75
"3874",0,0,0,0,0,0,0,0,0,0,0,0,0,0,0,0,0,0,0,0,0,0,0,0,0
"3875",1,1,4,1,1,6,1,1,1,1,1,1,1,2,5,3,2,5,0,3,5,2,2,3,5
"3876",2,1,4,3,1,6,2,1,4,1,1,6,1,2,0,0,2,1,1,2,1,3,3,5,6
"3877",3,3,4,3,1,6,3,1,4,3,1,6,2,2,1,0,1,0,0,2,1,1,3,7,7
"3878",4,3,8,3,1,6,8,3,4,3,1,6,3,5,4,4,5,4,0,4,5,2,3,11,12
"3879",5,7,8,3,6,6,8,3,8,3,1,6,8,4,0,0,5,1,3,4,5,1,1,15,17
"3880",6,10,8,3,6,6,9,7,8,3,6,6,8,1,3,0,1,0,0,3,1,1,3,18,18
"3881",7,10,8,8,6,6,13,10,8,3,6,6,9,4,5,5,4,5,0,5,4,3,3,23,22
"3882",8,10,8,13,9,6,13,10,8,8,6,6,13,5,0,0,1,3,3,5,3,3,1,28,25
"3883",9,10,11,13,9,7,13,10,8,13,9,6,13,1,3,0,1,0,0,3,1,2,2,31,26
"3884",10,15,17,13,9,7,14,10,11,13,9,7,13,1,6,1,1,1,0,6,1,2,3,42,27
"3885",11,16,17,13,9,12,14,15,17,13,9,7,14,1,0,0,6,2,5,1,5,1,2,43,32
"3886",12,16,17,13,9,12,14,16,17,13,9,12,14,6,2,0,NA,0,0,0,0,0,0,43,32
"3887",0,0,0,0,0,0,0,0,0,0,0,0,0,0,0,0,0,0,0,0,0,0,0,0,0
"3888",1,1,4,1,1,1,6,1,1,1,1,1,1,3,2,5,2,5,0,3,5,2,3,3,5
"3889",2,1,4,3,7,1,8,1,4,1,1,1,6,2,0,0,6,1,2,2,6,3,1,5,13
"3890",3,1,5,3,7,1,10,1,4,3,7,1,8,1,2,0,2,0,0,1,2,2,3,6,15
"3891",4,1,6,3,7,1,13,1,5,3,7,1,10,1,3,3,3,3,0,1,3,2,3,7,18
"3892",5,1,6,6,12,1,13,1,6,3,7,1,13,3,0,0,5,4,3,3,5,3,1,10,23
"3893",6,1,6,10,15,1,13,1,6,6,12,1,13,4,3,0,3,0,0,4,3,3,1,14,26
"3894",7,1,6,11,15,3,13,1,6,10,15,1,13,1,1,2,1,2,0,1,2,3,2,15,28
"3895",8,2,6,11,18,3,13,1,6,11,15,3,13,1,0,0,2,3,3,1,3,1,1,16,31
"3896",9,4,6,11,21,3,13,2,6,11,18,3,13,2,3,0,3,0,0,2,3,1,1,18,34
"3897",10,7,6,11,21,3,16,4,6,11,21,3,13,3,3,4,3,4,0,3,3,1,3,21,37
"3898",11,11,6,11,27,7,16,7,6,11,21,3,16,4,0,0,1,6,3,4,6,1,1,25,47
"3899",12,11,6,11,27,7,16,11,6,11,27,7,16,1,3,0,NA,0,0,0,0,0,0,25,47
"3900",0,0,0,0,0,0,0,0,0,0,0,0,0,0,0,0,0,0,0,0,0,0,0,0,0
"3901",1,6,1,1,1,7,2,1,1,1,1,1,1,6,5,4,6,4,0,5,6,1,2,5,7
"3902",2,6,5,1,1,11,2,6,1,1,1,7,2,4,0,0,5,5,4,4,4,2,2,9,11
"3903",3,6,10,1,6,11,2,6,5,1,1,11,2,5,5,0,5,0,0,5,5,2,1,14,16
"3904",4,11,10,1,9,11,2,6,10,1,6,11,2,5,2,3,2,3,0,5,3,1,1,19,19
"3905",5,13,10,1,13,11,2,11,10,1,9,11,2,2,0,0,1,4,2,2,4,1,1,21,23
"3906",6,13,12,1,13,12,2,13,10,1,13,11,2,1,2,0,1,0,0,2,1,2,2,23,24
"3907",7,18,12,1,13,17,2,13,12,1,13,12,2,5,5,3,5,3,0,5,5,1,2,28,29
"3908",8,18,12,4,13,21,2,18,12,1,13,17,2,3,0,0,4,5,4,3,4,3,2,31,33
"3909",9,18,12,9,13,25,2,18,12,4,13,21,2,5,4,0,4,0,0,5,4,3,2,36,37
"3910",10,18,14,9,16,25,2,18,12,9,13,25,2,3,1,2,3,1,0,2,3,2,1,38,40
"3911",11,19,14,9,21,25,2,18,14,9,16,25,2,1,0,0,1,5,1,1,5,1,1,39,45
"3912",12,19,14,9,21,25,2,19,14,9,21,25,2,1,1,0,NA,0,0,0,0,0,0,39,45
"3913",0,0,0,0,0,0,0,0,0,0,0,0,0,0,0,0,0,0,0,0,0,0,0,0,0
"3914",1,6,1,1,1,4,1,1,1,1,1,1,1,3,5,2,3,2,0,5,3,1,2,5,3
"3915",2,6,3,1,14,4,1,6,1,1,1,4,1,2,0,0,6,6,1,2,6,2,1,7,16
"3916",3,6,7,7,15,4,1,6,3,1,14,4,1,6,1,0,1,0,0,6,1,3,1,17,17
"3917",4,6,9,7,21,9,7,6,7,7,15,4,1,6,1,2,6,1,0,2,6,2,1,19,34
"3918",5,6,10,7,21,11,13,6,9,7,21,9,7,1,0,0,5,6,6,1,6,2,3,20,42
"3919",6,6,15,7,21,17,24,6,10,7,21,11,13,5,6,0,6,0,0,5,6,2,2,25,59
"3920",7,9,15,7,26,17,24,6,15,7,21,17,24,1,3,5,1,5,0,3,5,1,1,28,64
"3921",8,1,15,7,36,23,24,9,15,7,26,17,24,1,0,0,6,4,6,1,6,1,2,20,80
"3922",9,1,15,11,41,23,30,1,15,7,36,23,24,4,6,0,6,0,0,4,6,3,3,24,91
"3923",10,7,15,16,47,27,30,1,15,11,41,23,30,2,6,6,2,6,0,6,6,1,1,35,101
"3924",11,9,15,16,47,32,30,7,15,16,47,27,30,2,0,0,5,5,3,2,5,1,2,37,106
"3925",12,9,15,16,47,32,30,9,15,16,47,32,30,5,3,0,NA,0,0,0,0,0,0,37,106
"3926",0,0,0,0,0,0,0,0,0,0,0,0,0,0,0,0,0,0,0,0,0,0,0,0,0
"3927",1,1,1,4,1,5,1,1,1,1,1,1,1,3,2,4,2,4,0,3,4,3,2,3,4
"3928",2,3,1,4,1,8,7,1,1,4,1,5,1,2,0,0,6,3,2,2,6,1,3,5,13
"3929",3,6,1,4,1,8,9,3,1,4,1,8,7,3,2,0,2,0,0,3,2,1,3,8,15
"3930",4,9,1,4,1,14,14,6,1,4,1,8,9,3,4,6,4,6,0,3,6,1,2,11,26
"3931",5,13,1,4,1,18,14,9,1,4,1,14,14,4,0,0,4,1,1,4,4,1,2,15,30
"3932",6,14,1,4,2,18,14,13,1,4,1,18,14,1,1,0,1,0,0,1,1,1,1,16,31
"3933",7,14,1,7,6,18,14,14,1,4,2,18,14,3,4,3,4,3,0,3,4,3,1,19,35
"3934",8,14,1,10,15,18,14,14,1,7,6,18,14,3,0,0,5,6,6,3,6,3,1,22,44
"3935",9,14,6,10,20,24,20,14,1,10,15,18,14,5,6,0,6,0,0,5,6,2,3,27,61
"3936",10,21,6,10,22,24,20,14,6,10,20,24,20,6,2,5,2,5,0,6,2,1,1,34,63
"3937",11,26,6,10,27,24,20,21,6,10,22,24,20,5,0,0,5,1,6,5,5,1,1,39,68
"3938",12,26,6,10,27,24,20,26,6,10,27,24,20,1,6,0,NA,0,0,0,0,0,0,39,68
"3939",0,0,0,0,0,0,0,0,0,0,0,0,0,0,0,0,0,0,0,0,0,0,0,0,0
"3940",1,3,1,1,1,4,1,1,1,1,1,1,1,2,1,3,1,3,0,2,3,1,2,2,3
"3941",2,4,1,1,6,4,1,3,1,1,1,4,1,1,0,0,2,5,5,1,5,1,1,3,8
"3942",3,9,1,1,6,6,1,4,1,1,6,4,1,2,5,0,2,0,0,5,2,1,2,8,10
"3943",4,13,1,1,6,10,1,9,1,1,6,6,1,2,4,4,2,4,0,4,4,1,2,12,14
"3944",5,15,1,1,9,10,1,13,1,1,6,10,1,2,0,0,4,3,3,2,3,1,1,14,17
"3945",6,15,4,1,13,10,1,15,1,1,9,10,1,4,3,0,4,0,0,3,4,2,1,17,21
"3946",7,15,9,1,13,14,1,15,4,1,13,10,1,5,3,4,3,4,0,5,4,2,2,22,25
"3947",8,18,9,1,13,14,9,15,9,1,13,14,1,3,0,0,5,6,2,3,6,1,3,25,33
"3948",9,23,9,1,13,16,9,18,9,1,13,14,9,5,2,0,2,0,0,5,2,1,2,30,35
"3949",10,26,9,1,13,16,14,23,9,1,13,16,9,5,1,3,5,1,0,3,5,1,3,33,40
"3950",11,27,9,1,14,16,14,26,9,1,13,16,14,1,0,0,1,5,3,1,1,1,1,34,41
"3951",12,27,9,1,14,16,14,27,9,1,14,16,14,5,3,0,NA,0,0,0,0,0,0,34,41
"3952",0,0,0,0,0,0,0,0,0,0,0,0,0,0,0,0,0,0,0,0,0,0,0,0,0
"3953",1,6,1,1,1,1,3,1,1,1,1,1,1,2,2,5,2,2,0,5,2,1,3,5,2
"3954",2,6,3,1,1,6,3,6,1,1,1,1,3,2,0,0,1,5,5,2,5,2,2,7,7
"3955",3,6,8,1,1,6,4,6,3,1,1,6,3,1,5,0,1,0,0,5,1,2,3,12,8
"3956",4,6,8,3,7,12,7,6,8,1,1,6,4,6,5,2,6,5,0,2,6,3,2,14,23
"3957",5,6,13,3,9,12,7,6,8,3,7,12,7,5,0,0,2,2,3,5,2,2,1,19,25
"3958",6,6,13,6,11,12,7,6,13,3,9,12,7,2,3,0,2,0,0,3,2,3,1,22,27
"3959",7,6,13,11,17,16,7,6,13,6,11,12,7,2,5,6,2,6,0,5,6,3,1,27,37
"3960",8,6,15,11,17,19,7,6,13,11,17,16,7,2,0,0,3,3,1,2,3,2,2,29,40
"3961",9,6,18,11,17,20,7,6,15,11,17,19,7,3,1,0,1,0,0,3,1,2,2,32,41
"3962",10,8,18,11,17,22,7,6,18,11,17,20,7,2,2,1,2,1,0,2,2,1,2,34,43
"3963",11,9,18,11,25,22,7,8,18,11,17,22,7,1,0,0,3,6,5,1,6,1,1,35,51
"3964",12,9,18,11,25,22,7,9,18,11,25,22,7,3,5,0,NA,0,0,0,0,0,0,35,51
"3965",0,0,0,0,0,0,0,0,0,0,0,0,0,0,0,0,0,0,0,0,0,0,0,0,0
"3966",1,1,6,1,3,1,1,1,1,1,1,1,1,1,5,2,1,2,0,5,2,2,1,5,2
"3967",2,2,6,1,3,6,1,1,6,1,3,1,1,1,0,0,1,1,5,1,5,1,2,6,7
"3968",3,2,6,2,3,6,2,2,6,1,3,6,1,1,1,0,1,0,0,1,1,3,3,7,8
"3969",4,6,6,2,7,6,2,2,6,2,3,6,2,4,4,2,4,2,0,4,4,1,1,11,12
"3970",5,8,6,2,8,6,8,6,6,2,7,6,2,2,0,0,4,6,6,2,6,1,3,13,19
"3971",6,8,6,10,12,6,8,8,6,2,8,6,8,4,6,0,4,0,0,6,4,3,1,21,23
"3972",7,8,6,13,15,6,8,8,6,10,12,6,8,3,3,3,3,3,0,3,3,3,1,24,26
"3973",8,11,6,13,21,6,12,8,6,13,15,6,8,3,0,0,5,6,1,3,6,1,1,27,36
"3974",9,16,6,13,21,7,12,11,6,13,21,6,12,5,1,0,1,0,0,5,1,1,2,32,37
"3975",10,20,6,13,27,12,12,16,6,13,21,7,12,4,2,6,2,6,0,4,6,1,1,36,48
"3976",11,22,6,13,32,12,12,20,6,13,27,12,12,2,0,0,5,1,2,2,5,1,1,38,53
"3977",12,22,6,13,32,12,12,22,6,13,32,12,12,1,2,0,NA,0,0,0,0,0,0,38,53
"3978",0,0,0,0,0,0,0,0,0,0,0,0,0,0,0,0,0,0,0,0,0,0,0,0,0
"3979",1,1,7,9,3,1,1,1,1,1,1,1,1,6,2,3,2,3,0,6,2,2,1,14,2
"3980",2,1,10,9,3,1,5,1,7,9,3,1,1,3,0,0,4,2,4,3,4,2,3,17,6
"3981",3,3,10,9,7,1,5,1,10,9,3,1,5,2,4,0,4,0,0,2,4,1,1,19,10
"3982",4,5,10,9,9,1,5,3,10,9,7,1,5,2,1,2,1,2,0,2,2,1,1,21,12
"3983",5,6,10,9,12,7,5,5,10,9,9,1,5,1,0,0,3,4,6,1,6,1,2,22,21
"3984",6,6,10,12,16,7,5,6,10,9,12,7,5,3,4,0,4,0,0,3,4,3,1,25,25
"3985",7,6,10,19,16,7,8,6,10,12,16,7,5,3,6,1,3,1,0,6,3,3,3,32,28
"3986",8,6,11,19,16,7,12,6,10,19,16,7,8,1,0,0,4,3,1,1,4,2,3,33,32
"3987",9,9,11,19,16,7,13,6,11,19,16,7,12,3,1,0,1,0,0,3,1,1,3,36,33
"3988",10,9,17,24,16,7,15,9,11,19,16,7,13,2,2,6,2,2,0,6,2,2,3,47,35
"3989",11,11,17,24,19,7,15,9,17,24,16,7,15,2,0,0,3,4,4,2,3,1,1,49,38
"3990",12,11,17,24,19,7,15,11,17,24,19,7,15,4,4,0,NA,0,0,0,0,0,0,49,38
"3991",0,0,0,0,0,0,0,0,0,0,0,0,0,0,0,0,0,0,0,0,0,0,0,0,0
"3992",1,1,3,1,6,1,1,1,1,1,1,1,1,5,2,2,5,2,0,2,5,2,1,2,5
"3993",2,1,5,1,6,1,5,1,3,1,6,1,1,2,0,0,4,5,1,2,4,2,3,4,9
"3994",3,1,5,6,7,1,5,1,5,1,6,1,5,5,1,0,1,0,0,5,1,3,1,9,10
"3995",4,6,5,6,7,4,5,1,5,6,7,1,5,3,1,5,3,1,0,5,3,1,2,14,13
"3996",5,6,6,6,7,9,5,6,5,6,7,4,5,1,0,0,4,4,5,1,5,2,2,15,18
"3997",6,6,10,6,7,13,5,6,6,6,7,9,5,4,4,0,4,0,0,4,4,2,2,19,22
"3998",7,12,14,6,13,17,11,6,10,6,7,13,5,2,6,6,2,6,0,6,6,1,1,29,38
"3999",8,14,14,6,13,17,16,12,14,6,13,17,11,2,0,0,5,3,2,2,5,1,3,31,43
"4000",9,14,17,6,15,17,16,14,14,6,13,17,16,3,2,0,2,0,0,3,2,2,1,34,45
"4001",10,16,17,6,21,21,16,14,17,6,15,17,16,6,2,4,6,4,0,2,6,1,1,36,55
"4002",11,20,17,6,23,21,16,16,17,6,21,21,16,4,0,0,2,6,2,4,2,1,1,40,57
"4003",12,20,17,6,23,21,16,20,17,6,23,21,16,6,2,0,NA,0,0,0,0,0,0,40,57
"4004",0,0,0,0,0,0,0,0,0,0,0,0,0,0,0,0,0,0,0,0,0,0,0,0,0
"4005",1,3,1,1,6,1,1,1,1,1,1,1,1,4,2,5,4,5,0,2,5,1,1,2,5
"4006",2,3,5,1,7,1,7,3,1,1,6,1,1,4,0,0,6,6,2,4,6,2,3,6,12
"4007",3,7,5,7,7,3,7,3,5,1,7,1,7,6,2,0,2,0,0,6,2,3,2,16,14
"4008",4,13,5,12,12,3,7,7,5,7,7,3,7,5,6,1,5,1,0,6,5,1,1,27,19
"4009",5,14,5,12,17,3,7,13,5,12,12,3,7,1,0,0,4,5,3,1,5,1,1,28,24
"4010",6,14,5,16,20,3,7,14,5,12,17,3,7,4,3,0,3,0,0,4,3,3,1,32,27
"4011",7,14,5,20,20,8,7,14,5,16,20,3,7,2,5,4,2,5,0,4,5,3,2,36,32
"4012",8,14,5,22,20,8,10,14,5,20,20,8,7,2,0,0,2,3,3,2,3,3,3,38,35
"4013",9,17,5,22,22,8,10,14,5,22,20,8,10,2,3,0,2,0,0,3,2,1,1,41,37
"4014",10,17,5,27,23,14,10,17,5,22,22,8,10,1,6,5,1,6,0,5,6,3,2,46,44
"4015",11,17,5,28,26,14,10,17,5,27,23,14,10,1,0,0,1,1,3,1,3,3,1,47,47
"4016",12,17,5,28,26,14,10,17,5,28,26,14,10,1,1,0,NA,0,0,0,0,0,0,47,47
"4017",0,0,0,0,0,0,0,0,0,0,0,0,0,0,0,0,0,0,0,0,0,0,0,0,0
"4018",1,3,1,1,1,12,1,1,1,1,1,1,1,2,5,6,5,6,0,2,6,1,2,2,11
"4019",2,3,1,6,1,12,4,3,1,1,1,12,1,5,0,0,3,2,1,5,3,3,3,7,14
"4020",3,5,1,6,2,12,4,3,1,6,1,12,4,2,1,0,1,0,0,2,1,1,1,9,15
"4021",4,7,1,6,2,12,9,5,1,6,2,12,4,2,4,5,4,5,0,2,5,1,3,11,20
"4022",5,11,1,6,8,14,9,7,1,6,2,12,9,4,0,0,6,2,3,4,6,1,1,15,28
"4023",6,11,1,9,8,16,9,11,1,6,8,14,9,2,3,0,2,0,0,3,2,3,2,18,30
"4024",7,11,1,11,12,16,9,11,1,9,8,16,9,1,2,4,1,4,0,2,4,3,1,20,34
"4025",8,12,1,11,14,16,9,11,1,11,12,16,9,1,0,0,2,3,2,1,2,1,1,21,36
"4026",9,15,1,11,16,16,9,12,1,11,14,16,9,3,2,0,2,0,0,3,2,1,1,24,38
"4027",10,20,1,11,19,16,9,15,1,11,16,16,9,5,3,3,3,3,0,5,3,1,1,29,41
"4028",11,23,1,11,35,16,9,20,1,11,19,16,9,3,0,0,6,5,1,3,6,1,1,32,57
"4029",12,23,1,11,35,16,9,23,1,11,35,16,9,5,1,0,NA,0,0,0,0,0,0,32,57
"4030",0,0,0,0,0,0,0,0,0,0,0,0,0,0,0,0,0,0,0,0,0,0,0,0,0
"4031",1,1,5,1,1,3,1,1,1,1,1,1,1,4,2,2,2,2,0,4,2,2,2,4,2
"4032",2,1,5,3,7,5,1,1,5,1,1,3,1,2,0,0,3,6,1,2,6,3,1,6,10
"4033",3,4,5,3,8,5,1,1,5,3,7,5,1,3,1,0,1,0,0,3,1,1,1,9,11
"4034",4,4,6,9,8,5,6,4,5,3,8,5,1,2,5,6,2,5,0,6,5,3,3,16,16
"4035",5,6,6,9,14,5,9,4,6,9,8,5,6,2,0,0,6,3,3,2,6,1,1,18,25
"4036",6,6,9,9,14,5,12,6,6,9,14,5,9,3,3,0,3,0,0,3,3,2,3,21,28
"4037",7,12,11,9,14,5,15,6,9,9,14,5,12,6,3,2,3,2,0,6,3,1,3,29,31
"4038",8,12,13,9,14,14,21,12,11,9,14,5,15,2,0,0,6,6,3,2,6,2,2,31,46
"4039",9,18,16,9,14,14,24,12,13,9,14,14,21,6,3,0,3,0,0,6,3,1,3,40,49
"4040",10,18,19,9,14,14,28,18,16,9,14,14,24,4,4,3,4,4,0,3,4,2,3,43,53
"4041",11,22,19,9,15,14,28,18,19,9,14,14,28,4,0,0,1,1,4,4,1,1,1,47,54
"4042",12,22,19,9,15,14,28,22,19,9,15,14,28,1,4,0,NA,0,0,0,0,0,0,47,54
"4043",0,0,0,0,0,0,0,0,0,0,0,0,0,0,0,0,0,0,0,0,0,0,0,0,0
"4044",1,6,1,1,1,1,6,1,1,1,1,1,1,5,3,5,3,5,0,5,5,1,3,5,5
"4045",2,9,1,1,1,1,10,6,1,1,1,1,6,3,0,0,2,4,2,3,4,1,3,8,9
"4046",3,9,1,3,1,3,10,9,1,1,1,1,10,2,2,0,2,0,0,2,2,3,2,10,11
"4047",4,13,1,3,1,9,13,9,1,3,1,3,10,5,6,4,5,6,0,4,6,1,2,14,20
"4048",5,13,6,3,1,13,13,13,1,3,1,9,13,5,0,0,1,4,1,5,4,2,2,19,24
"4049",6,14,6,3,2,13,13,13,6,3,1,13,13,1,1,0,1,0,0,1,1,1,1,20,25
"4050",7,17,6,3,2,18,13,14,6,3,2,13,13,3,5,3,5,3,0,3,5,1,2,23,30
"4051",8,17,9,3,2,18,16,17,6,3,2,18,13,3,0,0,3,4,2,3,3,2,3,26,33
"4052",9,21,9,3,4,18,16,17,9,3,2,18,16,4,2,0,2,0,0,4,2,1,1,30,35
"4053",10,25,9,3,4,20,16,21,9,3,4,18,16,2,2,4,2,2,0,4,2,1,2,34,37
"4054",11,27,9,3,7,26,16,25,9,3,4,20,16,2,0,0,6,5,3,2,6,1,2,36,46
"4055",12,27,9,3,7,26,16,27,9,3,7,26,16,5,3,0,NA,0,0,0,0,0,0,36,46
"4056",0,0,0,0,0,0,0,0,0,0,0,0,0,0,0,0,0,0,0,0,0,0,0,0,0
"4057",1,6,1,1,1,1,4,1,1,1,1,1,1,2,3,5,2,3,0,5,3,1,3,5,3
"4058",2,6,3,1,1,11,4,6,1,1,1,1,4,2,0,0,1,1,6,2,6,2,2,7,13
"4059",3,6,4,1,2,11,4,6,3,1,1,11,4,1,1,0,1,0,0,1,1,2,1,8,14
"4060",4,9,4,1,2,11,9,6,4,1,2,11,4,5,3,1,5,1,0,3,5,1,3,11,19
"4061",5,9,4,2,7,11,9,9,4,1,2,11,9,1,0,0,3,5,4,1,5,3,1,12,24
"4062",6,9,4,5,11,11,9,9,4,2,7,11,9,3,4,0,4,0,0,3,4,3,1,15,28
"4063",7,14,4,5,17,11,12,9,4,5,11,11,9,5,1,6,1,6,0,5,6,1,1,20,37
"4064",8,15,4,5,17,17,13,14,4,5,17,11,12,1,0,0,1,6,2,1,6,1,2,21,44
"4065",9,16,4,5,19,17,13,15,4,5,17,17,13,1,2,0,2,0,0,1,2,1,1,22,46
"4066",10,21,4,5,19,19,13,16,4,5,19,17,13,5,2,1,2,1,0,5,2,1,2,27,48
"4067",11,22,4,5,24,19,13,21,4,5,19,19,13,1,0,0,5,4,5,1,5,1,1,28,53
"4068",12,22,4,5,24,19,13,22,4,5,24,19,13,4,5,0,NA,0,0,0,0,0,0,28,53
"4069",0,0,0,0,0,0,0,0,0,0,0,0,0,0,0,0,0,0,0,0,0,0,0,0,0
"4070",1,5,1,1,4,7,1,1,1,1,1,1,1,2,4,6,2,6,0,4,6,1,2,4,9
"4071",2,7,1,1,10,11,1,5,1,1,4,7,1,2,0,0,6,3,6,2,6,1,1,6,19
"4072",3,7,8,1,13,11,1,7,1,1,10,11,1,3,6,0,3,0,0,6,3,2,1,13,22
"4073",4,10,8,1,13,11,5,7,8,1,13,11,1,3,4,3,4,3,0,3,4,1,3,16,26
"4074",5,10,8,4,13,11,10,10,8,1,13,11,5,3,0,0,5,4,2,3,5,3,3,19,31
"4075",6,14,8,4,13,11,12,10,8,4,13,11,10,4,2,0,2,0,0,4,2,1,3,23,33
"4076",7,18,8,4,19,15,18,14,8,4,13,11,12,3,4,6,3,6,0,4,6,1,3,27,49
"4077",8,18,11,4,24,15,18,18,8,4,19,15,18,3,0,0,5,4,5,3,5,2,1,30,54
"4078",9,22,11,4,24,20,18,18,11,4,24,15,18,4,5,0,5,0,0,4,5,1,2,34,59
"4079",10,24,11,1,27,26,24,22,11,4,24,20,18,2,2,6,2,6,0,2,6,1,3,33,74
"4080",11,26,11,1,27,26,26,24,11,1,27,26,24,2,0,0,2,6,1,2,2,1,3,35,76
"4081",12,26,11,1,27,26,26,26,11,1,27,26,26,6,1,0,NA,0,0,0,0,0,0,35,76
"4082",0,0,0,0,0,0,0,0,0,0,0,0,0,0,0,0,0,0,0,0,0,0,0,0,0
"4083",1,2,1,1,5,1,1,1,1,1,1,1,1,2,4,1,2,4,0,1,4,1,1,1,4
"4084",2,4,1,1,7,7,1,2,1,1,5,1,1,2,0,0,3,1,6,2,6,1,2,3,12
"4085",3,4,1,2,10,7,1,4,1,1,7,7,1,3,1,0,3,0,0,1,3,3,1,4,15
"4086",4,15,1,2,15,7,1,4,1,2,10,7,1,5,4,6,5,4,0,6,5,1,1,15,20
"4087",5,15,1,6,15,11,7,15,1,2,15,7,1,4,0,0,1,1,6,4,6,3,3,19,30
"4088",6,16,1,6,15,11,8,15,1,6,15,11,7,1,1,0,1,0,0,1,1,1,3,20,31
"4089",7,25,1,6,20,11,8,16,1,6,15,11,8,5,6,2,5,2,0,6,5,1,1,29,36
"4090",8,27,1,6,20,15,14,25,1,6,20,11,8,2,0,0,4,3,6,2,6,1,3,31,46
"4091",9,30,1,6,20,19,14,27,1,6,20,15,14,4,3,0,4,0,0,3,4,1,2,34,50
"4092",10,30,1,7,24,19,14,30,1,6,20,19,14,4,3,1,4,3,0,1,4,3,1,35,54
"4093",11,33,1,7,26,19,14,30,1,7,24,19,14,3,0,0,2,5,5,3,2,1,1,38,56
"4094",12,33,1,7,26,19,14,33,1,7,26,19,14,5,5,0,NA,0,0,0,0,0,0,38,56
"4095",0,0,0,0,0,0,0,0,0,0,0,0,0,0,0,0,0,0,0,0,0,0,0,0,0
"4096",1,1,2,1,1,5,1,1,1,1,1,1,1,1,1,4,1,4,0,1,4,2,2,1,4
"4097",2,2,2,1,6,5,1,1,2,1,1,5,1,1,0,0,5,3,5,1,5,1,1,2,9
"4098",3,2,2,6,6,5,4,2,2,1,6,5,1,3,5,0,3,0,0,5,3,3,3,7,12
"4099",4,7,2,12,6,8,4,2,2,6,6,5,4,2,3,6,2,3,0,6,3,3,2,18,15
"4100",5,9,2,12,6,8,8,7,2,12,6,8,4,2,0,0,4,1,4,2,4,1,3,20,19
"4101",6,9,2,13,6,12,8,9,2,12,6,8,8,1,4,0,4,0,0,1,4,3,2,21,23
"4102",7,9,4,13,6,12,13,9,2,13,6,12,8,5,2,3,5,3,0,2,5,2,3,23,28
"4103",8,12,4,13,6,15,13,9,4,13,6,12,13,3,0,0,3,2,3,3,3,1,2,26,31
"4104",9,12,7,13,6,15,15,12,4,13,6,15,13,2,3,0,2,0,0,3,2,2,3,29,33
"4105",10,17,7,13,6,15,18,12,7,13,6,15,15,1,5,3,1,3,0,5,3,1,3,34,36
"4106",11,18,7,13,13,15,18,17,7,13,6,15,18,1,0,0,4,6,5,1,6,1,1,35,43
"4107",12,18,7,13,13,15,18,18,7,13,13,15,18,4,5,0,NA,0,0,0,0,0,0,35,43
"4108",0,0,0,0,0,0,0,0,0,0,0,0,0,0,0,0,0,0,0,0,0,0,0,0,0
"4109",1,1,1,6,1,2,1,1,1,1,1,1,1,1,5,1,1,1,0,5,1,3,2,5,1
"4110",2,1,2,6,6,2,1,1,1,6,1,2,1,1,0,0,1,5,2,1,5,2,1,6,6
"4111",3,1,4,6,6,3,1,1,2,6,6,2,1,1,2,0,1,0,0,2,1,2,2,8,7
"4112",4,5,4,6,6,3,4,1,4,6,6,3,1,4,1,3,1,3,0,4,3,1,3,12,10
"4113",5,6,4,6,10,3,4,5,4,6,6,3,4,1,0,0,3,4,3,1,4,1,1,13,14
"4114",6,9,4,6,10,3,7,6,4,6,10,3,4,3,3,0,3,0,0,3,3,1,3,16,17
"4115",7,9,4,9,10,6,13,9,4,6,10,3,7,3,3,6,3,6,0,3,6,3,3,19,26
"4116",8,9,4,12,10,12,17,9,4,9,10,6,13,3,0,0,6,4,5,3,6,3,2,22,36
"4117",9,9,4,17,10,12,21,9,4,12,10,12,17,4,5,0,4,0,0,5,4,3,3,27,40
"4118",10,9,9,23,10,17,21,9,4,17,10,12,21,5,2,6,5,2,0,6,5,3,2,38,45
"4119",11,9,9,25,11,17,21,9,9,23,10,17,21,2,0,0,1,4,4,2,1,3,1,40,46
"4120",12,9,9,25,11,17,21,9,9,25,11,17,21,4,4,0,NA,0,0,0,0,0,0,40,46
"4121",0,0,0,0,0,0,0,0,0,0,0,0,0,0,0,0,0,0,0,0,0,0,0,0,0
"4122",1,5,1,1,6,1,1,1,1,1,1,1,1,4,5,4,5,4,0,4,5,1,1,4,5
"4123",2,5,5,1,6,5,1,5,1,1,6,1,1,4,0,0,1,4,2,4,4,2,2,8,9
"4124",3,7,5,1,7,5,1,5,5,1,6,5,1,1,2,0,1,0,0,2,1,1,1,10,10
"4125",4,7,10,1,7,5,4,7,5,1,7,5,1,5,3,1,3,1,0,5,3,2,3,15,13
"4126",5,7,11,1,13,6,4,7,10,1,7,5,4,1,0,0,1,6,5,1,6,2,1,16,20
"4127",6,12,11,1,13,6,5,7,11,1,13,6,4,1,5,0,1,0,0,5,1,1,3,21,21
"4128",7,12,11,6,13,6,9,12,11,1,13,6,5,5,1,4,1,4,0,5,4,3,3,26,25
"4129",8,12,12,6,19,6,14,12,11,6,13,6,9,1,0,0,4,6,6,1,6,2,1,27,36
"4130",9,12,16,12,19,10,14,12,12,6,19,6,14,4,6,0,4,0,0,6,4,3,2,37,40
"4131",10,14,16,12,19,10,16,12,16,12,19,10,14,2,2,1,2,1,0,2,2,1,3,39,42
"4132",11,14,16,13,21,10,16,14,16,12,19,10,16,1,0,0,2,2,2,1,2,3,1,40,44
"4133",12,14,16,13,21,10,16,14,16,13,21,10,16,2,2,0,NA,0,0,0,0,0,0,40,44
"4134",0,0,0,0,0,0,0,0,0,0,0,0,0,0,0,0,0,0,0,0,0,0,0,0,0
"4135",1,1,7,5,11,1,1,1,1,1,1,1,1,6,5,6,5,6,0,6,6,2,1,10,10
"4136",2,6,7,5,23,1,6,1,7,5,11,1,1,5,0,0,6,4,2,5,6,1,1,15,27
"4137",3,10,7,5,23,1,8,6,7,5,23,1,6,4,2,0,2,0,0,4,2,1,3,19,29
"4138",4,10,7,6,23,1,12,10,7,5,23,1,8,1,2,4,2,4,0,1,4,3,3,20,33
"4139",5,12,7,6,23,7,21,10,7,6,23,1,12,2,0,0,6,2,5,2,6,1,2,22,48
"4140",6,12,9,6,23,12,21,12,7,6,23,7,21,2,5,0,5,0,0,2,5,2,2,24,53
"4141",7,13,9,6,23,17,21,12,9,6,23,12,21,1,5,1,5,1,0,1,5,1,2,25,58
"4142",8,14,9,6,23,17,25,13,9,6,23,17,21,1,0,0,4,2,3,1,4,1,3,26,62
"4143",9,16,9,6,26,17,25,14,9,6,23,17,25,2,3,0,3,0,0,2,3,1,1,28,65
"4144",10,17,1,1,42,17,25,16,9,6,26,17,25,1,2,1,2,1,0,1,2,1,1,16,81
"4145",11,18,1,1,45,17,25,17,1,1,42,17,25,1,0,0,3,2,5,1,3,1,1,17,84
"4146",12,18,1,1,45,17,25,18,1,1,45,17,25,2,5,0,NA,0,0,0,0,0,0,17,84
"4147",0,0,0,0,0,0,0,0,0,0,0,0,0,0,0,0,0,0,0,0,0,0,0,0,0
"4148",1,8,1,1,1,8,1,1,1,1,1,1,1,1,6,6,1,6,0,6,6,1,2,7,7
"4149",2,8,2,1,1,10,1,8,1,1,1,8,1,1,0,0,4,2,2,1,2,2,2,8,9
"4150",3,8,6,1,1,10,3,8,2,1,1,10,1,4,2,0,2,0,0,4,2,2,3,12,11
"4151",4,8,11,1,1,16,4,8,6,1,1,10,3,4,6,5,4,6,0,5,6,2,2,17,18
"4152",5,12,11,1,1,16,9,8,11,1,1,16,4,4,0,0,5,1,2,4,5,1,3,21,23
"4153",6,12,13,1,1,17,9,12,11,1,1,16,9,1,2,0,1,0,0,2,1,2,2,23,24
"4154",7,12,13,11,1,21,9,12,13,1,1,17,9,2,6,4,2,4,0,6,4,3,2,33,28
"4155",8,14,13,11,1,21,11,12,13,11,1,21,9,2,0,0,3,1,2,2,2,1,3,35,30
"4156",9,17,13,11,1,22,11,14,13,11,1,21,11,3,1,0,1,0,0,3,1,1,2,38,31
"4157",10,17,18,11,6,22,11,17,13,11,1,22,11,3,5,5,3,5,0,5,5,2,1,43,36
"4158",11,17,21,11,10,22,11,17,18,11,6,22,11,3,0,0,4,3,3,3,4,2,1,46,40
"4159",12,17,21,11,10,22,11,17,21,11,10,22,11,3,3,0,NA,0,0,0,0,0,0,46,40
"4160",0,0,0,0,0,0,0,0,0,0,0,0,0,0,0,0,0,0,0,0,0,0,0,0,0
"4161",1,1,1,2,1,1,6,1,1,1,1,1,1,1,2,5,2,5,0,1,5,3,3,1,5
"4162",2,1,3,2,1,1,7,1,1,2,1,1,6,2,0,0,2,2,1,2,1,2,3,3,6
"4163",3,1,3,4,1,1,9,1,3,2,1,1,7,2,2,0,2,0,0,2,2,3,3,5,8
"4164",4,5,3,4,1,11,9,1,3,4,1,1,9,6,4,1,6,1,0,4,6,1,2,9,18
"4165",5,6,3,4,13,11,11,5,3,4,1,11,9,1,0,0,1,6,3,1,6,1,1,10,32
"4166",6,7,3,4,16,11,11,6,3,4,13,11,11,1,3,0,3,0,0,1,3,1,1,11,35
"4167",7,7,5,4,16,11,15,7,3,4,16,11,11,4,2,2,4,2,0,2,4,2,3,13,39
"4168",8,9,5,4,16,22,15,7,5,4,16,11,15,2,0,0,6,3,6,2,6,1,2,15,50
"4169",9,12,5,10,16,25,15,9,5,4,16,22,15,3,6,0,3,0,0,6,3,3,2,24,53
"4170",10,12,5,13,17,25,15,12,5,10,16,25,15,1,3,3,1,3,0,3,1,3,1,27,54
"4171",11,15,5,13,18,25,15,12,5,13,17,25,15,3,0,0,1,3,6,3,1,1,1,30,55
"4172",12,15,5,13,18,25,15,15,5,13,18,25,15,3,6,0,NA,0,0,0,0,0,0,30,55
"4173",0,0,0,0,0,0,0,0,0,0,0,0,0,0,0,0,0,0,0,0,0,0,0,0,0
"4174",1,1,2,7,1,1,4,1,1,1,1,1,1,6,2,3,2,3,0,6,3,3,3,7,3
"4175",2,1,4,7,11,1,4,1,2,7,1,1,4,2,0,0,1,6,6,2,6,2,1,9,13
"4176",3,1,10,11,11,2,4,1,4,7,11,1,4,1,6,0,1,0,0,6,1,2,2,19,14
"4177",4,5,10,11,16,2,4,1,10,11,11,2,4,1,4,5,1,5,0,4,5,1,1,23,19
"4178",5,5,10,12,20,2,4,5,10,11,16,2,4,1,0,0,4,2,1,1,4,3,1,24,23
"4179",6,5,12,12,20,3,4,5,10,12,20,2,4,2,1,0,1,0,0,2,1,2,2,26,24
"4180",7,11,17,12,20,7,4,5,12,12,20,3,4,6,3,4,3,4,0,6,4,1,2,37,28
"4181",8,11,17,15,20,7,8,11,17,12,20,7,4,3,0,0,4,3,1,3,4,3,3,40,32
"4182",9,11,17,18,20,8,8,11,17,15,20,7,8,3,1,0,1,0,0,3,1,3,2,43,33
"4183",10,13,17,18,27,8,8,11,17,18,20,8,8,2,1,6,1,6,0,2,6,1,1,45,40
"4184",11,14,17,18,32,8,8,13,17,18,27,8,8,1,0,0,5,5,4,1,5,1,1,46,45
"4185",12,14,17,18,32,8,8,14,17,18,32,8,8,5,4,0,NA,0,0,0,0,0,0,46,45
"4186",0,0,0,0,0,0,0,0,0,0,0,0,0,0,0,0,0,0,0,0,0,0,0,0,0
"4187",1,1,1,5,5,1,1,1,1,1,1,1,1,4,3,4,3,4,0,4,4,3,1,4,4
"4188",2,1,1,8,5,3,1,1,1,5,5,1,1,3,0,0,3,1,2,3,2,3,2,7,6
"4189",3,1,4,8,5,3,2,1,1,8,5,3,1,3,1,0,1,0,0,3,1,2,3,10,7
"4190",4,1,15,8,5,8,2,1,4,8,5,3,2,5,6,3,5,3,0,6,5,2,2,21,12
"4191",5,1,15,11,5,8,5,1,15,8,5,8,2,3,0,0,3,3,5,3,3,3,3,24,15
"4192",6,1,18,11,5,13,5,1,15,11,5,8,5,3,5,0,5,0,0,3,5,2,2,27,20
"4193",7,6,18,11,5,13,8,1,18,11,5,13,5,5,3,2,3,2,0,5,3,1,3,32,23
"4194",8,8,18,11,10,13,8,6,18,11,5,13,8,2,0,0,1,5,5,2,5,1,1,34,28
"4195",9,13,18,11,10,13,9,8,18,11,10,13,8,1,5,0,1,0,0,5,1,1,3,39,29
"4196",10,13,25,11,10,13,14,13,18,11,10,13,9,6,5,2,5,2,0,6,5,2,3,46,34
"4197",11,15,25,11,10,13,18,13,25,11,10,13,14,2,0,0,6,4,2,2,4,1,3,48,38
"4198",12,15,25,11,10,13,18,15,25,11,10,13,18,6,2,0,NA,0,0,0,0,0,0,48,38
"4199",0,0,0,0,0,0,0,0,0,0,0,0,0,0,0,0,0,0,0,0,0,0,0,0,0
"4200",1,3,1,1,1,8,1,1,1,1,1,1,1,2,6,6,6,6,0,2,6,1,2,2,7
"4201",2,3,10,1,1,8,6,3,1,1,1,8,1,6,0,0,5,5,4,6,5,2,3,11,12
"4202",3,3,10,6,5,8,6,3,10,1,1,8,6,5,4,0,4,0,0,5,4,3,1,16,16
"4203",4,4,10,6,5,8,16,3,10,6,5,8,6,6,1,1,6,1,0,1,6,1,3,17,26
"4204",5,5,10,6,11,13,16,4,10,6,5,8,16,1,0,0,4,3,6,1,6,1,1,18,37
"4205",6,8,10,6,15,13,16,5,10,6,11,13,16,4,3,0,4,0,0,3,4,1,1,21,41
"4206",7,12,10,6,15,18,16,8,10,6,15,13,16,4,2,5,2,5,0,4,5,1,2,25,46
"4207",8,12,10,8,26,18,16,12,10,6,15,18,16,2,0,0,5,6,2,2,6,3,1,27,57
"4208",9,17,10,8,26,20,16,12,10,8,26,18,16,5,2,0,2,0,0,5,2,1,2,32,59
"4209",10,17,12,8,27,20,16,17,10,8,26,20,16,2,1,2,1,2,0,2,1,2,1,34,60
"4210",11,19,12,8,27,23,16,17,12,8,27,20,16,2,0,0,3,3,6,2,3,1,2,36,63
"4211",12,19,12,8,27,23,16,19,12,8,27,23,16,3,6,0,NA,0,0,0,0,0,0,36,63
"4212",0,0,0,0,0,0,0,0,0,0,0,0,0,0,0,0,0,0,0,0,0,0,0,0,0
"4213",1,2,1,1,1,5,1,1,1,1,1,1,1,1,1,4,1,4,0,1,4,1,2,1,4
"4214",2,2,1,2,1,9,1,2,1,1,1,5,1,1,0,0,3,1,4,1,4,3,2,2,8
"4215",3,2,4,2,1,10,1,2,1,2,1,9,1,3,1,0,1,0,0,3,1,2,2,5,9
"4216",4,6,4,2,4,10,1,2,4,2,1,10,1,3,3,4,3,3,0,4,3,1,1,9,12
"4217",5,6,7,2,4,10,3,6,4,2,4,10,1,3,0,0,2,3,2,3,2,2,3,12,14
"4218",6,6,7,4,4,13,3,6,7,2,4,10,3,3,2,0,3,0,0,2,3,3,2,14,17
"4219",7,10,7,10,4,14,3,6,7,4,4,13,3,1,6,1,1,1,0,6,1,3,2,24,18
"4220",8,10,7,11,4,18,3,10,7,10,4,14,3,1,0,0,2,1,4,1,4,3,2,25,22
"4221",9,10,7,13,5,18,3,10,7,11,4,18,3,2,1,0,1,0,0,2,1,3,1,27,23
"4222",10,13,7,13,5,22,3,10,7,13,5,18,3,1,4,3,1,4,0,3,4,1,2,30,27
"4223",11,13,8,13,5,27,3,13,7,13,5,22,3,1,0,0,5,5,4,1,5,2,2,31,32
"4224",12,13,8,13,5,27,3,13,8,13,5,27,3,5,4,0,NA,0,0,0,0,0,0,31,32
"4225",0,0,0,0,0,0,0,0,0,0,0,0,0,0,0,0,0,0,0,0,0,0,0,0,0
"4226",1,1,1,6,6,1,1,1,1,1,1,1,1,5,5,5,5,5,0,5,5,3,1,5,5
"4227",2,6,1,6,11,1,1,1,1,6,6,1,1,5,0,0,1,5,1,5,5,1,1,10,10
"4228",3,6,2,6,12,1,1,6,1,6,11,1,1,1,1,0,1,0,0,1,1,2,1,11,11
"4229",4,9,2,6,16,1,1,6,2,6,12,1,1,3,3,4,3,4,0,3,4,1,1,14,15
"4230",5,9,5,6,16,1,9,9,2,6,16,1,1,3,0,0,6,5,5,3,6,2,3,17,23
"4231",6,9,5,11,16,1,14,9,5,6,16,1,9,5,5,0,5,0,0,5,5,3,3,22,28
"4232",7,15,10,11,16,1,19,9,5,11,16,1,14,1,5,6,1,5,0,6,5,1,3,33,33
"4233",8,15,11,11,21,1,19,15,10,11,16,1,19,1,0,0,5,3,1,1,5,2,1,34,38
"4234",9,15,11,14,21,1,20,15,11,11,21,1,19,3,1,0,1,0,0,3,1,3,3,37,39
"4235",10,15,16,14,21,1,22,15,11,14,21,1,20,5,1,2,1,2,0,5,2,2,3,42,41
"4236",11,15,16,15,24,1,22,15,16,14,21,1,22,1,0,0,1,3,1,1,3,3,1,43,44
"4237",12,15,16,15,24,1,22,15,16,15,24,1,22,1,1,0,NA,0,0,0,0,0,0,43,44
"4238",0,0,0,0,0,0,0,0,0,0,0,0,0,0,0,0,0,0,0,0,0,0,0,0,0
"4239",1,8,1,1,1,1,2,1,1,1,1,1,1,3,6,1,3,1,0,6,1,1,3,7,1
"4240",2,8,4,1,1,5,2,8,1,1,1,1,2,3,0,0,2,1,4,3,4,2,2,10,5
"4241",3,10,4,1,2,5,2,8,4,1,1,5,2,2,1,0,1,0,0,2,1,1,1,12,6
"4242",4,10,7,7,2,10,2,10,4,1,2,5,2,6,1,5,1,5,0,6,5,3,2,21,11
"4243",5,10,8,7,4,10,2,10,7,7,2,10,2,1,0,0,1,2,2,1,2,2,1,22,13
"4244",6,11,8,7,4,10,4,10,8,7,4,10,2,1,2,0,2,0,0,1,2,1,3,23,15
"4245",7,16,8,13,4,10,7,11,8,7,4,10,4,3,3,6,3,3,0,6,3,3,3,34,18
"4246",8,19,8,13,4,10,12,16,8,13,4,10,7,3,0,0,4,5,6,3,5,1,3,37,23
"4247",9,19,8,17,4,10,23,19,8,13,4,10,12,4,6,0,6,0,0,4,6,3,3,41,34
"4248",10,19,13,17,4,10,24,19,8,17,4,10,23,1,5,1,1,1,0,5,1,2,3,46,35
"4249",11,20,13,17,5,10,24,19,13,17,4,10,24,1,0,0,1,1,4,1,1,1,1,47,36
"4250",12,20,13,17,5,10,24,20,13,17,5,10,24,1,4,0,NA,0,0,0,0,0,0,47,36
"4251",0,0,0,0,0,0,0,0,0,0,0,0,0,0,0,0,0,0,0,0,0,0,0,0,0
"4252",1,3,1,1,1,2,1,1,1,1,1,1,1,1,1,2,1,1,0,2,1,1,2,2,1
"4253",2,4,1,1,1,2,6,3,1,1,1,2,1,1,0,0,5,1,3,1,5,1,3,3,6
"4254",3,4,4,1,2,2,6,4,1,1,1,2,6,1,3,0,1,0,0,3,1,2,1,6,7
"4255",4,9,4,1,7,2,6,4,4,1,2,2,6,5,5,1,5,1,0,5,5,1,1,11,12
"4256",5,9,4,2,7,2,10,9,4,1,7,2,6,1,0,0,1,4,2,1,4,3,3,12,16
"4257",6,9,4,3,7,4,10,9,4,2,7,2,10,1,2,0,2,0,0,1,2,3,2,13,18
"4258",7,15,10,8,13,4,13,9,4,3,7,4,10,2,6,6,2,6,0,6,6,2,1,30,27
"4259",8,15,12,8,13,8,13,15,10,8,13,4,13,2,0,0,4,4,1,2,4,2,2,32,31
"4260",9,15,16,8,14,8,13,15,12,8,13,8,13,4,1,0,1,0,0,4,1,2,1,36,32
"4261",10,15,16,12,16,8,13,15,16,8,14,8,13,2,1,4,2,1,0,4,2,3,1,40,34
"4262",11,16,16,12,19,8,13,15,16,12,16,8,13,1,0,0,3,1,4,1,3,1,1,41,37
"4263",12,16,16,12,19,8,13,16,16,12,19,8,13,1,4,0,NA,0,0,0,0,0,0,41,37
"4264",0,0,0,0,0,0,0,0,0,0,0,0,0,0,0,0,0,0,0,0,0,0,0,0,0
"4265",1,6,1,1,9,1,1,1,1,1,1,1,1,5,3,6,3,6,0,5,6,1,1,5,8
"4266",2,9,1,1,9,4,7,6,1,1,9,1,1,3,0,0,5,1,6,3,6,1,3,8,17
"4267",3,14,1,1,9,4,8,9,1,1,9,4,7,5,1,0,1,0,0,5,1,1,3,13,18
"4268",4,14,3,7,12,4,14,14,1,1,9,4,8,6,3,6,3,6,0,6,6,3,3,21,27
"4269",5,14,6,7,12,9,14,14,3,7,12,4,14,3,0,0,5,1,5,3,5,2,2,24,32
"4270",6,15,6,7,12,14,14,14,6,7,12,9,14,1,5,0,5,0,0,1,5,1,2,25,37
"4271",7,15,6,9,14,14,20,15,6,7,12,14,14,2,6,2,6,2,0,2,6,3,3,27,45
"4272",8,17,6,9,17,14,20,15,6,9,14,14,20,2,0,0,3,5,3,2,3,1,1,29,48
"4273",9,17,6,14,17,14,23,17,6,9,17,14,20,5,3,0,3,0,0,5,3,3,3,34,51
"4274",10,17,11,14,21,14,23,17,6,14,17,14,23,4,1,5,4,1,0,5,4,2,1,39,55
"4275",11,18,11,14,23,14,23,17,11,14,21,14,23,1,0,0,2,3,4,1,2,1,1,40,57
"4276",12,18,11,14,23,14,23,18,11,14,23,14,23,3,4,0,NA,0,0,0,0,0,0,40,57
"4277",0,0,0,0,0,0,0,0,0,0,0,0,0,0,0,0,0,0,0,0,0,0,0,0,0
"4278",1,5,1,1,6,1,1,1,1,1,1,1,1,4,5,3,5,3,0,4,5,1,1,4,5
"4279",2,5,4,1,6,1,5,5,1,1,6,1,1,3,0,0,2,4,3,3,4,2,3,7,9
"4280",3,8,4,1,6,1,7,5,4,1,6,1,5,2,3,0,2,0,0,3,2,1,3,10,11
"4281",4,8,4,3,6,4,7,8,4,1,6,1,7,2,3,3,3,3,0,2,3,3,2,12,14
"4282",5,8,4,6,6,16,11,8,4,3,6,4,7,3,0,0,6,6,6,3,6,3,2,15,30
"4283",6,11,4,12,11,16,17,8,4,6,6,16,11,6,6,0,6,0,0,6,6,3,3,24,41
"4284",7,12,4,12,11,16,18,11,4,12,11,16,17,1,1,3,1,3,0,1,1,1,3,25,42
"4285",8,12,7,12,11,19,18,12,4,12,11,16,18,3,0,0,6,3,6,3,3,2,2,28,45
"4286",9,18,10,12,11,19,25,12,7,12,11,19,18,6,6,0,6,0,0,6,6,1,3,37,52
"4287",10,20,10,12,11,19,27,18,10,12,11,19,25,2,2,1,2,1,0,2,2,1,3,39,54
"4288",11,21,10,12,12,19,27,20,10,12,11,19,27,1,0,0,1,6,5,1,1,1,1,40,55
"4289",12,21,10,12,12,19,27,21,10,12,12,19,27,6,5,0,NA,0,0,0,0,0,0,40,55
"4290",0,0,0,0,0,0,0,0,0,0,0,0,0,0,0,0,0,0,0,0,0,0,0,0,0
"4291",1,1,6,1,5,1,1,1,1,1,1,1,1,2,5,4,2,4,0,5,4,2,1,5,4
"4292",2,1,8,1,9,1,7,1,6,1,5,1,1,2,0,0,6,1,2,2,6,2,3,7,14
"4293",3,1,10,1,9,1,8,1,8,1,9,1,7,1,2,0,1,0,0,2,1,2,3,9,15
"4294",4,8,10,1,12,1,8,1,10,1,9,1,8,6,1,3,1,3,0,6,3,1,1,16,18
"4295",5,9,10,1,12,4,8,8,10,1,12,1,8,1,0,0,1,3,1,1,3,1,2,17,21
"4296",6,10,10,1,12,5,8,9,10,1,12,4,8,1,1,0,1,0,0,1,1,1,2,18,22
"4297",7,13,10,1,12,9,8,10,10,1,12,5,8,3,4,3,4,3,0,3,4,1,2,21,26
"4298",8,16,10,1,18,17,8,13,10,1,12,9,8,3,0,0,4,4,6,3,6,1,2,24,40
"4299",9,20,10,1,18,17,12,16,10,1,18,17,8,4,4,0,4,0,0,4,4,1,3,28,44
"4300",10,25,10,1,23,17,18,20,10,1,18,17,12,6,3,5,6,3,0,5,6,1,3,33,55
"4301",11,28,10,1,26,17,18,25,10,1,23,17,18,3,0,0,3,5,1,3,3,1,1,36,58
"4302",12,28,10,1,26,17,18,28,10,1,26,17,18,5,1,0,NA,0,0,0,0,0,0,36,58
"4303",0,0,0,0,0,0,0,0,0,0,0,0,0,0,0,0,0,0,0,0,0,0,0,0,0
"4304",1,3,1,7,5,1,1,1,1,1,1,1,1,6,4,1,4,1,0,6,4,3,1,8,4
"4305",2,3,2,7,11,7,4,3,1,7,5,1,1,1,0,0,2,6,6,1,6,2,2,9,19
"4306",3,9,2,8,13,7,4,3,2,7,11,7,4,2,6,0,2,0,0,6,2,1,1,16,21
"4307",4,12,2,8,13,7,5,9,2,8,13,7,4,3,1,1,1,1,0,3,1,1,3,19,22
"4308",5,12,2,9,13,11,5,12,2,8,13,7,5,1,0,0,4,3,4,1,4,3,2,20,26
"4309",6,16,2,9,16,11,5,12,2,9,13,11,5,3,4,0,3,0,0,4,3,1,1,24,29
"4310",7,16,5,9,21,11,5,16,2,9,16,11,5,3,5,4,5,4,0,3,5,2,1,27,34
"4311",8,16,5,13,21,11,15,16,5,9,21,11,5,4,0,0,5,6,2,4,6,3,3,31,44
"4312",9,16,5,18,21,11,17,16,5,13,21,11,15,5,2,0,2,0,0,5,2,3,3,36,46
"4313",10,16,5,23,21,16,17,16,5,18,21,11,17,5,5,5,5,5,0,5,5,3,2,41,51
"4314",11,16,5,28,25,16,17,16,5,23,21,16,17,5,0,0,4,3,5,5,4,3,1,46,55
"4315",12,16,5,28,25,16,17,16,5,28,25,16,17,3,5,0,NA,0,0,0,0,0,0,46,55
"4316",0,0,0,0,0,0,0,0,0,0,0,0,0,0,0,0,0,0,0,0,0,0,0,0,0
"4317",1,1,1,3,1,7,5,1,1,1,1,1,1,2,5,6,5,6,0,2,6,3,2,2,10
"4318",2,1,1,8,1,7,7,1,1,3,1,7,5,5,0,0,2,2,3,5,2,3,3,7,12
"4319",3,3,1,8,4,7,7,1,1,8,1,7,7,2,3,0,3,0,0,2,3,1,1,9,15
"4320",4,3,4,8,4,7,9,3,1,8,4,7,7,2,1,3,2,1,0,3,2,2,3,12,17
"4321",5,4,4,8,9,7,9,3,4,8,4,7,9,1,0,0,4,1,5,1,5,1,1,13,22
"4322",6,4,8,8,9,7,10,4,4,8,9,7,9,4,1,0,1,0,0,4,1,2,3,17,23
"4323",7,4,10,8,9,9,10,4,8,8,9,7,10,2,2,1,2,1,0,2,2,2,2,19,25
"4324",8,5,10,8,12,9,10,4,10,8,9,9,10,1,0,0,2,3,4,1,3,1,1,20,28
"4325",9,5,12,8,16,9,10,5,10,8,12,9,10,2,4,0,4,0,0,2,4,2,1,22,32
"4326",10,5,12,10,21,9,10,5,12,8,16,9,10,2,5,1,5,1,0,2,5,3,1,24,37
"4327",11,5,13,10,26,9,10,5,12,10,21,9,10,1,0,0,5,1,4,1,5,2,1,25,42
"4328",12,5,13,10,26,9,10,5,13,10,26,9,10,1,4,0,NA,0,0,0,0,0,0,25,42
"4329",0,0,0,0,0,0,0,0,0,0,0,0,0,0,0,0,0,0,0,0,0,0,0,0,0
"4330",1,1,1,4,1,6,1,1,1,1,1,1,1,3,5,5,5,5,0,3,5,3,2,3,5
"4331",2,1,1,9,1,12,3,1,1,4,1,6,1,5,0,0,6,2,4,5,6,3,2,8,13
"4332",3,1,5,9,3,12,3,1,1,9,1,12,3,2,4,0,2,0,0,4,2,2,1,12,15
"4333",4,6,5,9,3,13,3,1,5,9,3,12,3,5,1,1,1,1,0,5,1,1,2,17,16
"4334",5,6,6,9,3,17,3,6,5,9,3,13,3,1,0,0,1,2,4,1,4,2,2,18,20
"4335",6,6,7,9,3,17,5,6,6,9,3,17,3,1,2,0,2,0,0,1,2,2,3,19,22
"4336",7,8,7,9,3,20,5,6,7,9,3,17,5,3,2,2,3,2,0,2,3,1,2,21,25
"4337",8,10,7,9,9,20,11,8,7,9,3,20,5,2,0,0,5,1,6,2,6,1,3,23,37
"4338",9,10,12,9,9,21,11,10,7,9,9,20,11,5,1,0,1,0,0,5,1,2,2,28,38
"4339",10,10,12,14,11,21,17,10,12,9,9,21,11,5,1,6,1,6,0,5,6,3,3,33,46
"4340",11,11,12,14,14,21,17,10,12,14,11,21,17,1,0,0,3,5,6,1,3,1,1,34,49
"4341",12,11,12,14,14,21,17,11,12,14,14,21,17,5,6,0,NA,0,0,0,0,0,0,34,49
"4342",0,0,0,0,0,0,0,0,0,0,0,0,0,0,0,0,0,0,0,0,0,0,0,0,0
"4343",1,1,1,8,1,1,6,1,1,1,1,1,1,3,6,5,3,5,0,6,5,3,3,7,5
"4344",2,1,1,11,7,7,10,1,1,8,1,1,6,3,0,0,5,6,1,3,6,3,2,10,21
"4345",3,1,6,11,7,7,11,1,1,11,7,7,10,5,1,0,1,0,0,5,1,2,3,15,22
"4346",4,10,12,11,11,7,11,1,6,11,7,7,11,6,3,4,3,4,0,6,4,2,1,30,26
"4347",5,10,15,11,11,7,18,10,12,11,11,7,11,3,0,0,6,2,2,3,6,2,3,33,33
"4348",6,10,15,13,11,7,20,10,15,11,11,7,18,2,2,0,2,0,0,2,2,3,3,35,35
"4349",7,10,20,13,11,12,20,10,15,13,11,7,20,5,5,2,5,2,0,5,5,2,2,40,40
"4350",8,12,20,13,17,12,23,10,20,13,11,12,20,2,0,0,4,3,6,2,6,1,1,42,49
"4351",9,12,24,13,20,12,23,12,20,13,17,12,23,4,3,0,3,0,0,4,3,2,1,46,52
"4352",10,12,24,17,26,17,29,12,24,13,20,12,23,4,3,6,3,6,0,4,6,3,3,50,69
"4353",11,12,24,20,27,17,29,12,24,17,26,17,29,3,0,0,1,3,5,3,1,3,1,53,70
"4354",12,12,24,20,27,17,29,12,24,20,27,17,29,3,5,0,NA,0,0,0,0,0,0,53,70
"4355",0,0,0,0,0,0,0,0,0,0,0,0,0,0,0,0,0,0,0,0,0,0,0,0,0
"4356",1,3,1,1,6,1,1,1,1,1,1,1,1,4,2,5,4,5,0,2,5,1,1,2,5
"4357",2,7,1,1,10,1,1,3,1,1,6,1,1,4,0,0,4,4,4,4,4,1,1,6,9
"4358",3,11,1,1,10,1,5,7,1,1,10,1,1,4,4,0,4,0,0,4,4,1,3,10,13
"4359",4,13,1,7,10,1,10,11,1,1,10,1,5,5,2,6,5,2,0,6,5,3,3,18,18
"4360",5,13,1,9,10,5,10,13,1,7,10,1,10,2,0,0,3,4,4,2,4,3,2,20,22
"4361",6,13,5,9,10,8,10,13,1,9,10,5,10,3,4,0,3,0,0,4,3,2,2,24,25
"4362",7,18,5,9,15,8,10,13,5,9,10,8,10,5,1,5,1,5,0,5,5,1,1,29,30
"4363",8,18,5,10,21,12,10,18,5,9,15,8,10,1,0,0,1,6,3,1,6,3,1,30,40
"4364",9,21,5,10,21,13,10,18,5,10,21,12,10,1,3,0,1,0,0,3,1,1,2,33,41
"4365",10,21,8,10,26,13,10,21,5,10,21,13,10,2,3,5,2,5,0,3,5,2,1,36,46
"4366",11,23,8,10,28,13,10,21,8,10,26,13,10,2,0,0,2,4,5,2,2,1,1,38,48
"4367",12,23,8,10,28,13,10,23,8,10,28,13,10,4,5,0,NA,0,0,0,0,0,0,38,48
"4368",0,0,0,0,0,0,0,0,0,0,0,0,0,0,0,0,0,0,0,0,0,0,0,0,0
"4369",1,1,1,4,1,3,1,1,1,1,1,1,1,2,3,1,2,1,0,3,2,3,2,3,2
"4370",2,2,1,4,5,3,1,1,1,4,1,3,1,1,0,0,4,3,1,1,4,1,1,4,6
"4371",3,5,1,4,5,3,2,2,1,4,5,3,1,3,1,0,1,0,0,3,1,1,3,7,7
"4372",4,5,4,4,8,3,2,5,1,4,5,3,2,2,3,3,2,3,0,3,3,2,1,10,10
"4373",5,5,4,6,11,3,2,5,4,4,8,3,2,2,0,0,3,2,1,2,3,3,1,12,13
"4374",6,7,4,6,11,3,3,5,4,6,11,3,2,2,1,0,1,0,0,2,1,1,3,14,14
"4375",7,11,4,6,15,3,3,7,4,6,11,3,3,4,4,3,4,3,0,4,4,1,1,18,18
"4376",8,11,4,9,15,9,7,11,4,6,15,3,3,3,0,0,4,3,6,3,6,3,2,21,28
"4377",9,14,4,9,15,13,7,11,4,9,15,9,7,4,3,0,4,0,0,3,4,1,2,24,32
"4378",10,17,4,9,21,18,7,14,4,9,15,13,7,6,2,3,6,2,0,3,6,1,1,27,43
"4379",11,19,4,9,22,18,7,17,4,9,21,18,7,2,0,0,1,2,5,2,1,1,1,29,44
"4380",12,19,4,9,22,18,7,19,4,9,22,18,7,2,5,0,NA,0,0,0,0,0,0,29,44
"4381",0,0,0,0,0,0,0,0,0,0,0,0,0,0,0,0,0,0,0,0,0,0,0,0,0
"4382",1,1,5,1,1,2,1,1,1,1,1,1,1,1,4,1,1,1,0,4,1,2,2,4,1
"4383",2,2,5,1,11,2,1,1,5,1,1,2,1,1,0,0,1,6,4,1,6,1,1,5,11
"4384",3,2,9,1,12,2,1,2,5,1,11,2,1,1,4,0,1,0,0,4,1,2,1,9,12
"4385",4,5,9,1,12,12,1,2,9,1,12,2,1,3,1,6,1,6,0,3,6,1,2,12,22
"4386",5,6,9,1,17,12,7,5,9,1,12,12,1,1,0,0,6,2,1,1,6,1,3,13,33
"4387",6,6,9,2,17,12,9,6,9,1,17,12,7,2,1,0,2,0,0,1,2,3,3,14,35
"4388",7,6,11,2,17,12,14,6,9,2,17,12,9,3,2,5,3,5,0,2,5,2,3,16,40
"4389",8,9,11,2,17,16,14,6,11,2,17,12,14,3,0,0,4,3,3,3,4,1,2,19,44
"4390",9,12,11,2,17,16,17,9,11,2,17,16,14,3,3,0,3,0,0,3,3,1,3,22,47
"4391",10,14,11,2,21,16,17,12,11,2,17,16,17,2,4,5,4,5,0,2,4,1,1,24,51
"4392",11,19,11,2,23,16,17,14,11,2,21,16,17,5,0,0,2,6,2,5,2,1,1,29,53
"4393",12,19,11,2,23,16,17,19,11,2,23,16,17,6,2,0,NA,0,0,0,0,0,0,29,53
"4394",0,0,0,0,0,0,0,0,0,0,0,0,0,0,0,0,0,0,0,0,0,0,0,0,0
"4395",1,4,1,1,1,1,3,1,1,1,1,1,1,1,2,3,1,2,0,3,2,1,3,3,2
"4396",2,4,1,2,1,3,9,4,1,1,1,1,3,1,0,0,6,4,4,1,6,3,3,4,10
"4397",3,8,1,2,5,3,9,4,1,2,1,3,9,4,4,0,4,0,0,4,4,1,1,8,14
"4398",4,12,1,2,5,3,11,8,1,2,5,3,9,4,1,2,1,2,0,4,2,1,3,12,16
"4399",5,13,1,2,13,9,11,12,1,2,5,3,11,1,0,0,6,6,5,1,6,1,2,13,30
"4400",6,15,7,2,13,14,11,13,1,2,13,9,11,6,5,0,5,0,0,6,5,2,2,21,35
"4401",7,16,7,2,13,14,16,15,7,2,13,14,11,3,1,5,3,5,0,1,5,1,3,22,40
"4402",8,19,7,2,13,14,18,16,7,2,13,14,16,3,0,0,2,4,1,3,2,1,3,25,42
"4403",9,19,8,2,13,18,18,19,7,2,13,14,18,4,1,0,4,0,0,1,4,2,2,26,46
"4404",10,19,8,4,21,18,18,19,8,2,13,18,18,6,2,3,6,3,0,2,6,3,1,28,54
"4405",11,22,8,4,24,18,18,19,8,4,21,18,18,3,0,0,3,3,3,3,3,1,1,31,57
"4406",12,22,8,4,24,18,18,22,8,4,24,18,18,3,3,0,NA,0,0,0,0,0,0,31,57
"4407",0,0,0,0,0,0,0,0,0,0,0,0,0,0,0,0,0,0,0,0,0,0,0,0,0
"4408",1,4,1,7,7,1,3,1,1,1,1,1,1,3,6,6,3,6,0,6,6,3,1,9,8
"4409",2,4,1,10,7,1,10,4,1,7,7,1,3,3,0,0,1,6,6,3,6,3,3,12,15
"4410",3,7,1,16,7,1,11,4,1,10,7,1,10,1,6,0,1,0,0,6,1,3,3,21,16
"4411",4,9,1,16,7,1,13,7,1,16,7,1,11,2,2,3,2,3,0,2,2,1,3,23,18
"4412",5,9,4,16,7,1,21,9,1,16,7,1,13,3,0,0,6,6,5,3,6,2,3,26,26
"4413",6,9,9,16,13,6,27,9,4,16,7,1,21,6,5,0,6,0,0,5,6,2,1,31,43
"4414",7,9,14,16,13,6,29,9,9,16,13,6,27,5,1,2,1,2,0,5,2,2,3,36,45
"4415",8,10,14,16,19,10,29,9,14,16,13,6,29,1,0,0,6,6,4,1,6,1,1,37,55
"4416",9,10,18,16,25,15,29,10,14,16,19,10,29,6,4,0,6,0,0,4,6,2,1,41,66
"4417",10,10,19,16,25,16,29,10,18,16,25,15,29,1,1,1,1,1,0,1,1,2,2,42,67
"4418",11,11,19,16,29,16,29,10,19,16,25,16,29,1,0,0,4,4,2,1,4,1,1,43,71
"4419",12,11,19,16,29,16,29,11,19,16,29,16,29,4,2,0,NA,0,0,0,0,0,0,43,71
"4420",0,0,0,0,0,0,0,0,0,0,0,0,0,0,0,0,0,0,0,0,0,0,0,0,0
"4421",1,1,1,5,7,1,6,1,1,1,1,1,1,4,2,6,2,6,0,4,6,3,1,4,11
"4422",2,1,3,5,10,7,12,1,1,5,7,1,6,2,0,0,6,2,3,2,6,2,2,6,26
"4423",3,1,5,5,13,7,12,1,3,5,10,7,12,2,3,0,3,0,0,2,3,2,1,8,29
"4424",4,1,5,9,13,8,12,1,5,5,13,7,12,4,2,1,2,1,0,4,1,3,2,12,30
"4425",5,1,5,11,13,13,12,1,5,9,13,8,12,2,0,0,5,5,3,2,5,3,2,14,35
"4426",6,1,5,14,13,18,12,1,5,11,13,13,12,5,3,0,5,0,0,3,5,3,2,17,40
"4427",7,1,8,14,13,19,18,1,5,14,13,18,12,6,4,3,6,4,0,3,6,2,3,20,47
"4428",8,5,8,14,19,20,18,1,8,14,13,19,18,4,0,0,2,1,6,4,6,1,1,24,54
"4429",9,7,8,14,19,20,19,5,8,14,19,20,18,2,1,0,1,0,0,2,1,1,3,26,55
"4430",10,11,8,14,23,20,19,7,8,14,19,20,19,4,4,6,4,6,0,4,4,1,1,30,59
"4431",11,20,8,14,31,20,19,11,8,14,23,20,19,6,0,0,6,2,6,6,6,1,1,39,67
"4432",12,20,8,14,31,20,19,20,8,14,31,20,19,2,6,0,NA,0,0,0,0,0,0,39,67
"4433",0,0,0,0,0,0,0,0,0,0,0,0,0,0,0,0,0,0,0,0,0,0,0,0,0
"4434",1,4,1,1,5,1,1,1,1,1,1,1,1,4,4,3,4,4,0,3,4,1,1,3,4
"4435",2,8,1,1,5,6,1,4,1,1,5,1,1,4,0,0,4,5,1,4,5,1,2,7,9
"4436",3,8,5,1,5,6,2,8,1,1,5,6,1,4,1,0,1,0,0,4,1,2,3,11,10
"4437",4,8,7,1,5,6,4,8,5,1,5,6,2,2,2,1,2,1,0,2,2,2,3,13,12
"4438",5,8,8,1,5,6,9,8,7,1,5,6,4,1,0,0,4,5,1,1,5,2,3,14,17
"4439",6,12,8,1,6,6,9,8,8,1,5,6,9,4,1,0,1,0,0,4,1,1,1,18,18
"4440",7,12,8,2,6,9,9,12,8,1,6,6,9,3,1,1,3,1,0,1,3,3,2,19,21
"4441",8,13,8,2,11,9,9,12,8,2,6,9,9,1,0,0,5,5,3,1,5,1,1,20,26
"4442",9,13,8,7,11,9,12,13,8,2,11,9,9,5,3,0,3,0,0,5,3,3,3,25,29
"4443",10,13,11,7,11,9,16,13,8,7,11,9,12,3,4,2,4,2,0,3,4,2,3,28,33
"4444",11,15,11,7,26,9,16,13,11,7,11,9,16,2,0,0,5,6,1,2,6,1,1,30,48
"4445",12,15,11,7,26,9,16,15,11,7,26,9,16,5,1,0,NA,0,0,0,0,0,0,30,48
"4446",0,0,0,0,0,0,0,0,0,0,0,0,0,0,0,0,0,0,0,0,0,0,0,0,0
"4447",1,1,5,1,5,1,1,1,1,1,1,1,1,1,4,4,1,4,0,4,4,2,1,4,4
"4448",2,2,5,1,5,1,10,1,5,1,5,1,1,1,0,0,3,6,5,1,6,1,3,5,13
"4449",3,7,5,1,5,4,10,2,5,1,5,1,10,3,5,0,3,0,0,5,3,1,2,10,16
"4450",4,7,8,7,5,10,14,7,5,1,5,4,10,5,6,6,5,6,0,6,6,3,2,19,26
"4451",5,7,13,7,10,10,14,7,8,7,5,10,14,5,0,0,1,5,5,5,5,2,1,24,31
"4452",6,7,18,7,10,10,15,7,13,7,10,10,14,1,5,0,1,0,0,5,1,2,3,29,32
"4453",7,7,18,12,13,10,15,7,18,7,10,10,15,3,3,5,3,3,0,5,3,3,1,34,35
"4454",8,7,18,15,17,10,15,7,18,12,13,10,15,3,0,0,4,1,3,3,4,3,1,37,39
"4455",9,8,18,15,17,13,15,7,18,15,17,10,15,1,3,0,3,0,0,1,3,1,2,38,42
"4456",10,11,18,15,17,15,15,8,18,15,17,13,15,3,1,2,1,2,0,3,2,1,2,41,44
"4457",11,11,18,16,21,15,15,11,18,15,17,15,15,1,0,0,4,5,5,1,4,3,1,42,48
"4458",12,11,18,16,21,15,15,11,18,16,21,15,15,5,5,0,NA,0,0,0,0,0,0,42,48
"4459",0,0,0,0,0,0,0,0,0,0,0,0,0,0,0,0,0,0,0,0,0,0,0,0,0
"4460",1,1,1,8,1,1,11,1,1,1,1,1,1,6,4,6,4,6,0,6,6,3,3,7,10
"4461",2,5,1,8,6,1,11,1,1,8,1,1,11,4,0,0,4,5,3,4,5,1,1,11,15
"4462",3,5,4,8,6,5,11,5,1,8,6,1,11,4,3,0,4,0,0,3,4,2,2,14,19
"4463",4,5,4,10,6,9,11,5,4,8,6,5,11,4,1,2,4,1,0,2,4,3,2,16,23
"4464",5,6,4,10,10,9,11,5,4,10,6,9,11,1,0,0,5,4,4,1,4,1,1,17,27
"4465",6,6,4,14,15,9,11,6,4,10,10,9,11,5,4,0,5,0,0,4,5,3,1,21,32
"4466",7,6,4,18,15,14,11,6,4,14,15,9,11,4,5,4,5,4,0,4,5,3,2,25,37
"4467",8,6,4,22,15,14,12,6,4,18,15,14,11,4,0,0,1,2,1,4,1,3,3,29,38
"4468",9,6,4,24,15,15,12,6,4,22,15,14,12,2,1,0,1,0,0,2,1,3,2,31,39
"4469",10,6,4,28,15,19,12,6,4,24,15,15,12,4,3,4,3,4,0,4,4,3,2,35,43
"4470",11,9,4,28,24,19,12,6,4,28,15,19,12,3,0,0,4,6,3,3,6,1,1,38,52
"4471",12,9,4,28,24,19,12,9,4,28,24,19,12,4,3,0,NA,0,0,0,0,0,0,38,52
"4472",0,0,0,0,0,0,0,0,0,0,0,0,0,0,0,0,0,0,0,0,0,0,0,0,0
"4473",1,2,1,1,7,1,6,1,1,1,1,1,1,6,1,4,6,4,0,1,6,1,1,1,11
"4474",2,2,1,5,7,4,6,2,1,1,7,1,6,4,0,0,3,5,1,4,3,3,2,5,14
"4475",3,7,1,5,7,4,7,2,1,5,7,4,6,5,1,0,1,0,0,5,1,1,3,10,15
"4476",4,9,1,5,11,4,7,7,1,5,7,4,7,4,2,2,4,2,0,2,4,1,1,12,19
"4477",5,11,1,5,11,14,7,9,1,5,11,4,7,2,0,0,6,6,5,2,6,1,2,14,29
"4478",6,11,1,10,17,18,7,11,1,5,11,14,7,6,5,0,6,0,0,5,6,3,1,19,39
"4479",7,21,1,10,23,18,11,11,1,10,17,18,7,4,6,6,4,6,0,6,6,1,1,29,49
"4480",8,25,1,10,23,21,17,21,1,10,23,18,11,4,0,0,6,3,6,4,6,1,3,33,58
"4481",9,28,1,10,23,22,23,25,1,10,23,21,17,3,6,0,6,0,0,3,6,1,3,36,65
"4482",10,33,1,10,31,22,23,28,1,10,23,22,23,1,6,5,1,6,0,5,6,1,1,41,73
"4483",11,34,1,10,34,22,23,33,1,10,31,22,23,1,0,0,3,1,1,1,3,1,1,42,76
"4484",12,34,1,10,34,22,23,34,1,10,34,22,23,1,1,0,NA,0,0,0,0,0,0,42,76
"4485",0,0,0,0,0,0,0,0,0,0,0,0,0,0,0,0,0,0,0,0,0,0,0,0,0
"4486",1,3,1,7,1,3,1,1,1,1,1,1,1,1,6,2,1,2,0,6,2,3,2,8,2
"4487",2,4,1,7,4,3,1,3,1,7,1,3,1,1,0,0,3,2,3,1,3,1,1,9,5
"4488",3,7,1,7,4,5,1,4,1,7,4,3,1,2,3,0,2,0,0,3,2,1,2,12,7
"4489",4,7,1,11,4,5,13,7,1,7,4,5,1,4,6,2,6,2,0,4,6,3,3,16,19
"4490",5,9,1,11,4,5,17,7,1,11,4,5,13,2,0,0,4,1,3,2,4,1,3,18,23
"4491",6,9,1,14,4,6,17,9,1,11,4,5,17,1,3,0,1,0,0,3,1,3,2,21,24
"4492",7,9,2,14,4,9,17,9,1,14,4,6,17,1,4,3,4,3,0,1,3,2,2,22,27
"4493",8,13,2,14,10,9,21,9,2,14,4,9,17,4,0,0,1,3,6,4,6,1,1,26,37
"4494",9,13,2,15,10,12,21,13,2,14,10,9,21,1,3,0,3,0,0,1,3,3,2,27,40
"4495",10,13,3,15,14,12,21,13,2,15,10,12,21,3,1,4,3,4,0,1,4,2,1,28,44
"4496",11,16,3,15,24,12,21,13,3,15,14,12,21,3,0,0,6,6,4,3,6,1,1,31,54
"4497",12,16,3,15,24,12,21,16,3,15,24,12,21,6,4,0,NA,0,0,0,0,0,0,31,54
"4498",0,0,0,0,0,0,0,0,0,0,0,0,0,0,0,0,0,0,0,0,0,0,0,0,0
"4499",1,3,1,1,1,1,3,1,1,1,1,1,1,2,1,2,1,2,0,2,2,1,3,2,2
"4500",2,4,1,1,6,1,3,3,1,1,1,1,3,1,0,0,5,5,1,1,5,1,1,3,7
"4501",3,4,1,6,7,1,3,4,1,1,6,1,3,5,1,0,1,0,0,5,1,3,1,8,8
"4502",4,11,1,12,11,1,3,4,1,6,7,1,3,4,1,6,4,1,0,6,4,3,1,21,12
"4503",5,11,1,13,11,6,3,11,1,12,11,1,3,1,0,0,2,5,6,1,5,3,2,22,17
"4504",6,15,1,19,11,6,5,11,1,13,11,6,3,2,6,0,2,0,0,6,2,3,3,32,19
"4505",7,24,1,19,13,6,5,15,1,19,11,6,5,1,2,6,1,2,0,6,2,1,1,41,21
"4506",8,24,2,19,18,6,5,24,1,19,13,6,5,1,0,0,5,6,5,1,5,2,1,42,26
"4507",9,24,7,19,24,6,6,24,2,19,18,6,5,6,5,0,6,0,0,5,6,2,1,47,33
"4508",10,27,1,19,33,6,6,24,7,19,24,6,6,5,3,6,5,6,0,3,5,1,1,44,42
"4509",11,27,12,19,33,6,10,27,1,19,33,6,6,6,0,0,4,6,2,6,4,2,3,55,46
"4510",12,27,12,19,33,6,10,27,12,19,33,6,10,6,2,0,NA,0,0,0,0,0,0,55,46
"4511",0,0,0,0,0,0,0,0,0,0,0,0,0,0,0,0,0,0,0,0,0,0,0,0,0
"4512",1,1,1,5,1,5,1,1,1,1,1,1,1,4,4,1,4,1,0,4,4,3,2,4,4
"4513",2,2,1,5,6,5,1,1,1,5,1,5,1,1,0,0,5,1,1,1,5,1,1,5,9
"4514",3,3,1,5,6,6,1,2,1,5,6,5,1,1,1,0,1,0,0,1,1,1,2,6,10
"4515",4,3,1,8,6,6,4,3,1,5,6,6,1,3,2,3,2,3,0,3,3,3,3,9,13
"4516",5,5,1,8,8,6,10,3,1,8,6,6,4,2,0,0,6,5,1,2,6,1,3,11,21
"4517",6,10,1,8,8,6,11,5,1,8,8,6,10,5,1,0,1,0,0,5,1,1,3,16,22
"4518",7,10,4,8,8,6,15,10,1,8,8,6,11,3,2,4,2,4,0,3,4,2,3,19,26
"4519",8,12,4,8,8,15,15,10,4,8,8,6,15,2,0,0,3,6,5,2,6,1,2,21,35
"4520",9,12,9,8,8,15,18,12,4,8,8,15,15,3,5,0,3,0,0,5,3,2,3,26,38
"4521",10,12,12,8,8,15,20,12,9,8,8,15,18,1,2,3,1,2,0,3,2,2,3,29,40
"4522",11,13,12,8,13,15,20,12,12,8,8,15,20,1,0,0,5,2,5,1,5,1,1,30,45
"4523",12,13,12,8,13,15,20,13,12,8,13,15,20,2,5,0,NA,0,0,0,0,0,0,30,45
"4524",0,0,0,0,0,0,0,0,0,0,0,0,0,0,0,0,0,0,0,0,0,0,0,0,0
"4525",1,6,1,1,6,1,1,1,1,1,1,1,1,5,2,5,2,5,0,5,5,1,1,5,5
"4526",2,6,1,3,11,1,1,6,1,1,6,1,1,2,0,0,5,1,3,2,5,3,1,7,10
"4527",3,9,1,3,11,2,1,6,1,3,11,1,1,1,3,0,1,0,0,3,1,1,2,10,11
"4528",4,9,1,8,11,6,1,9,1,3,11,2,1,2,5,4,2,4,0,5,4,3,2,15,15
"4529",5,11,1,8,11,6,10,9,1,8,11,6,1,2,0,0,2,1,6,2,6,1,3,17,24
"4530",6,13,1,8,11,7,10,11,1,8,11,6,10,2,1,0,1,0,0,2,1,1,2,19,25
"4531",7,13,5,8,11,9,10,13,1,8,11,7,10,2,2,4,2,2,0,4,2,2,2,23,27
"4532",8,13,7,8,11,14,10,13,5,8,11,9,10,2,0,0,4,4,5,2,5,2,2,25,32
"4533",9,17,7,8,11,14,14,13,7,8,11,14,10,4,4,0,4,0,0,4,4,1,3,29,36
"4534",10,17,7,12,11,14,17,17,7,8,11,14,14,4,3,3,3,3,0,4,3,3,3,33,39
"4535",11,20,7,12,12,14,17,17,7,12,11,14,17,3,0,0,1,3,2,3,1,1,1,36,40
"4536",12,20,7,12,12,14,17,20,7,12,12,14,17,3,2,0,NA,0,0,0,0,0,0,36,40
"4537",0,0,0,0,0,0,0,0,0,0,0,0,0,0,0,0,0,0,0,0,0,0,0,0,0
"4538",1,1,4,1,2,1,1,1,1,1,1,1,1,1,1,3,1,1,0,3,1,2,1,3,1
"4539",2,1,4,2,2,1,5,1,4,1,2,1,1,1,0,0,1,5,4,1,4,3,3,4,5
"4540",3,2,4,2,7,1,5,1,4,2,2,1,5,1,5,0,5,0,0,1,5,1,1,5,10
"4541",4,2,8,2,10,1,5,2,4,2,7,1,5,3,4,1,3,1,0,4,3,2,1,9,13
"4542",5,3,8,2,10,1,6,2,8,2,10,1,5,1,0,0,1,1,2,1,1,1,3,10,14
"4543",6,4,8,2,10,3,6,3,8,2,10,1,6,1,2,0,2,0,0,1,2,1,2,11,16
"4544",7,4,14,8,14,3,6,4,8,2,10,3,6,6,4,1,4,1,0,6,4,2,1,23,20
"4545",8,4,14,9,20,5,6,4,14,8,14,3,6,1,0,0,6,5,4,1,6,3,1,24,28
"4546",9,9,14,9,20,9,6,4,14,9,20,5,6,5,4,0,4,0,0,5,4,1,2,29,32
"4547",10,9,19,9,20,12,6,9,14,9,20,9,6,5,3,1,3,1,0,5,3,2,2,34,35
"4548",11,10,19,9,24,12,6,9,19,9,20,12,6,1,0,0,2,4,2,1,4,1,1,35,39
"4549",12,10,19,9,24,12,6,10,19,9,24,12,6,2,2,0,NA,0,0,0,0,0,0,35,39
"4550",0,0,0,0,0,0,0,0,0,0,0,0,0,0,0,0,0,0,0,0,0,0,0,0,0
"4551",1,7,7,1,1,6,1,1,1,1,1,1,1,5,6,2,5,2,0,6,5,2,2,12,5
"4552",2,9,7,1,1,6,4,7,7,1,1,6,1,2,0,0,3,3,3,2,3,1,3,14,8
"4553",3,9,7,4,4,6,4,9,7,1,1,6,4,3,3,0,3,0,0,3,3,3,1,17,11
"4554",4,9,12,4,4,16,4,9,7,4,4,6,4,6,1,5,6,1,0,5,6,2,2,22,21
"4555",5,10,12,4,15,22,4,9,12,4,4,16,4,1,0,0,6,2,5,1,6,1,1,23,38
"4556",6,10,17,4,15,24,4,10,12,4,15,22,4,2,5,0,2,0,0,5,2,2,2,28,40
"4557",7,10,21,4,15,24,13,10,17,4,15,24,4,6,4,4,6,4,0,4,6,2,3,32,49
"4558",8,14,21,4,21,24,21,10,21,4,15,24,13,4,0,0,6,5,2,4,6,1,3,36,63
"4559",9,14,21,6,21,24,26,14,21,4,21,24,21,5,2,0,5,0,0,2,5,3,3,38,68
"4560",10,14,23,6,27,35,26,14,21,6,21,24,26,6,2,2,6,2,0,2,6,2,1,40,85
"4561",11,16,23,6,27,37,26,14,23,6,27,35,26,2,0,0,2,1,6,2,2,1,2,42,87
"4562",12,16,23,6,27,37,26,16,23,6,27,37,26,1,6,0,NA,0,0,0,0,0,0,42,87
"4563",0,0,0,0,0,0,0,0,0,0,0,0,0,0,0,0,0,0,0,0,0,0,0,0,0
"4564",1,5,1,1,1,1,5,1,1,1,1,1,1,4,4,1,4,1,0,4,4,1,3,4,4
"4565",2,6,1,1,7,6,5,5,1,1,1,1,5,1,0,0,4,6,3,1,6,1,1,5,15
"4566",3,6,4,1,7,10,5,6,1,1,7,6,5,4,3,0,4,0,0,3,4,2,2,8,19
"4567",4,6,4,6,7,10,9,6,4,1,7,10,5,2,5,4,2,4,0,5,4,3,3,13,23
"4568",5,8,4,6,12,10,9,6,4,6,7,10,9,2,0,0,1,5,1,2,5,1,1,15,28
"4569",6,8,5,6,13,10,9,8,4,6,12,10,9,1,1,0,1,0,0,1,1,2,1,16,29
"4570",7,8,5,10,13,10,18,8,5,6,13,10,9,6,4,2,6,2,0,4,6,3,3,20,38
"4571",8,8,7,10,18,16,18,8,5,10,13,10,18,2,0,0,2,6,5,2,6,2,2,22,49
"4572",9,10,7,10,23,16,18,8,7,10,18,16,18,2,5,0,5,0,0,2,5,1,1,24,54
"4573",10,13,7,10,23,19,18,10,7,10,23,16,18,3,3,5,3,5,0,3,3,1,2,27,57
"4574",11,18,7,10,27,19,18,13,7,10,23,19,18,5,0,0,4,3,4,5,4,1,1,32,61
"4575",12,18,7,10,27,19,18,18,7,10,27,19,18,3,4,0,NA,0,0,0,0,0,0,32,61
"4576",0,0,0,0,0,0,0,0,0,0,0,0,0,0,0,0,0,0,0,0,0,0,0,0,0
"4577",1,3,1,1,1,5,1,1,1,1,1,1,1,2,4,2,4,2,0,2,4,1,2,2,4
"4578",2,5,1,1,1,5,9,3,1,1,1,5,1,2,0,0,1,1,6,2,6,1,3,4,12
"4579",3,6,1,1,1,5,10,5,1,1,1,5,9,1,1,0,1,0,0,1,1,1,3,5,13
"4580",4,11,1,1,1,5,11,6,1,1,1,5,10,1,5,1,1,1,0,5,1,1,3,10,14
"4581",5,12,1,1,7,8,11,11,1,1,1,5,11,1,0,0,5,6,6,1,6,1,1,11,23
"4582",6,20,1,1,12,8,11,12,1,1,7,8,11,5,6,0,5,0,0,6,5,1,1,19,28
"4583",7,27,1,1,12,8,16,20,1,1,12,8,11,6,1,5,1,5,0,6,5,1,3,26,33
"4584",8,28,1,1,12,13,16,27,1,1,12,8,16,1,0,0,1,5,2,1,5,1,2,27,38
"4585",9,30,1,1,13,13,16,28,1,1,12,13,16,1,2,0,1,0,0,2,1,1,1,29,39
"4586",10,32,1,1,13,17,16,30,1,1,13,13,16,2,2,4,2,4,0,2,4,1,2,31,43
"4587",11,34,1,1,13,23,17,32,1,1,13,17,16,2,0,0,5,6,1,2,6,1,2,33,50
"4588",12,34,1,1,13,23,17,34,1,1,13,23,17,5,1,0,NA,0,0,0,0,0,0,33,50
"4589",0,0,0,0,0,0,0,0,0,0,0,0,0,0,0,0,0,0,0,0,0,0,0,0,0
"4590",1,1,1,5,1,4,1,1,1,1,1,1,1,3,1,4,3,1,0,4,3,3,2,4,3
"4591",2,1,2,5,6,4,1,1,1,5,1,4,1,1,0,0,3,5,1,1,5,2,1,5,8
"4592",3,1,2,8,6,4,2,1,2,5,6,4,1,3,1,0,1,0,0,3,1,3,3,8,9
"4593",4,1,2,11,6,4,6,1,2,8,6,4,2,2,4,3,2,4,0,3,4,3,3,11,13
"4594",5,1,4,11,12,9,12,1,2,11,6,4,6,2,0,0,6,3,2,2,6,2,1,13,30
"4595",6,4,4,11,12,11,12,1,4,11,12,9,12,3,2,0,2,0,0,3,2,1,2,16,32
"4596",7,5,4,11,12,11,16,4,4,11,12,11,12,3,4,1,3,4,0,1,4,1,3,17,36
"4597",8,8,4,11,15,17,16,5,4,11,12,11,16,3,0,0,1,5,6,3,6,1,2,20,45
"4598",9,9,4,11,20,17,16,8,4,11,15,17,16,1,5,0,5,0,0,1,5,1,1,21,50
"4599",10,10,4,11,23,23,16,9,4,11,20,17,16,1,6,6,6,6,0,1,6,1,2,22,59
"4600",11,18,4,11,24,23,16,10,4,11,23,23,16,6,0,0,1,6,4,6,1,1,1,30,60
"4601",12,18,4,11,24,23,16,18,4,11,24,23,16,6,4,0,NA,0,0,0,0,0,0,30,60
"4602",0,0,0,0,0,0,0,0,0,0,0,0,0,0,0,0,0,0,0,0,0,0,0,0,0
"4603",1,1,3,1,1,1,4,1,1,1,1,1,1,4,3,2,4,3,0,2,3,2,3,2,3
"4604",2,5,3,1,7,1,9,1,3,1,1,1,4,4,0,0,2,1,6,4,6,1,1,6,14
"4605",3,6,3,1,9,1,9,5,3,1,7,1,9,2,1,0,2,0,0,1,2,1,1,7,16
"4606",4,12,7,1,14,1,9,6,3,1,9,1,9,6,1,5,1,5,0,6,5,1,1,17,21
"4607",5,12,7,2,14,1,12,12,7,1,14,1,9,1,0,0,4,3,3,1,3,3,3,18,24
"4608",6,12,7,6,14,1,15,12,7,2,14,1,12,4,3,0,3,0,0,4,3,3,3,22,27
"4609",7,12,7,9,14,12,15,12,7,6,14,1,15,3,2,6,2,6,0,3,6,3,2,25,38
"4610",8,14,7,9,22,12,15,12,7,9,14,12,15,2,0,0,1,6,5,2,6,1,1,27,46
"4611",9,14,12,9,22,13,15,14,7,9,22,12,15,1,5,0,1,0,0,5,1,2,2,32,47
"4612",10,14,16,9,28,18,15,14,12,9,22,13,15,6,2,4,6,2,0,4,6,2,1,36,58
"4613",11,16,16,9,33,18,15,14,16,9,28,18,15,2,0,0,5,5,5,2,5,1,1,38,63
"4614",12,16,16,9,33,18,15,16,16,9,33,18,15,5,5,0,NA,0,0,0,0,0,0,38,63
"4615",0,0,0,0,0,0,0,0,0,0,0,0,0,0,0,0,0,0,0,0,0,0,0,0,0
"4616",1,1,1,5,6,1,1,1,1,1,1,1,1,5,4,3,5,3,0,4,5,3,1,4,5
"4617",2,1,1,8,6,12,1,1,1,5,6,1,1,3,0,0,1,6,3,3,6,3,2,7,16
"4618",3,1,4,8,6,13,1,1,1,8,6,12,1,1,3,0,1,0,0,3,1,2,2,10,17
"4619",4,1,7,8,6,13,8,1,4,8,6,13,1,3,6,1,6,1,0,3,6,2,3,13,24
"4620",5,2,7,8,12,13,13,1,7,8,6,13,8,1,0,0,5,3,6,1,6,1,1,14,35
"4621",6,2,12,8,12,13,16,2,7,8,12,13,13,5,3,0,3,0,0,5,3,2,3,19,38
"4622",7,2,18,9,15,13,16,2,12,8,12,13,16,6,3,1,3,1,0,6,3,2,1,26,41
"4623",8,2,18,10,15,19,19,2,18,9,15,13,16,1,0,0,2,6,5,1,6,3,2,27,50
"4624",9,1,18,12,15,28,19,2,18,10,15,19,19,2,5,0,5,0,0,2,5,3,2,28,59
"4625",10,1,19,18,15,32,19,1,18,12,15,28,19,4,2,6,4,2,0,6,4,3,2,35,63
"4626",11,1,21,18,18,32,19,1,19,18,15,32,19,2,0,0,3,2,5,2,3,2,1,37,66
"4627",12,1,21,18,18,32,19,1,21,18,18,32,19,2,5,0,NA,0,0,0,0,0,0,37,66
"4628",0,0,0,0,0,0,0,0,0,0,0,0,0,0,0,0,0,0,0,0,0,0,0,0,0
"4629",1,6,1,1,1,1,6,1,1,1,1,1,1,2,5,5,2,5,0,5,5,1,3,5,5
"4630",2,8,1,1,1,1,10,6,1,1,1,1,6,2,0,0,3,4,4,2,4,1,3,7,9
"4631",3,8,1,5,4,1,10,8,1,1,1,1,10,3,4,0,3,0,0,4,3,3,1,11,12
"4632",4,8,1,6,9,1,10,8,1,5,4,1,10,1,5,3,5,3,0,1,5,3,1,12,17
"4633",5,11,1,6,9,5,10,8,1,6,9,1,10,3,0,0,2,4,4,3,4,1,2,15,21
"4634",6,15,1,6,9,7,10,11,1,6,9,5,10,2,4,0,2,0,0,4,2,1,2,19,23
"4635",7,15,3,6,9,10,10,15,1,6,9,7,10,2,3,2,3,2,0,2,3,2,2,21,26
"4636",8,17,3,6,20,10,10,15,3,6,9,10,10,2,0,0,6,5,5,2,6,1,1,23,37
"4637",9,17,8,6,20,10,15,17,3,6,20,10,10,5,5,0,5,0,0,5,5,2,3,28,42
"4638",10,17,11,6,25,10,15,17,8,6,20,10,15,3,5,4,5,4,0,3,5,2,1,31,47
"4639",11,21,11,6,26,10,15,17,11,6,25,10,15,4,0,0,1,2,3,4,1,1,1,35,48
"4640",12,21,11,6,26,10,15,21,11,6,26,10,15,2,3,0,NA,0,0,0,0,0,0,35,48
"4641",0,0,0,0,0,0,0,0,0,0,0,0,0,0,0,0,0,0,0,0,0,0,0,0,0
"4642",1,7,7,5,1,1,6,1,1,1,1,1,1,6,2,5,2,5,0,6,5,2,3,16,5
"4643",2,7,7,7,5,1,6,7,7,5,1,1,6,2,0,0,6,4,2,2,4,3,1,18,9
"4644",3,13,12,7,7,1,6,7,7,7,5,1,6,6,2,0,2,0,0,6,2,1,1,29,11
"4645",4,13,12,10,11,1,12,13,12,7,7,1,6,5,3,6,5,6,0,3,6,3,3,32,21
"4646",5,13,17,10,16,1,12,13,12,10,11,1,12,5,0,0,5,2,1,5,5,2,1,37,26
"4647",6,14,17,10,16,3,12,13,17,10,16,1,12,2,1,0,2,0,0,1,2,1,2,38,28
"4648",7,14,17,12,20,3,12,14,17,10,16,3,12,2,4,4,4,4,0,2,4,3,1,40,32
"4649",8,14,21,12,22,3,12,14,17,12,20,3,12,4,0,0,1,5,2,4,2,2,1,44,34
"4650",9,15,21,12,22,8,12,14,21,12,22,3,12,1,5,0,5,0,0,1,5,1,2,45,39
"4651",10,15,21,15,24,8,12,15,21,12,22,8,12,3,2,3,2,3,0,3,2,3,1,48,41
"4652",11,18,21,15,24,12,12,15,21,15,24,8,12,3,0,0,4,6,4,3,4,1,2,51,45
"4653",12,18,21,15,24,12,12,18,21,15,24,12,12,6,4,0,NA,0,0,0,0,0,0,51,45
"4654",0,0,0,0,0,0,0,0,0,0,0,0,0,0,0,0,0,0,0,0,0,0,0,0,0
"4655",1,5,1,1,1,1,5,1,1,1,1,1,1,2,4,4,2,4,0,4,4,1,3,4,4
"4656",2,7,1,1,1,6,5,5,1,1,1,1,5,2,0,0,6,5,1,2,5,1,2,6,9
"4657",3,7,10,1,2,6,5,7,1,1,1,6,5,6,1,0,1,0,0,6,1,2,1,15,10
"4658",4,9,10,1,2,6,10,7,10,1,2,6,5,5,2,4,5,4,0,2,5,1,3,17,15
"4659",5,9,14,1,4,6,10,9,10,1,2,6,10,4,0,0,2,1,1,4,2,2,1,21,17
"4660",6,9,15,1,4,7,10,9,14,1,4,6,10,1,1,0,1,0,0,1,1,2,2,22,18
"4661",7,11,15,1,4,7,13,9,15,1,4,7,10,3,2,3,3,3,0,2,3,1,3,24,21
"4662",8,11,18,1,4,7,16,11,15,1,4,7,13,3,0,0,3,1,1,3,3,2,3,27,24
"4663",9,11,19,1,5,7,16,11,18,1,4,7,16,1,1,0,1,0,0,1,1,2,1,28,25
"4664",10,11,25,4,5,11,22,11,19,1,5,7,16,6,2,6,2,6,0,6,6,2,3,37,35
"4665",11,13,25,4,10,11,22,11,25,4,5,11,22,2,0,0,5,5,1,2,5,1,1,39,40
"4666",12,13,25,4,10,11,22,13,25,4,10,11,22,5,1,0,NA,0,0,0,0,0,0,39,40
"4667",0,0,0,0,0,0,0,0,0,0,0,0,0,0,0,0,0,0,0,0,0,0,0,0,0
"4668",1,1,2,1,1,1,8,1,1,1,1,1,1,4,1,6,4,6,0,1,6,2,3,1,7
"4669",2,1,2,5,5,1,8,1,2,1,1,1,8,4,0,0,2,4,4,4,4,3,1,5,11
"4670",3,5,2,5,7,1,8,1,2,5,5,1,8,2,4,0,2,0,0,4,2,1,1,9,13
"4671",4,11,7,5,7,3,8,5,2,5,7,1,8,6,2,2,2,2,0,6,2,1,2,20,15
"4672",5,11,9,5,7,3,13,11,7,5,7,3,8,2,0,0,1,1,5,2,5,2,3,22,20
"4673",6,12,9,5,7,4,13,11,9,5,7,3,13,1,1,0,1,0,0,1,1,1,2,23,21
"4674",7,12,14,5,13,6,13,12,9,5,7,4,13,5,5,6,5,6,0,5,6,2,1,28,29
"4675",8,12,14,10,17,6,13,12,14,5,13,6,13,5,0,0,4,3,3,5,4,3,1,33,33
"4676",9,15,14,10,17,6,16,12,14,10,17,6,13,3,3,0,3,0,0,3,3,1,3,36,36
"4677",10,15,14,13,17,9,16,15,14,10,17,6,16,2,3,3,2,3,0,3,3,3,2,39,39
"4678",11,15,14,15,33,9,16,15,14,13,17,9,16,2,0,0,1,6,2,2,6,3,1,41,55
"4679",12,15,14,15,33,9,16,15,14,15,33,9,16,1,2,0,NA,0,0,0,0,0,0,41,55
"4680",0,0,0,0,0,0,0,0,0,0,0,0,0,0,0,0,0,0,0,0,0,0,0,0,0
"4681",1,1,6,1,5,7,7,1,1,1,1,1,1,5,6,5,6,5,0,5,6,2,3,5,16
"4682",2,6,6,1,5,12,7,1,6,1,5,7,7,5,0,0,5,4,2,5,5,1,2,10,21
"4683",3,6,6,5,5,14,7,6,6,1,5,12,7,4,2,0,2,0,0,4,2,3,2,14,23
"4684",4,6,6,9,11,16,7,6,6,5,5,14,7,3,4,6,3,6,0,4,6,3,1,18,31
"4685",5,6,9,9,11,22,11,6,6,9,11,16,7,3,0,0,6,2,1,3,6,2,2,21,41
"4686",6,8,9,9,11,23,11,6,9,9,11,22,11,2,1,0,1,0,0,2,1,1,2,23,42
"4687",7,13,9,9,11,26,11,8,9,9,11,23,11,5,2,3,2,3,0,5,3,1,2,28,45
"4688",8,13,9,11,11,26,16,13,9,9,11,26,11,2,0,0,5,1,1,2,5,3,3,30,50
"4689",9,14,9,11,12,26,16,13,9,11,11,26,16,1,1,0,1,0,0,1,1,1,1,31,51
"4690",10,15,9,17,18,29,16,14,9,11,12,26,16,6,6,4,6,4,0,6,6,3,1,38,60
"4691",11,19,9,17,23,29,16,15,9,17,18,29,16,4,0,0,5,3,1,4,5,1,1,42,65
"4692",12,19,9,17,23,29,16,19,9,17,23,29,16,3,1,0,NA,0,0,0,0,0,0,42,65
"4693",0,0,0,0,0,0,0,0,0,0,0,0,0,0,0,0,0,0,0,0,0,0,0,0,0
"4694",1,13,1,4,1,4,1,1,1,1,1,1,1,1,3,6,1,3,0,6,3,1,2,15,3
"4695",2,13,1,5,1,4,5,13,1,4,1,4,1,1,0,0,4,6,4,1,4,3,3,16,7
"4696",3,22,1,11,5,4,5,13,1,5,1,4,5,6,4,0,4,0,0,6,4,3,1,31,11
"4697",4,22,6,11,7,4,5,22,1,11,5,4,5,5,2,5,2,5,0,5,2,2,1,36,13
"4698",5,22,11,11,12,4,5,22,6,11,7,4,5,5,0,0,4,5,1,5,5,2,1,41,18
"4699",6,22,15,11,12,5,5,22,11,11,12,4,5,4,1,0,1,0,0,4,1,2,2,45,19
"4700",7,24,15,11,22,5,5,22,15,11,12,5,5,2,6,3,6,3,0,2,6,1,1,47,29
"4701",8,24,18,11,28,8,5,24,15,11,22,5,5,3,0,0,1,2,6,3,6,2,1,50,38
"4702",9,24,19,11,28,10,5,24,18,11,28,8,5,1,2,0,2,0,0,1,2,2,2,51,40
"4703",10,24,22,11,32,10,5,24,19,11,28,10,5,3,4,3,4,3,0,3,4,2,1,54,44
"4704",11,24,25,11,32,10,10,24,22,11,32,10,5,3,0,0,3,6,5,3,5,2,3,57,49
"4705",12,24,25,11,32,10,10,24,25,11,32,10,10,3,6,0,NA,0,0,0,0,0,0,57,49
"4706",0,0,0,0,0,0,0,0,0,0,0,0,0,0,0,0,0,0,0,0,0,0,0,0,0
"4707",1,1,3,13,1,1,6,1,1,1,1,1,1,5,1,6,5,1,0,6,5,3,3,14,5
"4708",2,1,4,13,7,2,6,1,3,13,1,1,6,1,0,0,6,6,2,1,6,2,1,15,12
"4709",3,3,10,13,7,4,6,1,4,13,7,2,6,6,2,0,2,0,0,6,2,2,2,23,14
"4710",4,13,16,13,12,4,6,3,10,13,7,4,6,5,6,1,5,1,0,6,5,1,1,39,19
"4711",5,14,16,13,12,4,9,13,16,13,12,4,6,1,0,0,1,6,3,1,3,1,3,40,22
"4712",6,14,17,13,16,10,9,14,16,13,12,4,9,1,6,0,6,0,0,1,6,2,2,41,32
"4713",7,15,17,13,19,10,9,14,17,13,16,10,9,1,3,1,3,1,0,1,3,1,1,42,35
"4714",8,16,17,13,19,10,13,15,17,13,19,10,9,1,0,0,1,3,4,1,4,1,3,43,39
"4715",9,19,17,13,19,11,13,16,17,13,19,10,13,1,3,0,1,0,0,3,1,1,2,46,40
"4716",10,25,22,13,24,11,13,19,17,13,19,11,13,5,2,6,5,2,0,6,5,1,1,57,45
"4717",11,27,22,13,29,11,13,25,22,13,24,11,13,2,0,0,5,6,4,2,5,1,1,59,50
"4718",12,27,22,13,29,11,13,27,22,13,29,11,13,6,4,0,NA,0,0,0,0,0,0,59,50
"4719",0,0,0,0,0,0,0,0,0,0,0,0,0,0,0,0,0,0,0,0,0,0,0,0,0
"4720",1,6,1,1,5,1,1,1,1,1,1,1,1,5,4,1,4,1,0,5,4,1,1,5,4
"4721",2,6,2,1,5,7,2,6,1,1,5,1,1,1,0,0,6,6,4,1,6,2,2,6,11
"4722",3,12,2,4,9,7,2,6,2,1,5,7,2,6,4,0,4,0,0,6,4,1,1,15,15
"4723",4,17,2,4,14,7,2,12,2,4,9,7,2,5,4,5,4,5,0,5,5,1,1,20,20
"4724",5,17,2,8,14,10,2,17,2,4,14,7,2,4,0,0,3,3,2,4,3,3,2,24,23
"4725",6,17,2,11,16,10,2,17,2,8,14,10,2,3,2,0,2,0,0,3,2,3,1,27,25
"4726",7,19,2,11,16,10,11,17,2,11,16,10,2,6,5,2,6,5,0,2,6,1,3,29,34
"4727",8,19,2,16,16,10,14,19,2,11,16,10,11,5,0,0,3,3,2,5,3,3,3,34,37
"4728",9,19,2,18,19,10,14,19,2,16,16,10,14,3,2,0,3,0,0,2,3,3,1,36,40
"4729",10,22,2,24,19,14,20,19,2,18,19,10,14,6,6,3,6,3,0,6,6,3,3,45,50
"4730",11,25,2,24,19,20,22,22,2,24,19,14,20,3,0,0,1,3,6,3,6,1,2,48,58
"4731",12,25,2,24,19,20,22,25,2,24,19,20,22,1,3,0,NA,0,0,0,0,0,0,48,58
"4732",0,0,0,0,0,0,0,0,0,0,0,0,0,0,0,0,0,0,0,0,0,0,0,0,0
"4733",1,5,1,1,3,1,1,1,1,1,1,1,1,1,4,2,1,2,0,4,2,1,1,4,2
"4734",2,6,1,1,5,1,7,5,1,1,3,1,1,1,0,0,6,5,5,1,6,1,3,5,10
"4735",3,11,1,1,10,1,7,6,1,1,5,1,7,5,5,0,5,0,0,5,5,1,1,10,15
"4736",4,12,1,1,10,7,11,11,1,1,10,1,7,2,6,1,2,6,0,1,6,1,2,11,25
"4737",5,12,3,1,16,13,14,12,1,1,10,7,11,2,0,0,5,4,6,2,6,2,2,13,40
"4738",6,12,3,5,21,13,14,12,3,1,16,13,14,5,4,0,5,0,0,4,5,3,1,17,45
"4739",7,19,3,5,21,20,20,12,3,5,21,13,14,6,3,6,3,6,0,6,6,1,2,24,58
"4740",8,22,3,5,21,20,22,19,3,5,21,20,20,3,0,0,2,2,5,3,2,1,3,27,60
"4741",9,24,3,1,21,22,27,22,3,5,21,20,22,2,5,0,5,0,0,2,5,1,3,25,67
"4742",10,24,8,1,27,28,27,24,3,1,21,22,27,6,5,1,6,1,0,5,6,2,1,30,79
"4743",11,25,8,1,27,31,27,24,8,1,27,28,27,1,0,0,3,3,4,1,3,1,2,31,82
"4744",12,25,8,1,27,31,27,25,8,1,27,31,27,3,4,0,NA,0,0,0,0,0,0,31,82
"4745",0,0,0,0,0,0,0,0,0,0,0,0,0,0,0,0,0,0,0,0,0,0,0,0,0
"4746",1,1,2,1,6,1,1,1,1,1,1,1,1,5,1,5,5,5,0,1,5,2,1,1,5
"4747",2,1,7,1,6,5,1,1,2,1,6,1,1,5,0,0,3,4,5,5,4,2,2,6,9
"4748",3,1,12,1,6,5,4,1,7,1,6,5,1,3,5,0,3,0,0,5,3,2,3,11,12
"4749",4,2,12,7,7,5,4,1,12,1,6,5,4,6,1,1,1,1,0,6,1,3,1,18,13
"4750",5,3,12,7,13,9,4,2,12,7,7,5,4,1,0,0,4,1,6,1,6,1,1,19,23
"4751",6,3,12,11,13,10,4,3,12,7,13,9,4,4,1,0,1,0,0,4,1,3,2,23,24
"4752",7,9,12,15,17,10,4,3,12,11,13,10,4,5,6,4,5,4,0,6,4,1,1,33,28
"4753",8,9,17,15,19,10,4,9,12,15,17,10,4,5,0,0,2,3,1,5,2,2,1,38,30
"4754",9,12,17,15,20,10,4,9,17,15,19,10,4,3,1,0,1,0,0,3,1,1,1,41,31
"4755",10,24,18,15,20,14,4,12,17,15,20,10,4,6,4,2,4,2,0,6,4,1,2,54,35
"4756",11,26,24,16,22,14,1,24,18,15,20,14,4,2,0,0,1,3,2,2,2,1,1,63,34
"4757",12,26,24,16,22,14,1,26,24,16,22,14,1,1,3,0,NA,0,0,0,0,0,0,63,34
"4758",0,0,0,0,0,0,0,0,0,0,0,0,0,0,0,0,0,0,0,0,0,0,0,0,0
"4759",1,1,1,4,7,3,1,1,1,1,1,1,1,3,6,3,6,3,0,3,6,3,1,3,8
"4760",2,4,1,4,7,9,3,1,1,4,7,3,1,3,0,0,6,5,2,3,6,1,2,6,16
"4761",3,9,1,4,7,9,5,4,1,4,7,9,3,5,2,0,2,0,0,5,2,1,3,11,18
"4762",4,14,1,4,12,9,5,9,1,4,7,9,5,5,4,5,4,5,0,5,5,1,1,16,23
"4763",5,14,1,8,14,9,5,14,1,4,12,9,5,4,0,0,2,2,2,4,2,3,1,20,25
"4764",6,14,1,10,14,11,5,14,1,8,14,9,5,2,2,0,2,0,0,2,2,3,2,22,27
"4765",7,14,11,10,14,11,15,14,1,10,14,11,5,3,6,6,3,6,0,6,6,2,3,32,37
"4766",8,14,14,10,14,16,15,14,11,10,14,11,15,3,0,0,5,1,2,3,5,2,2,35,42
"4767",9,16,14,10,15,16,15,14,14,10,14,16,15,1,2,0,1,0,0,2,1,1,1,37,43
"4768",10,16,16,10,19,16,15,16,14,10,15,16,15,4,2,2,4,2,0,2,4,2,1,39,47
"4769",11,18,16,10,29,16,15,16,16,10,19,16,15,2,0,0,3,6,3,2,6,1,1,41,57
"4770",12,18,16,10,29,16,15,18,16,10,29,16,15,3,3,0,NA,0,0,0,0,0,0,41,57
"4771",0,0,0,0,0,0,0,0,0,0,0,0,0,0,0,0,0,0,0,0,0,0,0,0,0
"4772",1,2,1,1,1,1,5,1,1,1,1,1,1,4,2,1,4,2,0,1,4,1,3,1,4
"4773",2,2,3,1,2,7,5,2,1,1,1,1,5,2,0,0,6,6,1,2,6,2,2,3,11
"4774",3,2,8,7,3,7,5,2,3,1,2,7,5,6,1,0,1,0,0,6,1,3,1,14,12
"4775",4,5,8,7,3,11,5,2,8,7,3,7,5,3,4,1,4,1,0,3,4,1,2,17,16
"4776",5,6,8,7,3,12,11,5,8,7,3,11,5,1,0,0,5,3,6,1,6,1,3,18,23
"4777",6,6,8,12,3,15,11,6,8,7,3,12,11,5,3,0,3,0,0,5,3,3,2,23,26
"4778",7,6,8,17,3,15,14,6,8,12,3,15,11,3,5,2,3,2,0,5,3,3,3,28,29
"4779",8,8,8,17,3,15,19,6,8,17,3,15,14,2,0,0,3,4,5,2,5,1,3,30,34
"4780",9,12,8,17,3,15,22,8,8,17,3,15,19,3,4,0,3,0,0,4,3,1,3,34,37
"4781",10,12,8,22,3,15,26,12,8,17,3,15,22,4,1,5,4,1,0,5,4,3,3,39,41
"4782",11,12,9,22,12,15,26,12,8,22,3,15,26,1,0,0,6,4,5,1,6,2,1,40,50
"4783",12,12,9,22,12,15,26,12,9,22,12,15,26,4,5,0,NA,0,0,0,0,0,0,40,50
"4784",0,0,0,0,0,0,0,0,0,0,0,0,0,0,0,0,0,0,0,0,0,0,0,0,0
"4785",1,1,5,1,1,6,1,1,1,1,1,1,1,5,5,4,5,5,0,4,5,2,2,4,5
"4786",2,6,5,1,1,13,1,1,5,1,1,6,1,5,0,0,5,6,6,5,6,1,2,9,12
"4787",3,6,11,5,1,18,1,6,5,1,1,13,1,5,6,0,5,0,0,6,5,2,2,19,17
"4788",4,10,11,5,2,18,1,6,11,5,1,18,1,1,4,1,1,1,0,4,1,1,1,23,18
"4789",5,10,11,6,2,23,1,10,11,5,2,18,1,1,0,0,3,5,2,1,5,3,2,24,23
"4790",6,12,11,6,2,23,4,10,11,6,2,23,1,3,2,0,3,0,0,2,3,1,3,26,26
"4791",7,17,11,12,2,23,9,12,11,6,2,23,4,5,6,4,5,4,0,6,5,3,3,37,31
"4792",8,17,11,16,2,27,9,17,11,12,2,23,9,4,0,0,5,1,4,4,4,3,2,41,35
"4793",9,22,11,16,2,27,10,17,11,16,2,27,9,5,1,0,1,0,0,5,1,1,3,46,36
"4794",10,22,1,16,15,27,10,22,11,16,2,27,10,2,5,6,2,5,0,6,2,2,1,36,49
"4795",11,27,1,16,15,32,10,22,1,16,15,27,10,5,0,0,3,5,4,5,5,1,2,41,54
"4796",12,27,1,16,15,32,10,27,1,16,15,32,10,3,4,0,NA,0,0,0,0,0,0,41,54
"4797",0,0,0,0,0,0,0,0,0,0,0,0,0,0,0,0,0,0,0,0,0,0,0,0,0
"4798",1,1,4,1,1,2,1,1,1,1,1,1,1,1,3,1,1,1,0,3,1,2,2,3,1
"4799",2,1,4,2,1,2,5,1,4,1,1,2,1,1,0,0,4,4,5,1,4,3,3,4,5
"4800",3,1,8,2,1,2,10,1,4,2,1,2,5,4,5,0,5,0,0,4,5,2,3,8,10
"4801",4,8,8,2,1,6,10,1,8,2,1,2,10,3,6,4,3,4,0,6,4,1,2,15,14
"4802",5,8,8,5,6,6,10,8,8,2,1,6,10,3,0,0,2,5,3,3,5,3,1,18,19
"4803",6,8,10,5,6,6,13,8,8,5,6,6,10,2,3,0,3,0,0,2,3,2,3,20,22
"4804",7,8,10,9,10,6,13,8,10,5,6,6,13,4,4,4,4,4,0,4,4,3,1,24,26
"4805",8,8,10,13,13,6,13,8,10,9,10,6,13,4,0,0,4,3,1,4,3,3,1,28,29
"4806",9,8,10,17,13,6,14,8,10,13,13,6,13,4,1,0,1,0,0,4,1,3,3,32,30
"4807",10,8,15,17,15,6,14,8,10,17,13,6,14,2,1,5,2,1,0,5,2,2,1,37,32
"4808",11,9,15,17,19,6,14,8,15,17,15,6,14,1,0,0,4,4,1,1,4,1,1,38,36
"4809",12,9,15,17,19,6,14,9,15,17,19,6,14,4,1,0,NA,0,0,0,0,0,0,38,36
"4810",0,0,0,0,0,0,0,0,0,0,0,0,0,0,0,0,0,0,0,0,0,0,0,0,0
"4811",1,1,3,1,1,1,5,1,1,1,1,1,1,4,1,2,4,1,0,2,4,2,3,2,4
"4812",2,1,3,2,1,5,5,1,3,1,1,1,5,1,0,0,3,3,4,1,4,3,2,3,8
"4813",3,4,3,2,1,5,8,1,3,2,1,5,5,3,3,0,3,0,0,3,3,1,3,6,11
"4814",4,7,3,2,7,8,8,4,3,2,1,5,8,4,6,3,4,6,0,3,6,1,1,9,20
"4815",5,7,7,2,7,13,8,7,3,2,7,8,8,4,0,0,5,3,1,4,5,2,2,13,25
"4816",6,8,7,2,10,13,8,7,7,2,7,13,8,3,1,0,3,0,0,1,3,1,1,14,28
"4817",7,10,7,2,10,17,8,8,7,2,10,13,8,2,1,4,1,4,0,2,4,1,2,16,32
"4818",8,10,8,2,12,17,14,10,7,2,10,17,8,1,0,0,4,1,6,1,6,2,3,17,40
"4819",9,14,8,2,13,17,14,10,8,2,12,17,14,4,1,0,1,0,0,4,1,1,1,21,41
"4820",10,16,8,2,13,22,20,14,8,2,13,17,14,2,6,5,6,5,0,2,6,1,3,23,52
"4821",11,21,8,2,14,22,20,16,8,2,13,22,20,5,0,0,1,1,1,5,1,1,1,28,53
"4822",12,21,8,2,14,22,20,21,8,2,14,22,20,1,1,0,NA,0,0,0,0,0,0,28,53
"4823",0,0,0,0,0,0,0,0,0,0,0,0,0,0,0,0,0,0,0,0,0,0,0,0,0
"4824",1,1,1,13,1,3,1,1,1,1,1,1,1,6,2,2,2,2,0,6,2,3,2,12,2
"4825",2,3,1,13,1,5,1,1,1,13,1,3,1,2,0,0,2,1,3,2,2,1,2,14,4
"4826",3,6,1,13,2,5,1,3,1,13,1,5,1,1,3,0,1,0,0,3,1,1,1,17,5
"4827",4,6,2,13,2,10,1,6,1,13,2,5,1,1,5,3,5,3,0,1,5,2,2,18,10
"4828",5,9,2,13,6,10,1,6,2,13,2,10,1,3,0,0,1,4,4,3,4,1,1,21,14
"4829",6,13,2,13,7,10,1,9,2,13,6,10,1,1,4,0,1,0,0,4,1,1,1,25,15
"4830",7,17,8,13,7,21,1,13,2,13,7,10,1,2,6,6,2,6,0,6,6,2,2,35,26
"4831",8,19,8,13,7,26,1,17,8,13,7,21,1,2,0,0,5,6,1,2,5,1,2,37,31
"4832",9,19,17,13,7,27,1,19,8,13,7,26,1,6,1,0,1,0,0,6,1,2,2,46,32
"4833",10,23,17,13,7,30,1,19,17,13,7,27,1,4,4,3,4,3,0,4,3,1,2,50,35
"4834",11,23,21,13,7,30,5,23,17,13,7,30,1,4,0,0,2,6,4,4,4,2,3,54,39
"4835",12,23,21,13,7,30,5,23,21,13,7,30,5,2,6,0,NA,0,0,0,0,0,0,54,39
"4836",0,0,0,0,0,0,0,0,0,0,0,0,0,0,0,0,0,0,0,0,0,0,0,0,0
"4837",1,9,1,1,1,5,1,1,1,1,1,1,1,6,4,4,4,4,0,6,4,1,2,8,4
"4838",2,9,1,5,1,10,1,9,1,1,1,5,1,4,0,0,2,2,5,4,5,3,2,12,9
"4839",3,9,3,5,1,10,3,9,1,5,1,10,1,2,2,0,2,0,0,2,2,2,3,14,11
"4840",4,11,3,5,1,11,3,9,3,5,1,10,3,2,1,1,1,1,0,2,1,1,2,16,12
"4841",5,12,3,5,1,16,3,11,3,5,1,11,3,1,0,0,2,5,6,1,5,1,2,17,17
"4842",6,12,9,6,3,16,3,12,3,5,1,16,3,2,6,0,2,0,0,6,2,2,1,24,19
"4843",7,16,9,6,4,16,3,12,9,6,3,16,3,1,1,4,1,1,0,4,1,1,1,28,20
"4844",8,17,9,6,10,18,3,16,9,6,4,16,3,1,0,0,6,2,2,1,6,1,1,29,28
"4845",9,17,11,6,10,20,3,17,9,6,10,18,3,2,2,0,2,0,0,2,2,2,2,31,30
"4846",10,17,11,15,10,20,7,17,11,6,10,20,3,4,6,2,4,2,0,6,4,3,3,40,34
"4847",11,19,11,15,12,20,7,17,11,15,10,20,7,2,0,0,2,2,2,2,2,1,1,42,36
"4848",12,19,11,15,12,20,7,19,11,15,12,20,7,2,2,0,NA,0,0,0,0,0,0,42,36
"4849",0,0,0,0,0,0,0,0,0,0,0,0,0,0,0,0,0,0,0,0,0,0,0,0,0
"4850",1,10,1,1,1,3,1,1,1,1,1,1,1,6,2,2,2,2,0,6,2,1,2,9,2
"4851",2,10,3,1,1,6,1,10,1,1,1,3,1,2,0,0,3,2,1,2,3,2,2,11,5
"4852",3,12,3,1,2,6,1,10,3,1,1,6,1,2,1,0,1,0,0,2,1,1,1,13,6
"4853",4,12,7,1,2,6,5,12,3,1,2,6,1,4,4,1,4,1,0,4,4,2,3,17,10
"4854",5,12,8,1,2,9,5,12,7,1,2,6,5,1,0,0,4,1,3,1,3,2,2,18,13
"4855",6,12,12,1,2,9,6,12,8,1,2,9,5,4,1,0,1,0,0,4,1,2,3,22,14
"4856",7,17,18,1,2,9,9,12,12,1,2,9,6,2,3,6,2,3,0,6,3,2,3,33,17
"4857",8,17,20,1,2,14,9,17,18,1,2,9,9,2,0,0,6,1,5,2,5,2,2,35,22
"4858",9,17,29,1,2,14,10,17,20,1,2,14,9,6,1,0,1,0,0,6,1,2,3,44,23
"4859",10,17,31,1,5,14,10,17,29,1,2,14,10,3,2,2,3,2,0,2,3,2,1,46,26
"4860",11,19,1,1,13,14,10,17,31,1,5,14,10,2,0,0,4,6,2,2,4,1,1,18,34
"4861",12,19,1,1,13,14,10,19,1,1,13,14,10,6,2,0,NA,0,0,0,0,0,0,18,34
"4862",0,0,0,0,0,0,0,0,0,0,0,0,0,0,0,0,0,0,0,0,0,0,0,0,0
"4863",1,1,5,1,1,1,6,1,1,1,1,1,1,4,1,5,1,5,0,4,5,2,3,4,5
"4864",2,1,5,2,1,1,11,1,5,1,1,1,6,1,0,0,5,4,3,1,5,3,3,5,10
"4865",3,1,8,2,1,5,11,1,5,2,1,1,11,4,3,0,4,0,0,3,4,2,2,8,14
"4866",4,1,11,2,1,9,11,1,8,2,1,5,11,3,1,4,1,4,0,3,4,2,2,11,18
"4867",5,1,11,3,3,15,11,1,11,2,1,9,11,1,0,0,6,3,6,1,6,3,2,12,26
"4868",6,1,11,6,9,15,15,1,11,3,3,15,11,3,6,0,6,0,0,3,6,3,1,15,36
"4869",7,1,15,6,15,17,15,1,11,6,9,15,15,4,1,6,1,6,0,4,6,2,1,19,44
"4870",8,1,15,7,15,19,15,1,15,6,15,17,15,1,0,0,2,1,2,1,2,3,2,20,46
"4871",9,2,15,7,17,19,15,1,15,7,15,19,15,1,2,0,2,0,0,1,2,1,1,21,48
"4872",10,9,15,7,18,19,15,2,15,7,17,19,15,6,1,5,1,5,0,6,1,1,1,28,49
"4873",11,14,15,7,22,19,15,9,15,7,18,19,15,5,0,0,4,6,2,5,4,1,1,33,53
"4874",12,14,15,7,22,19,15,14,15,7,22,19,15,6,2,0,NA,0,0,0,0,0,0,33,53
"4875",0,0,0,0,0,0,0,0,0,0,0,0,0,0,0,0,0,0,0,0,0,0,0,0,0
"4876",1,9,1,7,1,1,2,1,1,1,1,1,1,1,6,1,1,1,0,6,1,1,3,14,1
"4877",2,9,2,7,5,7,2,9,1,7,1,1,2,1,0,0,6,6,5,1,6,2,2,15,11
"4878",3,15,2,12,10,7,2,9,2,7,5,7,2,6,5,0,5,0,0,6,5,1,1,26,16
"4879",4,15,3,12,10,7,7,15,2,12,10,7,2,3,1,5,3,5,0,1,5,2,3,27,21
"4880",5,15,3,15,10,7,17,15,3,12,10,7,7,3,0,0,6,1,2,3,6,3,3,30,31
"4881",6,15,4,15,10,9,17,15,3,15,10,7,17,1,2,0,2,0,0,1,2,2,2,31,33
"4882",7,15,4,20,10,12,17,15,4,15,10,9,17,4,5,3,4,3,0,5,3,3,2,36,36
"4883",8,15,8,20,10,16,17,15,4,20,10,12,17,4,0,0,1,4,4,4,4,2,2,40,40
"4884",9,19,8,20,10,16,18,15,8,20,10,16,17,1,4,0,1,0,0,4,1,1,3,44,41
"4885",10,19,8,24,10,20,18,19,8,20,10,16,18,4,4,3,4,3,0,4,4,3,2,48,45
"4886",11,22,8,24,12,20,18,19,8,24,10,20,18,3,0,0,2,1,4,3,2,1,1,51,47
"4887",12,22,8,24,12,20,18,22,8,24,12,20,18,1,4,0,NA,0,0,0,0,0,0,51,47
"4888",0,0,0,0,0,0,0,0,0,0,0,0,0,0,0,0,0,0,0,0,0,0,0,0,0
"4889",1,1,1,3,1,6,1,1,1,1,1,1,1,5,2,5,5,5,0,2,5,3,2,2,5
"4890",2,1,6,3,4,6,1,1,1,3,1,6,1,5,0,0,1,3,5,5,3,2,1,7,8
"4891",3,6,6,3,4,7,1,1,6,3,4,6,1,1,5,0,1,0,0,5,1,1,2,12,9
"4892",4,8,6,3,4,12,1,6,6,3,4,7,1,5,1,2,5,1,0,2,5,1,2,14,14
"4893",5,8,6,4,4,12,6,8,6,3,4,12,1,1,0,0,1,1,5,1,5,3,3,15,19
"4894",6,8,7,4,4,12,7,8,6,4,4,12,6,1,1,0,1,0,0,1,1,2,3,16,20
"4895",7,8,11,4,4,17,7,8,7,4,4,12,7,5,1,4,5,1,0,4,5,2,2,20,25
"4896",8,8,12,4,4,23,9,8,11,4,4,17,7,1,0,0,2,6,2,1,6,2,2,21,33
"4897",9,8,12,6,4,23,11,8,12,4,4,23,9,2,2,0,2,0,0,2,2,3,3,23,35
"4898",10,13,12,6,8,23,11,8,12,6,4,23,11,5,4,3,4,3,0,5,4,1,1,28,39
"4899",11,16,12,6,17,23,11,13,12,6,8,23,11,3,0,0,6,4,2,3,6,1,1,31,48
"4900",12,16,12,6,17,23,11,16,12,6,17,23,11,4,2,0,NA,0,0,0,0,0,0,31,48
"4901",0,0,0,0,0,0,0,0,0,0,0,0,0,0,0,0,0,0,0,0,0,0,0,0,0
"4902",1,1,5,1,1,3,1,1,1,1,1,1,1,4,2,2,2,2,0,4,2,2,2,4,2
"4903",2,1,7,1,1,3,5,1,5,1,1,3,1,2,0,0,5,4,2,2,4,2,3,6,6
"4904",3,1,7,6,3,3,5,1,7,1,1,3,5,5,2,0,2,0,0,5,2,3,1,11,8
"4905",4,4,7,6,3,7,5,1,7,6,3,3,5,3,4,4,4,4,0,3,4,1,2,14,12
"4906",5,8,7,6,3,11,5,4,7,6,3,7,5,4,0,0,2,4,5,4,4,1,2,18,16
"4907",6,13,7,6,3,13,5,8,7,6,3,11,5,2,5,0,2,0,0,5,2,1,2,23,18
"4908",7,17,7,6,6,13,5,13,7,6,3,13,5,4,2,3,2,3,0,4,3,1,1,27,21
"4909",8,19,7,6,10,13,5,17,7,6,6,13,5,2,0,0,4,4,4,2,4,1,1,29,25
"4910",9,19,11,6,14,13,5,19,7,6,10,13,5,4,4,0,4,0,0,4,4,2,1,33,29
"4911",10,19,11,10,19,13,5,19,11,6,14,13,5,5,3,4,5,3,0,4,5,3,1,37,34
"4912",11,19,11,13,22,13,5,19,11,10,19,13,5,3,0,0,6,2,3,3,3,3,1,40,37
"4913",12,19,11,13,22,13,5,19,11,13,22,13,5,6,2,0,NA,0,0,0,0,0,0,40,37
"4914",0,0,0,0,0,0,0,0,0,0,0,0,0,0,0,0,0,0,0,0,0,0,0,0,0
"4915",1,6,1,1,1,5,1,1,1,1,1,1,1,1,4,5,1,4,0,5,4,1,2,5,4
"4916",2,7,1,1,1,5,5,6,1,1,1,5,1,1,0,0,4,4,2,1,4,1,3,6,8
"4917",3,11,1,1,1,5,7,7,1,1,1,5,5,4,2,0,2,0,0,4,2,1,3,10,10
"4918",4,11,4,1,1,5,10,11,1,1,1,5,7,3,3,3,3,3,0,3,3,2,3,13,13
"4919",5,14,4,1,1,5,14,11,4,1,1,5,10,3,0,0,3,4,4,3,4,1,3,16,17
"4920",6,17,4,1,5,5,14,14,4,1,1,5,14,3,4,0,4,0,0,3,4,1,1,19,21
"4921",7,17,4,12,5,10,14,17,4,1,5,5,14,5,3,6,5,3,0,6,5,3,2,30,26
"4922",8,17,4,15,10,22,14,17,4,12,5,10,14,3,0,0,6,4,3,3,6,3,2,33,43
"4923",9,21,4,15,13,22,14,17,4,15,10,22,14,4,3,0,3,0,0,4,3,1,1,37,46
"4924",10,21,8,15,13,22,19,21,4,15,13,22,14,1,4,5,1,5,0,4,5,2,3,41,51
"4925",11,22,8,15,24,22,19,21,8,15,13,22,19,1,0,0,3,6,2,1,6,1,1,42,62
"4926",12,22,8,15,24,22,19,22,8,15,24,22,19,3,2,0,NA,0,0,0,0,0,0,42,62
"4927",0,0,0,0,0,0,0,0,0,0,0,0,0,0,0,0,0,0,0,0,0,0,0,0,0
"4928",1,5,1,7,1,3,1,1,1,1,1,1,1,6,2,1,2,1,0,6,2,3,2,10,2
"4929",2,5,2,7,1,12,1,5,1,7,1,3,1,1,0,0,6,6,2,1,6,2,2,11,11
"4930",3,6,8,7,3,12,1,5,2,7,1,12,1,6,2,0,2,0,0,6,2,2,1,18,13
"4931",4,10,8,7,5,12,1,6,8,7,3,12,1,4,1,2,1,2,0,4,2,1,1,22,15
"4932",5,10,8,8,5,12,3,10,8,7,5,12,1,1,0,0,2,5,1,1,2,3,3,23,17
"4933",6,10,8,13,5,13,3,10,8,8,5,12,3,5,1,0,1,0,0,5,1,3,2,28,18
"4934",7,10,12,13,5,16,3,10,8,13,5,13,3,4,1,3,1,3,0,4,3,2,2,32,21
"4935",8,10,13,13,8,16,3,10,12,13,5,16,3,1,0,0,6,3,1,1,3,2,1,33,24
"4936",9,16,14,13,8,17,3,10,13,13,8,16,3,6,1,0,1,0,0,6,1,1,2,40,25
"4937",10,16,18,13,8,17,8,16,14,13,8,17,3,4,5,2,5,2,0,4,5,2,3,44,30
"4938",11,16,20,13,9,17,8,16,18,13,8,17,8,2,0,0,1,2,3,2,1,2,1,46,31
"4939",12,16,20,13,9,17,8,16,20,13,9,17,8,2,3,0,NA,0,0,0,0,0,0,46,31
"4940",0,0,0,0,0,0,0,0,0,0,0,0,0,0,0,0,0,0,0,0,0,0,0,0,0
"4941",1,6,1,1,6,1,1,1,1,1,1,1,1,5,5,2,5,2,0,5,5,1,1,5,5
"4942",2,8,1,1,6,4,7,6,1,1,6,1,1,2,0,0,5,6,6,2,6,1,3,7,14
"4943",3,13,1,1,6,4,15,8,1,1,6,4,7,5,6,0,6,0,0,5,6,1,3,12,22
"4944",4,16,1,1,6,7,15,13,1,1,6,4,15,3,3,3,3,3,0,3,3,1,2,15,25
"4945",5,19,1,1,6,7,19,16,1,1,6,7,15,3,0,0,4,4,5,3,4,1,3,18,29
"4946",6,19,5,1,6,12,19,19,1,1,6,7,19,4,5,0,5,0,0,4,5,2,2,22,34
"4947",7,19,10,1,6,14,19,19,5,1,6,12,19,1,2,5,1,2,0,5,2,2,2,27,36
"4948",8,19,11,1,6,14,23,19,10,1,6,14,19,1,0,0,1,4,4,1,4,2,3,28,40
"4949",9,23,11,1,6,15,23,19,11,1,6,14,23,1,4,0,1,0,0,4,1,1,2,32,41
"4950",10,23,15,1,9,15,23,23,11,1,6,15,23,4,3,4,3,4,0,4,3,2,1,36,44
"4951",11,27,15,1,13,15,23,23,15,1,9,15,23,4,0,0,6,4,6,4,4,1,1,40,48
"4952",12,27,15,1,13,15,23,27,15,1,13,15,23,6,6,0,NA,0,0,0,0,0,0,40,48
"4953",0,0,0,0,0,0,0,0,0,0,0,0,0,0,0,0,0,0,0,0,0,0,0,0,0
"4954",1,1,1,4,1,1,12,1,1,1,1,1,1,3,6,1,6,1,0,3,6,3,3,3,11
"4955",2,1,1,5,4,7,12,1,1,4,1,1,12,1,0,0,5,6,5,1,6,3,2,4,20
"4956",3,1,6,5,9,7,12,1,1,5,4,7,12,5,5,0,5,0,0,5,5,2,1,9,25
"4957",4,5,6,5,9,9,12,1,6,5,9,7,12,4,1,2,1,2,0,4,2,1,2,13,27
"4958",5,5,7,5,9,13,12,5,6,5,9,9,12,1,0,0,2,2,4,1,4,2,2,14,31
"4959",6,7,7,5,11,13,12,5,7,5,9,13,12,2,2,0,2,0,0,2,2,1,1,16,33
"4960",7,7,7,8,17,13,15,7,7,5,11,13,12,3,3,6,3,6,0,3,6,3,1,19,42
"4961",8,10,7,8,17,18,15,7,7,8,17,13,15,3,0,0,5,5,1,3,5,1,2,22,47
"4962",9,10,7,9,22,18,15,10,7,8,17,18,15,5,1,0,5,0,0,1,5,3,1,23,52
"4963",10,10,9,9,28,20,15,10,7,9,22,18,15,6,2,2,6,2,0,2,6,2,1,25,60
"4964",11,12,9,9,32,20,15,10,9,9,28,20,15,2,0,0,4,5,4,2,4,1,1,27,64
"4965",12,12,9,9,32,20,15,12,9,9,32,20,15,5,4,0,NA,0,0,0,0,0,0,27,64
"4966",0,0,0,0,0,0,0,0,0,0,0,0,0,0,0,0,0,0,0,0,0,0,0,0,0
"4967",1,1,1,9,1,1,5,1,1,1,1,1,1,4,3,6,4,3,0,6,4,3,3,8,4
"4968",2,4,1,9,7,6,5,1,1,9,1,1,5,3,0,0,6,1,3,3,6,1,1,11,15
"4969",3,5,1,9,7,9,5,4,1,9,7,6,5,1,3,0,3,0,0,1,3,1,2,12,18
"4970",4,5,2,9,7,13,5,5,1,9,7,9,5,4,4,1,4,4,0,1,4,2,2,13,22
"4971",5,5,6,9,7,15,11,5,2,9,7,13,5,4,0,0,1,4,6,4,6,2,3,17,30
"4972",6,5,10,9,7,16,11,5,6,9,7,15,11,1,4,0,1,0,0,4,1,2,2,21,31
"4973",7,5,15,9,10,16,11,5,10,9,7,16,11,3,5,1,3,1,0,5,3,2,1,26,34
"4974",8,6,15,9,10,16,14,5,15,9,10,16,11,1,0,0,2,1,3,1,3,1,3,27,37
"4975",9,7,15,9,10,16,16,6,15,9,10,16,14,2,1,0,2,0,0,1,2,1,3,28,39
"4976",10,11,15,9,14,16,16,7,15,9,10,16,16,4,2,4,2,4,0,4,4,1,1,32,43
"4977",11,13,15,9,19,16,16,11,15,9,14,16,16,2,0,0,5,5,2,2,5,1,1,34,48
"4978",12,13,15,9,19,16,16,13,15,9,19,16,16,5,2,0,NA,0,0,0,0,0,0,34,48
"4979",0,0,0,0,0,0,0,0,0,0,0,0,0,0,0,0,0,0,0,0,0,0,0,0,0
"4980",1,6,1,1,2,1,1,1,1,1,1,1,1,5,1,1,1,1,0,5,1,1,1,5,1
"4981",2,6,1,2,2,1,5,6,1,1,2,1,1,1,0,0,1,2,4,1,4,3,3,6,5
"4982",3,6,1,4,2,2,5,6,1,2,2,1,5,1,2,0,1,0,0,2,1,3,2,8,6
"4983",4,11,1,4,7,2,5,6,1,4,2,2,5,5,5,1,5,1,0,5,5,1,1,13,11
"4984",5,12,1,4,7,4,11,11,1,4,7,2,5,1,0,0,2,6,6,1,6,1,3,14,19
"4985",6,12,7,9,9,4,11,12,1,4,7,4,11,2,6,0,2,0,0,6,2,2,1,25,21
"4986",7,17,7,9,9,6,11,12,7,9,9,4,11,2,5,1,2,1,0,5,2,1,2,30,23
"4987",8,18,7,9,9,10,11,17,7,9,9,6,11,1,0,0,4,6,4,1,4,1,2,31,27
"4988",9,24,13,11,13,10,11,18,7,9,9,10,11,6,4,0,4,0,0,6,4,1,1,45,31
"4989",10,28,19,11,13,10,14,24,13,11,13,10,11,6,3,6,3,6,0,6,3,2,3,55,34
"4990",11,1,1,11,21,7,14,28,19,11,13,10,14,6,0,0,5,6,2,6,2,2,2,10,39
"4991",12,1,1,11,21,7,14,1,1,11,21,7,14,5,6,0,NA,0,0,0,0,0,0,10,39
"4992",0,0,0,0,0,0,0,0,0,0,0,0,0,0,0,0,0,0,0,0,0,0,0,0,0
"4993",1,5,7,1,1,1,4,1,1,1,1,1,1,1,3,6,1,3,0,6,3,2,3,10,3
"4994",2,5,7,2,7,1,11,5,7,1,1,1,4,1,0,0,4,3,6,1,6,3,1,11,16
"4995",3,9,7,2,10,1,11,5,7,2,7,1,11,4,3,0,3,0,0,4,3,1,1,15,19
"4996",4,13,7,2,10,1,14,9,7,2,10,1,11,4,3,3,3,3,0,4,3,1,3,19,22
"4997",5,13,7,5,10,1,19,13,7,2,10,1,14,3,0,0,5,4,5,3,5,3,3,22,27
"4998",6,18,7,5,10,5,19,13,7,5,10,1,19,4,5,0,4,0,0,5,4,1,2,27,31
"4999",7,21,7,5,10,5,24,18,7,5,10,5,19,5,4,3,5,4,0,3,5,1,3,30,36
"5000",8,25,7,5,10,5,25,21,7,5,10,5,24,4,0,0,1,4,1,4,1,1,3,34,37
"5001",9,29,7,5,11,5,25,25,7,5,10,5,25,4,1,0,1,0,0,4,1,1,1,38,38
"5002",10,32,7,5,12,5,25,29,7,5,11,5,25,3,1,1,1,1,0,3,1,1,1,41,39
"5003",11,32,8,1,12,8,27,32,7,5,12,5,25,1,0,0,6,6,2,1,2,2,3,38,44
"5004",12,32,8,1,12,8,27,32,8,1,12,8,27,6,6,0,NA,0,0,0,0,0,0,38,44
"5005",0,0,0,0,0,0,0,0,0,0,0,0,0,0,0,0,0,0,0,0,0,0,0,0,0
"5006",1,2,1,7,1,1,5,1,1,1,1,1,1,1,6,4,1,4,0,6,4,3,3,7,4
"5007",2,3,1,7,5,1,11,2,1,7,1,1,5,1,0,0,6,4,6,1,6,1,3,8,14
"5008",3,9,4,13,5,1,15,3,1,7,5,1,11,4,6,0,4,0,0,6,4,3,3,23,18
"5009",4,15,1,19,5,3,26,9,4,13,5,1,15,6,6,6,6,6,0,6,6,3,3,32,31
"5010",5,1,3,19,5,5,26,15,1,19,5,3,26,6,0,0,4,2,5,6,2,1,2,20,33
"5011",6,6,3,19,9,5,26,1,3,19,5,5,26,4,5,0,4,0,0,5,4,1,1,25,37
"5012",7,8,3,19,20,5,26,6,3,19,9,5,26,6,2,2,6,2,0,2,6,1,1,27,48
"5013",8,8,3,21,26,12,26,8,3,19,20,5,26,2,0,0,6,3,1,2,6,3,1,29,61
"5014",9,8,3,24,26,13,26,8,3,21,26,12,26,3,1,0,1,0,0,3,1,3,2,32,62
"5015",10,13,3,24,26,14,26,8,3,24,26,13,26,5,1,1,1,1,0,5,1,1,2,37,63
"5016",11,14,3,24,26,23,26,13,3,24,26,14,26,1,0,0,6,4,6,1,6,1,2,38,72
"5017",12,14,3,24,26,23,26,14,3,24,26,23,26,4,6,0,NA,0,0,0,0,0,0,38,72
"5018",0,0,0,0,0,0,0,0,0,0,0,0,0,0,0,0,0,0,0,0,0,0,0,0,0
"5019",1,1,1,6,1,4,1,1,1,1,1,1,1,5,3,2,3,2,0,5,3,3,2,5,3
"5020",2,1,1,8,7,7,1,1,1,6,1,4,1,2,0,0,3,6,1,2,6,3,1,7,12
"5021",3,4,1,8,8,7,1,1,1,8,7,7,1,3,1,0,1,0,0,3,1,1,1,10,13
"5022",4,4,1,17,10,7,1,4,1,8,8,7,1,6,2,1,2,1,0,6,2,3,1,19,15
"5023",5,5,1,17,10,7,6,4,1,17,10,7,1,1,0,0,4,5,5,1,5,1,3,20,20
"5024",6,5,5,17,10,7,11,5,1,17,10,7,6,4,5,0,5,0,0,4,5,2,3,24,25
"5025",7,10,5,17,10,7,15,5,5,17,10,7,11,5,1,4,1,4,0,5,4,1,3,29,29
"5026",8,10,5,18,16,7,20,10,5,17,10,7,15,1,0,0,5,2,6,1,6,3,1,30,40
"5027",9,15,5,18,16,9,20,10,5,18,16,7,20,5,2,0,2,0,0,5,2,1,2,35,42
"5028",10,15,10,18,21,15,20,15,5,18,16,9,20,2,6,5,2,6,0,5,6,2,2,40,53
"5029",11,17,10,18,22,15,20,15,10,18,21,15,20,2,0,0,1,1,2,2,1,1,1,42,54
"5030",12,17,10,18,22,15,20,17,10,18,22,15,20,1,2,0,NA,0,0,0,0,0,0,42,54
"5031",0,0,0,0,0,0,0,0,0,0,0,0,0,0,0,0,0,0,0,0,0,0,0,0,0
"5032",1,2,1,1,4,1,1,1,1,1,1,1,1,1,3,3,3,3,0,1,3,1,1,1,3
"5033",2,5,1,1,4,1,5,2,1,1,4,1,1,3,0,0,4,2,4,3,4,1,3,4,7
"5034",3,9,1,1,4,3,5,5,1,1,4,1,5,2,4,0,2,0,0,4,2,1,2,8,9
"5035",4,10,1,7,8,3,5,9,1,1,4,3,5,6,1,4,1,4,0,6,4,3,1,15,13
"5036",5,10,2,7,8,6,5,10,1,7,8,3,5,1,0,0,3,1,1,1,3,2,2,16,16
"5037",6,10,2,8,9,6,5,10,2,7,8,6,5,1,1,0,1,0,0,1,1,3,1,17,17
"5038",7,10,6,8,9,8,5,10,2,8,9,6,5,1,4,2,1,2,0,4,2,2,2,21,19
"5039",8,11,6,8,9,13,5,10,6,8,9,8,5,1,0,0,5,1,4,1,5,1,2,22,24
"5040",9,15,6,8,9,13,6,11,6,8,9,13,5,1,4,0,1,0,0,4,1,1,3,26,25
"5041",10,15,9,8,9,13,17,15,6,8,9,13,6,3,2,6,2,6,0,3,6,2,3,29,36
"5042",11,17,9,8,12,13,17,15,9,8,9,13,17,2,0,0,3,3,1,2,3,1,1,31,39
"5043",12,17,9,8,12,13,17,17,9,8,12,13,17,3,1,0,NA,0,0,0,0,0,0,31,39
"5044",0,0,0,0,0,0,0,0,0,0,0,0,0,0,0,0,0,0,0,0,0,0,0,0,0
"5045",1,2,1,1,1,5,1,1,1,1,1,1,1,1,3,4,3,4,0,1,4,1,2,1,4
"5046",2,2,4,1,1,5,5,2,1,1,1,5,1,3,0,0,4,2,4,3,4,2,3,4,8
"5047",3,2,8,1,1,7,5,2,4,1,1,5,5,2,4,0,2,0,0,4,2,2,2,8,10
"5048",4,2,12,1,1,7,8,2,8,1,1,7,5,4,3,3,3,3,0,4,3,2,3,12,13
"5049",5,2,12,4,1,11,8,2,12,1,1,7,8,3,0,0,2,1,4,3,4,3,2,15,17
"5050",6,3,12,4,1,11,10,2,12,4,1,11,8,2,1,0,2,0,0,1,2,1,3,16,19
"5051",7,4,12,4,1,11,14,3,12,4,1,11,10,1,4,1,4,1,0,1,4,1,3,17,23
"5052",8,4,13,4,4,11,14,4,12,4,1,11,14,1,0,0,1,3,3,1,3,2,1,18,26
"5053",9,4,13,7,4,11,15,4,13,4,4,11,14,1,3,0,1,0,0,3,1,3,3,21,27
"5054",10,9,13,7,4,17,19,4,13,7,4,11,15,5,4,6,4,6,0,5,6,1,2,26,37
"5055",11,13,13,7,7,17,19,9,13,7,4,17,19,4,0,0,3,4,4,4,3,1,1,30,40
"5056",12,13,13,7,7,17,19,13,13,7,7,17,19,4,4,0,NA,0,0,0,0,0,0,30,40
"5057",0,0,0,0,0,0,0,0,0,0,0,0,0,0,0,0,0,0,0,0,0,0,0,0,0
"5058",1,6,1,1,1,1,4,1,1,1,1,1,1,1,5,3,1,3,0,5,3,1,3,5,3
"5059",2,7,1,1,2,1,10,6,1,1,1,1,4,1,0,0,6,6,1,1,6,1,3,6,10
"5060",3,7,10,1,3,1,10,7,1,1,2,1,10,6,1,0,1,0,0,6,1,2,1,15,11
"5061",4,7,10,5,3,6,10,7,10,1,3,1,10,4,2,5,2,5,0,4,5,3,2,19,16
"5062",5,9,10,5,6,12,10,7,10,5,3,6,10,2,0,0,2,6,2,2,6,1,2,21,25
"5063",6,9,12,5,6,12,12,9,10,5,6,12,10,2,2,0,2,0,0,2,2,2,3,23,27
"5064",7,13,12,5,6,12,15,9,12,5,6,12,12,4,3,2,3,2,0,4,3,1,3,27,30
"5065",8,13,12,7,10,18,15,13,12,5,6,12,15,2,0,0,4,3,6,2,6,3,2,29,40
"5066",9,13,16,7,10,21,15,13,12,7,10,18,15,4,3,0,3,0,0,4,3,2,2,33,43
"5067",10,13,16,9,12,21,15,13,16,7,10,21,15,1,2,2,1,2,0,2,2,3,1,35,45
"5068",11,14,16,9,14,21,15,13,16,9,12,21,15,1,0,0,2,5,2,1,2,1,1,36,47
"5069",12,14,16,9,14,21,15,14,16,9,14,21,15,5,2,0,NA,0,0,0,0,0,0,36,47
"5070",0,0,0,0,0,0,0,0,0,0,0,0,0,0,0,0,0,0,0,0,0,0,0,0,0
"5071",1,1,1,6,1,6,1,1,1,1,1,1,1,5,3,5,3,5,0,5,5,3,2,5,5
"5072",2,4,1,6,3,6,7,1,1,6,1,6,1,3,0,0,3,6,6,3,6,1,3,8,13
"5073",3,7,13,6,3,9,7,4,1,6,3,6,7,3,6,0,3,0,0,6,3,2,2,23,16
"5074",4,7,16,6,3,13,7,7,13,6,3,9,7,3,2,4,2,4,0,3,4,2,2,26,20
"5075",5,7,16,8,3,18,7,7,16,6,3,13,7,2,0,0,2,4,5,2,5,3,2,28,25
"5076",6,7,16,12,3,20,7,7,16,8,3,18,7,2,4,0,2,0,0,4,2,3,2,32,27
"5077",7,7,20,12,3,24,7,7,16,12,3,20,7,4,3,4,3,4,0,4,4,2,2,36,31
"5078",8,10,20,12,3,24,12,7,20,12,3,24,7,3,0,0,2,5,6,3,5,1,3,39,36
"5079",9,16,21,12,3,26,12,10,20,12,3,24,12,2,6,0,2,0,0,6,2,1,2,46,38
"5080",10,23,21,12,3,28,12,16,21,12,3,26,12,2,2,6,2,2,0,6,2,1,2,53,40
"5081",11,30,21,12,5,28,12,23,21,12,3,28,12,2,0,0,1,4,6,2,4,1,1,60,42
"5082",12,30,21,12,5,28,12,30,21,12,5,28,12,1,6,0,NA,0,0,0,0,0,0,60,42
"5083",0,0,0,0,0,0,0,0,0,0,0,0,0,0,0,0,0,0,0,0,0,0,0,0,0
"5084",1,12,1,1,1,2,1,1,1,1,1,1,1,1,6,1,1,1,0,6,1,1,2,11,1
"5085",2,12,2,1,6,2,1,12,1,1,1,2,1,1,0,0,3,2,5,1,5,2,1,12,6
"5086",3,12,5,1,6,2,3,12,2,1,6,2,1,3,2,0,2,0,0,3,2,2,3,15,8
"5087",4,12,8,7,11,2,3,12,5,1,6,2,3,6,5,5,5,5,0,6,5,3,1,24,13
"5088",5,17,8,7,13,2,3,12,8,7,11,2,3,5,0,0,2,4,2,5,2,1,1,29,15
"5089",6,17,8,11,15,2,3,17,8,7,13,2,3,4,2,0,2,0,0,4,2,3,1,33,17
"5090",7,17,14,13,16,2,3,17,8,11,15,2,3,6,5,1,5,1,0,6,1,2,1,41,18
"5091",8,17,14,18,27,2,3,17,14,13,16,2,3,5,0,0,6,5,6,5,6,3,1,46,29
"5092",9,22,1,18,36,2,8,17,14,18,27,2,3,5,6,0,6,0,0,5,6,1,1,38,43
"5093",10,22,6,18,36,7,8,22,1,18,36,2,8,1,5,5,1,5,0,5,5,2,2,43,48
"5094",11,23,6,18,38,7,8,22,6,18,36,7,8,1,0,0,2,2,5,1,2,1,1,44,50
"5095",12,23,6,18,38,7,8,23,6,18,38,7,8,2,5,0,NA,0,0,0,0,0,0,44,50
"5096",0,0,0,0,0,0,0,0,0,0,0,0,0,0,0,0,0,0,0,0,0,0,0,0,0
"5097",1,5,1,1,2,1,7,1,1,1,1,1,1,1,4,6,1,6,0,4,6,1,3,4,7
"5098",2,5,1,2,7,1,7,5,1,1,2,1,7,1,0,0,2,4,5,1,5,3,1,5,12
"5099",3,9,1,2,9,1,7,5,1,2,7,1,7,2,4,0,2,0,0,4,2,1,1,9,14
"5100",4,9,1,3,15,12,7,9,1,2,9,1,7,1,6,4,6,4,0,1,6,3,2,10,31
"5101",5,9,5,3,15,17,13,9,1,3,15,12,7,4,0,0,4,4,6,4,6,2,3,14,42
"5102",6,9,9,3,19,17,13,9,5,3,15,17,13,4,4,0,4,0,0,4,4,2,1,18,46
"5103",7,13,9,3,19,23,23,9,9,3,19,17,13,4,6,2,6,2,0,4,6,1,3,22,62
"5104",8,13,9,5,23,23,23,13,9,3,19,23,23,2,0,0,4,6,6,2,4,3,1,24,66
"5105",9,23,9,5,23,30,23,13,9,5,23,23,23,6,6,0,6,0,0,6,6,1,2,34,73
"5106",10,23,10,5,23,30,26,23,9,5,23,30,23,3,2,1,3,2,0,1,3,2,3,35,76
"5107",11,25,10,5,25,30,26,23,10,5,23,30,26,2,0,0,2,5,4,2,2,1,1,37,78
"5108",12,25,10,5,25,30,26,25,10,5,25,30,26,5,4,0,NA,0,0,0,0,0,0,37,78
"5109",0,0,0,0,0,0,0,0,0,0,0,0,0,0,0,0,0,0,0,0,0,0,0,0,0
"5110",1,2,1,1,5,1,1,1,1,1,1,1,1,2,1,4,2,4,0,1,4,1,1,1,4
"5111",2,4,1,1,5,6,1,2,1,1,5,1,1,2,0,0,1,5,5,2,5,1,2,3,9
"5112",3,4,6,1,6,6,1,4,1,1,5,6,1,1,5,0,1,0,0,5,1,2,1,8,10
"5113",4,4,9,1,6,9,1,4,6,1,6,6,1,3,1,3,1,3,0,3,3,2,2,11,13
"5114",5,5,9,1,6,15,4,4,9,1,6,9,1,1,0,0,6,2,5,1,6,1,2,12,22
"5115",6,5,9,6,8,15,4,5,9,1,6,15,4,2,5,0,2,0,0,5,2,3,1,17,24
"5116",7,5,11,6,8,15,6,5,9,6,8,15,4,2,1,2,1,2,0,2,2,2,3,19,26
"5117",8,6,11,6,17,15,6,5,11,6,8,15,6,1,0,0,5,6,1,1,6,1,1,20,35
"5118",9,11,11,6,17,16,6,6,11,6,17,15,6,5,1,0,1,0,0,5,1,1,2,25,36
"5119",10,11,16,6,17,16,11,11,11,6,17,16,6,5,3,5,3,5,0,5,5,2,3,30,41
"5120",11,11,16,9,28,16,11,11,16,6,17,16,11,3,0,0,4,6,5,3,6,3,1,33,52
"5121",12,11,16,9,28,16,11,11,16,9,28,16,11,4,5,0,NA,0,0,0,0,0,0,33,52
"5122",0,0,0,0,0,0,0,0,0,0,0,0,0,0,0,0,0,0,0,0,0,0,0,0,0
"5123",1,5,1,1,1,4,1,1,1,1,1,1,1,1,3,4,1,3,0,4,3,1,2,4,3
"5124",2,5,2,1,1,4,3,5,1,1,1,4,1,1,0,0,4,1,2,1,2,2,3,5,5
"5125",3,9,2,1,2,4,3,5,2,1,1,4,3,4,1,0,1,0,0,4,1,1,1,9,6
"5126",4,9,2,6,2,15,3,9,2,1,2,4,3,6,1,5,6,1,0,5,6,3,2,14,17
"5127",5,9,2,7,4,15,3,9,2,6,2,15,3,1,0,0,1,1,2,1,2,3,1,15,19
"5128",6,9,2,8,5,15,3,9,2,7,4,15,3,1,1,0,1,0,0,1,1,3,1,16,20
"5129",7,15,5,14,9,15,9,9,2,8,5,15,3,6,6,1,6,1,0,6,6,3,3,31,30
"5130",8,16,5,14,9,21,11,15,5,14,9,15,9,1,0,0,5,6,4,1,6,1,2,32,38
"5131",9,16,9,14,9,26,11,16,5,14,9,21,11,5,4,0,5,0,0,4,5,2,2,36,43
"5132",10,19,9,14,9,26,15,16,9,14,9,26,11,3,4,3,4,3,0,3,4,1,3,39,47
"5133",11,22,9,14,16,26,15,19,9,14,9,26,15,3,0,0,6,6,6,3,6,1,1,42,54
"5134",12,22,9,14,16,26,15,22,9,14,16,26,15,6,6,0,NA,0,0,0,0,0,0,42,54
"5135",0,0,0,0,0,0,0,0,0,0,0,0,0,0,0,0,0,0,0,0,0,0,0,0,0
"5136",1,6,1,1,1,1,5,1,1,1,1,1,1,5,3,4,3,4,0,5,4,1,3,5,4
"5137",2,6,4,1,1,1,9,6,1,1,1,1,5,3,0,0,4,2,3,3,4,2,3,8,8
"5138",3,9,4,1,1,3,9,6,4,1,1,1,9,2,3,0,2,0,0,3,2,1,2,11,10
"5139",4,9,7,1,1,7,9,9,4,1,1,3,9,3,3,4,3,4,0,3,4,2,2,14,14
"5140",5,9,7,4,1,16,9,9,7,1,1,7,9,3,0,0,4,6,3,3,6,3,2,17,23
"5141",6,12,7,4,1,16,13,9,7,4,1,16,9,4,3,0,4,0,0,3,4,1,3,20,27
"5142",7,15,7,4,2,16,13,12,7,4,1,16,13,3,1,1,1,1,0,3,1,1,1,23,28
"5143",8,15,7,5,12,16,13,15,7,4,2,16,13,1,0,0,1,3,6,1,6,3,1,24,38
"5144",9,16,7,5,12,16,16,15,7,5,12,16,13,1,3,0,3,0,0,1,3,1,3,25,41
"5145",10,16,11,5,12,16,20,16,7,5,12,16,16,4,4,4,4,4,0,4,4,2,3,29,45
"5146",11,20,11,5,14,16,20,16,11,5,12,16,20,4,0,0,2,4,6,4,2,1,1,33,47
"5147",12,20,11,5,14,16,20,20,11,5,14,16,20,4,6,0,NA,0,0,0,0,0,0,33,47
"5148",0,0,0,0,0,0,0,0,0,0,0,0,0,0,0,0,0,0,0,0,0,0,0,0,0
"5149",1,1,2,1,5,1,1,1,1,1,1,1,1,1,2,4,2,4,0,1,4,2,1,1,4
"5150",2,1,4,1,5,1,11,1,2,1,5,1,1,2,0,0,6,4,5,2,6,2,3,3,14
"5151",3,1,9,1,9,1,11,1,4,1,5,1,11,4,5,0,4,0,0,5,4,2,1,8,18
"5152",4,3,15,1,9,5,11,1,9,1,9,1,11,4,2,6,4,2,0,6,4,2,2,16,22
"5153",5,3,17,1,9,10,11,3,15,1,9,5,11,2,0,0,5,3,5,2,5,2,2,18,27
"5154",6,3,17,6,9,13,11,3,17,1,9,10,11,3,5,0,3,0,0,5,3,3,2,23,30
"5155",7,3,18,6,13,13,11,3,17,6,9,13,11,1,2,4,2,4,0,1,4,2,1,24,34
"5156",8,5,18,6,18,13,11,3,18,6,13,13,11,2,0,0,4,5,3,2,5,1,1,26,39
"5157",9,5,18,10,18,16,11,5,18,6,18,13,11,4,3,0,3,0,0,4,3,3,2,30,42
"5158",10,8,18,10,20,16,11,5,18,10,18,16,11,3,2,3,2,3,0,3,2,1,1,33,44
"5159",11,11,18,10,30,16,11,8,18,10,20,16,11,3,0,0,6,3,1,3,6,1,1,36,54
"5160",12,11,18,10,30,16,11,11,18,10,30,16,11,3,1,0,NA,0,0,0,0,0,0,36,54
"5161",0,0,0,0,0,0,0,0,0,0,0,0,0,0,0,0,0,0,0,0,0,0,0,0,0
"5162",1,1,7,3,7,6,1,1,1,1,1,1,1,6,1,6,1,6,0,6,6,2,1,8,11
"5163",2,1,8,3,7,8,1,1,7,3,7,6,1,1,0,0,3,2,3,1,2,2,2,9,13
"5164",3,1,8,6,10,8,1,1,8,3,7,8,1,3,3,0,3,0,0,3,3,3,1,12,16
"5165",4,1,11,6,10,10,1,1,8,6,10,8,1,1,2,3,1,2,0,3,2,2,2,15,18
"5166",5,1,11,7,10,10,10,1,11,6,10,10,1,1,0,0,6,5,1,1,6,3,3,16,27
"5167",6,1,16,7,11,10,10,1,11,7,10,10,10,5,1,0,1,0,0,5,1,2,1,21,28
"5168",7,7,17,7,11,10,14,1,16,7,11,10,10,4,6,3,4,3,0,6,4,1,3,28,32
"5169",8,7,20,7,15,10,14,7,17,7,11,10,14,3,0,0,2,2,4,3,4,2,1,31,36
"5170",9,7,20,9,15,12,14,7,20,7,15,10,14,2,2,0,2,0,0,2,2,3,2,33,38
"5171",10,12,20,9,17,12,14,7,20,9,15,12,14,2,2,5,2,2,0,5,2,1,1,38,40
"5172",11,12,20,11,26,12,14,12,20,9,17,12,14,2,0,0,4,3,6,2,6,3,1,40,49
"5173",12,12,20,11,26,12,14,12,20,11,26,12,14,4,3,0,NA,0,0,0,0,0,0,40,49
"5174",0,0,0,0,0,0,0,0,0,0,0,0,0,0,0,0,0,0,0,0,0,0,0,0,0
"5175",1,5,1,1,1,5,1,1,1,1,1,1,1,4,4,1,4,1,0,4,4,1,2,4,4
"5176",2,5,2,1,1,5,6,5,1,1,1,5,1,1,0,0,5,2,3,1,5,2,3,5,9
"5177",3,8,2,1,1,5,8,5,2,1,1,5,6,2,3,0,2,0,0,3,2,1,3,8,11
"5178",4,14,5,1,1,5,12,8,2,1,1,5,8,6,4,3,4,3,0,6,4,1,3,17,15
"5179",5,14,5,4,1,5,13,14,5,1,1,5,12,3,0,0,2,2,1,3,1,3,3,20,16
"5180",6,16,5,4,1,7,13,14,5,4,1,5,13,2,2,0,2,0,0,2,2,1,2,22,18
"5181",7,1,5,4,4,7,13,16,5,4,1,7,13,2,2,6,2,2,0,6,2,1,1,7,21
"5182",8,3,5,4,4,12,13,1,5,4,4,7,13,2,0,0,5,3,3,2,5,1,2,9,26
"5183",9,6,5,4,7,12,13,3,5,4,4,12,13,3,3,0,3,0,0,3,3,1,1,12,29
"5184",10,11,5,4,11,12,13,6,5,4,7,12,13,5,4,3,4,3,0,5,4,1,1,17,33
"5185",11,14,5,4,12,12,13,11,5,4,11,12,13,3,0,0,1,1,1,3,1,1,1,20,34
"5186",12,14,5,4,12,12,13,14,5,4,12,12,13,1,1,0,NA,0,0,0,0,0,0,20,34
"5187",0,0,0,0,0,0,0,0,0,0,0,0,0,0,0,0,0,0,0,0,0,0,0,0,0
"5188",1,1,9,1,6,1,1,1,1,1,1,1,1,2,5,6,2,5,0,6,5,2,1,8,5
"5189",2,1,9,3,6,1,6,1,9,1,6,1,1,2,0,0,1,5,3,2,5,3,3,10,10
"5190",3,1,9,6,6,2,6,1,9,3,6,1,6,1,3,0,1,0,0,3,1,3,2,13,11
"5191",4,1,15,10,6,6,6,1,9,6,6,2,6,6,4,3,4,3,0,6,4,2,2,23,15
"5192",5,1,18,10,6,11,6,1,15,10,6,6,6,3,0,0,4,5,6,3,5,2,2,26,20
"5193",6,5,18,16,6,11,10,1,18,10,6,11,6,4,6,0,4,0,0,6,4,3,3,36,24
"5194",7,5,23,16,6,15,10,5,18,16,6,11,10,5,4,1,4,1,0,5,4,2,2,41,28
"5195",8,6,23,16,6,23,10,5,23,16,6,15,10,1,0,0,6,5,6,1,6,1,2,42,36
"5196",9,12,26,16,6,28,10,6,23,16,6,23,10,5,6,0,5,0,0,6,5,1,2,51,41
"5197",10,12,31,16,6,29,10,12,26,16,6,28,10,2,5,1,2,1,0,5,1,2,2,56,42
"5198",11,14,31,16,6,34,10,12,31,16,6,29,10,2,0,0,5,6,2,2,5,1,2,58,47
"5199",12,14,31,16,6,34,10,14,31,16,6,34,10,6,2,0,NA,0,0,0,0,0,0,58,47
"5200",0,0,0,0,0,0,0,0,0,0,0,0,0,0,0,0,0,0,0,0,0,0,0,0,0
"5201",1,1,1,11,1,6,1,1,1,1,1,1,1,5,6,2,5,2,0,6,5,3,2,10,5
"5202",2,3,1,11,1,10,1,1,1,11,1,6,1,2,0,0,1,6,4,2,4,1,2,12,9
"5203",3,6,1,17,1,11,1,3,1,11,1,10,1,1,6,0,1,0,0,6,1,3,2,21,10
"5204",4,6,6,17,4,11,1,6,1,17,1,11,1,5,3,3,3,3,0,5,3,2,1,26,13
"5205",5,6,9,17,4,14,1,6,6,17,4,11,1,3,0,0,3,4,6,3,3,2,2,29,16
"5206",6,7,15,17,4,18,1,6,9,17,4,14,1,4,6,0,4,0,0,6,4,2,2,36,20
"5207",7,7,20,17,4,22,1,7,15,17,4,18,1,4,5,1,4,1,0,5,4,2,2,41,24
"5208",8,7,20,18,4,26,1,7,20,17,4,22,1,1,0,0,5,3,4,1,4,3,2,42,28
"5209",9,1,20,23,8,29,1,7,20,18,4,26,1,5,3,0,3,0,0,5,3,3,2,41,35
"5210",10,7,1,23,8,6,2,1,20,23,8,29,1,1,6,3,1,3,0,6,1,1,3,28,13
"5211",11,10,1,23,13,6,2,7,1,23,8,6,2,3,0,0,1,5,1,3,5,1,1,31,18
"5212",12,10,1,23,13,6,2,10,1,23,13,6,2,1,1,0,NA,0,0,0,0,0,0,31,18
"5213",0,0,0,0,0,0,0,0,0,0,0,0,0,0,0,0,0,0,0,0,0,0,0,0,0
"5214",1,1,1,6,5,1,1,1,1,1,1,1,1,5,4,1,4,1,0,5,4,3,1,5,4
"5215",2,2,1,6,9,1,1,1,1,6,5,1,1,1,0,0,4,2,6,1,4,1,1,6,8
"5216",3,13,1,6,9,1,3,2,1,6,9,1,1,2,6,0,2,0,0,6,2,1,3,17,10
"5217",4,15,1,6,9,1,8,13,1,6,9,1,3,5,2,1,5,1,0,2,5,1,3,19,15
"5218",5,16,1,6,14,1,8,15,1,6,9,1,8,1,0,0,4,2,5,1,5,1,1,20,20
"5219",6,18,1,6,14,1,12,16,1,6,14,1,8,4,2,0,4,0,0,2,4,1,3,22,24
"5220",7,18,2,6,14,17,12,18,1,6,14,1,12,1,6,3,6,3,0,1,6,2,2,23,40
"5221",8,18,2,9,14,17,14,18,2,6,14,17,12,3,0,0,2,3,1,3,2,3,3,26,42
"5222",9,21,2,9,15,17,14,18,2,9,14,17,14,3,1,0,1,0,0,3,1,1,1,29,43
"5223",10,21,6,9,16,17,14,21,2,9,15,17,14,4,1,4,1,4,0,4,1,2,1,33,44
"5224",11,25,6,9,23,17,14,21,6,9,16,17,14,4,0,0,5,6,2,4,6,1,1,37,51
"5225",12,25,6,9,23,17,14,25,6,9,23,17,14,5,2,0,NA,0,0,0,0,0,0,37,51
"5226",0,0,0,0,0,0,0,0,0,0,0,0,0,0,0,0,0,0,0,0,0,0,0,0,0
"5227",1,4,1,1,1,1,3,1,1,1,1,1,1,2,3,2,2,2,0,3,2,1,3,3,2
"5228",2,6,1,1,1,4,3,4,1,1,1,1,3,2,0,0,2,3,3,2,3,1,2,5,5
"5229",3,8,1,1,1,7,3,6,1,1,1,4,3,2,3,0,3,0,0,2,3,1,2,7,8
"5230",4,9,7,1,1,13,7,8,1,1,1,7,3,6,6,1,6,1,0,6,6,2,2,14,18
"5231",5,9,8,1,1,14,7,9,7,1,1,13,7,1,0,0,1,1,2,1,1,2,2,15,19
"5232",6,11,8,1,2,14,7,9,8,1,1,14,7,1,2,0,1,0,0,2,1,1,1,17,20
"5233",7,17,12,1,2,14,12,11,8,1,2,14,7,3,5,6,3,5,0,6,5,1,3,27,25
"5234",8,20,12,1,7,14,12,17,12,1,2,14,12,3,0,0,3,2,5,3,5,1,1,30,30
"5235",9,20,12,4,9,14,12,20,12,1,7,14,12,3,2,0,2,0,0,3,2,3,1,33,32
"5236",10,20,12,9,11,14,12,20,12,4,9,14,12,5,2,2,2,2,0,5,2,3,1,38,34
"5237",11,22,12,9,11,19,12,20,12,9,11,14,12,2,0,0,5,5,4,2,5,1,2,40,39
"5238",12,22,12,9,11,19,12,22,12,9,11,19,12,5,4,0,NA,0,0,0,0,0,0,40,39
"5239",0,0,0,0,0,0,0,0,0,0,0,0,0,0,0,0,0,0,0,0,0,0,0,0,0
"5240",1,1,1,4,1,1,5,1,1,1,1,1,1,4,4,3,4,4,0,3,4,3,3,3,4
"5241",2,1,1,8,1,1,9,1,1,4,1,1,5,4,0,0,4,2,3,4,4,3,3,7,8
"5242",3,4,1,8,1,3,9,1,1,8,1,1,9,2,3,0,2,0,0,3,2,1,2,10,10
"5243",4,5,1,14,1,3,12,4,1,8,1,3,9,3,3,6,3,3,0,6,3,3,3,17,13
"5244",5,8,1,14,1,8,12,5,1,14,1,3,12,3,0,0,4,5,5,3,5,1,2,20,18
"5245",6,8,6,14,1,12,12,8,1,14,1,8,12,4,5,0,4,0,0,5,4,2,2,25,22
"5246",7,9,6,14,1,17,12,8,6,14,1,12,12,3,1,5,3,5,0,1,5,1,2,26,27
"5247",8,9,6,17,6,17,12,9,6,14,1,17,12,3,0,0,1,5,4,3,5,3,1,29,32
"5248",9,9,10,17,6,18,12,9,6,17,6,17,12,1,4,0,1,0,0,4,1,2,2,33,33
"5249",10,9,12,17,6,21,18,9,10,17,6,18,12,6,2,5,6,5,0,2,6,2,3,35,42
"5250",11,14,12,17,8,21,18,9,12,17,6,21,18,5,0,0,2,6,6,5,2,1,1,40,44
"5251",12,14,12,17,8,21,18,14,12,17,8,21,18,6,6,0,NA,0,0,0,0,0,0,40,44
"5252",0,0,0,0,0,0,0,0,0,0,0,0,0,0,0,0,0,0,0,0,0,0,0,0,0
"5253",1,5,1,1,1,1,4,1,1,1,1,1,1,4,3,2,3,2,0,4,3,1,3,4,3
"5254",2,7,1,1,6,1,4,5,1,1,1,1,4,2,0,0,4,1,5,2,5,1,1,6,8
"5255",3,11,1,1,7,1,4,7,1,1,6,1,4,4,1,0,1,0,0,4,1,1,1,10,9
"5256",4,11,1,11,7,1,7,11,1,1,7,1,4,1,6,3,1,3,0,6,3,3,3,20,12
"5257",5,11,2,11,10,1,13,11,1,11,7,1,7,1,0,0,5,6,3,1,6,2,3,21,21
"5258",6,11,2,16,13,1,13,11,2,11,10,1,13,5,3,0,3,0,0,5,3,3,1,26,24
"5259",7,21,2,22,13,2,13,11,2,16,13,1,13,6,4,1,4,1,0,6,1,1,2,42,25
"5260",8,25,2,22,13,2,18,21,2,22,13,2,13,4,0,0,4,2,5,4,5,1,3,46,30
"5261",9,25,6,22,13,2,20,25,2,22,13,2,18,4,2,0,2,0,0,4,2,2,3,50,32
"5262",10,29,6,22,13,5,20,25,6,22,13,2,20,4,4,3,4,3,0,4,3,1,2,54,35
"5263",11,1,6,22,13,13,20,29,6,22,13,5,20,4,0,0,4,3,6,4,6,1,2,26,43
"5264",12,1,6,22,13,13,20,1,6,22,13,13,20,4,3,0,NA,0,0,0,0,0,0,26,43
"5265",0,0,0,0,0,0,0,0,0,0,0,0,0,0,0,0,0,0,0,0,0,0,0,0,0
"5266",1,1,1,4,1,4,1,1,1,1,1,1,1,3,3,3,3,3,0,3,3,3,2,3,3
"5267",2,1,1,7,1,7,1,1,1,4,1,4,1,3,0,0,3,3,1,3,3,3,2,6,6
"5268",3,1,2,7,4,7,1,1,1,7,1,7,1,3,1,0,3,0,0,1,3,2,1,7,9
"5269",4,1,7,7,4,11,1,1,2,7,4,7,1,5,4,1,4,1,0,5,4,2,2,12,13
"5270",5,1,7,8,4,11,6,1,7,7,4,11,1,1,0,0,5,2,1,1,5,3,3,13,18
"5271",6,1,8,8,4,13,6,1,7,8,4,11,6,2,1,0,2,0,0,1,2,2,2,14,20
"5272",7,1,10,8,10,17,12,1,8,8,4,13,6,1,6,2,1,6,0,2,6,2,1,16,36
"5273",8,2,10,8,16,17,16,1,10,8,10,17,12,1,0,0,6,4,2,1,6,1,1,17,46
"5274",9,6,10,8,16,17,18,2,10,8,16,17,16,4,2,0,2,0,0,4,2,1,3,21,48
"5275",10,8,10,8,23,17,18,6,10,8,16,17,18,2,6,1,6,1,0,2,6,1,1,23,55
"5276",11,9,10,8,25,17,18,8,10,8,23,17,18,1,0,0,2,4,1,1,2,1,1,24,57
"5277",12,9,10,8,25,17,18,9,10,8,25,17,18,4,1,0,NA,0,0,0,0,0,0,24,57
"5278",0,0,0,0,0,0,0,0,0,0,0,0,0,0,0,0,0,0,0,0,0,0,0,0,0
"5279",1,1,6,1,1,1,2,1,1,1,1,1,1,1,5,1,1,1,0,5,1,2,3,5,1
"5280",2,1,7,1,4,1,2,1,6,1,1,1,2,1,0,0,1,1,3,1,3,2,1,6,4
"5281",3,2,7,1,5,1,2,1,7,1,4,1,2,1,1,0,1,0,0,1,1,1,1,7,5
"5282",4,2,11,1,10,1,2,2,7,1,5,1,2,4,5,5,5,5,0,4,5,2,1,11,10
"5283",5,7,11,1,16,3,2,2,11,1,10,1,2,5,0,0,1,6,5,5,6,1,1,16,18
"5284",6,7,16,1,16,4,2,7,11,1,16,3,2,1,5,0,1,0,0,5,1,2,2,21,19
"5285",7,7,16,6,21,4,2,7,16,1,16,4,2,5,5,1,5,1,0,5,5,3,1,26,24
"5286",8,7,16,7,21,9,2,7,16,6,21,4,2,1,0,0,5,3,4,1,5,3,2,27,29
"5287",9,11,16,7,21,9,5,7,16,7,21,9,2,3,4,0,3,0,0,4,3,1,3,31,32
"5288",10,16,16,7,26,9,5,11,16,7,21,9,5,5,2,5,2,5,0,5,5,1,1,36,37
"5289",11,16,18,1,37,9,5,16,16,7,26,9,5,2,0,0,3,3,2,2,3,2,1,32,48
"5290",12,16,18,1,37,9,5,16,18,1,37,9,5,3,2,0,NA,0,0,0,0,0,0,32,48
"5291",0,0,0,0,0,0,0,0,0,0,0,0,0,0,0,0,0,0,0,0,0,0,0,0,0
"5292",1,5,1,1,7,5,7,1,1,1,1,1,1,1,6,4,1,6,0,4,6,1,1,4,16
"5293",2,5,2,1,13,5,8,5,1,1,7,5,7,1,0,0,2,3,6,1,6,2,1,5,23
"5294",3,5,4,1,13,8,8,5,2,1,13,5,8,2,3,0,3,0,0,2,3,2,2,7,26
"5295",4,5,5,1,13,11,8,5,4,1,13,8,8,1,3,1,3,1,0,1,3,2,2,8,29
"5296",5,5,5,2,13,11,10,5,5,1,13,11,8,1,0,0,4,5,2,1,2,3,3,9,31
"5297",6,5,5,6,13,11,15,5,5,2,13,11,10,4,5,0,5,0,0,4,5,3,3,13,36
"5298",7,5,6,6,16,11,15,5,5,6,13,11,15,3,1,3,3,3,0,1,3,2,1,14,39
"5299",8,5,6,9,19,11,15,5,6,6,16,11,15,3,0,0,3,2,4,3,3,3,1,17,42
"5300",9,5,10,9,21,11,15,5,6,9,19,11,15,2,4,0,2,0,0,4,2,2,1,21,44
"5301",10,9,10,9,27,11,20,5,10,9,21,11,15,4,6,5,6,5,0,4,6,1,1,25,55
"5302",11,9,10,14,30,17,20,9,10,9,27,11,20,5,0,0,6,6,6,5,6,3,2,30,64
"5303",12,9,10,14,30,17,20,9,10,14,30,17,20,6,6,0,NA,0,0,0,0,0,0,30,64
"5304",0,0,0,0,0,0,0,0,0,0,0,0,0,0,0,0,0,0,0,0,0,0,0,0,0
"5305",1,1,2,1,1,1,3,1,1,1,1,1,1,2,1,3,2,3,0,1,2,2,3,1,2
"5306",2,1,5,1,1,1,6,1,2,1,1,1,3,3,0,0,1,3,1,3,3,2,3,4,5
"5307",3,1,6,1,2,1,6,1,5,1,1,1,6,1,1,0,1,0,0,1,1,2,1,5,6
"5308",4,1,7,1,2,4,6,1,6,1,2,1,6,3,3,1,3,3,0,1,3,2,2,6,9
"5309",5,1,10,1,8,4,10,1,7,1,2,4,6,3,0,0,1,6,5,3,6,2,1,9,19
"5310",6,6,10,1,8,4,11,1,10,1,8,4,10,1,5,0,1,0,0,5,1,1,3,14,20
"5311",7,6,10,6,8,4,15,6,10,1,8,4,11,4,5,4,4,4,0,5,4,3,3,19,24
"5312",8,10,10,6,8,4,20,6,10,6,8,4,15,4,0,0,5,5,3,4,5,1,3,23,29
"5313",9,10,10,11,8,4,23,10,10,6,8,4,20,5,3,0,3,0,0,5,3,3,3,28,32
"5314",10,14,16,11,14,5,23,10,10,11,8,4,23,6,6,5,6,5,0,6,6,2,1,38,39
"5315",11,14,21,11,19,5,23,14,16,11,14,5,23,5,0,0,3,3,5,5,5,2,1,43,44
"5316",12,14,21,11,19,5,23,14,21,11,19,5,23,3,3,0,NA,0,0,0,0,0,0,43,44
"5317",0,0,0,0,0,0,0,0,0,0,0,0,0,0,0,0,0,0,0,0,0,0,0,0,0
"5318",1,1,1,10,1,5,1,1,1,1,1,1,1,1,4,6,1,4,0,6,4,3,2,9,4
"5319",2,2,1,10,1,10,1,1,1,10,1,5,1,1,0,0,3,5,5,1,5,1,2,10,9
"5320",3,2,1,13,6,10,1,2,1,10,1,10,1,3,5,0,5,0,0,3,5,3,1,13,14
"5321",4,2,1,18,10,10,1,2,1,13,6,10,1,4,5,2,4,2,0,5,4,3,1,18,18
"5322",5,2,1,20,15,10,1,2,1,18,10,10,1,2,0,0,3,4,5,2,5,3,1,20,23
"5323",6,2,5,20,18,10,1,2,1,20,15,10,1,3,4,0,3,0,0,4,3,2,1,24,26
"5324",7,2,9,20,18,18,1,2,5,20,18,10,1,6,1,4,6,1,0,4,6,2,2,28,34
"5325",8,2,10,20,18,18,6,2,9,20,18,18,1,1,0,0,3,5,5,1,5,2,3,29,39
"5326",9,5,10,20,18,23,6,2,10,20,18,18,6,3,5,0,5,0,0,3,5,1,2,32,44
"5327",10,5,10,25,20,23,12,5,10,20,18,23,6,6,6,5,6,6,0,5,6,3,3,37,52
"5328",11,13,10,25,29,23,12,5,10,25,20,23,12,6,0,0,5,6,1,6,6,1,1,45,61
"5329",12,13,10,25,29,23,12,13,10,25,29,23,12,5,1,0,NA,0,0,0,0,0,0,45,61
"5330",0,0,0,0,0,0,0,0,0,0,0,0,0,0,0,0,0,0,0,0,0,0,0,0,0
"5331",1,1,4,1,1,6,1,1,1,1,1,1,1,5,3,4,5,4,0,3,5,2,2,3,5
"5332",2,5,4,1,1,10,1,1,4,1,1,6,1,4,0,0,1,4,2,4,4,1,2,7,9
"5333",3,5,4,2,3,10,1,5,4,1,1,10,1,1,2,0,2,0,0,1,2,3,1,8,11
"5334",4,8,16,2,6,10,1,5,4,2,3,10,1,1,3,6,1,3,0,6,3,2,1,23,14
"5335",5,9,16,2,12,10,3,8,16,2,6,10,1,1,0,0,6,3,1,1,6,1,1,24,22
"5336",6,10,16,2,15,10,3,9,16,2,12,10,3,3,1,0,3,0,0,1,3,1,1,25,25
"5337",7,14,16,2,15,13,3,10,16,2,15,10,3,4,3,1,3,1,0,4,3,1,2,29,28
"5338",8,14,17,2,15,15,3,14,16,2,15,13,3,1,0,0,1,2,2,1,2,2,2,30,30
"5339",9,16,17,2,16,15,3,14,17,2,15,15,3,1,2,0,1,0,0,2,1,1,1,32,31
"5340",10,18,17,2,16,16,3,16,17,2,16,15,3,2,1,1,1,1,0,2,1,1,2,34,32
"5341",11,19,17,2,16,16,8,18,17,2,16,16,3,1,0,0,5,5,1,1,5,1,3,35,37
"5342",12,19,17,2,16,16,8,19,17,2,16,16,8,5,1,0,NA,0,0,0,0,0,0,35,37
"5343",0,0,0,0,0,0,0,0,0,0,0,0,0,0,0,0,0,0,0,0,0,0,0,0,0
"5344",1,1,2,1,1,1,4,1,1,1,1,1,1,1,3,3,3,3,0,1,3,2,3,1,3
"5345",2,1,2,4,1,1,9,1,2,1,1,1,4,3,0,0,3,5,5,3,5,3,3,4,8
"5346",3,1,5,4,1,6,9,1,2,4,1,1,9,3,5,0,5,0,0,3,5,2,2,7,13
"5347",4,11,5,4,5,6,9,1,5,4,1,6,9,6,4,1,4,1,0,6,4,1,1,17,17
"5348",5,11,5,5,11,6,11,11,5,4,5,6,9,1,0,0,1,6,1,1,6,3,1,18,25
"5349",6,11,6,5,11,7,11,11,5,5,11,6,11,1,1,0,1,0,0,1,1,2,2,19,26
"5350",7,11,6,10,11,10,11,11,6,5,11,7,11,3,5,3,3,3,0,5,3,3,2,24,29
"5351",8,11,9,10,20,10,11,11,6,10,11,10,11,3,0,0,6,3,6,3,6,2,1,27,38
"5352",9,11,15,14,23,10,11,11,9,10,20,10,11,3,6,0,3,0,0,6,3,2,1,37,41
"5353",10,13,15,14,23,10,13,11,15,14,23,10,11,1,2,2,1,2,0,2,2,1,3,39,43
"5354",11,14,15,14,33,10,13,13,15,14,23,10,13,1,0,0,6,4,3,1,6,1,1,40,53
"5355",12,14,15,14,33,10,13,14,15,14,33,10,13,4,3,0,NA,0,0,0,0,0,0,40,53
"5356",0,0,0,0,0,0,0,0,0,0,0,0,0,0,0,0,0,0,0,0,0,0,0,0,0
"5357",1,1,1,6,1,1,6,1,1,1,1,1,1,5,5,4,5,4,0,5,5,3,3,5,5
"5358",2,1,5,6,1,1,21,1,1,6,1,1,6,4,0,0,4,2,6,4,6,2,3,9,20
"5359",3,1,5,10,3,1,21,1,5,6,1,1,21,4,2,0,2,0,0,4,2,3,1,13,22
"5360",4,1,7,10,9,6,21,1,5,10,3,1,21,2,1,6,1,6,0,2,6,2,1,15,33
"5361",5,1,7,11,9,9,21,1,7,10,9,6,21,1,0,0,2,5,3,1,3,3,2,16,36
"5362",6,1,9,11,14,9,21,1,7,11,9,9,21,2,5,0,5,0,0,2,5,2,1,18,41
"5363",7,12,9,11,19,15,21,1,9,11,14,9,21,6,5,6,5,6,0,6,6,1,2,29,52
"5364",8,12,14,11,20,15,21,12,9,11,19,15,21,5,0,0,1,1,3,5,1,2,1,34,53
"5365",9,13,14,11,20,15,24,12,14,11,20,15,21,1,3,0,3,0,0,1,3,1,3,35,56
"5366",10,16,14,11,24,15,24,13,14,11,20,15,24,3,4,2,4,2,0,3,4,1,1,38,60
"5367",11,18,14,11,28,15,24,16,14,11,24,15,24,2,0,0,4,2,6,2,4,1,1,40,64
"5368",12,18,14,11,28,15,24,18,14,11,28,15,24,2,6,0,NA,0,0,0,0,0,0,40,64
"5369",0,0,0,0,0,0,0,0,0,0,0,0,0,0,0,0,0,0,0,0,0,0,0,0,0
"5370",1,5,1,1,6,1,1,1,1,1,1,1,1,1,4,5,1,5,0,4,5,1,1,4,5
"5371",2,5,2,1,6,6,1,5,1,1,6,1,1,1,0,0,5,3,2,1,5,2,2,5,10
"5372",3,8,2,1,6,8,1,5,2,1,6,6,1,3,2,0,2,0,0,3,2,1,2,8,12
"5373",4,12,2,1,6,8,5,8,2,1,6,8,1,4,2,4,2,4,0,4,4,1,3,12,16
"5374",5,14,2,1,12,9,11,12,2,1,6,8,5,2,0,0,4,6,3,2,6,1,3,14,29
"5375",6,17,2,1,12,9,15,14,2,1,12,9,11,4,3,0,4,0,0,3,4,1,3,17,33
"5376",7,17,2,2,13,9,15,17,2,1,12,9,15,1,1,1,1,1,0,1,1,3,1,18,34
"5377",8,18,2,2,13,19,15,17,2,2,13,9,15,1,0,0,4,3,6,1,6,1,2,19,44
"5378",9,22,2,2,16,19,15,18,2,2,13,19,15,4,3,0,3,0,0,4,3,1,1,23,47
"5379",10,37,4,2,16,25,5,22,2,2,16,19,15,6,6,4,6,4,0,6,6,1,2,40,43
"5380",11,37,8,2,20,25,5,37,4,2,16,25,5,4,0,0,2,4,2,4,4,2,1,44,47
"5381",12,37,8,2,20,25,5,37,8,2,20,25,5,2,2,0,NA,0,0,0,0,0,0,44,47
"5382",0,0,0,0,0,0,0,0,0,0,0,0,0,0,0,0,0,0,0,0,0,0,0,0,0
"5383",1,6,1,1,6,1,1,1,1,1,1,1,1,5,2,5,2,5,0,5,5,1,1,5,5
"5384",2,6,3,1,6,6,1,6,1,1,6,1,1,2,0,0,2,5,4,2,5,2,2,7,10
"5385",3,6,7,1,6,6,3,6,3,1,6,6,1,2,4,0,2,0,0,4,2,2,3,11,12
"5386",4,11,7,1,6,16,3,6,7,1,6,6,3,5,6,3,6,3,0,5,6,1,2,16,22
"5387",5,14,7,1,6,16,8,11,7,1,6,16,3,3,0,0,2,3,5,3,5,1,3,19,27
"5388",6,17,7,1,8,16,8,14,7,1,6,16,8,2,3,0,2,0,0,3,2,1,1,22,29
"5389",7,28,7,1,11,16,8,17,7,1,8,16,8,3,1,6,3,1,0,6,3,1,1,33,32
"5390",8,28,8,1,16,16,8,28,7,1,11,16,8,1,0,0,3,5,1,1,5,2,1,34,37
"5391",9,28,8,4,16,16,9,28,8,1,16,16,8,3,1,0,1,0,0,3,1,3,3,37,38
"5392",10,28,13,4,16,16,13,28,8,4,16,16,9,2,4,5,2,4,0,5,4,2,3,42,42
"5393",11,30,13,4,24,22,13,28,13,4,16,16,13,2,0,0,6,2,1,2,6,1,1,44,56
"5394",12,30,13,4,24,22,13,30,13,4,24,22,13,2,1,0,NA,0,0,0,0,0,0,44,56
"5395",0,0,0,0,0,0,0,0,0,0,0,0,0,0,0,0,0,0,0,0,0,0,0,0,0
"5396",1,12,1,1,1,3,1,1,1,1,1,1,1,1,6,2,1,2,0,6,2,1,2,11,2
"5397",2,13,1,1,1,5,1,12,1,1,1,3,1,1,0,0,2,3,2,1,2,1,2,12,4
"5398",3,13,1,4,1,5,3,13,1,1,1,5,1,3,2,0,2,0,0,3,2,3,3,15,6
"5399",4,16,1,4,1,10,3,13,1,4,1,5,3,3,5,5,5,5,0,3,5,1,2,18,11
"5400",5,16,6,4,1,15,3,16,1,4,1,10,3,5,0,0,2,5,1,5,5,2,2,23,16
"5401",6,16,8,4,2,15,3,16,6,4,1,15,3,2,1,0,1,0,0,2,1,2,1,25,17
"5402",7,16,12,4,2,19,3,16,8,4,2,15,3,4,4,3,4,3,0,4,4,2,2,29,21
"5403",8,19,12,4,2,19,8,16,12,4,2,19,3,3,0,0,5,3,1,3,5,1,3,32,26
"5404",9,22,12,4,3,19,8,19,12,4,2,19,8,3,1,0,1,0,0,3,1,1,1,35,27
"5405",10,1,12,4,7,19,8,22,12,4,3,19,8,1,4,3,1,3,0,4,1,1,1,14,31
"5406",11,4,12,4,9,19,8,1,12,4,7,19,8,3,0,0,2,5,5,3,2,1,1,17,33
"5407",12,4,12,4,9,19,8,4,12,4,9,19,8,5,5,0,NA,0,0,0,0,0,0,17,33
"5408",0,0,0,0,0,0,0,0,0,0,0,0,0,0,0,0,0,0,0,0,0,0,0,0,0
"5409",1,1,1,6,1,4,1,1,1,1,1,1,1,3,5,2,3,2,0,5,3,3,2,5,3
"5410",2,1,3,6,1,6,1,1,1,6,1,4,1,2,0,0,3,2,3,2,2,2,2,7,5
"5411",3,4,3,6,1,9,1,1,3,6,1,6,1,3,3,0,3,0,0,3,3,1,2,10,8
"5412",4,9,3,6,4,9,1,4,3,6,1,9,1,3,5,1,3,1,0,5,3,1,1,15,11
"5413",5,9,3,7,12,9,7,9,3,6,4,9,1,1,0,0,6,5,1,1,6,3,3,16,25
"5414",6,14,3,7,12,10,7,9,3,7,12,9,7,5,1,0,1,0,0,5,1,1,2,21,26
"5415",7,18,3,7,12,15,7,14,3,7,12,10,7,4,4,5,4,5,0,4,5,1,2,25,31
"5416",8,22,3,7,12,20,7,18,3,7,12,15,7,4,0,0,3,5,3,4,5,1,2,29,36
"5417",9,22,6,7,12,23,7,22,3,7,12,20,7,3,3,0,3,0,0,3,3,2,2,32,39
"5418",10,22,12,9,17,23,13,22,6,7,12,23,7,1,6,6,1,6,0,6,6,2,3,40,50
"5419",11,23,12,9,20,23,13,22,12,9,17,23,13,1,0,0,3,1,1,1,3,1,1,41,53
"5420",12,23,12,9,20,23,13,23,12,9,20,23,13,1,1,0,NA,0,0,0,0,0,0,41,53
"5421",0,0,0,0,0,0,0,0,0,0,0,0,0,0,0,0,0,0,0,0,0,0,0,0,0
"5422",1,4,1,1,1,12,1,1,1,1,1,1,1,6,3,1,6,1,0,3,6,1,2,3,11
"5423",2,5,1,1,1,12,6,4,1,1,1,12,1,1,0,0,5,1,3,1,5,1,3,4,16
"5424",3,6,1,1,1,12,9,5,1,1,1,12,6,1,3,0,3,0,0,1,3,1,3,5,19
"5425",4,11,1,1,6,12,9,6,1,1,1,12,9,5,5,2,5,2,0,5,5,1,1,10,24
"5426",5,13,1,1,10,18,9,11,1,1,6,12,9,2,0,0,6,3,2,2,6,1,2,12,34
"5427",6,13,1,3,10,21,9,13,1,1,10,18,9,3,2,0,3,0,0,2,3,3,2,14,37
"5428",7,13,1,6,15,21,9,13,1,3,10,21,9,3,1,5,1,5,0,3,5,3,1,17,42
"5429",8,13,1,7,15,21,12,13,1,6,15,21,9,1,0,0,3,3,4,1,3,3,3,18,45
"5430",9,13,5,7,18,21,12,13,1,7,15,21,12,3,4,0,3,0,0,4,3,2,1,22,48
"5431",10,13,6,7,24,27,12,13,5,7,18,21,12,6,1,4,6,4,0,1,6,2,1,23,60
"5432",11,17,6,7,33,27,12,13,6,7,24,27,12,4,0,0,6,2,3,4,6,1,1,27,69
"5433",12,17,6,7,33,27,12,17,6,7,33,27,12,2,3,0,NA,0,0,0,0,0,0,27,69
"5434",0,0,0,0,0,0,0,0,0,0,0,0,0,0,0,0,0,0,0,0,0,0,0,0,0
"5435",1,1,3,1,1,2,1,1,1,1,1,1,1,2,1,1,1,1,0,2,1,2,2,2,1
"5436",2,1,4,1,11,8,1,1,3,1,1,2,1,1,0,0,5,6,6,1,6,2,1,3,17
"5437",3,1,9,1,11,8,12,1,4,1,11,8,1,5,6,0,6,0,0,5,6,2,3,8,28
"5438",4,1,9,6,16,8,12,1,9,1,11,8,12,5,5,5,5,5,0,5,5,3,1,13,33
"5439",5,1,14,6,20,8,12,1,9,6,16,8,12,5,0,0,6,4,4,5,4,2,1,18,37
"5440",6,1,16,12,20,8,16,1,14,6,20,8,12,6,4,0,4,0,0,6,4,3,3,26,41
"5441",7,1,18,12,20,17,16,1,16,12,20,8,16,6,2,6,6,6,0,2,6,2,2,28,50
"5442",8,6,18,18,20,17,19,1,18,12,20,17,16,6,0,0,3,2,2,6,3,3,3,39,53
"5443",9,8,18,18,20,19,19,6,18,18,20,17,19,2,2,0,2,0,0,2,2,1,2,41,55
"5444",10,8,20,18,20,23,25,8,18,18,20,19,19,6,2,1,6,1,0,2,6,2,3,43,65
"5445",11,8,20,19,23,23,25,8,20,18,20,23,25,1,0,0,3,6,5,1,3,3,1,44,68
"5446",12,8,20,19,23,23,25,8,20,19,23,23,25,6,5,0,NA,0,0,0,0,0,0,44,68
"5447",0,0,0,0,0,0,0,0,0,0,0,0,0,0,0,0,0,0,0,0,0,0,0,0,0
"5448",1,5,1,1,1,4,1,1,1,1,1,1,1,3,4,1,3,1,0,4,3,1,2,4,3
"5449",2,5,1,2,1,9,1,5,1,1,1,4,1,1,0,0,5,6,5,1,5,3,2,5,8
"5450",3,6,1,8,1,14,1,5,1,2,1,9,1,6,5,0,5,0,0,6,5,3,2,12,13
"5451",4,7,1,8,6,14,1,6,1,8,1,14,1,4,5,1,4,5,0,1,5,1,1,13,18
"5452",5,7,5,8,6,14,4,7,1,8,6,14,1,4,0,0,2,3,5,4,3,2,3,17,21
"5453",6,7,10,8,8,14,4,7,5,8,6,14,4,2,5,0,2,0,0,5,2,2,1,22,23
"5454",7,12,10,14,8,16,4,7,10,8,8,14,4,6,1,2,1,2,0,6,2,3,2,33,25
"5455",8,12,11,14,11,16,4,12,10,14,8,16,4,1,0,0,1,3,3,1,3,2,1,34,28
"5456",9,12,11,17,12,16,4,12,11,14,11,16,4,1,3,0,1,0,0,3,1,3,1,37,29
"5457",10,12,14,17,12,20,4,12,11,17,12,16,4,3,3,4,3,4,0,3,4,2,2,40,33
"5458",11,15,14,17,12,24,4,12,14,17,12,20,4,3,0,0,6,3,4,3,4,1,2,43,37
"5459",12,15,14,17,12,24,4,15,14,17,12,24,4,6,3,0,NA,0,0,0,0,0,0,43,37
"5460",0,0,0,0,0,0,0,0,0,0,0,0,0,0,0,0,0,0,0,0,0,0,0,0,0
"5461",1,6,1,1,1,3,1,1,1,1,1,1,1,2,2,5,2,2,0,5,2,1,2,5,2
"5462",2,8,1,1,1,8,1,6,1,1,1,3,1,2,0,0,1,5,5,2,5,1,2,7,7
"5463",3,8,6,1,1,8,2,8,1,1,1,8,1,1,5,0,1,0,0,5,1,2,3,12,8
"5464",4,8,9,1,5,8,2,8,6,1,1,8,2,4,2,3,4,2,0,3,4,2,1,15,12
"5465",5,10,9,1,5,8,7,8,9,1,5,8,2,2,0,0,1,3,5,2,5,1,3,17,17
"5466",6,11,9,1,5,8,10,10,9,1,5,8,7,1,3,0,3,0,0,1,3,1,3,18,20
"5467",7,17,9,3,10,8,10,11,9,1,5,8,10,5,2,6,5,2,0,6,5,1,1,26,25
"5468",8,17,11,3,16,12,10,17,9,3,10,8,10,2,0,0,5,6,2,2,6,2,1,28,35
"5469",9,17,11,8,16,14,10,17,11,3,16,12,10,5,2,0,2,0,0,5,2,3,2,33,37
"5470",10,17,11,13,16,14,13,17,11,8,16,14,10,2,5,3,2,3,0,5,3,3,3,38,40
"5471",11,19,11,13,25,14,13,17,11,13,16,14,13,2,0,0,5,6,4,2,6,1,1,40,49
"5472",12,19,11,13,25,14,13,19,11,13,25,14,13,5,4,0,NA,0,0,0,0,0,0,40,49
"5473",0,0,0,0,0,0,0,0,0,0,0,0,0,0,0,0,0,0,0,0,0,0,0,0,0
"5474",1,1,3,1,1,3,1,1,1,1,1,1,1,1,2,2,1,2,0,2,2,2,2,2,2
"5475",2,1,4,1,1,6,1,1,3,1,1,3,1,1,0,0,3,3,3,1,3,2,2,3,5
"5476",3,1,4,4,1,6,4,1,4,1,1,6,1,3,3,0,3,0,0,3,3,3,3,6,8
"5477",4,1,7,4,5,12,10,1,4,4,1,6,4,3,1,6,1,6,0,3,6,2,3,9,24
"5478",5,2,7,4,11,12,13,1,7,4,5,12,10,1,0,0,1,2,6,1,6,1,1,10,33
"5479",6,4,7,4,11,13,13,2,7,4,11,12,13,1,2,0,1,0,0,2,1,1,2,12,34
"5480",7,4,7,6,11,14,13,4,7,4,11,13,13,1,2,3,1,3,0,2,1,3,2,14,35
"5481",8,4,10,6,11,17,13,4,7,6,11,14,13,3,0,0,3,3,5,3,3,2,2,17,38
"5482",9,4,10,11,14,17,13,4,10,6,11,17,13,3,5,0,3,0,0,5,3,3,1,22,41
"5483",10,4,10,14,20,17,18,4,10,11,14,17,13,6,3,4,6,4,0,3,6,3,1,25,52
"5484",11,8,10,14,21,17,18,4,10,14,20,17,18,4,0,0,1,1,5,4,1,1,1,29,53
"5485",12,8,10,14,21,17,18,8,10,14,21,17,18,1,5,0,NA,0,0,0,0,0,0,29,53
"5486",0,0,0,0,0,0,0,0,0,0,0,0,0,0,0,0,0,0,0,0,0,0,0,0,0
"5487",1,1,1,6,1,5,1,1,1,1,1,1,1,5,2,4,2,4,0,5,4,3,2,5,4
"5488",2,1,1,8,4,5,1,1,1,6,1,5,1,2,0,0,3,3,3,2,3,3,1,7,7
"5489",3,1,1,11,7,5,1,1,1,8,4,5,1,3,3,0,3,0,0,3,3,3,1,10,10
"5490",4,1,1,20,7,5,5,1,1,11,7,5,1,4,1,6,4,1,0,6,4,3,3,19,14
"5491",5,1,1,21,10,5,5,1,1,20,7,5,5,1,0,0,5,3,2,1,3,3,1,20,17
"5492",6,1,3,21,10,10,5,1,1,21,10,5,5,5,2,0,5,0,0,2,5,2,2,22,22
"5493",7,7,3,23,16,13,5,1,3,21,10,10,5,6,2,6,2,6,0,6,6,1,1,30,31
"5494",8,9,3,23,21,13,5,7,3,23,16,13,5,2,0,0,5,1,1,2,5,1,1,32,36
"5495",9,10,3,23,21,13,6,9,3,23,21,13,5,1,1,0,1,0,0,1,1,1,3,33,37
"5496",10,15,3,23,21,15,6,10,3,23,21,13,6,5,2,1,2,1,0,5,2,1,2,38,39
"5497",11,15,1,23,26,15,10,15,3,23,21,15,6,1,0,0,2,2,5,1,5,2,1,36,48
"5498",12,15,1,23,26,15,10,15,1,23,26,15,10,2,2,0,NA,0,0,0,0,0,0,36,48
"5499",0,0,0,0,0,0,0,0,0,0,0,0,0,0,0,0,0,0,0,0,0,0,0,0,0
"5500",1,7,7,3,1,1,3,1,1,1,1,1,1,2,6,2,2,2,0,6,2,2,3,14,2
"5501",2,9,7,3,4,1,3,7,7,3,1,1,3,2,0,0,1,3,3,2,3,1,1,16,5
"5502",3,9,8,3,7,1,3,9,7,3,4,1,3,1,3,0,3,0,0,1,3,2,1,17,8
"5503",4,14,8,3,12,1,3,9,8,3,7,1,3,1,5,5,1,5,0,5,5,1,1,22,13
"5504",5,14,9,3,17,1,3,14,8,3,12,1,3,1,0,0,4,3,5,1,5,2,1,23,18
"5505",6,18,9,3,17,1,6,14,9,3,17,1,3,4,3,0,3,0,0,4,3,1,3,27,21
"5506",7,19,9,3,17,1,9,18,9,3,17,1,6,3,1,1,3,1,0,1,3,1,3,28,24
"5507",8,20,9,3,23,2,9,19,9,3,17,1,9,1,0,0,6,4,2,1,6,1,1,29,31
"5508",9,20,9,7,23,2,11,20,9,3,23,2,9,4,2,0,2,0,0,4,2,3,3,33,33
"5509",10,20,9,19,27,2,17,20,9,7,23,2,11,6,3,6,3,6,0,6,6,3,3,45,43
"5510",11,20,12,19,29,2,17,20,9,19,27,2,17,3,0,0,2,4,2,3,2,2,1,48,45
"5511",12,20,12,19,29,2,17,20,12,19,29,2,17,4,2,0,NA,0,0,0,0,0,0,48,45
"5512",0,0,0,0,0,0,0,0,0,0,0,0,0,0,0,0,0,0,0,0,0,0,0,0,0
"5513",1,1,5,1,4,1,1,1,1,1,1,1,1,1,4,3,1,3,0,4,3,2,1,4,3
"5514",2,1,5,2,4,6,1,1,5,1,4,1,1,1,0,0,5,1,4,1,5,3,2,5,8
"5515",3,1,5,6,4,7,1,1,5,2,4,6,1,1,4,0,1,0,0,4,1,3,2,9,9
"5516",4,1,10,6,4,12,1,1,5,6,4,7,1,5,3,5,3,5,0,5,5,2,2,14,14
"5517",5,1,13,6,4,12,5,1,10,6,4,12,1,3,0,0,3,5,4,3,4,2,3,17,18
"5518",6,1,13,11,4,12,8,1,13,6,4,12,5,3,5,0,3,0,0,5,3,3,3,22,21
"5519",7,1,13,16,9,12,8,1,13,11,4,12,8,5,4,5,4,5,0,5,5,3,1,27,26
"5520",8,1,13,20,9,17,8,1,13,16,9,12,8,4,0,0,3,5,6,4,5,3,2,31,31
"5521",9,5,19,20,9,17,11,1,13,20,9,17,8,3,6,0,3,0,0,6,3,2,3,41,34
"5522",10,8,19,26,9,17,16,5,19,20,9,17,11,6,5,3,5,3,0,6,5,3,3,50,39
"5523",11,8,19,29,9,22,16,8,19,26,9,17,16,3,0,0,5,6,3,3,5,3,2,53,44
"5524",12,8,19,29,9,22,16,8,19,29,9,22,16,6,3,0,NA,0,0,0,0,0,0,53,44
"5525",0,0,0,0,0,0,0,0,0,0,0,0,0,0,0,0,0,0,0,0,0,0,0,0,0
"5526",1,7,1,9,1,7,4,1,1,1,1,1,1,6,6,6,6,6,0,6,6,1,2,14,9
"5527",2,13,1,13,1,7,7,7,1,9,1,7,4,6,0,0,5,3,6,6,3,1,3,24,12
"5528",3,19,6,13,1,12,7,13,1,13,1,7,7,5,6,0,5,0,0,6,5,1,2,35,17
"5529",4,19,15,13,1,12,12,19,6,13,1,12,7,2,5,6,2,5,0,6,5,2,3,44,22
"5530",5,19,15,15,1,17,12,19,15,13,1,12,12,2,0,0,4,3,5,2,5,3,2,46,27
"5531",6,19,15,19,1,17,15,19,15,15,1,17,12,4,3,0,3,0,0,4,3,3,3,50,30
"5532",7,21,15,19,1,19,15,19,15,19,1,17,15,2,2,2,2,2,0,2,2,1,2,52,32
"5533",8,21,17,19,1,19,17,21,15,19,1,19,15,2,0,0,1,1,2,2,2,2,3,54,34
"5534",9,21,18,19,1,19,18,21,17,19,1,19,17,1,1,0,1,0,0,1,1,2,3,55,35
"5535",10,25,18,19,2,19,18,21,18,19,1,19,18,4,1,3,1,3,0,4,1,1,1,59,36
"5536",11,25,21,19,6,19,18,25,18,19,2,19,18,3,0,0,4,2,4,3,4,2,1,62,40
"5537",12,25,21,19,6,19,18,25,21,19,6,19,18,2,4,0,NA,0,0,0,0,0,0,62,40
"5538",0,0,0,0,0,0,0,0,0,0,0,0,0,0,0,0,0,0,0,0,0,0,0,0,0
"5539",1,1,2,1,6,1,1,1,1,1,1,1,1,1,1,5,1,5,0,1,5,2,1,1,5
"5540",2,1,3,1,8,7,1,1,2,1,6,1,1,1,0,0,6,2,2,1,6,2,2,2,13
"5541",3,1,5,1,8,7,3,1,3,1,8,7,1,2,2,0,2,0,0,2,2,2,3,4,15
"5542",4,1,7,1,8,11,3,1,5,1,8,7,3,1,2,4,1,4,0,2,4,2,2,6,19
"5543",5,1,8,1,8,11,7,1,7,1,8,11,3,1,0,0,4,1,2,1,4,2,3,7,23
"5544",6,1,9,1,8,13,7,1,8,1,8,11,7,1,2,0,2,0,0,1,2,2,2,8,25
"5545",7,1,9,3,8,13,11,1,9,1,8,13,7,4,2,1,4,1,0,2,4,3,3,10,29
"5546",8,1,9,4,8,18,11,1,9,3,8,13,11,1,0,0,5,4,3,1,5,3,2,11,34
"5547",9,5,9,4,8,18,14,1,9,4,8,18,11,4,3,0,3,0,0,4,3,1,3,15,37
"5548",10,6,9,4,10,18,14,5,9,4,8,18,14,1,2,1,2,1,0,1,2,1,1,16,39
"5549",11,7,9,4,17,18,14,6,9,4,10,18,14,1,0,0,6,2,5,1,6,1,1,17,46
"5550",12,7,9,4,17,18,14,7,9,4,17,18,14,2,5,0,NA,0,0,0,0,0,0,17,46
"5551",0,0,0,0,0,0,0,0,0,0,0,0,0,0,0,0,0,0,0,0,0,0,0,0,0
"5552",1,1,1,5,1,4,1,1,1,1,1,1,1,4,2,3,2,3,0,4,3,3,2,4,3
"5553",2,1,3,5,4,4,1,1,1,5,1,4,1,2,0,0,3,2,3,2,3,2,1,6,6
"5554",3,1,6,5,6,4,1,1,3,5,4,4,1,2,3,0,2,0,0,3,2,2,1,9,8
"5555",4,6,6,11,9,4,1,1,6,5,6,4,1,3,3,6,3,3,0,6,3,3,1,20,11
"5556",5,9,6,11,9,4,4,6,6,11,9,4,1,3,0,0,6,1,3,3,3,1,3,23,14
"5557",6,21,6,14,10,4,4,9,6,11,9,4,4,6,1,0,1,0,0,6,1,1,1,38,15
"5558",7,24,6,14,13,4,4,21,6,14,10,4,4,3,3,3,3,3,0,3,3,1,1,41,18
"5559",8,24,9,14,18,4,4,24,6,14,13,4,4,3,0,0,5,6,5,3,5,2,1,44,23
"5560",9,24,20,14,18,4,9,24,9,14,18,4,4,6,5,0,5,0,0,6,5,2,3,55,28
"5561",10,1,29,14,18,6,9,24,20,14,18,4,9,6,1,3,1,3,0,6,1,2,2,41,30
"5562",11,4,29,14,21,6,9,1,29,14,18,6,9,3,0,0,3,3,4,3,3,1,1,44,33
"5563",12,4,29,14,21,6,9,4,29,14,21,6,9,3,4,0,NA,0,0,0,0,0,0,44,33
"5564",0,0,0,0,0,0,0,0,0,0,0,0,0,0,0,0,0,0,0,0,0,0,0,0,0
"5565",1,2,1,1,7,7,2,1,1,1,1,1,1,1,2,6,2,6,0,1,6,1,2,1,13
"5566",2,2,3,1,11,7,8,2,1,1,7,7,2,2,0,0,6,6,1,2,6,2,3,3,23
"5567",3,2,3,2,13,7,14,2,3,1,11,7,8,6,1,0,6,0,0,1,6,3,3,4,31
"5568",4,2,3,6,18,7,14,2,3,2,13,7,14,5,2,4,5,2,0,4,5,3,1,8,36
"5569",5,4,3,6,18,11,14,2,3,6,18,7,14,2,0,0,1,4,1,2,4,1,2,10,40
"5570",6,5,3,6,19,11,14,4,3,6,18,11,14,1,1,0,1,0,0,1,1,1,1,11,41
"5571",7,5,4,6,19,15,14,5,3,6,19,11,14,4,4,1,4,4,0,1,4,2,2,12,45
"5572",8,9,4,6,19,20,14,5,4,6,19,15,14,4,0,0,5,4,5,4,5,1,2,16,50
"5573",9,13,4,6,24,20,14,9,4,6,19,20,14,4,5,0,5,0,0,4,5,1,1,20,55
"5574",10,16,10,1,28,26,15,13,4,6,24,20,14,6,6,6,6,6,0,6,6,2,2,24,66
"5575",11,17,16,1,31,26,15,16,10,1,28,26,15,6,0,0,1,3,5,6,3,2,1,31,69
"5576",12,17,16,1,31,26,15,17,16,1,31,26,15,1,5,0,NA,0,0,0,0,0,0,31,69
"5577",0,0,0,0,0,0,0,0,0,0,0,0,0,0,0,0,0,0,0,0,0,0,0,0,0
"5578",1,1,1,3,1,1,6,1,1,1,1,1,1,2,1,5,1,5,0,2,5,3,3,2,5
"5579",2,1,1,4,9,1,6,1,1,3,1,1,6,1,0,0,1,1,6,1,6,3,1,3,13
"5580",3,2,1,4,10,1,6,1,1,4,9,1,6,1,1,0,1,0,0,1,1,1,1,4,14
"5581",4,12,1,4,10,1,7,2,1,4,10,1,6,6,1,1,1,1,0,6,1,1,3,14,15
"5582",5,12,2,4,10,8,7,12,1,4,10,1,7,1,0,0,6,5,2,1,6,2,2,15,22
"5583",6,17,2,4,12,8,7,12,2,4,10,8,7,5,2,0,2,0,0,5,2,1,1,20,24
"5584",7,17,6,10,12,10,7,17,2,4,12,8,7,1,6,2,1,2,0,6,2,3,2,30,26
"5585",8,17,6,11,18,10,11,17,6,10,12,10,7,1,0,0,6,1,4,1,6,3,1,31,36
"5586",9,17,6,15,18,10,12,17,6,11,18,10,11,1,4,0,1,0,0,4,1,3,3,35,37
"5587",10,22,6,15,18,10,14,17,6,15,18,10,12,1,5,2,1,2,0,5,2,1,3,40,39
"5588",11,23,6,15,22,10,14,22,6,15,18,10,14,1,0,0,2,4,3,1,4,1,1,41,43
"5589",12,23,6,15,22,10,14,23,6,15,22,10,14,2,3,0,NA,0,0,0,0,0,0,41,43
"5590",0,0,0,0,0,0,0,0,0,0,0,0,0,0,0,0,0,0,0,0,0,0,0,0,0
"5591",1,1,6,1,1,4,1,1,1,1,1,1,1,3,1,5,3,1,0,5,3,2,2,5,3
"5592",2,2,6,1,1,9,1,1,6,1,1,4,1,1,0,0,4,5,4,1,5,1,2,6,8
"5593",3,6,6,1,5,9,1,2,6,1,1,9,1,4,4,0,4,0,0,4,4,1,1,10,12
"5594",4,11,12,1,9,9,1,6,6,1,5,9,1,4,4,6,4,4,0,6,4,2,1,21,16
"5595",5,15,12,1,9,9,5,11,12,1,9,9,1,4,0,0,2,3,4,4,4,1,3,25,20
"5596",6,18,12,1,9,11,5,15,12,1,9,9,5,2,3,0,2,0,0,3,2,1,2,28,22
"5597",7,23,12,1,9,11,10,18,12,1,9,11,5,5,5,5,5,5,0,5,5,1,3,33,27
"5598",8,23,17,1,9,15,10,23,12,1,9,11,10,5,0,0,4,2,1,5,4,2,2,38,31
"5599",9,24,17,1,9,17,10,23,17,1,9,15,10,2,1,0,2,0,0,1,2,1,2,39,33
"5600",10,27,23,1,12,17,10,24,17,1,9,17,10,3,2,6,3,2,0,6,3,2,1,48,36
"5601",11,27,25,1,12,21,10,27,23,1,12,17,10,2,0,0,4,4,6,2,4,2,2,50,40
"5602",12,27,25,1,12,21,10,27,25,1,12,21,10,4,6,0,NA,0,0,0,0,0,0,50,40
"5603",0,0,0,0,0,0,0,0,0,0,0,0,0,0,0,0,0,0,0,0,0,0,0,0,0
"5604",1,1,4,1,3,1,1,1,1,1,1,1,1,3,1,2,1,2,0,3,2,2,1,3,2
"5605",2,2,4,1,3,4,1,1,4,1,3,1,1,1,0,0,5,3,3,1,3,1,2,4,5
"5606",3,7,4,1,6,4,1,2,4,1,3,4,1,5,3,0,3,0,0,5,3,1,1,9,8
"5607",4,13,6,1,6,4,5,7,4,1,6,4,1,1,4,6,1,4,0,6,4,1,3,17,12
"5608",5,13,7,1,14,4,5,13,6,1,6,4,5,1,0,0,3,6,1,1,6,2,1,18,20
"5609",6,13,10,1,15,4,5,13,7,1,14,4,5,3,1,0,1,0,0,3,1,2,1,21,21
"5610",7,13,15,1,15,10,8,13,10,1,15,4,5,6,5,4,6,4,0,5,6,2,2,26,30
"5611",8,13,19,1,19,10,8,13,15,1,15,10,8,4,0,0,4,4,4,4,4,2,1,30,34
"5612",9,13,19,5,19,10,12,13,19,1,19,10,8,4,4,0,4,0,0,4,4,3,3,34,38
"5613",10,14,19,11,19,12,12,13,19,5,19,10,12,1,2,6,1,2,0,6,2,3,2,41,40
"5614",11,15,19,11,24,12,12,14,19,11,19,12,12,1,0,0,3,2,5,1,5,1,1,42,45
"5615",12,15,19,11,24,12,12,15,19,11,24,12,12,3,2,0,NA,0,0,0,0,0,0,42,45
"5616",0,0,0,0,0,0,0,0,0,0,0,0,0,0,0,0,0,0,0,0,0,0,0,0,0
"5617",1,1,6,1,6,1,1,1,1,1,1,1,1,3,5,5,3,5,0,5,5,2,1,5,5
"5618",2,1,6,4,6,7,2,1,6,1,6,1,1,3,0,0,5,6,1,3,6,3,2,8,12
"5619",3,6,6,4,6,8,2,1,6,4,6,7,2,5,1,0,1,0,0,5,1,1,2,13,13
"5620",4,8,6,4,12,8,6,6,6,4,6,8,2,2,6,4,6,4,0,2,6,1,1,15,23
"5621",5,12,6,4,12,8,10,8,6,4,12,8,6,4,0,0,2,1,4,4,4,1,3,19,27
"5622",6,12,8,4,12,8,11,12,6,4,12,8,10,2,1,0,1,0,0,2,1,2,3,21,28
"5623",7,12,11,4,12,12,11,12,8,4,12,8,11,4,3,4,4,4,0,3,4,2,2,24,32
"5624",8,12,11,8,18,12,14,12,11,4,12,12,11,4,0,0,4,6,4,4,6,3,1,28,41
"5625",9,12,15,8,18,12,18,12,11,8,18,12,14,4,4,0,4,0,0,4,4,2,3,32,45
"5626",10,17,15,8,18,12,19,12,15,8,18,12,18,5,1,1,1,1,0,5,1,1,3,37,46
"5627",11,18,15,8,22,12,19,17,15,8,18,12,19,1,0,0,4,4,2,1,4,1,1,38,50
"5628",12,18,15,8,22,12,19,18,15,8,22,12,19,4,2,0,NA,0,0,0,0,0,0,38,50
"5629",0,0,0,0,0,0,0,0,0,0,0,0,0,0,0,0,0,0,0,0,0,0,0,0,0
"5630",1,4,1,1,2,1,7,1,1,1,1,1,1,3,1,6,1,6,0,3,6,1,3,3,7
"5631",2,5,1,1,2,1,11,4,1,1,2,1,7,1,0,0,4,1,4,1,4,1,3,4,11
"5632",3,5,5,1,3,1,11,5,1,1,2,1,11,1,4,0,1,0,0,4,1,2,1,8,12
"5633",4,5,5,3,8,1,11,5,5,1,3,1,11,5,2,3,5,3,0,2,5,3,1,10,17
"5634",5,8,5,3,12,1,17,5,5,3,8,1,11,3,0,0,5,6,4,3,6,1,3,13,27
"5635",6,8,5,8,12,1,21,8,5,3,12,1,17,5,4,0,4,0,0,5,4,3,3,18,31
"5636",7,11,11,8,12,6,21,8,5,8,12,1,21,5,6,3,5,3,0,6,5,2,2,27,36
"5637",8,11,11,11,16,6,21,11,11,8,12,6,21,3,0,0,3,4,4,3,4,3,1,30,40
"5638",9,11,14,11,20,6,21,11,11,11,16,6,21,3,4,0,4,0,0,3,4,2,1,33,44
"5639",10,11,14,16,20,6,26,11,14,11,20,6,21,1,5,5,1,5,0,5,5,3,3,38,49
"5640",11,12,14,16,21,6,26,11,14,16,20,6,26,1,0,0,1,1,2,1,1,1,1,39,50
"5641",12,12,14,16,21,6,26,12,14,16,21,6,26,1,2,0,NA,0,0,0,0,0,0,39,50
"5642",0,0,0,0,0,0,0,0,0,0,0,0,0,0,0,0,0,0,0,0,0,0,0,0,0
"5643",1,1,11,1,1,1,2,1,1,1,1,1,1,1,1,6,1,1,0,6,1,2,3,10,1
"5644",2,2,11,1,4,7,2,1,11,1,1,1,2,1,0,0,6,3,4,1,6,1,2,11,10
"5645",3,5,11,1,4,7,6,2,11,1,4,7,2,3,4,0,4,0,0,3,4,1,3,14,14
"5646",4,5,16,7,4,7,10,5,11,1,4,7,6,6,3,4,3,4,0,6,4,3,3,25,18
"5647",5,8,16,7,8,7,10,5,16,7,4,7,10,3,0,0,4,6,4,3,4,1,1,28,22
"5648",6,8,20,13,8,7,14,8,16,7,8,7,10,6,4,0,4,0,0,6,4,3,3,38,26
"5649",7,8,23,13,8,7,16,8,20,13,8,7,14,3,1,2,1,2,0,3,2,2,3,41,28
"5650",8,8,23,14,12,7,16,8,23,13,8,7,16,1,0,0,2,1,4,1,4,3,1,42,32
"5651",9,8,25,14,12,8,16,8,23,14,12,7,16,2,1,0,1,0,0,2,1,2,2,44,33
"5652",10,11,25,14,12,8,17,8,25,14,12,8,16,1,3,1,1,1,0,3,1,1,3,47,34
"5653",11,12,25,14,12,8,18,11,25,14,12,8,17,1,0,0,5,1,2,1,1,1,3,48,35
"5654",12,12,25,14,12,8,18,12,25,14,12,8,18,5,2,0,NA,0,0,0,0,0,0,48,35
"5655",0,0,0,0,0,0,0,0,0,0,0,0,0,0,0,0,0,0,0,0,0,0,0,0,0
"5656",1,1,2,1,11,1,1,1,1,1,1,1,1,6,1,5,6,5,0,1,6,2,1,1,10
"5657",2,1,2,6,11,4,1,1,2,1,11,1,1,5,0,0,3,4,1,5,3,3,2,6,13
"5658",3,5,2,6,11,5,1,1,2,6,11,4,1,4,1,0,1,0,0,4,1,1,2,10,14
"5659",4,5,7,6,11,10,1,5,2,6,11,5,1,5,5,1,5,1,0,5,5,2,2,15,19
"5660",5,5,7,7,11,10,12,5,7,6,11,10,1,1,0,0,1,1,6,1,6,3,3,16,30
"5661",6,5,8,7,11,11,12,5,7,7,11,10,12,1,1,0,1,0,0,1,1,2,2,17,31
"5662",7,5,8,11,15,17,12,5,8,7,11,11,12,4,6,3,6,3,0,4,6,3,2,21,41
"5663",8,8,8,11,15,17,13,5,8,11,15,17,12,3,0,0,6,1,6,3,1,1,3,24,42
"5664",9,8,8,22,20,23,13,8,8,11,15,17,13,6,6,0,6,0,0,6,6,3,2,35,53
"5665",10,13,8,22,20,23,16,8,8,22,20,23,13,3,5,3,3,3,0,5,3,1,3,40,56
"5666",11,16,8,22,25,23,16,13,8,22,20,23,16,3,0,0,5,3,5,3,5,1,1,43,61
"5667",12,16,8,22,25,23,16,16,8,22,25,23,16,3,5,0,NA,0,0,0,0,0,0,43,61
"5668",0,0,0,0,0,0,0,0,0,0,0,0,0,0,0,0,0,0,0,0,0,0,0,0,0
"5669",1,1,5,1,10,1,1,1,1,1,1,1,1,4,6,4,6,4,0,4,6,2,1,4,9
"5670",2,1,5,5,12,7,7,1,5,1,10,1,1,4,0,0,1,6,1,4,6,3,3,8,23
"5671",3,2,5,5,13,7,7,1,5,5,12,7,7,1,1,0,1,0,0,1,1,1,1,9,24
"5672",4,2,8,5,13,13,9,2,5,5,13,7,7,4,6,3,4,6,0,3,6,2,2,12,32
"5673",5,2,8,9,13,14,9,2,8,5,13,13,9,4,0,0,1,1,1,4,1,3,2,16,33
"5674",6,3,8,9,13,15,9,2,8,9,13,14,9,1,1,0,1,0,0,1,1,1,2,17,34
"5675",7,3,9,9,13,15,14,3,8,9,13,15,9,1,1,5,1,5,0,1,5,2,3,18,39
"5676",8,4,9,9,13,16,14,3,9,9,13,15,14,1,0,0,1,2,4,1,1,1,2,19,40
"5677",9,6,9,9,17,16,14,4,9,9,13,16,14,2,4,0,4,0,0,2,4,1,1,21,44
"5678",10,6,19,9,18,16,20,6,9,9,17,16,14,6,6,6,6,6,0,6,6,2,3,31,51
"5679",11,8,19,15,20,16,20,6,19,9,18,16,20,6,0,0,2,4,2,6,2,3,1,39,53
"5680",12,8,19,15,20,16,20,8,19,15,20,16,20,4,2,0,NA,0,0,0,0,0,0,39,53
"5681",0,0,0,0,0,0,0,0,0,0,0,0,0,0,0,0,0,0,0,0,0,0,0,0,0
"5682",1,9,1,1,7,3,1,1,1,1,1,1,1,6,6,2,6,2,0,6,6,1,1,8,8
"5683",2,9,1,3,11,3,1,9,1,1,7,3,1,2,0,0,3,3,4,2,4,3,1,10,12
"5684",3,12,1,3,14,3,1,9,1,3,11,3,1,3,3,0,3,0,0,3,3,1,1,13,15
"5685",4,18,7,8,18,3,1,12,1,3,14,3,1,1,4,6,1,4,0,6,4,2,1,30,19
"5686",5,19,7,8,23,3,1,18,7,8,18,3,1,1,0,0,5,5,1,1,5,1,1,31,24
"5687",6,19,12,8,23,3,2,19,7,8,23,3,1,5,1,0,1,0,0,5,1,2,3,36,25
"5688",7,19,17,8,35,3,4,19,12,8,23,3,2,6,3,5,6,3,0,5,6,2,1,41,39
"5689",8,22,17,8,38,3,4,19,17,8,35,3,4,3,0,0,3,1,1,3,3,1,1,44,42
"5690",9,23,1,8,45,8,4,22,17,8,38,3,4,1,1,0,1,0,0,1,1,1,1,29,54
"5691",10,24,1,8,47,8,4,23,1,8,45,8,4,1,2,5,2,5,0,1,2,1,1,30,56
"5692",11,29,1,8,47,8,8,24,1,8,47,8,4,5,0,0,4,2,6,5,4,1,3,35,60
"5693",12,29,1,8,47,8,8,29,1,8,47,8,8,2,6,0,NA,0,0,0,0,0,0,35,60
"5694",0,0,0,0,0,0,0,0,0,0,0,0,0,0,0,0,0,0,0,0,0,0,0,0,0
"5695",1,1,10,1,1,1,2,1,1,1,1,1,1,6,3,1,3,1,0,6,1,2,3,9,1
"5696",2,4,10,1,1,10,2,1,10,1,1,1,2,3,0,0,6,3,3,3,6,1,2,12,10
"5697",3,7,10,1,4,10,2,4,10,1,1,10,2,3,3,0,3,0,0,3,3,1,1,15,13
"5698",4,12,10,13,4,10,4,7,10,1,4,10,2,2,6,2,2,2,0,6,2,3,3,32,15
"5699",5,12,12,13,4,12,4,12,10,13,4,10,4,2,0,0,4,1,2,2,2,2,2,34,17
"5700",6,16,12,13,5,12,4,12,12,13,4,12,4,4,1,0,1,0,0,4,1,1,1,38,18
"5701",7,16,12,16,5,16,4,16,12,13,5,12,4,3,1,4,1,4,0,3,4,3,2,41,22
"5702",8,16,12,17,5,19,4,16,12,16,5,16,4,1,0,0,6,3,1,1,3,3,2,42,25
"5703",9,22,20,17,5,19,5,16,12,17,5,19,4,6,1,0,1,0,0,6,1,1,3,56,26
"5704",10,24,20,17,5,22,5,22,20,17,5,19,5,2,6,3,6,3,0,2,3,1,2,58,29
"5705",11,25,32,17,11,23,5,24,20,17,5,22,5,6,0,0,6,2,6,6,6,2,1,71,36
"5706",12,25,32,17,11,23,5,25,32,17,11,23,5,2,6,0,NA,0,0,0,0,0,0,71,36
"5707",0,0,0,0,0,0,0,0,0,0,0,0,0,0,0,0,0,0,0,0,0,0,0,0,0
"5708",1,1,5,1,1,5,1,1,1,1,1,1,1,4,2,4,2,4,0,4,4,2,2,4,4
"5709",2,3,5,1,7,5,4,1,5,1,1,5,1,2,0,0,6,4,2,2,6,1,1,6,13
"5710",3,7,5,1,7,7,4,3,5,1,7,5,4,4,2,0,2,0,0,4,2,1,2,10,15
"5711",4,13,6,1,13,7,7,7,5,1,7,7,4,6,6,6,6,6,0,6,6,1,1,17,24
"5712",5,13,7,7,13,11,7,13,6,1,13,7,7,6,0,0,2,4,1,6,4,3,2,24,28
"5713",6,13,7,9,14,11,7,13,7,7,13,11,7,2,1,0,1,0,0,2,1,3,1,26,29
"5714",7,18,7,9,14,16,7,13,7,9,14,11,7,2,5,5,2,5,0,5,5,1,2,31,34
"5715",8,18,7,11,19,16,7,18,7,9,14,16,7,2,0,0,5,5,2,2,5,3,1,33,39
"5716",9,23,7,11,21,16,7,18,7,11,19,16,7,5,2,0,2,0,0,5,2,1,1,38,41
"5717",10,41,7,11,21,1,3,23,7,11,21,16,7,6,2,1,2,1,0,6,2,1,3,56,22
"5718",11,42,7,11,23,1,3,41,7,11,21,1,3,1,0,0,2,4,5,1,2,1,1,57,24
"5719",12,42,7,11,23,1,3,42,7,11,23,1,3,4,5,0,NA,0,0,0,0,0,0,57,24
"5720",0,0,0,0,0,0,0,0,0,0,0,0,0,0,0,0,0,0,0,0,0,0,0,0,0
"5721",1,1,1,5,1,4,1,1,1,1,1,1,1,3,4,3,3,3,0,4,3,3,2,4,3
"5722",2,4,1,5,1,13,1,1,1,5,1,4,1,3,0,0,1,6,4,3,6,1,2,7,12
"5723",3,4,1,9,1,13,2,4,1,5,1,13,1,1,4,0,1,0,0,4,1,3,3,11,13
"5724",4,4,4,9,1,13,6,4,1,9,1,13,2,3,4,4,4,4,0,3,4,2,3,14,17
"5725",5,8,4,9,1,16,6,4,4,9,1,13,6,4,0,0,2,4,3,4,3,1,2,18,20
"5726",6,12,4,9,1,18,6,8,4,9,1,16,6,2,4,0,2,0,0,4,2,1,2,22,22
"5727",7,12,4,11,5,18,6,12,4,9,1,18,6,4,2,1,4,1,0,2,4,3,1,24,26
"5728",8,13,4,11,5,18,16,12,4,11,5,18,6,1,0,0,2,6,6,1,6,1,3,25,36
"5729",9,15,4,11,5,25,16,13,4,11,5,18,16,2,6,0,6,0,0,2,6,1,2,27,43
"5730",10,17,4,11,11,25,17,15,4,11,5,25,16,2,1,6,1,6,0,2,6,1,1,29,50
"5731",11,18,4,11,12,25,17,17,4,11,11,25,17,1,0,0,1,5,2,1,1,1,1,30,51
"5732",12,18,4,11,12,25,17,18,4,11,12,25,17,5,2,0,NA,0,0,0,0,0,0,30,51
"5733",0,0,0,0,0,0,0,0,0,0,0,0,0,0,0,0,0,0,0,0,0,0,0,0,0
"5734",1,1,2,1,1,1,5,1,1,1,1,1,1,4,1,1,4,1,0,1,4,2,3,1,4
"5735",2,1,3,1,1,1,10,1,2,1,1,1,5,1,0,0,2,2,5,1,5,2,3,2,9
"5736",3,3,3,1,1,3,10,1,3,1,1,1,10,2,2,0,2,0,0,2,2,1,2,4,11
"5737",4,3,5,1,3,3,10,3,3,1,1,3,10,2,1,2,1,2,0,2,2,2,1,6,13
"5738",5,4,5,1,3,7,10,3,5,1,3,3,10,1,0,0,4,4,5,1,4,1,2,7,17
"5739",6,8,5,1,3,7,15,4,5,1,3,7,10,4,5,0,5,0,0,4,5,1,3,11,22
"5740",7,8,5,6,3,8,15,8,5,1,3,7,15,1,1,5,1,1,0,5,1,3,2,16,23
"5741",8,8,5,7,4,14,15,8,5,6,3,8,15,1,0,0,5,6,4,1,6,3,2,17,30
"5742",9,13,5,7,8,14,15,8,5,7,4,14,15,5,4,0,4,0,0,5,4,1,1,22,34
"5743",10,14,5,7,12,14,15,13,5,7,8,14,15,1,4,1,4,1,0,1,4,1,1,23,38
"5744",11,15,5,7,15,14,15,14,5,7,12,14,15,1,0,0,3,2,2,1,3,1,1,24,41
"5745",12,15,5,7,15,14,15,15,5,7,15,14,15,2,2,0,NA,0,0,0,0,0,0,24,41
"5746",0,0,0,0,0,0,0,0,0,0,0,0,0,0,0,0,0,0,0,0,0,0,0,0,0
"5747",1,1,1,6,7,2,1,1,1,1,1,1,1,6,5,3,6,3,0,5,6,3,1,5,7
"5748",2,4,1,6,9,2,1,1,1,6,7,2,1,3,0,0,1,2,4,3,2,1,1,8,9
"5749",3,4,5,6,9,2,2,4,1,6,9,2,1,1,4,0,1,0,0,4,1,2,3,12,10
"5750",4,4,5,11,9,2,3,4,5,6,9,2,2,5,1,1,1,1,0,5,1,3,3,17,11
"5751",5,5,5,11,14,2,3,4,5,11,9,2,3,1,0,0,6,5,3,1,5,1,1,18,16
"5752",6,11,7,11,14,5,3,5,5,11,14,2,3,6,3,0,3,0,0,6,3,1,2,26,19
"5753",7,15,7,11,18,5,3,11,7,11,14,5,3,4,4,2,4,2,0,4,4,1,1,30,23
"5754",8,17,7,11,27,5,3,15,7,11,18,5,3,2,0,0,2,6,3,2,6,1,1,32,32
"5755",9,17,7,13,27,8,3,17,7,11,27,5,3,2,3,0,3,0,0,2,3,3,2,34,35
"5756",10,17,11,13,27,8,5,17,7,13,27,8,3,2,4,1,2,1,0,4,2,2,3,38,37
"5757",11,18,11,13,32,8,5,17,11,13,27,8,5,1,0,0,5,2,2,1,5,1,1,39,42
"5758",12,18,11,13,32,8,5,18,11,13,32,8,5,2,2,0,NA,0,0,0,0,0,0,39,42
"5759",0,0,0,0,0,0,0,0,0,0,0,0,0,0,0,0,0,0,0,0,0,0,0,0,0
"5760",1,2,1,1,1,1,4,1,1,1,1,1,1,1,1,3,1,3,0,1,3,1,3,1,3
"5761",2,2,2,1,1,1,6,2,1,1,1,1,4,1,0,0,2,1,2,1,2,2,3,2,5
"5762",3,2,4,1,2,1,6,2,2,1,1,1,6,1,2,0,1,0,0,2,1,2,1,4,6
"5763",4,2,4,3,2,4,6,2,4,1,2,1,6,3,2,2,3,2,0,2,3,3,2,6,9
"5764",5,2,4,5,6,4,6,2,4,3,2,4,6,2,0,0,4,2,3,2,4,3,1,8,13
"5765",6,2,6,5,6,7,6,2,4,5,6,4,6,2,3,0,3,0,0,2,3,2,2,10,16
"5766",7,2,9,5,6,7,11,2,6,5,6,7,6,3,2,5,2,5,0,3,5,2,3,13,21
"5767",8,2,9,7,6,12,11,2,9,5,6,7,11,2,0,0,1,5,5,2,5,3,2,15,26
"5768",9,7,9,7,6,12,12,2,9,7,6,12,11,1,5,0,1,0,0,5,1,1,3,20,27
"5769",10,7,9,11,12,12,18,7,9,7,6,12,12,4,4,6,4,6,0,4,6,3,3,24,39
"5770",11,11,9,11,15,12,18,7,9,11,12,12,18,4,0,0,3,1,4,4,3,1,1,28,42
"5771",12,11,9,11,15,12,18,11,9,11,15,12,18,1,4,0,NA,0,0,0,0,0,0,28,42
"5772",0,0,0,0,0,0,0,0,0,0,0,0,0,0,0,0,0,0,0,0,0,0,0,0,0
"5773",1,1,1,2,1,4,1,1,1,1,1,1,1,1,3,1,3,1,0,1,3,3,2,1,3
"5774",2,1,2,2,1,4,5,1,1,2,1,4,1,1,0,0,4,4,5,1,4,2,3,2,7
"5775",3,6,2,2,5,4,5,1,2,2,1,4,5,4,5,0,4,0,0,5,4,1,1,7,11
"5776",4,10,2,2,5,4,10,6,2,2,5,4,5,5,2,4,5,2,0,4,5,1,3,11,16
"5777",5,12,2,2,9,4,10,10,2,2,5,4,10,2,0,0,4,1,3,2,4,1,1,13,20
"5778",6,15,2,2,10,4,10,12,2,2,9,4,10,1,3,0,1,0,0,3,1,1,1,16,21
"5779",7,20,2,2,10,12,10,15,2,2,10,4,10,6,5,4,6,4,0,5,6,1,2,21,29
"5780",8,20,2,6,10,15,10,20,2,2,10,12,10,4,0,0,3,2,3,4,3,3,2,25,32
"5781",9,20,2,9,10,15,12,20,2,6,10,15,10,2,3,0,2,0,0,3,2,3,3,28,34
"5782",10,38,2,9,1,6,1,20,2,9,10,15,12,6,5,1,5,1,0,6,5,1,2,46,5
"5783",11,39,2,9,1,9,1,38,2,9,1,6,1,1,0,0,3,6,3,1,3,1,2,47,8
"5784",12,39,2,9,1,9,1,39,2,9,1,9,1,6,3,0,NA,0,0,0,0,0,0,47,8
"5785",0,0,0,0,0,0,0,0,0,0,0,0,0,0,0,0,0,0,0,0,0,0,0,0,0
"5786",1,1,1,5,1,12,1,1,1,1,1,1,1,2,6,4,2,6,0,4,6,3,2,4,11
"5787",2,3,1,5,1,12,11,1,1,5,1,12,1,2,0,0,6,6,4,2,6,1,3,6,21
"5788",3,3,1,9,8,12,11,3,1,5,1,12,11,6,4,0,6,0,0,4,6,3,1,10,28
"5789",4,7,1,9,11,12,11,3,1,9,8,12,11,3,4,4,3,4,0,4,3,1,1,14,31
"5790",5,11,1,9,11,18,12,7,1,9,11,12,11,4,0,0,2,6,4,4,6,1,2,18,38
"5791",6,11,1,13,11,20,12,11,1,9,11,18,12,2,4,0,2,0,0,4,2,3,2,22,40
"5792",7,11,1,15,14,20,12,11,1,13,11,20,12,2,3,3,3,3,0,2,3,3,1,24,43
"5793",8,11,1,18,14,22,18,11,1,15,14,20,12,3,0,0,2,5,6,3,6,3,3,27,51
"5794",9,11,1,23,16,22,18,11,1,18,14,22,18,2,5,0,2,0,0,5,2,3,1,32,53
"5795",10,16,1,23,19,22,18,11,1,23,16,22,18,5,3,1,3,1,0,5,3,1,1,37,56
"5796",11,17,1,23,23,22,18,16,1,23,19,22,18,1,0,0,4,6,6,1,4,1,1,38,60
"5797",12,17,1,23,23,22,18,17,1,23,23,22,18,6,6,0,NA,0,0,0,0,0,0,38,60
"5798",0,0,0,0,0,0,0,0,0,0,0,0,0,0,0,0,0,0,0,0,0,0,0,0,0
"5799",1,3,1,1,6,1,1,1,1,1,1,1,1,5,5,2,5,5,0,2,5,1,1,2,5
"5800",2,3,6,1,6,6,1,3,1,1,6,1,1,5,0,0,2,3,5,5,5,2,2,7,10
"5801",3,3,9,1,6,8,1,3,6,1,6,6,1,2,3,0,2,0,0,3,2,2,2,10,12
"5802",4,7,9,1,6,8,3,3,9,1,6,8,1,2,1,4,2,1,0,4,2,1,3,14,14
"5803",5,7,9,2,10,14,3,7,9,1,6,8,3,1,0,0,2,6,1,1,6,3,2,15,24
"5804",6,7,9,3,10,14,5,7,9,2,10,14,3,2,1,0,2,0,0,1,2,3,3,16,26
"5805",7,7,13,3,14,14,5,7,9,3,10,14,5,4,4,4,4,4,0,4,4,2,1,20,30
"5806",8,7,13,7,17,14,5,7,13,3,14,14,5,4,0,0,2,4,3,4,3,3,1,24,33
"5807",9,7,17,7,17,14,7,7,13,7,17,14,5,2,4,0,2,0,0,4,2,2,3,28,35
"5808",10,7,20,7,20,14,7,7,17,7,17,14,7,3,3,1,3,1,0,3,3,2,1,31,38
"5809",11,8,20,7,26,21,7,7,20,7,20,14,7,1,0,0,6,5,1,1,6,1,1,32,51
"5810",12,8,20,7,26,21,7,8,20,7,26,21,7,5,1,0,NA,0,0,0,0,0,0,32,51
"5811",0,0,0,0,0,0,0,0,0,0,0,0,0,0,0,0,0,0,0,0,0,0,0,0,0
"5812",1,4,1,1,6,1,1,1,1,1,1,1,1,3,3,5,3,5,0,3,5,1,1,3,5
"5813",2,4,4,1,6,1,6,4,1,1,6,1,1,3,0,0,1,5,1,3,5,2,3,6,10
"5814",3,4,5,1,7,1,6,4,4,1,6,1,6,1,1,0,1,0,0,1,1,2,1,7,11
"5815",4,8,5,1,7,5,6,4,5,1,7,1,6,4,3,4,3,4,0,4,4,1,2,11,15
"5816",5,11,5,1,7,11,11,8,5,1,7,5,6,3,0,0,6,4,4,3,6,1,2,14,26
"5817",6,11,9,1,7,11,15,11,5,1,7,11,11,4,4,0,4,0,0,4,4,2,3,18,30
"5818",7,26,9,1,8,17,15,11,9,1,7,11,15,6,6,6,6,6,0,6,6,1,2,33,37
"5819",8,26,16,1,11,17,21,26,9,1,8,17,15,6,0,0,5,6,5,6,6,2,3,40,46
"5820",9,26,21,1,16,17,21,26,16,1,11,17,21,5,5,0,5,0,0,5,5,2,1,45,51
"5821",10,28,21,1,16,17,23,26,21,1,16,17,21,2,1,2,1,2,0,2,2,1,3,47,53
"5822",11,29,21,1,21,17,23,28,21,1,16,17,23,1,0,0,5,3,5,1,5,1,1,48,58
"5823",12,29,21,1,21,17,23,29,21,1,21,17,23,3,5,0,NA,0,0,0,0,0,0,48,58
"5824",0,0,0,0,0,0,0,0,0,0,0,0,0,0,0,0,0,0,0,0,0,0,0,0,0
"5825",1,1,6,7,1,1,10,1,1,1,1,1,1,2,6,6,2,6,0,6,6,3,3,11,9
"5826",2,3,6,7,1,1,15,1,6,7,1,1,10,2,0,0,6,1,5,2,5,1,3,13,14
"5827",3,3,10,13,1,2,15,3,6,7,1,1,15,6,1,0,1,0,0,6,1,3,2,23,15
"5828",4,9,10,18,1,2,18,3,10,13,1,2,15,6,3,3,3,3,0,6,3,1,3,34,18
"5829",5,9,13,18,6,2,18,9,10,18,1,2,18,3,0,0,5,2,3,3,5,2,1,37,23
"5830",6,9,16,18,8,2,18,9,13,18,6,2,18,2,3,0,2,0,0,3,2,2,1,40,25
"5831",7,10,16,18,8,2,22,9,16,18,8,2,18,1,3,4,3,4,0,1,4,1,3,41,29
"5832",8,13,16,18,8,2,25,10,16,18,8,2,22,3,0,0,3,2,3,3,3,1,3,44,32
"5833",9,16,16,18,8,4,25,13,16,18,8,2,25,2,3,0,2,0,0,3,2,1,2,47,34
"5834",10,17,16,18,8,4,27,16,16,18,8,4,25,1,2,1,2,1,0,1,2,1,3,48,36
"5835",11,18,16,18,12,4,27,17,16,18,8,4,27,1,0,0,4,5,4,1,4,1,1,49,40
"5836",12,18,16,18,12,4,27,18,16,18,12,4,27,5,4,0,NA,0,0,0,0,0,0,49,40
"5837",0,0,0,0,0,0,0,0,0,0,0,0,0,0,0,0,0,0,0,0,0,0,0,0,0
"5838",1,12,1,1,1,1,6,1,1,1,1,1,1,6,1,5,1,5,0,6,5,1,3,11,5
"5839",2,12,1,2,5,1,6,12,1,1,1,1,6,1,0,0,3,5,4,1,4,3,1,12,9
"5840",3,15,1,2,5,6,6,12,1,2,5,1,6,3,5,0,5,0,0,3,5,1,2,15,14
"5841",4,15,1,7,5,6,9,15,1,2,5,6,6,3,3,5,3,3,0,5,3,3,3,20,17
"5842",5,15,4,7,11,6,13,15,1,7,5,6,9,3,0,0,2,6,6,3,6,2,1,23,27
"5843",6,15,4,17,13,6,13,15,4,7,11,6,13,2,6,0,2,0,0,6,2,3,1,33,29
"5844",7,15,4,21,13,9,13,15,4,17,13,6,13,4,1,3,1,3,0,4,3,3,2,37,32
"5845",8,15,5,21,18,9,19,15,4,21,13,9,13,1,0,0,6,1,2,1,6,2,3,38,43
"5846",9,15,5,22,18,11,19,15,5,21,18,9,19,1,2,0,2,0,0,1,2,3,2,39,45
"5847",10,17,5,22,18,15,25,15,5,22,18,11,19,2,3,6,3,6,0,2,6,1,3,41,55
"5848",11,17,5,25,18,19,25,17,5,22,18,15,25,3,0,0,4,2,6,3,4,3,2,44,59
"5849",12,17,5,25,18,19,25,17,5,25,18,19,25,2,6,0,NA,0,0,0,0,0,0,44,59
"5850",0,0,0,0,0,0,0,0,0,0,0,0,0,0,0,0,0,0,0,0,0,0,0,0,0
"5851",1,1,10,1,1,11,1,1,1,1,1,1,1,6,1,6,1,6,0,6,6,2,2,9,10
"5852",2,1,11,1,1,15,1,1,10,1,1,11,1,1,0,0,4,1,2,1,4,2,2,10,14
"5853",3,3,11,1,1,16,1,1,11,1,1,15,1,1,2,0,1,0,0,2,1,1,2,12,15
"5854",4,8,11,1,1,18,1,3,11,1,1,16,1,2,1,5,2,1,0,5,2,1,2,17,17
"5855",5,8,12,1,4,18,1,8,11,1,1,18,1,1,0,0,3,1,1,1,3,2,1,18,20
"5856",6,9,12,1,5,18,1,8,12,1,4,18,1,1,1,0,1,0,0,1,1,1,1,19,21
"5857",7,9,12,6,5,20,1,9,12,1,5,18,1,5,2,2,2,2,0,5,2,3,2,24,23
"5858",8,11,12,6,7,20,1,9,12,6,5,20,1,2,0,0,2,2,1,2,2,1,1,26,25
"5859",9,11,13,6,7,22,1,11,12,6,7,20,1,2,1,0,2,0,0,1,2,2,2,27,27
"5860",10,11,13,10,8,22,1,11,13,6,7,22,1,4,1,1,1,1,0,4,1,3,1,31,28
"5861",11,12,13,10,17,22,1,11,13,10,8,22,1,1,0,0,2,2,6,1,6,1,1,32,37
"5862",12,12,13,10,17,22,1,12,13,10,17,22,1,2,2,0,NA,0,0,0,0,0,0,32,37
"5863",0,0,0,0,0,0,0,0,0,0,0,0,0,0,0,0,0,0,0,0,0,0,0,0,0
"5864",1,4,1,1,1,13,4,1,1,1,1,1,1,6,3,2,6,2,0,3,6,1,2,3,15
"5865",2,6,1,1,6,13,4,4,1,1,1,13,4,2,0,0,4,5,1,2,5,1,1,5,20
"5866",3,10,1,1,6,13,5,6,1,1,6,13,4,4,1,0,1,0,0,4,1,1,3,9,21
"5867",4,10,7,8,12,15,11,10,1,1,6,13,5,6,6,6,6,6,0,6,6,3,1,22,35
"5868",5,18,7,8,12,15,13,10,7,8,12,15,11,6,0,0,2,2,3,6,2,1,3,30,37
"5869",6,18,7,10,12,18,13,18,7,8,12,15,13,2,3,0,3,0,0,2,3,3,2,32,40
"5870",7,18,8,10,18,22,13,18,7,10,12,18,13,1,1,6,1,6,0,1,6,2,1,33,50
"5871",8,19,8,10,18,22,18,18,8,10,18,22,13,1,0,0,5,5,6,1,5,1,3,34,55
"5872",9,20,14,10,23,22,18,19,8,10,18,22,18,5,6,0,5,0,0,6,5,2,1,41,60
"5873",10,23,14,10,24,22,18,20,14,10,23,22,18,3,1,3,1,3,0,3,1,1,1,44,61
"5874",11,26,14,10,29,22,18,23,14,10,24,22,18,3,0,0,5,2,5,3,5,1,1,47,66
"5875",12,26,14,10,29,22,18,26,14,10,29,22,18,2,5,0,NA,0,0,0,0,0,0,47,66
"5876",0,0,0,0,0,0,0,0,0,0,0,0,0,0,0,0,0,0,0,0,0,0,0,0,0
"5877",1,1,1,6,7,1,2,1,1,1,1,1,1,5,3,6,3,6,0,5,6,3,1,5,7
"5878",2,4,1,6,8,1,8,1,1,6,7,1,2,3,0,0,3,6,4,3,6,1,3,8,14
"5879",3,4,1,10,8,4,8,4,1,6,8,1,8,3,4,0,3,0,0,4,3,3,2,12,17
"5880",4,4,1,14,8,4,10,4,1,10,8,4,8,2,4,1,2,1,0,4,2,3,3,16,19
"5881",5,4,1,15,8,4,12,4,1,14,8,4,10,1,0,0,2,2,1,1,2,3,3,17,21
"5882",6,4,3,15,9,4,12,4,1,15,8,4,12,2,1,0,1,0,0,2,1,2,1,19,22
"5883",7,4,6,15,9,4,15,4,3,15,9,4,12,3,1,3,1,3,0,3,3,2,3,22,25
"5884",8,4,6,16,9,19,15,4,6,15,9,4,15,1,0,0,6,5,1,1,6,3,2,23,40
"5885",9,4,11,16,10,19,15,4,6,16,9,19,15,5,1,0,1,0,0,5,1,2,1,28,41
"5886",10,4,12,16,17,19,15,4,11,16,10,19,15,1,3,6,3,6,0,1,6,2,1,29,48
"5887",11,7,12,16,24,25,15,4,12,16,17,19,15,3,0,0,6,1,6,3,6,1,1,32,61
"5888",12,7,12,16,24,25,15,7,12,16,24,25,15,1,6,0,NA,0,0,0,0,0,0,32,61
"5889",0,0,0,0,0,0,0,0,0,0,0,0,0,0,0,0,0,0,0,0,0,0,0,0,0
"5890",1,8,1,1,6,1,1,1,1,1,1,1,1,6,5,1,5,1,0,6,5,1,1,7,5
"5891",2,8,1,2,11,1,1,8,1,1,6,1,1,1,0,0,3,5,2,1,5,3,1,8,10
"5892",3,10,1,2,11,4,1,8,1,2,11,1,1,3,2,0,3,0,0,2,3,1,2,10,13
"5893",4,13,1,2,11,10,4,10,1,2,11,4,1,3,6,5,6,5,0,3,6,1,2,13,22
"5894",5,18,1,2,11,10,6,13,1,2,11,10,4,5,0,0,1,3,2,5,2,1,3,18,24
"5895",6,21,1,2,12,10,6,18,1,2,11,10,6,1,3,0,1,0,0,3,1,1,1,21,25
"5896",7,21,1,7,12,15,6,21,1,2,12,10,6,5,5,5,5,5,0,5,5,3,2,26,30
"5897",8,26,1,7,12,15,9,21,1,7,12,15,6,5,0,0,2,3,2,5,3,1,3,31,33
"5898",9,28,1,7,12,17,9,26,1,7,12,15,9,2,2,0,2,0,0,2,2,1,2,33,35
"5899",10,28,1,12,16,17,9,28,1,7,12,17,9,5,4,1,4,1,0,5,4,3,1,38,39
"5900",11,29,1,12,16,17,12,28,1,12,16,17,9,1,0,0,3,4,2,1,3,1,3,39,42
"5901",12,29,1,12,16,17,12,29,1,12,16,17,12,4,2,0,NA,0,0,0,0,0,0,39,42
"5902",0,0,0,0,0,0,0,0,0,0,0,0,0,0,0,0,0,0,0,0,0,0,0,0,0
"5903",1,1,5,1,1,1,5,1,1,1,1,1,1,4,2,4,2,4,0,4,4,2,3,4,4
"5904",2,1,7,1,5,1,5,1,5,1,1,1,5,2,0,0,1,5,4,2,4,2,1,6,8
"5905",3,1,7,2,5,1,10,1,7,1,5,1,5,1,5,0,5,0,0,1,5,3,3,7,13
"5906",4,1,11,2,5,4,10,1,7,2,5,1,10,3,1,4,3,1,0,4,3,2,2,11,16
"5907",5,1,12,2,11,4,15,1,11,2,5,4,10,1,0,0,6,4,3,1,6,2,1,12,27
"5908",6,1,16,2,11,7,15,1,12,2,11,4,15,4,3,0,3,0,0,4,3,2,2,16,30
"5909",7,3,16,2,14,7,15,1,16,2,11,7,15,2,3,3,3,3,0,2,3,1,1,18,33
"5910",8,6,16,2,14,7,17,3,16,2,14,7,15,3,0,0,4,2,2,3,2,1,3,21,35
"5911",9,10,16,2,14,9,17,6,16,2,14,7,17,4,2,0,2,0,0,4,2,1,2,25,37
"5912",10,12,16,2,20,12,17,10,16,2,14,9,17,2,1,6,1,6,0,2,6,1,1,27,46
"5913",11,13,16,2,23,12,17,12,16,2,20,12,17,1,0,0,3,6,5,1,3,1,1,28,49
"5914",12,13,16,2,23,12,17,13,16,2,23,12,17,6,5,0,NA,0,0,0,0,0,0,28,49
"5915",0,0,0,0,0,0,0,0,0,0,0,0,0,0,0,0,0,0,0,0,0,0,0,0,0
"5916",1,6,7,1,2,1,1,1,1,1,1,1,1,6,1,1,1,1,0,6,1,2,1,11,1
"5917",2,7,7,1,2,1,6,6,7,1,2,1,1,1,0,0,4,3,5,1,5,1,3,12,6
"5918",3,7,11,1,2,1,9,7,7,1,2,1,6,4,3,0,3,0,0,4,3,2,3,16,9
"5919",4,7,15,1,2,1,13,7,11,1,2,1,9,4,3,4,3,4,0,4,4,2,3,20,13
"5920",5,10,15,1,2,5,13,7,15,1,2,1,13,3,0,0,6,1,4,3,4,1,2,23,17
"5921",6,16,18,1,2,5,14,10,15,1,2,5,13,6,1,0,1,0,0,6,1,1,3,32,18
"5922",7,16,18,6,2,5,18,16,18,1,2,5,14,5,4,1,4,1,0,5,4,3,3,37,22
"5923",8,16,18,7,2,9,18,16,18,6,2,5,18,1,0,0,2,4,2,1,4,3,2,38,26
"5924",9,16,18,9,4,9,18,16,18,7,2,9,18,2,2,0,2,0,0,2,2,3,1,40,28
"5925",10,16,20,9,4,14,18,16,18,9,4,9,18,2,5,5,5,5,0,2,5,2,2,42,33
"5926",11,21,20,9,7,14,18,16,20,9,4,14,18,5,0,0,3,6,2,5,3,1,1,47,36
"5927",12,21,20,9,7,14,18,21,20,9,7,14,18,6,2,0,NA,0,0,0,0,0,0,47,36
"5928",0,0,0,0,0,0,0,0,0,0,0,0,0,0,0,0,0,0,0,0,0,0,0,0,0
"5929",1,1,1,5,1,6,1,1,1,1,1,1,1,4,4,5,4,5,0,4,5,3,2,4,5
"5930",2,1,5,5,5,6,1,1,1,5,1,6,1,4,0,0,4,2,2,4,4,2,1,8,9
"5931",3,3,5,5,5,8,1,1,5,5,5,6,1,2,2,0,2,0,0,2,2,1,2,10,11
"5932",4,8,11,11,5,8,4,3,5,5,5,8,1,1,3,6,1,3,0,6,3,3,3,27,14
"5933",5,9,11,11,5,8,7,8,11,11,5,8,4,1,0,0,3,4,2,1,3,1,3,28,17
"5934",6,9,11,15,5,10,7,9,11,11,5,8,7,4,2,0,2,0,0,4,2,3,2,32,19
"5935",7,14,11,15,8,10,7,9,11,15,5,10,7,5,3,3,3,3,0,5,3,1,1,37,22
"5936",8,14,14,15,11,10,7,14,11,15,8,10,7,3,0,0,3,1,4,3,3,2,1,40,25
"5937",9,15,14,15,15,10,7,14,14,15,11,10,7,1,4,0,4,0,0,1,4,1,1,41,29
"5938",10,20,14,15,15,10,9,15,14,15,15,10,7,5,3,2,3,2,0,5,2,1,3,46,31
"5939",11,23,14,15,17,10,9,20,14,15,15,10,9,3,0,0,2,3,1,3,2,1,1,49,33
"5940",12,23,14,15,17,10,9,23,14,15,17,10,9,3,1,0,NA,0,0,0,0,0,0,49,33
"5941",0,0,0,0,0,0,0,0,0,0,0,0,0,0,0,0,0,0,0,0,0,0,0,0,0
"5942",1,1,8,1,1,1,4,1,1,1,1,1,1,3,1,6,3,1,0,6,3,2,3,7,3
"5943",2,1,8,2,7,1,5,1,8,1,1,1,4,1,0,0,3,2,6,1,6,3,1,8,10
"5944",3,1,10,2,7,1,8,1,8,2,7,1,5,3,2,0,3,0,0,2,3,2,3,10,13
"5945",4,2,10,2,7,1,12,1,10,2,7,1,8,4,4,1,4,4,0,1,4,1,3,11,17
"5946",5,2,10,6,11,1,12,2,10,2,7,1,12,4,0,0,4,2,3,4,4,3,1,15,21
"5947",6,2,12,6,11,4,12,2,10,6,11,1,12,2,3,0,3,0,0,2,3,2,2,17,24
"5948",7,6,12,6,11,4,22,2,12,6,11,4,12,4,6,1,6,1,0,4,6,1,3,21,34
"5949",8,6,12,7,17,6,22,6,12,6,11,4,22,1,0,0,6,2,3,1,6,3,1,22,42
"5950",9,8,12,7,20,6,22,6,12,7,17,6,22,2,3,0,3,0,0,2,3,1,1,24,45
"5951",10,13,12,7,22,6,22,8,12,7,20,6,22,5,2,4,2,4,0,5,2,1,1,29,47
"5952",11,17,12,7,28,15,22,13,12,7,22,6,22,4,0,0,6,6,1,4,6,1,2,33,62
"5953",12,17,12,7,28,15,22,17,12,7,28,15,22,6,1,0,NA,0,0,0,0,0,0,33,62
"5954",0,0,0,0,0,0,0,0,0,0,0,0,0,0,0,0,0,0,0,0,0,0,0,0,0
"5955",1,1,1,4,1,5,7,1,1,1,1,1,1,6,3,1,6,1,0,3,6,3,3,3,10
"5956",2,1,1,5,7,5,12,1,1,4,1,5,7,1,0,0,3,5,6,1,6,3,1,4,21
"5957",3,1,1,8,7,10,12,1,1,5,7,5,12,3,5,0,5,0,0,3,5,3,2,7,26
"5958",4,1,3,14,7,10,15,1,1,8,7,10,12,6,3,1,3,1,0,6,3,3,3,15,29
"5959",5,2,3,14,12,10,15,1,3,14,7,10,15,1,0,0,2,4,5,1,5,1,1,16,34
"5960",6,6,3,14,12,10,17,2,3,14,12,10,15,2,4,0,2,0,0,4,2,1,3,20,36
"5961",7,6,3,17,12,14,17,6,3,14,12,10,17,3,4,2,4,2,0,3,4,3,2,23,40
"5962",8,8,3,17,12,19,17,6,3,17,12,14,17,2,0,0,1,5,3,2,5,1,2,25,45
"5963",9,8,3,18,15,19,17,8,3,17,12,19,17,1,3,0,3,0,0,1,3,3,1,26,48
"5964",10,9,3,18,17,19,17,8,3,18,15,19,17,1,2,6,2,6,0,1,2,1,1,27,50
"5965",11,17,3,18,20,19,17,9,3,18,17,19,17,6,0,0,3,1,1,6,3,1,1,35,53
"5966",12,17,3,18,20,19,17,17,3,18,20,19,17,1,1,0,NA,0,0,0,0,0,0,35,53
"5967",0,0,0,0,0,0,0,0,0,0,0,0,0,0,0,0,0,0,0,0,0,0,0,0,0
"5968",1,1,1,3,6,1,1,1,1,1,1,1,1,5,2,3,5,3,0,2,5,3,1,2,5
"5969",2,4,1,3,12,10,1,1,1,3,6,1,1,3,0,0,6,1,5,3,6,1,2,5,20
"5970",3,9,1,3,13,10,1,4,1,3,12,10,1,1,5,0,1,0,0,5,1,1,1,10,21
"5971",4,9,5,3,13,12,7,9,1,3,13,10,1,6,1,4,6,1,0,4,6,2,3,14,29
"5972",5,10,5,3,13,14,7,9,5,3,13,12,7,1,0,0,2,3,1,1,2,1,2,15,31
"5973",6,10,8,3,13,14,8,10,5,3,13,14,7,3,1,0,1,0,0,3,1,2,3,18,32
"5974",7,10,8,5,19,14,15,10,8,3,13,14,8,2,5,6,5,6,0,2,6,3,3,20,45
"5975",8,15,8,5,19,16,15,10,8,5,19,14,15,5,0,0,2,3,4,5,2,1,2,25,47
"5976",9,18,8,5,19,20,15,15,8,5,19,16,15,3,4,0,4,0,0,3,4,1,2,28,51
"5977",10,18,12,5,19,24,15,18,8,5,19,20,15,4,4,6,4,6,0,4,4,2,2,32,55
"5978",11,32,12,5,21,24,15,18,12,5,19,24,15,6,0,0,2,4,4,6,2,1,1,46,57
"5979",12,32,12,5,21,24,15,32,12,5,21,24,15,4,4,0,NA,0,0,0,0,0,0,46,57
"5980",0,0,0,0,0,0,0,0,0,0,0,0,0,0,0,0,0,0,0,0,0,0,0,0,0
"5981",1,1,1,5,1,1,4,1,1,1,1,1,1,4,1,3,1,3,0,4,3,3,3,4,3
"5982",2,1,1,6,6,1,4,1,1,5,1,1,4,1,0,0,4,1,5,1,5,3,1,5,8
"5983",3,1,5,6,6,2,4,1,1,6,6,1,4,4,1,0,1,0,0,4,1,2,2,9,9
"5984",4,12,5,6,6,4,10,1,5,6,6,2,4,6,6,1,6,1,0,6,6,1,3,20,17
"5985",5,12,5,7,6,4,12,12,5,6,6,4,10,1,0,0,1,2,1,1,2,3,3,21,19
"5986",6,12,5,8,7,4,12,12,5,7,6,4,12,1,1,0,1,0,0,1,1,3,1,22,20
"5987",7,12,9,8,7,4,17,12,5,8,7,4,12,4,5,5,5,5,0,4,5,2,3,26,25
"5988",8,17,9,8,7,6,23,12,9,8,7,4,17,5,0,0,6,3,6,5,6,1,3,31,33
"5989",9,18,15,8,7,6,26,17,9,8,7,6,23,3,6,0,3,0,0,6,3,2,3,38,36
"5990",10,18,25,8,7,11,26,18,15,8,7,6,26,2,5,6,2,5,0,6,5,2,2,48,41
"5991",11,20,25,8,7,11,31,18,25,8,7,11,26,2,0,0,5,2,6,2,5,1,3,50,46
"5992",12,20,25,8,7,11,31,20,25,8,7,11,31,2,6,0,NA,0,0,0,0,0,0,50,46
"5993",0,0,0,0,0,0,0,0,0,0,0,0,0,0,0,0,0,0,0,0,0,0,0,0,0
"5994",1,6,1,1,1,3,7,1,1,1,1,1,1,6,1,5,6,1,0,5,6,1,3,5,8
"5995",2,7,1,1,1,3,12,6,1,1,1,3,7,1,0,0,4,2,5,1,5,1,3,6,13
"5996",3,11,1,1,1,3,14,7,1,1,1,3,12,4,2,0,2,0,0,4,2,1,3,10,15
"5997",4,15,1,1,1,13,14,11,1,1,1,3,14,6,4,4,6,4,0,4,6,1,2,14,25
"5998",5,15,1,5,1,17,14,15,1,1,1,13,14,4,0,0,3,4,5,4,4,3,2,18,29
"5999",6,18,1,5,6,17,14,15,1,5,1,17,14,3,5,0,5,0,0,3,5,1,1,21,34
"6000",7,23,1,5,6,17,19,18,1,5,6,17,14,5,5,5,5,5,0,5,5,1,3,26,39
"6001",8,23,1,10,10,17,19,23,1,5,6,17,19,5,0,0,4,1,4,5,4,3,1,31,43
"6002",9,27,1,10,10,17,20,23,1,10,10,17,19,1,4,0,1,0,0,4,1,1,3,35,44
"6003",10,28,1,10,17,17,20,27,1,10,10,17,20,6,1,1,6,1,0,1,6,1,1,36,51
"6004",11,29,1,10,21,17,20,28,1,10,17,17,20,1,0,0,4,5,3,1,4,1,1,37,55
"6005",12,29,1,10,21,17,20,29,1,10,21,17,20,5,3,0,NA,0,0,0,0,0,0,37,55
"6006",0,0,0,0,0,0,0,0,0,0,0,0,0,0,0,0,0,0,0,0,0,0,0,0,0
"6007",1,1,1,5,1,1,11,1,1,1,1,1,1,4,6,6,6,6,0,4,6,3,3,4,10
"6008",2,7,1,7,1,6,11,1,1,5,1,1,11,6,0,0,1,1,5,6,5,1,2,12,15
"6009",3,7,2,7,2,6,11,7,1,7,1,6,11,1,1,0,1,0,0,1,1,2,1,13,16
"6010",4,7,4,13,2,6,15,7,2,7,2,6,11,4,2,6,4,2,0,6,4,3,3,21,20
"6011",5,7,4,15,2,6,20,7,4,13,2,6,15,2,0,0,1,5,1,2,5,3,3,23,25
"6012",6,8,4,15,2,6,21,7,4,15,2,6,20,1,1,0,1,0,0,1,1,1,3,24,26
"6013",7,8,9,15,2,9,21,8,4,15,2,6,21,5,3,1,3,1,0,5,3,2,2,29,29
"6014",8,8,10,15,6,9,21,8,9,15,2,9,21,1,0,0,5,3,4,1,4,2,1,30,33
"6015",9,8,10,20,6,9,24,8,10,15,6,9,21,5,3,0,3,0,0,5,3,3,3,35,36
"6016",10,18,10,20,6,14,24,8,10,20,6,9,24,4,5,6,4,5,0,6,5,1,2,45,41
"6017",11,18,14,20,6,17,30,18,10,20,6,14,24,4,0,0,6,6,6,4,6,2,3,49,50
"6018",12,18,14,20,6,17,30,18,14,20,6,17,30,6,6,0,NA,0,0,0,0,0,0,49,50
"6019",0,0,0,0,0,0,0,0,0,0,0,0,0,0,0,0,0,0,0,0,0,0,0,0,0
"6020",1,7,7,1,6,1,1,1,1,1,1,1,1,5,6,4,5,4,0,6,5,1,1,12,5
"6021",2,11,7,1,6,1,5,7,7,1,6,1,1,4,0,0,2,4,3,4,4,1,3,16,9
"6022",3,11,10,1,6,3,5,11,7,1,6,1,5,2,3,0,2,0,0,3,2,2,2,19,11
"6023",4,11,10,6,8,3,5,11,10,1,6,3,5,5,2,1,2,1,0,5,2,3,1,24,13
"6024",5,11,11,6,13,3,5,11,10,6,8,3,5,1,0,0,1,3,5,1,5,2,1,25,18
"6025",6,11,14,6,13,3,6,11,11,6,13,3,5,1,3,0,1,0,0,3,1,2,3,28,19
"6026",7,11,17,6,19,3,8,11,14,6,13,3,6,3,6,6,6,6,0,3,6,2,1,31,27
"6027",8,11,25,8,20,1,8,11,17,6,19,3,8,6,0,0,4,1,6,6,1,2,1,41,26
"6028",9,11,35,14,20,1,5,11,25,8,20,1,8,4,6,0,4,0,0,6,4,3,3,57,23
"6029",10,21,35,14,20,1,8,11,35,14,20,1,5,6,3,3,3,3,0,6,3,1,3,67,26
"6030",11,21,38,14,23,1,8,21,35,14,20,1,8,3,0,0,3,2,1,3,3,2,1,70,29
"6031",12,21,38,14,23,1,8,21,38,14,23,1,8,2,1,0,NA,0,0,0,0,0,0,70,29
"6032",0,0,0,0,0,0,0,0,0,0,0,0,0,0,0,0,0,0,0,0,0,0,0,0,0
"6033",1,1,1,5,1,2,1,1,1,1,1,1,1,1,4,1,1,1,0,4,1,3,2,4,1
"6034",2,1,1,6,1,2,5,1,1,5,1,2,1,1,0,0,6,4,3,1,4,3,3,5,5
"6035",3,12,1,6,1,2,8,1,1,6,1,2,5,6,3,0,3,0,0,6,3,1,3,16,8
"6036",4,13,1,6,1,2,12,12,1,6,1,2,8,4,3,1,4,3,0,1,4,1,3,17,12
"6037",5,16,1,6,6,2,12,13,1,6,1,2,12,3,0,0,5,2,4,3,5,1,1,20,17
"6038",6,16,5,6,6,2,14,16,1,6,6,2,12,2,4,0,2,0,0,4,2,2,3,24,19
"6039",7,22,5,9,9,2,20,16,5,6,6,2,14,6,6,6,6,6,0,6,6,1,3,33,28
"6040",8,26,5,15,9,3,20,22,5,9,9,2,20,6,0,0,1,1,1,6,1,3,2,43,29
"6041",9,27,5,15,9,4,20,26,5,15,9,3,20,1,1,0,1,0,0,1,1,1,2,44,30
"6042",10,29,11,26,9,1,25,27,5,15,9,4,20,6,5,4,5,4,0,6,5,2,3,63,32
"6043",11,1,15,26,12,13,25,29,11,26,9,1,25,4,0,0,6,4,3,4,6,2,2,39,47
"6044",12,1,15,26,12,13,25,1,15,26,12,13,25,4,3,0,NA,0,0,0,0,0,0,39,47
"6045",0,0,0,0,0,0,0,0,0,0,0,0,0,0,0,0,0,0,0,0,0,0,0,0,0
"6046",1,1,6,1,5,1,1,1,1,1,1,1,1,5,1,4,1,4,0,5,4,2,1,5,4
"6047",2,1,6,2,5,5,1,1,6,1,5,1,1,1,0,0,3,3,4,1,4,3,2,6,8
"6048",3,1,9,2,5,5,4,1,6,2,5,5,1,3,3,0,3,0,0,3,3,2,3,9,11
"6049",4,1,9,7,5,8,4,1,9,2,5,5,4,3,5,3,3,3,0,5,3,3,2,14,14
"6050",5,1,12,7,5,13,4,1,9,7,5,8,4,3,0,0,2,2,5,3,5,2,2,17,19
"6051",6,3,12,7,5,15,4,1,12,7,5,13,4,2,2,0,2,0,0,2,2,1,2,19,21
"6052",7,3,12,11,5,15,9,3,12,7,5,15,4,2,4,5,2,5,0,4,5,3,3,23,26
"6053",8,3,14,11,5,15,19,3,12,11,5,15,9,2,0,0,6,2,6,2,6,2,3,25,36
"6054",9,9,18,11,7,15,19,3,14,11,5,15,19,2,6,0,2,0,0,6,2,1,1,35,38
"6055",10,15,18,17,12,15,19,9,18,11,7,15,19,3,5,6,3,5,0,6,5,3,1,47,43
"6056",11,15,21,17,17,15,19,15,18,17,12,15,19,3,0,0,6,4,5,3,5,2,1,50,48
"6057",12,15,21,17,17,15,19,15,21,17,17,15,19,6,4,0,NA,0,0,0,0,0,0,50,48
"6058",0,0,0,0,0,0,0,0,0,0,0,0,0,0,0,0,0,0,0,0,0,0,0,0,0
"6059",1,1,6,1,1,3,1,1,1,1,1,1,1,2,5,3,2,3,0,5,2,2,2,5,2
"6060",2,1,6,4,1,8,1,1,6,1,1,3,1,3,0,0,1,6,5,3,5,3,2,8,7
"6061",3,6,12,4,1,8,2,1,6,4,1,8,1,1,6,0,1,0,0,6,1,2,3,19,8
"6062",4,9,12,4,1,8,13,6,12,4,1,8,2,3,6,6,6,6,0,3,6,1,3,22,19
"6063",5,15,12,8,1,8,16,9,12,4,1,8,13,6,0,0,3,4,3,6,3,1,3,32,22
"6064",6,15,12,12,4,8,16,15,12,8,1,8,16,4,3,0,3,0,0,4,3,3,1,36,25
"6065",7,15,12,16,4,8,21,15,12,12,4,8,16,4,2,5,2,5,0,4,5,3,3,40,30
"6066",8,17,12,16,4,8,26,15,12,16,4,8,21,2,0,0,2,3,5,2,5,1,3,42,35
"6067",9,19,12,16,4,8,29,17,12,16,4,8,26,2,3,0,3,0,0,2,3,1,3,44,38
"6068",10,22,12,22,6,8,29,19,12,16,4,8,29,2,1,6,2,1,0,6,2,3,1,53,40
"6069",11,23,1,22,8,8,34,22,12,22,6,8,29,1,0,0,1,3,5,1,5,1,3,43,47
"6070",12,23,1,22,8,8,34,23,1,22,8,8,34,1,3,0,NA,0,0,0,0,0,0,43,47
"6071",0,0,0,0,0,0,0,0,0,0,0,0,0,0,0,0,0,0,0,0,0,0,0,0,0
"6072",1,13,1,1,7,1,3,1,1,1,1,1,1,6,6,3,6,3,0,6,6,1,1,12,8
"6073",2,16,1,1,17,1,3,13,1,1,7,1,3,3,0,0,4,6,1,3,6,1,1,15,18
"6074",3,17,1,1,17,5,3,16,1,1,17,1,3,4,1,0,4,0,0,1,4,1,2,16,22
"6075",4,21,1,1,17,9,3,17,1,1,17,5,3,1,4,4,1,4,0,4,4,1,2,20,26
"6076",5,22,1,1,17,13,3,21,1,1,17,9,3,1,0,0,4,5,5,1,4,1,2,21,30
"6077",6,22,6,1,17,18,3,22,1,1,17,13,3,5,5,0,5,0,0,5,5,2,2,26,35
"6078",7,22,8,1,17,18,5,22,6,1,17,18,3,4,2,2,4,2,0,2,2,2,3,28,37
"6079",8,26,8,1,17,23,5,22,8,1,17,18,5,4,0,0,5,5,2,4,5,1,2,32,42
"6080",9,26,13,1,19,23,5,26,8,1,17,23,5,5,2,0,2,0,0,5,2,2,1,37,44
"6081",10,26,14,1,25,26,5,26,13,1,19,23,5,3,6,1,3,6,0,1,6,2,1,38,53
"6082",11,27,15,4,28,1,1,26,14,1,25,26,5,3,0,0,5,3,3,3,3,3,1,43,27
"6083",12,27,15,4,28,1,1,27,15,4,28,1,1,5,3,0,NA,0,0,0,0,0,0,43,27
"6084",0,0,0,0,0,0,0,0,0,0,0,0,0,0,0,0,0,0,0,0,0,0,0,0,0
"6085",1,7,1,6,1,6,1,1,1,1,1,1,1,6,5,1,5,1,0,6,5,1,2,11,5
"6086",2,7,2,6,1,6,9,7,1,6,1,6,1,1,0,0,6,4,1,1,6,2,3,12,13
"6087",3,7,6,6,1,7,9,7,2,6,1,6,9,4,1,0,1,0,0,4,1,2,2,16,14
"6088",4,7,9,6,2,7,9,7,6,6,1,7,9,1,3,1,1,1,0,3,1,2,1,19,15
"6089",5,7,9,7,2,8,15,7,9,6,2,7,9,1,0,0,6,6,1,1,6,3,3,20,22
"6090",6,8,15,7,2,8,16,7,9,7,2,8,15,6,1,0,1,0,0,6,1,2,3,27,23
"6091",7,13,15,7,5,8,16,8,15,7,2,8,16,5,1,3,1,3,0,5,3,1,1,32,26
"6092",8,13,16,7,10,8,16,13,15,7,5,8,16,1,0,0,4,5,2,1,5,2,1,33,31
"6093",9,13,16,9,14,8,16,13,16,7,10,8,16,4,2,0,4,0,0,2,4,3,1,35,35
"6094",10,13,16,14,17,8,16,13,16,9,14,8,16,1,3,5,1,3,0,5,3,3,1,40,38
"6095",11,13,17,14,29,8,16,13,16,14,17,8,16,1,0,0,5,6,3,1,6,2,1,41,50
"6096",12,13,17,14,29,8,16,13,17,14,29,8,16,5,3,0,NA,0,0,0,0,0,0,41,50
"6097",0,0,0,0,0,0,0,0,0,0,0,0,0,0,0,0,0,0,0,0,0,0,0,0,0
"6098",1,1,6,1,1,3,1,1,1,1,1,1,1,2,5,1,2,1,0,5,2,2,2,5,2
"6099",2,2,6,1,1,3,2,1,6,1,1,3,1,1,0,0,1,3,1,1,1,1,3,6,3
"6100",3,2,7,1,1,6,2,2,6,1,1,3,2,3,1,0,3,0,0,1,3,2,2,7,6
"6101",4,7,7,1,4,6,2,2,7,1,1,6,2,5,3,2,3,2,0,5,3,1,1,12,9
"6102",5,9,7,1,4,6,6,7,7,1,4,6,2,2,0,0,4,5,1,2,4,1,3,14,13
"6103",6,9,12,1,5,6,6,9,7,1,4,6,6,5,1,0,1,0,0,5,1,2,1,19,14
"6104",7,9,12,6,9,6,6,9,12,1,5,6,6,5,2,4,2,4,0,5,4,3,1,24,18
"6105",8,9,12,8,9,6,11,9,12,6,9,6,6,2,0,0,2,1,5,2,5,3,3,26,23
"6106",9,11,12,8,9,6,12,9,12,8,9,6,11,2,1,0,1,0,0,2,1,1,3,28,24
"6107",10,11,12,13,9,6,16,11,12,8,9,6,12,4,5,4,4,4,0,5,4,3,3,33,28
"6108",11,11,16,13,12,6,16,11,12,13,9,6,16,4,0,0,3,3,2,4,3,2,1,37,31
"6109",12,11,16,13,12,6,16,11,16,13,12,6,16,3,2,0,NA,0,0,0,0,0,0,37,31
"6110",0,0,0,0,0,0,0,0,0,0,0,0,0,0,0,0,0,0,0,0,0,0,0,0,0
"6111",1,1,1,5,1,7,11,1,1,1,1,1,1,4,4,6,4,6,0,4,6,3,2,4,16
"6112",2,1,5,5,6,7,11,1,1,5,1,7,11,4,0,0,5,5,2,4,5,2,1,8,21
"6113",3,6,5,5,6,9,11,1,5,5,6,7,11,5,2,0,2,0,0,5,2,1,2,13,23
"6114",4,16,5,5,6,13,11,6,5,5,6,9,11,4,6,2,4,2,0,6,4,1,2,23,27
"6115",5,18,5,5,11,13,11,16,5,5,6,13,11,2,0,0,5,1,4,2,5,1,1,25,32
"6116",6,18,9,5,11,13,12,18,5,5,11,13,11,1,4,0,1,0,0,4,1,2,3,29,33
"6117",7,18,10,5,13,13,12,18,9,5,11,13,12,1,1,2,1,2,0,1,2,2,1,30,35
"6118",8,18,11,5,19,14,18,18,10,5,13,13,12,1,0,0,4,6,4,1,6,2,3,31,48
"6119",9,22,11,5,19,14,22,18,11,5,19,14,18,4,4,0,4,0,0,4,4,1,3,35,52
"6120",10,24,11,1,27,14,27,22,11,5,19,14,22,3,2,6,3,6,0,2,6,1,1,33,65
"6121",11,27,11,1,27,17,27,24,11,1,27,14,27,3,0,0,3,5,6,3,3,1,2,36,68
"6122",12,27,11,1,27,17,27,27,11,1,27,17,27,5,6,0,NA,0,0,0,0,0,0,36,68
"6123",0,0,0,0,0,0,0,0,0,0,0,0,0,0,0,0,0,0,0,0,0,0,0,0,0
"6124",1,1,1,6,5,1,1,1,1,1,1,1,1,2,5,4,2,4,0,5,4,3,1,5,4
"6125",2,1,1,8,5,3,1,1,1,6,5,1,1,2,0,0,2,2,2,2,2,3,2,7,6
"6126",3,3,1,8,7,3,1,1,1,8,5,3,1,2,2,0,2,0,0,2,2,1,1,9,8
"6127",4,9,4,8,7,3,5,3,1,8,7,3,1,4,6,3,4,3,0,6,4,1,3,18,12
"6128",5,12,4,8,7,3,8,9,4,8,7,3,5,3,0,0,3,4,3,3,3,1,3,21,15
"6129",6,12,8,8,7,6,8,12,4,8,7,3,8,4,3,0,3,0,0,4,3,2,2,25,18
"6130",7,17,8,8,7,10,8,12,8,8,7,6,8,5,3,4,3,4,0,5,4,1,2,30,22
"6131",8,17,11,8,7,15,8,17,8,8,7,10,8,3,0,0,3,5,5,3,5,2,2,33,27
"6132",9,22,11,8,7,15,11,17,11,8,7,15,8,3,5,0,3,0,0,5,3,1,3,38,30
"6133",10,24,11,8,7,19,11,22,11,8,7,15,11,2,4,1,4,1,0,2,4,1,2,40,34
"6134",11,24,12,8,11,19,11,24,11,8,7,19,11,1,0,0,4,1,3,1,4,2,1,41,38
"6135",12,24,12,8,11,19,11,24,12,8,11,19,11,1,3,0,NA,0,0,0,0,0,0,41,38
"6136",0,0,0,0,0,0,0,0,0,0,0,0,0,0,0,0,0,0,0,0,0,0,0,0,0
"6137",1,1,7,3,1,6,1,1,1,1,1,1,1,6,5,3,5,3,0,6,5,2,2,8,5
"6138",2,4,7,3,7,6,2,1,7,3,1,6,1,3,0,0,6,2,1,3,6,1,1,11,12
"6139",3,6,7,3,7,7,2,4,7,3,7,6,2,2,1,0,1,0,0,2,1,1,2,13,13
"6140",4,6,18,3,7,10,2,6,7,3,7,7,2,3,6,1,3,1,0,6,3,2,2,24,16
"6141",5,7,18,3,7,10,12,6,18,3,7,10,2,1,0,0,3,6,1,1,6,1,3,25,26
"6142",6,10,18,3,7,11,12,7,18,3,7,10,12,3,1,0,1,0,0,3,1,1,2,28,27
"6143",7,10,18,6,7,11,15,10,18,3,7,11,12,3,3,1,3,1,0,3,3,3,3,31,30
"6144",8,10,19,6,11,11,15,10,18,6,7,11,15,1,0,0,2,4,2,1,4,2,1,32,34
"6145",9,12,19,6,13,11,15,10,19,6,11,11,15,2,2,0,2,0,0,2,2,1,1,34,36
"6146",10,12,30,6,15,17,15,12,19,6,13,11,15,6,1,6,1,6,0,6,6,2,2,45,44
"6147",11,12,30,7,24,17,15,12,30,6,15,17,15,1,0,0,1,6,6,1,6,3,1,46,53
"6148",12,12,30,7,24,17,15,12,30,7,24,17,15,1,6,0,NA,0,0,0,0,0,0,46,53
"6149",0,0,0,0,0,0,0,0,0,0,0,0,0,0,0,0,0,0,0,0,0,0,0,0,0
"6150",1,1,1,2,1,1,4,1,1,1,1,1,1,3,1,1,3,1,0,1,3,3,3,1,3
"6151",2,1,1,3,13,1,9,1,1,2,1,1,4,1,0,0,6,2,6,1,6,3,1,2,20
"6152",3,1,11,3,13,3,9,1,1,3,13,1,9,2,6,0,2,0,0,6,2,2,2,12,22
"6153",4,6,11,3,13,6,9,1,11,3,13,3,9,3,5,2,3,2,0,5,3,1,2,17,25
"6154",5,8,11,3,13,11,9,6,11,3,13,6,9,2,0,0,1,5,6,2,5,1,2,19,30
"6155",6,8,11,11,13,12,9,8,11,3,13,11,9,1,6,0,1,0,0,6,1,3,2,27,31
"6156",7,8,15,11,13,16,9,8,11,11,13,12,9,4,4,4,4,4,0,4,4,2,2,31,35
"6157",8,12,15,11,13,16,10,8,15,11,13,16,9,4,0,0,1,2,1,4,1,1,3,35,36
"6158",9,12,17,11,13,16,11,12,15,11,13,16,10,2,1,0,1,0,0,2,1,2,3,37,37
"6159",10,12,17,16,13,16,13,12,17,11,13,16,11,2,5,2,2,2,0,5,2,3,3,42,39
"6160",11,14,17,16,16,16,13,12,17,16,13,16,13,2,0,0,3,2,3,2,3,1,1,44,42
"6161",12,14,17,16,16,16,13,14,17,16,16,16,13,2,3,0,NA,0,0,0,0,0,0,44,42
"6162",0,0,0,0,0,0,0,0,0,0,0,0,0,0,0,0,0,0,0,0,0,0,0,0,0
"6163",1,1,3,13,5,7,1,1,1,1,1,1,1,2,6,6,2,6,0,6,6,3,2,14,10
"6164",2,1,5,13,5,16,1,1,3,13,5,7,1,2,0,0,4,5,6,2,6,2,2,16,19
"6165",3,5,5,13,5,16,6,1,5,13,5,16,1,4,5,0,5,0,0,4,5,1,3,20,24
"6166",4,5,5,15,9,16,6,5,5,13,5,16,6,4,4,2,4,4,0,2,4,3,1,22,28
"6167",5,5,9,15,9,16,11,5,5,15,9,16,6,4,0,0,5,3,3,4,5,2,3,26,33
"6168",6,8,9,15,9,16,14,5,9,15,9,16,11,3,3,0,3,0,0,3,3,1,3,29,36
"6169",7,8,13,15,13,16,14,8,9,15,9,16,14,4,4,3,4,3,0,4,4,2,1,33,40
"6170",8,8,13,18,15,16,20,8,13,15,13,16,14,3,0,0,6,3,3,3,6,3,3,36,48
"6171",9,11,13,18,15,19,20,8,13,18,15,16,20,3,3,0,3,0,0,3,3,1,2,39,51
"6172",10,11,13,22,18,19,20,11,13,18,15,19,20,1,4,3,1,3,0,4,3,3,1,43,54
"6173",11,12,13,22,25,19,20,11,13,22,18,19,20,1,0,0,6,3,2,1,6,1,1,44,61
"6174",12,12,13,22,25,19,20,12,13,22,25,19,20,3,2,0,NA,0,0,0,0,0,0,44,61
"6175",0,0,0,0,0,0,0,0,0,0,0,0,0,0,0,0,0,0,0,0,0,0,0,0,0
"6176",1,6,1,1,1,2,1,1,1,1,1,1,1,1,2,5,1,2,0,5,1,1,2,5,1
"6177",2,6,1,3,5,2,1,6,1,1,1,2,1,2,0,0,3,4,3,2,4,3,1,7,5
"6178",3,9,1,3,5,5,1,6,1,3,5,2,1,3,3,0,3,0,0,3,3,1,2,10,8
"6179",4,9,1,8,5,5,3,9,1,3,5,5,1,2,2,5,2,2,0,5,2,3,3,15,10
"6180",5,9,3,8,10,5,3,9,1,8,5,5,3,2,0,0,5,3,1,2,5,2,1,17,15
"6181",6,12,3,8,11,5,3,9,3,8,10,5,3,3,1,0,1,0,0,3,1,1,1,20,16
"6182",7,17,3,8,11,5,6,12,3,8,11,5,3,5,2,3,2,3,0,5,3,1,3,25,19
"6183",8,17,3,10,15,5,6,17,3,8,11,5,6,2,0,0,4,2,4,2,4,3,1,27,23
"6184",9,17,5,10,15,9,6,17,3,10,15,5,6,2,4,0,4,0,0,2,4,2,2,29,27
"6185",10,23,5,13,15,9,9,17,5,10,15,9,6,3,2,6,3,2,0,6,3,1,3,38,30
"6186",11,23,5,15,19,9,9,23,5,13,15,9,9,2,0,0,4,5,5,2,4,3,1,40,34
"6187",12,23,5,15,19,9,9,23,5,15,19,9,9,5,5,0,NA,0,0,0,0,0,0,40,34
"6188",0,0,0,0,0,0,0,0,0,0,0,0,0,0,0,0,0,0,0,0,0,0,0,0,0
"6189",1,4,1,1,1,12,1,1,1,1,1,1,1,3,4,6,4,6,0,3,6,1,2,3,11
"6190",2,4,1,5,1,12,11,4,1,1,1,12,1,4,0,0,6,4,2,4,6,3,3,7,21
"6191",3,4,1,9,3,12,11,4,1,5,1,12,11,4,2,0,2,0,0,4,2,3,1,11,23
"6192",4,8,1,9,3,17,11,4,1,9,3,12,11,4,5,4,5,4,0,4,5,1,2,15,28
"6193",5,8,5,9,3,17,21,8,1,9,3,17,11,4,0,0,4,1,6,4,6,2,3,19,38
"6194",6,12,5,9,3,18,21,8,5,9,3,17,21,4,1,0,1,0,0,4,1,1,2,23,39
"6195",7,14,5,9,8,18,21,12,5,9,3,18,21,5,1,2,5,1,0,2,5,1,1,25,44
"6196",8,14,5,10,13,18,21,14,5,9,8,18,21,1,0,0,3,5,6,1,5,3,1,26,49
"6197",9,17,5,10,24,18,21,14,5,10,13,18,21,3,6,0,6,0,0,3,6,1,1,29,60
"6198",10,21,5,10,26,18,21,17,5,10,24,18,21,4,2,3,2,3,0,4,2,1,1,33,62
"6199",11,24,1,1,43,18,21,21,5,10,26,18,21,3,0,0,1,2,2,3,1,1,1,23,79
"6200",12,24,1,1,43,18,21,24,1,1,43,18,21,2,2,0,NA,0,0,0,0,0,0,23,79
"6201",0,0,0,0,0,0,0,0,0,0,0,0,0,0,0,0,0,0,0,0,0,0,0,0,0
"6202",1,1,1,2,1,1,5,1,1,1,1,1,1,2,1,4,2,4,0,1,4,3,3,1,4
"6203",2,1,1,4,7,1,6,1,1,2,1,1,5,2,0,0,4,6,5,2,6,3,1,3,11
"6204",3,1,5,4,12,1,6,1,1,4,7,1,6,4,5,0,5,0,0,4,5,2,1,7,16
"6205",4,1,16,4,20,1,6,1,5,4,12,1,6,6,6,6,6,6,0,6,6,2,1,18,24
"6206",5,2,16,10,20,5,6,1,16,4,20,1,6,6,0,0,2,4,4,6,4,3,2,25,28
"6207",6,2,20,10,22,5,6,2,16,10,20,5,6,2,4,0,2,0,0,4,2,2,1,29,30
"6208",7,2,23,10,22,9,6,2,20,10,22,5,6,3,4,2,4,2,0,3,4,2,2,32,34
"6209",8,4,23,10,22,9,11,2,23,10,22,9,6,2,0,0,1,5,1,2,5,1,3,34,39
"6210",9,4,23,11,23,9,11,4,23,10,22,9,11,1,1,0,1,0,0,1,1,3,1,35,40
"6211",10,4,29,16,23,15,14,4,23,11,23,9,11,6,6,2,6,2,0,6,6,2,2,46,49
"6212",11,6,29,16,23,20,14,4,29,16,23,15,14,2,0,0,5,3,5,2,5,1,2,48,54
"6213",12,6,29,16,23,20,14,6,29,16,23,20,14,3,5,0,NA,0,0,0,0,0,0,48,54
"6214",0,0,0,0,0,0,0,0,0,0,0,0,0,0,0,0,0,0,0,0,0,0,0,0,0
"6215",1,1,1,5,1,1,4,1,1,1,1,1,1,4,2,3,2,3,0,4,3,3,3,4,3
"6216",2,3,1,5,2,7,4,1,1,5,1,1,4,2,0,0,2,6,2,2,6,1,2,6,10
"6217",3,5,1,5,2,7,6,3,1,5,2,7,4,2,2,0,2,0,0,2,2,1,3,8,12
"6218",4,5,1,9,2,10,12,5,1,5,2,7,6,6,2,4,6,2,0,4,6,3,3,12,21
"6219",5,7,1,9,7,10,12,5,1,9,2,10,12,2,0,0,3,5,5,2,5,1,1,14,26
"6220",6,7,4,9,7,15,12,7,1,9,7,10,12,3,5,0,5,0,0,3,5,2,2,17,31
"6221",7,13,4,12,13,15,14,7,4,9,7,15,12,6,6,3,6,3,0,6,6,1,1,26,39
"6222",8,16,4,12,16,15,14,13,4,12,13,15,14,3,0,0,1,3,1,3,3,1,1,29,42
"6223",9,16,5,12,17,15,14,16,4,12,16,15,14,1,1,0,1,0,0,1,1,2,1,30,43
"6224",10,18,5,12,22,15,14,16,5,12,17,15,14,2,5,2,5,2,0,2,5,1,1,32,48
"6225",11,20,5,12,26,15,14,18,5,12,22,15,14,2,0,0,4,6,4,2,4,1,1,34,52
"6226",12,20,5,12,26,15,14,20,5,12,26,15,14,6,4,0,NA,0,0,0,0,0,0,34,52
"6227",0,0,0,0,0,0,0,0,0,0,0,0,0,0,0,0,0,0,0,0,0,0,0,0,0
"6228",1,1,1,4,5,1,1,1,1,1,1,1,1,4,2,3,4,2,0,3,4,3,1,3,4
"6229",2,1,1,6,5,6,1,1,1,4,5,1,1,2,0,0,1,2,5,2,5,3,2,5,9
"6230",3,1,3,6,5,7,1,1,1,6,5,6,1,1,2,0,1,0,0,2,1,2,2,7,10
"6231",4,1,3,11,5,9,1,1,3,6,5,7,1,2,5,2,2,2,0,5,2,3,2,12,12
"6232",5,1,3,13,9,9,1,1,3,11,5,9,1,2,0,0,4,1,4,2,4,3,1,14,16
"6233",6,5,3,13,10,9,1,1,3,13,9,9,1,1,4,0,1,0,0,4,1,1,1,18,17
"6234",7,5,3,18,10,14,1,5,3,13,10,9,1,5,5,2,5,2,0,5,5,3,2,23,22
"6235",8,5,3,20,10,14,5,5,3,18,10,14,1,2,0,0,1,4,2,2,4,3,3,25,26
"6236",9,5,3,22,10,15,5,5,3,20,10,14,5,1,2,0,1,0,0,2,1,3,2,27,27
"6237",10,5,7,22,10,15,7,5,3,22,10,15,5,2,2,4,2,2,0,4,2,2,3,31,29
"6238",11,5,7,24,10,15,18,5,7,22,10,15,7,2,0,0,3,5,6,2,6,3,3,33,40
"6239",12,5,7,24,10,15,18,5,7,24,10,15,18,3,5,0,NA,0,0,0,0,0,0,33,40
"6240",0,0,0,0,0,0,0,0,0,0,0,0,0,0,0,0,0,0,0,0,0,0,0,0,0
"6241",1,1,4,1,2,7,1,1,1,1,1,1,1,6,3,4,6,4,0,3,6,2,2,3,7
"6242",2,5,4,1,7,13,1,1,4,1,2,7,1,4,0,0,5,2,6,4,6,1,2,7,18
"6243",3,10,4,1,7,15,1,5,4,1,7,13,1,5,2,0,2,0,0,5,2,1,2,12,20
"6244",4,10,4,4,7,15,5,10,4,1,7,15,1,4,4,3,4,4,0,3,4,3,3,15,24
"6245",5,14,4,4,7,15,13,10,4,4,7,15,5,4,0,0,2,4,6,4,6,1,3,19,32
"6246",6,14,4,8,7,17,13,14,4,4,7,15,13,2,4,0,2,0,0,4,2,3,2,23,34
"6247",7,20,5,8,13,18,13,14,4,8,7,17,13,6,5,6,5,6,0,6,6,1,1,30,41
"6248",8,20,5,13,18,18,13,20,5,8,13,18,13,5,0,0,5,3,2,5,5,3,1,35,46
"6249",9,20,5,16,18,18,15,20,5,13,18,18,13,3,2,0,2,0,0,3,2,3,3,38,48
"6250",10,20,5,19,22,18,15,20,5,16,18,18,15,3,4,1,4,1,0,3,4,3,1,41,52
"6251",11,21,5,19,24,24,15,20,5,19,22,18,15,1,0,0,2,6,1,1,6,1,2,42,60
"6252",12,21,5,19,24,24,15,21,5,19,24,24,15,2,1,0,NA,0,0,0,0,0,0,42,60
"6253",0,0,0,0,0,0,0,0,0,0,0,0,0,0,0,0,0,0,0,0,0,0,0,0,0
"6254",1,7,5,1,1,6,1,1,1,1,1,1,1,5,4,6,5,4,0,6,5,1,2,10,5
"6255",2,7,9,1,1,11,1,7,5,1,1,6,1,4,0,0,5,3,1,4,5,2,2,14,10
"6256",3,7,12,1,1,12,1,7,9,1,1,11,1,3,1,0,1,0,0,3,1,2,2,17,11
"6257",4,7,12,5,1,23,1,7,12,1,1,12,1,4,3,6,3,6,0,4,6,3,2,21,22
"6258",5,10,12,1,1,30,1,7,12,5,1,23,1,3,0,0,2,4,5,3,4,1,2,20,29
"6259",6,12,12,1,1,30,6,10,12,1,1,30,1,2,5,0,5,0,0,2,5,1,3,22,34
"6260",7,1,14,7,1,40,8,12,12,1,1,30,6,3,6,4,3,4,0,6,4,3,2,19,46
"6261",8,4,14,7,6,46,8,1,14,7,1,40,8,3,0,0,6,3,6,3,6,1,2,22,57
"6262",9,7,14,7,15,46,8,4,14,7,6,46,8,3,6,0,6,0,0,3,6,1,1,25,66
"6263",10,10,14,7,17,46,8,7,14,7,15,46,8,3,2,4,2,4,0,3,2,1,1,28,68
"6264",11,14,14,7,22,46,8,10,14,7,17,46,8,4,0,0,5,1,6,4,5,1,1,32,73
"6265",12,14,14,7,22,46,8,14,14,7,22,46,8,1,6,0,NA,0,0,0,0,0,0,32,73
"6266",0,0,0,0,0,0,0,0,0,0,0,0,0,0,0,0,0,0,0,0,0,0,0,0,0
"6267",1,1,5,1,1,4,1,1,1,1,1,1,1,4,1,3,1,3,0,4,3,2,2,4,3
"6268",2,1,5,2,5,4,1,1,5,1,1,4,1,1,0,0,3,4,5,1,4,3,1,5,7
"6269",3,6,5,2,5,7,1,1,5,2,5,4,1,3,5,0,3,0,0,5,3,1,2,10,10
"6270",4,11,5,2,5,12,1,6,5,2,5,7,1,5,5,1,5,1,0,5,5,1,2,15,15
"6271",5,11,6,2,5,15,1,11,5,2,5,12,1,1,0,0,4,3,5,1,3,2,2,16,18
"6272",6,11,10,2,10,15,1,11,6,2,5,15,1,4,5,0,5,0,0,4,5,2,1,20,23
"6273",7,15,10,2,10,19,1,11,10,2,10,15,1,3,4,4,3,4,0,4,4,1,2,24,27
"6274",8,15,10,5,12,19,1,15,10,2,10,19,1,3,0,0,1,2,3,3,2,3,1,27,29
"6275",9,15,13,5,12,19,2,15,10,5,12,19,1,1,3,0,1,0,0,3,1,2,3,30,30
"6276",10,15,13,10,12,19,6,15,13,5,12,19,2,5,4,3,4,3,0,5,4,3,3,35,34
"6277",11,15,16,10,15,19,6,15,13,10,12,19,6,3,0,0,3,2,4,3,3,2,1,38,37
"6278",12,15,16,10,15,19,6,15,16,10,15,19,6,2,4,0,NA,0,0,0,0,0,0,38,37
"6279",0,0,0,0,0,0,0,0,0,0,0,0,0,0,0,0,0,0,0,0,0,0,0,0,0
"6280",1,1,6,1,1,1,5,1,1,1,1,1,1,4,1,5,4,1,0,5,4,2,3,5,4
"6281",2,1,6,2,1,6,5,1,6,1,1,1,5,1,0,0,5,3,4,1,5,3,2,6,9
"6282",3,1,10,2,4,6,5,1,6,2,1,6,5,3,4,0,3,0,0,4,3,2,1,10,12
"6283",4,1,10,6,10,6,9,1,10,2,4,6,5,6,4,1,6,1,0,4,6,3,1,14,22
"6284",5,1,10,7,10,9,9,1,10,6,10,6,9,1,0,0,4,2,3,1,3,3,2,15,25
"6285",6,1,14,7,10,11,9,1,10,7,10,9,9,4,2,0,2,0,0,4,2,2,2,19,27
"6286",7,4,14,7,10,11,11,1,14,7,10,11,9,2,3,1,2,1,0,3,2,1,3,22,29
"6287",8,5,14,7,15,11,11,4,14,7,10,11,11,1,0,0,3,5,3,1,5,1,1,23,34
"6288",9,5,17,7,15,14,11,5,14,7,15,11,11,3,3,0,3,0,0,3,3,2,2,26,37
"6289",10,7,17,7,19,14,11,5,17,7,15,14,11,2,2,4,2,4,0,2,4,1,1,28,41
"6290",11,9,17,7,24,14,11,7,17,7,19,14,11,2,0,0,5,4,2,2,5,1,1,30,46
"6291",12,9,17,7,24,14,11,9,17,7,24,14,11,4,2,0,NA,0,0,0,0,0,0,30,46
"6292",0,0,0,0,0,0,0,0,0,0,0,0,0,0,0,0,0,0,0,0,0,0,0,0,0
"6293",1,1,3,1,3,1,1,1,1,1,1,1,1,2,2,2,2,2,0,2,2,2,1,2,2
"6294",2,3,3,1,6,1,1,1,3,1,3,1,1,2,0,0,3,1,1,2,3,1,1,4,5
"6295",3,3,4,1,6,2,1,3,3,1,6,1,1,1,1,0,1,0,0,1,1,2,2,5,6
"6296",4,3,4,6,6,2,3,3,4,1,6,2,1,2,5,2,2,2,0,5,2,3,3,10,8
"6297",5,3,4,8,10,2,3,3,4,6,6,2,3,2,0,0,4,2,1,2,4,3,1,12,12
"6298",6,5,4,8,11,2,3,3,4,8,10,2,3,2,1,0,1,0,0,2,1,1,1,14,13
"6299",7,11,5,8,17,2,5,5,4,8,11,2,3,6,6,3,6,3,0,6,6,1,1,21,21
"6300",8,14,5,8,17,2,10,11,5,8,17,2,5,3,0,0,5,5,2,3,5,1,3,24,26
"6301",9,19,5,8,17,2,12,14,5,8,17,2,10,5,2,0,2,0,0,5,2,1,3,29,28
"6302",10,19,5,10,17,7,12,19,5,8,17,2,12,2,4,5,4,5,0,2,5,3,2,31,33
"6303",11,19,9,10,27,7,12,19,5,10,17,7,12,4,0,0,3,6,4,4,6,2,1,35,43
"6304",12,19,9,10,27,7,12,19,9,10,27,7,12,3,4,0,NA,0,0,0,0,0,0,35,43
"6305",0,0,0,0,0,0,0,0,0,0,0,0,0,0,0,0,0,0,0,0,0,0,0,0,0
"6306",1,1,13,1,1,5,1,1,1,1,1,1,1,4,6,5,4,5,0,6,4,2,2,12,4
"6307",2,1,18,1,9,5,1,1,13,1,1,5,1,5,0,0,1,3,6,5,6,2,1,17,12
"6308",3,1,21,1,10,5,1,1,18,1,9,5,1,1,3,0,1,0,0,3,1,2,1,20,13
"6309",4,1,21,10,16,5,4,1,21,1,10,5,1,6,6,6,6,6,0,6,6,3,1,29,22
"6310",5,1,1,13,19,1,5,1,21,10,16,5,4,6,0,0,5,6,1,6,1,2,3,12,22
"6311",6,1,7,15,24,1,5,1,1,13,19,1,5,5,6,0,5,0,0,6,5,2,1,20,27
"6312",7,1,12,15,24,1,10,1,7,15,24,1,5,4,5,5,4,5,0,5,5,2,3,25,32
"6313",8,1,16,15,26,7,10,1,12,15,24,1,10,4,0,0,3,4,6,4,6,2,2,29,40
"6314",9,10,20,15,1,11,10,1,16,15,26,7,10,3,4,0,4,0,0,3,4,1,2,42,19
"6315",10,11,20,15,1,11,12,10,20,15,1,11,10,1,2,4,2,4,0,1,2,1,3,43,21
"6316",11,15,20,15,4,11,12,11,20,15,1,11,12,4,0,0,3,3,1,4,3,1,1,47,24
"6317",12,15,20,15,4,11,12,15,20,15,4,11,12,3,1,0,NA,0,0,0,0,0,0,47,24
"6318",0,0,0,0,0,0,0,0,0,0,0,0,0,0,0,0,0,0,0,0,0,0,0,0,0
"6319",1,1,6,1,1,1,4,1,1,1,1,1,1,5,2,3,2,3,0,5,3,2,3,5,3
"6320",2,3,6,1,1,7,8,1,6,1,1,1,4,2,0,0,6,3,6,2,6,1,2,7,13
"6321",3,8,12,1,1,7,11,3,6,1,1,7,8,3,6,0,3,0,0,6,3,2,3,18,16
"6322",4,8,14,1,1,7,15,8,12,1,1,7,11,4,2,2,4,2,0,2,4,2,3,20,20
"6323",5,8,16,1,7,7,19,8,14,1,1,7,15,2,0,0,1,6,2,2,6,2,1,22,30
"6324",6,8,16,2,7,9,19,8,16,1,7,7,19,1,2,0,2,0,0,1,2,3,2,23,32
"6325",7,12,16,2,11,9,19,8,16,2,7,9,19,4,1,4,1,4,0,4,4,1,1,27,36
"6326",8,13,16,2,16,9,19,12,16,2,11,9,19,1,0,0,3,4,5,1,5,1,1,28,41
"6327",9,16,16,2,16,9,23,13,16,2,16,9,19,3,4,0,4,0,0,3,4,1,3,31,45
"6328",10,16,16,3,18,9,23,16,16,2,16,9,23,1,2,4,2,4,0,1,2,3,1,32,47
"6329",11,20,16,3,18,11,23,16,16,3,18,9,23,4,0,0,2,5,6,4,2,1,2,36,49
"6330",12,20,16,3,18,11,23,20,16,3,18,11,23,5,6,0,NA,0,0,0,0,0,0,36,49
"6331",0,0,0,0,0,0,0,0,0,0,0,0,0,0,0,0,0,0,0,0,0,0,0,0,0
"6332",1,1,6,1,6,1,1,1,1,1,1,1,1,5,5,2,5,2,0,5,5,2,1,5,5
"6333",2,1,8,1,11,7,7,1,6,1,6,1,1,2,0,0,3,4,6,2,6,2,3,7,22
"6334",3,4,8,1,11,11,7,1,8,1,11,7,7,3,4,0,4,0,0,3,4,1,2,10,26
"6335",4,7,8,1,11,19,7,4,8,1,11,11,7,4,6,3,4,6,0,3,6,1,2,13,34
"6336",5,7,12,1,11,19,10,7,8,1,11,19,7,4,0,0,3,3,4,4,3,2,3,17,37
"6337",6,10,12,1,11,19,14,7,12,1,11,19,10,3,4,0,4,0,0,3,4,1,3,20,41
"6338",7,10,15,7,11,19,19,10,12,1,11,19,14,5,3,6,5,3,0,6,5,3,3,29,46
"6339",8,13,15,7,14,19,19,10,15,7,11,19,19,3,0,0,3,1,2,3,3,1,1,32,49
"6340",9,15,15,7,15,19,19,13,15,7,14,19,19,1,2,0,1,0,0,2,1,1,1,34,50
"6341",10,16,15,7,15,19,22,15,15,7,15,19,19,1,3,6,3,6,0,1,3,1,3,35,53
"6342",11,23,15,7,20,19,22,16,15,7,15,19,22,6,0,0,5,2,1,6,5,1,1,42,58
"6343",12,23,15,7,20,19,22,23,15,7,20,19,22,2,1,0,NA,0,0,0,0,0,0,42,58
"6344",0,0,0,0,0,0,0,0,0,0,0,0,0,0,0,0,0,0,0,0,0,0,0,0,0
"6345",1,1,6,1,1,1,4,1,1,1,1,1,1,3,5,3,3,3,0,5,3,2,3,5,3
"6346",2,4,6,1,5,1,4,1,6,1,1,1,4,3,0,0,5,4,3,3,4,1,1,8,7
"6347",3,4,6,6,5,4,4,4,6,1,5,1,4,5,3,0,3,0,0,5,3,3,2,13,10
"6348",4,4,7,6,5,5,4,4,6,6,5,4,4,1,1,1,1,1,0,1,1,2,2,14,11
"6349",5,5,7,6,7,5,4,4,7,6,5,5,4,1,0,0,2,2,1,1,2,1,1,15,13
"6350",6,7,7,6,7,6,4,5,7,6,7,5,4,2,1,0,1,0,0,2,1,1,2,17,14
"6351",7,7,9,6,9,6,4,7,7,6,7,6,4,2,1,2,1,2,0,2,2,2,1,19,16
"6352",8,8,9,6,9,9,4,7,9,6,9,6,4,1,0,0,3,2,1,1,3,1,2,20,19
"6353",9,10,9,6,9,9,5,8,9,6,9,9,4,2,1,0,1,0,0,2,1,1,3,22,20
"6354",10,13,9,6,15,14,5,10,9,6,9,9,5,3,3,6,3,6,0,3,6,1,1,25,31
"6355",11,13,12,6,21,17,5,13,9,6,15,14,5,3,0,0,3,6,5,3,6,2,1,28,40
"6356",12,13,12,6,21,17,5,13,12,6,21,17,5,3,5,0,NA,0,0,0,0,0,0,28,40
"6357",0,0,0,0,0,0,0,0,0,0,0,0,0,0,0,0,0,0,0,0,0,0,0,0,0
"6358",1,1,6,1,1,4,1,1,1,1,1,1,1,3,2,5,3,2,0,5,3,2,2,5,3
"6359",2,1,8,1,1,4,10,1,6,1,1,4,1,2,0,0,5,3,6,2,6,2,3,7,12
"6360",3,1,11,1,1,4,15,1,8,1,1,4,10,5,3,0,5,0,0,3,5,2,3,10,17
"6361",4,1,13,1,12,4,15,1,11,1,1,4,15,2,6,2,6,2,0,2,6,2,1,12,28
"6362",5,1,15,1,12,9,15,1,13,1,12,4,15,2,0,0,3,2,5,2,5,2,2,14,33
"6363",6,3,15,1,12,9,18,1,15,1,12,9,15,3,2,0,3,0,0,2,3,1,3,16,36
"6364",7,3,20,1,17,9,18,3,15,1,12,9,18,5,4,5,4,5,0,5,5,2,1,21,41
"6365",8,7,20,1,18,15,18,3,20,1,17,9,18,4,0,0,3,6,5,4,6,1,2,25,48
"6366",9,10,20,1,23,15,18,7,20,1,18,15,18,3,5,0,5,0,0,3,5,1,1,28,53
"6367",10,16,26,1,23,17,18,10,20,1,23,15,18,6,2,4,2,4,0,6,2,1,2,40,55
"6368",11,20,26,1,24,17,18,16,26,1,23,17,18,4,0,0,1,5,5,4,1,1,1,44,56
"6369",12,20,26,1,24,17,18,20,26,1,24,17,18,5,5,0,NA,0,0,0,0,0,0,44,56
"6370",0,0,0,0,0,0,0,0,0,0,0,0,0,0,0,0,0,0,0,0,0,0,0,0,0
"6371",1,1,5,1,5,1,1,1,1,1,1,1,1,4,4,1,4,1,0,4,4,2,1,4,4
"6372",2,2,5,1,5,6,1,1,5,1,5,1,1,1,0,0,2,1,5,1,5,1,2,5,9
"6373",3,4,5,1,5,6,2,2,5,1,5,6,1,2,1,0,1,0,0,2,1,1,3,7,10
"6374",4,9,5,1,5,6,7,4,5,1,5,6,2,5,2,5,2,5,0,5,5,1,3,12,15
"6375",5,9,7,1,5,11,7,9,5,1,5,6,7,2,0,0,5,3,4,2,5,2,2,14,20
"6376",6,13,7,1,5,11,10,9,7,1,5,11,7,3,4,0,3,0,0,4,3,1,3,18,23
"6377",7,15,7,1,5,11,12,13,7,1,5,11,10,2,2,1,2,1,0,2,2,1,3,20,25
"6378",8,15,8,1,11,16,12,15,7,1,5,11,12,1,0,0,6,6,1,1,6,2,1,21,36
"6379",9,15,8,12,12,16,12,15,8,1,11,16,12,6,1,0,1,0,0,6,1,3,1,32,37
"6380",10,15,10,12,12,16,15,15,8,12,12,16,12,2,1,3,1,3,0,2,3,2,3,34,40
"6381",11,16,10,12,23,16,15,15,10,12,12,16,15,1,0,0,5,6,3,1,6,1,1,35,51
"6382",12,16,10,12,23,16,15,16,10,12,23,16,15,5,3,0,NA,0,0,0,0,0,0,35,51
"6383",0,0,0,0,0,0,0,0,0,0,0,0,0,0,0,0,0,0,0,0,0,0,0,0,0
"6384",1,4,7,1,1,7,6,1,1,1,1,1,1,6,6,1,6,1,0,6,6,2,2,9,11
"6385",2,4,7,2,2,7,6,4,7,1,1,7,6,1,0,0,3,5,1,1,1,3,1,10,12
"6386",3,4,7,7,5,7,6,4,7,2,2,7,6,3,5,0,3,0,0,5,3,3,1,15,15
"6387",4,6,7,7,5,7,14,4,7,7,5,7,6,6,6,2,6,6,0,2,6,1,3,17,23
"6388",5,6,12,13,11,9,14,6,7,7,5,7,14,6,0,0,6,6,6,6,6,3,1,28,31
"6389",6,7,12,19,17,15,18,6,12,13,11,9,14,6,6,0,6,0,0,6,6,3,2,35,47
"6390",7,13,12,24,17,15,21,7,12,19,17,15,18,3,1,6,3,1,0,6,3,1,3,46,50
"6391",8,14,12,24,20,15,21,13,12,24,17,15,21,1,0,0,3,1,4,1,3,1,1,47,53
"6392",9,18,12,24,21,15,21,14,12,24,20,15,21,1,4,0,1,0,0,4,1,1,1,51,54
"6393",10,18,16,24,26,15,21,18,12,24,21,15,21,4,5,2,5,2,0,4,5,2,1,55,59
"6394",11,20,16,24,28,15,21,18,16,24,26,15,21,2,0,0,2,2,3,2,2,1,1,57,61
"6395",12,20,16,24,28,15,21,20,16,24,28,15,21,2,3,0,NA,0,0,0,0,0,0,57,61
"6396",0,0,0,0,0,0,0,0,0,0,0,0,0,0,0,0,0,0,0,0,0,0,0,0,0
"6397",1,4,1,1,6,1,7,1,1,1,1,1,1,3,6,3,6,3,0,3,6,1,3,3,11
"6398",2,7,1,1,11,1,7,4,1,1,6,1,7,3,0,0,5,5,3,3,5,1,1,6,16
"6399",3,7,6,1,11,4,7,7,1,1,11,1,7,5,3,0,3,0,0,5,3,2,2,11,19
"6400",4,8,6,1,11,9,7,7,6,1,11,4,7,1,5,3,5,3,0,1,5,1,2,12,24
"6401",5,8,9,1,21,9,7,8,6,1,11,9,7,3,0,0,2,3,6,3,6,2,1,15,34
"6402",6,8,9,3,21,9,10,8,9,1,21,9,7,2,3,0,3,0,0,2,3,3,3,17,37
"6403",7,8,11,3,21,13,10,8,9,3,21,9,10,2,2,4,2,4,0,2,4,2,2,19,41
"6404",8,8,11,5,21,16,10,8,11,3,21,13,10,2,0,0,5,5,3,2,3,3,2,21,44
"6405",9,13,11,5,26,16,10,8,11,5,21,16,10,5,5,0,5,0,0,5,5,1,1,26,49
"6406",10,13,11,6,26,18,10,13,11,5,26,16,10,1,6,2,6,2,0,1,2,3,2,27,51
"6407",11,24,11,6,26,26,10,13,11,6,26,18,10,6,0,0,6,4,2,6,6,1,2,38,59
"6408",12,24,11,6,26,26,10,24,11,6,26,26,10,4,2,0,NA,0,0,0,0,0,0,38,59
"6409",0,0,0,0,0,0,0,0,0,0,0,0,0,0,0,0,0,0,0,0,0,0,0,0,0
"6410",1,7,1,3,1,1,3,1,1,1,1,1,1,2,6,2,2,2,0,6,2,1,3,8,2
"6411",2,7,1,5,1,6,3,7,1,3,1,1,3,2,0,0,2,1,5,2,5,3,2,10,7
"6412",3,7,1,7,1,6,4,7,1,5,1,6,3,2,1,0,1,0,0,2,1,3,3,12,8
"6413",4,12,1,7,1,6,7,7,1,7,1,6,4,1,5,3,1,3,0,5,3,1,3,17,11
"6414",5,13,1,7,1,11,7,12,1,7,1,6,7,1,0,0,3,1,5,1,5,1,2,18,16
"6415",6,14,1,7,1,14,7,13,1,7,1,11,7,3,1,0,3,0,0,1,3,1,2,19,19
"6416",7,19,1,7,1,18,7,14,1,7,1,14,7,3,4,5,3,4,0,5,4,1,2,24,23
"6417",8,19,1,10,1,18,10,19,1,7,1,18,7,3,0,0,3,1,4,3,3,3,3,27,26
"6418",9,19,5,10,1,19,10,19,1,10,1,18,10,1,4,0,1,0,0,4,1,2,2,31,27
"6419",10,19,10,10,4,19,10,19,5,10,1,19,10,5,2,3,2,3,0,5,3,2,1,36,30
"6420",11,21,10,10,4,20,10,19,10,10,4,19,10,2,0,0,1,5,3,2,1,1,2,38,31
"6421",12,21,10,10,4,20,10,21,10,10,4,20,10,5,3,0,NA,0,0,0,0,0,0,38,31
"6422",0,0,0,0,0,0,0,0,0,0,0,0,0,0,0,0,0,0,0,0,0,0,0,0,0
"6423",1,1,6,1,4,1,1,1,1,1,1,1,1,5,3,3,3,3,0,5,3,2,1,5,3
"6424",2,1,9,1,4,1,5,1,6,1,4,1,1,3,0,0,2,4,6,3,4,2,3,8,7
"6425",3,7,10,1,6,1,5,1,9,1,4,1,5,2,6,0,2,0,0,6,2,1,1,15,9
"6426",4,7,19,1,6,1,8,7,10,1,6,1,5,6,2,3,2,3,0,6,3,2,3,24,12
"6427",5,7,19,3,6,1,9,7,19,1,6,1,8,2,0,0,1,1,5,2,1,3,3,26,13
"6428",6,8,19,3,6,1,14,7,19,3,6,1,9,1,5,0,5,0,0,1,5,1,3,27,18
"6429",7,8,19,5,6,1,18,8,19,3,6,1,14,3,2,4,3,4,0,2,4,3,3,29,22
"6430",8,11,19,5,6,1,21,8,19,5,6,1,18,3,0,0,3,1,6,3,3,1,3,32,25
"6431",9,17,22,5,6,1,22,11,19,5,6,1,21,1,6,0,1,0,0,6,1,1,3,41,26
"6432",10,17,22,8,6,1,25,17,22,5,6,1,22,3,3,2,3,2,0,3,3,3,3,44,29
"6433",11,19,22,8,6,5,25,17,22,8,6,1,25,2,0,0,1,5,4,2,4,1,2,46,33
"6434",12,19,22,8,6,5,25,19,22,8,6,5,25,1,5,0,NA,0,0,0,0,0,0,46,33
"6435",0,0,0,0,0,0,0,0,0,0,0,0,0,0,0,0,0,0,0,0,0,0,0,0,0
"6436",1,1,1,5,1,1,4,1,1,1,1,1,1,3,2,4,3,2,0,4,3,3,3,4,3
"6437",2,3,1,5,1,4,4,1,1,5,1,1,4,2,0,0,1,5,3,2,3,1,2,6,6
"6438",3,3,1,10,2,4,4,3,1,5,1,4,4,1,5,0,1,0,0,5,1,3,1,11,7
"6439",4,3,2,10,7,4,4,3,1,10,2,4,4,1,2,5,2,5,0,1,5,2,1,12,12
"6440",5,3,4,10,13,4,9,3,2,10,7,4,4,2,0,0,6,1,4,2,6,2,1,14,23
"6441",6,3,4,14,13,4,10,3,4,10,13,4,9,1,4,0,1,0,0,4,1,3,3,18,24
"6442",7,6,4,14,13,12,10,3,4,14,13,4,10,3,6,3,6,3,0,3,6,1,2,21,32
"6443",8,9,4,14,18,12,10,6,4,14,13,12,10,3,0,0,2,1,5,3,5,1,1,24,37
"6444",9,11,4,14,18,13,10,9,4,14,18,12,10,2,1,0,1,0,0,2,1,1,2,26,38
"6445",10,11,4,18,18,17,16,11,4,14,18,13,10,4,6,5,6,5,0,4,6,3,3,30,48
"6446",11,16,4,18,19,17,16,11,4,18,18,17,16,5,0,0,1,4,1,5,1,1,1,35,49
"6447",12,16,4,18,19,17,16,16,4,18,19,17,16,4,1,0,NA,0,0,0,0,0,0,35,49
"6448",0,0,0,0,0,0,0,0,0,0,0,0,0,0,0,0,0,0,0,0,0,0,0,0,0
"6449",1,5,1,1,1,7,4,1,1,1,1,1,1,5,4,6,5,6,0,4,6,1,2,4,9
"6450",2,5,1,6,1,7,6,5,1,1,1,7,4,5,0,0,2,2,1,5,2,3,3,9,11
"6451",3,7,1,6,1,8,6,5,1,6,1,7,6,2,1,0,1,0,0,2,1,1,2,11,12
"6452",4,11,1,6,1,8,9,7,1,6,1,8,6,3,2,4,3,2,0,4,3,1,3,15,15
"6453",5,13,1,6,5,8,9,11,1,6,1,8,9,2,0,0,3,4,4,2,4,1,1,17,19
"6454",6,17,1,6,5,8,12,13,1,6,5,8,9,3,4,0,3,0,0,4,3,1,3,21,22
"6455",7,17,2,6,8,8,12,17,1,6,5,8,12,1,3,1,3,1,0,1,3,2,1,22,25
"6456",8,17,3,6,8,12,12,17,2,6,8,8,12,1,0,0,4,2,1,1,4,2,2,23,29
"6457",9,17,3,7,8,12,14,17,3,6,8,12,12,2,1,0,2,0,0,1,2,3,3,24,31
"6458",10,19,9,7,8,20,14,17,3,7,8,12,14,6,2,6,2,6,0,6,6,2,2,32,39
"6459",11,21,9,7,8,20,15,19,9,7,8,20,14,2,0,0,1,6,6,2,1,1,3,34,40
"6460",12,21,9,7,8,20,15,21,9,7,8,20,15,6,6,0,NA,0,0,0,0,0,0,34,40
"6461",0,0,0,0,0,0,0,0,0,0,0,0,0,0,0,0,0,0,0,0,0,0,0,0,0
"6462",1,1,6,1,1,1,6,1,1,1,1,1,1,5,5,3,5,3,0,5,5,2,3,5,5
"6463",2,1,9,1,1,11,6,1,6,1,1,1,6,3,0,0,6,1,3,3,6,2,2,8,15
"6464",3,2,9,1,1,11,9,1,9,1,1,11,6,1,3,0,3,0,0,1,3,1,3,9,18
"6465",4,2,9,6,5,11,9,2,9,1,1,11,9,5,4,1,4,1,0,5,4,3,1,14,22
"6466",5,2,10,6,5,11,12,2,9,6,5,11,9,1,0,0,3,5,1,1,3,2,3,15,25
"6467",6,7,10,6,5,11,13,2,10,6,5,11,12,5,1,0,1,0,0,5,1,1,3,20,26
"6468",7,7,11,6,7,11,13,7,10,6,5,11,13,1,1,2,1,2,0,1,2,2,1,21,28
"6469",8,7,12,6,7,16,13,7,11,6,7,11,13,1,0,0,3,5,5,1,5,2,2,22,33
"6470",9,7,17,6,7,16,16,7,12,6,7,16,13,3,5,0,3,0,0,5,3,2,3,27,36
"6471",10,12,17,6,10,16,22,7,17,6,7,16,16,2,5,6,2,6,0,5,6,1,3,32,45
"6472",11,14,17,6,11,16,22,12,17,6,10,16,22,2,0,0,1,4,1,2,1,1,1,34,46
"6473",12,14,17,6,11,16,22,14,17,6,11,16,22,4,1,0,NA,0,0,0,0,0,0,34,46
"6474",0,0,0,0,0,0,0,0,0,0,0,0,0,0,0,0,0,0,0,0,0,0,0,0,0
"6475",1,6,1,1,1,6,1,1,1,1,1,1,1,5,1,5,1,5,0,5,5,1,2,5,5
"6476",2,6,2,1,7,12,2,6,1,1,1,6,1,1,0,0,6,4,4,1,6,2,1,6,18
"6477",3,10,2,1,7,12,6,6,2,1,7,12,2,4,4,0,4,0,0,4,4,1,3,10,22
"6478",4,10,2,5,11,12,6,10,2,1,7,12,6,3,4,4,3,4,0,4,4,3,1,14,26
"6479",5,13,2,5,11,12,10,10,2,5,11,12,6,3,0,0,4,1,2,3,4,1,3,17,30
"6480",6,14,2,5,13,12,10,13,2,5,11,12,10,1,2,0,2,0,0,1,2,1,1,18,32
"6481",7,14,2,8,13,12,15,14,2,5,13,12,10,1,3,5,1,5,0,3,5,3,3,21,37
"6482",8,15,2,8,13,15,15,14,2,8,13,12,15,1,0,0,3,3,2,1,3,1,2,22,40
"6483",9,15,5,8,13,17,15,15,2,8,13,15,15,3,2,0,2,0,0,3,2,2,2,25,42
"6484",10,15,5,12,19,20,15,15,5,8,13,17,15,4,2,6,2,6,0,4,6,3,1,29,51
"6485",11,17,5,12,25,26,15,15,5,12,19,20,15,2,0,0,6,4,6,2,6,1,1,31,63
"6486",12,17,5,12,25,26,15,17,5,12,25,26,15,4,6,0,NA,0,0,0,0,0,0,31,63
"6487",0,0,0,0,0,0,0,0,0,0,0,0,0,0,0,0,0,0,0,0,0,0,0,0,0
"6488",1,1,1,12,3,1,1,1,1,1,1,1,1,2,6,2,2,2,0,6,2,3,1,11,2
"6489",2,1,1,14,9,1,4,1,1,12,3,1,1,2,0,0,6,3,2,2,6,3,1,13,11
"6490",3,1,4,14,9,3,4,1,1,14,9,1,4,3,2,0,2,0,0,3,2,2,2,16,13
"6491",4,1,4,15,10,3,4,1,4,14,9,3,4,1,1,1,1,1,0,1,1,3,1,17,14
"6492",5,1,5,15,13,3,4,1,4,15,10,3,4,1,0,0,1,2,3,1,3,2,1,18,17
"6493",6,1,5,16,13,3,6,1,5,15,13,3,4,1,2,0,2,0,0,1,2,3,3,19,19
"6494",7,1,17,17,13,3,11,1,5,16,13,3,6,3,5,6,3,5,0,6,5,2,3,32,24
"6495",8,4,17,17,13,3,16,1,17,17,13,3,11,3,0,0,1,1,5,3,5,1,3,35,29
"6496",9,4,18,17,13,3,17,4,17,17,13,3,16,1,1,0,1,0,0,1,1,2,3,36,30
"6497",10,5,18,17,13,3,25,4,18,17,13,3,17,6,3,1,6,3,0,1,6,1,3,37,38
"6498",11,5,18,20,17,9,25,5,18,17,13,3,25,3,0,0,5,3,6,3,6,3,2,40,48
"6499",12,5,18,20,17,9,25,5,18,20,17,9,25,5,3,0,NA,0,0,0,0,0,0,40,48
"6500",0,0,0,0,0,0,0,0,0,0,0,0,0,0,0,0,0,0,0,0,0,0,0,0,0
"6501",1,12,1,1,5,7,1,1,1,1,1,1,1,1,6,6,1,6,0,6,6,1,2,11,10
"6502",2,13,1,1,6,7,1,12,1,1,5,7,1,1,0,0,1,2,3,1,1,1,1,12,11
"6503",3,13,1,4,6,9,1,13,1,1,6,7,1,2,3,0,2,0,0,3,2,3,2,15,13
"6504",4,15,1,4,6,13,1,13,1,4,6,9,1,2,1,4,1,4,0,2,4,1,2,17,17
"6505",5,15,2,4,6,18,1,15,1,4,6,13,1,1,0,0,4,5,3,1,5,2,2,18,22
"6506",6,15,6,4,6,21,1,15,2,4,6,18,1,4,3,0,3,0,0,4,3,2,2,22,25
"6507",7,19,6,4,7,21,7,15,6,4,6,21,1,2,4,6,2,6,0,4,6,1,3,26,32
"6508",8,19,8,4,7,21,12,19,6,4,7,21,7,2,0,0,5,3,2,2,5,2,3,28,37
"6509",9,21,8,4,10,21,12,19,8,4,7,21,12,3,2,0,3,0,0,2,3,1,1,30,40
"6510",10,25,8,4,15,21,12,21,8,4,10,21,12,2,5,4,2,5,0,4,5,1,1,34,45
"6511",11,27,8,4,18,21,12,25,8,4,15,21,12,2,0,0,3,3,3,2,3,1,1,36,48
"6512",12,27,8,4,18,21,12,27,8,4,18,21,12,3,3,0,NA,0,0,0,0,0,0,36,48
"6513",0,0,0,0,0,0,0,0,0,0,0,0,0,0,0,0,0,0,0,0,0,0,0,0,0
"6514",1,4,1,1,1,1,5,1,1,1,1,1,1,4,3,1,4,1,0,3,4,1,3,3,4
"6515",2,4,2,1,4,1,5,4,1,1,1,1,5,1,0,0,3,6,2,1,3,2,1,4,7
"6516",3,4,3,7,4,3,5,4,2,1,4,1,5,6,2,0,2,0,0,6,2,3,2,11,9
"6517",4,5,3,7,4,3,8,4,3,7,4,3,5,3,1,1,3,1,0,1,3,1,3,12,12
"6518",5,5,3,8,4,8,8,5,3,7,4,3,8,1,0,0,1,5,5,1,5,3,2,13,17
"6519",6,5,3,13,5,8,8,5,3,8,4,8,8,1,5,0,1,0,0,5,1,3,1,18,18
"6520",7,7,3,13,5,8,17,5,3,13,5,8,8,2,6,6,6,6,0,2,6,1,3,20,27
"6521",8,12,3,19,5,10,17,7,3,13,5,8,17,6,0,0,2,2,3,6,2,3,2,31,29
"6522",9,15,3,19,5,12,17,12,3,19,5,10,17,2,3,0,2,0,0,3,2,1,2,34,31
"6523",10,24,3,19,8,12,17,15,3,19,5,12,17,3,6,2,3,2,0,6,3,1,1,43,34
"6524",11,26,3,19,8,12,20,24,3,19,8,12,17,2,0,0,1,3,4,2,3,1,3,45,37
"6525",12,26,3,19,8,12,20,26,3,19,8,12,20,1,4,0,NA,0,0,0,0,0,0,45,37
"6526",0,0,0,0,0,0,0,0,0,0,0,0,0,0,0,0,0,0,0,0,0,0,0,0,0
"6527",1,5,1,1,6,1,1,1,1,1,1,1,1,4,5,3,5,3,0,4,5,1,1,4,5
"6528",2,5,4,1,6,6,1,5,1,1,6,1,1,3,0,0,5,3,5,3,5,2,2,7,10
"6529",3,5,9,1,9,6,1,5,4,1,6,6,1,3,5,0,3,0,0,5,3,2,1,12,13
"6530",4,6,9,7,15,7,1,5,9,1,9,6,1,6,6,5,6,5,0,6,6,3,1,19,20
"6531",5,11,9,7,15,10,1,6,9,7,15,7,1,5,0,0,3,5,6,5,3,1,2,24,23
"6532",6,11,18,7,15,15,1,11,9,7,15,10,1,5,6,0,5,0,0,6,5,2,2,33,28
"6533",7,11,18,11,15,16,7,11,18,7,15,15,1,4,3,6,3,6,0,4,6,3,3,37,35
"6534",8,11,21,11,15,21,7,11,18,11,15,16,7,3,0,0,2,2,5,3,5,2,2,40,40
"6535",9,11,21,13,15,23,7,11,21,11,15,21,7,2,2,0,2,0,0,2,2,3,2,42,42
"6536",10,11,25,13,15,23,11,11,21,13,15,23,7,3,4,4,3,4,0,4,4,2,3,46,46
"6537",11,11,28,13,15,23,16,11,25,13,15,23,11,3,0,0,5,5,4,3,5,2,3,49,51
"6538",12,11,28,13,15,23,16,11,28,13,15,23,16,5,4,0,NA,0,0,0,0,0,0,49,51
"6539",0,0,0,0,0,0,0,0,0,0,0,0,0,0,0,0,0,0,0,0,0,0,0,0,0
"6540",1,1,6,1,7,6,1,1,1,1,1,1,1,5,6,2,6,2,0,5,6,2,1,5,11
"6541",2,1,8,1,7,6,2,1,6,1,7,6,1,2,0,0,1,2,1,2,1,2,3,7,12
"6542",3,3,8,1,8,6,2,1,8,1,7,6,2,2,1,0,1,0,0,2,1,1,1,9,13
"6543",4,3,13,1,13,6,2,3,8,1,8,6,2,5,5,4,5,4,0,5,5,2,1,14,18
"6544",5,3,17,1,20,6,2,3,13,1,13,6,2,4,0,0,3,6,2,4,6,2,1,18,25
"6545",6,6,17,1,20,6,4,3,17,1,20,6,2,3,2,0,2,0,0,3,2,1,3,21,27
"6546",7,6,20,1,20,11,10,6,17,1,20,6,4,6,3,3,6,3,0,3,6,2,3,24,38
"6547",8,6,23,1,20,15,10,6,20,1,20,11,10,3,0,0,4,3,1,3,4,2,2,27,42
"6548",9,6,23,2,20,18,10,6,23,1,20,15,10,3,1,0,3,0,0,1,3,3,2,28,45
"6549",10,7,23,2,20,18,15,6,23,2,20,18,10,1,5,1,5,1,0,1,5,1,3,29,50
"6550",11,7,23,3,20,23,15,7,23,2,20,18,15,1,0,0,5,3,2,1,5,3,2,30,55
"6551",12,7,23,3,20,23,15,7,23,3,20,23,15,3,2,0,NA,0,0,0,0,0,0,30,55
"6552",0,0,0,0,0,0,0,0,0,0,0,0,0,0,0,0,0,0,0,0,0,0,0,0,0
"6553",1,5,7,1,6,1,7,1,1,1,1,1,1,6,6,6,6,6,0,6,6,2,3,10,11
"6554",2,16,7,1,12,7,11,5,7,1,6,1,7,6,0,0,6,3,3,6,6,1,2,21,27
"6555",3,19,7,1,12,7,14,16,7,1,12,7,11,3,3,0,3,0,0,3,3,1,3,24,30
"6556",4,19,12,1,12,11,14,19,7,1,12,7,14,1,4,5,1,4,0,5,4,2,2,29,34
"6557",5,20,12,1,18,16,14,19,12,1,12,11,14,1,0,0,2,6,6,1,6,1,1,30,45
"6558",6,23,18,1,18,16,16,20,12,1,18,16,14,2,6,0,2,0,0,6,2,2,3,39,47
"6559",7,23,18,2,22,22,16,23,18,1,18,16,16,1,6,4,6,4,0,1,6,3,2,40,57
"6560",8,27,18,2,22,22,20,23,18,2,22,22,16,4,0,0,4,6,5,4,4,1,3,44,61
"6561",9,29,24,2,22,22,25,27,18,2,22,22,20,6,5,0,5,0,0,6,5,2,3,52,66
"6562",10,33,24,2,22,22,27,29,24,2,22,22,25,4,2,4,2,4,0,4,2,1,3,56,68
"6563",11,33,28,2,32,22,33,33,24,2,22,22,27,4,0,0,3,6,4,4,6,2,3,60,84
"6564",12,33,28,2,32,22,33,33,28,2,32,22,33,3,4,0,NA,0,0,0,0,0,0,60,84
"6565",0,0,0,0,0,0,0,0,0,0,0,0,0,0,0,0,0,0,0,0,0,0,0,0,0
"6566",1,3,1,1,1,5,7,1,1,1,1,1,1,2,6,3,6,3,0,2,6,1,3,2,10
"6567",2,6,1,1,1,5,12,3,1,1,1,5,7,3,0,0,1,4,5,3,5,1,3,5,15
"6568",3,6,2,1,1,9,12,6,1,1,1,5,12,1,4,0,4,0,0,1,4,2,2,6,19
"6569",4,6,2,3,1,12,12,6,2,1,1,9,12,3,2,2,3,2,0,2,3,3,2,8,22
"6570",5,6,4,3,6,12,12,6,2,3,1,12,12,2,0,0,2,4,5,2,5,2,1,10,27
"6571",6,6,4,7,6,14,12,6,4,3,6,12,12,2,4,0,2,0,0,4,2,3,2,14,29
"6572",7,6,7,7,8,14,12,6,4,7,6,14,12,3,1,2,1,2,0,3,2,2,1,17,31
"6573",8,6,7,8,8,14,19,6,7,7,8,14,12,1,0,0,1,2,6,1,6,3,3,18,38
"6574",9,6,7,9,10,14,19,6,7,8,8,14,19,1,2,0,2,0,0,1,2,3,1,19,40
"6575",10,11,7,9,13,14,19,6,7,9,10,14,19,5,3,2,3,2,0,5,3,1,1,24,43
"6576",11,13,7,9,24,14,19,11,7,9,13,14,19,2,0,0,6,1,5,2,6,1,1,26,54
"6577",12,13,7,9,24,14,19,13,7,9,24,14,19,1,5,0,NA,0,0,0,0,0,0,26,54
"6578",0,0,0,0,0,0,0,0,0,0,0,0,0,0,0,0,0,0,0,0,0,0,0,0,0
"6579",1,1,1,4,1,1,11,1,1,1,1,1,1,6,3,4,6,4,0,3,6,3,3,3,10
"6580",2,1,1,8,5,1,11,1,1,4,1,1,11,4,0,0,6,2,4,4,4,3,1,7,14
"6581",3,1,9,8,5,3,11,1,1,8,5,1,11,6,2,0,2,0,0,6,2,2,2,15,16
"6582",4,3,9,8,10,9,11,1,9,8,5,3,11,1,6,2,1,6,0,2,6,1,2,17,27
"6583",5,3,9,9,14,9,11,3,9,8,10,9,11,1,0,0,4,3,1,1,4,3,1,18,31
"6584",6,3,12,9,14,10,11,3,9,9,14,9,11,3,1,0,1,0,0,3,1,2,2,21,32
"6585",7,3,12,13,14,16,12,3,12,9,14,10,11,4,5,6,5,6,0,4,6,3,2,25,39
"6586",8,8,12,13,14,16,17,3,12,13,14,16,12,5,0,0,5,4,5,5,5,1,3,30,44
"6587",9,13,12,13,14,20,17,8,12,13,14,16,17,4,5,0,4,0,0,5,4,1,2,35,48
"6588",10,18,12,13,19,20,17,13,12,13,14,20,17,5,3,5,3,5,0,5,5,1,1,40,53
"6589",11,21,12,13,23,20,17,18,12,13,19,20,17,3,0,0,4,3,5,3,4,1,1,43,57
"6590",12,21,12,13,23,20,17,21,12,13,23,20,17,3,5,0,NA,0,0,0,0,0,0,43,57
"6591",0,0,0,0,0,0,0,0,0,0,0,0,0,0,0,0,0,0,0,0,0,0,0,0,0
"6592",1,1,1,2,1,6,1,1,1,1,1,1,1,1,5,5,5,5,0,1,5,3,2,1,5
"6593",2,1,1,7,7,11,1,1,1,2,1,6,1,5,0,0,1,6,2,5,6,3,1,6,16
"6594",3,1,1,8,7,11,3,1,1,7,7,11,1,1,2,0,2,0,0,1,2,3,3,7,18
"6595",4,1,1,16,7,16,3,1,1,8,7,11,3,2,6,5,2,5,0,6,5,3,2,15,23
"6596",5,3,1,16,10,16,3,1,1,16,7,16,3,2,0,0,5,3,2,2,3,1,1,17,26
"6597",6,8,1,16,10,16,5,3,1,16,10,16,3,5,2,0,2,0,0,5,2,1,3,22,28
"6598",7,12,1,16,13,16,5,8,1,16,10,16,5,4,3,2,3,2,0,4,3,1,1,26,31
"6599",8,12,3,16,13,16,10,12,1,16,13,16,5,2,0,0,1,3,5,2,5,2,3,28,36
"6600",9,13,3,16,13,19,10,12,3,16,13,16,10,1,3,0,3,0,0,1,3,1,2,29,39
"6601",10,16,3,16,13,24,10,13,3,16,13,19,10,3,5,2,5,2,0,3,5,1,2,32,44
"6602",11,18,3,16,18,24,10,16,3,16,13,24,10,2,0,0,5,6,5,2,5,1,1,34,49
"6603",12,18,3,16,18,24,10,18,3,16,18,24,10,6,5,0,NA,0,0,0,0,0,0,34,49
"6604",0,0,0,0,0,0,0,0,0,0,0,0,0,0,0,0,0,0,0,0,0,0,0,0,0
"6605",1,1,1,5,1,1,4,1,1,1,1,1,1,3,3,4,3,3,0,4,3,3,3,4,3
"6606",2,1,1,8,1,6,4,1,1,5,1,1,4,3,0,0,3,5,5,3,5,3,2,7,8
"6607",3,1,6,8,1,9,4,1,1,8,1,6,4,3,5,0,3,0,0,5,3,2,2,12,11
"6608",4,1,10,8,1,9,8,1,6,8,1,9,4,4,1,4,1,4,0,4,4,2,3,16,15
"6609",5,1,10,9,6,9,8,1,10,8,1,9,8,1,0,0,5,5,3,1,5,3,1,17,20
"6610",6,6,10,9,9,9,8,1,10,9,6,9,8,5,3,0,3,0,0,5,3,1,1,22,23
"6611",7,17,10,9,13,9,8,6,10,9,9,9,8,4,6,4,4,4,0,6,4,1,1,33,27
"6612",8,17,14,9,13,10,8,17,10,9,13,9,8,4,0,0,1,1,3,4,1,2,2,37,28
"6613",9,20,14,9,14,10,8,17,14,9,13,10,8,1,3,0,1,0,0,3,1,1,1,40,29
"6614",10,22,14,9,17,10,8,20,14,9,14,10,8,2,3,1,3,1,0,2,3,1,1,42,32
"6615",11,23,14,9,18,10,8,22,14,9,17,10,8,1,0,0,1,1,2,1,1,1,1,43,33
"6616",12,23,14,9,18,10,8,23,14,9,18,10,8,1,2,0,NA,0,0,0,0,0,0,43,33
"6617",0,0,0,0,0,0,0,0,0,0,0,0,0,0,0,0,0,0,0,0,0,0,0,0,0
"6618",1,3,1,1,1,1,3,1,1,1,1,1,1,2,2,1,2,1,0,2,2,1,3,2,2
"6619",2,4,1,1,1,6,3,3,1,1,1,1,3,1,0,0,5,4,4,1,5,1,2,3,7
"6620",3,8,1,1,5,6,3,4,1,1,1,6,3,4,4,0,4,0,0,4,4,1,1,7,11
"6621",4,10,1,1,5,11,3,8,1,1,5,6,3,2,1,5,1,5,0,2,5,1,2,9,16
"6622",5,10,2,1,6,11,9,10,1,1,5,11,3,1,0,0,4,6,4,1,6,2,3,10,23
"6623",6,14,2,1,10,11,9,10,2,1,6,11,9,4,4,0,4,0,0,4,4,1,1,14,27
"6624",7,18,2,1,14,11,9,14,2,1,10,11,9,3,4,4,3,4,0,4,4,1,1,18,31
"6625",8,21,2,1,16,11,9,18,2,1,14,11,9,3,0,0,2,2,1,3,2,1,1,21,33
"6626",9,23,2,1,17,11,9,21,2,1,16,11,9,2,1,0,1,0,0,2,1,1,1,23,34
"6627",10,28,2,1,17,17,20,23,2,1,17,11,9,6,5,5,6,5,0,5,6,1,2,28,51
"6628",11,33,2,1,17,17,21,28,2,1,17,17,20,5,0,0,1,5,6,5,1,1,3,33,52
"6629",12,33,2,1,17,17,21,33,2,1,17,17,21,5,6,0,NA,0,0,0,0,0,0,33,52
"6630",0,0,0,0,0,0,0,0,0,0,0,0,0,0,0,0,0,0,0,0,0,0,0,0,0
"6631",1,1,1,4,7,1,3,1,1,1,1,1,1,4,3,6,4,6,0,3,6,3,1,3,8
"6632",2,1,5,4,13,7,8,1,1,4,7,1,3,4,0,0,4,6,5,4,6,2,1,7,25
"6633",3,1,9,4,13,12,8,1,5,4,13,7,8,4,5,0,5,0,0,4,5,2,2,11,30
"6634",4,1,9,7,13,12,12,1,9,4,13,12,8,3,3,4,3,4,0,3,4,3,3,14,34
"6635",5,4,9,7,13,15,12,1,9,7,13,12,12,3,0,0,2,3,2,3,3,1,2,17,37
"6636",6,4,9,9,13,17,12,4,9,7,13,15,12,2,2,0,2,0,0,2,2,3,2,19,39
"6637",7,4,9,14,13,21,12,4,9,9,13,17,12,5,4,2,4,2,0,5,4,3,2,24,43
"6638",8,6,9,14,18,21,12,4,9,14,13,21,12,2,0,0,2,4,5,2,5,1,1,26,48
"6639",9,8,9,14,22,21,12,6,9,14,18,21,12,2,4,0,4,0,0,2,4,1,1,28,52
"6640",10,8,12,14,24,21,18,8,9,14,22,21,12,6,1,3,6,1,0,3,6,2,3,31,60
"6641",11,9,12,14,26,21,18,8,12,14,24,21,18,1,0,0,2,2,3,1,2,1,1,32,62
"6642",12,9,12,14,26,21,18,9,12,14,26,21,18,2,3,0,NA,0,0,0,0,0,0,32,62
"6643",0,0,0,0,0,0,0,0,0,0,0,0,0,0,0,0,0,0,0,0,0,0,0,0,0
"6644",1,6,1,1,6,1,1,1,1,1,1,1,1,5,1,5,1,5,0,5,5,1,1,5,5
"6645",2,6,2,1,6,9,1,6,1,1,6,1,1,1,0,0,6,1,1,1,6,2,2,6,13
"6646",3,6,3,1,7,9,1,6,2,1,6,9,1,1,1,0,1,0,0,1,1,2,1,7,14
"6647",4,11,3,1,11,9,1,6,3,1,7,9,1,4,5,2,4,2,0,5,4,1,1,12,18
"6648",5,13,3,1,11,9,5,11,3,1,11,9,1,2,0,0,1,4,4,2,4,1,3,14,22
"6649",6,17,3,1,11,9,6,13,3,1,11,9,5,1,4,0,1,0,0,4,1,1,3,18,23
"6650",7,17,3,4,11,12,6,17,3,1,11,9,6,3,1,3,1,3,0,3,3,3,2,21,26
"6651",8,17,4,4,11,13,12,17,3,4,11,12,6,1,0,0,4,3,6,1,6,2,3,22,33
"6652",9,21,4,4,11,16,12,17,4,4,11,13,12,4,3,0,3,0,0,4,3,1,2,26,36
"6653",10,21,7,4,17,17,12,21,4,4,11,16,12,6,2,3,6,2,0,3,6,2,1,29,43
"6654",11,21,7,6,20,17,12,21,7,4,17,17,12,2,0,0,3,1,1,2,3,3,1,31,46
"6655",12,21,7,6,20,17,12,21,7,6,20,17,12,1,1,0,NA,0,0,0,0,0,0,31,46
"6656",0,0,0,0,0,0,0,0,0,0,0,0,0,0,0,0,0,0,0,0,0,0,0,0,0
"6657",1,1,7,7,1,7,6,1,1,1,1,1,1,6,1,6,1,6,0,6,6,3,2,12,11
"6658",2,1,8,7,10,7,12,1,7,7,1,7,6,1,0,0,6,5,2,1,6,2,3,13,26
"6659",3,1,13,7,10,7,14,1,8,7,10,7,12,5,2,0,2,0,0,5,2,2,3,18,28
"6660",4,7,16,7,10,7,19,1,13,7,10,7,14,6,1,5,1,5,0,6,5,1,3,27,33
"6661",5,7,17,7,10,10,19,7,16,7,10,7,19,1,0,0,3,2,1,1,3,2,2,28,36
"6662",6,7,17,9,10,10,20,7,17,7,10,10,19,2,1,0,1,0,0,2,1,3,3,30,37
"6663",7,7,22,9,10,10,22,7,17,9,10,10,20,2,5,1,2,1,0,5,2,2,3,35,39
"6664",8,8,22,9,22,12,22,7,22,9,10,10,22,1,0,0,6,4,2,1,6,1,1,36,53
"6665",9,8,22,11,26,12,22,8,22,9,22,12,22,4,2,0,4,0,0,2,4,3,1,38,57
"6666",10,8,27,11,26,22,22,8,22,11,26,12,22,5,6,1,6,1,0,5,6,2,2,43,67
"6667",11,9,27,11,28,22,22,8,27,11,26,22,22,1,0,0,2,1,6,1,2,1,1,44,69
"6668",12,9,27,11,28,22,22,9,27,11,28,22,22,1,6,0,NA,0,0,0,0,0,0,44,69
"6669",0,0,0,0,0,0,0,0,0,0,0,0,0,0,0,0,0,0,0,0,0,0,0,0,0
"6670",1,1,6,1,4,1,1,1,1,1,1,1,1,1,5,3,1,3,0,5,3,2,1,5,3
"6671",2,2,6,1,10,1,6,1,6,1,4,1,1,1,0,0,2,2,6,1,6,1,1,6,14
"6672",3,2,8,1,10,3,6,2,6,1,10,1,6,2,2,0,2,0,0,2,2,2,2,8,16
"6673",4,2,8,6,15,3,6,2,8,1,10,3,6,3,5,5,3,5,0,5,5,3,1,13,21
"6674",5,2,11,6,15,3,17,2,8,6,15,3,6,3,0,0,6,1,3,3,6,2,3,16,32
"6675",6,2,11,9,15,3,18,2,11,6,15,3,17,1,3,0,1,0,0,3,1,3,3,19,33
"6676",7,3,11,9,15,7,18,2,11,9,15,3,18,4,1,1,4,1,0,1,4,1,2,20,37
"6677",8,4,11,9,17,7,18,3,11,9,15,7,18,1,0,0,5,2,3,1,2,1,1,21,39
"6678",9,4,14,9,22,7,18,4,11,9,17,7,18,5,3,0,5,0,0,3,5,2,1,24,44
"6679",10,5,14,9,22,12,18,4,14,9,22,7,18,5,1,4,5,4,0,1,5,1,2,25,49
"6680",11,9,14,9,25,12,18,5,14,9,22,12,18,4,0,0,3,6,1,4,3,1,1,29,52
"6681",12,9,14,9,25,12,18,9,14,9,25,12,18,6,1,0,NA,0,0,0,0,0,0,29,52
"6682",0,0,0,0,0,0,0,0,0,0,0,0,0,0,0,0,0,0,0,0,0,0,0,0,0
"6683",1,1,10,1,1,1,4,1,1,1,1,1,1,6,4,3,4,3,0,6,3,2,3,9,3
"6684",2,5,10,1,2,1,4,1,10,1,1,1,4,4,0,0,1,1,3,4,1,1,1,13,4
"6685",3,5,11,1,2,1,7,5,10,1,2,1,4,1,3,0,3,0,0,1,3,2,3,14,7
"6686",4,5,15,1,8,1,10,5,11,1,2,1,7,4,6,5,6,5,0,4,6,2,1,18,16
"6687",5,5,20,1,8,4,22,5,15,1,8,1,10,5,0,0,3,4,6,5,6,2,3,23,31
"6688",6,8,20,1,8,8,22,5,20,1,8,4,22,3,4,0,4,0,0,3,4,1,2,26,35
"6689",7,13,20,1,8,13,22,8,20,1,8,8,22,5,1,5,1,5,0,5,5,1,2,31,40
"6690",8,14,20,1,8,18,22,13,20,1,8,13,22,1,0,0,5,5,1,1,5,1,2,32,45
"6691",9,14,25,1,8,18,23,14,20,1,8,18,22,5,1,0,1,0,0,5,1,2,3,37,46
"6692",10,14,30,4,1,20,23,14,25,1,8,18,23,5,1,2,1,2,0,5,2,2,2,45,41
"6693",11,15,30,4,1,20,28,14,30,4,1,20,23,1,0,0,4,5,5,1,5,1,3,46,46
"6694",12,15,30,4,1,20,28,15,30,4,1,20,28,4,5,0,NA,0,0,0,0,0,0,46,46
"6695",0,0,0,0,0,0,0,0,0,0,0,0,0,0,0,0,0,0,0,0,0,0,0,0,0
"6696",1,1,6,1,4,1,1,1,1,1,1,1,1,5,3,3,3,3,0,5,3,2,1,5,3
"6697",2,4,6,1,4,4,1,1,6,1,4,1,1,3,0,0,4,2,3,3,3,1,2,8,6
"6698",3,4,8,1,8,4,1,4,6,1,4,4,1,4,2,0,4,0,0,2,4,2,1,10,10
"6699",4,4,8,4,14,4,6,4,8,1,8,4,1,3,3,6,3,6,0,3,6,3,1,13,21
"6700",5,7,8,4,16,10,6,4,8,4,14,4,6,3,0,0,3,1,6,3,6,1,2,16,29
"6701",6,10,8,4,16,11,6,7,8,4,16,10,6,3,1,0,1,0,0,3,1,1,2,19,30
"6702",7,14,8,4,16,13,6,10,8,4,16,11,6,2,2,4,2,2,0,4,2,1,2,23,32
"6703",8,14,10,4,18,13,6,14,8,4,16,13,6,2,0,0,2,4,3,2,2,2,1,25,34
"6704",9,18,10,4,21,13,6,14,10,4,18,13,6,4,3,0,3,0,0,4,3,1,1,29,37
"6705",10,22,10,4,21,13,11,18,10,4,21,13,6,4,4,5,4,5,0,4,5,1,3,33,42
"6706",11,26,10,4,24,13,11,22,10,4,21,13,11,4,0,0,3,2,2,4,3,1,1,37,45
"6707",12,26,10,4,24,13,11,26,10,4,24,13,11,2,2,0,NA,0,0,0,0,0,0,37,45
"6708",0,0,0,0,0,0,0,0,0,0,0,0,0,0,0,0,0,0,0,0,0,0,0,0,0
"6709",1,1,1,12,1,1,3,1,1,1,1,1,1,2,2,6,2,2,0,6,2,3,3,11,2
"6710",2,3,1,12,1,5,3,1,1,12,1,1,3,2,0,0,6,4,3,2,4,1,2,13,6
"6711",3,3,9,12,1,5,6,3,1,12,1,5,3,6,3,0,3,0,0,6,3,2,3,21,9
"6712",4,3,11,12,2,5,6,3,9,12,1,5,6,1,1,2,1,1,0,2,1,2,1,23,10
"6713",5,4,11,12,3,5,6,3,11,12,2,5,6,1,0,0,1,6,1,1,1,1,1,24,11
"6714",6,10,11,16,3,6,6,4,11,12,3,5,6,6,1,0,1,0,0,6,1,1,2,34,12
"6715",7,14,11,16,3,6,9,10,11,16,3,6,6,4,3,4,3,4,0,4,3,1,3,38,15
"6716",8,18,11,16,3,6,10,14,11,16,3,6,9,4,0,0,1,2,4,4,1,1,3,42,16
"6717",9,20,11,16,3,10,10,18,11,16,3,6,10,2,4,0,4,0,0,2,4,1,2,44,20
"6718",10,20,14,16,3,10,14,20,11,16,3,10,10,3,3,4,3,4,0,3,4,2,3,47,24
"6719",11,20,17,16,5,10,14,20,14,16,3,10,14,3,0,0,2,1,2,3,2,2,1,50,26
"6720",12,20,17,16,5,10,14,20,17,16,5,10,14,1,2,0,NA,0,0,0,0,0,0,50,26
"6721",0,0,0,0,0,0,0,0,0,0,0,0,0,0,0,0,0,0,0,0,0,0,0,0,0
"6722",1,1,1,6,2,1,1,1,1,1,1,1,1,1,5,1,1,1,0,5,1,3,1,5,1
"6723",2,1,2,6,5,1,1,1,1,6,2,1,1,1,0,0,2,5,3,1,3,2,1,6,4
"6724",3,6,2,6,7,1,1,1,2,6,5,1,1,2,5,0,2,0,0,5,2,1,1,11,6
"6725",4,6,2,11,7,5,1,6,2,6,7,1,1,4,1,5,4,1,0,5,4,3,2,16,10
"6726",5,6,3,11,12,5,1,6,2,11,7,5,1,1,0,0,5,5,1,1,5,2,1,17,15
"6727",6,6,3,16,13,5,1,6,3,11,12,5,1,5,1,0,1,0,0,5,1,3,1,22,16
"6728",7,6,7,16,17,5,1,6,3,16,13,5,1,4,4,2,4,2,0,4,4,2,1,26,20
"6729",8,6,9,16,23,5,2,6,7,16,17,5,1,2,0,0,6,1,2,2,6,2,1,28,27
"6730",9,6,9,17,23,7,2,6,9,16,23,5,2,1,2,0,2,0,0,1,2,3,2,29,29
"6731",10,12,14,17,23,11,2,6,9,17,23,7,2,6,4,2,4,2,0,6,4,1,2,40,33
"6732",11,14,14,17,28,11,2,12,14,17,23,11,2,2,0,0,5,1,5,2,5,1,1,42,38
"6733",12,14,14,17,28,11,2,14,14,17,28,11,2,1,5,0,NA,0,0,0,0,0,0,42,38
"6734",0,0,0,0,0,0,0,0,0,0,0,0,0,0,0,0,0,0,0,0,0,0,0,0,0
"6735",1,1,1,6,1,6,1,1,1,1,1,1,1,5,3,5,3,5,0,5,5,3,2,5,5
"6736",2,1,4,6,1,11,1,1,1,6,1,6,1,3,0,0,5,3,1,3,5,2,2,8,10
"6737",3,1,4,9,1,11,2,1,4,6,1,11,1,3,1,0,1,0,0,3,1,3,3,11,11
"6738",4,5,4,9,1,16,2,1,4,9,1,11,2,1,4,5,1,5,0,4,5,1,2,15,16
"6739",5,5,5,9,1,19,2,5,4,9,1,16,2,1,0,0,2,1,3,1,3,2,2,16,19
"6740",6,7,5,9,1,20,2,5,5,9,1,19,2,2,1,0,1,0,0,2,1,1,2,18,20
"6741",7,7,9,9,3,20,2,7,5,9,1,20,2,2,1,4,2,1,0,4,2,2,1,22,22
"6742",8,7,10,9,3,20,5,7,9,9,3,20,2,1,0,0,4,3,3,1,3,2,3,23,25
"6743",9,7,10,13,3,20,8,7,10,9,3,20,5,4,3,0,3,0,0,4,3,3,3,27,28
"6744",10,10,10,13,3,23,8,7,10,13,3,20,8,3,3,3,3,3,0,3,3,1,2,30,31
"6745",11,10,13,13,11,23,8,10,10,13,3,23,8,3,0,0,6,3,5,3,6,2,1,33,39
"6746",12,10,13,13,11,23,8,10,13,13,11,23,8,3,5,0,NA,0,0,0,0,0,0,33,39
"6747",0,0,0,0,0,0,0,0,0,0,0,0,0,0,0,0,0,0,0,0,0,0,0,0,0
"6748",1,4,1,1,3,1,7,1,1,1,1,1,1,6,3,2,6,2,0,3,6,1,3,3,8
"6749",2,4,3,1,3,5,7,4,1,1,3,1,7,2,0,0,2,3,4,2,4,2,2,5,12
"6750",3,7,3,1,5,5,7,4,3,1,3,5,7,2,3,0,2,0,0,3,2,1,1,8,14
"6751",4,12,9,1,5,10,7,7,3,1,5,5,7,6,1,5,1,5,0,6,5,2,2,19,19
"6752",5,12,10,1,5,14,7,12,9,1,5,10,7,1,0,0,3,3,4,1,4,2,2,20,23
"6753",6,12,10,4,8,14,7,12,10,1,5,14,7,3,3,0,3,0,0,3,3,3,1,23,26
"6754",7,17,10,4,8,14,11,12,10,4,8,14,7,4,5,1,4,1,0,5,4,1,3,28,30
"6755",8,18,10,4,13,14,11,17,10,4,8,14,11,1,0,0,5,5,4,1,5,1,1,29,35
"6756",9,18,15,4,17,14,11,18,10,4,13,14,11,5,4,0,4,0,0,5,4,2,1,34,39
"6757",10,18,20,4,17,17,11,18,15,4,17,14,11,5,3,1,3,1,0,5,3,2,2,39,42
"6758",11,19,20,4,18,17,11,18,20,4,17,17,11,1,0,0,1,3,4,1,1,1,1,40,43
"6759",12,19,20,4,18,17,11,19,20,4,18,17,11,3,4,0,NA,0,0,0,0,0,0,40,43
"6760",0,0,0,0,0,0,0,0,0,0,0,0,0,0,0,0,0,0,0,0,0,0,0,0,0
"6761",1,1,4,1,7,1,8,1,1,1,1,1,1,6,4,3,6,4,0,3,6,2,3,3,13
"6762",2,1,8,1,13,1,10,1,4,1,7,1,8,4,0,0,1,5,6,4,6,2,1,7,21
"6763",3,6,8,1,14,1,10,1,8,1,13,1,10,1,5,0,1,0,0,5,1,1,1,12,22
"6764",4,10,8,1,14,11,10,6,8,1,14,1,10,6,4,1,6,1,0,4,6,1,2,16,32
"6765",5,11,8,1,17,11,16,10,8,1,14,11,10,1,0,0,2,6,3,1,6,1,3,17,41
"6766",6,11,8,3,17,14,16,11,8,1,17,11,16,2,3,0,3,0,0,2,3,3,2,19,44
"6767",7,12,8,3,19,14,16,11,8,3,17,14,16,1,3,2,3,2,0,1,2,1,1,20,46
"6768",8,12,11,3,19,17,16,12,8,3,19,14,16,3,0,0,3,1,6,3,3,2,2,23,49
"6769",9,13,11,3,23,17,22,12,11,3,19,17,16,1,6,0,6,0,0,1,6,1,3,24,59
"6770",10,18,11,3,24,17,22,13,11,3,23,17,22,5,1,1,1,1,0,5,1,1,1,29,60
"6771",11,19,11,3,29,17,22,18,11,3,24,17,22,1,0,0,5,1,2,1,5,1,1,30,65
"6772",12,19,11,3,29,17,22,19,11,3,29,17,22,1,2,0,NA,0,0,0,0,0,0,30,65
"6773",0,0,0,0,0,0,0,0,0,0,0,0,0,0,0,0,0,0,0,0,0,0,0,0,0
"6774",1,1,1,2,1,1,5,1,1,1,1,1,1,4,3,1,4,3,0,1,4,3,3,1,4
"6775",2,4,1,2,5,1,5,1,1,2,1,1,5,3,0,0,2,1,4,3,4,1,1,4,8
"6776",3,4,2,2,5,3,5,4,1,2,5,1,5,2,1,0,2,0,0,1,2,2,2,5,10
"6777",4,4,2,12,11,3,10,4,2,2,5,3,5,6,6,1,6,1,0,6,6,3,1,15,21
"6778",5,4,2,13,11,3,15,4,2,12,11,3,10,1,0,0,4,5,2,1,5,3,3,16,26
"6779",6,4,2,15,11,7,15,4,2,13,11,3,15,4,2,0,4,0,0,2,4,3,2,18,30
"6780",7,4,2,20,16,7,15,4,2,15,11,7,15,5,5,1,5,1,0,5,5,3,1,23,35
"6781",8,5,2,20,16,12,15,4,2,20,16,7,15,1,0,0,5,3,1,1,5,1,2,24,40
"6782",9,5,3,20,16,12,18,5,2,20,16,12,15,3,1,0,3,0,0,1,3,2,3,25,43
"6783",10,10,3,20,16,17,18,5,3,20,16,12,18,5,5,1,5,1,0,5,5,1,2,30,48
"6784",11,11,3,20,19,17,18,10,3,20,16,17,18,1,0,0,3,6,5,1,3,1,1,31,51
"6785",12,11,3,20,19,17,18,11,3,20,19,17,18,6,5,0,NA,0,0,0,0,0,0,31,51
"6786",0,0,0,0,0,0,0,0,0,0,0,0,0,0,0,0,0,0,0,0,0,0,0,0,0
"6787",1,1,4,1,1,6,1,1,1,1,1,1,1,3,4,5,4,5,0,3,5,2,2,3,5
"6788",2,5,4,1,2,6,7,1,4,1,1,6,1,4,0,0,6,2,5,4,6,1,3,7,12
"6789",3,5,4,6,2,8,7,5,4,1,2,6,7,2,5,0,2,0,0,5,2,3,2,12,14
"6790",4,11,4,10,8,10,7,5,4,6,2,8,7,6,6,2,6,2,0,6,6,1,1,22,22
"6791",5,13,4,10,10,16,7,11,4,10,8,10,7,2,0,0,6,2,1,2,6,1,2,24,30
"6792",6,13,4,11,10,16,9,13,4,10,10,16,7,2,1,0,2,0,0,1,2,3,3,25,32
"6793",7,13,4,13,15,16,9,13,4,11,10,16,9,2,5,3,5,3,0,2,5,3,1,27,37
"6794",8,13,4,16,15,21,15,13,4,13,15,16,9,3,0,0,6,4,1,3,6,3,3,30,48
"6795",9,13,4,17,19,21,15,13,4,16,15,21,15,4,1,0,4,0,0,1,4,3,1,31,52
"6796",10,13,5,17,19,21,20,13,4,17,19,21,15,5,1,1,5,1,0,1,5,2,3,32,57
"6797",11,13,5,18,20,21,20,13,5,17,19,21,20,1,0,0,1,6,4,1,1,3,1,33,58
"6798",12,13,5,18,20,21,20,13,5,18,20,21,20,6,4,0,NA,0,0,0,0,0,0,33,58
"6799",0,0,0,0,0,0,0,0,0,0,0,0,0,0,0,0,0,0,0,0,0,0,0,0,0
"6800",1,5,1,1,5,1,1,1,1,1,1,1,1,1,4,4,1,4,0,4,4,1,1,4,4
"6801",2,6,1,1,5,1,6,5,1,1,5,1,1,1,0,0,5,3,4,1,5,1,3,5,9
"6802",3,6,1,4,5,5,6,6,1,1,5,1,6,3,4,0,4,0,0,3,4,3,2,8,13
"6803",4,6,6,4,5,5,9,6,1,4,5,5,6,3,5,2,3,2,0,5,3,2,3,13,16
"6804",5,6,8,4,5,5,14,6,6,4,5,5,9,2,0,0,3,5,1,2,5,2,3,15,21
"6805",6,9,8,4,6,5,14,6,8,4,5,5,14,3,1,0,1,0,0,3,1,1,1,18,22
"6806",7,9,8,7,10,5,14,9,8,4,6,5,14,4,1,3,4,1,0,3,4,3,1,21,26
"6807",8,9,8,8,11,5,20,9,8,7,10,5,14,1,0,0,6,4,3,1,6,3,3,22,33
"6808",9,9,8,12,11,5,23,9,8,8,11,5,20,4,3,0,3,0,0,4,3,3,3,26,36
"6809",10,9,10,12,11,8,23,9,8,12,11,5,23,3,2,3,3,3,0,2,3,2,2,28,39
"6810",11,12,10,12,18,8,23,9,10,12,11,8,23,3,0,0,2,3,6,3,6,1,1,31,46
"6811",12,12,10,12,18,8,23,12,10,12,18,8,23,2,3,0,NA,0,0,0,0,0,0,31,46
"6812",0,0,0,0,0,0,0,0,0,0,0,0,0,0,0,0,0,0,0,0,0,0,0,0,0
"6813",1,1,5,1,1,2,1,1,1,1,1,1,1,1,1,4,1,1,0,4,1,2,2,4,1
"6814",2,2,5,1,1,6,1,1,5,1,1,2,1,1,0,0,4,1,1,1,4,1,2,5,5
"6815",3,2,6,1,1,6,2,2,5,1,1,6,1,1,1,0,1,0,0,1,1,2,3,6,6
"6816",4,2,12,3,1,6,4,2,6,1,1,6,2,6,1,2,1,2,0,6,2,2,3,14,8
"6817",5,3,12,3,7,10,4,2,12,3,1,6,4,1,0,0,6,6,1,1,6,1,1,15,18
"6818",6,8,18,9,8,10,4,3,12,3,7,10,4,6,1,0,1,0,0,6,1,2,1,32,19
"6819",7,8,21,15,10,10,4,8,18,9,8,10,4,6,6,2,6,2,0,6,2,3,1,41,21
"6820",8,15,21,15,10,15,4,8,21,15,10,10,4,6,0,0,3,5,2,6,5,1,2,48,26
"6821",9,15,24,15,12,15,4,15,21,15,10,15,4,3,2,0,2,0,0,3,2,2,1,51,28
"6822",10,18,24,15,12,17,4,15,24,15,12,15,4,3,2,4,2,4,0,3,2,1,2,54,30
"6823",11,22,24,15,16,17,4,18,24,15,12,17,4,4,0,0,5,4,3,4,4,1,1,58,34
"6824",12,22,24,15,16,17,4,22,24,15,16,17,4,5,3,0,NA,0,0,0,0,0,0,58,34
"6825",0,0,0,0,0,0,0,0,0,0,0,0,0,0,0,0,0,0,0,0,0,0,0,0,0
"6826",1,1,5,1,1,3,1,1,1,1,1,1,1,2,4,4,2,4,0,4,2,2,2,4,2
"6827",2,1,5,5,6,9,1,1,5,1,1,3,1,4,0,0,6,1,2,4,6,3,2,8,13
"6828",3,1,7,5,6,9,2,1,5,5,6,9,1,1,2,0,1,0,0,2,1,2,3,10,14
"6829",4,3,7,5,6,9,7,1,7,5,6,9,2,2,4,5,4,5,0,2,5,1,3,12,19
"6830",5,3,11,5,8,9,7,3,7,5,6,9,7,4,0,0,1,2,1,4,2,2,1,16,21
"6831",6,4,11,5,8,10,7,3,11,5,8,9,7,1,1,0,1,0,0,1,1,1,2,17,22
"6832",7,9,11,5,11,10,7,4,11,5,8,10,7,3,1,5,3,1,0,5,3,1,1,22,25
"6833",8,9,12,5,11,15,7,9,11,5,11,10,7,1,0,0,2,3,5,1,5,2,2,23,30
"6834",9,9,15,5,13,15,7,9,12,5,11,15,7,2,3,0,2,0,0,3,2,2,1,26,32
"6835",10,9,20,5,16,15,7,9,15,5,13,15,7,5,1,3,1,3,0,5,3,2,1,31,35
"6836",11,10,20,5,22,20,7,9,20,5,16,15,7,1,0,0,5,2,6,1,6,1,1,32,46
"6837",12,10,20,5,22,20,7,10,20,5,22,20,7,5,2,0,NA,0,0,0,0,0,0,32,46
"6838",0,0,0,0,0,0,0,0,0,0,0,0,0,0,0,0,0,0,0,0,0,0,0,0,0
"6839",1,1,6,1,1,6,1,1,1,1,1,1,1,5,5,2,5,2,0,5,5,2,2,5,5
"6840",2,3,6,1,6,6,1,1,6,1,1,6,1,2,0,0,1,5,2,2,5,1,1,7,10
"6841",3,4,6,1,6,8,1,3,6,1,6,6,1,1,2,0,2,0,0,1,2,1,2,8,12
"6842",4,4,6,3,6,8,2,4,6,1,6,8,1,1,2,1,1,1,0,2,1,3,3,10,13
"6843",5,5,6,3,6,11,8,4,6,3,6,8,2,1,0,0,4,5,6,1,6,1,3,11,22
"6844",6,5,10,3,6,11,13,5,6,3,6,11,8,4,5,0,5,0,0,4,5,2,3,15,27
"6845",7,10,10,3,9,11,13,5,10,3,6,11,13,5,3,1,3,1,0,5,3,1,1,20,30
"6846",8,11,10,3,14,11,13,10,10,3,9,11,13,1,0,0,5,1,5,1,5,1,1,21,35
"6847",9,16,10,3,15,11,13,11,10,3,14,11,13,1,5,0,1,0,0,5,1,1,1,26,36
"6848",10,21,10,3,15,11,16,16,10,3,15,11,13,2,5,3,2,3,0,5,3,1,3,31,39
"6849",11,23,10,3,18,11,16,21,10,3,15,11,16,2,0,0,3,1,4,2,3,1,1,33,42
"6850",12,23,10,3,18,11,16,23,10,3,18,11,16,1,4,0,NA,0,0,0,0,0,0,33,42
"6851",0,0,0,0,0,0,0,0,0,0,0,0,0,0,0,0,0,0,0,0,0,0,0,0,0
"6852",1,1,1,4,1,1,6,1,1,1,1,1,1,5,3,1,5,1,0,3,5,3,3,3,5
"6853",2,1,1,5,6,1,6,1,1,4,1,1,6,1,0,0,2,2,5,1,5,3,1,4,10
"6854",3,1,3,5,6,3,6,1,1,5,6,1,6,2,2,0,2,0,0,2,2,2,2,6,12
"6855",4,3,3,5,6,3,11,1,3,5,6,3,6,1,2,5,1,5,0,2,5,1,3,8,17
"6856",5,3,4,5,10,3,11,3,3,5,6,3,11,1,0,0,1,4,4,1,4,2,1,9,21
"6857",6,4,4,5,10,7,11,3,4,5,10,3,11,1,4,0,4,0,0,1,4,1,2,10,25
"6858",7,4,5,11,10,8,11,4,4,5,10,7,11,1,6,2,1,2,0,6,1,3,2,17,26
"6859",8,4,7,11,13,8,17,4,5,11,10,8,11,2,0,0,2,6,5,2,6,2,3,19,35
"6860",9,4,12,11,15,8,17,4,7,11,13,8,17,2,5,0,2,0,0,5,2,2,1,24,37
"6861",10,4,13,11,15,8,18,4,12,11,15,8,17,1,1,1,1,1,0,1,1,2,3,25,38
"6862",11,5,13,11,17,8,18,4,13,11,15,8,18,1,0,0,2,2,2,1,2,1,1,26,40
"6863",12,5,13,11,17,8,18,5,13,11,17,8,18,2,2,0,NA,0,0,0,0,0,0,26,40
"6864",0,0,0,0,0,0,0,0,0,0,0,0,0,0,0,0,0,0,0,0,0,0,0,0,0
"6865",1,1,1,3,2,1,1,1,1,1,1,1,1,2,1,1,1,1,0,2,1,3,1,2,1
"6866",2,1,1,4,2,1,5,1,1,3,2,1,1,1,0,0,5,4,4,1,4,3,3,3,5
"6867",3,1,6,4,2,1,9,1,1,4,2,1,5,5,4,0,4,0,0,5,4,2,3,8,9
"6868",4,1,11,4,2,7,13,1,6,4,2,1,9,5,6,2,6,2,0,5,6,2,2,13,19
"6869",5,1,11,6,2,10,13,1,11,4,2,7,13,2,0,0,3,1,1,2,3,3,2,15,22
"6870",6,1,11,7,3,10,13,1,11,6,2,10,13,1,1,0,1,0,0,1,1,3,1,16,23
"6871",7,1,11,11,7,10,13,1,11,7,3,10,13,4,4,2,4,2,0,4,4,3,1,20,27
"6872",8,3,11,11,10,10,13,1,11,11,7,10,13,2,0,0,3,4,1,2,3,1,1,22,30
"6873",9,3,11,15,10,11,13,3,11,11,10,10,13,4,1,0,1,0,0,4,1,3,2,26,31
"6874",10,6,11,15,10,15,13,3,11,15,10,11,13,3,3,4,3,4,0,3,4,1,2,29,35
"6875",11,9,11,15,14,15,13,6,11,15,10,15,13,3,0,0,4,1,5,3,4,1,1,32,39
"6876",12,9,11,15,14,15,13,9,11,15,14,15,13,1,5,0,NA,0,0,0,0,0,0,32,39
"6877",0,0,0,0,0,0,0,0,0,0,0,0,0,0,0,0,0,0,0,0,0,0,0,0,0
"6878",1,1,5,1,7,4,1,1,1,1,1,1,1,5,4,6,5,6,0,4,6,2,1,4,9
"6879",2,1,5,6,7,5,1,1,5,1,7,4,1,5,0,0,1,2,3,5,1,3,2,9,10
"6880",3,1,7,6,7,5,4,1,5,6,7,5,1,2,3,0,3,0,0,2,3,2,3,11,13
"6881",4,1,9,6,7,5,9,1,7,6,7,5,4,2,5,2,5,2,0,2,5,2,3,13,18
"6882",5,1,11,6,7,5,13,1,9,6,7,5,9,2,0,0,2,4,2,2,4,2,3,15,22
"6883",6,3,11,6,9,5,13,1,11,6,7,5,13,2,2,0,2,0,0,2,2,1,1,17,24
"6884",7,7,11,6,14,5,13,3,11,6,9,5,13,2,5,4,2,5,0,4,5,1,1,21,29
"6885",8,9,11,6,14,8,19,7,11,6,14,5,13,2,0,0,3,6,1,2,6,1,3,23,38
"6886",9,9,14,6,15,8,19,9,11,6,14,8,19,3,1,0,1,0,0,3,1,2,1,26,39
"6887",10,14,14,6,15,13,25,9,14,6,15,8,19,6,3,5,6,3,0,5,6,1,3,31,50
"6888",11,17,14,6,27,15,25,14,14,6,15,13,25,3,0,0,6,5,4,3,6,1,1,34,64
"6889",12,17,14,6,27,15,25,17,14,6,27,15,25,5,4,0,NA,0,0,0,0,0,0,34,64
"6890",0,0,0,0,0,0,0,0,0,0,0,0,0,0,0,0,0,0,0,0,0,0,0,0,0
"6891",1,1,3,1,7,1,5,1,1,1,1,1,1,2,3,6,3,6,0,2,6,2,1,2,10
"6892",2,4,3,1,9,1,5,1,3,1,7,1,5,3,0,0,1,2,5,3,2,1,1,5,12
"6893",3,4,8,1,9,2,5,4,3,1,9,1,5,1,5,0,1,0,0,5,1,2,2,10,13
"6894",4,6,8,1,14,2,17,4,8,1,9,2,5,2,6,2,6,2,0,2,6,1,3,12,30
"6895",5,8,8,1,14,5,17,6,8,1,14,2,17,2,0,0,3,2,3,2,3,1,2,14,33
"6896",6,10,8,1,14,8,17,8,8,1,14,5,17,2,3,0,3,0,0,2,3,1,2,16,36
"6897",7,10,10,1,14,8,20,10,8,1,14,8,17,3,2,4,3,4,0,2,3,2,3,18,39
"6898",8,10,14,1,17,8,20,10,10,1,14,8,20,4,0,0,3,5,1,4,3,2,1,22,42
"6899",9,15,14,1,17,8,21,10,14,1,17,8,20,5,1,0,1,0,0,5,1,1,3,27,43
"6900",10,15,17,7,19,8,21,15,14,1,17,8,21,6,1,2,1,2,0,6,2,3,1,36,45
"6901",11,16,17,7,24,8,21,15,17,7,19,8,21,1,0,0,5,2,4,1,5,1,1,37,50
"6902",12,16,17,7,24,8,21,16,17,7,24,8,21,2,4,0,NA,0,0,0,0,0,0,37,50
"6903",0,0,0,0,0,0,0,0,0,0,0,0,0,0,0,0,0,0,0,0,0,0,0,0,0
"6904",1,1,4,1,7,5,1,1,1,1,1,1,1,3,5,6,5,6,0,3,6,2,1,3,10
"6905",2,6,4,1,7,5,5,1,4,1,7,5,1,5,0,0,4,1,5,5,4,1,3,8,14
"6906",3,6,9,1,8,5,5,6,4,1,7,5,5,1,5,0,1,0,0,5,1,2,1,13,15
"6907",4,6,9,4,8,5,8,6,9,1,8,5,5,3,4,3,4,3,0,3,3,3,3,16,18
"6908",5,6,13,4,14,5,12,6,9,4,8,5,8,4,0,0,2,4,6,4,6,2,1,20,28
"6909",6,6,17,4,16,5,12,6,13,4,14,5,12,2,4,0,2,0,0,4,2,2,1,24,30
"6910",7,9,17,4,16,5,17,6,17,4,16,5,12,5,2,3,5,2,0,3,5,1,3,27,35
"6911",8,9,17,6,19,11,17,9,17,4,16,5,17,2,0,0,5,6,6,2,6,3,2,29,44
"6912",9,14,17,6,22,11,23,9,17,6,19,11,17,5,6,0,6,0,0,5,6,1,3,34,53
"6913",10,15,17,1,29,17,23,14,17,6,22,11,23,4,6,1,4,6,0,1,6,1,2,30,66
"6914",11,19,17,1,30,17,23,15,17,1,29,17,23,4,0,0,1,1,4,4,1,1,1,34,67
"6915",12,19,17,1,30,17,23,19,17,1,30,17,23,1,4,0,NA,0,0,0,0,0,0,34,67
"6916",0,0,0,0,0,0,0,0,0,0,0,0,0,0,0,0,0,0,0,0,0,0,0,0,0
"6917",1,1,6,1,4,1,1,1,1,1,1,1,1,2,5,3,2,3,0,5,3,2,1,5,3
"6918",2,3,6,1,4,1,3,1,6,1,4,1,1,2,0,0,2,2,3,2,2,1,3,7,5
"6919",3,3,6,4,4,3,3,3,6,1,4,1,3,2,3,0,2,0,0,3,2,3,2,10,7
"6920",4,3,12,6,4,5,3,3,6,4,4,3,3,6,2,2,2,2,0,6,2,2,2,18,9
"6921",5,5,12,6,4,8,3,3,12,6,4,5,3,2,0,0,3,1,3,2,3,1,2,20,12
"6922",6,5,13,6,4,11,3,5,12,6,4,8,3,1,3,0,3,0,0,1,3,2,2,21,15
"6923",7,7,13,6,9,11,3,5,13,6,4,11,3,2,5,5,5,5,0,2,5,1,1,23,20
"6924",8,7,18,6,9,11,8,7,13,6,9,11,3,5,0,0,5,5,2,5,5,2,3,28,25
"6925",9,7,18,11,11,11,8,7,18,6,9,11,8,5,2,0,2,0,0,5,2,3,1,33,27
"6926",10,7,21,11,11,11,11,7,18,11,11,11,8,3,2,3,2,3,0,3,3,2,3,36,30
"6927",11,9,21,11,15,11,11,7,21,11,11,11,11,2,0,0,4,4,1,2,4,1,1,38,34
"6928",12,9,21,11,15,11,11,9,21,11,15,11,11,4,1,0,NA,0,0,0,0,0,0,38,34
"6929",0,0,0,0,0,0,0,0,0,0,0,0,0,0,0,0,0,0,0,0,0,0,0,0,0
"6930",1,1,1,5,1,4,7,1,1,1,1,1,1,4,6,1,6,1,0,4,6,3,3,4,9
"6931",2,1,2,5,1,10,10,1,1,5,1,4,7,1,0,0,1,6,5,1,6,2,2,5,18
"6932",3,6,2,5,1,11,10,1,2,5,1,10,10,1,5,0,1,0,0,5,1,1,2,10,19
"6933",4,6,3,5,1,13,10,6,2,5,1,11,10,1,2,1,2,1,0,1,2,2,2,11,21
"6934",5,6,3,6,5,13,16,6,3,5,1,13,10,1,0,0,6,4,1,1,6,3,3,12,31
"6935",6,10,3,6,6,13,16,6,3,6,5,13,16,4,1,0,1,0,0,4,1,1,1,16,32
"6936",7,14,3,6,9,13,16,10,3,6,6,13,16,3,3,4,3,3,0,4,3,1,1,20,35
"6937",8,14,3,9,18,19,16,14,3,6,9,13,16,3,0,0,6,3,1,3,6,3,1,23,50
"6938",9,17,3,9,18,20,16,14,3,9,18,19,16,3,1,0,1,0,0,3,1,1,2,26,51
"6939",10,17,8,9,24,22,16,17,3,9,18,20,16,5,6,1,6,1,0,5,6,2,1,31,59
"6940",11,18,1,9,30,22,21,17,8,9,24,22,16,1,0,0,6,3,5,1,6,1,1,25,70
"6941",12,18,1,9,30,22,21,18,1,9,30,22,21,3,5,0,NA,0,0,0,0,0,0,25,70
"6942",0,0,0,0,0,0,0,0,0,0,0,0,0,0,0,0,0,0,0,0,0,0,0,0,0
"6943",1,1,1,2,3,1,7,1,1,1,1,1,1,1,3,6,3,6,0,1,6,3,3,1,8
"6944",2,4,1,2,7,1,7,1,1,2,3,1,7,3,0,0,1,4,3,3,4,1,1,4,12
"6945",3,7,1,2,7,1,8,4,1,2,7,1,7,1,3,0,1,0,0,3,1,1,3,7,13
"6946",4,7,1,5,7,1,12,7,1,2,7,1,8,3,4,1,4,1,0,3,4,3,3,10,17
"6947",5,8,1,5,12,7,12,7,1,5,7,1,12,1,0,0,5,1,6,1,6,1,2,11,28
"6948",6,8,1,10,12,8,12,8,1,5,12,7,12,5,1,0,1,0,0,5,1,3,2,16,29
"6949",7,12,1,10,12,15,12,8,1,10,12,8,12,1,6,4,1,6,0,4,6,1,2,20,36
"6950",8,12,2,10,18,15,17,12,1,10,12,15,12,1,0,0,3,6,1,1,6,2,1,21,47
"6951",9,15,2,10,18,16,17,12,2,10,18,15,17,3,1,0,1,0,0,3,1,1,2,24,48
"6952",10,17,2,10,23,16,17,15,2,10,18,16,17,2,5,2,5,2,0,2,5,1,1,26,53
"6953",11,19,2,10,23,23,17,17,2,10,23,16,17,2,0,0,6,2,5,2,6,1,2,28,60
"6954",12,19,2,10,23,23,17,19,2,10,23,23,17,2,5,0,NA,0,0,0,0,0,0,28,60
"6955",0,0,0,0,0,0,0,0,0,0,0,0,0,0,0,0,0,0,0,0,0,0,0,0,0
"6956",1,6,1,1,1,1,10,1,1,1,1,1,1,5,6,1,6,1,0,5,6,1,3,5,9
"6957",2,6,1,2,6,1,10,6,1,1,1,1,10,1,0,0,1,5,5,1,5,3,1,6,14
"6958",3,6,6,2,7,1,10,6,1,2,6,1,10,1,5,0,1,0,0,5,1,2,1,11,15
"6959",4,6,12,3,9,1,10,6,6,2,7,1,10,1,2,6,1,2,0,6,2,2,1,18,17
"6960",5,6,13,3,9,6,10,6,12,3,9,1,10,1,0,0,4,5,1,1,5,2,2,19,22
"6961",6,6,13,4,9,6,14,6,13,3,9,6,10,4,1,0,4,0,0,1,4,3,3,20,26
"6962",7,9,13,4,12,6,14,6,13,4,9,6,14,3,1,3,1,3,0,3,3,1,1,23,29
"6963",8,10,13,4,12,9,20,9,13,4,12,6,14,1,0,0,6,2,2,1,6,1,3,24,38
"6964",9,10,15,4,14,9,20,10,13,4,12,9,20,2,2,0,2,0,0,2,2,2,1,26,40
"6965",10,10,16,4,19,9,20,10,15,4,14,9,20,5,4,1,5,4,0,1,5,2,1,27,45
"6966",11,14,16,4,21,9,20,10,16,4,19,9,20,4,0,0,2,2,3,4,2,1,1,31,47
"6967",12,14,16,4,21,9,20,14,16,4,21,9,20,2,3,0,NA,0,0,0,0,0,0,31,47
"6968",0,0,0,0,0,0,0,0,0,0,0,0,0,0,0,0,0,0,0,0,0,0,0,0,0
"6969",1,1,10,1,1,5,1,1,1,1,1,1,1,6,4,3,4,3,0,6,4,2,2,9,4
"6970",2,4,10,1,4,5,7,1,10,1,1,5,1,3,0,0,2,6,1,3,6,1,3,12,13
"6971",3,4,10,3,4,6,7,4,10,1,4,5,7,2,1,0,1,0,0,2,1,3,2,14,14
"6972",4,4,17,9,4,6,12,4,10,3,4,6,7,2,6,5,2,5,0,6,5,3,3,27,19
"6973",5,4,19,9,4,6,17,4,17,9,4,6,12,2,0,0,2,1,5,2,5,2,3,29,24
"6974",6,4,21,9,4,7,17,4,19,9,4,6,17,2,1,0,1,0,0,2,1,2,2,31,25
"6975",7,9,21,9,4,7,20,4,21,9,4,7,17,5,2,3,2,3,0,5,3,1,3,36,28
"6976",8,9,23,9,6,7,20,9,21,9,4,7,20,2,0,0,2,1,6,2,2,2,1,38,30
"6977",9,17,23,9,6,8,20,9,23,9,6,7,20,1,6,0,1,0,0,6,1,1,2,46,31
"6978",10,21,23,9,6,8,25,17,23,9,6,8,20,4,5,3,5,3,0,4,5,1,3,50,36
"6979",11,21,23,12,7,8,25,21,23,9,6,8,25,3,0,0,1,4,3,3,1,3,1,53,37
"6980",12,21,23,12,7,8,25,21,23,12,7,8,25,4,3,0,NA,0,0,0,0,0,0,53,37
"6981",0,0,0,0,0,0,0,0,0,0,0,0,0,0,0,0,0,0,0,0,0,0,0,0,0
"6982",1,1,3,1,1,1,6,1,1,1,1,1,1,2,4,5,4,5,0,2,5,2,3,2,5
"6983",2,1,3,5,1,12,6,1,3,1,1,1,6,4,0,0,2,1,6,4,6,3,2,6,16
"6984",3,1,5,5,1,13,6,1,3,5,1,12,6,2,1,0,1,0,0,2,1,2,2,8,17
"6985",4,1,5,7,1,19,15,1,5,5,1,13,6,6,2,5,6,5,0,2,6,3,2,10,32
"6986",5,1,10,7,7,20,15,1,5,7,1,19,15,5,0,0,4,1,6,5,6,2,1,15,39
"6987",6,1,14,7,8,20,15,1,10,7,7,20,15,4,1,0,1,0,0,4,1,2,1,19,40
"6988",7,1,17,7,18,20,15,1,14,7,8,20,15,1,6,3,1,6,0,3,6,2,1,22,50
"6989",8,2,17,7,18,20,19,1,17,7,18,20,15,1,0,0,4,5,2,1,4,1,3,23,54
"6990",9,7,17,7,20,20,19,2,17,7,18,20,19,5,2,0,2,0,0,5,2,1,1,28,56
"6991",10,10,17,7,25,20,19,7,17,7,20,20,19,3,5,2,5,2,0,3,5,1,1,31,61
"6992",11,12,17,1,33,26,19,10,17,7,25,20,19,2,0,0,6,2,1,2,6,1,2,27,75
"6993",12,12,17,1,33,26,19,12,17,1,33,26,19,2,1,0,NA,0,0,0,0,0,0,27,75
"6994",0,0,0,0,0,0,0,0,0,0,0,0,0,0,0,0,0,0,0,0,0,0,0,0,0
"6995",1,1,1,5,1,1,8,1,1,1,1,1,1,6,2,4,6,2,0,4,6,3,3,4,7
"6996",2,1,3,5,5,1,14,1,1,5,1,1,8,2,0,0,6,4,2,2,6,2,3,6,17
"6997",3,5,3,5,5,3,14,1,3,5,5,1,14,4,2,0,2,0,0,4,2,1,2,10,19
"6998",4,10,3,5,14,3,14,5,3,5,5,3,14,5,5,6,5,6,0,5,6,1,1,15,28
"6999",5,15,3,5,16,9,14,10,3,5,14,3,14,5,0,0,6,3,6,5,6,1,2,20,36
"7000",6,18,3,5,16,15,16,15,3,5,16,9,14,3,6,0,6,0,0,3,6,1,2,23,44
"7001",7,18,3,8,22,20,16,18,3,5,16,15,16,2,3,6,2,6,0,3,6,3,1,26,55
"7002",8,18,1,10,29,25,16,18,3,8,22,20,16,2,0,0,6,4,5,2,6,3,1,26,67
"7003",9,18,6,10,29,29,16,18,1,10,29,25,16,4,5,0,4,0,0,5,4,2,2,31,71
"7004",10,21,6,1,32,31,16,18,6,10,29,29,16,3,3,3,3,3,0,3,3,1,1,25,76
"7005",11,24,6,1,35,31,16,21,6,1,32,31,16,3,0,0,3,4,4,3,3,1,1,28,79
"7006",12,24,6,1,35,31,16,24,6,1,35,31,16,4,4,0,NA,0,0,0,0,0,0,28,79
"7007",0,0,0,0,0,0,0,0,0,0,0,0,0,0,0,0,0,0,0,0,0,0,0,0,0
"7008",1,2,1,1,7,1,10,1,1,1,1,1,1,1,6,3,6,3,0,1,6,1,1,1,15
"7009",2,5,1,1,7,7,12,2,1,1,7,1,10,3,0,0,6,2,1,3,6,1,2,4,23
"7010",3,7,1,1,7,8,12,5,1,1,7,7,12,2,1,0,1,0,0,2,1,1,2,6,24
"7011",4,23,1,1,7,8,16,7,1,1,7,8,12,6,3,4,3,4,0,6,4,1,3,22,28
"7012",5,23,4,1,13,14,17,23,1,1,7,8,16,3,0,0,4,2,6,3,6,2,2,25,41
"7013",6,27,4,1,13,14,19,23,4,1,13,14,17,4,2,0,2,0,0,4,2,1,3,29,43
"7014",7,27,4,5,16,14,19,27,4,1,13,14,19,4,2,3,2,3,0,4,3,3,1,33,46
"7015",8,27,4,7,21,14,19,27,4,5,16,14,19,2,0,0,4,1,5,2,5,3,1,35,51
"7016",9,27,8,7,22,14,19,27,4,7,21,14,19,4,1,0,1,0,0,4,1,2,1,39,52
"7017",10,28,8,7,22,15,19,27,8,7,22,14,19,1,1,3,1,3,0,1,1,1,2,40,53
"7018",11,31,8,7,22,19,19,28,8,7,22,15,19,3,0,0,4,5,6,3,4,1,2,43,57
"7019",12,31,8,7,22,19,19,31,8,7,22,19,19,5,6,0,NA,0,0,0,0,0,0,43,57
"7020",0,0,0,0,0,0,0,0,0,0,0,0,0,0,0,0,0,0,0,0,0,0,0,0,0
"7021",1,1,1,3,1,4,1,1,1,1,1,1,1,2,1,3,1,3,0,2,3,3,2,2,3
"7022",2,2,1,3,1,4,6,1,1,3,1,4,1,1,0,0,5,2,1,1,5,1,3,3,8
"7023",3,2,2,3,1,4,8,2,1,3,1,4,6,2,1,0,2,0,0,1,2,2,3,4,10
"7024",4,6,2,9,1,4,10,2,2,3,1,4,8,6,1,2,1,2,0,6,2,3,3,14,12
"7025",5,7,2,9,4,4,16,6,2,9,1,4,10,1,0,0,6,2,1,1,6,1,3,15,21
"7026",6,7,2,10,4,4,18,7,2,9,4,4,16,2,1,0,2,0,0,1,2,3,3,16,23
"7027",7,7,6,10,7,4,18,7,2,10,4,4,18,4,2,3,2,3,0,4,3,2,1,20,26
"7028",8,7,8,10,18,4,18,7,6,10,7,4,18,2,0,0,3,6,1,2,6,2,1,22,37
"7029",9,10,8,10,18,5,18,7,8,10,18,4,18,3,1,0,1,0,0,3,1,1,2,25,38
"7030",10,12,8,10,20,5,18,10,8,10,18,5,18,2,2,3,2,3,0,2,2,1,1,27,40
"7031",11,15,8,10,21,5,18,12,8,10,20,5,18,3,0,0,1,5,3,3,1,1,1,30,41
"7032",12,15,8,10,21,5,18,15,8,10,21,5,18,5,3,0,NA,0,0,0,0,0,0,30,41
"7033",0,0,0,0,0,0,0,0,0,0,0,0,0,0,0,0,0,0,0,0,0,0,0,0,0
"7034",1,3,1,1,6,1,1,1,1,1,1,1,1,2,5,4,5,4,0,2,5,1,1,2,5
"7035",2,3,5,1,8,1,1,3,1,1,6,1,1,4,0,0,1,2,1,4,2,2,1,6,7
"7036",3,3,6,1,8,2,1,3,5,1,8,1,1,1,1,0,1,0,0,1,1,2,2,7,8
"7037",4,13,6,1,11,8,1,3,6,1,8,2,1,3,6,6,3,6,0,6,6,1,2,17,17
"7038",5,13,9,1,11,14,5,13,6,1,11,8,1,3,0,0,1,6,6,3,6,2,2,20,27
"7039",6,24,9,7,12,14,5,13,9,1,11,14,5,1,6,0,1,0,0,6,1,1,1,37,28
"7040",7,24,9,11,16,14,5,24,9,7,12,14,5,2,4,4,2,4,0,4,4,3,1,41,32
"7041",8,24,11,11,16,17,5,24,9,11,16,14,5,2,0,0,3,2,1,2,3,2,2,43,35
"7042",9,24,11,13,17,17,5,24,11,11,16,17,5,2,1,0,1,0,0,2,1,3,1,45,36
"7043",10,34,11,13,17,17,7,24,11,13,17,17,5,2,1,6,2,1,0,6,2,1,3,55,38
"7044",11,35,11,13,19,17,7,34,11,13,17,17,7,1,0,0,2,3,1,1,2,1,1,56,40
"7045",12,35,11,13,19,17,7,35,11,13,19,17,7,3,1,0,NA,0,0,0,0,0,0,56,40
"7046",0,0,0,0,0,0,0,0,0,0,0,0,0,0,0,0,0,0,0,0,0,0,0,0,0
"7047",1,6,1,1,1,1,4,1,1,1,1,1,1,2,5,3,2,3,0,5,3,1,3,5,3
"7048",2,8,1,1,1,6,4,6,1,1,1,1,4,2,0,0,5,1,1,2,5,1,2,7,8
"7049",3,8,2,1,1,7,4,8,1,1,1,6,4,1,1,0,1,0,0,1,1,2,2,8,9
"7050",4,18,2,1,1,7,5,8,2,1,1,7,4,1,2,6,1,2,0,6,1,1,3,18,10
"7051",5,18,4,1,5,13,5,18,2,1,1,7,5,2,0,0,6,2,3,2,6,2,2,20,20
"7052",6,21,4,1,7,13,5,18,4,1,5,13,5,2,3,0,2,0,0,3,2,1,1,23,22
"7053",7,21,4,6,7,15,5,21,4,1,7,13,5,1,5,2,1,2,0,5,2,3,2,28,24
"7054",8,21,4,7,7,15,15,21,4,6,7,15,5,1,0,0,5,6,6,1,6,3,3,29,34
"7055",9,27,7,7,12,15,15,21,4,7,7,15,15,5,6,0,5,0,0,6,5,1,1,38,39
"7056",10,27,11,7,12,20,15,27,7,7,12,15,15,4,4,5,4,5,0,4,5,2,2,42,44
"7057",11,27,15,7,12,23,15,27,11,7,12,20,15,4,0,0,3,2,3,4,3,2,2,46,47
"7058",12,27,15,7,12,23,15,27,15,7,12,23,15,2,3,0,NA,0,0,0,0,0,0,46,47
"7059",0,0,0,0,0,0,0,0,0,0,0,0,0,0,0,0,0,0,0,0,0,0,0,0,0
"7060",1,1,1,8,3,1,1,1,1,1,1,1,1,2,6,2,2,2,0,6,2,3,1,7,2
"7061",2,1,1,10,7,1,1,1,1,8,3,1,1,2,0,0,5,4,4,2,4,3,1,9,6
"7062",3,1,1,15,7,1,5,1,1,10,7,1,1,5,4,0,4,0,0,5,4,3,3,14,10
"7063",4,3,1,15,7,6,5,1,1,15,7,1,5,2,4,5,4,5,0,2,5,1,2,16,15
"7064",5,3,1,19,7,6,10,3,1,15,7,6,5,4,0,0,5,1,1,4,5,3,3,20,20
"7065",6,3,2,19,7,6,11,3,1,19,7,6,10,1,1,0,1,0,0,1,1,2,3,21,21
"7066",7,7,2,19,9,12,11,3,2,19,7,6,11,1,4,6,1,6,0,4,6,1,2,25,29
"7067",8,8,2,19,9,12,14,7,2,19,9,12,11,1,0,0,2,3,2,1,3,1,3,26,32
"7068",9,8,2,21,11,12,14,8,2,19,9,12,14,2,2,0,2,0,0,2,2,3,1,28,34
"7069",10,8,2,26,11,17,14,8,2,21,11,12,14,5,5,4,5,4,0,5,5,3,2,33,39
"7070",11,8,6,26,17,17,15,8,2,26,11,17,14,4,0,0,1,6,5,4,6,2,1,37,46
"7071",12,8,6,26,17,17,15,8,6,26,17,17,15,1,5,0,NA,0,0,0,0,0,0,37,46
"7072",0,0,0,0,0,0,0,0,0,0,0,0,0,0,0,0,0,0,0,0,0,0,0,0,0
"7073",1,7,1,3,5,1,1,1,1,1,1,1,1,6,4,2,4,2,0,6,4,1,1,8,4
"7074",2,9,1,3,5,1,6,7,1,3,5,1,1,2,0,0,5,4,5,2,5,1,3,10,9
"7075",3,14,1,3,9,1,6,9,1,3,5,1,6,4,5,0,4,0,0,5,4,1,1,15,13
"7076",4,14,6,3,9,3,12,14,1,3,9,1,6,5,6,2,6,2,0,5,6,2,3,20,21
"7077",5,16,6,3,9,3,17,14,6,3,9,3,12,2,0,0,5,3,2,2,5,1,3,22,26
"7078",6,19,6,3,9,3,19,16,6,3,9,3,17,3,2,0,2,0,0,3,2,1,3,25,28
"7079",7,24,6,3,9,6,19,19,6,3,9,3,19,5,3,1,3,1,0,5,3,1,2,30,31
"7080",8,24,7,3,9,11,19,24,6,3,9,6,19,1,0,0,5,2,3,1,5,2,2,31,36
"7081",9,27,7,3,9,11,21,24,7,3,9,11,19,2,3,0,2,0,0,3,2,1,3,34,38
"7082",10,36,7,3,9,1,24,27,7,3,9,11,21,1,6,3,1,3,0,6,3,1,3,43,31
"7083",11,36,1,3,13,1,30,36,7,3,9,1,24,1,0,0,6,4,2,1,6,2,3,37,41
"7084",12,36,1,3,13,1,30,36,1,3,13,1,30,4,2,0,NA,0,0,0,0,0,0,37,41
"7085",0,0,0,0,0,0,0,0,0,0,0,0,0,0,0,0,0,0,0,0,0,0,0,0,0
"7086",1,6,1,1,10,1,1,1,1,1,1,1,1,6,5,3,6,3,0,5,6,1,1,5,9
"7087",2,9,1,1,10,7,5,6,1,1,10,1,1,3,0,0,3,6,3,3,6,1,2,8,19
"7088",3,9,1,4,10,10,5,9,1,1,10,7,5,3,3,0,3,0,0,3,3,3,2,11,22
"7089",4,13,1,10,15,10,5,9,1,4,10,10,5,5,6,5,5,5,0,6,5,3,1,21,27
"7090",5,13,1,15,21,10,7,13,1,10,15,10,5,5,0,0,2,6,4,5,6,3,1,26,35
"7091",6,13,1,19,21,10,9,13,1,15,21,10,7,2,4,0,2,0,0,4,2,3,3,30,37
"7092",7,17,1,19,21,15,15,13,1,19,21,10,9,4,6,5,6,5,0,4,6,1,3,34,48
"7093",8,17,1,24,32,15,15,17,1,19,21,15,15,5,0,0,6,6,5,5,6,3,1,39,59
"7094",9,19,7,24,37,15,15,17,1,24,32,15,15,6,5,0,5,0,0,6,5,2,1,47,64
"7095",10,19,9,24,46,21,15,19,7,24,37,15,15,2,6,2,6,2,0,2,6,2,2,49,79
"7096",11,21,9,24,48,22,15,19,9,24,46,21,15,2,0,0,2,4,3,2,2,1,1,51,129
"7097",12,21,9,24,48,22,15,21,9,24,48,22,15,4,3,0,NA,0,0,0,0,0,0,51,129
"7098",0,0,0,0,0,0,0,0,0,0,0,0,0,0,0,0,0,0,0,0,0,0,0,0,0
"7099",1,5,1,1,1,6,1,1,1,1,1,1,1,4,5,3,5,3,0,4,5,1,2,4,5
"7100",2,5,1,4,7,12,5,5,1,1,1,6,1,3,0,0,6,2,1,3,6,3,2,7,21
"7101",3,7,1,4,8,12,5,5,1,4,7,12,5,2,1,0,1,0,0,2,1,1,1,9,22
"7102",4,7,6,4,12,12,5,7,1,4,8,12,5,4,5,3,4,3,0,5,4,2,1,14,26
"7103",5,7,6,7,12,12,9,7,6,4,12,12,5,3,0,0,4,4,2,3,4,3,3,17,30
"7104",6,7,10,7,12,14,9,7,6,7,12,12,9,4,2,0,2,0,0,4,2,2,2,21,32
"7105",7,7,14,7,16,14,9,7,10,7,12,14,9,4,3,4,3,4,0,4,4,2,1,25,36
"7106",8,7,14,10,16,17,9,7,14,7,16,14,9,3,0,0,2,3,3,3,3,3,2,28,39
"7107",9,10,14,10,18,17,9,7,14,10,16,17,9,2,3,0,2,0,0,3,2,1,1,31,41
"7108",10,10,19,10,18,17,12,10,14,10,18,17,9,3,5,2,3,2,0,5,3,2,3,36,44
"7109",11,12,19,10,30,19,12,10,19,10,18,17,12,2,0,0,6,4,3,2,6,1,1,38,58
"7110",12,12,19,10,30,19,12,12,19,10,30,19,12,4,3,0,NA,0,0,0,0,0,0,38,58
"7111",0,0,0,0,0,0,0,0,0,0,0,0,0,0,0,0,0,0,0,0,0,0,0,0,0
"7112",1,1,5,1,1,3,1,1,1,1,1,1,1,4,2,2,2,2,0,4,2,2,2,4,2
"7113",2,1,7,1,4,9,1,1,5,1,1,3,1,2,0,0,6,1,3,2,6,2,2,6,11
"7114",3,1,10,1,5,9,1,1,7,1,4,9,1,1,3,0,1,0,0,3,1,2,1,9,12
"7115",4,4,10,1,8,9,7,1,10,1,5,9,1,6,3,1,6,1,0,3,6,1,3,12,21
"7116",5,4,10,2,14,19,7,4,10,1,8,9,7,1,0,0,5,1,6,1,6,3,2,13,37
"7117",6,4,11,2,19,19,7,4,10,2,14,19,7,5,1,0,5,0,0,1,5,2,1,14,42
"7118",7,8,11,2,21,19,7,4,11,2,19,19,7,4,6,2,6,2,0,4,2,1,1,18,44
"7119",8,14,14,2,21,19,10,8,11,2,21,19,7,6,0,0,4,3,6,6,3,1,3,27,47
"7120",9,20,14,7,25,19,10,14,14,2,21,19,10,4,6,0,4,0,0,6,4,1,1,38,51
"7121",10,20,14,9,26,19,10,20,14,7,25,19,10,2,1,2,1,2,0,2,1,3,1,40,52
"7122",11,22,14,1,32,19,10,20,14,9,26,19,10,2,0,0,5,1,5,2,5,1,1,34,58
"7123",12,22,14,1,32,19,10,22,14,1,32,19,10,1,5,0,NA,0,0,0,0,0,0,34,58
"7124",0,0,0,0,0,0,0,0,0,0,0,0,0,0,0,0,0,0,0,0,0,0,0,0,0
"7125",1,4,1,1,6,1,1,1,1,1,1,1,1,2,5,3,2,5,0,3,5,1,1,3,5
"7126",2,4,3,1,6,6,1,4,1,1,6,1,1,2,0,0,3,2,5,2,5,2,2,5,10
"7127",3,4,6,1,8,6,1,4,3,1,6,6,1,3,2,0,2,0,0,3,2,2,1,8,12
"7128",4,4,7,1,8,10,1,4,6,1,8,6,1,1,1,4,1,4,0,1,4,2,2,9,16
"7129",5,4,8,1,8,10,6,4,7,1,8,10,1,1,0,0,5,2,2,1,5,2,3,10,21
"7130",6,6,8,1,10,10,6,4,8,1,8,10,6,2,2,0,2,0,0,2,2,1,1,12,23
"7131",7,6,8,6,13,10,6,6,8,1,10,10,6,5,3,3,3,3,0,5,3,3,1,17,26
"7132",8,6,8,9,13,14,6,6,8,6,13,10,6,3,0,0,4,2,1,3,4,3,2,20,30
"7133",9,8,8,9,14,14,6,6,8,9,13,14,6,2,1,0,1,0,0,2,1,1,1,22,31
"7134",10,8,8,11,22,14,6,8,8,9,14,14,6,6,2,1,6,1,0,2,6,3,1,24,39
"7135",11,9,8,11,23,14,6,8,8,11,22,14,6,1,0,0,1,2,5,1,1,1,1,25,40
"7136",12,9,8,11,23,14,6,9,8,11,23,14,6,2,5,0,NA,0,0,0,0,0,0,25,40
"7137",0,0,0,0,0,0,0,0,0,0,0,0,0,0,0,0,0,0,0,0,0,0,0,0,0
"7138",1,4,1,1,1,3,1,1,1,1,1,1,1,3,1,2,1,2,0,3,2,1,2,3,2
"7139",2,4,2,1,1,3,4,4,1,1,1,3,1,1,0,0,3,3,1,1,3,2,3,4,5
"7140",3,4,5,1,2,3,4,4,2,1,1,3,4,3,1,0,1,0,0,3,1,2,1,7,6
"7141",4,9,5,1,2,8,10,4,5,1,2,3,4,5,4,6,4,6,0,5,6,1,3,12,17
"7142",5,9,9,1,5,8,10,9,5,1,2,8,10,4,0,0,1,2,3,4,3,2,1,16,20
"7143",6,9,11,1,6,8,10,9,9,1,5,8,10,1,2,0,1,0,0,2,1,2,1,18,21
"7144",7,13,11,1,9,8,10,9,11,1,6,8,10,4,3,1,3,1,0,4,3,1,1,22,24
"7145",8,13,12,1,14,8,16,13,11,1,9,8,10,1,0,0,4,6,6,1,6,2,3,23,35
"7146",9,17,12,1,15,14,16,13,12,1,14,8,16,4,6,0,6,0,0,4,6,1,2,27,42
"7147",10,20,12,1,15,18,22,17,12,1,15,14,16,3,2,6,2,6,0,3,6,1,3,30,52
"7148",11,22,12,1,31,18,22,20,12,1,15,18,22,2,0,0,6,4,1,2,6,1,1,32,68
"7149",12,22,12,1,31,18,22,22,12,1,31,18,22,4,1,0,NA,0,0,0,0,0,0,32,68
"7150",0,0,0,0,0,0,0,0,0,0,0,0,0,0,0,0,0,0,0,0,0,0,0,0,0
"7151",1,3,1,1,3,1,1,1,1,1,1,1,1,2,2,1,2,1,0,2,2,1,1,2,2
"7152",2,3,2,1,3,5,7,3,1,1,3,1,1,1,0,0,3,6,2,1,6,2,3,3,12
"7153",3,3,2,4,3,7,7,3,2,1,3,5,7,3,2,0,2,0,0,3,2,3,2,6,14
"7154",4,3,2,9,8,7,7,3,2,4,3,7,7,5,5,1,5,1,0,5,5,3,1,11,19
"7155",5,4,2,9,8,12,7,3,2,9,8,7,7,1,0,0,4,5,5,1,5,1,2,12,24
"7156",6,4,2,13,8,12,12,4,2,9,8,12,7,4,5,0,5,0,0,4,5,3,3,16,29
"7157",7,10,2,14,8,17,12,4,2,13,8,12,12,1,5,6,1,5,0,6,5,1,2,23,34
"7158",8,11,2,14,8,17,15,10,2,14,8,17,12,1,0,0,3,1,1,1,3,1,3,24,37
"7159",9,11,3,14,9,17,15,11,2,14,8,17,15,1,1,0,1,0,0,1,1,2,1,25,38
"7160",10,11,4,14,13,17,15,11,3,14,9,17,15,1,4,3,4,3,0,1,4,2,1,26,42
"7161",11,14,4,14,18,17,15,11,4,14,13,17,15,3,0,0,5,5,3,3,5,1,1,29,47
"7162",12,14,4,14,18,17,15,14,4,14,18,17,15,5,3,0,NA,0,0,0,0,0,0,29,47
"7163",0,0,0,0,0,0,0,0,0,0,0,0,0,0,0,0,0,0,0,0,0,0,0,0,0
"7164",1,1,2,1,1,5,1,1,1,1,1,1,1,1,4,4,4,4,0,1,4,2,2,1,4
"7165",2,1,2,5,1,11,8,1,2,1,1,5,1,4,0,0,1,6,2,4,6,3,2,5,17
"7166",3,1,3,5,3,11,8,1,2,5,1,11,8,1,2,0,2,0,0,1,2,2,1,6,19
"7167",4,5,3,5,3,11,13,1,3,5,3,11,8,1,5,4,1,5,0,4,5,1,3,10,24
"7168",5,5,4,5,9,15,13,5,3,5,3,11,13,1,0,0,4,6,4,1,6,2,1,11,34
"7169",6,5,8,5,13,15,13,5,4,5,9,15,13,4,4,0,4,0,0,4,4,2,1,15,38
"7170",7,9,8,5,13,16,13,5,8,5,13,15,13,1,4,3,1,3,0,4,1,1,2,19,39
"7171",8,12,8,5,13,19,13,9,8,5,13,16,13,3,0,0,2,3,5,3,3,1,2,22,42
"7172",9,14,8,5,13,19,18,12,8,5,13,19,13,2,5,0,5,0,0,2,5,1,3,24,47
"7173",10,16,8,5,20,19,18,14,8,5,13,19,18,2,6,5,6,5,0,2,6,1,1,26,54
"7174",11,21,8,5,26,23,18,16,8,5,20,19,18,5,0,0,6,4,1,5,6,1,1,31,64
"7175",12,21,8,5,26,23,18,21,8,5,26,23,18,4,1,0,NA,0,0,0,0,0,0,31,64
"7176",0,0,0,0,0,0,0,0,0,0,0,0,0,0,0,0,0,0,0,0,0,0,0,0,0
"7177",1,1,1,3,5,7,1,1,1,1,1,1,1,5,6,2,5,6,0,2,6,3,2,2,10
"7178",2,6,1,3,5,7,6,1,1,3,5,7,1,5,0,0,5,5,5,5,5,1,3,7,15
"7179",3,6,6,3,5,12,6,6,1,3,5,7,6,5,5,0,5,0,0,5,5,2,2,12,20
"7180",4,6,9,3,11,12,8,6,6,3,5,12,6,1,6,3,1,6,0,3,6,2,1,15,28
"7181",5,7,9,3,17,12,10,6,9,3,11,12,8,1,0,0,6,3,1,1,6,1,1,16,36
"7182",6,10,9,3,17,13,10,7,9,3,17,12,10,3,1,0,1,0,0,3,1,1,2,19,37
"7183",7,11,9,3,17,13,14,10,9,3,17,13,10,1,4,3,4,3,0,1,4,1,3,20,41
"7184",8,14,9,3,17,15,14,11,9,3,17,13,14,3,0,0,2,4,3,3,2,1,2,23,43
"7185",9,14,9,6,21,15,14,14,9,3,17,15,14,4,3,0,4,0,0,3,4,3,1,26,47
"7186",10,16,15,6,27,18,14,14,9,6,21,15,14,2,6,6,2,6,0,6,6,2,1,34,56
"7187",11,18,15,6,27,20,14,16,15,6,27,18,14,2,0,0,2,1,5,2,2,1,2,36,58
"7188",12,18,15,6,27,20,14,18,15,6,27,20,14,1,5,0,NA,0,0,0,0,0,0,36,58
"7189",0,0,0,0,0,0,0,0,0,0,0,0,0,0,0,0,0,0,0,0,0,0,0,0,0
"7190",1,2,1,1,1,1,12,1,1,1,1,1,1,1,4,6,4,6,0,1,6,1,3,1,11
"7191",2,2,1,5,7,12,12,2,1,1,1,1,12,4,0,0,6,3,2,4,6,3,2,5,28
"7192",3,4,1,5,10,12,12,2,1,5,7,12,12,3,2,0,3,0,0,2,3,1,1,7,31
"7193",4,4,1,10,13,12,18,4,1,5,10,12,12,6,5,1,6,1,0,5,6,3,3,12,40
"7194",5,5,1,10,13,12,19,4,1,10,13,12,18,1,0,0,1,1,1,1,1,1,3,13,41
"7195",6,6,1,10,14,12,19,5,1,10,13,12,19,1,1,0,1,0,0,1,1,1,1,14,42
"7196",7,8,1,10,14,12,20,6,1,10,14,12,19,1,5,2,1,5,0,2,1,1,3,16,43
"7197",8,13,1,10,17,12,20,8,1,10,14,12,20,5,0,0,3,3,5,5,3,1,1,21,46
"7198",9,16,1,10,17,17,20,13,1,10,17,12,20,3,5,0,5,0,0,3,5,1,2,24,51
"7199",10,20,1,10,17,18,20,16,1,10,17,17,20,4,1,1,1,1,0,4,1,1,2,28,52
"7200",11,21,1,10,22,18,20,20,1,10,17,18,20,1,0,0,5,1,5,1,5,1,1,29,57
"7201",12,21,1,10,22,18,20,21,1,10,22,18,20,1,5,0,NA,0,0,0,0,0,0,29,57
"7202",0,0,0,0,0,0,0,0,0,0,0,0,0,0,0,0,0,0,0,0,0,0,0,0,0
"7203",1,1,1,4,1,4,1,1,1,1,1,1,1,3,3,3,3,3,0,3,3,3,2,3,3
"7204",2,4,1,4,4,4,1,1,1,4,1,4,1,3,0,0,3,2,2,3,3,1,1,6,6
"7205",3,6,1,4,4,4,3,4,1,4,4,4,1,2,2,0,2,0,0,2,2,1,3,8,8
"7206",4,6,7,8,4,7,3,6,1,4,4,4,3,3,3,6,3,3,0,6,3,2,2,18,11
"7207",5,6,10,8,12,7,3,6,7,8,4,7,3,3,0,0,3,6,3,3,6,2,1,21,19
"7208",6,6,10,11,15,7,3,6,10,8,12,7,3,3,3,0,3,0,0,3,3,3,1,24,22
"7209",7,6,10,13,17,7,3,6,10,11,15,7,3,2,1,2,1,2,0,2,2,3,1,26,24
"7210",8,7,10,13,17,12,3,6,10,13,17,7,3,1,0,0,5,5,4,1,5,1,2,27,29
"7211",9,12,10,13,17,16,3,7,10,13,17,12,3,5,4,0,4,0,0,5,4,1,2,32,33
"7212",10,12,11,13,18,22,9,12,10,13,17,16,3,3,1,6,3,6,0,1,6,2,3,33,46
"7213",11,15,11,13,21,22,9,12,11,13,18,22,9,3,0,0,3,5,4,3,3,1,1,36,49
"7214",12,15,11,13,21,22,9,15,11,13,21,22,9,5,4,0,NA,0,0,0,0,0,0,36,49
"7215",0,0,0,0,0,0,0,0,0,0,0,0,0,0,0,0,0,0,0,0,0,0,0,0,0
"7216",1,1,6,1,1,6,1,1,1,1,1,1,1,5,5,3,5,3,0,5,5,2,2,5,5
"7217",2,1,6,4,1,7,1,1,6,1,1,6,1,3,0,0,1,1,1,3,1,3,2,8,6
"7218",3,1,6,5,1,7,2,1,6,4,1,7,1,1,1,0,1,0,0,1,1,3,3,9,7
"7219",4,1,6,9,1,7,5,1,6,5,1,7,2,3,4,1,3,1,0,4,3,3,3,13,10
"7220",5,2,6,9,1,7,9,1,6,9,1,7,5,1,0,0,1,4,3,1,4,1,3,14,14
"7221",6,2,9,9,1,7,10,2,6,9,1,7,9,1,3,0,1,0,0,3,1,2,3,17,15
"7222",7,7,9,9,4,7,10,2,9,9,1,7,10,2,3,5,2,3,0,5,3,1,1,22,18
"7223",8,9,9,9,10,7,11,7,9,9,4,7,10,2,0,0,3,6,2,2,6,1,1,24,25
"7224",9,11,9,9,10,10,11,9,9,9,10,7,11,3,2,0,3,0,0,2,3,1,2,26,28
"7225",10,11,9,13,12,10,11,11,9,9,10,10,11,4,2,1,2,1,0,4,2,3,1,30,30
"7226",11,11,9,14,23,10,11,11,9,13,12,10,11,1,0,0,5,6,4,1,6,3,1,31,41
"7227",12,11,9,14,23,10,11,11,9,14,23,10,11,5,4,0,NA,0,0,0,0,0,0,31,41
"7228",0,0,0,0,0,0,0,0,0,0,0,0,0,0,0,0,0,0,0,0,0,0,0,0,0
"7229",1,1,5,1,3,7,1,1,1,1,1,1,1,1,6,4,1,6,0,4,6,2,2,4,8
"7230",2,2,5,1,3,8,7,1,5,1,3,7,1,1,0,0,2,4,6,1,6,1,3,5,15
"7231",3,2,5,5,5,8,7,2,5,1,3,8,7,2,4,0,2,0,0,4,2,3,1,9,17
"7232",4,8,7,5,5,8,12,2,5,5,5,8,7,6,5,1,5,1,0,6,5,1,3,17,22
"7233",5,8,8,5,9,8,12,8,7,5,5,8,12,1,0,0,4,1,2,1,4,2,1,18,26
"7234",6,8,9,5,9,10,12,8,8,5,9,8,12,1,2,0,2,0,0,1,2,2,2,19,28
"7235",7,8,11,5,9,10,17,8,9,5,9,10,12,2,2,5,2,5,0,2,5,2,3,21,33
"7236",8,10,11,5,13,10,17,8,11,5,9,10,17,2,0,0,3,4,4,2,4,1,1,23,37
"7237",9,14,11,5,16,10,17,10,11,5,13,10,17,3,4,0,3,0,0,4,3,1,1,27,40
"7238",10,14,11,8,16,10,22,14,11,5,16,10,17,5,5,3,5,5,0,3,5,3,3,30,45
"7239",11,14,11,13,20,10,22,14,11,8,16,10,22,5,0,0,4,5,1,5,4,3,1,35,49
"7240",12,14,11,13,20,10,22,14,11,13,20,10,22,5,1,0,NA,0,0,0,0,0,0,35,49
"7241",0,0,0,0,0,0,0,0,0,0,0,0,0,0,0,0,0,0,0,0,0,0,0,0,0
"7242",1,1,3,1,1,1,4,1,1,1,1,1,1,2,4,3,4,3,0,2,3,2,3,2,3
"7243",2,5,3,1,3,1,4,1,3,1,1,1,4,4,0,0,1,2,3,4,2,1,1,6,5
"7244",3,5,4,1,3,1,7,5,3,1,3,1,4,1,3,0,3,0,0,1,3,2,3,7,8
"7245",4,10,4,1,6,7,13,5,4,1,3,1,7,3,6,5,3,6,0,5,6,1,2,12,23
"7246",5,13,4,1,12,9,13,10,4,1,6,7,13,3,0,0,1,6,4,3,6,1,1,15,31
"7247",6,17,4,1,12,9,14,13,4,1,12,9,13,1,4,0,1,0,0,4,1,1,3,19,32
"7248",7,23,4,6,12,11,20,17,4,1,12,9,14,2,6,6,2,6,0,6,6,1,3,30,40
"7249",8,25,4,6,15,11,20,23,4,6,12,11,20,2,0,0,5,3,2,2,3,1,1,32,43
"7250",9,27,4,6,15,16,20,25,4,6,15,11,20,5,2,0,5,0,0,2,5,1,2,34,48
"7251",10,31,4,6,24,16,20,27,4,6,15,16,20,2,6,4,2,6,0,4,6,1,1,38,57
"7252",11,31,4,8,24,16,25,31,4,6,24,16,20,2,0,0,5,1,6,2,5,3,3,40,62
"7253",12,31,4,8,24,16,25,31,4,8,24,16,25,1,6,0,NA,0,0,0,0,0,0,40,62
"7254",0,0,0,0,0,0,0,0,0,0,0,0,0,0,0,0,0,0,0,0,0,0,0,0,0
"7255",1,12,1,1,6,1,1,1,1,1,1,1,1,1,6,5,1,5,0,6,5,1,1,11,5
"7256",2,12,2,1,6,1,4,12,1,1,6,1,1,1,0,0,3,3,3,1,3,2,3,12,8
"7257",3,12,2,4,6,4,4,12,2,1,6,1,4,3,3,0,3,0,0,3,3,3,2,15,11
"7258",4,14,2,4,10,4,4,12,2,4,6,4,4,4,2,3,4,3,0,2,4,1,1,17,15
"7259",5,17,2,4,10,4,8,14,2,4,10,4,4,3,0,0,4,3,3,3,4,1,3,20,19
"7260",6,20,2,4,10,4,11,17,2,4,10,4,8,3,3,0,3,0,0,3,3,1,3,23,22
"7261",7,32,7,4,1,5,11,20,2,4,10,4,11,5,4,6,5,4,0,6,4,1,2,40,14
"7262",8,1,7,9,14,11,17,32,7,4,1,5,11,5,0,0,4,3,6,5,6,3,1,14,39
"7263",9,5,7,9,17,11,17,1,7,9,14,11,17,4,3,0,3,0,0,4,3,1,1,18,42
"7264",10,7,7,9,22,11,17,5,7,9,17,11,17,2,5,4,5,4,0,2,5,1,1,20,47
"7265",11,11,7,9,27,11,17,7,7,9,22,11,17,4,0,0,5,6,3,4,5,1,1,24,52
"7266",12,11,7,9,27,11,17,11,7,9,27,11,17,6,3,0,NA,0,0,0,0,0,0,24,52
"7267",0,0,0,0,0,0,0,0,0,0,0,0,0,0,0,0,0,0,0,0,0,0,0,0,0
"7268",1,1,1,5,1,8,1,1,1,1,1,1,1,2,6,4,2,6,0,4,6,3,2,4,7
"7269",2,3,1,5,6,8,1,1,1,5,1,8,1,2,0,0,5,4,1,2,5,1,1,6,12
"7270",3,3,5,5,6,9,1,3,1,5,6,8,1,4,1,0,1,0,0,4,1,2,2,10,13
"7271",4,3,5,8,6,12,1,3,5,5,6,9,1,3,1,3,1,3,0,3,3,3,2,13,16
"7272",5,3,5,9,11,12,1,3,5,8,6,12,1,1,0,0,3,5,1,1,5,3,1,14,21
"7273",6,6,5,9,11,13,1,3,5,9,11,12,1,3,1,0,1,0,0,3,1,1,2,17,22
"7274",7,6,5,10,11,13,5,6,5,9,11,13,1,1,4,4,4,4,0,1,4,3,3,18,26
"7275",8,6,5,14,17,13,12,6,5,10,11,13,5,4,0,0,6,1,6,4,6,3,1,22,39
"7276",9,15,5,14,17,13,13,6,5,14,17,13,12,1,6,0,1,0,0,6,1,1,3,31,40
"7277",10,20,5,14,20,19,19,15,5,14,17,13,13,6,5,2,6,2,0,5,6,1,2,36,55
"7278",11,22,5,14,23,19,19,20,5,14,20,19,19,2,0,0,3,2,1,2,3,1,1,38,58
"7279",12,22,5,14,23,19,19,22,5,14,23,19,19,2,1,0,NA,0,0,0,0,0,0,38,58
"7280",0,0,0,0,0,0,0,0,0,0,0,0,0,0,0,0,0,0,0,0,0,0,0,0,0
"7281",1,1,4,7,1,1,3,1,1,1,1,1,1,2,6,2,2,2,0,6,2,3,3,9,2
"7282",2,3,4,7,1,4,3,1,4,7,1,1,3,2,0,0,3,2,2,2,3,1,2,11,5
"7283",3,3,6,7,1,4,5,3,4,7,1,4,3,2,2,0,2,0,0,2,2,2,3,13,7
"7284",4,3,6,10,1,9,5,3,6,7,1,4,5,5,3,3,5,3,0,3,5,3,2,16,12
"7285",5,3,9,10,1,12,5,3,6,10,1,9,5,3,0,0,4,3,4,3,3,2,2,19,15
"7286",6,3,9,14,1,16,5,3,9,10,1,12,5,4,4,0,4,0,0,4,4,3,2,23,19
"7287",7,8,9,20,1,20,5,3,9,14,1,16,5,1,6,4,1,4,0,6,4,3,2,34,23
"7288",8,8,9,21,1,25,5,8,9,20,1,20,5,1,0,0,5,1,6,1,5,3,2,35,28
"7289",9,18,15,21,2,25,5,8,9,21,1,25,5,1,6,0,1,0,0,6,1,2,1,51,29
"7290",10,18,16,21,2,34,5,18,15,21,2,25,5,1,5,6,5,6,0,1,6,2,2,52,38
"7291",11,23,1,21,7,38,5,18,16,21,2,34,5,5,0,0,6,4,3,5,4,1,2,42,47
"7292",12,23,1,21,7,38,5,23,1,21,7,38,5,6,3,0,NA,0,0,0,0,0,0,42,47
"7293",0,0,0,0,0,0,0,0,0,0,0,0,0,0,0,0,0,0,0,0,0,0,0,0,0
"7294",1,1,3,1,2,7,1,1,1,1,1,1,1,1,2,6,1,6,0,2,6,2,2,2,7
"7295",2,1,3,2,2,7,5,1,3,1,2,7,1,1,0,0,4,2,1,1,4,3,3,3,11
"7296",3,1,5,2,2,7,6,1,3,2,2,7,5,2,1,0,1,0,0,2,1,2,3,5,12
"7297",4,7,5,4,6,7,6,1,5,2,2,7,6,2,4,6,2,4,0,6,4,1,1,13,16
"7298",5,7,5,6,6,9,6,7,5,4,6,7,6,2,0,0,1,2,3,2,2,3,2,15,18
"7299",6,7,8,6,6,9,7,7,5,6,6,9,6,1,3,0,1,0,0,3,1,2,3,18,19
"7300",7,7,8,10,6,13,7,7,8,6,6,9,7,4,3,4,3,4,0,4,4,3,2,22,23
"7301",8,7,8,13,6,13,12,7,8,10,6,13,7,3,0,0,2,5,5,3,5,3,3,25,28
"7302",9,7,13,13,6,13,14,7,8,13,6,13,12,2,5,0,2,0,0,5,2,2,3,30,30
"7303",10,13,15,13,6,13,18,7,13,13,6,13,14,6,4,2,4,2,0,6,4,1,3,38,34
"7304",11,13,17,13,11,13,18,13,15,13,6,13,18,2,0,0,5,6,5,2,5,2,1,40,39
"7305",12,13,17,13,11,13,18,13,17,13,11,13,18,6,5,0,NA,0,0,0,0,0,0,40,39
"7306",0,0,0,0,0,0,0,0,0,0,0,0,0,0,0,0,0,0,0,0,0,0,0,0,0
"7307",1,1,2,1,1,1,12,1,1,1,1,1,1,1,1,6,1,6,0,1,6,2,3,1,11
"7308",2,1,2,2,1,1,15,1,2,1,1,1,12,1,0,0,3,5,1,1,3,3,3,2,14
"7309",3,6,2,2,1,2,15,1,2,2,1,1,15,5,1,0,1,0,0,5,1,1,2,7,15
"7310",4,6,2,3,5,2,15,6,2,2,1,2,15,4,1,1,4,1,0,1,4,3,1,8,19
"7311",5,6,2,4,17,2,17,6,2,3,5,2,15,1,0,0,5,6,3,1,6,3,1,9,33
"7312",6,6,2,7,17,7,17,6,2,4,17,2,17,5,3,0,5,0,0,3,5,3,2,12,38
"7313",7,6,2,9,17,12,17,6,2,7,17,7,17,3,5,2,3,5,0,2,5,3,2,14,43
"7314",8,9,2,9,17,14,23,6,2,9,17,12,17,3,0,0,6,1,5,3,6,1,3,17,51
"7315",9,14,2,9,17,15,23,9,2,9,17,14,23,1,5,0,1,0,0,5,1,1,2,22,52
"7316",10,18,2,15,17,16,23,14,2,9,17,15,23,1,2,6,1,2,0,6,1,3,2,32,53
"7317",11,20,2,15,20,16,23,18,2,15,17,16,23,2,0,0,3,5,1,2,3,1,1,34,56
"7318",12,20,2,15,20,16,23,20,2,15,20,16,23,5,1,0,NA,0,0,0,0,0,0,34,56
"7319",0,0,0,0,0,0,0,0,0,0,0,0,0,0,0,0,0,0,0,0,0,0,0,0,0
"7320",1,1,1,3,6,1,1,1,1,1,1,1,1,1,2,5,1,5,0,2,5,3,1,2,5
"7321",2,1,2,3,8,1,7,1,1,3,6,1,1,1,0,0,4,6,6,1,6,2,3,3,13
"7322",3,13,3,3,8,1,11,1,2,3,8,1,7,4,6,0,4,0,0,6,4,1,3,16,17
"7323",4,16,3,3,8,3,11,13,3,3,8,1,11,2,3,1,2,1,0,3,2,1,2,19,19
"7324",5,16,3,4,13,3,11,16,3,3,8,3,11,1,0,0,5,1,2,1,5,3,1,20,24
"7325",6,16,3,5,13,3,13,16,3,4,13,3,11,1,2,0,2,0,0,1,2,3,3,21,26
"7326",7,16,3,10,13,9,16,16,3,5,13,3,13,5,6,4,6,4,0,5,6,3,2,26,35
"7327",8,20,3,10,19,13,16,16,3,10,13,9,16,4,0,0,6,5,2,4,6,1,1,30,45
"7328",9,25,3,10,19,13,18,20,3,10,19,13,16,5,2,0,2,0,0,5,2,1,3,35,47
"7329",10,30,3,10,19,15,18,25,3,10,19,13,18,2,5,2,2,2,0,5,2,1,2,40,49
"7330",11,32,3,10,22,21,18,30,3,10,19,15,18,2,0,0,6,6,5,2,6,1,2,42,58
"7331",12,32,3,10,22,21,18,32,3,10,22,21,18,6,5,0,NA,0,0,0,0,0,0,42,58
"7332",0,0,0,0,0,0,0,0,0,0,0,0,0,0,0,0,0,0,0,0,0,0,0,0,0
"7333",1,1,1,6,1,5,7,1,1,1,1,1,1,2,6,5,2,6,0,5,6,3,3,5,10
"7334",2,1,3,6,5,5,7,1,1,6,1,5,7,2,0,0,4,3,1,2,4,2,1,7,14
"7335",3,1,6,6,6,5,7,1,3,6,5,5,7,3,1,0,1,0,0,3,1,2,1,10,15
"7336",4,2,6,6,13,11,7,1,6,6,6,5,7,6,5,1,6,5,0,1,6,1,2,11,28
"7337",5,2,11,6,13,17,13,2,6,6,13,11,7,5,0,0,6,4,3,5,6,2,2,16,40
"7338",6,2,11,9,13,17,17,2,11,6,13,17,13,4,3,0,4,0,0,3,4,3,3,19,44
"7339",7,2,15,9,19,17,19,2,11,9,13,17,17,2,6,4,2,6,0,4,6,2,1,23,52
"7340",8,2,17,9,19,17,23,2,15,9,19,17,19,2,0,0,2,4,5,2,4,2,3,25,56
"7341",9,2,17,11,19,22,23,2,17,9,19,17,23,2,5,0,5,0,0,2,5,3,2,27,61
"7342",10,2,19,11,19,26,23,2,17,11,19,22,23,2,4,5,4,5,0,2,4,2,2,29,65
"7343",11,7,19,11,22,26,23,2,19,11,19,26,23,5,0,0,3,6,4,5,3,1,1,34,68
"7344",12,7,19,11,22,26,23,7,19,11,22,26,23,6,4,0,NA,0,0,0,0,0,0,34,68
"7345",0,0,0,0,0,0,0,0,0,0,0,0,0,0,0,0,0,0,0,0,0,0,0,0,0
"7346",1,1,1,6,4,1,1,1,1,1,1,1,1,5,1,3,1,3,0,5,3,3,1,5,3
"7347",2,1,1,7,4,4,1,1,1,6,4,1,1,1,0,0,1,3,2,1,3,3,2,6,6
"7348",3,1,3,7,5,4,1,1,1,7,4,4,1,1,2,0,1,0,0,2,1,2,1,8,7
"7349",4,4,3,7,5,4,4,1,3,7,5,4,1,3,3,4,3,4,0,3,3,1,3,11,10
"7350",5,4,3,11,5,4,12,4,3,7,5,4,4,4,0,0,2,2,6,4,6,3,3,15,18
"7351",6,6,3,11,7,4,12,4,3,11,5,4,12,2,2,0,2,0,0,2,2,1,1,17,20
"7352",7,11,9,11,11,4,12,6,3,11,7,4,12,1,4,6,1,4,0,6,4,2,1,28,24
"7353",8,12,9,11,11,4,15,11,9,11,11,4,12,1,0,0,1,3,2,1,3,1,3,29,27
"7354",9,12,10,11,11,4,17,12,9,11,11,4,15,1,2,0,2,0,0,1,2,2,3,30,29
"7355",10,12,10,20,14,4,17,12,10,11,11,4,17,1,6,3,1,3,0,6,3,3,1,39,32
"7356",11,12,11,20,14,5,23,12,10,20,14,4,17,1,0,0,6,6,2,1,6,2,3,40,39
"7357",12,12,11,20,14,5,23,12,11,20,14,5,23,6,2,0,NA,0,0,0,0,0,0,40,39
"7358",0,0,0,0,0,0,0,0,0,0,0,0,0,0,0,0,0,0,0,0,0,0,0,0,0
"7359",1,5,1,1,1,1,4,1,1,1,1,1,1,1,3,4,1,3,0,4,3,1,3,4,3
"7360",2,5,2,1,2,1,4,5,1,1,1,1,4,1,0,0,2,1,1,1,1,2,1,5,4
"7361",3,5,2,3,2,1,5,5,2,1,2,1,4,2,1,0,1,0,0,2,1,3,3,7,5
"7362",4,9,2,3,7,1,5,5,2,3,2,1,5,3,5,4,3,5,0,4,5,1,1,11,10
"7363",5,9,2,6,7,1,10,9,2,3,7,1,5,3,0,0,2,4,5,3,5,3,3,14,15
"7364",6,9,6,6,9,1,10,9,2,6,7,1,10,2,4,0,2,0,0,4,2,2,1,18,17
"7365",7,9,6,8,11,1,10,9,6,6,9,1,10,2,1,2,1,2,0,2,2,3,1,20,19
"7366",8,10,6,8,11,1,15,9,6,8,11,1,10,1,0,0,3,2,5,1,5,1,3,21,24
"7367",9,10,8,8,14,1,15,10,6,8,11,1,15,3,2,0,3,0,0,2,3,2,1,23,27
"7368",10,11,8,8,14,2,15,10,8,8,14,1,15,1,1,1,1,1,0,1,1,1,2,24,28
"7369",11,12,8,8,17,2,15,11,8,8,14,2,15,1,0,0,3,2,5,1,3,1,1,25,31
"7370",12,12,8,8,17,2,15,12,8,8,17,2,15,2,5,0,NA,0,0,0,0,0,0,25,31
"7371",0,0,0,0,0,0,0,0,0,0,0,0,0,0,0,0,0,0,0,0,0,0,0,0,0
"7372",1,7,4,1,1,5,1,1,1,1,1,1,1,6,4,3,4,3,0,6,4,1,2,9,4
"7373",2,7,4,4,7,11,6,7,4,1,1,5,1,3,0,0,4,5,6,3,6,3,1,12,21
"7374",3,7,9,4,7,15,6,7,4,4,7,11,6,4,5,0,4,0,0,5,4,2,2,17,25
"7375",4,7,9,15,7,17,6,7,9,4,7,15,6,1,6,2,1,2,0,6,2,3,2,28,27
"7376",5,7,10,15,7,23,8,7,9,15,7,17,6,1,0,0,5,6,6,1,6,2,2,29,35
"7377",6,13,11,15,7,23,13,7,10,15,7,23,8,5,6,0,5,0,0,6,5,1,3,36,40
"7378",7,16,11,15,7,28,13,13,11,15,7,23,13,3,5,2,5,2,0,3,5,1,2,39,45
"7379",8,18,11,15,12,28,13,16,11,15,7,28,13,2,0,0,2,5,2,2,5,1,1,41,50
"7380",9,20,11,15,14,28,13,18,11,15,12,28,13,2,2,0,2,0,0,2,2,1,1,43,52
"7381",10,25,11,15,14,32,13,20,11,15,14,28,13,5,4,1,4,1,0,5,4,1,2,48,56
"7382",11,26,11,15,17,32,13,25,11,15,14,32,13,1,0,0,3,1,5,1,3,1,1,49,59
"7383",12,26,11,15,17,32,13,26,11,15,17,32,13,1,5,0,NA,0,0,0,0,0,0,49,59
"7384",0,0,0,0,0,0,0,0,0,0,0,0,0,0,0,0,0,0,0,0,0,0,0,0,0
"7385",1,4,1,1,5,1,1,1,1,1,1,1,1,4,4,3,4,4,0,3,4,1,1,3,4
"7386",2,8,1,1,12,1,1,4,1,1,5,1,1,4,0,0,1,4,6,4,6,1,1,7,11
"7387",3,12,1,1,13,1,1,8,1,1,12,1,1,1,4,0,1,0,0,4,1,1,1,11,12
"7388",4,12,1,2,16,1,1,12,1,1,13,1,1,2,1,3,2,3,0,1,3,3,1,12,15
"7389",5,14,1,2,16,1,12,12,1,2,16,1,1,2,0,0,2,4,6,2,6,1,3,14,26
"7390",6,14,3,2,20,1,12,14,1,2,16,1,12,2,4,0,4,0,0,2,4,2,1,16,30
"7391",7,15,3,2,20,12,12,14,3,2,20,1,12,1,6,6,6,6,0,1,6,1,2,17,41
"7392",8,22,3,2,20,12,17,15,3,2,20,12,12,6,0,0,4,2,5,6,5,1,3,24,46
"7393",9,26,3,2,20,14,17,22,3,2,20,12,17,4,2,0,2,0,0,4,2,1,2,28,48
"7394",10,26,3,3,20,16,17,26,3,2,20,14,17,1,2,3,2,3,0,1,2,3,2,29,50
"7395",11,26,3,6,21,22,17,26,3,3,20,16,17,3,0,0,6,3,1,3,6,3,2,32,57
"7396",12,26,3,6,21,22,17,26,3,6,21,22,17,3,1,0,NA,0,0,0,0,0,0,32,57
"7397",0,0,0,0,0,0,0,0,0,0,0,0,0,0,0,0,0,0,0,0,0,0,0,0,0
"7398",1,2,1,1,3,1,1,1,1,1,1,1,1,1,2,3,2,3,0,1,2,1,1,1,2
"7399",2,5,1,1,8,1,1,2,1,1,3,1,1,3,0,0,3,5,5,3,5,1,1,4,7
"7400",3,5,4,1,8,6,1,5,1,1,8,1,1,3,5,0,5,0,0,3,5,2,2,7,12
"7401",4,5,9,1,10,6,1,5,4,1,8,6,1,1,5,2,1,2,0,5,2,2,1,12,14
"7402",5,6,9,1,10,6,5,5,9,1,10,6,1,1,0,0,1,1,4,1,4,1,3,13,18
"7403",6,7,9,1,10,7,5,6,9,1,10,6,5,1,1,0,1,0,0,1,1,1,2,14,19
"7404",7,11,9,1,10,7,7,7,9,1,10,7,5,1,4,2,1,2,0,4,2,1,3,18,21
"7405",8,12,9,1,10,13,8,11,9,1,10,7,7,1,0,0,6,1,6,1,6,1,2,19,28
"7406",9,12,15,5,10,13,9,12,9,1,10,13,8,1,6,0,1,0,0,6,1,2,3,29,29
"7407",10,17,15,5,14,13,9,12,15,5,10,13,9,1,5,4,1,4,0,5,4,1,1,34,33
"7408",11,17,15,6,20,13,14,17,15,5,14,13,9,1,0,0,3,1,6,1,6,3,1,35,44
"7409",12,17,15,6,20,13,14,17,15,6,20,13,14,3,1,0,NA,0,0,0,0,0,0,35,44
"7410",0,0,0,0,0,0,0,0,0,0,0,0,0,0,0,0,0,0,0,0,0,0,0,0,0
"7411",1,1,1,5,1,1,4,1,1,1,1,1,1,1,3,4,1,3,0,4,3,3,3,4,3
"7412",2,1,1,6,1,1,6,1,1,5,1,1,4,1,0,0,2,1,1,1,2,3,3,5,5
"7413",3,1,2,6,2,1,6,1,1,6,1,1,6,1,1,0,1,0,0,1,1,2,1,6,6
"7414",4,1,7,6,7,1,6,1,2,6,2,1,6,5,5,3,5,3,0,5,5,2,1,11,11
"7415",5,1,7,9,7,1,11,1,7,6,7,1,6,3,0,0,2,6,5,3,5,3,3,14,16
"7416",6,7,11,9,7,1,13,1,7,9,7,1,11,2,6,0,2,0,0,6,2,1,3,24,18
"7417",7,7,11,14,10,1,19,7,11,9,7,1,13,4,5,6,4,6,0,5,6,3,3,29,27
"7418",8,11,11,14,10,1,24,7,11,14,10,1,19,4,0,0,5,2,1,4,5,1,3,33,32
"7419",9,11,13,14,11,1,24,11,11,14,10,1,24,2,1,0,1,0,0,2,1,2,1,35,33
"7420",10,14,13,14,11,1,27,11,13,14,11,1,24,3,3,3,3,3,0,3,3,1,3,38,36
"7421",11,17,13,14,14,1,33,14,13,14,11,1,27,3,0,0,4,2,6,3,6,1,3,41,45
"7422",12,17,13,14,14,1,33,17,13,14,14,1,33,4,2,0,NA,0,0,0,0,0,0,41,45
"7423",0,0,0,0,0,0,0,0,0,0,0,0,0,0,0,0,0,0,0,0,0,0,0,0,0
"7424",1,1,5,1,12,1,1,1,1,1,1,1,1,6,4,3,6,3,0,4,6,2,1,4,11
"7425",2,4,5,1,12,1,5,1,5,1,12,1,1,3,0,0,1,4,3,3,4,1,3,7,15
"7426",3,5,5,1,12,4,5,4,5,1,12,1,5,1,3,0,3,0,0,1,3,1,2,8,18
"7427",4,5,9,1,12,4,10,5,5,1,12,4,5,5,4,4,5,4,0,4,5,2,3,12,23
"7428",5,9,9,1,12,5,10,5,9,1,12,4,10,4,0,0,3,2,1,4,1,1,2,16,24
"7429",6,12,9,1,14,5,10,9,9,1,12,5,10,3,2,0,2,0,0,3,2,1,1,19,26
"7430",7,12,17,1,14,5,12,12,9,1,14,5,10,6,1,2,1,2,0,6,2,2,3,27,28
"7431",8,12,17,2,16,11,12,12,17,1,14,5,12,1,0,0,6,2,1,1,6,3,2,28,36
"7432",9,14,17,2,16,12,12,12,17,2,16,11,12,2,1,0,1,0,0,2,1,1,2,30,37
"7433",10,17,17,2,16,12,15,14,17,2,16,12,12,3,2,3,2,3,0,3,3,1,3,33,40
"7434",11,17,19,2,22,17,15,17,17,2,16,12,15,2,0,0,6,2,4,2,6,2,1,35,51
"7435",12,17,19,2,22,17,15,17,19,2,22,17,15,2,4,0,NA,0,0,0,0,0,0,35,51
"7436",0,0,0,0,0,0,0,0,0,0,0,0,0,0,0,0,0,0,0,0,0,0,0,0,0
"7437",1,1,1,2,1,1,3,1,1,1,1,1,1,1,2,2,2,2,0,1,2,3,3,1,2
"7438",2,1,1,4,6,1,3,1,1,2,1,1,3,2,0,0,3,5,3,2,5,3,1,3,7
"7439",3,4,1,4,9,1,3,1,1,4,6,1,3,3,3,0,3,0,0,3,3,1,1,6,10
"7440",4,8,7,4,9,5,3,4,1,4,9,1,3,4,1,6,4,1,0,6,4,2,2,16,14
"7441",5,8,7,5,9,5,5,8,7,4,9,5,3,1,0,0,3,3,2,1,2,3,3,17,16
"7442",6,11,7,5,9,8,5,8,7,5,9,5,5,3,3,0,3,0,0,3,3,1,2,20,19
"7443",7,16,7,5,9,8,10,11,7,5,9,8,5,4,5,5,4,5,0,5,5,1,3,25,24
"7444",8,20,7,5,15,11,16,16,7,5,9,8,10,4,0,0,5,6,2,4,6,1,3,29,39
"7445",9,22,7,5,15,11,21,20,7,5,15,11,16,5,2,0,5,0,0,2,5,1,3,31,44
"7446",10,26,7,5,15,14,21,22,7,5,15,11,21,4,3,4,3,4,0,4,3,1,2,35,47
"7447",11,30,7,5,16,14,21,26,7,5,15,14,21,4,0,0,1,3,5,4,1,1,1,39,48
"7448",12,30,7,5,16,14,21,30,7,5,16,14,21,3,5,0,NA,0,0,0,0,0,0,39,48
"7449",0,0,0,0,0,0,0,0,0,0,0,0,0,0,0,0,0,0,0,0,0,0,0,0,0
"7450",1,1,9,1,1,4,1,1,1,1,1,1,1,2,3,6,2,3,0,6,3,2,2,8,3
"7451",2,1,11,1,1,4,6,1,9,1,1,4,1,2,0,0,4,5,5,2,5,2,3,10,8
"7452",3,6,11,1,1,4,10,1,11,1,1,4,6,4,5,0,4,0,0,5,4,1,3,15,12
"7453",4,9,11,1,5,4,10,6,11,1,1,4,10,3,3,4,3,4,0,3,4,1,1,18,16
"7454",5,12,11,1,11,7,10,9,11,1,5,4,10,3,0,0,6,1,2,3,6,1,1,21,25
"7455",6,13,11,1,11,7,12,12,11,1,11,7,10,1,2,0,2,0,0,1,2,1,3,22,27
"7456",7,21,11,1,11,9,12,13,11,1,11,7,12,2,6,1,2,1,0,6,2,1,2,30,29
"7457",8,21,11,2,11,9,16,21,11,1,11,9,12,1,0,0,3,4,4,1,4,3,3,31,33
"7458",9,24,11,2,15,9,16,21,11,2,11,9,16,3,4,0,4,0,0,3,4,1,1,34,37
"7459",10,24,16,2,21,12,16,24,11,2,15,9,16,2,6,5,2,6,0,5,6,2,1,39,46
"7460",11,26,16,1,24,16,16,24,16,2,21,12,16,2,0,0,3,2,5,2,3,1,1,40,53
"7461",12,26,16,1,24,16,16,26,16,1,24,16,16,2,5,0,NA,0,0,0,0,0,0,40,53
"7462",0,0,0,0,0,0,0,0,0,0,0,0,0,0,0,0,0,0,0,0,0,0,0,0,0
"7463",1,1,3,1,1,1,5,1,1,1,1,1,1,3,2,4,3,4,0,2,4,2,3,2,4
"7464",2,4,3,1,1,5,5,1,3,1,1,1,5,3,0,0,2,4,5,3,4,1,2,5,8
"7465",3,4,8,1,1,5,7,4,3,1,1,5,5,2,5,0,2,0,0,5,2,2,3,10,10
"7466",4,4,14,2,1,8,7,4,8,1,1,5,7,2,3,6,2,3,0,6,3,2,2,17,13
"7467",5,4,14,4,1,13,7,4,14,2,1,8,7,2,0,0,2,5,5,2,5,3,2,19,18
"7468",6,4,19,4,1,15,7,4,14,4,1,13,7,2,5,0,2,0,0,5,2,2,2,24,20
"7469",7,5,19,4,1,18,7,4,19,4,1,15,7,2,3,1,2,3,0,1,3,1,2,25,23
"7470",8,5,19,6,7,24,12,5,19,4,1,18,7,2,0,0,6,3,6,2,6,3,2,27,40
"7471",9,5,22,6,7,24,23,5,19,6,7,24,12,3,6,0,6,0,0,3,6,2,3,30,51
"7472",10,9,22,6,7,24,27,5,22,6,7,24,23,4,4,5,4,5,0,4,4,1,3,34,55
"7473",11,14,22,6,14,24,27,9,22,6,7,24,27,5,0,0,3,6,3,5,6,1,1,39,62
"7474",12,14,22,6,14,24,27,14,22,6,14,24,27,3,3,0,NA,0,0,0,0,0,0,39,62
"7475",0,0,0,0,0,0,0,0,0,0,0,0,0,0,0,0,0,0,0,0,0,0,0,0,0
"7476",1,1,5,1,6,1,1,1,1,1,1,1,1,4,4,5,4,5,0,4,5,2,1,4,5
"7477",2,1,5,5,6,7,6,1,5,1,6,1,1,4,0,0,2,6,1,4,6,3,2,8,16
"7478",3,1,7,5,7,7,6,1,5,5,6,7,6,2,1,0,1,0,0,2,1,2,1,10,17
"7479",4,5,7,11,10,7,6,1,7,5,7,7,6,6,1,3,1,3,0,6,3,3,1,20,20
"7480",5,5,7,12,10,7,10,5,7,11,10,7,6,1,0,0,3,4,2,1,4,3,3,21,24
"7481",6,5,7,15,10,9,10,5,7,12,10,7,10,3,2,0,2,0,0,3,2,3,2,24,26
"7482",7,5,8,15,10,13,10,5,7,15,10,9,10,4,4,1,4,4,0,1,4,2,2,25,30
"7483",8,5,8,19,10,13,15,5,8,15,10,13,10,4,0,0,2,5,1,4,5,3,3,29,35
"7484",9,6,8,19,10,13,17,5,8,19,10,13,15,2,1,0,2,0,0,1,2,1,3,30,37
"7485",10,6,8,24,10,16,17,6,8,19,10,13,17,5,1,3,1,3,0,5,3,3,2,35,40
"7486",11,7,8,24,12,16,17,6,8,24,10,16,17,1,0,0,2,2,3,1,2,1,1,36,42
"7487",12,7,8,24,12,16,17,7,8,24,12,16,17,2,3,0,NA,0,0,0,0,0,0,36,42
"7488",0,0,0,0,0,0,0,0,0,0,0,0,0,0,0,0,0,0,0,0,0,0,0,0,0
"7489",1,1,1,4,4,1,1,1,1,1,1,1,1,4,3,3,4,3,0,3,3,3,1,3,3
"7490",2,1,1,8,9,1,1,1,1,4,4,1,1,4,0,0,4,2,5,4,5,3,1,7,8
"7491",3,3,1,8,13,1,1,1,1,8,9,1,1,4,2,0,4,0,0,2,4,1,1,9,12
"7492",4,3,4,8,13,2,1,3,1,8,13,1,1,3,1,2,1,2,0,3,1,2,2,12,13
"7493",5,3,6,8,13,2,5,3,4,8,13,2,1,2,0,0,3,2,4,2,4,2,3,14,17
"7494",6,6,6,8,13,4,5,3,6,8,13,2,5,3,2,0,2,0,0,3,2,1,2,17,19
"7495",7,6,10,8,19,4,7,6,6,8,13,4,5,4,3,6,3,6,0,4,6,2,1,21,27
"7496",8,6,13,8,19,4,12,6,10,8,19,4,7,3,0,0,1,3,5,3,5,2,3,24,32
"7497",9,7,13,8,22,4,12,6,13,8,19,4,12,1,3,0,3,0,0,1,3,1,1,25,35
"7498",10,7,13,12,22,8,12,7,13,8,22,4,12,4,2,4,2,4,0,4,4,3,2,29,39
"7499",11,7,15,12,28,12,12,7,13,12,22,8,12,2,0,0,6,5,3,2,6,2,1,31,49
"7500",12,7,15,12,28,12,12,7,15,12,28,12,12,5,3,0,NA,0,0,0,0,0,0,31,49
"7501",0,0,0,0,0,0,0,0,0,0,0,0,0,0,0,0,0,0,0,0,0,0,0,0,0
"7502",1,7,3,1,7,4,1,1,1,1,1,1,1,6,6,5,6,5,0,6,6,1,1,8,9
"7503",2,12,3,1,7,8,1,7,3,1,7,4,1,5,0,0,4,3,3,5,4,1,2,13,13
"7504",3,12,3,4,7,8,4,12,3,1,7,8,1,3,3,0,3,0,0,3,3,3,3,16,16
"7505",4,12,5,4,7,11,4,12,3,4,7,8,4,2,3,1,3,1,0,2,3,2,2,18,19
"7506",5,13,5,4,7,14,4,12,5,4,7,11,4,1,0,0,2,3,3,1,3,1,2,19,22
"7507",6,15,5,4,7,17,4,13,5,4,7,14,4,2,3,0,3,0,0,2,3,1,2,21,25
"7508",7,20,5,4,9,17,4,15,5,4,7,17,4,2,1,5,2,1,0,5,2,1,1,26,27
"7509",8,20,5,5,11,17,10,20,5,4,9,17,4,1,0,0,2,6,3,1,6,3,3,27,35
"7510",9,20,7,5,11,17,13,20,5,5,11,17,10,2,3,0,3,0,0,2,3,2,3,29,38
"7511",10,20,7,10,11,22,13,20,7,5,11,17,13,5,5,5,5,5,0,5,5,3,2,34,43
"7512",11,20,12,10,14,22,13,20,7,10,11,22,13,5,0,0,3,1,2,5,3,2,1,39,46
"7513",12,20,12,10,14,22,13,20,12,10,14,22,13,1,2,0,NA,0,0,0,0,0,0,39,46
"7514",0,0,0,0,0,0,0,0,0,0,0,0,0,0,0,0,0,0,0,0,0,0,0,0,0
"7515",1,1,3,1,1,4,1,1,1,1,1,1,1,2,1,3,1,3,0,2,3,2,2,2,3
"7516",2,1,4,1,6,4,1,1,3,1,1,4,1,1,0,0,2,3,5,1,5,2,1,3,8
"7517",3,4,4,1,6,4,3,1,4,1,6,4,1,2,3,0,2,0,0,3,2,1,3,6,10
"7518",4,4,4,3,6,8,3,4,4,1,6,4,3,4,2,2,4,2,0,2,4,3,2,8,14
"7519",5,6,4,3,12,10,3,4,4,3,6,8,3,2,0,0,2,6,5,2,6,1,1,10,22
"7520",6,6,9,3,12,10,5,6,4,3,12,10,3,2,5,0,2,0,0,5,2,2,3,15,24
"7521",7,11,9,3,12,15,5,6,9,3,12,10,5,5,2,5,2,5,0,5,5,1,2,20,29
"7522",8,11,9,5,12,20,5,11,9,3,12,15,5,2,0,0,5,2,5,2,5,3,2,22,34
"7523",9,11,9,10,12,20,7,11,9,5,12,20,5,2,5,0,2,0,0,5,2,3,3,27,36
"7524",10,15,9,10,18,20,11,11,9,10,12,20,7,4,2,6,2,6,0,4,6,1,1,31,46
"7525",11,17,9,10,22,20,11,15,9,10,18,20,11,2,0,0,4,5,4,2,4,1,1,33,50
"7526",12,17,9,10,22,20,11,17,9,10,22,20,11,5,4,0,NA,0,0,0,0,0,0,33,50
"7527",0,0,0,0,0,0,0,0,0,0,0,0,0,0,0,0,0,0,0,0,0,0,0,0,0
"7528",1,6,1,1,1,6,1,1,1,1,1,1,1,5,1,5,1,5,0,5,5,1,2,5,5
"7529",2,6,2,1,5,6,1,6,1,1,1,6,1,1,0,0,5,4,6,1,4,2,1,6,9
"7530",3,12,4,1,5,11,1,6,2,1,5,6,1,5,6,0,5,0,0,6,5,1,2,14,14
"7531",4,13,4,1,8,11,1,12,4,1,5,11,1,1,2,3,2,3,0,1,3,1,1,15,17
"7532",5,15,4,1,8,16,1,13,4,1,8,11,1,2,0,0,2,2,5,2,5,1,2,17,22
"7533",6,17,4,1,10,16,1,15,4,1,8,16,1,2,2,0,2,0,0,2,2,1,1,19,24
"7534",7,17,6,1,13,16,1,17,4,1,10,16,1,2,2,3,2,3,0,2,3,2,1,21,27
"7535",8,17,8,1,13,20,1,17,6,1,13,16,1,2,0,0,1,1,4,2,4,2,2,23,31
"7536",9,18,8,1,14,20,1,17,8,1,13,20,1,1,1,0,1,0,0,1,1,1,1,24,32
"7537",10,20,8,1,14,20,3,18,8,1,14,20,1,2,1,2,1,2,0,2,2,1,3,26,34
"7538",11,21,8,1,18,20,3,20,8,1,14,20,3,1,0,0,4,6,6,1,4,1,1,27,38
"7539",12,21,8,1,18,20,3,21,8,1,18,20,3,6,6,0,NA,0,0,0,0,0,0,27,38
"7540",0,0,0,0,0,0,0,0,0,0,0,0,0,0,0,0,0,0,0,0,0,0,0,0,0
"7541",1,5,1,1,1,3,1,1,1,1,1,1,1,4,1,2,1,2,0,4,2,1,2,4,2
"7542",2,5,1,2,2,3,1,5,1,1,1,3,1,1,0,0,2,4,1,1,1,3,1,5,3
"7543",3,7,1,2,6,3,1,5,1,2,2,3,1,2,4,0,4,0,0,2,4,1,1,7,7
"7544",4,7,1,9,7,9,1,7,1,2,6,3,1,6,6,1,6,1,0,6,6,3,2,14,14
"7545",5,7,2,9,7,13,1,7,1,9,7,9,1,1,0,0,4,2,1,1,4,2,2,15,18
"7546",6,7,3,9,7,15,1,7,2,9,7,13,1,2,1,0,2,0,0,1,2,2,2,16,20
"7547",7,9,3,9,11,15,1,7,3,9,7,15,1,4,2,1,4,1,0,2,4,1,1,18,24
"7548",8,9,4,9,11,15,5,9,3,9,11,15,1,1,0,0,1,4,4,1,4,2,3,19,28
"7549",9,10,4,9,11,19,5,9,4,9,11,15,5,1,4,0,4,0,0,1,4,1,2,20,32
"7550",10,10,4,11,17,20,5,10,4,9,11,19,5,6,1,2,6,1,0,2,6,3,1,22,39
"7551",11,11,4,11,18,20,5,10,4,11,17,20,5,1,0,0,1,5,4,1,1,1,1,23,40
"7552",12,11,4,11,18,20,5,11,4,11,18,20,5,5,4,0,NA,0,0,0,0,0,0,23,40
"7553",0,0,0,0,0,0,0,0,0,0,0,0,0,0,0,0,0,0,0,0,0,0,0,0,0
"7554",1,7,2,1,1,1,3,1,1,1,1,1,1,6,2,2,2,2,0,6,2,1,3,7,2
"7555",2,7,4,1,7,3,3,7,2,1,1,1,3,2,0,0,4,5,6,2,6,2,1,9,10
"7556",3,11,4,1,12,3,3,7,4,1,7,3,3,4,5,0,5,0,0,4,5,1,1,13,15
"7557",4,11,7,1,12,9,7,11,4,1,12,3,3,3,1,6,1,6,0,3,6,2,2,16,25
"7558",5,12,7,1,12,9,11,11,7,1,12,9,7,1,0,0,2,4,4,1,4,1,3,17,29
"7559",6,12,9,1,16,9,11,12,7,1,12,9,11,2,4,0,4,0,0,2,4,2,1,19,33
"7560",7,16,9,1,16,9,15,12,9,1,16,9,11,1,4,4,1,4,0,4,4,1,3,23,37
"7561",8,17,9,1,16,11,15,16,9,1,16,9,15,1,0,0,5,2,5,1,2,1,2,24,39
"7562",9,17,9,6,16,11,20,17,9,1,16,11,15,5,5,0,5,0,0,5,5,3,3,29,44
"7563",10,17,9,10,22,12,20,17,9,6,16,11,20,6,1,4,6,1,0,4,6,3,1,33,51
"7564",11,18,9,10,27,12,20,17,9,10,22,12,20,1,0,0,5,1,4,1,5,1,1,34,56
"7565",12,18,9,10,27,12,20,18,9,10,27,12,20,1,4,0,NA,0,0,0,0,0,0,34,56
"7566",0,0,0,0,0,0,0,0,0,0,0,0,0,0,0,0,0,0,0,0,0,0,0,0,0
"7567",1,4,1,1,4,1,1,1,1,1,1,1,1,3,3,3,3,3,0,3,3,1,1,3,3
"7568",2,7,1,1,4,6,1,4,1,1,4,1,1,3,0,0,5,5,5,3,5,1,2,6,8
"7569",3,12,1,1,4,11,1,7,1,1,4,6,1,5,5,0,5,0,0,5,5,1,2,11,13
"7570",4,12,4,7,4,15,1,12,1,1,4,11,1,6,4,2,4,2,0,6,4,3,2,20,17
"7571",5,14,4,7,14,15,1,12,4,7,4,15,1,2,0,0,6,1,2,2,6,1,1,22,27
"7572",6,15,4,7,14,17,1,14,4,7,14,15,1,1,2,0,2,0,0,1,2,1,2,23,29
"7573",7,19,4,7,14,17,6,15,4,7,14,17,1,4,1,5,1,5,0,4,5,1,3,27,34
"7574",8,19,5,7,14,17,11,19,4,7,14,17,6,1,0,0,1,5,3,1,5,2,3,28,39
"7575",9,22,5,7,14,17,12,19,5,7,14,17,11,1,3,0,1,0,0,3,1,1,3,31,40
"7576",10,31,5,7,26,18,12,22,5,7,14,17,12,1,6,6,1,6,0,6,6,1,1,40,53
"7577",11,31,6,1,30,18,12,31,5,7,26,18,12,1,0,0,2,3,5,1,3,2,1,35,57
"7578",12,31,6,1,30,18,12,31,6,1,30,18,12,2,5,0,NA,0,0,0,0,0,0,35,57
"7579",0,0,0,0,0,0,0,0,0,0,0,0,0,0,0,0,0,0,0,0,0,0,0,0,0
"7580",1,1,4,1,1,1,5,1,1,1,1,1,1,1,3,4,1,4,0,3,4,2,3,3,4
"7581",2,2,4,1,1,1,16,1,4,1,1,1,5,1,0,0,6,3,1,1,6,1,3,4,15
"7582",3,2,7,1,2,1,16,2,4,1,1,1,16,3,1,0,1,0,0,3,1,2,1,7,16
"7583",4,8,7,3,2,6,16,2,7,1,2,1,16,6,5,4,5,4,0,6,5,1,2,15,21
"7584",5,12,7,3,2,14,16,8,7,3,2,6,16,4,0,0,6,3,5,4,6,1,2,19,29
"7585",6,12,10,3,2,19,16,12,7,3,2,14,16,3,5,0,5,0,0,3,5,2,2,22,34
"7586",7,17,10,3,2,19,19,12,10,3,2,19,16,5,3,2,3,2,0,5,3,1,3,27,37
"7587",8,19,10,3,8,20,19,17,10,3,2,19,19,2,0,0,2,6,4,2,6,1,1,29,44
"7588",9,19,10,5,12,20,19,19,10,3,8,20,19,2,4,0,4,0,0,2,4,3,1,31,48
"7589",10,22,10,5,16,20,19,19,10,5,12,20,19,3,4,2,4,2,0,3,4,1,1,34,52
"7590",11,24,10,5,20,20,19,22,10,5,16,20,19,2,0,0,4,5,2,2,4,1,1,36,56
"7591",12,24,10,5,20,20,19,24,10,5,20,20,19,5,2,0,NA,0,0,0,0,0,0,36,56
"7592",0,0,0,0,0,0,0,0,0,0,0,0,0,0,0,0,0,0,0,0,0,0,0,0,0
"7593",1,8,1,1,6,1,1,1,1,1,1,1,1,4,5,6,4,5,0,6,5,1,1,7,5
"7594",2,8,5,1,6,7,2,8,1,1,6,1,1,4,0,0,4,6,2,4,6,2,2,11,12
"7595",3,8,9,1,8,7,2,8,5,1,6,7,2,4,2,0,2,0,0,4,2,2,1,15,14
"7596",4,8,9,6,8,12,2,8,9,1,8,7,2,5,5,1,5,1,0,5,5,3,2,20,19
"7597",5,8,9,7,14,15,2,8,9,6,8,12,2,1,0,0,4,6,6,1,6,3,1,21,28
"7598",6,14,9,9,18,15,2,8,9,7,14,15,2,4,6,0,4,0,0,6,4,1,1,29,32
"7599",7,20,9,12,19,15,2,14,9,9,18,15,2,1,6,1,1,1,0,6,1,1,1,38,33
"7600",8,20,10,12,19,15,7,20,9,12,19,15,2,1,0,0,5,3,1,1,5,2,3,39,38
"7601",9,20,13,12,19,16,7,20,10,12,19,15,7,3,1,0,1,0,0,3,1,2,2,42,39
"7602",10,22,13,12,19,16,11,20,13,12,19,16,7,1,2,4,1,4,0,2,4,1,3,44,43
"7603",11,22,14,12,24,16,11,22,13,12,19,16,11,1,0,0,5,5,5,1,5,2,1,45,48
"7604",12,22,14,12,24,16,11,22,14,12,24,16,11,5,5,0,NA,0,0,0,0,0,0,45,48
"7605",0,0,0,0,0,0,0,0,0,0,0,0,0,0,0,0,0,0,0,0,0,0,0,0,0
"7606",1,1,1,3,6,1,1,1,1,1,1,1,1,2,5,5,5,5,0,2,5,3,1,2,5
"7607",2,6,1,3,6,5,1,1,1,3,6,1,1,5,0,0,3,4,4,5,4,1,2,7,9
"7608",3,6,5,3,9,5,1,6,1,3,6,5,1,3,4,0,3,0,0,4,3,2,1,11,12
"7609",4,10,5,3,13,5,1,6,5,3,9,5,1,4,4,1,4,1,0,4,4,1,1,15,16
"7610",5,10,6,3,17,11,1,10,5,3,13,5,1,1,0,0,6,2,5,1,6,2,2,16,26
"7611",6,10,11,3,19,11,1,10,6,3,17,11,1,2,5,0,2,0,0,5,2,2,1,21,28
"7612",7,11,17,3,19,16,1,10,11,3,19,11,1,2,5,6,2,5,0,6,5,2,2,28,33
"7613",8,13,17,3,23,16,1,11,17,3,19,16,1,2,0,0,4,2,1,2,4,1,1,30,37
"7614",9,13,19,3,24,16,1,13,17,3,23,16,1,2,1,0,1,0,0,2,1,2,1,32,38
"7615",10,13,24,3,24,26,1,13,19,3,24,16,1,2,5,6,2,6,0,5,6,2,2,37,48
"7616",11,15,24,3,24,31,1,13,24,3,24,26,1,2,0,0,5,3,1,2,5,1,2,39,53
"7617",12,15,24,3,24,31,1,15,24,3,24,31,1,3,1,0,NA,0,0,0,0,0,0,39,53
"7618",0,0,0,0,0,0,0,0,0,0,0,0,0,0,0,0,0,0,0,0,0,0,0,0,0
"7619",1,1,1,4,7,1,3,1,1,1,1,1,1,3,3,6,3,6,0,3,6,3,1,3,8
"7620",2,4,1,4,12,1,3,1,1,4,7,1,3,3,0,0,5,2,1,3,5,1,1,6,13
"7621",3,5,1,4,12,3,3,4,1,4,12,1,3,2,1,0,2,0,0,1,2,1,2,7,15
"7622",4,5,1,7,18,7,3,5,1,4,12,3,3,3,4,6,4,6,0,3,6,3,1,10,25
"7623",5,5,1,11,18,9,9,5,1,7,18,7,3,4,0,0,6,2,5,4,6,3,3,14,33
"7624",6,10,1,11,18,11,9,5,1,11,18,9,9,2,5,0,2,0,0,5,2,1,2,19,35
"7625",7,10,1,16,18,15,9,10,1,11,18,11,9,5,4,1,4,1,0,5,4,3,2,24,39
"7626",8,11,1,16,18,21,15,10,1,16,18,15,9,1,0,0,6,1,5,1,6,1,3,25,51
"7627",9,12,1,16,18,21,20,11,1,16,18,21,15,1,5,0,5,0,0,1,5,1,3,26,56
"7628",10,13,1,16,22,21,20,12,1,16,18,21,20,1,4,4,4,4,0,1,4,1,1,27,60
"7629",11,17,1,16,30,21,20,13,1,16,22,21,20,4,0,0,6,5,6,4,6,1,1,31,68
"7630",12,17,1,16,30,21,20,17,1,16,30,21,20,5,6,0,NA,0,0,0,0,0,0,31,68
"7631",0,0,0,0,0,0,0,0,0,0,0,0,0,0,0,0,0,0,0,0,0,0,0,0,0
"7632",1,4,1,1,7,5,1,1,1,1,1,1,1,3,2,6,2,6,0,3,6,1,1,3,10
"7633",2,6,1,1,7,10,1,4,1,1,7,5,1,2,0,0,2,5,2,2,5,1,2,5,15
"7634",3,6,1,3,7,10,3,6,1,1,7,10,1,2,2,0,2,0,0,2,2,3,3,7,17
"7635",4,9,1,3,10,10,3,6,1,3,7,10,3,1,3,3,1,3,0,3,3,1,1,10,20
"7636",5,9,1,4,10,10,8,9,1,3,10,10,3,1,0,0,2,3,5,1,5,3,3,11,25
"7637",6,9,1,6,10,10,11,9,1,4,10,10,8,2,3,0,3,0,0,2,3,3,3,13,28
"7638",7,9,6,6,10,16,15,9,1,6,10,10,11,5,1,6,1,6,0,5,6,2,2,18,38
"7639",8,10,6,6,10,16,16,9,6,6,10,16,15,1,0,0,5,1,6,1,1,1,3,19,39
"7640",9,15,6,6,18,16,16,10,6,6,10,16,16,5,6,0,6,0,0,5,6,1,1,24,47
"7641",10,20,6,6,18,19,16,15,6,6,18,16,16,5,3,3,3,3,0,5,3,1,2,29,50
"7642",11,23,6,6,20,19,16,20,6,6,18,19,16,3,0,0,2,2,4,3,2,1,1,32,52
"7643",12,23,6,6,20,19,16,23,6,6,20,19,16,2,4,0,NA,0,0,0,0,0,0,32,52
"7644",0,0,0,0,0,0,0,0,0,0,0,0,0,0,0,0,0,0,0,0,0,0,0,0,0
"7645",1,5,1,7,1,1,5,1,1,1,1,1,1,4,6,4,4,4,0,6,4,3,3,10,4
"7646",2,5,5,7,1,1,10,5,1,7,1,1,5,4,0,0,3,5,5,4,5,2,3,14,9
"7647",3,5,8,7,6,1,10,5,5,7,1,1,10,3,5,0,5,0,0,3,5,2,1,17,14
"7648",4,9,8,7,6,1,11,5,8,7,6,1,10,1,1,4,1,1,0,4,1,1,3,21,15
"7649",5,10,8,7,10,1,11,9,8,7,6,1,11,1,0,0,4,6,4,1,4,1,1,22,19
"7650",6,10,8,16,10,1,15,10,8,7,10,1,11,6,4,0,4,0,0,6,4,3,3,31,23
"7651",7,10,8,20,10,4,15,10,8,16,10,1,15,4,1,3,1,3,0,4,3,3,2,35,26
"7652",8,11,8,20,10,8,15,10,8,20,10,4,15,1,0,0,2,4,1,1,4,1,2,36,30
"7653",9,11,9,20,10,8,17,11,8,20,10,8,15,2,1,0,2,0,0,1,2,2,3,37,32
"7654",10,11,10,20,10,12,17,11,9,20,10,8,17,1,3,4,3,4,0,1,4,2,2,38,36
"7655",11,14,10,20,12,12,17,11,10,20,10,12,17,3,0,0,5,1,2,3,2,1,1,41,38
"7656",12,14,10,20,12,12,17,14,10,20,12,12,17,5,1,0,NA,0,0,0,0,0,0,41,38
"7657",0,0,0,0,0,0,0,0,0,0,0,0,0,0,0,0,0,0,0,0,0,0,0,0,0
"7658",1,1,3,1,1,5,1,1,1,1,1,1,1,2,3,4,3,4,0,2,4,2,2,2,4
"7659",2,4,3,1,7,5,3,1,3,1,1,5,1,3,0,0,6,3,4,3,6,1,1,5,12
"7660",3,7,3,1,7,9,3,4,3,1,7,5,3,3,4,0,4,0,0,3,4,1,2,8,16
"7661",4,7,3,2,12,9,3,7,3,1,7,9,3,1,5,4,5,4,0,1,5,3,1,9,21
"7662",5,11,3,2,12,11,3,7,3,2,12,9,3,4,0,0,2,3,4,4,2,1,2,13,23
"7663",6,14,3,2,12,15,3,11,3,2,12,11,3,3,4,0,4,0,0,3,4,1,2,16,27
"7664",7,20,3,4,18,19,3,14,3,2,12,15,3,4,6,6,4,6,0,6,6,1,1,24,37
"7665",8,20,7,4,18,23,3,20,3,4,18,19,3,4,0,0,3,2,4,4,4,2,2,28,41
"7666",9,20,10,4,18,23,5,20,7,4,18,23,3,3,2,0,2,0,0,3,2,2,3,31,43
"7667",10,26,14,10,24,23,13,20,10,4,18,23,5,6,6,5,6,5,0,6,6,1,1,47,57
"7668",11,31,14,10,24,23,17,26,14,10,24,23,13,5,0,0,4,3,4,5,4,1,3,52,61
"7669",12,31,14,10,24,23,17,31,14,10,24,23,17,3,4,0,NA,0,0,0,0,0,0,52,61
"7670",0,0,0,0,0,0,0,0,0,0,0,0,0,0,0,0,0,0,0,0,0,0,0,0,0
"7671",1,1,1,5,4,1,1,1,1,1,1,1,1,3,4,3,3,3,0,4,3,3,1,4,3
"7672",2,1,4,5,4,1,6,1,1,5,4,1,1,3,0,0,2,5,2,3,5,2,3,7,8
"7673",3,3,4,5,6,1,6,1,4,5,4,1,6,2,2,0,2,0,0,2,2,1,1,9,10
"7674",4,3,7,5,6,5,6,3,4,5,6,1,6,3,4,2,4,2,0,3,4,2,2,12,14
"7675",5,5,7,5,12,5,10,3,7,5,6,5,6,2,0,0,6,4,4,2,6,1,1,14,24
"7676",6,5,11,5,12,9,10,5,7,5,12,5,10,4,4,0,4,0,0,4,4,2,2,18,28
"7677",7,5,14,5,12,13,10,5,11,5,12,9,10,3,4,3,4,3,0,3,4,2,2,21,32
"7678",8,5,17,5,18,18,10,5,14,5,12,13,10,3,0,0,3,6,5,3,6,2,1,24,43
"7679",9,5,17,8,18,23,10,5,17,5,18,18,10,3,5,0,5,0,0,3,5,3,2,27,48
"7680",10,5,17,10,18,23,20,5,17,8,18,23,10,6,2,2,6,2,0,2,6,3,3,29,58
"7681",11,7,17,10,23,23,20,5,17,10,18,23,20,2,0,0,5,3,3,2,5,1,1,31,63
"7682",12,7,17,10,23,23,20,7,17,10,23,23,20,3,3,0,NA,0,0,0,0,0,0,31,63
"7683",0,0,0,0,0,0,0,0,0,0,0,0,0,0,0,0,0,0,0,0,0,0,0,0,0
"7684",1,1,1,2,1,4,1,1,1,1,1,1,1,3,1,1,3,1,0,1,3,3,2,1,3
"7685",2,2,1,2,7,8,1,1,1,2,1,4,1,1,0,0,6,4,6,1,6,1,1,2,13
"7686",3,2,3,8,7,8,5,2,1,2,7,8,1,4,6,0,4,0,0,6,4,3,3,10,17
"7687",4,3,3,8,7,12,5,2,3,8,7,8,5,4,4,1,4,4,0,1,4,1,2,11,21
"7688",5,7,3,8,7,12,15,3,3,8,7,12,5,4,0,0,3,1,6,4,6,1,3,15,31
"7689",6,10,3,8,7,12,16,7,3,8,7,12,15,3,1,0,1,0,0,3,1,1,3,18,32
"7690",7,15,3,8,7,12,21,10,3,8,7,12,16,5,5,4,5,4,0,5,5,1,3,23,37
"7691",8,19,3,8,12,12,21,15,3,8,7,12,21,4,0,0,5,3,5,4,5,1,1,27,42
"7692",9,19,3,11,17,12,21,19,3,8,12,12,21,3,5,0,5,0,0,3,5,3,1,30,47
"7693",10,21,3,11,18,12,21,19,3,11,17,12,21,2,1,2,1,2,0,2,1,1,1,32,48
"7694",11,23,3,11,22,12,21,21,3,11,18,12,21,2,0,0,4,5,1,2,4,1,1,34,52
"7695",12,23,3,11,22,12,21,23,3,11,22,12,21,5,1,0,NA,0,0,0,0,0,0,34,52
"7696",0,0,0,0,0,0,0,0,0,0,0,0,0,0,0,0,0,0,0,0,0,0,0,0,0
"7697",1,1,3,1,5,1,1,1,1,1,1,1,1,2,3,4,3,4,0,2,4,2,1,2,4
"7698",2,1,6,1,9,1,1,1,3,1,5,1,1,3,0,0,3,4,4,3,4,2,1,5,8
"7699",3,4,6,1,9,1,5,1,6,1,9,1,1,3,4,0,4,0,0,3,4,1,3,8,12
"7700",4,4,12,3,9,1,8,4,6,1,9,1,5,6,1,3,1,3,0,6,3,2,3,16,15
"7701",5,4,13,3,15,5,8,4,12,3,9,1,8,1,0,0,5,6,1,1,6,2,1,17,25
"7702",6,4,18,3,16,5,8,4,13,3,15,5,8,5,1,0,1,0,0,5,1,2,1,22,26
"7703",7,4,22,3,19,5,8,4,18,3,16,5,8,3,4,2,3,2,0,4,3,2,1,26,29
"7704",8,4,22,5,19,5,11,4,22,3,19,5,8,2,0,0,2,2,3,2,3,3,3,28,32
"7705",9,4,22,7,19,7,11,4,22,5,19,5,11,2,2,0,2,0,0,2,2,3,2,30,34
"7706",10,4,26,7,19,12,11,4,22,7,19,7,11,4,5,4,5,4,0,4,5,2,2,34,39
"7707",11,8,26,7,23,12,11,4,26,7,19,12,11,4,0,0,4,5,2,4,4,1,1,38,43
"7708",12,8,26,7,23,12,11,8,26,7,23,12,11,5,2,0,NA,0,0,0,0,0,0,38,43
"7709",0,0,0,0,0,0,0,0,0,0,0,0,0,0,0,0,0,0,0,0,0,0,0,0,0
"7710",1,7,6,1,1,1,4,1,1,1,1,1,1,6,1,3,1,3,0,6,3,1,3,11,3
"7711",2,7,6,2,1,9,4,7,6,1,1,1,4,1,0,0,6,1,6,1,6,3,2,12,11
"7712",3,12,12,2,1,9,5,7,6,2,1,9,4,1,6,0,1,0,0,6,1,2,3,23,12
"7713",4,12,19,8,4,9,11,12,12,2,1,9,5,6,6,5,6,5,0,6,6,3,3,36,21
"7714",5,17,19,8,4,9,16,12,19,8,4,9,11,5,0,0,4,5,1,5,5,1,3,41,26
"7715",6,21,19,8,5,9,16,17,19,8,4,9,16,4,1,0,1,0,0,4,1,1,1,45,27
"7716",7,26,19,14,5,9,20,21,19,8,5,9,16,6,1,4,1,4,0,6,4,3,3,56,31
"7717",8,26,19,15,5,9,22,26,19,14,5,9,20,1,0,0,4,5,2,1,2,3,3,57,33
"7718",9,30,19,15,5,9,27,26,19,15,5,9,22,4,5,0,5,0,0,4,5,1,3,61,38
"7719",10,38,19,15,5,12,27,30,19,15,5,9,27,6,1,3,1,3,0,6,3,1,2,69,41
"7720",11,1,19,15,15,17,27,38,19,15,5,12,27,1,0,0,5,3,5,1,5,1,2,32,56
"7721",12,1,19,15,15,17,27,1,19,15,15,17,27,3,5,0,NA,0,0,0,0,0,0,32,56
"7722",0,0,0,0,0,0,0,0,0,0,0,0,0,0,0,0,0,0,0,0,0,0,0,0,0
"7723",1,6,1,1,4,13,1,1,1,1,1,1,1,5,6,6,6,6,0,5,6,1,2,5,15
"7724",2,6,10,1,4,16,1,6,1,1,4,13,1,6,0,0,3,2,3,6,3,2,2,14,18
"7725",3,6,10,3,4,16,4,6,10,1,4,16,1,2,3,0,3,0,0,2,3,3,3,16,21
"7726",4,10,10,3,4,18,4,6,10,3,4,16,4,4,1,2,1,2,0,4,2,1,2,20,23
"7727",5,10,10,4,4,18,5,10,10,3,4,18,4,1,0,0,1,3,3,1,1,3,3,21,24
"7728",6,10,10,7,4,21,5,10,10,4,4,18,5,3,3,0,3,0,0,3,3,3,2,24,27
"7729",7,14,10,13,8,21,5,10,10,7,4,21,5,3,6,4,3,4,0,6,4,3,1,34,31
"7730",8,14,13,13,10,21,5,14,10,13,8,21,5,3,0,0,2,2,1,3,2,2,1,37,33
"7731",9,14,13,15,10,21,6,14,13,13,10,21,5,2,1,0,1,0,0,2,1,3,3,39,34
"7732",10,24,13,15,10,25,6,14,13,15,10,21,6,2,6,4,2,4,0,6,4,1,2,49,38
"7733",11,26,13,15,10,26,6,24,13,15,10,25,6,2,0,0,4,1,2,2,1,1,2,51,39
"7734",12,26,13,15,10,26,6,26,13,15,10,26,6,4,2,0,NA,0,0,0,0,0,0,51,39
"7735",0,0,0,0,0,0,0,0,0,0,0,0,0,0,0,0,0,0,0,0,0,0,0,0,0
"7736",1,1,1,4,1,2,1,1,1,1,1,1,1,3,1,1,1,1,0,3,1,3,2,3,1
"7737",2,1,1,5,12,2,1,1,1,4,1,2,1,1,0,0,3,6,4,1,6,3,1,4,12
"7738",3,1,1,8,16,2,1,1,1,5,12,2,1,3,4,0,4,0,0,3,4,3,1,7,16
"7739",4,1,2,14,16,2,6,1,1,8,16,2,1,6,3,5,3,5,0,6,5,3,3,14,21
"7740",5,1,2,17,16,12,12,1,2,14,16,2,6,3,0,0,5,4,6,3,6,3,2,17,37
"7741",6,6,2,17,16,16,12,1,2,17,16,12,12,5,4,0,4,0,0,5,4,1,2,22,41
"7742",7,6,2,22,21,16,12,6,2,17,16,16,12,5,1,5,1,5,0,5,5,3,1,27,46
"7743",8,7,2,22,21,22,15,6,2,22,21,16,12,1,0,0,5,3,6,1,6,1,2,28,55
"7744",9,7,7,22,21,25,15,7,2,22,21,22,15,5,3,0,3,0,0,5,3,2,2,33,58
"7745",10,7,7,26,25,25,21,7,7,22,21,25,15,6,4,1,6,1,0,4,6,3,3,37,68
"7746",11,8,7,26,31,31,25,7,7,26,25,25,21,1,0,0,6,4,4,1,6,1,1,38,84
"7747",12,8,7,26,31,31,25,8,7,26,31,31,25,4,4,0,NA,0,0,0,0,0,0,38,84
"7748",0,0,0,0,0,0,0,0,0,0,0,0,0,0,0,0,0,0,0,0,0,0,0,0,0
"7749",1,1,1,5,2,1,1,1,1,1,1,1,1,4,1,1,1,1,0,4,1,3,1,4,1
"7750",2,1,2,5,2,1,6,1,1,5,2,1,1,1,0,0,5,4,5,1,5,2,3,5,6
"7751",3,6,2,5,6,1,6,1,2,5,2,1,6,4,5,0,4,0,0,5,4,1,1,10,10
"7752",4,6,2,10,10,1,6,6,2,5,6,1,6,4,1,5,4,1,0,5,4,3,1,15,14
"7753",5,6,2,11,10,1,11,6,2,10,10,1,6,1,0,0,4,5,6,1,5,3,3,16,19
"7754",6,10,2,17,10,5,11,6,2,11,10,1,11,4,6,0,4,0,0,6,4,3,2,26,23
"7755",7,12,2,17,10,5,14,10,2,17,10,5,11,2,1,3,1,3,0,2,3,1,3,28,26
"7756",8,13,2,17,10,5,17,12,2,17,10,5,14,1,0,0,2,3,1,1,3,1,3,29,29
"7757",9,13,3,17,12,5,17,13,2,17,10,5,17,2,1,0,2,0,0,1,2,2,1,30,31
"7758",10,14,3,17,16,5,17,13,3,17,12,5,17,4,4,1,4,4,0,1,4,1,1,31,35
"7759",11,14,7,17,20,5,17,14,3,17,16,5,17,4,0,0,4,1,3,4,4,2,1,35,39
"7760",12,14,7,17,20,5,17,14,7,17,20,5,17,1,3,0,NA,0,0,0,0,0,0,35,39
"7761",0,0,0,0,0,0,0,0,0,0,0,0,0,0,0,0,0,0,0,0,0,0,0,0,0
"7762",1,10,1,1,1,1,4,1,1,1,1,1,1,3,6,2,3,2,0,6,3,1,3,9,3
"7763",2,10,3,1,5,1,4,10,1,1,1,1,4,2,0,0,6,1,4,2,4,2,1,11,7
"7764",3,10,10,1,5,1,5,10,3,1,5,1,4,6,1,0,1,0,0,6,1,2,3,18,8
"7765",4,10,12,1,5,1,8,10,10,1,5,1,5,3,1,2,3,1,0,2,3,2,3,20,11
"7766",5,11,12,1,7,1,8,10,12,1,5,1,8,1,0,0,1,2,6,1,2,1,1,21,13
"7767",6,20,12,7,7,2,8,11,12,1,7,1,8,1,6,0,1,0,0,6,1,1,2,36,14
"7768",7,22,12,13,12,2,8,20,12,7,7,2,8,6,5,5,5,5,0,6,5,3,1,44,19
"7769",8,22,17,13,17,2,8,22,12,13,12,2,8,5,0,0,4,1,5,5,5,2,1,49,24
"7770",9,22,21,13,18,2,8,22,17,13,17,2,8,4,1,0,1,0,0,4,1,2,1,53,25
"7771",10,26,21,1,35,2,11,22,21,13,18,2,8,4,6,3,6,3,0,4,6,1,1,45,45
"7772",11,29,21,1,35,2,15,26,21,1,35,2,11,3,0,0,4,4,4,3,4,1,3,48,49
"7773",12,29,21,1,35,2,15,29,21,1,35,2,15,4,4,0,NA,0,0,0,0,0,0,48,49
"7774",0,0,0,0,0,0,0,0,0,0,0,0,0,0,0,0,0,0,0,0,0,0,0,0,0
"7775",1,1,12,1,1,1,3,1,1,1,1,1,1,6,1,2,1,2,0,6,2,2,3,11,2
"7776",2,1,13,1,1,1,12,1,12,1,1,1,3,1,0,0,6,1,1,1,6,2,3,12,11
"7777",3,1,14,1,1,2,12,1,13,1,1,1,12,1,1,0,1,0,0,1,1,2,2,13,12
"7778",4,1,20,6,4,2,12,1,14,1,1,2,12,6,2,3,2,3,0,6,3,2,1,24,15
"7779",5,3,20,6,5,2,12,1,20,6,4,2,12,2,0,0,5,1,1,2,1,1,1,26,16
"7780",6,3,20,11,5,3,12,3,20,6,5,2,12,5,1,0,1,0,0,5,1,3,2,31,17
"7781",7,3,20,18,10,3,18,3,20,11,5,3,12,6,3,6,3,6,0,6,6,3,3,38,28
"7782",8,3,23,18,10,3,23,3,20,18,10,3,18,3,0,0,4,5,5,3,5,2,3,41,33
"7783",9,3,28,18,14,3,23,3,23,18,10,3,23,4,5,0,4,0,0,5,4,2,1,46,37
"7784",10,8,34,18,17,3,23,3,28,18,14,3,23,1,3,6,1,3,0,6,3,2,1,57,40
"7785",11,9,34,18,17,3,24,8,34,18,17,3,23,1,0,0,1,1,6,1,1,1,3,58,41
"7786",12,9,34,18,17,3,24,9,34,18,17,3,24,1,6,0,NA,0,0,0,0,0,0,58,41
"7787",0,0,0,0,0,0,0,0,0,0,0,0,0,0,0,0,0,0,0,0,0,0,0,0,0
"7788",1,1,1,8,3,1,1,1,1,1,1,1,1,6,3,2,3,2,0,6,2,3,1,7,2
"7789",2,4,1,8,4,1,7,1,1,8,3,1,1,3,0,0,3,1,6,3,6,1,3,10,9
"7790",3,7,1,8,4,2,7,4,1,8,4,1,7,3,1,0,1,0,0,3,1,1,2,13,10
"7791",4,7,5,8,10,4,7,7,1,8,4,2,7,4,5,6,5,6,0,4,6,2,1,17,18
"7792",5,12,5,8,10,12,7,7,5,8,10,4,7,5,0,0,3,4,6,5,6,1,2,22,26
"7793",6,12,5,12,10,12,10,12,5,8,10,12,7,3,4,0,3,0,0,4,3,3,3,26,29
"7794",7,18,6,12,10,18,11,12,5,12,10,12,10,2,6,6,2,6,0,6,6,1,2,33,36
"7795",8,20,6,12,10,21,11,18,6,12,10,18,11,2,0,0,3,3,2,2,3,1,2,35,39
"7796",9,22,6,12,10,24,11,20,6,12,10,21,11,3,2,0,3,0,0,2,3,1,2,37,42
"7797",10,25,6,12,16,24,16,22,6,12,10,24,11,3,6,1,6,1,0,3,6,1,1,40,53
"7798",11,26,6,12,21,24,16,25,6,12,16,24,16,1,0,0,5,2,1,1,5,1,1,41,58
"7799",12,26,6,12,21,24,16,26,6,12,21,24,16,2,1,0,NA,0,0,0,0,0,0,41,58
"7800",0,0,0,0,0,0,0,0,0,0,0,0,0,0,0,0,0,0,0,0,0,0,0,0,0
"7801",1,6,1,1,1,1,6,1,1,1,1,1,1,5,5,1,5,1,0,5,5,1,3,5,5
"7802",2,6,1,2,4,1,6,6,1,1,1,1,6,1,0,0,1,3,2,1,3,3,1,6,8
"7803",3,8,1,2,4,1,7,6,1,2,4,1,6,1,2,0,1,0,0,2,1,1,3,8,9
"7804",4,12,7,2,9,1,7,8,1,2,4,1,7,6,5,3,5,3,0,6,5,2,1,18,14
"7805",5,15,7,2,9,1,8,12,7,2,9,1,7,3,0,0,4,1,1,3,1,1,3,21,15
"7806",6,15,7,6,9,2,8,15,7,2,9,1,8,4,1,0,1,0,0,4,1,3,2,25,16
"7807",7,16,7,6,9,5,8,15,7,6,9,2,8,2,1,3,2,3,0,1,3,1,2,26,19
"7808",8,16,9,6,9,9,8,16,7,6,9,5,8,2,0,0,4,1,6,2,4,2,2,28,23
"7809",9,22,12,6,9,10,8,16,9,6,9,9,8,1,6,0,1,0,0,6,1,1,2,37,24
"7810",10,22,12,9,9,10,13,22,12,6,9,10,8,3,5,2,5,2,0,3,5,3,3,40,29
"7811",11,24,12,9,12,10,13,22,12,9,9,10,13,2,0,0,3,2,2,2,3,1,1,42,32
"7812",12,24,12,9,12,10,13,24,12,9,12,10,13,2,2,0,NA,0,0,0,0,0,0,42,32
"7813",0,0,0,0,0,0,0,0,0,0,0,0,0,0,0,0,0,0,0,0,0,0,0,0,0
"7814",1,1,1,6,1,1,3,1,1,1,1,1,1,5,3,2,3,2,0,5,2,3,3,5,2
"7815",2,1,1,9,1,6,3,1,1,6,1,1,3,3,0,0,3,5,5,3,5,3,2,8,7
"7816",3,1,6,9,1,6,6,1,1,9,1,6,3,3,5,0,3,0,0,5,3,2,3,13,10
"7817",4,1,6,10,1,6,11,1,6,9,1,6,6,3,5,1,3,5,0,1,5,3,3,14,15
"7818",5,4,6,10,1,9,11,1,6,10,1,6,11,3,0,0,2,1,3,3,3,1,2,17,18
"7819",6,4,8,10,1,9,12,4,6,10,1,9,11,2,1,0,1,0,0,2,1,2,3,19,19
"7820",7,4,12,10,1,9,17,4,8,10,1,9,12,5,5,4,5,5,0,4,5,2,3,23,24
"7821",8,4,17,10,1,9,21,4,12,10,1,9,17,5,0,0,3,4,1,5,4,2,3,28,28
"7822",9,4,17,13,1,9,22,4,17,10,1,9,21,3,1,0,1,0,0,3,1,3,3,31,29
"7823",10,4,18,13,1,9,32,4,17,13,1,9,22,6,1,6,6,6,0,1,6,2,3,32,39
"7824",11,14,18,13,2,9,1,4,18,13,1,9,32,6,0,0,6,1,6,6,1,1,1,42,9
"7825",12,14,18,13,2,9,1,14,18,13,2,9,1,6,6,0,NA,0,0,0,0,0,0,42,9
"7826",0,0,0,0,0,0,0,0,0,0,0,0,0,0,0,0,0,0,0,0,0,0,0,0,0
"7827",1,1,3,1,4,1,1,1,1,1,1,1,1,2,3,3,3,3,0,2,3,2,1,2,3
"7828",2,4,3,1,4,7,7,1,3,1,4,1,1,3,0,0,4,6,5,3,6,1,2,5,15
"7829",3,9,3,1,8,7,7,4,3,1,4,7,7,4,5,0,4,0,0,5,4,1,1,10,19
"7830",4,10,9,1,14,7,13,9,3,1,8,7,7,6,6,4,6,4,0,6,6,2,3,17,31
"7831",5,14,9,1,14,11,13,10,9,1,14,7,13,4,0,0,4,1,2,4,4,1,2,21,35
"7832",6,15,9,1,14,13,13,14,9,1,14,11,13,1,2,0,2,0,0,1,2,1,2,22,37
"7833",7,15,13,1,20,13,18,15,9,1,14,13,13,6,4,4,6,4,0,4,6,2,1,26,48
"7834",8,15,13,5,22,19,18,15,13,1,20,13,18,4,0,0,1,1,6,4,6,3,2,30,56
"7835",9,16,13,5,23,19,18,15,13,5,22,19,18,1,1,0,1,0,0,1,1,1,1,31,57
"7836",10,19,13,5,25,19,18,16,13,5,23,19,18,3,2,3,2,3,0,3,2,1,1,34,59
"7837",11,22,13,5,25,25,26,19,13,5,25,19,18,3,0,0,6,4,3,3,6,1,2,37,73
"7838",12,22,13,5,25,25,26,22,13,5,25,25,26,4,3,0,NA,0,0,0,0,0,0,37,73
"7839",0,0,0,0,0,0,0,0,0,0,0,0,0,0,0,0,0,0,0,0,0,0,0,0,0
"7840",1,1,6,1,1,6,1,1,1,1,1,1,1,5,5,5,5,5,0,5,5,2,2,5,5
"7841",2,1,6,6,1,6,9,1,6,1,1,6,1,5,0,0,5,6,6,5,6,3,3,10,13
"7842",3,12,6,6,1,11,9,1,6,6,1,6,9,5,6,0,5,0,0,6,5,1,2,21,18
"7843",4,14,6,6,1,16,9,12,6,6,1,11,9,2,2,5,2,5,0,2,5,1,2,23,23
"7844",5,14,8,6,1,18,9,14,6,6,1,16,9,2,0,0,2,2,4,2,2,2,2,25,25
"7845",6,14,8,10,1,18,11,14,8,6,1,18,9,2,4,0,2,0,0,4,2,3,3,29,27
"7846",7,16,8,16,1,18,16,14,8,10,1,18,11,1,6,5,1,5,0,6,5,3,3,37,32
"7847",8,17,8,16,1,25,22,16,8,16,1,18,16,1,0,0,6,4,1,1,6,1,3,38,45
"7848",9,21,8,16,1,25,23,17,8,16,1,25,22,4,1,0,1,0,0,4,1,1,3,42,46
"7849",10,21,12,16,1,25,26,21,8,16,1,25,23,4,2,3,2,3,0,4,3,2,3,46,49
"7850",11,21,14,16,1,30,26,21,12,16,1,25,26,2,0,0,5,6,6,2,5,2,2,48,54
"7851",12,21,14,16,1,30,26,21,14,16,1,30,26,6,6,0,NA,0,0,0,0,0,0,48,54
"7852",0,0,0,0,0,0,0,0,0,0,0,0,0,0,0,0,0,0,0,0,0,0,0,0,0
"7853",1,1,9,1,1,1,2,1,1,1,1,1,1,6,1,1,1,1,0,6,1,2,3,8,1
"7854",2,1,9,2,1,13,7,1,9,1,1,1,2,1,0,0,6,4,6,1,6,3,2,9,18
"7855",3,9,9,2,1,17,7,1,9,2,1,13,7,4,6,0,4,0,0,6,4,1,2,17,22
"7856",4,15,10,2,4,17,13,9,9,2,1,17,7,2,6,6,2,6,0,6,6,1,3,24,31
"7857",5,17,10,2,4,21,13,15,10,2,4,17,13,2,0,0,1,3,4,2,4,1,2,26,35
"7858",6,17,13,2,4,21,14,17,10,2,4,21,13,1,3,0,1,0,0,3,1,2,3,29,36
"7859",7,1,19,2,9,21,14,17,13,2,4,21,14,6,3,1,3,1,0,6,1,2,1,19,41
"7860",8,1,19,5,18,21,20,1,19,2,9,21,14,3,0,0,3,6,6,3,6,3,1,22,56
"7861",9,1,22,1,18,27,24,1,19,5,18,21,20,3,6,0,6,0,0,3,6,2,2,21,66
"7862",10,7,22,1,18,27,10,1,22,1,18,27,24,1,1,6,1,6,0,1,6,1,3,27,52
"7863",11,7,22,2,22,27,10,7,22,1,18,27,10,1,0,0,4,1,4,1,4,3,1,28,56
"7864",12,7,22,2,22,27,10,7,22,2,22,27,10,1,4,0,NA,0,0,0,0,0,0,28,56
"7865",0,0,0,0,0,0,0,0,0,0,0,0,0,0,0,0,0,0,0,0,0,0,0,0,0
"7866",1,1,1,12,1,7,2,1,1,1,1,1,1,6,6,1,6,1,0,6,6,3,2,11,7
"7867",2,1,2,12,1,7,7,1,1,12,1,7,2,1,0,0,5,1,4,1,5,2,3,12,12
"7868",3,1,6,12,1,7,8,1,2,12,1,7,7,1,4,0,1,0,0,4,1,2,3,16,13
"7869",4,6,6,18,1,7,13,1,6,12,1,7,8,6,5,3,5,3,0,6,5,3,3,27,18
"7870",5,6,9,18,1,7,17,6,6,18,1,7,13,3,0,0,3,4,4,3,4,2,3,30,22
"7871",6,6,12,18,5,7,17,6,9,18,1,7,17,3,4,0,4,0,0,3,4,2,1,33,26
"7872",7,14,12,18,9,7,23,6,12,18,5,7,17,6,4,6,4,6,0,6,6,1,3,41,36
"7873",8,14,16,18,19,7,23,14,12,18,9,7,23,4,0,0,5,2,6,4,6,2,1,45,46
"7874",9,14,16,23,19,7,25,14,16,18,19,7,23,5,2,0,2,0,0,5,2,3,3,50,48
"7875",10,14,20,23,19,11,25,14,16,23,19,7,25,4,4,1,4,1,0,4,4,2,2,54,52
"7876",11,15,20,23,28,11,25,14,20,23,19,11,25,1,0,0,2,2,6,1,6,1,1,55,61
"7877",12,15,20,23,28,11,25,15,20,23,28,11,25,2,2,0,NA,0,0,0,0,0,0,55,61
"7878",0,0,0,0,0,0,0,0,0,0,0,0,0,0,0,0,0,0,0,0,0,0,0,0,0
"7879",1,7,2,1,1,5,1,1,1,1,1,1,1,6,1,4,1,4,0,6,4,1,2,7,4
"7880",2,7,3,1,6,11,1,7,2,1,1,5,1,1,0,0,2,3,6,1,6,2,2,8,15
"7881",3,7,3,3,6,14,1,7,3,1,6,11,1,2,3,0,3,0,0,2,3,3,2,10,18
"7882",4,7,8,9,6,19,1,7,3,3,6,14,1,5,6,1,5,1,0,6,5,3,2,21,23
"7883",5,7,8,10,9,19,1,7,8,9,6,19,1,1,0,0,3,2,3,1,3,3,1,22,26
"7884",6,7,8,13,11,19,1,7,8,10,9,19,1,2,3,0,2,0,0,3,2,3,1,25,28
"7885",7,7,8,14,15,19,1,7,8,13,11,19,1,2,4,1,2,4,0,1,4,3,1,26,32
"7886",8,7,8,16,19,19,1,7,8,14,15,19,1,2,0,0,1,1,4,2,4,3,1,28,36
"7887",9,7,8,17,19,19,2,7,8,16,19,19,1,1,1,0,1,0,0,1,1,3,3,29,37
"7888",10,10,8,17,19,19,6,7,8,17,19,19,2,4,1,3,4,1,0,3,4,1,3,32,41
"7889",11,11,8,17,28,19,6,10,8,17,19,19,6,1,0,0,2,1,6,1,6,1,1,33,50
"7890",12,11,8,17,28,19,6,11,8,17,28,19,6,2,1,0,NA,0,0,0,0,0,0,33,50
"7891",0,0,0,0,0,0,0,0,0,0,0,0,0,0,0,0,0,0,0,0,0,0,0,0,0
"7892",1,2,1,1,1,1,12,1,1,1,1,1,1,1,5,6,5,6,0,1,6,1,3,1,11
"7893",2,7,1,1,11,1,12,2,1,1,1,1,12,5,0,0,3,3,6,5,6,1,1,6,21
"7894",3,7,4,1,11,1,15,7,1,1,11,1,12,3,3,0,3,0,0,3,3,2,3,9,24
"7895",4,9,4,1,11,8,15,7,4,1,11,1,15,2,5,6,5,6,0,2,6,1,2,11,31
"7896",5,9,4,6,14,8,15,9,4,1,11,8,15,5,0,0,3,1,4,5,3,3,1,16,34
"7897",6,9,8,6,15,8,15,9,4,6,14,8,15,1,4,0,1,0,0,4,1,2,1,20,35
"7898",7,9,14,8,21,16,15,9,8,6,15,8,15,6,4,6,4,6,0,6,6,2,1,28,49
"7899",8,13,14,8,27,21,15,9,14,8,21,16,15,4,0,0,3,6,1,4,6,1,1,32,60
"7900",9,16,14,8,28,21,15,13,14,8,27,21,15,3,1,0,1,0,0,3,1,1,1,35,61
"7901",10,18,14,8,29,21,15,16,14,8,28,21,15,1,2,6,1,6,0,2,1,1,1,37,62
"7902",11,28,14,8,29,24,15,18,14,8,29,21,15,6,0,0,3,5,2,6,3,1,2,47,65
"7903",12,28,14,8,29,24,15,28,14,8,29,24,15,5,2,0,NA,0,0,0,0,0,0,47,65
"7904",0,0,0,0,0,0,0,0,0,0,0,0,0,0,0,0,0,0,0,0,0,0,0,0,0
"7905",1,1,1,4,1,5,1,1,1,1,1,1,1,4,3,1,4,1,0,3,4,3,2,3,4
"7906",2,2,1,4,1,10,1,1,1,4,1,5,1,1,0,0,3,3,5,1,5,1,2,4,9
"7907",3,5,1,4,4,10,1,2,1,4,1,10,1,3,3,0,3,0,0,3,3,1,1,7,12
"7908",4,10,1,4,4,10,4,5,1,4,4,10,1,5,3,1,3,1,0,5,3,1,3,12,15
"7909",5,10,1,5,9,10,16,10,1,4,4,10,4,1,0,0,2,1,6,1,6,3,3,13,32
"7910",6,10,3,5,9,11,16,10,1,5,9,10,16,2,1,0,1,0,0,2,1,2,2,15,33
"7911",7,12,3,11,21,16,16,10,3,5,9,11,16,6,1,6,1,6,0,6,6,3,1,23,50
"7912",8,13,3,11,21,16,20,12,3,11,21,16,16,1,0,0,3,4,4,1,4,1,3,24,54
"7913",9,16,3,11,21,20,20,13,3,11,21,16,20,3,4,0,4,0,0,3,4,1,2,27,58
"7914",10,18,3,11,24,20,20,16,3,11,21,20,20,2,3,1,3,1,0,2,3,1,1,29,61
"7915",11,19,1,11,26,26,20,18,3,11,24,20,20,1,0,0,6,2,5,1,6,1,2,28,69
"7916",12,19,1,11,26,26,20,19,1,11,26,26,20,2,5,0,NA,0,0,0,0,0,0,28,69
"7917",0,0,0,0,0,0,0,0,0,0,0,0,0,0,0,0,0,0,0,0,0,0,0,0,0
"7918",1,7,7,1,7,1,6,1,1,1,1,1,1,1,6,6,1,6,0,6,6,1,1,12,11
"7919",2,7,7,2,7,1,11,7,7,1,7,1,6,1,0,0,2,5,5,1,5,3,3,13,16
"7920",3,12,7,2,9,1,11,7,7,2,7,1,11,2,5,0,2,0,0,5,2,1,1,18,18
"7921",4,12,10,2,12,1,11,12,7,2,9,1,11,3,3,3,3,3,0,3,3,2,1,21,21
"7922",5,12,13,2,12,1,15,12,10,2,12,1,11,3,0,0,2,1,4,3,4,2,3,24,25
"7923",6,12,13,3,12,1,17,12,13,2,12,1,15,2,1,0,2,0,0,1,2,3,3,25,27
"7924",7,12,17,3,12,4,17,12,13,3,12,1,17,1,4,3,1,3,0,4,3,2,2,29,30
"7925",8,12,17,4,12,4,22,12,17,3,12,4,17,1,0,0,4,3,5,1,5,3,3,30,35
"7926",9,12,17,8,12,4,25,12,17,4,12,4,22,4,3,0,3,0,0,4,3,3,3,34,38
"7927",10,14,17,8,12,8,25,12,17,8,12,4,25,2,2,4,2,4,0,2,4,1,2,36,42
"7928",11,16,17,8,13,8,25,14,17,8,12,8,25,2,0,0,1,1,5,2,1,1,1,38,43
"7929",12,16,17,8,13,8,25,16,17,8,13,8,25,1,5,0,NA,0,0,0,0,0,0,38,43
"7930",0,0,0,0,0,0,0,0,0,0,0,0,0,0,0,0,0,0,0,0,0,0,0,0,0
"7931",1,5,1,1,1,1,5,1,1,1,1,1,1,4,1,4,1,4,0,4,4,1,3,4,4
"7932",2,5,2,1,1,1,9,5,1,1,1,1,5,1,0,0,4,2,4,1,4,2,3,5,8
"7933",3,5,2,3,1,5,9,5,2,1,1,1,9,2,4,0,4,0,0,2,4,3,2,7,12
"7934",4,5,2,6,2,5,9,5,2,3,1,5,9,3,1,1,1,1,0,3,1,3,1,10,13
"7935",5,5,3,6,2,9,15,5,2,6,2,5,9,1,0,0,2,5,6,1,6,2,3,11,23
"7936",6,5,3,11,2,11,15,5,3,6,2,9,15,2,5,0,2,0,0,5,2,3,2,16,25
"7937",7,7,3,11,2,11,18,5,3,11,2,11,15,2,3,2,3,2,0,2,3,1,3,18,28
"7938",8,7,5,11,6,11,18,7,3,11,2,11,18,2,0,0,1,4,1,2,4,2,1,20,32
"7939",9,7,5,12,7,11,18,7,5,11,6,11,18,1,1,0,1,0,0,1,1,3,1,21,33
"7940",10,7,10,12,11,11,24,7,5,12,7,11,18,5,6,5,6,5,0,5,6,2,3,26,43
"7941",11,12,10,12,22,11,24,7,10,12,11,11,24,5,0,0,6,4,6,5,6,1,1,31,54
"7942",12,12,10,12,22,11,24,12,10,12,22,11,24,4,6,0,NA,0,0,0,0,0,0,31,54
"7943",0,0,0,0,0,0,0,0,0,0,0,0,0,0,0,0,0,0,0,0,0,0,0,0,0
"7944",1,9,1,1,1,1,5,1,1,1,1,1,1,6,4,4,4,4,0,6,4,1,3,8,4
"7945",2,9,1,5,1,1,7,9,1,1,1,1,5,4,0,0,1,2,2,4,2,3,3,12,6
"7946",3,9,1,7,2,1,7,9,1,5,1,1,7,1,2,0,1,0,0,2,1,3,1,14,7
"7947",4,19,1,7,2,5,7,9,1,7,2,1,7,6,1,4,1,4,0,6,4,1,2,24,11
"7948",5,20,1,7,2,5,11,19,1,7,2,5,7,1,0,0,6,4,3,1,4,1,3,25,15
"7949",6,32,3,7,5,5,11,20,1,7,2,5,11,6,3,0,3,0,0,6,3,1,1,39,18
"7950",7,34,3,7,11,10,11,32,3,7,5,5,11,2,3,6,3,6,0,2,6,1,1,41,29
"7951",8,1,3,7,14,15,11,34,3,7,11,10,11,3,0,0,6,5,1,3,5,1,2,8,37
"7952",9,9,3,7,15,15,11,1,3,7,14,15,11,6,1,0,1,0,0,6,1,1,1,16,38
"7953",10,14,3,7,18,15,11,9,3,7,15,15,11,5,3,1,3,1,0,5,3,1,1,21,41
"7954",11,15,3,7,23,15,11,14,3,7,18,15,11,1,0,0,5,2,2,1,5,1,1,22,46
"7955",12,15,3,7,23,15,11,15,3,7,23,15,11,2,2,0,NA,0,0,0,0,0,0,22,46
"7956",0,0,0,0,0,0,0,0,0,0,0,0,0,0,0,0,0,0,0,0,0,0,0,0,0
"7957",1,2,1,1,1,5,1,1,1,1,1,1,1,2,1,4,2,4,0,1,4,1,2,1,4
"7958",2,2,3,1,1,11,5,2,1,1,1,5,1,2,0,0,1,6,2,2,6,2,2,3,14
"7959",3,2,3,3,1,11,6,2,3,1,1,11,5,1,2,0,1,0,0,2,1,3,3,5,15
"7960",4,2,9,7,6,11,6,2,3,3,1,11,6,2,5,6,2,5,0,6,5,2,1,15,20
"7961",5,2,11,7,6,14,6,2,9,7,6,11,6,2,0,0,3,2,3,2,3,2,2,17,23
"7962",6,2,13,7,6,14,9,2,11,7,6,14,6,2,3,0,3,0,0,2,3,2,3,19,26
"7963",7,2,17,7,6,17,9,2,13,7,6,14,9,3,4,2,3,2,0,4,3,2,2,23,29
"7964",8,4,17,7,12,17,14,2,17,7,6,17,9,2,0,0,6,5,3,2,6,1,1,25,40
"7965",9,9,17,7,12,20,14,4,17,7,12,17,14,5,3,0,3,0,0,5,3,1,2,30,43
"7966",10,9,21,7,17,20,20,9,17,7,12,20,14,4,6,1,6,1,0,4,6,2,3,34,54
"7967",11,10,21,7,21,20,20,9,21,7,17,20,20,1,0,0,4,3,3,1,4,1,1,35,58
"7968",12,10,21,7,21,20,20,10,21,7,21,20,20,3,3,0,NA,0,0,0,0,0,0,35,58
"7969",0,0,0,0,0,0,0,0,0,0,0,0,0,0,0,0,0,0,0,0,0,0,0,0,0
"7970",1,8,1,7,12,7,1,1,1,1,1,1,1,6,6,6,6,6,0,6,6,3,2,13,17
"7971",2,10,1,13,12,7,6,8,1,7,12,7,1,6,0,0,5,3,3,6,5,3,3,21,22
"7972",3,10,4,13,15,7,6,10,1,13,12,7,6,3,3,0,3,0,0,3,3,2,1,24,25
"7973",4,12,4,13,15,10,6,10,4,13,15,7,6,2,1,3,1,3,0,2,3,1,2,26,28
"7974",5,13,4,13,15,15,6,12,4,13,15,10,6,1,0,0,3,3,5,1,5,1,2,27,33
"7975",6,16,4,13,15,15,9,13,4,13,15,15,6,3,3,0,3,0,0,3,3,1,3,30,36
"7976",7,16,9,13,17,15,9,16,4,13,15,15,9,1,5,2,1,2,0,5,2,2,1,35,38
"7977",8,17,9,13,28,15,9,16,9,13,17,15,9,1,0,0,5,6,1,1,6,1,1,36,49
"7978",9,17,9,18,28,15,10,17,9,13,28,15,9,5,1,0,1,0,0,5,1,3,3,41,50
"7979",10,17,9,22,28,15,15,17,9,18,28,15,10,2,4,5,2,5,0,4,5,3,3,45,55
"7980",11,17,11,22,31,15,15,17,9,22,28,15,15,2,0,0,3,4,5,2,3,2,1,47,58
"7981",12,17,11,22,31,15,15,17,11,22,31,15,15,4,5,0,NA,0,0,0,0,0,0,47,58
"7982",0,0,0,0,0,0,0,0,0,0,0,0,0,0,0,0,0,0,0,0,0,0,0,0,0
"7983",1,1,4,1,6,1,1,1,1,1,1,1,1,1,3,5,1,5,0,3,5,2,1,3,5
"7984",2,1,4,2,6,1,6,1,4,1,6,1,1,1,0,0,4,1,5,1,5,3,3,4,10
"7985",3,1,4,3,6,5,6,1,4,2,6,1,6,4,1,0,4,0,0,1,4,3,2,5,14
"7986",4,6,4,3,6,5,9,1,4,3,6,5,6,5,4,3,4,3,0,5,3,1,3,10,17
"7987",5,10,4,3,6,9,9,6,4,3,6,5,9,4,0,0,2,4,5,4,4,1,2,14,21
"7988",6,15,4,3,6,11,9,10,4,3,6,9,9,2,5,0,2,0,0,5,2,1,2,19,23
"7989",7,15,9,9,6,14,9,15,4,3,6,11,9,6,3,2,3,2,0,6,3,3,2,30,26
"7990",8,17,9,9,6,18,9,15,9,9,6,14,9,2,0,0,5,4,2,2,4,1,2,32,30
"7991",9,17,9,14,8,18,9,17,9,9,6,18,9,5,2,0,2,0,0,5,2,3,1,37,32
"7992",10,29,11,14,8,23,9,17,9,14,8,18,9,6,5,4,5,4,0,6,5,1,2,51,37
"7993",11,1,11,14,15,23,9,29,11,14,8,23,9,4,0,0,1,3,3,4,3,1,1,23,44
"7994",12,1,11,14,15,23,9,1,11,14,15,23,9,1,3,0,NA,0,0,0,0,0,0,23,44
"7995",0,0,0,0,0,0,0,0,0,0,0,0,0,0,0,0,0,0,0,0,0,0,0,0,0
"7996",1,6,1,1,1,4,1,1,1,1,1,1,1,2,5,3,2,3,0,5,3,1,2,5,3
"7997",2,8,1,1,1,4,6,6,1,1,1,4,1,2,0,0,5,5,3,2,5,1,3,7,8
"7998",3,8,1,6,1,4,9,8,1,1,1,4,6,5,3,0,3,0,0,5,3,3,3,12,11
"7999",4,8,5,6,1,6,9,8,1,6,1,4,9,4,2,2,2,2,0,4,2,2,2,16,13
"8000",5,8,5,8,1,12,12,8,5,6,1,6,9,2,0,0,1,6,3,2,6,3,2,18,22
"8001",6,8,8,8,1,12,13,8,5,8,1,12,12,1,3,0,1,0,0,3,1,2,3,21,23
"8002",7,8,13,8,1,13,13,8,8,8,1,12,13,5,1,1,1,1,0,5,1,2,2,26,24
"8003",8,8,13,9,1,13,17,8,13,8,1,13,13,1,0,0,3,4,1,1,4,3,3,27,28
"8004",9,11,13,9,1,13,18,8,13,9,1,13,17,3,1,0,1,0,0,3,1,1,3,30,29
"8005",10,15,13,9,1,13,21,11,13,9,1,13,18,4,3,2,3,2,0,4,3,1,3,34,32
"8006",11,15,15,9,1,18,21,15,13,9,1,13,21,2,0,0,2,5,3,2,5,2,2,36,37
"8007",12,15,15,9,1,18,21,15,15,9,1,18,21,2,3,0,NA,0,0,0,0,0,0,36,37
"8008",0,0,0,0,0,0,0,0,0,0,0,0,0,0,0,0,0,0,0,0,0,0,0,0,0
"8009",1,1,1,3,7,1,5,1,1,1,1,1,1,2,1,6,1,6,0,2,6,3,1,2,10
"8010",2,1,2,3,7,7,11,1,1,3,7,1,5,1,0,0,1,4,6,1,6,2,2,3,22
"8011",3,2,2,3,11,7,11,1,2,3,7,7,11,1,4,0,4,0,0,1,4,1,1,4,26
"8012",4,2,4,3,14,7,11,2,2,3,11,7,11,3,2,3,3,3,0,2,3,2,1,6,29
"8013",5,5,4,3,16,7,11,2,4,3,14,7,11,3,0,0,4,2,5,3,2,1,1,9,31
"8014",6,5,8,3,16,12,11,5,4,3,16,7,11,4,5,0,5,0,0,4,5,2,2,13,36
"8015",7,6,8,3,17,12,17,5,8,3,16,12,11,1,6,4,6,4,0,1,6,1,3,14,43
"8016",8,6,12,3,17,14,17,6,8,3,17,12,17,4,0,0,2,4,2,4,2,2,2,18,45
"8017",9,6,12,5,21,14,17,6,12,3,17,14,17,4,2,0,4,0,0,2,4,3,1,20,49
"8018",10,8,12,5,26,14,17,6,12,5,21,14,17,2,5,2,5,2,0,2,5,1,1,22,54
"8019",11,10,12,1,27,15,17,8,12,5,26,14,17,2,0,0,1,1,1,2,1,1,1,20,56
"8020",12,10,12,1,27,15,17,10,12,1,27,15,17,1,1,0,NA,0,0,0,0,0,0,20,56
"8021",0,0,0,0,0,0,0,0,0,0,0,0,0,0,0,0,0,0,0,0,0,0,0,0,0
"8022",1,5,1,1,8,1,7,1,1,1,1,1,1,4,4,6,4,6,0,4,6,1,1,4,13
"8023",2,5,5,1,8,1,12,5,1,1,8,1,7,4,0,0,5,2,3,4,5,2,3,8,18
"8024",3,7,5,1,11,1,12,5,5,1,8,1,12,2,3,0,3,0,0,2,3,1,1,10,21
"8025",4,11,5,1,11,1,16,7,5,1,11,1,12,4,5,4,5,4,0,4,4,1,3,14,25
"8026",5,11,10,1,14,1,16,11,5,1,11,1,16,5,0,0,3,1,2,5,3,2,1,19,28
"8027",6,11,10,3,15,1,16,11,10,1,14,1,16,1,2,0,1,0,0,2,1,3,1,21,29
"8028",7,16,10,3,15,3,16,11,10,3,15,1,16,2,2,5,2,2,0,5,2,1,2,26,31
"8029",8,16,12,3,15,8,16,16,10,3,15,3,16,2,0,0,2,4,5,2,5,2,2,28,36
"8030",9,16,12,7,15,8,18,16,12,3,15,8,16,2,4,0,2,0,0,4,2,3,3,32,38
"8031",10,20,12,7,15,8,21,16,12,7,15,8,18,3,4,2,3,2,0,4,3,1,3,36,41
"8032",11,22,12,7,16,8,21,20,12,7,15,8,21,2,0,0,1,2,3,2,1,1,1,38,42
"8033",12,22,12,7,16,8,21,22,12,7,16,8,21,2,3,0,NA,0,0,0,0,0,0,38,42
"8034",0,0,0,0,0,0,0,0,0,0,0,0,0,0,0,0,0,0,0,0,0,0,0,0,0
"8035",1,1,1,4,7,1,7,1,1,1,1,1,1,6,5,3,6,5,0,3,6,3,1,3,12
"8036",2,1,1,9,7,4,7,1,1,4,7,1,7,5,0,0,1,3,3,5,3,3,2,8,15
"8037",3,2,1,9,7,4,10,1,1,9,7,4,7,1,3,0,3,0,0,1,3,1,3,9,18
"8038",4,7,1,9,7,4,15,2,1,9,7,4,10,5,5,4,5,4,0,5,5,1,3,14,23
"8039",5,7,5,9,7,6,15,7,1,9,7,4,15,4,0,0,1,1,2,4,2,2,2,18,25
"8040",6,7,5,10,7,7,15,7,5,9,7,6,15,1,1,0,1,0,0,1,1,3,2,19,26
"8041",7,7,6,16,14,7,21,7,5,10,7,7,15,6,6,4,6,4,0,6,6,3,3,26,39
"8042",8,11,6,16,14,15,21,7,6,16,14,7,21,4,0,0,3,6,1,4,6,1,2,30,47
"8043",9,11,7,16,17,15,21,11,6,16,14,15,21,3,1,0,3,0,0,1,3,2,1,31,50
"8044",10,13,7,22,20,21,21,11,7,16,17,15,21,6,6,6,6,6,0,6,6,3,2,39,59
"8045",11,20,7,22,23,21,21,13,7,22,20,21,21,6,0,0,3,2,3,6,3,1,1,46,62
"8046",12,20,7,22,23,21,21,20,7,22,23,21,21,2,3,0,NA,0,0,0,0,0,0,46,62
"8047",0,0,0,0,0,0,0,0,0,0,0,0,0,0,0,0,0,0,0,0,0,0,0,0,0
"8048",1,4,1,1,1,5,1,1,1,1,1,1,1,3,3,4,3,4,0,3,4,1,2,3,4
"8049",2,4,4,1,1,5,3,4,1,1,1,5,1,3,0,0,2,2,3,3,2,2,3,6,6
"8050",3,4,4,4,3,5,3,4,4,1,1,5,3,2,3,0,2,0,0,3,2,3,1,9,8
"8051",4,4,5,4,6,5,3,4,4,4,3,5,3,1,3,1,3,1,0,1,3,2,1,10,11
"8052",5,5,5,4,6,5,10,4,5,4,6,5,3,1,0,0,6,6,3,1,6,1,3,11,18
"8053",6,12,5,4,9,5,10,5,5,4,6,5,10,6,3,0,3,0,0,6,3,1,1,18,21
"8054",7,18,5,9,12,5,16,12,5,4,9,5,10,6,1,6,1,6,0,6,6,1,3,29,30
"8055",8,18,5,10,12,17,16,18,5,9,12,5,16,1,0,0,3,2,6,1,6,3,2,30,42
"8056",9,18,8,10,12,17,18,18,5,10,12,17,16,3,2,0,2,0,0,3,2,2,3,33,44
"8057",10,18,8,12,16,17,18,18,8,10,12,17,18,2,2,4,2,4,0,2,4,3,1,35,48
"8058",11,20,8,12,20,17,18,18,8,12,16,17,18,2,0,0,4,2,4,2,4,1,1,37,52
"8059",12,20,8,12,20,17,18,20,8,12,20,17,18,2,4,0,NA,0,0,0,0,0,0,37,52
"8060",0,0,0,0,0,0,0,0,0,0,0,0,0,0,0,0,0,0,0,0,0,0,0,0,0
"8061",1,1,6,1,1,1,6,1,1,1,1,1,1,5,5,2,5,2,0,5,5,2,3,5,5
"8062",2,1,6,3,1,4,6,1,6,1,1,1,6,2,0,0,2,1,3,2,3,3,2,7,8
"8063",3,1,8,3,1,4,7,1,6,3,1,4,6,2,1,0,1,0,0,2,1,2,3,9,9
"8064",4,4,8,9,1,11,13,1,8,3,1,4,7,6,6,1,6,1,0,6,6,3,3,18,22
"8065",5,5,8,9,6,17,13,4,8,9,1,11,13,1,0,0,6,2,1,1,6,1,2,19,33
"8066",6,6,8,9,6,17,15,5,8,9,6,17,13,2,1,0,2,0,0,1,2,1,3,20,35
"8067",7,6,8,14,6,17,18,6,8,9,6,17,15,1,5,3,1,3,0,5,3,3,3,25,38
"8068",8,7,8,14,9,17,18,6,8,14,6,17,18,1,0,0,3,1,2,1,3,1,1,26,41
"8069",9,7,8,16,10,17,18,7,8,14,9,17,18,1,2,0,1,0,0,2,1,3,1,28,42
"8070",10,7,12,16,13,17,18,7,8,16,10,17,18,4,3,4,3,4,0,4,3,2,1,32,45
"8071",11,11,12,16,18,17,18,7,12,16,13,17,18,4,0,0,5,2,2,4,5,1,1,36,50
"8072",12,11,12,16,18,17,18,11,12,16,18,17,18,2,2,0,NA,0,0,0,0,0,0,36,50
"8073",0,0,0,0,0,0,0,0,0,0,0,0,0,0,0,0,0,0,0,0,0,0,0,0,0
"8074",1,1,1,6,1,6,1,1,1,1,1,1,1,5,5,2,5,2,0,5,5,3,2,5,5
"8075",2,3,1,6,5,6,7,1,1,6,1,6,1,2,0,0,1,4,6,2,6,1,3,7,15
"8076",3,3,5,6,5,6,8,3,1,6,5,6,7,1,4,0,1,0,0,4,1,2,3,11,16
"8077",4,8,5,6,5,6,11,3,5,6,5,6,8,3,5,3,3,3,0,5,3,1,3,16,19
"8078",5,8,5,9,8,6,11,8,5,6,5,6,11,3,0,0,2,2,3,3,3,3,1,19,22
"8079",6,10,5,9,8,6,13,8,5,9,8,6,11,2,2,0,2,0,0,2,2,1,3,21,24
"8080",7,10,8,9,17,6,13,10,5,9,8,6,13,1,3,6,1,6,0,3,6,2,1,24,33
"8081",8,11,8,9,17,11,13,10,8,9,17,6,13,1,0,0,2,1,5,1,5,1,2,25,38
"8082",9,13,8,9,18,11,13,11,8,9,17,11,13,2,1,0,1,0,0,2,1,1,1,27,39
"8083",10,19,14,10,18,16,19,13,8,9,18,11,13,6,6,2,6,2,0,6,6,1,3,40,50
"8084",11,21,14,10,19,16,19,19,14,10,18,16,19,2,0,0,1,1,2,2,1,1,1,42,51
"8085",12,21,14,10,19,16,19,21,14,10,19,16,19,1,2,0,NA,0,0,0,0,0,0,42,51
"8086",0,0,0,0,0,0,0,0,0,0,0,0,0,0,0,0,0,0,0,0,0,0,0,0,0
"8087",1,1,3,1,1,1,6,1,1,1,1,1,1,5,3,2,5,3,0,2,5,2,3,2,5
"8088",2,1,3,4,1,7,10,1,3,1,1,1,6,3,0,0,1,6,5,3,6,3,2,5,15
"8089",3,1,8,4,1,7,11,1,3,4,1,7,10,1,5,0,1,0,0,5,1,2,3,10,16
"8090",4,1,11,4,1,12,11,1,8,4,1,7,11,3,3,5,3,5,0,3,5,2,2,13,21
"8091",5,4,11,4,1,12,16,1,11,4,1,12,11,3,0,0,3,5,3,3,5,1,3,16,26
"8092",6,4,14,4,1,15,16,4,11,4,1,12,16,3,3,0,3,0,0,3,3,2,2,19,29
"8093",7,6,14,4,1,15,17,4,14,4,1,15,16,4,1,2,4,1,0,2,1,1,3,21,30
"8094",8,6,18,4,1,19,17,6,14,4,1,15,17,4,0,0,4,2,4,4,4,2,2,25,34
"8095",9,10,18,4,3,19,17,6,18,4,1,19,17,2,4,0,2,0,0,4,2,1,1,29,36
"8096",10,10,20,4,3,22,17,10,18,4,3,19,17,3,2,3,3,3,0,2,3,2,2,31,39
"8097",11,13,20,4,5,22,17,10,20,4,3,22,17,3,0,0,2,3,4,3,2,1,1,34,41
"8098",12,13,20,4,5,22,17,13,20,4,5,22,17,3,4,0,NA,0,0,0,0,0,0,34,41
"8099",0,0,0,0,0,0,0,0,0,0,0,0,0,0,0,0,0,0,0,0,0,0,0,0,0
"8100",1,1,4,1,5,7,1,1,1,1,1,1,1,2,6,3,2,6,0,3,6,2,2,3,10
"8101",2,3,4,1,9,7,1,1,4,1,5,7,1,2,0,0,1,5,4,2,4,1,1,5,14
"8102",3,8,4,1,9,8,1,3,4,1,9,7,1,1,5,0,1,0,0,5,1,1,2,10,15
"8103",4,11,4,1,15,9,1,8,4,1,9,8,1,6,3,5,6,5,0,3,6,1,1,13,22
"8104",5,11,9,1,15,12,7,11,4,1,15,9,1,5,0,0,3,3,6,5,6,2,3,18,31
"8105",6,14,9,1,15,15,7,11,9,1,15,12,7,3,3,0,3,0,0,3,3,1,2,21,34
"8106",7,14,12,1,16,15,13,14,9,1,15,15,7,3,6,4,6,4,0,3,6,2,3,24,41
"8107",8,14,16,1,16,15,16,14,12,1,16,15,13,4,0,0,2,3,1,4,3,2,3,28,44
"8108",9,16,16,1,17,15,16,14,16,1,16,15,16,2,1,0,1,0,0,2,1,1,1,30,45
"8109",10,19,16,1,21,15,22,16,16,1,17,15,16,6,4,3,6,4,0,3,6,1,3,33,55
"8110",11,23,16,1,26,15,22,19,16,1,21,15,22,4,0,0,5,1,4,4,5,1,1,37,60
"8111",12,23,16,1,26,15,22,23,16,1,26,15,22,1,4,0,NA,0,0,0,0,0,0,37,60
"8112",0,0,0,0,0,0,0,0,0,0,0,0,0,0,0,0,0,0,0,0,0,0,0,0,0
"8113",1,1,3,1,1,6,1,1,1,1,1,1,1,2,5,5,5,5,0,2,5,2,2,2,5
"8114",2,1,3,6,1,11,1,1,3,1,1,6,1,5,0,0,5,5,5,5,5,3,2,7,10
"8115",3,1,8,6,6,11,1,1,3,6,1,11,1,5,5,0,5,0,0,5,5,2,1,12,15
"8116",4,1,8,16,12,11,3,1,8,6,6,11,1,2,6,6,2,6,0,6,6,3,1,22,23
"8117",5,1,10,16,17,17,3,1,8,16,12,11,3,2,0,0,4,6,1,2,6,2,2,24,34
"8118",6,1,14,16,18,17,3,1,10,16,17,17,3,4,1,0,1,0,0,4,1,2,1,28,35
"8119",7,1,16,16,18,17,6,1,14,16,18,17,3,2,5,3,5,3,0,2,3,2,3,30,38
"8120",8,1,16,21,23,17,18,1,16,16,18,17,6,5,0,0,2,6,1,5,6,3,3,35,55
"8121",9,1,16,22,23,19,18,1,16,21,23,17,18,2,1,0,2,0,0,1,2,3,2,36,57
"8122",10,1,16,25,23,24,18,1,16,22,23,19,18,3,5,5,5,5,0,3,5,3,2,39,62
"8123",11,6,16,25,23,29,18,1,16,25,23,24,18,5,0,0,5,4,5,5,5,1,2,44,67
"8124",12,6,16,25,23,29,18,6,16,25,23,29,18,4,5,0,NA,0,0,0,0,0,0,44,67
"8125",0,0,0,0,0,0,0,0,0,0,0,0,0,0,0,0,0,0,0,0,0,0,0,0,0
"8126",1,1,1,6,1,5,1,1,1,1,1,1,1,2,4,5,2,4,0,5,4,3,2,5,4
"8127",2,3,1,6,7,11,1,1,1,6,1,5,1,2,0,0,4,2,6,2,6,1,2,7,16
"8128",3,5,1,6,7,11,5,3,1,6,7,11,1,4,2,0,4,0,0,2,4,1,3,9,20
"8129",4,5,1,10,8,11,5,5,1,6,7,11,5,1,4,1,1,1,0,4,1,3,1,13,21
"8130",5,5,1,11,8,14,11,5,1,10,8,11,5,1,0,0,6,6,2,1,6,3,3,14,30
"8131",6,5,7,12,8,14,13,5,1,11,8,14,11,6,2,0,2,0,0,6,2,2,3,21,32
"8132",7,5,7,17,13,14,13,5,7,12,8,14,13,4,5,5,4,5,0,5,5,3,1,26,37
"8133",8,5,11,17,17,14,13,5,7,17,13,14,13,4,0,0,2,4,4,4,4,2,1,30,41
"8134",9,5,13,17,21,14,13,5,11,17,17,14,13,2,4,0,4,0,0,2,4,2,1,32,45
"8135",10,5,16,17,22,20,13,5,13,17,21,14,13,3,6,1,6,1,0,3,6,2,2,35,52
"8136",11,6,16,17,23,20,13,5,16,17,22,20,13,1,0,0,1,2,1,1,1,1,1,36,53
"8137",12,6,16,17,23,20,13,6,16,17,23,20,13,2,1,0,NA,0,0,0,0,0,0,36,53
"8138",0,0,0,0,0,0,0,0,0,0,0,0,0,0,0,0,0,0,0,0,0,0,0,0,0
"8139",1,4,1,13,1,1,6,1,1,1,1,1,1,6,5,3,5,3,0,6,5,3,3,15,5
"8140",2,7,1,13,1,1,11,4,1,13,1,1,6,3,0,0,6,5,1,3,5,1,3,18,10
"8141",3,7,1,20,2,1,11,7,1,13,1,1,11,6,1,0,1,0,0,6,1,3,1,25,11
"8142",4,15,1,20,6,1,11,7,1,20,2,1,11,6,4,4,4,4,0,6,4,1,1,33,15
"8143",5,15,1,24,10,1,11,15,1,20,6,1,11,4,0,0,6,4,4,4,4,3,1,37,19
"8144",6,19,1,1,16,6,11,15,1,24,10,1,11,6,4,0,6,0,0,4,6,1,1,18,30
"8145",7,19,4,1,16,8,11,19,1,1,16,6,11,3,1,2,1,2,0,3,2,2,2,21,32
"8146",8,19,5,1,16,11,17,19,4,1,16,8,11,1,0,0,6,3,5,1,6,2,3,22,41
"8147",9,24,5,1,16,14,17,19,5,1,16,11,17,3,5,0,3,0,0,5,3,1,2,27,44
"8148",10,29,5,1,16,20,22,24,5,1,16,14,17,3,6,5,3,6,0,5,6,1,2,32,55
"8149",11,32,5,1,20,20,22,29,5,1,16,20,22,3,0,0,4,3,2,3,4,1,1,35,59
"8150",12,32,5,1,20,20,22,32,5,1,20,20,22,3,2,0,NA,0,0,0,0,0,0,35,59
"8151",0,0,0,0,0,0,0,0,0,0,0,0,0,0,0,0,0,0,0,0,0,0,0,0,0
"8152",1,1,1,6,1,1,5,1,1,1,1,1,1,4,1,5,4,1,0,5,4,3,3,5,4
"8153",2,1,2,6,8,1,5,1,1,6,1,1,5,1,0,0,5,6,4,1,6,2,1,6,11
"8154",3,1,7,6,8,1,9,1,2,6,8,1,5,5,4,0,4,0,0,5,4,2,3,11,15
"8155",4,6,7,6,15,1,9,1,7,6,8,1,9,6,1,5,6,1,0,5,6,1,1,16,22
"8156",5,7,7,6,22,1,9,6,7,6,15,1,9,1,0,0,6,3,1,1,6,1,1,17,29
"8157",6,7,7,9,22,2,9,7,7,6,22,1,9,3,1,0,1,0,0,3,1,3,2,20,30
"8158",7,7,8,9,22,2,11,7,7,9,22,2,9,1,1,2,1,2,0,1,2,2,3,21,32
"8159",8,8,8,9,22,6,11,7,8,9,22,2,11,1,0,0,1,2,4,1,4,1,2,22,36
"8160",9,9,8,9,22,8,11,8,8,9,22,6,11,1,2,0,2,0,0,1,2,1,2,23,38
"8161",10,11,8,9,28,9,11,9,8,9,22,8,11,6,4,2,6,4,0,2,6,1,1,25,45
"8162",11,15,8,9,38,9,11,11,8,9,28,9,11,4,0,0,6,2,5,4,6,1,1,29,55
"8163",12,15,8,9,38,9,11,15,8,9,38,9,11,2,5,0,NA,0,0,0,0,0,0,29,55
"8164",0,0,0,0,0,0,0,0,0,0,0,0,0,0,0,0,0,0,0,0,0,0,0,0,0
"8165",1,1,5,1,4,7,1,1,1,1,1,1,1,6,1,4,6,1,0,4,6,2,2,4,9
"8166",2,1,5,2,11,7,1,1,5,1,4,7,1,1,0,0,1,6,4,1,6,3,1,5,16
"8167",3,2,5,2,11,7,5,1,5,2,11,7,1,1,4,0,4,0,0,1,4,1,3,6,20
"8168",4,2,5,4,11,7,10,2,5,2,11,7,5,2,5,4,5,4,0,2,5,3,3,8,25
"8169",5,6,5,4,11,7,15,2,5,4,11,7,10,4,0,0,5,3,2,4,5,1,3,12,30
"8170",6,6,5,6,14,7,15,6,5,4,11,7,15,3,2,0,3,0,0,2,3,3,1,14,33
"8171",7,6,14,6,16,13,15,6,5,6,14,7,15,6,1,6,1,6,0,6,6,2,2,23,41
"8172",8,7,14,6,16,13,18,6,14,6,16,13,15,1,0,0,1,1,3,1,3,1,3,24,44
"8173",9,7,15,6,16,14,18,7,14,6,16,13,18,1,1,0,1,0,0,1,1,2,2,25,45
"8174",10,9,15,6,17,14,18,7,15,6,16,14,18,2,1,4,1,4,0,2,1,1,1,27,46
"8175",11,13,15,6,20,14,18,9,15,6,17,14,18,4,0,0,3,4,5,4,3,1,1,31,49
"8176",12,13,15,6,20,14,18,13,15,6,20,14,18,4,5,0,NA,0,0,0,0,0,0,31,49
"8177",0,0,0,0,0,0,0,0,0,0,0,0,0,0,0,0,0,0,0,0,0,0,0,0,0
"8178",1,3,1,1,1,1,5,1,1,1,1,1,1,4,2,1,4,1,0,2,4,1,3,2,4
"8179",2,3,2,1,1,4,5,3,1,1,1,1,5,1,0,0,2,3,1,1,3,2,2,3,7
"8180",3,5,2,1,1,4,6,3,2,1,1,4,5,2,1,0,1,0,0,2,1,1,3,5,8
"8181",4,5,2,6,1,4,9,5,2,1,1,4,6,5,3,2,3,2,0,5,3,3,3,10,11
"8182",5,5,2,8,1,9,9,5,2,6,1,4,9,2,0,0,5,1,5,2,5,3,2,12,16
"8183",6,5,2,13,2,9,9,5,2,8,1,9,9,1,5,0,1,0,0,5,1,3,1,17,17
"8184",7,8,8,13,2,14,9,5,2,13,2,9,9,5,5,6,5,5,0,6,5,2,2,26,22
"8185",8,8,8,18,2,14,14,8,8,13,2,14,9,5,0,0,1,6,5,5,5,3,3,31,27
"8186",9,14,8,22,2,14,15,8,8,18,2,14,14,1,6,0,1,0,0,6,1,1,3,41,28
"8187",10,18,8,22,2,14,20,14,8,22,2,14,15,4,1,5,1,5,0,4,5,1,3,45,33
"8188",11,18,8,23,7,14,26,18,8,22,2,14,20,1,0,0,5,4,6,1,6,3,3,46,44
"8189",12,18,8,23,7,14,26,18,8,23,7,14,26,5,4,0,NA,0,0,0,0,0,0,46,44
"8190",0,0,0,0,0,0,0,0,0,0,0,0,0,0,0,0,0,0,0,0,0,0,0,0,0
"8191",1,1,1,2,1,4,1,1,1,1,1,1,1,1,3,1,3,1,0,1,3,3,2,1,3
"8192",2,2,1,2,1,7,1,1,1,2,1,4,1,1,0,0,3,1,2,1,3,1,2,2,6
"8193",3,4,1,2,2,7,1,2,1,2,1,7,1,1,2,0,1,0,0,2,1,1,1,4,7
"8194",4,9,7,2,2,12,1,4,1,2,2,7,1,6,5,2,5,2,0,6,5,2,2,15,12
"8195",5,11,7,2,2,12,5,9,7,2,2,12,1,2,0,0,5,3,4,2,4,1,3,17,16
"8196",6,16,7,2,5,12,5,11,7,2,2,12,5,5,3,0,3,0,0,5,3,1,1,22,19
"8197",7,16,7,5,6,12,5,16,7,2,5,12,5,3,1,1,1,1,0,3,1,3,1,25,20
"8198",8,16,7,6,11,12,5,16,7,5,6,12,5,1,0,0,2,4,5,1,5,3,1,26,25
"8199",9,20,7,6,11,12,7,16,7,6,11,12,5,2,4,0,2,0,0,4,2,1,3,30,27
"8200",10,20,7,7,11,15,7,20,7,6,11,12,7,3,1,2,3,2,0,1,3,3,2,31,30
"8201",11,20,9,7,22,15,7,20,7,7,11,15,7,2,0,0,4,6,1,2,6,2,1,33,41
"8202",12,20,9,7,22,15,7,20,9,7,22,15,7,4,1,0,NA,0,0,0,0,0,0,33,41
"8203",0,0,0,0,0,0,0,0,0,0,0,0,0,0,0,0,0,0,0,0,0,0,0,0,0
"8204",1,1,3,1,1,1,4,1,1,1,1,1,1,2,3,2,3,2,0,2,3,2,3,2,3
"8205",2,3,3,1,1,1,9,1,3,1,1,1,4,2,0,0,5,4,2,2,5,1,3,4,8
"8206",3,3,7,1,1,3,9,3,3,1,1,1,9,4,2,0,2,0,0,4,2,2,2,8,10
"8207",4,9,11,7,1,7,9,3,7,1,1,3,9,6,4,1,4,1,0,6,4,3,2,24,14
"8208",5,9,12,7,7,13,9,9,11,7,1,7,9,1,0,0,1,5,6,1,6,2,2,25,26
"8209",6,9,12,12,7,13,10,9,12,7,7,13,9,1,5,0,1,0,0,5,1,3,3,30,27
"8210",7,14,12,12,7,13,12,9,12,12,7,13,10,5,2,1,2,1,0,5,2,1,3,35,29
"8211",8,14,12,13,7,13,16,14,12,12,7,13,12,1,0,0,1,6,4,1,4,3,3,36,33
"8212",9,20,17,13,7,13,17,14,12,13,7,13,16,1,6,0,1,0,0,6,1,1,3,47,34
"8213",10,26,22,13,7,17,17,20,17,13,7,13,17,6,5,4,5,4,0,6,4,1,2,58,38
"8214",11,26,27,13,12,17,17,26,22,13,7,17,17,5,0,0,5,5,1,5,5,2,1,63,43
"8215",12,26,27,13,12,17,17,26,27,13,12,17,17,5,1,0,NA,0,0,0,0,0,0,63,43
"8216",0,0,0,0,0,0,0,0,0,0,0,0,0,0,0,0,0,0,0,0,0,0,0,0,0
"8217",1,5,1,1,6,1,1,1,1,1,1,1,1,5,1,4,5,1,0,4,5,1,1,4,5
"8218",2,5,2,1,12,7,4,5,1,1,6,1,1,1,0,0,2,6,4,1,6,2,2,5,20
"8219",3,5,4,1,12,11,4,5,2,1,12,7,4,2,4,0,4,0,0,2,4,2,2,7,24
"8220",4,5,9,1,14,11,10,5,4,1,12,11,4,5,5,6,5,6,0,5,6,2,3,12,32
"8221",5,10,9,1,14,16,10,5,9,1,14,11,10,5,0,0,1,5,4,5,5,1,2,17,37
"8222",6,14,9,1,14,16,11,10,9,1,14,16,10,1,4,0,1,0,0,4,1,1,3,21,38
"8223",7,19,9,1,16,16,11,14,9,1,14,16,11,5,2,2,2,2,0,5,2,1,1,26,40
"8224",8,21,9,1,16,18,11,19,9,1,16,16,11,2,0,0,1,2,2,2,2,1,2,28,42
"8225",9,22,9,1,16,20,11,21,9,1,16,18,11,1,2,0,2,0,0,1,2,1,2,29,44
"8226",10,22,15,6,16,25,11,22,9,1,16,20,11,6,2,5,2,5,0,6,5,2,2,40,49
"8227",11,22,17,6,18,25,11,22,15,6,16,25,11,2,0,0,2,4,3,2,2,2,1,42,51
"8228",12,22,17,6,18,25,11,22,17,6,18,25,11,4,3,0,NA,0,0,0,0,0,0,42,51
"8229",0,0,0,0,0,0,0,0,0,0,0,0,0,0,0,0,0,0,0,0,0,0,0,0,0
"8230",1,13,4,1,5,1,1,1,1,1,1,1,1,4,6,2,4,2,0,6,4,1,1,15,4
"8231",2,15,4,1,8,1,7,13,4,1,5,1,1,2,0,0,1,2,6,2,6,1,3,17,13
"8232",3,17,4,1,9,1,7,15,4,1,8,1,7,1,2,0,1,0,0,2,1,1,1,19,14
"8233",4,17,6,1,9,3,7,17,4,1,9,1,7,2,2,2,2,2,0,2,2,2,2,21,16
"8234",5,17,6,3,11,3,13,17,6,1,9,3,7,2,0,0,5,6,1,2,6,3,3,23,24
"8235",6,17,11,3,12,3,13,17,6,3,11,3,13,5,1,0,1,0,0,5,1,2,1,28,25
"8236",7,17,16,3,16,3,13,17,11,3,12,3,13,5,4,2,4,2,0,5,4,2,1,33,29
"8237",8,19,16,3,20,3,19,17,16,3,16,3,13,2,0,0,4,6,3,2,6,1,3,35,39
"8238",9,19,20,3,20,6,19,19,16,3,20,3,19,4,3,0,3,0,0,4,3,2,2,39,42
"8239",10,24,20,3,24,6,19,19,20,3,20,6,19,5,2,4,2,4,0,5,4,1,1,44,46
"8240",11,24,20,5,30,6,23,24,20,3,24,6,19,2,0,0,1,5,6,2,6,3,1,46,56
"8241",12,24,20,5,30,6,23,24,20,5,30,6,23,1,5,0,NA,0,0,0,0,0,0,46,56
"8242",0,0,0,0,0,0,0,0,0,0,0,0,0,0,0,0,0,0,0,0,0,0,0,0,0
"8243",1,1,1,2,3,1,1,1,1,1,1,1,1,1,2,1,2,1,0,1,2,3,1,1,2
"8244",2,1,2,2,6,7,1,1,1,2,3,1,1,1,0,0,6,2,3,1,6,2,2,2,11
"8245",3,3,2,2,6,7,4,1,2,2,6,7,1,2,3,0,3,0,0,2,3,1,3,4,14
"8246",4,3,2,6,10,7,4,3,2,2,6,7,4,4,4,4,4,4,0,4,4,3,1,8,18
"8247",5,3,2,10,10,12,4,3,2,6,10,7,4,4,0,0,4,3,5,4,5,3,2,12,23
"8248",6,7,2,10,10,15,4,3,2,10,10,12,4,4,3,0,3,0,0,4,3,1,2,16,26
"8249",7,10,2,10,10,15,7,7,2,10,10,15,4,3,1,3,1,3,0,3,3,1,3,19,29
"8250",8,10,3,10,10,15,11,10,2,10,10,15,7,1,0,0,4,2,1,1,4,2,3,20,33
"8251",9,12,3,10,10,16,11,10,3,10,10,15,11,2,1,0,1,0,0,2,1,1,2,22,34
"8252",10,12,7,10,11,16,11,12,3,10,10,16,11,4,1,1,1,1,0,4,1,2,1,26,35
"8253",11,13,7,10,16,16,11,12,7,10,11,16,11,1,0,0,5,2,1,1,5,1,1,27,40
"8254",12,13,7,10,16,16,11,13,7,10,16,16,11,2,1,0,NA,0,0,0,0,0,0,27,40
"8255",0,0,0,0,0,0,0,0,0,0,0,0,0,0,0,0,0,0,0,0,0,0,0,0,0
"8256",1,1,6,1,6,1,1,1,1,1,1,1,1,3,5,5,3,5,0,5,5,2,1,5,5
"8257",2,4,6,1,6,1,6,1,6,1,6,1,1,3,0,0,2,1,5,3,5,1,3,8,10
"8258",3,4,8,1,7,1,6,4,6,1,6,1,6,2,1,0,1,0,0,2,1,2,1,10,11
"8259",4,15,8,1,7,1,8,4,8,1,7,1,6,3,2,6,3,2,0,6,2,1,3,21,13
"8260",5,15,8,4,7,1,10,15,8,1,7,1,8,3,0,0,2,3,2,3,2,3,3,24,15
"8261",6,15,11,4,7,3,10,15,8,4,7,1,10,3,2,0,2,0,0,3,2,2,2,27,17
"8262",7,15,16,4,9,3,10,15,11,4,7,3,10,5,2,2,2,2,0,5,2,2,1,32,19
"8263",8,15,18,4,9,4,16,15,16,4,9,3,10,2,0,0,6,6,2,2,6,2,3,34,26
"8264",9,23,18,4,9,4,18,15,18,4,9,4,16,6,2,0,2,0,0,6,2,1,3,42,28
"8265",10,27,18,4,9,4,23,23,18,4,9,4,18,5,4,6,5,6,0,4,5,1,3,46,33
"8266",11,36,24,1,1,10,28,27,18,4,9,4,23,6,0,0,3,2,4,6,3,2,3,58,36
"8267",12,36,24,1,1,10,28,36,24,1,1,10,28,2,4,0,NA,0,0,0,0,0,0,58,36
"8268",0,0,0,0,0,0,0,0,0,0,0,0,0,0,0,0,0,0,0,0,0,0,0,0,0
"8269",1,1,4,1,3,1,1,1,1,1,1,1,1,2,2,3,2,2,0,3,2,2,1,3,2
"8270",2,1,6,1,3,1,5,1,4,1,3,1,1,2,0,0,4,1,1,2,4,2,3,5,6
"8271",3,1,6,2,3,1,6,1,6,1,3,1,5,1,1,0,1,0,0,1,1,3,3,6,7
"8272",4,1,6,3,3,1,9,1,6,2,3,1,6,3,1,3,3,3,0,1,3,3,3,7,10
"8273",5,1,6,6,3,6,9,1,6,3,3,1,9,3,0,0,1,4,5,3,5,3,2,10,15
"8274",6,1,10,6,3,6,10,1,6,6,3,6,9,1,4,0,1,0,0,4,1,2,3,14,16
"8275",7,1,18,6,4,6,10,1,10,6,3,6,10,6,1,1,1,1,0,6,1,2,1,22,17
"8276",8,1,19,6,9,6,16,1,18,6,4,6,10,1,0,0,6,1,4,1,6,2,3,23,28
"8277",9,1,23,6,10,6,16,1,19,6,9,6,16,1,4,0,1,0,0,4,1,2,1,27,29
"8278",10,1,23,10,12,6,16,1,23,6,10,6,16,4,2,2,2,2,0,4,2,3,1,31,31
"8279",11,1,25,10,12,13,16,1,23,10,12,6,16,2,0,0,6,4,3,2,6,2,2,33,38
"8280",12,1,25,10,12,13,16,1,25,10,12,13,16,4,3,0,NA,0,0,0,0,0,0,33,38
"8281",0,0,0,0,0,0,0,0,0,0,0,0,0,0,0,0,0,0,0,0,0,0,0,0,0
"8282",1,1,5,1,1,1,5,1,1,1,1,1,1,4,5,4,5,4,0,4,4,2,3,4,4
"8283",2,1,10,1,1,4,5,1,5,1,1,1,5,5,0,0,3,3,1,5,3,2,2,9,7
"8284",3,1,10,4,2,4,5,1,10,1,1,4,5,3,1,0,1,0,0,3,1,3,1,12,8
"8285",4,6,10,4,2,5,5,1,10,4,2,4,5,5,1,1,1,1,0,5,1,1,2,17,9
"8286",5,7,10,4,6,5,11,6,10,4,2,5,5,1,0,0,4,2,6,1,6,1,3,18,19
"8287",6,7,14,4,6,5,13,7,10,4,6,5,11,4,2,0,2,0,0,4,2,2,3,22,21
"8288",7,11,14,4,8,5,13,7,14,4,6,5,13,2,2,4,2,2,0,4,2,1,1,26,23
"8289",8,13,14,4,13,5,13,11,14,4,8,5,13,2,0,0,4,6,5,2,5,1,1,28,28
"8290",9,14,20,4,13,5,17,13,14,4,13,5,13,4,6,0,4,0,0,6,4,2,3,35,32
"8291",10,14,26,5,13,5,21,14,20,4,13,5,17,4,6,3,4,3,0,6,4,2,3,42,36
"8292",11,14,26,8,13,5,26,14,26,5,13,5,21,3,0,0,5,4,3,3,5,3,3,45,41
"8293",12,14,26,8,13,5,26,14,26,8,13,5,26,4,3,0,NA,0,0,0,0,0,0,45,41
"8294",0,0,0,0,0,0,0,0,0,0,0,0,0,0,0,0,0,0,0,0,0,0,0,0,0
"8295",1,3,7,1,5,1,1,1,1,1,1,1,1,4,6,3,4,3,0,6,4,2,1,8,4
"8296",2,3,7,4,9,7,1,3,7,1,5,1,1,3,0,0,1,6,3,3,6,3,2,11,14
"8297",3,6,7,4,10,7,1,3,7,4,9,7,1,1,3,0,1,0,0,3,1,1,1,14,15
"8298",4,6,7,7,16,13,1,6,7,4,10,7,1,4,3,6,4,6,0,3,6,3,1,17,27
"8299",5,6,7,11,16,13,5,6,7,7,16,13,1,4,0,0,1,1,4,4,4,3,3,21,31
"8300",6,7,7,11,16,14,5,6,7,11,16,13,5,1,1,0,1,0,0,1,1,1,2,22,32
"8301",7,7,7,15,16,14,6,7,7,11,16,14,5,1,1,4,1,1,0,4,1,3,3,26,33
"8302",8,8,7,15,16,20,9,7,7,15,16,14,6,1,0,0,6,1,4,1,6,1,2,27,42
"8303",9,9,7,15,20,20,9,8,7,15,16,20,9,1,4,0,4,0,0,1,4,1,1,28,46
"8304",10,13,7,15,20,21,9,9,7,15,20,20,9,4,1,3,1,3,0,4,1,1,2,32,47
"8305",11,16,7,15,24,21,9,13,7,15,20,21,9,3,0,0,4,4,3,3,4,1,1,35,51
"8306",12,16,7,15,24,21,9,16,7,15,24,21,9,4,3,0,NA,0,0,0,0,0,0,35,51
"8307",0,0,0,0,0,0,0,0,0,0,0,0,0,0,0,0,0,0,0,0,0,0,0,0,0
"8308",1,5,1,7,1,10,1,1,1,1,1,1,1,6,3,6,3,6,0,6,6,3,2,10,9
"8309",2,5,4,7,5,10,1,5,1,7,1,10,1,3,0,0,1,4,1,3,4,2,1,13,13
"8310",3,6,4,7,5,10,2,5,4,7,5,10,1,1,1,0,1,0,0,1,1,1,3,14,14
"8311",4,11,10,7,5,13,2,6,4,7,5,10,2,3,6,3,3,3,0,6,3,2,2,25,17
"8312",5,11,10,10,5,22,2,11,10,7,5,13,2,3,0,0,1,6,1,3,6,3,2,28,26
"8313",6,11,10,11,6,22,2,11,10,10,5,22,2,1,1,0,1,0,0,1,1,3,1,29,27
"8314",7,16,10,11,8,28,2,11,10,11,6,22,2,5,5,6,5,6,0,5,6,1,2,34,35
"8315",8,21,10,11,8,31,2,16,10,11,8,28,2,5,0,0,1,5,3,5,3,1,2,39,38
"8316",9,21,15,11,8,32,2,21,10,11,8,31,2,1,5,0,1,0,0,5,1,2,2,44,39
"8317",10,21,1,11,14,32,8,21,15,11,8,32,2,2,6,3,2,3,0,6,2,2,3,30,51
"8318",11,21,4,11,21,32,8,21,1,11,14,32,8,3,0,0,6,4,4,3,6,2,1,33,58
"8319",12,21,4,11,21,32,8,21,4,11,21,32,8,4,4,0,NA,0,0,0,0,0,0,33,58
"8320",0,0,0,0,0,0,0,0,0,0,0,0,0,0,0,0,0,0,0,0,0,0,0,0,0
"8321",1,7,5,1,1,7,3,1,1,1,1,1,1,1,6,6,1,6,0,6,6,1,2,10,8
"8322",2,8,5,1,3,13,3,7,5,1,1,7,3,1,0,0,4,6,4,1,6,1,2,11,16
"8323",3,12,5,1,3,17,3,8,5,1,3,13,3,4,4,0,4,0,0,4,4,1,2,15,20
"8324",4,12,5,13,8,17,3,12,5,1,3,17,3,6,1,5,1,5,0,6,5,3,1,27,25
"8325",5,13,5,13,13,17,9,12,5,13,8,17,3,1,0,0,6,6,3,1,6,1,3,28,36
"8326",6,23,5,13,13,20,9,13,5,13,13,17,9,6,3,0,3,0,0,6,3,1,2,38,39
"8327",7,23,9,13,17,20,9,23,5,13,13,20,9,4,4,3,4,3,0,4,4,2,1,42,43
"8328",8,23,9,16,19,26,9,23,9,13,17,20,9,3,0,0,3,6,6,3,6,3,2,45,51
"8329",9,23,15,18,19,26,12,23,9,16,19,26,9,3,6,0,3,0,0,6,3,2,3,53,54
"8330",10,27,15,18,19,30,12,23,15,18,19,26,12,4,2,4,2,4,0,4,4,1,2,57,58
"8331",11,29,15,18,24,30,12,27,15,18,19,30,12,2,0,0,4,2,5,2,5,1,1,59,63
"8332",12,29,15,18,24,30,12,29,15,18,24,30,12,4,2,0,NA,0,0,0,0,0,0,59,63
"8333",0,0,0,0,0,0,0,0,0,0,0,0,0,0,0,0,0,0,0,0,0,0,0,0,0
"8334",1,1,1,3,5,7,1,1,1,1,1,1,1,6,2,4,6,4,0,2,6,3,2,2,10
"8335",2,1,5,3,10,7,7,1,1,3,5,7,1,4,0,0,6,2,1,4,6,2,3,6,21
"8336",3,3,5,3,10,8,7,1,5,3,10,7,7,2,1,0,1,0,0,2,1,1,2,8,22
"8337",4,3,11,4,13,8,19,3,5,3,10,8,7,6,6,5,6,5,0,6,6,2,3,15,37
"8338",5,8,11,4,13,13,19,3,11,4,13,8,19,5,0,0,5,5,1,5,5,1,2,20,42
"8339",6,8,16,4,14,13,19,8,11,4,13,13,19,5,1,0,1,0,0,5,1,2,1,25,43
"8340",7,13,16,4,16,19,19,8,16,4,14,13,19,5,3,6,3,6,0,5,6,1,2,30,51
"8341",8,16,16,4,22,19,21,13,16,4,16,19,19,3,0,0,6,2,6,3,6,1,1,33,59
"8342",9,21,22,4,24,19,21,16,16,4,22,19,21,2,6,0,2,0,0,6,2,2,1,44,61
"8343",10,21,33,4,24,25,23,21,22,4,24,19,21,6,1,6,1,6,0,6,6,2,2,55,69
"8344",11,22,33,4,24,27,23,21,33,4,24,25,23,1,0,0,2,3,2,1,2,1,2,56,71
"8345",12,22,33,4,24,27,23,22,33,4,24,27,23,3,2,0,NA,0,0,0,0,0,0,56,71
"8346",0,0,0,0,0,0,0,0,0,0,0,0,0,0,0,0,0,0,0,0,0,0,0,0,0
"8347",1,1,5,1,1,6,1,1,1,1,1,1,1,4,5,3,5,3,0,4,5,2,2,4,5
"8348",2,4,5,1,5,6,1,1,5,1,1,6,1,3,0,0,4,3,4,3,4,1,1,7,9
"8349",3,7,5,1,5,10,1,4,5,1,5,6,1,3,4,0,4,0,0,3,4,1,2,10,13
"8350",4,7,8,1,11,10,5,7,5,1,5,10,1,3,2,6,2,6,0,3,6,2,1,13,23
"8351",5,7,10,1,11,10,9,7,8,1,11,10,5,2,0,0,3,4,5,2,4,2,3,15,27
"8352",6,10,10,1,11,10,14,7,10,1,11,10,9,3,5,0,5,0,0,3,5,1,3,18,32
"8353",7,10,12,1,11,14,14,10,10,1,11,10,14,2,2,4,2,4,0,2,4,2,2,20,36
"8354",8,12,12,1,17,14,17,10,12,1,11,14,14,2,0,0,6,6,3,2,6,1,1,22,45
"8355",9,22,12,1,17,17,17,12,12,1,17,14,17,6,3,0,3,0,0,6,3,1,2,32,48
"8356",10,26,12,1,17,22,23,22,12,1,17,17,17,2,6,4,2,6,0,4,6,1,3,36,59
"8357",11,28,12,1,20,22,23,26,12,1,17,22,23,2,0,0,3,5,3,2,3,1,1,38,62
"8358",12,28,12,1,20,22,23,28,12,1,20,22,23,5,3,0,NA,0,0,0,0,0,0,38,62
"8359",0,0,0,0,0,0,0,0,0,0,0,0,0,0,0,0,0,0,0,0,0,0,0,0,0
"8360",1,5,1,1,1,1,14,1,1,1,1,1,1,4,5,6,5,6,0,4,6,1,3,4,13
"8361",2,5,6,1,4,1,14,5,1,1,1,1,14,5,0,0,3,3,2,5,3,2,1,9,16
"8362",3,8,6,1,4,1,16,5,6,1,4,1,14,3,2,0,2,0,0,3,2,1,3,12,18
"8363",4,8,6,6,4,6,16,8,6,1,4,1,16,5,5,4,5,4,0,5,5,3,2,17,23
"8364",5,12,6,6,14,6,16,8,6,6,4,6,16,4,0,0,6,2,3,4,6,1,1,21,33
"8365",6,12,8,6,14,6,19,12,6,6,14,6,16,2,3,0,3,0,0,2,3,2,3,23,36
"8366",7,14,8,6,14,6,21,12,8,6,14,6,19,2,1,2,1,2,0,2,2,1,3,25,38
"8367",8,14,9,6,18,6,21,14,8,6,14,6,21,1,0,0,3,4,1,1,4,2,1,26,42
"8368",9,17,9,6,18,6,22,14,9,6,18,6,21,3,1,0,1,0,0,3,1,1,3,29,43
"8369",10,23,9,10,22,12,22,17,9,6,18,6,22,6,3,6,3,6,0,6,6,1,2,39,53
"8370",11,26,9,10,23,12,22,23,9,10,22,12,22,3,0,0,1,1,2,3,1,1,1,42,54
"8371",12,26,9,10,23,12,22,26,9,10,23,12,22,1,2,0,NA,0,0,0,0,0,0,42,54
"8372",0,0,0,0,0,0,0,0,0,0,0,0,0,0,0,0,0,0,0,0,0,0,0,0,0
"8373",1,1,2,1,1,1,3,1,1,1,1,1,1,1,1,2,1,2,0,1,2,2,3,1,2
"8374",2,1,3,1,7,3,3,1,2,1,1,1,3,1,0,0,2,2,6,1,6,2,1,2,10
"8375",3,3,3,1,7,3,5,1,3,1,7,3,3,2,2,0,2,0,0,2,2,1,3,4,12
"8376",4,3,3,6,12,3,5,3,3,1,7,3,5,5,2,5,2,5,0,5,5,3,1,9,17
"8377",5,5,3,6,12,6,5,3,3,6,12,3,5,2,0,0,2,3,1,2,3,1,2,11,20
"8378",6,6,3,6,14,6,5,5,3,6,12,6,5,2,1,0,2,0,0,1,2,1,1,12,22
"8379",7,6,3,8,14,11,5,6,3,6,14,6,5,2,1,5,1,5,0,2,5,3,2,14,27
"8380",8,7,3,8,14,16,5,6,3,8,14,11,5,1,0,0,5,6,6,1,5,1,2,15,32
"8381",9,13,4,8,20,17,5,7,3,8,14,16,5,6,6,0,6,0,0,6,6,1,1,22,39
"8382",10,18,4,8,23,17,5,13,4,8,20,17,5,5,3,1,3,1,0,5,3,1,1,27,42
"8383",11,18,4,9,23,22,5,18,4,8,23,17,5,1,0,0,5,3,2,1,5,3,2,28,47
"8384",12,18,4,9,23,22,5,18,4,9,23,22,5,3,2,0,NA,0,0,0,0,0,0,28,47
"8385",0,0,0,0,0,0,0,0,0,0,0,0,0,0,0,0,0,0,0,0,0,0,0,0,0
"8386",1,1,6,7,1,7,5,1,1,1,1,1,1,2,6,6,2,6,0,6,6,3,2,11,10
"8387",2,1,6,9,4,7,5,1,6,7,1,7,5,2,0,0,4,3,5,2,3,3,1,13,13
"8388",3,1,11,9,4,11,5,1,6,9,4,7,5,4,5,0,4,0,0,5,4,2,2,18,17
"8389",4,1,11,19,4,11,7,1,11,9,4,11,5,2,6,1,2,1,0,6,2,3,3,28,19
"8390",5,1,12,19,16,11,12,1,11,19,4,11,7,1,0,0,6,6,1,1,6,2,1,29,36
"8391",6,1,19,19,16,12,12,1,12,19,16,11,12,6,1,0,1,0,0,6,1,2,2,36,37
"8392",7,1,24,19,16,16,12,1,19,19,16,12,12,3,4,5,3,4,0,5,4,2,2,41,41
"8393",8,1,24,22,22,16,16,1,24,19,16,16,12,3,0,0,4,1,6,3,6,3,1,44,51
"8394",9,1,24,23,26,16,16,1,24,22,22,16,16,4,1,0,4,0,0,1,4,3,1,45,55
"8395",10,9,24,23,1,16,20,1,24,23,26,16,16,4,3,4,4,4,0,3,4,1,3,53,34
"8396",11,13,1,23,7,16,20,9,24,23,1,16,20,4,0,0,1,5,1,4,1,1,1,34,40
"8397",12,13,1,23,7,16,20,13,1,23,7,16,20,5,1,0,NA,0,0,0,0,0,0,34,40
"8398",0,0,0,0,0,0,0,0,0,0,0,0,0,0,0,0,0,0,0,0,0,0,0,0,0
"8399",1,7,3,1,1,1,3,1,1,1,1,1,1,2,2,6,2,2,0,6,2,1,3,8,2
"8400",2,7,5,1,1,1,6,7,3,1,1,1,3,2,0,0,1,5,3,2,3,2,3,10,5
"8401",3,7,5,6,1,1,7,7,5,1,1,1,6,1,5,0,1,0,0,5,1,3,3,15,6
"8402",4,7,9,6,1,3,7,7,5,6,1,1,7,1,2,4,1,2,0,4,2,2,2,19,8
"8403",5,7,9,7,5,3,7,7,9,6,1,3,7,1,0,0,1,4,2,1,4,3,1,20,12
"8404",6,7,10,7,7,3,7,7,9,7,5,3,7,1,2,0,2,0,0,1,2,2,1,21,14
"8405",7,7,16,12,7,7,7,7,10,7,7,3,7,4,4,6,4,4,0,6,4,2,2,32,18
"8406",8,11,16,12,12,7,7,7,16,12,7,7,7,4,0,0,6,5,4,4,5,1,1,36,23
"8407",9,17,19,12,12,11,7,11,16,12,12,7,7,6,4,0,4,0,0,6,4,1,2,45,27
"8408",10,18,19,12,14,11,7,17,19,12,12,11,7,1,2,4,2,4,0,1,2,1,1,46,29
"8409",11,22,19,12,17,11,7,18,19,12,14,11,7,4,0,0,3,5,4,4,3,1,1,50,32
"8410",12,22,19,12,17,11,7,22,19,12,17,11,7,5,4,0,NA,0,0,0,0,0,0,50,32
"8411",0,0,0,0,0,0,0,0,0,0,0,0,0,0,0,0,0,0,0,0,0,0,0,0,0
"8412",1,1,5,1,1,1,5,1,1,1,1,1,1,3,4,4,3,4,0,4,4,2,3,4,4
"8413",2,4,5,1,1,6,11,1,5,1,1,1,5,3,0,0,6,4,5,3,6,1,3,7,15
"8414",3,8,5,1,6,6,11,4,5,1,1,6,11,4,5,0,5,0,0,4,5,1,1,11,20
"8415",4,8,11,6,6,16,11,8,5,1,6,6,11,6,2,6,2,6,0,6,6,2,2,22,30
"8416",5,8,11,8,6,22,12,8,11,6,6,16,11,2,0,0,6,1,5,2,6,3,2,24,37
"8417",6,13,11,8,6,22,13,8,11,8,6,22,12,1,5,0,1,0,0,5,1,1,3,29,38
"8418",7,13,13,8,6,22,15,13,11,8,6,22,13,2,2,3,2,3,0,2,2,2,3,31,40
"8419",8,16,13,8,6,24,15,13,13,8,6,22,15,3,0,0,4,2,2,3,2,1,2,34,42
"8420",9,20,13,8,8,24,15,16,13,8,6,24,15,4,2,0,2,0,0,4,2,1,1,38,44
"8421",10,25,13,8,10,24,15,20,13,8,8,24,15,1,5,2,1,2,0,5,2,1,1,43,46
"8422",11,26,13,8,11,24,15,25,13,8,10,24,15,1,0,0,1,2,4,1,1,1,1,44,47
"8423",12,26,13,8,11,24,15,26,13,8,11,24,15,2,4,0,NA,0,0,0,0,0,0,44,47
"8424",0,0,0,0,0,0,0,0,0,0,0,0,0,0,0,0,0,0,0,0,0,0,0,0,0
"8425",1,6,1,1,1,1,3,1,1,1,1,1,1,2,5,2,2,2,0,5,2,1,3,5,2
"8426",2,6,3,1,1,4,3,6,1,1,1,1,3,2,0,0,5,3,1,2,3,2,2,7,5
"8427",3,11,3,1,1,4,4,6,3,1,1,4,3,5,1,0,1,0,0,5,1,1,3,12,6
"8428",4,11,3,6,1,4,7,11,3,1,1,4,4,3,5,1,3,1,0,5,3,3,3,17,9
"8429",5,12,3,6,1,4,11,11,3,6,1,4,7,1,0,0,4,2,3,1,4,1,3,18,13
"8430",6,12,6,6,3,4,11,12,3,6,1,4,11,2,3,0,2,0,0,3,2,2,1,21,15
"8431",7,12,8,6,3,8,11,12,6,6,3,4,11,2,4,2,4,2,0,2,4,2,2,23,19
"8432",8,12,8,8,8,8,11,12,8,6,3,8,11,2,0,0,5,4,3,2,5,3,1,25,24
"8433",9,12,8,12,11,8,11,12,8,8,8,8,11,4,3,0,3,0,0,4,3,3,1,29,27
"8434",10,15,8,12,16,8,11,12,8,12,11,8,11,3,5,3,5,3,0,3,5,1,1,32,32
"8435",11,18,8,12,26,8,11,15,8,12,16,8,11,3,0,0,4,6,3,3,6,1,1,35,42
"8436",12,18,8,12,26,8,11,18,8,12,26,8,11,4,3,0,NA,0,0,0,0,0,0,35,42
"8437",0,0,0,0,0,0,0,0,0,0,0,0,0,0,0,0,0,0,0,0,0,0,0,0,0
"8438",1,7,2,7,1,7,9,1,1,1,1,1,1,3,6,6,3,6,0,6,6,1,2,13,14
"8439",2,7,5,7,1,7,12,7,2,7,1,7,9,3,0,0,4,3,6,3,3,2,3,16,17
"8440",3,7,11,10,1,11,12,7,5,7,1,7,12,4,6,0,4,0,0,6,4,2,2,25,21
"8441",4,7,18,10,1,11,15,7,11,10,1,11,12,6,1,3,1,3,0,6,3,2,3,32,24
"8442",5,7,19,10,1,11,20,7,18,10,1,11,15,1,0,0,2,5,3,1,5,2,3,33,29
"8443",6,9,19,10,1,14,20,7,19,10,1,11,20,2,3,0,3,0,0,2,3,1,2,35,32
"8444",7,14,19,10,1,14,25,9,19,10,1,14,20,5,3,5,3,5,0,5,5,1,3,40,37
"8445",8,17,19,10,1,14,29,14,19,10,1,14,25,3,0,0,1,4,5,3,4,1,3,43,41
"8446",9,17,19,15,1,14,30,17,19,10,1,14,29,1,5,0,1,0,0,5,1,3,3,48,42
"8447",10,21,19,15,1,14,34,17,19,15,1,14,30,4,2,4,2,4,0,4,4,1,3,52,46
"8448",11,21,19,1,1,17,39,21,19,15,1,14,34,2,0,0,3,5,6,2,5,3,3,38,54
"8449",12,21,19,1,1,17,39,21,19,1,1,17,39,3,6,0,NA,0,0,0,0,0,0,38,54
"8450",0,0,0,0,0,0,0,0,0,0,0,0,0,0,0,0,0,0,0,0,0,0,0,0,0
"8451",1,1,3,1,4,1,1,1,1,1,1,1,1,3,2,3,3,3,0,2,3,2,1,2,3
"8452",2,1,6,1,4,4,7,1,3,1,4,1,1,3,0,0,6,1,1,3,6,2,3,5,12
"8453",3,2,6,1,4,4,8,1,6,1,4,4,7,1,1,0,1,0,0,1,1,1,3,6,13
"8454",4,2,6,5,9,4,8,2,6,1,4,4,8,5,3,4,5,3,0,4,5,3,1,10,18
"8455",5,5,6,5,9,5,14,2,6,5,9,4,8,3,0,0,6,6,4,3,6,1,3,13,25
"8456",6,17,10,5,9,5,18,5,6,5,9,5,14,6,4,0,4,0,0,6,4,1,3,29,29
"8457",7,17,10,8,14,5,18,17,10,5,9,5,18,5,4,3,5,4,0,3,5,3,1,32,34
"8458",8,17,14,8,14,8,24,17,10,8,14,5,18,4,0,0,6,1,5,4,6,2,3,36,43
"8459",9,17,19,8,14,8,25,17,14,8,14,8,24,1,5,0,1,0,0,5,1,2,3,41,44
"8460",10,29,22,8,17,8,25,17,19,8,14,8,25,3,6,2,3,2,0,6,3,1,1,56,47
"8461",11,31,22,8,17,8,28,29,22,8,17,8,25,2,0,0,3,6,2,2,3,1,3,58,50
"8462",12,31,22,8,17,8,28,31,22,8,17,8,28,6,2,0,NA,0,0,0,0,0,0,58,50
"8463",0,0,0,0,0,0,0,0,0,0,0,0,0,0,0,0,0,0,0,0,0,0,0,0,0
"8464",1,1,4,1,6,1,1,1,1,1,1,1,1,3,5,3,5,3,0,3,5,2,1,3,5
"8465",2,4,4,1,6,1,5,1,4,1,6,1,1,3,0,0,5,1,4,3,4,1,3,6,9
"8466",3,9,4,1,7,1,5,4,4,1,6,1,5,5,1,0,1,0,0,5,1,1,1,11,10
"8467",4,13,4,1,10,1,5,9,4,1,7,1,5,3,4,1,3,1,0,4,3,1,1,15,13
"8468",5,14,4,1,10,1,8,13,4,1,10,1,5,1,0,0,3,2,3,1,3,1,3,16,16
"8469",6,14,4,4,12,1,8,14,4,1,10,1,8,2,3,0,2,0,0,3,2,3,1,19,18
"8470",7,17,4,4,14,1,8,14,4,4,12,1,8,2,3,2,2,2,0,3,2,1,1,22,20
"8471",8,17,6,4,19,1,8,17,4,4,14,1,8,2,0,0,2,2,5,2,5,2,1,24,25
"8472",9,17,8,4,21,1,8,17,6,4,19,1,8,2,2,0,2,0,0,2,2,2,1,26,27
"8473",10,17,8,6,21,1,18,17,8,4,21,1,8,6,2,1,6,1,0,2,6,3,3,28,37
"8474",11,18,8,6,24,1,18,17,8,6,21,1,18,1,0,0,3,3,2,1,3,1,1,29,40
"8475",12,18,8,6,24,1,18,18,8,6,24,1,18,3,2,0,NA,0,0,0,0,0,0,29,40
"8476",0,0,0,0,0,0,0,0,0,0,0,0,0,0,0,0,0,0,0,0,0,0,0,0,0
"8477",1,7,6,1,1,1,5,1,1,1,1,1,1,6,4,2,4,2,0,6,4,1,3,11,4
"8478",2,7,6,3,4,1,5,7,6,1,1,1,5,2,0,0,3,3,2,2,3,3,1,13,7
"8479",3,10,6,3,4,1,7,7,6,3,4,1,5,3,2,0,2,0,0,3,2,1,3,16,9
"8480",4,10,17,3,4,1,10,10,6,3,4,1,7,1,3,6,1,3,0,6,3,2,3,27,12
"8481",5,11,17,3,8,1,10,10,17,3,4,1,10,1,0,0,1,2,4,1,4,1,1,28,16
"8482",6,11,18,3,8,3,10,11,17,3,8,1,10,1,2,0,2,0,0,1,2,2,2,29,18
"8483",7,14,18,3,8,5,10,11,18,3,8,3,10,3,2,2,2,2,0,3,2,1,2,32,20
"8484",8,16,18,3,8,5,14,14,18,3,8,5,10,2,0,0,1,4,4,2,4,1,3,34,24
"8485",9,16,22,3,8,5,15,16,18,3,8,5,14,1,4,0,1,0,0,4,1,2,3,38,25
"8486",10,16,22,4,8,5,20,16,22,3,8,5,15,1,1,5,1,5,0,1,5,3,3,39,30
"8487",11,17,22,4,8,5,25,16,22,4,8,5,20,1,0,0,5,3,1,1,5,1,3,40,35
"8488",12,17,22,4,8,5,25,17,22,4,8,5,25,3,1,0,NA,0,0,0,0,0,0,40,35
"8489",0,0,0,0,0,0,0,0,0,0,0,0,0,0,0,0,0,0,0,0,0,0,0,0,0
"8490",1,13,4,1,5,1,1,1,1,1,1,1,1,3,6,4,3,4,0,6,4,1,1,15,4
"8491",2,16,4,1,10,1,1,13,4,1,5,1,1,3,0,0,1,5,4,3,5,1,1,18,9
"8492",3,16,4,5,10,2,1,16,4,1,10,1,1,1,4,0,1,0,0,4,1,3,2,22,10
"8493",4,18,4,5,12,8,1,16,4,5,10,2,1,2,3,6,3,6,0,2,6,1,2,24,18
"8494",5,21,4,5,17,8,1,18,4,5,12,8,1,3,0,0,6,5,1,3,5,1,1,27,23
"8495",6,21,4,16,17,9,1,21,4,5,17,8,1,6,1,0,1,0,0,6,1,3,2,38,24
"8496",7,21,9,16,19,9,1,21,4,16,17,9,1,5,1,2,1,2,0,5,2,2,1,43,26
"8497",8,22,9,16,30,9,1,21,9,16,19,9,1,1,0,0,6,6,5,1,6,1,1,44,37
"8498",9,22,9,25,30,9,6,22,9,16,30,9,1,6,5,0,5,0,0,6,5,3,3,53,42
"8499",10,22,12,25,30,9,7,22,9,25,30,9,6,1,3,1,1,1,0,3,1,2,3,56,43
"8500",11,23,12,25,30,9,12,22,12,25,30,9,7,1,0,0,3,5,6,1,5,1,3,57,48
"8501",12,23,12,25,30,9,12,23,12,25,30,9,12,3,6,0,NA,0,0,0,0,0,0,57,48
"8502",0,0,0,0,0,0,0,0,0,0,0,0,0,0,0,0,0,0,0,0,0,0,0,0,0
"8503",1,1,1,3,6,1,1,1,1,1,1,1,1,2,5,2,5,2,0,2,5,3,1,2,5
"8504",2,1,1,5,6,7,7,1,1,3,6,1,1,2,0,0,1,6,6,2,6,3,3,4,17
"8505",3,7,1,7,6,8,7,1,1,5,6,7,7,1,6,0,1,0,0,6,1,1,2,12,18
"8506",4,7,5,7,12,14,10,7,1,7,6,8,7,6,4,6,6,6,0,4,6,2,1,16,33
"8507",5,7,8,13,12,20,19,7,5,7,12,14,10,6,0,0,3,5,6,6,6,3,2,25,48
"8508",6,7,13,13,12,23,19,7,8,13,12,20,19,3,5,0,3,0,0,5,3,2,2,30,51
"8509",7,7,16,13,17,23,19,7,13,13,12,23,19,2,3,5,2,5,0,3,5,2,1,33,56
"8510",8,7,16,15,23,27,19,7,16,13,17,23,19,2,0,0,5,6,5,2,6,3,1,35,66
"8511",9,7,21,15,23,27,24,7,16,15,23,27,19,5,5,0,5,0,0,5,5,2,3,40,71
"8512",10,1,21,19,37,27,30,7,21,15,23,27,24,6,4,6,6,6,0,4,6,3,3,38,91
"8513",11,9,21,25,42,27,30,1,21,19,37,27,30,6,0,0,5,2,1,6,5,1,1,52,96
"8514",12,9,21,25,42,27,30,9,21,25,42,27,30,2,1,0,NA,0,0,0,0,0,0,52,96
"8515",0,0,0,0,0,0,0,0,0,0,0,0,0,0,0,0,0,0,0,0,0,0,0,0,0
"8516",1,1,1,6,5,1,7,1,1,1,1,1,1,5,4,6,4,6,0,5,6,3,3,5,10
"8517",2,5,1,6,5,4,7,1,1,6,5,1,7,4,0,0,3,2,1,4,3,1,2,9,13
"8518",3,7,1,6,5,5,7,5,1,6,5,4,7,2,1,0,1,0,0,2,1,1,2,11,14
"8519",4,13,4,6,11,8,7,7,1,6,5,5,7,6,6,5,6,5,0,6,6,1,1,20,23
"8520",5,13,9,6,11,8,12,13,4,6,11,8,7,5,0,0,4,5,5,5,5,2,3,25,28
"8521",6,13,9,11,11,12,12,13,9,6,11,8,12,4,5,0,4,0,0,5,4,3,2,30,32
"8522",7,18,9,11,11,12,15,13,9,11,11,12,12,3,5,2,3,2,0,5,3,1,3,35,35
"8523",8,18,11,11,16,12,15,18,9,11,11,12,15,2,0,0,2,4,5,2,5,2,1,37,40
"8524",9,18,11,15,16,12,17,18,11,11,16,12,15,2,4,0,2,0,0,4,2,3,3,41,42
"8525",10,21,11,21,20,12,17,18,11,15,16,12,17,6,4,4,4,4,0,6,4,3,1,50,46
"8526",11,25,11,21,24,12,17,21,11,21,20,12,17,4,0,0,4,2,4,4,4,1,1,54,50
"8527",12,25,11,21,24,12,17,25,11,21,24,12,17,2,4,0,NA,0,0,0,0,0,0,54,50
"8528",0,0,0,0,0,0,0,0,0,0,0,0,0,0,0,0,0,0,0,0,0,0,0,0,0
"8529",1,1,5,1,7,1,7,1,1,1,1,1,1,2,6,4,2,6,0,4,6,2,1,4,12
"8530",2,1,5,3,7,3,7,1,5,1,7,1,7,2,0,0,2,1,2,2,2,3,2,6,14
"8531",3,1,5,5,7,3,8,1,5,3,7,3,7,1,2,0,1,0,0,2,1,3,3,8,15
"8532",4,1,10,5,7,8,8,1,5,5,7,3,8,2,5,5,2,5,0,5,5,2,2,13,20
"8533",5,3,10,5,7,13,8,1,10,5,7,8,8,2,0,0,4,5,5,2,5,1,2,15,25
"8534",6,3,10,9,7,13,13,3,10,5,7,13,8,4,5,0,5,0,0,4,5,3,3,19,30
"8535",7,3,15,9,7,13,16,3,10,9,7,13,13,2,5,3,2,3,0,5,3,2,3,24,33
"8536",8,5,15,9,8,13,22,3,15,9,7,13,16,2,0,0,5,6,1,2,6,1,3,26,40
"8537",9,5,15,14,8,14,22,5,15,9,8,13,22,5,1,0,1,0,0,5,1,3,2,31,41
"8538",10,5,15,19,18,14,22,5,15,14,8,14,22,1,5,6,1,6,0,5,6,3,1,36,51
"8539",11,6,15,19,21,14,22,5,15,19,18,14,22,1,0,0,3,1,2,1,3,1,1,37,54
"8540",12,6,15,19,21,14,22,6,15,19,21,14,22,1,2,0,NA,0,0,0,0,0,0,37,54
"8541",0,0,0,0,0,0,0,0,0,0,0,0,0,0,0,0,0,0,0,0,0,0,0,0,0
"8542",1,5,1,1,7,1,2,1,1,1,1,1,1,4,5,6,5,6,0,4,6,1,1,4,7
"8543",2,5,6,1,7,6,8,5,1,1,7,1,2,5,0,0,6,6,1,5,6,2,3,9,18
"8544",3,6,12,1,7,6,9,5,6,1,7,6,8,6,1,0,1,0,0,6,1,2,3,16,19
"8545",4,9,12,1,7,8,9,6,12,1,7,6,9,2,1,3,2,1,0,3,2,1,2,19,21
"8546",5,9,13,1,7,12,9,9,12,1,7,8,9,1,0,0,1,4,4,1,4,2,2,20,25
"8547",6,9,17,1,8,12,9,9,13,1,7,12,9,1,4,0,1,0,0,4,1,2,1,24,26
"8548",7,13,17,1,8,16,9,9,17,1,8,12,9,4,1,4,1,4,0,4,4,1,2,28,30
"8549",8,13,18,1,19,16,9,13,17,1,8,16,9,1,0,0,6,3,5,1,6,2,1,29,41
"8550",9,13,21,1,24,16,9,13,18,1,19,16,9,3,5,0,5,0,0,3,5,2,1,32,46
"8551",10,14,21,1,3,24,9,13,21,1,24,16,9,5,1,6,5,6,0,1,6,3,2,33,33
"8552",11,14,21,6,6,24,15,14,21,1,3,24,9,5,0,0,2,4,6,5,6,3,3,38,42
"8553",12,14,21,6,6,24,15,14,21,6,6,24,15,2,4,0,NA,0,0,0,0,0,0,38,42
"8554",0,0,0,0,0,0,0,0,0,0,0,0,0,0,0,0,0,0,0,0,0,0,0,0,0
"8555",1,1,2,1,1,1,6,1,1,1,1,1,1,1,5,5,5,5,0,1,5,2,3,1,5
"8556",2,1,7,1,1,1,7,1,2,1,1,1,6,5,0,0,1,1,2,5,1,2,3,6,6
"8557",3,1,8,1,1,3,7,1,7,1,1,1,7,1,2,0,2,0,0,1,2,2,2,7,8
"8558",4,6,8,1,1,7,7,1,8,1,1,3,7,5,2,4,2,4,0,5,4,1,2,12,12
"8559",5,6,8,3,1,8,13,6,8,1,1,7,7,2,0,0,5,2,6,2,6,3,3,14,19
"8560",6,6,13,3,1,10,13,6,8,3,1,8,13,5,2,0,2,0,0,5,2,2,2,19,21
"8561",7,6,23,3,1,10,18,6,13,3,1,10,13,1,6,5,1,5,0,6,5,2,3,29,26
"8562",8,6,23,4,1,17,18,6,23,3,1,10,18,1,0,0,6,1,5,1,6,3,2,30,33
"8563",9,11,23,4,2,17,18,6,23,4,1,17,18,1,5,0,1,0,0,5,1,1,1,35,34
"8564",10,17,23,10,2,20,18,11,23,4,2,17,18,6,3,2,3,2,0,6,3,1,2,47,37
"8565",11,19,23,10,2,24,18,17,23,10,2,20,18,2,0,0,6,4,3,2,4,1,2,49,41
"8566",12,19,23,10,2,24,18,19,23,10,2,24,18,6,3,0,NA,0,0,0,0,0,0,49,41
"8567",0,0,0,0,0,0,0,0,0,0,0,0,0,0,0,0,0,0,0,0,0,0,0,0,0
"8568",1,3,1,1,1,1,3,1,1,1,1,1,1,2,2,3,2,3,0,2,2,1,3,2,2
"8569",2,3,1,4,1,8,3,3,1,1,1,1,3,3,0,0,6,4,1,3,6,3,2,5,9
"8570",3,3,5,4,1,8,4,3,1,4,1,8,3,4,1,0,1,0,0,4,1,2,3,9,10
"8571",4,6,5,4,1,13,4,3,5,4,1,8,4,3,5,1,5,1,0,3,5,1,2,12,15
"8572",5,6,5,5,1,13,9,6,5,4,1,13,4,1,0,0,5,5,3,1,5,3,3,13,20
"8573",6,6,10,5,1,13,12,6,5,5,1,13,9,5,3,0,3,0,0,5,3,2,3,18,23
"8574",7,6,10,10,1,13,22,6,10,5,1,13,12,5,3,6,3,6,0,5,6,3,3,23,33
"8575",8,9,10,10,7,13,23,6,10,10,1,13,22,3,0,0,4,6,3,3,6,1,1,26,40
"8576",9,9,10,14,7,16,23,9,10,10,7,13,23,4,3,0,3,0,0,4,3,3,2,30,43
"8577",10,9,15,14,7,20,23,9,10,14,7,16,23,5,4,1,4,1,0,5,4,2,2,35,47
"8578",11,10,15,14,11,20,23,9,15,14,7,20,23,1,0,0,4,5,3,1,4,1,1,36,51
"8579",12,10,15,14,11,20,23,10,15,14,11,20,23,5,3,0,NA,0,0,0,0,0,0,36,51
"8580",0,0,0,0,0,0,0,0,0,0,0,0,0,0,0,0,0,0,0,0,0,0,0,0,0
"8581",1,1,1,4,1,1,4,1,1,1,1,1,1,1,3,3,1,3,0,3,3,3,3,3,3
"8582",2,2,1,4,1,1,12,1,1,4,1,1,4,1,0,0,5,6,1,1,6,1,3,4,11
"8583",3,2,1,9,1,2,12,2,1,4,1,1,12,5,1,0,1,0,0,5,1,3,2,9,12
"8584",4,2,2,9,1,5,12,2,1,9,1,2,12,1,3,3,3,3,0,1,3,2,2,10,15
"8585",5,2,2,12,1,17,17,2,2,9,1,5,12,3,0,0,1,2,6,3,6,3,2,13,32
"8586",6,3,2,12,3,17,17,2,2,12,1,17,17,1,2,0,2,0,0,1,2,1,1,14,34
"8587",7,3,2,13,10,17,17,3,2,12,3,17,17,1,6,2,6,2,0,1,6,3,1,15,41
"8588",8,5,2,13,10,18,17,3,2,13,10,17,17,2,0,0,5,1,4,2,1,1,2,17,42
"8589",9,10,2,13,14,18,17,5,2,13,10,18,17,5,4,0,4,0,0,5,4,1,1,22,46
"8590",10,12,2,13,15,18,17,10,2,13,14,18,17,2,1,1,1,1,0,2,1,1,1,24,47
"8591",11,13,2,13,19,18,17,12,2,13,15,18,17,1,0,0,4,1,5,1,4,1,1,25,51
"8592",12,13,2,13,19,18,17,13,2,13,19,18,17,1,5,0,NA,0,0,0,0,0,0,25,51
"8593",0,0,0,0,0,0,0,0,0,0,0,0,0,0,0,0,0,0,0,0,0,0,0,0,0
"8594",1,1,1,3,6,1,1,1,1,1,1,1,1,2,2,5,2,5,0,2,5,3,1,2,5
"8595",2,3,1,3,6,1,5,1,1,3,6,1,1,2,0,0,5,4,2,2,4,1,3,4,9
"8596",3,8,1,3,6,3,5,3,1,3,6,1,5,5,2,0,2,0,0,5,2,1,2,9,11
"8597",4,12,1,3,6,3,10,8,1,3,6,3,5,4,5,5,5,5,0,4,5,1,3,13,16
"8598",5,17,1,3,15,3,16,12,1,3,6,3,10,5,0,0,6,6,6,5,6,1,1,18,31
"8599",6,1,1,3,21,6,19,17,1,3,15,3,16,6,6,0,6,0,0,6,6,1,1,2,43
"8600",7,2,1,3,21,7,19,1,1,3,21,6,19,1,4,1,4,1,0,1,1,1,2,3,44
"8601",8,6,1,3,21,10,19,2,1,3,21,7,19,4,0,0,3,5,1,4,3,1,2,7,47
"8602",9,11,1,3,22,10,19,6,1,3,21,10,19,5,1,0,1,0,0,5,1,1,1,12,48
"8603",10,25,1,3,22,14,19,11,1,3,22,10,19,6,2,4,2,4,0,6,4,1,2,26,52
"8604",11,27,1,3,22,14,21,25,1,3,22,14,19,2,0,0,2,6,6,2,2,1,3,28,54
"8605",12,27,1,3,22,14,21,27,1,3,22,14,21,6,6,0,NA,0,0,0,0,0,0,28,54
"8606",0,0,0,0,0,0,0,0,0,0,0,0,0,0,0,0,0,0,0,0,0,0,0,0,0
"8607",1,4,1,1,6,1,1,1,1,1,1,1,1,3,5,2,5,2,0,3,5,1,1,3,5
"8608",2,4,1,3,6,1,3,4,1,1,6,1,1,2,0,0,2,3,1,2,2,3,3,5,7
"8609",3,5,1,3,9,1,3,4,1,3,6,1,3,3,1,0,3,0,0,1,3,1,1,6,10
"8610",4,6,1,3,15,1,8,5,1,3,9,1,3,1,6,5,6,5,0,1,6,1,1,7,21
"8611",5,11,1,3,15,1,13,6,1,3,15,1,8,5,0,0,4,5,1,5,5,1,3,12,26
"8612",6,11,1,7,15,1,14,11,1,3,15,1,13,4,1,0,1,0,0,4,1,3,3,16,27
"8613",7,17,1,10,15,5,14,11,1,7,15,1,14,3,6,4,3,4,0,6,4,1,2,25,31
"8614",8,20,1,10,15,9,14,17,1,10,15,5,14,3,0,0,1,4,4,3,4,1,2,28,35
"8615",9,20,1,14,16,9,14,20,1,10,15,9,14,1,4,0,1,0,0,4,1,3,1,32,36
"8616",10,24,1,14,18,9,14,20,1,14,16,9,14,4,2,2,2,2,0,4,2,1,1,36,38
"8617",11,26,1,14,22,9,14,24,1,14,18,9,14,2,0,0,1,3,4,2,4,1,1,38,42
"8618",12,26,1,14,22,9,14,26,1,14,22,9,14,1,3,0,NA,0,0,0,0,0,0,38,42
"8619",0,0,0,0,0,0,0,0,0,0,0,0,0,0,0,0,0,0,0,0,0,0,0,0,0
"8620",1,1,1,5,1,3,1,1,1,1,1,1,1,2,4,1,2,1,0,4,2,3,2,4,2
"8621",2,1,1,6,1,7,1,1,1,5,1,3,1,1,0,0,4,2,6,1,4,3,2,5,6
"8622",3,7,4,6,3,7,1,1,1,6,1,7,1,2,6,0,2,0,0,6,2,1,1,14,8
"8623",4,7,15,6,8,7,1,7,4,6,3,7,1,6,5,6,5,6,0,6,5,2,1,25,13
"8624",5,18,15,6,13,7,1,7,15,6,8,7,1,6,0,0,4,5,6,6,5,1,1,36,18
"8625",6,21,21,6,17,7,1,18,15,6,13,7,1,4,6,0,4,0,0,6,4,2,1,45,22
"8626",7,21,21,11,17,10,1,21,21,6,17,7,1,1,3,5,1,3,0,5,3,3,2,50,25
"8627",8,22,21,11,17,15,1,21,21,11,17,10,1,1,0,0,6,5,5,1,5,1,2,51,30
"8628",9,27,21,17,22,15,1,22,21,11,17,15,1,6,5,0,5,0,0,6,5,3,1,62,35
"8629",10,40,21,17,28,1,6,27,21,17,22,15,1,4,6,6,4,6,0,6,6,1,1,75,32
"8630",11,44,21,17,38,1,6,40,21,17,28,1,6,4,0,0,6,1,1,4,6,1,1,79,42
"8631",12,44,21,17,38,1,6,44,21,17,38,1,6,1,1,0,NA,0,0,0,0,0,0,79,42
"8632",0,0,0,0,0,0,0,0,0,0,0,0,0,0,0,0,0,0,0,0,0,0,0,0,0
"8633",1,1,1,6,1,1,5,1,1,1,1,1,1,5,4,4,4,4,0,5,4,3,3,5,4
"8634",2,5,1,6,1,9,11,1,1,6,1,1,5,4,0,0,5,2,6,4,6,1,3,9,18
"8635",3,10,1,6,3,9,11,5,1,6,1,9,11,5,2,0,2,0,0,5,2,1,1,14,20
"8636",4,10,1,11,5,9,11,10,1,6,3,9,11,5,2,2,2,2,0,5,2,3,1,19,22
"8637",5,10,3,11,8,15,11,10,1,11,5,9,11,2,0,0,5,2,6,2,6,2,2,21,31
"8638",6,15,3,11,8,15,13,10,3,11,8,15,11,5,2,0,2,0,0,5,2,1,3,26,33
"8639",7,17,3,11,12,21,13,15,3,11,8,15,13,2,2,6,2,6,0,2,6,1,2,28,43
"8640",8,19,3,11,18,23,13,17,3,11,12,21,13,2,0,0,3,1,6,2,6,1,1,30,51
"8641",9,22,3,11,18,24,13,19,3,11,18,23,13,3,1,0,1,0,0,3,1,1,2,33,52
"8642",10,23,3,17,18,24,15,22,3,11,18,24,13,2,1,6,2,1,0,6,2,3,3,40,54
"8643",11,23,4,17,31,24,15,23,3,17,18,24,15,1,0,0,6,6,5,1,6,2,1,41,67
"8644",12,23,4,17,31,24,15,23,4,17,31,24,15,6,5,0,NA,0,0,0,0,0,0,41,67
"8645",0,0,0,0,0,0,0,0,0,0,0,0,0,0,0,0,0,0,0,0,0,0,0,0,0
"8646",1,4,1,1,4,1,1,1,1,1,1,1,1,3,3,1,3,1,0,3,3,1,1,3,3
"8647",2,4,1,2,4,2,1,4,1,1,4,1,1,1,0,0,1,3,5,1,1,3,2,4,4
"8648",3,7,1,2,9,2,1,4,1,2,4,2,1,3,5,0,5,0,0,3,5,1,1,7,9
"8649",4,7,9,2,9,2,6,7,1,2,9,2,1,5,6,4,5,4,0,6,5,2,3,15,14
"8650",5,7,13,2,15,2,12,7,9,2,9,2,6,4,0,0,6,4,1,4,6,2,1,19,26
"8651",6,11,13,2,15,3,12,7,13,2,15,2,12,4,1,0,1,0,0,4,1,1,2,23,27
"8652",7,23,13,4,19,3,12,11,13,2,15,3,12,6,4,1,4,1,0,6,4,1,1,37,31
"8653",8,23,14,4,25,6,12,23,13,4,19,3,12,1,0,0,1,6,4,1,6,2,1,38,40
"8654",9,24,14,4,25,10,12,23,14,4,25,6,12,1,4,0,4,0,0,1,4,1,2,39,44
"8655",10,24,14,9,29,10,12,24,14,4,25,10,12,4,5,2,4,2,0,5,4,3,1,44,48
"8656",11,26,14,9,32,10,12,24,14,9,29,10,12,2,0,0,3,3,5,2,3,1,1,46,51
"8657",12,26,14,9,32,10,12,26,14,9,32,10,12,3,5,0,NA,0,0,0,0,0,0,46,51
"8658",0,0,0,0,0,0,0,0,0,0,0,0,0,0,0,0,0,0,0,0,0,0,0,0,0
"8659",1,5,1,1,1,1,12,1,1,1,1,1,1,4,4,6,4,6,0,4,6,1,3,4,11
"8660",2,9,1,1,1,6,12,5,1,1,1,1,12,4,0,0,1,5,3,4,5,1,2,8,16
"8661",3,9,1,4,1,7,12,9,1,1,1,6,12,1,3,0,1,0,0,3,1,3,2,11,17
"8662",4,9,1,8,4,7,12,9,1,4,1,7,12,4,4,3,4,3,0,4,3,3,1,15,20
"8663",5,9,1,12,4,7,17,9,1,8,4,7,12,4,0,0,5,5,4,4,5,3,3,19,25
"8664",6,9,6,12,8,7,17,9,1,12,4,7,17,5,4,0,4,0,0,5,4,2,1,24,29
"8665",7,9,8,12,12,7,17,9,6,12,8,7,17,2,4,4,4,4,0,2,4,2,1,26,33
"8666",8,9,12,12,12,7,22,9,8,12,12,7,17,4,0,0,5,4,3,4,5,2,3,30,38
"8667",9,9,16,12,12,10,22,9,12,12,12,7,22,4,3,0,3,0,0,4,3,2,2,34,41
"8668",10,13,16,12,17,10,22,9,16,12,12,10,22,2,4,5,2,5,0,4,5,1,1,38,46
"8669",11,15,16,12,18,10,22,13,16,12,17,10,22,2,0,0,1,3,2,2,1,1,1,40,47
"8670",12,15,16,12,18,10,22,15,16,12,18,10,22,3,2,0,NA,0,0,0,0,0,0,40,47
"8671",0,0,0,0,0,0,0,0,0,0,0,0,0,0,0,0,0,0,0,0,0,0,0,0,0
"8672",1,7,6,7,5,1,1,1,1,1,1,1,1,2,6,4,2,4,0,6,4,3,1,17,4
"8673",2,7,8,7,12,1,1,7,6,7,5,1,1,2,0,0,6,2,4,2,6,2,1,19,11
"8674",3,11,8,7,12,3,1,7,8,7,12,1,1,2,4,0,2,0,0,4,2,1,2,23,13
"8675",4,17,15,7,12,3,3,11,8,7,12,3,1,6,2,1,2,1,0,6,2,2,3,36,15
"8676",5,18,15,7,17,3,3,17,15,7,12,3,3,1,0,0,4,6,5,1,5,1,1,37,20
"8677",6,20,15,19,21,3,3,18,15,7,17,3,3,4,6,0,4,0,0,6,4,3,1,51,24
"8678",7,20,19,19,21,3,5,20,15,19,21,3,3,4,2,5,2,5,0,4,2,2,3,55,26
"8679",8,20,19,24,24,3,5,20,19,19,21,3,5,5,0,0,3,1,3,5,3,3,1,60,29
"8680",9,21,19,24,27,3,5,20,19,24,24,3,5,1,3,0,3,0,0,1,3,1,1,61,32
"8681",10,1,19,24,30,4,5,21,19,24,27,3,5,5,1,4,1,4,0,5,1,1,2,41,36
"8682",11,5,19,24,34,4,5,1,19,24,30,4,5,4,0,0,4,4,5,4,4,1,1,45,40
"8683",12,5,19,24,34,4,5,5,19,24,34,4,5,4,5,0,NA,0,0,0,0,0,0,45,40
"8684",0,0,0,0,0,0,0,0,0,0,0,0,0,0,0,0,0,0,0,0,0,0,0,0,0
"8685",1,7,3,1,1,5,1,1,1,1,1,1,1,4,6,3,4,3,0,6,4,1,2,8,4
"8686",2,7,6,1,1,5,6,7,3,1,1,5,1,3,0,0,4,5,1,3,5,2,3,11,9
"8687",3,11,6,1,2,5,6,7,6,1,1,5,6,4,1,0,1,0,0,4,1,1,1,15,10
"8688",4,11,6,5,2,10,6,11,6,1,2,5,6,5,3,4,5,3,0,4,5,3,2,19,15
"8689",5,14,6,5,4,10,6,11,6,5,2,10,6,3,0,0,1,2,2,3,2,1,1,22,17
"8690",6,14,6,7,5,10,6,14,6,5,4,10,6,1,2,0,1,0,0,2,1,3,1,24,18
"8691",7,19,12,7,5,14,6,14,6,7,5,10,6,4,6,4,4,4,0,6,4,2,2,35,22
"8692",8,19,16,7,5,16,6,19,12,7,5,14,6,4,0,0,2,1,2,4,2,2,2,39,24
"8693",9,20,16,7,5,18,6,19,16,7,5,16,6,1,2,0,2,0,0,1,2,1,2,40,26
"8694",10,20,21,7,5,21,6,20,16,7,5,18,6,5,3,1,3,1,0,5,3,2,2,45,29
"8695",11,21,21,7,5,26,6,20,21,7,5,21,6,1,0,0,1,3,5,1,5,1,2,46,34
"8696",12,21,21,7,5,26,6,21,21,7,5,26,6,1,3,0,NA,0,0,0,0,0,0,46,34
"8697",0,0,0,0,0,0,0,0,0,0,0,0,0,0,0,0,0,0,0,0,0,0,0,0,0
"8698",1,1,5,7,1,6,1,1,1,1,1,1,1,6,5,1,5,1,0,6,5,3,2,10,5
"8699",2,1,5,8,1,6,6,1,5,7,1,6,1,1,0,0,5,4,4,1,5,3,3,11,10
"8700",3,5,5,8,5,6,6,1,5,8,1,6,6,4,4,0,4,0,0,4,4,1,1,15,14
"8701",4,5,11,10,7,6,6,5,5,8,5,6,6,2,6,1,2,1,0,6,2,2,1,23,16
"8702",5,5,11,11,7,6,8,5,11,10,7,6,6,1,0,0,1,2,1,1,2,3,3,24,18
"8703",6,5,12,11,8,6,8,5,11,11,7,6,8,1,1,0,1,0,0,1,1,2,1,25,19
"8704",7,5,15,11,8,9,8,5,12,11,8,6,8,3,2,3,2,3,0,3,3,2,2,28,22
"8705",8,7,15,11,10,15,8,5,15,11,8,9,8,2,0,0,6,5,6,2,6,1,2,30,30
"8706",9,7,26,11,10,20,8,7,15,11,10,15,8,5,6,0,5,0,0,6,5,2,2,41,35
"8707",10,12,30,11,15,20,7,7,26,11,10,20,8,2,4,6,2,6,0,4,6,2,3,50,39
"8708",11,14,1,11,20,20,8,12,30,11,15,20,7,2,0,0,4,5,1,2,1,1,3,23,45
"8709",12,14,1,11,20,20,8,14,1,11,20,20,8,4,5,0,NA,0,0,0,0,0,0,23,45
"8710",0,0,0,0,0,0,0,0,0,0,0,0,0,0,0,0,0,0,0,0,0,0,0,0,0
"8711",1,1,1,5,1,1,6,1,1,1,1,1,1,2,5,4,2,5,0,4,5,3,3,4,5
"8712",2,3,1,5,1,6,6,1,1,5,1,1,6,2,0,0,1,5,4,2,5,1,2,6,10
"8713",3,3,1,9,1,7,6,3,1,5,1,6,6,1,4,0,1,0,0,4,1,3,2,10,11
"8714",4,3,1,12,1,13,9,3,1,9,1,7,6,3,1,6,1,6,0,3,6,3,2,13,20
"8715",5,3,2,12,6,13,9,3,1,12,1,13,9,1,0,0,5,3,5,1,5,2,1,14,25
"8716",6,3,2,17,6,13,12,3,2,12,6,13,9,3,5,0,3,0,0,5,3,3,3,19,28
"8717",7,3,2,18,12,16,12,3,2,17,6,13,12,1,1,6,1,6,0,1,6,3,1,20,37
"8718",8,4,2,18,18,17,12,3,2,18,12,16,12,1,0,0,1,3,6,1,6,1,1,21,44
"8719",9,7,2,18,19,17,12,4,2,18,18,17,12,1,3,0,1,0,0,3,1,1,1,24,45
"8720",10,11,2,18,19,17,16,7,2,18,19,17,12,4,5,4,5,4,0,4,4,1,3,28,49
"8721",11,16,2,18,21,17,16,11,2,18,19,17,16,5,0,0,2,5,2,5,2,1,1,33,51
"8722",12,16,2,18,21,17,16,16,2,18,21,17,16,5,2,0,NA,0,0,0,0,0,0,33,51
"8723",0,0,0,0,0,0,0,0,0,0,0,0,0,0,0,0,0,0,0,0,0,0,0,0,0
"8724",1,3,1,1,8,1,1,1,1,1,1,1,1,2,6,2,6,2,0,2,6,1,1,2,7
"8725",2,3,1,3,8,8,1,3,1,1,8,1,1,2,0,0,1,3,6,2,6,3,2,4,14
"8726",3,6,1,3,8,8,2,3,1,3,8,8,1,1,3,0,1,0,0,3,1,1,3,7,15
"8727",4,10,1,3,8,9,8,6,1,3,8,8,2,6,4,1,6,1,0,4,6,1,3,11,22
"8728",5,11,1,3,11,9,8,10,1,3,8,9,8,1,0,0,2,3,1,1,3,1,1,12,25
"8729",6,11,3,3,12,9,8,11,1,3,11,9,8,2,1,0,1,0,0,2,1,2,1,14,26
"8730",7,11,8,3,12,11,8,11,3,3,12,9,8,2,1,5,2,1,0,5,2,2,2,19,28
"8731",8,12,8,3,12,11,13,11,8,3,12,11,8,1,0,0,5,5,2,1,5,1,3,20,33
"8732",9,12,13,3,14,11,13,12,8,3,12,11,13,5,2,0,2,0,0,5,2,2,1,25,35
"8733",10,12,13,8,19,11,13,12,13,3,14,11,13,5,5,5,5,5,0,5,5,3,1,30,40
"8734",11,17,13,8,20,11,13,12,13,8,19,11,13,5,0,0,1,1,5,5,1,1,1,35,41
"8735",12,17,13,8,20,11,13,17,13,8,20,11,13,1,5,0,NA,0,0,0,0,0,0,35,41
"8736",0,0,0,0,0,0,0,0,0,0,0,0,0,0,0,0,0,0,0,0,0,0,0,0,0
"8737",1,4,1,1,1,7,4,1,1,1,1,1,1,3,2,6,2,6,0,3,6,1,2,3,9
"8738",2,4,3,1,1,7,9,4,1,1,1,7,4,2,0,0,2,5,1,2,5,2,3,5,14
"8739",3,4,5,1,1,8,9,4,3,1,1,7,9,2,1,0,1,0,0,2,1,2,2,7,15
"8740",4,4,7,1,7,13,9,4,5,1,1,8,9,6,2,5,6,5,0,2,6,2,1,9,26
"8741",5,9,7,1,7,13,12,4,7,1,7,13,9,5,0,0,3,2,2,5,3,1,3,14,29
"8742",6,9,7,3,9,13,12,9,7,1,7,13,12,2,2,0,2,0,0,2,2,3,1,16,31
"8743",7,9,11,3,9,13,16,9,7,3,9,13,12,4,1,4,1,4,0,4,4,2,3,20,35
"8744",8,9,11,4,14,13,16,9,11,3,9,13,16,1,0,0,3,1,5,1,5,3,1,21,40
"8745",9,9,14,4,15,13,16,9,11,4,14,13,16,3,1,0,1,0,0,3,1,2,1,24,41
"8746",10,10,14,4,20,13,16,9,14,4,15,13,16,1,5,5,5,5,0,1,5,1,1,25,46
"8747",11,15,14,4,22,13,16,10,14,4,20,13,16,5,0,0,2,6,4,5,2,1,1,30,48
"8748",12,15,14,4,22,13,16,15,14,4,22,13,16,6,4,0,NA,0,0,0,0,0,0,30,48
"8749",0,0,0,0,0,0,0,0,0,0,0,0,0,0,0,0,0,0,0,0,0,0,0,0,0
"8750",1,1,1,4,1,6,1,1,1,1,1,1,1,3,5,3,5,3,0,3,5,3,2,3,5
"8751",2,1,4,4,1,9,1,1,1,4,1,6,1,3,0,0,2,2,3,3,3,2,2,6,8
"8752",3,1,6,4,1,9,3,1,4,4,1,9,1,2,2,0,2,0,0,2,2,2,3,8,10
"8753",4,5,6,4,1,12,9,1,6,4,1,9,3,6,4,6,6,6,0,4,6,1,3,12,19
"8754",5,11,6,6,6,12,9,5,6,4,1,12,9,6,0,0,4,5,4,6,5,1,1,20,24
"8755",6,15,6,6,6,16,9,11,6,6,6,12,9,4,4,0,4,0,0,4,4,1,2,24,28
"8756",7,15,12,7,11,16,15,15,6,6,6,16,9,2,6,6,2,6,0,6,6,2,3,31,39
"8757",8,17,12,7,14,16,21,15,12,7,11,16,15,2,0,0,6,5,1,2,6,1,3,33,48
"8758",9,22,12,7,14,16,22,17,12,7,14,16,21,5,1,0,1,0,0,5,1,1,3,38,49
"8759",10,22,12,11,14,16,26,22,12,7,14,16,22,1,4,4,1,4,0,4,4,3,3,42,53
"8760",11,23,12,11,15,16,26,22,12,11,14,16,26,1,0,0,1,3,2,1,1,1,1,43,54
"8761",12,23,12,11,15,16,26,23,12,11,15,16,26,3,2,0,NA,0,0,0,0,0,0,43,54
"8762",0,0,0,0,0,0,0,0,0,0,0,0,0,0,0,0,0,0,0,0,0,0,0,0,0
"8763",1,1,1,5,1,1,3,1,1,1,1,1,1,2,4,1,2,1,0,4,2,3,3,4,2
"8764",2,1,1,6,2,7,3,1,1,5,1,1,3,1,0,0,1,6,5,1,6,3,2,5,9
"8765",3,2,1,6,7,7,3,1,1,6,2,7,3,1,5,0,5,0,0,1,5,1,1,6,14
"8766",4,4,1,6,7,7,7,2,1,6,7,7,3,1,2,4,1,4,0,2,4,1,3,8,18
"8767",5,4,1,7,13,12,7,4,1,6,7,7,7,1,0,0,6,1,6,1,6,3,1,9,29
"8768",6,6,1,13,13,12,8,4,1,7,13,12,7,1,6,0,1,0,0,6,1,3,3,17,30
"8769",7,15,1,13,13,12,13,6,1,13,13,12,8,6,4,5,4,5,0,6,5,1,3,26,35
"8770",8,15,1,17,13,20,13,15,1,13,13,12,13,4,0,0,6,3,4,4,6,3,2,30,43
"8771",9,18,1,17,17,20,13,15,1,17,13,20,13,3,4,0,4,0,0,3,4,1,1,33,47
"8772",10,22,1,17,17,20,17,18,1,17,17,20,13,4,3,4,3,4,0,4,4,1,3,37,51
"8773",11,25,1,17,20,20,17,22,1,17,17,20,17,3,0,0,3,3,3,3,3,1,1,40,54
"8774",12,25,1,17,20,20,17,25,1,17,20,20,17,3,3,0,NA,0,0,0,0,0,0,40,54
"8775",0,0,0,0,0,0,0,0,0,0,0,0,0,0,0,0,0,0,0,0,0,0,0,0,0
"8776",1,1,1,6,4,1,1,1,1,1,1,1,1,5,2,3,2,3,0,5,3,3,1,5,3
"8777",2,3,1,6,8,1,1,1,1,6,4,1,1,2,0,0,4,4,1,2,4,1,1,7,7
"8778",3,3,1,10,9,1,1,3,1,6,8,1,1,4,1,0,1,0,0,4,1,3,1,11,8
"8779",4,9,1,15,9,5,1,3,1,10,9,1,1,4,6,2,4,2,0,6,4,1,2,22,12
"8780",5,11,1,15,21,10,1,9,1,15,9,5,1,2,0,0,4,4,6,2,6,1,1,24,29
"8781",6,11,5,15,21,14,1,11,1,15,21,10,1,4,4,0,4,0,0,4,4,2,2,28,33
"8782",7,14,5,21,21,18,1,11,5,15,21,14,1,6,4,1,4,1,0,6,4,3,2,37,37
"8783",8,14,5,22,22,18,7,14,5,21,21,18,1,1,0,0,5,5,6,1,6,3,3,38,44
"8784",9,14,1,27,30,18,7,14,5,22,22,18,7,5,5,0,5,0,0,5,5,3,1,39,52
"8785",10,14,6,27,35,18,7,14,1,27,30,18,7,5,5,1,5,1,0,5,5,2,1,44,57
"8786",11,15,6,27,36,18,7,14,6,27,35,18,7,1,0,0,1,1,3,1,1,1,1,45,58
"8787",12,15,6,27,36,18,7,15,6,27,36,18,7,1,3,0,NA,0,0,0,0,0,0,45,58
"8788",0,0,0,0,0,0,0,0,0,0,0,0,0,0,0,0,0,0,0,0,0,0,0,0,0
"8789",1,1,6,1,5,1,1,1,1,1,1,1,1,5,4,2,4,2,0,5,4,2,1,5,4
"8790",2,3,6,1,5,5,1,1,6,1,5,1,1,2,0,0,4,3,1,2,4,1,2,7,8
"8791",3,6,6,1,6,5,1,3,6,1,5,5,1,3,1,0,1,0,0,3,1,1,1,10,9
"8792",4,6,6,6,6,5,4,6,6,1,6,5,1,3,5,2,3,2,0,5,3,3,3,15,12
"8793",5,6,8,6,6,10,4,6,6,6,6,5,4,2,0,0,6,5,1,2,5,2,2,17,17
"8794",6,12,8,10,7,10,4,6,8,6,6,10,4,6,1,0,1,0,0,6,1,1,1,27,18
"8795",7,13,8,10,11,10,4,12,8,10,7,10,4,1,4,1,4,1,0,1,4,1,1,28,22
"8796",8,14,8,10,11,15,4,13,8,10,11,10,4,1,0,0,3,5,2,1,5,1,2,29,27
"8797",9,14,8,13,11,15,6,14,8,10,11,15,4,3,2,0,2,0,0,3,2,3,3,32,29
"8798",10,14,13,13,11,15,10,14,8,13,11,15,6,5,1,4,1,4,0,5,4,2,3,37,33
"8799",11,14,14,13,17,15,15,14,13,13,11,15,10,1,0,0,1,5,6,1,6,2,1,38,44
"8800",12,14,14,13,17,15,15,14,14,13,17,15,15,1,5,0,NA,0,0,0,0,0,0,38,44
"8801",0,0,0,0,0,0,0,0,0,0,0,0,0,0,0,0,0,0,0,0,0,0,0,0,0
"8802",1,1,1,3,1,3,1,1,1,1,1,1,1,2,1,2,1,2,0,2,2,3,2,2,2
"8803",2,1,1,4,1,7,1,1,1,3,1,3,1,1,0,0,3,3,4,1,4,3,2,3,6
"8804",3,1,1,7,1,10,1,1,1,4,1,7,1,3,3,0,3,0,0,3,3,3,2,6,9
"8805",4,1,4,7,1,10,3,1,1,7,1,10,1,2,3,2,2,2,0,3,2,2,3,9,11
"8806",5,1,4,9,7,11,3,1,4,7,1,10,3,2,0,0,3,6,5,2,6,3,1,11,18
"8807",6,1,4,14,7,11,6,1,4,9,7,11,3,3,5,0,3,0,0,5,3,3,3,16,21
"8808",7,2,4,14,12,11,6,1,4,14,7,11,6,4,5,1,4,5,0,1,5,1,1,17,26
"8809",8,6,4,14,18,14,12,2,4,14,12,11,6,4,0,0,2,6,6,4,6,1,1,21,41
"8810",9,6,6,14,20,14,18,6,4,14,18,14,12,2,6,0,6,0,0,2,6,2,3,23,49
"8811",10,7,6,14,23,14,18,6,6,14,20,14,18,1,3,1,3,1,0,1,3,1,1,24,52
"8812",11,8,6,1,46,14,18,7,6,14,23,14,18,1,0,0,6,4,5,1,6,1,1,12,75
"8813",12,8,6,1,46,14,18,8,6,1,46,14,18,4,5,0,NA,0,0,0,0,0,0,12,75
"8814",0,0,0,0,0,0,0,0,0,0,0,0,0,0,0,0,0,0,0,0,0,0,0,0,0
"8815",1,5,1,1,1,1,2,1,1,1,1,1,1,4,1,1,1,1,0,4,1,1,3,4,1
"8816",2,5,1,2,5,1,2,5,1,1,1,1,2,1,0,0,4,1,3,1,4,3,1,5,5
"8817",3,5,4,2,6,1,2,5,1,2,5,1,2,1,3,0,1,0,0,3,1,2,1,8,6
"8818",4,5,4,4,8,1,2,5,4,2,6,1,2,2,1,2,1,2,0,2,2,3,1,10,8
"8819",5,6,4,4,8,1,10,5,4,4,8,1,2,1,0,0,6,5,4,1,6,1,3,11,16
"8820",6,6,9,4,8,5,10,6,4,4,8,1,10,5,4,0,4,0,0,5,4,2,2,16,20
"8821",7,8,9,4,8,5,13,6,9,4,8,5,10,2,3,2,3,2,0,2,3,1,3,18,23
"8822",8,10,9,4,11,5,13,8,9,4,8,5,13,2,0,0,4,3,2,2,3,1,1,20,26
"8823",9,10,9,8,11,5,15,10,9,4,11,5,13,4,2,0,2,0,0,4,2,3,3,24,28
"8824",10,13,9,8,21,5,15,10,9,8,11,5,15,3,3,6,3,6,0,3,6,1,1,27,38
"8825",11,16,9,8,26,5,15,13,9,8,21,5,15,3,0,0,5,2,2,3,5,1,1,30,43
"8826",12,16,9,8,26,5,15,16,9,8,26,5,15,2,2,0,NA,0,0,0,0,0,0,30,43
"8827",0,0,0,0,0,0,0,0,0,0,0,0,0,0,0,0,0,0,0,0,0,0,0,0,0
"8828",1,5,1,1,1,4,1,1,1,1,1,1,1,4,3,1,3,1,0,4,3,1,2,4,3
"8829",2,6,1,1,1,8,1,5,1,1,1,4,1,1,0,0,3,4,3,1,4,1,2,5,7
"8830",3,9,1,1,1,8,4,6,1,1,1,8,1,3,3,0,3,0,0,3,3,1,3,8,10
"8831",4,9,2,1,1,8,7,9,1,1,1,8,4,1,3,2,3,2,0,1,3,2,3,9,13
"8832",5,9,4,1,1,10,13,9,2,1,1,8,7,2,0,0,1,2,6,2,6,2,3,11,21
"8833",6,9,6,1,1,11,13,9,4,1,1,10,13,1,2,0,1,0,0,2,1,2,2,13,22
"8834",7,14,6,1,1,11,18,9,6,1,1,11,13,2,5,5,2,5,0,5,5,1,3,18,27
"8835",8,14,6,3,6,11,18,14,6,1,1,11,18,2,0,0,2,4,5,2,5,3,1,20,32
"8836",9,14,10,3,8,11,18,14,6,3,6,11,18,2,4,0,2,0,0,4,2,2,1,24,34
"8837",10,14,16,10,10,17,18,14,10,3,8,11,18,2,6,6,2,6,0,6,6,2,2,37,42
"8838",11,16,16,10,21,17,18,14,16,10,10,17,18,2,0,0,3,6,4,2,6,1,1,39,53
"8839",12,16,16,10,21,17,18,16,16,10,21,17,18,3,4,0,NA,0,0,0,0,0,0,39,53
"8840",0,0,0,0,0,0,0,0,0,0,0,0,0,0,0,0,0,0,0,0,0,0,0,0,0
"8841",1,3,1,7,6,1,1,1,1,1,1,1,1,5,6,1,5,1,0,6,5,3,1,8,5
"8842",2,3,1,8,10,1,1,3,1,7,6,1,1,1,0,0,4,1,1,1,4,3,1,9,9
"8843",3,4,1,8,10,2,1,3,1,8,10,1,1,1,1,0,1,0,0,1,1,1,2,10,10
"8844",4,4,6,8,16,2,6,4,1,8,10,2,1,6,2,5,6,2,0,5,6,2,1,15,21
"8845",5,6,6,8,16,9,6,4,6,8,16,2,6,2,0,0,5,6,4,2,6,1,2,17,28
"8846",6,6,11,8,16,13,6,6,6,8,16,9,6,5,4,0,4,0,0,5,4,2,2,22,32
"8847",7,6,11,10,16,13,10,6,11,8,16,13,6,2,4,1,4,1,0,2,4,3,3,24,36
"8848",8,6,12,10,16,18,10,6,11,10,16,13,10,1,0,0,5,4,2,1,5,2,2,25,41
"8849",9,10,12,10,16,20,10,6,12,10,16,18,10,4,2,0,2,0,0,4,2,1,2,29,43
"8850",10,15,12,10,22,20,11,10,12,10,16,20,10,5,6,3,6,3,0,5,6,1,1,34,50
"8851",11,18,12,10,24,20,11,15,12,10,22,20,11,3,0,0,2,5,3,3,2,1,1,37,52
"8852",12,18,12,10,24,20,11,18,12,10,24,20,11,5,3,0,NA,0,0,0,0,0,0,37,52
"8853",0,0,0,0,0,0,0,0,0,0,0,0,0,0,0,0,0,0,0,0,0,0,0,0,0
"8854",1,1,3,1,1,1,5,1,1,1,1,1,1,2,4,4,4,4,0,2,4,2,3,2,4
"8855",2,1,7,1,3,1,5,1,3,1,1,1,5,4,0,0,1,2,1,4,2,2,1,6,6
"8856",3,1,8,1,4,1,5,1,7,1,3,1,5,1,1,0,1,0,0,1,1,2,1,7,7
"8857",4,1,11,7,4,1,9,1,8,1,4,1,5,6,1,4,1,4,0,6,4,3,3,16,11
"8858",5,1,12,7,9,1,9,1,11,7,4,1,9,1,0,0,3,5,6,1,5,2,1,17,16
"8859",6,4,18,7,9,1,12,1,12,7,9,1,9,3,6,0,3,0,0,6,3,2,3,26,19
"8860",7,4,20,7,12,1,12,4,18,7,9,1,12,1,3,2,1,3,0,2,3,2,1,28,22
"8861",8,5,20,7,24,1,16,4,20,7,12,1,12,1,0,0,6,4,2,1,6,1,1,29,38
"8862",9,5,24,7,26,1,16,5,20,7,24,1,16,4,2,0,2,0,0,4,2,2,1,33,40
"8863",10,9,24,7,26,1,20,5,24,7,26,1,16,4,2,4,2,4,0,4,4,1,3,37,44
"8864",11,11,24,7,32,4,20,9,24,7,26,1,20,2,0,0,5,6,4,2,6,1,1,39,53
"8865",12,11,24,7,32,4,20,11,24,7,32,4,20,5,4,0,NA,0,0,0,0,0,0,39,53
"8866",0,0,0,0,0,0,0,0,0,0,0,0,0,0,0,0,0,0,0,0,0,0,0,0,0
"8867",1,6,7,1,3,7,1,1,1,1,1,1,1,2,6,6,2,6,0,6,6,2,2,11,8
"8868",2,8,7,1,3,7,6,6,7,1,3,7,1,2,0,0,4,6,5,2,5,1,3,13,13
"8869",3,8,7,11,3,11,6,8,7,1,3,7,6,4,6,0,4,0,0,6,4,3,2,23,17
"8870",4,8,7,16,3,16,6,8,7,11,3,11,6,1,5,5,1,5,0,5,5,3,2,28,22
"8871",5,8,7,17,3,21,6,8,7,16,3,16,6,1,0,0,5,2,6,1,5,3,2,29,27
"8872",6,14,7,19,3,23,6,8,7,17,3,21,6,2,6,0,2,0,0,6,2,1,2,37,29
"8873",7,14,7,23,3,23,8,14,7,19,3,23,6,4,1,2,1,2,0,4,2,3,3,41,31
"8874",8,14,7,24,3,23,13,14,7,23,3,23,8,1,0,0,2,5,2,1,5,3,3,42,36
"8875",9,14,7,26,3,25,13,14,7,24,3,23,13,2,2,0,2,0,0,2,2,3,2,44,38
"8876",10,14,7,34,3,25,15,14,7,26,3,25,13,6,1,2,1,2,0,6,2,3,3,52,40
"8877",11,14,1,34,7,30,15,14,7,34,3,25,15,1,0,0,5,2,4,1,5,2,2,46,49
"8878",12,14,1,34,7,30,15,14,1,34,7,30,15,2,4,0,NA,0,0,0,0,0,0,46,49
"8879",0,0,0,0,0,0,0,0,0,0,0,0,0,0,0,0,0,0,0,0,0,0,0,0,0
"8880",1,2,1,7,1,1,5,1,1,1,1,1,1,4,2,6,4,2,0,6,4,3,3,7,4
"8881",2,2,3,7,6,1,5,2,1,7,1,1,5,2,0,0,5,4,5,2,5,2,1,9,9
"8882",3,2,3,12,10,1,5,2,3,7,6,1,5,4,5,0,4,0,0,5,4,3,1,14,13
"8883",4,7,9,12,11,1,5,2,3,12,10,1,5,1,2,6,1,2,0,6,1,2,1,25,14
"8884",5,7,9,14,19,1,5,7,9,12,11,1,5,2,0,0,6,3,6,2,6,3,1,27,22
"8885",6,7,9,17,25,1,15,7,9,14,19,1,5,3,6,0,6,0,0,3,6,3,1,30,38
"8886",7,7,9,20,25,7,19,7,9,17,25,1,15,1,3,6,1,6,0,3,6,3,2,33,48
"8887",8,7,9,21,25,9,25,7,9,20,25,7,19,1,0,0,3,6,3,1,6,3,3,34,56
"8888",9,7,12,21,25,12,25,7,9,21,25,9,25,3,3,0,3,0,0,3,3,2,2,37,59
"8889",10,7,12,26,25,17,25,7,12,21,25,12,25,5,1,5,1,5,0,5,5,3,2,42,64
"8890",11,7,12,27,27,17,25,7,12,26,25,17,25,1,0,0,2,5,2,1,2,3,1,43,66
"8891",12,7,12,27,27,17,25,7,12,27,27,17,25,5,2,0,NA,0,0,0,0,0,0,43,66
"8892",0,0,0,0,0,0,0,0,0,0,0,0,0,0,0,0,0,0,0,0,0,0,0,0,0
"8893",1,1,4,7,1,1,5,1,1,1,1,1,1,6,4,1,4,1,0,6,4,3,3,9,4
"8894",2,2,4,7,4,1,5,1,4,7,1,1,5,1,0,0,2,1,3,1,3,1,1,10,7
"8895",3,4,4,7,4,1,6,2,4,7,4,1,5,2,1,0,1,0,0,2,1,1,3,12,8
"8896",4,4,4,8,10,7,8,4,4,7,4,1,6,1,6,2,6,2,0,1,6,3,2,13,22
"8897",5,6,4,8,14,13,8,4,4,8,10,7,8,2,0,0,6,6,1,2,6,1,2,15,32
"8898",6,6,15,8,15,13,8,6,4,8,14,13,8,6,1,0,1,0,0,6,1,2,1,26,33
"8899",7,6,15,13,15,18,8,6,15,8,15,13,8,5,3,5,3,5,0,5,5,3,2,31,38
"8900",8,6,18,13,20,18,8,6,15,13,15,18,8,3,0,0,3,4,5,3,5,2,1,34,43
"8901",9,10,18,13,20,18,11,6,18,13,20,18,8,3,4,0,3,0,0,4,3,1,3,38,46
"8902",10,10,22,13,20,23,11,10,18,13,20,18,11,1,5,4,1,5,0,4,5,2,2,42,51
"8903",11,1,23,13,34,23,11,10,22,13,20,23,11,1,0,0,6,4,4,1,6,2,1,34,65
"8904",12,1,23,13,34,23,11,1,23,13,34,23,11,4,4,0,NA,0,0,0,0,0,0,34,65
"8905",0,0,0,0,0,0,0,0,0,0,0,0,0,0,0,0,0,0,0,0,0,0,0,0,0
"8906",1,4,1,1,7,10,1,1,1,1,1,1,1,3,3,6,3,6,0,3,6,1,1,3,15
"8907",2,7,1,1,7,11,1,4,1,1,7,10,1,3,0,0,1,1,4,3,1,1,2,6,16
"8908",3,7,5,1,7,12,1,7,1,1,7,11,1,1,4,0,1,0,0,4,1,2,2,10,17
"8909",4,7,5,5,11,12,1,7,5,1,7,12,1,2,4,4,2,4,0,4,4,3,1,14,21
"8910",5,9,5,5,11,12,6,7,5,5,11,12,1,2,0,0,5,2,3,2,5,1,3,16,26
"8911",6,9,5,7,11,12,9,9,5,5,11,12,6,2,3,0,3,0,0,2,3,3,3,18,29
"8912",7,19,5,7,11,12,16,9,5,7,11,12,9,6,6,3,6,3,0,6,6,1,3,28,36
"8913",8,19,5,10,21,12,22,19,5,7,11,12,16,3,0,0,6,4,2,3,6,3,1,31,52
"8914",9,23,5,10,23,12,22,19,5,10,21,12,22,4,2,0,2,0,0,4,2,1,1,35,54
"8915",10,23,5,13,23,14,22,23,5,10,23,12,22,5,3,2,5,2,0,3,2,3,2,38,56
"8916",11,28,5,13,24,14,22,23,5,13,23,14,22,5,0,0,1,5,5,5,1,1,1,43,57
"8917",12,28,5,13,24,14,22,28,5,13,24,14,22,5,5,0,NA,0,0,0,0,0,0,43,57
"8918",0,0,0,0,0,0,0,0,0,0,0,0,0,0,0,0,0,0,0,0,0,0,0,0,0
"8919",1,6,1,1,1,1,6,1,1,1,1,1,1,5,1,5,1,5,0,5,5,1,3,5,5
"8920",2,6,2,1,1,1,11,6,1,1,1,1,6,1,0,0,2,3,5,1,5,2,3,6,10
"8921",3,6,2,4,3,1,11,6,2,1,1,1,11,2,3,0,2,0,0,3,2,3,1,9,12
"8922",4,8,2,4,3,3,11,6,2,4,3,1,11,2,2,2,2,2,0,2,2,1,2,11,14
"8923",5,10,2,4,8,3,11,8,2,4,3,3,11,2,0,0,2,5,4,2,5,1,1,13,19
"8924",6,10,4,4,8,7,11,10,2,4,8,3,11,2,4,0,4,0,0,2,4,2,2,15,23
"8925",7,15,4,4,8,10,11,10,4,4,8,7,11,3,5,2,3,2,0,5,3,1,2,20,26
"8926",8,17,4,4,8,10,14,15,4,4,8,10,11,2,0,0,3,2,5,2,3,1,3,22,29
"8927",9,17,4,9,10,10,14,17,4,4,8,10,14,2,5,0,2,0,0,5,2,3,1,27,31
"8928",10,23,4,10,11,16,14,17,4,9,10,10,14,2,6,6,2,6,0,6,6,1,2,34,38
"8929",11,25,4,10,16,16,14,23,4,10,11,16,14,2,0,0,5,4,5,2,5,1,1,36,43
"8930",12,25,4,10,16,16,14,25,4,10,16,16,14,4,5,0,NA,0,0,0,0,0,0,36,43
"8931",0,0,0,0,0,0,0,0,0,0,0,0,0,0,0,0,0,0,0,0,0,0,0,0,0
"8932",1,1,1,2,1,12,1,1,1,1,1,1,1,5,1,6,5,6,0,1,6,3,2,1,11
"8933",2,1,1,7,5,12,1,1,1,2,1,12,1,5,0,0,4,4,1,5,4,3,1,6,15
"8934",3,1,5,7,6,12,1,1,1,7,5,12,1,4,1,0,1,0,0,4,1,2,1,10,16
"8935",4,1,5,12,6,13,7,1,5,7,6,12,1,6,5,2,6,2,0,5,6,3,3,15,23
"8936",5,1,5,14,10,13,7,1,5,12,6,13,7,2,0,0,4,2,2,2,4,3,1,17,27
"8937",6,1,7,14,10,13,9,1,5,14,10,13,7,2,2,0,2,0,0,2,2,2,3,19,29
"8938",7,1,13,15,16,13,16,1,7,14,10,13,9,4,6,6,4,6,0,6,6,2,1,26,42
"8939",8,1,17,15,16,18,22,1,13,15,16,13,16,4,0,0,3,6,4,4,6,2,3,30,53
"8940",9,5,17,15,16,21,22,1,17,15,16,18,22,3,4,0,3,0,0,4,3,1,2,34,56
"8941",10,5,18,15,18,21,22,5,17,15,16,21,22,2,2,1,2,2,0,1,2,2,1,35,58
"8942",11,7,18,15,19,21,22,5,18,15,18,21,22,2,0,0,1,2,1,2,1,1,1,37,59
"8943",12,7,18,15,19,21,22,7,18,15,19,21,22,2,1,0,NA,0,0,0,0,0,0,37,59
"8944",0,0,0,0,0,0,0,0,0,0,0,0,0,0,0,0,0,0,0,0,0,0,0,0,0
"8945",1,3,1,1,1,1,6,1,1,1,1,1,1,5,2,2,5,2,0,2,5,1,3,2,5
"8946",2,5,1,1,12,1,6,3,1,1,1,1,6,2,0,0,6,1,5,2,6,1,1,4,16
"8947",3,5,2,1,12,6,6,5,1,1,12,1,6,1,5,0,5,0,0,1,5,2,2,5,21
"8948",4,8,2,1,12,14,6,5,2,1,12,6,6,3,2,6,2,6,0,3,6,1,2,8,29
"8949",5,8,4,1,18,17,6,8,2,1,12,14,6,2,0,0,2,6,1,2,6,2,1,10,38
"8950",6,8,6,1,18,17,7,8,4,1,18,17,6,2,1,0,1,0,0,2,1,2,3,12,39
"8951",7,8,10,1,18,19,7,8,6,1,18,17,7,5,2,4,5,2,0,4,2,2,2,16,41
"8952",8,8,15,1,23,19,19,8,10,1,18,19,7,5,0,0,1,6,6,5,6,2,3,21,58
"8953",9,8,15,2,23,28,25,8,15,1,23,19,19,1,6,0,6,0,0,1,6,3,2,22,73
"8954",10,10,15,3,23,28,9,8,15,2,23,28,25,6,1,5,6,5,0,1,6,3,3,25,57
"8955",11,10,15,8,27,28,9,10,15,3,23,28,9,5,0,0,4,1,4,5,4,3,1,30,61
"8956",12,10,15,8,27,28,9,10,15,8,27,28,9,1,4,0,NA,0,0,0,0,0,0,30,61
"8957",0,0,0,0,0,0,0,0,0,0,0,0,0,0,0,0,0,0,0,0,0,0,0,0,0
"8958",1,13,1,1,1,1,3,1,1,1,1,1,1,2,6,2,2,2,0,6,2,1,3,12,2
"8959",2,13,1,3,7,1,5,13,1,1,1,1,3,2,0,0,6,3,5,2,6,3,1,14,10
"8960",3,13,1,6,7,1,10,13,1,3,7,1,5,3,5,0,5,0,0,3,5,3,3,17,15
"8961",4,13,5,6,7,1,14,13,1,6,7,1,10,4,1,4,1,4,0,4,4,2,3,21,19
"8962",5,14,5,6,7,1,19,13,5,6,7,1,14,1,0,0,1,5,3,1,5,1,3,22,24
"8963",6,14,8,6,7,1,20,14,5,6,7,1,19,1,3,0,1,0,0,3,1,2,3,25,25
"8964",7,24,8,6,19,1,22,14,8,6,7,1,20,4,6,6,4,6,0,6,6,1,1,35,39
"8965",8,1,1,1,19,6,33,24,8,6,19,1,22,4,0,0,2,2,6,4,6,1,3,0,55
"8966",9,3,1,1,19,8,33,1,1,1,19,6,33,2,2,0,2,0,0,2,2,1,2,2,57
"8967",10,4,1,1,21,8,33,3,1,1,19,8,33,1,2,1,2,1,0,1,2,1,1,3,59
"8968",11,5,1,1,24,8,33,4,1,1,21,8,33,1,0,0,3,3,2,1,3,1,1,4,62
"8969",12,5,1,1,24,8,33,5,1,1,24,8,33,3,2,0,NA,0,0,0,0,0,0,4,62
"8970",0,0,0,0,0,0,0,0,0,0,0,0,0,0,0,0,0,0,0,0,0,0,0,0,0
"8971",1,5,7,1,1,1,5,1,1,1,1,1,1,6,4,1,4,1,0,6,4,2,3,10,4
"8972",2,6,7,1,1,6,5,5,7,1,1,1,5,1,0,0,4,5,6,1,5,1,2,11,9
"8973",3,14,7,1,1,6,9,6,7,1,1,6,5,4,6,0,4,0,0,6,4,1,3,19,13
"8974",4,20,10,1,1,10,9,14,7,1,1,6,9,1,6,4,1,4,0,6,4,1,2,28,17
"8975",5,21,10,1,1,13,9,20,10,1,1,10,9,1,0,0,3,2,6,1,3,1,2,29,20
"8976",6,27,13,1,3,13,9,21,10,1,1,13,9,2,6,0,2,0,0,6,2,1,1,38,22
"8977",7,29,13,1,8,13,9,27,13,1,3,13,9,5,5,2,5,5,0,2,5,1,1,40,27
"8978",8,1,13,1,12,13,14,29,13,1,8,13,9,5,0,0,6,6,4,5,4,1,1,12,36
"8979",9,7,18,1,18,15,14,1,13,1,12,13,14,6,6,0,6,0,0,6,6,1,1,23,44
"8980",10,9,18,1,18,20,14,7,18,1,18,15,14,2,5,4,5,4,0,2,5,1,2,25,49
"8981",11,13,18,1,19,20,20,9,18,1,18,20,14,4,0,0,6,6,1,4,6,1,3,29,56
"8982",12,13,18,1,19,20,20,13,18,1,19,20,20,6,1,0,NA,0,0,0,0,0,0,29,56
"8983",0,0,0,0,0,0,0,0,0,0,0,0,0,0,0,0,0,0,0,0,0,0,0,0,0
"8984",1,1,5,1,6,1,7,1,1,1,1,1,1,4,6,1,6,1,0,4,6,2,3,4,11
"8985",2,2,5,1,11,1,7,1,5,1,6,1,7,1,0,0,5,5,1,1,5,1,1,5,16
"8986",3,7,5,1,11,1,8,2,5,1,11,1,7,5,1,0,1,0,0,5,1,1,3,10,17
"8987",4,12,5,1,11,5,8,7,5,1,11,1,8,5,2,4,2,4,0,5,4,1,2,15,21
"8988",5,12,7,1,11,5,16,12,5,1,11,5,8,2,0,0,4,6,2,2,6,2,3,17,29
"8989",6,16,7,1,11,7,16,12,7,1,11,5,16,4,2,0,2,0,0,4,2,1,2,21,31
"8990",7,16,8,1,11,12,16,16,7,1,11,7,16,1,3,5,3,5,0,1,5,2,2,22,36
"8991",8,19,8,1,16,12,16,16,8,1,11,12,16,3,0,0,1,5,4,3,5,1,1,25,41
"8992",9,19,8,5,16,13,16,19,8,1,16,12,16,1,4,0,1,0,0,4,1,3,2,29,42
"8993",10,24,8,5,21,13,16,19,8,5,16,13,16,5,4,5,4,5,0,5,5,1,1,34,47
"8994",11,28,8,5,22,13,16,24,8,5,21,13,16,4,0,0,1,3,2,4,1,1,1,38,48
"8995",12,28,8,5,22,13,16,28,8,5,22,13,16,3,2,0,NA,0,0,0,0,0,0,38,48
"8996",0,0,0,0,0,0,0,0,0,0,0,0,0,0,0,0,0,0,0,0,0,0,0,0,0
"8997",1,7,1,6,4,1,1,1,1,1,1,1,1,3,6,3,3,3,0,6,3,1,1,11,3
"8998",2,10,1,6,4,6,1,7,1,6,4,1,1,3,0,0,5,2,6,3,5,1,2,14,8
"8999",3,14,7,6,4,6,3,10,1,6,4,6,1,2,6,0,2,0,0,6,2,2,3,24,10
"9000",4,14,12,6,4,11,3,14,7,6,4,6,3,5,5,4,5,4,0,5,5,2,2,29,15
"9001",5,18,12,6,6,11,3,14,12,6,4,11,3,4,0,0,6,2,2,4,2,1,1,33,17
"9002",6,19,12,12,6,11,5,18,12,6,6,11,3,6,2,0,2,0,0,6,2,3,3,40,19
"9003",7,29,18,12,6,16,1,19,12,12,6,11,5,6,5,5,5,5,0,6,5,1,2,56,20
"9004",8,1,23,12,6,16,11,29,18,12,6,16,1,5,0,0,2,3,6,5,6,2,3,33,30
"9005",9,1,26,12,6,18,11,1,23,12,6,16,11,2,3,0,2,0,0,3,2,2,2,36,32
"9006",10,1,30,12,6,21,11,1,26,12,6,18,11,4,3,3,3,3,0,4,3,2,2,40,35
"9007",11,1,1,15,18,21,11,1,30,12,6,21,11,3,0,0,6,2,5,3,2,3,1,14,47
"9008",12,1,1,15,18,21,11,1,1,15,18,21,11,6,5,0,NA,0,0,0,0,0,0,14,47
"9009",0,0,0,0,0,0,0,0,0,0,0,0,0,0,0,0,0,0,0,0,0,0,0,0,0
"9010",1,1,6,1,1,1,5,1,1,1,1,1,1,3,5,4,3,4,0,5,4,2,3,5,4
"9011",2,1,6,4,1,5,5,1,6,1,1,1,5,3,0,0,3,4,4,3,4,3,2,8,8
"9012",3,1,6,8,4,5,5,1,6,4,1,5,5,3,4,0,3,0,0,4,3,3,1,12,11
"9013",4,1,6,10,4,5,7,1,6,8,4,5,5,2,2,2,2,2,0,2,2,3,3,14,13
"9014",5,1,8,10,10,11,7,1,6,10,4,5,7,2,0,0,2,1,6,2,6,2,2,16,25
"9015",6,1,8,11,10,11,9,1,8,10,10,11,7,2,1,0,2,0,0,1,2,3,3,17,27
"9016",7,1,8,13,10,13,9,1,8,11,10,11,9,2,2,2,2,2,0,2,2,3,2,19,29
"9017",8,3,8,13,10,18,9,1,8,13,10,13,9,2,0,0,5,5,5,2,5,1,2,21,34
"9018",9,8,8,13,10,18,14,3,8,13,10,18,9,5,5,0,5,0,0,5,5,1,3,26,39
"9019",10,8,10,13,10,19,14,8,8,13,10,18,14,1,2,4,1,4,0,2,1,2,2,28,40
"9020",11,12,10,13,11,19,14,8,10,13,10,19,14,4,0,0,1,5,5,4,1,1,1,32,41
"9021",12,12,10,13,11,19,14,12,10,13,11,19,14,5,5,0,NA,0,0,0,0,0,0,32,41
"9022",0,0,0,0,0,0,0,0,0,0,0,0,0,0,0,0,0,0,0,0,0,0,0,0,0
"9023",1,1,1,6,7,1,2,1,1,1,1,1,1,3,5,6,3,6,0,5,6,3,1,5,7
"9024",2,1,1,9,7,1,5,1,1,6,7,1,2,3,0,0,3,3,5,3,3,3,3,8,10
"9025",3,1,1,14,10,1,5,1,1,9,7,1,5,3,5,0,3,0,0,5,3,3,1,13,13
"9026",4,1,1,18,10,7,7,1,1,14,10,1,5,5,4,6,5,6,0,4,6,3,2,17,21
"9027",5,1,6,18,10,7,10,1,1,18,10,7,7,5,0,0,3,3,1,5,3,2,3,22,24
"9028",6,4,6,18,10,8,10,1,6,18,10,7,10,3,1,0,1,0,0,3,1,1,2,25,25
"9029",7,6,6,18,10,11,16,4,6,18,10,8,10,6,1,2,6,1,0,2,6,1,3,27,34
"9030",8,7,6,18,10,13,16,6,6,18,10,11,16,1,0,0,1,3,2,1,2,1,2,28,36
"9031",9,7,6,21,11,13,16,7,6,18,10,13,16,1,3,0,1,0,0,3,1,3,1,31,37
"9032",10,7,12,24,11,22,16,7,6,21,11,13,16,2,6,6,2,6,0,6,6,2,2,40,46
"9033",11,9,12,24,13,22,16,7,12,24,11,22,16,2,0,0,2,1,2,2,2,1,1,42,48
"9034",12,9,12,24,13,22,16,9,12,24,13,22,16,1,2,0,NA,0,0,0,0,0,0,42,48
"9035",0,0,0,0,0,0,0,0,0,0,0,0,0,0,0,0,0,0,0,0,0,0,0,0,0
"9036",1,7,5,1,1,1,6,1,1,1,1,1,1,1,6,5,1,5,0,6,5,1,3,10,5
"9037",2,7,6,1,1,6,6,7,5,1,1,1,6,1,0,0,5,4,1,1,5,2,2,11,10
"9038",3,7,6,5,2,6,6,7,6,1,1,6,6,4,1,0,1,0,0,4,1,3,1,15,11
"9039",4,9,6,5,2,6,9,7,6,5,2,6,6,2,1,3,1,3,0,2,3,1,3,17,14
"9040",5,9,7,5,4,12,9,9,6,5,2,6,9,1,0,0,1,4,6,1,6,2,2,18,22
"9041",6,9,7,9,4,13,9,9,7,5,4,12,9,1,4,0,1,0,0,4,1,3,2,22,23
"9042",7,9,7,14,4,13,12,9,7,9,4,13,9,5,3,3,3,3,0,5,3,3,3,27,26
"9043",8,9,10,14,4,13,17,9,7,14,4,13,12,3,0,0,2,5,4,3,5,2,3,30,31
"9044",9,13,10,14,4,15,17,9,10,14,4,13,17,2,4,0,2,0,0,4,2,1,2,34,33
"9045",10,13,10,19,4,23,17,13,10,14,4,15,17,6,5,2,6,2,0,5,6,3,2,39,41
"9046",11,15,10,19,8,23,17,13,10,19,4,23,17,2,0,0,1,4,1,2,4,1,1,41,45
"9047",12,15,10,19,8,23,17,15,10,19,8,23,17,1,1,0,NA,0,0,0,0,0,0,41,45
"9048",0,0,0,0,0,0,0,0,0,0,0,0,0,0,0,0,0,0,0,0,0,0,0,0,0
"9049",1,1,3,1,1,6,1,1,1,1,1,1,1,2,5,4,5,4,0,2,5,2,2,2,5
"9050",2,1,7,1,7,8,1,1,3,1,1,6,1,4,0,0,6,2,4,4,6,2,1,6,13
"9051",3,1,7,5,7,8,3,1,7,1,7,8,1,2,4,0,2,0,0,4,2,3,3,10,15
"9052",4,1,8,11,13,14,5,1,7,5,7,8,3,6,6,6,6,6,0,6,6,3,2,17,29
"9053",5,7,8,17,13,14,8,1,8,11,13,14,5,6,0,0,2,3,2,6,3,1,3,29,32
"9054",6,7,8,19,13,14,10,7,8,17,13,14,8,2,2,0,2,0,0,2,2,3,3,31,34
"9055",7,7,13,19,24,14,10,7,8,19,13,14,10,6,3,5,6,3,0,5,6,2,1,36,45
"9056",8,7,16,19,26,14,10,7,13,19,24,14,10,3,0,0,2,2,1,3,2,2,1,39,47
"9057",9,7,18,19,26,14,11,7,16,19,26,14,10,2,1,0,1,0,0,2,1,2,3,41,48
"9058",10,7,18,23,26,20,16,7,18,19,26,14,11,2,6,4,2,6,0,4,6,3,2,45,59
"9059",11,7,18,25,43,20,16,7,18,23,26,20,16,2,0,0,2,6,1,2,6,3,1,47,76
"9060",12,7,18,25,43,20,16,7,18,25,43,20,16,2,1,0,NA,0,0,0,0,0,0,47,76
"9061",0,0,0,0,0,0,0,0,0,0,0,0,0,0,0,0,0,0,0,0,0,0,0,0,0
"9062",1,1,4,7,1,5,7,1,1,1,1,1,1,2,6,6,2,6,0,6,6,3,3,9,10
"9063",2,1,4,9,6,5,13,1,4,7,1,5,7,2,0,0,2,6,1,2,6,3,3,11,21
"9064",3,1,5,9,6,7,13,1,4,9,6,5,13,2,1,0,2,0,0,1,2,2,2,12,23
"9065",4,1,5,14,11,7,13,1,5,9,6,7,13,5,5,1,5,1,0,5,5,3,1,17,28
"9066",5,2,5,14,11,12,13,1,5,14,11,7,13,1,0,0,3,5,1,1,5,1,2,18,33
"9067",6,2,6,14,14,12,13,2,5,14,11,12,13,3,1,0,3,0,0,1,3,2,1,19,36
"9068",7,2,6,23,14,12,17,2,6,14,14,12,13,4,6,4,4,4,0,6,4,3,3,28,40
"9069",8,6,6,23,14,16,17,2,6,23,14,12,17,4,0,0,4,3,1,4,4,1,2,32,44
"9070",9,9,6,23,14,16,18,6,6,23,14,16,17,3,1,0,1,0,0,3,1,1,3,35,45
"9071",10,12,6,29,20,21,18,9,6,23,14,16,18,6,6,2,6,2,0,6,6,3,1,44,56
"9072",11,14,6,29,23,21,18,12,6,29,20,21,18,2,0,0,3,1,4,2,3,1,1,46,59
"9073",12,14,6,29,23,21,18,14,6,29,23,21,18,1,4,0,NA,0,0,0,0,0,0,46,59
"9074",0,0,0,0,0,0,0,0,0,0,0,0,0,0,0,0,0,0,0,0,0,0,0,0,0
"9075",1,1,1,4,7,5,1,1,1,1,1,1,1,6,3,2,6,2,0,3,6,3,1,3,10
"9076",2,3,1,4,7,5,6,1,1,4,7,5,1,2,0,0,5,2,2,2,5,1,3,5,15
"9077",3,5,1,4,7,5,8,3,1,4,7,5,6,2,2,0,2,0,0,2,2,1,3,7,17
"9078",4,7,1,4,7,7,8,5,1,4,7,5,8,2,3,2,3,2,0,2,2,1,2,9,19
"9079",5,7,4,4,7,18,14,7,1,4,7,7,8,3,0,0,6,6,6,3,6,2,3,12,36
"9080",6,7,4,14,13,20,14,7,4,4,7,18,14,6,6,0,6,0,0,6,6,3,1,22,44
"9081",7,11,4,14,18,20,14,7,4,14,13,20,14,5,4,5,5,5,0,4,5,1,1,26,49
"9082",8,16,4,14,19,20,14,11,4,14,18,20,14,5,0,0,6,3,1,5,1,1,1,31,50
"9083",9,26,4,14,19,20,17,16,4,14,19,20,14,6,3,0,3,0,0,6,3,1,3,41,53
"9084",10,31,4,14,22,20,17,26,4,14,19,20,17,1,5,3,1,3,0,5,3,1,1,46,56
"9085",11,32,4,14,25,20,17,31,4,14,22,20,17,1,0,0,3,5,2,1,3,1,1,47,59
"9086",12,32,4,14,25,20,17,32,4,14,25,20,17,5,2,0,NA,0,0,0,0,0,0,47,59
"9087",0,0,0,0,0,0,0,0,0,0,0,0,0,0,0,0,0,0,0,0,0,0,0,0,0
"9088",1,7,3,1,1,5,1,1,1,1,1,1,1,3,6,4,3,4,0,6,4,1,2,8,4
"9089",2,7,6,1,6,11,1,7,3,1,1,5,1,3,0,0,4,5,6,3,6,2,2,11,15
"9090",3,12,6,1,6,11,5,7,6,1,6,11,1,4,5,0,4,0,0,5,4,1,3,16,19
"9091",4,12,11,1,6,14,5,12,6,1,6,11,5,1,3,5,1,3,0,5,3,2,2,21,22
"9092",5,13,11,1,15,14,5,12,11,1,6,14,5,1,0,0,6,4,5,1,6,1,1,22,31
"9093",6,13,15,1,15,14,10,13,11,1,15,14,5,4,5,0,5,0,0,4,5,2,3,26,36
"9094",7,13,19,1,15,14,15,13,15,1,15,14,10,5,4,3,5,3,0,4,5,2,3,30,41
"9095",8,13,19,4,18,14,15,13,19,1,15,14,15,3,0,0,5,3,2,3,3,3,1,33,44
"9096",9,13,21,4,23,14,15,13,19,4,18,14,15,5,2,0,5,0,0,2,5,2,1,35,49
"9097",10,13,22,4,23,14,20,13,21,4,23,14,15,1,5,5,5,5,0,1,5,2,3,36,54
"9098",11,18,22,1,26,20,26,13,22,4,23,14,20,5,0,0,6,3,3,5,6,1,2,38,69
"9099",12,18,22,1,26,20,26,18,22,1,26,20,26,3,3,0,NA,0,0,0,0,0,0,38,69
"9100",0,0,0,0,0,0,0,0,0,0,0,0,0,0,0,0,0,0,0,0,0,0,0,0,0
"9101",1,1,10,1,1,1,2,1,1,1,1,1,1,6,1,1,1,1,0,6,1,2,3,9,1
"9102",2,1,11,1,1,3,2,1,10,1,1,1,2,1,0,0,2,2,2,1,2,2,2,10,3
"9103",3,1,11,3,1,5,2,1,11,1,1,3,2,2,2,0,2,0,0,2,2,3,2,12,5
"9104",4,1,12,3,4,11,2,1,11,3,1,5,2,1,6,2,6,2,0,1,6,2,2,13,14
"9105",5,1,14,3,5,11,8,1,12,3,4,11,2,2,0,0,6,4,1,2,6,2,3,15,21
"9106",6,5,14,3,5,12,8,1,14,3,5,11,8,4,1,0,1,0,0,4,1,1,2,19,22
"9107",7,5,14,7,5,17,8,5,14,3,5,12,8,4,2,5,2,5,0,4,5,3,2,23,27
"9108",8,7,14,7,5,17,13,5,14,7,5,17,8,2,0,0,5,5,3,2,5,1,3,25,32
"9109",9,7,14,12,8,17,13,7,14,7,5,17,13,5,3,0,3,0,0,5,3,3,1,30,35
"9110",10,7,17,12,8,28,13,7,14,12,8,17,13,6,3,2,6,2,0,3,6,2,2,33,46
"9111",11,9,17,12,10,28,13,7,17,12,8,28,13,2,0,0,2,4,2,2,2,1,1,35,48
"9112",12,9,17,12,10,28,13,9,17,12,10,28,13,4,2,0,NA,0,0,0,0,0,0,35,48
"9113",0,0,0,0,0,0,0,0,0,0,0,0,0,0,0,0,0,0,0,0,0,0,0,0,0
"9114",1,4,1,1,3,1,1,1,1,1,1,1,1,3,1,2,1,2,0,3,2,1,1,3,2
"9115",2,5,1,1,7,1,1,4,1,1,3,1,1,1,0,0,2,4,4,1,4,1,1,4,6
"9116",3,5,3,1,11,1,1,5,1,1,7,1,1,2,4,0,4,0,0,2,4,2,1,6,10
"9117",4,10,3,1,11,1,5,5,3,1,11,1,1,4,2,5,4,2,0,5,4,1,3,11,14
"9118",5,10,5,1,11,1,7,10,3,1,11,1,5,2,0,0,2,3,2,2,2,2,3,13,16
"9119",6,13,5,1,11,1,9,10,5,1,11,1,7,3,2,0,2,0,0,3,2,1,3,16,18
"9120",7,17,5,1,11,5,9,13,5,1,11,1,9,4,4,2,4,2,0,4,4,1,2,20,22
"9121",8,19,5,1,11,5,17,17,5,1,11,5,9,2,0,0,2,3,6,2,6,1,3,22,30
"9122",9,19,5,4,11,7,17,19,5,1,11,5,17,2,3,0,2,0,0,3,2,3,2,25,32
"9123",10,19,9,4,15,7,17,19,5,4,11,7,17,1,4,4,1,4,0,4,4,2,1,29,36
"9124",11,19,9,5,26,7,17,19,9,4,15,7,17,1,0,0,3,6,4,1,6,3,1,30,47
"9125",12,19,9,5,26,7,17,19,9,5,26,7,17,3,4,0,NA,0,0,0,0,0,0,30,47
"9126",0,0,0,0,0,0,0,0,0,0,0,0,0,0,0,0,0,0,0,0,0,0,0,0,0
"9127",1,8,1,1,1,1,6,1,1,1,1,1,1,2,5,6,2,5,0,6,5,1,3,7,5
"9128",2,10,1,1,1,5,12,8,1,1,1,1,6,2,0,0,5,5,6,2,6,1,3,9,15
"9129",3,15,1,1,6,5,12,10,1,1,1,5,12,5,5,0,5,0,0,5,5,1,1,14,20
"9130",4,20,1,1,6,5,16,15,1,1,6,5,12,5,4,4,4,4,0,5,4,1,3,19,24
"9131",5,24,1,1,6,5,21,20,1,1,6,5,16,4,0,0,5,5,1,4,5,1,3,23,29
"9132",6,24,6,1,6,6,21,24,1,1,6,5,21,5,1,0,1,0,0,5,1,2,2,28,30
"9133",7,24,10,1,11,6,21,24,6,1,6,6,21,4,3,5,3,5,0,4,5,2,1,32,35
"9134",8,24,10,4,14,12,21,24,10,1,11,6,21,3,0,0,6,2,6,3,6,3,2,35,44
"9135",9,30,15,4,16,12,21,24,10,4,14,12,21,2,6,0,2,0,0,6,2,1,1,46,46
"9136",10,30,15,14,16,17,21,30,15,4,16,12,21,6,5,3,5,3,0,6,5,3,2,56,51
"9137",11,30,18,14,20,17,21,30,15,14,16,17,21,3,0,0,4,3,3,3,4,2,1,59,55
"9138",12,30,18,14,20,17,21,30,18,14,20,17,21,3,3,0,NA,0,0,0,0,0,0,59,55
"9139",0,0,0,0,0,0,0,0,0,0,0,0,0,0,0,0,0,0,0,0,0,0,0,0,0
"9140",1,1,4,1,1,5,1,1,1,1,1,1,1,4,4,3,4,4,0,3,4,2,2,3,4
"9141",2,1,4,5,1,5,6,1,4,1,1,5,1,4,0,0,3,5,5,4,5,3,3,7,9
"9142",3,4,4,5,6,5,6,1,4,5,1,5,6,3,5,0,5,0,0,3,5,1,1,10,14
"9143",4,9,4,17,11,5,6,4,4,5,6,5,6,5,2,6,5,2,0,6,5,3,1,27,19
"9144",5,11,4,17,17,8,6,9,4,17,11,5,6,2,0,0,5,3,6,2,6,1,1,29,28
"9145",6,11,9,17,17,8,9,11,4,17,17,8,6,5,3,0,3,0,0,5,3,2,3,34,31
"9146",7,11,11,17,19,8,9,11,9,17,17,8,9,2,1,2,1,2,0,2,2,2,1,36,33
"9147",8,11,11,18,23,8,9,11,11,17,19,8,9,1,0,0,4,4,3,1,4,3,1,37,37
"9148",9,14,11,18,27,8,9,11,11,18,23,8,9,4,3,0,4,0,0,3,4,1,1,40,41
"9149",10,16,11,18,28,8,9,14,11,18,27,8,9,1,2,1,1,1,0,2,1,1,1,42,42
"9150",11,16,11,19,32,8,9,16,11,18,28,8,9,1,0,0,3,4,2,1,4,3,1,43,46
"9151",12,16,11,19,32,8,9,16,11,19,32,8,9,3,2,0,NA,0,0,0,0,0,0,43,46
"9152",0,0,0,0,0,0,0,0,0,0,0,0,0,0,0,0,0,0,0,0,0,0,0,0,0
"9153",1,7,1,3,1,6,1,1,1,1,1,1,1,6,5,6,5,6,0,6,5,1,2,8,5
"9154",2,14,1,9,1,6,6,7,1,3,1,6,1,6,0,0,3,1,5,6,5,3,3,21,10
"9155",3,14,4,9,1,7,6,14,1,9,1,6,6,3,1,0,1,0,0,3,1,2,2,24,11
"9156",4,14,9,9,1,7,17,14,4,9,1,7,6,5,6,5,6,5,0,5,6,2,3,29,22
"9157",5,14,14,9,1,7,20,14,9,9,1,7,17,5,0,0,2,6,3,5,3,2,3,34,25
"9158",6,20,14,12,1,7,22,14,14,9,1,7,20,2,6,0,2,0,0,6,2,1,3,43,27
"9159",7,23,14,12,1,7,30,20,14,12,1,7,22,3,1,6,1,6,0,3,6,1,3,46,35
"9160",8,23,14,1,4,7,35,23,14,12,1,7,30,1,0,0,5,1,4,1,5,3,3,35,43
"9161",9,23,18,1,4,8,35,23,14,1,4,7,35,1,4,0,1,0,0,4,1,2,2,39,44
"9162",10,23,1,6,4,8,41,23,18,1,4,8,35,5,1,5,1,5,0,5,5,3,3,27,50
"9163",11,24,1,6,9,8,41,23,1,6,4,8,41,1,0,0,5,1,3,1,5,1,1,28,55
"9164",12,24,1,6,9,8,41,24,1,6,9,8,41,1,3,0,NA,0,0,0,0,0,0,28,55
"9165",0,0,0,0,0,0,0,0,0,0,0,0,0,0,0,0,0,0,0,0,0,0,0,0,0
"9166",1,1,6,1,5,1,7,1,1,1,1,1,1,3,5,6,3,6,0,5,6,2,3,5,10
"9167",2,4,6,1,8,1,13,1,6,1,5,1,7,3,0,0,2,1,6,3,6,1,3,8,19
"9168",3,4,6,3,8,2,13,4,6,1,8,1,13,2,1,0,1,0,0,2,1,3,2,10,20
"9169",4,4,8,3,8,7,13,4,6,3,8,2,13,2,5,2,5,2,0,2,5,2,2,12,25
"9170",5,4,10,3,9,13,13,4,8,3,8,7,13,2,0,0,6,1,5,2,6,2,2,14,32
"9171",6,4,10,8,10,13,13,4,10,3,9,13,13,1,5,0,1,0,0,5,1,3,1,19,33
"9172",7,4,10,9,13,13,13,4,10,8,10,13,13,3,1,3,3,3,0,1,3,3,1,20,36
"9173",8,4,13,9,13,13,18,4,10,9,13,13,13,3,0,0,2,5,2,3,5,2,3,23,41
"9174",9,4,13,11,15,13,18,4,13,9,13,13,18,2,2,0,2,0,0,2,2,3,1,25,43
"9175",10,10,13,13,19,13,18,4,13,11,15,13,18,6,4,3,4,3,0,6,4,1,1,33,47
"9176",11,13,13,13,24,13,18,10,13,13,19,13,18,3,0,0,5,4,6,3,5,1,1,36,52
"9177",12,13,13,13,24,13,18,13,13,13,24,13,18,4,6,0,NA,0,0,0,0,0,0,36,52
"9178",0,0,0,0,0,0,0,0,0,0,0,0,0,0,0,0,0,0,0,0,0,0,0,0,0
"9179",1,1,1,5,6,1,1,1,1,1,1,1,1,4,4,5,4,5,0,4,5,3,1,4,5
"9180",2,1,1,9,6,4,1,1,1,5,6,1,1,4,0,0,2,2,3,4,3,3,2,8,8
"9181",3,1,3,9,8,4,1,1,1,9,6,4,1,2,2,0,2,0,0,2,2,2,1,10,10
"9182",4,1,3,13,10,4,1,1,3,9,8,4,1,2,4,2,2,2,0,4,2,3,1,14,12
"9183",5,3,3,13,14,4,1,1,3,13,10,4,1,2,0,0,4,3,4,2,4,1,1,16,16
"9184",6,7,3,13,14,4,4,3,3,13,14,4,1,3,4,0,3,0,0,4,3,1,3,20,19
"9185",7,13,5,13,14,8,4,7,3,13,14,4,4,4,1,6,4,1,0,6,4,1,2,28,23
"9186",8,14,5,13,14,8,13,13,5,13,14,8,4,1,0,0,6,1,2,1,6,1,3,29,32
"9187",9,15,5,13,16,8,13,14,5,13,14,8,13,1,2,0,2,0,0,1,2,1,1,30,34
"9188",10,15,5,18,16,13,13,15,5,13,16,8,13,2,5,5,2,5,0,5,5,3,2,35,39
"9189",11,17,5,18,20,13,13,15,5,18,16,13,13,2,0,0,4,2,4,2,4,1,1,37,43
"9190",12,17,5,18,20,13,13,17,5,18,20,13,13,2,4,0,NA,0,0,0,0,0,0,37,43
"9191",0,0,0,0,0,0,0,0,0,0,0,0,0,0,0,0,0,0,0,0,0,0,0,0,0
"9192",1,1,7,6,9,1,1,1,1,1,1,1,1,6,1,6,1,6,0,6,6,2,1,11,8
"9193",2,1,8,6,9,5,1,1,7,6,9,1,1,1,0,0,4,2,4,1,4,2,2,12,12
"9194",3,1,12,6,11,5,1,1,8,6,9,5,1,2,4,0,2,0,0,4,2,2,1,16,14
"9195",4,5,12,6,11,10,1,1,12,6,11,5,1,4,5,5,5,5,0,4,5,1,2,20,19
"9196",5,10,12,6,13,10,1,5,12,6,11,10,1,5,0,0,2,3,1,5,2,1,1,25,21
"9197",6,10,15,6,14,10,1,10,12,6,13,10,1,3,1,0,1,0,0,3,1,2,1,28,22
"9198",7,10,17,6,14,15,1,10,15,6,14,10,1,2,5,4,5,4,0,2,5,2,2,30,27
"9199",8,10,21,6,14,18,1,10,17,6,14,15,1,4,0,0,1,2,3,4,3,2,2,34,30
"9200",9,12,21,6,14,18,2,10,21,6,14,18,1,1,2,0,1,0,0,2,1,1,3,36,31
"9201",10,12,21,17,17,24,2,12,21,6,14,18,2,6,6,1,6,1,0,6,6,3,2,47,40
"9202",11,13,21,17,17,26,2,12,21,17,17,24,2,1,0,0,2,3,4,1,2,1,2,48,42
"9203",12,13,21,17,17,26,2,13,21,17,17,26,2,3,4,0,NA,0,0,0,0,0,0,48,42
"9204",0,0,0,0,0,0,0,0,0,0,0,0,0,0,0,0,0,0,0,0,0,0,0,0,0
"9205",1,1,1,3,1,1,5,1,1,1,1,1,1,2,3,4,3,4,0,2,4,3,3,2,4
"9206",2,4,1,3,1,1,10,1,1,3,1,1,5,3,0,0,5,5,2,3,5,1,3,5,9
"9207",3,4,1,8,3,1,10,4,1,3,1,1,10,5,2,0,2,0,0,5,2,3,1,10,11
"9208",4,5,1,8,6,1,10,4,1,8,3,1,10,1,3,1,3,1,0,1,3,1,1,11,14
"9209",5,5,1,9,12,3,10,5,1,8,6,1,10,1,0,0,2,1,6,1,6,3,1,12,22
"9210",6,5,1,10,14,3,10,5,1,9,12,3,10,2,1,0,2,0,0,1,2,3,1,13,24
"9211",7,6,1,10,18,3,16,5,1,10,14,3,10,1,6,1,6,1,0,1,6,1,3,14,34
"9212",8,7,1,10,18,8,16,6,1,10,18,3,16,1,0,0,6,4,5,1,5,1,2,15,39
"9213",9,17,1,10,18,12,16,7,1,10,18,8,16,6,4,0,4,0,0,6,4,1,2,25,43
"9214",10,22,1,10,20,18,16,17,1,10,18,12,16,1,5,6,1,6,0,5,6,1,2,30,51
"9215",11,23,1,10,22,18,16,22,1,10,20,18,16,1,0,0,2,4,6,1,2,1,1,31,53
"9216",12,23,1,10,22,18,16,23,1,10,22,18,16,4,6,0,NA,0,0,0,0,0,0,31,53
"9217",0,0,0,0,0,0,0,0,0,0,0,0,0,0,0,0,0,0,0,0,0,0,0,0,0
"9218",1,4,1,1,1,4,1,1,1,1,1,1,1,1,3,3,1,3,0,3,3,1,2,3,3
"9219",2,4,1,2,6,4,1,4,1,1,1,4,1,1,0,0,1,1,5,1,5,3,1,4,8
"9220",3,4,1,3,6,5,1,4,1,2,6,4,1,1,1,0,1,0,0,1,1,3,2,5,9
"9221",4,4,4,3,8,5,7,4,1,3,6,5,1,6,3,4,6,4,0,3,6,2,3,8,17
"9222",5,4,8,3,11,5,19,4,4,3,8,5,7,4,0,0,2,5,6,4,6,2,3,12,32
"9223",6,9,8,3,11,7,19,4,8,3,11,5,19,2,5,0,2,0,0,5,2,1,2,17,34
"9224",7,9,10,3,12,7,19,9,8,3,11,7,19,2,1,1,1,1,0,2,1,2,1,19,35
"9225",8,10,10,3,12,11,19,9,10,3,12,7,19,1,0,0,1,3,4,1,4,1,2,20,39
"9226",9,10,13,3,13,11,19,10,10,3,12,11,19,1,3,0,1,0,0,3,1,2,1,23,40
"9227",10,18,13,3,13,15,19,10,13,3,13,11,19,6,4,4,4,4,0,6,4,1,2,31,44
"9228",11,22,13,3,13,19,19,18,13,3,13,15,19,4,0,0,4,6,5,4,4,1,2,35,48
"9229",12,22,13,3,13,19,19,22,13,3,13,19,19,6,5,0,NA,0,0,0,0,0,0,35,48
"9230",0,0,0,0,0,0,0,0,0,0,0,0,0,0,0,0,0,0,0,0,0,0,0,0,0
"9231",1,3,1,1,2,1,1,1,1,1,1,1,1,1,1,2,1,1,0,2,1,1,1,2,1
"9232",2,4,1,1,5,1,1,3,1,1,2,1,1,1,0,0,3,3,3,1,3,1,1,3,4
"9233",3,4,4,1,5,1,4,4,1,1,5,1,1,3,3,0,3,0,0,3,3,2,3,6,7
"9234",4,12,4,1,5,5,4,4,4,1,5,1,4,6,4,2,4,2,0,6,4,1,2,14,11
"9235",5,12,6,1,13,5,4,12,4,1,5,5,4,2,0,0,6,4,3,2,6,2,1,16,19
"9236",6,12,6,5,13,5,7,12,6,1,13,5,4,4,3,0,3,0,0,4,3,3,3,20,22
"9237",7,18,11,5,16,5,7,12,6,5,13,5,7,3,6,2,3,2,0,6,3,1,1,31,25
"9238",8,18,11,7,20,5,7,18,11,5,16,5,7,2,0,0,4,4,1,2,4,3,1,33,29
"9239",9,22,11,7,20,6,7,18,11,7,20,5,7,4,1,0,1,0,0,4,1,1,2,37,30
"9240",10,22,11,10,22,6,7,22,11,7,20,6,7,3,1,2,1,2,0,3,2,3,1,40,32
"9241",11,22,12,10,23,6,7,22,11,10,22,6,7,1,0,0,1,2,4,1,1,2,1,41,33
"9242",12,22,12,10,23,6,7,22,12,10,23,6,7,2,4,0,NA,0,0,0,0,0,0,41,33
"9243",0,0,0,0,0,0,0,0,0,0,0,0,0,0,0,0,0,0,0,0,0,0,0,0,0
"9244",1,1,3,1,7,6,1,1,1,1,1,1,1,1,6,2,1,6,0,2,6,2,1,2,11
"9245",2,2,3,1,7,7,1,1,3,1,7,6,1,1,0,0,3,2,1,1,1,1,2,3,12
"9246",3,5,3,1,7,9,1,2,3,1,7,7,1,3,2,0,2,0,0,3,2,1,2,6,14
"9247",4,10,3,1,13,9,7,5,3,1,7,9,1,6,4,5,6,4,0,5,6,1,1,11,26
"9248",5,10,7,1,16,9,7,10,3,1,13,9,7,4,0,0,3,1,2,4,3,2,1,15,29
"9249",6,10,8,1,16,9,9,10,7,1,16,9,7,1,2,0,2,0,0,1,2,2,3,16,31
"9250",7,10,10,1,16,9,13,10,8,1,16,9,9,1,2,4,1,4,0,2,4,2,3,18,35
"9251",8,11,10,1,16,11,13,10,10,1,16,9,13,1,0,0,2,2,2,1,2,1,2,19,37
"9252",9,11,10,3,16,13,13,11,10,1,16,11,13,2,2,0,2,0,0,2,2,3,2,21,39
"9253",10,12,10,3,19,13,13,11,10,3,16,13,13,1,3,2,3,2,0,1,3,1,1,22,42
"9254",11,14,10,3,23,13,13,12,10,3,19,13,13,2,0,0,4,4,5,2,4,1,1,24,46
"9255",12,14,10,3,23,13,13,14,10,3,23,13,13,4,5,0,NA,0,0,0,0,0,0,24,46
"9256",0,0,0,0,0,0,0,0,0,0,0,0,0,0,0,0,0,0,0,0,0,0,0,0,0
"9257",1,1,3,1,6,1,1,1,1,1,1,1,1,2,2,5,2,5,0,2,5,2,1,2,5
"9258",2,1,5,1,6,1,4,1,3,1,6,1,1,2,0,0,6,4,3,2,3,2,3,4,8
"9259",3,1,11,5,6,1,8,1,5,1,6,1,4,6,4,0,4,0,0,6,4,2,3,14,12
"9260",4,1,13,5,6,6,8,1,11,5,6,1,8,1,2,5,1,5,0,2,5,2,2,16,17
"9261",5,1,13,6,6,6,13,1,13,5,6,6,8,1,0,0,3,1,5,1,5,3,3,17,22
"9262",6,1,13,9,6,7,13,1,13,6,6,6,13,3,1,0,1,0,0,3,1,3,2,20,23
"9263",7,1,18,9,6,7,18,1,13,9,6,7,13,5,3,5,3,5,0,5,5,2,3,25,28
"9264",8,1,21,9,6,7,22,1,18,9,6,7,18,3,0,0,5,4,1,3,4,2,3,28,32
"9265",9,6,21,9,6,7,23,1,21,9,6,7,22,5,1,0,1,0,0,5,1,1,3,33,33
"9266",10,6,21,12,9,7,23,6,21,9,6,7,23,3,3,1,3,1,0,3,3,3,1,36,36
"9267",11,6,21,13,14,7,23,6,21,12,9,7,23,1,0,0,5,2,2,1,5,3,1,37,41
"9268",12,6,21,13,14,7,23,6,21,13,14,7,23,2,2,0,NA,0,0,0,0,0,0,37,41
"9269",0,0,0,0,0,0,0,0,0,0,0,0,0,0,0,0,0,0,0,0,0,0,0,0,0
"9270",1,1,1,3,1,1,10,1,1,1,1,1,1,6,2,5,6,5,0,2,6,3,3,2,9
"9271",2,6,1,3,1,5,10,1,1,3,1,1,10,5,0,0,4,2,5,5,4,1,2,7,13
"9272",3,11,1,3,1,7,10,6,1,3,1,5,10,2,5,0,2,0,0,5,2,1,2,12,15
"9273",4,13,1,3,1,12,10,11,1,3,1,7,10,2,3,5,3,5,0,2,5,1,2,14,20
"9274",5,16,1,3,2,18,10,13,1,3,1,12,10,3,0,0,6,5,5,3,6,1,2,17,27
"9275",6,16,1,8,2,23,10,16,1,3,2,18,10,5,5,0,5,0,0,5,5,3,2,22,32
"9276",7,20,1,8,7,23,10,16,1,8,2,23,10,4,5,4,5,4,0,4,5,1,1,26,37
"9277",8,24,1,8,9,23,16,20,1,8,7,23,10,4,0,0,5,6,1,4,6,1,3,30,45
"9278",9,29,1,8,9,24,16,24,1,8,9,23,16,5,1,0,1,0,0,5,1,1,2,35,46
"9279",10,33,2,8,6,1,16,29,1,8,9,24,16,5,1,5,5,5,0,1,5,2,1,40,20
"9280",11,45,2,8,7,1,1,33,2,8,6,1,16,5,0,0,1,1,6,5,1,1,1,52,6
"9281",12,45,2,8,7,1,1,45,2,8,7,1,1,1,6,0,NA,0,0,0,0,0,0,52,6
"9282",0,0,0,0,0,0,0,0,0,0,0,0,0,0,0,0,0,0,0,0,0,0,0,0,0
"9283",1,6,1,1,1,5,1,1,1,1,1,1,1,3,4,5,3,4,0,5,4,1,2,5,4
"9284",2,6,4,1,1,6,1,6,1,1,1,5,1,3,0,0,1,1,1,3,1,2,2,8,5
"9285",3,6,5,1,1,7,1,6,4,1,1,6,1,1,1,0,1,0,0,1,1,2,2,9,6
"9286",4,10,5,1,1,7,10,6,5,1,1,7,1,4,6,1,6,1,0,4,6,1,3,13,15
"9287",5,10,5,2,11,7,10,10,5,1,1,7,10,1,0,0,3,6,3,1,6,3,1,14,25
"9288",6,13,5,2,11,7,13,10,5,2,11,7,10,3,3,0,3,0,0,3,3,1,3,17,28
"9289",7,13,5,7,11,12,13,13,5,2,11,7,13,5,5,1,5,1,0,5,5,3,2,22,33
"9290",8,13,6,7,13,12,13,13,5,7,11,12,13,1,0,0,2,2,2,1,2,2,1,23,35
"9291",9,13,6,9,13,14,13,13,6,7,13,12,13,2,2,0,2,0,0,2,2,3,2,25,37
"9292",10,13,6,14,18,20,13,13,6,9,13,14,13,5,1,6,1,6,0,5,6,3,2,30,48
"9293",11,14,6,14,19,20,13,13,6,14,18,20,13,1,0,0,1,1,4,1,1,1,1,31,49
"9294",12,14,6,14,19,20,13,14,6,14,19,20,13,1,4,0,NA,0,0,0,0,0,0,31,49
"9295",0,0,0,0,0,0,0,0,0,0,0,0,0,0,0,0,0,0,0,0,0,0,0,0,0
"9296",1,1,10,1,1,4,1,1,1,1,1,1,1,3,1,6,3,1,0,6,3,2,2,9,3
"9297",2,2,10,1,10,10,1,1,10,1,1,4,1,1,0,0,4,6,4,1,6,1,1,10,18
"9298",3,6,10,1,14,10,1,2,10,1,10,10,1,4,4,0,4,0,0,4,4,1,1,14,22
"9299",4,16,16,1,17,10,1,6,10,1,14,10,1,2,6,3,2,3,0,6,3,1,1,30,25
"9300",5,18,16,1,17,12,1,16,16,1,17,10,1,2,0,0,2,4,2,2,2,1,2,32,27
"9301",6,18,16,5,19,12,1,18,16,1,17,12,1,4,2,0,2,0,0,4,2,3,1,36,29
"9302",7,18,17,5,24,12,1,18,16,5,19,12,1,5,1,1,5,1,0,1,5,2,1,37,34
"9303",8,18,18,1,27,12,5,18,17,5,24,12,1,1,0,0,3,1,6,1,3,2,1,34,41
"9304",9,22,18,7,28,12,5,18,18,1,27,12,5,1,6,0,1,0,0,6,1,3,1,44,42
"9305",10,22,18,12,28,14,5,22,18,7,28,12,5,2,1,5,2,1,0,5,2,3,2,49,44
"9306",11,22,19,1,35,14,5,22,18,12,28,14,5,1,0,0,5,6,1,1,6,2,1,39,51
"9307",12,22,19,1,35,14,5,22,19,1,35,14,5,5,1,0,NA,0,0,0,0,0,0,39,51
"9308",0,0,0,0,0,0,0,0,0,0,0,0,0,0,0,0,0,0,0,0,0,0,0,0,0
"9309",1,1,1,10,1,7,3,1,1,1,1,1,1,6,6,5,6,5,0,6,6,3,2,9,8
"9310",2,1,1,15,1,11,3,1,1,10,1,7,3,5,0,0,4,2,3,5,4,3,2,14,12
"9311",3,4,1,15,1,13,3,1,1,15,1,11,3,2,3,0,2,0,0,3,2,1,2,17,14
"9312",4,7,1,15,6,13,3,4,1,15,1,13,3,3,3,5,3,5,0,3,5,1,1,20,19
"9313",5,7,4,15,6,13,6,7,1,15,6,13,3,3,0,0,2,3,4,3,3,2,3,23,22
"9314",6,7,4,19,8,13,6,7,4,15,6,13,6,2,4,0,2,0,0,4,2,3,1,27,24
"9315",7,13,4,23,8,18,6,7,4,19,8,13,6,3,6,5,3,5,0,6,5,1,2,37,29
"9316",8,13,7,23,13,18,6,13,4,23,8,18,6,3,0,0,5,1,2,3,5,2,1,40,34
"9317",9,13,8,23,15,18,6,13,7,23,13,18,6,1,2,0,2,0,0,1,2,2,1,41,36
"9318",10,13,12,23,16,18,6,13,8,23,15,18,6,4,1,1,1,1,0,4,1,2,1,45,37
"9319",11,14,12,23,16,18,11,13,12,23,16,18,6,1,0,0,3,6,5,1,5,1,3,46,42
"9320",12,14,12,23,16,18,11,14,12,23,16,18,11,3,6,0,NA,0,0,0,0,0,0,46,42
"9321",0,0,0,0,0,0,0,0,0,0,0,0,0,0,0,0,0,0,0,0,0,0,0,0,0
"9322",1,7,6,1,1,1,4,1,1,1,1,1,1,3,6,3,3,3,0,6,3,1,3,11,3
"9323",2,10,6,1,1,6,4,7,6,1,1,1,4,3,0,0,5,5,5,3,5,1,2,14,8
"9324",3,15,6,1,1,6,9,10,6,1,1,6,4,5,5,0,5,0,0,5,5,1,3,19,13
"9325",4,19,6,1,1,11,9,15,6,1,1,6,9,5,2,4,5,2,0,4,5,1,2,23,18
"9326",5,21,6,1,1,11,13,19,6,1,1,11,9,2,0,0,3,4,3,2,4,1,3,25,22
"9327",6,24,6,1,4,11,13,21,6,1,1,11,13,3,3,0,3,0,0,3,3,1,1,28,25
"9328",7,24,6,6,4,16,13,24,6,1,4,11,13,3,5,5,3,5,0,5,5,3,2,33,30
"9329",8,24,6,9,4,16,18,24,6,6,4,16,13,3,0,0,3,3,5,3,5,3,3,36,35
"9330",9,24,9,9,4,16,21,24,6,9,4,16,18,3,3,0,3,0,0,3,3,2,3,39,38
"9331",10,24,9,16,4,16,24,24,9,9,4,16,21,3,2,6,3,2,0,6,3,3,3,46,41
"9332",11,1,9,16,9,16,24,24,9,16,4,16,24,2,0,0,1,6,6,2,6,1,1,23,46
"9333",12,1,9,16,9,16,24,1,9,16,9,16,24,1,6,0,NA,0,0,0,0,0,0,23,46
"9334",0,0,0,0,0,0,0,0,0,0,0,0,0,0,0,0,0,0,0,0,0,0,0,0,0
"9335",1,1,1,4,6,1,1,1,1,1,1,1,1,5,3,3,5,3,0,3,5,3,1,3,5
"9336",2,1,1,7,6,3,7,1,1,4,6,1,1,3,0,0,6,2,4,3,6,3,3,6,13
"9337",3,1,5,7,8,3,7,1,1,7,6,3,7,2,4,0,2,0,0,4,2,2,1,10,15
"9338",4,1,5,10,8,6,7,1,5,7,8,3,7,3,1,3,1,3,0,3,3,3,2,13,18
"9339",5,1,6,10,12,6,7,1,5,10,8,6,7,1,0,0,3,4,4,1,4,2,1,14,22
"9340",6,1,6,13,12,6,11,1,6,10,12,6,7,3,4,0,4,0,0,3,4,3,3,17,26
"9341",7,1,6,15,12,10,11,1,6,13,12,6,11,4,2,4,4,4,0,2,4,3,2,19,30
"9342",8,1,10,15,12,15,11,1,6,15,12,10,11,4,0,0,5,5,5,4,5,2,2,23,35
"9343",9,1,10,20,12,20,11,1,10,15,12,15,11,5,5,0,5,0,0,5,5,3,2,28,40
"9344",10,1,10,22,17,20,23,1,10,20,12,20,11,6,2,2,6,2,0,2,6,3,3,30,57
"9345",11,3,10,22,19,20,23,1,10,22,17,20,23,2,0,0,2,5,6,2,2,1,1,32,59
"9346",12,3,10,22,19,20,23,3,10,22,19,20,23,5,6,0,NA,0,0,0,0,0,0,32,59
"9347",0,0,0,0,0,0,0,0,0,0,0,0,0,0,0,0,0,0,0,0,0,0,0,0,0
"9348",1,5,1,1,7,1,4,1,1,1,1,1,1,2,6,4,2,6,0,4,6,1,1,4,9
"9349",2,7,1,1,9,1,4,5,1,1,7,1,4,2,0,0,1,2,2,2,2,1,1,6,11
"9350",3,9,1,1,10,1,4,7,1,1,9,1,4,1,2,0,1,0,0,2,1,1,1,8,12
"9351",4,14,1,1,10,3,4,9,1,1,10,1,4,2,5,1,2,1,0,5,2,1,2,13,14
"9352",5,15,1,1,14,3,4,14,1,1,10,3,4,1,0,0,4,4,1,1,4,1,1,14,18
"9353",6,15,1,5,14,4,4,15,1,1,14,3,4,4,1,0,1,0,0,4,1,3,2,18,19
"9354",7,15,5,5,18,4,4,15,1,5,14,4,4,4,2,4,2,4,0,4,4,2,1,22,23
"9355",8,15,7,5,23,4,4,15,5,5,18,4,4,2,0,0,5,3,5,2,5,2,1,24,28
"9356",9,20,7,5,23,7,4,15,7,5,23,4,4,3,5,0,3,0,0,5,3,1,2,29,31
"9357",10,31,7,5,23,7,5,20,7,5,23,7,4,6,4,4,4,4,0,6,4,1,3,40,32
"9358",11,35,7,5,23,7,10,31,7,5,23,7,5,4,0,0,2,5,3,4,5,1,3,44,37
"9359",12,35,7,5,23,7,10,35,7,5,23,7,10,2,3,0,NA,0,0,0,0,0,0,44,37
"9360",0,0,0,0,0,0,0,0,0,0,0,0,0,0,0,0,0,0,0,0,0,0,0,0,0
"9361",1,1,1,5,1,1,6,1,1,1,1,1,1,5,4,3,5,3,0,4,5,3,3,4,5
"9362",2,4,1,5,5,1,6,1,1,5,1,1,6,3,0,0,4,6,1,3,4,1,1,7,9
"9363",3,10,3,5,5,1,7,4,1,5,5,1,6,6,1,0,1,0,0,6,1,1,3,15,10
"9364",4,12,3,5,5,6,7,10,3,5,5,1,7,4,2,5,4,5,0,2,5,1,2,17,15
"9365",5,16,3,5,5,10,7,12,3,5,5,6,7,4,0,0,1,4,4,4,4,1,2,21,19
"9366",6,20,3,5,5,10,8,16,3,5,5,10,7,1,4,0,1,0,0,4,1,1,3,25,20
"9367",7,20,3,6,5,13,8,20,3,5,5,10,8,1,1,3,1,3,0,1,3,3,2,26,23
"9368",8,20,3,7,10,13,8,20,3,6,5,13,8,1,0,0,5,1,2,1,5,3,1,27,28
"9369",9,21,3,7,10,13,10,20,3,7,10,13,8,1,2,0,2,0,0,1,2,1,3,28,30
"9370",10,21,12,7,10,16,10,21,3,7,10,13,10,3,6,1,3,1,0,6,3,2,2,37,33
"9371",11,21,12,8,13,16,10,21,12,7,10,16,10,1,0,0,3,1,2,1,3,3,1,38,36
"9372",12,21,12,8,13,16,10,21,12,8,13,16,10,1,2,0,NA,0,0,0,0,0,0,38,36
"9373",0,0,0,0,0,0,0,0,0,0,0,0,0,0,0,0,0,0,0,0,0,0,0,0,0
"9374",1,6,1,1,3,7,7,1,1,1,1,1,1,6,5,5,6,5,0,5,6,1,2,5,14
"9375",2,6,6,1,3,10,7,6,1,1,3,7,7,5,0,0,1,2,3,5,3,2,2,10,17
"9376",3,7,6,1,5,10,7,6,6,1,3,10,7,1,2,0,2,0,0,1,2,1,1,11,19
"9377",4,7,6,5,5,10,10,7,6,1,5,10,7,3,1,4,3,1,0,4,3,3,3,15,22
"9378",5,7,7,5,10,16,10,7,6,5,5,10,10,1,0,0,6,5,6,1,6,2,2,16,33
"9379",6,7,12,5,18,16,10,7,7,5,10,16,10,5,6,0,6,0,0,5,6,2,1,21,41
"9380",7,7,12,6,18,22,17,7,12,5,18,16,10,1,6,1,6,1,0,1,6,3,3,22,54
"9381",8,7,13,6,18,22,19,7,12,6,18,22,17,1,0,0,2,2,4,1,2,2,3,23,56
"9382",9,9,13,6,22,22,19,7,13,6,18,22,19,2,4,0,4,0,0,2,4,1,1,25,60
"9383",10,12,13,6,27,22,19,9,13,6,22,22,19,3,5,2,5,2,0,3,5,1,1,28,65
"9384",11,1,13,6,39,22,19,12,13,6,27,22,19,2,0,0,6,4,3,2,6,1,1,17,77
"9385",12,1,13,6,39,22,19,1,13,6,39,22,19,4,3,0,NA,0,0,0,0,0,0,17,77
"9386",0,0,0,0,0,0,0,0,0,0,0,0,0,0,0,0,0,0,0,0,0,0,0,0,0
"9387",1,1,4,1,1,5,1,1,1,1,1,1,1,3,2,4,2,4,0,3,4,2,2,3,4
"9388",2,3,4,1,1,5,4,1,4,1,1,5,1,2,0,0,3,3,2,2,3,1,3,5,7
"9389",3,6,4,1,3,5,4,3,4,1,1,5,4,3,2,0,2,0,0,3,2,1,1,8,9
"9390",4,10,4,1,3,9,4,6,4,1,3,5,4,4,4,2,4,2,0,4,4,1,2,12,13
"9391",5,12,4,1,10,15,4,10,4,1,3,9,4,2,0,0,6,4,6,2,6,1,2,14,26
"9392",6,18,4,4,10,15,8,12,4,1,10,15,4,4,6,0,4,0,0,6,4,1,3,23,30
"9393",7,28,4,4,10,25,14,18,4,4,10,15,8,6,6,6,6,6,0,6,6,1,2,33,46
"9394",8,28,6,10,15,25,14,28,4,4,10,25,14,6,0,0,5,2,1,6,5,3,1,41,51
"9395",9,30,6,10,15,25,15,28,6,10,15,25,14,2,1,0,1,0,0,2,1,1,3,43,52
"9396",10,37,6,10,15,26,15,30,6,10,15,25,15,1,6,1,1,1,0,6,1,1,2,50,53
"9397",11,38,6,10,25,26,15,37,6,10,15,26,15,1,0,0,3,6,2,1,6,1,1,51,63
"9398",12,38,6,10,25,26,15,38,6,10,25,26,15,3,2,0,NA,0,0,0,0,0,0,51,63
"9399",0,0,0,0,0,0,0,0,0,0,0,0,0,0,0,0,0,0,0,0,0,0,0,0,0
"9400",1,5,1,1,1,3,1,1,1,1,1,1,1,4,2,1,2,1,0,4,2,1,2,4,2
"9401",2,5,1,2,1,8,7,5,1,1,1,3,1,1,0,0,5,6,2,1,6,3,3,5,13
"9402",3,5,1,7,1,8,9,5,1,2,1,8,7,5,2,0,2,0,0,5,2,3,3,10,15
"9403",4,5,7,8,7,8,11,5,1,7,1,8,9,6,2,6,2,6,0,6,6,2,1,17,23
"9404",5,5,9,8,9,14,11,5,7,8,7,8,11,2,0,0,6,3,4,2,6,2,2,19,31
"9405",6,5,9,12,12,14,11,5,9,8,9,14,11,3,4,0,3,0,0,4,3,3,1,23,34
"9406",7,9,9,12,12,14,20,5,9,12,12,14,11,6,4,1,6,1,0,4,6,1,3,27,43
"9407",8,10,9,12,15,14,20,9,9,12,12,14,20,1,0,0,2,3,4,1,3,1,1,28,46
"9408",9,12,9,12,15,14,24,10,9,12,15,14,20,2,4,0,4,0,0,2,4,1,3,30,50
"9409",10,12,9,17,25,14,24,12,9,12,15,14,24,5,1,6,1,6,0,5,6,3,1,35,60
"9410",11,13,9,17,27,14,24,12,9,17,25,14,24,1,0,0,2,1,3,1,2,1,1,36,62
"9411",12,13,9,17,27,14,24,13,9,17,27,14,24,1,3,0,NA,0,0,0,0,0,0,36,62
"9412",0,0,0,0,0,0,0,0,0,0,0,0,0,0,0,0,0,0,0,0,0,0,0,0,0
"9413",1,5,1,1,6,1,1,1,1,1,1,1,1,1,5,4,1,5,0,4,5,1,1,4,5
"9414",2,6,1,1,12,1,2,5,1,1,6,1,1,1,0,0,2,4,6,1,6,1,1,5,12
"9415",3,6,5,1,12,1,4,6,1,1,12,1,2,2,4,0,2,0,0,4,2,2,3,9,14
"9416",4,8,5,7,16,7,4,6,5,1,12,1,4,4,6,6,4,6,0,6,6,3,2,17,24
"9417",5,8,5,11,16,12,4,8,5,7,16,7,4,4,0,0,5,5,5,4,5,3,2,21,29
"9418",6,8,10,11,16,17,4,8,5,11,16,12,4,5,5,0,5,0,0,5,5,2,2,26,34
"9419",7,8,10,14,22,21,4,8,10,11,16,17,4,6,1,3,6,1,0,3,6,3,1,29,44
"9420",8,8,10,15,22,23,4,8,10,14,22,21,4,1,0,0,3,5,2,1,2,3,2,30,46
"9421",9,11,10,15,27,23,4,8,10,15,22,23,4,3,5,0,5,0,0,3,5,1,1,33,51
"9422",10,11,10,17,27,23,8,11,10,15,27,23,4,5,4,2,5,4,0,2,4,3,3,35,55
"9423",11,16,10,17,30,29,8,11,10,17,27,23,8,5,0,0,6,3,1,5,6,1,2,40,64
"9424",12,16,10,17,30,29,8,16,10,17,30,29,8,3,1,0,NA,0,0,0,0,0,0,40,64
"9425",0,0,0,0,0,0,0,0,0,0,0,0,0,0,0,0,0,0,0,0,0,0,0,0,0
"9426",1,6,1,1,6,1,7,1,1,1,1,1,1,6,5,5,6,5,0,5,6,1,3,5,11
"9427",2,6,6,1,6,1,12,6,1,1,6,1,7,5,0,0,5,4,4,5,5,2,3,10,16
"9428",3,10,6,1,6,1,16,6,6,1,6,1,12,4,4,0,4,0,0,4,4,1,3,14,20
"9429",4,16,6,4,6,4,16,10,6,1,6,1,16,3,6,1,3,1,0,6,3,1,2,23,23
"9430",5,16,6,5,6,4,18,16,6,4,6,4,16,1,0,0,1,1,2,1,2,3,3,24,25
"9431",6,17,6,5,7,4,18,16,6,5,6,4,18,1,1,0,1,0,0,1,1,1,1,25,26
"9432",7,20,6,5,8,4,18,17,6,5,7,4,18,3,1,1,1,1,0,3,1,1,1,28,27
"9433",8,20,7,5,8,4,21,20,6,5,8,4,18,1,0,0,2,3,1,1,3,2,3,29,30
"9434",9,20,8,5,8,6,21,20,7,5,8,4,21,2,1,0,2,0,0,1,2,2,2,30,32
"9435",10,26,12,11,12,6,21,20,8,5,8,6,21,4,1,6,4,1,0,6,4,3,1,46,36
"9436",11,27,12,11,12,6,26,26,12,11,12,6,21,1,0,0,2,5,3,1,5,1,3,47,41
"9437",12,27,12,11,12,6,26,27,12,11,12,6,26,2,3,0,NA,0,0,0,0,0,0,47,41
"9438",0,0,0,0,0,0,0,0,0,0,0,0,0,0,0,0,0,0,0,0,0,0,0,0,0
"9439",1,6,1,1,1,1,5,1,1,1,1,1,1,5,1,4,1,4,0,5,4,1,3,5,4
"9440",2,7,1,1,1,7,10,6,1,1,1,1,5,1,0,0,6,6,6,1,6,1,2,6,15
"9441",3,12,7,1,7,7,16,7,1,1,1,7,10,6,6,0,6,0,0,6,6,2,1,17,27
"9442",4,12,13,4,12,7,16,12,7,1,7,7,16,6,4,5,4,5,0,6,5,2,1,26,32
"9443",5,16,13,4,12,7,17,12,13,4,12,7,16,4,0,0,1,1,2,4,1,1,3,30,33
"9444",6,17,13,4,12,9,17,16,13,4,12,7,17,1,2,0,2,0,0,1,2,1,2,31,35
"9445",7,22,13,4,18,13,17,17,13,4,12,9,17,6,5,3,6,3,0,5,6,1,1,36,45
"9446",8,22,13,7,21,13,17,22,13,4,18,13,17,3,0,0,3,6,6,3,3,3,1,39,48
"9447",9,22,19,12,21,23,17,22,13,7,21,13,17,6,6,0,6,0,0,6,6,2,2,50,58
"9448",10,22,23,12,21,28,17,22,19,12,21,23,17,2,4,5,2,5,0,4,5,2,2,54,63
"9449",11,22,23,14,21,33,17,22,23,12,21,28,17,2,0,0,5,6,6,2,5,3,2,56,68
"9450",12,22,23,14,21,33,17,22,23,14,21,33,17,6,6,0,NA,0,0,0,0,0,0,56,68
"9451",0,0,0,0,0,0,0,0,0,0,0,0,0,0,0,0,0,0,0,0,0,0,0,0,0
"9452",1,5,1,1,6,1,1,1,1,1,1,1,1,5,4,2,5,2,0,4,5,1,1,4,5
"9453",2,7,1,1,6,7,6,5,1,1,6,1,1,2,0,0,3,6,5,2,6,1,2,6,16
"9454",3,7,1,6,9,7,6,7,1,1,6,7,6,3,5,0,3,0,0,5,3,3,1,11,19
"9455",4,12,1,6,9,11,6,7,1,6,9,7,6,4,5,1,4,1,0,5,4,1,2,16,23
"9456",5,13,1,6,9,11,15,12,1,6,9,11,6,1,0,0,5,6,2,1,6,1,3,17,32
"9457",6,18,1,6,9,13,15,13,1,6,9,11,15,5,2,0,2,0,0,5,2,1,2,22,34
"9458",7,24,6,6,9,17,15,18,1,6,9,13,15,6,4,1,4,1,0,6,4,1,2,33,38
"9459",8,24,7,6,14,17,15,24,6,6,9,17,15,1,0,0,5,4,3,1,5,2,1,34,43
"9460",9,24,11,6,17,17,15,24,7,6,14,17,15,4,3,0,3,0,0,4,3,2,1,38,46
"9461",10,24,11,9,17,21,15,24,11,6,17,17,15,3,4,1,4,1,0,3,4,3,2,41,50
"9462",11,25,11,9,22,21,15,24,11,9,17,21,15,1,0,0,5,4,1,1,5,1,1,42,55
"9463",12,25,11,9,22,21,15,25,11,9,22,21,15,4,1,0,NA,0,0,0,0,0,0,42,55
"9464",0,0,0,0,0,0,0,0,0,0,0,0,0,0,0,0,0,0,0,0,0,0,0,0,0
"9465",1,1,1,5,4,1,1,1,1,1,1,1,1,3,3,4,3,3,0,4,3,3,1,4,3
"9466",2,1,4,5,10,5,1,1,1,5,4,1,1,3,0,0,3,5,6,3,6,2,1,7,13
"9467",3,6,4,5,10,5,4,1,4,5,10,5,1,3,5,0,3,0,0,5,3,1,3,12,16
"9468",4,6,4,7,16,10,4,6,4,5,10,5,4,6,2,6,6,6,0,2,6,3,1,14,27
"9469",5,6,8,13,20,10,4,6,4,7,16,10,4,6,0,0,3,4,2,6,4,3,1,24,31
"9470",6,9,8,13,22,10,4,6,8,13,20,10,4,3,2,0,2,0,0,3,2,1,1,27,33
"9471",7,9,8,18,22,15,4,9,8,13,22,10,4,5,4,5,4,5,0,5,5,3,2,32,38
"9472",8,13,8,18,26,15,4,9,8,18,22,15,4,4,0,0,5,4,4,4,4,1,1,36,42
"9473",9,13,8,22,26,20,4,13,8,18,26,15,4,5,4,0,5,0,0,4,5,3,2,40,47
"9474",10,17,8,22,29,20,10,13,8,22,26,20,4,4,3,6,3,6,0,4,6,1,3,44,56
"9475",11,20,8,22,32,20,10,17,8,22,29,20,10,3,0,0,3,4,4,3,3,1,1,47,59
"9476",12,20,8,22,32,20,10,20,8,22,32,20,10,4,4,0,NA,0,0,0,0,0,0,47,59
"9477",0,0,0,0,0,0,0,0,0,0,0,0,0,0,0,0,0,0,0,0,0,0,0,0,0
"9478",1,1,3,1,1,3,1,1,1,1,1,1,1,2,2,1,2,1,0,2,2,2,2,2,2
"9479",2,2,3,1,1,10,7,1,3,1,1,3,1,1,0,0,6,5,1,1,6,1,2,3,15
"9480",3,2,8,1,2,10,7,2,3,1,1,10,7,5,1,0,1,0,0,5,1,2,1,8,16
"9481",4,2,8,5,2,10,12,2,8,1,2,10,7,5,4,3,5,3,0,4,5,3,3,12,21
"9482",5,5,8,5,7,10,12,2,8,5,2,10,12,3,0,0,2,5,4,3,5,1,1,15,26
"9483",6,5,8,7,7,10,16,5,8,5,7,10,12,2,4,0,4,0,0,2,4,3,3,17,30
"9484",7,5,11,7,7,15,16,5,8,7,7,10,16,5,5,3,5,5,0,3,5,2,2,20,35
"9485",8,5,16,7,13,15,18,5,11,7,7,15,16,5,0,0,6,5,3,5,6,2,1,25,43
"9486",9,5,16,12,13,18,18,5,16,7,13,15,18,5,3,0,3,0,0,5,3,3,2,30,46
"9487",10,8,16,12,16,18,18,5,16,12,13,18,18,3,3,1,3,1,0,3,3,1,1,33,49
"9488",11,9,16,12,20,18,18,8,16,12,16,18,18,1,0,0,4,6,6,1,4,1,1,34,53
"9489",12,9,16,12,20,18,18,9,16,12,20,18,18,6,6,0,NA,0,0,0,0,0,0,34,53
"9490",0,0,0,0,0,0,0,0,0,0,0,0,0,0,0,0,0,0,0,0,0,0,0,0,0
"9491",1,3,7,1,1,1,6,1,1,1,1,1,1,6,5,3,5,3,0,6,5,2,3,8,5
"9492",2,3,10,1,1,1,10,3,7,1,1,1,6,3,0,0,4,4,4,3,4,2,3,11,9
"9493",3,7,10,1,1,1,14,3,10,1,1,1,10,4,4,0,4,0,0,4,4,1,3,15,13
"9494",4,11,10,1,1,1,17,7,10,1,1,1,14,4,2,3,2,3,0,4,3,1,3,19,16
"9495",5,11,10,3,1,5,17,11,10,1,1,1,17,2,0,0,5,5,4,2,4,3,2,21,20
"9496",6,11,15,3,6,5,17,11,10,3,1,5,17,5,5,0,5,0,0,5,5,2,1,26,25
"9497",7,11,15,7,6,5,18,11,15,3,6,5,17,1,1,4,1,1,0,4,1,3,3,30,26
"9498",8,11,16,7,14,5,18,11,15,7,6,5,18,1,0,0,6,3,5,1,6,2,1,31,34
"9499",9,11,21,7,14,8,18,11,16,7,14,5,18,3,5,0,3,0,0,5,3,2,2,36,37
"9500",10,17,21,9,16,8,18,11,21,7,14,8,18,1,6,2,1,2,0,6,2,1,1,44,39
"9501",11,17,21,10,17,8,18,17,21,9,16,8,18,1,0,0,1,1,2,1,1,3,1,45,40
"9502",12,17,21,10,17,8,18,17,21,10,17,8,18,1,2,0,NA,0,0,0,0,0,0,45,40
"9503",0,0,0,0,0,0,0,0,0,0,0,0,0,0,0,0,0,0,0,0,0,0,0,0,0
"9504",1,4,1,1,6,1,1,1,1,1,1,1,1,5,1,3,5,1,0,3,5,1,1,3,5
"9505",2,4,2,1,12,1,2,4,1,1,6,1,1,1,0,0,5,5,6,1,6,2,1,4,12
"9506",3,9,2,1,17,1,2,4,2,1,12,1,2,5,5,0,5,0,0,5,5,1,1,9,17
"9507",4,9,7,1,17,1,7,9,2,1,17,1,2,4,5,5,4,5,0,5,5,2,3,14,22
"9508",5,13,7,1,17,1,10,9,7,1,17,1,7,4,0,0,1,3,3,4,3,1,3,18,25
"9509",6,13,7,2,17,4,10,13,7,1,17,1,10,1,3,0,3,0,0,1,3,3,2,19,28
"9510",7,17,7,2,20,16,10,13,7,2,17,4,10,6,4,1,6,1,0,4,6,1,2,23,43
"9511",8,18,7,2,23,16,22,17,7,2,20,16,10,1,0,0,3,6,3,1,6,1,3,24,58
"9512",9,18,10,2,26,16,22,18,7,2,23,16,22,3,3,0,3,0,0,3,3,2,1,27,61
"9513",10,18,13,2,26,21,22,18,10,2,26,16,22,3,5,5,5,5,0,3,5,2,2,30,66
"9514",11,23,13,2,28,21,22,18,13,2,26,21,22,5,0,0,2,3,1,5,2,1,1,35,68
"9515",12,23,13,2,28,21,22,23,13,2,28,21,22,3,1,0,NA,0,0,0,0,0,0,35,68
"9516",0,0,0,0,0,0,0,0,0,0,0,0,0,0,0,0,0,0,0,0,0,0,0,0,0
"9517",1,6,1,1,1,6,1,1,1,1,1,1,1,5,5,3,5,3,0,5,5,1,2,5,5
"9518",2,9,1,1,7,6,3,6,1,1,1,6,1,3,0,0,6,5,2,3,6,1,1,8,13
"9519",3,9,1,6,7,8,3,9,1,1,7,6,3,5,2,0,2,0,0,5,2,3,2,13,15
"9520",4,9,1,9,7,10,3,9,1,6,7,8,3,1,3,2,1,2,0,3,2,3,2,16,17
"9521",5,9,2,9,7,10,8,9,1,9,7,10,3,1,0,0,4,5,1,1,5,2,3,17,22
"9522",6,9,2,13,8,10,8,9,2,9,7,10,8,4,1,0,1,0,0,4,1,3,1,21,23
"9523",7,9,6,13,8,10,12,9,2,13,8,10,8,4,3,4,3,4,0,4,4,2,3,25,27
"9524",8,9,6,16,14,11,12,9,6,13,8,10,12,3,0,0,6,3,3,3,6,3,1,28,34
"9525",9,12,6,16,17,11,12,9,6,16,14,11,12,3,3,0,3,0,0,3,3,1,1,31,37
"9526",10,12,6,17,17,15,18,12,6,16,17,11,12,1,6,1,6,1,0,1,6,3,3,32,47
"9527",11,13,6,17,18,15,18,12,6,17,17,15,18,1,0,0,1,1,2,1,1,1,1,33,48
"9528",12,13,6,17,18,15,18,13,6,17,18,15,18,1,2,0,NA,0,0,0,0,0,0,33,48
"9529",0,0,0,0,0,0,0,0,0,0,0,0,0,0,0,0,0,0,0,0,0,0,0,0,0
"9530",1,1,1,6,1,2,1,1,1,1,1,1,1,5,1,1,1,1,0,5,1,3,2,5,1
"9531",2,2,1,6,4,2,1,1,1,6,1,2,1,1,0,0,6,1,3,1,3,1,1,6,4
"9532",3,2,7,9,5,2,1,2,1,6,4,2,1,6,1,0,1,0,0,6,1,2,1,15,5
"9533",4,6,7,9,5,3,1,2,7,9,5,2,1,1,4,1,1,1,0,4,1,1,2,19,6
"9534",5,6,7,10,5,3,6,6,7,9,5,3,1,1,0,0,2,6,5,1,5,3,3,20,11
"9535",6,9,13,10,5,5,6,6,7,10,5,3,6,2,6,0,2,0,0,6,2,2,2,29,13
"9536",7,10,13,10,10,5,6,9,13,10,5,5,6,1,5,5,5,5,0,1,5,1,1,30,18
"9537",8,10,13,15,15,5,6,10,13,10,10,5,6,5,0,0,5,6,1,5,5,3,1,35,23
"9538",9,16,18,15,16,5,6,10,13,15,15,5,6,6,1,0,1,0,0,6,1,1,1,46,24
"9539",10,19,18,15,18,5,6,16,18,15,16,5,6,3,2,6,2,6,0,3,2,1,1,49,26
"9540",11,26,18,15,19,5,6,19,18,15,18,5,6,6,0,0,2,3,1,6,1,1,1,56,27
"9541",12,26,18,15,19,5,6,26,18,15,19,5,6,2,3,0,NA,0,0,0,0,0,0,56,27
"9542",0,0,0,0,0,0,0,0,0,0,0,0,0,0,0,0,0,0,0,0,0,0,0,0,0
"9543",1,1,4,1,8,1,1,1,1,1,1,1,1,6,2,3,6,2,0,3,6,2,1,3,7
"9544",2,1,4,3,13,1,1,1,4,1,8,1,1,2,0,0,3,1,5,2,5,3,1,5,12
"9545",3,4,4,3,13,1,2,1,4,3,13,1,1,3,1,0,1,0,0,3,1,1,3,8,13
"9546",4,12,10,3,13,7,6,4,4,3,13,1,2,4,6,6,4,6,0,6,6,2,2,22,23
"9547",5,16,10,3,13,7,11,12,10,3,13,7,6,4,0,0,5,2,5,4,5,1,3,26,28
"9548",6,16,15,3,13,7,13,16,10,3,13,7,11,2,5,0,2,0,0,5,2,2,3,31,30
"9549",7,16,18,3,13,11,13,16,15,3,13,7,13,1,3,4,1,4,0,3,4,2,2,34,34
"9550",8,16,19,3,19,14,13,16,18,3,13,11,13,1,0,0,3,6,3,1,6,2,1,35,43
"9551",9,19,19,3,19,14,16,16,19,3,19,14,13,3,3,0,3,0,0,3,3,1,3,38,46
"9552",10,19,19,5,22,20,16,19,19,3,19,14,16,1,2,6,1,6,0,2,6,3,2,40,55
"9553",11,20,19,5,26,20,16,19,19,5,22,20,16,1,0,0,4,2,4,1,4,1,1,41,59
"9554",12,20,19,5,26,20,16,20,19,5,26,20,16,2,4,0,NA,0,0,0,0,0,0,41,59
"9555",0,0,0,0,0,0,0,0,0,0,0,0,0,0,0,0,0,0,0,0,0,0,0,0,0
"9556",1,7,5,1,1,3,1,1,1,1,1,1,1,3,6,2,3,2,0,6,2,1,2,10,2
"9557",2,7,5,4,6,3,1,7,5,1,1,3,1,3,0,0,5,5,5,3,5,3,1,13,7
"9558",3,7,10,4,6,8,1,7,5,4,6,3,1,5,5,0,5,0,0,5,5,2,2,18,12
"9559",4,7,14,4,9,8,1,7,10,4,6,8,1,4,3,4,3,4,0,4,3,2,1,22,15
"9560",5,11,14,4,15,8,4,7,14,4,9,8,1,4,0,0,4,1,6,4,6,1,1,26,24
"9561",6,15,14,4,15,9,4,11,14,4,15,8,4,4,1,0,1,0,0,4,1,1,2,30,25
"9562",7,15,14,9,15,11,4,15,14,4,15,9,4,5,2,1,2,1,0,5,2,3,2,35,27
"9563",8,15,14,10,15,15,4,15,14,9,15,11,4,1,0,0,4,3,6,1,4,3,2,36,31
"9564",9,21,20,14,15,18,4,15,14,10,15,15,4,3,6,0,3,0,0,6,3,1,2,52,34
"9565",10,21,24,14,19,18,4,21,20,14,15,18,4,4,4,6,4,6,0,4,4,2,1,56,38
"9566",11,21,24,21,19,19,4,21,24,14,19,18,4,6,0,0,2,1,4,6,1,3,2,63,39
"9567",12,21,24,21,19,19,4,21,24,21,19,19,4,2,4,0,NA,0,0,0,0,0,0,63,39
"9568",0,0,0,0,0,0,0,0,0,0,0,0,0,0,0,0,0,0,0,0,0,0,0,0,0
"9569",1,1,8,1,1,5,1,1,1,1,1,1,1,6,2,4,2,4,0,6,4,2,2,7,4
"9570",2,3,8,1,1,5,11,1,8,1,1,5,1,2,0,0,2,2,6,2,6,1,3,9,14
"9571",3,3,10,1,1,7,11,3,8,1,1,5,11,2,2,0,2,0,0,2,2,2,2,11,16
"9572",4,3,15,1,1,12,11,3,10,1,1,7,11,1,5,5,1,5,0,5,5,2,2,16,21
"9573",5,3,15,2,6,12,11,3,15,1,1,12,11,1,0,0,4,5,4,1,5,3,1,17,26
"9574",6,3,19,2,10,12,11,3,15,2,6,12,11,4,4,0,4,0,0,4,4,2,1,21,30
"9575",7,3,19,6,16,15,11,3,19,2,10,12,11,4,1,6,1,6,0,4,6,3,1,25,39
"9576",8,3,20,6,22,17,11,3,19,6,16,15,11,1,0,0,6,4,2,1,6,2,1,26,47
"9577",9,5,20,6,22,17,15,3,20,6,22,17,11,4,2,0,4,0,0,2,4,1,3,28,51
"9578",10,5,21,6,22,17,20,5,20,6,22,17,15,5,6,1,5,6,0,1,5,2,3,29,56
"9579",11,12,21,6,24,17,20,5,21,6,22,17,20,6,0,0,2,3,2,6,2,1,1,36,58
"9580",12,12,21,6,24,17,20,12,21,6,24,17,20,3,2,0,NA,0,0,0,0,0,0,36,58
"9581",0,0,0,0,0,0,0,0,0,0,0,0,0,0,0,0,0,0,0,0,0,0,0,0,0
"9582",1,1,6,1,6,1,1,1,1,1,1,1,1,3,5,5,3,5,0,5,5,2,1,5,5
"9583",2,1,9,1,9,7,7,1,6,1,6,1,1,3,0,0,5,1,6,3,6,2,3,8,20
"9584",3,1,9,6,10,7,7,1,9,1,9,7,7,5,1,0,1,0,0,5,1,3,1,13,21
"9585",4,1,9,7,10,7,15,1,9,6,10,7,7,1,6,2,6,2,0,1,6,3,3,14,29
"9586",5,1,11,7,15,13,15,1,9,7,10,7,15,2,0,0,2,1,6,2,6,2,2,16,40
"9587",6,1,11,8,15,15,15,1,11,7,15,13,15,2,1,0,2,0,0,1,2,3,2,17,42
"9588",7,5,11,8,21,15,17,1,11,8,15,15,15,4,1,6,1,6,0,4,6,1,1,21,50
"9589",8,6,11,8,27,15,18,5,11,8,21,15,17,1,0,0,1,6,2,1,6,1,1,22,57
"9590",9,8,11,8,27,15,19,6,11,8,27,15,18,1,2,0,1,0,0,2,1,1,3,24,58
"9591",10,9,11,8,27,15,24,8,11,8,27,15,19,5,1,5,5,5,0,1,5,1,3,25,63
"9592",11,14,11,8,27,18,24,9,11,8,27,15,24,5,0,0,3,6,1,5,3,1,2,30,66
"9593",12,14,11,8,27,18,24,14,11,8,27,18,24,6,1,0,NA,0,0,0,0,0,0,30,66
"9594",0,0,0,0,0,0,0,0,0,0,0,0,0,0,0,0,0,0,0,0,0,0,0,0,0
"9595",1,2,1,1,1,10,1,1,1,1,1,1,1,1,1,6,1,6,0,1,6,1,2,1,9
"9596",2,2,2,1,1,14,1,2,1,1,1,10,1,1,0,0,4,4,1,1,4,2,2,2,13
"9597",3,2,6,1,1,15,1,2,2,1,1,14,1,4,1,0,1,0,0,4,1,2,2,6,14
"9598",4,2,10,1,6,15,1,2,6,1,1,15,1,5,4,3,5,3,0,4,5,2,1,10,19
"9599",5,5,10,1,7,15,7,2,10,1,6,15,1,3,0,0,3,6,6,3,6,1,3,13,26
"9600",6,18,10,1,10,15,7,5,10,1,7,15,7,3,6,0,3,0,0,6,3,1,1,26,29
"9601",7,21,10,1,14,15,7,18,10,1,10,15,7,3,4,3,4,3,0,3,4,1,1,29,33
"9602",8,21,13,1,19,15,7,21,10,1,14,15,7,3,0,0,2,2,5,3,5,2,1,32,38
"9603",9,21,13,3,21,15,7,21,13,1,19,15,7,2,2,0,2,0,0,2,2,3,1,34,40
"9604",10,21,13,4,22,15,13,21,13,3,21,15,7,2,1,6,2,6,0,1,6,3,3,35,47
"9605",11,23,13,4,24,15,13,21,13,4,22,15,13,2,0,0,2,5,5,2,2,1,1,37,49
"9606",12,23,13,4,24,15,13,23,13,4,24,15,13,5,5,0,NA,0,0,0,0,0,0,37,49
"9607",0,0,0,0,0,0,0,0,0,0,0,0,0,0,0,0,0,0,0,0,0,0,0,0,0
"9608",1,1,6,1,4,1,7,1,1,1,1,1,1,5,6,4,6,4,0,5,6,2,3,5,9
"9609",2,1,10,1,4,5,7,1,6,1,4,1,7,4,0,0,1,5,4,4,4,2,2,9,13
"9610",3,1,15,1,5,5,7,1,10,1,4,5,7,1,5,0,1,0,0,5,1,2,1,14,14
"9611",4,1,16,1,5,5,9,1,15,1,5,5,7,2,1,1,2,1,0,1,2,2,3,15,16
"9612",5,1,17,1,11,9,15,1,16,1,5,5,9,1,0,0,6,2,4,1,6,2,3,16,32
"9613",6,5,17,1,11,11,15,1,17,1,11,9,15,2,4,0,2,0,0,4,2,1,2,20,34
"9614",7,9,17,1,14,11,15,5,17,1,11,11,15,4,3,2,3,2,0,4,3,1,1,24,37
"9615",8,9,19,1,20,11,16,9,17,1,14,11,15,2,0,0,3,6,4,2,6,2,1,26,44
"9616",9,9,22,1,20,15,16,9,19,1,20,11,16,3,4,0,4,0,0,3,4,2,2,29,48
"9617",10,9,27,1,26,15,19,9,22,1,20,15,16,5,1,6,1,6,0,5,6,2,1,34,57
"9618",11,9,27,2,32,19,19,9,27,1,26,15,19,1,0,0,2,6,5,1,6,3,1,35,67
"9619",12,9,27,2,32,19,19,9,27,2,32,19,19,2,5,0,NA,0,0,0,0,0,0,35,67
"9620",0,0,0,0,0,0,0,0,0,0,0,0,0,0,0,0,0,0,0,0,0,0,0,0,0
"9621",1,3,7,1,1,1,6,1,1,1,1,1,1,4,6,5,4,5,0,6,5,2,3,8,5
"9622",2,7,7,1,3,1,12,3,7,1,1,1,6,4,0,0,1,6,1,4,6,1,3,12,13
"9623",3,8,7,1,3,2,12,7,7,1,3,1,12,1,1,0,1,0,0,1,1,1,2,13,14
"9624",4,12,7,1,3,2,15,8,7,1,3,2,12,4,3,3,3,3,0,4,3,1,3,17,17
"9625",5,15,7,1,8,2,15,12,7,1,3,2,15,3,0,0,1,4,5,3,5,1,1,20,22
"9626",6,15,11,1,8,3,15,15,7,1,8,2,15,1,4,0,1,0,0,4,1,2,2,24,23
"9627",7,15,11,3,14,3,17,15,11,1,8,3,15,6,3,2,6,3,0,2,6,3,1,26,31
"9628",8,18,11,3,16,3,17,15,11,3,14,3,17,3,0,0,1,2,3,3,2,1,1,29,33
"9629",9,18,14,3,17,3,17,18,11,3,16,3,17,1,3,0,1,0,0,3,1,2,1,32,34
"9630",10,23,14,3,17,3,19,18,14,3,17,3,17,2,5,1,2,1,0,5,2,1,3,37,36
"9631",11,23,15,3,22,15,19,23,14,3,17,3,19,1,0,0,2,5,6,1,6,2,2,38,53
"9632",12,23,15,3,22,15,19,23,15,3,22,15,19,2,5,0,NA,0,0,0,0,0,0,38,53
"9633",0,0,0,0,0,0,0,0,0,0,0,0,0,0,0,0,0,0,0,0,0,0,0,0,0
"9634",1,1,6,1,7,7,4,1,1,1,1,1,1,5,6,3,6,3,0,5,6,2,2,5,15
"9635",2,4,6,1,10,13,10,1,6,1,7,7,4,3,0,0,6,3,3,3,6,1,3,8,30
"9636",3,7,6,1,10,13,13,4,6,1,10,13,10,3,3,0,3,0,0,3,3,1,3,11,33
"9637",4,7,6,8,12,13,13,7,6,1,10,13,13,6,2,1,2,1,0,6,2,3,1,18,35
"9638",5,8,6,8,18,23,13,7,6,8,12,13,13,1,0,0,3,6,3,1,6,1,1,19,51
"9639",6,8,6,11,21,23,13,8,6,8,18,23,13,3,3,0,3,0,0,3,3,3,1,22,54
"9640",7,12,6,11,24,23,13,8,6,11,21,23,13,3,4,5,3,5,0,4,3,1,1,26,57
"9641",8,12,6,16,24,23,21,12,6,11,24,23,13,5,0,0,6,4,3,5,6,3,3,31,65
"9642",9,15,6,16,24,23,25,12,6,16,24,23,21,4,3,0,4,0,0,3,4,1,3,34,69
"9643",10,16,6,16,25,23,25,15,6,16,24,23,25,1,1,6,1,6,0,1,1,1,1,35,70
"9644",11,32,6,16,27,23,25,16,6,16,25,23,25,6,0,0,2,5,2,6,2,1,1,51,72
"9645",12,32,6,16,27,23,25,32,6,16,27,23,25,5,2,0,NA,0,0,0,0,0,0,51,72
"9646",0,0,0,0,0,0,0,0,0,0,0,0,0,0,0,0,0,0,0,0,0,0,0,0,0
"9647",1,3,1,1,6,1,1,1,1,1,1,1,1,2,2,5,2,5,0,2,5,1,1,2,5
"9648",2,3,3,1,6,5,1,3,1,1,6,1,1,2,0,0,4,4,1,2,4,2,2,4,9
"9649",3,3,3,5,7,5,1,3,3,1,6,5,1,4,1,0,1,0,0,4,1,3,1,8,10
"9650",4,8,3,5,7,5,9,3,3,5,7,5,1,6,3,5,6,3,0,5,6,1,3,13,18
"9651",5,8,3,8,10,5,9,8,3,5,7,5,9,3,0,0,1,1,3,3,3,3,1,16,21
"9652",6,8,3,9,11,5,9,8,3,8,10,5,9,1,1,0,1,0,0,1,1,3,1,17,22
"9653",7,13,3,9,16,5,9,8,3,9,11,5,9,5,4,5,4,5,0,5,5,1,1,22,27
"9654",8,13,3,13,16,9,9,13,3,9,16,5,9,4,0,0,4,5,1,4,4,3,2,26,31
"9655",9,18,3,13,16,9,10,13,3,13,16,9,9,5,1,0,1,0,0,5,1,1,3,31,32
"9656",10,18,6,19,20,9,10,18,3,13,16,9,10,3,4,6,3,4,0,6,4,3,1,40,36
"9657",11,21,6,19,24,9,10,18,6,19,20,9,10,3,0,0,4,1,4,3,4,1,1,43,40
"9658",12,21,6,19,24,9,10,21,6,19,24,9,10,1,4,0,NA,0,0,0,0,0,0,43,40
"9659",0,0,0,0,0,0,0,0,0,0,0,0,0,0,0,0,0,0,0,0,0,0,0,0,0
"9660",1,1,1,11,5,1,1,1,1,1,1,1,1,4,4,6,4,4,0,6,4,3,1,10,4
"9661",2,1,5,11,5,7,5,1,1,11,5,1,1,4,0,0,2,2,6,4,6,2,2,14,14
"9662",3,3,5,11,5,7,7,1,5,11,5,7,5,2,2,0,2,0,0,2,2,1,3,16,16
"9663",4,4,5,11,7,7,7,3,5,11,5,7,7,1,2,1,2,1,0,1,2,1,1,17,18
"9664",5,4,5,12,11,13,7,4,5,11,7,7,7,1,0,0,2,6,1,1,6,3,2,18,28
"9665",6,6,5,12,12,13,7,4,5,12,11,13,7,2,1,0,1,0,0,2,1,1,1,20,29
"9666",7,10,5,12,17,13,7,6,5,12,12,13,7,1,4,5,1,5,0,4,5,1,1,24,34
"9667",8,11,5,12,17,15,7,10,5,12,17,13,7,1,0,0,2,4,2,1,2,1,2,25,36
"9668",9,11,5,16,17,17,7,11,5,12,17,15,7,4,2,0,2,0,0,4,2,3,2,29,38
"9669",10,11,8,16,22,17,7,11,5,16,17,17,7,3,3,5,3,5,0,3,5,2,1,32,43
"9670",11,11,11,16,23,17,7,11,8,16,22,17,7,3,0,0,6,6,1,3,1,2,1,35,44
"9671",12,11,11,16,23,17,7,11,11,16,23,17,7,6,6,0,NA,0,0,0,0,0,0,35,44
"9672",0,0,0,0,0,0,0,0,0,0,0,0,0,0,0,0,0,0,0,0,0,0,0,0,0
"9673",1,15,1,1,3,1,1,1,1,1,1,1,1,6,3,2,3,2,0,6,2,1,1,14,2
"9674",2,15,1,4,6,1,1,15,1,1,3,1,1,3,0,0,3,2,4,3,3,3,1,17,5
"9675",3,15,1,6,10,1,1,15,1,4,6,1,1,2,4,0,4,0,0,2,4,3,1,19,9
"9676",4,17,1,6,15,1,1,15,1,6,10,1,1,2,5,2,5,2,0,2,5,1,1,21,14
"9677",5,17,3,6,15,1,5,17,1,6,15,1,1,2,0,0,4,3,1,2,4,2,3,23,18
"9678",6,17,6,6,15,2,5,17,3,6,15,1,5,3,1,0,1,0,0,3,1,2,2,26,19
"9679",7,17,10,6,15,5,5,17,6,6,15,2,5,4,1,3,1,3,0,4,3,2,2,30,22
"9680",8,18,10,6,15,13,5,17,10,6,15,5,5,1,0,0,3,6,4,1,6,1,2,31,30
"9681",9,22,10,6,15,16,5,18,10,6,15,13,5,3,4,0,3,0,0,4,3,1,2,35,33
"9682",10,22,14,6,15,22,10,22,10,6,15,16,5,3,4,6,3,6,0,4,6,2,2,39,44
"9683",11,22,17,6,17,22,10,22,14,6,15,22,10,3,0,0,2,2,1,3,2,2,1,42,46
"9684",12,22,17,6,17,22,10,22,17,6,17,22,10,2,1,0,NA,0,0,0,0,0,0,42,46
"9685",0,0,0,0,0,0,0,0,0,0,0,0,0,0,0,0,0,0,0,0,0,0,0,0,0
"9686",1,1,4,1,1,4,1,1,1,1,1,1,1,3,3,3,3,3,0,3,3,2,2,3,3
"9687",2,4,4,1,1,10,3,1,4,1,1,4,1,3,0,0,3,6,2,3,6,1,2,6,11
"9688",3,4,7,1,3,10,3,4,4,1,1,10,3,3,2,0,2,0,0,3,2,2,1,9,13
"9689",4,7,7,7,3,11,3,4,7,1,3,10,3,6,1,1,1,1,0,6,1,3,2,18,14
"9690",5,7,8,7,8,11,9,7,7,7,3,11,3,1,0,0,1,6,4,1,6,2,3,19,25
"9691",6,7,12,7,8,11,10,7,8,7,8,11,9,1,4,0,1,0,0,4,1,2,3,23,26
"9692",7,13,17,7,8,14,10,7,12,7,8,11,10,3,2,6,3,2,0,6,3,1,2,34,29
"9693",8,13,19,7,8,14,15,13,17,7,8,14,10,2,0,0,5,1,3,2,5,2,3,36,34
"9694",9,13,22,7,8,14,16,13,19,7,8,14,15,1,3,0,1,0,0,3,1,2,3,39,35
"9695",10,15,22,7,8,18,16,13,22,7,8,14,16,4,2,3,4,3,0,2,4,1,2,41,39
"9696",11,18,22,7,11,18,16,15,22,7,8,18,16,3,0,0,3,1,4,3,3,1,1,44,42
"9697",12,18,22,7,11,18,16,18,22,7,11,18,16,1,4,0,NA,0,0,0,0,0,0,44,42
"9698",0,0,0,0,0,0,0,0,0,0,0,0,0,0,0,0,0,0,0,0,0,0,0,0,0
"9699",1,1,6,1,4,1,1,1,1,1,1,1,1,1,5,3,1,3,0,5,3,2,1,5,3
"9700",2,1,7,1,7,1,1,1,6,1,4,1,1,1,0,0,3,2,4,1,3,2,1,6,6
"9701",3,1,7,5,7,3,1,1,7,1,7,1,1,2,4,0,2,0,0,4,2,3,2,10,8
"9702",4,8,7,5,7,3,6,1,7,5,7,3,1,5,6,1,5,1,0,6,5,1,3,17,13
"9703",5,9,7,5,7,6,6,8,7,5,7,3,6,1,0,0,5,5,3,1,3,1,2,18,16
"9704",6,9,7,10,12,6,6,9,7,5,7,6,6,5,5,0,5,0,0,5,5,3,1,23,21
"9705",7,9,10,10,17,6,6,9,7,10,12,6,6,3,5,1,5,1,0,3,5,2,1,26,26
"9706",8,10,10,10,17,6,10,9,10,10,17,6,6,1,0,0,3,4,1,1,4,1,3,27,30
"9707",9,13,10,10,17,6,11,10,10,10,17,6,10,3,1,0,1,0,0,3,1,1,3,30,31
"9708",10,13,14,10,17,6,14,13,10,10,17,6,11,2,3,4,2,3,0,4,3,2,3,34,34
"9709",11,13,16,10,24,6,14,13,14,10,17,6,14,2,0,0,4,6,2,2,6,2,1,36,41
"9710",12,13,16,10,24,6,14,13,16,10,24,6,14,4,2,0,NA,0,0,0,0,0,0,36,41
"9711",0,0,0,0,0,0,0,0,0,0,0,0,0,0,0,0,0,0,0,0,0,0,0,0,0
"9712",1,1,1,5,1,7,3,1,1,1,1,1,1,4,5,6,5,6,0,4,6,3,2,4,8
"9713",2,1,1,10,7,8,3,1,1,5,1,7,3,5,0,0,6,1,6,5,6,3,1,9,15
"9714",3,7,2,10,8,8,3,1,1,10,7,8,3,1,6,0,1,0,0,6,1,1,1,16,16
"9715",4,10,2,10,14,8,6,7,2,10,8,8,3,3,1,6,1,6,0,3,6,1,1,19,25
"9716",5,10,2,11,14,11,6,10,2,10,14,8,6,1,0,0,4,2,3,1,3,3,2,20,28
"9717",6,14,2,11,14,11,8,10,2,11,14,11,6,4,2,0,2,0,0,4,2,1,3,24,30
"9718",7,14,2,16,14,11,12,14,2,11,14,11,8,1,4,5,1,4,0,5,4,3,3,29,34
"9719",8,14,2,17,14,12,18,14,2,16,14,11,12,1,0,0,6,2,5,1,6,3,3,30,41
"9720",9,14,2,22,14,12,20,14,2,17,14,12,18,2,5,0,2,0,0,5,2,3,3,35,43
"9721",10,16,2,22,14,15,20,14,2,22,14,12,20,2,2,3,2,3,0,2,3,1,2,37,46
"9722",11,18,2,22,18,15,20,16,2,22,14,15,20,2,0,0,4,4,1,2,4,1,1,39,50
"9723",12,18,2,22,18,15,20,18,2,22,18,15,20,4,1,0,NA,0,0,0,0,0,0,39,50
"9724",0,0,0,0,0,0,0,0,0,0,0,0,0,0,0,0,0,0,0,0,0,0,0,0,0
"9725",1,1,1,6,1,7,7,1,1,1,1,1,1,1,5,6,1,6,0,5,6,3,2,5,12
"9726",2,1,2,6,7,11,7,1,1,6,1,7,7,1,0,0,3,6,4,1,6,2,1,6,22
"9727",3,4,2,6,11,11,7,1,2,6,7,11,7,3,4,0,4,0,0,3,4,1,1,9,26
"9728",4,4,3,6,16,11,7,4,2,6,11,11,7,1,5,2,5,2,0,1,5,2,1,10,31
"9729",5,6,3,6,16,17,15,4,3,6,16,11,7,2,0,0,1,3,6,2,6,1,2,12,45
"9730",6,6,6,6,16,17,16,6,3,6,16,17,15,1,3,0,1,0,0,3,1,2,3,15,46
"9731",7,17,6,6,18,23,16,6,6,6,16,17,16,6,6,2,6,2,0,6,6,1,2,26,54
"9732",8,19,6,6,18,23,20,17,6,6,18,23,16,2,0,0,6,1,4,2,4,1,3,28,58
"9733",9,35,6,6,19,23,20,19,6,6,18,23,20,6,1,0,1,0,0,6,1,1,1,44,59
"9734",10,35,11,6,19,27,20,35,6,6,19,23,20,4,1,5,4,1,0,5,4,2,2,49,63
"9735",11,35,12,6,24,27,20,35,11,6,19,27,20,1,0,0,5,3,4,1,5,2,1,50,68
"9736",12,35,12,6,24,27,20,35,12,6,24,27,20,3,4,0,NA,0,0,0,0,0,0,50,68
"9737",0,0,0,0,0,0,0,0,0,0,0,0,0,0,0,0,0,0,0,0,0,0,0,0,0
"9738",1,1,1,5,1,6,1,1,1,1,1,1,1,5,4,3,5,3,0,4,5,3,2,4,5
"9739",2,4,1,5,1,6,2,1,1,5,1,6,1,3,0,0,1,2,2,3,1,1,3,7,6
"9740",3,6,1,5,1,8,2,4,1,5,1,6,2,2,2,0,2,0,0,2,2,1,2,9,8
"9741",4,6,7,10,1,12,2,6,1,5,1,8,2,1,4,6,1,4,0,6,4,2,2,20,12
"9742",5,7,7,10,1,15,8,6,7,10,1,12,2,1,0,0,3,6,1,1,6,1,3,21,21
"9743",6,7,10,10,1,15,9,7,7,10,1,15,8,3,1,0,1,0,0,3,1,2,3,24,22
"9744",7,7,10,18,1,15,13,7,10,10,1,15,9,4,3,6,4,3,0,6,4,3,3,32,26
"9745",8,7,10,21,1,16,13,7,10,18,1,15,13,3,0,0,1,4,2,3,1,3,2,35,27
"9746",9,11,10,21,1,18,13,7,10,21,1,16,13,4,2,0,2,0,0,4,2,1,2,39,29
"9747",10,15,10,21,1,22,13,11,10,21,1,18,13,4,4,1,4,1,0,4,4,1,2,43,33
"9748",11,16,10,21,4,22,13,15,10,21,1,22,13,1,0,0,3,4,3,1,3,1,1,44,36
"9749",12,16,10,21,4,22,13,16,10,21,4,22,13,4,3,0,NA,0,0,0,0,0,0,44,36
"9750",0,0,0,0,0,0,0,0,0,0,0,0,0,0,0,0,0,0,0,0,0,0,0,0,0
"9751",1,5,7,1,1,1,6,1,1,1,1,1,1,6,5,3,5,3,0,6,5,2,3,10,5
"9752",2,8,7,1,7,1,8,5,7,1,1,1,6,3,0,0,3,6,3,3,6,1,1,13,13
"9753",3,8,10,1,7,1,11,8,7,1,7,1,8,3,3,0,3,0,0,3,3,2,3,16,16
"9754",4,11,10,1,7,6,11,8,10,1,7,1,11,3,5,5,5,5,0,3,5,1,2,19,21
"9755",5,16,10,1,7,6,16,11,10,1,7,6,11,5,0,0,4,5,2,5,5,1,3,24,26
"9756",6,20,10,1,9,6,16,16,10,1,7,6,16,4,2,0,2,0,0,4,2,1,1,28,28
"9757",7,20,10,5,12,6,22,20,10,1,9,6,16,6,4,4,6,4,0,4,6,3,3,32,37
"9758",8,20,14,5,17,6,22,20,10,5,12,6,22,4,0,0,4,5,4,4,5,2,1,36,42
"9759",9,24,14,5,17,10,22,20,14,5,17,6,22,4,4,0,4,0,0,4,4,1,2,40,46
"9760",10,24,18,5,23,16,23,24,14,5,17,10,22,6,4,1,6,1,0,4,6,2,2,44,59
"9761",11,25,18,5,25,16,23,24,18,5,23,16,23,1,0,0,2,3,6,1,2,1,1,45,61
"9762",12,25,18,5,25,16,23,25,18,5,25,16,23,3,6,0,NA,0,0,0,0,0,0,45,61
"9763",0,0,0,0,0,0,0,0,0,0,0,0,0,0,0,0,0,0,0,0,0,0,0,0,0
"9764",1,1,3,1,1,1,10,1,1,1,1,1,1,5,6,2,5,6,0,2,6,2,3,2,9
"9765",2,6,3,1,4,1,10,1,3,1,1,1,10,5,0,0,3,2,4,5,3,1,1,7,12
"9766",3,6,7,1,4,3,10,6,3,1,4,1,10,2,4,0,2,0,0,4,2,2,2,11,14
"9767",4,6,7,5,6,3,16,6,7,1,4,3,10,6,2,4,6,2,0,4,6,3,3,15,22
"9768",5,6,7,7,6,5,16,6,7,5,6,3,16,2,0,0,5,2,4,2,2,3,2,17,24
"9769",6,11,7,7,6,5,20,6,7,7,6,5,16,5,4,0,4,0,0,5,4,1,3,22,28
"9770",7,11,12,7,10,5,20,11,7,7,6,5,20,5,1,4,1,4,0,5,4,2,1,27,32
"9771",8,12,12,7,10,5,23,11,12,7,10,5,20,1,0,0,2,3,2,1,3,1,3,28,35
"9772",9,12,14,7,12,5,23,12,12,7,10,5,23,2,2,0,2,0,0,2,2,2,1,30,37
"9773",10,12,16,7,12,5,25,12,14,7,12,5,23,2,2,2,2,2,0,2,2,2,3,32,39
"9774",11,14,16,7,13,5,25,12,16,7,12,5,25,2,0,0,1,5,1,2,1,1,1,34,40
"9775",12,14,16,7,13,5,25,14,16,7,13,5,25,5,1,0,NA,0,0,0,0,0,0,34,40
"9776",0,0,0,0,0,0,0,0,0,0,0,0,0,0,0,0,0,0,0,0,0,0,0,0,0
"9777",1,1,6,7,1,6,1,1,1,1,1,1,1,1,5,6,1,5,0,6,5,3,2,11,5
"9778",2,1,7,7,1,9,7,1,6,7,1,6,1,1,0,0,6,6,1,1,6,2,3,12,14
"9779",3,7,9,7,1,10,7,1,7,7,1,9,7,6,1,0,1,0,0,6,1,1,2,20,15
"9780",4,7,13,7,7,13,7,7,9,7,1,10,7,6,3,4,6,3,0,4,6,2,1,24,24
"9781",5,7,13,10,9,13,7,7,13,7,7,13,7,3,0,0,4,2,2,3,2,3,1,27,26
"9782",6,11,13,10,11,13,7,7,13,10,9,13,7,4,2,0,2,0,0,4,2,1,1,31,28
"9783",7,11,18,10,22,13,7,11,13,10,11,13,7,5,5,6,5,6,0,5,6,2,1,36,39
"9784",8,11,18,15,22,13,12,11,18,10,22,13,7,5,0,0,1,5,1,5,5,3,3,41,44
"9785",9,12,18,15,23,13,12,11,18,15,22,13,12,1,1,0,1,0,0,1,1,1,1,42,45
"9786",10,12,23,15,29,18,12,12,18,15,23,13,12,5,6,4,6,4,0,5,6,2,1,47,56
"9787",11,12,27,15,38,18,12,12,23,15,29,18,12,4,0,0,2,6,5,4,6,2,1,51,65
"9788",12,12,27,15,38,18,12,12,27,15,38,18,12,2,5,0,NA,0,0,0,0,0,0,51,65
"9789",0,0,0,0,0,0,0,0,0,0,0,0,0,0,0,0,0,0,0,0,0,0,0,0,0
"9790",1,1,3,1,3,1,1,1,1,1,1,1,1,2,2,1,2,1,0,2,2,2,1,2,2
"9791",2,1,4,1,6,1,1,1,3,1,3,1,1,1,0,0,1,3,1,1,3,2,1,3,5
"9792",3,2,4,1,6,2,1,1,4,1,6,1,1,1,1,0,1,0,0,1,1,1,2,4,6
"9793",4,4,4,7,9,2,7,2,4,1,6,2,1,6,2,6,2,6,0,6,6,3,3,12,15
"9794",5,4,6,7,9,2,12,4,4,7,9,2,7,2,0,0,2,3,5,2,5,2,3,14,20
"9795",6,4,6,9,12,2,12,4,6,7,9,2,12,2,3,0,3,0,0,2,3,3,1,16,23
"9796",7,9,6,9,12,6,12,4,6,9,12,2,12,3,4,5,3,4,0,5,4,1,2,21,27
"9797",8,12,6,9,12,6,17,9,6,9,12,6,12,3,0,0,2,5,5,3,5,1,3,24,32
"9798",9,17,6,9,12,8,17,12,6,9,12,6,17,2,5,0,2,0,0,5,2,1,2,29,34
"9799",10,23,8,9,18,12,17,17,6,9,12,8,17,6,6,4,6,4,0,6,6,1,1,37,44
"9800",11,27,8,9,28,12,17,23,8,9,18,12,17,4,0,0,2,6,6,4,6,1,1,41,54
"9801",12,27,8,9,28,12,17,27,8,9,28,12,17,2,6,0,NA,0,0,0,0,0,0,41,54
"9802",0,0,0,0,0,0,0,0,0,0,0,0,0,0,0,0,0,0,0,0,0,0,0,0,0
"9803",1,1,4,1,1,1,5,1,1,1,1,1,1,1,3,4,1,4,0,3,4,2,3,3,4
"9804",2,2,4,1,1,3,5,1,4,1,1,1,5,1,0,0,4,2,4,1,2,1,2,4,6
"9805",3,2,8,1,1,3,9,2,4,1,1,3,5,4,4,0,4,0,0,4,4,2,3,8,10
"9806",4,6,8,1,7,8,15,2,8,1,1,3,9,4,6,5,6,5,0,4,6,1,3,12,27
"9807",5,6,13,1,7,12,15,6,8,1,7,8,15,5,0,0,2,3,4,5,4,2,2,17,31
"9808",6,6,15,1,10,12,15,6,13,1,7,12,15,2,3,0,3,0,0,2,3,2,1,19,34
"9809",7,11,15,1,10,14,15,6,15,1,10,12,15,2,5,1,2,1,0,5,2,1,2,24,36
"9810",8,11,16,1,16,17,15,11,15,1,10,14,15,1,0,0,4,6,5,1,6,2,1,25,45
"9811",9,11,16,5,21,17,15,11,16,1,16,17,15,4,5,0,5,0,0,4,5,3,1,29,50
"9812",10,13,16,5,22,17,15,11,16,5,21,17,15,2,1,1,1,1,0,2,1,1,1,31,51
"9813",11,14,16,5,23,17,15,13,16,5,22,17,15,1,0,0,1,4,5,1,1,1,1,32,52
"9814",12,14,16,5,23,17,15,14,16,5,23,17,15,4,5,0,NA,0,0,0,0,0,0,32,52
"9815",0,0,0,0,0,0,0,0,0,0,0,0,0,0,0,0,0,0,0,0,0,0,0,0,0
"9816",1,4,1,1,1,1,3,1,1,1,1,1,1,2,3,3,2,3,0,3,2,1,3,3,2
"9817",2,4,1,4,1,2,9,4,1,1,1,1,3,3,0,0,2,6,4,3,6,3,3,6,9
"9818",3,8,1,4,1,2,11,4,1,4,1,2,9,2,4,0,2,0,0,4,2,1,3,10,11
"9819",4,11,1,4,1,2,14,8,1,4,1,2,11,3,3,1,3,1,0,3,3,1,3,13,14
"9820",5,11,1,5,4,2,14,11,1,4,1,2,14,1,0,0,3,2,3,1,3,3,1,14,17
"9821",6,11,3,5,7,2,14,11,1,5,4,2,14,2,3,0,3,0,0,2,3,2,1,16,20
"9822",7,16,3,11,12,2,14,11,3,5,7,2,14,6,5,3,5,3,0,6,5,3,1,27,25
"9823",8,16,6,11,21,2,14,16,3,11,12,2,14,3,0,0,4,2,6,3,6,2,1,30,34
"9824",9,16,10,11,21,2,16,16,6,11,21,2,14,4,2,0,2,0,0,4,2,2,3,34,36
"9825",10,19,16,11,25,2,16,16,10,11,21,2,16,6,4,3,4,3,0,6,4,2,1,43,40
"9826",11,22,16,11,25,7,16,19,16,11,25,2,16,3,0,0,4,5,5,3,5,1,2,46,45
"9827",12,22,16,11,25,7,16,22,16,11,25,7,16,4,5,0,NA,0,0,0,0,0,0,46,45
"9828",0,0,0,0,0,0,0,0,0,0,0,0,0,0,0,0,0,0,0,0,0,0,0,0,0
"9829",1,1,1,6,5,1,1,1,1,1,1,1,1,5,4,3,4,3,0,5,4,3,1,5,4
"9830",2,1,1,9,8,1,7,1,1,6,5,1,1,3,0,0,4,6,2,3,6,3,3,8,13
"9831",3,3,1,9,8,5,7,1,1,9,8,1,7,4,2,0,4,0,0,2,4,1,2,10,17
"9832",4,8,1,9,8,10,7,3,1,9,8,5,7,5,5,1,5,1,0,5,5,1,2,15,22
"9833",5,9,1,9,12,10,13,8,1,9,8,10,7,1,0,0,5,6,6,1,6,1,3,16,32
"9834",6,9,9,9,12,15,13,9,1,9,12,10,13,5,6,0,5,0,0,6,5,2,2,24,37
"9835",7,13,9,9,12,18,13,9,9,9,12,15,13,3,2,4,3,2,0,4,3,1,2,28,40
"9836",8,13,11,9,12,18,18,13,9,9,12,18,13,2,0,0,2,3,5,2,5,2,3,30,45
"9837",9,16,11,9,14,18,18,13,11,9,12,18,18,2,3,0,2,0,0,3,2,1,1,33,47
"9838",10,19,11,9,29,18,18,16,11,9,14,18,18,3,6,1,6,1,0,3,6,1,1,36,62
"9839",11,20,11,9,29,23,18,19,11,9,29,18,18,1,0,0,5,3,5,1,5,1,2,37,67
"9840",12,20,11,9,29,23,18,20,11,9,29,23,18,3,5,0,NA,0,0,0,0,0,0,37,67
"9841",0,0,0,0,0,0,0,0,0,0,0,0,0,0,0,0,0,0,0,0,0,0,0,0,0
"9842",1,1,4,1,6,1,1,1,1,1,1,1,1,3,5,4,5,4,0,3,5,2,1,3,5
"9843",2,1,4,5,6,1,6,1,4,1,6,1,1,4,0,0,2,5,4,4,5,3,3,7,10
"9844",3,1,8,5,6,1,8,1,4,5,6,1,6,2,4,0,2,0,0,4,2,2,3,11,12
"9845",4,1,12,5,10,7,8,1,8,5,6,1,8,6,4,1,6,1,0,4,6,2,2,15,22
"9846",5,2,12,5,14,7,14,1,12,5,10,7,8,1,0,0,6,2,4,1,6,1,3,16,32
"9847",6,6,12,5,16,7,14,2,12,5,14,7,14,2,4,0,2,0,0,4,2,1,1,20,34
"9848",7,10,12,5,16,7,19,6,12,5,16,7,14,4,5,3,5,3,0,4,5,1,3,24,39
"9849",8,13,12,5,16,10,19,10,12,5,16,7,19,3,0,0,2,3,3,3,3,1,2,27,42
"9850",9,16,12,5,18,10,19,13,12,5,16,10,19,2,3,0,2,0,0,3,2,1,1,30,44
"9851",10,17,12,5,20,10,19,16,12,5,18,10,19,1,2,2,2,2,0,1,2,1,1,31,46
"9852",11,17,14,5,23,10,19,17,12,5,20,10,19,2,0,0,3,3,5,2,3,2,1,33,49
"9853",12,17,14,5,23,10,19,17,14,5,23,10,19,3,5,0,NA,0,0,0,0,0,0,33,49
"9854",0,0,0,0,0,0,0,0,0,0,0,0,0,0,0,0,0,0,0,0,0,0,0,0,0
"9855",1,4,1,1,1,1,5,1,1,1,1,1,1,2,3,4,2,4,0,3,4,1,3,3,4
"9856",2,4,1,3,1,2,11,4,1,1,1,1,5,2,0,0,3,6,6,2,6,3,3,5,11
"9857",3,10,1,7,1,5,11,4,1,3,1,2,11,3,6,0,3,0,0,6,3,1,2,15,14
"9858",4,10,1,12,1,7,11,10,1,7,1,5,11,5,2,2,2,2,0,5,2,3,2,20,16
"9859",5,12,1,12,1,11,11,10,1,12,1,7,11,2,0,0,5,4,1,2,4,1,2,22,20
"9860",6,12,1,17,1,12,11,12,1,12,1,11,11,5,1,0,1,0,0,5,1,3,2,27,21
"9861",7,12,3,17,4,12,11,12,1,17,1,12,11,1,2,3,1,3,0,2,3,2,1,29,24
"9862",8,13,3,17,9,12,11,12,3,17,4,12,11,1,0,0,5,3,1,1,5,1,1,30,29
"9863",9,16,3,17,9,13,11,13,3,17,9,12,11,3,1,0,1,0,0,3,1,1,2,33,30
"9864",10,16,3,22,9,16,11,16,3,17,9,13,11,5,1,3,1,3,0,5,3,3,2,38,33
"9865",11,17,3,22,11,16,11,16,3,22,9,16,11,1,0,0,2,1,1,1,2,1,1,39,35
"9866",12,17,3,22,11,16,11,17,3,22,11,16,11,1,1,0,NA,0,0,0,0,0,0,39,35
"9867",0,0,0,0,0,0,0,0,0,0,0,0,0,0,0,0,0,0,0,0,0,0,0,0,0
"9868",1,6,1,7,1,1,4,1,1,1,1,1,1,1,6,3,1,3,0,6,3,3,3,11,3
"9869",2,6,1,8,1,1,6,6,1,7,1,1,4,1,0,0,1,2,2,1,2,3,3,12,5
"9870",3,6,2,8,3,1,6,6,1,8,1,1,6,1,2,0,2,0,0,1,2,2,1,13,7
"9871",4,6,4,8,3,7,7,6,2,8,3,1,6,2,6,5,6,5,0,2,6,2,2,15,14
"9872",5,6,4,13,3,11,7,6,4,8,3,7,7,5,0,0,4,3,1,5,4,3,2,20,18
"9873",6,6,7,13,4,11,7,6,4,13,3,11,7,3,1,0,1,0,0,3,1,2,1,23,19
"9874",7,6,9,13,10,11,10,6,7,13,4,11,7,2,3,6,3,6,0,2,6,2,1,25,28
"9875",8,9,9,13,14,11,10,6,9,13,10,11,10,3,0,0,4,1,1,3,4,1,1,28,32
"9876",9,10,9,13,14,11,11,9,9,13,14,11,10,1,1,0,1,0,0,1,1,1,3,29,33
"9877",10,13,9,13,14,15,11,10,9,13,14,11,11,4,2,3,4,2,0,3,4,1,2,32,37
"9878",11,13,11,13,16,15,11,13,9,13,14,15,11,2,0,0,2,1,4,2,2,2,1,34,39
"9879",12,13,11,13,16,15,11,13,11,13,16,15,11,1,4,0,NA,0,0,0,0,0,0,34,39
"9880",0,0,0,0,0,0,0,0,0,0,0,0,0,0,0,0,0,0,0,0,0,0,0,0,0
"9881",1,1,1,5,1,5,1,1,1,1,1,1,1,1,4,4,1,4,0,4,4,3,2,4,4
"9882",2,1,2,5,4,5,1,1,1,5,1,5,1,1,0,0,1,5,3,1,3,2,1,5,7
"9883",3,6,2,5,4,6,1,1,2,5,4,5,1,1,5,0,1,0,0,5,1,1,2,10,8
"9884",4,6,3,5,8,6,7,6,2,5,4,6,1,4,1,6,4,6,0,1,6,2,3,11,18
"9885",5,6,7,5,8,6,10,6,3,5,8,6,7,4,0,0,2,3,1,4,3,2,3,15,21
"9886",6,6,9,5,9,6,10,6,7,5,8,6,10,2,1,0,1,0,0,2,1,2,1,17,22
"9887",7,11,9,5,11,12,16,6,9,5,9,6,10,4,6,5,4,6,0,5,6,1,3,22,36
"9888",8,11,13,5,14,18,16,11,9,5,11,12,16,4,0,0,1,6,4,4,6,2,2,26,45
"9889",9,12,13,5,14,18,20,11,13,5,14,18,16,1,4,0,4,0,0,1,4,1,3,27,49
"9890",10,12,16,5,19,18,20,12,13,5,14,18,20,3,5,2,5,2,0,3,5,2,1,30,54
"9891",11,14,16,5,21,18,20,12,16,5,19,18,20,2,0,0,2,1,3,2,2,1,1,32,56
"9892",12,14,16,5,21,18,20,14,16,5,21,18,20,1,3,0,NA,0,0,0,0,0,0,32,56
"9893",0,0,0,0,0,0,0,0,0,0,0,0,0,0,0,0,0,0,0,0,0,0,0,0,0
"9894",1,1,1,6,7,6,1,1,1,1,1,1,1,2,5,6,2,6,0,5,6,3,1,5,11
"9895",2,1,1,8,7,12,4,1,1,6,7,6,1,2,0,0,5,6,2,2,6,3,2,7,20
"9896",3,1,6,8,7,12,6,1,1,8,7,12,4,5,2,0,2,0,0,5,2,2,3,12,22
"9897",4,1,6,12,7,12,9,1,6,8,7,12,6,4,2,3,2,3,0,4,3,3,3,16,25
"9898",5,3,6,12,10,12,9,1,6,12,7,12,9,2,0,0,2,3,2,2,3,1,1,18,28
"9899",6,5,6,12,10,14,9,3,6,12,10,12,9,2,2,0,2,0,0,2,2,1,2,20,30
"9900",7,5,12,16,10,19,9,5,6,12,10,14,9,6,2,5,2,5,0,6,5,2,2,30,35
"9901",8,7,12,16,10,19,14,5,12,16,10,19,9,2,0,0,2,1,5,2,5,1,3,32,40
"9902",9,7,12,17,10,21,14,7,12,16,10,19,14,2,1,0,2,0,0,1,2,3,2,33,42
"9903",10,7,15,17,14,21,14,7,12,17,10,21,14,3,4,3,4,3,0,3,4,2,1,36,46
"9904",11,10,15,17,19,21,14,7,15,17,14,21,14,3,0,0,5,4,4,3,5,1,1,39,51
"9905",12,10,15,17,19,21,14,10,15,17,19,21,14,4,4,0,NA,0,0,0,0,0,0,39,51
"9906",0,0,0,0,0,0,0,0,0,0,0,0,0,0,0,0,0,0,0,0,0,0,0,0,0
"9907",1,4,7,1,3,1,1,1,1,1,1,1,1,1,6,2,1,2,0,6,2,2,1,9,2
"9908",2,4,7,2,6,1,1,4,7,1,3,1,1,1,0,0,4,4,3,1,3,3,1,10,5
"9909",3,4,7,6,6,1,5,4,7,2,6,1,1,4,4,0,4,0,0,4,4,3,3,14,9
"9910",4,4,7,11,10,1,5,4,7,6,6,1,5,4,1,5,4,1,0,5,4,3,1,19,13
"9911",5,5,7,11,15,1,5,4,7,11,10,1,5,1,0,0,5,3,4,1,5,1,1,20,18
"9912",6,5,7,15,18,1,5,5,7,11,15,1,5,3,4,0,3,0,0,4,3,3,1,24,21
"9913",7,8,7,15,24,1,15,5,7,15,18,1,5,5,6,3,5,6,0,3,6,1,1,27,37
"9914",8,8,12,15,28,1,15,8,7,15,24,1,15,5,0,0,5,4,2,5,4,2,1,32,41
"9915",9,1,1,20,37,1,15,8,12,15,28,1,15,5,2,0,2,0,0,5,2,3,1,19,50
"9916",10,3,1,20,41,7,15,1,1,20,37,1,15,2,6,5,6,5,0,2,6,1,2,21,60
"9917",11,8,1,20,46,7,15,3,1,20,41,7,15,5,0,0,5,5,2,5,5,1,1,26,65
"9918",12,8,1,20,46,7,15,8,1,20,46,7,15,5,2,0,NA,0,0,0,0,0,0,26,65
"9919",0,0,0,0,0,0,0,0,0,0,0,0,0,0,0,0,0,0,0,0,0,0,0,0,0
"9920",1,11,1,1,1,3,1,1,1,1,1,1,1,6,2,1,2,1,0,6,2,1,2,10,2
"9921",2,11,2,1,1,9,2,11,1,1,1,3,1,1,0,0,6,3,1,1,6,2,2,11,9
"9922",3,14,2,1,2,9,2,11,2,1,1,9,2,3,1,0,1,0,0,3,1,1,1,14,10
"9923",4,14,12,1,2,9,7,14,2,1,2,9,2,6,5,1,5,1,0,6,5,2,3,24,15
"9924",5,14,13,1,2,14,7,14,12,1,2,9,7,1,0,0,4,5,4,1,5,2,2,25,20
"9925",6,14,13,5,2,14,11,14,13,1,2,14,7,4,4,0,4,0,0,4,4,3,3,29,24
"9926",7,20,13,8,2,18,11,14,13,5,2,14,11,4,3,6,4,3,0,6,4,1,2,38,28
"9927",8,20,16,8,2,18,16,20,13,8,2,18,11,3,0,0,5,2,6,3,5,2,3,41,33
"9928",9,20,22,9,2,20,16,20,16,8,2,18,16,2,6,0,2,0,0,6,2,2,2,48,35
"9929",10,26,22,9,1,30,22,20,22,9,2,20,16,4,2,6,2,6,0,4,6,1,2,54,50
"9930",11,1,22,11,5,30,22,26,22,9,1,30,22,2,0,0,4,5,3,2,3,3,1,31,54
"9931",12,1,22,11,5,30,22,1,22,11,5,30,22,4,5,0,NA,0,0,0,0,0,0,31,54
"9932",0,0,0,0,0,0,0,0,0,0,0,0,0,0,0,0,0,0,0,0,0,0,0,0,0
"9933",1,10,1,1,2,1,1,1,1,1,1,1,1,1,6,1,1,1,0,6,1,1,1,9,1
"9934",2,11,1,1,6,1,1,10,1,1,2,1,1,1,0,0,1,4,3,1,4,1,1,10,5
"9935",3,11,4,1,6,2,1,11,1,1,6,1,1,1,3,0,1,0,0,3,1,2,2,13,6
"9936",4,11,9,1,9,2,1,11,4,1,6,2,1,5,3,1,3,1,0,5,3,2,1,18,9
"9937",5,12,9,1,18,2,1,11,9,1,9,2,1,1,0,0,6,5,5,1,6,1,1,19,18
"9938",6,12,14,1,18,7,1,12,9,1,18,2,1,5,5,0,5,0,0,5,5,2,2,24,23
"9939",7,12,19,1,18,10,1,12,14,1,18,7,1,3,2,5,3,2,0,5,3,2,2,29,26
"9940",8,12,21,1,18,16,6,12,19,1,18,10,1,2,0,0,4,6,3,2,6,2,2,31,37
"9941",9,16,21,1,18,16,9,12,21,1,18,16,6,4,3,0,3,0,0,4,3,1,3,35,40
"9942",10,16,25,1,21,16,21,16,21,1,18,16,9,4,6,1,6,1,0,4,6,2,3,39,55
"9943",11,16,26,1,25,16,21,16,25,1,21,16,21,1,0,0,4,3,3,1,4,2,1,40,59
"9944",12,16,26,1,25,16,21,16,26,1,25,16,21,3,3,0,NA,0,0,0,0,0,0,40,59
"9945",0,0,0,0,0,0,0,0,0,0,0,0,0,0,0,0,0,0,0,0,0,0,0,0,0
"9946",1,1,1,2,6,1,1,1,1,1,1,1,1,5,1,1,5,1,0,1,5,3,1,1,5
"9947",2,1,1,3,6,7,4,1,1,2,6,1,1,1,0,0,6,6,2,1,6,3,2,2,14
"9948",3,2,1,9,8,7,4,1,1,3,6,7,4,6,2,0,2,0,0,6,2,3,1,9,16
"9949",4,2,1,14,13,7,4,2,1,9,8,7,4,5,1,5,1,5,0,5,5,3,1,14,21
"9950",5,3,1,14,14,13,4,2,1,14,13,7,4,1,0,0,3,5,6,1,6,1,2,15,28
"9951",6,6,1,14,14,13,9,3,1,14,14,13,4,3,5,0,5,0,0,3,5,1,3,18,33
"9952",7,10,1,14,14,16,15,6,1,14,14,13,9,2,4,6,2,6,0,4,6,1,3,22,42
"9953",8,12,1,14,20,22,15,10,1,14,14,16,15,2,0,0,3,2,6,2,6,1,1,24,54
"9954",9,12,1,17,22,22,15,12,1,14,20,22,15,3,2,0,2,0,0,3,2,3,1,27,56
"9955",10,14,1,17,22,22,17,12,1,17,22,22,15,2,2,4,2,4,0,2,2,1,3,29,58
"9956",11,18,1,17,23,22,17,14,1,17,22,22,17,4,0,0,1,5,2,4,1,1,1,33,59
"9957",12,18,1,17,23,22,17,18,1,17,23,22,17,5,2,0,NA,0,0,0,0,0,0,33,59
"9958",0,0,0,0,0,0,0,0,0,0,0,0,0,0,0,0,0,0,0,0,0,0,0,0,0
"9959",1,3,1,1,3,1,1,1,1,1,1,1,1,2,2,2,2,2,0,2,2,1,1,2,2
"9960",2,5,1,1,7,1,1,3,1,1,3,1,1,2,0,0,1,4,4,2,4,1,1,4,6
"9961",3,5,1,5,7,2,1,5,1,1,7,1,1,1,4,0,1,0,0,4,1,3,2,8,7
"9962",4,13,1,5,7,2,5,5,1,5,7,2,1,3,6,4,3,4,0,6,4,1,3,16,11
"9963",5,13,1,8,7,2,7,13,1,5,7,2,5,3,0,0,2,4,2,3,2,3,3,19,13
"9964",6,13,1,12,9,2,7,13,1,8,7,2,7,4,2,0,2,0,0,4,2,3,1,23,15
"9965",7,13,1,16,14,2,13,13,1,12,9,2,7,4,6,3,6,3,0,4,6,3,3,27,26
"9966",8,13,1,19,19,2,13,13,1,16,14,2,13,3,0,0,1,1,5,3,5,3,1,30,31
"9967",9,13,1,20,19,3,13,13,1,19,19,2,13,1,1,0,1,0,0,1,1,3,2,31,32
"9968",10,13,5,26,25,3,18,13,1,20,19,3,13,6,3,6,3,6,0,6,6,3,1,41,43
"9969",11,16,5,26,31,5,18,13,5,26,25,3,18,3,0,0,6,2,3,3,6,1,1,44,51
"9970",12,16,5,26,31,5,18,16,5,26,31,5,18,2,3,0,NA,0,0,0,0,0,0,44,51
"9971",0,0,0,0,0,0,0,0,0,0,0,0,0,0,0,0,0,0,0,0,0,0,0,0,0
"9972",1,1,1,4,1,6,1,1,1,1,1,1,1,5,2,3,5,2,0,3,5,3,2,3,5
"9973",2,1,1,6,12,6,1,1,1,4,1,6,1,2,0,0,2,6,4,2,6,3,1,5,16
"9974",3,1,1,10,12,6,3,1,1,6,12,6,1,2,4,0,2,0,0,4,2,3,3,9,18
"9975",4,1,1,14,12,9,3,1,1,10,12,6,3,3,4,4,3,4,0,4,3,3,2,13,21
"9976",5,1,5,14,12,9,5,1,1,14,12,9,3,4,0,0,2,2,1,4,2,2,3,17,23
"9977",6,1,5,16,12,9,6,1,5,14,12,9,5,2,1,0,1,0,0,2,1,3,3,19,24
"9978",7,1,5,20,12,11,12,1,5,16,12,9,6,4,6,3,6,3,0,4,6,3,3,23,32
"9979",8,1,8,20,12,11,16,1,5,20,12,11,12,3,0,0,4,4,2,3,4,2,3,26,36
"9980",9,1,12,20,12,11,18,1,8,20,12,11,16,4,2,0,2,0,0,4,2,2,3,30,38
"9981",10,1,16,20,16,11,18,1,12,20,12,11,18,4,4,2,4,2,0,4,4,2,1,34,42
"9982",11,3,16,20,28,11,23,1,16,20,16,11,18,2,0,0,2,1,6,2,6,1,1,36,59
"9983",12,3,16,20,28,11,23,3,16,20,28,11,23,2,1,0,NA,0,0,0,0,0,0,36,59
"9984",0,0,0,0,0,0,0,0,0,0,0,0,0,0,0,0,0,0,0,0,0,0,0,0,0
"9985",1,6,1,1,1,5,1,1,1,1,1,1,1,4,4,5,4,4,0,5,4,1,2,5,4
"9986",2,10,1,1,1,5,4,6,1,1,1,5,1,4,0,0,2,6,3,4,3,1,3,9,7
"9987",3,16,2,1,1,5,6,10,1,1,1,5,4,2,6,0,2,0,0,6,2,1,3,16,9
"9988",4,16,2,4,1,10,6,16,2,1,1,5,6,3,5,2,5,2,0,3,5,3,2,19,14
"9989",5,16,4,4,8,16,6,16,2,4,1,10,6,2,0,0,6,2,3,2,6,2,1,21,27
"9990",6,19,4,4,8,18,6,16,4,4,8,16,6,2,3,0,2,0,0,3,2,1,2,24,29
"9991",7,23,4,4,8,18,11,19,4,4,8,18,6,5,5,4,5,5,0,4,5,1,3,28,34
"9992",8,28,4,4,12,18,11,23,4,4,8,18,11,5,0,0,4,2,4,5,4,1,1,33,38
"9993",9,32,4,4,12,18,13,28,4,4,12,18,11,2,4,0,2,0,0,4,2,1,3,37,40
"9994",10,36,4,4,18,18,18,32,4,4,12,18,13,6,4,5,6,5,0,4,6,1,1,41,51
"9995",11,41,4,4,24,18,21,36,4,4,18,18,18,5,0,0,6,2,2,5,6,1,1,46,60
"9996",12,41,4,4,24,18,21,41,4,4,24,18,21,2,2,0,NA,0,0,0,0,0,0,46,60
"9997",0,0,0,0,0,0,0,0,0,0,0,0,0,0,0,0,0,0,0,0,0,0,0,0,0
"9998",1,9,1,1,1,4,1,1,1,1,1,1,1,6,3,1,3,1,0,6,3,1,2,8,3
"9999",2,9,1,2,6,4,1,9,1,1,1,4,1,1,0,0,5,2,2,1,5,3,1,9,8
"10000",3,9,3,2,8,4,1,9,1,2,6,4,1,2,2,0,2,0,0,2,2,2,1,11,10
"10001",4,20,3,2,8,4,6,9,3,2,8,4,1,5,3,6,5,3,0,6,5,1,3,22,15
"10002",5,20,6,2,16,4,12,20,3,2,8,4,6,3,0,0,5,4,6,3,6,2,1,25,29
"10003",6,20,11,2,16,4,16,20,6,2,16,4,12,5,4,0,4,0,0,5,4,2,3,30,33
"10004",7,27,11,2,16,1,21,20,11,2,16,4,16,1,6,5,1,5,0,6,5,1,3,37,35
"10005",8,27,12,2,22,6,21,27,11,2,16,1,21,1,0,0,6,1,6,1,6,2,1,38,46
"10006",9,36,18,2,23,6,21,27,12,2,22,6,21,1,6,0,1,0,0,6,1,2,1,53,47
"10007",10,48,19,2,28,6,21,36,18,2,23,6,21,6,5,4,5,4,0,6,5,1,1,113,52
"10008",11,48,23,2,29,6,21,48,19,2,28,6,21,4,0,0,1,6,2,4,1,2,1,117,53
"10009",12,48,23,2,29,6,21,48,23,2,29,6,21,6,2,0,NA,0,0,0,0,0,0,117,53
"10010",0,0,0,0,0,0,0,0,0,0,0,0,0,0,0,0,0,0,0,0,0,0,0,0,0
"10011",1,1,3,1,4,1,1,1,1,1,1,1,1,2,3,3,3,3,0,2,3,2,1,2,3
"10012",2,4,3,1,4,1,5,1,3,1,4,1,1,3,0,0,3,6,4,3,4,1,3,5,7
"10013",3,12,3,1,4,4,5,4,3,1,4,1,5,3,6,0,3,0,0,6,3,1,2,13,10
"10014",4,12,3,2,4,4,10,12,3,1,4,4,5,2,5,1,2,5,0,1,5,3,3,14,15
"10015",5,14,3,2,9,4,10,12,3,2,4,4,10,2,0,0,2,4,5,2,5,1,1,16,20
"10016",6,14,7,2,9,4,12,14,3,2,9,4,10,2,4,0,2,0,0,4,2,2,3,20,22
"10017",7,14,7,6,14,4,12,14,7,2,9,4,12,3,5,4,3,5,0,4,5,3,1,24,27
"10018",8,14,10,6,14,4,16,14,7,6,14,4,12,3,0,0,2,4,1,3,4,2,3,27,31
"10019",9,14,10,8,14,5,16,14,10,6,14,4,16,2,1,0,1,0,0,2,1,3,2,29,32
"10020",10,14,11,8,14,11,19,14,10,8,14,5,16,6,1,2,6,2,0,1,6,2,2,30,41
"10021",11,16,11,8,18,11,19,14,11,8,14,11,19,2,0,0,4,1,4,2,4,1,1,32,45
"10022",12,16,11,8,18,11,19,16,11,8,18,11,19,1,4,0,NA,0,0,0,0,0,0,32,45
"10023",0,0,0,0,0,0,0,0,0,0,0,0,0,0,0,0,0,0,0,0,0,0,0,0,0
"10024",1,1,1,6,1,1,4,1,1,1,1,1,1,5,3,1,3,1,0,5,3,3,3,5,3
"10025",2,2,1,6,1,5,4,1,1,6,1,1,4,1,0,0,1,4,2,1,4,1,2,6,7
"10026",3,2,1,7,1,7,4,2,1,6,1,5,4,1,2,0,2,0,0,1,2,3,2,7,9
"10027",4,4,1,7,4,7,4,2,1,7,1,7,4,2,2,3,2,3,0,2,3,1,1,9,12
"10028",5,4,3,7,4,7,9,4,1,7,4,7,4,2,0,0,3,5,2,2,5,2,3,11,17
"10029",6,4,6,7,4,9,9,4,3,7,4,7,9,3,2,0,2,0,0,3,2,2,2,14,19
"10030",7,4,6,12,9,9,9,4,6,7,4,9,9,2,5,5,2,5,0,5,5,3,1,19,24
"10031",8,4,6,14,9,9,13,4,6,12,9,9,9,2,0,0,1,4,4,2,4,3,3,21,28
"10032",9,8,6,14,10,9,13,4,6,14,9,9,13,1,4,0,1,0,0,4,1,1,1,25,29
"10033",10,10,6,14,10,14,13,8,6,14,10,9,13,4,5,2,4,5,0,2,5,1,2,27,34
"10034",11,10,10,14,12,14,13,10,6,14,10,14,13,4,0,0,2,2,2,4,2,2,1,31,36
"10035",12,10,10,14,12,14,13,10,10,14,12,14,13,2,2,0,NA,0,0,0,0,0,0,31,36
"10036",0,0,0,0,0,0,0,0,0,0,0,0,0,0,0,0,0,0,0,0,0,0,0,0,0
"10037",1,1,3,1,1,3,1,1,1,1,1,1,1,2,1,2,1,2,0,2,2,2,2,2,2
"10038",2,1,3,2,5,3,1,1,3,1,1,3,1,1,0,0,3,3,4,1,4,3,1,3,6
"10039",3,1,3,5,5,3,4,1,3,2,5,3,1,3,3,0,3,0,0,3,3,3,3,6,9
"10040",4,12,3,5,8,3,4,1,3,5,5,3,4,6,3,3,3,3,0,6,3,1,1,17,12
"10041",5,15,3,5,13,3,4,12,3,5,8,3,4,3,0,0,1,6,5,3,5,1,1,20,17
"10042",6,18,3,11,14,3,4,15,3,5,13,3,4,1,6,0,1,0,0,6,1,3,1,29,18
"10043",7,23,3,11,15,3,4,18,3,11,14,3,4,1,1,5,1,1,0,5,1,1,1,34,19
"10044",8,24,3,11,17,3,4,23,3,11,15,3,4,1,0,0,2,2,4,1,2,1,1,35,21
"10045",9,26,6,11,21,3,1,24,3,11,17,3,4,2,4,0,4,0,0,2,4,1,1,40,22
"10046",10,1,7,11,22,4,1,26,6,11,21,3,1,1,1,2,1,2,0,1,1,2,2,16,24
"10047",11,3,7,11,30,4,1,1,7,11,22,4,1,2,0,0,2,6,1,2,6,1,1,18,32
"10048",12,3,7,11,30,4,1,3,7,11,30,4,1,2,1,0,NA,0,0,0,0,0,0,18,32
"10049",0,0,0,0,0,0,0,0,0,0,0,0,0,0,0,0,0,0,0,0,0,0,0,0,0
"10050",1,6,1,1,6,1,1,1,1,1,1,1,1,3,5,5,3,5,0,5,5,1,1,5,5
"10051",2,9,1,1,6,1,5,6,1,1,6,1,1,3,0,0,4,4,1,3,4,1,3,8,9
"10052",3,13,1,1,6,2,5,9,1,1,6,1,5,4,1,0,1,0,0,4,1,1,2,12,10
"10053",4,13,11,1,10,2,5,13,1,1,6,2,5,4,6,1,4,1,0,6,4,2,1,22,14
"10054",5,13,12,1,10,5,5,13,11,1,10,2,5,1,0,0,3,4,3,1,3,2,2,23,17
"10055",6,13,12,4,10,9,5,13,12,1,10,5,5,4,3,0,4,0,0,3,4,3,2,26,21
"10056",7,13,16,4,10,10,5,13,12,4,10,9,5,1,4,1,1,1,0,4,1,2,2,30,22
"10057",8,14,16,4,15,10,5,13,16,4,10,10,5,1,0,0,1,5,6,1,5,1,1,31,27
"10058",9,25,16,4,16,10,5,14,16,4,15,10,5,1,6,0,1,0,0,6,1,1,1,42,28
"10059",10,25,16,7,16,11,5,25,16,4,16,10,5,3,5,1,5,1,0,3,1,3,2,45,29
"10060",11,25,21,7,16,16,5,25,16,7,16,11,5,5,0,0,5,1,3,5,5,2,2,50,34
"10061",12,25,21,7,16,16,5,25,21,7,16,16,5,1,3,0,NA,0,0,0,0,0,0,50,34
"10062",0,0,0,0,0,0,0,0,0,0,0,0,0,0,0,0,0,0,0,0,0,0,0,0,0
"10063",1,1,4,1,1,7,12,1,1,1,1,1,1,1,3,6,1,6,0,3,6,2,2,3,17
"10064",2,2,4,1,7,7,15,1,4,1,1,7,12,1,0,0,6,6,4,1,6,1,1,4,26
"10065",3,2,8,1,7,17,15,2,4,1,7,7,15,6,4,0,6,0,0,4,6,2,2,8,36
"10066",4,7,14,1,12,17,15,2,8,1,7,17,15,6,1,5,1,5,0,6,5,2,1,19,41
"10067",5,8,14,1,17,17,15,7,14,1,12,17,15,1,0,0,1,2,5,1,5,1,1,20,46
"10068",6,8,15,1,19,17,15,8,14,1,17,17,15,1,2,0,2,0,0,1,2,2,1,21,48
"10069",7,13,15,1,19,19,21,8,15,1,19,17,15,5,1,6,1,6,0,5,6,1,3,26,56
"10070",8,13,15,2,19,22,21,13,15,1,19,19,21,1,0,0,6,6,3,1,3,3,2,27,59
"10071",9,19,18,2,22,28,21,13,15,2,19,22,21,6,6,0,6,0,0,6,6,1,2,36,68
"10072",10,20,18,1,37,1,21,19,18,2,22,28,21,6,4,4,6,4,0,4,6,3,1,36,56
"10073",11,24,18,1,41,1,21,20,18,1,37,1,21,4,0,0,4,5,4,4,4,1,1,40,60
"10074",12,24,18,1,41,1,21,24,18,1,41,1,21,5,4,0,NA,0,0,0,0,0,0,40,60
"10075",0,0,0,0,0,0,0,0,0,0,0,0,0,0,0,0,0,0,0,0,0,0,0,0,0
"10076",1,5,1,1,4,7,1,1,1,1,1,1,1,4,6,3,6,3,0,4,6,1,2,4,9
"10077",2,8,1,1,16,12,1,5,1,1,4,7,1,3,0,0,1,2,6,3,6,1,1,7,26
"10078",3,8,1,3,16,12,2,8,1,1,16,12,1,1,2,0,1,0,0,2,1,3,3,9,27
"10079",4,10,1,3,16,18,7,8,1,3,16,12,2,6,2,4,6,4,0,2,6,1,2,11,38
"10080",5,10,5,3,16,19,13,10,1,3,16,18,7,4,0,0,6,1,2,4,6,2,3,15,45
"10081",6,10,6,3,18,19,13,10,5,3,16,19,13,1,2,0,2,0,0,1,2,2,1,16,47
"10082",7,15,6,3,18,21,19,10,6,3,18,19,13,5,6,1,6,1,0,5,6,1,3,21,55
"10083",8,16,6,1,20,21,25,15,6,3,18,21,19,1,0,0,5,6,4,1,6,1,3,20,63
"10084",9,21,6,1,20,25,25,16,6,1,20,21,25,5,4,0,4,0,0,5,4,1,2,25,67
"10085",10,21,6,5,23,25,25,21,6,1,20,25,25,3,4,4,3,4,0,4,3,3,1,29,70
"10086",11,25,6,5,30,25,25,21,6,5,23,25,25,4,0,0,6,4,1,4,6,1,1,33,77
"10087",12,25,6,5,30,25,25,25,6,5,30,25,25,4,1,0,NA,0,0,0,0,0,0,33,77
"10088",0,0,0,0,0,0,0,0,0,0,0,0,0,0,0,0,0,0,0,0,0,0,0,0,0
"10089",1,1,4,7,5,1,1,1,1,1,1,1,1,6,4,1,4,1,0,6,4,3,1,9,4
"10090",2,1,5,7,5,6,1,1,4,7,5,1,1,1,0,0,5,6,4,1,5,2,2,10,9
"10091",3,7,7,7,9,6,1,1,5,7,5,6,1,6,4,0,4,0,0,6,4,1,1,18,13
"10092",4,7,12,7,14,6,1,7,7,7,9,6,1,5,5,5,5,5,0,5,5,2,1,23,18
"10093",5,7,17,7,18,6,1,7,12,7,14,6,1,5,0,0,4,6,3,5,4,2,1,28,22
"10094",6,13,17,8,18,9,1,7,17,7,18,6,1,6,3,0,3,0,0,6,3,1,2,35,25
"10095",7,19,20,8,18,14,1,13,17,8,18,9,1,5,1,6,5,1,0,6,5,1,2,44,30
"10096",8,19,21,8,22,14,1,19,20,8,18,14,1,1,0,0,3,4,5,1,4,2,1,45,34
"10097",9,19,21,11,22,14,6,19,21,8,22,14,1,3,5,0,5,0,0,3,5,3,3,48,39
"10098",10,25,21,16,24,14,6,19,21,11,22,14,6,2,2,6,2,2,0,6,2,1,1,59,41
"10099",11,25,23,16,24,18,6,25,21,16,24,14,6,2,0,0,4,5,5,2,4,2,2,61,45
"10100",12,25,23,16,24,18,6,25,23,16,24,18,6,5,5,0,NA,0,0,0,0,0,0,61,45
"10101",0,0,0,0,0,0,0,0,0,0,0,0,0,0,0,0,0,0,0,0,0,0,0,0,0
"10102",1,6,1,1,1,6,1,1,1,1,1,1,1,5,2,5,2,5,0,5,5,1,2,5,5
"10103",2,6,1,3,5,6,1,6,1,1,1,6,1,2,0,0,3,4,5,2,4,3,1,7,9
"10104",3,11,1,3,5,6,4,6,1,3,5,6,1,3,5,0,3,0,0,5,3,1,3,12,12
"10105",4,11,5,3,5,6,8,11,1,3,5,6,4,4,4,4,4,4,0,4,4,2,3,16,16
"10106",5,15,5,3,11,7,8,11,5,3,5,6,8,4,0,0,6,3,5,4,6,1,1,20,23
"10107",6,20,5,3,11,7,11,15,5,3,11,7,8,3,5,0,3,0,0,5,3,1,3,25,26
"10108",7,24,5,3,16,7,11,20,5,3,11,7,11,1,4,5,1,5,0,4,5,1,1,29,31
"10109",8,24,5,4,16,15,11,24,5,3,16,7,11,1,0,0,5,6,1,1,6,3,2,30,39
"10110",9,29,5,4,17,15,11,24,5,4,16,15,11,5,1,0,1,0,0,5,1,1,1,35,40
"10111",10,30,5,4,17,16,11,29,5,4,17,15,11,1,1,1,1,1,0,1,1,1,2,36,41
"10112",11,30,5,5,17,16,16,30,5,4,17,16,11,1,0,0,6,6,5,1,5,3,3,37,46
"10113",12,30,5,5,17,16,16,30,5,5,17,16,16,6,6,0,NA,0,0,0,0,0,0,37,46
"10114",0,0,0,0,0,0,0,0,0,0,0,0,0,0,0,0,0,0,0,0,0,0,0,0,0
"10115",1,1,9,1,6,1,1,1,1,1,1,1,1,3,6,5,3,5,0,6,5,2,1,8,5
"10116",2,1,9,4,6,1,6,1,9,1,6,1,1,3,0,0,4,1,5,3,5,3,3,11,10
"10117",3,1,9,5,10,1,6,1,9,4,6,1,6,4,1,0,4,0,0,1,4,3,1,12,14
"10118",4,1,20,5,14,1,6,1,9,5,10,1,6,4,6,3,4,3,0,6,4,2,1,23,18
"10119",5,1,20,8,14,1,8,1,20,5,14,1,6,3,0,0,4,1,2,3,2,3,3,26,20
"10120",6,5,20,8,15,1,8,1,20,8,14,1,8,4,1,0,1,0,0,4,1,1,1,30,21
"10121",7,11,22,8,19,1,8,5,20,8,15,1,8,1,4,6,1,4,0,6,4,1,1,38,25
"10122",8,11,23,8,24,1,8,11,22,8,19,1,8,1,0,0,1,4,5,1,5,2,1,39,30
"10123",9,15,23,8,24,1,9,11,23,8,24,1,8,1,4,0,1,0,0,4,1,1,3,43,31
"10124",10,15,23,13,29,1,9,15,23,8,24,1,9,5,5,5,5,5,0,5,5,3,1,48,36
"10125",11,15,28,13,32,1,9,15,23,13,29,1,9,5,0,0,4,3,1,5,3,2,1,53,39
"10126",12,15,28,13,32,1,9,15,28,13,32,1,9,4,1,0,NA,0,0,0,0,0,0,53,39
"10127",0,0,0,0,0,0,0,0,0,0,0,0,0,0,0,0,0,0,0,0,0,0,0,0,0
"10128",1,1,1,6,6,1,1,1,1,1,1,1,1,5,5,5,5,5,0,5,5,3,1,5,5
"10129",2,1,6,6,7,7,1,1,1,6,6,1,1,5,0,0,2,6,2,5,6,2,2,10,12
"10130",3,1,6,8,9,7,1,1,6,6,7,7,1,2,2,0,2,0,0,2,2,3,1,12,14
"10131",4,1,6,9,9,9,1,1,6,8,9,7,1,1,2,2,2,2,0,1,2,3,2,13,16
"10132",5,1,8,9,9,9,5,1,6,9,9,9,1,2,0,0,4,2,4,2,4,2,3,15,20
"10133",6,1,12,9,11,9,5,1,8,9,9,9,5,2,4,0,2,0,0,4,2,2,1,19,22
"10134",7,1,16,9,15,9,5,1,12,9,11,9,5,4,3,4,3,4,0,4,4,2,1,23,26
"10135",8,4,16,9,18,9,5,1,16,9,15,9,5,3,0,0,1,3,3,3,3,1,1,26,29
"10136",9,7,16,9,18,10,5,4,16,9,18,9,5,1,3,0,1,0,0,3,1,1,2,29,30
"10137",10,7,20,9,18,10,9,7,16,9,18,10,5,4,2,4,2,4,0,4,4,2,3,33,34
"10138",11,7,22,9,21,10,9,7,20,9,18,10,9,2,0,0,3,2,2,2,3,2,1,35,37
"10139",12,7,22,9,21,10,9,7,22,9,21,10,9,2,2,0,NA,0,0,0,0,0,0,35,37
"10140",0,0,0,0,0,0,0,0,0,0,0,0,0,0,0,0,0,0,0,0,0,0,0,0,0
"10141",1,1,3,1,1,3,7,1,1,1,1,1,1,6,2,2,6,2,0,2,6,2,3,2,8
"10142",2,3,3,1,1,14,7,1,3,1,1,3,7,2,0,0,6,3,6,2,6,1,2,4,19
"10143",3,9,3,2,1,14,10,3,3,1,1,14,7,3,6,0,3,0,0,6,3,1,3,11,22
"10144",4,12,3,2,6,14,10,9,3,2,1,14,10,4,3,5,4,5,0,3,5,1,1,14,27
"10145",5,12,7,2,6,14,15,12,3,2,6,14,10,4,0,0,5,1,3,4,5,2,3,18,32
"10146",6,12,10,2,6,14,16,12,7,2,6,14,15,1,3,0,1,0,0,3,1,2,3,21,33
"10147",7,12,14,2,11,14,16,12,10,2,6,14,16,4,3,5,3,5,0,4,5,2,1,25,38
"10148",8,15,14,2,14,14,16,12,14,2,11,14,16,3,0,0,3,2,5,3,3,1,1,28,41
"10149",9,17,14,2,19,14,16,15,14,2,14,14,16,2,5,0,5,0,0,2,5,1,1,30,46
"10150",10,17,18,2,25,17,16,17,14,2,19,14,16,4,6,5,6,5,0,4,6,2,1,34,55
"10151",11,22,18,2,33,17,16,17,18,2,25,17,16,5,0,0,6,3,3,5,6,1,1,39,63
"10152",12,22,18,2,33,17,16,22,18,2,33,17,16,3,3,0,NA,0,0,0,0,0,0,39,63
"10153",0,0,0,0,0,0,0,0,0,0,0,0,0,0,0,0,0,0,0,0,0,0,0,0,0
"10154",1,1,1,4,6,7,1,1,1,1,1,1,1,6,3,6,6,6,0,3,6,3,2,3,11
"10155",2,5,7,4,6,12,1,1,1,4,6,7,1,6,0,0,5,3,5,6,5,2,2,13,16
"10156",3,10,7,4,6,15,1,5,7,4,6,12,1,3,5,0,3,0,0,5,3,1,2,18,19
"10157",4,11,13,4,6,18,1,10,7,4,6,15,1,6,3,3,3,3,0,6,3,2,2,25,22
"10158",5,11,13,7,6,21,1,11,13,4,6,18,1,3,0,0,3,1,1,3,3,3,2,28,25
"10159",6,11,13,8,7,21,1,11,13,7,6,21,1,1,1,0,1,0,0,1,1,3,1,29,26
"10160",7,11,22,8,7,28,1,11,13,8,7,21,1,6,2,6,2,6,0,6,6,2,2,38,33
"10161",8,13,22,8,16,28,1,11,22,8,7,28,1,2,0,0,2,6,1,2,6,1,1,40,42
"10162",9,15,22,8,16,29,1,13,22,8,16,28,1,2,1,0,1,0,0,2,1,1,2,42,43
"10163",10,15,22,11,18,29,1,15,22,8,16,29,1,1,2,3,1,2,0,3,2,3,1,45,45
"10164",11,15,22,12,23,29,1,15,22,11,18,29,1,1,0,0,4,5,2,1,5,3,1,46,50
"10165",12,15,22,12,23,29,1,15,22,12,23,29,1,4,2,0,NA,0,0,0,0,0,0,46,50
"10166",0,0,0,0,0,0,0,0,0,0,0,0,0,0,0,0,0,0,0,0,0,0,0,0,0
"10167",1,1,6,1,6,1,1,1,1,1,1,1,1,5,5,1,5,1,0,5,5,2,1,5,5
"10168",2,2,6,1,6,6,1,1,6,1,6,1,1,1,0,0,1,5,5,1,5,1,2,6,10
"10169",3,2,11,1,7,6,1,2,6,1,6,6,1,1,5,0,1,0,0,5,1,2,1,11,11
"10170",4,2,11,5,7,10,1,2,11,1,7,6,1,4,3,4,3,4,0,4,4,3,2,15,15
"10171",5,2,11,8,7,15,1,2,11,5,7,10,1,3,0,0,4,2,5,3,5,3,2,18,20
"10172",6,2,11,10,7,15,5,2,11,8,7,15,1,4,2,0,4,0,0,2,4,3,3,20,24
"10173",7,7,11,10,7,20,11,2,11,10,7,15,5,5,5,6,5,6,0,5,6,1,3,25,35
"10174",8,7,16,10,7,20,15,7,11,10,7,20,11,5,0,0,4,4,2,5,4,2,3,30,39
"10175",9,11,16,10,9,20,15,7,16,10,7,20,15,4,2,0,2,0,0,4,2,1,1,34,41
"10176",10,11,21,10,9,25,15,11,16,10,9,20,15,5,1,5,1,5,0,5,5,2,2,39,46
"10177",11,12,21,10,13,25,15,11,21,10,9,25,15,1,0,0,4,5,1,1,4,1,1,40,50
"10178",12,12,21,10,13,25,15,12,21,10,13,25,15,5,1,0,NA,0,0,0,0,0,0,40,50
"10179",0,0,0,0,0,0,0,0,0,0,0,0,0,0,0,0,0,0,0,0,0,0,0,0,0
"10180",1,1,1,3,1,5,1,1,1,1,1,1,1,2,4,1,4,1,0,2,4,3,2,2,4
"10181",2,2,1,3,3,5,1,1,1,3,1,5,1,1,0,0,2,1,2,1,2,1,1,3,6
"10182",3,2,3,3,3,6,1,2,1,3,3,5,1,1,2,0,1,0,0,2,1,2,2,5,7
"10183",4,2,3,7,9,8,1,2,3,3,3,6,1,4,4,6,4,6,0,4,6,3,1,9,15
"10184",5,2,7,7,9,8,6,2,3,7,9,8,1,4,0,0,5,2,3,4,5,2,3,13,20
"10185",6,2,10,7,9,8,8,2,7,7,9,8,6,2,3,0,2,0,0,3,2,2,3,16,22
"10186",7,6,10,7,9,8,17,2,10,7,9,8,8,3,4,6,3,6,0,4,6,1,3,20,31
"10187",8,6,13,7,12,8,17,6,10,7,9,8,17,3,0,0,3,2,3,3,3,2,1,23,34
"10188",9,6,13,9,12,8,20,6,13,7,12,8,17,2,3,0,3,0,0,2,3,3,3,25,37
"10189",10,11,13,9,21,8,20,6,13,9,12,8,20,5,6,3,6,3,0,5,6,1,1,30,46
"10190",11,14,13,9,27,13,20,11,13,9,21,8,20,3,0,0,6,1,4,3,6,1,1,33,57
"10191",12,14,13,9,27,13,20,14,13,9,27,13,20,1,4,0,NA,0,0,0,0,0,0,33,57
"10192",0,0,0,0,0,0,0,0,0,0,0,0,0,0,0,0,0,0,0,0,0,0,0,0,0
"10193",1,1,4,1,7,6,1,1,1,1,1,1,1,6,1,3,6,1,0,3,6,2,1,3,11
"10194",2,1,5,1,7,8,1,1,4,1,7,6,1,1,0,0,3,5,2,1,2,2,2,4,13
"10195",3,1,5,6,7,8,4,1,5,1,7,8,1,3,5,0,3,0,0,5,3,3,3,9,16
"10196",4,1,8,12,13,13,4,1,5,6,7,8,4,1,6,6,1,6,0,6,6,3,1,18,27
"10197",5,1,9,12,13,13,9,1,8,12,13,13,4,1,0,0,5,1,3,1,5,2,3,19,32
"10198",6,4,9,12,13,13,10,1,9,12,13,13,9,1,3,0,1,0,0,3,1,1,3,22,33
"10199",7,4,11,12,13,14,10,4,9,12,13,13,10,1,2,1,1,1,0,2,1,2,2,24,34
"10200",8,5,11,12,13,15,10,4,11,12,13,14,10,1,0,0,1,4,4,1,1,1,2,25,35
"10201",9,5,15,12,17,15,10,5,11,12,13,15,10,4,4,0,4,0,0,4,4,2,1,29,39
"10202",10,5,19,12,18,15,10,5,15,12,17,15,10,4,1,1,1,1,0,4,1,2,1,33,40
"10203",11,6,19,12,20,15,10,5,19,12,18,15,10,1,0,0,2,4,3,1,2,1,1,34,42
"10204",12,6,19,12,20,15,10,6,19,12,20,15,10,4,3,0,NA,0,0,0,0,0,0,34,42
"10205",0,0,0,0,0,0,0,0,0,0,0,0,0,0,0,0,0,0,0,0,0,0,0,0,0
"10206",1,1,7,3,1,5,1,1,1,1,1,1,1,1,4,6,1,4,0,6,4,2,2,8,4
"10207",2,1,8,3,8,5,1,1,7,3,1,5,1,1,0,0,6,4,2,1,6,2,1,9,11
"10208",3,1,8,7,10,5,1,1,8,3,8,5,1,4,2,0,2,0,0,4,2,3,1,13,13
"10209",4,2,8,7,10,5,3,1,8,7,10,5,1,1,2,2,2,2,0,1,2,1,3,14,15
"10210",5,2,10,7,10,11,8,2,8,7,10,5,3,2,0,0,1,6,6,2,6,2,2,16,26
"10211",6,2,18,7,10,11,9,2,10,7,10,11,8,1,6,0,1,0,0,6,1,2,3,24,27
"10212",7,6,18,7,10,11,13,2,18,7,10,11,9,4,1,4,1,4,0,4,4,1,3,28,31
"10213",8,6,19,7,10,11,15,6,18,7,10,11,13,1,0,0,2,1,1,1,2,2,3,29,33
"10214",9,6,19,8,10,12,15,6,19,7,10,11,15,1,1,0,1,0,0,1,1,3,2,30,34
"10215",10,6,22,8,14,12,15,6,19,8,10,12,15,1,3,4,1,4,0,3,4,2,1,33,38
"10216",11,7,22,8,15,12,15,6,22,8,14,12,15,1,0,0,1,1,4,1,1,1,1,34,39
"10217",12,7,22,8,15,12,15,7,22,8,15,12,15,1,4,0,NA,0,0,0,0,0,0,34,39
"10218",0,0,0,0,0,0,0,0,0,0,0,0,0,0,0,0,0,0,0,0,0,0,0,0,0
"10219",1,3,1,1,5,7,1,1,1,1,1,1,1,6,2,3,6,3,0,2,6,1,2,2,10
"10220",2,6,1,1,10,7,7,3,1,1,5,7,1,3,0,0,4,3,6,3,6,1,3,5,21
"10221",3,6,1,4,14,7,7,6,1,1,10,7,7,4,3,0,4,0,0,3,4,3,1,8,25
"10222",4,6,1,6,17,13,7,6,1,4,14,7,7,2,6,6,6,6,0,2,6,3,2,10,34
"10223",5,6,1,17,17,19,9,6,1,6,17,13,7,6,0,0,1,6,3,6,6,3,2,21,42
"10224",6,7,1,17,17,19,12,6,1,17,17,19,9,1,3,0,3,0,0,1,3,1,3,22,45
"10225",7,7,1,21,17,25,16,7,1,17,17,19,12,1,4,6,1,6,0,4,6,3,2,26,55
"10226",8,8,1,21,21,25,16,7,1,21,17,25,16,1,0,0,4,5,4,1,4,1,1,27,59
"10227",9,8,1,26,25,25,16,8,1,21,21,25,16,5,4,0,4,0,0,5,4,3,1,32,63
"10228",10,8,5,26,25,25,20,8,1,26,25,25,16,4,4,2,4,2,0,4,4,2,3,36,67
"10229",11,10,5,26,26,25,20,8,5,26,25,25,20,2,0,0,1,2,2,2,1,1,1,38,68
"10230",12,10,5,26,26,25,20,10,5,26,26,25,20,2,2,0,NA,0,0,0,0,0,0,38,68
"10231",0,0,0,0,0,0,0,0,0,0,0,0,0,0,0,0,0,0,0,0,0,0,0,0,0
"10232",1,1,1,6,3,1,1,1,1,1,1,1,1,1,2,5,1,2,0,5,2,3,1,5,2
"10233",2,2,1,6,6,1,1,1,1,6,3,1,1,1,0,0,3,5,3,1,3,1,1,6,5
"10234",3,2,6,6,6,4,1,2,1,6,6,1,1,5,3,0,3,0,0,5,3,2,2,11,8
"10235",4,2,7,6,6,8,1,2,6,6,6,4,1,4,1,3,4,3,0,1,4,2,2,12,12
"10236",5,2,7,9,6,13,1,2,7,6,6,8,1,3,0,0,4,3,5,3,5,3,2,15,17
"10237",6,6,7,9,9,13,1,2,7,9,6,13,1,4,3,0,3,0,0,4,3,1,1,19,20
"10238",7,7,7,9,9,15,1,6,7,9,9,13,1,1,1,2,1,2,0,1,2,1,2,20,22
"10239",8,7,7,10,18,15,1,7,7,9,9,15,1,1,0,0,1,6,6,1,6,3,1,21,31
"10240",9,15,7,10,18,16,1,7,7,10,18,15,1,1,6,0,1,0,0,6,1,1,2,29,32
"10241",10,15,7,13,18,19,1,15,7,10,18,16,1,3,3,3,3,3,0,3,3,3,2,32,35
"10242",11,18,7,13,21,19,1,15,7,13,18,19,1,3,0,0,3,3,2,3,3,1,1,35,38
"10243",12,18,7,13,21,19,1,18,7,13,21,19,1,3,2,0,NA,0,0,0,0,0,0,35,38
"10244",0,0,0,0,0,0,0,0,0,0,0,0,0,0,0,0,0,0,0,0,0,0,0,0,0
"10245",1,1,2,1,1,3,7,1,1,1,1,1,1,1,2,6,2,6,0,1,6,2,3,1,8
"10246",2,1,4,1,1,3,11,1,2,1,1,3,7,2,0,0,2,3,4,2,4,2,3,3,12
"10247",3,1,4,3,1,6,11,1,4,1,1,3,11,2,3,0,3,0,0,2,3,3,2,5,15
"10248",4,1,7,3,1,6,12,1,4,3,1,6,11,1,1,3,1,1,0,3,1,2,3,8,16
"10249",5,1,8,3,6,6,12,1,7,3,1,6,12,1,0,0,4,5,5,1,5,2,1,9,21
"10250",6,1,12,3,6,11,12,1,8,3,6,6,12,4,5,0,5,0,0,4,5,2,2,13,26
"10251",7,1,15,3,10,11,12,1,12,3,6,11,12,3,3,4,3,4,0,3,4,2,1,16,30
"10252",8,1,15,6,13,11,12,1,15,3,10,11,12,3,0,0,3,3,3,3,3,3,1,19,33
"10253",9,1,18,6,13,11,15,1,15,6,13,11,12,3,3,0,3,0,0,3,3,2,3,22,36
"10254",10,2,18,6,22,17,15,1,18,6,13,11,15,1,4,6,4,6,0,1,6,1,1,23,51
"10255",11,2,22,6,22,21,15,2,18,6,22,17,15,4,0,0,4,4,6,4,4,2,2,27,55
"10256",12,2,22,6,22,21,15,2,22,6,22,21,15,4,6,0,NA,0,0,0,0,0,0,27,55
"10257",0,0,0,0,0,0,0,0,0,0,0,0,0,0,0,0,0,0,0,0,0,0,0,0,0
"10258",1,1,1,6,3,1,1,1,1,1,1,1,1,2,5,1,2,1,0,5,2,3,1,5,2
"10259",2,2,1,6,3,1,13,1,1,6,3,1,1,1,0,0,2,6,4,1,6,1,3,6,14
"10260",3,2,3,6,3,5,13,2,1,6,3,1,13,2,4,0,4,0,0,2,4,2,2,8,18
"10261",4,2,3,9,3,7,13,2,3,6,3,5,13,3,2,2,2,2,0,3,2,3,2,11,20
"10262",5,2,5,9,3,10,19,2,3,9,3,7,13,2,0,0,6,3,5,2,6,2,3,13,29
"10263",6,2,8,9,8,10,19,2,5,9,3,10,19,3,5,0,5,0,0,3,5,2,1,16,34
"10264",7,2,9,9,11,10,19,2,8,9,8,10,19,1,3,3,3,3,0,1,3,2,1,17,37
"10265",8,2,9,12,22,10,19,2,9,9,11,10,19,3,0,0,1,6,6,3,6,3,1,20,48
"10266",9,2,15,13,23,10,19,2,9,12,22,10,19,1,6,0,1,0,0,6,1,2,1,27,49
"10267",10,1,19,13,26,16,19,2,15,13,23,10,19,6,4,2,6,2,0,4,6,2,2,30,58
"10268",11,3,19,13,26,19,19,1,19,13,26,16,19,2,0,0,3,1,6,2,3,1,2,32,61
"10269",12,3,19,13,26,19,19,3,19,13,26,19,19,1,6,0,NA,0,0,0,0,0,0,32,61
"10270",0,0,0,0,0,0,0,0,0,0,0,0,0,0,0,0,0,0,0,0,0,0,0,0,0
"10271",1,6,1,1,7,5,1,1,1,1,1,1,1,5,5,6,5,6,0,5,6,1,1,5,10
"10272",2,11,1,1,13,11,6,6,1,1,7,5,1,5,0,0,6,4,3,5,6,1,2,10,27
"10273",3,11,1,4,13,11,10,11,1,1,13,11,6,4,3,0,4,0,0,3,4,3,3,13,31
"10274",4,15,1,4,13,15,16,11,1,4,13,11,10,6,3,4,6,3,0,4,6,1,3,17,41
"10275",5,18,1,4,13,15,17,15,1,4,13,15,16,3,0,0,4,4,1,3,1,1,3,20,42
"10276",6,18,5,4,17,15,17,18,1,4,13,15,17,4,4,0,4,0,0,4,4,2,1,24,46
"10277",7,18,10,4,23,15,20,18,5,4,17,15,17,5,5,6,5,6,0,5,6,2,1,29,55
"10278",8,18,15,4,25,21,20,18,10,4,23,15,20,5,0,0,3,3,6,5,6,2,2,34,63
"10279",9,21,15,4,25,24,20,18,15,4,25,21,20,3,3,0,3,0,0,3,3,1,2,37,66
"10280",10,21,18,4,25,36,20,21,15,4,25,24,20,3,2,6,2,6,0,3,6,2,2,40,78
"10281",11,23,18,1,31,36,26,21,18,4,25,36,20,2,0,0,6,3,6,2,6,1,3,39,90
"10282",12,23,18,1,31,36,26,23,18,1,31,36,26,3,6,0,NA,0,0,0,0,0,0,39,90
"10283",0,0,0,0,0,0,0,0,0,0,0,0,0,0,0,0,0,0,0,0,0,0,0,0,0
"10284",1,1,2,1,4,1,1,1,1,1,1,1,1,1,3,3,3,3,0,1,3,2,1,1,3
"10285",2,1,2,4,8,1,1,1,2,1,4,1,1,3,0,0,4,1,4,3,4,3,1,4,7
"10286",3,5,2,4,8,2,1,1,2,4,8,1,1,1,4,0,1,0,0,4,1,1,2,8,8
"10287",4,9,2,4,8,2,3,5,2,4,8,2,1,2,4,2,2,2,0,4,2,1,3,12,10
"10288",5,9,2,6,14,2,5,9,2,4,8,2,3,2,0,0,6,2,6,2,6,3,1,14,18
"10289",6,15,3,6,14,4,5,9,2,6,14,2,5,2,6,0,2,0,0,6,2,1,2,21,20
"10290",7,20,9,6,17,4,5,15,3,6,14,4,5,6,3,1,3,1,0,6,3,2,1,32,23
"10291",8,21,9,6,22,4,5,20,9,6,17,4,5,1,0,0,4,6,5,1,5,1,1,33,28
"10292",9,21,10,12,26,4,5,21,9,6,22,4,5,4,6,0,4,0,0,6,4,3,1,40,32
"10293",10,21,13,12,31,4,5,21,10,12,26,4,5,3,3,5,3,5,0,3,5,2,1,43,37
"10294",11,21,1,15,35,8,5,21,13,12,31,4,5,3,0,0,4,5,5,3,4,3,1,34,45
"10295",12,21,1,15,35,8,5,21,1,15,35,8,5,5,5,0,NA,0,0,0,0,0,0,34,45
"10296",0,0,0,0,0,0,0,0,0,0,0,0,0,0,0,0,0,0,0,0,0,0,0,0,0
"10297",1,1,5,1,1,1,5,1,1,1,1,1,1,4,3,4,3,4,0,4,4,2,3,4,4
"10298",2,1,5,4,1,1,9,1,5,1,1,1,5,3,0,0,4,3,1,3,4,3,3,7,8
"10299",3,4,5,4,1,2,9,1,5,4,1,1,9,3,1,0,1,0,0,3,1,1,2,10,9
"10300",4,9,5,4,1,6,9,4,5,4,1,2,9,5,1,4,1,4,0,5,4,1,2,15,13
"10301",5,10,5,4,5,6,9,9,5,4,1,6,9,1,0,0,3,1,4,1,4,1,1,16,17
"10302",6,13,5,4,5,7,9,10,5,4,5,6,9,3,1,0,1,0,0,3,1,1,2,19,18
"10303",7,13,9,4,11,11,9,13,5,4,5,7,9,4,3,6,3,6,0,4,6,2,1,23,28
"10304",8,16,9,4,11,16,9,13,9,4,11,11,9,3,0,0,2,5,2,3,5,1,2,26,33
"10305",9,16,9,6,11,18,9,16,9,4,11,16,9,2,2,0,2,0,0,2,2,3,2,28,35
"10306",10,27,9,6,22,18,15,16,9,6,11,18,9,6,6,3,6,3,0,6,6,1,1,39,52
"10307",11,30,9,1,30,18,15,27,9,6,22,18,15,3,0,0,4,2,6,3,6,1,1,37,60
"10308",12,30,9,1,30,18,15,30,9,1,30,18,15,4,2,0,NA,0,0,0,0,0,0,37,60
"10309",0,0,0,0,0,0,0,0,0,0,0,0,0,0,0,0,0,0,0,0,0,0,0,0,0
"10310",1,11,1,7,5,1,1,1,1,1,1,1,1,5,4,6,5,4,0,6,4,3,1,16,4
"10311",2,16,1,7,9,1,1,11,1,7,5,1,1,5,0,0,4,1,6,5,4,1,1,21,8
"10312",3,22,9,7,9,2,1,16,1,7,9,1,1,1,6,0,1,0,0,6,1,1,2,35,9
"10313",4,26,9,7,10,2,1,22,9,7,9,2,1,4,1,1,1,1,0,4,1,1,1,39,10
"10314",5,1,9,8,10,2,6,26,9,7,10,2,1,1,0,0,3,3,4,1,3,3,3,15,15
"10315",6,5,9,8,10,2,9,1,9,8,10,2,6,3,4,0,3,0,0,4,3,1,3,19,18
"10316",7,10,9,8,12,8,9,5,9,8,10,2,9,6,1,5,6,1,0,5,6,1,2,24,26
"10317",8,11,9,8,12,8,18,10,9,8,12,8,9,1,0,0,6,4,6,1,6,1,3,25,35
"10318",9,15,9,8,12,8,26,11,9,8,12,8,18,4,6,0,6,0,0,4,6,1,3,29,43
"10319",10,17,15,14,18,10,26,15,9,8,12,8,26,6,6,1,6,1,0,6,6,3,1,43,51
"10320",11,18,15,14,28,10,26,17,15,14,18,10,26,1,0,0,5,6,3,1,6,1,1,44,61
"10321",12,18,15,14,28,10,26,18,15,14,28,10,26,5,3,0,NA,0,0,0,0,0,0,44,61
"10322",0,0,0,0,0,0,0,0,0,0,0,0,0,0,0,0,0,0,0,0,0,0,0,0,0
"10323",1,1,5,1,11,1,1,1,1,1,1,1,1,4,6,5,6,5,0,4,6,2,1,4,10
"10324",2,6,5,1,17,1,4,1,5,1,11,1,1,5,0,0,4,6,2,5,6,1,1,9,19
"10325",3,10,5,1,17,3,4,6,5,1,17,1,4,4,2,0,2,0,0,4,2,1,2,13,21
"10326",4,15,5,1,17,7,4,10,5,1,17,3,4,5,4,1,4,1,0,5,4,1,2,18,25
"10327",5,16,5,1,17,7,8,15,5,1,17,7,4,1,0,0,5,4,1,1,4,1,3,19,29
"10328",6,21,5,1,18,7,8,16,5,1,17,7,8,5,1,0,1,0,0,5,1,1,1,24,30
"10329",7,25,5,1,18,7,10,21,5,1,18,7,8,2,4,2,2,2,0,4,2,1,3,28,32
"10330",8,27,5,1,18,12,10,25,5,1,18,7,10,2,0,0,5,5,2,2,5,1,2,30,37
"10331",9,32,5,6,18,12,3,27,5,1,18,12,10,5,2,0,2,0,0,5,2,1,3,40,30
"10332",10,32,11,10,18,12,8,32,5,6,18,12,3,6,5,4,5,4,0,6,5,2,3,50,35
"10333",11,32,15,10,18,12,9,32,11,10,18,12,8,4,0,0,1,1,5,4,1,2,3,54,36
"10334",12,32,15,10,18,12,9,32,15,10,18,12,9,1,5,0,NA,0,0,0,0,0,0,54,36
"10335",0,0,0,0,0,0,0,0,0,0,0,0,0,0,0,0,0,0,0,0,0,0,0,0,0
"10336",1,1,1,2,4,1,1,1,1,1,1,1,1,1,3,3,3,3,0,1,3,3,1,1,3
"10337",2,4,1,2,4,3,1,1,1,2,4,1,1,3,0,0,3,2,6,3,2,1,2,4,5
"10338",3,10,2,2,4,3,4,4,1,2,4,3,1,3,6,0,3,0,0,6,3,1,3,11,8
"10339",4,12,2,8,4,3,9,10,2,2,4,3,4,5,4,6,5,4,0,6,5,3,3,19,13
"10340",5,12,2,12,4,6,9,12,2,8,4,3,9,4,0,0,2,3,3,4,3,3,2,23,16
"10341",6,12,4,12,4,6,12,12,2,12,4,6,9,2,3,0,3,0,0,2,3,2,3,25,19
"10342",7,15,4,18,4,6,15,12,4,12,4,6,12,1,6,3,1,3,0,6,3,3,3,34,22
"10343",8,15,4,19,4,6,20,15,4,18,4,6,15,1,0,0,1,1,5,1,5,3,3,35,27
"10344",9,15,5,19,4,7,20,15,4,19,4,6,20,1,1,0,1,0,0,1,1,2,2,36,28
"10345",10,15,5,21,4,11,20,15,5,19,4,7,20,4,2,4,4,4,0,2,4,3,2,38,32
"10346",11,19,5,21,6,11,20,15,5,21,4,11,20,4,0,0,2,4,2,4,2,1,1,42,34
"10347",12,19,5,21,6,11,20,19,5,21,6,11,20,4,2,0,NA,0,0,0,0,0,0,42,34
"10348",0,0,0,0,0,0,0,0,0,0,0,0,0,0,0,0,0,0,0,0,0,0,0,0,0
"10349",1,3,1,1,1,5,1,1,1,1,1,1,1,2,4,1,4,1,0,2,4,1,2,2,4
"10350",2,3,1,2,1,5,5,3,1,1,1,5,1,1,0,0,3,4,4,1,4,3,3,3,8
"10351",3,7,1,2,1,8,5,3,1,2,1,5,5,3,4,0,3,0,0,4,3,1,2,7,11
"10352",4,7,4,2,1,10,5,7,1,2,1,8,5,3,2,2,2,2,0,3,2,2,2,10,13
"10353",5,7,4,4,5,10,5,7,4,2,1,10,5,2,0,0,3,1,4,2,4,3,1,12,17
"10354",6,10,4,4,6,10,5,7,4,4,5,10,5,3,1,0,1,0,0,3,1,1,1,15,18
"10355",7,10,15,4,6,16,6,10,4,4,6,10,5,6,6,6,6,6,0,6,6,2,2,26,25
"10356",8,10,26,4,6,21,6,10,15,4,6,16,6,6,0,0,4,5,2,6,5,2,2,37,30
"10357",9,14,26,4,6,23,6,10,26,4,6,21,6,4,2,0,2,0,0,4,2,1,2,41,32
"10358",10,25,26,4,6,23,8,14,26,4,6,23,6,6,1,2,1,2,0,6,2,1,3,52,34
"10359",11,26,26,4,6,27,8,25,26,4,6,23,8,1,0,0,2,4,6,1,4,1,2,53,38
"10360",12,26,26,4,6,27,8,26,26,4,6,27,8,2,6,0,NA,0,0,0,0,0,0,53,38
"10361",0,0,0,0,0,0,0,0,0,0,0,0,0,0,0,0,0,0,0,0,0,0,0,0,0
"10362",1,5,1,1,1,3,1,1,1,1,1,1,1,2,4,2,2,2,0,4,2,1,2,4,2
"10363",2,5,1,3,1,8,1,5,1,1,1,3,1,2,0,0,4,4,5,2,5,3,2,6,7
"10364",3,5,1,7,1,12,1,5,1,3,1,8,1,4,4,0,4,0,0,4,4,3,2,10,11
"10365",4,5,1,11,7,12,3,5,1,7,1,12,1,6,4,5,6,5,0,4,6,3,1,14,19
"10366",5,5,6,11,7,18,7,5,1,11,7,12,3,5,0,0,4,6,2,5,6,2,2,19,29
"10367",6,5,10,11,7,18,9,5,6,11,7,18,7,4,2,0,2,0,0,4,2,2,3,23,31
"10368",7,5,10,14,7,18,11,5,10,11,7,18,9,3,1,2,1,2,0,3,2,3,3,26,33
"10369",8,5,11,14,12,18,17,5,10,14,7,18,11,1,0,0,3,5,6,1,6,2,3,27,44
"10370",9,10,11,14,12,21,17,5,11,14,12,18,17,3,5,0,3,0,0,5,3,1,2,32,47
"10371",10,15,11,14,17,21,17,10,11,14,12,21,17,5,5,3,5,3,0,5,5,1,1,37,52
"10372",11,18,11,14,24,21,17,15,11,14,17,21,17,3,0,0,2,1,6,3,6,1,1,40,59
"10373",12,18,11,14,24,21,17,18,11,14,24,21,17,2,1,0,NA,0,0,0,0,0,0,40,59
"10374",0,0,0,0,0,0,0,0,0,0,0,0,0,0,0,0,0,0,0,0,0,0,0,0,0
"10375",1,1,3,1,1,6,1,1,1,1,1,1,1,2,4,5,4,5,0,2,5,2,2,2,5
"10376",2,1,3,5,1,6,3,1,3,1,1,6,1,4,0,0,2,2,2,4,2,3,3,6,7
"10377",3,1,5,5,1,8,3,1,3,5,1,6,3,2,2,0,2,0,0,2,2,2,2,8,9
"10378",4,11,5,5,1,11,3,1,5,5,1,8,3,3,6,1,3,1,0,6,3,1,2,18,12
"10379",5,11,5,6,1,11,5,11,5,5,1,11,3,1,0,0,1,2,1,1,2,3,3,19,14
"10380",6,11,5,7,2,11,5,11,5,6,1,11,5,1,1,0,1,0,0,1,1,3,1,20,15
"10381",7,17,9,7,5,17,5,11,5,7,2,11,5,6,6,6,6,6,0,6,6,1,2,30,24
"10382",8,23,9,12,5,17,6,17,9,7,5,17,5,6,0,0,2,6,1,6,1,1,3,41,25
"10383",9,23,14,18,5,19,6,23,9,12,5,17,6,2,6,0,2,0,0,6,2,3,2,52,27
"10384",10,23,19,18,5,20,6,23,14,18,5,19,6,5,1,1,1,1,0,5,1,2,2,57,28
"10385",11,24,19,18,5,24,6,23,19,18,5,20,6,1,0,0,1,4,5,1,4,1,2,58,32
"10386",12,24,19,18,5,24,6,24,19,18,5,24,6,1,5,0,NA,0,0,0,0,0,0,58,32
"10387",0,0,0,0,0,0,0,0,0,0,0,0,0,0,0,0,0,0,0,0,0,0,0,0,0
"10388",1,8,1,1,2,1,1,1,1,1,1,1,1,6,1,2,1,2,0,6,1,1,1,7,1
"10389",2,8,1,3,6,1,1,8,1,1,2,1,1,2,0,0,5,2,4,2,4,3,1,9,5
"10390",3,8,1,5,6,1,6,8,1,3,6,1,1,5,2,0,5,0,0,2,5,3,3,11,10
"10391",4,8,6,5,6,5,6,8,1,5,6,1,6,4,2,5,4,2,0,5,4,2,2,16,14
"10392",5,10,6,5,12,10,6,8,6,5,6,5,6,2,0,0,3,6,6,2,6,1,1,18,25
"10393",6,10,6,16,12,10,9,10,6,5,12,10,6,3,6,0,3,0,0,6,3,3,3,29,28
"10394",7,10,6,19,12,10,13,10,6,16,12,10,9,3,3,4,3,4,0,3,4,3,3,32,32
"10395",8,10,9,19,12,15,13,10,6,19,12,10,13,3,0,0,2,5,3,3,5,2,2,35,37
"10396",9,10,9,22,12,17,13,10,9,19,12,15,13,2,3,0,2,0,0,3,2,3,2,38,39
"10397",10,10,9,25,12,17,17,10,9,22,12,17,13,2,4,3,2,4,0,3,4,3,3,41,43
"10398",11,10,11,25,17,17,17,10,9,25,12,17,17,2,0,0,4,1,5,2,5,2,1,43,48
"10399",12,10,11,25,17,17,17,10,11,25,17,17,17,4,1,0,NA,0,0,0,0,0,0,43,48
"10400",0,0,0,0,0,0,0,0,0,0,0,0,0,0,0,0,0,0,0,0,0,0,0,0,0
"10401",1,1,1,3,1,4,1,1,1,1,1,1,1,1,3,2,1,3,0,2,3,3,2,2,3
"10402",2,1,1,4,13,4,1,1,1,3,1,4,1,1,0,0,3,4,6,1,6,3,1,3,15
"10403",3,1,1,7,13,4,5,1,1,4,13,4,1,3,4,0,4,0,0,3,4,3,3,6,19
"10404",4,9,1,7,21,4,5,1,1,7,13,4,5,6,6,1,6,1,0,6,6,1,1,14,27
"10405",5,9,2,7,21,9,5,9,1,7,21,4,5,1,0,0,3,1,5,1,5,2,2,15,32
"10406",6,9,5,7,22,9,5,9,2,7,21,9,5,3,1,0,1,0,0,3,1,2,1,18,33
"10407",7,17,11,7,22,14,5,9,5,7,22,9,5,6,5,2,5,2,0,6,5,1,2,32,38
"10408",8,17,11,9,26,14,5,17,11,7,22,14,5,2,0,0,3,4,3,2,4,3,1,34,42
"10409",9,17,14,9,26,14,8,17,11,9,26,14,5,3,3,0,3,0,0,3,3,2,3,37,45
"10410",10,21,14,9,26,25,8,17,14,9,26,14,8,4,3,6,3,6,0,4,6,1,2,41,56
"10411",11,24,14,9,32,27,8,21,14,9,26,25,8,3,0,0,3,6,3,3,6,1,1,44,64
"10412",12,24,14,9,32,27,8,24,14,9,32,27,8,3,3,0,NA,0,0,0,0,0,0,44,64
"10413",0,0,0,0,0,0,0,0,0,0,0,0,0,0,0,0,0,0,0,0,0,0,0,0,0
"10414",1,6,1,1,7,4,1,1,1,1,1,1,1,5,3,6,3,6,0,5,6,1,1,5,9
"10415",2,9,1,1,7,4,6,6,1,1,7,4,1,3,0,0,5,5,4,3,5,1,3,8,14
"10416",3,9,5,1,7,4,11,9,1,1,7,4,6,5,4,0,5,0,0,4,5,2,3,12,19
"10417",4,9,8,1,13,9,11,9,5,1,7,4,11,6,3,1,6,1,0,3,6,2,1,15,30
"10418",5,9,8,2,13,9,14,9,8,1,13,9,11,1,0,0,1,5,3,1,3,3,3,16,33
"10419",6,14,8,2,13,10,14,9,8,2,13,9,14,1,5,0,1,0,0,5,1,1,2,21,34
"10420",7,17,8,2,13,10,17,14,8,2,13,10,14,3,3,2,3,2,0,3,3,1,3,24,37
"10421",8,19,8,2,19,10,22,17,8,2,13,10,17,2,0,0,3,4,6,2,6,1,1,26,48
"10422",9,22,8,2,19,14,22,19,8,2,19,10,22,3,4,0,4,0,0,3,4,1,2,29,52
"10423",10,22,9,2,19,18,28,22,8,2,19,14,22,6,1,1,6,1,0,1,6,2,3,30,62
"10424",11,22,10,2,21,18,28,22,9,2,19,18,28,1,0,0,2,3,3,1,2,2,1,31,64
"10425",12,22,10,2,21,18,28,22,10,2,21,18,28,3,3,0,NA,0,0,0,0,0,0,31,64
"10426",0,0,0,0,0,0,0,0,0,0,0,0,0,0,0,0,0,0,0,0,0,0,0,0,0
"10427",1,1,1,5,7,7,4,1,1,1,1,1,1,4,1,6,1,6,0,4,6,3,1,4,15
"10428",2,2,1,5,7,7,7,1,1,5,7,7,4,1,0,0,3,5,4,1,3,1,3,5,18
"10429",3,2,6,5,7,11,7,2,1,5,7,7,7,5,4,0,4,0,0,5,4,2,2,10,22
"10430",4,2,6,8,13,11,8,2,6,5,7,11,7,3,3,6,3,6,0,3,6,3,1,13,29
"10431",5,2,9,8,14,11,8,2,6,8,13,11,8,3,0,0,1,2,1,3,1,2,1,16,30
"10432",6,4,9,8,14,12,8,2,9,8,14,11,8,2,1,0,1,0,0,2,1,1,2,18,31
"10433",7,9,9,14,18,12,8,4,9,8,14,12,8,3,4,6,3,4,0,6,4,3,1,29,35
"10434",8,12,9,14,23,12,8,9,9,14,18,12,8,3,0,0,5,4,3,3,5,1,1,32,40
"10435",9,12,9,18,26,12,8,12,9,14,23,12,8,4,3,0,3,0,0,4,3,3,1,36,43
"10436",10,12,10,18,26,16,8,12,9,18,26,12,8,4,1,2,4,2,0,1,4,2,2,37,47
"10437",11,14,1,18,34,22,8,12,10,18,26,16,8,2,0,0,5,6,3,2,6,1,1,30,61
"10438",12,14,1,18,34,22,8,14,1,18,34,22,8,5,3,0,NA,0,0,0,0,0,0,30,61
"10439",0,0,0,0,0,0,0,0,0,0,0,0,0,0,0,0,0,0,0,0,0,0,0,0,0
"10440",1,1,1,4,1,7,2,1,1,1,1,1,1,4,3,6,4,6,0,3,6,3,2,3,7
"10441",2,5,1,4,1,15,2,1,1,4,1,7,2,4,0,0,1,1,6,4,6,1,2,7,15
"10442",3,6,1,4,1,16,2,5,1,4,1,15,2,1,1,0,1,0,0,1,1,1,2,8,16
"10443",4,10,1,10,1,16,7,6,1,4,1,16,2,4,6,5,4,5,0,6,5,3,3,18,21
"10444",5,10,1,14,6,16,7,10,1,10,1,16,7,4,0,0,3,5,5,4,5,3,1,22,26
"10445",6,10,6,14,9,16,7,10,1,14,6,16,7,3,5,0,3,0,0,5,3,2,1,27,29
"10446",7,10,14,14,13,16,7,10,6,14,9,16,7,6,4,2,4,2,0,6,4,2,1,35,33
"10447",8,10,16,14,13,20,13,10,14,14,13,16,7,2,0,0,5,6,4,2,6,2,3,37,43
"10448",9,10,21,14,13,20,17,10,16,14,13,20,13,5,4,0,4,0,0,5,4,2,3,42,47
"10449",10,10,26,14,13,23,17,10,21,14,13,20,17,5,3,2,3,2,0,5,3,2,2,47,50
"10450",11,12,26,14,17,23,17,10,26,14,13,23,17,2,0,0,1,2,4,2,4,1,1,49,54
"10451",12,12,26,14,17,23,17,12,26,14,17,23,17,1,2,0,NA,0,0,0,0,0,0,49,54
"10452",0,0,0,0,0,0,0,0,0,0,0,0,0,0,0,0,0,0,0,0,0,0,0,0,0
"10453",1,1,2,7,1,5,1,1,1,1,1,1,1,1,6,4,1,4,0,6,4,3,2,7,4
"10454",2,2,2,7,1,5,4,1,2,7,1,5,1,1,0,0,2,3,3,1,3,1,3,8,7
"10455",3,2,2,9,4,5,4,2,2,7,1,5,4,2,3,0,3,0,0,2,3,3,1,10,10
"10456",4,2,6,9,15,5,4,2,2,9,4,5,4,6,2,4,6,2,0,4,6,2,1,14,21
"10457",5,4,6,9,15,5,7,2,6,9,15,5,4,2,0,0,3,4,3,2,3,1,3,16,24
"10458",6,8,6,9,15,5,10,4,6,9,15,5,7,4,3,0,3,0,0,4,3,1,3,20,27
"10459",7,12,6,9,15,5,15,8,6,9,15,5,10,5,4,1,5,1,0,4,5,1,3,24,32
"10460",8,12,6,10,19,5,15,12,6,9,15,5,15,1,0,0,1,4,3,1,4,3,1,25,36
"10461",9,12,6,11,19,8,15,12,6,10,19,5,15,1,3,0,3,0,0,1,3,3,2,26,39
"10462",10,12,9,11,24,8,15,12,6,11,19,8,15,5,3,2,5,2,0,3,5,2,1,29,44
"10463",11,14,9,11,25,8,15,12,9,11,24,8,15,2,0,0,1,3,5,2,1,1,1,31,45
"10464",12,14,9,11,25,8,15,14,9,11,25,8,15,3,5,0,NA,0,0,0,0,0,0,31,45
"10465",0,0,0,0,0,0,0,0,0,0,0,0,0,0,0,0,0,0,0,0,0,0,0,0,0
"10466",1,1,1,4,2,1,1,1,1,1,1,1,1,1,3,1,1,1,0,3,1,3,1,3,1
"10467",2,2,1,4,2,6,1,1,1,4,2,1,1,1,0,0,2,5,2,1,5,1,2,4,6
"10468",3,2,1,6,4,6,1,2,1,4,2,6,1,2,2,0,2,0,0,2,2,3,1,6,8
"10469",4,4,1,6,10,6,9,2,1,6,4,6,1,2,6,2,6,2,0,2,6,1,3,8,22
"10470",5,4,1,8,12,6,9,4,1,6,10,6,9,2,0,0,1,2,3,2,2,3,1,10,24
"10471",6,4,4,8,12,7,9,4,1,8,12,6,9,1,3,0,1,0,0,3,1,2,2,13,25
"10472",7,4,6,14,12,11,9,4,4,8,12,7,9,4,1,6,4,1,0,6,4,3,2,21,29
"10473",8,4,7,14,12,14,9,4,6,14,12,11,9,1,0,0,3,4,2,1,3,2,2,22,32
"10474",9,8,7,14,14,14,9,4,7,14,12,14,9,4,2,0,2,0,0,4,2,1,1,26,34
"10475",10,10,7,14,14,20,12,8,7,14,14,14,9,2,6,1,6,1,0,2,6,1,2,28,43
"10476",11,11,7,14,16,20,12,10,7,14,14,20,12,1,0,0,2,6,2,1,2,1,1,29,45
"10477",12,11,7,14,16,20,12,11,7,14,16,20,12,6,2,0,NA,0,0,0,0,0,0,29,45
"10478",0,0,0,0,0,0,0,0,0,0,0,0,0,0,0,0,0,0,0,0,0,0,0,0,0
"10479",1,1,1,4,1,1,5,1,1,1,1,1,1,4,3,2,4,2,0,3,4,3,3,3,4
"10480",2,1,1,6,1,6,5,1,1,4,1,1,5,2,0,0,1,5,2,2,5,3,2,5,9
"10481",3,1,1,8,2,6,5,1,1,6,1,6,5,1,2,0,1,0,0,2,1,3,1,7,10
"10482",4,6,1,8,2,12,7,1,1,8,2,6,5,5,5,6,5,6,0,5,6,1,2,12,18
"10483",5,11,1,8,8,13,7,6,1,8,2,12,7,5,0,0,4,6,6,5,6,1,1,17,25
"10484",6,17,5,8,8,13,11,11,1,8,8,13,7,4,6,0,4,0,0,6,4,1,3,27,29
"10485",7,20,5,8,8,13,16,17,5,8,8,13,11,5,4,3,5,4,0,3,5,1,3,30,34
"10486",8,20,5,12,8,13,23,20,5,8,8,13,16,4,0,0,6,2,4,4,6,3,3,34,41
"10487",9,24,5,12,8,15,23,20,5,12,8,13,23,2,4,0,2,0,0,4,2,1,2,38,43
"10488",10,24,6,12,9,15,23,24,5,12,8,15,23,1,1,1,1,1,0,1,1,2,1,39,44
"10489",11,25,6,12,11,15,23,24,6,12,9,15,23,1,0,0,2,3,4,1,2,1,1,40,46
"10490",12,25,6,12,11,15,23,25,6,12,11,15,23,3,4,0,NA,0,0,0,0,0,0,40,46
"10491",0,0,0,0,0,0,0,0,0,0,0,0,0,0,0,0,0,0,0,0,0,0,0,0,0
"10492",1,1,1,6,1,3,1,1,1,1,1,1,1,2,5,2,2,2,0,5,2,3,2,5,2
"10493",2,1,1,8,1,3,4,1,1,6,1,3,1,2,0,0,1,3,2,2,3,3,3,7,5
"10494",3,1,1,10,1,4,4,1,1,8,1,3,4,1,2,0,1,0,0,2,1,3,2,9,6
"10495",4,3,1,10,7,6,4,1,1,10,1,4,4,2,1,6,1,6,0,2,6,1,1,11,14
"10496",5,4,1,10,7,6,9,3,1,10,7,6,4,1,0,0,3,5,2,1,5,1,3,12,19
"10497",6,6,1,10,10,6,9,4,1,10,7,6,9,3,2,0,3,0,0,2,3,1,1,14,22
"10498",7,6,1,11,13,6,9,6,1,10,10,6,9,1,3,1,3,1,0,1,3,3,1,15,25
"10499",8,6,1,12,13,10,9,6,1,11,13,6,9,1,0,0,4,2,4,1,4,3,2,16,29
"10500",9,10,1,12,13,12,9,6,1,12,13,10,9,2,4,0,2,0,0,4,2,1,2,20,31
"10501",10,13,1,12,13,13,9,10,1,12,13,12,9,3,1,1,1,1,0,3,1,1,2,23,32
"10502",11,14,1,12,15,13,9,13,1,12,13,13,9,1,0,0,2,2,2,1,2,1,1,24,34
"10503",12,14,1,12,15,13,9,14,1,12,15,13,9,2,2,0,NA,0,0,0,0,0,0,24,34
"10504",0,0,0,0,0,0,0,0,0,0,0,0,0,0,0,0,0,0,0,0,0,0,0,0,0
"10505",1,6,1,1,1,1,5,1,1,1,1,1,1,4,5,2,4,2,0,5,4,1,3,5,4
"10506",2,8,1,1,1,1,10,6,1,1,1,1,5,2,0,0,4,3,5,2,5,1,3,7,9
"10507",3,12,1,1,1,4,10,8,1,1,1,1,10,4,3,0,3,0,0,4,3,1,2,11,12
"10508",4,18,1,5,1,4,13,12,1,1,1,4,10,1,6,3,1,3,0,6,3,1,3,21,15
"10509",5,18,2,5,1,4,18,18,1,5,1,4,13,1,0,0,3,5,1,1,5,2,3,22,20
"10510",6,18,5,5,2,4,18,18,2,5,1,4,18,3,1,0,1,0,0,3,1,2,1,25,21
"10511",7,18,10,5,2,4,23,18,5,5,2,4,18,5,2,5,2,5,0,5,5,2,3,30,26
"10512",8,18,10,7,2,4,26,18,10,5,2,4,23,2,0,0,1,3,2,2,3,3,3,32,29
"10513",9,18,10,9,2,4,27,18,10,7,2,4,26,1,2,0,1,0,0,2,1,3,3,34,30
"10514",10,18,10,13,2,4,31,18,10,9,2,4,27,4,4,4,4,4,0,4,4,3,3,38,34
"10515",11,18,1,17,8,4,34,18,10,13,2,4,31,4,0,0,5,1,1,4,1,3,3,33,43
"10516",12,18,1,17,8,4,34,18,1,17,8,4,34,5,1,0,NA,0,0,0,0,0,0,33,43
"10517",0,0,0,0,0,0,0,0,0,0,0,0,0,0,0,0,0,0,0,0,0,0,0,0,0
"10518",1,5,1,1,8,1,1,1,1,1,1,1,1,6,4,4,6,4,0,4,6,1,1,4,7
"10519",2,5,1,5,13,1,1,5,1,1,8,1,1,4,0,0,6,5,1,4,5,3,1,8,12
"10520",3,15,1,5,13,1,2,5,1,5,13,1,1,6,1,0,1,0,0,6,1,1,3,18,13
"10521",4,17,1,5,18,1,2,15,1,5,13,1,2,2,5,2,5,2,0,2,5,1,1,20,18
"10522",5,17,1,7,19,7,8,17,1,5,18,1,2,2,0,0,6,1,5,2,6,3,3,22,31
"10523",6,22,1,7,19,7,9,17,1,7,19,7,8,1,5,0,1,0,0,5,1,1,3,27,32
"10524",7,27,1,7,19,12,9,22,1,7,19,7,9,5,3,5,3,5,0,5,5,1,2,32,37
"10525",8,30,1,7,19,12,14,27,1,7,19,12,9,3,0,0,2,2,5,3,5,1,3,35,42
"10526",9,32,1,7,19,14,14,30,1,7,19,12,14,2,2,0,2,0,0,2,2,1,2,37,44
"10527",10,32,1,11,19,14,18,32,1,7,19,14,14,2,4,4,2,4,0,4,4,3,3,41,48
"10528",11,32,1,13,24,14,18,32,1,11,19,14,18,2,0,0,5,3,2,2,5,3,1,43,53
"10529",12,32,1,13,24,14,18,32,1,13,24,14,18,3,2,0,NA,0,0,0,0,0,0,43,53
"10530",0,0,0,0,0,0,0,0,0,0,0,0,0,0,0,0,0,0,0,0,0,0,0,0,0
"10531",1,1,5,1,4,1,1,1,1,1,1,1,1,2,3,4,2,3,0,4,3,2,1,4,3
"10532",2,1,5,3,5,7,1,1,5,1,4,1,1,2,0,0,3,2,6,2,6,3,2,6,10
"10533",3,1,7,3,5,10,1,1,5,3,5,7,1,3,2,0,3,0,0,2,3,2,2,8,13
"10534",4,4,7,3,5,10,6,1,7,3,5,10,1,2,5,3,2,5,0,3,5,1,3,11,18
"10535",5,6,7,3,5,16,11,4,7,3,5,10,6,2,0,0,2,6,5,2,6,1,2,13,29
"10536",6,6,7,8,5,16,13,6,7,3,5,16,11,2,5,0,2,0,0,5,2,3,3,18,31
"10537",7,6,9,8,8,16,13,6,7,8,5,16,13,2,2,3,2,3,0,2,3,2,1,20,34
"10538",8,8,9,8,19,16,13,6,9,8,8,16,13,2,0,0,1,6,3,2,6,1,1,22,45
"10539",9,9,9,8,22,16,13,8,9,8,19,16,13,1,3,0,3,0,0,1,3,1,1,23,48
"10540",10,14,15,8,24,16,13,9,9,8,22,16,13,2,4,6,2,4,0,6,2,2,1,34,50
"10541",11,18,15,8,29,16,13,14,15,8,24,16,13,4,0,0,5,4,4,4,5,1,1,38,55
"10542",12,18,15,8,29,16,13,18,15,8,29,16,13,4,4,0,NA,0,0,0,0,0,0,38,55
"10543",0,0,0,0,0,0,0,0,0,0,0,0,0,0,0,0,0,0,0,0,0,0,0,0,0
"10544",1,6,1,1,1,7,7,1,1,1,1,1,1,2,5,6,2,6,0,5,6,1,3,5,12
"10545",2,6,3,1,1,7,12,6,1,1,1,7,7,2,0,0,5,3,1,2,5,2,3,7,17
"10546",3,9,3,1,1,8,12,6,3,1,1,7,12,3,1,0,1,0,0,3,1,1,2,10,18
"10547",4,9,7,1,1,11,12,9,3,1,1,8,12,4,1,3,1,3,0,4,3,2,2,14,21
"10548",5,10,7,1,5,11,12,9,7,1,1,11,12,1,0,0,3,1,4,1,4,1,1,15,25
"10549",6,13,7,1,5,12,12,10,7,1,5,11,12,3,1,0,1,0,0,3,1,1,2,18,26
"10550",7,17,7,1,10,12,12,13,7,1,5,12,12,5,4,1,5,1,0,4,5,1,1,22,31
"10551",8,18,7,1,10,12,17,17,7,1,10,12,12,1,0,0,5,4,3,1,5,1,3,23,36
"10552",9,22,7,1,10,12,20,18,7,1,10,12,17,4,3,0,3,0,0,4,3,1,3,27,39
"10553",10,22,10,1,10,16,20,22,7,1,10,12,20,3,4,3,4,3,0,3,4,2,2,30,43
"10554",11,25,10,1,19,16,20,22,10,1,10,16,20,3,0,0,4,6,1,3,6,1,1,33,52
"10555",12,25,10,1,19,16,20,25,10,1,19,16,20,4,1,0,NA,0,0,0,0,0,0,33,52
"10556",0,0,0,0,0,0,0,0,0,0,0,0,0,0,0,0,0,0,0,0,0,0,0,0,0
"10557",1,1,1,4,1,7,6,1,1,1,1,1,1,1,6,3,1,6,0,3,6,3,2,3,11
"10558",2,1,1,5,6,7,6,1,1,4,1,7,6,1,0,0,1,1,5,1,5,3,1,4,16
"10559",3,1,2,5,7,7,6,1,1,5,6,7,6,1,1,0,1,0,0,1,1,2,1,5,17
"10560",4,1,2,6,7,12,6,1,2,5,7,7,6,1,5,3,5,3,0,1,5,3,2,6,22
"10561",5,4,2,6,11,12,6,1,2,6,7,12,6,3,0,0,4,3,4,3,4,1,1,9,26
"10562",6,4,6,6,14,12,6,4,2,6,11,12,6,3,4,0,3,0,0,4,3,2,1,13,29
"10563",7,9,6,6,14,16,6,4,6,6,14,12,6,5,4,3,4,3,0,5,4,1,2,18,33
"10564",8,9,9,6,14,20,6,9,6,6,14,16,6,3,0,0,1,4,4,3,4,2,2,21,37
"10565",9,9,10,6,14,20,10,9,9,6,14,20,6,1,4,0,4,0,0,1,4,2,3,22,41
"10566",10,11,10,6,14,20,15,9,10,6,14,20,10,2,5,6,5,6,0,2,5,1,3,24,46
"10567",11,22,10,6,26,22,15,11,10,6,14,20,15,6,0,0,2,6,2,6,6,1,1,35,60
"10568",12,22,10,6,26,22,15,22,10,6,26,22,15,2,2,0,NA,0,0,0,0,0,0,35,60
"10569",0,0,0,0,0,0,0,0,0,0,0,0,0,0,0,0,0,0,0,0,0,0,0,0,0
"10570",1,1,3,1,1,6,1,1,1,1,1,1,1,5,2,4,5,4,0,2,5,2,2,2,5
"10571",2,1,7,1,5,6,1,1,3,1,1,6,1,4,0,0,4,4,1,4,4,2,1,6,9
"10572",3,1,7,5,5,6,2,1,7,1,5,6,1,4,1,0,1,0,0,4,1,3,3,10,10
"10573",4,1,11,5,9,6,2,1,7,5,5,6,2,4,4,2,4,2,0,4,4,2,1,14,14
"10574",5,3,11,5,11,6,8,1,11,5,9,6,2,2,0,0,1,6,1,2,6,1,3,16,22
"10575",6,4,11,5,11,6,9,3,11,5,11,6,8,1,1,0,1,0,0,1,1,1,3,17,23
"10576",7,7,11,5,11,9,9,4,11,5,11,6,9,2,3,3,2,3,0,3,3,1,2,20,26
"10577",8,9,11,5,21,9,9,7,11,5,11,9,9,2,0,0,3,6,3,2,6,1,1,22,36
"10578",9,12,11,5,21,12,9,9,11,5,21,9,9,3,3,0,3,0,0,3,3,1,2,25,39
"10579",10,12,15,5,21,16,9,12,11,5,21,12,9,4,4,2,4,2,0,4,4,2,2,29,43
"10580",11,14,15,5,24,16,9,12,15,5,21,16,9,2,0,0,3,1,1,2,3,1,1,31,46
"10581",12,14,15,5,24,16,9,14,15,5,24,16,9,1,1,0,NA,0,0,0,0,0,0,31,46
"10582",0,0,0,0,0,0,0,0,0,0,0,0,0,0,0,0,0,0,0,0,0,0,0,0,0
"10583",1,1,6,1,1,1,4,1,1,1,1,1,1,3,1,5,3,1,0,5,3,2,3,5,3
"10584",2,1,6,2,1,6,4,1,6,1,1,1,4,1,0,0,6,4,5,1,5,3,2,6,8
"10585",3,13,9,2,1,10,4,1,6,2,1,6,4,6,4,0,4,0,0,6,4,1,2,21,12
"10586",4,13,9,3,6,10,4,13,9,2,1,10,4,1,3,5,3,5,0,1,5,3,1,22,17
"10587",5,16,9,3,6,13,4,13,9,3,6,10,4,3,0,0,1,2,3,3,3,1,2,25,20
"10588",6,16,9,5,7,13,4,16,9,3,6,13,4,1,2,0,1,0,0,2,1,3,1,27,21
"10589",7,16,9,10,7,13,7,16,9,5,7,13,4,3,4,5,3,4,0,5,3,3,3,32,24
"10590",8,16,9,14,11,13,7,16,9,10,7,13,7,4,0,0,5,2,4,4,4,3,1,36,28
"10591",9,21,9,14,13,13,7,16,9,14,11,13,7,5,2,0,2,0,0,5,2,1,1,41,30
"10592",10,24,9,14,18,13,7,21,9,14,13,13,7,3,5,4,5,4,0,3,5,1,1,44,35
"10593",11,24,13,14,23,13,7,24,9,14,18,13,7,4,0,0,5,2,1,4,5,2,1,48,40
"10594",12,24,13,14,23,13,7,24,13,14,23,13,7,2,1,0,NA,0,0,0,0,0,0,48,40
"10595",0,0,0,0,0,0,0,0,0,0,0,0,0,0,0,0,0,0,0,0,0,0,0,0,0
"10596",1,2,7,1,6,1,1,1,1,1,1,1,1,6,5,3,5,3,0,6,5,2,1,7,5
"10597",2,2,10,1,6,1,2,2,7,1,6,1,1,3,0,0,1,3,1,3,1,2,3,10,6
"10598",3,2,13,1,7,1,2,2,10,1,6,1,2,3,1,0,1,0,0,3,1,2,1,13,7
"10599",4,8,13,6,11,1,2,2,13,1,7,1,2,6,1,4,1,4,0,6,4,1,1,24,11
"10600",5,8,14,6,15,1,2,8,13,6,11,1,2,1,0,0,5,4,5,1,4,2,1,25,15
"10601",6,8,14,11,20,1,2,8,14,6,15,1,2,5,5,0,5,0,0,5,5,3,1,30,20
"10602",7,18,1,11,36,4,2,8,14,11,20,1,2,6,6,3,6,3,0,6,6,1,1,27,39
"10603",8,23,1,14,1,16,3,18,1,11,36,4,2,3,0,0,6,1,2,3,6,3,2,35,17
"10604",9,24,1,14,1,18,3,23,1,14,1,16,3,1,2,0,2,0,0,1,2,1,2,36,19
"10605",10,1,1,20,4,18,19,24,1,14,1,18,3,6,4,1,4,1,0,6,4,3,3,19,38
"10606",11,2,1,20,6,18,19,1,1,20,4,18,19,1,0,0,2,6,1,1,2,1,1,20,40
"10607",12,2,1,20,6,18,19,2,1,20,6,18,19,6,1,0,NA,0,0,0,0,0,0,20,40
"10608",0,0,0,0,0,0,0,0,0,0,0,0,0,0,0,0,0,0,0,0,0,0,0,0,0
"10609",1,1,1,5,1,1,6,1,1,1,1,1,1,4,2,5,2,5,0,4,5,3,3,4,5
"10610",2,3,1,5,6,1,6,1,1,5,1,1,6,2,0,0,6,6,5,2,5,1,1,6,10
"10611",3,3,18,5,17,1,6,3,1,5,6,1,6,6,6,0,6,0,0,6,6,2,1,23,21
"10612",4,4,18,5,18,1,12,3,18,5,17,1,6,1,4,6,4,6,0,1,6,1,3,24,28
"10613",5,4,22,5,18,6,12,4,18,5,18,1,12,4,0,0,2,5,5,4,5,2,2,28,33
"10614",6,9,22,5,18,8,12,4,22,5,18,6,12,2,5,0,2,0,0,5,2,1,2,33,35
"10615",7,9,22,10,18,16,12,9,22,5,18,8,12,5,6,5,6,5,0,5,6,3,2,38,43
"10616",8,14,22,10,18,16,17,9,22,10,18,16,12,5,0,0,3,5,5,5,5,1,3,43,48
"10617",9,17,22,10,18,16,22,14,22,10,18,16,17,3,5,0,5,0,0,3,5,1,3,46,53
"10618",10,21,22,10,21,16,22,17,22,10,18,16,22,1,4,3,1,3,0,4,3,1,1,50,56
"10619",11,22,22,10,27,21,22,21,22,10,21,16,22,1,0,0,6,1,1,1,6,1,1,51,67
"10620",12,22,22,10,27,21,22,22,22,10,27,21,22,1,1,0,NA,0,0,0,0,0,0,51,67
"10621",0,0,0,0,0,0,0,0,0,0,0,0,0,0,0,0,0,0,0,0,0,0,0,0,0
"10622",1,1,4,1,1,6,1,1,1,1,1,1,1,1,5,3,1,5,0,3,5,2,2,3,5
"10623",2,1,5,1,6,6,1,1,4,1,1,6,1,1,0,0,5,3,1,1,5,2,1,4,10
"10624",3,1,5,2,6,6,4,1,5,1,6,6,1,3,1,0,3,0,0,1,3,3,3,5,13
"10625",4,1,14,2,6,10,10,1,5,2,6,6,4,3,6,6,3,6,0,6,6,2,3,14,23
"10626",5,4,14,2,6,15,10,1,14,2,6,10,10,3,0,0,1,5,5,3,5,1,2,17,28
"10627",6,4,14,7,6,15,11,4,14,2,6,15,10,1,5,0,1,0,0,5,1,3,3,22,29
"10628",7,4,17,7,6,15,14,4,14,7,6,15,11,3,1,3,1,3,0,3,3,2,3,25,32
"10629",8,5,17,7,12,16,14,4,17,7,6,15,14,1,0,0,6,3,6,1,6,1,1,26,39
"10630",9,14,17,7,15,16,14,5,17,7,12,16,14,3,6,0,3,0,0,6,3,1,1,35,42
"10631",10,14,17,12,15,23,14,14,17,7,15,16,14,6,3,5,6,3,0,5,6,3,2,40,49
"10632",11,17,17,12,17,23,14,14,17,12,15,23,14,3,0,0,2,1,5,3,2,1,1,43,51
"10633",12,17,17,12,17,23,14,17,17,12,17,23,14,1,5,0,NA,0,0,0,0,0,0,43,51
"10634",0,0,0,0,0,0,0,0,0,0,0,0,0,0,0,0,0,0,0,0,0,0,0,0,0
"10635",1,4,1,1,1,1,6,1,1,1,1,1,1,3,2,5,2,5,0,3,5,1,3,3,5
"10636",2,4,3,1,1,10,6,4,1,1,1,1,6,2,0,0,4,1,6,2,6,2,2,5,14
"10637",3,4,7,1,2,10,6,4,3,1,1,10,6,4,1,0,1,0,0,4,1,2,1,9,15
"10638",4,9,19,1,2,20,6,4,7,1,2,10,6,3,6,6,3,6,0,6,6,2,2,26,25
"10639",5,9,19,4,2,21,12,9,19,1,2,20,6,3,0,0,2,6,6,3,6,3,3,29,32
"10640",6,11,19,10,2,21,14,9,19,4,2,21,12,2,6,0,2,0,0,6,2,3,3,37,34
"10641",7,17,20,10,2,25,14,11,19,10,2,21,14,6,1,4,1,4,0,6,4,1,2,44,38
"10642",8,17,20,11,2,30,14,17,20,10,2,25,14,1,0,0,5,2,2,1,5,3,2,45,43
"10643",9,17,20,13,2,32,14,17,20,11,2,30,14,2,2,0,2,0,0,2,2,3,2,47,45
"10644",10,23,21,19,2,32,17,17,20,13,2,32,14,3,3,6,3,3,0,6,3,3,3,60,48
"10645",11,23,21,22,2,32,20,23,21,19,2,32,17,3,0,0,2,3,1,3,3,3,3,63,51
"10646",12,23,21,22,2,32,20,23,21,22,2,32,20,2,1,0,NA,0,0,0,0,0,0,63,51
"10647",0,0,0,0,0,0,0,0,0,0,0,0,0,0,0,0,0,0,0,0,0,0,0,0,0
"10648",1,1,4,1,4,1,1,1,1,1,1,1,1,1,3,3,1,3,0,3,3,2,1,3,3
"10649",2,2,4,1,6,7,1,1,4,1,4,1,1,1,0,0,1,6,6,1,6,1,2,4,11
"10650",3,2,11,1,6,8,1,2,4,1,6,7,1,1,6,0,1,0,0,6,1,2,2,11,12
"10651",4,4,11,1,6,10,1,2,11,1,6,8,1,2,2,2,2,2,0,2,2,1,2,13,14
"10652",5,6,11,1,6,10,4,4,11,1,6,10,1,2,0,0,5,3,3,2,3,1,3,15,17
"10653",6,6,16,1,9,10,4,6,11,1,6,10,4,5,3,0,3,0,0,5,3,2,1,20,20
"10654",7,6,17,7,15,10,6,6,16,1,9,10,4,6,6,6,6,6,0,6,6,3,1,27,28
"10655",8,11,17,13,15,10,9,6,17,7,15,10,6,6,0,0,3,3,2,6,3,3,3,38,31
"10656",9,14,17,13,15,12,9,11,17,13,15,10,9,3,2,0,2,0,0,3,2,1,2,41,33
"10657",10,20,20,13,18,12,9,14,17,13,15,12,9,6,1,3,1,3,0,6,3,1,1,50,36
"10658",11,21,20,13,19,12,9,20,20,13,18,12,9,1,0,0,1,2,1,1,1,1,1,51,37
"10659",12,21,20,13,19,12,9,21,20,13,19,12,9,2,1,0,NA,0,0,0,0,0,0,51,37
"10660",0,0,0,0,0,0,0,0,0,0,0,0,0,0,0,0,0,0,0,0,0,0,0,0,0
"10661",1,1,5,1,1,1,3,1,1,1,1,1,1,2,4,1,2,1,0,4,2,2,3,4,2
"10662",2,1,6,1,1,4,3,1,5,1,1,1,3,1,0,0,5,1,3,1,3,2,2,5,5
"10663",3,6,6,1,2,4,3,1,6,1,1,4,3,5,1,0,1,0,0,5,1,1,1,10,6
"10664",4,15,6,1,2,10,4,6,6,1,2,4,3,6,2,6,2,6,0,6,6,1,2,19,13
"10665",5,15,8,1,2,17,4,15,6,1,2,10,4,2,0,0,6,1,3,2,6,2,2,21,20
"10666",6,15,11,1,2,17,5,15,8,1,2,17,4,1,3,0,1,0,0,3,1,2,3,24,21
"10667",7,1,14,1,8,17,9,15,11,1,2,17,5,1,4,6,1,4,0,6,1,1,1,13,31
"10668",8,5,14,1,17,17,9,1,14,1,8,17,9,4,0,0,6,2,1,4,6,1,1,17,40
"10669",9,5,16,1,18,17,9,5,14,1,17,17,9,2,1,0,1,0,0,2,1,2,1,19,41
"10670",10,6,16,1,18,17,11,5,16,1,18,17,9,1,2,3,2,3,0,1,2,1,3,20,43
"10671",11,9,16,1,30,17,11,6,16,1,18,17,11,3,0,0,6,6,5,3,6,1,1,23,55
"10672",12,9,16,1,30,17,11,9,16,1,30,17,11,6,5,0,NA,0,0,0,0,0,0,23,55
"10673",0,0,0,0,0,0,0,0,0,0,0,0,0,0,0,0,0,0,0,0,0,0,0,0,0
"10674",1,1,4,1,1,5,1,1,1,1,1,1,1,4,3,4,4,4,0,3,4,2,2,3,4
"10675",2,1,8,1,1,5,6,1,4,1,1,5,1,4,0,0,5,3,3,4,5,2,3,7,9
"10676",3,4,8,1,1,5,9,1,8,1,1,5,6,3,3,0,3,0,0,3,3,1,3,10,12
"10677",4,4,8,2,1,8,9,4,8,1,1,5,9,3,1,2,3,2,0,1,3,3,2,11,15
"10678",5,6,8,2,1,9,9,4,8,2,1,8,9,2,0,0,1,2,1,2,1,1,2,13,16
"10679",6,6,8,4,2,9,9,6,8,2,1,9,9,2,1,0,1,0,0,2,1,3,1,15,17
"10680",7,10,8,4,2,9,12,6,8,4,2,9,9,1,3,4,1,3,0,4,3,1,3,19,20
"10681",8,10,9,4,2,15,19,10,8,4,2,9,12,1,0,0,6,2,5,1,6,2,2,20,33
"10682",9,15,9,4,4,15,19,10,9,4,2,15,19,2,5,0,2,0,0,5,2,1,1,25,35
"10683",10,15,9,8,4,15,22,15,9,4,4,15,19,3,1,4,3,1,0,4,3,3,3,29,38
"10684",11,16,9,8,9,15,22,15,9,8,4,15,22,1,0,0,5,4,3,1,5,1,1,30,43
"10685",12,16,9,8,9,15,22,16,9,8,9,15,22,4,3,0,NA,0,0,0,0,0,0,30,43
"10686",0,0,0,0,0,0,0,0,0,0,0,0,0,0,0,0,0,0,0,0,0,0,0,0,0
"10687",1,1,1,8,1,6,1,1,1,1,1,1,1,6,5,4,5,4,0,6,5,3,2,7,5
"10688",2,1,1,12,1,15,7,1,1,8,1,6,1,4,0,0,3,1,6,4,6,3,2,11,20
"10689",3,1,1,13,1,18,7,1,1,12,1,15,7,3,1,0,3,0,0,1,3,3,2,12,23
"10690",4,1,4,13,2,18,7,1,1,13,1,18,7,3,1,1,1,1,0,3,1,2,1,15,24
"10691",5,2,4,13,2,22,7,1,4,13,2,18,7,1,0,0,4,4,1,1,4,1,2,16,28
"10692",6,2,4,17,3,22,7,2,4,13,2,22,7,4,1,0,1,0,0,4,1,3,1,20,29
"10693",7,2,4,22,3,22,9,2,4,17,3,22,7,1,5,2,1,2,0,5,2,3,3,25,31
"10694",8,2,5,22,7,22,15,2,4,22,3,22,9,1,0,0,2,6,2,1,6,2,3,26,41
"10695",9,2,5,24,9,22,15,2,5,22,7,22,15,2,2,0,2,0,0,2,2,3,1,28,43
"10696",10,6,5,24,14,22,21,2,5,24,9,22,15,2,4,6,2,6,0,4,6,1,3,32,54
"10697",11,8,5,24,16,22,21,6,5,24,14,22,21,2,0,0,2,6,1,2,2,1,1,34,56
"10698",12,8,5,24,16,22,21,8,5,24,16,22,21,6,1,0,NA,0,0,0,0,0,0,34,56
"10699",0,0,0,0,0,0,0,0,0,0,0,0,0,0,0,0,0,0,0,0,0,0,0,0,0
"10700",1,1,1,5,1,7,6,1,1,1,1,1,1,6,4,4,6,4,0,4,6,3,2,4,11
"10701",2,1,5,5,1,7,11,1,1,5,1,7,6,4,0,0,1,5,3,4,5,2,3,8,16
"10702",3,1,5,6,1,7,14,1,5,5,1,7,11,1,3,0,3,0,0,1,3,3,3,9,19
"10703",4,6,5,6,12,7,14,1,5,6,1,7,14,6,5,5,6,5,0,5,6,1,1,14,30
"10704",5,6,10,6,17,7,14,6,5,6,12,7,14,5,0,0,6,5,6,5,5,2,1,19,35
"10705",6,12,16,6,23,12,14,6,10,6,17,7,14,6,6,0,6,0,0,6,6,1,1,31,46
"10706",7,18,16,7,23,22,14,12,16,6,23,12,14,6,6,3,6,3,0,6,6,1,2,38,56
"10707",8,21,16,7,23,24,20,18,16,7,23,22,14,3,0,0,6,3,3,3,6,1,3,41,64
"10708",9,21,19,7,23,24,23,21,16,7,23,24,20,3,3,0,3,0,0,3,3,2,3,44,67
"10709",10,22,19,7,23,26,23,21,19,7,23,24,23,1,2,5,2,5,0,1,2,1,2,45,69
"10710",11,27,19,7,25,26,23,22,19,7,23,26,23,5,0,0,2,6,2,5,2,1,1,50,71
"10711",12,27,19,7,25,26,23,27,19,7,25,26,23,6,2,0,NA,0,0,0,0,0,0,50,71
"10712",0,0,0,0,0,0,0,0,0,0,0,0,0,0,0,0,0,0,0,0,0,0,0,0,0
"10713",1,1,1,4,1,11,1,1,1,1,1,1,1,2,6,3,2,6,0,3,6,3,2,3,10
"10714",2,1,1,6,1,11,5,1,1,4,1,11,1,2,0,0,4,1,3,2,4,3,3,5,14
"10715",3,1,4,6,1,11,6,1,1,6,1,11,5,1,3,0,1,0,0,3,1,2,3,8,15
"10716",4,1,5,6,1,15,6,1,4,6,1,11,6,4,1,1,4,1,0,1,4,2,2,9,19
"10717",5,2,5,6,1,15,9,1,5,6,1,15,6,1,0,0,3,1,1,1,3,1,3,10,22
"10718",6,2,5,7,1,16,9,2,5,6,1,15,9,1,1,0,1,0,0,1,1,3,2,11,23
"10719",7,2,5,9,5,16,9,2,5,7,1,16,9,4,2,2,4,2,0,2,4,3,1,13,27
"10720",8,4,5,9,5,16,14,2,5,9,5,16,9,2,0,0,4,5,5,2,5,1,3,15,32
"10721",9,4,10,9,5,20,14,4,5,9,5,16,14,4,5,0,4,0,0,5,4,2,2,20,36
"10722",10,4,10,10,6,20,14,4,10,9,5,20,14,1,1,5,1,5,0,1,1,3,1,21,37
"10723",11,9,10,10,8,20,14,4,10,10,6,20,14,5,0,0,2,2,4,5,2,1,1,26,39
"10724",12,9,10,10,8,20,14,9,10,10,8,20,14,2,4,0,NA,0,0,0,0,0,0,26,39
"10725",0,0,0,0,0,0,0,0,0,0,0,0,0,0,0,0,0,0,0,0,0,0,0,0,0
"10726",1,12,1,7,1,6,1,1,1,1,1,1,1,5,6,4,5,4,0,6,5,3,2,17,5
"10727",2,12,5,7,1,14,1,12,1,7,1,6,1,4,0,0,2,4,6,4,6,2,2,21,13
"10728",3,12,5,11,1,16,1,12,5,7,1,14,1,2,4,0,2,0,0,4,2,3,2,25,15
"10729",4,22,5,11,7,16,4,12,5,11,1,16,1,6,6,4,6,4,0,6,6,1,1,35,24
"10730",5,1,5,11,13,16,7,22,5,11,7,16,4,4,0,0,1,4,2,4,2,1,1,14,33
"10731",6,1,6,11,17,16,7,1,5,11,13,16,7,1,4,0,4,0,0,1,4,2,1,15,37
"10732",7,1,6,26,17,16,10,1,6,11,17,16,7,3,1,6,3,1,0,6,3,3,3,30,40
"10733",8,1,6,27,17,16,19,1,6,26,17,16,10,1,0,0,4,5,6,1,6,3,3,31,49
"10734",9,1,6,32,21,16,19,1,6,27,17,16,19,4,5,0,4,0,0,5,4,3,1,36,53
"10735",10,1,6,35,23,16,19,1,6,32,21,16,19,4,2,3,4,2,0,3,2,3,1,39,55
"10736",11,5,6,35,24,16,19,1,6,35,23,16,19,4,0,0,1,4,2,4,1,1,1,43,56
"10737",12,5,6,35,24,16,19,5,6,35,24,16,19,4,2,0,NA,0,0,0,0,0,0,43,56
"10738",0,0,0,0,0,0,0,0,0,0,0,0,0,0,0,0,0,0,0,0,0,0,0,0,0
"10739",1,1,4,1,1,6,1,1,1,1,1,1,1,1,3,5,1,5,0,3,5,2,2,3,5
"10740",2,1,5,1,1,12,5,1,4,1,1,6,1,1,0,0,5,6,2,1,6,2,2,4,15
"10741",3,1,10,1,3,12,5,1,5,1,1,12,5,5,2,0,2,0,0,5,2,2,1,9,17
"10742",4,1,10,6,3,16,5,1,10,1,3,12,5,4,5,4,4,4,0,5,4,3,2,14,21
"10743",5,1,10,10,7,16,5,1,10,6,3,16,5,4,0,0,1,1,4,4,4,3,1,18,25
"10744",6,1,11,10,7,16,6,1,10,10,7,16,5,1,1,0,1,0,0,1,1,2,3,19,26
"10745",7,6,11,10,7,17,6,1,11,10,7,16,6,1,5,1,1,1,0,5,1,1,2,24,27
"10746",8,6,12,10,9,23,6,6,11,10,7,17,6,1,0,0,5,6,4,1,6,2,2,25,35
"10747",9,6,12,15,9,23,10,6,12,10,9,23,6,5,4,0,4,0,0,5,4,3,3,30,39
"10748",10,6,12,18,11,23,10,6,12,15,9,23,10,3,2,1,2,1,0,3,2,3,1,33,41
"10749",11,7,12,18,11,26,10,6,12,18,11,23,10,1,0,0,6,6,3,1,3,1,2,34,44
"10750",12,7,12,18,11,26,10,7,12,18,11,26,10,6,6,0,NA,0,0,0,0,0,0,34,44
"10751",0,0,0,0,0,0,0,0,0,0,0,0,0,0,0,0,0,0,0,0,0,0,0,0,0
"10752",1,7,1,2,1,5,1,1,1,1,1,1,1,3,6,4,3,4,0,6,4,1,2,7,4
"10753",2,7,1,5,1,9,1,7,1,2,1,5,1,3,0,0,1,5,4,3,4,3,2,10,8
"10754",3,7,1,10,1,9,2,7,1,5,1,9,1,1,5,0,1,0,0,5,1,3,3,15,9
"10755",4,7,6,10,1,19,2,7,1,10,1,9,2,3,6,5,3,6,0,5,6,2,2,20,19
"10756",5,7,9,10,3,25,2,7,6,10,1,19,2,3,0,0,3,3,6,3,6,2,2,23,27
"10757",6,10,9,10,3,28,2,7,9,10,3,25,2,3,3,0,3,0,0,3,3,1,2,26,30
"10758",7,10,9,14,3,28,5,10,9,10,3,28,2,3,1,4,3,1,0,4,3,3,3,30,33
"10759",8,10,10,14,3,28,6,10,9,14,3,28,5,1,0,0,2,1,1,1,1,2,3,31,34
"10760",9,12,10,14,4,28,6,10,10,14,3,28,6,2,1,0,1,0,0,2,1,1,1,33,35
"10761",10,12,10,17,4,28,11,12,10,14,4,28,6,5,3,1,5,1,0,3,5,3,3,36,40
"10762",11,13,10,17,7,28,11,12,10,17,4,28,11,1,0,0,3,1,4,1,3,1,1,37,43
"10763",12,13,10,17,7,28,11,13,10,17,7,28,11,1,4,0,NA,0,0,0,0,0,0,37,43
"10764",0,0,0,0,0,0,0,0,0,0,0,0,0,0,0,0,0,0,0,0,0,0,0,0,0
"10765",1,1,1,3,1,5,1,1,1,1,1,1,1,2,4,2,4,2,0,2,4,3,2,2,4
"10766",2,3,1,3,1,5,6,1,1,3,1,5,1,2,0,0,5,5,1,2,5,1,3,4,9
"10767",3,3,1,8,1,5,7,3,1,3,1,5,6,5,1,0,1,0,0,5,1,3,3,9,10
"10768",4,8,1,8,1,7,7,3,1,8,1,5,7,5,1,2,1,2,0,5,2,1,2,14,12
"10769",5,9,1,8,5,13,7,8,1,8,1,7,7,1,0,0,6,6,3,1,6,1,2,15,22
"10770",6,12,7,8,8,13,7,9,1,8,5,13,7,6,3,0,3,0,0,6,3,2,1,24,25
"10771",7,15,7,8,8,14,7,12,7,8,8,13,7,1,3,1,1,1,0,3,1,1,2,27,26
"10772",8,15,8,8,9,14,13,15,7,8,8,14,7,1,0,0,3,3,6,1,6,2,3,28,33
"10773",9,15,11,8,9,14,16,15,8,8,9,14,13,3,3,0,3,0,0,3,3,2,3,31,36
"10774",10,15,11,10,9,16,16,15,11,8,9,14,16,2,2,2,2,2,0,2,2,3,2,33,38
"10775",11,17,11,10,16,16,16,15,11,10,9,16,16,2,0,0,2,6,3,2,6,1,1,35,45
"10776",12,17,11,10,16,16,16,17,11,10,16,16,16,2,3,0,NA,0,0,0,0,0,0,35,45
"10777",0,0,0,0,0,0,0,0,0,0,0,0,0,0,0,0,0,0,0,0,0,0,0,0,0
"10778",1,5,1,1,3,1,1,1,1,1,1,1,1,2,2,4,2,2,0,4,2,1,1,4,2
"10779",2,7,1,1,10,7,1,5,1,1,3,1,1,2,0,0,6,2,1,2,6,1,1,6,15
"10780",3,7,3,1,11,7,1,7,1,1,10,7,1,2,1,0,1,0,0,2,1,2,1,8,16
"10781",4,7,3,4,11,7,6,7,3,1,11,7,1,5,3,1,5,1,0,3,5,3,3,11,21
"10782",5,7,4,4,17,10,6,7,3,4,11,7,6,1,0,0,6,6,6,1,6,2,1,12,30
"10783",6,13,7,4,23,10,9,7,4,4,17,10,6,6,6,0,6,0,0,6,6,1,1,21,39
"10784",7,17,7,4,23,18,9,13,7,4,23,10,9,4,4,6,4,6,0,4,6,1,2,25,47
"10785",8,21,7,4,23,18,18,17,7,4,23,18,9,4,0,0,4,6,5,4,6,1,3,29,56
"10786",9,26,7,4,23,22,18,21,7,4,23,18,18,4,5,0,4,0,0,5,4,1,2,34,60
"10787",10,26,12,4,23,22,22,26,7,4,23,22,18,4,5,4,4,4,0,5,4,2,3,39,64
"10788",11,26,16,1,35,22,22,26,12,4,23,22,22,4,0,0,3,4,5,4,3,2,1,40,76
"10789",12,26,16,1,35,22,22,26,16,1,35,22,22,4,5,0,NA,0,0,0,0,0,0,40,76
"10790",0,0,0,0,0,0,0,0,0,0,0,0,0,0,0,0,0,0,0,0,0,0,0,0,0
"10791",1,6,1,1,4,1,1,1,1,1,1,1,1,1,5,3,1,3,0,5,3,1,1,5,3
"10792",2,7,1,1,11,1,1,6,1,1,4,1,1,1,0,0,6,2,3,1,6,1,1,6,10
"10793",3,7,3,1,11,4,1,7,1,1,11,1,1,2,3,0,3,0,0,2,3,2,2,8,13
"10794",4,11,3,1,11,4,6,7,3,1,11,4,1,4,5,2,5,2,0,4,5,1,3,12,18
"10795",5,11,3,3,15,4,6,11,3,1,11,4,6,2,0,0,6,6,4,2,4,3,1,14,22
"10796",6,15,9,3,15,10,9,11,3,3,15,4,6,6,6,0,6,0,0,6,6,2,2,24,31
"10797",7,20,9,3,15,15,9,15,9,3,15,10,9,5,4,5,4,5,0,5,5,1,2,29,36
"10798",8,24,9,3,17,27,9,20,9,3,15,15,9,4,0,0,4,6,6,4,6,1,2,33,50
"10799",9,30,20,3,17,27,13,24,9,3,17,27,9,4,6,0,4,0,0,6,4,2,3,50,54
"10800",10,35,20,4,17,28,1,30,20,3,17,27,13,5,1,1,1,1,0,5,1,1,2,56,43
"10801",11,35,21,4,17,28,6,35,20,4,17,28,1,1,0,0,4,5,6,1,5,2,3,57,48
"10802",12,35,21,4,17,28,6,35,21,4,17,28,6,4,6,0,NA,0,0,0,0,0,0,57,48
"10803",0,0,0,0,0,0,0,0,0,0,0,0,0,0,0,0,0,0,0,0,0,0,0,0,0
"10804",1,1,6,1,1,5,1,1,1,1,1,1,1,5,2,4,2,4,0,5,4,2,2,5,4
"10805",2,3,6,1,7,6,1,1,6,1,1,5,1,2,0,0,1,2,6,2,6,1,1,7,11
"10806",3,3,8,1,8,6,1,3,6,1,7,6,1,1,2,0,1,0,0,2,1,2,1,9,12
"10807",4,3,13,1,8,6,5,3,8,1,8,6,1,5,4,3,4,3,0,5,4,2,3,14,16
"10808",5,6,13,1,8,11,5,3,13,1,8,6,5,3,0,0,4,5,5,3,5,1,2,17,21
"10809",6,10,13,1,13,11,5,6,13,1,8,11,5,4,5,0,5,0,0,4,5,1,1,21,26
"10810",7,15,13,1,13,11,10,10,13,1,13,11,5,5,5,1,5,1,0,5,5,1,3,26,31
"10811",8,15,13,2,17,11,10,15,13,1,13,11,10,1,0,0,3,4,4,1,4,3,1,27,35
"10812",9,15,16,2,17,11,14,15,13,2,17,11,10,3,4,0,4,0,0,3,4,2,3,30,39
"10813",10,15,17,2,22,11,14,15,16,2,17,11,14,1,2,5,2,5,0,1,5,2,1,31,44
"10814",11,15,19,2,29,11,14,15,17,2,22,11,14,2,0,0,6,1,5,2,6,2,1,33,51
"10815",12,15,19,2,29,11,14,15,19,2,29,11,14,1,5,0,NA,0,0,0,0,0,0,33,51
"10816",0,0,0,0,0,0,0,0,0,0,0,0,0,0,0,0,0,0,0,0,0,0,0,0,0
"10817",1,1,5,1,1,1,3,1,1,1,1,1,1,2,2,4,2,2,0,4,2,2,3,4,2
"10818",2,3,5,1,1,1,12,1,5,1,1,1,3,2,0,0,4,5,6,2,6,1,3,6,11
"10819",3,3,9,1,6,1,12,3,5,1,1,1,12,4,5,0,5,0,0,4,5,2,1,10,16
"10820",4,7,9,1,12,1,16,3,9,1,6,1,12,4,4,6,4,6,0,4,6,1,1,14,26
"10821",5,7,13,1,14,7,16,7,9,1,12,1,16,4,0,0,6,3,3,4,6,2,2,18,34
"10822",6,7,13,4,17,7,16,7,13,1,14,7,16,3,3,0,3,0,0,3,3,3,1,21,37
"10823",7,7,20,4,22,7,22,7,13,4,17,7,16,6,6,1,6,1,0,6,6,2,3,28,48
"10824",8,7,21,4,22,9,22,7,20,4,22,7,22,1,0,0,2,5,2,1,2,2,2,29,50
"10825",9,12,21,4,22,11,22,7,21,4,22,9,22,5,2,0,2,0,0,5,2,1,2,34,52
"10826",10,14,21,4,23,11,22,12,21,4,22,11,22,2,1,3,1,3,0,2,1,1,1,36,53
"10827",11,17,21,4,28,11,22,14,21,4,23,11,22,3,0,0,5,4,4,3,5,1,1,39,58
"10828",12,17,21,4,28,11,22,17,21,4,28,11,22,4,4,0,NA,0,0,0,0,0,0,39,58
"10829",0,0,0,0,0,0,0,0,0,0,0,0,0,0,0,0,0,0,0,0,0,0,0,0,0
"10830",1,1,5,1,5,1,1,1,1,1,1,1,1,4,4,2,4,2,0,4,4,2,1,4,4
"10831",2,1,7,1,5,1,6,1,5,1,5,1,1,2,0,0,1,1,5,2,5,2,3,6,9
"10832",3,2,7,1,5,1,7,1,7,1,5,1,6,1,1,0,1,0,0,1,1,1,3,7,10
"10833",4,8,7,7,9,1,7,2,7,1,5,1,7,6,3,4,3,4,0,6,4,1,1,19,14
"10834",5,11,7,7,9,1,12,8,7,7,9,1,7,3,0,0,5,1,3,3,5,1,3,22,19
"10835",6,11,8,7,9,4,12,11,7,7,9,1,12,1,3,0,3,0,0,1,3,2,2,23,22
"10836",7,11,8,12,9,4,17,11,8,7,9,4,12,2,5,5,2,5,0,5,5,3,3,28,27
"10837",8,13,8,12,9,9,17,11,8,12,9,4,17,2,0,0,1,5,2,2,5,1,2,30,32
"10838",9,13,8,14,10,9,17,13,8,12,9,9,17,1,2,0,1,0,0,2,1,3,1,32,33
"10839",10,17,8,14,15,9,17,13,8,14,10,9,17,3,4,5,3,5,0,4,5,1,1,36,38
"10840",11,20,8,14,22,9,17,17,8,14,15,9,17,3,0,0,5,2,6,3,6,1,1,39,45
"10841",12,20,8,14,22,9,17,20,8,14,22,9,17,5,2,0,NA,0,0,0,0,0,0,39,45
"10842",0,0,0,0,0,0,0,0,0,0,0,0,0,0,0,0,0,0,0,0,0,0,0,0,0
"10843",1,1,1,4,1,5,1,1,1,1,1,1,1,1,3,4,1,4,0,3,4,3,2,3,4
"10844",2,1,1,5,6,5,1,1,1,4,1,5,1,1,0,0,4,1,5,1,5,3,1,4,9
"10845",3,5,1,5,7,5,1,1,1,5,6,5,1,4,1,0,1,0,0,4,1,1,1,8,10
"10846",4,16,1,5,7,7,1,5,1,5,7,5,1,2,6,1,2,1,0,6,2,1,2,19,12
"10847",5,17,1,5,9,13,1,16,1,5,7,7,1,1,0,0,1,4,6,1,6,1,2,20,20
"10848",6,17,1,9,9,13,2,17,1,5,9,13,1,1,4,0,1,0,0,4,1,3,3,24,21
"10849",7,21,1,9,14,13,2,17,1,9,9,13,2,5,4,2,5,2,0,4,5,1,1,28,26
"10850",8,23,1,9,14,17,2,21,1,9,14,13,2,2,0,0,4,4,3,2,4,1,2,30,30
"10851",9,23,5,9,17,17,2,23,1,9,14,17,2,4,3,0,3,0,0,4,3,2,1,34,33
"10852",10,23,10,9,19,17,2,23,5,9,17,17,2,5,2,2,2,2,0,5,2,2,1,39,35
"10853",11,1,10,9,23,17,3,23,10,9,19,17,2,2,0,0,1,3,5,2,1,1,3,17,40
"10854",12,1,10,9,23,17,3,1,10,9,23,17,3,3,5,0,NA,0,0,0,0,0,0,17,40
"10855",0,0,0,0,0,0,0,0,0,0,0,0,0,0,0,0,0,0,0,0,0,0,0,0,0
"10856",1,1,1,18,1,4,1,1,1,1,1,1,1,2,3,6,2,3,0,6,3,3,2,17,3
"10857",2,1,3,18,3,4,1,1,1,18,1,4,1,2,0,0,1,1,2,2,2,2,1,19,5
"10858",3,1,3,19,3,4,2,1,3,18,3,4,1,1,1,0,1,0,0,1,1,3,3,20,6
"10859",4,1,12,19,3,8,2,1,3,19,3,4,2,6,4,6,4,6,0,6,4,2,2,29,10
"10860",5,13,15,19,6,8,2,1,12,19,3,8,2,6,0,0,3,2,5,6,3,1,1,44,13
"10861",6,15,15,19,11,8,2,13,15,19,6,8,2,2,5,0,5,0,0,2,5,1,1,46,18
"10862",7,17,15,19,18,8,2,15,15,19,11,8,2,1,2,6,1,6,0,2,6,1,1,48,25
"10863",8,18,15,19,20,8,2,17,15,19,18,8,2,1,0,0,4,2,6,1,2,1,1,49,27
"10864",9,22,15,19,31,8,2,18,15,19,20,8,2,4,6,0,6,0,0,4,6,1,1,53,38
"10865",10,1,1,25,46,8,4,22,15,19,31,8,2,6,2,6,2,6,0,6,6,3,1,24,55
"10866",11,3,1,25,46,18,4,1,1,25,46,8,4,2,0,0,6,4,1,2,6,1,2,26,65
"10867",12,3,1,25,46,18,4,3,1,25,46,18,4,4,1,0,NA,0,0,0,0,0,0,26,65
"10868",0,0,0,0,0,0,0,0,0,0,0,0,0,0,0,0,0,0,0,0,0,0,0,0,0
"10869",1,1,12,1,1,6,1,1,1,1,1,1,1,5,6,2,5,2,0,6,5,2,2,11,5
"10870",2,3,12,1,1,11,1,1,12,1,1,6,1,2,0,0,6,5,5,2,5,1,2,13,10
"10871",3,8,12,1,1,12,13,3,12,1,1,11,1,6,5,0,6,0,0,5,6,1,3,18,23
"10872",4,10,12,1,5,12,13,8,12,1,1,12,13,4,2,3,4,3,0,2,4,1,1,20,27
"10873",5,10,15,1,5,17,13,10,12,1,5,12,13,3,0,0,5,5,4,3,5,2,2,23,32
"10874",6,14,15,1,10,17,13,10,15,1,5,17,13,5,4,0,5,0,0,4,5,1,1,27,37
"10875",7,14,15,4,10,17,17,14,15,1,10,17,13,3,4,3,4,3,0,3,4,3,3,30,41
"10876",8,17,15,4,16,23,20,14,15,4,10,17,17,3,0,0,5,3,6,3,6,1,1,33,56
"10877",9,17,18,4,21,23,20,17,15,4,16,23,20,5,3,0,5,0,0,3,5,2,1,36,61
"10878",10,20,18,4,21,24,20,17,18,4,21,23,20,3,1,1,1,1,0,3,1,1,2,39,62
"10879",11,21,18,4,23,24,20,20,18,4,21,24,20,1,0,0,2,5,3,1,2,1,1,40,64
"10880",12,21,18,4,23,24,20,21,18,4,23,24,20,5,3,0,NA,0,0,0,0,0,0,40,64
"10881",0,0,0,0,0,0,0,0,0,0,0,0,0,0,0,0,0,0,0,0,0,0,0,0,0
"10882",1,1,1,4,6,1,1,1,1,1,1,1,1,3,1,5,1,5,0,3,5,3,1,3,5
"10883",2,2,1,4,6,3,1,1,1,4,6,1,1,1,0,0,4,1,2,1,2,1,2,4,7
"10884",3,6,1,4,6,3,2,2,1,4,6,3,1,4,1,0,1,0,0,4,1,1,3,8,8
"10885",4,6,2,4,6,5,2,6,1,4,6,3,2,1,1,2,1,2,0,1,2,2,2,9,10
"10886",5,6,2,5,6,11,7,6,2,4,6,5,2,1,0,0,6,4,1,1,6,3,2,10,21
"10887",6,6,2,9,7,11,7,6,2,5,6,11,7,4,1,0,1,0,0,4,1,3,1,14,22
"10888",7,6,2,14,7,11,11,6,2,9,7,11,7,5,1,4,1,4,0,5,4,3,3,19,26
"10889",8,7,2,14,12,11,11,6,2,14,7,11,11,1,0,0,5,4,4,1,5,1,1,20,31
"10890",9,11,2,14,16,11,11,7,2,14,12,11,11,4,4,0,4,0,0,4,4,1,1,24,35
"10891",10,12,2,14,20,11,11,11,2,14,16,11,11,1,1,4,1,4,0,1,4,1,1,25,39
"10892",11,13,2,14,23,17,11,12,2,14,20,11,11,1,0,0,6,5,6,1,6,1,2,26,48
"10893",12,13,2,14,23,17,11,13,2,14,23,17,11,5,6,0,NA,0,0,0,0,0,0,26,48
"10894",0,0,0,0,0,0,0,0,0,0,0,0,0,0,0,0,0,0,0,0,0,0,0,0,0
"10895",1,2,1,7,1,1,11,1,1,1,1,1,1,6,1,6,1,6,0,6,6,3,3,7,10
"10896",2,3,1,7,5,1,11,2,1,7,1,1,11,1,0,0,2,4,4,1,4,1,1,8,14
"10897",3,3,1,9,9,1,11,3,1,7,5,1,11,2,4,0,4,0,0,2,4,3,1,10,18
"10898",4,9,5,9,9,3,11,3,1,9,9,1,11,1,2,6,1,2,0,6,2,1,2,20,20
"10899",5,9,5,10,15,6,11,9,5,9,9,3,11,1,0,0,4,6,3,1,6,3,1,21,29
"10900",6,9,5,13,15,10,11,9,5,10,15,6,11,4,3,0,4,0,0,3,4,3,2,24,33
"10901",7,9,5,18,15,15,11,9,5,13,15,10,11,3,5,5,3,5,0,5,5,3,2,29,38
"10902",8,9,5,21,21,15,16,9,5,18,15,15,11,3,0,0,6,1,4,3,6,3,1,32,49
"10903",9,9,6,21,21,19,16,9,5,21,21,15,16,1,4,0,4,0,0,1,4,2,2,33,53
"10904",10,9,10,21,27,24,16,9,6,21,21,19,16,6,4,2,6,2,0,4,6,2,1,37,64
"10905",11,11,10,21,29,24,16,9,10,21,27,24,16,2,0,0,2,1,3,2,2,1,1,39,66
"10906",12,11,10,21,29,24,16,11,10,21,29,24,16,1,3,0,NA,0,0,0,0,0,0,39,66
"10907",0,0,0,0,0,0,0,0,0,0,0,0,0,0,0,0,0,0,0,0,0,0,0,0,0
"10908",1,1,3,1,5,7,1,1,1,1,1,1,1,3,6,2,3,6,0,2,6,2,2,2,10
"10909",2,1,6,1,5,7,3,1,3,1,5,7,1,3,0,0,1,2,1,3,2,2,3,5,12
"10910",3,2,6,1,6,7,3,1,6,1,5,7,3,1,1,0,1,0,0,1,1,1,1,6,13
"10911",4,2,10,1,6,8,3,2,6,1,6,7,3,4,1,1,1,1,0,4,1,2,2,10,14
"10912",5,3,10,1,11,8,3,2,10,1,6,8,3,1,0,0,2,5,2,1,5,1,1,11,19
"10913",6,5,10,1,11,8,5,3,10,1,11,8,3,2,2,0,2,0,0,2,2,1,3,13,21
"10914",7,10,10,1,14,8,5,5,10,1,11,8,5,5,2,3,2,3,0,5,3,1,1,18,24
"10915",8,12,10,1,14,13,5,10,10,1,14,8,5,2,0,0,5,3,3,2,5,1,2,20,29
"10916",9,12,13,1,14,16,5,12,10,1,14,13,5,3,3,0,3,0,0,3,3,2,2,23,32
"10917",10,12,16,1,14,16,9,12,13,1,14,16,5,3,3,4,3,4,0,3,4,2,3,26,36
"10918",11,15,16,1,25,16,9,12,16,1,14,16,9,3,0,0,3,6,3,3,6,1,1,29,47
"10919",12,15,16,1,25,16,9,15,16,1,25,16,9,3,3,0,NA,0,0,0,0,0,0,29,47
"10920",0,0,0,0,0,0,0,0,0,0,0,0,0,0,0,0,0,0,0,0,0,0,0,0,0
"10921",1,1,1,5,1,3,1,1,1,1,1,1,1,1,4,2,1,2,0,4,2,3,2,4,2
"10922",2,2,1,5,5,3,1,1,1,5,1,3,1,1,0,0,4,1,3,1,4,1,1,5,6
"10923",3,2,1,8,5,3,2,2,1,5,5,3,1,1,3,0,1,0,0,3,1,3,3,8,7
"10924",4,7,1,8,5,6,2,2,1,8,5,3,2,5,3,3,3,3,0,5,3,1,2,13,10
"10925",5,7,4,8,10,6,2,7,1,8,5,6,2,3,0,0,5,5,4,3,5,2,1,16,15
"10926",6,7,4,13,14,6,2,7,4,8,10,6,2,5,4,0,4,0,0,5,4,3,1,21,19
"10927",7,7,9,13,17,6,2,7,4,13,14,6,2,3,5,2,3,2,0,5,3,2,1,26,22
"10928",8,7,11,13,17,12,3,7,9,13,17,6,2,2,0,0,1,3,6,2,6,2,2,28,29
"10929",9,7,11,16,17,12,4,7,11,13,17,12,3,1,3,0,1,0,0,3,1,3,3,31,30
"10930",10,10,11,16,20,12,4,7,11,16,17,12,4,3,1,3,1,3,0,3,3,1,1,34,33
"10931",11,10,11,17,31,12,4,10,11,16,20,12,4,1,0,0,2,2,6,1,6,3,1,35,44
"10932",12,10,11,17,31,12,4,10,11,17,31,12,4,2,2,0,NA,0,0,0,0,0,0,35,44
"10933",0,0,0,0,0,0,0,0,0,0,0,0,0,0,0,0,0,0,0,0,0,0,0,0,0
"10934",1,1,1,6,1,1,6,1,1,1,1,1,1,5,5,2,5,2,0,5,5,3,3,5,5
"10935",2,1,1,8,1,6,6,1,1,6,1,1,6,2,0,0,1,2,5,2,5,3,2,7,10
"10936",3,2,1,8,1,6,8,1,1,8,1,6,6,1,2,0,2,0,0,1,2,1,3,8,12
"10937",4,2,1,19,1,9,8,2,1,8,1,6,8,6,3,3,3,3,0,6,3,3,2,19,15
"10938",5,5,1,19,1,13,8,2,1,19,1,9,8,3,0,0,1,4,2,3,4,1,2,22,19
"10939",6,5,1,21,2,13,8,5,1,19,1,13,8,1,2,0,1,0,0,2,1,3,1,24,20
"10940",7,5,3,21,2,13,12,5,1,21,2,13,8,4,2,4,4,4,0,2,4,2,3,26,24
"10941",8,5,3,1,8,13,12,5,3,21,2,13,12,4,0,0,1,3,6,4,1,3,1,6,30
"10942",9,8,3,1,16,13,12,5,3,1,8,13,12,3,6,0,6,0,0,3,6,1,1,9,38
"10943",10,11,3,1,21,19,12,8,3,1,16,13,12,3,6,6,6,6,0,3,6,1,2,12,49
"10944",11,21,3,1,27,23,12,11,3,1,21,19,12,6,0,0,6,1,5,6,6,1,1,22,59
"10945",12,21,3,1,27,23,12,21,3,1,27,23,12,1,5,0,NA,0,0,0,0,0,0,22,59
"10946",0,0,0,0,0,0,0,0,0,0,0,0,0,0,0,0,0,0,0,0,0,0,0,0,0
"10947",1,4,1,1,4,1,7,1,1,1,1,1,1,3,6,3,6,3,0,3,6,1,3,3,9
"10948",2,4,1,4,4,1,12,4,1,1,4,1,7,3,0,0,5,1,1,3,5,3,3,6,14
"10949",3,5,1,4,4,1,13,4,1,4,4,1,12,1,1,0,1,0,0,1,1,1,3,7,15
"10950",4,8,1,4,5,1,13,5,1,4,4,1,13,3,1,1,1,1,0,3,1,1,1,10,16
"10951",5,9,1,4,5,6,13,8,1,4,5,1,13,1,0,0,5,3,3,1,5,1,2,11,21
"10952",6,9,1,7,5,9,13,9,1,4,5,6,13,3,3,0,3,0,0,3,3,3,2,14,24
"10953",7,9,4,7,7,15,13,9,1,7,5,9,13,3,6,3,6,3,0,3,6,2,2,17,32
"10954",8,12,4,7,7,15,18,9,4,7,7,15,13,3,0,0,2,2,5,3,5,1,3,20,37
"10955",9,12,6,7,9,15,18,12,4,7,7,15,18,2,2,0,2,0,0,2,2,2,1,22,39
"10956",10,14,6,7,12,15,18,12,6,7,9,15,18,2,3,2,3,2,0,2,3,1,1,24,42
"10957",11,16,6,7,19,15,18,14,6,7,12,15,18,2,0,0,6,2,3,2,6,1,1,26,49
"10958",12,16,6,7,19,15,18,16,6,7,19,15,18,2,3,0,NA,0,0,0,0,0,0,26,49
"10959",0,0,0,0,0,0,0,0,0,0,0,0,0,0,0,0,0,0,0,0,0,0,0,0,0
"10960",1,5,1,1,1,1,2,1,1,1,1,1,1,4,2,1,2,1,0,4,1,1,3,4,1
"10961",2,5,3,1,1,1,3,5,1,1,1,1,2,2,0,0,2,1,1,2,1,2,3,6,2
"10962",3,5,3,3,2,1,3,5,3,1,1,1,3,2,1,0,1,0,0,2,1,3,1,8,3
"10963",4,5,8,3,7,1,3,5,3,3,2,1,3,2,5,5,2,5,0,5,5,2,1,13,8
"10964",5,5,10,3,12,1,3,5,8,3,7,1,3,2,0,0,5,1,4,2,5,2,1,15,13
"10965",6,5,10,7,12,1,4,5,10,3,12,1,3,1,4,0,1,0,0,4,1,3,3,19,14
"10966",7,9,16,7,12,8,4,5,10,7,12,1,4,6,5,6,5,6,0,6,6,2,2,29,21
"10967",8,14,16,7,12,12,4,9,16,7,12,8,4,5,0,0,4,3,2,5,4,1,2,34,25
"10968",9,17,16,7,14,12,4,14,16,7,12,12,4,3,2,0,2,0,0,3,2,1,1,37,27
"10969",10,22,16,7,14,17,4,17,16,7,14,12,4,5,4,5,4,5,0,5,5,1,2,42,32
"10970",11,26,19,7,14,17,2,22,16,7,14,17,4,4,0,0,2,1,4,4,1,1,3,49,30
"10971",12,26,19,7,14,17,2,26,19,7,14,17,2,2,4,0,NA,0,0,0,0,0,0,49,30
"10972",0,0,0,0,0,0,0,0,0,0,0,0,0,0,0,0,0,0,0,0,0,0,0,0,0
"10973",1,1,5,1,9,1,1,1,1,1,1,1,1,1,4,6,1,6,0,4,6,2,1,4,8
"10974",2,1,5,2,9,2,13,1,5,1,9,1,1,1,0,0,2,1,6,1,6,3,3,5,21
"10975",3,1,7,2,9,3,13,1,5,2,9,2,13,2,1,0,1,0,0,2,1,2,2,7,22
"10976",4,1,12,2,9,7,13,1,7,2,9,3,13,4,2,5,4,2,0,5,4,2,2,12,26
"10977",5,1,14,2,16,7,13,1,12,2,9,7,13,2,0,0,1,3,6,2,6,2,1,14,33
"10978",6,4,14,2,17,7,13,1,14,2,16,7,13,1,3,0,1,0,0,3,1,1,1,17,34
"10979",7,4,15,2,17,7,18,4,14,2,17,7,13,2,1,5,2,5,0,1,5,2,3,18,39
"10980",8,6,15,2,17,11,18,4,15,2,17,7,18,2,0,0,2,4,2,2,4,1,2,20,43
"10981",9,8,15,2,17,13,18,6,15,2,17,11,18,2,2,0,2,0,0,2,2,1,2,22,45
"10982",10,17,15,2,17,20,18,8,15,2,17,13,18,6,6,5,6,5,0,6,6,1,2,31,52
"10983",11,17,20,2,18,20,18,17,15,2,17,20,18,5,0,0,1,1,5,5,1,2,1,36,53
"10984",12,17,20,2,18,20,18,17,20,2,18,20,18,1,5,0,NA,0,0,0,0,0,0,36,53
"10985",0,0,0,0,0,0,0,0,0,0,0,0,0,0,0,0,0,0,0,0,0,0,0,0,0
"10986",1,1,5,1,1,1,6,1,1,1,1,1,1,5,5,4,5,5,0,4,5,2,3,4,5
"10987",2,1,5,6,6,1,6,1,5,1,1,1,6,5,0,0,2,2,5,5,5,3,1,9,10
"10988",3,1,5,8,6,3,6,1,5,6,6,1,6,2,2,0,2,0,0,2,2,3,2,11,12
"10989",4,1,16,8,11,3,6,1,5,8,6,3,6,3,6,5,3,5,0,6,5,2,1,22,17
"10990",5,1,16,11,17,8,6,1,16,8,11,3,6,3,0,0,3,2,6,3,6,3,1,25,28
"10991",6,1,16,14,19,8,6,1,16,11,17,8,6,3,2,0,2,0,0,3,2,3,1,28,30
"10992",7,1,21,14,19,8,8,1,16,14,19,8,6,2,5,1,2,1,0,5,2,2,3,33,32
"10993",8,1,21,15,19,14,19,1,21,14,19,8,8,1,0,0,6,1,3,1,6,3,2,34,49
"10994",9,1,24,15,19,15,19,1,21,15,19,14,19,1,3,0,1,0,0,3,1,2,2,37,50
"10995",10,1,24,19,19,17,19,1,24,15,19,15,19,4,5,2,5,2,0,4,2,3,2,41,52
"10996",11,1,29,19,28,17,19,1,24,19,19,17,19,5,0,0,6,5,5,5,6,2,1,46,61
"10997",12,1,29,19,28,17,19,1,29,19,28,17,19,5,5,0,NA,0,0,0,0,0,0,46,61
"10998",0,0,0,0,0,0,0,0,0,0,0,0,0,0,0,0,0,0,0,0,0,0,0,0,0
"10999",1,11,1,1,1,1,5,1,1,1,1,1,1,6,2,4,2,4,0,6,4,1,3,10,4
"11000",2,11,1,3,1,1,8,11,1,1,1,1,5,2,0,0,1,2,3,2,3,3,3,12,7
"11001",3,11,3,3,1,2,8,11,1,3,1,1,8,1,2,0,1,0,0,2,1,2,2,14,8
"11002",4,11,7,3,3,2,8,11,3,3,1,2,8,2,1,4,2,1,0,4,2,2,1,18,10
"11003",5,12,7,3,3,2,13,11,7,3,3,2,8,1,0,0,6,6,5,1,5,1,3,19,15
"11004",6,23,7,3,3,5,19,12,7,3,3,2,13,6,6,0,6,0,0,6,6,1,3,30,24
"11005",7,23,12,3,3,10,19,23,7,3,3,5,19,5,5,3,5,3,0,5,5,2,2,35,29
"11006",8,23,12,6,3,10,24,23,12,3,3,10,19,3,0,0,4,4,5,3,5,3,3,38,34
"11007",9,27,12,6,3,14,24,23,12,6,3,10,24,4,4,0,4,0,0,4,4,1,2,42,38
"11008",10,27,18,1,3,18,30,27,12,6,3,14,24,6,6,1,6,1,0,6,6,2,3,43,48
"11009",11,28,18,1,9,18,34,27,18,1,3,18,30,1,0,0,6,1,5,1,6,1,1,44,58
"11010",12,28,18,1,9,18,34,28,18,1,9,18,34,1,5,0,NA,0,0,0,0,0,0,44,58
"11011",0,0,0,0,0,0,0,0,0,0,0,0,0,0,0,0,0,0,0,0,0,0,0,0,0
"11012",1,2,1,1,4,1,1,1,1,1,1,1,1,2,3,1,2,3,0,1,3,1,1,1,3
"11013",2,2,1,3,4,5,1,2,1,1,4,1,1,2,0,0,3,4,4,2,4,3,2,3,7
"11014",3,5,1,3,4,9,1,2,1,3,4,5,1,3,4,0,4,0,0,3,4,1,2,6,11
"11015",4,5,4,3,4,13,1,5,1,3,4,9,1,3,4,3,4,3,0,3,4,2,2,9,15
"11016",5,5,4,6,9,13,1,5,4,3,4,13,1,3,0,0,5,4,1,3,5,3,1,12,20
"11017",6,5,8,6,9,14,1,5,4,6,9,13,1,4,1,0,1,0,0,4,1,2,2,16,21
"11018",7,13,8,6,9,18,1,5,8,6,9,14,1,6,3,4,3,4,0,6,4,1,2,24,25
"11019",8,13,11,6,9,18,10,13,8,6,9,18,1,3,0,0,3,3,6,3,6,2,3,27,34
"11020",9,13,11,9,9,18,13,13,11,6,9,18,10,3,3,0,3,0,0,3,3,3,3,30,37
"11021",10,16,11,9,15,19,13,13,11,9,9,18,13,2,3,6,2,6,0,3,6,1,1,33,44
"11022",11,18,11,9,23,19,13,16,11,9,15,19,13,2,0,0,6,2,4,2,6,1,1,35,52
"11023",12,18,11,9,23,19,13,18,11,9,23,19,13,2,4,0,NA,0,0,0,0,0,0,35,52
"11024",0,0,0,0,0,0,0,0,0,0,0,0,0,0,0,0,0,0,0,0,0,0,0,0,0
"11025",1,3,1,1,5,1,1,1,1,1,1,1,1,4,2,2,4,2,0,2,4,1,1,2,4
"11026",2,3,3,1,5,1,6,3,1,1,5,1,1,2,0,0,3,1,5,2,5,2,3,4,9
"11027",3,6,3,1,6,1,6,3,3,1,5,1,6,3,1,0,1,0,0,3,1,1,1,7,10
"11028",4,6,6,1,6,6,6,6,3,1,6,1,6,5,4,3,5,4,0,3,5,2,2,10,15
"11029",5,10,6,1,6,11,6,6,6,1,6,6,6,4,0,0,4,5,4,4,5,1,2,14,20
"11030",6,10,6,5,6,11,10,10,6,1,6,11,6,4,4,0,4,0,0,4,4,3,3,18,24
"11031",7,10,11,5,6,16,10,10,6,5,6,11,10,5,3,5,3,5,0,5,5,2,2,23,29
"11032",8,13,11,5,11,16,10,10,11,5,6,16,10,3,0,0,5,3,2,3,5,1,1,26,34
"11033",9,16,11,5,11,18,10,13,11,5,11,16,10,3,2,0,2,0,0,3,2,1,2,29,36
"11034",10,16,17,6,20,18,10,16,11,5,11,18,10,6,6,4,6,4,0,6,6,2,1,36,45
"11035",11,20,17,6,23,18,10,16,17,6,20,18,10,4,0,0,3,2,2,4,3,1,1,40,48
"11036",12,20,17,6,23,18,10,20,17,6,23,18,10,2,2,0,NA,0,0,0,0,0,0,40,48
"11037",0,0,0,0,0,0,0,0,0,0,0,0,0,0,0,0,0,0,0,0,0,0,0,0,0
"11038",1,1,1,3,1,7,3,1,1,1,1,1,1,5,2,6,5,6,0,2,6,3,2,2,8
"11039",2,1,6,3,1,12,3,1,1,3,1,7,3,5,0,0,2,2,5,5,5,2,2,7,13
"11040",3,3,6,3,3,12,3,1,6,3,1,12,3,2,2,0,2,0,0,2,2,1,1,9,15
"11041",4,8,6,3,3,12,10,3,6,3,3,12,3,5,6,1,6,1,0,5,6,1,3,14,22
"11042",5,8,7,3,3,16,10,8,6,3,3,12,10,1,0,0,2,4,1,1,4,2,2,15,26
"11043",6,8,9,3,3,17,10,8,7,3,3,16,10,2,1,0,1,0,0,2,1,2,2,17,27
"11044",7,9,9,3,3,17,11,8,9,3,3,17,10,1,1,2,1,2,0,1,1,1,3,18,28
"11045",8,9,11,3,10,17,11,9,9,3,3,17,11,2,0,0,4,4,6,2,6,2,1,20,35
"11046",9,13,11,3,14,17,11,9,11,3,10,17,11,4,4,0,4,0,0,4,4,1,1,24,39
"11047",10,18,11,3,18,17,11,13,11,3,14,17,11,5,4,2,4,2,0,5,4,1,1,29,43
"11048",11,20,11,3,27,17,11,18,11,3,18,17,11,2,0,0,1,6,2,2,6,1,1,31,52
"11049",12,20,11,3,27,17,11,20,11,3,27,17,11,1,2,0,NA,0,0,0,0,0,0,31,52
"11050",0,0,0,0,0,0,0,0,0,0,0,0,0,0,0,0,0,0,0,0,0,0,0,0,0
"11051",1,1,4,1,6,1,1,1,1,1,1,1,1,3,5,5,5,5,0,3,5,2,1,3,5
"11052",2,1,9,1,7,1,1,1,4,1,6,1,1,5,0,0,3,1,1,5,1,2,1,8,6
"11053",3,1,12,1,8,1,1,1,9,1,7,1,1,3,1,0,1,0,0,3,1,2,1,11,7
"11054",4,3,12,7,8,1,10,1,12,1,8,1,1,6,3,6,3,6,0,6,6,3,3,19,16
"11055",5,3,12,10,12,1,10,3,12,7,8,1,10,3,0,0,5,4,3,3,4,3,1,22,20
"11056",6,3,17,10,12,4,10,3,12,10,12,1,10,5,3,0,3,0,0,5,3,2,2,27,23
"11057",7,3,17,14,12,4,14,3,17,10,12,4,10,4,4,3,4,3,0,4,4,3,3,31,27
"11058",8,6,17,14,12,4,18,3,17,14,12,4,14,3,0,0,4,1,4,3,4,1,3,34,31
"11059",9,6,21,14,12,5,18,6,17,14,12,4,18,1,4,0,1,0,0,4,1,2,2,38,32
"11060",10,17,21,14,17,5,18,6,21,14,12,5,18,5,6,2,5,2,0,6,5,1,1,49,37
"11061",11,17,23,14,17,9,18,17,21,14,17,5,18,2,0,0,3,6,4,2,4,2,2,51,41
"11062",12,17,23,14,17,9,18,17,23,14,17,9,18,3,6,0,NA,0,0,0,0,0,0,51,41
"11063",0,0,0,0,0,0,0,0,0,0,0,0,0,0,0,0,0,0,0,0,0,0,0,0,0
"11064",1,1,1,6,1,1,6,1,1,1,1,1,1,5,3,5,3,5,0,5,5,3,3,5,5
"11065",2,1,4,6,7,1,9,1,1,6,1,1,6,3,0,0,6,4,2,3,6,2,1,8,14
"11066",3,5,4,6,7,1,11,1,4,6,7,1,9,4,2,0,2,0,0,4,2,1,3,12,16
"11067",4,10,4,6,7,1,13,5,4,6,7,1,11,5,1,2,1,2,0,5,2,1,3,17,18
"11068",5,11,4,6,7,1,17,10,4,6,7,1,13,1,0,0,2,4,5,1,4,1,3,18,22
"11069",6,16,4,6,7,3,17,11,4,6,7,1,17,2,5,0,2,0,0,5,2,1,2,23,24
"11070",7,22,7,6,7,9,23,16,4,6,7,3,17,6,2,6,2,6,0,6,6,1,3,32,36
"11071",8,24,7,6,12,9,23,22,7,6,7,9,23,2,0,0,5,4,3,2,5,1,1,34,41
"11072",9,27,7,6,12,13,23,24,7,6,12,9,23,4,3,0,4,0,0,3,4,1,2,37,45
"11073",10,29,7,6,16,13,23,27,7,6,12,13,23,1,2,4,1,4,0,2,4,1,1,39,49
"11074",11,30,7,6,18,13,23,29,7,6,16,13,23,1,0,0,2,3,4,1,2,1,1,40,51
"11075",12,30,7,6,18,13,23,30,7,6,18,13,23,3,4,0,NA,0,0,0,0,0,0,40,51
"11076",0,0,0,0,0,0,0,0,0,0,0,0,0,0,0,0,0,0,0,0,0,0,0,0,0
"11077",1,1,2,1,3,1,1,1,1,1,1,1,1,1,2,1,2,1,0,1,2,2,1,1,2
"11078",2,1,3,1,3,1,6,1,2,1,3,1,1,1,0,0,5,4,3,1,5,2,3,2,7
"11079",3,1,3,5,3,1,9,1,3,1,3,1,6,4,3,0,3,0,0,4,3,3,3,6,10
"11080",4,1,7,5,3,4,9,1,3,5,3,1,9,4,2,3,2,3,0,4,3,2,2,10,13
"11081",5,1,7,7,3,9,15,1,7,5,3,4,9,2,0,0,6,3,1,2,6,3,3,12,24
"11082",6,4,7,7,3,9,16,1,7,7,3,9,15,3,1,0,1,0,0,3,1,1,3,15,25
"11083",7,4,11,7,8,9,16,4,7,7,3,9,16,4,1,5,1,5,0,4,5,2,1,19,30
"11084",8,4,11,8,9,9,16,4,11,7,8,9,16,1,0,0,1,1,3,1,1,3,1,20,31
"11085",9,4,11,11,9,9,17,4,11,8,9,9,16,1,3,0,1,0,0,3,1,3,3,23,32
"11086",10,4,13,11,9,9,19,4,11,11,9,9,17,2,2,2,2,2,0,2,2,2,3,25,34
"11087",11,6,13,11,20,9,19,4,13,11,9,9,19,2,0,0,2,4,6,2,6,1,1,27,45
"11088",12,6,13,11,20,9,19,6,13,11,20,9,19,2,4,0,NA,0,0,0,0,0,0,27,45
"11089",0,0,0,0,0,0,0,0,0,0,0,0,0,0,0,0,0,0,0,0,0,0,0,0,0
"11090",1,1,6,1,4,1,1,1,1,1,1,1,1,1,5,3,1,3,0,5,3,2,1,5,3
"11091",2,1,7,1,10,5,1,1,6,1,4,1,1,1,0,0,2,6,1,1,6,2,1,6,13
"11092",3,1,7,3,10,6,1,1,7,1,10,5,1,2,1,0,1,0,0,2,1,3,2,8,14
"11093",4,6,7,3,14,6,1,1,7,3,10,6,1,5,1,4,1,4,0,5,4,1,1,13,18
"11094",5,6,7,4,14,16,1,6,7,3,14,6,1,1,0,0,6,4,5,1,6,3,2,14,28
"11095",6,10,7,4,14,16,6,6,7,4,14,16,1,4,5,0,5,0,0,4,5,1,3,18,33
"11096",7,10,7,6,17,16,6,10,7,4,14,16,6,1,3,2,1,3,0,2,3,3,1,20,36
"11097",8,11,7,6,17,16,9,10,7,6,17,16,6,1,0,0,6,3,6,1,3,1,3,21,39
"11098",9,26,7,6,17,17,15,11,7,6,17,16,9,6,6,0,6,0,0,6,6,1,3,36,46
"11099",10,26,10,6,19,17,21,26,7,6,17,17,15,6,3,1,6,1,0,3,6,2,3,39,54
"11100",11,27,10,6,24,17,21,26,10,6,19,17,21,1,0,0,5,3,1,1,5,1,1,40,59
"11101",12,27,10,6,24,17,21,27,10,6,24,17,21,3,1,0,NA,0,0,0,0,0,0,40,59
"11102",0,0,0,0,0,0,0,0,0,0,0,0,0,0,0,0,0,0,0,0,0,0,0,0,0
"11103",1,1,6,1,1,1,6,1,1,1,1,1,1,5,5,1,5,1,0,5,5,2,3,5,5
"11104",2,1,7,1,7,3,6,1,6,1,1,1,6,1,0,0,3,6,6,1,6,2,1,6,13
"11105",3,3,19,1,7,6,6,1,7,1,7,3,6,3,6,0,3,0,0,6,3,2,2,20,16
"11106",4,3,23,7,7,6,11,3,19,1,7,6,6,6,5,5,5,5,0,6,5,3,3,30,21
"11107",5,8,23,7,7,6,13,3,23,7,7,6,11,5,0,0,5,5,2,5,2,1,3,35,23
"11108",6,8,23,12,12,6,13,8,23,7,7,6,13,5,5,0,5,0,0,5,5,3,1,40,28
"11109",7,8,23,20,16,6,13,8,23,12,12,6,13,6,1,4,1,4,0,6,4,3,1,48,32
"11110",8,9,23,20,16,8,19,8,23,20,16,6,13,1,0,0,1,6,6,1,6,1,3,49,40
"11111",9,18,23,26,16,9,19,9,23,20,16,8,19,1,6,0,1,0,0,6,1,3,2,64,41
"11112",10,25,23,26,16,9,23,18,23,26,16,9,19,6,4,1,4,1,0,6,4,1,3,71,45
"11113",11,26,23,26,16,9,25,25,23,26,16,9,23,1,0,0,5,3,2,1,2,1,3,72,47
"11114",12,26,23,26,16,9,25,26,23,26,16,9,25,5,3,0,NA,0,0,0,0,0,0,72,47
"11115",0,0,0,0,0,0,0,0,0,0,0,0,0,0,0,0,0,0,0,0,0,0,0,0,0
"11116",1,1,1,6,4,7,1,1,1,1,1,1,1,6,5,6,6,6,0,5,6,3,2,5,9
"11117",2,10,1,6,9,7,1,1,1,6,4,7,1,6,0,0,5,1,1,6,5,1,1,14,14
"11118",3,11,1,6,9,8,1,10,1,6,9,7,1,1,1,0,1,0,0,1,1,1,2,15,15
"11119",4,11,1,10,9,8,5,11,1,6,9,8,1,4,4,2,4,2,0,4,4,3,3,19,19
"11120",5,13,1,10,9,8,10,11,1,10,9,8,5,2,0,0,5,5,5,2,5,1,3,21,24
"11121",6,18,1,10,9,13,10,13,1,10,9,8,10,5,5,0,5,0,0,5,5,1,2,26,29
"11122",7,18,1,20,9,13,20,18,1,10,9,13,10,6,6,5,6,5,0,6,6,3,3,36,39
"11123",8,23,1,20,9,13,23,18,1,20,9,13,20,5,0,0,3,1,1,5,3,1,3,41,42
"11124",9,23,1,21,10,13,23,23,1,20,9,13,23,1,1,0,1,0,0,1,1,3,1,42,43
"11125",10,23,1,22,12,13,23,23,1,21,10,13,23,2,1,1,2,1,0,1,2,3,1,43,45
"11126",11,23,2,22,16,13,23,23,1,22,12,13,23,1,0,0,4,2,1,1,4,2,1,44,49
"11127",12,23,2,22,16,13,23,23,2,22,16,13,23,2,1,0,NA,0,0,0,0,0,0,44,49
"11128",0,0,0,0,0,0,0,0,0,0,0,0,0,0,0,0,0,0,0,0,0,0,0,0,0
"11129",1,1,3,1,1,4,1,1,1,1,1,1,1,2,1,3,1,3,0,2,3,2,2,2,3
"11130",2,1,3,2,7,4,6,1,3,1,1,4,1,1,0,0,6,1,5,1,6,3,1,3,14
"11131",3,6,3,2,7,4,7,1,3,2,7,4,6,1,5,0,1,0,0,5,1,1,3,8,15
"11132",4,14,3,2,7,7,7,6,3,2,7,4,7,6,2,3,2,3,0,6,3,1,2,16,18
"11133",5,16,3,2,9,13,7,14,3,2,7,7,7,2,0,0,6,3,2,2,6,1,2,18,26
"11134",6,16,3,5,9,15,7,16,3,2,9,13,7,3,2,0,2,0,0,3,2,3,2,21,28
"11135",7,16,3,9,14,15,7,16,3,5,9,15,7,4,5,1,5,1,0,4,5,3,1,25,33
"11136",8,16,3,10,14,19,7,16,3,9,14,15,7,1,0,0,1,4,4,1,4,3,2,26,37
"11137",9,16,3,14,14,20,7,16,3,10,14,19,7,1,4,0,1,0,0,4,1,3,2,30,38
"11138",10,16,3,18,20,20,13,16,3,14,14,20,7,4,6,2,6,2,0,4,6,3,3,34,50
"11139",11,18,3,18,22,20,13,16,3,18,20,20,13,2,0,0,2,6,5,2,2,1,1,36,52
"11140",12,18,3,18,22,20,13,18,3,18,22,20,13,6,5,0,NA,0,0,0,0,0,0,36,52
"11141",0,0,0,0,0,0,0,0,0,0,0,0,0,0,0,0,0,0,0,0,0,0,0,0,0
"11142",1,3,1,7,5,1,1,1,1,1,1,1,1,2,6,4,2,4,0,6,4,3,1,8,4
"11143",2,5,1,7,5,1,6,3,1,7,5,1,1,2,0,0,3,2,5,2,5,1,3,10,9
"11144",3,5,4,7,5,3,6,5,1,7,5,1,6,3,2,0,2,0,0,3,2,2,2,13,11
"11145",4,7,4,13,5,3,10,5,4,7,5,3,6,3,6,4,3,4,0,6,4,3,3,21,15
"11146",5,7,7,13,5,3,15,7,4,13,5,3,10,3,0,0,4,5,1,3,5,2,3,24,20
"11147",6,11,7,13,6,3,15,7,7,13,5,3,15,4,1,0,1,0,0,4,1,1,1,28,21
"11148",7,11,17,13,6,3,19,11,7,13,6,3,15,6,4,3,4,3,0,6,4,2,3,38,25
"11149",8,14,17,13,7,3,19,11,17,13,6,3,19,3,0,0,1,1,2,3,1,1,1,41,26
"11150",9,14,17,14,9,3,19,14,17,13,7,3,19,1,2,0,2,0,0,1,2,3,1,42,28
"11151",10,19,17,14,9,5,19,14,17,14,9,3,19,5,2,4,2,4,0,5,2,1,2,47,30
"11152",11,23,17,14,12,5,19,19,17,14,9,5,19,4,0,0,3,6,6,4,3,1,1,51,33
"11153",12,23,17,14,12,5,19,23,17,14,12,5,19,6,6,0,NA,0,0,0,0,0,0,51,33
"11154",0,0,0,0,0,0,0,0,0,0,0,0,0,0,0,0,0,0,0,0,0,0,0,0,0
"11155",1,2,1,1,1,1,6,1,1,1,1,1,1,2,1,5,2,5,0,1,5,1,3,1,5
"11156",2,2,3,1,1,1,10,2,1,1,1,1,6,2,0,0,2,1,4,2,4,2,3,3,9
"11157",3,2,5,1,1,1,11,2,3,1,1,1,10,2,1,0,1,0,0,2,1,2,3,5,10
"11158",4,2,10,1,5,1,11,2,5,1,1,1,11,5,1,4,1,4,0,5,4,2,1,10,14
"11159",5,3,10,1,11,1,12,2,10,1,5,1,11,1,0,0,6,1,6,1,6,1,1,11,21
"11160",6,8,16,1,12,1,12,3,10,1,11,1,12,1,6,0,1,0,0,6,1,2,1,22,22
"11161",7,8,16,3,12,1,17,8,16,1,12,1,12,2,3,5,3,5,0,2,5,3,3,24,27
"11162",8,11,16,3,12,7,21,8,16,3,12,1,17,3,0,0,6,2,4,3,6,1,2,27,37
"11163",9,15,16,3,12,9,21,11,16,3,12,7,21,2,4,0,2,0,0,4,2,1,2,31,39
"11164",10,15,20,3,18,10,21,15,16,3,12,9,21,6,3,4,6,3,0,4,6,2,1,35,46
"11165",11,18,20,3,19,10,21,15,20,3,18,10,21,3,0,0,1,1,1,3,1,1,1,38,47
"11166",12,18,20,3,19,10,21,18,20,3,19,10,21,1,1,0,NA,0,0,0,0,0,0,38,47
"11167",0,0,0,0,0,0,0,0,0,0,0,0,0,0,0,0,0,0,0,0,0,0,0,0,0
"11168",1,2,1,1,1,8,1,1,1,1,1,1,1,1,4,6,4,6,0,1,6,1,2,1,7
"11169",2,6,1,1,1,8,6,2,1,1,1,8,1,4,0,0,2,5,4,4,5,1,3,5,12
"11170",3,8,1,1,5,8,6,6,1,1,1,8,6,2,4,0,4,0,0,2,4,1,1,7,16
"11171",4,8,5,1,5,8,11,8,1,1,5,8,6,5,4,5,5,5,0,4,5,2,3,11,21
"11172",5,8,10,1,5,12,11,8,5,1,5,8,11,5,0,0,4,4,3,5,4,2,2,16,25
"11173",6,12,10,1,5,12,14,8,10,1,5,12,11,4,3,0,3,0,0,4,3,1,3,20,28
"11174",7,12,14,1,8,12,14,12,10,1,5,12,14,2,4,3,2,3,0,4,3,2,1,24,31
"11175",8,12,14,3,12,12,14,12,14,1,8,12,14,2,0,0,3,4,2,2,4,3,1,26,35
"11176",9,12,14,6,12,14,14,12,14,3,12,12,14,3,2,0,2,0,0,3,2,3,2,29,37
"11177",10,17,14,6,12,16,14,12,14,6,12,14,14,5,2,1,2,1,0,5,2,1,2,34,39
"11178",11,18,14,6,18,16,15,17,14,6,12,16,14,1,0,0,1,6,2,1,6,1,1,35,46
"11179",12,18,14,6,18,16,15,18,14,6,18,16,15,1,2,0,NA,0,0,0,0,0,0,35,46
"11180",0,0,0,0,0,0,0,0,0,0,0,0,0,0,0,0,0,0,0,0,0,0,0,0,0
"11181",1,1,6,1,1,5,1,1,1,1,1,1,1,5,2,4,2,4,0,5,4,2,2,5,4
"11182",2,3,6,1,1,5,6,1,6,1,1,5,1,2,0,0,5,5,2,2,5,1,3,7,9
"11183",3,5,6,1,6,5,6,3,6,1,1,5,6,5,2,0,5,0,0,2,5,1,1,9,14
"11184",4,7,6,1,12,8,6,5,6,1,6,5,6,2,2,6,2,6,0,2,6,1,1,11,23
"11185",5,7,6,3,12,8,11,7,6,1,12,8,6,2,0,0,2,2,5,2,5,3,3,13,28
"11186",6,9,6,3,12,8,13,7,6,3,12,8,11,2,2,0,2,0,0,2,2,1,3,15,30
"11187",7,9,6,11,12,17,13,9,6,3,12,8,13,4,6,6,4,6,0,6,6,3,2,23,39
"11188",8,9,10,11,12,17,16,9,6,11,12,17,13,4,0,0,2,3,3,4,3,2,3,27,42
"11189",9,9,12,11,12,20,16,9,10,11,12,17,16,2,3,0,3,0,0,2,3,2,2,29,45
"11190",10,9,15,11,13,20,16,9,12,11,12,20,16,3,1,2,1,2,0,3,1,2,1,32,46
"11191",11,11,15,11,17,20,16,9,15,11,13,20,16,2,0,0,4,6,5,2,4,1,1,34,50
"11192",12,11,15,11,17,20,16,11,15,11,17,20,16,6,5,0,NA,0,0,0,0,0,0,34,50
"11193",0,0,0,0,0,0,0,0,0,0,0,0,0,0,0,0,0,0,0,0,0,0,0,0,0
"11194",1,7,1,4,4,7,1,1,1,1,1,1,1,6,2,6,2,6,0,6,6,1,2,9,9
"11195",2,7,1,6,4,10,1,7,1,4,4,7,1,2,0,0,3,1,5,2,3,3,2,11,12
"11196",3,7,6,6,4,10,2,7,1,6,4,10,1,1,5,0,1,0,0,5,1,2,3,16,13
"11197",4,7,6,11,4,10,4,7,6,6,4,10,2,1,2,5,1,2,0,5,2,3,3,21,15
"11198",5,8,6,11,4,14,4,7,6,11,4,10,4,1,0,0,4,1,1,1,4,1,2,22,19
"11199",6,8,6,12,4,15,4,8,6,11,4,14,4,1,1,0,1,0,0,1,1,3,2,23,20
"11200",7,13,6,12,4,20,4,8,6,12,4,15,4,5,5,2,5,2,0,5,5,1,2,28,25
"11201",8,15,6,12,4,24,4,13,6,12,4,20,4,2,0,0,3,3,4,2,4,1,2,30,29
"11202",9,18,6,12,7,24,4,15,6,12,4,24,4,3,3,0,3,0,0,3,3,1,1,33,32
"11203",10,18,12,16,7,29,4,18,6,12,7,24,4,5,6,4,5,4,0,6,5,2,2,43,37
"11204",11,22,1,16,7,37,4,18,12,16,7,29,4,4,0,0,5,4,5,4,5,1,2,36,45
"11205",12,22,1,16,7,37,4,22,1,16,7,37,4,4,5,0,NA,0,0,0,0,0,0,36,45
"11206",0,0,0,0,0,0,0,0,0,0,0,0,0,0,0,0,0,0,0,0,0,0,0,0,0
"11207",1,3,1,1,1,7,5,1,1,1,1,1,1,4,2,6,4,6,0,2,6,1,2,2,10
"11208",2,7,1,1,1,7,9,3,1,1,1,7,5,4,0,0,6,5,4,4,4,1,3,6,14
"11209",3,9,7,1,6,7,9,7,1,1,1,7,9,6,5,0,5,0,0,6,5,2,1,14,19
"11210",4,20,7,7,11,7,9,9,7,1,6,7,9,6,5,5,5,5,0,6,5,1,1,31,24
"11211",5,20,7,12,11,11,9,20,7,7,11,7,9,5,0,0,4,2,1,5,4,3,2,36,28
"11212",6,22,7,12,12,11,9,20,7,12,11,11,9,2,1,0,1,0,0,2,1,1,1,38,29
"11213",7,27,19,12,16,11,9,22,7,12,12,11,9,3,6,4,3,4,0,6,4,2,1,55,33
"11214",8,30,19,12,19,11,9,27,19,12,16,11,9,3,0,0,1,3,1,3,3,1,1,58,36
"11215",9,31,19,17,19,12,1,30,19,12,19,11,9,1,1,0,1,0,0,1,1,1,2,64,29
"11216",10,31,22,17,22,12,1,31,19,17,19,12,1,6,3,3,6,3,0,3,3,2,1,67,32
"11217",11,43,22,17,22,17,1,31,22,17,22,12,1,6,0,0,4,4,5,6,5,1,2,79,37
"11218",12,43,22,17,22,17,1,43,22,17,22,17,1,4,4,0,NA,0,0,0,0,0,0,79,37
"11219",0,0,0,0,0,0,0,0,0,0,0,0,0,0,0,0,0,0,0,0,0,0,0,0,0
"11220",1,1,1,2,7,12,1,1,1,1,1,1,1,1,2,6,2,6,0,1,6,3,1,1,17
"11221",2,1,3,2,7,12,6,1,1,2,7,12,1,2,0,0,5,5,5,2,5,2,3,3,22
"11222",3,1,3,7,7,12,11,1,3,2,7,12,6,5,5,0,5,0,0,5,5,3,3,8,27
"11223",4,1,3,11,19,12,14,1,3,7,7,12,11,4,1,6,1,6,0,4,6,3,1,12,42
"11224",5,1,3,12,19,16,14,1,3,11,19,12,14,1,0,0,2,4,6,1,4,3,2,13,46
"11225",6,1,3,14,19,18,20,1,3,12,19,16,14,2,6,0,6,0,0,2,6,3,3,15,54
"11226",7,1,3,18,23,18,20,1,3,14,19,18,20,3,4,4,3,4,0,4,4,3,1,19,58
"11227",8,1,6,18,23,18,23,1,3,18,23,18,20,3,0,0,3,5,1,3,3,2,3,22,61
"11228",9,6,6,18,23,18,24,1,6,18,23,18,23,5,1,0,1,0,0,5,1,1,3,27,62
"11229",10,6,6,23,23,22,24,6,6,18,23,18,24,4,5,5,4,5,0,5,4,3,2,32,66
"11230",11,11,6,23,24,22,24,6,6,23,23,22,24,5,0,0,1,6,1,5,1,1,1,37,67
"11231",12,11,6,23,24,22,24,11,6,23,24,22,24,6,1,0,NA,0,0,0,0,0,0,37,67
"11232",0,0,0,0,0,0,0,0,0,0,0,0,0,0,0,0,0,0,0,0,0,0,0,0,0
"11233",1,5,1,1,9,1,7,1,1,1,1,1,1,5,4,6,5,6,0,4,6,1,3,4,14
"11234",2,10,1,1,9,5,7,5,1,1,9,1,7,5,0,0,4,5,4,5,4,1,2,9,18
"11235",3,10,6,1,13,5,7,10,1,1,9,5,7,5,4,0,4,0,0,5,4,2,1,14,22
"11236",4,10,6,5,18,5,7,10,6,1,13,5,7,4,1,5,1,5,0,4,5,3,1,18,27
"11237",5,11,6,5,18,11,10,10,6,5,18,5,7,1,0,0,3,4,6,1,6,1,2,19,36
"11238",6,11,6,9,18,11,13,11,6,5,18,11,10,3,4,0,3,0,0,4,3,3,3,23,39
"11239",7,13,6,9,18,11,14,11,6,9,18,11,13,2,2,1,2,1,0,2,1,1,3,25,40
"11240",8,15,6,9,23,11,20,13,6,9,18,11,14,2,0,0,1,1,6,2,6,1,3,27,51
"11241",9,16,6,9,23,12,20,15,6,9,23,11,20,1,1,0,1,0,0,1,1,1,2,28,52
"11242",10,18,1,9,30,12,20,16,6,9,23,12,20,2,5,1,5,1,0,2,5,1,1,25,59
"11243",11,19,1,9,30,16,20,18,1,9,30,12,20,1,0,0,4,3,6,1,4,1,2,26,63
"11244",12,19,1,9,30,16,20,19,1,9,30,16,20,3,6,0,NA,0,0,0,0,0,0,26,63
"11245",0,0,0,0,0,0,0,0,0,0,0,0,0,0,0,0,0,0,0,0,0,0,0,0,0
"11246",1,6,1,1,4,1,1,1,1,1,1,1,1,5,3,5,3,5,0,5,3,1,1,5,3
"11247",2,6,6,1,4,2,7,6,1,1,4,1,1,5,0,0,4,6,1,5,6,2,3,10,10
"11248",3,7,6,1,4,6,7,6,6,1,4,2,7,4,1,0,4,0,0,1,4,1,2,11,14
"11249",4,7,6,5,10,6,10,7,6,1,4,6,7,6,4,5,6,5,0,4,6,3,1,15,23
"11250",5,7,6,10,10,10,10,7,6,5,10,6,10,5,0,0,4,1,1,5,4,3,2,20,27
"11251",6,8,6,10,10,10,11,7,6,10,10,10,10,1,1,0,1,0,0,1,1,1,3,21,28
"11252",7,8,6,14,10,10,16,8,6,10,10,10,11,4,5,1,5,1,0,4,5,3,3,25,33
"11253",8,9,6,14,10,10,19,8,6,14,10,10,16,1,0,0,3,2,1,1,3,1,3,26,36
"11254",9,11,6,14,11,10,19,9,6,14,10,10,19,2,1,0,1,0,0,2,1,1,1,28,37
"11255",10,16,6,14,15,10,19,11,6,14,11,10,19,5,4,4,4,4,0,5,4,1,1,33,41
"11256",11,16,10,14,27,10,19,16,6,14,15,10,19,4,0,0,6,1,2,4,6,2,1,37,53
"11257",12,16,10,14,27,10,19,16,10,14,27,10,19,1,2,0,NA,0,0,0,0,0,0,37,53
"11258",0,0,0,0,0,0,0,0,0,0,0,0,0,0,0,0,0,0,0,0,0,0,0,0,0
"11259",1,1,1,4,5,1,1,1,1,1,1,1,1,4,3,3,4,3,0,3,4,3,1,3,4
"11260",2,4,1,4,10,1,1,1,1,4,5,1,1,3,0,0,1,5,1,3,5,1,1,6,9
"11261",3,4,2,4,10,2,1,4,1,4,10,1,1,1,1,0,1,0,0,1,1,2,2,7,10
"11262",4,4,2,8,10,2,5,4,2,4,10,2,1,4,1,4,1,4,0,4,4,3,3,11,14
"11263",5,5,2,8,15,2,5,4,2,8,10,2,5,1,0,0,5,2,5,1,5,1,1,12,19
"11264",6,5,4,8,15,7,5,5,2,8,15,2,5,2,5,0,5,0,0,2,5,2,2,14,24
"11265",7,5,4,13,15,12,11,5,4,8,15,7,5,3,5,6,3,6,0,5,6,3,3,19,35
"11266",8,5,4,16,20,12,11,5,4,13,15,12,11,3,0,0,2,5,3,3,5,3,1,22,40
"11267",9,5,4,18,20,15,11,5,4,16,20,12,11,2,3,0,3,0,0,2,3,3,2,24,43
"11268",10,5,9,18,20,16,11,5,4,18,20,15,11,5,1,5,1,5,0,5,1,2,2,29,44
"11269",11,10,9,18,22,16,11,5,9,18,20,16,11,5,0,0,2,3,4,5,2,1,1,34,46
"11270",12,10,9,18,22,16,11,10,9,18,22,16,11,3,4,0,NA,0,0,0,0,0,0,34,46
"11271",0,0,0,0,0,0,0,0,0,0,0,0,0,0,0,0,0,0,0,0,0,0,0,0,0
"11272",1,6,1,1,5,1,1,1,1,1,1,1,1,5,1,4,1,4,0,5,4,1,1,5,4
"11273",2,6,2,1,8,1,7,6,1,1,5,1,1,1,0,0,1,6,6,1,6,2,3,6,13
"11274",3,6,13,1,8,2,7,6,2,1,8,1,7,1,6,0,1,0,0,6,1,2,2,17,14
"11275",4,6,19,5,10,2,7,6,13,1,8,2,7,2,2,6,2,2,0,6,2,2,1,27,16
"11276",5,8,19,5,10,2,12,6,19,5,10,2,7,2,0,0,5,5,4,2,5,1,3,29,21
"11277",6,12,19,5,15,2,12,8,19,5,10,2,12,5,4,0,5,0,0,4,5,1,1,33,26
"11278",7,18,19,10,15,2,15,12,19,5,15,2,12,6,3,3,3,3,0,6,3,1,3,44,29
"11279",8,18,19,13,15,2,19,18,19,10,15,2,15,3,0,0,4,2,4,3,4,3,3,47,33
"11280",9,20,19,13,19,2,19,18,19,13,15,2,19,2,4,0,4,0,0,2,4,1,1,49,37
"11281",10,30,25,13,19,7,19,20,19,13,19,2,19,6,5,5,5,5,0,6,5,2,2,65,42
"11282",11,1,25,13,19,18,19,30,25,13,19,7,19,5,0,0,6,3,1,5,6,1,2,36,53
"11283",12,1,25,13,19,18,19,1,25,13,19,18,19,3,1,0,NA,0,0,0,0,0,0,36,53
"11284",0,0,0,0,0,0,0,0,0,0,0,0,0,0,0,0,0,0,0,0,0,0,0,0,0
"11285",1,7,5,1,1,6,1,1,1,1,1,1,1,3,6,5,3,5,0,6,5,1,2,10,5
"11286",2,10,5,1,5,6,1,7,5,1,1,6,1,3,0,0,1,4,4,3,4,1,1,13,9
"11287",3,10,9,1,6,6,1,10,5,1,5,6,1,1,4,0,1,0,0,4,1,2,1,17,10
"11288",4,14,9,1,8,6,1,10,9,1,6,6,1,4,1,2,1,2,0,4,2,1,1,21,12
"11289",5,14,10,1,12,6,1,14,9,1,8,6,1,1,0,0,4,2,4,1,4,2,1,22,16
"11290",6,14,10,5,14,6,1,14,10,1,12,6,1,2,4,0,2,0,0,4,2,3,1,26,18
"11291",7,18,10,5,14,9,1,14,10,5,14,6,1,3,3,4,3,3,0,4,3,1,2,30,21
"11292",8,18,13,5,19,9,1,18,10,5,14,9,1,3,0,0,1,6,5,3,5,2,1,33,26
"11293",9,18,13,14,19,10,1,18,13,5,19,9,1,1,6,0,1,0,0,6,1,3,2,42,27
"11294",10,18,14,14,24,10,1,18,13,14,19,10,1,1,1,5,1,5,0,1,5,2,1,43,32
"11295",11,18,14,15,25,10,1,18,14,14,24,10,1,1,0,0,1,2,3,1,1,3,1,44,33
"11296",12,18,14,15,25,10,1,18,14,15,25,10,1,2,3,0,NA,0,0,0,0,0,0,44,33
"11297",0,0,0,0,0,0,0,0,0,0,0,0,0,0,0,0,0,0,0,0,0,0,0,0,0
"11298",1,4,1,1,1,1,4,1,1,1,1,1,1,1,3,3,1,3,0,3,3,1,3,3,3
"11299",2,5,1,1,7,6,4,4,1,1,1,1,4,1,0,0,4,6,1,1,6,1,1,4,14
"11300",3,5,5,1,8,6,4,5,1,1,7,6,4,4,1,0,1,0,0,4,1,2,1,8,15
"11301",4,5,5,6,8,9,10,5,5,1,8,6,4,5,4,6,4,6,0,5,6,3,3,13,24
"11302",5,9,5,6,8,9,15,5,5,6,8,9,10,4,0,0,3,5,5,4,5,1,3,17,29
"11303",6,14,5,6,11,9,15,9,5,6,8,9,15,3,5,0,3,0,0,5,3,1,1,22,32
"11304",7,17,5,6,14,15,15,14,5,6,11,9,15,2,6,3,2,6,0,3,6,1,2,25,41
"11305",8,19,5,6,19,21,15,17,5,6,14,15,15,2,0,0,5,4,6,2,6,1,2,27,52
"11306",9,24,5,6,23,21,15,19,5,6,19,21,15,5,4,0,4,0,0,5,4,1,1,32,56
"11307",10,33,5,6,23,25,21,24,5,6,23,21,15,4,6,6,4,6,0,6,6,1,3,41,66
"11308",11,37,5,6,24,25,21,33,5,6,23,25,21,4,0,0,1,4,4,4,1,1,1,45,67
"11309",12,37,5,6,24,25,21,37,5,6,24,25,21,4,4,0,NA,0,0,0,0,0,0,45,67
"11310",0,0,0,0,0,0,0,0,0,0,0,0,0,0,0,0,0,0,0,0,0,0,0,0,0
"11311",1,5,1,1,11,1,1,1,1,1,1,1,1,6,4,4,6,4,0,4,6,1,1,4,10
"11312",2,9,1,1,11,1,6,5,1,1,11,1,1,4,0,0,2,4,5,4,5,1,3,8,15
"11313",3,9,3,1,11,5,6,9,1,1,11,1,6,2,4,0,4,0,0,2,4,2,2,10,19
"11314",4,10,3,1,11,5,11,9,3,1,11,5,6,1,5,1,5,1,0,1,5,1,3,11,24
"11315",5,10,3,2,11,5,16,10,3,1,11,5,11,1,0,0,2,2,5,1,5,3,3,12,29
"11316",6,10,3,4,13,5,16,10,3,2,11,5,16,2,2,0,2,0,0,2,2,3,1,14,31
"11317",7,10,8,4,13,9,16,10,3,4,13,5,16,4,5,3,4,3,0,5,4,2,2,19,35
"11318",8,13,8,4,18,15,22,10,8,4,13,9,16,3,0,0,3,6,4,3,6,1,2,22,52
"11319",9,13,12,4,18,18,22,13,8,4,18,15,22,3,4,0,3,0,0,4,3,2,2,26,55
"11320",10,17,12,4,20,18,22,13,12,4,18,18,22,4,2,3,2,3,0,4,2,1,1,30,57
"11321",11,20,12,4,24,18,22,17,12,4,20,18,22,3,0,0,4,6,6,3,4,1,1,33,61
"11322",12,20,12,4,24,18,22,20,12,4,24,18,22,6,6,0,NA,0,0,0,0,0,0,33,61
"11323",0,0,0,0,0,0,0,0,0,0,0,0,0,0,0,0,0,0,0,0,0,0,0,0,0
"11324",1,2,1,1,3,1,1,1,1,1,1,1,1,2,1,1,2,1,0,1,2,1,1,1,2
"11325",2,2,1,2,3,4,1,2,1,1,3,1,1,1,0,0,1,3,2,1,3,3,2,2,5
"11326",3,3,1,2,5,4,1,2,1,2,3,4,1,1,2,0,2,0,0,1,2,1,1,3,7
"11327",4,3,5,2,5,9,1,3,1,2,5,4,1,5,4,3,5,3,0,4,5,2,2,7,12
"11328",5,3,8,2,11,10,1,3,5,2,5,9,1,3,0,0,3,6,4,3,6,2,1,10,19
"11329",6,3,11,2,11,10,5,3,8,2,11,10,1,3,4,0,4,0,0,3,4,2,3,13,23
"11330",7,7,11,2,11,10,10,3,11,2,11,10,5,5,4,5,5,5,0,4,5,1,3,17,28
"11331",8,7,16,2,13,16,10,7,11,2,11,10,10,5,0,0,6,4,5,5,6,2,2,22,36
"11332",9,7,21,2,13,20,10,7,16,2,13,16,10,4,5,0,4,0,0,5,4,2,2,27,40
"11333",10,7,21,6,23,20,10,7,21,2,13,20,10,6,4,2,6,2,0,4,6,3,1,31,50
"11334",11,9,21,6,23,20,14,7,21,6,23,20,10,2,0,0,4,6,2,2,4,1,3,33,54
"11335",12,9,21,6,23,20,14,9,21,6,23,20,14,6,2,0,NA,0,0,0,0,0,0,33,54
"11336",0,0,0,0,0,0,0,0,0,0,0,0,0,0,0,0,0,0,0,0,0,0,0,0,0
"11337",1,1,2,1,1,3,1,1,1,1,1,1,1,1,1,2,1,2,0,1,2,2,2,1,2
"11338",2,1,3,1,5,3,1,1,2,1,1,3,1,1,0,0,4,4,1,1,4,2,1,2,6
"11339",3,1,7,1,5,4,1,1,3,1,5,3,1,4,1,0,1,0,0,4,1,2,2,6,7
"11340",4,1,10,1,10,4,1,1,7,1,5,4,1,1,3,5,1,5,0,3,5,2,1,9,12
"11341",5,2,10,1,10,4,11,1,10,1,10,4,1,1,0,0,1,6,6,1,6,1,3,10,22
"11342",6,8,10,2,10,5,11,2,10,1,10,4,11,1,6,0,1,0,0,6,1,1,2,17,23
"11343",7,8,14,2,15,5,11,8,10,2,10,5,11,2,4,5,2,5,0,4,5,2,1,21,28
"11344",8,10,14,2,15,7,11,8,14,2,15,5,11,2,0,0,2,2,2,2,2,1,2,23,30
"11345",9,10,16,2,15,7,13,10,14,2,15,7,11,2,2,0,2,0,0,2,2,2,3,25,32
"11346",10,10,22,7,24,7,19,10,16,2,15,7,13,6,6,3,6,3,0,6,6,2,3,36,47
"11347",11,13,22,7,25,7,19,10,22,7,24,7,19,3,0,0,1,4,1,3,1,1,1,39,48
"11348",12,13,22,7,25,7,19,13,22,7,25,7,19,4,1,0,NA,0,0,0,0,0,0,39,48
"11349",0,0,0,0,0,0,0,0,0,0,0,0,0,0,0,0,0,0,0,0,0,0,0,0,0
"11350",1,1,1,8,1,6,1,1,1,1,1,1,1,6,5,5,5,5,0,6,5,3,2,7,5
"11351",2,6,1,8,6,6,1,1,1,8,1,6,1,5,0,0,5,5,2,5,5,1,1,12,10
"11352",3,6,1,13,8,6,1,6,1,8,6,6,1,5,2,0,2,0,0,5,2,3,1,17,12
"11353",4,9,1,13,8,9,1,6,1,13,8,6,1,3,4,3,4,3,0,3,3,1,2,20,15
"11354",5,13,1,13,8,16,1,9,1,13,8,9,1,4,0,0,6,6,4,4,6,1,2,24,22
"11355",6,22,1,13,8,20,1,13,1,13,8,16,1,6,4,0,4,0,0,6,4,1,2,33,26
"11356",7,22,1,16,13,20,1,22,1,13,8,20,1,5,3,2,5,2,0,3,5,3,1,36,31
"11357",8,22,1,18,13,23,1,22,1,16,13,20,1,2,0,0,3,1,2,2,3,3,2,38,34
"11358",9,22,2,18,15,23,1,22,1,18,13,23,1,1,2,0,2,0,0,1,2,2,1,39,36
"11359",10,22,3,18,19,23,1,22,2,18,15,23,1,4,3,1,4,3,0,1,4,2,1,40,40
"11360",11,22,1,21,30,23,1,22,3,18,19,23,1,3,0,0,6,1,1,3,6,3,1,41,51
"11361",12,22,1,21,30,23,1,22,1,21,30,23,1,1,1,0,NA,0,0,0,0,0,0,41,51
"11362",0,0,0,0,0,0,0,0,0,0,0,0,0,0,0,0,0,0,0,0,0,0,0,0,0
"11363",1,1,1,6,1,3,1,1,1,1,1,1,1,5,2,2,2,2,0,5,2,3,2,5,2
"11364",2,1,1,8,6,3,7,1,1,6,1,3,1,2,0,0,1,6,1,2,6,3,3,7,13
"11365",3,1,1,9,6,4,7,1,1,8,6,3,7,1,1,0,1,0,0,1,1,3,2,8,14
"11366",4,1,3,9,13,10,7,1,1,9,6,4,7,6,2,3,6,3,0,2,6,2,1,10,27
"11367",5,4,3,9,13,10,17,1,3,9,13,10,7,3,0,0,2,6,4,3,6,1,3,13,37
"11368",6,8,3,9,13,12,17,4,3,9,13,10,17,2,4,0,2,0,0,4,2,1,2,17,39
"11369",7,8,8,9,13,12,18,8,3,9,13,12,17,1,5,4,1,4,0,5,1,2,3,22,40
"11370",8,12,8,9,13,15,24,8,8,9,13,12,18,4,0,0,2,4,6,4,6,1,3,26,49
"11371",9,14,8,9,13,19,24,12,8,9,13,15,24,2,4,0,4,0,0,2,4,1,2,28,53
"11372",10,16,8,9,17,19,24,14,8,9,13,19,24,2,4,4,4,4,0,2,4,1,1,30,57
"11373",11,20,8,9,20,19,24,16,8,9,17,19,24,4,0,0,3,2,3,4,3,1,1,34,60
"11374",12,20,8,9,20,19,24,20,8,9,20,19,24,2,3,0,NA,0,0,0,0,0,0,34,60
"11375",0,0,0,0,0,0,0,0,0,0,0,0,0,0,0,0,0,0,0,0,0,0,0,0,0
"11376",1,1,1,2,6,1,1,1,1,1,1,1,1,1,5,1,5,1,0,1,5,3,1,1,5
"11377",2,2,1,2,9,1,1,1,1,2,6,1,1,1,0,0,3,1,5,1,3,1,1,2,8
"11378",3,7,1,2,9,2,1,2,1,2,9,1,1,1,5,0,1,0,0,5,1,1,2,7,9
"11379",4,7,1,3,9,2,5,7,1,2,9,2,1,1,4,4,4,4,0,1,4,3,3,8,13
"11380",5,11,1,3,9,7,5,7,1,3,9,2,5,4,0,0,5,1,5,4,5,1,2,12,18
"11381",6,16,1,3,9,8,5,11,1,3,9,7,5,1,5,0,1,0,0,5,1,1,2,17,19
"11382",7,20,1,3,10,8,5,16,1,3,9,8,5,1,1,4,1,1,0,4,1,1,1,21,20
"11383",8,20,2,3,10,8,10,20,1,3,10,8,5,1,0,0,5,2,2,1,5,2,3,22,25
"11384",9,22,2,3,12,8,10,20,2,3,10,8,10,2,2,0,2,0,0,2,2,1,1,24,27
"11385",10,32,6,3,12,1,6,22,2,3,12,8,10,5,6,2,5,2,0,6,5,1,3,38,16
"11386",11,1,8,3,15,1,10,32,6,3,12,1,6,2,0,0,5,2,4,2,4,2,3,9,23
"11387",12,1,8,3,15,1,10,1,8,3,15,1,10,5,2,0,NA,0,0,0,0,0,0,9,23
"11388",0,0,0,0,0,0,0,0,0,0,0,0,0,0,0,0,0,0,0,0,0,0,0,0,0
"11389",1,11,1,7,4,7,1,1,1,1,1,1,1,6,2,6,2,6,0,6,6,3,2,16,9
"11390",2,11,1,9,4,16,1,11,1,7,4,7,1,2,0,0,2,6,5,2,6,3,2,18,18
"11391",3,16,1,9,4,18,1,11,1,9,4,16,1,2,5,0,2,0,0,5,2,1,2,23,20
"11392",4,19,1,9,4,19,1,16,1,9,4,18,1,1,3,2,1,2,0,3,1,1,2,26,21
"11393",5,21,1,9,9,19,1,19,1,9,4,19,1,2,0,0,3,1,5,2,5,1,1,28,26
"11394",6,21,1,12,9,20,1,21,1,9,9,19,1,3,1,0,1,0,0,3,1,3,2,31,27
"11395",7,21,1,16,9,20,6,21,1,12,9,20,1,3,5,4,3,5,0,4,5,3,3,35,32
"11396",8,24,1,16,9,23,6,21,1,16,9,20,6,3,0,0,2,6,3,3,3,1,2,38,35
"11397",9,24,18,16,11,23,6,24,1,16,9,23,6,2,6,0,2,0,0,6,2,2,1,55,37
"11398",10,26,18,16,16,23,6,24,18,16,11,23,6,2,5,3,5,3,0,2,5,1,1,57,42
"11399",11,26,21,16,17,23,6,26,18,16,16,23,6,3,0,0,1,1,5,3,1,2,1,60,43
"11400",12,26,21,16,17,23,6,26,21,16,17,23,6,1,5,0,NA,0,0,0,0,0,0,60,43
"11401",0,0,0,0,0,0,0,0,0,0,0,0,0,0,0,0,0,0,0,0,0,0,0,0,0
"11402",1,1,1,4,1,4,1,1,1,1,1,1,1,3,3,3,3,3,0,3,3,3,2,3,3
"11403",2,1,4,4,1,9,1,1,1,4,1,4,1,3,0,0,1,5,2,3,5,2,2,6,8
"11404",3,3,4,4,1,10,1,1,4,4,1,9,1,1,2,0,1,0,0,2,1,1,2,8,9
"11405",4,7,4,4,3,10,1,3,4,4,1,10,1,4,2,2,2,2,0,4,2,1,1,12,11
"11406",5,9,4,4,3,14,1,7,4,4,3,10,1,2,0,0,4,4,3,2,4,1,2,14,15
"11407",6,9,4,8,6,14,1,9,4,4,3,14,1,4,3,0,3,0,0,4,3,3,1,18,18
"11408",7,9,4,12,12,25,1,9,4,8,6,14,1,4,3,6,3,6,0,4,6,3,1,22,35
"11409",8,9,4,15,15,25,1,9,4,12,12,25,1,3,0,0,3,1,2,3,3,3,1,25,38
"11410",9,10,4,15,17,25,1,9,4,15,15,25,1,1,2,0,2,0,0,1,2,1,1,26,40
"11411",10,15,4,21,22,25,7,10,4,15,17,25,1,6,1,6,1,6,0,6,6,3,3,37,51
"11412",11,16,4,21,25,25,7,15,4,21,22,25,7,1,0,0,3,3,1,1,3,1,1,38,54
"11413",12,16,4,21,25,25,7,16,4,21,25,25,7,3,1,0,NA,0,0,0,0,0,0,38,54
"11414",0,0,0,0,0,0,0,0,0,0,0,0,0,0,0,0,0,0,0,0,0,0,0,0,0
"11415",1,1,6,1,1,6,1,1,1,1,1,1,1,5,5,2,5,2,0,5,5,2,2,5,5
"11416",2,1,8,1,4,6,7,1,6,1,1,6,1,2,0,0,4,5,6,2,6,2,3,7,14
"11417",3,1,8,5,9,6,7,1,8,1,4,6,7,4,5,0,5,0,0,4,5,3,1,11,19
"11418",4,1,8,9,9,6,12,1,8,5,9,6,7,1,4,5,1,5,0,4,5,3,3,15,24
"11419",5,1,8,10,9,16,12,1,8,9,9,6,12,1,0,0,5,2,6,1,6,3,2,16,34
"11420",6,1,10,10,9,16,17,1,8,10,9,16,12,5,2,0,5,0,0,2,5,2,3,18,39
"11421",7,1,10,21,14,16,17,1,10,10,9,16,17,4,5,6,4,5,0,6,5,3,1,29,44
"11422",8,1,14,21,14,19,17,1,10,21,14,16,17,4,0,0,3,3,2,4,3,2,2,33,47
"11423",9,1,17,21,14,21,17,1,14,21,14,19,17,3,2,0,2,0,0,3,2,2,2,36,49
"11424",10,1,17,26,19,21,17,1,17,21,14,21,17,5,5,5,5,5,0,5,5,3,1,41,54
"11425",11,6,17,26,27,21,17,1,17,26,19,21,17,5,0,0,6,3,2,5,6,1,1,46,62
"11426",12,6,17,26,27,21,17,6,17,26,27,21,17,3,2,0,NA,0,0,0,0,0,0,46,62
"11427",0,0,0,0,0,0,0,0,0,0,0,0,0,0,0,0,0,0,0,0,0,0,0,0,0
"11428",1,3,1,1,1,1,6,1,1,1,1,1,1,5,2,2,5,2,0,2,5,1,3,2,5
"11429",2,5,1,1,7,3,6,3,1,1,1,1,6,2,0,0,6,1,2,2,6,1,1,4,13
"11430",3,6,1,1,9,3,6,5,1,1,7,3,6,1,2,0,2,0,0,1,2,1,1,5,15
"11431",4,6,3,1,9,6,12,6,1,1,9,3,6,6,2,2,6,2,0,2,6,2,3,7,24
"11432",5,8,3,1,15,6,15,6,3,1,9,6,12,2,0,0,4,4,6,2,6,1,1,9,33
"11433",6,12,3,1,15,10,15,8,3,1,15,6,15,4,4,0,4,0,0,4,4,1,2,13,37
"11434",7,12,4,1,15,10,16,12,3,1,15,10,15,1,1,2,1,2,0,1,1,2,3,14,38
"11435",8,14,4,1,15,10,19,12,4,1,15,10,16,2,0,0,6,4,3,2,3,1,3,16,41
"11436",9,20,7,1,19,10,19,14,4,1,15,10,19,6,4,0,4,0,0,6,4,1,1,25,45
"11437",10,21,7,1,21,10,19,20,7,1,19,10,19,1,2,4,2,4,0,1,2,1,1,26,47
"11438",11,25,7,1,23,10,19,21,7,1,21,10,19,4,0,0,2,1,1,4,2,1,1,30,49
"11439",12,25,7,1,23,10,19,25,7,1,23,10,19,1,1,0,NA,0,0,0,0,0,0,30,49
"11440",0,0,0,0,0,0,0,0,0,0,0,0,0,0,0,0,0,0,0,0,0,0,0,0,0
"11441",1,1,3,1,1,1,3,1,1,1,1,1,1,2,1,2,1,2,0,2,2,2,3,2,2
"11442",2,1,3,2,7,3,3,1,3,1,1,1,3,1,0,0,6,4,3,1,6,3,1,3,10
"11443",3,1,7,2,10,3,3,1,3,2,7,3,3,4,3,0,3,0,0,4,3,2,1,7,13
"11444",4,7,7,5,13,3,3,1,7,2,10,3,3,3,6,2,3,2,0,6,3,1,1,16,16
"11445",5,7,7,7,13,3,8,7,7,5,13,3,3,2,0,0,1,5,5,2,5,3,3,18,21
"11446",6,12,7,7,14,3,8,7,7,7,13,3,8,1,5,0,1,0,0,5,1,1,1,23,22
"11447",7,21,7,7,18,3,8,12,7,7,14,3,8,6,5,4,5,4,0,6,4,1,1,32,26
"11448",8,21,7,12,21,3,8,21,7,7,18,3,8,5,0,0,3,1,5,5,3,3,1,37,29
"11449",9,21,7,17,21,3,9,21,7,12,21,3,8,1,5,0,1,0,0,5,1,3,3,42,30
"11450",10,21,10,17,21,3,13,21,7,17,21,3,9,3,2,4,2,4,0,3,4,2,3,45,34
"11451",11,23,10,17,21,3,17,21,10,17,21,3,13,2,0,0,6,4,2,2,4,1,3,47,38
"11452",12,23,10,17,21,3,17,23,10,17,21,3,17,6,2,0,NA,0,0,0,0,0,0,47,38
"11453",0,0,0,0,0,0,0,0,0,0,0,0,0,0,0,0,0,0,0,0,0,0,0,0,0
"11454",1,1,2,1,1,6,1,1,1,1,1,1,1,5,2,1,5,2,0,1,5,2,2,1,5
"11455",2,3,2,1,1,6,4,1,2,1,1,6,1,2,0,0,3,4,2,2,3,1,3,3,8
"11456",3,3,6,1,1,6,6,3,2,1,1,6,4,4,2,0,2,0,0,4,2,2,3,7,10
"11457",4,3,6,2,1,11,12,3,6,1,1,6,6,4,6,1,4,6,0,1,6,3,3,8,21
"11458",5,7,6,2,9,17,12,3,6,2,1,11,12,4,0,0,6,4,2,4,6,1,2,12,35
"11459",6,7,10,2,9,17,14,7,6,2,9,17,12,4,2,0,2,0,0,4,2,2,3,16,37
"11460",7,10,10,2,15,17,15,7,10,2,9,17,14,4,3,6,4,6,0,3,6,1,1,19,44
"11461",8,14,10,2,21,28,15,10,10,2,15,17,15,4,0,0,6,4,2,4,6,1,2,23,61
"11462",9,14,10,10,21,1,17,14,10,2,21,28,15,4,2,0,2,0,0,4,2,3,3,31,36
"11463",10,14,10,11,21,3,17,14,10,10,21,1,17,2,1,1,2,1,0,1,2,3,2,32,38
"11464",11,15,10,11,22,3,17,14,10,11,21,3,17,1,0,0,1,5,5,1,1,1,1,33,39
"11465",12,15,10,11,22,3,17,15,10,11,22,3,17,5,5,0,NA,0,0,0,0,0,0,33,39
"11466",0,0,0,0,0,0,0,0,0,0,0,0,0,0,0,0,0,0,0,0,0,0,0,0,0
"11467",1,6,1,1,6,1,1,1,1,1,1,1,1,5,5,2,5,2,0,5,5,1,1,5,5
"11468",2,8,1,1,6,6,1,6,1,1,6,1,1,2,0,0,5,2,2,2,5,1,2,7,10
"11469",3,8,1,3,8,6,1,8,1,1,6,6,1,2,2,0,2,0,0,2,2,3,1,9,12
"11470",4,13,1,3,8,10,1,8,1,3,8,6,1,4,3,5,4,3,0,5,4,1,2,14,16
"11471",5,16,1,3,8,14,7,13,1,3,8,10,1,3,0,0,3,6,2,3,6,1,3,17,26
"11472",6,16,4,3,10,14,7,16,1,3,8,14,7,3,2,0,2,0,0,3,2,2,1,20,28
"11473",7,19,4,3,10,14,11,16,4,3,10,14,7,3,1,4,1,4,0,3,4,1,3,23,32
"11474",8,20,4,3,15,14,11,19,4,3,10,14,11,1,0,0,6,3,5,1,5,1,1,24,37
"11475",9,24,10,3,15,14,14,20,4,3,15,14,11,6,3,0,3,0,0,6,3,2,3,34,40
"11476",10,24,15,3,15,17,14,24,10,3,15,14,14,2,5,3,2,3,0,5,3,2,2,39,43
"11477",11,26,15,3,20,17,14,24,15,3,15,17,14,2,0,0,1,2,5,2,5,1,1,41,48
"11478",12,26,15,3,20,17,14,26,15,3,20,17,14,1,2,0,NA,0,0,0,0,0,0,41,48
"11479",0,0,0,0,0,0,0,0,0,0,0,0,0,0,0,0,0,0,0,0,0,0,0,0,0
"11480",1,7,1,9,1,5,1,1,1,1,1,1,1,4,2,6,4,2,0,6,4,1,2,14,4
"11481",2,7,1,11,1,8,1,7,1,9,1,5,1,2,0,0,3,3,5,2,3,3,2,16,7
"11482",3,12,1,11,4,8,1,7,1,11,1,8,1,3,5,0,3,0,0,5,3,1,1,21,10
"11483",4,12,4,11,4,10,1,12,1,11,4,8,1,1,2,3,1,2,0,3,2,2,2,24,12
"11484",5,12,5,11,8,10,1,12,4,11,4,10,1,1,0,0,6,4,2,1,4,2,1,25,16
"11485",6,18,11,11,10,10,1,12,5,11,8,10,1,6,2,0,2,0,0,6,2,1,1,37,18
"11486",7,18,15,11,14,10,1,18,11,11,10,10,1,4,4,2,4,2,0,4,4,2,1,41,22
"11487",8,20,15,11,15,10,1,18,15,11,14,10,1,2,0,0,1,1,4,2,1,1,1,43,23
"11488",9,21,15,11,15,10,5,20,15,11,15,10,1,1,4,0,4,0,0,1,4,1,3,44,27
"11489",10,25,15,11,15,15,5,21,15,11,15,10,5,4,4,5,4,5,0,4,5,1,2,48,32
"11490",11,29,15,11,19,15,5,25,15,11,15,15,5,4,0,0,4,4,6,4,4,1,1,52,36
"11491",12,29,15,11,19,15,5,29,15,11,19,15,5,4,6,0,NA,0,0,0,0,0,0,52,36
"11492",0,0,0,0,0,0,0,0,0,0,0,0,0,0,0,0,0,0,0,0,0,0,0,0,0
"11493",1,1,1,6,3,1,1,1,1,1,1,1,1,5,2,3,2,3,0,5,2,3,1,5,2
"11494",2,1,1,9,3,5,1,1,1,6,3,1,1,3,0,0,4,4,2,3,4,3,2,8,6
"11495",3,1,3,9,7,5,1,1,1,9,3,5,1,4,2,0,4,0,0,2,4,2,1,10,10
"11496",4,3,3,9,11,5,1,1,3,9,7,5,1,2,4,1,4,1,0,2,4,1,1,12,14
"11497",5,3,4,9,11,5,5,3,3,9,11,5,1,1,0,0,4,4,2,1,4,2,3,13,18
"11498",6,3,4,13,11,7,5,3,4,9,11,5,5,4,2,0,2,0,0,4,2,3,2,17,20
"11499",7,3,8,13,11,7,8,3,4,13,11,7,5,2,3,4,2,3,0,4,3,2,3,21,23
"11500",8,3,10,13,11,7,19,3,8,13,11,7,8,2,0,0,5,6,3,2,6,2,3,23,34
"11501",9,8,10,13,11,7,22,3,10,13,11,7,19,5,3,0,3,0,0,5,3,1,3,28,37
"11502",10,9,10,13,16,7,22,8,10,13,11,7,22,1,1,5,1,5,0,1,5,1,1,29,42
"11503",11,10,10,13,19,7,22,9,10,13,16,7,22,1,0,0,3,1,1,1,3,1,1,30,45
"11504",12,10,10,13,19,7,22,10,10,13,19,7,22,1,1,0,NA,0,0,0,0,0,0,30,45
"11505",0,0,0,0,0,0,0,0,0,0,0,0,0,0,0,0,0,0,0,0,0,0,0,0,0
"11506",1,4,1,1,1,6,1,1,1,1,1,1,1,5,3,2,5,2,0,3,5,1,2,3,5
"11507",2,4,3,1,7,6,2,4,1,1,1,6,1,2,0,0,2,2,6,2,6,2,1,5,12
"11508",3,6,3,1,9,6,2,4,3,1,7,6,2,2,2,0,2,0,0,2,2,1,1,7,14
"11509",4,15,3,1,13,6,2,6,3,1,9,6,2,6,2,4,2,4,0,6,4,1,1,16,18
"11510",5,15,3,3,19,13,2,15,3,1,13,6,2,2,0,0,1,6,4,2,6,3,2,18,31
"11511",6,19,3,3,19,14,2,15,3,3,19,13,2,1,4,0,1,0,0,4,1,1,2,22,32
"11512",7,22,3,3,19,14,9,19,3,3,19,14,2,3,4,6,4,6,0,3,6,1,3,25,39
"11513",8,26,3,3,19,14,19,22,3,3,19,14,9,4,0,0,6,6,1,4,6,1,3,29,49
"11514",9,36,13,3,19,1,20,26,3,3,19,14,19,6,1,0,1,0,0,6,1,1,3,49,37
"11515",10,39,13,3,19,5,20,36,13,3,19,1,20,3,4,4,4,4,0,3,4,1,2,52,41
"11516",11,39,17,3,19,10,20,39,13,3,19,5,20,4,0,0,2,4,5,4,5,2,2,56,46
"11517",12,39,17,3,19,10,20,39,17,3,19,10,20,2,4,0,NA,0,0,0,0,0,0,56,46
"11518",0,0,0,0,0,0,0,0,0,0,0,0,0,0,0,0,0,0,0,0,0,0,0,0,0
"11519",1,1,7,2,1,4,1,1,1,1,1,1,1,6,3,4,3,4,0,6,3,2,2,7,3
"11520",2,1,7,6,1,8,1,1,7,2,1,4,1,4,0,0,2,4,1,4,4,3,2,11,7
"11521",3,3,7,6,1,8,2,1,7,6,1,8,1,2,1,0,1,0,0,2,1,1,3,13,8
"11522",4,3,7,10,1,8,5,3,7,6,1,8,2,3,3,4,3,3,0,4,3,3,3,17,11
"11523",5,3,7,13,1,20,6,3,7,10,1,8,5,3,0,0,2,2,6,3,6,3,2,20,24
"11524",6,3,7,15,3,20,6,3,7,13,1,20,6,2,2,0,2,0,0,2,2,3,1,22,26
"11525",7,3,13,16,9,20,8,3,7,15,3,20,6,2,6,6,2,6,0,6,6,2,1,29,34
"11526",8,3,15,16,9,20,13,3,13,16,9,20,8,2,0,0,5,2,4,2,5,2,3,31,39
"11527",9,3,15,20,9,20,15,3,15,16,9,20,13,2,4,0,2,0,0,4,2,3,3,35,41
"11528",10,8,15,20,15,24,15,3,15,20,9,20,15,5,5,6,5,6,0,5,6,1,1,40,51
"11529",11,13,15,20,23,24,15,8,15,20,15,24,15,5,0,0,5,6,1,5,6,1,1,45,59
"11530",12,13,15,20,23,24,15,13,15,20,23,24,15,5,1,0,NA,0,0,0,0,0,0,45,59
"11531",0,0,0,0,0,0,0,0,0,0,0,0,0,0,0,0,0,0,0,0,0,0,0,0,0
"11532",1,1,5,1,1,6,1,1,1,1,1,1,1,4,2,5,2,5,0,4,5,2,2,4,5
"11533",2,3,5,1,1,7,1,1,5,1,1,6,1,2,0,0,2,1,1,2,1,1,2,6,6
"11534",3,3,6,1,1,9,1,3,5,1,1,7,1,2,1,0,2,0,0,1,2,2,2,7,8
"11535",4,10,6,1,6,9,7,3,6,1,1,9,1,6,6,4,6,4,0,6,6,1,3,14,19
"11536",5,10,6,5,6,9,11,10,6,1,6,9,7,4,0,0,3,4,1,4,4,3,3,18,23
"11537",6,10,9,5,6,10,11,10,6,5,6,9,11,3,1,0,1,0,0,3,1,2,2,21,24
"11538",7,10,13,5,6,16,15,10,9,5,6,10,11,6,4,6,6,6,0,4,6,2,2,25,34
"11539",8,10,20,5,11,16,15,10,13,5,6,16,15,6,0,0,5,1,1,6,5,2,1,32,39
"11540",9,11,20,5,11,16,16,10,20,5,11,16,15,1,1,0,1,0,0,1,1,1,3,33,40
"11541",10,11,23,5,11,19,16,11,20,5,11,16,16,2,3,3,2,3,0,3,3,2,2,36,43
"11542",11,13,23,5,18,19,16,11,23,5,11,19,16,2,0,0,6,3,2,2,6,1,1,38,50
"11543",12,13,23,5,18,19,16,13,23,5,18,19,16,3,2,0,NA,0,0,0,0,0,0,38,50
"11544",0,0,0,0,0,0,0,0,0,0,0,0,0,0,0,0,0,0,0,0,0,0,0,0,0
"11545",1,4,1,1,1,6,1,1,1,1,1,1,1,3,5,3,5,3,0,3,5,1,2,3,5
"11546",2,4,1,4,1,12,5,4,1,1,1,6,1,3,0,0,6,2,6,3,6,3,2,6,15
"11547",3,4,9,4,1,14,5,4,1,4,1,12,5,2,6,0,2,0,0,6,2,2,2,14,17
"11548",4,9,9,4,3,14,5,4,9,4,1,14,5,5,2,1,2,1,0,5,2,1,1,19,19
"11549",5,10,9,4,3,14,9,9,9,4,3,14,5,1,0,0,4,4,4,1,4,1,3,20,23
"11550",6,10,13,4,3,14,13,10,9,4,3,14,9,4,4,0,4,0,0,4,4,2,3,24,27
"11551",7,15,13,4,3,14,14,10,13,4,3,14,13,2,5,1,2,1,0,5,1,1,3,29,28
"11552",8,15,13,6,3,14,19,15,13,4,3,14,14,2,0,0,5,4,4,2,5,3,3,31,33
"11553",9,15,13,10,3,18,19,15,13,6,3,14,19,4,4,0,4,0,0,4,4,3,2,35,37
"11554",10,15,14,10,3,20,19,15,13,10,3,18,19,1,2,1,2,1,0,1,2,2,2,36,39
"11555",11,16,14,10,4,20,19,15,14,10,3,20,19,1,0,0,1,1,2,1,1,1,1,37,40
"11556",12,16,14,10,4,20,19,16,14,10,4,20,19,1,2,0,NA,0,0,0,0,0,0,37,40
"11557",0,0,0,0,0,0,0,0,0,0,0,0,0,0,0,0,0,0,0,0,0,0,0,0,0
"11558",1,1,4,1,1,4,1,1,1,1,1,1,1,3,3,1,3,1,0,3,3,2,2,3,3
"11559",2,2,4,1,1,4,6,1,4,1,1,4,1,1,0,0,1,3,5,1,5,1,3,4,8
"11560",3,5,4,1,2,4,6,2,4,1,1,4,6,1,3,0,1,0,0,3,1,1,1,7,9
"11561",4,8,4,1,2,4,17,5,4,1,2,4,6,3,1,6,1,6,0,3,6,1,3,10,20
"11562",5,8,5,1,5,4,17,8,4,1,2,4,17,1,0,0,1,3,3,1,3,2,1,11,23
"11563",6,9,5,1,5,7,17,8,5,1,5,4,17,1,3,0,3,0,0,1,3,1,2,12,26
"11564",7,9,7,1,5,10,17,9,5,1,5,7,17,2,1,3,1,3,0,2,3,2,2,14,29
"11565",8,10,7,1,5,16,20,9,7,1,5,10,17,1,0,0,4,3,6,1,6,1,2,15,38
"11566",9,10,10,1,9,16,20,10,7,1,5,16,20,4,3,0,4,0,0,3,4,2,1,18,42
"11567",10,10,12,1,9,21,20,10,10,1,9,16,20,2,5,2,5,2,0,2,5,2,2,20,47
"11568",11,12,12,1,10,21,20,10,12,1,9,21,20,2,0,0,1,2,6,2,1,1,1,22,48
"11569",12,12,12,1,10,21,20,12,12,1,10,21,20,2,6,0,NA,0,0,0,0,0,0,22,48
"11570",0,0,0,0,0,0,0,0,0,0,0,0,0,0,0,0,0,0,0,0,0,0,0,0,0
"11571",1,4,1,1,1,6,7,1,1,1,1,1,1,6,6,3,6,6,0,3,6,1,3,3,11
"11572",2,4,12,1,1,10,7,4,1,1,1,6,7,6,0,0,1,3,4,6,4,2,2,14,15
"11573",3,4,15,1,2,10,7,4,12,1,1,10,7,1,3,0,1,0,0,3,1,2,1,17,16
"11574",4,4,15,4,2,15,7,4,15,1,2,10,7,3,5,5,5,5,0,3,5,3,2,20,21
"11575",5,4,15,9,2,15,9,4,15,4,2,15,7,5,0,0,2,1,3,5,2,3,3,25,23
"11576",6,5,15,9,5,15,9,4,15,9,2,15,9,1,3,0,3,0,0,1,3,1,1,26,26
"11577",7,5,15,12,8,15,9,5,15,9,5,15,9,3,3,1,3,1,0,3,3,3,1,29,29
"11578",8,5,16,12,12,15,9,5,15,12,8,15,9,1,0,0,3,4,1,1,4,2,1,30,33
"11579",9,5,19,12,12,16,9,5,16,12,12,15,9,3,1,0,1,0,0,3,1,2,2,33,34
"11580",10,10,19,12,12,18,9,5,19,12,12,16,9,1,5,2,1,2,0,5,2,1,2,38,36
"11581",11,11,19,12,20,18,9,10,19,12,12,18,9,1,0,0,6,2,2,1,6,1,1,39,44
"11582",12,11,19,12,20,18,9,11,19,12,20,18,9,2,2,0,NA,0,0,0,0,0,0,39,44
"11583",0,0,0,0,0,0,0,0,0,0,0,0,0,0,0,0,0,0,0,0,0,0,0,0,0
"11584",1,1,1,5,3,1,1,1,1,1,1,1,1,4,2,2,2,2,0,4,2,3,1,4,2
"11585",2,1,3,5,8,1,1,1,1,5,3,1,1,2,0,0,1,5,3,2,5,2,1,6,7
"11586",3,2,3,5,8,4,1,1,3,5,8,1,1,1,3,0,3,0,0,1,3,1,2,7,10
"11587",4,2,3,8,14,6,1,2,3,5,8,4,1,6,3,5,6,5,0,3,6,3,1,10,18
"11588",5,7,3,8,14,10,1,2,3,8,14,6,1,5,0,0,1,4,3,5,4,1,2,15,22
"11589",6,8,3,8,17,10,1,7,3,8,14,10,1,1,3,0,3,0,0,1,3,1,1,16,25
"11590",7,8,3,11,17,10,9,8,3,8,17,10,1,3,3,6,3,6,0,3,6,3,3,19,33
"11591",8,11,3,11,17,16,14,8,3,11,17,10,9,3,0,0,1,6,5,3,6,1,2,22,44
"11592",9,16,3,11,17,16,15,11,3,11,17,16,14,1,5,0,1,0,0,5,1,1,3,27,45
"11593",10,19,3,11,22,16,15,16,3,11,17,16,15,5,6,3,5,6,0,3,5,1,1,30,50
"11594",11,28,3,11,26,16,15,19,3,11,22,16,15,6,0,0,4,4,5,6,4,1,1,39,54
"11595",12,28,3,11,26,16,15,28,3,11,26,16,15,4,5,0,NA,0,0,0,0,0,0,39,54
"11596",0,0,0,0,0,0,0,0,0,0,0,0,0,0,0,0,0,0,0,0,0,0,0,0,0
"11597",1,1,1,6,1,1,4,1,1,1,1,1,1,3,1,5,3,1,0,5,3,3,3,5,3
"11598",2,2,1,6,10,1,4,1,1,6,1,1,4,1,0,0,6,5,6,1,6,1,1,6,12
"11599",3,2,11,6,10,1,9,2,1,6,10,1,4,5,6,0,5,0,0,6,5,2,3,16,17
"11600",4,2,14,12,16,1,14,2,11,6,10,1,9,6,5,6,5,6,0,6,6,3,1,25,28
"11601",5,7,14,12,22,5,14,2,14,12,16,1,14,5,0,0,6,2,6,5,6,1,1,30,38
"11602",6,7,14,23,24,5,14,7,14,12,22,5,14,2,6,0,2,0,0,6,2,3,1,41,40
"11603",7,7,15,23,28,5,20,7,14,23,24,5,14,2,1,6,2,6,0,1,6,2,3,42,50
"11604",8,7,17,23,28,10,20,7,15,23,28,5,20,2,0,0,4,1,5,2,5,2,2,44,55
"11605",9,11,17,23,29,10,20,7,17,23,28,10,20,4,1,0,1,0,0,4,1,1,1,48,56
"11606",10,11,17,25,29,15,20,11,17,23,29,10,20,5,2,2,5,2,0,2,5,3,2,50,61
"11607",11,13,17,25,34,15,20,11,17,25,29,15,20,2,0,0,5,1,2,2,5,1,1,52,66
"11608",12,13,17,25,34,15,20,13,17,25,34,15,20,1,2,0,NA,0,0,0,0,0,0,52,66
"11609",0,0,0,0,0,0,0,0,0,0,0,0,0,0,0,0,0,0,0,0,0,0,0,0,0
"11610",1,5,1,1,1,5,1,1,1,1,1,1,1,4,4,2,4,2,0,4,4,1,2,4,4
"11611",2,5,3,1,5,5,1,5,1,1,1,5,1,2,0,0,2,4,3,2,4,2,1,6,8
"11612",3,5,3,3,5,8,1,5,3,1,5,5,1,2,3,0,3,0,0,2,3,3,2,8,11
"11613",4,5,6,3,10,8,7,5,3,3,5,8,1,1,3,6,1,6,0,3,6,2,3,11,22
"11614",5,6,6,3,16,11,7,5,6,3,10,8,7,1,0,0,3,4,6,1,6,1,1,12,31
"11615",6,9,6,3,20,11,7,6,6,3,16,11,7,3,4,0,4,0,0,3,4,1,1,15,35
"11616",7,12,6,3,20,11,12,9,6,3,20,11,7,4,3,5,4,5,0,3,5,1,3,18,40
"11617",8,16,6,3,20,12,12,12,6,3,20,11,12,4,0,0,3,1,4,4,1,1,2,22,41
"11618",9,19,6,3,20,16,12,16,6,3,20,12,12,3,4,0,4,0,0,3,4,1,2,25,45
"11619",10,20,6,3,20,18,12,19,6,3,20,16,12,1,2,5,2,5,0,1,2,1,2,26,47
"11620",11,25,6,3,22,18,12,20,6,3,20,18,12,5,0,0,2,5,5,5,2,1,1,31,49
"11621",12,25,6,3,22,18,12,25,6,3,22,18,12,5,5,0,NA,0,0,0,0,0,0,31,49
"11622",0,0,0,0,0,0,0,0,0,0,0,0,0,0,0,0,0,0,0,0,0,0,0,0,0
"11623",1,1,2,1,4,1,1,1,1,1,1,1,1,1,1,3,1,3,0,1,3,2,1,1,3
"11624",2,1,3,1,4,1,9,1,2,1,4,1,1,1,0,0,1,3,6,1,6,2,3,2,11
"11625",3,1,4,1,4,4,9,1,3,1,4,1,9,1,3,0,3,0,0,1,3,2,2,3,14
"11626",4,1,4,5,4,6,9,1,4,1,4,4,9,4,1,2,1,2,0,4,2,3,2,7,16
"11627",5,1,4,6,8,12,9,1,4,5,4,6,9,1,0,0,3,1,6,1,6,3,2,8,26
"11628",6,1,5,6,8,12,12,1,4,6,8,12,9,3,1,0,3,0,0,1,3,2,3,9,29
"11629",7,1,5,11,8,12,16,1,5,6,8,12,12,5,3,4,3,4,0,5,4,3,3,14,33
"11630",8,1,8,11,8,12,18,1,5,11,8,12,16,3,0,0,3,4,2,3,2,2,3,17,35
"11631",9,4,8,11,12,12,18,1,8,11,8,12,18,3,4,0,4,0,0,3,4,1,1,20,39
"11632",10,6,8,11,17,12,18,4,8,11,12,12,18,2,5,4,5,4,0,2,5,1,1,22,44
"11633",11,10,8,11,19,12,18,6,8,11,17,12,18,4,0,0,2,4,1,4,2,1,1,26,46
"11634",12,10,8,11,19,12,18,10,8,11,19,12,18,4,1,0,NA,0,0,0,0,0,0,26,46
"11635",0,0,0,0,0,0,0,0,0,0,0,0,0,0,0,0,0,0,0,0,0,0,0,0,0
"11636",1,1,6,1,1,4,1,1,1,1,1,1,1,5,3,1,3,1,0,5,3,2,2,5,3
"11637",2,1,6,2,1,15,1,1,6,1,1,4,1,1,0,0,6,5,1,1,6,3,2,6,14
"11638",3,6,6,2,2,15,1,1,6,2,1,15,1,5,1,0,1,0,0,5,1,1,1,11,15
"11639",4,9,6,2,14,15,6,6,6,2,2,15,1,3,2,6,2,6,0,3,6,1,1,14,32
"11640",5,11,6,2,14,18,6,9,6,2,14,15,6,2,0,0,4,3,4,2,3,1,2,16,35
"11641",6,11,10,2,14,22,6,11,6,2,14,18,6,4,4,0,4,0,0,4,4,2,2,20,39
"11642",7,11,14,2,20,26,6,11,10,2,14,22,6,2,4,6,2,6,0,4,6,2,1,24,49
"11643",8,11,17,4,23,1,6,11,14,2,20,26,6,2,0,0,3,2,1,2,3,3,1,29,27
"11644",9,13,17,4,23,1,7,11,17,4,23,1,6,2,1,0,1,0,0,2,1,1,3,31,28
"11645",10,18,23,10,33,1,7,13,17,4,23,1,7,4,6,6,4,6,0,6,6,3,1,48,38
"11646",11,22,23,10,35,1,7,18,23,10,33,1,7,4,0,0,2,6,1,4,2,1,1,52,40
"11647",12,22,23,10,35,1,7,22,23,10,35,1,7,6,1,0,NA,0,0,0,0,0,0,52,40
"11648",0,0,0,0,0,0,0,0,0,0,0,0,0,0,0,0,0,0,0,0,0,0,0,0,0
"11649",1,1,1,4,1,1,6,1,1,1,1,1,1,3,5,3,5,3,0,3,5,3,3,3,5
"11650",2,1,1,7,5,7,6,1,1,4,1,1,6,3,0,0,4,6,4,3,6,3,2,6,15
"11651",3,5,1,7,9,7,6,1,1,7,5,7,6,4,4,0,4,0,0,4,4,1,1,10,19
"11652",4,9,1,7,15,7,7,5,1,7,9,7,6,4,2,6,2,6,0,4,6,1,1,14,26
"11653",5,9,3,7,15,11,7,9,1,7,15,7,7,2,0,0,4,2,1,2,4,2,2,16,30
"11654",6,11,3,7,16,11,7,9,3,7,15,11,7,2,1,0,1,0,0,2,1,1,1,18,31
"11655",7,14,3,7,16,13,7,11,3,7,16,11,7,2,1,3,2,1,0,3,2,1,2,21,33
"11656",8,15,3,7,16,13,12,14,3,7,16,13,7,1,0,0,5,5,1,1,5,1,3,22,38
"11657",9,15,3,12,16,14,12,15,3,7,16,13,12,5,1,0,1,0,0,5,1,3,2,27,39
"11658",10,15,3,17,16,18,12,15,3,12,16,14,12,4,5,4,4,4,0,5,4,3,2,32,43
"11659",11,19,3,17,21,18,12,15,3,17,16,18,12,4,0,0,5,5,5,4,5,1,1,36,48
"11660",12,19,3,17,21,18,12,19,3,17,21,18,12,5,5,0,NA,0,0,0,0,0,0,36,48
"11661",0,0,0,0,0,0,0,0,0,0,0,0,0,0,0,0,0,0,0,0,0,0,0,0,0
"11662",1,5,1,1,1,4,1,1,1,1,1,1,1,4,3,2,3,2,0,4,3,1,2,4,3
"11663",2,5,1,3,1,9,1,5,1,1,1,4,1,2,0,0,4,5,5,2,5,3,2,6,8
"11664",3,5,6,3,5,9,1,5,1,3,1,9,1,4,5,0,4,0,0,5,4,2,1,11,12
"11665",4,5,6,7,5,12,1,5,6,3,5,9,1,2,3,4,2,3,0,4,3,3,2,15,15
"11666",5,7,6,7,6,18,1,5,6,7,5,12,1,2,0,0,3,1,6,2,6,1,2,17,22
"11667",6,7,9,7,6,19,1,7,6,7,6,18,1,3,1,0,1,0,0,3,1,2,2,20,23
"11668",7,7,9,12,6,19,3,7,9,7,6,19,1,5,1,2,1,2,0,5,2,3,3,25,25
"11669",8,7,10,12,6,19,8,7,9,12,6,19,3,1,0,0,2,5,4,1,5,2,3,26,30
"11670",9,7,14,12,8,19,8,7,10,12,6,19,8,2,4,0,2,0,0,4,2,2,1,30,32
"11671",10,11,14,12,14,19,9,7,14,12,8,19,8,4,6,6,6,6,0,4,6,1,1,34,39
"11672",11,11,25,12,16,19,9,11,14,12,14,19,9,6,0,0,2,2,2,6,2,2,1,45,41
"11673",12,11,25,12,16,19,9,11,25,12,16,19,9,2,2,0,NA,0,0,0,0,0,0,45,41
"11674",0,0,0,0,0,0,0,0,0,0,0,0,0,0,0,0,0,0,0,0,0,0,0,0,0
"11675",1,1,5,1,1,5,1,1,1,1,1,1,1,4,3,4,3,4,0,4,4,2,2,4,4
"11676",2,1,5,4,6,5,1,1,5,1,1,5,1,3,0,0,4,2,5,3,5,3,1,7,9
"11677",3,5,5,4,6,7,1,1,5,4,6,5,1,4,2,0,2,0,0,4,2,1,2,11,11
"11678",4,5,10,4,7,7,7,5,5,4,6,7,1,5,6,1,6,1,0,5,6,2,3,16,18
"11679",5,5,10,5,12,7,7,5,10,4,7,7,7,1,0,0,3,1,5,1,5,3,1,17,23
"11680",6,8,10,5,12,7,8,5,10,5,12,7,7,3,1,0,1,0,0,3,1,1,3,20,24
"11681",7,11,10,5,12,7,11,8,10,5,12,7,8,3,3,3,3,3,0,3,3,1,3,23,27
"11682",8,11,13,5,12,9,17,11,10,5,12,7,11,3,0,0,1,6,1,3,6,2,3,26,35
"11683",9,12,13,5,12,9,18,11,13,5,12,9,17,1,1,0,1,0,0,1,1,1,3,27,36
"11684",10,12,13,10,16,9,18,12,13,5,12,9,18,3,4,5,3,4,0,5,4,3,1,32,40
"11685",11,15,13,10,26,9,18,12,13,10,16,9,18,3,0,0,3,6,4,3,6,1,1,35,50
"11686",12,15,13,10,26,9,18,15,13,10,26,9,18,3,4,0,NA,0,0,0,0,0,0,35,50
"11687",0,0,0,0,0,0,0,0,0,0,0,0,0,0,0,0,0,0,0,0,0,0,0,0,0
"11688",1,5,1,7,1,1,6,1,1,1,1,1,1,5,6,1,5,1,0,6,5,3,3,10,5
"11689",2,6,1,7,3,1,12,5,1,7,1,1,6,1,0,0,4,6,5,1,6,1,3,11,13
"11690",3,11,1,7,7,1,12,6,1,7,3,1,12,4,5,0,4,0,0,5,4,1,1,16,17
"11691",4,12,1,7,7,5,12,11,1,7,7,1,12,1,3,4,3,4,0,1,4,1,2,17,21
"11692",5,12,1,10,7,9,12,12,1,7,7,5,12,3,0,0,4,1,1,3,4,3,2,20,25
"11693",6,12,2,10,7,9,13,12,1,10,7,9,12,1,1,0,1,0,0,1,1,2,3,21,26
"11694",7,12,2,15,12,9,13,12,2,10,7,9,13,5,5,2,5,2,0,5,5,3,1,26,31
"11695",8,14,2,15,17,9,13,12,2,15,12,9,13,2,0,0,5,3,3,2,5,1,1,28,36
"11696",9,17,2,15,20,9,13,14,2,15,17,9,13,3,3,0,3,0,0,3,3,1,1,31,39
"11697",10,17,2,18,20,9,18,17,2,15,20,9,13,3,3,5,3,5,0,3,5,3,3,34,44
"11698",11,20,2,18,22,9,18,17,2,18,20,9,18,3,0,0,2,4,1,3,2,1,1,37,46
"11699",12,20,2,18,22,9,18,20,2,18,22,9,18,4,1,0,NA,0,0,0,0,0,0,37,46
"11700",0,0,0,0,0,0,0,0,0,0,0,0,0,0,0,0,0,0,0,0,0,0,0,0,0
"11701",1,4,1,1,1,1,6,1,1,1,1,1,1,5,2,3,5,2,0,3,5,1,3,3,5
"11702",2,6,1,1,7,4,6,4,1,1,1,1,6,2,0,0,6,3,2,2,6,1,1,5,14
"11703",3,8,1,1,10,4,6,6,1,1,7,4,6,3,2,0,3,0,0,2,3,1,1,7,17
"11704",4,8,1,3,10,10,8,8,1,1,10,4,6,2,1,6,1,6,0,2,6,3,2,9,25
"11705",5,9,1,3,10,10,11,8,1,3,10,10,8,1,0,0,1,3,4,1,3,1,3,10,28
"11706",6,9,1,4,14,10,11,9,1,3,10,10,11,1,4,0,4,0,0,1,4,3,1,11,32
"11707",7,14,1,4,14,12,11,9,1,4,14,10,11,2,3,5,2,3,0,5,2,1,2,16,34
"11708",8,17,1,4,14,14,11,14,1,4,14,12,11,3,0,0,2,6,6,3,2,1,2,19,36
"11709",9,23,6,4,19,14,17,17,1,4,14,14,11,6,6,0,6,0,0,6,6,1,3,30,47
"11710",10,27,6,4,19,19,17,23,6,4,19,14,17,4,5,1,5,1,0,4,5,1,2,34,52
"11711",11,28,6,4,20,19,17,27,6,4,19,19,17,1,0,0,1,2,2,1,1,1,1,35,53
"11712",12,28,6,4,20,19,17,28,6,4,20,19,17,2,2,0,NA,0,0,0,0,0,0,35,53
"11713",0,0,0,0,0,0,0,0,0,0,0,0,0,0,0,0,0,0,0,0,0,0,0,0,0
"11714",1,1,3,1,1,5,1,1,1,1,1,1,1,2,1,4,1,4,0,2,4,2,2,2,4
"11715",2,1,3,2,1,5,4,1,3,1,1,5,1,1,0,0,3,2,3,1,3,3,3,3,7
"11716",3,1,6,2,3,5,4,1,3,2,1,5,4,2,3,0,2,0,0,3,2,2,1,6,9
"11717",4,2,6,2,3,5,9,1,6,2,3,5,4,5,4,1,5,4,0,1,5,1,3,7,14
"11718",5,2,6,6,3,5,13,2,6,2,3,5,9,4,0,0,4,4,2,4,4,3,3,11,18
"11719",6,2,6,10,3,5,15,2,6,6,3,5,13,4,2,0,2,0,0,4,2,3,3,15,20
"11720",7,2,10,10,3,8,15,2,6,10,3,5,15,4,3,3,3,3,0,4,3,2,2,19,23
"11721",8,2,10,13,7,8,15,2,10,10,3,8,15,3,0,0,4,2,4,3,4,3,1,22,27
"11722",9,2,14,13,7,8,17,2,10,13,7,8,15,2,4,0,2,0,0,4,2,2,3,26,29
"11723",10,8,16,13,7,8,22,2,14,13,7,8,17,6,5,4,5,4,0,6,5,1,3,34,34
"11724",11,8,16,17,13,8,28,8,16,13,7,8,22,4,0,0,6,1,5,4,6,3,3,38,46
"11725",12,8,16,17,13,8,28,8,16,17,13,8,28,1,5,0,NA,0,0,0,0,0,0,38,46
"11726",0,0,0,0,0,0,0,0,0,0,0,0,0,0,0,0,0,0,0,0,0,0,0,0,0
"11727",1,11,1,1,1,1,6,1,1,1,1,1,1,1,6,5,1,5,0,6,5,1,3,10,5
"11728",2,11,2,1,1,1,10,11,1,1,1,1,6,1,0,0,1,4,3,1,4,2,3,11,9
"11729",3,14,2,1,2,1,10,11,2,1,1,1,10,1,3,0,1,0,0,3,1,1,1,14,10
"11730",4,24,2,2,1,6,10,14,2,1,2,1,10,6,2,5,2,5,0,6,5,1,2,25,14
"11731",5,1,2,4,2,6,12,24,2,2,1,6,10,2,0,0,1,2,1,2,1,3,1,4,17
"11732",6,3,2,4,3,6,12,1,2,4,2,6,12,2,1,0,1,0,0,2,1,1,1,6,18
"11733",7,3,2,9,3,11,12,3,2,4,3,6,12,5,5,2,5,2,0,5,5,3,2,11,23
"11734",8,3,4,9,12,11,12,3,2,9,3,11,12,2,0,0,5,3,6,2,6,2,1,13,32
"11735",9,3,9,9,12,11,15,3,4,9,12,11,12,5,3,0,3,0,0,5,3,2,3,18,35
"11736",10,3,9,10,14,11,15,3,9,9,12,11,15,2,4,1,2,4,0,1,2,3,1,19,37
"11737",11,7,9,10,15,11,15,3,9,10,14,11,15,4,0,0,1,6,4,4,1,1,1,23,38
"11738",12,7,9,10,15,11,15,7,9,10,15,11,15,6,4,0,NA,0,0,0,0,0,0,23,38
"11739",0,0,0,0,0,0,0,0,0,0,0,0,0,0,0,0,0,0,0,0,0,0,0,0,0
"11740",1,11,1,1,1,1,4,1,1,1,1,1,1,3,6,4,3,4,0,6,3,1,3,10,3
"11741",2,15,1,1,6,1,4,11,1,1,1,1,4,4,0,0,1,1,5,4,5,1,1,14,8
"11742",3,15,2,1,6,2,4,15,1,1,6,1,4,1,1,0,1,0,0,1,1,2,2,15,9
"11743",4,15,6,7,11,2,4,15,2,1,6,2,4,5,6,4,5,4,0,6,5,3,1,25,14
"11744",5,15,10,7,11,2,9,15,6,7,11,2,4,4,0,0,6,5,1,4,5,2,3,29,19
"11745",6,18,10,13,12,2,9,15,10,7,11,2,9,6,1,0,1,0,0,6,1,3,1,38,20
"11746",7,28,16,13,16,1,9,18,10,13,12,2,9,2,6,4,2,4,0,6,4,2,1,54,23
"11747",8,30,16,13,16,6,9,28,16,13,16,1,9,2,0,0,6,5,5,2,5,1,2,56,28
"11748",9,30,25,13,21,6,9,30,16,13,16,6,9,6,5,0,5,0,0,6,5,2,1,65,33
"11749",10,38,25,13,21,6,11,30,25,13,21,6,9,6,2,2,2,2,0,6,2,1,3,73,35
"11750",11,38,27,13,21,6,14,38,25,13,21,6,11,2,0,0,2,2,3,2,3,2,3,75,38
"11751",12,38,27,13,21,6,14,38,27,13,21,6,14,2,2,0,NA,0,0,0,0,0,0,75,38
"11752",0,0,0,0,0,0,0,0,0,0,0,0,0,0,0,0,0,0,0,0,0,0,0,0,0
"11753",1,1,1,6,1,1,3,1,1,1,1,1,1,5,3,2,3,2,0,5,2,3,3,5,2
"11754",2,4,1,6,3,1,3,1,1,6,1,1,3,3,0,0,3,1,2,3,2,1,1,8,4
"11755",3,4,2,6,6,1,3,4,1,6,3,1,3,3,1,0,3,0,0,1,3,2,1,9,7
"11756",4,12,2,6,6,1,8,4,2,6,6,1,3,5,6,1,5,1,0,6,5,1,3,17,12
"11757",5,13,2,6,10,1,8,12,2,6,6,1,8,1,0,0,2,4,3,1,4,1,1,18,16
"11758",6,15,2,6,13,1,8,13,2,6,10,1,8,2,3,0,3,0,0,2,3,1,1,20,19
"11759",7,25,2,6,13,1,12,15,2,6,13,1,8,6,4,1,4,1,0,6,4,1,3,30,23
"11760",8,1,2,6,13,5,12,25,2,6,13,1,12,1,0,0,5,3,1,1,3,1,2,6,27
"11761",9,6,2,6,14,5,12,1,2,6,13,5,12,5,1,0,1,0,0,5,1,1,1,11,28
"11762",10,12,5,6,20,5,22,6,2,6,14,5,12,6,1,6,1,6,0,6,6,1,1,20,44
"11763",11,13,5,6,24,5,22,12,5,6,20,5,22,1,0,0,4,1,4,1,4,1,1,21,48
"11764",12,13,5,6,24,5,22,13,5,6,24,5,22,1,4,0,NA,0,0,0,0,0,0,21,48
"11765",0,0,0,0,0,0,0,0,0,0,0,0,0,0,0,0,0,0,0,0,0,0,0,0,0
"11766",1,1,1,3,1,1,5,1,1,1,1,1,1,3,2,4,3,4,0,2,4,3,3,2,4
"11767",2,1,4,3,7,5,5,1,1,3,1,1,5,3,0,0,6,2,2,3,6,2,1,5,14
"11768",3,3,4,3,9,5,5,1,4,3,7,5,5,2,2,0,2,0,0,2,2,1,1,7,16
"11769",4,3,6,9,9,11,6,3,4,3,9,5,5,6,4,6,4,6,0,6,6,3,2,15,23
"11770",5,3,6,13,9,11,11,3,6,9,9,11,6,4,0,0,5,3,1,4,5,3,3,19,28
"11771",6,3,9,13,10,11,11,3,6,13,9,11,11,3,1,0,1,0,0,3,1,2,1,22,29
"11772",7,9,9,16,10,15,11,3,9,13,10,11,11,1,6,4,1,4,0,6,4,1,2,31,33
"11773",8,9,10,16,10,15,16,9,9,16,10,15,11,1,0,0,4,5,4,1,5,2,3,32,38
"11774",9,13,10,16,14,15,16,9,10,16,10,15,16,4,4,0,4,0,0,4,4,1,1,36,42
"11775",10,13,12,16,19,15,16,13,10,16,14,15,16,2,2,5,2,5,0,2,5,2,1,38,47
"11776",11,15,12,16,22,15,16,13,12,16,19,15,16,2,0,0,3,5,5,2,3,1,1,40,50
"11777",12,15,12,16,22,15,16,15,12,16,22,15,16,5,5,0,NA,0,0,0,0,0,0,40,50
"11778",0,0,0,0,0,0,0,0,0,0,0,0,0,0,0,0,0,0,0,0,0,0,0,0,0
"11779",1,1,12,7,6,1,1,1,1,1,1,1,1,6,5,5,5,5,0,6,5,3,1,17,5
"11780",2,1,12,12,6,1,5,1,12,7,6,1,1,5,0,0,4,3,1,5,4,3,3,22,9
"11781",3,4,12,12,6,2,5,1,12,12,6,1,5,3,1,0,1,0,0,3,1,1,2,25,10
"11782",4,7,12,12,6,2,6,4,12,12,6,2,5,3,1,2,1,2,0,3,1,1,3,28,11
"11783",5,7,14,12,6,2,8,7,12,12,6,2,6,2,0,0,2,4,6,2,2,2,3,30,13
"11784",6,7,14,16,6,2,18,7,14,12,6,2,8,4,6,0,6,0,0,4,6,3,3,34,23
"11785",7,7,17,16,10,8,24,7,14,16,6,2,18,6,3,4,6,4,0,3,6,2,3,37,39
"11786",8,7,21,16,10,11,24,7,17,16,10,8,24,4,0,0,3,3,2,4,3,2,2,41,42
"11787",9,7,21,19,10,11,26,7,21,16,10,11,24,3,2,0,2,0,0,3,2,3,3,44,44
"11788",10,7,23,19,12,11,26,7,21,19,10,11,26,2,2,2,2,2,0,2,2,2,1,46,46
"11789",11,7,23,21,23,11,26,7,23,19,12,11,26,2,0,0,2,3,6,2,6,3,1,48,57
"11790",12,7,23,21,23,11,26,7,23,21,23,11,26,2,3,0,NA,0,0,0,0,0,0,48,57
"11791",0,0,0,0,0,0,0,0,0,0,0,0,0,0,0,0,0,0,0,0,0,0,0,0,0
"11792",1,4,1,1,6,7,1,1,1,1,1,1,1,3,6,1,6,1,0,3,6,1,2,3,11
"11793",2,4,2,1,6,7,6,4,1,1,6,7,1,1,0,0,3,5,5,1,5,2,3,4,16
"11794",3,4,2,6,9,7,6,4,2,1,6,7,6,3,5,0,3,0,0,5,3,3,1,9,19
"11795",4,4,2,10,9,7,11,4,2,6,9,7,6,4,5,3,5,3,0,4,5,3,3,13,24
"11796",5,7,2,10,9,11,11,4,2,10,9,7,11,3,0,0,4,2,3,3,4,1,2,16,28
"11797",6,7,2,13,11,11,11,7,2,10,9,11,11,2,3,0,2,0,0,3,2,3,1,19,30
"11798",7,7,2,18,14,17,11,7,2,13,11,11,11,3,5,6,3,6,0,5,6,3,2,24,39
"11799",8,10,2,18,20,17,21,7,2,18,14,17,11,3,0,0,6,2,3,3,6,1,1,27,55
"11800",9,10,2,20,23,17,21,10,2,18,20,17,21,2,3,0,3,0,0,2,3,3,1,29,58
"11801",10,15,2,20,26,17,21,10,2,20,23,17,21,3,5,3,3,3,0,5,3,1,1,34,61
"11802",11,18,2,20,26,19,21,15,2,20,26,17,21,3,0,0,2,4,5,3,2,1,2,37,63
"11803",12,18,2,20,26,19,21,18,2,20,26,19,21,4,5,0,NA,0,0,0,0,0,0,37,63
"11804",0,0,0,0,0,0,0,0,0,0,0,0,0,0,0,0,0,0,0,0,0,0,0,0,0
"11805",1,1,1,5,1,1,3,1,1,1,1,1,1,2,4,1,2,1,0,4,2,3,3,4,2
"11806",2,1,2,5,1,1,8,1,1,5,1,1,3,1,0,0,4,5,5,1,5,2,3,5,7
"11807",3,1,2,10,1,5,8,1,2,5,1,1,8,4,5,0,4,0,0,5,4,3,2,10,11
"11808",4,1,6,10,7,5,12,1,2,10,1,5,8,6,4,5,6,5,0,4,6,2,1,14,21
"11809",5,6,6,10,13,5,14,1,6,10,7,5,12,5,0,0,6,2,3,5,6,1,1,19,29
"11810",6,6,6,13,13,5,16,6,6,10,13,5,14,2,3,0,2,0,0,3,2,3,3,22,31
"11811",7,6,6,16,13,10,16,6,6,13,13,5,16,3,2,5,2,5,0,3,5,3,2,25,36
"11812",8,6,8,16,13,10,20,6,6,16,13,10,16,2,0,0,2,3,4,2,4,2,3,27,40
"11813",9,6,10,16,16,10,20,6,8,16,13,10,20,2,3,0,3,0,0,2,3,2,1,29,43
"11814",10,6,15,22,18,10,20,6,10,16,16,10,20,6,2,1,2,1,0,6,2,3,1,40,45
"11815",11,7,15,22,25,16,20,6,15,22,18,10,20,1,0,0,4,6,2,1,6,1,1,41,58
"11816",12,7,15,22,25,16,20,7,15,22,25,16,20,4,2,0,NA,0,0,0,0,0,0,41,58
"11817",0,0,0,0,0,0,0,0,0,0,0,0,0,0,0,0,0,0,0,0,0,0,0,0,0
"11818",1,1,1,3,3,1,1,1,1,1,1,1,1,2,2,2,2,2,0,2,2,3,1,2,2
"11819",2,1,3,3,8,1,1,1,1,3,3,1,1,2,0,0,5,5,3,2,5,2,1,4,7
"11820",3,4,3,3,8,1,6,1,3,3,8,1,1,5,3,0,5,0,0,3,5,1,3,7,12
"11821",4,4,9,13,8,7,10,4,3,3,8,1,6,1,6,6,1,6,0,6,6,2,2,23,22
"11822",5,4,10,13,8,7,14,4,9,13,8,7,10,1,0,0,4,1,1,1,4,2,3,24,26
"11823",6,5,10,13,8,7,15,4,10,13,8,7,14,1,1,0,1,0,0,1,1,1,3,25,27
"11824",7,5,16,17,8,12,15,5,10,13,8,7,15,6,1,5,1,5,0,6,5,2,2,35,32
"11825",8,5,17,17,13,12,21,5,16,17,8,12,15,1,0,0,6,3,5,1,6,2,3,36,43
"11826",9,8,17,17,13,12,26,5,17,17,13,12,21,3,5,0,5,0,0,3,5,1,3,39,48
"11827",10,1,17,20,15,12,30,8,17,17,13,12,26,4,3,4,4,4,0,3,4,3,3,35,54
"11828",11,5,17,20,19,12,30,1,17,20,15,12,30,4,0,0,4,5,2,4,4,1,1,39,58
"11829",12,5,17,20,19,12,30,5,17,20,19,12,30,5,2,0,NA,0,0,0,0,0,0,39,58
"11830",0,0,0,0,0,0,0,0,0,0,0,0,0,0,0,0,0,0,0,0,0,0,0,0,0
"11831",1,1,6,1,4,1,1,1,1,1,1,1,1,2,3,5,2,3,0,5,3,2,1,5,3
"11832",2,1,6,3,6,1,7,1,6,1,4,1,1,2,0,0,3,3,6,2,6,3,3,7,11
"11833",3,1,6,6,9,1,7,1,6,3,6,1,7,3,3,0,3,0,0,3,3,3,1,10,14
"11834",4,1,11,6,13,1,7,1,6,6,9,1,7,5,4,1,4,1,0,5,4,2,1,15,18
"11835",5,2,11,6,19,5,7,1,11,6,13,1,7,1,0,0,4,2,6,1,6,1,1,16,28
"11836",6,2,15,6,19,5,9,2,11,6,19,5,7,4,2,0,2,0,0,4,2,2,3,20,30
"11837",7,2,15,8,19,5,13,2,15,6,19,5,9,2,4,3,4,3,0,2,4,3,3,22,34
"11838",8,2,18,8,19,10,13,2,15,8,19,5,13,3,0,0,1,5,1,3,5,2,2,25,39
"11839",9,3,18,8,20,10,13,2,18,8,19,10,13,1,1,0,1,0,0,1,1,1,1,26,40
"11840",10,3,20,8,20,16,16,3,18,8,20,10,13,3,6,2,3,6,0,2,6,2,2,28,49
"11841",11,6,20,8,21,16,16,3,20,8,20,16,16,3,0,0,1,2,6,3,1,1,1,31,50
"11842",12,6,20,8,21,16,16,6,20,8,21,16,16,2,6,0,NA,0,0,0,0,0,0,31,50
"11843",0,0,0,0,0,0,0,0,0,0,0,0,0,0,0,0,0,0,0,0,0,0,0,0,0
"11844",1,1,1,12,1,5,1,1,1,1,1,1,1,4,6,4,4,4,0,6,4,3,2,11,4
"11845",2,1,5,12,1,5,10,1,1,12,1,5,1,4,0,0,1,6,6,4,6,2,3,15,13
"11846",3,13,9,12,1,5,11,1,5,12,1,5,10,1,6,0,1,0,0,6,1,1,3,31,14
"11847",4,22,9,12,1,5,16,13,9,12,1,5,11,6,5,2,5,2,0,6,5,1,3,40,19
"11848",5,24,9,12,1,5,18,22,9,12,1,5,16,2,0,0,3,2,4,2,2,1,3,42,21
"11849",6,28,9,12,4,5,18,24,9,12,1,5,18,3,4,0,3,0,0,4,3,1,1,46,24
"11850",7,1,9,15,10,5,18,28,9,12,4,5,18,3,2,6,2,6,0,3,2,3,1,22,30
"11851",8,1,15,16,10,9,18,1,9,15,10,5,18,6,0,0,4,2,1,6,4,2,2,29,34
"11852",9,3,15,16,11,9,18,1,15,16,10,9,18,2,1,0,1,0,0,2,1,1,1,31,35
"11853",10,3,15,21,11,14,24,3,15,16,11,9,18,5,6,2,6,2,0,5,6,3,3,36,46
"11854",11,5,15,21,13,14,24,3,15,21,11,14,24,2,0,0,2,3,2,2,2,1,1,38,48
"11855",12,5,15,21,13,14,24,5,15,21,13,14,24,3,2,0,NA,0,0,0,0,0,0,38,48
"11856",0,0,0,0,0,0,0,0,0,0,0,0,0,0,0,0,0,0,0,0,0,0,0,0,0
"11857",1,1,5,1,1,1,4,1,1,1,1,1,1,3,1,4,3,1,0,4,3,2,3,4,3
"11858",2,1,6,1,1,2,4,1,5,1,1,1,4,1,0,0,1,1,1,1,1,2,2,5,4
"11859",3,1,6,2,1,3,4,1,6,1,1,2,4,1,1,0,1,0,0,1,1,3,2,6,5
"11860",4,1,11,2,1,3,8,1,6,2,1,3,4,3,5,4,3,4,0,5,4,2,3,11,9
"11861",5,1,11,5,1,3,13,1,11,2,1,3,8,3,0,0,5,5,3,3,5,3,3,14,14
"11862",6,6,11,5,1,6,13,1,11,5,1,3,13,5,3,0,3,0,0,5,3,1,2,19,17
"11863",7,7,11,11,13,6,17,6,11,5,1,6,13,1,6,6,1,6,0,6,6,3,1,26,33
"11864",8,7,12,11,14,6,23,7,11,11,13,6,17,1,0,0,4,4,6,1,6,2,3,27,40
"11865",9,7,16,11,18,6,23,7,12,11,14,6,23,4,4,0,4,0,0,4,4,2,1,31,44
"11866",10,7,20,11,18,14,23,7,16,11,18,6,23,4,4,6,4,6,0,4,6,2,2,35,52
"11867",11,11,20,11,19,14,23,7,20,11,18,14,23,4,0,0,1,6,5,4,1,1,1,39,53
"11868",12,11,20,11,19,14,23,11,20,11,19,14,23,6,5,0,NA,0,0,0,0,0,0,39,53
"11869",0,0,0,0,0,0,0,0,0,0,0,0,0,0,0,0,0,0,0,0,0,0,0,0,0
"11870",1,1,1,5,7,1,6,1,1,1,1,1,1,4,6,2,6,2,0,4,6,3,1,4,11
"11871",2,1,1,7,13,6,12,1,1,5,7,1,6,2,0,0,6,6,1,2,6,3,1,6,28
"11872",3,4,7,7,13,6,13,1,1,7,13,6,12,6,1,0,1,0,0,6,1,2,3,15,29
"11873",4,4,12,7,13,10,13,4,7,7,13,6,13,2,5,4,2,4,0,5,4,2,2,20,33
"11874",5,4,12,9,19,13,13,4,12,7,13,10,13,2,0,0,6,1,2,2,6,3,1,22,42
"11875",6,4,13,9,19,15,13,4,12,9,19,13,13,1,2,0,2,0,0,1,2,2,2,23,44
"11876",7,10,22,9,19,15,18,4,13,9,19,15,13,6,5,1,5,1,0,6,5,2,3,38,49
"11877",8,11,22,9,19,21,22,10,22,9,19,15,18,1,0,0,4,6,2,1,6,1,2,39,59
"11878",9,15,22,9,19,21,24,11,22,9,19,21,22,4,2,0,2,0,0,4,2,1,3,43,61
"11879",10,17,22,15,26,21,24,15,22,9,19,21,24,6,6,3,6,3,0,6,6,3,1,51,68
"11880",11,20,22,15,31,21,24,17,22,15,26,21,24,3,0,0,5,2,3,3,5,1,1,54,73
"11881",12,20,22,15,31,21,24,20,22,15,31,21,24,2,3,0,NA,0,0,0,0,0,0,54,73
"11882",0,0,0,0,0,0,0,0,0,0,0,0,0,0,0,0,0,0,0,0,0,0,0,0,0
"11883",1,10,1,1,1,4,1,1,1,1,1,1,1,6,3,3,3,3,0,6,3,1,2,9,3
"11884",2,10,1,4,1,9,1,10,1,1,1,4,1,3,0,0,5,5,3,3,5,3,2,12,8
"11885",3,10,6,4,4,9,1,10,1,4,1,9,1,5,3,0,3,0,0,5,3,2,1,17,11
"11886",4,11,6,10,4,14,1,10,6,4,4,9,1,5,2,6,5,2,0,6,5,3,2,24,16
"11887",5,11,6,12,7,14,1,11,6,10,4,14,1,2,0,0,1,3,1,2,3,3,1,26,19
"11888",6,12,6,12,7,15,1,11,6,12,7,14,1,1,1,0,1,0,0,1,1,1,2,27,20
"11889",7,15,6,18,15,15,1,12,6,12,7,15,1,6,6,5,6,5,0,6,6,3,1,36,28
"11890",8,15,6,23,20,15,1,15,6,18,15,15,1,5,0,0,6,5,2,5,5,3,1,41,33
"11891",9,15,17,23,22,15,1,15,6,23,20,15,1,6,2,0,2,0,0,6,2,2,1,52,35
"11892",10,19,17,23,22,18,1,15,17,23,22,15,1,4,5,3,5,3,0,4,3,1,2,56,38
"11893",11,19,22,23,22,18,3,19,17,23,22,18,1,5,0,0,4,2,6,5,2,2,3,61,40
"11894",12,19,22,23,22,18,3,19,22,23,22,18,3,4,6,0,NA,0,0,0,0,0,0,61,40
"11895",0,0,0,0,0,0,0,0,0,0,0,0,0,0,0,0,0,0,0,0,0,0,0,0,0
"11896",1,7,6,1,7,8,1,1,1,1,1,1,1,6,6,1,6,1,0,6,6,1,2,11,13
"11897",2,7,7,1,9,8,1,7,6,1,7,8,1,1,0,0,1,2,2,1,2,2,1,12,15
"11898",3,7,7,2,9,10,1,7,7,1,9,8,1,1,2,0,2,0,0,1,2,3,2,13,17
"11899",4,9,7,2,9,14,7,7,7,2,9,10,1,4,2,6,4,6,0,2,6,1,3,15,27
"11900",5,9,11,2,9,14,12,9,7,2,9,14,7,4,0,0,2,5,3,4,5,2,3,19,32
"11901",6,12,11,2,11,14,12,9,11,2,9,14,12,2,3,0,2,0,0,3,2,1,1,22,34
"11902",7,17,11,2,11,14,17,12,11,2,11,14,12,5,1,5,1,5,0,5,5,1,3,27,39
"11903",8,18,11,1,12,20,24,17,11,2,11,14,17,1,0,0,6,2,5,1,6,1,2,27,53
"11904",9,18,16,1,14,20,24,18,11,1,12,20,24,2,5,0,2,0,0,5,2,2,1,32,55
"11905",10,22,16,1,31,20,24,18,16,1,14,20,24,5,4,6,5,6,0,4,6,1,1,36,72
"11906",11,27,16,1,31,24,24,22,16,1,31,20,24,5,0,0,4,2,1,5,4,1,2,41,76
"11907",12,27,16,1,31,24,24,27,16,1,31,24,24,2,1,0,NA,0,0,0,0,0,0,41,76
"11908",0,0,0,0,0,0,0,0,0,0,0,0,0,0,0,0,0,0,0,0,0,0,0,0,0
"11909",1,1,1,6,1,1,3,1,1,1,1,1,1,2,2,5,2,2,0,5,2,3,3,5,2
"11910",2,1,1,8,5,1,3,1,1,6,1,1,3,2,0,0,3,4,2,2,4,3,1,7,6
"11911",3,1,4,8,5,3,3,1,1,8,5,1,3,3,2,0,2,0,0,3,2,2,2,10,8
"11912",4,1,6,8,5,8,3,1,4,8,5,3,3,2,5,2,5,2,0,2,5,2,2,12,13
"11913",5,3,6,8,5,13,9,1,6,8,5,8,3,2,0,0,6,4,6,2,6,1,3,14,24
"11914",6,9,7,8,5,13,13,3,6,8,5,13,9,4,6,0,4,0,0,6,4,1,3,21,28
"11915",7,14,7,8,10,13,13,9,7,8,5,13,13,1,5,5,1,5,0,5,5,1,1,26,33
"11916",8,14,7,9,15,13,13,14,7,8,10,13,13,1,0,0,5,4,4,1,5,3,1,27,38
"11917",9,18,7,9,19,13,13,14,7,9,15,13,13,4,4,0,4,0,0,4,4,1,1,31,42
"11918",10,19,7,9,19,14,13,18,7,9,19,13,13,1,1,2,1,2,0,1,1,1,2,32,43
"11919",11,19,9,9,29,14,13,19,7,9,19,14,13,2,0,0,5,2,6,2,6,2,1,34,53
"11920",12,19,9,9,29,14,13,19,9,9,29,14,13,5,2,0,NA,0,0,0,0,0,0,34,53
"11921",0,0,0,0,0,0,0,0,0,0,0,0,0,0,0,0,0,0,0,0,0,0,0,0,0
"11922",1,7,2,1,1,6,1,1,1,1,1,1,1,6,4,5,4,5,0,6,5,1,2,7,5
"11923",2,7,6,1,5,6,1,7,2,1,1,6,1,4,0,0,4,4,3,4,4,2,1,11,9
"11924",3,11,6,1,8,6,1,7,6,1,5,6,1,4,3,0,3,0,0,4,3,1,1,15,12
"11925",4,12,6,1,8,6,6,11,6,1,8,6,1,5,2,1,5,2,0,1,5,1,3,16,17
"11926",5,14,6,1,8,11,6,12,6,1,8,6,6,2,0,0,2,3,5,2,5,1,2,18,22
"11927",6,17,6,1,10,11,6,14,6,1,8,11,6,2,3,0,2,0,0,3,2,1,1,21,24
"11928",7,17,6,4,10,15,6,17,6,1,10,11,6,3,4,2,4,2,0,3,4,3,2,24,28
"11929",8,19,6,4,10,20,6,17,6,4,10,15,6,2,0,0,4,5,5,2,5,1,2,26,33
"11930",9,19,10,4,10,20,11,19,6,4,10,20,6,4,5,0,5,0,0,4,5,2,3,30,38
"11931",10,19,15,4,10,20,16,19,10,4,10,20,11,5,3,5,3,5,0,5,5,2,3,35,43
"11932",11,22,15,4,13,20,16,19,15,4,10,20,16,3,0,0,3,5,1,3,3,1,1,38,46
"11933",12,22,15,4,13,20,16,22,15,4,13,20,16,5,1,0,NA,0,0,0,0,0,0,38,46
"11934",0,0,0,0,0,0,0,0,0,0,0,0,0,0,0,0,0,0,0,0,0,0,0,0,0
"11935",1,1,6,1,5,1,1,1,1,1,1,1,1,5,4,4,4,4,0,5,4,2,1,5,4
"11936",2,1,10,1,5,1,6,1,6,1,5,1,1,4,0,0,4,3,5,4,5,2,3,9,9
"11937",3,1,10,5,8,1,6,1,10,1,5,1,6,4,3,0,3,0,0,4,3,3,1,13,12
"11938",4,1,15,5,11,1,6,1,10,5,8,1,6,2,3,5,2,3,0,5,3,2,1,18,15
"11939",5,3,15,5,11,5,6,1,15,5,11,1,6,2,0,0,4,3,3,2,4,1,2,20,19
"11940",6,3,18,5,11,5,9,3,15,5,11,5,6,3,3,0,3,0,0,3,3,2,3,23,22
"11941",7,3,18,10,11,5,11,3,18,5,11,5,9,2,1,5,2,1,0,5,2,3,3,28,24
"11942",8,3,18,11,16,5,17,3,18,10,11,5,11,1,0,0,6,3,4,1,6,3,3,29,35
"11943",9,7,18,11,19,5,17,3,18,11,16,5,17,3,4,0,3,0,0,4,3,1,1,33,38
"11944",10,10,18,11,23,11,17,7,18,11,19,5,17,6,3,1,6,1,0,3,6,1,2,36,48
"11945",11,10,18,12,29,12,17,10,18,11,23,11,17,1,0,0,3,6,2,1,6,3,1,37,55
"11946",12,10,18,12,29,12,17,10,18,12,29,12,17,3,2,0,NA,0,0,0,0,0,0,37,55
"11947",0,0,0,0,0,0,0,0,0,0,0,0,0,0,0,0,0,0,0,0,0,0,0,0,0
"11948",1,1,3,1,6,1,7,1,1,1,1,1,1,5,6,2,5,6,0,2,6,2,3,2,11
"11949",2,1,8,1,12,5,7,1,3,1,6,1,7,5,0,0,6,3,2,5,6,2,1,7,21
"11950",3,1,10,1,12,5,10,1,8,1,12,5,7,3,2,0,3,0,0,2,3,2,3,9,24
"11951",4,1,10,5,12,10,10,1,10,1,12,5,10,4,5,1,5,1,0,4,5,3,2,13,29
"11952",5,1,10,6,13,10,10,1,10,5,12,10,10,1,0,0,4,1,1,1,1,3,1,14,30
"11953",6,1,14,6,14,10,10,1,10,6,13,10,10,4,1,0,1,0,0,4,1,2,1,18,31
"11954",7,1,17,6,14,10,14,1,14,6,14,10,10,4,3,4,4,4,0,3,4,2,3,21,35
"11955",8,5,17,6,18,10,14,1,17,6,14,10,14,4,0,0,4,3,3,4,4,1,1,25,39
"11956",9,8,17,6,18,10,17,5,17,6,18,10,14,3,3,0,3,0,0,3,3,1,3,28,42
"11957",10,8,19,6,18,13,17,8,17,6,18,10,17,2,3,5,3,5,0,2,3,2,2,30,45
"11958",11,13,19,6,25,13,17,8,19,6,18,13,17,5,0,0,6,2,2,5,6,1,1,35,52
"11959",12,13,19,6,25,13,17,13,19,6,25,13,17,2,2,0,NA,0,0,0,0,0,0,35,52
"11960",0,0,0,0,0,0,0,0,0,0,0,0,0,0,0,0,0,0,0,0,0,0,0,0,0
"11961",1,2,1,1,1,2,7,1,1,1,1,1,1,6,1,1,6,1,0,1,6,1,3,1,7
"11962",2,3,1,1,1,5,7,2,1,1,1,2,7,1,0,0,2,3,1,1,3,1,2,2,10
"11963",3,3,3,1,1,5,8,3,1,1,1,5,7,2,1,0,1,0,0,2,1,2,3,4,11
"11964",4,3,5,1,1,5,10,3,3,1,1,5,8,2,2,3,2,3,0,2,2,2,3,6,13
"11965",5,6,5,1,1,15,10,3,5,1,1,5,10,3,0,0,6,6,4,3,6,1,2,9,23
"11966",6,10,11,1,1,15,14,6,5,1,1,15,10,6,4,0,4,0,0,6,4,2,3,19,27
"11967",7,10,11,4,6,15,14,10,11,1,1,15,14,3,1,5,1,5,0,3,5,3,1,22,32
"11968",8,11,11,4,6,21,15,10,11,4,6,15,14,1,0,0,1,6,3,1,6,1,2,23,39
"11969",9,11,14,4,7,21,15,11,11,4,6,21,15,1,3,0,1,0,0,3,1,2,1,26,40
"11970",10,15,14,4,7,21,20,11,14,4,7,21,15,4,3,5,3,5,0,4,5,1,3,30,45
"11971",11,18,14,4,10,21,20,15,14,4,7,21,20,3,0,0,3,1,3,3,3,1,1,33,48
"11972",12,18,14,4,10,21,20,18,14,4,10,21,20,1,3,0,NA,0,0,0,0,0,0,33,48
"11973",0,0,0,0,0,0,0,0,0,0,0,0,0,0,0,0,0,0,0,0,0,0,0,0,0
"11974",1,1,5,1,1,2,1,1,1,1,1,1,1,1,1,4,1,1,0,4,1,2,2,4,1
"11975",2,1,5,2,4,2,1,1,5,1,1,2,1,1,0,0,1,3,2,1,3,3,1,5,4
"11976",3,2,5,2,6,2,1,1,5,2,4,2,1,1,2,0,2,0,0,1,2,1,1,6,6
"11977",4,5,5,2,6,2,6,2,5,2,6,2,1,5,1,3,5,1,0,3,5,1,3,9,11
"11978",5,5,5,3,12,6,6,5,5,2,6,2,6,1,0,0,2,6,3,1,6,3,1,10,21
"11979",6,5,7,3,15,6,6,5,5,3,12,6,6,2,3,0,3,0,0,2,3,2,1,12,24
"11980",7,5,13,7,15,9,6,5,7,3,15,6,6,3,3,6,3,3,0,6,3,2,2,22,27
"11981",8,5,13,10,20,9,6,5,13,7,15,9,6,3,0,0,1,5,5,3,5,3,1,25,32
"11982",9,5,18,10,21,9,6,5,13,10,20,9,6,1,5,0,1,0,0,5,1,2,1,30,33
"11983",10,8,18,10,21,15,10,5,18,10,21,9,6,3,6,1,6,1,0,3,6,1,2,33,43
"11984",11,9,18,10,23,15,10,8,18,10,21,15,10,1,0,0,2,1,5,1,2,1,1,34,45
"11985",12,9,18,10,23,15,10,9,18,10,23,15,10,1,5,0,NA,0,0,0,0,0,0,34,45
"11986",0,0,0,0,0,0,0,0,0,0,0,0,0,0,0,0,0,0,0,0,0,0,0,0,0
"11987",1,1,1,4,1,1,6,1,1,1,1,1,1,5,1,3,5,1,0,3,5,3,3,3,5
"11988",2,2,1,4,1,6,6,1,1,4,1,1,6,1,0,0,4,5,1,1,5,1,2,4,10
"11989",3,6,1,4,1,7,6,2,1,4,1,6,6,4,1,0,1,0,0,4,1,1,2,8,11
"11990",4,18,1,4,1,7,8,6,1,4,1,7,6,2,2,6,2,2,0,6,2,1,3,20,13
"11991",5,18,1,6,1,8,14,18,1,4,1,7,8,2,0,0,2,6,5,2,6,3,3,22,20
"11992",6,23,1,6,1,10,14,18,1,6,1,8,14,2,5,0,2,0,0,5,2,1,2,27,22
"11993",7,23,6,6,1,10,19,23,1,6,1,10,14,5,5,5,5,5,0,5,5,2,3,32,27
"11994",8,23,11,6,1,10,23,23,6,6,1,10,19,5,0,0,4,6,3,5,4,2,3,37,31
"11995",9,23,15,12,1,10,26,23,11,6,1,10,23,6,3,0,3,0,0,6,3,3,3,47,34
"11996",10,23,17,12,1,10,29,23,15,12,1,10,26,2,2,3,2,3,0,2,3,2,3,49,37
"11997",11,23,17,14,1,14,29,23,17,12,1,10,29,2,0,0,5,5,4,2,4,3,2,51,41
"11998",12,23,17,14,1,14,29,23,17,14,1,14,29,5,5,0,NA,0,0,0,0,0,0,51,41
"11999",0,0,0,0,0,0,0,0,0,0,0,0,0,0,0,0,0,0,0,0,0,0,0,0,0
"12000",1,1,1,5,1,5,1,1,1,1,1,1,1,2,4,4,2,4,0,4,4,3,2,4,4
"12001",2,3,1,5,6,5,1,1,1,5,1,5,1,2,0,0,3,4,5,2,5,1,1,6,9
"12002",3,3,4,5,6,9,1,3,1,5,6,5,1,3,4,0,4,0,0,3,4,2,2,9,13
"12003",4,3,10,8,12,9,3,3,4,5,6,9,1,6,2,6,2,6,0,6,6,2,1,18,21
"12004",5,3,12,8,12,9,8,3,10,8,12,9,3,2,0,0,5,5,2,2,5,2,3,20,26
"12005",6,8,12,8,12,9,10,3,12,8,12,9,8,5,2,0,2,0,0,5,2,1,3,25,28
"12006",7,8,12,13,12,14,10,8,12,8,12,9,10,5,2,5,2,5,0,5,5,3,2,30,33
"12007",8,8,14,13,18,20,10,8,12,13,12,14,10,2,0,0,3,1,6,2,6,2,1,32,45
"12008",9,8,14,16,18,20,11,8,14,13,18,20,10,3,1,0,1,0,0,3,1,3,3,35,46
"12009",10,8,17,16,20,20,17,8,14,16,18,20,11,3,4,6,4,6,0,3,6,2,3,38,54
"12010",11,12,17,16,21,20,17,8,17,16,20,20,17,4,0,0,1,6,6,4,1,1,1,42,55
"12011",12,12,17,16,21,20,17,12,17,16,21,20,17,6,6,0,NA,0,0,0,0,0,0,42,55
"12012",0,0,0,0,0,0,0,0,0,0,0,0,0,0,0,0,0,0,0,0,0,0,0,0,0
"12013",1,1,1,6,5,1,1,1,1,1,1,1,1,4,5,1,4,1,0,5,4,3,1,5,4
"12014",2,1,2,6,9,1,1,1,1,6,5,1,1,1,0,0,4,1,1,1,4,2,1,6,8
"12015",3,2,2,6,10,1,1,1,2,6,9,1,1,1,1,0,1,0,0,1,1,1,1,7,9
"12016",4,2,7,6,10,1,4,2,2,6,10,1,1,1,3,5,1,3,0,5,3,2,3,12,12
"12017",5,2,7,7,16,1,8,2,7,6,10,1,4,1,0,0,6,2,1,1,6,3,1,13,22
"12018",6,2,8,7,16,1,10,2,7,7,16,1,8,2,1,0,2,0,0,1,2,2,3,14,24
"12019",7,4,8,7,19,1,10,2,8,7,16,1,10,2,3,2,3,2,0,2,3,1,1,16,27
"12020",8,4,10,7,19,6,10,4,8,7,19,1,10,2,0,0,6,5,6,2,5,2,2,18,32
"12021",9,10,10,11,21,12,10,4,10,7,19,6,10,6,6,0,6,0,0,6,6,1,2,28,40
"12022",10,14,10,11,21,14,10,10,10,11,21,12,10,1,2,4,1,2,0,4,2,1,2,32,42
"12023",11,15,10,11,28,14,10,14,10,11,21,14,10,1,0,0,1,6,4,1,6,1,1,33,49
"12024",12,15,10,11,28,14,10,15,10,11,28,14,10,1,4,0,NA,0,0,0,0,0,0,33,49
"12025",0,0,0,0,0,0,0,0,0,0,0,0,0,0,0,0,0,0,0,0,0,0,0,0,0
"12026",1,6,7,1,1,6,7,1,1,1,1,1,1,6,5,6,5,6,0,6,6,2,3,11,11
"12027",2,6,12,1,1,12,11,6,7,1,1,6,7,5,0,0,3,6,1,5,6,2,2,16,21
"12028",3,9,12,1,1,12,12,6,12,1,1,12,11,3,1,0,1,0,0,3,1,1,3,19,22
"12029",4,9,12,5,1,12,17,9,12,1,1,12,12,1,5,4,1,5,0,4,5,3,3,23,27
"12030",5,9,12,6,1,15,17,9,12,5,1,12,17,1,0,0,3,1,2,1,3,3,2,24,30
"12031",6,9,13,6,3,15,17,9,12,6,1,15,17,1,2,0,2,0,0,1,2,2,1,25,32
"12032",7,9,13,16,3,18,17,9,13,6,3,15,17,3,4,6,3,4,0,6,3,3,2,35,35
"12033",8,9,17,16,3,24,20,9,13,16,3,18,17,4,0,0,5,6,1,4,6,2,2,39,44
"12034",9,14,17,16,3,24,21,9,17,16,3,24,20,5,1,0,1,0,0,5,1,1,3,44,45
"12035",10,14,21,16,3,24,24,14,17,16,3,24,21,4,1,3,1,3,0,4,3,2,3,48,48
"12036",11,14,21,17,7,24,24,14,21,16,3,24,24,1,0,0,4,4,1,1,4,3,1,49,52
"12037",12,14,21,17,7,24,24,14,21,17,7,24,24,4,1,0,NA,0,0,0,0,0,0,49,52
"12038",0,0,0,0,0,0,0,0,0,0,0,0,0,0,0,0,0,0,0,0,0,0,0,0,0
"12039",1,1,1,4,1,8,1,1,1,1,1,1,1,3,1,6,1,6,0,3,6,3,2,3,7
"12040",2,2,1,4,1,9,7,1,1,4,1,8,1,1,0,0,6,2,6,1,6,1,3,4,14
"12041",3,4,1,10,1,11,7,2,1,4,1,9,7,2,6,0,2,0,0,6,2,3,2,12,16
"12042",4,8,1,10,1,11,12,4,1,10,1,11,7,4,5,4,5,4,0,4,5,1,3,16,21
"12043",5,8,1,14,9,11,12,8,1,10,1,11,12,4,0,0,6,2,2,4,6,3,1,20,29
"12044",6,10,1,14,9,13,12,8,1,14,9,11,12,2,2,0,2,0,0,2,2,1,2,22,31
"12045",7,16,1,16,9,13,17,10,1,14,9,13,12,5,2,6,5,2,0,6,5,1,3,30,36
"12046",8,18,1,16,9,18,17,16,1,16,9,13,17,2,0,0,5,4,2,2,5,1,2,32,41
"12047",9,22,1,16,11,18,17,18,1,16,9,18,17,4,2,0,2,0,0,4,2,1,1,36,43
"12048",10,22,1,20,15,18,17,22,1,16,11,18,17,1,4,4,1,4,0,4,4,3,1,40,47
"12049",11,23,1,20,21,22,17,22,1,20,15,18,17,1,0,0,6,2,4,1,6,1,1,41,57
"12050",12,23,1,20,21,22,17,23,1,20,21,22,17,2,4,0,NA,0,0,0,0,0,0,41,57
"12051",0,0,0,0,0,0,0,0,0,0,0,0,0,0,0,0,0,0,0,0,0,0,0,0,0
"12052",1,4,1,1,4,1,1,1,1,1,1,1,1,3,3,3,3,3,0,3,3,1,1,3,3
"12053",2,4,4,1,4,4,1,4,1,1,4,1,1,3,0,0,2,3,3,3,3,2,2,6,6
"12054",3,4,6,1,7,4,1,4,4,1,4,4,1,2,3,0,3,0,0,2,3,2,1,8,9
"12055",4,4,9,1,9,4,1,4,6,1,7,4,1,3,2,2,2,2,0,3,2,2,1,11,11
"12056",5,4,9,3,9,4,3,4,9,1,9,4,1,2,0,0,2,3,1,2,2,3,3,13,13
"12057",6,7,9,3,9,4,4,4,9,3,9,4,3,3,1,0,1,0,0,3,1,1,3,16,14
"12058",7,9,9,3,9,9,4,7,9,3,9,4,4,2,2,5,2,5,0,2,5,1,2,18,19
"12059",8,11,9,3,15,9,6,9,9,3,9,9,4,2,0,0,4,6,5,2,6,1,1,20,27
"12060",9,15,9,3,15,14,6,11,9,3,15,9,6,4,5,0,5,0,0,4,5,1,2,24,32
"12061",10,20,9,9,15,18,12,15,9,3,15,14,6,6,2,6,2,6,0,6,6,3,3,35,42
"12062",11,22,9,9,23,18,12,20,9,9,15,18,12,2,0,0,6,2,1,2,6,1,1,37,50
"12063",12,22,9,9,23,18,12,22,9,9,23,18,12,2,1,0,NA,0,0,0,0,0,0,37,50
"12064",0,0,0,0,0,0,0,0,0,0,0,0,0,0,0,0,0,0,0,0,0,0,0,0,0
"12065",1,1,1,5,1,6,1,1,1,1,1,1,1,5,4,4,5,4,0,4,5,3,2,4,5
"12066",2,1,5,5,1,8,1,1,1,5,1,6,1,4,0,0,2,2,3,4,2,2,2,8,7
"12067",3,3,5,5,1,8,4,1,5,5,1,8,1,2,3,0,3,0,0,2,3,1,3,10,10
"12068",4,3,7,5,1,8,6,3,5,5,1,8,4,2,2,2,2,2,0,2,2,2,3,12,12
"12069",5,3,9,5,1,8,11,3,7,5,1,8,6,2,0,0,5,5,4,2,5,2,3,14,17
"12070",6,7,9,5,6,8,11,3,9,5,1,8,11,5,4,0,5,0,0,4,5,1,1,18,22
"12071",7,12,9,5,6,8,12,7,9,5,6,8,11,1,5,1,1,1,0,5,1,1,3,23,23
"12072",8,13,9,5,6,12,12,12,9,5,6,8,12,1,0,0,1,4,2,1,4,1,2,24,27
"12073",9,13,9,7,6,13,12,13,9,5,6,12,12,1,2,0,1,0,0,2,1,3,2,26,28
"12074",10,13,9,12,12,16,18,13,9,7,6,13,12,6,2,5,6,2,0,5,6,3,1,31,43
"12075",11,15,9,12,21,16,18,13,9,12,12,16,18,2,0,0,1,1,6,2,6,1,1,33,52
"12076",12,15,9,12,21,16,18,15,9,12,21,16,18,1,1,0,NA,0,0,0,0,0,0,33,52
"12077",0,0,0,0,0,0,0,0,0,0,0,0,0,0,0,0,0,0,0,0,0,0,0,0,0
"12078",1,1,6,1,4,1,1,1,1,1,1,1,1,5,1,3,1,3,0,5,3,2,1,5,3
"12079",2,1,6,2,8,1,1,1,6,1,4,1,1,1,0,0,2,4,3,1,4,3,1,6,7
"12080",3,4,6,2,8,3,1,1,6,2,8,1,1,2,3,0,2,0,0,3,2,1,2,9,9
"12081",4,4,12,7,11,3,7,4,6,2,8,3,1,6,6,3,6,3,0,6,6,2,3,20,18
"12082",5,4,12,10,11,11,7,4,12,7,11,3,7,3,0,0,5,6,2,3,6,3,2,23,26
"12083",6,4,17,10,11,11,9,4,12,10,11,11,7,5,2,0,2,0,0,5,2,2,3,28,28
"12084",7,7,23,10,17,13,9,4,17,10,11,11,9,6,6,2,6,2,0,6,6,2,1,37,36
"12085",8,9,23,10,17,19,13,7,23,10,17,13,9,2,0,0,5,1,6,2,6,1,2,39,46
"12086",9,9,28,10,17,20,13,9,23,10,17,19,13,5,1,0,1,0,0,5,1,2,2,44,47
"12087",10,9,28,14,18,26,19,9,28,10,17,20,13,6,2,4,6,2,0,4,6,3,2,48,60
"12088",11,11,28,14,23,26,19,9,28,14,18,26,19,2,0,0,5,6,5,2,5,1,1,50,65
"12089",12,11,28,14,23,26,19,11,28,14,23,26,19,6,5,0,NA,0,0,0,0,0,0,50,65
"12090",0,0,0,0,0,0,0,0,0,0,0,0,0,0,0,0,0,0,0,0,0,0,0,0,0
"12091",1,1,1,4,1,1,6,1,1,1,1,1,1,4,3,5,4,5,0,3,5,3,3,3,5
"12092",2,5,1,4,3,7,6,1,1,4,1,1,6,4,0,0,6,5,4,4,6,1,2,7,13
"12093",3,9,1,4,3,12,6,5,1,4,3,7,6,5,4,0,5,0,0,4,5,1,2,11,18
"12094",4,9,6,4,3,12,8,9,1,4,3,12,6,1,2,5,1,2,0,5,2,2,3,16,20
"12095",5,9,6,5,8,12,8,9,6,4,3,12,8,1,0,0,5,3,1,1,5,3,1,17,25
"12096",6,12,6,5,8,12,9,9,6,5,8,12,8,3,1,0,1,0,0,3,1,1,3,20,26
"12097",7,12,6,6,11,12,9,12,6,5,8,12,9,1,3,3,3,3,0,1,3,3,1,21,29
"12098",8,15,6,6,21,12,15,12,6,6,11,12,9,3,0,0,1,4,6,3,6,1,1,24,45
"12099",9,16,6,6,21,16,15,15,6,6,21,12,15,1,4,0,4,0,0,1,4,1,2,25,49
"12100",10,20,6,6,24,16,15,16,6,6,21,16,15,4,3,1,3,1,0,4,3,1,1,29,52
"12101",11,21,6,6,32,16,15,20,6,6,24,16,15,1,0,0,6,5,4,1,6,1,1,30,60
"12102",12,21,6,6,32,16,15,21,6,6,32,16,15,5,4,0,NA,0,0,0,0,0,0,30,60
"12103",0,0,0,0,0,0,0,0,0,0,0,0,0,0,0,0,0,0,0,0,0,0,0,0,0
"12104",1,1,1,4,1,6,1,1,1,1,1,1,1,3,5,2,5,2,0,3,5,3,2,3,5
"12105",2,3,1,4,1,10,1,1,1,4,1,6,1,2,0,0,2,4,4,2,4,1,2,5,9
"12106",3,7,1,4,1,10,3,3,1,4,1,10,1,2,4,0,2,0,0,4,2,1,3,9,11
"12107",4,7,3,4,1,14,3,7,1,4,1,10,3,4,2,2,4,2,0,2,4,2,2,11,15
"12108",5,7,5,4,7,14,8,7,3,4,1,14,3,2,0,0,6,6,1,2,6,2,1,13,26
"12109",6,7,12,4,7,14,9,7,5,4,7,14,8,6,1,0,1,0,0,6,1,2,3,20,27
"12110",7,7,21,4,8,14,15,7,12,4,7,14,9,6,4,6,4,6,0,6,6,2,3,29,34
"12111",8,7,25,4,8,18,15,7,21,4,8,14,15,4,0,0,6,4,6,4,4,2,2,33,38
"12112",9,13,34,4,7,18,21,7,25,4,8,18,15,6,6,0,6,0,0,6,6,1,1,48,43
"12113",10,16,40,4,7,1,22,13,34,4,7,18,21,1,6,3,1,3,0,6,1,2,3,57,27
"12114",11,19,40,1,7,1,30,16,40,4,7,1,22,3,0,0,3,6,4,3,4,1,3,57,35
"12115",12,19,40,1,7,1,30,19,40,1,7,1,30,3,6,0,NA,0,0,0,0,0,0,57,35
"12116",0,0,0,0,0,0,0,0,0,0,0,0,0,0,0,0,0,0,0,0,0,0,0,0,0
"12117",1,7,10,1,1,1,5,1,1,1,1,1,1,4,6,2,4,2,0,6,4,2,3,15,4
"12118",2,7,12,1,6,1,5,7,10,1,1,1,5,2,0,0,2,4,5,2,5,2,1,17,9
"12119",3,9,12,1,6,5,5,7,12,1,6,1,5,2,4,0,4,0,0,2,4,1,2,19,13
"12120",4,10,12,1,6,9,5,9,12,1,6,5,5,3,1,4,3,4,0,1,4,1,2,20,17
"12121",5,10,15,1,6,14,5,10,12,1,6,9,5,3,0,0,6,5,5,3,5,2,2,23,22
"12122",6,16,15,6,6,19,5,10,15,1,6,14,5,6,5,0,5,0,0,6,5,1,2,34,27
"12123",7,18,21,6,9,19,5,16,15,6,6,19,5,3,1,6,3,1,0,6,3,2,1,42,30
"12124",8,18,21,7,9,21,5,18,21,6,9,19,5,1,0,0,2,2,6,1,2,3,2,43,32
"12125",9,25,21,7,9,23,5,18,21,7,9,21,5,2,6,0,2,0,0,6,2,1,2,50,34
"12126",10,25,21,9,9,25,5,25,21,7,9,23,5,2,3,2,3,2,0,2,2,3,2,52,36
"12127",11,1,21,9,20,25,6,25,21,9,9,25,5,3,0,0,5,3,1,3,1,1,3,28,48
"12128",12,1,21,9,20,25,6,1,21,9,20,25,6,5,3,0,NA,0,0,0,0,0,0,28,48
"12129",0,0,0,0,0,0,0,0,0,0,0,0,0,0,0,0,0,0,0,0,0,0,0,0,0
"12130",1,1,4,1,8,1,1,1,1,1,1,1,1,6,3,3,6,3,0,3,6,2,1,3,7
"12131",2,4,4,1,8,1,6,1,4,1,8,1,1,3,0,0,3,3,5,3,5,1,3,6,12
"12132",3,7,4,1,11,1,6,4,4,1,8,1,6,3,3,0,3,0,0,3,3,1,1,9,15
"12133",4,12,4,1,15,1,6,7,4,1,11,1,6,5,4,4,4,4,0,5,4,1,1,14,19
"12134",5,12,4,5,15,6,12,12,4,1,15,1,6,4,0,0,2,6,3,4,6,3,3,18,30
"12135",6,15,4,5,17,6,12,12,4,5,15,6,12,2,3,0,2,0,0,3,2,1,1,21,32
"12136",7,15,4,7,17,14,12,15,4,5,17,6,12,6,2,3,6,3,0,2,6,3,2,23,40
"12137",8,15,4,10,17,17,12,15,4,7,17,14,12,3,0,0,3,2,1,3,3,3,2,26,43
"12138",9,15,5,10,17,17,14,15,4,10,17,17,12,2,1,0,2,0,0,1,2,2,3,27,45
"12139",10,19,5,10,18,17,14,15,5,10,17,17,14,4,1,5,1,5,0,4,1,1,1,31,46
"12140",11,24,5,10,24,22,14,19,5,10,18,17,14,5,0,0,2,4,6,5,6,1,1,36,57
"12141",12,24,5,10,24,22,14,24,5,10,24,22,14,2,4,0,NA,0,0,0,0,0,0,36,57
"12142",0,0,0,0,0,0,0,0,0,0,0,0,0,0,0,0,0,0,0,0,0,0,0,0,0
"12143",1,6,1,1,3,1,1,1,1,1,1,1,1,1,2,5,1,2,0,5,2,1,1,5,2
"12144",2,6,1,2,8,1,1,6,1,1,3,1,1,1,0,0,3,2,5,1,5,3,1,6,7
"12145",3,6,4,2,10,1,1,6,1,2,8,1,1,3,2,0,2,0,0,3,2,2,1,9,9
"12146",4,6,9,2,10,6,1,6,4,2,10,1,1,1,5,5,1,5,0,5,5,2,2,14,14
"12147",5,6,9,3,10,6,6,6,9,2,10,6,1,1,0,0,4,5,4,1,5,3,3,15,19
"12148",6,10,9,3,10,10,6,6,9,3,10,6,6,4,4,0,4,0,0,4,4,1,2,19,23
"12149",7,10,14,3,10,15,12,10,9,3,10,10,6,2,5,6,2,6,0,5,6,2,3,24,34
"12150",8,10,16,3,10,15,15,10,14,3,10,15,12,2,0,0,3,1,3,2,3,2,3,26,37
"12151",9,10,17,3,10,18,15,10,16,3,10,15,15,1,3,0,3,0,0,1,3,2,2,27,40
"12152",10,15,17,3,10,21,15,10,17,3,10,18,15,1,3,5,1,3,0,5,3,1,2,32,43
"12153",11,16,17,3,22,21,20,15,17,3,10,21,15,1,0,0,6,5,5,1,6,1,1,33,60
"12154",12,16,17,3,22,21,20,16,17,3,22,21,20,5,5,0,NA,0,0,0,0,0,0,33,60
"12155",0,0,0,0,0,0,0,0,0,0,0,0,0,0,0,0,0,0,0,0,0,0,0,0,0
"12156",1,3,1,1,3,1,1,1,1,1,1,1,1,1,2,2,1,2,0,2,2,1,1,2,2
"12157",2,3,2,1,3,1,3,3,1,1,3,1,1,1,0,0,3,2,3,1,2,2,3,3,4
"12158",3,3,2,4,3,1,6,3,2,1,3,1,3,3,3,0,3,0,0,3,3,3,3,6,7
"12159",4,3,2,8,5,1,6,3,2,4,3,1,6,1,4,2,1,2,0,4,2,3,1,10,9
"12160",5,3,3,8,11,1,7,3,2,8,5,1,6,1,0,0,3,6,6,1,6,2,1,11,16
"12161",6,4,9,8,11,1,10,3,3,8,11,1,7,3,6,0,3,0,0,6,3,2,3,18,19
"12162",7,4,9,12,11,3,10,4,9,8,11,1,10,4,2,2,2,2,0,4,2,3,2,22,21
"12163",8,4,9,14,21,3,10,4,9,12,11,3,10,2,0,0,5,6,2,2,6,3,1,24,31
"12164",9,4,14,14,23,3,10,4,9,14,21,3,10,5,2,0,2,0,0,5,2,2,1,29,33
"12165",10,4,20,23,23,8,10,4,14,14,23,3,10,6,2,5,2,5,0,6,5,3,2,44,38
"12166",11,4,22,23,23,13,10,4,20,23,23,8,10,2,0,0,5,5,1,2,5,2,2,46,43
"12167",12,4,22,23,23,13,10,4,22,23,23,13,10,5,1,0,NA,0,0,0,0,0,0,46,43
"12168",0,0,0,0,0,0,0,0,0,0,0,0,0,0,0,0,0,0,0,0,0,0,0,0,0
"12169",1,1,5,1,1,1,6,1,1,1,1,1,1,4,2,5,2,5,0,4,5,2,3,4,5
"12170",2,1,7,1,1,6,6,1,5,1,1,1,6,2,0,0,5,2,5,2,5,2,2,6,10
"12171",3,1,12,1,1,6,8,1,7,1,1,6,6,2,5,0,2,0,0,5,2,2,3,11,12
"12172",4,4,12,1,2,12,8,1,12,1,1,6,8,5,3,6,5,6,0,3,6,1,2,14,19
"12173",5,9,12,1,2,17,8,4,12,1,2,12,8,5,0,0,4,3,5,5,5,1,2,19,24
"12174",6,9,16,1,2,20,8,9,12,1,2,17,8,4,3,0,3,0,0,4,3,2,2,23,27
"12175",7,10,16,7,2,20,12,9,16,1,2,20,8,6,3,4,3,4,0,6,4,3,3,30,31
"12176",8,13,16,7,8,25,12,10,16,7,2,20,12,3,0,0,2,6,5,3,6,1,1,33,42
"12177",9,13,16,12,8,27,12,13,16,7,8,25,12,2,5,0,2,0,0,5,2,3,2,38,44
"12178",10,17,16,12,8,27,15,13,16,12,8,27,12,3,4,2,3,2,0,4,3,1,3,42,47
"12179",11,17,16,14,9,27,15,17,16,12,8,27,15,2,0,0,1,4,5,2,1,3,1,44,48
"12180",12,17,16,14,9,27,15,17,16,14,9,27,15,4,5,0,NA,0,0,0,0,0,0,44,48
"12181",0,0,0,0,0,0,0,0,0,0,0,0,0,0,0,0,0,0,0,0,0,0,0,0,0
"12182",1,5,1,1,1,1,5,1,1,1,1,1,1,4,4,2,4,2,0,4,4,1,3,4,4
"12183",2,5,1,3,7,3,5,5,1,1,1,1,5,2,0,0,2,2,6,2,6,3,1,6,12
"12184",3,5,1,5,9,3,5,5,1,3,7,3,5,2,2,0,2,0,0,2,2,3,1,8,14
"12185",4,10,1,5,9,14,5,5,1,5,9,3,5,5,1,6,1,6,0,5,6,1,2,13,25
"12186",5,10,2,5,15,14,6,10,1,5,9,14,5,1,0,0,6,3,5,1,6,2,1,14,32
"12187",6,13,2,5,15,14,11,10,2,5,15,14,6,3,5,0,5,0,0,3,5,1,3,17,37
"12188",7,13,2,6,20,14,11,13,2,5,15,14,11,5,4,1,5,4,0,1,5,3,1,18,42
"12189",8,17,2,6,20,14,16,13,2,6,20,14,11,4,0,0,5,3,5,4,5,1,3,22,47
"12190",9,20,2,6,20,14,21,17,2,6,20,14,16,3,5,0,5,0,0,3,5,1,3,25,52
"12191",10,23,2,6,23,14,21,20,2,6,20,14,21,1,3,3,1,3,0,3,3,1,1,28,55
"12192",11,24,2,6,23,19,21,23,2,6,23,14,21,1,0,0,5,3,4,1,5,1,2,29,60
"12193",12,24,2,6,23,19,21,24,2,6,23,19,21,3,4,0,NA,0,0,0,0,0,0,29,60
"12194",0,0,0,0,0,0,0,0,0,0,0,0,0,0,0,0,0,0,0,0,0,0,0,0,0
"12195",1,1,4,1,4,7,1,1,1,1,1,1,1,6,1,3,6,1,0,3,6,2,2,3,9
"12196",2,1,5,1,9,7,1,1,4,1,4,7,1,1,0,0,4,1,5,1,5,2,1,4,14
"12197",3,1,5,5,9,7,2,1,5,1,9,7,1,4,1,0,1,0,0,4,1,3,3,8,15
"12198",4,1,5,10,9,12,2,1,5,5,9,7,2,2,5,5,2,5,0,5,5,3,2,13,20
"12199",5,3,5,10,9,12,6,1,5,10,9,12,2,2,0,0,1,1,4,2,4,1,3,15,24
"12200",6,4,5,10,10,12,6,3,5,10,9,12,6,1,1,0,1,0,0,1,1,1,1,16,25
"12201",7,4,5,13,15,12,6,4,5,10,10,12,6,5,3,3,5,3,0,3,5,3,1,19,30
"12202",8,4,5,16,15,12,11,4,5,13,15,12,6,3,0,0,5,5,2,3,5,3,3,22,35
"12203",9,9,5,16,17,12,11,4,5,16,15,12,11,5,2,0,2,0,0,5,2,1,1,27,37
"12204",10,9,5,20,21,12,11,9,5,16,17,12,11,4,4,2,4,2,0,4,4,3,1,31,41
"12205",11,11,5,20,24,12,11,9,5,20,21,12,11,2,0,0,3,3,3,2,3,1,1,33,44
"12206",12,11,5,20,24,12,11,11,5,20,24,12,11,3,3,0,NA,0,0,0,0,0,0,33,44
"12207",0,0,0,0,0,0,0,0,0,0,0,0,0,0,0,0,0,0,0,0,0,0,0,0,0
"12208",1,1,2,1,1,1,5,1,1,1,1,1,1,1,1,4,1,4,0,1,4,2,3,1,4
"12209",2,1,3,1,1,1,7,1,2,1,1,1,5,1,0,0,2,2,3,1,2,2,3,2,6
"12210",3,1,5,1,1,1,10,1,3,1,1,1,7,2,3,0,3,0,0,2,3,2,3,4,9
"12211",4,6,5,1,1,6,10,1,5,1,1,1,10,1,5,5,1,5,0,5,5,1,2,9,14
"12212",5,7,5,1,1,11,10,6,5,1,1,6,10,1,0,0,3,2,5,1,5,1,2,10,19
"12213",6,7,8,1,3,11,10,7,5,1,1,11,10,3,2,0,2,0,0,3,2,2,1,13,21
"12214",7,11,8,1,7,11,10,7,8,1,3,11,10,4,4,1,4,1,0,4,4,1,1,17,25
"12215",8,12,8,1,9,17,10,11,8,1,7,11,10,1,0,0,1,6,5,1,6,1,2,18,33
"12216",9,13,8,1,14,17,10,12,8,1,9,17,10,1,5,0,5,0,0,1,5,1,1,19,38
"12217",10,15,8,1,14,17,11,13,8,1,14,17,10,2,1,5,1,5,0,2,1,1,3,21,39
"12218",11,20,8,1,15,17,11,15,8,1,14,17,11,5,0,0,1,4,6,5,1,1,1,26,40
"12219",12,20,8,1,15,17,11,20,8,1,15,17,11,4,6,0,NA,0,0,0,0,0,0,26,40
"12220",0,0,0,0,0,0,0,0,0,0,0,0,0,0,0,0,0,0,0,0,0,0,0,0,0
"12221",1,1,1,4,1,1,5,1,1,1,1,1,1,4,4,3,4,4,0,3,4,3,3,3,4
"12222",2,5,1,4,1,4,5,1,1,4,1,1,5,4,0,0,6,3,6,4,3,1,2,7,7
"12223",3,5,5,10,1,9,11,5,1,4,1,4,5,6,6,0,6,0,0,6,6,3,3,17,18
"12224",4,5,6,10,1,9,15,5,5,10,1,9,11,1,4,1,4,1,0,1,4,2,3,18,22
"12225",5,5,6,11,1,19,15,5,6,10,1,9,15,1,0,0,1,5,6,1,6,3,2,19,32
"12226",6,5,6,16,1,20,15,5,6,11,1,19,15,1,5,0,1,0,0,5,1,3,2,24,33
"12227",7,5,7,16,1,20,17,5,6,16,1,20,15,1,1,2,1,2,0,1,2,2,3,25,35
"12228",8,5,8,16,4,20,23,5,7,16,1,20,17,1,0,0,6,2,2,1,6,2,3,26,44
"12229",9,5,10,16,6,20,23,5,8,16,4,20,23,2,2,0,2,0,0,2,2,2,1,28,46
"12230",10,11,15,16,9,20,23,5,10,16,6,20,23,6,1,3,1,3,0,6,3,1,1,39,49
"12231",11,12,15,16,24,20,23,11,15,16,9,20,23,1,0,0,6,5,6,1,6,1,1,40,64
"12232",12,12,15,16,24,20,23,12,15,16,24,20,23,5,6,0,NA,0,0,0,0,0,0,40,64
"12233",0,0,0,0,0,0,0,0,0,0,0,0,0,0,0,0,0,0,0,0,0,0,0,0,0
"12234",1,2,1,1,7,3,1,1,1,1,1,1,1,6,1,5,6,5,0,1,6,1,1,1,8
"12235",2,7,1,1,12,3,1,2,1,1,7,3,1,5,0,0,3,5,5,5,5,1,1,6,13
"12236",3,7,6,1,12,6,1,7,1,1,12,3,1,3,5,0,3,0,0,5,3,2,2,11,16
"12237",4,7,6,5,13,6,1,7,6,1,12,6,1,1,1,4,1,1,0,4,1,3,1,15,17
"12238",5,8,6,5,15,12,1,7,6,5,13,6,1,1,0,0,6,3,6,1,6,1,2,16,25
"12239",6,18,6,5,15,12,4,8,6,5,15,12,1,3,6,0,3,0,0,6,3,1,3,26,28
"12240",7,21,6,5,15,12,9,18,6,5,15,12,4,1,3,5,1,5,0,3,5,1,3,29,33
"12241",8,22,6,5,15,12,14,21,6,5,15,12,9,1,0,0,5,4,2,1,5,1,3,30,38
"12242",9,22,10,5,15,12,16,22,6,5,15,12,14,4,2,0,2,0,0,4,2,2,3,34,40
"12243",10,26,10,5,15,15,22,22,10,5,15,12,16,4,6,1,6,1,0,4,6,1,3,38,49
"12244",11,27,10,5,17,15,22,26,10,5,15,15,22,1,0,0,2,1,3,1,2,1,1,39,51
"12245",12,27,10,5,17,15,22,27,10,5,17,15,22,1,3,0,NA,0,0,0,0,0,0,39,51
"12246",0,0,0,0,0,0,0,0,0,0,0,0,0,0,0,0,0,0,0,0,0,0,0,0,0
"12247",1,1,10,1,4,1,1,1,1,1,1,1,1,3,1,6,3,1,0,6,3,2,1,9,3
"12248",2,1,11,1,4,10,1,1,10,1,4,1,1,1,0,0,3,6,2,1,6,2,2,10,12
"12249",3,1,11,3,4,10,4,1,11,1,4,10,1,3,2,0,3,0,0,2,3,3,3,12,15
"12250",4,4,11,9,4,15,4,1,11,3,4,10,4,6,3,5,3,5,0,6,5,3,2,21,20
"12251",5,4,11,12,4,20,4,4,11,9,4,15,4,3,0,0,5,1,3,3,5,3,2,24,25
"12252",6,7,11,12,4,20,5,4,11,12,4,20,4,1,3,0,1,0,0,3,1,1,3,27,26
"12253",7,7,16,12,4,20,8,7,11,12,4,20,5,5,1,3,1,3,0,5,3,2,3,32,29
"12254",8,7,17,12,4,24,8,7,16,12,4,20,8,1,0,0,1,3,4,1,4,2,2,33,33
"12255",9,10,17,12,5,24,8,7,17,12,4,24,8,1,3,0,1,0,0,3,1,1,1,36,34
"12256",10,12,17,12,10,24,8,10,17,12,5,24,8,2,5,4,5,4,0,2,5,1,1,38,39
"12257",11,16,17,12,10,27,8,12,17,12,10,24,8,4,0,0,3,1,2,4,3,1,2,42,42
"12258",12,16,17,12,10,27,8,16,17,12,10,27,8,1,2,0,NA,0,0,0,0,0,0,42,42
"12259",0,0,0,0,0,0,0,0,0,0,0,0,0,0,0,0,0,0,0,0,0,0,0,0,0
"12260",1,1,1,6,8,1,1,1,1,1,1,1,1,5,1,6,1,6,0,5,6,3,1,5,7
"12261",2,2,1,6,14,10,1,1,1,6,8,1,1,1,0,0,2,1,6,1,6,1,1,6,22
"12262",3,2,1,8,15,10,1,2,1,6,14,10,1,2,1,0,1,0,0,2,1,3,1,8,23
"12263",4,7,1,8,15,10,8,2,1,8,15,10,1,6,1,5,6,1,0,5,6,1,3,13,30
"12264",5,7,1,9,18,10,8,7,1,8,15,10,8,1,0,0,1,2,3,1,3,3,1,14,33
"12265",6,7,3,9,18,10,9,7,1,9,18,10,8,1,2,0,1,0,0,2,1,2,3,16,34
"12266",7,12,3,9,18,11,9,7,3,9,18,10,9,5,1,1,1,1,0,5,1,1,2,21,35
"12267",8,12,3,10,18,11,12,12,3,9,18,11,9,1,0,0,3,4,1,1,3,3,3,22,38
"12268",9,12,7,10,18,11,13,12,3,10,18,11,12,4,1,0,1,0,0,4,1,2,3,26,39
"12269",10,12,9,10,24,11,15,12,7,10,18,11,13,2,2,6,2,6,0,2,6,2,1,28,47
"12270",11,14,9,10,26,11,15,12,9,10,24,11,15,2,0,0,2,5,5,2,2,1,1,30,49
"12271",12,14,9,10,26,11,15,14,9,10,26,11,15,5,5,0,NA,0,0,0,0,0,0,30,49
"12272",0,0,0,0,0,0,0,0,0,0,0,0,0,0,0,0,0,0,0,0,0,0,0,0,0
"12273",1,3,1,1,1,1,3,1,1,1,1,1,1,1,2,2,1,2,0,2,2,1,3,2,2
"12274",2,3,1,2,1,3,3,3,1,1,1,1,3,1,0,0,2,1,1,1,2,3,2,3,4
"12275",3,3,2,2,1,4,3,3,1,2,1,3,3,1,1,0,1,0,0,1,1,2,2,4,5
"12276",4,3,3,2,14,4,3,3,2,2,1,4,3,6,1,3,6,3,0,1,6,2,1,5,18
"12277",5,6,3,2,14,4,7,3,3,2,14,4,3,3,0,0,3,4,2,3,4,1,3,8,22
"12278",6,6,3,5,14,4,9,6,3,2,14,4,7,3,2,0,2,0,0,3,2,3,3,11,24
"12279",7,8,3,5,14,4,14,6,3,5,14,4,9,2,2,5,2,5,0,2,5,1,3,13,29
"12280",8,10,3,5,17,4,14,8,3,5,14,4,14,2,0,0,3,1,3,2,3,1,1,15,32
"12281",9,13,3,5,17,5,14,10,3,5,17,4,14,1,3,0,1,0,0,3,1,1,2,18,33
"12282",10,20,3,5,17,7,14,13,3,5,17,5,14,6,2,3,2,3,0,6,2,1,2,25,35
"12283",11,23,3,5,21,13,14,20,3,5,17,7,14,3,0,0,5,6,6,3,6,1,2,28,45
"12284",12,23,3,5,21,13,14,23,3,5,21,13,14,5,6,0,NA,0,0,0,0,0,0,28,45
"12285",0,0,0,0,0,0,0,0,0,0,0,0,0,0,0,0,0,0,0,0,0,0,0,0,0
"12286",1,6,1,1,3,1,1,1,1,1,1,1,1,2,5,2,2,2,0,5,2,1,1,5,2
"12287",2,6,1,3,10,1,1,6,1,1,3,1,1,2,0,0,6,4,1,2,6,3,1,7,9
"12288",3,10,1,3,10,1,2,6,1,3,10,1,1,4,1,0,1,0,0,4,1,1,3,11,10
"12289",4,16,2,3,10,1,7,10,1,3,10,1,2,3,6,5,3,5,0,6,5,1,3,18,15
"12290",5,19,2,3,14,1,7,16,2,3,10,1,7,3,0,0,4,3,2,3,4,1,1,21,19
"12291",6,19,5,3,16,1,7,19,2,3,14,1,7,3,2,0,2,0,0,3,2,2,1,24,21
"12292",7,22,11,3,16,2,7,19,5,3,16,1,7,1,6,1,1,1,0,6,1,2,2,33,22
"12293",8,22,12,3,21,2,7,22,11,3,16,2,7,1,0,0,5,4,4,1,5,2,1,34,27
"12294",9,22,12,7,25,2,7,22,12,3,21,2,7,4,4,0,4,0,0,4,4,3,1,38,31
"12295",10,26,18,7,30,2,7,22,12,7,25,2,7,5,6,4,5,4,0,6,5,2,1,48,36
"12296",11,1,18,7,33,8,7,26,18,7,30,2,7,4,0,0,3,6,2,4,6,1,2,23,45
"12297",12,1,18,7,33,8,7,1,18,7,33,8,7,3,2,0,NA,0,0,0,0,0,0,23,45
"12298",0,0,0,0,0,0,0,0,0,0,0,0,0,0,0,0,0,0,0,0,0,0,0,0,0
"12299",1,1,3,1,1,1,4,1,1,1,1,1,1,1,2,3,1,3,0,2,3,2,3,2,3
"12300",2,1,3,2,6,1,4,1,3,1,1,1,4,1,0,0,3,2,5,1,5,3,1,3,8
"12301",3,1,5,2,9,1,4,1,3,2,6,1,4,3,2,0,3,0,0,2,3,2,1,5,11
"12302",4,2,5,2,11,1,4,1,5,2,9,1,4,1,2,1,2,1,0,1,2,1,1,6,13
"12303",5,3,5,2,11,1,7,2,5,2,11,1,4,1,0,0,2,1,3,1,3,1,3,7,16
"12304",6,5,5,2,11,2,7,3,5,2,11,1,7,2,1,0,1,0,0,2,1,1,2,9,17
"12305",7,8,5,2,11,2,14,5,5,2,11,2,7,4,3,6,4,6,0,3,6,1,3,12,24
"12306",8,8,9,2,11,6,14,8,5,2,11,2,14,4,0,0,4,2,3,4,4,2,2,16,28
"12307",9,8,11,2,14,6,14,8,9,2,11,6,14,2,3,0,3,0,0,2,3,2,1,18,31
"12308",10,13,11,2,17,6,14,8,11,2,14,6,14,5,3,1,3,1,0,5,3,1,1,23,34
"12309",11,14,11,2,28,6,14,13,11,2,17,6,14,1,0,0,6,4,3,1,6,1,1,24,45
"12310",12,14,11,2,28,6,14,14,11,2,28,6,14,4,3,0,NA,0,0,0,0,0,0,24,45
"12311",0,0,0,0,0,0,0,0,0,0,0,0,0,0,0,0,0,0,0,0,0,0,0,0,0
"12312",1,1,1,5,6,1,1,1,1,1,1,1,1,5,4,5,5,5,0,4,5,3,1,4,5
"12313",2,1,6,5,9,1,1,1,1,5,6,1,1,5,0,0,3,3,3,5,3,2,1,9,8
"12314",3,1,9,5,9,4,1,1,6,5,9,1,1,3,3,0,3,0,0,3,3,2,2,12,11
"12315",4,6,9,5,12,4,1,1,9,5,9,4,1,2,5,3,2,3,0,5,3,1,1,17,14
"12316",5,6,11,5,12,4,6,6,9,5,12,4,1,2,0,0,1,5,5,2,5,2,3,19,19
"12317",6,6,16,5,12,4,7,6,11,5,12,4,6,1,5,0,1,0,0,5,1,2,3,24,20
"12318",7,6,19,5,12,9,7,6,16,5,12,4,7,3,5,2,5,2,0,3,5,2,2,27,25
"12319",8,8,19,5,15,9,7,6,19,5,12,9,7,2,0,0,3,2,1,2,3,1,1,29,28
"12320",9,10,19,5,15,9,8,8,19,5,15,9,7,2,1,0,1,0,0,2,1,1,3,31,29
"12321",10,10,28,5,15,14,8,10,19,5,15,9,8,6,3,5,3,5,0,6,5,2,2,40,34
"12322",11,13,28,5,15,14,11,10,28,5,15,14,8,3,0,0,6,3,2,3,3,1,3,43,37
"12323",12,13,28,5,15,14,11,13,28,5,15,14,11,6,2,0,NA,0,0,0,0,0,0,43,37
"12324",0,0,0,0,0,0,0,0,0,0,0,0,0,0,0,0,0,0,0,0,0,0,0,0,0
"12325",1,1,1,2,4,1,1,1,1,1,1,1,1,3,1,3,3,3,0,1,3,3,1,1,3
"12326",2,1,1,5,4,4,1,1,1,2,4,1,1,3,0,0,4,3,2,3,3,3,2,4,6
"12327",3,1,5,5,4,6,1,1,1,5,4,4,1,4,2,0,2,0,0,4,2,2,2,8,8
"12328",4,6,5,5,8,6,1,1,5,5,4,6,1,4,5,3,4,3,0,5,4,1,1,13,12
"12329",5,6,8,5,12,6,1,6,5,5,8,6,1,3,0,0,3,4,3,3,4,2,1,16,16
"12330",6,9,8,5,15,6,1,6,8,5,12,6,1,3,3,0,3,0,0,3,3,1,1,19,19
"12331",7,14,8,5,19,6,1,9,8,5,15,6,1,5,4,2,4,2,0,5,4,1,1,24,23
"12332",8,14,8,7,19,11,7,14,8,5,19,6,1,2,0,0,4,2,6,2,6,3,3,26,34
"12333",9,18,8,7,19,11,9,14,8,7,19,11,7,4,2,0,2,0,0,4,2,1,3,30,36
"12334",10,22,8,7,19,11,12,18,8,7,19,11,9,3,4,3,3,3,0,4,3,1,3,34,39
"12335",11,25,8,7,24,11,12,22,8,7,19,11,12,3,0,0,5,4,4,3,5,1,1,37,44
"12336",12,25,8,7,24,11,12,25,8,7,24,11,12,4,4,0,NA,0,0,0,0,0,0,37,44
"12337",0,0,0,0,0,0,0,0,0,0,0,0,0,0,0,0,0,0,0,0,0,0,0,0,0
"12338",1,1,1,4,1,7,4,1,1,1,1,1,1,3,1,6,1,6,0,3,6,3,2,3,9
"12339",2,2,1,4,1,7,8,1,1,4,1,7,4,1,0,0,4,3,5,1,4,1,3,4,13
"12340",3,7,1,4,4,7,8,2,1,4,1,7,8,3,5,0,3,0,0,5,3,1,1,9,16
"12341",4,13,6,4,10,7,12,7,1,4,4,7,8,6,3,6,3,6,0,6,6,1,1,20,26
"12342",5,13,9,4,10,16,12,13,6,4,10,7,12,3,0,0,6,3,4,3,6,2,2,23,35
"12343",6,17,9,4,13,16,12,13,9,4,10,16,12,3,4,0,3,0,0,4,3,1,1,27,38
"12344",7,17,9,9,13,20,18,17,9,4,13,16,12,5,2,6,2,6,0,5,6,3,3,32,48
"12345",8,19,9,9,24,26,18,17,9,9,13,20,18,2,0,0,4,3,6,2,6,1,2,34,65
"12346",9,19,9,13,27,26,18,19,9,9,24,26,18,4,3,0,3,0,0,4,3,3,1,38,68
"12347",10,19,9,14,27,26,29,19,9,13,27,26,18,1,4,6,4,6,0,1,6,3,3,39,79
"12348",11,23,9,14,28,26,29,19,9,14,27,26,29,4,0,0,1,3,6,4,1,1,1,43,80
"12349",12,23,9,14,28,26,29,23,9,14,28,26,29,3,6,0,NA,0,0,0,0,0,0,43,80
"12350",0,0,0,0,0,0,0,0,0,0,0,0,0,0,0,0,0,0,0,0,0,0,0,0,0
"12351",1,1,1,2,1,6,1,1,1,1,1,1,1,5,3,1,5,3,0,1,5,3,2,1,5
"12352",2,4,1,2,1,6,5,1,1,2,1,6,1,3,0,0,1,3,4,3,4,1,3,4,9
"12353",3,7,1,2,1,7,5,4,1,2,1,6,5,1,3,0,1,0,0,3,1,1,2,7,10
"12354",4,7,1,6,6,7,5,7,1,2,1,7,5,5,4,5,5,5,0,4,5,3,1,11,15
"12355",5,7,6,6,6,11,5,7,1,6,6,7,5,5,0,0,4,1,4,5,4,2,2,16,19
"12356",6,8,6,6,6,11,9,7,6,6,6,11,5,1,4,0,4,0,0,1,4,1,3,17,23
"12357",7,13,6,6,8,11,9,8,6,6,6,11,9,5,1,2,1,2,0,5,2,1,1,22,25
"12358",8,13,7,6,17,11,9,13,6,6,8,11,9,1,0,0,4,2,6,1,6,2,1,23,34
"12359",9,17,7,6,17,11,11,13,7,6,17,11,9,4,2,0,2,0,0,4,2,1,3,27,36
"12360",10,19,7,6,23,11,16,17,7,6,17,11,11,2,6,2,6,2,0,2,6,1,1,29,47
"12361",11,21,7,6,25,11,16,19,7,6,23,11,16,2,0,0,2,4,4,2,2,1,1,31,49
"12362",12,21,7,6,25,11,16,21,7,6,25,11,16,4,4,0,NA,0,0,0,0,0,0,31,49
"12363",0,0,0,0,0,0,0,0,0,0,0,0,0,0,0,0,0,0,0,0,0,0,0,0,0
"12364",1,1,1,12,4,1,1,1,1,1,1,1,1,6,1,3,1,3,0,6,3,3,1,11,3
"12365",2,1,2,12,10,2,7,1,1,12,4,1,1,1,0,0,6,2,2,1,6,2,1,12,16
"12366",3,3,2,12,10,4,7,1,2,12,10,2,7,2,2,0,2,0,0,2,2,1,2,14,18
"12367",4,3,2,13,12,4,7,3,2,12,10,4,7,2,1,1,2,1,0,1,2,3,1,15,20
"12368",5,3,3,13,16,4,7,3,2,13,12,4,7,1,0,0,4,2,4,1,4,2,1,16,24
"12369",6,3,3,15,20,4,7,3,3,13,16,4,7,2,4,0,4,0,0,2,4,3,1,18,28
"12370",7,3,3,17,20,4,11,3,3,15,20,4,7,4,4,2,4,4,0,2,4,3,3,20,32
"12371",8,3,7,17,20,9,11,3,3,17,20,4,11,4,0,0,5,2,4,4,5,2,2,24,37
"12372",9,3,9,17,20,13,11,3,7,17,20,9,11,2,4,0,4,0,0,2,4,2,2,26,41
"12373",10,5,15,17,20,14,17,3,9,17,20,13,11,6,3,6,3,6,0,6,6,2,3,34,48
"12374",11,8,15,17,23,14,17,5,15,17,20,14,17,3,0,0,3,3,1,3,3,1,1,37,51
"12375",12,8,15,17,23,14,17,8,15,17,23,14,17,3,1,0,NA,0,0,0,0,0,0,37,51
"12376",0,0,0,0,0,0,0,0,0,0,0,0,0,0,0,0,0,0,0,0,0,0,0,0,0
"12377",1,5,1,1,1,5,1,1,1,1,1,1,1,4,2,4,2,4,0,4,4,1,2,4,4
"12378",2,5,1,3,2,11,1,5,1,1,1,5,1,2,0,0,2,3,6,2,6,3,2,6,11
"12379",3,5,1,6,2,11,3,5,1,3,2,11,1,2,3,0,2,0,0,3,2,3,3,9,13
"12380",4,5,6,12,2,13,3,5,1,6,2,11,3,1,6,2,1,2,0,6,2,3,2,20,15
"12381",5,6,6,12,2,18,3,5,6,12,2,13,3,1,0,0,5,1,5,1,5,1,2,21,20
"12382",6,11,6,12,2,19,3,6,6,12,2,18,3,1,5,0,1,0,0,5,1,1,2,26,21
"12383",7,11,6,17,2,23,3,11,6,12,2,19,3,2,4,5,2,4,0,5,4,3,2,31,25
"12384",8,11,6,19,2,24,3,11,6,17,2,23,3,2,0,0,1,1,1,2,1,3,2,33,26
"12385",9,11,7,19,2,24,4,11,6,19,2,24,3,1,1,0,1,0,0,1,1,2,3,34,27
"12386",10,11,7,22,4,24,4,11,7,19,2,24,4,2,1,3,2,1,0,3,2,3,1,37,29
"12387",11,11,8,22,5,24,4,11,7,22,4,24,4,1,0,0,1,4,3,1,1,2,1,38,30
"12388",12,11,8,22,5,24,4,11,8,22,5,24,4,4,3,0,NA,0,0,0,0,0,0,38,30
"12389",0,0,0,0,0,0,0,0,0,0,0,0,0,0,0,0,0,0,0,0,0,0,0,0,0
"12390",1,1,1,5,1,5,1,1,1,1,1,1,1,4,4,1,4,1,0,4,4,3,2,4,4
"12391",2,2,1,5,3,5,1,1,1,5,1,5,1,1,0,0,3,2,4,1,2,1,1,5,6
"12392",3,2,1,8,7,5,1,2,1,5,3,5,1,3,4,0,4,0,0,3,4,3,1,8,10
"12393",4,2,5,8,7,5,3,2,1,8,7,5,1,4,2,1,2,1,0,4,2,2,3,12,12
"12394",5,3,5,8,7,5,8,2,5,8,7,5,3,1,0,0,5,4,4,1,5,1,3,13,17
"12395",6,3,5,12,7,5,12,3,5,8,7,5,8,4,4,0,4,0,0,4,4,3,3,17,21
"12396",7,3,5,14,12,5,12,3,5,12,7,5,12,2,1,5,1,5,0,2,5,3,1,19,26
"12397",8,4,5,14,12,10,12,3,5,14,12,5,12,1,0,0,5,3,4,1,5,1,2,20,31
"12398",9,8,5,14,12,13,12,4,5,14,12,10,12,3,4,0,3,0,0,4,3,1,2,24,34
"12399",10,13,5,14,13,19,12,8,5,14,12,13,12,1,5,6,1,6,0,5,6,1,2,29,41
"12400",11,14,5,14,18,19,12,13,5,14,13,19,12,1,0,0,5,3,1,1,5,1,1,30,46
"12401",12,14,5,14,18,19,12,14,5,14,18,19,12,3,1,0,NA,0,0,0,0,0,0,30,46
"12402",0,0,0,0,0,0,0,0,0,0,0,0,0,0,0,0,0,0,0,0,0,0,0,0,0
"12403",1,1,5,1,1,5,1,1,1,1,1,1,1,4,4,4,4,4,0,4,4,2,2,4,4
"12404",2,5,5,1,1,6,7,1,5,1,1,5,1,4,0,0,1,6,6,4,6,1,3,8,11
"12405",3,11,6,1,2,6,7,5,5,1,1,6,7,1,6,0,1,0,0,6,1,1,1,15,12
"12406",4,11,7,1,2,6,9,11,6,1,2,6,7,1,1,2,1,2,0,1,2,2,3,16,14
"12407",5,12,7,1,2,11,9,11,7,1,2,6,9,1,0,0,4,5,4,1,5,1,2,17,19
"12408",6,12,11,1,2,11,13,12,7,1,2,11,9,4,4,0,4,0,0,4,4,2,3,21,23
"12409",7,12,16,1,5,11,13,12,11,1,2,11,13,5,2,3,2,3,0,5,3,2,1,26,26
"12410",8,12,18,1,5,15,13,12,16,1,5,11,13,2,0,0,4,1,3,2,4,2,2,28,30
"12411",9,12,18,2,8,15,13,12,18,1,5,15,13,1,3,0,3,0,0,1,3,3,1,29,33
"12412",10,12,22,2,16,15,13,12,18,2,8,15,13,6,1,4,6,1,0,4,6,2,1,33,41
"12413",11,12,23,2,27,15,13,12,22,2,16,15,13,1,0,0,6,5,3,1,6,2,1,34,52
"12414",12,12,23,2,27,15,13,12,23,2,27,15,13,5,3,0,NA,0,0,0,0,0,0,34,52
"12415",0,0,0,0,0,0,0,0,0,0,0,0,0,0,0,0,0,0,0,0,0,0,0,0,0
"12416",1,1,1,3,2,1,1,1,1,1,1,1,1,1,2,1,1,1,0,2,1,3,1,2,1
"12417",2,1,2,3,2,1,6,1,1,3,2,1,1,1,0,0,5,1,6,1,5,2,3,3,6
"12418",3,1,2,14,3,1,6,1,2,3,2,1,6,1,6,0,1,0,0,6,1,3,1,14,7
"12419",4,1,8,17,3,1,11,1,2,14,3,1,6,3,6,5,3,5,0,6,5,2,3,23,12
"12420",5,1,11,17,3,1,15,1,8,17,3,1,11,3,0,0,4,1,5,3,4,2,3,26,16
"12421",6,1,16,17,4,1,15,1,11,17,3,1,15,1,5,0,1,0,0,5,1,2,1,31,17
"12422",7,1,16,21,7,1,21,1,16,17,4,1,15,6,4,1,6,1,0,4,6,3,3,35,26
"12423",8,2,16,21,7,1,26,1,16,21,7,1,21,1,0,0,5,3,6,1,5,1,3,36,31
"12424",9,7,16,29,4,1,1,2,16,21,7,1,26,3,6,0,3,0,0,6,3,3,1,49,3
"12425",10,9,16,29,8,1,1,7,16,29,4,1,1,2,1,4,1,4,0,2,4,1,1,51,7
"12426",11,10,16,29,8,4,1,9,16,29,8,1,1,1,0,0,1,3,3,1,3,1,2,52,10
"12427",12,10,16,29,8,4,1,10,16,29,8,4,1,1,3,0,NA,0,0,0,0,0,0,52,10
"12428",0,0,0,0,0,0,0,0,0,0,0,0,0,0,0,0,0,0,0,0,0,0,0,0,0
"12429",1,1,6,1,1,1,5,1,1,1,1,1,1,5,2,4,2,4,0,5,4,2,3,5,4
"12430",2,1,6,3,1,4,11,1,6,1,1,1,5,2,0,0,6,5,6,2,6,3,3,7,13
"12431",3,1,12,5,1,9,11,1,6,3,1,4,11,5,6,0,5,0,0,6,5,2,2,15,18
"12432",4,1,12,9,1,9,16,1,12,5,1,9,11,2,5,4,2,5,0,4,5,3,3,19,23
"12433",5,3,12,9,8,9,16,1,12,9,1,9,16,2,0,0,2,6,4,2,6,1,1,21,30
"12434",6,7,12,9,8,11,16,3,12,9,8,9,16,2,4,0,2,0,0,4,2,1,2,25,32
"12435",7,7,12,13,8,12,22,7,12,9,8,11,16,4,4,6,4,6,0,4,6,3,3,29,39
"12436",8,7,12,17,16,12,22,7,12,13,8,12,22,4,0,0,6,2,2,4,6,3,1,33,47
"12437",9,7,12,19,18,12,22,7,12,17,16,12,22,2,2,0,2,0,0,2,2,3,1,35,49
"12438",10,13,16,19,23,12,22,7,12,19,18,12,22,6,5,5,5,5,0,6,5,1,1,45,54
"12439",11,13,21,19,25,12,22,13,16,19,23,12,22,5,0,0,2,5,4,5,2,2,1,50,56
"12440",12,13,21,19,25,12,22,13,21,19,25,12,22,5,4,0,NA,0,0,0,0,0,0,50,56
"12441",0,0,0,0,0,0,0,0,0,0,0,0,0,0,0,0,0,0,0,0,0,0,0,0,0
"12442",1,1,1,8,8,1,1,1,1,1,1,1,1,6,1,6,1,6,0,6,6,3,1,7,7
"12443",2,1,1,9,8,2,7,1,1,8,8,1,1,1,0,0,1,6,2,1,6,3,3,8,14
"12444",3,1,1,10,10,2,7,1,1,9,8,2,7,1,2,0,2,0,0,1,2,3,1,9,16
"12445",4,9,1,10,15,2,7,1,1,10,10,2,7,6,5,4,5,4,0,6,5,1,1,17,21
"12446",5,9,1,14,16,2,13,9,1,10,15,2,7,4,0,0,6,1,1,4,6,3,3,21,28
"12447",6,9,1,15,16,3,13,9,1,14,16,2,13,1,1,0,1,0,0,1,1,3,2,22,29
"12448",7,9,5,15,16,8,13,9,1,15,16,3,13,1,4,5,1,5,0,4,5,2,2,26,34
"12449",8,9,6,15,16,8,18,9,5,15,16,8,13,1,0,0,1,5,2,1,5,2,3,27,39
"12450",9,9,7,15,16,10,18,9,6,15,16,8,18,1,2,0,2,0,0,1,2,2,2,28,41
"12451",10,9,7,20,22,15,18,9,7,15,16,10,18,1,5,6,1,6,0,5,6,3,1,33,52
"12452",11,9,8,20,28,19,18,9,7,20,22,15,18,1,0,0,6,5,4,1,6,2,1,34,62
"12453",12,9,8,20,28,19,18,9,8,20,28,19,18,5,4,0,NA,0,0,0,0,0,0,34,62
"12454",0,0,0,0,0,0,0,0,0,0,0,0,0,0,0,0,0,0,0,0,0,0,0,0,0
"12455",1,13,6,1,6,1,7,1,1,1,1,1,1,5,6,6,5,6,0,6,6,1,3,17,11
"12456",2,18,6,1,12,1,9,13,6,1,6,1,7,5,0,0,6,1,6,5,6,1,1,22,19
"12457",3,19,6,1,12,3,15,18,6,1,12,1,9,1,6,0,6,0,0,1,6,1,3,23,27
"12458",4,22,6,1,14,3,15,19,6,1,12,3,15,3,2,2,2,2,0,3,2,1,1,26,29
"12459",5,24,6,1,14,9,16,22,6,1,14,3,15,2,0,0,2,6,6,2,6,1,2,28,36
"12460",6,26,6,1,18,15,16,24,6,1,14,9,16,2,6,0,6,0,0,2,6,1,2,30,46
"12461",7,26,9,1,18,15,19,26,6,1,18,15,16,3,2,3,2,3,0,3,3,2,3,33,49
"12462",8,28,9,1,18,15,21,26,9,1,18,15,19,2,0,0,2,5,6,2,2,1,3,35,51
"12463",9,34,14,1,23,15,21,28,9,1,18,15,21,5,6,0,5,0,0,6,5,1,1,46,56
"12464",10,38,14,1,35,15,21,34,14,1,23,15,21,4,6,4,6,4,0,4,6,1,1,50,68
"12465",11,42,14,1,35,21,25,38,14,1,35,15,21,4,0,0,1,4,6,4,6,1,2,54,78
"12466",12,42,14,1,35,21,25,42,14,1,35,21,25,1,4,0,NA,0,0,0,0,0,0,54,78
"12467",0,0,0,0,0,0,0,0,0,0,0,0,0,0,0,0,0,0,0,0,0,0,0,0,0
"12468",1,1,4,1,6,1,1,1,1,1,1,1,1,3,3,5,3,5,0,3,5,2,1,3,5
"12469",2,4,4,1,9,1,1,1,4,1,6,1,1,3,0,0,3,3,1,3,3,1,1,6,8
"12470",3,4,4,4,9,1,2,4,4,1,9,1,1,3,1,0,1,0,0,3,1,3,3,9,9
"12471",4,4,4,8,9,1,10,4,4,4,9,1,2,2,6,4,2,6,0,4,6,3,3,13,17
"12472",5,6,4,8,9,5,10,4,4,8,9,1,10,2,0,0,5,2,4,2,4,1,2,15,21
"12473",6,6,4,13,9,7,10,6,4,8,9,5,10,5,2,0,2,0,0,5,2,3,2,20,23
"12474",7,6,4,16,13,7,10,6,4,13,9,7,10,3,4,1,4,1,0,3,4,3,1,23,27
"12475",8,7,4,16,13,10,10,6,4,16,13,7,10,1,0,0,3,1,1,1,3,1,2,24,30
"12476",9,8,4,16,14,10,10,7,4,16,13,10,10,1,1,0,1,0,0,1,1,1,1,25,31
"12477",10,13,10,16,19,10,10,8,4,16,14,10,10,6,5,4,5,4,0,6,5,2,1,36,36
"12478",11,13,14,16,28,10,10,13,10,16,19,10,10,4,0,0,6,3,3,4,6,2,1,40,45
"12479",12,13,14,16,28,10,10,13,14,16,28,10,10,3,3,0,NA,0,0,0,0,0,0,40,45
"12480",0,0,0,0,0,0,0,0,0,0,0,0,0,0,0,0,0,0,0,0,0,0,0,0,0
"12481",1,1,5,1,1,1,6,1,1,1,1,1,1,4,5,3,5,3,0,4,5,2,3,4,5
"12482",2,4,5,1,5,1,6,1,5,1,1,1,6,3,0,0,4,4,3,3,4,1,1,7,9
"12483",3,4,5,4,5,5,6,4,5,1,5,1,6,4,3,0,4,0,0,3,4,3,2,10,13
"12484",4,7,5,4,5,10,6,4,5,4,5,5,6,3,1,5,1,5,0,3,5,1,2,13,18
"12485",5,8,5,4,5,10,7,7,5,4,5,10,6,1,0,0,1,5,4,1,1,1,3,14,19
"12486",6,13,5,4,9,10,7,8,5,4,5,10,7,5,4,0,4,0,0,5,4,1,1,19,23
"12487",7,13,9,4,9,10,11,13,5,4,9,10,7,4,4,3,4,3,0,4,4,2,3,23,27
"12488",8,13,12,4,15,11,11,13,9,4,9,10,11,3,0,0,2,4,6,3,6,2,1,26,34
"12489",9,13,12,8,15,11,13,13,12,4,15,11,11,2,4,0,2,0,0,4,2,3,3,30,36
"12490",10,13,14,8,21,14,13,13,12,8,15,11,13,2,1,6,1,6,0,2,6,2,1,32,45
"12491",11,14,14,8,26,14,13,13,14,8,21,14,13,1,0,0,5,5,5,1,5,1,1,33,50
"12492",12,14,14,8,26,14,13,14,14,8,26,14,13,5,5,0,NA,0,0,0,0,0,0,33,50
"12493",0,0,0,0,0,0,0,0,0,0,0,0,0,0,0,0,0,0,0,0,0,0,0,0,0
"12494",1,1,2,7,6,7,1,1,1,1,1,1,1,6,6,6,6,6,0,6,6,3,2,7,11
"12495",2,10,2,7,11,7,1,1,2,7,6,7,1,6,0,0,1,5,5,6,5,1,1,16,16
"12496",3,10,7,7,12,7,1,10,2,7,11,7,1,1,5,0,1,0,0,5,1,2,1,21,17
"12497",4,10,10,7,12,7,6,10,7,7,12,7,1,5,3,1,5,1,0,3,5,2,3,24,22
"12498",5,11,10,7,13,13,12,10,10,7,12,7,6,1,0,0,6,4,1,1,6,1,2,25,35
"12499",6,11,14,7,13,14,12,11,10,7,13,13,12,4,1,0,1,0,0,4,1,2,2,29,36
"12500",7,11,17,7,18,14,12,11,14,7,13,14,12,3,3,5,3,5,0,3,5,2,1,32,41
"12501",8,11,17,10,18,17,12,11,17,7,18,14,12,3,0,0,2,3,1,3,3,3,2,35,44
"12502",9,13,17,10,19,17,12,11,17,10,18,17,12,2,1,0,1,0,0,2,1,1,1,37,45
"12503",10,16,17,10,23,17,12,13,17,10,19,17,12,4,1,3,4,1,0,3,4,1,1,40,49
"12504",11,17,17,10,28,17,12,16,17,10,23,17,12,1,0,0,5,2,1,1,5,1,1,41,54
"12505",12,17,17,10,28,17,12,17,17,10,28,17,12,2,1,0,NA,0,0,0,0,0,0,41,54
"12506",0,0,0,0,0,0,0,0,0,0,0,0,0,0,0,0,0,0,0,0,0,0,0,0,0
"12507",1,2,1,1,1,2,1,1,1,1,1,1,1,1,1,1,1,1,0,1,1,1,2,1,1
"12508",2,2,2,1,2,8,1,2,1,1,1,2,1,1,0,0,5,6,1,1,6,2,2,2,8
"12509",3,7,2,1,2,8,2,2,2,1,2,8,1,5,1,0,1,0,0,5,1,1,3,7,9
"12510",4,13,2,3,8,8,6,7,2,1,2,8,2,2,6,6,2,6,0,6,6,1,1,15,19
"12511",5,13,4,3,8,12,6,13,2,3,8,8,6,2,0,0,1,3,4,2,4,2,2,17,23
"12512",6,13,4,6,9,12,6,13,4,3,8,12,6,1,3,0,1,0,0,3,1,3,1,20,24
"12513",7,17,4,6,9,12,8,13,4,6,9,12,6,4,2,1,2,1,0,4,2,1,3,24,26
"12514",8,17,4,7,11,12,8,17,4,6,9,12,8,1,0,0,2,3,3,1,2,3,1,25,28
"12515",9,17,4,10,14,12,8,17,4,7,11,12,8,3,3,0,3,0,0,3,3,3,1,28,31
"12516",10,17,5,10,14,16,8,17,4,10,14,12,8,1,4,2,4,2,0,1,4,2,2,29,35
"12517",11,17,7,10,21,16,8,17,5,10,14,16,8,2,0,0,3,4,6,2,6,2,1,31,42
"12518",12,17,7,10,21,16,8,17,7,10,21,16,8,3,4,0,NA,0,0,0,0,0,0,31,42
"12519",0,0,0,0,0,0,0,0,0,0,0,0,0,0,0,0,0,0,0,0,0,0,0,0,0
"12520",1,1,12,1,1,1,3,1,1,1,1,1,1,6,1,2,1,2,0,6,2,2,3,11,2
"12521",2,1,13,1,1,1,8,1,12,1,1,1,3,1,0,0,3,5,3,1,5,2,3,12,7
"12522",3,4,13,1,1,1,11,1,13,1,1,1,8,3,3,0,3,0,0,3,3,1,3,15,10
"12523",4,4,13,5,1,3,11,4,13,1,1,1,11,4,2,2,2,2,0,4,2,3,2,19,12
"12524",5,4,13,7,6,3,17,4,13,5,1,3,11,2,0,0,2,6,5,2,6,3,3,21,23
"12525",6,4,18,7,6,5,17,4,13,7,6,3,17,2,5,0,2,0,0,5,2,2,2,26,25
"12526",7,4,18,22,6,5,21,4,18,7,6,5,17,6,4,4,4,4,0,6,4,3,3,41,29
"12527",8,8,18,22,6,5,24,4,18,22,6,5,21,4,0,0,6,3,2,4,3,1,3,45,32
"12528",9,14,19,22,8,5,24,8,18,22,6,5,24,6,2,0,2,0,0,6,2,1,1,52,34
"12529",10,24,19,22,9,5,24,14,19,22,8,5,24,5,1,6,5,1,0,6,1,1,1,62,35
"12530",11,29,19,22,9,8,24,24,19,22,9,5,24,5,0,0,4,3,3,5,3,1,2,67,38
"12531",12,29,19,22,9,8,24,29,19,22,9,8,24,4,3,0,NA,0,0,0,0,0,0,67,38
"12532",0,0,0,0,0,0,0,0,0,0,0,0,0,0,0,0,0,0,0,0,0,0,0,0,0
"12533",1,5,1,1,1,4,1,1,1,1,1,1,1,4,3,2,3,2,0,4,3,1,2,4,3
"12534",2,5,3,1,11,4,1,5,1,1,1,4,1,2,0,0,6,1,1,2,6,2,1,6,13
"12535",3,6,3,1,12,4,1,5,3,1,11,4,1,1,1,0,1,0,0,1,1,1,1,7,14
"12536",4,6,5,1,15,4,1,6,3,1,12,4,1,2,2,3,2,3,0,2,3,2,1,9,17
"12537",5,6,7,1,15,7,1,6,5,1,15,4,1,2,0,0,1,3,1,2,3,2,2,11,20
"12538",6,6,8,1,15,8,1,6,7,1,15,7,1,1,1,0,1,0,0,1,1,2,2,12,21
"12539",7,6,8,6,16,8,7,6,8,1,15,8,1,5,6,2,6,2,0,5,6,3,3,17,28
"12540",8,8,8,6,16,8,9,6,8,6,16,8,7,2,0,0,2,6,6,2,2,1,3,19,30
"12541",9,8,14,10,22,15,9,8,8,6,16,8,9,6,6,0,6,0,0,6,6,2,1,29,43
"12542",10,10,14,16,26,21,9,8,14,10,22,15,9,6,5,6,5,6,0,6,6,3,2,37,53
"12543",11,15,14,16,30,21,9,10,14,16,26,21,9,5,0,0,4,3,1,5,4,1,1,42,57
"12544",12,15,14,16,30,21,9,15,14,16,30,21,9,3,1,0,NA,0,0,0,0,0,0,42,57
"12545",0,0,0,0,0,0,0,0,0,0,0,0,0,0,0,0,0,0,0,0,0,0,0,0,0
"12546",1,6,1,1,4,1,1,1,1,1,1,1,1,5,3,3,3,3,0,5,3,1,1,5,3
"12547",2,6,4,1,4,12,1,6,1,1,4,1,1,3,0,0,4,3,6,3,6,2,2,8,14
"12548",3,6,4,4,8,12,1,6,4,1,4,12,1,4,3,0,4,0,0,3,4,3,1,11,18
"12549",4,15,4,4,8,17,1,6,4,4,8,12,1,6,5,3,5,3,0,6,5,1,2,20,23
"12550",5,15,7,4,8,17,5,15,4,4,8,17,1,3,0,0,2,1,4,3,4,2,3,23,27
"12551",6,17,7,4,8,17,6,15,7,4,8,17,5,2,1,0,1,0,0,2,1,1,3,25,28
"12552",7,20,7,4,8,20,6,17,7,4,8,17,6,3,3,1,3,1,0,3,3,1,2,28,31
"12553",8,21,7,4,12,20,6,20,7,4,8,20,6,1,0,0,3,4,4,1,4,1,1,29,35
"12554",9,21,7,8,15,20,6,21,7,4,12,20,6,3,4,0,3,0,0,4,3,3,1,33,38
"12555",10,21,7,13,16,20,6,21,7,8,15,20,6,1,5,1,1,1,0,5,1,3,1,38,39
"12556",11,22,7,13,20,20,6,21,7,13,16,20,6,1,0,0,4,2,3,1,4,1,1,39,43
"12557",12,22,7,13,20,20,6,22,7,13,20,20,6,2,3,0,NA,0,0,0,0,0,0,39,43
"12558",0,0,0,0,0,0,0,0,0,0,0,0,0,0,0,0,0,0,0,0,0,0,0,0,0
"12559",1,1,5,1,6,7,1,1,1,1,1,1,1,6,4,3,6,3,0,4,6,2,2,4,11
"12560",2,1,5,4,12,8,1,1,5,1,6,7,1,3,0,0,6,1,1,3,6,3,1,7,18
"12561",3,2,5,4,12,9,1,1,5,4,12,8,1,1,1,0,1,0,0,1,1,1,2,8,19
"12562",4,2,5,6,12,9,5,2,5,4,12,9,1,4,2,3,4,3,0,2,4,3,3,10,23
"12563",5,2,5,9,18,9,7,2,5,6,12,9,5,3,0,0,6,1,1,3,6,3,1,13,31
"12564",6,3,5,9,19,9,7,2,5,9,18,9,7,1,1,0,1,0,0,1,1,1,1,14,32
"12565",7,3,10,9,19,13,7,3,5,9,19,9,7,5,4,4,4,4,0,5,4,2,2,19,36
"12566",8,3,10,13,19,18,13,3,10,9,19,13,7,4,0,0,6,5,6,4,6,3,3,23,47
"12567",9,1,10,18,25,19,13,3,10,13,19,18,13,5,6,0,6,0,0,5,6,3,1,26,54
"12568",10,5,10,18,25,20,13,1,10,18,25,19,13,4,1,5,1,5,0,4,1,1,2,30,55
"12569",11,10,10,18,34,20,13,5,10,18,25,20,13,5,0,0,6,2,6,5,6,1,1,35,64
"12570",12,10,10,18,34,20,13,10,10,18,34,20,13,2,6,0,NA,0,0,0,0,0,0,35,64
"12571",0,0,0,0,0,0,0,0,0,0,0,0,0,0,0,0,0,0,0,0,0,0,0,0,0
"12572",1,1,1,6,2,1,7,1,1,1,1,1,1,5,2,6,2,6,0,5,6,3,3,5,7
"12573",2,1,3,6,2,10,7,1,1,6,2,1,7,2,0,0,2,6,6,2,6,2,2,7,16
"12574",3,12,3,6,4,10,7,1,3,6,2,10,7,2,6,0,2,0,0,6,2,1,1,18,18
"12575",4,12,5,6,4,14,7,12,3,6,4,10,7,4,2,1,4,1,0,2,4,2,2,20,22
"12576",5,12,5,7,7,14,13,12,5,6,4,14,7,1,0,0,4,1,6,1,6,3,3,21,31
"12577",6,16,5,7,8,14,13,12,5,7,7,14,13,4,1,0,1,0,0,4,1,1,1,25,32
"12578",7,16,10,7,9,14,13,16,5,7,8,14,13,1,5,1,1,1,0,5,1,2,1,30,33
"12579",8,17,10,7,14,14,13,16,10,7,9,14,13,1,0,0,3,4,5,1,5,1,1,31,38
"12580",9,17,14,7,17,14,13,17,10,7,14,14,13,3,4,0,3,0,0,4,3,2,1,35,41
"12581",10,20,14,7,17,19,13,17,14,7,17,14,13,3,1,5,1,5,0,3,5,1,2,38,46
"12582",11,21,14,7,21,19,13,20,14,7,17,19,13,1,0,0,4,3,2,1,4,1,1,39,50
"12583",12,21,14,7,21,19,13,21,14,7,21,19,13,3,2,0,NA,0,0,0,0,0,0,39,50
"12584",0,0,0,0,0,0,0,0,0,0,0,0,0,0,0,0,0,0,0,0,0,0,0,0,0
"12585",1,1,1,2,4,1,1,1,1,1,1,1,1,3,1,1,3,1,0,1,3,3,1,1,3
"12586",2,2,1,2,10,5,1,1,1,2,4,1,1,1,0,0,3,6,4,1,6,1,1,2,13
"12587",3,2,1,6,10,5,4,2,1,2,10,5,1,3,4,0,3,0,0,4,3,3,3,6,16
"12588",4,2,6,6,10,6,4,2,1,6,10,5,4,5,1,1,1,1,0,5,1,2,2,11,17
"12589",5,2,7,6,10,11,4,2,6,6,10,6,4,1,0,0,5,1,1,1,5,2,2,12,22
"12590",6,2,7,7,11,11,4,2,7,6,10,11,4,1,1,0,1,0,0,1,1,3,1,13,23
"12591",7,6,7,7,11,11,8,2,7,7,11,11,4,4,2,4,2,4,0,4,4,1,3,17,27
"12592",8,8,7,7,15,11,8,6,7,7,11,11,8,2,0,0,4,2,1,2,4,1,1,19,31
"12593",9,8,7,9,15,12,8,8,7,7,15,11,8,2,1,0,1,0,0,2,1,3,2,21,32
"12594",10,10,7,9,16,12,8,8,7,9,15,12,8,2,1,3,1,3,0,2,1,1,1,23,33
"12595",11,13,7,9,17,12,8,10,7,9,16,12,8,3,0,0,1,1,5,3,1,1,1,26,34
"12596",12,13,7,9,17,12,8,13,7,9,17,12,8,1,5,0,NA,0,0,0,0,0,0,26,34
"12597",0,0,0,0,0,0,0,0,0,0,0,0,0,0,0,0,0,0,0,0,0,0,0,0,0
"12598",1,6,1,1,6,1,1,1,1,1,1,1,1,5,5,4,5,4,0,5,5,1,1,5,5
"12599",2,6,5,1,12,1,6,6,1,1,6,1,1,4,0,0,2,5,6,4,6,2,1,9,16
"12600",3,6,10,1,14,1,6,6,5,1,12,1,6,2,5,0,2,0,0,5,2,2,1,14,18
"12601",4,6,12,1,14,1,11,6,10,1,14,1,6,5,2,5,5,5,0,2,5,2,3,16,23
"12602",5,11,12,1,14,3,11,6,12,1,14,1,11,5,0,0,2,2,1,5,2,1,2,21,25
"12603",6,11,12,2,16,3,11,11,12,1,14,3,11,2,1,0,2,0,0,1,2,3,1,22,27
"12604",7,11,13,8,22,5,11,11,12,2,16,3,11,6,3,6,3,6,0,6,6,3,1,29,35
"12605",8,14,13,8,27,5,11,11,13,8,22,5,11,3,0,0,5,4,3,3,5,1,1,32,40
"12606",9,14,13,12,27,5,14,14,13,8,27,5,11,4,3,0,3,0,0,4,3,3,3,36,43
"12607",10,14,16,12,29,5,14,14,13,12,27,5,14,2,3,2,2,2,0,3,2,2,1,39,45
"12608",11,16,16,12,30,11,14,14,16,12,29,5,14,2,0,0,1,6,4,2,6,1,2,41,52
"12609",12,16,16,12,30,11,14,16,16,12,30,11,14,1,4,0,NA,0,0,0,0,0,0,41,52
"12610",0,0,0,0,0,0,0,0,0,0,0,0,0,0,0,0,0,0,0,0,0,0,0,0,0
"12611",1,7,1,4,9,1,1,1,1,1,1,1,1,6,3,6,3,6,0,6,6,1,1,9,8
"12612",2,10,1,4,9,6,1,7,1,4,9,1,1,3,0,0,1,3,5,3,5,1,2,12,13
"12613",3,11,1,4,9,9,1,10,1,4,9,6,1,1,3,0,3,0,0,1,3,1,2,13,16
"12614",4,17,7,4,13,9,1,11,1,4,9,9,1,4,1,6,4,1,0,6,4,2,1,25,20
"12615",5,17,7,5,13,9,6,17,7,4,13,9,1,1,0,0,3,1,5,1,5,3,3,26,25
"12616",6,17,7,8,14,9,6,17,7,5,13,9,6,3,1,0,1,0,0,3,1,3,1,29,26
"12617",7,17,7,12,22,9,6,17,7,8,14,9,6,6,2,4,6,2,0,4,6,3,1,33,34
"12618",8,17,9,12,22,15,9,17,7,12,22,9,6,2,0,0,6,2,5,2,6,2,2,35,43
"12619",9,22,9,12,24,15,9,17,9,12,22,15,9,2,5,0,2,0,0,5,2,1,1,40,45
"12620",10,26,9,18,24,15,12,22,9,12,24,15,9,6,3,1,3,1,0,6,3,3,3,50,48
"12621",11,26,10,18,24,20,12,26,9,18,24,15,12,1,0,0,5,1,5,1,5,2,2,51,53
"12622",12,26,10,18,24,20,12,26,10,18,24,20,12,1,5,0,NA,0,0,0,0,0,0,51,53
"12623",0,0,0,0,0,0,0,0,0,0,0,0,0,0,0,0,0,0,0,0,0,0,0,0,0
"12624",1,1,6,1,1,1,6,1,1,1,1,1,1,5,1,5,1,5,0,5,5,2,3,5,5
"12625",2,2,6,1,6,1,6,1,6,1,1,1,6,1,0,0,2,5,4,1,5,1,1,6,10
"12626",3,6,6,1,8,1,6,2,6,1,6,1,6,2,4,0,2,0,0,4,2,1,1,10,12
"12627",4,10,6,1,8,6,6,6,6,1,8,1,6,4,1,5,1,5,0,4,5,1,2,14,17
"12628",5,11,6,1,8,11,6,10,6,1,8,6,6,1,0,0,4,1,5,1,5,1,2,15,22
"12629",6,11,6,5,8,11,7,11,6,1,8,11,6,4,1,0,1,0,0,4,1,3,3,19,23
"12630",7,17,10,5,11,11,7,11,6,5,8,11,7,3,6,3,3,3,0,6,3,1,1,29,26
"12631",8,17,10,8,11,17,10,17,10,5,11,11,7,3,0,0,1,6,6,3,6,3,2,32,35
"12632",9,25,10,8,12,17,10,17,10,8,11,17,10,1,6,0,1,0,0,6,1,1,1,40,36
"12633",10,25,15,8,12,19,10,25,10,8,12,17,10,5,2,1,2,1,0,5,2,2,2,45,38
"12634",11,26,15,8,14,19,10,25,15,8,12,19,10,1,0,0,2,2,5,1,2,1,1,46,40
"12635",12,26,15,8,14,19,10,26,15,8,14,19,10,2,5,0,NA,0,0,0,0,0,0,46,40
"12636",0,0,0,0,0,0,0,0,0,0,0,0,0,0,0,0,0,0,0,0,0,0,0,0,0
"12637",1,1,1,3,1,4,1,1,1,1,1,1,1,1,3,2,1,3,0,2,3,3,2,2,3
"12638",2,2,1,3,1,9,1,1,1,3,1,4,1,1,0,0,4,1,5,1,5,1,2,3,8
"12639",3,6,1,3,2,9,1,2,1,3,1,9,1,4,1,0,1,0,0,4,1,1,1,7,9
"12640",4,6,1,8,2,13,1,6,1,3,2,9,1,4,5,2,4,2,0,5,4,3,2,12,13
"12641",5,8,1,8,8,13,6,6,1,8,2,13,1,2,0,0,1,6,4,2,6,1,1,14,24
"12642",6,8,5,8,8,13,7,8,1,8,8,13,6,1,4,0,1,0,0,4,1,2,3,18,25
"12643",7,12,5,8,8,16,7,8,5,8,8,13,7,1,3,4,1,3,0,4,3,1,2,22,28
"12644",8,12,5,9,8,21,7,12,5,8,8,16,7,1,0,0,5,5,1,1,5,3,2,23,33
"12645",9,12,5,14,9,21,7,12,5,9,8,21,7,5,1,0,1,0,0,5,1,3,1,28,34
"12646",10,12,10,14,9,21,9,12,5,14,9,21,7,2,5,2,2,2,0,5,2,2,3,33,36
"12647",11,14,10,14,9,25,9,12,10,14,9,21,9,2,0,0,6,6,4,2,4,1,2,35,40
"12648",12,14,10,14,9,25,9,14,10,14,9,25,9,6,6,0,NA,0,0,0,0,0,0,35,40
"12649",0,0,0,0,0,0,0,0,0,0,0,0,0,0,0,0,0,0,0,0,0,0,0,0,0
"12650",1,1,4,1,1,1,5,1,1,1,1,1,1,4,3,3,4,3,0,3,4,2,3,3,4
"12651",2,1,7,1,1,4,5,1,4,1,1,1,5,3,0,0,3,5,1,3,3,2,2,6,7
"12652",3,6,7,1,1,4,6,1,7,1,1,4,5,5,1,0,1,0,0,5,1,1,3,11,8
"12653",4,6,7,3,1,9,6,6,7,1,1,4,6,5,3,2,5,3,0,2,5,3,2,13,13
"12654",5,9,7,3,5,9,6,6,7,3,1,9,6,3,0,0,4,2,2,3,4,1,1,16,17
"12655",6,11,7,3,7,9,6,9,7,3,5,9,6,2,2,0,2,0,0,2,2,1,1,18,19
"12656",7,11,7,5,7,13,6,11,7,3,7,9,6,4,2,2,4,2,0,2,4,3,2,20,23
"12657",8,11,7,7,12,13,6,11,7,5,7,13,6,2,0,0,2,5,2,2,5,3,1,22,28
"12658",9,11,9,7,14,13,6,11,7,7,12,13,6,2,2,0,2,0,0,2,2,2,1,24,30
"12659",10,11,13,7,18,13,6,11,9,7,14,13,6,4,2,4,2,4,0,4,4,2,1,28,34
"12660",11,13,13,7,25,13,6,11,13,7,18,13,6,2,0,0,5,2,6,2,6,1,1,30,41
"12661",12,13,13,7,25,13,6,13,13,7,25,13,6,5,2,0,NA,0,0,0,0,0,0,30,41
"12662",0,0,0,0,0,0,0,0,0,0,0,0,0,0,0,0,0,0,0,0,0,0,0,0,0
"12663",1,1,1,5,5,1,1,1,1,1,1,1,1,4,4,4,4,4,0,4,4,3,1,4,4
"12664",2,5,1,5,5,9,1,1,1,5,5,1,1,4,0,0,5,3,6,4,6,1,2,8,12
"12665",3,5,6,5,5,9,4,5,1,5,5,9,1,5,3,0,3,0,0,5,3,2,3,13,15
"12666",4,5,9,5,5,13,4,5,6,5,5,9,4,2,4,3,2,4,0,3,4,2,2,16,19
"12667",5,5,9,7,5,13,8,5,9,5,5,13,4,2,0,0,1,2,4,2,4,3,3,18,23
"12668",6,5,9,9,5,13,9,5,9,7,5,13,8,1,2,0,1,0,0,2,1,3,3,20,24
"12669",7,5,12,15,10,13,9,5,9,9,5,13,9,5,1,6,5,1,0,6,5,3,1,29,29
"12670",8,5,13,15,14,13,9,5,12,15,10,13,9,1,0,0,1,4,4,1,4,2,1,30,33
"12671",9,5,17,15,15,13,9,5,13,15,14,13,9,1,4,0,1,0,0,4,1,2,1,34,34
"12672",10,5,19,15,15,13,11,5,17,15,15,13,9,2,2,2,2,2,0,2,2,2,3,36,36
"12673",11,7,19,15,15,15,11,5,19,15,15,13,11,2,0,0,2,6,6,2,2,1,2,38,38
"12674",12,7,19,15,15,15,11,7,19,15,15,15,11,6,6,0,NA,0,0,0,0,0,0,38,38
"12675",0,0,0,0,0,0,0,0,0,0,0,0,0,0,0,0,0,0,0,0,0,0,0,0,0
"12676",1,6,1,1,5,1,1,1,1,1,1,1,1,5,4,4,4,4,0,5,4,1,1,5,4
"12677",2,6,5,1,8,1,1,6,1,1,5,1,1,4,0,0,3,2,3,4,3,2,1,9,7
"12678",3,6,7,1,8,4,1,6,5,1,8,1,1,2,3,0,3,0,0,2,3,2,2,11,10
"12679",4,13,7,1,14,4,5,6,7,1,8,4,1,5,6,6,5,6,0,6,6,1,1,18,20
"12680",5,18,7,1,14,8,5,13,7,1,14,4,5,5,0,0,3,4,1,5,4,1,2,23,24
"12681",6,18,7,2,14,11,5,18,7,1,14,8,5,3,1,0,3,0,0,1,3,3,2,24,27
"12682",7,18,12,2,14,17,10,18,7,2,14,11,5,5,5,6,5,6,0,5,6,2,2,29,38
"12683",8,23,12,2,18,17,16,18,12,2,14,17,10,5,0,0,2,6,3,5,6,1,3,34,48
"12684",9,25,12,2,18,17,19,23,12,2,18,17,16,2,3,0,3,0,0,2,3,1,3,36,51
"12685",10,25,12,4,22,17,19,25,12,2,18,17,19,2,4,1,4,1,0,2,4,3,1,38,55
"12686",11,26,12,4,23,17,19,25,12,4,22,17,19,1,0,0,1,2,1,1,1,1,1,39,56
"12687",12,26,12,4,23,17,19,26,12,4,23,17,19,2,1,0,NA,0,0,0,0,0,0,39,56
"12688",0,0,0,0,0,0,0,0,0,0,0,0,0,0,0,0,0,0,0,0,0,0,0,0,0
"12689",1,4,1,1,1,6,1,1,1,1,1,1,1,3,4,5,4,5,0,3,5,1,2,3,5
"12690",2,4,5,1,5,6,1,4,1,1,1,6,1,4,0,0,4,5,1,4,4,2,1,7,9
"12691",3,4,10,1,5,6,2,4,5,1,5,6,1,5,1,0,1,0,0,5,1,2,3,12,10
"12692",4,4,12,1,5,9,2,4,10,1,5,6,2,2,3,3,3,3,0,2,3,2,2,14,13
"12693",5,7,12,1,8,9,2,4,12,1,5,9,2,3,0,0,2,3,3,3,3,1,1,17,16
"12694",6,10,12,1,10,9,2,7,12,1,8,9,2,2,3,0,2,0,0,3,2,1,1,20,18
"12695",7,12,12,1,10,9,6,10,12,1,10,9,2,2,4,4,4,4,0,2,4,1,3,22,22
"12696",8,16,12,1,11,9,12,12,12,1,10,9,6,4,0,0,6,1,4,4,6,1,3,26,29
"12697",9,20,12,1,12,9,12,16,12,1,11,9,12,1,4,0,1,0,0,4,1,1,1,30,30
"12698",10,26,12,2,18,13,12,20,12,1,12,9,12,6,6,1,6,1,0,6,6,1,1,37,40
"12699",11,27,12,2,20,13,12,26,12,2,18,13,12,1,0,0,2,4,2,1,2,1,1,38,42
"12700",12,27,12,2,20,13,12,27,12,2,20,13,12,4,2,0,NA,0,0,0,0,0,0,38,42
"12701",0,0,0,0,0,0,0,0,0,0,0,0,0,0,0,0,0,0,0,0,0,0,0,0,0
"12702",1,5,1,1,6,1,1,1,1,1,1,1,1,4,1,5,1,5,0,4,5,1,1,4,5
"12703",2,6,1,1,8,1,1,5,1,1,6,1,1,1,0,0,1,4,2,1,2,1,1,5,7
"12704",3,10,1,1,8,1,2,6,1,1,8,1,1,1,4,0,1,0,0,4,1,1,3,9,8
"12705",4,10,1,6,11,1,2,10,1,1,8,1,2,5,1,3,1,3,0,5,3,3,1,14,11
"12706",5,10,2,6,11,1,15,10,1,6,11,1,2,1,0,0,3,6,6,1,6,2,3,15,24
"12707",6,13,8,6,11,1,18,10,2,6,11,1,15,3,6,0,3,0,0,6,3,2,3,24,27
"12708",7,15,8,6,16,1,18,13,8,6,11,1,18,2,4,5,4,5,0,2,5,1,1,26,32
"12709",8,15,12,6,20,1,18,15,8,6,16,1,18,4,0,0,3,1,4,4,4,2,1,30,36
"12710",9,15,12,9,21,1,18,15,12,6,20,1,18,3,1,0,1,0,0,3,1,3,1,33,37
"12711",10,15,16,9,21,3,24,15,12,9,21,1,18,5,4,6,5,6,0,4,6,2,3,37,45
"12712",11,15,21,9,25,3,24,15,16,9,21,3,24,5,0,0,1,4,5,5,4,2,1,42,49
"12713",12,15,21,9,25,3,24,15,21,9,25,3,24,1,5,0,NA,0,0,0,0,0,0,42,49
"12714",0,0,0,0,0,0,0,0,0,0,0,0,0,0,0,0,0,0,0,0,0,0,0,0,0
"12715",1,1,3,1,1,1,4,1,1,1,1,1,1,2,3,4,3,4,0,2,3,2,3,2,3
"12716",2,1,7,1,5,1,10,1,3,1,1,1,4,4,0,0,1,6,5,4,6,2,3,6,13
"12717",3,1,7,6,5,1,11,1,7,1,5,1,10,1,5,0,1,0,0,5,1,3,3,11,14
"12718",4,3,7,6,13,1,11,1,7,6,5,1,11,2,1,6,1,6,0,2,6,1,1,13,22
"12719",5,3,7,7,16,7,11,3,7,6,13,1,11,1,0,0,4,3,6,1,6,3,2,14,31
"12720",6,7,7,7,16,7,14,3,7,7,16,7,11,4,3,0,3,0,0,4,3,1,3,18,34
"12721",7,7,12,7,20,13,14,7,7,7,16,7,14,1,6,5,1,6,0,5,6,2,2,23,44
"12722",8,7,12,8,20,17,14,7,12,7,20,13,14,1,0,0,4,4,1,1,4,3,2,24,48
"12723",9,11,12,8,20,18,14,7,12,8,20,17,14,4,1,0,1,0,0,4,1,1,2,28,49
"12724",10,16,12,8,23,24,14,11,12,8,20,18,14,5,6,6,6,6,0,5,6,1,2,33,58
"12725",11,23,12,8,28,24,14,16,12,8,23,24,14,6,0,0,5,3,6,6,5,1,1,40,63
"12726",12,23,12,8,28,24,14,23,12,8,28,24,14,3,6,0,NA,0,0,0,0,0,0,40,63
"12727",0,0,0,0,0,0,0,0,0,0,0,0,0,0,0,0,0,0,0,0,0,0,0,0,0
"12728",1,1,2,1,7,3,1,1,1,1,1,1,1,1,1,6,1,6,0,1,6,2,1,1,8
"12729",2,2,2,1,7,12,7,1,2,1,7,3,1,1,0,0,2,6,1,1,6,1,3,2,23
"12730",3,4,2,1,8,12,7,2,2,1,7,12,7,2,1,0,1,0,0,2,1,1,1,4,24
"12731",4,9,2,1,13,12,7,4,2,1,8,12,7,5,2,5,2,5,0,5,5,1,1,9,29
"12732",5,9,2,3,13,16,7,9,2,1,13,12,7,2,0,0,4,2,1,2,4,3,2,11,33
"12733",6,9,4,3,14,16,7,9,2,3,13,16,7,2,1,0,1,0,0,2,1,2,1,13,34
"12734",7,13,4,3,14,20,13,9,4,3,14,16,7,6,4,4,6,4,0,4,6,1,3,17,44
"12735",8,17,4,3,14,20,20,13,4,3,14,20,13,4,0,0,6,1,2,4,6,1,3,21,51
"12736",9,18,4,3,14,20,22,17,4,3,14,20,20,1,2,0,2,0,0,1,2,1,3,22,53
"12737",10,19,4,3,21,20,22,18,4,3,14,20,22,6,1,4,6,4,0,1,6,1,1,23,60
"12738",11,23,4,1,29,20,22,19,4,3,21,20,22,4,0,0,4,5,5,4,4,1,1,25,68
"12739",12,23,4,1,29,20,22,23,4,1,29,20,22,5,5,0,NA,0,0,0,0,0,0,25,68
"12740",0,0,0,0,0,0,0,0,0,0,0,0,0,0,0,0,0,0,0,0,0,0,0,0,0
"12741",1,1,1,4,1,1,10,1,1,1,1,1,1,2,3,6,2,6,0,3,6,3,3,3,9
"12742",2,3,1,4,6,1,10,1,1,4,1,1,10,2,0,0,3,5,6,2,5,1,1,5,14
"12743",3,6,1,4,9,1,16,3,1,4,6,1,10,3,6,0,6,0,0,3,6,1,3,8,23
"12744",4,10,1,4,11,7,16,6,1,4,9,1,16,4,3,6,3,6,0,4,6,1,2,12,31
"12745",5,13,1,4,11,10,16,10,1,4,11,7,16,3,0,0,3,1,3,3,3,1,2,15,34
"12746",6,13,2,4,14,10,16,13,1,4,11,10,16,1,3,0,3,0,0,1,3,2,1,16,37
"12747",7,13,6,4,14,15,16,13,2,4,14,10,16,4,5,4,5,4,0,4,5,2,2,20,42
"12748",8,17,6,4,14,15,17,13,6,4,14,15,16,4,0,0,1,2,5,4,1,1,3,24,43
"12749",9,19,6,4,14,20,17,17,6,4,14,15,17,2,5,0,5,0,0,2,5,1,2,26,48
"12750",10,24,6,4,18,20,17,19,6,4,14,20,17,5,4,2,4,2,0,5,4,1,1,31,52
"12751",11,26,6,4,23,20,17,24,6,4,18,20,17,2,0,0,5,6,1,2,5,1,1,33,57
"12752",12,26,6,4,23,20,17,26,6,4,23,20,17,6,1,0,NA,0,0,0,0,0,0,33,57
"12753",0,0,0,0,0,0,0,0,0,0,0,0,0,0,0,0,0,0,0,0,0,0,0,0,0
"12754",1,5,7,1,6,1,1,1,1,1,1,1,1,5,6,1,5,1,0,6,5,2,1,10,5
"12755",2,6,7,1,12,6,1,5,7,1,6,1,1,1,0,0,6,3,6,1,6,1,1,11,16
"12756",3,6,8,7,12,6,4,6,7,1,12,6,1,3,6,0,3,0,0,6,3,3,3,18,19
"12757",4,12,11,7,14,6,4,6,8,7,12,6,4,6,1,2,1,2,0,6,2,1,1,27,21
"12758",5,13,11,7,19,12,10,12,11,7,14,6,4,1,0,0,6,5,1,1,6,1,2,28,38
"12759",6,18,11,7,19,13,10,13,11,7,19,12,10,5,1,0,1,0,0,5,1,1,2,33,39
"12760",7,18,13,7,23,13,10,18,11,7,19,13,10,2,4,4,4,4,0,2,4,2,1,35,43
"12761",8,18,17,7,23,13,15,18,13,7,23,13,10,4,0,0,1,5,5,4,5,2,3,39,48
"12762",9,18,22,7,24,13,15,18,17,7,23,13,15,1,5,0,1,0,0,5,1,2,1,44,49
"12763",10,20,22,7,24,15,15,18,22,7,24,13,15,2,1,2,1,2,0,2,2,1,2,46,51
"12764",11,21,22,7,28,15,15,20,22,7,24,15,15,1,0,0,4,1,1,1,4,1,1,47,55
"12765",12,21,22,7,28,15,15,21,22,7,28,15,15,1,1,0,NA,0,0,0,0,0,0,47,55
"12766",0,0,0,0,0,0,0,0,0,0,0,0,0,0,0,0,0,0,0,0,0,0,0,0,0
"12767",1,12,1,1,1,1,5,1,1,1,1,1,1,4,6,2,4,2,0,6,4,1,3,11,4
"12768",2,12,1,3,1,6,11,12,1,1,1,1,5,2,0,0,6,2,6,2,6,3,3,13,15
"12769",3,12,7,4,1,8,11,12,1,3,1,6,11,2,6,0,2,0,0,6,2,2,2,20,17
"12770",4,12,12,4,3,14,11,12,7,4,1,8,11,1,5,6,1,6,0,5,6,2,2,25,25
"12771",5,12,12,5,3,20,16,12,12,4,3,14,11,1,0,0,5,6,1,1,6,3,2,26,36
"12772",6,12,12,10,3,20,17,12,12,5,3,20,16,5,1,0,1,0,0,5,1,3,3,31,37
"12773",7,15,12,10,3,25,17,12,12,10,3,20,17,3,5,4,5,4,0,3,5,1,2,34,42
"12774",8,19,12,10,8,25,17,15,12,10,3,25,17,4,0,0,5,2,5,4,5,1,1,38,47
"12775",9,19,17,10,8,27,17,19,12,10,8,25,17,2,5,0,2,0,0,5,2,2,2,43,49
"12776",10,19,17,12,17,27,17,19,17,10,8,27,17,2,2,6,2,6,0,2,6,3,1,45,58
"12777",11,21,17,12,25,27,17,19,17,12,17,27,17,2,0,0,6,4,2,2,6,1,1,47,66
"12778",12,21,17,12,25,27,17,21,17,12,25,27,17,4,2,0,NA,0,0,0,0,0,0,47,66
"12779",0,0,0,0,0,0,0,0,0,0,0,0,0,0,0,0,0,0,0,0,0,0,0,0,0
"12780",1,1,4,1,1,7,5,1,1,1,1,1,1,3,6,4,6,4,0,3,6,2,2,3,10
"12781",2,1,4,5,5,7,5,1,4,1,1,7,5,4,0,0,1,3,4,4,4,3,1,7,14
"12782",3,1,7,5,6,7,5,1,4,5,5,7,5,1,3,0,1,0,0,3,1,2,1,10,15
"12783",4,1,7,7,12,9,5,1,7,5,6,7,5,2,6,1,6,1,0,2,6,3,1,12,23
"12784",5,1,8,7,18,9,8,1,7,7,12,9,5,1,0,0,5,1,6,1,6,2,1,13,32
"12785",6,1,8,12,19,9,8,1,8,7,18,9,8,5,1,0,1,0,0,5,1,3,1,18,33
"12786",7,1,10,12,19,14,8,1,8,12,19,9,8,4,5,2,4,5,0,2,5,2,2,20,38
"12787",8,1,14,12,19,14,9,1,10,12,19,14,8,4,0,0,2,1,3,4,1,2,3,24,39
"12788",9,4,14,12,21,14,9,1,14,12,19,14,9,2,3,0,2,0,0,3,2,1,1,27,41
"12789",10,7,14,12,22,14,9,4,14,12,21,14,9,1,2,3,1,2,0,3,1,1,1,30,42
"12790",11,9,14,12,24,14,9,7,14,12,22,14,9,2,0,0,2,4,5,2,2,1,1,32,44
"12791",12,9,14,12,24,14,9,9,14,12,24,14,9,4,5,0,NA,0,0,0,0,0,0,32,44
"12792",0,0,0,0,0,0,0,0,0,0,0,0,0,0,0,0,0,0,0,0,0,0,0,0,0
"12793",1,1,3,1,1,1,5,1,1,1,1,1,1,4,1,2,4,1,0,2,4,2,3,2,4
"12794",2,2,3,1,6,1,5,1,3,1,1,1,5,1,0,0,5,5,3,1,5,1,1,3,9
"12795",3,2,8,1,9,1,5,2,3,1,6,1,5,5,3,0,3,0,0,5,3,2,1,8,12
"12796",4,2,8,4,11,1,5,2,8,1,9,1,5,2,3,2,2,2,0,3,2,3,1,11,14
"12797",5,2,8,6,11,1,13,2,8,4,11,1,5,2,0,0,3,6,2,2,6,3,3,13,22
"12798",6,2,11,6,13,1,13,2,8,6,11,1,13,3,2,0,2,0,0,3,2,2,1,16,24
"12799",7,3,11,12,17,1,13,2,11,6,13,1,13,4,6,3,4,3,0,6,4,3,1,23,28
"12800",8,3,14,12,20,7,13,3,11,12,17,1,13,3,0,0,2,6,2,3,6,2,2,26,37
"12801",9,5,14,12,20,7,15,3,14,12,20,7,13,2,2,0,2,0,0,2,2,1,3,28,39
"12802",10,10,14,12,20,7,20,5,14,12,20,7,15,5,2,5,2,5,0,5,5,1,3,33,44
"12803",11,12,14,12,29,7,20,10,14,12,20,7,20,2,0,0,1,6,2,2,6,1,1,35,53
"12804",12,12,14,12,29,7,20,12,14,12,29,7,20,1,2,0,NA,0,0,0,0,0,0,35,53
"12805",0,0,0,0,0,0,0,0,0,0,0,0,0,0,0,0,0,0,0,0,0,0,0,0,0
"12806",1,2,1,1,1,1,6,1,1,1,1,1,1,5,1,1,5,1,0,1,5,1,3,1,5
"12807",2,2,1,2,13,4,6,2,1,1,1,1,6,1,0,0,6,3,5,1,6,3,1,2,20
"12808",3,2,4,2,13,9,6,2,1,2,13,4,6,3,5,0,5,0,0,3,5,2,2,5,25
"12809",4,6,4,2,13,20,6,2,4,2,13,9,6,2,6,4,2,6,0,4,6,1,2,9,36
"12810",5,8,4,2,13,20,10,6,4,2,13,20,6,2,0,0,4,1,5,2,4,1,3,11,40
"12811",6,13,4,2,13,21,10,8,4,2,13,20,10,1,5,0,1,0,0,5,1,1,2,16,41
"12812",7,15,4,2,13,23,10,13,4,2,13,21,10,2,2,1,2,1,0,2,2,1,2,18,43
"12813",8,16,4,2,17,23,16,15,4,2,13,23,10,1,0,0,6,4,1,1,6,1,3,19,53
"12814",9,16,8,1,20,24,16,16,4,2,17,23,16,4,1,0,1,0,0,4,1,2,2,22,57
"12815",10,18,8,1,20,29,16,16,8,1,20,24,16,2,1,5,1,5,0,2,5,1,2,24,62
"12816",11,19,8,1,24,29,16,18,8,1,20,29,16,1,0,0,4,1,2,1,4,1,1,25,66
"12817",12,19,8,1,24,29,16,19,8,1,24,29,16,1,2,0,NA,0,0,0,0,0,0,25,66
"12818",0,0,0,0,0,0,0,0,0,0,0,0,0,0,0,0,0,0,0,0,0,0,0,0,0
"12819",1,1,4,1,1,1,4,1,1,1,1,1,1,2,3,3,2,3,0,3,3,2,3,3,3
"12820",2,3,4,1,6,1,4,1,4,1,1,1,4,2,0,0,1,2,5,2,5,1,1,5,8
"12821",3,3,4,2,6,3,4,3,4,1,6,1,4,1,2,0,2,0,0,1,2,3,2,6,10
"12822",4,3,4,6,6,3,9,3,4,2,6,3,4,5,4,3,5,3,0,4,5,3,3,10,15
"12823",5,3,7,6,8,3,9,3,4,6,6,3,9,3,0,0,2,2,1,3,2,2,1,13,17
"12824",6,4,7,6,8,3,11,3,7,6,8,3,9,2,1,0,2,0,0,1,2,1,3,14,19
"12825",7,4,12,6,8,3,15,4,7,6,8,3,11,4,1,5,4,1,0,5,4,2,3,19,23
"12826",8,5,12,6,8,8,15,4,12,6,8,3,15,1,0,0,3,1,5,1,5,1,2,20,28
"12827",9,5,12,9,8,8,16,5,12,6,8,8,15,3,1,0,1,0,0,3,1,3,3,23,29
"12828",10,10,12,9,8,12,16,5,12,9,8,8,16,4,2,5,4,2,0,5,4,1,2,28,33
"12829",11,12,12,9,12,12,16,10,12,9,8,12,16,2,0,0,4,5,3,2,4,1,1,30,37
"12830",12,12,12,9,12,12,16,12,12,9,12,12,16,5,3,0,NA,0,0,0,0,0,0,30,37
"12831",0,0,0,0,0,0,0,0,0,0,0,0,0,0,0,0,0,0,0,0,0,0,0,0,0
"12832",1,1,5,1,6,7,1,1,1,1,1,1,1,6,4,4,6,4,0,4,6,2,2,4,11
"12833",2,1,9,1,9,7,1,1,5,1,6,7,1,4,0,0,2,3,1,4,3,2,1,8,14
"12834",3,3,9,1,10,7,1,1,9,1,9,7,1,2,1,0,1,0,0,2,1,1,1,10,15
"12835",4,3,9,2,10,7,6,3,9,1,10,7,1,1,1,5,1,5,0,1,5,3,3,11,20
"12836",5,4,9,2,10,17,12,3,9,2,10,7,6,1,0,0,4,2,6,1,6,1,2,12,36
"12837",6,8,9,2,12,17,12,4,9,2,10,17,12,4,2,0,2,0,0,4,2,1,1,16,38
"12838",7,8,15,3,15,17,12,8,9,2,12,17,12,2,3,6,2,3,0,6,3,2,1,23,41
"12839",8,8,17,3,15,23,14,8,15,3,15,17,12,2,0,0,6,1,3,2,6,2,2,25,49
"12840",9,8,18,3,18,23,14,8,17,3,15,23,14,1,3,0,3,0,0,1,3,2,1,26,52
"12841",10,11,18,3,23,23,14,8,18,3,18,23,14,5,3,3,5,3,0,3,5,1,1,29,57
"12842",11,14,18,3,28,23,14,11,18,3,23,23,14,3,0,0,5,4,5,3,5,1,1,32,62
"12843",12,14,18,3,28,23,14,14,18,3,28,23,14,4,5,0,NA,0,0,0,0,0,0,32,62
"12844",0,0,0,0,0,0,0,0,0,0,0,0,0,0,0,0,0,0,0,0,0,0,0,0,0
"12845",1,1,1,6,1,3,1,1,1,1,1,1,1,5,3,2,3,2,0,5,2,3,2,5,2
"12846",2,1,4,6,1,6,1,1,1,6,1,3,1,3,0,0,3,2,3,3,3,2,2,8,5
"12847",3,4,4,6,3,6,1,1,4,6,1,6,1,2,3,0,2,0,0,3,2,1,1,11,7
"12848",4,4,4,10,5,12,1,4,4,6,3,6,1,4,3,6,3,6,0,4,6,3,2,15,15
"12849",5,4,4,13,5,17,1,4,4,10,5,12,1,3,0,0,1,4,5,3,5,3,2,18,20
"12850",6,4,5,13,9,17,1,4,4,13,5,17,1,1,4,0,4,0,0,1,4,2,1,19,24
"12851",7,4,5,17,9,21,1,4,5,13,9,17,1,3,4,4,3,4,0,4,4,3,2,23,28
"12852",8,4,8,17,9,21,5,4,5,17,9,21,1,3,0,0,1,2,4,3,4,2,3,26,32
"12853",9,6,8,17,9,22,5,4,8,17,9,21,5,1,2,0,1,0,0,2,1,1,2,28,33
"12854",10,11,8,17,9,22,10,6,8,17,9,22,5,5,5,3,5,3,0,5,5,1,3,33,38
"12855",11,11,8,20,14,22,10,11,8,17,9,22,10,3,0,0,5,5,4,3,5,3,1,36,43
"12856",12,11,8,20,14,22,10,11,8,20,14,22,10,5,4,0,NA,0,0,0,0,0,0,36,43
"12857",0,0,0,0,0,0,0,0,0,0,0,0,0,0,0,0,0,0,0,0,0,0,0,0,0
"12858",1,1,1,5,7,7,1,1,1,1,1,1,1,4,1,6,1,6,0,4,6,3,1,4,12
"12859",2,1,2,5,7,7,6,1,1,5,7,7,1,1,0,0,2,2,5,1,5,2,3,5,17
"12860",3,3,2,5,9,7,6,1,2,5,7,7,6,2,2,0,2,0,0,2,2,1,1,7,19
"12861",4,3,5,5,10,13,6,3,2,5,9,7,6,3,6,5,6,5,0,3,6,2,2,10,26
"12862",5,8,5,5,10,16,6,3,5,5,10,13,6,5,0,0,1,2,3,5,3,1,2,15,29
"12863",6,8,7,5,10,16,7,8,5,5,10,16,6,1,2,0,1,0,0,2,1,2,3,17,30
"12864",7,15,7,5,11,22,7,8,7,5,10,16,7,6,6,4,6,4,0,6,6,1,2,24,37
"12865",8,15,7,9,11,22,10,15,7,5,11,22,7,4,0,0,3,2,2,4,3,3,3,28,40
"12866",9,17,7,9,11,22,12,15,7,9,11,22,10,2,2,0,2,0,0,2,2,1,3,30,42
"12867",10,26,7,9,14,22,12,17,7,9,11,22,12,3,6,3,3,3,0,6,3,1,1,39,45
"12868",11,29,7,9,19,22,12,26,7,9,14,22,12,3,0,0,5,4,2,3,5,1,1,42,50
"12869",12,29,7,9,19,22,12,29,7,9,19,22,12,4,2,0,NA,0,0,0,0,0,0,42,50
"12870",0,0,0,0,0,0,0,0,0,0,0,0,0,0,0,0,0,0,0,0,0,0,0,0,0
"12871",1,6,1,1,1,1,4,1,1,1,1,1,1,3,5,3,3,3,0,5,3,1,3,5,3
"12872",2,9,1,1,7,1,11,6,1,1,1,1,4,3,0,0,4,1,6,3,6,1,3,8,16
"12873",3,9,5,1,7,1,12,9,1,1,7,1,11,4,1,0,1,0,0,4,1,2,3,12,17
"12874",4,9,6,1,13,5,12,9,5,1,7,1,12,6,1,6,6,6,0,1,6,2,1,13,27
"12875",5,14,12,1,13,11,13,9,6,1,13,5,12,6,0,0,2,3,6,6,6,2,2,24,34
"12876",6,14,14,1,13,14,13,14,12,1,13,11,13,2,3,0,3,0,0,2,3,2,2,26,37
"12877",7,14,18,1,19,14,16,14,14,1,13,14,13,6,4,2,6,2,0,4,6,2,1,30,46
"12878",8,14,18,3,19,19,16,14,18,1,19,14,16,2,0,0,5,2,3,2,5,3,2,32,51
"12879",9,17,18,3,19,19,18,14,18,3,19,19,16,2,3,0,2,0,0,3,2,1,3,35,53
"12880",10,20,18,3,22,19,18,17,18,3,19,19,18,3,3,3,3,3,0,3,3,1,1,38,56
"12881",11,23,18,3,29,19,18,20,18,3,22,19,18,3,0,0,6,4,4,3,6,1,1,41,63
"12882",12,23,18,3,29,19,18,23,18,3,29,19,18,4,4,0,NA,0,0,0,0,0,0,41,63
"12883",0,0,0,0,0,0,0,0,0,0,0,0,0,0,0,0,0,0,0,0,0,0,0,0,0
"12884",1,1,2,1,1,3,1,1,1,1,1,1,1,1,1,2,1,2,0,1,2,2,2,1,2
"12885",2,2,2,1,1,6,1,1,2,1,1,3,1,1,0,0,3,1,2,1,3,1,2,2,5
"12886",3,2,3,1,3,6,1,2,2,1,1,6,1,1,2,0,2,0,0,1,2,2,1,3,7
"12887",4,2,3,6,3,10,1,2,3,1,3,6,1,4,5,2,4,2,0,5,4,3,2,8,11
"12888",5,4,3,6,4,10,1,2,3,6,3,10,1,2,0,0,1,1,1,2,1,1,1,10,12
"12889",6,4,4,6,5,10,1,4,3,6,4,10,1,1,1,0,1,0,0,1,1,2,1,11,13
"12890",7,4,4,9,5,12,1,4,4,6,5,10,1,2,3,2,2,2,0,3,2,3,2,14,15
"12891",8,6,4,9,5,12,6,4,4,9,5,12,1,2,0,0,5,3,4,2,5,1,3,16,20
"12892",9,10,4,9,5,15,6,6,4,9,5,12,6,3,4,0,3,0,0,4,3,1,2,20,23
"12893",10,15,4,9,8,15,6,10,4,9,5,15,6,5,3,1,3,1,0,5,3,1,1,25,26
"12894",11,15,5,9,19,15,6,15,4,9,8,15,6,1,0,0,3,6,5,1,6,2,1,26,37
"12895",12,15,5,9,19,15,6,15,5,9,19,15,6,3,5,0,NA,0,0,0,0,0,0,26,37
"12896",0,0,0,0,0,0,0,0,0,0,0,0,0,0,0,0,0,0,0,0,0,0,0,0,0
"12897",1,1,6,1,1,1,6,1,1,1,1,1,1,5,3,5,3,5,0,5,5,2,3,5,5
"12898",2,4,6,1,1,4,6,1,6,1,1,1,6,3,0,0,2,3,2,3,3,1,2,8,8
"12899",3,6,6,1,1,6,6,4,6,1,1,4,6,2,2,0,2,0,0,2,2,1,2,10,10
"12900",4,6,8,1,1,8,6,6,6,1,1,6,6,1,2,2,1,2,0,2,2,2,2,12,12
"12901",5,6,8,2,1,8,10,6,8,1,1,8,6,1,0,0,4,1,4,1,4,3,3,13,16
"12902",6,7,8,2,5,8,10,6,8,2,1,8,10,1,4,0,4,0,0,1,4,1,1,14,20
"12903",7,7,8,4,10,8,10,7,8,2,5,8,10,5,4,2,5,4,0,2,5,3,1,16,25
"12904",8,11,8,4,10,8,12,7,8,4,10,8,10,4,0,0,1,2,4,4,2,1,3,20,27
"12905",9,11,8,8,10,9,12,11,8,4,10,8,12,1,4,0,1,0,0,4,1,3,2,24,28
"12906",10,11,12,14,10,9,16,11,8,8,10,9,12,2,6,4,2,4,0,6,4,3,3,34,32
"12907",11,11,14,14,14,9,16,11,12,14,10,9,16,2,0,0,4,2,4,2,4,2,1,36,36
"12908",12,11,14,14,14,9,16,11,14,14,14,9,16,2,4,0,NA,0,0,0,0,0,0,36,36
"12909",0,0,0,0,0,0,0,0,0,0,0,0,0,0,0,0,0,0,0,0,0,0,0,0,0
"12910",1,7,7,3,1,1,5,1,1,1,1,1,1,3,4,6,3,4,0,6,4,2,3,14,4
"12911",2,10,7,3,1,1,10,7,7,3,1,1,5,3,0,0,3,5,3,3,5,1,3,17,9
"12912",3,13,7,3,4,1,10,10,7,3,1,1,10,3,3,0,3,0,0,3,3,1,1,20,12
"12913",4,13,12,3,7,1,10,13,7,3,4,1,10,3,3,5,3,3,0,5,3,2,1,25,15
"12914",5,13,15,3,17,1,10,13,12,3,7,1,10,3,0,0,3,6,6,3,6,2,1,28,25
"12915",6,17,15,15,17,1,13,13,15,3,17,1,10,3,6,0,3,0,0,6,3,3,3,44,28
"12916",7,22,15,15,23,1,15,17,15,15,17,1,13,6,5,6,6,6,0,5,6,1,1,49,36
"12917",8,26,21,15,34,1,15,22,15,15,23,1,15,6,0,0,6,6,1,6,6,2,1,59,47
"12918",9,29,27,15,34,1,16,26,21,15,34,1,15,6,1,0,1,0,0,6,1,2,3,68,48
"12919",10,33,27,15,34,1,21,29,27,15,34,1,16,3,5,4,3,5,0,4,5,1,3,72,53
"12920",11,36,27,15,34,2,21,33,27,15,34,1,21,3,0,0,1,3,5,3,1,1,2,75,54
"12921",12,36,27,15,34,2,21,36,27,15,34,2,21,3,5,0,NA,0,0,0,0,0,0,75,54
"12922",0,0,0,0,0,0,0,0,0,0,0,0,0,0,0,0,0,0,0,0,0,0,0,0,0
"12923",1,1,6,1,1,4,1,1,1,1,1,1,1,2,3,5,2,3,0,5,3,2,2,5,3
"12924",2,1,8,1,6,4,1,1,6,1,1,4,1,2,0,0,2,5,3,2,5,2,1,7,8
"12925",3,1,8,4,6,4,3,1,8,1,6,4,1,2,3,0,2,0,0,3,2,3,3,10,10
"12926",4,1,12,4,6,4,6,1,8,4,6,4,3,3,4,3,3,3,0,4,3,2,3,14,13
"12927",5,1,15,4,6,5,6,1,12,4,6,4,6,3,0,0,2,1,2,3,1,2,2,17,14
"12928",6,1,17,4,6,7,6,1,15,4,6,5,6,2,2,0,2,0,0,2,2,2,2,19,16
"12929",7,5,17,4,9,7,6,1,17,4,6,7,6,4,1,3,1,3,0,4,3,1,1,23,19
"12930",8,6,17,4,9,12,6,5,17,4,9,7,6,1,0,0,1,3,5,1,5,1,2,24,24
"12931",9,6,17,7,9,12,7,6,17,4,9,12,6,1,3,0,1,0,0,3,1,3,3,27,25
"12932",10,6,17,14,9,12,9,6,17,7,9,12,7,6,2,2,2,2,0,6,2,3,3,34,27
"12933",11,8,17,14,10,12,9,6,17,14,9,12,9,2,0,0,1,1,1,2,1,1,1,36,28
"12934",12,8,17,14,10,12,9,8,17,14,10,12,9,1,1,0,NA,0,0,0,0,0,0,36,28
"12935",0,0,0,0,0,0,0,0,0,0,0,0,0,0,0,0,0,0,0,0,0,0,0,0,0
"12936",1,5,1,1,1,4,1,1,1,1,1,1,1,3,1,4,3,1,0,4,3,1,2,4,3
"12937",2,6,1,1,1,9,1,5,1,1,1,4,1,1,0,0,5,4,2,1,5,1,2,5,8
"12938",3,6,5,1,1,9,3,6,1,1,1,9,1,4,2,0,2,0,0,4,2,2,3,9,10
"12939",4,6,5,5,5,9,3,6,5,1,1,9,3,4,2,4,2,4,0,4,4,3,1,13,14
"12940",5,6,7,5,9,9,3,6,5,5,5,9,3,2,0,0,2,4,4,2,4,2,1,15,18
"12941",6,6,7,9,9,11,3,6,7,5,9,9,3,2,4,0,2,0,0,4,2,3,2,19,20
"12942",7,6,7,16,9,21,3,6,7,9,9,11,3,6,6,1,6,1,0,6,6,3,2,26,30
"12943",8,6,7,17,9,26,3,6,7,16,9,21,3,1,0,0,5,5,2,1,5,3,2,27,35
"12944",9,6,7,19,9,26,8,6,7,17,9,26,3,5,2,0,5,0,0,2,5,3,3,29,40
"12945",10,6,7,22,13,26,8,6,7,19,9,26,8,3,1,4,1,4,0,3,4,3,1,32,44
"12946",11,7,7,22,18,26,8,6,7,22,13,26,8,1,0,0,5,6,3,1,5,1,1,33,49
"12947",12,7,7,22,18,26,8,7,7,22,18,26,8,6,3,0,NA,0,0,0,0,0,0,33,49
"12948",0,0,0,0,0,0,0,0,0,0,0,0,0,0,0,0,0,0,0,0,0,0,0,0,0
"12949",1,1,4,1,1,3,1,1,1,1,1,1,1,1,2,3,1,2,0,3,2,2,2,3,2
"12950",2,1,5,1,1,3,4,1,4,1,1,3,1,1,0,0,5,3,1,1,3,2,3,4,5
"12951",3,6,5,1,1,4,4,1,5,1,1,3,4,5,1,0,1,0,0,5,1,1,2,9,6
"12952",4,12,5,3,1,8,4,6,5,1,1,4,4,6,4,3,4,3,0,6,4,1,2,17,10
"12953",5,12,5,6,7,8,9,12,5,3,1,8,4,3,0,0,4,6,5,3,6,3,1,20,21
"12954",6,12,5,10,7,13,9,12,5,6,7,8,9,4,5,0,5,0,0,4,5,3,2,24,26
"12955",7,12,5,15,7,19,12,12,5,10,7,13,9,4,6,5,4,6,0,5,6,3,2,29,35
"12956",8,12,5,19,13,19,17,12,5,15,7,19,12,4,0,0,5,6,3,4,6,3,1,33,46
"12957",9,12,5,24,16,19,17,12,5,19,13,19,17,5,3,0,3,0,0,5,3,3,1,38,49
"12958",10,12,7,24,16,24,17,12,5,24,16,19,17,2,5,1,5,1,0,2,5,2,2,40,54
"12959",11,13,7,24,17,24,17,12,7,24,16,24,17,1,0,0,1,4,2,1,1,1,1,41,55
"12960",12,13,7,24,17,24,17,13,7,24,17,24,17,4,2,0,NA,0,0,0,0,0,0,41,55
"12961",0,0,0,0,0,0,0,0,0,0,0,0,0,0,0,0,0,0,0,0,0,0,0,0,0
"12962",1,2,7,1,1,10,1,1,1,1,1,1,1,6,1,6,1,6,0,6,6,2,2,7,9
"12963",2,3,7,1,1,10,6,2,7,1,1,10,1,1,0,0,5,4,2,1,5,1,3,8,14
"12964",3,3,11,1,3,10,6,3,7,1,1,10,6,4,2,0,2,0,0,4,2,2,1,12,16
"12965",4,5,11,1,7,10,6,3,11,1,3,10,6,4,2,2,4,2,0,2,4,1,1,14,20
"12966",5,5,11,3,7,13,6,5,11,1,7,10,6,2,0,0,3,2,2,2,3,3,2,16,23
"12967",6,7,11,3,9,13,6,5,11,3,7,13,6,2,2,0,2,0,0,2,2,1,1,18,25
"12968",7,7,20,3,9,20,12,7,11,3,9,13,6,2,6,6,2,6,0,6,6,2,2,27,38
"12969",8,7,22,3,12,20,18,7,20,3,9,20,12,2,0,0,5,6,6,2,6,2,3,29,47
"12970",9,7,37,3,1,20,23,7,22,3,12,20,18,5,6,0,5,0,0,6,5,2,3,44,41
"12971",10,7,43,3,5,1,23,7,37,3,1,20,23,5,4,4,4,4,0,5,4,2,1,50,26
"12972",11,11,43,3,10,1,23,7,43,3,5,1,23,4,0,0,5,3,5,4,5,1,1,54,31
"12973",12,11,43,3,10,1,23,11,43,3,10,1,23,3,5,0,NA,0,0,0,0,0,0,54,31
"12974",0,0,0,0,0,0,0,0,0,0,0,0,0,0,0,0,0,0,0,0,0,0,0,0,0
"12975",1,1,1,2,6,1,1,1,1,1,1,1,1,5,1,2,5,2,0,1,5,3,1,1,5
"12976",2,3,1,2,13,1,1,1,1,2,6,1,1,2,0,0,4,4,6,2,6,1,1,3,12
"12977",3,3,5,2,13,5,1,3,1,2,13,1,1,4,4,0,4,0,0,4,4,2,2,7,16
"12978",4,3,9,2,13,9,1,3,5,2,13,5,1,3,4,4,3,4,0,4,4,2,2,11,20
"12979",5,3,9,5,13,9,6,3,9,2,13,9,1,3,0,0,4,4,5,3,5,3,3,14,25
"12980",6,3,9,9,17,9,6,3,9,5,13,9,6,4,4,0,4,0,0,4,4,3,1,18,29
"12981",7,3,9,10,17,14,6,3,9,9,17,9,6,5,1,5,5,5,0,1,5,3,2,19,34
"12982",8,8,9,10,19,14,6,3,9,10,17,14,6,5,0,0,2,5,5,5,2,1,1,24,36
"12983",9,8,9,15,19,14,11,8,9,10,19,14,6,5,5,0,5,0,0,5,5,3,3,29,41
"12984",10,12,9,15,25,20,11,8,9,15,19,14,11,4,6,2,6,2,0,4,6,1,1,33,53
"12985",11,14,9,15,27,20,11,12,9,15,25,20,11,2,0,0,2,4,3,2,2,1,1,35,55
"12986",12,14,9,15,27,20,11,14,9,15,27,20,11,4,3,0,NA,0,0,0,0,0,0,35,55
"12987",0,0,0,0,0,0,0,0,0,0,0,0,0,0,0,0,0,0,0,0,0,0,0,0,0
"12988",1,1,1,5,7,1,2,1,1,1,1,1,1,2,6,4,2,6,0,4,6,3,1,4,7
"12989",2,3,1,5,7,9,2,1,1,5,7,1,2,2,0,0,1,2,6,2,6,1,2,6,15
"12990",3,5,1,5,7,9,3,3,1,5,7,9,2,1,2,0,1,0,0,2,1,1,3,8,16
"12991",4,5,1,7,10,15,3,5,1,5,7,9,3,1,2,6,1,6,0,2,6,3,2,10,25
"12992",5,5,2,7,13,15,3,5,1,7,10,15,3,1,0,0,3,4,3,1,3,2,1,11,28
"12993",6,5,6,7,13,18,3,5,2,7,13,15,3,4,3,0,3,0,0,4,3,2,2,15,31
"12994",7,5,6,12,18,18,9,5,6,7,13,18,3,6,3,5,6,3,0,5,6,3,3,20,42
"12995",8,8,6,12,18,18,14,5,6,12,18,18,9,3,0,0,5,4,5,3,5,1,3,23,47
"12996",9,12,6,12,23,18,14,8,6,12,18,18,14,4,5,0,5,0,0,4,5,1,1,27,52
"12997",10,15,6,12,23,18,19,12,6,12,23,18,14,5,3,6,5,6,0,3,5,1,3,30,57
"12998",11,28,6,12,25,18,19,15,6,12,23,18,19,6,0,0,2,2,6,6,2,1,1,43,59
"12999",12,28,6,12,25,18,19,28,6,12,25,18,19,2,6,0,NA,0,0,0,0,0,0,43,59
"13000",0,0,0,0,0,0,0,0,0,0,0,0,0,0,0,0,0,0,0,0,0,0,0,0,0
