"","Move","Player_1_Final1","Player_1_Final2","Player_1_Final3","Player_2_Final1","Player_2_Final2","Player_2_Final3","Player_1_Initial1","Player_1_Initial2","Player_1_Initial3","Player_2_Initial1","Player_2_Initial2","Player_2_Initial3","Player 1 Rolls available","Player 1 Rolls available","Player 1 Rolls available","Player 2 Rolls available","Player 2 Rolls available","Player 2 Rolls available","Player 1 Roll Chosen","Player 2 Roll Chosen","Player 1 Token Chosen","Player 2 Token Chosen","Player1 Score","Player 2 Score"
"1",1,1,3,1,7,7,5,1,1,1,1,1,1,6,3,2,6,3,0,2,6,2,2,2,16
"2",2,1,6,1,7,12,5,1,3,1,7,7,5,3,0,0,5,1,4,3,5,2,2,5,21
"3",3,1,10,1,7,13,5,1,6,1,7,12,5,1,4,0,1,0,0,4,1,2,2,9,22
"4",4,2,16,1,7,18,5,1,10,1,7,13,5,5,6,5,5,5,0,6,5,2,2,16,27
"5",5,2,21,1,12,18,5,2,16,1,7,18,5,5,0,0,5,1,1,5,5,2,1,21,32
"6",6,2,22,1,13,18,5,2,21,1,12,18,5,1,1,0,1,0,0,1,1,2,1,22,33
"7",7,2,22,6,13,18,9,2,22,1,13,18,5,1,5,4,1,4,0,5,4,3,3,27,37
"8",8,2,22,7,13,18,14,2,22,6,13,18,9,1,0,0,5,4,5,1,5,3,3,28,42
"9",9,2,27,7,13,18,18,2,22,7,13,18,14,4,5,0,4,0,0,5,4,2,3,33,46
"10",10,2,31,10,7,19,18,2,27,7,13,18,18,6,3,4,6,3,0,4,6,2,1,40,41
"11",11,2,34,10,12,19,18,2,31,10,7,19,18,3,0,0,6,6,5,3,5,2,1,43,46
"12",12,2,34,10,12,19,18,2,34,10,12,19,18,6,6,0,NA,0,0,0,0,0,0,43,46
"13",0,0,0,0,0,0,0,0,0,0,0,0,0,0,0,0,0,0,0,0,0,0,0,0,0
"14",1,6,1,1,1,7,9,1,1,1,1,1,1,2,5,6,2,6,0,5,6,1,2,5,14
"15",2,6,1,3,5,7,9,6,1,1,1,7,9,2,0,0,2,1,4,2,4,3,1,7,18
"16",3,6,3,3,5,7,10,6,1,3,5,7,9,2,1,0,1,0,0,2,1,2,3,9,19
"17",4,6,3,8,5,13,11,6,3,3,5,7,10,6,5,5,6,5,0,5,6,3,2,14,26
"18",5,11,3,8,10,13,11,6,3,8,5,13,11,5,0,0,2,5,5,5,5,1,1,19,31
"19",6,16,3,8,10,13,13,11,3,8,10,13,11,2,5,0,2,0,0,5,2,1,3,24,33
"20",7,16,12,8,16,13,14,16,3,8,10,13,13,5,6,6,5,6,0,6,6,2,1,33,40
"21",8,16,17,8,22,13,17,16,12,8,16,13,14,5,0,0,3,1,6,5,6,2,1,38,49
"22",9,16,20,8,22,13,18,16,17,8,22,13,17,3,1,0,1,0,0,3,1,2,3,41,50
"23",10,19,20,8,22,19,23,16,20,8,22,13,18,3,2,6,2,6,0,3,6,1,2,44,61
"24",11,19,22,8,22,23,23,19,20,8,22,19,23,2,0,0,4,3,4,2,4,2,2,46,65
"25",12,19,22,8,22,23,23,19,22,8,22,23,23,3,4,0,NA,0,0,0,0,0,0,46,65
"26",0,0,0,0,0,0,0,0,0,0,0,0,0,0,0,0,0,0,0,0,0,0,0,0,0
"27",1,5,1,1,1,6,1,1,1,1,1,1,1,4,5,4,5,4,0,4,5,1,2,4,5
"28",2,5,1,5,1,6,2,5,1,1,1,6,1,4,0,0,1,3,4,4,1,3,3,8,6
"29",3,5,1,9,1,9,2,5,1,5,1,6,2,3,4,0,3,0,0,4,3,3,2,12,9
"30",4,9,1,9,1,13,2,5,1,9,1,9,2,4,4,4,4,4,0,4,4,1,2,16,13
"31",5,9,1,13,1,18,2,9,1,9,1,13,2,4,0,0,2,6,5,4,5,3,2,20,18
"32",6,15,3,13,1,20,2,9,1,13,1,18,2,2,6,0,2,0,0,6,2,1,2,28,20
"33",7,15,7,13,5,20,2,15,3,13,1,20,2,4,1,4,1,4,0,4,4,2,1,32,24
"34",8,15,8,13,5,25,2,15,7,13,5,20,2,1,0,0,1,5,5,1,5,2,2,33,29
"35",9,15,13,13,6,25,2,15,8,13,5,25,2,1,5,0,1,0,0,5,1,2,1,38,30
"36",10,15,13,16,6,26,2,15,13,13,6,25,2,1,1,3,1,1,0,3,1,3,2,41,31
"37",11,15,1,16,11,32,2,15,13,16,6,26,2,1,0,0,3,2,6,1,6,2,2,29,42
"38",12,15,1,16,11,32,2,15,1,16,11,32,2,3,2,0,NA,0,0,0,0,0,0,29,42
"39",0,0,0,0,0,0,0,0,0,0,0,0,0,0,0,0,0,0,0,0,0,0,0,0,0
"40",1,1,2,1,1,6,1,1,1,1,1,1,1,3,5,1,3,5,0,1,5,2,2,1,5
"41",2,1,2,4,3,12,1,1,2,1,1,6,1,3,0,0,6,1,6,3,6,3,2,4,13
"42",3,2,2,10,3,13,1,1,2,4,3,12,1,1,6,0,1,0,0,6,1,3,2,11,14
"43",4,2,8,15,3,15,1,2,2,10,3,13,1,6,2,2,2,2,0,6,2,2,2,22,16
"44",5,2,10,15,5,15,7,2,8,15,3,15,1,2,0,0,5,6,5,2,6,2,3,24,24
"45",6,1,10,20,7,20,7,2,10,15,5,15,7,5,5,0,5,0,0,5,5,3,2,28,31
"46",7,1,14,20,7,20,11,1,10,20,7,20,7,4,4,4,4,4,0,4,4,2,3,32,35
"47",8,1,14,24,7,20,12,1,14,20,7,20,11,4,0,0,2,3,1,4,1,3,3,36,36
"48",9,1,14,26,7,20,15,1,14,24,7,20,12,2,3,0,3,0,0,2,3,3,3,38,39
"49",10,1,17,32,11,20,15,1,14,26,7,20,15,4,2,6,4,2,0,6,4,3,1,47,43
"50",11,1,19,32,11,20,20,1,17,32,11,20,15,2,0,0,5,2,1,2,5,2,3,49,48
"51",12,1,19,32,11,20,20,1,19,32,11,20,20,2,1,0,NA,0,0,0,0,0,0,49,48
"52",0,0,0,0,0,0,0,0,0,0,0,0,0,0,0,0,0,0,0,0,0,0,0,0,0
"53",1,1,1,5,4,1,7,1,1,1,1,1,1,1,4,6,1,6,0,4,6,3,3,4,9
"54",2,2,1,5,4,1,12,1,1,5,4,1,7,1,0,0,5,3,6,1,5,1,3,5,14
"55",3,2,1,12,4,1,15,2,1,5,4,1,12,3,6,0,3,0,0,6,3,3,3,12,17
"56",4,6,1,12,4,5,15,2,1,12,4,1,15,4,3,4,3,4,0,4,4,1,2,16,21
"57",5,6,1,15,4,8,15,6,1,12,4,5,15,3,0,0,2,1,3,3,3,3,2,19,24
"58",6,6,1,17,4,8,16,6,1,15,4,8,15,2,1,0,1,0,0,2,1,3,3,21,25
"59",7,6,5,17,7,8,16,6,1,17,4,8,16,2,3,4,2,3,0,4,3,2,1,25,28
"60",8,6,5,19,7,13,16,6,5,17,7,8,16,2,0,0,5,1,4,2,5,3,2,27,33
"61",9,6,5,23,7,14,16,6,5,19,7,13,16,1,4,0,1,0,0,4,1,3,2,31,34
"62",10,10,5,23,7,18,16,6,5,23,7,14,16,1,4,4,1,4,0,4,4,1,2,35,38
"63",11,10,5,24,9,18,16,10,5,23,7,18,16,1,0,0,2,5,5,1,2,3,1,36,40
"64",12,10,5,24,9,18,16,10,5,24,9,18,16,5,5,0,NA,0,0,0,0,0,0,36,40
"65",0,0,0,0,0,0,0,0,0,0,0,0,0,0,0,0,0,0,0,0,0,0,0,0,0
"66",1,1,6,1,1,6,1,1,1,1,1,1,1,5,5,4,5,4,0,5,5,2,2,5,5
"67",2,1,6,5,5,6,1,1,6,1,1,6,1,4,0,0,4,6,2,4,4,3,1,9,9
"68",3,8,6,5,5,6,3,1,6,5,5,6,1,6,2,0,2,0,0,6,2,1,3,16,11
"69",4,8,13,5,8,12,3,8,6,5,5,6,3,5,6,6,5,6,0,6,6,2,2,23,20
"70",5,8,18,5,8,17,3,8,13,5,8,12,3,5,0,0,5,4,4,5,5,2,2,28,25
"71",6,8,18,9,8,21,3,8,18,5,8,17,3,4,4,0,4,0,0,4,4,3,2,32,29
"72",7,8,18,16,12,21,3,8,18,9,8,21,3,6,2,4,2,4,0,6,4,3,1,39,33
"73",8,10,18,16,17,21,3,8,18,16,12,21,3,2,0,0,1,5,4,2,5,1,1,41,38
"74",9,14,18,16,17,21,4,10,18,16,17,21,3,1,4,0,1,0,0,4,1,1,3,45,39
"75",10,14,21,16,17,22,4,14,18,16,17,21,4,3,1,1,1,1,0,3,1,2,2,48,40
"76",11,15,21,16,17,26,4,14,21,16,17,22,4,1,0,0,3,1,4,1,4,1,2,49,44
"77",12,15,21,16,17,26,4,15,21,16,17,26,4,3,1,0,NA,0,0,0,0,0,0,49,44
"78",0,0,0,0,0,0,0,0,0,0,0,0,0,0,0,0,0,0,0,0,0,0,0,0,0
"79",1,1,1,6,1,1,5,1,1,1,1,1,1,4,2,5,4,2,0,5,4,3,3,5,4
"80",2,1,3,6,7,7,6,1,1,6,1,1,5,2,0,0,2,3,6,2,6,2,2,7,17
"81",3,1,3,9,9,7,6,1,3,6,7,7,6,2,3,0,2,0,0,3,2,3,1,10,19
"82",4,1,3,11,15,13,7,1,3,9,9,7,6,2,6,2,6,2,0,2,6,3,2,12,32
"83",5,1,3,13,15,13,12,1,3,11,15,13,7,2,0,0,5,5,1,2,5,3,3,14,37
"84",6,1,3,18,15,14,12,1,3,13,15,13,12,5,1,0,1,0,0,5,1,3,2,19,38
"85",7,1,6,18,15,18,12,1,3,18,15,14,12,5,3,4,5,4,0,3,4,2,2,22,42
"86",8,1,11,18,15,18,14,1,6,18,15,18,12,5,0,0,1,4,2,5,2,2,3,27,44
"87",9,1,15,18,16,18,14,1,11,18,15,18,14,1,4,0,1,0,0,4,1,2,1,31,45
"88",10,1,15,19,19,18,14,1,15,18,16,18,14,1,3,4,3,4,0,1,3,3,1,32,48
"89",11,1,15,23,36,18,14,1,15,19,19,18,14,4,0,0,6,2,5,4,6,3,1,36,65
"90",12,1,15,23,36,18,14,1,15,23,36,18,14,2,5,0,NA,0,0,0,0,0,0,36,65
"91",0,0,0,0,0,0,0,0,0,0,0,0,0,0,0,0,0,0,0,0,0,0,0,0,0
"92",1,4,1,1,1,5,1,1,1,1,1,1,1,4,3,3,4,3,0,3,4,1,2,3,4
"93",2,4,1,4,10,5,1,4,1,1,1,5,1,3,0,0,2,6,1,3,6,3,1,6,13
"94",3,4,1,6,10,5,2,4,1,4,10,5,1,2,1,0,1,0,0,2,1,3,3,8,14
"95",4,4,1,11,10,5,5,4,1,6,10,5,2,5,2,3,2,3,0,5,3,3,3,13,17
"96",5,6,1,11,10,5,10,4,1,11,10,5,5,2,0,0,5,3,3,2,5,1,3,15,22
"97",6,9,1,11,10,5,13,6,1,11,10,5,10,3,3,0,3,0,0,3,3,1,3,18,25
"98",7,9,1,16,10,8,19,9,1,11,10,5,13,3,6,5,3,6,0,5,6,3,3,23,34
"99",8,9,1,19,10,13,19,9,1,16,10,8,19,3,0,0,5,2,5,3,5,3,2,26,39
"100",9,9,1,24,10,15,19,9,1,19,10,13,19,2,5,0,2,0,0,5,2,3,2,31,41
"101",10,9,1,29,10,18,19,9,1,24,10,15,19,5,3,2,3,2,0,5,3,3,2,36,44
"102",11,9,3,1,15,18,19,9,1,29,10,18,19,2,0,0,1,3,4,2,1,2,1,10,49
"103",12,9,3,1,15,18,19,9,3,1,15,18,19,3,4,0,NA,0,0,0,0,0,0,10,49
"104",0,0,0,0,0,0,0,0,0,0,0,0,0,0,0,0,0,0,0,0,0,0,0,0,0
"105",1,1,1,4,1,1,3,1,1,1,1,1,1,2,4,3,2,4,0,3,2,3,3,3,2
"106",2,5,1,4,1,1,7,1,1,4,1,1,3,4,0,0,4,4,3,4,4,1,3,7,6
"107",3,5,5,4,1,1,10,5,1,4,1,1,7,4,3,0,3,0,0,4,3,2,3,11,9
"108",4,5,10,4,1,5,10,5,5,4,1,1,10,1,5,4,1,4,0,5,4,2,2,16,13
"109",5,5,11,4,9,5,10,5,10,4,1,5,10,1,0,0,1,6,3,1,6,2,1,17,21
"110",6,5,11,7,10,5,10,5,11,4,9,5,10,1,3,0,1,0,0,3,1,3,1,20,22
"111",7,5,13,7,10,5,13,5,11,7,10,5,10,3,2,2,3,2,0,2,3,2,3,22,25
"112",8,7,13,7,20,5,13,5,13,7,10,5,13,2,0,0,6,3,4,2,6,1,1,24,35
"113",9,7,13,10,20,9,13,7,13,7,20,5,13,3,4,0,4,0,0,3,4,3,2,27,39
"114",10,7,18,10,20,9,16,7,13,10,20,9,13,3,1,5,3,1,0,5,3,2,3,32,42
"115",11,8,18,10,21,9,16,7,18,10,20,9,16,1,0,0,1,4,5,1,1,1,1,33,43
"116",12,8,18,10,21,9,16,8,18,10,21,9,16,4,5,0,NA,0,0,0,0,0,0,33,43
"117",0,0,0,0,0,0,0,0,0,0,0,0,0,0,0,0,0,0,0,0,0,0,0,0,0
"118",1,5,1,1,1,1,4,1,1,1,1,1,1,1,3,4,1,3,0,4,3,1,3,4,3
"119",2,6,1,1,1,1,9,5,1,1,1,1,4,1,0,0,2,5,2,1,5,1,3,5,8
"120",3,8,1,1,1,1,11,6,1,1,1,1,9,2,2,0,2,0,0,2,2,1,3,7,10
"121",4,8,6,1,5,7,11,8,1,1,1,1,11,6,2,5,6,2,0,5,6,2,2,12,20
"122",5,10,6,1,11,9,11,8,6,1,5,7,11,2,0,0,6,2,1,2,6,1,1,14,28
"123",6,12,6,1,11,9,12,10,6,1,11,9,11,2,1,0,1,0,0,2,1,1,3,16,29
"124",7,17,6,1,11,11,12,12,6,1,11,9,12,2,5,3,2,3,0,5,2,1,2,21,31
"125",8,17,9,1,15,11,18,17,6,1,11,11,12,3,0,0,3,6,1,3,6,2,3,24,41
"126",9,17,10,1,15,14,18,17,9,1,15,11,18,3,1,0,3,0,0,1,3,2,2,25,44
"127",10,17,14,1,17,14,18,17,10,1,15,14,18,2,4,6,2,6,0,4,2,2,1,29,46
"128",11,17,25,1,20,14,18,17,14,1,17,14,18,6,0,0,3,4,5,6,3,2,1,40,49
"129",12,17,25,1,20,14,18,17,25,1,20,14,18,4,5,0,NA,0,0,0,0,0,0,40,49
"130",0,0,0,0,0,0,0,0,0,0,0,0,0,0,0,0,0,0,0,0,0,0,0,0,0
"131",1,1,1,6,6,1,1,1,1,1,1,1,1,5,4,5,4,5,0,5,5,3,1,5,5
"132",2,5,1,6,12,1,6,1,1,6,6,1,1,4,0,0,3,6,1,4,6,1,1,9,16
"133",3,5,4,6,13,1,6,5,1,6,12,1,6,3,1,0,1,0,0,3,1,2,1,12,17
"134",4,5,10,11,17,1,6,5,4,6,13,1,6,4,6,5,4,5,0,6,4,2,1,23,21
"135",5,10,10,11,19,1,12,5,10,11,17,1,6,5,0,0,3,6,1,5,6,1,3,28,29
"136",6,10,10,14,19,2,12,10,10,11,19,1,12,3,1,0,1,0,0,3,1,3,2,31,30
"137",7,10,12,14,22,2,12,10,10,14,19,2,12,2,3,1,3,1,0,2,3,2,1,33,33
"138",8,1,12,15,28,8,15,10,12,14,22,2,12,1,0,0,1,6,3,1,6,3,1,25,48
"139",9,4,12,15,28,9,15,1,12,15,28,8,15,1,3,0,1,0,0,3,1,1,2,28,49
"140",10,7,1,15,30,9,16,4,12,15,28,9,15,3,2,3,2,3,0,3,2,1,1,20,52
"141",11,7,1,18,33,9,16,7,1,15,30,9,16,3,0,0,3,3,5,3,3,3,1,23,55
"142",12,7,1,18,33,9,16,7,1,18,33,9,16,3,5,0,NA,0,0,0,0,0,0,23,55
"143",0,0,0,0,0,0,0,0,0,0,0,0,0,0,0,0,0,0,0,0,0,0,0,0,0
"144",1,1,1,3,3,1,1,1,1,1,1,1,1,1,2,2,1,2,0,2,2,3,1,2,2
"145",2,1,2,3,8,1,1,1,1,3,3,1,1,1,0,0,5,5,4,1,5,2,1,3,7
"146",3,1,7,3,8,5,1,1,2,3,8,1,1,5,4,0,4,0,0,5,4,2,2,8,11
"147",4,1,12,3,8,9,1,1,7,3,8,5,1,4,2,5,4,2,0,5,4,2,2,13,15
"148",5,1,14,3,8,11,1,1,12,3,8,9,1,2,0,0,2,4,2,2,2,2,2,15,17
"149",6,1,14,7,8,11,3,1,14,3,8,11,1,4,2,0,2,0,0,4,2,3,3,19,19
"150",7,1,14,9,8,13,3,1,14,7,8,11,3,1,2,2,1,2,0,2,2,3,2,21,21
"151",8,1,15,9,8,13,15,1,14,9,8,13,3,1,0,0,5,1,6,1,6,2,3,22,33
"152",9,1,20,9,8,14,15,1,15,9,8,13,15,5,1,0,1,0,0,5,1,2,2,27,34
"153",10,7,32,11,1,5,15,1,20,9,8,14,15,4,6,2,4,2,0,6,4,2,2,47,18
"154",11,9,32,11,5,5,15,7,32,11,1,5,15,2,0,0,4,3,4,2,4,1,1,49,22
"155",12,9,32,11,5,5,15,9,32,11,5,5,15,3,4,0,NA,0,0,0,0,0,0,49,22
"156",0,0,0,0,0,0,0,0,0,0,0,0,0,0,0,0,0,0,0,0,0,0,0,0,0
"157",1,1,6,1,1,1,5,1,1,1,1,1,1,2,5,4,2,4,0,5,4,2,3,5,4
"158",2,1,8,1,5,1,5,1,6,1,1,1,5,2,0,0,3,5,4,2,4,2,1,7,8
"159",3,1,8,6,8,1,5,1,8,1,5,1,5,3,5,0,3,0,0,5,3,3,1,12,11
"160",4,1,12,12,16,1,5,1,8,6,8,1,5,6,3,6,3,6,0,6,6,3,1,22,19
"161",5,4,12,12,21,1,5,1,12,12,16,1,5,3,0,0,6,1,5,3,5,1,1,25,24
"162",6,15,12,12,21,1,6,4,12,12,21,1,5,6,1,0,1,0,0,6,1,1,3,36,25
"163",7,15,16,18,24,1,6,15,12,12,21,1,6,2,3,6,2,3,0,6,3,3,1,46,28
"164",8,17,16,18,30,1,9,15,16,18,24,1,6,2,0,0,1,6,5,2,6,1,1,48,37
"165",9,22,16,18,30,2,9,17,16,18,30,1,9,1,5,0,1,0,0,5,1,1,2,53,38
"166",10,1,16,1,37,9,1,22,16,18,30,2,9,1,5,1,1,1,0,5,1,1,2,15,44
"167",11,2,16,1,39,11,1,1,16,1,37,9,1,1,0,0,2,5,3,1,2,1,1,16,86
"168",12,2,16,1,39,11,1,2,16,1,39,11,1,5,3,0,NA,0,0,0,0,0,0,16,86
"169",0,0,0,0,0,0,0,0,0,0,0,0,0,0,0,0,0,0,0,0,0,0,0,0,0
"170",1,4,1,1,5,1,1,1,1,1,1,1,1,3,4,1,4,1,0,3,4,1,1,3,4
"171",2,4,2,1,10,1,1,4,1,1,5,1,1,1,0,0,5,1,6,1,5,2,1,4,9
"172",3,11,2,1,10,2,1,4,2,1,10,1,1,1,6,0,1,0,0,6,1,1,2,11,10
"173",4,11,8,2,10,4,1,11,2,1,10,2,1,6,1,2,1,2,0,6,2,2,2,18,12
"174",5,12,8,2,10,4,5,11,8,2,10,4,1,1,0,0,3,3,4,1,4,1,3,19,16
"175",6,12,8,5,10,4,8,12,8,2,10,4,5,3,3,0,3,0,0,3,3,3,3,22,19
"176",7,12,12,5,14,4,8,12,8,5,10,4,8,4,4,2,4,2,0,4,4,2,1,26,23
"177",8,14,12,5,19,4,8,12,12,5,14,4,8,2,0,0,1,5,5,2,5,1,1,28,28
"178",9,19,12,5,19,5,8,14,12,5,19,4,8,1,5,0,1,0,0,5,1,1,2,33,29
"179",10,23,14,5,19,4,8,19,12,5,19,5,8,3,4,1,3,1,0,4,3,1,2,39,28
"180",11,24,14,5,20,4,8,23,14,5,19,4,8,1,0,0,1,1,3,1,1,1,1,40,29
"181",12,24,14,5,20,4,8,24,14,5,20,4,8,1,3,0,NA,0,0,0,0,0,0,40,29
"182",0,0,0,0,0,0,0,0,0,0,0,0,0,0,0,0,0,0,0,0,0,0,0,0,0
"183",1,1,7,2,6,1,1,1,1,1,1,1,1,6,5,1,5,1,0,6,5,2,1,7,5
"184",2,2,7,2,7,1,1,1,7,2,6,1,1,1,0,0,2,3,1,1,1,1,1,8,6
"185",3,5,7,2,7,1,3,2,7,2,7,1,1,2,3,0,2,0,0,3,2,1,3,11,8
"186",4,5,7,6,10,1,3,5,7,2,7,1,3,3,4,1,3,1,0,4,3,3,1,15,11
"187",5,5,7,7,14,1,9,5,7,6,10,1,3,1,0,0,6,6,4,1,6,3,3,16,21
"188",6,6,7,13,14,1,13,5,7,7,14,1,9,6,4,0,4,0,0,6,4,3,3,23,25
"189",7,7,13,13,14,1,18,6,7,13,14,1,13,5,5,6,5,5,0,6,5,2,3,30,30
"190",8,7,18,13,17,1,24,7,13,13,14,1,18,5,0,0,2,6,6,5,6,2,3,35,39
"191",9,9,18,19,17,3,24,7,18,13,17,1,24,2,6,0,2,0,0,6,2,3,2,43,41
"192",10,14,18,19,17,3,26,9,18,19,17,3,24,5,2,2,2,2,0,5,2,1,3,48,43
"193",11,16,18,19,17,3,27,14,18,19,17,3,26,2,0,0,3,1,2,2,1,1,3,50,44
"194",12,16,18,19,17,3,27,16,18,19,17,3,27,3,2,0,NA,0,0,0,0,0,0,50,44
"195",0,0,0,0,0,0,0,0,0,0,0,0,0,0,0,0,0,0,0,0,0,0,0,0,0
"196",1,7,4,1,5,1,1,1,1,1,1,1,1,4,2,6,4,2,0,6,4,1,1,9,4
"197",2,7,4,3,9,1,1,7,4,1,5,1,1,2,0,0,4,3,2,2,4,3,1,11,8
"198",3,7,7,3,9,1,3,7,4,3,9,1,1,3,2,0,2,0,0,3,2,2,3,14,10
"199",4,7,13,4,11,1,3,7,7,3,9,1,3,6,2,4,2,4,0,6,2,2,1,21,12
"200",5,11,13,4,17,7,3,7,13,4,11,1,3,4,0,0,6,2,6,4,6,1,2,25,24
"201",6,19,19,4,19,7,3,11,13,4,17,7,3,2,6,0,2,0,0,6,2,1,1,39,26
"202",7,19,19,9,19,12,3,19,19,4,19,7,3,5,5,3,5,3,0,5,5,3,2,44,31
"203",8,19,22,9,25,12,7,19,19,9,19,12,3,3,0,0,6,6,6,3,6,2,1,47,41
"204",9,19,22,18,35,12,7,19,22,9,25,12,7,6,6,0,6,0,0,6,6,3,1,56,51
"205",10,19,22,20,35,17,7,19,22,18,35,12,7,2,5,3,5,3,0,2,5,3,2,58,56
"206",11,19,30,20,39,26,1,19,22,20,35,17,7,3,0,0,5,3,4,3,4,2,1,66,101
"207",12,19,30,20,39,26,1,19,30,20,39,26,1,5,3,0,NA,0,0,0,0,0,0,66,101
"208",0,0,0,0,0,0,0,0,0,0,0,0,0,0,0,0,0,0,0,0,0,0,0,0,0
"209",1,1,3,7,2,1,1,1,1,1,1,1,1,6,1,1,1,1,0,6,1,3,1,8,1
"210",2,1,4,7,2,1,6,1,3,7,2,1,1,1,0,0,6,5,3,1,5,2,3,9,6
"211",3,4,10,7,2,1,9,1,4,7,2,1,6,6,3,0,3,0,0,6,3,2,3,18,9
"212",4,9,10,7,2,3,9,4,10,7,2,1,9,2,5,1,2,1,0,5,2,1,2,23,11
"213",5,10,10,7,2,3,14,9,10,7,2,3,9,1,0,0,5,3,3,1,5,1,3,24,16
"214",6,13,10,7,2,3,17,10,10,7,2,3,14,3,3,0,3,0,0,3,3,1,3,27,19
"215",7,19,12,7,2,10,17,13,10,7,2,3,17,3,6,6,3,6,0,6,6,1,2,35,26
"216",8,19,12,10,2,14,17,19,12,7,2,10,17,3,0,0,4,1,4,3,4,3,2,38,30
"217",9,19,16,10,2,15,17,19,12,10,2,14,17,1,4,0,1,0,0,4,1,2,2,42,31
"218",10,19,16,14,2,17,17,19,16,10,2,15,17,4,2,1,2,1,0,4,2,3,2,46,33
"219",11,1,16,20,4,20,17,19,16,14,2,17,17,1,0,0,2,5,3,1,3,1,1,34,38
"220",12,1,16,20,4,20,17,1,16,20,4,20,17,2,5,0,NA,0,0,0,0,0,0,34,38
"221",0,0,0,0,0,0,0,0,0,0,0,0,0,0,0,0,0,0,0,0,0,0,0,0,0
"222",1,7,6,1,4,1,1,1,1,1,1,1,1,3,3,6,3,3,0,6,3,1,1,11,3
"223",2,10,6,1,8,1,1,7,6,1,4,1,1,3,0,0,5,4,4,3,4,1,1,14,7
"224",3,10,6,5,13,1,1,10,6,1,8,1,1,5,4,0,5,0,0,4,5,3,1,18,12
"225",4,13,6,5,18,1,1,10,6,5,13,1,1,5,3,3,5,3,0,3,5,1,1,21,17
"226",5,16,6,5,22,1,1,13,6,5,18,1,1,3,0,0,4,2,1,3,4,1,1,24,21
"227",6,16,6,6,22,1,3,16,6,5,22,1,1,2,1,0,2,0,0,1,2,3,3,25,23
"228",7,16,10,6,26,1,3,16,6,6,22,1,3,4,3,4,3,4,0,4,4,2,1,29,27
"229",8,19,10,6,31,1,3,16,10,6,26,1,3,3,0,0,1,5,4,3,5,1,1,32,32
"230",9,19,10,10,31,1,4,19,10,6,31,1,3,1,4,0,1,0,0,4,1,3,3,36,33
"231",10,19,10,14,31,1,6,19,10,10,31,1,4,4,2,2,2,2,0,4,2,3,3,40,35
"232",11,19,12,1,34,1,6,19,10,14,31,1,6,2,0,0,3,1,1,2,1,2,1,29,38
"233",12,19,12,1,34,1,6,19,12,1,34,1,6,3,1,0,NA,0,0,0,0,0,0,29,38
"234",0,0,0,0,0,0,0,0,0,0,0,0,0,0,0,0,0,0,0,0,0,0,0,0,0
"235",1,1,6,1,6,1,1,1,1,1,1,1,1,5,3,5,3,5,0,5,5,2,1,5,5
"236",2,4,6,1,10,1,13,1,6,1,6,1,1,3,0,0,6,5,2,3,6,1,3,8,21
"237",3,4,11,1,12,1,13,4,6,1,10,1,13,5,2,0,2,0,0,5,2,2,1,13,23
"238",4,4,16,1,17,7,13,4,11,1,12,1,13,3,6,5,3,6,0,5,6,2,2,18,34
"239",5,4,19,1,17,7,17,4,16,1,17,7,13,3,0,0,2,5,4,3,4,2,3,21,38
"240",6,4,19,3,17,12,17,4,19,1,17,7,17,2,5,0,5,0,0,2,5,3,2,23,43
"241",7,4,36,1,26,12,17,4,19,3,17,12,17,4,1,6,4,1,0,6,4,2,1,38,52
"242",8,5,36,1,32,13,17,4,36,1,26,12,17,1,0,0,4,6,5,1,6,1,1,39,59
"243",9,10,36,1,36,13,17,5,36,1,32,13,17,4,5,0,4,0,0,5,4,1,1,44,63
"244",10,12,36,1,36,19,22,10,36,1,36,13,17,6,6,2,6,6,0,2,6,1,2,46,74
"245",11,18,37,7,36,24,22,12,36,1,36,19,22,6,0,0,5,5,1,6,5,1,2,59,79
"246",12,18,37,7,36,24,22,18,37,7,36,24,22,5,1,0,NA,0,0,0,0,0,0,59,79
"247",0,0,0,0,0,0,0,0,0,0,0,0,0,0,0,0,0,0,0,0,0,0,0,0,0
"248",1,6,1,1,9,1,1,1,1,1,1,1,1,6,5,5,6,5,0,5,6,1,1,5,8
"249",2,6,1,6,9,4,1,6,1,1,9,1,1,5,0,0,3,3,1,5,3,3,2,10,11
"250",3,6,4,6,10,4,1,6,1,6,9,4,1,3,1,0,1,0,0,3,1,2,1,13,12
"251",4,12,10,6,15,4,1,6,4,6,10,4,1,5,6,4,5,4,0,6,5,2,1,25,17
"252",5,12,10,10,19,4,1,12,10,6,15,4,1,4,0,0,4,6,4,4,4,3,1,29,21
"253",6,22,11,10,19,5,1,12,10,10,19,4,1,6,4,0,4,0,0,6,4,1,2,40,22
"254",7,22,11,14,24,5,1,22,11,10,19,5,1,4,4,5,4,5,0,4,5,3,1,44,27
"255",8,1,15,14,24,7,4,22,11,14,24,5,1,4,0,0,3,2,3,4,3,2,3,27,32
"256",9,1,15,17,26,7,4,1,15,14,24,7,4,2,3,0,2,0,0,3,2,3,1,30,34
"257",10,6,15,17,26,7,6,1,15,17,26,7,4,5,2,1,2,1,0,5,2,1,3,35,36
"258",11,7,15,17,38,11,6,6,15,17,26,7,6,1,0,0,3,5,6,1,6,1,1,36,52
"259",12,7,15,17,38,11,6,7,15,17,38,11,6,3,5,0,NA,0,0,0,0,0,0,36,52
"260",0,0,0,0,0,0,0,0,0,0,0,0,0,0,0,0,0,0,0,0,0,0,0,0,0
"261",1,1,5,1,1,3,1,1,1,1,1,1,1,2,2,4,2,2,0,4,2,2,2,4,2
"262",2,1,5,3,2,9,1,1,5,1,1,3,1,2,0,0,6,3,1,2,6,3,2,6,9
"263",3,4,5,3,2,9,2,1,5,3,2,9,1,3,1,0,1,0,0,3,1,1,3,9,10
"264",4,6,5,3,2,9,6,4,5,3,2,9,2,2,4,3,4,3,0,2,4,1,3,11,14
"265",5,9,5,3,2,12,6,6,5,3,2,9,6,3,0,0,3,6,6,3,3,1,2,14,17
"266",6,15,10,3,6,18,6,9,5,3,2,12,6,6,6,0,6,0,0,6,6,1,2,25,27
"267",7,18,10,9,11,18,6,15,10,3,6,18,6,3,5,6,3,5,0,6,5,3,1,34,32
"268",8,18,10,12,11,24,13,18,10,9,11,18,6,3,0,0,6,5,3,3,6,3,3,37,45
"269",9,18,15,12,11,27,13,18,10,12,11,24,13,5,3,0,3,0,0,5,3,2,2,42,48
"270",10,18,19,12,17,27,19,18,15,12,11,27,13,4,4,6,4,6,0,4,6,2,3,46,60
"271",11,18,23,12,25,27,19,18,19,12,17,27,19,4,0,0,6,6,1,4,6,2,1,50,68
"272",12,18,23,12,25,27,19,18,23,12,25,27,19,6,1,0,NA,0,0,0,0,0,0,50,68
"273",0,0,0,0,0,0,0,0,0,0,0,0,0,0,0,0,0,0,0,0,0,0,0,0,0
"274",1,7,1,9,1,1,5,1,1,1,1,1,1,2,4,6,2,4,0,6,4,1,3,14,4
"275",2,7,3,9,1,5,5,7,1,9,1,1,5,2,0,0,4,4,5,2,4,2,2,16,8
"276",3,12,3,9,5,5,5,7,3,9,1,5,5,4,5,0,4,0,0,5,4,1,1,21,12
"277",4,12,3,12,5,6,5,12,3,9,5,5,5,3,1,2,1,2,0,3,1,3,2,24,13
"278",5,14,3,12,17,6,10,12,3,12,5,6,5,2,0,0,4,4,6,2,6,1,1,26,30
"279",6,14,7,12,21,6,10,14,3,12,17,6,10,4,4,0,4,0,0,4,4,2,1,30,34
"280",7,18,7,12,21,11,10,14,7,12,21,6,10,5,5,4,5,5,0,4,5,1,2,34,39
"281",8,23,7,12,21,11,15,18,7,12,21,11,10,5,0,0,2,4,5,5,5,1,3,39,44
"282",9,27,7,12,21,11,17,23,7,12,21,11,15,2,4,0,2,0,0,4,2,1,3,43,46
"283",10,27,7,17,21,16,23,27,7,12,21,11,17,5,6,4,6,4,0,5,6,3,3,48,57
"284",11,31,7,17,26,16,23,27,7,17,21,16,23,4,0,0,5,5,5,4,5,1,1,52,62
"285",12,31,7,17,26,16,23,31,7,17,26,16,23,5,5,0,NA,0,0,0,0,0,0,52,62
"286",0,0,0,0,0,0,0,0,0,0,0,0,0,0,0,0,0,0,0,0,0,0,0,0,0
"287",1,4,1,1,1,1,2,1,1,1,1,1,1,1,2,3,1,2,0,3,1,1,3,3,1
"288",2,6,1,1,1,3,2,4,1,1,1,1,2,2,0,0,1,2,1,2,2,1,2,5,3
"289",3,6,1,2,1,4,2,6,1,1,1,3,2,1,1,0,1,0,0,1,1,3,2,6,4
"290",4,6,4,2,1,4,5,6,1,2,1,4,2,1,3,3,1,3,0,3,3,2,3,9,7
"291",5,7,4,2,1,8,5,6,4,2,1,4,5,1,0,0,5,4,2,1,4,1,2,10,11
"292",6,12,4,2,1,10,5,7,4,2,1,8,5,5,2,0,2,0,0,5,2,1,2,15,13
"293",7,18,7,2,5,10,5,12,4,2,1,10,5,6,2,4,2,4,0,6,4,1,1,24,17
"294",8,18,7,4,5,15,5,18,7,2,5,10,5,2,0,0,5,5,6,2,5,3,2,26,22
"295",9,18,10,16,5,20,5,18,7,4,5,15,5,5,6,0,5,0,0,6,5,3,2,41,27
"296",10,18,16,17,9,20,5,18,10,16,5,20,5,6,5,4,5,4,0,6,4,2,1,48,31
"297",11,18,16,22,12,20,5,18,16,17,9,20,5,5,0,0,6,5,3,5,3,3,1,53,34
"298",12,18,16,22,12,20,5,18,16,22,12,20,5,6,5,0,NA,0,0,0,0,0,0,53,34
"299",0,0,0,0,0,0,0,0,0,0,0,0,0,0,0,0,0,0,0,0,0,0,0,0,0
"300",1,7,6,7,6,1,1,1,1,1,1,1,1,1,5,6,1,5,0,6,5,3,1,17,5
"301",2,7,7,7,6,6,1,7,6,7,6,1,1,1,0,0,6,5,1,1,5,2,2,18,10
"302",3,11,13,13,7,6,1,7,7,7,6,6,1,6,1,0,1,0,0,6,1,3,1,34,11
"303",4,11,19,17,7,11,1,11,13,13,7,6,1,5,1,6,5,1,0,6,5,2,2,44,16
"304",5,11,20,17,11,17,1,11,19,17,7,11,1,1,0,0,6,6,4,1,6,2,2,45,26
"305",6,17,20,18,11,21,1,11,20,17,11,17,1,6,4,0,4,0,0,6,4,1,2,52,30
"306",7,17,20,19,11,37,1,17,20,18,11,21,1,6,1,4,6,4,0,1,6,3,2,53,46
"307",8,1,1,19,25,37,3,17,20,19,11,37,1,4,0,0,1,4,1,4,1,1,3,18,62
"308",9,1,1,23,25,38,3,1,1,19,25,37,3,4,1,0,1,0,0,4,1,3,2,22,63
"309",10,1,4,23,29,38,3,1,1,23,25,38,3,4,3,4,4,4,0,3,4,2,1,25,67
"310",11,1,8,23,34,38,3,1,4,23,29,38,3,4,0,0,5,2,2,4,5,2,1,29,72
"311",12,1,8,23,34,38,3,1,8,23,34,38,3,2,2,0,NA,0,0,0,0,0,0,29,72
"312",0,0,0,0,0,0,0,0,0,0,0,0,0,0,0,0,0,0,0,0,0,0,0,0,0
"313",1,4,1,1,1,5,1,1,1,1,1,1,1,1,3,4,1,4,0,3,4,1,2,3,4
"314",2,5,1,1,1,7,7,4,1,1,1,5,1,1,0,0,6,1,2,1,6,1,3,4,12
"315",3,5,1,3,1,7,8,5,1,1,1,7,7,1,2,0,1,0,0,2,1,3,3,6,13
"316",4,5,7,8,1,9,14,5,1,3,1,7,8,6,6,6,6,6,0,6,6,2,3,17,21
"317",5,8,13,8,1,11,20,5,7,8,1,9,14,6,0,0,6,6,3,6,6,2,3,26,29
"318",6,14,18,8,1,11,23,8,13,8,1,11,20,6,3,0,3,0,0,6,3,1,3,37,32
"319",7,1,18,8,7,11,33,14,18,8,1,11,23,5,6,6,5,6,0,6,6,1,1,24,48
"320",8,6,18,8,12,11,39,1,18,8,7,11,33,5,0,0,1,6,2,5,6,1,3,29,97
"321",9,7,18,8,14,11,39,6,18,8,12,11,39,1,2,0,2,0,0,1,2,1,1,30,99
"322",10,11,18,8,15,11,39,7,18,8,14,11,39,4,1,1,1,1,0,4,1,1,1,34,100
"323",11,12,18,8,20,11,39,11,18,8,15,11,39,1,0,0,5,5,4,1,5,1,1,35,105
"324",12,12,18,8,20,11,39,12,18,8,20,11,39,5,4,0,NA,0,0,0,0,0,0,35,105
"325",0,0,0,0,0,0,0,0,0,0,0,0,0,0,0,0,0,0,0,0,0,0,0,0,0
"326",1,1,1,6,1,6,1,1,1,1,1,1,1,5,5,5,5,5,0,5,5,3,2,5,5
"327",2,1,6,6,1,6,6,1,1,6,1,6,1,5,0,0,6,5,3,5,5,2,3,10,10
"328",3,1,12,9,1,9,6,1,6,6,1,6,6,6,3,0,3,0,0,6,3,2,2,19,13
"329",4,1,14,9,1,13,6,1,12,9,1,9,6,2,1,4,1,4,0,2,4,2,2,21,17
"330",5,2,14,9,1,13,10,1,14,9,1,13,6,1,0,0,3,1,4,1,4,1,3,22,21
"331",6,2,14,12,2,13,10,2,14,9,1,13,10,3,1,0,1,0,0,3,1,3,1,25,22
"332",7,2,15,18,2,13,14,2,14,12,2,13,10,2,6,4,2,4,0,6,4,3,3,32,26
"333",8,2,17,18,2,13,19,2,15,18,2,13,14,2,0,0,5,4,5,2,5,2,3,34,31
"334",9,7,17,18,2,13,23,2,17,18,2,13,19,4,5,0,4,0,0,5,4,1,3,39,35
"335",10,12,17,18,2,13,26,7,17,18,2,13,23,1,5,3,1,3,0,5,3,1,3,44,38
"336",11,12,17,19,14,14,26,12,17,18,2,13,26,1,0,0,6,3,1,1,6,3,1,45,51
"337",12,12,17,19,14,14,26,12,17,19,14,14,26,3,1,0,NA,0,0,0,0,0,0,45,51
"338",0,0,0,0,0,0,0,0,0,0,0,0,0,0,0,0,0,0,0,0,0,0,0,0,0
"339",1,3,1,1,1,5,1,1,1,1,1,1,1,4,4,2,4,4,0,2,4,1,2,2,4
"340",2,3,5,1,7,7,7,3,1,1,1,5,1,4,0,0,6,2,2,4,6,2,1,6,18
"341",3,3,5,3,9,7,7,3,5,1,7,7,7,2,2,0,2,0,0,2,2,3,1,8,20
"342",4,3,10,3,9,13,11,3,5,3,9,7,7,6,4,5,6,4,0,5,6,2,2,13,30
"343",5,7,10,3,13,13,11,3,10,3,9,13,11,4,0,0,1,4,2,4,4,1,1,17,34
"344",6,9,10,3,13,14,11,7,10,3,13,13,11,1,2,0,1,0,0,2,1,1,2,19,35
"345",7,9,13,3,13,14,16,9,10,3,13,14,11,3,4,5,4,5,0,3,5,2,3,22,40
"346",8,9,13,7,19,22,16,9,13,3,13,14,16,4,0,0,6,4,1,4,6,3,1,26,54
"347",9,10,13,7,23,22,16,9,13,7,19,22,16,4,1,0,4,0,0,1,4,1,1,27,58
"348",10,10,17,7,23,22,20,10,13,7,23,22,16,4,4,6,4,6,0,4,4,2,3,31,62
"349",11,22,22,7,23,22,24,10,17,7,23,22,20,6,0,0,4,6,4,6,4,1,3,48,66
"350",12,22,22,7,23,22,24,22,22,7,23,22,24,6,4,0,NA,0,0,0,0,0,0,48,66
"351",0,0,0,0,0,0,0,0,0,0,0,0,0,0,0,0,0,0,0,0,0,0,0,0,0
"352",1,1,1,9,1,6,1,1,1,1,1,1,1,3,5,6,3,5,0,6,5,3,2,8,5
"353",2,1,4,9,6,6,1,1,1,9,1,6,1,3,0,0,2,5,2,3,5,2,1,11,10
"354",3,3,4,9,6,6,3,1,4,9,6,6,1,2,2,0,2,0,0,2,2,1,3,13,12
"355",4,3,4,10,6,9,3,3,4,9,6,6,3,3,2,1,3,2,0,1,3,3,2,14,15
"356",5,3,6,10,10,9,3,3,4,10,6,9,3,2,0,0,1,1,4,2,4,2,1,16,19
"357",6,4,6,10,11,9,3,3,6,10,10,9,3,1,1,0,1,0,0,1,1,1,1,17,20
"358",7,10,11,10,14,15,3,4,6,10,11,9,3,6,6,5,6,5,0,6,6,1,2,28,29
"359",8,15,11,10,14,24,3,10,11,10,14,15,3,5,0,0,3,6,4,5,6,1,2,33,38
"360",9,15,11,14,14,24,6,15,11,10,14,24,3,3,4,0,3,0,0,4,3,3,3,37,41
"361",10,15,11,19,20,24,8,15,11,14,14,24,6,6,5,3,6,3,0,5,6,3,1,42,49
"362",11,18,11,19,22,24,8,15,11,19,20,24,8,3,0,0,2,1,1,3,2,1,1,45,51
"363",12,18,11,19,22,24,8,18,11,19,22,24,8,1,1,0,NA,0,0,0,0,0,0,45,51
"364",0,0,0,0,0,0,0,0,0,0,0,0,0,0,0,0,0,0,0,0,0,0,0,0,0
"365",1,5,1,1,6,1,1,1,1,1,1,1,1,3,4,5,3,5,0,4,5,1,1,4,5
"366",2,8,1,1,6,4,1,5,1,1,6,1,1,3,0,0,2,4,3,3,3,1,2,7,8
"367",3,8,5,1,8,4,1,8,1,1,6,4,1,2,4,0,2,0,0,4,2,2,1,11,10
"368",4,8,9,1,13,4,1,8,5,1,8,4,1,5,3,4,5,3,0,4,5,2,1,15,15
"369",5,8,9,4,13,4,9,8,9,1,13,4,1,3,0,0,3,6,2,3,6,3,3,18,23
"370",6,8,12,4,15,4,9,8,9,4,13,4,9,3,2,0,2,0,0,3,2,2,1,21,25
"371",7,8,12,8,16,4,15,8,12,4,15,4,9,4,6,1,6,1,0,4,6,3,3,25,32
"372",8,8,13,8,16,4,16,8,12,8,16,4,15,1,0,0,6,6,1,1,1,2,3,26,33
"373",9,8,21,8,24,4,16,8,13,8,16,4,16,6,6,0,6,0,0,6,6,2,1,34,41
"374",10,8,30,8,24,6,16,8,21,8,24,4,16,5,1,3,5,3,0,1,5,2,2,43,43
"375",11,8,33,8,24,11,22,8,30,8,24,6,16,3,0,0,6,3,1,3,6,2,3,46,54
"376",12,8,33,8,24,11,22,8,33,8,24,11,22,3,1,0,NA,0,0,0,0,0,0,46,54
"377",0,0,0,0,0,0,0,0,0,0,0,0,0,0,0,0,0,0,0,0,0,0,0,0,0
"378",1,4,7,1,10,1,1,1,1,1,1,1,1,6,6,2,6,2,0,6,6,2,1,9,9
"379",2,6,7,1,16,5,1,4,7,1,10,1,1,2,0,0,6,4,1,2,6,1,1,11,19
"380",3,10,7,1,16,5,2,6,7,1,16,5,1,4,1,0,1,0,0,4,1,1,3,15,20
"381",4,10,10,1,17,5,2,10,7,1,16,5,2,2,1,3,2,1,0,3,1,2,1,18,21
"382",5,10,10,3,18,11,8,10,10,1,17,5,2,2,0,0,6,4,6,2,6,3,3,20,34
"383",6,21,10,3,18,11,12,10,10,3,18,11,8,4,6,0,4,0,0,6,4,1,3,31,38
"384",7,26,10,3,18,15,12,21,10,3,18,11,12,4,2,5,4,2,0,5,4,1,2,36,42
"385",8,26,12,3,18,15,16,26,10,3,18,15,12,2,0,0,4,4,3,2,4,2,3,38,46
"386",9,26,16,3,18,18,16,26,12,3,18,15,16,4,3,0,3,0,0,4,3,2,2,42,49
"387",10,26,16,1,25,18,16,26,16,3,18,18,16,3,6,1,6,1,0,3,6,3,1,40,56
"388",11,27,16,1,26,18,16,26,16,1,25,18,16,1,0,0,1,1,2,1,1,1,1,41,57
"389",12,27,16,1,26,18,16,27,16,1,26,18,16,1,2,0,NA,0,0,0,0,0,0,41,57
"390",0,0,0,0,0,0,0,0,0,0,0,0,0,0,0,0,0,0,0,0,0,0,0,0,0
"391",1,6,1,1,1,6,1,1,1,1,1,1,1,5,5,5,5,5,0,5,5,1,2,5,5
"392",2,6,1,6,3,6,1,6,1,1,1,6,1,5,0,0,4,2,1,5,2,3,1,10,7
"393",3,6,5,6,4,6,1,6,1,6,3,6,1,4,1,0,1,0,0,4,1,2,1,14,8
"394",4,10,5,6,4,7,1,6,5,6,4,6,1,4,3,1,3,1,0,4,1,1,2,18,9
"395",5,10,8,6,4,12,1,10,5,6,4,7,1,3,0,0,1,2,5,3,5,2,2,21,14
"396",6,10,8,7,4,12,3,10,8,6,4,12,1,1,2,0,2,0,0,1,2,3,3,22,16
"397",7,10,8,9,4,14,3,10,8,7,4,12,3,2,1,2,1,2,0,2,2,3,2,24,18
"398",8,10,9,9,4,14,7,10,8,9,4,14,3,1,0,0,4,1,1,1,4,2,3,25,22
"399",9,11,9,9,4,15,7,10,9,9,4,14,7,1,1,0,1,0,0,1,1,1,2,26,23
"400",10,16,9,9,4,19,7,11,9,9,4,15,7,5,3,4,3,4,0,5,4,1,2,31,27
"401",11,19,9,9,4,20,7,16,9,9,4,19,7,3,0,0,3,3,1,3,1,1,2,34,28
"402",12,19,9,9,4,20,7,19,9,9,4,20,7,3,3,0,NA,0,0,0,0,0,0,34,28
"403",0,0,0,0,0,0,0,0,0,0,0,0,0,0,0,0,0,0,0,0,0,0,0,0,0
"404",1,3,1,7,1,2,1,1,1,1,1,1,1,1,1,6,1,1,0,6,1,3,2,8,1
"405",2,3,1,8,1,2,6,3,1,7,1,2,1,1,0,0,5,5,2,1,5,3,3,9,6
"406",3,3,6,8,3,2,6,3,1,8,1,2,6,5,2,0,2,0,0,5,2,2,1,14,8
"407",4,9,9,8,7,2,6,3,6,8,3,2,6,2,6,4,2,4,0,6,4,1,1,23,12
"408",5,9,9,10,7,7,6,9,9,8,7,2,6,2,0,0,3,3,5,2,5,3,2,25,17
"409",6,9,12,10,10,7,6,9,9,10,7,7,6,3,3,0,3,0,0,3,3,2,1,28,20
"410",7,14,12,10,10,9,6,9,12,10,10,7,6,2,5,1,2,1,0,5,2,1,2,33,22
"411",8,14,13,10,13,9,6,14,12,10,10,9,6,1,0,0,6,3,2,1,3,2,1,34,25
"412",9,14,19,11,13,11,6,14,13,10,13,9,6,6,2,0,2,0,0,6,2,2,2,41,27
"413",10,14,19,12,13,11,10,14,19,11,13,11,6,1,4,2,4,2,0,1,4,3,3,42,31
"414",11,14,21,12,14,11,10,14,19,12,13,11,10,2,0,0,1,5,3,2,1,2,1,44,32
"415",12,14,21,12,14,11,10,14,21,12,14,11,10,5,3,0,NA,0,0,0,0,0,0,44,32
"416",0,0,0,0,0,0,0,0,0,0,0,0,0,0,0,0,0,0,0,0,0,0,0,0,0
"417",1,1,1,3,1,1,6,1,1,1,1,1,1,5,3,2,5,3,0,2,5,3,3,2,5
"418",2,4,1,3,7,1,7,1,1,3,1,1,6,3,0,0,2,6,1,3,6,1,1,5,12
"419",3,6,1,3,7,2,7,4,1,3,7,1,7,2,1,0,1,0,0,2,1,1,2,7,13
"420",4,6,6,3,7,6,7,6,1,3,7,2,7,2,4,5,2,4,0,5,4,2,2,12,17
"421",5,6,6,5,12,6,7,6,6,3,7,6,7,2,0,0,4,4,5,2,5,3,1,14,22
"422",6,6,10,5,16,6,7,6,6,5,12,6,7,4,4,0,4,0,0,4,4,2,1,18,26
"423",7,6,10,10,16,6,12,6,10,5,16,6,7,1,5,5,1,5,0,5,5,3,3,23,31
"424",8,7,10,10,19,6,18,6,10,10,16,6,12,1,0,0,5,6,3,1,6,1,3,24,40
"425",9,7,15,10,19,9,18,7,10,10,19,6,18,5,3,0,3,0,0,5,3,2,2,29,43
"426",10,7,20,10,19,13,18,7,15,10,19,9,18,2,4,5,2,4,0,5,4,2,2,34,47
"427",11,9,20,10,22,13,18,7,20,10,19,13,18,2,0,0,3,2,1,2,3,1,1,36,50
"428",12,9,20,10,22,13,18,9,20,10,22,13,18,2,1,0,NA,0,0,0,0,0,0,36,50
"429",0,0,0,0,0,0,0,0,0,0,0,0,0,0,0,0,0,0,0,0,0,0,0,0,0
"430",1,6,1,1,4,1,1,1,1,1,1,1,1,3,5,4,3,4,0,5,3,1,1,5,3
"431",2,10,1,1,9,1,1,6,1,1,4,1,1,4,0,0,2,1,5,4,5,1,1,9,8
"432",3,10,1,3,9,2,1,10,1,1,9,1,1,2,1,0,1,0,0,2,1,3,2,11,9
"433",4,10,1,8,9,6,1,10,1,3,9,2,1,5,4,4,4,4,0,5,4,3,2,16,13
"434",5,10,5,8,11,12,1,10,1,8,9,6,1,4,0,0,4,5,6,4,6,2,2,20,21
"435",6,15,5,8,15,12,1,10,5,8,11,12,1,4,5,0,4,0,0,5,4,1,1,25,25
"436",7,15,7,8,15,16,1,15,5,8,15,12,1,2,4,1,4,1,0,2,4,2,2,27,29
"437",8,15,7,9,20,16,1,15,7,8,15,16,1,1,0,0,3,5,2,1,5,3,1,28,34
"438",9,15,10,9,20,18,1,15,7,9,20,16,1,3,2,0,2,0,0,3,2,2,2,31,36
"439",10,15,15,9,26,26,1,15,10,9,20,18,1,2,6,5,2,6,0,5,6,2,1,36,50
"440",11,15,17,9,26,26,12,15,15,9,26,26,1,2,0,0,5,6,2,2,6,2,3,38,61
"441",12,15,17,9,26,26,12,15,17,9,26,26,12,5,2,0,NA,0,0,0,0,0,0,38,61
"442",0,0,0,0,0,0,0,0,0,0,0,0,0,0,0,0,0,0,0,0,0,0,0,0,0
"443",1,2,1,1,1,1,5,1,1,1,1,1,1,4,1,3,4,3,0,1,4,1,3,1,4
"444",2,2,1,4,1,1,10,2,1,1,1,1,5,3,0,0,2,1,5,3,5,3,3,4,9
"445",3,3,1,4,3,1,10,2,1,4,1,1,10,2,1,0,2,0,0,1,2,1,1,5,11
"446",4,3,1,8,3,6,10,3,1,4,3,1,10,4,5,3,5,3,0,4,5,3,2,9,16
"447",5,3,1,11,3,10,10,3,1,8,3,6,10,3,0,0,4,3,6,3,4,3,2,12,20
"448",6,3,1,20,3,13,10,3,1,11,3,10,10,3,6,0,3,0,0,6,3,3,2,21,23
"449",7,3,6,20,7,13,10,3,1,20,3,13,10,4,5,2,4,2,0,5,4,2,1,26,27
"450",8,3,6,22,7,17,10,3,6,20,7,13,10,2,0,0,4,4,3,2,4,3,2,28,31
"451",9,1,6,26,1,21,15,3,6,22,7,17,10,4,3,0,4,0,0,3,4,3,2,30,34
"452",10,3,6,28,4,1,15,1,6,26,1,21,15,3,2,1,3,1,0,2,3,1,1,34,17
"453",11,4,6,1,14,1,15,3,6,28,4,1,15,1,0,0,4,3,6,1,6,1,1,8,27
"454",12,4,6,1,14,1,15,4,6,1,14,1,15,4,3,0,NA,0,0,0,0,0,0,8,27
"455",0,0,0,0,0,0,0,0,0,0,0,0,0,0,0,0,0,0,0,0,0,0,0,0,0
"456",1,1,2,7,1,1,2,1,1,1,1,1,1,1,6,1,1,1,0,6,1,3,3,7,1
"457",2,1,2,8,1,1,7,1,2,7,1,1,2,1,0,0,6,5,1,1,5,3,3,8,6
"458",3,7,2,11,1,2,7,1,2,8,1,1,7,6,1,0,1,0,0,6,1,1,2,17,7
"459",4,7,7,11,1,2,9,7,2,11,1,2,7,5,2,2,2,2,0,5,2,2,3,22,9
"460",5,7,7,13,1,5,9,7,7,11,1,2,9,2,0,0,4,3,3,2,3,3,2,24,12
"461",6,7,11,13,1,8,9,7,7,13,1,5,9,4,3,0,3,0,0,4,3,2,2,28,15
"462",7,12,11,13,1,9,9,7,11,13,1,8,9,1,5,3,1,3,0,5,1,1,2,33,16
"463",8,15,11,13,1,12,9,12,11,13,1,9,9,3,0,0,1,3,1,3,3,1,2,36,19
"464",9,16,11,13,1,13,9,15,11,13,1,12,9,1,1,0,1,0,0,1,1,1,2,37,20
"465",10,18,17,13,1,13,11,16,11,13,1,13,9,2,6,3,2,3,0,6,2,2,3,45,22
"466",11,18,17,16,2,13,11,18,17,13,1,13,11,3,0,0,4,2,1,3,1,3,1,48,23
"467",12,18,17,16,2,13,11,18,17,16,2,13,11,4,2,0,NA,0,0,0,0,0,0,48,23
"468",0,0,0,0,0,0,0,0,0,0,0,0,0,0,0,0,0,0,0,0,0,0,0,0,0
"469",1,1,5,1,1,5,1,1,1,1,1,1,1,4,3,4,3,4,0,4,4,2,2,4,4
"470",2,1,5,4,5,5,1,1,5,1,1,5,1,3,0,0,6,4,1,3,4,3,1,7,8
"471",3,7,13,4,6,5,1,1,5,4,5,5,1,6,1,0,1,0,0,6,1,1,1,21,9
"472",4,12,13,4,10,5,1,7,13,4,6,5,1,4,2,5,4,2,0,5,4,1,1,26,13
"473",5,12,15,4,10,5,6,12,13,4,10,5,1,2,0,0,6,1,5,2,5,2,3,28,18
"474",6,15,15,16,11,5,6,12,15,4,10,5,6,6,1,0,1,0,0,6,1,3,1,43,19
"475",7,21,15,21,21,5,6,15,15,16,11,5,6,6,4,6,4,6,0,6,6,1,1,54,29
"476",8,1,15,21,26,7,6,21,15,21,21,5,6,4,0,0,2,3,2,4,2,1,2,34,36
"477",9,1,15,28,28,1,1,1,15,21,26,7,6,3,2,0,2,0,0,3,2,3,1,41,27
"478",10,3,15,28,28,1,2,1,15,28,28,1,1,1,2,2,1,2,0,2,1,1,3,43,28
"479",11,3,17,28,39,4,2,3,15,28,28,1,2,2,0,0,5,6,3,2,6,2,1,45,80
"480",12,3,17,28,39,4,2,3,17,28,39,4,2,5,3,0,NA,0,0,0,0,0,0,45,80
"481",0,0,0,0,0,0,0,0,0,0,0,0,0,0,0,0,0,0,0,0,0,0,0,0,0
"482",1,1,1,3,1,1,3,1,1,1,1,1,1,1,2,2,1,2,0,2,2,3,3,2,2
"483",2,2,1,3,1,2,3,1,1,3,1,1,3,1,0,0,1,2,3,1,1,1,2,3,3
"484",3,4,1,3,4,2,3,2,1,3,1,2,3,2,3,0,3,0,0,2,3,1,1,5,6
"485",4,9,1,9,4,2,4,4,1,3,4,2,3,1,1,6,1,1,0,6,1,3,3,16,7
"486",5,10,1,9,4,2,9,9,1,9,4,2,4,1,0,0,2,4,5,1,5,1,3,17,12
"487",6,10,5,9,4,4,9,10,1,9,4,2,9,2,4,0,2,0,0,4,2,2,2,21,14
"488",7,15,5,9,4,6,9,10,5,9,4,4,9,1,2,5,1,2,0,5,2,1,2,26,16
"489",8,15,5,10,4,6,13,15,5,9,4,6,9,1,0,0,5,4,5,1,4,3,3,27,20
"490",9,15,5,15,4,6,18,15,5,10,4,6,13,5,5,0,5,0,0,5,5,3,3,32,25
"491",10,15,12,15,4,6,21,15,5,15,4,6,18,1,6,3,1,3,0,6,3,2,3,39,28
"492",11,15,13,15,5,6,21,15,12,15,4,6,21,1,0,0,1,3,3,1,1,2,1,40,29
"493",12,15,13,15,5,6,21,15,13,15,5,6,21,3,3,0,NA,0,0,0,0,0,0,40,29
"494",0,0,0,0,0,0,0,0,0,0,0,0,0,0,0,0,0,0,0,0,0,0,0,0,0
"495",1,1,3,1,2,1,1,1,1,1,1,1,1,1,1,2,1,1,0,2,1,2,1,2,1
"496",2,1,4,1,8,1,5,1,3,1,2,1,1,1,0,0,1,4,6,1,6,2,1,3,11
"497",3,1,4,5,8,1,6,1,4,1,8,1,5,1,4,0,1,0,0,4,1,3,3,7,12
"498",4,1,7,5,11,1,6,1,4,5,8,1,6,3,3,3,3,3,0,3,3,2,1,10,15
"499",5,1,7,8,11,7,9,1,7,5,11,1,6,3,0,0,6,6,2,3,6,3,2,13,24
"500",6,7,9,8,11,9,9,1,7,8,11,7,9,6,2,0,2,0,0,6,2,1,2,21,26
"501",7,7,21,13,16,9,9,7,9,8,11,9,9,5,6,4,5,4,0,6,5,2,1,38,31
"502",8,11,21,13,20,9,9,7,21,13,16,9,9,4,0,0,3,4,6,4,4,1,1,42,35
"503",9,17,21,19,23,9,9,11,21,13,20,9,9,3,6,0,3,0,0,6,3,1,1,54,38
"504",10,21,21,19,23,9,11,17,21,19,23,9,9,1,2,4,1,2,0,4,2,1,3,58,40
"505",11,22,21,19,24,9,11,21,21,19,23,9,11,1,0,0,1,4,2,1,1,1,1,59,41
"506",12,22,21,19,24,9,11,22,21,19,24,9,11,4,2,0,NA,0,0,0,0,0,0,59,41
"507",0,0,0,0,0,0,0,0,0,0,0,0,0,0,0,0,0,0,0,0,0,0,0,0,0
"508",1,1,1,3,2,1,1,1,1,1,1,1,1,1,1,2,1,1,0,2,1,3,1,2,1
"509",2,1,1,4,11,1,1,1,1,3,2,1,1,1,0,0,1,2,6,1,6,3,1,3,10
"510",3,1,1,6,11,1,2,1,1,4,11,1,1,1,2,0,1,0,0,2,1,3,3,5,11
"511",4,4,1,6,11,1,4,1,1,6,11,1,2,1,3,2,1,2,0,3,2,1,3,8,13
"512",5,4,2,6,11,1,8,4,1,6,11,1,4,1,0,0,4,3,1,1,4,2,3,9,17
"513",6,7,2,6,11,1,9,4,2,6,11,1,8,3,1,0,1,0,0,3,1,1,3,12,18
"514",7,12,2,6,15,1,9,7,2,6,11,1,9,4,5,2,4,2,0,5,4,1,1,17,22
"515",8,12,4,6,15,8,9,12,2,6,15,1,9,2,0,0,6,1,6,2,6,2,2,19,29
"516",9,12,11,6,15,9,9,12,4,6,15,8,9,1,6,0,1,0,0,6,1,2,2,26,30
"517",10,17,11,6,21,10,9,12,11,6,15,9,9,5,6,4,6,4,0,5,6,1,1,31,37
"518",11,17,11,10,25,10,9,17,11,6,21,10,9,4,0,0,4,4,5,4,4,3,1,35,41
"519",12,17,11,10,25,10,9,17,11,10,25,10,9,4,5,0,NA,0,0,0,0,0,0,35,41
"520",0,0,0,0,0,0,0,0,0,0,0,0,0,0,0,0,0,0,0,0,0,0,0,0,0
"521",1,7,1,6,1,1,4,1,1,1,1,1,1,6,1,3,1,3,0,6,3,1,3,11,3
"522",2,8,1,6,1,1,7,7,1,6,1,1,4,1,0,0,3,2,2,1,3,1,3,12,6
"523",3,8,3,6,1,3,7,8,1,6,1,1,7,2,2,0,2,0,0,2,2,2,2,14,8
"524",4,10,9,6,1,12,7,8,3,6,1,3,7,3,6,6,3,6,0,6,6,2,2,22,17
"525",5,10,12,6,1,12,11,10,9,6,1,12,7,3,0,0,1,3,4,3,4,2,3,25,21
"526",6,10,12,9,1,12,12,10,12,6,1,12,11,1,3,0,1,0,0,3,1,3,3,28,22
"527",7,15,12,15,6,12,12,10,12,9,1,12,12,5,6,2,5,2,0,6,5,3,1,39,27
"528",8,17,12,15,6,17,12,15,12,15,6,12,12,2,0,0,2,6,5,2,5,1,2,41,32
"529",9,28,12,15,6,19,12,17,12,15,6,17,12,2,6,0,2,0,0,6,2,1,2,52,34
"530",10,32,12,15,9,19,12,28,12,15,6,19,12,4,3,3,3,3,0,4,3,1,1,56,37
"531",11,35,12,15,11,19,12,32,12,15,9,19,12,3,0,0,2,6,6,3,2,1,1,59,39
"532",12,35,12,15,11,19,12,35,12,15,11,19,12,6,6,0,NA,0,0,0,0,0,0,59,39
"533",0,0,0,0,0,0,0,0,0,0,0,0,0,0,0,0,0,0,0,0,0,0,0,0,0
"534",1,5,1,1,1,1,4,1,1,1,1,1,1,2,3,4,2,3,0,4,3,1,3,4,3
"535",2,7,1,1,1,4,4,5,1,1,1,1,4,2,0,0,1,5,3,2,3,1,2,6,6
"536",3,7,1,6,1,5,4,7,1,1,1,4,4,1,5,0,1,0,0,5,1,3,2,11,7
"537",4,7,3,6,1,8,4,7,1,6,1,5,4,2,2,3,2,3,0,2,3,2,2,13,10
"538",5,7,3,8,1,13,4,7,3,6,1,8,4,2,0,0,3,1,5,2,5,3,2,15,15
"539",6,10,3,8,1,13,5,7,3,8,1,13,4,3,1,0,1,0,0,3,1,1,3,18,16
"540",7,13,3,8,1,16,5,10,3,8,1,13,5,3,1,3,1,3,0,3,3,1,2,21,19
"541",8,13,4,8,9,16,5,13,3,8,1,16,5,1,0,0,3,2,6,1,6,2,1,22,27
"542",9,13,4,11,9,18,5,13,4,8,9,16,5,3,2,0,2,0,0,3,2,3,2,25,29
"543",10,13,7,11,11,18,5,13,4,11,9,18,5,3,2,2,2,2,0,3,2,2,1,28,31
"544",11,15,7,11,13,18,5,13,7,11,11,18,5,2,0,0,2,4,2,2,2,1,1,30,33
"545",12,15,7,11,13,18,5,15,7,11,13,18,5,4,2,0,NA,0,0,0,0,0,0,30,33
"546",0,0,0,0,0,0,0,0,0,0,0,0,0,0,0,0,0,0,0,0,0,0,0,0,0
"547",1,1,1,6,1,1,5,1,1,1,1,1,1,4,2,5,4,2,0,5,4,3,3,5,4
"548",2,3,1,6,1,7,14,1,1,6,1,1,5,2,0,0,6,5,4,2,6,1,2,7,19
"549",3,3,1,10,1,12,14,3,1,6,1,7,14,5,4,0,5,0,0,4,5,3,2,11,24
"550",4,12,1,10,1,19,14,3,1,10,1,12,14,6,2,6,2,6,0,6,6,1,2,20,31
"551",5,12,1,12,1,26,14,12,1,10,1,19,14,2,0,0,3,6,1,2,6,3,2,22,38
"552",6,12,2,12,4,26,14,12,1,12,1,26,14,3,1,0,3,0,0,1,3,2,1,23,41
"553",7,15,8,12,4,1,19,12,2,12,4,26,14,6,5,3,5,3,0,6,5,2,3,32,21
"554",8,15,8,15,4,1,21,15,8,12,4,1,19,3,0,0,2,4,3,3,2,3,3,35,23
"555",9,15,12,15,4,1,24,15,8,15,4,1,21,4,3,0,3,0,0,4,3,2,3,39,26
"556",10,15,18,21,4,1,29,15,12,15,4,1,24,5,4,6,5,4,0,6,5,2,3,51,31
"557",11,15,18,1,7,7,29,15,18,21,4,1,29,4,0,0,6,1,3,4,6,3,2,31,40
"558",12,15,18,1,7,7,29,15,18,1,7,7,29,1,3,0,NA,0,0,0,0,0,0,31,40
"559",0,0,0,0,0,0,0,0,0,0,0,0,0,0,0,0,0,0,0,0,0,0,0,0,0
"560",1,6,1,1,1,1,2,1,1,1,1,1,1,1,5,1,1,1,0,5,1,1,3,5,1
"561",2,6,2,1,3,1,2,6,1,1,1,1,2,1,0,0,2,2,3,1,2,2,1,6,3
"562",3,6,2,3,3,4,2,6,2,1,3,1,2,2,3,0,3,0,0,2,3,3,2,8,6
"563",4,8,2,9,8,4,2,6,2,3,3,4,2,2,6,5,2,5,0,6,5,3,1,16,11
"564",5,8,2,11,14,7,8,8,2,9,8,4,2,2,0,0,3,6,6,2,6,3,1,18,26
"565",6,8,2,19,14,7,11,8,2,11,14,7,8,3,6,0,3,0,0,6,3,3,3,26,29
"566",7,8,1,1,20,1,13,8,2,19,14,7,11,6,2,6,2,6,0,6,6,3,1,7,31
"567",8,8,1,3,20,12,13,8,1,1,20,1,13,2,0,0,6,4,5,2,6,3,2,9,42
"568",9,12,1,3,20,12,18,8,1,3,20,12,13,4,5,0,5,0,0,4,5,1,3,13,47
"569",10,13,1,3,20,17,18,12,1,3,20,12,18,1,4,5,4,5,0,1,5,1,2,14,52
"570",11,13,5,1,26,17,18,13,1,3,20,17,18,4,0,0,1,4,5,4,1,2,1,16,58
"571",12,13,5,1,26,17,18,13,5,1,26,17,18,4,5,0,NA,0,0,0,0,0,0,16,58
"572",0,0,0,0,0,0,0,0,0,0,0,0,0,0,0,0,0,0,0,0,0,0,0,0,0
"573",1,1,5,1,3,1,7,1,1,1,1,1,1,4,6,2,6,2,0,4,6,2,3,4,8
"574",2,3,5,1,3,5,7,1,5,1,3,1,7,2,0,0,4,1,4,2,4,1,2,6,12
"575",3,3,9,1,3,5,8,3,5,1,3,5,7,1,4,0,1,0,0,4,1,2,3,10,13
"576",4,3,14,1,3,10,8,3,9,1,3,5,8,5,5,3,5,3,0,5,5,2,2,15,18
"577",5,3,17,1,3,15,8,3,14,1,3,10,8,3,0,0,3,4,5,3,5,2,2,18,23
"578",6,7,17,1,6,15,8,3,17,1,3,15,8,3,4,0,3,0,0,4,3,1,1,22,26
"579",7,11,17,1,12,15,11,7,17,1,6,15,8,1,4,6,1,6,0,4,6,1,1,26,35
"580",8,11,18,1,12,15,15,11,17,1,12,15,11,1,0,0,4,4,5,1,4,2,3,27,39
"581",9,15,18,1,12,15,20,11,18,1,12,15,15,4,5,0,5,0,0,4,5,1,3,31,44
"582",10,15,20,1,17,15,20,15,18,1,12,15,20,5,2,4,5,4,0,2,5,2,1,33,49
"583",11,15,20,5,19,15,20,15,20,1,17,15,20,4,0,0,2,2,4,4,2,3,1,37,51
"584",12,15,20,5,19,15,20,15,20,5,19,15,20,2,4,0,NA,0,0,0,0,0,0,37,51
"585",0,0,0,0,0,0,0,0,0,0,0,0,0,0,0,0,0,0,0,0,0,0,0,0,0
"586",1,1,1,2,1,1,11,1,1,1,1,1,1,6,3,1,6,3,0,1,6,3,3,1,10
"587",2,1,4,2,6,1,11,1,1,2,1,1,11,3,0,0,2,5,6,3,5,2,1,4,15
"588",3,1,15,2,6,1,13,1,4,2,6,1,11,2,6,0,2,0,0,6,2,2,3,15,17
"589",4,1,18,2,6,5,13,1,15,2,6,1,13,3,4,4,4,4,0,3,4,2,2,18,21
"590",5,1,18,6,6,10,13,1,18,2,6,5,13,4,0,0,1,4,5,4,5,3,2,22,26
"591",6,1,18,10,7,10,13,1,18,6,6,10,13,1,4,0,1,0,0,4,1,3,1,26,27
"592",7,1,23,10,9,10,13,1,18,10,7,10,13,2,5,1,2,1,0,5,2,2,1,31,29
"593",8,1,23,11,15,15,13,1,23,10,9,10,13,1,0,0,6,3,6,1,6,3,1,32,40
"594",9,1,30,11,15,15,16,1,23,11,15,15,13,3,6,0,3,0,0,6,3,2,3,39,43
"595",10,1,30,16,21,19,16,1,30,11,15,15,16,3,6,5,3,6,0,5,6,3,1,44,53
"596",11,1,30,19,22,19,16,1,30,16,21,19,16,3,0,0,1,1,1,3,1,3,1,47,54
"597",12,1,30,19,22,19,16,1,30,19,22,19,16,1,1,0,NA,0,0,0,0,0,0,47,54
"598",0,0,0,0,0,0,0,0,0,0,0,0,0,0,0,0,0,0,0,0,0,0,0,0,0
"599",1,1,6,1,1,4,1,1,1,1,1,1,1,3,1,5,3,1,0,5,3,2,2,5,3
"600",2,2,6,1,7,9,1,1,6,1,1,4,1,1,0,0,6,2,2,1,6,1,1,6,14
"601",3,2,6,3,7,9,3,2,6,1,7,9,1,2,2,0,2,0,0,2,2,3,3,8,16
"602",4,7,6,3,7,9,7,2,6,3,7,9,3,3,4,5,3,4,0,5,4,1,3,13,20
"603",5,10,6,3,12,9,7,7,6,3,7,9,7,3,0,0,2,2,5,3,5,1,1,16,25
"604",6,10,8,3,12,11,7,10,6,3,12,9,7,2,2,0,2,0,0,2,2,2,2,18,27
"605",7,12,8,3,12,11,11,10,8,3,12,11,7,2,1,4,1,4,0,2,4,1,3,20,31
"606",8,12,8,4,12,13,11,12,8,3,12,11,11,1,0,0,2,4,3,1,2,3,2,21,33
"607",9,16,8,4,15,13,11,12,8,4,12,13,11,4,3,0,3,0,0,4,3,1,1,25,36
"608",10,24,8,4,18,13,17,16,8,4,15,13,11,2,6,6,2,6,0,6,6,1,3,33,45
"609",11,26,8,4,18,18,17,24,8,4,18,13,17,2,0,0,5,1,2,2,5,1,2,35,50
"610",12,26,8,4,18,18,17,26,8,4,18,18,17,1,2,0,NA,0,0,0,0,0,0,35,50
"611",0,0,0,0,0,0,0,0,0,0,0,0,0,0,0,0,0,0,0,0,0,0,0,0,0
"612",1,1,1,4,4,1,1,1,1,1,1,1,1,3,2,3,2,3,0,3,3,3,1,3,3
"613",2,3,1,4,4,5,1,1,1,4,4,1,1,2,0,0,3,2,4,2,4,1,2,5,7
"614",3,6,1,4,4,5,3,3,1,4,4,5,1,3,2,0,2,0,0,3,2,1,3,8,9
"615",4,6,1,9,4,10,9,6,1,4,4,5,3,1,6,5,1,6,0,5,6,3,3,13,20
"616",5,6,1,10,9,10,9,6,1,9,4,10,9,1,0,0,1,5,1,1,5,3,1,14,25
"617",6,6,1,11,9,11,9,6,1,10,9,10,9,1,1,0,1,0,0,1,1,3,2,15,26
"618",7,8,1,11,9,11,14,6,1,11,9,11,9,5,2,3,5,3,0,2,5,1,3,17,31
"619",8,11,1,11,12,11,14,8,1,11,9,11,14,3,0,0,3,1,5,3,3,1,1,20,34
"620",9,16,1,11,12,11,15,11,1,11,12,11,14,1,5,0,1,0,0,5,1,1,3,25,35
"621",10,16,5,11,18,11,17,16,1,11,12,11,15,6,4,4,6,4,0,4,6,2,1,29,43
"622",11,20,5,11,19,11,17,16,5,11,18,11,17,4,0,0,1,1,3,4,1,1,1,33,44
"623",12,20,5,11,19,11,17,20,5,11,19,11,17,1,3,0,NA,0,0,0,0,0,0,33,44
"624",0,0,0,0,0,0,0,0,0,0,0,0,0,0,0,0,0,0,0,0,0,0,0,0,0
"625",1,1,3,1,6,1,1,1,1,1,1,1,1,5,2,5,5,5,0,2,5,2,1,2,5
"626",2,1,8,1,12,1,6,1,3,1,6,1,1,5,0,0,4,4,6,5,6,2,1,7,16
"627",3,1,8,5,12,5,6,1,8,1,12,1,6,4,4,0,4,0,0,4,4,3,2,11,20
"628",4,1,11,5,12,9,6,1,8,5,12,5,6,3,3,4,3,4,0,3,4,2,2,14,24
"629",5,1,11,8,12,13,6,1,11,5,12,9,6,3,0,0,3,2,4,3,4,3,2,17,28
"630",6,1,11,10,12,13,9,1,11,8,12,13,6,3,2,0,3,0,0,2,3,3,3,19,31
"631",7,5,11,10,12,13,12,1,11,10,12,13,9,1,4,3,1,3,0,4,3,1,3,23,34
"632",8,6,11,10,18,13,16,5,11,10,12,13,12,1,0,0,6,5,4,1,6,1,1,24,44
"633",9,6,11,15,18,17,16,6,11,10,18,13,16,5,4,0,4,0,0,5,4,3,2,29,48
"634",10,6,11,16,20,17,16,6,11,15,18,17,16,5,2,1,5,2,0,1,2,3,1,30,50
"635",11,11,11,16,22,17,16,6,11,16,20,17,16,5,0,0,2,4,4,5,2,1,1,35,52
"636",12,11,11,16,22,17,16,11,11,16,22,17,16,4,4,0,NA,0,0,0,0,0,0,35,52
"637",0,0,0,0,0,0,0,0,0,0,0,0,0,0,0,0,0,0,0,0,0,0,0,0,0
"638",1,2,1,1,6,1,1,1,1,1,1,1,1,4,1,5,4,5,0,1,5,1,1,1,5
"639",2,2,5,1,6,4,1,2,1,1,6,1,1,4,0,0,3,1,3,4,3,2,2,5,8
"640",3,2,5,4,7,4,1,2,5,1,6,4,1,1,3,0,1,0,0,3,1,3,1,8,9
"641",4,9,5,10,7,4,3,2,5,4,7,4,1,6,2,1,2,1,0,6,2,3,3,21,11
"642",5,10,5,10,11,4,3,9,5,10,7,4,3,1,0,0,6,1,4,1,4,1,1,22,15
"643",6,16,5,12,11,5,3,10,5,10,11,4,3,6,1,0,1,0,0,6,1,1,2,30,16
"644",7,16,10,12,16,5,3,16,5,12,11,5,3,5,5,6,5,6,0,5,5,2,1,35,21
"645",8,18,16,12,16,9,3,16,10,12,16,5,3,6,0,0,2,4,2,6,4,2,2,43,25
"646",9,20,16,12,18,9,3,18,16,12,16,9,3,2,2,0,2,0,0,2,2,1,1,45,27
"647",10,20,16,14,20,9,3,20,16,12,18,9,3,2,3,2,3,2,0,2,2,3,1,47,29
"648",11,20,16,17,23,9,3,20,16,14,20,9,3,3,0,0,3,3,6,3,3,3,1,50,32
"649",12,20,16,17,23,9,3,20,16,17,23,9,3,3,6,0,NA,0,0,0,0,0,0,50,32
"650",0,0,0,0,0,0,0,0,0,0,0,0,0,0,0,0,0,0,0,0,0,0,0,0,0
"651",1,1,11,1,1,5,1,1,1,1,1,1,1,1,4,6,1,4,0,6,4,2,2,10,4
"652",2,1,12,1,1,5,6,1,11,1,1,5,1,1,0,0,5,3,5,1,5,2,3,11,9
"653",3,6,12,1,1,8,6,1,12,1,1,5,6,3,5,0,3,0,0,5,3,1,2,16,12
"654",4,6,12,5,1,8,9,6,12,1,1,8,6,3,1,4,3,1,0,4,3,3,3,20,15
"655",5,6,12,6,1,8,13,6,12,5,1,8,9,1,0,0,2,2,4,1,4,3,3,21,19
"656",6,6,14,6,3,8,13,6,12,6,1,8,13,2,2,0,2,0,0,2,2,2,1,23,21
"657",7,6,20,10,7,8,19,6,14,6,3,8,13,1,6,6,1,6,0,6,6,2,3,33,31
"658",8,7,20,10,7,10,19,6,20,10,7,8,19,1,0,0,1,2,2,1,2,1,2,34,33
"659",9,9,20,10,7,11,19,7,20,10,7,10,19,1,2,0,1,0,0,2,1,1,2,36,34
"660",10,15,20,15,7,11,20,9,20,10,7,11,19,1,1,6,1,1,0,6,1,1,3,47,35
"661",11,16,20,15,11,11,20,15,20,15,7,11,20,1,0,0,4,4,3,1,4,1,1,48,39
"662",12,16,20,15,11,11,20,16,20,15,11,11,20,4,3,0,NA,0,0,0,0,0,0,48,39
"663",0,0,0,0,0,0,0,0,0,0,0,0,0,0,0,0,0,0,0,0,0,0,0,0,0
"664",1,1,1,10,1,6,1,1,1,1,1,1,1,6,3,5,3,5,0,6,5,3,2,9,5
"665",2,1,1,13,1,6,6,1,1,10,1,6,1,3,0,0,5,3,5,3,5,3,3,12,10
"666",3,6,1,13,1,9,6,1,1,13,1,6,6,3,5,0,3,0,0,5,3,1,2,17,13
"667",4,17,1,13,1,12,6,6,1,13,1,9,6,6,3,3,3,3,0,6,3,1,2,28,16
"668",5,17,4,13,1,12,11,17,1,13,1,12,6,3,0,0,5,1,1,3,5,2,3,31,21
"669",6,18,4,13,2,12,11,17,4,13,1,12,11,1,1,0,1,0,0,1,1,1,1,32,22
"670",7,18,5,13,2,17,11,18,4,13,2,12,11,3,1,5,3,5,0,1,5,2,2,33,27
"671",8,18,8,13,2,22,11,18,5,13,2,17,11,3,0,0,2,5,1,3,5,2,2,36,32
"672",9,18,8,14,2,24,11,18,8,13,2,22,11,2,1,0,2,0,0,1,2,3,2,37,34
"673",10,18,8,24,1,24,15,18,8,14,2,24,11,6,4,3,4,3,0,6,4,3,3,47,37
"674",11,18,11,1,9,24,15,18,8,24,1,24,15,3,0,0,6,5,4,3,5,2,1,27,45
"675",12,18,11,1,9,24,15,18,11,1,9,24,15,6,4,0,NA,0,0,0,0,0,0,27,45
"676",0,0,0,0,0,0,0,0,0,0,0,0,0,0,0,0,0,0,0,0,0,0,0,0,0
"677",1,1,4,1,1,5,1,1,1,1,1,1,1,4,1,3,4,1,0,3,4,2,2,3,4
"678",2,2,4,1,5,5,1,1,4,1,1,5,1,1,0,0,4,1,1,1,4,1,1,4,8
"679",3,2,5,1,5,6,1,2,4,1,5,5,1,1,1,0,1,0,0,1,1,2,2,5,9
"680",4,2,5,6,5,10,1,2,5,1,5,6,1,5,2,4,2,4,0,5,4,3,2,10,13
"681",5,4,5,6,5,10,6,2,5,6,5,10,1,2,0,0,1,3,5,2,5,1,3,12,18
"682",6,7,5,6,6,10,6,4,5,6,5,10,6,1,3,0,1,0,0,3,1,1,1,15,19
"683",7,7,9,6,6,10,11,7,5,6,6,10,6,1,5,4,1,5,0,4,5,2,3,19,24
"684",8,8,9,6,6,10,20,7,9,6,6,10,11,1,0,0,5,6,2,1,6,1,3,20,33
"685",9,8,14,6,6,12,20,8,9,6,6,10,20,5,2,0,2,0,0,5,2,2,2,25,35
"686",10,11,14,6,6,18,22,8,14,6,6,12,20,3,1,6,1,6,0,3,6,1,2,28,43
"687",11,12,14,6,11,18,22,11,14,6,6,18,22,1,0,0,5,1,4,1,5,1,1,29,48
"688",12,12,14,6,11,18,22,12,14,6,11,18,22,1,4,0,NA,0,0,0,0,0,0,29,48
"689",0,0,0,0,0,0,0,0,0,0,0,0,0,0,0,0,0,0,0,0,0,0,0,0,0
"690",1,1,5,1,1,6,1,1,1,1,1,1,1,5,4,3,5,3,0,4,5,2,2,4,5
"691",2,1,5,4,3,6,1,1,5,1,1,6,1,3,0,0,2,2,1,3,2,3,1,7,7
"692",3,2,5,4,3,6,3,1,5,4,3,6,1,2,1,0,2,0,0,1,2,1,3,8,9
"693",4,2,8,4,3,14,3,2,5,4,3,6,3,6,3,3,6,3,0,3,6,2,2,11,17
"694",5,5,8,4,5,14,9,2,8,4,3,14,3,3,0,0,1,6,4,3,6,1,3,14,25
"695",6,5,8,8,5,14,10,5,8,4,5,14,9,1,4,0,1,0,0,4,1,3,3,18,26
"696",7,5,18,8,5,19,10,5,8,8,5,14,10,1,5,6,1,5,0,6,5,2,2,28,31
"697",8,5,19,8,5,19,17,5,18,8,5,19,10,1,0,0,6,6,2,1,6,2,3,29,38
"698",9,11,21,8,7,19,17,5,19,8,5,19,17,6,2,0,2,0,0,6,2,1,1,37,40
"699",10,11,21,13,9,19,17,11,21,8,7,19,17,2,2,5,2,2,0,5,2,3,1,42,42
"700",11,11,23,13,14,19,17,11,21,13,9,19,17,2,0,0,2,5,1,2,5,2,1,44,47
"701",12,11,23,13,14,19,17,11,23,13,14,19,17,2,1,0,NA,0,0,0,0,0,0,44,47
"702",0,0,0,0,0,0,0,0,0,0,0,0,0,0,0,0,0,0,0,0,0,0,0,0,0
"703",1,1,7,12,4,1,1,1,1,1,1,1,1,3,6,4,3,4,0,6,3,2,1,17,3
"704",2,1,11,12,4,4,1,1,7,12,4,1,1,4,0,0,3,3,6,4,3,2,2,21,6
"705",3,7,11,14,7,4,1,1,11,12,4,4,1,3,6,0,3,0,0,6,3,1,1,29,9
"706",4,7,11,17,12,4,1,7,11,14,7,4,1,3,5,2,5,2,0,3,5,3,1,32,14
"707",5,7,13,17,12,9,1,7,11,17,12,4,1,2,0,0,5,1,2,2,5,2,2,34,19
"708",6,7,15,17,12,10,1,7,13,17,12,9,1,1,2,0,1,0,0,2,1,2,2,36,20
"709",7,11,15,17,21,10,1,7,15,17,12,10,1,4,6,6,6,6,0,4,6,1,1,40,29
"710",8,18,15,1,21,13,5,11,15,17,21,10,1,6,0,0,3,4,6,6,4,3,3,31,36
"711",9,22,21,1,24,13,5,18,15,1,21,13,5,3,6,0,3,0,0,6,3,2,1,41,39
"712",10,1,21,1,28,14,5,22,21,1,24,13,5,2,1,6,2,1,0,6,1,1,2,20,44
"713",11,5,23,1,31,14,1,1,21,1,28,14,5,2,0,0,3,3,4,2,3,2,1,26,43
"714",12,5,23,1,31,14,1,5,23,1,31,14,1,3,4,0,NA,0,0,0,0,0,0,26,43
"715",0,0,0,0,0,0,0,0,0,0,0,0,0,0,0,0,0,0,0,0,0,0,0,0,0
"716",1,2,1,1,1,1,5,1,1,1,1,1,1,2,1,4,2,4,0,1,4,1,3,1,4
"717",2,2,1,3,1,1,10,2,1,1,1,1,5,2,0,0,2,3,5,2,5,3,3,3,9
"718",3,2,3,3,4,1,10,2,1,3,1,1,10,2,3,0,3,0,0,2,3,2,1,5,12
"719",4,2,3,8,8,1,10,2,3,3,4,1,10,1,5,4,1,4,0,5,4,3,1,10,16
"720",5,2,3,9,8,4,10,2,3,8,8,1,10,1,0,0,2,3,3,1,3,3,2,11,19
"721",6,2,6,9,10,4,10,2,3,9,8,4,10,2,3,0,2,0,0,3,2,2,1,14,21
"722",7,2,6,12,10,9,10,2,6,9,10,4,10,1,3,5,1,5,0,3,5,3,2,17,26
"723",8,3,6,12,10,14,10,2,6,12,10,9,10,1,0,0,5,1,1,1,5,1,2,18,31
"724",9,3,7,12,10,14,11,3,6,12,10,14,10,1,1,0,1,0,0,1,1,2,3,19,32
"725",10,3,12,12,15,14,11,3,7,12,10,14,11,1,5,5,1,5,0,5,5,2,1,24,37
"726",11,4,12,12,26,14,11,3,12,12,15,14,11,1,0,0,6,1,1,1,6,1,1,25,48
"727",12,4,12,12,26,14,11,4,12,12,26,14,11,1,1,0,NA,0,0,0,0,0,0,25,48
"728",0,0,0,0,0,0,0,0,0,0,0,0,0,0,0,0,0,0,0,0,0,0,0,0,0
"729",1,6,1,1,1,5,1,1,1,1,1,1,1,4,1,5,4,1,0,5,4,1,2,5,4
"730",2,6,2,1,1,7,1,6,1,1,1,5,1,1,0,0,2,2,1,1,2,2,2,6,6
"731",3,7,2,1,3,7,1,6,2,1,1,7,1,2,1,0,2,0,0,1,2,1,1,7,8
"732",4,13,7,1,3,7,6,7,2,1,3,7,1,3,6,5,3,5,0,6,5,1,3,18,13
"733",5,13,7,4,3,7,11,13,7,1,3,7,6,3,0,0,5,2,3,3,5,3,3,21,18
"734",6,13,10,4,5,7,11,13,7,4,3,7,11,2,3,0,2,0,0,3,2,2,1,24,20
"735",7,19,13,4,8,7,11,13,10,4,5,7,11,6,3,1,3,1,0,6,3,1,1,33,23
"736",8,19,13,5,8,7,21,19,13,4,8,7,11,1,0,0,6,6,4,1,6,3,3,34,33
"737",9,25,13,6,8,1,25,19,13,5,8,7,21,6,4,0,4,0,0,6,4,1,3,41,31
"738",10,33,19,6,13,1,25,25,13,6,8,1,25,6,5,3,5,3,0,6,5,2,1,55,36
"739",11,36,19,6,13,1,29,33,19,6,13,1,25,3,0,0,6,6,4,3,4,1,3,58,40
"740",12,36,19,6,13,1,29,36,19,6,13,1,29,6,6,0,NA,0,0,0,0,0,0,58,40
"741",0,0,0,0,0,0,0,0,0,0,0,0,0,0,0,0,0,0,0,0,0,0,0,0,0
"742",1,1,1,6,1,6,1,1,1,1,1,1,1,5,5,3,5,3,0,5,5,3,2,5,5
"743",2,4,1,6,1,11,7,1,1,6,1,6,1,3,0,0,6,2,5,3,6,1,3,8,16
"744",3,9,1,6,1,11,9,4,1,6,1,11,7,2,5,0,2,0,0,5,2,1,3,13,18
"745",4,9,5,12,1,16,9,9,1,6,1,11,9,6,3,5,3,5,0,6,5,3,2,23,23
"746",5,9,5,15,1,17,9,9,5,12,1,16,9,3,0,0,4,1,1,3,1,3,2,26,24
"747",6,13,5,15,2,17,9,9,5,15,1,17,9,4,1,0,1,0,0,4,1,1,1,30,25
"748",7,13,5,19,2,17,14,13,5,15,2,17,9,4,4,5,4,5,0,4,5,3,3,34,30
"749",8,13,9,19,2,21,14,13,5,19,2,17,14,4,0,0,3,1,4,4,4,2,2,38,34
"750",9,13,12,19,2,22,14,13,9,19,2,21,14,3,1,0,1,0,0,3,1,2,2,41,35
"751",10,18,18,19,2,26,14,13,12,19,2,22,14,6,4,4,4,4,0,6,4,2,2,52,39
"752",11,18,18,23,2,26,16,18,18,19,2,26,14,4,0,0,2,5,2,4,2,3,3,56,41
"753",12,18,18,23,2,26,16,18,18,23,2,26,16,5,2,0,NA,0,0,0,0,0,0,56,41
"754",0,0,0,0,0,0,0,0,0,0,0,0,0,0,0,0,0,0,0,0,0,0,0,0,0
"755",1,1,6,1,1,3,1,1,1,1,1,1,1,3,5,2,3,2,0,5,2,2,2,5,2
"756",2,1,9,1,1,9,2,1,6,1,1,3,1,3,0,0,6,1,6,3,6,2,2,8,9
"757",3,6,15,1,1,10,2,1,9,1,1,9,2,1,6,0,1,0,0,6,1,2,2,19,10
"758",4,6,15,18,1,12,2,6,15,1,1,10,2,6,5,2,5,2,0,6,2,3,2,36,12
"759",5,11,15,18,1,14,2,6,15,18,1,12,2,5,0,0,3,5,2,5,2,1,2,41,14
"760",6,14,15,18,1,19,2,11,15,18,1,14,2,3,5,0,5,0,0,3,5,1,2,44,19
"761",7,15,15,18,1,30,2,14,15,18,1,19,2,1,6,5,6,5,0,1,6,1,2,45,30
"762",8,15,15,1,5,30,7,15,15,18,1,30,2,5,0,0,1,4,6,5,4,3,1,28,39
"763",9,17,15,7,6,30,7,15,15,1,5,30,7,1,6,0,1,0,0,6,1,3,1,36,40
"764",10,17,19,12,9,1,7,17,15,7,6,30,7,3,3,5,3,3,0,5,3,3,1,45,14
"765",11,1,19,12,22,2,7,17,19,12,9,1,7,3,0,0,1,2,3,3,1,1,2,29,28
"766",12,1,19,12,22,2,7,1,19,12,22,2,7,2,3,0,NA,0,0,0,0,0,0,29,28
"767",0,0,0,0,0,0,0,0,0,0,0,0,0,0,0,0,0,0,0,0,0,0,0,0,0
"768",1,1,4,1,1,7,6,1,1,1,1,1,1,3,6,6,6,6,0,3,6,2,2,3,11
"769",2,1,12,1,1,8,6,1,4,1,1,7,6,6,0,0,1,1,2,6,1,2,2,11,12
"770",3,3,12,1,2,8,6,1,12,1,1,8,6,1,2,0,1,0,0,2,1,1,1,13,13
"771",4,3,12,5,6,8,6,3,12,1,2,8,6,4,3,4,3,4,0,4,4,3,1,17,17
"772",5,6,12,5,6,13,6,3,12,5,6,8,6,3,0,0,1,5,1,3,5,1,2,20,22
"773",6,7,12,5,7,13,6,6,12,5,6,13,6,1,1,0,1,0,0,1,1,1,1,21,23
"774",7,12,12,5,7,15,6,7,12,5,7,13,6,1,5,2,1,2,0,5,2,1,2,26,25
"775",8,12,13,5,7,18,12,12,12,5,7,15,6,1,0,0,6,3,3,1,6,2,3,27,34
"776",9,15,13,5,7,21,12,12,13,5,7,18,12,3,3,0,3,0,0,3,3,1,2,30,37
"777",10,15,14,11,13,21,13,15,13,5,7,21,12,6,6,1,6,1,0,6,6,3,1,37,44
"778",11,15,14,12,23,21,13,15,14,11,13,21,13,1,0,0,4,3,6,1,6,3,1,38,54
"779",12,15,14,12,23,21,13,15,14,12,23,21,13,4,3,0,NA,0,0,0,0,0,0,38,54
"780",0,0,0,0,0,0,0,0,0,0,0,0,0,0,0,0,0,0,0,0,0,0,0,0,0
"781",1,5,1,1,4,7,7,1,1,1,1,1,1,3,4,6,3,6,0,4,6,1,2,4,15
"782",2,8,1,1,4,10,7,5,1,1,4,7,7,3,0,0,2,3,2,3,3,1,2,7,18
"783",3,8,3,1,4,12,7,8,1,1,4,10,7,2,2,0,2,0,0,2,2,2,2,9,20
"784",4,8,13,1,4,16,7,8,3,1,4,12,7,6,4,3,4,3,0,6,4,2,2,19,24
"785",5,8,13,4,4,16,8,8,13,1,4,16,7,3,0,0,2,1,5,3,1,3,3,22,25
"786",6,8,13,9,4,16,10,8,13,4,4,16,8,2,5,0,2,0,0,5,2,3,3,27,27
"787",7,13,13,9,4,21,10,8,13,9,4,16,10,5,5,3,5,3,0,5,5,1,2,32,32
"788",8,16,13,9,8,21,10,13,13,9,4,21,10,3,0,0,1,4,3,3,4,1,1,35,36
"789",9,16,16,9,8,22,10,16,13,9,8,21,10,1,3,0,1,0,0,3,1,2,2,38,37
"790",10,21,16,9,8,22,13,16,16,9,8,22,10,3,5,2,3,2,0,5,3,1,3,43,40
"791",11,21,16,11,8,26,13,21,16,9,8,22,13,2,0,0,5,4,3,2,4,3,2,45,44
"792",12,21,16,11,8,26,13,21,16,11,8,26,13,5,3,0,NA,0,0,0,0,0,0,45,44
"793",0,0,0,0,0,0,0,0,0,0,0,0,0,0,0,0,0,0,0,0,0,0,0,0,0
"794",1,5,1,1,6,7,7,1,1,1,1,1,1,2,6,4,2,6,0,4,6,1,2,4,17
"795",2,5,3,1,12,7,10,5,1,1,6,7,7,2,0,0,1,6,6,2,6,2,1,6,26
"796",3,12,3,1,12,7,11,5,3,1,12,7,10,1,6,0,1,0,0,6,1,1,3,13,27
"797",4,15,3,1,16,7,11,12,3,1,12,7,11,4,2,3,4,2,0,3,4,1,1,16,31
"798",5,15,3,3,16,7,13,15,3,1,16,7,11,2,0,0,2,2,3,2,2,3,3,18,33
"799",6,15,3,6,16,7,15,15,3,3,16,7,13,2,3,0,2,0,0,3,2,3,3,21,35
"800",7,17,3,6,16,7,16,15,3,6,16,7,15,1,1,2,1,1,0,2,1,1,3,23,36
"801",8,18,3,6,16,12,16,17,3,6,16,7,16,1,0,0,2,5,3,1,5,1,2,24,41
"802",9,21,3,6,16,14,16,18,3,6,16,12,16,2,3,0,2,0,0,3,2,1,2,27,43
"803",10,28,1,6,21,20,17,21,3,6,16,14,16,4,6,6,4,6,0,6,6,1,2,32,55
"804",11,32,1,6,22,20,17,28,1,6,21,20,17,4,0,0,1,5,2,4,1,1,1,36,56
"805",12,32,1,6,22,20,17,32,1,6,22,20,17,5,2,0,NA,0,0,0,0,0,0,36,56
"806",0,0,0,0,0,0,0,0,0,0,0,0,0,0,0,0,0,0,0,0,0,0,0,0,0
"807",1,5,1,1,1,1,6,1,1,1,1,1,1,5,4,3,5,3,0,4,5,1,3,4,5
"808",2,5,1,4,1,6,6,5,1,1,1,1,6,3,0,0,6,5,3,3,5,3,2,7,10
"809",3,7,1,10,4,6,6,5,1,4,1,6,6,6,3,0,3,0,0,6,3,3,1,15,13
"810",4,7,4,10,8,6,6,7,1,10,4,6,6,1,4,3,1,4,0,3,4,2,1,18,17
"811",5,8,4,10,13,6,6,7,4,10,8,6,6,1,0,0,5,5,4,1,5,1,1,19,22
"812",6,8,9,10,13,6,10,8,4,10,13,6,6,5,4,0,4,0,0,5,4,2,3,24,26
"813",7,8,14,10,18,6,10,8,9,10,13,6,10,5,2,5,2,5,0,5,5,2,1,29,31
"814",8,10,14,10,18,18,12,8,14,10,18,6,10,2,0,0,6,2,1,2,6,1,2,31,45
"815",9,12,14,10,18,19,12,10,14,10,18,18,12,2,1,0,1,0,0,2,1,1,2,33,46
"816",10,12,14,14,18,22,12,12,14,10,18,19,12,3,4,4,3,4,0,4,3,3,2,37,49
"817",11,12,18,14,29,22,12,12,14,14,18,22,12,4,0,0,2,6,4,4,6,2,1,41,60
"818",12,12,18,14,29,22,12,12,18,14,29,22,12,2,4,0,NA,0,0,0,0,0,0,41,60
"819",0,0,0,0,0,0,0,0,0,0,0,0,0,0,0,0,0,0,0,0,0,0,0,0,0
"820",1,7,7,2,1,1,6,1,1,1,1,1,1,5,6,3,5,3,0,6,5,2,3,13,5
"821",2,10,7,2,6,7,6,7,7,2,1,1,6,3,0,0,2,6,4,3,6,1,2,16,16
"822",3,10,11,2,6,7,8,10,7,2,6,7,6,2,4,0,2,0,0,4,2,2,3,20,18
"823",4,16,15,2,6,10,8,10,11,2,6,7,8,2,6,3,2,3,0,6,3,1,2,30,21
"824",5,18,15,2,10,16,8,16,15,2,6,10,8,2,0,0,6,4,6,2,6,1,2,32,31
"825",6,20,15,8,14,16,8,18,15,2,10,16,8,4,6,0,4,0,0,6,4,3,1,40,35
"826",7,20,18,8,14,16,9,20,15,8,14,16,8,1,3,2,1,2,0,3,1,2,3,43,36
"827",8,22,18,8,14,16,14,20,18,8,14,16,9,2,0,0,2,5,4,2,5,1,3,45,41
"828",9,26,18,8,16,16,14,22,18,8,14,16,14,2,4,0,2,0,0,4,2,1,1,49,43
"829",10,32,18,12,16,26,1,26,18,8,16,16,14,6,2,6,2,6,0,6,6,1,2,59,40
"830",11,39,28,12,2,26,1,32,18,12,16,26,1,2,0,0,1,4,5,2,1,1,1,114,26
"831",12,39,28,12,2,26,1,39,28,12,2,26,1,4,5,0,NA,0,0,0,0,0,0,114,26
"832",0,0,0,0,0,0,0,0,0,0,0,0,0,0,0,0,0,0,0,0,0,0,0,0,0
"833",1,1,4,1,6,1,1,1,1,1,1,1,1,1,3,5,1,5,0,3,5,2,1,3,5
"834",2,2,4,1,6,1,6,1,4,1,6,1,1,1,0,0,4,5,2,1,5,1,3,4,10
"835",3,6,4,1,6,1,8,2,4,1,6,1,6,4,2,0,2,0,0,4,2,1,3,8,12
"836",4,6,7,1,6,4,8,6,4,1,6,1,8,3,3,1,3,1,0,3,3,2,2,11,15
"837",5,6,7,2,6,8,8,6,7,1,6,4,8,1,0,0,4,5,3,1,4,3,2,12,19
"838",6,6,7,7,6,8,11,6,7,2,6,8,8,5,3,0,3,0,0,5,3,3,3,17,22
"839",7,6,8,7,6,11,11,6,7,7,6,8,11,3,1,1,3,1,0,1,3,2,2,18,25
"840",8,6,9,7,9,11,17,6,8,7,6,11,11,1,0,0,3,6,5,1,6,2,3,19,34
"841",9,6,14,7,9,14,17,6,9,7,9,11,17,3,5,0,3,0,0,5,3,2,2,24,37
"842",10,6,14,9,13,14,17,6,14,7,9,14,17,2,4,3,4,3,0,2,4,3,1,26,41
"843",11,9,14,9,22,14,17,6,14,9,13,14,17,3,0,0,1,2,6,3,6,1,1,29,50
"844",12,9,14,9,22,14,17,9,14,9,22,14,17,1,2,0,NA,0,0,0,0,0,0,29,50
"845",0,0,0,0,0,0,0,0,0,0,0,0,0,0,0,0,0,0,0,0,0,0,0,0,0
"846",1,1,8,1,4,1,1,1,1,1,1,1,1,6,3,3,3,3,0,6,3,2,1,7,3
"847",2,1,11,1,4,7,7,1,8,1,4,1,1,3,0,0,4,4,6,3,6,2,3,10,15
"848",3,1,15,1,4,7,11,1,11,1,4,7,7,4,4,0,4,0,0,4,4,2,3,14,19
"849",4,1,17,1,4,10,11,1,15,1,4,7,11,2,3,2,3,2,0,2,3,2,2,16,22
"850",5,3,17,1,16,15,11,1,17,1,4,10,11,2,0,0,6,1,3,2,6,1,1,18,39
"851",6,3,17,2,16,15,14,3,17,1,16,15,11,1,3,0,3,0,0,1,3,3,3,19,42
"852",7,4,17,2,16,15,15,3,17,2,16,15,14,1,1,1,1,1,0,1,1,1,3,20,43
"853",8,5,17,2,16,15,16,4,17,2,16,15,15,1,0,0,5,1,4,1,1,1,3,21,44
"854",9,5,21,2,21,15,16,5,17,2,16,15,16,5,4,0,5,0,0,4,5,2,1,25,49
"855",10,5,21,4,1,20,16,5,21,2,21,15,16,1,1,5,1,5,0,1,5,3,2,27,34
"856",11,6,21,4,4,20,16,5,21,4,1,20,16,1,0,0,3,4,4,1,3,1,1,28,37
"857",12,6,21,4,4,20,16,6,21,4,4,20,16,4,4,0,NA,0,0,0,0,0,0,28,37
"858",0,0,0,0,0,0,0,0,0,0,0,0,0,0,0,0,0,0,0,0,0,0,0,0,0
"859",1,5,1,1,1,5,1,1,1,1,1,1,1,4,4,1,4,1,0,4,4,1,2,4,4
"860",2,5,2,1,1,10,1,5,1,1,1,5,1,1,0,0,3,5,5,1,5,2,2,5,9
"861",3,5,7,1,1,13,1,5,2,1,1,10,1,3,5,0,3,0,0,5,3,2,2,10,12
"862",4,5,10,1,1,15,1,5,7,1,1,13,1,3,2,1,2,1,0,3,2,2,2,13,14
"863",5,6,10,1,1,18,1,5,10,1,1,15,1,1,0,0,2,3,1,1,3,1,2,14,17
"864",6,6,10,2,3,18,1,6,10,1,1,18,1,2,1,0,2,0,0,1,2,3,1,15,19
"865",7,6,13,2,3,18,6,6,10,2,3,18,1,3,2,5,2,5,0,3,5,2,3,18,24
"866",8,8,13,2,3,18,10,6,13,2,3,18,6,2,0,0,4,3,4,2,4,1,3,20,28
"867",9,8,17,2,6,18,10,8,13,2,3,18,10,3,4,0,3,0,0,4,3,2,1,24,31
"868",10,8,21,8,19,18,10,8,17,2,6,18,10,6,3,6,3,6,0,6,6,3,1,34,44
"869",11,11,21,8,22,18,10,8,21,8,19,18,10,3,0,0,3,2,5,3,3,1,1,37,47
"870",12,11,21,8,22,18,10,11,21,8,22,18,10,2,5,0,NA,0,0,0,0,0,0,37,47
"871",0,0,0,0,0,0,0,0,0,0,0,0,0,0,0,0,0,0,0,0,0,0,0,0,0
"872",1,11,7,1,1,1,4,1,1,1,1,1,1,3,6,3,3,3,0,6,3,2,3,16,3
"873",2,14,7,1,2,1,10,11,7,1,1,1,4,3,0,0,6,6,3,3,6,1,3,19,10
"874",3,15,7,7,2,1,13,14,7,1,2,1,10,6,3,0,3,0,0,6,3,3,3,26,13
"875",4,15,7,11,4,1,13,15,7,7,2,1,13,4,2,3,2,3,0,4,2,3,1,30,15
"876",5,15,7,14,4,1,15,15,7,11,4,1,13,3,0,0,2,2,5,3,2,3,3,33,17
"877",6,20,7,14,6,1,15,15,7,14,4,1,15,2,5,0,2,0,0,5,2,1,1,38,19
"878",7,20,10,14,6,1,18,20,7,14,6,1,15,2,3,3,2,3,0,3,3,2,3,41,22
"879",8,20,12,14,10,1,18,20,10,14,6,1,18,2,0,0,4,3,2,2,4,2,1,43,26
"880",9,23,12,14,12,1,18,20,12,14,10,1,18,3,2,0,2,0,0,3,2,1,1,46,28
"881",10,29,12,19,12,2,18,23,12,14,12,1,18,1,2,6,1,2,0,6,1,1,2,57,29
"882",11,29,14,19,12,7,18,29,12,19,12,2,18,2,0,0,4,1,5,2,5,2,2,59,34
"883",12,29,14,19,12,7,18,29,14,19,12,7,18,4,1,0,NA,0,0,0,0,0,0,59,34
"884",0,0,0,0,0,0,0,0,0,0,0,0,0,0,0,0,0,0,0,0,0,0,0,0,0
"885",1,1,6,1,1,2,1,1,1,1,1,1,1,5,1,1,1,1,0,5,1,2,2,5,1
"886",2,1,7,1,1,12,1,1,6,1,1,2,1,1,0,0,6,3,4,1,6,2,2,6,11
"887",3,5,7,1,4,12,1,1,7,1,1,12,1,3,4,0,3,0,0,4,3,1,1,10,14
"888",4,10,7,1,4,16,7,5,7,1,4,12,1,6,5,5,6,5,0,5,6,1,3,15,24
"889",5,10,12,1,9,16,7,10,7,1,4,16,7,5,0,0,2,2,5,5,5,2,1,20,29
"890",6,10,14,1,11,16,7,10,12,1,9,16,7,2,2,0,2,0,0,2,2,2,1,22,31
"891",7,11,14,1,11,16,11,10,14,1,11,16,7,4,1,1,4,1,0,1,4,1,3,23,35
"892",8,12,14,1,16,16,11,11,14,1,11,16,11,1,0,0,5,1,2,1,5,1,1,24,40
"893",9,14,14,1,16,16,12,12,14,1,16,16,11,1,2,0,1,0,0,2,1,1,3,26,41
"894",10,14,19,1,17,16,12,14,14,1,16,16,12,3,1,5,3,1,0,5,1,2,1,31,42
"895",11,17,19,1,17,22,15,14,19,1,17,16,12,3,0,0,2,4,6,3,6,1,2,34,51
"896",12,17,19,1,17,22,15,17,19,1,17,22,15,2,4,0,NA,0,0,0,0,0,0,34,51
"897",0,0,0,0,0,0,0,0,0,0,0,0,0,0,0,0,0,0,0,0,0,0,0,0,0
"898",1,1,5,1,5,1,1,1,1,1,1,1,1,1,4,4,1,4,0,4,4,2,1,4,4
"899",2,2,5,1,5,4,1,1,5,1,5,1,1,1,0,0,2,3,3,1,3,1,2,5,7
"900",3,2,5,4,5,6,1,2,5,1,5,4,1,2,3,0,2,0,0,3,2,3,2,8,9
"901",4,2,5,8,5,6,2,2,5,4,5,6,1,1,4,1,1,1,0,4,1,3,3,12,10
"902",5,2,5,9,5,6,7,2,5,8,5,6,2,1,0,0,4,3,5,1,5,3,3,13,15
"903",6,6,5,9,5,6,10,2,5,9,5,6,7,4,3,0,3,0,0,4,3,1,3,17,18
"904",7,6,5,14,5,6,12,6,5,9,5,6,10,5,2,2,2,2,0,5,2,3,3,22,20
"905",8,6,5,16,15,6,12,6,5,14,5,6,12,2,0,0,6,4,6,2,6,3,1,24,30
"906",9,6,13,16,19,6,12,6,5,16,15,6,12,4,6,0,4,0,0,6,4,2,1,32,34
"907",10,11,13,16,19,6,13,6,13,16,19,6,12,1,5,1,1,1,0,5,1,1,3,37,35
"908",11,12,13,16,23,6,19,11,13,16,19,6,13,1,0,0,4,1,6,1,6,1,3,38,45
"909",12,12,13,16,23,6,19,12,13,16,23,6,19,4,1,0,NA,0,0,0,0,0,0,38,45
"910",0,0,0,0,0,0,0,0,0,0,0,0,0,0,0,0,0,0,0,0,0,0,0,0,0
"911",1,1,6,1,1,4,1,1,1,1,1,1,1,5,3,2,3,2,0,5,3,2,2,5,3
"912",2,1,8,1,5,4,1,1,6,1,1,4,1,2,0,0,4,2,1,2,4,2,1,7,7
"913",3,3,8,1,6,4,1,1,8,1,5,4,1,2,1,0,1,0,0,2,1,1,1,9,8
"914",4,3,11,1,6,4,12,3,8,1,6,4,1,2,3,6,2,6,0,3,6,2,3,12,19
"915",5,5,11,1,12,6,12,3,11,1,6,4,12,2,0,0,1,6,5,2,6,1,1,14,27
"916",6,5,11,6,12,7,12,5,11,1,12,6,12,1,5,0,1,0,0,5,1,3,2,19,28
"917",7,5,13,6,12,12,12,5,11,6,12,7,12,2,5,1,5,1,0,2,5,2,2,21,33
"918",8,6,13,6,12,12,17,5,13,6,12,12,12,1,0,0,5,3,2,1,5,1,3,22,38
"919",9,6,13,8,12,15,17,6,13,6,12,12,17,3,2,0,3,0,0,2,3,3,2,24,41
"920",10,6,16,8,17,15,17,6,13,8,12,15,17,3,5,5,5,5,0,3,5,2,1,27,46
"921",11,11,16,8,20,15,17,6,16,8,17,15,17,5,0,0,3,2,3,5,3,1,1,32,49
"922",12,11,16,8,20,15,17,11,16,8,20,15,17,2,3,0,NA,0,0,0,0,0,0,32,49
"923",0,0,0,0,0,0,0,0,0,0,0,0,0,0,0,0,0,0,0,0,0,0,0,0,0
"924",1,1,4,1,4,1,1,1,1,1,1,1,1,3,2,3,2,3,0,3,3,2,1,3,3
"925",2,1,6,1,10,1,6,1,4,1,4,1,1,2,0,0,3,6,5,2,6,2,1,5,14
"926",3,1,6,6,10,4,6,1,6,1,10,1,6,3,5,0,3,0,0,5,3,3,2,10,17
"927",4,1,16,6,19,10,6,1,6,6,10,4,6,1,6,6,1,6,0,6,6,2,2,20,32
"928",5,1,16,7,19,16,16,1,16,6,19,10,6,1,0,0,6,5,4,1,6,3,3,21,48
"929",6,1,21,7,23,16,16,1,16,7,19,16,16,5,4,0,4,0,0,5,4,2,1,26,52
"930",7,11,1,9,3,22,19,1,21,7,23,16,16,4,4,6,4,6,0,4,6,1,2,18,41
"931",8,15,1,9,3,26,19,11,1,9,3,22,19,4,0,0,3,6,4,4,4,1,2,22,45
"932",9,20,7,9,3,29,19,15,1,9,3,26,19,3,6,0,3,0,0,6,3,2,2,33,48
"933",10,1,7,11,10,1,19,20,7,9,3,29,19,2,3,4,3,4,0,2,4,3,1,16,27
"934",11,1,7,14,11,1,19,1,7,11,10,1,19,3,0,0,1,2,2,3,1,3,1,19,28
"935",12,1,7,14,11,1,19,1,7,14,11,1,19,2,2,0,NA,0,0,0,0,0,0,19,28
"936",0,0,0,0,0,0,0,0,0,0,0,0,0,0,0,0,0,0,0,0,0,0,0,0,0
"937",1,4,1,1,1,4,1,1,1,1,1,1,1,3,3,2,3,2,0,3,3,1,2,3,3
"938",2,4,3,1,1,10,5,4,1,1,1,4,1,2,0,0,6,1,4,2,6,2,2,5,13
"939",3,4,3,5,2,10,5,4,3,1,1,10,5,1,4,0,1,0,0,4,1,3,1,9,14
"940",4,4,3,10,2,10,7,4,3,5,2,10,5,1,5,2,1,2,0,5,2,3,3,14,16
"941",5,4,4,10,7,10,7,4,3,10,2,10,7,1,0,0,3,5,2,1,5,2,1,15,21
"942",6,4,6,10,7,13,7,4,4,10,7,10,7,3,2,0,3,0,0,2,3,2,2,17,24
"943",7,7,6,10,7,13,9,4,6,10,7,13,7,3,2,1,2,1,0,3,2,1,3,20,26
"944",8,7,7,10,11,13,9,7,6,10,7,13,9,1,0,0,4,4,3,1,4,2,1,21,30
"945",9,7,7,14,11,13,12,7,7,10,11,13,9,4,3,0,3,0,0,4,3,3,3,25,33
"946",10,12,7,14,14,13,12,7,7,14,11,13,12,1,3,5,1,3,0,5,3,1,1,30,36
"947",11,13,7,14,17,13,12,12,7,14,14,13,12,1,0,0,3,1,4,1,3,1,1,31,39
"948",12,13,7,14,17,13,12,13,7,14,17,13,12,1,4,0,NA,0,0,0,0,0,0,31,39
"949",0,0,0,0,0,0,0,0,0,0,0,0,0,0,0,0,0,0,0,0,0,0,0,0,0
"950",1,1,6,1,4,1,1,1,1,1,1,1,1,5,3,2,3,2,0,5,3,2,1,5,3
"951",2,3,6,1,7,1,1,1,6,1,4,1,1,2,0,0,4,2,3,2,3,1,1,7,6
"952",3,3,10,1,9,1,1,3,6,1,7,1,1,4,2,0,2,0,0,4,2,2,1,11,8
"953",4,3,16,4,9,1,11,3,10,1,9,1,1,6,2,6,2,6,0,6,6,2,3,20,18
"954",5,3,16,6,9,1,16,3,16,4,9,1,11,2,0,0,5,6,5,2,5,3,3,22,23
"955",6,3,18,12,14,1,16,3,16,6,9,1,16,6,5,0,5,0,0,6,5,3,1,30,28
"956",7,7,18,12,18,1,16,3,18,12,14,1,16,4,4,2,4,2,0,4,4,1,1,34,32
"957",8,9,18,12,22,1,22,7,18,12,18,1,16,2,0,0,6,2,4,2,6,1,3,36,42
"958",9,9,18,16,22,1,24,9,18,12,22,1,22,2,4,0,2,0,0,4,2,3,3,40,44
"959",10,11,18,16,22,12,24,9,18,16,22,1,24,2,6,2,6,2,0,2,6,1,2,42,55
"960",11,11,20,16,24,12,24,11,18,16,22,12,24,2,0,0,2,4,3,2,2,2,1,44,57
"961",12,11,20,16,24,12,24,11,20,16,24,12,24,4,3,0,NA,0,0,0,0,0,0,44,57
"962",0,0,0,0,0,0,0,0,0,0,0,0,0,0,0,0,0,0,0,0,0,0,0,0,0
"963",1,5,1,1,1,1,6,1,1,1,1,1,1,4,5,4,5,4,0,4,5,1,3,4,5
"964",2,9,1,1,5,1,12,5,1,1,1,1,6,4,0,0,6,6,4,4,6,1,3,8,15
"965",3,16,1,1,5,1,16,9,1,1,5,1,12,6,4,0,4,0,0,6,4,1,3,15,19
"966",4,18,7,1,11,8,16,16,1,1,5,1,16,6,3,6,3,6,0,6,6,2,1,23,32
"967",5,18,10,1,16,14,16,18,7,1,11,8,16,3,0,0,1,6,3,3,6,2,2,26,43
"968",6,21,10,1,16,15,16,18,10,1,16,14,16,1,3,0,1,0,0,3,1,1,2,29,44
"969",7,29,10,1,16,19,16,21,10,1,16,15,16,1,4,6,1,4,0,6,4,1,2,37,48
"970",8,29,1,1,22,39,26,29,10,1,16,19,16,1,0,0,1,6,2,1,6,2,2,28,122
"971",9,29,2,1,24,39,26,29,1,1,22,39,26,1,2,0,2,0,0,1,2,2,1,29,124
"972",10,34,2,1,24,39,27,29,2,1,24,39,26,5,1,6,1,6,0,5,1,1,3,34,125
"973",11,34,3,1,30,39,27,34,2,1,24,39,27,6,0,0,1,6,2,6,1,3,1,35,131
"974",12,34,3,1,30,39,27,34,3,1,30,39,27,6,2,0,NA,0,0,0,0,0,0,35,131
"975",0,0,0,0,0,0,0,0,0,0,0,0,0,0,0,0,0,0,0,0,0,0,0,0,0
"976",1,5,1,1,6,1,1,1,1,1,1,1,1,5,4,4,5,4,0,4,5,1,1,4,5
"977",2,5,1,5,6,1,6,5,1,1,6,1,1,4,0,0,1,1,5,4,5,3,3,8,10
"978",3,5,1,6,6,1,7,5,1,5,6,1,6,1,1,0,1,0,0,1,1,3,3,9,11
"979",4,11,1,9,6,1,11,5,1,6,6,1,7,6,4,1,4,1,0,6,4,1,3,18,15
"980",5,12,1,9,11,1,11,11,1,9,6,1,11,1,0,0,5,1,5,1,5,1,1,19,20
"981",6,12,6,9,11,1,12,12,1,9,11,1,11,1,5,0,1,0,0,5,1,2,3,24,21
"982",7,12,12,14,11,5,12,12,6,9,11,1,12,1,6,4,1,4,0,6,4,2,2,35,25
"983",8,13,12,14,11,5,16,12,12,14,11,5,12,1,0,0,3,4,3,1,4,1,3,36,29
"984",9,13,12,17,14,5,16,13,12,14,11,5,16,3,3,0,3,0,0,3,3,3,1,39,32
"985",10,13,16,29,14,6,16,13,12,17,14,5,16,5,2,6,5,2,0,6,5,3,2,55,33
"986",11,15,16,29,14,8,16,13,16,29,14,6,16,2,0,0,2,1,3,2,2,1,2,57,35
"987",12,15,16,29,14,8,16,15,16,29,14,8,16,1,3,0,NA,0,0,0,0,0,0,57,35
"988",0,0,0,0,0,0,0,0,0,0,0,0,0,0,0,0,0,0,0,0,0,0,0,0,0
"989",1,7,6,1,3,7,1,1,1,1,1,1,1,4,6,6,4,6,0,6,6,1,2,11,8
"990",2,7,6,5,3,7,5,7,6,1,3,7,1,4,0,0,4,5,4,4,4,3,3,15,12
"991",3,7,6,10,3,11,5,7,6,5,3,7,5,5,4,0,4,0,0,5,4,3,2,20,16
"992",4,13,6,14,5,11,11,7,6,10,3,11,5,6,1,6,1,6,0,6,6,1,3,30,24
"993",5,13,6,15,10,11,11,13,6,14,5,11,11,1,0,0,5,5,1,1,5,3,1,31,29
"994",6,13,11,15,10,11,12,13,6,15,10,11,11,5,1,0,1,0,0,5,1,2,3,36,30
"995",7,13,11,16,13,11,12,13,11,15,10,11,12,3,1,3,3,3,0,1,3,3,1,37,33
"996",8,13,11,19,13,15,12,13,11,16,13,11,12,3,0,0,6,4,3,3,4,3,2,40,37
"997",9,26,11,19,13,18,12,13,11,19,13,15,12,6,3,0,3,0,0,6,3,1,2,53,40
"998",10,34,11,19,1,22,1,26,11,19,13,18,12,4,1,4,1,4,0,4,4,1,2,61,21
"999",11,35,1,19,1,29,4,34,11,19,1,22,1,1,0,0,6,5,5,1,6,1,2,52,31
"1000",12,35,1,19,1,29,4,35,1,19,1,29,4,5,5,0,NA,0,0,0,0,0,0,52,31
"1001",0,0,0,0,0,0,0,0,0,0,0,0,0,0,0,0,0,0,0,0,0,0,0,0,0
"1002",1,6,1,1,1,3,1,1,1,1,1,1,1,2,1,5,2,1,0,5,2,1,2,5,2
"1003",2,7,1,1,6,9,1,6,1,1,1,3,1,1,0,0,6,6,1,1,6,1,2,6,13
"1004",3,13,5,1,6,9,2,7,1,1,6,9,1,6,1,0,1,0,0,6,1,1,3,16,14
"1005",4,13,5,2,6,9,5,13,5,1,6,9,2,1,3,2,3,2,0,1,3,3,3,17,17
"1006",5,15,5,2,10,9,5,13,5,2,6,9,5,2,0,0,4,2,2,2,4,1,1,19,21
"1007",6,17,5,2,10,11,5,15,5,2,10,9,5,2,2,0,2,0,0,2,2,1,2,21,23
"1008",7,17,10,2,14,11,5,17,5,2,10,11,5,1,5,4,1,4,0,5,4,2,1,26,27
"1009",8,17,11,2,14,11,9,17,10,2,14,11,5,1,0,0,1,4,2,1,4,2,3,27,31
"1010",9,19,11,2,14,11,10,17,11,2,14,11,9,1,2,0,1,0,0,2,1,1,3,29,32
"1011",10,19,18,2,19,11,10,19,11,2,14,11,10,6,3,5,3,5,0,6,5,2,1,36,37
"1012",11,22,18,2,23,11,10,19,18,2,19,11,10,3,0,0,4,1,1,3,4,1,1,39,41
"1013",12,22,18,2,23,11,10,22,18,2,23,11,10,1,1,0,NA,0,0,0,0,0,0,39,41
"1014",0,0,0,0,0,0,0,0,0,0,0,0,0,0,0,0,0,0,0,0,0,0,0,0,0
"1015",1,8,1,1,2,1,1,1,1,1,1,1,1,6,1,3,1,3,0,6,1,1,1,7,1
"1016",2,8,1,4,2,1,5,8,1,1,2,1,1,3,0,0,4,5,4,3,4,3,3,10,5
"1017",3,8,1,9,2,5,5,8,1,4,2,1,5,5,4,0,4,0,0,5,4,3,2,15,9
"1018",4,8,7,12,6,5,5,8,1,9,2,5,5,6,4,1,4,1,0,6,4,2,1,24,13
"1019",5,8,8,12,6,9,5,8,7,12,6,5,5,1,0,0,2,4,6,1,4,2,2,25,17
"1020",6,12,14,12,6,11,5,8,8,12,6,9,5,2,6,0,2,0,0,6,2,2,2,35,19
"1021",7,14,14,12,6,16,5,12,14,12,6,11,5,4,2,5,4,5,0,2,5,1,2,37,24
"1022",8,14,18,12,9,22,5,14,14,12,6,16,5,4,0,0,6,6,6,4,6,2,2,41,33
"1023",9,14,21,18,9,30,5,14,18,12,9,22,5,6,6,0,6,0,0,6,6,3,2,50,41
"1024",10,20,31,18,1,33,5,14,21,18,9,30,5,6,3,3,3,3,0,6,3,1,2,66,36
"1025",11,20,34,18,1,39,8,20,31,18,1,33,5,3,0,0,4,2,6,3,6,2,2,69,83
"1026",12,20,34,18,1,39,8,20,34,18,1,39,8,4,2,0,NA,0,0,0,0,0,0,69,83
"1027",0,0,0,0,0,0,0,0,0,0,0,0,0,0,0,0,0,0,0,0,0,0,0,0,0
"1028",1,4,1,7,1,4,1,1,1,1,1,1,1,6,3,2,3,2,0,6,3,3,2,9,3
"1029",2,6,1,7,1,4,6,4,1,7,1,4,1,2,0,0,5,2,1,2,5,1,3,11,8
"1030",3,8,1,7,1,4,7,6,1,7,1,4,6,2,1,0,1,0,0,2,1,1,3,13,9
"1031",4,8,6,7,4,10,7,8,1,7,1,4,7,5,4,6,4,6,0,5,6,2,2,18,18
"1032",5,8,10,7,9,10,7,8,6,7,4,10,7,4,0,0,5,4,5,4,5,2,1,22,23
"1033",6,13,10,7,9,10,11,8,10,7,9,10,7,4,5,0,4,0,0,5,4,1,3,27,27
"1034",7,13,18,7,9,13,11,13,10,7,9,10,11,3,3,6,3,3,0,6,3,2,2,35,30
"1035",8,16,18,7,13,13,11,13,18,7,9,13,11,3,0,0,2,4,6,3,4,1,1,38,34
"1036",9,21,24,13,15,13,11,16,18,7,13,13,11,2,6,0,2,0,0,6,2,2,1,55,36
"1037",10,24,24,13,15,15,11,21,24,13,15,13,11,3,2,6,2,6,0,3,2,1,2,58,38
"1038",11,24,28,19,19,15,11,24,24,13,15,15,11,6,0,0,4,2,6,6,4,3,1,68,42
"1039",12,24,28,19,19,15,11,24,28,19,19,15,11,2,6,0,NA,0,0,0,0,0,0,68,42
"1040",0,0,0,0,0,0,0,0,0,0,0,0,0,0,0,0,0,0,0,0,0,0,0,0,0
"1041",1,1,1,6,1,1,4,1,1,1,1,1,1,5,1,3,1,3,0,5,3,3,3,5,3
"1042",2,2,1,6,1,7,8,1,1,6,1,1,4,1,0,0,5,6,5,1,6,1,2,6,13
"1043",3,2,1,11,1,7,13,2,1,6,1,7,8,5,5,0,5,0,0,5,5,3,3,11,18
"1044",4,2,1,16,6,7,13,2,1,11,1,7,13,4,5,5,4,5,0,5,5,3,1,16,23
"1045",5,2,1,20,12,10,13,2,1,16,6,7,13,4,0,0,2,6,4,4,6,3,1,20,32
"1046",6,2,1,24,12,10,15,2,1,20,12,10,13,2,4,0,2,0,0,4,2,3,3,24,34
"1047",7,2,3,36,5,10,15,2,1,24,12,10,15,4,4,6,4,4,0,6,4,3,1,38,27
"1048",8,6,3,36,7,10,15,2,3,36,5,10,15,4,0,0,2,2,6,4,2,1,1,42,29
"1049",9,6,9,37,7,12,15,6,3,36,7,10,15,2,6,0,2,0,0,6,2,2,2,49,31
"1050",10,10,9,37,7,12,19,6,9,37,7,12,15,4,5,4,5,4,0,4,4,1,3,53,35
"1051",11,15,9,37,7,12,22,10,9,37,7,12,19,5,0,0,6,2,3,5,3,1,3,58,38
"1052",12,15,9,37,7,12,22,15,9,37,7,12,22,6,2,0,NA,0,0,0,0,0,0,58,38
"1053",0,0,0,0,0,0,0,0,0,0,0,0,0,0,0,0,0,0,0,0,0,0,0,0,0
"1054",1,1,5,1,1,6,1,1,1,1,1,1,1,3,4,5,3,5,0,4,5,2,2,4,5
"1055",2,1,5,4,1,6,6,1,5,1,1,6,1,3,0,0,5,5,4,3,5,3,3,7,10
"1056",3,1,5,9,5,6,6,1,5,4,1,6,6,5,4,0,4,0,0,5,4,3,1,12,14
"1057",4,1,5,16,5,10,6,1,5,9,5,6,6,2,6,4,2,4,0,6,4,3,2,19,18
"1058",5,1,5,18,10,10,6,1,5,16,5,10,6,2,0,0,6,5,5,2,5,3,1,21,23
"1059",6,7,5,20,10,15,6,1,5,18,10,10,6,6,5,0,5,0,0,6,5,1,2,29,28
"1060",7,7,13,20,10,19,6,7,5,20,10,15,6,4,2,6,4,2,0,6,4,2,2,37,32
"1061",8,7,15,20,10,23,6,7,13,20,10,19,6,2,0,0,4,3,3,2,4,2,2,39,36
"1062",9,7,18,20,10,23,9,7,15,20,10,23,6,3,3,0,3,0,0,3,3,2,3,42,39
"1063",10,14,18,20,13,23,9,7,18,20,10,23,9,6,2,3,2,3,0,6,3,1,1,49,42
"1064",11,16,18,20,13,23,14,14,18,20,13,23,9,2,0,0,5,3,6,2,5,1,3,51,47
"1065",12,16,18,20,13,23,14,16,18,20,13,23,14,3,6,0,NA,0,0,0,0,0,0,51,47
"1066",0,0,0,0,0,0,0,0,0,0,0,0,0,0,0,0,0,0,0,0,0,0,0,0,0
"1067",1,1,2,1,1,5,1,1,1,1,1,1,1,1,4,1,4,1,0,1,4,2,2,1,4
"1068",2,1,2,2,3,11,1,1,2,1,1,5,1,1,0,0,6,3,6,1,6,3,2,2,12
"1069",3,1,15,2,3,14,1,1,2,2,3,11,1,3,6,0,3,0,0,6,3,2,2,15,15
"1070",4,1,20,2,3,19,1,1,15,2,3,14,1,5,5,5,5,5,0,5,5,2,2,20,20
"1071",5,6,20,2,8,19,1,1,20,2,3,19,1,5,0,0,5,4,3,5,5,1,1,25,25
"1072",6,6,20,6,11,19,1,6,20,2,8,19,1,4,3,0,3,0,0,4,3,3,1,29,28
"1073",7,11,35,6,7,22,1,6,20,6,11,19,1,6,6,2,6,2,0,6,6,2,1,49,27
"1074",8,11,37,6,7,25,1,11,35,6,7,22,1,2,0,0,2,3,6,2,3,2,2,51,30
"1075",9,12,39,6,7,31,2,11,37,6,7,25,1,2,6,0,6,0,0,2,6,2,2,92,37
"1076",10,12,39,8,7,34,2,12,39,6,7,31,2,2,1,3,1,3,0,2,3,3,2,94,40
"1077",11,13,39,8,7,39,5,12,39,8,7,34,2,1,0,0,1,5,2,1,5,1,2,95,86
"1078",12,13,39,8,7,39,5,13,39,8,7,39,5,1,2,0,NA,0,0,0,0,0,0,95,86
"1079",0,0,0,0,0,0,0,0,0,0,0,0,0,0,0,0,0,0,0,0,0,0,0,0,0
"1080",1,6,1,1,1,4,1,1,1,1,1,1,1,3,5,3,3,3,0,5,3,1,2,5,3
"1081",2,9,1,1,1,8,1,6,1,1,1,4,1,3,0,0,1,4,1,3,4,1,2,8,7
"1082",3,9,2,1,1,9,1,9,1,1,1,8,1,1,1,0,1,0,0,1,1,2,2,9,8
"1083",4,9,7,1,2,15,1,9,2,1,1,9,1,6,5,4,6,4,0,5,6,2,2,14,15
"1084",5,9,7,5,2,22,7,9,7,1,2,15,1,4,0,0,6,1,4,4,6,3,3,18,28
"1085",6,9,11,1,2,25,7,9,7,5,2,22,7,1,4,0,1,0,0,4,1,2,2,18,31
"1086",7,1,16,1,2,32,7,9,11,1,2,25,7,3,5,2,3,2,0,5,2,2,2,15,38
"1087",8,4,16,1,2,37,7,1,16,1,2,32,7,3,0,0,2,5,3,3,5,1,2,18,43
"1088",9,4,19,1,4,37,7,4,16,1,2,37,7,2,3,0,2,0,0,3,2,2,1,21,45
"1089",10,6,19,1,6,37,7,4,19,1,4,37,7,2,2,4,2,4,0,2,2,1,1,23,47
"1090",11,6,19,5,9,37,7,6,19,1,6,37,7,4,0,0,3,3,1,4,3,3,1,27,50
"1091",12,6,19,5,9,37,7,6,19,5,9,37,7,3,1,0,NA,0,0,0,0,0,0,27,50
"1092",0,0,0,0,0,0,0,0,0,0,0,0,0,0,0,0,0,0,0,0,0,0,0,0,0
"1093",1,1,1,3,1,5,1,1,1,1,1,1,1,2,3,4,3,4,0,2,4,3,2,2,4
"1094",2,4,1,3,1,6,1,1,1,3,1,5,1,3,0,0,3,5,1,3,1,1,2,5,5
"1095",3,4,6,3,1,9,1,4,1,3,1,6,1,3,5,0,3,0,0,5,3,2,2,10,8
"1096",4,7,12,3,1,13,1,4,6,3,1,9,1,4,1,6,4,1,0,6,4,2,2,19,12
"1097",5,8,12,3,2,19,1,7,12,3,1,13,1,1,0,0,6,2,1,1,6,1,2,20,19
"1098",6,8,14,3,2,20,1,8,12,3,2,19,1,2,1,0,1,0,0,2,1,2,2,22,20
"1099",7,1,18,3,2,29,1,8,14,3,2,20,1,6,2,4,6,2,0,4,6,2,2,19,29
"1100",8,1,18,5,2,33,1,1,18,3,2,29,1,2,0,0,3,4,1,2,4,3,2,21,33
"1101",9,1,1,5,3,36,1,1,18,5,2,33,1,3,1,0,1,0,0,3,1,2,1,4,37
"1102",10,2,1,5,8,36,1,1,1,5,3,36,1,1,5,5,5,5,0,1,5,1,1,5,42
"1103",11,7,1,5,13,36,1,2,1,5,8,36,1,5,0,0,5,1,2,5,5,1,1,10,47
"1104",12,7,1,5,13,36,1,7,1,5,13,36,1,1,2,0,NA,0,0,0,0,0,0,10,47
"1105",0,0,0,0,0,0,0,0,0,0,0,0,0,0,0,0,0,0,0,0,0,0,0,0,0
"1106",1,7,1,5,1,4,1,1,1,1,1,1,1,3,6,1,3,1,0,6,3,1,2,10,3
"1107",2,8,1,5,1,4,4,7,1,5,1,4,1,1,0,0,2,3,3,1,3,1,3,11,6
"1108",3,8,1,8,3,4,4,8,1,5,1,4,4,2,3,0,2,0,0,3,2,3,1,14,8
"1109",4,13,1,8,6,4,4,8,1,8,3,4,4,5,3,1,3,1,0,5,3,1,1,19,11
"1110",5,13,1,9,11,4,4,13,1,8,6,4,4,1,0,0,5,5,6,1,5,3,1,20,16
"1111",6,20,1,9,11,4,9,13,1,9,11,4,4,5,6,0,5,0,0,6,5,1,3,27,21
"1112",7,20,1,14,14,4,9,20,1,9,11,4,9,3,1,5,3,1,0,5,3,3,1,32,24
"1113",8,20,1,15,18,4,9,20,1,14,14,4,9,1,0,0,6,4,4,1,4,3,1,33,28
"1114",9,20,3,21,18,4,13,20,1,15,18,4,9,6,4,0,4,0,0,6,4,3,3,41,32
"1115",10,20,6,21,21,4,13,20,3,21,18,4,13,1,3,3,1,3,0,3,3,2,1,44,35
"1116",11,21,6,21,21,4,14,20,6,21,21,4,13,1,0,0,1,4,1,1,1,1,3,45,36
"1117",12,21,6,21,21,4,14,21,6,21,21,4,14,4,1,0,NA,0,0,0,0,0,0,45,36
"1118",0,0,0,0,0,0,0,0,0,0,0,0,0,0,0,0,0,0,0,0,0,0,0,0,0
"1119",1,1,1,6,9,7,1,1,1,1,1,1,1,5,5,6,5,6,0,5,6,3,1,5,14
"1120",2,1,1,11,15,7,6,1,1,6,9,7,1,5,0,0,6,4,3,5,6,3,1,10,25
"1121",3,1,1,15,15,10,6,1,1,11,15,7,6,4,3,0,3,0,0,4,3,3,2,14,28
"1122",4,1,1,20,15,15,6,1,1,15,15,10,6,3,5,5,3,5,0,5,5,3,2,19,33
"1123",5,1,1,23,15,15,11,1,1,20,15,15,6,3,0,0,1,5,3,3,5,3,3,22,38
"1124",6,1,4,23,15,15,12,1,1,23,15,15,11,1,3,0,1,0,0,3,1,2,3,25,39
"1125",7,1,4,24,15,15,13,1,4,23,15,15,12,5,1,1,5,1,0,1,1,3,3,26,40
"1126",8,1,4,29,15,19,19,1,4,24,15,15,13,5,0,0,4,6,4,5,6,3,3,31,50
"1127",9,1,6,33,5,19,19,1,4,29,15,19,19,4,4,0,4,0,0,4,4,3,1,37,40
"1128",10,1,6,38,5,20,19,1,6,33,5,19,19,5,1,2,1,2,0,5,1,3,2,42,41
"1129",11,1,8,38,5,21,19,1,6,38,5,20,19,2,0,0,1,1,1,2,1,2,2,44,42
"1130",12,1,8,38,5,21,19,1,8,38,5,21,19,1,1,0,NA,0,0,0,0,0,0,44,42
"1131",0,0,0,0,0,0,0,0,0,0,0,0,0,0,0,0,0,0,0,0,0,0,0,0,0
"1132",1,3,1,7,1,5,1,1,1,1,1,1,1,1,4,6,1,4,0,6,4,3,2,8,4
"1133",2,3,1,8,7,5,3,3,1,7,1,5,1,1,0,0,1,6,5,1,6,3,1,9,12
"1134",3,3,1,13,8,5,3,3,1,8,7,5,3,1,5,0,1,0,0,5,1,3,1,14,13
"1135",4,3,6,19,8,10,3,3,1,13,8,5,3,5,6,4,5,4,0,6,5,3,2,25,18
"1136",5,7,6,19,8,20,3,3,6,19,8,10,3,4,0,0,3,6,4,4,6,1,2,29,28
"1137",6,11,6,19,8,23,3,7,6,19,8,20,3,3,4,0,3,0,0,4,3,1,2,33,31
"1138",7,16,6,19,8,28,3,11,6,19,8,23,3,1,5,5,1,5,0,5,5,1,2,38,36
"1139",8,17,6,19,10,28,9,16,6,19,8,28,3,1,0,0,2,2,6,1,6,1,3,39,44
"1140",9,19,6,19,10,30,9,17,6,19,10,28,9,2,2,0,2,0,0,2,2,1,2,41,46
"1141",10,19,8,19,10,32,9,19,6,19,10,30,9,2,1,2,1,2,0,2,2,2,2,43,48
"1142",11,19,1,19,28,32,9,19,8,19,10,32,9,1,0,0,4,6,2,1,6,2,1,36,66
"1143",12,19,1,19,28,32,9,19,1,19,28,32,9,4,2,0,NA,0,0,0,0,0,0,36,66
"1144",0,0,0,0,0,0,0,0,0,0,0,0,0,0,0,0,0,0,0,0,0,0,0,0,0
"1145",1,1,1,8,1,1,8,1,1,1,1,1,1,5,6,6,5,6,0,6,6,3,3,7,7
"1146",2,1,6,8,1,1,9,1,1,8,1,1,8,5,0,0,2,5,1,5,1,2,3,12,8
"1147",3,1,6,13,1,1,11,1,6,8,1,1,9,2,5,0,2,0,0,5,2,3,3,17,10
"1148",4,7,6,15,1,1,14,1,6,13,1,1,11,6,3,1,3,1,0,6,3,1,3,25,13
"1149",5,7,6,16,1,1,19,7,6,15,1,1,14,1,0,0,5,4,6,1,5,3,3,26,18
"1150",6,13,6,19,1,1,23,7,6,16,1,1,19,4,6,0,4,0,0,6,4,1,3,35,22
"1151",7,18,12,19,1,1,28,13,6,19,1,1,23,6,5,5,5,5,0,6,5,2,3,46,27
"1152",8,18,17,19,5,1,39,18,12,19,1,1,28,5,0,0,1,1,6,5,6,2,3,51,80
"1153",9,19,17,19,6,1,39,18,17,19,5,1,39,1,1,0,1,0,0,1,1,1,1,52,81
"1154",10,19,19,1,9,1,39,19,17,19,6,1,39,1,5,6,1,5,0,6,1,3,1,36,84
"1155",11,24,19,1,13,1,39,19,19,1,9,1,39,5,0,0,4,6,6,5,4,1,1,41,88
"1156",12,24,19,1,13,1,39,24,19,1,13,1,39,6,6,0,NA,0,0,0,0,0,0,41,88
"1157",0,0,0,0,0,0,0,0,0,0,0,0,0,0,0,0,0,0,0,0,0,0,0,0,0
"1158",1,3,1,1,5,1,1,1,1,1,1,1,1,2,3,4,3,4,0,2,4,1,1,2,4
"1159",2,3,4,1,5,1,3,3,1,1,5,1,1,3,0,0,2,1,3,3,2,2,3,5,6
"1160",3,3,7,1,5,1,4,3,4,1,5,1,3,1,3,0,1,0,0,3,1,2,3,8,7
"1161",4,3,7,6,5,6,4,3,7,1,5,1,4,4,5,5,4,5,0,5,5,3,2,13,12
"1162",5,7,7,6,5,9,4,3,7,6,5,6,4,4,0,0,3,2,6,4,3,1,2,17,15
"1163",6,10,13,6,5,9,6,7,7,6,5,9,4,2,6,0,2,0,0,6,2,2,3,26,17
"1164",7,12,19,6,5,14,6,10,13,6,5,9,6,6,5,4,5,4,0,6,5,2,2,34,22
"1165",8,12,19,10,5,19,6,12,19,6,5,14,6,4,0,0,4,2,5,4,5,3,2,38,27
"1166",9,12,19,14,5,21,6,12,19,10,5,19,6,4,2,0,2,0,0,4,2,3,2,42,29
"1167",10,17,19,14,5,25,6,12,19,14,5,21,6,2,4,5,2,4,0,5,4,1,2,47,33
"1168",11,17,19,16,5,28,6,17,19,14,5,25,6,2,0,0,6,3,6,2,3,3,2,49,36
"1169",12,17,19,16,5,28,6,17,19,16,5,28,6,6,6,0,NA,0,0,0,0,0,0,49,36
"1170",0,0,0,0,0,0,0,0,0,0,0,0,0,0,0,0,0,0,0,0,0,0,0,0,0
"1171",1,1,2,1,7,10,1,1,1,1,1,1,1,1,2,6,2,6,0,1,6,2,2,1,15
"1172",2,1,2,3,8,10,1,1,2,1,7,10,1,2,0,0,1,3,1,2,1,3,1,3,16
"1173",3,4,2,3,9,10,1,1,2,3,8,10,1,3,1,0,1,0,0,3,1,1,1,6,17
"1174",4,4,4,3,17,10,1,4,2,3,9,10,1,4,6,2,4,6,0,2,6,2,1,8,25
"1175",5,4,8,3,17,10,4,4,4,3,17,10,1,4,0,0,3,4,3,4,3,2,3,12,28
"1176",6,4,8,7,17,10,7,4,8,3,17,10,4,4,3,0,3,0,0,4,3,3,3,16,31
"1177",7,6,8,7,17,10,11,4,8,7,17,10,7,2,4,4,4,4,0,2,4,1,3,18,35
"1178",8,10,8,7,18,16,17,6,8,7,17,10,11,4,0,0,6,5,2,4,6,1,2,22,48
"1179",9,10,10,7,23,16,17,10,8,7,18,16,17,5,2,0,5,0,0,2,5,2,1,24,53
"1180",10,10,11,1,26,16,17,10,10,7,23,16,17,1,2,4,2,4,0,1,2,2,1,19,56
"1181",11,1,11,1,35,16,17,10,11,1,26,16,17,4,0,0,6,2,1,4,6,1,1,10,65
"1182",12,1,11,1,35,16,17,1,11,1,35,16,17,2,1,0,NA,0,0,0,0,0,0,10,65
"1183",0,0,0,0,0,0,0,0,0,0,0,0,0,0,0,0,0,0,0,0,0,0,0,0,0
"1184",1,1,1,6,4,1,1,1,1,1,1,1,1,5,2,3,2,3,0,5,3,3,1,5,3
"1185",2,1,1,8,4,6,1,1,1,6,4,1,1,2,0,0,1,5,6,2,5,3,2,7,8
"1186",3,1,11,8,4,7,1,1,1,8,4,6,1,1,6,0,1,0,0,6,1,2,2,17,9
"1187",4,6,11,8,4,7,3,1,11,8,4,7,1,5,1,2,1,2,0,5,2,1,3,22,11
"1188",5,7,11,8,4,12,3,6,11,8,4,7,3,1,0,0,5,4,2,1,5,1,2,23,16
"1189",6,7,11,12,4,14,3,7,11,8,4,12,3,4,2,0,2,0,0,4,2,3,2,27,18
"1190",7,7,17,18,4,23,3,7,11,12,4,14,3,6,1,6,1,6,0,6,6,2,2,39,27
"1191",8,1,18,18,4,30,3,7,17,18,4,23,3,1,0,0,2,5,2,1,2,2,2,34,34
"1192",9,6,18,18,4,30,5,1,18,18,4,30,3,5,2,0,2,0,0,5,2,1,3,39,36
"1193",10,11,18,18,4,34,5,6,18,18,4,30,5,5,1,4,1,4,0,5,4,1,2,44,40
"1194",11,11,18,19,8,39,5,11,18,18,4,34,5,1,0,0,5,5,1,1,5,3,2,45,87
"1195",12,11,18,19,8,39,5,11,18,19,8,39,5,5,1,0,NA,0,0,0,0,0,0,45,87
"1196",0,0,0,0,0,0,0,0,0,0,0,0,0,0,0,0,0,0,0,0,0,0,0,0,0
"1197",1,2,1,7,1,1,6,1,1,1,1,1,1,5,4,6,5,4,0,6,5,3,3,7,5
"1198",2,6,1,7,1,1,10,2,1,7,1,1,6,4,0,0,4,2,5,4,4,1,3,11,9
"1199",3,6,1,12,1,3,10,6,1,7,1,1,10,2,5,0,2,0,0,5,2,3,2,16,11
"1200",4,10,1,12,1,8,10,6,1,12,1,3,10,4,5,4,5,4,0,4,5,1,2,20,16
"1201",5,10,1,16,1,8,15,10,1,12,1,8,10,4,0,0,5,1,3,4,5,3,3,24,21
"1202",6,13,1,16,2,8,15,10,1,16,1,8,15,1,3,0,1,0,0,3,1,1,1,27,22
"1203",7,14,1,16,6,8,15,13,1,16,2,8,15,1,4,1,4,1,0,1,4,1,1,28,26
"1204",8,14,1,17,8,14,15,14,1,16,6,8,15,1,0,0,6,3,2,1,6,3,2,29,34
"1205",9,14,4,17,8,16,15,14,1,17,8,14,15,3,2,0,2,0,0,3,2,2,2,32,36
"1206",10,20,10,22,8,18,15,14,4,17,8,16,15,6,2,2,2,2,0,6,2,2,2,49,38
"1207",11,22,10,22,8,23,15,20,10,22,8,18,15,2,0,0,5,5,1,2,5,1,2,51,43
"1208",12,22,10,22,8,23,15,22,10,22,8,23,15,5,1,0,NA,0,0,0,0,0,0,51,43
"1209",0,0,0,0,0,0,0,0,0,0,0,0,0,0,0,0,0,0,0,0,0,0,0,0,0
"1210",1,1,4,1,3,7,1,1,1,1,1,1,1,3,6,3,6,3,0,3,6,2,2,3,8
"1211",2,4,4,1,8,7,1,1,4,1,3,7,1,3,0,0,5,1,2,3,5,1,1,6,13
"1212",3,4,5,1,10,7,1,4,4,1,8,7,1,1,2,0,2,0,0,1,2,2,1,7,15
"1213",4,7,5,1,16,7,3,4,5,1,10,7,1,3,6,1,6,1,0,3,6,1,1,10,23
"1214",5,8,5,1,16,11,3,7,5,1,16,7,3,1,0,0,2,4,6,1,4,1,2,11,27
"1215",6,14,9,1,18,11,3,8,5,1,16,11,3,2,6,0,2,0,0,6,2,1,1,21,29
"1216",7,19,9,1,18,11,7,14,9,1,18,11,3,5,4,2,4,2,0,5,4,1,3,26,33
"1217",8,19,9,3,18,17,11,19,9,1,18,11,7,2,0,0,4,6,3,2,6,3,2,28,43
"1218",9,23,9,3,18,17,14,19,9,3,18,17,11,4,3,0,3,0,0,4,3,1,3,32,46
"1219",10,23,14,3,19,17,20,23,9,3,18,17,14,5,2,6,2,6,0,5,6,2,3,37,53
"1220",11,25,14,3,19,19,20,23,14,3,19,17,20,2,0,0,2,5,1,2,2,1,2,39,55
"1221",12,25,14,3,19,19,20,25,14,3,19,19,20,5,1,0,NA,0,0,0,0,0,0,39,55
"1222",0,0,0,0,0,0,0,0,0,0,0,0,0,0,0,0,0,0,0,0,0,0,0,0,0
"1223",1,9,7,1,6,1,1,1,1,1,1,1,1,6,2,5,2,5,0,6,5,2,1,14,5
"1224",2,11,7,1,6,6,1,9,7,1,6,1,1,2,0,0,4,5,5,2,5,1,2,16,10
"1225",3,11,7,6,6,10,1,11,7,1,6,6,1,4,5,0,4,0,0,5,4,3,2,21,14
"1226",4,11,7,8,9,10,7,11,7,6,6,10,1,6,2,2,6,2,0,2,6,3,3,23,23
"1227",5,11,9,8,9,14,7,11,7,8,9,10,7,2,0,0,3,4,4,2,4,2,2,25,27
"1228",6,15,9,8,12,14,7,11,9,8,9,14,7,3,4,0,3,0,0,4,3,1,1,29,30
"1229",7,15,15,11,12,18,7,15,9,8,12,14,7,3,4,6,3,4,0,6,4,2,2,38,34
"1230",8,18,15,11,12,23,7,15,15,11,12,18,7,3,0,0,5,3,1,3,5,1,2,41,39
"1231",9,21,15,11,12,24,7,18,15,11,12,23,7,3,1,0,1,0,0,3,1,1,2,44,40
"1232",10,24,15,11,12,24,8,21,15,11,12,24,7,1,1,3,1,1,0,3,1,1,3,47,41
"1233",11,24,15,12,12,29,8,24,15,11,12,24,8,1,0,0,4,1,5,1,5,3,2,48,46
"1234",12,24,15,12,12,29,8,24,15,12,12,29,8,4,1,0,NA,0,0,0,0,0,0,48,46
"1235",0,0,0,0,0,0,0,0,0,0,0,0,0,0,0,0,0,0,0,0,0,0,0,0,0
"1236",1,6,1,7,1,1,5,1,1,1,1,1,1,4,6,4,4,4,0,6,4,3,3,11,4
"1237",2,6,1,11,6,1,5,6,1,7,1,1,5,4,0,0,1,5,4,4,5,3,1,15,9
"1238",3,6,5,11,6,2,5,6,1,11,6,1,5,1,4,0,1,0,0,4,1,2,2,19,10
"1239",4,11,11,11,10,2,5,6,5,11,6,2,5,2,6,4,2,4,0,6,4,2,1,30,14
"1240",5,11,13,11,16,7,5,11,11,11,10,2,5,2,0,0,3,3,6,2,6,2,1,32,25
"1241",6,11,13,14,19,7,5,11,13,11,16,7,5,3,3,0,3,0,0,3,3,3,1,35,28
"1242",7,15,13,20,22,7,5,11,13,14,19,7,5,3,5,6,3,5,0,6,3,3,1,45,31
"1243",8,20,13,20,27,7,5,15,13,20,22,7,5,5,0,0,5,1,6,5,5,1,1,50,36
"1244",9,1,23,23,27,7,4,20,13,20,27,7,5,1,6,0,1,0,0,6,1,2,3,44,35
"1245",10,8,23,23,32,7,4,1,23,23,27,7,4,5,6,1,5,1,0,6,5,1,1,51,40
"1246",11,9,23,23,34,7,4,8,23,23,32,7,4,1,0,0,2,5,5,1,2,1,1,52,42
"1247",12,9,23,23,34,7,4,9,23,23,34,7,4,5,5,0,NA,0,0,0,0,0,0,52,42
"1248",0,0,0,0,0,0,0,0,0,0,0,0,0,0,0,0,0,0,0,0,0,0,0,0,0
"1249",1,1,1,4,1,7,4,1,1,1,1,1,1,3,4,6,4,6,0,3,6,3,2,3,9
"1250",2,1,1,8,1,7,5,1,1,4,1,7,4,4,0,0,1,1,1,4,1,3,3,7,10
"1251",3,1,1,9,1,8,5,1,1,8,1,7,5,1,1,0,1,0,0,1,1,3,2,8,11
"1252",4,6,1,9,1,9,5,1,1,9,1,8,5,2,1,5,2,1,0,5,1,1,2,13,12
"1253",5,6,1,11,1,10,11,6,1,9,1,9,5,2,0,0,6,5,2,2,6,3,3,15,19
"1254",6,6,1,16,1,12,11,6,1,11,1,10,11,5,2,0,2,0,0,5,2,3,2,20,21
"1255",7,12,3,16,1,12,13,6,1,16,1,12,11,2,6,2,2,2,0,6,2,1,3,28,23
"1256",8,12,3,18,4,12,13,12,3,16,1,12,13,2,0,0,2,1,3,2,3,3,1,30,26
"1257",9,12,5,18,5,12,13,12,3,18,4,12,13,2,1,0,1,0,0,2,1,2,1,32,27
"1258",10,12,5,22,5,12,16,12,5,18,5,12,13,1,3,4,1,3,0,4,3,3,3,36,30
"1259",11,13,5,22,5,15,16,12,5,22,5,12,16,1,0,0,2,3,1,1,3,1,2,37,33
"1260",12,13,5,22,5,15,16,13,5,22,5,15,16,2,1,0,NA,0,0,0,0,0,0,37,33
"1261",0,0,0,0,0,0,0,0,0,0,0,0,0,0,0,0,0,0,0,0,0,0,0,0,0
"1262",1,6,1,1,1,5,1,1,1,1,1,1,1,2,4,5,2,4,0,5,4,1,2,5,4
"1263",2,6,3,1,11,5,1,6,1,1,1,5,1,2,0,0,2,5,6,2,6,2,1,7,14
"1264",3,6,8,1,11,7,1,6,3,1,11,5,1,2,5,0,2,0,0,5,2,2,2,12,16
"1265",4,6,13,1,11,18,1,6,8,1,11,7,1,5,6,4,6,4,0,5,6,2,2,17,27
"1266",5,6,17,1,11,18,3,6,13,1,11,18,1,4,0,0,2,5,3,4,2,2,3,21,29
"1267",6,9,17,1,11,18,8,6,17,1,11,18,3,5,3,0,5,0,0,3,5,1,3,24,34
"1268",7,21,17,1,16,18,8,9,17,1,11,18,8,6,5,4,5,4,0,6,5,1,1,36,39
"1269",8,25,17,1,16,18,9,21,17,1,16,18,8,4,0,0,1,1,2,4,1,1,3,40,40
"1270",9,27,21,1,16,18,2,25,17,1,16,18,9,1,2,0,1,0,0,2,1,1,3,46,33
"1271",10,27,22,1,16,22,2,27,21,1,16,18,2,1,4,1,4,1,0,1,4,2,2,47,37
"1272",11,27,1,1,16,26,5,27,22,1,16,22,2,1,0,0,1,4,3,1,3,2,3,26,44
"1273",12,27,1,1,16,26,5,27,1,1,16,26,5,1,4,0,NA,0,0,0,0,0,0,26,44
"1274",0,0,0,0,0,0,0,0,0,0,0,0,0,0,0,0,0,0,0,0,0,0,0,0,0
"1275",1,7,1,4,1,6,1,1,1,1,1,1,1,5,3,6,5,3,0,6,5,1,2,9,5
"1276",2,7,4,4,1,6,6,7,1,4,1,6,1,3,0,0,5,5,5,3,5,2,3,12,10
"1277",3,7,9,4,6,6,6,7,4,4,1,6,6,5,5,0,5,0,0,5,5,2,1,17,15
"1278",4,7,13,4,17,6,12,7,9,4,6,6,6,4,5,6,5,6,0,4,6,2,3,21,32
"1279",5,7,18,4,17,6,15,7,13,4,17,6,12,5,0,0,3,1,1,5,3,2,3,26,35
"1280",6,7,19,4,17,7,15,7,18,4,17,6,15,1,1,0,1,0,0,1,1,2,2,27,36
"1281",7,7,19,9,17,9,21,7,19,4,17,7,15,5,6,4,6,4,0,5,6,3,3,32,44
"1282",8,7,23,9,17,19,21,7,19,9,17,9,21,4,0,0,6,5,5,4,6,2,2,36,54
"1283",9,7,28,9,22,19,21,7,23,9,17,19,21,5,5,0,5,0,0,5,5,2,1,41,59
"1284",10,7,31,9,22,19,22,7,28,9,22,19,21,3,1,5,1,5,0,3,1,2,3,44,60
"1285",11,7,36,9,26,19,22,7,31,9,22,19,22,5,0,0,4,5,2,5,4,2,1,49,64
"1286",12,7,36,9,26,19,22,7,36,9,26,19,22,5,2,0,NA,0,0,0,0,0,0,49,64
"1287",0,0,0,0,0,0,0,0,0,0,0,0,0,0,0,0,0,0,0,0,0,0,0,0,0
"1288",1,2,7,1,4,1,1,1,1,1,1,1,1,6,1,3,1,3,0,6,3,2,1,7,3
"1289",2,3,7,1,9,1,1,2,7,1,4,1,1,1,0,0,1,5,3,1,5,1,1,8,8
"1290",3,6,7,1,9,2,1,3,7,1,9,1,1,1,3,0,1,0,0,3,1,1,2,11,9
"1291",4,6,9,7,9,7,1,6,7,1,9,2,1,6,5,4,5,4,0,6,5,3,2,19,14
"1292",5,6,13,7,9,10,1,6,9,7,9,7,1,4,0,0,2,3,1,4,3,2,2,23,17
"1293",6,6,15,7,9,11,1,6,13,7,9,10,1,2,1,0,1,0,0,2,1,2,2,25,18
"1294",7,6,15,9,11,11,1,6,15,7,9,11,1,2,1,2,1,2,0,2,2,3,1,27,20
"1295",8,7,15,9,13,11,1,6,15,9,11,11,1,1,0,0,5,2,1,1,2,1,1,28,22
"1296",9,12,15,9,13,12,1,7,15,9,13,11,1,5,1,0,1,0,0,5,1,1,2,33,23
"1297",10,12,15,20,17,12,1,12,15,9,13,12,1,2,6,4,2,4,0,6,4,3,1,44,27
"1298",11,12,17,1,17,12,3,12,15,20,17,12,1,2,0,0,6,1,3,2,1,2,3,27,29
"1299",12,12,17,1,17,12,3,12,17,1,17,12,3,6,3,0,NA,0,0,0,0,0,0,27,29
"1300",0,0,0,0,0,0,0,0,0,0,0,0,0,0,0,0,0,0,0,0,0,0,0,0,0
"1301",1,1,1,2,6,1,1,1,1,1,1,1,1,1,5,3,5,3,0,1,5,3,1,1,5
"1302",2,1,1,5,8,1,1,1,1,2,6,1,1,3,0,0,2,4,1,3,2,3,1,4,7
"1303",3,5,1,5,8,2,1,1,1,5,8,1,1,4,1,0,1,0,0,4,1,1,2,8,8
"1304",4,10,1,5,17,8,1,5,1,5,8,2,1,2,5,6,2,6,0,5,6,1,1,13,23
"1305",5,10,3,5,17,8,4,10,1,5,17,8,1,2,0,0,3,5,2,2,3,2,3,15,26
"1306",6,10,3,10,19,8,4,10,3,5,17,8,4,5,2,0,2,0,0,5,2,3,1,20,28
"1307",7,14,3,10,19,12,4,10,3,10,19,8,4,4,4,3,4,3,0,4,4,1,2,24,32
"1308",8,14,6,10,19,18,6,14,3,10,19,12,4,3,0,0,3,1,6,3,6,2,2,27,40
"1309",9,14,6,11,19,18,9,14,6,10,19,18,6,3,1,0,3,0,0,1,3,3,3,28,43
"1310",10,14,6,14,19,18,14,14,6,11,19,18,9,4,3,5,4,5,0,3,5,3,3,31,48
"1311",11,18,6,14,20,18,14,14,6,14,19,18,14,4,0,0,1,1,2,4,1,1,1,35,49
"1312",12,18,6,14,20,18,14,18,6,14,20,18,14,1,2,0,NA,0,0,0,0,0,0,35,49
"1313",0,0,0,0,0,0,0,0,0,0,0,0,0,0,0,0,0,0,0,0,0,0,0,0,0
"1314",1,1,1,4,1,1,5,1,1,1,1,1,1,4,3,1,4,1,0,3,4,3,3,3,4
"1315",2,1,1,5,1,1,10,1,1,4,1,1,5,1,0,0,5,3,2,1,5,3,3,4,9
"1316",3,1,1,8,1,3,10,1,1,5,1,1,10,3,2,0,2,0,0,3,2,3,2,7,11
"1317",4,1,3,8,1,8,10,1,1,8,1,3,10,2,5,5,5,5,0,2,5,2,2,9,16
"1318",5,6,3,8,6,8,10,1,3,8,1,8,10,5,0,0,1,5,3,5,5,1,1,14,21
"1319",6,9,3,8,6,9,10,6,3,8,6,8,10,1,3,0,1,0,0,3,1,1,2,17,22
"1320",7,15,4,14,6,9,15,9,3,8,6,9,10,5,6,3,5,3,0,6,5,1,3,30,27
"1321",8,15,4,17,6,9,18,15,4,14,6,9,15,3,0,0,3,2,1,3,3,3,3,33,30
"1322",9,15,6,17,6,9,19,15,4,17,6,9,18,2,1,0,1,0,0,2,1,2,3,35,31
"1323",10,15,17,17,11,9,19,15,6,17,6,9,19,4,6,5,4,5,0,6,5,2,1,46,36
"1324",11,15,21,17,11,11,19,15,17,17,11,9,19,4,0,0,6,2,2,4,2,2,2,50,38
"1325",12,15,21,17,11,11,19,15,21,17,11,11,19,6,2,0,NA,0,0,0,0,0,0,50,38
"1326",0,0,0,0,0,0,0,0,0,0,0,0,0,0,0,0,0,0,0,0,0,0,0,0,0
"1327",1,1,4,1,5,1,1,1,1,1,1,1,1,3,4,1,4,1,0,3,4,2,1,3,4
"1328",2,2,4,1,5,1,5,1,4,1,5,1,1,1,0,0,4,6,5,1,4,1,3,4,8
"1329",3,8,4,4,5,1,10,2,4,1,5,1,5,6,5,0,5,0,0,6,5,1,3,13,13
"1330",4,8,10,7,10,1,10,8,4,4,5,1,10,6,3,5,3,5,0,6,5,2,1,22,18
"1331",5,11,10,7,14,1,10,8,10,7,10,1,10,3,0,0,6,4,3,3,4,1,1,25,22
"1332",6,17,10,10,17,1,10,11,10,7,14,1,10,6,3,0,3,0,0,6,3,1,1,34,25
"1333",7,17,12,10,21,1,10,17,10,10,17,1,10,4,2,2,4,2,0,2,4,2,1,36,29
"1334",8,19,12,10,23,1,10,17,12,10,21,1,10,2,0,0,2,3,3,2,2,1,1,38,31
"1335",9,19,12,13,26,1,10,19,12,10,23,1,10,3,3,0,3,0,0,3,3,3,1,41,34
"1336",10,19,12,18,29,1,16,19,12,13,26,1,10,2,6,5,2,6,0,5,6,3,3,46,43
"1337",11,19,12,20,29,6,16,19,12,18,29,1,16,2,0,0,2,5,5,2,5,3,2,48,48
"1338",12,19,12,20,29,6,16,19,12,20,29,6,16,2,5,0,NA,0,0,0,0,0,0,48,48
"1339",0,0,0,0,0,0,0,0,0,0,0,0,0,0,0,0,0,0,0,0,0,0,0,0,0
"1340",1,1,4,1,5,1,1,1,1,1,1,1,1,3,2,4,2,4,0,3,4,2,1,3,4
"1341",2,1,6,1,5,6,1,1,4,1,5,1,1,2,0,0,3,5,1,2,5,2,2,5,9
"1342",3,1,9,1,5,7,1,1,6,1,5,6,1,3,1,0,1,0,0,3,1,2,2,8,10
"1343",4,1,13,1,5,9,1,1,9,1,5,7,1,4,2,2,2,2,0,4,2,2,2,12,12
"1344",5,1,13,3,8,9,1,1,13,1,5,9,1,2,0,0,1,3,3,2,3,3,1,14,15
"1345",6,1,16,3,9,9,1,1,13,3,8,9,1,1,3,0,1,0,0,3,1,2,1,17,16
"1346",7,1,16,8,9,9,5,1,16,3,9,9,1,3,4,5,3,4,0,5,4,3,3,22,20
"1347",8,4,16,8,13,9,5,1,16,8,9,9,5,3,0,0,4,1,1,3,4,1,1,25,24
"1348",9,5,16,8,13,9,6,4,16,8,13,9,5,1,1,0,1,0,0,1,1,1,3,26,25
"1349",10,5,18,14,13,9,9,5,16,8,13,9,6,3,6,1,3,1,0,6,3,3,3,34,28
"1350",11,5,19,14,13,9,14,5,18,14,13,9,9,1,0,0,5,5,1,1,5,2,3,35,33
"1351",12,5,19,14,13,9,14,5,19,14,13,9,14,5,1,0,NA,0,0,0,0,0,0,35,33
"1352",0,0,0,0,0,0,0,0,0,0,0,0,0,0,0,0,0,0,0,0,0,0,0,0,0
"1353",1,7,1,3,1,5,1,1,1,1,1,1,1,1,4,6,1,4,0,6,4,1,2,8,4
"1354",2,7,2,3,1,8,1,7,1,3,1,5,1,1,0,0,3,4,1,1,3,2,2,9,7
"1355",3,11,2,3,2,8,1,7,2,3,1,8,1,4,1,0,1,0,0,4,1,1,1,13,8
"1356",4,11,8,4,2,13,1,11,2,3,2,8,1,5,5,6,5,5,0,6,5,2,2,20,13
"1357",5,16,8,4,2,15,1,11,8,4,2,13,1,5,0,0,2,3,6,5,2,1,2,25,15
"1358",6,16,14,7,2,18,1,16,8,4,2,15,1,3,6,0,3,0,0,6,3,2,2,34,18
"1359",7,16,20,12,1,22,1,16,14,7,2,18,1,6,3,4,3,4,0,6,4,2,2,45,21
"1360",8,16,20,15,1,25,1,16,20,12,1,22,1,3,0,0,5,3,1,3,3,3,2,48,24
"1361",9,16,20,16,1,30,1,16,20,15,1,25,1,5,1,0,5,0,0,1,5,3,2,49,29
"1362",10,16,23,16,1,33,1,16,20,16,1,30,1,5,3,3,5,3,0,3,3,2,2,52,32
"1363",11,16,28,16,2,39,1,16,23,16,1,33,1,5,0,0,4,1,6,5,6,2,2,57,77
"1364",12,16,28,16,2,39,1,16,28,16,2,39,1,4,1,0,NA,0,0,0,0,0,0,57,77
"1365",0,0,0,0,0,0,0,0,0,0,0,0,0,0,0,0,0,0,0,0,0,0,0,0,0
"1366",1,5,7,1,11,1,1,1,1,1,1,1,1,6,2,6,2,6,0,6,6,2,1,10,10
"1367",2,5,7,3,15,1,1,5,7,1,11,1,1,2,0,0,4,2,2,2,4,3,1,12,14
"1368",3,5,9,3,15,1,3,5,7,3,15,1,1,2,2,0,2,0,0,2,2,2,3,14,16
"1369",4,5,11,9,21,3,9,5,9,3,15,1,3,6,6,4,6,4,0,6,6,3,1,22,30
"1370",5,9,11,9,27,6,9,5,11,9,21,3,9,4,0,0,6,3,2,4,6,1,1,26,39
"1371",6,9,13,9,27,9,9,9,11,9,27,6,9,3,2,0,3,0,0,2,3,2,2,28,42
"1372",7,9,14,9,27,12,9,9,13,9,27,9,9,1,1,3,1,3,0,1,3,2,2,29,45
"1373",8,9,15,9,27,12,11,9,14,9,27,12,9,1,0,0,1,5,2,1,2,2,3,30,47
"1374",9,9,20,9,27,12,12,9,15,9,27,12,11,1,5,0,1,0,0,5,1,2,3,35,48
"1375",10,9,20,12,27,16,12,9,20,9,27,12,12,3,1,4,1,4,0,3,4,3,2,38,52
"1376",11,10,20,12,27,22,17,9,20,12,27,16,12,1,0,0,6,1,6,1,6,1,2,39,63
"1377",12,10,20,12,27,22,17,10,20,12,27,22,17,1,6,0,NA,0,0,0,0,0,0,39,63
"1378",0,0,0,0,0,0,0,0,0,0,0,0,0,0,0,0,0,0,0,0,0,0,0,0,0
"1379",1,3,1,1,1,5,1,1,1,1,1,1,1,2,4,2,4,2,0,2,4,1,2,2,4
"1380",2,3,1,3,6,5,1,3,1,1,1,5,1,2,0,0,5,3,1,2,5,3,1,4,9
"1381",3,6,1,3,7,5,1,3,1,3,6,5,1,3,1,0,1,0,0,3,1,1,1,7,10
"1382",4,6,6,3,16,5,1,6,1,3,7,5,1,1,5,6,1,6,0,5,6,2,1,12,19
"1383",5,6,7,3,16,5,6,6,6,3,16,5,1,1,0,0,5,1,1,1,5,2,3,13,24
"1384",6,6,7,4,16,6,6,6,7,3,16,5,6,1,1,0,1,0,0,1,1,3,2,14,25
"1385",7,11,7,4,16,6,13,6,7,4,16,6,6,5,6,4,6,4,0,5,6,1,3,19,32
"1386",8,11,11,4,16,11,13,11,7,4,16,6,13,4,0,0,2,5,5,4,5,2,2,23,37
"1387",9,11,16,4,18,11,13,11,11,4,16,11,13,2,5,0,2,0,0,5,2,2,1,28,39
"1388",10,15,16,4,18,11,14,11,16,4,18,11,13,1,4,4,1,4,0,4,1,1,3,32,40
"1389",11,19,16,4,19,11,14,15,16,4,18,11,14,4,0,0,1,5,5,4,1,1,1,36,41
"1390",12,19,16,4,19,11,14,19,16,4,19,11,14,5,5,0,NA,0,0,0,0,0,0,36,41
"1391",0,0,0,0,0,0,0,0,0,0,0,0,0,0,0,0,0,0,0,0,0,0,0,0,0
"1392",1,1,1,3,1,3,1,1,1,1,1,1,1,1,2,2,1,2,0,2,2,3,2,2,2
"1393",2,1,2,3,1,7,1,1,1,3,1,3,1,1,0,0,4,2,2,1,4,2,2,3,6
"1394",3,3,2,3,3,7,1,1,2,3,1,7,1,2,2,0,2,0,0,2,2,1,1,5,8
"1395",4,3,6,3,8,7,1,3,2,3,3,7,1,1,4,5,1,5,0,4,5,2,1,9,13
"1396",5,3,6,4,10,7,7,3,6,3,8,7,1,1,0,0,2,2,6,1,6,3,3,10,21
"1397",6,3,6,6,12,7,7,3,6,4,10,7,7,2,2,0,2,0,0,2,2,3,1,12,23
"1398",7,9,6,12,12,12,7,3,6,6,12,7,7,6,3,5,3,5,0,6,5,3,2,24,28
"1399",8,9,6,15,12,15,7,9,6,12,12,12,7,3,0,0,3,3,4,3,3,3,2,27,31
"1400",9,9,6,19,15,15,7,9,6,15,12,15,7,3,4,0,3,0,0,4,3,3,1,31,34
"1401",10,11,6,19,19,15,7,9,6,19,15,15,7,1,2,4,1,4,0,2,4,1,1,33,38
"1402",11,11,1,19,28,15,7,11,6,19,19,15,7,1,0,0,5,1,6,1,6,2,1,28,47
"1403",12,11,1,19,28,15,7,11,1,19,28,15,7,5,1,0,NA,0,0,0,0,0,0,28,47
"1404",0,0,0,0,0,0,0,0,0,0,0,0,0,0,0,0,0,0,0,0,0,0,0,0,0
"1405",1,1,1,4,4,1,1,1,1,1,1,1,1,3,3,2,3,2,0,3,3,3,1,3,3
"1406",2,1,3,4,4,1,4,1,1,4,4,1,1,2,0,0,3,6,1,2,3,2,3,5,6
"1407",3,11,3,4,5,1,4,1,3,4,4,1,4,6,1,0,1,0,0,6,1,1,1,15,7
"1408",4,17,6,4,5,6,4,11,3,4,5,1,4,2,6,5,2,5,0,6,5,1,2,24,12
"1409",5,17,6,6,10,6,4,17,6,4,5,6,4,2,0,0,5,1,5,2,5,3,1,26,17
"1410",6,17,11,6,10,7,4,17,6,6,10,6,4,1,5,0,1,0,0,5,1,2,2,31,18
"1411",7,17,11,9,11,7,4,17,11,6,10,7,4,3,1,3,1,3,0,3,1,3,1,34,19
"1412",8,17,14,9,11,12,4,17,11,9,11,7,4,3,0,0,5,2,5,3,5,2,2,37,24
"1413",9,17,14,14,11,14,4,17,14,9,11,12,4,2,5,0,2,0,0,5,2,3,2,42,26
"1414",10,17,14,16,17,17,4,17,14,14,11,14,4,2,6,1,6,1,0,2,6,3,1,44,35
"1415",11,18,14,16,17,22,4,17,14,16,17,17,4,1,0,0,5,3,4,1,5,1,2,45,40
"1416",12,18,14,16,17,22,4,18,14,16,17,22,4,3,4,0,NA,0,0,0,0,0,0,45,40
"1417",0,0,0,0,0,0,0,0,0,0,0,0,0,0,0,0,0,0,0,0,0,0,0,0,0
"1418",1,1,1,6,3,1,1,1,1,1,1,1,1,2,5,1,2,1,0,5,2,3,1,5,2
"1419",2,2,1,6,9,4,1,1,1,6,3,1,1,1,0,0,4,2,6,1,6,1,1,6,11
"1420",3,2,1,10,11,4,1,2,1,6,9,4,1,4,2,0,2,0,0,4,2,3,1,10,13
"1421",4,2,1,15,11,13,1,2,1,10,11,4,1,6,5,6,6,6,0,5,6,3,2,15,22
"1422",5,7,1,21,11,18,1,2,1,15,11,13,1,6,0,0,5,4,5,6,5,3,2,26,27
"1423",6,7,1,26,11,22,1,7,1,21,11,18,1,4,5,0,4,0,0,5,4,3,2,31,31
"1424",7,7,1,31,11,22,5,7,1,26,11,22,1,5,1,4,1,4,0,5,4,3,3,36,35
"1425",8,7,1,32,12,22,11,7,1,31,11,22,5,1,0,0,2,6,5,1,6,3,3,37,42
"1426",9,7,1,37,12,24,11,7,1,32,12,22,11,2,5,0,2,0,0,5,2,3,2,42,44
"1427",10,7,6,38,17,1,11,7,1,37,12,24,11,4,5,5,4,5,0,5,5,2,1,48,26
"1428",11,11,6,38,26,1,11,7,6,38,17,1,11,4,0,0,6,6,3,4,6,1,1,52,35
"1429",12,11,6,38,26,1,11,11,6,38,26,1,11,6,3,0,NA,0,0,0,0,0,0,52,35
"1430",0,0,0,0,0,0,0,0,0,0,0,0,0,0,0,0,0,0,0,0,0,0,0,0,0
"1431",1,1,1,11,1,3,1,1,1,1,1,1,1,2,2,6,2,2,0,6,2,3,2,10,2
"1432",2,3,1,11,1,3,6,1,1,11,1,3,1,2,0,0,2,5,1,2,5,1,3,12,7
"1433",3,3,2,11,1,5,6,3,1,11,1,3,6,2,1,0,2,0,0,1,2,2,2,13,9
"1434",4,7,2,11,1,10,6,3,2,11,1,5,6,2,5,4,2,5,0,4,5,1,2,17,14
"1435",5,7,2,13,6,16,6,7,2,11,1,10,6,2,0,0,1,1,6,2,6,3,2,19,25
"1436",6,8,2,13,6,16,7,7,2,13,6,16,6,1,1,0,1,0,0,1,1,1,3,20,26
"1437",7,8,2,14,6,16,12,8,2,13,6,16,7,1,5,1,5,1,0,1,5,3,3,21,31
"1438",8,9,2,14,6,16,15,8,2,14,6,16,12,1,0,0,3,4,3,1,3,1,3,22,34
"1439",9,9,2,18,9,16,15,9,2,14,6,16,15,4,3,0,3,0,0,4,3,3,1,26,37
"1440",10,14,2,18,19,16,15,9,2,18,9,16,15,5,6,1,6,1,0,5,6,1,1,31,47
"1441",11,15,2,18,19,18,15,14,2,18,19,16,15,1,0,0,2,1,5,1,2,1,2,32,49
"1442",12,15,2,18,19,18,15,15,2,18,19,18,15,1,5,0,NA,0,0,0,0,0,0,32,49
"1443",0,0,0,0,0,0,0,0,0,0,0,0,0,0,0,0,0,0,0,0,0,0,0,0,0
"1444",1,4,7,1,1,1,5,1,1,1,1,1,1,3,6,4,3,4,0,6,4,2,3,9,4
"1445",2,7,7,1,6,1,11,4,7,1,1,1,5,3,0,0,3,1,6,3,6,1,3,12,15
"1446",3,10,7,1,6,1,12,7,7,1,6,1,11,3,1,0,1,0,0,3,1,1,3,15,16
"1447",4,11,7,1,11,1,12,10,7,1,6,1,12,2,5,1,2,5,0,1,5,1,1,16,21
"1448",5,11,7,3,17,1,14,11,7,1,11,1,12,2,0,0,1,6,2,2,6,3,1,18,29
"1449",6,13,7,3,17,1,15,11,7,3,17,1,14,1,2,0,1,0,0,2,1,1,3,20,30
"1450",7,14,7,3,20,1,15,13,7,3,17,1,15,1,3,2,3,2,0,1,3,1,1,21,33
"1451",8,14,9,3,20,5,15,14,7,3,20,1,15,2,0,0,3,4,4,2,4,2,2,23,37
"1452",9,14,12,3,20,9,15,14,9,3,20,5,15,3,4,0,4,0,0,3,4,2,2,26,41
"1453",10,15,12,3,20,9,16,14,12,3,20,9,15,1,2,1,2,1,0,1,1,1,3,27,42
"1454",11,17,12,3,25,9,16,15,12,3,20,9,16,2,0,0,5,1,1,2,5,1,1,29,47
"1455",12,17,12,3,25,9,16,17,12,3,25,9,16,1,1,0,NA,0,0,0,0,0,0,29,47
"1456",0,0,0,0,0,0,0,0,0,0,0,0,0,0,0,0,0,0,0,0,0,0,0,0,0
"1457",1,7,1,7,6,1,1,1,1,1,1,1,1,6,5,5,5,5,0,6,5,1,1,12,5
"1458",2,7,6,7,18,1,2,7,1,7,6,1,1,5,0,0,3,6,3,5,6,2,1,17,18
"1459",3,7,6,10,21,1,2,7,6,7,18,1,2,3,3,0,3,0,0,3,3,3,1,20,21
"1460",4,12,6,10,21,5,2,7,6,10,21,1,2,4,5,1,4,1,0,5,4,1,2,25,25
"1461",5,13,6,10,22,5,2,12,6,10,21,5,2,1,0,0,2,4,1,1,1,1,1,26,26
"1462",6,13,6,14,22,7,2,13,6,10,22,5,2,2,4,0,2,0,0,4,2,3,2,30,28
"1463",7,13,12,23,27,7,1,13,6,14,22,7,2,5,3,6,5,3,0,6,5,3,1,45,32
"1464",8,13,1,1,37,13,5,13,12,23,27,7,1,3,0,0,1,4,4,3,4,2,3,12,52
"1465",9,14,1,1,37,17,5,13,1,1,37,13,5,1,4,0,4,0,0,1,4,1,2,13,56
"1466",10,18,1,1,37,20,5,14,1,1,37,17,5,3,4,4,3,4,0,4,3,1,2,17,59
"1467",11,22,1,1,37,25,5,18,1,1,37,20,5,4,0,0,5,5,1,4,5,1,2,21,64
"1468",12,22,1,1,37,25,5,22,1,1,37,25,5,5,1,0,NA,0,0,0,0,0,0,21,64
"1469",0,0,0,0,0,0,0,0,0,0,0,0,0,0,0,0,0,0,0,0,0,0,0,0,0
"1470",1,3,1,1,5,1,1,1,1,1,1,1,1,2,2,4,2,4,0,2,4,1,1,2,4
"1471",2,5,1,1,5,1,6,3,1,1,5,1,1,2,0,0,4,6,5,2,5,1,3,4,9
"1472",3,5,7,4,9,1,6,5,1,1,5,1,6,4,6,0,4,0,0,6,4,2,1,13,13
"1473",4,9,7,4,14,1,6,5,7,4,9,1,6,5,4,1,5,1,0,4,5,1,1,17,18
"1474",5,10,7,4,19,1,6,9,7,4,14,1,6,1,0,0,5,2,1,1,5,1,1,18,23
"1475",6,10,7,5,21,1,6,10,7,4,19,1,6,2,1,0,2,0,0,1,2,3,1,19,25
"1476",7,13,7,5,21,6,6,10,7,5,21,1,6,1,5,3,1,5,0,3,5,1,2,22,30
"1477",8,13,8,5,21,10,6,13,7,5,21,6,6,1,0,0,4,4,4,1,4,2,2,23,34
"1478",9,13,8,9,21,14,6,13,8,5,21,10,6,4,4,0,4,0,0,4,4,3,2,27,38
"1479",10,19,11,9,21,20,15,13,8,9,21,14,6,4,6,6,4,6,0,6,6,1,3,36,53
"1480",11,19,15,9,22,20,15,19,11,9,21,20,15,4,0,0,1,2,5,4,1,2,1,40,54
"1481",12,19,15,9,22,20,15,19,15,9,22,20,15,2,5,0,NA,0,0,0,0,0,0,40,54
"1482",0,0,0,0,0,0,0,0,0,0,0,0,0,0,0,0,0,0,0,0,0,0,0,0,0
"1483",1,1,1,5,1,4,1,1,1,1,1,1,1,4,3,2,3,2,0,4,3,3,2,4,3
"1484",2,1,1,7,1,8,1,1,1,5,1,4,1,2,0,0,4,4,5,2,4,3,2,6,7
"1485",3,1,6,7,1,8,5,1,1,7,1,8,1,4,5,0,4,0,0,5,4,2,3,11,11
"1486",4,5,6,7,6,8,5,1,6,7,1,8,5,5,4,2,5,2,0,4,5,1,1,15,16
"1487",5,5,6,9,6,8,10,5,6,7,6,8,5,2,0,0,2,5,5,2,5,3,3,17,21
"1488",6,5,6,14,6,8,12,5,6,9,6,8,10,2,5,0,2,0,0,5,2,3,3,22,23
"1489",7,5,15,14,6,8,16,5,6,14,6,8,12,1,6,4,1,4,0,6,4,2,3,31,27
"1490",8,6,15,14,13,14,16,5,15,14,6,8,16,1,0,0,3,1,6,1,6,1,2,32,40
"1491",9,6,15,17,13,14,17,6,15,14,13,14,16,3,1,0,1,0,0,3,1,3,3,35,41
"1492",10,6,15,21,19,18,23,6,15,17,13,14,17,6,4,3,6,3,0,4,6,3,3,39,57
"1493",11,6,18,21,23,18,23,6,15,21,19,18,23,3,0,0,4,2,5,3,4,2,1,42,61
"1494",12,6,18,21,23,18,23,6,18,21,23,18,23,2,5,0,NA,0,0,0,0,0,0,42,61
"1495",0,0,0,0,0,0,0,0,0,0,0,0,0,0,0,0,0,0,0,0,0,0,0,0,0
"1496",1,1,1,5,5,1,1,1,1,1,1,1,1,2,4,4,2,4,0,4,4,3,1,4,4
"1497",2,3,1,5,10,1,1,1,1,5,5,1,1,2,0,0,5,3,3,2,5,1,1,6,9
"1498",3,3,1,8,10,4,1,3,1,5,10,1,1,3,3,0,3,0,0,3,3,3,2,9,12
"1499",4,3,6,8,10,9,1,3,1,8,10,4,1,1,5,5,1,5,0,5,5,2,2,14,17
"1500",5,4,6,8,15,9,1,3,6,8,10,9,1,1,0,0,3,5,5,1,5,1,1,15,22
"1501",6,9,6,8,15,9,4,4,6,8,15,9,1,3,5,0,3,0,0,5,3,1,3,20,25
"1502",7,9,17,8,15,11,4,9,6,8,15,9,4,2,1,6,2,1,0,6,2,2,2,31,27
"1503",8,9,17,9,15,16,4,9,17,8,15,11,4,1,0,0,2,2,5,1,5,3,2,32,32
"1504",9,11,17,9,17,16,4,9,17,9,15,16,4,2,2,0,2,0,0,2,2,1,1,34,34
"1505",10,17,17,12,17,16,13,11,17,9,17,16,4,1,6,6,1,6,0,6,6,1,3,43,43
"1506",11,17,18,12,22,16,13,17,17,12,17,16,13,1,0,0,5,5,5,1,5,2,1,44,48
"1507",12,17,18,12,22,16,13,17,18,12,22,16,13,5,5,0,NA,0,0,0,0,0,0,44,48
"1508",0,0,0,0,0,0,0,0,0,0,0,0,0,0,0,0,0,0,0,0,0,0,0,0,0
"1509",1,6,1,1,1,5,1,1,1,1,1,1,1,5,4,1,4,1,0,5,4,1,2,5,4
"1510",2,7,1,1,3,5,1,6,1,1,1,5,1,1,0,0,2,1,2,1,2,1,1,6,6
"1511",3,7,3,1,3,6,1,7,1,1,3,5,1,1,2,0,1,0,0,2,1,2,2,8,7
"1512",4,7,3,3,3,8,1,7,3,1,3,6,1,2,2,1,2,1,0,2,2,3,2,10,9
"1513",5,7,4,3,3,8,6,7,3,3,3,8,1,1,0,0,1,5,1,1,5,2,3,11,14
"1514",6,7,5,3,3,9,6,7,4,3,3,8,6,1,1,0,1,0,0,1,1,2,2,12,15
"1515",7,7,10,3,3,9,11,7,5,3,3,9,6,5,1,5,1,5,0,5,5,2,3,17,20
"1516",8,7,10,4,3,14,11,7,10,3,3,9,11,1,0,0,1,5,5,1,5,3,2,18,25
"1517",9,12,10,4,4,14,11,7,10,4,3,14,11,1,5,0,1,0,0,5,1,1,1,23,26
"1518",10,12,13,4,15,14,17,12,10,4,4,14,11,6,3,2,6,2,0,3,6,2,3,26,43
"1519",11,14,13,4,19,14,17,12,13,4,15,14,17,2,0,0,4,6,1,2,4,1,1,28,47
"1520",12,14,13,4,19,14,17,14,13,4,19,14,17,6,1,0,NA,0,0,0,0,0,0,28,47
"1521",0,0,0,0,0,0,0,0,0,0,0,0,0,0,0,0,0,0,0,0,0,0,0,0,0
"1522",1,1,4,7,1,1,5,1,1,1,1,1,1,6,2,4,2,4,0,6,4,3,3,9,4
"1523",2,3,4,7,1,1,9,1,4,7,1,1,5,2,0,0,4,3,2,2,4,1,3,11,8
"1524",3,3,4,10,1,3,9,3,4,7,1,1,9,3,2,0,2,0,0,3,2,3,2,14,10
"1525",4,3,7,16,1,6,9,3,4,10,1,3,9,3,3,6,3,3,0,6,3,3,2,23,13
"1526",5,3,7,19,1,12,12,3,7,16,1,6,9,3,0,0,6,3,3,3,6,3,2,26,22
"1527",6,3,10,19,1,12,15,3,7,19,1,12,12,3,3,0,3,0,0,3,3,2,3,29,25
"1528",7,8,10,19,1,16,15,3,10,19,1,12,15,5,1,4,1,4,0,5,4,1,2,34,29
"1529",8,9,10,19,1,22,16,8,10,19,1,16,15,1,0,0,6,2,2,1,6,1,2,35,36
"1530",9,9,12,19,3,22,16,9,10,19,1,22,16,2,2,0,2,0,0,2,2,2,1,37,38
"1531",10,9,17,19,17,22,16,9,12,19,3,22,16,6,5,1,6,1,0,5,6,2,1,42,52
"1532",11,10,17,19,32,22,16,9,17,19,17,22,16,1,0,0,3,1,6,1,6,1,1,43,67
"1533",12,10,17,19,32,22,16,10,17,19,32,22,16,3,1,0,NA,0,0,0,0,0,0,43,67
"1534",0,0,0,0,0,0,0,0,0,0,0,0,0,0,0,0,0,0,0,0,0,0,0,0,0
"1535",1,1,6,1,9,1,1,1,1,1,1,1,1,5,6,3,6,3,0,5,6,2,1,5,8
"1536",2,1,9,1,10,1,1,1,6,1,9,1,1,3,0,0,2,1,1,3,1,2,1,8,9
"1537",3,1,11,1,11,1,1,1,9,1,10,1,1,2,1,0,1,0,0,2,1,2,1,10,10
"1538",4,1,11,11,11,1,6,1,11,1,11,1,1,5,1,6,5,1,0,6,5,3,3,20,15
"1539",5,2,11,11,13,1,6,1,11,11,11,1,6,1,0,0,2,1,2,1,2,1,1,21,17
"1540",6,4,11,11,13,1,7,2,11,11,13,1,6,1,2,0,1,0,0,2,1,1,3,23,18
"1541",7,4,11,16,13,1,9,4,11,11,13,1,7,1,2,5,1,2,0,5,2,3,3,28,20
"1542",8,4,12,16,18,1,9,4,11,16,13,1,9,1,0,0,5,6,1,1,5,2,1,29,25
"1543",9,10,12,19,18,1,10,4,12,16,18,1,9,6,1,0,1,0,0,6,1,1,3,38,26
"1544",10,13,12,19,18,1,11,10,12,19,18,1,10,3,1,1,1,1,0,3,1,1,3,41,27
"1545",11,13,13,19,22,1,11,13,12,19,18,1,11,1,0,0,4,1,6,1,4,2,1,42,31
"1546",12,13,13,19,22,1,11,13,13,19,22,1,11,1,6,0,NA,0,0,0,0,0,0,42,31
"1547",0,0,0,0,0,0,0,0,0,0,0,0,0,0,0,0,0,0,0,0,0,0,0,0,0
"1548",1,6,1,1,6,1,1,1,1,1,1,1,1,1,5,5,1,5,0,5,5,1,1,5,5
"1549",2,6,2,1,6,9,1,6,1,1,6,1,1,1,0,0,6,1,6,1,6,2,2,6,13
"1550",3,6,8,6,6,10,1,6,2,1,6,9,1,1,6,0,1,0,0,6,1,2,2,17,14
"1551",4,6,10,12,6,15,1,6,8,6,6,10,1,5,6,1,5,1,0,6,5,3,2,25,19
"1552",5,6,10,13,6,18,1,6,10,12,6,15,1,1,0,0,3,2,3,1,3,3,2,26,22
"1553",6,6,10,15,6,21,1,6,10,13,6,18,1,2,3,0,3,0,0,2,3,3,2,28,25
"1554",7,11,10,15,6,22,1,6,10,15,6,21,1,5,1,1,1,1,0,5,1,1,2,33,26
"1555",8,1,1,16,6,30,1,11,10,15,6,22,1,1,0,0,6,4,4,1,6,3,2,15,34
"1556",9,1,1,20,6,34,1,1,1,16,6,30,1,4,4,0,4,0,0,4,4,3,2,19,38
"1557",10,6,1,20,12,37,1,1,1,20,6,34,1,4,5,6,4,6,0,5,6,1,1,24,47
"1558",11,10,1,20,14,37,1,6,1,20,12,37,1,4,0,0,2,2,6,4,2,1,1,28,49
"1559",12,10,1,20,14,37,1,10,1,20,14,37,1,2,6,0,NA,0,0,0,0,0,0,28,49
"1560",0,0,0,0,0,0,0,0,0,0,0,0,0,0,0,0,0,0,0,0,0,0,0,0,0
"1561",1,1,6,1,5,1,1,1,1,1,1,1,1,1,5,4,1,4,0,5,4,2,1,5,4
"1562",2,1,7,1,11,1,7,1,6,1,5,1,1,1,0,0,1,6,6,1,6,2,1,6,16
"1563",3,1,7,9,11,1,8,1,7,1,11,1,7,1,6,0,1,0,0,6,1,3,3,14,17
"1564",4,1,7,13,11,7,10,1,7,9,11,1,8,2,6,4,2,6,0,4,6,3,2,18,25
"1565",5,1,9,13,11,17,10,1,7,13,11,7,10,2,0,0,1,6,6,2,6,2,2,20,35
"1566",6,7,9,16,11,17,11,1,9,13,11,17,10,1,6,0,1,0,0,6,1,1,3,29,36
"1567",7,12,9,22,13,17,11,7,9,16,11,17,11,1,6,2,1,2,0,6,2,3,1,40,38
"1568",8,1,1,22,13,35,11,12,9,22,13,17,11,1,0,0,1,2,6,1,6,1,2,21,56
"1569",9,1,1,23,13,37,11,1,1,22,13,35,11,1,2,0,2,0,0,1,2,3,2,22,58
"1570",10,1,4,23,13,38,11,1,1,23,13,37,11,1,3,6,1,6,0,3,1,2,2,25,59
"1571",11,1,4,34,14,39,1,1,4,23,13,38,11,6,0,0,1,5,3,6,1,3,2,36,89
"1572",12,1,4,34,14,39,1,1,4,34,14,39,1,5,3,0,NA,0,0,0,0,0,0,36,89
"1573",0,0,0,0,0,0,0,0,0,0,0,0,0,0,0,0,0,0,0,0,0,0,0,0,0
"1574",1,1,5,1,1,6,1,1,1,1,1,1,1,4,5,5,5,5,0,4,5,2,2,4,5
"1575",2,1,10,1,1,11,1,1,5,1,1,6,1,5,0,0,2,3,5,5,5,2,2,9,10
"1576",3,3,10,1,1,11,4,1,10,1,1,11,1,2,3,0,3,0,0,2,3,1,3,11,13
"1577",4,3,10,6,6,11,4,3,10,1,1,11,4,4,5,5,4,5,0,5,5,3,1,16,18
"1578",5,7,10,6,6,16,4,3,10,6,6,11,4,4,0,0,1,5,2,4,5,1,2,20,23
"1579",6,7,12,6,6,16,5,7,10,6,6,16,4,1,2,0,1,0,0,2,1,2,3,22,24
"1580",7,7,17,6,10,16,5,7,12,6,6,16,5,5,4,2,4,2,0,5,4,2,1,27,28
"1581",8,9,17,6,10,22,6,7,17,6,10,16,5,2,0,0,5,6,2,2,6,1,2,29,35
"1582",9,9,22,1,10,26,6,9,17,6,10,22,6,5,2,0,2,0,0,5,2,2,2,29,39
"1583",10,9,22,5,10,29,6,9,22,1,10,26,6,4,5,3,5,3,0,4,3,3,2,33,42
"1584",11,9,22,10,10,33,6,9,22,5,10,29,6,5,0,0,4,3,1,5,4,3,2,38,46
"1585",12,9,22,10,10,33,6,9,22,10,10,33,6,3,1,0,NA,0,0,0,0,0,0,38,46
"1586",0,0,0,0,0,0,0,0,0,0,0,0,0,0,0,0,0,0,0,0,0,0,0,0,0
"1587",1,1,1,4,1,6,1,1,1,1,1,1,1,5,2,3,5,2,0,3,5,3,2,3,5
"1588",2,1,3,4,1,8,1,1,1,4,1,6,1,2,0,0,6,6,2,2,2,2,2,5,7
"1589",3,4,3,10,1,16,1,1,3,4,1,8,1,6,6,0,6,0,0,6,6,3,2,14,15
"1590",4,7,3,10,1,16,3,4,3,10,1,16,1,3,1,2,1,2,0,3,2,1,3,17,17
"1591",5,7,3,11,12,16,3,7,3,10,1,16,3,1,0,0,5,1,6,1,6,3,1,18,28
"1592",6,7,3,16,12,16,4,7,3,11,12,16,3,5,1,0,1,0,0,5,1,3,3,23,29
"1593",7,7,3,20,12,16,5,7,3,16,12,16,4,2,1,4,2,1,0,4,1,3,3,27,30
"1594",8,9,3,20,12,16,9,7,3,20,12,16,5,2,0,0,1,4,2,2,4,1,3,29,34
"1595",9,11,3,20,12,17,9,9,3,20,12,16,9,1,2,0,1,0,0,2,1,1,2,31,35
"1596",10,16,3,20,12,17,18,11,3,20,12,17,9,5,2,6,2,6,0,5,6,1,3,36,44
"1597",11,18,3,20,17,17,18,16,3,20,12,17,18,2,0,0,5,3,2,2,5,1,1,38,49
"1598",12,18,3,20,17,17,18,18,3,20,17,17,18,3,2,0,NA,0,0,0,0,0,0,38,49
"1599",0,0,0,0,0,0,0,0,0,0,0,0,0,0,0,0,0,0,0,0,0,0,0,0,0
"1600",1,4,1,1,6,1,1,1,1,1,1,1,1,5,3,1,5,1,0,3,5,1,1,3,5
"1601",2,5,1,1,6,5,1,4,1,1,6,1,1,1,0,0,4,4,2,1,4,1,2,4,9
"1602",3,9,1,1,6,5,3,5,1,1,6,5,1,4,2,0,2,0,0,4,2,1,3,8,11
"1603",4,9,6,1,6,5,7,9,1,1,6,5,3,4,1,5,4,1,0,5,4,2,3,13,15
"1604",5,10,6,1,6,5,12,9,6,1,6,5,7,1,0,0,4,6,5,1,5,1,3,14,20
"1605",6,10,12,6,6,5,16,10,6,1,6,5,12,4,6,0,4,0,0,6,4,2,3,25,24
"1606",7,12,12,6,6,7,16,10,12,6,6,5,16,1,2,2,1,2,0,2,2,1,2,27,26
"1607",8,13,12,6,10,7,16,12,12,6,6,7,16,1,0,0,5,4,4,1,4,1,1,28,30
"1608",9,13,17,6,14,7,16,13,12,6,10,7,16,5,4,0,4,0,0,5,4,2,1,33,34
"1609",10,19,17,11,19,7,16,13,17,6,14,7,16,5,2,6,5,2,0,6,5,1,1,44,39
"1610",11,19,19,11,23,7,16,19,17,11,19,7,16,2,0,0,4,2,4,2,4,2,1,46,43
"1611",12,19,19,11,23,7,16,19,19,11,23,7,16,2,4,0,NA,0,0,0,0,0,0,46,43
"1612",0,0,0,0,0,0,0,0,0,0,0,0,0,0,0,0,0,0,0,0,0,0,0,0,0
"1613",1,1,1,6,1,8,1,1,1,1,1,1,1,2,5,6,2,6,0,5,6,3,2,5,7
"1614",2,1,3,6,1,8,6,1,1,6,1,8,1,2,0,0,2,5,4,2,5,2,3,7,12
"1615",3,5,3,6,1,10,6,1,3,6,1,8,6,2,4,0,2,0,0,4,2,1,2,11,14
"1616",4,5,7,6,1,10,9,5,3,6,1,10,6,1,4,3,1,3,0,4,3,2,3,15,17
"1617",5,5,7,7,1,14,15,5,7,6,1,10,9,1,0,0,6,1,6,1,6,3,3,16,27
"1618",6,15,7,7,1,14,16,5,7,7,1,14,15,1,6,0,1,0,0,6,1,1,3,26,28
"1619",7,15,12,7,11,14,16,15,7,7,1,14,16,5,1,6,1,6,0,5,6,2,1,31,38
"1620",8,15,12,8,11,21,16,15,12,7,11,14,16,1,0,0,5,1,6,1,6,3,2,32,45
"1621",9,15,17,8,12,21,16,15,12,8,11,21,16,5,1,0,1,0,0,5,1,2,1,37,46
"1622",10,25,17,8,14,27,16,15,17,8,12,21,16,6,6,2,6,2,0,6,6,1,2,47,54
"1623",11,27,17,8,15,27,16,25,17,8,14,27,16,2,0,0,2,1,3,2,1,1,1,49,55
"1624",12,27,17,8,15,27,16,27,17,8,15,27,16,2,3,0,NA,0,0,0,0,0,0,49,55
"1625",0,0,0,0,0,0,0,0,0,0,0,0,0,0,0,0,0,0,0,0,0,0,0,0,0
"1626",1,1,2,7,1,7,2,1,1,1,1,1,1,6,6,3,6,3,0,6,6,3,2,7,7
"1627",2,1,5,7,1,7,5,1,2,7,1,7,2,3,0,0,3,2,1,3,3,2,3,10,10
"1628",3,1,7,7,1,7,6,1,5,7,1,7,5,2,1,0,1,0,0,2,1,2,3,12,11
"1629",4,1,7,12,7,13,10,1,7,7,1,7,6,1,5,6,1,6,0,5,6,3,2,17,27
"1630",5,2,7,12,7,13,18,1,7,12,7,13,10,1,0,0,1,6,2,1,6,1,3,18,35
"1631",6,2,7,14,7,14,18,2,7,12,7,13,18,1,2,0,1,0,0,2,1,3,2,20,36
"1632",7,2,7,18,7,17,18,2,7,14,7,14,18,3,1,4,3,1,0,4,3,3,2,24,39
"1633",8,3,7,18,12,17,18,2,7,18,7,17,18,1,0,0,1,2,5,1,5,1,1,25,44
"1634",9,3,7,20,13,17,18,3,7,18,12,17,18,1,2,0,1,0,0,2,1,3,1,27,45
"1635",10,3,10,20,13,17,19,3,7,20,13,17,18,5,1,3,5,1,0,3,1,2,3,30,46
"1636",11,3,10,25,19,20,19,3,10,20,13,17,19,5,0,0,2,1,6,5,6,3,1,35,55
"1637",12,3,10,25,19,20,19,3,10,25,19,20,19,2,1,0,NA,0,0,0,0,0,0,35,55
"1638",0,0,0,0,0,0,0,0,0,0,0,0,0,0,0,0,0,0,0,0,0,0,0,0,0
"1639",1,4,1,1,5,1,1,1,1,1,1,1,1,4,2,3,4,2,0,3,4,1,1,3,4
"1640",2,6,1,1,11,1,3,4,1,1,5,1,1,2,0,0,5,6,2,2,6,1,1,5,12
"1641",3,6,1,6,11,1,5,6,1,1,11,1,3,5,2,0,2,0,0,5,2,3,3,10,14
"1642",4,6,6,6,12,1,5,6,1,6,11,1,5,5,1,1,1,1,0,5,1,2,1,15,15
"1643",5,7,6,6,12,5,11,6,6,6,12,1,5,1,0,0,1,6,3,1,6,1,3,16,25
"1644",6,10,6,6,12,6,11,7,6,6,12,5,11,1,3,0,1,0,0,3,1,1,2,19,26
"1645",7,13,6,6,18,6,13,10,6,6,12,6,11,2,3,6,2,6,0,3,6,1,1,22,34
"1646",8,13,8,6,18,13,19,13,6,6,18,6,13,2,0,0,6,6,3,2,6,2,2,24,47
"1647",9,13,19,6,18,16,19,13,8,6,18,13,19,6,3,0,3,0,0,6,3,2,2,35,50
"1648",10,13,19,11,26,16,19,13,19,6,18,16,19,6,2,5,6,2,0,5,6,3,1,40,58
"1649",11,15,19,11,28,16,19,13,19,11,26,16,19,2,0,0,2,1,4,2,2,1,1,42,60
"1650",12,15,19,11,28,16,19,15,19,11,28,16,19,1,4,0,NA,0,0,0,0,0,0,42,60
"1651",0,0,0,0,0,0,0,0,0,0,0,0,0,0,0,0,0,0,0,0,0,0,0,0,0
"1652",1,6,1,1,1,1,5,1,1,1,1,1,1,4,5,5,4,5,0,5,4,1,3,5,4
"1653",2,6,1,6,7,1,9,6,1,1,1,1,5,5,0,0,5,3,6,5,6,3,1,10,14
"1654",3,6,6,6,7,4,9,6,1,6,7,1,9,5,3,0,3,0,0,5,3,2,2,15,17
"1655",4,7,6,12,9,4,9,6,6,6,7,4,9,1,2,6,1,2,0,6,2,3,1,22,19
"1656",5,8,6,12,13,4,9,7,6,12,9,4,9,1,0,0,2,2,4,1,4,1,1,23,23
"1657",6,8,8,12,13,4,11,8,6,12,13,4,9,2,2,0,2,0,0,2,2,2,3,25,25
"1658",7,8,8,16,13,8,11,8,8,12,13,4,11,1,4,4,1,4,0,4,4,3,2,29,29
"1659",8,8,8,17,13,13,17,8,8,16,13,8,11,1,0,0,6,2,4,1,6,3,3,30,40
"1660",9,12,8,17,13,15,17,8,8,17,13,13,17,2,4,0,2,0,0,4,2,1,2,34,42
"1661",10,12,8,28,13,15,20,12,8,17,13,15,17,2,6,3,2,3,0,6,3,3,3,45,45
"1662",11,14,8,28,17,15,20,12,8,28,13,15,20,2,0,0,1,2,4,2,4,1,1,47,49
"1663",12,14,8,28,17,15,20,14,8,28,17,15,20,1,2,0,NA,0,0,0,0,0,0,47,49
"1664",0,0,0,0,0,0,0,0,0,0,0,0,0,0,0,0,0,0,0,0,0,0,0,0,0
"1665",1,1,6,1,1,3,7,1,1,1,1,1,1,6,5,3,6,3,0,5,6,2,3,5,8
"1666",2,1,9,1,3,3,7,1,6,1,1,3,7,3,0,0,5,4,2,3,2,2,1,8,10
"1667",3,6,9,1,7,3,7,1,9,1,3,3,7,5,4,0,4,0,0,5,4,1,1,13,14
"1668",4,12,14,1,16,3,7,6,9,1,7,3,7,6,1,6,1,6,0,6,6,1,1,24,23
"1669",5,12,14,2,16,3,12,12,14,1,16,3,7,1,0,0,3,5,2,1,5,3,3,25,28
"1670",6,15,14,2,16,5,12,12,14,2,16,3,12,3,2,0,2,0,0,3,2,1,2,28,30
"1671",7,19,14,1,20,11,17,15,14,2,16,5,12,4,1,6,1,6,0,4,6,1,2,31,45
"1672",8,1,14,2,5,11,17,19,14,1,20,11,17,1,0,0,5,2,3,1,2,3,1,14,30
"1673",9,1,14,7,8,11,17,1,14,2,5,11,17,5,3,0,3,0,0,5,3,3,1,19,33
"1674",10,1,14,11,14,12,17,1,14,7,8,11,17,1,6,4,1,6,0,4,6,3,1,23,40
"1675",11,2,14,11,15,12,17,1,14,11,14,12,17,1,0,0,1,5,2,1,1,1,1,24,41
"1676",12,2,14,11,15,12,17,2,14,11,15,12,17,5,2,0,NA,0,0,0,0,0,0,24,41
"1677",0,0,0,0,0,0,0,0,0,0,0,0,0,0,0,0,0,0,0,0,0,0,0,0,0
"1678",1,1,1,4,1,1,9,1,1,1,1,1,1,3,6,1,6,1,0,3,6,3,3,3,8
"1679",2,1,1,5,6,1,15,1,1,4,1,1,9,1,0,0,4,6,3,1,6,3,3,4,19
"1680",3,1,4,5,6,5,15,1,1,5,6,1,15,4,3,0,4,0,0,3,4,2,2,7,23
"1681",4,1,4,14,10,11,15,1,4,5,6,5,15,6,4,6,4,6,0,6,6,3,2,16,33
"1682",5,1,8,14,16,11,19,1,4,14,10,11,15,4,0,0,3,3,6,4,6,2,1,20,43
"1683",6,1,11,14,16,11,22,1,8,14,16,11,19,3,3,0,3,0,0,3,3,2,3,23,46
"1684",7,1,11,16,28,15,1,1,11,14,16,11,22,4,3,6,4,6,0,3,6,1,1,25,41
"1685",8,1,11,20,28,15,6,1,11,16,28,15,1,4,0,0,4,3,5,4,5,3,3,29,46
"1686",9,5,11,20,31,15,6,1,11,20,28,15,6,4,3,0,3,0,0,4,3,1,1,33,49
"1687",10,5,15,20,1,20,6,5,11,20,31,15,6,4,2,5,4,5,0,2,5,2,2,37,24
"1688",11,9,15,1,12,26,6,5,15,20,1,20,6,4,0,0,1,2,1,4,1,1,1,22,41
"1689",12,9,15,1,12,26,6,9,15,1,12,26,6,2,1,0,NA,0,0,0,0,0,0,22,41
"1690",0,0,0,0,0,0,0,0,0,0,0,0,0,0,0,0,0,0,0,0,0,0,0,0,0
"1691",1,7,1,4,1,1,2,1,1,1,1,1,1,1,6,2,1,2,0,6,1,1,3,9,1
"1692",2,7,3,4,1,1,4,7,1,4,1,1,2,2,0,0,2,1,2,2,2,2,3,11,3
"1693",3,7,3,6,1,1,5,7,3,4,1,1,4,1,2,0,1,0,0,2,1,3,3,13,4
"1694",4,7,4,6,3,1,5,7,3,6,1,1,5,2,1,1,2,1,0,1,2,2,1,14,6
"1695",5,7,5,6,6,1,5,7,4,6,3,1,5,1,0,0,5,2,3,1,3,2,1,15,9
"1696",6,7,10,6,8,1,5,7,5,6,6,1,5,5,2,0,2,0,0,5,2,2,1,20,11
"1697",7,10,10,6,10,1,5,7,10,6,8,1,5,1,2,3,1,2,0,3,2,1,1,23,13
"1698",8,10,10,7,16,6,5,10,10,6,10,1,5,1,0,0,6,4,2,1,6,3,1,24,24
"1699",9,14,10,7,16,8,5,10,10,7,16,6,5,4,2,0,2,0,0,4,2,1,2,28,26
"1700",10,14,14,7,16,10,5,14,10,7,16,8,5,4,1,2,1,2,0,4,2,2,2,32,28
"1701",11,14,15,7,16,15,5,14,14,7,16,10,5,1,0,0,5,6,2,1,5,2,2,33,33
"1702",12,14,15,7,16,15,5,14,15,7,16,15,5,6,2,0,NA,0,0,0,0,0,0,33,33
"1703",0,0,0,0,0,0,0,0,0,0,0,0,0,0,0,0,0,0,0,0,0,0,0,0,0
"1704",1,7,4,1,5,1,1,1,1,1,1,1,1,4,1,6,4,1,0,6,4,1,1,9,4
"1705",2,7,4,2,5,1,5,7,4,1,5,1,1,1,0,0,1,4,4,1,4,3,3,10,8
"1706",3,7,8,2,5,1,6,7,4,2,5,1,5,1,4,0,1,0,0,4,1,2,3,14,9
"1707",4,13,10,2,11,1,12,7,8,2,5,1,6,6,6,3,6,3,0,6,6,1,1,22,21
"1708",5,13,10,5,11,1,17,13,10,2,11,1,12,3,0,0,2,2,5,3,5,3,3,25,26
"1709",6,13,12,5,11,1,19,13,10,5,11,1,17,2,2,0,2,0,0,2,2,2,3,27,28
"1710",7,13,12,10,18,1,19,13,12,5,11,1,19,5,6,3,6,3,0,5,6,3,1,32,35
"1711",8,16,12,10,22,1,19,13,12,10,18,1,19,3,0,0,4,3,3,3,4,1,1,35,39
"1712",9,19,12,10,22,4,19,16,12,10,22,1,19,3,3,0,3,0,0,3,3,1,2,38,42
"1713",10,19,12,14,25,4,19,19,12,10,22,4,19,1,4,3,1,3,0,4,3,3,1,42,45
"1714",11,20,1,14,36,9,19,19,12,14,25,4,19,1,0,0,5,1,4,1,5,1,1,32,61
"1715",12,20,1,14,36,9,19,20,1,14,36,9,19,1,4,0,NA,0,0,0,0,0,0,32,61
"1716",0,0,0,0,0,0,0,0,0,0,0,0,0,0,0,0,0,0,0,0,0,0,0,0,0
"1717",1,1,3,7,13,1,4,1,1,1,1,1,1,6,6,4,6,4,0,6,6,3,1,8,15
"1718",2,1,7,7,13,1,12,1,3,7,13,1,4,4,0,0,6,5,6,4,6,2,3,12,23
"1719",3,1,12,7,13,6,18,1,7,7,13,1,12,5,6,0,6,0,0,5,6,2,3,17,34
"1720",4,1,12,11,13,10,18,1,12,7,13,6,18,4,4,4,4,4,0,4,4,3,2,21,38
"1721",5,5,12,11,13,15,18,1,12,11,13,10,18,4,0,0,4,6,5,4,5,1,2,25,43
"1722",6,5,20,11,17,15,18,5,12,11,13,15,18,4,6,0,4,0,0,6,4,2,1,33,47
"1723",7,5,20,16,17,15,22,5,20,11,17,15,18,5,4,5,4,5,0,5,4,3,3,38,51
"1724",8,5,25,16,17,26,22,5,20,16,17,15,22,5,0,0,3,1,6,5,6,2,2,43,62
"1725",9,8,25,17,18,1,22,5,25,16,17,26,22,3,1,0,1,0,0,3,1,1,1,47,38
"1726",10,10,25,17,22,1,22,8,25,17,18,1,22,4,2,4,4,4,0,2,4,1,1,49,42
"1727",11,1,29,17,31,1,28,10,25,17,22,1,22,4,0,0,5,6,1,4,6,2,3,44,57
"1728",12,1,29,17,31,1,28,1,29,17,31,1,28,5,1,0,NA,0,0,0,0,0,0,44,57
"1729",0,0,0,0,0,0,0,0,0,0,0,0,0,0,0,0,0,0,0,0,0,0,0,0,0
"1730",1,1,6,1,1,1,6,1,1,1,1,1,1,5,5,2,5,2,0,5,5,2,3,5,5
"1731",2,1,8,1,12,1,6,1,6,1,1,1,6,2,0,0,1,6,4,2,6,2,1,7,16
"1732",3,5,8,1,12,2,6,1,8,1,12,1,6,1,4,0,1,0,0,4,1,1,2,11,17
"1733",4,10,8,1,12,2,8,5,8,1,12,2,6,5,2,2,2,2,0,5,2,1,3,16,19
"1734",5,12,8,1,12,7,8,10,8,1,12,2,8,2,0,0,4,2,5,2,5,1,2,18,24
"1735",6,16,8,1,12,9,8,12,8,1,12,7,8,4,2,0,2,0,0,4,2,1,2,22,26
"1736",7,21,8,7,12,9,11,16,8,1,12,9,8,3,1,6,3,1,0,6,3,3,3,33,29
"1737",8,21,8,8,18,9,14,21,8,7,12,9,11,1,0,0,6,4,2,1,6,3,1,34,38
"1738",9,25,8,8,18,11,14,21,8,8,18,9,14,4,2,0,2,0,0,4,2,1,2,38,40
"1739",10,1,8,8,18,5,16,25,8,8,18,11,14,4,2,5,2,5,0,4,2,1,3,14,36
"1740",11,1,13,8,18,6,16,1,8,8,18,5,16,5,0,0,1,6,3,5,1,2,2,19,37
"1741",12,1,13,8,18,6,16,1,13,8,18,6,16,6,3,0,NA,0,0,0,0,0,0,19,37
"1742",0,0,0,0,0,0,0,0,0,0,0,0,0,0,0,0,0,0,0,0,0,0,0,0,0
"1743",1,5,1,1,1,1,4,1,1,1,1,1,1,4,3,2,3,2,0,4,3,1,3,4,3
"1744",2,5,3,1,6,1,4,5,1,1,1,1,4,2,0,0,3,5,2,2,5,2,1,6,8
"1745",3,8,3,1,6,3,4,5,3,1,6,1,4,3,2,0,2,0,0,3,2,1,2,9,10
"1746",4,12,3,1,9,3,4,8,3,1,6,3,4,1,4,3,1,3,0,4,3,1,1,13,13
"1747",5,12,4,1,11,3,4,12,3,1,9,3,4,1,0,0,1,2,2,1,2,2,1,14,15
"1748",6,14,4,1,11,4,4,12,4,1,11,3,4,1,2,0,1,0,0,2,1,1,2,16,16
"1749",7,19,4,1,13,4,4,14,4,1,11,4,4,2,5,1,2,1,0,5,2,1,1,21,18
"1750",8,20,4,1,13,14,4,19,4,1,13,4,4,1,0,0,2,6,5,1,6,1,2,22,28
"1751",9,25,4,1,13,16,4,20,4,1,13,14,4,2,5,0,2,0,0,5,2,1,2,27,30
"1752",10,28,4,1,16,16,4,25,4,1,13,16,4,3,2,3,2,3,0,3,3,1,1,30,33
"1753",11,28,6,1,16,16,9,28,4,1,16,16,4,2,0,0,5,2,4,2,5,2,3,32,38
"1754",12,28,6,1,16,16,9,28,6,1,16,16,9,2,4,0,NA,0,0,0,0,0,0,32,38
"1755",0,0,0,0,0,0,0,0,0,0,0,0,0,0,0,0,0,0,0,0,0,0,0,0,0
"1756",1,1,7,3,1,5,1,1,1,1,1,1,1,6,1,4,1,4,0,6,4,2,2,8,4
"1757",2,1,7,4,1,11,4,1,7,3,1,5,1,1,0,0,6,6,4,1,6,3,2,9,13
"1758",3,1,8,10,1,11,8,1,7,4,1,11,4,6,4,0,4,0,0,6,4,3,3,16,17
"1759",4,1,14,11,1,17,10,1,8,10,1,11,8,6,6,4,6,4,0,6,6,2,2,23,25
"1760",5,1,18,11,1,19,10,1,14,11,1,17,10,4,0,0,2,3,2,4,2,2,2,27,27
"1761",6,4,18,11,1,21,10,1,18,11,1,19,10,3,2,0,2,0,0,3,2,1,2,30,29
"1762",7,10,23,17,1,24,10,4,18,11,1,21,10,6,3,1,3,1,0,6,3,3,2,47,32
"1763",8,10,23,18,1,24,12,10,23,17,1,24,10,1,0,0,6,2,2,1,2,3,3,48,34
"1764",9,16,24,18,3,24,12,10,23,18,1,24,12,6,2,0,2,0,0,6,2,1,1,55,36
"1765",10,16,28,18,3,28,12,16,24,18,3,24,12,1,4,4,1,4,0,4,4,2,2,59,40
"1766",11,17,28,18,6,28,12,16,28,18,3,28,12,1,0,0,6,3,2,1,3,1,1,60,43
"1767",12,17,28,18,6,28,12,17,28,18,6,28,12,6,2,0,NA,0,0,0,0,0,0,60,43
"1768",0,0,0,0,0,0,0,0,0,0,0,0,0,0,0,0,0,0,0,0,0,0,0,0,0
"1769",1,1,1,2,1,4,1,1,1,1,1,1,1,3,1,1,3,1,0,1,3,3,2,1,3
"1770",2,2,1,2,4,4,1,1,1,2,1,4,1,1,0,0,1,3,3,1,3,1,1,2,6
"1771",3,2,1,5,5,4,1,2,1,2,4,4,1,1,3,0,1,0,0,3,1,3,1,5,7
"1772",4,2,4,5,5,6,1,2,1,5,5,4,1,3,2,2,2,2,0,3,2,2,2,8,9
"1773",5,2,6,5,5,9,7,2,4,5,5,6,1,2,0,0,6,5,3,2,6,2,3,10,18
"1774",6,7,6,5,5,12,7,2,6,5,5,9,7,5,3,0,3,0,0,5,3,1,2,15,21
"1775",7,7,6,8,16,18,7,7,6,5,5,12,7,2,3,6,2,6,0,3,6,3,1,18,38
"1776",8,7,6,10,16,22,7,7,6,8,16,18,7,2,0,0,4,2,1,2,4,3,2,20,42
"1777",9,8,6,10,18,22,7,7,6,10,16,22,7,2,1,0,2,0,0,1,2,1,1,21,44
"1778",10,8,11,10,22,22,7,8,6,10,18,22,7,4,5,6,4,6,0,5,4,2,1,26,48
"1779",11,14,15,10,22,22,10,8,11,10,22,22,7,6,0,0,3,4,6,6,3,1,3,36,51
"1780",12,14,15,10,22,22,10,14,15,10,22,22,10,4,6,0,NA,0,0,0,0,0,0,36,51
"1781",0,0,0,0,0,0,0,0,0,0,0,0,0,0,0,0,0,0,0,0,0,0,0,0,0
"1782",1,6,7,7,3,1,7,1,1,1,1,1,1,6,4,6,4,6,0,6,6,3,3,17,8
"1783",2,6,7,11,6,7,7,6,7,7,3,1,7,4,0,0,6,4,3,4,6,3,2,21,17
"1784",3,6,11,11,6,7,10,6,7,11,6,7,7,4,3,0,3,0,0,4,3,2,3,25,20
"1785",4,6,14,11,6,7,14,6,11,11,6,7,10,4,3,1,4,1,0,3,4,2,3,28,24
"1786",5,6,14,12,6,12,14,6,14,11,6,7,14,1,0,0,2,5,4,1,5,3,2,29,29
"1787",6,6,16,12,10,12,14,6,14,12,6,12,14,2,4,0,4,0,0,2,4,2,1,31,33
"1788",7,8,16,12,10,14,14,6,16,12,10,12,14,2,2,1,2,1,0,2,2,1,2,33,35
"1789",8,8,17,12,20,14,14,8,16,12,10,14,14,1,0,0,5,2,6,1,6,2,1,34,45
"1790",9,8,22,12,20,16,14,8,17,12,20,14,14,5,2,0,2,0,0,5,2,2,2,39,47
"1791",10,8,22,17,24,16,14,8,22,12,20,16,14,5,4,1,4,1,0,5,4,3,1,44,51
"1792",11,8,23,17,24,20,14,8,22,17,24,16,14,1,0,0,4,2,4,1,4,2,2,45,55
"1793",12,8,23,17,24,20,14,8,23,17,24,20,14,2,4,0,NA,0,0,0,0,0,0,45,55
"1794",0,0,0,0,0,0,0,0,0,0,0,0,0,0,0,0,0,0,0,0,0,0,0,0,0
"1795",1,6,1,1,5,1,1,1,1,1,1,1,1,3,4,5,3,4,0,5,4,1,1,5,4
"1796",2,6,1,4,9,7,1,6,1,1,5,1,1,3,0,0,4,6,2,3,6,3,2,8,14
"1797",3,10,1,4,11,7,1,6,1,4,9,7,1,4,2,0,2,0,0,4,2,1,1,12,16
"1798",4,10,1,9,11,12,1,10,1,4,11,7,1,5,4,5,4,5,0,5,5,3,2,17,21
"1799",5,14,1,9,12,12,7,10,1,9,11,12,1,4,0,0,6,1,5,4,6,1,3,21,28
"1800",6,14,1,14,12,13,7,14,1,9,12,12,7,1,5,0,1,0,0,5,1,3,2,26,29
"1801",7,14,5,14,14,13,7,14,1,14,12,13,7,1,2,4,1,2,0,4,2,2,1,30,31
"1802",8,14,6,14,14,17,7,14,5,14,14,13,7,1,0,0,4,2,2,1,4,2,2,31,35
"1803",9,14,8,14,14,19,7,14,6,14,14,17,7,2,2,0,2,0,0,2,2,2,2,33,37
"1804",10,18,8,14,14,19,9,14,8,14,14,19,7,2,4,1,2,1,0,4,2,1,3,37,39
"1805",11,19,8,14,23,19,9,18,8,14,14,19,9,1,0,0,2,5,6,1,6,1,1,38,48
"1806",12,19,8,14,23,19,9,19,8,14,23,19,9,2,5,0,NA,0,0,0,0,0,0,38,48
"1807",0,0,0,0,0,0,0,0,0,0,0,0,0,0,0,0,0,0,0,0,0,0,0,0,0
"1808",1,7,1,6,1,5,1,1,1,1,1,1,1,3,6,4,3,4,0,6,4,1,2,11,4
"1809",2,10,1,6,1,5,6,7,1,6,1,5,1,3,0,0,1,1,5,3,5,1,3,14,9
"1810",3,10,2,6,2,5,6,10,1,6,1,5,6,1,1,0,1,0,0,1,1,2,1,15,10
"1811",4,16,8,11,2,10,6,10,2,6,2,5,6,5,6,5,5,5,0,6,5,2,2,32,15
"1812",5,16,8,16,2,15,6,16,8,11,2,10,6,5,0,0,5,2,6,5,5,3,2,37,20
"1813",6,16,18,16,2,17,6,16,8,16,2,15,6,2,6,0,2,0,0,6,2,2,2,47,22
"1814",7,20,18,1,6,23,6,16,18,16,2,17,6,2,4,6,2,6,0,4,6,1,2,36,32
"1815",8,20,18,3,6,30,6,20,18,1,6,23,6,2,0,0,2,1,6,2,6,3,2,38,39
"1816",9,20,20,3,6,31,6,20,18,3,6,30,6,2,1,0,1,0,0,2,1,2,2,40,40
"1817",10,20,20,6,9,31,6,20,20,3,6,31,6,1,3,3,1,3,0,3,3,3,1,43,43
"1818",11,20,21,6,15,31,8,20,20,6,9,31,6,1,0,0,2,6,5,1,6,2,1,44,51
"1819",12,20,21,6,15,31,8,20,21,6,15,31,8,2,5,0,NA,0,0,0,0,0,0,44,51
"1820",0,0,0,0,0,0,0,0,0,0,0,0,0,0,0,0,0,0,0,0,0,0,0,0,0
"1821",1,4,1,1,1,2,1,1,1,1,1,1,1,1,1,3,1,1,0,3,1,1,2,3,1
"1822",2,4,1,2,7,2,5,4,1,1,1,2,1,1,0,0,2,6,1,1,6,3,1,4,11
"1823",3,4,1,4,8,2,5,4,1,2,7,2,5,2,1,0,1,0,0,2,1,3,1,6,12
"1824",4,4,1,6,13,2,5,4,1,4,8,2,5,1,5,2,1,5,0,2,5,3,1,8,17
"1825",5,5,1,6,13,6,5,4,1,6,13,2,5,1,0,0,5,4,3,1,4,1,2,9,21
"1826",6,10,1,6,13,9,5,5,1,6,13,6,5,5,3,0,3,0,0,5,3,1,2,14,24
"1827",7,13,1,6,13,13,5,10,1,6,13,9,5,3,2,4,2,4,0,3,4,1,2,17,28
"1828",8,15,1,6,15,13,11,13,1,6,13,13,5,2,0,0,1,6,1,2,6,1,3,19,36
"1829",9,16,1,6,15,13,12,15,1,6,15,13,11,1,1,0,1,0,0,1,1,1,3,20,37
"1830",10,16,1,10,16,19,12,16,1,6,15,13,12,2,6,4,2,6,0,4,6,3,2,24,44
"1831",11,18,1,10,18,19,12,16,1,10,16,19,12,2,0,0,2,4,2,2,2,1,1,26,46
"1832",12,18,1,10,18,19,12,18,1,10,18,19,12,4,2,0,NA,0,0,0,0,0,0,26,46
"1833",0,0,0,0,0,0,0,0,0,0,0,0,0,0,0,0,0,0,0,0,0,0,0,0,0
"1834",1,1,1,6,1,5,1,1,1,1,1,1,1,5,5,4,5,4,0,5,4,3,2,5,4
"1835",2,6,1,6,7,10,1,1,1,6,1,5,1,5,0,0,1,4,6,5,6,1,1,10,15
"1836",3,6,1,10,8,10,1,6,1,6,7,10,1,1,4,0,1,0,0,4,1,3,1,14,16
"1837",4,11,1,10,12,10,1,6,1,10,8,10,1,4,5,5,4,5,0,5,4,1,1,19,20
"1838",5,11,1,15,16,10,1,11,1,10,12,10,1,5,0,0,5,4,1,5,4,3,1,24,24
"1839",6,11,6,15,17,10,1,11,1,15,16,10,1,5,1,0,1,0,0,5,1,2,1,29,25
"1840",7,11,10,15,23,11,1,11,6,15,17,10,1,4,6,5,6,5,0,4,6,2,1,33,32
"1841",8,11,15,15,28,11,1,11,10,15,23,11,1,5,0,0,3,1,5,5,5,2,1,38,37
"1842",9,11,16,15,28,11,4,11,15,15,28,11,1,3,1,0,3,0,0,1,3,2,3,39,40
"1843",10,11,24,15,37,11,1,11,16,15,28,11,4,6,6,3,6,3,0,6,6,2,1,47,46
"1844",11,11,24,18,39,24,1,11,24,15,37,11,1,3,0,0,6,6,3,3,6,3,2,50,99
"1845",12,11,24,18,39,24,1,11,24,18,39,24,1,6,3,0,NA,0,0,0,0,0,0,50,99
"1846",0,0,0,0,0,0,0,0,0,0,0,0,0,0,0,0,0,0,0,0,0,0,0,0,0
"1847",1,7,3,1,1,8,1,1,1,1,1,1,1,6,6,5,6,5,0,6,6,1,2,8,7
"1848",2,12,3,1,1,13,1,7,3,1,1,8,1,5,0,0,3,4,5,5,5,1,2,13,12
"1849",3,12,7,1,4,13,1,12,3,1,1,13,1,3,4,0,3,0,0,4,3,2,1,17,15
"1850",4,12,7,5,4,13,6,12,7,1,4,13,1,4,3,5,3,5,0,4,5,3,3,21,20
"1851",5,12,7,8,4,16,6,12,7,5,4,13,6,3,0,0,2,3,1,3,3,3,2,24,23
"1852",6,13,7,8,6,16,6,12,7,8,4,16,6,2,1,0,2,0,0,1,2,1,1,25,25
"1853",7,18,7,8,6,21,6,13,7,8,6,16,6,5,5,3,5,3,0,5,5,1,2,30,30
"1854",8,18,10,1,7,26,6,18,7,8,6,21,6,3,0,0,6,5,2,3,5,2,2,26,36
"1855",9,18,13,8,9,1,6,18,10,1,7,26,6,6,2,0,2,0,0,6,2,3,1,36,13
"1856",10,18,13,12,10,1,6,18,13,8,9,1,6,4,6,1,6,1,0,4,1,3,1,40,14
"1857",11,22,19,12,11,1,6,18,13,12,10,1,6,6,0,0,1,6,4,6,1,2,1,50,15
"1858",12,22,19,12,11,1,6,22,19,12,11,1,6,6,4,0,NA,0,0,0,0,0,0,50,15
"1859",0,0,0,0,0,0,0,0,0,0,0,0,0,0,0,0,0,0,0,0,0,0,0,0,0
"1860",1,1,6,1,1,1,5,1,1,1,1,1,1,5,4,1,4,1,0,5,4,2,3,5,4
"1861",2,2,6,1,6,1,5,1,6,1,1,1,5,1,0,0,5,5,5,1,5,1,1,6,9
"1862",3,2,11,1,6,6,5,2,6,1,6,1,5,5,5,0,5,0,0,5,5,2,2,11,14
"1863",4,8,17,5,6,12,7,2,11,1,6,6,5,5,6,6,5,6,0,6,6,2,2,27,22
"1864",5,13,17,5,8,12,7,8,17,5,6,12,7,5,0,0,1,2,2,5,2,1,1,32,24
"1865",6,13,18,5,8,14,7,13,17,5,8,12,7,1,2,0,2,0,0,1,2,2,2,33,26
"1866",7,13,18,10,8,14,11,13,18,5,8,14,7,4,4,5,4,4,0,5,4,3,3,38,30
"1867",8,17,18,10,8,16,11,13,18,10,8,14,11,4,0,0,6,1,2,4,2,1,2,42,32
"1868",9,21,18,16,8,16,12,17,18,10,8,16,11,6,1,0,1,0,0,6,1,3,3,52,33
"1869",10,21,20,16,12,16,12,21,18,16,8,16,12,2,1,4,1,4,0,2,4,2,1,54,37
"1870",11,22,20,16,13,16,12,21,20,16,12,16,12,1,0,0,1,4,2,1,1,1,1,55,38
"1871",12,22,20,16,13,16,12,22,20,16,13,16,12,4,2,0,NA,0,0,0,0,0,0,55,38
"1872",0,0,0,0,0,0,0,0,0,0,0,0,0,0,0,0,0,0,0,0,0,0,0,0,0
"1873",1,3,1,1,2,7,1,1,1,1,1,1,1,6,3,2,6,3,0,2,6,1,2,2,7
"1874",2,6,1,1,7,7,1,3,1,1,2,7,1,3,0,0,3,5,4,3,5,1,1,5,12
"1875",3,6,1,4,7,11,1,6,1,1,7,7,1,3,4,0,4,0,0,3,4,3,2,8,16
"1876",4,10,1,4,7,15,1,6,1,4,7,11,1,4,2,4,2,4,0,4,4,1,2,12,20
"1877",5,12,1,4,14,15,1,10,1,4,7,15,1,2,0,0,2,1,6,2,6,1,1,14,27
"1878",6,12,1,6,14,16,1,12,1,4,14,15,1,2,1,0,1,0,0,2,1,3,2,16,28
"1879",7,12,4,6,14,19,1,12,1,6,14,16,1,1,3,3,1,3,0,3,3,2,2,19,31
"1880",8,13,4,6,14,19,17,12,4,6,14,19,1,1,0,0,6,6,6,1,6,1,3,20,47
"1881",9,23,4,6,21,19,17,13,4,6,14,19,17,6,6,0,6,0,0,6,6,1,1,30,54
"1882",10,26,4,6,25,19,23,23,4,6,21,19,17,5,6,3,5,6,0,3,6,1,3,33,64
"1883",11,31,4,6,26,19,23,26,4,6,25,19,23,5,0,0,5,1,3,5,1,1,1,38,65
"1884",12,31,4,6,26,19,23,31,4,6,26,19,23,5,3,0,NA,0,0,0,0,0,0,38,65
"1885",0,0,0,0,0,0,0,0,0,0,0,0,0,0,0,0,0,0,0,0,0,0,0,0,0
"1886",1,5,1,1,6,1,1,1,1,1,1,1,1,5,4,4,5,4,0,4,5,1,1,4,5
"1887",2,5,1,5,11,1,1,5,1,1,6,1,1,4,0,0,1,5,1,4,5,3,1,8,10
"1888",3,5,1,6,11,2,1,5,1,5,11,1,1,1,1,0,1,0,0,1,1,3,2,9,11
"1889",4,15,1,6,11,2,6,5,1,6,11,2,1,5,5,6,5,5,0,6,5,1,3,19,16
"1890",5,20,5,6,11,1,9,15,1,6,11,2,6,5,0,0,3,3,5,5,3,1,3,28,18
"1891",6,20,5,11,14,1,9,20,5,6,11,1,9,3,5,0,3,0,0,5,3,3,1,33,21
"1892",7,21,5,11,19,1,9,20,5,11,14,1,9,5,1,1,5,1,0,1,5,1,1,34,26
"1893",8,22,5,11,19,1,14,21,5,11,19,1,9,1,0,0,5,5,6,1,5,1,3,35,31
"1894",9,28,5,12,19,6,14,22,5,11,19,1,14,5,6,0,5,0,0,6,5,1,2,42,36
"1895",10,33,5,12,19,9,1,28,5,12,19,6,14,3,4,1,3,1,0,4,3,1,2,47,26
"1896",11,34,5,12,19,11,1,33,5,12,19,9,1,1,0,0,3,2,5,1,2,1,2,48,28
"1897",12,34,5,12,19,11,1,34,5,12,19,11,1,3,5,0,NA,0,0,0,0,0,0,48,28
"1898",0,0,0,0,0,0,0,0,0,0,0,0,0,0,0,0,0,0,0,0,0,0,0,0,0
"1899",1,7,1,4,2,1,1,1,1,1,1,1,1,1,6,3,1,3,0,6,1,1,1,9,1
"1900",2,10,1,4,3,1,1,7,1,4,2,1,1,3,0,0,1,1,6,3,1,1,1,12,2
"1901",3,10,12,4,3,2,1,10,1,4,3,1,1,1,6,0,1,0,0,6,1,2,2,23,3
"1902",4,10,12,5,7,2,1,10,12,4,3,2,1,1,1,4,1,4,0,1,4,3,1,24,7
"1903",5,10,12,6,7,5,1,10,12,5,7,2,1,1,0,0,3,4,3,1,3,3,2,25,10
"1904",6,10,12,10,10,5,1,10,12,6,7,5,1,4,3,0,3,0,0,4,3,3,1,29,13
"1905",7,16,17,10,15,5,1,10,12,10,10,5,1,5,5,6,5,5,0,6,5,1,1,40,18
"1906",8,16,17,15,18,5,1,16,17,10,15,5,1,5,0,0,4,4,3,5,3,3,1,45,21
"1907",9,20,17,15,18,9,1,16,17,15,18,5,1,4,4,0,4,0,0,4,4,1,2,49,25
"1908",10,20,21,15,27,9,1,20,17,15,18,9,1,4,6,5,6,5,0,4,6,2,1,53,34
"1909",11,20,21,20,31,9,1,20,21,15,27,9,1,5,0,0,4,4,4,5,4,3,1,58,38
"1910",12,20,21,20,31,9,1,20,21,20,31,9,1,4,4,0,NA,0,0,0,0,0,0,58,38
"1911",0,0,0,0,0,0,0,0,0,0,0,0,0,0,0,0,0,0,0,0,0,0,0,0,0
"1912",1,1,1,5,1,1,9,1,1,1,1,1,1,5,4,6,5,6,0,4,6,3,3,4,8
"1913",2,1,1,10,1,1,11,1,1,5,1,1,9,5,0,0,2,2,4,5,2,3,3,9,10
"1914",3,1,1,14,3,1,11,1,1,10,1,1,11,2,4,0,2,0,0,4,2,3,1,13,12
"1915",4,4,1,14,3,1,14,1,1,14,3,1,11,3,3,3,3,3,0,3,3,1,3,16,15
"1916",5,4,4,14,3,7,19,4,1,14,3,1,14,3,0,0,6,1,3,3,6,2,2,19,26
"1917",6,4,4,17,3,7,20,4,4,14,3,7,19,1,3,0,1,0,0,3,1,3,3,22,27
"1918",7,4,4,20,7,13,20,4,4,17,3,7,20,6,3,3,6,3,0,3,6,3,2,25,37
"1919",8,4,4,23,7,15,20,4,4,20,7,13,20,3,0,0,1,1,2,3,2,3,2,28,39
"1920",9,5,4,23,7,15,21,4,4,23,7,15,20,1,1,0,1,0,0,1,1,1,3,29,40
"1921",10,8,4,23,12,21,21,5,4,23,7,15,21,3,3,6,3,6,0,3,6,1,2,32,51
"1922",11,11,1,23,27,21,22,8,4,23,12,21,21,3,0,0,6,2,1,3,6,1,1,32,67
"1923",12,11,1,23,27,21,22,11,1,23,27,21,22,2,1,0,NA,0,0,0,0,0,0,32,67
"1924",0,0,0,0,0,0,0,0,0,0,0,0,0,0,0,0,0,0,0,0,0,0,0,0,0
"1925",1,6,1,1,1,1,4,1,1,1,1,1,1,5,3,1,3,1,0,5,3,1,3,5,3
"1926",2,6,2,1,7,1,7,6,1,1,1,1,4,1,0,0,2,3,6,1,6,2,1,6,12
"1927",3,9,2,1,9,1,7,6,2,1,7,1,7,2,3,0,2,0,0,3,2,1,1,9,14
"1928",4,9,13,1,9,1,11,9,2,1,9,1,7,4,6,5,4,5,0,6,4,2,3,20,18
"1929",5,9,18,1,15,1,13,9,13,1,9,1,11,5,0,0,1,4,6,5,6,2,1,25,26
"1930",6,9,18,5,16,1,13,9,18,1,15,1,13,1,4,0,1,0,0,4,1,3,1,29,27
"1931",7,9,1,5,22,12,19,9,18,5,16,1,13,6,4,5,6,5,0,4,6,2,3,12,50
"1932",8,9,6,5,22,17,19,9,1,5,22,12,19,5,0,0,5,3,5,5,5,2,2,17,55
"1933",9,12,6,5,22,22,19,9,6,5,22,17,19,3,5,0,5,0,0,3,5,1,2,20,60
"1934",10,13,6,5,27,22,19,12,6,5,22,22,19,1,5,5,5,5,0,1,5,1,1,21,65
"1935",11,18,6,5,36,22,19,13,6,5,27,22,19,5,0,0,6,4,3,5,6,1,1,26,74
"1936",12,18,6,5,36,22,19,18,6,5,36,22,19,4,3,0,NA,0,0,0,0,0,0,26,74
"1937",0,0,0,0,0,0,0,0,0,0,0,0,0,0,0,0,0,0,0,0,0,0,0,0,0
"1938",1,5,1,1,1,3,1,1,1,1,1,1,1,4,1,2,1,2,0,4,2,1,2,4,2
"1939",2,5,1,2,7,8,1,5,1,1,1,3,1,1,0,0,2,6,3,1,6,3,1,5,13
"1940",3,5,1,4,10,8,1,5,1,2,7,8,1,2,3,0,3,0,0,2,3,3,1,7,16
"1941",4,11,1,9,19,8,1,5,1,4,10,8,1,6,6,4,6,4,0,6,6,1,1,18,25
"1942",5,11,1,13,19,8,6,11,1,9,19,8,1,4,0,0,4,5,5,4,5,3,3,22,30
"1943",6,11,1,17,24,8,6,11,1,13,19,8,6,4,5,0,5,0,0,4,5,3,1,26,35
"1944",7,11,1,19,24,8,8,11,1,17,24,8,6,2,2,2,2,2,0,2,2,3,3,28,37
"1945",8,1,1,21,34,8,8,11,1,19,24,8,8,2,0,0,5,6,2,2,5,3,1,20,47
"1946",9,5,7,21,36,8,8,1,1,21,34,8,8,6,2,0,2,0,0,6,2,2,1,30,49
"1947",10,5,9,21,36,10,8,5,7,21,36,8,8,2,2,4,2,4,0,2,2,2,2,32,51
"1948",11,9,9,21,37,10,8,5,9,21,36,10,8,4,0,0,1,2,1,4,1,1,1,36,52
"1949",12,9,9,21,37,10,8,9,9,21,37,10,8,2,1,0,NA,0,0,0,0,0,0,36,52
"1950",0,0,0,0,0,0,0,0,0,0,0,0,0,0,0,0,0,0,0,0,0,0,0,0,0
"1951",1,1,1,5,1,5,1,1,1,1,1,1,1,4,4,5,4,5,0,4,4,3,2,4,4
"1952",2,1,6,5,1,10,1,1,1,5,1,5,1,5,0,0,5,1,3,5,5,2,2,9,9
"1953",3,1,9,5,1,10,2,1,6,5,1,10,1,1,3,0,1,0,0,3,1,2,3,12,10
"1954",4,1,9,8,1,10,7,1,9,5,1,10,2,5,2,3,5,2,0,3,5,3,3,15,15
"1955",5,1,9,10,1,10,9,1,9,8,1,10,7,2,0,0,2,1,2,2,2,3,3,17,17
"1956",6,1,9,12,2,10,9,1,9,10,1,10,9,1,2,0,1,0,0,2,1,3,1,19,18
"1957",7,1,9,15,2,12,9,1,9,12,2,10,9,1,2,3,1,2,0,3,2,3,2,22,20
"1958",8,2,9,15,2,17,9,1,9,15,2,12,9,1,0,0,5,3,2,1,5,1,2,23,25
"1959",9,2,9,18,4,17,9,2,9,15,2,17,9,3,2,0,2,0,0,3,2,3,1,26,27
"1960",10,2,9,23,4,21,9,2,9,18,4,17,9,5,3,4,3,4,0,5,4,3,2,31,31
"1961",11,5,9,23,9,21,9,2,9,23,4,21,9,3,0,0,5,4,3,3,5,1,1,34,36
"1962",12,5,9,23,9,21,9,5,9,23,9,21,9,4,3,0,NA,0,0,0,0,0,0,34,36
"1963",0,0,0,0,0,0,0,0,0,0,0,0,0,0,0,0,0,0,0,0,0,0,0,0,0
"1964",1,1,5,1,6,1,1,1,1,1,1,1,1,2,5,4,2,5,0,4,5,2,1,4,5
"1965",2,1,5,3,15,1,1,1,5,1,6,1,1,2,0,0,4,6,1,2,6,3,1,6,14
"1966",3,5,5,3,16,1,1,1,5,3,15,1,1,4,1,0,1,0,0,4,1,1,1,10,15
"1967",4,9,5,3,16,1,12,5,5,3,16,1,1,2,4,6,2,6,0,4,6,1,3,14,26
"1968",5,11,5,3,16,1,17,9,5,3,16,1,12,2,0,0,4,5,1,2,5,1,3,16,31
"1969",6,11,6,3,16,5,17,11,5,3,16,1,17,4,1,0,4,0,0,1,4,2,2,17,35
"1970",7,21,6,3,16,9,17,11,6,3,16,5,17,1,6,4,1,4,0,6,4,1,2,27,39
"1971",8,21,7,3,16,13,17,21,6,3,16,9,17,1,0,0,3,3,4,1,4,2,2,28,43
"1972",9,21,10,3,16,16,17,21,7,3,16,13,17,3,3,0,3,0,0,3,3,2,2,31,46
"1973",10,23,10,3,16,16,22,21,10,3,16,16,17,2,5,2,5,2,0,2,5,1,3,33,51
"1974",11,23,12,3,16,18,22,23,10,3,16,16,22,2,0,0,2,2,6,2,2,2,2,35,53
"1975",12,23,12,3,16,18,22,23,12,3,16,18,22,2,6,0,NA,0,0,0,0,0,0,35,53
"1976",0,0,0,0,0,0,0,0,0,0,0,0,0,0,0,0,0,0,0,0,0,0,0,0,0
"1977",1,6,1,1,7,6,1,1,1,1,1,1,1,6,3,5,6,3,0,5,6,1,1,5,11
"1978",2,9,1,1,7,11,1,6,1,1,7,6,1,3,0,0,5,5,1,3,5,1,2,8,16
"1979",3,14,1,1,7,11,2,9,1,1,7,11,1,5,1,0,1,0,0,5,1,1,3,13,17
"1980",4,16,1,1,12,11,2,14,1,1,7,11,2,2,5,2,5,2,0,2,5,1,1,15,22
"1981",5,16,1,3,16,11,2,16,1,1,12,11,2,2,0,0,4,1,4,2,4,3,1,17,26
"1982",6,16,1,7,17,11,2,16,1,3,16,11,2,1,4,0,1,0,0,4,1,3,1,21,27
"1983",7,19,1,7,17,11,12,16,1,7,17,11,2,6,2,3,6,2,0,3,6,1,3,24,37
"1984",8,21,1,7,17,17,17,19,1,7,17,11,12,2,0,0,4,4,6,2,6,1,2,26,48
"1985",9,25,1,7,21,17,17,21,1,7,17,17,17,4,4,0,4,0,0,4,4,1,1,30,52
"1986",10,29,1,7,21,19,17,25,1,7,21,17,17,4,2,3,2,3,0,4,2,1,2,34,54
"1987",11,32,1,7,21,24,23,29,1,7,21,19,17,3,0,0,1,6,6,3,6,1,3,37,65
"1988",12,32,1,7,21,24,23,32,1,7,21,24,23,1,6,0,NA,0,0,0,0,0,0,37,65
"1989",0,0,0,0,0,0,0,0,0,0,0,0,0,0,0,0,0,0,0,0,0,0,0,0,0
"1990",1,11,1,1,11,1,1,1,1,1,1,1,1,4,6,6,4,6,0,6,6,1,1,10,10
"1991",2,15,1,1,11,6,1,11,1,1,11,1,1,4,0,0,2,6,5,4,5,1,2,14,15
"1992",3,15,7,7,13,6,1,15,1,1,11,6,1,2,6,0,2,0,0,6,2,3,1,26,17
"1993",4,16,7,13,13,10,1,15,7,7,13,6,1,4,6,3,4,3,0,6,4,3,2,33,21
"1994",5,16,7,16,15,10,1,16,7,13,13,10,1,3,0,0,2,1,6,3,2,3,1,36,23
"1995",6,16,19,1,15,19,2,16,7,16,15,10,1,1,6,0,1,0,0,6,1,2,3,33,33
"1996",7,27,19,1,15,25,6,16,19,1,15,19,2,4,2,6,2,6,0,4,6,1,2,44,43
"1997",8,27,19,3,20,25,6,27,19,1,15,25,6,2,0,0,2,5,2,2,5,3,1,46,48
"1998",9,27,21,3,22,25,6,27,19,3,20,25,6,2,2,0,2,0,0,2,2,2,1,48,50
"1999",10,33,24,6,1,28,1,27,21,3,22,25,6,3,1,3,1,3,0,3,3,2,2,60,27
"2000",11,33,25,6,1,28,3,33,24,6,1,28,1,1,0,0,5,2,4,1,2,2,3,61,29
"2001",12,33,25,6,1,28,3,33,25,6,1,28,3,5,4,0,NA,0,0,0,0,0,0,61,29
"2002",0,0,0,0,0,0,0,0,0,0,0,0,0,0,0,0,0,0,0,0,0,0,0,0,0
"2003",1,1,3,1,1,1,6,1,1,1,1,1,1,2,2,5,2,5,0,2,5,2,3,2,5
"2004",2,1,5,1,5,1,6,1,3,1,1,1,6,2,0,0,4,4,2,2,4,2,1,4,9
"2005",3,5,5,1,7,1,6,1,5,1,5,1,6,4,2,0,2,0,0,4,2,1,1,8,11
"2006",4,8,5,1,13,6,6,5,5,1,7,1,6,4,3,6,4,6,0,3,6,1,1,11,22
"2007",5,12,5,1,19,11,6,8,5,1,13,6,6,4,0,0,5,1,6,4,6,1,1,15,33
"2008",6,17,5,1,19,11,7,12,5,1,19,11,6,5,1,0,1,0,0,5,1,1,3,20,34
"2009",7,28,5,1,19,16,7,17,5,1,19,11,7,6,5,5,5,5,0,6,5,1,2,31,39
"2010",8,33,5,1,19,22,11,28,5,1,19,16,7,5,0,0,1,6,6,5,6,1,2,36,49
"2011",9,39,14,4,20,1,11,33,5,1,19,22,11,1,6,0,1,0,0,6,1,1,1,92,29
"2012",10,39,15,4,30,1,11,39,14,4,20,1,11,1,6,5,6,5,0,1,6,2,1,93,39
"2013",11,39,20,4,32,1,11,39,15,4,30,1,11,5,0,0,2,2,6,5,2,2,1,98,41
"2014",12,39,20,4,32,1,11,39,20,4,32,1,11,2,6,0,NA,0,0,0,0,0,0,98,41
"2015",0,0,0,0,0,0,0,0,0,0,0,0,0,0,0,0,0,0,0,0,0,0,0,0,0
"2016",1,1,6,1,1,3,1,1,1,1,1,1,1,2,5,2,2,2,0,5,2,2,2,5,2
"2017",2,1,8,1,1,3,12,1,6,1,1,3,1,2,0,0,4,6,2,2,6,2,3,7,13
"2018",3,1,10,1,1,3,16,1,8,1,1,3,12,4,2,0,4,0,0,2,4,2,3,9,17
"2019",4,4,10,1,5,3,16,1,10,1,1,3,16,3,3,4,3,4,0,3,4,1,1,12,21
"2020",5,4,13,1,11,6,16,4,10,1,5,3,16,3,0,0,4,3,6,3,6,2,1,15,30
"2021",6,4,16,1,11,10,16,4,13,1,11,6,16,4,3,0,4,0,0,3,4,2,2,18,34
"2022",7,6,16,1,11,15,16,4,16,1,11,10,16,2,5,2,5,2,0,2,5,1,2,20,39
"2023",8,6,18,1,17,20,16,6,16,1,11,15,16,2,0,0,1,3,6,2,6,2,1,22,50
"2024",9,6,18,6,17,1,19,6,18,1,17,20,16,1,3,0,3,0,0,1,3,3,3,27,34
"2025",10,6,18,7,17,4,19,6,18,6,17,1,19,2,1,3,2,3,0,1,3,3,2,28,37
"2026",11,6,20,7,23,9,19,6,18,7,17,4,19,2,0,0,4,6,2,2,6,2,1,30,48
"2027",12,6,20,7,23,9,19,6,20,7,23,9,19,4,2,0,NA,0,0,0,0,0,0,30,48
"2028",0,0,0,0,0,0,0,0,0,0,0,0,0,0,0,0,0,0,0,0,0,0,0,0,0
"2029",1,1,2,1,1,1,6,1,1,1,1,1,1,1,5,1,5,1,0,1,5,2,3,1,5
"2030",2,1,2,2,12,1,6,1,2,1,1,1,6,1,0,0,1,1,6,1,6,3,1,2,16
"2031",3,1,3,2,12,2,6,1,2,2,12,1,6,1,1,0,1,0,0,1,1,2,2,3,17
"2032",4,6,3,2,12,2,8,1,3,2,12,2,6,5,2,1,2,1,0,5,2,1,3,8,19
"2033",5,7,3,2,12,7,8,6,3,2,12,2,8,1,0,0,1,5,1,1,5,1,2,9,24
"2034",6,8,3,2,13,7,8,7,3,2,12,7,8,1,1,0,1,0,0,1,1,1,1,10,25
"2035",7,12,9,2,13,12,8,8,3,2,13,7,8,3,6,5,3,5,0,6,5,2,2,20,30
"2036",8,12,9,5,13,16,8,12,9,2,13,12,8,3,0,0,4,1,2,3,4,3,2,23,34
"2037",9,12,11,5,13,16,9,12,9,5,13,16,8,1,2,0,1,0,0,2,1,2,3,25,35
"2038",10,12,11,8,13,16,12,12,11,5,13,16,9,3,3,3,3,3,0,3,3,3,3,28,38
"2039",11,15,11,8,24,16,12,12,11,8,13,16,12,3,0,0,6,1,5,3,6,1,1,31,49
"2040",12,15,11,8,24,16,12,15,11,8,24,16,12,1,5,0,NA,0,0,0,0,0,0,31,49
"2041",0,0,0,0,0,0,0,0,0,0,0,0,0,0,0,0,0,0,0,0,0,0,0,0,0
"2042",1,1,9,1,1,1,5,1,1,1,1,1,1,4,6,2,4,2,0,6,4,2,3,8,4
"2043",2,1,9,3,1,10,5,1,9,1,1,1,5,2,0,0,2,3,6,2,6,3,2,10,13
"2044",3,1,12,3,1,10,7,1,9,3,1,10,5,2,3,0,2,0,0,3,2,2,3,13,15
"2045",4,1,12,8,2,10,13,1,12,3,1,10,7,3,6,5,3,6,0,5,6,3,3,18,22
"2046",5,4,12,8,2,10,16,1,12,8,2,10,13,3,0,0,3,1,1,3,3,1,3,21,25
"2047",6,4,12,9,2,11,16,4,12,8,2,10,16,1,1,0,1,0,0,1,1,3,2,22,26
"2048",7,4,16,9,2,15,16,4,12,9,2,11,16,4,4,1,4,1,0,4,4,2,2,26,30
"2049",8,4,17,9,14,15,19,4,16,9,2,15,16,1,0,0,6,3,2,1,6,2,1,27,45
"2050",9,4,17,12,16,15,19,4,17,9,14,15,19,3,2,0,2,0,0,3,2,3,1,30,47
"2051",10,6,17,12,22,22,19,4,17,12,16,15,19,6,1,2,6,1,0,2,6,1,2,32,60
"2052",11,6,17,13,23,22,19,6,17,12,22,22,19,1,0,0,1,1,3,1,1,3,1,33,61
"2053",12,6,17,13,23,22,19,6,17,13,23,22,19,1,3,0,NA,0,0,0,0,0,0,33,61
"2054",0,0,0,0,0,0,0,0,0,0,0,0,0,0,0,0,0,0,0,0,0,0,0,0,0
"2055",1,4,1,1,1,4,1,1,1,1,1,1,1,3,3,3,3,3,0,3,3,1,2,3,3
"2056",2,4,1,4,5,4,1,4,1,1,1,4,1,3,0,0,2,4,1,3,4,3,1,6,7
"2057",3,4,3,4,6,4,1,4,1,4,5,4,1,2,1,0,1,0,0,2,1,2,1,8,8
"2058",4,4,7,4,10,4,1,4,3,4,6,4,1,3,4,4,3,4,0,4,4,2,1,12,12
"2059",5,4,10,4,11,10,1,4,7,4,10,4,1,3,0,0,5,2,6,3,6,2,2,15,19
"2060",6,4,15,4,13,10,1,4,10,4,11,10,1,5,2,0,2,0,0,5,2,2,1,20,21
"2061",7,9,15,4,18,10,1,4,15,4,13,10,1,5,4,5,4,5,0,5,5,1,1,25,26
"2062",8,9,15,8,23,10,1,9,15,4,18,10,1,4,0,0,1,5,1,4,5,3,1,29,31
"2063",9,10,15,8,23,11,1,9,15,8,23,10,1,1,1,0,1,0,0,1,1,1,2,30,32
"2064",10,17,15,8,23,11,3,10,15,8,23,11,1,1,6,2,1,2,0,6,2,1,3,37,34
"2065",11,17,16,1,30,11,3,17,15,8,23,11,3,1,0,0,5,4,3,1,3,2,1,31,41
"2066",12,17,16,1,30,11,3,17,16,1,30,11,3,5,4,0,NA,0,0,0,0,0,0,31,41
"2067",0,0,0,0,0,0,0,0,0,0,0,0,0,0,0,0,0,0,0,0,0,0,0,0,0
"2068",1,1,1,3,1,3,1,1,1,1,1,1,1,2,2,2,2,2,0,2,2,3,2,2,2
"2069",2,3,1,3,1,3,6,1,1,3,1,3,1,2,0,0,5,3,5,2,5,1,3,4,7
"2070",3,8,1,3,1,6,6,3,1,3,1,3,6,3,5,0,3,0,0,5,3,1,2,9,10
"2071",4,8,2,9,1,10,6,8,1,3,1,6,6,4,6,4,4,4,0,6,4,3,2,16,14
"2072",5,12,2,9,1,13,6,8,2,9,1,10,6,4,0,0,2,3,2,4,3,1,2,20,17
"2073",6,12,4,9,3,13,6,12,2,9,1,13,6,2,2,0,2,0,0,2,2,2,1,22,19
"2074",7,16,4,9,8,13,6,12,4,9,3,13,6,1,4,5,1,5,0,4,5,1,1,26,24
"2075",8,17,4,9,8,15,6,16,4,9,8,13,6,1,0,0,2,1,2,1,2,1,2,27,26
"2076",9,17,6,9,8,15,7,17,4,9,8,15,6,1,2,0,1,0,0,2,1,2,3,29,27
"2077",10,17,6,16,8,21,11,17,6,9,8,15,7,6,6,1,6,1,0,6,6,3,2,36,37
"2078",11,17,7,16,13,21,11,17,6,16,8,21,11,1,0,0,3,5,2,1,5,2,1,37,42
"2079",12,17,7,16,13,21,11,17,7,16,13,21,11,3,2,0,NA,0,0,0,0,0,0,37,42
"2080",0,0,0,0,0,0,0,0,0,0,0,0,0,0,0,0,0,0,0,0,0,0,0,0,0
"2081",1,1,6,1,1,1,6,1,1,1,1,1,1,5,5,1,5,1,0,5,5,2,3,5,5
"2082",2,1,6,2,1,10,6,1,6,1,1,1,6,1,0,0,3,3,6,1,6,3,2,6,14
"2083",3,1,6,5,1,10,9,1,6,2,1,10,6,3,3,0,3,0,0,3,3,3,3,9,17
"2084",4,1,6,14,1,17,9,1,6,5,1,10,9,4,6,6,4,6,0,6,6,3,2,18,24
"2085",5,1,6,18,1,22,9,1,6,14,1,17,9,4,0,0,5,6,5,4,5,3,2,22,29
"2086",6,1,1,1,6,34,9,1,6,18,1,22,9,6,5,0,5,0,0,6,5,3,1,0,46
"2087",7,1,1,4,11,34,9,1,1,1,6,34,9,3,5,5,5,5,0,3,5,3,1,3,51
"2088",8,6,1,4,11,38,9,1,1,4,11,34,9,5,0,0,4,1,3,5,4,1,2,8,55
"2089",9,7,1,4,14,38,9,6,1,4,11,38,9,1,3,0,3,0,0,1,3,1,1,9,58
"2090",10,18,1,4,16,38,9,7,1,4,14,38,9,6,2,6,2,6,0,6,2,1,1,20,60
"2091",11,25,1,4,19,38,9,18,1,4,16,38,9,6,0,0,3,6,3,6,3,1,1,27,63
"2092",12,25,1,4,19,38,9,25,1,4,19,38,9,6,3,0,NA,0,0,0,0,0,0,27,63
"2093",0,0,0,0,0,0,0,0,0,0,0,0,0,0,0,0,0,0,0,0,0,0,0,0,0
"2094",1,1,4,1,5,1,1,1,1,1,1,1,1,4,4,3,4,4,0,3,4,2,1,3,4
"2095",2,1,8,1,5,1,5,1,4,1,5,1,1,4,0,0,2,4,1,4,4,2,3,7,8
"2096",3,1,10,1,5,1,6,1,8,1,5,1,5,2,1,0,1,0,0,2,1,2,3,9,9
"2097",4,1,13,1,8,1,6,1,10,1,5,1,6,1,3,3,1,3,0,3,3,2,1,12,12
"2098",5,2,13,1,14,10,6,1,13,1,8,1,6,1,0,0,6,5,2,1,6,1,1,13,27
"2099",6,7,13,1,14,12,6,2,13,1,14,10,6,5,2,0,2,0,0,5,2,1,2,18,29
"2100",7,9,13,1,14,12,10,7,13,1,14,12,6,4,2,4,4,4,0,2,4,1,3,20,33
"2101",8,9,17,1,14,13,16,9,13,1,14,12,10,4,0,0,3,6,5,4,6,2,3,24,40
"2102",9,9,22,1,14,13,19,9,17,1,14,13,16,3,5,0,3,0,0,5,3,2,3,29,43
"2103",10,9,27,1,14,14,19,9,22,1,14,13,19,1,5,1,1,1,0,5,1,2,2,34,44
"2104",11,9,28,1,15,14,25,9,27,1,14,14,19,1,0,0,4,3,6,1,6,2,3,35,51
"2105",12,9,28,1,15,14,25,9,28,1,15,14,25,4,3,0,NA,0,0,0,0,0,0,35,51
"2106",0,0,0,0,0,0,0,0,0,0,0,0,0,0,0,0,0,0,0,0,0,0,0,0,0
"2107",1,1,2,1,1,7,5,1,1,1,1,1,1,3,1,6,3,6,0,1,6,2,2,1,10
"2108",2,1,2,4,4,7,5,1,2,1,1,7,5,3,0,0,3,3,1,3,3,3,1,4,13
"2109",3,1,5,4,5,7,5,1,2,4,4,7,5,3,1,0,1,0,0,3,1,2,1,7,14
"2110",4,1,10,4,5,11,5,1,5,4,5,7,5,4,5,1,4,1,0,5,4,2,2,12,18
"2111",5,2,10,4,5,11,6,1,10,4,5,11,5,1,0,0,2,1,2,1,1,1,3,13,19
"2112",6,2,10,6,5,13,6,2,10,4,5,11,6,2,2,0,2,0,0,2,2,3,2,15,21
"2113",7,2,10,10,5,16,6,2,10,6,5,13,6,4,1,3,1,3,0,4,3,3,2,19,24
"2114",8,2,11,10,6,16,6,2,10,10,5,16,6,1,0,0,1,1,1,1,1,2,1,20,25
"2115",9,2,11,11,6,17,6,2,11,10,6,16,6,1,1,0,1,0,0,1,1,3,2,21,26
"2116",10,2,16,11,11,17,6,2,11,11,6,17,6,5,5,5,5,5,0,5,5,2,1,26,31
"2117",11,7,16,11,16,17,6,2,16,11,11,17,6,5,0,0,1,1,5,5,5,1,1,31,36
"2118",12,7,16,11,16,17,6,7,16,11,16,17,6,1,1,0,NA,0,0,0,0,0,0,31,36
"2119",0,0,0,0,0,0,0,0,0,0,0,0,0,0,0,0,0,0,0,0,0,0,0,0,0
"2120",1,1,6,1,6,1,1,1,1,1,1,1,1,5,5,2,5,2,0,5,5,2,1,5,5
"2121",2,1,8,1,6,5,1,1,6,1,6,1,1,2,0,0,2,6,4,2,4,2,2,7,9
"2122",3,2,8,7,8,5,1,1,8,1,6,5,1,2,6,0,2,0,0,6,2,3,1,14,11
"2123",4,2,8,12,8,10,1,2,8,7,8,5,1,5,5,2,5,2,0,5,5,3,2,19,16
"2124",5,4,8,12,8,16,3,2,8,12,8,10,1,2,0,0,4,5,6,2,6,1,2,21,24
"2125",6,4,8,17,8,16,7,4,8,12,8,16,3,4,5,0,4,0,0,5,4,3,3,26,28
"2126",7,4,8,21,8,16,11,4,8,17,8,16,7,4,3,4,3,4,0,4,4,3,3,30,32
"2127",8,4,11,21,8,20,11,4,8,21,8,16,11,3,0,0,1,4,2,3,4,2,2,33,36
"2128",9,4,13,21,8,21,11,4,11,21,8,20,11,1,2,0,1,0,0,2,1,2,2,35,37
"2129",10,8,19,21,8,24,11,4,13,21,8,21,11,6,3,2,3,2,0,6,3,2,2,45,40
"2130",11,8,19,23,12,24,11,8,19,21,8,24,11,2,0,0,4,3,6,2,4,3,1,47,44
"2131",12,8,19,23,12,24,11,8,19,23,12,24,11,3,6,0,NA,0,0,0,0,0,0,47,44
"2132",0,0,0,0,0,0,0,0,0,0,0,0,0,0,0,0,0,0,0,0,0,0,0,0,0
"2133",1,1,6,1,4,1,1,1,1,1,1,1,1,5,3,1,3,1,0,5,3,2,1,5,3
"2134",2,2,6,1,4,1,2,1,6,1,4,1,1,1,0,0,1,1,1,1,1,1,3,6,4
"2135",3,2,7,1,4,1,3,2,6,1,4,1,2,1,1,0,1,0,0,1,1,2,3,7,5
"2136",4,8,7,4,4,1,4,2,7,1,4,1,3,3,1,6,3,1,0,6,1,1,3,16,6
"2137",5,8,7,7,6,1,10,8,7,4,4,1,4,3,0,0,6,3,1,3,6,3,3,19,14
"2138",6,8,10,7,6,2,10,8,7,7,6,1,10,3,1,0,1,0,0,3,1,2,2,22,15
"2139",7,8,15,7,6,2,13,8,10,7,6,2,10,3,1,5,3,1,0,5,3,2,3,27,18
"2140",8,8,16,7,10,2,13,8,15,7,6,2,13,1,0,0,5,4,1,1,4,2,1,28,22
"2141",9,8,16,12,10,3,13,8,16,7,10,2,13,5,1,0,1,0,0,5,1,3,2,33,23
"2142",10,8,27,17,10,7,18,8,16,12,10,3,13,6,6,5,6,6,0,5,6,2,2,49,32
"2143",11,8,38,17,12,7,18,8,27,17,10,7,18,6,0,0,2,6,2,6,2,2,1,60,34
"2144",12,8,38,17,12,7,18,8,38,17,12,7,18,6,2,0,NA,0,0,0,0,0,0,60,34
"2145",0,0,0,0,0,0,0,0,0,0,0,0,0,0,0,0,0,0,0,0,0,0,0,0,0
"2146",1,1,1,5,1,1,2,1,1,1,1,1,1,1,2,4,1,2,0,4,1,3,3,4,1
"2147",2,3,1,5,7,1,7,1,1,5,1,1,2,2,0,0,4,2,6,2,6,1,1,6,12
"2148",3,7,1,5,7,3,7,3,1,5,7,1,7,4,2,0,2,0,0,4,2,1,2,10,14
"2149",4,7,5,11,12,3,7,7,1,5,7,3,7,1,5,6,1,5,0,6,5,3,1,20,19
"2150",5,7,6,11,15,3,7,7,5,11,12,3,7,1,0,0,1,3,5,1,3,2,1,21,22
"2151",6,7,11,11,15,3,8,7,6,11,15,3,7,1,5,0,1,0,0,5,1,2,3,26,23
"2152",7,16,11,17,18,3,8,7,11,11,15,3,8,1,6,3,1,3,0,6,3,1,1,41,26
"2153",8,16,11,18,23,3,8,16,11,17,18,3,8,1,0,0,5,3,2,1,5,3,1,42,31
"2154",9,16,13,18,23,3,11,16,11,18,23,3,8,3,2,0,3,0,0,2,3,2,3,44,34
"2155",10,16,15,18,23,3,15,16,13,18,23,3,11,4,2,1,4,1,0,2,4,2,3,46,38
"2156",11,16,16,18,23,3,20,16,15,18,23,3,15,1,0,0,4,5,1,1,5,2,3,47,43
"2157",12,16,16,18,23,3,20,16,16,18,23,3,20,4,1,0,NA,0,0,0,0,0,0,47,43
"2158",0,0,0,0,0,0,0,0,0,0,0,0,0,0,0,0,0,0,0,0,0,0,0,0,0
"2159",1,4,1,1,1,2,1,1,1,1,1,1,1,1,1,3,1,1,0,3,1,1,2,3,1
"2160",2,4,2,1,1,2,5,4,1,1,1,2,1,1,0,0,1,2,4,1,4,2,3,4,5
"2161",3,4,4,1,2,2,5,4,2,1,1,2,5,1,2,0,1,0,0,2,1,2,1,6,6
"2162",4,4,8,1,2,2,14,4,4,1,2,2,5,4,1,6,1,6,0,4,6,2,3,10,15
"2163",5,5,8,1,5,8,14,4,8,1,2,2,14,1,0,0,6,4,5,1,6,1,2,11,24
"2164",6,5,13,1,9,8,14,5,8,1,5,8,14,4,5,0,4,0,0,5,4,2,1,16,28
"2165",7,5,17,1,14,8,14,5,13,1,9,8,14,4,1,5,1,5,0,4,5,2,1,20,33
"2166",8,6,17,1,14,13,14,5,17,1,14,8,14,1,0,0,4,5,1,1,5,1,2,21,38
"2167",9,7,17,1,18,13,14,6,17,1,14,13,14,4,1,0,4,0,0,1,4,1,1,22,42
"2168",10,7,20,1,18,17,14,7,17,1,18,13,14,4,1,3,4,1,0,3,4,2,2,25,46
"2169",11,7,21,1,21,17,20,7,20,1,18,17,14,1,0,0,4,6,6,1,6,2,3,26,55
"2170",12,7,21,1,21,17,20,7,21,1,21,17,20,4,6,0,NA,0,0,0,0,0,0,26,55
"2171",0,0,0,0,0,0,0,0,0,0,0,0,0,0,0,0,0,0,0,0,0,0,0,0,0
"2172",1,3,1,1,1,1,5,1,1,1,1,1,1,4,1,2,4,1,0,2,4,1,3,2,4
"2173",2,3,1,2,1,7,8,3,1,1,1,1,5,1,0,0,1,6,4,1,6,3,2,3,13
"2174",3,3,1,3,5,7,8,3,1,2,1,7,8,1,4,0,4,0,0,1,4,3,1,4,17
"2175",4,3,1,8,5,12,8,3,1,3,5,7,8,5,1,5,1,5,0,5,5,3,2,9,22
"2176",5,3,1,9,10,12,8,3,1,8,5,12,8,1,0,0,5,2,4,1,5,3,1,10,27
"2177",6,7,1,9,12,12,8,3,1,9,10,12,8,2,4,0,2,0,0,4,2,1,1,14,29
"2178",7,7,1,13,13,18,8,7,1,9,12,12,8,4,6,2,6,2,0,4,6,3,2,18,36
"2179",8,9,1,13,17,18,8,7,1,13,13,18,8,2,0,0,4,2,4,2,4,1,1,20,40
"2180",9,9,1,17,19,18,8,9,1,13,17,18,8,2,4,0,2,0,0,4,2,3,1,24,42
"2181",10,9,1,18,19,23,8,9,1,17,19,18,8,5,5,1,5,5,0,1,5,3,2,25,47
"2182",11,14,1,18,25,25,8,9,1,18,19,23,8,5,0,0,6,2,5,5,6,1,1,30,55
"2183",12,14,1,18,25,25,8,14,1,18,25,25,8,2,5,0,NA,0,0,0,0,0,0,30,55
"2184",0,0,0,0,0,0,0,0,0,0,0,0,0,0,0,0,0,0,0,0,0,0,0,0,0
"2185",1,1,4,1,1,5,1,1,1,1,1,1,1,3,3,4,3,4,0,3,4,2,2,3,4
"2186",2,1,7,1,11,5,1,1,4,1,1,5,1,3,0,0,5,1,6,3,6,2,1,6,14
"2187",3,6,7,1,12,5,1,1,7,1,11,5,1,5,1,0,1,0,0,5,1,1,1,11,15
"2188",4,6,7,4,12,9,1,6,7,1,12,5,1,3,4,1,4,1,0,3,4,3,2,14,19
"2189",5,6,7,5,12,9,6,6,7,4,12,9,1,1,0,0,1,2,5,1,5,3,3,15,24
"2190",6,6,7,6,12,9,8,6,7,5,12,9,6,1,2,0,2,0,0,1,2,3,3,16,26
"2191",7,6,7,9,16,15,14,6,7,6,12,9,8,3,6,2,6,2,0,3,6,3,3,19,42
"2192",8,6,9,9,18,15,14,6,7,9,16,15,14,2,0,0,1,2,4,2,2,2,1,21,44
"2193",9,6,13,9,19,15,14,6,9,9,18,15,14,1,4,0,1,0,0,4,1,2,1,25,45
"2194",10,6,13,13,19,17,14,6,13,9,19,15,14,2,4,2,2,2,0,4,2,3,2,29,47
"2195",11,8,13,13,25,28,14,6,13,13,19,17,14,2,0,0,6,2,4,2,6,1,1,31,64
"2196",12,8,13,13,25,28,14,8,13,13,25,28,14,2,4,0,NA,0,0,0,0,0,0,31,64
"2197",0,0,0,0,0,0,0,0,0,0,0,0,0,0,0,0,0,0,0,0,0,0,0,0,0
"2198",1,3,1,1,1,4,1,1,1,1,1,1,1,2,2,3,2,3,0,2,3,1,2,2,3
"2199",2,3,1,3,1,10,6,3,1,1,1,4,1,2,0,0,2,6,1,2,6,3,2,4,14
"2200",3,5,1,3,1,11,6,3,1,3,1,10,6,2,1,0,1,0,0,2,1,1,2,6,15
"2201",4,5,1,6,5,11,6,5,1,3,1,11,6,3,2,4,2,4,0,3,4,3,1,9,19
"2202",5,5,1,8,12,11,6,5,1,6,5,11,6,2,0,0,6,1,1,2,6,3,1,11,26
"2203",6,5,2,8,13,11,6,5,1,8,12,11,6,1,1,0,1,0,0,1,1,2,1,12,27
"2204",7,5,2,12,15,11,6,5,2,8,13,11,6,4,2,4,2,4,0,4,2,3,1,16,29
"2205",8,9,2,12,15,17,8,5,2,12,15,11,6,4,0,0,3,5,6,4,6,1,2,20,37
"2206",9,9,2,17,18,17,8,9,2,12,15,17,8,3,5,0,3,0,0,5,3,3,1,25,40
"2207",10,11,2,17,18,17,13,9,2,17,18,17,8,3,2,5,3,5,0,2,5,1,3,27,45
"2208",11,11,2,20,21,17,13,11,2,17,18,17,13,3,0,0,3,5,5,3,3,3,1,30,48
"2209",12,11,2,20,21,17,13,11,2,20,21,17,13,5,5,0,NA,0,0,0,0,0,0,30,48
"2210",0,0,0,0,0,0,0,0,0,0,0,0,0,0,0,0,0,0,0,0,0,0,0,0,0
"2211",1,1,12,1,1,3,1,1,1,1,1,1,1,2,6,2,2,2,0,6,2,2,2,11,2
"2212",2,1,12,3,1,3,2,1,12,1,1,3,1,2,0,0,6,1,2,2,1,3,3,13,3
"2213",3,3,12,9,3,3,2,1,12,3,1,3,2,6,2,0,2,0,0,6,2,3,1,21,5
"2214",4,8,12,9,3,5,2,3,12,9,3,3,2,2,1,5,2,1,0,5,2,1,2,26,7
"2215",5,8,12,10,3,5,7,8,12,9,3,5,2,1,0,0,5,4,5,1,5,3,3,27,12
"2216",6,13,12,10,3,5,11,8,12,10,3,5,7,4,5,0,4,0,0,5,4,1,3,32,16
"2217",7,13,12,14,3,10,11,13,12,10,3,5,11,4,1,5,1,5,0,4,5,3,2,36,21
"2218",8,14,12,14,3,10,16,13,12,14,3,10,11,1,0,0,3,5,6,1,5,1,3,37,26
"2219",9,20,14,14,3,10,19,14,12,14,3,10,16,3,6,0,3,0,0,6,3,1,3,45,29
"2220",10,1,14,14,9,12,21,20,14,14,3,10,19,3,6,2,3,2,0,6,2,1,2,26,39
"2221",11,1,17,14,9,12,24,1,14,14,9,12,21,3,0,0,3,2,2,3,3,2,3,29,42
"2222",12,1,17,14,9,12,24,1,17,14,9,12,24,2,2,0,NA,0,0,0,0,0,0,29,42
"2223",0,0,0,0,0,0,0,0,0,0,0,0,0,0,0,0,0,0,0,0,0,0,0,0,0
"2224",1,5,1,1,12,1,1,1,1,1,1,1,1,6,5,4,6,5,0,4,6,1,1,4,11
"2225",2,5,6,1,16,1,1,5,1,1,12,1,1,5,0,0,4,5,1,5,4,2,1,9,15
"2226",3,10,6,1,17,1,1,5,6,1,16,1,1,5,1,0,1,0,0,5,1,1,1,14,16
"2227",4,10,11,1,17,12,1,10,6,1,17,1,1,5,6,1,6,1,0,5,6,2,2,19,27
"2228",5,10,12,1,17,12,2,10,11,1,17,12,1,1,0,0,1,2,4,1,1,2,3,20,28
"2229",6,14,12,1,17,12,4,10,12,1,17,12,2,2,4,0,2,0,0,4,2,1,3,24,30
"2230",7,19,12,1,17,12,16,14,12,1,17,12,4,5,4,6,4,6,0,5,6,1,3,29,42
"2231",8,23,12,1,17,17,16,19,12,1,17,12,16,4,0,0,4,5,2,4,5,1,2,33,47
"2232",9,27,12,1,19,17,16,23,12,1,17,17,16,4,2,0,2,0,0,4,2,1,1,37,49
"2233",10,31,12,1,19,17,17,27,12,1,19,17,16,3,4,1,3,1,0,4,1,1,3,41,50
"2234",11,34,12,1,19,20,17,31,12,1,19,17,17,3,0,0,3,3,2,3,3,1,2,44,53
"2235",12,34,12,1,19,20,17,34,12,1,19,20,17,3,2,0,NA,0,0,0,0,0,0,44,53
"2236",0,0,0,0,0,0,0,0,0,0,0,0,0,0,0,0,0,0,0,0,0,0,0,0,0
"2237",1,6,1,1,2,1,1,1,1,1,1,1,1,1,5,1,1,1,0,5,1,1,1,5,1
"2238",2,6,1,2,2,1,4,6,1,1,2,1,1,1,0,0,3,3,2,1,3,3,3,6,4
"2239",3,8,1,2,5,1,4,6,1,2,2,1,4,3,2,0,3,0,0,2,3,1,1,8,7
"2240",4,8,3,2,5,4,4,8,1,2,5,1,4,2,3,2,3,2,0,2,3,2,2,10,10
"2241",5,8,5,2,5,9,4,8,3,2,5,4,4,2,0,0,1,5,2,2,5,2,2,12,15
"2242",6,8,5,4,5,9,5,8,5,2,5,9,4,1,2,0,1,0,0,2,1,3,3,14,16
"2243",7,12,5,4,9,9,5,8,5,4,5,9,5,3,4,4,3,4,0,4,4,1,1,18,20
"2244",8,15,5,4,9,9,10,12,5,4,9,9,5,3,0,0,4,5,3,3,5,1,3,21,25
"2245",9,18,5,4,9,13,10,15,5,4,9,9,10,4,3,0,4,0,0,3,4,1,2,24,29
"2246",10,18,5,8,15,17,10,18,5,4,9,13,10,3,4,6,3,6,0,4,6,3,1,28,39
"2247",11,21,5,8,21,21,10,18,5,8,15,17,10,3,0,0,2,2,6,3,6,1,1,31,49
"2248",12,21,5,8,21,21,10,21,5,8,21,21,10,2,2,0,NA,0,0,0,0,0,0,31,49
"2249",0,0,0,0,0,0,0,0,0,0,0,0,0,0,0,0,0,0,0,0,0,0,0,0,0
"2250",1,1,6,1,1,6,7,1,1,1,1,1,1,5,6,5,6,5,0,5,6,2,3,5,11
"2251",2,1,6,6,1,12,10,1,6,1,1,6,7,5,0,0,6,6,2,5,6,3,2,10,20
"2252",3,3,12,6,3,12,10,1,6,6,1,12,10,6,2,0,2,0,0,6,2,2,1,18,22
"2253",4,3,12,7,4,12,10,3,12,6,3,12,10,1,1,1,1,1,0,1,1,3,1,19,23
"2254",5,3,13,7,9,12,10,3,12,7,4,12,10,1,0,0,1,5,4,1,5,2,1,20,28
"2255",6,7,13,7,10,12,10,3,13,7,9,12,10,1,4,0,1,0,0,4,1,1,1,24,29
"2256",7,12,13,7,14,12,10,7,13,7,10,12,10,3,4,5,3,4,0,5,4,1,1,29,33
"2257",8,12,13,10,14,12,18,12,13,7,14,12,10,3,0,0,4,1,6,3,6,3,3,32,41
"2258",9,12,13,14,14,12,19,12,13,10,14,12,18,4,1,0,1,0,0,4,1,3,3,36,42
"2259",10,15,13,14,19,12,25,12,13,14,14,12,19,3,6,1,6,1,0,3,6,1,3,39,53
"2260",11,16,13,14,23,12,25,15,13,14,19,12,25,1,0,0,4,3,1,1,4,1,1,40,57
"2261",12,16,13,14,23,12,25,16,13,14,23,12,25,3,1,0,NA,0,0,0,0,0,0,40,57
"2262",0,0,0,0,0,0,0,0,0,0,0,0,0,0,0,0,0,0,0,0,0,0,0,0,0
"2263",1,5,1,1,1,1,3,1,1,1,1,1,1,4,2,2,2,2,0,4,2,1,3,4,2
"2264",2,7,1,1,1,1,7,5,1,1,1,1,3,2,0,0,3,4,5,2,4,1,3,6,6
"2265",3,12,1,1,4,1,7,7,1,1,1,1,7,3,5,0,3,0,0,5,3,1,1,11,9
"2266",4,12,6,1,4,1,12,12,1,1,4,1,7,4,5,5,4,5,0,5,5,2,3,16,14
"2267",5,12,10,1,4,1,17,12,6,1,4,1,12,4,0,0,3,1,5,4,5,2,3,20,19
"2268",6,12,13,1,4,2,17,12,10,1,4,1,17,3,1,0,1,0,0,3,1,2,2,23,20
"2269",7,12,13,4,4,3,17,12,13,1,4,2,17,1,1,3,1,1,0,3,1,3,2,26,21
"2270",8,12,13,5,4,8,17,12,13,4,4,3,17,1,0,0,2,5,2,1,5,3,2,27,26
"2271",9,12,13,7,4,10,17,12,13,5,4,8,17,2,2,0,2,0,0,2,2,3,2,29,28
"2272",10,18,13,9,4,10,21,12,13,7,4,10,17,4,1,6,4,1,0,6,4,1,3,37,32
"2273",11,18,13,10,15,10,21,18,13,9,4,10,21,1,0,0,3,6,4,1,6,3,1,38,43
"2274",12,18,13,10,15,10,21,18,13,10,15,10,21,3,4,0,NA,0,0,0,0,0,0,38,43
"2275",0,0,0,0,0,0,0,0,0,0,0,0,0,0,0,0,0,0,0,0,0,0,0,0,0
"2276",1,1,4,1,6,1,1,1,1,1,1,1,1,3,5,1,5,1,0,3,5,2,1,3,5
"2277",2,1,4,2,6,7,2,1,4,1,6,1,1,1,0,0,6,1,1,1,6,3,2,4,12
"2278",3,1,5,2,6,7,3,1,4,2,6,7,2,1,1,0,1,0,0,1,1,2,3,5,13
"2279",4,7,12,2,9,13,3,1,5,2,6,7,3,4,6,6,4,6,0,6,6,2,2,18,22
"2280",5,7,16,2,14,13,3,7,12,2,9,13,3,4,0,0,4,5,3,4,5,2,1,22,27
"2281",6,11,16,2,14,13,6,7,16,2,14,13,3,4,3,0,3,0,0,4,3,1,3,26,30
"2282",7,14,22,2,18,13,6,11,16,2,14,13,6,3,4,6,3,4,0,6,4,2,1,35,34
"2283",8,17,22,2,22,13,6,14,22,2,18,13,6,3,0,0,4,3,6,3,4,1,1,38,38
"2284",9,23,1,2,22,13,12,17,22,2,22,13,6,3,6,0,3,0,0,6,3,1,3,23,44
"2285",10,30,6,2,7,15,1,23,1,2,22,13,12,6,3,5,6,5,0,3,6,2,1,35,20
"2286",11,1,6,2,10,17,1,30,6,2,7,15,1,5,0,0,1,2,1,5,2,1,2,6,25
"2287",12,1,6,2,10,17,1,1,6,2,10,17,1,1,1,0,NA,0,0,0,0,0,0,6,25
"2288",0,0,0,0,0,0,0,0,0,0,0,0,0,0,0,0,0,0,0,0,0,0,0,0,0
"2289",1,1,10,1,1,1,6,1,1,1,1,1,1,1,6,5,1,5,0,6,5,2,3,9,5
"2290",2,2,10,1,1,5,6,1,10,1,1,1,6,1,0,0,2,4,1,1,4,1,2,10,9
"2291",3,2,10,2,3,5,6,2,10,1,1,5,6,2,1,0,2,0,0,1,2,3,1,11,11
"2292",4,7,10,2,3,9,6,2,10,2,3,5,6,5,2,4,2,4,0,5,4,1,2,16,15
"2293",5,7,10,4,3,14,6,7,10,2,3,9,6,2,0,0,5,1,3,2,5,3,2,18,20
"2294",6,7,10,7,3,15,6,7,10,4,3,14,6,1,3,0,1,0,0,3,1,3,2,21,21
"2295",7,7,10,12,3,20,6,7,10,7,3,15,6,1,5,5,1,5,0,5,5,3,2,26,26
"2296",8,8,10,12,3,24,6,7,10,12,3,20,6,1,0,0,4,5,1,1,4,1,2,27,30
"2297",9,13,10,12,3,25,6,8,10,12,3,24,6,5,1,0,1,0,0,5,1,1,2,32,31
"2298",10,13,10,13,4,25,6,13,10,12,3,25,6,1,1,1,1,1,0,1,1,3,1,33,32
"2299",11,13,11,13,14,25,12,13,10,13,4,25,6,1,0,0,4,6,4,1,6,2,1,34,48
"2300",12,13,11,13,14,25,12,13,11,13,14,25,12,4,4,0,NA,0,0,0,0,0,0,34,48
"2301",0,0,0,0,0,0,0,0,0,0,0,0,0,0,0,0,0,0,0,0,0,0,0,0,0
"2302",1,1,1,6,4,1,1,1,1,1,1,1,1,5,2,3,2,3,0,5,3,3,1,5,3
"2303",2,3,1,6,5,7,1,1,1,6,4,1,1,2,0,0,6,6,5,2,6,1,2,7,10
"2304",3,3,1,13,5,12,1,3,1,6,5,7,1,6,5,0,5,0,0,6,5,3,2,14,15
"2305",4,3,6,13,9,12,1,3,1,13,5,12,1,5,1,4,1,4,0,5,4,2,1,19,19
"2306",5,4,6,13,9,12,5,3,6,13,9,12,1,1,0,0,4,3,3,1,4,1,3,20,23
"2307",6,4,9,13,12,12,5,4,6,13,9,12,5,3,3,0,3,0,0,3,3,2,1,23,26
"2308",7,4,14,13,12,16,5,4,9,13,12,12,5,5,1,4,1,4,0,5,4,2,2,28,30
"2309",8,4,15,13,12,16,10,4,14,13,12,16,5,1,0,0,5,2,2,1,5,2,3,29,35
"2310",9,6,15,13,12,18,10,4,15,13,12,16,10,2,2,0,2,0,0,2,2,1,2,31,37
"2311",10,11,15,13,16,18,10,6,15,13,12,18,10,4,2,5,4,2,0,5,4,1,1,36,41
"2312",11,11,15,15,19,18,10,11,15,13,16,18,10,2,0,0,3,3,5,2,3,3,1,38,44
"2313",12,11,15,15,19,18,10,11,15,15,19,18,10,3,5,0,NA,0,0,0,0,0,0,38,44
"2314",0,0,0,0,0,0,0,0,0,0,0,0,0,0,0,0,0,0,0,0,0,0,0,0,0
"2315",1,1,1,5,1,1,5,1,1,1,1,1,1,4,4,2,4,2,0,4,4,3,3,4,4
"2316",2,1,1,7,1,2,5,1,1,5,1,1,5,2,0,0,1,1,2,2,1,3,2,6,5
"2317",3,3,1,7,1,2,6,1,1,7,1,2,5,1,2,0,1,0,0,2,1,1,3,8,6
"2318",4,4,1,7,5,2,6,3,1,7,1,2,6,1,3,4,3,4,0,1,4,1,1,9,10
"2319",5,7,1,7,5,4,6,4,1,7,5,2,6,3,0,0,2,1,2,3,2,1,2,12,12
"2320",6,8,1,7,7,4,6,7,1,7,5,4,6,1,2,0,2,0,0,1,2,1,1,13,14
"2321",7,8,2,7,7,4,8,8,1,7,7,4,6,1,2,2,2,2,0,1,2,2,3,14,16
"2322",8,8,2,9,12,4,8,8,2,7,7,4,8,2,0,0,5,1,4,2,5,3,1,16,21
"2323",9,8,6,9,12,5,8,8,2,9,12,4,8,1,4,0,1,0,0,4,1,2,2,20,22
"2324",10,12,12,9,12,7,8,8,6,9,12,5,8,1,2,6,1,2,0,6,2,2,2,30,24
"2325",11,13,12,9,15,7,8,12,12,9,12,7,8,1,0,0,3,5,3,1,3,1,1,31,27
"2326",12,13,12,9,15,7,8,13,12,9,15,7,8,5,3,0,NA,0,0,0,0,0,0,31,27
"2327",0,0,0,0,0,0,0,0,0,0,0,0,0,0,0,0,0,0,0,0,0,0,0,0,0
"2328",1,7,3,1,5,1,1,1,1,1,1,1,1,6,3,4,3,4,0,6,4,1,1,8,4
"2329",2,7,6,1,5,6,1,7,3,1,5,1,1,3,0,0,5,5,6,3,5,2,2,11,9
"2330",3,7,13,1,10,6,1,7,6,1,5,6,1,5,6,0,5,0,0,6,5,2,1,18,14
"2331",4,9,13,7,12,6,1,7,13,1,10,6,1,6,1,2,1,2,0,6,2,3,1,26,16
"2332",5,9,13,8,12,11,1,9,13,7,12,6,1,1,0,0,2,2,5,1,5,3,2,27,21
"2333",6,9,13,10,12,11,3,9,13,8,12,11,1,2,2,0,2,0,0,2,2,3,3,29,23
"2334",7,9,19,19,17,11,3,9,13,10,12,11,3,1,6,5,1,5,0,6,5,2,1,44,28
"2335",8,9,20,19,22,11,3,9,19,19,17,11,3,1,0,0,1,5,5,1,5,2,1,45,33
"2336",9,9,25,19,22,12,3,9,20,19,22,11,3,1,5,0,1,0,0,5,1,2,2,50,34
"2337",10,15,27,19,22,12,5,9,25,19,22,12,3,2,6,1,2,1,0,6,2,1,3,58,36
"2338",11,15,27,20,22,15,5,15,27,19,22,12,5,1,0,0,3,5,3,1,3,3,2,59,39
"2339",12,15,27,20,22,15,5,15,27,20,22,15,5,5,3,0,NA,0,0,0,0,0,0,59,39
"2340",0,0,0,0,0,0,0,0,0,0,0,0,0,0,0,0,0,0,0,0,0,0,0,0,0
"2341",1,1,5,7,1,2,7,1,1,1,1,1,1,6,6,1,6,1,0,6,6,3,3,10,7
"2342",2,2,5,7,1,3,7,1,5,7,1,2,7,1,0,0,1,1,2,1,1,1,2,11,8
"2343",3,2,5,9,1,4,7,2,5,7,1,3,7,1,2,0,1,0,0,2,1,3,2,13,9
"2344",4,10,5,9,1,4,12,2,5,9,1,4,7,6,5,1,5,1,0,6,5,1,3,21,14
"2345",5,10,5,10,1,4,15,10,5,9,1,4,12,1,0,0,4,2,3,1,3,3,3,22,17
"2346",6,10,9,10,1,4,17,10,5,10,1,4,15,4,2,0,2,0,0,4,2,2,3,26,19
"2347",7,13,9,16,1,4,22,10,9,10,1,4,17,5,3,6,5,3,0,6,5,3,3,35,24
"2348",8,13,1,19,3,4,27,13,9,16,1,4,22,3,0,0,2,5,3,3,5,3,3,30,31
"2349",9,13,4,19,3,6,27,13,1,19,3,4,27,2,3,0,2,0,0,3,2,2,2,33,33
"2350",10,17,4,19,5,6,27,13,4,19,3,6,27,2,2,4,2,2,0,4,2,1,1,37,35
"2351",11,1,6,19,9,6,35,17,4,19,5,6,27,2,0,0,3,6,1,2,6,2,3,23,47
"2352",12,1,6,19,9,6,35,1,6,19,9,6,35,3,1,0,NA,0,0,0,0,0,0,23,47
"2353",0,0,0,0,0,0,0,0,0,0,0,0,0,0,0,0,0,0,0,0,0,0,0,0,0
"2354",1,3,1,1,1,3,1,1,1,1,1,1,1,2,1,2,1,2,0,2,2,1,2,2,2
"2355",2,4,1,1,7,5,1,3,1,1,1,3,1,1,0,0,6,5,1,1,6,1,1,3,10
"2356",3,4,6,1,8,5,1,4,1,1,7,5,1,5,1,0,1,0,0,5,1,2,1,8,11
"2357",4,4,9,1,11,5,1,4,6,1,8,5,1,3,3,3,3,3,0,3,3,2,1,11,14
"2358",5,4,12,1,16,5,1,4,9,1,11,5,1,3,0,0,5,4,2,3,5,2,1,14,19
"2359",6,8,12,1,18,5,1,4,12,1,16,5,1,4,2,0,2,0,0,4,2,1,1,18,21
"2360",7,12,12,1,18,8,1,8,12,1,18,5,1,2,3,4,2,3,0,4,3,1,2,22,24
"2361",8,14,1,1,30,13,1,12,12,1,18,8,1,2,0,0,6,3,6,2,6,1,1,13,41
"2362",9,16,12,1,1,16,1,14,1,1,30,13,1,3,6,0,3,0,0,6,3,2,2,26,15
"2363",10,16,17,7,1,16,2,16,12,1,1,16,1,1,6,5,1,5,0,6,1,3,3,37,16
"2364",11,16,17,12,2,16,2,16,17,7,1,16,2,5,0,0,1,2,1,5,1,3,1,42,17
"2365",12,16,17,12,2,16,2,16,17,12,2,16,2,2,1,0,NA,0,0,0,0,0,0,42,17
"2366",0,0,0,0,0,0,0,0,0,0,0,0,0,0,0,0,0,0,0,0,0,0,0,0,0
"2367",1,1,1,5,4,1,1,1,1,1,1,1,1,2,4,3,2,3,0,4,3,3,1,4,3
"2368",2,3,1,5,4,7,5,1,1,5,4,1,1,2,0,0,6,5,6,2,6,1,2,6,13
"2369",3,3,5,11,4,7,10,3,1,5,4,7,5,5,6,0,5,0,0,6,5,3,3,16,18
"2370",4,3,8,11,4,7,11,3,5,11,4,7,10,1,1,3,1,1,0,3,1,2,3,19,19
"2371",5,3,9,11,4,10,11,3,8,11,4,7,11,1,0,0,3,2,2,1,3,2,2,20,22
"2372",6,3,11,11,6,10,11,3,9,11,4,10,11,2,2,0,2,0,0,2,2,2,1,22,24
"2373",7,3,11,14,10,10,11,3,11,11,6,10,11,2,3,4,2,4,0,3,4,3,1,25,28
"2374",8,3,11,16,16,10,15,3,11,14,10,10,11,2,0,0,2,6,3,2,6,3,1,27,38
"2375",9,6,11,16,18,10,15,3,11,16,16,10,15,2,3,0,2,0,0,3,2,1,1,30,40
"2376",10,6,11,21,18,10,17,6,11,16,18,10,15,2,5,2,2,2,0,5,2,3,3,35,42
"2377",11,8,11,21,19,10,17,6,11,21,18,10,17,2,0,0,1,2,5,2,1,1,1,37,43
"2378",12,8,11,21,19,10,17,8,11,21,19,10,17,2,5,0,NA,0,0,0,0,0,0,37,43
"2379",0,0,0,0,0,0,0,0,0,0,0,0,0,0,0,0,0,0,0,0,0,0,0,0,0
"2380",1,1,6,1,4,1,7,1,1,1,1,1,1,3,5,6,3,6,0,5,6,2,3,5,9
"2381",2,4,6,1,8,1,7,1,6,1,4,1,7,3,0,0,4,5,5,3,4,1,1,8,13
"2382",3,9,6,1,13,1,7,4,6,1,8,1,7,5,5,0,5,0,0,5,5,1,1,13,18
"2383",4,13,6,1,16,1,7,9,6,1,13,1,7,3,4,4,3,4,0,4,3,1,1,17,21
"2384",5,17,6,1,16,1,9,13,6,1,16,1,7,4,0,0,4,2,2,4,2,1,3,21,23
"2385",6,1,6,1,16,3,11,17,6,1,16,1,9,4,2,0,2,0,0,4,2,1,2,5,27
"2386",7,1,9,1,16,4,11,1,6,1,16,3,11,1,3,1,1,1,0,3,1,2,2,8,28
"2387",8,1,10,1,16,10,14,1,9,1,16,4,11,1,0,0,6,4,2,1,6,2,2,9,37
"2388",9,1,10,5,18,10,14,1,10,1,16,10,14,4,2,0,2,0,0,4,2,3,1,13,39
"2389",10,1,12,5,18,17,14,1,10,5,18,10,14,6,6,2,6,6,0,2,6,2,2,15,46
"2390",11,6,18,5,22,17,14,1,12,5,18,17,14,6,0,0,4,3,3,6,4,2,1,26,50
"2391",12,6,18,5,22,17,14,6,18,5,22,17,14,3,3,0,NA,0,0,0,0,0,0,26,50
"2392",0,0,0,0,0,0,0,0,0,0,0,0,0,0,0,0,0,0,0,0,0,0,0,0,0
"2393",1,1,8,1,7,1,6,1,1,1,1,1,1,6,1,6,1,6,0,6,6,2,1,7,11
"2394",2,2,8,1,12,7,6,1,8,1,7,1,6,1,0,0,6,3,3,1,6,1,2,8,22
"2395",3,2,11,1,15,7,6,2,8,1,12,7,6,3,3,0,3,0,0,3,3,2,1,11,25
"2396",4,2,16,1,16,19,6,2,11,1,15,7,6,6,5,6,6,6,0,5,6,2,2,16,38
"2397",5,8,22,3,16,19,8,2,16,1,16,19,6,6,0,0,2,2,2,6,2,1,3,30,40
"2398",6,10,22,3,18,19,8,8,22,3,16,19,8,2,2,0,2,0,0,2,2,1,1,32,42
"2399",7,14,28,3,22,19,8,10,22,3,18,19,8,3,6,4,3,4,0,6,4,2,1,42,46
"2400",8,17,28,3,33,19,8,14,28,3,22,19,8,3,0,0,4,6,1,3,6,1,1,45,57
"2401",9,17,32,3,34,19,8,17,28,3,33,19,8,4,1,0,1,0,0,4,1,2,1,49,58
"2402",10,22,32,3,34,19,12,17,32,3,34,19,8,4,1,5,4,1,0,5,4,1,3,54,62
"2403",11,22,33,3,37,19,12,22,32,3,34,19,12,1,0,0,3,5,1,1,3,2,1,55,65
"2404",12,22,33,3,37,19,12,22,33,3,37,19,12,5,1,0,NA,0,0,0,0,0,0,55,65
"2405",0,0,0,0,0,0,0,0,0,0,0,0,0,0,0,0,0,0,0,0,0,0,0,0,0
"2406",1,6,7,1,1,9,1,1,1,1,1,1,1,3,6,6,3,6,0,6,6,2,2,11,8
"2407",2,6,7,4,1,14,1,6,7,1,1,9,1,3,0,0,5,2,1,3,5,3,2,14,13
"2408",3,6,8,4,3,14,1,6,7,4,1,14,1,2,1,0,2,0,0,1,2,2,1,15,15
"2409",4,15,8,4,3,14,5,6,8,4,3,14,1,2,4,6,2,4,0,6,4,1,3,24,19
"2410",5,17,8,4,6,14,5,15,8,4,3,14,5,2,0,0,1,3,2,2,3,1,1,26,22
"2411",6,17,8,6,6,14,6,17,8,4,6,14,5,1,2,0,1,0,0,2,1,3,3,28,23
"2412",7,17,9,12,9,14,6,17,8,6,6,14,6,1,6,3,1,3,0,6,3,3,1,35,26
"2413",8,17,9,13,12,14,6,17,9,12,9,14,6,1,0,0,3,2,2,1,3,3,1,36,29
"2414",9,17,11,13,12,16,6,17,9,13,12,14,6,2,2,0,2,0,0,2,2,2,2,38,31
"2415",10,17,15,13,12,16,11,17,11,13,12,16,6,5,4,4,5,4,0,4,5,2,3,42,36
"2416",11,21,15,13,17,16,11,17,15,13,12,16,11,4,0,0,1,5,6,4,5,1,1,46,41
"2417",12,21,15,13,17,16,11,21,15,13,17,16,11,1,6,0,NA,0,0,0,0,0,0,46,41
"2418",0,0,0,0,0,0,0,0,0,0,0,0,0,0,0,0,0,0,0,0,0,0,0,0,0
"2419",1,1,1,3,1,4,1,1,1,1,1,1,1,1,3,2,1,3,0,2,3,3,2,2,3
"2420",2,1,1,4,1,9,1,1,1,3,1,4,1,1,0,0,1,2,5,1,5,3,2,3,8
"2421",3,1,2,4,1,11,1,1,1,4,1,9,1,1,2,0,2,0,0,1,2,2,2,4,10
"2422",4,7,2,9,1,14,1,1,2,4,1,11,1,3,1,6,3,1,0,6,3,1,2,15,13
"2423",5,8,2,9,1,14,3,7,2,9,1,14,1,1,0,0,1,1,2,1,2,1,3,16,15
"2424",6,9,2,9,1,14,4,8,2,9,1,14,3,1,1,0,1,0,0,1,1,1,3,17,16
"2425",7,9,2,14,1,19,4,9,2,9,1,14,4,3,5,5,3,5,0,5,5,3,2,22,21
"2426",8,9,5,14,1,31,8,9,2,14,1,19,4,3,0,0,3,6,1,3,6,2,2,25,37
"2427",9,10,5,14,1,31,11,9,5,14,1,31,8,3,1,0,3,0,0,1,3,1,3,26,40
"2428",10,13,7,14,1,1,12,10,5,14,1,31,11,2,3,1,2,1,0,3,1,1,3,31,11
"2429",11,15,7,14,1,1,16,13,7,14,1,1,12,2,0,0,1,6,4,2,4,1,3,33,15
"2430",12,15,7,14,1,1,16,15,7,14,1,1,16,1,6,0,NA,0,0,0,0,0,0,33,15
"2431",0,0,0,0,0,0,0,0,0,0,0,0,0,0,0,0,0,0,0,0,0,0,0,0,0
"2432",1,3,1,1,1,5,1,1,1,1,1,1,1,4,2,1,4,1,0,2,4,1,2,2,4
"2433",2,4,1,1,1,8,1,3,1,1,1,5,1,1,0,0,5,3,2,1,3,1,2,3,7
"2434",3,9,1,1,1,8,3,4,1,1,1,8,1,5,2,0,2,0,0,5,2,1,3,8,9
"2435",4,16,1,1,1,11,3,9,1,1,1,8,3,6,3,2,3,2,0,6,3,1,2,15,12
"2436",5,16,1,3,1,11,8,16,1,1,1,11,3,2,0,0,3,5,2,2,5,3,3,17,17
"2437",6,19,1,3,3,11,8,16,1,3,1,11,8,3,2,0,2,0,0,3,2,1,1,20,19
"2438",7,19,6,3,3,11,9,19,1,3,3,11,8,1,5,1,1,1,0,5,1,2,3,25,20
"2439",8,20,6,3,3,15,9,19,6,3,3,11,9,1,0,0,2,4,5,1,4,1,2,26,24
"2440",9,20,11,3,3,17,9,20,6,3,3,15,9,2,5,0,2,0,0,5,2,2,2,31,26
"2441",10,20,11,7,3,17,13,20,11,3,3,17,9,4,2,4,2,4,0,4,4,3,3,35,30
"2442",11,20,11,9,3,22,13,20,11,7,3,17,13,2,0,0,1,5,2,2,5,3,2,37,35
"2443",12,20,11,9,3,22,13,20,11,9,3,22,13,1,2,0,NA,0,0,0,0,0,0,37,35
"2444",0,0,0,0,0,0,0,0,0,0,0,0,0,0,0,0,0,0,0,0,0,0,0,0,0
"2445",1,1,9,1,1,1,4,1,1,1,1,1,1,6,2,3,2,3,0,6,3,2,3,8,3
"2446",2,1,9,3,1,3,4,1,9,1,1,1,4,2,0,0,1,2,3,2,2,3,2,10,5
"2447",3,4,9,3,2,3,4,1,9,3,1,3,4,1,3,0,1,0,0,3,1,1,1,13,6
"2448",4,4,9,13,4,3,4,4,9,3,2,3,4,2,6,2,2,2,0,6,2,3,1,23,8
"2449",5,4,11,13,8,3,4,4,9,13,4,3,4,2,0,0,4,1,2,2,4,2,1,25,12
"2450",6,4,13,13,9,3,4,4,11,13,8,3,4,1,2,0,1,0,0,2,1,2,1,27,13
"2451",7,4,17,13,10,3,4,4,13,13,9,3,4,1,1,4,1,1,0,4,1,2,1,31,14
"2452",8,5,17,13,12,3,4,4,17,13,10,3,4,1,0,0,3,2,2,1,2,1,1,32,16
"2453",9,5,19,13,15,3,4,5,17,13,12,3,4,3,2,0,3,0,0,2,3,2,1,34,19
"2454",10,5,19,14,19,3,4,5,19,13,15,3,4,4,1,2,4,2,0,1,4,3,1,35,23
"2455",11,7,19,14,21,3,4,5,19,14,19,3,4,2,0,0,3,6,2,2,2,1,1,37,25
"2456",12,7,19,14,21,3,4,7,19,14,21,3,4,3,6,0,NA,0,0,0,0,0,0,37,25
"2457",0,0,0,0,0,0,0,0,0,0,0,0,0,0,0,0,0,0,0,0,0,0,0,0,0
"2458",1,1,1,6,8,1,1,1,1,1,1,1,1,5,3,6,3,6,0,5,6,3,1,5,7
"2459",2,4,1,6,8,1,6,1,1,6,8,1,1,3,0,0,1,4,5,3,5,1,3,8,12
"2460",3,8,1,6,8,1,7,4,1,6,8,1,6,1,4,0,1,0,0,4,1,1,3,12,13
"2461",4,8,6,12,10,1,7,8,1,6,8,1,7,6,2,1,2,1,0,6,2,3,1,23,15
"2462",5,9,6,12,12,1,13,8,6,12,10,1,7,1,0,0,5,6,2,1,6,1,3,24,23
"2463",6,14,6,12,12,1,15,9,6,12,12,1,13,5,2,0,2,0,0,5,2,1,3,29,25
"2464",7,14,9,12,14,1,15,14,6,12,12,1,15,2,3,2,2,2,0,3,2,2,1,32,27
"2465",8,14,9,14,14,1,24,14,9,12,14,1,15,2,0,0,3,6,4,2,6,3,3,34,36
"2466",9,14,13,14,17,1,24,14,9,14,14,1,24,3,4,0,3,0,0,4,3,2,1,38,39
"2467",10,14,13,18,17,8,24,14,13,14,17,1,24,6,4,1,6,1,0,4,6,3,2,42,46
"2468",11,15,13,18,27,8,24,14,13,18,17,8,24,1,0,0,6,2,5,1,6,1,1,43,56
"2469",12,15,13,18,27,8,24,15,13,18,27,8,24,2,5,0,NA,0,0,0,0,0,0,43,56
"2470",0,0,0,0,0,0,0,0,0,0,0,0,0,0,0,0,0,0,0,0,0,0,0,0,0
"2471",1,1,6,1,1,3,1,1,1,1,1,1,1,5,2,2,2,2,0,5,2,2,2,5,2
"2472",2,1,6,3,4,3,1,1,6,1,1,3,1,2,0,0,3,1,1,2,3,3,1,7,5
"2473",3,1,7,3,5,3,1,1,6,3,4,3,1,1,1,0,1,0,0,1,1,2,1,8,6
"2474",4,1,7,7,9,3,1,1,7,3,5,3,1,4,4,2,4,2,0,4,4,3,1,12,10
"2475",5,1,9,7,9,7,1,1,7,7,9,3,1,2,0,0,4,3,3,2,4,2,2,14,14
"2476",6,1,9,10,12,7,1,1,9,7,9,7,1,3,3,0,3,0,0,3,3,3,1,17,17
"2477",7,7,11,16,15,7,1,1,9,10,12,7,1,6,2,3,2,3,0,6,3,3,1,31,20
"2478",8,7,11,18,20,7,1,7,11,16,15,7,1,2,0,0,2,5,4,2,5,3,1,33,25
"2479",9,7,11,22,20,7,3,7,11,18,20,7,1,2,4,0,2,0,0,4,2,3,3,37,27
"2480",10,7,15,22,20,11,3,7,11,22,20,7,3,4,4,2,4,2,0,4,4,2,2,41,31
"2481",11,7,17,22,20,14,3,7,15,22,20,11,3,2,0,0,6,2,3,2,3,2,2,43,34
"2482",12,7,17,22,20,14,3,7,17,22,20,14,3,6,2,0,NA,0,0,0,0,0,0,43,34
"2483",0,0,0,0,0,0,0,0,0,0,0,0,0,0,0,0,0,0,0,0,0,0,0,0,0
"2484",1,1,1,4,1,1,3,1,1,1,1,1,1,1,2,3,1,2,0,3,2,3,3,3,2
"2485",2,1,2,4,6,7,3,1,1,4,1,1,3,1,0,0,6,2,2,1,6,2,2,4,13
"2486",3,3,2,4,8,7,3,1,2,4,6,7,3,2,2,0,2,0,0,2,2,1,1,6,15
"2487",4,8,2,4,10,7,3,3,2,4,8,7,3,2,5,2,2,2,0,5,2,1,1,11,17
"2488",5,8,4,4,16,11,3,8,2,4,10,7,3,2,0,0,1,6,3,2,6,2,1,13,27
"2489",6,11,4,4,16,12,3,8,4,4,16,11,3,1,3,0,1,0,0,3,1,1,2,16,28
"2490",7,11,8,4,16,12,7,11,4,4,16,12,3,4,1,4,1,4,0,4,4,2,3,20,32
"2491",8,12,8,4,19,12,13,11,8,4,16,12,7,1,0,0,6,5,3,1,6,1,3,21,41
"2492",9,15,8,4,19,12,18,12,8,4,19,12,13,5,3,0,5,0,0,3,5,1,3,24,46
"2493",10,15,13,4,19,16,18,15,8,4,19,12,18,5,5,4,5,4,0,5,4,2,2,29,50
"2494",11,20,13,4,21,16,18,15,13,4,19,16,18,5,0,0,2,1,1,5,2,1,1,34,52
"2495",12,20,13,4,21,16,18,20,13,4,21,16,18,1,1,0,NA,0,0,0,0,0,0,34,52
"2496",0,0,0,0,0,0,0,0,0,0,0,0,0,0,0,0,0,0,0,0,0,0,0,0,0
"2497",1,1,1,3,1,9,1,1,1,1,1,1,1,6,2,5,6,5,0,2,6,3,2,2,8
"2498",2,1,1,8,1,14,1,1,1,3,1,9,1,5,0,0,2,1,5,5,5,3,2,7,13
"2499",3,1,1,10,1,14,2,1,1,8,1,14,1,2,1,0,1,0,0,2,1,3,3,9,14
"2500",4,7,4,10,1,20,6,1,1,10,1,14,2,6,6,2,6,2,0,6,6,1,2,18,24
"2501",5,7,4,12,1,20,10,7,4,10,1,20,6,2,0,0,4,6,1,2,4,3,3,20,28
"2502",6,7,13,12,2,20,10,7,4,12,1,20,10,6,1,0,1,0,0,6,1,2,1,29,29
"2503",7,1,18,12,3,31,16,7,13,12,2,20,10,6,3,5,6,3,0,5,6,2,3,28,47
"2504",8,4,18,12,4,31,16,1,18,12,3,31,16,3,0,0,1,3,3,3,1,1,1,31,48
"2505",9,4,21,12,4,34,16,4,18,12,4,31,16,3,3,0,3,0,0,3,3,2,2,34,51
"2506",10,4,21,14,6,34,16,4,21,12,4,34,16,1,2,2,1,2,0,2,2,3,1,36,53
"2507",11,5,21,14,6,37,16,4,21,14,6,34,16,1,0,0,3,1,2,1,3,1,2,37,56
"2508",12,5,21,14,6,37,16,5,21,14,6,37,16,1,2,0,NA,0,0,0,0,0,0,37,56
"2509",0,0,0,0,0,0,0,0,0,0,0,0,0,0,0,0,0,0,0,0,0,0,0,0,0
"2510",1,1,4,1,1,6,1,1,1,1,1,1,1,4,3,5,4,5,0,3,5,2,2,3,5
"2511",2,1,4,5,1,6,5,1,4,1,1,6,1,4,0,0,4,5,4,4,4,3,3,7,9
"2512",3,1,9,5,1,6,9,1,4,5,1,6,5,5,4,0,4,0,0,5,4,2,3,12,13
"2513",4,5,9,5,7,9,9,1,9,5,1,6,9,2,4,6,2,6,0,4,6,1,1,16,22
"2514",5,5,11,5,7,14,9,5,9,5,7,9,9,2,0,0,5,2,1,2,5,2,2,18,27
"2515",6,5,11,7,7,15,9,5,11,5,7,14,9,2,1,0,1,0,0,2,1,3,2,20,28
"2516",7,5,14,7,7,15,14,5,11,7,7,15,9,5,3,1,5,1,0,3,5,2,3,23,33
"2517",8,5,15,7,13,15,18,5,14,7,7,15,14,1,0,0,6,1,2,1,6,2,1,24,43
"2518",9,5,17,7,13,16,18,5,15,7,13,15,18,1,2,0,1,0,0,2,1,2,2,26,44
"2519",10,8,17,7,23,16,18,5,17,7,13,16,18,6,3,3,6,3,0,3,6,1,1,29,54
"2520",11,11,17,7,24,16,18,8,17,7,23,16,18,3,0,0,1,6,2,3,1,1,1,32,55
"2521",12,11,17,7,24,16,18,11,17,7,24,16,18,6,2,0,NA,0,0,0,0,0,0,32,55
"2522",0,0,0,0,0,0,0,0,0,0,0,0,0,0,0,0,0,0,0,0,0,0,0,0,0
"2523",1,6,1,1,1,2,1,1,1,1,1,1,1,1,1,5,1,1,0,5,1,1,2,5,1
"2524",2,6,1,2,1,7,1,6,1,1,1,2,1,1,0,0,5,2,1,1,5,3,2,6,6
"2525",3,8,1,2,1,8,1,6,1,2,1,7,1,2,1,0,1,0,0,2,1,1,2,8,7
"2526",4,8,7,5,1,12,1,8,1,2,1,8,1,4,1,6,4,1,0,6,4,2,2,17,11
"2527",5,8,8,5,1,18,5,8,7,5,1,12,1,1,0,0,6,1,3,1,6,2,2,18,21
"2528",6,8,8,8,2,18,5,8,8,5,1,18,5,1,3,0,1,0,0,3,1,3,1,21,22
"2529",7,8,8,12,2,18,10,8,8,8,2,18,5,1,4,5,1,5,0,4,5,3,3,25,27
"2530",8,8,8,13,2,22,10,8,8,12,2,18,10,1,0,0,4,1,4,1,4,3,2,26,31
"2531",9,8,8,17,2,23,10,8,8,13,2,22,10,1,4,0,1,0,0,4,1,3,2,30,32
"2532",10,8,9,20,8,23,10,8,8,17,2,23,10,2,6,3,2,6,0,3,6,3,1,34,38
"2533",11,8,9,22,14,23,11,8,9,20,8,23,10,2,0,0,3,6,5,2,6,3,1,36,45
"2534",12,8,9,22,14,23,11,8,9,22,14,23,11,3,5,0,NA,0,0,0,0,0,0,36,45
"2535",0,0,0,0,0,0,0,0,0,0,0,0,0,0,0,0,0,0,0,0,0,0,0,0,0
"2536",1,3,1,1,3,1,1,1,1,1,1,1,1,2,2,1,2,1,0,2,2,1,1,2,2
"2537",2,4,1,1,3,7,6,3,1,1,3,1,1,1,0,0,6,4,2,1,6,1,2,3,13
"2538",3,8,1,1,3,9,6,4,1,1,3,7,6,4,2,0,2,0,0,4,2,1,2,7,15
"2539",4,9,1,1,3,9,8,8,1,1,3,9,6,1,2,3,2,3,0,1,2,1,3,8,17
"2540",5,9,4,1,3,14,8,9,1,1,3,9,8,3,0,0,1,3,5,3,5,2,2,11,22
"2541",6,9,7,1,3,14,9,9,4,1,3,14,8,1,3,0,1,0,0,3,1,2,3,14,23
"2542",7,13,7,1,5,14,9,9,7,1,3,14,9,2,2,4,2,2,0,4,2,1,1,18,25
"2543",8,15,7,1,11,14,12,13,7,1,5,14,9,2,0,0,6,4,3,2,6,1,1,20,34
"2544",9,15,7,4,15,14,12,15,7,1,11,14,12,4,3,0,4,0,0,3,4,3,1,23,38
"2545",10,15,11,4,18,14,12,15,7,4,15,14,12,2,3,4,2,3,0,4,3,2,1,27,41
"2546",11,17,11,1,26,14,12,15,11,4,18,14,12,2,0,0,4,2,2,2,4,1,1,26,49
"2547",12,17,11,1,26,14,12,17,11,1,26,14,12,2,2,0,NA,0,0,0,0,0,0,26,49
"2548",0,0,0,0,0,0,0,0,0,0,0,0,0,0,0,0,0,0,0,0,0,0,0,0,0
"2549",1,1,1,4,1,5,1,1,1,1,1,1,1,4,3,1,4,1,0,3,4,3,2,3,4
"2550",2,2,1,4,1,11,5,1,1,4,1,5,1,1,0,0,2,5,6,1,6,1,2,4,14
"2551",3,2,1,9,1,11,7,2,1,4,1,11,5,2,5,0,2,0,0,5,2,3,3,9,16
"2552",4,8,1,18,1,17,10,2,1,9,1,11,7,6,6,1,6,1,0,6,6,3,2,24,25
"2553",5,8,2,18,3,17,10,8,1,18,1,17,10,1,0,0,2,5,2,1,2,2,1,25,27
"2554",6,13,2,18,3,19,10,8,2,18,3,17,10,5,2,0,2,0,0,5,2,1,2,30,29
"2555",7,13,1,18,3,24,10,13,2,18,3,19,10,2,1,1,2,1,0,1,2,2,2,29,34
"2556",8,1,1,18,3,35,10,13,1,18,3,24,10,1,0,0,1,1,6,1,6,1,2,17,45
"2557",9,1,2,18,3,36,10,1,1,18,3,35,10,1,1,0,1,0,0,1,1,2,2,18,46
"2558",10,4,2,18,5,36,10,1,2,18,3,36,10,3,2,2,2,2,0,3,2,1,1,21,48
"2559",11,6,2,18,9,36,10,4,2,18,5,36,10,2,0,0,4,3,3,2,4,1,1,23,52
"2560",12,6,2,18,9,36,10,6,2,18,9,36,10,3,3,0,NA,0,0,0,0,0,0,23,52
"2561",0,0,0,0,0,0,0,0,0,0,0,0,0,0,0,0,0,0,0,0,0,0,0,0,0
"2562",1,5,1,1,4,1,1,1,1,1,1,1,1,4,1,3,1,3,0,4,3,1,1,4,3
"2563",2,5,2,1,8,1,1,5,1,1,4,1,1,1,0,0,1,4,6,1,4,2,1,5,7
"2564",3,11,4,1,8,1,2,5,2,1,8,1,1,1,6,0,1,0,0,6,1,1,3,13,8
"2565",4,14,10,1,8,1,5,11,4,1,8,1,2,2,6,3,2,3,0,6,3,2,3,22,11
"2566",5,14,10,3,12,1,5,14,10,1,8,1,5,2,0,0,4,4,4,2,4,3,1,24,15
"2567",6,14,10,7,16,1,5,14,10,3,12,1,5,4,4,0,4,0,0,4,4,3,1,28,19
"2568",7,14,15,13,16,4,5,14,10,7,16,1,5,6,3,6,3,6,0,6,3,3,2,39,22
"2569",8,14,17,22,16,1,6,14,15,13,16,4,5,6,0,0,4,1,1,6,1,3,3,50,20
"2570",9,15,17,22,20,1,6,14,17,22,16,1,6,4,1,0,4,0,0,1,4,1,1,51,24
"2571",10,19,17,22,20,3,6,15,17,22,20,1,6,2,4,2,2,2,0,4,2,1,2,55,26
"2572",11,24,17,24,24,3,1,19,17,22,20,3,6,2,0,0,4,6,3,2,4,3,1,62,25
"2573",12,24,17,24,24,3,1,24,17,24,24,3,1,6,3,0,NA,0,0,0,0,0,0,62,25
"2574",0,0,0,0,0,0,0,0,0,0,0,0,0,0,0,0,0,0,0,0,0,0,0,0,0
"2575",1,5,1,1,1,2,13,1,1,1,1,1,1,4,2,6,2,6,0,4,6,1,3,4,13
"2576",2,5,3,1,5,2,13,5,1,1,1,2,13,2,0,0,4,5,4,2,4,2,1,6,17
"2577",3,5,3,5,10,2,13,5,3,1,5,2,13,5,4,0,5,0,0,4,5,3,1,10,22
"2578",4,7,3,5,11,2,13,5,3,5,10,2,13,2,1,4,1,4,0,2,1,1,1,12,23
"2579",5,7,3,9,13,14,13,7,3,5,11,2,13,4,0,0,1,4,6,4,6,3,2,16,37
"2580",6,11,3,9,13,15,13,7,3,9,13,14,13,1,4,0,1,0,0,4,1,1,2,20,38
"2581",7,15,3,9,24,15,13,11,3,9,13,15,13,4,4,6,4,6,0,4,6,1,1,24,49
"2582",8,19,3,1,32,15,13,15,3,9,24,15,13,4,0,0,3,3,2,4,3,1,1,20,57
"2583",9,19,3,4,32,15,15,19,3,1,32,15,13,3,2,0,2,0,0,3,2,3,3,23,59
"2584",10,19,3,9,33,15,15,19,3,4,32,15,15,5,1,2,1,2,0,5,1,3,1,28,60
"2585",11,19,1,1,39,31,15,19,3,9,33,15,15,2,0,0,2,6,2,2,6,3,1,18,120
"2586",12,19,1,1,39,31,15,19,1,1,39,31,15,2,2,0,NA,0,0,0,0,0,0,18,120
"2587",0,0,0,0,0,0,0,0,0,0,0,0,0,0,0,0,0,0,0,0,0,0,0,0,0
"2588",1,1,2,1,1,1,5,1,1,1,1,1,1,1,2,4,2,4,0,1,4,2,3,1,4
"2589",2,3,2,1,1,10,5,1,2,1,1,1,5,2,0,0,6,6,4,2,6,1,2,3,13
"2590",3,9,4,1,5,10,5,3,2,1,1,10,5,6,4,0,4,0,0,6,4,1,1,11,17
"2591",4,15,10,6,5,15,5,9,4,1,5,10,5,6,6,5,6,5,0,6,5,2,2,28,22
"2592",5,21,10,11,5,26,5,15,10,6,5,15,5,6,0,0,6,2,2,6,6,1,2,39,33
"2593",6,21,12,11,7,26,5,21,10,11,5,26,5,2,2,0,2,0,0,2,2,2,1,41,35
"2594",7,21,22,11,7,28,5,21,12,11,7,26,5,6,2,2,2,2,0,6,2,2,2,51,37
"2595",8,21,22,1,7,35,5,21,22,11,7,28,5,2,0,0,4,6,3,2,3,3,2,41,44
"2596",9,21,33,1,9,39,5,21,22,1,7,35,5,4,6,0,4,0,0,6,4,2,2,52,88
"2597",10,21,36,1,12,39,5,21,33,1,9,39,5,4,3,3,4,3,0,3,3,2,1,55,91
"2598",11,25,36,1,14,39,5,21,36,1,12,39,5,4,0,0,2,2,6,4,2,1,1,59,93
"2599",12,25,36,1,14,39,5,25,36,1,14,39,5,2,6,0,NA,0,0,0,0,0,0,59,93
"2600",0,0,0,0,0,0,0,0,0,0,0,0,0,0,0,0,0,0,0,0,0,0,0,0,0
"2601",1,4,1,7,11,7,1,1,1,1,1,1,1,6,6,1,6,1,0,6,6,3,2,9,16
"2602",2,5,1,7,16,7,1,4,1,7,11,7,1,1,0,0,1,3,5,1,5,1,1,10,21
"2603",3,5,1,8,16,10,1,5,1,7,16,7,1,1,3,0,3,0,0,1,3,3,2,11,24
"2604",4,14,1,14,16,13,1,5,1,8,16,10,1,1,6,3,1,3,0,6,3,3,2,26,27
"2605",5,14,2,14,16,17,1,14,1,14,16,13,1,1,0,0,1,1,4,1,4,2,2,27,31
"2606",6,14,3,14,17,17,1,14,2,14,16,17,1,1,1,0,1,0,0,1,1,2,1,28,32
"2607",7,15,15,14,17,22,1,14,3,14,17,17,1,6,1,5,1,5,0,6,5,2,2,41,37
"2608",8,15,15,15,17,27,1,15,15,14,17,22,1,1,0,0,5,1,1,1,5,3,2,42,42
"2609",9,15,15,16,18,27,1,15,15,15,17,27,1,1,1,0,1,0,0,1,1,3,1,43,43
"2610",10,19,15,16,18,29,1,15,15,16,18,27,1,2,1,4,2,1,0,4,2,1,2,47,45
"2611",11,19,16,16,30,29,1,19,15,16,18,29,1,1,0,0,2,6,1,1,6,2,1,48,57
"2612",12,19,16,16,30,29,1,19,16,16,30,29,1,2,1,0,NA,0,0,0,0,0,0,48,57
"2613",0,0,0,0,0,0,0,0,0,0,0,0,0,0,0,0,0,0,0,0,0,0,0,0,0
"2614",1,1,6,1,1,1,4,1,1,1,1,1,1,5,1,3,1,3,0,5,3,2,3,5,3
"2615",2,2,6,1,1,1,7,1,6,1,1,1,4,1,0,0,2,3,4,1,3,1,3,6,6
"2616",3,2,10,1,1,1,9,2,6,1,1,1,7,2,4,0,2,0,0,4,2,2,3,10,8
"2617",4,2,10,10,1,3,9,2,10,1,1,1,9,1,2,6,1,2,0,6,2,3,2,19,10
"2618",5,2,10,11,1,3,12,2,10,10,1,3,9,1,0,0,6,2,3,1,3,3,3,20,13
"2619",6,8,10,16,1,5,12,2,10,11,1,3,12,6,2,0,2,0,0,6,2,1,2,31,15
"2620",7,14,16,17,1,5,16,8,10,16,1,5,12,4,6,5,4,5,0,6,4,1,3,44,19
"2621",8,14,1,17,8,5,16,14,16,17,1,5,16,5,0,0,3,1,2,5,2,2,1,29,26
"2622",9,14,1,20,8,6,16,14,1,17,8,5,16,3,1,0,1,0,0,3,1,3,2,32,27
"2623",10,14,1,29,9,1,16,14,1,20,8,6,16,2,4,1,2,1,0,4,1,3,1,41,23
"2624",11,16,1,1,12,1,16,14,1,29,9,1,16,2,0,0,2,6,5,2,2,1,1,15,26
"2625",12,16,1,1,12,1,16,16,1,1,12,1,16,6,5,0,NA,0,0,0,0,0,0,15,26
"2626",0,0,0,0,0,0,0,0,0,0,0,0,0,0,0,0,0,0,0,0,0,0,0,0,0
"2627",1,1,1,3,1,1,4,1,1,1,1,1,1,3,2,3,3,3,0,2,3,3,3,2,3
"2628",2,1,1,6,1,1,9,1,1,3,1,1,4,3,0,0,2,1,5,3,5,3,3,5,8
"2629",3,2,1,6,3,1,9,1,1,6,1,1,9,2,1,0,2,0,0,1,2,1,1,6,10
"2630",4,2,5,6,3,1,12,2,1,6,3,1,9,2,4,3,2,3,0,4,3,2,3,10,13
"2631",5,2,7,6,7,7,12,2,5,6,3,1,12,2,0,0,6,4,4,2,6,2,2,12,23
"2632",6,6,7,6,11,7,12,2,7,6,7,7,12,4,4,0,4,0,0,4,4,1,1,16,27
"2633",7,8,13,6,11,7,17,6,7,6,11,7,12,4,5,6,4,5,0,6,5,2,3,24,32
"2634",8,8,13,10,11,11,17,8,13,6,11,7,17,4,0,0,4,2,5,4,4,3,2,28,36
"2635",9,8,18,10,13,11,17,8,13,10,11,11,17,2,5,0,2,0,0,5,2,2,1,33,38
"2636",10,9,18,10,13,14,17,8,18,10,13,11,17,3,1,1,3,1,0,1,3,1,2,34,41
"2637",11,9,18,11,14,14,17,9,18,10,13,14,17,1,0,0,1,3,4,1,1,3,1,35,42
"2638",12,9,18,11,14,14,17,9,18,11,14,14,17,3,4,0,NA,0,0,0,0,0,0,35,42
"2639",0,0,0,0,0,0,0,0,0,0,0,0,0,0,0,0,0,0,0,0,0,0,0,0,0
"2640",1,3,7,7,1,7,7,1,1,1,1,1,1,6,3,6,3,6,0,6,6,3,2,14,12
"2641",2,6,7,7,1,7,8,3,7,7,1,7,7,3,0,0,1,1,1,3,1,1,3,17,13
"2642",3,6,8,7,2,7,8,6,7,7,1,7,8,1,1,0,1,0,0,1,1,2,1,18,14
"2643",4,12,12,7,2,7,13,6,8,7,2,7,8,5,4,6,5,4,0,6,5,1,3,28,19
"2644",5,12,12,11,2,11,13,12,12,7,2,7,13,4,0,0,3,4,1,4,4,3,2,32,23
"2645",6,12,12,14,3,11,13,12,12,11,2,11,13,3,1,0,1,0,0,3,1,3,1,35,24
"2646",7,12,12,17,3,15,13,12,12,14,3,11,13,3,1,4,1,4,0,3,4,3,2,38,28
"2647",8,13,12,17,3,18,13,12,12,17,3,15,13,1,0,0,1,3,5,1,3,1,2,39,31
"2648",9,13,17,17,3,18,14,13,12,17,3,18,13,1,5,0,1,0,0,5,1,2,3,44,32
"2649",10,13,22,17,3,22,14,13,17,17,3,18,14,4,5,4,4,4,0,5,4,2,2,49,36
"2650",11,13,22,23,1,22,15,13,22,17,3,22,14,4,0,0,1,1,5,4,1,3,3,55,35
"2651",12,13,22,23,1,22,15,13,22,23,1,22,15,1,5,0,NA,0,0,0,0,0,0,55,35
"2652",0,0,0,0,0,0,0,0,0,0,0,0,0,0,0,0,0,0,0,0,0,0,0,0,0
"2653",1,6,1,1,4,1,1,1,1,1,1,1,1,5,2,3,2,3,0,5,3,1,1,5,3
"2654",2,6,1,3,4,3,1,6,1,1,4,1,1,2,0,0,2,2,2,2,2,3,2,7,5
"2655",3,6,1,5,6,3,1,6,1,3,4,3,1,2,2,0,2,0,0,2,2,3,1,9,7
"2656",4,6,1,9,7,3,1,6,1,5,6,3,1,4,1,1,1,1,0,4,1,3,1,13,8
"2657",5,6,2,9,7,6,1,6,1,9,7,3,1,1,0,0,2,3,3,1,3,2,2,14,11
"2658",6,9,2,9,7,8,1,6,2,9,7,6,1,2,3,0,2,0,0,3,2,1,2,17,13
"2659",7,12,2,9,7,11,1,9,2,9,7,8,1,1,3,3,1,3,0,3,3,1,2,20,16
"2660",8,12,2,10,7,16,1,12,2,9,7,11,1,1,0,0,4,4,5,1,5,3,2,21,21
"2661",9,12,6,10,7,16,5,12,2,10,7,16,1,4,4,0,4,0,0,4,4,2,3,25,25
"2662",10,12,6,19,7,19,5,12,6,10,7,16,5,1,6,3,1,3,0,6,3,3,2,34,28
"2663",11,12,6,20,7,23,5,12,6,19,7,19,5,1,0,0,4,1,3,1,4,3,2,35,32
"2664",12,12,6,20,7,23,5,12,6,20,7,23,5,1,3,0,NA,0,0,0,0,0,0,35,32
"2665",0,0,0,0,0,0,0,0,0,0,0,0,0,0,0,0,0,0,0,0,0,0,0,0,0
"2666",1,4,1,1,1,2,7,1,1,1,1,1,1,5,3,6,5,6,0,3,6,1,3,3,7
"2667",2,9,1,1,1,6,7,4,1,1,1,2,7,5,0,0,4,6,4,5,4,1,2,8,11
"2668",3,11,7,1,1,6,11,9,1,1,1,6,7,6,4,0,4,0,0,6,4,2,3,16,15
"2669",4,11,17,7,1,6,16,11,7,1,1,6,11,5,6,3,5,3,0,6,5,2,3,32,20
"2670",5,11,17,10,1,6,21,11,17,7,1,6,16,3,0,0,2,1,5,3,5,3,3,35,25
"2671",6,13,17,10,1,6,22,11,17,10,1,6,21,2,1,0,1,0,0,2,1,1,3,37,26
"2672",7,13,22,10,3,6,22,13,17,10,1,6,22,2,5,2,2,2,0,5,2,2,1,42,28
"2673",8,1,1,1,11,1,31,13,22,10,3,6,22,2,0,0,6,4,2,2,6,2,3,0,40
"2674",9,1,1,5,13,1,31,1,1,1,11,1,31,4,2,0,2,0,0,4,2,3,1,4,42
"2675",10,1,1,9,13,1,36,1,1,5,13,1,31,5,4,4,5,4,0,4,5,3,3,8,47
"2676",11,5,1,9,15,1,36,1,1,9,13,1,36,4,0,0,2,2,2,4,2,1,1,12,49
"2677",12,5,1,9,15,1,36,5,1,9,15,1,36,2,2,0,NA,0,0,0,0,0,0,12,49
"2678",0,0,0,0,0,0,0,0,0,0,0,0,0,0,0,0,0,0,0,0,0,0,0,0,0
"2679",1,1,2,1,6,1,1,1,1,1,1,1,1,1,2,5,2,5,0,1,5,2,1,1,5
"2680",2,3,2,1,6,1,10,1,2,1,6,1,1,2,0,0,6,3,6,2,6,1,3,3,14
"2681",3,3,2,11,9,1,10,3,2,1,6,1,10,3,6,0,3,0,0,6,3,3,1,13,17
"2682",4,3,7,11,9,6,10,3,2,11,9,1,10,5,5,3,5,3,0,5,5,2,2,18,22
"2683",5,3,7,14,14,6,10,3,7,11,9,6,10,3,0,0,1,5,1,3,5,3,1,21,27
"2684",6,4,7,14,15,6,10,3,7,14,14,6,10,1,1,0,1,0,0,1,1,1,1,22,28
"2685",7,9,7,14,16,12,10,4,7,14,15,6,10,5,6,1,6,1,0,5,6,1,2,27,35
"2686",8,9,7,15,20,12,10,9,7,14,16,12,10,1,0,0,2,4,1,1,4,3,1,28,39
"2687",9,11,7,15,20,13,10,9,7,15,20,12,10,2,1,0,1,0,0,2,1,1,2,30,40
"2688",10,11,7,19,20,13,15,11,7,15,20,13,10,4,5,1,5,1,0,4,5,3,3,34,45
"2689",11,12,7,19,23,13,15,11,7,19,20,13,15,1,0,0,3,5,2,1,3,1,1,35,48
"2690",12,12,7,19,23,13,15,12,7,19,23,13,15,5,2,0,NA,0,0,0,0,0,0,35,48
"2691",0,0,0,0,0,0,0,0,0,0,0,0,0,0,0,0,0,0,0,0,0,0,0,0,0
"2692",1,12,1,7,1,7,5,1,1,1,1,1,1,6,6,1,6,1,0,6,6,1,2,17,10
"2693",2,12,2,7,1,7,10,12,1,7,1,7,5,1,0,0,1,5,3,1,5,2,3,18,15
"2694",3,15,2,7,1,7,11,12,2,7,1,7,10,1,3,0,1,0,0,3,1,1,3,21,16
"2695",4,15,10,7,1,7,16,15,2,7,1,7,11,2,5,6,2,5,0,6,5,2,3,29,21
"2696",5,17,10,7,1,7,21,15,10,7,1,7,16,2,0,0,5,6,2,2,5,1,3,31,26
"2697",6,20,10,13,3,7,21,17,10,7,1,7,21,6,2,0,2,0,0,6,2,3,1,40,28
"2698",7,20,13,13,3,10,21,20,10,13,3,7,21,3,3,4,3,4,0,3,3,2,2,43,31
"2699",8,20,17,13,3,14,21,20,13,13,3,10,21,4,0,0,1,4,5,4,4,2,2,47,35
"2700",9,25,17,13,3,14,22,20,17,13,3,14,21,1,5,0,1,0,0,5,1,1,3,52,36
"2701",10,36,17,13,3,14,25,25,17,13,3,14,22,6,3,5,3,5,0,6,3,1,3,63,39
"2702",11,36,22,1,3,14,35,36,17,13,3,14,25,5,0,0,6,6,4,5,6,2,3,56,49
"2703",12,36,22,1,3,14,35,36,22,1,3,14,35,6,4,0,NA,0,0,0,0,0,0,56,49
"2704",0,0,0,0,0,0,0,0,0,0,0,0,0,0,0,0,0,0,0,0,0,0,0,0,0
"2705",1,3,1,7,1,5,13,1,1,1,1,1,1,5,6,6,5,6,0,6,6,3,3,8,16
"2706",2,8,1,7,1,5,16,3,1,7,1,5,13,5,0,0,1,3,3,5,3,1,3,13,19
"2707",3,8,2,7,1,5,19,8,1,7,1,5,16,1,3,0,3,0,0,1,3,2,3,14,22
"2708",4,8,2,11,7,10,19,8,2,7,1,5,19,6,4,2,6,2,0,4,6,3,1,18,33
"2709",5,10,2,11,7,15,19,8,2,11,7,10,19,2,0,0,5,1,3,2,5,1,2,20,38
"2710",6,11,2,11,7,18,19,10,2,11,7,15,19,1,3,0,3,0,0,1,3,1,2,21,41
"2711",7,11,2,14,11,18,19,11,2,11,7,18,19,3,4,3,4,3,0,3,4,3,1,24,45
"2712",8,11,2,17,11,19,25,11,2,14,11,18,19,3,0,0,1,6,2,3,6,3,3,27,52
"2713",9,12,2,17,11,19,27,11,2,17,11,19,25,1,2,0,2,0,0,1,2,1,3,28,54
"2714",10,12,8,21,11,19,28,12,2,17,11,19,27,4,1,6,4,1,0,6,1,2,3,38,55
"2715",11,16,8,21,11,19,29,12,8,21,11,19,28,4,0,0,1,2,4,4,1,1,3,42,56
"2716",12,16,8,21,11,19,29,16,8,21,11,19,29,2,4,0,NA,0,0,0,0,0,0,42,56
"2717",0,0,0,0,0,0,0,0,0,0,0,0,0,0,0,0,0,0,0,0,0,0,0,0,0
"2718",1,1,1,6,5,1,1,1,1,1,1,1,1,1,4,5,1,4,0,5,4,3,1,5,4
"2719",2,1,2,6,10,1,1,1,1,6,5,1,1,1,0,0,5,6,5,1,5,2,1,6,9
"2720",3,5,8,6,15,1,1,1,2,6,10,1,1,6,5,0,5,0,0,6,5,2,1,16,14
"2721",4,11,8,15,15,1,6,5,8,6,15,1,1,5,1,6,5,1,0,6,5,1,3,31,19
"2722",5,12,8,15,15,1,10,11,8,15,15,1,6,1,0,0,4,5,1,1,4,1,3,32,23
"2723",6,12,13,15,16,1,10,12,8,15,15,1,10,5,1,0,1,0,0,5,1,2,1,37,24
"2724",7,12,18,15,16,1,12,12,13,15,16,1,10,5,1,2,1,2,0,5,2,2,3,42,26
"2725",8,12,19,15,16,1,17,12,18,15,16,1,12,1,0,0,3,5,1,1,5,2,3,43,31
"2726",9,12,22,15,17,1,17,12,19,15,16,1,17,3,1,0,1,0,0,3,1,2,1,46,32
"2727",10,12,27,15,17,1,28,12,22,15,17,1,17,5,6,5,6,5,0,5,6,2,3,51,43
"2728",11,17,27,15,17,1,29,12,27,15,17,1,28,5,0,0,1,4,2,5,1,1,3,56,44
"2729",12,17,27,15,17,1,29,17,27,15,17,1,29,4,2,0,NA,0,0,0,0,0,0,56,44
"2730",0,0,0,0,0,0,0,0,0,0,0,0,0,0,0,0,0,0,0,0,0,0,0,0,0
"2731",1,1,12,1,12,1,1,1,1,1,1,1,1,6,6,5,6,5,0,6,6,2,1,11,11
"2732",2,1,17,1,16,1,1,1,12,1,12,1,1,5,0,0,5,4,2,5,4,2,1,16,15
"2733",3,6,17,1,16,1,3,1,17,1,16,1,1,5,2,0,2,0,0,5,2,1,3,21,17
"2734",4,6,20,1,22,6,3,6,17,1,16,1,3,6,3,4,6,4,0,3,6,2,1,24,28
"2735",5,6,1,3,22,6,4,6,20,1,22,6,3,4,0,0,5,1,6,4,5,2,2,7,29
"2736",6,12,4,7,1,6,5,6,1,3,22,6,4,1,6,0,1,0,0,6,1,1,3,20,9
"2737",7,12,8,7,1,6,9,12,4,7,1,6,5,4,4,4,4,4,0,4,4,2,3,24,13
"2738",8,16,8,7,1,11,9,12,8,7,1,6,9,4,0,0,5,3,5,4,5,1,2,28,18
"2739",9,16,8,10,1,11,14,16,8,7,1,11,9,3,5,0,5,0,0,3,5,3,3,31,23
"2740",10,16,8,19,1,13,14,16,8,10,1,11,14,6,2,2,2,2,0,6,2,3,2,40,25
"2741",11,16,10,19,1,17,14,16,8,19,1,13,14,2,0,0,5,4,2,2,4,2,2,42,29
"2742",12,16,10,19,1,17,14,16,10,19,1,17,14,5,2,0,NA,0,0,0,0,0,0,42,29
"2743",0,0,0,0,0,0,0,0,0,0,0,0,0,0,0,0,0,0,0,0,0,0,0,0,0
"2744",1,6,1,1,9,1,1,1,1,1,1,1,1,3,6,5,3,6,0,5,6,1,1,5,8
"2745",2,9,1,1,9,1,6,6,1,1,9,1,1,3,0,0,3,5,2,3,5,1,3,8,13
"2746",3,12,1,1,9,3,6,9,1,1,9,1,6,3,2,0,2,0,0,3,2,1,2,11,15
"2747",4,13,1,1,9,3,11,12,1,1,9,3,6,5,1,2,5,2,0,1,5,1,3,12,20
"2748",5,15,1,1,9,9,15,13,1,1,9,3,11,2,0,0,4,6,5,2,6,1,2,14,30
"2749",6,19,1,1,14,9,15,15,1,1,9,9,15,4,5,0,5,0,0,4,5,1,1,18,35
"2750",7,19,1,2,18,9,15,19,1,1,14,9,15,3,1,4,3,4,0,1,4,3,1,19,39
"2751",8,19,1,5,18,13,15,19,1,2,18,9,15,3,0,0,4,6,4,3,4,3,2,22,43
"2752",9,25,1,7,18,17,15,19,1,5,18,13,15,6,4,0,4,0,0,6,4,1,2,30,47
"2753",10,26,1,7,19,17,15,25,1,7,18,17,15,1,3,1,3,1,0,1,1,1,1,31,48
"2754",11,26,1,10,19,21,15,26,1,7,19,17,15,3,0,0,4,4,1,3,4,3,2,34,52
"2755",12,26,1,10,19,21,15,26,1,10,19,21,15,4,1,0,NA,0,0,0,0,0,0,34,52
"2756",0,0,0,0,0,0,0,0,0,0,0,0,0,0,0,0,0,0,0,0,0,0,0,0,0
"2757",1,1,3,7,6,1,1,1,1,1,1,1,1,6,4,5,4,5,0,6,5,3,1,8,5
"2758",2,1,7,7,6,4,1,1,3,7,6,1,1,4,0,0,3,4,2,4,3,2,2,12,8
"2759",3,5,7,7,6,6,1,1,7,7,6,4,1,4,2,0,2,0,0,4,2,1,2,16,10
"2760",4,5,8,7,6,11,1,5,7,7,6,6,1,1,2,5,2,5,0,1,5,2,2,17,15
"2761",5,7,8,7,11,11,1,5,8,7,6,11,1,2,0,0,5,5,4,2,5,1,1,19,20
"2762",6,12,8,7,11,15,1,7,8,7,11,11,1,5,4,0,4,0,0,5,4,1,2,24,24
"2763",7,16,8,7,11,20,1,12,8,7,11,15,1,5,4,4,5,4,0,4,5,1,2,28,29
"2764",8,1,8,7,11,22,2,16,8,7,11,20,1,4,0,0,6,6,1,4,1,1,3,13,32
"2765",9,7,18,7,18,22,8,1,8,7,11,22,2,6,6,0,6,0,0,6,6,1,1,29,45
"2766",10,7,18,11,23,22,8,7,18,7,18,22,8,5,4,5,5,5,0,4,5,3,1,33,50
"2767",11,7,23,11,23,22,12,7,18,11,23,22,8,5,0,0,4,6,6,5,4,2,3,38,54
"2768",12,7,23,11,23,22,12,7,23,11,23,22,12,6,6,0,NA,0,0,0,0,0,0,38,54
"2769",0,0,0,0,0,0,0,0,0,0,0,0,0,0,0,0,0,0,0,0,0,0,0,0,0
"2770",1,5,1,1,5,1,1,1,1,1,1,1,1,4,4,1,4,1,0,4,4,1,1,4,4
"2771",2,6,1,1,5,4,1,5,1,1,5,1,1,1,0,0,1,3,3,1,3,1,2,5,7
"2772",3,9,1,1,6,4,1,6,1,1,5,4,1,1,3,0,1,0,0,3,1,1,1,8,8
"2773",4,14,1,1,6,4,4,9,1,1,6,4,1,5,1,3,1,3,0,5,3,1,3,13,11
"2774",5,14,1,2,13,4,4,14,1,1,6,4,4,1,0,0,5,1,6,1,6,3,1,14,18
"2775",6,19,1,2,13,4,5,14,1,2,13,4,4,5,1,0,1,0,0,5,1,1,3,19,19
"2776",7,19,4,8,17,4,5,19,1,2,13,4,5,2,6,4,2,4,0,6,4,3,1,28,23
"2777",8,19,4,10,20,4,5,19,4,8,17,4,5,2,0,0,3,4,2,2,3,3,1,30,26
"2778",9,19,8,10,22,4,5,19,4,10,20,4,5,4,2,0,2,0,0,4,2,2,1,34,28
"2779",10,19,12,16,27,4,5,19,8,10,22,4,5,5,6,5,5,5,0,6,5,3,1,44,33
"2780",11,19,12,21,27,4,10,19,12,16,27,4,5,5,0,0,6,5,5,5,5,3,3,49,38
"2781",12,19,12,21,27,4,10,19,12,21,27,4,10,6,5,0,NA,0,0,0,0,0,0,49,38
"2782",0,0,0,0,0,0,0,0,0,0,0,0,0,0,0,0,0,0,0,0,0,0,0,0,0
"2783",1,1,1,4,1,3,1,1,1,1,1,1,1,1,3,2,1,2,0,3,2,3,2,3,2
"2784",2,1,2,4,7,3,6,1,1,4,1,3,1,1,0,0,6,3,6,1,6,2,1,4,13
"2785",3,7,2,9,10,3,6,1,2,4,7,3,6,3,6,0,3,0,0,6,3,1,1,15,16
"2786",4,7,6,15,15,3,6,7,2,9,10,3,6,6,5,1,5,1,0,6,5,3,1,25,21
"2787",5,7,7,15,15,8,6,7,6,15,15,3,6,1,0,0,3,5,6,1,5,2,2,26,26
"2788",6,7,7,22,15,8,9,7,7,15,15,8,6,3,6,0,3,0,0,6,3,3,3,33,29
"2789",7,7,10,22,20,8,9,7,7,22,15,8,9,3,1,5,1,5,0,3,5,2,1,36,34
"2790",8,7,10,23,20,14,13,7,10,22,20,8,9,1,0,0,1,6,6,1,6,3,2,37,44
"2791",9,7,14,29,20,14,14,7,10,23,20,14,13,1,6,0,1,0,0,6,1,3,3,47,45
"2792",10,10,14,29,27,14,14,7,14,29,20,14,14,6,6,3,6,6,0,3,6,1,1,50,52
"2793",11,10,20,1,37,15,26,10,14,29,27,14,14,6,0,0,6,5,6,6,6,2,3,28,75
"2794",12,10,20,1,37,15,26,10,20,1,37,15,26,5,6,0,NA,0,0,0,0,0,0,28,75
"2795",0,0,0,0,0,0,0,0,0,0,0,0,0,0,0,0,0,0,0,0,0,0,0,0,0
"2796",1,1,4,1,1,4,1,1,1,1,1,1,1,3,3,1,3,1,0,3,3,2,2,3,3
"2797",2,1,5,1,5,4,1,1,4,1,1,4,1,1,0,0,3,4,4,1,4,2,1,4,7
"2798",3,5,5,1,8,4,1,1,5,1,5,4,1,3,4,0,3,0,0,4,3,1,1,8,10
"2799",4,5,9,1,8,4,3,5,5,1,8,4,1,4,2,1,2,1,0,4,2,2,3,12,12
"2800",5,6,9,1,8,12,3,5,9,1,8,4,3,1,0,0,6,1,4,1,6,1,2,13,20
"2801",6,6,13,1,8,12,4,6,9,1,8,12,3,1,4,0,1,0,0,4,1,2,3,17,21
"2802",7,7,22,7,8,12,2,6,13,1,8,12,4,1,6,2,1,2,0,6,1,2,3,33,19
"2803",8,7,22,9,8,12,5,7,22,7,8,12,2,2,0,0,3,4,6,2,3,3,3,35,22
"2804",9,10,22,15,8,16,5,7,22,9,8,12,5,4,6,0,4,0,0,6,4,3,2,44,26
"2805",10,10,22,18,8,18,5,10,22,15,8,16,5,3,2,2,2,2,0,3,2,3,2,47,28
"2806",11,10,22,20,11,18,5,10,22,18,8,18,5,2,0,0,3,4,3,2,3,3,1,49,31
"2807",12,10,22,20,11,18,5,10,22,20,11,18,5,4,3,0,NA,0,0,0,0,0,0,49,31
"2808",0,0,0,0,0,0,0,0,0,0,0,0,0,0,0,0,0,0,0,0,0,0,0,0,0
"2809",1,1,6,1,1,1,10,1,1,1,1,1,1,6,5,5,6,5,0,5,6,2,3,5,9
"2810",2,1,6,6,8,1,10,1,6,1,1,1,10,5,0,0,2,1,6,5,6,3,1,10,16
"2811",3,3,6,6,8,1,11,1,6,6,8,1,10,2,1,0,1,0,0,2,1,1,3,12,17
"2812",4,6,6,6,8,6,11,3,6,6,8,1,11,2,3,5,2,5,0,3,5,1,2,15,22
"2813",5,8,6,6,8,6,14,6,6,6,8,6,11,2,0,0,1,3,2,2,3,1,3,17,25
"2814",6,8,6,8,9,6,14,8,6,6,8,6,14,1,2,0,1,0,0,2,1,3,1,19,26
"2815",7,8,6,10,14,6,14,8,6,8,9,6,14,2,5,3,5,3,0,2,5,3,1,21,31
"2816",8,8,6,13,14,6,18,8,6,10,14,6,14,3,0,0,3,1,4,3,4,3,3,24,35
"2817",9,8,9,13,15,6,18,8,6,13,14,6,18,3,1,0,1,0,0,3,1,2,1,27,36
"2818",10,8,9,14,17,6,18,8,9,13,15,6,18,2,2,1,2,2,0,1,2,3,1,28,38
"2819",11,10,9,14,23,10,18,8,9,14,17,6,18,2,0,0,5,6,1,2,6,1,1,30,48
"2820",12,10,9,14,23,10,18,10,9,14,23,10,18,5,1,0,NA,0,0,0,0,0,0,30,48
"2821",0,0,0,0,0,0,0,0,0,0,0,0,0,0,0,0,0,0,0,0,0,0,0,0,0
"2822",1,1,1,4,1,1,6,1,1,1,1,1,1,5,1,3,5,1,0,3,5,3,3,3,5
"2823",2,1,2,4,1,1,11,1,1,4,1,1,6,1,0,0,5,6,5,1,5,2,3,4,10
"2824",3,1,10,4,6,1,11,1,2,4,1,1,11,6,5,0,5,0,0,6,5,2,1,12,15
"2825",4,4,10,4,6,1,16,1,10,4,6,1,11,3,3,5,3,5,0,3,5,1,3,15,20
"2826",5,4,13,4,11,1,16,4,10,4,6,1,16,3,0,0,3,5,1,3,5,2,1,18,25
"2827",6,4,13,7,11,2,16,4,13,4,11,1,16,3,1,0,1,0,0,3,1,3,2,21,26
"2828",7,6,13,7,13,2,16,4,13,7,11,2,16,2,2,2,2,2,0,2,2,1,1,23,28
"2829",8,6,13,9,13,3,22,6,13,7,13,2,16,2,0,0,2,6,2,2,6,3,3,25,35
"2830",9,8,13,9,15,3,22,6,13,9,13,3,22,2,2,0,2,0,0,2,2,1,1,27,37
"2831",10,8,18,9,16,9,22,8,13,9,15,3,22,1,5,6,1,6,0,5,6,2,2,32,44
"2832",11,8,19,9,21,9,22,8,18,9,16,9,22,1,0,0,5,1,3,1,5,2,1,33,49
"2833",12,8,19,9,21,9,22,8,19,9,21,9,22,1,3,0,NA,0,0,0,0,0,0,33,49
"2834",0,0,0,0,0,0,0,0,0,0,0,0,0,0,0,0,0,0,0,0,0,0,0,0,0
"2835",1,4,1,7,1,8,1,1,1,1,1,1,1,6,3,6,3,6,0,6,6,3,2,9,7
"2836",2,7,1,7,7,11,1,4,1,7,1,8,1,3,0,0,2,1,6,3,6,1,1,12,16
"2837",3,9,1,7,8,11,1,7,1,7,7,11,1,2,1,0,1,0,0,2,1,1,1,14,17
"2838",4,15,3,7,12,11,1,9,1,7,8,11,1,2,4,6,2,4,0,6,4,1,1,22,21
"2839",5,15,5,7,12,16,1,15,3,7,12,11,1,2,0,0,2,5,2,2,5,2,2,24,26
"2840",6,15,5,9,12,18,1,15,5,7,12,16,1,2,2,0,2,0,0,2,2,3,2,26,28
"2841",7,18,5,9,18,18,7,15,5,9,12,18,1,3,6,3,6,3,0,3,6,1,3,29,40
"2842",8,18,5,12,18,18,9,18,5,9,18,18,7,3,0,0,2,2,5,3,2,3,3,32,42
"2843",9,23,5,12,18,18,11,18,5,12,18,18,9,2,5,0,2,0,0,5,2,1,3,37,44
"2844",10,29,7,12,18,18,6,23,5,12,18,18,11,6,2,5,2,5,0,6,5,1,3,45,39
"2845",11,31,7,12,20,18,6,29,7,12,18,18,6,2,0,0,2,1,4,2,2,1,1,47,41
"2846",12,31,7,12,20,18,6,31,7,12,20,18,6,1,4,0,NA,0,0,0,0,0,0,47,41
"2847",0,0,0,0,0,0,0,0,0,0,0,0,0,0,0,0,0,0,0,0,0,0,0,0,0
"2848",1,7,2,1,1,1,3,1,1,1,1,1,1,2,6,3,2,3,0,6,2,1,3,7,2
"2849",2,7,5,1,1,1,8,7,2,1,1,1,3,3,0,0,2,2,5,3,5,2,3,10,7
"2850",3,9,5,1,1,3,8,7,5,1,1,1,8,2,2,0,2,0,0,2,2,1,2,12,9
"2851",4,9,5,4,1,3,11,9,5,1,1,3,8,3,3,3,3,3,0,3,3,3,3,15,12
"2852",5,9,5,7,1,9,15,9,5,4,1,3,11,3,0,0,4,6,6,3,6,3,2,18,22
"2853",6,13,5,13,1,9,19,9,5,7,1,9,15,4,6,0,4,0,0,6,4,3,3,28,26
"2854",7,13,9,13,1,10,19,13,5,13,1,9,19,1,4,1,1,1,0,4,1,2,2,32,27
"2855",8,14,9,13,6,16,19,13,9,13,1,10,19,1,0,0,6,5,5,1,6,1,2,33,38
"2856",9,14,14,13,11,16,19,14,9,13,6,16,19,5,5,0,5,0,0,5,5,2,1,38,43
"2857",10,14,19,13,11,20,25,14,14,13,11,16,19,5,5,6,5,6,0,5,6,2,3,43,53
"2858",11,19,19,13,16,20,25,14,19,13,11,20,25,5,0,0,5,5,3,5,5,1,1,48,58
"2859",12,19,19,13,16,20,25,19,19,13,16,20,25,5,3,0,NA,0,0,0,0,0,0,48,58
"2860",0,0,0,0,0,0,0,0,0,0,0,0,0,0,0,0,0,0,0,0,0,0,0,0,0
"2861",1,1,5,1,1,5,1,1,1,1,1,1,1,4,4,3,4,3,0,4,4,2,2,4,4
"2862",2,1,5,4,6,5,1,1,5,1,1,5,1,3,0,0,1,5,3,3,5,3,1,7,9
"2863",3,4,5,4,7,5,1,1,5,4,6,5,1,1,3,0,1,0,0,3,1,1,1,10,10
"2864",4,8,5,4,7,9,1,4,5,4,7,5,1,4,3,4,3,4,0,4,4,1,2,14,14
"2865",5,8,5,7,7,9,4,8,5,4,7,9,1,3,0,0,3,3,2,3,3,3,3,17,17
"2866",6,8,7,7,10,9,4,8,5,7,7,9,4,3,2,0,3,0,0,2,3,2,1,19,20
"2867",7,13,7,7,14,9,4,8,7,7,10,9,4,3,4,5,3,4,0,5,4,1,1,24,24
"2868",8,13,10,7,19,9,4,13,7,7,14,9,4,3,0,0,3,5,5,3,5,2,1,27,29
"2869",9,13,15,7,22,9,4,13,10,7,19,9,4,3,5,0,3,0,0,5,3,2,1,32,32
"2870",10,18,21,7,22,9,5,13,15,7,22,9,4,1,6,2,1,2,0,6,1,2,3,43,33
"2871",11,23,23,7,22,9,2,18,21,7,22,9,5,2,0,0,6,6,1,2,1,2,3,50,30
"2872",12,23,23,7,22,9,2,23,23,7,22,9,2,6,6,0,NA,0,0,0,0,0,0,50,30
"2873",0,0,0,0,0,0,0,0,0,0,0,0,0,0,0,0,0,0,0,0,0,0,0,0,0
"2874",1,2,1,7,1,1,5,1,1,1,1,1,1,6,2,4,2,4,0,6,4,3,3,7,4
"2875",2,2,1,9,1,1,9,2,1,7,1,1,5,2,0,0,6,5,4,2,4,3,3,9,8
"2876",3,3,7,9,1,1,14,2,1,9,1,1,9,6,5,0,5,0,0,6,5,2,3,16,13
"2877",4,3,9,9,1,4,14,3,7,9,1,1,14,3,2,2,3,2,0,2,3,2,2,18,16
"2878",5,1,11,9,1,8,21,3,9,9,1,4,14,2,0,0,2,6,5,2,6,2,3,18,27
"2879",6,7,11,9,1,13,1,1,11,9,1,8,21,2,5,0,5,0,0,2,5,1,2,24,12
"2880",7,7,11,12,2,13,1,7,11,9,1,13,1,1,1,3,1,1,0,3,1,3,1,27,13
"2881",8,7,12,12,2,17,1,7,11,12,2,13,1,1,0,0,4,2,4,1,4,2,2,28,17
"2882",9,11,12,12,2,19,1,7,12,12,2,17,1,2,4,0,2,0,0,4,2,1,2,32,19
"2883",10,18,12,18,2,23,1,11,12,12,2,19,1,4,6,2,4,2,0,6,4,1,2,45,23
"2884",11,18,14,18,6,29,1,18,12,18,2,23,1,2,0,0,6,4,2,2,6,2,2,47,33
"2885",12,18,14,18,6,29,1,18,14,18,6,29,1,4,2,0,NA,0,0,0,0,0,0,47,33
"2886",0,0,0,0,0,0,0,0,0,0,0,0,0,0,0,0,0,0,0,0,0,0,0,0,0
"2887",1,4,1,1,1,3,1,1,1,1,1,1,1,3,1,2,1,2,0,3,2,1,2,3,2
"2888",2,4,1,2,11,9,1,4,1,1,1,3,1,1,0,0,6,1,2,1,6,3,2,4,18
"2889",3,4,3,2,11,10,1,4,1,2,11,9,1,1,2,0,1,0,0,2,1,2,2,6,19
"2890",4,8,3,2,11,10,5,4,3,2,11,10,1,4,4,4,4,4,0,4,4,1,3,10,23
"2891",5,12,3,2,17,10,6,8,3,2,11,10,5,4,0,0,6,3,6,4,6,1,1,14,30
"2892",6,18,3,3,17,10,9,12,3,2,17,10,6,3,6,0,3,0,0,6,3,1,3,21,33
"2893",7,18,3,8,17,15,15,18,3,3,17,10,9,5,6,1,6,1,0,5,6,3,3,26,44
"2894",8,18,3,9,17,18,15,18,3,8,17,15,15,1,0,0,5,3,5,1,3,3,2,27,47
"2895",9,18,3,14,22,18,15,18,3,9,17,18,15,5,5,0,5,0,0,5,5,3,1,32,52
"2896",10,18,4,16,1,18,20,18,3,14,22,18,15,1,5,1,5,1,0,1,5,2,3,35,36
"2897",11,18,4,17,1,20,20,18,4,16,1,18,20,1,0,0,2,4,3,1,2,3,2,36,38
"2898",12,18,4,17,1,20,20,18,4,17,1,20,20,4,3,0,NA,0,0,0,0,0,0,36,38
"2899",0,0,0,0,0,0,0,0,0,0,0,0,0,0,0,0,0,0,0,0,0,0,0,0,0
"2900",1,1,6,1,1,1,4,1,1,1,1,1,1,3,5,2,3,2,0,5,3,2,3,5,3
"2901",2,1,6,3,1,1,6,1,6,1,1,1,4,2,0,0,3,2,3,2,2,3,3,7,5
"2902",3,1,6,6,1,4,6,1,6,3,1,1,6,3,3,0,3,0,0,3,3,3,2,10,8
"2903",4,4,6,6,3,4,6,1,6,6,1,4,6,3,1,2,1,2,0,3,2,1,1,13,10
"2904",5,4,6,7,11,4,6,4,6,6,3,4,6,1,0,0,6,3,5,1,6,3,1,14,18
"2905",6,4,6,12,11,7,6,4,6,7,11,4,6,3,5,0,3,0,0,5,3,3,2,19,21
"2906",7,4,11,12,11,10,6,4,6,12,11,7,6,5,1,3,1,3,0,5,3,2,2,24,24
"2907",8,4,11,13,11,14,18,4,11,12,11,10,6,1,0,0,6,4,2,1,6,3,3,25,40
"2908",9,4,15,13,11,14,20,4,11,13,11,14,18,4,2,0,2,0,0,4,2,2,3,29,42
"2909",10,4,15,18,14,14,20,4,15,13,11,14,20,3,3,5,3,3,0,5,3,3,1,34,45
"2910",11,1,18,18,27,14,20,4,15,18,14,14,20,3,0,0,6,3,4,3,6,2,1,34,58
"2911",12,1,18,18,27,14,20,1,18,18,27,14,20,3,4,0,NA,0,0,0,0,0,0,34,58
"2912",0,0,0,0,0,0,0,0,0,0,0,0,0,0,0,0,0,0,0,0,0,0,0,0,0
"2913",1,1,5,1,1,1,6,1,1,1,1,1,1,3,4,5,3,5,0,4,5,2,3,4,5
"2914",2,4,5,1,7,9,6,1,5,1,1,1,6,3,0,0,4,4,6,3,6,1,2,7,19
"2915",3,8,5,1,7,13,6,4,5,1,7,9,6,4,4,0,4,0,0,4,4,1,2,11,23
"2916",4,20,9,1,7,19,9,8,5,1,7,13,6,6,6,2,6,2,0,6,6,1,2,27,32
"2917",5,20,11,1,10,19,9,20,9,1,7,19,9,2,0,0,3,2,2,2,3,2,1,29,35
"2918",6,22,11,1,10,19,11,20,11,1,10,19,9,2,2,0,2,0,0,2,2,1,3,31,37
"2919",7,31,11,7,1,19,6,22,11,1,10,19,11,5,6,5,5,5,0,6,5,1,3,46,23
"2920",8,36,11,7,1,24,6,31,11,7,1,19,6,5,0,0,1,5,2,5,5,1,2,51,28
"2921",9,37,11,7,1,26,6,36,11,7,1,24,6,1,2,0,2,0,0,1,2,1,2,52,30
"2922",10,37,16,8,6,1,6,37,11,7,1,26,6,1,5,1,5,1,0,1,5,3,1,58,10
"2923",11,38,16,8,11,1,6,37,16,8,6,1,6,1,0,0,5,5,2,1,5,1,1,59,15
"2924",12,38,16,8,11,1,6,38,16,8,11,1,6,5,2,0,NA,0,0,0,0,0,0,59,15
"2925",0,0,0,0,0,0,0,0,0,0,0,0,0,0,0,0,0,0,0,0,0,0,0,0,0
"2926",1,1,1,6,1,5,1,1,1,1,1,1,1,5,2,4,2,4,0,5,4,3,2,5,4
"2927",2,3,1,6,1,5,2,1,1,6,1,5,1,2,0,0,3,1,1,2,1,1,3,7,5
"2928",3,3,2,6,1,8,2,3,1,6,1,5,2,3,1,0,3,0,0,1,3,2,2,8,8
"2929",4,3,2,14,1,8,5,3,2,6,1,8,2,1,3,6,1,3,0,6,3,3,3,16,11
"2930",5,4,2,14,6,14,5,3,2,14,1,8,5,1,0,0,6,3,2,1,6,1,2,17,22
"2931",6,7,2,14,8,14,5,4,2,14,6,14,5,3,2,0,2,0,0,3,2,1,1,20,24
"2932",7,13,5,14,8,19,5,7,2,14,8,14,5,1,5,6,1,5,0,6,5,1,2,29,29
"2933",8,13,1,14,8,25,5,13,5,14,8,19,5,1,0,0,1,5,2,1,5,2,2,25,35
"2934",9,13,1,16,8,26,5,13,1,14,8,25,5,1,2,0,1,0,0,2,1,3,2,27,36
"2935",10,13,1,18,8,26,8,13,1,16,8,26,5,2,3,2,3,2,0,2,3,3,3,29,39
"2936",11,15,1,18,17,26,8,13,1,18,8,26,8,2,0,0,6,5,4,2,6,1,1,31,48
"2937",12,15,1,18,17,26,8,15,1,18,17,26,8,5,4,0,NA,0,0,0,0,0,0,31,48
"2938",0,0,0,0,0,0,0,0,0,0,0,0,0,0,0,0,0,0,0,0,0,0,0,0,0
"2939",1,1,1,5,1,1,6,1,1,1,1,1,1,4,5,4,5,4,0,4,5,3,3,4,5
"2940",2,1,1,9,7,3,6,1,1,5,1,1,6,4,0,0,6,4,4,4,6,3,1,8,13
"2941",3,5,1,9,11,3,6,1,1,9,7,3,6,4,4,0,4,0,0,4,4,1,1,12,17
"2942",4,5,1,16,11,8,6,5,1,9,11,3,6,6,5,1,5,1,0,6,5,3,2,19,22
"2943",5,6,1,16,11,8,10,5,1,16,11,8,6,1,0,0,6,1,4,1,4,1,3,20,26
"2944",6,9,1,22,12,8,10,6,1,16,11,8,10,6,1,0,1,0,0,6,1,3,1,29,27
"2945",7,15,6,22,12,8,14,9,1,22,12,8,10,1,4,6,1,4,0,6,4,1,3,40,31
"2946",8,15,6,23,12,8,19,15,6,22,12,8,14,1,0,0,4,5,3,1,5,3,3,41,36
"2947",9,15,10,23,12,8,22,15,6,23,12,8,19,4,3,0,3,0,0,4,3,2,3,45,39
"2948",10,21,15,23,15,8,22,15,10,23,12,8,22,5,3,6,5,3,0,6,3,1,1,56,42
"2949",11,21,15,1,15,11,22,21,15,23,15,8,22,5,0,0,4,5,2,5,2,3,2,34,45
"2950",12,21,15,1,15,11,22,21,15,1,15,11,22,4,5,0,NA,0,0,0,0,0,0,34,45
"2951",0,0,0,0,0,0,0,0,0,0,0,0,0,0,0,0,0,0,0,0,0,0,0,0,0
"2952",1,1,1,3,1,1,3,1,1,1,1,1,1,2,2,1,2,1,0,2,2,3,3,2,2
"2953",2,2,1,3,7,1,4,1,1,3,1,1,3,1,0,0,3,6,6,1,6,1,1,3,9
"2954",3,12,1,3,7,4,4,2,1,3,7,1,4,3,6,0,3,0,0,6,3,1,2,13,12
"2955",4,12,1,7,8,4,4,12,1,3,7,4,4,1,1,4,1,1,0,4,1,3,1,17,13
"2956",5,12,2,7,8,4,9,12,1,7,8,4,4,1,0,0,2,5,5,1,5,2,3,18,18
"2957",6,17,2,7,8,4,11,12,2,7,8,4,9,2,5,0,2,0,0,5,2,1,3,23,20
"2958",7,19,8,13,8,4,16,17,2,7,8,4,11,5,6,3,5,3,0,6,5,2,3,37,25
"2959",8,19,11,13,8,4,18,19,8,13,8,4,16,3,0,0,5,1,2,3,2,2,3,40,27
"2960",9,19,16,13,8,4,19,19,11,13,8,4,18,5,1,0,1,0,0,5,1,2,3,45,28
"2961",10,19,20,13,8,4,30,19,16,13,8,4,19,6,4,3,6,3,0,4,6,2,3,49,39
"2962",11,19,20,16,10,4,30,19,20,13,8,4,30,3,0,0,2,1,6,3,2,3,1,52,41
"2963",12,19,20,16,10,4,30,19,20,16,10,4,30,1,6,0,NA,0,0,0,0,0,0,52,41
"2964",0,0,0,0,0,0,0,0,0,0,0,0,0,0,0,0,0,0,0,0,0,0,0,0,0
"2965",1,1,4,1,7,1,4,1,1,1,1,1,1,1,6,3,1,6,0,3,6,2,1,3,9
"2966",2,1,5,1,7,6,10,1,4,1,7,1,4,1,0,0,5,6,4,1,6,2,3,4,20
"2967",3,1,10,1,11,6,10,1,5,1,7,6,10,5,4,0,4,0,0,5,4,2,1,9,24
"2968",4,1,15,1,11,6,11,1,10,1,11,6,10,1,1,5,1,1,0,5,1,2,3,14,25
"2969",5,2,15,1,11,10,11,1,15,1,11,6,11,1,0,0,1,1,4,1,4,1,2,15,29
"2970",6,3,15,1,11,11,11,2,15,1,11,10,11,1,1,0,1,0,0,1,1,1,2,16,30
"2971",7,3,19,1,11,11,16,3,15,1,11,11,11,4,3,5,3,5,0,4,5,2,3,20,35
"2972",8,6,19,1,12,11,22,3,19,1,11,11,16,3,0,0,6,4,4,3,6,1,3,23,42
"2973",9,6,23,1,16,11,22,6,19,1,12,11,22,4,4,0,4,0,0,4,4,2,1,27,46
"2974",10,6,24,1,16,15,22,6,23,1,16,11,22,1,1,4,1,4,0,1,4,2,2,28,50
"2975",11,7,24,1,16,20,22,6,24,1,16,15,22,1,0,0,5,2,2,1,5,1,2,29,55
"2976",12,7,24,1,16,20,22,7,24,1,16,20,22,2,2,0,NA,0,0,0,0,0,0,29,55
"2977",0,0,0,0,0,0,0,0,0,0,0,0,0,0,0,0,0,0,0,0,0,0,0,0,0
"2978",1,1,1,5,1,6,1,1,1,1,1,1,1,2,5,4,2,5,0,4,5,3,2,4,5
"2979",2,3,1,5,1,11,1,1,1,5,1,6,1,2,0,0,2,1,5,2,5,1,2,6,10
"2980",3,3,2,5,3,11,1,3,1,5,1,11,1,2,1,0,2,0,0,1,2,2,1,7,12
"2981",4,6,2,5,6,11,1,3,2,5,3,11,1,3,3,3,3,3,0,3,3,1,1,10,15
"2982",5,6,5,5,6,16,1,6,2,5,6,11,1,3,0,0,5,2,3,3,5,2,2,13,20
"2983",6,6,5,8,6,16,3,6,5,5,6,16,1,2,3,0,2,0,0,3,2,3,3,16,22
"2984",7,11,5,8,9,16,3,6,5,8,6,16,3,2,3,5,2,3,0,5,3,1,1,21,25
"2985",8,13,5,8,9,22,6,11,5,8,9,16,3,2,0,0,4,6,2,2,6,1,2,23,34
"2986",9,17,5,8,9,22,8,13,5,8,9,22,6,4,2,0,2,0,0,4,2,1,3,27,36
"2987",10,21,5,8,15,22,17,17,5,8,9,22,8,4,6,5,6,5,0,4,6,1,3,31,51
"2988",11,26,5,8,20,22,17,21,5,8,15,22,17,5,0,0,1,5,6,5,5,1,1,36,56
"2989",12,26,5,8,20,22,17,26,5,8,20,22,17,1,6,0,NA,0,0,0,0,0,0,36,56
"2990",0,0,0,0,0,0,0,0,0,0,0,0,0,0,0,0,0,0,0,0,0,0,0,0,0
"2991",1,1,5,1,1,1,3,1,1,1,1,1,1,1,2,4,1,2,0,4,2,2,3,4,2
"2992",2,1,6,1,1,6,3,1,5,1,1,1,3,1,0,0,5,3,2,1,5,2,2,5,7
"2993",3,1,6,4,3,6,3,1,6,1,1,6,3,3,2,0,2,0,0,3,2,3,1,8,9
"2994",4,10,6,4,9,11,3,1,6,4,3,6,3,1,6,6,1,6,0,6,6,1,1,17,20
"2995",5,10,7,4,9,11,7,10,6,4,9,11,3,1,0,0,1,4,5,1,4,2,3,18,24
"2996",6,10,12,4,9,11,8,10,7,4,9,11,7,1,5,0,1,0,0,5,1,2,3,23,25
"2997",7,10,12,7,11,11,8,10,12,4,9,11,8,3,2,1,2,1,0,3,2,3,1,26,27
"2998",8,10,13,7,11,14,8,10,12,7,11,11,8,1,0,0,3,1,3,1,3,2,2,27,30
"2999",9,10,16,7,11,15,8,10,13,7,11,14,8,1,3,0,1,0,0,3,1,2,2,30,31
"3000",10,10,22,12,11,20,8,10,16,7,11,15,8,5,2,6,5,2,0,6,5,2,2,41,36
"3001",11,12,22,12,11,20,11,10,22,12,11,20,8,2,0,0,3,6,1,2,3,1,3,43,39
"3002",12,12,22,12,11,20,11,12,22,12,11,20,11,6,1,0,NA,0,0,0,0,0,0,43,39
"3003",0,0,0,0,0,0,0,0,0,0,0,0,0,0,0,0,0,0,0,0,0,0,0,0,0
"3004",1,1,6,1,1,5,1,1,1,1,1,1,1,5,4,4,4,4,0,5,4,2,2,5,4
"3005",2,1,10,1,1,11,4,1,6,1,1,5,1,4,0,0,5,6,3,4,6,2,2,9,13
"3006",3,6,10,1,1,11,7,1,10,1,1,11,4,5,3,0,3,0,0,5,3,1,3,14,16
"3007",4,6,14,1,1,11,8,6,10,1,1,11,7,1,1,4,1,1,0,4,1,2,3,18,17
"3008",5,6,14,2,1,15,8,6,14,1,1,11,8,1,0,0,1,2,4,1,4,3,2,19,21
"3009",6,6,16,2,1,15,9,6,14,2,1,15,8,1,2,0,1,0,0,2,1,2,3,21,22
"3010",7,11,16,2,1,15,11,6,16,2,1,15,9,5,2,2,2,2,0,5,2,1,3,26,24
"3011",8,11,16,4,1,18,11,11,16,2,1,15,11,2,0,0,2,1,3,2,3,3,2,28,27
"3012",9,11,18,4,2,18,11,11,16,4,1,18,11,2,1,0,1,0,0,2,1,2,1,30,28
"3013",10,19,18,1,2,27,11,11,18,4,2,18,11,5,6,4,5,4,0,6,4,1,2,35,37
"3014",11,19,23,1,2,32,11,19,18,1,2,27,11,5,0,0,1,5,5,5,5,2,2,40,42
"3015",12,19,23,1,2,32,11,19,23,1,2,32,11,1,5,0,NA,0,0,0,0,0,0,40,42
"3016",0,0,0,0,0,0,0,0,0,0,0,0,0,0,0,0,0,0,0,0,0,0,0,0,0
"3017",1,1,5,1,1,1,4,1,1,1,1,1,1,1,3,4,1,3,0,4,3,2,3,4,3
"3018",2,1,5,2,3,7,4,1,5,1,1,1,4,1,0,0,6,3,6,1,6,3,2,5,11
"3019",3,3,11,2,6,7,4,1,5,2,3,7,4,3,6,0,3,0,0,6,3,2,1,13,14
"3020",4,3,11,13,6,7,9,3,11,2,6,7,4,2,6,5,2,5,0,6,5,3,3,24,19
"3021",5,3,13,13,6,7,14,3,11,13,6,7,9,2,0,0,4,5,3,2,5,2,3,26,24
"3022",6,3,17,13,9,7,14,3,13,13,6,7,14,4,3,0,3,0,0,4,3,2,1,30,27
"3023",7,7,17,19,9,9,14,3,17,13,9,7,14,6,2,1,2,1,0,6,2,3,2,40,29
"3024",8,8,17,19,9,9,18,7,17,19,9,9,14,1,0,0,2,4,6,1,4,1,3,41,33
"3025",9,13,23,19,9,9,20,8,17,19,9,9,18,2,6,0,2,0,0,6,2,2,3,52,35
"3026",10,24,23,19,9,9,25,13,23,19,9,9,20,5,6,5,5,5,0,6,5,1,3,63,40
"3027",11,1,23,19,9,15,25,24,23,19,9,9,25,5,0,0,1,3,2,5,2,1,2,40,46
"3028",12,1,23,19,9,15,25,1,23,19,9,15,25,1,3,0,NA,0,0,0,0,0,0,40,46
"3029",0,0,0,0,0,0,0,0,0,0,0,0,0,0,0,0,0,0,0,0,0,0,0,0,0
"3030",1,1,1,6,1,1,6,1,1,1,1,1,1,5,5,1,5,1,0,5,5,3,3,5,5
"3031",2,1,1,7,9,1,6,1,1,6,1,1,6,1,0,0,3,2,6,1,6,3,1,6,13
"3032",3,1,1,10,11,1,6,1,1,7,9,1,6,3,2,0,2,0,0,3,2,3,1,9,15
"3033",4,6,1,16,15,1,6,1,1,10,11,1,6,4,3,6,4,3,0,6,4,3,1,20,19
"3034",5,9,1,16,21,1,11,6,1,16,15,1,6,3,0,0,6,1,6,3,6,1,1,23,30
"3035",6,15,5,16,21,1,12,9,1,16,21,1,11,1,6,0,1,0,0,6,1,1,3,33,31
"3036",7,15,10,16,26,1,12,15,5,16,21,1,12,5,5,3,5,3,0,5,5,2,1,38,36
"3037",8,15,13,16,28,1,12,15,10,16,26,1,12,3,0,0,2,1,2,3,2,2,1,41,38
"3038",9,15,13,18,28,1,13,15,13,16,28,1,12,1,2,0,1,0,0,2,1,3,3,43,39
"3039",10,15,13,22,30,1,13,15,13,18,28,1,13,4,1,2,1,2,0,4,2,3,1,47,41
"3040",11,15,13,1,32,5,13,15,13,22,30,1,13,1,0,0,4,1,4,1,4,3,2,26,47
"3041",12,15,13,1,32,5,13,15,13,1,32,5,13,1,4,0,NA,0,0,0,0,0,0,26,47
"3042",0,0,0,0,0,0,0,0,0,0,0,0,0,0,0,0,0,0,0,0,0,0,0,0,0
"3043",1,4,1,7,1,4,1,1,1,1,1,1,1,1,6,3,1,3,0,6,3,3,2,9,3
"3044",2,5,1,7,1,8,1,4,1,7,1,4,1,1,0,0,1,3,4,1,4,1,2,10,7
"3045",3,5,4,7,2,8,1,5,1,7,1,8,1,1,3,0,1,0,0,3,1,2,1,13,8
"3046",4,5,4,8,2,13,1,5,4,7,2,8,1,5,4,1,5,4,0,1,5,3,2,14,13
"3047",5,5,4,12,2,17,1,5,4,8,2,13,1,4,0,0,3,2,4,4,4,3,2,18,17
"3048",6,5,4,15,2,19,1,5,4,12,2,17,1,3,2,0,2,0,0,3,2,3,2,21,19
"3049",7,1,1,15,2,28,1,5,4,15,2,19,1,3,2,4,3,2,0,4,3,1,2,14,28
"3050",8,1,1,17,2,33,1,1,1,15,2,28,1,2,0,0,4,3,5,2,5,3,2,16,33
"3051",9,1,5,17,2,36,1,1,1,17,2,33,1,4,3,0,3,0,0,4,3,2,2,20,36
"3052",10,1,8,17,6,36,1,1,5,17,2,36,1,4,3,4,4,4,0,3,4,2,1,23,40
"3053",11,1,12,17,15,36,1,1,8,17,6,36,1,4,0,0,6,4,1,4,6,2,1,27,49
"3054",12,1,12,17,15,36,1,1,12,17,15,36,1,4,1,0,NA,0,0,0,0,0,0,27,49
"3055",0,0,0,0,0,0,0,0,0,0,0,0,0,0,0,0,0,0,0,0,0,0,0,0,0
"3056",1,1,6,1,1,3,1,1,1,1,1,1,1,5,2,1,2,1,0,5,2,2,2,5,2
"3057",2,1,6,2,1,6,1,1,6,1,1,3,1,1,0,0,1,3,3,1,3,3,2,6,5
"3058",3,1,6,3,1,9,1,1,6,2,1,6,1,1,3,0,3,0,0,1,3,3,2,7,8
"3059",4,6,6,3,5,9,1,1,6,3,1,9,1,4,3,5,4,3,0,5,4,1,1,12,12
"3060",5,9,6,3,5,14,1,6,6,3,5,9,1,3,0,0,2,4,5,3,5,1,2,15,17
"3061",6,9,10,3,7,14,1,9,6,3,5,14,1,2,4,0,2,0,0,4,2,2,1,19,19
"3062",7,9,16,5,13,20,1,9,10,3,7,14,1,6,6,5,6,5,0,6,6,2,1,27,31
"3063",8,14,16,5,13,31,1,9,16,5,13,20,1,5,0,0,4,6,2,5,6,1,2,32,42
"3064",9,16,16,5,17,31,1,14,16,5,13,31,1,4,2,0,4,0,0,2,4,1,1,34,46
"3065",10,16,16,8,17,36,1,16,16,5,17,31,1,5,3,4,5,4,0,3,5,3,2,37,51
"3066",11,20,16,8,25,36,1,16,16,8,17,36,1,4,0,0,4,2,6,4,6,1,1,41,59
"3067",12,20,16,8,25,36,1,20,16,8,25,36,1,4,2,0,NA,0,0,0,0,0,0,41,59
"3068",0,0,0,0,0,0,0,0,0,0,0,0,0,0,0,0,0,0,0,0,0,0,0,0,0
"3069",1,7,9,1,1,6,1,1,1,1,1,1,1,5,6,3,5,3,0,6,5,1,2,14,5
"3070",2,7,9,4,4,6,1,7,9,1,1,6,1,3,0,0,3,3,1,3,3,3,1,17,8
"3071",3,8,9,4,4,6,4,7,9,4,4,6,1,3,1,0,3,0,0,1,3,1,3,18,11
"3072",4,8,12,4,7,6,4,8,9,4,4,6,4,3,3,2,3,2,0,3,3,2,1,21,14
"3073",5,8,12,6,7,16,4,8,12,4,7,6,4,2,0,0,2,6,2,2,6,3,2,23,24
"3074",6,8,12,8,9,16,4,8,12,6,7,16,4,2,2,0,2,0,0,2,2,3,1,25,26
"3075",7,8,17,8,9,16,9,8,12,8,9,16,4,5,5,1,5,1,0,5,5,2,3,30,31
"3076",8,9,17,8,9,19,9,8,17,8,9,16,9,1,0,0,3,1,1,1,3,1,2,31,34
"3077",9,9,17,9,9,19,10,9,17,8,9,19,9,1,1,0,1,0,0,1,1,3,3,32,35
"3078",10,15,20,9,9,25,13,9,17,9,9,19,10,6,2,6,2,6,0,6,6,1,2,41,44
"3079",11,15,22,9,14,25,13,15,20,9,9,25,13,2,0,0,5,3,3,2,5,2,1,43,49
"3080",12,15,22,9,14,25,13,15,22,9,14,25,13,3,3,0,NA,0,0,0,0,0,0,43,49
"3081",0,0,0,0,0,0,0,0,0,0,0,0,0,0,0,0,0,0,0,0,0,0,0,0,0
"3082",1,1,1,4,1,1,6,1,1,1,1,1,1,3,4,5,4,5,0,3,5,3,3,3,5
"3083",2,1,1,8,1,1,11,1,1,4,1,1,6,4,0,0,5,3,1,4,5,3,3,7,10
"3084",3,4,1,8,2,1,11,1,1,8,1,1,11,3,1,0,1,0,0,3,1,1,1,10,11
"3085",4,4,1,10,2,4,11,4,1,8,2,1,11,3,2,2,3,2,0,2,3,3,2,12,14
"3086",5,6,1,10,2,4,13,4,1,10,2,4,11,2,0,0,2,2,2,2,2,1,3,14,16
"3087",6,8,1,10,2,4,15,6,1,10,2,4,13,2,2,0,2,0,0,2,2,1,3,16,18
"3088",7,14,3,10,2,10,20,8,1,10,2,4,15,6,6,6,6,6,0,6,6,1,2,24,29
"3089",8,14,14,10,2,10,23,14,3,10,2,10,20,6,0,0,3,2,3,6,3,2,3,35,32
"3090",9,14,14,13,2,10,25,14,14,10,2,10,23,2,3,0,2,0,0,3,2,3,3,38,34
"3091",10,15,14,13,2,10,26,14,14,13,2,10,25,1,1,1,1,1,0,1,1,1,3,39,35
"3092",11,15,14,14,7,10,26,15,14,13,2,10,26,1,0,0,5,6,6,1,5,3,1,40,40
"3093",12,15,14,14,7,10,26,15,14,14,7,10,26,6,6,0,NA,0,0,0,0,0,0,40,40
"3094",0,0,0,0,0,0,0,0,0,0,0,0,0,0,0,0,0,0,0,0,0,0,0,0,0
"3095",1,6,13,1,1,1,4,1,1,1,1,1,1,3,6,3,3,3,0,6,3,2,3,17,3
"3096",2,9,13,1,1,5,4,6,13,1,1,1,4,3,0,0,4,4,2,3,4,1,2,20,7
"3097",3,9,17,1,3,5,4,9,13,1,1,5,4,4,2,0,2,0,0,4,2,2,1,24,9
"3098",4,13,17,1,7,5,4,9,17,1,3,5,4,1,4,4,1,4,0,4,4,1,1,28,13
"3099",5,14,17,1,10,5,4,13,17,1,7,5,4,1,0,0,6,3,4,1,3,1,1,29,16
"3100",6,16,17,13,10,5,8,14,17,1,10,5,4,6,4,0,4,0,0,6,4,3,3,43,20
"3101",7,18,17,13,10,5,13,16,17,13,10,5,8,6,2,5,6,5,0,2,5,1,3,45,25
"3102",8,18,24,13,10,1,17,18,17,13,10,5,13,6,0,0,3,2,4,6,4,2,3,52,25
"3103",9,18,26,13,10,4,17,18,24,13,10,1,17,3,2,0,3,0,0,2,3,2,2,54,28
"3104",10,18,1,14,16,13,17,18,26,13,10,4,17,6,5,1,6,5,0,1,6,3,1,30,43
"3105",11,23,1,14,16,18,17,18,1,14,16,13,17,5,0,0,4,5,6,5,5,1,2,35,48
"3106",12,23,1,14,16,18,17,23,1,14,16,18,17,4,6,0,NA,0,0,0,0,0,0,35,48
"3107",0,0,0,0,0,0,0,0,0,0,0,0,0,0,0,0,0,0,0,0,0,0,0,0,0
"3108",1,1,4,1,1,10,1,1,1,1,1,1,1,6,3,1,6,1,0,3,6,2,2,3,9
"3109",2,2,4,1,1,14,1,1,4,1,1,10,1,1,0,0,2,4,1,1,4,1,2,4,13
"3110",3,2,6,1,1,14,2,2,4,1,1,14,1,2,1,0,1,0,0,2,1,2,3,6,14
"3111",4,8,6,3,7,14,7,2,6,1,1,14,2,6,6,1,6,1,0,6,6,1,1,14,25
"3112",5,9,6,3,7,14,11,8,6,3,7,14,7,1,0,0,1,4,2,1,4,1,3,15,29
"3113",6,9,7,3,9,14,11,9,6,3,7,14,11,1,2,0,2,0,0,1,2,2,1,16,31
"3114",7,9,11,3,12,14,11,9,7,3,9,14,11,4,2,3,2,3,0,4,3,2,1,20,34
"3115",8,9,11,5,12,20,16,9,11,3,12,14,11,2,0,0,2,6,5,2,6,3,2,22,45
"3116",9,14,11,5,14,20,16,9,11,5,12,20,16,2,5,0,2,0,0,5,2,1,1,27,47
"3117",10,18,11,5,16,20,16,14,11,5,14,20,16,2,3,4,2,3,0,4,2,1,1,31,49
"3118",11,21,11,5,18,20,16,18,11,5,16,20,16,3,0,0,2,5,1,3,2,1,1,34,51
"3119",12,21,11,5,18,20,16,21,11,5,18,20,16,5,1,0,NA,0,0,0,0,0,0,34,51
"3120",0,0,0,0,0,0,0,0,0,0,0,0,0,0,0,0,0,0,0,0,0,0,0,0,0
"3121",1,7,1,3,4,1,1,1,1,1,1,1,1,6,4,3,4,3,0,6,3,1,1,8,3
"3122",2,7,1,7,4,2,1,7,1,3,4,1,1,4,0,0,6,1,2,4,1,3,2,12,4
"3123",3,7,7,11,6,2,1,7,1,7,4,2,1,6,2,0,2,0,0,6,2,2,1,22,6
"3124",4,13,9,11,6,3,1,7,7,11,6,2,1,6,4,1,4,1,0,6,1,1,2,30,7
"3125",5,13,9,15,8,3,1,13,9,11,6,3,1,4,0,0,2,2,3,4,2,3,1,34,9
"3126",6,13,11,15,8,6,1,13,9,15,8,3,1,2,3,0,3,0,0,2,3,2,2,36,12
"3127",7,15,11,15,9,6,1,13,11,15,8,6,1,1,2,2,1,2,0,2,1,1,1,38,13
"3128",8,15,11,17,11,12,1,15,11,15,9,6,1,2,0,0,5,6,4,2,6,3,2,40,21
"3129",9,15,15,17,11,17,1,15,11,17,11,12,1,5,4,0,5,0,0,4,5,2,2,44,26
"3130",10,15,20,17,15,17,1,15,15,17,11,17,1,4,5,2,4,2,0,5,4,2,1,49,30
"3131",11,15,20,19,15,19,1,15,20,17,15,17,1,2,0,0,2,1,2,2,2,3,2,51,32
"3132",12,15,20,19,15,19,1,15,20,19,15,19,1,1,2,0,NA,0,0,0,0,0,0,51,32
"3133",0,0,0,0,0,0,0,0,0,0,0,0,0,0,0,0,0,0,0,0,0,0,0,0,0
"3134",1,6,1,7,1,1,5,1,1,1,1,1,1,6,1,4,1,4,0,6,4,3,3,11,4
"3135",2,6,1,8,1,4,11,6,1,7,1,1,5,1,0,0,5,4,6,1,6,3,3,12,13
"3136",3,6,1,13,5,4,11,6,1,8,1,4,11,5,4,0,4,0,0,5,4,3,1,17,17
"3137",4,6,1,1,8,5,11,6,1,13,5,4,11,3,6,2,3,2,0,6,3,3,1,5,21
"3138",5,8,1,1,8,17,16,6,1,1,8,5,11,2,0,0,4,4,6,2,6,1,2,7,38
"3139",6,12,1,1,8,21,16,8,1,1,8,17,16,4,4,0,4,0,0,4,4,1,2,11,42
"3140",7,12,2,1,12,21,16,12,1,1,8,21,16,1,5,4,5,4,0,1,4,2,1,12,46
"3141",8,12,2,6,12,21,17,12,2,1,12,21,16,5,0,0,2,1,2,5,1,3,3,17,47
"3142",9,12,4,6,14,21,17,12,2,6,12,21,17,2,2,0,2,0,0,2,2,2,1,19,49
"3143",10,23,4,6,19,21,17,12,4,6,14,21,17,6,5,3,5,3,0,6,5,1,1,30,54
"3144",11,26,4,6,21,21,17,23,4,6,19,21,17,3,0,0,2,4,4,3,2,1,1,33,56
"3145",12,26,4,6,21,21,17,26,4,6,21,21,17,4,4,0,NA,0,0,0,0,0,0,33,56
"3146",0,0,0,0,0,0,0,0,0,0,0,0,0,0,0,0,0,0,0,0,0,0,0,0,0
"3147",1,1,1,9,5,1,1,1,1,1,1,1,1,4,3,6,4,3,0,6,4,3,1,8,4
"3148",2,1,4,9,5,4,1,1,1,9,5,1,1,3,0,0,3,1,6,3,3,2,2,11,7
"3149",3,1,10,12,5,4,2,1,4,9,5,4,1,1,6,0,1,0,0,6,1,2,3,20,8
"3150",4,11,10,12,5,8,2,1,10,12,5,4,2,4,6,1,4,1,0,6,4,1,2,30,12
"3151",5,11,11,12,5,12,2,11,10,12,5,8,2,1,0,0,4,6,3,1,4,2,2,31,16
"3152",6,11,15,18,8,12,2,11,11,12,5,12,2,6,3,0,3,0,0,6,3,3,1,41,19
"3153",7,12,15,18,8,14,2,11,15,18,8,12,2,2,1,2,2,2,0,1,2,1,2,42,21
"3154",8,14,15,18,8,19,2,12,15,18,8,14,2,2,0,0,5,2,2,2,5,1,2,44,26
"3155",9,16,15,18,8,21,2,14,15,18,8,19,2,2,2,0,2,0,0,2,2,1,2,46,28
"3156",10,16,16,18,14,25,2,16,15,18,8,21,2,1,6,2,6,2,0,1,6,2,1,47,38
"3157",11,16,18,18,14,28,2,16,16,18,14,25,2,2,0,0,6,3,2,2,3,2,2,49,41
"3158",12,16,18,18,14,28,2,16,18,18,14,28,2,6,2,0,NA,0,0,0,0,0,0,49,41
"3159",0,0,0,0,0,0,0,0,0,0,0,0,0,0,0,0,0,0,0,0,0,0,0,0,0
"3160",1,1,1,6,1,1,2,1,1,1,1,1,1,1,2,5,1,2,0,5,1,3,3,5,1
"3161",2,1,1,8,1,1,6,1,1,6,1,1,2,2,0,0,4,4,2,2,4,3,3,7,5
"3162",3,1,3,8,1,5,6,1,1,8,1,1,6,4,2,0,4,0,0,2,4,2,2,9,9
"3163",4,1,7,8,1,8,6,1,3,8,1,5,6,3,1,4,3,1,0,4,3,2,2,13,12
"3164",5,2,7,8,1,13,6,1,7,8,1,8,6,1,0,0,5,1,2,1,5,1,2,14,17
"3165",6,2,7,10,2,13,6,2,7,8,1,13,6,1,2,0,1,0,0,2,1,3,1,16,18
"3166",7,2,7,15,14,13,6,2,7,10,2,13,6,6,5,2,6,2,0,5,6,3,1,21,30
"3167",8,2,7,17,14,13,14,2,7,15,14,13,6,2,0,0,6,4,2,2,6,3,3,23,38
"3168",9,2,7,21,14,15,14,2,7,17,14,13,14,4,2,0,2,0,0,4,2,3,2,27,40
"3169",10,1,7,31,20,18,20,2,7,21,14,15,14,6,4,6,4,6,0,6,6,3,1,36,55
"3170",11,1,7,35,20,18,24,1,7,31,20,18,20,4,0,0,2,4,6,4,4,3,3,40,59
"3171",12,1,7,35,20,18,24,1,7,35,20,18,24,2,6,0,NA,0,0,0,0,0,0,40,59
"3172",0,0,0,0,0,0,0,0,0,0,0,0,0,0,0,0,0,0,0,0,0,0,0,0,0
"3173",1,3,1,7,1,1,5,1,1,1,1,1,1,4,6,5,4,5,0,6,4,3,3,8,4
"3174",2,3,6,7,6,1,5,3,1,7,1,1,5,5,0,0,4,2,5,5,5,2,1,13,9
"3175",3,3,10,7,6,1,7,3,6,7,6,1,5,4,2,0,2,0,0,4,2,2,3,17,11
"3176",4,3,15,7,6,1,12,3,10,7,6,1,7,5,4,5,4,5,0,5,5,2,3,22,16
"3177",5,3,19,7,6,1,15,3,15,7,6,1,12,4,0,0,2,3,6,4,3,2,3,26,19
"3178",6,9,19,12,6,1,17,3,19,7,6,1,15,2,6,0,2,0,0,6,2,1,3,37,21
"3179",7,15,19,14,6,1,18,9,19,12,6,1,17,1,1,6,1,1,0,6,1,1,3,45,22
"3180",8,15,19,15,6,1,21,15,19,14,6,1,18,1,0,0,1,2,3,1,3,3,3,46,25
"3181",9,16,19,15,6,1,23,15,19,15,6,1,21,1,2,0,2,0,0,1,2,1,3,47,27
"3182",10,17,19,15,8,1,23,16,19,15,6,1,23,1,2,2,2,2,0,1,2,1,1,48,29
"3183",11,17,19,17,8,2,23,17,19,15,8,1,23,2,0,0,6,1,4,2,1,3,2,50,30
"3184",12,17,19,17,8,2,23,17,19,17,8,2,23,6,4,0,NA,0,0,0,0,0,0,50,30
"3185",0,0,0,0,0,0,0,0,0,0,0,0,0,0,0,0,0,0,0,0,0,0,0,0,0
"3186",1,3,1,7,1,4,1,1,1,1,1,1,1,3,3,6,3,3,0,6,3,3,2,8,3
"3187",2,6,1,7,1,11,1,3,1,7,1,4,1,3,0,0,1,6,3,3,6,1,2,11,10
"3188",3,9,1,7,1,12,1,6,1,7,1,11,1,1,3,0,1,0,0,3,1,1,2,14,11
"3189",4,9,5,7,1,18,8,9,1,7,1,12,1,4,6,1,6,1,0,4,6,2,2,18,24
"3190",5,9,6,7,1,19,8,9,5,7,1,18,8,1,0,0,6,6,1,1,1,2,2,19,25
"3191",6,18,6,1,1,35,8,9,6,7,1,19,8,6,6,0,6,0,0,6,6,1,2,22,41
"3192",7,18,11,1,7,38,8,18,6,1,1,35,8,5,6,1,6,1,0,5,6,2,1,27,50
"3193",8,18,12,1,9,38,8,18,11,1,7,38,8,1,0,0,2,2,4,1,2,2,1,28,52
"3194",9,18,14,1,13,38,8,18,12,1,9,38,8,2,4,0,4,0,0,2,4,2,1,30,56
"3195",10,18,16,1,18,39,14,18,14,1,13,38,8,2,6,5,6,5,0,2,6,2,3,32,106
"3196",11,23,16,1,19,39,14,18,16,1,18,39,14,5,0,0,1,3,3,5,1,1,1,37,107
"3197",12,23,16,1,19,39,14,23,16,1,19,39,14,3,3,0,NA,0,0,0,0,0,0,37,107
"3198",0,0,0,0,0,0,0,0,0,0,0,0,0,0,0,0,0,0,0,0,0,0,0,0,0
"3199",1,1,5,1,1,1,5,1,1,1,1,1,1,4,4,3,4,3,0,4,4,2,3,4,4
"3200",2,1,8,1,1,1,13,1,5,1,1,1,5,3,0,0,4,5,6,3,6,2,3,7,12
"3201",3,1,8,6,1,5,13,1,8,1,1,1,13,4,5,0,4,0,0,5,4,3,2,12,16
"3202",4,1,8,9,1,5,14,1,8,6,1,5,13,3,1,1,1,1,0,3,1,3,3,15,17
"3203",5,1,8,10,1,10,14,1,8,9,1,5,14,1,0,0,4,5,4,1,5,3,2,16,22
"3204",6,1,12,10,1,10,18,1,8,10,1,10,14,4,4,0,4,0,0,4,4,2,3,20,26
"3205",7,1,14,10,7,12,18,1,12,10,1,10,18,2,6,2,6,2,0,2,6,2,1,22,34
"3206",8,1,16,10,12,12,18,1,14,10,7,12,18,2,0,0,1,5,2,2,5,2,1,24,39
"3207",9,1,17,10,12,12,20,1,16,10,12,12,18,1,2,0,2,0,0,1,2,2,3,25,41
"3208",10,5,29,10,12,18,22,1,17,10,12,12,20,2,6,6,2,6,0,6,6,2,2,41,49
"3209",11,7,29,10,21,18,22,5,29,10,12,18,22,2,0,0,1,5,6,2,6,1,1,43,58
"3210",12,7,29,10,21,18,22,7,29,10,21,18,22,1,5,0,NA,0,0,0,0,0,0,43,58
"3211",0,0,0,0,0,0,0,0,0,0,0,0,0,0,0,0,0,0,0,0,0,0,0,0,0
"3212",1,4,1,7,1,4,1,1,1,1,1,1,1,6,2,3,2,3,0,6,3,3,2,9,3
"3213",2,4,1,9,1,4,6,4,1,7,1,4,1,2,0,0,4,5,5,2,5,3,3,11,8
"3214",3,4,6,9,1,4,10,4,1,9,1,4,6,4,5,0,4,0,0,5,4,2,3,16,12
"3215",4,4,9,9,1,4,21,4,6,9,1,4,10,6,3,2,6,2,0,3,6,2,3,19,23
"3216",5,4,1,11,1,4,32,4,9,9,1,4,21,2,0,0,3,6,2,2,6,3,3,13,34
"3217",6,4,5,14,1,4,3,4,1,11,1,4,32,3,2,0,2,0,0,3,2,3,3,20,5
"3218",7,5,5,14,1,7,3,4,5,14,1,4,3,1,3,1,3,1,0,1,3,1,2,21,8
"3219",8,5,6,14,3,7,3,5,5,14,1,7,3,1,0,0,2,3,1,1,2,2,1,22,10
"3220",9,5,7,14,3,10,3,5,6,14,3,7,3,3,1,0,3,0,0,1,3,2,2,23,13
"3221",10,10,7,14,3,14,3,5,7,14,3,10,3,4,5,3,4,3,0,5,4,1,2,28,17
"3222",11,13,7,14,3,19,3,10,7,14,3,14,3,3,0,0,6,2,5,3,5,1,2,31,22
"3223",12,13,7,14,3,19,3,13,7,14,3,19,3,6,2,0,NA,0,0,0,0,0,0,31,22
"3224",0,0,0,0,0,0,0,0,0,0,0,0,0,0,0,0,0,0,0,0,0,0,0,0,0
"3225",1,1,6,1,1,1,8,1,1,1,1,1,1,6,3,5,6,3,0,5,6,2,3,5,7
"3226",2,1,9,1,5,1,8,1,6,1,1,1,8,3,0,0,4,4,3,3,4,2,1,8,11
"3227",3,1,9,4,5,1,12,1,9,1,5,1,8,4,3,0,4,0,0,3,4,3,3,11,15
"3228",4,1,9,5,5,1,13,1,9,4,5,1,12,1,1,1,1,1,0,1,1,3,3,12,16
"3229",5,1,9,6,5,4,13,1,9,5,5,1,13,1,0,0,1,3,2,1,3,3,2,13,19
"3230",6,3,9,6,5,5,13,1,9,6,5,4,13,1,2,0,1,0,0,2,1,1,2,15,20
"3231",7,3,9,10,11,10,13,3,9,6,5,5,13,4,6,3,6,3,0,4,6,3,1,19,31
"3232",8,3,12,10,13,10,13,3,9,10,11,10,13,3,0,0,2,2,1,3,2,2,1,22,33
"3233",9,3,12,12,13,10,14,3,12,10,13,10,13,2,1,0,1,0,0,2,1,3,3,24,34
"3234",10,6,12,12,17,10,14,3,12,12,13,10,14,3,4,1,4,1,0,3,4,1,1,27,38
"3235",11,7,12,12,23,14,14,6,12,12,17,10,14,1,0,0,1,3,6,1,6,1,1,28,48
"3236",12,7,12,12,23,14,14,7,12,12,23,14,14,1,3,0,NA,0,0,0,0,0,0,28,48
"3237",0,0,0,0,0,0,0,0,0,0,0,0,0,0,0,0,0,0,0,0,0,0,0,0,0
"3238",1,2,1,1,1,5,1,1,1,1,1,1,1,2,4,1,2,4,0,1,4,1,2,1,4
"3239",2,4,1,1,1,5,4,2,1,1,1,5,1,2,0,0,1,3,5,2,3,1,3,3,7
"3240",3,4,6,1,2,5,4,4,1,1,1,5,4,1,5,0,1,0,0,5,1,2,1,8,8
"3241",4,9,6,7,5,5,4,4,6,1,2,5,4,1,6,3,1,3,0,6,3,3,1,19,11
"3242",5,9,6,8,5,6,4,9,6,7,5,5,4,1,0,0,3,1,2,1,1,3,2,20,12
"3243",6,9,6,11,5,6,6,9,6,8,5,6,4,3,2,0,2,0,0,3,2,3,3,23,14
"3244",7,9,6,15,5,12,14,9,6,11,5,6,6,6,4,6,6,6,0,4,6,3,3,27,28
"3245",8,9,12,20,5,12,17,9,6,15,5,12,14,6,0,0,3,4,2,6,3,2,3,38,31
"3246",9,9,16,20,5,12,19,9,12,20,5,12,17,4,2,0,2,0,0,4,2,2,3,42,33
"3247",10,13,16,20,5,16,19,9,16,20,5,12,19,4,4,2,4,2,0,4,4,1,2,46,37
"3248",11,13,16,22,5,16,22,13,16,20,5,16,19,2,0,0,3,6,1,2,3,3,3,48,40
"3249",12,13,16,22,5,16,22,13,16,22,5,16,22,6,1,0,NA,0,0,0,0,0,0,48,40
"3250",0,0,0,0,0,0,0,0,0,0,0,0,0,0,0,0,0,0,0,0,0,0,0,0,0
"3251",1,5,1,1,1,3,1,1,1,1,1,1,1,2,1,4,2,1,0,4,2,1,2,4,2
"3252",2,5,1,2,1,8,1,5,1,1,1,3,1,1,0,0,4,4,5,1,5,3,2,5,7
"3253",3,5,1,6,1,8,5,5,1,2,1,8,1,4,4,0,4,0,0,4,4,3,3,9,11
"3254",4,5,4,6,1,10,5,5,1,6,1,8,5,2,1,3,2,1,0,3,2,2,2,12,13
"3255",5,5,4,7,1,15,5,5,4,6,1,10,5,1,0,0,4,2,5,1,5,3,2,13,18
"3256",6,5,8,7,3,15,5,5,4,7,1,15,5,4,2,0,2,0,0,4,2,2,1,17,20
"3257",7,13,8,7,3,17,5,5,8,7,3,15,5,2,2,6,2,2,0,6,2,1,2,25,22
"3258",8,13,10,7,3,21,5,13,8,7,3,17,5,2,0,0,4,1,4,2,4,2,2,27,26
"3259",9,13,10,11,3,21,6,13,10,7,3,21,5,1,4,0,1,0,0,4,1,3,3,31,27
"3260",10,17,10,11,6,21,6,13,10,11,3,21,6,1,4,3,1,3,0,4,3,1,1,35,30
"3261",11,17,10,12,8,21,6,17,10,11,6,21,6,1,0,0,2,3,1,1,2,3,1,36,32
"3262",12,17,10,12,8,21,6,17,10,12,8,21,6,3,1,0,NA,0,0,0,0,0,0,36,32
"3263",0,0,0,0,0,0,0,0,0,0,0,0,0,0,0,0,0,0,0,0,0,0,0,0,0
"3264",1,1,1,5,1,6,1,1,1,1,1,1,1,5,2,4,5,2,0,4,5,3,2,4,5
"3265",2,3,1,5,3,6,1,1,1,5,1,6,1,2,0,0,2,3,1,2,2,1,1,6,7
"3266",3,6,1,5,4,6,1,3,1,5,3,6,1,3,1,0,1,0,0,3,1,1,1,9,8
"3267",4,11,1,5,4,6,6,6,1,5,4,6,1,5,5,2,5,2,0,5,5,1,3,14,13
"3268",5,11,3,5,4,9,6,11,1,5,4,6,6,2,0,0,5,4,3,2,3,2,2,16,16
"3269",6,11,8,5,4,13,6,11,3,5,4,9,6,5,4,0,4,0,0,5,4,2,2,21,20
"3270",7,11,14,8,4,13,10,11,8,5,4,13,6,1,6,4,1,4,0,6,4,2,3,30,24
"3271",8,12,14,8,4,13,15,11,14,8,4,13,10,1,0,0,4,5,6,1,5,1,3,31,29
"3272",9,12,17,14,8,13,15,12,14,8,4,13,15,4,6,0,4,0,0,6,4,3,1,40,33
"3273",10,18,23,16,8,13,18,12,17,14,8,13,15,6,3,1,3,1,0,6,3,1,3,54,36
"3274",11,19,23,16,9,13,18,18,23,16,8,13,18,1,0,0,2,6,1,1,1,1,1,55,37
"3275",12,19,23,16,9,13,18,19,23,16,9,13,18,2,6,0,NA,0,0,0,0,0,0,55,37
"3276",0,0,0,0,0,0,0,0,0,0,0,0,0,0,0,0,0,0,0,0,0,0,0,0,0
"3277",1,1,2,1,3,1,1,1,1,1,1,1,1,1,2,1,2,1,0,1,2,2,1,1,2
"3278",2,1,3,1,3,1,13,1,2,1,3,1,1,1,0,0,5,5,6,1,6,2,3,2,14
"3279",3,1,8,1,3,1,18,1,3,1,3,1,13,5,5,0,5,0,0,5,5,2,3,7,19
"3280",4,1,8,5,12,1,18,1,8,1,3,1,18,4,2,6,2,6,0,4,6,3,1,11,28
"3281",5,1,10,5,12,6,18,1,8,5,12,1,18,2,0,0,5,5,4,2,5,2,2,13,33
"3282",6,1,10,10,12,10,18,1,10,5,12,6,18,5,4,0,4,0,0,5,4,3,2,18,37
"3283",7,1,15,10,12,13,18,1,10,10,12,10,18,5,3,3,3,3,0,5,3,2,2,23,40
"3284",8,1,18,10,18,15,18,1,15,10,12,13,18,3,0,0,6,3,2,3,6,2,1,26,48
"3285",9,1,20,10,18,18,18,1,18,10,18,15,18,3,2,0,3,0,0,2,3,2,2,28,51
"3286",10,1,21,10,18,18,22,1,20,10,18,18,18,4,5,1,4,5,0,1,4,2,3,29,55
"3287",11,6,21,10,23,18,22,1,21,10,18,18,22,5,0,0,5,6,2,5,5,1,1,34,60
"3288",12,6,21,10,23,18,22,6,21,10,23,18,22,6,2,0,NA,0,0,0,0,0,0,34,60
"3289",0,0,0,0,0,0,0,0,0,0,0,0,0,0,0,0,0,0,0,0,0,0,0,0,0
"3290",1,3,1,1,1,5,1,1,1,1,1,1,1,2,4,3,4,3,0,2,4,1,2,2,4
"3291",2,3,1,4,7,7,1,3,1,1,1,5,1,3,0,0,6,6,4,3,6,3,1,5,12
"3292",3,9,1,9,11,7,1,3,1,4,7,7,1,6,4,0,4,0,0,6,4,1,1,16,16
"3293",4,9,1,11,11,8,1,9,1,9,11,7,1,1,2,1,1,1,0,2,1,3,2,18,17
"3294",5,9,2,11,11,12,1,9,1,11,11,8,1,1,0,0,3,4,2,1,4,2,2,19,21
"3295",6,9,2,13,11,12,4,9,2,11,11,12,1,3,2,0,3,0,0,2,3,3,3,21,24
"3296",7,9,2,16,14,12,4,9,2,13,11,12,4,3,1,3,1,3,0,3,3,3,1,24,27
"3297",8,9,3,16,14,12,8,9,2,16,14,12,4,1,0,0,4,3,3,1,4,2,3,25,31
"3298",9,9,3,19,14,12,11,9,3,16,14,12,8,3,3,0,3,0,0,3,3,3,3,28,34
"3299",10,9,3,24,14,17,17,9,3,19,14,12,11,5,6,4,6,4,0,5,6,3,3,33,45
"3300",11,9,3,28,17,17,17,9,3,24,14,17,17,4,0,0,3,1,3,4,3,3,1,37,48
"3301",12,9,3,28,17,17,17,9,3,28,17,17,17,1,3,0,NA,0,0,0,0,0,0,37,48
"3302",0,0,0,0,0,0,0,0,0,0,0,0,0,0,0,0,0,0,0,0,0,0,0,0,0
"3303",1,6,1,1,1,1,5,1,1,1,1,1,1,5,1,4,1,4,0,5,4,1,3,5,4
"3304",2,6,1,2,1,1,10,6,1,1,1,1,5,1,0,0,5,2,4,1,5,3,3,6,9
"3305",3,6,5,2,3,1,10,6,1,2,1,1,10,2,4,0,2,0,0,4,2,2,1,10,11
"3306",4,10,11,2,3,6,10,6,5,2,3,1,10,6,2,5,2,5,0,6,5,2,2,20,16
"3307",5,12,11,2,3,6,13,10,11,2,3,6,10,2,0,0,3,1,2,2,3,1,3,22,19
"3308",6,12,13,2,3,7,13,12,11,2,3,6,13,1,2,0,1,0,0,2,1,2,2,24,20
"3309",7,12,15,8,5,7,13,12,13,2,3,7,13,2,2,6,2,2,0,6,2,3,1,32,22
"3310",8,14,15,8,5,7,16,12,15,8,5,7,13,2,0,0,1,1,3,2,3,1,3,34,25
"3311",9,15,15,8,5,8,16,14,15,8,5,7,16,1,1,0,1,0,0,1,1,1,2,35,26
"3312",10,15,20,8,5,8,19,15,15,8,5,8,16,5,3,3,3,3,0,5,3,2,3,40,29
"3313",11,18,20,8,5,8,23,15,20,8,5,8,19,3,0,0,4,6,3,3,4,1,3,43,33
"3314",12,18,20,8,5,8,23,18,20,8,5,8,23,6,3,0,NA,0,0,0,0,0,0,43,33
"3315",0,0,0,0,0,0,0,0,0,0,0,0,0,0,0,0,0,0,0,0,0,0,0,0,0
"3316",1,7,3,1,6,1,1,1,1,1,1,1,1,5,2,6,5,2,0,6,5,1,1,8,5
"3317",2,7,3,3,9,1,1,7,3,1,6,1,1,2,0,0,6,3,1,2,3,3,1,10,8
"3318",3,11,3,9,9,1,2,7,3,3,9,1,1,6,1,0,1,0,0,6,1,3,3,20,9
"3319",4,15,3,9,13,1,2,11,3,9,9,1,2,4,4,2,4,2,0,4,4,1,1,24,13
"3320",5,15,3,11,16,1,2,15,3,9,13,1,2,2,0,0,5,4,3,2,3,3,1,26,16
"3321",6,15,8,11,20,1,2,15,3,11,16,1,2,5,4,0,4,0,0,5,4,2,1,31,20
"3322",7,15,10,11,23,1,2,15,8,11,20,1,2,2,1,3,1,3,0,2,3,2,1,33,23
"3323",8,16,10,11,26,1,2,15,10,11,23,1,2,1,0,0,3,4,2,1,3,1,1,34,26
"3324",9,18,10,11,26,5,2,16,10,11,26,1,2,4,2,0,4,0,0,2,4,1,2,36,30
"3325",10,18,19,17,30,5,2,18,10,11,26,5,2,6,3,4,3,4,0,6,4,3,1,51,34
"3326",11,18,22,17,30,5,6,18,19,17,30,5,2,3,0,0,4,4,3,3,4,2,3,54,38
"3327",12,18,22,17,30,5,6,18,22,17,30,5,6,4,3,0,NA,0,0,0,0,0,0,54,38
"3328",0,0,0,0,0,0,0,0,0,0,0,0,0,0,0,0,0,0,0,0,0,0,0,0,0
"3329",1,1,1,4,9,1,1,1,1,1,1,1,1,4,3,6,4,6,0,3,6,3,1,3,8
"3330",2,1,1,8,16,1,1,1,1,4,9,1,1,4,0,0,6,1,4,4,6,3,1,7,15
"3331",3,5,1,8,17,1,1,1,1,8,16,1,1,1,4,0,1,0,0,4,1,1,1,11,16
"3332",4,5,1,11,17,3,1,5,1,8,17,1,1,3,2,3,2,3,0,3,2,3,2,14,18
"3333",5,8,1,11,24,3,7,5,1,11,17,3,1,3,0,0,3,6,6,3,6,1,3,17,31
"3334",6,8,1,17,39,8,7,8,1,11,24,3,7,3,6,0,3,0,0,6,3,2,1,23,89
"3335",7,12,1,17,39,13,7,8,1,17,39,8,7,5,1,4,5,1,0,4,5,1,2,27,94
"3336",8,13,1,17,39,17,7,12,1,17,39,13,7,1,0,0,4,3,5,1,4,1,2,28,98
"3337",9,16,1,17,39,17,12,13,1,17,39,17,7,3,5,0,5,0,0,3,5,1,3,31,103
"3338",10,25,1,17,39,20,12,16,1,17,39,17,12,6,3,2,3,2,0,6,3,1,2,40,106
"3339",11,27,1,17,39,23,12,25,1,17,39,20,12,2,0,0,3,1,5,2,3,1,2,42,109
"3340",12,27,1,17,39,23,12,27,1,17,39,23,12,1,5,0,NA,0,0,0,0,0,0,42,109
"3341",0,0,0,0,0,0,0,0,0,0,0,0,0,0,0,0,0,0,0,0,0,0,0,0,0
"3342",1,1,7,4,1,1,4,1,1,1,1,1,1,6,2,3,2,3,0,6,3,2,3,9,3
"3343",2,3,7,4,6,1,4,1,7,4,1,1,4,2,0,0,3,5,5,2,5,1,1,11,8
"3344",3,3,7,9,6,1,7,3,7,4,6,1,4,3,5,0,3,0,0,5,3,3,3,16,11
"3345",4,3,7,13,6,1,9,3,7,9,6,1,7,1,2,4,1,2,0,4,2,3,3,20,13
"3346",5,3,7,14,9,7,9,3,7,13,6,1,9,1,0,0,4,3,6,1,6,3,2,21,22
"3347",6,7,7,14,12,7,9,3,7,14,9,7,9,4,3,0,3,0,0,4,3,1,1,25,25
"3348",7,19,11,14,18,7,13,7,7,14,12,7,9,6,6,5,6,5,0,6,6,1,1,41,35
"3349",8,24,11,14,21,7,13,19,11,14,18,7,13,5,0,0,6,1,3,5,3,1,1,46,38
"3350",9,24,15,20,22,7,13,24,11,14,21,7,13,6,1,0,1,0,0,6,1,3,1,56,39
"3351",10,24,15,24,25,7,13,24,15,20,22,7,13,3,4,4,3,4,0,4,3,3,1,60,42
"3352",11,24,19,24,25,7,16,24,15,24,25,7,13,4,0,0,2,1,3,4,3,2,3,64,45
"3353",12,24,19,24,25,7,16,24,19,24,25,7,16,2,1,0,NA,0,0,0,0,0,0,64,45
"3354",0,0,0,0,0,0,0,0,0,0,0,0,0,0,0,0,0,0,0,0,0,0,0,0,0
"3355",1,7,1,6,1,6,1,1,1,1,1,1,1,6,1,5,1,5,0,6,5,1,2,11,5
"3356",2,7,2,6,1,17,1,7,1,6,1,6,1,1,0,0,6,1,1,1,6,2,2,12,16
"3357",3,8,2,6,2,17,1,7,2,6,1,17,1,1,1,0,1,0,0,1,1,1,1,13,17
"3358",4,8,16,6,3,17,1,8,2,6,2,17,1,6,1,1,1,1,0,6,1,2,1,27,18
"3359",5,8,16,7,3,20,1,8,16,6,3,17,1,1,0,0,3,1,3,1,3,3,2,28,21
"3360",6,8,19,7,4,20,1,8,16,7,3,20,1,1,3,0,1,0,0,3,1,2,1,31,22
"3361",7,1,1,13,4,37,5,8,19,7,4,20,1,4,6,6,4,6,0,6,4,3,3,12,43
"3362",8,1,3,19,9,39,11,1,1,13,4,37,5,6,0,0,6,6,3,6,6,3,3,20,94
"3363",9,1,3,22,19,39,11,1,3,19,9,39,11,6,3,0,6,0,0,3,6,3,1,23,104
"3364",10,6,3,22,22,39,11,1,3,22,19,39,11,5,3,2,3,2,0,5,3,1,1,28,107
"3365",11,1,3,22,27,39,11,6,3,22,22,39,11,2,0,0,4,1,3,2,4,1,1,23,112
"3366",12,1,3,22,27,39,11,1,3,22,27,39,11,1,3,0,NA,0,0,0,0,0,0,23,112
"3367",0,0,0,0,0,0,0,0,0,0,0,0,0,0,0,0,0,0,0,0,0,0,0,0,0
"3368",1,6,1,1,5,1,1,1,1,1,1,1,1,4,5,4,4,4,0,5,4,1,1,5,4
"3369",2,10,1,1,5,6,1,6,1,1,5,1,1,4,0,0,1,5,3,4,5,1,2,9,9
"3370",3,10,1,4,5,7,1,10,1,1,5,6,1,1,3,0,1,0,0,3,1,3,2,12,10
"3371",4,10,1,9,7,7,7,10,1,4,5,7,1,3,5,6,3,6,0,5,6,3,3,17,18
"3372",5,10,4,9,7,7,12,10,1,9,7,7,7,3,0,0,5,3,3,3,5,2,3,20,23
"3373",6,13,4,9,7,7,15,10,4,9,7,7,12,3,3,0,3,0,0,3,3,1,3,23,26
"3374",7,17,4,9,7,12,15,13,4,9,7,7,15,5,1,4,5,1,0,4,5,1,2,27,31
"3375",8,17,4,10,7,16,15,17,4,9,7,12,15,1,0,0,4,6,6,1,4,3,2,28,35
"3376",9,17,9,16,8,22,15,17,4,10,7,16,15,6,6,0,6,0,0,6,6,3,2,39,42
"3377",10,22,9,16,10,22,15,17,9,16,8,22,15,2,1,5,2,1,0,5,2,1,1,44,44
"3378",11,22,10,16,26,22,15,22,9,16,10,22,15,1,0,0,5,6,4,1,6,2,1,45,60
"3379",12,22,10,16,26,22,15,22,10,16,26,22,15,5,4,0,NA,0,0,0,0,0,0,45,60
"3380",0,0,0,0,0,0,0,0,0,0,0,0,0,0,0,0,0,0,0,0,0,0,0,0,0
"3381",1,6,1,1,1,5,1,1,1,1,1,1,1,5,4,5,4,5,0,5,4,1,2,5,4
"3382",2,6,6,1,6,5,1,6,1,1,1,5,1,5,0,0,2,1,5,5,5,2,1,10,9
"3383",3,6,8,1,6,5,2,6,6,1,6,5,1,2,1,0,1,0,0,2,1,2,3,12,10
"3384",4,6,13,1,11,5,2,6,8,1,6,5,2,5,4,5,4,5,0,5,5,2,1,17,15
"3385",5,6,17,1,11,8,2,6,13,1,11,5,2,4,0,0,1,3,3,4,3,2,2,21,18
"3386",6,9,17,1,11,8,3,6,17,1,11,8,2,1,3,0,1,0,0,3,1,1,3,24,19
"3387",7,9,17,6,23,9,3,9,17,1,11,8,3,3,6,5,3,6,0,5,6,3,1,29,32
"3388",8,9,17,9,26,9,3,9,17,6,23,9,3,3,0,0,1,3,2,3,3,3,1,32,35
"3389",9,9,18,9,26,11,3,9,17,9,26,9,3,1,2,0,2,0,0,1,2,2,2,33,37
"3390",10,9,19,9,26,11,8,9,18,9,26,11,3,1,1,5,1,5,0,1,5,2,3,34,42
"3391",11,9,20,9,26,15,8,9,19,9,26,11,8,1,0,0,4,2,3,1,4,2,2,35,46
"3392",12,9,20,9,26,15,8,9,20,9,26,15,8,2,3,0,NA,0,0,0,0,0,0,35,46
"3393",0,0,0,0,0,0,0,0,0,0,0,0,0,0,0,0,0,0,0,0,0,0,0,0,0
"3394",1,1,3,1,1,8,1,1,1,1,1,1,1,3,2,6,3,6,0,2,6,2,2,2,7
"3395",2,1,6,1,1,8,9,1,3,1,1,8,1,3,0,0,2,6,5,3,6,2,3,5,15
"3396",3,6,6,1,1,8,11,1,6,1,1,8,9,2,5,0,2,0,0,5,2,1,3,10,17
"3397",4,10,6,1,12,8,11,6,6,1,1,8,11,1,4,6,1,6,0,4,6,1,1,14,28
"3398",5,10,6,2,12,12,11,10,6,1,12,8,11,1,0,0,3,4,3,1,4,3,2,15,32
"3399",6,10,6,5,12,15,11,10,6,2,12,12,11,3,3,0,3,0,0,3,3,3,2,18,35
"3400",7,13,6,5,12,15,16,10,6,5,12,15,11,3,5,2,5,2,0,3,5,1,3,21,40
"3401",8,15,6,5,17,15,16,13,6,5,12,15,16,2,0,0,5,3,1,2,5,1,1,23,45
"3402",9,18,6,5,18,15,16,15,6,5,17,15,16,3,1,0,1,0,0,3,1,1,1,26,46
"3403",10,20,6,5,21,15,16,18,6,5,18,15,16,3,2,2,3,2,0,2,3,1,1,28,49
"3404",11,20,8,5,24,15,16,20,6,5,21,15,16,2,0,0,3,3,3,2,3,2,1,30,52
"3405",12,20,8,5,24,15,16,20,8,5,24,15,16,3,3,0,NA,0,0,0,0,0,0,30,52
"3406",0,0,0,0,0,0,0,0,0,0,0,0,0,0,0,0,0,0,0,0,0,0,0,0,0
"3407",1,1,1,2,1,1,12,1,1,1,1,1,1,6,1,1,6,1,0,1,6,3,3,1,11
"3408",2,1,1,3,6,1,12,1,1,2,1,1,12,1,0,0,5,1,3,1,5,3,1,2,16
"3409",3,1,1,6,6,2,12,1,1,3,6,1,12,1,3,0,1,0,0,3,1,3,2,5,17
"3410",4,6,1,6,6,7,12,1,1,6,6,2,12,5,1,5,1,5,0,5,5,1,2,10,22
"3411",5,7,1,6,6,13,15,6,1,6,6,7,12,1,0,0,6,1,3,1,6,1,2,11,31
"3412",6,7,4,6,7,13,15,7,1,6,6,13,15,1,3,0,1,0,0,3,1,2,1,14,32
"3413",7,7,4,9,12,13,15,7,4,6,7,13,15,2,3,5,2,5,0,3,5,3,1,17,37
"3414",8,7,6,9,15,13,15,7,4,9,12,13,15,2,0,0,3,4,5,2,3,2,1,19,40
"3415",9,11,6,9,20,13,15,7,6,9,15,13,15,4,5,0,5,0,0,4,5,1,1,23,45
"3416",10,17,10,9,26,13,17,11,6,9,20,13,15,6,6,6,6,6,0,6,6,1,1,33,53
"3417",11,22,16,9,26,14,17,17,10,9,26,13,17,6,0,0,1,6,6,6,1,2,2,44,54
"3418",12,22,16,9,26,14,17,22,16,9,26,14,17,6,6,0,NA,0,0,0,0,0,0,44,54
"3419",0,0,0,0,0,0,0,0,0,0,0,0,0,0,0,0,0,0,0,0,0,0,0,0,0
"3420",1,3,1,1,1,1,6,1,1,1,1,1,1,3,5,2,3,5,0,2,5,1,3,2,5
"3421",2,3,4,1,5,1,6,3,1,1,1,1,6,3,0,0,2,4,2,3,4,2,1,5,9
"3422",3,3,4,3,5,1,8,3,4,1,5,1,6,2,2,0,2,0,0,2,2,3,3,7,11
"3423",4,3,4,13,5,1,12,3,4,3,5,1,8,6,4,1,4,1,0,6,4,3,3,17,15
"3424",5,3,4,14,5,6,18,3,4,13,5,1,12,1,0,0,6,3,2,1,6,3,3,18,26
"3425",6,3,7,14,5,6,20,3,4,14,5,6,18,3,2,0,2,0,0,3,2,2,3,21,28
"3426",7,3,7,18,11,7,20,3,7,14,5,6,20,4,6,5,6,5,0,4,6,3,1,25,35
"3427",8,3,12,18,11,12,20,3,7,18,11,7,20,5,0,0,5,1,2,5,5,2,2,30,40
"3428",9,5,12,18,11,13,20,3,12,18,11,12,20,1,2,0,1,0,0,2,1,1,2,32,41
"3429",10,5,15,18,11,14,20,5,12,18,11,13,20,3,2,1,2,1,0,3,1,2,2,35,42
"3430",11,7,15,18,18,14,20,5,15,18,11,14,20,2,0,0,6,2,2,2,6,1,1,37,49
"3431",12,7,15,18,18,14,20,7,15,18,18,14,20,2,2,0,NA,0,0,0,0,0,0,37,49
"3432",0,0,0,0,0,0,0,0,0,0,0,0,0,0,0,0,0,0,0,0,0,0,0,0,0
"3433",1,8,1,1,1,7,7,1,1,1,1,1,1,2,6,6,2,6,0,6,6,1,2,7,12
"3434",2,8,3,1,1,7,10,8,1,1,1,7,7,2,0,0,3,6,6,2,3,2,3,9,15
"3435",3,14,3,6,7,14,10,8,3,1,1,7,10,6,6,0,6,0,0,6,6,1,2,20,28
"3436",4,14,3,11,7,14,15,14,3,6,7,14,10,5,2,5,2,5,0,5,5,3,3,25,33
"3437",5,16,3,11,7,14,17,14,3,11,7,14,15,2,0,0,2,3,2,2,2,1,3,27,35
"3438",6,16,3,14,7,16,17,16,3,11,7,14,17,3,2,0,2,0,0,3,2,3,2,30,37
"3439",7,16,3,17,15,16,17,16,3,14,7,16,17,3,6,3,6,3,0,3,6,3,1,33,45
"3440",8,19,3,17,17,16,17,16,3,17,15,16,17,3,0,0,4,2,2,3,2,1,1,36,47
"3441",9,19,3,21,19,16,17,19,3,17,17,16,17,4,2,0,2,0,0,4,2,3,1,40,49
"3442",10,19,1,25,19,21,20,19,3,21,19,16,17,4,5,3,5,3,0,4,5,3,2,42,57
"3443",11,19,1,28,19,22,20,19,1,25,19,21,20,3,0,0,2,6,1,3,1,3,2,45,58
"3444",12,19,1,28,19,22,20,19,1,28,19,22,20,2,6,0,NA,0,0,0,0,0,0,45,58
"3445",0,0,0,0,0,0,0,0,0,0,0,0,0,0,0,0,0,0,0,0,0,0,0,0,0
"3446",1,1,4,1,3,1,1,1,1,1,1,1,1,3,1,2,1,2,0,3,2,2,1,3,2
"3447",2,1,4,2,8,1,7,1,4,1,3,1,1,1,0,0,6,1,2,1,6,3,3,4,13
"3448",3,2,4,2,8,1,9,1,4,2,8,1,7,1,2,0,2,0,0,1,2,1,3,5,15
"3449",4,7,4,2,10,1,9,2,4,2,8,1,9,1,5,2,1,2,0,5,2,1,1,10,17
"3450",5,7,5,2,10,5,15,7,4,2,10,1,9,1,0,0,6,4,5,1,6,2,3,11,27
"3451",6,7,10,2,10,9,15,7,5,2,10,5,15,4,5,0,4,0,0,5,4,2,2,16,31
"3452",7,12,10,2,15,15,15,7,10,2,10,9,15,5,1,6,1,6,0,5,6,1,2,21,42
"3453",8,12,11,2,19,15,15,12,10,2,15,15,15,1,0,0,1,5,4,1,4,2,1,22,46
"3454",9,12,12,2,24,15,15,12,11,2,19,15,15,1,5,0,5,0,0,1,5,2,1,23,51
"3455",10,13,12,6,1,21,19,12,12,2,24,15,15,4,2,6,2,6,0,4,6,3,2,28,38
"3456",11,13,14,6,2,21,19,13,12,6,1,21,19,2,0,0,1,1,5,2,1,2,1,30,39
"3457",12,13,14,6,2,21,19,13,14,6,2,21,19,1,5,0,NA,0,0,0,0,0,0,30,39
"3458",0,0,0,0,0,0,0,0,0,0,0,0,0,0,0,0,0,0,0,0,0,0,0,0,0
"3459",1,7,1,4,1,2,1,1,1,1,1,1,1,6,1,1,1,1,0,6,1,1,2,9,1
"3460",2,7,2,4,5,2,1,7,1,4,1,2,1,1,0,0,4,3,4,1,4,2,1,10,5
"3461",3,11,2,4,5,5,1,7,2,4,5,2,1,3,4,0,3,0,0,4,3,1,2,14,8
"3462",4,11,2,8,5,11,6,11,2,4,5,5,1,6,4,6,6,6,0,4,6,3,2,18,19
"3463",5,19,2,8,5,19,6,11,2,8,5,11,6,6,0,0,5,6,1,6,6,1,2,26,27
"3464",6,19,2,13,6,19,6,19,2,8,5,19,6,5,1,0,1,0,0,5,1,3,1,31,28
"3465",7,19,6,19,6,23,6,19,2,13,6,19,6,4,6,2,4,2,0,6,4,3,2,41,32
"3466",8,19,1,19,6,30,6,19,6,19,6,23,6,2,0,0,2,3,2,2,3,2,2,36,39
"3467",9,19,3,19,6,32,6,19,1,19,6,30,6,2,2,0,2,0,0,2,2,2,2,38,41
"3468",10,19,3,23,6,36,6,19,3,19,6,32,6,4,4,3,4,3,0,4,4,3,2,42,45
"3469",11,22,3,23,7,36,6,19,3,23,6,36,6,3,0,0,1,5,5,3,1,1,1,45,46
"3470",12,22,3,23,7,36,6,22,3,23,7,36,6,5,5,0,NA,0,0,0,0,0,0,45,46
"3471",0,0,0,0,0,0,0,0,0,0,0,0,0,0,0,0,0,0,0,0,0,0,0,0,0
"3472",1,1,1,6,1,1,6,1,1,1,1,1,1,3,5,5,3,5,0,5,5,3,3,5,5
"3473",2,4,1,6,1,6,6,1,1,6,1,1,6,3,0,0,4,4,5,3,5,1,2,8,10
"3474",3,4,5,6,1,6,10,4,1,6,1,6,6,4,4,0,4,0,0,4,4,2,3,12,14
"3475",4,4,10,6,1,9,10,4,5,6,1,6,10,5,3,2,3,2,0,5,3,2,2,17,17
"3476",5,4,12,6,12,9,10,4,10,6,1,9,10,2,0,0,2,6,2,2,6,2,1,19,28
"3477",6,4,12,8,12,11,10,4,12,6,12,9,10,2,2,0,2,0,0,2,2,3,2,21,30
"3478",7,4,16,8,12,14,10,4,12,8,12,11,10,3,2,4,3,2,0,4,3,2,2,25,33
"3479",8,6,16,8,12,15,16,4,16,8,12,14,10,2,0,0,1,6,1,2,6,1,3,27,40
"3480",9,7,16,8,12,15,17,6,16,8,12,15,16,1,1,0,1,0,0,1,1,1,3,28,41
"3481",10,7,17,8,15,15,17,7,16,8,12,15,17,3,1,2,3,2,0,1,3,2,1,29,44
"3482",11,9,17,8,18,15,17,7,17,8,15,15,17,2,0,0,3,6,1,2,3,1,1,31,47
"3483",12,9,17,8,18,15,17,9,17,8,18,15,17,6,1,0,NA,0,0,0,0,0,0,31,47
"3484",0,0,0,0,0,0,0,0,0,0,0,0,0,0,0,0,0,0,0,0,0,0,0,0,0
"3485",1,1,2,7,2,1,1,1,1,1,1,1,1,1,3,6,1,3,0,6,1,3,1,7,1
"3486",2,1,2,10,4,1,1,1,2,7,2,1,1,3,0,0,2,4,4,3,2,3,1,10,3
"3487",3,1,6,10,8,1,1,1,2,10,4,1,1,4,4,0,4,0,0,4,4,2,1,14,7
"3488",4,4,6,10,11,1,1,1,6,10,8,1,1,2,3,3,2,3,0,3,3,1,1,17,10
"3489",5,4,8,10,11,4,1,4,6,10,11,1,1,2,0,0,1,3,6,2,3,2,2,19,13
"3490",6,4,15,10,12,4,1,4,8,10,11,4,1,1,6,0,1,0,0,6,1,2,1,26,14
"3491",7,15,15,10,16,4,1,4,15,10,12,4,1,6,3,4,3,4,0,6,4,1,1,37,18
"3492",8,15,15,13,16,6,1,15,15,10,16,4,1,3,0,0,6,2,6,3,2,3,2,40,20
"3493",9,18,15,19,24,6,1,15,15,13,16,6,1,6,6,0,6,0,0,6,6,3,1,49,28
"3494",10,19,15,19,24,9,1,18,15,19,24,6,1,1,5,3,5,3,0,1,3,1,2,50,31
"3495",11,19,15,1,24,9,10,19,15,19,24,9,1,5,0,0,5,6,4,5,5,3,3,32,40
"3496",12,19,15,1,24,9,10,19,15,1,24,9,10,6,4,0,NA,0,0,0,0,0,0,32,40
"3497",0,0,0,0,0,0,0,0,0,0,0,0,0,0,0,0,0,0,0,0,0,0,0,0,0
"3498",1,6,7,1,1,5,1,1,1,1,1,1,1,6,4,4,4,4,0,6,4,2,2,11,4
"3499",2,6,7,5,1,10,1,6,7,1,1,5,1,4,0,0,5,6,3,4,5,3,2,15,9
"3500",3,6,7,15,1,13,1,6,7,5,1,10,1,6,3,0,3,0,0,6,3,3,2,25,12
"3501",4,9,7,15,1,17,1,6,7,15,1,13,1,3,4,3,4,3,0,3,4,1,2,28,16
"3502",5,12,7,15,1,17,3,9,7,15,1,17,1,3,0,0,1,2,1,3,2,1,3,31,18
"3503",6,12,7,16,1,18,3,12,7,15,1,17,3,1,1,0,1,0,0,1,1,3,2,32,19
"3504",7,12,15,16,1,23,3,12,7,16,1,18,3,5,6,2,5,2,0,6,5,2,2,40,24
"3505",8,14,15,16,1,24,3,12,15,16,1,23,3,2,0,0,1,1,2,2,1,1,2,42,25
"3506",9,16,15,16,1,25,3,14,15,16,1,24,3,1,2,0,1,0,0,2,1,1,2,44,26
"3507",10,16,19,16,1,27,3,16,15,16,1,25,3,2,4,4,2,4,0,4,2,2,2,48,28
"3508",11,16,19,20,1,29,3,16,19,16,1,27,3,4,0,0,4,2,5,4,2,3,2,52,30
"3509",12,16,19,20,1,29,3,16,19,20,1,29,3,4,5,0,NA,0,0,0,0,0,0,52,30
"3510",0,0,0,0,0,0,0,0,0,0,0,0,0,0,0,0,0,0,0,0,0,0,0,0,0
"3511",1,1,1,10,2,1,1,1,1,1,1,1,1,6,1,1,1,1,0,6,1,3,1,9,1
"3512",2,2,1,10,2,1,2,1,1,10,2,1,1,1,0,0,2,1,1,1,1,1,3,10,2
"3513",3,4,1,10,2,2,2,2,1,10,2,1,2,2,1,0,1,0,0,2,1,1,2,12,3
"3514",4,4,6,10,5,2,2,4,1,10,2,2,2,5,3,1,3,1,0,5,3,2,1,17,6
"3515",5,4,7,10,8,2,2,4,6,10,5,2,2,1,0,0,3,3,3,1,3,2,1,18,9
"3516",6,4,7,13,11,2,2,4,7,10,8,2,2,3,3,0,3,0,0,3,3,3,1,21,12
"3517",7,4,7,18,16,2,2,4,7,13,11,2,2,5,5,3,5,3,0,5,5,3,1,26,17
"3518",8,7,7,18,20,2,2,4,7,18,16,2,2,3,0,0,4,1,4,3,4,1,1,29,21
"3519",9,7,8,18,24,2,2,7,7,18,20,2,2,1,4,0,4,0,0,1,4,2,1,30,25
"3520",10,7,13,18,24,2,5,7,8,18,24,2,2,3,2,5,3,2,0,5,3,2,3,35,28
"3521",11,9,13,18,24,4,5,7,13,18,24,2,5,2,0,0,2,6,2,2,2,1,2,37,30
"3522",12,9,13,18,24,4,5,9,13,18,24,4,5,6,2,0,NA,0,0,0,0,0,0,37,30
"3523",0,0,0,0,0,0,0,0,0,0,0,0,0,0,0,0,0,0,0,0,0,0,0,0,0
"3524",1,1,5,1,1,5,1,1,1,1,1,1,1,4,3,4,3,4,0,4,4,2,2,4,4
"3525",2,4,5,1,1,7,1,1,5,1,1,5,1,3,0,0,2,2,3,3,2,1,2,7,6
"3526",3,4,5,4,1,7,3,4,5,1,1,7,1,2,3,0,2,0,0,3,2,3,3,10,8
"3527",4,4,5,6,1,12,3,4,5,4,1,7,3,1,2,5,1,5,0,2,5,3,2,12,13
"3528",5,4,5,7,1,12,5,4,5,6,1,12,3,1,0,0,2,1,1,1,2,3,3,13,15
"3529",6,5,5,7,1,13,5,4,5,7,1,12,5,1,1,0,1,0,0,1,1,1,2,14,16
"3530",7,8,5,7,1,13,9,5,5,7,1,13,5,1,4,3,1,4,0,3,4,1,3,17,20
"3531",8,8,5,8,1,15,9,8,5,7,1,13,9,1,0,0,2,2,2,1,2,3,2,18,22
"3532",9,8,5,10,3,15,9,8,5,8,1,15,9,2,2,0,2,0,0,2,2,3,1,20,24
"3533",10,13,5,10,6,15,9,8,5,10,3,15,9,3,3,5,3,3,0,5,3,1,1,25,27
"3534",11,16,5,10,17,15,9,13,5,10,6,15,9,3,0,0,1,6,4,3,6,1,1,28,38
"3535",12,16,5,10,17,15,9,16,5,10,17,15,9,1,4,0,NA,0,0,0,0,0,0,28,38
"3536",0,0,0,0,0,0,0,0,0,0,0,0,0,0,0,0,0,0,0,0,0,0,0,0,0
"3537",1,6,1,1,6,1,1,1,1,1,1,1,1,5,5,3,5,3,0,5,5,1,1,5,5
"3538",2,6,4,1,6,1,2,6,1,1,6,1,1,3,0,0,2,2,1,3,1,2,3,8,6
"3539",3,6,6,1,6,1,4,6,4,1,6,1,2,2,2,0,2,0,0,2,2,2,3,10,8
"3540",4,6,11,1,6,1,13,6,6,1,6,1,4,5,4,6,4,6,0,5,6,2,3,15,17
"3541",5,6,15,1,10,1,13,6,11,1,6,1,13,4,0,0,4,6,4,4,4,2,1,19,21
"3542",6,16,15,1,10,1,17,6,15,1,10,1,13,6,4,0,4,0,0,6,4,1,3,29,25
"3543",7,20,15,1,15,1,17,16,15,1,10,1,17,4,5,3,5,3,0,4,5,1,1,33,30
"3544",8,23,15,1,15,2,17,20,15,1,15,1,17,3,0,0,1,1,1,3,1,1,2,36,31
"3545",9,23,15,2,15,2,18,23,15,1,15,2,17,1,1,0,1,0,0,1,1,3,3,37,32
"3546",10,23,1,2,17,4,18,23,15,2,15,2,18,3,5,5,3,5,0,5,3,2,2,23,36
"3547",11,28,1,2,22,4,18,23,1,2,17,4,18,5,0,0,5,5,1,5,5,1,1,28,41
"3548",12,28,1,2,22,4,18,28,1,2,22,4,18,5,1,0,NA,0,0,0,0,0,0,28,41
"3549",0,0,0,0,0,0,0,0,0,0,0,0,0,0,0,0,0,0,0,0,0,0,0,0,0
"3550",1,1,1,5,1,3,1,1,1,1,1,1,1,1,4,2,1,2,0,4,2,3,2,4,2
"3551",2,1,1,6,1,7,1,1,1,5,1,3,1,1,0,0,4,4,2,1,4,3,2,5,6
"3552",3,1,1,8,1,11,1,1,1,6,1,7,1,4,2,0,4,0,0,2,4,3,2,7,10
"3553",4,1,7,18,4,11,1,1,1,8,1,11,1,6,3,2,3,2,0,6,3,3,1,23,13
"3554",5,3,7,18,4,15,1,1,7,18,4,11,1,2,0,0,1,4,2,2,4,1,2,25,17
"3555",6,3,9,18,4,16,1,3,7,18,4,15,1,1,2,0,1,0,0,2,1,2,2,27,18
"3556",7,8,9,18,4,19,1,3,9,18,4,16,1,3,5,1,3,1,0,5,3,1,2,32,21
"3557",8,8,9,19,4,23,1,8,9,18,4,19,1,1,0,0,3,2,4,1,4,3,2,33,25
"3558",9,8,12,19,4,25,1,8,9,19,4,23,1,3,2,0,2,0,0,3,2,2,2,36,27
"3559",10,19,12,19,4,29,1,8,12,19,4,25,1,4,6,1,4,1,0,6,4,1,2,47,31
"3560",11,19,12,1,7,29,2,19,12,19,4,29,1,1,0,0,3,5,1,1,1,3,3,29,35
"3561",12,19,12,1,7,29,2,19,12,1,7,29,2,3,5,0,NA,0,0,0,0,0,0,29,35
"3562",0,0,0,0,0,0,0,0,0,0,0,0,0,0,0,0,0,0,0,0,0,0,0,0,0
"3563",1,1,1,4,7,1,2,1,1,1,1,1,1,6,3,3,6,3,0,3,6,3,1,3,7
"3564",2,1,1,7,12,7,2,1,1,4,7,1,2,3,0,0,6,3,3,3,6,3,2,6,18
"3565",3,4,1,7,12,7,5,1,1,7,12,7,2,3,3,0,3,0,0,3,3,1,3,9,21
"3566",4,4,3,7,12,7,7,4,1,7,12,7,5,2,2,3,2,3,0,2,2,2,3,11,23
"3567",5,7,3,7,14,13,7,4,3,7,12,7,7,3,0,0,1,6,6,3,6,1,2,14,31
"3568",6,13,3,8,14,14,7,7,3,7,14,13,7,1,6,0,1,0,0,6,1,1,2,21,32
"3569",7,14,3,8,14,14,10,13,3,8,14,14,7,1,3,1,3,1,0,1,3,1,3,22,35
"3570",8,14,4,8,19,14,10,14,3,8,14,14,10,1,0,0,4,1,5,1,5,2,1,23,40
"3571",9,18,4,8,19,15,10,14,4,8,19,14,10,4,1,0,1,0,0,4,1,1,2,27,41
"3572",10,21,4,8,19,15,15,18,4,8,19,15,10,3,5,2,5,2,0,3,5,1,3,30,46
"3573",11,21,1,10,22,16,15,21,4,8,19,15,15,2,0,0,3,4,2,2,3,3,1,29,50
"3574",12,21,1,10,22,16,15,21,1,10,22,16,15,4,2,0,NA,0,0,0,0,0,0,29,50
"3575",0,0,0,0,0,0,0,0,0,0,0,0,0,0,0,0,0,0,0,0,0,0,0,0,0
"3576",1,1,2,1,1,1,3,1,1,1,1,1,1,2,1,1,2,1,0,1,2,2,3,1,2
"3577",2,1,3,1,1,1,4,1,2,1,1,1,3,1,0,0,1,1,1,1,1,2,3,2,3
"3578",3,1,3,2,1,2,4,1,3,1,1,1,4,1,1,0,1,0,0,1,1,3,2,3,4
"3579",4,5,3,2,2,2,4,1,3,2,1,2,4,1,4,1,1,1,0,4,1,1,1,7,5
"3580",5,5,3,3,6,2,4,5,3,2,2,2,4,1,0,0,3,4,4,1,4,3,1,8,9
"3581",6,9,3,3,6,5,4,5,3,3,6,2,4,3,4,0,3,0,0,4,3,1,2,12,12
"3582",7,14,3,3,11,5,4,9,3,3,6,5,4,5,2,5,2,5,0,5,5,1,1,17,17
"3583",8,16,3,3,11,5,5,14,3,3,11,5,4,2,0,0,1,1,1,2,1,1,3,19,18
"3584",9,17,3,3,12,5,5,16,3,3,11,5,5,1,1,0,1,0,0,1,1,1,1,20,19
"3585",10,23,12,3,16,5,5,17,3,3,12,5,5,4,1,6,4,1,0,6,4,1,1,35,23
"3586",11,23,12,4,18,5,5,23,12,3,16,5,5,1,0,0,2,5,5,1,2,3,1,36,25
"3587",12,23,12,4,18,5,5,23,12,4,18,5,5,5,5,0,NA,0,0,0,0,0,0,36,25
"3588",0,0,0,0,0,0,0,0,0,0,0,0,0,0,0,0,0,0,0,0,0,0,0,0,0
"3589",1,7,3,1,1,6,1,1,1,1,1,1,1,1,5,6,1,5,0,6,5,1,2,8,5
"3590",2,8,3,1,1,6,4,7,3,1,1,6,1,1,0,0,3,2,3,1,3,1,3,9,8
"3591",3,11,3,1,1,8,4,8,3,1,1,6,4,2,3,0,2,0,0,3,2,1,2,12,10
"3592",4,11,9,2,1,8,5,11,3,1,1,8,4,1,6,2,1,2,0,6,1,2,3,19,11
"3593",5,11,11,2,1,8,10,11,9,2,1,8,5,2,0,0,5,5,5,2,5,2,3,21,16
"3594",6,11,11,7,1,8,15,11,11,2,1,8,10,5,5,0,5,0,0,5,5,3,3,26,21
"3595",7,11,17,10,1,8,20,11,11,7,1,8,15,5,1,6,5,1,0,6,5,2,3,35,26
"3596",8,12,17,10,1,8,25,11,17,10,1,8,20,1,0,0,3,3,5,1,5,1,3,36,31
"3597",9,12,17,13,1,8,28,12,17,10,1,8,25,3,3,0,3,0,0,3,3,3,3,39,34
"3598",10,13,23,13,1,8,33,12,17,13,1,8,28,6,5,5,5,5,0,6,5,2,3,46,39
"3599",11,13,23,18,1,13,39,13,23,13,1,8,33,5,0,0,5,6,1,5,6,3,3,51,88
"3600",12,13,23,18,1,13,39,13,23,18,1,13,39,5,1,0,NA,0,0,0,0,0,0,51,88
"3601",0,0,0,0,0,0,0,0,0,0,0,0,0,0,0,0,0,0,0,0,0,0,0,0,0
"3602",1,6,1,1,6,1,1,1,1,1,1,1,1,5,5,3,5,3,0,5,5,1,1,5,5
"3603",2,6,4,1,6,1,6,6,1,1,6,1,1,3,0,0,1,5,5,3,5,2,3,8,10
"3604",3,6,9,1,6,1,7,6,4,1,6,1,6,1,5,0,1,0,0,5,1,2,3,13,11
"3605",4,15,9,1,6,1,11,6,9,1,6,1,7,3,4,6,3,4,0,6,4,1,3,22,15
"3606",5,15,9,4,10,1,11,15,9,1,6,1,11,3,0,0,4,4,1,3,4,3,1,25,19
"3607",6,19,9,4,10,1,12,15,9,4,10,1,11,4,1,0,1,0,0,4,1,1,3,29,20
"3608",7,19,9,11,10,1,19,19,9,4,10,1,12,6,6,2,6,2,0,6,6,3,3,36,27
"3609",8,19,11,11,14,1,25,19,9,11,10,1,19,2,0,0,6,4,6,2,6,2,3,38,37
"3610",9,33,11,11,14,1,29,19,11,11,14,1,25,4,6,0,4,0,0,6,4,1,3,52,41
"3611",10,39,12,11,15,1,29,33,11,11,14,1,29,1,6,1,1,1,0,6,1,1,1,97,42
"3612",11,39,13,11,17,1,29,39,12,11,15,1,29,1,0,0,5,2,5,1,2,2,1,98,44
"3613",12,39,13,11,17,1,29,39,13,11,17,1,29,5,5,0,NA,0,0,0,0,0,0,98,44
"3614",0,0,0,0,0,0,0,0,0,0,0,0,0,0,0,0,0,0,0,0,0,0,0,0,0
"3615",1,5,1,1,2,1,1,1,1,1,1,1,1,4,1,2,1,2,0,4,1,1,1,4,1
"3616",2,5,3,1,5,1,1,5,1,1,2,1,1,2,0,0,2,3,6,2,3,2,1,6,4
"3617",3,10,9,1,7,1,1,5,3,1,5,1,1,2,6,0,2,0,0,6,2,2,1,17,6
"3618",4,14,9,1,11,1,1,10,9,1,7,1,1,4,4,3,4,3,0,4,4,1,1,21,10
"3619",5,14,12,1,12,1,1,14,9,1,11,1,1,3,0,0,5,5,1,3,1,2,1,24,11
"3620",6,19,12,1,17,1,1,14,12,1,12,1,1,5,5,0,5,0,0,5,5,1,1,29,16
"3621",7,19,12,3,22,1,1,19,12,1,17,1,1,2,2,5,2,5,0,2,5,3,1,31,21
"3622",8,19,12,5,28,5,1,19,12,3,22,1,1,2,0,0,6,6,4,2,6,3,1,33,31
"3623",9,19,20,5,28,9,1,19,12,5,28,5,1,6,4,0,4,0,0,6,4,2,2,41,35
"3624",10,19,20,14,1,20,1,19,20,5,28,9,1,6,5,5,6,5,0,5,6,3,2,50,19
"3625",11,19,1,14,4,20,7,19,20,14,1,20,1,5,0,0,6,1,6,5,6,2,3,31,28
"3626",12,19,1,14,4,20,7,19,1,14,4,20,7,1,6,0,NA,0,0,0,0,0,0,31,28
"3627",0,0,0,0,0,0,0,0,0,0,0,0,0,0,0,0,0,0,0,0,0,0,0,0,0
"3628",1,1,6,1,1,6,1,1,1,1,1,1,1,5,4,5,4,5,0,5,5,2,2,5,5
"3629",2,1,6,5,1,6,10,1,6,1,1,6,1,4,0,0,5,4,6,4,6,3,3,9,14
"3630",3,5,6,5,1,11,10,1,6,5,1,6,10,5,4,0,5,0,0,4,5,1,2,13,19
"3631",4,5,7,5,5,11,10,5,6,5,1,11,10,1,1,4,1,4,0,1,4,2,1,14,23
"3632",5,5,7,6,11,17,10,5,7,5,5,11,10,1,0,0,6,6,6,1,6,3,1,15,35
"3633",6,5,7,14,17,17,14,5,7,6,11,17,10,6,6,0,6,0,0,6,6,3,1,23,45
"3634",7,5,10,14,18,17,14,5,7,14,17,17,14,3,1,2,1,2,0,3,1,2,1,26,46
"3635",8,5,10,16,18,18,20,5,10,14,18,17,14,2,0,0,1,6,5,2,6,3,3,28,53
"3636",9,5,10,21,18,18,21,5,10,16,18,18,20,1,5,0,1,0,0,5,1,3,3,33,54
"3637",10,5,10,23,21,18,21,5,10,21,18,18,21,2,3,2,3,2,0,2,3,3,1,35,57
"3638",11,7,10,23,32,18,21,5,10,23,21,18,21,2,0,0,6,5,3,2,6,1,1,37,68
"3639",12,7,10,23,32,18,21,7,10,23,32,18,21,5,3,0,NA,0,0,0,0,0,0,37,68
"3640",0,0,0,0,0,0,0,0,0,0,0,0,0,0,0,0,0,0,0,0,0,0,0,0,0
"3641",1,1,1,2,1,1,3,1,1,1,1,1,1,2,1,2,2,2,0,1,2,3,3,1,2
"3642",2,1,3,2,1,7,7,1,1,2,1,1,3,2,0,0,6,1,2,2,6,2,2,3,12
"3643",3,1,5,2,1,7,8,1,3,2,1,7,7,1,2,0,1,0,0,2,1,2,3,5,13
"3644",4,1,9,2,3,7,8,1,5,2,1,7,8,2,1,4,2,1,0,4,2,2,1,9,15
"3645",5,1,9,3,9,10,8,1,9,2,3,7,8,1,0,0,6,6,5,1,6,3,1,10,24
"3646",6,4,15,3,9,10,13,1,9,3,9,10,8,6,5,0,5,0,0,6,5,2,3,19,29
"3647",7,4,17,3,20,10,13,4,15,3,9,10,13,6,2,3,6,3,0,2,6,2,1,21,40
"3648",8,4,20,3,20,10,18,4,17,3,20,10,13,3,0,0,6,5,5,3,5,2,3,24,45
"3649",9,4,26,8,20,15,18,4,20,3,20,10,18,6,5,0,5,0,0,6,5,2,2,35,50
"3650",10,4,30,8,20,19,18,4,26,8,20,15,18,4,4,5,4,5,0,4,4,2,2,39,54
"3651",11,4,35,8,24,19,18,4,30,8,20,19,18,5,0,0,5,4,4,5,4,2,1,44,58
"3652",12,4,35,8,24,19,18,4,35,8,24,19,18,5,4,0,NA,0,0,0,0,0,0,44,58
"3653",0,0,0,0,0,0,0,0,0,0,0,0,0,0,0,0,0,0,0,0,0,0,0,0,0
"3654",1,7,1,7,1,4,1,1,1,1,1,1,1,1,3,6,1,3,0,6,3,1,2,12,3
"3655",2,7,1,8,5,4,1,7,1,7,1,4,1,1,0,0,4,4,2,1,4,3,1,13,7
"3656",3,11,1,8,7,4,1,7,1,8,5,4,1,4,2,0,2,0,0,4,2,1,1,17,9
"3657",4,12,1,8,7,4,5,11,1,8,7,4,1,4,2,1,4,2,0,1,4,1,3,18,13
"3658",5,14,1,8,11,4,5,12,1,8,7,4,5,2,0,0,4,1,4,2,4,1,1,20,17
"3659",6,14,5,8,11,4,6,14,1,8,11,4,5,1,4,0,1,0,0,4,1,2,3,24,18
"3660",7,14,11,18,22,4,6,14,5,8,11,4,6,3,6,6,3,6,0,6,6,2,1,40,29
"3661",8,14,14,18,22,14,6,14,11,18,22,4,6,3,0,0,6,1,6,3,6,2,2,43,39
"3662",9,14,14,28,22,15,1,14,14,18,22,14,6,1,6,0,1,0,0,6,1,3,2,53,35
"3663",10,14,14,31,25,15,1,14,14,28,22,15,1,1,3,3,1,3,0,3,3,3,1,56,38
"3664",11,1,14,31,34,15,1,14,14,31,25,15,1,1,0,0,3,2,6,1,6,1,1,43,47
"3665",12,1,14,31,34,15,1,1,14,31,34,15,1,3,2,0,NA,0,0,0,0,0,0,43,47
"3666",0,0,0,0,0,0,0,0,0,0,0,0,0,0,0,0,0,0,0,0,0,0,0,0,0
"3667",1,4,1,1,4,1,1,1,1,1,1,1,1,3,1,3,1,3,0,3,3,1,1,3,3
"3668",2,5,1,1,4,3,7,4,1,1,4,1,1,1,0,0,4,3,6,1,6,1,3,4,11
"3669",3,9,1,1,4,6,7,5,1,1,4,3,7,4,3,0,3,0,0,4,3,1,2,8,14
"3670",4,9,1,6,8,6,7,9,1,1,4,6,7,5,3,4,3,4,0,5,4,3,1,13,18
"3671",5,12,1,6,13,12,13,9,1,6,8,6,7,3,0,0,2,6,5,3,6,1,3,16,35
"3672",6,12,1,11,13,14,13,12,1,6,13,12,13,2,5,0,2,0,0,5,2,3,2,21,37
"3673",7,12,1,16,15,14,13,12,1,11,13,14,13,3,2,5,3,2,0,5,2,3,1,26,39
"3674",8,12,4,16,17,20,13,12,1,16,15,14,13,3,0,0,1,6,5,3,6,2,2,29,47
"3675",9,13,4,16,17,20,18,12,4,16,17,20,13,1,5,0,5,0,0,1,5,1,3,30,52
"3676",10,13,4,20,21,20,18,13,4,16,17,20,18,1,4,4,1,4,0,4,4,3,1,34,56
"3677",11,14,4,20,21,20,21,13,4,20,21,20,18,1,0,0,4,3,6,1,3,1,3,35,59
"3678",12,14,4,20,21,20,21,14,4,20,21,20,21,4,6,0,NA,0,0,0,0,0,0,35,59
"3679",0,0,0,0,0,0,0,0,0,0,0,0,0,0,0,0,0,0,0,0,0,0,0,0,0
"3680",1,1,1,4,6,1,1,1,1,1,1,1,1,3,1,5,1,5,0,3,5,3,1,3,5
"3681",2,1,1,5,10,1,1,1,1,4,6,1,1,1,0,0,1,2,4,1,4,3,1,4,9
"3682",3,1,1,6,10,3,1,1,1,5,10,1,1,1,2,0,2,0,0,1,2,3,2,5,11
"3683",4,1,4,12,10,5,1,1,1,6,10,3,1,1,6,2,1,2,0,6,2,3,2,14,13
"3684",5,2,4,12,10,10,1,1,4,12,10,5,1,1,0,0,4,5,3,1,5,1,2,15,18
"3685",6,6,4,12,10,10,4,2,4,12,10,10,1,4,3,0,3,0,0,4,3,1,3,19,21
"3686",7,8,4,18,13,10,4,6,4,12,10,10,4,6,3,1,3,1,0,6,3,3,1,27,24
"3687",8,8,4,19,17,10,4,8,4,18,13,10,4,1,0,0,3,1,4,1,4,3,1,28,28
"3688",9,8,4,27,17,10,2,8,4,19,17,10,4,3,1,0,1,0,0,3,1,3,3,36,26
"3689",10,8,8,27,17,10,5,8,4,27,17,10,2,2,3,4,2,3,0,4,3,2,3,40,29
"3690",11,8,10,1,17,15,9,8,8,27,17,10,5,2,0,0,3,6,4,2,4,2,3,16,38
"3691",12,8,10,1,17,15,9,8,10,1,17,15,9,3,6,0,NA,0,0,0,0,0,0,16,38
"3692",0,0,0,0,0,0,0,0,0,0,0,0,0,0,0,0,0,0,0,0,0,0,0,0,0
"3693",1,1,1,5,6,1,1,1,1,1,1,1,1,4,5,2,5,2,0,4,5,3,1,4,5
"3694",2,1,3,5,6,4,1,1,1,5,6,1,1,2,0,0,3,1,3,2,3,2,2,6,8
"3695",3,1,6,5,6,5,1,1,3,5,6,4,1,1,3,0,1,0,0,3,1,2,2,9,9
"3696",4,4,6,5,9,5,1,1,6,5,6,5,1,2,3,3,2,3,0,3,3,1,1,12,12
"3697",5,4,6,7,9,5,6,4,6,5,9,5,1,2,0,0,3,5,3,2,5,3,3,14,17
"3698",6,7,6,7,9,8,6,4,6,7,9,5,6,3,3,0,3,0,0,3,3,1,2,17,20
"3699",7,7,6,12,9,8,10,7,6,7,9,8,6,5,4,1,4,1,0,5,4,3,3,22,24
"3700",8,7,6,13,14,8,10,7,6,12,9,8,10,1,0,0,2,5,5,1,5,3,1,23,29
"3701",9,7,6,18,14,8,12,7,6,13,14,8,10,2,5,0,2,0,0,5,2,3,3,28,31
"3702",10,7,10,18,14,8,14,7,6,18,14,8,12,4,1,2,1,2,0,4,2,2,3,32,33
"3703",11,8,10,18,18,8,14,7,10,18,14,8,14,1,0,0,2,1,4,1,4,1,1,33,37
"3704",12,8,10,18,18,8,14,8,10,18,18,8,14,2,1,0,NA,0,0,0,0,0,0,33,37
"3705",0,0,0,0,0,0,0,0,0,0,0,0,0,0,0,0,0,0,0,0,0,0,0,0,0
"3706",1,1,1,5,6,1,1,1,1,1,1,1,1,4,5,5,5,5,0,4,5,3,1,4,5
"3707",2,6,1,5,6,5,1,1,1,5,6,1,1,5,0,0,4,2,2,5,4,1,2,9,9
"3708",3,6,3,5,6,7,1,6,1,5,6,5,1,2,2,0,2,0,0,2,2,2,2,11,11
"3709",4,11,3,5,6,12,1,6,3,5,6,7,1,3,5,5,3,5,0,5,5,1,2,16,16
"3710",5,11,3,8,6,17,1,11,3,5,6,12,1,3,0,0,2,3,5,3,5,3,2,19,21
"3711",6,11,3,10,6,17,4,11,3,8,6,17,1,2,3,0,3,0,0,2,3,3,3,21,24
"3712",7,11,9,16,6,21,4,11,3,10,6,17,4,6,4,1,4,1,0,6,4,2,2,33,28
"3713",8,11,10,16,12,27,8,11,9,16,6,21,4,1,0,0,6,4,3,1,6,2,2,34,44
"3714",9,11,10,19,16,27,8,11,10,16,12,27,8,4,3,0,4,0,0,3,4,3,1,37,48
"3715",10,11,10,24,19,27,14,11,10,19,16,27,8,6,5,4,6,4,0,5,6,3,3,42,57
"3716",11,11,10,28,25,27,17,11,10,24,19,27,14,4,0,0,5,6,2,4,6,3,1,46,66
"3717",12,11,10,28,25,27,17,11,10,28,25,27,17,5,2,0,NA,0,0,0,0,0,0,46,66
"3718",0,0,0,0,0,0,0,0,0,0,0,0,0,0,0,0,0,0,0,0,0,0,0,0,0
"3719",1,1,8,7,5,1,1,1,1,1,1,1,1,4,6,4,4,4,0,6,4,2,1,13,4
"3720",2,5,8,7,9,1,1,1,8,7,5,1,1,4,0,0,6,4,4,4,4,1,1,17,8
"3721",3,5,11,13,13,1,1,5,8,7,9,1,1,6,4,0,4,0,0,6,4,3,1,26,12
"3722",4,5,12,13,13,7,11,5,11,13,13,1,1,2,1,6,2,6,0,1,6,2,3,27,28
"3723",5,7,12,13,17,7,11,5,12,13,13,7,11,2,0,0,4,3,2,2,4,1,1,29,32
"3724",6,7,15,13,19,7,11,7,12,13,17,7,11,3,2,0,2,0,0,3,2,2,1,32,34
"3725",7,7,15,17,19,7,15,7,15,13,19,7,11,1,4,4,1,4,0,4,4,3,3,36,38
"3726",8,1,16,17,28,7,15,7,15,17,19,7,15,1,0,0,6,5,2,1,6,2,1,31,47
"3727",9,6,16,17,28,9,15,1,16,17,28,7,15,5,2,0,2,0,0,5,2,1,2,36,49
"3728",10,6,18,17,37,9,15,6,16,17,28,9,15,2,6,1,6,1,0,2,6,2,1,38,58
"3729",11,7,18,17,39,12,15,6,18,17,37,9,15,1,0,0,2,1,4,1,2,1,1,39,101
"3730",12,7,18,17,39,12,15,7,18,17,39,12,15,1,4,0,NA,0,0,0,0,0,0,39,101
"3731",0,0,0,0,0,0,0,0,0,0,0,0,0,0,0,0,0,0,0,0,0,0,0,0,0
"3732",1,5,1,1,1,3,1,1,1,1,1,1,1,4,2,2,2,2,0,4,2,1,2,4,2
"3733",2,5,1,3,4,3,7,5,1,1,1,3,1,2,0,0,2,6,6,2,6,3,3,6,11
"3734",3,7,1,9,4,3,9,5,1,3,4,3,7,2,6,0,2,0,0,6,2,3,3,14,13
"3735",4,7,1,13,4,8,9,7,1,9,4,3,9,2,5,4,2,5,0,4,5,3,2,18,18
"3736",5,9,1,13,8,8,9,7,1,13,4,8,9,2,0,0,4,4,1,2,4,1,1,20,22
"3737",6,9,1,17,8,9,9,9,1,13,8,8,9,4,1,0,1,0,0,4,1,3,2,24,23
"3738",7,13,1,17,8,12,9,9,1,17,8,9,9,3,3,4,3,3,0,4,3,1,2,28,26
"3739",8,13,1,20,8,17,9,13,1,17,8,12,9,3,0,0,5,1,2,3,5,3,2,31,31
"3740",9,13,1,22,9,17,9,13,1,20,8,17,9,1,2,0,1,0,0,2,1,3,1,33,32
"3741",10,16,1,22,9,20,9,13,1,22,9,17,9,3,3,3,3,3,0,3,3,1,2,36,35
"3742",11,16,1,25,12,26,9,16,1,22,9,20,9,3,0,0,5,3,6,3,6,3,2,39,44
"3743",12,16,1,25,12,26,9,16,1,25,12,26,9,5,3,0,NA,0,0,0,0,0,0,39,44
"3744",0,0,0,0,0,0,0,0,0,0,0,0,0,0,0,0,0,0,0,0,0,0,0,0,0
"3745",1,1,1,4,1,1,3,1,1,1,1,1,1,3,2,2,2,2,0,3,2,3,3,3,2
"3746",2,1,3,4,1,3,3,1,1,4,1,1,3,2,0,0,4,3,2,2,2,2,2,5,4
"3747",3,5,3,4,1,3,6,1,3,4,1,3,3,4,3,0,3,0,0,4,3,1,3,9,7
"3748",4,5,3,9,6,3,6,5,3,4,1,3,6,5,4,5,4,5,0,5,5,3,1,14,12
"3749",5,5,7,9,6,3,11,5,3,9,6,3,6,4,0,0,5,4,1,4,5,2,3,18,17
"3750",6,9,7,9,6,4,11,5,7,9,6,3,11,4,1,0,1,0,0,4,1,1,2,22,18
"3751",7,9,12,9,6,4,15,9,7,9,6,4,11,5,4,3,4,3,0,5,4,2,3,27,22
"3752",8,9,15,9,6,9,15,9,12,9,6,4,15,3,0,0,2,5,4,3,5,2,2,30,27
"3753",9,9,19,9,6,9,17,9,15,9,6,9,15,2,4,0,2,0,0,4,2,2,3,34,29
"3754",10,9,26,9,5,9,17,9,19,9,6,9,17,4,5,1,4,1,0,5,4,2,1,41,28
"3755",11,9,31,9,8,1,17,9,26,9,5,9,17,1,0,0,3,5,2,1,3,2,1,46,23
"3756",12,9,31,9,8,1,17,9,31,9,8,1,17,5,2,0,NA,0,0,0,0,0,0,46,23
"3757",0,0,0,0,0,0,0,0,0,0,0,0,0,0,0,0,0,0,0,0,0,0,0,0,0
"3758",1,5,1,1,1,1,6,1,1,1,1,1,1,4,3,5,3,5,0,4,5,1,3,4,5
"3759",2,5,1,4,7,1,8,5,1,1,1,1,6,3,0,0,4,4,6,3,6,3,1,7,13
"3760",3,9,1,4,7,5,8,5,1,4,7,1,8,4,4,0,4,0,0,4,4,1,2,11,17
"3761",4,9,1,9,7,10,8,9,1,4,7,5,8,5,5,1,5,1,0,5,5,3,2,16,22
"3762",5,9,1,10,12,10,8,9,1,9,7,10,8,1,0,0,1,5,2,1,5,3,1,17,27
"3763",6,9,2,10,12,10,10,9,1,10,12,10,8,1,2,0,2,0,0,1,2,2,3,18,29
"3764",7,9,2,12,14,10,10,9,2,10,12,10,10,2,2,2,2,2,0,2,2,3,1,20,31
"3765",8,9,2,14,14,13,16,9,2,12,14,10,10,2,0,0,6,6,3,2,6,3,3,22,40
"3766",9,9,2,25,14,16,16,9,2,14,14,13,16,6,3,0,3,0,0,6,3,3,2,33,43
"3767",10,9,2,30,16,16,16,9,2,25,14,16,16,5,2,5,2,5,0,5,2,3,1,38,45
"3768",11,9,1,30,30,16,16,9,2,30,16,16,16,5,0,0,6,4,1,5,6,2,1,37,59
"3769",12,9,1,30,30,16,16,9,1,30,30,16,16,4,1,0,NA,0,0,0,0,0,0,37,59
"3770",0,0,0,0,0,0,0,0,0,0,0,0,0,0,0,0,0,0,0,0,0,0,0,0,0
"3771",1,1,6,1,4,1,1,1,1,1,1,1,1,3,1,5,3,1,0,5,3,2,1,5,3
"3772",2,2,6,1,8,1,1,1,6,1,4,1,1,1,0,0,4,5,2,1,4,1,1,6,7
"3773",3,7,6,1,10,1,1,2,6,1,8,1,1,5,2,0,2,0,0,5,2,1,1,11,9
"3774",4,11,6,7,10,4,1,7,6,1,10,1,1,3,2,6,3,2,0,6,3,3,2,21,12
"3775",5,13,6,7,10,4,3,11,6,7,10,4,1,2,0,0,3,3,2,2,2,1,3,23,14
"3776",6,13,9,7,10,4,6,13,6,7,10,4,3,3,3,0,3,0,0,3,3,2,3,26,17
"3777",7,13,9,9,10,4,8,13,9,7,10,4,6,2,2,2,2,2,0,2,2,3,3,28,19
"3778",8,13,9,11,10,7,8,13,9,9,10,4,8,2,0,0,6,3,1,2,3,3,2,30,22
"3779",9,13,15,12,11,7,8,13,9,11,10,7,8,6,1,0,1,0,0,6,1,2,1,37,23
"3780",10,13,19,12,11,11,8,13,15,12,11,7,8,4,1,4,1,4,0,4,4,2,2,41,27
"3781",11,13,19,13,11,11,12,13,19,12,11,11,8,1,0,0,4,3,6,1,4,3,3,42,31
"3782",12,13,19,13,11,11,12,13,19,13,11,11,12,3,6,0,NA,0,0,0,0,0,0,42,31
"3783",0,0,0,0,0,0,0,0,0,0,0,0,0,0,0,0,0,0,0,0,0,0,0,0,0
"3784",1,7,3,1,1,1,2,1,1,1,1,1,1,1,6,1,1,1,0,6,1,1,3,8,1
"3785",2,8,3,1,7,1,3,7,3,1,1,1,2,1,0,0,1,6,4,1,6,1,1,9,8
"3786",3,8,7,1,7,1,4,8,3,1,7,1,3,1,4,0,1,0,0,4,1,2,3,13,9
"3787",4,8,10,1,7,1,15,8,7,1,7,1,4,3,6,5,6,5,0,3,6,2,3,16,20
"3788",5,13,10,1,7,1,18,8,10,1,7,1,15,5,0,0,3,2,1,5,3,1,3,21,23
"3789",6,13,11,1,7,1,20,13,10,1,7,1,18,2,1,0,2,0,0,1,2,2,3,22,25
"3790",7,13,14,1,7,4,20,13,11,1,7,1,20,2,3,3,2,3,0,3,3,2,2,25,28
"3791",8,15,14,1,12,4,20,13,14,1,7,4,20,2,0,0,3,5,5,2,5,1,1,27,33
"3792",9,20,14,1,12,7,20,15,14,1,12,4,20,3,5,0,3,0,0,5,3,1,2,32,36
"3793",10,20,27,2,17,1,1,20,14,1,12,7,20,6,3,5,3,5,0,6,5,2,1,46,16
"3794",11,20,30,2,17,6,1,20,27,2,17,1,1,3,0,0,3,5,1,3,5,2,2,49,21
"3795",12,20,30,2,17,6,1,20,30,2,17,6,1,3,1,0,NA,0,0,0,0,0,0,49,21
"3796",0,0,0,0,0,0,0,0,0,0,0,0,0,0,0,0,0,0,0,0,0,0,0,0,0
"3797",1,7,1,2,1,1,4,1,1,1,1,1,1,1,3,6,1,3,0,6,3,1,3,7,3
"3798",2,8,1,2,1,6,4,7,1,2,1,1,4,1,0,0,5,2,4,1,5,1,2,8,8
"3799",3,8,1,6,3,6,4,8,1,2,1,6,4,2,4,0,2,0,0,4,2,3,1,12,10
"3800",4,11,1,6,3,6,8,8,1,6,3,6,4,4,3,2,4,2,0,3,4,1,3,15,14
"3801",5,11,1,8,3,10,14,11,1,6,3,6,8,2,0,0,5,4,6,2,6,3,3,17,24
"3802",6,16,1,8,3,14,14,11,1,8,3,10,14,5,4,0,4,0,0,5,4,1,2,22,28
"3803",7,16,3,8,7,14,14,16,1,8,3,14,14,2,2,4,2,4,0,2,4,2,1,24,32
"3804",8,16,5,8,11,14,14,16,3,8,7,14,14,2,0,0,4,2,1,2,4,2,1,26,36
"3805",9,16,5,10,12,14,14,16,5,8,11,14,14,2,1,0,1,0,0,2,1,3,1,28,37
"3806",10,16,9,10,15,14,14,16,5,10,12,14,14,4,2,3,2,3,0,4,3,2,1,32,40
"3807",11,18,9,10,25,20,14,16,9,10,15,14,14,2,0,0,6,4,4,2,6,1,1,34,56
"3808",12,18,9,10,25,20,14,18,9,10,25,20,14,4,4,0,NA,0,0,0,0,0,0,34,56
"3809",0,0,0,0,0,0,0,0,0,0,0,0,0,0,0,0,0,0,0,0,0,0,0,0,0
"3810",1,1,1,2,1,6,1,1,1,1,1,1,1,1,5,5,5,5,0,1,5,3,2,1,5
"3811",2,1,6,2,1,11,1,1,1,2,1,6,1,5,0,0,1,3,5,5,5,2,2,6,10
"3812",3,1,9,2,2,11,1,1,6,2,1,11,1,1,3,0,1,0,0,3,1,2,1,9,11
"3813",4,1,9,5,5,11,1,1,9,2,2,11,1,3,3,1,3,1,0,3,3,3,1,12,14
"3814",5,1,9,6,5,12,1,1,9,5,5,11,1,1,0,0,1,2,1,1,1,3,2,13,15
"3815",6,3,9,6,5,12,2,1,9,6,5,12,1,2,1,0,1,0,0,2,1,1,3,15,16
"3816",7,8,9,6,5,12,5,3,9,6,5,12,2,3,3,5,3,3,0,5,3,1,3,20,19
"3817",8,8,9,9,5,17,5,8,9,6,5,12,5,3,0,0,5,4,1,3,5,3,2,23,24
"3818",9,12,9,9,6,17,5,8,9,9,5,17,5,4,1,0,1,0,0,4,1,1,1,27,25
"3819",10,18,14,9,6,21,5,12,9,9,6,17,5,1,4,6,1,4,0,6,4,1,2,38,29
"3820",11,19,14,9,6,24,5,18,14,9,6,21,5,1,0,0,3,4,1,1,3,1,2,39,32
"3821",12,19,14,9,6,24,5,19,14,9,6,24,5,4,1,0,NA,0,0,0,0,0,0,39,32
"3822",0,0,0,0,0,0,0,0,0,0,0,0,0,0,0,0,0,0,0,0,0,0,0,0,0
"3823",1,7,1,3,1,1,5,1,1,1,1,1,1,2,4,6,2,4,0,6,4,1,3,8,4
"3824",2,7,1,5,1,1,8,7,1,3,1,1,5,2,0,0,1,1,3,2,3,3,3,10,7
"3825",3,7,2,5,1,2,8,7,1,5,1,1,8,1,1,0,1,0,0,1,1,2,2,11,8
"3826",4,7,6,5,4,2,8,7,2,5,1,2,8,3,4,2,3,2,0,4,3,2,1,15,11
"3827",5,7,8,5,4,14,8,7,6,5,4,2,8,2,0,0,1,6,2,2,6,2,2,17,23
"3828",6,7,8,6,4,14,10,7,8,5,4,14,8,1,2,0,2,0,0,1,2,3,3,18,25
"3829",7,7,19,6,4,14,14,7,8,6,4,14,10,4,6,2,4,2,0,6,4,2,3,29,29
"3830",8,7,21,6,4,20,18,7,19,6,4,14,14,2,0,0,6,3,5,2,6,2,2,31,39
"3831",9,10,21,6,4,20,23,7,21,6,4,20,18,3,5,0,5,0,0,3,5,1,3,34,44
"3832",10,13,21,6,6,20,23,10,21,6,4,20,23,1,2,3,1,2,0,3,2,1,1,37,46
"3833",11,13,21,7,16,20,23,13,21,6,6,20,23,1,0,0,3,2,6,1,6,3,1,38,56
"3834",12,13,21,7,16,20,23,13,21,7,16,20,23,3,2,0,NA,0,0,0,0,0,0,38,56
"3835",0,0,0,0,0,0,0,0,0,0,0,0,0,0,0,0,0,0,0,0,0,0,0,0,0
"3836",1,1,1,6,5,1,1,1,1,1,1,1,1,4,3,5,4,3,0,5,4,3,1,5,4
"3837",2,1,1,9,10,1,1,1,1,6,5,1,1,3,0,0,1,2,5,3,5,3,1,8,9
"3838",3,2,1,9,10,1,3,1,1,9,10,1,1,1,2,0,2,0,0,1,2,1,3,9,11
"3839",4,2,5,9,10,1,12,2,1,9,10,1,3,1,4,6,1,6,0,4,6,2,3,13,20
"3840",5,2,5,10,14,7,12,2,5,9,10,1,12,1,0,0,2,5,6,1,6,3,2,14,30
"3841",6,2,5,15,14,7,14,2,5,10,14,7,12,2,5,0,2,0,0,5,2,3,3,19,32
"3842",7,3,5,15,20,13,17,2,5,15,14,7,14,1,1,6,1,6,0,1,6,1,2,20,47
"3843",8,3,5,16,20,15,17,3,5,15,20,13,17,1,0,0,2,6,4,1,2,3,2,21,49
"3844",9,3,11,21,20,19,17,3,5,16,20,15,17,6,4,0,4,0,0,6,4,2,2,32,53
"3845",10,5,11,21,22,19,17,3,11,21,20,19,17,5,2,2,5,2,0,2,2,1,1,34,55
"3846",11,10,11,21,24,19,17,5,11,21,22,19,17,5,0,0,2,4,2,5,2,1,1,39,57
"3847",12,10,11,21,24,19,17,10,11,21,24,19,17,4,2,0,NA,0,0,0,0,0,0,39,57
"3848",0,0,0,0,0,0,0,0,0,0,0,0,0,0,0,0,0,0,0,0,0,0,0,0,0
"3849",1,1,3,1,1,7,5,1,1,1,1,1,1,1,2,6,1,6,0,2,6,2,2,2,10
"3850",2,1,3,2,9,7,5,1,3,1,1,7,5,1,0,0,2,4,6,1,6,3,1,3,18
"3851",3,1,3,6,9,9,5,1,3,2,9,7,5,2,4,0,2,0,0,4,2,3,2,7,20
"3852",4,1,9,7,18,9,5,1,3,6,9,9,5,6,6,3,6,3,0,6,6,2,1,14,29
"3853",5,4,9,7,18,14,11,1,9,7,18,9,5,3,0,0,6,1,3,3,6,1,3,17,40
"3854",6,4,10,7,21,14,11,4,9,7,18,14,11,1,3,0,3,0,0,1,3,2,1,18,43
"3855",7,4,21,7,21,17,11,4,10,7,21,14,11,3,3,6,3,3,0,6,3,2,2,29,46
"3856",8,4,21,10,21,20,17,4,21,7,21,17,11,3,0,0,6,4,6,3,6,3,3,32,55
"3857",9,4,31,10,21,20,21,4,21,10,21,20,17,4,6,0,4,0,0,6,4,2,3,42,59
"3858",10,4,36,10,23,20,21,4,31,10,21,20,21,5,2,5,2,5,0,5,2,2,1,47,61
"3859",11,4,36,15,31,20,21,4,36,10,23,20,21,5,0,0,4,1,6,5,6,3,1,52,69
"3860",12,4,36,15,31,20,21,4,36,15,31,20,21,4,1,0,NA,0,0,0,0,0,0,52,69
"3861",0,0,0,0,0,0,0,0,0,0,0,0,0,0,0,0,0,0,0,0,0,0,0,0,0
"3862",1,9,1,1,1,2,7,1,1,1,1,1,1,6,2,6,2,6,0,6,6,1,3,8,7
"3863",2,11,1,1,6,2,7,9,1,1,1,2,7,2,0,0,2,5,5,2,5,1,1,10,12
"3864",3,11,3,1,6,7,7,11,1,1,6,2,7,2,5,0,5,0,0,2,5,2,2,12,17
"3865",4,11,3,2,6,7,9,11,3,1,6,7,7,1,2,1,2,1,0,1,2,3,3,13,19
"3866",5,12,3,2,6,12,9,11,3,2,6,7,9,1,0,0,3,4,5,1,5,1,2,14,24
"3867",6,12,3,6,6,15,9,12,3,2,6,12,9,3,4,0,3,0,0,4,3,3,2,18,27
"3868",7,14,3,6,6,18,9,12,3,6,6,15,9,2,3,1,3,1,0,2,3,1,2,20,30
"3869",8,15,3,6,12,18,11,14,3,6,6,18,9,1,0,0,2,6,2,1,6,1,1,21,38
"3870",9,15,5,6,12,20,11,15,3,6,12,18,11,2,2,0,2,0,0,2,2,2,2,23,40
"3871",10,15,9,6,17,20,11,15,5,6,12,20,11,5,4,5,5,5,0,4,5,2,1,27,45
"3872",11,20,9,6,21,20,11,15,9,6,17,20,11,5,0,0,4,4,3,5,4,1,1,32,49
"3873",12,20,9,6,21,20,11,20,9,6,21,20,11,4,3,0,NA,0,0,0,0,0,0,32,49
"3874",0,0,0,0,0,0,0,0,0,0,0,0,0,0,0,0,0,0,0,0,0,0,0,0,0
"3875",1,2,7,1,1,1,5,1,1,1,1,1,1,6,4,2,4,2,0,6,4,2,3,7,4
"3876",2,4,7,1,3,1,5,2,7,1,1,1,5,2,0,0,2,3,2,2,2,1,1,9,6
"3877",3,7,7,1,3,1,7,4,7,1,3,1,5,3,2,0,2,0,0,3,2,1,3,12,8
"3878",4,7,7,6,3,1,11,7,7,1,3,1,7,5,4,4,4,4,0,5,4,3,3,17,12
"3879",5,7,7,10,3,6,11,7,7,6,3,1,11,4,0,0,5,5,6,4,5,3,2,21,17
"3880",6,7,18,10,3,11,11,7,7,10,3,6,11,5,6,0,5,0,0,6,5,2,2,32,22
"3881",7,11,18,10,3,11,13,7,18,10,3,11,11,4,2,1,2,1,0,4,2,1,3,36,24
"3882",8,12,18,10,3,11,18,11,18,10,3,11,13,1,0,0,5,6,4,1,5,1,3,37,29
"3883",9,12,35,16,3,5,18,12,18,10,3,11,18,6,4,0,4,0,0,6,4,2,2,60,23
"3884",10,17,39,16,8,5,18,12,35,16,3,5,18,4,5,6,5,6,0,4,5,2,1,107,28
"3885",11,24,39,16,9,1,18,17,39,16,8,5,18,6,0,0,1,1,5,6,1,1,1,114,25
"3886",12,24,39,16,9,1,18,24,39,16,9,1,18,1,5,0,NA,0,0,0,0,0,0,114,25
"3887",0,0,0,0,0,0,0,0,0,0,0,0,0,0,0,0,0,0,0,0,0,0,0,0,0
"3888",1,5,1,1,1,5,1,1,1,1,1,1,1,1,4,4,1,4,0,4,4,1,2,4,4
"3889",2,5,2,1,1,9,1,5,1,1,1,5,1,1,0,0,2,4,4,1,4,2,2,5,8
"3890",3,5,6,1,1,11,1,5,2,1,1,9,1,2,4,0,2,0,0,4,2,2,2,9,10
"3891",4,9,6,7,1,23,1,5,6,1,1,11,1,6,6,2,6,2,0,6,6,3,2,19,22
"3892",5,9,6,9,5,23,1,9,6,7,1,23,1,2,0,0,3,1,4,2,4,3,1,21,26
"3893",6,9,6,10,5,23,4,9,6,9,5,23,1,3,1,0,3,0,0,1,3,3,3,22,29
"3894",7,12,1,16,5,26,4,9,6,10,5,23,4,2,1,6,2,1,0,6,1,3,2,26,32
"3895",8,12,3,16,5,27,10,12,1,16,5,26,4,2,0,0,2,6,4,2,6,2,3,28,39
"3896",9,12,7,16,7,27,10,12,3,16,5,27,10,2,4,0,2,0,0,4,2,2,1,32,41
"3897",10,12,11,16,10,1,10,12,7,16,7,27,10,3,5,2,3,5,0,2,3,2,1,36,18
"3898",11,17,11,16,10,1,15,12,11,16,10,1,10,5,0,0,5,6,4,5,5,1,3,41,23
"3899",12,17,11,16,10,1,15,17,11,16,10,1,15,6,4,0,NA,0,0,0,0,0,0,41,23
"3900",0,0,0,0,0,0,0,0,0,0,0,0,0,0,0,0,0,0,0,0,0,0,0,0,0
"3901",1,3,1,1,1,1,5,1,1,1,1,1,1,3,2,4,3,4,0,2,4,1,3,2,4
"3902",2,3,1,4,1,1,7,3,1,1,1,1,5,3,0,0,1,2,4,3,2,3,3,5,6
"3903",3,7,1,4,2,1,7,3,1,4,1,1,7,1,4,0,1,0,0,4,1,1,1,9,7
"3904",4,12,1,4,4,1,7,7,1,4,2,1,7,2,2,5,2,2,0,5,2,1,1,14,9
"3905",5,12,1,6,7,1,7,12,1,4,4,1,7,2,0,0,2,3,1,2,3,3,1,16,12
"3906",6,12,1,7,9,1,7,12,1,6,7,1,7,2,1,0,2,0,0,1,2,3,1,17,14
"3907",7,12,6,7,12,1,7,12,1,7,9,1,7,5,3,2,3,2,0,5,3,2,1,22,17
"3908",8,14,6,7,12,1,11,12,6,7,12,1,7,2,0,0,5,4,2,2,4,1,3,24,21
"3909",9,14,11,7,12,3,11,14,6,7,12,1,11,5,2,0,2,0,0,5,2,2,2,29,23
"3910",10,14,15,7,12,5,11,14,11,7,12,3,11,4,2,1,2,1,0,4,2,2,2,33,25
"3911",11,15,15,7,12,9,11,14,15,7,12,5,11,1,0,0,6,4,1,1,4,1,2,34,29
"3912",12,15,15,7,12,9,11,15,15,7,12,9,11,6,1,0,NA,0,0,0,0,0,0,34,29
"3913",0,0,0,0,0,0,0,0,0,0,0,0,0,0,0,0,0,0,0,0,0,0,0,0,0
"3914",1,5,1,1,5,1,1,1,1,1,1,1,1,1,4,4,1,4,0,4,4,1,1,4,4
"3915",2,6,1,1,11,3,1,5,1,1,5,1,1,1,0,0,5,6,2,1,6,1,1,5,12
"3916",3,6,1,6,11,3,3,6,1,1,11,3,1,5,2,0,2,0,0,5,2,3,3,10,14
"3917",4,6,4,6,11,3,6,6,1,6,11,3,3,3,1,3,1,3,0,3,3,2,3,13,17
"3918",5,7,4,6,11,8,6,6,4,6,11,3,6,1,0,0,4,3,5,1,5,1,2,14,22
"3919",6,7,4,10,11,11,6,7,4,6,11,8,6,4,3,0,3,0,0,4,3,3,2,18,25
"3920",7,7,9,16,13,11,6,7,4,10,11,11,6,6,1,2,1,2,0,6,2,3,1,29,27
"3921",8,8,9,16,17,11,6,7,9,16,13,11,6,1,0,0,4,2,2,1,4,1,1,30,31
"3922",9,8,11,16,17,13,6,8,9,16,17,11,6,2,2,0,2,0,0,2,2,2,2,32,33
"3923",10,8,17,17,24,13,6,8,11,16,17,13,6,6,6,2,6,2,0,6,6,2,1,39,40
"3924",11,10,17,17,27,13,6,8,17,17,24,13,6,2,0,0,3,1,1,2,3,1,1,41,43
"3925",12,10,17,17,27,13,6,10,17,17,27,13,6,1,1,0,NA,0,0,0,0,0,0,41,43
"3926",0,0,0,0,0,0,0,0,0,0,0,0,0,0,0,0,0,0,0,0,0,0,0,0,0
"3927",1,3,1,1,1,1,3,1,1,1,1,1,1,2,3,2,3,2,0,2,2,1,3,2,2
"3928",2,3,4,1,1,1,5,3,1,1,1,1,3,3,0,0,2,1,1,3,2,2,3,5,4
"3929",3,4,4,1,1,2,5,3,4,1,1,1,5,1,1,0,1,0,0,1,1,1,2,6,5
"3930",4,4,7,1,3,2,5,4,4,1,1,2,5,3,2,1,2,1,0,3,2,2,1,9,7
"3931",5,5,7,1,5,2,5,4,7,1,3,2,5,1,0,0,2,4,2,1,2,1,1,10,9
"3932",6,5,11,1,7,2,5,5,7,1,5,2,5,4,2,0,2,0,0,4,2,2,1,14,11
"3933",7,5,16,1,7,2,9,5,11,1,7,2,5,2,4,5,2,4,0,5,4,2,3,19,15
"3934",8,5,16,3,14,8,9,5,16,1,7,2,9,2,0,0,6,6,6,2,6,3,1,21,28
"3935",9,5,26,5,19,7,9,5,16,3,14,8,9,6,6,0,6,0,0,6,6,2,2,33,32
"3936",10,5,1,7,19,11,9,5,26,5,19,7,9,2,2,1,2,1,0,2,1,3,2,10,36
"3937",11,7,1,7,19,13,9,5,1,7,19,11,9,2,0,0,2,6,5,2,2,1,2,12,38
"3938",12,7,1,7,19,13,9,7,1,7,19,13,9,6,5,0,NA,0,0,0,0,0,0,12,38
"3939",0,0,0,0,0,0,0,0,0,0,0,0,0,0,0,0,0,0,0,0,0,0,0,0,0
"3940",1,1,1,3,5,1,1,1,1,1,1,1,1,4,2,4,4,4,0,2,4,3,1,2,4
"3941",2,1,1,7,6,1,1,1,1,3,5,1,1,4,0,0,1,1,1,4,1,3,1,6,5
"3942",3,1,1,8,6,2,1,1,1,7,6,1,1,1,1,0,1,0,0,1,1,3,2,7,6
"3943",4,5,1,8,11,2,1,1,1,8,6,2,1,4,3,5,3,5,0,4,5,1,1,11,11
"3944",5,5,4,8,11,6,1,5,1,8,11,2,1,3,0,0,1,4,5,3,4,2,2,14,15
"3945",6,5,9,8,12,6,1,5,4,8,11,6,1,1,5,0,1,0,0,5,1,2,1,19,16
"3946",7,9,9,8,13,6,1,5,9,8,12,6,1,4,1,1,1,1,0,4,1,1,1,23,17
"3947",8,10,9,8,13,6,6,9,9,8,13,6,1,1,0,0,3,2,5,1,5,1,3,24,22
"3948",9,13,9,8,15,6,6,10,9,8,13,6,6,3,2,0,2,0,0,3,2,1,1,27,24
"3949",10,19,12,8,19,6,6,13,9,8,15,6,6,6,3,4,3,4,0,6,4,1,1,36,28
"3950",11,19,15,8,21,6,6,19,12,8,19,6,6,3,0,0,5,2,5,3,2,2,1,39,30
"3951",12,19,15,8,21,6,6,19,15,8,21,6,6,5,5,0,NA,0,0,0,0,0,0,39,30
"3952",0,0,0,0,0,0,0,0,0,0,0,0,0,0,0,0,0,0,0,0,0,0,0,0,0
"3953",1,1,4,1,3,1,1,1,1,1,1,1,1,3,2,3,2,3,0,3,2,2,1,3,2
"3954",2,1,7,1,14,1,1,1,4,1,3,1,1,3,0,0,4,6,1,3,6,2,1,6,13
"3955",3,5,7,1,14,2,1,1,7,1,14,1,1,4,1,0,1,0,0,4,1,1,2,10,14
"3956",4,10,7,1,18,2,1,5,7,1,14,2,1,5,3,4,3,4,0,5,4,1,1,15,18
"3957",5,10,7,4,19,8,1,10,7,1,18,2,1,3,0,0,4,6,4,3,6,3,2,18,25
"3958",6,10,11,4,19,12,1,10,7,4,19,8,1,4,4,0,4,0,0,4,4,2,2,22,29
"3959",7,10,11,9,22,12,1,10,11,4,19,12,1,5,3,3,3,3,0,5,3,3,1,27,32
"3960",8,10,11,12,22,20,1,10,11,9,22,12,1,3,0,0,6,3,4,3,6,3,2,30,40
"3961",9,13,11,12,22,20,5,10,11,12,22,20,1,3,4,0,4,0,0,3,4,1,3,33,44
"3962",10,13,13,18,24,20,11,13,11,12,22,20,5,6,6,5,6,5,0,6,6,3,3,41,52
"3963",11,18,1,18,34,20,11,13,13,18,24,20,11,5,0,0,4,3,6,5,6,1,1,34,62
"3964",12,18,1,18,34,20,11,18,1,18,34,20,11,4,3,0,NA,0,0,0,0,0,0,34,62
"3965",0,0,0,0,0,0,0,0,0,0,0,0,0,0,0,0,0,0,0,0,0,0,0,0,0
"3966",1,1,5,1,1,3,1,1,1,1,1,1,1,4,1,2,1,2,0,4,2,2,2,4,2
"3967",2,2,5,1,1,6,1,1,5,1,1,3,1,1,0,0,2,2,3,1,3,1,2,5,5
"3968",3,2,7,1,1,8,1,2,5,1,1,6,1,2,2,0,2,0,0,2,2,2,2,7,7
"3969",4,2,13,6,1,8,9,2,7,1,1,8,1,5,6,6,5,6,0,6,6,2,3,18,15
"3970",5,7,13,6,1,8,14,2,13,6,1,8,9,5,0,0,4,5,1,5,5,1,3,23,20
"3971",6,7,17,6,1,8,15,7,13,6,1,8,14,4,1,0,1,0,0,4,1,2,3,27,21
"3972",7,7,17,10,1,8,20,7,17,6,1,8,15,4,3,5,3,5,0,4,5,3,3,31,26
"3973",8,10,17,10,3,14,26,7,17,10,1,8,20,3,0,0,6,6,1,3,6,1,3,34,40
"3974",9,10,17,24,1,15,26,10,17,10,3,14,26,6,1,0,1,0,0,6,1,3,2,48,39
"3975",10,12,17,24,1,15,29,10,17,24,1,15,26,1,2,3,1,3,0,2,3,1,3,50,42
"3976",11,12,17,1,11,15,29,12,17,24,1,15,29,1,0,0,1,5,6,1,6,3,1,27,52
"3977",12,12,17,1,11,15,29,12,17,1,11,15,29,1,5,0,NA,0,0,0,0,0,0,27,52
"3978",0,0,0,0,0,0,0,0,0,0,0,0,0,0,0,0,0,0,0,0,0,0,0,0,0
"3979",1,1,6,1,1,1,2,1,1,1,1,1,1,2,5,1,2,1,0,5,1,2,3,5,1
"3980",2,1,8,1,1,6,14,1,6,1,1,1,2,2,0,0,5,6,6,2,6,2,3,7,18
"3981",3,1,16,1,1,11,14,1,8,1,1,6,14,5,6,0,5,0,0,6,5,2,2,15,23
"3982",4,1,22,11,1,16,14,1,16,1,1,11,14,6,5,5,5,5,0,6,5,3,2,31,28
"3983",5,1,27,11,4,16,14,1,22,11,1,16,14,5,0,0,2,3,5,5,3,2,1,36,31
"3984",6,1,36,11,6,1,1,1,27,11,4,16,14,2,5,0,2,0,0,5,2,2,1,45,5
"3985",7,13,36,11,8,1,1,1,36,11,6,1,1,6,3,2,3,2,0,6,2,1,1,57,7
"3986",8,16,36,11,13,1,1,13,36,11,8,1,1,3,0,0,5,1,5,3,5,1,1,60,12
"3987",9,17,36,11,18,1,1,16,36,11,13,1,1,1,5,0,5,0,0,1,5,1,1,61,17
"3988",10,18,36,11,18,1,3,17,36,11,18,1,1,1,1,2,1,2,0,1,2,1,3,62,19
"3989",11,19,36,11,21,1,3,18,36,11,18,1,3,1,0,0,3,2,5,1,3,1,1,63,22
"3990",12,19,36,11,21,1,3,19,36,11,21,1,3,2,5,0,NA,0,0,0,0,0,0,63,22
"3991",0,0,0,0,0,0,0,0,0,0,0,0,0,0,0,0,0,0,0,0,0,0,0,0,0
"3992",1,1,6,1,1,6,1,1,1,1,1,1,1,5,5,2,5,2,0,5,5,2,2,5,5
"3993",2,3,6,1,5,6,1,1,6,1,1,6,1,2,0,0,4,4,4,2,4,1,1,7,9
"3994",3,3,6,5,9,6,1,3,6,1,5,6,1,4,4,0,4,0,0,4,4,3,1,11,13
"3995",4,11,6,5,12,6,1,3,6,5,9,6,1,6,2,3,2,3,0,6,3,1,1,19,16
"3996",5,13,6,5,12,11,1,11,6,5,12,6,1,2,0,0,1,5,1,2,5,1,2,21,21
"3997",6,14,6,5,13,11,1,13,6,5,12,11,1,1,1,0,1,0,0,1,1,1,1,22,22
"3998",7,14,6,7,13,14,1,14,6,5,13,11,1,3,3,2,3,3,0,2,3,3,2,24,25
"3999",8,17,6,7,19,14,6,14,6,7,13,14,1,3,0,0,5,6,4,3,6,1,1,27,36
"4000",9,22,6,7,23,14,6,17,6,7,19,14,6,5,4,0,4,0,0,5,4,1,1,32,40
"4001",10,22,11,7,23,14,11,22,6,7,23,14,6,5,5,2,5,2,0,5,5,2,3,37,45
"4002",11,24,11,7,26,14,23,22,11,7,23,14,11,2,0,0,2,5,6,2,6,1,3,39,60
"4003",12,24,11,7,26,14,23,24,11,7,26,14,23,2,5,0,NA,0,0,0,0,0,0,39,60
"4004",0,0,0,0,0,0,0,0,0,0,0,0,0,0,0,0,0,0,0,0,0,0,0,0,0
"4005",1,5,1,1,1,1,5,1,1,1,1,1,1,1,4,4,1,4,0,4,4,1,3,4,4
"4006",2,5,2,1,1,1,9,5,1,1,1,1,5,1,0,0,4,5,5,1,4,2,3,5,8
"4007",3,5,2,6,1,1,14,5,2,1,1,1,9,5,5,0,5,0,0,5,5,3,3,10,13
"4008",4,5,7,6,1,1,19,5,2,6,1,1,14,5,5,3,5,3,0,5,5,2,3,15,18
"4009",5,5,7,9,1,6,19,5,7,6,1,1,19,3,0,0,1,1,5,3,5,3,2,18,23
"4010",6,5,8,9,1,6,20,5,7,9,1,6,19,1,1,0,1,0,0,1,1,2,3,19,24
"4011",7,5,8,14,1,10,20,5,8,9,1,6,20,4,5,1,4,1,0,5,4,3,2,24,28
"4012",8,5,8,15,4,10,20,5,8,14,1,10,20,1,0,0,2,1,3,1,3,3,1,25,31
"4013",9,7,8,15,4,10,21,5,8,15,4,10,20,2,1,0,1,0,0,2,1,1,3,27,32
"4014",10,7,8,18,14,10,21,7,8,15,4,10,21,6,2,3,6,2,0,3,6,3,1,30,42
"4015",11,7,8,20,15,10,21,7,8,18,14,10,21,2,0,0,1,5,4,2,1,3,1,32,43
"4016",12,7,8,20,15,10,21,7,8,20,15,10,21,5,4,0,NA,0,0,0,0,0,0,32,43
"4017",0,0,0,0,0,0,0,0,0,0,0,0,0,0,0,0,0,0,0,0,0,0,0,0,0
"4018",1,1,1,5,6,1,1,1,1,1,1,1,1,5,4,1,5,1,0,4,5,3,1,4,5
"4019",2,1,2,5,6,1,6,1,1,5,6,1,1,1,0,0,5,4,4,1,5,2,3,5,10
"4020",3,1,2,9,10,1,6,1,2,5,6,1,6,4,4,0,4,0,0,4,4,3,1,9,14
"4021",4,1,7,9,14,1,6,1,2,9,10,1,6,3,5,4,3,4,0,5,4,2,1,14,18
"4022",5,4,7,9,14,7,10,1,7,9,14,1,6,3,0,0,5,1,6,3,6,1,2,17,28
"4023",6,9,7,9,14,8,10,4,7,9,14,7,10,5,1,0,1,0,0,5,1,1,2,22,29
"4024",7,9,10,9,14,8,12,9,7,9,14,8,10,1,3,2,1,2,0,3,2,2,3,25,31
"4025",8,9,11,9,18,8,12,9,10,9,14,8,12,1,0,0,1,4,3,1,4,2,1,26,35
"4026",9,9,14,9,18,9,12,9,11,9,18,8,12,1,3,0,1,0,0,3,1,2,2,29,36
"4027",10,9,19,9,18,13,12,9,14,9,18,9,12,4,3,5,4,3,0,5,4,2,2,34,40
"4028",11,9,19,12,21,13,12,9,19,9,18,13,12,3,0,0,3,4,3,3,3,3,1,37,43
"4029",12,9,19,12,21,13,12,9,19,12,21,13,12,4,3,0,NA,0,0,0,0,0,0,37,43
"4030",0,0,0,0,0,0,0,0,0,0,0,0,0,0,0,0,0,0,0,0,0,0,0,0,0
"4031",1,4,1,1,1,1,2,1,1,1,1,1,1,1,1,3,1,1,0,3,1,1,3,3,1
"4032",2,4,2,1,1,4,2,4,1,1,1,1,2,1,0,0,1,1,3,1,3,2,2,4,4
"4033",3,4,3,1,1,5,2,4,2,1,1,4,2,1,1,0,1,0,0,1,1,2,2,5,5
"4034",4,4,6,1,1,6,2,4,3,1,1,5,2,3,1,1,1,1,0,3,1,2,2,8,6
"4035",5,4,7,1,1,6,10,4,6,1,1,6,2,1,0,0,2,6,5,1,6,2,3,9,14
"4036",6,4,7,6,1,6,12,4,7,1,1,6,10,2,5,0,2,0,0,5,2,3,3,14,16
"4037",7,4,10,6,1,6,15,4,7,6,1,6,12,1,3,3,1,3,0,3,3,2,3,17,19
"4038",8,4,10,7,4,12,15,4,10,6,1,6,15,1,0,0,4,6,4,1,6,3,2,18,28
"4039",9,4,14,7,8,12,15,4,10,7,4,12,15,4,4,0,4,0,0,4,4,2,1,22,32
"4040",10,4,19,7,8,12,18,4,14,7,8,12,15,3,5,1,3,1,0,5,3,2,3,27,35
"4041",11,4,20,7,16,12,18,4,19,7,8,12,18,1,0,0,4,6,5,1,6,2,1,28,43
"4042",12,4,20,7,16,12,18,4,20,7,16,12,18,4,5,0,NA,0,0,0,0,0,0,28,43
"4043",0,0,0,0,0,0,0,0,0,0,0,0,0,0,0,0,0,0,0,0,0,0,0,0,0
"4044",1,6,1,1,5,1,1,1,1,1,1,1,1,5,4,1,4,1,0,5,4,1,1,5,4
"4045",2,7,1,1,9,1,1,6,1,1,5,1,1,1,0,0,4,5,4,1,4,1,1,6,8
"4046",3,11,1,1,14,1,1,7,1,1,9,1,1,5,4,0,5,0,0,4,5,1,1,10,13
"4047",4,11,6,1,14,1,4,11,1,1,14,1,1,3,2,5,3,2,0,5,3,2,3,15,16
"4048",5,11,8,1,14,1,9,11,6,1,14,1,4,2,0,0,2,3,5,2,5,2,3,17,21
"4049",6,11,10,1,17,1,9,11,8,1,14,1,9,2,3,0,3,0,0,2,3,2,1,19,24
"4050",7,11,13,1,17,6,15,11,10,1,17,1,9,6,1,3,6,1,0,3,6,2,3,22,35
"4051",8,12,13,1,17,10,15,11,13,1,17,6,15,1,0,0,4,3,1,1,4,1,2,23,39
"4052",9,13,13,1,17,13,15,12,13,1,17,10,15,3,1,0,3,0,0,1,3,1,2,24,42
"4053",10,18,19,1,17,22,15,13,13,1,17,13,15,6,6,5,6,5,0,6,6,2,2,35,51
"4054",11,23,19,1,17,23,15,18,19,1,17,22,15,5,0,0,1,1,3,5,1,1,2,40,52
"4055",12,23,19,1,17,23,15,23,19,1,17,23,15,1,3,0,NA,0,0,0,0,0,0,40,52
"4056",0,0,0,0,0,0,0,0,0,0,0,0,0,0,0,0,0,0,0,0,0,0,0,0,0
"4057",1,1,1,3,1,3,1,1,1,1,1,1,1,2,1,2,1,2,0,2,2,3,2,2,2
"4058",2,1,1,4,7,3,6,1,1,3,1,3,1,1,0,0,1,6,4,1,6,3,1,3,13
"4059",3,5,1,4,7,4,6,1,1,4,7,3,6,1,4,0,1,0,0,4,1,1,2,7,14
"4060",4,5,6,4,11,10,6,5,1,4,7,4,6,3,6,5,3,6,0,5,6,2,2,12,24
"4061",5,8,6,4,12,10,18,5,6,4,11,10,6,3,0,0,6,2,6,3,6,1,3,15,37
"4062",6,10,6,4,18,18,18,8,6,4,12,10,18,2,6,0,6,0,0,2,6,1,2,17,51
"4063",7,10,12,7,18,21,18,10,6,4,18,18,18,6,3,4,3,4,0,6,3,2,2,26,54
"4064",8,14,12,7,18,29,24,10,12,7,18,21,18,4,0,0,1,3,6,4,6,1,3,30,68
"4065",9,14,1,10,18,35,24,14,12,7,18,29,24,1,3,0,1,0,0,3,1,3,2,22,74
"4066",10,19,1,10,18,1,25,14,1,10,18,35,24,3,2,1,2,1,0,3,1,1,3,27,41
"4067",11,21,1,10,23,1,25,19,1,10,18,1,25,2,0,0,5,2,1,2,5,1,1,29,46
"4068",12,21,1,10,23,1,25,21,1,10,23,1,25,2,1,0,NA,0,0,0,0,0,0,29,46
"4069",0,0,0,0,0,0,0,0,0,0,0,0,0,0,0,0,0,0,0,0,0,0,0,0,0
"4070",1,1,1,5,3,7,1,1,1,1,1,1,1,4,6,6,6,6,0,4,6,3,2,4,8
"4071",2,2,7,5,3,12,1,1,1,5,3,7,1,6,0,0,3,4,5,6,5,2,2,11,13
"4072",3,2,7,9,3,15,1,2,7,5,3,12,1,3,4,0,3,0,0,4,3,3,2,15,16
"4073",4,2,12,15,3,21,3,2,7,9,3,15,1,6,3,6,3,6,0,6,6,3,2,26,24
"4074",5,2,15,15,3,25,3,2,12,15,3,21,3,3,0,0,4,4,1,3,4,2,2,29,28
"4075",6,6,15,15,3,26,3,2,15,15,3,25,3,4,1,0,1,0,0,4,1,1,2,33,29
"4076",7,6,15,20,3,31,3,6,15,15,3,26,3,5,3,5,3,5,0,5,5,3,2,38,34
"4077",8,6,18,20,3,36,3,6,15,20,3,31,3,3,0,0,5,3,3,3,5,2,2,41,39
"4078",9,9,18,20,5,39,3,6,18,20,3,36,3,3,3,0,3,0,0,3,3,1,2,44,82
"4079",10,14,18,20,5,39,7,9,18,20,5,39,3,4,5,1,4,1,0,5,4,1,3,49,86
"4080",11,15,18,20,6,39,7,14,18,20,5,39,7,1,0,0,1,5,1,1,1,1,1,50,87
"4081",12,15,18,20,6,39,7,15,18,20,6,39,7,5,1,0,NA,0,0,0,0,0,0,50,87
"4082",0,0,0,0,0,0,0,0,0,0,0,0,0,0,0,0,0,0,0,0,0,0,0,0,0
"4083",1,1,3,1,2,1,1,1,1,1,1,1,1,1,1,2,1,1,0,2,1,2,1,2,1
"4084",2,1,3,2,2,1,6,1,3,1,2,1,1,1,0,0,5,4,2,1,5,3,3,3,6
"4085",3,1,7,2,2,3,6,1,3,2,2,1,6,4,2,0,2,0,0,4,2,2,2,7,8
"4086",4,1,7,5,2,7,6,1,7,2,2,3,6,1,3,4,1,4,0,3,4,3,2,10,12
"4087",5,1,8,5,2,12,6,1,7,5,2,7,6,1,0,0,1,4,5,1,5,2,2,11,17
"4088",6,1,8,9,2,13,6,1,8,5,2,12,6,1,4,0,1,0,0,4,1,3,2,15,18
"4089",7,1,8,13,2,13,7,1,8,9,2,13,6,1,4,1,1,1,0,4,1,3,3,19,19
"4090",8,1,8,14,2,13,9,1,8,13,2,13,7,1,0,0,1,2,1,1,2,3,3,20,21
"4091",9,1,8,15,3,13,9,1,8,14,2,13,9,1,1,0,1,0,0,1,1,3,1,21,22
"4092",10,6,8,15,6,13,9,1,8,15,3,13,9,5,3,1,3,1,0,5,3,1,1,26,25
"4093",11,6,8,16,6,13,13,6,8,15,6,13,9,1,0,0,6,6,4,1,4,3,3,27,29
"4094",12,6,8,16,6,13,13,6,8,16,6,13,13,6,6,0,NA,0,0,0,0,0,0,27,29
"4095",0,0,0,0,0,0,0,0,0,0,0,0,0,0,0,0,0,0,0,0,0,0,0,0,0
"4096",1,1,6,1,7,6,1,1,1,1,1,1,1,5,6,2,6,2,0,5,6,2,1,5,11
"4097",2,1,8,1,13,8,7,1,6,1,7,6,1,2,0,0,3,6,3,2,6,2,3,7,25
"4098",3,1,11,1,13,11,7,1,8,1,13,8,7,3,3,0,3,0,0,3,3,2,2,10,28
"4099",4,1,16,1,13,11,10,1,11,1,13,11,7,1,5,3,1,3,0,5,3,2,3,15,31
"4100",5,2,16,1,13,13,10,1,16,1,13,11,10,1,0,0,4,2,4,1,2,1,2,16,33
"4101",6,2,20,1,17,13,10,2,16,1,13,13,10,4,4,0,4,0,0,4,4,2,1,20,37
"4102",7,2,29,1,22,19,10,2,20,1,17,13,10,2,6,6,2,6,0,6,6,2,2,29,48
"4103",8,4,33,1,1,19,14,2,29,1,22,19,10,2,0,0,4,2,1,2,4,1,3,35,31
"4104",9,4,35,1,2,19,14,4,33,1,1,19,14,2,1,0,1,0,0,2,1,2,1,37,32
"4105",10,9,39,1,5,19,14,4,35,1,2,19,14,3,3,4,3,3,0,4,3,2,1,84,35
"4106",11,12,39,1,15,19,14,9,39,1,5,19,14,3,0,0,6,4,5,3,6,1,1,87,45
"4107",12,12,39,1,15,19,14,12,39,1,15,19,14,4,5,0,NA,0,0,0,0,0,0,87,45
"4108",0,0,0,0,0,0,0,0,0,0,0,0,0,0,0,0,0,0,0,0,0,0,0,0,0
"4109",1,6,1,1,6,1,1,1,1,1,1,1,1,5,5,1,5,1,0,5,5,1,1,5,5
"4110",2,6,2,1,10,1,1,6,1,1,6,1,1,1,0,0,4,6,1,1,4,2,1,6,9
"4111",3,12,2,2,10,2,1,6,2,1,10,1,1,6,1,0,1,0,0,6,1,1,2,13,10
"4112",4,12,2,6,10,4,1,12,2,2,10,2,1,4,2,2,2,2,0,4,2,3,2,17,12
"4113",5,14,2,6,12,4,1,12,2,6,10,4,1,2,0,0,2,2,3,2,2,1,1,19,14
"4114",6,16,2,6,12,7,1,14,2,6,12,4,1,2,3,0,3,0,0,2,3,1,2,21,17
"4115",7,16,6,6,12,10,1,16,2,6,12,7,1,1,3,4,1,3,0,4,3,2,2,25,20
"4116",8,16,7,6,17,10,1,16,6,6,12,10,1,1,0,0,3,3,5,1,5,2,1,26,25
"4117",9,16,10,6,20,10,1,16,7,6,17,10,1,3,3,0,3,0,0,3,3,2,1,29,28
"4118",10,18,10,6,20,11,1,16,10,6,20,10,1,1,2,1,1,1,0,2,1,1,2,31,29
"4119",11,18,1,1,36,17,1,18,10,6,20,11,1,1,0,0,2,5,4,1,4,2,1,17,51
"4120",12,18,1,1,36,17,1,18,1,1,36,17,1,2,5,0,NA,0,0,0,0,0,0,17,51
"4121",0,0,0,0,0,0,0,0,0,0,0,0,0,0,0,0,0,0,0,0,0,0,0,0,0
"4122",1,1,1,6,6,1,1,1,1,1,1,1,1,5,3,5,3,5,0,5,5,3,1,5,5
"4123",2,1,4,6,6,6,1,1,1,6,6,1,1,3,0,0,5,5,1,3,5,2,2,8,10
"4124",3,6,4,6,6,6,2,1,4,6,6,6,1,5,1,0,1,0,0,5,1,1,3,13,11
"4125",4,6,4,15,11,6,2,6,4,6,6,6,2,4,6,5,4,5,0,6,5,3,1,22,16
"4126",5,10,4,15,17,6,3,6,4,15,11,6,2,4,0,0,6,6,3,4,6,1,1,26,23
"4127",6,10,4,1,17,10,10,10,4,15,17,6,3,6,3,0,3,0,0,6,3,3,3,12,34
"4128",7,10,5,1,17,19,10,10,4,1,17,10,10,1,4,6,4,6,0,1,6,2,2,13,43
"4129",8,10,5,5,17,19,12,10,5,1,17,19,10,4,0,0,5,4,2,4,2,3,3,17,45
"4130",9,14,5,5,17,19,17,10,5,5,17,19,12,5,4,0,5,0,0,4,5,1,3,21,50
"4131",10,17,5,5,19,19,17,14,5,5,17,19,17,3,2,2,2,2,0,3,2,1,1,24,52
"4132",11,19,5,5,23,19,23,17,5,5,19,19,17,2,0,0,6,3,2,2,6,1,3,26,62
"4133",12,19,5,5,23,19,23,19,5,5,23,19,23,3,2,0,NA,0,0,0,0,0,0,26,62
"4134",0,0,0,0,0,0,0,0,0,0,0,0,0,0,0,0,0,0,0,0,0,0,0,0,0
"4135",1,1,6,1,5,1,1,1,1,1,1,1,1,2,5,4,2,4,0,5,4,2,1,5,4
"4136",2,1,6,3,11,6,1,1,6,1,5,1,1,2,0,0,6,5,3,2,6,3,1,7,15
"4137",3,1,6,8,11,6,4,1,6,3,11,6,1,5,3,0,3,0,0,5,3,3,3,12,18
"4138",4,6,6,8,14,6,4,1,6,8,11,6,4,1,3,5,1,3,0,5,3,1,1,17,21
"4139",5,6,7,8,14,11,4,6,6,8,14,6,4,1,0,0,5,5,2,1,5,2,2,18,26
"4140",6,6,12,8,16,11,4,6,7,8,14,11,4,5,2,0,2,0,0,5,2,2,1,23,28
"4141",7,10,12,8,16,16,16,6,12,8,16,11,4,4,6,2,6,2,0,4,6,1,3,27,45
"4142",8,10,12,10,20,16,16,10,12,8,16,16,16,2,0,0,4,1,1,2,4,3,1,29,49
"4143",9,11,12,10,20,16,17,10,12,10,20,16,16,1,1,0,1,0,0,1,1,1,3,30,50
"4144",10,11,12,14,24,16,17,11,12,10,20,16,17,4,4,3,4,3,0,4,4,3,1,34,54
"4145",11,11,15,14,26,22,17,11,12,14,24,16,17,3,0,0,6,4,1,3,6,2,2,37,62
"4146",12,11,15,14,26,22,17,11,15,14,26,22,17,4,1,0,NA,0,0,0,0,0,0,37,62
"4147",0,0,0,0,0,0,0,0,0,0,0,0,0,0,0,0,0,0,0,0,0,0,0,0,0
"4148",1,1,7,2,5,1,1,1,1,1,1,1,1,2,4,6,2,4,0,6,4,2,1,7,4
"4149",2,3,7,2,5,1,6,1,7,2,5,1,1,2,0,0,6,1,5,2,5,1,3,9,9
"4150",3,3,13,7,6,1,6,3,7,2,5,1,6,6,1,0,1,0,0,6,1,2,1,20,10
"4151",4,3,13,9,11,1,6,3,13,7,6,1,6,5,2,2,5,2,0,2,5,3,1,22,15
"4152",5,3,13,11,16,1,6,3,13,9,11,1,6,2,0,0,5,2,3,2,5,3,1,24,20
"4153",6,3,16,11,18,1,6,3,13,11,16,1,6,2,3,0,2,0,0,3,2,2,1,27,22
"4154",7,3,16,14,18,6,6,3,16,11,18,1,6,5,3,2,5,2,0,3,5,3,2,30,27
"4155",8,5,16,14,18,6,8,3,16,14,18,6,6,2,0,0,6,1,2,2,2,1,3,32,29
"4156",9,11,16,17,18,7,8,5,16,14,18,6,8,6,1,0,1,0,0,6,1,1,2,41,30
"4157",10,15,16,17,23,7,8,11,16,17,18,7,8,5,4,3,5,3,0,4,5,1,1,45,35
"4158",11,15,19,17,28,7,8,15,16,17,23,7,8,3,0,0,6,1,5,3,5,2,1,48,40
"4159",12,15,19,17,28,7,8,15,19,17,28,7,8,6,1,0,NA,0,0,0,0,0,0,48,40
"4160",0,0,0,0,0,0,0,0,0,0,0,0,0,0,0,0,0,0,0,0,0,0,0,0,0
"4161",1,1,1,2,1,1,2,1,1,1,1,1,1,1,1,1,1,1,0,1,1,3,3,1,1
"4162",2,1,2,2,1,1,6,1,1,2,1,1,2,1,0,0,3,2,4,1,4,2,3,2,5
"4163",3,4,2,2,3,1,6,1,2,2,1,1,6,3,2,0,2,0,0,3,2,1,1,5,7
"4164",4,4,8,6,7,1,6,4,2,2,3,1,6,6,3,4,3,4,0,6,4,2,1,15,11
"4165",5,7,8,6,9,1,6,4,8,6,7,1,6,3,0,0,1,2,2,3,2,1,1,18,13
"4166",6,7,9,6,11,1,6,7,8,6,9,1,6,1,2,0,2,0,0,1,2,2,1,19,15
"4167",7,12,9,6,11,5,6,7,9,6,11,1,6,5,4,3,4,3,0,5,4,1,2,24,19
"4168",8,15,9,6,16,5,6,12,9,6,11,5,6,3,0,0,2,2,5,3,5,1,1,27,24
"4169",9,15,9,8,18,5,6,15,9,6,16,5,6,2,2,0,2,0,0,2,2,3,1,29,26
"4170",10,15,15,15,21,5,6,15,9,8,18,5,6,2,3,6,2,3,0,6,3,3,1,42,29
"4171",11,17,15,15,26,5,6,15,15,15,21,5,6,2,0,0,5,1,1,2,5,1,1,44,34
"4172",12,17,15,15,26,5,6,17,15,15,26,5,6,1,1,0,NA,0,0,0,0,0,0,44,34
"4173",0,0,0,0,0,0,0,0,0,0,0,0,0,0,0,0,0,0,0,0,0,0,0,0,0
"4174",1,1,1,5,1,4,1,1,1,1,1,1,1,4,3,3,3,3,0,4,3,3,2,4,3
"4175",2,4,1,5,1,4,6,1,1,5,1,4,1,3,0,0,5,1,3,3,5,1,3,7,8
"4176",3,4,1,8,1,4,7,4,1,5,1,4,6,1,3,0,1,0,0,3,1,3,3,10,9
"4177",4,4,1,13,1,4,10,4,1,8,1,4,7,2,5,3,2,3,0,5,3,3,3,15,12
"4178",5,4,1,15,3,4,16,4,1,13,1,4,10,2,0,0,1,1,6,2,6,3,3,17,20
"4179",6,4,2,15,3,4,17,4,1,15,3,4,16,1,1,0,1,0,0,1,1,2,3,18,21
"4180",7,4,9,15,5,16,17,4,2,15,3,4,17,4,6,6,4,6,0,6,6,2,2,25,35
"4181",8,4,9,19,13,16,17,4,9,15,5,16,17,4,0,0,1,5,6,4,6,3,1,29,43
"4182",9,4,14,19,14,16,17,4,9,19,13,16,17,1,5,0,1,0,0,5,1,2,1,34,44
"4183",10,4,15,19,17,16,17,4,14,19,14,16,17,3,1,4,3,4,0,1,3,2,1,35,47
"4184",11,4,19,19,28,16,17,4,15,19,17,16,17,4,0,0,2,6,5,4,6,2,1,39,58
"4185",12,4,19,19,28,16,17,4,19,19,28,16,17,2,5,0,NA,0,0,0,0,0,0,39,58
"4186",0,0,0,0,0,0,0,0,0,0,0,0,0,0,0,0,0,0,0,0,0,0,0,0,0
"4187",1,1,1,4,1,1,4,1,1,1,1,1,1,3,3,2,3,2,0,3,3,3,3,3,3
"4188",2,1,1,6,1,5,4,1,1,4,1,1,4,2,0,0,1,4,4,2,4,3,2,5,7
"4189",3,1,1,10,1,5,5,1,1,6,1,5,4,1,4,0,1,0,0,4,1,3,3,9,8
"4190",4,1,1,12,1,5,7,1,1,10,1,5,5,2,2,2,2,2,0,2,2,3,3,11,10
"4191",5,1,1,14,1,9,7,1,1,12,1,5,7,2,0,0,3,5,4,2,4,3,2,13,14
"4192",6,1,1,19,4,9,7,1,1,14,1,9,7,3,5,0,3,0,0,5,3,3,1,18,17
"4193",7,4,1,19,10,12,7,1,1,19,4,9,7,3,3,6,3,6,0,3,6,1,1,21,26
"4194",8,7,1,19,10,12,11,4,1,19,10,12,7,3,0,0,4,2,3,3,4,1,3,24,30
"4195",9,10,1,19,10,12,13,7,1,19,10,12,11,2,3,0,2,0,0,3,2,1,3,27,32
"4196",10,10,1,21,14,12,13,10,1,19,10,12,13,4,2,1,4,1,0,2,4,3,1,29,36
"4197",11,11,1,21,14,16,13,10,1,21,14,12,13,1,0,0,4,6,5,1,4,1,2,30,40
"4198",12,11,1,21,14,16,13,11,1,21,14,16,13,6,5,0,NA,0,0,0,0,0,0,30,40
"4199",0,0,0,0,0,0,0,0,0,0,0,0,0,0,0,0,0,0,0,0,0,0,0,0,0
"4200",1,1,1,6,1,1,3,1,1,1,1,1,1,2,5,2,2,2,0,5,2,3,3,5,2
"4201",2,3,1,6,6,1,3,1,1,6,1,1,3,2,0,0,5,1,2,2,5,1,1,7,7
"4202",3,3,1,8,6,2,3,3,1,6,6,1,3,1,2,0,1,0,0,2,1,3,2,9,8
"4203",4,5,7,8,6,6,3,3,1,8,6,2,3,3,4,6,3,4,0,6,4,2,2,17,12
"4204",5,8,7,8,9,6,3,5,7,8,6,6,3,3,0,0,3,3,3,3,3,1,1,20,15
"4205",6,8,10,8,9,6,6,8,7,8,9,6,3,3,3,0,3,0,0,3,3,2,3,23,18
"4206",7,8,10,11,9,10,6,8,10,8,9,6,6,1,4,3,1,4,0,3,4,3,2,26,22
"4207",8,9,10,11,9,16,10,8,10,11,9,10,6,1,0,0,4,5,6,1,6,1,2,27,32
"4208",9,9,15,11,9,20,10,9,10,11,9,16,10,4,5,0,4,0,0,5,4,2,2,32,36
"4209",10,11,15,11,9,20,13,9,15,11,9,20,10,3,3,2,3,3,0,2,3,1,3,34,39
"4210",11,14,15,11,23,20,13,11,15,11,9,20,13,3,0,0,6,6,4,3,6,1,1,37,53
"4211",12,14,15,11,23,20,13,14,15,11,23,20,13,6,4,0,NA,0,0,0,0,0,0,37,53
"4212",0,0,0,0,0,0,0,0,0,0,0,0,0,0,0,0,0,0,0,0,0,0,0,0,0
"4213",1,1,2,1,1,1,4,1,1,1,1,1,1,3,1,1,3,1,0,1,3,2,3,1,3
"4214",2,1,2,2,4,1,4,1,2,1,1,1,4,1,0,0,1,1,3,1,3,3,1,2,6
"4215",3,1,3,2,5,1,4,1,2,2,4,1,4,1,1,0,1,0,0,1,1,2,1,3,7
"4216",4,1,5,2,5,6,4,1,3,2,5,1,4,5,2,2,5,2,0,2,5,2,2,5,12
"4217",5,1,5,4,7,6,4,1,5,2,5,6,4,2,0,0,2,3,2,2,2,3,1,7,14
"4218",6,1,5,7,9,6,4,1,5,4,7,6,4,3,2,0,2,0,0,3,2,3,1,10,16
"4219",7,1,5,9,9,15,10,1,5,7,9,6,4,5,6,2,5,6,0,2,6,3,2,12,31
"4220",8,6,5,9,9,15,19,1,5,9,9,15,10,5,0,0,4,6,2,5,6,1,3,17,40
"4221",9,10,5,9,9,17,19,6,5,9,9,15,19,4,2,0,2,0,0,4,2,1,2,21,42
"4222",10,11,5,15,9,21,19,10,5,9,9,17,19,4,6,4,4,4,0,6,4,3,2,28,46
"4223",11,15,5,15,14,21,19,11,5,15,9,21,19,4,0,0,5,3,3,4,5,1,1,32,51
"4224",12,15,5,15,14,21,19,15,5,15,14,21,19,3,3,0,NA,0,0,0,0,0,0,32,51
"4225",0,0,0,0,0,0,0,0,0,0,0,0,0,0,0,0,0,0,0,0,0,0,0,0,0
"4226",1,7,7,3,5,1,1,1,1,1,1,1,1,6,1,4,1,4,0,6,4,2,1,14,4
"4227",2,8,7,3,5,5,1,7,7,3,5,1,1,1,0,0,6,4,4,1,4,1,2,15,8
"4228",3,11,7,9,9,5,1,8,7,3,5,5,1,6,4,0,4,0,0,6,4,3,1,24,12
"4229",4,11,14,9,19,5,7,11,7,9,9,5,1,6,4,6,4,6,0,6,6,2,3,31,28
"4230",5,11,18,9,24,5,7,11,14,9,19,5,7,4,0,0,5,3,1,4,5,2,1,35,33
"4231",6,11,21,9,24,5,8,11,18,9,24,5,7,3,1,0,1,0,0,3,1,2,3,38,34
"4232",7,17,21,10,26,5,8,11,21,9,24,5,8,2,1,6,2,1,0,6,2,1,1,45,36
"4233",8,18,21,10,26,9,8,17,21,10,26,5,8,1,0,0,6,4,4,1,4,1,2,46,40
"4234",9,18,36,10,30,1,8,18,21,10,26,9,8,6,4,0,4,0,0,6,4,2,1,61,36
"4235",10,19,36,12,5,1,8,18,36,10,30,1,8,2,4,6,4,6,0,2,4,3,1,64,11
"4236",11,30,36,12,10,1,8,19,36,12,5,1,8,6,0,0,5,6,3,6,5,1,1,75,16
"4237",12,30,36,12,10,1,8,30,36,12,10,1,8,6,3,0,NA,0,0,0,0,0,0,75,16
"4238",0,0,0,0,0,0,0,0,0,0,0,0,0,0,0,0,0,0,0,0,0,0,0,0,0
"4239",1,4,1,1,6,1,1,1,1,1,1,1,1,3,5,2,5,2,0,3,5,1,1,3,5
"4240",2,6,1,1,10,1,7,4,1,1,6,1,1,2,0,0,1,4,6,2,6,1,3,5,15
"4241",3,6,5,1,10,2,7,6,1,1,10,1,7,1,4,0,1,0,0,4,1,2,2,9,16
"4242",4,6,5,4,19,8,7,6,5,1,10,2,7,3,3,6,3,6,0,3,6,3,1,12,31
"4243",5,6,8,4,19,8,11,6,5,4,19,8,7,3,0,0,2,1,4,3,4,2,3,15,35
"4244",6,6,9,4,19,10,11,6,8,4,19,8,11,2,1,0,2,0,0,1,2,2,2,16,37
"4245",7,8,9,10,19,10,15,6,9,4,19,10,11,2,6,4,2,4,0,6,4,3,3,24,41
"4246",8,8,9,12,20,16,15,8,9,10,19,10,15,2,0,0,6,6,4,2,6,3,2,26,48
"4247",9,14,9,15,20,16,19,8,9,12,20,16,15,6,4,0,4,0,0,6,4,1,3,35,52
"4248",10,14,14,15,23,16,19,14,9,15,20,16,19,5,3,5,3,5,0,5,3,2,1,40,55
"4249",11,19,14,15,27,16,19,14,14,15,23,16,19,5,0,0,4,3,4,5,4,1,1,45,59
"4250",12,19,14,15,27,16,19,19,14,15,27,16,19,3,4,0,NA,0,0,0,0,0,0,45,59
"4251",0,0,0,0,0,0,0,0,0,0,0,0,0,0,0,0,0,0,0,0,0,0,0,0,0
"4252",1,1,1,6,6,1,1,1,1,1,1,1,1,5,3,5,3,5,0,5,5,3,1,5,5
"4253",2,1,4,6,6,1,6,1,1,6,6,1,1,3,0,0,2,6,5,3,5,2,3,8,10
"4254",3,12,10,6,6,1,8,1,4,6,6,1,6,2,6,0,2,0,0,6,2,1,3,25,12
"4255",4,16,10,6,6,13,9,12,10,6,6,1,8,1,4,6,1,6,0,4,6,1,2,29,25
"4256",5,17,10,6,6,17,9,16,10,6,6,13,9,1,0,0,3,4,4,1,4,1,2,30,29
"4257",6,21,10,6,6,20,9,17,10,6,6,17,9,3,4,0,3,0,0,4,3,1,2,34,32
"4258",7,21,10,14,6,24,9,21,10,6,6,20,9,4,6,4,4,4,0,6,4,3,2,42,36
"4259",8,21,14,14,6,27,9,21,10,14,6,24,9,4,0,0,3,3,2,4,3,2,2,46,39
"4260",9,21,14,17,6,29,9,21,14,14,6,27,9,3,2,0,2,0,0,3,2,3,2,49,41
"4261",10,21,19,17,6,33,9,21,14,17,6,29,9,4,1,5,4,1,0,5,4,2,2,54,45
"4262",11,21,19,18,6,37,9,21,19,17,6,33,9,1,0,0,3,4,5,1,4,3,2,55,49
"4263",12,21,19,18,6,37,9,21,19,18,6,37,9,3,5,0,NA,0,0,0,0,0,0,55,49
"4264",0,0,0,0,0,0,0,0,0,0,0,0,0,0,0,0,0,0,0,0,0,0,0,0,0
"4265",1,1,6,7,4,1,1,1,1,1,1,1,1,6,3,1,3,1,0,6,3,3,1,11,3
"4266",2,1,7,7,9,1,1,1,6,7,4,1,1,1,0,0,2,5,4,1,5,2,1,12,8
"4267",3,1,7,11,11,1,1,1,7,7,9,1,1,2,4,0,2,0,0,4,2,3,1,16,10
"4268",4,1,12,11,15,1,7,1,7,11,11,1,1,4,6,5,4,6,0,5,6,2,3,21,20
"4269",5,5,12,11,17,1,7,1,12,11,15,1,7,4,0,0,2,1,1,4,2,1,1,25,22
"4270",6,5,13,11,18,1,7,5,12,11,17,1,7,1,1,0,1,0,0,1,1,2,1,26,23
"4271",7,5,17,11,18,1,11,5,13,11,18,1,7,4,2,4,2,4,0,4,4,2,3,30,27
"4272",8,1,17,13,23,3,11,5,17,11,18,1,11,2,0,0,4,5,5,2,5,3,1,28,34
"4273",9,7,17,13,1,3,16,1,17,13,23,3,11,4,5,0,5,0,0,4,5,1,3,34,17
"4274",10,11,17,13,1,3,17,7,17,13,1,3,16,4,1,5,1,5,0,4,1,1,3,38,18
"4275",11,16,17,13,3,3,17,11,17,13,1,3,17,5,0,0,2,1,6,5,2,1,1,43,20
"4276",12,16,17,13,3,3,17,16,17,13,3,3,17,1,6,0,NA,0,0,0,0,0,0,43,20
"4277",0,0,0,0,0,0,0,0,0,0,0,0,0,0,0,0,0,0,0,0,0,0,0,0,0
"4278",1,5,1,1,1,5,1,1,1,1,1,1,1,4,4,1,4,1,0,4,4,1,2,4,4
"4279",2,6,1,1,13,6,1,5,1,1,1,5,1,1,0,0,6,5,3,1,6,1,1,5,17
"4280",3,6,4,1,13,11,1,6,1,1,13,6,1,5,3,0,5,0,0,3,5,2,2,8,22
"4281",4,11,4,1,13,11,5,6,4,1,13,11,1,2,4,5,2,4,0,5,4,1,3,13,26
"4282",5,13,4,1,13,16,11,11,4,1,13,11,5,2,0,0,1,6,6,2,6,1,3,15,37
"4283",6,14,4,1,13,17,17,13,4,1,13,16,11,1,6,0,6,0,0,1,6,1,3,16,44
"4284",7,14,8,1,19,22,17,14,4,1,13,17,17,6,4,3,6,3,0,4,6,2,1,20,55
"4285",8,16,8,4,19,4,17,14,8,1,19,22,17,3,0,0,3,3,1,3,3,3,2,25,37
"4286",9,16,11,4,19,5,17,16,8,4,19,4,17,3,1,0,1,0,0,3,1,2,2,28,38
"4287",10,16,14,4,19,8,17,16,11,4,19,5,17,1,3,3,1,3,0,3,3,2,2,31,41
"4288",11,17,14,4,21,14,17,16,14,4,19,8,17,1,0,0,3,5,6,1,6,1,2,32,49
"4289",12,17,14,4,21,14,17,17,14,4,21,14,17,3,5,0,NA,0,0,0,0,0,0,32,49
"4290",0,0,0,0,0,0,0,0,0,0,0,0,0,0,0,0,0,0,0,0,0,0,0,0,0
"4291",1,1,9,1,1,3,1,1,1,1,1,1,1,6,2,1,2,1,0,6,2,2,2,8,2
"4292",2,2,9,1,6,3,1,1,9,1,1,3,1,1,0,0,6,4,5,1,5,1,1,9,7
"4293",3,2,15,9,6,7,1,2,9,1,6,3,1,6,4,0,4,0,0,6,4,2,2,23,11
"4294",4,2,18,15,6,12,1,2,15,9,6,7,1,2,6,5,2,5,0,6,5,3,2,32,16
"4295",5,2,18,17,6,14,1,2,18,15,6,12,1,2,0,0,2,3,2,2,2,3,2,34,18
"4296",6,4,18,17,9,14,1,2,18,17,6,14,1,3,2,0,3,0,0,2,3,1,1,36,21
"4297",7,7,18,17,12,14,1,4,18,17,9,14,1,3,3,2,3,2,0,3,3,1,1,39,24
"4298",8,9,18,17,12,24,1,7,18,17,12,14,1,2,0,0,4,6,6,2,6,1,2,41,34
"4299",9,19,24,17,16,24,1,9,18,17,12,24,1,4,6,0,4,0,0,6,4,1,1,57,38
"4300",10,19,29,17,16,24,2,19,24,17,16,24,1,3,1,5,3,1,0,5,1,2,3,62,39
"4301",11,22,29,17,16,28,2,19,29,17,16,24,2,3,0,0,4,1,4,3,4,1,2,65,43
"4302",12,22,29,17,16,28,2,22,29,17,16,28,2,1,4,0,NA,0,0,0,0,0,0,65,43
"4303",0,0,0,0,0,0,0,0,0,0,0,0,0,0,0,0,0,0,0,0,0,0,0,0,0
"4304",1,6,1,1,6,1,1,1,1,1,1,1,1,5,5,4,5,4,0,5,5,1,1,5,5
"4305",2,10,1,1,11,1,1,6,1,1,6,1,1,4,0,0,4,3,5,4,5,1,1,9,10
"4306",3,13,1,1,11,1,5,10,1,1,11,1,1,4,3,0,4,0,0,3,4,1,3,12,14
"4307",4,16,1,1,11,5,5,13,1,1,11,1,5,3,4,2,4,2,0,3,4,1,2,15,18
"4308",5,18,1,1,11,11,6,16,1,1,11,5,5,2,0,0,4,6,2,2,6,1,2,17,25
"4309",6,22,1,1,11,13,6,18,1,1,11,11,6,4,2,0,2,0,0,4,2,1,2,21,27
"4310",7,26,1,1,11,16,6,22,1,1,11,13,6,1,3,4,1,3,0,4,3,1,2,25,30
"4311",8,1,1,1,11,18,9,26,1,1,11,16,6,1,0,0,1,3,4,1,3,1,3,0,35
"4312",9,1,2,1,15,18,9,1,1,1,11,18,9,1,4,0,4,0,0,1,4,2,1,1,39
"4313",10,3,2,1,16,18,9,1,2,1,15,18,9,2,1,4,1,4,0,2,1,1,1,3,40
"4314",11,7,2,1,17,18,9,3,2,1,16,18,9,4,0,0,1,3,6,4,1,1,1,7,41
"4315",12,7,2,1,17,18,9,7,2,1,17,18,9,3,6,0,NA,0,0,0,0,0,0,7,41
"4316",0,0,0,0,0,0,0,0,0,0,0,0,0,0,0,0,0,0,0,0,0,0,0,0,0
"4317",1,1,6,1,1,1,5,1,1,1,1,1,1,5,4,4,4,4,0,5,4,2,3,5,4
"4318",2,1,10,1,6,1,5,1,6,1,1,1,5,4,0,0,5,4,5,4,5,2,1,9,9
"4319",3,1,15,1,10,1,5,1,10,1,6,1,5,4,5,0,4,0,0,5,4,2,1,14,13
"4320",4,6,15,1,15,1,5,1,15,1,10,1,5,4,5,5,4,5,0,5,5,1,1,19,18
"4321",5,6,15,5,20,1,5,6,15,1,15,1,5,4,0,0,2,5,5,4,5,3,1,23,23
"4322",6,11,15,5,20,1,7,6,15,5,20,1,5,2,5,0,2,0,0,5,2,1,3,28,25
"4323",7,15,15,5,20,1,11,11,15,5,20,1,7,2,4,4,2,4,0,4,4,1,3,32,29
"4324",8,15,15,7,20,1,16,15,15,5,20,1,11,2,0,0,4,5,6,2,5,3,3,34,34
"4325",9,21,15,8,20,1,20,15,15,7,20,1,16,4,6,0,4,0,0,6,4,1,3,41,38
"4326",10,21,21,14,20,1,23,21,15,8,20,1,20,3,3,6,3,3,0,6,3,3,3,53,41
"4327",11,21,21,17,20,1,28,21,21,14,20,1,23,3,0,0,1,6,5,3,5,3,3,56,46
"4328",12,21,21,17,20,1,28,21,21,17,20,1,28,1,6,0,NA,0,0,0,0,0,0,56,46
"4329",0,0,0,0,0,0,0,0,0,0,0,0,0,0,0,0,0,0,0,0,0,0,0,0,0
"4330",1,5,1,1,1,5,1,1,1,1,1,1,1,4,2,4,2,4,0,4,4,1,2,4,4
"4331",2,5,1,3,1,11,6,5,1,1,1,5,1,2,0,0,6,6,1,2,6,3,2,6,15
"4332",3,10,7,3,1,11,7,5,1,3,1,11,6,6,1,0,1,0,0,6,1,2,3,17,16
"4333",4,10,12,9,1,11,8,10,7,3,1,11,7,6,1,1,1,1,0,6,1,3,3,28,17
"4334",5,11,12,9,1,16,8,10,12,9,1,11,8,1,0,0,5,2,2,1,5,1,2,29,22
"4335",6,11,14,9,1,16,10,11,12,9,1,16,8,2,2,0,2,0,0,2,2,2,3,31,24
"4336",7,11,14,19,1,21,10,11,14,9,1,16,10,3,5,6,3,5,0,6,5,3,2,41,29
"4337",8,11,14,1,6,21,10,11,14,19,1,21,10,3,0,0,4,5,3,3,3,3,1,23,34
"4338",9,16,14,1,6,21,14,11,14,1,6,21,10,4,5,0,4,0,0,5,4,1,3,28,38
"4339",10,16,14,6,6,1,18,16,14,1,6,21,14,1,4,2,1,4,0,2,4,3,3,33,22
"4340",11,17,14,6,8,1,18,16,14,6,6,1,18,1,0,0,3,1,2,1,2,1,1,34,24
"4341",12,17,14,6,8,1,18,17,14,6,8,1,18,3,1,0,NA,0,0,0,0,0,0,34,24
"4342",0,0,0,0,0,0,0,0,0,0,0,0,0,0,0,0,0,0,0,0,0,0,0,0,0
"4343",1,2,1,1,4,1,1,1,1,1,1,1,1,3,1,1,3,1,0,1,3,1,1,1,3
"4344",2,2,1,2,9,1,1,2,1,1,4,1,1,1,0,0,1,4,5,1,5,3,1,2,8
"4345",3,2,1,6,10,1,1,2,1,2,9,1,1,1,4,0,1,0,0,4,1,3,1,6,9
"4346",4,3,7,6,10,1,3,2,1,6,10,1,1,1,6,2,1,2,0,6,2,2,3,13,11
"4347",5,4,7,6,10,6,3,3,7,6,10,1,3,1,0,0,1,1,5,1,5,1,2,14,16
"4348",6,5,7,6,11,6,3,4,7,6,10,6,3,1,1,0,1,0,0,1,1,1,1,15,17
"4349",7,11,7,7,17,12,3,5,7,6,11,6,3,3,6,6,3,6,0,6,6,1,1,22,29
"4350",8,11,10,7,20,12,9,11,7,7,17,12,3,3,0,0,4,6,1,3,6,2,3,25,38
"4351",9,11,14,7,20,12,10,11,10,7,20,12,9,4,1,0,1,0,0,4,1,2,3,29,39
"4352",10,11,14,12,24,12,10,11,14,7,20,12,10,1,4,5,1,4,0,5,4,3,1,34,43
"4353",11,11,14,13,26,12,10,11,14,12,24,12,10,1,0,0,2,5,5,1,2,3,1,35,45
"4354",12,11,14,13,26,12,10,11,14,13,26,12,10,5,5,0,NA,0,0,0,0,0,0,35,45
"4355",0,0,0,0,0,0,0,0,0,0,0,0,0,0,0,0,0,0,0,0,0,0,0,0,0
"4356",1,7,1,3,4,1,1,1,1,1,1,1,1,2,3,6,2,3,0,6,3,1,1,8,3
"4357",2,9,1,3,7,1,1,7,1,3,4,1,1,2,0,0,2,3,6,2,3,1,1,10,6
"4358",3,12,1,9,9,1,1,9,1,3,7,1,1,2,6,0,2,0,0,6,2,3,1,19,8
"4359",4,12,8,9,11,1,1,12,1,9,9,1,1,1,6,2,1,2,0,6,2,2,1,26,10
"4360",5,13,8,9,17,4,1,12,8,9,11,1,1,1,0,0,3,6,6,1,6,1,1,27,19
"4361",6,16,14,9,17,7,1,13,8,9,17,4,1,3,6,0,3,0,0,6,3,2,2,36,22
"4362",7,16,18,9,19,7,1,16,14,9,17,7,1,2,1,4,2,1,0,4,2,2,1,40,24
"4363",8,16,18,10,22,7,1,16,18,9,19,7,1,1,0,0,3,2,5,1,3,3,1,41,27
"4364",9,16,18,15,22,7,3,16,18,10,22,7,1,2,5,0,2,0,0,5,2,3,3,46,29
"4365",10,18,18,15,30,7,3,16,18,15,22,7,3,2,1,6,1,6,0,2,6,1,1,48,37
"4366",11,18,18,1,37,7,9,18,18,15,30,7,3,1,0,0,6,2,6,1,6,3,3,34,50
"4367",12,18,18,1,37,7,9,18,18,1,37,7,9,2,6,0,NA,0,0,0,0,0,0,34,50
"4368",0,0,0,0,0,0,0,0,0,0,0,0,0,0,0,0,0,0,0,0,0,0,0,0,0
"4369",1,1,4,1,1,1,2,1,1,1,1,1,1,1,1,3,1,1,0,3,1,2,3,3,1
"4370",2,1,4,2,1,9,8,1,4,1,1,1,2,1,0,0,4,6,3,1,6,3,3,4,15
"4371",3,1,7,2,1,9,12,1,4,2,1,9,8,4,3,0,4,0,0,3,4,2,3,7,19
"4372",4,1,9,2,7,10,12,1,7,2,1,9,12,2,2,6,2,6,0,2,6,2,1,9,26
"4373",5,1,9,4,7,13,12,1,9,2,7,10,12,2,0,0,5,3,1,2,3,3,2,11,29
"4374",6,1,14,4,8,13,12,1,9,4,7,13,12,5,1,0,1,0,0,5,1,2,1,16,30
"4375",7,1,20,6,22,13,12,1,14,4,8,13,12,6,1,6,1,6,0,6,6,2,1,24,44
"4376",8,1,20,7,24,13,12,1,20,6,22,13,12,1,0,0,1,2,2,1,2,3,1,25,46
"4377",9,1,22,1,30,13,12,1,20,7,24,13,12,1,2,0,1,0,0,2,1,2,1,21,52
"4378",10,1,26,1,30,17,12,1,22,1,30,13,12,1,4,4,1,4,0,4,4,2,2,25,56
"4379",11,2,26,1,32,17,12,1,26,1,30,17,12,1,0,0,2,5,1,1,2,1,1,26,58
"4380",12,2,26,1,32,17,12,2,26,1,32,17,12,5,1,0,NA,0,0,0,0,0,0,26,58
"4381",0,0,0,0,0,0,0,0,0,0,0,0,0,0,0,0,0,0,0,0,0,0,0,0,0
"4382",1,6,1,1,1,2,1,1,1,1,1,1,1,1,1,5,1,1,0,5,1,1,2,5,1
"4383",2,6,1,2,1,2,6,6,1,1,1,2,1,1,0,0,5,2,3,1,5,3,3,6,6
"4384",3,9,1,2,3,2,6,6,1,2,1,2,6,2,3,0,2,0,0,3,2,1,1,9,8
"4385",4,9,6,8,4,8,6,9,1,2,3,2,6,6,6,6,6,6,0,6,6,3,2,20,15
"4386",5,9,8,14,4,8,10,9,6,8,4,8,6,6,0,0,3,4,6,6,4,3,3,28,19
"4387",6,13,14,14,4,8,13,9,8,14,4,8,10,3,6,0,3,0,0,6,3,2,3,38,22
"4388",7,15,14,14,4,14,15,13,14,14,4,8,13,2,6,6,6,6,0,2,6,1,2,40,30
"4389",8,15,20,16,4,17,15,15,14,14,4,14,15,6,0,0,1,3,1,6,3,2,2,48,33
"4390",9,16,20,16,4,17,16,15,20,16,4,17,15,1,1,0,1,0,0,1,1,1,3,49,34
"4391",10,17,20,16,4,17,19,16,20,16,4,17,16,2,1,3,2,3,0,1,3,1,3,50,37
"4392",11,17,23,16,2,17,19,17,20,16,4,17,19,2,0,0,3,1,6,2,1,2,1,53,35
"4393",12,17,23,16,2,17,19,17,23,16,2,17,19,3,6,0,NA,0,0,0,0,0,0,53,35
"4394",0,0,0,0,0,0,0,0,0,0,0,0,0,0,0,0,0,0,0,0,0,0,0,0,0
"4395",1,1,1,5,1,1,6,1,1,1,1,1,1,5,3,4,5,3,0,4,5,3,3,4,5
"4396",2,4,1,5,1,6,6,1,1,5,1,1,6,3,0,0,2,4,5,3,5,1,2,7,10
"4397",3,4,1,7,1,6,10,4,1,5,1,6,6,2,4,0,4,0,0,2,4,3,3,9,14
"4398",4,4,1,15,1,6,15,4,1,7,1,6,10,5,6,2,5,2,0,6,5,3,3,17,19
"4399",5,4,3,15,1,11,15,4,1,15,1,6,15,2,0,0,6,5,2,2,5,2,2,19,24
"4400",6,10,3,16,1,13,15,4,3,15,1,11,15,6,2,0,2,0,0,6,2,1,2,26,26
"4401",7,10,9,20,1,13,18,10,3,16,1,13,15,6,4,3,4,3,0,6,3,2,3,36,29
"4402",8,14,9,1,7,13,18,10,9,20,1,13,18,4,0,0,6,2,1,4,1,1,1,21,35
"4403",9,20,11,1,9,13,18,14,9,1,7,13,18,6,2,0,2,0,0,6,2,1,1,29,37
"4404",10,20,16,1,15,18,18,20,11,1,9,13,18,6,3,5,6,3,0,5,6,2,1,34,48
"4405",11,20,19,1,19,18,18,20,16,1,15,18,18,3,0,0,4,5,6,3,4,2,1,37,52
"4406",12,20,19,1,19,18,18,20,19,1,19,18,18,5,6,0,NA,0,0,0,0,0,0,37,52
"4407",0,0,0,0,0,0,0,0,0,0,0,0,0,0,0,0,0,0,0,0,0,0,0,0,0
"4408",1,4,1,1,1,1,6,1,1,1,1,1,1,5,3,1,5,1,0,3,5,1,3,3,5
"4409",2,5,1,1,6,1,6,4,1,1,1,1,6,1,0,0,5,5,3,1,5,1,1,4,10
"4410",3,5,1,6,9,1,6,5,1,1,6,1,6,5,3,0,3,0,0,5,3,3,1,9,13
"4411",4,10,1,6,12,1,6,5,1,6,9,1,6,5,3,3,3,3,0,5,3,1,1,14,16
"4412",5,10,4,6,17,1,6,10,1,6,12,1,6,3,0,0,1,3,5,3,5,2,1,17,21
"4413",6,10,4,9,17,2,6,10,4,6,17,1,6,1,3,0,1,0,0,3,1,3,2,20,22
"4414",7,10,4,14,21,2,6,10,4,9,17,2,6,5,3,4,3,4,0,5,4,3,1,25,26
"4415",8,13,4,14,21,2,10,10,4,14,21,2,6,3,0,0,4,1,4,3,4,1,3,28,30
"4416",9,13,4,18,21,3,10,13,4,14,21,2,10,1,4,0,1,0,0,4,1,3,2,32,31
"4417",10,16,4,18,21,5,10,13,4,18,21,3,10,3,2,2,2,2,0,3,2,1,2,35,33
"4418",11,18,4,18,21,5,15,16,4,18,21,5,10,2,0,0,3,5,4,2,5,1,3,37,38
"4419",12,18,4,18,21,5,15,18,4,18,21,5,15,3,4,0,NA,0,0,0,0,0,0,37,38
"4420",0,0,0,0,0,0,0,0,0,0,0,0,0,0,0,0,0,0,0,0,0,0,0,0,0
"4421",1,1,1,5,1,4,1,1,1,1,1,1,1,1,3,4,1,3,0,4,3,3,2,4,3
"4422",2,1,2,5,6,10,1,1,1,5,1,4,1,1,0,0,6,5,5,1,6,2,2,5,14
"4423",3,1,7,5,6,10,6,1,2,5,6,10,1,5,5,0,5,0,0,5,5,2,3,10,19
"4424",4,1,10,5,6,10,8,1,7,5,6,10,6,2,1,3,2,1,0,3,2,2,3,13,21
"4425",5,1,11,5,11,16,8,1,10,5,6,10,8,1,0,0,6,5,1,1,6,2,2,14,32
"4426",6,1,11,10,11,16,9,1,11,5,11,16,8,5,1,0,1,0,0,5,1,3,3,19,33
"4427",7,1,11,14,11,16,16,1,11,10,11,16,9,4,6,2,6,2,0,4,6,3,3,23,40
"4428",8,1,13,14,17,18,22,1,11,14,11,16,16,2,0,0,6,1,2,2,6,2,1,25,54
"4429",9,1,15,14,17,18,23,1,13,14,17,18,22,1,2,0,1,0,0,2,1,2,3,27,55
"4430",10,1,15,15,26,18,23,1,15,14,17,18,23,2,6,1,2,6,0,1,6,3,1,28,64
"4431",11,3,15,15,35,18,23,1,15,15,26,18,23,2,0,0,6,6,6,2,6,1,1,30,73
"4432",12,3,15,15,35,18,23,3,15,15,35,18,23,6,6,0,NA,0,0,0,0,0,0,30,73
"4433",0,0,0,0,0,0,0,0,0,0,0,0,0,0,0,0,0,0,0,0,0,0,0,0,0
"4434",1,1,6,1,7,5,1,1,1,1,1,1,1,5,6,6,6,6,0,5,6,2,1,5,10
"4435",2,1,12,5,7,10,1,1,6,1,7,5,1,6,0,0,5,2,1,6,5,2,2,15,15
"4436",3,3,12,5,8,10,1,1,12,5,7,10,1,2,1,0,1,0,0,2,1,1,1,17,16
"4437",4,3,17,5,8,15,1,3,12,5,8,10,1,5,2,5,2,5,0,5,5,2,2,22,21
"4438",5,1,19,5,8,31,1,3,17,5,8,15,1,2,0,0,6,5,6,2,6,2,2,22,37
"4439",6,6,25,5,8,36,1,1,19,5,8,31,1,5,6,0,5,0,0,6,5,2,2,33,42
"4440",7,7,25,5,12,36,1,6,25,5,8,36,1,4,1,1,4,1,0,1,4,1,1,34,46
"4441",8,7,25,6,12,36,6,7,25,5,12,36,1,1,0,0,4,1,5,1,5,3,3,35,51
"4442",9,7,29,6,13,36,6,7,25,6,12,36,6,4,1,0,1,0,0,4,1,2,1,39,52
"4443",10,7,32,6,19,38,6,7,29,6,13,36,6,3,6,4,6,4,0,3,6,2,1,42,60
"4444",11,7,36,6,20,38,6,7,32,6,19,38,6,4,0,0,1,5,1,4,1,2,1,46,61
"4445",12,7,36,6,20,38,6,7,36,6,20,38,6,5,1,0,NA,0,0,0,0,0,0,46,61
"4446",0,0,0,0,0,0,0,0,0,0,0,0,0,0,0,0,0,0,0,0,0,0,0,0,0
"4447",1,1,1,5,2,1,1,1,1,1,1,1,1,2,1,4,2,1,0,4,1,3,1,4,1
"4448",2,3,1,5,2,6,1,1,1,5,2,1,1,2,0,0,1,3,5,2,5,1,2,6,6
"4449",3,3,1,6,2,9,1,3,1,5,2,6,1,1,3,0,3,0,0,1,3,3,2,7,9
"4450",4,3,1,11,2,12,1,3,1,6,2,9,1,5,3,3,3,3,0,5,3,3,2,12,12
"4451",5,6,1,11,2,12,4,3,1,11,2,12,1,3,0,0,2,3,5,3,3,1,3,15,15
"4452",6,6,1,16,2,12,6,6,1,11,2,12,4,2,5,0,2,0,0,5,2,3,3,20,17
"4453",7,6,1,19,4,12,6,6,1,16,2,12,6,2,3,1,2,1,0,3,2,3,1,23,19
"4454",8,6,2,19,4,17,6,6,1,19,4,12,6,1,0,0,5,3,3,1,5,2,2,24,24
"4455",9,9,1,19,4,20,8,6,2,19,4,17,6,3,3,0,3,0,0,3,3,1,2,26,29
"4456",10,9,4,19,5,1,14,9,1,19,4,20,8,1,6,1,6,1,0,1,6,2,3,29,17
"4457",11,9,5,19,5,1,18,9,4,19,5,1,14,1,0,0,6,2,4,1,4,2,3,30,21
"4458",12,9,5,19,5,1,18,9,5,19,5,1,18,6,2,0,NA,0,0,0,0,0,0,30,21
"4459",0,0,0,0,0,0,0,0,0,0,0,0,0,0,0,0,0,0,0,0,0,0,0,0,0
"4460",1,9,1,1,1,5,1,1,1,1,1,1,1,4,6,2,4,2,0,6,4,1,2,8,4
"4461",2,9,3,1,1,5,6,9,1,1,1,5,1,2,0,0,5,2,2,2,5,2,3,10,9
"4462",3,9,5,1,3,5,6,9,3,1,1,5,6,2,2,0,2,0,0,2,2,2,1,12,11
"4463",4,14,11,1,3,9,6,9,5,1,3,5,6,4,6,1,4,1,0,6,4,2,2,23,15
"4464",5,15,11,1,3,12,6,14,11,1,3,9,6,1,0,0,1,3,3,1,3,1,2,24,18
"4465",6,15,14,1,3,12,7,15,11,1,3,12,6,1,3,0,1,0,0,3,1,2,3,27,19
"4466",7,15,14,5,3,12,8,15,14,1,3,12,7,4,1,1,1,1,0,4,1,3,3,31,20
"4467",8,15,15,5,3,17,8,15,14,5,3,12,8,1,0,0,5,3,3,1,5,2,2,32,25
"4468",9,15,15,8,3,20,8,15,15,5,3,17,8,3,3,0,3,0,0,3,3,3,2,35,28
"4469",10,16,15,14,3,23,8,15,15,8,3,20,8,3,6,2,3,2,0,6,3,3,2,42,31
"4470",11,18,15,14,3,24,8,16,15,14,3,23,8,2,0,0,2,5,1,2,1,1,2,44,32
"4471",12,18,15,14,3,24,8,18,15,14,3,24,8,2,5,0,NA,0,0,0,0,0,0,44,32
"4472",0,0,0,0,0,0,0,0,0,0,0,0,0,0,0,0,0,0,0,0,0,0,0,0,0
"4473",1,1,3,1,3,1,1,1,1,1,1,1,1,2,2,1,2,1,0,2,2,2,1,2,2
"4474",2,1,4,1,3,1,6,1,3,1,3,1,1,1,0,0,5,2,1,1,5,2,3,3,7
"4475",3,1,4,3,3,2,6,1,4,1,3,1,6,2,1,0,1,0,0,2,1,3,2,5,8
"4476",4,6,4,3,3,2,11,1,4,3,3,2,6,5,5,5,5,5,0,5,5,1,3,10,13
"4477",5,6,9,3,3,2,14,6,4,3,3,2,11,5,0,0,3,1,1,5,3,2,3,15,16
"4478",6,6,9,4,3,2,15,6,9,3,3,2,14,1,1,0,1,0,0,1,1,3,3,16,17
"4479",7,10,9,4,7,2,15,6,9,4,3,2,15,4,4,4,4,4,0,4,4,1,1,20,21
"4480",8,14,9,4,12,2,15,10,9,4,7,2,15,4,0,0,5,2,4,4,5,1,1,24,26
"4481",9,18,9,4,12,2,17,14,9,4,12,2,15,2,4,0,2,0,0,4,2,1,3,28,28
"4482",10,18,15,9,15,2,17,18,9,4,12,2,17,3,3,6,3,3,0,6,3,2,1,39,31
"4483",11,1,15,9,19,3,17,18,15,9,15,2,17,3,0,0,1,4,1,3,1,1,2,22,36
"4484",12,1,15,9,19,3,17,1,15,9,19,3,17,4,1,0,NA,0,0,0,0,0,0,22,36
"4485",0,0,0,0,0,0,0,0,0,0,0,0,0,0,0,0,0,0,0,0,0,0,0,0,0
"4486",1,1,1,2,1,4,1,1,1,1,1,1,1,4,1,3,4,3,0,1,3,3,2,1,3
"4487",2,1,5,2,1,9,13,1,1,2,1,4,1,4,0,0,5,6,1,4,6,2,3,5,20
"4488",3,1,10,2,2,9,13,1,5,2,1,9,13,5,1,0,1,0,0,5,1,2,1,10,21
"4489",4,1,10,6,8,11,13,1,10,2,2,9,13,4,5,6,5,6,0,4,6,3,1,14,29
"4490",5,1,15,6,8,11,18,1,10,6,8,11,13,5,0,0,5,6,1,5,5,2,3,19,34
"4491",6,7,16,6,9,11,18,1,15,6,8,11,18,6,1,0,1,0,0,6,1,1,1,26,35
"4492",7,7,21,6,12,17,18,7,16,6,9,11,18,6,5,3,6,3,0,5,6,2,2,31,44
"4493",8,7,24,6,15,17,18,7,21,6,12,17,18,3,0,0,3,6,6,3,3,2,1,34,47
"4494",9,13,35,11,16,1,24,7,24,6,15,17,18,6,6,0,6,0,0,6,6,2,3,56,38
"4495",10,30,39,11,18,1,24,13,35,11,16,1,24,6,2,6,2,6,0,6,2,1,1,115,40
"4496",11,36,39,15,24,3,24,30,39,11,18,1,24,6,0,0,6,4,3,6,6,1,1,125,48
"4497",12,36,39,15,24,3,24,36,39,15,24,3,24,4,3,0,NA,0,0,0,0,0,0,125,48
"4498",0,0,0,0,0,0,0,0,0,0,0,0,0,0,0,0,0,0,0,0,0,0,0,0,0
"4499",1,9,1,7,1,1,8,1,1,1,1,1,1,3,6,6,3,6,0,6,6,3,3,14,7
"4500",2,9,1,10,3,1,14,9,1,7,1,1,8,3,0,0,1,6,6,3,6,3,3,17,15
"4501",3,15,6,10,3,2,14,9,1,10,3,1,14,1,6,0,1,0,0,6,1,1,2,28,16
"4502",4,19,6,16,5,2,14,15,6,10,3,2,14,6,1,2,1,2,0,6,2,3,1,38,18
"4503",5,19,6,17,5,2,16,19,6,16,5,2,14,1,0,0,2,5,6,1,2,3,3,39,20
"4504",6,19,17,17,10,2,16,19,6,17,5,2,16,5,6,0,5,0,0,6,5,2,1,50,25
"4505",7,23,17,17,12,2,16,19,17,17,10,2,16,4,4,2,4,2,0,4,2,1,1,54,27
"4506",8,27,17,17,12,5,16,23,17,17,12,2,16,4,0,0,1,1,3,4,3,1,2,58,30
"4507",9,27,17,18,12,5,17,27,17,17,12,5,16,1,1,0,1,0,0,1,1,3,3,59,31
"4508",10,30,1,18,2,10,17,27,17,18,12,5,17,1,2,3,1,2,0,3,1,1,1,46,26
"4509",11,30,3,18,2,19,17,30,1,18,2,10,17,2,0,0,6,6,5,2,6,2,2,48,35
"4510",12,30,3,18,2,19,17,30,3,18,2,19,17,6,5,0,NA,0,0,0,0,0,0,48,35
"4511",0,0,0,0,0,0,0,0,0,0,0,0,0,0,0,0,0,0,0,0,0,0,0,0,0
"4512",1,1,7,4,6,1,1,1,1,1,1,1,1,3,6,5,3,5,0,6,5,2,1,9,5
"4513",2,1,7,7,8,1,1,1,7,4,6,1,1,3,0,0,2,6,1,3,2,3,1,12,7
"4514",3,7,7,10,9,1,1,1,7,7,8,1,1,6,1,0,1,0,0,6,1,1,1,21,8
"4515",4,7,7,15,9,1,5,7,7,10,9,1,1,2,5,4,2,4,0,5,4,3,3,26,12
"4516",5,9,7,15,14,1,5,7,7,15,9,1,5,2,0,0,1,5,6,2,5,1,1,28,17
"4517",6,9,13,18,15,1,5,9,7,15,14,1,5,1,6,0,1,0,0,6,1,2,1,37,18
"4518",7,13,13,18,20,1,5,9,13,18,15,1,5,5,4,3,5,3,0,4,5,1,1,41,23
"4519",8,16,13,18,33,1,5,13,13,18,20,1,5,3,0,0,1,6,4,3,6,1,1,44,36
"4520",9,16,13,19,37,1,5,16,13,18,33,1,5,1,4,0,4,0,0,1,4,3,1,45,40
"4521",10,16,15,19,39,1,10,16,13,19,37,1,5,1,2,2,1,2,0,2,2,2,1,47,85
"4522",11,17,15,19,39,3,10,16,15,19,39,1,10,1,0,0,2,6,5,1,2,1,2,48,87
"4523",12,17,15,19,39,3,10,17,15,19,39,3,10,6,5,0,NA,0,0,0,0,0,0,48,87
"4524",0,0,0,0,0,0,0,0,0,0,0,0,0,0,0,0,0,0,0,0,0,0,0,0,0
"4525",1,1,4,1,1,7,6,1,1,1,1,1,1,4,3,6,4,6,0,3,6,2,2,3,11
"4526",2,1,4,5,1,12,6,1,4,1,1,7,6,4,0,0,2,5,3,4,5,3,2,7,16
"4527",3,1,4,8,3,12,6,1,4,5,1,12,6,2,3,0,2,0,0,3,2,3,1,10,18
"4528",4,1,4,13,8,12,6,1,4,8,3,12,6,5,5,5,5,5,0,5,5,3,1,15,23
"4529",5,1,4,18,12,12,12,1,4,13,8,12,6,5,0,0,6,3,3,5,6,3,3,20,33
"4530",6,1,4,21,12,15,12,1,4,18,12,12,12,3,3,0,3,0,0,3,3,3,2,23,36
"4531",7,1,5,27,12,19,12,1,4,21,12,15,12,6,3,4,3,4,0,6,4,3,2,30,40
"4532",8,4,5,27,16,19,12,1,5,27,12,19,12,3,0,0,1,4,5,3,4,1,1,33,44
"4533",9,4,10,27,16,19,13,4,5,27,16,19,12,1,5,0,1,0,0,5,1,2,3,38,45
"4534",10,4,10,32,19,19,13,4,10,27,16,19,13,5,3,3,3,3,0,5,3,3,1,43,48
"4535",11,7,10,32,24,19,13,4,10,32,19,19,13,3,0,0,5,1,4,3,5,1,1,46,53
"4536",12,7,10,32,24,19,13,7,10,32,24,19,13,1,4,0,NA,0,0,0,0,0,0,46,53
"4537",0,0,0,0,0,0,0,0,0,0,0,0,0,0,0,0,0,0,0,0,0,0,0,0,0
"4538",1,1,1,8,1,4,1,1,1,1,1,1,1,3,1,6,3,1,0,6,3,3,2,7,3
"4539",2,1,2,8,7,4,2,1,1,8,1,4,1,1,0,0,1,1,6,1,6,2,1,8,10
"4540",3,1,3,8,8,4,2,1,2,8,7,4,2,1,1,0,1,0,0,1,1,2,1,9,11
"4541",4,1,4,8,8,4,6,1,3,8,8,4,2,2,1,4,2,4,0,1,4,2,3,10,15
"4542",5,1,6,8,9,4,6,1,4,8,8,4,6,2,0,0,1,1,1,2,1,2,1,12,16
"4543",6,1,7,8,9,4,7,1,6,8,9,4,6,1,1,0,1,0,0,1,1,2,3,13,17
"4544",7,1,12,8,9,8,7,1,7,8,9,4,7,1,4,5,1,4,0,5,4,2,2,18,21
"4545",8,1,13,8,9,8,11,1,12,8,9,8,7,1,0,0,1,3,4,1,4,2,3,19,25
"4546",9,1,16,8,9,9,11,1,13,8,9,8,11,1,3,0,1,0,0,3,1,2,2,22,26
"4547",10,1,22,12,14,9,11,1,16,8,9,9,11,3,6,5,3,5,0,6,5,2,1,32,31
"4548",11,1,25,12,14,14,11,1,22,12,14,9,11,3,0,0,5,2,3,3,5,2,2,35,36
"4549",12,1,25,12,14,14,11,1,25,12,14,14,11,2,3,0,NA,0,0,0,0,0,0,35,36
"4550",0,0,0,0,0,0,0,0,0,0,0,0,0,0,0,0,0,0,0,0,0,0,0,0,0
"4551",1,1,7,6,1,3,1,1,1,1,1,1,1,6,2,2,2,2,0,6,2,2,2,11,2
"4552",2,1,9,6,1,9,6,1,7,6,1,3,1,2,0,0,4,4,6,2,6,2,2,13,13
"4553",3,5,9,6,1,13,6,1,9,6,1,9,6,4,4,0,4,0,0,4,4,1,2,17,17
"4554",4,5,9,13,4,13,6,5,9,6,1,13,6,6,1,3,1,3,0,6,3,3,1,24,20
"4555",5,5,9,14,4,13,11,5,9,13,4,13,6,1,0,0,5,1,4,1,5,3,3,25,25
"4556",6,5,9,18,4,13,12,5,9,14,4,13,11,1,4,0,1,0,0,4,1,3,3,29,26
"4557",7,5,9,20,4,13,14,5,9,18,4,13,12,2,2,1,2,1,0,2,2,3,3,31,28
"4558",8,5,9,21,4,13,18,5,9,20,4,13,14,1,0,0,4,4,3,1,4,3,3,32,32
"4559",9,5,13,21,7,13,18,5,9,21,4,13,18,4,3,0,3,0,0,4,3,2,1,36,35
"4560",10,5,16,21,7,16,18,5,13,21,7,13,18,3,3,3,3,3,0,3,3,2,2,39,38
"4561",11,5,19,21,11,22,18,5,16,21,7,16,18,3,0,0,5,1,6,3,6,2,2,42,48
"4562",12,5,19,21,11,22,18,5,19,21,11,22,18,5,1,0,NA,0,0,0,0,0,0,42,48
"4563",0,0,0,0,0,0,0,0,0,0,0,0,0,0,0,0,0,0,0,0,0,0,0,0,0
"4564",1,1,7,3,1,5,1,1,1,1,1,1,1,6,4,1,4,1,0,6,4,2,2,8,4
"4565",2,2,7,3,2,5,1,1,7,3,1,5,1,1,0,0,6,6,1,1,1,1,1,9,5
"4566",3,11,7,3,2,11,6,2,7,3,2,5,1,6,6,0,6,0,0,6,6,1,2,18,16
"4567",4,13,7,9,2,11,11,11,7,3,2,11,6,6,5,3,5,3,0,6,5,3,3,26,21
"4568",5,13,10,9,5,11,11,13,7,9,2,11,11,3,0,0,3,3,1,3,3,2,1,29,24
"4569",6,13,13,9,6,11,11,13,10,9,5,11,11,3,1,0,1,0,0,3,1,2,1,32,25
"4570",7,13,16,9,6,11,15,13,13,9,6,11,11,3,4,1,4,1,0,3,4,2,3,35,29
"4571",8,14,16,9,6,18,15,13,16,9,6,11,15,1,0,0,6,1,3,1,6,1,2,36,36
"4572",9,14,16,12,6,18,16,14,16,9,6,18,15,1,3,0,1,0,0,3,1,3,3,39,37
"4573",10,14,16,23,6,18,17,14,16,12,6,18,16,6,1,2,1,2,0,6,1,3,3,50,38
"4574",11,14,16,1,8,18,17,14,16,23,6,18,17,2,0,0,2,1,6,2,1,3,1,28,40
"4575",12,14,16,1,8,18,17,14,16,1,8,18,17,2,6,0,NA,0,0,0,0,0,0,28,40
"4576",0,0,0,0,0,0,0,0,0,0,0,0,0,0,0,0,0,0,0,0,0,0,0,0,0
"4577",1,4,1,1,1,1,5,1,1,1,1,1,1,4,3,1,4,1,0,3,4,1,3,3,4
"4578",2,5,1,1,1,3,5,4,1,1,1,1,5,1,0,0,2,6,1,1,2,1,2,4,6
"4579",3,11,2,7,2,3,5,5,1,1,1,3,5,6,1,0,1,0,0,6,1,1,1,17,7
"4580",4,11,2,9,2,3,8,11,2,7,2,3,5,2,3,1,3,1,0,2,3,3,3,19,10
"4581",5,12,2,9,2,13,8,11,2,9,2,3,8,1,0,0,1,6,3,1,6,1,2,20,20
"4582",6,12,2,12,2,14,8,12,2,9,2,13,8,1,3,0,1,0,0,3,1,3,2,23,21
"4583",7,13,8,12,2,19,8,12,2,12,2,14,8,5,1,6,5,1,0,6,5,2,2,30,26
"4584",8,13,8,13,2,23,8,13,8,12,2,19,8,1,0,0,1,3,4,1,4,3,2,31,30
"4585",9,13,8,16,2,24,8,13,8,13,2,23,8,1,3,0,1,0,0,3,1,3,2,34,31
"4586",10,16,8,22,2,28,8,13,8,16,2,24,8,6,5,4,5,4,0,6,4,3,2,43,35
"4587",11,21,8,1,5,28,8,16,8,22,2,28,8,5,0,0,3,2,3,5,2,1,1,27,38
"4588",12,21,8,1,5,28,8,21,8,1,5,28,8,3,3,0,NA,0,0,0,0,0,0,27,38
"4589",0,0,0,0,0,0,0,0,0,0,0,0,0,0,0,0,0,0,0,0,0,0,0,0,0
"4590",1,1,5,1,1,1,6,1,1,1,1,1,1,1,4,5,1,5,0,4,5,2,3,4,5
"4591",2,1,5,2,4,1,6,1,5,1,1,1,6,1,0,0,1,4,3,1,3,3,1,5,8
"4592",3,1,5,6,4,2,6,1,5,2,4,1,6,1,4,0,1,0,0,4,1,3,2,9,9
"4593",4,1,10,6,7,2,6,1,5,6,4,2,6,5,1,3,1,3,0,5,3,2,1,14,12
"4594",5,1,11,6,13,5,6,1,10,6,7,2,6,1,0,0,5,6,4,1,6,2,1,15,21
"4595",6,1,11,11,13,9,6,1,11,6,13,5,6,5,4,0,4,0,0,5,4,3,2,20,25
"4596",7,1,11,15,13,18,6,1,11,11,13,9,6,4,6,6,6,6,0,4,6,3,2,24,34
"4597",8,1,18,15,13,18,11,1,11,15,13,18,6,6,0,0,4,1,5,6,5,2,3,31,39
"4598",9,1,18,19,13,18,12,1,18,15,13,18,11,4,1,0,1,0,0,4,1,3,3,35,40
"4599",10,1,21,19,13,18,16,1,18,19,13,18,12,1,3,4,1,4,0,3,4,2,3,38,44
"4600",11,1,21,20,22,18,16,1,21,19,13,18,16,1,0,0,6,4,1,1,6,3,1,39,53
"4601",12,1,21,20,22,18,16,1,21,20,22,18,16,4,1,0,NA,0,0,0,0,0,0,39,53
"4602",0,0,0,0,0,0,0,0,0,0,0,0,0,0,0,0,0,0,0,0,0,0,0,0,0
"4603",1,6,1,1,1,5,1,1,1,1,1,1,1,4,5,1,4,1,0,5,4,1,2,5,4
"4604",2,6,2,1,2,11,1,6,1,1,1,5,1,1,0,0,1,1,6,1,6,2,2,6,11
"4605",3,6,2,2,3,11,1,6,2,1,2,11,1,1,1,0,1,0,0,1,1,3,1,7,12
"4606",4,6,6,2,3,14,1,6,2,2,3,11,1,3,1,4,3,1,0,4,3,2,2,11,15
"4607",5,6,6,3,3,14,5,6,6,2,3,14,1,1,0,0,1,4,1,1,4,3,3,12,19
"4608",6,6,6,4,4,14,5,6,6,3,3,14,5,1,1,0,1,0,0,1,1,3,1,13,20
"4609",7,6,6,7,4,14,7,6,6,4,4,14,5,2,2,3,2,2,0,3,2,3,3,16,22
"4610",8,8,6,7,15,14,7,6,6,7,4,14,7,2,0,0,6,3,1,2,6,1,1,18,33
"4611",9,8,6,10,15,14,8,8,6,7,15,14,7,3,1,0,1,0,0,3,1,3,3,21,34
"4612",10,8,6,14,15,14,10,8,6,10,15,14,8,4,1,2,1,2,0,4,2,3,3,25,36
"4613",11,8,6,15,18,14,10,8,6,14,15,14,10,1,0,0,3,2,3,1,3,3,1,26,39
"4614",12,8,6,15,18,14,10,8,6,15,18,14,10,2,3,0,NA,0,0,0,0,0,0,26,39
"4615",0,0,0,0,0,0,0,0,0,0,0,0,0,0,0,0,0,0,0,0,0,0,0,0,0
"4616",1,1,6,1,1,5,1,1,1,1,1,1,1,4,1,5,4,1,0,5,4,2,2,5,4
"4617",2,1,6,2,1,10,1,1,6,1,1,5,1,1,0,0,5,4,1,1,5,3,2,6,9
"4618",3,5,6,2,1,11,1,1,6,2,1,10,1,4,1,0,1,0,0,4,1,1,2,10,10
"4619",4,10,6,2,9,11,1,5,6,2,1,11,1,6,4,5,6,4,0,5,6,1,1,15,18
"4620",5,10,6,6,13,11,1,10,6,2,9,11,1,4,0,0,4,2,2,4,4,3,1,19,22
"4621",6,10,6,8,13,13,1,10,6,6,13,11,1,2,2,0,2,0,0,2,2,3,2,21,24
"4622",7,10,6,9,13,13,4,10,6,8,13,13,1,1,1,3,1,3,0,1,3,3,3,22,27
"4623",8,10,7,9,13,13,8,10,6,9,13,13,4,1,0,0,2,4,2,1,4,2,3,23,31
"4624",9,12,7,9,15,13,8,10,7,9,13,13,8,2,2,0,2,0,0,2,2,1,1,25,33
"4625",10,12,10,9,15,17,8,12,7,9,15,13,8,3,4,1,4,1,0,3,4,2,2,28,37
"4626",11,13,10,9,22,17,8,12,10,9,15,17,8,1,0,0,6,1,3,1,6,1,1,29,44
"4627",12,13,10,9,22,17,8,13,10,9,22,17,8,1,3,0,NA,0,0,0,0,0,0,29,44
"4628",0,0,0,0,0,0,0,0,0,0,0,0,0,0,0,0,0,0,0,0,0,0,0,0,0
"4629",1,1,5,1,1,1,5,1,1,1,1,1,1,4,4,2,4,2,0,4,4,2,3,4,4
"4630",2,1,7,1,1,5,5,1,5,1,1,1,5,2,0,0,1,4,1,2,4,2,2,6,8
"4631",3,1,7,2,1,5,6,1,7,1,1,5,5,1,1,0,1,0,0,1,1,3,3,7,9
"4632",4,6,7,2,5,5,6,1,7,2,1,5,6,5,4,4,4,4,0,5,4,1,1,12,13
"4633",5,10,7,2,5,13,6,6,7,2,5,5,6,4,0,0,1,6,4,4,6,1,2,16,21
"4634",6,10,7,6,6,13,6,10,7,2,5,13,6,1,4,0,1,0,0,4,1,3,1,20,22
"4635",7,10,10,6,6,15,6,10,7,6,6,13,6,1,2,3,1,2,0,3,2,2,2,23,24
"4636",8,11,10,6,6,15,10,10,10,6,6,15,6,1,0,0,4,3,2,1,4,1,3,24,28
"4637",9,11,10,9,6,17,10,11,10,6,6,15,10,3,2,0,2,0,0,3,2,3,2,27,30
"4638",10,15,10,9,9,17,10,11,10,9,6,17,10,3,4,3,3,3,0,4,3,1,1,31,33
"4639",11,18,10,9,11,17,10,15,10,9,9,17,10,3,0,0,1,1,2,3,2,1,1,34,35
"4640",12,18,10,9,11,17,10,18,10,9,11,17,10,1,1,0,NA,0,0,0,0,0,0,34,35
"4641",0,0,0,0,0,0,0,0,0,0,0,0,0,0,0,0,0,0,0,0,0,0,0,0,0
"4642",1,1,7,5,1,5,7,1,1,1,1,1,1,6,6,5,6,5,0,6,6,2,3,10,10
"4643",2,1,12,5,1,5,12,1,7,5,1,5,7,5,0,0,6,4,5,5,5,2,3,15,15
"4644",3,1,18,11,1,9,12,1,12,5,1,5,12,6,4,0,4,0,0,6,4,3,2,27,19
"4645",4,1,18,16,1,19,12,1,18,11,1,9,12,6,5,3,6,3,0,5,6,3,2,32,29
"4646",5,1,18,19,1,23,18,1,18,16,1,19,12,3,0,0,2,6,1,3,6,3,3,35,39
"4647",6,1,19,19,1,25,18,1,18,19,1,23,18,2,1,0,2,0,0,1,2,2,2,36,41
"4648",7,12,25,19,1,6,18,1,19,19,1,25,18,1,6,5,1,5,0,6,5,1,2,53,22
"4649",8,13,1,19,7,11,18,12,25,19,1,6,18,1,0,0,3,6,6,1,6,1,1,30,33
"4650",9,18,1,25,4,11,18,13,1,19,7,11,18,3,6,0,3,0,0,6,3,3,1,41,30
"4651",10,18,1,28,6,11,18,18,1,25,4,11,18,2,3,3,2,3,0,3,2,3,1,44,32
"4652",11,18,1,31,6,11,23,18,1,28,6,11,18,3,0,0,5,5,6,3,5,3,3,47,37
"4653",12,18,1,31,6,11,23,18,1,31,6,11,23,5,6,0,NA,0,0,0,0,0,0,47,37
"4654",0,0,0,0,0,0,0,0,0,0,0,0,0,0,0,0,0,0,0,0,0,0,0,0,0
"4655",1,9,1,1,1,1,4,1,1,1,1,1,1,3,6,3,3,3,0,6,3,1,3,8,3
"4656",2,9,4,1,4,1,4,9,1,1,1,1,4,3,0,0,3,5,1,3,3,2,1,11,6
"4657",3,9,9,1,4,1,5,9,4,1,4,1,4,5,1,0,1,0,0,5,1,2,3,16,7
"4658",4,11,9,7,8,1,5,9,9,1,4,1,5,6,4,4,4,4,0,6,4,3,1,24,11
"4659",5,11,13,7,12,1,5,11,9,7,8,1,5,4,0,0,4,4,3,4,4,2,1,28,15
"4660",6,11,17,7,15,1,5,11,13,7,12,1,5,4,3,0,3,0,0,4,3,2,1,32,18
"4661",7,16,17,7,18,1,5,11,17,7,15,1,5,3,3,5,3,3,0,5,3,1,1,37,21
"4662",8,19,17,1,27,1,5,16,17,7,18,1,5,3,0,0,6,3,3,3,6,1,1,34,30
"4663",9,19,17,4,27,1,8,19,17,1,27,1,5,3,3,0,3,0,0,3,3,3,3,37,33
"4664",10,25,17,7,28,1,8,19,17,4,27,1,8,1,6,2,1,2,0,6,1,1,1,46,34
"4665",11,1,17,7,29,1,9,25,17,7,28,1,8,2,0,0,2,3,1,2,1,1,3,22,36
"4666",12,1,17,7,29,1,9,1,17,7,29,1,9,2,3,0,NA,0,0,0,0,0,0,22,36
"4667",0,0,0,0,0,0,0,0,0,0,0,0,0,0,0,0,0,0,0,0,0,0,0,0,0
"4668",1,7,1,7,1,5,1,1,1,1,1,1,1,4,4,6,4,4,0,6,4,3,2,12,4
"4669",2,7,5,7,1,5,6,7,1,7,1,5,1,4,0,0,3,5,2,4,5,2,3,16,9
"4670",3,7,5,9,1,8,6,7,5,7,1,5,6,3,2,0,3,0,0,2,3,3,2,18,12
"4671",4,7,7,9,1,8,9,7,5,9,1,8,6,2,2,3,2,3,0,2,3,2,3,20,15
"4672",5,9,7,9,1,8,12,7,7,9,1,8,9,2,0,0,2,3,1,2,3,1,3,22,18
"4673",6,9,7,11,2,8,12,9,7,9,1,8,12,2,1,0,1,0,0,2,1,3,1,24,19
"4674",7,9,12,11,2,11,12,9,7,11,2,8,12,3,5,5,3,5,0,5,3,2,2,29,22
"4675",8,9,12,16,2,13,12,9,12,11,2,11,12,5,0,0,2,6,1,5,2,3,2,34,24
"4676",9,15,18,21,1,13,13,9,12,16,2,13,12,6,1,0,1,0,0,6,1,2,3,51,24
"4677",10,15,18,30,2,13,13,15,18,21,1,13,13,1,4,6,1,4,0,6,1,3,1,60,25
"4678",11,19,18,30,2,13,14,15,18,30,2,13,13,4,0,0,2,3,1,4,1,1,3,64,26
"4679",12,19,18,30,2,13,14,19,18,30,2,13,14,2,3,0,NA,0,0,0,0,0,0,64,26
"4680",0,0,0,0,0,0,0,0,0,0,0,0,0,0,0,0,0,0,0,0,0,0,0,0,0
"4681",1,11,1,1,1,6,1,1,1,1,1,1,1,6,5,1,5,1,0,6,5,1,2,10,5
"4682",2,12,1,1,1,6,6,11,1,1,1,6,1,1,0,0,5,4,6,1,5,1,3,11,10
"4683",3,12,9,1,1,10,6,12,1,1,1,6,6,4,6,0,4,0,0,6,4,2,2,19,14
"4684",4,13,9,1,1,16,9,12,9,1,1,10,6,1,6,3,6,3,0,1,6,1,2,20,23
"4685",5,13,12,1,1,16,13,13,9,1,1,16,9,3,0,0,4,2,4,3,4,2,3,23,27
"4686",6,17,12,1,1,18,13,13,12,1,1,16,13,2,4,0,2,0,0,4,2,1,2,27,29
"4687",7,17,16,1,1,29,13,17,12,1,1,18,13,4,6,4,6,4,0,4,6,2,2,31,40
"4688",8,17,1,5,1,37,13,17,16,1,1,29,13,4,0,0,5,4,3,4,5,3,2,20,48
"4689",9,21,1,5,4,37,13,17,1,5,1,37,13,4,3,0,3,0,0,4,3,1,1,24,51
"4690",10,34,1,5,4,37,5,21,1,5,4,37,13,1,6,4,1,4,0,6,4,1,3,37,43
"4691",11,35,1,5,15,37,5,34,1,5,4,37,5,1,0,0,1,3,6,1,6,1,1,38,54
"4692",12,35,1,5,15,37,5,35,1,5,15,37,5,1,3,0,NA,0,0,0,0,0,0,38,54
"4693",0,0,0,0,0,0,0,0,0,0,0,0,0,0,0,0,0,0,0,0,0,0,0,0,0
"4694",1,6,1,7,1,1,6,1,1,1,1,1,1,1,5,6,1,5,0,6,5,3,3,11,5
"4695",2,7,1,7,1,6,6,6,1,7,1,1,6,1,0,0,1,5,6,1,5,1,2,12,10
"4696",3,7,12,7,1,6,7,7,1,7,1,6,6,1,6,0,1,0,0,6,1,2,3,23,11
"4697",4,11,12,13,1,9,7,7,12,7,1,6,7,2,3,6,2,3,0,6,3,3,2,33,14
"4698",5,13,12,13,1,9,11,11,12,13,1,9,7,2,0,0,4,1,1,2,4,1,3,35,18
"4699",6,13,13,13,2,9,11,13,12,13,1,9,11,1,1,0,1,0,0,1,1,2,1,36,19
"4700",7,19,13,16,2,18,11,13,13,13,2,9,11,6,4,6,4,6,0,6,6,1,2,45,28
"4701",8,19,17,16,2,18,13,19,13,16,2,18,11,4,0,0,2,5,2,4,2,2,3,49,30
"4702",9,24,17,16,2,18,15,19,17,16,2,18,13,5,2,0,2,0,0,5,2,1,3,54,32
"4703",10,37,17,16,4,18,1,24,17,16,2,18,15,5,6,2,5,2,0,6,2,1,1,67,20
"4704",11,38,1,16,9,18,1,37,17,16,4,18,1,5,0,0,3,3,4,5,3,2,1,52,25
"4705",12,38,1,16,9,18,1,38,1,16,9,18,1,3,4,0,NA,0,0,0,0,0,0,52,25
"4706",0,0,0,0,0,0,0,0,0,0,0,0,0,0,0,0,0,0,0,0,0,0,0,0,0
"4707",1,4,7,1,6,1,1,1,1,1,1,1,1,5,5,6,5,5,0,6,5,2,1,9,5
"4708",2,9,7,1,6,6,1,4,7,1,6,1,1,5,0,0,3,5,1,5,5,1,2,14,10
"4709",3,12,7,1,7,6,1,9,7,1,6,6,1,3,1,0,1,0,0,3,1,1,1,17,11
"4710",4,12,7,6,7,12,3,12,7,1,7,6,1,4,6,5,4,6,0,5,6,3,2,22,19
"4711",5,12,7,10,14,12,3,12,7,6,7,12,3,4,0,0,6,2,4,4,6,3,1,26,26
"4712",6,12,11,10,14,14,3,12,7,10,14,12,3,2,4,0,2,0,0,4,2,2,2,30,28
"4713",7,12,15,10,14,14,7,12,11,10,14,14,3,2,4,4,2,4,0,4,4,2,3,34,32
"4714",8,12,15,12,27,14,7,12,15,10,14,14,7,2,0,0,1,6,3,2,6,3,1,36,45
"4715",9,12,15,15,27,14,8,12,15,12,27,14,7,1,3,0,1,0,0,3,1,3,3,39,46
"4716",10,12,19,15,27,14,13,12,15,15,27,14,8,4,1,5,1,5,0,4,5,2,3,43,51
"4717",11,13,19,15,28,14,13,12,19,15,27,14,13,1,0,0,1,5,2,1,1,1,1,44,52
"4718",12,13,19,15,28,14,13,13,19,15,28,14,13,5,2,0,NA,0,0,0,0,0,0,44,52
"4719",0,0,0,0,0,0,0,0,0,0,0,0,0,0,0,0,0,0,0,0,0,0,0,0,0
"4720",1,6,1,1,4,1,1,1,1,1,1,1,1,2,5,3,2,3,0,5,3,1,1,5,3
"4721",2,6,3,1,16,1,5,6,1,1,4,1,1,2,0,0,6,5,4,2,6,2,1,7,19
"4722",3,6,3,6,16,1,9,6,3,1,16,1,5,5,4,0,4,0,0,5,4,3,3,12,23
"4723",4,6,3,11,19,1,9,6,3,6,16,1,9,5,4,3,4,3,0,5,3,3,1,17,26
"4724",5,6,3,15,19,1,13,6,3,11,19,1,9,4,0,0,5,4,6,4,4,3,3,21,30
"4725",6,6,3,25,19,1,18,6,3,15,19,1,13,5,6,0,5,0,0,6,5,3,3,31,35
"4726",7,6,4,25,19,3,18,6,3,25,19,1,18,1,2,1,2,1,0,1,2,2,2,32,37
"4727",8,6,4,1,19,10,18,6,4,25,19,3,18,1,0,0,6,1,5,1,5,3,2,8,44
"4728",9,6,4,12,19,11,18,6,4,1,19,10,18,6,1,0,1,0,0,6,1,3,2,19,45
"4729",10,1,1,12,33,17,18,6,4,12,19,11,18,6,6,4,6,4,0,6,6,1,2,11,65
"4730",11,5,1,12,39,19,18,1,1,12,33,17,18,4,0,0,6,4,4,4,6,1,1,15,111
"4731",12,5,1,12,39,19,18,5,1,12,39,19,18,4,4,0,NA,0,0,0,0,0,0,15,111
"4732",0,0,0,0,0,0,0,0,0,0,0,0,0,0,0,0,0,0,0,0,0,0,0,0,0
"4733",1,1,1,6,1,1,5,1,1,1,1,1,1,4,5,4,4,4,0,5,4,3,3,5,4
"4734",2,5,1,6,1,7,6,1,1,6,1,1,5,4,0,0,6,2,6,4,6,1,2,9,11
"4735",3,11,1,10,1,7,8,5,1,6,1,7,6,2,6,0,2,0,0,6,2,1,3,19,13
"4736",4,11,1,11,1,12,8,11,1,10,1,7,8,2,1,5,2,5,0,1,5,3,2,20,18
"4737",5,11,3,11,1,16,8,11,1,11,1,12,8,2,0,0,4,3,4,2,4,2,2,22,22
"4738",6,15,3,11,1,16,11,11,3,11,1,16,8,3,4,0,3,0,0,4,3,1,3,26,25
"4739",7,15,3,16,1,16,14,15,3,11,1,16,11,3,5,3,3,3,0,5,3,3,3,31,28
"4740",8,18,3,16,1,19,14,15,3,16,1,16,14,3,0,0,3,1,3,3,3,1,2,34,31
"4741",9,18,6,16,1,20,14,18,3,16,1,19,14,1,3,0,1,0,0,3,1,2,2,37,32
"4742",10,18,10,16,1,24,14,18,6,16,1,20,14,2,4,4,2,4,0,4,4,2,2,41,36
"4743",11,18,1,18,4,34,14,18,10,16,1,24,14,2,0,0,5,6,4,2,4,3,2,34,49
"4744",12,18,1,18,4,34,14,18,1,18,4,34,14,5,6,0,NA,0,0,0,0,0,0,34,49
"4745",0,0,0,0,0,0,0,0,0,0,0,0,0,0,0,0,0,0,0,0,0,0,0,0,0
"4746",1,1,1,2,1,1,4,1,1,1,1,1,1,3,2,1,3,2,0,1,3,3,3,1,3
"4747",2,1,3,2,1,6,4,1,1,2,1,1,4,2,0,0,4,5,3,2,5,2,2,3,8
"4748",3,1,3,6,1,9,4,1,3,2,1,6,4,4,3,0,3,0,0,4,3,3,2,7,11
"4749",4,5,3,6,1,13,4,1,3,6,1,9,4,1,4,4,1,4,0,4,4,1,2,11,15
"4750",5,5,3,7,10,13,4,5,3,6,1,13,4,1,0,0,6,2,3,1,6,3,1,12,24
"4751",6,8,3,7,10,13,6,5,3,7,10,13,4,2,3,0,2,0,0,3,2,1,3,15,26
"4752",7,13,3,7,18,13,6,8,3,7,10,13,6,6,5,3,6,3,0,5,6,1,1,20,34
"4753",8,13,1,7,24,18,6,13,3,7,18,13,6,3,0,0,6,2,6,3,6,2,1,18,45
"4754",9,13,1,14,24,18,8,13,1,7,24,18,6,2,6,0,2,0,0,6,2,3,3,25,47
"4755",10,13,4,14,26,24,8,13,1,14,24,18,8,6,3,2,6,2,0,3,6,2,2,28,55
"4756",11,13,4,16,28,24,8,13,4,14,26,24,8,2,0,0,2,1,4,2,2,3,1,30,57
"4757",12,13,4,16,28,24,8,13,4,16,28,24,8,1,4,0,NA,0,0,0,0,0,0,30,57
"4758",0,0,0,0,0,0,0,0,0,0,0,0,0,0,0,0,0,0,0,0,0,0,0,0,0
"4759",1,6,1,1,2,1,7,1,1,1,1,1,1,6,5,4,6,4,0,5,6,1,3,5,7
"4760",2,10,1,1,14,1,9,6,1,1,2,1,7,4,0,0,2,6,3,4,6,1,1,9,21
"4761",3,13,1,1,14,1,11,10,1,1,14,1,9,2,3,0,2,0,0,3,2,1,3,12,23
"4762",4,20,1,1,14,1,16,13,1,1,14,1,11,6,5,5,5,5,0,6,5,1,3,19,28
"4763",5,1,6,1,14,2,17,20,1,1,14,1,16,5,0,0,4,6,1,5,1,2,2,5,30
"4764",6,10,6,1,14,6,17,1,6,1,14,2,17,4,6,0,4,0,0,6,4,1,2,14,34
"4765",7,15,6,1,14,17,17,10,6,1,14,6,17,6,5,1,6,1,0,5,6,1,2,19,45
"4766",8,15,7,1,18,17,17,15,6,1,14,17,17,1,0,0,3,5,4,1,4,2,1,20,49
"4767",9,18,7,1,18,22,17,15,7,1,18,17,17,3,5,0,5,0,0,3,5,1,2,23,54
"4768",10,18,7,2,18,22,22,18,7,1,18,22,17,1,5,2,5,2,0,1,5,3,3,24,59
"4769",11,20,7,2,28,22,22,18,7,2,18,22,22,2,0,0,6,3,4,2,6,1,1,26,69
"4770",12,20,7,2,28,22,22,20,7,2,28,22,22,3,4,0,NA,0,0,0,0,0,0,26,69
"4771",0,0,0,0,0,0,0,0,0,0,0,0,0,0,0,0,0,0,0,0,0,0,0,0,0
"4772",1,6,1,1,1,4,1,1,1,1,1,1,1,2,3,5,2,3,0,5,3,1,2,5,3
"4773",2,6,3,1,1,10,3,6,1,1,1,4,1,2,0,0,4,6,5,2,6,2,2,7,11
"4774",3,6,3,6,1,10,7,6,3,1,1,10,3,4,5,0,4,0,0,5,4,3,3,12,15
"4775",4,11,3,6,6,10,7,6,3,6,1,10,7,4,5,5,4,5,0,5,5,1,1,17,20
"4776",5,15,3,6,6,10,12,11,3,6,6,10,7,4,0,0,3,5,6,4,5,1,3,21,25
"4777",6,17,3,12,6,13,12,15,3,6,6,10,12,3,6,0,3,0,0,6,3,3,2,29,28
"4778",7,17,8,12,6,13,14,17,3,12,6,13,12,5,2,2,2,2,0,5,2,2,3,34,30
"4779",8,19,8,12,12,13,20,17,8,12,6,13,14,2,0,0,2,6,5,2,6,1,1,36,42
"4780",9,24,8,12,12,15,20,19,8,12,12,13,20,2,5,0,2,0,0,5,2,1,2,41,44
"4781",10,31,1,12,1,21,29,24,8,12,12,15,20,3,6,6,3,6,0,6,6,1,3,41,48
"4782",11,34,1,12,6,21,29,31,1,12,1,21,29,3,0,0,6,5,3,3,5,1,1,44,53
"4783",12,34,1,12,6,21,29,34,1,12,6,21,29,6,3,0,NA,0,0,0,0,0,0,44,53
"4784",0,0,0,0,0,0,0,0,0,0,0,0,0,0,0,0,0,0,0,0,0,0,0,0,0
"4785",1,6,1,1,1,5,1,1,1,1,1,1,1,5,4,3,4,3,0,5,4,1,2,5,4
"4786",2,9,1,1,1,10,1,6,1,1,1,5,1,3,0,0,1,5,3,3,5,1,2,8,9
"4787",3,12,1,1,2,10,1,9,1,1,1,10,1,1,3,0,1,0,0,3,1,1,1,11,10
"4788",4,12,6,1,2,14,1,12,1,1,2,10,1,5,4,2,4,2,0,5,4,2,2,16,14
"4789",5,12,6,3,6,20,1,12,6,1,2,14,1,2,0,0,3,6,5,2,6,3,2,18,24
"4790",6,17,6,3,9,20,1,12,6,3,6,20,1,3,5,0,3,0,0,5,3,1,1,23,27
"4791",7,17,6,6,17,20,7,17,6,3,9,20,1,1,3,6,1,6,0,3,6,3,3,26,41
"4792",8,18,6,6,17,21,13,17,6,6,17,20,7,1,0,0,6,6,5,1,6,1,3,27,48
"4793",9,23,6,6,23,21,15,18,6,6,17,21,13,6,5,0,6,0,0,5,6,1,1,32,56
"4794",10,23,9,6,23,23,15,23,6,6,23,21,15,2,3,1,2,1,0,3,2,2,2,35,58
"4795",11,23,10,6,27,23,15,23,9,6,23,23,15,1,0,0,4,1,5,1,4,2,1,36,62
"4796",12,23,10,6,27,23,15,23,10,6,27,23,15,1,5,0,NA,0,0,0,0,0,0,36,62
"4797",0,0,0,0,0,0,0,0,0,0,0,0,0,0,0,0,0,0,0,0,0,0,0,0,0
"4798",1,1,6,1,5,1,1,1,1,1,1,1,1,4,5,3,4,3,0,5,4,2,1,5,4
"4799",2,1,6,4,5,6,1,1,6,1,5,1,1,3,0,0,2,5,5,3,5,3,2,8,9
"4800",3,1,11,4,5,6,3,1,6,4,5,6,1,2,5,0,2,0,0,5,2,2,3,13,11
"4801",4,4,11,4,8,6,3,1,11,4,5,6,3,3,3,3,3,3,0,3,3,1,1,16,14
"4802",5,4,14,4,8,7,3,4,11,4,8,6,3,3,0,0,1,2,1,3,1,2,2,19,15
"4803",6,6,14,4,8,8,3,4,14,4,8,7,3,2,1,0,1,0,0,2,1,1,2,21,16
"4804",7,6,18,4,12,8,3,6,14,4,8,8,3,3,4,4,3,4,0,4,4,2,1,25,20
"4805",8,9,18,4,16,8,3,6,18,4,12,8,3,3,0,0,2,3,4,3,4,1,1,28,24
"4806",9,9,18,7,16,10,3,9,18,4,16,8,3,2,3,0,2,0,0,3,2,3,2,31,26
"4807",10,18,18,13,16,13,3,9,18,7,16,10,3,3,5,6,3,5,0,6,3,1,2,46,29
"4808",11,18,18,18,16,18,3,18,18,13,16,13,3,5,0,0,6,4,5,5,5,3,2,51,34
"4809",12,18,18,18,16,18,3,18,18,18,16,18,3,6,4,0,NA,0,0,0,0,0,0,51,34
"4810",0,0,0,0,0,0,0,0,0,0,0,0,0,0,0,0,0,0,0,0,0,0,0,0,0
"4811",1,5,1,1,2,1,7,1,1,1,1,1,1,1,4,6,1,6,0,4,6,1,3,4,7
"4812",2,6,1,1,4,1,7,5,1,1,2,1,7,1,0,0,2,5,5,1,2,1,1,5,9
"4813",3,6,1,6,4,6,7,6,1,1,4,1,7,5,5,0,5,0,0,5,5,3,2,10,14
"4814",4,11,1,6,4,7,7,6,1,6,4,6,7,1,1,5,1,1,0,5,1,1,2,15,15
"4815",5,12,1,6,8,7,7,11,1,6,4,7,7,1,0,0,1,4,4,1,4,1,1,16,19
"4816",6,16,1,6,8,7,8,12,1,6,8,7,7,1,4,0,1,0,0,4,1,1,3,20,20
"4817",7,18,1,6,8,11,8,16,1,6,8,7,8,2,4,4,4,4,0,2,4,1,2,22,24
"4818",8,22,1,6,8,11,12,18,1,6,8,11,8,4,0,0,4,3,4,4,4,1,3,26,28
"4819",9,27,1,6,4,11,12,22,1,6,8,11,12,3,4,0,3,0,0,4,3,1,1,31,24
"4820",10,34,1,6,4,11,4,27,1,6,4,11,12,4,3,3,4,3,0,3,3,1,3,38,16
"4821",11,38,1,6,9,11,4,34,1,6,4,11,4,4,0,0,6,5,3,4,5,1,1,42,21
"4822",12,38,1,6,9,11,4,38,1,6,9,11,4,6,3,0,NA,0,0,0,0,0,0,42,21
"4823",0,0,0,0,0,0,0,0,0,0,0,0,0,0,0,0,0,0,0,0,0,0,0,0,0
"4824",1,7,5,1,1,3,1,1,1,1,1,1,1,6,4,2,4,2,0,6,2,1,2,10,2
"4825",2,7,9,1,1,8,1,7,5,1,1,3,1,4,0,0,5,1,2,4,5,2,2,14,7
"4826",3,7,9,2,1,10,1,7,9,1,1,8,1,1,2,0,2,0,0,1,2,3,2,15,9
"4827",4,13,9,4,1,15,1,7,9,2,1,10,1,2,6,5,2,5,0,6,5,1,2,23,14
"4828",5,13,9,6,1,21,6,13,9,4,1,15,1,2,0,0,6,6,3,2,6,3,2,25,25
"4829",6,13,9,13,1,24,6,13,9,6,1,21,6,6,3,0,3,0,0,6,3,3,2,32,28
"4830",7,13,15,16,1,28,6,13,9,13,1,24,6,1,6,4,1,4,0,6,4,2,2,41,32
"4831",8,1,16,16,1,33,6,13,15,16,1,28,6,1,0,0,3,3,6,1,3,2,2,30,37
"4832",9,1,23,16,1,36,6,1,16,16,1,33,6,3,6,0,3,0,0,6,3,2,2,37,40
"4833",10,1,28,16,7,36,12,1,23,16,1,36,6,2,1,6,2,6,0,1,6,2,1,42,52
"4834",11,1,30,17,17,36,1,1,28,16,7,36,12,2,0,0,2,4,6,2,6,2,1,45,51
"4835",12,1,30,17,17,36,1,1,30,17,17,36,1,2,4,0,NA,0,0,0,0,0,0,45,51
"4836",0,0,0,0,0,0,0,0,0,0,0,0,0,0,0,0,0,0,0,0,0,0,0,0,0
"4837",1,1,6,1,1,9,7,1,1,1,1,1,1,6,3,5,6,3,0,5,6,2,3,5,14
"4838",2,4,6,1,6,9,7,1,6,1,1,9,7,3,0,0,5,2,4,3,5,1,1,8,19
"4839",3,4,10,1,6,9,9,4,6,1,6,9,7,2,4,0,2,0,0,4,2,2,3,12,21
"4840",4,4,15,1,10,9,9,4,10,1,6,9,9,4,3,5,4,3,0,5,4,2,1,17,25
"4841",5,4,18,1,12,15,15,4,15,1,10,9,9,3,0,0,2,2,6,3,6,2,2,20,39
"4842",6,4,20,1,12,17,15,4,18,1,12,15,15,2,2,0,2,0,0,2,2,2,2,22,41
"4843",7,4,21,1,18,20,15,4,20,1,12,17,15,6,1,2,6,2,0,1,6,2,1,23,50
"4844",8,4,23,1,18,20,20,4,21,1,18,20,15,2,0,0,5,6,1,2,5,2,3,25,55
"4845",9,4,33,1,19,20,20,4,23,1,18,20,20,6,1,0,1,0,0,6,1,2,1,35,56
"4846",10,1,38,1,19,20,26,4,33,1,19,20,20,2,2,5,2,2,0,5,2,2,3,37,62
"4847",11,1,38,3,20,20,26,1,38,1,19,20,26,2,0,0,2,2,1,2,1,3,1,39,63
"4848",12,1,38,3,20,20,26,1,38,3,20,20,26,2,2,0,NA,0,0,0,0,0,0,39,63
"4849",0,0,0,0,0,0,0,0,0,0,0,0,0,0,0,0,0,0,0,0,0,0,0,0,0
"4850",1,7,3,1,5,1,1,1,1,1,1,1,1,1,4,6,1,4,0,6,4,1,1,8,4
"4851",2,7,3,2,5,1,6,7,3,1,5,1,1,1,0,0,5,1,4,1,5,3,3,9,9
"4852",3,7,3,6,6,1,6,7,3,2,5,1,6,1,4,0,1,0,0,4,1,3,1,13,10
"4853",4,8,9,6,10,7,6,7,3,6,6,1,6,6,1,6,1,6,0,6,6,2,2,20,20
"4854",5,8,10,6,10,8,6,8,9,6,10,7,6,1,0,0,1,1,2,1,1,2,2,21,21
"4855",6,8,11,6,12,8,6,8,10,6,10,8,6,1,2,0,2,0,0,1,2,2,1,22,23
"4856",7,8,15,6,12,8,11,8,11,6,12,8,6,5,4,4,5,4,0,4,5,2,3,26,28
"4857",8,8,15,10,17,8,11,8,15,6,12,8,11,4,0,0,5,4,2,4,5,3,1,30,33
"4858",9,8,19,10,17,8,13,8,15,10,17,8,11,4,2,0,2,0,0,4,2,2,3,34,35
"4859",10,8,22,16,17,13,13,8,19,10,17,8,13,5,2,6,5,2,0,6,5,3,2,43,40
"4860",11,1,22,16,31,13,13,8,22,16,17,13,13,2,0,0,6,3,5,2,6,1,1,36,54
"4861",12,1,22,16,31,13,13,1,22,16,31,13,13,3,5,0,NA,0,0,0,0,0,0,36,54
"4862",0,0,0,0,0,0,0,0,0,0,0,0,0,0,0,0,0,0,0,0,0,0,0,0,0
"4863",1,4,1,1,6,1,1,1,1,1,1,1,1,2,3,5,2,5,0,3,5,1,1,3,5
"4864",2,4,1,3,11,1,1,4,1,1,6,1,1,2,0,0,5,3,5,2,5,3,1,5,10
"4865",3,4,6,3,11,4,1,4,1,3,11,1,1,3,5,0,3,0,0,5,3,2,2,10,13
"4866",4,10,11,3,11,5,1,4,6,3,11,4,1,1,6,1,1,1,0,6,1,1,2,21,14
"4867",5,10,12,3,15,5,1,10,11,3,11,5,1,1,0,0,2,6,4,1,4,2,1,22,18
"4868",6,10,12,14,17,5,1,10,12,3,15,5,1,2,6,0,2,0,0,6,2,3,1,33,20
"4869",7,10,17,14,25,5,1,10,12,14,17,5,1,6,5,3,6,3,0,5,6,2,1,38,28
"4870",8,13,17,14,30,5,1,10,17,14,25,5,1,3,0,0,2,5,2,3,5,1,1,41,33
"4871",9,13,17,16,30,7,1,13,17,14,30,5,1,2,2,0,2,0,0,2,2,3,2,43,35
"4872",10,13,17,20,30,11,1,13,17,16,30,7,1,4,4,3,4,3,0,4,4,3,2,47,39
"4873",11,13,20,20,35,11,1,13,17,20,30,11,1,3,0,0,5,5,6,3,5,2,1,50,44
"4874",12,13,20,20,35,11,1,13,20,20,35,11,1,5,6,0,NA,0,0,0,0,0,0,50,44
"4875",0,0,0,0,0,0,0,0,0,0,0,0,0,0,0,0,0,0,0,0,0,0,0,0,0
"4876",1,1,2,1,6,1,1,1,1,1,1,1,1,4,5,1,4,5,0,1,5,2,1,1,5
"4877",2,5,2,1,12,3,1,1,2,1,6,1,1,4,0,0,6,2,6,4,6,1,1,5,13
"4878",3,14,2,1,12,3,3,5,2,1,12,3,1,2,6,0,2,0,0,6,2,1,3,14,15
"4879",4,14,2,3,18,3,6,14,2,1,12,3,3,2,6,3,6,3,0,2,6,3,1,16,24
"4880",5,17,2,3,18,3,9,14,2,3,18,3,6,3,0,0,1,3,3,3,3,1,3,19,27
"4881",6,18,2,1,21,3,13,17,2,3,18,3,9,1,3,0,3,0,0,1,3,1,1,18,34
"4882",7,18,6,1,21,3,18,18,2,1,21,3,13,4,3,5,3,5,0,4,5,2,3,22,39
"4883",8,27,7,3,2,1,18,18,6,1,21,3,18,3,0,0,1,1,2,3,1,1,1,34,18
"4884",9,29,7,3,2,1,19,27,7,3,2,1,18,1,2,0,1,0,0,2,1,1,3,36,19
"4885",10,29,7,8,7,1,19,29,7,3,2,1,19,5,2,5,2,5,0,5,5,3,1,41,24
"4886",11,1,7,8,17,1,19,29,7,8,7,1,19,2,0,0,3,6,1,2,6,1,1,13,34
"4887",12,1,7,8,17,1,19,1,7,8,17,1,19,3,1,0,NA,0,0,0,0,0,0,13,34
"4888",0,0,0,0,0,0,0,0,0,0,0,0,0,0,0,0,0,0,0,0,0,0,0,0,0
"4889",1,11,1,1,6,1,1,1,1,1,1,1,1,6,5,5,5,5,0,6,5,1,1,10,5
"4890",2,16,1,1,8,1,1,11,1,1,6,1,1,5,0,0,2,3,4,5,2,1,1,15,7
"4891",3,16,1,5,8,4,1,16,1,1,8,1,1,3,4,0,3,0,0,4,3,3,2,19,10
"4892",4,16,1,10,12,10,1,16,1,5,8,4,1,6,5,5,6,5,0,5,6,3,2,24,20
"4893",5,21,1,10,12,10,4,16,1,10,12,10,1,5,0,0,3,3,4,5,3,1,3,29,23
"4894",6,21,5,10,12,13,4,21,1,10,12,10,4,3,4,0,3,0,0,4,3,2,2,33,26
"4895",7,21,14,10,13,13,4,21,5,10,12,13,4,6,2,1,2,1,0,6,1,2,1,42,27
"4896",8,21,14,12,13,18,4,21,14,10,13,13,4,2,0,0,1,5,2,2,5,3,2,44,32
"4897",9,21,16,12,13,19,4,21,14,12,13,18,4,1,2,0,1,0,0,2,1,2,2,46,33
"4898",10,21,19,12,13,24,4,21,16,12,13,19,4,3,5,4,5,4,0,3,5,2,2,49,38
"4899",11,21,19,16,13,28,4,21,19,12,13,24,4,4,0,0,4,6,5,4,4,3,2,53,42
"4900",12,21,19,16,13,28,4,21,19,16,13,28,4,6,5,0,NA,0,0,0,0,0,0,53,42
"4901",0,0,0,0,0,0,0,0,0,0,0,0,0,0,0,0,0,0,0,0,0,0,0,0,0
"4902",1,1,5,1,1,2,1,1,1,1,1,1,1,2,4,1,2,1,0,4,1,2,2,4,1
"4903",2,3,5,1,1,2,6,1,5,1,1,2,1,2,0,0,2,5,4,2,5,1,3,6,6
"4904",3,3,5,5,1,2,8,3,5,1,1,2,6,2,4,0,2,0,0,4,2,3,3,10,8
"4905",4,3,5,9,1,2,10,3,5,5,1,2,8,4,2,1,2,1,0,4,2,3,3,14,10
"4906",5,4,5,9,1,2,15,3,5,9,1,2,10,1,0,0,6,5,6,1,5,1,3,15,15
"4907",6,6,5,15,1,7,21,4,5,9,1,2,15,6,6,0,6,0,0,6,6,3,3,23,26
"4908",7,11,5,15,1,19,22,6,5,15,1,7,21,2,5,6,2,6,0,5,6,1,2,28,39
"4909",8,11,5,17,2,19,22,11,5,15,1,19,22,2,0,0,4,1,5,2,1,3,1,30,40
"4910",9,15,5,17,7,19,22,11,5,17,2,19,22,4,5,0,5,0,0,4,5,1,1,34,45
"4911",10,28,5,17,3,19,22,15,5,17,7,19,22,2,6,1,2,1,0,6,2,1,1,47,41
"4912",11,28,1,18,3,23,24,28,5,17,3,19,22,1,0,0,2,4,2,1,4,3,2,44,47
"4913",12,28,1,18,3,23,24,28,1,18,3,23,24,2,2,0,NA,0,0,0,0,0,0,44,47
"4914",0,0,0,0,0,0,0,0,0,0,0,0,0,0,0,0,0,0,0,0,0,0,0,0,0
"4915",1,1,7,5,1,1,6,1,1,1,1,1,1,6,5,2,5,2,0,6,5,2,3,10,5
"4916",2,3,7,5,1,1,10,1,7,5,1,1,6,2,0,0,4,4,1,2,4,1,3,12,9
"4917",3,7,7,5,2,1,10,3,7,5,1,1,10,4,1,0,1,0,0,4,1,1,1,16,10
"4918",4,7,11,11,2,5,10,7,7,5,2,1,10,3,4,6,3,4,0,6,4,3,2,26,14
"4919",5,7,11,14,2,5,13,7,11,11,2,5,10,3,0,0,3,3,3,3,3,3,3,29,17
"4920",6,10,11,14,2,5,16,7,11,14,2,5,13,3,3,0,3,0,0,3,3,1,3,32,20
"4921",7,12,11,14,2,5,20,10,11,14,2,5,16,2,4,3,4,3,0,2,4,1,3,34,24
"4922",8,12,14,14,2,5,23,12,11,14,2,5,20,3,0,0,3,4,3,3,3,2,3,37,27
"4923",9,12,18,14,2,5,26,12,14,14,2,5,23,4,3,0,3,0,0,4,3,2,3,41,30
"4924",10,19,18,1,19,5,26,12,18,14,2,5,26,1,4,6,1,4,0,6,1,1,1,35,47
"4925",11,19,22,1,19,10,26,19,18,1,19,5,26,4,0,0,5,3,5,4,5,2,2,39,52
"4926",12,19,22,1,19,10,26,19,22,1,19,10,26,3,5,0,NA,0,0,0,0,0,0,39,52
"4927",0,0,0,0,0,0,0,0,0,0,0,0,0,0,0,0,0,0,0,0,0,0,0,0,0
"4928",1,1,7,4,1,5,1,1,1,1,1,1,1,4,4,6,4,4,0,6,4,2,2,9,4
"4929",2,1,11,4,5,5,1,1,7,4,1,5,1,4,0,0,1,2,4,4,4,2,1,13,8
"4930",3,1,11,5,5,7,1,1,11,4,5,5,1,1,2,0,2,0,0,1,2,3,2,14,10
"4931",4,1,14,5,5,7,2,1,11,5,5,7,1,1,1,3,1,1,0,3,1,2,3,17,11
"4932",5,2,14,5,5,12,2,1,14,5,5,7,2,1,0,0,3,2,5,1,5,1,2,18,16
"4933",6,5,14,5,7,12,2,2,14,5,5,12,2,3,2,0,2,0,0,3,2,1,1,21,18
"4934",7,5,14,13,10,12,2,5,14,5,7,12,2,1,6,3,1,3,0,6,3,3,1,29,21
"4935",8,6,14,13,10,12,5,5,14,13,10,12,2,1,0,0,2,1,3,1,3,1,3,30,24
"4936",9,6,14,15,10,13,5,6,14,13,10,12,5,2,1,0,1,0,0,2,1,3,2,32,25
"4937",10,16,14,15,10,17,5,6,14,15,10,13,5,6,2,4,2,4,0,6,4,1,2,42,29
"4938",11,18,14,15,12,17,5,16,14,15,10,17,5,2,0,0,2,3,2,2,2,1,1,44,31
"4939",12,18,14,15,12,17,5,18,14,15,12,17,5,3,2,0,NA,0,0,0,0,0,0,44,31
"4940",0,0,0,0,0,0,0,0,0,0,0,0,0,0,0,0,0,0,0,0,0,0,0,0,0
"4941",1,1,1,5,1,1,3,1,1,1,1,1,1,3,2,4,3,2,0,4,2,3,3,4,2
"4942",2,1,1,8,4,7,3,1,1,5,1,1,3,3,0,0,1,5,6,3,6,3,2,7,11
"4943",3,1,1,13,4,8,3,1,1,8,4,7,3,1,5,0,1,0,0,5,1,3,2,12,12
"4944",4,1,1,14,4,12,3,1,1,13,4,8,3,1,4,3,4,3,0,1,4,3,2,13,16
"4945",5,4,1,14,4,16,3,1,1,14,4,12,3,3,0,0,4,1,3,3,4,1,2,16,20
"4946",6,4,4,14,4,17,3,4,1,14,4,16,3,1,3,0,1,0,0,3,1,2,2,19,21
"4947",7,4,4,19,4,21,9,4,4,14,4,17,3,2,6,5,2,6,0,5,6,3,3,24,31
"4948",8,4,6,19,6,21,9,4,4,19,4,21,9,2,0,0,1,3,2,2,2,2,1,26,33
"4949",9,1,9,19,6,23,9,4,6,19,6,21,9,1,3,0,1,0,0,3,1,2,2,26,35
"4950",10,1,9,22,8,23,9,1,9,19,6,23,9,3,2,2,2,2,0,3,2,3,1,29,37
"4951",11,3,9,22,14,23,13,1,9,22,8,23,9,2,0,0,6,4,1,2,6,1,1,31,47
"4952",12,3,9,22,14,23,13,3,9,22,14,23,13,4,1,0,NA,0,0,0,0,0,0,31,47
"4953",0,0,0,0,0,0,0,0,0,0,0,0,0,0,0,0,0,0,0,0,0,0,0,0,0
"4954",1,1,7,5,13,1,2,1,1,1,1,1,1,6,6,3,6,3,0,6,6,2,1,10,13
"4955",2,1,7,8,15,1,2,1,7,5,13,1,2,3,0,0,3,2,2,3,2,3,1,13,15
"4956",3,4,7,8,17,1,2,1,7,8,15,1,2,3,2,0,2,0,0,3,2,1,1,16,17
"4957",4,4,13,10,17,4,2,4,7,8,17,1,2,6,1,3,1,3,0,6,3,2,2,24,20
"4958",5,4,13,11,19,4,2,4,13,10,17,4,2,1,0,0,1,2,3,1,2,3,1,25,22
"4959",6,4,16,11,19,5,2,4,13,11,19,4,2,1,3,0,1,0,0,3,1,2,2,28,23
"4960",7,4,16,15,23,5,2,4,16,11,19,5,2,4,4,3,4,3,0,4,4,3,1,32,27
"4961",8,4,19,15,27,5,2,4,16,15,23,5,2,3,0,0,4,3,6,3,4,2,1,35,31
"4962",9,7,19,21,30,5,2,4,19,15,27,5,2,3,6,0,3,0,0,6,3,3,1,44,34
"4963",10,10,19,1,30,9,3,7,19,21,30,5,2,1,3,3,1,3,0,3,1,1,3,27,39
"4964",11,10,22,1,31,9,3,10,19,1,30,9,3,3,0,0,1,1,2,3,1,2,1,30,40
"4965",12,10,22,1,31,9,3,10,22,1,31,9,3,1,2,0,NA,0,0,0,0,0,0,30,40
"4966",0,0,0,0,0,0,0,0,0,0,0,0,0,0,0,0,0,0,0,0,0,0,0,0,0
"4967",1,1,3,1,1,1,6,1,1,1,1,1,1,2,5,5,5,5,0,2,5,2,3,2,5
"4968",2,1,3,6,1,1,10,1,3,1,1,1,6,5,0,0,1,4,1,5,4,3,3,7,9
"4969",3,1,3,7,1,1,11,1,3,6,1,1,10,1,1,0,1,0,0,1,1,3,3,8,10
"4970",4,2,3,7,5,1,11,1,3,7,1,1,11,1,1,4,1,4,0,1,4,1,1,9,14
"4971",5,3,3,7,5,6,11,2,3,7,5,1,11,1,0,0,1,5,5,1,5,1,2,10,19
"4972",6,8,3,7,5,6,12,3,3,7,5,6,11,1,5,0,1,0,0,5,1,1,3,15,20
"4973",7,8,9,18,11,6,14,8,3,7,5,6,12,6,6,1,6,1,0,6,6,2,1,32,28
"4974",8,8,9,19,11,11,14,8,9,18,11,6,14,1,0,0,3,5,1,1,5,3,2,33,33
"4975",9,11,9,19,11,11,15,8,9,19,11,11,14,3,1,0,1,0,0,3,1,1,3,36,34
"4976",10,20,9,19,11,11,20,11,9,19,11,11,15,6,1,5,1,5,0,6,5,1,3,45,39
"4977",11,20,10,19,14,11,20,20,9,19,11,11,20,1,0,0,3,1,4,1,3,2,1,46,42
"4978",12,20,10,19,14,11,20,20,10,19,14,11,20,1,4,0,NA,0,0,0,0,0,0,46,42
"4979",0,0,0,0,0,0,0,0,0,0,0,0,0,0,0,0,0,0,0,0,0,0,0,0,0
"4980",1,1,1,4,1,6,1,1,1,1,1,1,1,2,3,5,2,5,0,3,5,3,2,3,5
"4981",2,3,1,4,1,10,1,1,1,4,1,6,1,2,0,0,4,2,2,2,4,1,2,5,9
"4982",3,5,1,4,3,10,1,3,1,4,1,10,1,2,2,0,2,0,0,2,2,1,1,7,11
"4983",4,5,5,4,5,10,1,5,1,4,3,10,1,2,2,4,2,2,0,4,2,2,1,11,13
"4984",5,7,5,4,10,10,1,5,5,4,5,10,1,2,0,0,3,5,4,2,5,1,1,13,18
"4985",6,11,5,4,13,10,1,7,5,4,10,10,1,3,4,0,3,0,0,4,3,1,1,17,21
"4986",7,11,5,9,13,14,1,11,5,4,13,10,1,5,2,4,2,4,0,5,4,3,2,22,25
"4987",8,11,7,9,17,14,1,11,5,9,13,14,1,2,0,0,2,2,4,2,4,2,1,24,29
"4988",9,11,7,11,17,14,3,11,7,9,17,14,1,2,2,0,2,0,0,2,2,3,3,26,31
"4989",10,15,7,11,18,14,9,11,7,11,17,14,3,4,6,3,6,3,0,4,6,1,3,30,38
"4990",11,15,7,14,24,16,9,15,7,11,18,14,9,3,0,0,6,4,1,3,6,3,1,33,46
"4991",12,15,7,14,24,16,9,15,7,14,24,16,9,4,1,0,NA,0,0,0,0,0,0,33,46
"4992",0,0,0,0,0,0,0,0,0,0,0,0,0,0,0,0,0,0,0,0,0,0,0,0,0
"4993",1,1,6,1,1,5,1,1,1,1,1,1,1,4,1,5,4,1,0,5,4,2,2,5,4
"4994",2,1,7,1,1,5,4,1,6,1,1,5,1,1,0,0,3,6,1,1,3,2,3,6,7
"4995",3,1,13,5,1,6,4,1,7,1,1,5,4,6,1,0,1,0,0,6,1,2,2,16,8
"4996",4,1,18,5,1,9,4,1,13,5,1,6,4,4,3,5,4,3,0,5,3,2,2,21,11
"4997",5,1,18,9,1,14,4,1,18,5,1,9,4,4,0,0,3,6,5,4,5,3,2,25,16
"4998",6,12,18,15,1,17,4,1,18,9,1,14,4,3,6,0,3,0,0,6,3,1,2,42,19
"4999",7,17,18,15,1,21,4,12,18,15,1,17,4,1,5,4,1,4,0,5,4,1,2,47,23
"5000",8,18,18,15,1,26,4,17,18,15,1,21,4,1,0,0,2,5,3,1,5,1,2,48,28
"5001",9,18,18,18,3,26,4,18,18,15,1,26,4,2,3,0,2,0,0,3,2,3,1,51,30
"5002",10,21,21,22,1,31,1,18,18,18,3,26,4,1,3,5,1,5,0,3,5,1,2,61,30
"5003",11,21,22,22,1,35,1,21,21,22,1,31,1,1,0,0,3,6,4,1,4,2,2,62,34
"5004",12,21,22,22,1,35,1,21,22,22,1,35,1,3,6,0,NA,0,0,0,0,0,0,62,34
"5005",0,0,0,0,0,0,0,0,0,0,0,0,0,0,0,0,0,0,0,0,0,0,0,0,0
"5006",1,1,5,1,1,1,6,1,1,1,1,1,1,4,5,2,5,2,0,4,5,2,3,4,5
"5007",2,1,5,3,6,1,6,1,5,1,1,1,6,2,0,0,3,5,3,2,5,3,1,6,10
"5008",3,1,8,3,9,1,6,1,5,3,6,1,6,3,3,0,3,0,0,3,3,2,1,9,13
"5009",4,3,8,3,10,1,6,1,8,3,9,1,6,2,1,2,1,2,0,2,1,1,1,11,14
"5010",5,3,10,3,16,7,9,3,8,3,10,1,6,2,0,0,4,6,2,2,6,2,2,13,29
"5011",6,3,10,7,16,7,11,3,10,3,16,7,9,4,2,0,2,0,0,4,2,3,3,17,31
"5012",7,3,15,7,16,18,11,3,10,7,16,7,11,6,5,2,6,2,0,5,6,2,2,22,42
"5013",8,3,15,9,16,18,19,3,15,7,16,18,11,2,0,0,2,6,4,2,6,3,3,24,50
"5014",9,3,15,11,16,22,19,3,15,9,16,18,19,2,4,0,4,0,0,2,4,3,2,26,54
"5015",10,1,20,11,21,25,19,3,15,11,16,22,19,5,4,5,4,5,0,5,5,2,1,29,62
"5016",11,5,20,11,21,26,19,1,20,11,21,25,19,4,0,0,1,1,6,4,1,1,2,33,63
"5017",12,5,20,11,21,26,19,5,20,11,21,26,19,1,6,0,NA,0,0,0,0,0,0,33,63
"5018",0,0,0,0,0,0,0,0,0,0,0,0,0,0,0,0,0,0,0,0,0,0,0,0,0
"5019",1,6,7,1,1,6,1,1,1,1,1,1,1,6,2,5,2,5,0,6,5,2,2,11,5
"5020",2,8,7,1,6,6,1,6,7,1,1,6,1,2,0,0,1,3,5,2,5,1,1,13,10
"5021",3,11,7,1,6,7,1,8,7,1,6,6,1,1,3,0,1,0,0,3,1,1,2,16,11
"5022",4,11,12,1,6,9,1,11,7,1,6,7,1,2,5,3,2,3,0,5,2,2,2,21,13
"5023",5,11,15,1,11,9,1,11,12,1,6,9,1,3,0,0,5,4,4,3,5,2,1,24,18
"5024",6,11,19,1,15,9,1,11,15,1,11,9,1,4,4,0,4,0,0,4,4,2,1,28,22
"5025",7,11,1,1,15,13,5,11,19,1,15,9,1,4,4,3,4,3,0,4,4,2,3,10,30
"5026",8,14,1,1,15,13,10,11,1,1,15,13,5,3,0,0,5,4,4,3,5,1,3,13,35
"5027",9,14,5,1,15,17,10,14,1,1,15,13,10,4,4,0,4,0,0,4,4,2,2,17,39
"5028",10,14,8,1,17,17,10,14,5,1,15,17,10,3,2,3,2,3,0,3,2,2,1,20,41
"5029",11,17,8,1,18,17,10,14,8,1,17,17,10,3,0,0,1,6,4,3,1,1,1,23,42
"5030",12,17,8,1,18,17,10,17,8,1,18,17,10,6,4,0,NA,0,0,0,0,0,0,23,42
"5031",0,0,0,0,0,0,0,0,0,0,0,0,0,0,0,0,0,0,0,0,0,0,0,0,0
"5032",1,1,1,6,7,1,3,1,1,1,1,1,1,6,5,5,6,5,0,5,6,3,1,5,8
"5033",2,1,6,6,7,2,9,1,1,6,7,1,3,5,0,0,6,3,6,5,6,2,3,10,15
"5034",3,2,12,6,7,2,12,1,6,6,7,2,9,3,6,0,3,0,0,6,3,2,3,17,18
"5035",4,2,13,6,7,2,15,2,12,6,7,2,12,3,1,2,3,2,0,1,3,2,3,18,21
"5036",5,2,13,8,9,2,15,2,13,6,7,2,15,2,0,0,2,2,1,2,2,3,1,20,23
"5037",6,2,13,10,10,2,15,2,13,8,9,2,15,2,1,0,1,0,0,2,1,3,1,22,24
"5038",7,6,13,10,10,4,15,2,13,10,10,2,15,4,2,1,2,1,0,4,2,1,2,26,26
"5039",8,6,14,10,10,4,18,6,13,10,10,4,15,1,0,0,3,2,4,1,3,2,3,27,29
"5040",9,6,14,14,10,6,18,6,14,10,10,4,18,2,4,0,2,0,0,4,2,3,2,31,31
"5041",10,6,19,14,10,6,21,6,14,14,10,6,18,1,5,3,1,3,0,5,3,2,3,36,34
"5042",11,1,20,14,12,6,24,6,19,14,10,6,21,1,0,0,2,3,1,1,3,2,3,32,39
"5043",12,1,20,14,12,6,24,1,20,14,12,6,24,2,1,0,NA,0,0,0,0,0,0,32,39
"5044",0,0,0,0,0,0,0,0,0,0,0,0,0,0,0,0,0,0,0,0,0,0,0,0,0
"5045",1,1,1,5,1,3,1,1,1,1,1,1,1,1,2,4,1,2,0,4,2,3,2,4,2
"5046",2,2,1,5,4,9,1,1,1,5,1,3,1,1,0,0,6,5,5,1,6,1,2,5,11
"5047",3,2,1,10,9,9,1,2,1,5,4,9,1,5,5,0,5,0,0,5,5,3,1,10,16
"5048",4,7,1,10,14,9,1,2,1,10,9,9,1,5,5,5,5,5,0,5,5,1,1,15,21
"5049",5,12,1,10,14,9,4,7,1,10,14,9,1,5,0,0,3,2,2,5,3,1,3,20,24
"5050",6,14,1,10,14,9,6,12,1,10,14,9,4,2,2,0,2,0,0,2,2,1,3,22,26
"5051",7,14,1,14,14,9,8,14,1,10,14,9,6,4,1,2,1,2,0,4,2,3,3,26,28
"5052",8,15,1,14,14,14,14,14,1,14,14,9,8,1,0,0,6,1,4,1,6,1,3,27,39
"5053",9,19,1,14,14,14,15,15,1,14,14,14,14,1,4,0,1,0,0,4,1,1,3,31,40
"5054",10,23,1,14,14,20,19,19,1,14,14,14,15,4,4,6,4,6,0,4,6,1,2,35,50
"5055",11,27,1,14,14,22,19,23,1,14,14,20,19,4,0,0,2,2,1,4,2,1,2,39,52
"5056",12,27,1,14,14,22,19,27,1,14,14,22,19,2,1,0,NA,0,0,0,0,0,0,39,52
"5057",0,0,0,0,0,0,0,0,0,0,0,0,0,0,0,0,0,0,0,0,0,0,0,0,0
"5058",1,4,1,1,1,4,1,1,1,1,1,1,1,3,2,3,2,3,0,3,3,1,2,3,3
"5059",2,4,1,3,6,4,1,4,1,1,1,4,1,2,0,0,5,2,3,2,5,3,1,5,8
"5060",3,4,4,3,6,6,1,4,1,3,6,4,1,2,3,0,2,0,0,3,2,2,2,8,10
"5061",4,4,7,3,6,6,2,4,4,3,6,6,1,1,3,2,1,2,0,3,1,2,3,11,11
"5062",5,4,7,5,11,6,2,4,7,3,6,6,2,2,0,0,2,5,2,2,5,3,1,13,16
"5063",6,6,7,5,11,6,4,4,7,5,11,6,2,2,2,0,2,0,0,2,2,1,3,15,18
"5064",7,9,7,5,14,6,4,6,7,5,11,6,4,3,3,2,3,2,0,3,3,1,1,18,21
"5065",8,9,7,7,20,12,9,9,7,5,14,6,4,2,0,0,6,3,6,2,6,3,1,20,38
"5066",9,9,7,10,20,14,15,9,7,7,20,12,9,3,6,0,6,0,0,3,6,3,3,23,46
"5067",10,9,10,10,25,20,15,9,7,10,20,14,15,3,6,2,6,2,0,3,6,2,2,26,57
"5068",11,1,12,10,29,20,15,9,10,10,25,20,15,2,0,0,2,2,6,2,2,2,1,20,61
"5069",12,1,12,10,29,20,15,1,12,10,29,20,15,2,6,0,NA,0,0,0,0,0,0,20,61
"5070",0,0,0,0,0,0,0,0,0,0,0,0,0,0,0,0,0,0,0,0,0,0,0,0,0
"5071",1,6,1,1,1,7,3,1,1,1,1,1,1,5,6,4,6,4,0,5,6,1,2,5,8
"5072",2,10,1,1,5,7,3,6,1,1,1,7,3,4,0,0,4,4,4,4,4,1,1,9,12
"5073",3,10,5,1,9,7,3,10,1,1,5,7,3,4,4,0,4,0,0,4,4,2,1,13,16
"5074",4,10,5,4,11,7,3,10,5,1,9,7,3,1,3,2,1,2,0,3,2,3,1,16,18
"5075",5,10,5,5,11,13,7,10,5,4,11,7,3,1,0,0,1,6,2,1,6,3,2,17,28
"5076",6,12,5,5,12,13,7,10,5,5,11,13,7,1,2,0,1,0,0,2,1,1,1,19,29
"5077",7,12,5,12,12,13,10,12,5,5,12,13,7,3,3,6,3,3,0,6,3,3,3,26,32
"5078",8,15,5,12,12,13,15,12,5,12,12,13,10,3,0,0,1,5,5,3,5,1,3,29,37
"5079",9,20,5,12,13,13,15,15,5,12,12,13,15,1,5,0,1,0,0,5,1,1,1,34,38
"5080",10,25,5,12,19,19,15,20,5,12,13,13,15,2,6,5,2,6,0,5,6,1,1,39,50
"5081",11,27,5,12,24,19,21,25,5,12,19,19,15,2,0,0,6,2,3,2,6,1,3,41,61
"5082",12,27,5,12,24,19,21,27,5,12,24,19,21,2,3,0,NA,0,0,0,0,0,0,41,61
"5083",0,0,0,0,0,0,0,0,0,0,0,0,0,0,0,0,0,0,0,0,0,0,0,0,0
"5084",1,5,1,1,1,1,8,1,1,1,1,1,1,4,6,4,6,4,0,4,6,1,3,4,7
"5085",2,5,5,1,4,1,14,5,1,1,1,1,8,4,0,0,6,6,5,4,6,2,3,8,16
"5086",3,5,7,7,4,1,19,5,5,1,4,1,14,6,5,0,5,0,0,6,5,3,3,16,21
"5087",4,7,7,7,6,1,19,5,7,7,4,1,19,2,2,1,2,1,0,2,2,1,1,18,23
"5088",5,8,7,7,11,1,19,7,7,7,6,1,19,1,0,0,2,4,5,1,5,1,1,19,28
"5089",6,8,7,9,11,5,19,8,7,7,11,1,19,2,4,0,4,0,0,2,4,3,2,21,32
"5090",7,8,7,14,11,10,19,8,7,9,11,5,19,1,5,5,1,5,0,5,5,3,2,26,37
"5091",8,8,7,15,16,10,19,8,7,14,11,10,19,1,0,0,1,4,5,1,5,3,1,27,42
"5092",9,8,7,16,16,14,19,8,7,15,16,10,19,1,4,0,4,0,0,1,4,3,2,28,46
"5093",10,8,7,20,19,14,19,8,7,16,16,14,19,3,4,5,3,5,0,4,3,3,1,32,49
"5094",11,13,7,20,21,14,19,8,7,20,19,14,19,5,0,0,2,5,4,5,2,1,1,37,51
"5095",12,13,7,20,21,14,19,13,7,20,21,14,19,5,4,0,NA,0,0,0,0,0,0,37,51
"5096",0,0,0,0,0,0,0,0,0,0,0,0,0,0,0,0,0,0,0,0,0,0,0,0,0
"5097",1,1,1,5,1,4,1,1,1,1,1,1,1,4,3,1,3,1,0,4,3,3,2,4,3
"5098",2,1,2,5,1,4,6,1,1,5,1,4,1,1,0,0,2,5,1,1,5,2,3,5,8
"5099",3,1,2,7,1,4,7,1,2,5,1,4,6,2,1,0,1,0,0,2,1,3,3,7,9
"5100",4,1,2,9,1,6,7,1,2,7,1,4,7,2,1,2,1,2,0,2,2,3,2,9,11
"5101",5,1,3,9,6,6,7,1,2,9,1,6,7,1,0,0,1,4,5,1,5,2,1,10,16
"5102",6,1,3,13,7,6,7,1,3,9,6,6,7,1,4,0,1,0,0,4,1,3,1,14,17
"5103",7,1,9,16,9,6,7,1,3,13,7,6,7,2,6,2,2,2,0,6,2,2,1,23,19
"5104",8,1,9,18,9,6,12,1,9,16,9,6,7,2,0,0,5,5,3,2,5,3,3,25,24
"5105",9,1,14,18,9,9,12,1,9,18,9,6,12,5,3,0,3,0,0,5,3,2,2,30,27
"5106",10,5,14,18,13,9,12,1,14,18,9,9,12,4,2,4,2,4,0,4,4,1,1,34,31
"5107",11,5,16,18,25,9,12,5,14,18,13,9,12,2,0,0,2,3,6,2,6,2,1,36,43
"5108",12,5,16,18,25,9,12,5,16,18,25,9,12,2,3,0,NA,0,0,0,0,0,0,36,43
"5109",0,0,0,0,0,0,0,0,0,0,0,0,0,0,0,0,0,0,0,0,0,0,0,0,0
"5110",1,5,1,7,13,6,1,1,1,1,1,1,1,6,2,6,2,6,0,6,6,3,1,10,17
"5111",2,7,1,7,13,6,4,5,1,7,13,6,1,2,0,0,3,5,5,2,3,1,3,12,20
"5112",3,12,1,7,18,6,4,7,1,7,13,6,4,5,5,0,5,0,0,5,5,1,1,17,25
"5113",4,15,1,7,22,6,4,12,1,7,18,6,4,1,4,3,1,4,0,3,4,1,1,20,29
"5114",5,15,2,7,22,10,4,15,1,7,22,6,4,1,0,0,3,6,4,1,4,2,2,21,33
"5115",6,15,2,14,22,13,4,15,2,7,22,10,4,3,6,0,3,0,0,6,3,3,2,28,36
"5116",7,15,5,20,22,18,4,15,2,14,22,13,4,5,3,6,5,3,0,6,5,3,2,37,41
"5117",8,18,5,20,22,18,9,15,5,20,22,18,4,3,0,0,1,2,5,3,5,1,3,40,46
"5118",9,18,5,22,22,19,9,18,5,20,22,18,9,1,2,0,1,0,0,2,1,3,2,42,47
"5119",10,18,5,25,22,19,19,18,5,22,22,19,9,2,3,6,2,6,0,3,6,3,3,45,57
"5120",11,20,5,25,26,19,19,18,5,25,22,19,19,2,0,0,4,4,5,2,4,1,1,47,61
"5121",12,20,5,25,26,19,19,20,5,25,26,19,19,4,5,0,NA,0,0,0,0,0,0,47,61
"5122",0,0,0,0,0,0,0,0,0,0,0,0,0,0,0,0,0,0,0,0,0,0,0,0,0
"5123",1,1,7,3,1,1,3,1,1,1,1,1,1,2,6,3,2,3,0,6,2,2,3,8,2
"5124",2,1,7,6,1,5,3,1,7,3,1,1,3,3,0,0,4,2,4,3,4,3,2,11,6
"5125",3,1,11,6,1,5,5,1,7,6,1,5,3,2,4,0,2,0,0,4,2,2,3,15,8
"5126",4,5,11,6,1,7,5,1,11,6,1,5,5,3,4,2,3,2,0,4,2,1,2,19,10
"5127",5,8,11,6,1,7,9,5,11,6,1,7,5,3,0,0,6,1,4,3,4,1,3,22,14
"5128",6,8,17,8,2,7,9,8,11,6,1,7,9,6,1,0,1,0,0,6,1,2,1,30,15
"5129",7,12,17,8,5,7,9,8,17,8,2,7,9,1,4,3,1,3,0,4,3,1,1,34,18
"5130",8,13,17,8,5,7,14,12,17,8,5,7,9,1,0,0,1,3,5,1,5,1,3,35,23
"5131",9,14,17,8,8,7,14,13,17,8,5,7,14,1,3,0,3,0,0,1,3,1,1,36,26
"5132",10,14,17,12,11,7,14,14,17,8,8,7,14,3,4,1,3,1,0,4,3,3,1,40,29
"5133",11,15,17,12,16,7,14,14,17,12,11,7,14,1,0,0,5,2,4,1,5,1,1,41,34
"5134",12,15,17,12,16,7,14,15,17,12,16,7,14,2,4,0,NA,0,0,0,0,0,0,41,34
"5135",0,0,0,0,0,0,0,0,0,0,0,0,0,0,0,0,0,0,0,0,0,0,0,0,0
"5136",1,1,1,6,1,4,1,1,1,1,1,1,1,1,5,3,1,3,0,5,3,3,2,5,3
"5137",2,2,1,6,1,4,3,1,1,6,1,4,1,1,0,0,5,2,1,1,2,1,3,6,5
"5138",3,2,6,6,1,5,3,2,1,6,1,4,3,5,1,0,1,0,0,5,1,2,2,11,6
"5139",4,6,6,6,1,5,5,2,6,6,1,5,3,2,2,4,2,2,0,4,2,1,3,15,8
"5140",5,6,6,8,1,9,5,6,6,6,1,5,5,2,0,0,4,3,1,2,4,3,2,17,12
"5141",6,6,6,11,1,9,6,6,6,8,1,9,5,3,1,0,1,0,0,3,1,3,3,20,13
"5142",7,6,11,11,1,14,6,6,6,11,1,9,6,3,5,5,3,5,0,5,5,2,2,25,18
"5143",8,6,11,14,5,14,6,6,11,11,1,14,6,3,0,0,3,4,2,3,4,3,1,28,22
"5144",9,6,13,14,8,14,6,6,11,14,5,14,6,3,2,0,3,0,0,2,3,2,1,30,25
"5145",10,6,13,19,11,14,6,6,13,14,8,14,6,5,1,3,1,3,0,5,3,3,1,35,28
"5146",11,6,13,20,11,19,6,6,13,19,11,14,6,1,0,0,5,6,2,1,5,3,2,36,33
"5147",12,6,13,20,11,19,6,6,13,20,11,19,6,6,2,0,NA,0,0,0,0,0,0,36,33
"5148",0,0,0,0,0,0,0,0,0,0,0,0,0,0,0,0,0,0,0,0,0,0,0,0,0
"5149",1,1,1,5,5,1,1,1,1,1,1,1,1,4,4,1,4,1,0,4,4,3,1,4,4
"5150",2,2,1,5,5,1,8,1,1,5,5,1,1,1,0,0,3,6,3,1,6,1,3,5,11
"5151",3,2,4,5,8,1,8,2,1,5,5,1,8,3,3,0,3,0,0,3,3,2,1,8,14
"5152",4,2,4,15,14,6,8,2,4,5,8,1,8,2,6,6,2,6,0,6,6,3,1,18,25
"5153",5,2,6,15,14,13,14,2,4,15,14,6,8,2,0,0,6,1,1,2,6,2,2,20,38
"5154",6,3,6,15,14,14,14,2,6,15,14,13,14,1,1,0,1,0,0,1,1,1,2,21,39
"5155",7,3,6,17,14,17,14,3,6,15,14,14,14,1,2,3,1,3,0,2,3,3,2,23,42
"5156",8,3,7,17,18,17,14,3,6,17,14,17,14,1,0,0,2,4,2,1,4,2,1,24,46
"5157",9,3,7,19,18,19,14,3,7,17,18,17,14,2,2,0,2,0,0,2,2,3,2,26,48
"5158",10,3,12,19,18,24,14,3,7,19,18,19,14,5,4,5,4,5,0,5,5,2,2,31,53
"5159",11,3,12,23,24,24,16,3,12,19,18,24,14,4,0,0,1,6,5,4,6,3,1,35,61
"5160",12,3,12,23,24,24,16,3,12,23,24,24,16,1,5,0,NA,0,0,0,0,0,0,35,61
"5161",0,0,0,0,0,0,0,0,0,0,0,0,0,0,0,0,0,0,0,0,0,0,0,0,0
"5162",1,4,7,1,5,1,1,1,1,1,1,1,1,6,4,3,4,3,0,6,4,2,1,9,4
"5163",2,4,7,4,5,5,1,4,7,1,5,1,1,3,0,0,4,4,4,3,4,3,2,12,8
"5164",3,8,7,4,5,9,1,4,7,4,5,5,1,4,4,0,4,0,0,4,4,1,2,16,12
"5165",4,8,18,4,10,9,1,8,7,4,5,9,1,6,5,1,5,1,0,6,5,2,1,27,17
"5166",5,9,18,4,10,9,3,8,18,4,10,9,1,1,0,0,2,6,4,1,2,1,3,28,19
"5167",6,12,18,10,14,9,3,9,18,4,10,9,3,6,4,0,4,0,0,6,4,3,1,37,23
"5168",7,12,18,20,14,12,3,12,18,10,14,9,3,6,3,5,3,5,0,6,3,3,2,47,26
"5169",8,17,18,20,17,12,3,12,18,20,14,12,3,5,0,0,4,3,6,5,3,1,1,52,29
"5170",9,21,21,26,21,12,1,17,18,20,17,12,3,4,6,0,4,0,0,6,4,3,1,65,31
"5171",10,21,27,36,26,1,1,21,21,26,21,12,1,5,5,4,5,5,0,4,5,3,1,81,25
"5172",11,26,27,36,31,1,1,21,27,36,26,1,1,5,0,0,5,4,5,5,5,1,1,86,30
"5173",12,26,27,36,31,1,1,26,27,36,31,1,1,4,5,0,NA,0,0,0,0,0,0,86,30
"5174",0,0,0,0,0,0,0,0,0,0,0,0,0,0,0,0,0,0,0,0,0,0,0,0,0
"5175",1,1,6,1,1,5,1,1,1,1,1,1,1,4,4,5,4,4,0,5,4,2,2,5,4
"5176",2,1,6,5,5,5,1,1,6,1,1,5,1,4,0,0,4,5,4,4,4,3,1,9,8
"5177",3,1,6,10,9,5,1,1,6,5,5,5,1,5,4,0,4,0,0,5,4,3,1,14,12
"5178",4,1,16,10,9,10,1,1,6,10,9,5,1,6,5,2,5,2,0,6,5,2,2,24,17
"5179",5,1,18,10,9,12,1,1,16,10,9,10,1,2,0,0,2,2,2,2,2,2,2,26,19
"5180",6,1,20,10,9,12,3,1,18,10,9,12,1,2,2,0,2,0,0,2,2,2,3,28,21
"5181",7,1,20,14,9,15,3,1,20,10,9,12,3,4,3,3,3,3,0,4,3,3,2,32,24
"5182",8,1,20,17,19,15,3,1,20,14,9,15,3,3,0,0,4,6,6,3,6,3,1,35,34
"5183",9,1,23,23,19,19,3,1,20,17,19,15,3,4,6,0,4,0,0,6,4,3,2,44,38
"5184",10,5,23,23,21,19,3,1,23,23,19,19,3,1,2,4,1,2,0,4,2,1,1,48,40
"5185",11,1,23,23,22,24,3,5,23,23,21,19,3,1,0,0,6,4,5,1,5,1,2,44,46
"5186",12,1,23,23,22,24,3,1,23,23,22,24,3,6,4,0,NA,0,0,0,0,0,0,44,46
"5187",0,0,0,0,0,0,0,0,0,0,0,0,0,0,0,0,0,0,0,0,0,0,0,0,0
"5188",1,1,1,2,1,1,6,1,1,1,1,1,1,1,5,1,5,1,0,1,5,3,3,1,5
"5189",2,2,1,2,8,1,6,1,1,2,1,1,6,1,0,0,6,2,4,1,6,1,1,2,12
"5190",3,2,1,4,8,5,6,2,1,2,8,1,6,2,4,0,4,0,0,2,4,3,2,4,16
"5191",4,6,1,4,8,9,12,2,1,4,8,5,6,6,5,4,6,5,0,4,6,1,3,8,26
"5192",5,6,6,4,8,14,12,6,1,4,8,9,12,5,0,0,5,2,5,5,5,2,2,13,31
"5193",6,11,6,4,10,14,12,6,6,4,8,14,12,2,5,0,2,0,0,5,2,1,1,18,33
"5194",7,26,6,4,10,16,12,11,6,4,10,14,12,2,6,1,2,1,0,6,2,1,2,33,35
"5195",8,27,6,4,10,16,17,26,6,4,10,16,12,1,0,0,5,3,3,1,5,1,3,34,40
"5196",9,30,6,4,10,19,17,27,6,4,10,16,17,3,3,0,3,0,0,3,3,1,2,37,43
"5197",10,33,6,4,10,19,26,30,6,4,10,19,17,3,2,6,2,6,0,3,6,1,3,40,52
"5198",11,33,8,5,11,19,1,33,6,4,10,19,26,2,0,0,1,1,2,2,1,2,1,43,28
"5199",12,33,8,5,11,19,1,33,8,5,11,19,1,1,2,0,NA,0,0,0,0,0,0,43,28
"5200",0,0,0,0,0,0,0,0,0,0,0,0,0,0,0,0,0,0,0,0,0,0,0,0,0
"5201",1,1,1,11,5,7,7,1,1,1,1,1,1,3,6,6,3,6,0,6,6,3,2,10,16
"5202",2,1,1,14,11,7,13,1,1,11,5,7,7,3,0,0,6,3,3,3,6,3,1,13,28
"5203",3,1,1,17,14,7,13,1,1,14,11,7,13,3,3,0,3,0,0,3,3,3,1,16,31
"5204",4,1,1,1,14,9,23,1,1,17,14,7,13,1,6,6,1,6,0,6,6,3,3,0,43
"5205",5,1,2,1,14,9,28,1,1,1,14,9,23,1,0,0,4,5,2,1,5,2,3,1,48
"5206",6,1,2,5,14,9,30,1,2,1,14,9,28,4,2,0,2,0,0,4,2,3,3,5,50
"5207",7,1,6,5,14,9,33,1,2,5,14,9,30,3,2,4,3,2,0,4,3,2,3,9,53
"5208",8,1,8,5,14,9,36,1,6,5,14,9,33,2,0,0,3,1,6,2,3,2,3,11,56
"5209",9,1,8,5,22,9,36,1,8,5,14,9,36,1,6,0,6,0,0,1,6,1,1,11,64
"5210",10,6,8,5,25,9,36,1,8,5,22,9,36,5,3,3,3,3,0,5,3,1,1,16,67
"5211",11,9,8,5,30,9,36,6,8,5,25,9,36,3,0,0,5,5,4,3,5,1,1,19,72
"5212",12,9,8,5,30,9,36,9,8,5,30,9,36,5,4,0,NA,0,0,0,0,0,0,19,72
"5213",0,0,0,0,0,0,0,0,0,0,0,0,0,0,0,0,0,0,0,0,0,0,0,0,0
"5214",1,1,1,3,7,1,4,1,1,1,1,1,1,6,2,2,6,2,0,2,6,3,1,2,9
"5215",2,1,3,3,7,6,10,1,1,3,7,1,4,2,0,0,6,1,6,2,6,2,3,4,20
"5216",3,7,7,3,7,6,11,1,3,3,7,6,10,1,6,0,1,0,0,6,1,1,3,14,21
"5217",4,7,14,3,11,6,11,7,7,3,7,6,11,6,1,4,1,4,0,6,4,2,1,21,25
"5218",5,8,14,3,17,12,11,7,14,3,11,6,11,1,0,0,2,1,6,1,6,1,1,22,37
"5219",6,9,14,3,17,12,13,8,14,3,17,12,11,2,1,0,2,0,0,1,2,1,3,23,39
"5220",7,9,25,3,17,15,13,9,14,3,17,12,13,2,6,3,2,3,0,6,3,2,2,34,42
"5221",8,11,25,3,17,20,13,9,25,3,17,15,13,2,0,0,2,3,5,2,5,1,2,36,47
"5222",9,14,25,3,17,20,15,11,25,3,17,20,13,2,3,0,2,0,0,3,2,1,3,39,49
"5223",10,20,31,1,20,20,21,14,25,3,17,20,15,5,6,6,5,6,0,6,6,1,3,49,58
"5224",11,25,31,1,20,20,24,20,31,1,20,20,21,5,0,0,1,3,1,5,3,1,3,54,61
"5225",12,25,31,1,20,20,24,25,31,1,20,20,24,1,1,0,NA,0,0,0,0,0,0,54,61
"5226",0,0,0,0,0,0,0,0,0,0,0,0,0,0,0,0,0,0,0,0,0,0,0,0,0
"5227",1,1,6,1,5,1,1,1,1,1,1,1,1,4,1,5,4,1,0,5,4,2,1,5,4
"5228",2,2,6,1,10,1,1,1,6,1,5,1,1,1,0,0,5,2,3,1,5,1,1,6,9
"5229",3,2,6,4,10,1,3,2,6,1,10,1,1,2,3,0,2,0,0,3,2,3,3,9,11
"5230",4,2,7,4,13,1,3,2,6,4,10,1,3,1,3,3,3,3,0,1,3,2,1,10,14
"5231",5,2,10,4,13,7,4,2,7,4,13,1,3,3,0,0,4,4,6,3,6,2,2,13,21
"5232",6,2,10,8,13,7,8,2,10,4,13,7,4,4,4,0,4,0,0,4,4,3,3,17,25
"5233",7,2,15,8,14,7,14,2,10,8,13,7,8,1,6,5,1,6,0,5,6,2,3,22,32
"5234",8,2,16,8,14,7,19,2,15,8,14,7,14,1,0,0,5,4,1,1,5,2,3,23,37
"5235",9,2,20,8,15,7,19,2,16,8,14,7,19,4,1,0,1,0,0,4,1,2,1,27,38
"5236",10,8,22,8,15,15,25,2,20,8,15,7,19,2,6,6,2,6,0,6,6,1,2,35,52
"5237",11,8,22,10,19,15,25,8,22,8,15,15,25,2,0,0,4,1,2,2,4,3,1,37,56
"5238",12,8,22,10,19,15,25,8,22,10,19,15,25,1,2,0,NA,0,0,0,0,0,0,37,56
"5239",0,0,0,0,0,0,0,0,0,0,0,0,0,0,0,0,0,0,0,0,0,0,0,0,0
"5240",1,1,6,1,1,1,3,1,1,1,1,1,1,2,1,5,2,1,0,5,2,2,3,5,2
"5241",2,1,7,1,1,4,3,1,6,1,1,1,3,1,0,0,2,3,2,1,3,2,2,6,5
"5242",3,1,9,1,1,4,5,1,7,1,1,4,3,2,2,0,2,0,0,2,2,2,3,8,7
"5243",4,12,9,7,3,10,5,1,9,1,1,4,5,6,5,6,5,6,0,6,6,3,2,25,15
"5244",5,12,9,12,3,13,5,12,9,7,3,10,5,5,0,0,3,6,2,5,3,3,2,30,18
"5245",6,12,12,18,3,13,7,12,9,12,3,13,5,6,2,0,2,0,0,6,2,3,3,39,20
"5246",7,18,18,18,3,18,7,12,12,18,3,13,7,6,1,5,1,5,0,6,5,2,2,51,25
"5247",8,19,18,18,3,29,7,18,18,18,3,18,7,1,0,0,4,5,6,1,6,1,2,52,36
"5248",9,19,22,18,3,34,7,19,18,18,3,29,7,4,5,0,5,0,0,4,5,2,2,56,41
"5249",10,19,28,19,3,34,9,19,22,18,3,34,7,2,6,6,2,6,0,6,2,2,3,63,43
"5250",11,19,1,1,10,34,11,19,28,19,3,34,9,6,0,0,2,3,6,6,2,3,3,18,52
"5251",12,19,1,1,10,34,11,19,1,1,10,34,11,3,6,0,NA,0,0,0,0,0,0,18,52
"5252",0,0,0,0,0,0,0,0,0,0,0,0,0,0,0,0,0,0,0,0,0,0,0,0,0
"5253",1,1,1,4,1,9,1,1,1,1,1,1,1,1,3,6,1,6,0,3,6,3,2,3,8
"5254",2,2,1,4,9,15,1,1,1,4,1,9,1,1,0,0,6,3,5,1,6,1,2,4,22
"5255",3,5,1,4,9,20,1,2,1,4,9,15,1,3,5,0,5,0,0,3,5,1,2,7,27
"5256",4,5,1,5,9,20,2,5,1,4,9,20,1,1,1,2,1,2,0,1,1,3,3,8,28
"5257",5,7,1,5,10,20,2,5,1,5,9,20,2,2,0,0,4,1,3,2,1,1,1,10,29
"5258",6,10,1,5,10,20,6,7,1,5,10,20,2,4,3,0,4,0,0,3,4,1,3,13,33
"5259",7,16,1,16,10,20,8,10,1,5,10,20,6,2,3,6,2,3,0,6,2,1,3,30,35
"5260",8,16,1,19,10,26,12,16,1,16,10,20,8,3,0,0,1,3,6,3,6,3,2,33,45
"5261",9,16,4,19,11,26,12,16,1,19,10,26,12,1,3,0,1,0,0,3,1,2,1,36,46
"5262",10,16,11,19,21,1,12,16,4,19,11,26,12,2,6,4,2,6,0,4,6,2,1,43,31
"5263",11,16,13,19,21,1,15,16,11,19,21,1,12,2,0,0,6,3,3,2,3,2,3,45,34
"5264",12,16,13,19,21,1,15,16,13,19,21,1,15,6,3,0,NA,0,0,0,0,0,0,45,34
"5265",0,0,0,0,0,0,0,0,0,0,0,0,0,0,0,0,0,0,0,0,0,0,0,0,0
"5266",1,1,1,4,1,4,1,1,1,1,1,1,1,3,3,3,3,3,0,3,3,3,2,3,3
"5267",2,1,4,4,1,4,4,1,1,4,1,4,1,3,0,0,1,3,6,3,3,2,3,6,6
"5268",3,3,10,4,2,4,4,1,4,4,1,4,4,1,6,0,1,0,0,6,1,2,1,14,7
"5269",4,6,10,4,2,4,6,3,10,4,2,4,4,2,3,2,2,2,0,3,2,1,3,17,9
"5270",5,6,10,6,2,9,6,6,10,4,2,4,6,2,0,0,5,2,4,2,5,3,2,19,14
"5271",6,10,10,6,2,11,6,6,10,6,2,9,6,2,4,0,2,0,0,4,2,1,2,23,16
"5272",7,13,10,6,2,14,6,10,10,6,2,11,6,1,3,3,1,3,0,3,3,1,2,26,19
"5273",8,13,11,6,2,20,11,13,10,6,2,14,6,1,0,0,6,5,6,1,6,2,2,27,30
"5274",9,13,17,10,2,20,16,13,11,6,2,20,11,5,6,0,5,0,0,6,5,2,3,37,35
"5275",10,14,17,16,8,31,16,13,17,10,2,20,16,6,2,6,2,6,0,6,6,3,1,44,52
"5276",11,16,17,16,13,31,16,14,17,16,8,31,16,2,0,0,5,5,3,2,5,1,1,46,57
"5277",12,16,17,16,13,31,16,16,17,16,13,31,16,5,3,0,NA,0,0,0,0,0,0,46,57
"5278",0,0,0,0,0,0,0,0,0,0,0,0,0,0,0,0,0,0,0,0,0,0,0,0,0
"5279",1,3,1,7,6,1,1,1,1,1,1,1,1,5,6,4,5,4,0,6,5,3,1,8,5
"5280",2,7,1,7,11,1,1,3,1,7,6,1,1,4,0,0,5,3,1,4,5,1,1,12,10
"5281",3,7,4,7,11,1,2,7,1,7,11,1,1,3,1,0,1,0,0,3,1,2,3,15,11
"5282",4,13,4,14,17,1,3,7,4,7,11,1,2,6,3,6,3,6,0,6,6,3,1,28,18
"5283",5,13,7,14,22,1,9,13,4,14,17,1,3,3,0,0,6,1,6,3,6,2,3,31,29
"5284",6,13,13,19,22,2,9,13,7,14,22,1,9,1,6,0,1,0,0,6,1,2,2,42,30
"5285",7,13,18,19,26,2,9,13,13,19,22,2,9,1,5,4,1,4,0,5,4,2,1,47,34
"5286",8,15,18,1,26,2,13,13,18,19,26,2,9,1,0,0,2,3,1,1,1,3,2,31,38
"5287",9,15,18,4,28,2,13,15,18,1,26,2,13,2,3,0,2,0,0,3,2,3,1,34,40
"5288",10,1,18,9,37,2,13,15,18,4,28,2,13,5,2,5,2,5,0,5,5,3,1,25,49
"5289",11,3,18,9,37,14,16,1,18,9,37,2,13,2,0,0,6,6,6,2,6,1,2,27,64
"5290",12,3,18,9,37,14,16,3,18,9,37,14,16,6,6,0,NA,0,0,0,0,0,0,27,64
"5291",0,0,0,0,0,0,0,0,0,0,0,0,0,0,0,0,0,0,0,0,0,0,0,0,0
"5292",1,3,1,1,3,7,1,1,1,1,1,1,1,4,6,2,4,6,0,2,6,1,2,2,8
"5293",2,7,1,1,3,13,3,3,1,1,3,7,1,4,0,0,3,6,2,4,6,1,2,6,16
"5294",3,7,1,4,5,13,3,7,1,1,3,13,3,3,2,0,2,0,0,3,2,3,1,9,18
"5295",4,8,1,4,6,13,3,7,1,4,5,13,3,1,2,1,2,1,0,1,1,1,1,10,19
"5296",5,8,3,4,10,13,3,8,1,4,6,13,3,2,0,0,3,4,2,2,4,2,1,12,23
"5297",6,11,3,4,10,13,5,8,3,4,10,13,3,3,2,0,2,0,0,3,2,1,3,15,25
"5298",7,15,3,4,14,13,5,11,3,4,10,13,5,4,2,4,2,4,0,4,4,1,1,19,29
"5299",8,15,3,6,14,17,11,15,3,4,14,13,5,2,0,0,3,3,6,2,6,3,3,21,39
"5300",9,18,3,6,14,17,14,15,3,6,14,17,11,3,3,0,3,0,0,3,3,1,3,24,42
"5301",10,18,3,9,14,17,16,18,3,6,14,17,14,5,3,2,5,2,0,3,2,3,3,27,44
"5302",11,23,3,9,18,17,16,18,3,9,14,17,16,5,0,0,4,5,3,5,4,1,1,32,48
"5303",12,23,3,9,18,17,16,23,3,9,18,17,16,5,3,0,NA,0,0,0,0,0,0,32,48
"5304",0,0,0,0,0,0,0,0,0,0,0,0,0,0,0,0,0,0,0,0,0,0,0,0,0
"5305",1,6,1,1,1,3,1,1,1,1,1,1,1,2,2,5,2,2,0,5,2,1,2,5,2
"5306",2,6,3,1,5,9,1,6,1,1,1,3,1,2,0,0,6,2,1,2,6,2,2,7,12
"5307",3,6,3,3,5,9,2,6,3,1,5,9,1,2,1,0,1,0,0,2,1,3,3,9,13
"5308",4,12,6,9,11,13,2,6,3,3,5,9,2,6,3,6,3,6,0,6,6,1,1,24,23
"5309",5,12,6,12,12,13,2,12,6,9,11,13,2,3,0,0,2,1,1,3,1,3,1,27,24
"5310",6,12,6,14,13,13,2,12,6,12,12,13,2,2,1,0,1,0,0,2,1,3,1,29,25
"5311",7,12,6,15,14,13,2,12,6,14,13,13,2,1,1,1,1,1,0,1,1,3,1,30,26
"5312",8,12,6,16,18,13,2,12,6,15,14,13,2,1,0,0,2,4,2,1,4,3,1,31,30
"5313",9,12,8,16,20,13,2,12,6,16,18,13,2,2,2,0,2,0,0,2,2,2,1,33,32
"5314",10,16,14,16,23,13,2,12,8,16,20,13,2,6,3,3,3,3,0,6,3,2,1,43,35
"5315",11,19,14,16,27,13,2,16,14,16,23,13,2,3,0,0,5,5,4,3,4,1,1,46,39
"5316",12,19,14,16,27,13,2,19,14,16,27,13,2,5,5,0,NA,0,0,0,0,0,0,46,39
"5317",0,0,0,0,0,0,0,0,0,0,0,0,0,0,0,0,0,0,0,0,0,0,0,0,0
"5318",1,2,7,1,4,1,1,1,1,1,1,1,1,6,3,2,3,2,0,6,3,2,1,7,3
"5319",2,4,7,1,10,6,1,2,7,1,4,1,1,2,0,0,1,1,6,2,6,1,1,9,14
"5320",3,5,7,1,10,7,1,4,7,1,10,6,1,1,1,0,1,0,0,1,1,1,2,10,15
"5321",4,5,7,5,10,7,5,5,7,1,10,7,1,4,1,4,1,4,0,4,4,3,3,14,19
"5322",5,6,7,5,12,7,5,5,7,5,10,7,5,1,0,0,1,1,2,1,2,1,1,15,21
"5323",6,6,8,5,13,7,5,6,7,5,12,7,5,1,1,0,1,0,0,1,1,2,1,16,22
"5324",7,11,8,5,17,13,5,6,8,5,13,7,5,5,6,3,6,3,0,5,6,1,2,21,32
"5325",8,11,8,8,17,13,10,11,8,5,17,13,5,3,0,0,3,5,5,3,5,3,3,24,37
"5326",9,11,11,8,17,18,10,11,8,8,17,13,10,3,5,0,5,0,0,3,5,2,2,27,42
"5327",10,11,14,8,17,19,10,11,11,8,17,18,10,1,2,3,1,2,0,3,1,2,2,30,43
"5328",11,13,14,8,19,19,10,11,14,8,17,19,10,2,0,0,2,4,3,2,2,1,1,32,45
"5329",12,13,14,8,19,19,10,13,14,8,19,19,10,4,3,0,NA,0,0,0,0,0,0,32,45
"5330",0,0,0,0,0,0,0,0,0,0,0,0,0,0,0,0,0,0,0,0,0,0,0,0,0
"5331",1,6,1,1,1,4,1,1,1,1,1,1,1,5,3,2,3,2,0,5,3,1,2,5,3
"5332",2,6,1,3,6,4,1,6,1,1,1,4,1,2,0,0,6,5,6,2,5,3,1,7,8
"5333",3,12,4,3,6,4,9,6,1,3,6,4,1,6,6,0,6,0,0,6,6,1,3,16,16
"5334",4,17,4,3,9,4,9,12,4,3,6,4,9,3,5,3,3,3,0,5,3,1,1,21,19
"5335",5,20,4,3,9,4,12,17,4,3,9,4,9,3,0,0,3,3,1,3,3,1,3,24,22
"5336",6,20,7,3,10,4,12,20,4,3,9,4,12,3,1,0,1,0,0,3,1,2,1,27,23
"5337",7,23,7,3,10,1,17,20,7,3,10,4,12,5,2,2,5,2,0,2,5,1,3,30,25
"5338",8,25,7,3,10,5,17,23,7,3,10,1,17,2,0,0,2,4,4,2,4,1,2,32,29
"5339",9,29,7,3,10,5,19,25,7,3,10,5,17,2,4,0,2,0,0,4,2,1,3,36,31
"5340",10,29,12,3,10,9,19,29,7,3,10,5,19,3,5,4,3,4,0,5,4,2,2,41,35
"5341",11,1,12,3,14,14,19,29,12,3,10,9,19,3,0,0,5,3,3,3,5,1,2,13,44
"5342",12,1,12,3,14,14,19,1,12,3,14,14,19,3,3,0,NA,0,0,0,0,0,0,13,44
"5343",0,0,0,0,0,0,0,0,0,0,0,0,0,0,0,0,0,0,0,0,0,0,0,0,0
"5344",1,7,9,1,1,1,5,1,1,1,1,1,1,5,6,4,5,4,0,6,4,1,3,14,4
"5345",2,7,9,6,1,1,9,7,9,1,1,1,5,5,0,0,4,1,3,5,4,3,3,19,8
"5346",3,7,12,6,1,1,10,7,9,6,1,1,9,1,3,0,1,0,0,3,1,2,3,22,9
"5347",4,11,12,6,1,1,11,7,12,6,1,1,10,4,1,1,1,1,0,4,1,1,3,26,10
"5348",5,12,12,6,1,1,15,11,12,6,1,1,11,1,0,0,4,6,4,1,4,1,3,27,14
"5349",6,18,12,7,1,1,19,12,12,6,1,1,15,6,4,0,4,0,0,6,4,1,3,34,18
"5350",7,18,17,7,1,1,24,18,12,7,1,1,19,5,5,1,5,1,0,5,5,2,3,39,23
"5351",8,18,18,7,1,1,28,18,17,7,1,1,24,1,0,0,4,6,4,1,4,2,3,40,27
"5352",9,24,18,13,1,1,32,18,18,7,1,1,28,6,4,0,4,0,0,6,4,3,3,52,31
"5353",10,28,18,13,1,1,37,24,18,13,1,1,32,5,5,4,5,5,0,4,5,1,3,56,36
"5354",11,33,18,13,4,1,39,28,18,13,1,1,37,5,0,0,3,2,4,5,2,1,3,61,79
"5355",12,33,18,13,4,1,39,33,18,13,4,1,39,3,4,0,NA,0,0,0,0,0,0,61,79
"5356",0,0,0,0,0,0,0,0,0,0,0,0,0,0,0,0,0,0,0,0,0,0,0,0,0
"5357",1,1,1,4,2,1,1,1,1,1,1,1,1,1,3,2,1,2,0,3,1,3,1,3,1
"5358",2,1,1,6,2,6,1,1,1,4,2,1,1,2,0,0,5,2,1,2,5,3,2,5,6
"5359",3,3,1,6,3,6,1,1,1,6,2,6,1,2,1,0,1,0,0,2,1,1,1,7,7
"5360",4,8,1,6,3,10,1,3,1,6,3,6,1,4,3,5,4,3,0,5,4,1,2,12,11
"5361",5,8,4,6,3,15,1,8,1,6,3,10,1,3,0,0,2,5,4,3,5,2,2,15,16
"5362",6,8,4,10,5,15,1,8,4,6,3,15,1,2,4,0,2,0,0,4,2,3,1,19,18
"5363",7,13,4,10,6,15,1,8,4,10,5,15,1,1,5,1,1,1,0,5,1,1,1,24,19
"5364",8,13,5,10,7,21,7,13,4,10,6,15,1,1,0,0,2,6,6,1,6,2,2,25,32
"5365",9,13,11,12,7,23,7,13,5,10,7,21,7,2,6,0,2,0,0,6,2,2,2,33,34
"5366",10,23,11,12,8,23,7,13,11,12,7,23,7,1,6,1,1,1,0,6,1,1,1,43,35
"5367",11,24,11,12,8,27,7,23,11,12,8,23,7,1,0,0,2,4,3,1,4,1,2,44,39
"5368",12,24,11,12,8,27,7,24,11,12,8,27,7,2,3,0,NA,0,0,0,0,0,0,44,39
"5369",0,0,0,0,0,0,0,0,0,0,0,0,0,0,0,0,0,0,0,0,0,0,0,0,0
"5370",1,4,1,1,1,4,1,1,1,1,1,1,1,3,3,3,3,3,0,3,3,1,2,3,3
"5371",2,7,1,1,1,4,4,4,1,1,1,4,1,3,0,0,4,3,3,3,3,1,3,6,6
"5372",3,7,1,4,1,4,8,7,1,1,1,4,4,4,3,0,4,0,0,3,4,3,3,9,10
"5373",4,13,5,4,1,4,12,7,1,4,1,4,8,6,4,3,4,3,0,6,4,1,3,19,14
"5374",5,13,5,7,1,9,18,13,5,4,1,4,12,3,0,0,1,1,6,3,6,3,3,22,25
"5375",6,13,5,8,1,9,19,13,5,7,1,9,18,1,1,0,1,0,0,1,1,3,3,23,26
"5376",7,13,8,8,1,10,19,13,5,8,1,9,19,1,1,3,1,1,0,3,1,2,2,26,27
"5377",8,13,9,8,5,10,25,13,8,8,1,10,19,1,0,0,6,2,4,1,6,2,3,27,37
"5378",9,13,13,8,7,10,25,13,9,8,5,10,25,2,4,0,2,0,0,4,2,2,1,31,39
"5379",10,1,19,11,7,10,35,13,13,8,7,10,25,4,6,6,4,6,0,6,6,2,3,28,49
"5380",11,5,19,11,17,10,35,1,19,11,7,10,35,4,0,0,6,1,5,4,6,1,1,32,59
"5381",12,5,19,11,17,10,35,5,19,11,17,10,35,1,5,0,NA,0,0,0,0,0,0,32,59
"5382",0,0,0,0,0,0,0,0,0,0,0,0,0,0,0,0,0,0,0,0,0,0,0,0,0
"5383",1,5,1,7,1,1,6,1,1,1,1,1,1,6,5,4,5,4,0,6,5,3,3,10,5
"5384",2,9,1,7,1,1,10,5,1,7,1,1,6,4,0,0,4,1,6,4,4,1,3,14,9
"5385",3,11,7,7,1,1,11,9,1,7,1,1,10,1,6,0,1,0,0,6,1,2,3,22,10
"5386",4,11,11,7,3,1,11,11,7,7,1,1,11,2,1,4,2,1,0,4,2,2,1,26,12
"5387",5,12,11,7,3,1,15,11,11,7,3,1,11,1,0,0,4,1,3,1,4,1,3,27,16
"5388",6,12,11,10,4,1,15,12,11,7,3,1,15,1,3,0,1,0,0,3,1,3,1,30,17
"5389",7,12,11,13,4,1,19,12,11,10,4,1,15,3,4,1,4,1,0,3,4,3,3,33,21
"5390",8,12,12,13,10,1,24,12,11,13,4,1,19,1,0,0,6,1,6,1,6,2,1,34,32
"5391",9,12,18,19,10,2,24,12,12,13,10,1,24,1,6,0,1,0,0,6,1,2,2,46,33
"5392",10,20,18,23,10,1,27,12,18,19,10,2,24,3,5,6,3,5,0,6,3,1,3,58,35
"5393",11,20,19,28,1,1,32,20,18,23,10,1,27,5,0,0,5,6,3,5,5,3,3,64,31
"5394",12,20,19,28,1,1,32,20,19,28,1,1,32,6,3,0,NA,0,0,0,0,0,0,64,31
"5395",0,0,0,0,0,0,0,0,0,0,0,0,0,0,0,0,0,0,0,0,0,0,0,0,0
"5396",1,4,1,1,1,3,7,1,1,1,1,1,1,4,3,6,4,6,0,3,6,1,3,3,8
"5397",2,8,1,1,6,3,7,4,1,1,1,3,7,4,0,0,5,2,4,4,5,1,1,7,13
"5398",3,8,5,1,6,3,9,8,1,1,6,3,7,2,4,0,2,0,0,4,2,2,3,11,15
"5399",4,8,5,6,11,9,15,8,5,1,6,3,9,5,3,6,3,6,0,5,6,3,2,16,32
"5400",5,8,8,6,11,9,18,8,5,6,11,9,15,3,0,0,3,3,2,3,3,2,3,19,35
"5401",6,11,8,6,11,11,18,8,8,6,11,9,18,3,2,0,2,0,0,3,2,1,2,22,37
"5402",7,14,8,6,11,16,18,11,8,6,11,11,18,3,3,5,3,5,0,3,5,1,2,25,42
"5403",8,14,11,6,16,16,18,14,8,6,11,16,18,3,0,0,5,2,5,3,5,2,1,28,47
"5404",9,14,13,6,21,16,18,14,11,6,16,16,18,2,5,0,5,0,0,2,5,2,1,30,52
"5405",10,14,17,6,21,21,18,14,13,6,21,16,18,4,1,5,1,5,0,4,5,2,2,34,57
"5406",11,15,17,6,30,21,18,14,17,6,21,21,18,1,0,0,6,2,5,1,6,1,1,35,66
"5407",12,15,17,6,30,21,18,15,17,6,30,21,18,2,5,0,NA,0,0,0,0,0,0,35,66
"5408",0,0,0,0,0,0,0,0,0,0,0,0,0,0,0,0,0,0,0,0,0,0,0,0,0
"5409",1,6,1,1,1,1,4,1,1,1,1,1,1,3,1,5,3,1,0,5,3,1,3,5,3
"5410",2,6,2,1,1,1,8,6,1,1,1,1,4,1,0,0,4,4,1,1,4,2,3,6,7
"5411",3,6,3,1,5,1,8,6,2,1,1,1,8,4,1,0,4,0,0,1,4,2,1,7,11
"5412",4,6,7,1,8,1,8,6,3,1,5,1,8,4,3,2,3,2,0,4,3,2,1,11,14
"5413",5,6,7,3,8,1,11,6,7,1,8,1,8,2,0,0,3,3,5,2,3,3,3,13,17
"5414",6,11,7,3,11,1,11,6,7,3,8,1,11,3,5,0,3,0,0,5,3,1,1,18,20
"5415",7,11,9,3,11,11,11,11,7,3,11,1,11,3,2,6,3,6,0,2,6,2,2,20,30
"5416",8,11,9,6,13,11,17,11,9,3,11,11,11,3,0,0,6,5,1,3,6,3,3,23,38
"5417",9,16,9,6,14,11,17,11,9,6,13,11,17,5,1,0,1,0,0,5,1,1,1,28,39
"5418",10,21,9,6,14,16,17,16,9,6,14,11,17,5,1,5,1,5,0,5,5,1,2,33,44
"5419",11,22,9,6,23,16,17,21,9,6,14,16,17,1,0,0,6,5,2,1,6,1,1,34,53
"5420",12,22,9,6,23,16,17,22,9,6,23,16,17,5,2,0,NA,0,0,0,0,0,0,34,53
"5421",0,0,0,0,0,0,0,0,0,0,0,0,0,0,0,0,0,0,0,0,0,0,0,0,0
"5422",1,5,1,1,3,1,1,1,1,1,1,1,1,2,3,4,2,3,0,4,2,1,1,4,2
"5423",2,5,4,1,3,1,6,5,1,1,3,1,1,3,0,0,2,1,5,3,5,2,3,7,7
"5424",3,5,6,1,4,1,6,5,4,1,3,1,6,2,1,0,1,0,0,2,1,2,1,9,8
"5425",4,5,6,6,7,1,6,5,6,1,4,1,6,5,3,1,3,1,0,5,3,3,1,14,11
"5426",5,5,6,7,7,5,6,5,6,6,7,1,6,1,0,0,4,5,4,1,4,3,2,15,15
"5427",6,5,11,7,7,9,6,5,6,7,7,5,6,5,4,0,4,0,0,5,4,2,2,20,19
"5428",7,5,16,7,7,10,6,5,11,7,7,9,6,1,5,1,1,1,0,5,1,2,2,25,20
"5429",8,6,16,7,14,10,6,5,16,7,7,10,6,1,0,0,6,5,3,1,6,1,1,26,27
"5430",9,6,21,7,17,10,6,6,16,7,14,10,6,5,3,0,3,0,0,5,3,2,1,31,30
"5431",10,6,21,11,17,11,6,6,21,7,17,10,6,1,1,4,1,1,0,4,1,3,2,35,31
"5432",11,6,21,12,17,11,18,6,21,11,17,11,6,1,0,0,3,4,6,1,6,3,3,36,43
"5433",12,6,21,12,17,11,18,6,21,12,17,11,18,3,4,0,NA,0,0,0,0,0,0,36,43
"5434",0,0,0,0,0,0,0,0,0,0,0,0,0,0,0,0,0,0,0,0,0,0,0,0,0
"5435",1,4,1,1,1,2,1,1,1,1,1,1,1,3,1,1,1,1,0,3,1,1,2,3,1
"5436",2,4,2,1,7,7,1,4,1,1,1,2,1,1,0,0,4,1,6,1,6,2,1,4,12
"5437",3,4,6,1,7,7,2,4,2,1,7,7,1,4,1,0,1,0,0,4,1,2,3,8,13
"5438",4,4,12,6,11,7,2,4,6,1,7,7,2,6,4,4,4,4,0,6,4,2,1,19,17
"5439",5,8,12,6,16,7,2,4,12,6,11,7,2,4,0,0,2,5,3,4,5,1,1,23,22
"5440",6,8,15,6,16,7,4,8,12,6,16,7,2,2,3,0,2,0,0,3,2,2,3,26,24
"5441",7,8,15,11,16,11,4,8,15,6,16,7,4,5,3,4,3,4,0,5,4,3,2,31,28
"5442",8,11,15,11,19,11,4,8,15,11,16,11,4,3,0,0,1,3,3,3,3,1,1,34,31
"5443",9,11,15,14,19,12,4,11,15,11,19,11,4,1,3,0,1,0,0,3,1,3,2,37,32
"5444",10,12,15,20,23,12,4,11,15,14,19,12,4,2,4,6,2,4,0,6,4,3,1,44,36
"5445",11,14,15,20,31,12,4,12,15,20,23,12,4,2,0,0,6,6,4,2,6,1,1,46,44
"5446",12,14,15,20,31,12,4,14,15,20,31,12,4,6,4,0,NA,0,0,0,0,0,0,46,44
"5447",0,0,0,0,0,0,0,0,0,0,0,0,0,0,0,0,0,0,0,0,0,0,0,0,0
"5448",1,1,5,1,1,4,1,1,1,1,1,1,1,4,1,3,1,3,0,4,3,2,2,4,3
"5449",2,1,5,2,1,9,7,1,5,1,1,4,1,1,0,0,6,4,4,1,6,3,3,5,14
"5450",3,1,9,2,1,9,11,1,5,2,1,9,7,4,4,0,4,0,0,4,4,2,3,9,18
"5451",4,5,9,2,1,13,17,1,9,2,1,9,11,6,4,5,6,5,0,4,6,1,3,13,28
"5452",5,5,14,2,1,17,17,5,9,2,1,13,17,5,0,0,4,2,4,5,4,2,2,18,32
"5453",6,9,14,2,1,19,17,5,14,2,1,17,17,2,4,0,2,0,0,4,2,1,2,22,34
"5454",7,9,18,2,10,25,17,9,14,2,1,19,17,4,2,6,2,6,0,4,6,2,2,26,49
"5455",8,1,20,2,10,30,17,9,18,2,10,25,17,2,0,0,1,2,3,2,2,2,2,20,54
"5456",9,1,20,5,11,30,17,1,20,2,10,30,17,1,3,0,1,0,0,3,1,3,1,23,55
"5457",10,1,30,5,7,36,21,1,20,5,11,30,17,6,3,6,3,6,0,6,6,2,2,33,61
"5458",11,4,1,5,13,36,21,1,30,5,7,36,21,3,0,0,5,3,6,3,5,1,1,7,67
"5459",12,4,1,5,13,36,21,4,1,5,13,36,21,3,6,0,NA,0,0,0,0,0,0,7,67
"5460",0,0,0,0,0,0,0,0,0,0,0,0,0,0,0,0,0,0,0,0,0,0,0,0,0
"5461",1,4,1,1,1,1,4,1,1,1,1,1,1,3,1,3,1,3,0,3,3,1,3,3,3
"5462",2,4,1,2,1,13,9,4,1,1,1,1,4,1,0,0,6,2,4,1,6,3,2,4,20
"5463",3,4,5,2,1,15,9,4,1,2,1,13,9,2,4,0,2,0,0,4,2,2,2,8,22
"5464",4,4,10,2,5,15,9,4,5,2,1,15,9,2,5,4,2,4,0,5,4,2,1,13,26
"5465",5,4,10,4,5,15,17,4,10,2,5,15,9,2,0,0,6,2,4,2,6,3,3,15,34
"5466",6,6,10,4,9,15,17,4,10,4,5,15,17,2,4,0,4,0,0,2,4,1,1,17,38
"5467",7,6,14,4,16,15,17,6,10,4,9,15,17,6,4,4,6,4,0,4,6,2,1,21,45
"5468",8,6,14,8,19,21,17,6,14,4,16,15,17,4,0,0,4,6,3,4,6,3,2,25,54
"5469",9,6,14,12,19,21,20,6,14,8,19,21,17,4,3,0,3,0,0,4,3,3,3,29,57
"5470",10,6,19,12,20,21,20,6,14,12,19,21,20,1,5,3,1,3,0,5,1,2,1,34,58
"5471",11,9,19,12,25,21,20,6,19,12,20,21,20,3,0,0,5,2,5,3,5,1,1,37,63
"5472",12,9,19,12,25,21,20,9,19,12,25,21,20,2,5,0,NA,0,0,0,0,0,0,37,63
"5473",0,0,0,0,0,0,0,0,0,0,0,0,0,0,0,0,0,0,0,0,0,0,0,0,0
"5474",1,1,6,1,1,1,5,1,1,1,1,1,1,4,5,2,4,2,0,5,4,2,3,5,4
"5475",2,1,8,1,1,2,5,1,6,1,1,1,5,2,0,0,1,3,2,2,1,2,2,7,5
"5476",3,1,8,3,1,5,5,1,8,1,1,2,5,3,2,0,3,0,0,2,3,3,2,9,8
"5477",4,1,9,3,5,5,5,1,8,3,1,5,5,1,4,1,4,1,0,1,4,2,1,10,12
"5478",5,2,9,3,5,5,10,1,9,3,5,5,5,1,0,0,3,1,5,1,5,1,3,11,17
"5479",6,2,12,3,5,5,11,2,9,3,5,5,10,3,1,0,1,0,0,3,1,2,3,14,18
"5480",7,5,12,3,5,10,11,2,12,3,5,5,11,3,1,5,1,5,0,3,5,1,2,17,23
"5481",8,5,12,4,5,14,11,5,12,3,5,10,11,1,0,0,1,1,4,1,4,3,2,18,27
"5482",9,6,12,4,5,14,12,5,12,4,5,14,11,1,1,0,1,0,0,1,1,1,3,19,28
"5483",10,6,12,9,5,14,17,6,12,4,5,14,12,1,5,5,1,5,0,5,5,3,3,24,33
"5484",11,7,12,9,8,14,17,6,12,9,5,14,17,1,0,0,3,4,5,1,3,1,1,25,36
"5485",12,7,12,9,8,14,17,7,12,9,8,14,17,4,5,0,NA,0,0,0,0,0,0,25,36
"5486",0,0,0,0,0,0,0,0,0,0,0,0,0,0,0,0,0,0,0,0,0,0,0,0,0
"5487",1,1,2,1,6,1,1,1,1,1,1,1,1,5,2,1,5,2,0,1,5,2,1,1,5
"5488",2,1,2,3,6,4,1,1,2,1,6,1,1,2,0,0,3,2,1,2,3,3,2,3,8
"5489",3,1,4,3,7,4,1,1,2,3,6,4,1,2,1,0,1,0,0,2,1,2,1,5,9
"5490",4,6,4,3,10,4,1,1,4,3,7,4,1,3,5,2,3,2,0,5,3,1,1,10,12
"5491",5,6,6,3,16,4,6,6,4,3,10,4,1,2,0,0,6,6,4,2,6,2,1,12,23
"5492",6,12,8,3,16,8,6,6,6,3,16,4,6,6,4,0,4,0,0,6,4,1,2,20,27
"5493",7,12,8,6,21,8,6,12,8,3,16,8,6,5,3,2,5,2,0,3,5,3,1,23,32
"5494",8,14,8,6,21,13,6,12,8,6,21,8,6,2,0,0,1,5,3,2,5,1,2,25,37
"5495",9,14,8,9,21,14,6,14,8,6,21,13,6,1,3,0,1,0,0,3,1,3,2,28,38
"5496",10,16,1,1,36,14,6,14,8,9,21,14,6,6,6,1,6,1,0,6,6,2,1,15,53
"5497",11,17,1,1,39,17,6,16,1,1,36,14,6,1,0,0,3,6,4,1,3,1,1,16,97
"5498",12,17,1,1,39,17,6,17,1,1,39,17,6,6,4,0,NA,0,0,0,0,0,0,16,97
"5499",0,0,0,0,0,0,0,0,0,0,0,0,0,0,0,0,0,0,0,0,0,0,0,0,0
"5500",1,1,5,1,6,1,1,1,1,1,1,1,1,5,4,1,5,1,0,4,5,2,1,4,5
"5501",2,1,6,1,6,7,7,1,5,1,6,1,1,1,0,0,6,5,3,1,6,2,3,5,17
"5502",3,1,6,4,6,7,12,1,6,1,6,7,7,5,3,0,5,0,0,3,5,3,3,8,22
"5503",4,1,6,6,9,7,12,1,6,4,6,7,12,2,4,3,4,3,0,2,3,3,1,10,25
"5504",5,1,10,6,17,7,12,1,6,6,9,7,12,4,0,0,4,6,3,4,6,2,1,14,33
"5505",6,1,14,6,17,10,12,1,10,6,17,7,12,4,3,0,3,0,0,4,3,2,2,18,36
"5506",7,1,15,6,19,10,12,1,14,6,17,10,12,2,1,1,2,1,0,1,2,2,1,19,38
"5507",8,2,15,6,19,19,12,1,15,6,19,10,12,1,0,0,2,6,3,1,6,1,2,20,47
"5508",9,2,18,6,19,19,14,2,15,6,19,19,12,2,3,0,2,0,0,3,2,2,3,23,49
"5509",10,1,21,6,19,19,30,2,18,6,19,19,14,3,3,6,3,6,0,3,6,2,3,25,65
"5510",11,4,21,1,27,19,30,1,21,6,19,19,30,3,0,0,5,2,4,3,5,1,1,23,73
"5511",12,4,21,1,27,19,30,4,21,1,27,19,30,2,4,0,NA,0,0,0,0,0,0,23,73
"5512",0,0,0,0,0,0,0,0,0,0,0,0,0,0,0,0,0,0,0,0,0,0,0,0,0
"5513",1,5,1,1,1,4,1,1,1,1,1,1,1,3,4,4,3,4,0,4,3,1,2,4,3
"5514",2,5,5,1,6,4,1,5,1,1,1,4,1,4,0,0,5,3,1,4,5,2,1,8,8
"5515",3,5,5,4,6,5,1,5,5,1,6,4,1,3,1,0,1,0,0,3,1,3,2,11,9
"5516",4,12,5,4,6,9,1,5,5,4,6,5,1,4,3,6,4,3,0,6,4,1,2,18,13
"5517",5,12,5,7,6,14,1,12,5,4,6,9,1,3,0,0,1,3,5,3,5,3,2,21,18
"5518",6,12,8,7,6,14,2,12,5,7,6,14,1,1,3,0,1,0,0,3,1,2,3,24,19
"5519",7,18,15,7,6,19,2,12,8,7,6,14,2,6,4,5,4,5,0,6,5,2,2,37,24
"5520",8,18,15,11,6,21,2,18,15,7,6,19,2,4,0,0,2,5,6,4,2,3,2,41,26
"5521",9,23,1,1,7,33,2,18,15,11,6,21,2,5,6,0,6,0,0,5,6,1,2,22,39
"5522",10,28,1,1,12,33,2,23,1,1,7,33,2,5,5,3,5,3,0,5,5,1,1,27,44
"5523",11,28,1,4,13,39,2,28,1,1,12,33,2,3,0,0,6,6,4,3,6,3,2,30,89
"5524",12,28,1,4,13,39,2,28,1,4,13,39,2,6,4,0,NA,0,0,0,0,0,0,30,89
"5525",0,0,0,0,0,0,0,0,0,0,0,0,0,0,0,0,0,0,0,0,0,0,0,0,0
"5526",1,1,6,1,5,1,1,1,1,1,1,1,1,4,5,4,4,4,0,5,4,2,1,5,4
"5527",2,1,10,1,9,1,1,1,6,1,5,1,1,4,0,0,4,4,4,4,4,2,1,9,8
"5528",3,5,10,1,9,5,1,1,10,1,9,1,1,4,4,0,4,0,0,4,4,1,2,13,12
"5529",4,5,10,5,9,6,1,5,10,1,9,5,1,1,4,1,1,1,0,4,1,3,2,17,13
"5530",5,5,11,5,9,10,1,5,10,5,9,6,1,1,0,0,3,4,2,1,4,2,2,18,17
"5531",6,7,11,5,9,13,1,5,11,5,9,10,1,3,2,0,3,0,0,2,3,1,2,20,20
"5532",7,7,16,5,9,13,4,7,11,5,9,13,1,5,3,1,3,1,0,5,3,2,3,25,23
"5533",8,8,16,5,14,19,4,7,16,5,9,13,4,1,0,0,6,4,3,1,6,1,2,26,34
"5534",9,12,16,5,17,19,4,8,16,5,14,19,4,4,3,0,3,0,0,4,3,1,1,30,37
"5535",10,12,19,5,21,19,4,12,16,5,17,19,4,3,2,4,2,4,0,3,4,2,1,33,41
"5536",11,1,19,5,37,19,4,12,19,5,21,19,4,2,0,0,2,6,1,2,6,1,1,22,57
"5537",12,1,19,5,37,19,4,1,19,5,37,19,4,2,1,0,NA,0,0,0,0,0,0,22,57
"5538",0,0,0,0,0,0,0,0,0,0,0,0,0,0,0,0,0,0,0,0,0,0,0,0,0
"5539",1,1,1,6,4,1,1,1,1,1,1,1,1,5,1,3,1,3,0,5,3,3,1,5,3
"5540",2,2,1,6,4,1,6,1,1,6,4,1,1,1,0,0,2,5,3,1,5,1,3,6,8
"5541",3,5,1,6,4,1,8,2,1,6,4,1,6,2,3,0,2,0,0,3,2,1,3,9,10
"5542",4,11,4,6,4,6,8,5,1,6,4,1,8,4,6,5,4,5,0,6,5,1,2,18,15
"5543",5,11,8,6,4,6,13,11,4,6,4,6,8,4,0,0,6,3,5,4,5,2,3,22,20
"5544",6,17,12,6,4,6,16,11,8,6,4,6,13,6,3,0,3,0,0,6,3,1,3,32,23
"5545",7,20,18,12,4,9,16,17,12,6,4,6,16,3,6,1,3,1,0,6,3,2,2,47,26
"5546",8,20,18,13,5,9,22,20,18,12,4,9,16,1,0,0,6,5,3,1,6,3,3,48,33
"5547",9,20,18,18,5,9,25,20,18,13,5,9,22,5,3,0,3,0,0,5,3,3,3,53,36
"5548",10,20,19,18,5,9,28,20,18,18,5,9,25,1,3,3,3,3,0,1,3,2,3,54,39
"5549",11,20,19,21,5,10,28,20,19,18,5,9,28,3,0,0,2,1,6,3,1,3,2,57,40
"5550",12,20,19,21,5,10,28,20,19,21,5,10,28,2,6,0,NA,0,0,0,0,0,0,57,40
"5551",0,0,0,0,0,0,0,0,0,0,0,0,0,0,0,0,0,0,0,0,0,0,0,0,0
"5552",1,1,1,2,6,1,1,1,1,1,1,1,1,1,5,2,5,2,0,1,5,3,1,1,5
"5553",2,3,1,2,6,3,1,1,1,2,6,1,1,2,0,0,3,2,2,2,2,1,2,3,7
"5554",3,3,4,2,6,3,3,3,1,2,6,3,1,3,2,0,2,0,0,3,2,2,3,6,9
"5555",4,3,4,7,6,6,3,3,4,2,6,3,3,5,3,1,3,1,0,5,3,3,2,11,12
"5556",5,3,4,8,6,11,3,3,4,7,6,6,3,1,0,0,1,5,4,1,5,3,2,12,17
"5557",6,7,4,8,7,11,3,3,4,8,6,11,3,1,4,0,1,0,0,4,1,1,1,16,18
"5558",7,7,11,8,12,11,3,7,4,8,7,11,3,6,5,5,5,5,0,6,5,2,1,23,23
"5559",8,7,16,8,12,11,7,7,11,8,12,11,3,5,0,0,4,6,2,5,4,2,3,28,27
"5560",9,7,17,14,14,11,7,7,16,8,12,11,7,6,2,0,2,0,0,6,2,3,1,35,29
"5561",10,8,23,14,18,11,7,7,17,14,14,11,7,4,6,2,4,2,0,6,4,2,1,42,33
"5562",11,9,1,14,21,11,7,8,23,14,18,11,7,2,0,0,1,5,6,2,6,2,3,21,36
"5563",12,9,1,14,21,11,7,9,1,14,21,11,7,1,5,0,NA,0,0,0,0,0,0,21,36
"5564",0,0,0,0,0,0,0,0,0,0,0,0,0,0,0,0,0,0,0,0,0,0,0,0,0
"5565",1,3,1,1,3,1,1,1,1,1,1,1,1,2,2,2,2,2,0,2,2,1,1,2,2
"5566",2,5,1,1,6,1,1,3,1,1,3,1,1,2,0,0,3,3,1,2,3,1,1,4,5
"5567",3,5,4,1,6,2,1,5,1,1,6,1,1,3,1,0,1,0,0,3,1,2,2,7,6
"5568",4,11,4,6,11,2,1,5,4,1,6,2,1,2,5,6,2,5,0,6,5,1,1,18,11
"5569",5,13,4,6,11,7,1,11,4,6,11,2,1,2,0,0,2,3,5,2,5,1,2,20,16
"5570",6,16,4,6,13,7,1,13,4,6,11,7,1,2,3,0,2,0,0,3,2,1,1,23,18
"5571",7,20,4,6,15,13,1,16,4,6,13,7,1,4,4,6,4,6,0,4,6,1,2,27,26
"5572",8,24,4,6,21,17,1,20,4,6,15,13,1,4,0,0,2,6,3,4,6,1,1,31,36
"5573",9,27,4,6,21,19,1,24,4,6,21,17,1,2,3,0,2,0,0,3,2,1,2,34,38
"5574",10,27,4,10,24,19,1,27,4,6,21,19,1,3,1,4,3,1,0,4,3,3,1,38,41
"5575",11,28,4,10,35,19,1,27,4,10,24,19,1,1,0,0,2,2,6,1,6,1,1,39,52
"5576",12,28,4,10,35,19,1,28,4,10,35,19,1,2,2,0,NA,0,0,0,0,0,0,39,52
"5577",0,0,0,0,0,0,0,0,0,0,0,0,0,0,0,0,0,0,0,0,0,0,0,0,0
"5578",1,7,6,7,1,1,2,1,1,1,1,1,1,1,6,1,1,1,0,6,1,3,3,17,1
"5579",2,7,6,8,3,1,8,7,6,7,1,1,2,1,0,0,6,3,1,1,6,3,3,18,9
"5580",3,10,6,8,3,1,9,7,6,8,3,1,8,3,1,0,1,0,0,3,1,1,3,21,10
"5581",4,10,6,11,6,1,9,10,6,8,3,1,9,3,3,3,3,3,0,3,3,3,1,24,13
"5582",5,10,6,14,7,1,21,10,6,11,6,1,9,3,0,0,6,4,6,3,6,3,3,27,26
"5583",6,10,11,20,11,1,21,10,6,14,7,1,21,4,6,0,4,0,0,6,4,3,1,38,30
"5584",7,10,15,26,11,1,24,10,11,20,11,1,21,2,3,6,2,3,0,6,3,3,3,48,33
"5585",8,1,17,26,11,1,29,10,15,26,11,1,24,2,0,0,6,3,4,2,4,2,3,41,38
"5586",9,6,23,26,11,4,29,1,17,26,11,1,29,6,3,0,3,0,0,6,3,2,2,52,41
"5587",10,11,27,26,11,4,4,6,23,26,11,4,29,3,5,3,3,3,0,5,3,1,3,61,16
"5588",11,11,30,26,11,6,4,11,27,26,11,4,4,3,0,0,2,1,5,3,2,2,2,64,18
"5589",12,11,30,26,11,6,4,11,30,26,11,6,4,1,5,0,NA,0,0,0,0,0,0,64,18
"5590",0,0,0,0,0,0,0,0,0,0,0,0,0,0,0,0,0,0,0,0,0,0,0,0,0
"5591",1,3,1,1,6,1,1,1,1,1,1,1,1,1,2,5,1,5,0,2,5,1,1,2,5
"5592",2,3,1,2,11,1,1,3,1,1,6,1,1,1,0,0,4,3,5,1,5,3,1,3,10
"5593",3,3,1,5,15,1,1,3,1,2,11,1,1,4,3,0,4,0,0,3,4,3,1,6,14
"5594",4,3,1,8,15,1,5,3,1,5,15,1,1,3,3,4,3,4,0,3,4,3,3,9,18
"5595",5,3,1,11,15,11,5,3,1,8,15,1,5,3,0,0,4,6,3,3,6,3,2,12,28
"5596",6,3,1,15,15,14,5,3,1,11,15,11,5,4,3,0,3,0,0,4,3,3,2,16,31
"5597",7,3,1,18,15,14,9,3,1,15,15,14,5,2,3,4,2,4,0,3,4,3,3,19,35
"5598",8,3,3,18,15,20,11,3,1,18,15,14,9,2,0,0,3,6,4,2,6,2,2,21,43
"5599",9,3,3,21,19,20,11,3,3,18,15,20,11,3,4,0,4,0,0,3,4,3,1,24,47
"5600",10,3,3,25,19,20,19,3,3,21,19,20,11,6,5,4,6,5,0,4,6,3,3,28,55
"5601",11,3,3,30,20,20,19,3,3,25,19,20,19,5,0,0,1,1,4,5,1,3,1,33,56
"5602",12,3,3,30,20,20,19,3,3,30,20,20,19,1,4,0,NA,0,0,0,0,0,0,33,56
"5603",0,0,0,0,0,0,0,0,0,0,0,0,0,0,0,0,0,0,0,0,0,0,0,0,0
"5604",1,5,1,1,6,1,1,1,1,1,1,1,1,5,1,4,5,1,0,4,5,1,1,4,5
"5605",2,5,2,1,6,6,1,5,1,1,6,1,1,1,0,0,5,1,5,1,5,2,2,5,10
"5606",3,5,2,6,7,6,1,5,2,1,6,6,1,1,5,0,1,0,0,5,1,3,1,10,11
"5607",4,5,2,9,7,8,1,5,2,6,7,6,1,3,2,2,2,2,0,3,2,3,2,13,13
"5608",5,5,2,11,11,8,1,5,2,9,7,8,1,2,0,0,2,4,1,2,4,3,1,15,17
"5609",6,7,2,11,11,8,2,5,2,11,11,8,1,2,1,0,1,0,0,2,1,1,3,17,18
"5610",7,12,2,11,11,8,6,7,2,11,11,8,2,4,3,5,4,3,0,5,4,1,3,22,22
"5611",8,12,2,14,11,8,16,12,2,11,11,8,6,3,0,0,6,6,6,3,6,3,3,25,32
"5612",9,18,2,19,17,14,16,12,2,14,11,8,16,6,6,0,6,0,0,6,6,1,1,36,44
"5613",10,18,3,19,19,14,16,18,2,19,17,14,16,4,1,2,4,2,0,1,2,2,1,37,46
"5614",11,18,7,19,23,14,16,18,3,19,19,14,16,4,0,0,4,2,5,4,4,2,1,41,50
"5615",12,18,7,19,23,14,16,18,7,19,23,14,16,2,5,0,NA,0,0,0,0,0,0,41,50
"5616",0,0,0,0,0,0,0,0,0,0,0,0,0,0,0,0,0,0,0,0,0,0,0,0,0
"5617",1,1,6,1,7,5,1,1,1,1,1,1,1,5,5,6,5,6,0,5,6,2,1,5,10
"5618",2,1,6,6,9,5,1,1,6,1,7,5,1,5,0,0,1,2,1,5,2,3,1,10,12
"5619",3,2,6,6,9,5,2,1,6,6,9,5,1,1,1,0,1,0,0,1,1,1,3,11,13
"5620",4,6,6,6,9,9,2,2,6,6,9,5,2,4,4,1,4,1,0,4,4,1,2,15,17
"5621",5,6,6,7,9,15,6,6,6,6,9,9,2,1,0,0,5,6,2,1,6,3,2,16,27
"5622",6,6,6,12,9,15,8,6,6,7,9,15,6,5,2,0,2,0,0,5,2,3,3,21,29
"5623",7,6,9,18,15,15,13,6,6,12,9,15,8,6,6,2,6,2,0,6,6,3,1,30,40
"5624",8,8,9,18,15,15,18,6,9,18,15,15,13,2,0,0,6,6,5,2,5,1,3,32,45
"5625",9,8,11,24,15,22,18,8,9,18,15,15,18,6,6,0,6,0,0,6,6,3,2,40,52
"5626",10,8,11,28,21,22,19,8,11,24,15,22,18,6,4,2,6,2,0,4,6,3,1,44,59
"5627",11,10,11,28,25,22,25,8,11,28,21,22,19,2,0,0,6,6,3,2,6,1,3,46,69
"5628",12,10,11,28,25,22,25,10,11,28,25,22,25,6,3,0,NA,0,0,0,0,0,0,46,69
"5629",0,0,0,0,0,0,0,0,0,0,0,0,0,0,0,0,0,0,0,0,0,0,0,0,0
"5630",1,8,1,1,1,1,4,1,1,1,1,1,1,6,1,3,1,3,0,6,3,1,3,7,3
"5631",2,9,1,1,1,1,5,8,1,1,1,1,4,1,0,0,1,2,1,1,1,1,3,8,4
"5632",3,9,1,3,1,1,6,9,1,1,1,1,5,2,1,0,1,0,0,2,1,3,3,10,5
"5633",4,15,6,3,1,4,6,9,1,3,1,1,6,2,3,6,2,3,0,6,3,1,2,21,8
"5634",5,15,6,5,1,4,10,15,6,3,1,4,6,2,0,0,4,3,4,2,4,3,3,23,12
"5635",6,15,9,5,1,4,14,15,6,5,1,4,10,3,4,0,4,0,0,3,4,2,3,26,16
"5636",7,17,9,5,1,4,19,15,9,5,1,4,14,3,2,5,3,5,0,2,5,1,3,28,21
"5637",8,17,12,5,1,9,19,17,9,5,1,4,19,3,0,0,5,1,3,3,5,2,2,31,26
"5638",9,17,12,8,1,10,19,17,12,5,1,9,19,1,3,0,1,0,0,3,1,3,2,34,27
"5639",10,17,14,8,1,10,21,17,12,8,1,10,19,2,2,1,2,1,0,2,2,2,3,36,29
"5640",11,17,14,9,3,10,21,17,14,8,1,10,21,1,0,0,2,2,3,1,2,3,1,37,31
"5641",12,17,14,9,3,10,21,17,14,9,3,10,21,2,3,0,NA,0,0,0,0,0,0,37,31
"5642",0,0,0,0,0,0,0,0,0,0,0,0,0,0,0,0,0,0,0,0,0,0,0,0,0
"5643",1,1,1,6,1,1,10,1,1,1,1,1,1,5,6,2,6,2,0,5,6,3,3,5,9
"5644",2,1,3,6,4,1,10,1,1,6,1,1,10,2,0,0,3,2,4,2,3,2,1,7,12
"5645",3,1,7,6,4,1,12,1,3,6,4,1,10,2,4,0,2,0,0,4,2,2,3,11,14
"5646",4,1,8,6,4,4,12,1,7,6,4,1,12,3,2,1,3,2,0,1,3,2,2,12,17
"5647",5,1,8,8,4,4,14,1,8,6,4,4,12,2,0,0,2,1,3,2,2,3,3,14,19
"5648",6,1,8,11,4,4,15,1,8,8,4,4,14,1,3,0,1,0,0,3,1,3,3,17,20
"5649",7,1,9,11,9,4,15,1,8,11,4,4,15,1,3,5,3,5,0,1,5,2,1,18,25
"5650",8,1,12,11,9,4,17,1,9,11,9,4,15,3,0,0,2,2,2,3,2,2,3,21,27
"5651",9,1,14,11,11,4,17,1,12,11,9,4,17,2,2,0,2,0,0,2,2,2,1,23,29
"5652",10,1,14,15,11,11,17,1,14,11,11,4,17,2,6,4,2,6,0,4,6,3,2,27,36
"5653",11,3,14,15,12,11,17,1,14,15,11,11,17,2,0,0,1,4,3,2,1,1,1,29,37
"5654",12,3,14,15,12,11,17,3,14,15,12,11,17,4,3,0,NA,0,0,0,0,0,0,29,37
"5655",0,0,0,0,0,0,0,0,0,0,0,0,0,0,0,0,0,0,0,0,0,0,0,0,0
"5656",1,1,5,1,1,7,4,1,1,1,1,1,1,4,6,2,6,2,0,4,6,2,2,4,9
"5657",2,1,5,3,7,11,4,1,5,1,1,7,4,2,0,0,6,5,6,2,6,3,1,6,19
"5658",3,1,15,3,7,16,4,1,5,3,7,11,4,5,6,0,5,0,0,6,5,2,2,16,24
"5659",4,4,15,3,7,16,8,1,15,3,7,16,4,3,4,2,4,2,0,3,4,1,3,19,28
"5660",5,4,17,3,7,16,13,4,15,3,7,16,8,2,0,0,1,1,5,2,5,2,3,21,33
"5661",6,5,17,3,7,16,14,4,17,3,7,16,13,1,1,0,1,0,0,1,1,1,3,22,34
"5662",7,5,22,3,15,16,20,5,17,3,7,16,14,1,6,5,1,6,0,5,6,2,1,27,48
"5663",8,6,22,1,25,16,20,5,22,3,15,16,20,1,0,0,4,6,6,1,6,1,1,26,58
"5664",9,11,22,7,1,16,24,6,22,1,25,16,20,4,6,0,4,0,0,6,4,3,3,37,38
"5665",10,11,26,7,5,16,24,11,22,7,1,16,24,4,2,4,2,4,0,4,4,2,1,41,42
"5666",11,13,26,7,7,22,24,11,26,7,5,16,24,2,0,0,3,6,2,2,6,1,2,43,50
"5667",12,13,26,7,7,22,24,13,26,7,7,22,24,3,2,0,NA,0,0,0,0,0,0,43,50
"5668",0,0,0,0,0,0,0,0,0,0,0,0,0,0,0,0,0,0,0,0,0,0,0,0,0
"5669",1,4,1,1,4,1,1,1,1,1,1,1,1,3,2,3,2,3,0,3,3,1,1,3,3
"5670",2,4,3,1,4,1,4,4,1,1,4,1,1,2,0,0,2,1,3,2,3,2,3,5,6
"5671",3,4,3,3,5,1,4,4,3,1,4,1,4,2,1,0,1,0,0,2,1,3,1,7,7
"5672",4,14,3,3,9,1,4,4,3,3,5,1,4,6,4,3,4,3,0,6,4,1,1,17,11
"5673",5,14,6,3,12,1,4,14,3,3,9,1,4,3,0,0,6,3,3,3,3,2,1,20,14
"5674",6,20,8,3,15,1,4,14,6,3,12,1,4,6,3,0,3,0,0,6,3,1,1,28,17
"5675",7,20,8,7,19,1,4,20,8,3,15,1,4,2,4,4,2,4,0,4,4,3,1,32,21
"5676",8,20,1,1,28,1,8,20,8,7,19,1,4,2,0,0,5,6,6,2,6,2,1,19,34
"5677",9,31,7,1,33,1,1,20,1,1,28,1,8,5,6,0,5,0,0,6,5,2,1,36,32
"5678",10,35,7,1,37,1,1,31,7,1,33,1,1,4,4,3,4,3,0,4,4,1,1,40,36
"5679",11,38,7,1,38,1,1,35,7,1,37,1,1,3,0,0,1,3,4,3,1,1,1,43,37
"5680",12,38,7,1,38,1,1,38,7,1,38,1,1,3,4,0,NA,0,0,0,0,0,0,43,37
"5681",0,0,0,0,0,0,0,0,0,0,0,0,0,0,0,0,0,0,0,0,0,0,0,0,0
"5682",1,1,1,3,6,7,1,1,1,1,1,1,1,2,6,4,6,4,0,2,6,3,2,2,11
"5683",2,1,5,3,12,9,1,1,1,3,6,7,1,4,0,0,1,6,3,4,6,2,1,6,19
"5684",3,2,5,3,12,9,4,1,5,3,12,9,1,1,3,0,3,0,0,1,3,1,3,7,22
"5685",4,2,7,9,12,16,4,2,5,3,12,9,4,6,6,4,6,4,0,6,6,3,2,15,29
"5686",5,2,7,13,14,16,4,2,7,9,12,16,4,4,0,0,2,3,1,4,2,3,1,19,31
"5687",6,2,10,13,14,17,4,2,7,13,14,16,4,3,1,0,1,0,0,3,1,2,2,22,32
"5688",7,2,10,16,14,17,7,2,10,13,14,17,4,3,3,1,3,1,0,3,3,3,3,25,35
"5689",8,2,10,17,14,17,11,2,10,16,14,17,7,1,0,0,4,1,2,1,4,3,3,26,39
"5690",9,2,10,18,16,17,11,2,10,17,14,17,11,1,2,0,2,0,0,1,2,3,1,27,41
"5691",10,2,10,22,21,17,11,2,10,18,16,17,11,5,2,4,5,2,0,4,5,3,1,31,46
"5692",11,2,12,22,22,17,11,2,10,22,21,17,11,2,0,0,1,4,5,2,1,2,1,33,47
"5693",12,2,12,22,22,17,11,2,12,22,22,17,11,4,5,0,NA,0,0,0,0,0,0,33,47
"5694",0,0,0,0,0,0,0,0,0,0,0,0,0,0,0,0,0,0,0,0,0,0,0,0,0
"5695",1,1,4,1,6,1,1,1,1,1,1,1,1,3,2,5,2,5,0,3,5,2,1,3,5
"5696",2,1,6,1,6,4,1,1,4,1,6,1,1,2,0,0,2,3,1,2,3,2,2,5,8
"5697",3,1,6,3,7,4,1,1,6,1,6,4,1,2,1,0,1,0,0,2,1,3,1,7,9
"5698",4,1,6,11,12,10,7,1,6,3,7,4,1,6,6,6,6,6,0,6,6,3,3,15,26
"5699",5,1,16,11,12,10,11,1,6,11,12,10,7,6,0,0,4,4,4,6,4,2,3,25,30
"5700",6,1,20,11,16,10,11,1,16,11,12,10,11,4,4,0,4,0,0,4,4,2,1,29,34
"5701",7,1,22,11,16,16,12,1,20,11,16,10,11,2,6,3,6,3,0,2,6,2,2,31,41
"5702",8,1,25,11,16,17,18,1,22,11,16,16,12,3,0,0,2,2,6,3,6,2,3,34,48
"5703",9,1,27,11,18,17,18,1,25,11,16,17,18,2,2,0,2,0,0,2,2,2,1,36,50
"5704",10,1,27,14,18,17,27,1,27,11,18,17,18,3,6,1,6,1,0,3,6,3,3,39,59
"5705",11,1,28,14,22,17,27,1,27,14,18,17,27,1,0,0,4,2,2,1,4,2,1,40,63
"5706",12,1,28,14,22,17,27,1,28,14,22,17,27,2,2,0,NA,0,0,0,0,0,0,40,63
"5707",0,0,0,0,0,0,0,0,0,0,0,0,0,0,0,0,0,0,0,0,0,0,0,0,0
"5708",1,6,1,1,5,1,1,1,1,1,1,1,1,5,4,2,4,2,0,5,4,1,1,5,4
"5709",2,6,3,1,5,1,5,6,1,1,5,1,1,2,0,0,2,2,4,2,4,2,3,7,8
"5710",3,6,3,3,5,1,7,6,3,1,5,1,5,2,2,0,2,0,0,2,2,3,3,9,10
"5711",4,8,3,15,5,1,11,6,3,3,5,1,7,4,6,3,4,3,0,6,4,3,3,23,14
"5712",5,8,3,18,10,1,11,8,3,15,5,1,11,3,0,0,5,2,1,3,5,3,1,26,19
"5713",6,8,5,18,11,1,11,8,3,18,10,1,11,2,1,0,1,0,0,2,1,2,1,28,20
"5714",7,9,5,18,13,1,11,8,5,18,11,1,11,1,2,1,2,1,0,1,2,1,1,29,22
"5715",8,10,5,18,13,1,15,9,5,18,13,1,11,1,0,0,2,2,4,1,4,1,3,30,26
"5716",9,10,7,18,13,1,17,10,5,18,13,1,15,2,2,0,2,0,0,2,2,2,3,32,28
"5717",10,10,10,18,13,4,17,10,7,18,13,1,17,2,3,3,2,3,0,3,3,2,2,35,31
"5718",11,10,10,20,13,4,19,10,10,18,13,4,17,2,0,0,2,2,2,2,2,3,3,37,33
"5719",12,10,10,20,13,4,19,10,10,20,13,4,19,2,2,0,NA,0,0,0,0,0,0,37,33
"5720",0,0,0,0,0,0,0,0,0,0,0,0,0,0,0,0,0,0,0,0,0,0,0,0,0
"5721",1,1,2,1,6,1,1,1,1,1,1,1,1,3,1,5,3,5,0,1,5,2,1,1,5
"5722",2,1,5,1,6,1,6,1,2,1,6,1,1,3,0,0,5,4,2,3,5,2,3,4,10
"5723",3,1,5,5,6,3,6,1,5,1,6,1,6,4,2,0,2,0,0,4,2,3,2,8,12
"5724",4,1,15,5,10,3,6,1,5,5,6,3,6,6,3,4,3,4,0,6,4,2,1,18,16
"5725",5,1,18,5,10,3,11,1,15,5,10,3,6,3,0,0,5,2,5,3,5,2,3,21,21
"5726",6,6,18,5,12,3,11,1,18,5,10,3,11,2,5,0,2,0,0,5,2,1,1,26,23
"5727",7,6,18,9,16,3,11,6,18,5,12,3,11,4,4,4,4,4,0,4,4,3,1,30,27
"5728",8,10,18,9,22,3,14,6,18,9,16,3,11,4,0,0,5,4,6,4,6,1,1,34,36
"5729",9,15,18,9,26,3,14,10,18,9,22,3,14,5,4,0,4,0,0,5,4,1,1,39,40
"5730",10,15,18,14,31,3,14,15,18,9,26,3,14,5,5,2,5,2,0,5,5,3,1,44,45
"5731",11,17,18,14,36,9,14,15,18,14,31,3,14,2,0,0,3,6,5,2,6,1,2,46,56
"5732",12,17,18,14,36,9,14,17,18,14,36,9,14,3,5,0,NA,0,0,0,0,0,0,46,56
"5733",0,0,0,0,0,0,0,0,0,0,0,0,0,0,0,0,0,0,0,0,0,0,0,0,0
"5734",1,1,5,1,3,1,1,1,1,1,1,1,1,2,4,2,2,2,0,4,2,2,1,4,2
"5735",2,1,7,1,3,4,1,1,5,1,3,1,1,2,0,0,3,3,4,2,3,2,2,6,5
"5736",3,1,7,5,3,4,4,1,7,1,3,4,1,3,4,0,3,0,0,4,3,3,3,10,8
"5737",4,5,7,5,8,4,4,1,7,5,3,4,4,5,4,2,5,2,0,4,5,1,1,14,13
"5738",5,5,9,5,8,7,4,5,7,5,8,4,4,2,0,0,3,4,2,2,3,2,2,16,16
"5739",6,5,9,9,10,7,4,5,9,5,8,7,4,4,2,0,2,0,0,4,2,3,1,20,18
"5740",7,5,15,11,10,10,4,5,9,9,10,7,4,6,3,2,3,2,0,6,3,2,2,28,21
"5741",8,5,17,11,10,15,4,5,15,11,10,10,4,2,0,0,2,1,5,2,5,2,2,30,26
"5742",9,7,17,11,10,15,5,5,17,11,10,15,4,2,1,0,1,0,0,2,1,1,3,32,27
"5743",10,7,17,15,10,17,5,7,17,11,10,15,5,1,4,2,1,2,0,4,2,3,2,36,29
"5744",11,7,17,16,10,17,7,7,17,15,10,17,5,1,0,0,6,2,1,1,2,3,3,37,31
"5745",12,7,17,16,10,17,7,7,17,16,10,17,7,6,1,0,NA,0,0,0,0,0,0,37,31
"5746",0,0,0,0,0,0,0,0,0,0,0,0,0,0,0,0,0,0,0,0,0,0,0,0,0
"5747",1,4,1,1,10,1,1,1,1,1,1,1,1,6,3,6,6,6,0,3,6,1,1,3,9
"5748",2,4,1,12,14,1,1,4,1,1,10,1,1,6,0,0,3,4,1,6,4,3,1,14,13
"5749",3,4,4,12,15,1,1,4,1,12,14,1,1,3,1,0,1,0,0,3,1,2,1,17,14
"5750",4,6,4,12,18,1,1,4,4,12,15,1,1,2,3,2,3,2,0,2,3,1,1,19,17
"5751",5,6,4,14,18,1,4,6,4,12,18,1,1,2,0,0,4,2,3,2,3,3,3,21,20
"5752",6,10,4,14,18,1,6,6,4,14,18,1,4,4,2,0,2,0,0,4,2,1,3,25,22
"5753",7,13,4,20,18,1,11,10,4,14,18,1,6,2,5,6,2,5,0,6,5,3,3,34,27
"5754",8,13,4,1,18,4,12,13,4,20,18,1,11,2,0,0,2,3,4,2,3,3,2,15,31
"5755",9,13,4,5,18,6,12,13,4,1,18,4,12,2,4,0,2,0,0,4,2,3,2,19,33
"5756",10,13,4,8,18,10,12,13,4,5,18,6,12,3,4,5,4,5,0,3,4,3,2,22,37
"5757",11,18,1,8,25,10,12,13,4,8,18,10,12,5,0,0,4,2,5,5,4,1,1,24,44
"5758",12,18,1,8,25,10,12,18,1,8,25,10,12,2,5,0,NA,0,0,0,0,0,0,24,44
"5759",0,0,0,0,0,0,0,0,0,0,0,0,0,0,0,0,0,0,0,0,0,0,0,0,0
"5760",1,1,1,4,1,1,6,1,1,1,1,1,1,2,3,5,2,5,0,3,5,3,3,3,5
"5761",2,1,1,6,1,7,7,1,1,4,1,1,6,2,0,0,2,6,4,2,6,3,2,5,12
"5762",3,3,1,6,1,11,7,1,1,6,1,7,7,2,4,0,4,0,0,2,4,1,2,7,16
"5763",4,3,4,6,12,11,7,3,1,6,1,11,7,2,3,6,2,6,0,3,6,2,1,10,27
"5764",5,5,4,6,12,11,16,3,4,6,12,11,7,2,0,0,6,3,5,2,6,1,3,12,36
"5765",6,5,4,11,12,14,16,5,4,6,12,11,16,3,5,0,3,0,0,5,3,3,2,17,39
"5766",7,5,4,15,18,20,19,5,4,11,12,14,16,6,2,4,6,2,0,4,6,3,2,21,54
"5767",8,7,4,15,20,20,19,5,4,15,18,20,19,2,0,0,2,5,3,2,2,1,1,23,56
"5768",9,7,4,18,20,20,24,7,4,15,20,20,19,5,3,0,5,0,0,3,5,3,3,26,61
"5769",10,7,4,20,20,20,27,7,4,18,20,20,24,2,3,1,3,1,0,2,3,3,3,28,64
"5770",11,8,4,20,20,23,27,7,4,20,20,20,27,1,0,0,3,3,6,1,3,1,2,29,67
"5771",12,8,4,20,20,23,27,8,4,20,20,23,27,3,6,0,NA,0,0,0,0,0,0,29,67
"5772",0,0,0,0,0,0,0,0,0,0,0,0,0,0,0,0,0,0,0,0,0,0,0,0,0
"5773",1,1,5,1,4,1,1,1,1,1,1,1,1,4,1,3,1,3,0,4,3,2,1,4,3
"5774",2,1,5,2,10,1,6,1,5,1,4,1,1,1,0,0,6,4,5,1,6,3,1,5,14
"5775",3,1,5,7,10,5,6,1,5,2,10,1,6,4,5,0,4,0,0,5,4,3,2,10,18
"5776",4,5,5,7,12,5,6,1,5,7,10,5,6,4,2,1,2,1,0,4,2,1,1,14,20
"5777",5,5,6,7,12,5,9,5,5,7,12,5,6,1,0,0,3,1,1,1,3,2,3,15,23
"5778",6,5,7,7,12,5,10,5,6,7,12,5,9,1,1,0,1,0,0,1,1,2,3,16,24
"5779",7,5,7,9,12,5,15,5,7,7,12,5,10,2,5,1,5,1,0,2,5,3,3,18,29
"5780",8,5,8,9,12,5,18,5,7,9,12,5,15,1,0,0,6,3,6,1,3,2,3,19,32
"5781",9,8,8,21,22,5,18,5,8,9,12,5,18,6,6,0,6,0,0,6,6,3,1,34,42
"5782",10,1,11,21,28,5,18,8,8,21,22,5,18,1,3,4,1,4,0,3,4,2,1,30,48
"5783",11,2,11,21,28,9,18,1,11,21,28,5,18,1,0,0,4,4,2,1,4,1,2,31,52
"5784",12,2,11,21,28,9,18,2,11,21,28,9,18,4,2,0,NA,0,0,0,0,0,0,31,52
"5785",0,0,0,0,0,0,0,0,0,0,0,0,0,0,0,0,0,0,0,0,0,0,0,0,0
"5786",1,1,1,5,2,1,1,1,1,1,1,1,1,1,4,1,1,1,0,4,1,3,1,4,1
"5787",2,1,1,6,8,1,11,1,1,5,2,1,1,1,0,0,6,6,4,1,6,3,3,5,17
"5788",3,1,1,10,8,7,12,1,1,6,8,1,11,6,4,0,6,0,0,4,6,3,2,9,24
"5789",4,1,1,13,14,15,12,1,1,10,8,7,12,3,6,5,6,5,0,3,6,3,1,12,38
"5790",5,1,1,18,14,15,13,1,1,13,14,15,12,5,0,0,3,1,4,5,1,3,3,17,39
"5791",6,1,4,18,14,19,13,1,1,18,14,15,13,3,4,0,4,0,0,3,4,2,2,20,43
"5792",7,1,4,23,16,19,19,1,4,18,14,19,13,5,6,6,6,6,0,5,6,3,3,25,51
"5793",8,1,4,33,20,19,19,1,4,23,16,19,19,6,0,0,5,4,1,6,4,3,1,35,55
"5794",9,2,4,38,6,19,19,1,4,33,20,19,19,5,1,0,5,0,0,1,5,1,1,41,41
"5795",10,2,16,38,10,19,19,2,4,38,6,19,19,6,2,4,2,4,0,6,4,2,1,53,45
"5796",11,2,18,38,11,19,19,2,16,38,10,19,19,2,0,0,4,1,5,2,1,2,1,55,46
"5797",12,2,18,38,11,19,19,2,18,38,11,19,19,4,5,0,NA,0,0,0,0,0,0,55,46
"5798",0,0,0,0,0,0,0,0,0,0,0,0,0,0,0,0,0,0,0,0,0,0,0,0,0
"5799",1,7,2,1,1,1,6,1,1,1,1,1,1,5,5,6,5,5,0,6,5,1,3,7,5
"5800",2,12,2,1,1,6,6,7,2,1,1,1,6,5,0,0,1,5,2,5,5,1,2,12,10
"5801",3,12,4,1,1,6,7,12,2,1,1,6,6,1,2,0,1,0,0,2,1,2,3,14,11
"5802",4,17,4,1,6,6,7,12,4,1,1,6,7,3,5,5,3,5,0,5,5,1,1,19,16
"5803",5,17,7,1,6,12,12,17,4,1,6,6,7,3,0,0,3,6,1,3,6,2,2,22,27
"5804",6,20,7,1,6,13,12,17,7,1,6,12,12,3,1,0,1,0,0,3,1,1,2,25,28
"5805",7,20,7,3,6,16,12,20,7,1,6,13,12,2,3,3,3,3,0,2,3,3,2,27,31
"5806",8,23,7,3,6,16,16,20,7,3,6,16,12,3,0,0,4,3,3,3,4,1,3,30,35
"5807",9,23,7,6,9,16,16,23,7,3,6,16,16,3,3,0,3,0,0,3,3,3,1,33,38
"5808",10,31,7,12,9,16,19,23,7,6,9,16,16,3,5,6,3,5,0,6,3,1,3,47,41
"5809",11,36,7,12,9,16,23,31,7,12,9,16,19,5,0,0,2,2,4,5,4,1,3,52,45
"5810",12,36,7,12,9,16,23,36,7,12,9,16,23,2,2,0,NA,0,0,0,0,0,0,52,45
"5811",0,0,0,0,0,0,0,0,0,0,0,0,0,0,0,0,0,0,0,0,0,0,0,0,0
"5812",1,2,1,1,3,1,1,1,1,1,1,1,1,1,2,1,2,1,0,1,2,1,1,1,2
"5813",2,2,2,1,7,1,1,2,1,1,3,1,1,1,0,0,3,4,4,1,4,2,1,2,6
"5814",3,2,2,5,7,1,4,2,2,1,7,1,1,3,4,0,3,0,0,4,3,3,3,6,9
"5815",4,5,2,5,11,1,4,2,2,5,7,1,4,2,4,3,2,4,0,3,4,1,1,9,13
"5816",5,5,4,5,11,5,4,5,2,5,11,1,4,2,0,0,3,4,4,2,4,2,2,11,17
"5817",6,5,7,5,11,5,8,5,4,5,11,5,4,3,4,0,4,0,0,3,4,2,3,14,21
"5818",7,5,8,5,11,12,14,5,7,5,11,5,8,1,6,2,6,2,0,1,6,2,3,15,34
"5819",8,7,8,5,16,12,20,5,8,5,11,12,14,2,0,0,6,5,4,2,6,1,3,17,45
"5820",9,7,13,5,16,16,20,7,8,5,16,12,20,5,4,0,4,0,0,5,4,2,2,22,49
"5821",10,11,13,5,20,16,20,7,13,5,16,16,20,4,4,1,4,1,0,4,4,1,1,26,53
"5822",11,12,13,5,22,16,20,11,13,5,20,16,20,1,0,0,2,3,2,1,2,1,1,27,55
"5823",12,12,13,5,22,16,20,12,13,5,22,16,20,3,2,0,NA,0,0,0,0,0,0,27,55
"5824",0,0,0,0,0,0,0,0,0,0,0,0,0,0,0,0,0,0,0,0,0,0,0,0,0
"5825",1,10,1,7,1,1,2,1,1,1,1,1,1,6,1,5,1,5,0,6,1,3,3,15,1
"5826",2,15,1,7,6,1,2,10,1,7,1,1,2,5,0,0,6,2,5,5,5,1,1,20,6
"5827",3,15,3,13,8,1,2,15,1,7,6,1,2,6,2,0,2,0,0,6,2,3,1,28,8
"5828",4,16,3,13,13,1,2,15,3,13,8,1,2,3,1,5,3,5,0,1,5,1,1,29,13
"5829",5,16,3,16,17,1,2,16,3,13,13,1,2,3,0,0,4,2,2,3,4,3,1,32,17
"5830",6,18,3,16,19,1,2,16,3,16,17,1,2,2,2,0,2,0,0,2,2,1,1,34,19
"5831",7,18,3,21,19,5,2,18,3,16,19,1,2,5,4,4,4,4,0,5,4,3,2,39,23
"5832",8,22,3,21,22,5,2,18,3,21,19,5,2,4,0,0,3,6,3,4,3,1,1,43,26
"5833",9,27,3,27,22,5,5,22,3,21,22,5,2,6,3,0,3,0,0,6,3,3,3,54,29
"5834",10,27,7,27,26,5,5,27,3,27,22,5,5,2,4,4,2,4,0,4,4,2,1,58,33
"5835",11,27,9,27,28,5,5,27,7,27,26,5,5,2,0,0,2,4,4,2,2,2,1,60,35
"5836",12,27,9,27,28,5,5,27,9,27,28,5,5,4,4,0,NA,0,0,0,0,0,0,60,35
"5837",0,0,0,0,0,0,0,0,0,0,0,0,0,0,0,0,0,0,0,0,0,0,0,0,0
"5838",1,3,1,1,5,1,1,1,1,1,1,1,1,4,2,1,4,1,0,2,4,1,1,2,4
"5839",2,3,1,2,7,7,1,3,1,1,5,1,1,1,0,0,6,5,2,1,6,3,2,3,12
"5840",3,3,6,2,7,7,3,3,1,2,7,7,1,5,2,0,2,0,0,5,2,2,3,8,14
"5841",4,3,8,2,7,9,3,3,6,2,7,7,3,1,2,2,1,2,0,2,2,2,2,10,16
"5842",5,3,8,3,13,11,3,3,8,2,7,9,3,1,0,0,1,6,3,1,6,3,1,11,24
"5843",6,3,11,3,14,11,3,3,8,3,13,11,3,1,3,0,1,0,0,3,1,2,1,14,25
"5844",7,7,17,3,14,15,3,3,11,3,14,11,3,6,4,3,4,3,0,6,4,2,2,24,29
"5845",8,7,20,3,20,15,6,7,17,3,14,15,3,3,0,0,6,1,6,3,6,2,1,27,38
"5846",9,8,24,9,21,15,1,7,20,3,20,15,6,1,6,0,1,0,0,6,1,3,1,38,34
"5847",10,10,24,9,24,15,1,8,24,9,21,15,1,2,3,2,3,2,0,2,3,1,1,40,37
"5848",11,10,26,1,27,17,1,10,24,9,24,15,1,2,0,0,2,3,3,2,3,2,1,34,42
"5849",12,10,26,1,27,17,1,10,26,1,27,17,1,2,3,0,NA,0,0,0,0,0,0,34,42
"5850",0,0,0,0,0,0,0,0,0,0,0,0,0,0,0,0,0,0,0,0,0,0,0,0,0
"5851",1,1,1,3,1,5,1,1,1,1,1,1,1,3,4,2,3,4,0,2,4,3,2,2,4
"5852",2,1,1,6,1,5,3,1,1,3,1,5,1,3,0,0,3,2,2,3,2,3,3,5,6
"5853",3,4,1,6,1,5,5,1,1,6,1,5,3,3,2,0,2,0,0,3,2,1,3,8,8
"5854",4,9,1,6,1,5,6,4,1,6,1,5,5,1,1,5,1,1,0,5,1,1,3,13,9
"5855",5,10,1,6,1,5,10,9,1,6,1,5,6,1,0,0,4,2,2,1,4,1,3,14,13
"5856",6,12,1,6,1,7,10,10,1,6,1,5,10,2,2,0,2,0,0,2,2,1,2,16,15
"5857",7,12,1,10,1,7,15,12,1,6,1,7,10,4,4,5,4,5,0,4,5,3,3,20,20
"5858",8,12,1,14,1,11,15,12,1,10,1,7,15,4,0,0,4,3,3,4,4,3,2,24,24
"5859",9,12,1,17,1,11,18,12,1,14,1,11,15,3,3,0,3,0,0,3,3,3,3,27,27
"5860",10,12,1,22,1,15,18,12,1,17,1,11,18,4,5,1,4,1,0,5,4,3,2,32,31
"5861",11,13,1,1,5,15,18,12,1,22,1,15,18,1,0,0,3,6,1,1,3,1,1,12,35
"5862",12,13,1,1,5,15,18,13,1,1,5,15,18,6,1,0,NA,0,0,0,0,0,0,12,35
"5863",0,0,0,0,0,0,0,0,0,0,0,0,0,0,0,0,0,0,0,0,0,0,0,0,0
"5864",1,1,1,10,1,1,5,1,1,1,1,1,1,4,2,6,4,2,0,6,4,3,3,9,4
"5865",2,1,3,10,1,7,11,1,1,10,1,1,5,2,0,0,2,6,6,2,6,2,3,11,16
"5866",3,9,3,10,1,9,11,1,3,10,1,7,11,2,6,0,2,0,0,6,2,1,2,19,18
"5867",4,9,8,10,1,9,20,9,3,10,1,9,11,6,5,6,6,6,0,5,6,2,3,24,27
"5868",5,15,8,14,1,11,20,9,8,10,1,9,20,6,0,0,2,1,2,6,2,1,2,34,29
"5869",6,17,8,14,1,11,21,15,8,14,1,11,20,1,2,0,1,0,0,2,1,1,3,36,30
"5870",7,17,12,14,1,11,24,17,8,14,1,11,21,1,4,3,1,3,0,4,3,2,3,40,33
"5871",8,17,12,15,1,11,25,17,12,14,1,11,24,1,0,0,1,1,3,1,1,3,3,41,34
"5872",9,18,12,15,1,11,28,17,12,15,1,11,25,1,3,0,3,0,0,1,3,1,3,42,37
"5873",10,18,12,19,1,11,33,18,12,15,1,11,28,5,4,5,5,5,0,4,5,3,3,46,42
"5874",11,18,1,19,1,14,35,18,12,19,1,11,33,5,0,0,2,2,5,5,2,2,3,35,47
"5875",12,18,1,19,1,14,35,18,1,19,1,14,35,2,5,0,NA,0,0,0,0,0,0,35,47
"5876",0,0,0,0,0,0,0,0,0,0,0,0,0,0,0,0,0,0,0,0,0,0,0,0,0
"5877",1,1,3,13,1,5,1,1,1,1,1,1,1,2,6,4,2,4,0,6,4,3,2,14,4
"5878",2,1,5,13,1,8,1,1,3,13,1,5,1,2,0,0,5,3,5,2,3,2,2,16,7
"5879",3,1,10,13,1,8,6,1,5,13,1,8,1,5,5,0,5,0,0,5,5,2,3,21,12
"5880",4,9,16,13,1,9,12,1,10,13,1,8,6,6,6,6,6,6,0,6,6,1,3,35,19
"5881",5,15,19,19,3,9,12,9,16,13,1,9,12,6,0,0,5,2,3,6,2,1,1,50,21
"5882",6,18,19,19,3,14,12,15,19,19,3,9,12,5,3,0,5,0,0,3,5,1,2,53,26
"5883",7,18,25,19,1,14,16,18,19,19,3,14,12,2,2,4,2,4,0,2,4,2,3,59,28
"5884",8,18,27,19,4,14,16,18,25,19,1,14,16,2,0,0,3,1,6,2,3,2,1,61,31
"5885",9,27,27,19,4,14,17,18,27,19,4,14,16,1,6,0,1,0,0,6,1,1,3,70,32
"5886",10,27,27,20,5,14,17,27,27,19,4,14,17,4,1,1,4,1,0,1,1,3,1,71,33
"5887",11,27,27,24,10,14,17,27,27,20,5,14,17,4,0,0,5,3,4,4,5,3,1,75,38
"5888",12,27,27,24,10,14,17,27,27,24,10,14,17,3,4,0,NA,0,0,0,0,0,0,75,38
"5889",0,0,0,0,0,0,0,0,0,0,0,0,0,0,0,0,0,0,0,0,0,0,0,0,0
"5890",1,1,4,1,1,5,1,1,1,1,1,1,1,4,3,3,4,3,0,3,4,2,2,3,4
"5891",2,1,4,4,7,5,4,1,4,1,1,5,1,3,0,0,2,6,1,3,6,3,1,6,13
"5892",3,3,4,4,8,5,4,1,4,4,7,5,4,2,1,0,1,0,0,2,1,1,1,8,14
"5893",4,3,4,6,8,5,9,3,4,4,8,5,4,5,2,1,5,1,0,2,5,3,3,10,19
"5894",5,4,4,6,13,5,9,3,4,6,8,5,9,1,0,0,5,3,1,1,5,1,1,11,24
"5895",6,4,7,6,13,6,9,4,4,6,13,5,9,3,1,0,1,0,0,3,1,2,2,14,25
"5896",7,4,12,6,18,6,9,4,7,6,13,6,9,4,5,5,4,5,0,5,5,2,1,19,30
"5897",8,4,12,10,18,10,9,4,12,6,18,6,9,4,0,0,4,1,4,4,4,3,2,23,34
"5898",9,8,12,10,18,11,9,4,12,10,18,10,9,1,4,0,1,0,0,4,1,1,2,27,35
"5899",10,16,12,16,18,17,11,8,12,10,18,11,9,6,6,3,6,3,0,6,6,3,2,41,43
"5900",11,16,12,19,23,17,11,16,12,16,18,17,11,3,0,0,1,4,5,3,5,3,1,44,48
"5901",12,16,12,19,23,17,11,16,12,19,23,17,11,1,4,0,NA,0,0,0,0,0,0,44,48
"5902",0,0,0,0,0,0,0,0,0,0,0,0,0,0,0,0,0,0,0,0,0,0,0,0,0
"5903",1,1,1,3,4,7,1,1,1,1,1,1,1,6,2,2,6,2,0,2,6,3,2,2,9
"5904",2,1,1,5,10,13,5,1,1,3,4,7,1,2,0,0,6,3,2,2,6,3,1,4,25
"5905",3,1,1,7,13,13,5,1,1,5,10,13,5,3,2,0,3,0,0,2,3,3,1,6,28
"5906",4,1,1,11,13,13,10,1,1,7,13,13,5,3,5,4,3,5,0,4,5,3,3,10,33
"5907",5,1,4,11,19,13,19,1,1,11,13,13,10,3,0,0,6,4,6,3,6,2,3,13,48
"5908",6,1,4,21,19,17,19,1,4,11,19,13,19,4,6,0,4,0,0,6,4,3,2,23,52
"5909",7,1,4,26,19,17,20,1,4,21,19,17,19,3,1,5,3,1,0,5,1,3,3,28,53
"5910",8,4,4,26,19,23,22,1,4,26,19,17,20,3,0,0,3,6,4,3,6,1,2,31,61
"5911",9,4,4,30,19,26,22,4,4,26,19,23,22,3,4,0,3,0,0,4,3,3,2,35,64
"5912",10,4,4,33,21,26,22,4,4,30,19,26,22,3,2,2,2,2,0,3,2,3,1,38,66
"5913",11,4,6,33,21,34,22,4,4,33,21,26,22,2,0,0,4,6,3,2,6,2,2,40,74
"5914",12,4,6,33,21,34,22,4,6,33,21,34,22,4,3,0,NA,0,0,0,0,0,0,40,74
"5915",0,0,0,0,0,0,0,0,0,0,0,0,0,0,0,0,0,0,0,0,0,0,0,0,0
"5916",1,1,6,1,1,1,5,1,1,1,1,1,1,5,4,1,4,1,0,5,4,2,3,5,4
"5917",2,1,6,2,1,1,10,1,6,1,1,1,5,1,0,0,5,1,3,1,5,3,3,6,9
"5918",3,1,9,2,2,1,10,1,6,2,1,1,10,1,3,0,1,0,0,3,1,2,1,9,10
"5919",4,1,14,2,6,1,10,1,9,2,2,1,10,4,2,5,4,2,0,5,4,2,1,14,14
"5920",5,3,14,2,10,1,10,1,14,2,6,1,10,2,0,0,4,4,4,2,4,1,1,16,18
"5921",6,3,18,2,10,1,14,3,14,2,10,1,10,4,4,0,4,0,0,4,4,2,3,20,22
"5922",7,10,28,2,2,7,14,3,18,2,10,1,14,6,1,6,1,6,0,6,6,2,2,37,20
"5923",8,11,28,2,6,7,14,10,28,2,2,7,14,1,0,0,6,4,4,1,4,1,1,38,24
"5924",9,11,37,8,6,7,18,11,28,2,6,7,14,6,4,0,4,0,0,6,4,2,3,53,28
"5925",10,11,37,11,10,7,18,11,37,8,6,7,18,3,4,2,4,2,0,3,4,3,1,56,32
"5926",11,13,37,11,12,7,18,11,37,11,10,7,18,2,0,0,2,1,5,2,2,1,1,58,34
"5927",12,13,37,11,12,7,18,13,37,11,12,7,18,1,5,0,NA,0,0,0,0,0,0,58,34
"5928",0,0,0,0,0,0,0,0,0,0,0,0,0,0,0,0,0,0,0,0,0,0,0,0,0
"5929",1,7,3,1,1,1,6,1,1,1,1,1,1,6,5,5,5,5,0,6,5,1,3,8,5
"5930",2,7,3,6,1,2,12,7,3,1,1,1,6,5,0,0,6,3,2,5,6,3,3,13,12
"5931",3,7,6,6,3,2,12,7,3,6,1,2,12,3,2,0,2,0,0,3,2,2,1,16,14
"5932",4,7,6,11,3,2,14,7,6,6,3,2,12,2,1,5,2,1,0,5,2,3,3,21,16
"5933",5,7,6,12,3,7,14,7,6,11,3,2,14,1,0,0,5,2,3,1,5,3,2,22,21
"5934",6,7,6,15,3,7,16,7,6,12,3,7,14,2,3,0,2,0,0,3,2,3,3,25,23
"5935",7,7,6,19,6,7,16,7,6,15,3,7,16,3,4,2,3,2,0,4,3,3,1,29,26
"5936",8,9,6,19,12,7,18,7,6,19,6,7,16,2,0,0,5,6,1,2,6,1,1,31,34
"5937",9,9,6,24,13,7,18,9,6,19,12,7,18,5,1,0,1,0,0,5,1,3,1,36,35
"5938",10,19,6,24,16,7,18,9,6,24,13,7,18,6,2,3,2,3,0,6,3,1,1,46,38
"5939",11,21,6,24,16,7,19,19,6,24,16,7,18,2,0,0,1,4,3,2,1,1,3,48,39
"5940",12,21,6,24,16,7,19,21,6,24,16,7,19,4,3,0,NA,0,0,0,0,0,0,48,39
"5941",0,0,0,0,0,0,0,0,0,0,0,0,0,0,0,0,0,0,0,0,0,0,0,0,0
"5942",1,6,1,1,1,2,7,1,1,1,1,1,1,2,6,5,2,6,0,5,6,1,3,5,7
"5943",2,6,3,1,7,2,12,6,1,1,1,2,7,2,0,0,6,1,3,2,6,2,1,7,18
"5944",3,6,6,1,8,2,12,6,3,1,7,2,12,1,3,0,1,0,0,3,1,2,1,10,19
"5945",4,6,9,1,10,8,12,6,6,1,8,2,12,3,1,6,1,6,0,3,6,2,2,13,27
"5946",5,6,10,1,10,11,12,6,9,1,10,8,12,1,0,0,2,2,3,1,3,2,2,14,30
"5947",6,6,12,1,10,13,12,6,10,1,10,11,12,2,2,0,2,0,0,2,2,2,2,16,32
"5948",7,11,12,1,13,13,12,6,12,1,10,13,12,3,5,3,3,3,0,5,3,1,1,21,35
"5949",8,11,15,1,13,13,16,11,12,1,13,13,12,3,0,0,4,4,3,3,4,2,3,24,39
"5950",9,11,19,1,13,13,19,11,15,1,13,13,16,4,3,0,3,0,0,4,3,2,3,28,42
"5951",10,11,22,1,17,13,19,11,19,1,13,13,19,3,4,4,4,4,0,3,4,2,1,31,46
"5952",11,11,26,1,24,13,19,11,22,1,17,13,19,4,0,0,1,1,6,4,6,2,1,35,53
"5953",12,11,26,1,24,13,19,11,26,1,24,13,19,1,1,0,NA,0,0,0,0,0,0,35,53
"5954",0,0,0,0,0,0,0,0,0,0,0,0,0,0,0,0,0,0,0,0,0,0,0,0,0
"5955",1,1,1,3,1,5,1,1,1,1,1,1,1,2,2,4,2,4,0,2,4,3,2,2,4
"5956",2,3,1,3,6,5,1,1,1,3,1,5,1,2,0,0,5,4,4,2,5,1,1,4,9
"5957",3,3,1,7,6,9,1,3,1,3,6,5,1,4,4,0,4,0,0,4,4,3,2,8,13
"5958",4,6,1,7,14,9,1,3,1,7,6,9,1,1,3,6,1,6,0,3,6,1,1,11,21
"5959",5,6,2,7,16,15,1,6,1,7,14,9,1,1,0,0,6,3,4,1,6,2,2,12,29
"5960",6,6,2,10,16,15,5,6,2,7,16,15,1,3,4,0,4,0,0,3,4,3,3,15,33
"5961",7,6,7,10,19,15,11,6,2,10,16,15,5,1,6,5,1,6,0,5,6,2,3,20,42
"5962",8,6,7,11,21,21,17,6,7,10,19,15,11,1,0,0,6,2,1,1,6,3,3,21,56
"5963",9,8,7,11,21,22,17,6,7,11,21,21,17,2,1,0,1,0,0,2,1,1,2,23,57
"5964",10,15,7,11,21,23,17,8,7,11,21,22,17,6,1,2,1,2,0,6,1,1,2,30,58
"5965",11,17,1,11,37,27,23,15,7,11,21,23,17,2,0,0,6,5,6,2,6,1,3,26,84
"5966",12,17,1,11,37,27,23,17,1,11,37,27,23,5,6,0,NA,0,0,0,0,0,0,26,84
"5967",0,0,0,0,0,0,0,0,0,0,0,0,0,0,0,0,0,0,0,0,0,0,0,0,0
"5968",1,1,6,1,1,3,1,1,1,1,1,1,1,4,2,5,4,2,0,5,2,2,2,5,2
"5969",2,1,10,1,1,3,6,1,6,1,1,3,1,4,0,0,5,1,1,4,5,2,3,9,7
"5970",3,1,11,1,1,3,7,1,10,1,1,3,6,1,1,0,1,0,0,1,1,2,3,10,8
"5971",4,1,16,1,1,6,7,1,11,1,1,3,7,4,5,3,4,3,0,5,3,2,2,15,11
"5972",5,1,16,5,1,6,12,1,16,1,1,6,7,4,0,0,6,1,5,4,5,3,3,19,16
"5973",6,12,16,11,2,6,12,1,16,5,1,6,12,6,1,0,1,0,0,6,1,3,1,36,17
"5974",7,21,16,11,2,6,17,12,16,11,2,6,12,5,1,6,5,1,0,6,5,1,3,45,22
"5975",8,21,16,12,2,9,17,21,16,11,2,6,17,1,0,0,3,5,4,1,3,3,2,46,25
"5976",9,30,20,12,1,6,17,21,16,12,2,9,17,5,4,0,5,0,0,4,5,2,2,59,21
"5977",10,39,28,12,3,6,1,30,20,12,1,6,17,2,5,4,2,4,0,5,2,1,1,114,7
"5978",11,39,32,12,5,6,1,39,28,12,3,6,1,4,0,0,2,3,6,4,2,2,1,118,9
"5979",12,39,32,12,5,6,1,39,32,12,5,6,1,3,6,0,NA,0,0,0,0,0,0,118,9
"5980",0,0,0,0,0,0,0,0,0,0,0,0,0,0,0,0,0,0,0,0,0,0,0,0,0
"5981",1,1,7,7,1,1,6,1,1,1,1,1,1,3,6,5,3,5,0,6,5,3,3,12,5
"5982",2,1,7,10,5,1,6,1,7,7,1,1,6,3,0,0,4,2,3,3,4,3,1,15,9
"5983",3,4,7,10,5,3,6,1,7,10,5,1,6,2,3,0,2,0,0,3,2,1,2,18,11
"5984",4,7,7,10,5,3,11,4,7,10,5,3,6,3,4,5,4,5,0,3,5,1,3,21,16
"5985",5,7,7,14,5,3,14,7,7,10,5,3,11,4,0,0,1,3,2,4,3,3,3,25,19
"5986",6,7,7,16,5,3,15,7,7,14,5,3,14,1,2,0,1,0,0,2,1,3,3,27,20
"5987",7,7,10,16,5,5,15,7,7,16,5,3,15,2,3,2,2,2,0,3,2,2,2,30,22
"5988",8,7,12,16,5,5,19,7,10,16,5,5,15,2,0,0,4,4,4,2,4,2,3,32,26
"5989",9,7,16,16,9,5,19,7,12,16,5,5,19,4,4,0,4,0,0,4,4,2,1,36,30
"5990",10,7,16,19,9,9,19,7,16,16,9,5,19,4,3,1,4,1,0,3,4,3,2,39,34
"5991",11,8,16,19,9,9,24,7,16,19,9,9,19,1,0,0,4,6,5,1,5,1,3,40,39
"5992",12,8,16,19,9,9,24,8,16,19,9,9,24,4,6,0,NA,0,0,0,0,0,0,40,39
"5993",0,0,0,0,0,0,0,0,0,0,0,0,0,0,0,0,0,0,0,0,0,0,0,0,0
"5994",1,4,1,1,1,2,7,1,1,1,1,1,1,6,3,3,6,3,0,3,6,1,3,3,7
"5995",2,7,1,1,1,3,7,4,1,1,1,2,7,3,0,0,1,1,2,3,1,1,2,6,8
"5996",3,7,2,1,3,3,7,7,1,1,1,3,7,1,2,0,2,0,0,1,2,2,1,7,10
"5997",4,7,2,3,3,3,9,7,2,1,3,3,7,2,2,2,2,2,0,2,2,3,3,9,12
"5998",5,7,4,3,15,3,14,7,2,3,3,3,9,2,0,0,1,6,5,2,6,2,1,11,29
"5999",6,12,4,3,16,3,14,7,4,3,15,3,14,1,5,0,1,0,0,5,1,1,1,16,30
"6000",7,12,9,3,16,8,20,12,4,3,16,3,14,6,5,4,6,4,0,5,6,2,3,21,41
"6001",8,16,9,3,16,13,20,12,9,3,16,8,20,4,0,0,4,4,5,4,5,1,2,25,46
"6002",9,20,9,3,16,17,20,16,9,3,16,13,20,4,4,0,4,0,0,4,4,1,2,29,50
"6003",10,25,9,1,21,21,26,20,9,3,16,17,20,1,5,6,1,6,0,5,6,1,3,32,65
"6004",11,25,1,2,32,21,26,25,9,1,21,21,26,1,0,0,1,6,3,1,6,3,1,25,76
"6005",12,25,1,2,32,21,26,25,1,2,32,21,26,1,3,0,NA,0,0,0,0,0,0,25,76
"6006",0,0,0,0,0,0,0,0,0,0,0,0,0,0,0,0,0,0,0,0,0,0,0,0,0
"6007",1,1,5,1,1,1,6,1,1,1,1,1,1,5,4,1,5,1,0,4,5,2,3,4,5
"6008",2,1,5,2,5,1,12,1,5,1,1,1,6,1,0,0,6,2,6,1,6,3,3,5,15
"6009",3,5,11,2,5,1,14,1,5,2,5,1,12,2,6,0,2,0,0,6,2,2,3,15,17
"6010",4,12,11,2,5,4,14,5,11,2,5,1,14,6,3,2,3,2,0,6,3,1,2,22,20
"6011",5,12,11,4,9,4,14,12,11,2,5,4,14,2,0,0,3,4,1,2,4,3,1,24,24
"6012",6,12,11,7,9,4,15,12,11,4,9,4,14,3,1,0,1,0,0,3,1,3,3,27,25
"6013",7,15,11,13,10,4,15,12,11,7,9,4,15,1,1,6,1,1,0,6,1,3,1,36,26
"6014",8,15,12,13,13,4,15,15,11,13,10,4,15,1,0,0,1,2,3,1,3,2,1,37,29
"6015",9,15,12,15,14,4,15,15,12,13,13,4,15,1,2,0,1,0,0,2,1,3,1,39,30
"6016",10,20,12,15,20,9,15,15,12,15,14,4,15,2,5,6,2,6,0,5,6,1,1,44,41
"6017",11,20,12,17,24,9,15,20,12,15,20,9,15,2,0,0,4,6,2,2,4,3,1,46,45
"6018",12,20,12,17,24,9,15,20,12,17,24,9,15,6,2,0,NA,0,0,0,0,0,0,46,45
"6019",0,0,0,0,0,0,0,0,0,0,0,0,0,0,0,0,0,0,0,0,0,0,0,0,0
"6020",1,1,6,7,1,5,1,1,1,1,1,1,1,6,4,1,4,1,0,6,4,3,2,11,4
"6021",2,2,6,7,6,5,1,1,6,7,1,5,1,1,0,0,2,3,5,1,5,1,1,12,9
"6022",3,2,9,7,6,7,1,2,6,7,6,5,1,2,3,0,2,0,0,3,2,2,2,15,11
"6023",4,2,15,13,16,7,1,2,9,7,6,7,1,1,6,6,1,6,0,6,6,3,1,27,21
"6024",5,2,15,14,16,15,1,2,15,13,16,7,1,1,0,0,2,1,6,1,6,3,2,28,29
"6025",6,2,17,14,16,16,1,2,15,14,16,15,1,2,1,0,1,0,0,2,1,2,2,30,30
"6026",7,7,17,14,16,20,1,2,17,14,16,16,1,5,4,4,4,4,0,5,4,1,2,35,34
"6027",8,7,17,18,17,26,1,7,17,14,16,20,1,4,0,0,6,3,1,4,6,3,2,39,41
"6028",9,12,17,18,20,1,1,7,17,18,17,26,1,3,1,0,3,0,0,1,3,1,1,44,19
"6029",10,17,17,18,30,7,1,12,17,18,20,1,1,5,3,6,3,6,0,5,6,1,2,49,35
"6030",11,17,17,1,34,7,3,17,17,18,30,7,1,3,0,0,1,2,3,3,2,3,3,32,41
"6031",12,17,17,1,34,7,3,17,17,1,34,7,3,1,3,0,NA,0,0,0,0,0,0,32,41
"6032",0,0,0,0,0,0,0,0,0,0,0,0,0,0,0,0,0,0,0,0,0,0,0,0,0
"6033",1,3,1,1,1,4,1,1,1,1,1,1,1,2,3,3,3,3,0,2,3,1,2,2,3
"6034",2,3,1,4,1,7,7,3,1,1,1,4,1,3,0,0,3,4,6,3,6,3,3,5,12
"6035",3,3,5,4,1,7,10,3,1,4,1,7,7,3,4,0,3,0,0,4,3,2,3,9,15
"6036",4,3,10,4,6,7,10,3,5,4,1,7,10,5,5,3,5,3,0,5,5,2,1,14,20
"6037",5,6,10,4,11,7,10,3,10,4,6,7,10,3,0,0,5,4,3,3,5,1,1,17,25
"6038",6,6,13,4,11,11,10,6,10,4,11,7,10,4,3,0,4,0,0,3,4,2,2,20,29
"6039",7,6,23,4,11,13,16,6,13,4,11,11,10,6,5,6,5,6,0,6,6,2,3,30,37
"6040",8,6,28,4,15,19,16,6,23,4,11,13,16,5,0,0,1,6,2,5,6,2,2,35,47
"6041",9,6,30,4,15,19,17,6,28,4,15,19,16,1,2,0,1,0,0,2,1,2,3,37,48
"6042",10,1,35,7,15,28,7,6,30,4,15,19,17,4,5,5,4,5,0,5,5,2,2,40,47
"6043",11,3,39,7,20,28,7,1,35,7,15,28,7,4,0,0,5,3,5,4,5,2,1,84,52
"6044",12,3,39,7,20,28,7,3,39,7,20,28,7,3,5,0,NA,0,0,0,0,0,0,84,52
"6045",0,0,0,0,0,0,0,0,0,0,0,0,0,0,0,0,0,0,0,0,0,0,0,0,0
"6046",1,7,6,1,6,1,7,1,1,1,1,1,1,6,6,6,6,6,0,6,6,1,3,11,11
"6047",2,7,18,5,6,1,12,7,6,1,6,1,7,6,0,0,5,4,6,6,5,2,3,27,16
"6048",3,11,18,5,10,7,12,7,18,5,6,1,12,4,6,0,6,0,0,4,6,1,2,31,26
"6049",4,21,18,1,10,7,25,11,18,5,10,7,12,6,4,6,4,6,0,6,6,1,3,37,39
"6050",5,1,18,11,10,1,9,21,18,1,10,7,25,4,0,0,6,1,6,4,6,1,3,27,17
"6051",6,7,18,13,10,2,9,1,18,11,10,1,9,1,6,0,1,0,0,6,1,1,2,35,18
"6052",7,9,18,13,15,2,9,7,18,13,10,2,9,2,4,5,4,5,0,2,5,1,1,37,23
"6053",8,9,22,13,16,2,9,9,18,13,15,2,9,4,0,0,1,4,4,4,1,2,1,41,24
"6054",9,13,22,13,20,2,9,9,22,13,16,2,9,4,4,0,4,0,0,4,4,1,1,45,28
"6055",10,13,25,19,21,2,9,13,22,13,20,2,9,1,6,1,1,1,0,6,1,3,1,54,29
"6056",11,14,25,19,23,2,9,13,25,19,21,2,9,1,0,0,4,2,2,1,2,1,1,55,31
"6057",12,14,25,19,23,2,9,14,25,19,23,2,9,4,2,0,NA,0,0,0,0,0,0,55,31
"6058",0,0,0,0,0,0,0,0,0,0,0,0,0,0,0,0,0,0,0,0,0,0,0,0,0
"6059",1,7,4,1,1,1,5,1,1,1,1,1,1,6,1,4,1,4,0,6,4,1,3,9,4
"6060",2,7,4,2,3,1,5,7,4,1,1,1,5,1,0,0,6,1,2,1,2,3,1,10,6
"6061",3,8,10,2,3,1,6,7,4,2,3,1,5,6,1,0,1,0,0,6,1,2,3,17,7
"6062",4,8,10,5,8,1,6,8,10,2,3,1,6,3,5,1,5,1,0,3,5,3,1,20,12
"6063",5,9,10,5,8,1,10,8,10,5,8,1,6,1,0,0,4,5,1,1,4,1,3,21,16
"6064",6,9,10,10,8,2,10,9,10,5,8,1,10,5,1,0,1,0,0,5,1,3,2,26,17
"6065",7,9,10,15,8,2,15,9,10,10,8,2,10,5,3,5,3,5,0,5,5,3,3,31,22
"6066",8,12,10,15,8,2,19,9,10,15,8,2,15,3,0,0,3,4,2,3,4,1,3,34,26
"6067",9,15,10,15,8,2,21,12,10,15,8,2,19,3,2,0,2,0,0,3,2,1,3,37,28
"6068",10,19,10,21,12,2,21,15,10,15,8,2,21,5,6,4,5,4,0,6,4,3,1,47,32
"6069",11,19,15,1,12,3,22,19,10,21,12,2,21,5,0,0,5,1,1,5,1,2,2,32,34
"6070",12,19,15,1,12,3,22,19,15,1,12,3,22,5,1,0,NA,0,0,0,0,0,0,32,34
"6071",0,0,0,0,0,0,0,0,0,0,0,0,0,0,0,0,0,0,0,0,0,0,0,0,0
"6072",1,1,6,1,6,1,1,1,1,1,1,1,1,2,5,5,2,5,0,5,5,2,1,5,5
"6073",2,1,6,3,11,1,1,1,6,1,6,1,1,2,0,0,4,5,1,2,5,3,1,7,10
"6074",3,1,6,7,11,1,2,1,6,3,11,1,1,4,1,0,1,0,0,4,1,3,3,11,11
"6075",4,3,6,13,13,1,2,1,6,7,11,1,2,2,1,6,2,1,0,6,2,3,1,19,13
"6076",5,3,7,13,13,1,7,3,6,13,13,1,2,1,0,0,2,5,2,1,5,2,3,20,18
"6077",6,3,7,15,13,3,7,3,7,13,13,1,7,2,2,0,2,0,0,2,2,3,2,22,20
"6078",7,8,7,15,22,3,7,3,7,15,13,3,7,1,6,5,1,6,0,5,6,1,1,27,29
"6079",8,8,8,15,25,3,7,8,7,15,22,3,7,1,0,0,3,1,1,1,3,2,1,28,32
"6080",9,8,8,16,25,4,7,8,8,15,25,3,7,1,1,0,1,0,0,1,1,3,2,29,33
"6081",10,8,8,21,25,4,17,8,8,16,25,4,7,4,5,6,4,6,0,5,6,3,3,34,43
"6082",11,8,12,21,25,10,23,8,8,21,25,4,17,4,0,0,6,6,5,4,6,2,3,38,55
"6083",12,8,12,21,25,10,23,8,12,21,25,10,23,6,5,0,NA,0,0,0,0,0,0,38,55
"6084",0,0,0,0,0,0,0,0,0,0,0,0,0,0,0,0,0,0,0,0,0,0,0,0,0
"6085",1,1,5,1,1,4,1,1,1,1,1,1,1,1,4,3,1,3,0,4,3,2,2,4,3
"6086",2,1,5,2,1,4,6,1,5,1,1,4,1,1,0,0,1,5,1,1,5,3,3,5,8
"6087",3,1,6,2,1,5,6,1,5,2,1,4,6,1,1,0,1,0,0,1,1,2,2,6,9
"6088",4,10,6,2,1,5,9,1,6,2,1,5,6,2,3,6,2,3,0,6,3,1,3,15,12
"6089",5,12,6,2,1,7,15,10,6,2,1,5,9,2,0,0,6,1,1,2,6,1,3,17,20
"6090",6,12,7,2,1,7,16,12,6,2,1,7,15,1,1,0,1,0,0,1,1,2,3,18,21
"6091",7,12,10,2,7,7,18,12,7,2,1,7,16,3,6,3,6,3,0,3,6,2,1,21,29
"6092",8,12,13,2,11,7,18,12,10,2,7,7,18,3,0,0,2,1,4,3,4,2,1,24,33
"6093",9,12,15,2,11,8,18,12,13,2,11,7,18,2,1,0,1,0,0,2,1,2,2,26,34
"6094",10,12,23,2,17,14,19,12,15,2,11,8,18,6,6,2,6,2,0,6,6,2,1,34,47
"6095",11,12,25,2,28,14,19,12,23,2,17,14,19,2,0,0,6,5,2,2,6,2,1,36,58
"6096",12,12,25,2,28,14,19,12,25,2,28,14,19,5,2,0,NA,0,0,0,0,0,0,36,58
"6097",0,0,0,0,0,0,0,0,0,0,0,0,0,0,0,0,0,0,0,0,0,0,0,0,0
"6098",1,6,1,1,1,6,1,1,1,1,1,1,1,1,5,5,1,5,0,5,5,1,2,5,5
"6099",2,6,2,1,1,6,5,6,1,1,1,6,1,1,0,0,4,5,1,1,4,2,3,6,9
"6100",3,6,2,6,1,6,6,6,2,1,1,6,5,5,1,0,1,0,0,5,1,3,3,11,10
"6101",4,8,8,6,1,9,6,6,2,6,1,6,6,2,6,3,2,3,0,6,3,2,2,19,13
"6102",5,10,8,6,1,14,6,8,8,6,1,9,6,2,0,0,6,3,5,2,5,1,2,21,18
"6103",6,10,14,9,1,14,9,10,8,6,1,14,6,6,3,0,3,0,0,6,3,2,3,30,21
"6104",7,15,14,9,1,18,9,10,14,9,1,14,9,5,4,2,4,2,0,5,4,1,2,35,25
"6105",8,15,14,11,1,23,9,15,14,9,1,18,9,2,0,0,2,1,5,2,5,3,2,37,30
"6106",9,15,14,13,1,23,10,15,14,11,1,23,9,2,1,0,1,0,0,2,1,3,3,39,31
"6107",10,15,16,13,1,28,10,15,14,13,1,23,10,4,2,5,4,5,0,2,5,2,2,41,36
"6108",11,19,16,1,2,31,10,15,16,13,1,28,10,4,0,0,4,3,3,4,3,1,2,33,40
"6109",12,19,16,1,2,31,10,19,16,1,2,31,10,4,3,0,NA,0,0,0,0,0,0,33,40
"6110",0,0,0,0,0,0,0,0,0,0,0,0,0,0,0,0,0,0,0,0,0,0,0,0,0
"6111",1,1,6,1,11,1,1,1,1,1,1,1,1,6,5,1,6,1,0,5,6,2,1,5,10
"6112",2,1,7,1,11,1,6,1,6,1,11,1,1,1,0,0,5,3,1,1,5,2,3,6,15
"6113",3,1,7,4,11,1,7,1,7,1,11,1,6,3,1,0,1,0,0,3,1,3,3,9,16
"6114",4,12,7,4,17,1,9,1,7,4,11,1,7,6,2,6,2,6,0,6,6,1,1,20,24
"6115",5,12,9,4,17,3,9,12,7,4,17,1,9,2,0,0,2,3,1,2,2,2,2,22,26
"6116",6,12,12,4,17,4,9,12,9,4,17,3,9,3,1,0,1,0,0,3,1,2,2,25,27
"6117",7,15,12,4,17,4,10,12,12,4,17,4,9,1,1,3,1,1,0,3,1,1,3,28,28
"6118",8,16,12,4,17,5,16,15,12,4,17,4,10,1,0,0,3,6,4,1,6,1,3,29,35
"6119",9,20,12,4,20,5,16,16,12,4,17,5,16,3,4,0,3,0,0,4,3,1,1,33,38
"6120",10,26,12,10,20,1,20,20,12,4,20,5,16,4,2,3,4,2,0,3,4,1,3,45,38
"6121",11,26,12,12,24,1,20,26,12,10,20,1,20,2,0,0,4,2,4,2,4,3,1,47,42
"6122",12,26,12,12,24,1,20,26,12,12,24,1,20,2,4,0,NA,0,0,0,0,0,0,47,42
"6123",0,0,0,0,0,0,0,0,0,0,0,0,0,0,0,0,0,0,0,0,0,0,0,0,0
"6124",1,4,1,1,1,4,1,1,1,1,1,1,1,1,3,3,1,3,0,3,3,1,2,3,3
"6125",2,4,1,2,1,4,3,4,1,1,1,4,1,1,0,0,2,2,3,1,2,3,3,4,5
"6126",3,7,1,2,1,6,3,4,1,2,1,4,3,2,3,0,2,0,0,3,2,1,2,7,7
"6127",4,16,1,2,1,10,3,7,1,2,1,6,3,4,6,4,4,4,0,6,4,1,2,16,11
"6128",5,20,1,2,1,15,3,16,1,2,1,10,3,4,0,0,5,5,3,4,5,1,2,20,16
"6129",6,20,1,7,1,18,3,20,1,2,1,15,3,5,3,0,3,0,0,5,3,3,2,25,19
"6130",7,23,1,7,1,29,3,20,1,7,1,18,3,1,6,3,1,6,0,3,6,1,2,28,30
"6131",8,24,1,7,1,39,4,23,1,7,1,29,3,1,0,0,4,6,1,1,6,1,2,29,79
"6132",9,24,1,11,2,39,4,24,1,7,1,39,4,4,1,0,1,0,0,4,1,3,1,33,80
"6133",10,1,1,11,3,39,7,24,1,11,2,39,4,1,3,5,3,5,0,1,3,1,3,10,84
"6134",11,6,1,11,18,39,7,1,1,11,3,39,7,5,0,0,6,3,2,5,6,1,1,15,99
"6135",12,6,1,11,18,39,7,6,1,11,18,39,7,3,2,0,NA,0,0,0,0,0,0,15,99
"6136",0,0,0,0,0,0,0,0,0,0,0,0,0,0,0,0,0,0,0,0,0,0,0,0,0
"6137",1,1,1,6,1,1,3,1,1,1,1,1,1,2,5,1,2,1,0,5,2,3,3,5,2
"6138",2,1,2,6,12,1,3,1,1,6,1,1,3,1,0,0,6,6,6,1,6,2,1,6,13
"6139",3,7,2,7,12,7,8,1,2,6,12,1,3,6,6,0,6,0,0,6,6,1,2,13,24
"6140",4,10,2,7,12,7,12,7,2,7,12,7,8,4,3,1,4,1,0,3,4,1,3,16,28
"6141",5,10,2,8,12,11,12,10,2,7,12,7,12,1,0,0,3,4,5,1,4,3,2,17,32
"6142",6,13,2,8,12,16,12,10,2,8,12,11,12,3,5,0,5,0,0,3,5,1,2,20,37
"6143",7,23,2,8,12,16,17,13,2,8,12,16,12,5,6,4,5,4,0,6,5,1,3,30,42
"6144",8,27,2,8,18,22,22,23,2,8,12,16,17,4,0,0,6,1,3,4,6,1,1,34,59
"6145",9,30,2,8,19,22,22,27,2,8,18,22,22,1,3,0,1,0,0,3,1,1,1,37,60
"6146",10,33,2,8,21,22,22,30,2,8,19,22,22,2,3,2,2,2,0,3,2,1,1,40,62
"6147",11,35,2,1,27,22,22,33,2,8,21,22,22,2,0,0,5,1,1,2,5,1,1,35,68
"6148",12,35,2,1,27,22,22,35,2,1,27,22,22,1,1,0,NA,0,0,0,0,0,0,35,68
"6149",0,0,0,0,0,0,0,0,0,0,0,0,0,0,0,0,0,0,0,0,0,0,0,0,0
"6150",1,7,7,4,3,1,1,1,1,1,1,1,1,6,2,2,2,2,0,6,2,2,1,15,2
"6151",2,9,7,4,8,1,1,7,7,4,3,1,1,2,0,0,6,3,5,2,5,1,1,17,7
"6152",3,15,7,6,8,1,4,9,7,4,8,1,1,6,3,0,3,0,0,6,3,1,3,25,10
"6153",4,16,13,6,8,1,9,15,7,6,8,1,4,5,6,4,5,4,0,6,5,2,3,32,15
"6154",5,16,13,10,13,1,9,16,13,6,8,1,9,4,0,0,4,3,5,4,5,3,1,36,20
"6155",6,16,13,14,16,1,9,16,13,10,13,1,9,4,3,0,3,0,0,4,3,3,1,40,23
"6156",7,16,13,16,19,1,9,16,13,14,16,1,9,3,3,2,3,3,0,2,3,3,1,42,26
"6157",8,19,1,16,32,1,9,16,13,16,19,1,9,3,0,0,3,6,4,3,6,1,1,33,39
"6158",9,19,1,20,32,1,12,19,1,16,32,1,9,3,4,0,3,0,0,4,3,3,3,37,42
"6159",10,19,6,26,38,1,14,19,1,20,32,1,12,2,6,6,2,6,0,6,6,3,1,48,50
"6160",11,19,6,28,39,5,14,19,6,26,38,1,14,2,0,0,6,1,6,2,1,3,1,50,93
"6161",12,19,6,28,39,5,14,19,6,28,39,5,14,6,6,0,NA,0,0,0,0,0,0,50,93
"6162",0,0,0,0,0,0,0,0,0,0,0,0,0,0,0,0,0,0,0,0,0,0,0,0,0
"6163",1,1,6,1,1,7,4,1,1,1,1,1,1,1,6,5,1,6,0,5,6,2,2,5,9
"6164",2,2,6,1,5,7,4,1,6,1,1,7,4,1,0,0,4,1,1,1,4,1,1,6,13
"6165",3,3,6,1,5,8,4,2,6,1,5,7,4,1,1,0,1,0,0,1,1,1,2,7,14
"6166",4,3,7,1,5,8,6,3,6,1,5,8,4,1,2,1,2,1,0,1,2,2,3,8,16
"6167",5,3,7,2,9,14,6,3,7,1,5,8,6,1,0,0,6,1,3,1,6,3,2,9,26
"6168",6,3,10,2,10,14,6,3,7,2,9,14,6,1,3,0,1,0,0,3,1,2,1,12,27
"6169",7,3,12,2,16,14,11,3,10,2,10,14,6,6,2,2,6,2,0,2,6,2,1,14,38
"6170",8,3,12,4,16,14,15,3,12,2,16,14,11,2,0,0,1,6,4,2,4,3,3,16,42
"6171",9,4,12,4,19,20,15,3,12,4,16,14,15,1,6,0,6,0,0,1,6,1,2,17,51
"6172",10,4,15,4,19,20,19,4,12,4,19,20,15,4,3,3,4,3,0,3,4,2,3,20,55
"6173",11,7,15,4,19,20,23,4,15,4,19,20,19,3,0,0,4,2,6,3,4,1,3,23,59
"6174",12,7,15,4,19,20,23,7,15,4,19,20,23,2,6,0,NA,0,0,0,0,0,0,23,59
"6175",0,0,0,0,0,0,0,0,0,0,0,0,0,0,0,0,0,0,0,0,0,0,0,0,0
"6176",1,1,7,6,1,1,4,1,1,1,1,1,1,4,3,6,4,3,0,6,3,2,3,11,3
"6177",2,1,7,10,6,1,4,1,7,6,1,1,4,4,0,0,4,5,4,4,5,3,1,15,8
"6178",3,1,11,10,6,1,8,1,7,10,6,1,4,4,4,0,4,0,0,4,4,2,3,19,12
"6179",4,7,11,11,12,1,9,1,11,10,6,1,8,6,4,6,4,6,0,6,6,1,1,26,19
"6180",5,11,11,11,12,1,13,7,11,11,12,1,9,4,0,0,4,5,4,4,4,1,3,30,23
"6181",6,11,11,16,12,1,17,11,11,11,12,1,13,5,4,0,4,0,0,5,4,3,3,35,27
"6182",7,16,11,16,12,6,17,11,11,16,12,1,17,1,5,5,1,5,0,5,5,1,2,40,32
"6183",8,16,12,16,12,6,22,16,11,16,12,6,17,1,0,0,4,5,6,1,5,2,3,41,37
"6184",9,16,18,27,12,10,22,16,12,16,12,6,22,4,6,0,4,0,0,6,4,2,2,58,41
"6185",10,20,18,27,12,10,25,16,18,27,12,10,22,5,4,3,5,3,0,4,3,1,3,62,44
"6186",11,25,18,27,12,10,26,20,18,27,12,10,25,5,0,0,1,1,4,5,1,1,3,67,45
"6187",12,25,18,27,12,10,26,25,18,27,12,10,26,1,4,0,NA,0,0,0,0,0,0,67,45
"6188",0,0,0,0,0,0,0,0,0,0,0,0,0,0,0,0,0,0,0,0,0,0,0,0,0
"6189",1,6,1,1,1,4,1,1,1,1,1,1,1,5,3,1,3,1,0,5,3,1,2,5,3
"6190",2,6,1,2,3,4,7,6,1,1,1,4,1,1,0,0,6,4,6,1,6,3,3,6,11
"6191",3,6,7,4,3,8,7,6,1,2,3,4,7,4,6,0,4,0,0,6,4,2,2,14,15
"6192",4,12,13,8,3,13,7,6,7,4,3,8,7,1,6,5,1,5,0,6,5,1,2,30,20
"6193",5,12,13,9,3,13,18,12,13,8,3,13,7,1,0,0,6,6,6,1,6,3,3,31,31
"6194",6,15,19,9,3,17,24,12,13,9,3,13,18,6,6,0,6,0,0,6,6,2,3,40,41
"6195",7,20,25,15,3,17,27,15,19,9,3,17,24,6,3,1,3,1,0,6,3,3,3,57,44
"6196",8,20,25,16,3,17,32,20,25,15,3,17,27,1,0,0,3,5,1,1,5,3,3,58,49
"6197",9,20,28,16,4,17,32,20,25,16,3,17,32,3,1,0,1,0,0,3,1,2,1,61,50
"6198",10,20,32,16,4,28,32,20,28,16,4,17,32,4,6,4,6,4,0,4,6,2,2,65,61
"6199",11,20,36,1,9,34,32,20,32,16,4,28,32,4,0,0,3,4,6,4,6,2,2,54,72
"6200",12,20,36,1,9,34,32,20,36,1,9,34,32,3,4,0,NA,0,0,0,0,0,0,54,72
"6201",0,0,0,0,0,0,0,0,0,0,0,0,0,0,0,0,0,0,0,0,0,0,0,0,0
"6202",1,1,1,6,7,1,6,1,1,1,1,1,1,5,5,6,5,6,0,5,6,3,1,5,11
"6203",2,1,6,6,7,4,6,1,1,6,7,1,6,5,0,0,2,1,3,5,3,2,2,10,14
"6204",3,2,6,6,7,6,6,1,6,6,7,4,6,2,1,0,2,0,0,1,2,1,2,11,16
"6205",4,2,6,9,7,10,6,2,6,6,7,6,6,3,4,3,4,3,0,3,4,3,2,14,20
"6206",5,2,6,12,7,10,9,2,6,9,7,10,6,3,0,0,3,2,3,3,3,3,3,17,23
"6207",6,2,8,12,7,10,12,2,6,12,7,10,9,2,3,0,3,0,0,2,3,2,3,19,26
"6208",7,2,8,15,11,10,12,2,8,12,7,10,12,4,3,2,4,2,0,3,4,3,1,22,30
"6209",8,4,8,15,17,15,12,2,8,15,11,10,12,2,0,0,1,6,4,2,6,1,1,24,41
"6210",9,4,12,15,18,15,12,4,8,15,17,15,12,1,4,0,1,0,0,4,1,2,1,28,42
"6211",10,4,12,20,18,15,16,4,12,15,18,15,12,5,3,4,3,4,0,5,4,3,3,33,46
"6212",11,7,12,20,21,15,16,4,12,20,18,15,16,3,0,0,3,4,3,3,3,1,1,36,49
"6213",12,7,12,20,21,15,16,7,12,20,21,15,16,4,3,0,NA,0,0,0,0,0,0,36,49
"6214",0,0,0,0,0,0,0,0,0,0,0,0,0,0,0,0,0,0,0,0,0,0,0,0,0
"6215",1,1,5,1,1,1,9,1,1,1,1,1,1,4,2,6,2,6,0,4,6,2,3,4,8
"6216",2,1,7,1,1,1,13,1,5,1,1,1,9,2,0,0,1,3,4,2,4,2,3,6,12
"6217",3,4,7,1,1,2,13,1,7,1,1,1,13,1,3,0,1,0,0,3,1,1,2,9,13
"6218",4,6,7,1,1,2,14,4,7,1,1,2,13,2,1,1,1,1,0,2,1,1,3,11,14
"6219",5,7,7,1,6,2,14,6,7,1,1,2,14,1,0,0,5,3,3,1,5,1,1,12,19
"6220",6,7,10,1,9,2,14,7,7,1,6,2,14,3,3,0,3,0,0,3,3,2,1,15,22
"6221",7,7,10,6,9,4,14,7,10,1,9,2,14,5,2,1,2,1,0,5,2,3,2,20,24
"6222",8,8,10,6,13,10,14,7,10,6,9,4,14,1,0,0,5,3,6,1,6,1,2,21,34
"6223",9,8,10,11,16,10,14,8,10,6,13,10,14,5,3,0,3,0,0,5,3,3,1,26,37
"6224",10,11,10,11,19,10,14,8,10,11,16,10,14,2,3,3,2,3,0,3,3,1,1,29,40
"6225",11,13,10,11,20,10,14,11,10,11,19,10,14,2,0,0,1,5,1,2,1,1,1,31,41
"6226",12,13,10,11,20,10,14,13,10,11,20,10,14,5,1,0,NA,0,0,0,0,0,0,31,41
"6227",0,0,0,0,0,0,0,0,0,0,0,0,0,0,0,0,0,0,0,0,0,0,0,0,0
"6228",1,7,1,3,3,1,1,1,1,1,1,1,1,2,6,1,2,1,0,6,2,1,1,8,2
"6229",2,8,1,3,3,1,6,7,1,3,3,1,1,1,0,0,5,1,3,1,5,1,3,9,7
"6230",3,8,4,3,4,1,6,8,1,3,3,1,6,1,3,0,1,0,0,3,1,2,1,12,8
"6231",4,8,14,3,4,1,11,8,4,3,4,1,6,5,5,6,5,5,0,6,5,2,3,22,13
"6232",5,13,14,3,4,1,15,8,14,3,4,1,11,5,0,0,4,5,2,5,4,1,3,27,17
"6233",6,13,14,8,6,1,15,13,14,3,4,1,15,5,2,0,2,0,0,5,2,3,1,32,19
"6234",7,13,17,8,6,1,16,13,14,8,6,1,15,2,1,3,2,1,0,3,1,2,3,35,20
"6235",8,13,19,8,8,1,16,13,17,8,6,1,16,2,0,0,2,5,5,2,2,2,1,37,22
"6236",9,13,19,13,8,1,21,13,19,8,8,1,16,5,5,0,5,0,0,5,5,3,3,42,27
"6237",10,16,19,13,8,1,23,13,19,13,8,1,21,3,2,2,2,2,0,3,2,1,3,45,29
"6238",11,16,21,13,11,1,29,16,19,13,8,1,23,2,0,0,6,6,1,2,6,2,3,47,38
"6239",12,16,21,13,11,1,29,16,21,13,11,1,29,6,1,0,NA,0,0,0,0,0,0,47,38
"6240",0,0,0,0,0,0,0,0,0,0,0,0,0,0,0,0,0,0,0,0,0,0,0,0,0
"6241",1,1,7,3,1,5,1,1,1,1,1,1,1,4,6,4,4,4,0,6,4,2,2,8,4
"6242",2,1,11,3,1,10,1,1,7,3,1,5,1,4,0,0,5,1,4,4,5,2,2,12,9
"6243",3,5,11,3,1,11,1,1,11,3,1,10,1,1,4,0,1,0,0,4,1,1,2,16,10
"6244",4,10,11,9,1,11,6,5,11,3,1,11,1,6,5,2,5,2,0,6,5,3,3,27,15
"6245",5,12,11,9,1,11,11,10,11,9,1,11,6,2,0,0,5,1,2,2,5,1,3,29,20
"6246",6,12,13,9,1,12,11,12,11,9,1,11,11,1,2,0,1,0,0,2,1,2,2,31,21
"6247",7,12,13,14,1,14,11,12,13,9,1,12,11,5,2,1,2,1,0,5,2,3,2,36,23
"6248",8,12,13,15,1,17,17,12,13,14,1,14,11,1,0,0,6,1,6,1,6,3,3,37,32
"6249",9,18,17,15,1,18,17,12,13,15,1,17,17,1,6,0,1,0,0,6,1,1,2,47,33
"6250",10,18,17,16,1,18,20,18,17,15,1,18,17,3,2,1,3,2,0,1,3,3,3,48,36
"6251",11,20,17,16,1,18,25,18,17,16,1,18,20,2,0,0,2,5,3,2,5,1,3,50,41
"6252",12,20,17,16,1,18,25,20,17,16,1,18,25,2,3,0,NA,0,0,0,0,0,0,50,41
"6253",0,0,0,0,0,0,0,0,0,0,0,0,0,0,0,0,0,0,0,0,0,0,0,0,0
"6254",1,1,1,5,1,1,9,1,1,1,1,1,1,4,4,6,4,6,0,4,6,3,3,4,8
"6255",2,1,5,5,1,4,9,1,1,5,1,1,9,4,0,0,3,5,2,4,3,2,2,8,11
"6256",3,1,10,5,3,4,9,1,5,5,1,4,9,5,2,0,2,0,0,5,2,2,1,13,13
"6257",4,1,13,5,8,4,9,1,10,5,3,4,9,4,3,5,4,5,0,3,5,2,1,16,18
"6258",5,1,13,9,12,4,15,1,13,5,8,4,9,4,0,0,6,6,3,4,6,3,3,20,28
"6259",6,1,13,19,15,4,15,1,13,9,12,4,15,6,3,0,3,0,0,6,3,3,1,30,31
"6260",7,1,13,23,15,9,15,1,13,19,15,4,15,2,5,4,2,5,0,4,5,3,2,34,36
"6261",8,1,15,23,15,13,15,1,13,23,15,9,15,2,0,0,4,2,2,2,4,2,2,36,40
"6262",9,3,15,23,17,13,15,1,15,23,15,13,15,2,2,0,2,0,0,2,2,1,1,38,42
"6263",10,1,15,25,17,13,23,3,15,23,17,13,15,1,2,6,1,6,0,2,6,3,3,38,50
"6264",11,1,15,26,23,16,23,1,15,25,17,13,23,1,0,0,6,6,1,1,6,3,1,39,59
"6265",12,1,15,26,23,16,23,1,15,26,23,16,23,6,1,0,NA,0,0,0,0,0,0,39,59
"6266",0,0,0,0,0,0,0,0,0,0,0,0,0,0,0,0,0,0,0,0,0,0,0,0,0
"6267",1,6,1,7,1,5,1,1,1,1,1,1,1,3,4,6,3,4,0,6,4,3,2,11,4
"6268",2,6,4,7,1,9,1,6,1,7,1,5,1,3,0,0,2,2,4,3,4,2,2,14,8
"6269",3,6,4,9,1,11,1,6,4,7,1,9,1,2,2,0,2,0,0,2,2,3,2,16,10
"6270",4,11,4,9,1,11,6,6,4,9,1,11,1,5,5,3,5,3,0,5,5,1,3,21,15
"6271",5,11,7,9,1,19,6,11,4,9,1,11,6,3,0,0,6,3,4,3,6,2,2,24,23
"6272",6,11,7,13,4,19,6,11,7,9,1,19,6,3,4,0,3,0,0,4,3,3,1,28,26
"6273",7,11,11,13,4,19,9,11,7,13,4,19,6,4,1,3,1,3,0,4,3,2,3,32,29
"6274",8,11,11,14,4,25,14,11,11,13,4,19,9,1,0,0,4,6,3,1,6,3,2,33,40
"6275",9,15,11,14,7,25,14,11,11,14,4,25,14,4,3,0,3,0,0,4,3,1,1,37,43
"6276",10,21,1,14,8,37,14,15,11,14,7,25,14,4,6,6,4,6,0,6,6,1,2,33,56
"6277",11,25,1,14,11,37,14,21,1,14,8,37,14,4,0,0,3,5,5,4,3,1,1,37,59
"6278",12,25,1,14,11,37,14,25,1,14,11,37,14,5,5,0,NA,0,0,0,0,0,0,37,59
"6279",0,0,0,0,0,0,0,0,0,0,0,0,0,0,0,0,0,0,0,0,0,0,0,0,0
"6280",1,1,1,11,1,5,1,1,1,1,1,1,1,4,6,5,4,5,0,6,4,3,2,10,4
"6281",2,6,1,11,6,5,1,1,1,11,1,5,1,5,0,0,2,5,6,5,5,1,1,15,9
"6282",3,9,1,17,8,5,1,6,1,11,6,5,1,2,6,0,2,0,0,6,2,3,1,24,11
"6283",4,9,3,17,14,10,1,9,1,17,8,5,1,3,2,6,3,6,0,2,6,2,1,26,22
"6284",5,9,3,20,14,12,1,9,3,17,14,10,1,3,0,0,2,2,3,3,2,3,2,29,24
"6285",6,9,6,20,16,12,1,9,3,20,14,12,1,2,3,0,2,0,0,3,2,2,1,32,26
"6286",7,9,7,1,17,18,2,9,6,20,16,12,1,1,2,1,2,1,0,1,1,2,3,14,34
"6287",8,11,7,1,17,18,7,9,7,1,17,18,2,2,0,0,3,5,4,2,5,1,3,16,39
"6288",9,11,10,1,17,18,11,11,7,1,17,18,7,3,4,0,4,0,0,3,4,2,3,19,43
"6289",10,14,16,1,17,18,22,11,10,1,17,18,11,6,3,6,3,6,0,6,6,2,3,28,54
"6290",11,14,16,6,22,18,1,14,16,1,17,18,22,3,0,0,1,2,5,3,5,3,1,33,38
"6291",12,14,16,6,22,18,1,14,16,6,22,18,1,1,2,0,NA,0,0,0,0,0,0,33,38
"6292",0,0,0,0,0,0,0,0,0,0,0,0,0,0,0,0,0,0,0,0,0,0,0,0,0
"6293",1,1,1,4,1,1,6,1,1,1,1,1,1,5,1,3,5,1,0,3,5,3,3,3,5
"6294",2,1,1,5,5,1,6,1,1,4,1,1,6,1,0,0,1,4,4,1,4,3,1,4,9
"6295",3,1,1,9,5,2,6,1,1,5,5,1,6,1,4,0,1,0,0,4,1,3,2,8,10
"6296",4,1,1,14,5,4,6,1,1,9,5,2,6,2,5,1,2,1,0,5,2,3,2,13,12
"6297",5,1,2,14,8,4,6,1,1,14,5,4,6,1,0,0,3,4,1,1,3,2,1,14,15
"6298",6,1,2,18,8,5,6,1,2,14,8,4,6,4,1,0,1,0,0,4,1,3,2,18,16
"6299",7,1,2,21,17,11,6,1,2,18,8,5,6,6,6,3,6,6,0,3,6,3,1,21,31
"6300",8,2,2,1,17,12,15,1,2,21,17,11,6,6,0,0,1,1,3,6,3,3,3,2,41
"6301",9,3,2,1,17,13,15,2,2,1,17,12,15,1,1,0,1,0,0,1,1,1,2,3,42
"6302",10,8,8,1,17,16,15,3,2,1,17,13,15,3,6,3,3,3,0,6,3,2,2,14,45
"6303",11,11,8,1,17,20,15,8,8,1,17,16,15,3,0,0,4,2,1,3,4,1,2,17,49
"6304",12,11,8,1,17,20,15,11,8,1,17,20,15,2,1,0,NA,0,0,0,0,0,0,17,49
"6305",0,0,0,0,0,0,0,0,0,0,0,0,0,0,0,0,0,0,0,0,0,0,0,0,0
"6306",1,1,13,3,4,1,1,1,1,1,1,1,1,6,1,3,1,3,0,6,3,2,1,14,3
"6307",2,2,13,3,9,1,1,1,13,3,4,1,1,1,0,0,4,6,5,1,5,1,1,15,8
"6308",3,14,13,3,13,1,1,2,13,3,9,1,1,4,6,0,4,0,0,6,4,1,1,27,12
"6309",4,14,15,3,16,1,1,14,13,3,13,1,1,2,3,3,3,3,0,2,3,2,1,29,15
"6310",5,14,15,6,20,1,1,14,15,3,16,1,1,3,0,0,4,5,4,3,4,3,1,32,19
"6311",6,14,15,11,20,1,5,14,15,6,20,1,1,5,4,0,4,0,0,5,4,3,3,37,23
"6312",7,14,15,16,24,1,5,14,15,11,20,1,5,4,3,5,4,3,0,5,4,3,1,42,27
"6313",8,17,15,16,26,1,5,14,15,16,24,1,5,3,0,0,2,2,4,3,2,1,1,45,29
"6314",9,17,15,20,28,1,5,17,15,16,26,1,5,2,4,0,2,0,0,4,2,3,1,49,31
"6315",10,17,20,20,32,1,5,17,15,20,28,1,5,2,5,4,2,4,0,5,4,2,1,54,35
"6316",11,19,20,20,32,1,7,17,20,20,32,1,5,2,0,0,4,4,2,2,2,1,3,56,37
"6317",12,19,20,20,32,1,7,19,20,20,32,1,7,4,4,0,NA,0,0,0,0,0,0,56,37
"6318",0,0,0,0,0,0,0,0,0,0,0,0,0,0,0,0,0,0,0,0,0,0,0,0,0
"6319",1,4,1,1,6,1,1,1,1,1,1,1,1,3,3,5,3,5,0,3,5,1,1,3,5
"6320",2,7,1,1,6,6,1,4,1,1,6,1,1,3,0,0,5,6,1,3,5,1,2,6,10
"6321",3,7,1,8,6,7,1,7,1,1,6,6,1,6,1,0,1,0,0,6,1,3,2,13,11
"6322",4,7,4,8,12,11,1,7,1,8,6,7,1,6,4,3,6,4,0,3,6,2,1,16,21
"6323",5,7,4,12,12,11,5,7,4,8,12,11,1,4,0,0,4,3,2,4,4,3,3,20,25
"6324",6,10,4,12,14,11,5,7,4,12,12,11,5,3,2,0,2,0,0,3,2,1,1,23,27
"6325",7,10,4,17,14,11,7,10,4,12,14,11,5,2,5,1,2,1,0,5,2,3,3,28,29
"6326",8,10,5,17,14,16,7,10,4,17,14,11,7,1,0,0,1,5,2,1,5,2,2,29,34
"6327",9,10,6,17,14,16,9,10,5,17,14,16,7,1,2,0,2,0,0,1,2,2,3,30,36
"6328",10,15,6,17,14,18,15,10,6,17,14,16,9,5,3,6,3,6,0,5,6,1,3,35,44
"6329",11,15,6,20,23,18,15,15,6,17,14,18,15,3,0,0,6,6,5,3,6,3,1,38,53
"6330",12,15,6,20,23,18,15,15,6,20,23,18,15,6,5,0,NA,0,0,0,0,0,0,38,53
"6331",0,0,0,0,0,0,0,0,0,0,0,0,0,0,0,0,0,0,0,0,0,0,0,0,0
"6332",1,3,1,1,4,1,1,1,1,1,1,1,1,3,2,1,3,1,0,2,3,1,1,2,3
"6333",2,4,1,1,4,6,1,3,1,1,4,1,1,1,0,0,5,1,5,1,5,1,2,3,8
"6334",3,4,1,6,4,6,2,4,1,1,4,6,1,1,5,0,1,0,0,5,1,3,3,8,9
"6335",4,4,6,6,4,9,2,4,1,6,4,6,2,5,2,3,2,3,0,5,3,2,2,13,12
"6336",5,4,6,8,4,9,6,4,6,6,4,9,2,2,0,0,2,4,4,2,4,3,3,15,16
"6337",6,8,6,8,4,11,6,4,6,8,4,9,6,2,4,0,2,0,0,4,2,1,2,19,18
"6338",7,11,6,8,4,12,6,8,6,8,4,11,6,1,1,3,1,1,0,3,1,1,2,22,19
"6339",8,12,6,8,10,12,8,11,6,8,4,12,6,1,0,0,2,6,1,1,6,1,1,23,27
"6340",9,12,8,8,10,12,9,12,6,8,10,12,8,2,1,0,1,0,0,2,1,2,3,25,28
"6341",10,12,8,12,12,12,9,12,8,8,10,12,9,2,4,2,2,2,0,4,2,3,1,29,30
"6342",11,14,8,12,13,12,9,12,8,12,12,12,9,2,0,0,1,1,1,2,1,1,1,31,31
"6343",12,14,8,12,13,12,9,14,8,12,13,12,9,1,1,0,NA,0,0,0,0,0,0,31,31
"6344",0,0,0,0,0,0,0,0,0,0,0,0,0,0,0,0,0,0,0,0,0,0,0,0,0
"6345",1,1,7,4,2,1,1,1,1,1,1,1,1,1,6,1,1,1,0,6,1,2,1,9,1
"6346",2,1,7,5,2,1,6,1,7,4,2,1,1,1,0,0,4,5,2,1,5,3,3,10,6
"6347",3,1,11,5,4,1,6,1,7,5,2,1,6,4,2,0,2,0,0,4,2,2,1,14,8
"6348",4,1,16,5,9,1,6,1,11,5,4,1,6,5,1,5,1,5,0,5,5,2,1,19,13
"6349",5,2,16,5,9,4,6,1,16,5,9,1,6,1,0,0,3,2,5,1,3,1,2,20,16
"6350",6,2,16,10,11,4,6,2,16,5,9,4,6,2,5,0,2,0,0,5,2,3,1,25,18
"6351",7,6,16,10,11,4,11,2,16,10,11,4,6,4,4,5,4,5,0,4,5,1,3,29,23
"6352",8,6,16,14,11,4,15,6,16,10,11,4,11,4,0,0,4,4,1,4,4,3,3,33,27
"6353",9,6,20,14,11,4,16,6,16,14,11,4,15,4,1,0,1,0,0,4,1,2,3,37,28
"6354",10,10,20,14,11,8,16,6,20,14,11,4,16,4,1,4,1,4,0,4,4,1,2,41,32
"6355",11,10,20,15,13,8,16,10,20,14,11,8,16,1,0,0,2,3,5,1,2,3,1,42,34
"6356",12,10,20,15,13,8,16,10,20,15,13,8,16,3,5,0,NA,0,0,0,0,0,0,42,34
"6357",0,0,0,0,0,0,0,0,0,0,0,0,0,0,0,0,0,0,0,0,0,0,0,0,0
"6358",1,6,1,1,11,1,1,1,1,1,1,1,1,6,1,5,6,1,0,5,6,1,1,5,10
"6359",2,7,1,1,11,4,1,6,1,1,11,1,1,1,0,0,3,1,2,1,3,1,2,6,13
"6360",3,7,3,1,11,4,2,7,1,1,11,4,1,1,2,0,1,0,0,2,1,2,3,8,14
"6361",4,7,3,2,11,4,6,7,3,1,11,4,2,4,2,1,4,2,0,1,4,3,3,9,18
"6362",5,9,3,2,11,9,6,7,3,2,11,4,6,2,0,0,5,4,5,2,5,1,2,11,23
"6363",6,14,3,2,15,9,6,9,3,2,11,9,6,4,5,0,4,0,0,5,4,1,1,16,27
"6364",7,14,3,5,15,13,6,14,3,2,15,9,6,2,4,3,2,4,0,3,4,3,2,19,31
"6365",8,14,3,7,15,13,18,14,3,5,15,13,6,2,0,0,4,6,2,2,6,3,3,21,43
"6366",9,14,7,7,17,13,18,14,3,7,15,13,18,4,2,0,2,0,0,4,2,2,1,25,45
"6367",10,14,7,8,18,13,18,14,7,7,17,13,18,1,1,1,1,1,0,1,1,3,1,26,46
"6368",11,15,7,8,23,13,18,14,7,8,18,13,18,1,0,0,5,6,6,1,5,1,1,27,51
"6369",12,15,7,8,23,13,18,15,7,8,23,13,18,6,6,0,NA,0,0,0,0,0,0,27,51
"6370",0,0,0,0,0,0,0,0,0,0,0,0,0,0,0,0,0,0,0,0,0,0,0,0,0
"6371",1,7,1,6,1,5,1,1,1,1,1,1,1,6,2,4,2,4,0,6,4,1,2,11,4
"6372",2,7,3,6,1,5,6,7,1,6,1,5,1,2,0,0,6,2,5,2,5,2,3,13,9
"6373",3,7,9,7,1,7,6,7,3,6,1,5,6,6,2,0,2,0,0,6,2,2,2,20,11
"6374",4,7,9,11,1,11,6,7,9,7,1,7,6,1,4,4,1,4,0,4,4,3,2,24,15
"6375",5,8,9,11,1,13,12,7,9,11,1,11,6,1,0,0,6,6,4,1,6,1,3,25,23
"6376",6,14,17,11,1,13,16,8,9,11,1,13,12,6,4,0,4,0,0,6,4,1,3,39,27
"6377",7,19,17,11,1,13,20,14,17,11,1,13,16,5,5,4,5,4,0,5,4,1,3,44,31
"6378",8,19,17,16,3,13,26,19,17,11,1,13,20,5,0,0,3,3,6,5,6,3,3,49,39
"6379",9,22,17,16,3,16,26,19,17,16,3,13,26,3,3,0,3,0,0,3,3,1,2,52,42
"6380",10,33,17,16,3,16,31,22,17,16,3,16,26,2,5,6,2,5,0,6,5,1,3,63,47
"6381",11,33,19,1,3,16,38,33,17,16,3,16,31,2,0,0,3,4,4,2,3,2,3,50,54
"6382",12,33,19,1,3,16,38,33,19,1,3,16,38,4,4,0,NA,0,0,0,0,0,0,50,54
"6383",0,0,0,0,0,0,0,0,0,0,0,0,0,0,0,0,0,0,0,0,0,0,0,0,0
"6384",1,1,4,1,2,7,1,1,1,1,1,1,1,3,6,3,6,3,0,3,6,2,2,3,7
"6385",2,1,4,4,8,10,1,1,4,1,2,7,1,3,0,0,4,6,4,3,6,3,1,6,16
"6386",3,1,4,8,8,10,5,1,4,4,8,10,1,4,4,0,4,0,0,4,4,3,3,10,20
"6387",4,1,4,12,11,10,11,1,4,8,8,10,5,4,4,6,4,6,0,4,6,3,3,14,29
"6388",5,1,4,16,16,10,11,1,4,12,11,10,11,4,0,0,3,5,2,4,5,3,1,18,34
"6389",6,1,4,19,16,10,13,1,4,16,16,10,11,3,2,0,2,0,0,3,2,3,3,21,36
"6390",7,1,4,21,16,11,13,1,4,19,16,10,13,1,1,2,1,1,0,2,1,3,2,23,37
"6391",8,1,5,21,16,17,17,1,4,21,16,11,13,1,0,0,6,1,3,1,6,2,2,24,47
"6392",9,1,5,24,16,18,17,1,5,21,16,17,17,1,3,0,1,0,0,3,1,3,2,27,48
"6393",10,1,5,28,20,18,17,1,5,24,16,18,17,4,4,5,4,5,0,4,4,3,1,31,52
"6394",11,1,5,33,26,18,19,1,5,28,20,18,17,5,0,0,1,6,1,5,6,3,1,36,60
"6395",12,1,5,33,26,18,19,1,5,33,26,18,19,1,1,0,NA,0,0,0,0,0,0,36,60
"6396",0,0,0,0,0,0,0,0,0,0,0,0,0,0,0,0,0,0,0,0,0,0,0,0,0
"6397",1,1,1,6,6,1,7,1,1,1,1,1,1,6,5,5,6,5,0,5,6,3,3,5,11
"6398",2,6,1,6,10,1,7,1,1,6,6,1,7,5,0,0,1,1,4,5,4,1,1,10,15
"6399",3,6,1,7,11,1,7,6,1,6,10,1,7,1,1,0,1,0,0,1,1,3,1,11,16
"6400",4,6,2,7,14,1,7,6,1,7,11,1,7,1,1,3,1,3,0,1,3,2,1,12,19
"6401",5,6,2,8,14,1,10,6,2,7,14,1,7,1,0,0,2,4,3,1,3,3,3,13,22
"6402",6,6,6,8,14,3,10,6,2,8,14,1,10,2,4,0,2,0,0,4,2,2,2,17,24
"6403",7,11,6,8,14,11,10,6,6,8,14,3,10,5,6,3,6,3,0,5,6,1,2,22,32
"6404",8,11,6,11,14,14,10,11,6,8,14,11,10,3,0,0,3,5,4,3,3,3,2,25,35
"6405",9,16,6,11,14,18,10,11,6,11,14,14,10,5,4,0,4,0,0,5,4,1,2,30,39
"6406",10,20,6,11,18,18,10,16,6,11,14,18,10,4,2,4,2,4,0,4,4,1,1,34,43
"6407",11,22,6,11,21,18,10,20,6,11,18,18,10,2,0,0,3,2,1,2,3,1,1,36,46
"6408",12,22,6,11,21,18,10,22,6,11,21,18,10,2,1,0,NA,0,0,0,0,0,0,36,46
"6409",0,0,0,0,0,0,0,0,0,0,0,0,0,0,0,0,0,0,0,0,0,0,0,0,0
"6410",1,4,1,1,6,1,1,1,1,1,1,1,1,3,5,3,5,3,0,3,5,1,1,3,5
"6411",2,4,1,4,9,1,1,4,1,1,6,1,1,3,0,0,3,3,4,3,3,3,1,6,8
"6412",3,4,5,4,9,1,4,4,1,4,9,1,1,3,4,0,3,0,0,4,3,2,3,10,11
"6413",4,4,8,4,9,1,7,4,5,4,9,1,4,3,3,3,3,3,0,3,3,2,3,13,14
"6414",5,4,11,4,14,7,7,4,8,4,9,1,7,3,0,0,6,3,1,3,6,2,2,16,25
"6415",6,4,14,4,14,8,7,4,11,4,14,7,7,3,1,0,1,0,0,3,1,2,2,19,26
"6416",7,4,14,6,14,12,7,4,14,4,14,8,7,1,4,2,1,4,0,2,4,3,2,21,30
"6417",8,5,14,6,14,12,16,4,14,6,14,12,7,1,0,0,5,5,6,1,6,1,3,22,39
"6418",9,10,14,6,19,12,16,5,14,6,14,12,16,5,5,0,5,0,0,5,5,1,1,27,44
"6419",10,13,14,6,19,14,16,10,14,6,19,12,16,2,3,4,2,4,0,3,2,1,2,30,46
"6420",11,17,14,6,20,14,16,13,14,6,19,14,16,4,0,0,1,3,1,4,1,1,1,34,47
"6421",12,17,14,6,20,14,16,17,14,6,20,14,16,3,1,0,NA,0,0,0,0,0,0,34,47
"6422",0,0,0,0,0,0,0,0,0,0,0,0,0,0,0,0,0,0,0,0,0,0,0,0,0
"6423",1,1,7,4,5,1,1,1,1,1,1,1,1,2,4,6,2,4,0,6,4,2,1,9,4
"6424",2,1,9,4,6,1,1,1,7,4,5,1,1,2,0,0,5,5,1,2,1,2,1,11,5
"6425",3,6,9,4,6,6,1,1,9,4,6,1,1,5,5,0,5,0,0,5,5,1,2,16,10
"6426",4,6,9,14,10,6,1,6,9,4,6,6,1,5,4,6,5,4,0,6,4,3,1,26,14
"6427",5,11,9,14,15,6,1,6,9,14,10,6,1,5,0,0,1,2,5,5,5,1,1,31,19
"6428",6,11,9,16,15,6,2,11,9,14,15,6,1,1,2,0,1,0,0,2,1,3,3,33,20
"6429",7,14,9,16,15,9,2,11,9,16,15,6,2,3,4,3,4,3,0,3,3,1,2,36,23
"6430",8,14,13,16,15,12,2,14,9,16,15,9,2,4,0,0,6,4,3,4,3,2,2,40,26
"6431",9,14,15,28,15,12,6,14,13,16,15,12,2,6,4,0,4,0,0,6,4,3,3,54,30
"6432",10,14,15,32,25,12,12,14,15,28,15,12,6,4,4,6,4,6,0,4,6,3,3,58,46
"6433",11,14,15,36,31,17,12,14,15,32,25,12,12,4,0,0,1,6,6,4,6,3,1,62,57
"6434",12,14,15,36,31,17,12,14,15,36,31,17,12,1,6,0,NA,0,0,0,0,0,0,62,57
"6435",0,0,0,0,0,0,0,0,0,0,0,0,0,0,0,0,0,0,0,0,0,0,0,0,0
"6436",1,1,1,6,4,1,1,1,1,1,1,1,1,1,3,5,1,3,0,5,3,3,1,5,3
"6437",2,1,2,6,10,10,1,1,1,6,4,1,1,1,0,0,3,6,6,1,6,2,1,6,18
"6438",3,10,2,6,10,10,4,1,2,6,10,10,1,3,6,0,3,0,0,6,3,1,3,15,21
"6439",4,15,2,6,10,10,9,10,2,6,10,10,4,5,5,1,5,1,0,5,5,1,3,20,26
"6440",5,16,2,6,12,10,9,15,2,6,10,10,9,1,0,0,2,4,2,1,2,1,1,21,28
"6441",6,20,2,6,12,12,9,16,2,6,12,10,9,4,2,0,2,0,0,4,2,1,2,25,30
"6442",7,22,2,6,12,15,9,20,2,6,12,12,9,3,2,1,3,1,0,2,3,1,2,27,33
"6443",8,22,3,6,12,15,14,22,2,6,12,15,9,1,0,0,5,5,1,1,5,2,3,28,38
"6444",9,27,3,6,13,15,14,22,3,6,12,15,14,5,1,0,1,0,0,5,1,1,1,33,39
"6445",10,29,3,6,15,15,14,27,3,6,13,15,14,2,2,2,2,2,0,2,2,1,1,35,41
"6446",11,29,3,8,17,15,20,29,3,6,15,15,14,2,0,0,2,6,1,2,6,3,3,37,49
"6447",12,29,3,8,17,15,20,29,3,8,17,15,20,2,1,0,NA,0,0,0,0,0,0,37,49
"6448",0,0,0,0,0,0,0,0,0,0,0,0,0,0,0,0,0,0,0,0,0,0,0,0,0
"6449",1,1,5,1,1,1,6,1,1,1,1,1,1,5,4,4,5,4,0,4,5,2,3,4,5
"6450",2,5,5,1,1,4,6,1,5,1,1,1,6,4,0,0,1,3,3,4,3,1,2,8,8
"6451",3,6,5,1,1,7,6,5,5,1,1,4,6,1,3,0,3,0,0,1,3,1,2,9,11
"6452",4,9,5,1,1,7,7,6,5,1,1,7,6,2,1,3,2,1,0,3,1,1,3,12,12
"6453",5,11,5,1,5,13,7,9,5,1,1,7,7,2,0,0,6,4,6,2,6,1,2,14,22
"6454",6,21,5,1,5,13,11,11,5,1,5,13,7,4,6,0,4,0,0,6,4,1,3,24,26
"6455",7,28,5,1,1,13,13,21,5,1,5,13,11,2,1,2,1,2,0,2,2,1,3,31,24
"6456",8,28,5,2,7,18,13,28,5,1,1,13,13,1,0,0,2,5,6,1,6,3,1,32,35
"6457",9,28,5,7,7,18,15,28,5,2,7,18,13,2,5,0,2,0,0,5,2,3,3,37,37
"6458",10,28,5,9,7,18,17,28,5,7,7,18,15,1,2,2,1,2,0,2,2,3,3,39,39
"6459",11,1,5,9,16,18,17,28,5,9,7,18,17,1,0,0,4,4,4,1,4,1,1,12,48
"6460",12,1,5,9,16,18,17,1,5,9,16,18,17,4,4,0,NA,0,0,0,0,0,0,12,48
"6461",0,0,0,0,0,0,0,0,0,0,0,0,0,0,0,0,0,0,0,0,0,0,0,0,0
"6462",1,1,7,2,1,5,1,1,1,1,1,1,1,6,4,4,4,4,0,6,4,2,2,7,4
"6463",2,1,11,2,1,8,1,1,7,2,1,5,1,4,0,0,6,3,2,4,3,2,2,11,7
"6464",3,13,12,2,3,8,1,1,11,2,1,8,1,6,2,0,2,0,0,6,2,1,1,24,9
"6465",4,13,12,5,3,12,1,13,12,2,3,8,1,3,3,4,3,4,0,3,4,3,2,27,13
"6466",5,16,12,5,3,16,1,13,12,5,3,12,1,3,0,0,4,4,2,3,4,1,2,30,17
"6467",6,16,16,5,3,18,1,16,12,5,3,16,1,4,2,0,2,0,0,4,2,2,2,34,19
"6468",7,16,16,14,4,18,1,16,16,5,3,18,1,1,6,1,1,1,0,6,1,3,1,43,20
"6469",8,16,16,15,4,24,2,16,16,14,4,18,1,1,0,0,4,6,3,1,6,3,2,44,27
"6470",9,16,16,18,4,28,2,16,16,15,4,24,2,4,3,0,4,0,0,3,4,3,2,47,31
"6471",10,19,16,18,4,33,2,16,16,18,4,28,2,3,1,5,1,5,0,3,5,1,2,50,36
"6472",11,19,17,18,6,39,2,19,16,18,4,33,2,1,0,0,6,4,5,1,6,2,2,51,82
"6473",12,19,17,18,6,39,2,19,17,18,6,39,2,4,5,0,NA,0,0,0,0,0,0,51,82
"6474",0,0,0,0,0,0,0,0,0,0,0,0,0,0,0,0,0,0,0,0,0,0,0,0,0
"6475",1,1,1,3,3,1,1,1,1,1,1,1,1,2,2,2,2,2,0,2,2,3,1,2,2
"6476",2,1,1,5,8,1,1,1,1,3,3,1,1,2,0,0,1,2,5,2,5,3,1,4,7
"6477",3,1,3,5,8,2,1,1,1,5,8,1,1,1,2,0,1,0,0,2,1,2,2,6,8
"6478",4,3,3,5,8,2,6,1,3,5,8,2,1,5,2,5,5,5,0,2,5,1,3,8,13
"6479",5,3,8,5,13,2,6,3,3,5,8,2,6,5,0,0,2,5,1,5,5,2,1,13,18
"6480",6,3,10,5,14,2,6,3,8,5,13,2,6,2,1,0,1,0,0,2,1,2,1,15,19
"6481",7,7,10,5,14,2,11,3,10,5,14,2,6,4,1,5,1,5,0,4,5,1,3,19,24
"6482",8,7,10,6,22,2,11,7,10,5,14,2,11,1,0,0,3,6,6,1,6,3,1,20,32
"6483",9,10,10,6,22,10,11,7,10,6,22,2,11,3,6,0,6,0,0,3,6,1,2,23,40
"6484",10,11,10,6,22,14,11,10,10,6,22,10,11,4,1,2,4,2,0,1,4,1,2,24,44
"6485",11,13,10,1,26,14,11,11,10,6,22,14,11,2,0,0,2,2,4,2,2,1,1,21,48
"6486",12,13,10,1,26,14,11,13,10,1,26,14,11,2,4,0,NA,0,0,0,0,0,0,21,48
"6487",0,0,0,0,0,0,0,0,0,0,0,0,0,0,0,0,0,0,0,0,0,0,0,0,0
"6488",1,9,1,1,1,1,3,1,1,1,1,1,1,6,1,2,1,2,0,6,2,1,3,8,2
"6489",2,9,2,1,5,1,3,9,1,1,1,1,3,1,0,0,4,4,4,1,4,2,1,9,6
"6490",3,13,2,1,9,1,3,9,2,1,5,1,3,4,4,0,4,0,0,4,4,1,1,13,10
"6491",4,16,2,1,9,1,7,13,2,1,9,1,3,3,4,4,4,4,0,3,4,1,3,16,14
"6492",5,16,2,5,14,1,7,16,2,1,9,1,7,4,0,0,2,5,3,4,5,3,1,20,19
"6493",6,19,2,5,14,1,9,16,2,5,14,1,7,2,3,0,2,0,0,3,2,1,3,23,21
"6494",7,19,3,5,14,1,13,19,2,5,14,1,9,4,1,2,4,2,0,1,4,2,3,24,25
"6495",8,19,3,7,19,1,13,19,3,5,14,1,13,2,0,0,4,5,4,2,5,3,1,26,30
"6496",9,19,3,11,19,1,17,19,3,7,19,1,13,4,4,0,4,0,0,4,4,3,3,30,34
"6497",10,19,3,19,19,1,22,19,3,11,19,1,17,6,3,5,3,5,0,6,5,3,3,38,39
"6498",11,19,1,19,24,1,24,19,3,19,19,1,22,3,0,0,1,2,3,3,2,2,3,36,46
"6499",12,19,1,19,24,1,24,19,1,19,24,1,24,1,3,0,NA,0,0,0,0,0,0,36,46
"6500",0,0,0,0,0,0,0,0,0,0,0,0,0,0,0,0,0,0,0,0,0,0,0,0,0
"6501",1,10,1,7,1,1,2,1,1,1,1,1,1,1,6,2,1,2,0,6,1,3,3,15,1
"6502",2,10,3,7,1,1,12,10,1,7,1,1,2,2,0,0,1,5,6,2,6,2,3,17,11
"6503",3,15,3,7,2,1,12,10,3,7,1,1,12,1,5,0,1,0,0,5,1,1,1,22,12
"6504",4,15,3,12,2,1,16,15,3,7,2,1,12,3,5,4,3,4,0,5,4,3,3,27,16
"6505",5,18,3,12,2,1,20,15,3,12,2,1,16,3,0,0,4,2,4,3,4,1,3,30,20
"6506",6,18,7,12,4,1,20,18,3,12,2,1,20,2,4,0,2,0,0,4,2,2,1,34,22
"6507",7,18,11,12,4,1,24,18,7,12,4,1,20,4,5,4,5,4,0,4,4,2,3,38,26
"6508",8,18,16,12,4,1,29,18,11,12,4,1,24,5,0,0,1,3,5,5,5,2,3,43,31
"6509",9,18,16,15,4,1,30,18,16,12,4,1,29,1,3,0,1,0,0,3,1,3,3,46,32
"6510",10,18,16,16,4,1,33,18,16,15,4,1,30,2,3,1,2,3,0,1,3,3,3,47,35
"6511",11,18,18,1,9,1,34,18,16,16,4,1,33,2,0,0,4,3,1,2,1,2,3,34,41
"6512",12,18,18,1,9,1,34,18,18,1,9,1,34,4,3,0,NA,0,0,0,0,0,0,34,41
"6513",0,0,0,0,0,0,0,0,0,0,0,0,0,0,0,0,0,0,0,0,0,0,0,0,0
"6514",1,3,1,1,1,5,1,1,1,1,1,1,1,2,2,4,2,4,0,2,4,1,2,2,4
"6515",2,3,3,1,1,9,1,3,1,1,1,5,1,2,0,0,2,2,4,2,4,2,2,4,8
"6516",3,5,3,1,1,11,1,3,3,1,1,9,1,2,2,0,2,0,0,2,2,1,2,6,10
"6517",4,6,3,1,1,11,5,5,3,1,1,11,1,1,1,4,1,4,0,1,4,1,3,7,14
"6518",5,6,3,2,1,11,9,6,3,1,1,11,5,1,0,0,4,4,2,1,4,3,3,8,18
"6519",6,6,3,6,1,13,9,6,3,2,1,11,9,4,2,0,2,0,0,4,2,3,2,12,20
"6520",7,6,9,8,6,13,9,6,3,6,1,13,9,2,6,5,2,5,0,6,5,2,1,20,25
"6521",8,6,9,10,6,14,15,6,9,8,6,13,9,2,0,0,4,6,2,2,6,3,3,22,32
"6522",9,6,9,14,6,14,17,6,9,10,6,14,15,4,2,0,2,0,0,4,2,3,3,26,34
"6523",10,10,9,14,6,14,22,6,9,14,6,14,17,5,4,2,5,2,0,4,5,1,3,30,39
"6524",11,12,9,14,9,14,22,10,9,14,6,14,22,2,0,0,3,4,2,2,3,1,1,32,42
"6525",12,12,9,14,9,14,22,12,9,14,9,14,22,4,2,0,NA,0,0,0,0,0,0,32,42
"6526",0,0,0,0,0,0,0,0,0,0,0,0,0,0,0,0,0,0,0,0,0,0,0,0,0
"6527",1,1,1,6,1,1,5,1,1,1,1,1,1,4,5,4,4,4,0,5,4,3,3,5,4
"6528",2,1,1,10,1,1,10,1,1,6,1,1,5,4,0,0,2,3,5,4,5,3,3,9,9
"6529",3,1,4,10,1,1,12,1,1,10,1,1,10,2,3,0,2,0,0,3,2,2,3,12,11
"6530",4,6,4,10,1,6,12,1,4,10,1,1,12,5,1,5,1,5,0,5,5,1,2,17,16
"6531",5,6,5,10,5,6,12,6,4,10,1,6,12,1,0,0,4,4,2,1,4,2,1,18,20
"6532",6,10,5,10,5,8,12,6,5,10,5,6,12,4,2,0,2,0,0,4,2,1,2,22,22
"6533",7,10,11,13,8,8,12,10,5,10,5,8,12,3,3,6,3,3,0,6,3,2,1,31,25
"6534",8,10,11,16,13,8,12,10,11,13,8,8,12,3,0,0,5,6,5,3,5,3,1,34,30
"6535",9,16,14,16,18,8,12,10,11,16,13,8,12,6,5,0,5,0,0,6,5,1,1,43,35
"6536",10,22,17,16,21,8,12,16,14,16,18,8,12,1,3,6,1,3,0,6,3,1,1,52,38
"6537",11,22,17,17,21,8,15,22,17,16,21,8,12,1,0,0,1,5,3,1,3,3,3,53,41
"6538",12,22,17,17,21,8,15,22,17,17,21,8,15,1,5,0,NA,0,0,0,0,0,0,53,41
"6539",0,0,0,0,0,0,0,0,0,0,0,0,0,0,0,0,0,0,0,0,0,0,0,0,0
"6540",1,1,1,4,1,5,1,1,1,1,1,1,1,3,4,3,4,3,0,3,4,3,2,3,4
"6541",2,1,4,4,1,7,7,1,1,4,1,5,1,3,0,0,2,6,2,3,6,2,3,6,12
"6542",3,1,6,4,1,9,7,1,4,4,1,7,7,2,2,0,2,0,0,2,2,2,2,8,14
"6543",4,1,6,8,4,9,7,1,6,4,1,9,7,4,3,1,3,1,0,4,3,3,1,12,17
"6544",5,1,6,9,9,9,7,1,6,8,4,9,7,1,0,0,5,4,2,1,5,3,1,13,22
"6545",6,5,6,9,11,9,7,1,6,9,9,9,7,4,2,0,2,0,0,4,2,1,1,17,24
"6546",7,15,6,9,11,12,7,5,6,9,11,9,7,3,6,2,3,2,0,6,3,1,2,27,27
"6547",8,15,8,9,23,12,8,15,6,9,11,12,7,2,0,0,6,4,2,2,6,2,1,29,40
"6548",9,15,8,13,23,12,10,15,8,9,23,12,8,4,2,0,2,0,0,4,2,3,3,33,42
"6549",10,18,1,13,29,12,10,15,8,13,23,12,10,3,3,3,3,3,0,3,3,1,1,29,48
"6550",11,21,1,13,36,18,10,18,1,13,29,12,10,3,0,0,6,6,6,3,6,1,2,32,61
"6551",12,21,1,13,36,18,10,21,1,13,36,18,10,6,6,0,NA,0,0,0,0,0,0,32,61
"6552",0,0,0,0,0,0,0,0,0,0,0,0,0,0,0,0,0,0,0,0,0,0,0,0,0
"6553",1,6,1,1,3,13,1,1,1,1,1,1,1,5,5,6,5,6,0,5,6,1,2,5,14
"6554",2,6,1,6,10,13,1,6,1,1,3,13,1,5,0,0,1,6,6,5,6,3,1,10,21
"6555",3,6,1,7,16,13,5,6,1,6,10,13,1,1,6,0,6,0,0,1,6,3,1,11,31
"6556",4,10,1,13,16,13,7,6,1,7,16,13,5,2,5,6,2,5,0,6,2,3,3,21,33
"6557",5,10,1,18,16,13,11,10,1,13,16,13,7,5,0,0,2,4,1,5,4,3,3,26,37
"6558",6,10,1,20,16,13,12,10,1,18,16,13,11,2,1,0,1,0,0,2,1,3,3,28,38
"6559",7,10,1,25,18,13,18,10,1,20,16,13,12,5,6,5,6,5,0,5,6,3,3,33,46
"6560",8,15,1,25,18,18,18,10,1,25,18,13,18,5,0,0,1,2,5,5,5,1,2,38,51
"6561",9,17,1,25,18,19,18,15,1,25,18,18,18,1,2,0,1,0,0,2,1,1,2,40,52
"6562",10,17,1,30,18,20,18,17,1,25,18,19,18,1,5,2,1,2,0,5,1,3,2,45,53
"6563",11,17,1,32,19,20,18,17,1,30,18,20,18,2,0,0,1,4,2,2,1,3,1,47,54
"6564",12,17,1,32,19,20,18,17,1,32,19,20,18,4,2,0,NA,0,0,0,0,0,0,47,54
"6565",0,0,0,0,0,0,0,0,0,0,0,0,0,0,0,0,0,0,0,0,0,0,0,0,0
"6566",1,1,6,1,1,3,1,1,1,1,1,1,1,2,3,5,2,3,0,5,2,2,2,5,2
"6567",2,1,9,1,1,8,1,1,6,1,1,3,1,3,0,0,5,4,2,3,5,2,2,8,7
"6568",3,1,9,5,1,10,1,1,9,1,1,8,1,4,2,0,2,0,0,4,2,3,2,12,9
"6569",4,1,12,5,1,14,1,1,9,5,1,10,1,3,3,4,3,4,0,3,4,2,2,15,13
"6570",5,1,12,8,1,14,8,1,12,5,1,14,1,3,0,0,1,1,6,3,6,3,3,18,20
"6571",6,2,12,8,2,14,8,1,12,8,1,14,8,1,1,0,1,0,0,1,1,1,1,19,21
"6572",7,2,12,13,2,18,8,2,12,8,2,14,8,2,5,4,2,4,0,5,4,3,2,24,25
"6573",8,2,14,13,2,22,8,2,12,13,2,18,8,2,0,0,4,5,3,2,4,2,2,26,29
"6574",9,2,19,13,2,25,8,2,14,13,2,22,8,5,3,0,3,0,0,5,3,2,2,31,32
"6575",10,6,19,13,2,29,8,2,19,13,2,25,8,1,4,4,1,4,0,4,4,1,2,35,36
"6576",11,7,19,13,2,29,12,6,19,13,2,29,8,1,0,0,6,6,4,1,4,1,3,36,40
"6577",12,7,19,13,2,29,12,7,19,13,2,29,12,6,6,0,NA,0,0,0,0,0,0,36,40
"6578",0,0,0,0,0,0,0,0,0,0,0,0,0,0,0,0,0,0,0,0,0,0,0,0,0
"6579",1,1,1,11,1,4,7,1,1,1,1,1,1,6,6,3,6,3,0,6,6,3,3,10,9
"6580",2,1,1,14,1,9,7,1,1,11,1,4,7,3,0,0,3,5,1,3,5,3,2,13,14
"6581",3,4,1,14,1,9,8,1,1,14,1,9,7,3,1,0,1,0,0,3,1,1,3,16,15
"6582",4,7,1,14,1,9,11,4,1,14,1,9,8,3,3,3,3,3,0,3,3,1,3,19,18
"6583",5,7,1,17,1,13,11,7,1,14,1,9,11,3,0,0,4,4,2,3,4,3,2,22,22
"6584",6,7,5,17,3,13,11,7,1,17,1,13,11,4,2,0,2,0,0,4,2,2,1,26,24
"6585",7,9,5,17,3,16,11,7,5,17,3,13,11,3,2,2,3,2,0,2,3,1,2,28,27
"6586",8,11,5,17,3,20,11,9,5,17,3,16,11,2,0,0,1,5,4,2,4,1,2,30,31
"6587",9,16,5,17,3,20,12,11,5,17,3,20,11,1,5,0,1,0,0,5,1,1,3,35,32
"6588",10,16,8,17,6,20,12,16,5,17,3,20,12,2,3,3,2,3,0,3,3,2,1,38,35
"6589",11,16,10,17,8,20,12,16,8,17,6,20,12,2,0,0,2,1,1,2,2,2,1,40,37
"6590",12,16,10,17,8,20,12,16,10,17,8,20,12,1,1,0,NA,0,0,0,0,0,0,40,37
"6591",0,0,0,0,0,0,0,0,0,0,0,0,0,0,0,0,0,0,0,0,0,0,0,0,0
"6592",1,1,6,1,1,1,6,1,1,1,1,1,1,5,5,1,5,1,0,5,5,2,3,5,5
"6593",2,1,6,2,1,6,6,1,6,1,1,1,6,1,0,0,4,1,5,1,5,3,2,6,10
"6594",3,5,6,2,1,6,7,1,6,2,1,6,6,4,1,0,1,0,0,4,1,1,3,10,11
"6595",4,10,6,2,1,6,9,5,6,2,1,6,7,2,5,3,2,3,0,5,2,1,3,15,13
"6596",5,10,9,2,1,6,14,10,6,2,1,6,9,3,0,0,5,1,5,3,5,2,3,18,18
"6597",6,10,14,2,1,6,15,10,9,2,1,6,14,1,5,0,1,0,0,5,1,2,3,23,19
"6598",7,13,14,2,4,6,15,10,14,2,1,6,15,3,1,3,1,3,0,3,3,1,1,26,22
"6599",8,14,14,2,15,6,15,13,14,2,4,6,15,1,0,0,2,6,4,1,6,1,1,27,33
"6600",9,18,14,2,17,6,15,14,14,2,15,6,15,2,4,0,2,0,0,4,2,1,1,31,35
"6601",10,23,14,2,17,8,15,18,14,2,17,6,15,5,2,1,2,1,0,5,2,1,2,36,37
"6602",11,23,14,3,17,19,15,23,14,2,17,8,15,1,0,0,3,2,6,1,6,3,2,37,48
"6603",12,23,14,3,17,19,15,23,14,3,17,19,15,3,2,0,NA,0,0,0,0,0,0,37,48
"6604",0,0,0,0,0,0,0,0,0,0,0,0,0,0,0,0,0,0,0,0,0,0,0,0,0
"6605",1,7,1,6,2,1,1,1,1,1,1,1,1,1,6,1,1,1,0,6,1,1,1,11,1
"6606",2,7,1,7,2,3,1,7,1,6,2,1,1,1,0,0,1,4,2,1,2,3,2,12,3
"6607",3,11,1,7,2,4,1,7,1,7,2,3,1,1,4,0,1,0,0,4,1,1,2,16,4
"6608",4,11,6,7,2,9,1,11,1,7,2,4,1,5,5,5,5,5,0,5,5,2,2,21,9
"6609",5,11,11,7,7,9,1,11,6,7,2,9,1,5,0,0,3,5,6,5,5,2,1,26,14
"6610",6,17,11,8,7,12,1,11,11,7,7,9,1,3,6,0,3,0,0,6,3,1,2,33,17
"6611",7,17,11,10,7,14,1,17,11,8,7,12,1,2,2,2,2,2,0,2,2,3,2,35,19
"6612",8,17,11,12,7,19,1,17,11,10,7,14,1,2,0,0,6,5,5,2,5,3,2,37,24
"6613",9,17,13,18,7,24,1,17,11,12,7,19,1,6,5,0,5,0,0,6,5,3,2,45,29
"6614",10,17,15,18,8,24,1,17,13,18,7,24,1,3,1,2,3,1,0,2,1,2,1,47,30
"6615",11,20,15,18,10,24,1,17,15,18,8,24,1,3,0,0,2,4,4,3,2,1,1,50,32
"6616",12,20,15,18,10,24,1,20,15,18,10,24,1,4,4,0,NA,0,0,0,0,0,0,50,32
"6617",0,0,0,0,0,0,0,0,0,0,0,0,0,0,0,0,0,0,0,0,0,0,0,0,0
"6618",1,8,1,1,1,1,2,1,1,1,1,1,1,1,6,1,1,1,0,6,1,1,3,7,1
"6619",2,9,1,1,1,1,5,8,1,1,1,1,2,1,0,0,2,3,3,1,3,1,3,8,4
"6620",3,9,1,3,4,1,5,9,1,1,1,1,5,2,3,0,3,0,0,2,3,3,1,10,7
"6621",4,9,1,8,8,1,5,9,1,3,4,1,5,4,1,5,4,1,0,5,4,3,1,15,11
"6622",5,9,2,8,12,1,11,9,1,8,8,1,5,1,0,0,1,1,6,1,6,2,3,16,21
"6623",6,10,2,8,12,1,12,9,2,8,12,1,11,1,1,0,1,0,0,1,1,1,3,17,22
"6624",7,10,2,12,15,1,12,10,2,8,12,1,12,3,3,4,3,3,0,4,3,3,1,21,25
"6625",8,10,2,15,15,1,19,10,2,12,15,1,12,3,0,0,2,4,6,3,6,3,3,24,32
"6626",9,14,2,15,17,1,19,10,2,15,15,1,19,2,4,0,2,0,0,4,2,1,1,28,34
"6627",10,14,2,1,17,10,19,14,2,15,17,1,19,5,6,6,5,6,0,6,5,3,2,14,43
"6628",11,24,2,1,23,10,23,14,2,1,17,10,19,6,0,0,6,2,5,6,6,1,1,24,53
"6629",12,24,2,1,23,10,23,24,2,1,23,10,23,2,5,0,NA,0,0,0,0,0,0,24,53
"6630",0,0,0,0,0,0,0,0,0,0,0,0,0,0,0,0,0,0,0,0,0,0,0,0,0
"6631",1,1,6,1,4,1,1,1,1,1,1,1,1,3,3,5,3,3,0,5,3,2,1,5,3
"6632",2,1,6,4,9,1,1,1,6,1,4,1,1,3,0,0,5,4,4,3,5,3,1,8,8
"6633",3,5,6,4,9,5,1,1,6,4,9,1,1,4,4,0,4,0,0,4,4,1,2,12,12
"6634",4,5,10,4,9,5,3,5,6,4,9,5,1,2,2,4,2,2,0,4,2,2,3,16,14
"6635",5,7,10,4,9,5,7,5,10,4,9,5,3,2,0,0,1,4,3,2,4,1,3,18,18
"6636",6,10,10,4,10,5,7,7,10,4,9,5,7,1,3,0,1,0,0,3,1,1,1,21,19
"6637",7,10,10,9,10,9,13,10,10,4,10,5,7,5,6,6,6,6,0,5,6,3,3,26,29
"6638",8,10,10,21,14,9,13,10,10,9,10,9,13,6,0,0,4,2,1,6,4,3,1,38,33
"6639",9,10,12,21,14,10,13,10,10,21,14,9,13,2,1,0,1,0,0,2,1,2,2,40,34
"6640",10,10,12,24,14,10,16,10,12,21,14,10,13,3,3,1,3,1,0,3,3,3,3,43,37
"6641",11,10,12,25,14,15,16,10,12,24,14,10,16,1,0,0,5,6,1,1,5,3,2,44,42
"6642",12,10,12,25,14,15,16,10,12,25,14,15,16,6,1,0,NA,0,0,0,0,0,0,44,42
"6643",0,0,0,0,0,0,0,0,0,0,0,0,0,0,0,0,0,0,0,0,0,0,0,0,0
"6644",1,1,1,6,1,7,4,1,1,1,1,1,1,5,5,6,5,6,0,5,6,3,2,5,9
"6645",2,1,1,11,1,11,10,1,1,6,1,7,4,5,0,0,5,6,6,5,6,3,3,10,19
"6646",3,2,13,11,6,11,10,1,1,11,1,11,10,5,6,0,5,0,0,6,5,2,1,23,24
"6647",4,2,27,17,1,16,10,2,13,11,6,11,10,3,5,6,3,5,0,6,5,2,2,43,24
"6648",5,5,27,17,5,16,10,2,27,17,1,16,10,3,0,0,5,4,2,3,4,1,1,46,28
"6649",6,5,32,17,5,18,10,5,27,17,5,16,10,5,2,0,2,0,0,5,2,2,2,51,30
"6650",7,5,37,17,5,18,14,5,32,17,5,18,10,4,1,5,4,1,0,5,4,2,3,56,34
"6651",8,1,37,17,5,29,14,5,37,17,5,18,14,1,0,0,3,6,4,1,6,1,2,52,45
"6652",9,1,37,21,5,29,17,1,37,17,5,29,14,3,4,0,3,0,0,4,3,3,3,56,48
"6653",10,6,37,21,5,29,22,1,37,21,5,29,17,5,5,3,5,3,0,5,5,1,3,61,53
"6654",11,6,37,24,10,29,28,6,37,21,5,29,22,3,0,0,6,3,6,3,6,3,3,64,64
"6655",12,6,37,24,10,29,28,6,37,24,10,29,28,3,6,0,NA,0,0,0,0,0,0,64,64
"6656",0,0,0,0,0,0,0,0,0,0,0,0,0,0,0,0,0,0,0,0,0,0,0,0,0
"6657",1,1,5,1,1,6,1,1,1,1,1,1,1,5,5,4,5,5,0,4,5,2,2,4,5
"6658",2,1,5,6,6,6,1,1,5,1,1,6,1,5,0,0,5,6,5,5,5,3,1,9,10
"6659",3,1,13,6,6,11,1,1,5,6,6,6,1,6,5,0,5,0,0,6,5,2,2,17,15
"6660",4,10,13,6,8,11,1,1,13,6,6,11,1,2,6,2,2,2,0,6,2,1,1,26,17
"6661",5,12,13,6,11,11,1,10,13,6,8,11,1,2,0,0,3,1,3,2,3,1,1,28,20
"6662",6,12,13,9,11,11,2,12,13,6,11,11,1,1,3,0,1,0,0,3,1,3,3,31,21
"6663",7,12,13,18,11,15,2,12,13,9,11,11,2,2,4,6,2,4,0,6,4,3,2,40,25
"6664",8,14,13,18,14,15,2,12,13,18,11,15,2,2,0,0,3,3,4,2,3,1,1,42,28
"6665",9,14,16,18,14,19,2,14,13,18,14,15,2,3,4,0,4,0,0,3,4,2,2,45,32
"6666",10,14,17,18,15,19,2,14,16,18,14,19,2,2,1,1,2,1,0,1,1,2,1,46,33
"6667",11,16,17,18,15,23,2,14,17,18,15,19,2,2,0,0,4,6,1,2,4,1,2,48,37
"6668",12,16,17,18,15,23,2,16,17,18,15,23,2,6,1,0,NA,0,0,0,0,0,0,48,37
"6669",0,0,0,0,0,0,0,0,0,0,0,0,0,0,0,0,0,0,0,0,0,0,0,0,0
"6670",1,5,1,1,1,1,2,1,1,1,1,1,1,4,1,1,1,1,0,4,1,1,3,4,1
"6671",2,5,2,1,1,1,4,5,1,1,1,1,2,1,0,0,1,2,2,1,2,2,3,5,3
"6672",3,7,2,1,1,1,5,5,2,1,1,1,4,1,2,0,1,0,0,2,1,1,3,7,4
"6673",4,7,2,5,1,5,5,7,2,1,1,1,5,4,4,4,4,4,0,4,4,3,2,11,8
"6674",5,7,2,9,1,5,8,7,2,5,1,5,5,4,0,0,3,4,3,4,3,3,3,15,11
"6675",6,7,6,9,4,5,8,7,2,9,1,5,8,4,3,0,3,0,0,4,3,2,1,19,14
"6676",7,7,11,9,4,8,8,7,6,9,4,5,8,1,5,3,1,3,0,5,3,2,2,24,17
"6677",8,8,11,9,4,12,8,7,11,9,4,8,8,1,0,0,3,1,4,1,4,1,2,25,21
"6678",9,11,11,9,5,12,8,8,11,9,4,12,8,3,1,0,1,0,0,3,1,1,1,28,22
"6679",10,18,11,9,5,17,8,11,11,9,5,12,8,1,5,6,1,5,0,6,5,1,2,35,27
"6680",11,18,11,10,5,17,13,18,11,9,5,17,8,1,0,0,4,5,6,1,5,3,3,36,32
"6681",12,18,11,10,5,17,13,18,11,10,5,17,13,4,6,0,NA,0,0,0,0,0,0,36,32
"6682",0,0,0,0,0,0,0,0,0,0,0,0,0,0,0,0,0,0,0,0,0,0,0,0,0
"6683",1,7,1,6,1,6,1,1,1,1,1,1,1,4,6,5,4,5,0,6,5,1,2,11,5
"6684",2,7,1,10,7,9,1,7,1,6,1,6,1,4,0,0,2,6,2,4,6,3,1,15,14
"6685",3,7,3,10,7,9,3,7,1,10,7,9,1,2,2,0,2,0,0,2,2,2,3,17,16
"6686",4,7,5,10,10,9,3,7,3,10,7,9,3,3,2,1,3,1,0,2,3,2,1,19,19
"6687",5,8,5,10,16,9,5,7,5,10,10,9,3,1,0,0,6,2,5,1,6,1,1,20,27
"6688",6,13,5,10,16,9,7,8,5,10,16,9,5,2,5,0,2,0,0,5,2,1,3,25,29
"6689",7,23,5,10,16,9,11,13,5,10,16,9,7,4,2,6,4,2,0,6,4,1,3,35,33
"6690",8,25,5,10,16,9,16,23,5,10,16,9,11,2,0,0,6,5,1,2,5,1,3,37,38
"6691",9,29,5,16,17,9,16,25,5,10,16,9,16,6,1,0,1,0,0,6,1,3,1,47,39
"6692",10,29,9,16,21,9,16,29,5,16,17,9,16,3,4,4,3,4,0,4,4,2,1,51,43
"6693",11,29,1,19,30,9,16,29,9,16,21,9,16,3,0,0,1,6,4,3,6,3,1,46,52
"6694",12,29,1,19,30,9,16,29,1,19,30,9,16,1,4,0,NA,0,0,0,0,0,0,46,52
"6695",0,0,0,0,0,0,0,0,0,0,0,0,0,0,0,0,0,0,0,0,0,0,0,0,0
"6696",1,1,2,1,1,1,3,1,1,1,1,1,1,1,2,2,2,2,0,1,2,2,3,1,2
"6697",2,1,4,1,6,1,3,1,2,1,1,1,3,2,0,0,5,4,5,2,5,2,1,3,7
"6698",3,1,9,1,6,5,3,1,4,1,6,1,3,4,5,0,4,0,0,5,4,2,2,8,11
"6699",4,6,9,1,6,6,3,1,9,1,6,5,3,1,5,1,1,1,0,5,1,1,2,13,12
"6700",5,7,9,1,6,6,7,6,9,1,6,6,3,1,0,0,2,4,5,1,4,1,3,14,16
"6701",6,7,14,1,8,6,7,7,9,1,6,6,7,2,5,0,2,0,0,5,2,2,1,19,18
"6702",7,9,20,1,8,10,7,7,14,1,8,6,7,3,6,4,3,4,0,6,4,2,2,27,22
"6703",8,9,23,1,12,10,7,9,20,1,8,10,7,3,0,0,4,4,3,3,4,2,1,30,26
"6704",9,9,23,5,12,13,7,9,23,1,12,10,7,4,3,0,3,0,0,4,3,3,2,34,29
"6705",10,9,23,10,12,14,7,9,23,5,12,13,7,1,1,5,1,1,0,5,1,3,2,39,30
"6706",11,10,23,10,13,14,7,9,23,10,12,14,7,1,0,0,3,5,1,1,1,1,1,40,31
"6707",12,10,23,10,13,14,7,10,23,10,13,14,7,3,5,0,NA,0,0,0,0,0,0,40,31
"6708",0,0,0,0,0,0,0,0,0,0,0,0,0,0,0,0,0,0,0,0,0,0,0,0,0
"6709",1,3,7,1,6,1,1,1,1,1,1,1,1,5,6,1,5,1,0,6,5,2,1,8,5
"6710",2,4,7,1,6,6,1,3,7,1,6,1,1,1,0,0,2,5,1,1,5,1,2,9,10
"6711",3,4,9,1,6,7,1,4,7,1,6,6,1,2,1,0,1,0,0,2,1,2,2,11,11
"6712",4,4,15,6,7,13,1,4,9,1,6,7,1,6,6,3,6,3,0,6,6,2,2,22,18
"6713",5,7,15,6,12,13,1,4,15,6,7,13,1,3,0,0,3,5,4,3,5,1,1,25,23
"6714",6,7,15,10,12,16,1,7,15,6,12,13,1,3,4,0,3,0,0,4,3,3,2,29,26
"6715",7,12,15,10,12,16,4,7,15,10,12,16,1,3,3,5,3,3,0,5,3,1,3,34,29
"6716",8,12,18,10,17,16,4,12,15,10,12,16,4,3,0,0,5,3,2,3,5,2,1,37,34
"6717",9,12,21,10,17,18,4,12,18,10,17,16,4,3,2,0,2,0,0,3,2,2,2,40,36
"6718",10,12,21,15,17,18,7,12,21,10,17,18,4,1,5,3,1,3,0,5,3,3,3,45,39
"6719",11,12,21,16,20,18,7,12,21,15,17,18,7,1,0,0,3,4,1,1,3,3,1,46,42
"6720",12,12,21,16,20,18,7,12,21,16,20,18,7,4,1,0,NA,0,0,0,0,0,0,46,42
"6721",0,0,0,0,0,0,0,0,0,0,0,0,0,0,0,0,0,0,0,0,0,0,0,0,0
"6722",1,1,1,5,1,1,5,1,1,1,1,1,1,5,4,4,5,4,0,4,4,3,3,4,4
"6723",2,6,1,5,1,6,5,1,1,5,1,1,5,5,0,0,3,5,1,5,5,1,2,9,9
"6724",3,9,1,5,1,7,5,6,1,5,1,6,5,3,1,0,1,0,0,3,1,1,2,12,10
"6725",4,9,1,10,5,7,5,9,1,5,1,7,5,4,1,5,4,1,0,5,4,3,1,17,14
"6726",5,9,2,10,5,12,11,9,1,10,5,7,5,1,0,0,6,4,4,1,6,2,3,18,25
"6727",6,9,2,14,9,12,11,9,2,10,5,12,11,4,4,0,4,0,0,4,4,3,1,22,29
"6728",7,9,2,18,17,12,11,9,2,14,9,12,11,4,3,6,3,6,0,4,6,3,1,26,37
"6729",8,9,5,18,17,18,13,9,2,18,17,12,11,3,0,0,1,2,6,3,6,2,2,29,45
"6730",9,11,5,18,17,19,13,9,5,18,17,18,13,1,2,0,1,0,0,2,1,1,2,31,46
"6731",10,16,5,18,17,19,22,11,5,18,17,19,13,6,1,5,6,1,0,5,6,1,3,36,55
"6732",11,17,5,18,19,19,22,16,5,18,17,19,22,1,0,0,2,4,3,1,2,1,1,37,57
"6733",12,17,5,18,19,19,22,17,5,18,19,19,22,4,3,0,NA,0,0,0,0,0,0,37,57
"6734",0,0,0,0,0,0,0,0,0,0,0,0,0,0,0,0,0,0,0,0,0,0,0,0,0
"6735",1,1,12,7,1,1,6,1,1,1,1,1,1,5,6,2,5,2,0,6,5,3,3,17,5
"6736",2,1,12,9,1,1,9,1,12,7,1,1,6,2,0,0,3,1,4,2,3,3,3,19,8
"6737",3,1,12,13,1,2,9,1,12,9,1,1,9,1,4,0,1,0,0,4,1,3,2,23,9
"6738",4,5,12,13,1,2,10,1,12,13,1,2,9,1,1,4,1,1,0,4,1,1,3,27,10
"6739",5,5,13,13,1,2,19,5,12,13,1,2,10,1,0,0,2,4,6,1,6,2,3,28,19
"6740",6,9,13,13,1,4,19,5,13,13,1,2,19,2,4,0,2,0,0,4,2,1,2,32,21
"6741",7,10,19,13,1,4,24,9,13,13,1,4,19,5,6,5,5,5,0,6,5,2,3,39,26
"6742",8,10,1,13,6,6,24,10,19,13,1,4,24,5,0,0,2,1,2,5,2,2,2,21,33
"6743",9,12,1,13,6,6,25,10,1,13,6,6,24,1,2,0,1,0,0,2,1,1,3,23,34
"6744",10,15,7,13,9,6,1,12,1,13,6,6,25,6,5,3,5,3,0,6,3,2,1,32,13
"6745",11,15,12,13,9,11,1,15,7,13,9,6,1,5,0,0,5,6,5,5,5,2,2,37,18
"6746",12,15,12,13,9,11,1,15,12,13,9,11,1,6,5,0,NA,0,0,0,0,0,0,37,18
"6747",0,0,0,0,0,0,0,0,0,0,0,0,0,0,0,0,0,0,0,0,0,0,0,0,0
"6748",1,1,6,1,6,1,1,1,1,1,1,1,1,3,5,5,3,5,0,5,5,2,1,5,5
"6749",2,4,6,1,6,1,6,1,6,1,6,1,1,3,0,0,6,5,5,3,5,1,3,8,10
"6750",3,4,15,1,11,1,6,4,6,1,6,1,6,6,5,0,5,0,0,6,5,2,1,17,15
"6751",4,4,15,6,13,1,6,4,15,1,11,1,6,5,2,4,2,4,0,5,2,3,1,22,17
"6752",5,4,15,10,13,1,10,4,15,6,13,1,6,4,0,0,4,4,4,4,4,3,3,26,21
"6753",6,8,15,10,17,1,10,4,15,10,13,1,10,4,4,0,4,0,0,4,4,1,1,30,25
"6754",7,8,15,15,17,1,12,8,15,10,17,1,10,5,1,2,1,2,0,5,2,3,3,35,27
"6755",8,9,15,15,17,1,16,8,15,15,17,1,12,1,0,0,1,4,6,1,4,1,3,36,31
"6756",9,15,15,17,17,2,16,9,15,15,17,1,16,1,6,0,1,0,0,6,1,1,2,44,32
"6757",10,15,16,17,20,2,16,15,15,17,17,2,16,3,1,4,3,4,0,1,3,2,1,45,35
"6758",11,15,16,21,20,2,19,15,16,17,20,2,16,4,0,0,2,3,5,4,3,3,3,49,38
"6759",12,15,16,21,20,2,19,15,16,21,20,2,19,2,5,0,NA,0,0,0,0,0,0,49,38
"6760",0,0,0,0,0,0,0,0,0,0,0,0,0,0,0,0,0,0,0,0,0,0,0,0,0
"6761",1,8,1,1,5,1,1,1,1,1,1,1,1,6,4,4,4,4,0,6,4,1,1,7,4
"6762",2,8,5,1,5,1,11,8,1,1,5,1,1,4,0,0,2,6,3,4,6,2,3,11,14
"6763",3,8,7,1,5,1,14,8,5,1,5,1,11,2,3,0,3,0,0,2,3,2,3,13,17
"6764",4,8,12,1,8,1,14,8,7,1,5,1,14,3,5,2,3,2,0,5,3,2,1,18,20
"6765",5,10,12,1,12,1,14,8,12,1,8,1,14,2,0,0,2,3,4,2,4,1,1,20,24
"6766",6,10,15,1,14,1,14,10,12,1,12,1,14,2,3,0,2,0,0,3,2,2,1,23,26
"6767",7,10,18,1,14,1,19,10,15,1,14,1,14,2,5,3,2,5,0,3,5,2,3,26,31
"6768",8,12,18,1,19,1,19,10,18,1,14,1,19,2,0,0,5,1,2,2,5,1,1,28,36
"6769",9,14,18,1,19,2,19,12,18,1,19,1,19,1,2,0,1,0,0,2,1,1,2,30,37
"6770",10,16,18,1,19,3,19,14,18,1,19,2,19,1,2,1,1,1,0,2,1,1,2,32,38
"6771",11,16,18,2,27,3,25,16,18,1,19,3,19,1,0,0,6,4,2,1,6,3,1,33,52
"6772",12,16,18,2,27,3,25,16,18,2,27,3,25,4,2,0,NA,0,0,0,0,0,0,33,52
"6773",0,0,0,0,0,0,0,0,0,0,0,0,0,0,0,0,0,0,0,0,0,0,0,0,0
"6774",1,1,7,6,1,5,1,1,1,1,1,1,1,6,4,3,4,3,0,6,4,2,2,11,4
"6775",2,4,7,6,1,5,3,1,7,6,1,5,1,3,0,0,3,2,4,3,2,1,3,14,6
"6776",3,4,7,10,1,5,6,4,7,6,1,5,3,3,4,0,3,0,0,4,3,3,3,18,9
"6777",4,4,10,10,1,5,9,4,7,10,1,5,6,3,3,2,3,2,0,3,3,2,3,21,12
"6778",5,6,10,10,1,5,13,4,10,10,1,5,9,2,0,0,2,6,4,2,4,1,3,23,16
"6779",6,12,11,10,1,5,15,6,10,10,1,5,13,2,6,0,2,0,0,6,2,1,3,30,18
"6780",7,12,11,15,1,5,19,12,11,10,1,5,15,1,5,4,1,4,0,5,4,3,3,35,22
"6781",8,12,11,16,1,5,24,12,11,15,1,5,19,1,0,0,5,6,5,1,5,3,3,36,27
"6782",9,17,17,16,1,5,29,12,11,16,1,5,24,6,5,0,5,0,0,6,5,2,3,47,32
"6783",10,17,17,19,1,5,33,17,17,16,1,5,29,4,3,3,4,3,0,3,4,3,3,50,36
"6784",11,1,17,19,3,5,33,17,17,19,1,5,33,3,0,0,5,1,4,3,1,1,1,34,38
"6785",12,1,17,19,3,5,33,1,17,19,3,5,33,5,4,0,NA,0,0,0,0,0,0,34,38
"6786",0,0,0,0,0,0,0,0,0,0,0,0,0,0,0,0,0,0,0,0,0,0,0,0,0
"6787",1,1,1,8,1,3,1,1,1,1,1,1,1,2,3,6,2,3,0,6,2,3,2,7,2
"6788",2,1,1,11,6,3,1,1,1,8,1,3,1,3,0,0,5,5,4,3,5,3,1,10,7
"6789",3,1,1,16,6,3,5,1,1,11,6,3,1,5,4,0,4,0,0,5,4,3,3,15,11
"6790",4,1,5,16,6,5,5,1,1,16,6,3,5,3,2,4,3,2,0,4,2,2,2,19,13
"6791",5,1,8,16,10,5,5,1,5,16,6,5,5,3,0,0,1,2,4,3,4,2,1,22,17
"6792",6,1,8,17,10,5,7,1,8,16,10,5,5,1,2,0,2,0,0,1,2,3,3,23,19
"6793",7,1,13,17,14,5,7,1,8,17,10,5,7,4,2,5,4,2,0,5,4,2,1,28,23
"6794",8,3,13,17,14,5,11,1,13,17,14,5,7,2,0,0,1,4,3,2,4,1,3,30,27
"6795",9,6,13,17,15,5,11,3,13,17,14,5,11,1,3,0,1,0,0,3,1,1,1,33,28
"6796",10,6,18,17,15,5,15,6,13,17,15,5,11,5,4,2,4,2,0,5,4,2,3,38,32
"6797",11,6,18,19,15,5,20,6,18,17,15,5,15,2,0,0,4,4,5,2,5,3,3,40,37
"6798",12,6,18,19,15,5,20,6,18,19,15,5,20,4,4,0,NA,0,0,0,0,0,0,40,37
"6799",0,0,0,0,0,0,0,0,0,0,0,0,0,0,0,0,0,0,0,0,0,0,0,0,0
"6800",1,7,1,4,1,5,1,1,1,1,1,1,1,4,2,6,4,2,0,6,4,1,2,9,4
"6801",2,9,1,4,1,5,11,7,1,4,1,5,1,2,0,0,1,4,6,2,6,1,3,11,14
"6802",3,9,1,8,1,6,11,9,1,4,1,5,11,1,4,0,1,0,0,4,1,3,2,15,15
"6803",4,9,1,9,1,6,14,9,1,8,1,6,11,3,1,1,3,1,0,1,3,3,3,16,18
"6804",5,10,1,9,1,9,14,9,1,9,1,6,14,1,0,0,3,1,3,1,3,1,2,17,21
"6805",6,10,1,12,1,9,15,10,1,9,1,9,14,1,3,0,1,0,0,3,1,3,3,20,22
"6806",7,10,1,17,1,13,15,10,1,12,1,9,15,2,4,5,2,4,0,5,4,3,2,25,26
"6807",8,10,1,19,12,13,15,10,1,17,1,13,15,2,0,0,4,6,3,2,6,3,1,27,37
"6808",9,14,1,19,12,13,18,10,1,19,12,13,15,4,3,0,3,0,0,4,3,1,3,31,40
"6809",10,14,3,19,12,13,29,14,1,19,12,13,18,1,6,2,1,6,0,2,6,2,3,33,51
"6810",11,14,4,19,16,13,29,14,3,19,12,13,29,1,0,0,4,5,4,1,4,2,1,34,55
"6811",12,14,4,19,16,13,29,14,4,19,16,13,29,5,4,0,NA,0,0,0,0,0,0,34,55
"6812",0,0,0,0,0,0,0,0,0,0,0,0,0,0,0,0,0,0,0,0,0,0,0,0,0
"6813",1,1,1,4,6,1,1,1,1,1,1,1,1,2,5,3,2,5,0,3,5,3,1,3,5
"6814",2,3,1,4,7,1,1,1,1,4,6,1,1,2,0,0,1,1,1,2,1,1,1,5,6
"6815",3,4,1,4,7,1,2,3,1,4,7,1,1,1,1,0,1,0,0,1,1,1,3,6,7
"6816",4,4,5,4,9,1,2,4,1,4,7,1,2,2,2,4,2,2,0,4,2,2,1,10,9
"6817",5,4,7,4,16,1,2,4,5,4,9,1,2,2,0,0,5,2,6,2,6,2,1,12,16
"6818",6,4,12,4,18,1,2,4,7,4,16,1,2,5,2,0,2,0,0,5,2,2,1,17,18
"6819",7,4,12,6,19,1,2,4,12,4,18,1,2,2,1,2,1,2,0,2,1,3,1,19,19
"6820",8,4,14,6,19,12,2,4,12,6,19,1,2,2,0,0,6,1,5,2,6,2,2,21,30
"6821",9,4,19,6,19,13,2,4,14,6,19,12,2,1,5,0,1,0,0,5,1,2,2,26,31
"6822",10,8,19,6,19,13,7,4,19,6,19,13,2,5,1,4,5,1,0,4,5,1,3,30,36
"6823",11,8,19,7,19,15,13,8,19,6,19,13,7,1,0,0,5,6,6,1,6,3,3,31,44
"6824",12,8,19,7,19,15,13,8,19,7,19,15,13,5,6,0,NA,0,0,0,0,0,0,31,44
"6825",0,0,0,0,0,0,0,0,0,0,0,0,0,0,0,0,0,0,0,0,0,0,0,0,0
"6826",1,6,1,1,1,10,1,1,1,1,1,1,1,6,5,5,6,5,0,5,6,1,2,5,9
"6827",2,11,1,1,4,10,1,6,1,1,1,10,1,5,0,0,3,1,2,5,3,1,1,10,12
"6828",3,11,2,1,4,12,1,11,1,1,4,10,1,1,2,0,2,0,0,1,2,2,2,11,14
"6829",4,18,2,1,4,15,1,11,2,1,4,12,1,6,2,3,2,3,0,6,3,1,2,18,17
"6830",5,18,2,3,5,15,7,18,2,1,4,15,1,2,0,0,2,6,6,2,6,3,3,20,24
"6831",6,22,2,9,7,15,7,18,2,3,5,15,7,2,6,0,2,0,0,6,2,3,1,30,26
"6832",7,22,2,14,7,15,12,22,2,9,7,15,7,5,2,5,2,5,0,5,5,3,3,35,31
"6833",8,22,4,14,14,15,12,22,2,14,7,15,12,2,0,0,2,6,2,2,6,2,1,37,38
"6834",9,22,4,16,14,17,12,22,4,14,14,15,12,2,2,0,2,0,0,2,2,3,2,39,40
"6835",10,22,9,16,18,17,12,22,4,16,14,17,12,4,4,5,4,4,0,5,4,2,1,44,44
"6836",11,26,9,16,21,17,12,22,9,16,18,17,12,4,0,0,2,3,1,4,3,1,1,48,47
"6837",12,26,9,16,21,17,12,26,9,16,21,17,12,2,1,0,NA,0,0,0,0,0,0,48,47
"6838",0,0,0,0,0,0,0,0,0,0,0,0,0,0,0,0,0,0,0,0,0,0,0,0,0
"6839",1,1,5,1,1,1,6,1,1,1,1,1,1,5,4,4,5,4,0,4,5,2,3,4,5
"6840",2,1,9,1,1,6,6,1,5,1,1,1,6,4,0,0,6,5,6,4,5,2,2,8,10
"6841",3,1,16,1,6,12,6,1,9,1,1,6,6,6,6,0,6,0,0,6,6,2,2,15,21
"6842",4,1,21,1,6,16,6,1,16,1,6,12,6,4,3,5,4,3,0,5,4,2,2,20,25
"6843",5,1,24,1,16,16,6,1,21,1,6,16,6,3,0,0,3,5,6,3,6,2,1,23,35
"6844",6,1,29,1,16,19,6,1,24,1,16,16,6,3,5,0,3,0,0,5,3,2,2,28,38
"6845",7,5,39,1,3,19,6,1,29,1,16,19,6,2,5,2,2,2,0,5,2,2,1,80,25
"6846",8,7,39,1,3,24,6,5,39,1,3,19,6,2,0,0,2,2,5,2,5,1,2,82,30
"6847",9,9,39,1,3,24,8,7,39,1,3,24,6,2,2,0,2,0,0,2,2,1,3,84,32
"6848",10,10,39,1,3,27,8,9,39,1,3,24,8,1,5,3,5,3,0,1,3,1,2,85,35
"6849",11,15,39,1,7,27,8,10,39,1,3,27,8,5,0,0,4,5,6,5,4,1,1,90,39
"6850",12,15,39,1,7,27,8,15,39,1,7,27,8,5,6,0,NA,0,0,0,0,0,0,90,39
"6851",0,0,0,0,0,0,0,0,0,0,0,0,0,0,0,0,0,0,0,0,0,0,0,0,0
"6852",1,1,6,1,6,1,1,1,1,1,1,1,1,5,1,5,1,5,0,5,5,2,1,5,5
"6853",2,1,7,1,10,1,1,1,6,1,6,1,1,1,0,0,1,1,4,1,4,2,1,6,9
"6854",3,2,7,1,10,1,2,1,7,1,10,1,1,1,1,0,1,0,0,1,1,1,3,7,10
"6855",4,7,7,1,10,6,2,2,7,1,10,1,2,5,2,5,2,5,0,5,5,1,2,12,15
"6856",5,7,7,3,16,7,2,7,7,1,10,6,2,2,0,0,1,6,4,2,6,3,1,14,22
"6857",6,7,11,3,16,7,3,7,7,3,16,7,2,1,4,0,1,0,0,4,1,2,3,18,23
"6858",7,7,11,8,16,7,7,7,11,3,16,7,3,3,4,5,3,4,0,5,4,3,3,23,27
"6859",8,7,14,8,20,7,7,7,11,8,16,7,7,3,0,0,2,2,4,3,4,2,1,26,31
"6860",9,7,16,8,20,7,9,7,14,8,20,7,7,2,2,0,2,0,0,2,2,2,3,28,33
"6861",10,7,16,12,20,14,9,7,16,8,20,7,9,1,6,4,1,6,0,4,6,3,2,32,40
"6862",11,7,16,13,22,14,9,7,16,12,20,14,9,1,0,0,2,3,4,1,2,3,1,33,42
"6863",12,7,16,13,22,14,9,7,16,13,22,14,9,3,4,0,NA,0,0,0,0,0,0,33,42
"6864",0,0,0,0,0,0,0,0,0,0,0,0,0,0,0,0,0,0,0,0,0,0,0,0,0
"6865",1,1,6,1,5,1,1,1,1,1,1,1,1,5,4,4,4,4,0,5,4,2,1,5,4
"6866",2,5,6,1,11,1,4,1,6,1,5,1,1,4,0,0,6,2,1,4,6,1,1,9,13
"6867",3,6,6,1,11,3,4,5,6,1,11,1,4,2,1,0,2,0,0,1,2,1,2,10,15
"6868",4,6,6,5,12,9,4,6,6,1,11,3,4,6,4,4,6,4,0,4,6,3,2,14,22
"6869",5,6,10,5,12,9,8,6,6,5,12,9,4,4,0,0,2,2,4,4,4,2,3,18,26
"6870",6,6,12,5,12,9,10,6,10,5,12,9,8,2,2,0,2,0,0,2,2,2,3,20,28
"6871",7,6,16,5,12,11,10,6,12,5,12,9,10,1,2,4,1,2,0,4,2,2,2,24,30
"6872",8,7,16,5,12,15,10,6,16,5,12,11,10,1,0,0,5,4,4,1,4,1,2,25,34
"6873",9,7,16,10,16,15,10,7,16,5,12,15,10,5,4,0,4,0,0,5,4,3,1,30,38
"6874",10,7,19,10,16,19,10,7,16,10,16,15,10,4,3,2,4,2,0,3,4,2,2,33,42
"6875",11,9,19,10,18,19,10,7,19,10,16,19,10,2,0,0,2,2,5,2,2,1,1,35,44
"6876",12,9,19,10,18,19,10,9,19,10,18,19,10,2,5,0,NA,0,0,0,0,0,0,35,44
"6877",0,0,0,0,0,0,0,0,0,0,0,0,0,0,0,0,0,0,0,0,0,0,0,0,0
"6878",1,1,2,7,8,1,1,1,1,1,1,1,1,1,6,6,1,6,0,6,6,3,1,7,7
"6879",2,1,3,7,10,1,1,1,2,7,8,1,1,1,0,0,2,1,2,1,2,2,1,8,9
"6880",3,1,4,7,12,1,1,1,3,7,10,1,1,1,2,0,2,0,0,1,2,2,1,9,11
"6881",4,1,9,7,12,5,1,1,4,7,12,1,1,4,5,4,4,4,0,5,4,2,2,14,15
"6882",5,5,9,7,14,11,1,1,9,7,12,5,1,4,0,0,6,6,5,4,6,1,2,18,23
"6883",6,5,15,12,19,11,1,5,9,7,14,11,1,6,5,0,5,0,0,6,5,2,1,29,28
"6884",7,5,19,12,21,11,1,5,15,12,19,11,1,1,4,2,1,2,0,4,2,2,1,33,30
"6885",8,6,19,12,21,14,1,5,19,12,21,11,1,1,0,0,1,3,4,1,3,1,2,34,33
"6886",9,10,19,12,22,14,1,6,19,12,21,14,1,1,4,0,1,0,0,4,1,1,1,38,34
"6887",10,16,21,18,27,14,1,10,19,12,22,14,1,6,4,5,4,5,0,6,5,1,1,52,39
"6888",11,20,21,18,27,17,1,16,21,18,27,14,1,4,0,0,6,3,5,4,3,1,2,56,42
"6889",12,20,21,18,27,17,1,20,21,18,27,17,1,6,5,0,NA,0,0,0,0,0,0,56,42
"6890",0,0,0,0,0,0,0,0,0,0,0,0,0,0,0,0,0,0,0,0,0,0,0,0,0
"6891",1,7,4,1,2,7,1,1,1,1,1,1,1,3,6,6,3,6,0,6,6,1,2,9,7
"6892",2,10,4,1,2,12,7,7,4,1,2,7,1,3,0,0,6,2,6,3,6,1,3,12,18
"6893",3,16,8,7,4,12,7,10,4,1,2,12,7,2,6,0,2,0,0,6,2,3,1,28,20
"6894",4,18,8,7,4,15,7,16,8,7,4,12,7,3,2,2,3,2,0,2,3,1,2,30,23
"6895",5,18,10,7,10,15,11,18,8,7,4,15,7,2,0,0,6,6,2,2,6,2,1,32,33
"6896",6,18,22,9,12,15,11,18,10,7,10,15,11,6,2,0,2,0,0,6,2,2,1,46,35
"6897",7,18,22,14,12,15,16,18,22,9,12,15,11,5,5,2,5,2,0,5,5,3,3,51,40
"6898",8,20,22,14,12,18,16,18,22,14,12,15,16,2,0,0,3,3,2,2,3,1,2,53,43
"6899",9,23,22,14,12,20,16,20,22,14,12,18,16,3,2,0,2,0,0,3,2,1,2,56,45
"6900",10,24,22,20,12,20,21,23,22,14,12,20,16,6,3,5,3,5,0,6,5,3,3,63,50
"6901",11,24,25,20,14,26,21,24,22,20,12,20,21,3,0,0,5,5,6,3,6,2,2,66,58
"6902",12,24,25,20,14,26,21,24,25,20,14,26,21,5,5,0,NA,0,0,0,0,0,0,66,58
"6903",0,0,0,0,0,0,0,0,0,0,0,0,0,0,0,0,0,0,0,0,0,0,0,0,0
"6904",1,1,4,1,1,2,1,1,1,1,1,1,1,3,2,1,2,1,0,3,1,2,2,3,1
"6905",2,1,4,3,1,4,1,1,4,1,1,2,1,2,0,0,2,4,2,2,2,3,2,5,3
"6906",3,1,8,3,1,6,1,1,4,3,1,4,1,4,2,0,2,0,0,4,2,2,2,9,5
"6907",4,1,13,3,1,11,1,1,8,3,1,6,1,5,5,1,5,1,0,5,5,2,2,14,10
"6908",5,2,13,3,1,11,11,1,13,3,1,11,1,1,0,0,2,3,6,1,6,1,3,15,20
"6909",6,2,13,6,1,11,13,2,13,3,1,11,11,2,3,0,2,0,0,3,2,3,3,18,22
"6910",7,2,18,6,1,15,13,2,13,6,1,11,13,5,4,1,4,1,0,5,4,2,2,23,26
"6911",8,2,19,1,3,15,24,2,18,6,1,15,13,1,0,0,5,4,6,1,6,2,3,19,39
"6912",9,2,19,10,3,19,1,2,19,1,3,15,24,5,4,0,4,0,0,5,4,3,2,28,20
"6913",10,7,19,10,3,23,1,2,19,10,3,19,1,5,2,4,2,4,0,5,4,1,2,33,24
"6914",11,7,1,12,3,26,1,7,19,10,3,23,1,2,0,0,6,6,2,2,2,2,1,17,27
"6915",12,7,1,12,3,26,1,7,1,12,3,26,1,6,6,0,NA,0,0,0,0,0,0,17,27
"6916",0,0,0,0,0,0,0,0,0,0,0,0,0,0,0,0,0,0,0,0,0,0,0,0,0
"6917",1,1,1,5,6,1,1,1,1,1,1,1,1,5,2,4,5,2,0,4,5,3,1,4,5
"6918",2,1,1,7,6,5,1,1,1,5,6,1,1,2,0,0,4,1,4,2,4,3,2,6,9
"6919",3,5,1,7,6,5,2,1,1,7,6,5,1,1,4,0,1,0,0,4,1,1,3,10,10
"6920",4,5,1,11,6,10,2,5,1,7,6,5,2,5,3,4,5,3,0,4,5,3,2,14,15
"6921",5,5,4,11,6,15,2,5,1,11,6,10,2,3,0,0,5,3,5,3,5,2,2,17,20
"6922",6,5,9,11,6,18,2,5,4,11,6,15,2,3,5,0,3,0,0,5,3,2,2,22,23
"6923",7,11,14,11,6,23,2,5,9,11,6,18,2,1,5,6,1,5,0,6,5,1,2,33,28
"6924",8,11,14,12,6,28,2,11,14,11,6,23,2,1,0,0,5,4,1,1,5,3,2,34,33
"6925",9,15,14,12,6,28,3,11,14,12,6,28,2,4,1,0,1,0,0,4,1,1,3,38,34
"6926",10,17,14,12,9,28,3,15,14,12,6,28,3,3,3,2,3,3,0,2,3,1,1,40,37
"6927",11,17,17,12,10,28,9,17,14,12,9,28,3,3,0,0,5,6,3,3,6,2,3,43,44
"6928",12,17,17,12,10,28,9,17,17,12,10,28,9,5,3,0,NA,0,0,0,0,0,0,43,44
"6929",0,0,0,0,0,0,0,0,0,0,0,0,0,0,0,0,0,0,0,0,0,0,0,0,0
"6930",1,1,1,6,3,1,7,1,1,1,1,1,1,5,3,6,3,6,0,5,6,3,3,5,8
"6931",2,1,4,6,9,3,7,1,1,6,3,1,7,3,0,0,6,2,6,3,6,2,1,8,16
"6932",3,11,4,6,9,3,9,1,4,6,9,3,7,2,6,0,2,0,0,6,2,1,3,18,18
"6933",4,16,4,6,11,3,9,11,4,6,9,3,9,2,2,5,2,2,0,5,2,1,1,23,20
"6934",5,16,4,8,11,5,9,16,4,6,11,3,9,2,0,0,1,1,2,2,2,3,2,25,22
"6935",6,17,4,8,11,6,9,16,4,8,11,5,9,1,1,0,1,0,0,1,1,1,2,26,23
"6936",7,17,10,12,15,6,9,17,4,8,11,6,9,2,6,4,2,4,0,6,4,2,1,36,27
"6937",8,19,10,12,15,6,14,17,10,12,15,6,9,2,0,0,1,6,5,2,5,1,3,38,32
"6938",9,19,13,18,15,6,15,19,10,12,15,6,14,1,6,0,1,0,0,6,1,3,3,47,33
"6939",10,19,19,20,16,6,15,19,13,18,15,6,15,6,1,6,1,6,0,6,1,2,1,55,34
"6940",11,19,20,1,21,8,15,19,19,20,16,6,15,6,0,0,2,4,6,6,2,3,2,37,41
"6941",12,19,20,1,21,8,15,19,20,1,21,8,15,4,6,0,NA,0,0,0,0,0,0,37,41
"6942",0,0,0,0,0,0,0,0,0,0,0,0,0,0,0,0,0,0,0,0,0,0,0,0,0
"6943",1,7,2,1,7,4,1,1,1,1,1,1,1,3,6,6,3,6,0,6,6,1,1,7,9
"6944",2,7,5,1,9,4,1,7,2,1,7,4,1,3,0,0,2,2,1,3,2,2,1,10,11
"6945",3,7,7,1,9,4,2,7,5,1,9,4,1,2,1,0,1,0,0,2,1,2,3,12,12
"6946",4,7,13,5,9,7,2,7,7,1,9,4,2,6,3,1,3,1,0,6,3,2,2,22,15
"6947",5,7,14,5,12,7,2,7,13,5,9,7,2,1,0,0,3,3,2,1,3,2,1,23,18
"6948",6,7,14,8,12,7,4,7,14,5,12,7,2,3,2,0,2,0,0,3,2,3,3,26,20
"6949",7,7,19,8,13,7,4,7,14,8,12,7,4,5,1,1,1,1,0,5,1,2,1,31,21
"6950",8,8,19,8,13,11,4,7,19,8,13,7,4,1,0,0,4,4,1,1,4,1,2,32,25
"6951",9,8,19,12,13,12,4,8,19,8,13,11,4,4,1,0,1,0,0,4,1,3,2,36,26
"6952",10,19,19,12,13,14,4,8,19,12,13,12,4,6,4,2,4,2,0,6,2,1,2,47,28
"6953",11,1,19,12,23,14,5,19,19,12,13,14,4,4,0,0,1,5,4,4,1,1,3,29,39
"6954",12,1,19,12,23,14,5,1,19,12,23,14,5,5,4,0,NA,0,0,0,0,0,0,29,39
"6955",0,0,0,0,0,0,0,0,0,0,0,0,0,0,0,0,0,0,0,0,0,0,0,0,0
"6956",1,6,1,7,6,1,1,1,1,1,1,1,1,5,3,6,5,3,0,6,5,3,1,11,5
"6957",2,6,4,7,6,1,4,6,1,7,6,1,1,3,0,0,4,3,3,3,3,2,3,14,8
"6958",3,6,8,7,9,1,4,6,4,7,6,1,4,4,3,0,3,0,0,4,3,2,1,18,11
"6959",4,6,12,7,12,1,4,6,8,7,9,1,4,1,4,3,1,3,0,4,3,2,1,22,14
"6960",5,6,13,7,23,1,4,6,12,7,12,1,4,1,0,0,6,3,4,1,6,2,1,23,25
"6961",6,6,13,11,23,1,7,6,13,7,23,1,4,3,4,0,3,0,0,4,3,3,3,27,28
"6962",7,6,13,16,23,1,11,6,13,11,23,1,7,4,5,3,4,3,0,5,4,3,3,32,32
"6963",8,6,13,19,27,7,17,6,13,16,23,1,11,3,0,0,4,6,5,3,6,3,3,35,48
"6964",9,6,13,23,32,7,17,6,13,19,27,7,17,4,5,0,5,0,0,4,5,3,1,39,53
"6965",10,11,13,23,36,7,17,6,13,23,32,7,17,5,2,4,2,4,0,5,4,1,1,44,57
"6966",11,11,14,25,36,5,17,11,13,23,36,7,17,2,0,0,4,3,4,2,4,3,2,47,55
"6967",12,11,14,25,36,5,17,11,14,25,36,5,17,3,4,0,NA,0,0,0,0,0,0,47,55
"6968",0,0,0,0,0,0,0,0,0,0,0,0,0,0,0,0,0,0,0,0,0,0,0,0,0
"6969",1,1,4,1,1,1,3,1,1,1,1,1,1,1,3,2,1,2,0,3,2,2,3,3,2
"6970",2,2,4,1,1,1,10,1,4,1,1,1,3,1,0,0,6,4,5,1,6,1,3,4,9
"6971",3,2,4,5,6,1,10,2,4,1,1,1,10,4,5,0,5,0,0,4,5,3,1,8,14
"6972",4,2,11,5,17,7,10,2,4,5,6,1,10,6,2,6,2,6,0,6,6,2,2,15,31
"6973",5,2,11,7,17,7,15,2,11,5,17,7,10,2,0,0,1,5,5,2,5,3,3,17,36
"6974",6,2,16,7,17,8,15,2,11,7,17,7,15,1,5,0,1,0,0,5,1,2,2,22,37
"6975",7,2,16,11,17,11,15,2,16,7,17,8,15,4,3,4,3,4,0,4,3,3,2,26,40
"6976",8,2,16,15,17,16,15,2,16,11,17,11,15,4,0,0,1,5,3,4,5,3,2,30,45
"6977",9,2,17,15,17,19,15,2,16,15,17,16,15,1,3,0,3,0,0,1,3,2,2,31,48
"6978",10,2,20,15,17,24,15,2,17,15,17,19,15,5,3,5,5,5,0,3,5,2,2,34,53
"6979",11,2,25,15,21,24,15,2,20,15,17,24,15,5,0,0,4,2,2,5,4,2,1,39,57
"6980",12,2,25,15,21,24,15,2,25,15,21,24,15,2,2,0,NA,0,0,0,0,0,0,39,57
"6981",0,0,0,0,0,0,0,0,0,0,0,0,0,0,0,0,0,0,0,0,0,0,0,0,0
"6982",1,1,6,1,4,1,1,1,1,1,1,1,1,3,3,5,3,3,0,5,3,2,1,5,3
"6983",2,1,6,4,4,1,6,1,6,1,4,1,1,3,0,0,3,4,5,3,5,3,3,8,8
"6984",3,5,6,4,7,1,6,1,6,4,4,1,6,3,4,0,3,0,0,4,3,1,1,12,11
"6985",4,5,6,5,7,1,9,5,6,4,7,1,6,1,3,1,3,1,0,1,3,3,3,13,14
"6986",5,5,6,6,7,6,9,5,6,5,7,1,9,1,0,0,3,3,5,1,5,3,2,14,19
"6987",6,5,9,6,7,9,9,5,6,6,7,6,9,3,3,0,3,0,0,3,3,2,2,17,22
"6988",7,5,9,8,7,12,9,5,9,6,7,9,9,2,3,1,3,1,0,2,3,3,2,19,25
"6989",8,6,9,8,7,12,14,5,9,8,7,12,9,1,0,0,4,2,5,1,5,1,3,20,30
"6990",9,6,13,8,9,12,14,6,9,8,7,12,14,4,2,0,2,0,0,4,2,2,1,24,32
"6991",10,6,13,10,14,12,14,6,13,8,9,12,14,2,3,5,3,5,0,2,5,3,1,26,37
"6992",11,9,13,10,19,12,14,6,13,10,14,12,14,3,0,0,5,2,1,3,5,1,1,29,42
"6993",12,9,13,10,19,12,14,9,13,10,19,12,14,2,1,0,NA,0,0,0,0,0,0,29,42
"6994",0,0,0,0,0,0,0,0,0,0,0,0,0,0,0,0,0,0,0,0,0,0,0,0,0
"6995",1,5,1,7,1,1,8,1,1,1,1,1,1,6,5,6,5,6,0,6,6,3,3,10,7
"6996",2,5,6,7,1,1,11,5,1,7,1,1,8,5,0,0,3,4,6,5,3,2,3,15,10
"6997",3,12,6,7,1,1,15,5,6,7,1,1,11,4,6,0,4,0,0,6,4,1,3,22,14
"6998",4,15,12,7,1,1,20,12,6,7,1,1,15,1,5,6,1,5,0,6,5,2,3,31,19
"6999",5,15,13,7,1,1,24,15,12,7,1,1,20,1,0,0,1,1,4,1,4,2,3,32,23
"7000",6,15,14,7,2,1,24,15,13,7,1,1,24,1,1,0,1,0,0,1,1,2,1,33,24
"7001",7,15,14,12,2,1,25,15,14,7,2,1,24,1,3,5,1,3,0,5,1,3,3,38,25
"7002",8,18,14,12,2,1,27,15,14,12,2,1,25,3,0,0,4,1,2,3,2,1,3,41,27
"7003",9,18,14,16,2,1,28,18,14,12,2,1,27,4,1,0,1,0,0,4,1,3,3,45,28
"7004",10,18,1,19,3,1,32,18,14,16,2,1,28,3,4,5,4,5,0,3,4,3,3,35,33
"7005",11,18,6,19,3,3,32,18,1,19,3,1,32,5,0,0,3,2,6,5,2,2,2,40,35
"7006",12,18,6,19,3,3,32,18,6,19,3,3,32,3,6,0,NA,0,0,0,0,0,0,40,35
"7007",0,0,0,0,0,0,0,0,0,0,0,0,0,0,0,0,0,0,0,0,0,0,0,0,0
"7008",1,2,1,1,1,1,5,1,1,1,1,1,1,2,4,1,2,4,0,1,4,1,3,1,4
"7009",2,2,3,1,7,1,6,2,1,1,1,1,5,2,0,0,5,3,6,2,6,2,1,3,11
"7010",3,7,3,1,7,4,6,2,3,1,7,1,6,5,3,0,3,0,0,5,3,1,2,8,14
"7011",4,9,3,1,7,9,6,7,3,1,7,4,6,5,3,2,5,3,0,2,5,1,2,10,19
"7012",5,12,3,1,15,9,12,9,3,1,7,9,6,3,0,0,1,2,6,3,6,1,3,13,33
"7013",6,12,3,2,15,11,12,12,3,1,15,9,12,1,2,0,2,0,0,1,2,3,2,14,35
"7014",7,23,3,2,15,16,12,12,3,2,15,11,12,6,4,5,4,5,0,6,5,1,2,25,40
"7015",8,27,3,2,18,16,12,23,3,2,15,16,12,4,0,0,3,5,2,4,3,1,1,29,43
"7016",9,1,3,2,18,19,14,27,3,2,18,16,12,5,2,0,2,0,0,5,2,1,3,3,48
"7017",10,6,3,2,18,19,18,1,3,2,18,19,14,5,4,6,4,6,0,5,4,1,3,8,52
"7018",11,13,3,2,22,19,18,6,3,2,18,19,18,6,0,0,4,6,5,6,4,1,1,15,56
"7019",12,13,3,2,22,19,18,13,3,2,22,19,18,6,5,0,NA,0,0,0,0,0,0,15,56
"7020",0,0,0,0,0,0,0,0,0,0,0,0,0,0,0,0,0,0,0,0,0,0,0,0,0
"7021",1,1,1,3,2,7,1,1,1,1,1,1,1,1,6,2,1,6,0,2,6,3,2,2,7
"7022",2,2,1,3,12,7,1,1,1,3,2,7,1,1,0,0,4,1,6,1,6,1,1,3,17
"7023",3,3,1,3,12,11,1,2,1,3,12,7,1,4,1,0,4,0,0,1,4,1,2,4,21
"7024",4,7,1,3,12,11,6,3,1,3,12,11,1,3,5,4,3,5,0,4,5,1,3,8,26
"7025",5,7,1,6,13,17,6,7,1,3,12,11,6,3,0,0,6,4,2,3,6,3,2,11,33
"7026",6,11,1,6,15,17,6,7,1,6,13,17,6,4,2,0,2,0,0,4,2,1,1,15,35
"7027",7,11,1,10,15,18,6,11,1,6,15,17,6,1,2,4,1,2,0,4,1,3,2,19,36
"7028",8,11,1,12,15,23,18,11,1,10,15,18,6,2,0,0,4,5,6,2,6,3,3,21,53
"7029",9,11,5,14,20,1,18,11,1,12,15,23,18,4,5,0,5,0,0,4,5,2,1,27,36
"7030",10,14,5,14,20,6,18,11,5,14,20,1,18,2,5,3,2,5,0,3,5,1,2,30,41
"7031",11,14,5,16,22,6,18,14,5,14,20,6,18,2,0,0,2,3,1,2,2,3,1,32,43
"7032",12,14,5,16,22,6,18,14,5,16,22,6,18,3,1,0,NA,0,0,0,0,0,0,32,43
"7033",0,0,0,0,0,0,0,0,0,0,0,0,0,0,0,0,0,0,0,0,0,0,0,0,0
"7034",1,5,1,1,1,3,1,1,1,1,1,1,1,2,4,1,2,1,0,4,2,1,2,4,2
"7035",2,6,1,1,6,3,7,5,1,1,1,3,1,1,0,0,1,6,2,1,6,1,3,5,13
"7036",3,6,1,3,6,3,8,6,1,1,6,3,7,1,2,0,1,0,0,2,1,3,3,7,14
"7037",4,6,6,3,6,3,12,6,1,3,6,3,8,4,1,5,4,1,0,5,4,2,3,12,18
"7038",5,6,7,3,11,3,12,6,6,3,6,3,12,1,0,0,4,1,5,1,5,2,1,13,23
"7039",6,6,11,3,12,3,12,6,7,3,11,3,12,4,1,0,1,0,0,4,1,2,1,17,24
"7040",7,6,14,3,17,3,12,6,11,3,12,3,12,5,3,4,5,4,0,3,5,2,1,20,29
"7041",8,6,18,3,17,8,12,6,14,3,17,3,12,4,0,0,5,3,5,4,5,2,2,24,34
"7042",9,6,21,3,17,13,12,6,18,3,17,8,12,3,5,0,5,0,0,3,5,2,2,27,39
"7043",10,6,22,3,18,13,12,6,21,3,17,13,12,1,1,2,1,2,0,1,1,2,1,28,40
"7044",11,6,24,3,18,19,18,6,22,3,18,13,12,2,0,0,5,6,2,2,6,2,2,30,52
"7045",12,6,24,3,18,19,18,6,24,3,18,19,18,5,2,0,NA,0,0,0,0,0,0,30,52
"7046",0,0,0,0,0,0,0,0,0,0,0,0,0,0,0,0,0,0,0,0,0,0,0,0,0
"7047",1,1,2,1,1,6,1,1,1,1,1,1,1,3,1,5,3,5,0,1,5,2,2,1,5
"7048",2,1,5,1,7,6,3,1,2,1,1,6,1,3,0,0,4,6,2,3,6,2,1,4,13
"7049",3,1,9,1,7,6,5,1,5,1,7,6,3,4,2,0,2,0,0,4,2,2,3,8,15
"7050",4,1,9,6,12,6,5,1,9,1,7,6,5,5,3,5,3,5,0,5,5,3,1,13,20
"7051",5,1,12,6,12,11,11,1,9,6,12,6,5,3,0,0,6,4,4,3,6,2,3,16,31
"7052",6,1,16,6,12,15,11,1,12,6,12,11,11,4,4,0,4,0,0,4,4,2,2,20,35
"7053",7,1,20,6,12,18,17,1,16,6,12,15,11,2,4,6,2,6,0,4,6,2,3,24,44
"7054",8,1,22,6,16,18,17,1,20,6,12,18,17,2,0,0,1,1,4,2,4,2,1,26,48
"7055",9,2,22,6,16,18,18,1,22,6,16,18,17,1,1,0,1,0,0,1,1,1,3,27,49
"7056",10,2,27,6,18,18,18,2,22,6,16,18,18,4,2,5,4,2,0,5,2,2,1,32,51
"7057",11,1,31,6,20,18,21,2,27,6,18,18,18,4,0,0,2,4,5,4,2,2,1,35,56
"7058",12,1,31,6,20,18,21,1,31,6,20,18,21,4,5,0,NA,0,0,0,0,0,0,35,56
"7059",0,0,0,0,0,0,0,0,0,0,0,0,0,0,0,0,0,0,0,0,0,0,0,0,0
"7060",1,4,1,1,1,1,5,1,1,1,1,1,1,3,4,3,4,3,0,3,4,1,3,3,4
"7061",2,7,1,1,7,6,5,4,1,1,1,1,5,3,0,0,1,6,5,3,6,1,1,6,15
"7062",3,7,1,2,12,6,5,7,1,1,7,6,5,1,5,0,5,0,0,1,5,3,1,7,20
"7063",4,7,4,2,12,10,5,7,1,2,12,6,5,4,3,4,4,4,0,3,4,2,2,10,24
"7064",5,7,8,2,14,10,5,7,4,2,12,10,5,4,0,0,1,2,1,4,2,2,1,14,26
"7065",6,7,9,2,15,10,5,7,8,2,14,10,5,1,1,0,1,0,0,1,1,2,1,15,27
"7066",7,9,9,2,15,16,8,7,9,2,15,10,5,2,6,1,6,1,0,2,6,1,2,17,36
"7067",8,10,9,2,15,16,11,9,9,2,15,16,8,1,0,0,2,3,3,1,3,1,3,18,39
"7068",9,12,9,2,15,16,14,10,9,2,15,16,11,2,3,0,3,0,0,2,3,1,3,20,42
"7069",10,12,9,4,15,16,16,12,9,2,15,16,14,2,2,6,2,6,0,2,2,3,3,22,44
"7070",11,20,9,4,16,16,16,12,9,4,15,16,16,6,0,0,1,1,2,6,1,1,1,30,45
"7071",12,20,9,4,16,16,16,20,9,4,16,16,16,1,2,0,NA,0,0,0,0,0,0,30,45
"7072",0,0,0,0,0,0,0,0,0,0,0,0,0,0,0,0,0,0,0,0,0,0,0,0,0
"7073",1,5,1,1,1,1,6,1,1,1,1,1,1,4,5,1,5,1,0,4,5,1,3,4,5
"7074",2,5,1,2,1,11,6,5,1,1,1,1,6,1,0,0,3,2,6,1,6,3,2,5,15
"7075",3,8,1,2,3,11,6,5,1,2,1,11,6,3,2,0,2,0,0,3,2,1,1,8,17
"7076",4,8,1,4,8,11,6,8,1,2,3,11,6,2,1,5,1,5,0,2,5,3,1,10,22
"7077",5,8,1,5,8,17,10,8,1,4,8,11,6,1,0,0,6,1,3,1,6,3,2,11,32
"7078",6,9,1,5,8,20,10,8,1,5,8,17,10,1,3,0,3,0,0,1,3,1,2,12,35
"7079",7,12,1,5,8,20,11,9,1,5,8,20,10,3,1,2,1,2,0,3,1,1,3,15,36
"7080",8,14,1,5,8,21,11,12,1,5,8,20,11,2,0,0,3,4,1,2,1,1,2,17,37
"7081",9,17,1,5,12,21,11,14,1,5,8,21,11,3,4,0,4,0,0,3,4,1,1,20,41
"7082",10,17,6,5,12,1,15,17,1,5,12,21,11,2,4,3,4,3,0,2,4,2,3,25,25
"7083",11,17,9,5,17,1,15,17,6,5,12,1,15,3,0,0,5,5,5,3,5,2,1,28,30
"7084",12,17,9,5,17,1,15,17,9,5,17,1,15,5,5,0,NA,0,0,0,0,0,0,28,30
"7085",0,0,0,0,0,0,0,0,0,0,0,0,0,0,0,0,0,0,0,0,0,0,0,0,0
"7086",1,1,4,1,1,12,1,1,1,1,1,1,1,5,6,3,5,6,0,3,6,2,2,3,11
"7087",2,6,4,1,1,12,6,1,4,1,1,12,1,5,0,0,5,5,3,5,5,1,3,8,16
"7088",3,6,9,1,1,15,6,6,4,1,1,12,6,5,3,0,3,0,0,5,3,2,2,13,19
"7089",4,7,9,1,1,16,6,6,9,1,1,15,6,1,2,1,2,1,0,1,1,1,2,14,20
"7090",5,7,9,3,1,16,11,7,9,1,1,16,6,2,0,0,5,5,4,2,5,3,3,16,25
"7091",6,12,9,3,1,20,11,7,9,3,1,16,11,5,4,0,4,0,0,5,4,1,2,21,29
"7092",7,18,9,1,1,24,11,12,9,3,1,20,11,2,6,3,2,3,0,6,3,1,2,25,33
"7093",8,18,9,3,1,29,11,18,9,1,1,24,11,2,0,0,5,4,3,2,5,3,2,27,38
"7094",9,18,9,6,1,33,11,18,9,3,1,29,11,4,3,0,4,0,0,3,4,3,2,30,42
"7095",10,18,19,6,1,1,12,18,9,6,1,33,11,3,6,1,3,1,0,6,1,2,3,40,11
"7096",11,18,19,9,1,1,15,18,19,6,1,1,12,3,0,0,6,5,3,3,3,3,3,43,14
"7097",12,18,19,9,1,1,15,18,19,9,1,1,15,6,5,0,NA,0,0,0,0,0,0,43,14
"7098",0,0,0,0,0,0,0,0,0,0,0,0,0,0,0,0,0,0,0,0,0,0,0,0,0
"7099",1,3,7,1,4,1,1,1,1,1,1,1,1,6,2,3,2,3,0,6,3,2,1,8,3
"7100",2,3,7,3,4,1,5,3,7,1,4,1,1,2,0,0,1,4,4,2,4,3,3,10,7
"7101",3,3,11,3,5,1,5,3,7,3,4,1,5,1,4,0,1,0,0,4,1,2,1,14,8
"7102",4,6,11,3,9,1,11,3,11,3,5,1,5,3,5,6,5,6,0,3,6,1,3,17,18
"7103",5,11,11,3,11,7,17,6,11,3,9,1,11,5,0,0,1,6,3,5,6,1,3,22,32
"7104",6,14,11,3,11,7,18,11,11,3,11,7,17,1,3,0,1,0,0,3,1,1,3,25,33
"7105",7,14,15,3,11,11,18,14,11,3,11,7,18,4,4,3,4,3,0,4,4,2,2,29,37
"7106",8,17,15,3,15,11,18,14,15,3,11,11,18,3,0,0,2,4,2,3,4,1,1,32,41
"7107",9,17,15,5,17,11,18,17,15,3,15,11,18,2,2,0,2,0,0,2,2,3,1,34,43
"7108",10,17,20,5,17,11,21,17,15,5,17,11,18,5,2,3,2,3,0,5,3,2,3,39,46
"7109",11,17,20,7,22,11,21,17,20,5,17,11,21,2,0,0,5,1,3,2,5,3,1,41,51
"7110",12,17,20,7,22,11,21,17,20,7,22,11,21,1,3,0,NA,0,0,0,0,0,0,41,51
"7111",0,0,0,0,0,0,0,0,0,0,0,0,0,0,0,0,0,0,0,0,0,0,0,0,0
"7112",1,4,1,1,1,2,1,1,1,1,1,1,1,1,1,3,1,1,0,3,1,1,2,3,1
"7113",2,5,1,1,1,2,4,4,1,1,1,2,1,1,0,0,2,3,3,1,3,1,3,4,4
"7114",3,5,3,1,4,2,4,5,1,1,1,2,4,2,3,0,3,0,0,2,3,2,1,6,7
"7115",4,12,3,1,4,6,4,5,3,1,4,2,4,1,4,6,1,4,0,6,4,1,2,13,11
"7116",5,12,4,1,4,8,4,12,3,1,4,6,4,1,0,0,2,3,2,1,2,2,2,14,13
"7117",6,12,4,3,4,8,7,12,4,1,4,8,4,3,2,0,3,0,0,2,3,3,3,16,16
"7118",7,12,5,9,4,8,10,12,4,3,4,8,7,3,6,1,3,1,0,6,3,3,3,23,19
"7119",8,12,5,10,4,16,10,12,5,9,4,8,10,1,0,0,5,6,3,1,6,3,2,24,27
"7120",9,12,10,10,4,16,13,12,5,10,4,16,10,5,3,0,3,0,0,5,3,2,3,29,30
"7121",10,12,10,14,7,16,13,12,10,10,4,16,13,4,2,3,2,3,0,4,3,3,1,33,33
"7122",11,12,12,14,13,19,13,12,10,14,7,16,13,2,0,0,1,6,5,2,6,2,1,35,42
"7123",12,12,12,14,13,19,13,12,12,14,13,19,13,1,5,0,NA,0,0,0,0,0,0,35,42
"7124",0,0,0,0,0,0,0,0,0,0,0,0,0,0,0,0,0,0,0,0,0,0,0,0,0
"7125",1,1,3,1,1,1,6,1,1,1,1,1,1,5,2,1,5,1,0,2,5,2,3,2,5
"7126",2,1,3,2,6,1,6,1,3,1,1,1,6,1,0,0,5,3,1,1,5,3,1,3,10
"7127",3,1,3,5,7,1,6,1,3,2,6,1,6,3,1,0,1,0,0,3,1,3,1,6,11
"7128",4,1,6,5,7,3,6,1,3,5,7,1,6,1,2,3,1,2,0,3,2,2,2,9,13
"7129",5,1,7,5,7,3,13,1,6,5,7,3,6,1,0,0,4,1,6,1,6,2,3,10,20
"7130",6,1,7,9,7,3,14,1,7,5,7,3,13,4,1,0,1,0,0,4,1,3,3,14,21
"7131",7,5,7,9,7,5,14,1,7,9,7,3,14,1,4,2,1,2,0,4,2,1,2,18,23
"7132",8,5,7,10,12,5,14,5,7,9,7,5,14,1,0,0,4,5,4,1,5,3,1,19,28
"7133",9,9,7,10,16,5,14,5,7,10,12,5,14,4,4,0,4,0,0,4,4,1,1,23,32
"7134",10,9,7,12,19,5,14,9,7,10,16,5,14,1,3,2,1,3,0,2,3,3,1,25,35
"7135",11,10,7,12,22,11,14,9,7,12,19,5,14,1,0,0,6,5,6,1,6,1,2,26,44
"7136",12,10,7,12,22,11,14,10,7,12,22,11,14,5,6,0,NA,0,0,0,0,0,0,26,44
"7137",0,0,0,0,0,0,0,0,0,0,0,0,0,0,0,0,0,0,0,0,0,0,0,0,0
"7138",1,7,5,1,1,5,1,1,1,1,1,1,1,6,2,4,2,4,0,6,4,1,2,10,4
"7139",2,9,5,1,1,5,5,7,5,1,1,5,1,2,0,0,4,1,6,2,4,1,3,12,8
"7140",3,14,5,7,1,5,6,9,5,1,1,5,5,1,6,0,1,0,0,6,1,3,3,23,9
"7141",4,14,5,8,1,6,6,14,5,7,1,5,6,1,1,1,1,1,0,1,1,3,2,24,10
"7142",5,15,5,8,1,11,6,14,5,8,1,6,6,1,0,0,6,5,4,1,5,1,2,25,15
"7143",6,15,5,16,1,11,10,15,5,8,1,11,6,6,4,0,4,0,0,6,4,3,3,33,19
"7144",7,15,8,16,1,14,10,15,5,16,1,11,10,3,3,3,3,3,0,3,3,2,2,36,22
"7145",8,15,11,16,1,14,12,15,8,16,1,14,10,3,0,0,5,2,1,3,2,2,3,39,24
"7146",9,16,11,16,1,19,12,15,11,16,1,14,12,5,1,0,5,0,0,1,5,1,2,40,29
"7147",10,19,11,16,1,19,15,16,11,16,1,19,12,3,1,3,1,3,0,3,3,1,3,43,32
"7148",11,19,12,16,1,23,15,19,11,16,1,19,15,1,0,0,4,6,4,1,4,2,2,44,36
"7149",12,19,12,16,1,23,15,19,12,16,1,23,15,6,4,0,NA,0,0,0,0,0,0,44,36
"7150",0,0,0,0,0,0,0,0,0,0,0,0,0,0,0,0,0,0,0,0,0,0,0,0,0
"7151",1,1,7,2,4,1,1,1,1,1,1,1,1,3,3,6,3,3,0,6,3,2,1,7,3
"7152",2,1,7,5,14,1,1,1,7,2,4,1,1,3,0,0,6,3,4,3,6,3,1,10,13
"7153",3,5,7,5,14,1,4,1,7,5,14,1,1,3,4,0,3,0,0,4,3,1,3,14,16
"7154",4,5,7,10,14,1,6,5,7,5,14,1,4,2,1,5,2,1,0,5,2,3,3,19,18
"7155",5,6,7,10,19,1,6,5,7,10,14,1,6,1,0,0,5,4,6,1,5,1,1,20,23
"7156",6,10,7,16,19,1,10,6,7,10,19,1,6,4,6,0,4,0,0,6,4,3,3,30,27
"7157",7,10,12,16,23,1,10,10,7,16,19,1,10,5,4,4,4,4,0,5,4,2,1,35,31
"7158",8,10,12,1,27,2,10,10,12,16,23,1,10,4,0,0,1,1,1,4,1,3,2,20,36
"7159",9,11,12,1,27,2,11,10,12,1,27,2,10,1,1,0,1,0,0,1,1,1,3,21,37
"7160",10,11,12,5,27,6,11,11,12,1,27,2,11,2,4,4,2,4,0,4,4,3,2,25,41
"7161",11,1,12,7,29,8,11,11,12,5,27,6,11,2,0,0,2,5,5,2,2,3,1,17,45
"7162",12,1,12,7,29,8,11,1,12,7,29,8,11,5,5,0,NA,0,0,0,0,0,0,17,45
"7163",0,0,0,0,0,0,0,0,0,0,0,0,0,0,0,0,0,0,0,0,0,0,0,0,0
"7164",1,5,1,1,1,6,1,1,1,1,1,1,1,4,5,2,5,2,0,4,5,1,2,4,5
"7165",2,7,1,1,6,6,7,5,1,1,1,6,1,2,0,0,4,1,6,2,6,1,3,6,16
"7166",3,11,1,1,7,6,7,7,1,1,6,6,7,4,1,0,1,0,0,4,1,1,1,10,17
"7167",4,11,1,13,7,8,7,11,1,1,7,6,7,1,2,6,1,2,0,6,2,3,2,22,19
"7168",5,12,1,13,12,8,7,11,1,13,7,8,7,1,0,0,3,2,5,1,5,1,1,23,24
"7169",6,12,4,13,14,8,7,12,1,13,12,8,7,3,2,0,2,0,0,3,2,2,1,26,26
"7170",7,13,4,19,14,8,9,12,4,13,14,8,7,2,6,2,2,2,0,6,2,3,3,33,28
"7171",8,15,4,19,14,13,9,13,4,19,14,8,9,2,0,0,4,3,5,2,5,1,2,35,33
"7172",9,15,8,19,14,13,12,15,4,19,14,13,9,4,3,0,3,0,0,4,3,2,3,39,36
"7173",10,27,8,23,14,17,12,15,8,19,14,13,12,4,3,6,4,3,0,6,4,1,2,55,40
"7174",11,27,11,23,14,22,12,27,8,23,14,17,12,3,0,0,5,1,3,3,5,2,2,58,45
"7175",12,27,11,23,14,22,12,27,11,23,14,22,12,1,3,0,NA,0,0,0,0,0,0,58,45
"7176",0,0,0,0,0,0,0,0,0,0,0,0,0,0,0,0,0,0,0,0,0,0,0,0,0
"7177",1,2,1,7,6,1,1,1,1,1,1,1,1,5,6,3,5,3,0,6,5,3,1,7,5
"7178",2,2,1,10,12,1,6,2,1,7,6,1,1,3,0,0,6,3,6,3,6,3,1,10,16
"7179",3,8,7,10,15,1,6,2,1,10,12,1,6,3,6,0,3,0,0,6,3,2,1,22,19
"7180",4,9,13,16,19,1,6,8,7,10,15,1,6,6,4,3,4,3,0,6,4,2,1,35,23
"7181",5,12,1,16,31,1,10,9,13,16,19,1,6,3,0,0,6,6,3,3,6,1,1,26,39
"7182",6,12,3,1,33,4,10,12,1,16,31,1,10,6,3,0,3,0,0,6,3,3,2,13,44
"7183",7,20,3,1,1,8,10,12,3,1,33,4,10,3,4,2,4,2,0,3,4,1,2,21,16
"7184",8,20,3,3,1,13,10,20,3,1,1,8,10,2,0,0,6,5,3,2,5,3,2,23,21
"7185",9,20,8,9,4,13,10,20,3,3,1,13,10,6,3,0,3,0,0,6,3,3,1,34,24
"7186",10,20,8,14,4,18,10,20,8,9,4,13,10,5,3,5,3,5,0,5,5,3,2,39,29
"7187",11,20,11,14,4,21,10,20,8,14,4,18,10,3,0,0,4,3,6,3,3,2,2,42,32
"7188",12,20,11,14,4,21,10,20,11,14,4,21,10,4,6,0,NA,0,0,0,0,0,0,42,32
"7189",0,0,0,0,0,0,0,0,0,0,0,0,0,0,0,0,0,0,0,0,0,0,0,0,0
"7190",1,1,1,5,2,1,1,1,1,1,1,1,1,2,4,1,2,1,0,4,1,3,1,4,1
"7191",2,3,1,5,2,1,4,1,1,5,2,1,1,2,0,0,3,3,2,2,3,1,3,6,4
"7192",3,3,1,8,4,1,4,3,1,5,2,1,4,3,2,0,2,0,0,3,2,3,1,9,6
"7193",4,3,1,9,4,4,4,3,1,8,4,1,4,3,2,1,3,2,0,1,3,3,2,10,9
"7194",5,3,1,11,4,9,4,3,1,9,4,4,4,2,0,0,5,4,1,2,5,3,2,12,14
"7195",6,7,1,11,5,9,4,3,1,11,4,9,4,4,1,0,1,0,0,4,1,1,1,16,15
"7196",7,13,1,12,5,11,4,7,1,11,5,9,4,2,2,6,2,2,0,6,2,1,2,23,17
"7197",8,15,1,12,9,11,4,13,1,12,5,11,4,2,0,0,4,3,2,2,4,1,1,25,21
"7198",9,18,1,12,11,11,4,15,1,12,9,11,4,3,2,0,2,0,0,3,2,1,1,28,23
"7199",10,18,6,12,15,11,4,18,1,12,11,11,4,4,3,5,4,3,0,5,4,2,1,33,27
"7200",11,18,9,12,20,11,4,18,6,12,15,11,4,3,0,0,5,3,5,3,5,2,1,36,32
"7201",12,18,9,12,20,11,4,18,9,12,20,11,4,3,5,0,NA,0,0,0,0,0,0,36,32
"7202",0,0,0,0,0,0,0,0,0,0,0,0,0,0,0,0,0,0,0,0,0,0,0,0,0
"7203",1,3,1,1,1,1,3,1,1,1,1,1,1,2,2,2,2,2,0,2,2,1,3,2,2
"7204",2,5,1,1,6,1,3,3,1,1,1,1,3,2,0,0,2,1,5,2,5,1,1,4,7
"7205",3,5,1,2,8,1,3,5,1,1,6,1,3,2,1,0,2,0,0,1,2,3,1,5,9
"7206",4,5,5,2,10,1,3,5,1,2,8,1,3,2,3,4,2,3,0,4,2,2,1,9,11
"7207",5,8,5,2,10,6,3,5,5,2,10,1,3,3,0,0,2,2,5,3,5,1,2,12,16
"7208",6,8,7,2,12,6,3,8,5,2,10,6,3,2,2,0,2,0,0,2,2,2,1,14,18
"7209",7,9,7,2,12,6,6,8,7,2,12,6,3,3,2,1,3,2,0,1,3,1,3,15,21
"7210",8,9,9,2,12,12,9,9,7,2,12,6,6,2,0,0,6,4,4,2,6,2,2,17,30
"7211",9,13,9,2,16,12,9,9,9,2,12,12,9,4,4,0,4,0,0,4,4,1,1,21,34
"7212",10,16,9,2,16,16,9,13,9,2,16,12,9,4,3,1,4,1,0,3,4,1,2,24,38
"7213",11,17,9,1,25,16,9,16,9,2,16,16,9,1,0,0,4,4,3,1,4,1,1,24,47
"7214",12,17,9,1,25,16,9,17,9,1,25,16,9,4,3,0,NA,0,0,0,0,0,0,24,47
"7215",0,0,0,0,0,0,0,0,0,0,0,0,0,0,0,0,0,0,0,0,0,0,0,0,0
"7216",1,1,4,1,1,3,1,1,1,1,1,1,1,2,3,2,2,2,0,3,2,2,2,3,2
"7217",2,1,6,1,7,3,5,1,4,1,1,3,1,2,0,0,6,4,2,2,6,2,1,5,12
"7218",3,5,6,1,7,3,7,1,6,1,7,3,5,4,2,0,2,0,0,4,2,1,3,9,14
"7219",4,9,6,1,7,6,7,5,6,1,7,3,7,3,1,4,3,1,0,4,3,1,2,13,17
"7220",5,9,6,2,13,11,7,9,6,1,7,6,7,1,0,0,6,2,2,1,6,3,1,14,28
"7221",6,9,8,2,13,13,7,9,6,2,13,11,7,2,2,0,2,0,0,2,2,2,2,16,30
"7222",7,14,8,2,13,13,17,9,8,2,13,13,7,6,6,5,6,6,0,5,6,1,3,21,40
"7223",8,26,12,2,13,18,17,14,8,2,13,13,17,6,0,0,2,4,5,6,5,1,2,37,45
"7224",9,26,16,2,15,18,17,26,12,2,13,18,17,2,4,0,2,0,0,4,2,2,1,41,47
"7225",10,31,16,2,21,29,17,26,16,2,15,18,17,5,1,6,1,6,0,5,6,1,2,46,64
"7226",11,31,19,1,1,32,21,31,16,2,21,29,17,1,0,0,1,4,2,1,4,3,3,48,51
"7227",12,31,19,1,1,32,21,31,19,1,1,32,21,1,2,0,NA,0,0,0,0,0,0,48,51
"7228",0,0,0,0,0,0,0,0,0,0,0,0,0,0,0,0,0,0,0,0,0,0,0,0,0
"7229",1,1,1,5,1,1,2,1,1,1,1,1,1,4,1,1,1,1,0,4,1,3,3,4,1
"7230",2,1,1,6,1,1,6,1,1,5,1,1,2,1,0,0,2,5,4,1,4,3,3,5,5
"7231",3,1,6,6,1,3,6,1,1,6,1,1,6,2,5,0,2,0,0,5,2,2,2,10,7
"7232",4,1,8,6,1,5,6,1,6,6,1,3,6,2,2,2,2,2,0,2,2,2,2,12,9
"7233",5,1,8,8,1,14,6,1,8,6,1,5,6,2,0,0,6,1,1,2,6,3,2,14,18
"7234",6,1,9,8,1,14,7,1,8,8,1,14,6,1,1,0,1,0,0,1,1,2,3,15,19
"7235",7,1,9,9,1,14,9,1,9,8,1,14,7,1,2,2,2,2,0,1,2,3,3,16,21
"7236",8,1,11,9,1,17,9,1,9,9,1,14,9,2,0,0,1,3,1,2,3,2,2,18,24
"7237",9,1,12,9,2,17,9,1,11,9,1,17,9,1,1,0,1,0,0,1,1,2,1,19,25
"7238",10,1,18,10,2,17,14,1,12,9,2,17,9,5,3,6,5,3,0,6,5,2,3,26,30
"7239",11,4,18,10,2,18,14,1,18,10,2,17,14,3,0,0,1,4,3,3,1,1,2,29,31
"7240",12,4,18,10,2,18,14,4,18,10,2,18,14,4,3,0,NA,0,0,0,0,0,0,29,31
"7241",0,0,0,0,0,0,0,0,0,0,0,0,0,0,0,0,0,0,0,0,0,0,0,0,0
"7242",1,5,1,1,13,1,2,1,1,1,1,1,1,6,4,4,6,4,0,4,6,1,1,4,13
"7243",2,5,1,5,13,5,2,5,1,1,13,1,2,4,0,0,4,1,4,4,4,3,2,8,17
"7244",3,5,5,5,13,6,2,5,1,5,13,5,2,1,4,0,1,0,0,4,1,2,2,12,18
"7245",4,5,5,10,13,6,7,5,5,5,13,6,2,1,5,5,1,5,0,5,5,3,3,17,23
"7246",5,6,5,10,13,9,7,5,5,10,13,6,7,1,0,0,1,2,3,1,3,1,2,18,26
"7247",6,8,5,10,14,9,7,6,5,10,13,9,7,1,2,0,1,0,0,2,1,1,1,20,27
"7248",7,8,15,10,20,10,7,8,5,10,14,9,7,6,6,6,6,6,0,6,6,2,1,30,34
"7249",8,14,16,10,24,10,7,8,15,10,20,10,7,6,0,0,4,4,4,6,4,1,1,37,38
"7250",9,14,20,1,33,10,7,14,16,10,24,10,7,4,4,0,4,0,0,4,4,2,1,32,47
"7251",10,15,1,2,5,10,7,14,20,1,33,10,7,1,2,1,2,1,0,1,1,1,1,15,19
"7252",11,17,1,2,12,10,7,15,1,2,5,10,7,2,0,0,6,5,1,2,6,1,1,17,26
"7253",12,17,1,2,12,10,7,17,1,2,12,10,7,5,1,0,NA,0,0,0,0,0,0,17,26
"7254",0,0,0,0,0,0,0,0,0,0,0,0,0,0,0,0,0,0,0,0,0,0,0,0,0
"7255",1,1,11,1,3,1,1,1,1,1,1,1,1,2,2,6,2,2,0,6,2,2,1,10,2
"7256",2,1,11,3,7,1,1,1,11,1,3,1,1,2,0,0,4,1,2,2,4,3,1,12,6
"7257",3,2,11,3,7,3,1,1,11,3,7,1,1,1,2,0,2,0,0,1,2,1,2,13,8
"7258",4,2,11,5,16,3,1,2,11,3,7,3,1,2,1,6,1,6,0,2,6,3,1,15,17
"7259",5,2,11,6,16,15,4,2,11,5,16,3,1,1,0,0,4,4,6,1,6,3,2,16,32
"7260",6,2,15,6,16,15,8,2,11,6,16,15,4,4,4,0,4,0,0,4,4,2,3,20,36
"7261",7,2,23,6,16,15,13,2,15,6,16,15,8,1,6,5,1,5,0,6,5,2,3,28,41
"7262",8,2,24,6,16,17,13,2,23,6,16,15,13,1,0,0,2,2,4,1,2,2,2,29,43
"7263",9,2,28,6,16,19,13,2,24,6,16,17,13,2,4,0,2,0,0,4,2,2,2,33,45
"7264",10,4,39,12,21,19,1,2,28,6,16,19,13,3,5,5,5,5,0,3,5,2,1,90,38
"7265",11,9,39,12,24,19,1,4,39,12,21,19,1,5,0,0,3,5,2,5,3,1,1,95,41
"7266",12,9,39,12,24,19,1,9,39,12,24,19,1,5,2,0,NA,0,0,0,0,0,0,95,41
"7267",0,0,0,0,0,0,0,0,0,0,0,0,0,0,0,0,0,0,0,0,0,0,0,0,0
"7268",1,7,3,1,1,1,5,1,1,1,1,1,1,4,4,6,4,4,0,6,4,1,3,8,4
"7269",2,7,3,5,1,5,5,7,3,1,1,1,5,4,0,0,3,4,4,4,4,3,2,12,8
"7270",3,10,3,5,1,5,9,7,3,5,1,5,5,3,4,0,4,0,0,3,4,1,3,15,12
"7271",4,10,5,5,3,5,9,10,3,5,1,5,9,2,2,1,2,1,0,2,2,2,1,17,14
"7272",5,10,5,6,3,8,9,10,5,5,3,5,9,1,0,0,3,1,2,1,3,3,2,18,17
"7273",6,10,5,8,4,8,9,10,5,6,3,8,9,1,2,0,1,0,0,2,1,3,1,20,18
"7274",7,16,5,11,9,8,9,10,5,8,4,8,9,5,1,6,5,1,0,6,5,1,1,29,23
"7275",8,16,6,11,11,8,15,16,5,11,9,8,9,1,0,0,6,2,5,1,6,2,3,30,31
"7276",9,16,6,16,13,8,15,16,6,11,11,8,15,2,5,0,2,0,0,5,2,3,1,35,33
"7277",10,25,6,16,13,8,20,16,6,16,13,8,15,5,4,6,5,4,0,6,5,1,3,44,38
"7278",11,25,10,16,13,10,20,25,6,16,13,8,20,4,0,0,5,2,2,4,2,2,2,48,40
"7279",12,25,10,16,13,10,20,25,10,16,13,10,20,5,2,0,NA,0,0,0,0,0,0,48,40
"7280",0,0,0,0,0,0,0,0,0,0,0,0,0,0,0,0,0,0,0,0,0,0,0,0,0
"7281",1,1,1,5,1,9,1,1,1,1,1,1,1,6,2,4,6,2,0,4,6,3,2,4,8
"7282",2,3,1,5,1,12,7,1,1,5,1,9,1,2,0,0,3,6,1,2,6,1,3,6,17
"7283",3,3,4,5,1,12,8,3,1,5,1,12,7,3,1,0,1,0,0,3,1,2,3,9,18
"7284",4,6,4,5,1,12,15,3,4,5,1,12,8,3,6,3,6,3,0,3,6,1,3,12,25
"7285",5,6,7,5,6,18,15,6,4,5,1,12,15,3,0,0,6,2,4,3,6,2,2,15,36
"7286",6,6,11,5,8,18,15,6,7,5,6,18,15,2,4,0,2,0,0,4,2,2,1,19,38
"7287",7,6,15,5,20,21,15,6,11,5,8,18,15,4,6,1,6,1,0,4,6,2,1,23,53
"7288",8,6,16,5,20,21,20,6,15,5,20,21,15,1,0,0,1,5,1,1,5,2,3,24,58
"7289",9,6,17,5,20,21,21,6,16,5,20,21,20,1,1,0,1,0,0,1,1,2,3,25,59
"7290",10,6,34,5,21,21,21,6,17,5,20,21,21,3,1,6,3,1,0,6,1,2,1,42,60
"7291",11,6,34,8,25,21,21,6,34,5,21,21,21,3,0,0,4,4,2,3,4,3,1,45,64
"7292",12,6,34,8,25,21,21,6,34,8,25,21,21,4,2,0,NA,0,0,0,0,0,0,45,64
"7293",0,0,0,0,0,0,0,0,0,0,0,0,0,0,0,0,0,0,0,0,0,0,0,0,0
"7294",1,3,1,1,1,3,1,1,1,1,1,1,1,2,1,2,1,2,0,2,2,1,2,2,2
"7295",2,3,1,2,1,3,6,3,1,1,1,3,1,1,0,0,4,1,5,1,5,3,3,3,7
"7296",3,3,1,6,1,4,6,3,1,2,1,3,6,4,1,0,1,0,0,4,1,3,2,7,8
"7297",4,3,5,6,1,9,6,3,1,6,1,4,6,2,5,4,2,5,0,4,5,2,2,11,13
"7298",5,5,5,6,1,13,6,3,5,6,1,9,6,2,0,0,4,4,2,2,4,1,2,13,17
"7299",6,5,5,10,1,15,6,5,5,6,1,13,6,4,2,0,2,0,0,4,2,3,2,17,19
"7300",7,5,5,14,1,15,11,5,5,10,1,15,6,4,3,5,3,5,0,4,5,3,3,21,24
"7301",8,5,5,17,1,15,20,5,5,14,1,15,11,3,0,0,6,1,1,3,6,3,3,24,33
"7302",9,5,6,17,1,16,20,5,5,17,1,15,20,1,1,0,1,0,0,1,1,2,2,25,34
"7303",10,5,6,18,1,22,22,5,6,17,1,16,20,6,1,2,6,2,0,1,6,3,2,26,42
"7304",11,5,6,1,6,22,22,5,6,18,1,22,22,2,0,0,1,1,1,2,1,3,1,9,47
"7305",12,5,6,1,6,22,22,5,6,1,6,22,22,1,1,0,NA,0,0,0,0,0,0,9,47
"7306",0,0,0,0,0,0,0,0,0,0,0,0,0,0,0,0,0,0,0,0,0,0,0,0,0
"7307",1,1,1,3,6,1,1,1,1,1,1,1,1,5,2,3,5,3,0,2,5,3,1,2,5
"7308",2,1,1,6,6,4,1,1,1,3,6,1,1,3,0,0,3,2,5,3,3,3,2,5,8
"7309",3,1,6,6,8,4,1,1,1,6,6,4,1,2,5,0,2,0,0,5,2,2,1,10,10
"7310",4,7,6,12,14,6,1,1,6,6,8,4,1,6,6,1,6,1,0,6,6,3,1,22,18
"7311",5,7,7,12,20,6,5,7,6,12,14,6,1,1,0,0,6,5,2,1,6,2,1,23,28
"7312",6,7,7,17,20,6,7,7,7,12,20,6,5,5,2,0,2,0,0,5,2,3,3,28,30
"7313",7,7,7,22,24,6,7,7,7,17,20,6,7,5,4,2,4,2,0,5,4,3,1,33,34
"7314",8,7,19,26,24,6,7,7,7,22,24,6,7,2,0,0,3,5,2,2,5,3,2,49,34
"7315",9,7,21,26,27,6,7,7,19,26,24,6,7,3,2,0,3,0,0,2,3,2,1,51,37
"7316",10,10,21,32,31,6,13,7,21,26,27,6,7,6,6,4,6,4,0,6,6,3,3,60,47
"7317",11,10,21,36,31,10,13,10,21,32,31,6,13,4,0,0,4,1,6,4,4,3,2,64,51
"7318",12,10,21,36,31,10,13,10,21,36,31,10,13,1,6,0,NA,0,0,0,0,0,0,64,51
"7319",0,0,0,0,0,0,0,0,0,0,0,0,0,0,0,0,0,0,0,0,0,0,0,0,0
"7320",1,1,5,1,1,1,3,1,1,1,1,1,1,4,1,2,1,2,0,4,2,2,3,4,2
"7321",2,2,5,1,1,4,3,1,5,1,1,1,3,1,0,0,3,4,1,1,3,1,2,5,5
"7322",3,2,6,1,1,4,7,2,5,1,1,4,3,4,1,0,4,0,0,1,4,2,3,6,9
"7323",4,2,6,6,1,4,14,2,6,1,1,4,7,6,3,5,6,3,0,5,6,3,3,11,16
"7324",5,2,6,9,5,4,14,2,6,6,1,4,14,3,0,0,4,2,3,3,4,3,1,14,20
"7325",6,2,8,9,5,4,17,2,6,9,5,4,14,2,3,0,3,0,0,2,3,2,3,16,23
"7326",7,2,8,14,5,9,17,2,8,9,5,4,17,5,5,5,5,5,0,5,5,3,2,21,28
"7327",8,2,13,14,10,9,17,2,8,14,5,9,17,5,0,0,5,1,2,5,5,2,1,26,33
"7328",9,4,13,14,11,9,17,2,13,14,10,9,17,1,2,0,1,0,0,2,1,1,1,28,34
"7329",10,4,18,14,11,9,19,4,13,14,11,9,17,5,1,2,1,2,0,5,2,2,3,33,36
"7330",11,4,19,14,26,9,19,4,18,14,11,9,19,1,0,0,5,6,1,1,6,2,1,34,51
"7331",12,4,19,14,26,9,19,4,19,14,26,9,19,5,1,0,NA,0,0,0,0,0,0,34,51
"7332",0,0,0,0,0,0,0,0,0,0,0,0,0,0,0,0,0,0,0,0,0,0,0,0,0
"7333",1,1,1,4,4,1,1,1,1,1,1,1,1,3,3,2,3,2,0,3,3,3,1,3,3
"7334",2,1,1,6,4,1,6,1,1,4,4,1,1,2,0,0,3,5,5,2,5,3,3,5,8
"7335",3,6,1,6,4,4,6,1,1,6,4,1,6,3,5,0,3,0,0,5,3,1,2,10,11
"7336",4,6,1,10,4,4,10,6,1,6,4,4,6,4,1,4,1,4,0,4,4,3,3,14,15
"7337",5,7,1,10,13,4,10,6,1,10,4,4,10,1,0,0,5,6,1,1,6,1,1,15,24
"7338",6,7,6,10,14,4,10,7,1,10,13,4,10,5,1,0,1,0,0,5,1,2,1,20,25
"7339",7,7,6,14,17,4,10,7,6,10,14,4,10,3,3,4,3,3,0,4,3,3,1,24,28
"7340",8,10,6,14,23,4,11,7,6,14,17,4,10,3,0,0,5,2,6,3,6,1,1,27,35
"7341",9,15,6,14,23,6,11,10,6,14,23,4,11,5,2,0,2,0,0,5,2,1,2,32,37
"7342",10,15,8,14,23,6,15,15,6,14,23,6,11,2,1,4,1,4,0,2,4,2,3,34,41
"7343",11,15,8,15,28,6,15,15,8,14,23,6,15,1,0,0,5,1,1,1,5,3,1,35,46
"7344",12,15,8,15,28,6,15,15,8,15,28,6,15,1,1,0,NA,0,0,0,0,0,0,35,46
"7345",0,0,0,0,0,0,0,0,0,0,0,0,0,0,0,0,0,0,0,0,0,0,0,0,0
"7346",1,1,6,1,6,1,1,1,1,1,1,1,1,3,5,5,3,5,0,5,5,2,1,5,5
"7347",2,1,6,4,13,1,1,1,6,1,6,1,1,3,0,0,3,6,5,3,6,3,1,8,12
"7348",3,6,6,4,16,1,1,1,6,4,13,1,1,3,5,0,3,0,0,5,3,1,1,13,15
"7349",4,9,6,4,19,1,1,6,6,4,16,1,1,3,3,3,3,3,0,3,3,1,1,16,18
"7350",5,12,6,4,19,3,7,9,6,4,19,1,1,3,0,0,6,1,4,3,6,1,3,19,26
"7351",6,13,6,4,19,7,7,12,6,4,19,3,7,1,4,0,4,0,0,1,4,1,2,20,30
"7352",7,16,6,4,19,16,7,13,6,4,19,7,7,6,2,3,6,2,0,3,6,1,2,23,39
"7353",8,16,8,4,19,16,9,16,6,4,19,16,7,2,0,0,2,3,2,2,2,2,3,25,41
"7354",9,16,10,4,19,19,9,16,8,4,19,16,9,3,2,0,3,0,0,2,3,2,2,27,44
"7355",10,22,13,4,19,19,13,16,10,4,19,19,9,4,6,1,4,1,0,6,4,1,3,36,48
"7356",11,23,13,4,21,19,13,22,13,4,19,19,13,1,0,0,2,6,6,1,2,1,1,37,50
"7357",12,23,13,4,21,19,13,23,13,4,21,19,13,6,6,0,NA,0,0,0,0,0,0,37,50
"7358",0,0,0,0,0,0,0,0,0,0,0,0,0,0,0,0,0,0,0,0,0,0,0,0,0
"7359",1,1,1,3,7,2,1,1,1,1,1,1,1,1,6,2,1,6,0,2,6,3,1,2,7
"7360",2,2,1,3,13,8,4,1,1,3,7,2,1,1,0,0,5,1,6,1,6,1,1,3,22
"7361",3,7,1,3,13,8,5,2,1,3,13,8,4,5,1,0,1,0,0,5,1,1,3,8,23
"7362",4,7,1,7,13,10,5,7,1,3,13,8,5,2,4,1,2,1,0,4,2,3,2,12,25
"7363",5,8,1,7,17,10,5,7,1,7,13,10,5,1,0,0,4,6,4,1,4,1,1,13,29
"7364",6,19,1,7,17,10,9,8,1,7,17,10,5,6,4,0,4,0,0,6,4,1,3,24,33
"7365",7,24,1,7,17,10,14,19,1,7,17,10,9,5,5,5,5,5,0,5,5,1,3,29,38
"7366",8,24,1,12,17,10,19,24,1,7,17,10,14,5,0,0,3,5,1,5,5,3,3,34,43
"7367",9,24,1,15,17,11,19,24,1,12,17,10,19,3,1,0,1,0,0,3,1,3,2,37,44
"7368",10,24,1,19,17,19,25,24,1,15,17,11,19,6,4,1,6,1,0,4,6,3,2,41,58
"7369",11,24,2,19,17,19,30,24,1,19,17,19,25,1,0,0,5,4,5,1,5,2,3,42,63
"7370",12,24,2,19,17,19,30,24,2,19,17,19,30,4,5,0,NA,0,0,0,0,0,0,42,63
"7371",0,0,0,0,0,0,0,0,0,0,0,0,0,0,0,0,0,0,0,0,0,0,0,0,0
"7372",1,7,6,1,1,6,1,1,1,1,1,1,1,5,1,6,5,1,0,6,5,1,2,11,5
"7373",2,8,6,1,1,6,5,7,6,1,1,6,1,1,0,0,4,1,2,1,4,1,3,12,9
"7374",3,10,6,1,1,7,5,8,6,1,1,6,5,1,2,0,1,0,0,2,1,1,2,14,10
"7375",4,13,6,7,1,7,7,10,6,1,1,7,5,6,2,1,2,1,0,6,2,3,3,23,12
"7376",5,13,7,7,1,7,12,13,6,7,1,7,7,1,0,0,5,5,1,1,5,2,3,24,17
"7377",6,13,7,12,2,7,12,13,7,7,1,7,12,5,1,0,1,0,0,5,1,3,1,29,18
"7378",7,13,17,12,2,7,15,13,7,12,2,7,12,4,3,6,4,3,0,6,3,2,3,39,21
"7379",8,13,17,16,2,10,15,13,17,12,2,7,15,4,0,0,6,3,1,4,3,3,2,43,24
"7380",9,19,25,16,1,10,16,13,17,16,2,10,15,6,1,0,1,0,0,6,1,1,3,57,24
"7381",10,22,25,16,5,10,16,19,25,16,1,10,16,4,4,3,4,4,0,3,4,1,1,60,28
"7382",11,22,25,20,8,10,16,22,25,16,5,10,16,4,0,0,3,4,5,4,3,3,1,64,31
"7383",12,22,25,20,8,10,16,22,25,20,8,10,16,4,5,0,NA,0,0,0,0,0,0,64,31
"7384",0,0,0,0,0,0,0,0,0,0,0,0,0,0,0,0,0,0,0,0,0,0,0,0,0
"7385",1,1,1,3,1,9,1,1,1,1,1,1,1,6,2,2,6,2,0,2,6,3,2,2,8
"7386",2,3,1,3,1,10,1,1,1,3,1,9,1,2,0,0,2,2,1,2,1,1,2,4,9
"7387",3,3,3,3,3,10,1,3,1,3,1,10,1,2,2,0,2,0,0,2,2,2,1,6,11
"7388",4,6,3,3,6,10,1,3,3,3,3,10,1,3,3,1,3,1,0,3,3,1,1,9,14
"7389",5,6,3,4,12,10,5,6,3,3,6,10,1,1,0,0,2,6,1,1,6,3,1,10,24
"7390",6,6,5,4,12,10,6,6,3,4,12,10,5,2,1,0,1,0,0,2,1,2,3,12,25
"7391",7,6,10,4,12,10,9,6,5,4,12,10,6,3,5,1,3,1,0,5,3,2,3,17,28
"7392",8,6,11,4,18,10,10,6,10,4,12,10,9,1,0,0,2,6,2,1,6,2,1,18,35
"7393",9,8,11,4,18,10,12,6,11,4,18,10,10,2,2,0,2,0,0,2,2,1,3,20,37
"7394",10,8,14,4,19,10,12,8,11,4,18,10,12,3,1,4,1,4,0,3,1,2,1,23,38
"7395",11,8,18,4,21,10,12,8,14,4,19,10,12,4,0,0,2,4,1,4,2,2,1,27,40
"7396",12,8,18,4,21,10,12,8,18,4,21,10,12,4,1,0,NA,0,0,0,0,0,0,27,40
"7397",0,0,0,0,0,0,0,0,0,0,0,0,0,0,0,0,0,0,0,0,0,0,0,0,0
"7398",1,1,1,5,1,1,5,1,1,1,1,1,1,3,4,4,3,4,0,4,4,3,3,4,4
"7399",2,4,1,5,4,1,5,1,1,5,1,1,5,3,0,0,1,3,4,3,3,1,1,7,7
"7400",3,8,1,5,4,2,5,4,1,5,4,1,5,1,4,0,1,0,0,4,1,1,2,11,8
"7401",4,18,1,5,4,8,6,8,1,5,4,2,5,1,6,6,1,6,0,6,6,1,2,21,15
"7402",5,18,1,6,4,10,6,18,1,5,4,8,6,1,0,0,2,2,5,1,2,3,2,22,17
"7403",6,18,6,6,6,10,6,18,1,6,4,10,6,2,5,0,2,0,0,5,2,2,1,27,19
"7404",7,18,7,6,6,15,6,18,6,6,6,10,6,5,1,5,5,5,0,1,5,2,2,28,24
"7405",8,23,7,6,6,19,6,18,7,6,6,15,6,5,0,0,4,1,4,5,4,1,2,33,28
"7406",9,23,7,10,6,20,6,23,7,6,6,19,6,1,4,0,1,0,0,4,1,3,2,37,29
"7407",10,23,13,12,6,25,6,23,7,10,6,20,6,5,6,3,5,3,0,6,5,2,2,45,34
"7408",11,23,13,15,6,28,6,23,13,12,6,25,6,3,0,0,4,3,3,3,3,3,2,48,37
"7409",12,23,13,15,6,28,6,23,13,15,6,28,6,4,3,0,NA,0,0,0,0,0,0,48,37
"7410",0,0,0,0,0,0,0,0,0,0,0,0,0,0,0,0,0,0,0,0,0,0,0,0,0
"7411",1,4,1,1,1,1,6,1,1,1,1,1,1,3,2,5,2,5,0,3,5,1,3,3,5
"7412",2,6,1,1,4,1,6,4,1,1,1,1,6,2,0,0,3,4,3,2,3,1,1,5,8
"7413",3,10,1,1,4,4,6,6,1,1,4,1,6,4,3,0,3,0,0,4,3,1,2,9,11
"7414",4,12,1,1,8,4,6,10,1,1,4,4,6,3,2,4,3,4,0,2,4,1,1,11,15
"7415",5,12,1,4,8,9,6,12,1,1,8,4,6,3,0,0,2,1,5,3,5,3,2,14,20
"7416",6,12,3,4,8,9,7,12,1,4,8,9,6,2,1,0,1,0,0,2,1,2,3,16,21
"7417",7,12,6,4,14,9,12,12,3,4,8,9,7,3,6,5,6,5,0,3,6,2,1,19,32
"7418",8,12,6,9,17,15,12,12,6,4,14,9,12,5,0,0,1,2,6,5,6,3,2,24,41
"7419",9,12,6,11,17,16,12,12,6,9,17,15,12,1,2,0,1,0,0,2,1,3,2,26,42
"7420",10,12,8,11,23,16,17,12,6,11,17,16,12,2,1,6,1,6,0,2,6,2,1,28,53
"7421",11,13,8,11,27,16,17,12,8,11,23,16,17,1,0,0,4,3,4,1,4,1,1,29,57
"7422",12,13,8,11,27,16,17,13,8,11,27,16,17,3,4,0,NA,0,0,0,0,0,0,29,57
"7423",0,0,0,0,0,0,0,0,0,0,0,0,0,0,0,0,0,0,0,0,0,0,0,0,0
"7424",1,1,4,1,1,3,1,1,1,1,1,1,1,2,2,3,2,2,0,3,2,2,2,3,2
"7425",2,1,4,3,1,3,5,1,4,1,1,3,1,2,0,0,4,2,2,2,4,3,3,5,6
"7426",3,1,4,5,3,3,5,1,4,3,1,3,5,2,2,0,2,0,0,2,2,3,1,7,8
"7427",4,1,4,16,3,7,5,1,4,5,3,3,5,4,3,6,4,3,0,6,4,3,2,18,12
"7428",5,1,4,19,3,9,5,1,4,16,3,7,5,3,0,0,2,2,2,3,2,3,2,21,14
"7429",6,3,4,19,5,9,5,1,4,19,3,9,5,2,2,0,2,0,0,2,2,1,1,23,16
"7430",7,4,4,19,9,9,11,3,4,19,5,9,5,6,4,1,6,4,0,1,6,1,3,24,26
"7431",8,4,8,19,9,9,12,4,4,19,9,9,11,4,0,0,1,2,1,4,1,2,3,28,27
"7432",9,4,10,19,9,9,13,4,8,19,9,9,12,2,1,0,1,0,0,2,1,2,3,30,28
"7433",10,8,10,19,9,12,13,4,10,19,9,9,13,3,3,4,3,3,0,4,3,1,2,34,31
"7434",11,8,13,19,10,12,13,8,10,19,9,12,13,3,0,0,1,2,2,3,1,2,1,37,32
"7435",12,8,13,19,10,12,13,8,13,19,10,12,13,2,2,0,NA,0,0,0,0,0,0,37,32
"7436",0,0,0,0,0,0,0,0,0,0,0,0,0,0,0,0,0,0,0,0,0,0,0,0,0
"7437",1,7,7,6,1,5,7,1,1,1,1,1,1,4,6,6,4,6,0,6,6,2,3,17,10
"7438",2,7,7,10,1,11,11,7,7,6,1,5,7,4,0,0,6,6,2,4,6,3,2,21,20
"7439",3,14,7,10,1,13,11,7,7,10,1,11,11,6,2,0,2,0,0,6,2,1,2,28,22
"7440",4,14,11,10,1,13,13,14,7,10,1,13,11,4,2,2,2,2,0,4,2,2,3,32,24
"7441",5,16,11,10,1,13,18,14,11,10,1,13,13,2,0,0,5,1,3,2,5,1,3,34,29
"7442",6,16,14,10,1,14,18,16,11,10,1,13,18,1,3,0,1,0,0,3,1,2,2,37,30
"7443",7,16,17,10,1,14,20,16,14,10,1,14,18,2,3,2,2,2,0,3,2,2,3,40,32
"7444",8,16,19,10,1,14,25,16,17,10,1,14,20,2,0,0,5,2,4,2,5,2,3,42,37
"7445",9,16,21,10,1,14,29,16,19,10,1,14,25,2,4,0,4,0,0,2,4,2,3,44,41
"7446",10,21,21,10,1,19,29,16,21,10,1,14,29,2,5,5,2,5,0,5,5,1,2,49,46
"7447",11,21,21,12,2,19,35,21,21,10,1,19,29,2,0,0,3,6,4,2,6,3,3,51,53
"7448",12,21,21,12,2,19,35,21,21,12,2,19,35,3,4,0,NA,0,0,0,0,0,0,51,53
"7449",0,0,0,0,0,0,0,0,0,0,0,0,0,0,0,0,0,0,0,0,0,0,0,0,0
"7450",1,1,1,2,1,5,1,1,1,1,1,1,1,1,4,1,4,1,0,1,4,3,2,1,4
"7451",2,1,1,3,1,5,6,1,1,2,1,5,1,1,0,0,2,5,3,1,5,3,3,2,9
"7452",3,1,1,5,1,8,6,1,1,3,1,5,6,2,3,0,3,0,0,2,3,3,2,4,12
"7453",4,1,7,7,6,8,6,1,1,5,1,8,6,4,6,5,4,5,0,6,5,2,1,12,17
"7454",5,1,11,7,9,8,6,1,7,7,6,8,6,4,0,0,5,5,3,4,3,2,1,16,20
"7455",6,6,11,7,14,8,6,1,11,7,9,8,6,5,5,0,5,0,0,5,5,1,1,21,25
"7456",7,6,14,7,14,8,8,6,11,7,14,8,6,2,2,3,2,2,0,3,2,2,3,24,27
"7457",8,6,14,9,21,8,8,6,14,7,14,8,8,2,0,0,3,3,6,2,6,3,1,26,34
"7458",9,6,17,9,21,11,8,6,14,9,21,8,8,3,3,0,3,0,0,3,3,2,2,29,37
"7459",10,6,17,13,21,16,8,6,17,9,21,11,8,4,3,5,3,5,0,4,5,3,2,33,42
"7460",11,9,17,13,26,16,8,6,17,13,21,16,8,3,0,0,5,3,3,3,5,1,1,36,47
"7461",12,9,17,13,26,16,8,9,17,13,26,16,8,3,3,0,NA,0,0,0,0,0,0,36,47
"7462",0,0,0,0,0,0,0,0,0,0,0,0,0,0,0,0,0,0,0,0,0,0,0,0,0
"7463",1,1,5,7,1,1,3,1,1,1,1,1,1,2,6,3,2,3,0,6,2,3,3,10,2
"7464",2,1,8,7,1,7,9,1,5,7,1,1,3,3,0,0,6,1,6,3,6,2,3,13,14
"7465",3,16,8,7,1,8,9,1,8,7,1,7,9,1,6,0,1,0,0,6,1,1,2,28,15
"7466",4,16,11,7,1,11,9,16,8,7,1,8,9,2,3,3,2,3,0,3,3,2,2,31,18
"7467",5,16,13,7,1,11,17,16,11,7,1,11,9,2,0,0,3,6,2,2,6,2,3,33,26
"7468",6,16,16,7,1,11,19,16,13,7,1,11,17,3,2,0,2,0,0,3,2,2,3,36,28
"7469",7,20,16,13,1,11,23,16,16,7,1,11,19,6,2,4,2,4,0,6,4,3,3,46,32
"7470",8,20,18,13,1,11,27,20,16,13,1,11,23,2,0,0,4,3,4,2,4,2,3,48,36
"7471",9,24,18,13,1,14,27,20,18,13,1,11,27,3,4,0,3,0,0,4,3,1,2,52,39
"7472",10,24,18,17,1,14,30,24,18,13,1,14,27,3,2,4,3,2,0,4,3,3,3,56,42
"7473",11,24,1,1,4,14,35,24,18,17,1,14,30,2,0,0,1,4,3,2,1,2,1,23,50
"7474",12,24,1,1,4,14,35,24,1,1,4,14,35,4,3,0,NA,0,0,0,0,0,0,23,50
"7475",0,0,0,0,0,0,0,0,0,0,0,0,0,0,0,0,0,0,0,0,0,0,0,0,0
"7476",1,1,12,1,1,4,1,1,1,1,1,1,1,2,3,6,2,3,0,6,3,2,2,11,3
"7477",2,1,14,1,1,4,9,1,12,1,1,4,1,2,0,0,6,2,6,2,6,2,3,13,11
"7478",3,1,26,1,3,4,9,1,14,1,1,4,9,2,6,0,2,0,0,6,2,2,1,25,13
"7479",4,1,1,1,15,4,1,1,26,1,3,4,9,6,1,1,6,1,0,1,6,2,1,0,17
"7480",5,2,1,1,15,9,1,1,1,1,15,4,1,1,0,0,6,5,2,1,5,1,2,1,22
"7481",6,4,1,1,15,15,11,2,1,1,15,9,1,6,2,0,6,0,0,2,6,1,2,3,38
"7482",7,4,1,2,18,15,11,4,1,1,15,15,11,1,3,1,3,1,0,1,3,3,1,4,41
"7483",8,5,1,2,24,15,12,4,1,2,18,15,11,1,0,0,6,2,2,1,6,1,1,5,48
"7484",9,5,1,4,26,15,12,5,1,2,24,15,12,2,2,0,2,0,0,2,2,3,1,7,50
"7485",10,5,1,7,26,17,12,5,1,4,26,15,12,2,3,5,2,5,0,3,2,3,2,10,52
"7486",11,10,1,7,34,17,12,5,1,7,26,17,12,5,0,0,6,1,5,5,6,1,1,15,60
"7487",12,10,1,7,34,17,12,10,1,7,34,17,12,1,5,0,NA,0,0,0,0,0,0,15,60
"7488",0,0,0,0,0,0,0,0,0,0,0,0,0,0,0,0,0,0,0,0,0,0,0,0,0
"7489",1,1,1,5,1,1,5,1,1,1,1,1,1,3,4,4,3,4,0,4,4,3,3,4,4
"7490",2,4,1,5,1,1,8,1,1,5,1,1,5,3,0,0,3,2,3,3,3,1,3,7,7
"7491",3,4,1,7,1,4,8,4,1,5,1,1,8,2,3,0,3,0,0,2,3,3,2,9,10
"7492",4,10,5,7,1,8,8,4,1,7,1,4,8,4,2,6,4,2,0,6,4,1,2,19,14
"7493",5,12,5,7,6,8,8,10,5,7,1,8,8,2,0,0,5,1,4,2,5,1,1,21,19
"7494",6,12,9,7,7,8,8,12,5,7,6,8,8,1,4,0,1,0,0,4,1,2,1,25,20
"7495",7,12,10,13,12,8,8,12,9,7,7,8,8,2,5,6,2,5,0,6,5,3,1,32,25
"7496",8,12,10,15,12,12,8,12,10,13,12,8,8,2,0,0,1,2,4,2,4,3,2,34,29
"7497",9,12,12,15,12,12,9,12,10,15,12,12,8,1,2,0,1,0,0,2,1,2,3,36,30
"7498",10,12,12,19,12,15,9,12,12,15,12,12,9,4,3,3,3,3,0,4,3,3,2,40,33
"7499",11,15,12,19,14,15,9,12,12,19,12,15,9,3,0,0,2,3,3,3,2,1,1,43,35
"7500",12,15,12,19,14,15,9,15,12,19,14,15,9,3,3,0,NA,0,0,0,0,0,0,43,35
"7501",0,0,0,0,0,0,0,0,0,0,0,0,0,0,0,0,0,0,0,0,0,0,0,0,0
"7502",1,5,1,1,7,2,1,1,1,1,1,1,1,1,6,4,1,6,0,4,6,1,1,4,7
"7503",2,5,2,1,7,2,8,5,1,1,7,2,1,1,0,0,5,1,6,1,6,2,3,5,14
"7504",3,5,2,6,7,2,9,5,2,1,7,2,8,5,1,0,1,0,0,5,1,3,3,10,15
"7505",4,5,2,11,7,9,9,5,2,6,7,2,9,1,6,5,1,6,0,5,6,3,2,15,22
"7506",5,6,2,11,13,9,13,5,2,11,7,9,9,1,0,0,1,6,2,1,6,1,1,16,32
"7507",6,7,2,11,15,9,13,6,2,11,13,9,13,1,2,0,2,0,0,1,2,1,1,17,34
"7508",7,7,2,13,15,11,13,7,2,11,15,9,13,2,2,3,2,3,0,2,2,3,2,19,36
"7509",8,7,2,16,18,17,13,7,2,13,15,11,13,3,0,0,1,5,6,3,6,3,2,22,45
"7510",9,7,2,17,18,17,18,7,2,16,18,17,13,1,5,0,5,0,0,1,5,3,3,23,50
"7511",10,7,2,22,18,17,19,7,2,17,18,17,18,3,1,5,3,1,0,5,1,3,3,28,51
"7512",11,7,2,25,24,18,19,7,2,22,18,17,19,3,0,0,6,2,1,3,6,3,1,31,58
"7513",12,7,2,25,24,18,19,7,2,25,24,18,19,2,1,0,NA,0,0,0,0,0,0,31,58
"7514",0,0,0,0,0,0,0,0,0,0,0,0,0,0,0,0,0,0,0,0,0,0,0,0,0
"7515",1,1,1,5,3,1,1,1,1,1,1,1,1,1,4,2,1,2,0,4,2,3,1,4,2
"7516",2,2,1,5,3,6,1,1,1,5,3,1,1,1,0,0,5,6,2,1,5,1,2,5,7
"7517",3,8,1,10,3,8,1,2,1,5,3,6,1,6,2,0,2,0,0,6,2,1,2,16,9
"7518",4,8,5,10,5,8,1,8,1,10,3,8,1,2,4,1,2,1,0,4,2,2,1,20,11
"7519",5,9,5,10,6,8,1,8,5,10,5,8,1,1,0,0,1,3,1,1,1,1,1,21,12
"7520",6,9,8,10,6,9,1,9,5,10,6,8,1,3,1,0,1,0,0,3,1,2,2,24,13
"7521",7,15,12,16,8,15,1,9,8,10,6,9,1,6,2,6,2,6,0,6,6,3,2,40,21
"7522",8,15,14,16,18,15,1,15,12,16,8,15,1,2,0,0,5,2,6,2,6,2,1,42,31
"7523",9,15,19,16,18,17,1,15,14,16,18,15,1,5,2,0,2,0,0,5,2,2,2,47,33
"7524",10,16,19,16,23,17,1,15,19,16,18,17,1,1,1,5,1,5,0,1,5,1,1,48,38
"7525",11,17,19,16,28,17,1,16,19,16,23,17,1,1,0,0,1,5,1,1,5,1,1,49,43
"7526",12,17,19,16,28,17,1,17,19,16,28,17,1,1,1,0,NA,0,0,0,0,0,0,49,43
"7527",0,0,0,0,0,0,0,0,0,0,0,0,0,0,0,0,0,0,0,0,0,0,0,0,0
"7528",1,5,1,1,1,3,1,1,1,1,1,1,1,1,4,2,1,2,0,4,2,1,2,4,2
"7529",2,5,2,1,1,6,1,5,1,1,1,3,1,1,0,0,2,3,1,1,3,2,2,5,5
"7530",3,7,2,1,1,6,2,5,2,1,1,6,1,2,1,0,1,0,0,2,1,1,3,7,6
"7531",4,11,2,1,1,6,5,7,2,1,1,6,2,3,2,4,3,2,0,4,3,1,3,11,9
"7532",5,11,2,3,1,8,5,11,2,1,1,6,5,2,0,0,2,3,3,2,2,3,2,13,11
"7533",6,14,2,3,1,8,8,11,2,3,1,8,5,3,3,0,3,0,0,3,3,1,3,16,14
"7534",7,14,6,9,2,8,14,14,2,3,1,8,8,6,5,6,5,6,0,6,6,3,3,26,21
"7535",8,14,6,14,2,12,14,14,6,9,2,8,14,5,0,0,2,2,4,5,4,3,2,31,25
"7536",9,14,6,16,2,12,16,14,6,14,2,12,14,2,2,0,2,0,0,2,2,3,3,33,27
"7537",10,17,12,16,2,12,18,14,6,16,2,12,16,1,2,6,1,2,0,6,2,2,3,42,29
"7538",11,18,12,16,2,17,18,17,12,16,2,12,18,1,0,0,5,4,4,1,5,1,2,43,34
"7539",12,18,12,16,2,17,18,18,12,16,2,17,18,4,4,0,NA,0,0,0,0,0,0,43,34
"7540",0,0,0,0,0,0,0,0,0,0,0,0,0,0,0,0,0,0,0,0,0,0,0,0,0
"7541",1,1,6,1,1,1,4,1,1,1,1,1,1,5,5,3,5,3,0,5,3,2,3,5,3
"7542",2,1,6,6,5,1,4,1,6,1,1,1,4,5,0,0,1,1,4,5,4,3,1,10,7
"7543",3,1,6,7,5,2,4,1,6,6,5,1,4,1,1,0,1,0,0,1,1,3,2,11,8
"7544",4,4,6,7,5,14,6,1,6,7,5,2,4,3,6,6,6,6,0,3,6,1,2,14,22
"7545",5,8,6,13,5,14,10,4,6,7,5,14,6,6,0,0,2,1,4,6,4,3,3,24,26
"7546",6,8,6,15,5,14,11,8,6,13,5,14,10,2,1,0,1,0,0,2,1,3,3,26,27
"7547",7,8,11,15,5,14,16,8,6,15,5,14,11,1,5,5,1,5,0,5,5,2,3,31,32
"7548",8,8,11,16,11,15,16,8,11,15,5,14,16,1,0,0,2,6,5,1,6,3,1,32,39
"7549",9,13,11,16,13,15,16,8,11,16,11,15,16,2,5,0,2,0,0,5,2,1,1,37,41
"7550",10,17,11,22,22,15,16,13,11,16,13,15,16,6,6,5,6,5,0,6,6,3,1,47,50
"7551",11,22,11,22,28,20,22,17,11,22,22,15,16,5,0,0,6,2,2,5,6,1,1,52,67
"7552",12,22,11,22,28,20,22,22,11,22,28,20,22,2,2,0,NA,0,0,0,0,0,0,52,67
"7553",0,0,0,0,0,0,0,0,0,0,0,0,0,0,0,0,0,0,0,0,0,0,0,0,0
"7554",1,4,1,7,4,1,1,1,1,1,1,1,1,1,3,6,1,3,0,6,3,3,1,9,3
"7555",2,4,1,8,4,3,1,4,1,7,4,1,1,1,0,0,3,4,2,1,2,3,2,10,5
"7556",3,4,1,12,7,3,1,4,1,8,4,3,1,3,4,0,3,0,0,4,3,3,1,14,8
"7557",4,7,1,18,7,7,1,4,1,12,7,3,1,6,1,4,1,4,0,6,4,3,2,23,12
"7558",5,8,1,18,7,10,1,7,1,18,7,7,1,1,0,0,1,2,3,1,3,1,2,24,15
"7559",6,10,1,18,7,11,1,8,1,18,7,10,1,1,2,0,1,0,0,2,1,1,2,26,16
"7560",7,10,5,18,7,15,1,10,1,18,7,11,1,4,4,1,4,1,0,4,4,2,2,30,20
"7561",8,11,5,18,7,19,1,10,5,18,7,15,1,1,0,0,2,1,4,1,4,1,2,31,24
"7562",9,13,5,18,8,19,1,11,5,18,7,19,1,2,1,0,1,0,0,2,1,1,1,33,25
"7563",10,13,9,18,8,23,1,13,5,18,8,19,1,1,4,4,1,4,0,4,4,2,2,37,29
"7564",11,13,1,18,16,28,1,13,9,18,8,23,1,1,0,0,2,5,4,1,5,2,2,29,42
"7565",12,13,1,18,16,28,1,13,1,18,16,28,1,2,4,0,NA,0,0,0,0,0,0,29,42
"7566",0,0,0,0,0,0,0,0,0,0,0,0,0,0,0,0,0,0,0,0,0,0,0,0,0
"7567",1,1,1,5,5,1,1,1,1,1,1,1,1,4,4,1,4,1,0,4,4,3,1,4,4
"7568",2,1,2,5,5,6,7,1,1,5,5,1,1,1,0,0,6,4,2,1,6,2,3,5,15
"7569",3,5,2,5,5,8,7,1,2,5,5,6,7,4,2,0,2,0,0,4,2,1,2,9,17
"7570",4,5,2,7,5,8,9,5,2,5,5,8,7,2,2,1,2,1,0,2,2,3,3,11,19
"7571",5,5,2,8,8,8,9,5,2,7,5,8,9,1,0,0,2,3,3,1,3,3,1,12,22
"7572",6,5,5,8,8,10,9,5,2,8,8,8,9,2,3,0,2,0,0,3,2,2,2,15,24
"7573",7,5,5,13,8,18,15,5,5,8,8,10,9,1,6,5,1,6,0,5,6,3,2,20,38
"7574",8,6,5,13,9,18,15,5,5,13,8,18,15,1,0,0,1,1,1,1,1,1,1,21,39
"7575",9,6,5,14,10,18,15,6,5,13,9,18,15,1,1,0,1,0,0,1,1,3,1,22,40
"7576",10,6,5,19,16,21,15,6,5,14,10,18,15,6,1,5,6,1,0,5,6,3,1,27,49
"7577",11,7,5,19,20,21,15,6,5,19,16,21,15,1,0,0,4,2,6,1,4,1,1,28,53
"7578",12,7,5,19,20,21,15,7,5,19,20,21,15,2,6,0,NA,0,0,0,0,0,0,28,53
"7579",0,0,0,0,0,0,0,0,0,0,0,0,0,0,0,0,0,0,0,0,0,0,0,0,0
"7580",1,1,1,4,1,4,1,1,1,1,1,1,1,3,5,3,5,3,0,3,3,3,2,3,3
"7581",2,1,6,4,1,7,1,1,1,4,1,4,1,5,0,0,3,1,1,5,3,2,2,8,6
"7582",3,2,6,4,1,7,2,1,6,4,1,7,1,1,1,0,1,0,0,1,1,1,3,9,7
"7583",4,8,6,6,1,7,12,2,6,4,1,7,2,6,3,6,3,6,0,6,6,1,3,17,17
"7584",5,8,9,6,6,7,18,8,6,6,1,7,12,3,0,0,2,1,6,3,6,2,3,20,28
"7585",6,8,9,8,7,7,18,8,9,6,6,7,18,2,1,0,1,0,0,2,1,3,1,22,29
"7586",7,12,9,8,7,15,18,8,9,8,7,7,18,6,4,1,6,1,0,4,6,1,2,26,37
"7587",8,13,9,8,9,21,18,12,9,8,7,15,18,1,0,0,1,2,6,1,6,1,2,27,45
"7588",9,15,9,8,9,22,18,13,9,8,9,21,18,1,2,0,1,0,0,2,1,1,2,29,46
"7589",10,15,11,8,18,22,18,15,9,8,9,22,18,2,2,6,2,6,0,2,6,2,1,31,55
"7590",11,15,13,8,23,22,18,15,11,8,18,22,18,2,0,0,5,4,1,2,5,2,1,33,60
"7591",12,15,13,8,23,22,18,15,13,8,23,22,18,4,1,0,NA,0,0,0,0,0,0,33,60
"7592",0,0,0,0,0,0,0,0,0,0,0,0,0,0,0,0,0,0,0,0,0,0,0,0,0
"7593",1,1,1,4,1,1,9,1,1,1,1,1,1,2,3,6,2,6,0,3,6,3,3,3,8
"7594",2,1,1,6,7,2,9,1,1,4,1,1,9,2,0,0,6,3,4,2,6,3,1,5,15
"7595",3,1,5,6,10,2,9,1,1,6,7,2,9,3,4,0,3,0,0,4,3,2,1,9,18
"7596",4,7,8,6,14,2,9,1,5,6,10,2,9,4,6,3,4,3,0,6,4,1,1,18,22
"7597",5,7,11,6,14,11,9,7,8,6,14,2,9,3,0,0,6,2,6,3,6,2,2,21,31
"7598",6,7,13,12,14,13,9,7,11,6,14,11,9,2,6,0,2,0,0,6,2,3,2,29,33
"7599",7,13,15,12,14,17,9,7,13,12,14,13,9,2,6,4,2,4,0,6,4,1,2,37,37
"7600",8,15,15,12,14,17,13,13,15,12,14,17,9,2,0,0,4,1,4,2,4,1,3,39,41
"7601",9,15,19,12,14,17,14,15,15,12,14,17,13,1,4,0,1,0,0,4,1,2,3,43,42
"7602",10,17,19,18,14,25,14,15,19,12,14,17,14,6,1,6,1,6,0,6,6,3,2,51,50
"7603",11,18,19,18,18,25,14,17,19,18,14,25,14,1,0,0,2,3,4,1,4,1,1,52,54
"7604",12,18,19,18,18,25,14,18,19,18,18,25,14,2,3,0,NA,0,0,0,0,0,0,52,54
"7605",0,0,0,0,0,0,0,0,0,0,0,0,0,0,0,0,0,0,0,0,0,0,0,0,0
"7606",1,4,1,1,2,1,1,1,1,1,1,1,1,3,1,1,1,1,0,3,1,1,1,3,1
"7607",2,5,1,1,7,1,1,4,1,1,2,1,1,1,0,0,1,4,5,1,5,1,1,4,6
"7608",3,9,1,1,7,2,1,5,1,1,7,1,1,1,4,0,1,0,0,4,1,1,2,8,7
"7609",4,11,1,1,7,2,2,9,1,1,7,2,1,1,2,2,1,2,0,2,1,1,3,10,8
"7610",5,11,3,1,7,2,5,11,1,1,7,2,2,2,0,0,3,1,2,2,3,2,3,12,11
"7611",6,11,4,1,7,4,5,11,3,1,7,2,5,1,2,0,2,0,0,1,2,2,2,13,13
"7612",7,11,4,5,7,7,5,11,4,1,7,4,5,3,1,4,3,1,0,4,3,3,2,17,16
"7613",8,11,4,6,12,7,5,11,4,5,7,7,5,1,0,0,1,5,3,1,5,3,1,18,21
"7614",9,14,4,6,13,7,5,11,4,6,12,7,5,1,3,0,1,0,0,3,1,1,1,21,22
"7615",10,14,4,11,15,7,5,14,4,6,13,7,5,1,5,2,1,2,0,5,2,3,1,26,24
"7616",11,15,1,11,27,7,5,14,4,11,15,7,5,1,0,0,2,6,6,1,6,1,1,24,36
"7617",12,15,1,11,27,7,5,15,1,11,27,7,5,2,6,0,NA,0,0,0,0,0,0,24,36
"7618",0,0,0,0,0,0,0,0,0,0,0,0,0,0,0,0,0,0,0,0,0,0,0,0,0
"7619",1,2,1,1,5,1,1,1,1,1,1,1,1,4,1,3,4,3,0,1,4,1,1,1,4
"7620",2,2,4,1,5,3,1,2,1,1,5,1,1,3,0,0,2,6,4,3,2,2,2,4,6
"7621",3,8,14,1,9,3,1,2,4,1,5,3,1,6,4,0,4,0,0,6,4,1,1,20,10
"7622",4,8,14,6,9,8,1,8,14,1,9,3,1,2,5,5,2,5,0,5,5,3,2,25,15
"7623",5,8,16,6,19,8,1,8,14,6,9,8,1,2,0,0,6,5,2,2,6,2,1,27,25
"7624",6,13,16,6,21,8,1,8,16,6,19,8,1,5,2,0,2,0,0,5,2,1,1,32,27
"7625",7,16,16,6,23,8,1,13,16,6,21,8,1,2,2,3,2,2,0,3,2,1,1,35,29
"7626",8,16,18,6,23,13,1,16,16,6,23,8,1,2,0,0,1,4,5,2,5,2,2,37,34
"7627",9,16,18,10,24,13,1,16,18,6,23,13,1,1,4,0,1,0,0,4,1,3,1,41,35
"7628",10,19,18,16,29,19,1,16,18,10,24,13,1,6,6,3,6,3,0,6,6,3,2,50,46
"7629",11,22,18,16,33,19,1,19,18,16,29,19,1,3,0,0,4,4,2,3,4,1,1,53,50
"7630",12,22,18,16,33,19,1,22,18,16,33,19,1,4,2,0,NA,0,0,0,0,0,0,53,50
"7631",0,0,0,0,0,0,0,0,0,0,0,0,0,0,0,0,0,0,0,0,0,0,0,0,0
"7632",1,3,1,1,3,1,1,1,1,1,1,1,1,2,1,2,1,2,0,2,2,1,1,2,2
"7633",2,3,2,1,3,5,1,3,1,1,3,1,1,1,0,0,1,4,3,1,4,2,2,3,6
"7634",3,3,5,1,4,5,1,3,2,1,3,5,1,1,3,0,1,0,0,3,1,2,1,6,7
"7635",4,3,10,1,9,5,1,3,5,1,4,5,1,3,5,5,3,5,0,5,5,2,1,11,12
"7636",5,3,10,4,9,10,1,3,10,1,9,5,1,3,0,0,3,4,5,3,5,3,2,14,17
"7637",6,3,14,4,9,13,1,3,10,4,9,10,1,3,4,0,3,0,0,4,3,2,2,18,20
"7638",7,8,14,4,9,16,1,3,14,4,9,13,1,3,5,2,3,2,0,5,3,1,2,23,23
"7639",8,8,16,4,16,16,1,8,14,4,9,16,1,2,0,0,2,6,6,2,6,2,1,25,30
"7640",9,14,16,9,18,16,1,8,16,4,16,16,1,2,6,0,2,0,0,6,2,1,1,36,32
"7641",10,14,16,13,18,16,4,14,16,9,18,16,1,3,1,4,3,1,0,4,3,3,3,40,35
"7642",11,15,16,13,22,16,4,14,16,13,18,16,4,1,0,0,5,3,4,1,4,1,1,41,39
"7643",12,15,16,13,22,16,4,15,16,13,22,16,4,5,3,0,NA,0,0,0,0,0,0,41,39
"7644",0,0,0,0,0,0,0,0,0,0,0,0,0,0,0,0,0,0,0,0,0,0,0,0,0
"7645",1,1,7,5,1,8,1,1,1,1,1,1,1,6,6,3,6,3,0,6,6,2,2,10,7
"7646",2,1,10,5,5,8,1,1,7,5,1,8,1,3,0,0,4,4,1,3,4,2,1,13,11
"7647",3,1,10,9,6,8,1,1,10,5,5,8,1,4,1,0,1,0,0,4,1,3,1,17,12
"7648",4,4,16,9,6,12,1,1,10,9,6,8,1,6,6,4,6,4,0,6,4,2,2,26,16
"7649",5,12,16,9,6,26,1,4,16,9,6,12,1,6,0,0,4,6,3,6,6,1,2,34,30
"7650",6,15,16,9,6,26,5,12,16,9,6,26,1,4,3,0,4,0,0,3,4,1,3,37,34
"7651",7,15,17,9,6,26,10,15,16,9,6,26,5,1,2,5,2,5,0,1,5,2,3,38,39
"7652",8,17,17,9,12,26,14,15,17,9,6,26,10,2,0,0,6,3,1,2,6,1,1,40,49
"7653",9,17,17,12,12,27,14,17,17,9,12,26,14,3,1,0,1,0,0,3,1,3,2,43,50
"7654",10,1,20,1,14,35,14,17,17,12,12,27,14,3,1,3,1,3,0,3,3,2,2,19,60
"7655",11,2,20,1,17,35,14,1,20,1,14,35,14,1,0,0,3,3,3,1,3,1,1,20,63
"7656",12,2,20,1,17,35,14,2,20,1,17,35,14,3,3,0,NA,0,0,0,0,0,0,20,63
"7657",0,0,0,0,0,0,0,0,0,0,0,0,0,0,0,0,0,0,0,0,0,0,0,0,0
"7658",1,1,3,7,6,1,1,1,1,1,1,1,1,5,6,5,5,5,0,6,5,3,1,8,5
"7659",2,6,3,7,6,5,1,1,3,7,6,1,1,5,0,0,1,4,6,5,4,1,2,13,9
"7660",3,6,5,13,7,5,1,6,3,7,6,5,1,1,6,0,1,0,0,6,1,3,1,21,10
"7661",4,6,9,13,9,5,1,6,5,13,7,5,1,4,3,2,3,2,0,4,2,2,1,25,12
"7662",5,9,9,13,14,5,1,6,9,13,9,5,1,3,0,0,1,4,5,3,5,1,1,28,17
"7663",6,9,13,13,15,5,1,9,9,13,14,5,1,1,4,0,1,0,0,4,1,2,1,32,18
"7664",7,14,13,19,20,5,1,9,13,13,15,5,1,6,5,2,5,2,0,6,5,3,1,43,23
"7665",8,14,15,19,30,5,1,14,13,19,20,5,1,2,0,0,6,3,4,2,6,2,1,45,33
"7666",9,17,15,19,34,5,1,14,15,19,30,5,1,3,4,0,4,0,0,3,4,1,1,48,37
"7667",10,17,19,19,2,5,1,17,15,19,34,5,1,5,1,1,5,1,0,1,1,2,1,52,5
"7668",11,22,19,19,3,5,1,17,19,19,2,5,1,5,0,0,1,5,5,5,1,1,1,57,6
"7669",12,22,19,19,3,5,1,22,19,19,3,5,1,5,5,0,NA,0,0,0,0,0,0,57,6
"7670",0,0,0,0,0,0,0,0,0,0,0,0,0,0,0,0,0,0,0,0,0,0,0,0,0
"7671",1,17,1,1,5,1,1,1,1,1,1,1,1,2,4,6,2,4,0,6,4,1,1,16,4
"7672",2,17,1,3,5,1,4,17,1,1,5,1,1,2,0,0,4,3,3,2,3,3,3,18,7
"7673",3,17,1,7,5,1,7,17,1,3,5,1,4,4,3,0,3,0,0,4,3,3,3,22,10
"7674",4,17,10,7,9,1,7,17,1,7,5,1,7,4,6,1,4,1,0,6,4,2,1,31,14
"7675",5,18,10,7,9,1,11,17,10,7,9,1,7,1,0,0,4,1,4,1,4,1,3,32,18
"7676",6,18,14,7,9,1,12,18,10,7,9,1,11,1,4,0,1,0,0,4,1,2,3,36,19
"7677",7,22,14,13,15,6,12,18,14,7,9,1,12,6,1,6,1,6,0,6,6,3,1,46,30
"7678",8,22,14,14,20,6,12,22,14,13,15,6,12,1,0,0,6,1,5,1,5,3,1,47,35
"7679",9,22,16,20,21,6,12,22,14,14,20,6,12,6,1,0,1,0,0,6,1,3,1,55,36
"7680",10,24,20,20,27,1,15,22,16,20,21,6,12,6,2,1,6,1,0,2,6,1,1,61,40
"7681",11,1,21,20,32,6,15,24,20,20,27,1,15,1,0,0,6,5,5,1,5,2,2,39,50
"7682",12,1,21,20,32,6,15,1,21,20,32,6,15,6,5,0,NA,0,0,0,0,0,0,39,50
"7683",0,0,0,0,0,0,0,0,0,0,0,0,0,0,0,0,0,0,0,0,0,0,0,0,0
"7684",1,1,1,4,1,1,2,1,1,1,1,1,1,3,2,1,2,1,0,3,1,3,3,3,1
"7685",2,3,1,4,6,1,2,1,1,4,1,1,2,2,0,0,5,5,1,2,5,1,1,5,6
"7686",3,8,1,4,6,1,3,3,1,4,6,1,2,5,1,0,1,0,0,5,1,1,3,10,7
"7687",4,14,1,9,9,1,3,8,1,4,6,1,3,3,2,6,3,2,0,6,3,1,1,21,10
"7688",5,14,1,11,11,1,3,14,1,9,9,1,3,2,0,0,2,2,6,2,2,3,1,23,12
"7689",6,14,12,11,11,1,5,14,1,11,11,1,3,2,6,0,2,0,0,6,2,2,3,34,14
"7690",7,17,12,11,16,1,5,14,12,11,11,1,5,5,2,3,5,2,0,3,5,1,1,37,19
"7691",8,17,14,11,20,1,5,17,12,11,16,1,5,2,0,0,4,5,3,2,4,2,1,39,23
"7692",9,17,19,11,23,1,5,17,14,11,20,1,5,5,3,0,3,0,0,5,3,2,1,44,26
"7693",10,17,19,15,23,2,5,17,19,11,23,1,5,4,3,1,3,1,0,4,1,3,2,48,27
"7694",11,17,19,18,28,2,5,17,19,15,23,2,5,3,0,0,1,5,1,3,5,3,1,51,32
"7695",12,17,19,18,28,2,5,17,19,18,28,2,5,1,1,0,NA,0,0,0,0,0,0,51,32
"7696",0,0,0,0,0,0,0,0,0,0,0,0,0,0,0,0,0,0,0,0,0,0,0,0,0
"7697",1,1,1,5,6,1,1,1,1,1,1,1,1,1,4,5,1,5,0,4,5,3,1,4,5
"7698",2,1,2,5,6,3,1,1,1,5,6,1,1,1,0,0,2,2,2,1,2,2,2,5,7
"7699",3,1,2,7,6,3,3,1,2,5,6,3,1,2,2,0,2,0,0,2,2,3,3,7,9
"7700",4,1,5,7,6,3,7,1,2,7,6,3,3,3,4,1,4,1,0,3,4,2,3,10,13
"7701",5,2,5,7,11,3,7,1,5,7,6,3,7,1,0,0,1,5,2,1,5,1,1,11,18
"7702",6,2,5,9,11,3,8,2,5,7,11,3,7,1,2,0,1,0,0,2,1,3,3,13,19
"7703",7,2,5,13,11,4,8,2,5,9,11,3,8,4,2,1,2,1,0,4,1,3,2,17,20
"7704",8,2,5,15,11,10,13,2,5,13,11,4,8,2,0,0,4,6,2,2,6,3,2,19,31
"7705",9,2,5,19,13,10,13,2,5,15,11,10,13,4,2,0,2,0,0,4,2,3,1,23,33
"7706",10,2,5,24,13,10,17,2,5,19,13,10,13,5,5,4,5,4,0,5,4,3,3,28,37
"7707",11,2,5,29,19,10,19,2,5,24,13,10,17,5,0,0,2,3,6,5,6,3,1,33,45
"7708",12,2,5,29,19,10,19,2,5,29,19,10,19,2,3,0,NA,0,0,0,0,0,0,33,45
"7709",0,0,0,0,0,0,0,0,0,0,0,0,0,0,0,0,0,0,0,0,0,0,0,0,0
"7710",1,1,1,5,7,1,5,1,1,1,1,1,1,6,4,4,6,4,0,4,6,3,1,4,10
"7711",2,1,1,9,7,1,10,1,1,5,7,1,5,4,0,0,1,5,2,4,5,3,3,8,15
"7712",3,1,3,9,7,2,10,1,1,9,7,1,10,1,2,0,1,0,0,2,1,2,2,10,16
"7713",4,1,3,12,12,2,10,1,3,9,7,2,10,5,3,1,5,1,0,3,5,3,1,13,21
"7714",5,1,4,12,16,2,10,1,3,12,12,2,10,1,0,0,4,1,1,1,4,2,1,14,25
"7715",6,1,5,12,17,2,10,1,4,12,16,2,10,1,1,0,1,0,0,1,1,2,1,15,26
"7716",7,1,9,18,17,4,10,1,5,12,17,2,10,1,6,2,1,2,0,6,2,3,2,25,28
"7717",8,1,9,19,17,6,16,1,9,18,17,4,10,1,0,0,2,6,2,1,6,3,3,26,36
"7718",9,1,11,19,17,6,18,1,9,19,17,6,16,2,2,0,2,0,0,2,2,2,3,28,38
"7719",10,5,11,19,17,16,18,1,11,19,17,6,18,1,6,4,1,6,0,4,6,1,2,32,48
"7720",11,5,12,19,18,16,18,5,11,19,17,16,18,1,0,0,1,4,5,1,1,2,1,33,49
"7721",12,5,12,19,18,16,18,5,12,19,18,16,18,4,5,0,NA,0,0,0,0,0,0,33,49
"7722",0,0,0,0,0,0,0,0,0,0,0,0,0,0,0,0,0,0,0,0,0,0,0,0,0
"7723",1,5,1,1,1,6,7,1,1,1,1,1,1,4,6,6,6,6,0,4,6,1,3,4,11
"7724",2,5,1,9,4,6,7,5,1,1,1,6,7,6,0,0,1,5,3,6,3,3,1,12,14
"7725",3,5,1,14,4,7,7,5,1,9,4,6,7,1,5,0,1,0,0,5,1,3,2,17,15
"7726",4,5,6,14,8,7,7,5,1,14,4,7,7,1,5,4,1,4,0,5,4,2,1,22,19
"7727",5,6,6,14,8,9,13,5,6,14,8,7,7,1,0,0,6,4,4,1,6,1,3,23,27
"7728",6,6,10,14,8,13,13,6,6,14,8,9,13,4,4,0,4,0,0,4,4,2,2,27,31
"7729",7,10,10,14,8,13,17,6,10,14,8,13,13,4,4,3,4,3,0,4,4,1,3,31,35
"7730",8,13,10,14,17,13,17,10,10,14,8,13,17,3,0,0,1,3,6,3,6,1,1,34,44
"7731",9,13,13,14,17,14,17,13,10,14,17,13,17,1,3,0,1,0,0,3,1,2,2,37,45
"7732",10,13,13,19,21,14,17,13,13,14,17,14,17,4,2,5,4,2,0,5,4,3,1,42,49
"7733",11,15,13,19,27,19,17,13,13,19,21,14,17,2,0,0,1,5,6,2,6,1,1,44,60
"7734",12,15,13,19,27,19,17,15,13,19,27,19,17,1,5,0,NA,0,0,0,0,0,0,44,60
"7735",0,0,0,0,0,0,0,0,0,0,0,0,0,0,0,0,0,0,0,0,0,0,0,0,0
"7736",1,1,5,1,1,7,9,1,1,1,1,1,1,4,3,6,3,6,0,4,6,2,3,4,14
"7737",2,1,8,1,1,7,10,1,5,1,1,7,9,3,0,0,2,1,1,3,1,2,3,7,15
"7738",3,3,8,1,2,7,10,1,8,1,1,7,10,2,1,0,1,0,0,2,1,1,1,9,16
"7739",4,3,11,1,8,12,10,3,8,1,2,7,10,6,3,3,6,3,0,3,6,2,1,12,27
"7740",5,6,11,1,12,12,10,3,11,1,8,12,10,3,0,0,5,4,5,3,4,1,1,15,31
"7741",6,6,16,1,12,17,10,6,11,1,12,12,10,5,5,0,5,0,0,5,5,2,2,20,36
"7742",7,8,16,1,12,17,13,6,16,1,12,17,10,3,1,2,3,1,0,2,3,1,3,22,39
"7743",8,8,17,1,16,17,13,8,16,1,12,17,13,1,0,0,4,2,3,1,4,2,1,23,43
"7744",9,8,17,4,16,19,13,8,17,1,16,17,13,2,3,0,2,0,0,3,2,3,2,26,45
"7745",10,8,23,8,22,19,14,8,17,4,16,19,13,6,1,6,1,6,0,6,6,2,1,36,52
"7746",11,9,23,8,22,19,18,8,23,8,22,19,14,1,0,0,4,6,4,1,4,1,3,37,56
"7747",12,9,23,8,22,19,18,9,23,8,22,19,18,6,4,0,NA,0,0,0,0,0,0,37,56
"7748",0,0,0,0,0,0,0,0,0,0,0,0,0,0,0,0,0,0,0,0,0,0,0,0,0
"7749",1,7,3,1,1,1,5,1,1,1,1,1,1,2,6,4,2,4,0,6,4,1,3,8,4
"7750",2,7,3,3,6,1,5,7,3,1,1,1,5,2,0,0,5,1,4,2,5,3,1,10,9
"7751",3,7,7,3,7,1,5,7,3,3,6,1,5,1,4,0,1,0,0,4,1,2,1,14,10
"7752",4,7,12,3,9,1,5,7,7,3,7,1,5,5,2,1,2,1,0,5,2,2,1,19,12
"7753",5,7,13,3,12,1,5,7,12,3,9,1,5,1,0,0,1,3,3,1,3,2,1,20,15
"7754",6,7,16,3,13,1,5,7,13,3,12,1,5,1,3,0,1,0,0,3,1,2,1,23,16
"7755",7,11,16,3,13,1,7,7,16,3,13,1,5,2,4,2,2,2,0,4,2,1,3,27,18
"7756",8,11,16,5,18,1,7,11,16,3,13,1,7,2,0,0,5,1,6,2,5,3,1,29,23
"7757",9,12,16,11,19,1,7,11,16,5,18,1,7,1,6,0,1,0,0,6,1,3,1,36,24
"7758",10,15,16,11,20,1,7,12,16,11,19,1,7,3,1,1,1,1,0,3,1,1,1,39,25
"7759",11,16,16,11,20,1,11,15,16,11,20,1,7,1,0,0,4,4,1,1,4,1,3,40,29
"7760",12,16,16,11,20,1,11,16,16,11,20,1,11,4,1,0,NA,0,0,0,0,0,0,40,29
"7761",0,0,0,0,0,0,0,0,0,0,0,0,0,0,0,0,0,0,0,0,0,0,0,0,0
"7762",1,1,3,1,7,3,1,1,1,1,1,1,1,6,4,2,6,4,0,2,6,2,1,2,8
"7763",2,1,3,5,7,6,1,1,3,1,7,3,1,4,0,0,1,2,3,4,3,3,2,6,11
"7764",3,1,3,7,7,7,1,1,3,5,7,6,1,1,2,0,1,0,0,2,1,3,2,8,12
"7765",4,1,3,9,9,7,1,1,3,7,7,7,1,2,2,2,2,2,0,2,2,3,1,10,14
"7766",5,3,3,9,14,7,1,1,3,9,9,7,1,2,0,0,4,5,1,2,5,1,1,12,19
"7767",6,3,7,9,14,8,1,3,3,9,14,7,1,4,1,0,1,0,0,4,1,2,2,16,20
"7768",7,3,7,14,14,8,5,3,7,9,14,8,1,5,4,3,4,3,0,5,4,3,3,21,24
"7769",8,3,10,14,14,13,5,3,7,14,14,8,5,3,0,0,5,1,4,3,5,2,2,24,29
"7770",9,3,10,18,15,13,5,3,10,14,14,13,5,1,4,0,1,0,0,4,1,3,1,28,30
"7771",10,10,10,37,21,5,1,3,10,18,15,13,5,6,6,2,6,2,0,6,6,1,1,54,24
"7772",11,12,10,37,23,5,1,10,10,37,21,5,1,2,0,0,2,3,2,2,2,1,1,56,26
"7773",12,12,10,37,23,5,1,12,10,37,23,5,1,3,2,0,NA,0,0,0,0,0,0,56,26
"7774",0,0,0,0,0,0,0,0,0,0,0,0,0,0,0,0,0,0,0,0,0,0,0,0,0
"7775",1,1,7,5,1,1,6,1,1,1,1,1,1,6,5,2,5,2,0,6,5,2,3,10,5
"7776",2,1,7,7,1,9,6,1,7,5,1,1,6,2,0,0,2,6,1,2,6,3,2,12,13
"7777",3,1,9,7,1,10,6,1,7,7,1,9,6,2,1,0,1,0,0,2,1,2,2,14,14
"7778",4,6,9,7,1,15,6,1,9,7,1,10,6,5,5,5,5,5,0,5,5,1,2,19,19
"7779",5,11,9,7,1,20,6,6,9,7,1,15,6,5,0,0,4,5,2,5,5,1,2,24,24
"7780",6,11,9,11,1,22,6,11,9,7,1,20,6,4,2,0,2,0,0,4,2,3,2,28,26
"7781",7,17,12,17,1,33,6,11,9,11,1,22,6,2,6,6,2,6,0,6,6,1,2,43,37
"7782",8,17,12,19,1,38,6,17,12,17,1,33,6,2,0,0,1,1,5,2,5,3,2,45,42
"7783",9,17,13,19,4,39,6,17,12,19,1,38,6,1,1,0,1,0,0,1,1,2,2,46,84
"7784",10,24,13,24,4,39,2,17,13,19,4,39,6,6,1,4,1,4,0,6,1,1,3,58,80
"7785",11,1,13,24,14,39,2,24,13,24,4,39,2,4,0,0,6,3,5,4,6,1,1,35,90
"7786",12,1,13,24,14,39,2,1,13,24,14,39,2,3,5,0,NA,0,0,0,0,0,0,35,90
"7787",0,0,0,0,0,0,0,0,0,0,0,0,0,0,0,0,0,0,0,0,0,0,0,0,0
"7788",1,4,1,1,1,1,2,1,1,1,1,1,1,1,1,3,1,1,0,3,1,1,3,3,1
"7789",2,4,1,2,6,1,2,4,1,1,1,1,2,1,0,0,5,3,5,1,5,3,1,4,6
"7790",3,4,6,2,6,1,5,4,1,2,6,1,2,3,5,0,3,0,0,5,3,2,3,9,9
"7791",4,4,6,7,8,1,5,4,6,2,6,1,5,5,2,1,2,1,0,5,2,3,1,14,11
"7792",5,5,6,7,8,1,7,4,6,7,8,1,5,1,0,0,1,2,1,1,2,1,3,15,13
"7793",6,5,7,7,8,2,7,5,6,7,8,1,7,1,1,0,1,0,0,1,1,2,2,16,14
"7794",7,5,7,12,14,3,7,5,7,7,8,2,7,6,5,6,6,6,0,5,6,3,1,21,21
"7795",8,10,7,18,18,3,7,5,7,12,14,3,7,6,0,0,4,6,1,6,4,3,1,32,25
"7796",9,13,13,18,18,3,8,10,7,18,18,3,7,6,1,0,1,0,0,6,1,2,3,41,26
"7797",10,19,16,18,18,3,10,13,13,18,18,3,8,3,2,6,3,2,0,6,2,1,3,50,28
"7798",11,19,19,18,18,3,15,19,16,18,18,3,10,3,0,0,1,3,5,3,5,2,3,53,33
"7799",12,19,19,18,18,3,15,19,19,18,18,3,15,1,3,0,NA,0,0,0,0,0,0,53,33
"7800",0,0,0,0,0,0,0,0,0,0,0,0,0,0,0,0,0,0,0,0,0,0,0,0,0
"7801",1,1,6,1,1,3,1,1,1,1,1,1,1,3,5,2,3,2,0,5,2,2,2,5,2
"7802",2,4,6,1,12,3,7,1,6,1,1,3,1,3,0,0,6,2,5,3,6,1,3,8,19
"7803",3,9,6,1,12,5,7,4,6,1,12,3,7,2,5,0,2,0,0,5,2,1,2,13,21
"7804",4,9,11,1,12,11,11,9,6,1,12,5,7,5,1,6,1,6,0,5,6,2,2,18,31
"7805",5,9,12,1,12,14,11,9,11,1,12,11,11,1,0,0,3,3,1,1,3,2,2,19,34
"7806",6,12,12,1,13,14,11,9,12,1,12,14,11,3,1,0,1,0,0,3,1,1,1,22,35
"7807",7,13,18,1,13,26,15,12,12,1,13,14,11,4,6,6,4,6,0,6,6,2,2,29,51
"7808",8,13,18,5,19,26,17,13,18,1,13,26,15,4,0,0,6,1,6,4,6,3,1,33,59
"7809",9,29,18,5,19,26,18,13,18,5,19,26,17,1,6,0,1,0,0,6,1,1,3,49,60
"7810",10,29,18,13,19,2,18,29,18,5,19,26,18,1,3,1,1,1,0,3,1,3,2,57,36
"7811",11,30,18,13,19,2,20,29,18,13,19,2,18,1,0,0,3,6,2,1,2,1,3,58,38
"7812",12,30,18,13,19,2,20,30,18,13,19,2,20,3,6,0,NA,0,0,0,0,0,0,58,38
"7813",0,0,0,0,0,0,0,0,0,0,0,0,0,0,0,0,0,0,0,0,0,0,0,0,0
"7814",1,4,1,7,1,1,5,1,1,1,1,1,1,2,4,6,2,4,0,6,4,3,3,9,4
"7815",2,6,1,7,1,1,10,4,1,7,1,1,5,2,0,0,4,5,5,2,5,1,3,11,9
"7816",3,6,1,12,5,1,10,6,1,7,1,1,10,4,5,0,4,0,0,5,4,3,1,16,13
"7817",4,6,7,17,5,1,14,6,1,12,5,1,10,4,2,6,4,2,0,6,4,2,3,27,17
"7818",5,6,9,17,5,1,16,6,7,17,5,1,14,2,0,0,1,2,1,2,2,2,3,29,19
"7819",6,7,9,17,6,1,16,6,9,17,5,1,16,1,1,0,1,0,0,1,1,1,1,30,20
"7820",7,10,15,17,6,1,20,7,9,17,6,1,16,4,5,6,4,5,0,6,4,2,3,39,24
"7821",8,15,15,17,6,1,25,10,15,17,6,1,20,5,0,0,5,4,2,5,5,1,3,44,29
"7822",9,15,19,17,6,1,27,15,15,17,6,1,25,4,2,0,2,0,0,4,2,2,3,48,31
"7823",10,21,19,19,6,2,33,15,19,17,6,1,27,5,6,6,5,6,0,6,6,1,3,56,38
"7824",11,26,19,19,7,2,33,21,19,19,6,2,33,5,0,0,4,1,1,5,1,1,1,61,39
"7825",12,26,19,19,7,2,33,26,19,19,7,2,33,4,1,0,NA,0,0,0,0,0,0,61,39
"7826",0,0,0,0,0,0,0,0,0,0,0,0,0,0,0,0,0,0,0,0,0,0,0,0,0
"7827",1,6,1,1,1,4,1,1,1,1,1,1,1,3,2,5,3,2,0,5,3,1,2,5,3
"7828",2,6,1,3,7,4,5,6,1,1,1,4,1,2,0,0,4,6,6,2,6,3,1,7,13
"7829",3,10,1,9,7,8,5,6,1,3,7,4,5,4,6,0,4,0,0,6,4,3,2,17,17
"7830",4,11,1,9,10,8,11,10,1,9,7,8,5,1,2,6,2,6,0,1,6,1,3,18,26
"7831",5,11,1,11,16,8,15,11,1,9,10,8,11,2,0,0,6,1,3,2,6,3,1,20,36
"7832",6,11,4,11,17,8,15,11,1,11,16,8,15,1,3,0,1,0,0,3,1,2,1,23,37
"7833",7,15,4,11,21,14,15,11,4,11,17,8,15,4,1,6,1,6,0,4,6,1,2,27,47
"7834",8,15,4,12,21,14,17,15,4,11,21,14,15,1,0,0,5,2,5,1,2,3,3,28,49
"7835",9,15,4,17,21,19,17,15,4,12,21,14,17,5,5,0,5,0,0,5,5,3,2,33,54
"7836",10,16,4,17,21,21,17,15,4,17,21,19,17,1,2,1,2,1,0,1,2,1,2,34,56
"7837",11,17,1,17,22,22,17,16,4,17,21,21,17,1,0,0,1,4,6,1,1,1,2,32,58
"7838",12,17,1,17,22,22,17,17,1,17,22,22,17,4,6,0,NA,0,0,0,0,0,0,32,58
"7839",0,0,0,0,0,0,0,0,0,0,0,0,0,0,0,0,0,0,0,0,0,0,0,0,0
"7840",1,1,1,5,1,5,1,1,1,1,1,1,1,4,4,4,4,4,0,4,4,3,2,4,4
"7841",2,1,1,9,1,5,2,1,1,5,1,5,1,4,0,0,1,2,1,4,1,3,3,8,5
"7842",3,1,3,9,1,6,2,1,1,9,1,5,2,2,1,0,1,0,0,2,1,2,2,10,6
"7843",4,4,3,9,4,6,2,1,3,9,1,6,2,3,3,1,3,1,0,3,3,1,1,13,9
"7844",5,4,4,9,4,11,2,4,3,9,4,6,2,1,0,0,3,5,2,1,5,2,2,14,14
"7845",6,4,7,9,6,11,2,4,4,9,4,11,2,3,2,0,2,0,0,3,2,2,1,17,16
"7846",7,4,12,9,9,11,2,4,7,9,6,11,2,3,3,5,3,3,0,5,3,2,1,22,19
"7847",8,4,15,9,17,11,2,4,12,9,9,11,2,3,0,0,6,5,3,3,6,2,1,25,27
"7848",9,4,15,14,17,11,5,4,15,9,17,11,2,5,3,0,3,0,0,5,3,3,3,30,30
"7849",10,4,21,17,20,11,5,4,15,14,17,11,5,3,3,6,3,3,0,6,3,2,1,39,33
"7850",11,1,21,17,27,11,5,4,21,17,20,11,5,3,0,0,2,5,4,3,5,1,1,36,40
"7851",12,1,21,17,27,11,5,1,21,17,27,11,5,2,4,0,NA,0,0,0,0,0,0,36,40
"7852",0,0,0,0,0,0,0,0,0,0,0,0,0,0,0,0,0,0,0,0,0,0,0,0,0
"7853",1,5,1,1,4,1,1,1,1,1,1,1,1,4,3,2,3,2,0,4,3,1,1,4,3
"7854",2,5,3,1,7,1,7,5,1,1,4,1,1,2,0,0,4,6,2,2,6,2,3,6,12
"7855",3,5,7,1,7,1,9,5,3,1,7,1,7,4,2,0,2,0,0,4,2,2,3,10,14
"7856",4,5,7,6,7,5,15,5,7,1,7,1,9,5,3,6,3,6,0,5,6,3,3,15,24
"7857",5,5,10,6,11,17,15,5,7,6,7,5,15,3,0,0,5,4,6,3,6,2,2,18,40
"7858",6,5,10,10,11,17,20,5,10,6,11,17,15,5,4,0,5,0,0,4,5,3,3,22,45
"7859",7,5,15,10,12,17,20,5,10,10,11,17,20,1,5,2,1,2,0,5,1,2,1,27,46
"7860",8,5,17,10,16,17,20,5,15,10,12,17,20,2,0,0,1,4,2,2,4,2,1,29,50
"7861",9,7,17,10,16,18,20,5,17,10,16,17,20,1,2,0,1,0,0,2,1,1,2,31,51
"7862",10,9,17,10,16,21,20,7,17,10,16,18,20,2,3,2,3,2,0,2,3,1,2,33,54
"7863",11,11,17,10,26,21,20,9,17,10,16,21,20,2,0,0,6,6,2,2,6,1,1,35,64
"7864",12,11,17,10,26,21,20,11,17,10,26,21,20,6,2,0,NA,0,0,0,0,0,0,35,64
"7865",0,0,0,0,0,0,0,0,0,0,0,0,0,0,0,0,0,0,0,0,0,0,0,0,0
"7866",1,1,10,1,4,1,1,1,1,1,1,1,1,2,6,3,2,3,0,6,3,2,1,9,3
"7867",2,3,10,1,4,1,6,1,10,1,4,1,1,2,0,0,5,5,1,2,5,1,3,11,8
"7868",3,3,10,6,4,1,7,3,10,1,4,1,6,5,1,0,1,0,0,5,1,3,3,16,9
"7869",4,13,10,6,15,1,7,3,10,6,4,1,7,6,6,1,6,1,0,6,6,1,1,26,20
"7870",5,13,10,7,15,1,11,13,10,6,15,1,7,1,0,0,3,4,3,1,4,3,3,27,24
"7871",6,16,10,7,18,1,11,13,10,7,15,1,11,3,3,0,3,0,0,3,3,1,1,30,27
"7872",7,16,13,7,18,1,16,16,10,7,18,1,11,1,3,5,1,5,0,3,5,2,3,33,32
"7873",8,16,14,7,23,1,16,16,13,7,18,1,16,1,0,0,1,2,5,1,5,2,1,34,37
"7874",9,16,14,9,23,1,17,16,14,7,23,1,16,1,2,0,1,0,0,2,1,3,3,36,38
"7875",10,16,14,11,27,1,17,16,14,9,23,1,17,1,2,4,1,4,0,2,4,3,1,38,42
"7876",11,16,1,12,33,1,17,16,14,11,27,1,17,1,0,0,5,5,5,1,5,3,1,26,48
"7877",12,16,1,12,33,1,17,16,1,12,33,1,17,5,5,0,NA,0,0,0,0,0,0,26,48
"7878",0,0,0,0,0,0,0,0,0,0,0,0,0,0,0,0,0,0,0,0,0,0,0,0,0
"7879",1,7,4,1,1,6,1,1,1,1,1,1,1,6,1,5,1,5,0,6,5,1,2,9,5
"7880",2,8,4,1,4,12,1,7,4,1,1,6,1,1,0,0,2,6,3,1,6,1,2,10,14
"7881",3,10,4,1,7,12,1,8,4,1,4,12,1,2,3,0,3,0,0,2,3,1,1,12,17
"7882",4,10,4,5,7,12,5,10,4,1,7,12,1,4,2,4,2,4,0,4,4,3,3,16,21
"7883",5,12,4,5,8,12,5,10,4,5,7,12,5,2,0,0,2,1,1,2,1,1,1,18,22
"7884",6,12,6,5,8,12,6,12,4,5,8,12,5,2,1,0,1,0,0,2,1,2,3,20,23
"7885",7,12,6,8,8,12,8,12,6,5,8,12,6,3,2,2,2,2,0,3,2,3,3,23,25
"7886",8,14,6,8,8,13,14,12,6,8,8,12,8,2,0,0,4,6,3,2,6,1,3,25,32
"7887",9,18,6,8,11,13,14,14,6,8,8,13,14,4,3,0,3,0,0,4,3,1,1,29,35
"7888",10,18,6,12,15,13,20,18,6,8,11,13,14,4,2,6,2,6,0,4,6,3,3,33,45
"7889",11,20,6,12,23,13,20,18,6,12,15,13,20,2,0,0,3,6,1,2,6,1,1,35,53
"7890",12,20,6,12,23,13,20,20,6,12,23,13,20,3,1,0,NA,0,0,0,0,0,0,35,53
"7891",0,0,0,0,0,0,0,0,0,0,0,0,0,0,0,0,0,0,0,0,0,0,0,0,0
"7892",1,1,5,1,1,2,1,1,1,1,1,1,1,4,1,1,1,1,0,4,1,2,2,4,1
"7893",2,2,5,1,7,8,5,1,5,1,1,2,1,1,0,0,6,4,4,1,6,1,2,5,17
"7894",3,6,5,1,11,8,5,2,5,1,7,8,5,4,4,0,4,0,0,4,4,1,1,9,21
"7895",4,9,5,1,15,14,5,6,5,1,11,8,5,2,3,6,2,6,0,3,6,1,2,12,31
"7896",5,11,5,1,15,14,10,9,5,1,15,14,5,2,0,0,3,5,5,2,5,1,3,14,36
"7897",6,11,10,1,15,17,10,11,5,1,15,14,10,3,5,0,3,0,0,5,3,2,2,19,39
"7898",7,13,10,1,16,17,16,11,10,1,15,17,10,2,6,6,6,6,0,2,6,1,3,21,46
"7899",8,19,11,1,18,17,16,13,10,1,16,17,16,6,0,0,5,2,2,6,2,1,1,28,48
"7900",9,19,13,1,18,17,21,19,11,1,18,17,16,5,2,0,5,0,0,2,5,2,3,30,53
"7901",10,19,13,6,18,22,1,19,13,1,18,17,21,5,5,2,5,5,0,2,5,3,2,35,38
"7902",11,19,13,11,22,22,1,19,13,6,18,22,1,5,0,0,1,3,4,5,4,3,1,40,42
"7903",12,19,13,11,22,22,1,19,13,11,22,22,1,1,3,0,NA,0,0,0,0,0,0,40,42
"7904",0,0,0,0,0,0,0,0,0,0,0,0,0,0,0,0,0,0,0,0,0,0,0,0,0
"7905",1,6,7,1,1,3,1,1,1,1,1,1,1,6,2,4,2,4,0,6,2,2,2,11,2
"7906",2,10,7,1,6,3,1,6,7,1,1,3,1,4,0,0,5,1,5,4,5,1,1,15,7
"7907",3,10,7,6,6,3,2,10,7,1,6,3,1,1,5,0,1,0,0,5,1,3,3,20,8
"7908",4,15,7,6,6,4,2,10,7,6,6,3,2,5,1,1,1,1,0,5,1,1,2,25,9
"7909",5,15,8,6,11,4,2,15,7,6,6,4,2,1,0,0,5,6,3,1,5,2,1,26,14
"7910",6,15,8,15,14,4,2,15,8,6,11,4,2,6,3,0,3,0,0,6,3,3,1,35,17
"7911",7,15,12,15,17,4,2,15,8,15,14,4,2,4,3,1,3,1,0,4,3,2,1,39,20
"7912",8,15,12,16,21,4,2,15,12,15,17,4,2,1,0,0,4,3,6,1,4,3,1,40,24
"7913",9,18,12,16,27,9,2,15,12,16,21,4,2,3,6,0,6,0,0,3,6,1,1,43,35
"7914",10,18,16,16,31,9,2,18,12,16,27,9,2,4,5,4,5,4,0,4,4,2,1,47,39
"7915",11,1,16,16,32,9,5,18,16,16,31,9,2,5,0,0,4,3,3,5,3,1,3,30,43
"7916",12,1,16,16,32,9,5,1,16,16,32,9,5,4,3,0,NA,0,0,0,0,0,0,30,43
"7917",0,0,0,0,0,0,0,0,0,0,0,0,0,0,0,0,0,0,0,0,0,0,0,0,0
"7918",1,5,1,1,1,1,5,1,1,1,1,1,1,4,4,5,4,5,0,4,4,1,3,4,4
"7919",2,10,1,1,1,1,10,5,1,1,1,1,5,5,0,0,5,4,6,5,5,1,3,9,9
"7920",3,12,1,7,1,1,14,10,1,1,1,1,10,4,6,0,4,0,0,6,4,3,3,17,13
"7921",4,12,1,12,1,1,15,12,1,7,1,1,14,2,1,5,2,1,0,5,1,3,3,22,14
"7922",5,12,1,12,1,1,25,12,1,12,1,1,15,2,0,0,6,1,4,2,6,2,3,22,24
"7923",6,12,1,16,1,1,26,12,1,12,1,1,25,1,4,0,1,0,0,4,1,3,3,26,25
"7924",7,18,2,22,1,1,30,12,1,16,1,1,26,6,4,2,4,2,0,6,4,1,3,39,29
"7925",8,18,2,1,8,1,36,18,2,22,1,1,30,2,0,0,1,5,1,2,5,3,1,18,42
"7926",9,19,2,1,8,2,36,18,2,1,8,1,36,1,1,0,1,0,0,1,1,1,2,19,43
"7927",10,29,2,1,8,7,36,19,2,1,8,2,36,6,5,4,5,4,0,6,5,1,2,29,48
"7928",11,33,2,1,10,7,39,29,2,1,8,7,36,4,0,0,6,3,6,4,3,1,3,33,91
"7929",12,33,2,1,10,7,39,33,2,1,10,7,39,6,6,0,NA,0,0,0,0,0,0,33,91
"7930",0,0,0,0,0,0,0,0,0,0,0,0,0,0,0,0,0,0,0,0,0,0,0,0,0
"7931",1,1,6,1,6,1,1,1,1,1,1,1,1,5,2,5,2,5,0,5,5,2,1,5,5
"7932",2,1,6,3,12,1,4,1,6,1,6,1,1,2,0,0,2,2,6,2,6,3,1,7,14
"7933",3,3,6,3,12,3,4,1,6,3,12,1,4,2,2,0,2,0,0,2,2,1,2,9,16
"7934",4,3,11,3,17,9,10,3,6,3,12,3,4,4,5,6,4,6,0,5,6,2,3,14,33
"7935",5,3,11,7,17,9,15,3,11,3,17,9,10,4,0,0,5,2,5,4,5,3,3,18,38
"7936",6,3,11,12,17,11,15,3,11,7,17,9,15,2,5,0,2,0,0,5,2,3,2,23,40
"7937",7,3,16,12,17,15,15,3,11,12,17,11,15,5,4,2,4,2,0,5,4,2,2,28,44
"7938",8,3,16,14,19,15,15,3,16,12,17,15,15,2,0,0,5,2,3,2,2,3,1,30,46
"7939",9,3,19,14,19,20,15,3,16,14,19,15,15,5,3,0,5,0,0,3,5,2,2,33,51
"7940",10,3,19,16,19,20,16,3,19,14,19,20,15,1,3,2,1,3,0,2,1,3,3,35,52
"7941",11,6,19,16,20,20,16,3,19,16,19,20,16,3,0,0,1,4,3,3,1,1,1,38,53
"7942",12,6,19,16,20,20,16,6,19,16,20,20,16,4,3,0,NA,0,0,0,0,0,0,38,53
"7943",0,0,0,0,0,0,0,0,0,0,0,0,0,0,0,0,0,0,0,0,0,0,0,0,0
"7944",1,5,1,1,1,6,1,1,1,1,1,1,1,5,4,3,5,3,0,4,5,1,2,4,5
"7945",2,8,1,1,1,7,7,5,1,1,1,6,1,3,0,0,4,6,5,3,6,1,3,7,12
"7946",3,13,1,1,1,11,7,8,1,1,1,7,7,4,5,0,4,0,0,5,4,1,2,12,16
"7947",4,16,1,1,1,11,10,13,1,1,1,11,7,3,1,3,1,3,0,3,3,1,3,15,19
"7948",5,16,2,1,6,11,10,16,1,1,1,11,10,1,0,0,1,5,4,1,5,2,1,16,24
"7949",6,20,2,1,6,11,11,16,2,1,6,11,10,1,4,0,1,0,0,4,1,1,3,20,25
"7950",7,29,2,1,6,11,11,20,2,1,6,11,11,5,4,5,5,5,0,4,5,1,1,29,25
"7951",8,34,2,1,9,11,11,29,2,1,6,11,11,5,0,0,6,1,3,5,3,1,1,34,28
"7952",9,37,8,1,10,11,11,34,2,1,9,11,11,6,1,0,1,0,0,6,1,2,1,43,29
"7953",10,39,19,1,11,11,11,37,8,1,10,11,11,6,1,3,1,3,0,6,1,2,1,94,30
"7954",11,39,22,1,19,11,11,39,19,1,11,11,11,3,0,0,6,1,6,3,6,2,1,97,38
"7955",12,39,22,1,19,11,11,39,22,1,19,11,11,1,6,0,NA,0,0,0,0,0,0,97,38
"7956",0,0,0,0,0,0,0,0,0,0,0,0,0,0,0,0,0,0,0,0,0,0,0,0,0
"7957",1,1,6,1,4,1,1,1,1,1,1,1,1,5,3,1,3,1,0,5,3,2,1,5,3
"7958",2,1,6,2,6,1,1,1,6,1,4,1,1,1,0,0,2,4,2,1,2,3,1,6,5
"7959",3,1,6,6,8,1,1,1,6,2,6,1,1,4,2,0,2,0,0,4,2,3,1,10,7
"7960",4,2,6,6,8,4,1,1,6,6,8,1,1,1,3,2,3,2,0,1,3,1,2,11,10
"7961",5,2,8,6,10,4,1,2,6,6,8,4,1,2,0,0,1,1,2,2,2,2,1,13,12
"7962",6,2,8,7,11,4,1,2,8,6,10,4,1,1,1,0,1,0,0,1,1,3,1,14,13
"7963",7,2,12,7,11,6,1,2,8,7,11,4,1,2,4,1,2,1,0,4,2,2,2,18,15
"7964",8,2,12,8,11,7,1,2,12,7,11,6,1,1,0,0,1,1,1,1,1,3,2,19,16
"7965",9,3,12,8,12,7,1,2,12,8,11,7,1,1,1,0,1,0,0,1,1,1,1,20,17
"7966",10,3,17,8,15,7,1,3,12,8,12,7,1,1,3,5,1,3,0,5,3,2,1,25,20
"7967",11,4,17,8,25,7,1,3,17,8,15,7,1,1,0,0,5,6,5,1,6,1,1,26,30
"7968",12,4,17,8,25,7,1,4,17,8,25,7,1,5,5,0,NA,0,0,0,0,0,0,26,30
"7969",0,0,0,0,0,0,0,0,0,0,0,0,0,0,0,0,0,0,0,0,0,0,0,0,0
"7970",1,7,4,1,6,1,1,1,1,1,1,1,1,5,3,6,5,3,0,6,5,1,1,9,5
"7971",2,10,4,1,11,1,1,7,4,1,6,1,1,3,0,0,2,3,5,3,5,1,1,12,10
"7972",3,13,4,1,11,3,1,10,4,1,11,1,1,2,3,0,2,0,0,3,2,1,2,15,12
"7973",4,15,4,7,16,3,1,13,4,1,11,3,1,2,6,5,2,5,0,6,5,3,1,23,17
"7974",5,17,4,7,18,3,1,15,4,7,16,3,1,2,0,0,1,5,2,2,2,1,1,25,19
"7975",6,17,4,12,18,4,1,17,4,7,18,3,1,1,5,0,1,0,0,5,1,3,2,30,20
"7976",7,17,7,18,23,4,1,17,4,12,18,4,1,5,6,5,5,5,0,6,5,3,1,39,25
"7977",8,17,12,18,33,4,1,17,7,18,23,4,1,5,0,0,1,4,6,5,6,2,1,44,35
"7978",9,21,12,18,33,5,1,17,12,18,33,4,1,1,4,0,1,0,0,4,1,1,2,48,36
"7979",10,21,14,18,34,5,1,21,12,18,33,5,1,1,1,2,1,1,0,2,1,2,1,50,37
"7980",11,21,14,19,39,9,1,21,14,18,34,5,1,1,0,0,6,4,5,1,5,3,1,51,84
"7981",12,21,14,19,39,9,1,21,14,19,39,9,1,6,4,0,NA,0,0,0,0,0,0,51,84
"7982",0,0,0,0,0,0,0,0,0,0,0,0,0,0,0,0,0,0,0,0,0,0,0,0,0
"7983",1,4,1,1,1,1,4,1,1,1,1,1,1,3,3,1,3,1,0,3,3,1,3,3,3
"7984",2,4,2,1,1,1,6,4,1,1,1,1,4,1,0,0,2,3,1,1,2,2,3,4,5
"7985",3,7,2,1,1,1,7,4,2,1,1,1,6,3,1,0,1,0,0,3,1,1,3,7,6
"7986",4,7,11,1,1,1,10,7,2,1,1,1,7,2,3,6,2,3,0,6,3,2,3,16,9
"7987",5,9,11,1,1,1,11,7,11,1,1,1,10,2,0,0,1,2,1,2,1,1,3,18,10
"7988",6,9,11,3,1,2,11,9,11,1,1,1,11,2,1,0,1,0,0,2,1,3,2,20,11
"7989",7,15,12,3,1,6,11,9,11,3,1,2,11,6,4,1,4,1,0,6,4,1,2,27,15
"7990",8,16,12,3,1,6,16,15,12,3,1,6,11,1,0,0,5,1,3,1,5,1,3,28,20
"7991",9,19,12,3,1,7,16,16,12,3,1,6,16,1,3,0,1,0,0,3,1,1,2,31,21
"7992",10,19,16,9,2,7,16,19,12,3,1,7,16,1,6,2,1,2,0,6,1,3,1,41,22
"7993",11,21,16,9,2,11,16,19,16,9,2,7,16,2,0,0,4,5,4,2,4,1,2,43,26
"7994",12,21,16,9,2,11,16,21,16,9,2,11,16,5,4,0,NA,0,0,0,0,0,0,43,26
"7995",0,0,0,0,0,0,0,0,0,0,0,0,0,0,0,0,0,0,0,0,0,0,0,0,0
"7996",1,1,6,7,12,1,1,1,1,1,1,1,1,6,6,4,6,4,0,6,6,3,1,11,11
"7997",2,1,10,7,12,1,10,1,6,7,12,1,1,4,0,0,2,1,6,4,6,2,3,15,20
"7998",3,1,10,9,12,1,11,1,10,7,12,1,10,2,1,0,1,0,0,2,1,3,3,17,21
"7999",4,1,14,9,15,1,17,1,10,9,12,1,11,3,4,6,3,6,0,4,6,2,3,21,30
"8000",5,4,14,9,15,7,19,1,14,9,15,1,17,3,0,0,3,6,5,3,6,1,2,24,38
"8001",6,4,14,14,15,10,19,4,14,9,15,7,19,3,5,0,3,0,0,5,3,3,2,29,41
"8002",7,4,15,14,15,10,20,4,14,14,15,10,19,1,1,1,1,1,0,1,1,2,3,30,42
"8003",8,4,16,14,16,10,20,4,15,14,15,10,20,1,0,0,1,5,2,1,1,2,1,31,43
"8004",9,4,16,19,16,12,20,4,16,14,16,10,20,5,2,0,2,0,0,5,2,3,2,36,45
"8005",10,4,20,19,19,12,20,4,16,19,16,12,20,4,1,3,1,3,0,4,3,2,1,40,48
"8006",11,4,21,19,20,12,20,4,20,19,19,12,20,1,0,0,1,4,2,1,1,2,1,41,49
"8007",12,4,21,19,20,12,20,4,21,19,20,12,20,4,2,0,NA,0,0,0,0,0,0,41,49
"8008",0,0,0,0,0,0,0,0,0,0,0,0,0,0,0,0,0,0,0,0,0,0,0,0,0
"8009",1,1,1,4,6,1,1,1,1,1,1,1,1,3,5,3,5,3,0,3,5,3,1,3,5
"8010",2,4,1,4,10,1,1,1,1,4,6,1,1,3,0,0,4,4,5,3,4,1,1,6,9
"8011",3,4,6,4,10,5,1,4,1,4,10,1,1,4,5,0,4,0,0,5,4,2,2,11,13
"8012",4,4,6,6,10,9,1,4,6,4,10,5,1,2,2,4,2,4,0,2,4,3,2,13,17
"8013",5,6,6,6,10,13,1,4,6,6,10,9,1,2,0,0,1,4,2,2,4,1,2,15,21
"8014",6,6,6,7,10,13,3,6,6,6,10,13,1,1,2,0,2,0,0,1,2,3,3,16,23
"8015",7,6,6,12,10,16,3,6,6,7,10,13,3,3,2,5,3,2,0,5,3,3,2,21,26
"8016",8,6,8,12,10,16,5,6,6,12,10,16,3,2,0,0,2,1,1,2,2,2,3,23,28
"8017",9,6,9,12,11,16,5,6,8,12,10,16,5,1,1,0,1,0,0,1,1,2,1,24,29
"8018",10,6,9,15,11,20,11,6,9,12,11,16,5,6,3,3,6,3,0,3,6,3,3,27,39
"8019",11,9,9,15,16,20,11,6,9,15,11,20,11,3,0,0,5,2,1,3,5,1,1,30,44
"8020",12,9,9,15,16,20,11,9,9,15,16,20,11,2,1,0,NA,0,0,0,0,0,0,30,44
"8021",0,0,0,0,0,0,0,0,0,0,0,0,0,0,0,0,0,0,0,0,0,0,0,0,0
"8022",1,6,1,1,2,1,1,1,1,1,1,1,1,1,5,1,1,1,0,5,1,1,1,5,1
"8023",2,7,1,1,2,5,1,6,1,1,2,1,1,1,0,0,4,4,4,1,4,1,2,6,5
"8024",3,7,5,1,2,9,1,7,1,1,2,5,1,4,4,0,4,0,0,4,4,2,2,10,9
"8025",4,16,5,1,11,9,1,7,5,1,2,9,1,6,6,3,6,3,0,6,6,1,1,19,18
"8026",5,16,8,1,11,9,5,16,5,1,11,9,1,3,0,0,2,1,4,3,4,2,3,22,22
"8027",6,16,8,2,11,9,7,16,8,1,11,9,5,2,1,0,2,0,0,1,2,3,3,23,24
"8028",7,21,8,2,11,9,11,16,8,2,11,9,7,5,4,4,4,4,0,5,4,1,3,28,28
"8029",8,21,12,2,11,11,11,21,8,2,11,9,11,4,0,0,1,2,2,4,2,2,2,32,30
"8030",9,21,14,2,12,11,11,21,12,2,11,11,11,1,2,0,1,0,0,2,1,2,1,34,31
"8031",10,21,14,7,12,16,11,21,14,2,12,11,11,5,5,3,5,3,0,5,5,3,2,39,36
"8032",11,24,14,7,17,16,11,21,14,7,12,16,11,3,0,0,2,5,4,3,5,1,1,42,41
"8033",12,24,14,7,17,16,11,24,14,7,17,16,11,2,4,0,NA,0,0,0,0,0,0,42,41
"8034",0,0,0,0,0,0,0,0,0,0,0,0,0,0,0,0,0,0,0,0,0,0,0,0,0
"8035",1,1,6,1,1,1,3,1,1,1,1,1,1,2,5,1,2,1,0,5,2,2,3,5,2
"8036",2,1,6,2,1,1,4,1,6,1,1,1,3,1,0,0,1,1,1,1,1,3,3,6,3
"8037",3,1,7,2,2,1,4,1,6,2,1,1,4,1,1,0,1,0,0,1,1,2,1,7,4
"8038",4,1,9,2,2,1,7,1,7,2,2,1,4,2,3,1,3,1,0,2,3,2,3,9,7
"8039",5,1,9,3,6,1,7,1,9,2,2,1,7,1,0,0,4,3,3,1,4,3,1,10,11
"8040",6,1,12,3,9,1,7,1,9,3,6,1,7,3,3,0,3,0,0,3,3,2,1,13,14
"8041",7,5,12,9,12,1,7,1,12,3,9,1,7,3,3,6,3,3,0,6,3,3,1,23,17
"8042",8,5,12,12,18,8,7,5,12,9,12,1,7,3,0,0,3,6,3,3,6,3,1,26,30
"8043",9,5,12,15,21,8,7,5,12,12,18,8,7,3,3,0,3,0,0,3,3,3,1,29,33
"8044",10,5,12,20,21,13,7,5,12,15,21,8,7,5,4,5,4,5,0,5,5,3,2,34,38
"8045",11,9,12,20,26,13,7,5,12,20,21,13,7,4,0,0,3,5,1,4,5,1,1,38,43
"8046",12,9,12,20,26,13,7,9,12,20,26,13,7,3,1,0,NA,0,0,0,0,0,0,38,43
"8047",0,0,0,0,0,0,0,0,0,0,0,0,0,0,0,0,0,0,0,0,0,0,0,0,0
"8048",1,7,1,3,1,1,6,1,1,1,1,1,1,2,6,5,2,5,0,6,5,1,3,8,5
"8049",2,7,3,3,1,1,9,7,1,3,1,1,6,2,0,0,3,1,2,2,3,2,3,10,8
"8050",3,7,5,3,1,1,10,7,3,3,1,1,9,1,2,0,1,0,0,2,1,2,3,12,9
"8051",4,7,5,8,4,1,10,7,5,3,1,1,10,5,3,1,3,1,0,5,3,3,1,17,12
"8052",5,8,5,8,9,1,10,7,5,8,4,1,10,1,0,0,3,5,5,1,5,1,1,18,17
"8053",6,8,5,13,9,1,13,8,5,8,9,1,10,3,5,0,3,0,0,5,3,3,3,23,20
"8054",7,8,14,13,12,1,25,8,5,13,9,1,13,6,6,4,6,4,0,6,6,2,3,32,35
"8055",8,1,18,13,12,1,30,8,14,13,12,1,25,4,0,0,3,1,4,4,1,2,3,29,40
"8056",9,1,21,13,12,5,30,1,18,13,12,1,30,3,4,0,4,0,0,3,4,2,2,32,44
"8057",10,1,21,18,19,5,39,1,21,13,12,5,30,6,5,1,6,1,0,5,6,3,3,37,98
"8058",11,2,21,18,22,5,39,1,21,18,19,5,39,1,0,0,3,6,3,1,3,1,1,38,101
"8059",12,2,21,18,22,5,39,2,21,18,22,5,39,6,3,0,NA,0,0,0,0,0,0,38,101
"8060",0,0,0,0,0,0,0,0,0,0,0,0,0,0,0,0,0,0,0,0,0,0,0,0,0
"8061",1,4,1,7,1,1,4,1,1,1,1,1,1,6,3,2,3,2,0,6,3,3,3,9,3
"8062",2,4,1,9,1,5,4,4,1,7,1,1,4,2,0,0,3,4,4,2,4,3,2,11,7
"8063",3,8,1,9,4,5,4,4,1,9,1,5,4,3,4,0,3,0,0,4,3,1,1,15,10
"8064",4,12,1,9,5,5,4,8,1,9,4,5,4,1,4,1,1,1,0,4,1,1,1,19,11
"8065",5,12,1,10,5,5,9,12,1,9,5,5,4,1,0,0,3,5,1,1,5,3,3,20,16
"8066",6,12,4,10,5,5,10,12,1,10,5,5,9,3,1,0,1,0,0,3,1,2,3,23,17
"8067",7,17,10,10,5,5,20,12,4,10,5,5,10,6,6,4,6,4,0,6,6,2,3,34,27
"8068",8,17,14,10,5,5,22,17,10,10,5,5,20,4,0,0,2,4,2,4,2,2,3,38,29
"8069",9,17,14,14,5,7,22,17,14,10,5,5,22,4,2,0,2,0,0,4,2,3,2,42,31
"8070",10,1,18,20,8,7,28,17,14,14,5,7,22,6,4,4,4,4,0,6,4,3,1,36,40
"8071",11,1,18,24,14,8,28,1,18,20,8,7,28,4,0,0,5,6,2,4,6,3,1,40,47
"8072",12,1,18,24,14,8,28,1,18,24,14,8,28,5,2,0,NA,0,0,0,0,0,0,40,47
"8073",0,0,0,0,0,0,0,0,0,0,0,0,0,0,0,0,0,0,0,0,0,0,0,0,0
"8074",1,6,7,1,1,1,6,1,1,1,1,1,1,6,2,5,2,5,0,6,5,2,3,11,5
"8075",2,6,9,1,1,5,6,6,7,1,1,1,6,2,0,0,5,6,4,2,4,2,2,13,9
"8076",3,6,15,4,1,10,6,6,9,1,1,5,6,5,6,0,5,0,0,6,5,2,2,22,14
"8077",4,8,15,4,4,10,6,6,15,4,1,10,6,3,2,3,3,3,0,2,3,1,1,24,17
"8078",5,8,18,4,4,15,6,8,15,4,4,10,6,3,0,0,5,6,2,3,5,2,2,27,22
"8079",6,15,18,10,4,15,8,8,18,4,4,15,6,6,2,0,2,0,0,6,2,3,3,40,24
"8080",7,15,18,21,4,15,9,15,18,10,4,15,8,1,6,3,1,3,0,6,1,3,3,51,25
"8081",8,15,21,21,4,15,12,15,18,21,4,15,9,3,0,0,3,5,3,3,3,2,3,54,28
"8082",9,15,24,21,4,15,17,15,21,21,4,15,12,5,3,0,5,0,0,3,5,2,3,57,33
"8083",10,19,33,21,9,1,17,15,24,21,4,15,17,6,5,1,5,1,0,6,5,2,1,70,24
"8084",11,19,1,1,16,5,23,19,33,21,9,1,17,1,0,0,6,6,1,1,6,2,1,18,41
"8085",12,19,1,1,16,5,23,19,1,1,16,5,23,6,1,0,NA,0,0,0,0,0,0,18,41
"8086",0,0,0,0,0,0,0,0,0,0,0,0,0,0,0,0,0,0,0,0,0,0,0,0,0
"8087",1,2,1,1,7,1,11,1,1,1,1,1,1,5,6,1,5,6,0,1,6,1,3,1,16
"8088",2,2,6,1,13,1,13,2,1,1,7,1,11,5,0,0,2,6,4,5,6,2,1,6,24
"8089",3,2,6,5,13,1,15,2,6,1,13,1,13,2,4,0,2,0,0,4,2,3,3,10,26
"8090",4,7,6,5,13,1,20,2,6,5,13,1,15,3,5,5,3,5,0,5,5,1,3,15,31
"8091",5,10,6,5,13,6,20,7,6,5,13,1,20,3,0,0,6,5,5,3,5,1,2,18,36
"8092",6,18,6,5,13,11,20,10,6,5,13,6,20,6,5,0,5,0,0,6,5,1,2,26,41
"8093",7,22,6,5,19,20,20,18,6,5,13,11,20,6,2,4,6,2,0,4,6,1,1,30,56
"8094",8,24,6,5,19,20,22,22,6,5,19,20,20,2,0,0,1,3,2,2,2,1,3,32,58
"8095",9,25,6,5,22,20,22,24,6,5,19,20,22,1,3,0,3,0,0,1,3,1,1,33,61
"8096",10,30,6,5,22,20,27,25,6,5,22,20,22,5,2,5,2,5,0,5,5,1,3,38,66
"8097",11,30,8,5,22,20,36,30,6,5,22,20,27,2,0,0,4,6,4,2,6,2,3,40,75
"8098",12,30,8,5,22,20,36,30,8,5,22,20,36,4,4,0,NA,0,0,0,0,0,0,40,75
"8099",0,0,0,0,0,0,0,0,0,0,0,0,0,0,0,0,0,0,0,0,0,0,0,0,0
"8100",1,5,1,1,3,1,1,1,1,1,1,1,1,2,4,1,2,1,0,4,2,1,1,4,2
"8101",2,6,1,1,3,1,5,5,1,1,3,1,1,1,0,0,4,3,1,1,4,1,3,5,6
"8102",3,6,4,1,4,1,5,6,1,1,3,1,5,3,1,0,1,0,0,3,1,2,1,8,7
"8103",4,10,4,1,4,3,5,6,4,1,4,1,5,2,2,4,2,2,0,4,2,1,2,12,9
"8104",5,10,4,3,12,3,5,10,4,1,4,3,5,2,0,0,4,6,3,2,6,3,1,14,17
"8105",6,10,8,3,12,3,8,10,4,3,12,3,5,4,3,0,3,0,0,4,3,2,3,18,20
"8106",7,15,8,3,12,8,8,10,8,3,12,3,8,2,5,5,2,5,0,5,5,1,2,23,25
"8107",8,15,8,5,16,8,8,15,8,3,12,8,8,2,0,0,4,3,4,2,4,3,1,25,29
"8108",9,15,12,5,16,8,11,15,8,5,16,8,8,3,4,0,3,0,0,4,3,2,3,29,32
"8109",10,15,17,5,16,13,11,15,12,5,16,8,11,5,5,1,5,1,0,5,5,2,2,34,37
"8110",11,16,17,5,21,13,11,15,17,5,16,13,11,1,0,0,5,3,4,1,5,1,1,35,42
"8111",12,16,17,5,21,13,11,16,17,5,21,13,11,3,4,0,NA,0,0,0,0,0,0,35,42
"8112",0,0,0,0,0,0,0,0,0,0,0,0,0,0,0,0,0,0,0,0,0,0,0,0,0
"8113",1,1,7,4,6,13,1,1,1,1,1,1,1,6,6,4,6,4,0,6,6,2,2,9,17
"8114",2,1,7,8,11,13,1,1,7,4,6,13,1,4,0,0,2,6,5,4,5,3,1,13,22
"8115",3,1,14,8,11,15,1,1,7,8,11,13,1,2,6,0,2,0,0,6,2,2,2,20,24
"8116",4,5,14,1,11,19,2,1,14,8,11,15,1,6,1,4,1,4,0,6,1,3,3,17,29
"8117",5,9,14,1,14,19,14,5,14,1,11,19,2,4,0,0,2,6,1,4,6,1,3,21,44
"8118",6,9,16,1,15,19,14,9,14,1,14,19,14,2,1,0,1,0,0,2,1,2,1,23,45
"8119",7,10,16,1,15,19,19,9,16,1,15,19,14,1,5,3,5,3,0,1,5,1,3,24,50
"8120",8,10,19,1,19,19,19,10,16,1,15,19,19,3,0,0,1,4,6,3,4,2,1,27,54
"8121",9,16,19,1,19,21,20,10,19,1,19,19,19,1,6,0,1,0,0,6,1,1,3,33,57
"8122",10,19,19,3,19,1,23,16,19,1,19,21,20,3,2,1,3,1,0,2,3,3,3,38,40
"8123",11,19,20,3,19,3,23,19,19,3,19,1,23,1,0,0,2,4,3,1,2,2,2,39,42
"8124",12,19,20,3,19,3,23,19,20,3,19,3,23,4,3,0,NA,0,0,0,0,0,0,39,42
"8125",0,0,0,0,0,0,0,0,0,0,0,0,0,0,0,0,0,0,0,0,0,0,0,0,0
"8126",1,5,1,1,5,1,1,1,1,1,1,1,1,2,4,4,2,4,0,4,4,1,1,4,4
"8127",2,5,1,3,5,1,3,5,1,1,5,1,1,2,0,0,2,4,4,2,2,3,3,6,6
"8128",3,5,5,3,5,5,3,5,1,3,5,1,3,4,4,0,4,0,0,4,4,2,2,10,10
"8129",4,5,9,3,11,8,3,5,5,3,5,5,3,4,4,6,4,6,0,4,6,2,1,14,19
"8130",5,5,13,3,11,8,10,5,9,3,11,8,3,4,0,0,4,1,6,4,6,2,3,18,26
"8131",6,5,17,3,11,9,10,5,13,3,11,8,10,4,1,0,1,0,0,4,1,2,2,22,27
"8132",7,5,20,3,11,9,13,5,17,3,11,9,10,3,1,3,1,3,0,3,3,2,3,25,30
"8133",8,5,21,3,11,9,18,5,20,3,11,9,13,1,0,0,5,3,5,1,5,2,3,26,35
"8134",9,5,26,3,14,9,18,5,21,3,11,9,18,3,5,0,3,0,0,5,3,2,1,31,38
"8135",10,5,30,3,16,1,18,5,26,3,14,9,18,1,2,1,2,1,0,1,2,2,1,35,32
"8136",11,6,30,1,22,1,18,5,30,3,16,1,18,1,0,0,4,5,2,1,5,1,1,34,38
"8137",12,6,30,1,22,1,18,6,30,1,22,1,18,4,2,0,NA,0,0,0,0,0,0,34,38
"8138",0,0,0,0,0,0,0,0,0,0,0,0,0,0,0,0,0,0,0,0,0,0,0,0,0
"8139",1,5,1,1,4,1,1,1,1,1,1,1,1,4,1,3,1,3,0,4,3,1,1,4,3
"8140",2,5,1,2,4,5,1,5,1,1,4,1,1,1,0,0,2,4,5,1,4,3,2,5,7
"8141",3,5,1,7,4,7,1,5,1,2,4,5,1,2,5,0,2,0,0,5,2,3,2,10,9
"8142",4,5,5,7,4,12,1,5,1,7,4,7,1,4,4,5,4,5,0,4,5,2,2,14,14
"8143",5,5,5,11,10,12,3,5,5,7,4,12,1,4,0,0,3,6,6,4,6,3,1,18,22
"8144",6,5,5,20,10,15,3,5,5,11,10,12,3,3,6,0,3,0,0,6,3,3,2,27,25
"8145",7,10,5,20,15,15,3,5,5,20,10,15,3,5,5,5,5,5,0,5,5,1,1,32,30
"8146",8,10,10,20,19,15,3,10,5,20,15,15,3,5,0,0,4,4,6,5,4,2,1,37,34
"8147",9,10,18,20,19,19,3,10,10,20,19,15,3,4,6,0,4,0,0,6,4,2,2,45,38
"8148",10,14,18,20,21,19,3,10,18,20,19,19,3,1,4,2,1,2,0,4,2,1,1,49,40
"8149",11,15,18,20,25,19,3,14,18,20,21,19,3,1,0,0,4,2,3,1,4,1,1,50,44
"8150",12,15,18,20,25,19,3,15,18,20,25,19,3,2,3,0,NA,0,0,0,0,0,0,50,44
"8151",0,0,0,0,0,0,0,0,0,0,0,0,0,0,0,0,0,0,0,0,0,0,0,0,0
"8152",1,1,1,4,4,1,1,1,1,1,1,1,1,2,3,3,2,3,0,3,3,3,1,3,3
"8153",2,1,1,6,6,1,1,1,1,4,4,1,1,2,0,0,1,1,2,2,2,3,1,5,5
"8154",3,1,1,7,6,1,2,1,1,6,6,1,1,1,1,0,1,0,0,1,1,3,3,6,6
"8155",4,4,1,7,6,1,3,1,1,7,6,1,2,1,3,1,1,1,0,3,1,1,3,9,7
"8156",5,4,2,7,9,1,3,4,1,7,6,1,3,1,0,0,3,1,3,1,3,2,1,10,10
"8157",6,7,2,7,9,2,3,4,2,7,9,1,3,1,3,0,1,0,0,3,1,1,2,13,11
"8158",7,10,8,7,12,2,3,7,2,7,9,2,3,6,3,1,3,1,0,6,3,2,1,22,14
"8159",8,11,8,7,17,2,3,10,8,7,12,2,3,1,0,0,1,2,5,1,5,1,1,23,19
"8160",9,11,9,7,17,4,3,11,8,7,17,2,3,1,2,0,2,0,0,1,2,2,2,24,21
"8161",10,11,13,7,17,4,5,11,9,7,17,4,3,2,2,4,2,2,0,4,2,2,3,28,23
"8162",11,11,15,7,17,4,10,11,13,7,17,4,5,2,0,0,3,5,6,2,5,2,3,30,28
"8163",12,11,15,7,17,4,10,11,15,7,17,4,10,3,6,0,NA,0,0,0,0,0,0,30,28
"8164",0,0,0,0,0,0,0,0,0,0,0,0,0,0,0,0,0,0,0,0,0,0,0,0,0
"8165",1,6,1,1,8,1,1,1,1,1,1,1,1,1,6,5,1,6,0,5,6,1,1,5,7
"8166",2,6,2,1,14,1,2,6,1,1,8,1,1,1,0,0,5,6,4,1,6,2,1,6,14
"8167",3,10,2,1,14,6,2,6,2,1,14,1,2,5,4,0,5,0,0,4,5,1,2,10,19
"8168",4,15,2,1,14,11,2,10,2,1,14,6,2,5,5,5,5,5,0,5,5,1,2,15,24
"8169",5,1,2,12,14,14,2,15,2,1,14,11,2,5,0,0,1,6,4,5,1,1,3,12,27
"8170",6,1,7,18,14,14,6,1,2,12,14,14,2,6,4,0,4,0,0,6,4,3,3,23,31
"8171",7,4,7,18,18,14,6,1,7,18,14,14,6,4,4,3,4,4,0,3,4,1,1,26,35
"8172",8,4,7,22,18,19,6,4,7,18,18,14,6,4,0,0,4,5,3,4,5,3,2,30,40
"8173",9,8,7,22,21,19,6,4,7,22,18,19,6,4,3,0,3,0,0,4,3,1,1,34,43
"8174",10,8,10,22,21,19,9,8,7,22,21,19,6,3,3,2,3,2,0,3,3,2,3,37,46
"8175",11,8,12,22,28,19,9,8,10,22,21,19,9,2,0,0,2,4,6,2,6,2,1,39,53
"8176",12,8,12,22,28,19,9,8,12,22,28,19,9,2,4,0,NA,0,0,0,0,0,0,39,53
"8177",0,0,0,0,0,0,0,0,0,0,0,0,0,0,0,0,0,0,0,0,0,0,0,0,0
"8178",1,6,1,1,4,7,1,1,1,1,1,1,1,2,5,6,2,6,0,5,6,1,2,5,9
"8179",2,6,3,1,4,7,4,6,1,1,4,7,1,2,0,0,3,1,1,2,3,2,3,7,12
"8180",3,6,3,2,5,7,4,6,3,1,4,7,4,1,1,0,1,0,0,1,1,3,1,8,13
"8181",4,11,3,2,9,7,10,6,3,2,5,7,4,5,6,2,6,2,0,5,6,1,3,13,23
"8182",5,11,5,2,13,13,10,11,3,2,9,7,10,2,0,0,6,2,5,2,6,2,2,15,33
"8183",6,11,10,2,13,15,10,11,5,2,13,13,10,2,5,0,2,0,0,5,2,2,2,20,35
"8184",7,13,10,2,13,17,10,11,10,2,13,15,10,2,2,2,2,2,0,2,2,1,2,22,37
"8185",8,13,12,2,13,18,10,13,10,2,13,17,10,2,0,0,3,1,4,2,1,2,2,24,38
"8186",9,13,16,2,13,18,13,13,12,2,13,18,10,3,4,0,3,0,0,4,3,2,3,28,41
"8187",10,13,20,2,19,18,15,13,16,2,13,18,13,6,4,3,6,3,0,4,6,2,1,32,49
"8188",11,16,20,2,23,18,15,13,20,2,19,18,15,3,0,0,4,2,1,3,4,1,1,35,53
"8189",12,16,20,2,23,18,15,16,20,2,23,18,15,2,1,0,NA,0,0,0,0,0,0,35,53
"8190",0,0,0,0,0,0,0,0,0,0,0,0,0,0,0,0,0,0,0,0,0,0,0,0,0
"8191",1,3,1,1,1,6,1,1,1,1,1,1,1,2,4,5,4,5,0,2,5,1,2,2,5
"8192",2,7,1,1,1,6,3,3,1,1,1,6,1,4,0,0,2,3,2,4,2,1,3,6,7
"8193",3,7,1,4,1,6,5,7,1,1,1,6,3,3,2,0,2,0,0,3,2,3,3,9,9
"8194",4,7,6,4,1,11,5,7,1,4,1,6,5,5,5,2,5,2,0,5,5,2,2,14,14
"8195",5,9,6,4,1,16,5,7,6,4,1,11,5,2,0,0,1,2,5,2,5,1,2,16,19
"8196",6,11,6,4,1,16,6,9,6,4,1,16,5,1,2,0,1,0,0,2,1,1,3,18,20
"8197",7,16,6,4,1,16,9,11,6,4,1,16,6,2,3,5,2,3,0,5,3,1,3,23,23
"8198",8,16,6,6,5,16,9,16,6,4,1,16,9,2,0,0,4,2,4,2,4,3,1,25,27
"8199",9,20,6,6,7,16,9,16,6,6,5,16,9,2,4,0,2,0,0,4,2,1,1,29,29
"8200",10,20,12,10,7,16,13,20,6,6,7,16,9,6,4,4,4,4,0,6,4,2,3,39,33
"8201",11,24,12,10,8,16,13,20,12,10,7,16,13,4,0,0,3,5,1,4,1,1,1,43,34
"8202",12,24,12,10,8,16,13,24,12,10,8,16,13,3,5,0,NA,0,0,0,0,0,0,43,34
"8203",0,0,0,0,0,0,0,0,0,0,0,0,0,0,0,0,0,0,0,0,0,0,0,0,0
"8204",1,1,5,1,1,3,1,1,1,1,1,1,1,2,1,4,2,1,0,4,2,2,2,4,2
"8205",2,1,6,1,1,8,1,1,5,1,1,3,1,1,0,0,4,5,5,1,5,2,2,5,7
"8206",3,5,6,1,6,8,1,1,6,1,1,8,1,4,5,0,5,0,0,4,5,1,1,9,12
"8207",4,8,6,1,6,12,1,5,6,1,6,8,1,3,3,4,3,4,0,3,4,1,2,12,16
"8208",5,8,9,1,12,12,6,8,6,1,6,12,1,3,0,0,6,3,4,3,6,2,1,15,27
"8209",6,11,9,1,16,12,6,8,9,1,12,12,6,3,4,0,4,0,0,3,4,1,1,18,31
"8210",7,11,9,3,20,12,18,11,9,1,16,12,6,3,2,6,3,6,0,2,6,3,3,20,47
"8211",8,11,12,3,28,18,18,11,9,3,20,12,18,3,0,0,6,3,4,3,6,2,2,23,61
"8212",9,1,12,3,36,18,18,11,12,3,28,18,18,3,4,0,4,0,0,3,4,1,1,13,69
"8213",10,5,12,3,36,22,24,1,12,3,36,18,18,4,6,3,6,3,0,4,6,1,3,17,79
"8214",11,1,12,3,39,28,24,5,12,3,36,22,24,3,0,0,3,3,4,3,3,1,1,13,126
"8215",12,1,12,3,39,28,24,1,12,3,39,28,24,3,4,0,NA,0,0,0,0,0,0,13,126
"8216",0,0,0,0,0,0,0,0,0,0,0,0,0,0,0,0,0,0,0,0,0,0,0,0,0
"8217",1,1,2,1,1,1,6,1,1,1,1,1,1,5,5,1,5,5,0,1,5,2,3,1,5
"8218",2,1,7,1,3,1,6,1,2,1,1,1,6,5,0,0,2,5,4,5,2,2,1,6,7
"8219",3,1,12,1,7,1,6,1,7,1,3,1,6,5,4,0,4,0,0,5,4,2,1,11,11
"8220",4,4,12,7,9,1,6,1,12,1,7,1,6,1,2,6,1,2,0,6,2,3,1,20,13
"8221",5,4,12,8,18,1,12,4,12,7,9,1,6,1,0,0,6,3,2,1,6,3,1,21,28
"8222",6,4,12,10,21,1,12,4,12,8,18,1,12,3,2,0,3,0,0,2,3,3,1,23,31
"8223",7,4,12,13,21,6,18,4,12,10,21,1,12,3,6,1,6,1,0,3,6,3,3,26,42
"8224",8,4,12,14,21,11,18,4,12,13,21,6,18,1,0,0,3,3,5,1,5,3,2,27,47
"8225",9,4,12,17,21,11,21,4,12,14,21,11,18,3,3,0,3,0,0,3,3,3,3,30,50
"8226",10,4,12,20,21,15,21,4,12,17,21,11,21,5,3,4,5,4,0,3,4,3,2,33,54
"8227",11,4,17,20,25,15,21,4,12,20,21,15,21,5,0,0,4,4,4,5,4,2,1,38,58
"8228",12,4,17,20,25,15,21,4,17,20,25,15,21,4,4,0,NA,0,0,0,0,0,0,38,58
"8229",0,0,0,0,0,0,0,0,0,0,0,0,0,0,0,0,0,0,0,0,0,0,0,0,0
"8230",1,6,1,1,6,1,1,1,1,1,1,1,1,5,2,5,2,5,0,5,5,1,1,5,5
"8231",2,6,1,3,11,1,1,6,1,1,6,1,1,2,0,0,5,3,3,2,5,3,1,7,10
"8232",3,9,1,3,14,1,1,6,1,3,11,1,1,3,3,0,3,0,0,3,3,1,1,10,13
"8233",4,14,1,3,14,7,7,9,1,3,14,1,1,6,1,5,6,1,0,5,6,1,3,15,25
"8234",5,15,1,3,14,12,7,14,1,3,14,7,7,1,0,0,3,5,5,1,5,1,2,16,30
"8235",6,20,1,3,14,12,10,15,1,3,14,12,7,3,5,0,3,0,0,5,3,1,3,21,33
"8236",7,24,1,3,14,12,12,20,1,3,14,12,10,2,4,2,2,2,0,4,2,1,3,25,35
"8237",8,26,1,3,14,14,12,24,1,3,14,12,12,2,0,0,2,2,2,2,2,1,2,27,37
"8238",9,28,1,3,14,14,14,26,1,3,14,14,12,2,2,0,2,0,0,2,2,1,3,29,39
"8239",10,28,1,7,19,14,20,28,1,3,14,14,14,6,4,2,6,2,0,4,6,3,3,33,50
"8240",11,30,1,7,21,20,20,28,1,7,19,14,20,2,0,0,6,5,2,2,6,1,2,35,58
"8241",12,30,1,7,21,20,20,30,1,7,21,20,20,5,2,0,NA,0,0,0,0,0,0,35,58
"8242",0,0,0,0,0,0,0,0,0,0,0,0,0,0,0,0,0,0,0,0,0,0,0,0,0
"8243",1,4,7,1,1,5,1,1,1,1,1,1,1,4,1,6,4,1,0,6,4,2,2,9,4
"8244",2,4,7,2,8,5,1,4,7,1,1,5,1,1,0,0,3,1,6,1,6,3,1,10,11
"8245",3,4,7,3,8,8,1,4,7,2,8,5,1,3,1,0,3,0,0,1,3,3,2,11,14
"8246",4,4,13,7,19,8,1,4,7,3,8,8,1,6,6,6,6,6,0,6,6,2,1,21,25
"8247",5,1,19,14,27,8,1,4,13,7,19,8,1,6,0,0,1,1,3,6,3,2,1,31,33
"8248",6,1,19,15,27,9,1,1,19,14,27,8,1,1,1,0,1,0,0,1,1,3,2,32,34
"8249",7,1,26,15,27,14,1,1,19,15,27,9,1,6,5,1,5,1,0,6,5,2,2,39,39
"8250",8,1,26,16,27,14,5,1,26,15,27,14,1,1,0,0,3,3,4,1,4,3,3,40,43
"8251",9,1,29,16,30,14,5,1,26,16,27,14,5,3,3,0,3,0,0,3,3,2,1,43,46
"8252",10,1,32,21,33,1,5,1,29,16,30,14,5,3,3,4,3,4,0,3,3,2,1,51,36
"8253",11,5,32,21,39,1,9,1,32,21,33,1,5,4,0,0,3,6,3,4,6,1,1,55,84
"8254",12,5,32,21,39,1,9,5,32,21,39,1,9,3,3,0,NA,0,0,0,0,0,0,55,84
"8255",0,0,0,0,0,0,0,0,0,0,0,0,0,0,0,0,0,0,0,0,0,0,0,0,0
"8256",1,1,1,3,6,1,1,1,1,1,1,1,1,2,5,1,5,1,0,2,5,3,1,2,5
"8257",2,1,2,3,9,1,7,1,1,3,6,1,1,1,0,0,3,6,3,1,6,2,3,3,14
"8258",3,4,2,3,9,1,10,1,2,3,9,1,7,3,3,0,3,0,0,3,3,1,3,6,17
"8259",4,4,8,11,9,3,10,4,2,3,9,1,10,6,2,1,2,1,0,6,2,3,2,20,19
"8260",5,5,8,11,11,15,10,4,8,11,9,3,10,1,0,0,6,4,3,1,6,1,2,21,33
"8261",6,5,8,14,11,15,14,5,8,11,11,15,10,4,3,0,4,0,0,3,4,3,3,24,37
"8262",7,7,8,14,11,18,14,5,8,14,11,15,14,2,1,3,1,3,0,2,3,1,2,26,40
"8263",8,8,8,14,16,18,14,7,8,14,11,18,14,1,0,0,3,5,4,1,5,1,1,27,45
"8264",9,8,8,18,16,18,17,8,8,14,16,18,14,3,4,0,3,0,0,4,3,3,3,31,48
"8265",10,8,10,24,21,18,17,8,8,18,16,18,17,6,5,5,5,5,0,6,5,3,1,39,53
"8266",11,13,10,24,26,18,17,8,10,24,21,18,17,5,0,0,5,4,3,5,5,1,1,44,58
"8267",12,13,10,24,26,18,17,13,10,24,26,18,17,4,3,0,NA,0,0,0,0,0,0,44,58
"8268",0,0,0,0,0,0,0,0,0,0,0,0,0,0,0,0,0,0,0,0,0,0,0,0,0
"8269",1,1,7,2,1,1,4,1,1,1,1,1,1,1,6,3,1,3,0,6,3,2,3,7,3
"8270",2,2,7,2,1,1,8,1,7,2,1,1,4,1,0,0,4,3,1,1,4,1,3,8,7
"8271",3,2,10,2,2,1,8,2,7,2,1,1,8,3,1,0,1,0,0,3,1,2,1,11,8
"8272",4,2,13,2,2,4,8,2,10,2,2,1,8,3,2,3,2,3,0,3,3,2,2,14,11
"8273",5,2,13,4,2,4,12,2,13,2,2,4,8,2,0,0,4,1,4,2,4,3,3,16,15
"8274",6,6,13,4,3,4,12,2,13,4,2,4,12,1,4,0,1,0,0,4,1,1,1,20,16
"8275",7,6,13,8,8,4,12,6,13,4,3,4,12,3,4,5,3,5,0,4,5,3,1,24,21
"8276",8,9,13,8,14,4,17,6,13,8,8,4,12,3,0,0,1,6,5,3,6,1,1,27,32
"8277",9,9,13,13,14,4,18,9,13,8,14,4,17,1,5,0,1,0,0,5,1,3,3,32,33
"8278",10,15,14,13,19,4,18,9,13,13,14,4,18,5,4,6,5,4,0,6,5,1,1,39,38
"8279",11,15,14,17,27,4,18,15,14,13,19,4,18,4,0,0,4,5,6,4,6,3,1,43,46
"8280",12,15,14,17,27,4,18,15,14,17,27,4,18,4,5,0,NA,0,0,0,0,0,0,43,46
"8281",0,0,0,0,0,0,0,0,0,0,0,0,0,0,0,0,0,0,0,0,0,0,0,0,0
"8282",1,4,1,1,6,1,1,1,1,1,1,1,1,5,3,1,5,1,0,3,5,1,1,3,5
"8283",2,4,2,1,6,1,6,4,1,1,6,1,1,1,0,0,5,2,5,1,5,2,3,4,10
"8284",3,9,2,1,6,3,6,4,2,1,6,1,6,2,5,0,2,0,0,5,2,1,2,9,12
"8285",4,11,8,1,11,3,6,9,2,1,6,3,6,5,2,6,5,2,0,6,5,2,1,17,17
"8286",5,11,8,3,11,3,9,11,8,1,11,3,6,2,0,0,3,1,3,2,3,3,3,19,20
"8287",6,11,11,3,11,3,10,11,8,3,11,3,9,1,3,0,1,0,0,3,1,2,3,22,21
"8288",7,15,11,9,11,3,12,11,11,3,11,3,10,1,6,2,1,2,0,6,2,3,3,32,23
"8289",8,15,12,9,13,3,18,15,11,9,11,3,12,1,0,0,6,1,6,1,6,2,3,33,31
"8290",9,15,16,27,13,1,19,15,12,9,13,3,18,1,6,0,1,0,0,6,1,3,3,55,30
"8291",10,18,16,31,1,4,19,15,16,27,13,1,19,4,1,3,1,3,0,4,3,3,2,62,21
"8292",11,19,16,31,6,4,19,18,16,31,1,4,19,1,0,0,5,1,1,1,5,1,1,63,26
"8293",12,19,16,31,6,4,19,19,16,31,6,4,19,1,1,0,NA,0,0,0,0,0,0,63,26
"8294",0,0,0,0,0,0,0,0,0,0,0,0,0,0,0,0,0,0,0,0,0,0,0,0,0
"8295",1,1,1,6,6,1,1,1,1,1,1,1,1,3,5,5,3,5,0,5,5,3,1,5,5
"8296",2,4,1,6,6,5,1,1,1,6,6,1,1,3,0,0,6,1,4,3,4,1,2,8,9
"8297",3,8,7,6,6,6,1,4,1,6,6,5,1,6,1,0,1,0,0,6,1,2,2,18,10
"8298",4,13,7,6,6,9,1,8,7,6,6,6,1,5,3,1,3,1,0,5,3,1,2,23,13
"8299",5,13,8,6,11,9,1,13,7,6,6,9,1,1,0,0,3,3,5,1,5,2,1,24,18
"8300",6,16,8,6,14,9,1,13,8,6,11,9,1,3,3,0,3,0,0,3,3,1,1,27,21
"8301",7,16,11,6,14,11,1,16,8,6,14,9,1,2,3,1,2,1,0,3,2,2,2,30,23
"8302",8,16,11,7,19,11,1,16,11,6,14,11,1,1,0,0,5,4,3,1,5,3,1,31,28
"8303",9,20,11,7,19,14,1,16,11,7,19,11,1,4,3,0,3,0,0,4,3,1,2,35,31
"8304",10,20,11,12,19,16,1,20,11,7,19,14,1,2,5,2,2,2,0,5,2,3,2,40,33
"8305",11,22,11,12,20,16,1,20,11,12,19,16,1,2,0,0,1,1,1,2,1,1,1,42,34
"8306",12,22,11,12,20,16,1,22,11,12,20,16,1,1,1,0,NA,0,0,0,0,0,0,42,34
"8307",0,0,0,0,0,0,0,0,0,0,0,0,0,0,0,0,0,0,0,0,0,0,0,0,0
"8308",1,1,4,1,3,1,1,1,1,1,1,1,1,3,2,1,2,1,0,3,2,2,1,3,2
"8309",2,1,4,2,3,6,1,1,4,1,3,1,1,1,0,0,1,5,1,1,5,3,2,4,7
"8310",3,2,4,2,3,7,1,1,4,2,3,6,1,1,1,0,1,0,0,1,1,1,2,5,8
"8311",4,4,4,2,3,7,9,2,4,2,3,7,1,4,2,6,4,6,0,2,6,1,3,7,16
"8312",5,8,4,2,8,7,9,4,4,2,3,7,9,4,0,0,5,3,2,4,5,1,1,11,21
"8313",6,8,4,5,8,7,11,8,4,2,8,7,9,3,2,0,2,0,0,3,2,3,3,14,23
"8314",7,8,4,8,8,14,11,8,4,5,8,7,11,6,3,3,6,3,0,3,6,3,2,17,30
"8315",8,8,4,11,13,14,11,8,4,8,8,14,11,3,0,0,3,5,3,3,5,3,1,20,35
"8316",9,8,4,14,16,14,11,8,4,11,13,14,11,3,3,0,3,0,0,3,3,3,1,23,38
"8317",10,8,4,16,16,16,11,8,4,14,16,14,11,2,2,4,2,4,0,2,2,3,2,25,40
"8318",11,12,4,16,19,16,11,8,4,16,16,16,11,4,0,0,3,1,1,4,3,1,1,29,43
"8319",12,12,4,16,19,16,11,12,4,16,19,16,11,1,1,0,NA,0,0,0,0,0,0,29,43
"8320",0,0,0,0,0,0,0,0,0,0,0,0,0,0,0,0,0,0,0,0,0,0,0,0,0
"8321",1,1,1,4,1,5,1,1,1,1,1,1,1,2,3,4,2,4,0,3,4,3,2,3,4
"8322",2,3,1,4,4,5,1,1,1,4,1,5,1,2,0,0,3,3,2,2,3,1,1,5,7
"8323",3,3,1,7,6,5,1,3,1,4,4,5,1,3,2,0,2,0,0,3,2,3,1,8,9
"8324",4,3,6,7,6,5,3,3,1,7,6,5,1,2,1,5,2,1,0,5,2,2,3,13,11
"8325",5,3,7,7,12,10,3,3,6,7,6,5,3,1,0,0,6,5,4,1,6,2,1,14,22
"8326",6,3,7,12,16,10,3,3,7,7,12,10,3,5,4,0,4,0,0,5,4,3,1,19,26
"8327",7,3,7,1,16,11,5,3,7,12,16,10,3,6,2,5,2,5,0,6,2,3,3,8,29
"8328",8,8,7,1,16,15,5,3,7,1,16,11,5,5,0,0,1,3,4,5,4,1,2,13,33
"8329",9,11,7,1,16,15,6,8,7,1,16,15,5,1,3,0,1,0,0,3,1,1,3,16,34
"8330",10,11,11,1,20,21,12,11,7,1,16,15,6,6,4,6,6,6,0,4,6,2,3,20,50
"8331",11,20,11,1,20,25,12,11,11,1,20,21,12,6,0,0,4,2,5,6,4,1,2,29,54
"8332",12,20,11,1,20,25,12,20,11,1,20,25,12,2,5,0,NA,0,0,0,0,0,0,29,54
"8333",0,0,0,0,0,0,0,0,0,0,0,0,0,0,0,0,0,0,0,0,0,0,0,0,0
"8334",1,1,1,6,4,1,1,1,1,1,1,1,1,3,1,5,3,1,0,5,3,3,1,5,3
"8335",2,2,1,6,4,6,1,1,1,6,4,1,1,1,0,0,5,3,2,1,5,1,2,6,8
"8336",3,2,1,9,6,6,1,2,1,6,4,6,1,3,2,0,2,0,0,3,2,3,1,9,10
"8337",4,6,1,9,9,6,1,2,1,9,6,6,1,3,4,1,3,1,0,4,3,1,1,13,13
"8338",5,6,1,10,9,10,1,6,1,9,9,6,1,1,0,0,1,4,2,1,4,3,2,14,17
"8339",6,8,1,10,10,10,1,6,1,10,9,10,1,1,2,0,1,0,0,2,1,1,1,16,18
"8340",7,12,1,10,13,10,1,8,1,10,10,10,1,2,4,3,2,3,0,4,3,1,1,20,21
"8341",8,12,1,12,13,16,2,12,1,10,13,10,1,2,0,0,6,1,2,2,6,3,2,22,28
"8342",9,12,3,12,14,16,2,12,1,12,13,16,2,1,2,0,1,0,0,2,1,2,1,24,29
"8343",10,12,3,14,14,19,2,12,3,12,14,16,2,1,3,2,1,3,0,2,3,3,2,26,32
"8344",11,12,3,15,22,19,2,12,3,14,14,19,2,1,0,0,2,2,6,1,6,3,1,27,40
"8345",12,12,3,15,22,19,2,12,3,15,22,19,2,2,2,0,NA,0,0,0,0,0,0,27,40
"8346",0,0,0,0,0,0,0,0,0,0,0,0,0,0,0,0,0,0,0,0,0,0,0,0,0
"8347",1,8,1,1,7,1,10,1,1,1,1,1,1,6,3,6,3,6,0,6,6,1,1,7,15
"8348",2,8,1,4,12,1,10,8,1,1,7,1,10,3,0,0,4,5,5,3,5,3,1,10,20
"8349",3,8,1,8,12,1,15,8,1,4,12,1,10,4,5,0,5,0,0,4,5,3,3,14,25
"8350",4,8,1,11,12,3,15,8,1,8,12,1,15,3,4,2,4,2,0,3,2,3,2,17,27
"8351",5,12,1,11,15,3,15,8,1,11,12,3,15,4,0,0,3,1,3,4,3,1,1,21,30
"8352",6,12,1,14,15,3,16,12,1,11,15,3,15,1,3,0,1,0,0,3,1,3,3,24,31
"8353",7,12,1,18,15,6,16,12,1,14,15,3,16,4,3,2,3,2,0,4,3,3,2,28,34
"8354",8,14,1,18,15,6,19,12,1,18,15,6,16,2,0,0,3,1,1,2,3,1,3,30,37
"8355",9,15,1,18,15,7,19,14,1,18,15,6,19,1,1,0,1,0,0,1,1,1,2,31,38
"8356",10,21,1,24,18,13,19,15,1,18,15,7,19,4,6,6,4,6,0,6,6,1,2,43,47
"8357",11,21,1,28,22,13,19,21,1,24,18,13,19,4,0,0,4,2,2,4,4,3,1,47,51
"8358",12,21,1,28,22,13,19,21,1,28,22,13,19,2,2,0,NA,0,0,0,0,0,0,47,51
"8359",0,0,0,0,0,0,0,0,0,0,0,0,0,0,0,0,0,0,0,0,0,0,0,0,0
"8360",1,11,1,1,12,1,1,1,1,1,1,1,1,6,5,6,5,6,0,6,6,1,1,10,11
"8361",2,11,6,1,16,1,1,11,1,1,12,1,1,5,0,0,2,1,4,5,4,2,1,15,15
"8362",3,13,6,1,17,1,1,11,6,1,16,1,1,2,1,0,1,0,0,2,1,1,1,17,16
"8363",4,19,6,6,17,1,2,13,6,1,17,1,1,2,1,6,2,1,0,6,1,1,3,28,17
"8364",5,19,8,6,17,6,2,19,6,6,17,1,2,2,0,0,1,5,6,2,5,2,2,30,22
"8365",6,19,14,7,17,6,3,19,8,6,17,6,2,1,6,0,1,0,0,6,1,2,3,37,23
"8366",7,19,14,10,20,6,3,19,14,7,17,6,3,3,5,3,5,3,0,3,3,3,1,40,26
"8367",8,19,19,10,21,6,3,19,14,10,20,6,3,5,0,0,1,3,1,5,1,2,1,45,27
"8368",9,19,19,13,22,6,3,19,19,10,21,6,3,3,1,0,1,0,0,3,1,3,1,48,28
"8369",10,19,19,17,24,6,3,19,19,13,22,6,3,3,2,4,3,2,0,4,2,3,1,52,30
"8370",11,1,19,1,39,9,4,19,19,17,24,6,3,3,0,0,4,6,2,3,6,1,1,18,87
"8371",12,1,19,1,39,9,4,1,19,1,39,9,4,4,2,0,NA,0,0,0,0,0,0,18,87
"8372",0,0,0,0,0,0,0,0,0,0,0,0,0,0,0,0,0,0,0,0,0,0,0,0,0
"8373",1,1,1,10,1,1,5,1,1,1,1,1,1,6,2,4,2,4,0,6,4,3,3,9,4
"8374",2,3,1,10,6,1,5,1,1,10,1,1,5,2,0,0,6,1,5,2,5,1,1,11,9
"8375",3,7,1,16,6,2,5,3,1,10,6,1,5,6,1,0,1,0,0,6,1,3,2,21,10
"8376",4,13,7,16,6,2,8,7,1,16,6,2,5,6,1,3,1,3,0,6,3,2,3,33,13
"8377",5,14,7,16,6,2,12,13,7,16,6,2,8,1,0,0,4,1,3,1,4,1,3,34,17
"8378",6,14,8,16,6,2,15,14,7,16,6,2,12,1,3,0,3,0,0,1,3,2,3,35,20
"8379",7,18,14,16,6,2,17,14,8,16,6,2,15,2,6,3,2,3,0,6,2,2,3,45,22
"8380",8,18,14,19,6,2,22,18,14,16,6,2,17,3,0,0,1,2,5,3,5,3,3,48,27
"8381",9,19,14,19,6,4,22,18,14,19,6,2,22,1,2,0,2,0,0,1,2,1,2,49,29
"8382",10,19,17,19,6,4,23,19,14,19,6,4,22,1,4,3,1,4,0,3,1,2,3,52,30
"8383",11,19,17,23,10,4,29,19,17,19,6,4,23,4,0,0,6,6,2,4,6,3,3,56,40
"8384",12,19,17,23,10,4,29,19,17,23,10,4,29,6,2,0,NA,0,0,0,0,0,0,56,40
"8385",0,0,0,0,0,0,0,0,0,0,0,0,0,0,0,0,0,0,0,0,0,0,0,0,0
"8386",1,6,1,1,1,5,1,1,1,1,1,1,1,1,5,4,1,4,0,5,4,1,2,5,4
"8387",2,7,1,1,6,5,1,6,1,1,1,5,1,1,0,0,5,3,1,1,5,1,1,6,9
"8388",3,10,1,1,6,5,2,7,1,1,6,5,1,3,1,0,1,0,0,3,1,1,3,9,10
"8389",4,15,1,1,8,5,2,10,1,1,6,5,2,1,5,2,1,2,0,5,2,1,1,14,12
"8390",5,16,1,1,8,14,2,15,1,1,8,5,2,1,0,0,5,6,3,1,6,1,2,15,21
"8391",6,16,1,6,11,14,2,16,1,1,8,14,2,5,3,0,3,0,0,5,3,3,1,20,24
"8392",7,19,1,6,11,14,7,16,1,6,11,14,2,5,3,3,5,3,0,3,5,1,3,23,29
"8393",8,19,1,9,11,17,13,19,1,6,11,14,7,3,0,0,2,6,4,3,6,3,3,26,38
"8394",9,19,1,13,13,17,13,19,1,9,11,17,13,2,4,0,2,0,0,4,2,3,1,30,40
"8395",10,24,1,13,19,17,16,19,1,13,13,17,13,4,6,5,4,6,0,5,6,1,1,35,49
"8396",11,28,1,13,24,17,16,24,1,13,19,17,16,4,0,0,5,1,4,4,5,1,1,39,54
"8397",12,28,1,13,24,17,16,28,1,13,24,17,16,1,4,0,NA,0,0,0,0,0,0,39,54
"8398",0,0,0,0,0,0,0,0,0,0,0,0,0,0,0,0,0,0,0,0,0,0,0,0,0
"8399",1,1,6,1,1,5,1,1,1,1,1,1,1,4,5,1,4,1,0,5,4,2,2,5,4
"8400",2,1,7,1,6,5,1,1,6,1,1,5,1,1,0,0,5,4,3,1,5,2,1,6,9
"8401",3,1,7,5,6,5,4,1,7,1,6,5,1,4,3,0,3,0,0,4,3,3,3,10,12
"8402",4,1,7,9,6,10,4,1,7,5,6,5,4,4,5,3,5,3,0,4,5,3,2,14,17
"8403",5,1,7,12,6,10,15,1,7,9,6,10,4,3,0,0,6,1,5,3,6,3,3,17,28
"8404",6,6,7,12,6,11,15,1,7,12,6,10,15,1,5,0,1,0,0,5,1,1,2,22,29
"8405",7,6,12,12,6,15,15,6,7,12,6,11,15,2,5,4,2,4,0,5,4,2,2,27,33
"8406",8,6,12,14,11,15,15,6,12,12,6,15,15,2,0,0,1,5,1,2,5,3,1,29,38
"8407",9,7,12,14,12,15,15,6,12,14,11,15,15,1,1,0,1,0,0,1,1,1,1,30,39
"8408",10,8,12,14,24,15,15,7,12,14,12,15,15,6,1,1,6,1,0,1,6,1,1,31,51
"8409",11,1,12,14,31,15,15,8,12,14,24,15,15,1,0,0,3,3,3,1,3,1,1,24,58
"8410",12,1,12,14,31,15,15,1,12,14,31,15,15,3,3,0,NA,0,0,0,0,0,0,24,58
"8411",0,0,0,0,0,0,0,0,0,0,0,0,0,0,0,0,0,0,0,0,0,0,0,0,0
"8412",1,7,3,1,1,1,5,1,1,1,1,1,1,4,6,1,4,1,0,6,4,1,3,8,4
"8413",2,7,4,1,4,1,11,7,3,1,1,1,5,1,0,0,6,6,5,1,6,2,3,9,13
"8414",3,9,10,1,4,6,11,7,4,1,4,1,11,6,5,0,5,0,0,6,5,2,2,17,18
"8415",4,15,13,1,4,11,11,9,10,1,4,6,11,5,5,6,5,5,0,6,5,1,2,26,23
"8416",5,20,13,1,4,16,11,15,13,1,4,11,11,5,0,0,5,5,5,5,5,1,2,31,28
"8417",6,20,18,1,4,16,16,20,13,1,4,16,11,5,5,0,5,0,0,5,5,2,3,36,33
"8418",7,25,24,1,4,16,20,20,18,1,4,16,16,6,4,1,4,1,0,6,4,2,3,47,37
"8419",8,25,25,1,6,16,20,25,24,1,4,16,20,1,0,0,2,6,1,1,2,2,1,48,39
"8420",9,25,25,11,6,16,21,25,25,1,6,16,20,6,1,0,1,0,0,6,1,3,3,58,40
"8421",10,27,25,11,8,16,21,25,25,11,6,16,21,2,2,4,2,4,0,2,2,1,1,60,42
"8422",11,27,25,15,8,19,21,27,25,11,8,16,21,4,0,0,3,2,3,4,3,3,2,64,45
"8423",12,27,25,15,8,19,21,27,25,15,8,19,21,2,3,0,NA,0,0,0,0,0,0,64,45
"8424",0,0,0,0,0,0,0,0,0,0,0,0,0,0,0,0,0,0,0,0,0,0,0,0,0
"8425",1,12,1,1,10,1,1,1,1,1,1,1,1,6,6,4,6,4,0,6,6,1,1,11,9
"8426",2,12,1,5,14,1,1,12,1,1,10,1,1,4,0,0,6,2,4,4,4,3,1,15,13
"8427",3,19,1,5,14,1,3,12,1,5,14,1,1,6,2,0,2,0,0,6,2,1,3,22,15
"8428",4,19,1,9,14,8,3,19,1,5,14,1,3,4,6,2,6,2,0,4,6,3,2,26,22
"8429",5,22,1,9,16,8,1,19,1,9,14,8,3,2,0,0,2,2,5,2,2,1,1,29,22
"8430",6,27,1,9,16,8,3,22,1,9,16,8,1,2,5,0,2,0,0,5,2,1,3,34,24
"8431",7,35,1,9,16,12,9,27,1,9,16,8,3,6,5,6,5,6,0,6,6,1,3,42,34
"8432",8,1,1,14,28,12,9,35,1,9,16,12,9,5,0,0,1,3,2,5,1,3,1,13,46
"8433",9,1,1,16,28,15,9,1,1,14,28,12,9,3,2,0,3,0,0,2,3,3,2,15,49
"8434",10,6,1,16,28,17,9,1,1,16,28,15,9,2,2,5,2,2,0,5,2,1,2,20,51
"8435",11,8,1,1,38,23,9,6,1,16,28,17,9,2,0,0,4,6,1,2,6,1,1,7,67
"8436",12,8,1,1,38,23,9,8,1,1,38,23,9,4,1,0,NA,0,0,0,0,0,0,7,67
"8437",0,0,0,0,0,0,0,0,0,0,0,0,0,0,0,0,0,0,0,0,0,0,0,0,0
"8438",1,3,1,1,7,4,1,1,1,1,1,1,1,6,2,6,6,6,0,2,6,1,1,2,9
"8439",2,3,10,1,13,4,5,3,1,1,7,4,1,6,0,0,6,1,1,6,6,2,1,11,19
"8440",3,3,10,2,14,4,5,3,10,1,13,4,5,1,1,0,1,0,0,1,1,3,1,12,20
"8441",4,3,13,2,14,8,5,3,10,2,14,4,5,3,1,4,1,4,0,3,4,2,2,15,24
"8442",5,3,14,2,15,8,11,3,13,2,14,8,5,1,0,0,6,5,3,1,6,2,3,16,31
"8443",6,3,17,2,15,13,11,3,14,2,15,8,11,5,3,0,5,0,0,3,5,2,2,19,36
"8444",7,3,27,2,16,19,17,3,17,2,15,13,11,6,4,6,4,6,0,6,6,2,2,29,49
"8445",8,3,31,2,18,19,17,3,27,2,16,19,17,4,0,0,2,3,1,4,2,2,1,33,51
"8446",9,3,34,2,18,19,18,3,31,2,18,19,17,3,1,0,1,0,0,3,1,2,3,36,52
"8447",10,3,39,3,23,19,18,3,34,2,18,19,18,5,5,5,5,5,0,5,5,2,1,80,57
"8448",11,8,39,3,23,24,18,3,39,3,23,19,18,5,0,0,4,1,5,5,5,1,2,85,62
"8449",12,8,39,3,23,24,18,8,39,3,23,24,18,4,1,0,NA,0,0,0,0,0,0,85,62
"8450",0,0,0,0,0,0,0,0,0,0,0,0,0,0,0,0,0,0,0,0,0,0,0,0,0
"8451",1,7,4,1,6,1,1,1,1,1,1,1,1,5,6,5,5,5,0,6,5,1,1,9,5
"8452",2,7,9,1,6,1,6,7,4,1,6,1,1,5,0,0,2,3,5,5,5,2,3,14,10
"8453",3,7,9,4,8,1,6,7,9,1,6,1,6,2,3,0,2,0,0,3,2,3,1,17,12
"8454",4,7,9,7,8,1,7,7,9,4,8,1,6,3,1,1,1,1,0,3,1,3,3,20,13
"8455",5,7,10,7,8,1,10,7,9,7,8,1,7,1,0,0,4,5,3,1,3,2,3,21,16
"8456",6,12,10,7,8,1,14,7,10,7,8,1,10,4,5,0,4,0,0,5,4,1,3,26,20
"8457",7,12,14,7,8,6,14,12,10,7,8,1,14,4,1,5,1,5,0,4,5,2,2,30,25
"8458",8,12,14,8,14,6,15,12,14,7,8,6,14,1,0,0,2,6,2,1,6,3,1,31,32
"8459",9,12,16,8,14,6,17,12,14,8,14,6,15,2,2,0,2,0,0,2,2,2,3,33,34
"8460",10,17,16,8,14,10,17,12,16,8,14,6,17,4,4,5,4,4,0,5,4,1,2,38,38
"8461",11,17,16,12,16,16,17,17,16,8,14,10,17,4,0,0,5,3,6,4,6,3,2,42,46
"8462",12,17,16,12,16,16,17,17,16,12,16,16,17,5,3,0,NA,0,0,0,0,0,0,42,46
"8463",0,0,0,0,0,0,0,0,0,0,0,0,0,0,0,0,0,0,0,0,0,0,0,0,0
"8464",1,1,6,1,1,1,3,1,1,1,1,1,1,2,2,5,2,2,0,5,2,2,3,5,2
"8465",2,1,6,3,1,5,3,1,6,1,1,1,3,2,0,0,4,4,4,2,4,3,2,7,6
"8466",3,1,10,3,5,5,3,1,6,3,1,5,3,4,4,0,4,0,0,4,4,2,1,11,10
"8467",4,1,10,8,10,5,3,1,10,3,5,5,3,5,5,5,5,5,0,5,5,3,1,16,15
"8468",5,1,15,8,10,9,3,1,10,8,10,5,3,5,0,0,4,3,4,5,4,2,2,21,19
"8469",6,5,15,8,10,9,6,1,15,8,10,9,3,3,4,0,3,0,0,4,3,1,3,25,22
"8470",7,5,17,8,13,9,6,5,15,8,10,9,6,2,3,3,3,3,0,2,3,2,1,27,25
"8471",8,5,17,11,19,9,8,5,17,8,13,9,6,3,0,0,1,1,6,3,6,3,1,30,33
"8472",9,6,17,11,19,10,8,5,17,11,19,9,8,1,1,0,1,0,0,1,1,1,2,31,34
"8473",10,1,21,1,31,10,14,6,17,11,19,10,8,5,4,3,5,3,0,4,5,2,1,20,52
"8474",11,4,21,1,34,10,14,1,21,1,31,10,14,3,0,0,3,5,2,3,3,1,1,23,55
"8475",12,4,21,1,34,10,14,4,21,1,34,10,14,5,2,0,NA,0,0,0,0,0,0,23,55
"8476",0,0,0,0,0,0,0,0,0,0,0,0,0,0,0,0,0,0,0,0,0,0,0,0,0
"8477",1,5,1,1,1,1,4,1,1,1,1,1,1,1,4,3,1,3,0,4,3,1,3,4,3
"8478",2,5,1,2,6,1,4,5,1,1,1,1,4,1,0,0,2,2,5,1,5,3,1,5,8
"8479",3,5,3,2,8,1,4,5,1,2,6,1,4,2,2,0,2,0,0,2,2,2,1,7,10
"8480",4,5,3,5,8,5,4,5,3,2,8,1,4,1,4,3,1,4,0,3,4,3,2,10,14
"8481",5,6,3,5,8,8,10,5,3,5,8,5,4,1,0,0,2,6,3,1,6,1,3,11,23
"8482",6,6,3,8,8,10,10,6,3,5,8,8,10,2,3,0,2,0,0,3,2,3,2,14,25
"8483",7,9,3,8,14,17,10,6,3,8,8,10,10,3,1,6,1,6,0,3,6,1,1,17,38
"8484",8,10,3,8,14,17,13,9,3,8,14,17,10,1,0,0,2,3,1,1,3,1,3,18,41
"8485",9,10,3,10,14,17,14,10,3,8,14,17,13,2,1,0,1,0,0,2,1,3,3,20,42
"8486",10,10,3,12,19,17,14,10,3,10,14,17,14,5,2,6,5,6,0,2,5,3,1,22,47
"8487",11,18,3,12,19,17,24,10,3,12,19,17,14,6,0,0,6,6,6,6,6,1,3,30,57
"8488",12,18,3,12,19,17,24,18,3,12,19,17,24,6,6,0,NA,0,0,0,0,0,0,30,57
"8489",0,0,0,0,0,0,0,0,0,0,0,0,0,0,0,0,0,0,0,0,0,0,0,0,0
"8490",1,5,1,1,4,1,1,1,1,1,1,1,1,3,1,4,3,1,0,4,3,1,1,4,3
"8491",2,6,1,1,4,1,6,5,1,1,4,1,1,1,0,0,1,1,5,1,5,1,3,5,8
"8492",3,6,2,1,4,2,6,6,1,1,4,1,6,1,1,0,1,0,0,1,1,2,2,6,9
"8493",4,11,2,1,4,6,6,6,2,1,4,2,6,2,5,4,2,4,0,5,4,1,2,11,13
"8494",5,13,2,1,9,6,6,11,2,1,4,6,6,2,0,0,2,5,3,2,5,1,1,13,18
"8495",6,13,4,1,12,6,6,13,2,1,9,6,6,2,3,0,3,0,0,2,3,2,1,15,21
"8496",7,17,4,1,12,6,10,13,4,1,12,6,6,3,4,4,3,4,0,4,4,1,3,19,25
"8497",8,20,4,1,12,6,12,17,4,1,12,6,10,3,0,0,1,2,2,3,2,1,3,22,27
"8498",9,22,4,1,12,6,13,20,4,1,12,6,12,1,2,0,1,0,0,2,1,1,3,24,28
"8499",10,27,4,1,15,1,13,22,4,1,12,6,13,3,3,2,3,3,0,2,3,1,1,29,26
"8500",11,27,7,1,15,1,16,27,4,1,15,1,13,3,0,0,2,3,6,3,3,2,3,32,29
"8501",12,27,7,1,15,1,16,27,7,1,15,1,16,2,6,0,NA,0,0,0,0,0,0,32,29
"8502",0,0,0,0,0,0,0,0,0,0,0,0,0,0,0,0,0,0,0,0,0,0,0,0,0
"8503",1,1,5,1,1,6,1,1,1,1,1,1,1,5,1,4,5,1,0,4,5,2,2,4,5
"8504",2,2,5,1,1,11,1,1,5,1,1,6,1,1,0,0,4,5,5,1,5,1,2,5,10
"8505",3,7,5,1,1,15,1,2,5,1,1,11,1,4,5,0,4,0,0,5,4,1,2,10,14
"8506",4,9,5,7,1,15,4,7,5,1,1,15,1,6,1,3,1,3,0,6,3,3,3,18,17
"8507",5,9,5,8,1,15,9,9,5,7,1,15,4,1,0,0,5,4,1,1,5,3,3,19,22
"8508",6,9,5,12,1,16,9,9,5,8,1,15,9,4,1,0,1,0,0,4,1,3,2,23,23
"8509",7,9,10,12,7,20,9,9,5,12,1,16,9,2,5,6,2,6,0,5,6,2,1,28,33
"8510",8,11,10,12,7,22,9,9,10,12,7,20,9,2,0,0,6,2,6,2,2,1,2,30,35
"8511",9,11,16,16,13,24,9,11,10,12,7,22,9,6,6,0,6,0,0,6,6,2,1,40,43
"8512",10,1,21,16,16,29,9,11,16,16,13,24,9,1,5,5,1,5,0,5,5,2,2,35,51
"8513",11,2,21,16,21,29,9,1,21,16,16,29,9,1,0,0,5,3,3,1,5,1,1,36,56
"8514",12,2,21,16,21,29,9,2,21,16,21,29,9,3,3,0,NA,0,0,0,0,0,0,36,56
"8515",0,0,0,0,0,0,0,0,0,0,0,0,0,0,0,0,0,0,0,0,0,0,0,0,0
"8516",1,1,3,1,3,1,1,1,1,1,1,1,1,3,2,2,3,2,0,2,2,2,1,2,2
"8517",2,1,3,4,3,6,1,1,3,1,3,1,1,3,0,0,3,4,5,3,5,3,2,5,7
"8518",3,1,3,8,6,6,1,1,3,4,3,6,1,3,4,0,3,0,0,4,3,3,1,9,10
"8519",4,5,3,8,12,6,7,1,3,8,6,6,1,6,6,4,6,6,0,4,6,1,1,13,22
"8520",5,5,8,14,16,12,7,5,3,8,12,6,7,6,0,0,2,6,3,6,6,3,2,24,32
"8521",6,5,8,16,16,12,10,5,8,14,16,12,7,2,3,0,3,0,0,2,3,3,3,26,35
"8522",7,5,8,20,20,12,10,5,8,16,16,12,10,4,4,1,4,1,0,4,4,3,1,30,39
"8523",8,5,8,21,20,12,13,5,8,20,20,12,10,1,0,0,3,2,2,1,3,3,3,31,42
"8524",9,5,10,21,22,12,13,5,8,21,20,12,13,2,2,0,2,0,0,2,2,2,1,33,44
"8525",10,5,10,25,22,12,18,5,10,21,22,12,13,5,2,4,5,2,0,4,5,3,3,37,49
"8526",11,7,10,25,22,17,18,5,10,25,22,12,18,2,0,0,5,2,1,2,5,1,2,39,54
"8527",12,7,10,25,22,17,18,7,10,25,22,17,18,2,1,0,NA,0,0,0,0,0,0,39,54
"8528",0,0,0,0,0,0,0,0,0,0,0,0,0,0,0,0,0,0,0,0,0,0,0,0,0
"8529",1,7,4,1,1,5,1,1,1,1,1,1,1,4,1,6,4,1,0,6,4,1,2,9,4
"8530",2,7,5,1,1,14,1,7,4,1,1,5,1,1,0,0,2,6,2,1,6,2,2,10,13
"8531",3,7,7,1,1,14,3,7,5,1,1,14,1,2,2,0,2,0,0,2,2,2,3,12,15
"8532",4,9,13,1,5,14,3,7,7,1,1,14,3,4,1,6,4,1,0,6,4,2,1,20,19
"8533",5,9,14,1,5,14,8,9,13,1,5,14,3,1,0,0,4,4,5,1,5,2,3,21,24
"8534",6,9,18,1,9,14,8,9,14,1,5,14,8,4,4,0,4,0,0,4,4,2,1,25,28
"8535",7,14,18,1,9,14,10,9,18,1,9,14,8,2,5,1,2,1,0,5,2,1,3,30,30
"8536",8,14,19,1,9,14,15,14,18,1,9,14,10,1,0,0,3,5,4,1,5,2,3,31,35
"8537",9,14,23,1,12,14,15,14,19,1,9,14,15,3,4,0,3,0,0,4,3,2,1,35,38
"8538",10,20,29,4,15,20,21,14,23,1,12,14,15,3,6,6,3,6,0,6,6,2,3,50,53
"8539",11,20,32,4,19,20,21,20,29,4,15,20,21,3,0,0,4,3,2,3,4,2,1,53,57
"8540",12,20,32,4,19,20,21,20,32,4,19,20,21,3,2,0,NA,0,0,0,0,0,0,53,57
"8541",0,0,0,0,0,0,0,0,0,0,0,0,0,0,0,0,0,0,0,0,0,0,0,0,0
"8542",1,1,1,6,1,5,1,1,1,1,1,1,1,4,5,1,4,1,0,5,4,3,2,5,4
"8543",2,2,1,6,11,11,1,1,1,6,1,5,1,1,0,0,4,4,6,1,6,1,1,6,20
"8544",3,2,1,10,11,11,5,2,1,6,11,11,1,4,4,0,4,0,0,4,4,3,3,10,24
"8545",4,2,1,13,11,11,7,2,1,10,11,11,5,3,2,1,2,1,0,3,2,3,3,13,26
"8546",5,3,1,13,17,15,7,2,1,13,11,11,7,1,0,0,3,3,6,1,6,1,1,14,36
"8547",6,3,1,16,17,18,7,3,1,13,17,15,7,3,3,0,3,0,0,3,3,3,2,17,39
"8548",7,3,3,16,17,18,11,3,1,16,17,18,7,4,1,2,4,1,0,2,4,2,3,19,43
"8549",8,1,4,16,27,18,18,3,3,16,17,18,11,1,0,0,6,6,3,1,6,2,3,18,60
"8550",9,1,4,19,37,18,18,1,4,16,27,18,18,6,3,0,6,0,0,3,6,3,1,21,70
"8551",10,11,4,19,37,23,18,1,4,19,37,18,18,6,5,2,5,2,0,6,5,1,2,31,75
"8552",11,13,4,19,38,23,18,11,4,19,37,23,18,2,0,0,1,3,2,2,1,1,1,33,76
"8553",12,13,4,19,38,23,18,13,4,19,38,23,18,3,2,0,NA,0,0,0,0,0,0,33,76
"8554",0,0,0,0,0,0,0,0,0,0,0,0,0,0,0,0,0,0,0,0,0,0,0,0,0
"8555",1,3,1,1,2,1,1,1,1,1,1,1,1,1,1,2,1,1,0,2,1,1,1,2,1
"8556",2,3,1,2,2,11,1,3,1,1,2,1,1,1,0,0,5,4,6,1,6,3,2,3,11
"8557",3,8,1,2,2,11,5,3,1,2,2,11,1,5,4,0,4,0,0,5,4,1,3,8,15
"8558",4,8,1,6,2,13,5,8,1,2,2,11,5,4,2,1,2,1,0,4,2,3,2,12,17
"8559",5,8,1,7,2,13,8,8,1,6,2,13,5,1,0,0,3,5,4,1,3,3,3,13,20
"8560",6,8,6,7,2,17,8,8,1,7,2,13,8,5,4,0,4,0,0,5,4,2,2,18,24
"8561",7,12,6,7,5,17,8,8,6,7,2,17,8,4,2,3,2,3,0,4,3,1,1,22,27
"8562",8,12,6,9,10,17,8,12,6,7,5,17,8,2,0,0,5,5,4,2,5,3,1,24,32
"8563",9,12,11,9,14,17,8,12,6,9,10,17,8,5,4,0,4,0,0,5,4,2,1,29,36
"8564",10,22,11,9,14,23,13,12,11,9,14,17,8,6,2,6,2,6,0,6,6,1,2,39,47
"8565",11,24,11,9,16,23,13,22,11,9,14,23,13,2,0,0,2,1,5,2,2,1,1,41,49
"8566",12,24,11,9,16,23,13,24,11,9,16,23,13,1,5,0,NA,0,0,0,0,0,0,41,49
"8567",0,0,0,0,0,0,0,0,0,0,0,0,0,0,0,0,0,0,0,0,0,0,0,0,0
"8568",1,1,4,1,1,1,6,1,1,1,1,1,1,1,5,3,1,5,0,3,5,2,3,3,5
"8569",2,1,4,2,1,1,9,1,4,1,1,1,6,1,0,0,2,3,1,1,3,3,3,4,8
"8570",3,3,4,2,2,1,9,1,4,2,1,1,9,2,1,0,1,0,0,2,1,1,1,6,9
"8571",4,8,4,2,2,4,9,3,4,2,2,1,9,3,5,1,3,1,0,5,3,1,2,11,12
"8572",5,8,5,2,2,9,9,8,4,2,2,4,9,1,0,0,5,5,2,1,5,2,2,12,17
"8573",6,8,5,7,2,11,9,8,5,2,2,9,9,5,2,0,2,0,0,5,2,3,2,17,19
"8574",7,8,9,13,2,11,14,8,5,7,2,11,9,4,5,6,4,5,0,6,5,3,3,27,24
"8575",8,8,9,17,7,11,14,8,9,13,2,11,14,4,0,0,5,2,3,4,5,3,1,31,29
"8576",9,11,9,17,9,11,14,8,9,17,7,11,14,2,3,0,2,0,0,3,2,1,1,34,31
"8577",10,15,9,17,9,11,16,11,9,17,9,11,14,2,2,4,2,2,0,4,2,1,3,38,33
"8578",11,17,9,17,12,11,16,15,9,17,9,11,16,2,0,0,3,2,1,2,3,1,1,40,36
"8579",12,17,9,17,12,11,16,17,9,17,12,11,16,2,1,0,NA,0,0,0,0,0,0,40,36
"8580",0,0,0,0,0,0,0,0,0,0,0,0,0,0,0,0,0,0,0,0,0,0,0,0,0
"8581",1,3,1,1,1,1,3,1,1,1,1,1,1,2,2,2,2,2,0,2,2,1,3,2,2
"8582",2,3,1,3,1,1,7,3,1,1,1,1,3,2,0,0,5,4,4,2,4,3,3,4,6
"8583",3,8,1,3,5,1,7,3,1,3,1,1,7,5,4,0,4,0,0,5,4,1,1,9,10
"8584",4,8,6,3,5,4,7,8,1,3,5,1,7,2,3,5,2,3,0,5,3,2,2,14,13
"8585",5,10,6,3,10,4,7,8,6,3,5,4,7,2,0,0,5,4,1,2,5,1,1,16,18
"8586",6,10,10,3,11,4,7,10,6,3,10,4,7,4,1,0,1,0,0,4,1,2,1,20,19
"8587",7,10,10,7,11,4,10,10,10,3,11,4,7,3,4,3,3,3,0,4,3,3,3,24,22
"8588",8,13,10,7,14,4,10,10,10,7,11,4,10,3,0,0,3,3,2,3,3,1,1,27,25
"8589",9,16,10,7,16,4,10,13,10,7,14,4,10,3,2,0,2,0,0,3,2,1,1,30,27
"8590",10,26,10,7,16,6,10,16,10,7,16,4,10,5,2,6,5,2,0,6,5,1,2,40,29
"8591",11,26,10,9,17,6,10,26,10,7,16,6,10,2,0,0,3,1,5,2,1,3,1,42,30
"8592",12,26,10,9,17,6,10,26,10,9,17,6,10,3,5,0,NA,0,0,0,0,0,0,42,30
"8593",0,0,0,0,0,0,0,0,0,0,0,0,0,0,0,0,0,0,0,0,0,0,0,0,0
"8594",1,1,7,3,1,4,1,1,1,1,1,1,1,3,3,6,3,3,0,6,3,2,2,8,3
"8595",2,1,7,6,1,8,1,1,7,3,1,4,1,3,0,0,4,5,1,3,4,3,2,11,7
"8596",3,6,7,6,1,8,2,1,7,6,1,8,1,5,1,0,1,0,0,5,1,1,3,16,8
"8597",4,6,9,12,1,8,6,6,7,6,1,8,2,6,4,1,4,1,0,6,4,3,3,24,12
"8598",5,7,9,12,1,14,9,6,9,12,1,8,6,1,0,0,6,3,6,1,6,1,2,25,21
"8599",6,13,9,16,1,14,12,7,9,12,1,14,9,3,6,0,3,0,0,6,3,1,3,35,24
"8600",7,15,15,16,1,14,17,13,9,16,1,14,12,5,1,6,5,1,0,6,5,2,3,43,29
"8601",8,16,15,16,1,14,22,15,15,16,1,14,17,1,0,0,5,1,3,1,5,1,3,44,34
"8602",9,19,15,16,2,14,22,16,15,16,1,14,22,1,3,0,1,0,0,3,1,1,1,47,35
"8603",10,24,15,16,3,14,22,19,15,16,2,14,22,5,2,1,2,1,0,5,1,1,1,52,36
"8604",11,1,15,16,8,14,26,24,15,16,3,14,22,2,0,0,1,2,5,2,5,1,1,29,45
"8605",12,1,15,16,8,14,26,1,15,16,8,14,26,1,2,0,NA,0,0,0,0,0,0,29,45
"8606",0,0,0,0,0,0,0,0,0,0,0,0,0,0,0,0,0,0,0,0,0,0,0,0,0
"8607",1,1,8,1,1,7,2,1,1,1,1,1,1,6,6,6,6,6,0,6,6,2,2,7,7
"8608",2,1,15,1,10,7,2,1,8,1,1,7,2,6,0,0,6,3,5,6,6,2,1,14,16
"8609",3,6,15,1,13,7,2,1,15,1,10,7,2,3,5,0,3,0,0,5,3,1,1,19,19
"8610",4,6,30,1,19,9,1,6,15,1,13,7,2,6,5,4,6,4,0,5,6,2,1,34,26
"8611",5,6,34,1,23,9,7,6,30,1,19,9,1,4,0,0,2,1,6,4,6,2,3,38,36
"8612",6,6,36,1,23,10,7,6,34,1,23,9,7,2,1,0,1,0,0,2,1,2,2,40,37
"8613",7,8,39,1,28,10,7,6,36,1,23,10,7,5,3,5,5,5,0,3,5,2,1,83,42
"8614",8,13,39,1,33,10,7,8,39,1,28,10,7,5,0,0,5,3,5,5,5,1,1,88,47
"8615",9,18,39,1,33,13,7,13,39,1,33,10,7,3,5,0,3,0,0,5,3,1,2,93,50
"8616",10,18,39,12,36,13,7,18,39,1,33,13,7,4,6,3,4,3,0,6,3,3,1,104,53
"8617",11,22,39,12,37,13,7,18,39,12,36,13,7,4,0,0,1,6,6,4,1,1,1,108,54
"8618",12,22,39,12,37,13,7,22,39,12,37,13,7,6,6,0,NA,0,0,0,0,0,0,108,54
"8619",0,0,0,0,0,0,0,0,0,0,0,0,0,0,0,0,0,0,0,0,0,0,0,0,0
"8620",1,6,1,1,2,1,1,1,1,1,1,1,1,5,1,1,1,1,0,5,1,1,1,5,1
"8621",2,6,2,1,8,10,1,6,1,1,2,1,1,1,0,0,4,4,6,1,6,2,1,6,16
"8622",3,6,6,1,8,14,1,6,2,1,8,10,1,4,4,0,4,0,0,4,4,2,2,10,20
"8623",4,6,13,1,8,18,7,6,6,1,8,14,1,6,1,6,1,6,0,6,6,2,3,17,30
"8624",5,7,13,1,12,18,7,6,13,1,8,18,7,1,0,0,6,4,3,1,4,1,1,18,34
"8625",6,7,21,1,12,18,10,7,13,1,12,18,7,6,3,0,3,0,0,6,3,2,3,26,37
"8626",7,7,25,1,12,23,16,7,21,1,12,18,10,4,4,6,4,6,0,4,6,2,3,30,48
"8627",8,7,1,6,12,11,16,7,25,1,12,23,16,4,0,0,6,6,6,4,6,3,2,11,36
"8628",9,19,3,6,12,17,19,7,1,6,12,11,16,6,6,0,6,0,0,6,6,1,2,25,45
"8629",10,23,3,6,17,17,19,19,3,6,12,17,19,1,5,4,1,5,0,4,5,1,1,29,50
"8630",11,23,3,7,19,17,19,23,3,6,17,17,19,1,0,0,2,4,1,1,2,3,1,30,52
"8631",12,23,3,7,19,17,19,23,3,7,19,17,19,4,1,0,NA,0,0,0,0,0,0,30,52
"8632",0,0,0,0,0,0,0,0,0,0,0,0,0,0,0,0,0,0,0,0,0,0,0,0,0
"8633",1,1,1,3,1,1,6,1,1,1,1,1,1,2,3,5,3,5,0,2,5,3,3,2,5
"8634",2,1,4,3,1,4,6,1,1,3,1,1,6,3,0,0,4,3,2,3,3,2,2,5,8
"8635",3,1,4,7,3,4,6,1,4,3,1,4,6,4,2,0,2,0,0,4,2,3,1,9,10
"8636",4,1,8,7,3,4,10,1,4,7,3,4,6,2,4,4,2,4,0,4,4,2,3,13,14
"8637",5,3,8,7,3,9,10,1,8,7,3,4,10,2,0,0,5,1,6,2,5,1,2,15,19
"8638",6,9,9,7,3,10,10,3,8,7,3,9,10,1,6,0,1,0,0,6,1,1,2,22,20
"8639",7,12,9,7,3,15,10,9,9,7,3,10,10,4,5,3,4,5,0,3,5,1,2,25,25
"8640",8,16,9,7,3,21,17,12,9,7,3,15,10,4,0,0,6,3,2,4,6,1,3,29,38
"8641",9,16,12,7,3,23,17,16,9,7,3,21,17,3,2,0,2,0,0,3,2,2,2,32,40
"8642",10,16,16,7,8,23,17,16,12,7,3,23,17,3,4,5,3,5,0,4,5,2,1,36,45
"8643",11,19,16,7,11,23,17,16,16,7,8,23,17,3,0,0,3,1,5,3,3,1,1,39,48
"8644",12,19,16,7,11,23,17,19,16,7,11,23,17,1,5,0,NA,0,0,0,0,0,0,39,48
"8645",0,0,0,0,0,0,0,0,0,0,0,0,0,0,0,0,0,0,0,0,0,0,0,0,0
"8646",1,11,1,1,1,1,5,1,1,1,1,1,1,1,4,6,1,4,0,6,4,1,3,10,4
"8647",2,12,1,1,1,4,5,11,1,1,1,1,5,1,0,0,3,3,3,1,3,1,2,11,7
"8648",3,15,1,1,1,7,5,12,1,1,1,4,5,3,3,0,3,0,0,3,3,1,2,14,10
"8649",4,15,5,1,4,7,5,15,1,1,1,7,5,4,2,3,2,3,0,4,3,2,1,18,13
"8650",5,15,5,3,4,9,11,15,5,1,4,7,5,2,0,0,6,4,6,2,6,3,3,20,21
"8651",6,21,5,14,4,13,11,15,5,3,4,9,11,4,6,0,4,0,0,6,4,1,2,37,25
"8652",7,25,5,14,4,13,15,21,5,14,4,13,11,4,4,4,4,4,0,4,4,1,3,41,29
"8653",8,25,9,14,4,13,19,25,5,14,4,13,15,4,0,0,4,4,1,4,4,2,3,45,33
"8654",9,25,10,14,4,17,19,25,9,14,4,13,19,4,1,0,4,0,0,1,4,2,2,46,37
"8655",10,39,12,14,8,1,19,25,10,14,4,17,19,6,4,3,4,3,0,6,4,1,1,100,25
"8656",11,39,15,14,18,1,19,39,12,14,8,1,19,3,0,0,6,2,3,3,6,2,1,103,35
"8657",12,39,15,14,18,1,19,39,15,14,18,1,19,2,3,0,NA,0,0,0,0,0,0,103,35
"8658",0,0,0,0,0,0,0,0,0,0,0,0,0,0,0,0,0,0,0,0,0,0,0,0,0
"8659",1,1,6,1,1,4,1,1,1,1,1,1,1,2,3,5,2,3,0,5,3,2,2,5,3
"8660",2,1,8,1,1,8,1,1,6,1,1,4,1,2,0,0,4,4,4,2,4,2,2,7,7
"8661",3,1,8,5,1,8,5,1,8,1,1,8,1,4,4,0,4,0,0,4,4,3,3,11,11
"8662",4,1,13,5,2,8,5,1,8,5,1,8,5,5,1,1,1,1,0,5,1,2,1,16,12
"8663",5,1,14,5,2,12,11,1,13,5,2,8,5,1,0,0,6,4,2,1,6,2,3,17,22
"8664",6,1,18,5,2,14,11,1,14,5,2,12,11,4,2,0,2,0,0,4,2,2,2,21,24
"8665",7,5,18,5,2,14,16,1,18,5,2,14,11,1,5,4,1,5,0,4,5,1,3,25,29
"8666",8,5,19,5,2,17,16,5,18,5,2,14,16,1,0,0,3,3,2,1,3,2,2,26,32
"8667",9,5,21,5,2,17,19,5,19,5,2,17,16,3,2,0,3,0,0,2,3,2,3,28,35
"8668",10,5,24,5,2,18,25,5,21,5,2,17,19,6,1,3,6,1,0,3,6,2,3,31,42
"8669",11,6,1,5,10,18,25,5,24,5,2,18,25,1,0,0,2,2,4,1,4,1,1,9,50
"8670",12,6,1,5,10,18,25,6,1,5,10,18,25,2,2,0,NA,0,0,0,0,0,0,9,50
"8671",0,0,0,0,0,0,0,0,0,0,0,0,0,0,0,0,0,0,0,0,0,0,0,0,0
"8672",1,1,6,1,1,5,1,1,1,1,1,1,1,4,5,2,4,2,0,5,4,2,2,5,4
"8673",2,3,6,1,7,5,4,1,6,1,1,5,1,2,0,0,4,6,6,2,6,1,1,7,13
"8674",3,4,6,7,7,5,8,3,6,1,7,5,4,4,6,0,4,0,0,6,4,3,3,14,17
"8675",4,6,6,7,13,15,8,4,6,7,7,5,8,6,2,1,6,1,0,2,6,1,1,16,33
"8676",5,6,7,7,13,15,13,6,6,7,13,15,8,1,0,0,6,5,3,1,5,2,3,17,38
"8677",6,15,7,7,13,15,16,6,7,7,13,15,13,6,3,0,3,0,0,6,3,1,3,26,41
"8678",7,18,7,13,18,21,16,15,7,7,13,15,16,2,6,6,2,6,0,6,6,3,2,35,52
"8679",8,18,7,15,18,21,21,18,7,13,18,21,16,2,0,0,2,5,3,2,5,3,3,37,57
"8680",9,18,9,15,21,21,21,18,7,15,18,21,21,2,3,0,3,0,0,2,3,2,1,39,60
"8681",10,24,9,16,21,24,21,18,9,15,21,21,21,3,6,1,3,1,0,6,3,1,2,46,63
"8682",11,25,9,16,23,24,21,24,9,16,21,24,21,1,0,0,2,6,4,1,2,1,1,47,65
"8683",12,25,9,16,23,24,21,25,9,16,23,24,21,6,4,0,NA,0,0,0,0,0,0,47,65
"8684",0,0,0,0,0,0,0,0,0,0,0,0,0,0,0,0,0,0,0,0,0,0,0,0,0
"8685",1,13,1,2,1,8,1,1,1,1,1,1,1,1,6,6,1,6,0,6,6,1,2,13,7
"8686",2,14,1,2,1,13,1,13,1,2,1,8,1,1,0,0,5,1,1,1,5,1,2,14,12
"8687",3,15,1,2,1,14,1,14,1,2,1,13,1,1,1,0,1,0,0,1,1,1,2,15,13
"8688",4,15,3,2,9,14,1,15,1,2,1,14,1,2,6,2,6,2,0,2,6,2,1,17,21
"8689",5,15,5,2,11,14,1,15,3,2,9,14,1,2,0,0,2,4,4,2,2,2,1,19,23
"8690",6,19,5,2,15,14,1,15,5,2,11,14,1,4,4,0,4,0,0,4,4,1,1,23,27
"8691",7,19,8,2,15,14,10,19,5,2,15,14,1,6,1,3,6,1,0,3,6,2,3,26,36
"8692",8,20,8,2,15,14,14,19,8,2,15,14,10,1,0,0,3,4,3,1,4,1,3,27,40
"8693",9,23,8,2,15,14,17,20,8,2,15,14,14,3,3,0,3,0,0,3,3,1,3,30,43
"8694",10,23,9,2,15,17,23,23,8,2,15,14,17,1,1,6,1,6,0,1,6,2,3,31,52
"8695",11,23,9,3,15,17,24,23,9,2,15,17,23,1,0,0,1,2,4,1,1,3,3,32,53
"8696",12,23,9,3,15,17,24,23,9,3,15,17,24,2,4,0,NA,0,0,0,0,0,0,32,53
"8697",0,0,0,0,0,0,0,0,0,0,0,0,0,0,0,0,0,0,0,0,0,0,0,0,0
"8698",1,6,1,1,1,5,1,1,1,1,1,1,1,5,4,2,4,2,0,5,4,1,2,5,4
"8699",2,6,3,1,1,10,1,6,1,1,1,5,1,2,0,0,3,5,2,2,5,2,2,7,9
"8700",3,9,3,1,1,12,1,6,3,1,1,10,1,3,2,0,2,0,0,3,2,1,2,10,11
"8701",4,9,6,1,1,12,5,9,3,1,1,12,1,1,4,3,1,4,0,3,4,2,3,13,15
"8702",5,10,6,1,1,12,8,9,6,1,1,12,5,1,0,0,3,3,4,1,3,1,3,14,18
"8703",6,10,6,5,1,15,8,10,6,1,1,12,8,3,4,0,3,0,0,4,3,3,2,18,21
"8704",7,21,12,5,1,20,8,10,6,5,1,15,8,4,5,6,4,5,0,6,5,1,2,35,26
"8705",8,1,12,5,12,20,8,21,12,5,1,20,8,4,0,0,1,5,6,4,6,1,1,15,37
"8706",9,2,14,5,12,1,13,1,12,5,12,20,8,1,5,0,5,0,0,1,5,1,3,18,23
"8707",10,6,14,5,12,4,13,2,14,5,12,1,13,3,4,1,3,1,0,4,3,1,2,22,26
"8708",11,7,14,5,13,4,13,6,14,5,12,4,13,1,0,0,1,5,5,1,1,1,1,23,27
"8709",12,7,14,5,13,4,13,7,14,5,13,4,13,5,5,0,NA,0,0,0,0,0,0,23,27
"8710",0,0,0,0,0,0,0,0,0,0,0,0,0,0,0,0,0,0,0,0,0,0,0,0,0
"8711",1,2,1,1,1,6,1,1,1,1,1,1,1,3,5,1,3,5,0,1,5,1,2,1,5
"8712",2,2,1,4,4,12,7,2,1,1,1,6,1,3,0,0,6,3,1,3,6,3,3,4,20
"8713",3,2,1,5,7,12,7,2,1,4,4,12,7,3,1,0,3,0,0,1,3,3,1,5,23
"8714",4,2,1,9,7,13,13,2,1,5,7,12,7,6,4,1,6,1,0,4,6,3,3,9,30
"8715",5,2,1,10,13,13,16,2,1,9,7,13,13,1,0,0,2,6,3,1,6,3,1,10,39
"8716",6,4,1,10,13,16,16,2,1,10,13,13,16,2,3,0,3,0,0,2,3,1,2,12,42
"8717",7,8,1,10,19,18,16,4,1,10,13,16,16,6,4,1,6,1,0,4,6,1,1,16,50
"8718",8,8,2,10,19,22,16,8,1,10,19,18,16,1,0,0,4,3,4,1,4,2,2,17,54
"8719",9,11,2,10,19,26,16,8,2,10,19,22,16,3,4,0,4,0,0,3,4,1,2,20,58
"8720",10,12,2,10,21,26,16,11,2,10,19,26,16,1,4,2,4,2,0,1,2,1,1,21,60
"8721",11,16,2,10,26,26,16,12,2,10,21,26,16,4,0,0,5,5,3,4,5,1,1,25,65
"8722",12,16,2,10,26,26,16,16,2,10,26,26,16,5,3,0,NA,0,0,0,0,0,0,25,65
"8723",0,0,0,0,0,0,0,0,0,0,0,0,0,0,0,0,0,0,0,0,0,0,0,0,0
"8724",1,1,7,4,1,1,4,1,1,1,1,1,1,1,3,6,1,3,0,6,3,2,3,9,3
"8725",2,1,7,5,1,1,6,1,7,4,1,1,4,1,0,0,3,2,2,1,2,3,3,10,5
"8726",3,4,7,5,1,1,8,1,7,5,1,1,6,3,2,0,2,0,0,3,2,1,3,13,7
"8727",4,4,12,5,1,1,13,4,7,5,1,1,8,5,5,3,5,3,0,5,5,2,3,18,12
"8728",5,4,12,8,1,1,15,4,12,5,1,1,13,3,0,0,2,3,2,3,2,3,3,21,14
"8729",6,4,12,11,1,3,15,4,12,8,1,1,15,3,2,0,2,0,0,3,2,3,2,24,16
"8730",7,10,12,12,5,3,15,4,12,11,1,3,15,4,6,3,4,3,0,6,4,1,1,31,20
"8731",8,10,15,12,8,3,15,10,12,12,5,3,15,3,0,0,3,3,3,3,3,2,1,34,23
"8732",9,13,15,12,11,3,15,10,15,12,8,3,15,3,3,0,3,0,0,3,3,1,1,37,26
"8733",10,13,15,20,14,3,15,13,15,12,11,3,15,3,6,6,3,6,0,6,3,3,1,45,29
"8734",11,15,15,26,14,7,15,13,15,20,14,3,15,6,0,0,6,2,4,6,4,3,2,53,33
"8735",12,15,15,26,14,7,15,15,15,26,14,7,15,6,2,0,NA,0,0,0,0,0,0,53,33
"8736",0,0,0,0,0,0,0,0,0,0,0,0,0,0,0,0,0,0,0,0,0,0,0,0,0
"8737",1,9,7,1,4,7,1,1,1,1,1,1,1,6,6,5,6,5,0,6,6,2,2,14,9
"8738",2,9,7,6,4,12,1,9,7,1,4,7,1,5,0,0,5,5,2,5,5,3,2,19,14
"8739",3,14,7,6,6,12,1,9,7,6,4,12,1,5,2,0,2,0,0,5,2,1,1,24,16
"8740",4,14,12,12,6,12,5,14,7,6,6,12,1,6,4,2,4,2,0,6,4,3,3,35,20
"8741",5,16,12,12,17,12,5,14,12,12,6,12,5,2,0,0,2,6,3,2,6,1,1,37,31
"8742",6,16,15,12,17,14,5,16,12,12,17,12,5,2,3,0,2,0,0,3,2,2,2,40,33
"8743",7,16,15,15,17,17,5,16,15,12,17,14,5,3,3,1,3,1,0,3,3,3,2,43,36
"8744",8,16,16,15,17,21,5,16,15,15,17,17,5,1,0,0,6,4,1,1,4,2,2,44,40
"8745",9,22,16,20,18,21,5,16,16,15,17,21,5,6,1,0,1,0,0,6,1,1,1,55,41
"8746",10,22,16,37,18,22,5,22,16,20,18,21,5,6,1,1,1,1,0,6,1,3,2,72,42
"8747",11,22,16,38,18,23,5,22,16,37,18,22,5,1,0,0,1,6,3,1,1,3,2,73,43
"8748",12,22,16,38,18,23,5,22,16,38,18,23,5,6,3,0,NA,0,0,0,0,0,0,73,43
"8749",0,0,0,0,0,0,0,0,0,0,0,0,0,0,0,0,0,0,0,0,0,0,0,0,0
"8750",1,5,1,1,5,1,1,1,1,1,1,1,1,4,2,4,2,4,0,4,4,1,1,4,4
"8751",2,5,1,3,5,1,4,5,1,1,5,1,1,2,0,0,4,1,3,2,3,3,3,6,7
"8752",3,9,1,3,6,1,4,5,1,3,5,1,4,4,1,0,1,0,0,4,1,1,1,10,8
"8753",4,9,3,3,10,1,4,9,1,3,6,1,4,2,2,4,2,4,0,2,4,2,1,12,12
"8754",5,9,5,3,15,7,4,9,3,3,10,1,4,2,0,0,6,3,5,2,6,2,2,14,23
"8755",6,9,10,3,15,7,7,9,5,3,15,7,4,3,5,0,3,0,0,5,3,2,3,19,26
"8756",7,14,10,3,16,7,7,9,10,3,15,7,7,1,1,5,1,1,0,5,1,1,1,24,27
"8757",8,14,10,4,16,7,10,14,10,3,16,7,7,1,0,0,4,2,3,1,3,3,3,25,30
"8758",9,14,10,8,16,9,10,14,10,4,16,7,10,4,2,0,2,0,0,4,2,3,2,29,32
"8759",10,14,10,12,18,9,10,14,10,8,16,9,10,2,4,2,2,2,0,4,2,3,1,33,34
"8760",11,14,12,12,24,10,10,14,10,12,18,9,10,2,0,0,2,6,2,2,6,2,1,35,41
"8761",12,14,12,12,24,10,10,14,12,12,24,10,10,2,2,0,NA,0,0,0,0,0,0,35,41
"8762",0,0,0,0,0,0,0,0,0,0,0,0,0,0,0,0,0,0,0,0,0,0,0,0,0
"8763",1,1,2,1,1,2,1,1,1,1,1,1,1,3,1,1,3,1,0,1,1,2,2,1,1
"8764",2,1,2,4,6,2,7,1,2,1,1,2,1,3,0,0,1,4,6,3,6,3,3,4,12
"8765",3,5,2,4,6,3,7,1,2,4,6,2,7,1,4,0,1,0,0,4,1,1,2,8,13
"8766",4,5,2,9,10,3,13,5,2,4,6,3,7,6,4,5,6,4,0,5,6,3,3,13,23
"8767",5,9,2,9,10,13,13,5,2,9,10,3,13,4,0,0,1,6,3,4,6,1,2,17,33
"8768",6,9,2,12,10,14,13,9,2,9,10,13,13,1,3,0,1,0,0,3,1,3,2,20,34
"8769",7,9,6,12,17,14,13,9,2,12,10,14,13,4,6,1,6,1,0,4,6,2,1,24,41
"8770",8,9,6,13,20,14,13,9,6,12,17,14,13,1,0,0,3,4,2,1,3,3,1,25,44
"8771",9,9,6,15,20,18,13,9,6,13,20,14,13,4,2,0,4,0,0,2,4,3,2,27,48
"8772",10,10,6,15,21,18,13,9,6,15,20,18,13,1,1,6,1,6,0,1,1,1,1,28,49
"8773",11,16,6,22,21,18,16,10,6,15,21,18,13,6,0,0,6,3,6,6,3,1,3,41,52
"8774",12,16,6,22,21,18,16,16,6,22,21,18,16,6,6,0,NA,0,0,0,0,0,0,41,52
"8775",0,0,0,0,0,0,0,0,0,0,0,0,0,0,0,0,0,0,0,0,0,0,0,0,0
"8776",1,3,1,1,1,1,4,1,1,1,1,1,1,2,2,3,2,3,0,2,3,1,3,2,3
"8777",2,5,1,1,7,6,4,3,1,1,1,1,4,2,0,0,3,3,6,2,6,1,1,4,14
"8778",3,8,1,1,7,6,7,5,1,1,7,6,4,3,3,0,3,0,0,3,3,1,3,7,17
"8779",4,14,1,4,7,11,7,8,1,1,7,6,7,4,5,6,4,5,0,6,5,1,2,16,22
"8780",5,14,5,4,12,11,7,14,1,4,7,11,7,4,0,0,1,5,3,4,5,2,1,20,27
"8781",6,14,8,4,12,11,8,14,5,4,12,11,7,1,3,0,1,0,0,3,1,2,3,23,28
"8782",7,19,8,4,12,11,12,14,8,4,12,11,8,1,4,5,1,4,0,5,4,1,3,28,32
"8783",8,20,8,4,12,11,21,19,8,4,12,11,12,1,0,0,4,5,6,1,6,1,3,29,41
"8784",9,25,8,4,12,15,21,20,8,4,12,11,21,4,5,0,4,0,0,5,4,1,2,34,45
"8785",10,30,8,1,1,18,27,25,8,4,12,15,21,3,6,5,3,6,0,5,6,1,3,36,43
"8786",11,30,8,4,5,18,33,30,8,1,1,18,27,3,0,0,6,1,1,3,6,3,3,39,53
"8787",12,30,8,4,5,18,33,30,8,4,5,18,33,1,1,0,NA,0,0,0,0,0,0,39,53
"8788",0,0,0,0,0,0,0,0,0,0,0,0,0,0,0,0,0,0,0,0,0,0,0,0,0
"8789",1,1,5,7,1,1,5,1,1,1,1,1,1,4,3,6,4,3,0,6,4,3,3,10,4
"8790",2,4,5,7,1,5,11,1,5,7,1,1,5,3,0,0,6,3,3,3,6,1,3,13,14
"8791",3,4,5,10,4,5,11,4,5,7,1,5,11,3,3,0,3,0,0,3,3,3,1,16,17
"8792",4,4,5,11,6,5,11,4,5,10,4,5,11,2,1,2,2,2,0,1,2,3,1,17,19
"8793",5,4,5,13,6,9,11,4,5,11,6,5,11,2,0,0,4,1,3,2,4,3,2,19,23
"8794",6,7,5,13,7,9,11,4,5,13,6,9,11,1,3,0,1,0,0,3,1,1,1,22,24
"8795",7,7,5,17,7,11,11,7,5,13,7,9,11,4,1,2,1,2,0,4,2,3,2,26,26
"8796",8,8,5,17,13,11,12,7,5,17,7,11,11,1,0,0,2,5,6,1,6,1,1,27,33
"8797",9,13,5,17,13,13,12,8,5,17,13,11,12,2,5,0,2,0,0,5,2,1,2,32,35
"8798",10,13,5,21,13,13,16,13,5,17,13,13,12,4,4,4,4,4,0,4,4,3,3,36,39
"8799",11,17,5,21,22,13,16,13,5,21,13,13,16,4,0,0,1,6,2,4,6,1,1,40,48
"8800",12,17,5,21,22,13,16,17,5,21,22,13,16,1,2,0,NA,0,0,0,0,0,0,40,48
"8801",0,0,0,0,0,0,0,0,0,0,0,0,0,0,0,0,0,0,0,0,0,0,0,0,0
"8802",1,1,1,2,6,1,1,1,1,1,1,1,1,1,2,5,2,5,0,1,5,3,1,1,5
"8803",2,1,3,2,11,1,1,1,1,2,6,1,1,2,0,0,5,5,3,2,5,2,1,3,10
"8804",3,1,3,7,11,4,1,1,3,2,11,1,1,5,3,0,3,0,0,5,3,3,2,8,13
"8805",4,7,3,8,11,4,2,1,3,7,11,4,1,1,6,1,1,1,0,6,1,1,3,15,14
"8806",5,7,3,9,11,8,8,7,3,8,11,4,2,1,0,0,6,3,3,1,6,3,3,16,24
"8807",6,7,3,12,11,8,11,7,3,9,11,8,8,3,3,0,3,0,0,3,3,3,3,19,27
"8808",7,7,4,12,11,8,15,7,3,12,11,8,11,1,4,1,4,1,0,1,4,2,3,20,31
"8809",8,7,4,13,17,17,15,7,4,12,11,8,15,1,0,0,6,2,3,1,6,3,2,21,46
"8810",9,7,4,15,17,17,18,7,4,13,17,17,15,2,3,0,3,0,0,2,3,3,3,23,49
"8811",10,10,4,15,17,18,24,7,4,15,17,17,18,6,3,1,6,1,0,3,6,1,3,26,56
"8812",11,10,5,15,20,18,24,10,4,15,17,18,24,1,0,0,3,5,4,1,3,2,1,27,59
"8813",12,10,5,15,20,18,24,10,5,15,20,18,24,5,4,0,NA,0,0,0,0,0,0,27,59
"8814",0,0,0,0,0,0,0,0,0,0,0,0,0,0,0,0,0,0,0,0,0,0,0,0,0
"8815",1,4,7,1,5,1,1,1,1,1,1,1,1,6,3,4,3,4,0,6,4,2,1,9,4
"8816",2,7,7,1,9,1,1,4,7,1,5,1,1,3,0,0,1,6,4,3,4,1,1,12,8
"8817",3,7,7,12,9,1,2,7,7,1,9,1,1,1,6,0,1,0,0,6,1,3,3,23,9
"8818",4,7,15,12,14,1,2,7,7,12,9,1,2,5,6,3,5,3,0,6,5,2,1,31,14
"8819",5,10,15,12,15,1,2,7,15,12,14,1,2,3,0,0,2,1,1,3,1,1,1,34,15
"8820",6,12,15,12,16,1,2,10,15,12,15,1,2,2,1,0,1,0,0,2,1,1,1,36,16
"8821",7,12,17,12,16,5,2,12,15,12,16,1,2,2,1,4,1,4,0,2,4,2,2,38,20
"8822",8,13,17,12,19,5,2,12,17,12,16,5,2,1,0,0,3,3,3,1,3,1,1,39,23
"8823",9,13,17,15,19,8,2,13,17,12,19,5,2,3,3,0,3,0,0,3,3,3,2,42,26
"8824",10,19,17,19,23,8,2,13,17,15,19,8,2,6,1,4,1,4,0,6,4,1,1,52,30
"8825",11,19,18,19,29,12,2,19,17,19,23,8,2,1,0,0,6,1,3,1,6,2,1,53,40
"8826",12,19,18,19,29,12,2,19,18,19,29,12,2,1,3,0,NA,0,0,0,0,0,0,53,40
"8827",0,0,0,0,0,0,0,0,0,0,0,0,0,0,0,0,0,0,0,0,0,0,0,0,0
"8828",1,1,1,4,7,1,2,1,1,1,1,1,1,3,4,6,4,6,0,3,6,3,1,3,7
"8829",2,5,1,4,7,1,6,1,1,4,7,1,2,4,0,0,5,4,5,4,4,1,3,7,11
"8830",3,5,6,4,7,1,11,5,1,4,7,1,6,5,5,0,5,0,0,5,5,2,3,12,16
"8831",4,5,6,6,10,1,11,5,6,4,7,1,11,1,2,3,1,3,0,2,3,3,1,14,19
"8832",5,5,6,7,14,1,11,5,6,6,10,1,11,1,0,0,3,3,4,1,4,3,1,15,23
"8833",6,5,9,7,14,4,11,5,6,7,14,1,11,3,3,0,3,0,0,3,3,2,2,18,26
"8834",7,12,9,13,14,8,17,5,9,7,14,4,11,6,4,6,4,6,0,6,6,3,3,31,36
"8835",8,12,9,17,14,14,20,12,9,13,14,8,17,4,0,0,6,5,5,4,6,3,2,35,45
"8836",9,12,9,22,14,19,20,12,9,17,14,14,20,5,5,0,5,0,0,5,5,3,2,40,50
"8837",10,12,9,25,21,19,20,12,9,22,14,19,20,6,3,2,6,2,0,3,6,3,1,43,57
"8838",11,12,9,27,22,19,20,12,9,25,21,19,20,2,0,0,1,4,5,2,1,3,1,45,58
"8839",12,12,9,27,22,19,20,12,9,27,22,19,20,4,5,0,NA,0,0,0,0,0,0,45,58
"8840",0,0,0,0,0,0,0,0,0,0,0,0,0,0,0,0,0,0,0,0,0,0,0,0,0
"8841",1,1,1,8,1,1,6,1,1,1,1,1,1,5,6,2,5,2,0,6,5,3,3,7,5
"8842",2,1,3,8,1,3,6,1,1,8,1,1,6,2,0,0,3,1,2,2,2,2,2,9,7
"8843",3,1,6,8,1,3,7,1,3,8,1,3,6,3,1,0,1,0,0,3,1,2,3,12,8
"8844",4,1,7,8,1,3,12,1,6,8,1,3,7,5,1,1,5,1,0,1,5,2,3,13,13
"8845",5,1,7,9,1,11,12,1,7,8,1,3,12,1,0,0,1,6,5,1,6,3,2,14,21
"8846",6,1,12,9,1,12,12,1,7,9,1,11,12,1,5,0,1,0,0,5,1,2,2,19,22
"8847",7,1,18,11,3,12,12,1,12,9,1,12,12,2,2,6,2,2,0,6,2,2,1,27,24
"8848",8,1,20,11,3,15,12,1,18,11,3,12,12,2,0,0,1,3,3,2,3,2,2,29,27
"8849",9,1,20,14,4,15,12,1,20,11,3,15,12,1,3,0,1,0,0,3,1,3,1,32,28
"8850",10,9,20,14,9,15,12,1,20,14,4,15,12,6,1,5,1,5,0,6,5,1,1,40,33
"8851",11,9,20,15,11,15,12,9,20,14,9,15,12,1,0,0,2,3,3,1,2,3,1,41,35
"8852",12,9,20,15,11,15,12,9,20,15,11,15,12,3,3,0,NA,0,0,0,0,0,0,41,35
"8853",0,0,0,0,0,0,0,0,0,0,0,0,0,0,0,0,0,0,0,0,0,0,0,0,0
"8854",1,2,1,1,1,4,1,1,1,1,1,1,1,3,1,1,3,1,0,1,3,1,2,1,3
"8855",2,3,1,1,1,8,1,2,1,1,1,4,1,1,0,0,3,4,5,1,4,1,2,2,7
"8856",3,3,1,4,1,8,6,3,1,1,1,8,1,3,5,0,5,0,0,3,5,3,3,5,12
"8857",4,9,1,14,3,14,6,3,1,4,1,8,6,6,2,6,2,6,0,6,6,3,2,21,20
"8858",5,11,1,14,3,14,9,9,1,14,3,14,6,2,0,0,3,5,5,2,3,1,3,23,23
"8859",6,11,1,19,3,19,9,11,1,14,3,14,9,5,5,0,5,0,0,5,5,3,2,28,28
"8860",7,17,2,19,6,19,9,11,1,19,3,19,9,2,3,6,2,3,0,6,3,1,1,35,31
"8861",8,17,4,19,11,19,9,17,2,19,6,19,9,2,0,0,4,5,3,2,5,2,1,37,36
"8862",9,17,8,19,11,19,12,17,4,19,11,19,9,4,3,0,3,0,0,4,3,2,3,41,39
"8863",10,19,8,19,13,19,12,17,8,19,11,19,12,1,2,2,1,2,0,2,2,1,1,43,41
"8864",11,20,8,19,18,19,12,19,8,19,13,19,12,1,0,0,1,2,5,1,5,1,1,44,46
"8865",12,20,8,19,18,19,12,20,8,19,18,19,12,1,2,0,NA,0,0,0,0,0,0,44,46
"8866",0,0,0,0,0,0,0,0,0,0,0,0,0,0,0,0,0,0,0,0,0,0,0,0,0
"8867",1,1,4,1,4,1,1,1,1,1,1,1,1,3,3,2,3,2,0,3,3,2,1,3,3
"8868",2,1,4,3,4,2,7,1,4,1,4,1,1,2,0,0,4,2,6,2,6,3,3,5,10
"8869",3,1,4,7,4,2,9,1,4,3,4,2,7,4,2,0,2,0,0,4,2,3,3,9,12
"8870",4,1,7,7,16,2,9,1,4,7,4,2,9,3,3,6,3,6,0,3,6,2,1,12,24
"8871",5,1,10,7,16,8,10,1,7,7,16,2,9,3,0,0,3,2,6,3,6,2,2,15,31
"8872",6,1,10,10,18,8,10,1,10,7,16,8,10,3,2,0,2,0,0,3,2,3,1,18,33
"8873",7,1,13,10,18,10,10,1,10,10,18,8,10,1,3,2,1,2,0,3,2,2,2,21,35
"8874",8,1,13,11,18,13,10,1,13,10,18,10,10,1,0,0,5,6,3,1,3,3,2,22,38
"8875",9,1,13,21,18,13,15,1,13,11,18,13,10,5,6,0,5,0,0,6,5,3,3,32,43
"8876",10,1,13,29,18,13,17,1,13,21,18,13,15,1,6,2,1,2,0,6,2,3,3,40,45
"8877",11,1,13,30,18,13,20,1,13,29,18,13,17,1,0,0,3,4,2,1,3,3,3,41,48
"8878",12,1,13,30,18,13,20,1,13,30,18,13,20,4,2,0,NA,0,0,0,0,0,0,41,48
"8879",0,0,0,0,0,0,0,0,0,0,0,0,0,0,0,0,0,0,0,0,0,0,0,0,0
"8880",1,6,7,1,1,1,6,1,1,1,1,1,1,6,5,1,5,1,0,6,5,2,3,11,5
"8881",2,6,7,2,5,1,6,6,7,1,1,1,6,1,0,0,4,1,2,1,4,3,1,12,9
"8882",3,6,9,2,5,2,6,6,7,2,5,1,6,1,2,0,1,0,0,2,1,2,2,14,10
"8883",4,11,9,2,5,2,9,6,9,2,5,2,6,3,2,5,3,2,0,5,3,1,3,19,13
"8884",5,13,9,2,5,2,13,11,9,2,5,2,9,2,0,0,5,2,4,2,4,1,3,21,17
"8885",6,13,9,7,7,2,13,13,9,2,5,2,13,5,2,0,2,0,0,5,2,3,1,26,19
"8886",7,13,9,11,7,2,17,13,9,7,7,2,13,4,4,4,4,4,0,4,4,3,3,30,23
"8887",8,13,13,11,7,6,17,13,9,11,7,2,17,4,0,0,2,3,4,4,4,2,2,34,27
"8888",9,13,13,14,7,8,17,13,13,11,7,6,17,2,3,0,2,0,0,3,2,3,2,37,29
"8889",10,18,13,14,7,8,19,13,13,14,7,8,17,1,5,2,1,2,0,5,2,1,3,42,31
"8890",11,18,14,14,10,8,19,18,13,14,7,8,19,1,0,0,3,1,5,1,3,2,1,43,34
"8891",12,18,14,14,10,8,19,18,14,14,10,8,19,1,5,0,NA,0,0,0,0,0,0,43,34
"8892",0,0,0,0,0,0,0,0,0,0,0,0,0,0,0,0,0,0,0,0,0,0,0,0,0
"8893",1,1,1,3,4,1,7,1,1,1,1,1,1,2,6,1,6,1,0,2,6,3,3,2,9
"8894",2,2,1,3,4,5,7,1,1,3,4,1,7,1,0,0,5,4,3,1,4,1,2,3,13
"8895",3,5,1,3,4,10,7,2,1,3,4,5,7,5,3,0,5,0,0,3,5,1,2,6,18
"8896",4,11,1,6,4,12,7,5,1,3,4,10,7,2,6,2,2,2,0,6,2,1,2,15,20
"8897",5,13,1,6,4,12,11,11,1,6,4,12,7,2,0,0,4,4,1,2,4,1,3,17,24
"8898",6,17,1,6,4,12,12,13,1,6,4,12,11,4,1,0,1,0,0,4,1,1,3,21,25
"8899",7,17,1,10,4,12,16,17,1,6,4,12,12,4,4,3,4,3,0,4,4,3,3,25,29
"8900",8,20,1,10,15,18,16,17,1,10,4,12,16,3,0,0,6,2,2,3,6,1,1,28,46
"8901",9,22,1,10,15,18,18,20,1,10,15,18,16,2,2,0,2,0,0,2,2,1,3,30,48
"8902",10,23,1,10,15,19,18,22,1,10,15,18,18,4,1,1,4,1,0,1,1,1,2,31,49
"8903",11,27,1,10,16,19,18,23,1,10,15,19,18,4,0,0,1,3,3,4,1,1,1,35,50
"8904",12,27,1,10,16,19,18,27,1,10,16,19,18,3,3,0,NA,0,0,0,0,0,0,35,50
"8905",0,0,0,0,0,0,0,0,0,0,0,0,0,0,0,0,0,0,0,0,0,0,0,0,0
"8906",1,7,5,1,7,3,1,1,1,1,1,1,1,6,1,6,1,6,0,6,6,1,1,10,8
"8907",2,7,5,2,7,7,1,7,5,1,7,3,1,1,0,0,4,1,2,1,4,3,2,11,12
"8908",3,7,5,4,8,7,1,7,5,2,7,7,1,1,2,0,1,0,0,2,1,3,1,13,13
"8909",4,12,5,4,8,7,6,7,5,4,8,7,1,5,5,2,5,2,0,5,5,1,3,18,18
"8910",5,12,5,6,14,13,11,12,5,4,8,7,6,2,0,0,6,6,5,2,6,3,2,20,35
"8911",6,18,7,6,14,13,16,12,5,6,14,13,11,6,5,0,5,0,0,6,5,1,3,28,40
"8912",7,26,7,6,14,18,16,18,7,6,14,13,16,6,5,2,5,2,0,6,5,1,2,36,45
"8913",8,28,7,6,18,18,22,26,7,6,14,18,16,2,0,0,5,6,2,2,6,1,3,38,55
"8914",9,33,7,6,18,20,22,28,7,6,18,18,22,5,2,0,2,0,0,5,2,1,2,43,57
"8915",10,39,11,6,23,20,22,33,7,6,18,20,22,5,6,1,5,1,0,6,5,1,1,91,62
"8916",11,39,12,6,36,20,22,39,11,6,23,20,22,1,0,0,6,6,1,1,6,2,1,92,75
"8917",12,39,12,6,36,20,22,39,12,6,36,20,22,6,1,0,NA,0,0,0,0,0,0,92,75
"8918",0,0,0,0,0,0,0,0,0,0,0,0,0,0,0,0,0,0,0,0,0,0,0,0,0
"8919",1,1,4,1,4,1,1,1,1,1,1,1,1,3,3,1,3,1,0,3,3,2,1,3,3
"8920",2,1,5,1,9,1,1,1,4,1,4,1,1,1,0,0,1,1,5,1,5,2,1,4,8
"8921",3,2,5,1,9,2,1,1,5,1,9,1,1,1,1,0,1,0,0,1,1,1,2,5,9
"8922",4,2,5,5,9,2,5,2,5,1,9,2,1,1,4,4,1,4,0,4,4,3,3,9,13
"8923",5,2,5,6,9,2,8,2,5,5,9,2,5,1,0,0,3,2,1,1,3,3,3,10,16
"8924",6,2,5,8,9,3,8,2,5,6,9,2,8,2,1,0,1,0,0,2,1,3,2,12,17
"8925",7,2,5,12,15,3,9,2,5,8,9,3,8,4,2,6,2,6,0,4,6,3,1,16,24
"8926",8,2,7,12,15,6,9,2,5,12,15,3,9,2,0,0,3,6,6,2,3,2,2,18,27
"8927",9,2,10,18,15,6,17,2,7,12,15,6,9,6,6,0,6,0,0,6,6,3,3,27,35
"8928",10,8,10,20,21,6,19,2,10,18,15,6,17,5,6,6,5,6,0,6,6,1,1,35,43
"8929",11,8,15,20,22,6,19,8,10,20,21,6,19,5,0,0,1,3,2,5,1,2,1,40,44
"8930",12,8,15,20,22,6,19,8,15,20,22,6,19,3,2,0,NA,0,0,0,0,0,0,40,44
"8931",0,0,0,0,0,0,0,0,0,0,0,0,0,0,0,0,0,0,0,0,0,0,0,0,0
"8932",1,7,1,2,1,3,7,1,1,1,1,1,1,6,6,1,6,1,0,6,6,1,3,7,8
"8933",2,7,2,2,1,8,7,7,1,2,1,3,7,1,0,0,2,1,5,1,5,2,2,8,13
"8934",3,7,4,2,2,8,7,7,2,2,1,8,7,2,1,0,1,0,0,2,1,2,1,10,14
"8935",4,7,4,5,4,8,7,7,4,2,2,8,7,2,1,3,2,1,0,3,2,3,1,13,16
"8936",5,7,5,5,5,14,7,7,4,5,4,8,7,1,0,0,2,1,6,1,6,2,2,14,23
"8937",6,7,7,5,5,15,7,7,5,5,5,14,7,2,1,0,1,0,0,2,1,2,2,16,24
"8938",7,7,7,9,5,15,10,7,7,5,5,15,7,3,2,4,3,2,0,4,3,3,3,20,27
"8939",8,7,9,9,5,20,10,7,7,9,5,15,10,2,0,0,3,1,5,2,5,2,2,22,32
"8940",9,7,10,9,8,20,10,7,9,9,5,20,10,3,1,0,3,0,0,1,3,2,1,23,35
"8941",10,7,10,11,11,20,10,7,10,9,8,20,10,3,3,2,3,3,0,2,3,3,1,25,38
"8942",11,10,10,11,16,20,10,7,10,11,11,20,10,3,0,0,5,4,3,3,5,1,1,28,43
"8943",12,10,10,11,16,20,10,10,10,11,16,20,10,4,3,0,NA,0,0,0,0,0,0,28,43
"8944",0,0,0,0,0,0,0,0,0,0,0,0,0,0,0,0,0,0,0,0,0,0,0,0,0
"8945",1,7,5,1,1,1,6,1,1,1,1,1,1,6,1,5,1,5,0,6,5,1,3,10,5
"8946",2,8,5,1,7,5,6,7,5,1,1,1,6,1,0,0,6,2,2,1,6,1,1,11,15
"8947",3,8,7,1,7,7,6,8,5,1,7,5,6,2,2,0,2,0,0,2,2,2,2,13,17
"8948",4,8,7,5,7,13,8,8,7,1,7,7,6,6,4,5,6,5,0,4,6,3,2,17,25
"8949",5,8,7,10,10,13,14,8,7,5,7,13,8,5,0,0,5,6,6,5,6,3,3,22,34
"8950",6,10,7,16,10,18,14,8,7,10,10,13,14,5,6,0,5,0,0,6,5,3,2,30,39
"8951",7,15,7,16,10,18,18,10,7,16,10,18,14,5,3,4,3,4,0,5,4,1,3,35,43
"8952",8,15,10,16,15,18,18,15,7,16,10,18,18,3,0,0,1,3,5,3,5,2,1,38,48
"8953",9,15,10,19,16,18,18,15,10,16,15,18,18,1,3,0,1,0,0,3,1,3,1,41,49
"8954",10,15,10,24,18,18,18,15,10,19,16,18,18,2,5,2,2,2,0,5,2,3,1,46,51
"8955",11,17,10,24,21,18,18,15,10,24,18,18,18,2,0,0,3,4,5,2,3,1,1,48,54
"8956",12,17,10,24,21,18,18,17,10,24,21,18,18,4,5,0,NA,0,0,0,0,0,0,48,54
"8957",0,0,0,0,0,0,0,0,0,0,0,0,0,0,0,0,0,0,0,0,0,0,0,0,0
"8958",1,7,1,5,1,5,1,1,1,1,1,1,1,1,4,6,1,4,0,6,4,1,2,10,4
"8959",2,7,1,6,1,5,5,7,1,5,1,5,1,1,0,0,4,1,6,1,4,3,3,11,8
"8960",3,7,9,6,1,6,5,7,1,6,1,5,5,1,6,0,1,0,0,6,1,2,2,19,9
"8961",4,13,9,11,3,6,5,7,9,6,1,6,5,2,6,4,2,4,0,6,2,1,1,30,11
"8962",5,13,13,11,3,6,15,13,9,11,3,6,5,4,0,0,2,1,6,4,6,2,3,34,21
"8963",6,15,13,11,3,6,16,13,13,11,3,6,15,2,1,0,1,0,0,2,1,1,3,36,22
"8964",7,15,16,11,7,6,22,15,13,11,3,6,16,3,6,6,6,6,0,3,6,2,3,39,32
"8965",8,15,18,17,14,6,22,15,16,11,7,6,22,6,0,0,4,6,6,6,6,3,1,47,39
"8966",9,21,21,17,14,6,26,15,18,17,14,6,22,4,6,0,4,0,0,6,4,1,3,56,43
"8967",10,21,25,17,14,6,31,21,21,17,14,6,26,3,5,4,3,5,0,4,5,2,3,60,48
"8968",11,21,1,20,17,7,37,21,25,17,14,6,31,3,0,0,6,1,1,3,1,3,2,39,58
"8969",12,21,1,20,17,7,37,21,1,20,17,7,37,6,1,0,NA,0,0,0,0,0,0,39,58
"8970",0,0,0,0,0,0,0,0,0,0,0,0,0,0,0,0,0,0,0,0,0,0,0,0,0
"8971",1,1,12,1,1,1,4,1,1,1,1,1,1,3,6,2,3,2,0,6,3,2,3,11,3
"8972",2,3,12,1,4,1,4,1,12,1,1,1,4,2,0,0,3,4,3,2,3,1,1,13,6
"8973",3,3,15,1,8,1,4,3,12,1,4,1,4,4,3,0,4,0,0,3,4,2,1,16,10
"8974",4,6,15,1,12,1,4,3,15,1,8,1,4,4,3,2,4,2,0,3,4,1,1,19,14
"8975",5,6,15,3,12,6,4,6,15,1,12,1,4,2,0,0,3,3,5,2,5,3,2,21,19
"8976",6,6,18,3,15,6,4,6,15,3,12,6,4,3,3,0,3,0,0,3,3,2,1,24,22
"8977",7,6,18,8,15,9,4,6,18,3,15,6,4,2,5,3,2,3,0,5,3,3,2,29,25
"8978",8,8,18,8,21,14,4,6,18,8,15,9,4,2,0,0,6,1,4,2,6,1,1,31,36
"8979",9,8,27,8,21,15,1,8,18,8,21,14,4,1,4,0,1,0,0,4,1,2,2,40,34
"8980",10,9,39,8,24,1,1,8,27,8,21,15,1,6,3,6,3,6,0,6,3,2,1,91,23
"8981",11,23,39,8,28,1,1,9,39,8,24,1,1,6,0,0,4,5,1,6,4,1,1,105,27
"8982",12,23,39,8,28,1,1,23,39,8,28,1,1,5,1,0,NA,0,0,0,0,0,0,105,27
"8983",0,0,0,0,0,0,0,0,0,0,0,0,0,0,0,0,0,0,0,0,0,0,0,0,0
"8984",1,1,1,5,4,1,1,1,1,1,1,1,1,4,3,1,3,1,0,4,3,3,1,4,3
"8985",2,2,1,5,4,7,6,1,1,5,4,1,1,1,0,0,6,1,4,1,6,1,2,5,14
"8986",3,6,1,5,4,8,6,2,1,5,4,7,6,1,4,0,1,0,0,4,1,1,2,9,15
"8987",4,14,1,5,4,11,12,6,1,5,4,8,6,6,4,6,4,6,0,6,6,1,3,17,24
"8988",5,14,5,5,4,13,12,14,1,5,4,11,12,4,0,0,2,2,2,4,2,2,2,21,26
"8989",6,14,7,5,4,15,12,14,5,5,4,13,12,2,2,0,2,0,0,2,2,2,2,23,28
"8990",7,17,7,5,4,15,17,14,7,5,4,15,12,2,3,5,2,5,0,3,5,1,3,26,33
"8991",8,19,7,5,20,15,17,17,7,5,4,15,17,2,0,0,4,3,6,2,6,1,1,28,49
"8992",9,19,11,5,20,18,17,19,7,5,20,15,17,4,3,0,3,0,0,4,3,2,2,32,52
"8993",10,19,13,5,21,18,17,19,11,5,20,18,17,2,1,1,1,1,0,2,1,2,1,34,53
"8994",11,20,13,1,21,26,17,19,13,5,21,18,17,1,0,0,5,3,5,1,5,1,2,31,61
"8995",12,20,13,1,21,26,17,20,13,1,21,26,17,3,5,0,NA,0,0,0,0,0,0,31,61
"8996",0,0,0,0,0,0,0,0,0,0,0,0,0,0,0,0,0,0,0,0,0,0,0,0,0
"8997",1,1,1,2,1,4,1,1,1,1,1,1,1,3,2,1,3,2,0,1,3,3,2,1,3
"8998",2,1,3,2,1,4,6,1,1,2,1,4,1,2,0,0,4,5,4,2,5,2,3,3,8
"8999",3,1,3,6,5,4,6,1,3,2,1,4,6,4,4,0,4,0,0,4,4,3,1,7,12
"9000",4,1,6,6,5,8,6,1,3,6,5,4,6,4,2,3,4,2,0,3,4,2,2,10,16
"9001",5,1,8,6,15,8,6,1,6,6,5,8,6,2,0,0,6,2,6,2,6,2,1,12,26
"9002",6,4,20,6,15,8,8,1,8,6,15,8,6,2,6,0,2,0,0,6,2,2,3,27,28
"9003",7,7,20,6,15,8,9,4,20,6,15,8,8,1,3,1,1,1,0,3,1,1,3,30,29
"9004",8,8,20,6,20,8,9,7,20,6,15,8,9,1,0,0,2,5,4,1,5,1,1,31,34
"9005",9,12,20,6,22,8,9,8,20,6,20,8,9,2,4,0,2,0,0,4,2,1,1,35,36
"9006",10,14,26,6,22,6,9,12,20,6,22,8,9,3,5,6,3,5,0,6,5,2,2,43,34
"9007",11,14,26,1,37,6,15,14,26,6,22,6,9,3,0,0,5,1,1,3,5,3,1,38,55
"9008",12,14,26,1,37,6,15,14,26,1,37,6,15,1,1,0,NA,0,0,0,0,0,0,38,55
"9009",0,0,0,0,0,0,0,0,0,0,0,0,0,0,0,0,0,0,0,0,0,0,0,0,0
"9010",1,1,1,6,1,1,9,1,1,1,1,1,1,3,5,6,3,6,0,5,6,3,3,5,8
"9011",2,4,1,6,1,4,9,1,1,6,1,1,9,3,0,0,3,1,1,3,3,1,2,8,11
"9012",3,4,2,6,1,4,10,4,1,6,1,4,9,1,1,0,1,0,0,1,1,2,3,9,12
"9013",4,9,2,12,1,4,14,4,2,6,1,4,10,6,4,3,4,3,0,6,4,3,3,20,16
"9014",5,9,5,12,1,4,19,9,2,12,1,4,14,3,0,0,6,5,5,3,5,2,3,23,21
"9015",6,13,11,12,1,4,24,9,5,12,1,4,19,6,5,0,5,0,0,6,5,2,3,33,26
"9016",7,13,19,12,1,4,29,13,11,12,1,4,24,3,5,6,3,5,0,6,5,2,3,41,31
"9017",8,1,19,12,1,4,38,13,19,12,1,4,29,3,0,0,3,5,5,3,5,1,3,29,40
"9018",9,4,22,12,1,6,38,1,19,12,1,4,38,3,5,0,5,0,0,3,5,2,2,35,42
"9019",10,4,22,17,1,11,38,4,22,12,1,6,38,5,4,5,4,5,0,5,5,3,2,40,47
"9020",11,4,26,17,3,11,38,4,22,17,1,11,38,4,0,0,2,5,1,4,2,2,1,44,49
"9021",12,4,26,17,3,11,38,4,26,17,3,11,38,5,1,0,NA,0,0,0,0,0,0,44,49
"9022",0,0,0,0,0,0,0,0,0,0,0,0,0,0,0,0,0,0,0,0,0,0,0,0,0
"9023",1,1,1,4,1,4,1,1,1,1,1,1,1,3,1,3,1,3,0,3,3,3,2,3,3
"9024",2,1,1,5,6,4,1,1,1,4,1,4,1,1,0,0,4,1,5,1,5,3,1,4,8
"9025",3,1,1,9,7,4,1,1,1,5,6,4,1,4,1,0,1,0,0,4,1,3,1,8,9
"9026",4,6,1,15,7,4,4,1,1,9,7,4,1,6,3,2,3,2,0,6,3,3,3,19,12
"9027",5,6,1,17,7,6,4,6,1,15,7,4,4,2,0,0,2,1,5,2,2,3,2,21,14
"9028",6,11,1,17,7,6,5,6,1,17,7,6,4,1,5,0,1,0,0,5,1,1,3,26,15
"9029",7,20,1,17,7,11,5,11,1,17,7,6,5,5,6,2,5,2,0,6,5,1,2,35,20
"9030",8,22,1,17,7,14,5,20,1,17,7,11,5,2,0,0,3,2,1,2,3,1,2,37,23
"9031",9,22,3,17,7,15,5,22,1,17,7,14,5,2,1,0,1,0,0,2,1,2,2,39,24
"9032",10,22,6,17,7,16,5,22,3,17,7,15,5,3,1,3,1,3,0,3,1,2,2,42,25
"9033",11,22,9,17,7,16,6,22,6,17,7,16,5,3,0,0,5,1,2,3,1,2,3,45,26
"9034",12,22,9,17,7,16,6,22,9,17,7,16,6,5,2,0,NA,0,0,0,0,0,0,45,26
"9035",0,0,0,0,0,0,0,0,0,0,0,0,0,0,0,0,0,0,0,0,0,0,0,0,0
"9036",1,1,7,4,1,1,6,1,1,1,1,1,1,2,6,5,2,5,0,6,5,2,3,9,5
"9037",2,1,9,4,1,7,15,1,7,4,1,1,6,2,0,0,5,6,5,2,6,2,3,11,20
"9038",3,6,9,4,6,7,15,1,9,4,1,7,15,5,5,0,5,0,0,5,5,1,1,16,25
"9039",4,6,11,4,10,7,15,6,9,4,6,7,15,2,2,4,2,4,0,2,4,2,1,18,29
"9040",5,6,11,6,14,7,15,6,11,4,10,7,15,2,0,0,3,1,4,2,4,3,1,20,33
"9041",6,6,14,6,14,8,15,6,11,6,14,7,15,3,1,0,1,0,0,3,1,2,2,23,34
"9042",7,6,14,11,14,12,15,6,14,6,14,8,15,5,3,4,3,4,0,5,4,3,2,28,38
"9043",8,6,17,11,14,12,19,6,14,11,14,12,15,3,0,0,3,4,4,3,4,2,3,31,42
"9044",9,9,17,11,14,12,23,6,17,11,14,12,19,3,4,0,4,0,0,3,4,1,3,34,46
"9045",10,9,21,11,14,17,23,9,17,11,14,12,23,5,4,1,5,1,0,4,5,2,2,38,51
"9046",11,10,21,11,26,17,23,9,21,11,14,17,23,1,0,0,6,3,2,1,6,1,1,39,63
"9047",12,10,21,11,26,17,23,10,21,11,26,17,23,3,2,0,NA,0,0,0,0,0,0,39,63
"9048",0,0,0,0,0,0,0,0,0,0,0,0,0,0,0,0,0,0,0,0,0,0,0,0,0
"9049",1,6,1,1,4,1,1,1,1,1,1,1,1,1,5,3,1,3,0,5,3,1,1,5,3
"9050",2,6,1,2,4,7,6,6,1,1,4,1,1,1,0,0,4,6,3,1,6,3,2,6,14
"9051",3,6,1,6,7,7,6,6,1,2,4,7,6,4,3,0,3,0,0,4,3,3,1,10,17
"9052",4,11,1,6,7,11,6,6,1,6,7,7,6,5,3,4,3,4,0,5,4,1,2,15,21
"9053",5,11,1,9,11,11,12,11,1,6,7,11,6,3,0,0,6,2,4,3,6,3,3,18,31
"9054",6,11,5,9,13,11,12,11,1,9,11,11,12,2,4,0,2,0,0,4,2,2,1,22,33
"9055",7,15,5,9,13,16,12,11,5,9,13,11,12,5,4,2,5,2,0,4,5,1,2,26,38
"9056",8,17,5,9,20,16,18,15,5,9,13,16,12,2,0,0,6,2,3,2,6,1,3,28,51
"9057",9,20,5,9,20,18,18,17,5,9,20,16,18,2,3,0,2,0,0,3,2,1,2,31,53
"9058",10,25,5,9,20,20,18,20,5,9,20,18,18,5,5,2,5,2,0,5,2,1,2,36,55
"9059",11,30,5,9,21,20,18,25,5,9,20,20,18,5,0,0,1,3,2,5,1,1,1,41,56
"9060",12,30,5,9,21,20,18,30,5,9,21,20,18,3,2,0,NA,0,0,0,0,0,0,41,56
"9061",0,0,0,0,0,0,0,0,0,0,0,0,0,0,0,0,0,0,0,0,0,0,0,0,0
"9062",1,1,9,1,5,1,1,1,1,1,1,1,1,6,1,4,1,4,0,6,4,2,1,8,4
"9063",2,1,9,2,8,1,1,1,9,1,5,1,1,1,0,0,1,3,2,1,3,3,1,9,7
"9064",3,1,11,2,8,2,1,1,9,2,8,1,1,1,2,0,1,0,0,2,1,2,2,11,8
"9065",4,1,19,2,10,2,1,1,11,2,8,2,1,3,6,2,3,2,0,6,2,2,1,19,10
"9066",5,1,1,2,10,7,4,1,19,2,10,2,1,3,0,0,1,3,4,3,3,2,3,1,18
"9067",6,5,1,2,10,8,4,1,1,2,10,7,4,1,4,0,1,0,0,4,1,1,2,5,19
"9068",7,10,1,2,10,8,6,5,1,2,10,8,4,2,1,5,2,1,0,5,2,1,3,10,21
"9069",8,11,1,2,10,8,9,10,1,2,10,8,6,1,0,0,3,2,3,1,3,1,3,11,24
"9070",9,14,1,2,10,8,11,11,1,2,10,8,9,2,3,0,2,0,0,3,2,1,3,14,26
"9071",10,17,1,2,16,16,11,14,1,2,10,8,11,6,2,3,6,2,0,3,6,1,1,17,40
"9072",11,19,1,2,19,16,11,17,1,2,16,16,11,2,0,0,3,6,6,2,3,1,1,19,43
"9073",12,19,1,2,19,16,11,19,1,2,19,16,11,6,6,0,NA,0,0,0,0,0,0,19,43
"9074",0,0,0,0,0,0,0,0,0,0,0,0,0,0,0,0,0,0,0,0,0,0,0,0,0
"9075",1,7,2,1,1,1,6,1,1,1,1,1,1,4,6,5,4,5,0,6,5,1,3,7,5
"9076",2,11,2,1,1,1,13,7,2,1,1,1,6,4,0,0,6,6,5,4,6,1,3,11,12
"9077",3,11,3,7,1,6,13,11,2,1,1,1,13,6,5,0,5,0,0,6,5,3,2,18,17
"9078",4,16,3,7,13,6,13,11,3,7,1,6,13,1,5,6,1,6,0,5,6,1,1,23,29
"9079",5,16,3,8,15,6,13,16,3,7,13,6,13,1,0,0,4,4,2,1,2,3,1,24,31
"9080",6,16,3,12,15,10,13,16,3,8,15,6,13,4,4,0,4,0,0,4,4,3,2,28,35
"9081",7,21,3,12,15,16,16,16,3,12,15,10,13,5,1,6,1,6,0,5,6,1,2,33,44
"9082",8,22,1,12,21,16,17,21,3,12,15,16,16,1,0,0,6,6,3,1,6,1,1,32,51
"9083",9,37,13,12,21,4,1,22,1,12,21,16,17,6,3,0,3,0,0,6,3,1,2,59,23
"9084",10,38,19,12,27,4,2,37,13,12,21,4,1,5,6,6,5,6,0,6,6,2,1,66,30
"9085",11,38,24,12,31,4,2,38,19,12,27,4,2,5,0,0,6,4,4,5,4,2,1,71,34
"9086",12,38,24,12,31,4,2,38,24,12,31,4,2,6,4,0,NA,0,0,0,0,0,0,71,34
"9087",0,0,0,0,0,0,0,0,0,0,0,0,0,0,0,0,0,0,0,0,0,0,0,0,0
"9088",1,1,7,5,1,1,6,1,1,1,1,1,1,6,3,5,3,5,0,6,5,2,3,10,5
"9089",2,1,10,5,1,1,14,1,7,5,1,1,6,3,0,0,1,2,6,3,6,2,3,13,13
"9090",3,1,10,6,1,1,16,1,10,5,1,1,14,1,2,0,2,0,0,1,2,3,3,14,15
"9091",4,3,10,6,1,11,16,1,10,6,1,1,16,6,6,2,6,6,0,2,6,1,2,16,25
"9092",5,1,10,12,7,11,26,3,10,6,1,11,16,6,0,0,2,3,6,6,6,3,3,20,41
"9093",6,1,10,14,10,11,26,1,10,12,7,11,26,2,3,0,3,0,0,2,3,3,1,22,44
"9094",7,4,10,14,10,15,26,1,10,14,10,11,26,2,4,3,2,4,0,3,4,1,2,25,48
"9095",8,6,10,14,10,17,26,4,10,14,10,15,26,2,0,0,2,5,1,2,2,1,2,27,50
"9096",9,6,15,14,10,18,26,6,10,14,10,17,26,5,1,0,1,0,0,5,1,2,2,32,51
"9097",10,6,16,14,10,21,26,6,15,14,10,18,26,1,3,5,3,5,0,1,3,2,2,33,54
"9098",11,6,16,19,10,21,28,6,16,14,10,21,26,5,0,0,2,2,5,5,2,3,3,38,56
"9099",12,6,16,19,10,21,28,6,16,19,10,21,28,2,5,0,NA,0,0,0,0,0,0,38,56
"9100",0,0,0,0,0,0,0,0,0,0,0,0,0,0,0,0,0,0,0,0,0,0,0,0,0
"9101",1,1,1,4,5,7,1,1,1,1,1,1,1,6,3,3,6,3,0,3,6,3,2,3,10
"9102",2,1,4,4,5,7,6,1,1,4,5,7,1,3,0,0,5,3,3,3,5,2,3,6,15
"9103",3,4,4,4,5,10,6,1,4,4,5,7,6,3,3,0,3,0,0,3,3,1,2,9,18
"9104",4,4,4,6,8,10,6,4,4,4,5,10,6,3,2,1,3,1,0,2,3,3,1,11,21
"9105",5,5,4,6,14,13,6,4,4,6,8,10,6,1,0,0,4,6,1,1,6,1,1,12,30
"9106",6,5,8,6,14,13,7,5,4,6,14,13,6,4,1,0,1,0,0,4,1,2,3,16,31
"9107",7,5,11,12,16,19,7,5,8,6,14,13,7,6,6,2,6,2,0,6,6,3,2,25,39
"9108",8,5,11,14,22,19,10,5,11,12,16,19,7,2,0,0,6,2,3,2,6,3,1,27,48
"9109",9,5,11,17,24,19,10,5,11,14,22,19,10,2,3,0,2,0,0,3,2,3,1,30,50
"9110",10,5,14,17,24,19,14,5,11,17,24,19,10,4,3,3,4,3,0,3,4,2,3,33,54
"9111",11,5,14,20,39,20,14,5,14,17,24,19,14,3,0,0,1,4,6,3,6,3,1,36,108
"9112",12,5,14,20,39,20,14,5,14,20,39,20,14,1,4,0,NA,0,0,0,0,0,0,36,108
"9113",0,0,0,0,0,0,0,0,0,0,0,0,0,0,0,0,0,0,0,0,0,0,0,0,0
"9114",1,1,5,1,5,1,1,1,1,1,1,1,1,4,4,1,4,1,0,4,4,2,1,4,4
"9115",2,1,5,2,11,9,1,1,5,1,5,1,1,1,0,0,1,5,6,1,6,3,1,5,18
"9116",3,6,5,2,12,9,1,1,5,2,11,9,1,1,5,0,1,0,0,5,1,1,1,10,19
"9117",4,6,10,2,12,9,6,6,5,2,12,9,1,5,2,5,2,5,0,5,5,2,3,15,24
"9118",5,8,10,2,12,14,6,6,10,2,12,9,6,2,0,0,3,3,5,2,5,1,2,17,29
"9119",6,8,13,2,15,14,6,8,10,2,12,14,6,3,3,0,3,0,0,3,3,2,1,20,32
"9120",7,8,13,4,15,14,11,8,13,2,15,14,6,1,2,5,1,5,0,2,5,3,3,22,37
"9121",8,9,13,4,15,19,17,8,13,4,15,14,11,1,0,0,4,6,2,1,6,1,3,23,48
"9122",9,9,17,4,15,19,19,9,13,4,15,19,17,4,2,0,2,0,0,4,2,2,3,27,50
"9123",10,11,17,4,18,19,19,9,17,4,15,19,19,2,3,1,3,1,0,2,3,1,1,29,53
"9124",11,12,17,4,18,23,19,11,17,4,18,19,19,1,0,0,4,2,3,1,4,1,2,30,57
"9125",12,12,17,4,18,23,19,12,17,4,18,23,19,2,3,0,NA,0,0,0,0,0,0,30,57
"9126",0,0,0,0,0,0,0,0,0,0,0,0,0,0,0,0,0,0,0,0,0,0,0,0,0
"9127",1,6,1,1,1,4,1,1,1,1,1,1,1,1,3,5,1,3,0,5,3,1,2,5,3
"9128",2,7,1,1,1,4,4,6,1,1,1,4,1,1,0,0,1,3,5,1,3,1,3,6,6
"9129",3,7,1,6,2,4,4,7,1,1,1,4,4,1,5,0,1,0,0,5,1,3,1,11,7
"9130",4,7,1,11,2,6,4,7,1,6,2,4,4,2,5,1,2,1,0,5,2,3,2,16,9
"9131",5,8,1,11,2,6,8,7,1,11,2,6,4,1,0,0,4,3,4,1,4,1,3,17,13
"9132",6,8,1,15,2,9,8,8,1,11,2,6,8,3,4,0,3,0,0,4,3,3,2,21,16
"9133",7,13,1,15,6,9,8,8,1,15,2,9,8,2,4,5,2,4,0,5,4,1,1,26,20
"9134",8,13,3,15,6,9,13,13,1,15,6,9,8,2,0,0,5,5,3,2,5,2,3,28,25
"9135",9,13,8,15,6,9,16,13,3,15,6,9,13,5,3,0,3,0,0,5,3,2,3,33,28
"9136",10,17,8,15,6,9,18,13,8,15,6,9,16,2,1,4,2,1,0,4,2,1,3,37,30
"9137",11,18,8,15,6,15,19,17,8,15,6,9,18,1,0,0,4,6,6,1,6,1,2,38,37
"9138",12,18,8,15,6,15,19,18,8,15,6,15,19,4,6,0,NA,0,0,0,0,0,0,38,37
"9139",0,0,0,0,0,0,0,0,0,0,0,0,0,0,0,0,0,0,0,0,0,0,0,0,0
"9140",1,1,7,6,1,1,6,1,1,1,1,1,1,5,1,6,5,1,0,6,5,2,3,11,5
"9141",2,1,7,7,1,2,12,1,7,6,1,1,6,1,0,0,1,6,2,1,6,3,3,12,12
"9142",3,1,7,9,1,2,13,1,7,7,1,2,12,1,2,0,1,0,0,2,1,3,3,14,13
"9143",4,1,7,11,1,2,16,1,7,9,1,2,13,1,3,2,1,3,0,2,3,3,3,16,16
"9144",5,1,7,12,10,2,16,1,7,11,1,2,16,1,0,0,6,1,3,1,6,3,1,17,25
"9145",6,1,10,12,10,2,17,1,7,12,10,2,16,1,3,0,1,0,0,3,1,2,3,20,26
"9146",7,1,14,12,10,2,20,1,10,12,10,2,17,4,2,3,2,3,0,4,3,2,3,24,29
"9147",8,1,14,14,10,2,23,1,14,12,10,2,20,2,0,0,2,3,3,2,3,3,3,26,32
"9148",9,4,14,14,10,2,25,1,14,14,10,2,23,2,3,0,2,0,0,3,2,1,3,29,34
"9149",10,4,14,18,10,8,28,4,14,14,10,2,25,1,6,4,1,6,0,4,6,3,2,33,43
"9150",11,5,14,18,15,8,34,4,14,18,10,8,28,1,0,0,5,3,6,1,6,1,3,34,54
"9151",12,5,14,18,15,8,34,5,14,18,15,8,34,5,3,0,NA,0,0,0,0,0,0,34,54
"9152",0,0,0,0,0,0,0,0,0,0,0,0,0,0,0,0,0,0,0,0,0,0,0,0,0
"9153",1,1,4,7,1,1,4,1,1,1,1,1,1,3,1,6,3,1,0,6,3,3,3,9,3
"9154",2,2,4,7,1,5,4,1,4,7,1,1,4,1,0,0,4,4,6,1,4,1,2,10,7
"9155",3,11,4,7,1,5,8,2,4,7,1,5,4,4,6,0,4,0,0,6,4,1,3,19,11
"9156",4,16,4,7,4,5,14,11,4,7,1,5,8,5,6,2,6,2,0,5,6,1,3,24,20
"9157",5,16,6,7,4,14,14,16,4,7,4,5,14,2,0,0,6,2,1,2,6,2,2,26,29
"9158",6,18,6,7,4,15,14,16,6,7,4,14,14,2,1,0,1,0,0,2,1,1,2,28,30
"9159",7,18,6,9,4,18,14,18,6,7,4,15,14,1,2,3,1,3,0,2,3,3,2,30,33
"9160",8,19,6,9,7,18,20,18,6,9,4,18,14,1,0,0,5,2,6,1,6,1,3,31,42
"9161",9,24,6,9,9,18,20,19,6,9,7,18,20,5,2,0,2,0,0,5,2,1,1,36,44
"9162",10,27,1,1,2,18,27,24,6,9,9,18,20,1,5,3,1,5,0,3,5,1,3,26,44
"9163",11,1,1,1,15,18,27,27,1,1,2,18,27,1,0,0,3,6,5,1,6,1,1,0,57
"9164",12,1,1,1,15,18,27,1,1,1,15,18,27,3,5,0,NA,0,0,0,0,0,0,0,57
"9165",0,0,0,0,0,0,0,0,0,0,0,0,0,0,0,0,0,0,0,0,0,0,0,0,0
"9166",1,1,1,2,1,3,1,1,1,1,1,1,1,2,1,1,2,1,0,1,2,3,2,1,2
"9167",2,1,2,2,1,6,7,1,1,2,1,3,1,1,0,0,2,6,3,1,6,2,3,2,11
"9168",3,1,2,5,1,8,7,1,2,2,1,6,7,2,3,0,2,0,0,3,2,3,2,5,13
"9169",4,1,2,8,1,11,7,1,2,5,1,8,7,3,3,1,3,1,0,3,3,3,2,8,16
"9170",5,1,3,8,13,11,11,1,2,8,1,11,7,1,0,0,6,1,2,1,6,2,1,9,32
"9171",6,1,3,9,15,11,11,1,3,8,13,11,11,1,2,0,2,0,0,1,2,3,1,10,34
"9172",7,1,3,12,20,11,11,1,3,9,15,11,11,5,3,5,5,5,0,3,5,3,1,13,39
"9173",8,1,3,17,20,14,11,1,3,12,20,11,11,5,0,0,2,3,5,5,3,3,2,18,42
"9174",9,1,3,22,22,14,11,1,3,17,20,14,11,2,5,0,2,0,0,5,2,3,1,23,44
"9175",10,1,3,23,24,14,17,1,3,22,22,14,11,1,6,6,6,6,0,1,6,3,3,24,52
"9176",11,1,3,31,28,14,17,1,3,23,24,14,17,6,0,0,5,1,4,6,4,3,1,32,56
"9177",12,1,3,31,28,14,17,1,3,31,28,14,17,5,1,0,NA,0,0,0,0,0,0,32,56
"9178",0,0,0,0,0,0,0,0,0,0,0,0,0,0,0,0,0,0,0,0,0,0,0,0,0
"9179",1,9,1,1,5,1,1,1,1,1,1,1,1,1,4,6,1,4,0,6,4,1,1,8,4
"9180",2,9,1,2,5,1,6,9,1,1,5,1,1,1,0,0,5,1,1,1,5,3,3,9,9
"9181",3,10,1,2,5,1,7,9,1,2,5,1,6,1,1,0,1,0,0,1,1,1,3,10,10
"9182",4,10,1,6,5,5,13,10,1,2,5,1,7,2,4,6,2,6,0,4,6,3,3,14,20
"9183",5,10,1,8,5,10,13,10,1,6,5,5,13,2,0,0,3,2,5,2,5,3,2,16,25
"9184",6,10,1,11,5,12,13,10,1,8,5,10,13,3,2,0,2,0,0,3,2,3,2,19,27
"9185",7,10,1,12,14,12,13,10,1,11,5,12,13,1,6,3,6,3,0,1,6,3,1,20,36
"9186",8,13,1,12,19,18,13,10,1,12,14,12,13,3,0,0,2,6,2,3,6,1,2,23,47
"9187",9,13,1,14,19,20,13,13,1,12,19,18,13,2,2,0,2,0,0,2,2,3,2,25,49
"9188",10,19,3,14,19,20,17,13,1,14,19,20,13,4,6,3,4,3,0,6,4,1,3,33,53
"9189",11,22,3,14,19,22,17,19,3,14,19,20,17,3,0,0,2,2,3,3,2,1,2,36,55
"9190",12,22,3,14,19,22,17,22,3,14,19,22,17,2,3,0,NA,0,0,0,0,0,0,36,55
"9191",0,0,0,0,0,0,0,0,0,0,0,0,0,0,0,0,0,0,0,0,0,0,0,0,0
"9192",1,1,5,1,5,1,1,1,1,1,1,1,1,4,4,4,4,4,0,4,4,2,1,4,4
"9193",2,1,9,1,11,6,1,1,5,1,5,1,1,4,0,0,6,4,6,4,6,2,1,8,15
"9194",3,1,20,1,15,6,1,1,9,1,11,6,1,4,6,0,4,0,0,6,4,2,1,19,19
"9195",4,7,22,7,19,6,1,1,20,1,15,6,1,4,6,5,4,5,0,6,4,1,1,33,23
"9196",5,7,1,7,19,9,5,7,22,7,19,6,1,5,0,0,3,5,5,5,3,2,2,12,30
"9197",6,7,1,12,19,14,5,7,1,7,19,9,5,5,5,0,5,0,0,5,5,3,2,17,35
"9198",7,7,3,12,19,20,8,7,1,12,19,14,5,6,2,2,6,2,0,2,6,2,2,19,44
"9199",8,9,3,12,19,20,18,7,3,12,19,20,8,2,0,0,6,5,1,2,6,1,3,21,54
"9200",9,14,1,12,23,27,18,9,3,12,19,20,18,5,1,0,1,0,0,5,1,1,2,24,65
"9201",10,15,1,12,23,28,18,14,1,12,23,27,18,1,1,2,1,2,0,1,1,1,2,25,66
"9202",11,15,3,12,28,28,18,15,1,12,23,28,18,2,0,0,5,5,2,2,5,2,1,27,71
"9203",12,15,3,12,28,28,18,15,3,12,28,28,18,5,2,0,NA,0,0,0,0,0,0,27,71
"9204",0,0,0,0,0,0,0,0,0,0,0,0,0,0,0,0,0,0,0,0,0,0,0,0,0
"9205",1,1,4,1,7,7,2,1,1,1,1,1,1,3,4,6,4,6,0,3,6,2,2,3,13
"9206",2,1,4,5,7,9,2,1,4,1,7,7,2,4,0,0,2,5,2,4,2,3,2,7,15
"9207",3,6,4,5,7,9,4,1,4,5,7,9,2,5,2,0,2,0,0,5,2,1,3,12,17
"9208",4,11,4,5,17,9,10,6,4,5,7,9,4,1,6,5,1,6,0,5,6,1,3,17,33
"9209",5,11,4,6,17,9,13,11,4,5,17,9,10,1,0,0,3,4,1,1,3,3,3,18,36
"9210",6,11,4,10,17,10,13,11,4,6,17,9,13,4,1,0,1,0,0,4,1,3,2,22,37
"9211",7,15,4,10,17,15,13,11,4,10,17,10,13,5,4,3,5,3,0,4,5,1,2,26,42
"9212",8,18,4,10,17,19,13,15,4,10,17,15,13,3,0,0,1,4,4,3,4,1,2,29,46
"9213",9,18,4,11,17,19,17,18,4,10,17,19,13,1,4,0,4,0,0,1,4,3,3,30,50
"9214",10,18,4,15,17,21,17,18,4,11,17,19,17,2,6,4,2,6,0,4,2,3,2,34,52
"9215",11,24,4,24,18,21,17,18,4,15,17,21,17,6,0,0,1,3,4,6,1,1,1,49,53
"9216",12,24,4,24,18,21,17,24,4,24,18,21,17,3,4,0,NA,0,0,0,0,0,0,49,53
"9217",0,0,0,0,0,0,0,0,0,0,0,0,0,0,0,0,0,0,0,0,0,0,0,0,0
"9218",1,5,1,1,4,1,1,1,1,1,1,1,1,4,3,2,3,2,0,4,3,1,1,4,3
"9219",2,5,1,3,9,1,1,5,1,1,4,1,1,2,0,0,5,3,4,2,5,3,1,6,8
"9220",3,9,1,3,12,1,1,5,1,3,9,1,1,3,4,0,3,0,0,4,3,1,1,10,11
"9221",4,20,1,3,12,4,1,9,1,3,12,1,1,6,3,3,3,3,0,6,3,1,2,21,14
"9222",5,20,4,3,17,4,1,20,1,3,12,4,1,3,0,0,5,6,3,3,5,2,1,24,19
"9223",6,20,4,13,20,4,1,20,4,3,17,4,1,6,3,0,3,0,0,6,3,3,1,34,22
"9224",7,20,4,18,20,6,1,20,4,13,20,4,1,2,2,5,2,2,0,5,2,3,2,39,24
"9225",8,22,4,18,30,6,1,20,4,18,20,6,1,2,0,0,6,6,1,2,6,1,1,41,34
"9226",9,33,4,18,30,7,1,22,4,18,30,6,1,6,1,0,1,0,0,6,1,1,2,52,35
"9227",10,35,4,18,33,7,1,33,4,18,30,7,1,2,1,3,1,3,0,2,3,1,1,54,38
"9228",11,35,4,19,33,9,1,35,4,18,33,7,1,1,0,0,1,2,1,1,2,3,2,55,40
"9229",12,35,4,19,33,9,1,35,4,19,33,9,1,1,1,0,NA,0,0,0,0,0,0,55,40
"9230",0,0,0,0,0,0,0,0,0,0,0,0,0,0,0,0,0,0,0,0,0,0,0,0,0
"9231",1,7,7,2,1,1,6,1,1,1,1,1,1,5,6,3,5,3,0,6,5,2,3,13,5
"9232",2,7,10,2,1,1,10,7,7,2,1,1,6,3,0,0,3,4,4,3,4,2,3,16,9
"9233",3,7,10,6,1,1,13,7,10,2,1,1,10,3,4,0,3,0,0,4,3,3,3,20,12
"9234",4,7,10,11,1,1,16,7,10,6,1,1,13,5,3,4,3,4,0,5,3,3,3,25,15
"9235",5,11,10,11,4,1,16,7,10,11,1,1,16,4,0,0,3,4,1,4,3,1,1,29,18
"9236",6,11,14,11,4,1,17,11,10,11,4,1,16,4,1,0,1,0,0,4,1,2,3,33,19
"9237",7,22,16,17,1,1,18,11,14,11,4,1,17,6,2,1,2,1,0,6,1,3,3,52,17
"9238",8,22,18,17,1,2,24,22,16,17,1,1,18,2,0,0,1,6,6,2,6,2,3,54,24
"9239",9,28,25,17,1,2,24,22,18,17,1,2,24,1,6,0,1,0,0,6,1,1,2,67,24
"9240",10,39,27,17,3,2,24,28,25,17,1,2,24,2,6,1,2,1,0,6,2,1,1,118,26
"9241",11,39,28,17,6,2,24,39,27,17,3,2,24,1,0,0,3,4,5,1,3,2,1,119,29
"9242",12,39,28,17,6,2,24,39,28,17,6,2,24,4,5,0,NA,0,0,0,0,0,0,119,29
"9243",0,0,0,0,0,0,0,0,0,0,0,0,0,0,0,0,0,0,0,0,0,0,0,0,0
"9244",1,1,7,3,1,1,4,1,1,1,1,1,1,1,6,3,1,3,0,6,3,2,3,8,3
"9245",2,1,7,4,5,1,4,1,7,3,1,1,4,1,0,0,4,4,2,1,4,3,1,9,7
"9246",3,5,7,4,5,3,4,1,7,4,5,1,4,4,2,0,2,0,0,4,2,1,2,13,9
"9247",4,9,7,4,5,3,6,5,7,4,5,3,4,2,4,1,2,1,0,4,2,1,3,17,11
"9248",5,9,7,5,9,3,6,9,7,4,5,3,6,1,0,0,3,2,4,1,4,3,1,18,15
"9249",6,12,7,5,9,3,8,9,7,5,9,3,6,3,2,0,2,0,0,3,2,1,3,21,17
"9250",7,12,7,9,9,7,8,12,7,5,9,3,8,4,2,4,2,4,0,4,4,3,2,25,21
"9251",8,12,9,9,9,11,8,12,7,9,9,7,8,2,0,0,4,1,2,2,4,2,2,27,25
"9252",9,14,9,9,9,11,9,12,9,9,9,11,8,1,2,0,1,0,0,2,1,1,3,29,26
"9253",10,19,9,9,9,11,14,14,9,9,9,11,9,5,5,3,5,3,0,5,5,1,3,34,31
"9254",11,22,9,9,13,11,14,19,9,9,9,11,14,3,0,0,4,2,2,3,4,1,1,37,35
"9255",12,22,9,9,13,11,14,22,9,9,13,11,14,2,2,0,NA,0,0,0,0,0,0,37,35
"9256",0,0,0,0,0,0,0,0,0,0,0,0,0,0,0,0,0,0,0,0,0,0,0,0,0
"9257",1,1,1,12,1,6,1,1,1,1,1,1,1,5,6,1,5,1,0,6,5,3,2,11,5
"9258",2,1,1,13,1,9,1,1,1,12,1,6,1,1,0,0,1,3,1,1,3,3,2,12,8
"9259",3,1,2,13,1,9,2,1,1,13,1,9,1,1,1,0,1,0,0,1,1,2,3,13,9
"9260",4,1,2,18,1,13,2,1,2,13,1,9,2,4,2,5,4,2,0,5,4,3,2,18,13
"9261",5,3,2,18,1,18,2,1,2,18,1,13,2,2,0,0,2,2,5,2,5,1,2,20,18
"9262",6,3,2,25,3,18,1,3,2,18,1,18,2,2,2,0,2,0,0,2,2,3,1,27,19
"9263",7,3,2,29,7,18,1,3,2,25,3,18,1,4,4,5,4,5,0,4,4,3,1,31,23
"9264",8,3,2,34,7,18,6,3,2,29,7,18,1,5,0,0,6,6,5,5,5,3,3,36,28
"9265",9,9,2,36,13,19,6,3,2,34,7,18,6,6,6,0,6,0,0,6,6,1,1,44,35
"9266",10,9,4,36,13,20,6,9,2,36,13,19,6,2,1,1,1,1,0,2,1,2,2,46,36
"9267",11,9,5,36,13,20,9,9,4,36,13,20,6,1,0,0,3,2,3,1,3,2,3,47,39
"9268",12,9,5,36,13,20,9,9,5,36,13,20,9,2,3,0,NA,0,0,0,0,0,0,47,39
"9269",0,0,0,0,0,0,0,0,0,0,0,0,0,0,0,0,0,0,0,0,0,0,0,0,0
"9270",1,4,1,1,1,1,3,1,1,1,1,1,1,3,2,2,2,2,0,3,2,1,3,3,2
"9271",2,6,1,1,1,5,3,4,1,1,1,1,3,2,0,0,5,1,4,2,4,1,2,5,6
"9272",3,11,1,1,1,6,3,6,1,1,1,5,3,5,1,0,1,0,0,5,1,1,2,10,7
"9273",4,16,1,1,1,9,3,11,1,1,1,6,3,5,2,3,2,3,0,5,3,1,2,15,10
"9274",5,16,1,1,1,23,3,16,1,1,1,9,3,2,0,0,6,1,5,2,6,3,2,15,24
"9275",6,21,1,4,2,23,1,16,1,1,1,23,3,1,5,0,1,0,0,5,1,1,1,23,23
"9276",7,32,1,4,2,33,1,21,1,4,2,23,1,6,5,6,5,6,0,6,6,1,2,34,33
"9277",8,37,1,4,4,39,1,32,1,4,2,33,1,5,0,0,1,6,6,5,6,1,2,39,79
"9278",9,37,10,4,5,39,1,37,1,4,4,39,1,1,6,0,1,0,0,6,1,2,1,48,80
"9279",10,37,15,4,8,39,1,37,10,4,5,39,1,5,1,3,1,3,0,5,3,2,1,53,83
"9280",11,38,15,4,9,39,1,37,15,4,8,39,1,1,0,0,2,1,1,1,1,1,1,54,84
"9281",12,38,15,4,9,39,1,38,15,4,9,39,1,2,1,0,NA,0,0,0,0,0,0,54,84
"9282",0,0,0,0,0,0,0,0,0,0,0,0,0,0,0,0,0,0,0,0,0,0,0,0,0
"9283",1,4,1,1,7,1,5,1,1,1,1,1,1,6,5,3,6,5,0,3,6,1,1,3,10
"9284",2,4,1,6,7,1,8,4,1,1,7,1,5,5,0,0,3,2,1,5,3,3,3,8,13
"9285",3,6,1,6,8,1,8,4,1,6,7,1,8,2,1,0,1,0,0,2,1,1,1,10,14
"9286",4,6,1,11,8,4,8,6,1,6,8,1,8,3,2,5,3,2,0,5,3,3,2,15,17
"9287",5,6,3,11,8,4,15,6,1,11,8,4,8,2,0,0,1,6,5,2,6,2,3,17,24
"9288",6,6,8,11,8,4,16,6,3,11,8,4,15,1,5,0,1,0,0,5,1,2,3,22,25
"9289",7,6,9,17,13,4,16,6,8,11,8,4,16,5,3,6,5,3,0,6,5,3,1,29,30
"9290",8,6,9,20,13,9,16,6,9,17,13,4,16,3,0,0,4,5,3,3,5,3,2,32,35
"9291",9,6,9,24,13,9,19,6,9,20,13,9,16,4,3,0,3,0,0,4,3,3,3,36,38
"9292",10,12,9,26,13,13,19,6,9,24,13,9,19,1,6,4,1,4,0,6,4,1,2,44,42
"9293",11,12,9,27,14,13,19,12,9,26,13,13,19,1,0,0,1,1,1,1,1,3,1,45,43
"9294",12,12,9,27,14,13,19,12,9,27,14,13,19,1,1,0,NA,0,0,0,0,0,0,45,43
"9295",0,0,0,0,0,0,0,0,0,0,0,0,0,0,0,0,0,0,0,0,0,0,0,0,0
"9296",1,1,7,8,1,1,4,1,1,1,1,1,1,6,3,3,3,3,0,6,3,3,3,13,3
"9297",2,1,7,11,1,1,9,1,7,8,1,1,4,3,0,0,5,3,5,3,5,3,3,16,8
"9298",3,1,12,11,1,1,12,1,7,11,1,1,9,3,5,0,3,0,0,5,3,2,3,21,11
"9299",4,6,12,11,1,6,12,1,12,11,1,1,12,1,5,5,1,5,0,5,5,1,2,26,16
"9300",5,6,12,12,1,6,17,6,12,11,1,6,12,1,0,0,5,4,1,1,5,3,3,27,21
"9301",6,6,16,12,1,6,18,6,12,12,1,6,17,4,1,0,1,0,0,4,1,2,3,31,22
"9302",7,6,16,16,1,10,18,6,16,12,1,6,18,4,3,4,3,4,0,4,4,3,2,35,26
"9303",8,1,19,16,1,10,27,6,16,16,1,10,18,3,0,0,6,3,1,3,6,2,3,33,35
"9304",9,4,19,16,1,11,27,1,19,16,1,10,27,3,1,0,1,0,0,3,1,1,2,36,36
"9305",10,7,25,16,5,11,27,4,19,16,1,11,27,6,3,4,3,4,0,6,4,2,1,45,40
"9306",11,7,28,16,9,11,27,7,25,16,5,11,27,3,0,0,1,4,1,3,4,2,1,48,44
"9307",12,7,28,16,9,11,27,7,28,16,9,11,27,1,1,0,NA,0,0,0,0,0,0,48,44
"9308",0,0,0,0,0,0,0,0,0,0,0,0,0,0,0,0,0,0,0,0,0,0,0,0,0
"9309",1,1,8,1,1,1,6,1,1,1,1,1,1,6,2,5,2,5,0,6,5,2,3,7,5
"9310",2,1,8,3,5,7,6,1,8,1,1,1,6,2,0,0,6,6,1,2,6,3,2,9,15
"9311",3,7,10,3,6,7,6,1,8,3,5,7,6,6,1,0,1,0,0,6,1,1,1,17,16
"9312",4,7,15,3,6,12,6,7,10,3,6,7,6,5,1,5,1,5,0,5,5,2,2,22,21
"9313",5,7,16,3,9,12,12,7,15,3,6,12,6,1,0,0,1,6,3,1,6,2,3,23,30
"9314",6,7,16,6,10,12,12,7,16,3,9,12,12,1,3,0,1,0,0,3,1,3,1,26,31
"9315",7,12,16,6,13,18,12,7,16,6,10,12,12,1,6,5,1,6,0,5,6,1,2,31,40
"9316",8,12,17,6,15,18,12,12,16,6,13,18,12,1,0,0,4,1,2,1,2,2,1,32,42
"9317",9,12,21,6,15,18,13,12,17,6,15,18,12,4,1,0,1,0,0,4,1,2,3,36,43
"9318",10,12,24,6,21,23,19,12,21,6,15,18,13,3,6,2,6,2,0,3,6,2,3,39,60
"9319",11,14,24,6,26,23,19,12,24,6,21,23,19,2,0,0,5,4,3,2,5,1,1,41,65
"9320",12,14,24,6,26,23,19,14,24,6,26,23,19,4,3,0,NA,0,0,0,0,0,0,41,65
"9321",0,0,0,0,0,0,0,0,0,0,0,0,0,0,0,0,0,0,0,0,0,0,0,0,0
"9322",1,1,1,6,4,1,1,1,1,1,1,1,1,3,2,5,3,2,0,5,3,3,1,5,3
"9323",2,1,3,6,4,6,1,1,1,6,4,1,1,2,0,0,3,4,5,2,5,2,2,7,8
"9324",3,1,3,9,4,10,1,1,3,6,4,6,1,3,4,0,4,0,0,3,4,3,2,10,12
"9325",4,1,3,13,4,10,5,1,3,9,4,10,1,4,4,2,4,2,0,4,4,3,3,14,16
"9326",5,1,5,13,4,12,5,1,3,13,4,10,5,2,0,0,2,2,2,2,2,2,2,16,18
"9327",6,1,5,15,4,14,5,1,5,13,4,12,5,2,2,0,2,0,0,2,2,3,2,18,20
"9328",7,11,5,21,4,19,5,1,5,15,4,14,5,6,5,1,5,1,0,6,5,3,2,34,25
"9329",8,12,5,21,4,24,5,11,5,21,4,19,5,1,0,0,4,5,1,1,5,1,2,35,30
"9330",9,12,6,24,4,1,5,12,5,21,4,24,5,4,1,0,4,0,0,1,4,2,3,39,7
"9331",10,12,12,29,4,5,5,12,6,24,4,1,5,2,6,4,2,4,0,6,4,2,2,50,11
"9332",11,12,12,31,10,5,7,12,12,29,4,5,5,2,0,0,2,3,6,2,6,3,1,52,19
"9333",12,12,12,31,10,5,7,12,12,31,10,5,7,2,3,0,NA,0,0,0,0,0,0,52,19
"9334",0,0,0,0,0,0,0,0,0,0,0,0,0,0,0,0,0,0,0,0,0,0,0,0,0
"9335",1,1,6,1,1,5,1,1,1,1,1,1,1,3,4,5,3,4,0,5,4,2,2,5,4
"9336",2,1,6,4,7,5,3,1,6,1,1,5,1,3,0,0,5,6,6,3,6,3,1,8,12
"9337",3,7,6,6,7,10,3,1,6,4,7,5,3,5,6,0,5,0,0,6,5,1,2,16,17
"9338",4,7,6,11,11,10,3,7,6,6,7,10,3,4,5,5,4,5,0,5,4,3,1,21,21
"9339",5,12,6,11,11,15,3,7,6,11,11,10,3,5,0,0,2,5,6,5,5,1,2,26,26
"9340",6,16,6,17,11,15,5,12,6,11,11,15,3,2,6,0,2,0,0,6,2,3,3,36,28
"9341",7,22,9,17,11,16,5,16,6,17,11,15,5,1,4,6,1,4,0,6,1,1,2,45,29
"9342",8,22,13,17,11,19,5,22,9,17,11,16,5,4,0,0,3,6,4,4,3,2,2,49,32
"9343",9,22,21,17,11,23,5,22,13,17,11,19,5,6,4,0,4,0,0,6,4,2,2,57,36
"9344",10,23,23,23,12,29,1,22,21,17,11,23,5,2,6,1,6,1,0,2,6,2,2,66,39
"9345",11,1,23,23,12,29,11,23,23,23,12,29,1,1,0,0,5,4,2,1,5,1,3,44,49
"9346",12,1,23,23,12,29,11,1,23,23,12,29,11,4,2,0,NA,0,0,0,0,0,0,44,49
"9347",0,0,0,0,0,0,0,0,0,0,0,0,0,0,0,0,0,0,0,0,0,0,0,0,0
"9348",1,1,5,1,1,3,1,1,1,1,1,1,1,4,2,1,2,1,0,4,2,2,2,4,2
"9349",2,2,5,1,2,9,1,1,5,1,1,3,1,1,0,0,5,6,2,1,6,1,2,5,9
"9350",3,2,5,6,2,9,3,2,5,1,2,9,1,5,2,0,2,0,0,5,2,3,3,10,11
"9351",4,7,5,6,2,13,3,2,5,6,2,9,3,1,5,4,1,4,0,5,4,1,2,15,15
"9352",5,7,5,7,2,14,9,7,5,6,2,13,3,1,0,0,6,1,2,1,6,3,3,16,22
"9353",6,7,7,7,2,14,10,7,5,7,2,14,9,1,2,0,1,0,0,2,1,2,3,18,23
"9354",7,11,7,7,2,16,10,7,7,7,2,14,10,2,4,2,2,2,0,4,2,1,2,22,25
"9355",8,11,9,7,8,18,10,11,7,7,2,16,10,2,0,0,1,6,5,2,6,2,1,24,33
"9356",9,11,14,7,8,19,10,11,9,7,8,18,10,1,5,0,1,0,0,5,1,2,2,29,34
"9357",10,11,16,7,14,19,15,11,14,7,8,19,10,6,1,2,6,1,0,2,6,2,1,31,45
"9358",11,12,16,7,24,19,15,11,16,7,14,19,15,1,0,0,6,6,4,1,6,1,1,32,55
"9359",12,12,16,7,24,19,15,12,16,7,24,19,15,6,4,0,NA,0,0,0,0,0,0,32,55
"9360",0,0,0,0,0,0,0,0,0,0,0,0,0,0,0,0,0,0,0,0,0,0,0,0,0
"9361",1,5,1,1,5,1,1,1,1,1,1,1,1,4,4,1,4,1,0,4,4,1,1,4,4
"9362",2,6,1,1,5,1,5,5,1,1,5,1,1,1,0,0,1,4,5,1,4,1,3,5,8
"9363",3,6,1,6,6,1,5,6,1,1,5,1,5,1,5,0,1,0,0,5,1,3,1,10,9
"9364",4,9,1,6,7,7,5,6,1,6,6,1,5,6,3,1,6,1,0,3,6,1,2,13,16
"9365",5,9,2,6,10,7,5,9,1,6,7,7,5,1,0,0,3,1,1,1,3,2,1,14,19
"9366",6,9,2,7,10,8,5,9,2,6,10,7,5,1,1,0,1,0,0,1,1,3,2,15,20
"9367",7,9,2,11,10,8,9,9,2,7,10,8,5,1,4,4,1,4,0,4,4,3,3,19,24
"9368",8,9,3,11,10,16,9,9,2,11,10,8,9,1,0,0,2,5,6,1,6,2,2,20,32
"9369",9,14,3,11,10,18,9,9,3,11,10,16,9,2,5,0,2,0,0,5,2,1,2,25,34
"9370",10,17,3,11,13,18,9,14,3,11,10,18,9,3,3,3,3,3,0,3,3,1,1,28,37
"9371",11,20,3,11,15,18,9,17,3,11,13,18,9,3,0,0,2,5,5,3,2,1,1,31,39
"9372",12,20,3,11,15,18,9,20,3,11,15,18,9,5,5,0,NA,0,0,0,0,0,0,31,39
"9373",0,0,0,0,0,0,0,0,0,0,0,0,0,0,0,0,0,0,0,0,0,0,0,0,0
"9374",1,1,1,4,1,4,1,1,1,1,1,1,1,3,3,2,3,2,0,3,3,3,2,3,3
"9375",2,3,1,4,7,4,2,1,1,4,1,4,1,2,0,0,2,6,4,2,6,1,1,5,10
"9376",3,7,1,4,7,6,2,3,1,4,7,4,2,2,4,0,2,0,0,4,2,1,2,9,12
"9377",4,7,1,15,7,12,4,7,1,4,7,6,2,6,5,6,5,6,0,6,6,3,2,20,20
"9378",5,12,1,15,11,12,4,7,1,15,7,12,4,5,0,0,2,4,4,5,4,1,1,25,24
"9379",6,12,5,15,11,14,4,12,1,15,11,12,4,2,4,0,2,0,0,4,2,2,2,29,26
"9380",7,18,6,15,11,17,4,12,5,15,11,14,4,1,3,6,1,3,0,6,3,1,2,36,29
"9381",8,19,6,15,11,23,14,18,6,15,11,17,4,1,0,0,2,1,6,1,6,1,2,37,45
"9382",9,21,6,15,11,23,15,19,6,15,11,23,14,2,1,0,1,0,0,2,1,1,3,39,46
"9383",10,26,6,15,16,23,15,21,6,15,11,23,15,2,5,5,2,5,0,5,5,1,1,44,51
"9384",11,28,6,15,21,23,15,26,6,15,16,23,15,2,0,0,5,3,4,2,5,1,1,46,56
"9385",12,28,6,15,21,23,15,28,6,15,21,23,15,3,4,0,NA,0,0,0,0,0,0,46,56
"9386",0,0,0,0,0,0,0,0,0,0,0,0,0,0,0,0,0,0,0,0,0,0,0,0,0
"9387",1,7,11,1,1,5,1,1,1,1,1,1,1,6,4,1,4,1,0,6,4,2,2,16,4
"9388",2,7,11,2,1,11,5,7,11,1,1,5,1,1,0,0,6,6,2,1,6,3,2,17,14
"9389",3,16,11,2,1,13,5,7,11,2,1,11,5,6,2,0,2,0,0,6,2,1,2,26,16
"9390",4,16,27,2,1,16,1,16,11,2,1,13,5,3,6,1,3,1,0,6,3,2,2,42,15
"9391",5,16,28,2,1,21,1,16,27,2,1,16,1,1,0,0,6,5,4,1,5,2,2,43,20
"9392",6,16,29,8,1,25,1,16,28,2,1,21,1,6,4,0,4,0,0,6,4,3,2,50,24
"9393",7,16,34,8,4,25,1,16,29,8,1,25,1,3,6,5,3,6,0,5,3,2,1,55,27
"9394",8,25,39,14,2,25,1,16,34,8,4,25,1,6,0,0,5,1,2,6,1,3,1,113,25
"9395",9,27,39,14,7,25,1,25,39,14,2,25,1,5,2,0,5,0,0,2,5,1,1,115,30
"9396",10,31,39,14,7,25,6,27,39,14,7,25,1,4,1,5,1,5,0,4,5,1,3,119,35
"9397",11,32,39,14,12,25,6,31,39,14,7,25,6,1,0,0,5,1,6,1,5,1,1,120,40
"9398",12,32,39,14,12,25,6,32,39,14,12,25,6,1,6,0,NA,0,0,0,0,0,0,120,40
"9399",0,0,0,0,0,0,0,0,0,0,0,0,0,0,0,0,0,0,0,0,0,0,0,0,0
"9400",1,5,1,1,1,1,4,1,1,1,1,1,1,3,3,4,3,3,0,4,3,1,3,4,3
"9401",2,5,1,4,1,6,4,5,1,1,1,1,4,3,0,0,5,5,2,3,5,3,2,7,8
"9402",3,5,6,4,1,8,4,5,1,4,1,6,4,5,2,0,2,0,0,5,2,2,2,12,10
"9403",4,11,7,10,1,12,4,5,6,4,1,8,4,5,6,4,5,4,0,6,4,1,2,25,14
"9404",5,16,7,10,1,14,4,11,7,10,1,12,4,5,0,0,2,5,2,5,2,1,2,30,16
"9405",6,16,12,10,1,16,4,16,7,10,1,14,4,5,2,0,2,0,0,5,2,2,2,35,18
"9406",7,16,17,16,1,21,4,16,12,10,1,16,4,6,1,5,1,5,0,6,5,3,2,46,23
"9407",8,17,17,16,1,21,5,16,17,16,1,21,4,1,0,0,2,4,1,1,1,1,3,47,24
"9408",9,17,17,18,1,25,5,17,17,16,1,21,5,2,4,0,4,0,0,2,4,3,2,49,28
"9409",10,20,17,18,1,25,8,17,17,18,1,25,5,4,3,3,4,3,0,3,3,1,3,52,31
"9410",11,24,17,18,1,29,8,20,17,18,1,25,8,4,0,0,6,4,1,4,4,1,2,56,35
"9411",12,24,17,18,1,29,8,24,17,18,1,29,8,6,1,0,NA,0,0,0,0,0,0,56,35
"9412",0,0,0,0,0,0,0,0,0,0,0,0,0,0,0,0,0,0,0,0,0,0,0,0,0
"9413",1,5,1,1,1,8,1,1,1,1,1,1,1,6,4,2,6,2,0,4,6,1,2,4,7
"9414",2,5,3,1,2,8,1,5,1,1,1,8,1,2,0,0,1,2,5,2,1,2,1,6,8
"9415",3,5,3,6,2,8,3,5,3,1,2,8,1,2,5,0,2,0,0,5,2,3,3,11,10
"9416",4,5,3,10,2,8,7,5,3,6,2,8,3,4,4,2,4,2,0,4,4,3,3,15,14
"9417",5,7,3,10,5,8,7,5,3,10,2,8,7,2,0,0,1,2,3,2,3,1,1,17,17
"9418",6,9,3,10,5,9,7,7,3,10,5,8,7,1,2,0,1,0,0,2,1,1,2,19,18
"9419",7,15,3,13,5,9,11,9,3,10,5,9,7,6,2,4,2,4,0,6,4,1,3,28,22
"9420",8,17,3,13,5,14,11,15,3,13,5,9,11,2,0,0,5,3,4,2,5,1,2,30,27
"9421",9,17,7,13,5,17,11,17,3,13,5,14,11,3,4,0,3,0,0,4,3,2,2,34,30
"9422",10,17,14,13,9,17,11,17,7,13,5,17,11,6,4,2,4,2,0,6,4,2,1,41,34
"9423",11,19,14,13,9,17,14,17,14,13,9,17,11,2,0,0,6,1,3,2,3,1,3,43,37
"9424",12,19,14,13,9,17,14,19,14,13,9,17,14,6,1,0,NA,0,0,0,0,0,0,43,37
"9425",0,0,0,0,0,0,0,0,0,0,0,0,0,0,0,0,0,0,0,0,0,0,0,0,0
"9426",1,2,7,1,1,1,6,1,1,1,1,1,1,5,6,3,5,3,0,6,5,2,3,7,5
"9427",2,5,7,1,1,5,6,2,7,1,1,1,6,3,0,0,4,1,3,3,4,1,2,10,9
"9428",3,8,7,1,2,5,6,5,7,1,1,5,6,1,3,0,1,0,0,3,1,1,1,13,10
"9429",4,14,9,1,8,11,10,8,7,1,2,5,6,1,6,6,1,6,0,6,6,1,1,21,26
"9430",5,14,10,1,10,11,10,14,9,1,8,11,10,1,0,0,2,3,2,1,2,2,1,22,28
"9431",6,14,13,1,10,13,10,14,10,1,10,11,10,3,2,0,2,0,0,3,2,2,2,25,30
"9432",7,18,13,1,12,13,10,14,13,1,10,13,10,2,2,4,2,2,0,4,2,1,1,29,32
"9433",8,18,15,1,12,13,14,18,13,1,12,13,10,2,0,0,4,5,1,2,4,2,3,31,36
"9434",9,18,20,1,12,14,14,18,15,1,12,13,14,5,1,0,1,0,0,5,1,2,2,36,37
"9435",10,18,25,1,14,14,14,18,20,1,12,14,14,5,1,2,1,2,0,5,2,2,1,41,39
"9436",11,18,26,1,19,14,14,18,25,1,14,14,14,1,0,0,5,4,3,1,5,2,1,42,44
"9437",12,18,26,1,19,14,14,18,26,1,19,14,14,4,3,0,NA,0,0,0,0,0,0,42,44
"9438",0,0,0,0,0,0,0,0,0,0,0,0,0,0,0,0,0,0,0,0,0,0,0,0,0
"9439",1,1,13,5,1,1,4,1,1,1,1,1,1,6,1,3,1,3,0,6,3,2,3,16,3
"9440",2,1,14,5,1,1,7,1,13,5,1,1,4,1,0,0,3,1,2,1,3,2,3,17,6
"9441",3,1,16,5,1,1,8,1,14,5,1,1,7,1,2,0,1,0,0,2,1,2,3,19,7
"9442",4,1,19,11,1,1,10,1,16,5,1,1,8,2,5,6,2,5,0,6,2,3,3,28,9
"9443",5,6,19,11,2,1,10,1,19,11,1,1,10,5,0,0,2,2,1,5,1,1,1,33,10
"9444",6,8,19,11,4,1,10,6,19,11,2,1,10,2,2,0,2,0,0,2,2,1,1,35,12
"9445",7,8,19,18,5,1,22,8,19,11,4,1,10,6,2,6,2,6,0,6,6,3,3,42,25
"9446",8,8,21,18,5,1,31,8,19,18,5,1,22,2,0,0,6,6,5,2,6,2,3,44,34
"9447",9,15,21,18,15,1,1,8,21,18,5,1,31,6,5,0,6,0,0,5,6,1,1,51,14
"9448",10,15,1,1,24,3,2,15,21,18,15,1,1,2,6,3,6,3,0,2,6,3,1,14,26
"9449",11,18,1,1,26,3,2,15,1,1,24,3,2,3,0,0,2,4,1,3,2,1,1,17,28
"9450",12,18,1,1,26,3,2,18,1,1,26,3,2,4,1,0,NA,0,0,0,0,0,0,17,28
"9451",0,0,0,0,0,0,0,0,0,0,0,0,0,0,0,0,0,0,0,0,0,0,0,0,0
"9452",1,4,1,1,1,1,2,1,1,1,1,1,1,1,3,1,1,1,0,3,1,1,3,3,1
"9453",2,4,1,2,1,6,2,4,1,1,1,1,2,1,0,0,3,5,2,1,5,3,2,4,6
"9454",3,4,1,5,1,6,4,4,1,2,1,6,2,3,2,0,2,0,0,3,2,3,3,7,8
"9455",4,4,7,9,1,9,4,4,1,5,1,6,4,1,3,6,1,3,0,6,3,2,2,17,11
"9456",5,4,7,10,1,9,7,4,7,9,1,9,4,1,0,0,2,1,3,1,3,3,3,18,14
"9457",6,4,8,10,1,11,7,4,7,10,1,9,7,2,1,0,2,0,0,1,2,2,2,19,16
"9458",7,10,8,14,1,11,11,4,8,10,1,11,7,4,4,6,4,4,0,6,4,1,3,29,20
"9459",8,14,8,14,1,11,21,10,8,14,1,11,11,4,0,0,6,2,6,4,6,1,3,33,30
"9460",9,20,12,14,1,11,23,14,8,14,1,11,21,2,6,0,2,0,0,6,2,1,3,43,32
"9461",10,20,13,20,6,17,29,20,12,14,1,11,23,6,6,3,6,3,0,6,6,3,3,50,49
"9462",11,23,1,20,6,27,31,20,13,20,6,17,29,3,0,0,2,1,4,3,2,1,3,41,61
"9463",12,23,1,20,6,27,31,23,1,20,6,27,31,1,4,0,NA,0,0,0,0,0,0,41,61
"9464",0,0,0,0,0,0,0,0,0,0,0,0,0,0,0,0,0,0,0,0,0,0,0,0,0
"9465",1,1,1,18,1,1,3,1,1,1,1,1,1,6,1,2,1,2,0,6,2,3,3,17,2
"9466",2,1,2,18,1,1,6,1,1,18,1,1,3,1,0,0,3,5,1,1,3,2,3,18,5
"9467",3,1,7,18,1,1,7,1,2,18,1,1,6,5,1,0,1,0,0,5,1,2,3,23,6
"9468",4,1,9,18,1,3,7,1,7,18,1,1,7,2,2,2,2,2,0,2,2,2,2,25,8
"9469",5,1,11,18,1,8,7,1,9,18,1,3,7,2,0,0,3,4,5,2,5,2,2,27,13
"9470",6,1,15,18,4,8,7,1,11,18,1,8,7,3,4,0,3,0,0,4,3,2,1,31,16
"9471",7,1,19,18,4,18,13,1,15,18,4,8,7,4,6,5,6,5,0,4,6,2,2,35,32
"9472",8,1,19,18,4,24,17,1,19,18,4,18,13,5,0,0,6,4,1,5,6,1,2,35,42
"9473",9,1,1,18,5,25,17,1,19,18,4,24,17,4,1,0,1,0,0,4,1,2,1,17,44
"9474",10,1,7,21,11,1,18,1,1,18,5,25,17,6,6,1,6,1,0,6,6,2,1,26,27
"9475",11,2,7,21,16,1,18,1,7,21,11,1,18,1,0,0,5,1,1,1,5,1,1,27,32
"9476",12,2,7,21,16,1,18,2,7,21,16,1,18,1,1,0,NA,0,0,0,0,0,0,27,32
"9477",0,0,0,0,0,0,0,0,0,0,0,0,0,0,0,0,0,0,0,0,0,0,0,0,0
"9478",1,1,3,1,1,1,12,1,1,1,1,1,1,6,2,6,6,6,0,2,6,2,3,2,11
"9479",2,1,3,10,2,1,12,1,3,1,1,1,12,6,0,0,2,1,1,6,1,3,1,11,12
"9480",3,3,3,10,2,2,12,1,3,10,2,1,12,2,1,0,1,0,0,2,1,1,2,13,13
"9481",4,3,8,16,2,7,18,3,3,10,2,2,12,6,3,6,3,6,0,6,6,3,3,24,24
"9482",5,3,8,19,5,13,18,3,8,16,2,7,18,3,0,0,6,1,3,3,6,3,2,27,33
"9483",6,3,11,19,5,13,19,3,8,19,5,13,18,1,3,0,1,0,0,3,1,2,3,30,34
"9484",7,3,21,19,5,14,19,3,11,19,5,13,19,1,1,6,1,1,0,6,1,2,2,40,35
"9485",8,1,21,20,5,18,21,3,21,19,5,14,19,1,0,0,2,5,3,1,2,3,3,39,41
"9486",9,1,21,27,1,18,26,1,21,20,5,18,21,5,3,0,5,0,0,3,5,3,3,46,42
"9487",10,1,27,29,5,18,26,1,21,27,1,18,26,6,3,4,3,4,0,6,4,2,1,54,46
"9488",11,1,27,32,6,18,26,1,27,29,5,18,26,3,0,0,3,1,5,3,1,3,1,57,47
"9489",12,1,27,32,6,18,26,1,27,32,6,18,26,3,5,0,NA,0,0,0,0,0,0,57,47
"9490",0,0,0,0,0,0,0,0,0,0,0,0,0,0,0,0,0,0,0,0,0,0,0,0,0
"9491",1,5,1,1,6,1,1,1,1,1,1,1,1,1,5,4,1,5,0,4,5,1,1,4,5
"9492",2,6,1,1,6,1,4,5,1,1,6,1,1,1,0,0,2,3,3,1,3,1,3,5,8
"9493",3,6,1,4,8,1,4,6,1,1,6,1,4,2,3,0,2,0,0,3,2,3,1,8,10
"9494",4,6,7,5,8,5,4,6,1,4,8,1,4,2,4,6,2,4,0,6,4,2,2,15,14
"9495",5,6,7,7,8,5,7,6,7,5,8,5,4,2,0,0,3,3,3,2,3,3,3,17,17
"9496",6,6,10,7,11,5,7,6,7,7,8,5,7,3,3,0,3,0,0,3,3,2,1,20,20
"9497",7,6,14,7,11,8,7,6,10,7,11,5,7,1,4,3,1,3,0,4,3,2,2,24,23
"9498",8,6,14,8,11,17,7,6,14,7,11,8,7,1,0,0,1,4,6,1,6,3,2,25,32
"9499",9,6,18,8,11,17,8,6,14,8,11,17,7,1,4,0,1,0,0,4,1,2,3,29,33
"9500",10,7,24,8,11,17,12,6,18,8,11,17,8,4,1,6,4,1,0,6,4,2,3,36,37
"9501",11,8,24,8,17,17,13,7,24,8,11,17,12,1,0,0,2,1,6,1,6,1,1,37,44
"9502",12,8,24,8,17,17,13,8,24,8,17,17,13,2,1,0,NA,0,0,0,0,0,0,37,44
"9503",0,0,0,0,0,0,0,0,0,0,0,0,0,0,0,0,0,0,0,0,0,0,0,0,0
"9504",1,6,7,1,1,4,1,1,1,1,1,1,1,3,6,3,3,3,0,6,3,2,2,11,3
"9505",2,6,7,4,1,7,1,6,7,1,1,4,1,3,0,0,3,2,3,3,3,3,2,14,6
"9506",3,9,7,4,1,7,3,6,7,4,1,7,1,2,3,0,2,0,0,3,2,1,3,17,8
"9507",4,9,12,4,1,11,3,9,7,4,1,7,3,5,4,1,4,1,0,5,4,2,2,22,12
"9508",5,9,12,5,5,11,3,9,12,4,1,11,3,1,0,0,1,4,2,1,4,3,1,23,16
"9509",6,10,12,5,5,13,3,9,12,5,5,11,3,1,2,0,2,0,0,1,2,1,2,24,18
"9510",7,16,20,5,5,13,5,10,12,5,5,13,3,3,2,6,3,2,0,6,2,1,3,38,20
"9511",8,16,23,5,5,17,5,16,20,5,5,13,5,3,0,0,4,4,4,3,4,2,2,41,24
"9512",9,20,23,5,5,21,5,16,23,5,5,17,5,4,4,0,4,0,0,4,4,1,2,45,28
"9513",10,20,23,10,8,27,5,20,23,5,5,21,5,5,6,5,6,5,0,5,6,3,2,50,37
"9514",11,20,23,1,9,33,5,20,23,10,8,27,5,5,0,0,6,4,6,5,6,3,2,41,44
"9515",12,20,23,1,9,33,5,20,23,1,9,33,5,4,6,0,NA,0,0,0,0,0,0,41,44
"9516",0,0,0,0,0,0,0,0,0,0,0,0,0,0,0,0,0,0,0,0,0,0,0,0,0
"9517",1,10,7,1,1,3,1,1,1,1,1,1,1,6,2,3,2,3,0,6,2,1,2,15,2
"9518",2,10,7,4,5,9,7,10,7,1,1,3,1,3,0,0,6,3,4,3,6,3,3,18,18
"9519",3,10,11,4,8,9,7,10,7,4,5,9,7,3,4,0,3,0,0,4,3,2,1,22,21
"9520",4,10,16,4,9,9,7,10,11,4,8,9,7,5,1,2,1,2,0,5,1,2,1,27,22
"9521",5,12,16,4,18,9,7,10,16,4,9,9,7,2,0,0,3,6,6,2,6,1,1,29,31
"9522",6,12,24,4,21,9,7,12,16,4,18,9,7,3,6,0,3,0,0,6,3,2,1,37,34
"9523",7,12,27,7,21,6,7,12,24,4,21,9,7,4,3,5,4,5,0,3,5,2,2,43,31
"9524",8,12,31,7,21,11,7,12,27,7,21,6,7,4,0,0,5,3,2,4,5,2,2,47,36
"9525",9,14,31,7,24,11,7,12,31,7,21,11,7,3,2,0,3,0,0,2,3,1,1,49,39
"9526",10,20,36,7,24,11,12,14,31,7,24,11,7,6,4,5,4,5,0,6,5,1,3,60,44
"9527",11,24,36,7,28,11,12,20,36,7,24,11,12,4,0,0,6,4,6,4,4,1,1,64,48
"9528",12,24,36,7,28,11,12,24,36,7,28,11,12,6,6,0,NA,0,0,0,0,0,0,64,48
"9529",0,0,0,0,0,0,0,0,0,0,0,0,0,0,0,0,0,0,0,0,0,0,0,0,0
"9530",1,7,1,3,1,1,9,1,1,1,1,1,1,3,6,6,3,6,0,6,6,1,3,8,8
"9531",2,10,1,3,1,2,9,7,1,3,1,1,9,3,0,0,1,1,3,3,1,1,2,11,9
"9532",3,10,1,6,1,3,9,10,1,3,1,2,9,1,3,0,1,0,0,3,1,3,2,14,10
"9533",4,10,7,11,1,3,12,10,1,6,1,3,9,3,2,6,3,2,0,6,3,2,3,25,13
"9534",5,12,7,11,1,3,14,10,7,11,1,3,12,2,0,0,1,2,5,2,2,1,3,27,15
"9535",6,17,7,11,1,4,14,12,7,11,1,3,14,1,5,0,1,0,0,5,1,1,2,32,16
"9536",7,21,7,11,1,4,19,17,7,11,1,4,14,4,5,3,5,3,0,4,5,1,3,36,21
"9537",8,21,10,11,1,4,24,21,7,11,1,4,19,3,0,0,4,5,4,3,5,2,3,39,26
"9538",9,21,14,11,1,4,28,21,10,11,1,4,24,4,4,0,4,0,0,4,4,2,3,43,30
"9539",10,21,17,11,5,4,28,21,14,11,1,4,28,3,4,3,4,3,0,3,4,2,1,46,34
"9540",11,21,20,11,9,4,28,21,17,11,5,4,28,3,0,0,4,4,4,3,4,2,1,49,38
"9541",12,21,20,11,9,4,28,21,20,11,9,4,28,4,4,0,NA,0,0,0,0,0,0,49,38
"9542",0,0,0,0,0,0,0,0,0,0,0,0,0,0,0,0,0,0,0,0,0,0,0,0,0
"9543",1,7,5,1,3,1,1,1,1,1,1,1,1,1,6,2,1,2,0,6,2,1,1,10,2
"9544",2,8,5,1,8,1,1,7,5,1,3,1,1,1,0,0,4,5,3,1,5,1,1,11,7
"9545",3,12,5,1,8,4,1,8,5,1,8,1,1,4,3,0,3,0,0,4,3,1,2,15,10
"9546",4,12,11,3,8,4,4,12,5,1,8,4,1,1,6,3,1,3,0,6,3,2,3,23,13
"9547",5,12,11,4,11,4,4,12,11,3,8,4,4,1,0,0,3,2,4,1,3,3,1,24,16
"9548",6,16,11,4,13,4,4,12,11,4,11,4,4,2,4,0,2,0,0,4,2,1,1,28,18
"9549",7,21,17,4,17,4,4,16,11,4,13,4,4,4,2,6,4,2,0,6,4,2,1,39,22
"9550",8,21,19,4,18,4,4,21,17,4,17,4,4,2,0,0,3,3,1,2,1,2,1,41,23
"9551",9,21,19,7,21,4,4,21,19,4,18,4,4,3,3,0,3,0,0,3,3,3,1,44,26
"9552",10,26,19,7,26,4,4,21,19,7,21,4,4,5,5,5,5,5,0,5,5,1,1,49,31
"9553",11,31,19,7,28,4,4,26,19,7,26,4,4,5,0,0,1,4,2,5,2,1,1,54,33
"9554",12,31,19,7,28,4,4,31,19,7,28,4,4,1,4,0,NA,0,0,0,0,0,0,54,33
"9555",0,0,0,0,0,0,0,0,0,0,0,0,0,0,0,0,0,0,0,0,0,0,0,0,0
"9556",1,1,9,1,3,1,1,1,1,1,1,1,1,2,1,6,2,1,0,6,2,2,1,8,2
"9557",2,1,9,2,3,1,5,1,9,1,3,1,1,1,0,0,4,5,4,1,4,3,3,9,6
"9558",3,5,9,2,3,6,5,1,9,2,3,1,5,5,4,0,5,0,0,4,5,1,2,13,11
"9559",4,8,9,2,3,6,7,5,9,2,3,6,5,2,3,1,2,1,0,3,2,1,3,16,13
"9560",5,8,9,3,8,6,7,8,9,2,3,6,7,1,0,0,3,5,1,1,5,3,1,17,18
"9561",6,11,9,3,9,6,7,8,9,3,8,6,7,3,1,0,1,0,0,3,1,1,1,20,19
"9562",7,11,9,8,9,6,12,11,9,3,9,6,7,4,5,5,4,5,0,5,5,3,3,25,24
"9563",8,15,9,8,9,11,24,11,9,8,9,6,12,4,0,0,1,6,1,4,6,1,3,29,41
"9564",9,15,10,8,9,12,24,15,9,8,9,11,24,1,1,0,1,0,0,1,1,2,2,30,42
"9565",10,17,10,8,12,12,24,15,10,8,9,12,24,2,3,4,3,4,0,2,3,1,1,32,45
"9566",11,17,14,8,22,12,24,17,10,8,12,12,24,4,0,0,5,6,1,4,6,2,1,36,55
"9567",12,17,14,8,22,12,24,17,14,8,22,12,24,5,1,0,NA,0,0,0,0,0,0,36,55
"9568",0,0,0,0,0,0,0,0,0,0,0,0,0,0,0,0,0,0,0,0,0,0,0,0,0
"9569",1,1,2,1,7,7,2,1,1,1,1,1,1,6,1,1,6,1,0,1,6,2,1,1,13
"9570",2,1,3,1,7,10,2,1,2,1,7,7,2,1,0,0,5,3,6,1,3,2,2,2,16
"9571",3,12,3,7,12,10,2,1,3,1,7,10,2,5,6,0,5,0,0,6,5,1,1,19,21
"9572",4,12,3,12,17,10,2,12,3,7,12,10,2,5,1,5,1,5,0,5,5,3,1,24,26
"9573",5,12,3,13,17,10,7,12,3,12,17,10,2,1,0,0,5,4,5,1,5,3,3,25,31
"9574",6,12,3,18,17,10,11,12,3,13,17,10,7,4,5,0,4,0,0,5,4,3,3,30,35
"9575",7,16,3,18,24,10,11,12,3,18,17,10,11,4,6,1,6,1,0,4,6,1,1,34,42
"9576",8,17,3,18,26,10,11,16,3,18,24,10,11,1,0,0,2,1,1,1,2,1,1,35,44
"9577",9,18,3,18,27,10,11,17,3,18,26,10,11,1,1,0,1,0,0,1,1,1,1,36,45
"9578",10,18,6,18,30,10,11,18,3,18,27,10,11,3,3,1,3,1,0,3,3,2,1,39,48
"9579",11,18,7,18,36,14,11,18,6,18,30,10,11,1,0,0,2,5,6,1,6,2,1,40,58
"9580",12,18,7,18,36,14,11,18,7,18,36,14,11,2,5,0,NA,0,0,0,0,0,0,40,58
"9581",0,0,0,0,0,0,0,0,0,0,0,0,0,0,0,0,0,0,0,0,0,0,0,0,0
"9582",1,7,1,3,1,6,1,1,1,1,1,1,1,6,2,5,2,5,0,6,5,1,2,8,5
"9583",2,7,1,5,5,12,1,7,1,3,1,6,1,2,0,0,6,2,1,2,6,3,2,10,15
"9584",3,7,1,7,5,12,2,7,1,5,5,12,1,2,1,0,1,0,0,2,1,3,3,12,16
"9585",4,7,5,7,8,12,8,7,1,7,5,12,2,4,4,6,4,6,0,4,6,2,3,16,25
"9586",5,11,5,7,8,16,8,7,5,7,8,12,8,4,0,0,4,4,4,4,4,1,2,20,29
"9587",6,11,5,11,8,20,8,11,5,7,8,16,8,4,4,0,4,0,0,4,4,3,2,24,33
"9588",7,11,5,16,9,20,14,11,5,11,8,20,8,6,5,3,6,3,0,5,6,3,3,29,40
"9589",8,11,5,19,15,22,14,11,5,16,9,20,14,3,0,0,6,1,3,3,6,3,1,32,48
"9590",9,11,5,22,15,22,15,11,5,19,15,22,14,1,3,0,1,0,0,3,1,3,3,35,49
"9591",10,11,5,24,17,22,21,11,5,22,15,22,15,2,1,6,1,6,0,2,6,3,3,37,57
"9592",11,12,5,24,20,22,21,11,5,24,17,22,21,1,0,0,3,2,1,1,3,1,1,38,60
"9593",12,12,5,24,20,22,21,12,5,24,20,22,21,2,1,0,NA,0,0,0,0,0,0,38,60
"9594",0,0,0,0,0,0,0,0,0,0,0,0,0,0,0,0,0,0,0,0,0,0,0,0,0
"9595",1,1,1,5,3,1,1,1,1,1,1,1,1,1,2,4,1,2,0,4,2,3,1,4,2
"9596",2,2,1,5,3,6,1,1,1,5,3,1,1,1,0,0,1,5,2,1,5,1,2,5,7
"9597",3,2,1,7,3,6,2,2,1,5,3,6,1,1,2,0,1,0,0,2,1,3,3,7,8
"9598",4,4,1,7,13,6,2,2,1,7,3,6,2,3,2,6,3,6,0,2,6,1,1,9,18
"9599",5,4,1,10,13,13,2,4,1,7,13,6,2,3,0,0,2,6,5,3,6,3,2,12,25
"9600",6,4,6,10,13,13,4,4,1,10,13,13,2,2,5,0,2,0,0,5,2,2,3,17,27
"9601",7,10,6,11,19,16,4,4,6,10,13,13,4,6,1,6,1,6,0,6,6,1,1,24,36
"9602",8,10,6,12,22,16,10,10,6,11,19,16,4,1,0,0,3,2,6,1,6,3,3,25,45
"9603",9,10,6,14,22,16,13,10,6,12,22,16,10,3,2,0,3,0,0,2,3,3,3,27,48
"9604",10,10,7,14,22,16,18,10,6,14,22,16,13,1,2,5,2,5,0,1,5,2,3,28,53
"9605",11,12,7,14,23,16,18,10,7,14,22,16,18,2,0,0,1,2,2,2,1,1,1,30,54
"9606",12,12,7,14,23,16,18,12,7,14,23,16,18,2,2,0,NA,0,0,0,0,0,0,30,54
"9607",0,0,0,0,0,0,0,0,0,0,0,0,0,0,0,0,0,0,0,0,0,0,0,0,0
"9608",1,1,4,1,1,1,6,1,1,1,1,1,1,1,3,5,1,5,0,3,5,2,3,3,5
"9609",2,2,4,1,7,1,11,1,4,1,1,1,6,1,0,0,2,1,6,1,6,1,1,4,16
"9610",3,4,4,1,8,1,11,2,4,1,7,1,11,2,1,0,1,0,0,2,1,1,1,6,17
"9611",4,4,12,1,8,5,17,4,4,1,8,1,11,6,5,6,5,6,0,6,6,2,3,14,27
"9612",5,9,12,1,11,5,17,4,12,1,8,5,17,5,0,0,3,4,1,5,3,1,1,19,30
"9613",6,9,16,1,11,5,18,9,12,1,11,5,17,4,1,0,1,0,0,4,1,2,3,23,31
"9614",7,9,20,1,17,14,18,9,16,1,11,5,18,5,4,6,5,6,0,4,6,2,1,27,46
"9615",8,9,25,1,23,15,18,9,20,1,17,14,18,5,0,0,3,6,1,5,6,2,1,32,53
"9616",9,12,25,1,23,15,19,9,25,1,23,15,18,3,1,0,1,0,0,3,1,1,3,35,54
"9617",10,12,25,4,24,15,19,12,25,1,23,15,19,1,5,3,1,5,0,3,1,3,1,38,55
"9618",11,17,25,4,37,15,19,12,25,4,24,15,19,5,0,0,1,6,4,5,6,1,1,43,68
"9619",12,17,25,4,37,15,19,17,25,4,37,15,19,1,4,0,NA,0,0,0,0,0,0,43,68
"9620",0,0,0,0,0,0,0,0,0,0,0,0,0,0,0,0,0,0,0,0,0,0,0,0,0
"9621",1,1,6,1,1,1,6,1,1,1,1,1,1,2,5,5,2,5,0,5,5,2,3,5,5
"9622",2,1,6,3,1,1,10,1,6,1,1,1,6,2,0,0,3,1,4,2,4,3,3,7,9
"9623",3,4,6,3,2,1,10,1,6,3,1,1,10,3,1,0,1,0,0,3,1,1,1,10,10
"9624",4,4,6,8,7,1,10,4,6,3,2,1,10,5,5,3,5,3,0,5,5,3,1,15,15
"9625",5,7,6,8,13,1,12,4,6,8,7,1,10,3,0,0,6,4,4,3,6,1,1,18,23
"9626",6,7,10,8,17,1,12,7,6,8,13,1,12,4,4,0,4,0,0,4,4,2,1,22,27
"9627",7,7,10,12,17,6,12,7,10,8,17,1,12,1,4,5,1,5,0,4,5,3,2,26,32
"9628",8,7,10,13,22,6,12,7,10,12,17,6,12,1,0,0,2,1,5,1,5,3,1,27,37
"9629",9,7,10,15,23,6,12,7,10,13,22,6,12,2,1,0,1,0,0,2,1,3,1,29,38
"9630",10,9,10,15,23,6,17,7,10,15,23,6,12,5,2,2,5,2,0,2,5,1,3,31,43
"9631",11,11,10,15,25,6,17,9,10,15,23,6,17,2,0,0,2,1,3,2,2,1,1,33,45
"9632",12,11,10,15,25,6,17,11,10,15,25,6,17,1,3,0,NA,0,0,0,0,0,0,33,45
"9633",0,0,0,0,0,0,0,0,0,0,0,0,0,0,0,0,0,0,0,0,0,0,0,0,0
"9634",1,7,6,1,1,1,6,1,1,1,1,1,1,5,6,3,5,3,0,6,5,1,3,11,5
"9635",2,7,9,1,2,1,6,7,6,1,1,1,6,3,0,0,3,1,1,3,1,2,1,14,6
"9636",3,7,9,4,3,1,6,7,9,1,2,1,6,3,1,0,1,0,0,3,1,3,1,17,7
"9637",4,7,13,4,3,6,6,7,9,4,3,1,6,4,1,5,1,5,0,4,5,2,2,21,12
"9638",5,8,13,4,3,6,10,7,13,4,3,6,6,1,0,0,4,2,2,1,4,1,3,22,16
"9639",6,10,13,4,3,8,10,8,13,4,3,6,10,2,2,0,2,0,0,2,2,1,2,24,18
"9640",7,10,13,8,3,14,12,10,13,4,3,8,10,4,2,6,2,6,0,4,6,3,2,28,26
"9641",8,12,13,8,7,14,12,10,13,8,3,14,12,2,0,0,4,6,6,2,4,1,1,30,30
"9642",9,12,19,10,7,18,18,12,13,8,7,14,12,6,6,0,6,0,0,6,6,2,3,38,40
"9643",10,12,28,10,1,18,23,12,19,10,7,18,18,1,5,6,1,5,0,6,5,2,3,47,39
"9644",11,13,28,10,1,23,23,12,28,10,1,18,23,1,0,0,6,5,2,1,5,1,2,48,44
"9645",12,13,28,10,1,23,23,13,28,10,1,23,23,6,2,0,NA,0,0,0,0,0,0,48,44
"9646",0,0,0,0,0,0,0,0,0,0,0,0,0,0,0,0,0,0,0,0,0,0,0,0,0
"9647",1,3,13,1,1,1,4,1,1,1,1,1,1,4,6,3,4,3,0,6,3,2,3,14,3
"9648",2,7,13,1,1,1,7,3,13,1,1,1,4,4,0,0,3,5,1,4,3,1,3,18,6
"9649",3,12,13,1,1,2,7,7,13,1,1,1,7,5,1,0,1,0,0,5,1,1,2,23,7
"9650",4,12,13,2,5,2,7,12,13,1,1,2,7,4,1,3,4,3,0,1,4,3,1,24,11
"9651",5,12,13,5,5,2,11,12,13,2,5,2,7,3,0,0,2,3,4,3,4,3,3,27,15
"9652",6,12,13,7,5,5,11,12,13,5,5,2,11,2,3,0,3,0,0,2,3,3,2,29,18
"9653",7,14,13,13,5,6,17,12,13,7,5,5,11,5,6,6,5,6,0,6,6,3,3,37,25
"9654",8,14,18,13,5,6,22,14,13,13,5,6,17,5,0,0,1,5,3,5,5,2,3,42,30
"9655",9,14,18,16,5,7,22,14,18,13,5,6,22,1,3,0,1,0,0,3,1,3,2,45,31
"9656",10,20,22,16,5,7,24,14,18,16,5,7,22,6,2,1,2,1,0,6,2,1,3,55,33
"9657",11,20,22,17,5,7,36,20,22,16,5,7,24,1,0,0,2,1,6,1,6,3,3,56,45
"9658",12,20,22,17,5,7,36,20,22,17,5,7,36,2,1,0,NA,0,0,0,0,0,0,56,45
"9659",0,0,0,0,0,0,0,0,0,0,0,0,0,0,0,0,0,0,0,0,0,0,0,0,0
"9660",1,1,1,5,1,7,12,1,1,1,1,1,1,6,4,4,6,4,0,4,6,3,2,4,17
"9661",2,1,5,5,6,7,12,1,1,5,1,7,12,4,0,0,5,1,3,4,5,2,1,8,22
"9662",3,1,5,8,7,7,12,1,5,5,6,7,12,1,3,0,1,0,0,3,1,3,1,11,23
"9663",4,1,9,8,11,13,18,1,5,8,7,7,12,6,1,4,6,1,0,4,6,2,2,15,39
"9664",5,2,9,8,15,13,18,1,9,8,11,13,18,1,0,0,4,6,3,1,4,1,1,16,43
"9665",6,2,15,11,18,13,18,2,9,8,15,13,18,6,3,0,3,0,0,6,3,2,1,25,46
"9666",7,2,15,20,18,13,23,2,15,11,18,13,18,6,5,2,5,2,0,6,5,3,3,34,51
"9667",8,2,15,22,18,13,27,2,15,20,18,13,23,2,0,0,4,3,1,2,4,3,3,36,55
"9668",9,5,15,22,18,13,28,2,15,22,18,13,27,3,1,0,1,0,0,3,1,1,3,39,56
"9669",10,9,15,28,18,21,28,5,15,22,18,13,28,3,6,6,3,6,0,6,6,3,2,49,64
"9670",11,9,18,28,18,21,30,9,15,28,18,21,28,3,0,0,2,2,1,3,2,2,3,52,66
"9671",12,9,18,28,18,21,30,9,18,28,18,21,30,2,1,0,NA,0,0,0,0,0,0,52,66
"9672",0,0,0,0,0,0,0,0,0,0,0,0,0,0,0,0,0,0,0,0,0,0,0,0,0
"9673",1,6,1,1,1,6,1,1,1,1,1,1,1,1,5,5,1,5,0,5,5,1,2,5,5
"9674",2,6,2,1,1,8,1,6,1,1,1,6,1,1,0,0,1,2,2,1,2,2,2,6,7
"9675",3,8,2,1,2,8,1,6,2,1,1,8,1,1,2,0,1,0,0,2,1,1,1,8,8
"9676",4,11,8,7,2,12,1,8,2,1,2,8,1,6,4,4,4,4,0,6,4,2,2,23,12
"9677",5,11,12,7,2,17,1,11,8,7,2,12,1,4,0,0,2,5,5,4,5,2,2,27,17
"9678",6,16,12,7,2,19,1,11,12,7,2,17,1,2,5,0,2,0,0,5,2,1,2,32,19
"9679",7,16,12,9,2,24,1,16,12,7,2,19,1,2,5,3,5,3,0,2,5,3,2,34,24
"9680",8,19,1,9,2,32,1,16,12,9,2,24,1,3,0,0,6,5,4,3,6,1,2,26,32
"9681",9,19,1,18,2,5,1,19,1,9,2,32,1,5,4,0,4,0,0,5,4,3,2,35,5
"9682",10,19,5,18,2,5,5,19,1,18,2,5,1,4,4,4,4,4,0,4,4,2,3,39,9
"9683",11,19,9,18,2,5,8,19,5,18,2,5,5,4,0,0,5,3,1,4,3,2,3,43,12
"9684",12,19,9,18,2,5,8,19,9,18,2,5,8,5,1,0,NA,0,0,0,0,0,0,43,12
"9685",0,0,0,0,0,0,0,0,0,0,0,0,0,0,0,0,0,0,0,0,0,0,0,0,0
"9686",1,1,6,1,2,7,7,1,1,1,1,1,1,5,5,6,5,6,0,5,6,2,2,5,13
"9687",2,6,6,1,2,13,13,1,6,1,2,7,7,5,0,0,2,4,6,5,6,1,3,10,25
"9688",3,10,6,1,2,13,15,6,6,1,2,13,13,2,4,0,2,0,0,4,2,1,3,14,27
"9689",4,10,9,1,2,19,16,10,6,1,2,13,15,3,3,6,3,6,0,3,6,2,2,17,34
"9690",5,13,9,1,2,22,16,10,9,1,2,19,16,3,0,0,5,6,3,3,3,1,2,20,37
"9691",6,13,15,2,2,27,16,13,9,1,2,22,16,5,6,0,5,0,0,6,5,2,2,27,42
"9692",7,13,15,6,2,27,25,13,15,2,2,27,16,4,2,6,2,6,0,4,6,3,3,31,51
"9693",8,15,15,6,2,27,26,13,15,6,2,27,25,2,0,0,6,5,1,2,1,1,3,33,52
"9694",9,1,15,15,12,1,26,15,15,6,2,27,26,6,5,0,5,0,0,6,5,1,1,28,36
"9695",10,4,15,15,12,1,30,1,15,15,12,1,26,4,3,4,4,4,0,3,4,1,3,31,40
"9696",11,8,15,15,18,1,33,4,15,15,12,1,30,4,0,0,3,6,2,4,6,1,1,35,49
"9697",12,8,15,15,18,1,33,8,15,15,18,1,33,3,2,0,NA,0,0,0,0,0,0,35,49
"9698",0,0,0,0,0,0,0,0,0,0,0,0,0,0,0,0,0,0,0,0,0,0,0,0,0
"9699",1,1,5,1,1,1,6,1,1,1,1,1,1,5,4,2,5,2,0,4,5,2,3,4,5
"9700",2,3,5,1,6,1,6,1,5,1,1,1,6,2,0,0,5,5,1,2,5,1,1,6,10
"9701",3,3,10,1,6,2,6,3,5,1,6,1,6,5,1,0,1,0,0,5,1,2,2,11,11
"9702",4,3,13,1,6,2,11,3,10,1,6,2,6,4,5,3,4,5,0,3,5,2,3,14,16
"9703",5,3,17,1,6,2,16,3,13,1,6,2,11,4,0,0,5,5,6,4,5,2,3,18,21
"9704",6,9,19,1,6,2,21,3,17,1,6,2,16,5,6,0,5,0,0,6,5,1,3,26,26
"9705",7,14,19,3,12,3,1,9,19,1,6,2,21,6,1,2,6,1,0,2,6,3,1,33,13
"9706",8,14,19,4,16,3,1,14,19,3,12,3,1,1,0,0,4,2,4,1,4,3,1,34,17
"9707",9,18,19,4,18,3,1,14,19,4,16,3,1,2,4,0,2,0,0,4,2,1,1,38,19
"9708",10,1,19,4,24,7,7,18,19,4,18,3,1,6,3,6,6,6,0,3,6,1,3,21,35
"9709",11,6,1,4,2,10,7,1,19,4,24,7,7,6,0,0,3,4,5,6,3,2,2,8,16
"9710",12,6,1,4,2,10,7,6,1,4,2,10,7,4,5,0,NA,0,0,0,0,0,0,8,16
"9711",0,0,0,0,0,0,0,0,0,0,0,0,0,0,0,0,0,0,0,0,0,0,0,0,0
"9712",1,6,1,1,1,5,1,1,1,1,1,1,1,5,4,3,4,3,0,5,4,1,2,5,4
"9713",2,6,1,4,3,5,1,6,1,1,1,5,1,3,0,0,2,1,3,3,2,3,1,8,6
"9714",3,6,1,7,3,6,1,6,1,4,3,5,1,1,3,0,1,0,0,3,1,3,2,11,7
"9715",4,11,1,7,3,9,1,6,1,7,3,6,1,3,5,2,3,2,0,5,3,1,2,16,10
"9716",5,11,1,9,3,9,5,11,1,7,3,9,1,2,0,0,1,4,5,2,4,3,3,18,14
"9717",6,11,6,9,3,10,5,11,1,9,3,9,5,1,5,0,1,0,0,5,1,2,2,23,15
"9718",7,11,6,13,3,14,5,11,6,9,3,10,5,2,4,4,2,4,0,4,4,3,2,27,19
"9719",8,13,6,13,3,14,8,11,6,13,3,14,5,2,0,0,2,3,2,2,3,1,3,29,22
"9720",9,13,8,13,3,16,8,13,6,13,3,14,8,2,2,0,2,0,0,2,2,2,2,31,24
"9721",10,13,14,16,3,16,9,13,8,13,3,16,8,6,1,1,1,1,0,6,1,2,3,40,25
"9722",11,14,14,16,3,18,9,13,14,16,3,16,9,1,0,0,2,5,2,1,2,1,2,41,27
"9723",12,14,14,16,3,18,9,14,14,16,3,18,9,5,2,0,NA,0,0,0,0,0,0,41,27
"9724",0,0,0,0,0,0,0,0,0,0,0,0,0,0,0,0,0,0,0,0,0,0,0,0,0
"9725",1,8,7,1,1,6,1,1,1,1,1,1,1,5,6,2,5,2,0,6,5,1,2,13,5
"9726",2,8,7,3,4,6,1,8,7,1,1,6,1,2,0,0,5,3,2,2,3,3,1,15,8
"9727",3,8,12,3,4,6,3,8,7,3,4,6,1,5,2,0,2,0,0,5,2,2,3,20,10
"9728",4,8,19,3,8,18,3,8,12,3,4,6,3,6,1,6,1,6,0,6,6,2,2,27,26
"9729",5,9,19,3,8,18,6,8,19,3,8,18,3,1,0,0,3,2,2,1,3,1,3,28,29
"9730",6,9,19,5,10,18,6,9,19,3,8,18,6,2,2,0,2,0,0,2,2,3,1,30,31
"9731",7,9,1,5,11,18,2,9,19,5,10,18,6,1,5,3,1,3,0,5,1,2,1,12,28
"9732",8,9,1,8,16,18,2,9,1,5,11,18,2,3,0,0,5,4,4,3,5,3,1,15,33
"9733",9,9,1,12,16,18,6,9,1,8,16,18,2,4,4,0,4,0,0,4,4,3,3,19,37
"9734",10,14,1,12,16,18,14,9,1,12,16,18,6,1,5,6,1,6,0,5,6,1,3,24,45
"9735",11,14,1,13,27,18,14,14,1,12,16,18,14,1,0,0,6,4,5,1,6,3,1,25,56
"9736",12,14,1,13,27,18,14,14,1,13,27,18,14,4,5,0,NA,0,0,0,0,0,0,25,56
"9737",0,0,0,0,0,0,0,0,0,0,0,0,0,0,0,0,0,0,0,0,0,0,0,0,0
"9738",1,1,1,5,6,1,1,1,1,1,1,1,1,5,3,4,5,3,0,4,5,3,1,4,5
"9739",2,1,4,5,6,1,4,1,1,5,6,1,1,3,0,0,3,1,2,3,3,2,3,7,8
"9740",3,1,5,5,8,1,4,1,4,5,6,1,4,1,2,0,2,0,0,1,2,2,1,8,10
"9741",4,7,5,11,8,1,12,1,5,5,8,1,4,5,6,6,5,6,0,6,6,3,3,20,18
"9742",5,7,5,16,11,1,12,7,5,11,8,1,12,5,0,0,1,3,3,5,3,3,1,25,21
"9743",6,7,8,16,11,1,13,7,5,16,11,1,12,1,3,0,1,0,0,3,1,2,3,28,22
"9744",7,7,11,16,16,1,13,7,8,16,11,1,13,3,3,5,3,5,0,3,5,2,1,31,27
"9745",8,10,11,16,16,1,18,7,11,16,16,1,13,3,0,0,2,5,1,3,5,1,3,34,32
"9746",9,10,11,18,16,1,19,10,11,16,16,1,18,2,1,0,1,0,0,2,1,3,3,36,33
"9747",10,10,15,18,16,1,22,10,11,18,16,1,19,3,4,2,3,2,0,4,3,2,3,40,36
"9748",11,12,15,18,16,1,26,10,15,18,16,1,22,2,0,0,5,4,4,2,4,1,3,42,40
"9749",12,12,15,18,16,1,26,12,15,18,16,1,26,5,4,0,NA,0,0,0,0,0,0,42,40
"9750",0,0,0,0,0,0,0,0,0,0,0,0,0,0,0,0,0,0,0,0,0,0,0,0,0
"9751",1,1,1,2,1,2,1,1,1,1,1,1,1,2,1,1,2,1,0,1,1,3,2,1,1
"9752",2,1,1,4,9,2,1,1,1,2,1,2,1,2,0,0,3,1,6,2,6,3,1,3,9
"9753",3,4,1,4,10,2,1,1,1,4,9,2,1,3,1,0,1,0,0,3,1,1,1,6,10
"9754",4,4,1,9,10,6,1,4,1,4,10,2,1,1,5,4,1,4,0,5,4,3,2,11,14
"9755",5,4,2,9,10,10,1,4,1,9,10,6,1,1,0,0,2,4,1,1,4,2,2,12,18
"9756",6,5,2,9,12,10,1,4,2,9,10,10,1,2,1,0,2,0,0,1,2,1,1,13,20
"9757",7,11,2,10,12,10,11,5,2,9,12,10,1,3,6,6,3,6,0,6,6,1,3,20,30
"9758",8,11,5,10,13,16,11,11,2,10,12,10,11,3,0,0,3,6,4,3,6,2,2,23,37
"9759",9,11,5,14,13,16,14,11,5,10,13,16,11,3,4,0,3,0,0,4,3,3,3,27,40
"9760",10,11,5,18,20,16,14,11,5,14,13,16,14,4,4,6,4,6,0,4,6,3,1,31,47
"9761",11,11,5,22,21,16,14,11,5,18,20,16,14,4,0,0,1,5,4,4,1,3,1,35,48
"9762",12,11,5,22,21,16,14,11,5,22,21,16,14,5,4,0,NA,0,0,0,0,0,0,35,48
"9763",0,0,0,0,0,0,0,0,0,0,0,0,0,0,0,0,0,0,0,0,0,0,0,0,0
"9764",1,1,5,1,1,1,5,1,1,1,1,1,1,4,1,4,1,4,0,4,4,2,3,4,4
"9765",2,1,6,1,1,7,10,1,5,1,1,1,5,1,0,0,6,3,2,1,6,2,2,5,15
"9766",3,4,6,1,1,9,10,1,6,1,1,7,10,3,2,0,2,0,0,3,2,1,2,8,17
"9767",4,7,6,1,6,9,16,4,6,1,1,9,10,2,3,6,2,6,0,3,6,1,3,11,28
"9768",5,9,6,1,9,9,16,7,6,1,6,9,16,2,0,0,3,6,3,2,3,1,1,13,31
"9769",6,15,6,4,9,12,16,9,6,1,9,9,16,6,3,0,3,0,0,6,3,1,2,22,34
"9770",7,19,6,4,13,12,16,15,6,4,9,12,16,4,2,4,2,4,0,4,4,1,1,26,38
"9771",8,21,6,1,16,22,16,19,6,4,13,12,16,2,0,0,6,6,4,2,6,1,2,25,51
"9772",9,27,6,1,19,22,20,21,6,1,16,22,16,6,4,0,4,0,0,6,4,1,3,31,58
"9773",10,27,6,6,21,22,20,27,6,1,19,22,20,2,4,5,2,4,0,5,2,3,1,36,60
"9774",11,31,6,6,22,22,20,27,6,6,21,22,20,4,0,0,1,3,1,4,1,1,1,40,61
"9775",12,31,6,6,22,22,20,31,6,6,22,22,20,3,1,0,NA,0,0,0,0,0,0,40,61
"9776",0,0,0,0,0,0,0,0,0,0,0,0,0,0,0,0,0,0,0,0,0,0,0,0,0
"9777",1,1,4,1,1,5,1,1,1,1,1,1,1,3,4,2,4,2,0,3,4,2,2,3,4
"9778",2,3,4,1,1,5,5,1,4,1,1,5,1,2,0,0,4,3,4,2,4,1,3,5,8
"9779",3,7,4,1,4,5,5,3,4,1,1,5,5,3,4,0,3,0,0,4,3,1,1,9,11
"9780",4,10,4,1,4,5,10,7,4,1,4,5,5,3,5,1,5,1,0,3,5,1,3,12,16
"9781",5,10,5,1,9,5,10,10,4,1,4,5,10,1,0,0,2,2,5,1,5,2,1,13,21
"9782",6,12,5,1,9,7,10,10,5,1,9,5,10,2,2,0,2,0,0,2,2,1,2,15,23
"9783",7,17,5,1,14,7,10,12,5,1,9,7,10,5,3,5,3,5,0,5,5,1,1,20,28
"9784",8,20,5,1,18,7,10,17,5,1,14,7,10,3,0,0,4,1,1,3,4,1,1,23,32
"9785",9,21,5,1,18,7,11,20,5,1,18,7,10,1,1,0,1,0,0,1,1,1,3,24,33
"9786",10,21,10,1,22,7,11,21,5,1,18,7,11,5,4,5,4,5,0,5,4,2,1,29,37
"9787",11,26,1,1,29,7,11,21,10,1,22,7,11,5,0,0,6,6,2,5,6,1,1,25,44
"9788",12,26,1,1,29,7,11,26,1,1,29,7,11,6,2,0,NA,0,0,0,0,0,0,25,44
"9789",0,0,0,0,0,0,0,0,0,0,0,0,0,0,0,0,0,0,0,0,0,0,0,0,0
"9790",1,1,5,1,1,6,1,1,1,1,1,1,1,4,4,5,4,5,0,4,5,2,2,4,5
"9791",2,1,5,5,1,8,1,1,5,1,1,6,1,4,0,0,4,2,4,4,2,3,2,8,7
"9792",3,1,9,5,1,12,1,1,5,5,1,8,1,4,4,0,4,0,0,4,4,2,2,12,11
"9793",4,1,9,10,1,12,4,1,9,5,1,12,1,3,1,5,3,1,0,5,3,3,3,17,14
"9794",5,1,9,10,1,20,8,1,9,10,1,12,4,1,0,0,6,2,2,1,6,1,2,17,26
"9795",6,1,9,12,1,22,8,1,9,10,1,20,8,2,2,0,2,0,0,2,2,3,2,19,28
"9796",7,1,13,12,6,22,8,1,9,12,1,22,8,4,5,2,5,2,0,4,5,2,1,23,33
"9797",8,1,13,14,6,29,8,1,13,12,6,22,8,2,0,0,6,3,2,2,6,3,2,25,40
"9798",9,1,16,14,6,31,8,1,13,14,6,29,8,3,2,0,2,0,0,3,2,2,2,28,42
"9799",10,1,16,18,16,31,8,1,16,14,6,31,8,6,4,2,6,2,0,4,6,3,1,32,52
"9800",11,1,16,18,24,39,8,1,16,18,16,31,8,2,0,0,5,1,3,2,5,1,1,32,106
"9801",12,1,16,18,24,39,8,1,16,18,24,39,8,1,3,0,NA,0,0,0,0,0,0,32,106
"9802",0,0,0,0,0,0,0,0,0,0,0,0,0,0,0,0,0,0,0,0,0,0,0,0,0
"9803",1,1,1,6,1,6,1,1,1,1,1,1,1,5,5,3,5,3,0,5,5,3,2,5,5
"9804",2,4,1,6,7,6,3,1,1,6,1,6,1,3,0,0,6,5,3,3,6,1,1,8,13
"9805",3,9,1,6,7,6,6,4,1,6,7,6,3,5,3,0,3,0,0,5,3,1,3,13,16
"9806",4,15,4,6,7,6,11,9,1,6,7,6,6,6,2,5,2,5,0,6,5,1,3,22,21
"9807",5,17,4,6,12,6,17,15,4,6,7,6,11,2,0,0,1,6,3,2,6,1,3,24,32
"9808",6,17,7,6,13,6,17,17,4,6,12,6,17,1,3,0,1,0,0,3,1,2,1,27,33
"9809",7,20,7,6,13,6,20,17,7,6,13,6,17,2,3,3,2,3,0,3,3,1,3,30,36
"9810",8,22,7,6,13,10,20,20,7,6,13,6,20,2,0,0,4,1,2,2,4,1,2,32,40
"9811",9,24,7,6,14,10,20,22,7,6,13,10,20,1,2,0,1,0,0,2,1,1,1,34,41
"9812",10,1,7,6,19,11,20,24,7,6,14,10,20,1,2,5,1,2,0,5,1,1,2,11,47
"9813",11,3,1,6,25,13,20,1,7,6,19,11,20,2,0,0,6,6,4,2,6,1,1,7,55
"9814",12,3,1,6,25,13,20,3,1,6,25,13,20,6,4,0,NA,0,0,0,0,0,0,7,55
"9815",0,0,0,0,0,0,0,0,0,0,0,0,0,0,0,0,0,0,0,0,0,0,0,0,0
"9816",1,2,1,1,7,1,4,1,1,1,1,1,1,2,1,6,2,6,0,1,6,1,1,1,9
"9817",2,2,3,1,7,1,9,2,1,1,7,1,4,2,0,0,5,3,5,2,5,2,3,3,14
"9818",3,2,8,1,7,4,9,2,3,1,7,1,9,3,5,0,3,0,0,5,3,2,2,8,17
"9819",4,2,12,1,7,4,13,2,8,1,7,4,9,4,4,4,4,4,0,4,4,2,3,12,21
"9820",5,2,16,1,7,4,15,2,12,1,7,4,13,4,0,0,2,3,2,4,2,2,3,16,23
"9821",6,5,16,1,7,6,15,2,16,1,7,4,15,3,2,0,2,0,0,3,2,1,2,19,25
"9822",7,5,16,6,11,6,21,5,16,1,7,6,15,3,6,5,3,6,0,5,6,3,3,24,35
"9823",8,8,16,6,11,6,23,5,16,6,11,6,21,3,0,0,2,1,1,3,2,1,3,27,37
"9824",9,9,16,1,11,6,26,8,16,6,11,6,23,1,1,0,1,0,0,1,1,1,3,23,40
"9825",10,1,16,5,11,7,27,9,16,1,11,6,26,4,1,1,1,1,0,4,1,3,3,19,42
"9826",11,2,16,5,14,7,27,1,16,5,11,7,27,1,0,0,3,3,5,1,3,1,1,20,45
"9827",12,2,16,5,14,7,27,2,16,5,14,7,27,3,5,0,NA,0,0,0,0,0,0,20,45
"9828",0,0,0,0,0,0,0,0,0,0,0,0,0,0,0,0,0,0,0,0,0,0,0,0,0
"9829",1,7,1,3,7,2,1,1,1,1,1,1,1,4,6,6,4,6,0,6,6,1,1,8,7
"9830",2,7,5,3,9,2,1,7,1,3,7,2,1,4,0,0,2,2,2,4,2,2,1,12,9
"9831",3,9,5,3,9,2,3,7,5,3,9,2,1,2,2,0,2,0,0,2,2,1,3,14,11
"9832",4,9,5,8,12,2,3,9,5,3,9,2,3,5,3,3,3,3,0,5,3,3,1,19,14
"9833",5,12,5,8,12,2,4,9,5,8,12,2,3,3,0,0,1,1,2,3,1,1,3,22,15
"9834",6,12,5,10,13,2,4,12,5,8,12,2,4,1,2,0,1,0,0,2,1,3,1,24,16
"9835",7,12,9,10,13,3,4,12,5,10,13,2,4,1,1,4,1,1,0,4,1,2,2,28,17
"9836",8,12,9,11,13,5,4,12,9,10,13,3,4,1,0,0,4,2,2,1,2,3,2,29,19
"9837",9,16,9,11,13,7,4,12,9,11,13,5,4,4,2,0,2,0,0,4,2,1,2,33,21
"9838",10,16,9,13,14,7,4,16,9,11,13,7,4,1,2,1,1,1,0,2,1,3,1,35,22
"9839",11,17,9,13,16,13,4,16,9,13,14,7,4,1,0,0,3,6,6,1,6,1,2,36,30
"9840",12,17,9,13,16,13,4,17,9,13,16,13,4,3,6,0,NA,0,0,0,0,0,0,36,30
"9841",0,0,0,0,0,0,0,0,0,0,0,0,0,0,0,0,0,0,0,0,0,0,0,0,0
"9842",1,7,2,1,1,1,3,1,1,1,1,1,1,6,2,1,2,1,0,6,2,1,3,7,2
"9843",2,8,2,1,7,1,4,7,2,1,1,1,3,1,0,0,6,3,6,1,6,1,1,8,9
"9844",3,14,7,1,7,4,4,8,2,1,7,1,4,3,6,0,3,0,0,6,3,1,2,19,12
"9845",4,14,12,1,7,10,5,14,7,1,7,4,4,6,5,3,6,3,0,5,6,2,2,24,19
"9846",5,14,12,4,7,15,5,14,12,1,7,10,5,3,0,0,5,5,6,3,5,3,2,27,24
"9847",6,14,18,12,7,20,5,14,12,4,7,15,5,5,6,0,5,0,0,6,5,3,2,41,29
"9848",7,14,18,15,7,25,5,14,18,12,7,20,5,3,4,5,4,5,0,3,5,3,2,44,34
"9849",8,18,18,15,7,34,5,14,18,15,7,25,5,4,0,0,2,6,2,4,6,1,2,48,43
"9850",9,20,18,15,7,36,5,18,18,15,7,34,5,2,2,0,2,0,0,2,2,1,2,50,45
"9851",10,20,18,22,9,39,5,20,18,15,7,36,5,6,3,5,3,5,0,6,3,3,2,57,88
"9852",11,25,18,22,13,39,5,20,18,22,9,39,5,5,0,0,4,4,4,5,4,1,1,62,92
"9853",12,25,18,22,13,39,5,25,18,22,13,39,5,4,4,0,NA,0,0,0,0,0,0,62,92
"9854",0,0,0,0,0,0,0,0,0,0,0,0,0,0,0,0,0,0,0,0,0,0,0,0,0
"9855",1,1,1,6,3,1,1,1,1,1,1,1,1,2,1,5,2,1,0,5,2,3,1,5,2
"9856",2,1,2,6,3,1,4,1,1,6,3,1,1,1,0,0,3,3,4,1,3,2,3,6,5
"9857",3,1,2,10,3,4,4,1,2,6,3,1,4,3,4,0,3,0,0,4,3,3,2,10,8
"9858",4,1,2,15,3,8,4,1,2,10,3,4,4,4,5,2,4,2,0,5,4,3,2,15,12
"9859",5,1,2,17,3,12,4,1,2,15,3,8,4,2,0,0,1,4,2,2,4,3,2,17,16
"9860",6,1,2,19,3,13,4,1,2,17,3,12,4,1,2,0,1,0,0,2,1,3,2,19,17
"9861",7,3,8,19,3,19,7,1,2,19,3,13,4,6,6,4,6,4,0,6,6,2,2,27,26
"9862",8,3,8,1,10,19,7,3,8,19,3,19,7,4,0,0,3,2,2,4,2,3,1,9,33
"9863",9,3,10,1,13,19,7,3,8,1,10,19,7,3,2,0,3,0,0,2,3,2,1,11,36
"9864",10,3,14,1,16,19,7,3,10,1,13,19,7,4,3,5,3,5,0,4,3,2,1,15,39
"9865",11,8,14,1,16,19,11,3,14,1,16,19,7,5,0,0,4,6,3,5,4,1,3,20,43
"9866",12,8,14,1,16,19,11,8,14,1,16,19,11,6,3,0,NA,0,0,0,0,0,0,20,43
"9867",0,0,0,0,0,0,0,0,0,0,0,0,0,0,0,0,0,0,0,0,0,0,0,0,0
"9868",1,1,6,1,1,1,6,1,1,1,1,1,1,5,3,5,3,5,0,5,5,2,3,5,5
"9869",2,1,6,4,1,1,11,1,6,1,1,1,6,3,0,0,6,5,5,3,5,3,3,8,10
"9870",3,1,8,10,1,6,11,1,6,4,1,1,11,6,5,0,5,0,0,6,5,3,2,16,15
"9871",4,6,8,10,1,10,11,1,8,10,1,6,11,1,4,5,1,4,0,5,4,1,2,21,19
"9872",5,7,8,10,1,10,16,6,8,10,1,10,11,1,0,0,4,5,3,1,5,1,3,22,24
"9873",6,7,8,14,1,10,19,7,8,10,1,10,16,4,3,0,3,0,0,4,3,3,3,26,27
"9874",7,11,8,14,1,10,22,7,8,14,1,10,19,2,4,3,2,3,0,4,3,1,3,30,30
"9875",8,11,8,16,6,10,22,11,8,14,1,10,22,2,0,0,3,3,5,2,5,3,1,32,35
"9876",9,11,11,16,9,10,22,11,8,16,6,10,22,3,3,0,3,0,0,3,3,2,1,35,38
"9877",10,11,11,19,12,10,22,11,11,16,9,10,22,2,3,3,2,3,0,3,3,3,1,38,41
"9878",11,13,11,19,18,15,22,11,11,19,12,10,22,2,0,0,1,3,6,2,6,1,1,40,52
"9879",12,13,11,19,18,15,22,13,11,19,18,15,22,1,3,0,NA,0,0,0,0,0,0,40,52
"9880",0,0,0,0,0,0,0,0,0,0,0,0,0,0,0,0,0,0,0,0,0,0,0,0,0
"9881",1,6,1,1,1,1,6,1,1,1,1,1,1,5,3,5,3,5,0,5,5,1,3,5,5
"9882",2,9,1,1,7,1,13,6,1,1,1,1,6,3,0,0,6,6,4,3,6,1,1,8,18
"9883",3,14,7,1,11,1,13,9,1,1,7,1,13,6,4,0,4,0,0,6,4,2,1,19,22
"9884",4,14,7,2,11,9,13,14,7,1,11,1,13,6,1,1,6,1,0,1,6,3,2,20,30
"9885",5,14,8,2,11,12,13,14,7,2,11,9,13,1,0,0,1,2,3,1,3,2,2,21,33
"9886",6,14,10,2,11,13,13,14,8,2,11,12,13,1,2,0,1,0,0,2,1,2,2,23,34
"9887",7,14,10,4,17,14,13,14,10,2,11,13,13,6,2,2,6,2,0,2,6,3,1,25,41
"9888",8,16,10,4,17,14,16,14,10,4,17,14,13,2,0,0,3,4,3,2,3,1,3,27,44
"9889",9,16,14,4,17,14,19,16,10,4,17,14,16,4,3,0,3,0,0,4,3,2,3,31,47
"9890",10,20,14,4,20,20,19,16,14,4,17,14,19,6,4,5,6,5,0,4,6,1,2,35,56
"9891",11,20,19,4,21,20,19,20,14,4,20,20,19,5,0,0,1,5,4,5,1,2,1,40,57
"9892",12,20,19,4,21,20,19,20,19,4,21,20,19,5,4,0,NA,0,0,0,0,0,0,40,57
"9893",0,0,0,0,0,0,0,0,0,0,0,0,0,0,0,0,0,0,0,0,0,0,0,0,0
"9894",1,1,3,1,7,1,12,1,1,1,1,1,1,6,1,2,6,1,0,2,6,2,1,2,17
"9895",2,1,4,1,12,1,12,1,3,1,7,1,12,1,0,0,3,1,5,1,5,2,1,3,22
"9896",3,4,4,1,12,2,12,1,4,1,12,1,12,3,1,0,1,0,0,3,1,1,2,6,23
"9897",4,4,7,1,14,14,12,4,4,1,12,2,12,6,4,3,6,4,0,3,6,2,2,9,37
"9898",5,4,11,1,14,14,17,4,7,1,14,14,12,4,0,0,1,5,5,4,5,2,3,13,42
"9899",6,4,11,6,15,14,17,4,11,1,14,14,17,1,5,0,1,0,0,5,1,3,1,18,43
"9900",7,4,16,6,16,14,17,4,11,6,15,14,17,1,5,5,1,5,0,5,1,2,1,23,44
"9901",8,9,16,6,16,17,17,4,16,6,16,14,17,5,0,0,2,3,6,5,3,1,2,28,47
"9902",9,9,16,8,16,17,25,9,16,6,16,17,17,2,6,0,6,0,0,2,6,3,3,30,55
"9903",10,14,16,8,18,17,25,9,16,8,16,17,25,2,5,2,2,2,0,5,2,1,1,35,57
"9904",11,14,18,8,19,17,25,14,16,8,18,17,25,2,0,0,1,6,2,2,1,2,1,37,58
"9905",12,14,18,8,19,17,25,14,18,8,19,17,25,6,2,0,NA,0,0,0,0,0,0,37,58
"9906",0,0,0,0,0,0,0,0,0,0,0,0,0,0,0,0,0,0,0,0,0,0,0,0,0
"9907",1,1,6,1,1,3,1,1,1,1,1,1,1,2,2,5,2,2,0,5,2,2,2,5,2
"9908",2,1,6,3,1,8,1,1,6,1,1,3,1,2,0,0,3,5,6,2,5,3,2,7,7
"9909",3,7,6,8,1,8,4,1,6,3,1,8,1,3,6,0,3,0,0,6,3,1,3,18,10
"9910",4,18,6,8,1,8,6,7,6,8,1,8,4,4,6,2,4,2,0,6,2,1,3,29,12
"9911",5,18,6,12,1,12,6,18,6,8,1,8,6,4,0,0,4,2,4,4,4,3,2,33,16
"9912",6,18,10,12,3,12,6,18,6,12,1,12,6,2,4,0,2,0,0,4,2,2,1,37,18
"9913",7,18,10,14,3,13,6,18,10,12,3,12,6,2,1,4,1,4,0,2,1,3,2,39,19
"9914",8,18,14,14,3,17,6,18,10,14,3,13,6,4,0,0,4,3,3,4,4,2,2,43,23
"9915",9,18,14,17,6,17,6,18,14,14,3,17,6,3,3,0,3,0,0,3,3,3,1,46,26
"9916",10,18,19,17,6,21,6,18,14,17,6,17,6,4,5,2,4,2,0,5,4,2,2,51,30
"9917",11,18,21,17,6,28,6,18,19,17,6,21,6,2,0,0,4,1,6,2,6,2,2,53,37
"9918",12,18,21,17,6,28,6,18,21,17,6,28,6,4,1,0,NA,0,0,0,0,0,0,53,37
"9919",0,0,0,0,0,0,0,0,0,0,0,0,0,0,0,0,0,0,0,0,0,0,0,0,0
"9920",1,4,1,1,1,7,12,1,1,1,1,1,1,6,3,1,6,1,0,3,6,1,3,3,17
"9921",2,5,1,1,1,12,12,4,1,1,1,7,12,1,0,0,1,5,6,1,5,1,2,4,22
"9922",3,14,1,1,1,12,13,5,1,1,1,12,12,1,6,0,1,0,0,6,1,1,3,13,23
"9923",4,27,1,1,1,12,16,14,1,1,1,12,13,4,6,3,4,3,0,6,3,1,3,26,26
"9924",5,27,5,1,1,17,16,27,1,1,1,12,16,4,0,0,5,3,5,4,5,2,2,30,31
"9925",6,32,5,1,1,20,16,27,5,1,1,17,16,3,5,0,3,0,0,5,3,1,2,35,34
"9926",7,32,14,2,1,1,21,32,5,1,1,20,16,4,5,1,4,5,0,1,5,3,3,45,20
"9927",8,36,14,2,1,1,25,32,14,2,1,1,21,4,0,0,4,6,2,4,4,1,3,49,24
"9928",9,36,19,8,1,3,25,36,14,2,1,1,25,6,2,0,2,0,0,6,2,3,2,60,26
"9929",10,36,19,9,5,3,25,36,19,8,1,3,25,1,4,6,4,6,0,1,4,3,1,61,30
"9930",11,37,25,15,5,3,26,36,19,9,5,3,25,6,0,0,1,2,1,6,1,3,3,74,31
"9931",12,37,25,15,5,3,26,37,25,15,5,3,26,2,1,0,NA,0,0,0,0,0,0,74,31
"9932",0,0,0,0,0,0,0,0,0,0,0,0,0,0,0,0,0,0,0,0,0,0,0,0,0
"9933",1,6,1,1,1,1,3,1,1,1,1,1,1,5,2,2,2,2,0,5,2,1,3,5,2
"9934",2,6,1,3,8,1,3,6,1,1,1,1,3,2,0,0,6,6,2,2,6,3,1,7,9
"9935",3,6,1,12,10,1,3,6,1,3,8,1,3,6,2,0,2,0,0,6,2,3,1,16,11
"9936",4,6,2,12,13,1,3,6,1,12,10,1,3,3,3,1,3,3,0,1,3,2,1,17,14
"9937",5,6,5,12,13,1,4,6,2,12,13,1,3,3,0,0,2,1,1,3,1,2,3,20,15
"9938",6,6,7,12,13,2,4,6,5,12,13,1,4,2,1,0,1,0,0,2,1,2,2,22,16
"9939",7,12,11,12,13,2,7,6,7,12,13,2,4,6,3,1,3,1,0,6,3,1,3,32,19
"9940",8,12,11,13,13,4,7,12,11,12,13,2,7,1,0,0,2,1,1,1,2,3,2,33,21
"9941",9,12,11,14,14,4,7,12,11,13,13,4,7,1,1,0,1,0,0,1,1,3,1,34,22
"9942",10,12,16,14,14,4,10,12,11,14,14,4,7,5,3,3,3,3,0,5,3,2,3,39,25
"9943",11,15,16,14,17,4,10,12,16,14,14,4,10,3,0,0,3,1,4,3,3,1,1,42,28
"9944",12,15,16,14,17,4,10,15,16,14,17,4,10,1,4,0,NA,0,0,0,0,0,0,42,28
"9945",0,0,0,0,0,0,0,0,0,0,0,0,0,0,0,0,0,0,0,0,0,0,0,0,0
"9946",1,3,1,7,1,1,4,1,1,1,1,1,1,3,3,6,3,3,0,6,3,3,3,8,3
"9947",2,6,1,7,1,9,4,3,1,7,1,1,4,3,0,0,2,4,6,3,6,1,2,11,11
"9948",3,6,5,7,1,11,4,6,1,7,1,9,4,2,4,0,2,0,0,4,2,2,2,15,13
"9949",4,6,10,7,1,16,4,6,5,7,1,11,4,5,5,5,5,5,0,5,5,2,2,20,18
"9950",5,6,15,7,1,16,7,6,10,7,1,16,4,5,0,0,6,3,4,5,3,2,3,25,21
"9951",6,6,24,7,5,16,7,6,15,7,1,16,7,6,4,0,4,0,0,6,4,2,1,34,25
"9952",7,6,24,8,5,21,7,6,24,7,5,16,7,4,5,1,4,5,0,1,5,3,2,35,30
"9953",8,10,24,8,5,27,9,6,24,8,5,21,7,4,0,0,6,6,6,4,6,1,2,39,38
"9954",9,10,34,8,7,27,15,10,24,8,5,27,9,6,6,0,6,0,0,6,6,2,3,49,46
"9955",10,12,39,8,8,39,15,10,34,8,7,27,15,6,1,5,6,1,0,5,6,2,2,94,97
"9956",11,12,39,9,10,39,15,12,39,8,8,39,15,1,0,0,2,4,1,1,2,3,1,95,99
"9957",12,12,39,9,10,39,15,12,39,9,10,39,15,4,1,0,NA,0,0,0,0,0,0,95,99
"9958",0,0,0,0,0,0,0,0,0,0,0,0,0,0,0,0,0,0,0,0,0,0,0,0,0
"9959",1,4,7,1,1,1,4,1,1,1,1,1,1,3,6,2,3,2,0,6,3,2,3,9,3
"9960",2,4,9,1,1,9,4,4,7,1,1,1,4,2,0,0,3,2,6,2,6,2,2,11,11
"9961",3,4,9,4,3,9,4,4,9,1,1,9,4,3,2,0,2,0,0,3,2,3,1,14,13
"9962",4,4,16,4,3,9,6,4,9,4,3,9,4,2,1,6,2,1,0,6,2,2,3,21,15
"9963",5,5,16,4,7,9,6,4,16,4,3,9,6,1,0,0,4,3,4,1,4,1,1,22,19
"9964",6,9,16,4,7,9,9,5,16,4,7,9,6,3,4,0,3,0,0,4,3,1,3,26,22
"9965",7,13,16,4,7,9,13,9,16,4,7,9,9,4,2,4,2,4,0,4,4,1,3,30,26
"9966",8,15,16,4,7,9,18,13,16,4,7,9,13,2,0,0,2,4,5,2,5,1,3,32,31
"9967",9,15,16,8,9,9,18,15,16,4,7,9,18,2,4,0,2,0,0,4,2,3,1,36,33
"9968",10,20,16,8,9,9,22,15,16,8,9,9,18,4,5,1,4,1,0,5,4,1,3,41,37
"9969",11,20,17,8,10,9,22,20,16,8,9,9,22,1,0,0,1,1,2,1,1,2,1,42,38
"9970",12,20,17,8,10,9,22,20,17,8,10,9,22,1,2,0,NA,0,0,0,0,0,0,42,38
"9971",0,0,0,0,0,0,0,0,0,0,0,0,0,0,0,0,0,0,0,0,0,0,0,0,0
"9972",1,4,1,7,1,1,5,1,1,1,1,1,1,4,4,6,4,4,0,6,4,3,3,9,4
"9973",2,4,5,7,1,1,10,4,1,7,1,1,5,4,0,0,1,2,5,4,5,2,3,13,9
"9974",3,4,7,7,2,1,10,4,5,7,1,1,10,1,2,0,1,0,0,2,1,2,1,15,10
"9975",4,4,7,9,2,5,10,4,7,7,2,1,10,2,2,4,2,4,0,2,4,3,2,17,14
"9976",5,6,7,9,11,5,10,4,7,9,2,5,10,2,0,0,4,4,6,2,6,1,1,19,23
"9977",6,10,7,9,11,5,14,6,7,9,11,5,10,4,4,0,4,0,0,4,4,1,3,23,27
"9978",7,10,12,9,15,5,14,10,7,9,11,5,14,4,2,5,4,2,0,5,4,2,1,28,31
"9979",8,10,12,11,15,12,14,10,12,9,15,5,14,2,0,0,5,6,2,2,6,3,2,30,38
"9980",9,10,12,16,15,12,16,10,12,11,15,12,14,5,2,0,2,0,0,5,2,3,3,35,40
"9981",10,14,12,16,15,16,16,10,12,16,15,12,16,4,1,4,1,4,0,4,4,1,2,39,44
"9982",11,15,12,16,25,16,16,14,12,16,15,16,16,1,0,0,4,3,6,1,6,1,1,40,54
"9983",12,15,12,16,25,16,16,15,12,16,25,16,16,4,3,0,NA,0,0,0,0,0,0,40,54
"9984",0,0,0,0,0,0,0,0,0,0,0,0,0,0,0,0,0,0,0,0,0,0,0,0,0
"9985",1,6,13,1,5,7,1,1,1,1,1,1,1,2,6,6,2,6,0,6,6,2,2,17,10
"9986",2,8,13,1,9,7,1,6,13,1,5,7,1,2,0,0,4,2,1,2,4,1,1,19,14
"9987",3,10,13,1,10,7,1,8,13,1,9,7,1,2,1,0,1,0,0,2,1,1,1,21,15
"9988",4,15,13,1,10,12,1,10,13,1,10,7,1,1,5,5,1,5,0,5,5,1,2,26,20
"9989",5,15,13,2,15,12,1,15,13,1,10,12,1,1,0,0,2,5,4,1,5,3,1,27,25
"9990",6,19,13,2,17,12,1,15,13,2,15,12,1,2,4,0,2,0,0,4,2,1,1,31,27
"9991",7,31,13,2,19,1,1,19,13,2,17,12,1,6,1,2,1,2,0,6,2,1,1,43,18
"9992",8,32,13,2,23,1,1,31,13,2,19,1,1,1,0,0,3,4,1,1,4,1,1,44,22
"9993",9,38,22,5,2,1,1,32,13,2,23,1,1,3,1,0,1,0,0,3,1,3,1,62,1
"9994",10,38,1,5,8,1,1,38,22,5,2,1,1,2,4,1,4,1,0,2,4,2,1,41,7
"9995",11,39,6,5,13,1,1,38,1,5,8,1,1,1,0,0,5,4,1,1,5,1,1,85,12
"9996",12,39,6,5,13,1,1,39,6,5,13,1,1,4,1,0,NA,0,0,0,0,0,0,85,12
"9997",0,0,0,0,0,0,0,0,0,0,0,0,0,0,0,0,0,0,0,0,0,0,0,0,0
"9998",1,6,1,1,1,1,3,1,1,1,1,1,1,2,5,2,2,2,0,5,2,1,3,5,2
"9999",2,6,1,3,6,1,3,6,1,1,1,1,3,2,0,0,5,6,4,2,5,3,1,7,7
"10000",3,6,3,9,6,1,7,6,1,3,6,1,3,6,4,0,4,0,0,6,4,3,3,15,11
"10001",4,6,7,9,6,4,7,6,3,9,6,1,7,1,4,3,1,3,0,4,3,2,2,19,14
"10002",5,7,7,9,6,8,13,6,7,9,6,4,7,1,0,0,2,6,5,1,6,1,3,20,24
"10003",6,7,7,14,8,8,13,7,7,9,6,8,13,2,5,0,2,0,0,5,2,3,1,25,26
"10004",7,7,7,17,8,10,13,7,7,14,8,8,13,2,1,3,2,1,0,3,2,3,2,28,28
"10005",8,8,7,17,8,16,17,7,7,17,8,10,13,1,0,0,3,6,1,1,6,1,2,29,38
"10006",9,8,7,20,9,16,17,8,7,17,8,16,17,3,1,0,1,0,0,3,1,3,1,32,39
"10007",10,12,7,27,7,19,17,8,7,20,9,16,17,6,6,1,6,1,0,6,6,3,1,43,40
"10008",11,12,7,28,7,19,21,12,7,27,7,19,17,1,0,0,2,1,4,1,4,3,3,44,44
"10009",12,12,7,28,7,19,21,12,7,28,7,19,21,2,1,0,NA,0,0,0,0,0,0,44,44
"10010",0,0,0,0,0,0,0,0,0,0,0,0,0,0,0,0,0,0,0,0,0,0,0,0,0
"10011",1,1,6,1,1,1,4,1,1,1,1,1,1,5,1,3,1,3,0,5,3,2,3,5,3
"10012",2,2,6,1,7,9,4,1,6,1,1,1,4,1,0,0,4,3,6,1,6,1,1,6,17
"10013",3,2,9,1,7,13,4,2,6,1,7,9,4,4,3,0,4,0,0,3,4,2,2,9,21
"10014",4,2,10,7,13,13,7,2,9,1,7,13,4,6,1,6,1,6,0,6,6,3,1,16,30
"10015",5,2,11,7,13,13,11,2,10,7,13,13,7,1,0,0,4,3,2,1,4,2,3,17,34
"10016",6,2,13,7,16,13,11,2,11,7,13,13,11,3,2,0,3,0,0,2,3,2,1,19,37
"10017",7,2,13,9,16,13,16,2,13,7,16,13,11,5,3,2,5,3,0,2,5,3,3,21,42
"10018",8,2,16,9,16,24,16,2,13,9,16,13,16,3,0,0,6,5,4,3,6,2,2,24,53
"10019",9,6,16,12,16,1,21,2,16,9,16,24,16,5,4,0,5,0,0,4,5,1,3,31,35
"10020",10,10,16,12,22,1,24,6,16,12,16,1,21,1,4,6,1,6,0,4,6,1,1,35,44
"10021",11,10,17,12,23,1,24,10,16,12,22,1,24,1,0,0,1,2,2,1,1,2,1,36,45
"10022",12,10,17,12,23,1,24,10,17,12,23,1,24,2,2,0,NA,0,0,0,0,0,0,36,45
"10023",0,0,0,0,0,0,0,0,0,0,0,0,0,0,0,0,0,0,0,0,0,0,0,0,0
"10024",1,1,5,1,1,4,1,1,1,1,1,1,1,3,4,1,3,1,0,4,3,2,2,4,3
"10025",2,1,6,1,4,4,7,1,5,1,1,4,1,1,0,0,3,2,6,1,6,2,3,5,12
"10026",3,4,6,1,4,6,7,1,6,1,4,4,7,3,2,0,2,0,0,3,2,1,2,8,14
"10027",4,4,9,1,4,8,7,4,6,1,4,6,7,2,2,3,2,2,0,3,2,2,2,11,16
"10028",5,6,9,1,4,8,8,4,9,1,4,8,7,2,0,0,1,2,3,2,1,1,3,13,17
"10029",6,6,9,4,6,8,8,6,9,1,4,8,8,2,3,0,2,0,0,3,2,3,1,16,19
"10030",7,6,14,4,15,8,8,6,9,4,6,8,8,5,2,6,2,6,0,5,6,2,1,21,28
"10031",8,6,16,4,19,14,8,6,14,4,15,8,8,2,0,0,3,6,2,2,6,2,2,23,38
"10032",9,6,19,4,21,14,8,6,16,4,19,14,8,3,2,0,2,0,0,3,2,2,1,26,40
"10033",10,6,31,4,21,20,12,6,19,4,21,14,8,6,6,2,6,2,0,6,6,2,2,38,50
"10034",11,1,31,4,29,20,12,6,31,4,21,20,12,2,0,0,5,5,2,2,5,1,1,33,58
"10035",12,1,31,4,29,20,12,1,31,4,29,20,12,5,2,0,NA,0,0,0,0,0,0,33,58
"10036",0,0,0,0,0,0,0,0,0,0,0,0,0,0,0,0,0,0,0,0,0,0,0,0,0
"10037",1,5,7,1,1,5,1,1,1,1,1,1,1,6,1,4,1,4,0,6,4,2,2,10,4
"10038",2,5,8,1,4,5,1,5,7,1,1,5,1,1,0,0,3,5,3,1,3,2,1,11,7
"10039",3,10,8,1,4,8,1,5,8,1,4,5,1,5,3,0,3,0,0,5,3,1,2,16,10
"10040",4,10,12,7,4,11,1,10,8,1,4,8,1,3,3,6,3,3,0,6,3,3,2,26,13
"10041",5,13,12,7,4,15,1,10,12,7,4,11,1,3,0,0,4,3,6,3,4,1,2,29,17
"10042",6,16,12,13,4,18,1,13,12,7,4,15,1,3,6,0,3,0,0,6,3,3,2,38,20
"10043",7,16,16,13,4,21,1,16,12,13,4,18,1,4,3,5,3,5,0,4,3,2,2,42,23
"10044",8,1,16,13,4,24,3,16,16,13,4,21,1,5,0,0,1,2,1,5,2,1,3,27,28
"10045",9,2,16,13,4,25,3,1,16,13,4,24,3,1,1,0,1,0,0,1,1,1,2,28,29
"10046",10,4,16,13,7,25,3,2,16,13,4,25,3,2,3,1,3,1,0,2,3,1,1,30,32
"10047",11,5,16,13,11,25,3,4,16,13,7,25,3,1,0,0,4,3,3,1,4,1,1,31,36
"10048",12,5,16,13,11,25,3,5,16,13,11,25,3,3,3,0,NA,0,0,0,0,0,0,31,36
"10049",0,0,0,0,0,0,0,0,0,0,0,0,0,0,0,0,0,0,0,0,0,0,0,0,0
"10050",1,1,1,6,1,1,6,1,1,1,1,1,1,5,2,5,2,5,0,5,5,3,3,5,5
"10051",2,1,3,6,3,1,6,1,1,6,1,1,6,2,0,0,1,2,3,2,2,2,1,7,7
"10052",3,4,3,6,3,1,7,1,3,6,3,1,6,1,3,0,1,0,0,3,1,1,3,10,8
"10053",4,4,8,6,7,1,7,4,3,6,3,1,7,4,1,5,4,1,0,5,4,2,1,15,12
"10054",5,4,9,6,7,4,7,4,8,6,7,1,7,1,0,0,3,2,1,1,3,2,2,16,15
"10055",6,4,9,8,7,5,7,4,9,6,7,4,7,2,1,0,1,0,0,2,1,3,2,18,16
"10056",7,4,14,8,11,5,7,4,9,8,7,5,7,5,1,4,1,4,0,5,4,2,1,23,20
"10057",8,5,14,8,11,5,12,4,14,8,11,5,7,1,0,0,3,5,4,1,5,1,3,24,25
"10058",9,9,14,8,11,8,12,5,14,8,11,5,12,3,4,0,3,0,0,4,3,1,2,28,28
"10059",10,15,20,13,11,8,16,9,14,8,11,8,12,6,2,4,2,4,0,6,4,2,3,45,32
"10060",11,17,20,13,11,8,19,15,20,13,11,8,16,2,0,0,1,6,3,2,3,1,3,47,35
"10061",12,17,20,13,11,8,19,17,20,13,11,8,19,1,6,0,NA,0,0,0,0,0,0,47,35
"10062",0,0,0,0,0,0,0,0,0,0,0,0,0,0,0,0,0,0,0,0,0,0,0,0,0
"10063",1,1,1,4,1,2,1,1,1,1,1,1,1,1,3,1,1,1,0,3,1,3,2,3,1
"10064",2,1,2,4,1,4,1,1,1,4,1,2,1,1,0,0,1,2,2,1,2,2,2,4,3
"10065",3,1,4,4,1,4,2,1,2,4,1,4,1,1,2,0,1,0,0,2,1,2,3,6,4
"10066",4,2,4,4,4,4,2,1,4,4,1,4,2,1,1,3,1,3,0,1,3,1,1,7,7
"10067",5,2,5,4,10,8,2,2,4,4,4,4,2,1,0,0,4,1,6,1,6,2,1,8,17
"10068",6,6,5,4,10,8,3,2,5,4,10,8,2,4,1,0,1,0,0,4,1,1,3,12,18
"10069",7,6,9,4,10,8,5,6,5,4,10,8,3,2,4,1,2,1,0,4,2,2,3,16,20
"10070",8,6,10,4,10,8,10,6,9,4,10,8,5,1,0,0,2,5,5,1,5,2,3,17,25
"10071",9,11,10,4,10,10,10,6,10,4,10,8,10,2,5,0,2,0,0,5,2,1,2,22,27
"10072",10,13,10,4,10,16,12,11,10,4,10,10,10,6,2,3,6,3,0,2,6,1,2,24,35
"10073",11,16,10,4,13,16,12,13,10,4,10,16,12,3,0,0,3,4,5,3,3,1,1,27,38
"10074",12,16,10,4,13,16,12,16,10,4,13,16,12,4,5,0,NA,0,0,0,0,0,0,27,38
"10075",0,0,0,0,0,0,0,0,0,0,0,0,0,0,0,0,0,0,0,0,0,0,0,0,0
"10076",1,1,1,4,1,6,1,1,1,1,1,1,1,2,5,3,2,5,0,3,5,3,2,3,5
"10077",2,1,3,4,1,6,6,1,1,4,1,6,1,2,0,0,4,5,1,2,5,2,3,5,10
"10078",3,1,7,4,1,7,6,1,3,4,1,6,6,4,1,0,1,0,0,4,1,2,2,9,11
"10079",4,1,12,4,5,7,6,1,7,4,1,7,6,5,2,4,2,4,0,5,4,2,1,14,15
"10080",5,1,14,4,5,10,6,1,12,4,5,7,6,2,0,0,1,1,3,2,3,2,2,16,18
"10081",6,1,14,5,6,10,6,1,14,4,5,10,6,1,1,0,1,0,0,1,1,3,1,17,19
"10082",7,1,16,5,6,13,6,1,14,5,6,10,6,2,2,3,2,3,0,2,3,2,2,19,22
"10083",8,1,16,7,6,13,11,1,16,5,6,13,6,2,0,0,5,5,1,2,5,3,3,21,27
"10084",9,1,16,12,6,14,11,1,16,7,6,13,11,5,1,0,1,0,0,5,1,3,2,26,28
"10085",10,7,21,12,12,14,18,1,16,12,6,14,11,6,6,3,6,3,0,6,6,1,1,37,41
"10086",11,10,21,12,16,14,18,7,21,12,12,14,18,3,0,0,4,5,3,3,4,1,1,40,45
"10087",12,10,21,12,16,14,18,10,21,12,16,14,18,5,3,0,NA,0,0,0,0,0,0,40,45
"10088",0,0,0,0,0,0,0,0,0,0,0,0,0,0,0,0,0,0,0,0,0,0,0,0,0
"10089",1,2,7,1,4,1,1,1,1,1,1,1,1,2,6,3,2,3,0,6,3,2,1,7,3
"10090",2,2,9,1,4,1,5,2,7,1,4,1,1,2,0,0,4,3,3,2,4,2,3,9,7
"10091",3,2,9,4,4,1,8,2,9,1,4,1,5,3,3,0,3,0,0,3,3,3,3,12,10
"10092",4,2,14,4,4,5,8,2,9,4,4,1,8,5,4,1,4,1,0,5,4,2,2,17,14
"10093",5,2,15,4,8,5,8,2,14,4,4,5,8,1,0,0,6,4,1,1,4,2,1,18,18
"10094",6,8,21,5,8,6,8,2,15,4,8,5,8,6,1,0,1,0,0,6,1,2,2,31,19
"10095",7,13,21,5,11,6,8,8,21,5,8,6,8,4,3,5,4,3,0,5,3,1,1,36,22
"10096",8,13,21,9,11,6,13,13,21,5,11,6,8,4,0,0,5,4,5,4,5,3,3,40,27
"10097",9,17,21,9,11,6,18,13,21,9,11,6,13,4,5,0,5,0,0,4,5,1,3,44,32
"10098",10,17,21,13,11,6,20,17,21,9,11,6,18,2,4,5,2,5,0,4,2,3,3,48,34
"10099",11,22,21,13,11,6,27,17,21,13,11,6,20,5,0,0,5,2,6,5,6,1,3,53,41
"10100",12,22,21,13,11,6,27,22,21,13,11,6,27,5,2,0,NA,0,0,0,0,0,0,53,41
"10101",0,0,0,0,0,0,0,0,0,0,0,0,0,0,0,0,0,0,0,0,0,0,0,0,0
"10102",1,1,1,5,1,1,4,1,1,1,1,1,1,3,3,4,3,3,0,4,3,3,3,4,3
"10103",2,4,1,5,7,5,4,1,1,5,1,1,4,3,0,0,6,4,1,3,6,1,1,7,13
"10104",3,4,5,5,7,5,5,4,1,5,7,5,4,4,1,0,1,0,0,4,1,2,3,11,14
"10105",4,4,16,5,11,5,5,4,5,5,7,5,5,2,6,4,2,4,0,6,4,2,1,22,18
"10106",5,6,16,5,11,11,6,4,16,5,11,5,5,2,0,0,1,6,6,2,6,1,2,24,25
"10107",6,12,22,6,11,12,6,6,16,5,11,11,6,1,6,0,1,0,0,6,1,1,2,37,26
"10108",7,12,22,15,11,16,6,12,22,6,11,12,6,4,6,3,4,3,0,6,4,3,2,46,30
"10109",8,15,22,15,11,20,6,12,22,15,11,16,6,3,0,0,3,5,4,3,4,1,2,49,34
"10110",9,18,22,15,16,20,6,15,22,15,11,20,6,3,5,0,5,0,0,3,5,1,1,52,39
"10111",10,22,22,15,18,20,6,18,22,15,16,20,6,2,4,2,2,2,0,4,2,1,1,56,41
"10112",11,22,22,17,21,20,6,22,22,15,18,20,6,2,0,0,3,4,6,2,3,3,1,58,44
"10113",12,22,22,17,21,20,6,22,22,17,21,20,6,4,6,0,NA,0,0,0,0,0,0,58,44
"10114",0,0,0,0,0,0,0,0,0,0,0,0,0,0,0,0,0,0,0,0,0,0,0,0,0
"10115",1,4,1,1,1,1,5,1,1,1,1,1,1,3,4,1,4,1,0,3,4,1,3,3,4
"10116",2,4,1,2,1,13,10,4,1,1,1,1,5,1,0,0,6,2,3,1,6,3,2,4,21
"10117",3,7,1,2,3,13,10,4,1,2,1,13,10,2,3,0,2,0,0,3,2,1,1,7,23
"10118",4,7,4,2,3,13,15,7,1,2,3,13,10,3,5,5,5,5,0,3,5,2,3,10,28
"10119",5,12,4,2,4,13,15,7,4,2,3,13,15,5,0,0,1,3,1,5,1,1,1,15,29
"10120",6,12,4,5,5,13,15,12,4,2,4,13,15,3,1,0,1,0,0,3,1,3,1,18,30
"10121",7,15,4,5,16,13,15,12,4,5,5,13,15,3,6,3,6,3,0,3,6,1,1,21,41
"10122",8,18,4,5,16,13,17,15,4,5,16,13,15,3,0,0,3,2,6,3,2,1,3,24,43
"10123",9,20,4,11,16,13,20,18,4,5,16,13,17,3,6,0,3,0,0,6,3,3,3,32,46
"10124",10,21,4,11,16,15,20,20,4,11,16,13,20,2,1,1,2,1,0,1,2,1,2,33,48
"10125",11,22,4,11,19,15,20,21,4,11,16,15,20,1,0,0,3,5,2,1,3,1,1,34,51
"10126",12,22,4,11,19,15,20,22,4,11,19,15,20,5,2,0,NA,0,0,0,0,0,0,34,51
"10127",0,0,0,0,0,0,0,0,0,0,0,0,0,0,0,0,0,0,0,0,0,0,0,0,0
"10128",1,1,1,11,1,8,1,1,1,1,1,1,1,2,6,6,2,6,0,6,6,3,2,10,7
"10129",2,1,3,11,1,17,1,1,1,11,1,8,1,2,0,0,5,6,2,2,6,2,2,12,16
"10130",3,1,8,11,1,17,3,1,3,11,1,17,1,5,2,0,2,0,0,5,2,2,3,17,18
"10131",4,1,8,16,7,18,3,1,8,11,1,17,3,6,5,4,6,4,0,5,6,3,1,22,25
"10132",5,1,12,16,7,20,3,1,8,16,7,18,3,4,0,0,2,2,3,4,2,2,2,26,27
"10133",6,1,12,19,7,22,3,1,12,16,7,20,3,2,3,0,2,0,0,3,2,3,2,29,29
"10134",7,8,12,19,16,1,3,1,12,19,7,22,3,3,6,4,6,4,0,3,6,1,1,36,17
"10135",8,12,12,19,20,1,3,8,12,19,16,1,3,4,0,0,2,2,4,4,4,1,1,40,21
"10136",9,12,14,19,22,1,3,12,12,19,20,1,3,2,2,0,2,0,0,2,2,2,1,42,23
"10137",10,18,19,19,27,1,3,12,14,19,22,1,3,6,5,1,5,1,0,6,5,1,1,53,28
"10138",11,19,19,19,33,1,5,18,19,19,27,1,3,1,0,0,6,5,3,1,6,1,1,54,36
"10139",12,19,19,19,33,1,5,19,19,19,33,1,5,5,3,0,NA,0,0,0,0,0,0,54,36
"10140",0,0,0,0,0,0,0,0,0,0,0,0,0,0,0,0,0,0,0,0,0,0,0,0,0
"10141",1,4,1,1,1,5,1,1,1,1,1,1,1,3,4,3,4,3,0,3,4,1,2,3,4
"10142",2,4,1,4,4,5,1,4,1,1,1,5,1,3,0,0,3,1,4,3,3,3,1,6,7
"10143",3,4,1,8,4,5,2,4,1,4,4,5,1,1,4,0,1,0,0,4,1,3,3,10,8
"10144",4,4,1,13,4,8,2,4,1,8,4,5,2,5,3,3,3,3,0,5,3,3,2,15,11
"10145",5,7,1,13,8,8,2,4,1,13,4,8,2,3,0,0,4,2,5,3,4,1,1,18,15
"10146",6,12,1,13,8,8,4,7,1,13,8,8,2,2,5,0,2,0,0,5,2,1,3,23,17
"10147",7,12,1,17,10,8,4,12,1,13,8,8,4,2,1,4,2,1,0,4,2,3,1,27,19
"10148",8,13,1,17,15,8,4,12,1,17,10,8,4,1,0,0,5,2,1,1,5,1,1,28,24
"10149",9,13,3,17,16,8,4,13,1,17,15,8,4,2,1,0,1,0,0,2,1,2,1,30,25
"10150",10,13,6,17,16,8,6,13,3,17,16,8,4,2,3,1,2,1,0,3,2,2,3,33,27
"10151",11,14,6,17,18,8,6,13,6,17,16,8,6,1,0,0,2,6,1,1,2,1,1,34,29
"10152",12,14,6,17,18,8,6,14,6,17,18,8,6,6,1,0,NA,0,0,0,0,0,0,34,29
"10153",0,0,0,0,0,0,0,0,0,0,0,0,0,0,0,0,0,0,0,0,0,0,0,0,0
"10154",1,1,1,11,1,1,5,1,1,1,1,1,1,4,6,3,4,3,0,6,4,3,3,10,4
"10155",2,1,1,14,1,1,9,1,1,11,1,1,5,3,0,0,1,4,4,3,4,3,3,13,8
"10156",3,5,1,14,1,2,9,1,1,14,1,1,9,1,4,0,1,0,0,4,1,1,2,17,9
"10157",4,5,2,14,5,2,15,5,1,14,1,2,9,1,6,4,6,4,0,1,6,2,3,18,19
"10158",5,5,2,18,5,5,15,5,2,14,5,2,15,4,0,0,5,3,6,4,3,3,2,22,22
"10159",6,10,2,18,16,5,15,5,2,18,5,5,15,5,6,0,6,0,0,5,6,1,1,27,33
"10160",7,10,2,20,16,5,16,10,2,18,16,5,15,2,1,1,1,1,0,2,1,3,3,29,34
"10161",8,11,2,20,16,10,16,10,2,20,16,5,16,1,0,0,5,1,5,1,5,1,2,30,39
"10162",9,16,2,20,16,11,16,11,2,20,16,10,16,1,5,0,1,0,0,5,1,1,2,35,40
"10163",10,21,8,20,24,11,22,16,2,20,16,11,16,6,6,5,6,5,0,6,6,2,3,46,54
"10164",11,21,8,25,28,23,22,21,8,20,24,11,22,5,0,0,4,3,6,5,6,3,2,51,70
"10165",12,21,8,25,28,23,22,21,8,25,28,23,22,4,3,0,NA,0,0,0,0,0,0,51,70
"10166",0,0,0,0,0,0,0,0,0,0,0,0,0,0,0,0,0,0,0,0,0,0,0,0,0
"10167",1,2,1,7,4,1,1,1,1,1,1,1,1,3,1,6,3,1,0,6,3,3,1,7,3
"10168",2,2,2,7,6,1,1,2,1,7,4,1,1,1,0,0,2,1,1,1,2,2,1,8,5
"10169",3,2,3,7,7,1,1,2,2,7,6,1,1,1,1,0,1,0,0,1,1,2,1,9,6
"10170",4,7,3,7,7,1,6,2,3,7,7,1,1,5,3,5,3,5,0,5,5,1,3,14,11
"10171",5,7,6,7,7,8,6,7,3,7,7,1,6,3,0,0,6,1,6,3,6,2,2,17,18
"10172",6,7,11,13,8,8,6,7,6,7,7,8,6,1,6,0,1,0,0,6,1,3,1,28,19
"10173",7,7,11,17,8,8,10,7,11,13,8,8,6,2,4,4,2,4,0,4,4,3,3,32,23
"10174",8,9,11,17,8,12,10,7,11,17,8,8,10,2,0,0,1,1,4,2,4,1,2,34,27
"10175",9,9,11,18,9,12,10,9,11,17,8,12,10,1,1,0,1,0,0,1,1,3,1,35,28
"10176",10,13,11,18,9,12,14,9,11,18,9,12,10,3,4,4,3,4,0,4,4,1,3,39,32
"10177",11,16,11,18,9,16,14,13,11,18,9,12,14,3,0,0,6,1,4,3,4,1,2,42,36
"10178",12,16,11,18,9,16,14,16,11,18,9,16,14,6,1,0,NA,0,0,0,0,0,0,42,36
"10179",0,0,0,0,0,0,0,0,0,0,0,0,0,0,0,0,0,0,0,0,0,0,0,0,0
"10180",1,1,1,4,1,5,1,1,1,1,1,1,1,2,4,3,2,4,0,3,4,3,2,3,4
"10181",2,1,3,4,1,5,6,1,1,4,1,5,1,2,0,0,5,2,2,2,5,2,3,5,9
"10182",3,3,3,4,1,5,8,1,3,4,1,5,6,2,2,0,2,0,0,2,2,1,3,7,11
"10183",4,3,8,4,1,5,11,3,3,4,1,5,8,3,2,5,3,2,0,5,3,2,3,12,14
"10184",5,3,8,6,1,11,12,3,8,4,1,5,11,2,0,0,3,3,6,2,6,3,2,14,21
"10185",6,3,11,6,4,11,12,3,8,6,1,11,12,3,3,0,3,0,0,3,3,2,1,17,24
"10186",7,3,17,7,4,15,12,3,11,6,4,11,12,4,6,3,4,3,0,6,4,2,2,24,28
"10187",8,6,17,7,9,15,12,3,17,7,4,15,12,3,0,0,5,3,4,3,5,1,1,27,33
"10188",9,10,17,7,12,15,12,6,17,7,9,15,12,3,4,0,3,0,0,4,3,1,1,31,36
"10189",10,10,21,7,18,18,18,10,17,7,12,15,12,4,2,6,2,6,0,4,6,2,3,35,51
"10190",11,12,21,7,24,22,18,10,21,7,18,18,18,2,0,0,6,4,1,2,6,1,1,37,61
"10191",12,12,21,7,24,22,18,12,21,7,24,22,18,4,1,0,NA,0,0,0,0,0,0,37,61
"10192",0,0,0,0,0,0,0,0,0,0,0,0,0,0,0,0,0,0,0,0,0,0,0,0,0
"10193",1,1,3,1,5,1,1,1,1,1,1,1,1,2,4,2,4,2,0,2,4,2,1,2,4
"10194",2,3,3,1,10,1,1,1,3,1,5,1,1,2,0,0,5,5,1,2,5,1,1,4,9
"10195",3,8,3,1,10,1,2,3,3,1,10,1,1,5,1,0,1,0,0,5,1,1,3,9,10
"10196",4,8,7,1,10,7,5,8,3,1,10,1,2,4,4,6,4,6,0,4,6,2,2,13,19
"10197",5,8,11,1,12,13,5,8,7,1,10,7,5,4,0,0,2,3,6,4,6,2,2,17,27
"10198",6,8,11,3,12,16,5,8,11,1,12,13,5,2,3,0,3,0,0,2,3,3,2,19,30
"10199",7,8,15,3,18,20,11,8,11,3,12,16,5,4,6,3,6,3,0,4,6,2,3,23,46
"10200",8,8,18,3,18,20,13,8,15,3,18,20,11,3,0,0,3,3,2,3,2,2,3,26,48
"10201",9,11,18,3,18,20,16,8,18,3,18,20,13,3,3,0,3,0,0,3,3,1,3,29,51
"10202",10,14,18,3,18,20,19,11,18,3,18,20,16,3,3,3,3,3,0,3,3,1,3,32,54
"10203",11,17,18,3,18,20,24,14,18,3,18,20,19,3,0,0,5,2,4,3,5,1,3,35,59
"10204",12,17,18,3,18,20,24,17,18,3,18,20,24,2,4,0,NA,0,0,0,0,0,0,35,59
"10205",0,0,0,0,0,0,0,0,0,0,0,0,0,0,0,0,0,0,0,0,0,0,0,0,0
"10206",1,5,1,1,6,1,1,1,1,1,1,1,1,2,4,5,2,5,0,4,5,1,1,4,5
"10207",2,5,3,1,6,1,5,5,1,1,6,1,1,2,0,0,4,3,2,2,4,2,3,6,9
"10208",3,8,3,1,8,1,5,5,3,1,6,1,5,3,2,0,2,0,0,3,2,1,1,9,11
"10209",4,8,9,4,8,1,16,8,3,1,8,1,5,2,6,6,2,6,0,6,6,2,3,18,22
"10210",5,8,11,1,8,1,24,8,9,4,8,1,16,2,0,0,6,5,4,2,6,2,3,17,30
"10211",6,8,11,8,8,5,1,8,11,1,8,1,24,5,4,0,4,0,0,5,4,3,2,24,11
"10212",7,8,13,14,12,5,1,8,11,8,8,5,1,4,4,6,4,4,0,6,4,3,1,32,15
"10213",8,8,17,14,13,5,1,8,13,14,12,5,1,4,0,0,4,1,2,4,1,2,1,36,16
"10214",9,8,17,16,13,9,1,8,17,14,13,5,1,4,2,0,4,0,0,2,4,3,2,38,20
"10215",10,12,17,16,14,9,1,8,17,16,13,9,1,5,1,4,5,1,0,4,1,1,1,42,21
"10216",11,17,17,16,14,9,2,12,17,16,14,9,1,5,0,0,1,5,2,5,1,1,3,47,22
"10217",12,17,17,16,14,9,2,17,17,16,14,9,2,5,2,0,NA,0,0,0,0,0,0,47,22
"10218",0,0,0,0,0,0,0,0,0,0,0,0,0,0,0,0,0,0,0,0,0,0,0,0,0
"10219",1,5,1,1,1,3,1,1,1,1,1,1,1,2,2,4,2,2,0,4,2,1,2,4,2
"10220",2,5,1,3,4,3,1,5,1,1,1,3,1,2,0,0,3,3,5,2,3,3,1,6,5
"10221",3,5,6,3,4,3,4,5,1,3,4,3,1,3,5,0,3,0,0,5,3,2,3,11,8
"10222",4,10,6,3,12,3,4,5,6,3,4,3,4,4,5,6,4,6,0,5,6,1,1,16,16
"10223",5,10,10,3,17,3,4,10,6,3,12,3,4,4,0,0,4,4,5,4,5,2,1,20,21
"10224",6,10,10,7,21,3,4,10,10,3,17,3,4,4,4,0,4,0,0,4,4,3,1,24,25
"10225",7,10,15,7,21,6,4,10,10,7,21,3,4,5,3,2,3,2,0,5,3,2,2,29,28
"10226",8,10,15,9,24,6,4,10,15,7,21,6,4,2,0,0,4,4,3,2,3,3,1,31,31
"10227",9,14,15,9,24,6,8,10,15,9,24,6,4,4,4,0,4,0,0,4,4,1,3,35,35
"10228",10,14,15,13,27,6,8,14,15,9,24,6,8,4,2,3,2,3,0,4,3,3,1,39,38
"10229",11,14,17,1,31,6,11,14,15,13,27,6,8,2,0,0,4,4,5,2,4,2,1,29,45
"10230",12,14,17,1,31,6,11,14,17,1,31,6,11,4,5,0,NA,0,0,0,0,0,0,29,45
"10231",0,0,0,0,0,0,0,0,0,0,0,0,0,0,0,0,0,0,0,0,0,0,0,0,0
"10232",1,6,1,1,1,1,4,1,1,1,1,1,1,1,3,5,1,3,0,5,3,1,3,5,3
"10233",2,7,1,1,1,3,4,6,1,1,1,1,4,1,0,0,1,2,3,1,2,1,2,6,5
"10234",3,7,1,4,2,3,4,7,1,1,1,3,4,1,3,0,1,0,0,3,1,3,1,9,6
"10235",4,7,7,8,2,5,4,7,1,4,2,3,4,2,1,6,2,1,0,6,2,2,2,19,8
"10236",5,7,8,8,4,5,4,7,7,8,2,5,4,1,0,0,6,1,2,1,2,2,1,20,10
"10237",6,9,14,8,4,6,4,7,8,8,4,5,4,6,1,0,1,0,0,6,1,2,2,28,11
"10238",7,9,14,12,7,6,4,9,14,8,4,6,4,4,3,1,3,1,0,4,3,3,1,32,14
"10239",8,10,14,12,12,6,4,9,14,12,7,6,4,1,0,0,4,4,5,1,5,1,1,33,19
"10240",9,14,14,12,16,6,4,10,14,12,12,6,4,4,4,0,4,0,0,4,4,1,1,37,23
"10241",10,18,14,12,21,6,4,14,14,12,16,6,4,4,5,6,5,6,0,4,5,1,1,41,28
"10242",11,21,14,18,26,6,4,18,14,12,21,6,4,6,0,0,5,6,5,6,5,3,1,50,33
"10243",12,21,14,18,26,6,4,21,14,18,26,6,4,6,5,0,NA,0,0,0,0,0,0,50,33
"10244",0,0,0,0,0,0,0,0,0,0,0,0,0,0,0,0,0,0,0,0,0,0,0,0,0
"10245",1,1,1,3,3,1,1,1,1,1,1,1,1,1,2,2,1,2,0,2,2,3,1,2,2
"10246",2,2,1,3,3,1,6,1,1,3,3,1,1,1,0,0,5,4,1,1,5,1,3,3,7
"10247",3,2,5,3,3,2,6,2,1,3,3,1,6,4,1,0,1,0,0,4,1,2,2,7,8
"10248",4,6,5,3,4,2,6,2,5,3,3,2,6,1,1,4,1,1,0,4,1,1,1,11,9
"10249",5,7,5,3,4,6,6,6,5,3,4,2,6,1,0,0,3,4,2,1,4,1,2,12,13
"10250",6,7,5,6,6,6,6,7,5,3,4,6,6,3,2,0,2,0,0,3,2,3,1,15,15
"10251",7,7,9,6,10,6,6,7,5,6,6,6,6,4,2,4,2,4,0,4,4,2,1,19,19
"10252",8,7,11,6,15,6,6,7,9,6,10,6,6,2,0,0,1,4,5,2,5,2,1,21,24
"10253",9,11,11,6,15,6,7,7,11,6,15,6,6,1,4,0,1,0,0,4,1,1,3,25,25
"10254",10,14,11,12,24,6,7,11,11,6,15,6,7,6,6,3,6,3,0,6,6,3,1,34,34
"10255",11,17,1,12,29,9,7,14,11,12,24,6,7,3,0,0,3,1,5,3,5,1,1,27,42
"10256",12,17,1,12,29,9,7,17,1,12,29,9,7,3,1,0,NA,0,0,0,0,0,0,27,42
"10257",0,0,0,0,0,0,0,0,0,0,0,0,0,0,0,0,0,0,0,0,0,0,0,0,0
"10258",1,5,1,1,3,7,1,1,1,1,1,1,1,4,6,5,6,5,0,4,6,1,2,4,8
"10259",2,5,6,1,3,12,1,5,1,1,3,7,1,5,0,0,5,3,3,5,5,2,2,9,13
"10260",3,5,9,1,3,12,4,5,6,1,3,12,1,3,3,0,3,0,0,3,3,2,3,12,16
"10261",4,5,13,1,3,18,8,5,9,1,3,12,4,1,6,4,1,6,0,4,6,2,2,16,26
"10262",5,5,13,2,4,18,8,5,13,1,3,18,8,1,0,0,2,1,2,1,1,3,1,17,27
"10263",6,5,13,4,6,18,8,5,13,2,4,18,8,2,2,0,2,0,0,2,2,3,1,19,29
"10264",7,5,20,4,11,18,14,5,13,4,6,18,8,6,6,6,6,6,0,6,6,2,3,26,40
"10265",8,7,26,1,17,22,16,5,20,4,11,18,14,6,0,0,6,5,3,6,6,2,1,31,52
"10266",9,12,26,1,17,25,16,7,26,1,17,22,16,5,3,0,3,0,0,5,3,1,2,36,55
"10267",10,15,26,1,17,27,16,12,26,1,17,25,16,1,3,2,1,2,0,3,2,1,2,39,57
"10268",11,16,26,1,18,27,16,15,26,1,17,27,16,1,0,0,1,5,4,1,1,1,1,40,58
"10269",12,16,26,1,18,27,16,16,26,1,18,27,16,5,4,0,NA,0,0,0,0,0,0,40,58
"10270",0,0,0,0,0,0,0,0,0,0,0,0,0,0,0,0,0,0,0,0,0,0,0,0,0
"10271",1,1,6,1,7,1,5,1,1,1,1,1,1,5,5,6,5,6,0,5,6,2,1,5,10
"10272",2,6,6,1,7,1,9,1,6,1,7,1,5,5,0,0,4,2,2,5,4,1,3,10,14
"10273",3,8,6,1,9,1,9,6,6,1,7,1,9,2,2,0,2,0,0,2,2,1,1,12,16
"10274",4,8,12,5,9,5,9,8,6,1,9,1,9,4,5,6,4,5,0,6,4,2,2,22,20
"10275",5,8,12,10,11,11,15,8,12,5,9,5,9,5,0,0,6,3,3,5,6,3,3,27,34
"10276",6,11,12,10,14,11,15,8,12,10,11,11,15,3,3,0,3,0,0,3,3,1,1,30,37
"10277",7,22,18,10,21,11,15,11,12,10,14,11,15,6,6,2,6,2,0,6,6,2,1,47,44
"10278",8,24,18,10,27,19,15,22,18,10,21,11,15,2,0,0,4,6,5,2,6,1,2,49,58
"10279",9,24,23,10,27,19,19,24,18,10,27,19,15,4,5,0,4,0,0,5,4,2,3,54,62
"10280",10,24,24,10,27,19,20,24,23,10,27,19,19,2,1,1,2,1,0,1,1,2,3,55,63
"10281",11,24,24,12,27,22,20,24,24,10,27,19,20,2,0,0,3,1,2,2,3,3,2,57,66
"10282",12,24,24,12,27,22,20,24,24,12,27,22,20,1,2,0,NA,0,0,0,0,0,0,57,66
"10283",0,0,0,0,0,0,0,0,0,0,0,0,0,0,0,0,0,0,0,0,0,0,0,0,0
"10284",1,1,1,4,5,7,1,1,1,1,1,1,1,3,3,6,3,6,0,3,6,3,2,3,10
"10285",2,4,1,4,5,11,1,1,1,4,5,7,1,3,0,0,6,4,6,3,4,1,2,6,14
"10286",3,10,1,6,11,12,7,4,1,4,5,11,1,6,6,0,6,0,0,6,6,1,1,14,27
"10287",4,10,1,11,11,12,9,10,1,6,11,12,7,2,5,1,2,1,0,5,2,3,3,19,29
"10288",5,10,2,11,11,12,11,10,1,11,11,12,9,1,0,0,1,2,1,1,2,2,3,20,31
"10289",6,11,2,11,12,12,11,10,2,11,11,12,11,1,1,0,1,0,0,1,1,1,1,21,32
"10290",7,15,2,11,16,12,11,11,2,11,12,12,11,4,4,4,4,4,0,4,4,1,1,25,36
"10291",8,15,6,11,16,13,11,15,2,11,16,12,11,4,0,0,1,1,1,4,1,2,2,29,37
"10292",9,15,6,12,16,13,12,15,6,11,16,13,11,1,1,0,1,0,0,1,1,3,3,30,38
"10293",10,18,6,12,19,13,18,15,6,12,16,13,12,2,3,6,2,6,0,3,6,1,3,33,47
"10294",11,20,6,12,19,18,18,18,6,12,19,13,18,2,0,0,5,6,2,2,5,1,2,35,52
"10295",12,20,6,12,19,18,18,20,6,12,19,18,18,6,2,0,NA,0,0,0,0,0,0,35,52
"10296",0,0,0,0,0,0,0,0,0,0,0,0,0,0,0,0,0,0,0,0,0,0,0,0,0
"10297",1,5,1,1,2,1,1,1,1,1,1,1,1,1,1,4,1,1,0,4,1,1,1,4,1
"10298",2,6,1,1,14,1,1,5,1,1,2,1,1,1,0,0,1,5,6,1,6,1,1,5,13
"10299",3,6,1,6,15,1,1,6,1,1,14,1,1,1,5,0,1,0,0,5,1,3,1,10,14
"10300",4,6,1,9,15,1,4,6,1,6,15,1,1,3,3,3,3,3,0,3,3,3,3,13,17
"10301",5,6,1,12,15,12,10,6,1,9,15,1,4,3,0,0,6,1,1,3,6,3,2,16,34
"10302",6,7,1,12,15,13,10,6,1,12,15,12,10,1,1,0,1,0,0,1,1,1,2,17,35
"10303",7,7,1,15,15,14,16,7,1,12,15,13,10,4,6,3,4,6,0,3,6,3,3,20,42
"10304",8,7,5,15,17,20,16,7,1,15,15,14,16,4,0,0,6,6,3,4,6,2,2,24,50
"10305",9,10,1,15,23,22,16,7,5,15,17,20,16,6,3,0,6,0,0,3,6,1,1,23,58
"10306",10,12,5,15,5,22,16,10,1,15,23,22,16,4,1,4,1,4,0,4,4,2,1,29,40
"10307",11,12,6,15,9,22,16,12,5,15,5,22,16,1,0,0,4,4,4,1,4,2,1,30,44
"10308",12,12,6,15,9,22,16,12,6,15,9,22,16,4,4,0,NA,0,0,0,0,0,0,30,44
"10309",0,0,0,0,0,0,0,0,0,0,0,0,0,0,0,0,0,0,0,0,0,0,0,0,0
"10310",1,1,5,1,1,1,5,1,1,1,1,1,1,4,4,4,4,4,0,4,4,2,3,4,4
"10311",2,5,5,1,6,1,5,1,5,1,1,1,5,4,0,0,1,3,5,4,5,1,1,8,9
"10312",3,5,5,4,7,1,5,5,5,1,6,1,5,1,3,0,1,0,0,3,1,3,1,11,10
"10313",4,5,5,9,11,1,5,5,5,4,7,1,5,3,5,4,3,4,0,5,4,3,1,16,14
"10314",5,8,5,9,11,1,10,5,5,9,11,1,5,3,0,0,5,2,1,3,5,1,3,19,19
"10315",6,9,5,9,11,3,10,8,5,9,11,1,10,2,1,0,2,0,0,1,2,1,2,20,21
"10316",7,9,14,9,14,3,10,9,5,9,11,3,10,6,3,3,3,3,0,6,3,2,1,29,24
"10317",8,12,14,9,14,5,16,9,14,9,14,3,10,3,0,0,1,6,6,3,6,1,3,32,32
"10318",9,12,14,18,15,5,16,12,14,9,14,5,16,1,6,0,1,0,0,6,1,3,1,41,33
"10319",10,12,14,22,15,9,16,12,14,18,15,5,16,4,1,4,1,4,0,4,4,3,2,45,37
"10320",11,13,14,22,17,9,16,12,14,22,15,9,16,1,0,0,4,5,2,1,2,1,1,46,39
"10321",12,13,14,22,17,9,16,13,14,22,17,9,16,4,5,0,NA,0,0,0,0,0,0,46,39
"10322",0,0,0,0,0,0,0,0,0,0,0,0,0,0,0,0,0,0,0,0,0,0,0,0,0
"10323",1,1,6,1,1,4,1,1,1,1,1,1,1,5,4,3,4,3,0,5,3,2,2,5,3
"10324",2,5,6,1,1,8,1,1,6,1,1,4,1,4,0,0,4,1,4,4,4,1,2,9,7
"10325",3,9,6,1,1,8,2,5,6,1,1,8,1,1,4,0,1,0,0,4,1,1,3,13,8
"10326",4,9,6,2,4,8,2,9,6,1,1,8,2,3,1,1,3,1,0,1,3,3,1,14,11
"10327",5,9,7,2,8,8,2,9,6,2,4,8,2,1,0,0,5,4,5,1,4,2,1,15,15
"10328",6,9,12,2,13,8,2,9,7,2,8,8,2,5,5,0,5,0,0,5,5,2,1,20,20
"10329",7,9,12,7,17,8,2,9,12,2,13,8,2,5,2,4,2,4,0,5,4,3,1,25,24
"10330",8,9,14,7,23,13,2,9,12,7,17,8,2,2,0,0,6,6,6,2,6,2,1,27,35
"10331",9,15,14,13,24,19,2,9,14,7,23,13,2,6,6,0,6,0,0,6,6,1,2,39,42
"10332",10,20,14,17,29,19,1,15,14,13,24,19,2,5,5,4,5,4,0,5,5,1,1,48,46
"10333",11,20,1,21,35,19,1,20,14,17,29,19,1,4,0,0,3,6,4,4,3,3,1,39,52
"10334",12,20,1,21,35,19,1,20,1,21,35,19,1,6,4,0,NA,0,0,0,0,0,0,39,52
"10335",0,0,0,0,0,0,0,0,0,0,0,0,0,0,0,0,0,0,0,0,0,0,0,0,0
"10336",1,6,1,1,5,1,1,1,1,1,1,1,1,4,5,1,4,1,0,5,4,1,1,5,4
"10337",2,6,1,2,9,1,1,6,1,1,5,1,1,1,0,0,6,4,4,1,4,3,1,6,8
"10338",3,6,7,6,13,1,1,6,1,2,9,1,1,6,4,0,4,0,0,6,4,2,1,16,12
"10339",4,17,7,6,13,1,5,6,7,6,13,1,1,4,3,6,4,3,0,6,4,1,3,27,16
"10340",5,17,10,6,17,1,5,17,7,6,13,1,5,3,0,0,2,4,4,3,4,2,1,30,20
"10341",6,17,14,6,17,3,5,17,10,6,17,1,5,2,4,0,2,0,0,4,2,2,2,34,22
"10342",7,17,14,9,17,3,9,17,14,6,17,3,5,4,3,3,4,3,0,3,4,3,3,37,26
"10343",8,17,14,12,18,3,9,17,14,9,17,3,9,3,0,0,1,4,2,3,1,3,1,40,27
"10344",9,17,14,14,22,3,9,17,14,12,18,3,9,4,2,0,4,0,0,2,4,3,1,42,31
"10345",10,17,19,14,24,3,9,17,14,14,22,3,9,5,2,2,2,2,0,5,2,2,1,47,33
"10346",11,19,19,14,30,4,9,17,19,14,24,3,9,2,0,0,6,2,2,2,6,1,1,49,40
"10347",12,19,19,14,30,4,9,19,19,14,30,4,9,2,2,0,NA,0,0,0,0,0,0,49,40
"10348",0,0,0,0,0,0,0,0,0,0,0,0,0,0,0,0,0,0,0,0,0,0,0,0,0
"10349",1,1,5,1,1,1,5,1,1,1,1,1,1,4,4,3,4,3,0,4,4,2,3,4,4
"10350",2,4,5,1,1,1,10,1,5,1,1,1,5,3,0,0,4,4,5,3,5,1,3,7,9
"10351",3,8,5,1,5,1,10,4,5,1,1,1,10,4,4,0,4,0,0,4,4,1,1,11,13
"10352",4,8,5,2,5,5,10,8,5,1,5,1,10,4,1,1,4,1,0,1,4,3,2,12,17
"10353",5,8,5,3,7,5,10,8,5,2,5,5,10,1,0,0,1,2,2,1,2,3,1,13,19
"10354",6,8,5,5,7,6,10,8,5,3,7,5,10,1,2,0,1,0,0,2,1,3,2,15,20
"10355",7,8,7,11,13,11,10,8,5,5,7,6,10,1,6,6,1,6,0,6,6,3,1,23,31
"10356",8,8,7,12,13,13,10,8,7,11,13,11,10,1,0,0,2,1,1,1,2,3,2,24,33
"10357",9,8,8,12,14,13,10,8,7,12,13,13,10,1,1,0,1,0,0,1,1,2,1,25,34
"10358",10,10,8,12,20,17,10,8,8,12,14,13,10,6,1,2,6,1,0,2,6,1,1,27,44
"10359",11,11,1,1,37,17,10,10,8,12,20,17,10,1,0,0,6,1,5,1,6,1,1,10,61
"10360",12,11,1,1,37,17,10,11,1,1,37,17,10,1,5,0,NA,0,0,0,0,0,0,10,61
"10361",0,0,0,0,0,0,0,0,0,0,0,0,0,0,0,0,0,0,0,0,0,0,0,0,0
"10362",1,1,5,1,1,2,1,1,1,1,1,1,1,2,1,4,2,1,0,4,1,2,2,4,1
"10363",2,3,5,1,1,10,1,1,5,1,1,2,1,2,0,0,6,2,6,2,6,1,2,6,9
"10364",3,3,11,3,1,12,1,3,5,1,1,10,1,2,6,0,2,0,0,6,2,2,2,14,11
"10365",4,3,13,3,1,15,1,3,11,3,1,12,1,2,3,2,3,2,0,2,3,2,2,16,14
"10366",5,5,13,3,1,15,6,3,13,3,1,15,1,2,0,0,4,4,5,2,5,1,3,18,19
"10367",6,9,13,3,1,19,6,5,13,3,1,15,6,4,4,0,4,0,0,4,4,1,2,22,23
"10368",7,9,17,3,6,19,6,9,13,3,1,19,6,4,1,5,1,5,0,4,5,2,1,26,28
"10369",8,9,17,4,6,19,15,9,17,3,6,19,6,1,0,0,6,6,4,1,6,3,3,27,37
"10370",9,15,20,4,10,19,15,9,17,4,6,19,15,6,4,0,4,0,0,6,4,1,1,36,41
"10371",10,15,24,4,13,19,15,15,20,4,10,19,15,3,4,2,3,2,0,4,3,2,1,40,44
"10372",11,15,26,4,23,19,15,15,24,4,13,19,15,2,0,0,5,3,6,2,6,2,1,42,54
"10373",12,15,26,4,23,19,15,15,26,4,23,19,15,5,3,0,NA,0,0,0,0,0,0,42,54
"10374",0,0,0,0,0,0,0,0,0,0,0,0,0,0,0,0,0,0,0,0,0,0,0,0,0
"10375",1,1,6,1,5,1,7,1,1,1,1,1,1,3,6,5,3,6,0,5,6,2,3,5,10
"10376",2,1,6,4,6,13,7,1,6,1,5,1,7,3,0,0,2,4,6,3,6,3,2,8,23
"10377",3,5,6,4,6,13,9,1,6,4,6,13,7,2,4,0,2,0,0,4,2,1,3,12,25
"10378",4,8,6,4,6,13,11,5,6,4,6,13,9,2,2,3,2,2,0,3,2,1,3,15,27
"10379",5,8,6,6,6,13,15,8,6,4,6,13,11,2,0,0,4,4,1,2,4,3,3,17,31
"10380",6,8,6,10,7,13,15,8,6,6,6,13,15,4,1,0,1,0,0,4,1,3,1,21,32
"10381",7,8,11,10,7,15,15,8,6,10,7,13,15,2,5,2,2,2,0,5,2,2,2,26,34
"10382",8,8,13,10,7,16,15,8,11,10,7,15,15,2,0,0,1,1,2,2,1,2,2,28,35
"10383",9,10,13,10,7,17,15,8,13,10,7,16,15,1,2,0,1,0,0,2,1,1,2,30,36
"10384",10,10,16,10,7,17,18,10,13,10,7,17,15,3,3,1,3,1,0,3,3,2,3,33,39
"10385",11,11,16,10,10,17,18,10,16,10,7,17,18,1,0,0,3,1,3,1,3,1,1,34,42
"10386",12,11,16,10,10,17,18,11,16,10,10,17,18,1,3,0,NA,0,0,0,0,0,0,34,42
"10387",0,0,0,0,0,0,0,0,0,0,0,0,0,0,0,0,0,0,0,0,0,0,0,0,0
"10388",1,3,1,1,1,2,1,1,1,1,1,1,1,2,2,1,2,1,0,2,1,1,2,2,1
"10389",2,3,1,3,2,2,1,3,1,1,1,2,1,2,0,0,2,1,3,2,1,3,1,4,2
"10390",3,5,1,3,5,2,1,3,1,3,2,2,1,2,3,0,3,0,0,2,3,1,1,6,5
"10391",4,5,1,8,5,7,1,5,1,3,5,2,1,5,5,2,5,2,0,5,5,3,2,11,10
"10392",5,5,1,10,5,14,1,5,1,8,5,7,1,2,0,0,6,6,1,2,6,3,2,13,17
"10393",6,9,7,10,5,15,1,5,1,10,5,14,1,6,1,0,1,0,0,6,1,2,2,23,18
"10394",7,11,13,16,5,18,1,9,7,10,5,15,1,6,3,1,3,1,0,6,3,3,2,37,21
"10395",8,11,14,16,5,22,1,11,13,16,5,18,1,1,0,0,2,1,4,1,4,2,2,38,25
"10396",9,11,14,18,6,22,1,11,14,16,5,22,1,2,1,0,1,0,0,2,1,3,1,40,26
"10397",10,18,14,18,6,31,1,11,14,18,6,22,1,6,6,6,6,6,0,6,6,1,2,47,35
"10398",11,18,31,18,11,37,1,18,14,18,6,31,1,6,0,0,3,6,2,6,6,2,2,64,46
"10399",12,18,31,18,11,37,1,18,31,18,11,37,1,3,2,0,NA,0,0,0,0,0,0,64,46
"10400",0,0,0,0,0,0,0,0,0,0,0,0,0,0,0,0,0,0,0,0,0,0,0,0,0
"10401",1,1,1,5,1,5,1,1,1,1,1,1,1,4,4,3,4,3,0,4,4,3,2,4,4
"10402",2,1,1,8,5,5,1,1,1,5,1,5,1,3,0,0,1,1,4,3,4,3,1,7,8
"10403",3,2,1,8,5,5,2,1,1,8,5,5,1,1,1,0,1,0,0,1,1,1,3,8,9
"10404",4,5,1,8,5,11,4,2,1,8,5,5,2,3,6,2,6,2,0,3,6,1,2,11,17
"10405",5,7,1,8,5,11,9,5,1,8,5,11,4,2,0,0,3,5,4,2,5,1,3,13,22
"10406",6,7,1,11,9,11,9,7,1,8,5,11,9,3,4,0,4,0,0,3,4,3,1,16,26
"10407",7,13,6,11,12,11,9,7,1,11,9,11,9,3,6,1,3,1,0,6,3,1,1,27,29
"10408",8,13,7,11,18,15,9,13,6,11,12,11,9,1,0,0,2,6,5,1,6,2,1,28,39
"10409",9,18,7,11,18,15,11,13,7,11,18,15,9,2,5,0,2,0,0,5,2,1,3,33,41
"10410",10,18,7,12,18,15,14,18,7,11,18,15,11,1,3,1,3,1,0,1,3,3,3,34,44
"10411",11,19,7,12,22,15,14,18,7,12,18,15,14,1,0,0,4,3,5,1,4,1,1,35,48
"10412",12,19,7,12,22,15,14,19,7,12,22,15,14,3,5,0,NA,0,0,0,0,0,0,35,48
"10413",0,0,0,0,0,0,0,0,0,0,0,0,0,0,0,0,0,0,0,0,0,0,0,0,0
"10414",1,6,1,1,1,5,1,1,1,1,1,1,1,5,1,4,1,4,0,5,4,1,2,5,4
"10415",2,6,2,1,1,11,7,6,1,1,1,5,1,1,0,0,3,4,6,1,6,2,2,6,16
"10416",3,6,2,5,1,11,10,6,2,1,1,11,7,3,4,0,3,0,0,4,3,3,3,10,19
"10417",4,11,2,5,7,11,16,6,2,5,1,11,10,6,2,5,6,2,0,5,6,1,3,15,31
"10418",5,13,2,5,13,16,16,11,2,5,7,11,16,2,0,0,1,6,2,2,6,1,1,17,42
"10419",6,14,2,5,15,16,16,13,2,5,13,16,16,1,2,0,2,0,0,1,2,1,1,18,44
"10420",7,19,2,5,15,19,16,14,2,5,15,16,16,3,5,3,3,3,0,5,3,1,2,23,47
"10421",8,22,1,5,22,19,22,19,2,5,15,19,16,3,0,0,6,3,6,3,6,1,3,25,60
"10422",9,28,1,9,22,22,22,22,1,5,22,19,22,3,6,0,3,0,0,6,3,1,2,35,63
"10423",10,33,1,1,28,22,22,28,1,9,22,22,22,2,5,5,2,5,0,5,5,1,1,32,69
"10424",11,35,1,1,38,22,22,33,1,1,28,22,22,2,0,0,2,6,1,2,6,1,1,34,79
"10425",12,35,1,1,38,22,22,35,1,1,38,22,22,2,1,0,NA,0,0,0,0,0,0,34,79
"10426",0,0,0,0,0,0,0,0,0,0,0,0,0,0,0,0,0,0,0,0,0,0,0,0,0
"10427",1,1,6,1,7,7,6,1,1,1,1,1,1,5,6,4,6,4,0,5,6,2,2,5,17
"10428",2,1,6,5,7,7,10,1,6,1,7,7,6,4,0,0,4,4,3,4,4,3,3,9,21
"10429",3,1,10,5,10,7,10,1,6,5,7,7,10,4,3,0,3,0,0,4,3,2,1,13,24
"10430",4,1,15,5,10,9,10,1,10,5,10,7,10,2,2,5,2,2,0,5,2,2,2,18,26
"10431",5,1,15,7,10,9,14,1,15,5,10,9,10,2,0,0,4,1,2,2,4,3,3,20,30
"10432",6,1,16,7,12,9,14,1,15,7,10,9,14,1,2,0,2,0,0,1,2,2,1,21,32
"10433",7,1,22,8,15,9,14,1,16,7,12,9,14,2,6,3,2,3,0,6,3,2,1,28,35
"10434",8,1,24,8,23,15,14,1,22,8,15,9,14,2,0,0,1,6,4,2,6,2,2,30,49
"10435",9,5,24,10,1,15,15,1,24,8,23,15,14,1,4,0,1,0,0,4,1,1,3,36,28
"10436",10,5,27,10,1,18,15,5,24,10,1,15,15,1,3,3,1,3,0,3,3,2,2,39,31
"10437",11,1,27,10,7,25,15,5,27,10,1,18,15,1,0,0,1,1,6,1,6,1,2,35,44
"10438",12,1,27,10,7,25,15,1,27,10,7,25,15,1,1,0,NA,0,0,0,0,0,0,35,44
"10439",0,0,0,0,0,0,0,0,0,0,0,0,0,0,0,0,0,0,0,0,0,0,0,0,0
"10440",1,1,1,4,2,1,1,1,1,1,1,1,1,3,2,1,2,1,0,3,1,3,1,3,1
"10441",2,3,1,4,4,7,1,1,1,4,2,1,1,2,0,0,2,6,1,2,6,1,2,5,9
"10442",3,3,1,5,4,9,1,3,1,4,4,7,1,2,1,0,2,0,0,1,2,3,2,6,11
"10443",4,8,1,5,4,9,2,3,1,5,4,9,1,1,5,1,1,1,0,5,1,1,3,11,12
"10444",5,9,1,5,4,9,9,8,1,5,4,9,2,1,0,0,3,6,2,1,6,1,3,12,19
"10445",6,9,1,7,7,9,9,9,1,5,4,9,9,3,2,0,3,0,0,2,3,3,1,14,22
"10446",7,9,1,12,7,15,13,9,1,7,7,9,9,5,6,1,6,1,0,5,6,3,2,19,32
"10447",8,10,1,12,10,15,13,9,1,12,7,15,13,1,0,0,4,3,4,1,3,1,1,20,35
"10448",9,10,5,12,14,15,13,10,1,12,10,15,13,4,4,0,4,0,0,4,4,2,1,24,39
"10449",10,12,5,12,15,15,19,10,5,12,14,15,13,2,6,3,6,3,0,2,6,1,3,26,46
"10450",11,15,5,12,16,15,19,12,5,12,15,15,19,3,0,0,1,6,2,3,1,1,1,29,47
"10451",12,15,5,12,16,15,19,15,5,12,16,15,19,6,2,0,NA,0,0,0,0,0,0,29,47
"10452",0,0,0,0,0,0,0,0,0,0,0,0,0,0,0,0,0,0,0,0,0,0,0,0,0
"10453",1,1,5,1,1,1,6,1,1,1,1,1,1,2,4,5,2,5,0,4,5,2,3,4,5
"10454",2,1,7,1,1,7,11,1,5,1,1,1,6,2,0,0,6,2,1,2,6,2,2,6,16
"10455",3,2,7,1,3,7,11,1,7,1,1,7,11,2,1,0,2,0,0,1,2,1,1,7,18
"10456",4,2,12,1,5,7,11,2,7,1,3,7,11,5,1,2,1,2,0,5,2,2,1,12,20
"10457",5,2,13,1,5,7,16,2,12,1,5,7,11,1,0,0,2,5,5,1,5,2,3,13,25
"10458",6,2,18,1,5,7,18,2,13,1,5,7,16,2,5,0,2,0,0,5,2,2,3,18,27
"10459",7,2,22,1,5,7,19,2,18,1,5,7,18,4,1,1,1,1,0,4,1,2,3,22,28
"10460",8,3,22,1,5,10,19,2,22,1,5,7,19,1,0,0,2,3,2,1,3,1,2,23,31
"10461",9,5,22,1,5,12,19,3,22,1,5,10,19,2,2,0,2,0,0,2,2,1,2,25,33
"10462",10,5,27,1,3,18,19,5,22,1,5,12,19,6,3,1,6,3,0,1,6,2,2,30,37
"10463",11,5,30,1,5,18,19,5,27,1,3,18,19,3,0,0,2,3,2,3,2,2,1,33,39
"10464",12,5,30,1,5,18,19,5,30,1,5,18,19,3,2,0,NA,0,0,0,0,0,0,33,39
"10465",0,0,0,0,0,0,0,0,0,0,0,0,0,0,0,0,0,0,0,0,0,0,0,0,0
"10466",1,1,1,3,2,7,1,1,1,1,1,1,1,3,6,2,3,6,0,2,6,3,2,2,7
"10467",2,1,1,6,7,7,1,1,1,3,2,7,1,3,0,0,5,3,5,3,5,3,1,5,12
"10468",3,6,1,6,7,10,1,1,1,6,7,7,1,3,5,0,3,0,0,5,3,1,2,10,15
"10469",4,6,7,8,13,14,1,6,1,6,7,10,1,6,2,6,2,6,0,6,6,2,1,18,25
"10470",5,6,7,10,17,14,1,6,7,8,13,14,1,2,0,0,1,4,1,2,4,3,1,20,29
"10471",6,6,8,10,17,15,1,6,7,10,17,14,1,1,1,0,1,0,0,1,1,2,2,21,30
"10472",7,6,9,10,19,15,7,6,8,10,17,15,1,1,6,2,6,2,0,1,6,2,3,22,38
"10473",8,8,9,10,20,15,13,6,9,10,19,15,7,2,0,0,3,4,6,2,6,1,3,24,45
"10474",9,8,9,13,20,19,13,8,9,10,20,15,13,3,4,0,4,0,0,3,4,3,2,27,49
"10475",10,8,16,13,20,19,18,8,9,13,20,19,13,5,6,6,5,6,0,6,5,2,3,34,54
"10476",11,15,16,13,30,19,18,8,16,13,20,19,18,6,0,0,6,4,5,6,6,1,1,41,64
"10477",12,15,16,13,30,19,18,15,16,13,30,19,18,4,5,0,NA,0,0,0,0,0,0,41,64
"10478",0,0,0,0,0,0,0,0,0,0,0,0,0,0,0,0,0,0,0,0,0,0,0,0,0
"10479",1,1,1,3,1,1,8,1,1,1,1,1,1,6,2,2,6,2,0,2,6,3,3,2,7
"10480",2,1,3,3,7,1,13,1,1,3,1,1,8,2,0,0,5,6,3,2,6,2,1,4,18
"10481",3,1,3,6,7,1,18,1,3,3,7,1,13,5,3,0,5,0,0,3,5,3,3,7,23
"10482",4,7,3,8,10,1,18,1,3,6,7,1,18,3,6,2,3,2,0,6,3,1,1,15,26
"10483",5,7,3,10,16,1,20,7,3,8,10,1,18,2,0,0,6,6,4,2,6,3,1,17,34
"10484",6,7,3,20,20,1,20,7,3,10,16,1,20,6,4,0,4,0,0,6,4,3,1,27,38
"10485",7,7,3,24,20,5,20,7,3,20,20,1,20,3,4,4,3,4,0,4,4,3,2,31,42
"10486",8,7,3,1,20,9,23,7,3,24,20,5,20,3,0,0,4,5,6,3,4,3,2,8,49
"10487",9,7,8,1,24,15,23,7,3,1,20,9,23,5,6,0,6,0,0,5,6,2,2,13,59
"10488",10,7,8,10,9,15,23,7,8,1,24,15,23,6,2,5,6,2,0,5,6,3,1,22,44
"10489",11,7,10,10,14,15,23,7,8,10,9,15,23,2,0,0,5,6,1,2,5,2,1,24,49
"10490",12,7,10,10,14,15,23,7,10,10,14,15,23,6,1,0,NA,0,0,0,0,0,0,24,49
"10491",0,0,0,0,0,0,0,0,0,0,0,0,0,0,0,0,0,0,0,0,0,0,0,0,0
"10492",1,1,1,3,5,1,1,1,1,1,1,1,1,2,4,3,4,3,0,2,4,3,1,2,4
"10493",2,4,1,3,6,1,7,1,1,3,5,1,1,3,0,0,1,6,5,3,6,1,3,5,11
"10494",3,4,6,3,6,1,8,4,1,3,6,1,7,1,5,0,1,0,0,5,1,2,3,10,12
"10495",4,4,11,3,6,3,8,4,6,3,6,1,8,1,5,2,1,2,0,5,2,2,2,15,14
"10496",5,5,11,3,6,3,13,4,11,3,6,3,8,1,0,0,2,5,2,1,5,1,3,16,19
"10497",6,5,11,5,8,3,13,5,11,3,6,3,13,2,2,0,2,0,0,2,2,3,1,18,21
"10498",7,11,12,5,8,6,13,5,11,5,8,3,13,2,3,6,2,3,0,6,3,1,2,25,24
"10499",8,11,14,5,13,6,19,11,12,5,8,6,13,2,0,0,3,6,5,2,6,2,3,27,35
"10500",9,11,19,5,13,9,19,11,14,5,13,6,19,3,5,0,3,0,0,5,3,2,2,32,38
"10501",10,16,19,5,13,14,19,11,19,5,13,9,19,5,5,1,5,1,0,5,5,1,2,37,43
"10502",11,16,19,6,18,14,19,16,19,5,13,14,19,1,0,0,5,2,1,1,5,3,1,38,48
"10503",12,16,19,6,18,14,19,16,19,6,18,14,19,2,1,0,NA,0,0,0,0,0,0,38,48
"10504",0,0,0,0,0,0,0,0,0,0,0,0,0,0,0,0,0,0,0,0,0,0,0,0,0
"10505",1,1,4,1,9,1,1,1,1,1,1,1,1,3,4,6,4,6,0,3,6,2,1,3,8
"10506",2,1,8,1,16,1,1,1,4,1,9,1,1,4,0,0,3,5,6,4,6,2,1,7,15
"10507",3,6,8,1,19,1,1,1,8,1,16,1,1,3,5,0,3,0,0,5,3,1,1,12,18
"10508",4,6,10,1,19,6,1,6,8,1,19,1,1,2,5,5,5,5,0,2,5,2,2,14,23
"10509",5,6,10,6,19,11,1,6,10,1,19,6,1,5,0,0,5,2,3,5,5,3,2,19,28
"10510",6,6,13,6,19,11,3,6,10,6,19,11,1,2,3,0,2,0,0,3,2,2,3,22,30
"10511",7,9,13,6,19,11,7,6,13,6,19,11,3,3,4,3,4,3,0,3,4,1,3,25,34
"10512",8,9,13,9,19,16,7,9,13,6,19,11,7,3,0,0,5,1,3,3,5,3,2,28,39
"10513",9,9,13,12,19,17,7,9,13,9,19,16,7,1,3,0,1,0,0,3,1,3,2,31,40
"10514",10,9,13,16,19,23,11,9,13,12,19,17,7,4,6,3,6,3,0,4,6,3,2,35,50
"10515",11,12,13,16,23,23,11,9,13,16,19,23,11,3,0,0,4,3,5,3,4,1,1,38,54
"10516",12,12,13,16,23,23,11,12,13,16,23,23,11,3,5,0,NA,0,0,0,0,0,0,38,54
"10517",0,0,0,0,0,0,0,0,0,0,0,0,0,0,0,0,0,0,0,0,0,0,0,0,0
"10518",1,1,1,6,1,1,6,1,1,1,1,1,1,4,5,5,4,5,0,5,5,3,3,5,5
"10519",2,1,5,6,9,1,6,1,1,6,1,1,6,4,0,0,6,2,2,4,6,2,1,9,13
"10520",3,1,5,8,9,3,6,1,5,6,9,1,6,2,2,0,2,0,0,2,2,3,2,11,15
"10521",4,1,9,8,9,3,11,1,5,8,9,3,6,4,5,2,5,2,0,4,5,2,3,15,20
"10522",5,3,9,8,9,9,13,1,9,8,9,3,11,2,0,0,6,6,1,2,6,1,2,17,28
"10523",6,5,9,14,10,9,13,3,9,8,9,9,13,6,1,0,1,0,0,6,1,3,1,25,29
"10524",7,7,15,14,16,11,13,5,9,14,10,9,13,6,5,6,5,6,0,6,6,2,1,33,37
"10525",8,7,15,19,16,11,18,7,15,14,16,11,13,5,0,0,3,1,5,5,5,3,3,38,42
"10526",9,7,18,19,17,11,18,7,15,19,16,11,18,3,1,0,1,0,0,3,1,2,1,41,43
"10527",10,12,18,25,20,11,18,7,18,19,17,11,18,3,6,2,3,2,0,6,3,3,1,52,46
"10528",11,14,18,25,22,11,18,12,18,25,20,11,18,2,0,0,1,2,5,2,2,1,1,54,48
"10529",12,14,18,25,22,11,18,14,18,25,22,11,18,1,5,0,NA,0,0,0,0,0,0,54,48
"10530",0,0,0,0,0,0,0,0,0,0,0,0,0,0,0,0,0,0,0,0,0,0,0,0,0
"10531",1,7,5,1,1,6,1,1,1,1,1,1,1,4,5,6,4,5,0,6,5,1,2,10,5
"10532",2,7,9,1,1,7,1,7,5,1,1,6,1,4,0,0,1,3,3,4,1,2,2,14,6
"10533",3,7,9,4,4,7,1,7,9,1,1,7,1,3,3,0,3,0,0,3,3,3,1,17,9
"10534",4,13,13,10,8,7,1,7,9,4,4,7,1,4,6,3,4,3,0,6,4,3,1,33,13
"10535",5,13,13,13,13,7,1,13,13,10,8,7,1,3,0,0,5,4,4,3,5,3,1,36,18
"10536",6,13,13,17,17,7,1,13,13,13,13,7,1,4,4,0,4,0,0,4,4,3,1,40,22
"10537",7,15,13,17,22,7,1,13,13,17,17,7,1,2,2,5,2,5,0,2,5,1,1,42,27
"10538",8,15,15,17,24,7,1,15,13,17,22,7,1,2,0,0,6,2,2,2,2,2,1,44,29
"10539",9,17,1,17,39,9,1,15,15,17,24,7,1,6,2,0,6,0,0,2,6,1,1,32,84
"10540",10,23,3,17,39,10,1,17,1,17,39,9,1,6,1,3,1,3,0,6,1,1,2,40,85
"10541",11,26,3,17,39,11,1,23,3,17,39,10,1,3,0,0,1,2,2,3,1,1,2,43,86
"10542",12,26,3,17,39,11,1,26,3,17,39,11,1,2,2,0,NA,0,0,0,0,0,0,43,86
"10543",0,0,0,0,0,0,0,0,0,0,0,0,0,0,0,0,0,0,0,0,0,0,0,0,0
"10544",1,1,1,5,1,1,6,1,1,1,1,1,1,1,4,5,1,5,0,4,5,3,3,4,5
"10545",2,1,2,5,3,1,6,1,1,5,1,1,6,1,0,0,1,2,2,1,2,2,1,5,7
"10546",3,1,2,7,4,1,6,1,2,5,3,1,6,1,2,0,1,0,0,2,1,3,1,7,8
"10547",4,7,8,7,8,1,6,1,2,7,4,1,6,2,4,6,2,4,0,6,4,2,1,19,12
"10548",5,7,8,9,8,1,10,7,8,7,8,1,6,2,0,0,4,4,6,2,4,3,3,21,16
"10549",6,14,8,9,8,1,14,7,8,9,8,1,10,4,6,0,4,0,0,6,4,1,3,28,20
"10550",7,14,12,9,8,1,16,14,8,9,8,1,14,2,4,2,2,2,0,4,2,2,3,32,22
"10551",8,16,12,9,8,1,17,14,12,9,8,1,16,2,0,0,3,2,1,2,1,1,3,34,23
"10552",9,16,12,12,8,1,19,16,12,9,8,1,17,3,2,0,2,0,0,3,2,3,3,37,25
"10553",10,16,17,12,9,1,19,16,12,12,8,1,19,5,1,3,1,3,0,5,1,2,1,42,26
"10554",11,16,17,15,9,1,24,16,17,12,9,1,19,3,0,0,5,3,1,3,5,3,3,45,31
"10555",12,16,17,15,9,1,24,16,17,15,9,1,24,3,1,0,NA,0,0,0,0,0,0,45,31
"10556",0,0,0,0,0,0,0,0,0,0,0,0,0,0,0,0,0,0,0,0,0,0,0,0,0
"10557",1,1,4,1,1,4,1,1,1,1,1,1,1,2,3,3,2,3,0,3,3,2,2,3,3
"10558",2,3,4,1,1,10,5,1,4,1,1,4,1,2,0,0,3,5,6,2,6,1,2,5,13
"10559",3,3,4,6,4,10,5,3,4,1,1,10,5,3,5,0,3,0,0,5,3,3,1,10,16
"10560",4,3,4,11,7,10,5,3,4,6,4,10,5,5,3,3,3,3,0,5,3,3,1,15,19
"10561",5,6,4,11,7,14,5,3,4,11,7,10,5,3,0,0,3,4,1,3,4,1,2,18,23
"10562",6,9,4,11,8,14,5,6,4,11,7,14,5,3,1,0,1,0,0,3,1,1,1,21,24
"10563",7,9,4,20,8,15,5,9,4,11,8,14,5,1,1,6,1,1,0,6,1,3,2,30,25
"10564",8,10,4,20,8,15,7,9,4,20,8,15,5,1,0,0,2,2,2,1,2,1,3,31,27
"10565",9,10,6,20,10,15,7,10,4,20,8,15,7,2,2,0,2,0,0,2,2,2,1,33,29
"10566",10,15,6,20,12,15,7,10,6,20,10,15,7,5,1,2,1,2,0,5,2,1,1,38,31
"10567",11,15,6,21,12,19,7,15,6,20,12,15,7,1,0,0,1,4,6,1,4,3,2,39,35
"10568",12,15,6,21,12,19,7,15,6,21,12,19,7,1,6,0,NA,0,0,0,0,0,0,39,35
"10569",0,0,0,0,0,0,0,0,0,0,0,0,0,0,0,0,0,0,0,0,0,0,0,0,0
"10570",1,4,1,1,6,1,1,1,1,1,1,1,1,2,3,5,2,5,0,3,5,1,1,3,5
"10571",2,6,1,1,12,6,7,4,1,1,6,1,1,2,0,0,6,2,6,2,6,1,3,5,22
"10572",3,14,1,1,12,6,9,6,1,1,12,6,7,2,6,0,2,0,0,6,2,1,3,13,24
"10573",4,16,1,1,12,11,9,14,1,1,12,6,9,5,5,2,5,5,0,2,5,1,2,15,29
"10574",5,21,1,1,12,11,14,16,1,1,12,11,9,5,0,0,5,2,3,5,5,1,3,20,34
"10575",6,21,1,4,14,11,14,21,1,1,12,11,14,2,3,0,2,0,0,3,2,3,1,23,36
"10576",7,25,1,4,14,15,14,21,1,4,14,11,14,4,1,4,1,4,0,4,4,1,2,27,40
"10577",8,25,2,4,14,15,18,25,1,4,14,15,14,1,0,0,4,4,5,1,4,2,3,28,44
"10578",9,30,2,4,18,15,18,25,2,4,14,15,18,4,5,0,4,0,0,5,4,1,1,33,48
"10579",10,33,2,1,18,2,23,30,2,4,18,15,18,3,1,5,1,5,0,3,5,1,3,33,40
"10580",11,33,2,2,23,2,23,33,2,1,18,2,23,1,0,0,5,2,1,1,5,3,1,34,45
"10581",12,33,2,2,23,2,23,33,2,2,23,2,23,2,1,0,NA,0,0,0,0,0,0,34,45
"10582",0,0,0,0,0,0,0,0,0,0,0,0,0,0,0,0,0,0,0,0,0,0,0,0,0
"10583",1,1,1,3,4,1,1,1,1,1,1,1,1,2,3,3,3,3,0,2,3,3,1,2,3
"10584",2,4,1,3,4,9,1,1,1,3,4,1,1,3,0,0,1,1,6,3,6,1,2,5,11
"10585",3,4,2,3,5,9,1,4,1,3,4,9,1,1,1,0,1,0,0,1,1,2,1,6,12
"10586",4,4,4,3,5,9,6,4,2,3,5,9,1,3,2,5,3,5,0,2,5,2,3,8,17
"10587",5,4,7,3,5,9,10,4,4,3,5,9,6,3,0,0,5,4,3,3,4,2,3,11,21
"10588",6,9,7,3,5,12,10,4,7,3,5,9,10,5,3,0,3,0,0,5,3,1,2,16,24
"10589",7,9,14,3,5,13,16,9,7,3,5,12,10,6,6,6,6,6,0,6,6,2,3,23,31
"10590",8,9,20,12,5,24,16,9,14,3,5,13,16,6,0,0,2,6,6,6,6,3,2,38,42
"10591",9,9,31,12,7,24,16,9,20,12,5,24,16,2,6,0,2,0,0,6,2,2,1,49,44
"10592",10,9,35,12,7,26,16,9,31,12,7,24,16,2,2,4,2,2,0,4,2,2,2,53,46
"10593",11,11,35,12,9,26,16,9,35,12,7,26,16,2,0,0,2,2,5,2,2,1,1,55,48
"10594",12,11,35,12,9,26,16,11,35,12,9,26,16,2,5,0,NA,0,0,0,0,0,0,55,48
"10595",0,0,0,0,0,0,0,0,0,0,0,0,0,0,0,0,0,0,0,0,0,0,0,0,0
"10596",1,7,1,12,1,6,1,1,1,1,1,1,1,5,1,6,5,1,0,6,5,1,2,17,5
"10597",2,7,1,13,1,6,5,7,1,12,1,6,1,1,0,0,2,6,4,1,4,3,3,18,9
"10598",3,15,1,13,1,6,7,7,1,13,1,6,5,2,6,0,2,0,0,6,2,1,3,26,11
"10599",4,15,1,15,1,17,7,15,1,13,1,6,7,6,2,2,6,2,0,2,6,3,2,28,22
"10600",5,15,3,15,1,17,9,15,1,15,1,17,7,2,0,0,3,2,2,2,2,2,3,30,24
"10601",6,15,6,15,1,19,9,15,3,15,1,17,9,3,2,0,2,0,0,3,2,2,2,33,26
"10602",7,20,6,15,1,28,9,15,6,15,1,19,9,5,6,2,6,2,0,5,6,1,2,38,35
"10603",8,20,8,15,1,37,9,20,6,15,1,28,9,2,0,0,4,6,4,2,6,2,2,40,44
"10604",9,20,12,15,1,37,13,20,8,15,1,37,9,4,4,0,4,0,0,4,4,2,3,44,48
"10605",10,24,12,15,5,37,25,20,12,15,1,37,13,3,6,4,3,6,0,4,6,1,3,48,64
"10606",11,24,12,18,7,37,25,24,12,15,5,37,25,3,0,0,2,5,3,3,2,3,1,51,66
"10607",12,24,12,18,7,37,25,24,12,18,7,37,25,5,3,0,NA,0,0,0,0,0,0,51,66
"10608",0,0,0,0,0,0,0,0,0,0,0,0,0,0,0,0,0,0,0,0,0,0,0,0,0
"10609",1,1,5,1,1,1,5,1,1,1,1,1,1,4,4,4,4,4,0,4,4,2,3,4,4
"10610",2,5,5,1,2,7,11,1,5,1,1,1,5,4,0,0,5,5,6,4,6,1,3,8,17
"10611",3,10,5,1,2,12,11,5,5,1,2,7,11,5,5,0,5,0,0,5,5,1,2,13,22
"10612",4,11,5,1,2,14,11,10,5,1,2,12,11,2,2,1,2,2,0,1,2,1,2,14,24
"10613",5,11,5,3,2,14,16,11,5,1,2,14,11,2,0,0,2,3,5,2,5,3,3,16,29
"10614",6,11,8,3,2,16,16,11,5,3,2,14,16,2,3,0,2,0,0,3,2,2,2,19,31
"10615",7,11,12,3,5,16,16,11,8,3,2,16,16,4,3,4,3,4,0,4,3,2,1,23,34
"10616",8,15,12,3,12,16,16,11,12,3,5,16,16,4,0,0,6,4,1,4,6,1,1,27,41
"10617",9,15,16,3,12,16,17,15,12,3,12,16,16,4,1,0,1,0,0,4,1,2,3,31,42
"10618",10,15,20,3,13,16,17,15,16,3,12,16,17,1,4,1,1,1,0,4,1,2,1,35,43
"10619",11,15,21,3,16,16,17,15,20,3,13,16,17,1,0,0,3,4,3,1,3,2,1,36,46
"10620",12,15,21,3,16,16,17,15,21,3,16,16,17,4,3,0,NA,0,0,0,0,0,0,36,46
"10621",0,0,0,0,0,0,0,0,0,0,0,0,0,0,0,0,0,0,0,0,0,0,0,0,0
"10622",1,1,4,1,1,1,6,1,1,1,1,1,1,3,3,5,3,5,0,3,5,2,3,3,5
"10623",2,1,4,4,1,5,6,1,4,1,1,1,6,3,0,0,2,4,1,3,4,3,2,6,9
"10624",3,1,5,4,1,7,6,1,4,4,1,5,6,2,1,0,2,0,0,1,2,2,2,7,11
"10625",4,6,5,4,1,7,11,1,5,4,1,7,6,3,5,5,3,5,0,5,5,1,3,12,16
"10626",5,6,5,7,11,7,11,6,5,4,1,7,11,3,0,0,4,3,6,3,6,3,1,15,26
"10627",6,6,8,7,11,7,15,6,5,7,11,7,11,4,3,0,4,0,0,3,4,2,3,18,30
"10628",7,9,8,7,11,12,15,6,8,7,11,7,15,1,5,3,1,5,0,3,5,1,2,21,35
"10629",8,9,8,8,13,12,15,9,8,7,11,12,15,1,0,0,4,1,2,1,2,3,1,22,37
"10630",9,9,12,8,14,12,15,9,8,8,13,12,15,4,1,0,1,0,0,4,1,2,1,26,38
"10631",10,9,12,12,14,12,20,9,12,8,14,12,15,1,4,5,1,5,0,4,5,3,3,30,43
"10632",11,10,12,12,25,12,20,9,12,12,14,12,20,1,0,0,6,5,3,1,6,1,1,31,54
"10633",12,10,12,12,25,12,20,10,12,12,25,12,20,5,3,0,NA,0,0,0,0,0,0,31,54
"10634",0,0,0,0,0,0,0,0,0,0,0,0,0,0,0,0,0,0,0,0,0,0,0,0,0
"10635",1,2,1,1,1,1,5,1,1,1,1,1,1,4,4,1,4,4,0,1,4,1,3,1,4
"10636",2,6,1,1,4,1,5,2,1,1,1,1,5,4,0,0,4,3,3,4,3,1,1,5,7
"10637",3,10,1,1,7,1,5,6,1,1,4,1,5,4,3,0,3,0,0,4,3,1,1,9,10
"10638",4,10,1,3,7,1,8,10,1,1,7,1,5,2,3,2,3,2,0,2,3,3,3,11,13
"10639",5,10,1,5,7,1,13,10,1,3,7,1,8,2,0,0,4,4,5,2,5,3,3,13,18
"10640",6,14,1,5,7,5,13,10,1,5,7,1,13,4,4,0,4,0,0,4,4,1,2,17,22
"10641",7,20,4,5,7,8,13,14,1,5,7,5,13,3,2,6,3,2,0,6,3,1,2,26,25
"10642",8,22,4,5,7,11,13,20,4,5,7,8,13,2,0,0,3,4,3,2,3,1,2,28,28
"10643",9,26,4,5,7,11,16,22,4,5,7,11,13,4,3,0,3,0,0,4,3,1,3,32,31
"10644",10,32,4,6,8,11,16,26,4,5,7,11,16,1,6,1,1,1,0,6,1,1,1,39,32
"10645",11,33,4,6,8,11,21,32,4,6,8,11,16,1,0,0,3,6,5,1,5,1,3,40,37
"10646",12,33,4,6,8,11,21,33,4,6,8,11,21,3,6,0,NA,0,0,0,0,0,0,40,37
"10647",0,0,0,0,0,0,0,0,0,0,0,0,0,0,0,0,0,0,0,0,0,0,0,0,0
"10648",1,1,9,1,3,1,1,1,1,1,1,1,1,6,2,1,2,1,0,6,2,2,1,8,2
"10649",2,2,9,1,4,7,1,1,9,1,3,1,1,1,0,0,6,6,1,1,6,1,2,9,9
"10650",3,8,12,1,4,7,2,2,9,1,4,7,1,6,1,0,1,0,0,6,1,1,3,18,10
"10651",4,8,12,6,7,7,2,8,12,1,4,7,2,5,3,3,3,3,0,5,3,3,1,23,13
"10652",5,11,12,6,7,7,5,8,12,6,7,7,2,3,0,0,3,1,1,3,3,1,3,26,16
"10653",6,11,12,7,7,8,5,11,12,6,7,7,5,1,1,0,1,0,0,1,1,3,2,27,17
"10654",7,17,16,7,9,8,5,11,12,7,7,8,5,2,2,6,2,2,0,6,2,1,1,37,19
"10655",8,17,16,9,10,8,5,17,16,7,9,8,5,2,0,0,6,1,3,2,1,3,1,39,20
"10656",9,19,16,15,13,8,5,17,16,9,10,8,5,6,3,0,3,0,0,6,3,3,1,47,23
"10657",10,19,16,17,14,8,5,19,16,15,13,8,5,2,1,5,1,5,0,2,1,3,1,49,24
"10658",11,19,21,17,14,18,5,19,16,17,14,8,5,5,0,0,6,4,6,5,6,2,2,54,34
"10659",12,19,21,17,14,18,5,19,21,17,14,18,5,4,6,0,NA,0,0,0,0,0,0,54,34
"10660",0,0,0,0,0,0,0,0,0,0,0,0,0,0,0,0,0,0,0,0,0,0,0,0,0
"10661",1,1,1,2,1,1,6,1,1,1,1,1,1,1,5,2,5,2,0,1,5,3,3,1,5
"10662",2,3,1,2,6,7,6,1,1,2,1,1,6,2,0,0,4,6,4,2,6,1,2,3,16
"10663",3,3,1,6,10,7,6,3,1,2,6,7,6,4,4,0,4,0,0,4,4,3,1,7,20
"10664",4,3,1,11,10,7,13,3,1,6,10,7,6,5,2,6,2,6,0,5,6,3,3,12,27
"10665",5,5,1,11,10,11,13,3,1,11,10,7,13,2,0,0,3,4,1,2,4,1,2,14,31
"10666",6,5,2,11,10,14,13,5,1,11,10,11,13,3,1,0,3,0,0,1,3,2,2,15,34
"10667",7,5,3,11,10,15,13,5,2,11,10,14,13,1,1,1,1,1,0,1,1,2,2,16,35
"10668",8,5,3,12,16,17,13,5,3,11,10,15,13,1,0,0,6,2,6,1,6,3,1,17,43
"10669",9,1,3,14,23,17,15,5,3,12,16,17,13,2,6,0,6,0,0,2,6,3,1,15,52
"10670",10,6,3,14,1,17,20,1,3,14,23,17,15,5,1,4,5,1,0,4,5,1,3,20,35
"10671",11,6,3,15,10,17,20,6,3,14,1,17,20,1,0,0,6,4,4,1,6,3,1,21,44
"10672",12,6,3,15,10,17,20,6,3,15,10,17,20,4,4,0,NA,0,0,0,0,0,0,21,44
"10673",0,0,0,0,0,0,0,0,0,0,0,0,0,0,0,0,0,0,0,0,0,0,0,0,0
"10674",1,1,2,7,5,1,1,1,1,1,1,1,1,4,4,6,4,4,0,6,4,3,1,7,4
"10675",2,1,2,11,11,1,5,1,2,7,5,1,1,4,0,0,6,2,3,4,6,3,1,11,14
"10676",3,1,4,11,14,1,5,1,2,11,11,1,5,2,3,0,3,0,0,2,3,2,1,13,17
"10677",4,1,4,15,18,1,5,1,4,11,14,1,5,4,1,4,1,4,0,4,4,3,1,17,21
"10678",5,2,4,15,18,1,9,1,4,15,18,1,5,1,0,0,2,2,4,1,4,1,3,18,25
"10679",6,4,4,15,18,3,9,2,4,15,18,1,9,2,2,0,2,0,0,2,2,1,2,20,27
"10680",7,9,4,15,18,3,20,4,4,15,18,3,9,5,6,5,6,5,0,5,6,1,3,25,38
"10681",8,14,4,15,18,12,20,9,4,15,18,3,20,5,0,0,2,6,5,5,6,1,2,30,47
"10682",9,19,4,15,18,14,20,14,4,15,18,12,20,2,5,0,2,0,0,5,2,1,2,35,49
"10683",10,21,4,15,18,17,20,19,4,15,18,14,20,5,3,2,5,3,0,2,3,1,2,37,52
"10684",11,21,9,15,22,17,20,21,4,15,18,17,20,5,0,0,4,2,4,5,4,2,1,42,56
"10685",12,21,9,15,22,17,20,21,9,15,22,17,20,2,4,0,NA,0,0,0,0,0,0,42,56
"10686",0,0,0,0,0,0,0,0,0,0,0,0,0,0,0,0,0,0,0,0,0,0,0,0,0
"10687",1,6,1,1,1,6,1,1,1,1,1,1,1,1,5,5,1,5,0,5,5,1,2,5,5
"10688",2,6,1,2,2,12,1,6,1,1,1,6,1,1,0,0,1,6,4,1,6,3,2,6,12
"10689",3,6,2,2,6,12,1,6,1,2,2,12,1,1,4,0,4,0,0,1,4,2,1,7,16
"10690",4,9,2,2,6,13,1,6,2,2,6,12,1,2,3,1,2,1,0,3,1,1,2,10,17
"10691",5,11,2,2,16,13,1,9,2,2,6,13,1,2,0,0,6,2,3,2,6,1,1,12,27
"10692",6,11,2,5,16,13,3,11,2,2,16,13,1,2,3,0,2,0,0,3,2,3,3,15,29
"10693",7,11,2,6,16,13,13,11,2,5,16,13,3,1,1,6,1,6,0,1,6,3,3,16,39
"10694",8,11,2,7,16,13,14,11,2,6,16,13,13,1,0,0,3,1,4,1,1,3,3,17,40
"10695",9,14,2,7,16,17,14,11,2,7,16,13,14,3,4,0,4,0,0,3,4,1,2,20,44
"10696",10,14,2,11,16,17,19,14,2,7,16,17,14,5,4,2,5,2,0,4,5,3,3,24,49
"10697",11,16,2,11,21,17,19,14,2,11,16,17,19,2,0,0,5,6,5,2,5,1,1,26,54
"10698",12,16,2,11,21,17,19,16,2,11,21,17,19,6,5,0,NA,0,0,0,0,0,0,26,54
"10699",0,0,0,0,0,0,0,0,0,0,0,0,0,0,0,0,0,0,0,0,0,0,0,0,0
"10700",1,6,1,1,1,1,3,1,1,1,1,1,1,5,2,2,2,2,0,5,2,1,3,5,2
"10701",2,6,3,1,1,8,3,6,1,1,1,1,3,2,0,0,1,1,6,2,6,2,2,7,9
"10702",3,6,3,2,1,8,4,6,3,1,1,8,3,1,1,0,1,0,0,1,1,3,3,8,10
"10703",4,6,8,2,3,8,4,6,3,2,1,8,4,5,2,1,2,1,0,5,2,2,1,13,12
"10704",5,7,8,2,3,8,7,6,8,2,3,8,4,1,0,0,3,3,2,1,3,1,3,14,15
"10705",6,9,8,2,3,11,7,7,8,2,3,8,7,3,2,0,3,0,0,2,3,1,2,16,18
"10706",7,9,15,2,3,11,12,9,8,2,3,11,7,6,4,5,4,5,0,6,5,2,3,23,23
"10707",8,13,15,2,3,11,17,9,15,2,3,11,12,4,0,0,5,4,3,4,5,1,3,27,28
"10708",9,13,19,2,3,14,17,13,15,2,3,11,17,4,3,0,3,0,0,4,3,2,2,31,31
"10709",10,13,19,7,3,14,20,13,19,2,3,14,17,5,1,3,1,3,0,5,3,3,3,36,34
"10710",11,13,20,7,14,14,20,13,19,7,3,14,20,1,0,0,5,3,6,1,6,2,1,37,45
"10711",12,13,20,7,14,14,20,13,20,7,14,14,20,5,3,0,NA,0,0,0,0,0,0,37,45
"10712",0,0,0,0,0,0,0,0,0,0,0,0,0,0,0,0,0,0,0,0,0,0,0,0,0
"10713",1,5,1,1,1,1,4,1,1,1,1,1,1,4,3,1,3,1,0,4,3,1,3,4,3
"10714",2,5,2,1,1,5,4,5,1,1,1,1,4,1,0,0,2,4,4,1,4,2,2,5,7
"10715",3,5,6,1,3,5,4,5,2,1,1,5,4,2,4,0,2,0,0,4,2,2,1,9,9
"10716",4,9,6,1,3,7,10,5,6,1,3,5,4,3,4,6,3,6,0,4,6,1,3,13,17
"10717",5,9,9,1,6,7,10,9,6,1,3,7,10,3,0,0,3,1,2,3,3,2,1,16,20
"10718",6,9,11,1,6,8,10,9,9,1,6,7,10,1,2,0,1,0,0,2,1,2,2,18,21
"10719",7,14,11,1,11,8,10,9,11,1,6,8,10,2,5,5,2,5,0,5,5,1,1,23,26
"10720",8,14,13,1,11,11,10,14,11,1,11,8,10,2,0,0,2,3,2,2,3,2,2,25,29
"10721",9,14,13,3,11,11,12,14,13,1,11,11,10,2,2,0,2,0,0,2,2,3,3,27,31
"10722",10,14,19,5,15,11,12,14,13,3,11,11,12,6,3,4,3,4,0,6,4,2,1,35,35
"10723",11,14,22,5,22,11,12,14,19,5,15,11,12,3,0,0,1,6,3,3,6,2,1,38,42
"10724",12,14,22,5,22,11,12,14,22,5,22,11,12,1,3,0,NA,0,0,0,0,0,0,38,42
"10725",0,0,0,0,0,0,0,0,0,0,0,0,0,0,0,0,0,0,0,0,0,0,0,0,0
"10726",1,1,1,5,1,12,1,1,1,1,1,1,1,6,4,4,6,4,0,4,6,3,2,4,11
"10727",2,1,5,5,1,12,5,1,1,5,1,12,1,4,0,0,2,6,4,4,4,2,3,8,15
"10728",3,1,6,11,1,12,7,1,5,5,1,12,5,2,6,0,2,0,0,6,2,3,3,15,17
"10729",4,1,6,14,2,12,7,1,6,11,1,12,7,3,1,1,1,1,0,3,1,3,1,18,18
"10730",5,2,6,14,8,12,8,1,6,14,2,12,7,1,0,0,6,3,5,1,6,1,1,19,25
"10731",6,2,6,17,13,12,8,2,6,14,8,12,8,3,5,0,5,0,0,3,5,3,1,22,30
"10732",7,8,6,25,13,12,9,2,6,17,13,12,8,1,1,6,1,1,0,6,1,3,3,36,31
"10733",8,8,7,25,13,17,9,8,6,25,13,12,9,1,0,0,1,3,5,1,5,2,2,37,36
"10734",9,8,10,25,13,17,10,8,7,25,13,17,9,1,3,0,1,0,0,3,1,2,3,40,37
"10735",10,8,10,34,1,22,10,8,10,25,13,17,10,6,2,5,2,5,0,6,5,3,2,49,30
"10736",11,10,10,34,1,25,10,8,10,34,1,22,10,2,0,0,3,5,2,2,3,1,2,51,33
"10737",12,10,10,34,1,25,10,10,10,34,1,25,10,5,2,0,NA,0,0,0,0,0,0,51,33
"10738",0,0,0,0,0,0,0,0,0,0,0,0,0,0,0,0,0,0,0,0,0,0,0,0,0
"10739",1,1,1,5,4,1,1,1,1,1,1,1,1,3,1,4,3,1,0,4,3,3,1,4,3
"10740",2,1,2,5,4,1,6,1,1,5,4,1,1,1,0,0,2,5,3,1,5,2,3,5,8
"10741",3,1,5,5,4,3,6,1,2,5,4,1,6,2,3,0,2,0,0,3,2,2,2,8,10
"10742",4,1,5,8,6,3,6,1,5,5,4,3,6,3,1,2,1,2,0,3,2,3,1,11,12
"10743",5,2,5,8,6,8,12,1,5,8,6,3,6,1,0,0,6,1,5,1,6,1,3,12,23
"10744",6,2,5,13,6,9,12,2,5,8,6,8,12,1,5,0,1,0,0,5,1,3,2,17,24
"10745",7,7,5,13,11,9,12,2,5,13,6,9,12,5,5,5,5,5,0,5,5,1,1,22,29
"10746",8,7,5,18,14,9,12,7,5,13,11,9,12,5,0,0,3,2,3,5,3,3,1,27,32
"10747",9,7,8,18,16,9,12,7,5,18,14,9,12,2,3,0,2,0,0,3,2,2,1,30,34
"10748",10,10,8,18,16,13,12,7,8,18,16,9,12,4,1,3,4,1,0,3,4,1,2,33,38
"10749",11,10,9,18,18,13,12,10,8,18,16,13,12,1,0,0,2,1,1,1,2,2,1,34,40
"10750",12,10,9,18,18,13,12,10,9,18,18,13,12,1,1,0,NA,0,0,0,0,0,0,34,40
"10751",0,0,0,0,0,0,0,0,0,0,0,0,0,0,0,0,0,0,0,0,0,0,0,0,0
"10752",1,3,1,7,1,3,1,1,1,1,1,1,1,2,6,2,2,2,0,6,2,3,2,8,2
"10753",2,5,1,7,1,6,1,3,1,7,1,3,1,2,0,0,1,3,3,2,3,1,2,10,5
"10754",3,5,1,8,4,6,1,5,1,7,1,6,1,1,3,0,3,0,0,1,3,3,1,11,8
"10755",4,5,5,14,4,6,4,5,1,8,4,6,1,3,6,3,3,3,0,6,3,3,3,21,11
"10756",5,5,5,17,4,6,5,5,5,14,4,6,4,3,0,0,1,1,3,3,1,3,3,24,12
"10757",6,5,6,17,4,9,5,5,5,17,4,6,5,1,3,0,3,0,0,1,3,2,2,25,15
"10758",7,8,18,17,4,9,10,5,6,17,4,9,5,6,5,1,5,1,0,6,5,2,3,40,20
"10759",8,8,19,17,4,14,10,8,18,17,4,9,10,1,0,0,4,5,6,1,5,2,2,41,25
"10760",9,13,25,22,1,14,14,8,19,17,4,14,10,4,6,0,4,0,0,6,4,2,3,57,26
"10761",10,13,29,22,2,14,14,13,25,22,1,14,14,4,1,2,1,2,0,4,1,2,1,61,27
"10762",11,15,29,22,2,14,16,13,29,22,2,14,14,2,0,0,2,2,4,2,2,1,3,63,29
"10763",12,15,29,22,2,14,16,15,29,22,2,14,16,2,4,0,NA,0,0,0,0,0,0,63,29
"10764",0,0,0,0,0,0,0,0,0,0,0,0,0,0,0,0,0,0,0,0,0,0,0,0,0
"10765",1,1,1,5,1,1,5,1,1,1,1,1,1,4,4,1,4,1,0,4,4,3,3,4,4
"10766",2,2,1,5,1,6,5,1,1,5,1,1,5,1,0,0,3,4,5,1,5,1,2,5,9
"10767",3,2,1,9,1,9,5,2,1,5,1,6,5,3,4,0,3,0,0,4,3,3,2,9,12
"10768",4,4,7,9,7,12,5,2,1,9,1,9,5,6,6,2,6,2,0,6,6,2,1,17,21
"10769",5,6,7,9,7,16,5,4,7,9,7,12,5,2,0,0,1,1,4,2,4,1,2,19,25
"10770",6,7,7,9,7,16,6,6,7,9,7,16,5,1,1,0,1,0,0,1,1,1,3,20,26
"10771",7,7,7,14,7,16,9,7,7,9,7,16,6,5,3,1,3,1,0,5,3,3,3,25,29
"10772",8,7,7,15,12,16,9,7,7,14,7,16,9,1,0,0,1,5,4,1,5,3,1,26,34
"10773",9,7,11,15,12,17,9,7,7,15,12,16,9,1,4,0,1,0,0,4,1,2,2,30,35
"10774",10,7,15,15,12,19,9,7,11,15,12,17,9,1,2,4,1,2,0,4,2,2,2,34,37
"10775",11,7,16,15,17,19,9,7,15,15,12,19,9,1,0,0,5,4,5,1,5,2,1,35,42
"10776",12,7,16,15,17,19,9,7,16,15,17,19,9,4,5,0,NA,0,0,0,0,0,0,35,42
"10777",0,0,0,0,0,0,0,0,0,0,0,0,0,0,0,0,0,0,0,0,0,0,0,0,0
"10778",1,1,3,7,1,1,6,1,1,1,1,1,1,6,2,5,2,5,0,6,5,3,3,8,5
"10779",2,3,3,7,7,5,6,1,3,7,1,1,6,2,0,0,2,4,6,2,6,1,1,10,15
"10780",3,7,3,7,7,7,6,3,3,7,7,5,6,2,4,0,2,0,0,4,2,1,2,14,17
"10781",4,7,8,7,10,7,6,7,3,7,7,7,6,3,5,2,3,2,0,5,3,2,1,19,20
"10782",5,7,10,7,10,17,6,7,8,7,10,7,6,2,0,0,2,6,3,2,6,2,2,21,30
"10783",6,7,12,7,10,17,9,7,10,7,10,17,6,2,3,0,3,0,0,2,3,2,3,23,33
"10784",7,7,12,12,13,17,9,7,12,7,10,17,9,3,1,5,3,1,0,5,3,3,1,28,36
"10785",8,7,13,12,13,17,16,7,12,12,13,17,9,1,0,0,1,1,6,1,6,2,3,29,43
"10786",9,7,14,12,14,17,16,7,13,12,13,17,16,1,1,0,1,0,0,1,1,2,1,30,44
"10787",10,9,14,12,17,17,16,7,14,12,14,17,16,3,2,1,3,1,0,2,3,1,1,32,47
"10788",11,10,14,12,22,17,16,9,14,12,17,17,16,1,0,0,5,3,3,1,5,1,1,33,52
"10789",12,10,14,12,22,17,16,10,14,12,22,17,16,3,3,0,NA,0,0,0,0,0,0,33,52
"10790",0,0,0,0,0,0,0,0,0,0,0,0,0,0,0,0,0,0,0,0,0,0,0,0,0
"10791",1,1,1,6,1,1,4,1,1,1,1,1,1,2,3,5,2,3,0,5,3,3,3,5,3
"10792",2,3,1,6,1,1,12,1,1,6,1,1,4,2,0,0,6,6,3,2,6,1,3,7,11
"10793",3,9,4,6,4,1,12,3,1,6,1,1,12,6,3,0,3,0,0,6,3,1,1,16,14
"10794",4,12,4,6,4,3,12,9,4,6,4,1,12,1,2,3,1,2,0,3,2,1,2,19,16
"10795",5,12,4,7,4,3,19,12,4,6,4,3,12,1,0,0,6,2,2,1,6,3,3,20,23
"10796",6,12,4,9,4,5,19,12,4,7,4,3,19,2,2,0,2,0,0,2,2,3,2,22,25
"10797",7,17,4,9,8,5,19,12,4,9,4,5,19,2,4,5,2,4,0,5,4,1,1,27,29
"10798",8,17,6,9,10,11,19,17,4,9,8,5,19,2,0,0,5,6,5,2,6,2,2,29,37
"10799",9,17,6,14,15,11,19,17,6,9,10,11,19,5,5,0,5,0,0,5,5,3,1,34,42
"10800",10,17,10,14,21,11,24,17,6,14,15,11,19,2,4,6,2,6,0,4,6,2,1,38,53
"10801",11,19,10,14,22,11,24,17,10,14,21,11,24,2,0,0,1,6,5,2,1,1,1,40,54
"10802",12,19,10,14,22,11,24,19,10,14,22,11,24,6,5,0,NA,0,0,0,0,0,0,40,54
"10803",0,0,0,0,0,0,0,0,0,0,0,0,0,0,0,0,0,0,0,0,0,0,0,0,0
"10804",1,5,1,1,1,1,3,1,1,1,1,1,1,2,1,4,2,1,0,4,2,1,3,4,2
"10805",2,5,1,2,1,7,4,5,1,1,1,1,3,1,0,0,3,6,3,1,6,3,2,5,9
"10806",3,5,4,2,4,7,4,5,1,2,1,7,4,3,3,0,3,0,0,3,3,2,1,8,12
"10807",4,5,8,2,4,7,12,5,4,2,4,7,4,4,6,1,6,1,0,4,6,2,3,12,20
"10808",5,6,8,2,7,7,12,5,8,2,4,7,12,1,0,0,3,3,3,1,3,1,1,13,23
"10809",6,6,11,2,7,10,12,6,8,2,7,7,12,3,3,0,3,0,0,3,3,2,2,16,26
"10810",7,6,17,3,13,16,14,6,11,2,7,10,12,6,3,6,3,6,0,6,6,2,2,23,40
"10811",8,6,20,1,19,21,16,6,17,3,13,16,14,3,0,0,4,6,6,3,6,2,1,24,53
"10812",9,9,26,9,23,1,16,6,20,1,19,21,16,4,6,0,4,0,0,6,4,2,1,41,37
"10813",10,9,30,9,26,1,16,9,26,9,23,1,16,2,4,3,2,3,0,4,3,2,1,45,40
"10814",11,1,30,11,28,1,16,9,30,9,26,1,16,2,0,0,1,1,1,2,1,3,1,39,42
"10815",12,1,30,11,28,1,16,1,30,11,28,1,16,1,1,0,NA,0,0,0,0,0,0,39,42
"10816",0,0,0,0,0,0,0,0,0,0,0,0,0,0,0,0,0,0,0,0,0,0,0,0,0
"10817",1,1,1,5,1,1,5,1,1,1,1,1,1,4,4,4,4,4,0,4,4,3,3,4,4
"10818",2,1,5,5,1,1,10,1,1,5,1,1,5,4,0,0,5,5,5,4,5,2,3,8,9
"10819",3,1,10,5,1,6,10,1,5,5,1,1,10,5,5,0,5,0,0,5,5,2,2,13,14
"10820",4,6,10,5,6,6,10,1,10,5,1,6,10,5,2,5,2,5,0,5,5,1,1,18,19
"10821",5,6,10,7,10,6,10,6,10,5,6,6,10,2,0,0,2,4,4,2,4,3,1,20,23
"10822",6,6,14,7,10,8,10,6,10,7,10,6,10,2,4,0,2,0,0,4,2,2,2,24,25
"10823",7,10,14,7,10,8,14,6,14,7,10,8,10,4,4,1,4,1,0,4,4,1,3,28,29
"10824",8,10,14,8,14,8,14,10,14,7,10,8,14,1,0,0,4,3,4,1,4,3,1,29,33
"10825",9,14,14,8,17,8,14,10,14,8,14,8,14,3,4,0,3,0,0,4,3,1,1,33,36
"10826",10,20,17,8,21,8,14,14,14,8,17,8,14,3,6,4,3,4,0,6,4,1,1,42,40
"10827",11,23,17,8,21,8,18,20,17,8,21,8,14,3,0,0,4,3,3,3,4,1,3,45,44
"10828",12,23,17,8,21,8,18,23,17,8,21,8,18,3,3,0,NA,0,0,0,0,0,0,45,44
"10829",0,0,0,0,0,0,0,0,0,0,0,0,0,0,0,0,0,0,0,0,0,0,0,0,0
"10830",1,6,7,7,2,1,1,1,1,1,1,1,1,1,6,1,1,1,0,6,1,2,1,17,1
"10831",2,6,8,7,6,1,1,6,7,7,2,1,1,1,0,0,5,4,3,1,4,2,1,18,5
"10832",3,6,13,7,6,4,1,6,8,7,6,1,1,5,3,0,3,0,0,5,3,2,2,23,8
"10833",4,6,13,14,8,10,1,6,13,7,6,4,1,2,6,6,2,6,0,6,6,3,2,30,16
"10834",5,8,13,14,8,15,1,6,13,14,8,10,1,2,0,0,3,1,5,2,5,1,2,32,21
"10835",6,8,16,14,8,16,1,8,13,14,8,15,1,3,1,0,1,0,0,3,1,2,2,35,22
"10836",7,13,16,14,8,28,3,8,16,14,8,16,1,6,5,5,6,5,0,5,6,1,2,40,36
"10837",8,18,16,14,8,33,3,13,16,14,8,28,3,5,0,0,2,5,5,5,5,1,2,45,41
"10838",9,18,16,19,10,33,3,18,16,14,8,33,3,2,5,0,2,0,0,5,2,3,1,50,43
"10839",10,18,20,19,10,37,3,18,16,19,10,33,3,4,5,4,5,4,0,4,4,2,2,54,47
"10840",11,23,20,19,12,39,3,18,20,19,10,37,3,5,0,0,2,2,3,5,2,1,2,59,89
"10841",12,23,20,19,12,39,3,23,20,19,12,39,3,2,3,0,NA,0,0,0,0,0,0,59,89
"10842",0,0,0,0,0,0,0,0,0,0,0,0,0,0,0,0,0,0,0,0,0,0,0,0,0
"10843",1,1,5,1,5,1,1,1,1,1,1,1,1,4,4,4,4,4,0,4,4,2,1,4,4
"10844",2,5,5,1,5,5,1,1,5,1,5,1,1,4,0,0,4,2,5,4,4,1,2,8,8
"10845",3,5,5,6,5,7,1,5,5,1,5,5,1,2,5,0,2,0,0,5,2,3,2,13,10
"10846",4,5,17,6,9,7,1,5,5,6,5,7,1,6,4,5,4,5,0,6,4,2,1,25,14
"10847",5,10,17,6,14,7,1,5,17,6,9,7,1,5,0,0,4,2,5,5,5,1,1,30,19
"10848",6,10,19,6,18,7,1,10,17,6,14,7,1,4,2,0,4,0,0,2,4,2,1,32,23
"10849",7,10,23,6,20,7,1,10,19,6,18,7,1,4,1,2,1,2,0,4,2,2,1,36,25
"10850",8,10,1,6,20,7,10,10,23,6,20,7,1,1,0,0,5,4,6,1,5,2,3,14,34
"10851",9,16,3,6,20,11,10,10,1,6,20,7,10,4,6,0,4,0,0,6,4,1,2,22,38
"10852",10,20,3,6,20,12,10,16,3,6,20,11,10,1,1,4,1,1,0,4,1,1,2,26,39
"10853",11,21,1,6,20,18,31,20,3,6,20,12,10,1,0,0,1,6,2,1,6,1,2,25,66
"10854",12,21,1,6,20,18,31,21,1,6,20,18,31,1,2,0,NA,0,0,0,0,0,0,25,66
"10855",0,0,0,0,0,0,0,0,0,0,0,0,0,0,0,0,0,0,0,0,0,0,0,0,0
"10856",1,1,1,5,7,1,6,1,1,1,1,1,1,4,6,4,6,4,0,4,6,3,1,4,11
"10857",2,1,5,5,7,1,11,1,1,5,7,1,6,4,0,0,3,1,5,4,5,2,3,8,16
"10858",3,4,5,5,8,1,11,1,5,5,7,1,11,3,1,0,1,0,0,3,1,1,1,11,17
"10859",4,14,5,5,9,1,11,4,5,5,8,1,11,1,6,1,1,1,0,6,1,1,1,21,18
"10860",5,14,6,5,9,7,12,14,5,5,9,1,11,1,0,0,1,6,4,1,6,2,2,22,25
"10861",6,14,10,5,10,7,12,14,6,5,9,7,12,1,4,0,1,0,0,4,1,2,1,26,26
"10862",7,23,10,5,10,9,12,14,10,5,10,7,12,2,6,2,2,2,0,6,2,1,2,35,28
"10863",8,25,10,5,12,9,12,23,10,5,10,9,12,2,0,0,2,2,4,2,2,1,1,37,30
"10864",9,30,10,11,16,1,12,25,10,5,12,9,12,2,4,0,4,0,0,2,4,1,1,48,26
"10865",10,30,15,11,16,3,12,30,10,11,16,1,12,5,2,2,2,2,0,5,2,2,2,53,28
"10866",11,1,17,11,21,12,12,30,15,11,16,3,12,2,0,0,6,2,2,2,6,2,2,26,42
"10867",12,1,17,11,21,12,12,1,17,11,21,12,12,2,2,0,NA,0,0,0,0,0,0,26,42
"10868",0,0,0,0,0,0,0,0,0,0,0,0,0,0,0,0,0,0,0,0,0,0,0,0,0
"10869",1,1,1,5,1,5,1,1,1,1,1,1,1,4,1,4,1,4,0,4,4,3,2,4,4
"10870",2,1,1,6,1,11,2,1,1,5,1,5,1,1,0,0,1,1,6,1,6,3,2,5,11
"10871",3,2,1,6,1,11,3,1,1,6,1,11,2,1,1,0,1,0,0,1,1,1,3,6,12
"10872",4,2,2,6,1,11,5,2,1,6,1,11,3,3,2,1,3,2,0,1,2,2,3,7,14
"10873",5,2,5,6,7,12,5,2,2,6,1,11,5,3,0,0,4,2,6,3,6,2,1,10,21
"10874",6,2,5,10,9,12,5,2,5,6,7,12,5,4,2,0,2,0,0,4,2,3,1,14,23
"10875",7,2,5,15,13,12,5,2,5,10,9,12,5,5,1,4,1,4,0,5,4,3,1,19,27
"10876",8,2,6,15,13,12,10,2,5,15,13,12,5,1,0,0,4,5,4,1,5,2,3,20,32
"10877",9,2,10,15,13,12,14,2,6,15,13,12,10,4,4,0,4,0,0,4,4,2,3,24,36
"10878",10,3,10,15,13,16,14,2,10,15,13,12,14,1,4,4,4,4,0,1,4,1,2,25,40
"10879",11,7,10,15,18,16,14,3,10,15,13,16,14,4,0,0,5,5,2,4,5,1,1,29,45
"10880",12,7,10,15,18,16,14,7,10,15,18,16,14,5,2,0,NA,0,0,0,0,0,0,29,45
"10881",0,0,0,0,0,0,0,0,0,0,0,0,0,0,0,0,0,0,0,0,0,0,0,0,0
"10882",1,1,1,2,1,5,1,1,1,1,1,1,1,1,1,4,1,4,0,1,4,3,2,1,4
"10883",2,1,1,3,5,5,7,1,1,2,1,5,1,1,0,0,2,1,6,1,6,3,3,2,14
"10884",3,3,1,3,5,6,7,1,1,3,5,5,7,2,1,0,1,0,0,2,1,1,2,4,15
"10885",4,3,3,3,11,11,7,3,1,3,5,6,7,4,2,6,4,6,0,2,6,2,1,6,26
"10886",5,7,3,3,11,11,10,3,3,3,11,11,7,4,0,0,3,1,1,4,3,1,3,10,29
"10887",6,7,3,4,11,12,10,7,3,3,11,11,10,1,1,0,1,0,0,1,1,3,2,11,30
"10888",7,7,3,9,11,12,14,7,3,4,11,12,10,4,5,5,4,5,0,5,4,3,3,16,34
"10889",8,7,3,14,13,12,14,7,3,9,11,12,14,5,0,0,1,1,2,5,2,3,1,21,36
"10890",9,8,3,14,13,13,14,7,3,14,13,12,14,1,1,0,1,0,0,1,1,1,2,22,37
"10891",10,13,3,14,13,16,14,8,3,14,13,13,14,3,5,3,3,3,0,5,3,1,2,27,40
"10892",11,16,3,14,18,16,14,13,3,14,13,16,14,3,0,0,5,4,6,3,5,1,1,30,45
"10893",12,16,3,14,18,16,14,16,3,14,18,16,14,4,6,0,NA,0,0,0,0,0,0,30,45
"10894",0,0,0,0,0,0,0,0,0,0,0,0,0,0,0,0,0,0,0,0,0,0,0,0,0
"10895",1,1,1,4,1,5,1,1,1,1,1,1,1,3,4,4,4,4,0,3,4,3,2,3,4
"10896",2,1,1,8,5,5,1,1,1,4,1,5,1,4,0,0,5,3,4,4,4,3,1,7,8
"10897",3,6,1,8,8,5,1,1,1,8,5,5,1,5,3,0,3,0,0,5,3,1,1,12,11
"10898",4,6,1,11,8,5,2,6,1,8,8,5,1,1,2,3,1,2,0,3,1,3,3,15,12
"10899",5,6,1,13,9,11,2,6,1,11,8,5,2,2,0,0,6,6,6,2,6,3,2,17,19
"10900",6,6,4,19,9,17,7,6,1,13,9,11,2,6,6,0,6,0,0,6,6,3,2,26,30
"10901",7,6,6,19,9,17,9,6,4,19,9,17,7,2,2,2,2,2,0,2,2,2,3,28,32
"10902",8,6,8,19,15,17,15,6,6,19,9,17,9,2,0,0,2,6,3,2,6,2,3,30,44
"10903",9,8,8,19,18,17,15,6,8,19,15,17,15,2,3,0,3,0,0,2,3,1,1,32,47
"10904",10,8,13,19,24,19,15,8,8,19,18,17,15,4,5,6,4,6,0,5,6,2,1,37,55
"10905",11,8,17,19,24,20,15,8,13,19,24,19,15,4,0,0,1,4,6,4,1,2,2,41,56
"10906",12,8,17,19,24,20,15,8,17,19,24,20,15,4,6,0,NA,0,0,0,0,0,0,41,56
"10907",0,0,0,0,0,0,0,0,0,0,0,0,0,0,0,0,0,0,0,0,0,0,0,0,0
"10908",1,1,1,8,6,1,1,1,1,1,1,1,1,6,5,1,5,1,0,6,5,3,1,7,5
"10909",2,2,1,8,6,6,1,1,1,8,6,1,1,1,0,0,5,5,5,1,5,1,2,8,10
"10910",3,7,1,8,11,6,1,2,1,8,6,6,1,5,5,0,5,0,0,5,5,1,1,13,15
"10911",4,7,1,11,11,8,1,7,1,8,11,6,1,1,2,3,1,2,0,3,2,3,2,16,17
"10912",5,7,2,11,13,8,1,7,1,11,11,8,1,1,0,0,2,2,2,1,2,2,1,17,19
"10913",6,7,4,11,13,10,1,7,2,11,13,8,1,2,2,0,2,0,0,2,2,2,2,19,21
"10914",7,7,8,17,18,10,1,7,4,11,13,10,1,6,5,1,5,1,0,6,5,3,1,29,26
"10915",8,8,8,17,18,13,1,7,8,17,18,10,1,1,0,0,2,2,3,1,3,1,2,30,29
"10916",9,10,8,17,18,15,1,8,8,17,18,13,1,2,2,0,2,0,0,2,2,1,2,32,31
"10917",10,10,13,17,23,15,1,10,8,17,18,15,1,2,5,5,2,5,0,5,5,2,1,37,36
"10918",11,10,15,17,27,15,1,10,13,17,23,15,1,2,0,0,3,3,4,2,4,2,1,39,40
"10919",12,10,15,17,27,15,1,10,15,17,27,15,1,3,3,0,NA,0,0,0,0,0,0,39,40
"10920",0,0,0,0,0,0,0,0,0,0,0,0,0,0,0,0,0,0,0,0,0,0,0,0,0
"10921",1,1,1,5,1,4,1,1,1,1,1,1,1,3,2,4,3,2,0,4,3,3,2,4,3
"10922",2,1,3,5,1,7,1,1,1,5,1,4,1,2,0,0,5,1,3,2,3,2,2,6,6
"10923",3,1,3,10,1,7,2,1,3,5,1,7,1,5,1,0,1,0,0,5,1,3,3,11,7
"10924",4,2,3,16,1,7,5,1,3,10,1,7,2,3,1,6,3,1,0,6,3,3,3,18,10
"10925",5,2,4,16,1,7,7,2,3,16,1,7,5,1,0,0,2,6,2,1,2,2,3,19,12
"10926",6,14,8,16,3,7,7,2,4,16,1,7,7,6,2,0,2,0,0,6,2,1,1,35,14
"10927",7,14,8,17,3,7,11,14,8,16,3,7,7,1,1,4,1,4,0,1,4,3,3,36,18
"10928",8,14,8,18,3,10,11,14,8,17,3,7,11,1,0,0,4,3,1,1,3,3,2,37,21
"10929",9,15,8,18,3,14,11,14,8,18,3,10,11,4,1,0,4,0,0,1,4,1,2,38,25
"10930",10,15,9,18,6,14,11,15,8,18,3,14,11,1,3,1,3,1,0,1,3,2,1,39,28
"10931",11,16,9,18,12,17,11,15,9,18,6,14,11,1,0,0,3,6,6,1,6,1,1,40,37
"10932",12,16,9,18,12,17,11,16,9,18,12,17,11,3,6,0,NA,0,0,0,0,0,0,40,37
"10933",0,0,0,0,0,0,0,0,0,0,0,0,0,0,0,0,0,0,0,0,0,0,0,0,0
"10934",1,11,1,1,1,7,7,1,1,1,1,1,1,6,1,6,1,6,0,6,6,1,3,10,12
"10935",2,11,1,2,1,13,10,11,1,1,1,7,7,1,0,0,6,4,2,1,6,3,2,11,21
"10936",3,15,1,2,1,13,12,11,1,2,1,13,10,4,2,0,2,0,0,4,2,1,3,15,23
"10937",4,15,3,2,1,17,12,15,1,2,1,13,12,2,2,4,2,4,0,2,4,2,2,17,27
"10938",5,15,3,4,6,17,12,15,3,2,1,17,12,2,0,0,5,2,5,2,5,3,1,19,32
"10939",6,15,8,4,6,19,12,15,3,4,6,17,12,2,5,0,2,0,0,5,2,2,2,24,34
"10940",7,20,8,4,18,19,12,15,8,4,6,19,12,6,5,4,6,4,0,5,6,1,1,29,46
"10941",8,24,8,4,18,21,12,20,8,4,18,19,12,4,0,0,2,2,2,4,2,1,2,33,48
"10942",9,26,8,4,18,21,14,24,8,4,18,21,12,2,2,0,2,0,0,2,2,1,3,35,50
"10943",10,26,9,4,18,21,15,26,8,4,18,21,14,3,1,1,3,1,0,1,1,2,3,36,51
"10944",11,29,9,4,19,21,21,26,9,4,18,21,15,3,0,0,4,3,6,3,6,1,3,39,58
"10945",12,29,9,4,19,21,21,29,9,4,19,21,21,4,3,0,NA,0,0,0,0,0,0,39,58
"10946",0,0,0,0,0,0,0,0,0,0,0,0,0,0,0,0,0,0,0,0,0,0,0,0,0
"10947",1,7,6,1,1,3,1,1,1,1,1,1,1,6,1,2,1,2,0,6,2,1,2,11,2
"10948",2,7,6,2,1,9,3,7,6,1,1,3,1,1,0,0,5,6,5,1,6,3,2,12,10
"10949",3,7,11,2,1,9,8,7,6,2,1,9,3,5,5,0,5,0,0,5,5,2,3,17,15
"10950",4,13,11,4,4,9,8,7,11,2,1,9,8,6,3,1,3,1,0,6,3,1,1,25,18
"10951",5,14,11,4,9,9,8,13,11,4,4,9,8,1,0,0,3,5,2,1,5,1,1,26,23
"10952",6,14,13,4,9,12,8,14,11,4,9,9,8,3,2,0,3,0,0,2,3,2,2,28,26
"10953",7,14,17,4,13,12,8,14,13,4,9,12,8,4,4,2,4,2,0,4,4,2,1,32,30
"10954",8,16,17,4,19,15,8,14,17,4,13,12,8,2,0,0,2,5,6,2,6,1,1,34,39
"10955",9,16,22,4,21,15,8,16,17,4,19,15,8,2,5,0,2,0,0,5,2,2,1,39,41
"10956",10,22,23,10,25,15,8,16,22,4,21,15,8,4,3,6,4,3,0,6,4,1,1,52,45
"10957",11,23,26,10,25,15,4,22,23,10,25,15,8,3,0,0,3,2,3,3,3,2,3,56,41
"10958",12,23,26,10,25,15,4,23,26,10,25,15,4,2,3,0,NA,0,0,0,0,0,0,56,41
"10959",0,0,0,0,0,0,0,0,0,0,0,0,0,0,0,0,0,0,0,0,0,0,0,0,0
"10960",1,5,1,7,2,7,1,1,1,1,1,1,1,5,6,6,5,6,0,6,6,3,2,10,7
"10961",2,5,1,12,4,19,1,5,1,7,2,7,1,5,0,0,2,6,3,5,6,3,2,15,21
"10962",3,8,1,12,6,19,1,5,1,12,4,19,1,2,3,0,2,0,0,3,2,1,1,18,23
"10963",4,8,1,17,8,19,1,8,1,12,6,19,1,3,2,5,3,2,0,5,2,3,1,23,25
"10964",5,8,4,17,9,19,1,8,1,17,8,19,1,3,0,0,1,3,1,3,1,2,1,26,26
"10965",6,8,7,17,9,19,2,8,4,17,9,19,1,3,1,0,1,0,0,3,1,2,3,29,27
"10966",7,8,7,18,9,22,2,8,7,17,9,19,2,1,3,1,3,1,0,1,3,3,2,30,30
"10967",8,8,7,19,14,22,2,8,7,18,9,22,2,1,0,0,5,5,4,1,5,3,1,31,35
"10968",9,13,7,19,18,22,2,8,7,19,14,22,2,5,4,0,4,0,0,5,4,1,1,36,39
"10969",10,18,13,19,18,27,2,13,7,19,18,22,2,3,6,5,3,5,0,6,5,2,2,47,44
"10970",11,18,16,19,18,32,2,18,13,19,18,27,2,3,0,0,4,5,3,3,5,2,2,50,49
"10971",12,18,16,19,18,32,2,18,16,19,18,32,2,4,3,0,NA,0,0,0,0,0,0,50,49
"10972",0,0,0,0,0,0,0,0,0,0,0,0,0,0,0,0,0,0,0,0,0,0,0,0,0
"10973",1,6,1,1,1,1,3,1,1,1,1,1,1,2,5,2,2,2,0,5,2,1,3,5,2
"10974",2,6,3,1,1,6,3,6,1,1,1,1,3,2,0,0,1,5,1,2,5,2,2,7,7
"10975",3,6,4,1,1,7,3,6,3,1,1,6,3,1,1,0,1,0,0,1,1,2,2,8,8
"10976",4,12,4,9,1,10,3,6,4,1,1,7,3,6,3,2,3,2,0,6,3,3,2,22,11
"10977",5,12,6,9,1,10,7,12,4,9,1,10,3,2,0,0,4,1,1,2,4,2,3,24,15
"10978",6,12,7,9,1,11,7,12,6,9,1,10,7,1,1,0,1,0,0,1,1,2,2,25,16
"10979",7,12,10,9,1,15,7,12,7,9,1,11,7,3,1,4,1,4,0,3,4,2,2,28,20
"10980",8,12,10,10,4,15,7,12,10,9,1,15,7,1,0,0,6,1,3,1,3,3,1,29,23
"10981",9,12,16,14,4,15,8,12,10,10,4,15,7,6,1,0,1,0,0,6,1,2,3,39,24
"10982",10,12,20,14,4,20,8,12,16,14,4,15,8,5,1,4,5,1,0,4,5,2,2,43,29
"10983",11,13,20,14,4,24,8,12,20,14,4,20,8,1,0,0,4,3,2,1,4,1,2,44,33
"10984",12,13,20,14,4,24,8,13,20,14,4,24,8,3,2,0,NA,0,0,0,0,0,0,44,33
"10985",0,0,0,0,0,0,0,0,0,0,0,0,0,0,0,0,0,0,0,0,0,0,0,0,0
"10986",1,1,1,6,7,12,1,1,1,1,1,1,1,6,6,5,6,6,0,5,6,3,2,5,17
"10987",2,9,1,6,15,12,1,1,1,6,7,12,1,6,0,0,4,4,6,6,6,1,1,13,25
"10988",3,13,1,6,19,12,1,9,1,6,15,12,1,4,4,0,4,0,0,4,4,1,1,17,29
"10989",4,13,1,10,19,12,2,13,1,6,19,12,1,1,4,2,1,2,0,4,1,3,3,21,30
"10990",5,13,3,10,22,12,2,13,1,10,19,12,2,2,0,0,3,3,2,2,3,2,1,23,33
"10991",6,16,3,10,22,12,4,13,3,10,22,12,2,3,2,0,2,0,0,3,2,1,3,26,35
"10992",7,17,4,10,1,19,4,16,3,10,22,12,4,3,6,1,3,6,0,1,6,2,2,28,21
"10993",8,17,1,10,1,25,6,17,4,10,1,19,4,3,0,0,5,6,2,3,6,2,2,25,29
"10994",9,17,6,10,1,25,8,17,1,10,1,25,6,5,2,0,2,0,0,5,2,2,3,30,31
"10995",10,17,6,14,1,28,8,17,6,10,1,25,8,3,2,4,3,2,0,4,3,3,2,34,34
"10996",11,17,6,1,2,39,8,17,6,14,1,28,8,2,0,0,5,6,6,2,6,3,2,21,84
"10997",12,17,6,1,2,39,8,17,6,1,2,39,8,5,6,0,NA,0,0,0,0,0,0,21,84
"10998",0,0,0,0,0,0,0,0,0,0,0,0,0,0,0,0,0,0,0,0,0,0,0,0,0
"10999",1,3,1,1,1,5,1,1,1,1,1,1,1,2,3,4,3,4,0,2,4,1,2,2,4
"11000",2,3,4,1,1,5,5,3,1,1,1,5,1,3,0,0,4,4,2,3,4,2,3,5,8
"11001",3,7,4,1,1,7,5,3,4,1,1,5,5,4,2,0,2,0,0,4,2,1,2,9,10
"11002",4,12,4,1,1,12,5,7,4,1,1,7,5,2,5,5,2,5,0,5,5,1,2,14,15
"11003",5,14,4,1,7,12,9,12,4,1,1,12,5,2,0,0,2,4,6,2,6,1,1,16,25
"11004",6,18,4,1,7,14,9,14,4,1,7,12,9,2,4,0,2,0,0,4,2,1,2,20,27
"11005",7,25,5,1,3,14,9,18,4,1,7,14,9,1,6,2,1,2,0,6,2,1,1,28,23
"11006",8,1,5,1,13,20,9,25,5,1,3,14,9,1,0,0,6,2,6,1,6,1,2,4,39
"11007",9,12,5,1,13,20,11,1,5,1,13,20,9,2,6,0,2,0,0,6,2,1,3,15,41
"11008",10,12,7,2,16,7,11,12,5,1,13,20,11,6,2,1,6,2,0,1,6,3,2,18,31
"11009",11,14,7,2,16,11,11,12,7,2,16,7,11,2,0,0,4,1,3,2,4,1,2,20,35
"11010",12,14,7,2,16,11,11,14,7,2,16,11,11,1,3,0,NA,0,0,0,0,0,0,20,35
"11011",0,0,0,0,0,0,0,0,0,0,0,0,0,0,0,0,0,0,0,0,0,0,0,0,0
"11012",1,7,4,1,5,1,7,1,1,1,1,1,1,6,4,6,4,6,0,6,6,1,3,9,10
"11013",2,7,8,1,7,1,7,7,4,1,5,1,7,4,0,0,2,1,2,4,2,2,1,13,12
"11014",3,7,8,3,7,2,7,7,8,1,7,1,7,1,2,0,1,0,0,2,1,3,2,15,13
"11015",4,7,8,8,7,2,11,7,8,3,7,2,7,4,5,3,4,3,0,5,4,3,3,20,17
"11016",5,7,11,8,7,2,14,7,8,8,7,2,11,3,0,0,3,2,3,3,3,2,3,23,20
"11017",6,9,11,8,7,2,17,7,11,8,7,2,14,2,3,0,3,0,0,2,3,1,3,25,23
"11018",7,9,15,8,7,2,19,9,11,8,7,2,17,4,1,2,1,2,0,4,2,2,3,29,25
"11019",8,9,15,9,12,2,19,9,15,8,7,2,19,1,0,0,5,4,1,1,5,3,1,30,30
"11020",9,9,19,9,12,3,19,9,15,9,12,2,19,4,1,0,1,0,0,4,1,2,2,34,31
"11021",10,9,19,18,12,3,23,9,19,9,12,3,19,4,6,2,4,2,0,6,4,3,3,43,35
"11022",11,9,19,20,12,8,23,9,19,18,12,3,23,2,0,0,6,5,3,2,5,3,2,45,40
"11023",12,9,19,20,12,8,23,9,19,20,12,8,23,6,3,0,NA,0,0,0,0,0,0,45,40
"11024",0,0,0,0,0,0,0,0,0,0,0,0,0,0,0,0,0,0,0,0,0,0,0,0,0
"11025",1,6,1,1,1,1,5,1,1,1,1,1,1,3,5,4,3,4,0,5,4,1,3,5,4
"11026",2,6,4,1,1,4,5,6,1,1,1,1,5,3,0,0,3,3,4,3,3,2,2,8,7
"11027",3,6,8,1,4,4,5,6,4,1,1,4,5,3,4,0,3,0,0,4,3,2,1,12,10
"11028",4,16,8,1,6,4,5,6,8,1,4,4,5,2,6,1,2,1,0,6,2,1,1,22,12
"11029",5,17,8,1,6,4,9,16,8,1,6,4,5,1,0,0,2,4,6,1,4,1,3,23,16
"11030",6,20,8,7,8,4,9,17,8,1,6,4,9,2,6,0,2,0,0,6,2,3,1,32,18
"11031",7,20,14,8,10,4,9,20,8,7,8,4,9,6,5,2,5,2,0,6,2,2,1,39,20
"11032",8,20,14,13,10,4,12,20,14,8,10,4,9,5,0,0,4,2,3,5,3,3,3,44,23
"11033",9,20,14,17,10,4,14,20,14,13,10,4,12,4,2,0,2,0,0,4,2,3,3,48,25
"11034",10,20,20,18,15,4,14,20,14,17,10,4,14,4,6,5,4,5,0,6,5,2,1,55,30
"11035",11,26,22,22,15,1,16,20,20,18,15,4,14,4,0,0,3,3,2,4,2,3,3,67,29
"11036",12,26,22,22,15,1,16,26,22,22,15,1,16,3,3,0,NA,0,0,0,0,0,0,67,29
"11037",0,0,0,0,0,0,0,0,0,0,0,0,0,0,0,0,0,0,0,0,0,0,0,0,0
"11038",1,1,1,9,6,1,1,1,1,1,1,1,1,5,5,6,5,5,0,6,5,3,1,8,5
"11039",2,1,6,9,10,7,1,1,1,9,6,1,1,5,0,0,5,2,6,5,6,2,2,13,15
"11040",3,6,6,9,12,7,1,1,6,9,10,7,1,5,2,0,2,0,0,5,2,1,1,18,17
"11041",4,6,6,11,12,14,1,6,6,9,12,7,1,2,6,2,6,2,0,2,6,3,2,20,24
"11042",5,6,8,11,12,14,3,6,6,11,12,14,1,2,0,0,2,2,1,2,2,2,3,22,26
"11043",6,8,8,11,13,14,3,6,8,11,12,14,3,2,1,0,1,0,0,2,1,1,1,24,27
"11044",7,8,8,14,13,16,3,8,8,11,13,14,3,2,3,2,2,2,0,3,2,3,2,27,29
"11045",8,10,8,14,19,16,9,8,8,14,13,16,3,2,0,0,1,6,5,2,6,1,1,29,41
"11046",9,10,8,19,19,16,10,10,8,14,19,16,9,1,5,0,1,0,0,5,1,3,3,34,42
"11047",10,10,8,22,19,16,14,10,8,19,19,16,10,2,3,4,2,4,0,3,4,3,3,37,46
"11048",11,12,8,22,23,16,14,10,8,22,19,16,14,2,0,0,4,1,4,2,4,1,1,39,50
"11049",12,12,8,22,23,16,14,12,8,22,23,16,14,1,4,0,NA,0,0,0,0,0,0,39,50
"11050",0,0,0,0,0,0,0,0,0,0,0,0,0,0,0,0,0,0,0,0,0,0,0,0,0
"11051",1,4,1,1,2,1,1,1,1,1,1,1,1,1,3,2,1,2,0,3,1,1,1,3,1
"11052",2,4,3,1,2,5,7,4,1,1,2,1,1,2,0,0,6,4,6,2,6,2,3,5,11
"11053",3,10,6,1,2,9,7,4,3,1,2,5,7,4,6,0,4,0,0,6,4,1,2,14,15
"11054",4,10,6,5,6,15,7,10,6,1,2,9,7,6,6,4,6,6,0,4,6,3,2,18,25
"11055",5,22,11,5,9,15,7,10,6,5,6,15,7,6,0,0,3,6,2,6,3,1,1,35,28
"11056",6,22,15,11,9,17,7,22,11,5,9,15,7,6,2,0,2,0,0,6,2,3,2,45,30
"11057",7,22,15,15,9,18,7,22,15,11,9,17,7,4,1,1,1,1,0,4,1,3,2,49,31
"11058",8,22,16,15,14,18,7,22,15,15,9,18,7,1,0,0,2,5,5,1,5,2,1,50,36
"11059",9,22,16,20,16,18,7,22,16,15,14,18,7,2,5,0,2,0,0,5,2,3,1,55,38
"11060",10,27,16,20,16,23,7,22,16,20,16,18,7,5,5,3,5,3,0,5,5,1,2,60,43
"11061",11,30,16,20,18,23,7,27,16,20,16,23,7,3,0,0,2,1,2,3,2,1,1,63,45
"11062",12,30,16,20,18,23,7,30,16,20,18,23,7,1,2,0,NA,0,0,0,0,0,0,63,45
"11063",0,0,0,0,0,0,0,0,0,0,0,0,0,0,0,0,0,0,0,0,0,0,0,0,0
"11064",1,1,8,1,1,3,1,1,1,1,1,1,1,6,2,2,2,2,0,6,2,2,2,7,2
"11065",2,3,8,1,1,9,6,1,8,1,1,3,1,2,0,0,1,6,2,2,6,1,2,9,13
"11066",3,3,8,3,2,9,6,3,8,1,1,9,6,1,2,0,1,0,0,2,1,3,1,11,14
"11067",4,3,10,3,6,9,6,3,8,3,2,9,6,4,2,4,4,4,0,2,4,2,1,13,18
"11068",5,3,10,7,12,13,6,3,10,3,6,9,6,4,0,0,3,6,4,4,6,3,1,17,28
"11069",6,3,14,7,12,16,6,3,10,7,12,13,6,3,4,0,3,0,0,4,3,2,2,21,31
"11070",7,3,14,11,15,16,6,3,14,7,12,16,6,1,3,4,1,3,0,4,3,3,1,25,34
"11071",8,3,15,11,15,16,10,3,14,11,15,16,6,1,0,0,4,3,4,1,4,2,3,26,38
"11072",9,7,15,11,15,16,13,3,15,11,15,16,10,3,4,0,3,0,0,4,3,1,3,30,41
"11073",10,7,18,11,20,16,19,7,15,11,15,16,13,6,3,3,6,3,0,3,6,2,3,33,52
"11074",11,10,18,11,25,16,19,7,18,11,20,16,19,3,0,0,5,5,5,3,5,1,1,36,57
"11075",12,10,18,11,25,16,19,10,18,11,25,16,19,5,5,0,NA,0,0,0,0,0,0,36,57
"11076",0,0,0,0,0,0,0,0,0,0,0,0,0,0,0,0,0,0,0,0,0,0,0,0,0
"11077",1,7,1,6,1,4,1,1,1,1,1,1,1,2,3,6,2,3,0,6,3,1,2,11,3
"11078",2,9,1,6,1,4,4,7,1,6,1,4,1,2,0,0,1,2,3,2,3,1,3,13,6
"11079",3,9,2,6,1,6,4,9,1,6,1,4,4,1,2,0,2,0,0,1,2,2,2,14,8
"11080",4,9,8,7,1,11,4,9,2,6,1,6,4,6,3,5,3,5,0,6,5,2,2,21,13
"11081",5,9,8,10,1,11,9,9,8,7,1,11,4,3,0,0,5,2,5,3,5,3,3,24,18
"11082",6,9,8,15,1,11,11,9,8,10,1,11,9,2,5,0,2,0,0,5,2,3,3,29,20
"11083",7,11,8,15,1,11,13,9,8,15,1,11,11,2,2,1,2,1,0,2,2,1,3,31,22
"11084",8,11,8,16,1,12,13,11,8,15,1,11,13,1,0,0,2,1,1,1,1,3,2,32,23
"11085",9,11,8,18,1,12,14,11,8,16,1,12,13,2,1,0,1,0,0,2,1,3,3,34,24
"11086",10,17,8,19,1,12,15,11,8,18,1,12,14,6,1,2,1,2,0,6,1,1,3,41,25
"11087",11,19,8,19,1,14,15,17,8,19,1,12,15,2,0,0,2,6,1,2,2,1,2,43,27
"11088",12,19,8,19,1,14,15,19,8,19,1,14,15,6,1,0,NA,0,0,0,0,0,0,43,27
"11089",0,0,0,0,0,0,0,0,0,0,0,0,0,0,0,0,0,0,0,0,0,0,0,0,0
"11090",1,1,1,4,6,1,1,1,1,1,1,1,1,3,5,2,5,2,0,3,5,3,1,3,5
"11091",2,1,1,6,6,1,6,1,1,4,6,1,1,2,0,0,1,5,1,2,5,3,3,5,10
"11092",3,2,1,6,6,1,7,1,1,6,6,1,6,1,1,0,1,0,0,1,1,1,3,6,11
"11093",4,2,3,6,9,1,7,2,1,6,6,1,7,1,3,2,1,3,0,2,3,2,1,8,14
"11094",5,2,3,7,9,6,7,2,3,6,9,1,7,1,0,0,2,5,2,1,5,3,2,9,19
"11095",6,2,3,9,9,8,7,2,3,7,9,6,7,2,2,0,2,0,0,2,2,3,2,11,21
"11096",7,2,4,9,12,8,7,2,3,9,9,8,7,1,3,2,3,2,0,1,3,2,1,12,24
"11097",8,2,4,11,12,8,11,2,4,9,12,8,7,2,0,0,4,1,1,2,4,3,3,14,28
"11098",9,2,5,11,13,8,11,2,4,11,12,8,11,1,1,0,1,0,0,1,1,2,1,15,29
"11099",10,2,5,16,13,8,15,2,5,11,13,8,11,5,3,4,3,4,0,5,4,3,3,20,33
"11100",11,2,8,16,17,8,15,2,5,16,13,8,15,3,0,0,4,1,4,3,4,2,1,23,37
"11101",12,2,8,16,17,8,15,2,8,16,17,8,15,1,4,0,NA,0,0,0,0,0,0,23,37
"11102",0,0,0,0,0,0,0,0,0,0,0,0,0,0,0,0,0,0,0,0,0,0,0,0,0
"11103",1,1,1,6,7,1,6,1,1,1,1,1,1,2,5,6,2,6,0,5,6,3,1,5,11
"11104",2,1,3,6,7,6,6,1,1,6,7,1,6,2,0,0,4,5,3,2,5,2,2,7,16
"11105",3,1,3,10,7,6,9,1,3,6,7,6,6,4,3,0,3,0,0,4,3,3,3,11,19
"11106",4,1,3,15,7,6,12,1,3,10,7,6,9,3,5,2,3,2,0,5,3,3,3,16,22
"11107",5,1,5,15,10,6,12,1,3,15,7,6,12,2,0,0,4,3,3,2,3,2,1,18,25
"11108",6,5,5,15,10,9,12,1,5,15,10,6,12,4,3,0,3,0,0,4,3,1,2,22,28
"11109",7,5,6,27,10,4,12,5,5,15,10,9,12,3,6,1,3,1,0,6,3,3,2,35,23
"11110",8,5,7,1,10,14,12,5,6,27,10,4,12,1,0,0,6,5,6,1,5,2,2,10,33
"11111",9,8,13,1,10,16,18,5,7,1,10,14,12,6,6,0,6,0,0,6,6,2,3,19,41
"11112",10,8,16,1,14,16,18,8,13,1,10,16,18,4,3,3,4,3,0,3,4,2,1,22,45
"11113",11,11,16,1,26,16,18,8,16,1,14,16,18,3,0,0,6,3,2,3,6,1,1,25,57
"11114",12,11,16,1,26,16,18,11,16,1,26,16,18,3,2,0,NA,0,0,0,0,0,0,25,57
"11115",0,0,0,0,0,0,0,0,0,0,0,0,0,0,0,0,0,0,0,0,0,0,0,0,0
"11116",1,6,1,1,2,7,1,1,1,1,1,1,1,6,5,2,6,2,0,5,6,1,2,5,7
"11117",2,6,1,3,2,7,5,6,1,1,2,7,1,2,0,0,4,4,4,2,4,3,3,7,11
"11118",3,10,1,3,2,7,9,6,1,3,2,7,5,4,4,0,4,0,0,4,4,1,3,11,15
"11119",4,10,4,3,2,10,9,10,1,3,2,7,9,3,2,3,2,3,0,3,3,2,2,14,18
"11120",5,10,4,5,2,15,9,10,4,3,2,10,9,2,0,0,5,1,2,2,5,3,2,16,23
"11121",6,10,4,7,2,15,10,10,4,5,2,15,9,1,2,0,1,0,0,2,1,3,3,18,24
"11122",7,10,4,11,2,19,10,10,4,7,2,15,10,3,4,4,3,4,0,4,4,3,2,22,28
"11123",8,10,7,11,2,19,11,10,4,11,2,19,10,3,0,0,1,1,2,3,1,2,3,25,29
"11124",9,12,7,11,2,20,11,10,7,11,2,19,11,1,2,0,1,0,0,2,1,1,2,27,30
"11125",10,18,7,14,4,20,11,12,7,11,2,20,11,1,2,6,1,2,0,6,2,1,1,36,32
"11126",11,18,8,14,5,20,11,18,7,14,4,20,11,1,0,0,1,2,1,1,1,2,1,37,33
"11127",12,18,8,14,5,20,11,18,8,14,5,20,11,2,1,0,NA,0,0,0,0,0,0,37,33
"11128",0,0,0,0,0,0,0,0,0,0,0,0,0,0,0,0,0,0,0,0,0,0,0,0,0
"11129",1,1,4,1,1,1,5,1,1,1,1,1,1,4,1,3,4,1,0,3,4,2,3,3,4
"11130",2,1,4,2,1,6,5,1,4,1,1,1,5,1,0,0,1,5,4,1,5,3,2,4,9
"11131",3,5,4,2,2,6,5,1,4,2,1,6,5,1,4,0,1,0,0,4,1,1,1,8,10
"11132",4,5,4,6,2,11,5,5,4,2,2,6,5,5,3,4,5,3,0,4,5,3,2,12,15
"11133",5,5,4,9,2,17,8,5,4,6,2,11,5,3,0,0,2,6,2,3,6,3,2,15,24
"11134",6,7,4,9,2,17,10,5,4,9,2,17,8,2,2,0,2,0,0,2,2,1,3,17,26
"11135",7,7,4,14,4,17,10,7,4,9,2,17,10,2,2,5,2,2,0,5,2,3,1,22,28
"11136",8,9,4,14,12,17,10,7,4,14,4,17,10,2,0,0,6,4,1,2,6,1,1,24,36
"11137",9,9,8,14,13,17,10,9,4,14,12,17,10,4,1,0,1,0,0,4,1,2,1,28,37
"11138",10,9,11,14,13,20,10,9,8,14,13,17,10,3,3,3,3,3,0,3,3,2,2,31,40
"11139",11,12,11,14,16,20,10,9,11,14,13,20,10,3,0,0,3,5,4,3,3,1,1,34,43
"11140",12,12,11,14,16,20,10,12,11,14,16,20,10,5,4,0,NA,0,0,0,0,0,0,34,43
"11141",0,0,0,0,0,0,0,0,0,0,0,0,0,0,0,0,0,0,0,0,0,0,0,0,0
"11142",1,1,6,1,6,1,1,1,1,1,1,1,1,5,3,5,3,5,0,5,5,2,1,5,5
"11143",2,4,6,1,6,5,1,1,6,1,6,1,1,3,0,0,6,4,2,3,4,1,2,8,9
"11144",3,4,12,10,6,7,1,4,6,1,6,5,1,6,2,0,2,0,0,6,2,3,2,23,11
"11145",4,4,12,14,10,7,1,4,12,10,6,7,1,4,4,4,4,4,0,4,4,3,1,27,15
"11146",5,4,16,14,14,7,1,4,12,14,10,7,1,4,0,0,5,5,4,4,4,2,1,31,19
"11147",6,9,16,14,19,7,1,4,16,14,14,7,1,5,5,0,5,0,0,5,5,1,1,36,24
"11148",7,15,16,19,20,7,1,9,16,14,19,7,1,6,1,3,1,3,0,6,1,1,1,47,25
"11149",8,15,16,22,20,12,1,15,16,19,20,7,1,3,0,0,5,6,4,3,5,3,2,50,30
"11150",9,15,26,22,20,12,5,15,16,22,20,12,1,6,4,0,4,0,0,6,4,2,3,60,34
"11151",10,16,26,22,28,12,5,15,26,22,20,12,5,1,6,1,6,1,0,1,6,1,1,61,42
"11152",11,17,26,22,32,12,5,16,26,22,28,12,5,1,0,0,4,2,2,1,4,1,1,62,46
"11153",12,17,26,22,32,12,5,17,26,22,32,12,5,2,2,0,NA,0,0,0,0,0,0,62,46
"11154",0,0,0,0,0,0,0,0,0,0,0,0,0,0,0,0,0,0,0,0,0,0,0,0,0
"11155",1,4,1,1,5,1,1,1,1,1,1,1,1,4,1,3,4,1,0,3,4,1,1,3,4
"11156",2,4,2,1,9,1,1,4,1,1,5,1,1,1,0,0,4,4,1,1,4,2,1,4,8
"11157",3,4,2,5,9,1,2,4,2,1,9,1,1,4,1,0,1,0,0,4,1,3,3,8,9
"11158",4,9,2,5,9,1,3,4,2,5,9,1,2,1,2,5,1,2,0,5,1,1,3,13,10
"11159",5,9,2,7,9,11,3,9,2,5,9,1,3,2,0,0,4,6,5,2,6,3,2,15,20
"11160",6,9,7,7,9,11,7,9,2,7,9,11,3,4,5,0,4,0,0,5,4,2,3,20,24
"11161",7,9,7,11,9,15,7,9,7,7,9,11,7,4,3,4,3,4,0,4,4,3,2,24,28
"11162",8,9,10,11,15,19,7,9,7,11,9,15,7,3,0,0,5,1,6,3,6,2,1,27,38
"11163",9,9,10,16,15,19,8,9,10,11,15,19,7,5,1,0,1,0,0,5,1,3,3,32,39
"11164",10,9,15,16,23,19,8,9,10,16,15,19,8,4,5,6,4,6,0,5,6,2,1,37,47
"11165",11,1,15,20,32,19,8,9,15,16,23,19,8,4,0,0,4,3,2,4,4,3,1,33,56
"11166",12,1,15,20,32,19,8,1,15,20,32,19,8,3,2,0,NA,0,0,0,0,0,0,33,56
"11167",0,0,0,0,0,0,0,0,0,0,0,0,0,0,0,0,0,0,0,0,0,0,0,0,0
"11168",1,1,1,6,4,1,1,1,1,1,1,1,1,5,3,5,3,5,0,5,3,3,1,5,3
"11169",2,1,1,11,7,1,1,1,1,6,4,1,1,5,0,0,3,3,3,5,3,3,1,10,6
"11170",3,1,1,14,10,1,1,1,1,11,7,1,1,3,3,0,3,0,0,3,3,3,1,13,9
"11171",4,9,1,14,10,1,5,1,1,14,10,1,1,4,6,4,4,4,0,6,4,1,3,21,13
"11172",5,9,5,14,10,1,10,9,1,14,10,1,5,4,0,0,4,5,4,4,5,2,3,25,18
"11173",6,9,5,18,14,1,10,9,5,14,10,1,10,4,4,0,4,0,0,4,4,3,1,29,22
"11174",7,9,6,18,17,1,10,9,5,18,14,1,10,1,2,3,2,3,0,1,3,2,1,30,25
"11175",8,9,6,20,23,1,14,9,6,18,17,1,10,2,0,0,6,4,2,2,6,3,1,32,35
"11176",9,13,6,20,23,1,16,9,6,20,23,1,14,4,2,0,2,0,0,4,2,1,3,36,37
"11177",10,16,6,26,23,1,20,13,6,20,23,1,16,4,3,6,4,3,0,6,4,3,3,45,41
"11178",11,16,9,26,29,6,20,16,6,26,23,1,20,3,0,0,5,3,6,3,6,2,1,48,52
"11179",12,16,9,26,29,6,20,16,9,26,29,6,20,5,3,0,NA,0,0,0,0,0,0,48,52
"11180",0,0,0,0,0,0,0,0,0,0,0,0,0,0,0,0,0,0,0,0,0,0,0,0,0
"11181",1,1,4,1,6,1,1,1,1,1,1,1,1,1,3,5,1,5,0,3,5,2,1,3,5
"11182",2,1,4,2,9,1,1,1,4,1,6,1,1,1,0,0,3,2,3,1,3,3,1,4,8
"11183",3,4,4,2,9,1,3,1,4,2,9,1,1,2,3,0,2,0,0,3,2,1,3,7,10
"11184",4,8,10,1,20,1,7,4,4,2,9,1,3,6,4,6,4,6,0,6,6,2,1,16,25
"11185",5,8,14,1,24,1,7,8,10,1,20,1,7,4,0,0,2,4,3,4,4,2,1,20,29
"11186",6,1,1,4,33,1,7,8,14,1,24,1,7,2,3,0,2,0,0,3,2,3,1,3,38
"11187",7,1,1,9,33,1,8,1,1,4,33,1,7,2,1,5,2,1,0,5,1,3,3,8,39
"11188",8,1,1,11,39,6,8,1,1,9,33,1,8,2,0,0,1,1,6,2,6,3,1,10,88
"11189",9,2,1,11,39,7,8,1,1,11,39,6,8,1,1,0,1,0,0,1,1,1,2,11,89
"11190",10,5,1,11,39,9,8,2,1,11,39,7,8,3,2,6,2,6,0,3,2,1,2,14,91
"11191",11,12,1,11,39,12,8,5,1,11,39,9,8,6,0,0,3,3,1,6,3,1,2,21,94
"11192",12,12,1,11,39,12,8,12,1,11,39,12,8,3,1,0,NA,0,0,0,0,0,0,21,94
"11193",0,0,0,0,0,0,0,0,0,0,0,0,0,0,0,0,0,0,0,0,0,0,0,0,0
"11194",1,1,4,7,13,6,1,1,1,1,1,1,1,6,1,6,1,6,0,6,6,3,1,9,17
"11195",2,1,4,8,15,6,1,1,4,7,13,6,1,1,0,0,2,1,4,1,2,3,1,10,19
"11196",3,1,4,12,15,7,1,1,4,8,15,6,1,1,4,0,1,0,0,4,1,3,2,14,20
"11197",4,1,4,20,20,7,1,1,4,12,15,7,1,4,5,6,4,5,0,6,5,3,1,22,25
"11198",5,1,8,1,20,7,9,1,4,20,20,7,1,4,0,0,1,2,1,4,1,2,3,7,33
"11199",6,1,11,2,1,9,9,1,8,1,20,7,9,2,1,0,2,0,0,1,2,3,2,11,16
"11200",7,5,11,2,1,9,13,1,11,2,1,9,9,2,4,4,2,4,0,4,4,1,3,15,20
"11201",8,5,11,4,9,9,13,5,11,2,1,9,13,2,0,0,3,1,6,2,6,3,1,17,28
"11202",9,8,11,4,10,9,13,5,11,4,9,9,13,3,1,0,1,0,0,3,1,1,1,20,29
"11203",10,8,16,4,16,14,13,8,11,4,10,9,13,1,6,5,1,6,0,5,6,2,1,25,40
"11204",11,9,16,4,18,20,13,8,16,4,16,14,13,1,0,0,6,5,6,1,6,1,2,26,48
"11205",12,9,16,4,18,20,13,9,16,4,18,20,13,5,6,0,NA,0,0,0,0,0,0,26,48
"11206",0,0,0,0,0,0,0,0,0,0,0,0,0,0,0,0,0,0,0,0,0,0,0,0,0
"11207",1,4,1,1,1,7,5,1,1,1,1,1,1,6,5,3,6,5,0,3,6,1,2,3,10
"11208",2,9,1,1,1,8,5,4,1,1,1,7,5,5,0,0,1,1,1,5,1,1,2,8,11
"11209",3,10,1,1,1,9,5,9,1,1,1,8,5,1,1,0,1,0,0,1,1,1,2,9,12
"11210",4,10,1,3,6,9,11,10,1,1,1,9,5,2,2,6,2,6,0,2,6,3,3,11,23
"11211",5,12,1,3,7,9,11,10,1,3,6,9,11,2,0,0,3,3,1,2,1,1,1,13,24
"11212",6,15,1,3,7,12,11,12,1,3,7,9,11,3,3,0,3,0,0,3,3,1,2,16,27
"11213",7,15,1,5,7,12,13,15,1,3,7,12,11,2,2,1,2,1,0,2,2,3,3,18,29
"11214",8,16,1,5,12,12,13,15,1,5,7,12,13,1,0,0,5,3,1,1,5,1,1,19,34
"11215",9,19,1,5,12,13,13,16,1,5,12,12,13,3,1,0,1,0,0,3,1,1,2,22,35
"11216",10,31,2,5,15,13,13,19,1,5,12,13,13,6,3,3,3,3,0,6,3,1,1,35,38
"11217",11,31,5,5,20,13,13,31,2,5,15,13,13,3,0,0,2,5,3,3,5,2,1,38,43
"11218",12,31,5,5,20,13,13,31,5,5,20,13,13,2,3,0,NA,0,0,0,0,0,0,38,43
"11219",0,0,0,0,0,0,0,0,0,0,0,0,0,0,0,0,0,0,0,0,0,0,0,0,0
"11220",1,1,5,1,7,7,1,1,1,1,1,1,1,3,4,6,3,6,0,4,6,2,1,4,12
"11221",2,1,5,4,7,7,4,1,5,1,7,7,1,3,0,0,1,3,1,3,3,3,3,7,15
"11222",3,2,5,4,7,7,5,1,5,4,7,7,4,1,1,0,1,0,0,1,1,1,3,8,16
"11223",4,7,5,4,7,12,5,2,5,4,7,7,5,2,5,5,2,5,0,5,5,1,2,13,21
"11224",5,7,7,4,12,12,5,7,5,4,7,12,5,2,0,0,2,2,5,2,5,2,1,15,26
"11225",6,7,9,4,14,12,5,7,7,4,12,12,5,2,2,0,2,0,0,2,2,2,1,17,28
"11226",7,7,12,4,14,16,11,7,9,4,14,12,5,1,6,3,1,6,0,3,6,2,3,20,38
"11227",8,7,13,4,14,16,13,7,12,4,14,16,11,1,0,0,1,4,2,1,2,2,3,21,40
"11228",9,7,13,5,14,20,13,7,13,4,14,16,13,1,4,0,4,0,0,1,4,3,2,22,44
"11229",10,7,16,5,17,20,13,7,13,5,14,20,13,3,4,3,4,3,0,3,3,2,1,25,47
"11230",11,11,16,5,18,20,13,7,16,5,17,20,13,4,0,0,1,2,6,4,1,1,1,29,48
"11231",12,11,16,5,18,20,13,11,16,5,18,20,13,2,6,0,NA,0,0,0,0,0,0,29,48
"11232",0,0,0,0,0,0,0,0,0,0,0,0,0,0,0,0,0,0,0,0,0,0,0,0,0
"11233",1,4,1,1,6,1,1,1,1,1,1,1,1,5,2,3,5,2,0,3,5,1,1,3,5
"11234",2,4,3,1,9,1,1,4,1,1,6,1,1,2,0,0,1,3,2,2,3,2,1,5,8
"11235",3,4,4,1,9,3,1,4,3,1,9,1,1,1,2,0,2,0,0,1,2,2,2,6,10
"11236",4,10,4,3,15,3,6,4,4,1,9,3,1,6,6,3,6,3,0,6,6,1,1,14,21
"11237",5,13,4,3,15,3,16,10,4,3,15,3,6,3,0,0,2,3,6,3,6,1,3,17,31
"11238",6,13,6,3,15,6,16,13,4,3,15,3,16,2,3,0,3,0,0,2,3,2,2,19,34
"11239",7,13,11,3,15,6,19,13,6,3,15,6,16,2,3,5,2,3,0,5,3,2,3,24,37
"11240",8,13,13,3,15,6,24,13,11,3,15,6,19,2,0,0,5,1,5,2,5,2,3,26,42
"11241",9,13,18,3,15,6,25,13,13,3,15,6,24,1,5,0,1,0,0,5,1,2,3,31,43
"11242",10,15,18,3,15,6,30,13,18,3,15,6,25,5,2,1,5,1,0,2,5,1,3,33,48
"11243",11,15,18,4,20,6,30,15,18,3,15,6,30,1,0,0,5,4,2,1,5,3,1,34,53
"11244",12,15,18,4,20,6,30,15,18,4,20,6,30,4,2,0,NA,0,0,0,0,0,0,34,53
"11245",0,0,0,0,0,0,0,0,0,0,0,0,0,0,0,0,0,0,0,0,0,0,0,0,0
"11246",1,1,6,1,6,1,1,1,1,1,1,1,1,5,5,4,5,4,0,5,5,2,1,5,5
"11247",2,1,10,1,6,6,1,1,6,1,6,1,1,4,0,0,5,5,5,4,5,2,2,9,10
"11248",3,1,10,6,6,11,1,1,10,1,6,6,1,5,5,0,5,0,0,5,5,3,2,14,15
"11249",4,1,11,6,6,14,1,1,10,6,6,11,1,1,1,3,1,3,0,1,3,2,2,15,18
"11250",5,2,11,6,10,14,1,1,11,6,6,14,1,1,0,0,3,2,4,1,4,1,1,16,22
"11251",6,2,11,9,12,14,1,2,11,6,10,14,1,3,2,0,2,0,0,3,2,3,1,19,24
"11252",7,2,11,14,12,14,6,2,11,9,12,14,1,5,2,5,2,5,0,5,5,3,3,24,29
"11253",8,2,13,14,15,14,12,2,11,14,12,14,6,2,0,0,4,3,6,2,6,2,3,26,38
"11254",9,2,16,14,19,14,12,2,13,14,15,14,12,4,3,0,4,0,0,3,4,2,1,29,42
"11255",10,2,20,14,19,16,12,2,16,14,19,14,12,2,1,4,2,1,0,4,2,2,2,33,44
"11256",11,2,20,15,23,16,12,2,20,14,19,16,12,1,0,0,4,4,4,1,4,3,1,34,48
"11257",12,2,20,15,23,16,12,2,20,15,23,16,12,4,4,0,NA,0,0,0,0,0,0,34,48
"11258",0,0,0,0,0,0,0,0,0,0,0,0,0,0,0,0,0,0,0,0,0,0,0,0,0
"11259",1,7,1,12,1,1,6,1,1,1,1,1,1,5,2,6,5,2,0,6,5,3,3,17,5
"11260",2,9,1,12,1,1,10,7,1,12,1,1,6,2,0,0,6,1,4,2,4,1,3,19,9
"11261",3,9,13,17,1,1,11,9,1,12,1,1,10,6,1,0,1,0,0,6,1,2,3,36,10
"11262",4,18,13,17,1,1,20,9,13,17,1,1,11,6,4,6,4,6,0,6,6,1,3,45,19
"11263",5,18,17,17,1,1,25,18,13,17,1,1,20,4,0,0,3,5,2,4,5,2,3,49,24
"11264",6,18,19,17,1,1,28,18,17,17,1,1,25,3,2,0,3,0,0,2,3,2,3,51,27
"11265",7,18,19,20,1,1,37,18,19,17,1,1,28,3,3,6,3,6,0,3,6,3,3,54,36
"11266",8,18,1,1,4,2,38,18,19,20,1,1,37,3,0,0,1,6,4,3,1,2,2,17,41
"11267",9,18,1,12,8,2,38,18,1,1,4,2,38,6,4,0,4,0,0,6,4,3,1,28,45
"11268",10,28,7,12,12,8,38,18,1,12,8,2,38,1,6,6,1,6,0,6,6,1,2,44,55
"11269",11,1,7,13,22,10,38,28,7,12,12,8,38,1,0,0,2,3,4,1,2,3,2,18,67
"11270",12,1,7,13,22,10,38,1,7,13,22,10,38,3,4,0,NA,0,0,0,0,0,0,18,67
"11271",0,0,0,0,0,0,0,0,0,0,0,0,0,0,0,0,0,0,0,0,0,0,0,0,0
"11272",1,4,1,7,1,2,1,1,1,1,1,1,1,2,6,1,2,1,0,6,1,3,2,9,1
"11273",2,4,1,9,1,2,5,4,1,7,1,2,1,2,0,0,2,4,4,2,4,3,3,11,5
"11274",3,4,5,9,1,4,5,4,1,9,1,2,5,2,4,0,2,0,0,4,2,2,2,15,7
"11275",4,9,11,9,4,4,5,4,5,9,1,4,5,1,3,6,1,3,0,6,3,2,1,26,10
"11276",5,10,11,9,4,9,5,9,11,9,4,4,5,1,0,0,5,4,4,1,5,1,2,27,15
"11277",6,14,11,9,8,9,5,10,11,9,4,9,5,4,4,0,4,0,0,4,4,1,1,31,19
"11278",7,15,11,15,12,9,5,14,11,9,8,9,5,6,5,4,5,4,0,6,4,3,1,38,23
"11279",8,15,16,15,14,9,5,15,11,15,12,9,5,5,0,0,2,4,2,5,2,2,1,43,25
"11280",9,15,16,19,16,9,5,15,16,15,14,9,5,4,2,0,2,0,0,4,2,3,1,47,27
"11281",10,17,16,19,16,11,5,15,16,19,16,9,5,4,2,2,4,2,0,2,2,1,2,49,29
"11282",11,17,20,19,20,11,5,17,16,19,16,11,5,4,0,0,2,4,5,4,4,2,1,53,33
"11283",12,17,20,19,20,11,5,17,20,19,20,11,5,2,5,0,NA,0,0,0,0,0,0,53,33
"11284",0,0,0,0,0,0,0,0,0,0,0,0,0,0,0,0,0,0,0,0,0,0,0,0,0
"11285",1,1,10,1,13,1,4,1,1,1,1,1,1,3,6,6,3,6,0,6,6,2,1,9,15
"11286",2,4,10,1,15,1,4,1,10,1,13,1,4,3,0,0,5,1,2,3,2,1,1,12,17
"11287",3,4,10,6,15,2,4,4,10,1,15,1,4,5,1,0,1,0,0,5,1,3,2,17,18
"11288",4,4,16,10,15,7,4,4,10,6,15,2,4,5,4,6,5,4,0,6,5,2,2,27,23
"11289",5,8,16,10,18,7,4,4,16,10,15,7,4,4,0,0,3,4,2,4,3,1,1,31,26
"11290",6,8,16,14,18,7,6,8,16,10,18,7,4,4,2,0,2,0,0,4,2,3,3,35,28
"11291",7,12,16,14,18,7,11,8,16,14,18,7,6,4,5,1,5,1,0,4,5,1,3,39,33
"11292",8,12,17,14,21,7,11,12,16,14,18,7,11,1,0,0,1,6,3,1,3,2,1,40,36
"11293",9,12,17,21,22,7,11,12,17,14,21,7,11,1,6,0,1,0,0,6,1,3,1,47,37
"11294",10,17,17,21,22,7,12,12,17,21,22,7,11,5,1,1,1,1,0,5,1,1,3,52,38
"11295",11,18,17,21,22,7,16,17,17,21,22,7,12,1,0,0,4,6,2,1,4,1,3,53,42
"11296",12,18,17,21,22,7,16,18,17,21,22,7,16,6,2,0,NA,0,0,0,0,0,0,53,42
"11297",0,0,0,0,0,0,0,0,0,0,0,0,0,0,0,0,0,0,0,0,0,0,0,0,0
"11298",1,1,2,1,1,1,5,1,1,1,1,1,1,2,4,1,2,4,0,1,4,2,3,1,4
"11299",2,1,4,1,1,1,8,1,2,1,1,1,5,2,0,0,3,1,3,2,3,2,3,3,7
"11300",3,1,7,1,1,1,9,1,4,1,1,1,8,1,3,0,1,0,0,3,1,2,3,6,8
"11301",4,3,7,1,1,1,14,1,7,1,1,1,9,2,5,2,5,2,0,2,5,1,3,8,13
"11302",5,3,7,3,6,1,14,3,7,1,1,1,14,2,0,0,5,3,3,2,5,3,1,10,18
"11303",6,6,7,3,6,4,14,3,7,3,6,1,14,3,3,0,3,0,0,3,3,1,2,13,21
"11304",7,11,7,3,7,4,14,6,7,3,6,4,14,1,1,5,1,1,0,5,1,1,1,18,22
"11305",8,12,7,3,18,10,14,11,7,3,7,4,14,1,0,0,6,6,4,1,6,1,1,19,39
"11306",9,16,7,3,18,16,19,12,7,3,18,10,14,6,4,0,6,0,0,4,6,1,2,23,50
"11307",10,21,7,3,22,22,19,16,7,3,18,16,19,6,4,5,6,4,0,5,6,1,2,28,60
"11308",11,21,11,3,22,25,31,21,7,3,22,22,19,4,0,0,6,6,4,4,6,2,3,32,75
"11309",12,21,11,3,22,25,31,21,11,3,22,25,31,6,4,0,NA,0,0,0,0,0,0,32,75
"11310",0,0,0,0,0,0,0,0,0,0,0,0,0,0,0,0,0,0,0,0,0,0,0,0,0
"11311",1,1,6,1,1,1,6,1,1,1,1,1,1,5,2,5,2,5,0,5,5,2,3,5,5
"11312",2,1,6,3,1,1,8,1,6,1,1,1,6,2,0,0,5,2,1,2,2,3,3,7,7
"11313",3,6,6,3,1,1,9,1,6,3,1,1,8,5,1,0,1,0,0,5,1,1,3,12,8
"11314",4,6,8,3,1,5,9,6,6,3,1,1,9,2,1,4,1,4,0,2,4,2,2,14,12
"11315",5,6,8,4,1,10,9,6,8,3,1,5,9,1,0,0,5,1,1,1,5,3,2,15,17
"11316",6,6,8,5,1,11,9,6,8,4,1,10,9,1,1,0,1,0,0,1,1,3,2,16,18
"11317",7,6,8,8,1,14,9,6,8,5,1,11,9,3,3,1,3,1,0,3,3,3,2,19,21
"11318",8,6,8,9,1,14,14,6,8,8,1,14,9,1,0,0,4,3,5,1,5,3,3,20,26
"11319",9,10,8,9,1,17,14,6,8,9,1,14,14,4,3,0,3,0,0,4,3,1,2,24,29
"11320",10,10,12,9,1,17,19,10,8,9,1,17,14,5,4,1,5,1,0,4,5,2,3,28,34
"11321",11,11,12,9,6,17,19,10,12,9,1,17,19,1,0,0,5,1,5,1,5,1,1,29,39
"11322",12,11,12,9,6,17,19,11,12,9,6,17,19,1,5,0,NA,0,0,0,0,0,0,29,39
"11323",0,0,0,0,0,0,0,0,0,0,0,0,0,0,0,0,0,0,0,0,0,0,0,0,0
"11324",1,1,5,1,1,6,1,1,1,1,1,1,1,5,1,4,5,1,0,4,5,2,2,4,5
"11325",2,2,5,1,1,7,1,1,5,1,1,6,1,1,0,0,1,4,1,1,1,1,2,5,6
"11326",3,6,5,1,1,8,1,2,5,1,1,7,1,4,1,0,1,0,0,4,1,1,2,9,7
"11327",4,11,5,1,1,8,3,6,5,1,1,8,1,5,2,2,2,2,0,5,2,1,3,14,9
"11328",5,11,7,1,4,8,3,11,5,1,1,8,3,2,0,0,3,3,1,2,3,2,1,16,12
"11329",6,11,10,1,4,9,3,11,7,1,4,8,3,3,1,0,1,0,0,3,1,2,2,19,13
"11330",7,11,10,4,4,14,3,11,10,1,4,9,3,5,3,3,5,3,0,3,5,3,2,22,18
"11331",8,14,10,4,4,16,3,11,10,4,4,14,3,3,0,0,2,1,2,3,2,1,2,25,20
"11332",9,16,10,4,4,17,3,14,10,4,4,16,3,1,2,0,1,0,0,2,1,1,2,27,21
"11333",10,16,10,9,4,17,8,16,10,4,4,17,3,5,1,5,1,5,0,5,5,3,3,32,26
"11334",11,16,10,10,9,17,8,16,10,9,4,17,8,1,0,0,5,2,1,1,5,3,1,33,31
"11335",12,16,10,10,9,17,8,16,10,10,9,17,8,2,1,0,NA,0,0,0,0,0,0,33,31
"11336",0,0,0,0,0,0,0,0,0,0,0,0,0,0,0,0,0,0,0,0,0,0,0,0,0
"11337",1,8,7,1,3,1,1,1,1,1,1,1,1,2,6,2,2,2,0,6,2,1,1,13,2
"11338",2,8,7,3,4,1,7,8,7,1,3,1,1,2,0,0,6,6,4,2,6,3,3,15,9
"11339",3,12,13,3,4,5,7,8,7,3,4,1,7,6,4,0,4,0,0,6,4,2,2,25,13
"11340",4,12,16,3,8,5,7,12,13,3,4,5,7,3,3,4,3,4,0,3,4,2,1,28,17
"11341",5,12,19,3,12,5,7,12,16,3,8,5,7,3,0,0,4,3,3,3,4,2,1,31,21
"11342",6,12,19,6,15,5,7,12,19,3,12,5,7,3,3,0,3,0,0,3,3,3,1,34,24
"11343",7,13,19,6,16,5,7,12,19,6,15,5,7,1,1,1,1,1,0,1,1,1,1,35,25
"11344",8,13,19,7,20,5,7,13,19,6,16,5,7,1,0,0,4,2,2,1,4,3,1,36,29
"11345",9,15,19,7,20,5,9,13,19,7,20,5,7,2,2,0,2,0,0,2,2,1,3,38,31
"11346",10,15,1,10,26,7,13,15,19,7,20,5,9,6,6,4,6,4,0,6,6,2,1,23,43
"11347",11,19,1,10,29,7,13,15,1,10,26,7,13,4,0,0,3,5,2,4,3,1,1,27,46
"11348",12,19,1,10,29,7,13,19,1,10,29,7,13,5,2,0,NA,0,0,0,0,0,0,27,46
"11349",0,0,0,0,0,0,0,0,0,0,0,0,0,0,0,0,0,0,0,0,0,0,0,0,0
"11350",1,3,1,1,1,4,1,1,1,1,1,1,1,2,2,3,2,3,0,2,3,1,2,2,3
"11351",2,3,1,3,1,14,1,3,1,1,1,4,1,2,0,0,3,6,4,2,6,3,2,4,13
"11352",3,3,1,7,1,14,4,3,1,3,1,14,1,3,4,0,3,0,0,4,3,3,3,8,16
"11353",4,3,1,10,1,19,4,3,1,7,1,14,4,1,5,3,1,5,0,3,5,3,2,11,21
"11354",5,4,1,10,5,19,4,3,1,10,1,19,4,1,0,0,5,2,4,1,4,1,1,12,25
"11355",6,4,6,10,5,21,4,4,1,10,5,19,4,5,2,0,2,0,0,5,2,2,2,17,27
"11356",7,5,6,10,11,22,4,4,6,10,5,21,4,6,1,3,6,3,0,1,6,1,1,18,34
"11357",8,8,6,10,11,22,6,5,6,10,11,22,4,3,0,0,2,3,2,3,2,1,3,21,36
"11358",9,11,6,10,13,22,6,8,6,10,11,22,6,3,2,0,2,0,0,3,2,1,1,24,38
"11359",10,13,6,10,13,22,11,11,6,10,13,22,6,2,5,3,5,3,0,2,5,1,3,26,43
"11360",11,16,6,10,16,22,11,13,6,10,13,22,11,3,0,0,3,3,6,3,3,1,1,29,46
"11361",12,16,6,10,16,22,11,16,6,10,16,22,11,3,6,0,NA,0,0,0,0,0,0,29,46
"11362",0,0,0,0,0,0,0,0,0,0,0,0,0,0,0,0,0,0,0,0,0,0,0,0,0
"11363",1,2,1,7,1,1,4,1,1,1,1,1,1,2,3,6,2,3,0,6,3,3,3,7,3
"11364",2,2,3,7,1,1,8,2,1,7,1,1,4,2,0,0,3,1,4,2,4,2,3,9,7
"11365",3,5,3,7,2,1,8,2,3,7,1,1,8,3,1,0,1,0,0,3,1,1,1,12,8
"11366",4,5,8,7,5,1,8,5,3,7,2,1,8,5,3,2,3,2,0,5,3,2,1,17,11
"11367",5,5,8,9,5,11,8,5,8,7,5,1,8,2,0,0,6,3,3,2,6,3,2,19,21
"11368",6,8,8,9,8,11,8,5,8,9,5,11,8,3,3,0,3,0,0,3,3,1,1,22,24
"11369",7,14,8,13,8,11,13,8,8,9,8,11,8,5,6,5,5,5,0,6,5,1,3,32,29
"11370",8,14,8,18,13,11,13,14,8,13,8,11,13,5,0,0,3,1,5,5,5,3,1,37,34
"11371",9,14,11,18,13,12,13,14,8,18,13,11,13,3,1,0,1,0,0,3,1,2,2,40,35
"11372",10,18,11,18,13,14,13,14,11,18,13,12,13,4,2,2,2,2,0,4,2,1,2,44,37
"11373",11,20,11,18,18,14,13,18,11,18,13,14,13,2,0,0,5,2,5,2,5,1,1,46,42
"11374",12,20,11,18,18,14,13,20,11,18,18,14,13,2,5,0,NA,0,0,0,0,0,0,46,42
"11375",0,0,0,0,0,0,0,0,0,0,0,0,0,0,0,0,0,0,0,0,0,0,0,0,0
"11376",1,1,1,6,6,1,1,1,1,1,1,1,1,5,5,5,5,5,0,5,5,3,1,5,5
"11377",2,1,6,6,10,1,1,1,1,6,6,1,1,5,0,0,4,5,1,5,4,2,1,10,9
"11378",3,1,11,6,11,1,1,1,6,6,10,1,1,5,1,0,1,0,0,5,1,2,1,15,10
"11379",4,1,14,6,11,6,1,1,11,6,11,1,1,3,1,5,1,5,0,3,5,2,2,18,15
"11380",5,1,15,6,11,17,1,1,14,6,11,6,1,1,0,0,3,6,6,1,6,2,2,19,26
"11381",6,3,15,12,14,17,1,1,15,6,11,17,1,3,6,0,3,0,0,6,3,3,1,27,29
"11382",7,3,15,16,14,18,1,3,15,12,14,17,1,1,1,4,1,1,0,4,1,3,2,31,30
"11383",8,3,16,16,17,18,1,3,15,16,14,18,1,1,0,0,3,2,3,1,3,2,1,32,33
"11384",9,3,19,16,19,18,1,3,16,16,17,18,1,2,3,0,2,0,0,3,2,2,1,35,35
"11385",10,19,19,16,23,18,1,3,19,16,19,18,1,1,6,4,1,4,0,6,4,1,1,51,39
"11386",11,19,19,17,30,18,1,19,19,16,23,18,1,1,0,0,2,6,2,1,6,3,1,52,46
"11387",12,19,19,17,30,18,1,19,19,17,30,18,1,2,2,0,NA,0,0,0,0,0,0,52,46
"11388",0,0,0,0,0,0,0,0,0,0,0,0,0,0,0,0,0,0,0,0,0,0,0,0,0
"11389",1,1,1,5,1,6,1,1,1,1,1,1,1,4,5,1,5,1,0,4,5,3,2,4,5
"11390",2,1,1,6,7,12,1,1,1,5,1,6,1,1,0,0,2,2,6,1,6,3,1,5,17
"11391",3,1,1,8,9,12,1,1,1,6,7,12,1,2,2,0,2,0,0,2,2,3,1,7,19
"11392",4,1,1,12,14,12,7,1,1,8,9,12,1,4,6,1,6,1,0,4,6,3,3,11,30
"11393",5,1,2,12,14,12,10,1,1,12,14,12,7,1,0,0,3,4,4,1,3,2,3,12,33
"11394",6,1,2,16,14,12,14,1,2,12,14,12,10,4,4,0,4,0,0,4,4,3,3,16,37
"11395",7,1,2,17,17,12,14,1,2,16,14,12,14,3,1,5,3,5,0,1,3,3,1,17,40
"11396",8,1,2,22,17,17,14,1,2,17,17,12,14,5,0,0,5,1,1,5,5,3,2,22,45
"11397",9,1,2,23,17,18,14,1,2,22,17,17,14,1,1,0,1,0,0,1,1,3,2,23,46
"11398",10,4,2,23,17,18,17,1,2,23,17,18,14,1,3,3,1,3,0,3,3,1,3,26,49
"11399",11,4,2,24,17,18,19,4,2,23,17,18,17,1,0,0,2,1,6,1,2,3,3,27,51
"11400",12,4,2,24,17,18,19,4,2,24,17,18,19,1,6,0,NA,0,0,0,0,0,0,27,51
"11401",0,0,0,0,0,0,0,0,0,0,0,0,0,0,0,0,0,0,0,0,0,0,0,0,0
"11402",1,3,1,1,2,1,1,1,1,1,1,1,1,1,1,2,1,1,0,2,1,1,1,2,1
"11403",2,3,2,1,2,7,9,3,1,1,2,1,1,1,0,0,6,2,3,1,6,2,3,3,15
"11404",3,3,5,1,4,7,9,3,2,1,2,7,9,2,3,0,2,0,0,3,2,2,1,6,17
"11405",4,3,8,1,4,11,9,3,5,1,4,7,9,3,1,4,1,4,0,3,4,2,2,9,21
"11406",5,3,9,1,9,11,9,3,8,1,4,11,9,1,0,0,1,1,5,1,5,2,1,10,26
"11407",6,3,9,2,9,11,10,3,9,1,9,11,9,1,1,0,1,0,0,1,1,3,3,11,27
"11408",7,7,9,2,11,11,10,3,9,2,9,11,10,1,4,2,1,2,0,4,2,1,1,15,29
"11409",8,7,10,2,14,11,16,7,9,2,11,11,10,1,0,0,6,5,1,1,6,2,3,16,38
"11410",9,7,10,3,19,11,16,7,10,2,14,11,16,5,1,0,5,0,0,1,5,3,1,17,43
"11411",10,11,10,3,19,14,16,7,10,3,19,11,16,3,1,4,3,1,0,4,3,1,2,21,46
"11412",11,12,10,1,24,14,16,11,10,3,19,14,16,1,0,0,2,4,5,1,2,1,1,20,51
"11413",12,12,10,1,24,14,16,12,10,1,24,14,16,4,5,0,NA,0,0,0,0,0,0,20,51
"11414",0,0,0,0,0,0,0,0,0,0,0,0,0,0,0,0,0,0,0,0,0,0,0,0,0
"11415",1,6,1,1,3,7,1,1,1,1,1,1,1,2,5,6,2,6,0,5,6,1,2,5,8
"11416",2,8,1,1,11,7,1,6,1,1,3,7,1,2,0,0,5,6,5,2,6,1,1,7,16
"11417",3,13,1,1,16,7,1,8,1,1,11,7,1,5,5,0,5,0,0,5,5,1,1,12,21
"11418",4,18,1,1,17,7,1,13,1,1,16,7,1,1,1,5,1,1,0,5,1,1,1,17,22
"11419",5,18,2,1,17,11,1,18,1,1,17,7,1,1,0,0,1,1,4,1,4,2,2,18,26
"11420",6,19,2,1,17,12,1,18,2,1,17,11,1,1,1,0,1,0,0,1,1,1,2,19,27
"11421",7,19,5,1,17,12,5,19,2,1,17,12,1,4,2,3,4,2,0,3,4,2,3,22,31
"11422",8,19,5,3,17,15,17,19,5,1,17,12,5,2,0,0,6,6,3,2,6,3,3,24,46
"11423",9,19,16,3,17,15,20,19,5,3,17,15,17,6,3,0,3,0,0,6,3,2,3,35,49
"11424",10,23,16,3,19,15,26,19,16,3,17,15,20,4,6,2,6,2,0,4,6,1,3,39,57
"11425",11,23,16,5,22,15,26,23,16,3,19,15,26,2,0,0,3,5,1,2,3,3,1,41,60
"11426",12,23,16,5,22,15,26,23,16,5,22,15,26,5,1,0,NA,0,0,0,0,0,0,41,60
"11427",0,0,0,0,0,0,0,0,0,0,0,0,0,0,0,0,0,0,0,0,0,0,0,0,0
"11428",1,1,6,1,4,1,1,1,1,1,1,1,1,3,1,5,3,1,0,5,3,2,1,5,3
"11429",2,2,6,1,8,7,1,1,6,1,4,1,1,1,0,0,2,1,6,1,6,1,2,6,13
"11430",3,4,6,1,9,7,1,2,6,1,8,7,1,2,1,0,1,0,0,2,1,1,1,8,14
"11431",4,4,11,1,14,7,1,4,6,1,9,7,1,5,2,5,2,5,0,5,5,2,1,13,19
"11432",5,6,11,1,14,7,5,4,11,1,14,7,1,2,0,0,4,3,4,2,4,1,3,15,23
"11433",6,10,11,1,14,7,8,6,11,1,14,7,5,3,4,0,3,0,0,4,3,1,3,19,26
"11434",7,13,11,1,14,7,10,10,11,1,14,7,8,3,2,2,2,2,0,3,2,1,3,22,28
"11435",8,13,11,3,18,7,10,13,11,1,14,7,10,2,0,0,4,3,3,2,4,3,1,24,32
"11436",9,16,11,3,18,7,13,13,11,3,18,7,10,3,3,0,3,0,0,3,3,1,3,27,35
"11437",10,19,11,3,20,13,13,16,11,3,18,7,13,3,6,4,6,4,0,3,6,1,2,30,43
"11438",11,23,11,1,26,13,13,19,11,3,20,13,13,4,0,0,1,1,4,4,1,1,1,32,49
"11439",12,23,11,1,26,13,13,23,11,1,26,13,13,1,4,0,NA,0,0,0,0,0,0,32,49
"11440",0,0,0,0,0,0,0,0,0,0,0,0,0,0,0,0,0,0,0,0,0,0,0,0,0
"11441",1,1,1,3,13,1,6,1,1,1,1,1,1,2,4,6,4,6,0,2,6,3,1,2,17
"11442",2,1,5,3,13,1,10,1,1,3,13,1,6,4,0,0,3,4,5,4,4,2,3,6,21
"11443",3,1,10,3,16,1,10,1,5,3,13,1,10,3,5,0,3,0,0,5,3,2,1,11,24
"11444",4,14,10,3,16,8,10,1,10,3,16,1,10,6,6,1,6,1,0,6,6,1,2,24,31
"11445",5,15,10,3,16,14,15,14,10,3,16,8,10,1,0,0,6,2,5,1,6,1,2,25,42
"11446",6,20,10,3,16,16,15,15,10,3,16,14,15,2,5,0,2,0,0,5,2,1,2,30,44
"11447",7,24,10,1,21,19,15,20,10,3,16,16,15,5,4,4,5,4,0,4,5,1,1,32,52
"11448",8,28,10,1,36,19,15,24,10,1,21,19,15,4,0,0,6,4,2,4,6,1,1,36,67
"11449",9,28,12,1,36,19,19,28,10,1,36,19,15,4,2,0,4,0,0,2,4,2,3,38,71
"11450",10,31,12,1,39,21,19,28,12,1,36,19,19,1,3,3,1,3,0,3,3,1,1,41,114
"11451",11,32,12,1,39,22,19,31,12,1,39,21,19,1,0,0,1,3,3,1,1,1,2,42,115
"11452",12,32,12,1,39,22,19,32,12,1,39,22,19,3,3,0,NA,0,0,0,0,0,0,42,115
"11453",0,0,0,0,0,0,0,0,0,0,0,0,0,0,0,0,0,0,0,0,0,0,0,0,0
"11454",1,6,1,1,11,1,1,1,1,1,1,1,1,5,6,3,6,3,0,5,6,1,1,5,10
"11455",2,6,4,1,11,1,10,6,1,1,11,1,1,3,0,0,4,6,2,3,6,2,3,8,19
"11456",3,6,4,5,11,3,10,6,4,1,11,1,10,4,2,0,2,0,0,4,2,3,2,12,21
"11457",4,6,4,8,11,7,10,6,4,5,11,3,10,1,3,4,1,4,0,3,4,3,2,15,25
"11458",5,6,5,8,12,7,16,6,4,8,11,7,10,1,0,0,6,3,1,1,6,2,3,16,32
"11459",6,9,5,8,12,8,16,6,5,8,12,7,16,3,1,0,1,0,0,3,1,1,2,19,33
"11460",7,10,5,8,15,14,16,9,5,8,12,8,16,1,1,6,1,6,0,1,6,1,2,20,42
"11461",8,10,6,8,17,14,16,10,5,8,15,14,16,1,0,0,2,6,6,1,2,2,1,21,44
"11462",9,16,15,8,23,20,18,10,6,8,17,14,16,6,6,0,6,0,0,6,6,2,1,36,58
"11463",10,16,15,9,25,20,18,16,15,8,23,20,18,2,1,6,2,6,0,1,2,3,1,37,60
"11464",11,24,15,9,28,20,18,16,15,9,25,20,18,6,0,0,3,2,4,6,3,1,1,45,63
"11465",12,24,15,9,28,20,18,24,15,9,28,20,18,2,4,0,NA,0,0,0,0,0,0,45,63
"11466",0,0,0,0,0,0,0,0,0,0,0,0,0,0,0,0,0,0,0,0,0,0,0,0,0
"11467",1,1,6,1,1,2,1,1,1,1,1,1,1,1,1,5,1,1,0,5,1,2,2,5,1
"11468",2,1,6,2,1,2,12,1,6,1,1,2,1,1,0,0,4,4,6,1,6,3,3,6,12
"11469",3,5,6,2,1,6,12,1,6,2,1,2,12,4,4,0,4,0,0,4,4,1,2,10,16
"11470",4,5,6,4,7,9,12,5,6,2,1,6,12,2,6,1,6,1,0,2,6,3,1,12,25
"11471",5,5,7,4,13,12,12,5,6,4,7,9,12,1,0,0,4,6,3,1,6,2,1,13,34
"11472",6,5,7,7,13,16,12,5,7,4,13,12,12,4,3,0,4,0,0,3,4,3,2,16,38
"11473",7,10,7,7,18,16,18,5,7,7,13,16,12,1,6,5,1,6,0,5,6,1,3,21,49
"11474",8,11,7,7,18,19,18,10,7,7,18,16,18,1,0,0,4,5,3,1,3,1,2,22,52
"11475",9,11,7,12,18,23,18,11,7,7,18,19,18,4,5,0,4,0,0,5,4,3,2,27,56
"11476",10,11,7,15,21,23,18,11,7,12,18,23,18,3,3,4,3,4,0,3,3,3,1,30,59
"11477",11,15,1,15,25,27,18,11,7,15,21,23,18,4,0,0,4,5,3,4,4,1,1,28,67
"11478",12,15,1,15,25,27,18,15,1,15,25,27,18,5,3,0,NA,0,0,0,0,0,0,28,67
"11479",0,0,0,0,0,0,0,0,0,0,0,0,0,0,0,0,0,0,0,0,0,0,0,0,0
"11480",1,1,6,1,1,1,4,1,1,1,1,1,1,3,5,2,3,2,0,5,3,2,3,5,3
"11481",2,3,6,1,1,1,9,1,6,1,1,1,4,2,0,0,1,2,5,2,5,1,3,7,8
"11482",3,3,6,3,1,1,10,3,6,1,1,1,9,1,2,0,1,0,0,2,1,3,3,9,9
"11483",4,3,6,8,1,5,10,3,6,3,1,1,10,4,4,5,4,4,0,5,4,3,2,14,13
"11484",5,3,6,12,1,6,16,3,6,8,1,5,10,4,0,0,6,2,1,4,6,3,3,18,20
"11485",6,5,6,12,2,6,16,3,6,12,1,6,16,2,1,0,1,0,0,2,1,1,1,20,21
"11486",7,8,6,12,4,6,16,5,6,12,2,6,16,2,3,2,2,2,0,3,2,1,1,23,23
"11487",8,10,6,12,11,6,16,8,6,12,4,6,16,2,0,0,1,4,6,2,6,1,1,25,30
"11488",9,10,10,12,12,6,16,10,6,12,11,6,16,1,4,0,1,0,0,4,1,2,1,29,31
"11489",10,10,10,17,12,17,16,10,10,12,12,6,16,6,5,2,6,2,0,5,6,3,2,34,42
"11490",11,12,10,17,21,17,16,10,10,17,12,17,16,2,0,0,1,6,1,2,6,1,1,36,51
"11491",12,12,10,17,21,17,16,12,10,17,21,17,16,1,1,0,NA,0,0,0,0,0,0,36,51
"11492",0,0,0,0,0,0,0,0,0,0,0,0,0,0,0,0,0,0,0,0,0,0,0,0,0
"11493",1,7,1,6,1,1,6,1,1,1,1,1,1,1,5,6,1,5,0,6,5,1,3,11,5
"11494",2,8,1,6,1,1,11,7,1,6,1,1,6,1,0,0,1,5,1,1,5,1,3,12,10
"11495",3,8,2,6,2,1,11,8,1,6,1,1,11,1,1,0,1,0,0,1,1,2,1,13,11
"11496",4,11,2,6,2,3,11,8,2,6,2,1,11,3,2,2,2,2,0,3,2,1,2,16,13
"11497",5,13,2,6,5,3,17,11,2,6,2,3,11,2,0,0,2,6,3,2,6,1,3,18,22
"11498",6,13,5,6,5,5,17,13,2,6,5,3,17,2,3,0,2,0,0,3,2,2,2,21,24
"11499",7,19,12,6,5,5,21,13,5,6,5,5,17,2,6,4,2,4,0,6,4,1,3,34,28
"11500",8,19,14,6,5,7,21,19,12,6,5,5,21,2,0,0,3,6,2,2,2,2,2,36,30
"11501",9,19,14,15,5,7,24,19,14,6,5,7,21,3,6,0,3,0,0,6,3,3,3,45,33
"11502",10,19,19,15,5,7,27,19,14,15,5,7,24,2,3,5,2,3,0,5,3,2,3,50,36
"11503",11,19,19,17,5,7,30,19,19,15,5,7,27,2,0,0,3,6,1,2,3,3,3,52,39
"11504",12,19,19,17,5,7,30,19,19,17,5,7,30,6,1,0,NA,0,0,0,0,0,0,52,39
"11505",0,0,0,0,0,0,0,0,0,0,0,0,0,0,0,0,0,0,0,0,0,0,0,0,0
"11506",1,1,1,6,1,1,4,1,1,1,1,1,1,5,3,1,3,1,0,5,3,3,3,5,3
"11507",2,1,1,7,1,1,9,1,1,6,1,1,4,1,0,0,1,2,5,1,5,3,3,6,8
"11508",3,3,1,7,1,2,9,1,1,7,1,1,9,1,2,0,1,0,0,2,1,1,2,8,9
"11509",4,3,1,11,1,6,9,3,1,7,1,2,9,4,4,2,4,2,0,4,4,3,2,12,13
"11510",5,5,1,11,1,6,13,3,1,11,1,6,9,2,0,0,4,4,1,2,4,1,3,14,17
"11511",6,9,1,11,1,6,14,5,1,11,1,6,13,4,1,0,1,0,0,4,1,1,3,18,18
"11512",7,9,9,11,1,10,14,9,1,11,1,6,14,4,6,1,4,1,0,6,4,2,2,26,22
"11513",8,9,9,12,1,12,14,9,9,11,1,10,14,1,0,0,1,2,2,1,2,3,2,27,24
"11514",9,11,9,12,1,13,14,9,9,12,1,12,14,1,2,0,1,0,0,2,1,1,2,29,25
"11515",10,19,9,12,1,13,18,11,9,12,1,13,14,6,4,1,4,1,0,6,4,1,3,37,29
"11516",11,19,9,13,1,16,18,19,9,12,1,13,18,1,0,0,3,2,6,1,3,3,2,38,32
"11517",12,19,9,13,1,16,18,19,9,13,1,16,18,2,6,0,NA,0,0,0,0,0,0,38,32
"11518",0,0,0,0,0,0,0,0,0,0,0,0,0,0,0,0,0,0,0,0,0,0,0,0,0
"11519",1,1,4,1,5,1,1,1,1,1,1,1,1,3,4,1,4,1,0,3,4,2,1,3,4
"11520",2,2,4,1,5,1,5,1,4,1,5,1,1,1,0,0,1,4,4,1,4,1,3,4,8
"11521",3,2,8,1,5,1,6,2,4,1,5,1,5,1,4,0,1,0,0,4,1,2,3,8,9
"11522",4,2,8,6,5,1,9,2,8,1,5,1,6,3,2,5,3,2,0,5,3,3,3,13,12
"11523",5,2,10,6,9,1,15,2,8,6,5,1,9,2,0,0,6,1,3,2,6,2,3,15,22
"11524",6,5,10,6,9,1,16,2,10,6,9,1,15,1,3,0,1,0,0,3,1,1,3,18,23
"11525",7,11,10,10,9,5,16,5,10,6,9,1,16,6,4,1,4,1,0,6,4,1,2,28,27
"11526",8,11,11,10,9,16,22,11,10,10,9,5,16,1,0,0,6,5,4,1,6,2,3,29,44
"11527",9,11,11,14,14,16,22,11,11,10,9,16,22,5,4,0,5,0,0,4,5,3,1,33,49
"11528",10,11,11,17,23,16,22,11,11,14,14,16,22,4,3,6,4,6,0,3,6,3,1,36,58
"11529",11,15,11,17,24,16,22,11,11,17,23,16,22,4,0,0,1,3,2,4,1,1,1,40,59
"11530",12,15,11,17,24,16,22,15,11,17,24,16,22,3,2,0,NA,0,0,0,0,0,0,40,59
"11531",0,0,0,0,0,0,0,0,0,0,0,0,0,0,0,0,0,0,0,0,0,0,0,0,0
"11532",1,1,2,7,1,1,6,1,1,1,1,1,1,5,2,6,5,2,0,6,5,3,3,7,5
"11533",2,1,2,9,1,6,12,1,2,7,1,1,6,2,0,0,6,5,5,2,6,3,3,9,16
"11534",3,6,2,9,1,6,17,1,2,9,1,6,12,5,5,0,5,0,0,5,5,1,3,14,21
"11535",4,6,2,23,6,6,17,6,2,9,1,6,17,2,5,6,2,5,0,6,5,3,1,28,26
"11536",5,6,4,23,6,6,19,6,2,23,6,6,17,2,0,0,3,2,2,2,2,2,3,30,28
"11537",6,9,4,23,8,6,19,6,4,23,6,6,19,3,2,0,2,0,0,3,2,1,1,33,30
"11538",7,11,4,23,12,6,19,9,4,23,8,6,19,4,1,2,4,1,0,2,4,1,1,35,34
"11539",8,11,4,28,12,1,23,11,4,23,12,6,19,1,0,0,4,2,6,1,4,3,3,40,33
"11540",9,17,4,35,3,1,23,11,4,28,12,1,23,2,6,0,2,0,0,6,2,1,1,53,24
"11541",10,19,4,39,7,1,23,17,4,35,3,1,23,4,4,3,4,3,0,4,4,3,1,97,28
"11542",11,22,4,39,10,1,23,19,4,39,7,1,23,3,0,0,3,6,5,3,3,1,1,100,31
"11543",12,22,4,39,10,1,23,22,4,39,10,1,23,6,5,0,NA,0,0,0,0,0,0,100,31
"11544",0,0,0,0,0,0,0,0,0,0,0,0,0,0,0,0,0,0,0,0,0,0,0,0,0
"11545",1,1,3,1,1,1,4,1,1,1,1,1,1,2,3,1,3,1,0,2,3,2,3,2,3
"11546",2,1,3,2,7,6,4,1,3,1,1,1,4,1,0,0,6,6,2,1,6,3,1,3,14
"11547",3,1,11,2,9,6,4,1,3,2,7,6,4,6,2,0,2,0,0,6,2,2,1,11,16
"11548",4,1,17,7,9,6,7,1,11,2,9,6,4,6,1,3,1,3,0,6,3,2,3,22,19
"11549",5,1,17,8,12,6,7,1,17,7,9,6,7,1,0,0,1,3,2,1,3,3,1,23,22
"11550",6,1,19,8,12,6,8,1,17,8,12,6,7,1,2,0,1,0,0,2,1,2,3,25,23
"11551",7,1,22,8,12,10,8,1,19,8,12,6,8,4,3,2,4,2,0,3,4,2,2,28,27
"11552",8,1,24,8,12,10,13,1,22,8,12,10,8,2,0,0,2,2,5,2,5,2,3,30,32
"11553",9,1,26,8,12,10,15,1,24,8,12,10,13,2,2,0,2,0,0,2,2,2,3,32,34
"11554",10,1,26,11,18,11,15,1,26,8,12,10,15,3,1,6,1,6,0,3,6,3,1,35,41
"11555",11,1,27,11,18,12,15,1,26,11,18,11,15,1,0,0,1,2,5,1,1,2,2,36,42
"11556",12,1,27,11,18,12,15,1,27,11,18,12,15,2,5,0,NA,0,0,0,0,0,0,36,42
"11557",0,0,0,0,0,0,0,0,0,0,0,0,0,0,0,0,0,0,0,0,0,0,0,0,0
"11558",1,3,1,1,2,1,1,1,1,1,1,1,1,1,2,1,1,1,0,2,1,1,1,2,1
"11559",2,4,1,1,2,6,1,3,1,1,2,1,1,1,0,0,5,3,5,1,5,1,2,3,6
"11560",3,4,1,4,2,6,6,4,1,1,2,6,1,3,5,0,5,0,0,3,5,3,3,6,11
"11561",4,4,1,9,5,6,6,4,1,4,2,6,6,3,5,4,3,4,0,5,3,3,1,11,14
"11562",5,8,1,9,5,6,8,4,1,9,5,6,6,4,0,0,2,2,2,4,2,1,3,15,16
"11563",6,10,1,9,5,8,8,8,1,9,5,6,8,2,2,0,2,0,0,2,2,1,2,17,18
"11564",7,10,3,15,9,8,8,10,1,9,5,8,8,4,2,6,4,2,0,6,4,3,1,25,22
"11565",8,10,3,17,15,16,8,10,3,15,9,8,8,2,0,0,6,5,4,2,6,3,1,27,36
"11566",9,10,1,21,15,26,8,10,3,17,15,16,8,5,4,0,5,0,0,4,5,3,2,29,46
"11567",10,10,1,24,18,26,8,10,1,21,15,26,8,3,3,3,3,3,0,3,3,3,1,32,49
"11568",11,10,1,27,18,31,8,10,1,24,18,26,8,3,0,0,5,4,4,3,5,3,2,35,54
"11569",12,10,1,27,18,31,8,10,1,27,18,31,8,4,4,0,NA,0,0,0,0,0,0,35,54
"11570",0,0,0,0,0,0,0,0,0,0,0,0,0,0,0,0,0,0,0,0,0,0,0,0,0
"11571",1,5,1,1,1,1,4,1,1,1,1,1,1,3,4,4,3,4,0,4,3,1,3,4,3
"11572",2,5,1,5,1,1,7,5,1,1,1,1,4,4,0,0,3,2,4,4,3,3,3,8,6
"11573",3,5,5,5,3,1,7,5,1,5,1,1,7,2,4,0,2,0,0,4,2,2,1,12,8
"11574",4,11,8,5,3,7,8,5,5,5,3,1,7,6,6,2,6,2,0,6,6,1,2,21,15
"11575",5,13,8,5,6,7,8,11,8,5,3,7,8,2,0,0,3,2,2,2,3,1,1,23,18
"11576",6,13,8,7,8,7,8,13,8,5,6,7,8,2,2,0,2,0,0,2,2,3,1,25,20
"11577",7,13,14,16,10,7,8,13,8,7,8,7,8,6,2,3,2,3,0,6,2,2,1,40,22
"11578",8,13,17,16,12,7,8,13,14,16,10,7,8,3,0,0,1,2,3,3,2,2,1,43,24
"11579",9,16,17,16,12,7,9,13,17,16,12,7,8,1,3,0,1,0,0,3,1,1,3,46,25
"11580",10,20,17,16,12,8,9,16,17,16,12,7,9,4,1,2,1,2,0,4,1,1,2,50,26
"11581",11,22,17,16,15,8,9,20,17,16,12,8,9,2,0,0,3,3,5,2,3,1,1,52,29
"11582",12,22,17,16,15,8,9,22,17,16,15,8,9,3,5,0,NA,0,0,0,0,0,0,52,29
"11583",0,0,0,0,0,0,0,0,0,0,0,0,0,0,0,0,0,0,0,0,0,0,0,0,0
"11584",1,5,1,1,1,1,6,1,1,1,1,1,1,5,5,4,5,5,0,4,5,1,3,4,5
"11585",2,5,1,6,7,2,6,5,1,1,1,1,6,5,0,0,5,3,6,5,6,3,1,9,12
"11586",3,10,1,6,7,5,6,5,1,6,7,2,6,5,3,0,3,0,0,5,3,1,2,14,15
"11587",4,21,1,6,10,5,6,10,1,6,7,5,6,3,6,4,3,4,0,6,3,1,1,25,18
"11588",5,21,5,6,10,5,11,21,1,6,10,5,6,4,0,0,1,4,5,4,5,2,3,29,23
"11589",6,21,5,10,11,5,11,21,5,6,10,5,11,1,4,0,1,0,0,4,1,3,1,33,24
"11590",7,21,8,10,15,5,11,21,5,10,11,5,11,4,2,3,4,2,0,3,4,2,1,36,28
"11591",8,21,10,10,15,9,11,21,8,10,15,5,11,2,0,0,4,2,6,2,4,2,2,38,32
"11592",9,21,20,16,17,9,11,21,10,10,15,9,11,2,6,0,2,0,0,6,2,3,1,54,34
"11593",10,21,20,21,20,9,11,21,20,16,17,9,11,5,3,2,3,2,0,5,3,3,1,59,37
"11594",11,23,20,21,23,9,11,21,20,21,20,9,11,2,0,0,3,3,1,2,3,1,1,61,40
"11595",12,23,20,21,23,9,11,23,20,21,23,9,11,3,1,0,NA,0,0,0,0,0,0,61,40
"11596",0,0,0,0,0,0,0,0,0,0,0,0,0,0,0,0,0,0,0,0,0,0,0,0,0
"11597",1,5,1,1,7,6,1,1,1,1,1,1,1,4,2,6,2,6,0,4,6,1,1,4,11
"11598",2,7,1,1,7,6,5,5,1,1,7,6,1,2,0,0,1,4,4,2,4,1,3,6,15
"11599",3,7,5,1,7,6,6,7,1,1,7,6,5,1,4,0,1,0,0,4,1,2,3,10,16
"11600",4,7,15,1,7,9,6,7,5,1,7,6,6,3,6,3,3,3,0,6,3,2,2,20,19
"11601",5,7,15,4,13,10,6,7,15,1,7,9,6,3,0,0,6,6,2,3,6,3,1,23,26
"11602",6,13,20,4,13,12,6,7,15,4,13,10,6,6,2,0,2,0,0,6,2,1,2,34,28
"11603",7,14,24,4,19,15,1,13,20,4,13,12,6,2,6,4,2,6,0,4,6,2,1,39,32
"11604",8,14,26,4,19,15,6,14,24,4,19,15,1,2,0,0,5,3,1,2,5,2,3,41,37
"11605",9,17,26,4,19,15,7,14,26,4,19,15,6,3,1,0,1,0,0,3,1,1,3,44,38
"11606",10,17,27,4,20,15,7,17,26,4,19,15,7,1,1,1,1,1,0,1,1,2,1,45,39
"11607",11,18,27,4,25,15,7,17,27,4,20,15,7,1,0,0,6,5,5,1,5,1,1,46,44
"11608",12,18,27,4,25,15,7,18,27,4,25,15,7,6,5,0,NA,0,0,0,0,0,0,46,44
"11609",0,0,0,0,0,0,0,0,0,0,0,0,0,0,0,0,0,0,0,0,0,0,0,0,0
"11610",1,1,1,6,4,1,1,1,1,1,1,1,1,5,3,1,3,1,0,5,3,3,1,5,3
"11611",2,1,1,7,15,1,1,1,1,6,4,1,1,1,0,0,6,3,5,1,6,3,1,6,14
"11612",3,1,6,7,15,4,1,1,1,7,15,1,1,3,5,0,3,0,0,5,3,2,2,11,17
"11613",4,1,6,10,15,4,5,1,6,7,15,4,1,3,4,4,4,4,0,3,4,3,3,14,21
"11614",5,1,6,14,20,4,5,1,6,10,15,4,5,4,0,0,5,2,3,4,5,3,1,18,26
"11615",6,1,6,17,20,4,7,1,6,14,20,4,5,2,3,0,2,0,0,3,2,3,3,21,28
"11616",7,12,6,17,20,9,13,1,6,17,20,4,7,2,6,6,2,6,0,6,6,1,3,32,39
"11617",8,14,1,17,27,9,13,12,6,17,20,9,13,2,0,0,4,3,3,2,4,1,1,29,46
"11618",9,14,4,17,30,9,13,14,1,17,27,9,13,3,3,0,3,0,0,3,3,2,1,32,49
"11619",10,14,9,17,36,11,13,14,4,17,30,9,13,5,5,6,5,6,0,5,6,2,1,37,57
"11620",11,19,9,17,38,11,19,14,9,17,36,11,13,5,0,0,1,6,6,5,6,1,3,42,65
"11621",12,19,9,17,38,11,19,19,9,17,38,11,19,1,6,0,NA,0,0,0,0,0,0,42,65
"11622",0,0,0,0,0,0,0,0,0,0,0,0,0,0,0,0,0,0,0,0,0,0,0,0,0
"11623",1,1,5,1,6,1,1,1,1,1,1,1,1,2,4,5,2,5,0,4,5,2,1,4,5
"11624",2,1,7,1,6,1,3,1,5,1,6,1,1,2,0,0,2,1,4,2,2,2,3,6,7
"11625",3,1,11,1,6,2,3,1,7,1,6,1,3,1,4,0,1,0,0,4,1,2,2,10,8
"11626",4,1,11,3,12,2,4,1,11,1,6,2,3,5,2,6,5,6,0,2,6,3,1,12,15
"11627",5,1,11,8,12,2,8,1,11,3,12,2,4,5,0,0,1,2,4,5,4,3,3,17,19
"11628",6,1,11,10,12,2,9,1,11,8,12,2,8,1,2,0,1,0,0,2,1,3,3,19,20
"11629",7,6,11,10,18,7,9,1,11,10,12,2,9,5,6,2,6,2,0,5,6,1,1,24,31
"11630",8,6,11,12,18,7,13,6,11,10,18,7,9,2,0,0,1,4,5,2,4,3,3,26,35
"11631",9,11,11,12,18,7,14,6,11,12,18,7,13,1,5,0,1,0,0,5,1,1,3,31,36
"11632",10,11,11,15,24,7,16,11,11,12,18,7,14,6,3,2,6,2,0,3,6,3,1,34,44
"11633",11,13,11,15,25,7,16,11,11,15,24,7,16,2,0,0,1,4,2,2,1,1,1,36,45
"11634",12,13,11,15,25,7,16,13,11,15,25,7,16,4,2,0,NA,0,0,0,0,0,0,36,45
"11635",0,0,0,0,0,0,0,0,0,0,0,0,0,0,0,0,0,0,0,0,0,0,0,0,0
"11636",1,12,1,7,3,1,1,1,1,1,1,1,1,2,6,2,2,2,0,6,2,1,1,17,2
"11637",2,12,3,7,9,1,2,12,1,7,3,1,1,2,0,0,6,6,4,2,6,2,1,19,9
"11638",3,12,9,9,13,1,2,12,3,7,9,1,2,6,4,0,4,0,0,6,4,2,1,27,13
"11639",4,13,15,9,18,1,2,12,9,9,13,1,2,5,6,4,5,4,0,6,5,2,1,34,18
"11640",5,13,15,13,18,2,2,13,15,9,18,1,2,4,0,0,5,1,1,4,1,3,2,38,19
"11641",6,18,15,13,19,2,2,13,15,13,18,2,2,5,1,0,1,0,0,5,1,1,1,43,20
"11642",7,18,15,18,25,3,2,18,15,13,19,2,2,6,5,4,6,4,0,5,6,3,1,48,27
"11643",8,22,15,18,34,3,2,18,15,18,25,3,2,4,0,0,5,1,6,4,6,1,1,52,36
"11644",9,23,16,18,1,8,2,22,15,18,34,3,2,5,1,0,5,0,0,1,5,2,2,54,8
"11645",10,23,16,23,6,8,2,23,16,18,1,8,2,5,5,5,5,5,0,5,5,3,1,59,13
"11646",11,23,21,23,11,8,2,23,16,23,6,8,2,5,0,0,3,5,6,5,5,2,1,64,18
"11647",12,23,21,23,11,8,2,23,21,23,11,8,2,3,6,0,NA,0,0,0,0,0,0,64,18
"11648",0,0,0,0,0,0,0,0,0,0,0,0,0,0,0,0,0,0,0,0,0,0,0,0,0
"11649",1,1,1,4,5,1,1,1,1,1,1,1,1,2,3,4,2,4,0,3,4,3,1,3,4
"11650",2,1,1,6,5,1,4,1,1,4,5,1,1,2,0,0,1,1,3,2,3,3,3,5,7
"11651",3,1,1,7,5,1,5,1,1,6,5,1,4,1,1,0,1,0,0,1,1,3,3,6,8
"11652",4,1,5,7,5,3,5,1,1,7,5,1,5,2,2,4,2,2,0,4,2,2,2,10,10
"11653",5,3,5,7,5,3,12,1,5,7,5,3,5,2,0,0,5,6,6,2,6,1,3,12,17
"11654",6,8,5,13,5,8,12,3,5,7,5,3,12,5,6,0,5,0,0,6,5,3,2,23,22
"11655",7,20,10,13,5,8,16,8,5,13,5,8,12,6,3,4,3,4,0,6,4,1,3,40,26
"11656",8,20,10,16,5,8,27,20,10,13,5,8,16,3,0,0,1,1,6,3,6,3,3,43,37
"11657",9,20,11,16,5,9,27,20,10,16,5,8,27,1,1,0,1,0,0,1,1,2,2,44,38
"11658",10,20,15,16,5,9,29,20,11,16,5,9,27,1,2,4,1,2,0,4,2,2,3,48,40
"11659",11,20,16,16,5,12,29,20,15,16,5,9,29,1,0,0,2,5,3,1,3,2,2,49,43
"11660",12,20,16,16,5,12,29,20,16,16,5,12,29,2,5,0,NA,0,0,0,0,0,0,49,43
"11661",0,0,0,0,0,0,0,0,0,0,0,0,0,0,0,0,0,0,0,0,0,0,0,0,0
"11662",1,6,1,1,7,1,3,1,1,1,1,1,1,6,2,5,6,2,0,5,6,1,1,5,8
"11663",2,8,1,1,13,5,3,6,1,1,7,1,3,2,0,0,5,5,6,2,6,1,1,7,18
"11664",3,8,1,6,13,10,3,8,1,1,13,5,3,5,5,0,5,0,0,5,5,3,2,12,23
"11665",4,8,1,10,13,17,9,8,1,6,13,10,3,6,4,4,6,4,0,4,6,3,3,16,36
"11666",5,8,1,14,13,17,13,8,1,10,13,17,9,4,0,0,4,2,4,4,4,3,3,20,40
"11667",6,8,1,18,13,17,15,8,1,14,13,17,13,2,4,0,2,0,0,4,2,3,3,24,42
"11668",7,12,1,18,17,17,15,8,1,18,13,17,15,4,1,4,1,4,0,4,4,1,1,28,46
"11669",8,12,2,18,22,17,15,12,1,18,17,17,15,1,0,0,5,5,1,1,5,2,1,29,51
"11670",9,12,2,19,27,17,15,12,2,18,22,17,15,5,1,0,5,0,0,1,5,3,1,30,56
"11671",10,12,6,19,29,17,15,12,2,19,27,17,15,4,2,4,2,4,0,4,2,2,1,34,58
"11672",11,1,10,19,32,17,15,12,6,19,29,17,15,4,0,0,1,3,1,4,1,2,1,27,61
"11673",12,1,10,19,32,17,15,1,10,19,32,17,15,3,1,0,NA,0,0,0,0,0,0,27,61
"11674",0,0,0,0,0,0,0,0,0,0,0,0,0,0,0,0,0,0,0,0,0,0,0,0,0
"11675",1,1,1,3,1,1,3,1,1,1,1,1,1,2,2,2,2,2,0,2,2,3,3,2,2
"11676",2,3,1,3,1,1,7,1,1,3,1,1,3,2,0,0,4,5,4,2,4,1,3,4,6
"11677",3,3,1,8,1,5,7,3,1,3,1,1,7,5,4,0,4,0,0,5,4,3,2,9,10
"11678",4,3,1,12,1,5,10,3,1,8,1,5,7,2,3,4,2,3,0,4,3,3,3,13,13
"11679",5,3,1,14,10,11,10,3,1,12,1,5,10,2,0,0,6,5,6,2,6,3,2,15,28
"11680",6,3,1,25,10,11,15,3,1,14,10,11,10,5,6,0,5,0,0,6,5,3,3,26,33
"11681",7,9,1,32,6,11,15,3,1,25,10,11,15,5,3,1,5,1,0,3,5,3,1,39,29
"11682",8,9,1,35,6,15,1,9,1,32,6,11,15,1,0,0,1,2,4,1,4,3,2,42,19
"11683",9,9,1,36,6,17,1,9,1,35,6,15,1,1,2,0,2,0,0,1,2,3,2,43,21
"11684",10,12,1,36,11,17,1,9,1,36,6,17,1,3,5,5,5,5,0,3,5,1,1,46,26
"11685",11,17,1,36,17,23,1,12,1,36,11,17,1,5,0,0,1,6,3,5,6,1,2,51,38
"11686",12,17,1,36,17,23,1,17,1,36,17,23,1,1,3,0,NA,0,0,0,0,0,0,51,38
"11687",0,0,0,0,0,0,0,0,0,0,0,0,0,0,0,0,0,0,0,0,0,0,0,0,0
"11688",1,4,7,7,1,3,1,1,1,1,1,1,1,2,1,6,2,1,0,6,2,3,2,15,2
"11689",2,4,8,7,1,6,1,4,7,7,1,3,1,1,0,0,1,3,3,1,3,2,2,16,5
"11690",3,4,8,10,1,7,1,4,8,7,1,6,1,1,3,0,1,0,0,3,1,3,2,19,6
"11691",4,5,8,10,5,7,1,4,8,10,1,7,1,2,1,4,2,4,0,1,4,1,1,20,10
"11692",5,7,8,10,9,7,1,5,8,10,5,7,1,2,0,0,4,4,1,2,4,1,1,22,14
"11693",6,7,8,14,10,7,1,7,8,10,9,7,1,4,1,0,1,0,0,4,1,3,1,26,15
"11694",7,7,12,14,10,11,1,7,8,14,10,7,1,3,4,4,3,4,0,4,4,2,2,30,19
"11695",8,7,12,17,10,16,1,7,12,14,10,11,1,3,0,0,5,2,6,3,5,3,2,33,24
"11696",9,17,12,17,12,16,1,7,12,17,10,16,1,2,6,0,2,0,0,6,2,1,1,43,26
"11697",10,19,18,17,12,17,1,17,12,17,12,16,1,1,1,6,1,1,0,6,1,2,2,51,27
"11698",11,19,19,17,15,17,1,19,18,17,12,17,1,1,0,0,5,5,3,1,3,2,1,52,30
"11699",12,19,19,17,15,17,1,19,19,17,15,17,1,5,5,0,NA,0,0,0,0,0,0,52,30
"11700",0,0,0,0,0,0,0,0,0,0,0,0,0,0,0,0,0,0,0,0,0,0,0,0,0
"11701",1,1,1,6,1,5,1,1,1,1,1,1,1,4,1,5,4,1,0,5,4,3,2,5,4
"11702",2,2,1,6,5,5,1,1,1,6,1,5,1,1,0,0,2,4,3,1,4,1,1,6,8
"11703",3,2,1,8,8,5,1,2,1,6,5,5,1,2,3,0,3,0,0,2,3,3,1,8,11
"11704",4,2,1,12,13,5,1,2,1,8,8,5,1,4,2,5,2,5,0,4,5,3,1,12,16
"11705",5,4,1,12,13,5,6,2,1,12,13,5,1,2,0,0,5,3,5,2,5,1,3,14,21
"11706",6,4,6,12,16,5,6,4,1,12,13,5,6,3,5,0,3,0,0,5,3,2,1,19,24
"11707",7,4,6,14,16,11,10,4,6,12,16,5,6,2,6,2,6,2,0,2,6,3,2,21,34
"11708",8,4,6,16,16,11,14,4,6,14,16,11,10,2,0,0,4,2,4,2,4,3,3,23,38
"11709",9,4,6,20,16,11,16,4,6,16,16,11,14,2,4,0,2,0,0,4,2,3,3,27,40
"11710",10,4,9,20,18,11,16,4,6,20,16,11,16,2,1,3,2,1,0,3,2,2,1,30,42
"11711",11,5,9,20,24,17,16,4,9,20,18,11,16,1,0,0,6,1,4,1,6,1,2,31,54
"11712",12,5,9,20,24,17,16,5,9,20,24,17,16,1,4,0,NA,0,0,0,0,0,0,31,54
"11713",0,0,0,0,0,0,0,0,0,0,0,0,0,0,0,0,0,0,0,0,0,0,0,0,0
"11714",1,1,5,1,1,1,4,1,1,1,1,1,1,3,1,4,3,1,0,4,3,2,3,4,3
"11715",2,2,5,1,1,7,7,1,5,1,1,1,4,1,0,0,6,6,2,1,6,1,2,5,12
"11716",3,8,5,5,3,7,7,2,5,1,1,7,7,6,2,0,2,0,0,6,2,1,1,15,14
"11717",4,13,5,5,3,7,8,8,5,5,3,7,7,5,2,1,2,1,0,5,1,1,3,20,15
"11718",5,13,5,7,7,7,8,13,5,5,3,7,8,2,0,0,1,4,5,2,4,3,1,22,19
"11719",6,13,5,12,8,7,8,13,5,7,7,7,8,1,5,0,1,0,0,5,1,3,1,27,20
"11720",7,15,5,18,8,18,8,13,5,12,8,7,8,6,6,5,6,5,0,6,6,3,2,35,31
"11721",8,20,5,18,8,24,12,15,5,18,8,18,8,5,0,0,6,2,6,5,6,1,2,40,41
"11722",9,35,5,18,1,24,3,20,5,18,8,24,12,2,6,0,2,0,0,6,2,1,3,55,25
"11723",10,39,7,18,1,27,3,35,5,18,1,24,3,4,6,3,6,3,0,4,3,1,2,99,28
"11724",11,39,15,18,3,27,3,39,7,18,1,27,3,6,0,0,2,6,1,6,2,2,1,107,30
"11725",12,39,15,18,3,27,3,39,15,18,3,27,3,6,1,0,NA,0,0,0,0,0,0,107,30
"11726",0,0,0,0,0,0,0,0,0,0,0,0,0,0,0,0,0,0,0,0,0,0,0,0,0
"11727",1,9,1,1,5,1,1,1,1,1,1,1,1,6,4,4,4,4,0,6,4,1,1,8,4
"11728",2,9,5,1,9,1,1,9,1,1,5,1,1,4,0,0,1,4,1,4,4,2,1,12,8
"11729",3,9,6,1,9,1,2,9,5,1,9,1,1,1,1,0,1,0,0,1,1,2,3,13,9
"11730",4,9,9,1,9,4,2,9,6,1,9,1,2,3,3,2,3,2,0,3,3,2,2,16,12
"11731",5,9,9,3,9,4,5,9,9,1,9,4,2,2,0,0,5,1,3,2,3,3,3,18,15
"11732",6,14,9,3,10,4,5,9,9,3,9,4,5,5,1,0,1,0,0,5,1,1,1,23,16
"11733",7,14,9,8,15,4,5,14,9,3,10,4,5,5,4,5,4,5,0,5,5,3,1,28,21
"11734",8,14,13,8,15,9,5,14,9,8,15,4,5,4,0,0,5,1,2,4,5,2,2,32,26
"11735",9,14,14,8,15,9,7,14,13,8,15,9,5,1,2,0,2,0,0,1,2,2,3,33,28
"11736",10,14,14,12,15,12,7,14,14,8,15,9,7,4,3,2,3,2,0,4,3,3,2,37,31
"11737",11,16,14,12,26,12,13,14,14,12,15,12,7,2,0,0,6,6,4,2,6,1,3,39,48
"11738",12,16,14,12,26,12,13,16,14,12,26,12,13,6,4,0,NA,0,0,0,0,0,0,39,48
"11739",0,0,0,0,0,0,0,0,0,0,0,0,0,0,0,0,0,0,0,0,0,0,0,0,0
"11740",1,1,4,1,3,1,1,1,1,1,1,1,1,3,2,3,2,3,0,3,2,2,1,3,2
"11741",2,1,4,4,3,1,5,1,4,1,3,1,1,3,0,0,4,2,5,3,4,3,3,6,6
"11742",3,1,9,4,5,1,5,1,4,4,3,1,5,2,5,0,2,0,0,5,2,2,1,11,8
"11743",4,1,13,4,5,6,5,1,9,4,5,1,5,4,4,5,4,5,0,4,5,2,2,15,13
"11744",5,5,13,4,5,6,10,1,13,4,5,6,5,4,0,0,2,5,6,4,5,1,3,19,18
"11745",6,11,13,6,7,6,10,5,13,4,5,6,10,2,6,0,2,0,0,6,2,1,1,27,20
"11746",7,11,18,6,10,6,10,11,13,6,7,6,10,3,5,3,3,3,0,5,3,2,1,32,23
"11747",8,14,18,6,10,6,12,11,18,6,10,6,10,3,0,0,1,2,4,3,2,1,3,35,25
"11748",9,18,18,6,11,6,12,14,18,6,10,6,12,1,4,0,1,0,0,4,1,1,1,39,26
"11749",10,18,23,6,16,6,12,18,18,6,11,6,12,5,5,2,5,2,0,5,5,2,1,44,31
"11750",11,20,23,6,16,9,12,18,23,6,16,6,12,2,0,0,6,3,2,2,3,1,2,46,34
"11751",12,20,23,6,16,9,12,20,23,6,16,9,12,6,2,0,NA,0,0,0,0,0,0,46,34
"11752",0,0,0,0,0,0,0,0,0,0,0,0,0,0,0,0,0,0,0,0,0,0,0,0,0
"11753",1,1,6,1,4,1,1,1,1,1,1,1,1,5,2,3,2,3,0,5,3,2,1,5,3
"11754",2,3,6,1,9,1,1,1,6,1,4,1,1,2,0,0,3,5,1,2,5,1,1,7,8
"11755",3,3,6,4,9,2,1,3,6,1,9,1,1,3,1,0,1,0,0,3,1,3,2,10,9
"11756",4,3,11,4,9,2,5,3,6,4,9,2,1,5,1,4,1,4,0,5,4,2,3,15,13
"11757",5,3,11,5,9,2,10,3,11,4,9,2,5,1,0,0,3,2,5,1,5,3,3,16,18
"11758",6,6,11,5,9,2,12,3,11,5,9,2,10,3,2,0,2,0,0,3,2,1,3,19,20
"11759",7,6,17,6,9,2,16,6,11,5,9,2,12,6,3,4,3,4,0,6,4,2,3,26,24
"11760",8,6,17,9,11,2,16,6,17,6,9,2,16,3,0,0,3,1,2,3,2,3,1,29,26
"11761",9,9,17,9,11,2,17,6,17,9,11,2,16,3,1,0,1,0,0,3,1,1,3,32,27
"11762",10,9,17,14,14,2,17,9,17,9,11,2,17,2,5,3,2,3,0,5,3,3,1,37,30
"11763",11,11,17,14,19,2,17,9,17,14,14,2,17,2,0,0,3,1,5,2,5,1,1,39,35
"11764",12,11,17,14,19,2,17,11,17,14,19,2,17,3,1,0,NA,0,0,0,0,0,0,39,35
"11765",0,0,0,0,0,0,0,0,0,0,0,0,0,0,0,0,0,0,0,0,0,0,0,0,0
"11766",1,7,1,3,1,2,1,1,1,1,1,1,1,1,1,6,1,1,0,6,1,1,2,8,1
"11767",2,7,1,4,1,2,6,7,1,3,1,2,1,1,0,0,5,5,3,1,5,3,3,9,6
"11768",3,12,1,4,1,5,6,7,1,4,1,2,6,5,3,0,3,0,0,5,3,1,2,14,9
"11769",4,12,1,9,1,5,10,12,1,4,1,5,6,1,4,5,1,4,0,5,4,3,3,19,13
"11770",5,12,1,10,1,5,15,12,1,9,1,5,10,1,0,0,5,5,2,1,5,3,3,20,18
"11771",6,12,1,15,1,7,15,12,1,10,1,5,15,5,2,0,2,0,0,5,2,3,2,25,20
"11772",7,12,6,15,3,7,15,12,1,15,1,7,15,2,1,5,2,1,0,5,2,2,1,30,22
"11773",8,12,6,16,3,7,19,12,6,15,3,7,15,1,0,0,3,5,4,1,4,3,3,31,26
"11774",9,12,11,16,3,7,22,12,6,16,3,7,19,3,5,0,3,0,0,5,3,2,3,36,29
"11775",10,12,14,16,4,7,22,12,11,16,3,7,22,1,1,3,1,1,0,3,1,2,1,39,30
"11776",11,12,15,16,4,7,27,12,14,16,4,7,22,1,0,0,5,5,6,1,5,2,3,40,35
"11777",12,12,15,16,4,7,27,12,15,16,4,7,27,5,6,0,NA,0,0,0,0,0,0,40,35
"11778",0,0,0,0,0,0,0,0,0,0,0,0,0,0,0,0,0,0,0,0,0,0,0,0,0
"11779",1,1,1,5,1,7,2,1,1,1,1,1,1,3,4,6,3,6,0,4,6,3,2,4,7
"11780",2,4,1,5,1,7,7,1,1,5,1,7,2,3,0,0,2,5,1,3,5,1,3,7,12
"11781",3,4,3,5,1,8,7,4,1,5,1,7,7,2,1,0,1,0,0,2,1,2,2,9,13
"11782",4,9,3,5,2,14,7,4,3,5,1,8,7,6,5,2,6,2,0,5,6,1,2,14,20
"11783",5,9,5,5,6,14,7,9,3,5,2,14,7,2,0,0,4,3,2,2,4,2,1,16,24
"11784",6,12,5,5,8,14,7,9,5,5,6,14,7,3,2,0,2,0,0,3,2,1,1,19,26
"11785",7,16,5,5,8,16,7,12,5,5,8,14,7,4,2,1,2,1,0,4,2,1,2,23,28
"11786",8,16,5,6,8,16,12,16,5,5,8,16,7,1,0,0,5,1,5,1,5,3,3,24,33
"11787",9,16,10,6,8,17,12,16,5,6,8,16,12,1,5,0,1,0,0,5,1,2,2,29,34
"11788",10,17,10,6,8,21,12,16,10,6,8,17,12,1,4,1,4,1,0,1,4,1,2,30,38
"11789",11,17,10,7,17,21,12,17,10,6,8,21,12,1,0,0,5,6,5,1,6,3,1,31,47
"11790",12,17,10,7,17,21,12,17,10,7,17,21,12,5,5,0,NA,0,0,0,0,0,0,31,47
"11791",0,0,0,0,0,0,0,0,0,0,0,0,0,0,0,0,0,0,0,0,0,0,0,0,0
"11792",1,11,1,1,1,6,1,1,1,1,1,1,1,5,6,3,5,3,0,6,5,1,2,10,5
"11793",2,11,1,4,1,6,6,11,1,1,1,6,1,3,0,0,5,6,5,3,5,3,3,13,10
"11794",3,11,1,9,1,12,11,11,1,4,1,6,6,6,5,0,6,0,0,5,6,3,2,18,21
"11795",4,16,1,9,7,12,12,11,1,9,1,12,11,2,5,6,2,6,0,5,6,1,1,23,28
"11796",5,18,1,9,18,12,12,16,1,9,7,12,12,2,0,0,6,4,4,2,6,1,1,25,39
"11797",6,22,1,9,22,12,12,18,1,9,18,12,12,4,4,0,4,0,0,4,4,1,1,29,43
"11798",7,1,8,9,9,18,12,22,1,9,22,12,12,3,6,2,6,2,0,3,6,2,2,15,36
"11799",8,1,10,9,14,18,12,1,8,9,9,18,12,2,0,0,5,1,2,2,5,2,1,17,41
"11800",9,1,11,9,16,18,12,1,10,9,14,18,12,1,2,0,2,0,0,1,2,2,1,18,43
"11801",10,2,11,9,22,19,12,1,11,9,16,18,12,1,6,1,6,1,0,1,6,1,1,19,50
"11802",11,3,11,9,22,19,16,2,11,9,22,19,12,1,0,0,4,1,6,1,4,1,3,20,54
"11803",12,3,11,9,22,19,16,3,11,9,22,19,16,1,6,0,NA,0,0,0,0,0,0,20,54
"11804",0,0,0,0,0,0,0,0,0,0,0,0,0,0,0,0,0,0,0,0,0,0,0,0,0
"11805",1,5,1,7,1,5,1,1,1,1,1,1,1,4,6,1,4,1,0,6,4,3,2,10,4
"11806",2,5,2,7,1,10,1,5,1,7,1,5,1,1,0,0,4,4,5,1,5,2,2,11,9
"11807",3,9,2,7,1,14,1,5,2,7,1,10,1,4,4,0,4,0,0,4,4,1,2,15,13
"11808",4,9,8,14,2,14,1,9,2,7,1,14,1,1,6,1,1,1,0,6,1,3,1,28,14
"11809",5,9,9,14,2,18,1,9,8,14,2,14,1,1,0,0,4,5,4,1,4,2,2,29,18
"11810",6,9,14,14,2,22,1,9,9,14,2,18,1,5,4,0,4,0,0,5,4,2,2,34,22
"11811",7,14,14,14,2,27,1,9,14,14,2,22,1,1,5,5,1,5,0,5,5,1,2,39,27
"11812",8,15,14,14,2,32,1,14,14,14,2,27,1,1,0,0,5,2,1,1,5,1,2,40,32
"11813",9,15,15,14,2,32,3,15,14,14,2,32,1,2,1,0,2,0,0,1,2,2,3,41,34
"11814",10,15,15,23,1,37,3,15,15,14,2,32,3,6,3,5,3,5,0,6,5,3,2,50,38
"11815",11,15,15,1,6,37,8,15,15,23,1,37,3,3,0,0,1,5,3,3,5,3,3,28,48
"11816",12,15,15,1,6,37,8,15,15,1,6,37,8,1,3,0,NA,0,0,0,0,0,0,28,48
"11817",0,0,0,0,0,0,0,0,0,0,0,0,0,0,0,0,0,0,0,0,0,0,0,0,0
"11818",1,7,1,3,1,7,4,1,1,1,1,1,1,2,6,6,2,6,0,6,6,1,2,8,9
"11819",2,9,1,3,1,7,6,7,1,3,1,7,4,2,0,0,1,3,2,2,2,1,3,10,11
"11820",3,9,4,3,2,7,6,9,1,3,1,7,6,1,3,0,1,0,0,3,1,2,1,13,12
"11821",4,9,5,9,2,7,9,9,4,3,2,7,6,6,3,5,3,5,0,6,3,3,3,20,15
"11822",5,9,5,14,2,15,9,9,5,9,2,7,9,5,0,0,2,4,6,5,6,3,2,25,23
"11823",6,11,5,14,2,19,9,9,5,14,2,15,9,2,4,0,4,0,0,2,4,1,2,27,27
"11824",7,16,5,14,2,21,9,11,5,14,2,19,9,2,5,2,2,2,0,5,2,1,2,32,29
"11825",8,16,5,16,6,21,9,16,5,14,2,21,9,2,0,0,4,3,1,2,4,3,1,34,33
"11826",9,19,5,16,6,21,10,16,5,16,6,21,9,3,1,0,1,0,0,3,1,1,3,37,34
"11827",10,19,5,21,10,21,10,19,5,16,6,21,10,3,4,5,3,4,0,5,4,3,1,42,38
"11828",11,19,5,24,10,21,14,19,5,21,10,21,10,3,0,0,5,4,2,3,4,3,3,45,42
"11829",12,19,5,24,10,21,14,19,5,24,10,21,14,5,2,0,NA,0,0,0,0,0,0,45,42
"11830",0,0,0,0,0,0,0,0,0,0,0,0,0,0,0,0,0,0,0,0,0,0,0,0,0
"11831",1,1,6,1,1,6,1,1,1,1,1,1,1,5,4,5,4,5,0,5,5,2,2,5,5
"11832",2,1,6,5,7,6,5,1,6,1,1,6,1,4,0,0,3,6,4,4,6,3,1,9,15
"11833",3,1,10,5,10,6,5,1,6,5,7,6,5,3,4,0,3,0,0,4,3,2,1,13,18
"11834",4,1,15,5,10,6,9,1,10,5,10,6,5,3,4,5,3,4,0,5,4,2,3,18,22
"11835",5,1,18,5,10,10,9,1,15,5,10,6,9,3,0,0,4,4,2,3,4,2,2,21,26
"11836",6,1,22,5,12,10,9,1,18,5,10,10,9,4,2,0,2,0,0,4,2,2,1,25,28
"11837",7,1,24,5,12,10,10,1,22,5,12,10,9,1,2,1,1,1,0,2,1,2,3,27,29
"11838",8,2,24,5,15,10,10,1,24,5,12,10,10,1,0,0,3,2,3,1,3,1,1,28,32
"11839",9,2,26,5,15,10,13,2,24,5,15,10,10,2,3,0,3,0,0,2,3,2,3,30,35
"11840",10,2,27,5,15,16,18,2,26,5,15,10,13,6,1,1,6,1,0,1,6,2,2,31,46
"11841",11,2,28,5,21,22,18,2,27,5,15,16,18,1,0,0,6,6,5,1,6,2,1,32,58
"11842",12,2,28,5,21,22,18,2,28,5,21,22,18,6,5,0,NA,0,0,0,0,0,0,32,58
"11843",0,0,0,0,0,0,0,0,0,0,0,0,0,0,0,0,0,0,0,0,0,0,0,0,0
"11844",1,7,3,1,1,4,1,1,1,1,1,1,1,2,6,3,2,3,0,6,3,1,2,8,3
"11845",2,7,5,1,5,4,1,7,3,1,1,4,1,2,0,0,2,4,3,2,4,2,1,10,7
"11846",3,7,5,4,5,6,1,7,5,1,5,4,1,2,3,0,2,0,0,3,2,3,2,13,9
"11847",4,7,9,4,7,6,1,7,5,4,5,6,1,4,1,2,1,2,0,4,2,2,1,17,11
"11848",5,7,9,5,13,6,11,7,9,4,7,6,1,1,0,0,6,6,3,1,6,3,1,18,27
"11849",6,7,17,5,16,6,11,7,9,5,13,6,11,6,3,0,3,0,0,6,3,2,1,26,30
"11850",7,7,22,5,16,6,13,7,17,5,16,6,11,2,5,3,2,3,0,5,2,2,3,31,32
"11851",8,7,22,8,16,6,17,7,22,5,16,6,13,3,0,0,2,4,1,3,4,3,3,34,36
"11852",9,7,29,8,16,1,18,7,22,8,16,6,17,2,1,0,1,0,0,2,1,2,3,41,32
"11853",10,7,33,8,20,1,18,7,29,8,16,1,18,4,4,4,4,4,0,4,4,2,1,45,36
"11854",11,7,33,12,20,1,21,7,33,8,20,1,18,4,0,0,6,3,2,4,3,3,3,49,39
"11855",12,7,33,12,20,1,21,7,33,12,20,1,21,6,2,0,NA,0,0,0,0,0,0,49,39
"11856",0,0,0,0,0,0,0,0,0,0,0,0,0,0,0,0,0,0,0,0,0,0,0,0,0
"11857",1,7,1,5,17,1,1,1,1,1,1,1,1,1,6,6,1,6,0,6,6,1,1,10,16
"11858",2,8,1,5,17,9,1,7,1,5,17,1,1,1,0,0,2,1,6,1,6,1,2,11,24
"11859",3,10,1,5,17,9,2,8,1,5,17,9,1,2,1,0,1,0,0,2,1,1,3,13,25
"11860",4,14,1,5,19,9,2,10,1,5,17,9,2,2,2,4,2,2,0,4,2,1,1,17,27
"11861",5,14,3,5,19,9,7,14,1,5,19,9,2,2,0,0,5,2,3,2,5,2,3,19,32
"11862",6,14,3,7,19,12,7,14,3,5,19,9,7,2,3,0,3,0,0,2,3,3,2,21,35
"11863",7,19,3,7,19,12,12,14,3,7,19,12,7,4,5,5,4,5,0,5,5,1,3,26,40
"11864",8,23,3,7,19,17,12,19,3,7,19,12,12,4,0,0,4,5,1,4,5,1,2,30,45
"11865",9,23,3,11,19,18,12,23,3,7,19,17,12,4,1,0,1,0,0,4,1,3,2,34,46
"11866",10,26,3,11,19,18,16,23,3,11,19,18,12,4,3,4,4,4,0,3,4,1,3,37,50
"11867",11,30,3,11,19,20,16,26,3,11,19,18,16,4,0,0,2,2,2,4,2,1,2,41,52
"11868",12,30,3,11,19,20,16,30,3,11,19,20,16,2,2,0,NA,0,0,0,0,0,0,41,52
"11869",0,0,0,0,0,0,0,0,0,0,0,0,0,0,0,0,0,0,0,0,0,0,0,0,0
"11870",1,1,3,1,1,1,6,1,1,1,1,1,1,2,1,5,1,5,0,2,5,2,3,2,5
"11871",2,2,3,1,1,4,12,1,3,1,1,1,6,1,0,0,6,4,1,1,6,1,3,3,14
"11872",3,6,3,1,1,4,13,2,3,1,1,4,12,4,1,0,1,0,0,4,1,1,3,7,15
"11873",4,12,3,5,1,10,14,6,3,1,1,4,13,6,2,6,2,6,0,6,6,1,2,17,22
"11874",5,14,3,5,1,14,14,12,3,5,1,10,14,2,0,0,1,5,4,2,4,1,2,19,26
"11875",6,19,3,5,1,15,14,14,3,5,1,14,14,1,5,0,1,0,0,5,1,1,2,24,27
"11876",7,19,8,5,1,19,14,19,3,5,1,15,14,5,2,4,2,4,0,5,4,2,2,29,31
"11877",8,21,8,5,1,30,14,19,8,5,1,19,14,2,0,0,6,3,4,2,6,1,2,31,42
"11878",9,25,12,5,1,4,14,21,8,5,1,30,14,3,4,0,3,0,0,4,3,2,2,39,16
"11879",10,29,12,5,1,7,14,25,12,5,1,4,14,3,4,3,3,3,0,4,3,1,2,43,19
"11880",11,32,13,5,6,7,1,29,12,5,1,7,14,3,0,0,5,3,3,3,5,1,1,47,11
"11881",12,32,13,5,6,7,1,32,13,5,6,7,1,3,3,0,NA,0,0,0,0,0,0,47,11
"11882",0,0,0,0,0,0,0,0,0,0,0,0,0,0,0,0,0,0,0,0,0,0,0,0,0
"11883",1,12,1,1,1,6,1,1,1,1,1,1,1,5,6,1,5,1,0,6,5,1,2,11,5
"11884",2,13,1,1,1,10,1,12,1,1,1,6,1,1,0,0,1,4,2,1,4,1,2,12,9
"11885",3,14,1,1,1,12,1,13,1,1,1,10,1,1,2,0,2,0,0,1,2,1,2,13,11
"11886",4,14,7,7,1,17,1,14,1,1,1,12,1,5,2,6,5,2,0,6,5,2,2,25,16
"11887",5,14,9,7,1,22,1,14,7,7,1,17,1,2,0,0,1,4,5,2,5,2,2,27,21
"11888",6,14,13,7,2,22,1,14,9,7,1,22,1,1,4,0,1,0,0,4,1,2,1,31,22
"11889",7,14,16,7,2,24,1,14,13,7,2,22,1,2,1,3,2,1,0,3,2,2,2,34,24
"11890",8,14,17,7,2,31,1,14,16,7,2,24,1,1,0,0,6,1,6,1,6,2,2,35,31
"11891",9,19,17,13,2,2,1,14,17,7,2,31,1,1,6,0,1,0,0,6,1,3,2,46,2
"11892",10,21,17,13,6,2,1,19,17,13,2,2,1,2,4,4,4,4,0,2,4,1,1,48,6
"11893",11,21,21,13,9,2,1,21,17,13,6,2,1,4,0,0,3,4,3,4,3,2,1,52,9
"11894",12,21,21,13,9,2,1,21,21,13,9,2,1,4,3,0,NA,0,0,0,0,0,0,52,9
"11895",0,0,0,0,0,0,0,0,0,0,0,0,0,0,0,0,0,0,0,0,0,0,0,0,0
"11896",1,1,4,7,5,1,1,1,1,1,1,1,1,4,6,4,4,4,0,6,4,3,1,9,4
"11897",2,1,8,7,5,1,5,1,4,7,5,1,1,4,0,0,6,1,4,4,4,2,3,13,8
"11898",3,5,8,13,5,1,6,1,8,7,5,1,5,6,1,0,1,0,0,6,1,3,3,23,9
"11899",4,6,14,13,5,12,6,5,8,13,5,1,6,6,6,3,6,3,0,6,6,2,2,30,20
"11900",5,6,17,13,5,14,6,6,14,13,5,12,6,3,0,0,2,2,6,3,2,2,2,33,22
"11901",6,6,17,20,5,14,8,6,17,13,5,14,6,2,6,0,2,0,0,6,2,3,3,40,24
"11902",7,11,17,20,5,17,8,6,17,20,5,14,8,5,1,3,1,3,0,5,3,1,2,45,27
"11903",8,1,1,21,5,37,8,11,17,20,5,17,8,1,0,0,4,6,6,1,6,3,2,20,47
"11904",9,1,5,21,11,37,12,1,1,21,5,37,8,4,6,0,6,0,0,4,6,2,1,24,57
"11905",10,1,5,33,5,39,12,1,5,21,11,37,12,6,2,2,2,2,0,6,2,3,2,36,91
"11906",11,3,5,33,9,39,12,1,5,33,5,39,12,2,0,0,4,3,2,2,4,1,1,38,95
"11907",12,3,5,33,9,39,12,3,5,33,9,39,12,3,2,0,NA,0,0,0,0,0,0,38,95
"11908",0,0,0,0,0,0,0,0,0,0,0,0,0,0,0,0,0,0,0,0,0,0,0,0,0
"11909",1,1,5,1,6,7,1,1,1,1,1,1,1,6,4,4,6,4,0,4,6,2,2,4,11
"11910",2,5,5,1,12,7,7,1,5,1,6,7,1,4,0,0,6,6,2,4,6,1,3,8,23
"11911",3,6,11,1,12,9,7,5,5,1,12,7,7,6,2,0,2,0,0,6,2,2,2,15,25
"11912",4,6,14,1,13,9,7,6,11,1,12,9,7,1,3,1,1,1,0,3,1,2,1,18,26
"11913",5,6,14,2,18,9,7,6,14,1,13,9,7,1,0,0,4,3,5,1,5,3,1,19,31
"11914",6,10,14,2,21,9,7,6,14,2,18,9,7,4,3,0,3,0,0,4,3,1,1,23,34
"11915",7,10,18,2,29,9,7,10,14,2,21,9,7,4,4,6,4,6,0,4,6,2,1,27,42
"11916",8,10,22,2,29,19,7,10,18,2,29,9,7,4,0,0,6,6,3,4,6,2,2,31,52
"11917",9,12,1,8,4,19,8,10,22,2,29,19,7,6,3,0,3,0,0,6,3,3,1,18,28
"11918",10,12,6,8,10,20,8,12,1,8,4,19,8,6,1,5,6,1,0,5,6,2,1,23,35
"11919",11,13,6,8,14,20,8,12,6,8,10,20,8,1,0,0,4,1,4,1,4,1,1,24,39
"11920",12,13,6,8,14,20,8,13,6,8,14,20,8,1,4,0,NA,0,0,0,0,0,0,24,39
"11921",0,0,0,0,0,0,0,0,0,0,0,0,0,0,0,0,0,0,0,0,0,0,0,0,0
"11922",1,1,4,1,1,1,5,1,1,1,1,1,1,1,3,4,1,4,0,3,4,2,3,3,4
"11923",2,1,4,2,1,6,5,1,4,1,1,1,5,1,0,0,1,5,5,1,5,3,2,4,9
"11924",3,1,9,2,1,6,6,1,4,2,1,6,5,1,5,0,1,0,0,5,1,2,3,9,10
"11925",4,1,9,6,1,6,10,1,9,2,1,6,6,3,4,4,3,4,0,4,4,3,3,13,14
"11926",5,1,12,6,1,6,13,1,9,6,1,6,10,3,0,0,3,1,1,3,3,2,3,16,17
"11927",6,1,13,6,1,7,13,1,12,6,1,6,13,1,1,0,1,0,0,1,1,2,2,17,18
"11928",7,1,13,17,1,7,18,1,13,6,1,7,13,6,3,5,3,5,0,6,5,3,3,28,23
"11929",8,1,13,17,1,10,22,1,13,17,1,7,18,3,0,0,4,6,2,3,4,1,3,28,30
"11930",9,1,19,1,3,10,24,1,13,17,1,10,22,6,2,0,2,0,0,6,2,2,1,18,34
"11931",10,1,20,1,3,10,34,1,19,1,3,10,24,1,6,1,6,1,0,1,6,2,3,19,44
"11932",11,2,20,1,7,10,34,1,20,1,3,10,34,1,0,0,4,2,3,1,4,1,1,20,48
"11933",12,2,20,1,7,10,34,2,20,1,7,10,34,2,3,0,NA,0,0,0,0,0,0,20,48
"11934",0,0,0,0,0,0,0,0,0,0,0,0,0,0,0,0,0,0,0,0,0,0,0,0,0
"11935",1,1,11,1,1,1,4,1,1,1,1,1,1,3,2,6,3,2,0,6,3,2,3,10,3
"11936",2,1,13,1,1,3,10,1,11,1,1,1,4,2,0,0,6,5,3,2,6,2,3,12,11
"11937",3,4,13,1,1,3,15,1,13,1,1,3,10,5,3,0,5,0,0,3,5,1,3,15,16
"11938",4,9,13,1,3,3,15,4,13,1,1,3,15,1,2,5,1,2,0,5,2,1,1,20,18
"11939",5,9,13,2,12,9,15,9,13,1,3,3,15,1,0,0,5,6,6,1,6,3,2,21,33
"11940",6,12,19,2,17,9,15,9,13,2,12,9,15,5,6,0,5,0,0,6,5,2,1,30,38
"11941",7,12,22,2,17,14,15,12,19,2,17,9,15,3,1,5,1,5,0,3,5,2,2,33,43
"11942",8,12,23,2,18,14,15,12,22,2,17,14,15,1,0,0,4,2,1,1,1,2,1,34,44
"11943",9,16,23,2,18,16,15,12,23,2,18,14,15,4,2,0,2,0,0,4,2,1,2,38,46
"11944",10,16,27,2,18,16,18,16,23,2,18,16,15,3,3,4,3,3,0,4,3,2,3,42,49
"11945",11,16,30,2,19,16,18,16,27,2,18,16,18,3,0,0,1,1,1,3,1,2,1,45,50
"11946",12,16,30,2,19,16,18,16,30,2,19,16,18,1,1,0,NA,0,0,0,0,0,0,45,50
"11947",0,0,0,0,0,0,0,0,0,0,0,0,0,0,0,0,0,0,0,0,0,0,0,0,0
"11948",1,11,1,7,1,6,1,1,1,1,1,1,1,2,5,6,2,5,0,6,5,3,2,16,5
"11949",2,11,3,7,5,6,1,11,1,7,1,6,1,2,0,0,4,1,3,2,4,2,1,18,9
"11950",3,11,3,10,6,6,1,11,3,7,5,6,1,1,3,0,1,0,0,3,1,3,1,21,10
"11951",4,11,9,12,6,15,1,11,3,10,6,6,1,5,6,6,5,6,0,6,6,2,2,29,19
"11952",5,16,9,12,6,20,1,11,9,12,6,15,1,5,0,0,5,4,5,5,5,1,2,34,24
"11953",6,16,14,12,10,20,1,16,9,12,6,20,1,4,5,0,4,0,0,5,4,2,1,39,28
"11954",7,16,18,12,10,28,1,16,14,12,10,20,1,3,4,6,3,6,0,4,6,2,2,43,36
"11955",8,19,18,12,17,34,1,16,18,12,10,28,1,3,0,0,1,6,5,3,6,1,2,46,49
"11956",9,24,18,12,17,34,2,19,18,12,17,34,1,1,5,0,1,0,0,5,1,1,3,51,50
"11957",10,1,18,16,21,1,8,24,18,12,17,34,2,6,4,5,6,5,0,4,6,3,3,32,27
"11958",11,1,18,16,27,1,8,1,18,16,21,1,8,5,0,0,4,2,3,5,3,1,1,32,33
"11959",12,1,18,16,27,1,8,1,18,16,27,1,8,4,2,0,NA,0,0,0,0,0,0,32,33
"11960",0,0,0,0,0,0,0,0,0,0,0,0,0,0,0,0,0,0,0,0,0,0,0,0,0
"11961",1,7,1,6,1,7,5,1,1,1,1,1,1,6,6,6,6,6,0,6,6,1,2,11,10
"11962",2,10,1,12,1,12,5,7,1,6,1,7,5,6,0,0,1,5,2,6,5,3,2,20,15
"11963",3,12,1,12,2,12,5,10,1,12,1,12,5,1,2,0,1,0,0,2,1,1,1,22,16
"11964",4,12,3,12,4,12,5,12,1,12,2,12,5,2,2,1,2,1,0,2,2,2,1,24,18
"11965",5,13,3,12,4,14,5,12,3,12,4,12,5,1,0,0,2,3,2,1,2,1,2,25,20
"11966",6,13,6,12,6,14,5,13,3,12,4,14,5,3,2,0,2,0,0,3,2,2,1,28,22
"11967",7,19,11,12,6,18,5,13,6,12,6,14,5,4,6,3,4,3,0,6,4,1,2,39,26
"11968",8,19,11,15,6,21,5,19,11,12,6,18,5,3,0,0,2,1,3,3,3,3,2,42,29
"11969",9,19,13,15,6,22,5,19,11,15,6,21,5,2,1,0,1,0,0,2,1,2,2,44,30
"11970",10,19,18,15,6,25,5,19,13,15,6,22,5,3,5,3,3,3,0,5,3,2,2,49,33
"11971",11,19,21,15,6,37,5,19,18,15,6,25,5,3,0,0,6,6,6,3,6,2,2,52,45
"11972",12,19,21,15,6,37,5,19,21,15,6,37,5,6,6,0,NA,0,0,0,0,0,0,52,45
"11973",0,0,0,0,0,0,0,0,0,0,0,0,0,0,0,0,0,0,0,0,0,0,0,0,0
"11974",1,1,3,1,1,6,1,1,1,1,1,1,1,4,2,5,4,5,0,2,5,2,2,2,5
"11975",2,1,7,1,9,12,1,1,3,1,1,6,1,4,0,0,4,1,6,4,6,2,2,6,19
"11976",3,5,7,1,9,13,1,1,7,1,9,12,1,4,1,0,1,0,0,4,1,1,2,10,20
"11977",4,5,9,1,16,13,1,5,7,1,9,13,1,2,3,6,3,6,0,2,6,2,1,12,27
"11978",5,5,12,1,16,13,5,5,9,1,16,13,1,3,0,0,4,3,3,3,4,2,3,15,31
"11979",6,5,15,1,16,13,8,5,12,1,16,13,5,3,3,0,3,0,0,3,3,2,3,18,34
"11980",7,5,20,1,16,13,11,5,15,1,16,13,8,5,3,2,3,2,0,5,3,2,3,23,37
"11981",8,5,20,3,16,17,11,5,20,1,16,13,11,2,0,0,2,4,1,2,4,3,2,25,41
"11982",9,7,20,3,16,17,12,5,20,3,16,17,11,2,1,0,1,0,0,2,1,1,3,27,42
"11983",10,9,20,3,20,17,18,7,20,3,16,17,12,6,2,2,6,2,0,2,6,1,3,29,52
"11984",11,11,20,3,25,17,18,9,20,3,20,17,18,2,0,0,5,5,5,2,5,1,1,31,57
"11985",12,11,20,3,25,17,18,11,20,3,25,17,18,5,5,0,NA,0,0,0,0,0,0,31,57
"11986",0,0,0,0,0,0,0,0,0,0,0,0,0,0,0,0,0,0,0,0,0,0,0,0,0
"11987",1,1,1,2,1,1,3,1,1,1,1,1,1,2,1,2,2,2,0,1,2,3,3,1,2
"11988",2,1,3,2,7,6,3,1,1,2,1,1,3,2,0,0,1,6,4,2,6,2,1,3,13
"11989",3,1,3,6,7,6,4,1,3,2,7,6,3,1,4,0,1,0,0,4,1,3,3,7,14
"11990",4,1,5,12,12,6,10,1,3,6,7,6,4,4,6,6,4,6,0,6,6,3,3,15,25
"11991",5,1,9,12,12,11,10,1,5,12,12,6,10,4,0,0,3,5,4,4,5,2,2,19,30
"11992",6,1,13,12,12,14,10,1,9,12,12,11,10,3,4,0,3,0,0,4,3,2,2,23,33
"11993",7,1,13,16,12,14,14,1,13,12,12,14,10,2,4,4,2,4,0,4,4,3,3,27,37
"11994",8,1,13,18,15,14,14,1,13,16,12,14,14,2,0,0,3,4,5,2,3,3,1,29,40
"11995",9,1,13,22,15,14,19,1,13,18,15,14,14,4,5,0,5,0,0,4,5,3,3,33,45
"11996",10,1,13,27,27,19,19,1,13,22,15,14,19,5,1,6,1,6,0,5,6,3,1,38,62
"11997",11,2,13,27,30,19,19,1,13,27,27,19,19,1,0,0,3,1,3,1,3,1,1,39,65
"11998",12,2,13,27,30,19,19,2,13,27,30,19,19,1,3,0,NA,0,0,0,0,0,0,39,65
"11999",0,0,0,0,0,0,0,0,0,0,0,0,0,0,0,0,0,0,0,0,0,0,0,0,0
"12000",1,1,1,6,1,6,7,1,1,1,1,1,1,6,4,5,6,4,0,5,6,3,3,5,11
"12001",2,5,1,6,6,6,7,1,1,6,1,6,7,4,0,0,5,5,5,4,5,1,1,9,16
"12002",3,5,1,11,11,6,7,5,1,6,6,6,7,5,5,0,5,0,0,5,5,3,1,14,21
"12003",4,5,1,21,16,6,7,5,1,11,11,6,7,2,6,5,2,5,0,6,5,3,1,24,26
"12004",5,7,1,21,16,8,7,5,1,21,16,6,7,2,0,0,1,2,3,2,2,1,2,26,28
"12005",6,7,1,24,17,8,7,7,1,21,16,8,7,1,3,0,1,0,0,3,1,3,1,29,29
"12006",7,12,1,24,23,8,10,7,1,24,17,8,7,6,5,5,6,5,0,5,6,1,1,34,38
"12007",8,17,1,24,23,8,12,12,1,24,23,8,10,5,0,0,2,1,3,5,2,1,3,39,40
"12008",9,20,1,24,23,9,12,17,1,24,23,8,12,1,3,0,1,0,0,3,1,1,2,42,41
"12009",10,20,1,34,28,9,1,20,1,24,23,9,12,4,5,6,4,5,0,6,5,3,1,52,35
"12010",11,24,1,34,28,9,5,20,1,34,28,9,1,4,0,0,1,2,4,4,4,1,3,56,39
"12011",12,24,1,34,28,9,5,24,1,34,28,9,5,1,2,0,NA,0,0,0,0,0,0,56,39
"12012",0,0,0,0,0,0,0,0,0,0,0,0,0,0,0,0,0,0,0,0,0,0,0,0,0
"12013",1,2,1,1,2,1,1,1,1,1,1,1,1,2,1,1,2,1,0,1,1,1,1,1,1
"12014",2,4,1,1,6,1,1,2,1,1,2,1,1,2,0,0,4,5,2,2,4,1,1,3,5
"12015",3,9,1,1,8,1,1,4,1,1,6,1,1,5,2,0,2,0,0,5,2,1,1,8,7
"12016",4,9,4,1,8,6,7,9,1,1,8,1,1,4,3,6,4,6,0,3,6,2,3,11,18
"12017",5,9,4,5,14,12,12,9,4,1,8,6,7,4,0,0,6,6,3,4,6,3,2,15,35
"12018",6,9,4,8,14,18,15,9,4,5,14,12,12,6,3,0,6,0,0,3,6,3,2,18,44
"12019",7,9,1,12,21,22,15,9,4,8,14,18,15,2,4,4,2,4,0,4,4,3,2,19,55
"12020",8,11,1,12,21,22,17,9,1,12,21,22,15,2,0,0,4,5,2,2,2,1,3,21,57
"12021",9,15,1,12,26,22,17,11,1,12,21,22,17,4,5,0,5,0,0,4,5,1,1,25,62
"12022",10,15,6,1,35,22,17,15,1,12,26,22,17,5,4,4,4,4,0,5,4,2,1,19,71
"12023",11,15,10,1,36,22,17,15,6,1,35,22,17,4,0,0,6,1,2,4,1,2,1,23,72
"12024",12,15,10,1,36,22,17,15,10,1,36,22,17,6,2,0,NA,0,0,0,0,0,0,23,72
"12025",0,0,0,0,0,0,0,0,0,0,0,0,0,0,0,0,0,0,0,0,0,0,0,0,0
"12026",1,1,5,7,3,7,1,1,1,1,1,1,1,6,6,2,6,2,0,6,6,3,2,10,8
"12027",2,3,5,7,8,7,1,1,5,7,3,7,1,2,0,0,5,5,1,2,5,1,1,12,13
"12028",3,3,5,12,8,7,2,3,5,7,8,7,1,5,1,0,1,0,0,5,1,3,3,17,14
"12029",4,3,5,17,12,7,2,3,5,12,8,7,2,2,5,4,2,4,0,5,4,3,1,22,18
"12030",5,5,5,17,12,12,2,3,5,17,12,7,2,2,0,0,5,4,1,2,5,1,2,24,23
"12031",6,9,5,17,12,12,3,5,5,17,12,12,2,4,1,0,1,0,0,4,1,1,3,28,24
"12032",7,12,5,17,14,12,3,9,5,17,12,12,3,2,3,1,2,1,0,3,2,1,1,31,26
"12033",8,13,5,17,14,12,7,12,5,17,14,12,3,1,0,0,1,1,4,1,4,1,3,32,30
"12034",9,13,5,18,14,12,8,13,5,17,14,12,7,1,1,0,1,0,0,1,1,3,3,33,31
"12035",10,13,10,18,14,12,10,13,5,18,14,12,8,2,5,1,2,1,0,5,2,2,3,38,33
"12036",11,13,10,19,16,12,10,13,10,18,14,12,10,1,0,0,2,1,4,1,2,3,1,39,35
"12037",12,13,10,19,16,12,10,13,10,19,16,12,10,1,4,0,NA,0,0,0,0,0,0,39,35
"12038",0,0,0,0,0,0,0,0,0,0,0,0,0,0,0,0,0,0,0,0,0,0,0,0,0
"12039",1,1,6,1,1,1,6,1,1,1,1,1,1,5,5,4,5,4,0,5,5,2,3,5,5
"12040",2,5,6,1,1,1,11,1,6,1,1,1,6,4,0,0,5,3,3,4,5,1,3,9,10
"12041",3,5,9,1,1,1,14,5,6,1,1,1,11,3,3,0,3,0,0,3,3,2,3,12,13
"12042",4,5,9,2,1,1,18,5,9,1,1,1,14,1,4,3,4,3,0,1,4,3,3,13,17
"12043",5,8,9,2,1,2,18,5,9,2,1,1,18,3,0,0,1,3,4,3,1,1,2,16,18
"12044",6,12,9,2,4,2,18,8,9,2,1,2,18,3,4,0,3,0,0,4,3,1,1,20,21
"12045",7,12,13,8,4,2,22,12,9,2,4,2,18,4,1,6,4,1,0,6,4,3,3,30,25
"12046",8,13,13,8,4,2,25,12,13,8,4,2,22,1,0,0,3,1,2,1,3,1,3,31,28
"12047",9,15,13,1,4,4,26,13,13,8,4,2,25,1,2,0,1,0,0,2,1,1,3,26,31
"12048",10,18,13,1,4,7,26,15,13,1,4,4,26,3,3,3,3,3,0,3,3,1,2,29,34
"12049",11,21,13,1,7,7,26,18,13,1,4,7,26,3,0,0,3,1,1,3,3,1,1,32,37
"12050",12,21,13,1,7,7,26,21,13,1,7,7,26,1,1,0,NA,0,0,0,0,0,0,32,37
"12051",0,0,0,0,0,0,0,0,0,0,0,0,0,0,0,0,0,0,0,0,0,0,0,0,0
"12052",1,1,1,4,1,5,1,1,1,1,1,1,1,1,3,4,1,4,0,3,4,3,2,3,4
"12053",2,2,1,4,5,5,7,1,1,4,1,5,1,1,0,0,5,2,6,1,6,1,3,4,14
"12054",3,2,6,4,5,5,9,2,1,4,5,5,7,5,2,0,2,0,0,5,2,2,3,9,16
"12055",4,2,14,4,9,5,9,2,6,4,5,5,9,4,3,6,4,3,0,6,4,2,1,17,20
"12056",5,2,17,4,13,5,9,2,14,4,9,5,9,3,0,0,4,1,3,3,4,2,1,20,24
"12057",6,2,20,4,13,6,9,2,17,4,13,5,9,1,3,0,1,0,0,3,1,2,2,23,25
"12058",7,5,20,4,16,6,9,2,20,4,13,6,9,3,3,1,3,1,0,3,3,1,1,26,28
"12059",8,5,20,5,22,6,11,5,20,4,16,6,9,1,0,0,2,6,2,1,6,3,1,27,36
"12060",9,5,20,7,22,6,13,5,20,5,22,6,11,2,2,0,2,0,0,2,2,3,3,29,38
"12061",10,5,22,7,22,6,14,5,20,7,22,6,13,1,2,3,1,3,0,2,1,2,3,31,39
"12062",11,5,25,7,22,6,19,5,22,7,22,6,14,3,0,0,5,6,6,3,5,2,3,34,44
"12063",12,5,25,7,22,6,19,5,25,7,22,6,19,6,6,0,NA,0,0,0,0,0,0,34,44
"12064",0,0,0,0,0,0,0,0,0,0,0,0,0,0,0,0,0,0,0,0,0,0,0,0,0
"12065",1,1,7,5,1,4,1,1,1,1,1,1,1,3,1,6,3,1,0,6,3,2,2,10,3
"12066",2,2,7,5,13,9,1,1,7,5,1,4,1,1,0,0,2,6,3,1,6,1,1,11,20
"12067",3,2,7,8,13,11,1,2,7,5,13,9,1,2,3,0,2,0,0,3,2,3,2,14,22
"12068",4,2,7,12,14,11,1,2,7,8,13,11,1,2,4,1,2,1,0,4,1,3,1,18,23
"12069",5,4,7,12,14,14,7,2,7,12,14,11,1,2,0,0,5,3,6,2,6,1,3,20,32
"12070",6,4,7,17,14,14,10,4,7,12,14,14,7,5,3,0,3,0,0,5,3,3,3,25,35
"12071",7,4,7,21,14,14,19,4,7,17,14,14,10,4,6,2,6,2,0,4,6,3,3,29,44
"12072",8,4,9,21,14,18,19,4,7,21,14,14,19,2,0,0,4,2,1,2,4,2,2,31,48
"12073",9,6,9,21,14,18,20,4,9,21,14,18,19,2,1,0,1,0,0,2,1,1,3,33,49
"12074",10,6,9,25,18,18,20,6,9,21,14,18,20,4,4,1,4,1,0,4,4,3,1,37,53
"12075",11,7,9,25,22,18,20,6,9,25,18,18,20,1,0,0,4,6,3,1,4,1,1,38,57
"12076",12,7,9,25,22,18,20,7,9,25,22,18,20,6,3,0,NA,0,0,0,0,0,0,38,57
"12077",0,0,0,0,0,0,0,0,0,0,0,0,0,0,0,0,0,0,0,0,0,0,0,0,0
"12078",1,1,6,1,6,1,1,1,1,1,1,1,1,5,5,2,5,2,0,5,5,2,1,5,5
"12079",2,1,6,3,7,1,1,1,6,1,6,1,1,2,0,0,3,3,1,2,1,3,1,7,6
"12080",3,4,6,3,10,1,1,1,6,3,7,1,1,3,3,0,3,0,0,3,3,1,1,10,9
"12081",4,4,6,6,10,6,1,4,6,3,10,1,1,5,3,3,5,3,0,3,5,3,2,13,14
"12082",5,7,6,6,10,11,1,4,6,6,10,6,1,3,0,0,5,1,5,3,5,1,2,16,19
"12083",6,12,6,6,11,11,1,7,6,6,10,11,1,1,5,0,1,0,0,5,1,1,1,21,20
"12084",7,12,6,11,18,11,1,12,6,6,11,11,1,3,5,6,3,6,0,5,6,3,1,26,27
"12085",8,12,6,14,18,16,1,12,6,11,18,11,1,3,0,0,1,5,4,3,5,3,2,29,32
"12086",9,16,6,14,19,16,1,12,6,14,18,16,1,1,4,0,1,0,0,4,1,1,1,33,33
"12087",10,16,10,14,21,16,1,16,6,14,19,16,1,1,4,2,1,2,0,4,2,2,1,37,35
"12088",11,16,11,14,27,16,6,16,10,14,21,16,1,1,0,0,5,2,6,1,6,2,1,38,46
"12089",12,16,11,14,27,16,6,16,11,14,27,16,6,5,2,0,NA,0,0,0,0,0,0,38,46
"12090",0,0,0,0,0,0,0,0,0,0,0,0,0,0,0,0,0,0,0,0,0,0,0,0,0
"12091",1,5,1,1,13,1,4,1,1,1,1,1,1,2,4,6,2,6,0,4,6,1,1,4,15
"12092",2,7,1,1,24,1,4,5,1,1,13,1,4,2,0,0,3,1,6,2,6,1,1,6,26
"12093",3,1,1,4,26,1,4,7,1,1,24,1,4,3,1,0,1,0,0,3,1,3,1,3,28
"12094",4,4,1,4,31,1,4,1,1,4,26,1,4,3,5,5,5,5,0,3,5,1,1,6,33
"12095",5,4,6,4,37,6,4,4,1,4,31,1,4,5,0,0,5,6,5,5,6,2,1,11,44
"12096",6,4,11,4,37,11,4,4,6,4,37,6,4,5,5,0,5,0,0,5,5,2,2,16,49
"12097",7,5,11,4,37,20,4,4,11,4,37,11,4,1,6,3,6,3,0,1,6,1,2,17,58
"12098",8,1,1,4,39,34,10,5,11,4,37,20,4,3,0,0,6,5,6,3,6,1,3,3,118
"12099",9,6,1,4,39,36,16,1,1,4,39,34,10,5,6,0,6,0,0,5,6,1,3,8,126
"12100",10,7,1,4,39,36,21,6,1,4,39,36,16,1,5,6,5,6,0,1,5,1,3,9,131
"12101",11,24,1,4,39,39,23,7,1,4,39,36,21,6,0,0,3,1,1,6,3,1,2,26,174
"12102",12,24,1,4,39,39,23,24,1,4,39,39,23,1,1,0,NA,0,0,0,0,0,0,26,174
"12103",0,0,0,0,0,0,0,0,0,0,0,0,0,0,0,0,0,0,0,0,0,0,0,0,0
"12104",1,5,1,1,1,5,1,1,1,1,1,1,1,4,4,1,4,1,0,4,4,1,2,4,4
"12105",2,6,1,1,12,5,1,5,1,1,1,5,1,1,0,0,5,3,6,1,6,1,1,5,15
"12106",3,9,1,1,12,5,6,6,1,1,12,5,1,5,3,0,5,0,0,3,5,1,3,8,20
"12107",4,9,1,3,12,12,6,9,1,1,12,5,6,2,6,2,6,2,0,2,6,3,2,10,27
"12108",5,11,1,3,12,12,9,9,1,3,12,12,6,2,0,0,3,6,3,2,3,1,3,12,30
"12109",6,11,1,14,12,12,12,11,1,3,12,12,9,6,3,0,3,0,0,6,3,3,3,23,33
"12110",7,11,1,18,12,17,12,11,1,14,12,12,12,1,4,5,1,5,0,4,5,3,2,27,38
"12111",8,12,1,18,18,17,16,11,1,18,12,17,12,1,0,0,6,2,1,1,6,1,1,28,48
"12112",9,13,1,18,18,19,16,12,1,18,18,17,16,2,1,0,2,0,0,1,2,1,2,29,50
"12113",10,18,1,18,18,23,16,13,1,18,18,19,16,4,5,5,4,5,0,5,4,1,2,34,54
"12114",11,23,1,18,18,25,16,18,1,18,18,23,16,5,0,0,2,4,3,5,2,1,2,39,56
"12115",12,23,1,18,18,25,16,23,1,18,18,25,16,4,3,0,NA,0,0,0,0,0,0,39,56
"12116",0,0,0,0,0,0,0,0,0,0,0,0,0,0,0,0,0,0,0,0,0,0,0,0,0
"12117",1,8,1,1,1,1,2,1,1,1,1,1,1,6,1,1,1,1,0,6,1,1,3,7,1
"12118",2,8,1,2,4,1,2,8,1,1,1,1,2,1,0,0,3,2,1,1,3,3,1,8,4
"12119",3,10,1,2,4,1,3,8,1,2,4,1,2,2,1,0,1,0,0,2,1,1,3,10,5
"12120",4,10,6,2,4,6,3,10,1,2,4,1,3,1,5,5,1,5,0,5,5,2,2,15,10
"12121",5,10,7,2,4,6,5,10,6,2,4,6,3,1,0,0,2,2,3,1,2,2,3,16,12
"12122",6,10,7,5,4,8,5,10,7,2,4,6,5,2,3,0,2,0,0,3,2,3,2,19,14
"12123",7,10,7,10,6,8,5,10,7,5,4,8,5,2,1,5,2,1,0,5,2,3,1,24,16
"12124",8,10,7,11,6,14,10,10,7,10,6,8,5,1,0,0,6,5,6,1,6,3,2,25,27
"12125",9,15,7,17,6,14,15,10,7,11,6,14,10,5,6,0,5,0,0,6,5,3,3,36,32
"12126",10,15,12,17,6,19,15,15,7,17,6,14,15,5,4,5,4,5,0,5,5,2,2,41,37
"12127",11,19,12,17,6,19,19,15,12,17,6,19,15,4,0,0,4,6,3,4,4,1,3,45,41
"12128",12,19,12,17,6,19,19,19,12,17,6,19,19,6,3,0,NA,0,0,0,0,0,0,45,41
"12129",0,0,0,0,0,0,0,0,0,0,0,0,0,0,0,0,0,0,0,0,0,0,0,0,0
"12130",1,1,1,5,4,1,1,1,1,1,1,1,1,1,4,3,1,3,0,4,3,3,1,4,3
"12131",2,1,1,6,4,4,7,1,1,5,4,1,1,1,0,0,6,6,1,1,6,3,3,5,12
"12132",3,7,6,6,5,4,7,1,1,6,4,4,7,6,1,0,1,0,0,6,1,1,1,16,13
"12133",4,7,9,6,5,4,11,7,6,6,5,4,7,3,3,4,3,4,0,3,4,2,3,19,17
"12134",5,10,9,6,5,8,11,7,9,6,5,4,11,3,0,0,4,4,4,3,4,1,2,22,21
"12135",6,10,13,6,9,8,11,10,9,6,5,8,11,4,4,0,4,0,0,4,4,2,1,26,25
"12136",7,10,19,17,9,8,13,10,13,6,9,8,11,6,2,2,2,2,0,6,2,2,3,43,27
"12137",8,10,19,19,9,8,17,10,19,17,9,8,13,2,0,0,1,2,4,2,4,3,3,45,31
"12138",9,12,19,19,9,8,18,10,19,19,9,8,17,1,2,0,1,0,0,2,1,1,3,47,32
"12139",10,14,19,19,9,8,19,12,19,19,9,8,18,2,3,1,3,1,0,2,1,1,3,49,33
"12140",11,17,19,19,14,8,19,14,19,19,9,8,19,3,0,0,5,3,4,3,5,1,1,52,38
"12141",12,17,19,19,14,8,19,17,19,19,14,8,19,3,4,0,NA,0,0,0,0,0,0,52,38
"12142",0,0,0,0,0,0,0,0,0,0,0,0,0,0,0,0,0,0,0,0,0,0,0,0,0
"12143",1,1,5,1,1,6,1,1,1,1,1,1,1,4,2,5,2,5,0,4,5,2,2,4,5
"12144",2,1,5,3,6,6,7,1,5,1,1,6,1,2,0,0,2,3,6,2,6,3,3,6,16
"12145",3,1,5,6,8,6,7,1,5,3,6,6,7,2,3,0,2,0,0,3,2,3,1,9,18
"12146",4,1,6,6,10,6,7,1,5,6,8,6,7,1,2,1,2,1,0,1,2,2,1,10,20
"12147",5,1,6,7,10,6,12,1,6,6,10,6,7,1,0,0,1,4,5,1,5,3,3,11,25
"12148",6,1,10,7,11,6,12,1,6,7,10,6,12,1,4,0,1,0,0,4,1,2,1,15,26
"12149",7,1,15,7,17,9,12,1,10,7,11,6,12,6,2,5,6,2,0,5,6,2,1,20,35
"12150",8,1,15,9,17,10,18,1,15,7,17,9,12,2,0,0,5,3,6,2,6,3,3,22,42
"12151",9,1,20,9,17,13,18,1,15,9,17,10,18,5,3,0,3,0,0,5,3,2,2,27,45
"12152",10,1,33,9,22,13,18,1,20,9,17,13,18,3,6,6,3,6,0,6,6,2,2,40,50
"12153",11,4,35,9,1,16,18,1,33,9,22,13,18,3,0,0,3,1,5,3,3,1,2,45,32
"12154",12,4,35,9,1,16,18,4,35,9,1,16,18,1,5,0,NA,0,0,0,0,0,0,45,32
"12155",0,0,0,0,0,0,0,0,0,0,0,0,0,0,0,0,0,0,0,0,0,0,0,0,0
"12156",1,1,1,3,1,1,6,1,1,1,1,1,1,5,1,2,5,1,0,2,5,3,3,2,5
"12157",2,2,1,3,6,1,6,1,1,3,1,1,6,1,0,0,5,3,1,1,5,1,1,3,10
"12158",3,2,1,6,6,1,7,2,1,3,6,1,6,3,1,0,1,0,0,3,1,3,3,6,11
"12159",4,7,1,6,12,1,10,2,1,6,6,1,7,3,5,6,3,6,0,5,6,1,1,11,20
"12160",5,7,1,9,17,1,10,7,1,6,12,1,10,3,0,0,5,5,1,3,5,3,1,14,25
"12161",6,7,6,9,18,1,10,7,1,9,17,1,10,5,1,0,1,0,0,5,1,2,1,19,26
"12162",7,7,6,14,18,3,10,7,6,9,18,1,10,1,5,2,1,2,0,5,2,3,2,24,28
"12163",8,7,6,15,18,8,10,7,6,14,18,3,10,1,0,0,4,1,5,1,5,3,2,25,33
"12164",9,7,10,15,19,8,10,7,6,15,18,8,10,4,1,0,1,0,0,4,1,2,1,29,34
"12165",10,10,10,15,19,18,10,7,10,15,19,8,10,2,3,6,2,6,0,3,6,1,2,32,44
"12166",11,12,1,15,28,29,10,10,10,15,19,18,10,2,0,0,6,6,4,2,6,1,1,25,64
"12167",12,12,1,15,28,29,10,12,1,15,28,29,10,6,4,0,NA,0,0,0,0,0,0,25,64
"12168",0,0,0,0,0,0,0,0,0,0,0,0,0,0,0,0,0,0,0,0,0,0,0,0,0
"12169",1,1,3,1,1,5,7,1,1,1,1,1,1,6,1,2,6,1,0,2,6,2,3,2,10
"12170",2,1,3,2,4,11,7,1,3,1,1,5,7,1,0,0,5,6,6,1,6,3,2,3,19
"12171",3,6,3,2,8,11,13,1,3,2,4,11,7,5,6,0,6,0,0,5,6,1,3,8,29
"12172",4,7,3,2,13,17,13,6,3,2,8,11,13,1,2,6,2,6,0,1,6,1,2,9,40
"12173",5,9,3,2,16,23,13,7,3,2,13,17,13,2,0,0,1,4,6,2,6,1,2,11,49
"12174",6,13,3,2,16,23,14,9,3,2,16,23,13,1,4,0,1,0,0,4,1,1,3,15,50
"12175",7,17,3,2,16,27,14,13,3,2,16,23,14,4,4,1,4,1,0,4,4,1,2,19,54
"12176",8,18,3,2,16,30,14,17,3,2,16,27,14,1,0,0,1,3,5,1,3,1,2,20,57
"12177",9,18,8,2,17,30,14,18,3,2,16,30,14,1,5,0,1,0,0,5,1,2,1,25,58
"12178",10,18,11,2,18,30,14,18,8,2,17,30,14,3,1,2,1,2,0,3,1,2,1,28,59
"12179",11,18,13,2,23,30,14,18,11,2,18,30,14,2,0,0,5,5,3,2,5,2,1,30,64
"12180",12,18,13,2,23,30,14,18,13,2,23,30,14,5,3,0,NA,0,0,0,0,0,0,30,64
"12181",0,0,0,0,0,0,0,0,0,0,0,0,0,0,0,0,0,0,0,0,0,0,0,0,0
"12182",1,1,1,4,3,1,1,1,1,1,1,1,1,2,3,2,2,2,0,3,2,3,1,3,2
"12183",2,3,1,4,5,1,1,1,1,4,3,1,1,2,0,0,2,1,3,2,2,1,1,5,4
"12184",3,4,1,4,5,1,4,3,1,4,5,1,1,1,3,0,3,0,0,1,3,1,3,6,7
"12185",4,4,5,4,10,1,4,4,1,4,5,1,4,5,4,1,5,1,0,4,5,2,1,10,12
"12186",5,4,6,4,10,1,6,4,5,4,10,1,4,1,0,0,2,2,2,1,2,2,3,11,14
"12187",6,4,6,6,12,1,6,4,6,4,10,1,6,2,2,0,2,0,0,2,2,3,1,13,16
"12188",7,7,6,6,12,1,10,4,6,6,12,1,6,2,3,4,2,4,0,3,4,1,3,16,20
"12189",8,9,6,6,18,1,12,7,6,6,12,1,10,2,0,0,3,6,1,2,6,1,1,18,28
"12190",9,12,6,6,19,1,12,9,6,6,18,1,12,3,1,0,1,0,0,3,1,1,1,21,29
"12191",10,12,6,7,19,1,14,12,6,6,19,1,12,1,1,2,1,2,0,1,2,3,3,22,31
"12192",11,13,6,7,20,7,14,12,6,7,19,1,14,1,0,0,2,6,1,1,6,1,2,23,38
"12193",12,13,6,7,20,7,14,13,6,7,20,7,14,2,1,0,NA,0,0,0,0,0,0,23,38
"12194",0,0,0,0,0,0,0,0,0,0,0,0,0,0,0,0,0,0,0,0,0,0,0,0,0
"12195",1,1,4,1,1,6,1,1,1,1,1,1,1,5,5,3,5,5,0,3,5,2,2,3,5
"12196",2,6,4,1,1,11,1,1,4,1,1,6,1,5,0,0,5,2,5,5,5,1,2,8,10
"12197",3,6,4,6,3,11,1,6,4,1,1,11,1,2,5,0,2,0,0,5,2,3,1,13,12
"12198",4,11,4,6,3,16,1,6,4,6,3,11,1,5,2,5,2,5,0,5,5,1,2,18,17
"12199",5,11,6,6,3,21,1,11,4,6,3,16,1,2,0,0,4,2,5,2,5,2,2,20,22
"12200",6,11,8,6,3,21,5,11,6,6,3,21,1,4,2,0,4,0,0,2,4,2,3,22,26
"12201",7,14,8,1,8,24,5,11,8,6,3,21,5,1,3,3,1,3,0,3,3,1,2,20,34
"12202",8,14,9,1,8,24,7,14,8,1,8,24,5,1,0,0,6,6,2,1,2,2,3,21,36
"12203",9,1,15,10,12,2,13,14,9,1,8,24,7,6,6,0,6,0,0,6,6,1,3,23,24
"12204",10,7,16,10,15,2,13,1,15,10,12,2,13,1,3,6,1,3,0,6,3,1,1,30,27
"12205",11,8,16,10,24,8,13,7,16,10,15,2,13,1,0,0,6,2,1,1,6,1,1,31,42
"12206",12,8,16,10,24,8,13,8,16,10,24,8,13,2,1,0,NA,0,0,0,0,0,0,31,42
"12207",0,0,0,0,0,0,0,0,0,0,0,0,0,0,0,0,0,0,0,0,0,0,0,0,0
"12208",1,7,10,1,1,5,1,1,1,1,1,1,1,4,4,6,4,4,0,6,4,2,2,15,4
"12209",2,11,10,1,1,5,3,7,10,1,1,5,1,4,0,0,2,1,2,4,2,1,3,19,6
"12210",3,12,10,1,1,5,5,11,10,1,1,5,3,1,2,0,2,0,0,1,2,1,3,20,8
"12211",4,12,13,1,1,9,5,12,10,1,1,5,5,3,4,4,4,4,0,3,4,2,2,23,12
"12212",5,12,13,5,1,12,5,12,13,1,1,9,5,4,0,0,2,3,2,4,3,3,2,27,15
"12213",6,14,13,5,3,12,5,12,13,5,1,12,5,2,2,0,2,0,0,2,2,1,1,29,17
"12214",7,14,13,8,3,20,5,14,13,5,3,12,5,6,3,6,6,6,0,3,6,3,2,32,25
"12215",8,18,21,8,4,20,5,14,13,8,3,20,5,6,0,0,6,3,3,6,3,2,1,44,26
"12216",9,18,21,11,6,26,5,18,21,8,4,20,5,6,3,0,6,0,0,3,6,3,2,47,34
"12217",10,18,21,12,6,26,7,18,21,11,6,26,5,1,1,2,1,2,0,1,2,3,3,48,36
"12218",11,18,21,13,8,26,7,18,21,12,6,26,7,1,0,0,2,4,4,1,2,3,1,49,38
"12219",12,18,21,13,8,26,7,18,21,13,8,26,7,4,4,0,NA,0,0,0,0,0,0,49,38
"12220",0,0,0,0,0,0,0,0,0,0,0,0,0,0,0,0,0,0,0,0,0,0,0,0,0
"12221",1,16,1,1,6,1,1,1,1,1,1,1,1,5,6,2,5,2,0,6,5,1,1,15,5
"12222",2,18,1,1,12,6,1,16,1,1,6,1,1,2,0,0,2,3,6,2,6,1,1,17,16
"12223",3,18,4,1,14,6,1,18,1,1,12,6,1,2,3,0,2,0,0,3,2,2,1,20,18
"12224",4,18,10,5,19,6,1,18,4,1,14,6,1,5,4,6,5,4,0,6,5,2,1,30,23
"12225",5,22,10,5,19,6,5,18,10,5,19,6,1,4,0,0,4,4,5,4,4,1,3,34,27
"12226",6,22,14,5,19,6,10,22,10,5,19,6,5,4,5,0,5,0,0,4,5,2,3,38,32
"12227",7,22,14,10,19,9,10,22,14,5,19,6,10,1,5,3,1,3,0,5,3,3,2,43,35
"12228",8,22,14,11,24,9,10,22,14,10,19,9,10,1,0,0,1,3,5,1,5,3,1,44,40
"12229",9,22,17,11,25,9,10,22,14,11,24,9,10,1,3,0,1,0,0,3,1,2,1,47,41
"12230",10,22,17,15,26,9,10,22,17,11,25,9,10,1,1,4,1,1,0,4,1,3,1,51,42
"12231",11,23,17,15,26,9,15,22,17,15,26,9,10,1,0,0,1,5,5,1,5,1,3,52,47
"12232",12,23,17,15,26,9,15,23,17,15,26,9,15,1,5,0,NA,0,0,0,0,0,0,52,47
"12233",0,0,0,0,0,0,0,0,0,0,0,0,0,0,0,0,0,0,0,0,0,0,0,0,0
"12234",1,1,6,1,1,6,1,1,1,1,1,1,1,5,1,5,1,5,0,5,5,2,2,5,5
"12235",2,1,7,1,3,12,1,1,6,1,1,6,1,1,0,0,3,6,2,1,6,2,2,6,13
"12236",3,1,10,1,3,14,1,1,7,1,3,12,1,3,2,0,2,0,0,3,2,2,2,9,15
"12237",4,6,10,1,5,14,1,1,10,1,3,14,1,5,3,2,3,2,0,5,2,1,1,14,17
"12238",5,9,10,1,16,14,1,6,10,1,5,14,1,3,0,0,1,1,6,3,6,1,1,17,28
"12239",6,10,10,1,17,14,1,9,10,1,16,14,1,1,1,0,1,0,0,1,1,1,1,18,29
"12240",7,10,10,2,17,14,5,10,10,1,17,14,1,5,1,4,5,4,0,1,4,3,3,19,33
"12241",8,15,10,2,17,16,5,10,10,2,17,14,5,5,0,0,1,2,1,5,2,1,2,24,35
"12242",9,15,10,3,17,16,6,15,10,2,17,16,5,1,1,0,1,0,0,1,1,3,3,25,36
"12243",10,15,10,7,17,18,12,15,10,3,17,16,6,1,6,4,1,6,0,4,6,3,3,29,44
"12244",11,16,10,1,26,18,12,15,10,7,17,18,12,1,0,0,6,1,3,1,6,1,1,24,53
"12245",12,16,10,1,26,18,12,16,10,1,26,18,12,1,3,0,NA,0,0,0,0,0,0,24,53
"12246",0,0,0,0,0,0,0,0,0,0,0,0,0,0,0,0,0,0,0,0,0,0,0,0,0
"12247",1,1,6,1,1,6,1,1,1,1,1,1,1,5,5,4,5,4,0,5,5,2,2,5,5
"12248",2,5,6,1,1,6,11,1,6,1,1,6,1,4,0,0,6,2,5,4,6,1,3,9,15
"12249",3,10,6,1,1,6,13,5,6,1,1,6,11,2,5,0,2,0,0,5,2,1,3,14,17
"12250",4,10,11,1,1,11,13,10,6,1,1,6,13,5,4,5,4,5,0,5,5,2,2,19,22
"12251",5,10,11,5,11,17,13,10,11,1,1,11,13,4,0,0,3,6,2,4,6,3,1,23,38
"12252",6,10,14,5,13,17,13,10,11,5,11,17,13,3,2,0,2,0,0,3,2,2,1,26,40
"12253",7,10,19,5,19,19,13,10,14,5,13,17,13,3,6,5,3,6,0,5,6,2,1,31,48
"12254",8,10,22,1,26,19,19,10,19,5,19,19,13,3,0,0,4,3,6,3,6,2,3,30,61
"12255",9,10,22,4,26,23,19,10,22,1,26,19,19,4,3,0,4,0,0,3,4,3,2,33,65
"12256",10,10,25,4,26,26,19,10,22,4,26,23,19,3,3,2,3,2,0,3,3,2,2,36,68
"12257",11,12,25,4,28,26,19,10,25,4,26,26,19,2,0,0,2,3,3,2,2,1,1,38,70
"12258",12,12,25,4,28,26,19,12,25,4,28,26,19,3,3,0,NA,0,0,0,0,0,0,38,70
"12259",0,0,0,0,0,0,0,0,0,0,0,0,0,0,0,0,0,0,0,0,0,0,0,0,0
"12260",1,1,5,1,1,4,1,1,1,1,1,1,1,4,2,3,2,3,0,4,3,2,2,4,3
"12261",2,1,7,1,7,5,7,1,5,1,1,4,1,2,0,0,3,6,6,2,6,2,1,6,16
"12262",3,7,7,5,7,5,10,1,7,1,7,5,7,3,6,0,3,0,0,6,3,1,3,16,19
"12263",4,7,12,5,7,9,10,7,7,5,7,5,10,4,5,1,4,1,0,5,4,2,2,21,23
"12264",5,7,12,6,7,15,12,7,12,5,7,9,10,1,0,0,6,3,2,1,6,3,2,22,31
"12265",6,7,15,6,7,15,14,7,12,6,7,15,12,3,2,0,2,0,0,3,2,2,3,25,33
"12266",7,7,19,6,9,15,14,7,15,6,7,15,14,2,1,4,2,1,0,4,2,2,1,29,35
"12267",8,8,19,6,14,15,14,7,19,6,9,15,14,1,0,0,1,5,2,1,5,1,1,30,40
"12268",9,10,19,6,15,15,14,8,19,6,14,15,14,1,2,0,1,0,0,2,1,1,1,32,41
"12269",10,10,24,6,18,15,14,10,19,6,15,15,14,5,3,1,3,1,0,5,3,2,1,37,44
"12270",11,11,24,6,19,15,14,10,24,6,18,15,14,1,0,0,1,3,4,1,1,1,1,38,45
"12271",12,11,24,6,19,15,14,11,24,6,19,15,14,3,4,0,NA,0,0,0,0,0,0,38,45
"12272",0,0,0,0,0,0,0,0,0,0,0,0,0,0,0,0,0,0,0,0,0,0,0,0,0
"12273",1,1,1,6,5,1,1,1,1,1,1,1,1,4,2,5,4,2,0,5,4,3,1,5,4
"12274",2,1,1,8,5,7,6,1,1,6,5,1,1,2,0,0,5,4,6,2,6,3,2,7,15
"12275",3,1,1,13,9,7,6,1,1,8,5,7,6,5,4,0,4,0,0,5,4,3,1,12,19
"12276",4,1,1,17,9,7,7,1,1,13,9,7,6,4,1,1,1,1,0,4,1,3,3,16,20
"12277",5,1,1,18,14,7,7,1,1,17,9,7,7,1,0,0,4,5,3,1,5,3,1,17,25
"12278",6,1,1,22,17,7,7,1,1,18,14,7,7,4,3,0,3,0,0,4,3,3,1,21,28
"12279",7,6,1,22,17,7,11,1,1,22,17,7,7,3,5,4,3,4,0,5,4,1,3,26,32
"12280",8,6,1,1,17,9,14,6,1,22,17,7,11,3,0,0,2,3,6,3,6,3,2,5,37
"12281",9,8,1,1,17,12,14,6,1,1,17,9,14,2,3,0,3,0,0,2,3,1,2,7,40
"12282",10,8,4,1,21,12,14,8,1,1,17,12,14,4,3,3,4,3,0,3,4,2,1,10,44
"12283",11,11,4,1,26,12,14,8,4,1,21,12,14,3,0,0,5,2,5,3,5,1,1,13,49
"12284",12,11,4,1,26,12,14,11,4,1,26,12,14,2,5,0,NA,0,0,0,0,0,0,13,49
"12285",0,0,0,0,0,0,0,0,0,0,0,0,0,0,0,0,0,0,0,0,0,0,0,0,0
"12286",1,4,7,1,1,6,1,1,1,1,1,1,1,6,5,2,5,2,0,6,5,2,2,9,5
"12287",2,4,9,1,1,12,7,4,7,1,1,6,1,2,0,0,6,1,1,2,6,2,2,11,17
"12288",3,4,10,1,2,12,7,4,9,1,1,12,7,1,1,0,1,0,0,1,1,2,1,12,18
"12289",4,4,10,6,6,12,7,4,10,1,2,12,7,4,1,5,4,1,0,5,4,3,1,17,22
"12290",5,4,10,7,12,13,7,4,10,6,6,12,7,1,0,0,6,3,2,1,6,3,1,18,29
"12291",6,7,10,7,14,13,7,4,10,7,12,13,7,3,2,0,2,0,0,3,2,1,1,21,31
"12292",7,12,10,13,18,19,13,7,10,7,14,13,7,6,6,2,6,2,0,6,6,3,3,32,47
"12293",8,14,10,13,24,23,13,12,10,13,18,19,13,2,0,0,1,6,1,2,6,1,1,34,57
"12294",9,15,10,13,24,23,14,14,10,13,24,23,13,1,1,0,1,0,0,1,1,1,3,35,58
"12295",10,19,10,13,25,23,14,15,10,13,24,23,14,1,4,5,1,5,0,4,1,1,1,39,59
"12296",11,24,10,13,25,26,14,19,10,13,25,23,14,5,0,0,3,3,6,5,3,1,2,44,62
"12297",12,24,10,13,25,26,14,24,10,13,25,26,14,3,6,0,NA,0,0,0,0,0,0,44,62
"12298",0,0,0,0,0,0,0,0,0,0,0,0,0,0,0,0,0,0,0,0,0,0,0,0,0
"12299",1,4,1,7,1,5,1,1,1,1,1,1,1,4,6,2,4,2,0,6,4,3,2,9,4
"12300",2,4,3,7,1,8,1,4,1,7,1,5,1,2,0,0,3,2,1,2,3,2,2,11,7
"12301",3,5,3,7,1,10,1,4,3,7,1,8,1,2,1,0,2,0,0,1,2,1,2,12,9
"12302",4,5,3,8,6,10,1,5,3,7,1,10,1,5,1,1,5,1,0,1,5,3,1,13,14
"12303",5,6,3,8,6,15,1,5,3,8,6,10,1,1,0,0,5,4,3,1,5,1,2,14,19
"12304",6,6,3,12,6,15,4,6,3,8,6,15,1,4,3,0,3,0,0,4,3,3,3,18,22
"12305",7,6,3,15,11,15,4,6,3,12,6,15,4,1,3,5,1,5,0,3,5,3,1,21,27
"12306",8,7,3,15,17,15,13,6,3,15,11,15,4,1,0,0,3,3,6,1,6,1,1,22,42
"12307",9,7,3,18,17,18,13,7,3,15,17,15,13,3,3,0,3,0,0,3,3,3,2,25,45
"12308",10,7,1,23,27,21,19,7,3,18,17,18,13,5,6,1,6,1,0,5,6,3,3,28,64
"12309",11,1,1,23,31,26,19,7,1,23,27,21,19,1,0,0,5,5,2,1,5,1,2,22,73
"12310",12,1,1,23,31,26,19,1,1,23,31,26,19,5,2,0,NA,0,0,0,0,0,0,22,73
"12311",0,0,0,0,0,0,0,0,0,0,0,0,0,0,0,0,0,0,0,0,0,0,0,0,0
"12312",1,2,7,1,1,5,1,1,1,1,1,1,1,4,6,3,4,3,0,6,4,2,2,7,4
"12313",2,2,10,1,1,5,6,2,7,1,1,5,1,3,0,0,3,5,5,3,5,2,3,10,9
"12314",3,7,10,1,1,8,6,2,10,1,1,5,6,3,5,0,3,0,0,5,3,1,2,15,12
"12315",4,8,10,1,1,19,6,7,10,1,1,8,6,6,1,4,6,4,0,1,6,1,2,16,23
"12316",5,8,14,1,9,19,6,8,10,1,1,19,6,4,0,0,6,5,3,4,6,2,1,20,31
"12317",6,8,19,1,9,19,9,8,14,1,9,19,6,5,3,0,3,0,0,5,3,2,3,25,34
"12318",7,13,19,1,9,19,14,8,19,1,9,19,9,1,5,5,1,5,0,5,5,1,3,30,39
"12319",8,13,20,1,16,19,14,13,19,1,9,19,14,1,0,0,6,1,6,1,6,2,1,31,46
"12320",9,19,20,4,17,19,14,13,20,1,16,19,14,1,6,0,1,0,0,6,1,1,1,40,47
"12321",10,19,25,1,22,19,22,19,20,4,17,19,14,5,6,2,6,2,0,5,6,2,3,42,60
"12322",11,19,27,1,26,19,22,19,25,1,22,19,22,2,0,0,4,4,4,2,4,2,1,44,64
"12323",12,19,27,1,26,19,22,19,27,1,26,19,22,4,4,0,NA,0,0,0,0,0,0,44,64
"12324",0,0,0,0,0,0,0,0,0,0,0,0,0,0,0,0,0,0,0,0,0,0,0,0,0
"12325",1,1,1,2,5,7,1,1,1,1,1,1,1,1,6,5,6,5,0,1,6,3,2,1,10
"12326",2,1,6,2,10,13,1,1,1,2,5,7,1,5,0,0,5,4,6,5,6,2,2,6,21
"12327",3,1,11,2,10,13,5,1,6,2,10,13,1,5,4,0,4,0,0,5,4,2,3,11,25
"12328",4,1,11,13,10,16,17,1,11,2,10,13,5,6,1,6,1,6,0,6,6,3,3,22,40
"12329",5,1,12,13,21,16,17,1,11,13,10,16,17,1,0,0,5,6,3,1,6,2,1,23,51
"12330",6,1,12,18,24,16,17,1,12,13,21,16,17,5,3,0,3,0,0,5,3,3,1,28,54
"12331",7,6,12,20,1,19,17,1,12,18,24,16,17,3,5,2,3,2,0,5,3,1,2,35,34
"12332",8,1,12,22,1,29,17,6,12,20,1,19,17,2,0,0,2,5,4,2,5,3,2,32,44
"12333",9,1,12,26,3,29,17,1,12,22,1,29,17,2,4,0,2,0,0,4,2,3,1,36,46
"12334",10,2,1,26,4,30,17,1,12,26,3,29,17,1,3,1,3,1,0,1,1,1,2,26,48
"12335",11,2,1,29,10,35,17,2,1,26,4,30,17,3,0,0,3,1,6,3,6,3,1,29,59
"12336",12,2,1,29,10,35,17,2,1,29,10,35,17,3,1,0,NA,0,0,0,0,0,0,29,59
"12337",0,0,0,0,0,0,0,0,0,0,0,0,0,0,0,0,0,0,0,0,0,0,0,0,0
"12338",1,1,1,4,1,3,1,1,1,1,1,1,1,3,1,2,1,2,0,3,2,3,2,3,2
"12339",2,1,1,5,3,3,1,1,1,4,1,3,1,1,0,0,2,5,3,1,2,3,1,4,4
"12340",3,1,1,10,3,6,1,1,1,5,3,3,1,5,3,0,3,0,0,5,3,3,2,9,7
"12341",4,6,7,10,6,6,1,1,1,10,3,6,1,3,2,6,3,2,0,6,3,2,1,20,10
"12342",5,6,7,12,6,8,1,6,7,10,6,6,1,2,0,0,4,2,3,2,2,3,2,22,12
"12343",6,6,7,15,10,8,1,6,7,12,6,8,1,4,3,0,4,0,0,3,4,3,1,25,16
"12344",7,9,7,15,10,10,1,6,7,15,10,8,1,1,2,3,1,2,0,3,2,1,2,28,18
"12345",8,9,8,15,10,15,1,9,7,15,10,10,1,1,0,0,5,2,3,1,5,2,2,29,23
"12346",9,12,8,15,10,15,3,9,8,15,10,15,1,2,3,0,2,0,0,3,2,1,3,32,25
"12347",10,17,8,15,14,15,3,12,8,15,10,15,3,5,3,4,3,4,0,5,4,1,1,37,29
"12348",11,20,8,15,14,15,8,17,8,15,14,15,3,3,0,0,6,5,2,3,5,1,3,40,34
"12349",12,20,8,15,14,15,8,20,8,15,14,15,8,6,2,0,NA,0,0,0,0,0,0,40,34
"12350",0,0,0,0,0,0,0,0,0,0,0,0,0,0,0,0,0,0,0,0,0,0,0,0,0
"12351",1,1,1,6,1,5,1,1,1,1,1,1,1,5,4,1,4,1,0,5,4,3,2,5,4
"12352",2,1,2,6,1,5,6,1,1,6,1,5,1,1,0,0,5,5,5,1,5,2,3,6,9
"12353",3,1,7,6,1,10,6,1,2,6,1,5,6,5,5,0,5,0,0,5,5,2,2,11,14
"12354",4,1,7,9,7,13,6,1,7,6,1,10,6,5,3,6,5,6,0,3,6,3,1,14,23
"12355",5,1,7,14,8,19,6,1,7,9,7,13,6,5,0,0,5,5,6,5,6,3,2,19,30
"12356",6,6,7,14,8,19,11,1,7,14,8,19,6,5,5,0,5,0,0,5,5,1,3,24,35
"12357",7,6,9,14,8,19,15,6,7,14,8,19,11,4,3,2,4,3,0,2,4,2,3,26,39
"12358",8,6,9,17,8,19,17,6,9,14,8,19,15,3,0,0,5,4,2,3,2,3,3,29,41
"12359",9,6,13,17,8,19,22,6,9,17,8,19,17,5,4,0,5,0,0,4,5,2,3,33,46
"12360",10,6,13,19,9,19,22,6,13,17,8,19,22,2,1,1,1,1,0,2,1,3,1,35,47
"12361",11,7,13,19,10,19,22,6,13,19,9,19,22,1,0,0,1,5,3,1,1,1,1,36,48
"12362",12,7,13,19,10,19,22,7,13,19,10,19,22,5,3,0,NA,0,0,0,0,0,0,36,48
"12363",0,0,0,0,0,0,0,0,0,0,0,0,0,0,0,0,0,0,0,0,0,0,0,0,0
"12364",1,9,1,1,1,1,2,1,1,1,1,1,1,6,1,2,1,2,0,6,1,1,3,8,1
"12365",2,9,1,3,6,1,2,9,1,1,1,1,2,2,0,0,2,5,3,2,5,3,1,10,6
"12366",3,9,4,3,6,1,4,9,1,3,6,1,2,2,3,0,2,0,0,3,2,2,3,13,8
"12367",4,14,4,3,6,1,7,9,4,3,6,1,4,5,3,2,3,2,0,5,3,1,3,18,11
"12368",5,16,4,3,6,4,7,14,4,3,6,1,7,2,0,0,1,3,3,2,3,1,2,20,14
"12369",6,16,4,6,6,4,8,16,4,3,6,4,7,1,3,0,1,0,0,3,1,3,3,23,15
"12370",7,16,4,11,10,4,8,16,4,6,6,4,8,2,4,5,2,4,0,5,4,3,1,28,19
"12371",8,18,4,11,10,4,11,16,4,11,10,4,8,2,0,0,4,3,6,2,3,1,3,30,22
"12372",9,18,10,17,10,8,11,18,4,11,10,4,11,4,6,0,4,0,0,6,4,2,2,42,26
"12373",10,21,16,17,12,8,11,18,10,17,10,8,11,3,6,2,3,2,0,6,2,2,1,51,28
"12374",11,24,16,17,15,8,11,21,16,17,12,8,11,3,0,0,3,3,6,3,3,1,1,54,31
"12375",12,24,16,17,15,8,11,24,16,17,15,8,11,3,6,0,NA,0,0,0,0,0,0,54,31
"12376",0,0,0,0,0,0,0,0,0,0,0,0,0,0,0,0,0,0,0,0,0,0,0,0,0
"12377",1,7,1,3,1,7,5,1,1,1,1,1,1,6,6,2,6,2,0,6,6,1,2,8,10
"12378",2,7,3,3,1,7,10,7,1,3,1,7,5,2,0,0,4,4,5,2,5,2,3,10,15
"12379",3,11,3,3,1,7,14,7,3,3,1,7,10,4,4,0,4,0,0,4,4,1,3,14,19
"12380",4,11,7,3,4,7,14,11,3,3,1,7,14,4,3,1,3,1,0,4,3,2,1,18,22
"12381",5,12,7,3,6,7,14,11,7,3,4,7,14,1,0,0,1,3,2,1,2,1,1,19,24
"12382",6,12,7,6,7,7,14,12,7,3,6,7,14,1,3,0,1,0,0,3,1,3,1,22,25
"12383",7,12,7,11,10,7,14,12,7,6,7,7,14,3,2,5,3,2,0,5,3,3,1,27,28
"12384",8,12,9,11,10,13,16,12,7,11,10,7,14,2,0,0,6,5,1,2,6,2,2,29,36
"12385",9,12,14,11,11,13,16,12,9,11,10,13,16,5,1,0,1,0,0,5,1,2,1,34,37
"12386",10,12,19,11,11,17,16,12,14,11,11,13,16,3,4,5,3,4,0,5,4,2,2,39,41
"12387",11,12,19,14,22,17,16,12,19,11,11,17,16,3,0,0,6,4,3,3,6,3,1,42,52
"12388",12,12,19,14,22,17,16,12,19,14,22,17,16,4,3,0,NA,0,0,0,0,0,0,42,52
"12389",0,0,0,0,0,0,0,0,0,0,0,0,0,0,0,0,0,0,0,0,0,0,0,0,0
"12390",1,5,7,1,6,1,1,1,1,1,1,1,1,6,6,5,6,5,0,6,5,2,1,10,5
"12391",2,13,7,1,10,1,1,5,7,1,6,1,1,6,0,0,4,1,5,6,4,1,1,18,9
"12392",3,13,7,6,10,2,1,13,7,1,10,1,1,1,5,0,1,0,0,5,1,3,2,23,10
"12393",4,13,13,10,10,2,5,13,7,6,10,2,1,2,6,4,2,4,0,6,4,2,3,33,14
"12394",5,13,13,12,13,2,5,13,13,10,10,2,5,2,0,0,6,3,1,2,3,3,1,35,17
"12395",6,19,13,16,14,2,5,13,13,12,13,2,5,6,1,0,1,0,0,6,1,1,1,45,18
"12396",7,19,13,18,27,2,5,19,13,16,14,2,5,1,6,2,1,6,0,2,6,3,1,47,31
"12397",8,1,1,18,32,6,5,19,13,18,27,2,5,1,0,0,4,1,3,1,1,1,2,17,40
"12398",9,5,1,18,35,6,5,1,1,18,32,6,5,4,3,0,3,0,0,4,3,1,1,21,43
"12399",10,5,1,20,36,12,5,5,1,18,35,6,5,2,2,6,2,6,0,2,6,3,2,23,50
"12400",11,7,1,20,36,16,5,5,1,20,36,12,5,2,0,0,4,6,2,2,4,1,2,25,54
"12401",12,7,1,20,36,16,5,7,1,20,36,16,5,6,2,0,NA,0,0,0,0,0,0,25,54
"12402",0,0,0,0,0,0,0,0,0,0,0,0,0,0,0,0,0,0,0,0,0,0,0,0,0
"12403",1,1,3,1,1,5,7,1,1,1,1,1,1,3,6,2,3,6,0,2,6,2,3,2,10
"12404",2,1,6,1,1,5,11,1,3,1,1,5,7,3,0,0,2,4,1,3,4,2,3,5,14
"12405",3,3,6,1,1,5,12,1,6,1,1,5,11,2,1,0,1,0,0,2,1,1,3,7,15
"12406",4,6,6,1,7,5,13,3,6,1,1,5,12,6,1,3,6,1,0,3,6,1,1,10,22
"12407",5,7,6,1,7,10,13,6,6,1,7,5,13,1,0,0,4,3,5,1,5,1,2,11,27
"12408",6,7,9,1,11,10,13,7,6,1,7,10,13,4,3,0,4,0,0,3,4,2,1,14,31
"12409",7,12,9,1,11,15,13,7,9,1,11,10,13,5,1,5,1,5,0,5,5,1,2,19,36
"12410",8,12,10,1,11,15,17,12,9,1,11,15,13,1,0,0,1,4,1,1,4,2,3,20,40
"12411",9,13,10,1,12,15,17,12,10,1,11,15,17,1,1,0,1,0,0,1,1,1,1,21,41
"12412",10,16,10,1,15,15,17,13,10,1,12,15,17,3,5,3,5,3,0,3,3,1,1,24,44
"12413",11,21,10,1,19,15,17,16,10,1,15,15,17,5,0,0,6,4,2,5,4,1,1,29,48
"12414",12,21,10,1,19,15,17,21,10,1,19,15,17,6,2,0,NA,0,0,0,0,0,0,29,48
"12415",0,0,0,0,0,0,0,0,0,0,0,0,0,0,0,0,0,0,0,0,0,0,0,0,0
"12416",1,1,2,1,7,6,1,1,1,1,1,1,1,1,6,1,6,1,0,1,6,2,1,1,11
"12417",2,2,2,1,7,12,6,1,2,1,7,6,1,1,0,0,6,3,3,1,6,1,2,2,22
"12418",3,2,5,1,10,12,6,2,2,1,7,12,6,3,3,0,3,0,0,3,3,2,1,5,25
"12419",4,8,5,2,11,12,12,2,5,1,10,12,6,6,3,6,3,6,0,6,6,1,3,12,32
"12420",5,8,8,2,11,13,12,8,5,2,11,12,12,3,0,0,5,1,1,3,1,2,2,15,33
"12421",6,13,8,2,11,13,13,8,8,2,11,13,12,5,1,0,1,0,0,5,1,1,3,20,34
"12422",7,13,10,2,11,13,17,13,8,2,11,13,13,4,2,1,4,1,0,2,4,2,3,22,38
"12423",8,14,10,2,14,13,17,13,10,2,11,13,17,1,0,0,4,3,3,1,3,1,1,23,41
"12424",9,14,14,2,14,16,17,14,10,2,14,13,17,4,3,0,3,0,0,4,3,2,2,27,44
"12425",10,19,14,2,14,19,17,14,14,2,14,16,17,3,5,3,3,3,0,5,3,1,2,32,47
"12426",11,19,17,2,17,19,17,19,14,2,14,19,17,3,0,0,3,4,5,3,3,2,1,35,50
"12427",12,19,17,2,17,19,17,19,17,2,17,19,17,4,5,0,NA,0,0,0,0,0,0,35,50
"12428",0,0,0,0,0,0,0,0,0,0,0,0,0,0,0,0,0,0,0,0,0,0,0,0,0
"12429",1,1,1,5,1,4,1,1,1,1,1,1,1,2,4,3,2,3,0,4,3,3,2,4,3
"12430",2,1,3,5,1,8,1,1,1,5,1,4,1,2,0,0,1,4,5,2,4,2,2,6,7
"12431",3,1,8,5,2,8,1,1,3,5,1,8,1,1,5,0,1,0,0,5,1,2,1,11,8
"12432",4,6,8,5,2,8,6,1,8,5,2,8,1,2,5,5,2,5,0,5,5,1,3,16,13
"12433",5,6,10,5,7,8,6,6,8,5,2,8,6,2,0,0,5,1,2,2,5,2,1,18,18
"12434",6,6,10,7,7,9,6,6,10,5,7,8,6,1,2,0,1,0,0,2,1,3,2,20,19
"12435",7,9,10,7,10,9,6,6,10,7,7,9,6,2,3,3,2,3,0,3,3,1,1,23,22
"12436",8,11,10,7,15,9,6,9,10,7,10,9,6,2,0,0,5,1,5,2,5,1,1,25,27
"12437",9,11,10,12,15,10,6,11,10,7,15,9,6,1,5,0,1,0,0,5,1,3,2,30,28
"12438",10,11,14,12,15,10,10,11,10,12,15,10,6,1,4,4,1,4,0,4,4,2,3,34,32
"12439",11,11,15,12,21,10,11,11,14,12,15,10,10,1,0,0,3,5,6,1,6,2,1,35,39
"12440",12,11,15,12,21,10,11,11,15,12,21,10,11,3,5,0,NA,0,0,0,0,0,0,35,39
"12441",0,0,0,0,0,0,0,0,0,0,0,0,0,0,0,0,0,0,0,0,0,0,0,0,0
"12442",1,1,1,5,1,4,1,1,1,1,1,1,1,3,4,2,3,2,0,4,3,3,2,4,3
"12443",2,1,3,5,1,4,3,1,1,5,1,4,1,2,0,0,3,2,2,2,2,2,3,6,5
"12444",3,1,6,5,1,6,3,1,3,5,1,4,3,3,2,0,2,0,0,3,2,2,2,9,7
"12445",4,5,6,5,1,6,7,1,6,5,1,6,3,2,4,4,2,4,0,4,4,1,3,13,11
"12446",5,7,6,5,1,6,10,5,6,5,1,6,7,2,0,0,3,3,5,2,3,1,3,15,14
"12447",6,7,11,5,1,9,10,7,6,5,1,6,10,3,5,0,3,0,0,5,3,2,2,20,17
"12448",7,7,15,5,1,9,14,7,11,5,1,9,10,4,1,4,1,4,0,4,4,2,3,24,21
"12449",8,7,15,6,11,9,20,7,15,5,1,9,14,1,0,0,6,3,5,1,6,3,3,25,37
"12450",9,10,15,6,11,14,20,7,15,6,11,9,20,3,5,0,5,0,0,3,5,1,2,28,42
"12451",10,12,15,6,18,20,20,10,15,6,11,14,20,6,2,1,6,1,0,2,6,1,1,30,55
"12452",11,13,15,6,22,20,20,12,15,6,18,20,20,1,0,0,4,1,1,1,4,1,1,31,59
"12453",12,13,15,6,22,20,20,13,15,6,22,20,20,1,1,0,NA,0,0,0,0,0,0,31,59
"12454",0,0,0,0,0,0,0,0,0,0,0,0,0,0,0,0,0,0,0,0,0,0,0,0,0
"12455",1,1,1,3,1,1,2,1,1,1,1,1,1,1,2,2,1,2,0,2,1,3,3,2,1
"12456",2,1,1,5,1,1,7,1,1,3,1,1,2,2,0,0,5,3,3,2,5,3,3,4,6
"12457",3,1,1,8,1,1,10,1,1,5,1,1,7,3,3,0,3,0,0,3,3,3,3,7,9
"12458",4,1,1,15,1,4,10,1,1,8,1,1,10,6,1,3,1,3,0,6,3,3,2,14,12
"12459",5,1,1,16,1,4,12,1,1,15,1,4,10,1,0,0,2,3,1,1,2,3,3,15,14
"12460",6,4,1,16,1,5,12,1,1,16,1,4,12,3,1,0,1,0,0,3,1,1,2,18,15
"12461",7,4,12,16,1,14,12,4,1,16,1,5,12,6,6,4,6,4,0,6,6,2,2,29,24
"12462",8,8,12,16,1,14,17,4,12,16,1,14,12,4,0,0,5,1,5,4,5,1,3,33,29
"12463",9,13,12,16,1,15,17,8,12,16,1,14,17,1,5,0,1,0,0,5,1,1,2,38,30
"12464",10,19,15,16,1,15,21,13,12,16,1,15,17,6,1,4,1,4,0,6,4,1,3,47,34
"12465",11,19,16,16,1,18,21,19,15,16,1,15,21,1,0,0,6,3,3,1,3,2,2,48,37
"12466",12,19,16,16,1,18,21,19,16,16,1,18,21,6,3,0,NA,0,0,0,0,0,0,48,37
"12467",0,0,0,0,0,0,0,0,0,0,0,0,0,0,0,0,0,0,0,0,0,0,0,0,0
"12468",1,1,8,1,3,1,1,1,1,1,1,1,1,6,3,2,3,2,0,6,2,2,1,7,2
"12469",2,1,8,4,3,1,4,1,8,1,3,1,1,3,0,0,2,3,3,3,3,3,3,10,5
"12470",3,4,8,4,5,1,4,1,8,4,3,1,4,2,3,0,2,0,0,3,2,1,1,13,7
"12471",4,10,8,7,5,1,9,4,8,4,5,1,4,6,5,1,5,1,0,6,5,1,3,22,12
"12472",5,10,9,7,8,1,9,10,8,7,5,1,9,1,0,0,3,1,1,1,3,2,1,23,15
"12473",6,10,9,8,8,1,10,10,9,7,8,1,9,1,1,0,1,0,0,1,1,3,3,24,16
"12474",7,10,12,8,8,1,12,10,9,8,8,1,10,3,1,2,1,2,0,3,2,2,3,27,18
"12475",8,11,12,8,11,1,12,10,12,8,8,1,12,1,0,0,2,3,1,1,3,1,1,28,21
"12476",9,11,12,10,11,2,12,11,12,8,11,1,12,2,1,0,1,0,0,2,1,3,2,30,22
"12477",10,11,16,10,11,5,12,11,12,10,11,2,12,4,2,3,2,3,0,4,3,2,2,34,25
"12478",11,13,16,10,22,5,12,11,16,10,11,5,12,2,0,0,6,1,6,2,6,1,1,36,36
"12479",12,13,16,10,22,5,12,13,16,10,22,5,12,1,6,0,NA,0,0,0,0,0,0,36,36
"12480",0,0,0,0,0,0,0,0,0,0,0,0,0,0,0,0,0,0,0,0,0,0,0,0,0
"12481",1,1,1,3,1,3,1,1,1,1,1,1,1,2,1,2,1,2,0,2,2,3,2,2,2
"12482",2,1,1,4,4,3,1,1,1,3,1,3,1,1,0,0,1,3,1,1,3,3,1,3,5
"12483",3,1,2,4,4,4,1,1,1,4,4,3,1,1,1,0,1,0,0,1,1,2,2,4,6
"12484",4,1,13,4,7,10,1,1,2,4,4,4,1,5,6,6,5,6,0,6,6,2,2,15,15
"12485",5,6,13,4,10,16,1,1,13,4,7,10,1,5,0,0,1,5,6,5,6,1,2,20,24
"12486",6,6,18,4,10,17,1,6,13,4,10,16,1,1,5,0,1,0,0,5,1,2,2,25,25
"12487",7,10,18,4,16,17,5,6,18,4,10,17,1,1,6,4,1,6,0,4,6,1,1,29,35
"12488",8,10,19,4,16,17,10,10,18,4,16,17,5,1,0,0,1,1,5,1,5,2,3,30,40
"12489",9,10,20,4,17,17,10,10,19,4,16,17,10,1,1,0,1,0,0,1,1,2,1,31,41
"12490",10,14,20,4,17,19,10,10,20,4,17,17,10,4,1,2,1,2,0,4,2,1,2,35,43
"12491",11,15,20,4,17,30,10,14,20,4,17,19,10,1,0,0,6,1,4,1,6,1,2,36,54
"12492",12,15,20,4,17,30,10,15,20,4,17,30,10,1,4,0,NA,0,0,0,0,0,0,36,54
"12493",0,0,0,0,0,0,0,0,0,0,0,0,0,0,0,0,0,0,0,0,0,0,0,0,0
"12494",1,6,1,1,7,1,5,1,1,1,1,1,1,5,5,6,5,6,0,5,6,1,1,5,10
"12495",2,6,1,6,17,1,5,6,1,1,7,1,5,5,0,0,6,4,6,5,6,3,1,10,20
"12496",3,6,6,12,17,1,9,6,1,6,17,1,5,4,6,0,4,0,0,6,4,3,3,21,24
"12497",4,11,6,12,22,1,9,6,6,12,17,1,9,5,5,4,5,4,0,5,5,1,1,26,29
"12498",5,15,6,12,27,1,15,11,6,12,22,1,9,4,0,0,3,1,6,4,6,1,3,30,40
"12499",6,15,11,12,1,2,15,15,6,12,27,1,15,3,1,0,1,0,0,3,1,2,2,35,15
"12500",7,15,11,13,1,2,16,15,11,12,1,2,15,1,1,1,1,1,0,1,1,3,3,36,16
"12501",8,15,12,13,1,2,19,15,11,13,1,2,16,1,0,0,6,4,3,1,3,2,3,37,19
"12502",9,15,19,13,1,2,23,15,12,13,1,2,19,6,4,0,4,0,0,6,4,2,3,44,23
"12503",10,15,19,17,1,2,27,15,19,13,1,2,23,1,4,4,1,4,0,4,4,3,3,48,27
"12504",11,16,19,17,1,2,31,15,19,17,1,2,27,1,0,0,3,3,4,1,4,1,3,49,31
"12505",12,16,19,17,1,2,31,16,19,17,1,2,31,3,3,0,NA,0,0,0,0,0,0,49,31
"12506",0,0,0,0,0,0,0,0,0,0,0,0,0,0,0,0,0,0,0,0,0,0,0,0,0
"12507",1,1,1,6,1,1,6,1,1,1,1,1,1,4,5,5,4,5,0,5,5,3,3,5,5
"12508",2,1,5,6,7,1,12,1,1,6,1,1,6,4,0,0,6,4,3,4,6,2,1,9,17
"12509",3,1,5,10,7,1,15,1,5,6,7,1,12,4,3,0,3,0,0,4,3,3,3,13,20
"12510",4,6,5,10,7,12,15,1,5,10,7,1,15,5,6,1,6,1,0,5,6,1,2,18,31
"12511",5,7,5,10,11,18,15,6,5,10,7,12,15,1,0,0,3,3,6,1,6,1,2,19,41
"12512",6,7,5,13,14,18,15,7,5,10,11,18,15,3,3,0,3,0,0,3,3,3,1,22,44
"12513",7,7,5,15,14,18,17,7,5,13,14,18,15,3,2,2,3,2,0,2,2,3,3,24,46
"12514",8,7,8,15,14,22,17,7,5,15,14,18,17,3,0,0,4,2,5,3,4,2,2,27,50
"12515",9,7,8,20,16,22,17,7,8,15,14,22,17,2,5,0,2,0,0,5,2,3,1,32,52
"12516",10,7,12,20,21,22,23,7,8,20,16,22,17,4,1,6,1,6,0,4,6,2,3,36,63
"12517",11,7,12,21,23,22,23,7,12,20,21,22,23,1,0,0,2,4,4,1,2,3,1,37,65
"12518",12,7,12,21,23,22,23,7,12,21,23,22,23,4,4,0,NA,0,0,0,0,0,0,37,65
"12519",0,0,0,0,0,0,0,0,0,0,0,0,0,0,0,0,0,0,0,0,0,0,0,0,0
"12520",1,1,7,9,1,1,6,1,1,1,1,1,1,6,1,5,1,5,0,6,5,3,3,14,5
"12521",2,1,8,9,1,1,10,1,7,9,1,1,6,1,0,0,4,3,6,1,4,2,3,15,9
"12522",3,7,9,9,4,1,10,1,8,9,1,1,10,3,6,0,3,0,0,6,3,1,1,22,12
"12523",4,7,9,10,7,1,10,7,9,9,4,1,10,3,1,1,3,1,0,1,3,3,1,23,15
"12524",5,8,9,10,9,1,10,7,9,10,7,1,10,1,0,0,2,4,2,1,2,1,1,24,17
"12525",6,12,9,10,9,1,12,8,9,10,9,1,10,4,2,0,2,0,0,4,2,1,3,28,19
"12526",7,17,9,10,9,1,17,12,9,10,9,1,12,5,2,5,2,5,0,5,5,1,3,33,24
"12527",8,19,9,10,12,1,17,17,9,10,9,1,17,2,0,0,1,6,3,2,3,1,1,35,27
"12528",9,19,9,1,16,2,17,19,9,10,12,1,17,1,6,0,1,0,0,6,1,3,2,26,32
"12529",10,25,12,1,25,2,17,19,9,1,16,2,17,6,6,1,6,1,0,6,6,1,1,35,41
"12530",11,26,12,1,26,2,17,25,12,1,25,2,17,1,0,0,1,4,3,1,1,1,1,36,42
"12531",12,26,12,1,26,2,17,26,12,1,26,2,17,4,3,0,NA,0,0,0,0,0,0,36,42
"12532",0,0,0,0,0,0,0,0,0,0,0,0,0,0,0,0,0,0,0,0,0,0,0,0,0
"12533",1,1,4,1,12,7,1,1,1,1,1,1,1,3,2,6,2,6,0,3,6,2,2,3,17
"12534",2,1,4,3,12,12,1,1,4,1,12,7,1,2,0,0,2,5,2,2,5,3,2,5,22
"12535",3,1,6,3,14,12,1,1,4,3,12,12,1,2,2,0,2,0,0,2,2,2,1,7,24
"12536",4,6,6,3,14,12,5,1,6,3,14,12,1,2,4,5,2,4,0,5,4,1,3,12,28
"12537",5,6,6,5,14,12,13,6,6,3,14,12,5,2,0,0,2,6,3,2,6,3,3,14,36
"12538",6,8,6,5,14,12,16,6,6,5,14,12,13,2,3,0,3,0,0,2,3,1,3,16,39
"12539",7,12,18,5,14,12,18,8,6,5,14,12,16,2,1,6,2,1,0,6,2,2,3,32,41
"12540",8,12,19,5,14,17,18,12,18,5,14,12,18,1,0,0,5,1,3,1,5,2,2,33,46
"12541",9,12,22,5,15,17,18,12,19,5,14,17,18,1,3,0,1,0,0,3,1,2,1,36,47
"12542",10,15,22,5,20,17,18,12,22,5,15,17,18,3,5,3,5,3,0,3,5,1,1,39,52
"12543",11,15,22,1,28,17,18,15,22,5,20,17,18,3,0,0,6,2,4,3,6,3,1,35,60
"12544",12,15,22,1,28,17,18,15,22,1,28,17,18,2,4,0,NA,0,0,0,0,0,0,35,60
"12545",0,0,0,0,0,0,0,0,0,0,0,0,0,0,0,0,0,0,0,0,0,0,0,0,0
"12546",1,6,1,1,1,1,4,1,1,1,1,1,1,2,5,3,2,3,0,5,3,1,3,5,3
"12547",2,6,3,1,3,7,4,6,1,1,1,1,4,2,0,0,1,6,1,2,6,2,2,7,11
"12548",3,6,3,2,3,7,5,6,3,1,3,7,4,1,1,0,1,0,0,1,1,3,3,8,12
"12549",4,6,8,2,3,12,5,6,3,2,3,7,5,2,5,5,2,5,0,5,5,2,2,13,17
"12550",5,6,10,2,3,17,5,6,8,2,3,12,5,2,0,0,5,1,4,2,5,2,2,15,22
"12551",6,6,14,2,3,17,6,6,10,2,3,17,5,1,4,0,1,0,0,4,1,2,3,19,23
"12552",7,11,14,2,12,17,6,6,14,2,3,17,6,5,2,6,2,6,0,5,6,1,1,24,32
"12553",8,11,14,4,18,17,16,11,14,2,12,17,6,2,0,0,5,6,1,2,6,3,1,26,48
"12554",9,11,15,4,18,17,21,11,14,4,18,17,16,5,1,0,5,0,0,1,5,2,3,27,53
"12555",10,14,15,4,18,19,21,11,15,4,18,17,21,2,1,3,2,1,0,3,2,1,2,30,55
"12556",11,15,15,4,26,19,21,14,15,4,18,19,21,1,0,0,6,4,1,1,6,1,1,31,63
"12557",12,15,15,4,26,19,21,15,15,4,26,19,21,4,1,0,NA,0,0,0,0,0,0,31,63
"12558",0,0,0,0,0,0,0,0,0,0,0,0,0,0,0,0,0,0,0,0,0,0,0,0,0
"12559",1,5,1,1,5,1,1,1,1,1,1,1,1,3,4,4,3,4,0,4,4,1,1,4,4
"12560",2,8,1,1,11,1,5,5,1,1,5,1,1,3,0,0,2,4,6,3,6,1,1,7,14
"12561",3,8,5,1,11,1,7,8,1,1,11,1,5,2,4,0,2,0,0,4,2,2,3,11,16
"12562",4,8,5,2,11,1,11,8,5,1,11,1,7,1,1,4,1,4,0,1,4,3,3,12,20
"12563",5,8,5,3,11,1,14,8,5,2,11,1,11,1,0,0,2,3,3,1,3,3,3,13,23
"12564",6,8,5,5,14,1,14,8,5,3,11,1,14,2,3,0,3,0,0,2,3,3,1,15,26
"12565",7,8,9,5,19,1,14,8,5,5,14,1,14,5,4,3,5,3,0,4,5,2,1,19,31
"12566",8,11,9,5,22,7,14,8,9,5,19,1,14,3,0,0,4,6,3,3,6,1,2,22,40
"12567",9,15,9,5,22,10,14,11,9,5,22,7,14,4,3,0,3,0,0,4,3,1,2,26,43
"12568",10,15,14,5,22,10,18,15,9,5,22,10,14,3,5,4,3,4,0,5,4,2,3,31,47
"12569",11,18,14,5,22,12,18,15,14,5,22,10,18,3,0,0,2,2,6,3,2,1,2,34,49
"12570",12,18,14,5,22,12,18,18,14,5,22,12,18,2,6,0,NA,0,0,0,0,0,0,34,49
"12571",0,0,0,0,0,0,0,0,0,0,0,0,0,0,0,0,0,0,0,0,0,0,0,0,0
"12572",1,1,6,7,1,5,1,1,1,1,1,1,1,4,6,2,4,2,0,6,4,3,2,11,4
"12573",2,1,8,7,1,10,1,1,6,7,1,5,1,2,0,0,3,1,5,2,5,2,2,13,9
"12574",3,4,8,7,2,10,1,1,8,7,1,10,1,3,1,0,1,0,0,3,1,1,1,16,10
"12575",4,4,8,12,2,14,1,4,8,7,2,10,1,4,5,3,4,3,0,5,4,3,2,21,14
"12576",5,4,11,12,2,18,1,4,8,12,2,14,1,3,0,0,6,4,1,3,4,2,2,24,18
"12577",6,11,11,12,2,18,2,4,11,12,2,18,1,6,1,0,1,0,0,6,1,1,3,31,19
"12578",7,16,11,12,2,22,2,11,11,12,2,18,2,5,4,6,4,6,0,5,4,1,2,36,23
"12579",8,1,16,18,2,22,8,16,11,12,2,22,2,6,0,0,6,4,2,6,2,1,3,32,29
"12580",9,3,22,18,6,22,8,1,16,18,2,22,8,6,4,0,4,0,0,6,4,2,1,40,33
"12581",10,3,22,23,6,25,8,3,22,18,6,22,8,5,3,3,3,3,0,5,3,3,2,45,36
"12582",11,8,22,1,8,27,1,3,22,23,6,25,8,3,0,0,6,5,2,3,2,3,1,28,33
"12583",12,8,22,1,8,27,1,8,22,1,8,27,1,6,5,0,NA,0,0,0,0,0,0,28,33
"12584",0,0,0,0,0,0,0,0,0,0,0,0,0,0,0,0,0,0,0,0,0,0,0,0,0
"12585",1,1,2,7,1,5,1,1,1,1,1,1,1,6,5,4,5,4,0,6,4,3,2,7,4
"12586",2,1,7,7,1,6,1,1,2,7,1,5,1,5,0,0,5,1,1,5,1,2,2,12,5
"12587",3,1,7,12,1,6,2,1,7,7,1,6,1,5,1,0,1,0,0,5,1,3,3,17,6
"12588",4,5,7,12,1,7,2,1,7,12,1,6,2,1,1,4,1,1,0,4,1,1,2,21,7
"12589",5,5,8,12,5,7,2,5,7,12,1,7,2,1,0,0,4,6,3,1,4,2,1,22,11
"12590",6,8,14,18,5,7,5,5,8,12,5,7,2,6,3,0,3,0,0,6,3,2,3,37,14
"12591",7,18,14,18,5,9,5,8,14,18,5,7,5,3,6,2,3,2,0,6,2,1,2,47,16
"12592",8,21,14,18,5,11,5,18,14,18,5,9,5,3,0,0,1,2,4,3,2,1,2,50,18
"12593",9,21,15,18,9,11,5,21,14,18,5,11,5,1,4,0,4,0,0,1,4,2,1,51,22
"12594",10,21,24,18,9,11,9,21,15,18,9,11,5,4,6,6,4,6,0,6,4,2,3,60,26
"12595",11,27,27,18,9,12,9,21,24,18,9,11,9,6,0,0,3,1,3,6,1,1,2,69,27
"12596",12,27,27,18,9,12,9,27,27,18,9,12,9,3,3,0,NA,0,0,0,0,0,0,69,27
"12597",0,0,0,0,0,0,0,0,0,0,0,0,0,0,0,0,0,0,0,0,0,0,0,0,0
"12598",1,1,5,1,2,1,1,1,1,1,1,1,1,1,1,4,1,1,0,4,1,2,1,4,1
"12599",2,1,6,1,2,5,1,1,5,1,2,1,1,1,0,0,4,4,1,1,4,2,2,5,5
"12600",3,1,10,1,2,6,1,1,6,1,2,5,1,4,1,0,1,0,0,4,1,2,2,9,6
"12601",4,1,10,6,2,6,5,1,10,1,2,6,1,2,5,4,2,4,0,5,4,3,3,14,10
"12602",5,1,10,8,2,9,5,1,10,6,2,6,5,2,0,0,3,3,3,2,3,3,2,16,13
"12603",6,1,13,8,2,12,5,1,10,8,2,9,5,3,3,0,3,0,0,3,3,2,2,19,16
"12604",7,5,13,8,2,16,5,1,13,8,2,12,5,4,1,4,1,4,0,4,4,1,2,23,20
"12605",8,5,13,9,2,20,5,5,13,8,2,16,5,1,0,0,4,4,1,1,4,3,2,24,24
"12606",9,9,13,9,3,20,5,5,13,9,2,20,5,4,1,0,1,0,0,4,1,1,1,28,25
"12607",10,13,13,9,3,23,5,9,13,9,3,20,5,4,3,3,3,3,0,4,3,1,2,32,28
"12608",11,13,13,12,3,23,6,13,13,9,3,23,5,3,0,0,6,1,1,3,1,3,3,35,29
"12609",12,13,13,12,3,23,6,13,13,12,3,23,6,6,1,0,NA,0,0,0,0,0,0,35,29
"12610",0,0,0,0,0,0,0,0,0,0,0,0,0,0,0,0,0,0,0,0,0,0,0,0,0
"12611",1,1,1,5,1,6,1,1,1,1,1,1,1,5,4,2,5,2,0,4,5,3,2,4,5
"12612",2,3,1,5,1,8,1,1,1,5,1,6,1,2,0,0,2,2,1,2,2,1,2,6,7
"12613",3,5,1,5,1,9,1,3,1,5,1,8,1,2,1,0,1,0,0,2,1,1,2,8,8
"12614",4,5,1,10,1,11,1,5,1,5,1,9,1,5,1,2,1,2,0,5,2,3,2,13,10
"12615",5,5,1,11,5,11,1,5,1,10,1,11,1,1,0,0,4,1,2,1,4,3,1,14,14
"12616",6,5,2,11,7,11,1,5,1,11,5,11,1,1,2,0,2,0,0,1,2,2,1,15,16
"12617",7,10,2,11,7,14,1,5,2,11,7,11,1,2,5,3,2,3,0,5,3,1,2,20,19
"12618",8,12,2,11,7,14,5,10,2,11,7,14,1,2,0,0,4,4,5,2,4,1,3,22,23
"12619",9,17,2,11,7,18,5,12,2,11,7,14,5,4,5,0,4,0,0,5,4,1,2,27,27
"12620",10,17,2,12,7,18,6,17,2,11,7,18,5,1,1,1,1,1,0,1,1,3,3,28,28
"12621",11,17,3,12,7,23,6,17,2,12,7,18,6,1,0,0,1,5,5,1,5,2,2,29,33
"12622",12,17,3,12,7,23,6,17,3,12,7,23,6,1,5,0,NA,0,0,0,0,0,0,29,33
"12623",0,0,0,0,0,0,0,0,0,0,0,0,0,0,0,0,0,0,0,0,0,0,0,0,0
"12624",1,3,1,1,1,6,1,1,1,1,1,1,1,5,5,2,5,5,0,2,5,1,2,2,5
"12625",2,8,1,1,8,6,1,3,1,1,1,6,1,5,0,0,4,6,6,5,6,1,1,7,12
"12626",3,12,1,1,17,6,1,8,1,1,8,6,1,4,6,0,6,0,0,4,6,1,1,11,21
"12627",4,14,1,1,17,11,1,12,1,1,17,6,1,5,1,2,5,1,0,2,5,1,2,13,26
"12628",5,14,1,2,17,11,6,14,1,1,17,11,1,1,0,0,2,5,1,1,5,3,3,14,31
"12629",6,14,1,3,17,13,6,14,1,2,17,11,6,2,1,0,2,0,0,1,2,3,2,15,33
"12630",7,16,1,1,17,21,11,14,1,3,17,13,6,6,2,1,6,1,0,2,6,1,2,15,46
"12631",8,16,1,2,19,21,11,16,1,1,17,21,11,1,0,0,2,3,2,1,2,3,1,16,48
"12632",9,17,3,2,19,1,14,16,1,2,19,21,11,3,2,0,3,0,0,2,3,2,3,19,31
"12633",10,21,3,2,19,5,14,17,3,2,19,1,14,4,4,5,4,5,0,4,4,1,2,23,35
"12634",11,26,3,1,20,6,14,21,3,2,19,5,14,5,0,0,1,2,5,5,1,1,1,27,37
"12635",12,26,3,1,20,6,14,26,3,1,20,6,14,2,5,0,NA,0,0,0,0,0,0,27,37
"12636",0,0,0,0,0,0,0,0,0,0,0,0,0,0,0,0,0,0,0,0,0,0,0,0,0
"12637",1,2,1,1,1,5,1,1,1,1,1,1,1,1,4,1,4,1,0,1,4,1,2,1,4
"12638",2,2,1,2,1,5,9,2,1,1,1,5,1,1,0,0,1,5,6,1,6,3,3,2,12
"12639",3,2,1,7,1,6,9,2,1,2,1,5,9,1,5,0,1,0,0,5,1,3,2,7,13
"12640",4,2,4,7,1,11,9,2,1,7,1,6,9,3,3,5,3,5,0,3,5,2,2,10,18
"12641",5,5,4,7,1,17,11,2,4,7,1,11,9,3,0,0,2,6,4,3,6,1,2,13,26
"12642",6,9,4,7,1,17,13,5,4,7,1,17,11,2,4,0,2,0,0,4,2,1,3,17,28
"12643",7,9,4,10,8,17,13,9,4,7,1,17,13,3,3,6,3,6,0,3,6,3,1,20,35
"12644",8,12,4,10,12,17,13,9,4,10,8,17,13,3,0,0,4,2,2,3,4,1,1,23,39
"12645",9,12,6,10,14,17,13,12,4,10,12,17,13,2,2,0,2,0,0,2,2,2,1,25,41
"12646",10,12,6,14,15,17,19,12,6,10,14,17,13,4,6,1,6,1,0,4,6,3,3,29,48
"12647",11,13,6,14,17,17,19,12,6,14,15,17,19,1,0,0,2,3,6,1,2,1,1,30,50
"12648",12,13,6,14,17,17,19,13,6,14,17,17,19,3,6,0,NA,0,0,0,0,0,0,30,50
"12649",0,0,0,0,0,0,0,0,0,0,0,0,0,0,0,0,0,0,0,0,0,0,0,0,0
"12650",1,1,9,1,2,1,1,1,1,1,1,1,1,1,6,1,1,1,0,6,1,2,1,8,1
"12651",2,1,9,2,2,5,1,1,9,1,2,1,1,1,0,0,5,5,4,1,4,3,2,9,5
"12652",3,6,9,2,7,5,1,1,9,2,2,5,1,5,5,0,5,0,0,5,5,1,1,14,10
"12653",4,11,9,2,7,7,1,6,9,2,7,5,1,2,2,5,2,2,0,5,2,1,2,19,12
"12654",5,13,9,2,7,7,5,11,9,2,7,7,1,2,0,0,4,4,2,2,4,1,3,21,16
"12655",6,13,9,6,7,7,7,13,9,2,7,7,5,4,2,0,2,0,0,4,2,3,3,25,18
"12656",7,19,9,16,7,7,9,13,9,6,7,7,7,1,6,2,1,2,0,6,2,1,3,41,20
"12657",8,20,9,16,7,10,9,19,9,16,7,7,9,1,0,0,3,4,3,1,3,1,2,42,23
"12658",9,24,9,16,7,13,9,20,9,16,7,10,9,4,3,0,3,0,0,4,3,1,2,46,26
"12659",10,24,12,16,7,18,9,24,9,16,7,13,9,3,4,5,4,5,0,3,5,2,2,49,31
"12660",11,24,16,16,8,18,9,24,12,16,7,18,9,4,0,0,5,3,1,4,1,2,1,53,32
"12661",12,24,16,16,8,18,9,24,16,16,8,18,9,5,3,0,NA,0,0,0,0,0,0,53,32
"12662",0,0,0,0,0,0,0,0,0,0,0,0,0,0,0,0,0,0,0,0,0,0,0,0,0
"12663",1,1,7,4,1,1,4,1,1,1,1,1,1,6,3,4,3,4,0,6,3,2,3,9,3
"12664",2,1,11,4,1,1,8,1,7,4,1,1,4,4,0,0,1,4,2,4,4,2,3,13,7
"12665",3,1,11,5,1,3,8,1,11,4,1,1,8,1,2,0,2,0,0,1,2,3,2,14,9
"12666",4,1,1,5,7,7,11,1,11,5,1,3,8,6,5,4,5,4,0,6,4,2,2,4,22
"12667",5,1,6,5,7,14,17,1,1,5,7,7,11,5,0,0,1,3,6,5,6,2,2,9,35
"12668",6,1,6,8,7,15,17,1,6,5,7,14,17,1,3,0,1,0,0,3,1,3,2,12,36
"12669",7,1,11,8,7,16,17,1,6,8,7,15,17,1,5,3,1,3,0,5,1,2,2,17,37
"12670",8,1,14,8,10,16,17,1,11,8,7,16,17,3,0,0,3,1,1,3,3,2,1,20,40
"12671",9,1,14,9,10,16,18,1,14,8,10,16,17,1,1,0,1,0,0,1,1,3,3,21,41
"12672",10,2,14,9,10,21,18,1,14,9,10,16,18,2,5,1,2,5,0,1,5,1,2,22,46
"12673",11,2,14,11,15,21,18,2,14,9,10,21,18,2,0,0,5,5,5,2,5,3,1,24,51
"12674",12,2,14,11,15,21,18,2,14,11,15,21,18,5,5,0,NA,0,0,0,0,0,0,24,51
"12675",0,0,0,0,0,0,0,0,0,0,0,0,0,0,0,0,0,0,0,0,0,0,0,0,0
"12676",1,1,1,10,1,6,1,1,1,1,1,1,1,3,6,5,3,5,0,6,5,3,2,9,5
"12677",2,1,1,13,3,6,7,1,1,10,1,6,1,3,0,0,6,6,4,3,6,3,3,12,13
"12678",3,6,1,19,3,10,7,1,1,13,3,6,7,6,4,0,4,0,0,6,4,3,2,23,17
"12679",4,17,1,19,3,16,10,6,1,19,3,10,7,6,6,2,6,2,0,6,6,1,2,34,26
"12680",5,17,7,1,8,16,10,17,1,19,3,16,10,2,0,0,1,3,4,2,4,3,1,22,31
"12681",6,17,10,1,8,16,11,17,7,1,8,16,10,1,3,0,1,0,0,3,1,2,3,25,32
"12682",7,35,10,1,5,16,11,17,10,1,8,16,11,3,4,6,3,4,0,6,4,1,1,43,29
"12683",8,38,10,1,11,21,11,35,10,1,5,16,11,3,0,0,6,2,2,3,6,1,1,46,40
"12684",9,38,15,3,13,1,11,38,10,1,11,21,11,2,2,0,2,0,0,2,2,3,1,53,22
"12685",10,38,18,3,13,1,16,38,15,3,13,1,11,3,3,5,3,5,0,3,5,2,3,56,27
"12686",11,38,18,6,15,1,16,38,18,3,13,1,16,3,0,0,2,4,5,3,2,3,1,59,29
"12687",12,38,18,6,15,1,16,38,18,6,15,1,16,4,5,0,NA,0,0,0,0,0,0,59,29
"12688",0,0,0,0,0,0,0,0,0,0,0,0,0,0,0,0,0,0,0,0,0,0,0,0,0
"12689",1,1,1,2,1,4,1,1,1,1,1,1,1,3,1,1,3,1,0,1,3,3,2,1,3
"12690",2,1,1,3,1,4,5,1,1,2,1,4,1,1,0,0,4,4,1,1,4,3,3,2,7
"12691",3,5,1,3,2,4,5,1,1,3,1,4,5,4,1,0,1,0,0,4,1,1,1,6,8
"12692",4,5,5,9,2,8,5,5,1,3,2,4,5,6,4,1,4,1,0,6,4,3,2,16,12
"12693",5,5,5,10,2,10,5,5,5,9,2,8,5,1,0,0,1,2,1,1,2,3,2,17,14
"12694",6,5,5,11,2,10,6,5,5,10,2,10,5,1,1,0,1,0,0,1,1,3,3,18,15
"12695",7,5,13,11,4,10,6,5,5,11,2,10,6,6,2,2,2,2,0,6,2,2,1,26,17
"12696",8,5,13,13,4,12,6,5,13,11,4,10,6,2,0,0,2,2,2,2,2,3,2,28,19
"12697",9,5,15,13,4,14,6,5,13,13,4,12,6,2,2,0,2,0,0,2,2,2,2,30,21
"12698",10,10,15,19,4,17,6,5,15,13,4,14,6,6,3,3,3,3,0,6,3,3,2,41,24
"12699",11,13,15,19,4,21,6,10,15,19,4,17,6,3,0,0,6,1,4,3,4,1,2,44,28
"12700",12,13,15,19,4,21,6,13,15,19,4,21,6,6,1,0,NA,0,0,0,0,0,0,44,28
"12701",0,0,0,0,0,0,0,0,0,0,0,0,0,0,0,0,0,0,0,0,0,0,0,0,0
"12702",1,1,1,6,1,1,6,1,1,1,1,1,1,5,4,5,4,5,0,5,5,3,3,5,5
"12703",2,5,1,6,1,5,6,1,1,6,1,1,6,4,0,0,4,4,4,4,4,1,2,9,9
"12704",3,5,1,10,1,9,6,5,1,6,1,5,6,4,4,0,4,0,0,4,4,3,2,13,13
"12705",4,5,12,10,1,21,9,5,1,10,1,9,6,6,5,6,5,6,0,6,6,2,2,24,28
"12706",5,10,12,10,3,21,9,5,12,10,1,21,9,5,0,0,1,1,2,5,2,1,1,29,30
"12707",6,10,12,11,3,22,9,10,12,10,3,21,9,1,1,0,1,0,0,1,1,3,2,30,31
"12708",7,10,16,17,3,27,9,10,12,11,3,22,9,6,4,5,4,5,0,6,5,3,2,40,36
"12709",8,10,21,21,3,27,9,10,16,17,3,27,9,4,0,0,5,2,5,4,2,3,1,49,36
"12710",9,15,21,21,3,27,14,10,21,21,3,27,9,5,5,0,5,0,0,5,5,1,3,54,41
"12711",10,16,21,27,3,30,14,15,21,21,3,27,14,3,2,6,3,2,0,6,3,3,2,61,44
"12712",11,16,21,29,3,33,14,16,21,27,3,30,14,2,0,0,1,3,6,2,3,3,2,63,47
"12713",12,16,21,29,3,33,14,16,21,29,3,33,14,1,6,0,NA,0,0,0,0,0,0,63,47
"12714",0,0,0,0,0,0,0,0,0,0,0,0,0,0,0,0,0,0,0,0,0,0,0,0,0
"12715",1,1,1,9,1,1,5,1,1,1,1,1,1,4,3,6,4,3,0,6,4,3,3,8,4
"12716",2,4,1,9,1,10,5,1,1,9,1,1,5,3,0,0,2,6,2,3,6,1,2,11,13
"12717",3,4,3,9,1,10,7,4,1,9,1,10,5,2,2,0,2,0,0,2,2,2,3,13,15
"12718",4,6,3,9,7,14,7,4,3,9,1,10,7,6,2,5,6,5,0,2,6,1,1,15,25
"12719",5,6,8,9,7,18,13,6,3,9,7,14,7,5,0,0,5,6,2,5,6,2,3,20,35
"12720",6,11,8,9,9,18,13,6,8,9,7,18,13,5,2,0,2,0,0,5,2,1,1,25,37
"12721",7,11,8,18,15,18,17,11,8,9,9,18,13,6,6,1,6,1,0,6,6,3,1,34,47
"12722",8,11,8,19,19,18,17,11,8,18,15,18,17,1,0,0,5,4,5,1,4,3,1,35,51
"12723",9,16,8,19,19,23,17,11,8,19,19,18,17,5,5,0,5,0,0,5,5,1,2,40,56
"12724",10,16,8,22,19,23,21,16,8,19,19,23,17,5,3,4,5,4,0,3,4,3,3,43,60
"12725",11,21,8,22,24,23,21,16,8,22,19,23,21,5,0,0,5,2,2,5,5,1,1,48,65
"12726",12,21,8,22,24,23,21,21,8,22,24,23,21,2,2,0,NA,0,0,0,0,0,0,48,65
"12727",0,0,0,0,0,0,0,0,0,0,0,0,0,0,0,0,0,0,0,0,0,0,0,0,0
"12728",1,1,1,3,5,1,1,1,1,1,1,1,1,1,4,2,1,4,0,2,4,3,1,2,4
"12729",2,2,1,3,13,1,1,1,1,3,5,1,1,1,0,0,6,6,5,1,6,1,1,3,12
"12730",3,2,3,9,13,1,6,2,1,3,13,1,1,6,5,0,5,0,0,6,5,3,3,11,17
"12731",4,6,3,9,13,1,10,2,3,9,13,1,6,4,4,2,4,2,0,4,4,1,3,15,21
"12732",5,6,3,11,19,1,11,6,3,9,13,1,10,2,0,0,1,6,4,2,6,3,1,17,28
"12733",6,6,3,15,19,1,12,6,3,11,19,1,11,1,4,0,1,0,0,4,1,3,3,21,29
"12734",7,9,3,15,19,1,20,6,3,15,19,1,12,5,3,6,5,6,0,3,6,1,3,24,37
"12735",8,14,3,15,19,6,20,9,3,15,19,1,20,5,0,0,1,5,3,5,5,1,2,29,42
"12736",9,14,4,15,19,9,20,14,3,15,19,6,20,1,3,0,3,0,0,1,3,2,2,30,45
"12737",10,22,4,15,19,18,20,14,4,15,19,9,20,6,6,1,6,1,0,6,6,1,2,38,54
"12738",11,22,4,16,25,19,20,22,4,15,19,18,20,1,0,0,4,6,1,1,6,3,1,39,61
"12739",12,22,4,16,25,19,20,22,4,16,25,19,20,4,1,0,NA,0,0,0,0,0,0,39,61
"12740",0,0,0,0,0,0,0,0,0,0,0,0,0,0,0,0,0,0,0,0,0,0,0,0,0
"12741",1,5,7,1,1,6,1,1,1,1,1,1,1,6,5,2,5,2,0,6,5,2,2,10,5
"12742",2,5,7,3,1,17,1,5,7,1,1,6,1,2,0,0,6,3,3,2,6,3,2,12,16
"12743",3,8,7,3,1,20,1,5,7,3,1,17,1,3,3,0,3,0,0,3,3,1,2,15,19
"12744",4,14,18,3,1,24,1,8,7,3,1,20,1,4,5,6,4,5,0,6,4,2,2,32,23
"12745",5,14,23,3,1,27,1,14,18,3,1,24,1,5,0,0,4,3,4,5,3,2,2,37,26
"12746",6,14,27,3,1,31,1,14,23,3,1,27,1,4,4,0,4,0,0,4,4,2,2,41,30
"12747",7,14,32,3,1,33,1,14,27,3,1,31,1,5,2,3,2,3,0,5,2,2,2,46,32
"12748",8,17,32,3,1,39,7,14,32,3,1,33,1,3,0,0,1,6,3,3,6,1,2,49,82
"12749",9,17,35,3,1,39,8,17,32,3,1,39,7,1,3,0,1,0,0,3,1,2,3,52,83
"12750",10,19,35,3,1,39,11,17,35,3,1,39,8,3,5,2,3,5,0,2,3,1,3,54,86
"12751",11,19,35,8,1,39,12,19,35,3,1,39,11,5,0,0,1,6,2,5,1,3,3,59,87
"12752",12,19,35,8,1,39,12,19,35,8,1,39,12,6,2,0,NA,0,0,0,0,0,0,59,87
"12753",0,0,0,0,0,0,0,0,0,0,0,0,0,0,0,0,0,0,0,0,0,0,0,0,0
"12754",1,6,1,1,1,1,2,1,1,1,1,1,1,5,2,1,2,1,0,5,1,1,3,5,1
"12755",2,6,1,3,1,5,2,6,1,1,1,1,2,2,0,0,3,3,4,2,4,3,2,7,5
"12756",3,6,4,3,4,5,2,6,1,3,1,5,2,3,3,0,3,0,0,3,3,2,1,10,8
"12757",4,6,4,8,4,8,2,6,4,3,4,5,2,3,3,5,3,3,0,5,3,3,2,15,11
"12758",5,6,4,11,4,15,2,6,4,8,4,8,2,3,0,0,6,3,1,3,6,3,2,18,18
"12759",6,9,4,11,4,15,3,6,4,11,4,15,2,3,1,0,1,0,0,3,1,1,3,21,19
"12760",7,13,4,11,5,15,3,9,4,11,4,15,3,1,2,4,1,2,0,4,1,1,1,25,20
"12761",8,13,6,11,5,17,3,13,4,11,5,15,3,2,0,0,2,2,2,2,2,2,2,27,22
"12762",9,13,8,11,7,17,3,13,6,11,5,17,3,2,2,0,2,0,0,2,2,2,1,29,24
"12763",10,15,14,11,7,25,3,13,8,11,7,17,3,6,6,2,6,2,0,6,6,2,2,37,32
"12764",11,17,14,1,8,29,3,15,14,11,7,25,3,2,0,0,1,2,4,2,4,1,2,29,37
"12765",12,17,14,1,8,29,3,17,14,1,8,29,3,1,2,0,NA,0,0,0,0,0,0,29,37
"12766",0,0,0,0,0,0,0,0,0,0,0,0,0,0,0,0,0,0,0,0,0,0,0,0,0
"12767",1,1,5,1,1,1,4,1,1,1,1,1,1,3,4,1,3,1,0,4,3,2,3,4,3
"12768",2,2,5,1,6,1,4,1,5,1,1,1,4,1,0,0,2,5,6,1,5,1,1,5,8
"12769",3,8,9,1,8,1,4,2,5,1,6,1,4,2,6,0,2,0,0,6,2,1,1,15,10
"12770",4,8,14,1,8,2,4,8,9,1,8,1,4,1,5,1,1,1,0,5,1,2,2,20,11
"12771",5,9,14,1,14,2,8,8,14,1,8,2,4,1,0,0,6,4,6,1,6,1,1,21,21
"12772",6,13,20,7,18,1,8,9,14,1,14,2,8,4,6,0,4,0,0,6,4,3,1,37,24
"12773",7,13,30,7,18,6,1,13,20,7,18,1,8,6,5,2,5,2,0,6,5,2,2,47,22
"12774",8,13,32,7,18,10,1,13,30,7,18,6,1,2,0,0,3,4,1,2,4,2,2,49,26
"12775",9,13,35,7,18,11,1,13,32,7,18,10,1,3,1,0,1,0,0,3,1,2,2,52,27
"12776",10,13,36,7,21,11,1,13,35,7,18,11,1,3,1,3,3,3,0,1,3,2,1,53,30
"12777",11,18,39,7,22,11,1,13,36,7,21,11,1,3,0,0,1,5,4,3,1,2,1,99,31
"12778",12,18,39,7,22,11,1,18,39,7,22,11,1,5,4,0,NA,0,0,0,0,0,0,99,31
"12779",0,0,0,0,0,0,0,0,0,0,0,0,0,0,0,0,0,0,0,0,0,0,0,0,0
"12780",1,6,1,1,1,5,1,1,1,1,1,1,1,2,5,4,2,4,0,5,4,1,2,5,4
"12781",2,6,1,3,1,16,1,6,1,1,1,5,1,2,0,0,1,6,5,2,6,3,2,7,15
"12782",3,6,1,8,1,16,2,6,1,3,1,16,1,1,5,0,1,0,0,5,1,3,3,12,16
"12783",4,11,1,8,1,16,6,6,1,8,1,16,2,2,4,5,2,4,0,5,4,1,3,17,20
"12784",5,11,3,8,4,16,12,11,1,8,1,16,6,2,0,0,4,5,6,2,6,2,3,19,29
"12785",6,11,3,13,8,16,12,11,3,8,4,16,12,4,5,0,4,0,0,5,4,3,1,24,33
"12786",7,11,4,13,8,18,18,11,3,13,8,16,12,1,6,1,6,1,0,1,6,2,3,25,41
"12787",8,11,5,13,12,18,18,11,4,13,8,18,18,1,0,0,4,5,3,1,4,2,1,26,45
"12788",9,14,5,13,17,18,18,11,5,13,12,18,18,5,3,0,5,0,0,3,5,1,1,29,50
"12789",10,17,5,13,17,18,19,14,5,13,17,18,18,3,6,1,6,1,0,3,1,1,3,32,51
"12790",11,28,1,13,28,18,19,17,5,13,17,18,19,6,0,0,6,3,2,6,6,1,1,39,62
"12791",12,28,1,13,28,18,19,28,1,13,28,18,19,3,2,0,NA,0,0,0,0,0,0,39,62
"12792",0,0,0,0,0,0,0,0,0,0,0,0,0,0,0,0,0,0,0,0,0,0,0,0,0
"12793",1,1,1,11,1,1,6,1,1,1,1,1,1,5,5,6,5,5,0,6,5,3,3,10,5
"12794",2,1,6,11,1,5,6,1,1,11,1,1,6,5,0,0,4,4,1,5,4,2,2,15,9
"12795",3,5,6,11,1,6,6,1,6,11,1,5,6,4,1,0,1,0,0,4,1,1,2,19,10
"12796",4,8,6,11,1,6,8,5,6,11,1,6,6,1,3,2,1,2,0,3,2,1,3,22,12
"12797",5,9,6,11,6,12,14,8,6,11,1,6,8,1,0,0,6,4,3,1,6,1,3,23,29
"12798",6,9,10,11,9,12,14,9,6,11,6,12,14,4,3,0,3,0,0,4,3,2,1,27,32
"12799",7,9,10,21,9,12,19,9,10,11,9,12,14,6,5,5,5,5,0,6,5,3,3,37,37
"12800",8,9,10,26,9,17,19,9,10,21,9,12,19,5,0,0,4,2,5,5,5,3,2,42,42
"12801",9,13,10,26,11,17,19,9,10,26,9,17,19,4,2,0,2,0,0,4,2,1,1,46,44
"12802",10,19,10,32,11,29,21,13,10,26,11,17,19,6,6,1,6,1,0,6,6,1,2,58,58
"12803",11,19,11,37,11,1,23,19,10,32,11,29,21,1,0,0,2,2,2,1,2,2,3,64,32
"12804",12,19,11,37,11,1,23,19,11,37,11,1,23,2,2,0,NA,0,0,0,0,0,0,64,32
"12805",0,0,0,0,0,0,0,0,0,0,0,0,0,0,0,0,0,0,0,0,0,0,0,0,0
"12806",1,2,1,1,6,7,1,1,1,1,1,1,1,1,1,6,1,6,0,1,6,1,2,1,11
"12807",2,3,1,1,6,13,10,2,1,1,6,7,1,1,0,0,6,3,1,1,6,1,3,2,26
"12808",3,6,1,1,7,13,10,3,1,1,6,13,10,3,1,0,1,0,0,3,1,1,1,5,27
"12809",4,18,1,1,13,13,11,6,1,1,7,13,10,6,5,6,5,6,0,6,6,1,1,17,34
"12810",5,23,1,1,13,18,11,18,1,1,13,13,11,5,0,0,3,3,5,5,5,1,2,22,39
"12811",6,26,1,1,16,18,11,23,1,1,13,18,11,3,3,0,3,0,0,3,3,1,1,25,42
"12812",7,32,1,1,16,18,5,26,1,1,16,18,11,3,4,1,4,1,0,3,4,1,3,31,36
"12813",8,33,1,1,19,18,5,32,1,1,16,18,5,1,0,0,3,5,1,1,3,1,1,32,39
"12814",9,38,1,1,19,19,5,33,1,1,19,18,5,5,1,0,1,0,0,5,1,1,2,37,40
"12815",10,38,4,1,19,19,10,38,1,1,19,19,5,3,2,5,2,5,0,3,5,2,3,40,45
"12816",11,38,6,1,28,19,10,38,4,1,19,19,10,2,0,0,6,3,3,2,6,2,1,42,54
"12817",12,38,6,1,28,19,10,38,6,1,28,19,10,3,3,0,NA,0,0,0,0,0,0,42,54
"12818",0,0,0,0,0,0,0,0,0,0,0,0,0,0,0,0,0,0,0,0,0,0,0,0,0
"12819",1,1,1,6,6,1,1,1,1,1,1,1,1,5,2,5,2,5,0,5,5,3,1,5,5
"12820",2,1,3,6,9,1,1,1,1,6,6,1,1,2,0,0,1,3,4,2,3,2,1,7,8
"12821",3,1,3,10,9,2,1,1,3,6,9,1,1,1,4,0,1,0,0,4,1,3,2,11,9
"12822",4,1,3,14,11,2,1,1,3,10,9,2,1,1,4,2,1,2,0,4,2,3,1,15,11
"12823",5,1,3,15,16,2,1,1,3,14,11,2,1,1,0,0,6,4,5,1,5,3,1,16,16
"12824",6,11,3,15,16,6,1,1,3,15,16,2,1,6,4,0,4,0,0,6,4,1,2,26,20
"12825",7,11,5,15,17,6,1,11,3,15,16,6,1,1,2,1,1,1,0,2,1,2,1,28,21
"12826",8,12,5,15,22,6,1,11,5,15,17,6,1,1,0,0,5,4,1,1,5,1,1,29,26
"12827",9,12,9,15,23,6,1,12,5,15,22,6,1,4,1,0,1,0,0,4,1,2,1,33,27
"12828",10,18,16,15,26,6,1,12,9,15,23,6,1,2,3,6,2,3,0,6,3,1,1,46,30
"12829",11,18,16,17,38,11,1,18,16,15,26,6,1,2,0,0,1,6,2,2,6,3,1,48,47
"12830",12,18,16,17,38,11,1,18,16,17,38,11,1,1,2,0,NA,0,0,0,0,0,0,48,47
"12831",0,0,0,0,0,0,0,0,0,0,0,0,0,0,0,0,0,0,0,0,0,0,0,0,0
"12832",1,6,1,1,6,1,1,1,1,1,1,1,1,5,5,5,5,5,0,5,5,1,1,5,5
"12833",2,6,6,1,6,8,1,6,1,1,6,1,1,5,0,0,3,6,4,5,6,2,2,10,12
"12834",3,10,6,1,9,8,1,6,6,1,6,8,1,3,4,0,3,0,0,4,3,1,1,14,15
"12835",4,10,6,3,9,12,1,10,6,1,9,8,1,1,2,4,1,4,0,2,4,3,2,16,19
"12836",5,10,6,4,14,12,1,10,6,3,9,12,1,1,0,0,5,1,2,1,5,3,1,17,24
"12837",6,12,6,4,14,12,2,10,6,4,14,12,1,1,2,0,1,0,0,2,1,1,3,19,25
"12838",7,12,6,8,16,12,2,12,6,4,14,12,2,2,2,4,2,2,0,4,2,3,1,23,27
"12839",8,14,6,8,17,12,8,12,6,8,16,12,2,2,0,0,3,6,3,2,6,1,3,25,34
"12840",9,17,6,8,17,15,8,14,6,8,17,12,8,3,3,0,3,0,0,3,3,1,2,28,37
"12841",10,17,6,12,18,15,14,17,6,8,17,15,8,4,1,6,1,6,0,4,6,3,3,32,44
"12842",11,18,6,12,22,15,14,17,6,12,18,15,14,1,0,0,4,1,5,1,4,1,1,33,48
"12843",12,18,6,12,22,15,14,18,6,12,22,15,14,1,5,0,NA,0,0,0,0,0,0,33,48
"12844",0,0,0,0,0,0,0,0,0,0,0,0,0,0,0,0,0,0,0,0,0,0,0,0,0
"12845",1,1,6,1,5,1,1,1,1,1,1,1,1,5,3,4,3,4,0,5,4,2,1,5,4
"12846",2,4,6,1,5,7,6,1,6,1,5,1,1,3,0,0,3,6,4,3,6,1,2,8,15
"12847",3,8,6,1,5,10,6,4,6,1,5,7,6,3,4,0,3,0,0,4,3,1,2,12,18
"12848",4,8,10,1,5,10,11,8,6,1,5,10,6,5,3,4,5,3,0,4,5,2,3,16,23
"12849",5,11,10,1,8,10,11,8,10,1,5,10,11,3,0,0,3,5,5,3,3,1,1,19,26
"12850",6,16,10,1,8,10,16,11,10,1,8,10,11,5,5,0,5,0,0,5,5,1,3,24,31
"12851",7,20,10,1,13,16,16,16,10,1,8,10,16,6,2,4,6,2,0,4,6,1,2,28,42
"12852",8,22,10,1,13,16,27,20,10,1,13,16,16,2,0,0,4,5,6,2,6,1,3,30,53
"12853",9,26,10,1,18,16,27,22,10,1,13,16,27,4,5,0,5,0,0,4,5,1,1,34,58
"12854",10,29,1,1,18,16,33,26,10,1,18,16,27,1,3,3,1,3,0,3,1,1,3,28,64
"12855",11,29,1,4,18,16,37,29,1,1,18,16,33,3,0,0,2,4,6,3,4,3,3,31,68
"12856",12,29,1,4,18,16,37,29,1,4,18,16,37,2,6,0,NA,0,0,0,0,0,0,31,68
"12857",0,0,0,0,0,0,0,0,0,0,0,0,0,0,0,0,0,0,0,0,0,0,0,0,0
"12858",1,6,1,1,1,5,1,1,1,1,1,1,1,3,4,5,3,4,0,5,4,1,2,5,4
"12859",2,9,1,1,7,5,3,6,1,1,1,5,1,3,0,0,5,2,6,3,6,1,1,8,12
"12860",3,14,1,1,7,7,3,9,1,1,7,5,3,5,2,0,2,0,0,5,2,1,2,13,14
"12861",4,15,1,1,9,7,3,14,1,1,7,7,3,2,4,1,2,4,0,1,2,1,1,14,16
"12862",5,15,5,1,12,7,3,15,1,1,9,7,3,4,0,0,3,1,1,4,3,2,1,18,19
"12863",6,16,5,1,13,7,3,15,5,1,12,7,3,1,1,0,1,0,0,1,1,1,1,19,20
"12864",7,16,10,1,17,7,3,16,5,1,13,7,3,4,5,1,4,1,0,5,4,2,1,24,24
"12865",8,16,11,1,17,18,3,16,10,1,17,7,3,1,0,0,3,6,2,1,6,2,2,25,35
"12866",9,18,11,1,17,18,6,16,11,1,17,18,3,3,2,0,3,0,0,2,3,1,3,27,38
"12867",10,20,11,1,17,18,10,18,11,1,17,18,6,2,4,5,4,5,0,2,4,1,3,29,42
"12868",11,25,11,1,22,18,10,20,11,1,17,18,10,5,0,0,5,2,2,5,5,1,1,34,47
"12869",12,25,11,1,22,18,10,25,11,1,22,18,10,2,2,0,NA,0,0,0,0,0,0,34,47
"12870",0,0,0,0,0,0,0,0,0,0,0,0,0,0,0,0,0,0,0,0,0,0,0,0,0
"12871",1,5,1,1,1,4,1,1,1,1,1,1,1,4,1,3,1,3,0,4,3,1,2,4,3
"12872",2,6,1,1,1,4,4,5,1,1,1,4,1,1,0,0,4,3,1,1,3,1,3,5,6
"12873",3,6,5,1,2,4,4,6,1,1,1,4,4,4,1,0,1,0,0,4,1,2,1,9,7
"12874",4,8,5,1,6,4,4,6,5,1,2,4,4,1,4,2,1,4,0,2,4,1,1,11,11
"12875",5,8,5,2,6,4,7,8,5,1,6,4,4,1,0,0,3,4,1,1,3,3,3,12,14
"12876",6,8,5,6,7,4,7,8,5,2,6,4,7,4,1,0,1,0,0,4,1,3,1,16,15
"12877",7,8,10,6,10,4,7,8,5,6,7,4,7,5,3,1,3,1,0,5,3,2,1,21,18
"12878",8,9,10,6,11,4,13,8,10,6,10,4,7,1,0,0,5,6,1,1,6,1,3,22,25
"12879",9,14,10,6,12,4,13,9,10,6,11,4,13,5,1,0,1,0,0,5,1,1,1,27,26
"12880",10,17,10,6,14,4,13,14,10,6,12,4,13,3,2,1,2,1,0,3,2,1,1,30,28
"12881",11,18,10,6,22,4,13,17,10,6,14,4,13,1,0,0,6,2,2,1,6,1,1,31,36
"12882",12,18,10,6,22,4,13,18,10,6,22,4,13,2,2,0,NA,0,0,0,0,0,0,31,36
"12883",0,0,0,0,0,0,0,0,0,0,0,0,0,0,0,0,0,0,0,0,0,0,0,0,0
"12884",1,7,1,6,1,3,1,1,1,1,1,1,1,2,6,2,2,2,0,6,2,1,2,11,2
"12885",2,7,3,6,1,5,1,7,1,6,1,3,1,2,0,0,2,1,1,2,2,2,2,13,4
"12886",3,7,3,7,1,6,1,7,3,6,1,5,1,1,1,0,1,0,0,1,1,3,2,14,5
"12887",4,9,9,7,1,6,6,7,3,7,1,6,1,6,5,2,5,2,0,6,5,2,3,22,10
"12888",5,11,9,7,1,6,10,9,9,7,1,6,6,2,0,0,3,4,3,2,4,1,3,24,14
"12889",6,11,9,10,4,6,10,11,9,7,1,6,10,3,3,0,3,0,0,3,3,3,1,27,17
"12890",7,11,9,15,4,8,10,11,9,10,4,6,10,2,5,2,2,2,0,5,2,3,2,32,19
"12891",8,11,11,15,4,8,14,11,9,15,4,8,10,2,0,0,4,6,4,2,4,2,3,34,23
"12892",9,18,11,15,4,12,14,11,11,15,4,8,14,6,4,0,4,0,0,6,4,1,2,41,27
"12893",10,18,14,15,4,12,17,18,11,15,4,12,14,2,3,3,2,3,0,3,3,2,3,44,30
"12894",11,18,14,17,4,12,18,18,14,15,4,12,17,2,0,0,2,6,1,2,1,3,3,46,31
"12895",12,18,14,17,4,12,18,18,14,17,4,12,18,2,6,0,NA,0,0,0,0,0,0,46,31
"12896",0,0,0,0,0,0,0,0,0,0,0,0,0,0,0,0,0,0,0,0,0,0,0,0,0
"12897",1,1,6,1,1,1,4,1,1,1,1,1,1,3,5,3,3,3,0,5,3,2,3,5,3
"12898",2,1,6,4,1,2,4,1,6,1,1,1,4,3,0,0,1,2,1,3,1,3,2,8,4
"12899",3,1,8,4,2,2,4,1,6,4,1,2,4,2,1,0,1,0,0,2,1,2,1,10,5
"12900",4,7,8,6,2,2,6,1,8,4,2,2,4,6,2,1,2,1,0,6,2,1,3,18,7
"12901",5,7,8,7,2,6,6,7,8,6,2,2,6,1,0,0,1,3,4,1,4,3,2,19,11
"12902",6,7,8,10,3,6,6,7,8,7,2,6,6,1,3,0,1,0,0,3,1,3,1,22,12
"12903",7,7,14,15,3,6,11,7,8,10,3,6,6,5,6,4,5,4,0,6,5,2,3,33,17
"12904",8,11,14,15,3,6,19,7,14,15,3,6,11,4,0,0,3,6,6,4,6,1,3,37,25
"12905",9,17,14,18,3,6,22,11,14,15,3,6,19,3,6,0,3,0,0,6,3,1,3,46,28
"12906",10,17,18,18,3,8,22,17,14,18,3,6,22,4,4,2,4,2,0,4,2,2,2,50,30
"12907",11,36,18,18,5,1,22,17,18,18,3,8,22,4,0,0,4,2,4,4,4,1,1,69,25
"12908",12,36,18,18,5,1,22,36,18,18,5,1,22,2,4,0,NA,0,0,0,0,0,0,69,25
"12909",0,0,0,0,0,0,0,0,0,0,0,0,0,0,0,0,0,0,0,0,0,0,0,0,0
"12910",1,1,5,7,1,1,3,1,1,1,1,1,1,2,6,3,2,3,0,6,2,3,3,10,2
"12911",2,1,5,10,1,5,3,1,5,7,1,1,3,3,0,0,1,4,2,3,4,3,2,13,6
"12912",3,1,5,12,1,6,3,1,5,10,1,5,3,1,2,0,1,0,0,2,1,3,2,15,7
"12913",4,10,5,12,1,11,3,1,5,12,1,6,3,5,6,1,5,1,0,6,5,1,2,24,12
"12914",5,10,6,12,1,16,3,10,5,12,1,11,3,1,0,0,5,4,6,1,5,2,2,25,17
"12915",6,13,12,12,1,20,3,10,6,12,1,16,3,4,6,0,4,0,0,6,4,2,2,34,21
"12916",7,13,13,18,2,26,3,13,12,12,1,20,3,1,6,6,1,6,0,6,6,3,2,41,28
"12917",8,13,13,19,2,26,5,13,13,18,2,26,3,1,0,0,1,5,2,1,2,3,3,42,30
"12918",9,18,13,19,2,27,5,13,13,19,2,26,5,1,5,0,1,0,0,5,1,1,2,47,31
"12919",10,18,1,19,12,27,1,18,13,19,2,27,5,5,4,6,5,4,0,6,5,2,1,35,37
"12920",11,18,1,23,19,27,1,18,1,19,12,27,1,4,0,0,3,4,6,4,6,3,1,39,44
"12921",12,18,1,23,19,27,1,18,1,23,19,27,1,3,4,0,NA,0,0,0,0,0,0,39,44
"12922",0,0,0,0,0,0,0,0,0,0,0,0,0,0,0,0,0,0,0,0,0,0,0,0,0
"12923",1,1,6,1,1,1,5,1,1,1,1,1,1,5,4,4,4,4,0,5,4,2,3,5,4
"12924",2,5,6,1,1,7,6,1,6,1,1,1,5,4,0,0,5,2,6,4,6,1,2,9,11
"12925",3,5,11,1,1,7,8,5,6,1,1,7,6,5,2,0,2,0,0,5,2,2,3,14,13
"12926",4,5,11,5,1,7,10,5,11,1,1,7,8,2,4,2,2,2,0,4,2,3,3,18,15
"12927",5,5,13,5,10,7,10,5,11,5,1,7,10,2,0,0,3,4,6,2,6,2,1,20,24
"12928",6,5,13,9,10,7,13,5,13,5,10,7,10,3,4,0,3,0,0,4,3,3,3,24,27
"12929",7,5,19,14,13,7,13,5,13,9,10,7,13,3,2,6,3,2,0,6,3,2,1,35,30
"12930",8,7,19,14,13,7,17,5,19,14,13,7,13,2,0,0,4,4,3,2,4,1,3,37,34
"12931",9,11,19,14,16,7,17,7,19,14,13,7,17,4,3,0,3,0,0,4,3,1,1,41,37
"12932",10,13,19,14,16,7,18,11,19,14,16,7,17,1,2,1,1,1,0,2,1,1,3,43,38
"12933",11,14,19,14,19,7,18,13,19,14,16,7,18,1,0,0,4,1,3,1,3,1,1,44,41
"12934",12,14,19,14,19,7,18,14,19,14,19,7,18,4,1,0,NA,0,0,0,0,0,0,44,41
"12935",0,0,0,0,0,0,0,0,0,0,0,0,0,0,0,0,0,0,0,0,0,0,0,0,0
"12936",1,1,1,4,3,1,1,1,1,1,1,1,1,3,2,2,2,2,0,3,2,3,1,3,2
"12937",2,3,1,4,3,8,1,1,1,4,3,1,1,2,0,0,6,4,6,2,6,1,2,5,9
"12938",3,9,1,7,3,12,1,3,1,4,3,8,1,4,6,0,4,0,0,6,4,1,2,14,13
"12939",4,9,1,12,3,18,2,9,1,7,3,12,1,6,6,5,6,6,0,5,6,3,2,19,20
"12940",5,15,7,1,3,35,2,9,1,12,3,18,2,6,0,0,1,6,6,6,6,2,2,20,37
"12941",6,15,11,7,3,36,2,15,7,1,3,35,2,1,6,0,1,0,0,6,1,3,2,30,38
"12942",7,19,11,7,7,36,14,15,11,7,3,36,2,6,4,1,6,1,0,4,6,1,3,34,54
"12943",8,19,12,7,11,39,14,19,11,7,7,36,14,1,0,0,3,6,2,1,3,2,2,35,99
"12944",9,28,12,7,13,39,14,19,12,7,11,39,14,6,2,0,2,0,0,6,2,1,1,44,101
"12945",10,28,12,9,16,39,14,28,12,7,13,39,14,2,3,2,3,2,0,2,3,3,1,46,104
"12946",11,30,12,9,19,39,14,28,12,9,16,39,14,2,0,0,3,2,4,2,3,1,1,48,107
"12947",12,30,12,9,19,39,14,30,12,9,19,39,14,2,4,0,NA,0,0,0,0,0,0,48,107
"12948",0,0,0,0,0,0,0,0,0,0,0,0,0,0,0,0,0,0,0,0,0,0,0,0,0
"12949",1,7,7,2,1,5,1,1,1,1,1,1,1,5,4,6,5,4,0,6,4,1,2,13,4
"12950",2,7,7,7,5,5,1,7,7,2,1,5,1,5,0,0,1,4,2,5,4,3,1,18,8
"12951",3,7,7,9,5,6,1,7,7,7,5,5,1,1,2,0,1,0,0,2,1,3,2,20,9
"12952",4,17,7,9,5,10,1,7,7,9,5,6,1,4,2,6,4,2,0,6,4,1,2,30,13
"12953",5,19,7,9,7,10,1,17,7,9,5,10,1,2,0,0,2,4,4,2,2,1,1,32,15
"12954",6,19,7,13,7,14,1,19,7,9,7,10,1,4,4,0,4,0,0,4,4,3,2,36,19
"12955",7,1,7,13,7,20,7,19,7,13,7,14,1,3,4,6,3,6,0,4,6,1,2,18,31
"12956",8,1,7,16,11,20,7,1,7,13,7,20,7,3,0,0,1,3,4,3,4,3,1,21,35
"12957",9,8,8,16,11,1,10,1,7,16,11,20,7,1,3,0,3,0,0,1,3,1,3,29,19
"12958",10,14,13,16,12,1,10,8,8,16,11,1,10,6,1,1,1,1,0,6,1,1,1,40,20
"12959",11,15,13,16,12,1,27,14,13,16,12,1,10,1,0,0,6,5,1,1,6,1,3,41,37
"12960",12,15,13,16,12,1,27,15,13,16,12,1,27,5,1,0,NA,0,0,0,0,0,0,41,37
"12961",0,0,0,0,0,0,0,0,0,0,0,0,0,0,0,0,0,0,0,0,0,0,0,0,0
"12962",1,4,1,1,7,7,3,1,1,1,1,1,1,3,3,6,3,6,0,3,6,1,2,3,14
"12963",2,7,1,1,9,7,3,4,1,1,7,7,3,3,0,0,2,1,1,3,2,1,1,6,16
"12964",3,8,1,1,10,7,3,7,1,1,9,7,3,1,1,0,1,0,0,1,1,1,1,7,17
"12965",4,8,6,1,10,13,6,8,1,1,10,7,3,6,5,5,6,5,0,5,6,2,2,12,26
"12966",5,8,6,6,16,14,6,8,6,1,10,13,6,5,0,0,6,6,2,5,6,3,1,17,33
"12967",6,8,20,6,18,14,6,8,6,6,16,14,6,6,2,0,2,0,0,6,2,2,1,31,35
"12968",7,8,20,10,18,14,11,8,20,6,18,14,6,5,4,4,5,4,0,4,5,3,3,35,40
"12969",8,8,24,10,18,15,17,8,20,10,18,14,11,4,0,0,5,4,6,4,6,2,3,39,47
"12970",9,12,24,10,18,15,22,8,24,10,18,15,17,5,4,0,5,0,0,4,5,1,3,43,52
"12971",10,12,24,15,22,21,22,12,24,10,18,15,22,6,2,5,6,2,0,5,6,3,2,48,62
"12972",11,14,24,15,25,21,22,12,24,15,22,21,22,2,0,0,3,6,6,2,3,1,1,50,65
"12973",12,14,24,15,25,21,22,14,24,15,25,21,22,6,6,0,NA,0,0,0,0,0,0,50,65
"12974",0,0,0,0,0,0,0,0,0,0,0,0,0,0,0,0,0,0,0,0,0,0,0,0,0
"12975",1,6,1,1,7,1,6,1,1,1,1,1,1,5,5,6,5,6,0,5,6,1,1,5,11
"12976",2,6,1,6,7,1,11,6,1,1,7,1,6,5,0,0,1,1,5,5,5,3,3,10,16
"12977",3,6,1,7,7,1,12,6,1,6,7,1,11,1,1,0,1,0,0,1,1,3,3,11,17
"12978",4,12,3,7,11,1,12,6,1,7,7,1,12,4,2,6,4,2,0,6,4,1,1,19,21
"12979",5,12,3,9,17,9,12,12,3,7,11,1,12,2,0,0,3,3,6,2,6,3,1,21,35
"12980",6,12,3,12,17,12,12,12,3,9,17,9,12,3,3,0,3,0,0,3,3,3,2,24,38
"12981",7,12,3,17,17,16,12,12,3,12,17,12,12,5,5,4,5,4,0,5,4,3,2,29,42
"12982",8,12,3,22,17,16,17,12,3,17,17,16,12,5,0,0,5,3,2,5,5,3,3,34,47
"12983",9,12,3,24,17,19,17,12,3,22,17,16,17,3,2,0,3,0,0,2,3,3,2,36,50
"12984",10,12,3,31,25,19,17,12,3,24,17,19,17,6,1,6,1,6,0,6,6,3,1,43,58
"12985",11,12,3,32,32,19,17,12,3,31,25,19,17,1,0,0,4,2,6,1,6,3,1,44,65
"12986",12,12,3,32,32,19,17,12,3,32,32,19,17,4,2,0,NA,0,0,0,0,0,0,44,65
"12987",0,0,0,0,0,0,0,0,0,0,0,0,0,0,0,0,0,0,0,0,0,0,0,0,0
"12988",1,1,1,12,12,1,1,1,1,1,1,1,1,4,6,6,4,6,0,6,6,3,1,11,11
"12989",2,1,1,16,12,1,9,1,1,12,12,1,1,4,0,0,6,6,1,4,6,3,3,15,19
"12990",3,1,1,24,12,1,10,1,1,16,12,1,9,6,1,0,1,0,0,6,1,3,3,23,20
"12991",4,1,3,28,12,1,6,1,1,24,12,1,10,5,3,4,5,3,0,4,5,3,3,29,16
"12992",5,1,3,1,14,1,6,1,3,28,12,1,6,3,0,0,3,1,1,3,1,3,1,2,18
"12993",6,4,3,1,15,1,6,1,3,1,14,1,6,3,1,0,1,0,0,3,1,1,1,5,19
"12994",7,7,3,1,15,5,6,4,3,1,15,1,6,3,3,4,3,4,0,3,4,1,2,8,23
"12995",8,7,6,1,15,9,6,7,3,1,15,5,6,3,0,0,4,4,5,3,4,2,2,11,27
"12996",9,7,10,1,15,14,6,7,6,1,15,9,6,4,5,0,5,0,0,4,5,2,2,15,32
"12997",10,12,10,1,19,14,6,7,10,1,15,14,6,5,5,4,5,4,0,5,4,1,1,20,36
"12998",11,17,10,1,19,19,6,12,10,1,19,14,6,5,0,0,5,1,5,5,5,1,2,25,41
"12999",12,17,10,1,19,19,6,17,10,1,19,19,6,1,5,0,NA,0,0,0,0,0,0,25,41
"13000",0,0,0,0,0,0,0,0,0,0,0,0,0,0,0,0,0,0,0,0,0,0,0,0,0
