"","Move","Player_1_Final1","Player_1_Final2","Player_1_Final3","Player_1_Final4","Player_2_Final1","Player_2_Final2","Player_2_Final3","Player_2_Final4","Player_1_Initial1","Player_1_Initial2","Player_1_Initial3","Player_1_Initial4","Player_2_Initial1","Player_2_Initial2","Player_2_Initial3","Player_2_Initial4","Player 1 Rolls available","Player 1 Rolls available","Player 1 Rolls available","Player 2 Rolls available","Player 2 Rolls available","Player 2 Rolls available","Player 1 Roll Chosen","Player 2 Roll Chosen","Player 1 Token Chosen","Player 2 Token Chosen","Player1 Score","Player 2 Score"
"1",1,6,7,1,7,1,3,1,1,1,1,1,1,1,1,1,1,6,2,5,2,5,0,6,2,2,2,17,2
"2",2,6,7,6,7,1,6,1,1,6,7,1,7,1,3,1,1,5,0,0,6,3,4,5,3,3,2,22,5
"3",3,12,7,6,13,1,6,1,5,6,7,6,7,1,6,1,1,6,4,0,4,0,0,6,4,4,4,34,9
"4",4,12,12,12,13,1,6,1,9,12,7,6,13,1,6,1,5,3,4,6,3,4,0,6,4,3,4,45,13
"5",5,12,15,12,13,1,6,1,14,12,12,12,13,1,6,1,9,3,0,0,3,6,5,3,5,2,4,48,18
"6",6,16,15,18,13,1,6,4,14,12,15,12,13,1,6,1,14,3,6,0,3,0,0,6,3,3,3,58,21
"7",7,16,15,18,16,1,8,4,14,16,15,18,13,1,6,4,14,3,3,2,3,2,0,3,2,4,2,61,23
"8",8,16,15,18,19,1,8,8,14,16,15,18,16,1,8,4,14,3,0,0,1,4,5,3,4,4,3,64,27
"9",9,16,15,18,20,1,8,8,19,16,15,18,19,1,8,8,14,1,5,0,5,0,0,1,5,4,4,65,32
"10",10,16,20,18,20,1,11,8,25,16,15,18,20,1,8,8,19,1,6,5,1,6,0,5,6,2,4,70,41
"11",11,17,20,18,20,1,13,8,31,16,20,18,20,1,11,8,25,1,0,0,6,1,6,1,6,1,4,71,49
"12",12,17,21,18,20,1,13,8,31,17,20,18,20,1,13,8,31,1,6,0,6,0,0,1,0,2,0,72,49
"13",0,0,0,0,0,0,0,0,0,0,0,0,0,0,0,0,0,0,0,0,0,0,0,0,0,0,0,0,0
"14",1,1,7,1,4,5,1,1,1,1,1,1,1,1,1,1,1,4,6,2,4,2,0,6,4,2,1,9,4
"15",2,3,7,1,4,9,1,1,7,1,7,1,4,5,1,1,1,2,0,0,6,2,3,2,6,1,4,11,14
"16",3,6,7,1,4,11,1,1,7,3,7,1,4,9,1,1,7,2,3,0,2,0,0,3,2,1,1,14,16
"17",4,12,7,6,10,20,1,1,7,6,7,1,4,11,1,1,7,6,6,6,6,6,0,6,6,1,1,31,25
"18",5,12,19,6,13,20,1,1,12,12,7,6,10,20,1,1,7,6,0,0,5,4,6,6,5,2,4,46,30
"19",6,12,21,12,13,24,1,1,12,12,19,6,13,20,1,1,12,4,6,0,4,0,0,6,4,3,1,54,34
"20",7,12,1,12,13,30,4,1,13,12,21,12,13,24,1,1,12,6,6,6,6,6,0,6,6,2,1,34,44
"21",8,12,7,16,1,31,4,5,13,12,1,12,13,30,4,1,13,6,0,0,2,1,3,6,1,2,1,32,49
"22",9,12,7,18,1,34,4,5,13,12,7,16,1,31,4,5,13,2,3,0,3,0,0,2,3,3,1,34,52
"23",10,13,7,18,1,36,4,5,13,12,7,18,1,34,4,5,13,1,2,3,2,3,0,1,2,1,1,35,54
"24",11,13,7,21,1,36,8,5,13,13,7,18,1,36,4,5,13,3,0,0,4,1,2,3,4,3,2,38,58
"25",12,13,7,22,1,36,8,5,13,13,7,21,1,36,8,5,13,1,2,0,2,0,0,1,0,3,0,39,58
"26",0,0,0,0,0,0,0,0,0,0,0,0,0,0,0,0,0,0,0,0,0,0,0,0,0,0,0,0,0
"27",1,5,1,7,1,2,1,1,1,1,1,1,1,1,1,1,1,6,4,1,4,1,0,6,1,3,1,10,1
"28",2,9,1,7,1,2,1,1,3,5,1,7,1,2,1,1,1,4,0,0,4,2,6,4,2,1,4,14,3
"29",3,12,7,7,1,6,1,1,3,9,1,7,1,2,1,1,3,4,6,0,4,0,0,6,4,2,1,23,7
"30",4,12,7,7,2,6,4,1,3,12,7,7,1,6,1,1,3,3,1,2,3,2,0,1,3,4,2,24,10
"31",5,12,7,7,4,6,6,1,3,12,7,7,2,6,4,1,3,2,0,0,5,1,2,2,2,4,2,26,12
"32",6,12,12,7,4,6,6,2,3,12,7,7,4,6,6,1,3,5,1,0,1,0,0,5,1,2,3,31,13
"33",7,13,12,7,4,6,6,2,8,12,12,7,4,6,6,2,3,1,5,3,5,3,0,1,5,1,4,32,18
"34",8,13,12,7,7,11,6,2,8,13,12,7,4,6,6,2,8,3,0,0,5,5,6,3,5,4,1,35,23
"35",9,14,12,7,13,11,11,2,8,13,12,7,7,11,6,2,8,5,6,0,5,0,0,6,5,4,2,42,28
"36",10,14,18,7,14,12,11,2,8,14,12,7,13,11,11,2,8,1,1,6,1,1,0,6,1,2,1,49,29
"37",11,14,18,7,15,12,11,2,11,14,18,7,14,12,11,2,8,1,0,0,3,3,5,1,3,4,4,50,32
"38",12,14,18,7,18,12,11,2,11,14,18,7,15,12,11,2,11,3,5,0,5,0,0,3,0,4,0,53,32
"39",0,0,0,0,0,0,0,0,0,0,0,0,0,0,0,0,0,0,0,0,0,0,0,0,0,0,0,0,0
"40",1,4,1,1,1,1,1,1,4,1,1,1,1,1,1,1,1,3,3,2,3,2,0,3,3,1,4,3,3
"41",2,6,1,1,1,1,1,1,7,4,1,1,1,1,1,1,4,2,0,0,5,3,5,2,3,1,4,5,6
"42",3,6,6,1,1,6,1,1,7,6,1,1,1,1,1,1,7,5,5,0,5,0,0,5,5,2,1,10,11
"43",4,11,6,1,1,6,4,1,7,6,6,1,1,6,1,1,7,1,5,3,1,3,0,5,3,1,2,15,14
"44",5,11,6,2,1,6,4,4,7,11,6,1,1,6,4,1,7,1,0,0,3,2,5,1,3,3,3,16,17
"45",6,11,6,7,1,6,6,4,7,11,6,2,1,6,4,4,7,2,5,0,2,0,0,5,2,3,2,21,19
"46",7,11,10,7,1,6,6,9,7,11,6,7,1,6,6,4,7,2,4,5,2,5,0,4,5,2,3,25,24
"47",8,11,10,7,3,6,6,15,11,11,10,7,1,6,6,9,7,2,0,0,2,4,6,2,6,4,3,27,34
"48",9,15,10,7,3,6,6,17,11,11,10,7,3,6,6,15,11,2,4,0,2,0,0,4,2,1,3,31,36
"49",10,19,10,7,3,6,6,17,13,15,10,7,3,6,6,17,11,2,2,4,2,2,0,4,2,1,4,35,38
"50",11,21,10,7,3,11,6,17,13,19,10,7,3,6,6,17,13,2,0,0,5,5,5,2,5,1,1,37,43
"51",12,26,10,7,3,11,6,17,13,21,10,7,3,11,6,17,13,5,5,0,5,0,0,5,0,1,0,42,43
"52",0,0,0,0,0,0,0,0,0,0,0,0,0,0,0,0,0,0,0,0,0,0,0,0,0,0,0,0,0
"53",1,1,1,3,1,1,1,3,1,1,1,1,1,1,1,1,1,2,2,2,2,2,0,2,2,3,3,2,2
"54",2,3,1,3,1,1,1,9,3,1,1,3,1,1,1,3,1,2,0,0,2,3,6,2,6,1,3,4,10
"55",3,6,1,3,1,1,1,9,5,3,1,3,1,1,1,9,3,2,3,0,2,0,0,3,2,1,4,7,12
"56",4,6,11,3,1,3,1,9,5,6,1,3,1,1,1,9,5,6,2,1,2,1,0,6,2,2,1,17,14
"57",5,7,11,3,1,3,1,14,5,6,11,3,1,3,1,9,5,1,0,0,4,5,2,1,5,1,3,18,19
"58",6,7,11,7,1,3,3,14,5,7,11,3,1,3,1,14,5,4,2,0,2,0,0,4,2,3,2,22,21
"59",7,13,17,10,1,7,3,14,11,7,11,7,1,3,3,14,5,6,5,6,5,6,0,6,6,2,4,37,31
"60",8,13,17,10,6,12,3,14,11,13,17,10,1,7,3,14,11,5,0,0,2,6,5,5,5,4,1,42,36
"61",9,20,17,10,6,12,5,14,11,13,17,10,6,12,3,14,11,2,6,0,2,0,0,6,2,1,2,49,38
"62",10,20,17,10,11,12,5,15,11,20,17,10,6,12,5,14,11,1,5,2,1,2,0,5,1,4,3,54,39
"63",11,22,17,10,11,12,5,20,11,20,17,10,11,12,5,15,11,2,0,0,5,6,2,2,5,1,3,56,44
"64",12,22,17,10,13,12,5,20,11,22,17,10,11,12,5,20,11,6,2,0,6,0,0,2,0,4,0,58,44
"65",0,0,0,0,0,0,0,0,0,0,0,0,0,0,0,0,0,0,0,0,0,0,0,0,0,0,0,0,0
"66",1,5,1,1,1,1,1,1,3,1,1,1,1,1,1,1,1,5,4,2,5,2,0,4,2,1,4,4,2
"67",2,5,1,1,6,1,7,5,3,5,1,1,1,1,1,1,3,5,0,0,6,3,3,5,6,4,2,9,12
"68",3,8,1,1,6,4,7,5,3,5,1,1,6,1,7,5,3,3,3,0,3,0,0,3,3,1,1,12,15
"69",4,8,1,1,10,10,7,5,9,8,1,1,6,4,7,5,3,6,5,4,6,5,0,4,6,4,1,16,27
"70",5,8,1,6,10,10,11,5,9,8,1,1,10,10,7,5,9,5,0,0,4,2,1,5,4,3,2,21,31
"71",6,8,1,6,12,10,11,6,9,8,1,6,10,10,11,5,9,2,1,0,1,0,0,2,1,4,3,23,32
"72",7,8,1,9,12,10,12,6,9,8,1,6,12,10,11,6,9,1,1,3,1,1,0,3,1,3,2,26,33
"73",8,8,1,9,13,20,12,6,9,8,1,9,12,10,12,6,9,1,0,0,2,6,3,1,6,4,1,27,43
"74",9,11,1,9,13,20,12,8,9,8,1,9,13,20,12,6,9,2,3,0,2,0,0,3,2,1,3,30,45
"75",10,11,1,9,18,23,12,8,9,11,1,9,13,20,12,8,9,5,3,5,3,5,0,5,3,4,1,35,48
"76",11,11,1,1,23,27,18,10,9,11,1,9,18,23,12,8,9,5,0,0,4,5,1,5,4,4,1,32,60
"77",12,12,1,1,23,27,18,10,9,11,1,1,23,27,18,10,9,5,1,0,5,0,0,1,0,1,0,33,60
"78",0,0,0,0,0,0,0,0,0,0,0,0,0,0,0,0,0,0,0,0,0,0,0,0,0,0,0,0,0
"79",1,1,6,1,1,1,1,2,1,1,1,1,1,1,1,1,1,1,5,1,1,1,0,5,1,2,3,5,1
"80",2,2,6,1,1,3,7,2,1,1,6,1,1,1,1,2,1,1,0,0,6,6,4,1,6,1,2,6,9
"81",3,2,12,6,1,3,7,2,5,2,6,1,1,3,7,2,1,6,4,0,4,0,0,6,4,2,4,17,13
"82",4,2,12,11,7,3,7,7,5,2,12,6,1,3,7,2,5,5,6,3,5,3,0,6,5,4,3,28,18
"83",5,2,12,14,7,3,11,7,11,2,12,11,7,3,7,7,5,3,0,0,3,6,5,3,6,3,4,31,28
"84",6,7,12,14,7,3,11,10,11,2,12,14,7,3,11,7,11,3,5,0,3,0,0,5,3,1,3,36,31
"85",7,12,12,14,7,4,11,10,11,7,12,14,7,3,11,10,11,1,5,3,1,3,0,5,1,1,1,41,32
"86",8,12,12,17,7,4,15,10,11,12,12,14,7,4,11,10,11,3,0,0,4,5,6,3,4,3,2,44,36
"87",9,18,16,17,7,4,20,10,11,12,12,17,7,4,15,10,11,5,6,0,5,0,0,6,5,1,2,54,41
"88",10,19,16,17,13,6,26,10,11,18,16,17,7,4,20,10,11,6,6,6,6,6,0,6,6,4,2,61,49
"89",11,20,16,17,19,9,26,10,11,19,16,17,13,6,26,10,11,6,0,0,3,4,1,6,3,4,1,68,52
"90",12,21,16,17,19,9,26,10,11,20,16,17,19,9,26,10,11,4,1,0,4,0,0,1,0,1,0,69,52
"91",0,0,0,0,0,0,0,0,0,0,0,0,0,0,0,0,0,0,0,0,0,0,0,0,0,0,0,0,0
"92",1,1,4,1,1,3,1,1,1,1,1,1,1,1,1,1,1,3,2,3,2,3,0,3,2,2,1,3,2
"93",2,4,4,1,1,5,1,1,1,1,4,1,1,3,1,1,1,3,0,0,3,5,2,3,2,1,1,6,4
"94",3,4,4,1,6,5,4,1,1,4,4,1,1,5,1,1,1,3,5,0,3,0,0,5,3,4,2,11,7
"95",4,4,6,1,6,5,4,1,2,4,4,1,6,5,4,1,1,2,1,3,1,3,0,2,1,2,4,13,8
"96",5,4,9,1,6,5,4,1,4,4,6,1,6,5,4,1,2,3,0,0,2,1,6,3,2,2,4,16,10
"97",6,6,9,7,12,5,4,1,5,4,9,1,6,5,4,1,4,1,6,0,1,0,0,6,1,3,4,30,11
"98",7,6,9,12,12,10,4,1,11,6,9,7,12,5,4,1,5,5,5,6,5,6,0,5,6,3,4,35,22
"99",8,11,9,12,12,10,4,1,15,6,9,12,12,10,4,1,11,5,0,0,2,4,1,5,4,1,4,40,26
"100",9,11,10,12,12,12,4,1,15,11,9,12,12,10,4,1,15,2,1,0,2,0,0,1,2,2,1,41,28
"101",10,11,16,12,18,12,8,1,15,11,10,12,12,12,4,1,15,6,2,4,2,4,0,6,4,4,2,53,32
"102",11,13,16,12,18,15,8,1,15,11,16,12,18,12,8,1,15,2,0,0,3,5,2,2,3,1,1,55,35
"103",12,13,18,12,18,15,8,1,15,13,16,12,18,15,8,1,15,5,2,0,5,0,0,2,0,2,0,57,35
"104",0,0,0,0,0,0,0,0,0,0,0,0,0,0,0,0,0,0,0,0,0,0,0,0,0,0,0,0,0
"105",1,1,7,6,1,4,1,1,1,1,1,1,1,1,1,1,1,3,6,6,3,6,0,6,3,2,1,11,3
"106",2,6,7,6,7,4,2,1,1,1,7,6,1,4,1,1,1,6,0,0,2,2,1,6,1,4,2,22,4
"107",3,6,7,6,9,4,2,1,3,6,7,6,7,4,2,1,1,2,2,0,2,0,0,2,2,4,4,24,6
"108",4,6,7,10,9,4,7,1,3,6,7,6,9,4,2,1,3,4,4,5,4,5,0,4,5,3,2,28,11
"109",5,10,7,10,9,4,7,1,5,6,7,10,9,4,7,1,3,4,0,0,2,6,4,4,2,1,4,32,13
"110",6,16,7,15,15,4,11,1,5,10,7,10,9,4,7,1,5,6,4,0,4,0,0,6,4,4,2,49,17
"111",7,16,12,15,15,4,16,1,5,16,7,15,15,4,11,1,5,5,5,3,5,3,0,5,5,2,2,54,22
"112",8,16,12,15,18,8,16,1,5,16,12,15,15,4,16,1,5,3,0,0,4,3,4,3,4,4,1,57,26
"113",9,16,12,18,18,12,16,1,5,16,12,15,18,8,16,1,5,3,4,0,4,0,0,3,4,3,1,60,30
"114",10,16,12,22,18,16,16,1,5,16,12,18,18,12,16,1,5,5,4,4,5,4,0,4,4,3,1,64,34
"115",11,16,12,27,18,16,16,4,5,16,12,22,18,16,16,1,5,5,0,0,3,5,3,5,3,3,3,69,37
"116",12,16,17,27,18,16,16,4,5,16,12,27,18,16,16,4,5,5,3,0,3,0,0,5,0,2,0,74,37
"117",0,0,0,0,0,0,0,0,0,0,0,0,0,0,0,0,0,0,0,0,0,0,0,0,0,0,0,0,0
"118",1,1,1,5,1,4,1,1,1,1,1,1,1,1,1,1,1,4,3,5,3,5,0,4,3,3,1,4,3
"119",2,1,6,5,1,4,2,1,1,1,1,5,1,4,1,1,1,5,0,0,1,4,3,5,1,2,2,9,4
"120",3,1,10,5,1,7,2,1,1,1,6,5,1,4,2,1,1,4,3,0,3,0,0,4,3,2,1,13,7
"121",4,1,10,5,6,7,4,1,1,1,10,5,1,7,2,1,1,2,5,3,2,3,0,5,2,4,2,18,9
"122",5,4,10,5,6,7,4,1,3,1,10,5,6,7,4,1,1,3,0,0,2,2,4,3,2,1,4,21,11
"123",6,8,10,5,6,7,4,1,5,4,10,5,6,7,4,1,3,2,4,0,2,0,0,4,2,1,4,25,13
"124",7,8,10,5,9,7,9,1,5,8,10,5,6,7,4,1,5,3,5,4,5,4,0,3,5,4,2,28,18
"125",8,8,10,5,13,11,9,1,5,8,10,5,9,7,9,1,5,4,0,0,4,4,5,4,4,4,1,32,22
"126",9,13,10,5,13,15,9,1,5,8,10,5,13,11,9,1,5,4,5,0,4,0,0,5,4,1,1,37,26
"127",10,17,10,11,13,19,9,1,5,13,10,5,13,15,9,1,5,6,4,2,4,2,0,6,4,3,1,47,30
"128",11,17,10,13,13,21,9,1,5,17,10,11,13,19,9,1,5,2,0,0,2,3,5,2,2,3,1,49,32
"129",12,17,10,13,16,21,9,1,5,17,10,13,13,21,9,1,5,3,5,0,5,0,0,3,0,4,0,52,32
"130",0,0,0,0,0,0,0,0,0,0,0,0,0,0,0,0,0,0,0,0,0,0,0,0,0,0,0,0,0
"131",1,1,1,7,3,1,2,7,1,1,1,1,1,1,1,1,1,6,6,1,6,1,0,6,6,3,3,8,7
"132",2,1,1,7,4,1,2,7,3,1,1,7,3,1,2,7,1,1,0,0,2,2,5,1,2,4,4,9,9
"133",3,6,1,7,4,3,2,7,3,1,1,7,4,1,2,7,3,2,5,0,2,0,0,5,2,1,1,14,11
"134",4,6,7,10,4,3,2,7,7,6,1,7,4,3,2,7,3,4,6,3,4,3,0,6,4,2,4,23,15
"135",5,6,7,13,4,3,2,12,7,6,7,10,4,3,2,7,7,3,0,0,2,2,5,3,5,3,3,26,20
"136",6,6,7,13,6,5,2,12,7,6,7,13,4,3,2,12,7,2,2,0,2,0,0,2,2,4,1,28,22
"137",7,6,7,13,11,7,2,12,7,6,7,13,6,5,2,12,7,2,2,5,2,2,0,5,2,4,1,33,24
"138",8,8,7,13,11,11,2,12,7,6,7,13,11,7,2,12,7,2,0,0,4,3,4,2,4,1,1,35,28
"139",9,12,7,13,11,11,5,12,7,8,7,13,11,11,2,12,7,3,4,0,3,0,0,4,3,1,2,39,31
"140",10,12,11,13,11,15,5,12,7,12,7,13,11,11,5,12,7,3,4,4,3,4,0,4,4,2,1,43,35
"141",11,12,11,13,14,17,5,12,7,12,11,13,11,15,5,12,7,3,0,0,2,5,2,3,2,4,1,46,37
"142",12,12,11,13,16,17,5,12,7,12,11,13,14,17,5,12,7,5,2,0,5,0,0,2,0,4,0,48,37
"143",0,0,0,0,0,0,0,0,0,0,0,0,0,0,0,0,0,0,0,0,0,0,0,0,0,0,0,0,0
"144",1,1,1,1,6,4,1,1,1,1,1,1,1,1,1,1,1,5,1,3,1,3,0,5,3,4,1,5,3
"145",2,1,2,1,6,4,6,1,1,1,1,1,6,4,1,1,1,1,0,0,4,5,6,1,5,2,2,6,8
"146",3,1,8,3,6,4,10,1,1,1,2,1,6,4,6,1,1,4,6,0,4,0,0,6,4,2,2,14,12
"147",4,1,8,7,6,6,10,1,1,1,8,3,6,4,10,1,1,2,2,4,2,2,0,4,2,3,1,18,14
"148",5,3,8,7,6,6,13,1,1,1,8,7,6,6,10,1,1,2,0,0,3,3,2,2,3,1,2,20,17
"149",6,3,8,10,6,6,15,1,1,3,8,7,6,6,13,1,1,3,2,0,2,0,0,3,2,3,2,23,19
"150",7,3,8,14,6,6,18,1,1,3,8,10,6,6,15,1,1,2,3,4,2,3,0,4,3,3,2,27,22
"151",8,5,8,14,6,6,22,1,1,3,8,14,6,6,18,1,1,2,0,0,4,4,5,2,4,1,2,29,26
"152",9,5,13,14,6,6,22,5,1,5,8,14,6,6,22,1,1,4,5,0,4,0,0,5,4,2,3,34,30
"153",10,5,13,14,11,6,22,9,1,5,13,14,6,6,22,5,1,2,5,4,2,4,0,5,4,4,3,39,34
"154",11,5,13,14,13,6,22,10,1,5,13,14,11,6,22,9,1,2,0,0,1,3,4,2,1,4,3,41,35
"155",12,5,13,17,13,6,22,10,1,5,13,14,13,6,22,10,1,3,4,0,4,0,0,3,0,3,0,44,35
"156",0,0,0,0,0,0,0,0,0,0,0,0,0,0,0,0,0,0,0,0,0,0,0,0,0,0,0,0,0
"157",1,6,1,1,7,5,1,1,1,1,1,1,1,1,1,1,1,6,4,4,4,4,0,6,4,4,1,11,4
"158",2,6,1,1,11,11,1,5,1,6,1,1,7,5,1,1,1,4,0,0,6,4,1,4,6,4,1,15,14
"159",3,10,1,1,11,11,1,5,2,6,1,1,11,11,1,5,1,4,1,0,1,0,0,4,1,1,4,19,15
"160",4,10,5,1,11,11,1,5,3,10,1,1,11,11,1,5,2,1,1,4,1,1,0,4,1,2,4,23,16
"161",5,11,5,1,11,11,1,5,6,10,5,1,11,11,1,5,3,1,0,0,3,3,1,1,3,1,4,24,19
"162",6,11,5,4,11,11,1,6,6,11,5,1,11,11,1,5,6,3,1,0,1,0,0,3,1,3,3,27,20
"163",7,16,5,4,11,11,1,6,10,11,5,4,11,11,1,6,6,4,5,1,4,1,0,5,4,1,4,32,24
"164",8,17,5,4,11,15,1,6,10,16,5,4,11,11,1,6,10,1,0,0,6,4,1,1,4,1,1,33,28
"165",9,17,10,10,11,15,1,7,10,17,5,4,11,15,1,6,10,6,1,0,1,0,0,6,1,3,3,44,29
"166",10,17,10,10,14,17,1,7,10,17,10,10,11,15,1,7,10,1,3,2,1,2,0,3,2,4,1,47,31
"167",11,18,10,10,14,22,1,7,10,17,10,10,14,17,1,7,10,1,0,0,5,3,3,1,5,1,1,48,36
"168",12,18,10,13,14,22,1,7,10,18,10,10,14,22,1,7,10,3,3,0,3,0,0,3,0,3,0,51,36
"169",0,0,0,0,0,0,0,0,0,0,0,0,0,0,0,0,0,0,0,0,0,0,0,0,0,0,0,0,0
"170",1,3,1,7,1,1,5,1,1,1,1,1,1,1,1,1,1,6,4,4,4,4,0,6,4,3,2,8,4
"171",2,3,1,11,1,1,8,1,7,3,1,7,1,1,5,1,1,4,0,0,6,2,4,4,6,3,4,12,13
"172",3,3,5,11,1,1,10,1,7,3,1,11,1,1,8,1,7,2,4,0,2,0,0,4,2,2,2,16,15
"173",4,3,10,11,1,1,10,1,14,3,5,11,1,1,10,1,7,5,5,6,5,6,0,5,6,2,4,21,22
"174",5,3,15,11,1,1,15,1,14,3,10,11,1,1,10,1,14,5,0,0,4,5,1,5,5,2,2,26,27
"175",6,3,15,11,5,1,15,2,14,3,15,11,1,1,15,1,14,4,1,0,1,0,0,4,1,4,3,30,28
"176",7,3,15,11,10,1,15,2,16,3,15,11,5,1,15,2,14,5,2,2,2,2,0,5,2,4,4,35,30
"177",8,3,15,13,10,5,15,2,16,3,15,11,10,1,15,2,16,2,0,0,4,1,3,2,4,3,1,37,34
"178",9,6,15,13,10,5,15,3,16,3,15,13,10,5,15,2,16,1,3,0,1,0,0,3,1,1,3,40,35
"179",10,6,20,13,10,6,15,3,16,6,15,13,10,5,15,3,16,1,1,5,1,1,0,5,1,2,1,45,36
"180",11,7,20,13,10,7,15,3,16,6,20,13,10,6,15,3,16,1,0,0,1,5,3,1,1,1,1,46,37
"181",12,12,20,13,10,7,15,3,16,7,20,13,10,7,15,3,16,5,3,0,3,0,0,5,0,1,0,51,37
"182",0,0,0,0,0,0,0,0,0,0,0,0,0,0,0,0,0,0,0,0,0,0,0,0,0,0,0,0,0
"183",1,7,6,1,1,1,1,4,1,1,1,1,1,1,1,1,1,3,5,6,3,5,0,6,3,1,3,11,3
"184",2,12,6,1,1,1,1,4,5,7,6,1,1,1,1,4,1,5,0,0,4,2,4,5,4,1,4,16,7
"185",3,12,6,1,5,1,1,6,5,12,6,1,1,1,1,4,5,2,4,0,2,0,0,4,2,4,3,20,9
"186",4,12,6,4,11,1,1,6,8,12,6,1,5,1,1,6,5,3,3,6,3,3,0,6,3,4,4,29,12
"187",5,12,6,4,14,1,1,8,8,12,6,4,11,1,1,6,8,3,0,0,6,3,2,3,2,4,3,32,14
"188",6,12,9,10,14,4,1,8,8,12,6,4,14,1,1,8,8,6,3,0,3,0,0,6,3,3,1,41,17
"189",7,17,9,10,14,6,1,8,8,12,9,10,14,4,1,8,8,2,6,5,2,6,0,5,2,1,1,46,19
"190",8,17,9,16,16,6,1,14,9,17,9,10,14,6,1,8,8,6,0,0,6,1,4,6,6,3,3,54,26
"191",9,17,13,16,16,7,1,14,9,17,9,16,16,6,1,14,9,1,4,0,1,0,0,4,1,2,1,58,27
"192",10,17,13,16,18,8,7,14,9,17,13,16,16,7,1,14,9,2,6,6,6,6,0,2,6,4,2,60,34
"193",11,19,19,16,18,10,7,14,9,17,13,16,18,8,7,14,9,6,0,0,2,4,3,6,2,2,1,68,36
"194",12,23,19,16,18,10,7,14,9,19,19,16,18,10,7,14,9,4,3,0,3,0,0,4,0,1,0,72,36
"195",0,0,0,0,0,0,0,0,0,0,0,0,0,0,0,0,0,0,0,0,0,0,0,0,0,0,0,0,0
"196",1,1,6,1,1,1,3,1,1,1,1,1,1,1,1,1,1,2,5,1,2,1,0,5,2,2,2,5,2
"197",2,1,6,2,1,2,3,1,1,1,6,1,1,1,3,1,1,1,0,0,1,1,4,1,1,3,1,6,3
"198",3,1,6,2,5,2,3,2,1,1,6,2,1,2,3,1,1,1,4,0,1,0,0,4,1,4,3,10,4
"199",4,1,6,6,5,2,3,2,3,1,6,2,5,2,3,2,1,4,2,3,2,3,0,4,2,3,4,14,6
"200",5,1,6,9,5,2,6,2,3,1,6,6,5,2,3,2,3,3,0,0,2,3,6,3,3,3,2,17,9
"201",6,6,12,9,5,2,8,2,3,1,6,9,5,2,6,2,3,2,6,0,2,0,0,6,2,2,2,28,11
"202",7,10,12,9,5,2,8,4,3,6,12,9,5,2,8,2,3,2,4,1,2,1,0,4,2,1,3,32,13
"203",8,10,12,10,5,2,8,13,3,10,12,9,5,2,8,4,3,1,0,0,2,2,6,1,6,3,3,33,22
"204",9,10,14,10,5,2,8,13,5,10,12,10,5,2,8,13,3,2,2,0,2,0,0,2,2,2,4,35,24
"205",10,14,14,10,5,7,8,13,5,10,14,10,5,2,8,13,5,4,3,5,3,5,0,4,5,1,1,39,29
"206",11,17,14,10,5,7,8,13,6,14,14,10,5,7,8,13,5,3,0,0,1,6,1,3,1,1,4,42,30
"207",12,18,14,10,5,7,8,13,6,17,14,10,5,7,8,13,6,6,1,0,6,0,0,1,0,1,0,43,30
"208",0,0,0,0,0,0,0,0,0,0,0,0,0,0,0,0,0,0,0,0,0,0,0,0,0,0,0,0,0
"209",1,2,1,1,1,1,3,1,1,1,1,1,1,1,1,1,1,1,2,3,2,3,0,1,2,1,2,1,2
"210",2,2,1,1,4,4,3,1,7,2,1,1,1,1,3,1,1,3,0,0,5,6,1,3,6,4,4,4,11
"211",3,2,6,1,4,4,3,2,7,2,1,1,4,4,3,1,7,5,1,0,1,0,0,5,1,2,3,9,12
"212",4,6,6,1,4,4,7,2,7,2,6,1,4,4,3,2,7,4,4,4,4,4,0,4,4,1,2,13,16
"213",5,6,6,1,8,10,7,3,7,6,6,1,4,4,7,2,7,4,0,0,3,5,6,4,6,4,1,17,23
"214",6,11,6,1,8,10,7,3,10,6,6,1,8,10,7,3,7,3,5,0,3,0,0,5,3,1,4,22,26
"215",7,11,11,1,8,10,7,6,10,11,6,1,8,10,7,3,10,1,3,5,1,3,0,5,3,2,3,27,29
"216",8,11,12,1,8,10,7,9,10,11,11,1,8,10,7,6,10,1,0,0,2,3,2,1,3,2,3,28,32
"217",9,11,14,1,8,12,7,9,10,11,12,1,8,10,7,9,10,2,2,0,2,0,0,2,2,2,1,30,34
"218",10,11,17,1,14,12,9,9,10,11,14,1,8,12,7,9,10,6,1,2,1,2,0,6,2,4,2,39,36
"219",11,11,17,2,14,12,9,13,10,11,17,1,14,12,9,9,10,1,0,0,1,6,4,1,4,3,3,40,40
"220",12,11,23,2,25,12,9,13,10,11,17,2,14,12,9,13,10,1,6,0,1,0,0,6,0,2,0,57,40
"221",0,0,0,0,0,0,0,0,0,0,0,0,0,0,0,0,0,0,0,0,0,0,0,0,0,0,0,0,0
"222",1,4,1,1,1,1,1,2,1,1,1,1,1,1,1,1,1,1,3,1,1,1,0,3,1,1,3,3,1
"223",2,4,1,2,1,1,1,6,1,4,1,1,1,1,1,2,1,1,0,0,3,4,4,1,4,3,3,4,5
"224",3,4,5,2,1,1,1,6,4,4,1,2,1,1,1,6,1,3,4,0,3,0,0,4,3,2,4,8,8
"225",4,4,5,7,1,1,7,8,4,4,5,2,1,1,1,6,4,6,5,5,6,5,0,5,6,3,2,13,16
"226",5,4,5,7,6,1,7,8,7,4,5,7,1,1,7,8,4,5,0,0,3,3,2,5,3,4,4,18,19
"227",6,7,5,7,6,3,7,8,7,4,5,7,6,1,7,8,7,3,2,0,2,0,0,3,2,1,1,21,21
"228",7,11,5,13,6,3,7,8,11,7,5,7,6,3,7,8,7,5,4,6,5,4,0,6,4,3,4,31,25
"229",8,11,5,13,11,3,11,8,11,11,5,13,6,3,7,8,11,5,0,0,4,3,4,5,4,4,2,36,29
"230",9,11,5,13,15,6,11,8,11,11,5,13,11,3,11,8,11,3,4,0,3,0,0,4,3,4,1,40,32
"231",10,15,11,13,15,6,11,8,12,11,5,13,15,6,11,8,11,1,2,6,1,2,0,6,1,2,4,50,33
"232",11,17,11,13,15,14,11,8,12,15,11,13,15,6,11,8,12,2,0,0,6,5,5,2,6,1,1,52,41
"233",12,17,11,13,20,14,11,8,12,17,11,13,15,14,11,8,12,5,5,0,5,0,0,5,0,4,0,57,41
"234",0,0,0,0,0,0,0,0,0,0,0,0,0,0,0,0,0,0,0,0,0,0,0,0,0,0,0,0,0
"235",1,1,1,7,5,3,1,1,1,1,1,1,1,1,1,1,1,2,6,3,2,3,0,6,2,3,1,10,2
"236",2,1,4,7,5,3,1,5,1,1,1,7,5,3,1,1,1,3,0,0,4,4,3,3,4,2,3,13,6
"237",3,1,4,7,9,3,4,5,1,1,4,7,5,3,1,5,1,4,3,0,3,0,0,4,3,4,2,17,9
"238",4,11,4,7,9,7,4,5,1,1,4,7,9,3,4,5,1,6,1,4,1,4,0,6,4,1,1,27,13
"239",5,11,4,7,10,7,5,5,1,11,4,7,9,7,4,5,1,1,0,0,5,1,1,1,1,4,2,28,14
"240",6,11,4,12,10,7,5,6,1,11,4,7,10,7,5,5,1,5,1,0,1,0,0,5,1,3,3,33,15
"241",7,17,4,12,14,7,6,6,1,11,4,12,10,7,5,6,1,2,6,1,2,1,0,6,1,1,2,43,16
"242",8,17,4,12,16,12,6,6,1,17,4,12,14,7,6,6,1,2,0,0,5,5,4,2,5,4,1,45,21
"243",9,17,9,12,16,16,6,6,1,17,4,12,16,12,6,6,1,5,4,0,4,0,0,5,4,2,1,50,25
"244",10,17,12,12,16,22,6,7,1,17,9,12,16,16,6,6,1,3,6,2,6,2,0,3,6,2,1,53,32
"245",11,17,14,12,16,24,6,7,1,17,12,12,16,22,6,7,1,2,0,0,2,3,2,2,2,2,1,55,34
"246",12,17,14,14,16,24,6,7,1,17,14,12,16,24,6,7,1,3,2,0,3,0,0,2,0,3,0,57,34
"247",0,0,0,0,0,0,0,0,0,0,0,0,0,0,0,0,0,0,0,0,0,0,0,0,0,0,0,0,0
"248",1,4,1,1,1,1,2,1,1,1,1,1,1,1,1,1,1,3,1,2,1,2,0,3,1,1,2,3,1
"249",2,4,3,1,1,1,2,3,1,4,1,1,1,1,2,1,1,2,0,0,2,2,3,2,2,2,3,5,3
"250",3,4,5,1,1,4,2,3,1,4,3,1,1,1,2,3,1,2,3,0,3,0,0,2,3,2,1,7,6
"251",4,4,5,6,1,4,8,5,1,4,5,1,1,4,2,3,1,6,3,5,6,3,0,5,6,3,2,12,14
"252",5,4,5,6,4,10,8,11,1,4,5,6,1,4,8,5,1,3,0,0,5,3,6,3,6,4,3,15,26
"253",6,4,5,11,4,10,11,11,1,4,5,6,4,10,8,11,1,5,3,0,3,0,0,5,3,3,2,20,29
"254",7,4,5,14,4,10,11,15,1,4,5,11,4,10,11,11,1,4,3,1,4,1,0,3,4,3,3,23,33
"255",8,4,5,15,4,10,12,15,1,4,5,14,4,10,11,15,1,1,0,0,4,1,6,1,1,3,2,24,34
"256",9,14,5,15,10,10,16,15,1,4,5,15,4,10,12,15,1,4,6,0,4,0,0,6,4,4,2,40,38
"257",10,14,9,15,16,15,16,15,1,14,5,15,10,10,16,15,1,5,6,5,5,5,0,6,5,4,1,50,43
"258",11,19,9,15,16,15,19,15,1,14,9,15,16,15,16,15,1,5,0,0,5,5,3,5,3,1,2,55,46
"259",12,19,9,15,21,15,19,15,1,19,9,15,16,15,19,15,1,5,5,0,5,0,0,5,0,4,0,60,46
"260",0,0,0,0,0,0,0,0,0,0,0,0,0,0,0,0,0,0,0,0,0,0,0,0,0,0,0,0,0
"261",1,5,1,1,1,4,1,1,1,1,1,1,1,1,1,1,1,4,3,3,3,3,0,4,3,1,1,4,3
"262",2,5,1,1,4,4,1,4,1,5,1,1,1,4,1,1,1,3,0,0,3,3,5,3,3,4,3,7,6
"263",3,5,6,1,4,7,1,4,1,5,1,1,4,4,1,4,1,3,5,0,3,0,0,5,3,2,1,12,9
"264",4,12,6,1,4,12,1,4,1,5,6,1,4,7,1,4,1,6,2,5,2,5,0,6,5,1,1,19,14
"265",5,12,8,1,4,12,1,4,5,12,6,1,4,12,1,4,1,2,0,0,1,4,3,2,4,2,4,21,18
"266",6,12,8,4,4,12,1,4,6,12,8,1,4,12,1,4,5,1,3,0,1,0,0,3,1,3,4,24,19
"267",7,12,10,4,10,12,6,4,6,12,8,4,4,12,1,4,6,5,6,5,5,5,0,6,5,4,2,32,24
"268",8,12,10,4,15,12,6,4,11,12,10,4,10,12,6,4,6,5,0,0,5,1,1,5,5,4,4,37,29
"269",9,12,10,5,15,12,7,4,11,12,10,4,15,12,6,4,11,1,1,0,1,0,0,1,1,3,2,38,30
"270",10,12,10,9,15,12,7,4,14,12,10,5,15,12,7,4,11,4,3,1,3,1,0,4,3,3,4,42,33
"271",11,12,10,9,16,15,7,4,14,12,10,9,15,12,7,4,14,1,0,0,3,1,4,1,3,4,1,43,36
"272",12,13,10,9,16,15,7,4,14,12,10,9,16,15,7,4,14,1,4,0,4,0,0,1,0,1,0,44,36
"273",0,0,0,0,0,0,0,0,0,0,0,0,0,0,0,0,0,0,0,0,0,0,0,0,0,0,0,0,0
"274",1,1,4,7,7,1,1,1,6,1,1,1,1,1,1,1,1,6,2,5,2,5,0,6,5,4,4,15,5
"275",2,1,4,7,9,1,1,1,7,1,4,7,7,1,1,1,6,2,0,0,3,1,5,2,1,4,4,17,6
"276",3,1,4,7,12,1,6,1,7,1,4,7,9,1,1,1,7,3,5,0,5,0,0,3,5,4,2,20,11
"277",4,1,4,11,12,2,6,1,7,1,4,7,12,1,6,1,7,3,4,1,3,1,0,4,1,3,1,24,12
"278",5,1,7,11,12,2,15,1,7,1,4,11,12,2,6,1,7,3,0,0,4,4,6,3,6,2,2,27,21
"279",6,1,11,11,12,2,19,1,7,1,7,11,12,2,15,1,7,4,4,0,4,0,0,4,4,2,2,31,25
"280",7,5,11,11,12,2,20,1,7,1,11,11,12,2,19,1,7,4,1,1,1,1,0,4,1,1,2,35,26
"281",8,6,11,11,12,7,20,1,7,5,11,11,12,2,20,1,7,1,0,0,3,5,3,1,5,1,1,36,31
"282",9,6,14,11,12,7,23,1,7,6,11,11,12,7,20,1,7,3,3,0,3,0,0,3,3,2,2,39,34
"283",10,12,14,14,12,7,23,5,7,6,14,11,12,7,23,1,7,6,4,2,4,2,0,6,4,1,3,48,38
"284",11,12,14,14,14,9,23,5,7,12,14,14,12,7,23,5,7,2,0,0,2,6,1,2,2,4,1,50,40
"285",12,12,14,14,15,9,23,5,7,12,14,14,14,9,23,5,7,6,1,0,6,0,0,1,0,4,0,51,40
"286",0,0,0,0,0,0,0,0,0,0,0,0,0,0,0,0,0,0,0,0,0,0,0,0,0,0,0,0,0
"287",1,7,1,1,2,5,1,1,1,1,1,1,1,1,1,1,1,4,6,5,4,5,0,6,4,1,1,7,4
"288",2,7,1,6,2,5,2,7,1,7,1,1,2,5,1,1,1,5,0,0,6,2,6,5,6,3,3,12,11
"289",3,11,1,6,8,5,4,7,1,7,1,6,2,5,2,7,1,2,6,0,2,0,0,6,2,4,2,22,13
"290",4,11,1,9,8,5,4,7,5,11,1,6,8,5,4,7,1,2,4,3,2,4,0,3,4,3,4,25,17
"291",5,13,1,9,8,5,8,7,5,11,1,9,8,5,4,7,5,2,0,0,4,6,4,2,4,1,2,27,21
"292",6,13,7,10,8,9,8,7,5,13,1,9,8,5,8,7,5,6,4,0,4,0,0,6,4,2,1,34,25
"293",7,13,7,14,8,9,11,7,5,13,7,10,8,9,8,7,5,2,3,4,2,3,0,4,3,3,2,38,28
"294",8,13,7,14,10,9,11,15,11,13,7,14,8,9,11,7,5,2,0,0,1,2,6,2,6,4,4,40,42
"295",9,13,7,16,10,9,11,15,12,13,7,14,10,9,11,15,11,1,2,0,1,0,0,2,1,3,4,42,43
"296",10,13,7,22,14,9,11,17,12,13,7,16,10,9,11,15,12,2,1,6,2,1,0,6,2,3,3,52,45
"297",11,14,7,22,14,9,11,17,17,13,7,22,14,9,11,17,12,1,0,0,5,4,6,1,5,1,4,53,50
"298",12,14,11,22,14,9,11,17,17,14,7,22,14,9,11,17,17,4,6,0,6,0,0,4,0,2,0,57,50
"299",0,0,0,0,0,0,0,0,0,0,0,0,0,0,0,0,0,0,0,0,0,0,0,0,0,0,0,0,0
"300",1,1,1,1,6,3,1,1,1,1,1,1,1,1,1,1,1,2,5,1,2,1,0,5,2,4,1,5,2
"301",2,1,2,1,6,3,1,1,4,1,1,1,6,3,1,1,1,1,0,0,4,3,4,1,3,2,4,6,5
"302",3,1,6,1,6,3,1,1,8,1,2,1,6,3,1,1,4,4,4,0,4,0,0,4,4,2,4,10,9
"303",4,7,6,3,6,3,1,1,9,1,6,1,6,3,1,1,8,1,6,6,1,6,0,6,1,1,4,18,10
"304",5,7,12,7,6,7,1,1,9,7,6,3,6,3,1,1,9,6,0,0,1,4,1,6,4,2,1,28,14
"305",6,7,12,8,6,7,2,1,9,7,12,7,6,7,1,1,9,1,1,0,1,0,0,1,1,3,2,29,15
"306",7,7,12,8,11,7,2,1,10,7,12,8,6,7,2,1,9,1,5,1,1,1,0,5,1,4,4,34,16
"307",8,7,13,8,11,7,2,5,10,7,12,8,11,7,2,1,10,1,0,0,1,4,3,1,4,2,3,35,20
"308",9,10,13,8,11,8,2,5,10,7,13,8,11,7,2,5,10,1,3,0,1,0,0,3,1,1,1,38,21
"309",10,16,13,11,11,11,2,5,10,10,13,8,11,8,2,5,10,3,4,6,3,4,0,6,3,1,1,47,24
"310",11,16,17,11,11,14,2,5,10,16,13,11,11,11,2,5,10,4,0,0,3,2,6,4,3,2,1,51,27
"311",12,16,19,11,11,14,2,5,10,16,17,11,11,14,2,5,10,2,6,0,6,0,0,2,0,2,0,53,27
"312",0,0,0,0,0,0,0,0,0,0,0,0,0,0,0,0,0,0,0,0,0,0,0,0,0,0,0,0,0
"313",1,1,1,10,1,6,1,1,1,1,1,1,1,1,1,1,1,6,5,2,5,2,0,6,5,3,1,9,5
"314",2,3,1,10,1,6,3,7,1,1,1,10,1,6,1,1,1,2,0,0,6,1,1,2,6,1,3,11,13
"315",3,4,1,10,1,6,3,7,2,3,1,10,1,6,3,7,1,1,1,0,1,0,0,1,1,1,4,12,14
"316",4,4,1,15,1,6,3,7,3,4,1,10,1,6,3,7,2,5,1,5,1,5,0,5,1,3,4,17,15
"317",5,4,6,15,1,6,3,7,8,4,1,15,1,6,3,7,3,5,0,0,6,5,1,5,5,2,4,22,20
"318",6,4,15,15,1,6,4,7,8,4,6,15,1,6,3,7,8,6,1,0,1,0,0,6,1,2,2,31,21
"319",7,4,15,15,5,10,4,7,8,4,15,15,1,6,4,7,8,4,4,1,4,1,0,4,4,4,1,35,25
"320",8,5,15,15,5,10,4,12,8,4,15,15,5,10,4,7,8,1,0,0,5,1,3,1,5,1,3,36,30
"321",9,8,15,15,5,10,4,13,8,5,15,15,5,10,4,12,8,1,3,0,1,0,0,3,1,1,3,39,31
"322",10,17,15,15,5,10,4,15,8,8,15,15,5,10,4,13,8,6,4,2,4,2,0,6,2,1,3,48,33
"323",11,21,15,15,5,15,4,15,8,17,15,15,5,10,4,15,8,4,0,0,6,5,1,4,5,1,1,52,38
"324",12,21,21,20,5,15,4,15,8,21,15,15,5,15,4,15,8,6,1,0,1,0,0,6,0,2,0,63,38
"325",0,0,0,0,0,0,0,0,0,0,0,0,0,0,0,0,0,0,0,0,0,0,0,0,0,0,0,0,0
"326",1,8,1,1,1,1,7,1,5,1,1,1,1,1,1,1,1,6,6,1,6,1,0,6,6,1,2,7,10
"327",2,9,1,1,1,1,9,1,5,8,1,1,1,1,7,1,5,1,0,0,5,3,2,1,2,1,2,8,12
"328",3,9,1,1,6,1,12,1,5,9,1,1,1,1,9,1,5,5,3,0,3,0,0,5,3,4,2,13,15
"329",4,9,1,6,6,1,12,4,5,9,1,1,6,1,12,1,5,5,2,3,2,3,0,5,3,3,3,18,18
"330",5,9,3,6,6,4,12,4,5,9,1,6,6,1,12,4,5,2,0,0,1,3,6,2,3,2,1,20,21
"331",6,9,3,6,14,4,12,5,5,9,3,6,6,4,12,4,5,1,6,0,1,0,0,6,1,4,3,28,22
"332",7,9,9,10,14,8,12,5,5,9,3,6,14,4,12,5,5,6,4,1,4,1,0,6,4,2,1,38,26
"333",8,10,9,10,14,8,17,5,5,9,9,10,14,8,12,5,5,1,0,0,5,1,5,1,5,1,2,39,31
"334",9,10,9,15,14,8,18,5,5,10,9,10,14,8,17,5,5,1,5,0,1,0,0,5,1,3,2,44,32
"335",10,14,21,15,14,8,20,5,5,10,9,15,14,8,18,5,5,6,2,2,2,2,0,6,2,2,2,60,34
"336",11,16,21,15,14,13,20,5,5,14,21,15,14,8,20,5,5,2,0,0,5,5,4,2,5,1,1,62,39
"337",12,16,21,15,18,13,20,5,5,16,21,15,14,13,20,5,5,5,4,0,5,0,0,4,0,4,0,66,39
"338",0,0,0,0,0,0,0,0,0,0,0,0,0,0,0,0,0,0,0,0,0,0,0,0,0,0,0,0,0
"339",1,7,1,3,1,7,10,1,1,1,1,1,1,1,1,1,1,2,6,6,2,6,0,6,6,1,2,8,15
"340",2,9,1,3,1,9,10,1,1,7,1,3,1,7,10,1,1,2,0,0,4,2,1,2,2,1,1,10,17
"341",3,9,5,3,1,9,10,2,1,9,1,3,1,9,10,1,1,4,1,0,1,0,0,4,1,2,3,14,18
"342",4,9,5,3,6,10,10,2,1,9,5,3,1,9,10,2,1,1,1,5,1,1,0,5,1,4,1,19,19
"343",5,9,6,3,6,14,10,2,1,9,5,3,6,10,10,2,1,1,0,0,4,3,4,1,4,2,1,20,23
"344",6,9,9,3,6,14,10,6,1,9,6,3,6,14,10,2,1,3,4,0,4,0,0,3,4,2,3,23,27
"345",7,9,9,7,6,14,16,7,1,9,9,3,6,14,10,6,1,6,1,4,6,1,0,4,6,3,2,27,34
"346",8,9,9,8,6,14,16,7,3,9,9,7,6,14,16,7,1,1,0,0,1,2,1,1,2,3,4,28,36
"347",9,9,9,9,6,14,16,7,4,9,9,8,6,14,16,7,3,1,1,0,1,0,0,1,1,3,4,29,37
"348",10,9,14,9,6,16,16,7,4,9,9,9,6,14,16,7,4,2,5,3,2,3,0,5,2,2,1,34,39
"349",11,9,17,9,6,16,16,7,9,9,14,9,6,16,16,7,4,3,0,0,5,2,5,3,5,2,4,37,44
"350",12,11,17,9,6,16,16,7,9,9,17,9,6,16,16,7,9,2,5,0,5,0,0,2,0,1,0,39,44
"351",0,0,0,0,0,0,0,0,0,0,0,0,0,0,0,0,0,0,0,0,0,0,0,0,0,0,0,0,0
"352",1,1,1,1,2,1,6,1,1,1,1,1,1,1,1,1,1,1,5,1,5,1,0,1,5,4,2,1,5
"353",2,1,1,1,3,1,6,3,1,1,1,1,2,1,6,1,1,1,0,0,2,6,1,1,2,4,3,2,7
"354",3,1,1,12,3,1,6,4,1,1,1,1,3,1,6,3,1,6,1,0,1,0,0,6,1,3,3,13,8
"355",4,1,1,12,8,1,6,7,1,1,1,12,3,1,6,4,1,2,3,5,2,3,0,5,3,4,3,18,11
"356",5,1,3,12,8,1,6,12,1,1,1,12,8,1,6,7,1,2,0,0,1,5,2,2,5,2,3,20,16
"357",6,1,3,14,8,1,7,12,1,1,3,12,8,1,6,12,1,1,2,0,1,0,0,2,1,3,2,22,17
"358",7,1,6,14,14,6,7,12,1,1,3,14,8,1,7,12,1,5,6,2,5,2,0,6,5,4,1,31,22
"359",8,1,6,14,16,13,7,12,1,1,6,14,14,6,7,12,1,2,0,0,3,6,2,2,6,4,1,33,29
"360",9,1,9,14,16,15,7,12,1,1,6,14,16,13,7,12,1,3,2,0,2,0,0,3,2,2,1,36,31
"361",10,1,14,14,16,15,7,12,5,1,9,14,16,15,7,12,1,2,4,5,2,4,0,5,4,2,4,41,35
"362",11,1,14,14,18,15,7,12,9,1,14,14,16,15,7,12,5,2,0,0,4,4,6,2,4,4,4,43,39
"363",12,6,20,14,18,15,7,12,9,1,14,14,18,15,7,12,9,4,6,0,4,0,0,6,0,2,0,54,39
"364",0,0,0,0,0,0,0,0,0,0,0,0,0,0,0,0,0,0,0,0,0,0,0,0,0,0,0,0,0
"365",1,1,1,5,1,3,1,1,1,1,1,1,1,1,1,1,1,1,2,4,1,2,0,4,2,3,1,4,2
"366",2,1,1,6,1,3,1,5,1,1,1,5,1,3,1,1,1,1,0,0,2,5,4,1,4,3,3,5,6
"367",3,1,6,6,1,3,1,5,3,1,1,6,1,3,1,5,1,2,5,0,2,0,0,5,2,2,4,10,8
"368",4,1,10,6,1,3,1,5,8,1,6,6,1,3,1,5,3,4,4,5,4,5,0,4,5,2,4,14,13
"369",5,1,14,6,1,3,1,14,8,1,10,6,1,3,1,5,8,4,0,0,6,5,3,4,6,2,3,18,22
"370",6,1,14,11,1,3,1,17,8,1,14,6,1,3,1,14,8,5,3,0,3,0,0,5,3,3,3,23,25
"371",7,1,14,15,1,3,5,17,8,1,14,11,1,3,1,17,8,4,1,4,1,4,0,4,4,3,2,27,29
"372",8,1,14,16,1,8,5,17,8,1,14,15,1,3,5,17,8,1,0,0,5,5,2,1,5,3,1,28,34
"373",9,1,14,21,1,8,5,19,8,1,14,16,1,8,5,17,8,5,2,0,2,0,0,5,2,3,3,33,36
"374",10,1,18,21,1,12,5,19,8,1,14,21,1,8,5,19,8,2,4,4,2,4,0,4,4,2,1,37,40
"375",11,1,18,21,3,12,5,19,13,1,18,21,1,12,5,19,8,2,0,0,5,5,4,2,5,4,4,39,45
"376",12,1,18,25,3,12,5,19,13,1,18,21,3,12,5,19,13,5,4,0,5,0,0,4,0,3,0,43,45
"377",0,0,0,0,0,0,0,0,0,0,0,0,0,0,0,0,0,0,0,0,0,0,0,0,0,0,0,0,0
"378",1,1,3,1,1,1,1,1,5,1,1,1,1,1,1,1,1,4,2,4,4,4,0,2,4,2,4,2,4
"379",2,1,3,5,1,1,1,5,5,1,3,1,1,1,1,1,5,4,0,0,2,4,3,4,4,3,3,6,8
"380",3,1,3,8,1,1,1,5,7,1,3,5,1,1,1,5,5,2,3,0,2,0,0,3,2,3,4,9,10
"381",4,5,3,8,1,1,1,5,9,1,3,8,1,1,1,5,7,2,4,2,2,2,0,4,2,1,4,13,12
"382",5,5,3,10,1,1,1,7,9,5,3,8,1,1,1,5,9,2,0,0,1,2,4,2,2,3,3,15,14
"383",6,5,3,10,5,2,1,7,9,5,3,10,1,1,1,7,9,1,4,0,1,0,0,4,1,4,1,19,15
"384",7,5,6,10,11,2,1,7,12,5,3,10,5,2,1,7,9,1,3,6,1,3,0,6,3,4,4,28,18
"385",8,5,6,11,11,2,1,8,12,5,6,10,11,2,1,7,12,1,0,0,1,3,4,1,1,3,3,29,19
"386",9,5,10,11,11,2,1,8,15,5,6,11,11,2,1,8,12,3,4,0,3,0,0,4,3,2,4,33,22
"387",10,5,10,11,12,2,1,12,21,5,10,11,11,2,1,8,15,6,1,6,6,6,0,1,6,4,4,34,32
"388",11,14,10,11,12,2,1,12,23,5,10,11,12,2,1,12,21,6,0,0,2,2,6,6,2,1,4,43,34
"389",12,14,10,15,18,2,1,12,23,14,10,11,12,2,1,12,23,2,6,0,2,0,0,6,0,4,0,53,34
"390",0,0,0,0,0,0,0,0,0,0,0,0,0,0,0,0,0,0,0,0,0,0,0,0,0,0,0,0,0
"391",1,7,1,1,4,1,1,1,6,1,1,1,1,1,1,1,1,1,6,5,1,5,0,6,5,1,4,9,5
"392",2,7,1,2,4,1,5,1,6,7,1,1,4,1,1,1,6,1,0,0,3,1,4,1,4,3,2,10,9
"393",3,7,1,5,4,1,5,2,6,7,1,2,4,1,5,1,6,3,1,0,1,0,0,3,1,3,3,13,10
"394",4,7,1,10,4,1,9,2,6,7,1,5,4,1,5,2,6,4,5,5,4,5,0,5,4,3,2,18,14
"395",5,7,1,10,9,7,12,2,6,7,1,10,4,1,9,2,6,5,0,0,3,6,6,5,6,4,1,23,23
"396",6,13,1,10,10,10,12,2,6,7,1,10,9,7,12,2,6,3,6,0,3,0,0,6,3,1,1,30,26
"397",7,13,1,14,10,10,12,2,8,13,1,10,10,10,12,2,6,4,1,2,1,2,0,4,2,3,4,34,28
"398",8,13,1,15,10,10,14,2,8,13,1,14,10,10,12,2,8,1,0,0,2,2,2,1,2,3,2,35,30
"399",9,13,3,15,10,10,14,4,8,13,1,15,10,10,14,2,8,2,2,0,2,0,0,2,2,2,3,37,32
"400",10,17,3,15,10,10,14,7,8,13,3,15,10,10,14,4,8,4,3,1,3,1,0,4,3,1,3,41,35
"401",11,17,3,16,10,13,14,7,8,17,3,15,10,10,14,7,8,1,0,0,3,1,3,1,3,3,1,42,38
"402",12,17,3,16,11,13,14,7,8,17,3,16,10,13,14,7,8,1,3,0,3,0,0,1,0,4,0,43,38
"403",0,0,0,0,0,0,0,0,0,0,0,0,0,0,0,0,0,0,0,0,0,0,0,0,0,0,0,0,0
"404",1,1,1,1,5,1,4,1,1,1,1,1,1,1,1,1,1,3,4,1,3,1,0,4,3,4,2,4,3
"405",2,1,1,1,6,1,13,1,1,1,1,1,5,1,4,1,1,1,0,0,6,2,3,1,6,4,2,5,12
"406",3,1,1,4,6,1,13,3,1,1,1,1,6,1,13,1,1,2,3,0,2,0,0,3,2,3,3,8,14
"407",4,1,6,4,6,4,13,3,1,1,1,4,6,1,13,3,1,5,1,3,1,3,0,5,3,2,1,13,17
"408",5,2,6,4,6,10,13,3,5,1,6,4,6,4,13,3,1,1,0,0,6,3,5,1,6,1,1,14,27
"409",6,5,6,4,6,10,13,3,10,2,6,4,6,10,13,3,5,3,5,0,5,0,0,3,5,1,4,17,32
"410",7,10,6,4,6,16,13,8,10,5,6,4,6,10,13,3,10,1,6,5,1,6,0,5,6,1,1,22,43
"411",8,10,7,4,6,21,13,8,10,10,6,4,6,16,13,8,10,1,0,0,5,6,3,1,5,2,1,23,48
"412",9,10,7,7,1,24,22,8,10,10,7,4,6,21,13,8,10,6,3,0,6,0,0,3,6,3,2,21,60
"413",10,10,7,11,6,5,1,8,10,10,7,7,1,24,22,8,10,3,4,1,4,1,0,3,4,4,1,30,20
"414",11,11,7,11,6,8,1,8,10,10,7,11,6,5,1,8,10,1,0,0,3,1,6,1,3,1,1,31,23
"415",12,11,17,11,6,8,1,8,10,11,7,11,6,8,1,8,10,1,6,0,1,0,0,6,0,2,0,41,23
"416",0,0,0,0,0,0,0,0,0,0,0,0,0,0,0,0,0,0,0,0,0,0,0,0,0,0,0,0,0
"417",1,1,6,1,1,5,1,1,1,1,1,1,1,1,1,1,1,5,4,1,4,1,0,5,4,2,1,5,4
"418",2,1,7,1,1,5,1,6,1,1,6,1,1,5,1,1,1,1,0,0,5,2,4,1,5,2,3,6,9
"419",3,1,7,1,5,7,1,6,1,1,7,1,1,5,1,6,1,2,4,0,2,0,0,4,2,4,1,10,11
"420",4,1,12,1,5,13,1,10,1,1,7,1,5,7,1,6,1,5,2,6,2,6,0,5,6,2,1,15,21
"421",5,1,12,1,7,16,1,10,1,1,12,1,5,13,1,10,1,2,0,0,3,3,4,2,3,4,1,17,24
"422",6,1,12,1,11,16,4,10,1,1,12,1,7,16,1,10,1,3,4,0,3,0,0,4,3,4,2,21,27
"423",7,1,12,3,11,16,9,10,7,1,12,1,11,16,4,10,1,6,1,2,6,1,0,2,6,3,4,23,38
"424",8,2,12,3,11,16,14,10,7,1,12,3,11,16,9,10,7,1,0,0,5,1,6,1,5,1,2,24,43
"425",9,2,22,3,11,16,14,11,7,2,12,3,11,16,14,10,7,1,6,0,1,0,0,6,1,2,3,34,44
"426",10,2,24,3,11,16,19,11,7,2,22,3,11,16,14,11,7,2,5,1,5,1,0,2,5,2,2,36,49
"427",11,2,24,3,12,16,24,11,7,2,24,3,11,16,19,11,7,1,0,0,5,6,2,1,5,4,2,37,54
"428",12,5,30,3,12,16,24,11,7,2,24,3,12,16,24,11,7,6,2,0,2,0,0,6,0,2,0,46,54
"429",0,0,0,0,0,0,0,0,0,0,0,0,0,0,0,0,0,0,0,0,0,0,0,0,0,0,0,0,0
"430",1,1,1,1,6,6,1,1,1,1,1,1,1,1,1,1,1,2,5,5,2,5,0,5,5,4,1,5,5
"431",2,1,1,1,8,10,1,1,1,1,1,1,6,6,1,1,1,2,0,0,4,1,2,2,4,4,1,7,9
"432",3,1,1,1,10,10,1,1,2,1,1,1,8,10,1,1,1,1,2,0,1,0,0,2,1,4,4,9,10
"433",4,1,1,5,10,10,1,1,5,1,1,1,10,10,1,1,2,3,4,3,3,3,0,4,3,3,4,13,13
"434",5,1,1,5,13,10,1,1,8,1,1,5,10,10,1,1,5,3,0,0,1,6,3,3,3,4,4,16,16
"435",6,7,1,7,13,10,1,2,8,1,1,5,13,10,1,1,8,1,6,0,1,0,0,6,1,1,3,24,17
"436",7,13,1,11,13,11,1,2,8,7,1,7,13,10,1,2,8,1,1,6,1,1,0,6,1,1,1,34,18
"437",8,14,1,11,13,16,1,2,8,13,1,11,13,11,1,2,8,1,0,0,5,6,1,1,5,1,1,35,23
"438",9,14,7,11,15,16,2,2,8,14,1,11,13,16,1,2,8,6,1,0,1,0,0,6,1,2,2,43,24
"439",10,14,7,14,15,16,6,2,8,14,7,11,15,16,2,2,8,3,4,5,4,5,0,3,4,3,2,46,28
"440",11,19,7,14,15,16,8,2,8,14,7,14,15,16,6,2,8,5,0,0,2,2,1,5,2,1,2,51,30
"441",12,19,7,14,17,16,8,2,8,19,7,14,15,16,8,2,8,2,1,0,1,0,0,2,0,4,0,53,30
"442",0,0,0,0,0,0,0,0,0,0,0,0,0,0,0,0,0,0,0,0,0,0,0,0,0,0,0,0,0
"443",1,1,6,1,1,6,7,1,1,1,1,1,1,1,1,1,1,3,5,6,3,6,0,5,6,2,2,5,11
"444",2,1,9,1,1,6,9,1,1,1,6,1,1,6,7,1,1,3,0,0,2,6,2,3,2,2,2,8,13
"445",3,7,10,7,1,8,9,1,1,1,9,1,1,6,9,1,1,6,2,0,2,0,0,6,2,1,1,21,15
"446",4,13,10,11,7,8,11,1,1,7,10,7,1,8,9,1,1,2,4,6,2,4,0,6,2,1,2,37,17
"447",5,13,14,11,7,8,14,1,1,13,10,11,7,8,11,1,1,4,0,0,4,3,2,4,3,2,2,41,20
"448",6,13,14,11,11,10,14,1,1,13,14,11,7,8,14,1,1,4,2,0,2,0,0,4,2,4,1,45,22
"449",7,16,14,17,11,11,14,1,1,13,14,11,11,10,14,1,1,5,6,1,5,1,0,6,1,3,1,54,23
"450",8,16,19,17,11,17,14,1,7,16,14,17,11,11,14,1,1,5,0,0,6,2,2,5,6,2,4,59,35
"451",9,18,19,17,11,19,14,1,7,16,19,17,11,17,14,1,7,2,2,0,2,0,0,2,2,1,1,61,37
"452",10,18,24,17,17,25,14,5,7,18,19,17,11,19,14,1,7,2,6,6,2,6,0,6,6,4,1,72,47
"453",11,18,24,19,17,27,14,5,7,18,24,17,17,25,14,5,7,2,0,0,2,5,2,2,2,3,1,74,49
"454",12,18,24,19,19,27,14,5,7,18,24,19,17,27,14,5,7,5,2,0,5,0,0,2,0,4,0,76,49
"455",0,0,0,0,0,0,0,0,0,0,0,0,0,0,0,0,0,0,0,0,0,0,0,0,0,0,0,0,0
"456",1,5,1,1,1,1,2,1,1,1,1,1,1,1,1,1,1,2,1,4,2,1,0,4,1,1,2,4,1
"457",2,5,1,3,1,2,2,1,1,5,1,1,1,1,2,1,1,2,0,0,2,1,6,2,1,3,1,6,2
"458",3,5,6,3,7,4,2,1,1,5,1,3,1,2,2,1,1,2,6,0,2,0,0,6,2,4,1,17,4
"459",4,5,6,7,7,8,2,1,1,5,6,3,7,4,2,1,1,3,4,4,3,4,0,4,4,3,1,21,8
"460",5,5,6,7,10,8,2,1,4,5,6,7,7,8,2,1,1,3,0,0,6,5,3,3,3,4,4,24,11
"461",6,11,6,10,10,13,2,1,4,5,6,7,10,8,2,1,4,6,5,0,5,0,0,6,5,1,1,33,16
"462",7,11,9,10,10,13,6,1,4,11,6,10,10,13,2,1,4,3,3,4,3,4,0,3,4,2,2,36,20
"463",8,11,9,10,13,16,6,1,4,11,9,10,10,13,6,1,4,3,0,0,6,3,3,3,3,4,1,39,23
"464",9,11,10,16,13,19,6,1,4,11,9,10,13,16,6,1,4,6,3,0,3,0,0,6,3,3,1,46,26
"465",10,11,13,16,13,19,9,1,4,11,10,16,13,19,6,1,4,3,3,2,3,2,0,3,3,2,2,49,29
"466",11,13,13,16,13,19,12,1,4,11,13,16,13,19,9,1,4,2,0,0,6,4,3,2,3,1,2,51,32
"467",12,16,13,28,13,19,12,1,1,13,13,16,13,19,12,1,4,6,4,0,4,0,0,6,0,3,0,66,29
"468",0,0,0,0,0,0,0,0,0,0,0,0,0,0,0,0,0,0,0,0,0,0,0,0,0,0,0,0,0
"469",1,7,1,6,1,1,3,1,1,1,1,1,1,1,1,1,1,1,6,2,1,2,0,6,2,1,2,11,2
"470",2,7,1,7,1,1,3,1,3,7,1,6,1,1,3,1,1,1,0,0,1,2,1,1,2,3,4,12,4
"471",3,8,1,7,1,1,4,1,3,7,1,7,1,1,3,1,3,1,1,0,1,0,0,1,1,1,2,13,5
"472",4,8,1,7,4,1,4,1,5,8,1,7,1,1,4,1,3,3,2,2,2,2,0,3,2,4,4,16,7
"473",5,10,1,7,4,1,4,1,10,8,1,7,4,1,4,1,5,2,0,0,4,1,5,2,5,1,4,18,12
"474",6,10,1,7,8,1,4,2,10,10,1,7,4,1,4,1,10,4,1,0,1,0,0,4,1,4,3,22,13
"475",7,15,1,7,8,1,4,2,13,10,1,7,8,1,4,2,10,3,1,5,3,1,0,5,3,1,4,27,16
"476",8,15,1,8,8,1,9,2,13,15,1,7,8,1,4,2,13,1,0,0,5,1,5,1,5,3,2,28,21
"477",9,15,1,8,13,2,9,2,13,15,1,8,8,1,9,2,13,1,5,0,1,0,0,5,1,4,1,33,22
"478",10,16,7,8,13,2,15,2,19,15,1,8,13,2,9,2,13,6,6,3,6,3,0,6,6,2,4,40,34
"479",11,16,10,8,13,2,16,2,19,16,7,8,13,2,15,2,19,3,0,0,5,1,1,3,1,2,2,43,35
"480",12,17,10,8,13,2,16,2,19,16,10,8,13,2,16,2,19,5,1,0,5,0,0,1,0,1,0,44,35
"481",0,0,0,0,0,0,0,0,0,0,0,0,0,0,0,0,0,0,0,0,0,0,0,0,0,0,0,0,0
"482",1,1,1,5,1,1,4,1,1,1,1,1,1,1,1,1,1,4,4,3,4,3,0,4,3,3,2,4,3
"483",2,5,1,5,1,7,4,7,6,1,1,5,1,1,4,1,1,4,0,0,2,6,3,4,6,1,1,8,20
"484",3,5,1,7,1,7,7,7,6,5,1,5,1,7,4,7,6,2,3,0,3,0,0,2,3,3,2,10,23
"485",4,5,1,12,1,7,7,7,7,5,1,7,1,7,7,7,6,1,1,5,1,1,0,5,1,3,4,15,24
"486",5,5,2,12,1,7,7,9,7,5,1,12,1,7,7,7,7,1,0,0,2,6,4,1,2,2,3,16,26
"487",6,6,2,12,7,7,11,9,7,5,2,12,1,7,7,9,7,6,4,0,4,0,0,6,4,4,2,23,30
"488",7,6,2,17,7,7,11,14,7,6,2,12,7,7,11,9,7,2,5,5,2,5,0,5,5,3,3,28,35
"489",8,8,2,17,7,7,11,14,9,6,2,17,7,7,11,14,7,2,0,0,3,2,6,2,2,1,4,30,37
"490",9,8,5,17,19,7,11,17,9,8,2,17,7,7,11,14,9,3,6,0,3,0,0,6,3,4,3,45,40
"491",10,8,5,17,22,7,11,20,9,8,5,17,19,7,11,17,9,3,1,3,1,3,0,3,3,4,3,48,43
"492",11,9,1,17,22,11,11,23,9,8,5,17,22,7,11,20,9,1,0,0,1,3,4,1,3,1,3,45,50
"493",12,9,1,17,23,11,11,23,9,9,1,17,22,11,11,23,9,1,4,0,4,0,0,1,0,4,0,46,50
"494",0,0,0,0,0,0,0,0,0,0,0,0,0,0,0,0,0,0,0,0,0,0,0,0,0,0,0,0,0
"495",1,1,1,1,4,4,1,1,1,1,1,1,1,1,1,1,1,3,3,1,3,1,0,3,3,4,1,3,3
"496",2,1,1,1,5,8,1,1,1,1,1,1,4,4,1,1,1,1,0,0,4,1,3,1,4,4,1,4,7
"497",3,4,1,1,5,8,2,1,1,1,1,1,5,8,1,1,1,1,3,0,1,0,0,3,1,1,2,7,8
"498",4,4,5,1,5,13,2,1,1,4,1,1,5,8,2,1,1,4,1,5,1,5,0,4,5,2,1,11,13
"499",5,5,5,1,5,13,7,1,1,4,5,1,5,13,2,1,1,1,0,0,2,5,2,1,5,1,2,12,18
"500",6,5,5,1,7,13,7,1,3,5,5,1,5,13,7,1,1,2,2,0,2,0,0,2,2,4,4,14,20
"501",7,9,5,1,7,13,7,5,3,5,5,1,7,13,7,1,3,2,4,4,2,4,0,4,4,1,3,18,24
"502",8,11,5,1,7,16,7,5,3,9,5,1,7,13,7,5,3,2,0,0,2,3,3,2,3,1,1,20,27
"503",9,11,8,1,7,16,7,5,5,11,5,1,7,16,7,5,3,2,3,0,2,0,0,3,2,2,4,23,29
"504",10,11,8,1,11,22,8,11,5,11,8,1,7,16,7,5,5,1,6,4,1,6,0,4,6,4,1,27,42
"505",11,11,8,2,11,27,8,11,5,11,8,1,11,22,8,11,5,1,0,0,5,5,3,1,5,3,1,28,47
"506",12,16,8,2,11,27,8,11,5,11,8,2,11,27,8,11,5,5,3,0,3,0,0,5,0,1,0,33,47
"507",0,0,0,0,0,0,0,0,0,0,0,0,0,0,0,0,0,0,0,0,0,0,0,0,0,0,0,0,0
"508",1,1,1,11,1,1,1,1,4,1,1,1,1,1,1,1,1,1,6,3,1,3,0,6,3,3,4,10,3
"509",2,1,1,11,2,3,1,1,4,1,1,11,1,1,1,1,4,1,0,0,3,2,6,1,2,4,1,11,5
"510",3,2,1,11,8,6,1,1,4,1,1,11,2,3,1,1,4,3,6,0,3,0,0,6,3,4,1,18,8
"511",4,8,1,11,9,6,6,1,4,2,1,11,8,6,1,1,4,5,6,4,5,4,0,6,5,1,2,25,13
"512",5,8,1,11,13,6,6,5,4,8,1,11,9,6,6,1,4,4,0,0,1,4,4,4,4,4,3,29,17
"513",6,8,5,11,13,6,6,6,4,8,1,11,13,6,6,5,4,1,4,0,1,0,0,4,1,2,3,33,18
"514",7,8,5,11,17,6,6,8,4,8,5,11,13,6,6,6,4,4,3,2,3,2,0,4,2,4,3,37,20
"515",8,8,8,11,17,6,6,11,4,8,5,11,17,6,6,8,4,3,0,0,4,3,3,3,3,2,3,40,23
"516",9,8,12,11,17,9,6,11,4,8,8,11,17,6,6,11,4,4,3,0,3,0,0,4,3,2,1,44,26
"517",10,8,18,11,18,10,6,11,4,8,12,11,17,9,6,11,4,6,1,5,1,5,0,6,1,2,1,51,27
"518",11,13,18,11,18,14,6,11,4,8,18,11,18,10,6,11,4,5,0,0,4,2,5,5,4,1,1,56,31
"519",12,13,18,16,18,14,6,11,4,13,18,11,18,14,6,11,4,2,5,0,2,0,0,5,0,3,0,61,31
"520",0,0,0,0,0,0,0,0,0,0,0,0,0,0,0,0,0,0,0,0,0,0,0,0,0,0,0,0,0
"521",1,2,1,1,7,10,1,7,1,1,1,1,1,1,1,1,1,6,6,1,6,1,0,6,6,4,3,7,15
"522",2,3,1,1,7,11,1,7,1,2,1,1,7,10,1,7,1,1,0,0,3,1,6,1,1,1,1,8,16
"523",3,3,1,10,7,14,1,7,1,3,1,1,7,11,1,7,1,3,6,0,3,0,0,6,3,3,1,17,19
"524",4,3,5,10,7,14,1,10,1,3,1,10,7,14,1,7,1,5,3,4,5,3,0,4,3,2,3,21,22
"525",5,3,5,10,12,19,1,10,1,3,5,10,7,14,1,10,1,5,0,0,5,1,3,5,5,4,1,26,27
"526",6,6,5,10,12,19,2,10,1,3,5,10,12,19,1,10,1,1,3,0,1,0,0,3,1,1,2,29,28
"527",7,6,5,14,12,19,2,14,1,6,5,10,12,19,2,10,1,4,4,3,4,3,0,4,4,3,3,33,32
"528",8,9,5,14,12,19,5,14,7,6,5,14,12,19,2,14,1,3,0,0,4,6,6,3,6,1,4,36,41
"529",9,9,13,14,18,23,5,14,7,9,5,14,12,19,5,14,7,4,6,0,4,0,0,6,4,2,1,50,45
"530",10,19,13,14,18,28,5,14,7,9,13,14,18,23,5,14,7,5,1,6,5,1,0,6,5,1,1,60,50
"531",11,19,14,14,18,28,5,17,7,19,13,14,18,28,5,14,7,1,0,0,5,2,3,1,3,2,3,61,53
"532",12,24,14,14,18,28,5,17,7,19,14,14,18,28,5,17,7,5,2,0,2,0,0,5,0,1,0,66,53
"533",0,0,0,0,0,0,0,0,0,0,0,0,0,0,0,0,0,0,0,0,0,0,0,0,0,0,0,0,0
"534",1,1,1,5,1,1,1,1,5,1,1,1,1,1,1,1,1,4,4,2,4,2,0,4,4,3,4,4,4
"535",2,1,1,5,3,5,1,1,5,1,1,5,1,1,1,1,5,2,0,0,4,2,1,2,4,4,1,6,8
"536",3,1,1,5,5,5,1,2,5,1,1,5,3,5,1,1,5,2,1,0,1,0,0,2,1,4,3,8,9
"537",4,1,1,11,9,5,1,2,6,1,1,5,5,5,1,2,5,1,4,6,1,4,0,6,1,3,4,18,10
"538",5,5,1,11,9,5,5,2,6,1,1,11,9,5,1,2,6,4,0,0,4,5,6,4,4,1,2,22,14
"539",6,5,7,13,9,5,5,2,11,5,1,11,9,5,5,2,6,5,6,0,5,0,0,6,5,2,4,30,19
"540",7,10,7,13,9,8,5,2,11,5,7,13,9,5,5,2,11,5,1,3,1,3,0,5,3,1,1,35,22
"541",8,10,8,13,9,11,5,2,11,10,7,13,9,8,5,2,11,1,0,0,6,3,2,1,3,2,1,36,25
"542",9,15,14,13,9,11,5,2,13,10,8,13,9,11,5,2,11,6,2,0,2,0,0,6,2,2,4,47,27
"543",10,15,14,13,11,12,5,2,13,15,14,13,9,11,5,2,13,2,1,5,1,5,0,2,1,4,1,49,28
"544",11,15,14,18,11,17,5,2,13,15,14,13,11,12,5,2,13,5,0,0,5,3,5,5,5,3,1,54,33
"545",12,15,14,21,11,17,5,2,13,15,14,18,11,17,5,2,13,3,5,0,5,0,0,3,0,3,0,57,33
"546",0,0,0,0,0,0,0,0,0,0,0,0,0,0,0,0,0,0,0,0,0,0,0,0,0,0,0,0,0
"547",1,1,7,1,5,1,4,1,7,1,1,1,1,1,1,1,1,6,6,1,6,1,0,6,6,2,4,10,9
"548",2,2,7,1,5,1,4,5,7,1,7,1,5,1,4,1,7,1,0,0,6,4,4,1,4,1,3,11,13
"549",3,2,11,7,5,1,4,5,11,2,7,1,5,1,4,5,7,6,4,0,4,0,0,6,4,3,4,21,17
"550",4,2,13,7,5,1,4,6,11,2,11,7,5,1,4,5,11,1,3,2,1,3,0,2,1,2,3,23,18
"551",5,2,13,10,5,4,4,6,11,2,13,7,5,1,4,6,11,3,0,0,6,2,3,3,3,3,1,26,21
"552",6,8,13,10,9,4,4,6,13,2,13,10,5,4,4,6,11,6,2,0,2,0,0,6,2,1,4,36,23
"553",7,8,13,10,13,5,10,12,13,8,13,10,9,4,4,6,13,4,5,6,5,6,0,4,6,4,2,40,36
"554",8,8,13,10,18,5,10,12,18,8,13,10,13,5,10,12,13,5,0,0,4,5,2,5,5,4,4,45,41
"555",9,8,13,10,22,5,10,12,20,8,13,10,18,5,10,12,18,4,2,0,2,0,0,4,2,4,4,49,43
"556",10,8,13,10,24,1,10,15,20,8,13,10,22,5,10,12,20,1,2,3,2,3,0,1,3,4,3,51,42
"557",11,1,15,10,24,1,12,15,26,8,13,10,24,1,10,15,20,2,0,0,6,5,5,2,6,2,4,46,50
"558",12,1,15,15,24,1,12,15,26,1,15,10,24,1,12,15,26,5,5,0,5,0,0,5,0,3,0,51,50
"559",0,0,0,0,0,0,0,0,0,0,0,0,0,0,0,0,0,0,0,0,0,0,0,0,0,0,0,0,0
"560",1,1,6,1,1,4,1,1,1,1,1,1,1,1,1,1,1,5,3,4,3,4,0,5,3,2,1,5,3
"561",2,1,10,1,1,4,6,1,1,1,6,1,1,4,1,1,1,4,0,0,1,5,1,4,5,2,2,9,8
"562",3,1,11,1,1,4,6,1,2,1,10,1,1,4,6,1,1,1,1,0,1,0,0,1,1,2,4,10,9
"563",4,6,11,1,1,5,6,1,2,1,11,1,1,4,6,1,2,5,1,5,1,5,0,5,1,1,1,15,10
"564",5,11,11,1,1,5,6,5,2,6,11,1,1,5,6,1,2,5,0,0,4,1,3,5,4,1,3,20,14
"565",6,11,14,1,1,5,6,6,2,11,11,1,1,5,6,5,2,1,3,0,1,0,0,3,1,2,3,23,15
"566",7,11,14,13,1,5,6,10,2,11,14,1,1,5,6,6,2,4,6,6,4,6,0,6,4,3,3,35,19
"567",8,11,14,13,10,6,6,10,2,11,14,13,1,5,6,10,2,6,0,0,1,6,5,6,1,4,1,44,20
"568",9,11,14,19,12,6,11,10,2,11,14,13,10,6,6,10,2,6,5,0,5,0,0,6,5,3,2,52,25
"569",10,22,14,19,12,10,11,10,1,11,14,19,12,6,11,10,2,4,6,4,4,4,0,6,4,1,1,63,28
"570",11,26,14,19,12,14,11,10,1,22,14,19,12,10,11,10,1,4,0,0,4,3,2,4,4,1,1,67,32
"571",12,26,14,19,15,14,11,10,1,26,14,19,12,14,11,10,1,3,2,0,2,0,0,3,0,4,0,70,32
"572",0,0,0,0,0,0,0,0,0,0,0,0,0,0,0,0,0,0,0,0,0,0,0,0,0,0,0,0,0
"573",1,1,1,5,1,1,3,1,1,1,1,1,1,1,1,1,1,4,2,2,2,2,0,4,2,3,2,4,2
"574",2,1,3,5,1,1,3,1,11,1,1,5,1,1,3,1,1,2,0,0,2,5,6,2,6,2,4,6,12
"575",3,1,3,10,1,1,5,1,11,1,3,5,1,1,3,1,11,2,5,0,2,0,0,5,2,3,2,11,14
"576",4,6,3,10,1,6,5,1,11,1,3,10,1,1,5,1,11,5,4,5,4,5,0,5,5,1,1,16,19
"577",5,10,3,10,1,6,10,1,11,6,3,10,1,6,5,1,11,4,0,0,5,5,1,4,5,1,2,20,24
"578",6,10,8,10,1,6,10,1,12,10,3,10,1,6,10,1,11,5,1,0,1,0,0,5,1,2,4,25,25
"579",7,10,8,15,1,6,10,1,17,10,8,10,1,6,10,1,12,5,5,1,5,1,0,5,5,3,4,30,30
"580",8,11,8,15,1,11,10,1,17,10,8,15,1,6,10,1,17,1,0,0,5,2,1,1,5,1,1,31,35
"581",9,11,10,15,1,12,10,1,17,11,8,15,1,11,10,1,17,2,1,0,1,0,0,2,1,2,1,33,36
"582",10,11,27,15,1,12,10,2,17,11,10,15,1,12,10,1,17,1,3,6,1,3,0,6,1,2,3,50,37
"583",11,14,27,15,1,12,10,2,20,11,27,15,1,12,10,2,17,3,0,0,6,3,1,3,3,1,4,53,40
"584",12,20,32,15,1,12,10,1,20,14,27,15,1,12,10,2,20,6,1,0,1,0,0,6,0,1,0,64,39
"585",0,0,0,0,0,0,0,0,0,0,0,0,0,0,0,0,0,0,0,0,0,0,0,0,0,0,0,0,0
"586",1,2,1,1,1,3,1,1,1,1,1,1,1,1,1,1,1,2,1,1,2,1,0,1,2,1,1,1,2
"587",2,2,1,1,2,3,6,1,1,2,1,1,1,3,1,1,1,1,0,0,2,5,1,1,5,4,2,2,7
"588",3,2,1,3,2,3,6,2,1,2,1,1,2,3,6,1,1,2,1,0,1,0,0,2,1,3,3,4,8
"589",4,2,1,3,4,5,6,2,1,2,1,3,2,3,6,2,1,2,2,2,2,2,0,2,2,4,1,6,10
"590",5,2,1,3,6,10,6,2,1,2,1,3,4,5,6,2,1,2,0,0,5,5,4,2,5,4,1,8,15
"591",6,2,6,3,6,10,10,2,1,2,1,3,6,10,6,2,1,5,4,0,4,0,0,5,4,2,2,13,19
"592",7,2,11,3,6,10,13,2,1,2,6,3,6,10,10,2,1,2,5,3,2,3,0,5,3,2,2,18,22
"593",8,2,11,3,8,16,19,2,1,2,11,3,6,10,13,2,1,2,0,0,1,5,6,2,6,4,2,20,34
"594",9,2,16,3,8,16,19,2,2,2,11,3,8,16,19,2,1,1,5,0,1,0,0,5,1,2,4,25,35
"595",10,7,16,3,8,16,19,4,2,2,16,3,8,16,19,2,2,2,2,5,2,2,0,5,2,1,3,30,37
"596",11,7,16,3,10,17,19,4,2,7,16,3,8,16,19,4,2,2,0,0,1,6,2,2,1,4,1,32,38
"597",12,10,22,3,10,17,19,1,2,7,16,3,10,17,19,4,2,6,2,0,2,0,0,6,0,2,0,41,35
"598",0,0,0,0,0,0,0,0,0,0,0,0,0,0,0,0,0,0,0,0,0,0,0,0,0,0,0,0,0
"599",1,1,1,12,1,1,10,1,1,1,1,1,1,1,1,1,1,6,6,6,6,6,0,6,6,3,2,11,9
"600",2,1,7,12,12,6,10,1,1,1,1,12,1,1,10,1,1,6,0,0,5,4,2,6,5,4,1,28,14
"601",3,5,7,12,12,6,12,1,1,1,7,12,12,6,10,1,1,4,2,0,2,0,0,4,2,1,2,32,16
"602",4,5,13,15,12,11,12,1,1,5,7,12,12,6,12,1,1,5,3,6,5,3,0,6,5,2,1,41,21
"603",5,8,13,15,12,11,18,6,1,5,13,15,12,11,12,1,1,3,0,0,6,2,5,3,6,1,2,44,32
"604",6,8,13,15,17,13,18,6,1,8,13,15,12,11,18,6,1,2,5,0,2,0,0,5,2,4,1,49,34
"605",7,17,13,15,17,13,24,6,2,8,13,15,17,13,18,6,1,2,6,6,2,6,0,6,6,1,2,58,41
"606",8,17,15,15,17,13,28,6,2,17,13,15,17,13,24,6,2,2,0,0,5,2,4,2,4,2,2,60,45
"607",9,17,19,26,17,13,30,6,1,17,15,15,17,13,28,6,2,5,2,0,2,0,0,5,2,3,2,75,46
"608",10,17,19,35,17,1,30,11,1,17,19,26,17,13,30,6,1,5,5,5,5,5,0,5,5,3,3,84,39
"609",11,17,24,35,17,1,30,13,1,17,19,35,17,1,30,11,1,5,0,0,5,2,5,5,2,2,3,89,41
"610",12,17,24,35,22,1,30,13,1,17,24,35,17,1,30,13,1,5,5,0,5,0,0,5,0,4,0,94,41
"611",0,0,0,0,0,0,0,0,0,0,0,0,0,0,0,0,0,0,0,0,0,0,0,0,0,0,0,0,0
"612",1,1,1,1,6,1,1,5,1,1,1,1,1,1,1,1,1,5,1,4,1,4,0,5,4,4,3,5,4
"613",2,1,2,1,6,1,1,8,1,1,1,1,6,1,1,5,1,1,0,0,3,4,1,1,3,2,3,6,7
"614",3,1,2,1,10,1,1,9,1,1,2,1,6,1,1,8,1,4,1,0,1,0,0,4,1,4,3,10,8
"615",4,1,7,7,10,1,1,14,1,1,2,1,10,1,1,9,1,5,6,5,5,5,0,6,5,3,3,21,13
"616",5,1,7,12,10,4,1,14,1,1,7,7,10,1,1,14,1,5,0,0,5,2,3,5,3,3,1,26,16
"617",6,6,7,12,10,6,1,14,1,1,7,12,10,4,1,14,1,5,2,0,2,0,0,5,2,1,1,31,18
"618",7,12,7,12,14,11,1,14,1,6,7,12,10,6,1,14,1,5,5,6,5,5,0,6,5,1,1,41,23
"619",8,12,7,17,14,13,1,14,1,12,7,12,14,11,1,14,1,5,0,0,4,2,6,5,2,3,1,46,25
"620",9,12,13,26,14,13,5,14,1,12,7,17,14,13,1,14,1,4,6,0,4,0,0,6,4,2,2,61,29
"621",10,12,16,26,14,13,5,14,5,12,13,26,14,13,5,14,1,4,3,2,4,2,0,3,4,2,4,64,33
"622",11,14,16,26,14,13,5,14,7,12,16,26,14,13,5,14,5,2,0,0,3,2,2,2,2,1,4,66,35
"623",12,14,16,29,14,13,5,14,7,14,16,26,14,13,5,14,7,3,2,0,2,0,0,3,0,3,0,69,35
"624",0,0,0,0,0,0,0,0,0,0,0,0,0,0,0,0,0,0,0,0,0,0,0,0,0,0,0,0,0
"625",1,1,10,1,1,1,1,1,5,1,1,1,1,1,1,1,1,4,6,1,4,1,0,6,4,2,4,9,4
"626",2,1,10,2,1,7,6,7,5,1,10,1,1,1,1,1,5,1,0,0,1,1,6,1,6,3,1,10,21
"627",3,2,10,2,1,7,6,7,6,1,10,2,1,7,6,7,5,1,1,0,1,0,0,1,1,1,4,11,22
"628",4,6,10,2,1,7,9,7,6,2,10,2,1,7,6,7,6,4,3,1,3,1,0,4,3,1,2,15,25
"629",5,6,11,2,1,7,9,15,12,6,10,2,1,7,9,7,6,1,0,0,6,6,6,1,6,2,3,16,39
"630",6,18,11,2,1,14,15,15,12,6,11,2,1,7,9,15,12,6,6,0,6,0,0,6,6,1,2,28,52
"631",7,21,11,2,1,14,17,15,12,18,11,2,1,14,15,15,12,2,3,4,2,4,0,3,2,1,2,31,54
"632",8,25,11,2,1,19,17,15,12,21,11,2,1,14,17,15,12,4,0,0,5,4,4,4,5,1,1,35,59
"633",9,29,11,2,1,19,17,15,16,25,11,2,1,19,17,15,12,4,4,0,4,0,0,4,4,1,4,39,63
"634",10,36,11,2,1,19,17,2,1,29,11,2,1,19,17,15,16,1,1,4,1,1,0,4,1,1,3,46,35
"635",11,36,12,2,1,19,17,3,1,36,11,2,1,19,17,2,1,1,0,0,2,1,1,1,1,2,3,47,36
"636",12,36,13,2,1,19,17,3,1,36,12,2,1,19,17,3,1,2,1,0,2,0,0,1,0,2,0,48,36
"637",0,0,0,0,0,0,0,0,0,0,0,0,0,0,0,0,0,0,0,0,0,0,0,0,0,0,0,0,0
"638",1,1,1,4,1,2,7,1,1,1,1,1,1,1,1,1,1,5,3,6,5,6,0,3,6,3,2,3,7
"639",2,1,6,4,1,2,7,1,6,1,1,4,1,2,7,1,1,5,0,0,5,4,2,5,5,2,4,8,12
"640",3,1,6,4,5,2,7,1,8,1,6,4,1,2,7,1,6,4,2,0,2,0,0,4,2,4,4,12,14
"641",4,1,6,15,5,6,7,1,8,1,6,4,5,2,7,1,8,6,3,4,3,4,0,6,4,3,1,23,18
"642",5,1,6,15,8,8,7,1,8,1,6,15,5,6,7,1,8,3,0,0,2,3,1,3,2,4,1,26,20
"643",6,1,9,15,8,8,8,1,8,1,6,15,8,8,7,1,8,3,1,0,1,0,0,3,1,2,2,29,21
"644",7,4,9,15,8,10,8,1,8,1,9,15,8,8,8,1,8,3,2,3,2,3,0,3,2,1,1,32,23
"645",8,4,9,15,11,10,10,1,8,4,9,15,8,10,8,1,8,3,0,0,2,5,5,3,2,4,2,35,25
"646",9,9,9,15,11,15,10,1,8,4,9,15,11,10,10,1,8,5,5,0,5,0,0,5,5,1,1,40,30
"647",10,15,9,15,13,15,13,1,8,9,9,15,11,15,10,1,8,6,3,3,3,3,0,6,3,1,2,48,33
"648",11,15,12,15,13,18,13,1,8,15,9,15,13,15,13,1,8,3,0,0,3,3,2,3,3,2,1,51,36
"649",12,15,15,15,13,18,13,1,8,15,12,15,13,18,13,1,8,3,2,0,2,0,0,3,0,2,0,54,36
"650",0,0,0,0,0,0,0,0,0,0,0,0,0,0,0,0,0,0,0,0,0,0,0,0,0,0,0,0,0
"651",1,1,7,5,1,1,4,1,7,1,1,1,1,1,1,1,1,6,6,2,6,2,0,6,6,2,4,10,9
"652",2,1,9,5,1,1,4,5,7,1,7,5,1,1,4,1,7,2,0,0,5,4,4,2,4,2,3,12,13
"653",3,1,14,5,1,1,4,9,7,1,9,5,1,1,4,5,7,5,4,0,4,0,0,5,4,2,3,17,17
"654",4,1,14,5,5,1,9,9,7,1,14,5,1,1,4,9,7,5,2,4,5,2,0,4,5,4,2,21,22
"655",5,3,14,5,5,1,9,9,12,1,14,5,5,1,9,9,7,2,0,0,5,3,3,2,5,1,4,23,27
"656",6,3,14,8,5,1,9,9,15,3,14,5,5,1,9,9,12,3,3,0,3,0,0,3,3,3,4,26,30
"657",7,3,14,11,5,4,9,9,15,3,14,8,5,1,9,9,15,2,3,3,2,3,0,3,3,3,1,29,33
"658",8,3,14,11,7,11,9,9,15,3,14,11,5,4,9,9,15,2,0,0,3,1,6,2,6,4,1,31,40
"659",9,3,14,11,10,11,9,10,15,3,14,11,7,11,9,9,15,3,1,0,1,0,0,3,1,4,3,34,41
"660",10,6,14,11,10,11,9,12,15,3,14,11,10,11,9,10,15,2,3,4,2,4,0,3,2,1,3,37,43
"661",11,6,14,11,14,12,9,12,15,6,14,11,10,11,9,12,15,4,0,0,1,3,4,4,1,4,1,41,44
"662",12,6,18,11,14,12,9,12,15,6,14,11,14,12,9,12,15,3,4,0,3,0,0,4,0,2,0,45,44
"663",0,0,0,0,0,0,0,0,0,0,0,0,0,0,0,0,0,0,0,0,0,0,0,0,0,0,0,0,0
"664",1,1,1,1,6,1,6,1,7,1,1,1,1,1,1,1,1,5,5,6,5,6,0,5,6,4,4,5,11
"665",2,1,1,6,6,1,6,1,8,1,1,1,6,1,6,1,7,5,0,0,1,1,3,5,1,3,4,10,12
"666",3,1,1,6,9,1,6,1,9,1,1,6,6,1,6,1,8,1,3,0,1,0,0,3,1,4,4,13,13
"667",4,1,7,6,10,1,12,1,10,1,1,6,9,1,6,1,9,3,6,6,3,6,0,6,6,2,2,20,20
"668",5,1,7,9,10,5,12,1,10,1,7,6,10,1,12,1,10,3,0,0,1,4,2,3,4,3,1,23,24
"669",6,3,7,9,10,6,12,1,10,1,7,9,10,5,12,1,10,1,2,0,1,0,0,2,1,1,1,25,25
"670",7,3,7,9,14,6,12,1,12,3,7,9,10,6,12,1,10,4,2,4,2,4,0,4,2,4,4,29,27
"671",8,3,11,9,14,6,15,1,12,3,7,9,14,6,12,1,12,4,0,0,3,6,2,4,3,2,2,33,30
"672",9,9,11,9,17,8,15,1,12,3,11,9,14,6,15,1,12,6,2,0,2,0,0,6,2,1,1,42,32
"673",10,12,17,9,17,8,15,6,12,9,11,9,17,8,15,1,12,5,1,6,5,1,0,6,5,2,3,51,37
"674",11,13,17,9,17,10,15,6,12,12,17,9,17,8,15,6,12,1,0,0,2,2,1,1,2,1,1,52,39
"675",12,13,18,9,17,10,15,6,12,13,17,9,17,10,15,6,12,2,1,0,2,0,0,1,0,2,0,53,39
"676",0,0,0,0,0,0,0,0,0,0,0,0,0,0,0,0,0,0,0,0,0,0,0,0,0,0,0,0,0
"677",1,2,1,1,1,3,1,1,1,1,1,1,1,1,1,1,1,2,1,2,2,2,0,1,2,1,1,1,2
"678",2,2,3,1,1,3,4,7,1,2,1,1,1,3,1,1,1,2,0,0,2,6,6,2,6,2,3,3,11
"679",3,2,9,1,5,3,4,7,3,2,3,1,1,3,4,7,1,2,6,0,2,0,0,6,2,2,4,13,13
"680",4,2,15,6,5,9,4,10,9,2,9,1,5,3,4,7,3,5,6,6,5,6,0,6,6,2,1,24,28
"681",5,7,15,6,5,9,7,10,9,2,15,6,5,9,4,10,9,5,0,0,2,3,2,5,3,1,2,29,31
"682",6,7,15,6,7,9,9,10,9,7,15,6,5,9,7,10,9,2,2,0,2,0,0,2,2,4,2,31,33
"683",7,7,15,6,10,12,9,10,9,7,15,6,7,9,9,10,9,3,3,2,3,2,0,3,3,4,1,34,36
"684",8,7,15,6,12,16,9,10,9,7,15,6,10,12,9,10,9,2,0,0,4,5,1,2,4,4,1,36,40
"685",9,7,15,11,12,16,9,10,10,7,15,6,12,16,9,10,9,5,1,0,1,0,0,5,1,3,4,41,41
"686",10,7,19,11,12,16,9,13,10,7,15,11,12,16,9,10,10,4,2,3,2,3,0,4,3,2,3,45,44
"687",11,7,21,11,12,20,9,13,10,7,19,11,12,16,9,13,10,2,0,0,4,2,1,2,4,2,1,47,48
"688",12,7,21,13,12,20,9,13,10,7,21,11,12,20,9,13,10,2,1,0,1,0,0,2,0,3,0,49,48
"689",0,0,0,0,0,0,0,0,0,0,0,0,0,0,0,0,0,0,0,0,0,0,0,0,0,0,0,0,0
"690",1,6,1,1,1,3,1,1,1,1,1,1,1,1,1,1,1,5,2,2,2,2,0,5,2,1,1,5,2
"691",2,6,1,1,3,3,1,6,1,6,1,1,1,3,1,1,1,2,0,0,3,4,5,2,5,4,3,7,7
"692",3,6,5,1,3,6,1,6,1,6,1,1,3,3,1,6,1,3,4,0,3,0,0,4,3,2,1,11,10
"693",4,10,11,1,3,7,1,6,1,6,5,1,3,6,1,6,1,6,3,1,3,1,0,6,1,2,1,21,11
"694",5,10,14,1,3,10,1,6,1,10,11,1,3,7,1,6,1,3,0,0,3,2,5,3,3,2,1,24,14
"695",6,15,14,1,3,12,1,6,1,10,14,1,3,10,1,6,1,2,5,0,2,0,0,5,2,1,1,29,16
"696",7,15,16,7,3,12,1,8,1,15,14,1,3,12,1,6,1,2,6,1,2,1,0,6,2,3,3,37,18
"697",8,15,16,8,3,12,4,8,1,15,16,7,3,12,1,8,1,1,0,0,5,4,3,1,3,3,2,38,21
"698",9,15,16,13,3,12,4,12,1,15,16,8,3,12,4,8,1,5,4,0,4,0,0,5,4,3,3,43,25
"699",10,16,16,13,3,12,4,12,4,15,16,13,3,12,4,12,1,2,3,1,2,3,0,1,3,1,4,44,28
"700",11,16,16,15,3,15,4,12,4,16,16,13,3,12,4,12,4,2,0,0,1,6,3,2,3,3,1,46,31
"701",12,17,16,15,3,15,4,12,4,16,16,15,3,15,4,12,4,1,6,0,6,0,0,1,0,1,0,47,31
"702",0,0,0,0,0,0,0,0,0,0,0,0,0,0,0,0,0,0,0,0,0,0,0,0,0,0,0,0,0
"703",1,1,1,8,1,5,1,1,1,1,1,1,1,1,1,1,1,6,2,4,2,4,0,6,4,3,1,7,4
"704",2,3,1,8,1,5,1,1,6,1,1,8,1,5,1,1,1,2,0,0,3,2,5,2,5,1,4,9,9
"705",3,3,4,8,1,5,3,1,6,3,1,8,1,5,1,1,6,3,2,0,2,0,0,3,2,2,2,12,11
"706",4,9,4,14,6,5,5,1,6,3,4,8,1,5,3,1,6,6,2,3,2,3,0,6,2,3,2,29,13
"707",5,9,4,14,9,7,5,1,6,9,4,14,6,5,5,1,6,3,0,0,6,2,5,3,2,4,1,32,15
"708",6,9,5,20,9,12,5,1,6,9,4,14,9,7,5,1,6,6,5,0,5,0,0,6,5,3,1,39,20
"709",7,9,10,20,9,12,6,1,6,9,5,20,9,12,5,1,6,5,1,3,1,3,0,5,1,2,2,44,21
"710",8,9,10,20,12,12,6,1,8,9,10,20,9,12,6,1,6,3,0,0,4,2,6,3,2,4,4,47,23
"711",9,14,10,20,18,16,6,1,8,9,10,20,12,12,6,1,8,4,6,0,4,0,0,6,4,4,1,58,27
"712",10,20,20,20,18,16,6,4,8,14,10,20,18,16,6,1,8,3,6,3,3,3,0,6,3,2,3,74,30
"713",11,23,20,20,18,18,6,4,8,20,20,20,18,16,6,4,8,3,0,0,2,3,4,3,2,1,1,77,32
"714",12,23,20,23,18,18,6,4,8,23,20,20,18,18,6,4,8,3,4,0,4,0,0,3,0,3,0,80,32
"715",0,0,0,0,0,0,0,0,0,0,0,0,0,0,0,0,0,0,0,0,0,0,0,0,0,0,0,0,0
"716",1,1,1,1,8,1,1,1,5,1,1,1,1,1,1,1,1,1,6,4,1,4,0,6,4,4,4,7,4
"717",2,2,1,1,8,1,5,1,5,1,1,1,8,1,1,1,5,1,0,0,4,4,5,1,4,1,2,8,8
"718",3,2,1,5,8,1,10,1,5,2,1,1,8,1,5,1,5,4,5,0,5,0,0,4,5,3,2,12,13
"719",4,2,1,5,12,1,16,1,10,2,1,5,8,1,10,1,5,4,6,1,6,1,0,4,6,4,2,16,24
"720",5,3,1,5,12,4,16,1,10,2,1,5,12,1,16,1,10,1,0,0,3,1,1,1,3,1,1,17,27
"721",6,3,1,5,13,5,16,1,10,3,1,5,12,4,16,1,10,1,1,0,1,0,0,1,1,4,1,18,28
"722",7,7,1,5,13,5,16,5,10,3,1,5,13,5,16,1,10,4,5,4,5,4,0,4,4,1,3,22,32
"723",8,7,1,5,18,10,16,5,10,7,1,5,13,5,16,5,10,5,0,0,5,2,3,5,5,4,1,27,37
"724",9,7,1,8,18,10,18,5,10,7,1,5,18,10,16,5,10,2,3,0,2,0,0,3,2,3,2,30,39
"725",10,9,1,8,18,16,18,11,10,7,1,8,18,10,18,5,10,2,6,1,6,1,0,2,6,1,1,32,51
"726",11,10,1,8,18,18,18,11,10,9,1,8,18,16,18,11,10,1,0,0,2,6,3,1,2,1,1,33,53
"727",12,10,1,11,18,18,18,11,10,10,1,8,18,18,18,11,10,6,3,0,6,0,0,3,0,3,0,36,53
"728",0,0,0,0,0,0,0,0,0,0,0,0,0,0,0,0,0,0,0,0,0,0,0,0,0,0,0,0,0
"729",1,1,1,6,1,6,1,1,1,1,1,1,1,1,1,1,1,1,5,5,1,5,0,5,5,3,1,5,5
"730",2,1,2,6,1,6,1,1,4,1,1,6,1,6,1,1,1,1,0,0,3,4,5,1,3,2,4,6,8
"731",3,1,7,6,1,6,1,5,4,1,2,6,1,6,1,1,4,4,5,0,4,0,0,5,4,2,3,11,12
"732",4,6,7,6,1,9,1,5,4,1,7,6,1,6,1,5,4,3,5,1,3,1,0,5,3,1,1,16,15
"733",5,6,8,6,1,9,1,9,4,6,7,6,1,9,1,5,4,1,0,0,3,1,4,1,4,2,3,17,19
"734",6,6,8,9,1,9,1,10,4,6,8,6,1,9,1,9,4,3,1,0,1,0,0,3,1,3,3,20,20
"735",7,6,12,9,1,9,1,13,4,6,8,9,1,9,1,10,4,4,3,3,3,3,0,4,3,2,3,24,23
"736",8,6,12,12,1,14,1,13,4,6,12,9,1,9,1,13,4,3,0,0,1,5,4,3,5,3,1,27,28
"737",9,10,12,12,1,15,1,13,4,6,12,12,1,14,1,13,4,1,4,0,1,0,0,4,1,1,1,31,29
"738",10,10,17,12,1,16,1,13,4,10,12,12,1,15,1,13,4,1,5,3,1,3,0,5,1,2,1,36,30
"739",11,10,20,12,1,16,5,13,4,10,17,12,1,16,1,13,4,3,0,0,6,4,3,3,4,2,2,39,34
"740",12,10,26,12,11,16,5,13,4,10,20,12,1,16,5,13,4,6,3,0,3,0,0,6,0,2,0,55,34
"741",0,0,0,0,0,0,0,0,0,0,0,0,0,0,0,0,0,0,0,0,0,0,0,0,0,0,0,0,0
"742",1,7,1,3,1,3,1,1,1,1,1,1,1,1,1,1,1,2,3,6,2,3,0,6,2,1,1,8,2
"743",2,7,4,3,1,3,1,2,1,7,1,3,1,3,1,1,1,3,0,0,1,1,6,3,1,2,3,11,3
"744",3,7,14,3,1,4,1,2,1,7,4,3,1,3,1,2,1,1,6,0,1,0,0,6,1,2,1,21,4
"745",4,7,15,3,1,4,1,5,1,7,14,3,1,4,1,2,1,2,3,1,2,3,0,1,3,2,3,22,7
"746",5,9,15,3,1,4,1,5,4,7,15,3,1,4,1,5,1,2,0,0,1,1,3,2,3,1,4,24,10
"747",6,9,15,4,1,4,1,6,4,9,15,3,1,4,1,5,4,1,1,0,1,0,0,1,1,3,3,25,11
"748",7,9,15,10,5,4,1,11,4,9,15,4,1,4,1,6,4,5,1,6,5,1,0,6,5,3,3,35,16
"749",8,9,15,11,5,7,1,11,4,9,15,10,5,4,1,11,4,1,0,0,3,3,6,1,3,3,1,36,19
"750",9,12,15,11,11,10,1,11,4,9,15,11,5,7,1,11,4,3,6,0,3,0,0,6,3,4,1,45,22
"751",10,12,15,16,11,10,1,14,4,12,15,11,11,10,1,11,4,5,4,3,4,3,0,5,3,3,3,50,25
"752",11,16,15,16,11,11,1,14,4,12,15,16,11,10,1,14,4,4,0,0,1,1,2,4,1,1,1,54,26
"753",12,16,15,18,11,11,1,14,4,16,15,16,11,11,1,14,4,1,2,0,1,0,0,2,0,3,0,56,26
"754",0,0,0,0,0,0,0,0,0,0,0,0,0,0,0,0,0,0,0,0,0,0,0,0,0,0,0,0,0
"755",1,1,1,1,2,1,3,1,1,1,1,1,1,1,1,1,1,2,1,1,2,1,0,1,2,4,2,1,2
"756",2,1,1,2,2,1,3,1,5,1,1,1,2,1,3,1,1,1,0,0,4,6,1,1,4,3,4,2,6
"757",3,1,1,2,12,2,3,1,5,1,1,2,2,1,3,1,5,6,1,0,1,0,0,6,1,4,1,12,7
"758",4,1,7,2,13,6,9,1,5,1,1,2,12,2,3,1,5,6,1,6,1,6,0,6,6,2,2,19,17
"759",5,1,7,3,13,6,9,1,8,1,7,2,13,6,9,1,5,1,0,0,3,1,1,1,3,3,4,20,20
"760",6,1,8,3,13,6,10,1,8,1,7,3,13,6,9,1,8,1,1,0,1,0,0,1,1,2,2,21,21
"761",7,1,8,3,18,6,10,1,12,1,8,3,13,6,10,1,8,4,5,3,4,3,0,5,4,4,4,26,25
"762",8,1,8,6,18,6,10,1,14,1,8,3,18,6,10,1,12,3,0,0,3,3,2,3,2,3,4,29,27
"763",9,4,8,6,18,9,10,1,14,1,8,6,18,6,10,1,14,3,3,0,3,0,0,3,3,1,1,32,30
"764",10,4,14,7,18,9,10,1,15,4,8,6,18,9,10,1,14,2,1,6,2,1,0,6,1,2,4,39,31
"765",11,6,14,7,18,13,10,1,15,4,14,7,18,9,10,1,15,2,0,0,4,2,4,2,4,1,1,41,35
"766",12,6,14,9,18,13,10,1,15,6,14,7,18,13,10,1,15,2,4,0,4,0,0,2,0,3,0,43,35
"767",0,0,0,0,0,0,0,0,0,0,0,0,0,0,0,0,0,0,0,0,0,0,0,0,0,0,0,0,0
"768",1,2,1,1,7,3,1,1,1,1,1,1,1,1,1,1,1,6,2,2,2,2,0,6,2,4,1,7,2
"769",2,4,1,1,7,5,1,1,1,2,1,1,7,3,1,1,1,2,0,0,2,4,5,2,2,1,1,9,4
"770",3,4,5,1,7,5,1,1,6,4,1,1,7,5,1,1,1,4,5,0,5,0,0,4,5,2,4,13,9
"771",4,4,5,12,7,9,1,1,6,4,5,1,7,5,1,1,6,6,4,1,4,1,0,6,4,3,1,24,13
"772",5,4,5,12,8,11,1,1,6,4,5,12,7,9,1,1,6,1,0,0,2,2,2,1,2,4,1,25,15
"773",6,4,7,12,8,13,1,1,6,4,5,12,8,11,1,1,6,2,2,0,2,0,0,2,2,2,1,27,17
"774",7,13,7,12,8,13,1,3,6,4,7,12,8,13,1,1,6,6,2,1,2,1,0,6,2,1,3,36,19
"775",8,13,8,12,8,17,1,3,6,13,7,12,8,13,1,3,6,1,0,0,3,4,4,1,4,2,1,37,23
"776",9,13,12,12,8,20,1,3,6,13,8,12,8,17,1,3,6,3,4,0,3,0,0,4,3,2,1,41,26
"777",10,13,12,12,17,21,1,3,6,13,12,12,8,20,1,3,6,1,6,3,1,3,0,6,1,4,1,50,27
"778",11,16,12,12,17,23,1,3,6,13,12,12,17,21,1,3,6,3,0,0,2,6,1,3,2,1,1,53,29
"779",12,16,12,12,18,23,1,3,6,16,12,12,17,23,1,3,6,6,1,0,6,0,0,1,0,4,0,54,29
"780",0,0,0,0,0,0,0,0,0,0,0,0,0,0,0,0,0,0,0,0,0,0,0,0,0,0,0,0,0
"781",1,1,5,1,1,1,1,1,3,1,1,1,1,1,1,1,1,2,5,4,2,5,0,4,2,2,4,4,2
"782",2,6,5,1,1,1,1,1,7,1,5,1,1,1,1,1,3,5,0,0,4,4,2,5,4,1,4,9,6
"783",3,6,9,1,1,1,3,1,7,6,5,1,1,1,1,1,7,4,2,0,2,0,0,4,2,2,2,13,8
"784",4,6,15,1,2,6,3,1,13,6,9,1,1,1,3,1,7,6,6,1,6,1,0,6,6,2,4,20,19
"785",5,6,15,2,2,10,3,1,13,6,15,1,2,6,3,1,13,1,0,0,4,4,1,1,4,3,1,21,23
"786",6,10,15,2,2,11,3,1,13,6,15,2,2,10,3,1,13,4,1,0,1,0,0,4,1,1,1,25,24
"787",7,10,15,2,7,11,7,1,13,10,15,2,2,11,3,1,13,5,4,1,4,1,0,5,4,4,2,30,28
"788",8,10,15,2,8,11,7,1,14,10,15,2,7,11,7,1,13,1,0,0,1,2,3,1,1,4,4,31,29
"789",9,10,18,2,8,11,7,3,14,10,15,2,8,11,7,1,14,2,3,0,2,0,0,3,2,2,3,34,31
"790",10,13,18,2,8,13,7,3,14,10,18,2,8,11,7,3,14,3,2,1,2,1,0,3,2,1,1,37,33
"791",11,14,18,2,8,13,7,3,16,13,18,2,8,13,7,3,14,1,0,0,2,4,2,1,2,1,4,38,35
"792",12,14,22,2,8,13,7,3,16,14,18,2,8,13,7,3,16,4,2,0,2,0,0,4,0,2,0,42,35
"793",0,0,0,0,0,0,0,0,0,0,0,0,0,0,0,0,0,0,0,0,0,0,0,0,0,0,0,0,0
"794",1,1,5,1,1,1,4,1,1,1,1,1,1,1,1,1,1,3,2,4,3,2,0,4,3,2,2,4,3
"795",2,1,5,3,1,3,4,1,1,1,5,1,1,1,4,1,1,2,0,0,3,1,2,2,2,3,1,6,5
"796",3,1,8,3,1,4,4,1,1,1,5,3,1,3,4,1,1,3,1,0,1,0,0,3,1,2,1,9,6
"797",4,7,8,9,3,9,4,1,1,1,8,3,1,4,4,1,1,6,5,4,5,4,0,6,5,1,1,23,11
"798",5,7,8,9,7,16,4,1,1,7,8,9,3,9,4,1,1,4,0,0,6,2,5,4,6,4,1,27,18
"799",6,12,8,9,7,18,4,1,1,7,8,9,7,16,4,1,1,2,5,0,2,0,0,5,2,1,1,32,20
"800",7,12,8,10,13,18,4,6,1,12,8,9,7,18,4,1,1,6,5,5,5,5,0,6,5,4,3,39,25
"801",8,12,13,10,13,18,5,6,1,12,8,10,13,18,4,6,1,5,0,0,1,5,3,5,1,2,2,44,26
"802",9,12,13,15,13,21,5,6,1,12,13,10,13,18,5,6,1,5,3,0,3,0,0,5,3,3,1,49,29
"803",10,14,19,15,13,22,5,6,1,12,13,15,13,21,5,6,1,1,6,1,1,1,0,6,1,2,1,57,30
"804",11,14,19,16,13,22,7,6,1,14,19,15,13,22,5,6,1,1,0,0,4,6,2,1,2,3,2,58,32
"805",12,14,23,22,13,22,7,6,1,14,19,16,13,22,7,6,1,4,6,0,4,0,0,6,0,3,0,68,32
"806",0,0,0,0,0,0,0,0,0,0,0,0,0,0,0,0,0,0,0,0,0,0,0,0,0,0,0,0,0
"807",1,1,6,1,7,1,1,6,1,1,1,1,1,1,1,1,1,1,6,5,1,5,0,6,5,4,3,11,5
"808",2,1,7,1,7,1,1,8,1,1,6,1,7,1,1,6,1,1,0,0,2,6,2,1,2,2,3,12,7
"809",3,9,7,1,7,1,3,8,1,1,7,1,7,1,1,8,1,6,2,0,2,0,0,6,2,1,2,20,9
"810",4,10,7,7,7,1,4,8,1,9,7,1,7,1,3,8,1,6,4,1,4,1,0,6,1,3,2,27,10
"811",5,10,7,11,7,6,4,8,1,10,7,7,7,1,4,8,1,4,0,0,5,6,2,4,5,3,1,31,15
"812",6,10,7,16,13,6,4,10,1,10,7,11,7,6,4,8,1,6,2,0,2,0,0,6,2,4,3,42,17
"813",7,15,7,16,13,10,4,10,1,10,7,16,13,6,4,10,1,5,4,3,4,3,0,5,4,1,1,47,21
"814",8,15,7,16,16,10,4,15,1,15,7,16,13,10,4,10,1,3,0,0,5,4,3,3,5,4,3,50,26
"815",9,19,7,16,16,10,4,18,1,15,7,16,16,10,4,15,1,4,3,0,3,0,0,4,3,1,3,54,29
"816",10,19,11,16,16,12,4,18,1,19,7,16,16,10,4,18,1,4,2,2,2,2,0,4,2,2,1,58,31
"817",11,19,13,16,16,13,4,18,1,19,11,16,16,12,4,18,1,2,0,0,1,3,6,2,1,2,1,60,32
"818",12,19,16,16,16,13,4,18,1,19,13,16,16,13,4,18,1,3,6,0,6,0,0,3,0,2,0,63,32
"819",0,0,0,0,0,0,0,0,0,0,0,0,0,0,0,0,0,0,0,0,0,0,0,0,0,0,0,0,0
"820",1,1,1,8,7,1,2,1,1,1,1,1,1,1,1,1,1,6,5,1,5,1,0,6,1,4,2,13,1
"821",2,6,1,8,7,1,8,7,6,1,1,8,7,1,2,1,1,5,0,0,1,6,6,5,6,1,2,18,18
"822",3,6,7,12,7,1,8,8,6,6,1,8,7,1,8,7,6,1,6,0,1,0,0,6,1,2,3,28,19
"823",4,6,15,12,13,1,8,13,6,6,7,12,7,1,8,8,6,1,5,6,1,5,0,6,5,4,3,42,24
"824",5,6,15,12,14,1,8,21,6,6,15,12,13,1,8,13,6,1,0,0,6,1,2,1,6,4,3,43,32
"825",6,6,15,12,15,1,8,21,8,6,15,12,14,1,8,21,6,1,2,0,2,0,0,1,2,4,4,44,34
"826",7,6,15,12,19,1,10,21,8,6,15,12,15,1,8,21,8,4,2,1,2,1,0,4,2,4,2,48,36
"827",8,6,15,12,20,1,10,27,10,6,15,12,19,1,10,21,8,1,0,0,4,6,5,1,6,4,3,49,44
"828",9,6,20,12,20,5,10,27,10,6,15,12,20,1,10,27,10,4,5,0,4,0,0,5,4,2,1,54,48
"829",10,6,20,17,20,6,10,27,10,6,20,12,20,5,10,27,10,1,5,1,1,1,0,5,1,3,1,59,49
"830",11,6,21,17,20,6,10,27,14,6,20,17,20,6,10,27,10,1,0,0,5,4,3,1,4,2,4,60,53
"831",12,6,21,17,25,6,10,27,14,6,21,17,20,6,10,27,14,5,3,0,3,0,0,5,0,4,0,65,53
"832",0,0,0,0,0,0,0,0,0,0,0,0,0,0,0,0,0,0,0,0,0,0,0,0,0,0,0,0,0
"833",1,1,8,1,1,4,1,1,1,1,1,1,1,1,1,1,1,3,2,6,3,2,0,6,3,2,1,7,3
"834",2,1,10,1,1,4,1,3,1,1,8,1,1,4,1,1,1,2,0,0,2,4,2,2,2,2,3,9,5
"835",3,5,10,1,1,4,3,3,1,1,10,1,1,4,1,3,1,4,2,0,2,0,0,4,2,1,2,13,7
"836",4,5,10,4,1,7,3,3,1,5,10,1,1,4,3,3,1,3,3,3,3,3,0,3,3,3,1,16,10
"837",5,8,10,4,1,7,3,6,1,5,10,4,1,7,3,3,1,3,0,0,3,4,1,3,3,1,3,19,13
"838",6,12,10,4,1,8,3,6,1,8,10,4,1,7,3,6,1,4,1,0,1,0,0,4,1,1,1,23,14
"839",7,12,10,4,6,8,3,6,5,12,10,4,1,8,3,6,1,5,3,4,3,4,0,5,4,4,4,28,18
"840",8,12,10,4,9,14,9,6,10,12,10,4,6,8,3,6,5,3,0,0,4,6,4,3,6,4,2,31,35
"841",9,12,14,4,9,14,9,10,10,12,10,4,9,14,9,6,10,4,4,0,4,0,0,4,4,2,3,35,39
"842",10,12,14,4,14,14,9,10,14,12,14,4,9,14,9,10,10,5,4,3,4,3,0,5,4,4,4,40,43
"843",11,12,14,7,14,16,9,10,14,12,14,4,14,14,9,10,14,3,0,0,1,2,1,3,2,3,1,43,45
"844",12,12,14,8,14,16,9,10,14,12,14,7,14,16,9,10,14,1,1,0,1,0,0,1,0,3,0,44,45
"845",0,0,0,0,0,0,0,0,0,0,0,0,0,0,0,0,0,0,0,0,0,0,0,0,0,0,0,0,0
"846",1,1,1,1,6,4,1,1,1,1,1,1,1,1,1,1,1,5,3,2,3,2,0,5,3,4,1,5,3
"847",2,1,1,1,8,4,1,1,6,1,1,1,6,4,1,1,1,2,0,0,5,2,4,2,5,4,4,7,8
"848",3,1,1,1,12,4,3,1,6,1,1,1,8,4,1,1,6,2,4,0,2,0,0,4,2,4,2,11,10
"849",4,5,1,7,12,9,3,1,6,1,1,1,12,4,3,1,6,5,6,5,5,5,0,6,5,3,1,21,15
"850",5,10,1,7,12,14,3,1,6,5,1,7,12,9,3,1,6,5,0,0,1,5,2,5,5,1,1,26,20
"851",6,10,1,7,14,14,3,1,7,10,1,7,12,14,3,1,6,1,2,0,1,0,0,2,1,4,4,28,21
"852",7,14,1,7,14,14,3,4,7,10,1,7,14,14,3,1,7,4,3,2,3,2,0,4,3,1,3,32,24
"853",8,14,1,7,16,14,10,4,7,14,1,7,14,14,3,4,7,2,0,0,6,6,5,2,6,4,2,34,31
"854",9,20,1,9,16,14,10,4,12,14,1,7,16,14,10,4,7,6,5,0,5,0,0,6,5,1,4,42,36
"855",10,20,1,13,16,14,10,4,16,20,1,9,16,14,10,4,12,4,4,4,4,4,0,4,4,3,4,46,40
"856",11,20,5,13,16,14,10,4,21,20,1,13,16,14,10,4,16,4,0,0,5,2,2,4,5,2,4,50,45
"857",12,20,5,13,18,14,10,4,21,20,5,13,16,14,10,4,21,2,2,0,2,0,0,2,0,4,0,52,45
"858",0,0,0,0,0,0,0,0,0,0,0,0,0,0,0,0,0,0,0,0,0,0,0,0,0,0,0,0,0
"859",1,1,1,6,1,1,1,1,5,1,1,1,1,1,1,1,1,4,5,5,4,5,0,5,4,3,4,5,4
"860",2,1,6,6,1,9,1,1,5,1,1,6,1,1,1,1,5,5,0,0,6,2,1,5,6,2,1,10,12
"861",3,1,6,6,3,10,1,1,5,1,6,6,1,9,1,1,5,2,1,0,1,0,0,2,1,4,1,12,13
"862",4,6,12,6,3,10,1,1,6,1,6,6,3,10,1,1,5,2,6,1,2,1,0,6,1,2,4,23,14
"863",5,6,12,6,5,13,1,1,6,6,12,6,3,10,1,1,6,2,0,0,1,3,5,2,3,4,1,25,17
"864",6,6,12,11,5,13,2,1,6,6,12,6,5,13,1,1,6,1,5,0,1,0,0,5,1,3,2,30,18
"865",7,6,12,11,10,18,2,1,6,6,12,11,5,13,2,1,6,5,4,5,4,5,0,5,5,4,1,35,23
"866",8,10,12,11,10,18,5,1,6,6,12,11,10,18,2,1,6,4,0,0,3,6,4,4,3,1,2,39,26
"867",9,10,13,11,16,22,5,1,6,10,12,11,10,18,5,1,6,6,4,0,4,0,0,6,4,4,1,46,30
"868",10,18,13,11,16,27,5,1,6,10,13,11,16,22,5,1,6,6,5,2,5,2,0,6,5,1,1,54,35
"869",11,18,13,13,16,36,5,1,12,18,13,11,16,27,5,1,6,2,0,0,6,5,6,2,6,3,4,56,50
"870",12,19,19,13,16,36,5,1,12,18,13,13,16,36,5,1,12,5,6,0,5,0,0,6,0,2,0,63,50
"871",0,0,0,0,0,0,0,0,0,0,0,0,0,0,0,0,0,0,0,0,0,0,0,0,0,0,0,0,0
"872",1,6,1,1,1,5,1,1,1,1,1,1,1,1,1,1,1,1,5,4,1,4,0,5,4,1,1,5,4
"873",2,6,1,2,1,5,1,10,1,6,1,1,1,5,1,1,1,1,0,0,4,2,6,1,6,3,3,6,13
"874",3,6,1,6,1,7,1,10,1,6,1,2,1,5,1,10,1,4,2,0,2,0,0,4,2,3,1,10,15
"875",4,9,1,6,1,7,1,10,2,6,1,6,1,7,1,10,1,2,3,1,2,1,0,3,1,1,4,13,16
"876",5,9,1,6,3,7,1,13,2,9,1,6,1,7,1,10,2,2,0,0,1,3,3,2,3,4,3,15,19
"877",6,9,1,6,6,7,1,14,2,9,1,6,3,7,1,13,2,1,3,0,1,0,0,3,1,4,3,18,20
"878",7,15,1,8,6,7,9,14,2,9,1,6,6,7,1,14,2,6,6,6,6,6,0,6,6,1,2,26,28
"879",8,15,7,8,9,13,12,14,2,15,1,8,6,7,9,14,2,6,0,0,4,6,3,6,6,2,1,35,37
"880",9,15,11,8,9,13,12,17,2,15,7,8,9,13,12,14,2,4,3,0,3,0,0,4,3,2,3,39,40
"881",10,15,23,12,9,17,12,17,2,15,11,8,9,13,12,17,2,6,4,2,4,2,0,6,4,2,1,55,44
"882",11,15,25,12,9,17,12,17,6,15,23,12,9,17,12,17,2,2,0,0,4,1,3,2,4,2,4,57,48
"883",12,15,25,12,10,17,12,17,6,15,25,12,9,17,12,17,6,1,3,0,3,0,0,1,0,4,0,58,48
"884",0,0,0,0,0,0,0,0,0,0,0,0,0,0,0,0,0,0,0,0,0,0,0,0,0,0,0,0,0
"885",1,1,1,1,6,4,1,1,1,1,1,1,1,1,1,1,1,5,2,3,2,3,0,5,3,4,1,5,3
"886",2,3,1,1,6,8,1,1,1,1,1,1,6,4,1,1,1,2,0,0,4,4,1,2,4,1,1,7,7
"887",3,3,1,1,10,8,1,1,2,3,1,1,6,8,1,1,1,4,1,0,1,0,0,4,1,4,4,11,8
"888",4,4,1,7,10,9,1,7,2,3,1,1,10,8,1,1,2,6,6,3,6,3,0,6,6,3,3,18,15
"889",5,4,1,7,13,14,1,7,2,4,1,7,10,9,1,7,2,3,0,0,1,5,1,3,5,4,1,21,20
"890",6,4,2,7,13,14,2,7,2,4,1,7,13,14,1,7,2,1,1,0,1,0,0,1,1,2,2,22,21
"891",7,4,2,9,13,15,2,7,2,4,2,7,13,14,2,7,2,1,1,2,1,1,0,2,1,3,1,24,22
"892",8,4,2,10,13,17,2,7,8,4,2,9,13,15,2,7,2,1,0,0,6,1,2,1,6,3,4,25,30
"893",9,4,2,10,15,18,2,7,8,4,2,10,13,17,2,7,8,1,2,0,1,0,0,2,1,4,1,27,31
"894",10,4,5,10,21,18,2,12,8,4,2,10,15,18,2,7,8,3,5,6,3,5,0,6,5,4,3,36,36
"895",11,1,5,10,24,24,2,12,8,4,5,10,21,18,2,12,8,3,0,0,1,2,4,3,4,4,1,36,42
"896",12,2,5,10,24,24,2,12,8,1,5,10,24,24,2,12,8,1,2,0,2,0,0,1,0,1,0,37,42
"897",0,0,0,0,0,0,0,0,0,0,0,0,0,0,0,0,0,0,0,0,0,0,0,0,0,0,0,0,0
"898",1,1,4,1,1,1,1,1,4,1,1,1,1,1,1,1,1,2,3,3,2,3,0,3,3,2,4,3,3
"899",2,1,4,1,3,4,1,1,4,1,4,1,1,1,1,1,4,2,0,0,3,4,6,2,3,4,1,5,6
"900",3,1,5,7,3,4,5,1,4,1,4,1,3,4,1,1,4,4,6,0,4,0,0,6,4,3,2,12,10
"901",4,10,5,7,3,4,5,5,4,1,5,7,3,4,5,1,4,6,4,3,4,3,0,6,4,1,3,21,14
"902",5,10,5,7,6,4,9,5,4,10,5,7,3,4,5,5,4,3,0,0,3,4,5,3,4,4,2,24,18
"903",6,10,5,7,11,4,9,8,4,10,5,7,6,4,9,5,4,3,5,0,3,0,0,5,3,4,3,29,21
"904",7,16,7,7,11,4,9,13,4,10,5,7,11,4,9,8,4,5,6,1,5,1,0,6,5,1,3,37,26
"905",8,16,8,7,11,9,9,13,4,16,7,7,11,4,9,13,4,1,0,0,4,5,5,1,5,2,1,38,31
"906",9,21,8,7,11,9,13,13,4,16,8,7,11,9,9,13,4,4,5,0,4,0,0,5,4,1,2,43,35
"907",10,21,8,7,15,9,16,13,4,21,8,7,11,9,13,13,4,3,2,4,3,2,0,4,3,4,2,47,38
"908",11,1,8,7,15,9,21,13,5,21,8,7,15,9,16,13,4,2,0,0,1,5,4,2,1,1,4,27,44
"909",12,6,8,7,15,9,21,13,5,1,8,7,15,9,21,13,5,5,4,0,4,0,0,5,0,1,0,32,44
"910",0,0,0,0,0,0,0,0,0,0,0,0,0,0,0,0,0,0,0,0,0,0,0,0,0,0,0,0,0
"911",1,1,1,1,6,3,1,1,1,1,1,1,1,1,1,1,1,2,4,5,2,4,0,5,2,4,1,5,2
"912",2,1,1,5,6,3,4,1,1,1,1,1,6,3,1,1,1,4,0,0,5,3,2,4,3,3,2,9,5
"913",3,1,1,10,6,3,4,3,1,1,1,5,6,3,4,1,1,5,2,0,2,0,0,5,2,3,3,14,7
"914",4,1,1,10,10,3,6,3,1,1,1,10,6,3,4,3,1,4,2,2,2,2,0,4,2,4,2,18,9
"915",5,1,1,10,12,3,6,8,1,1,1,10,10,3,6,3,1,2,0,0,5,1,5,2,5,4,3,20,14
"916",6,6,1,10,12,4,6,8,1,1,1,10,12,3,6,8,1,1,5,0,1,0,0,5,1,1,1,25,15
"917",7,11,1,10,12,4,9,8,1,6,1,10,12,4,6,8,1,5,3,1,3,1,0,5,3,1,2,30,18
"918",8,11,1,11,12,9,9,8,1,11,1,10,12,4,9,8,1,1,0,0,5,6,2,1,5,3,1,31,23
"919",9,11,11,11,12,11,9,8,1,11,1,11,12,9,9,8,1,6,2,0,2,0,0,6,2,2,1,41,25
"920",10,11,15,11,12,11,10,8,1,11,11,11,12,11,9,8,1,4,2,1,2,1,0,4,1,2,2,45,26
"921",11,13,15,11,12,13,10,8,1,11,15,11,12,11,10,8,1,2,0,0,2,3,5,2,2,1,1,47,28
"922",12,13,15,11,15,13,10,8,1,13,15,11,12,13,10,8,1,3,5,0,5,0,0,3,0,4,0,50,28
"923",0,0,0,0,0,0,0,0,0,0,0,0,0,0,0,0,0,0,0,0,0,0,0,0,0,0,0,0,0
"924",1,1,1,10,1,1,6,1,7,1,1,1,1,1,1,1,1,6,2,6,2,6,0,6,6,3,4,9,11
"925",2,3,1,10,1,6,6,1,7,1,1,10,1,1,6,1,7,2,0,0,5,5,3,2,5,1,1,11,16
"926",3,3,1,15,1,6,6,1,10,3,1,10,1,6,6,1,7,5,3,0,3,0,0,5,3,3,4,16,19
"927",4,3,1,15,8,6,6,5,10,3,1,15,1,6,6,1,10,4,5,6,4,5,0,6,4,4,3,23,23
"928",5,3,6,15,8,11,6,5,10,3,1,15,8,6,6,5,10,5,0,0,2,5,5,5,5,2,1,28,28
"929",6,3,11,15,8,13,6,5,10,3,6,15,8,11,6,5,10,2,5,0,2,0,0,5,2,2,1,33,30
"930",7,9,11,17,8,13,6,5,15,3,11,15,8,13,6,5,10,5,6,1,5,1,0,6,5,1,4,41,35
"931",8,9,11,18,8,16,6,5,15,9,11,17,8,13,6,5,15,1,0,0,3,4,3,1,3,3,1,42,38
"932",9,9,11,18,12,16,9,5,15,9,11,18,8,16,6,5,15,4,3,0,3,0,0,4,3,4,2,46,41
"933",10,12,11,18,12,23,9,5,15,9,11,18,12,16,9,5,15,6,3,6,6,6,0,3,6,1,1,49,48
"934",11,18,11,20,12,28,9,5,15,12,11,18,12,23,9,5,15,6,0,0,1,5,5,6,5,1,1,57,53
"935",12,18,16,20,12,28,9,5,15,18,11,20,12,28,9,5,15,1,5,0,1,0,0,5,0,2,0,62,53
"936",0,0,0,0,0,0,0,0,0,0,0,0,0,0,0,0,0,0,0,0,0,0,0,0,0,0,0,0,0
"937",1,1,1,5,7,1,1,3,1,1,1,1,1,1,1,1,1,5,2,6,5,2,0,6,2,4,3,10,2
"938",2,1,6,5,7,1,1,7,1,1,1,5,7,1,1,3,1,5,0,0,4,6,3,5,4,2,3,15,6
"939",3,2,12,11,7,1,4,7,1,1,6,5,7,1,1,7,1,6,3,0,3,0,0,6,3,3,2,28,9
"940",4,7,12,11,7,1,4,7,4,2,12,11,7,1,4,7,1,3,3,5,3,3,0,5,3,1,4,33,12
"941",5,7,15,11,7,1,4,10,4,7,12,11,7,1,4,7,4,3,0,0,3,1,3,3,3,2,3,36,15
"942",6,7,15,11,8,1,4,13,4,7,15,11,7,1,4,10,4,1,3,0,3,0,0,1,3,4,3,37,18
"943",7,7,15,11,13,1,4,13,7,7,15,11,8,1,4,13,4,3,2,5,3,2,0,5,3,4,4,42,21
"944",8,7,15,13,13,1,4,13,12,7,15,11,13,1,4,13,7,2,0,0,6,5,2,2,5,3,4,44,26
"945",9,14,15,13,13,3,4,13,12,7,15,13,13,1,4,13,12,6,2,0,2,0,0,6,2,1,1,51,28
"946",10,14,15,13,15,8,4,13,12,14,15,13,13,3,4,13,12,2,5,2,5,2,0,2,5,4,1,53,33
"947",11,16,15,13,15,16,4,13,12,14,15,13,15,8,4,13,12,2,0,0,6,4,2,2,6,1,1,55,41
"948",12,16,15,17,15,16,4,13,12,16,15,13,15,16,4,13,12,4,2,0,2,0,0,4,0,3,0,59,41
"949",0,0,0,0,0,0,0,0,0,0,0,0,0,0,0,0,0,0,0,0,0,0,0,0,0,0,0,0,0
"950",1,7,1,5,1,3,1,1,1,1,1,1,1,1,1,1,1,6,2,1,2,1,0,6,2,1,1,10,2
"951",2,7,1,5,2,3,1,1,5,7,1,5,1,3,1,1,1,1,0,0,4,5,4,1,4,4,4,11,6
"952",3,7,6,5,2,3,5,1,5,7,1,5,2,3,1,1,5,5,4,0,4,0,0,5,4,2,2,16,10
"953",4,7,11,5,2,3,5,6,5,7,6,5,2,3,5,1,5,2,5,5,2,5,0,5,5,2,3,21,15
"954",5,7,11,5,4,3,8,6,5,7,11,5,2,3,5,6,5,2,0,0,1,2,3,2,3,4,2,23,18
"955",6,9,11,5,4,4,8,6,5,7,11,5,4,3,8,6,5,1,2,0,1,0,0,2,1,1,1,25,19
"956",7,14,11,5,4,8,8,6,5,9,11,5,4,4,8,6,5,1,4,5,1,4,0,5,4,1,1,30,23
"957",8,14,12,5,4,8,11,6,5,14,11,5,4,8,8,6,5,1,0,0,3,1,5,1,3,2,2,31,26
"958",9,19,12,5,4,8,11,7,5,14,12,5,4,8,11,6,5,1,5,0,1,0,0,5,1,1,3,36,27
"959",10,19,12,9,10,8,11,7,10,19,12,5,4,8,11,7,5,6,2,5,2,5,0,6,5,4,4,46,32
"960",11,19,14,9,10,11,11,7,10,19,12,9,10,8,11,7,10,2,0,0,3,2,2,2,3,2,1,48,35
"961",12,19,14,9,12,11,11,7,10,19,14,9,10,11,11,7,10,2,2,0,2,0,0,2,0,4,0,50,35
"962",0,0,0,0,0,0,0,0,0,0,0,0,0,0,0,0,0,0,0,0,0,0,0,0,0,0,0,0,0
"963",1,6,1,1,1,1,4,1,1,1,1,1,1,1,1,1,1,5,4,3,4,3,0,5,3,1,2,5,3
"964",2,10,1,1,1,1,4,3,1,6,1,1,1,1,4,1,1,4,0,0,2,1,2,4,2,1,3,9,5
"965",3,10,1,3,1,1,4,3,2,10,1,1,1,1,4,3,1,1,2,0,1,0,0,2,1,3,4,11,6
"966",4,10,1,6,1,1,4,3,4,10,1,3,1,1,4,3,2,3,2,1,2,1,0,3,2,3,4,14,8
"967",5,10,1,6,2,7,4,6,4,10,1,6,1,1,4,3,4,1,0,0,3,6,3,1,6,4,1,15,17
"968",6,10,1,9,2,7,4,6,7,10,1,6,2,7,4,6,4,3,3,0,3,0,0,3,3,3,4,18,20
"969",7,14,1,9,2,7,4,8,7,10,1,9,2,7,4,6,7,2,4,1,2,1,0,4,2,1,3,22,22
"970",8,14,1,10,2,8,10,8,7,14,1,9,2,7,4,8,7,1,0,0,4,2,6,1,6,3,2,23,29
"971",9,14,1,10,6,10,10,8,7,14,1,10,2,8,10,8,7,4,2,0,2,0,0,4,2,4,1,27,31
"972",10,14,6,10,6,10,13,8,7,14,1,10,6,10,10,8,7,2,3,5,2,3,0,5,3,2,2,32,34
"973",11,14,6,12,6,15,13,8,7,14,6,10,6,10,13,8,7,2,0,0,1,5,3,2,5,3,1,34,39
"974",12,14,6,13,6,15,13,8,7,14,6,12,6,15,13,8,7,1,3,0,3,0,0,1,0,3,0,35,39
"975",0,0,0,0,0,0,0,0,0,0,0,0,0,0,0,0,0,0,0,0,0,0,0,0,0,0,0,0,0
"976",1,1,7,6,1,1,1,3,1,1,1,1,1,1,1,1,1,2,6,2,2,2,0,6,2,2,3,11,2
"977",2,3,7,6,1,1,4,3,1,1,7,6,1,1,1,3,1,2,0,0,3,5,4,2,3,1,2,13,5
"978",3,8,7,6,1,5,4,3,1,3,7,6,1,1,4,3,1,5,4,0,4,0,0,5,4,1,1,18,9
"979",4,12,7,6,1,5,9,3,1,8,7,6,1,5,4,3,1,5,4,4,5,4,0,4,5,1,2,22,14
"980",5,12,7,10,1,5,13,3,1,12,7,6,1,5,9,3,1,4,0,0,4,5,6,4,4,3,2,26,18
"981",6,12,13,10,5,5,13,3,6,12,7,10,1,5,13,3,1,5,6,0,5,0,0,6,5,2,4,36,23
"982",7,12,13,16,16,6,13,3,6,12,13,10,5,5,13,3,6,1,2,6,1,2,0,6,1,3,1,53,24
"983",8,12,15,16,16,6,13,3,10,12,13,16,16,6,13,3,6,2,0,0,3,4,1,2,4,2,4,55,28
"984",9,13,15,16,16,6,16,3,10,12,15,16,16,6,13,3,10,3,1,0,3,0,0,1,3,1,2,56,31
"985",10,13,15,16,19,15,16,3,10,13,15,16,16,6,16,3,10,6,2,3,6,2,0,3,6,4,1,59,40
"986",11,13,17,16,19,15,16,3,12,13,15,16,19,15,16,3,10,2,0,0,2,6,5,2,2,2,4,61,42
"987",12,19,17,16,22,15,16,3,12,13,17,16,19,15,16,3,12,6,5,0,5,0,0,6,0,1,0,70,42
"988",0,0,0,0,0,0,0,0,0,0,0,0,0,0,0,0,0,0,0,0,0,0,0,0,0,0,0,0,0
"989",1,4,1,1,1,1,1,4,1,1,1,1,1,1,1,1,1,3,2,3,2,3,0,3,3,1,3,3,3
"990",2,4,1,3,1,1,2,4,1,4,1,1,1,1,1,4,1,2,0,0,1,2,2,2,1,3,2,5,4
"991",3,4,3,3,1,1,2,6,1,4,1,3,1,1,2,4,1,2,2,0,2,0,0,2,2,2,3,7,6
"992",4,7,3,3,1,1,2,7,1,4,3,3,1,1,2,6,1,1,3,1,1,1,0,3,1,1,3,10,7
"993",5,7,3,4,1,6,2,7,1,7,3,3,1,1,2,7,1,1,0,0,5,2,5,1,5,3,1,11,12
"994",6,7,3,4,6,6,2,9,1,7,3,4,1,6,2,7,1,2,5,0,2,0,0,5,2,4,3,16,14
"995",7,11,9,4,6,18,2,9,1,7,3,4,6,6,2,9,1,6,6,3,6,3,0,6,6,2,1,26,26
"996",8,11,9,4,9,21,2,9,1,11,9,4,6,18,2,9,1,3,0,0,3,3,3,3,3,4,1,29,29
"997",9,11,9,7,9,21,5,9,1,11,9,4,9,21,2,9,1,3,3,0,3,0,0,3,3,3,2,32,32
"998",10,11,9,13,13,21,5,10,1,11,9,7,9,21,5,9,1,1,6,3,1,3,0,6,1,3,3,42,33
"999",11,14,1,13,13,27,5,12,1,11,9,13,13,21,5,10,1,3,0,0,6,2,3,3,6,1,1,37,41
"1000",12,14,1,13,16,27,5,12,1,14,1,13,13,27,5,12,1,2,3,0,2,0,0,3,0,4,0,40,41
"1001",0,0,0,0,0,0,0,0,0,0,0,0,0,0,0,0,0,0,0,0,0,0,0,0,0,0,0,0,0
"1002",1,1,5,1,1,7,7,4,1,1,1,1,1,1,1,1,1,4,6,3,6,3,0,4,6,2,2,4,15
"1003",2,1,8,1,1,7,10,4,1,1,5,1,1,7,7,4,1,3,0,0,3,3,2,3,3,2,2,7,18
"1004",3,1,11,1,1,7,10,6,1,1,8,1,1,7,10,4,1,3,2,0,2,0,0,3,2,2,3,10,20
"1005",4,1,12,1,1,7,11,12,1,1,11,1,1,7,10,6,1,6,1,1,6,1,0,1,6,2,3,11,27
"1006",5,1,13,1,1,8,11,12,1,1,12,1,1,7,11,12,1,1,0,0,1,3,6,1,1,2,1,12,28
"1007",6,1,16,1,7,8,14,12,1,1,13,1,1,8,11,12,1,3,6,0,3,0,0,6,3,4,2,21,31
"1008",7,1,20,1,7,8,16,12,1,1,16,1,7,8,14,12,1,2,4,6,2,6,0,4,2,2,2,25,33
"1009",8,7,26,1,9,1,23,18,1,1,20,1,7,8,16,12,1,6,0,0,5,6,2,6,6,2,3,39,39
"1010",9,12,26,1,9,1,25,18,1,7,26,1,9,1,23,18,1,5,2,0,2,0,0,5,2,1,2,44,41
"1011",10,12,26,9,9,1,3,18,1,12,26,1,9,1,25,18,1,4,6,2,4,2,0,6,2,3,2,52,19
"1012",11,16,26,9,9,1,3,21,1,12,26,9,9,1,3,18,1,4,0,0,1,3,5,4,3,1,3,56,22
"1013",12,16,26,14,9,1,3,21,1,16,26,9,9,1,3,21,1,1,5,0,1,0,0,5,0,3,0,61,22
"1014",0,0,0,0,0,0,0,0,0,0,0,0,0,0,0,0,0,0,0,0,0,0,0,0,0,0,0,0,0
"1015",1,4,7,1,1,1,2,1,1,1,1,1,1,1,1,1,1,6,1,2,1,2,0,6,1,2,2,9,1
"1016",2,4,9,1,1,6,2,1,1,4,7,1,1,1,2,1,1,2,0,0,5,5,2,2,5,2,1,11,6
"1017",3,4,14,1,1,8,2,1,1,4,9,1,1,6,2,1,1,5,2,0,2,0,0,5,2,2,1,16,8
"1018",4,4,17,1,1,11,2,1,1,4,14,1,1,8,2,1,1,3,3,1,3,1,0,3,3,2,1,19,11
"1019",5,4,17,1,2,11,2,1,4,4,17,1,1,11,2,1,1,1,0,0,3,5,2,1,3,4,4,20,14
"1020",6,4,17,1,7,13,2,1,4,4,17,1,2,11,2,1,4,5,2,0,2,0,0,5,2,4,1,25,16
"1021",7,4,17,1,12,13,6,1,4,4,17,1,7,13,2,1,4,4,3,5,4,3,0,5,4,4,2,30,20
"1022",8,7,17,1,12,13,9,1,4,4,17,1,12,13,6,1,4,3,0,0,3,1,2,3,3,1,2,33,23
"1023",9,7,19,1,12,13,10,1,4,7,17,1,12,13,9,1,4,1,2,0,1,0,0,2,1,2,2,35,24
"1024",10,18,19,7,12,13,14,1,4,7,19,1,12,13,10,1,4,4,6,4,4,4,0,6,4,1,2,52,28
"1025",11,22,19,7,14,13,18,1,1,18,19,7,12,13,14,1,4,4,0,0,4,2,3,4,4,1,2,58,29
"1026",12,22,21,7,14,13,18,1,1,22,19,7,14,13,18,1,1,2,3,0,3,0,0,2,0,2,0,60,29
"1027",0,0,0,0,0,0,0,0,0,0,0,0,0,0,0,0,0,0,0,0,0,0,0,0,0,0,0,0,0
"1028",1,1,5,1,1,1,7,1,4,1,1,1,1,1,1,1,1,4,3,6,3,6,0,4,6,2,2,4,9
"1029",2,1,8,1,1,6,7,1,4,1,5,1,1,1,7,1,4,3,0,0,5,2,5,3,5,2,1,7,14
"1030",3,6,8,1,1,6,9,1,4,1,8,1,1,6,7,1,4,2,5,0,2,0,0,5,2,1,2,12,16
"1031",4,8,8,1,1,8,9,1,4,6,8,1,1,6,9,1,4,2,2,2,2,2,0,2,2,1,1,14,18
"1032",5,8,10,1,1,8,19,1,4,8,8,1,1,8,9,1,4,2,0,0,5,6,6,2,6,2,2,16,28
"1033",6,8,16,1,2,8,19,1,9,8,10,1,1,8,19,1,4,5,6,0,5,0,0,6,5,2,4,23,33
"1034",7,8,18,1,2,8,19,4,9,8,16,1,2,8,19,1,9,3,2,4,3,4,0,2,3,2,3,25,36
"1035",8,8,18,1,6,13,19,10,9,8,18,1,2,8,19,4,9,4,0,0,6,4,5,4,6,4,3,29,47
"1036",9,8,22,1,6,13,19,10,14,8,18,1,6,13,19,10,9,4,5,0,5,0,0,4,5,2,4,33,52
"1037",10,8,27,1,6,17,19,10,14,8,22,1,6,13,19,10,14,5,4,4,4,4,0,5,4,2,1,38,56
"1038",11,8,31,1,6,18,19,10,14,8,27,1,6,17,19,10,14,4,0,0,1,2,4,4,1,2,1,42,57
"1039",12,8,31,3,6,18,19,10,14,8,31,1,6,18,19,10,14,2,4,0,4,0,0,2,0,3,0,44,57
"1040",0,0,0,0,0,0,0,0,0,0,0,0,0,0,0,0,0,0,0,0,0,0,0,0,0,0,0,0,0
"1041",1,1,1,6,1,1,1,1,3,1,1,1,1,1,1,1,1,6,5,2,6,2,0,5,2,3,4,5,2
"1042",2,2,7,6,1,2,1,1,9,1,1,6,1,1,1,1,3,6,0,0,2,1,6,6,6,2,4,12,9
"1043",3,2,9,6,1,2,1,1,10,2,7,6,1,2,1,1,9,2,1,0,1,0,0,2,1,2,4,14,10
"1044",4,8,9,7,1,7,1,1,10,2,9,6,1,2,1,1,10,3,6,5,3,5,0,6,5,1,1,21,15
"1045",5,8,12,7,1,13,3,1,10,8,9,7,1,7,1,1,10,3,0,0,2,6,2,3,6,2,1,24,23
"1046",6,10,12,7,1,15,3,1,10,8,12,7,1,13,3,1,10,2,2,0,2,0,0,2,2,1,1,26,25
"1047",7,10,12,7,9,15,5,1,10,10,12,7,1,15,3,1,10,2,6,1,2,1,0,6,2,4,2,34,27
"1048",8,10,13,7,9,15,6,1,10,10,12,7,9,15,5,1,10,1,0,0,1,1,3,1,1,2,2,35,28
"1049",9,13,13,7,9,15,6,2,10,10,13,7,9,15,6,1,10,1,3,0,1,0,0,3,1,1,3,38,29
"1050",10,13,13,13,12,20,6,2,10,13,13,7,9,15,6,2,10,6,5,5,5,5,0,6,5,3,1,47,34
"1051",11,13,13,13,17,25,6,2,10,13,13,13,12,20,6,2,10,5,0,0,3,6,5,5,5,4,1,52,39
"1052",12,13,17,13,23,25,6,2,10,13,13,13,17,25,6,2,10,3,6,0,3,0,0,6,0,4,0,62,39
"1053",0,0,0,0,0,0,0,0,0,0,0,0,0,0,0,0,0,0,0,0,0,0,0,0,0,0,0,0,0
"1054",1,1,3,7,1,1,1,6,1,1,1,1,1,1,1,1,1,5,6,5,5,5,0,6,5,3,3,8,5
"1055",2,1,3,7,6,6,1,6,1,1,3,7,1,1,1,6,1,5,0,0,5,4,1,5,5,4,1,13,10
"1056",3,1,3,11,6,7,1,6,1,1,3,7,6,6,1,6,1,4,1,0,1,0,0,4,1,3,1,17,11
"1057",4,4,3,11,6,7,4,6,1,1,3,11,6,7,1,6,1,2,3,3,2,3,0,3,3,1,2,20,14
"1058",5,4,3,13,6,9,4,6,1,4,3,11,6,7,4,6,1,2,0,0,2,2,2,2,2,3,1,22,16
"1059",6,4,5,13,6,11,4,6,1,4,3,13,6,9,4,6,1,2,2,0,2,0,0,2,2,2,1,24,18
"1060",7,9,5,13,6,14,4,6,1,4,5,13,6,11,4,6,1,3,5,1,3,1,0,5,3,1,1,29,21
"1061",8,10,5,13,6,17,4,6,1,9,5,13,6,14,4,6,1,1,0,0,3,1,1,1,3,1,1,30,24
"1062",9,10,6,13,6,18,4,6,1,10,5,13,6,17,4,6,1,1,1,0,1,0,0,1,1,2,1,31,25
"1063",10,10,6,19,9,23,4,6,1,10,6,13,6,18,4,6,1,6,5,4,5,4,0,6,5,3,1,40,30
"1064",11,14,6,19,9,23,4,6,4,10,6,19,9,23,4,6,1,4,0,0,2,5,3,4,3,1,4,44,33
"1065",12,19,6,19,9,23,4,6,4,14,6,19,9,23,4,6,4,2,5,0,2,0,0,5,0,1,0,49,33
"1066",0,0,0,0,0,0,0,0,0,0,0,0,0,0,0,0,0,0,0,0,0,0,0,0,0,0,0,0,0
"1067",1,1,1,1,3,2,1,1,1,1,1,1,1,1,1,1,1,1,2,1,1,1,0,2,1,4,1,2,1
"1068",2,1,1,1,4,3,1,1,1,1,1,1,3,2,1,1,1,1,0,0,5,1,4,1,1,4,1,3,2
"1069",3,1,1,6,4,3,1,5,1,1,1,1,4,3,1,1,1,5,4,0,4,0,0,5,4,3,3,8,6
"1070",4,1,6,6,4,3,3,5,1,1,1,6,4,3,1,5,1,5,2,1,2,1,0,5,2,2,2,13,8
"1071",5,2,6,6,4,9,3,5,5,1,6,6,4,3,3,5,1,1,0,0,6,3,4,1,6,1,1,14,18
"1072",6,6,6,6,4,12,3,5,5,2,6,6,4,9,3,5,5,3,4,0,3,0,0,4,3,1,1,18,21
"1073",7,6,6,6,7,15,3,5,5,6,6,6,4,12,3,5,5,2,3,3,2,3,0,3,3,4,1,21,24
"1074",8,6,6,6,9,15,3,10,11,6,6,6,7,15,3,5,5,2,0,0,4,6,4,2,6,4,4,23,35
"1075",9,6,6,10,9,19,3,10,11,6,6,6,9,15,3,10,11,4,4,0,4,0,0,4,4,3,1,27,39
"1076",10,6,6,10,11,19,3,13,11,6,6,10,9,19,3,10,11,2,3,1,3,1,0,2,3,4,3,29,42
"1077",11,7,6,10,11,22,3,13,11,6,6,10,11,19,3,13,11,1,0,0,3,3,4,1,3,1,1,30,45
"1078",12,7,6,14,11,22,3,13,11,7,6,10,11,22,3,13,11,3,4,0,3,0,0,4,0,3,0,34,45
"1079",0,0,0,0,0,0,0,0,0,0,0,0,0,0,0,0,0,0,0,0,0,0,0,0,0,0,0,0,0
"1080",1,5,1,1,1,1,1,6,1,1,1,1,1,1,1,1,1,4,1,5,1,5,0,4,5,1,3,4,5
"1081",2,6,1,1,1,1,1,16,1,5,1,1,1,1,1,6,1,1,0,0,3,6,2,1,6,1,3,5,15
"1082",3,6,1,1,4,1,3,16,1,6,1,1,1,1,1,16,1,3,2,0,2,0,0,3,2,4,2,8,17
"1083",4,16,1,1,4,1,3,19,1,6,1,1,4,1,3,16,1,6,2,3,2,3,0,6,3,1,3,18,20
"1084",5,16,3,1,4,4,3,19,1,16,1,1,4,1,3,19,1,2,0,0,1,6,3,2,3,2,1,20,23
"1085",6,16,3,1,14,5,3,19,1,16,3,1,4,4,3,19,1,1,6,0,1,0,0,6,1,4,1,30,24
"1086",7,16,3,4,20,9,3,19,1,16,3,1,14,5,3,19,1,6,4,4,4,4,0,6,4,4,1,39,28
"1087",8,16,3,8,20,9,3,23,1,16,3,4,20,9,3,19,1,4,0,0,4,4,6,4,4,3,3,43,32
"1088",9,16,3,15,20,13,3,23,1,16,3,8,20,9,3,23,1,4,6,0,4,0,0,6,4,3,1,50,36
"1089",10,16,5,15,30,17,3,1,1,16,3,15,20,13,3,23,1,3,6,4,3,4,0,6,4,4,1,62,18
"1090",11,16,8,15,30,23,3,6,1,16,5,15,30,17,3,1,1,3,0,0,6,4,2,3,6,2,1,65,29
"1091",12,16,10,15,30,23,3,6,1,16,8,15,30,23,3,6,1,4,2,0,4,0,0,2,0,2,0,67,29
"1092",0,0,0,0,0,0,0,0,0,0,0,0,0,0,0,0,0,0,0,0,0,0,0,0,0,0,0,0,0
"1093",1,5,1,1,1,1,1,2,1,1,1,1,1,1,1,1,1,4,1,2,1,2,0,4,1,1,3,4,1
"1094",2,7,1,1,1,1,1,8,4,5,1,1,1,1,1,2,1,2,0,0,6,3,3,2,6,1,3,6,10
"1095",3,7,1,1,4,1,1,8,7,7,1,1,1,1,1,8,4,3,3,0,3,0,0,3,3,4,4,9,13
"1096",4,7,5,1,4,1,1,8,11,7,1,1,4,1,1,8,7,4,4,4,4,4,0,4,4,2,4,13,17
"1097",5,7,9,1,4,4,1,8,11,7,5,1,4,1,1,8,11,4,0,0,3,3,1,4,3,2,1,17,20
"1098",6,7,9,4,4,4,2,8,11,7,9,1,4,4,1,8,11,3,1,0,1,0,0,3,1,3,2,20,21
"1099",7,12,9,4,10,4,2,17,11,7,9,4,4,4,2,8,11,6,2,6,2,6,0,6,6,4,3,31,30
"1100",8,14,9,4,10,4,2,17,15,12,9,4,10,4,2,17,11,2,0,0,1,4,3,2,4,1,4,33,34
"1101",9,14,12,4,10,5,2,17,15,14,9,4,10,4,2,17,15,1,3,0,1,0,0,3,1,2,1,36,35
"1102",10,14,12,9,10,5,2,17,19,14,12,4,10,5,2,17,15,5,2,4,2,4,0,5,4,3,4,41,39
"1103",11,14,12,9,12,5,6,17,19,14,12,9,10,5,2,17,19,2,0,0,2,1,4,2,4,4,2,43,43
"1104",12,14,13,9,12,5,6,17,19,14,12,9,12,5,6,17,19,2,1,0,2,0,0,1,0,2,0,44,43
"1105",0,0,0,0,0,0,0,0,0,0,0,0,0,0,0,0,0,0,0,0,0,0,0,0,0,0,0,0,0
"1106",1,1,5,1,1,1,1,1,6,1,1,1,1,1,1,1,1,1,4,5,1,5,0,4,5,2,4,4,5
"1107",2,1,5,1,2,5,1,1,6,1,5,1,1,1,1,1,6,1,0,0,4,4,5,1,4,4,1,5,9
"1108",3,1,10,1,2,5,1,5,6,1,5,1,2,5,1,1,6,4,5,0,4,0,0,5,4,2,3,10,13
"1109",4,1,12,1,2,7,1,5,6,1,10,1,2,5,1,5,6,1,2,2,1,2,0,2,2,2,1,12,15
"1110",5,2,12,1,2,7,7,7,6,1,12,1,2,7,1,5,6,1,0,0,3,6,4,1,6,1,2,13,23
"1111",6,2,16,1,2,7,10,7,6,2,12,1,2,7,7,7,6,3,4,0,3,0,0,4,3,2,2,17,26
"1112",7,2,20,1,2,7,10,7,8,2,16,1,2,7,10,7,6,3,2,4,3,2,0,4,2,2,4,21,28
"1113",8,5,20,1,2,7,15,7,8,2,20,1,2,7,10,7,8,3,0,0,5,3,4,3,5,1,2,24,33
"1114",9,5,24,1,2,7,15,10,8,5,20,1,2,7,15,7,8,3,4,0,3,0,0,4,3,2,3,28,36
"1115",10,5,1,1,2,17,15,10,1,5,24,1,2,7,15,10,8,6,4,2,6,4,0,2,6,2,1,5,39
"1116",11,9,1,1,1,23,15,10,1,5,1,1,2,17,15,10,1,4,0,0,3,5,6,4,3,1,1,8,45
"1117",12,15,6,1,1,23,15,10,1,9,1,1,1,23,15,10,1,5,6,0,5,0,0,6,0,1,0,19,45
"1118",0,0,0,0,0,0,0,0,0,0,0,0,0,0,0,0,0,0,0,0,0,0,0,0,0,0,0,0,0
"1119",1,1,6,1,1,1,2,1,1,1,1,1,1,1,1,1,1,1,1,5,1,1,0,5,1,2,2,5,1
"1120",2,1,6,2,1,1,2,4,1,1,6,1,1,1,2,1,1,1,0,0,3,1,4,1,3,3,3,6,4
"1121",3,1,10,2,1,1,2,5,1,1,6,2,1,1,2,4,1,1,4,0,1,0,0,4,1,2,3,10,5
"1122",4,1,10,7,1,1,2,5,3,1,10,2,1,1,2,5,1,2,5,2,2,2,0,5,2,3,4,15,7
"1123",5,1,10,9,1,1,7,5,9,1,10,7,1,1,2,5,3,2,0,0,2,6,4,2,6,3,4,17,18
"1124",6,1,14,9,1,3,7,5,9,1,10,9,1,1,7,5,9,2,4,0,2,0,0,4,2,2,1,21,20
"1125",7,1,14,10,7,3,7,5,14,1,14,9,1,3,7,5,9,6,5,5,5,5,0,6,5,4,4,28,25
"1126",8,1,14,10,12,3,7,5,15,1,14,10,7,3,7,5,14,5,0,0,6,1,1,5,1,4,4,33,26
"1127",9,6,14,16,12,4,7,5,15,1,14,10,12,3,7,5,15,6,1,0,1,0,0,6,1,3,1,44,27
"1128",10,16,14,16,12,4,7,5,20,6,14,16,12,4,7,5,15,6,6,5,6,5,0,6,5,1,4,54,32
"1129",11,16,20,22,17,1,7,5,25,16,14,16,12,4,7,5,20,6,0,0,1,5,4,6,5,2,4,71,34
"1130",12,16,21,22,17,1,7,5,25,16,20,22,17,1,7,5,25,1,4,0,4,0,0,1,0,2,0,72,34
"1131",0,0,0,0,0,0,0,0,0,0,0,0,0,0,0,0,0,0,0,0,0,0,0,0,0,0,0,0,0
"1132",1,1,6,1,1,1,1,1,5,1,1,1,1,1,1,1,1,4,5,2,4,2,0,5,4,2,4,5,4
"1133",2,1,8,1,1,1,6,1,5,1,6,1,1,1,1,1,5,2,0,0,1,5,6,2,5,2,2,7,9
"1134",3,2,8,1,7,1,6,2,5,1,8,1,1,1,6,1,5,1,6,0,1,0,0,6,1,4,3,14,10
"1135",4,2,8,6,7,1,6,2,10,2,8,1,7,1,6,2,5,5,5,4,5,4,0,5,5,3,4,19,15
"1136",5,2,8,10,7,6,6,2,10,2,8,6,7,1,6,2,10,4,0,0,5,6,3,4,5,3,1,23,20
"1137",6,8,8,12,7,9,6,2,10,2,8,10,7,6,6,2,10,6,3,0,3,0,0,6,3,1,1,31,23
"1138",7,13,8,12,7,9,9,2,10,8,8,12,7,9,6,2,10,5,3,1,3,1,0,5,3,1,2,36,26
"1139",8,13,8,13,7,9,14,2,10,13,8,12,7,9,9,2,10,1,0,0,2,5,1,1,5,3,2,37,31
"1140",9,13,8,13,9,9,14,3,10,13,8,13,7,9,14,2,10,2,1,0,1,0,0,2,1,4,3,39,32
"1141",10,16,14,13,9,12,14,3,10,13,8,13,9,9,14,3,10,6,3,2,3,2,0,6,3,2,1,48,35
"1142",11,18,14,13,9,13,14,3,10,16,14,13,9,12,14,3,10,2,0,0,1,3,2,2,1,1,1,50,36
"1143",12,18,16,13,9,13,14,3,10,18,14,13,9,13,14,3,10,3,2,0,3,0,0,2,0,2,0,52,36
"1144",0,0,0,0,0,0,0,0,0,0,0,0,0,0,0,0,0,0,0,0,0,0,0,0,0,0,0,0,0
"1145",1,7,1,1,3,6,1,1,1,1,1,1,1,1,1,1,1,6,1,5,1,5,0,6,5,1,1,8,5
"1146",2,7,2,1,3,6,1,4,1,7,1,1,3,6,1,1,1,1,0,0,3,2,6,1,3,2,3,9,8
"1147",3,7,8,6,3,8,1,4,1,7,2,1,3,6,1,4,1,2,6,0,2,0,0,6,2,2,1,20,10
"1148",4,7,8,6,6,8,1,6,1,7,8,6,3,8,1,4,1,2,3,3,2,3,0,3,2,4,3,23,12
"1149",5,7,8,6,9,13,1,6,1,7,8,6,6,8,1,6,1,3,0,0,5,1,5,3,5,4,1,26,17
"1150",6,7,13,6,9,13,1,7,1,7,8,6,9,13,1,6,1,1,5,0,1,0,0,5,1,2,3,31,18
"1151",7,10,13,6,9,13,1,7,3,7,13,6,9,13,1,7,1,2,3,2,2,2,0,3,2,1,4,34,20
"1152",8,10,13,8,9,13,1,7,6,10,13,6,9,13,1,7,3,2,0,0,4,3,6,2,3,3,4,36,23
"1153",9,10,13,10,15,13,1,7,10,10,13,8,9,13,1,7,6,4,6,0,4,0,0,6,4,4,4,44,27
"1154",10,15,13,10,15,14,1,7,10,10,13,10,15,13,1,7,10,5,1,1,1,1,0,5,1,1,1,49,28
"1155",11,15,13,11,15,14,1,7,12,15,13,10,15,14,1,7,10,1,0,0,5,2,6,1,2,3,4,50,30
"1156",12,21,13,11,16,14,1,7,12,15,13,11,15,14,1,7,12,5,6,0,5,0,0,6,0,1,0,57,30
"1157",0,0,0,0,0,0,0,0,0,0,0,0,0,0,0,0,0,0,0,0,0,0,0,0,0,0,0,0,0
"1158",1,1,3,1,1,2,1,1,1,1,1,1,1,1,1,1,1,2,1,1,1,1,0,2,1,2,1,2,1
"1159",2,1,3,1,2,2,4,1,1,1,3,1,1,2,1,1,1,1,0,0,3,1,3,1,3,4,2,3,4
"1160",3,1,6,1,2,2,4,2,1,1,3,1,2,2,4,1,1,1,3,0,1,0,0,3,1,2,3,6,5
"1161",4,1,12,1,3,2,4,3,1,1,6,1,2,2,4,2,1,1,1,6,1,1,0,6,1,2,3,13,6
"1162",5,1,12,2,3,2,4,3,5,1,12,1,3,2,4,3,1,1,0,0,4,1,5,1,4,3,4,14,10
"1163",6,1,12,2,8,2,4,3,6,1,12,2,3,2,4,3,5,1,5,0,1,0,0,5,1,4,4,19,11
"1164",7,1,12,2,13,7,4,3,6,1,12,2,8,2,4,3,6,5,5,5,5,5,0,5,5,4,1,24,16
"1165",8,6,12,2,13,7,7,3,6,1,12,2,13,7,4,3,6,5,0,0,6,3,3,5,3,1,2,29,19
"1166",9,11,12,8,13,7,7,6,6,6,12,2,13,7,7,3,6,6,3,0,3,0,0,6,3,3,3,40,22
"1167",10,15,12,8,13,12,7,6,6,11,12,8,13,7,7,6,6,4,5,5,5,5,0,4,5,1,1,44,27
"1168",11,15,17,8,13,15,7,6,6,15,12,8,13,12,7,6,6,5,0,0,3,5,3,5,3,2,1,49,30
"1169",12,20,17,8,13,15,7,6,6,15,17,8,13,15,7,6,6,5,3,0,3,0,0,5,0,1,0,54,30
"1170",0,0,0,0,0,0,0,0,0,0,0,0,0,0,0,0,0,0,0,0,0,0,0,0,0,0,0,0,0
"1171",1,1,1,5,1,7,7,5,1,1,1,1,1,1,1,1,1,4,5,6,5,6,0,4,6,3,2,4,16
"1172",2,1,1,10,1,8,7,5,1,1,1,5,1,7,7,5,1,5,0,0,3,1,6,5,1,3,1,9,17
"1173",3,7,1,12,1,8,7,5,4,1,1,10,1,8,7,5,1,3,6,0,3,0,0,6,3,1,4,17,20
"1174",4,7,4,18,1,8,7,5,8,7,1,12,1,8,7,5,4,4,1,6,4,1,0,6,4,3,4,26,24
"1175",5,7,5,18,1,9,7,5,8,7,4,18,1,8,7,5,8,1,0,0,1,5,4,1,1,2,1,27,25
"1176",6,7,5,22,1,9,12,5,8,7,5,18,1,9,7,5,8,5,4,0,5,0,0,4,5,3,2,31,30
"1177",7,7,11,22,3,9,13,5,8,7,5,22,1,9,12,5,8,1,4,6,1,4,0,6,1,2,2,39,31
"1178",8,11,11,22,3,14,13,5,8,7,11,22,3,9,13,5,8,4,0,0,6,5,6,4,5,1,1,43,36
"1179",9,14,11,22,9,24,13,5,8,11,11,22,3,14,13,5,8,6,6,0,6,0,0,6,6,4,1,52,46
"1180",10,14,17,22,10,29,13,5,8,14,11,22,9,24,13,5,8,5,6,5,5,5,0,6,5,2,1,59,51
"1181",11,19,1,22,10,38,13,5,8,14,17,22,10,29,13,5,8,5,0,0,6,3,2,5,6,1,1,48,60
"1182",12,19,1,22,12,38,13,5,8,19,1,22,10,38,13,5,8,3,2,0,3,0,0,2,0,4,0,50,60
"1183",0,0,0,0,0,0,0,0,0,0,0,0,0,0,0,0,0,0,0,0,0,0,0,0,0,0,0,0,0
"1184",1,7,1,1,3,1,3,1,1,1,1,1,1,1,1,1,1,2,6,2,2,2,0,6,2,1,2,8,2
"1185",2,7,1,3,3,3,3,1,1,7,1,1,3,1,3,1,1,2,0,0,2,3,3,2,2,3,1,10,4
"1186",3,7,4,3,3,3,6,1,1,7,1,3,3,3,3,1,1,3,3,0,3,0,0,3,3,2,2,13,7
"1187",4,7,4,3,8,3,8,1,1,7,4,3,3,3,6,1,1,5,2,4,2,4,0,5,2,4,2,18,9
"1188",5,7,4,7,8,3,8,4,1,7,4,3,8,3,8,1,1,4,0,0,1,3,2,4,3,3,3,22,12
"1189",6,7,4,7,10,3,8,5,1,7,4,7,8,3,8,4,1,1,2,0,1,0,0,2,1,4,3,24,13
"1190",7,7,7,7,10,3,8,6,1,7,4,7,10,3,8,5,1,3,1,1,1,1,0,3,1,2,3,27,14
"1191",8,7,7,7,11,5,8,6,1,7,7,7,10,3,8,6,1,1,0,0,2,2,6,1,2,4,1,28,16
"1192",9,7,13,8,11,7,8,6,1,7,7,7,11,5,8,6,1,2,6,0,2,0,0,6,2,2,1,35,18
"1193",10,11,13,8,11,9,8,6,1,7,13,8,11,7,8,6,1,2,1,4,2,1,0,4,2,1,1,39,20
"1194",11,12,13,8,11,13,8,6,1,11,13,8,11,9,8,6,1,1,0,0,4,6,4,1,4,1,1,40,24
"1195",12,24,17,8,11,13,8,1,1,12,13,8,11,13,8,6,1,6,4,0,4,0,0,6,0,1,0,56,19
"1196",0,0,0,0,0,0,0,0,0,0,0,0,0,0,0,0,0,0,0,0,0,0,0,0,0,0,0,0,0
"1197",1,1,5,1,1,1,1,1,4,1,1,1,1,1,1,1,1,3,4,1,3,1,0,4,3,2,4,4,3
"1198",2,1,5,1,2,7,7,6,4,1,5,1,1,1,1,1,4,1,0,0,6,6,4,1,6,4,2,5,20
"1199",3,1,16,7,2,7,11,6,4,1,5,1,2,7,7,6,4,6,4,0,4,0,0,6,4,2,2,22,24
"1200",4,1,16,7,13,11,11,6,4,1,16,7,2,7,11,6,4,4,6,1,4,1,0,6,4,4,1,33,28
"1201",5,1,17,7,13,11,16,6,4,1,16,7,13,11,11,6,4,1,0,0,5,6,3,1,5,2,2,34,33
"1202",6,1,17,12,19,11,16,6,7,1,17,7,13,11,16,6,4,6,3,0,3,0,0,6,3,4,4,45,36
"1203",7,1,17,16,19,11,21,6,7,1,17,12,19,11,16,6,7,5,4,4,5,4,0,4,5,3,2,49,41
"1204",8,1,17,20,19,16,21,6,7,1,17,16,19,11,21,6,7,4,0,0,5,5,1,4,5,3,1,53,46
"1205",9,1,22,20,19,16,22,6,7,1,17,20,19,16,21,6,7,5,1,0,1,0,0,5,1,2,2,58,47
"1206",10,10,22,20,19,17,22,6,7,1,22,20,19,16,22,6,7,6,1,4,1,4,0,6,1,1,1,67,48
"1207",11,14,22,20,19,17,27,6,7,10,22,20,19,17,22,6,7,4,0,0,5,5,1,4,5,1,2,71,53
"1208",12,14,22,20,20,17,27,6,7,14,22,20,19,17,27,6,7,5,1,0,5,0,0,1,0,4,0,72,53
"1209",0,0,0,0,0,0,0,0,0,0,0,0,0,0,0,0,0,0,0,0,0,0,0,0,0,0,0,0,0
"1210",1,1,4,1,1,7,4,1,1,1,1,1,1,1,1,1,1,3,6,4,6,4,0,3,6,2,1,3,9
"1211",2,1,4,1,5,14,10,1,1,1,4,1,1,7,4,1,1,4,0,0,6,1,4,4,6,4,1,7,22
"1212",3,1,4,5,5,15,10,1,1,1,4,1,5,14,10,1,1,1,4,0,1,0,0,4,1,3,1,11,23
"1213",4,1,8,5,5,15,10,1,4,1,4,5,5,15,10,1,1,4,3,4,3,4,0,4,3,2,4,15,26
"1214",5,1,8,9,5,15,15,1,4,1,8,5,5,15,10,1,4,4,0,0,5,3,1,4,5,3,2,19,31
"1215",6,1,8,9,8,16,15,1,4,1,8,9,5,15,15,1,4,3,1,0,1,0,0,3,1,4,1,22,32
"1216",7,1,8,9,13,16,15,5,4,1,8,9,8,16,15,1,4,4,1,5,4,1,0,5,4,4,3,27,36
"1217",8,1,8,9,14,21,15,5,4,1,8,9,13,16,15,5,4,1,0,0,1,5,2,1,5,4,1,28,41
"1218",9,6,8,9,14,1,16,5,4,1,8,9,14,21,15,5,4,1,2,0,1,0,0,2,1,1,2,33,22
"1219",10,6,12,9,14,6,16,5,4,6,8,9,14,1,16,5,4,4,5,5,5,5,0,4,5,2,1,37,27
"1220",11,11,12,9,14,8,16,5,4,6,12,9,14,6,16,5,4,5,0,0,2,4,2,5,2,1,1,42,29
"1221",12,11,12,9,18,8,16,5,4,11,12,9,14,8,16,5,4,4,2,0,2,0,0,4,0,4,0,46,29
"1222",0,0,0,0,0,0,0,0,0,0,0,0,0,0,0,0,0,0,0,0,0,0,0,0,0,0,0,0,0
"1223",1,5,1,1,1,7,3,7,1,1,1,1,1,1,1,1,1,4,6,2,6,2,0,4,6,1,1,4,14
"1224",2,5,1,3,1,7,3,9,1,5,1,1,1,7,3,7,1,2,0,0,2,3,5,2,2,3,3,6,16
"1225",3,10,1,3,1,10,3,9,1,5,1,3,1,7,3,9,1,3,5,0,3,0,0,5,3,1,1,11,19
"1226",4,10,8,3,1,14,3,9,1,10,1,3,1,10,3,9,1,3,6,4,3,4,0,6,4,2,1,18,23
"1227",5,10,11,3,1,14,3,11,1,10,8,3,1,14,3,9,1,3,0,0,2,2,4,3,2,2,3,21,25
"1228",6,14,11,3,1,14,5,11,1,10,11,3,1,14,3,11,1,2,4,0,2,0,0,4,2,1,2,25,27
"1229",7,14,16,3,1,14,5,15,7,14,11,3,1,14,5,11,1,5,6,1,6,1,0,5,6,2,4,30,37
"1230",8,14,16,3,2,14,9,15,7,14,16,3,1,14,5,15,7,1,0,0,4,4,6,1,4,4,2,31,41
"1231",9,18,22,3,2,18,9,15,7,14,16,3,2,14,9,15,7,4,6,0,4,0,0,6,4,2,1,41,45
"1232",10,18,27,7,2,18,1,19,7,18,22,3,2,18,9,15,7,5,4,1,4,1,0,5,4,2,3,50,41
"1233",11,18,1,7,2,19,1,19,10,18,27,7,2,18,1,19,7,1,0,0,3,5,6,1,3,2,4,24,45
"1234",12,18,1,12,2,19,1,19,10,18,1,7,2,19,1,19,10,5,6,0,6,0,0,5,0,3,0,29,45
"1235",0,0,0,0,0,0,0,0,0,0,0,0,0,0,0,0,0,0,0,0,0,0,0,0,0,0,0,0,0
"1236",1,1,5,1,1,1,1,2,1,1,1,1,1,1,1,1,1,1,4,2,1,2,0,4,1,2,3,4,1
"1237",2,3,5,1,1,1,1,2,6,1,5,1,1,1,1,2,1,2,0,0,5,1,6,2,5,1,4,6,6
"1238",3,9,5,5,1,1,1,2,7,3,5,1,1,1,1,2,6,1,6,0,1,0,0,6,1,1,4,16,7
"1239",4,10,5,5,1,3,1,2,7,9,5,5,1,1,1,2,7,1,2,1,2,1,0,1,2,1,1,17,9
"1240",5,11,5,5,1,7,1,2,7,10,5,5,1,3,1,2,7,1,0,0,4,2,5,1,4,1,1,18,13
"1241",6,11,5,5,6,7,1,4,7,11,5,5,1,7,1,2,7,2,5,0,2,0,0,5,2,4,3,23,15
"1242",7,11,7,11,6,17,1,4,7,11,5,5,6,7,1,4,7,1,6,6,1,6,0,6,6,3,1,31,25
"1243",8,11,7,11,7,17,6,4,7,11,7,11,6,17,1,4,7,1,0,0,6,5,2,1,5,4,2,32,30
"1244",9,17,8,11,7,17,6,6,7,11,7,11,7,17,6,4,7,6,2,0,2,0,0,6,2,1,3,39,32
"1245",10,17,13,11,7,17,6,8,7,17,8,11,7,17,6,6,7,5,2,1,2,1,0,5,2,2,3,44,34
"1246",11,18,13,11,7,20,6,8,7,17,13,11,7,17,6,8,7,1,0,0,3,3,3,1,3,1,1,45,37
"1247",12,18,13,11,10,20,6,8,7,18,13,11,7,20,6,8,7,3,3,0,3,0,0,3,0,4,0,48,37
"1248",0,0,0,0,0,0,0,0,0,0,0,0,0,0,0,0,0,0,0,0,0,0,0,0,0,0,0,0,0
"1249",1,1,1,1,5,2,1,1,1,1,1,1,1,1,1,1,1,1,4,1,1,1,0,4,1,4,1,4,1
"1250",2,1,2,1,5,2,4,1,1,1,1,1,5,2,1,1,1,1,0,0,6,3,6,1,3,2,2,5,4
"1251",3,1,5,7,5,2,4,7,6,1,2,1,5,2,4,1,1,6,6,0,6,0,0,6,6,3,3,14,15
"1252",4,7,5,7,10,11,4,7,6,1,5,7,5,2,4,7,6,4,6,6,4,6,0,6,6,1,1,25,24
"1253",5,7,5,11,10,14,4,7,6,7,5,7,10,11,4,7,6,4,0,0,3,4,6,4,3,3,1,29,27
"1254",6,7,5,17,15,14,8,7,6,7,5,11,10,14,4,7,6,4,6,0,4,0,0,6,4,3,2,40,31
"1255",7,7,5,17,17,14,8,9,6,7,5,17,15,14,8,7,6,2,2,2,2,2,0,2,2,4,3,42,33
"1256",8,9,5,17,17,14,8,13,6,7,5,17,17,14,8,9,6,2,0,0,4,3,4,2,4,1,3,44,37
"1257",9,13,5,17,17,14,11,13,6,9,5,17,17,14,8,13,6,3,4,0,3,0,0,4,3,1,2,48,40
"1258",10,15,5,17,17,14,12,13,6,13,5,17,17,14,11,13,6,2,1,1,1,1,0,2,1,1,2,50,41
"1259",11,16,5,17,17,17,12,13,6,15,5,17,17,14,12,13,6,1,0,0,3,4,1,1,3,1,1,51,44
"1260",12,16,5,21,17,17,12,13,6,16,5,17,17,17,12,13,6,4,1,0,1,0,0,4,0,3,0,55,44
"1261",0,0,0,0,0,0,0,0,0,0,0,0,0,0,0,0,0,0,0,0,0,0,0,0,0,0,0,0,0
"1262",1,1,5,1,1,1,5,1,1,1,1,1,1,1,1,1,1,1,4,4,1,4,0,4,4,2,2,4,4
"1263",2,1,5,1,2,1,6,1,1,1,5,1,1,1,5,1,1,1,0,0,2,1,2,1,1,4,2,5,5
"1264",3,3,5,1,2,3,6,1,1,1,5,1,2,1,6,1,1,2,2,0,2,0,0,2,2,1,1,7,7
"1265",4,3,5,1,7,3,6,4,1,3,5,1,2,3,6,1,1,3,3,5,3,3,0,5,3,4,3,12,10
"1266",5,3,5,4,7,8,6,4,1,3,5,1,7,3,6,4,1,3,0,0,5,3,4,3,5,3,1,15,15
"1267",6,3,5,8,7,11,6,4,1,3,5,4,7,8,6,4,1,3,4,0,3,0,0,4,3,3,1,19,18
"1268",7,3,9,14,7,11,6,4,4,3,5,8,7,11,6,4,1,5,6,3,5,3,0,6,3,3,4,29,21
"1269",8,3,9,14,12,11,10,4,4,3,9,14,7,11,6,4,4,5,0,0,5,1,4,5,4,4,2,34,25
"1270",9,3,9,14,17,11,10,5,4,3,9,14,12,11,10,4,4,5,1,0,1,0,0,5,1,4,3,39,26
"1271",10,3,13,14,17,11,10,6,4,3,9,14,17,11,10,5,4,1,1,4,1,1,0,4,1,2,3,43,27
"1272",11,4,13,14,17,11,15,6,4,3,13,14,17,11,10,6,4,1,0,0,2,6,5,1,5,1,2,44,32
"1273",12,4,15,14,17,11,15,6,4,4,13,14,17,11,15,6,4,2,6,0,6,0,0,2,0,2,0,46,32
"1274",0,0,0,0,0,0,0,0,0,0,0,0,0,0,0,0,0,0,0,0,0,0,0,0,0,0,0,0,0
"1275",1,6,1,1,1,1,6,1,1,1,1,1,1,1,1,1,1,5,5,4,5,4,0,5,5,1,2,5,5
"1276",2,6,1,5,1,6,6,1,1,6,1,1,1,1,6,1,1,4,0,0,5,2,1,4,5,3,1,9,10
"1277",3,6,3,5,1,6,6,1,2,6,1,5,1,6,6,1,1,2,1,0,1,0,0,2,1,2,4,11,11
"1278",4,6,3,5,8,11,6,1,2,6,3,5,1,6,6,1,2,2,6,5,2,5,0,6,5,4,1,18,16
"1279",5,6,3,5,10,17,6,1,5,6,3,5,8,11,6,1,2,2,0,0,3,6,4,2,6,4,1,20,25
"1280",6,6,7,5,10,17,6,4,5,6,3,5,10,17,6,1,5,3,4,0,3,0,0,4,3,2,3,24,28
"1281",7,10,7,5,10,17,6,5,5,6,7,5,10,17,6,4,5,1,4,2,1,2,0,4,1,1,3,28,29
"1282",8,10,7,7,10,17,6,13,5,10,7,5,10,17,6,5,5,2,0,0,2,6,3,2,6,3,3,30,37
"1283",9,10,7,7,13,17,6,13,7,10,7,7,10,17,6,13,5,2,3,0,2,0,0,3,2,4,4,33,39
"1284",10,16,7,7,15,24,6,13,7,10,7,7,13,17,6,13,7,5,6,6,5,6,0,6,6,1,1,41,46
"1285",11,16,7,7,20,24,10,13,7,16,7,7,15,24,6,13,7,5,0,0,4,2,5,5,4,4,2,46,50
"1286",12,21,7,7,20,24,10,13,7,16,7,7,20,24,10,13,7,2,5,0,2,0,0,5,0,1,0,51,50
"1287",0,0,0,0,0,0,0,0,0,0,0,0,0,0,0,0,0,0,0,0,0,0,0,0,0,0,0,0,0
"1288",1,1,1,6,1,1,2,1,1,1,1,1,1,1,1,1,1,5,1,2,1,2,0,5,1,3,2,5,1
"1289",2,3,1,6,1,7,2,5,1,1,1,6,1,1,2,1,1,2,0,0,1,6,1,2,6,1,1,7,11
"1290",3,3,1,6,2,7,3,5,1,3,1,6,1,7,2,5,1,1,1,0,1,0,0,1,1,4,2,8,12
"1291",4,3,6,6,2,7,3,9,1,3,1,6,2,7,3,5,1,1,5,4,1,4,0,5,4,2,3,13,16
"1292",5,3,6,7,2,7,5,9,7,3,6,6,2,7,3,9,1,1,0,0,6,4,1,1,6,3,4,14,24
"1293",6,3,6,7,6,7,5,10,7,3,6,7,2,7,5,9,7,4,1,0,1,0,0,4,1,4,3,18,25
"1294",7,3,6,10,6,7,5,10,8,3,6,7,6,7,5,10,7,3,1,3,1,3,0,3,1,3,4,21,26
"1295",8,6,6,10,6,7,10,10,8,3,6,10,6,7,5,10,8,3,0,0,1,4,5,3,5,1,2,24,31
"1296",9,6,6,10,10,7,10,10,9,6,6,10,6,7,10,10,8,1,4,0,1,0,0,4,1,4,4,28,32
"1297",10,6,6,10,12,7,10,11,9,6,6,10,10,7,10,10,9,2,1,2,1,2,0,2,1,4,3,30,33
"1298",11,8,6,10,12,21,10,11,9,6,6,10,12,7,10,11,9,2,0,0,2,4,6,2,6,1,1,32,47
"1299",12,8,8,10,12,21,10,11,9,8,6,10,12,21,10,11,9,2,4,0,4,0,0,2,0,2,0,34,47
"1300",0,0,0,0,0,0,0,0,0,0,0,0,0,0,0,0,0,0,0,0,0,0,0,0,0,0,0,0,0
"1301",1,5,1,1,1,2,1,1,1,1,1,1,1,1,1,1,1,4,1,1,1,1,0,4,1,1,1,4,1
"1302",2,5,2,1,1,2,1,5,1,5,1,1,1,2,1,1,1,1,0,0,4,4,1,1,4,2,3,5,5
"1303",3,5,2,5,1,3,1,5,1,5,2,1,1,2,1,5,1,4,1,0,1,0,0,4,1,3,1,9,6
"1304",4,5,5,5,1,3,1,5,3,5,2,5,1,3,1,5,1,2,3,2,2,2,0,3,2,2,4,12,8
"1305",5,5,5,5,3,3,1,7,3,5,5,5,1,3,1,5,3,2,0,0,1,6,2,2,2,4,3,14,10
"1306",6,5,6,11,9,3,1,8,3,5,5,5,3,3,1,7,3,1,6,0,1,0,0,6,1,3,3,27,11
"1307",7,8,6,11,9,4,1,8,3,5,6,11,9,3,1,8,3,1,3,1,1,1,0,3,1,1,1,30,12
"1308",8,8,6,12,9,4,6,8,3,8,6,11,9,4,1,8,3,1,0,0,6,5,6,1,5,3,2,31,17
"1309",9,8,12,16,9,10,6,8,8,8,6,12,9,4,6,8,3,6,6,0,6,0,0,6,6,2,1,41,28
"1310",10,12,12,16,9,10,6,9,8,8,12,16,9,10,6,8,8,1,1,4,1,1,0,4,1,1,3,45,29
"1311",11,13,12,16,9,15,6,9,8,12,12,16,9,10,6,9,8,1,0,0,5,1,2,1,5,1,1,46,34
"1312",12,13,12,16,10,15,6,9,8,13,12,16,9,15,6,9,8,1,2,0,2,0,0,1,0,4,0,47,34
"1313",0,0,0,0,0,0,0,0,0,0,0,0,0,0,0,0,0,0,0,0,0,0,0,0,0,0,0,0,0
"1314",1,7,6,1,1,1,1,3,1,1,1,1,1,1,1,1,1,1,6,2,1,2,0,6,2,1,3,11,2
"1315",2,7,6,1,2,1,1,13,1,7,6,1,1,1,1,3,1,1,0,0,6,1,2,1,6,4,3,12,12
"1316",3,8,6,1,2,1,3,13,1,7,6,1,2,1,1,13,1,1,2,0,2,0,0,1,2,1,2,13,14
"1317",4,8,6,12,2,1,12,19,1,8,6,1,2,1,3,13,1,1,6,6,1,6,0,6,6,3,3,24,29
"1318",5,8,6,13,2,1,12,19,2,8,6,12,2,1,12,19,1,1,0,0,6,3,1,1,1,3,4,25,30
"1319",6,14,10,13,2,4,12,19,2,8,6,13,2,1,12,19,2,6,3,0,3,0,0,6,3,1,1,35,33
"1320",7,14,16,15,2,4,18,23,8,14,10,13,2,4,12,19,2,6,6,4,6,4,0,6,6,2,4,43,49
"1321",8,14,16,19,2,12,18,29,8,14,16,15,2,4,18,23,8,4,0,0,5,6,4,4,6,3,1,47,63
"1322",9,14,16,19,7,16,18,29,8,14,16,19,2,12,18,29,8,5,4,0,4,0,0,5,4,4,1,52,67
"1323",10,14,17,19,11,16,18,2,8,14,16,19,7,16,18,29,8,1,1,4,1,1,0,4,1,4,3,57,40
"1324",11,14,18,19,11,19,24,2,8,14,17,19,11,16,18,2,8,1,0,0,6,5,6,1,6,2,2,58,49
"1325",12,14,26,19,14,19,24,2,1,14,18,19,11,19,24,2,8,5,6,0,5,0,0,6,0,2,0,69,42
"1326",0,0,0,0,0,0,0,0,0,0,0,0,0,0,0,0,0,0,0,0,0,0,0,0,0,0,0,0,0
"1327",1,1,5,1,1,5,1,1,1,1,1,1,1,1,1,1,1,2,4,4,2,4,0,4,4,2,1,4,4
"1328",2,1,5,3,1,5,1,8,1,1,5,1,1,5,1,1,1,2,0,0,1,6,4,2,6,3,3,6,11
"1329",3,5,5,3,1,5,2,8,1,1,5,3,1,5,1,8,1,1,4,0,1,0,0,4,1,1,2,10,12
"1330",4,5,10,3,1,5,6,8,1,5,5,3,1,5,2,8,1,4,5,2,4,2,0,5,4,2,2,15,16
"1331",5,7,10,3,1,5,9,8,1,5,10,3,1,5,6,8,1,2,0,0,3,6,3,2,3,1,2,17,19
"1332",6,13,10,8,1,5,12,8,1,7,10,3,1,5,9,8,1,6,3,0,3,0,0,6,3,1,2,28,22
"1333",7,18,10,8,1,9,12,8,1,13,10,8,1,5,12,8,1,5,1,4,1,4,0,5,4,1,1,33,26
"1334",8,18,11,8,1,9,12,8,6,18,10,8,1,9,12,8,1,1,0,0,2,5,5,1,5,2,4,34,31
"1335",9,18,16,8,1,9,14,8,6,18,11,8,1,9,12,8,6,2,5,0,2,0,0,5,2,2,2,39,33
"1336",10,18,23,8,1,9,14,8,11,18,16,8,1,9,14,8,6,6,5,5,5,5,0,6,5,2,4,46,38
"1337",11,18,23,8,6,9,14,8,14,18,23,8,1,9,14,8,11,5,0,0,6,1,3,5,3,4,4,51,41
"1338",12,18,24,8,6,9,14,8,14,18,23,8,6,9,14,8,14,6,1,0,6,0,0,1,0,2,0,52,41
"1339",0,0,0,0,0,0,0,0,0,0,0,0,0,0,0,0,0,0,0,0,0,0,0,0,0,0,0,0,0
"1340",1,1,1,1,5,4,1,1,1,1,1,1,1,1,1,1,1,4,3,4,3,4,0,4,3,4,1,4,3
"1341",2,1,5,1,5,5,1,1,1,1,1,1,5,4,1,1,1,4,0,0,1,5,1,4,1,2,1,8,4
"1342",3,1,5,6,5,5,1,2,1,1,5,1,5,5,1,1,1,5,1,0,1,0,0,5,1,3,3,13,5
"1343",4,6,5,6,5,8,1,2,1,1,5,6,5,5,1,2,1,4,5,3,4,3,0,5,3,1,1,18,8
"1344",5,6,5,10,5,14,8,2,1,6,5,6,5,8,1,2,1,4,0,0,3,6,1,4,6,3,1,22,21
"1345",6,6,5,10,8,14,8,2,2,6,5,10,5,14,8,2,1,3,1,0,1,0,0,3,1,4,4,25,22
"1346",7,6,5,10,13,18,8,2,2,6,5,10,8,14,8,2,2,4,5,1,4,1,0,5,4,4,1,30,26
"1347",8,6,6,10,13,18,8,2,5,6,5,10,13,18,8,2,2,1,0,0,2,3,3,1,3,2,4,31,29
"1348",9,6,6,13,13,18,8,4,5,6,6,10,13,18,8,2,5,2,3,0,2,0,0,3,2,3,3,34,31
"1349",10,8,6,13,13,18,10,4,5,6,6,13,13,18,8,4,5,1,2,2,1,2,0,2,2,1,2,36,33
"1350",11,9,6,13,13,19,10,4,5,8,6,13,13,18,10,4,5,1,0,0,1,1,1,1,1,1,1,37,34
"1351",12,9,6,14,13,19,10,4,5,9,6,13,13,19,10,4,5,1,1,0,1,0,0,1,0,3,0,38,34
"1352",0,0,0,0,0,0,0,0,0,0,0,0,0,0,0,0,0,0,0,0,0,0,0,0,0,0,0,0,0
"1353",1,1,1,1,6,1,1,1,4,1,1,1,1,1,1,1,1,5,3,2,3,2,0,5,3,4,4,5,3
"1354",2,1,3,1,6,7,1,3,4,1,1,1,6,1,1,1,4,2,0,0,3,6,6,2,6,2,1,7,11
"1355",3,7,3,1,10,10,1,3,4,1,3,1,6,7,1,3,4,3,6,0,3,0,0,6,3,1,1,17,14
"1356",4,13,3,3,10,10,1,8,4,7,3,1,10,10,1,3,4,4,6,5,4,5,0,6,5,1,3,25,19
"1357",5,13,3,7,10,10,1,11,4,13,3,3,10,10,1,8,4,4,0,0,1,6,3,4,3,3,3,29,22
"1358",6,19,13,7,10,10,1,12,4,13,3,7,10,10,1,11,4,1,6,0,1,0,0,6,1,1,3,45,23
"1359",7,19,13,7,11,12,1,12,4,19,13,7,10,10,1,12,4,1,1,2,1,2,0,1,2,4,1,46,25
"1360",8,19,14,7,11,12,1,12,8,19,13,7,11,12,1,12,4,1,0,0,5,3,4,1,4,2,4,47,29
"1361",9,19,14,7,14,17,1,12,8,19,14,7,11,12,1,12,8,5,3,0,5,0,0,3,5,4,1,50,34
"1362",10,19,14,11,14,17,1,12,10,19,14,7,14,17,1,12,8,2,4,1,2,1,0,4,2,3,4,54,36
"1363",11,19,15,11,14,17,2,18,10,19,14,11,14,17,1,12,10,1,0,0,6,1,6,1,6,2,3,55,43
"1364",12,19,16,11,14,17,2,18,10,19,15,11,14,17,2,18,10,1,6,0,6,0,0,1,0,2,0,56,43
"1365",0,0,0,0,0,0,0,0,0,0,0,0,0,0,0,0,0,0,0,0,0,0,0,0,0,0,0,0,0
"1366",1,9,7,1,1,2,1,1,1,1,1,1,1,1,1,1,1,1,4,6,1,4,0,6,1,1,1,14,1
"1367",2,9,7,5,1,2,1,1,3,9,7,1,1,2,1,1,1,4,0,0,2,2,1,4,2,3,4,18,3
"1368",3,9,9,5,1,3,1,1,3,9,7,5,1,2,1,1,3,2,1,0,1,0,0,2,1,2,1,20,4
"1369",4,9,9,5,6,3,4,1,3,9,9,5,1,3,1,1,3,5,3,1,3,1,0,5,3,4,2,25,7
"1370",5,10,9,5,6,3,4,1,8,9,9,5,6,3,4,1,3,1,0,0,4,5,6,1,5,1,4,26,12
"1371",6,11,9,11,6,7,4,1,8,10,9,5,6,3,4,1,8,4,6,0,4,0,0,6,4,3,1,33,16
"1372",7,11,9,11,10,12,4,1,8,11,9,11,6,7,4,1,8,5,4,1,5,1,0,4,5,4,1,37,21
"1373",8,11,9,12,10,12,9,1,8,11,9,11,10,12,4,1,8,1,0,0,6,5,4,1,5,3,2,38,26
"1374",9,17,11,12,10,16,9,1,8,11,9,12,10,12,9,1,8,6,4,0,4,0,0,6,4,1,1,46,30
"1375",10,17,11,12,13,16,11,1,8,17,11,12,10,16,9,1,8,5,2,3,5,2,0,3,2,4,2,49,32
"1376",11,17,16,12,13,19,11,1,8,17,11,12,13,16,11,1,8,5,0,0,2,3,5,5,3,2,1,54,35
"1377",12,17,18,12,13,19,11,1,8,17,16,12,13,19,11,1,8,2,5,0,5,0,0,2,0,2,0,56,35
"1378",0,0,0,0,0,0,0,0,0,0,0,0,0,0,0,0,0,0,0,0,0,0,0,0,0,0,0,0,0
"1379",1,5,1,1,1,1,3,1,1,1,1,1,1,1,1,1,1,4,2,1,2,1,0,4,2,1,2,4,2
"1380",2,5,2,1,1,7,3,1,6,5,1,1,1,1,3,1,1,1,0,0,6,2,3,1,6,2,1,5,13
"1381",3,5,4,1,1,7,6,1,6,5,2,1,1,7,3,1,6,2,3,0,3,0,0,2,3,2,2,7,16
"1382",4,5,9,1,1,7,9,1,6,5,4,1,1,7,6,1,6,3,5,1,3,1,0,5,3,2,2,12,19
"1383",5,6,9,1,1,7,15,1,9,5,9,1,1,7,9,1,6,1,0,0,6,5,3,1,6,1,2,13,28
"1384",6,9,9,1,1,12,15,1,9,6,9,1,1,7,15,1,9,5,3,0,5,0,0,3,5,1,1,16,33
"1385",7,11,9,1,1,17,15,1,9,9,9,1,1,12,15,1,9,5,2,2,5,2,0,2,5,1,1,18,38
"1386",8,11,11,1,1,17,17,1,9,11,9,1,1,17,15,1,9,2,0,0,2,2,1,2,2,2,2,20,40
"1387",9,13,11,1,1,18,17,1,9,11,11,1,1,17,17,1,9,2,1,0,1,0,0,2,1,1,1,22,41
"1388",10,15,17,1,1,20,17,1,9,13,11,1,1,18,17,1,9,6,2,3,2,3,0,6,2,2,1,30,43
"1389",11,18,17,1,1,23,17,1,9,15,17,1,1,20,17,1,9,3,0,0,3,2,1,3,3,1,1,33,46
"1390",12,18,19,1,1,23,17,1,9,18,17,1,1,23,17,1,9,2,1,0,1,0,0,2,0,2,0,35,46
"1391",0,0,0,0,0,0,0,0,0,0,0,0,0,0,0,0,0,0,0,0,0,0,0,0,0,0,0,0,0
"1392",1,5,1,1,1,2,1,1,1,1,1,1,1,1,1,1,1,1,5,4,1,5,0,4,1,1,1,4,1
"1393",2,5,1,6,1,2,4,1,1,5,1,1,1,2,1,1,1,5,0,0,3,5,6,5,3,3,2,9,4
"1394",3,11,1,6,3,2,4,6,1,5,1,6,1,2,4,1,1,5,6,0,5,0,0,6,5,1,3,17,9
"1395",4,12,1,6,3,2,7,6,1,11,1,6,3,2,4,6,1,1,3,1,3,1,0,1,3,1,2,18,12
"1396",5,12,2,6,3,2,10,6,1,12,1,6,3,2,7,6,1,1,0,0,5,3,1,1,3,2,2,19,15
"1397",6,17,2,6,3,2,10,7,1,12,2,6,3,2,10,6,1,5,1,0,1,0,0,5,1,1,3,24,16
"1398",7,17,5,12,3,2,10,7,13,17,2,6,3,2,10,7,1,6,6,2,6,2,0,6,6,3,4,33,28
"1399",8,19,5,12,3,3,10,7,13,17,5,12,3,2,10,7,13,2,0,0,3,1,4,2,1,1,1,35,29
"1400",9,19,5,16,3,6,10,7,13,19,5,12,3,3,10,7,13,3,4,0,3,0,0,4,3,3,1,39,32
"1401",10,21,5,16,3,6,10,9,13,19,5,16,3,6,10,7,13,2,2,1,2,1,0,2,2,1,3,41,34
"1402",11,21,5,16,4,11,10,9,13,21,5,16,3,6,10,9,13,1,0,0,5,1,3,1,5,4,1,42,39
"1403",12,22,5,16,4,11,10,9,13,21,5,16,4,11,10,9,13,1,3,0,3,0,0,1,0,1,0,43,39
"1404",0,0,0,0,0,0,0,0,0,0,0,0,0,0,0,0,0,0,0,0,0,0,0,0,0,0,0,0,0
"1405",1,7,1,1,5,1,6,1,1,1,1,1,1,1,1,1,1,6,5,5,5,5,0,6,5,1,2,10,5
"1406",2,7,1,6,5,1,9,1,1,7,1,1,5,1,6,1,1,5,0,0,5,3,6,5,3,3,2,15,8
"1407",3,13,7,6,7,6,9,1,1,7,1,6,5,1,9,1,1,5,6,0,5,0,0,6,5,2,1,29,13
"1408",4,13,7,12,11,6,15,6,7,13,7,6,7,6,9,1,1,6,6,1,6,1,0,6,6,3,4,39,30
"1409",5,14,7,12,11,6,18,6,13,13,7,12,11,6,15,6,7,1,0,0,4,6,6,1,6,1,4,40,39
"1410",6,14,13,17,11,6,22,6,13,14,7,12,11,6,18,6,13,4,6,0,4,0,0,6,4,2,2,51,43
"1411",7,14,16,17,11,7,22,6,13,14,13,17,11,6,22,6,13,1,3,4,1,4,0,3,1,2,1,54,44
"1412",8,14,16,17,15,14,22,6,13,14,16,17,11,7,22,6,13,4,0,0,6,6,6,4,6,4,1,58,51
"1413",9,14,16,23,18,16,28,6,13,14,16,17,15,14,22,6,13,6,6,0,6,0,0,6,6,3,2,67,59
"1414",10,20,18,23,18,19,28,6,13,14,16,23,18,16,28,6,13,3,6,4,3,4,0,6,3,1,1,75,62
"1415",11,20,18,23,22,20,28,6,13,20,18,23,18,19,28,6,13,4,0,0,6,1,6,4,1,4,1,79,63
"1416",12,20,18,23,34,20,28,6,13,20,18,23,22,20,28,6,13,6,6,0,6,0,0,6,0,4,0,91,63
"1417",0,0,0,0,0,0,0,0,0,0,0,0,0,0,0,0,0,0,0,0,0,0,0,0,0,0,0,0,0
"1418",1,1,1,1,5,1,1,1,5,1,1,1,1,1,1,1,1,4,2,4,2,4,0,4,4,4,4,4,4
"1419",2,1,3,1,5,1,7,7,5,1,1,1,5,1,1,1,5,2,0,0,2,6,6,2,6,2,3,6,16
"1420",3,7,3,7,9,1,9,7,5,1,3,1,5,1,7,7,5,2,6,0,2,0,0,6,2,3,2,22,18
"1421",4,9,9,7,9,5,9,7,5,7,3,7,9,1,9,7,5,4,6,1,4,1,0,6,4,2,1,30,22
"1422",5,9,9,7,10,5,9,7,9,9,9,7,9,5,9,7,5,1,0,0,4,6,1,1,4,4,4,31,26
"1423",6,9,11,7,16,6,9,7,9,9,9,7,10,5,9,7,9,6,1,0,1,0,0,6,1,4,1,39,27
"1424",7,9,15,13,16,11,9,7,9,9,11,7,16,6,9,7,9,5,4,6,5,4,0,6,5,3,1,49,32
"1425",8,9,15,17,16,16,9,7,9,9,15,13,16,11,9,7,9,4,0,0,5,4,6,4,5,3,1,53,37
"1426",9,15,19,17,22,20,9,7,9,9,15,17,16,16,9,7,9,4,6,0,4,0,0,6,4,1,1,69,41
"1427",10,15,19,21,22,23,9,7,9,15,19,17,22,20,9,7,9,4,2,3,2,3,0,4,3,3,1,73,44
"1428",11,17,19,21,22,27,9,7,9,15,19,21,22,23,9,7,9,2,0,0,4,3,4,2,4,1,1,75,48
"1429",12,20,19,21,22,27,9,7,9,17,19,21,22,27,9,7,9,3,4,0,4,0,0,3,0,1,0,78,48
"1430",0,0,0,0,0,0,0,0,0,0,0,0,0,0,0,0,0,0,0,0,0,0,0,0,0,0,0,0,0
"1431",1,1,1,1,6,1,6,1,1,1,1,1,1,1,1,1,1,1,5,5,1,5,0,5,5,4,2,5,5
"1432",2,1,2,1,6,1,6,6,1,1,1,1,6,1,6,1,1,1,0,0,3,5,3,1,5,2,3,6,10
"1433",3,1,2,4,6,1,6,9,1,1,2,1,6,1,6,6,1,3,3,0,3,0,0,3,3,3,3,9,13
"1434",4,1,6,4,6,4,6,9,1,1,2,4,6,1,6,9,1,3,4,5,3,5,0,4,3,2,1,13,16
"1435",5,1,6,9,6,8,6,9,1,1,6,4,6,4,6,9,1,5,0,0,2,4,5,5,4,3,1,18,20
"1436",6,1,6,14,6,8,6,9,3,1,6,9,6,8,6,9,1,2,5,0,2,0,0,5,2,3,4,23,22
"1437",7,7,6,15,6,8,6,9,7,1,6,14,6,8,6,9,3,6,4,3,4,3,0,6,4,1,4,30,26
"1438",8,7,6,18,6,8,6,12,7,7,6,15,6,8,6,9,7,3,0,0,4,2,3,3,3,3,3,33,29
"1439",9,7,6,18,10,8,8,12,7,7,6,18,6,8,6,12,7,4,2,0,2,0,0,4,2,4,2,37,31
"1440",10,14,6,18,10,12,8,12,13,7,6,18,10,8,8,12,7,6,1,6,1,6,0,6,6,1,4,44,41
"1441",11,14,7,18,10,14,8,12,13,14,6,18,10,12,8,12,13,1,0,0,2,1,1,1,2,2,1,45,43
"1442",12,15,7,18,10,14,8,12,13,14,7,18,10,14,8,12,13,1,1,0,1,0,0,1,0,1,0,46,43
"1443",0,0,0,0,0,0,0,0,0,0,0,0,0,0,0,0,0,0,0,0,0,0,0,0,0,0,0,0,0
"1444",1,7,4,1,1,1,1,3,1,1,1,1,1,1,1,1,1,2,6,3,2,3,0,6,2,1,3,9,2
"1445",2,10,4,1,1,1,1,3,2,7,4,1,1,1,1,3,1,3,0,0,6,1,4,3,1,1,4,12,3
"1446",3,10,14,7,1,1,1,7,2,10,4,1,1,1,1,3,2,6,4,0,4,0,0,6,4,3,3,28,7
"1447",4,12,14,13,7,1,1,7,5,10,14,7,1,1,1,7,2,3,3,6,3,3,0,6,3,4,4,42,10
"1448",5,12,14,13,10,1,6,7,5,12,14,13,7,1,1,7,5,3,0,0,6,5,5,3,5,4,2,45,15
"1449",6,14,14,13,16,1,6,12,5,12,14,13,10,1,6,7,5,6,5,0,5,0,0,6,5,4,3,53,20
"1450",7,14,17,13,16,1,11,12,5,14,14,13,16,1,6,12,5,3,5,6,5,6,0,3,5,2,2,56,25
"1451",8,17,17,19,16,1,11,13,5,14,17,13,16,1,11,12,5,6,0,0,3,5,1,6,1,3,3,65,26
"1452",9,17,17,19,21,4,11,13,5,17,17,19,16,1,11,13,5,3,5,0,3,0,0,5,3,4,1,70,29
"1453",10,19,17,19,21,8,11,13,5,17,17,19,21,4,11,13,5,2,4,5,4,5,0,2,4,1,1,72,33
"1454",11,24,17,19,21,12,11,13,5,19,17,19,21,8,11,13,5,5,0,0,4,1,1,5,4,1,1,77,37
"1455",12,25,17,19,21,12,11,13,5,24,17,19,21,12,11,13,5,1,1,0,1,0,0,1,0,1,0,78,37
"1456",0,0,0,0,0,0,0,0,0,0,0,0,0,0,0,0,0,0,0,0,0,0,0,0,0,0,0,0,0
"1457",1,1,1,1,10,2,1,1,1,1,1,1,1,1,1,1,1,1,6,1,1,1,0,6,1,4,1,9,1
"1458",2,1,2,1,10,6,1,1,1,1,1,1,10,2,1,1,1,1,0,0,5,4,5,1,4,2,1,10,5
"1459",3,6,2,1,10,11,1,1,1,1,2,1,10,6,1,1,1,5,5,0,5,0,0,5,5,1,1,15,10
"1460",4,6,8,1,14,11,1,1,6,6,2,1,10,11,1,1,1,5,3,6,5,3,0,6,5,2,4,25,15
"1461",5,6,8,4,14,11,3,1,6,6,8,1,14,11,1,1,6,3,0,0,3,2,3,3,2,3,2,28,17
"1462",6,6,8,7,14,11,3,1,9,6,8,4,14,11,3,1,6,3,3,0,3,0,0,3,3,3,4,31,20
"1463",7,6,8,12,14,11,8,1,9,6,8,7,14,11,3,1,9,1,5,5,1,5,0,5,5,3,2,36,25
"1464",8,6,8,12,15,11,12,1,9,6,8,12,14,11,8,1,9,1,0,0,4,2,5,1,4,4,2,37,29
"1465",9,6,13,12,15,13,12,1,9,6,8,12,15,11,12,1,9,2,5,0,2,0,0,5,2,2,1,42,31
"1466",10,6,13,14,15,13,12,1,12,6,13,12,15,13,12,1,9,3,1,2,3,1,0,2,3,3,4,44,34
"1467",11,7,13,14,15,18,12,1,12,6,13,14,15,13,12,1,12,1,0,0,5,5,5,1,5,1,1,45,39
"1468",12,7,13,14,20,18,12,1,12,7,13,14,15,18,12,1,12,5,5,0,5,0,0,5,0,4,0,50,39
"1469",0,0,0,0,0,0,0,0,0,0,0,0,0,0,0,0,0,0,0,0,0,0,0,0,0,0,0,0,0
"1470",1,1,6,1,1,1,5,1,1,1,1,1,1,1,1,1,1,3,4,5,3,4,0,5,4,2,2,5,4
"1471",2,1,6,4,1,1,9,1,1,1,6,1,1,1,5,1,1,3,0,0,5,4,4,3,4,3,2,8,8
"1472",3,1,6,4,6,1,13,1,1,1,6,4,1,1,9,1,1,5,4,0,4,0,0,5,4,4,2,13,12
"1473",4,5,6,4,12,5,13,1,1,1,6,4,6,1,13,1,1,6,5,4,5,4,0,6,4,4,1,23,16
"1474",5,5,11,4,12,5,13,1,3,5,6,4,12,5,13,1,1,5,0,0,3,2,1,5,2,2,4,28,18
"1475",6,5,14,4,12,5,13,2,3,5,11,4,12,5,13,1,3,3,1,0,1,0,0,3,1,2,3,31,19
"1476",7,8,14,10,12,5,13,7,3,5,14,4,12,5,13,2,3,5,1,6,5,1,0,6,5,3,3,40,24
"1477",8,8,14,10,13,10,13,7,3,8,14,10,12,5,13,7,3,1,0,0,2,5,1,1,5,4,1,41,29
"1478",9,10,14,10,13,11,13,7,3,8,14,10,13,10,13,7,3,2,1,0,1,0,0,2,1,1,1,43,30
"1479",10,14,14,10,13,13,13,7,3,10,14,10,13,11,13,7,3,4,2,4,2,4,0,4,2,1,1,47,32
"1480",11,14,14,10,17,13,15,7,3,14,14,10,13,13,13,7,3,4,0,0,6,5,2,4,2,4,2,51,34
"1481",12,14,14,15,17,13,15,7,3,14,14,10,17,13,15,7,3,6,5,0,6,0,0,5,0,3,0,56,34
"1482",0,0,0,0,0,0,0,0,0,0,0,0,0,0,0,0,0,0,0,0,0,0,0,0,0,0,0,0,0
"1483",1,6,1,7,1,1,5,1,1,1,1,1,1,1,1,1,1,4,6,1,4,1,0,6,4,3,2,11,4
"1484",2,6,1,7,2,1,6,1,1,6,1,7,1,1,5,1,1,1,0,0,1,5,1,1,1,4,2,12,5
"1485",3,6,1,7,7,2,6,1,1,6,1,7,2,1,6,1,1,5,1,0,1,0,0,5,1,4,1,17,6
"1486",4,6,7,7,12,2,6,6,1,6,1,7,7,2,6,1,1,5,2,6,5,2,0,6,5,2,3,28,11
"1487",5,6,9,7,12,2,6,10,1,6,7,7,12,2,6,6,1,2,0,0,4,4,2,2,4,2,3,30,15
"1488",6,10,9,7,12,2,6,12,1,6,9,7,12,2,6,10,1,4,2,0,2,0,0,4,2,1,3,34,17
"1489",7,10,14,7,12,2,6,12,4,10,9,7,12,2,6,12,1,5,1,3,1,3,0,5,3,2,4,39,20
"1490",8,10,14,8,12,2,6,16,4,10,14,7,12,2,6,12,4,1,0,0,4,3,3,1,4,3,3,40,24
"1491",9,13,14,8,12,2,9,16,4,10,14,8,12,2,6,16,4,3,3,0,3,0,0,3,3,1,2,43,27
"1492",10,14,14,14,12,2,12,16,4,13,14,8,12,2,9,16,4,6,3,6,3,6,0,6,3,3,2,50,30
"1493",11,14,20,15,12,1,12,19,4,14,14,14,12,2,12,16,4,6,0,0,1,3,3,6,3,2,3,57,32
"1494",12,14,20,18,12,1,12,19,4,14,20,15,12,1,12,19,4,1,3,0,1,0,0,3,0,3,0,60,32
"1495",0,0,0,0,0,0,0,0,0,0,0,0,0,0,0,0,0,0,0,0,0,0,0,0,0,0,0,0,0
"1496",1,1,3,7,1,3,1,7,1,1,1,1,1,1,1,1,1,2,6,6,2,6,0,6,6,3,3,8,8
"1497",2,3,3,7,1,3,1,10,1,1,3,7,1,3,1,7,1,2,0,0,1,3,2,2,3,1,3,10,11
"1498",3,3,3,9,1,4,1,10,1,3,3,7,1,3,1,10,1,1,2,0,1,0,0,2,1,3,1,12,12
"1499",4,7,3,15,1,9,1,10,7,3,3,9,1,4,1,10,1,6,6,5,6,5,0,6,6,3,4,22,23
"1500",5,7,3,15,6,13,1,10,7,7,3,15,1,9,1,10,7,5,0,0,4,2,3,5,4,4,1,27,27
"1501",6,7,3,18,6,15,1,10,7,7,3,15,6,13,1,10,7,2,3,0,2,0,0,3,2,3,1,30,29
"1502",7,7,7,18,6,20,1,10,7,7,3,18,6,15,1,10,7,2,4,5,2,5,0,4,5,2,1,34,34
"1503",8,9,7,18,6,28,1,16,7,7,7,18,6,20,1,10,7,2,0,0,6,3,2,2,6,1,1,36,48
"1504",9,11,10,18,6,1,3,16,7,9,7,18,6,28,1,16,7,3,2,0,2,0,0,3,2,2,2,41,23
"1505",10,11,10,18,7,6,3,16,7,11,10,18,6,1,3,16,7,4,5,1,4,5,0,1,5,4,1,42,28
"1506",11,15,10,18,7,6,3,16,12,11,10,18,7,6,3,16,7,4,0,0,5,5,6,4,5,1,4,46,33
"1507",12,18,10,18,13,6,3,16,12,15,10,18,7,6,3,16,12,5,6,0,5,0,0,6,0,4,0,55,33
"1508",0,0,0,0,0,0,0,0,0,0,0,0,0,0,0,0,0,0,0,0,0,0,0,0,0,0,0,0,0
"1509",1,5,7,1,1,6,1,1,1,1,1,1,1,1,1,1,1,5,2,6,5,2,0,6,5,2,1,10,5
"1510",2,5,7,3,1,6,1,1,5,5,7,1,1,6,1,1,1,2,0,0,4,5,1,2,4,3,4,12,9
"1511",3,5,7,8,1,7,1,1,5,5,7,3,1,6,1,1,5,5,1,0,1,0,0,5,1,3,1,17,10
"1512",4,5,7,8,5,7,1,5,5,5,7,8,1,7,1,1,5,4,4,4,4,4,0,4,4,4,3,21,14
"1513",5,5,7,8,9,7,1,9,5,5,7,8,5,7,1,5,5,4,0,0,4,4,3,4,4,4,3,25,18
"1514",6,5,11,8,9,7,1,9,8,5,7,8,9,7,1,9,5,4,3,0,3,0,0,4,3,2,4,29,21
"1515",7,10,11,8,9,7,1,13,8,5,11,8,9,7,1,9,8,4,2,5,4,2,0,5,4,1,3,34,25
"1516",8,12,11,8,9,7,1,13,12,10,11,8,9,7,1,13,8,2,0,0,3,4,4,2,4,1,4,36,29
"1517",9,12,15,8,9,7,4,13,12,12,11,8,9,7,1,13,12,3,4,0,3,0,0,4,3,2,2,40,32
"1518",10,12,16,14,9,12,4,13,12,12,15,8,9,7,4,13,12,5,4,6,5,4,0,6,5,3,1,47,37
"1519",11,16,16,14,9,16,4,13,12,12,16,14,9,12,4,13,12,4,0,0,4,1,4,4,4,1,1,51,41
"1520",12,17,16,14,9,16,4,13,12,16,16,14,9,16,4,13,12,1,4,0,4,0,0,1,0,1,0,52,41
"1521",0,0,0,0,0,0,0,0,0,0,0,0,0,0,0,0,0,0,0,0,0,0,0,0,0,0,0,0,0
"1522",1,3,1,1,1,1,1,5,1,1,1,1,1,1,1,1,1,4,4,2,4,4,0,2,4,1,3,2,4
"1523",2,3,1,1,5,1,4,5,1,3,1,1,1,1,1,5,1,4,0,0,1,3,3,4,3,4,2,6,7
"1524",3,3,1,1,8,2,4,5,1,3,1,1,5,1,4,5,1,1,3,0,1,0,0,3,1,4,1,9,8
"1525",4,3,1,1,13,2,4,5,3,3,1,1,8,2,4,5,1,2,1,5,2,1,0,5,2,4,4,14,10
"1526",5,3,1,2,13,5,4,5,3,3,1,1,13,2,4,5,3,1,0,0,3,4,2,1,3,3,1,15,13
"1527",6,3,5,2,13,7,4,5,3,3,1,2,13,5,4,5,3,4,2,0,2,0,0,4,2,2,1,19,15
"1528",7,3,10,2,13,12,4,5,3,3,5,2,13,7,4,5,3,5,2,5,2,5,0,5,5,2,1,24,20
"1529",8,3,10,4,13,18,4,11,3,3,10,2,13,12,4,5,3,2,0,0,4,6,4,2,6,3,3,26,32
"1530",9,3,10,4,17,18,8,11,3,3,10,4,13,18,4,11,3,4,4,0,4,0,0,4,4,4,2,30,36
"1531",10,3,10,4,20,18,13,11,3,3,10,4,17,18,8,11,3,5,3,1,5,1,0,3,5,4,2,33,41
"1532",11,4,10,4,20,18,15,11,3,3,10,4,20,18,13,11,3,1,0,0,2,6,2,1,2,1,2,34,43
"1533",12,4,10,13,20,18,15,11,3,4,10,4,20,18,15,11,3,6,2,0,2,0,0,6,0,3,0,43,43
"1534",0,0,0,0,0,0,0,0,0,0,0,0,0,0,0,0,0,0,0,0,0,0,0,0,0,0,0,0,0
"1535",1,1,1,5,1,1,1,6,1,1,1,1,1,1,1,1,1,4,5,1,5,1,0,4,5,3,3,4,5
"1536",2,1,1,6,1,1,1,10,1,1,1,5,1,1,1,6,1,1,0,0,4,4,5,1,4,3,3,5,9
"1537",3,1,5,6,1,6,1,10,1,1,1,6,1,1,1,10,1,4,5,0,5,0,0,4,5,2,1,9,14
"1538",4,1,5,6,5,6,3,10,1,1,5,6,1,6,1,10,1,4,2,2,2,2,0,4,2,4,2,13,16
"1539",5,1,7,6,5,8,3,10,1,1,5,6,5,6,3,10,1,2,0,0,2,2,4,2,2,2,1,15,18
"1540",6,5,7,6,5,10,3,10,1,1,7,6,5,8,3,10,1,2,4,0,2,0,0,4,2,1,1,19,20
"1541",7,5,17,6,5,10,3,10,2,5,7,6,5,10,3,10,1,6,1,1,1,1,0,6,1,2,4,29,21
"1542",8,5,18,6,5,10,3,14,2,5,17,6,5,10,3,10,2,1,0,0,3,3,4,1,4,2,3,30,25
"1543",9,5,18,9,5,13,3,14,2,5,18,6,5,10,3,14,2,3,3,0,3,0,0,3,3,3,1,33,28
"1544",10,11,19,9,5,18,3,14,2,5,18,9,5,13,3,14,2,5,5,6,5,5,0,6,5,1,1,40,33
"1545",11,11,19,9,10,18,6,14,2,11,19,9,5,18,3,14,2,5,0,0,3,3,4,5,3,4,2,45,36
"1546",12,11,19,9,14,18,6,14,2,11,19,9,10,18,6,14,2,3,4,0,3,0,0,4,0,4,0,49,36
"1547",0,0,0,0,0,0,0,0,0,0,0,0,0,0,0,0,0,0,0,0,0,0,0,0,0,0,0,0,0
"1548",1,1,1,6,1,1,1,4,1,1,1,1,1,1,1,1,1,3,1,5,3,1,0,5,3,3,3,5,3
"1549",2,1,2,6,1,7,1,7,1,1,1,6,1,1,1,4,1,1,0,0,2,3,6,1,6,2,1,6,12
"1550",3,1,5,6,1,7,3,7,1,1,2,6,1,7,1,7,1,2,3,0,2,0,0,3,2,2,2,9,14
"1551",4,1,9,6,1,9,9,7,1,1,5,6,1,7,3,7,1,4,6,5,6,5,0,4,6,2,2,13,22
"1552",5,1,14,6,1,9,9,7,6,1,9,6,1,9,9,7,1,5,0,0,3,2,5,5,5,2,4,18,27
"1553",6,1,17,6,1,9,9,7,8,1,14,6,1,9,9,7,6,3,2,0,2,0,0,3,2,2,4,21,29
"1554",7,1,21,6,1,19,9,7,8,1,17,6,1,9,9,7,8,6,2,4,6,2,0,4,6,2,1,25,39
"1555",8,1,21,8,1,19,9,7,9,1,21,6,1,19,9,7,8,2,0,0,1,3,6,2,1,3,4,27,40
"1556",9,1,21,14,6,19,9,10,9,1,21,8,1,19,9,7,9,3,6,0,3,0,0,6,3,3,3,38,43
"1557",10,1,26,14,6,19,11,10,9,1,21,14,6,19,9,10,9,5,2,2,2,2,0,5,2,2,2,43,45
"1558",11,1,28,14,14,23,11,1,9,1,26,14,6,19,11,10,9,2,0,0,4,3,2,2,4,2,1,53,40
"1559",12,1,28,14,16,23,11,1,9,1,28,14,14,23,11,1,9,3,2,0,3,0,0,2,0,4,0,55,40
"1560",0,0,0,0,0,0,0,0,0,0,0,0,0,0,0,0,0,0,0,0,0,0,0,0,0,0,0,0,0
"1561",1,1,5,1,1,1,3,1,1,1,1,1,1,1,1,1,1,2,4,2,2,2,0,4,2,2,2,4,2
"1562",2,1,7,1,1,1,6,1,1,1,5,1,1,1,3,1,1,2,0,0,2,3,6,2,3,2,2,6,5
"1563",3,1,10,1,7,1,8,1,1,1,7,1,1,1,6,1,1,2,6,0,2,0,0,6,2,4,2,15,7
"1564",4,1,10,1,12,10,8,1,1,1,10,1,7,1,8,1,1,6,5,1,6,1,0,5,6,4,1,20,16
"1565",5,1,11,1,12,10,11,1,1,1,10,1,12,10,8,1,1,1,0,0,4,1,3,1,3,2,2,21,19
"1566",6,1,11,5,12,10,12,1,1,1,11,1,12,10,11,1,1,4,1,0,1,0,0,4,1,3,2,25,20
"1567",7,2,11,11,12,10,12,2,1,1,11,5,12,10,12,1,1,6,1,1,1,1,0,6,1,3,3,32,21
"1568",8,2,11,11,13,10,12,2,6,2,11,11,12,10,12,2,1,1,0,0,5,2,2,1,5,4,4,33,26
"1569",9,4,11,11,13,10,12,4,6,2,11,11,13,10,12,2,6,2,2,0,2,0,0,2,2,1,3,35,28
"1570",10,10,11,15,13,10,12,8,6,4,11,11,13,10,12,4,6,6,2,4,2,4,0,6,4,1,3,45,32
"1571",11,12,11,15,13,15,12,8,6,10,11,15,13,10,12,8,6,2,0,0,5,3,5,2,5,1,1,47,37
"1572",12,12,11,15,18,15,12,8,6,12,11,15,13,15,12,8,6,3,5,0,3,0,0,5,0,4,0,52,37
"1573",0,0,0,0,0,0,0,0,0,0,0,0,0,0,0,0,0,0,0,0,0,0,0,0,0,0,0,0,0
"1574",1,1,1,6,1,1,3,1,1,1,1,1,1,1,1,1,1,3,2,5,3,2,0,5,2,3,2,5,2
"1575",2,4,1,6,1,6,3,1,1,1,1,6,1,1,3,1,1,3,0,0,1,5,4,3,5,1,1,8,7
"1576",3,4,5,6,1,6,3,1,2,4,1,6,1,6,3,1,1,1,4,0,1,0,0,4,1,2,4,12,8
"1577",4,9,5,6,1,6,6,1,2,4,5,6,1,6,3,1,2,5,3,1,3,1,0,5,3,1,2,17,11
"1578",5,10,5,6,1,6,8,1,2,9,5,6,1,6,6,1,2,1,0,0,1,2,5,1,2,1,2,18,13
"1579",6,15,5,6,1,7,8,1,2,10,5,6,1,6,8,1,2,1,5,0,1,0,0,5,1,1,1,23,14
"1580",7,15,5,6,6,12,8,1,2,15,5,6,1,7,8,1,2,5,3,5,3,5,0,5,5,4,1,28,19
"1581",8,18,5,6,6,12,8,5,2,15,5,6,6,12,8,1,2,3,0,0,3,4,5,3,4,1,3,31,23
"1582",9,18,5,11,6,15,8,5,2,18,5,6,6,12,8,5,2,3,5,0,3,0,0,5,3,3,1,36,26
"1583",10,18,9,11,6,15,8,9,2,18,5,11,6,15,8,5,2,4,2,4,2,4,0,4,4,2,3,40,30
"1584",11,18,11,11,6,20,8,9,2,18,9,11,6,15,8,9,2,2,0,0,4,4,5,2,5,2,1,42,35
"1585",12,18,11,15,6,20,8,9,2,18,11,11,6,20,8,9,2,4,4,0,4,0,0,4,0,3,0,46,35
"1586",0,0,0,0,0,0,0,0,0,0,0,0,0,0,0,0,0,0,0,0,0,0,0,0,0,0,0,0,0
"1587",1,1,1,5,1,1,1,4,1,1,1,1,1,1,1,1,1,4,3,2,3,2,0,4,3,3,3,4,3
"1588",2,1,3,5,1,1,1,10,5,1,1,5,1,1,1,4,1,2,0,0,2,5,6,2,6,2,3,6,13
"1589",3,1,3,10,1,1,1,10,7,1,3,5,1,1,1,10,5,2,5,0,2,0,0,5,2,3,4,11,15
"1590",4,1,3,10,6,8,7,10,7,1,3,10,1,1,1,10,7,1,5,6,1,6,0,5,6,4,2,16,28
"1591",5,1,3,10,7,8,7,10,12,1,3,10,6,8,7,10,7,1,0,0,5,2,5,1,5,4,4,17,33
"1592",6,1,3,10,12,10,7,10,12,1,3,10,7,8,7,10,12,2,5,0,2,0,0,5,2,4,1,22,35
"1593",7,1,3,10,17,10,19,14,12,1,3,10,12,10,7,10,12,5,2,6,2,6,0,5,6,4,2,27,51
"1594",8,3,3,10,17,14,19,14,12,1,3,10,17,10,19,14,12,2,0,0,4,4,3,2,4,1,1,29,55
"1595",9,7,3,10,17,17,19,14,12,3,3,10,17,14,19,14,12,4,3,0,3,0,0,4,3,1,1,33,58
"1596",10,7,3,10,18,29,22,14,12,7,3,10,17,17,19,14,12,1,6,1,6,1,0,1,6,4,1,34,73
"1597",11,7,6,10,18,39,5,14,12,7,3,10,18,29,22,14,12,1,0,0,6,6,2,1,6,2,1,37,104
"1598",12,7,6,12,18,39,5,14,12,7,6,10,18,39,5,14,12,6,2,0,6,0,0,2,0,3,0,39,104
"1599",0,0,0,0,0,0,0,0,0,0,0,0,0,0,0,0,0,0,0,0,0,0,0,0,0,0,0,0,0
"1600",1,1,1,1,5,3,1,1,1,1,1,1,1,1,1,1,1,2,4,2,2,2,0,4,2,4,1,4,2
"1601",2,3,1,1,5,4,1,1,1,1,1,1,5,3,1,1,1,2,0,0,2,6,1,2,1,1,1,6,3
"1602",3,3,7,1,6,4,1,3,1,3,1,1,5,4,1,1,1,2,6,0,2,0,0,6,2,2,3,13,5
"1603",4,3,7,1,9,4,1,6,1,3,7,1,6,4,1,3,1,2,3,3,2,3,0,3,3,4,3,16,8
"1604",5,3,9,1,9,5,1,6,1,3,7,1,9,4,1,6,1,2,0,0,1,6,2,2,1,2,1,18,9
"1605",6,3,14,7,9,5,1,6,3,3,9,1,9,5,1,6,1,6,2,0,2,0,0,6,2,3,4,29,11
"1606",7,13,14,7,9,11,1,9,3,3,14,7,9,5,1,6,3,6,6,1,6,1,0,6,6,1,1,39,20
"1607",8,13,14,7,10,11,2,9,3,13,14,7,9,11,1,9,3,1,0,0,4,1,5,1,1,4,2,40,21
"1608",9,13,14,7,14,11,2,14,3,13,14,7,10,11,2,9,3,4,5,0,5,0,0,4,5,4,3,44,26
"1609",10,18,14,13,14,12,2,14,3,13,14,7,14,11,2,14,3,6,1,5,1,5,0,6,1,3,1,55,27
"1610",11,18,19,13,14,18,2,16,3,18,14,13,14,12,2,14,3,5,0,0,6,5,2,5,6,2,1,60,35
"1611",12,18,19,13,16,18,2,16,3,18,19,13,14,18,2,16,3,5,2,0,5,0,0,2,0,4,0,62,35
"1612",0,0,0,0,0,0,0,0,0,0,0,0,0,0,0,0,0,0,0,0,0,0,0,0,0,0,0,0,0
"1613",1,12,1,1,1,1,4,1,1,1,1,1,1,1,1,1,1,3,6,2,3,2,0,6,3,1,2,11,3
"1614",2,14,1,1,1,1,9,1,7,12,1,1,1,1,4,1,1,2,0,0,4,6,3,2,6,1,4,13,14
"1615",3,14,1,1,4,1,9,5,7,14,1,1,1,1,9,1,7,4,3,0,4,0,0,3,4,4,3,16,18
"1616",4,14,3,1,10,1,9,9,7,14,1,1,4,1,9,5,7,6,2,4,2,4,0,6,4,4,3,24,22
"1617",5,16,3,1,10,1,14,9,7,14,3,1,10,1,9,9,7,2,0,0,3,5,3,2,5,1,2,26,27
"1618",6,16,6,1,10,4,14,9,7,16,3,1,10,1,14,9,7,3,3,0,3,0,0,3,3,2,1,29,30
"1619",7,16,6,1,15,4,14,9,11,16,6,1,10,4,14,9,7,5,4,2,4,2,0,5,4,4,4,34,34
"1620",8,16,6,1,17,9,14,9,17,16,6,1,15,4,14,9,11,2,0,0,6,6,4,2,6,4,4,36,45
"1621",9,22,6,1,23,9,18,9,17,16,6,1,17,9,14,9,17,6,4,0,4,0,0,6,4,1,2,48,49
"1622",10,22,6,11,23,12,18,9,17,22,6,1,23,9,18,9,17,6,2,3,2,3,0,6,3,3,1,58,52
"1623",11,24,6,11,23,14,18,9,17,22,6,11,23,12,18,9,17,2,0,0,2,3,2,2,2,1,1,60,54
"1624",12,24,9,11,23,14,18,9,17,24,6,11,23,14,18,9,17,3,2,0,2,0,0,3,0,2,0,63,54
"1625",0,0,0,0,0,0,0,0,0,0,0,0,0,0,0,0,0,0,0,0,0,0,0,0,0,0,0,0,0
"1626",1,5,1,1,1,1,1,1,6,1,1,1,1,1,1,1,1,5,4,5,5,5,0,4,5,1,4,4,5
"1627",2,5,1,1,6,1,11,1,6,5,1,1,1,1,1,1,6,5,0,0,1,2,6,5,6,4,2,9,15
"1628",3,5,3,1,6,2,11,1,6,5,1,1,6,1,11,1,6,1,2,0,1,0,0,2,1,2,1,11,16
"1629",4,13,3,1,6,2,11,1,11,5,3,1,6,2,11,1,6,6,5,5,5,5,0,6,5,1,4,19,21
"1630",5,13,3,1,11,3,11,1,11,13,3,1,6,2,11,1,11,5,0,0,1,6,4,5,1,4,1,24,22
"1631",6,13,3,7,14,3,15,1,11,13,3,1,11,3,11,1,11,6,4,0,4,0,0,6,4,3,2,33,26
"1632",7,13,8,13,14,3,15,1,15,13,3,7,14,3,15,1,11,1,6,4,1,4,0,6,4,3,4,44,30
"1633",8,13,8,14,14,3,15,2,15,13,8,13,14,3,15,1,15,1,0,0,1,3,1,1,1,3,3,45,31
"1634",9,13,11,14,14,4,15,2,15,13,8,14,14,3,15,2,15,3,1,0,1,0,0,3,1,2,1,48,32
"1635",10,16,17,14,14,5,15,2,15,13,11,14,14,4,15,2,15,1,6,1,1,1,0,6,1,2,1,57,33
"1636",11,17,17,14,14,7,15,2,15,16,17,14,14,5,15,2,15,1,0,0,2,1,6,1,2,1,1,58,35
"1637",12,17,19,20,14,7,15,1,15,17,17,14,14,7,15,2,15,1,6,0,1,0,0,6,0,3,0,66,34
"1638",0,0,0,0,0,0,0,0,0,0,0,0,0,0,0,0,0,0,0,0,0,0,0,0,0,0,0,0,0
"1639",1,1,1,1,6,1,6,7,1,1,1,1,1,1,1,1,1,6,3,5,6,3,0,5,6,4,3,5,11
"1640",2,1,1,1,9,1,9,7,1,1,1,1,6,1,6,7,1,3,0,0,3,5,4,3,3,4,2,8,14
"1641",3,1,1,6,9,5,9,7,1,1,1,1,9,1,9,7,1,5,4,0,4,0,0,5,4,3,1,13,18
"1642",4,1,3,6,9,9,9,7,1,1,1,6,9,5,9,7,1,4,3,2,4,3,0,2,4,2,1,15,22
"1643",5,1,3,6,12,11,9,7,1,1,3,6,9,9,9,7,1,3,0,0,2,2,4,3,2,4,1,18,24
"1644",6,1,3,6,16,13,9,7,1,1,3,6,12,11,9,7,1,2,4,0,2,0,0,4,2,4,1,22,26
"1645",7,7,6,12,16,13,13,7,1,1,3,6,16,13,9,7,1,6,2,4,2,4,0,6,4,1,2,37,30
"1646",8,7,6,12,18,13,17,7,1,7,6,12,16,13,13,7,1,2,0,0,2,4,2,2,4,4,2,39,34
"1647",9,7,8,12,18,13,17,7,3,7,6,12,18,13,17,7,1,2,2,0,2,0,0,2,2,2,4,41,36
"1648",10,12,8,12,18,13,20,7,3,7,8,12,18,13,17,7,3,3,1,5,3,1,0,5,3,1,2,46,39
"1649",11,13,8,12,18,13,20,11,3,12,8,12,18,13,20,7,3,1,0,0,4,5,1,1,4,1,3,47,43
"1650",12,18,8,12,18,13,20,11,3,13,8,12,18,13,20,11,3,5,1,0,1,0,0,5,0,1,0,52,43
"1651",0,0,0,0,0,0,0,0,0,0,0,0,0,0,0,0,0,0,0,0,0,0,0,0,0,0,0,0,0
"1652",1,1,6,7,1,5,1,1,1,1,1,1,1,1,1,1,1,6,4,5,4,5,0,6,4,3,1,11,4
"1653",2,6,6,7,1,9,1,1,1,1,6,7,1,5,1,1,1,5,0,0,4,4,2,5,4,1,1,16,8
"1654",3,6,10,7,1,11,1,1,1,6,6,7,1,9,1,1,1,4,2,0,2,0,0,4,2,2,1,20,10
"1655",4,8,10,7,1,15,1,1,1,6,10,7,1,11,1,1,1,4,2,4,4,4,0,2,4,1,1,22,14
"1656",5,8,10,7,5,15,1,1,6,8,10,7,1,15,1,1,1,4,0,0,5,5,5,4,5,4,4,26,19
"1657",6,8,10,7,10,20,1,1,6,8,10,7,5,15,1,1,6,5,5,0,5,0,0,5,5,4,1,31,24
"1658",7,8,10,12,10,20,1,1,11,8,10,7,10,20,1,1,6,5,5,2,5,2,0,5,5,3,4,36,29
"1659",8,1,10,14,10,26,1,7,11,8,10,12,10,20,1,1,11,2,0,0,5,6,1,2,6,3,1,31,41
"1660",9,1,10,19,10,27,1,7,11,1,10,14,10,26,1,7,11,5,1,0,1,0,0,5,1,3,1,36,42
"1661",10,5,10,19,10,27,1,7,13,1,10,19,10,27,1,7,11,2,1,4,2,1,0,4,2,1,4,40,44
"1662",11,5,10,20,10,27,1,10,13,5,10,19,10,27,1,7,13,1,0,0,3,1,5,1,3,3,3,41,47
"1663",12,5,10,20,15,27,1,10,13,5,10,20,10,27,1,10,13,1,5,0,1,0,0,5,0,4,0,46,47
"1664",0,0,0,0,0,0,0,0,0,0,0,0,0,0,0,0,0,0,0,0,0,0,0,0,0,0,0,0,0
"1665",1,3,1,1,7,1,1,1,4,1,1,1,1,1,1,1,1,3,6,3,3,3,0,6,3,4,4,8,3
"1666",2,3,1,1,10,1,5,7,4,3,1,1,7,1,1,1,4,3,0,0,3,6,6,3,6,4,3,11,13
"1667",3,3,8,7,10,1,5,7,7,3,1,1,10,1,5,7,4,3,6,0,3,0,0,6,3,2,4,24,16
"1668",4,3,10,7,16,1,5,8,7,3,8,7,10,1,5,7,7,1,2,6,1,2,0,6,1,4,3,32,17
"1669",5,3,10,9,16,1,6,8,7,3,10,7,16,1,5,8,7,2,0,0,4,1,1,2,1,3,2,34,18
"1670",6,7,10,9,16,1,6,8,8,3,10,9,16,1,6,8,7,4,1,0,1,0,0,4,1,1,4,38,19
"1671",7,7,10,12,16,5,6,8,8,7,10,9,16,1,6,8,8,3,4,1,4,1,0,3,4,3,1,41,23
"1672",8,8,10,12,16,5,6,8,11,7,10,12,16,5,6,8,8,1,0,0,1,2,3,1,3,1,4,42,26
"1673",9,10,10,12,16,6,6,8,11,8,10,12,16,5,6,8,11,1,2,0,1,0,0,2,1,1,1,44,27
"1674",10,10,12,12,16,11,6,8,11,10,10,12,16,6,6,8,11,2,1,5,1,5,0,2,5,2,1,46,32
"1675",11,11,12,12,16,16,6,8,11,10,12,12,16,11,6,8,11,1,0,0,5,3,1,1,5,1,1,47,37
"1676",12,11,12,13,16,16,6,8,11,11,12,12,16,16,6,8,11,3,1,0,3,0,0,1,0,3,0,48,37
"1677",0,0,0,0,0,0,0,0,0,0,0,0,0,0,0,0,0,0,0,0,0,0,0,0,0,0,0,0,0
"1678",1,1,1,1,5,1,6,1,1,1,1,1,1,1,1,1,1,5,4,5,5,5,0,4,5,4,2,4,5
"1679",2,1,1,6,5,1,6,1,10,1,1,1,5,1,6,1,1,5,0,0,6,2,6,5,6,3,4,9,14
"1680",3,1,1,6,12,1,8,1,10,1,1,6,5,1,6,1,10,2,6,0,2,0,0,6,2,4,2,16,16
"1681",4,6,1,6,12,4,8,1,10,1,1,6,12,1,8,1,10,1,5,3,1,3,0,5,3,1,1,21,19
"1682",5,6,1,6,13,4,8,4,10,6,1,6,12,4,8,1,10,1,0,0,2,3,3,1,3,4,3,22,22
"1683",6,9,1,6,13,6,8,4,10,6,1,6,13,4,8,4,10,2,3,0,2,0,0,3,2,1,1,25,24
"1684",7,9,1,6,18,9,8,4,10,9,1,6,13,6,8,4,10,3,1,5,3,1,0,5,3,4,1,30,27
"1685",8,9,1,6,19,9,9,4,10,9,1,6,18,9,8,4,10,1,0,0,1,1,2,1,1,4,2,31,28
"1686",9,9,3,6,19,9,10,4,10,9,1,6,19,9,9,4,10,1,2,0,1,0,0,2,1,2,2,33,29
"1687",10,9,3,8,19,12,10,4,10,9,3,6,19,9,10,4,10,2,3,1,3,1,0,2,3,3,1,35,32
"1688",11,9,4,8,19,23,10,4,10,9,3,8,19,12,10,4,10,1,0,0,3,4,6,1,6,2,1,36,43
"1689",12,9,4,12,19,23,10,4,10,9,4,8,19,23,10,4,10,3,4,0,3,0,0,4,0,3,0,40,43
"1690",0,0,0,0,0,0,0,0,0,0,0,0,0,0,0,0,0,0,0,0,0,0,0,0,0,0,0,0,0
"1691",1,1,1,5,1,4,1,1,1,1,1,1,1,1,1,1,1,4,3,1,3,1,0,4,3,3,1,4,3
"1692",2,1,2,5,1,4,3,1,1,1,1,5,1,4,1,1,1,1,0,0,3,1,2,1,2,2,2,5,5
"1693",3,1,2,5,4,4,3,2,1,1,2,5,1,4,3,1,1,3,1,0,1,0,0,3,1,4,3,8,6
"1694",4,1,5,5,4,9,3,2,1,1,2,5,4,4,3,2,1,5,3,5,5,5,0,3,5,2,1,11,11
"1695",5,1,10,5,4,9,8,2,1,1,5,5,4,9,3,2,1,5,0,0,1,5,2,5,5,2,2,16,16
"1696",6,3,10,5,4,9,9,2,1,1,10,5,4,9,8,2,1,1,2,0,1,0,0,2,1,1,2,18,17
"1697",7,7,10,5,10,9,10,2,1,3,10,5,4,9,9,2,1,6,5,1,5,1,0,6,1,4,2,28,18
"1698",8,7,10,10,10,11,10,2,1,7,10,5,10,9,10,2,1,5,0,0,2,6,5,5,2,3,1,33,20
"1699",9,13,10,10,13,16,10,2,1,7,10,10,10,11,10,2,1,6,5,0,5,0,0,6,5,1,1,42,25
"1700",10,15,10,10,13,22,14,2,1,13,10,10,13,16,10,2,1,2,6,3,6,3,0,2,6,1,1,44,35
"1701",11,15,10,10,16,27,14,2,1,15,10,10,13,22,14,2,1,3,0,0,4,1,5,3,5,4,1,47,40
"1702",12,19,10,10,16,27,14,2,1,15,10,10,16,27,14,2,1,4,1,0,1,0,0,4,0,1,0,51,40
"1703",0,0,0,0,0,0,0,0,0,0,0,0,0,0,0,0,0,0,0,0,0,0,0,0,0,0,0,0,0
"1704",1,10,1,7,1,6,1,1,1,1,1,1,1,1,1,1,1,6,4,5,4,5,0,6,5,1,1,15,5
"1705",2,10,5,7,1,12,2,1,1,10,1,7,1,6,1,1,1,4,0,0,4,6,2,4,6,2,1,19,12
"1706",3,10,7,7,1,12,2,5,1,10,5,7,1,12,2,1,1,4,2,0,4,0,0,2,4,2,3,21,16
"1707",4,10,7,11,1,12,2,10,1,10,7,7,1,12,2,5,1,5,1,4,5,1,0,4,5,3,3,25,21
"1708",5,10,7,11,2,12,2,15,1,10,7,11,1,12,2,10,1,1,0,0,5,1,2,1,5,4,3,26,26
"1709",6,10,7,13,2,12,2,16,1,10,7,11,2,12,2,15,1,1,2,0,1,0,0,2,1,3,3,28,27
"1710",7,16,10,13,2,12,5,16,1,10,7,13,2,12,2,16,1,3,6,2,3,2,0,6,3,1,2,37,30
"1711",8,16,10,15,1,32,5,16,3,16,10,13,2,12,5,16,1,2,0,0,6,6,6,2,6,3,1,38,52
"1712",9,21,10,21,1,38,5,16,6,16,10,15,1,32,5,16,3,6,6,0,6,0,0,6,6,3,1,49,61
"1713",10,1,10,21,1,38,13,16,6,21,10,21,1,38,5,16,6,5,3,6,3,6,0,5,3,1,2,29,69
"1714",11,7,14,21,1,38,16,16,6,1,10,21,1,38,13,16,6,6,0,0,3,5,3,6,3,1,2,39,72
"1715",12,7,14,26,1,38,16,16,6,7,14,21,1,38,16,16,6,5,3,0,3,0,0,5,0,3,0,44,72
"1716",0,0,0,0,0,0,0,0,0,0,0,0,0,0,0,0,0,0,0,0,0,0,0,0,0,0,0,0,0
"1717",1,6,1,1,1,1,4,1,1,1,1,1,1,1,1,1,1,5,3,1,3,1,0,5,3,1,2,5,3
"1718",2,6,1,1,2,5,4,1,1,6,1,1,1,1,4,1,1,1,0,0,5,4,6,1,4,4,1,6,7
"1719",3,6,5,7,2,5,4,6,1,6,1,1,2,5,4,1,1,5,6,0,5,0,0,6,5,3,3,16,12
"1720",4,6,5,7,10,5,10,8,1,6,5,7,2,5,4,6,1,6,1,6,1,6,0,6,6,4,2,24,20
"1721",5,6,5,7,11,5,10,8,2,6,5,7,10,5,10,8,1,1,0,0,3,1,3,1,1,4,4,25,21
"1722",6,6,8,7,11,5,10,8,5,6,5,7,11,5,10,8,2,3,3,0,3,0,0,3,3,2,4,28,24
"1723",7,9,8,7,11,5,10,10,5,6,8,7,11,5,10,8,5,2,3,1,2,1,0,3,2,1,3,31,26
"1724",8,10,8,7,11,8,16,10,5,9,8,7,11,5,10,10,5,1,0,0,5,6,6,1,6,1,2,32,35
"1725",9,16,8,11,11,13,16,10,5,10,8,7,11,8,16,10,5,5,6,0,5,0,0,6,5,1,1,42,40
"1726",10,16,13,11,11,18,16,10,5,16,8,11,11,13,16,10,5,5,5,5,5,5,0,5,5,2,1,47,45
"1727",11,16,18,11,11,22,16,10,5,16,13,11,11,18,16,10,5,5,0,0,4,2,6,5,4,2,1,52,49
"1728",12,16,18,11,20,22,16,10,5,16,18,11,11,22,16,10,5,2,6,0,2,0,0,6,0,4,0,61,49
"1729",0,0,0,0,0,0,0,0,0,0,0,0,0,0,0,0,0,0,0,0,0,0,0,0,0,0,0,0,0
"1730",1,1,6,1,1,1,6,1,1,1,1,1,1,1,1,1,1,5,5,5,5,5,0,5,5,2,2,5,5
"1731",2,1,6,1,6,1,6,2,1,1,6,1,1,1,6,1,1,5,0,0,2,1,1,5,1,4,3,10,6
"1732",3,1,8,1,6,1,6,2,2,1,6,1,6,1,6,2,1,2,1,0,1,0,0,2,1,2,4,12,7
"1733",4,1,9,1,12,1,6,2,4,1,8,1,6,1,6,2,2,6,2,2,2,2,0,6,2,4,4,19,9
"1734",5,3,9,1,12,1,6,2,15,1,9,1,12,1,6,2,4,2,0,0,2,6,6,2,6,1,4,21,20
"1735",6,3,13,13,12,1,6,2,17,3,9,1,12,1,6,2,15,2,6,0,2,0,0,6,2,3,4,37,22
"1736",7,14,13,13,12,7,8,2,17,3,13,13,12,1,6,2,17,6,6,2,6,2,0,6,6,1,1,48,30
"1737",8,14,15,13,12,12,8,2,17,14,13,13,12,7,8,2,17,2,0,0,4,6,5,2,5,2,1,50,35
"1738",9,18,15,19,18,16,8,2,17,14,15,13,12,12,8,2,17,4,6,0,4,0,0,6,4,3,1,66,39
"1739",10,18,15,21,18,16,8,2,21,18,15,19,18,16,8,2,17,4,4,2,4,4,0,2,4,3,4,68,43
"1740",11,22,15,21,18,21,8,2,21,18,15,21,18,16,8,2,21,4,0,0,3,5,5,4,5,1,1,72,48
"1741",12,22,15,24,18,21,8,2,21,22,15,21,18,21,8,2,21,3,5,0,5,0,0,3,0,3,0,75,48
"1742",0,0,0,0,0,0,0,0,0,0,0,0,0,0,0,0,0,0,0,0,0,0,0,0,0,0,0,0,0
"1743",1,1,1,4,1,3,1,1,1,1,1,1,1,1,1,1,1,5,2,3,5,2,0,3,2,3,1,3,2
"1744",2,1,6,4,1,3,1,1,4,1,1,4,1,3,1,1,1,5,0,0,3,2,3,5,3,2,4,8,5
"1745",3,1,6,4,4,3,3,1,4,1,6,4,1,3,1,1,4,2,3,0,2,0,0,3,2,4,2,11,7
"1746",4,7,6,4,5,3,3,5,4,1,6,4,4,3,3,1,4,6,4,4,4,4,0,6,4,1,3,18,11
"1747",5,7,6,4,9,3,8,5,4,7,6,4,5,3,3,5,4,4,0,0,5,2,5,4,5,4,2,22,16
"1748",6,7,6,4,14,3,8,7,4,7,6,4,9,3,8,5,4,2,5,0,2,0,0,5,2,4,3,27,18
"1749",7,7,6,9,14,3,8,12,4,7,6,4,14,3,8,7,4,2,5,5,2,5,0,5,5,3,3,32,23
"1750",8,9,6,9,14,3,10,12,4,7,6,9,14,3,8,12,4,2,0,0,1,6,2,2,2,1,2,34,25
"1751",9,15,12,13,14,3,11,12,4,9,6,9,14,3,10,12,4,1,6,0,1,0,0,6,1,2,2,50,26
"1752",10,26,12,13,14,5,11,12,4,15,12,13,14,3,11,12,4,4,5,6,4,5,0,6,4,1,1,61,28
"1753",11,26,12,13,19,5,11,17,4,26,12,13,14,5,11,12,4,5,0,0,6,1,5,5,5,4,3,66,33
"1754",12,28,12,13,25,5,11,17,4,26,12,13,19,5,11,17,4,6,1,0,1,0,0,6,0,4,0,74,33
"1755",0,0,0,0,0,0,0,0,0,0,0,0,0,0,0,0,0,0,0,0,0,0,0,0,0,0,0,0,0
"1756",1,5,1,1,1,3,1,1,1,1,1,1,1,1,1,1,1,4,2,3,2,3,0,4,2,1,1,4,2
"1757",2,8,1,1,1,3,1,1,5,5,1,1,1,3,1,1,1,3,0,0,1,4,4,3,4,1,4,7,6
"1758",3,8,5,1,1,4,1,1,5,8,1,1,1,3,1,1,5,1,4,0,1,0,0,4,1,2,1,11,7
"1759",4,8,10,1,1,8,1,1,5,8,5,1,1,4,1,1,5,4,3,5,4,3,0,5,4,2,1,16,11
"1760",5,8,13,1,1,8,3,1,5,8,10,1,1,8,1,1,5,3,0,0,2,4,5,3,2,2,2,19,13
"1761",6,13,13,1,1,8,7,1,5,8,13,1,1,8,3,1,5,4,5,0,4,0,0,5,4,1,2,24,17
"1762",7,13,13,1,6,9,7,1,5,13,13,1,1,8,7,1,5,5,1,1,1,1,0,5,1,4,1,29,18
"1763",8,13,13,2,6,9,7,1,6,13,13,1,6,9,7,1,5,1,0,0,1,4,1,1,1,3,4,30,19
"1764",9,13,13,6,6,9,7,1,7,13,13,2,6,9,7,1,6,4,1,0,1,0,0,4,1,3,4,34,20
"1765",10,14,13,6,6,9,7,3,7,13,13,6,6,9,7,1,7,1,2,4,2,4,0,1,2,1,3,35,22
"1766",11,14,17,6,6,12,7,3,7,14,13,6,6,9,7,3,7,4,0,0,3,6,1,4,3,2,1,39,25
"1767",12,22,17,6,6,12,7,3,7,14,17,6,6,12,7,3,7,6,1,0,1,0,0,6,0,1,0,47,25
"1768",0,0,0,0,0,0,0,0,0,0,0,0,0,0,0,0,0,0,0,0,0,0,0,0,0,0,0,0,0
"1769",1,1,1,1,6,4,1,1,1,1,1,1,1,1,1,1,1,3,4,5,3,4,0,5,3,4,1,5,3
"1770",2,1,1,5,6,8,1,1,1,1,1,1,6,4,1,1,1,4,0,0,3,4,3,4,4,3,1,9,7
"1771",3,1,1,5,9,8,1,1,4,1,1,5,6,8,1,1,1,3,3,0,3,0,0,3,3,4,4,12,10
"1772",4,3,7,5,9,8,7,3,4,1,1,5,9,8,1,1,4,2,6,6,2,6,0,6,6,2,2,20,18
"1773",5,3,7,5,11,12,7,3,4,3,7,5,9,8,7,3,4,2,0,0,5,5,4,2,4,4,1,22,22
"1774",6,3,7,10,11,12,12,3,4,3,7,5,11,12,7,3,4,5,5,0,5,0,0,5,5,3,2,27,27
"1775",7,3,7,16,17,12,12,4,4,3,7,10,11,12,12,3,4,1,6,2,1,2,0,6,1,3,3,39,28
"1776",8,3,9,16,17,18,12,5,4,3,7,16,17,12,12,4,4,2,0,0,6,1,6,2,6,2,1,41,35
"1777",9,12,9,16,17,18,13,5,4,3,9,16,17,18,12,5,4,1,6,0,1,0,0,6,1,1,2,50,36
"1778",10,17,15,16,17,23,13,5,4,12,9,16,17,18,13,5,4,5,3,6,5,3,0,6,5,2,1,61,41
"1779",11,20,15,16,17,23,15,5,4,17,15,16,17,23,13,5,4,3,0,0,2,1,4,3,2,1,2,64,43
"1780",12,20,15,17,17,23,15,5,4,20,15,16,17,23,15,5,4,1,4,0,4,0,0,1,0,3,0,65,43
"1781",0,0,0,0,0,0,0,0,0,0,0,0,0,0,0,0,0,0,0,0,0,0,0,0,0,0,0,0,0
"1782",1,6,1,1,1,1,6,1,1,1,1,1,1,1,1,1,1,5,5,5,5,5,0,5,5,1,2,5,5
"1783",2,6,1,1,6,1,11,1,1,6,1,1,1,1,6,1,1,5,0,0,5,6,3,5,5,4,2,10,10
"1784",3,6,1,6,12,1,14,1,1,6,1,1,6,1,11,1,1,6,3,0,3,0,0,6,3,4,2,21,13
"1785",4,6,1,9,12,1,14,4,1,6,1,6,12,1,14,1,1,3,5,3,5,3,0,3,3,3,3,24,16
"1786",5,6,6,9,12,1,14,4,6,6,1,9,12,1,14,4,1,5,0,0,5,1,3,5,5,2,4,29,21
"1787",6,9,6,9,12,2,14,4,6,6,6,9,12,1,14,4,6,1,3,0,1,0,0,3,1,1,1,32,22
"1788",7,9,6,13,12,2,14,7,6,9,6,9,12,2,14,4,6,4,2,3,2,3,0,4,3,3,3,36,25
"1789",8,9,6,13,14,2,14,7,7,9,6,13,12,2,14,7,6,2,0,0,1,5,5,2,1,4,4,38,26
"1790",9,9,11,13,14,7,14,7,7,9,6,13,14,2,14,7,7,5,5,0,5,0,0,5,5,2,1,43,31
"1791",10,9,11,13,18,7,14,7,10,9,11,13,14,7,14,7,7,3,4,3,3,3,0,4,3,4,4,47,34
"1792",11,12,11,13,18,11,14,7,10,9,11,13,18,7,14,7,10,3,0,0,4,5,3,3,4,1,1,50,38
"1793",12,12,11,18,18,11,14,7,10,12,11,13,18,11,14,7,10,5,3,0,3,0,0,5,0,3,0,55,38
"1794",0,0,0,0,0,0,0,0,0,0,0,0,0,0,0,0,0,0,0,0,0,0,0,0,0,0,0,0,0
"1795",1,1,3,1,1,3,1,1,1,1,1,1,1,1,1,1,1,2,2,3,2,3,0,2,2,2,1,2,2
"1796",2,1,3,4,1,3,10,1,1,1,3,1,1,3,1,1,1,3,0,0,1,6,4,3,6,3,2,5,11
"1797",3,1,3,8,1,3,10,2,1,1,3,4,1,3,10,1,1,1,4,0,1,0,0,4,1,3,3,9,12
"1798",4,1,11,8,1,3,10,6,1,1,3,8,1,3,10,2,1,4,6,4,4,4,0,6,4,2,3,17,16
"1799",5,1,11,8,5,14,10,6,1,1,11,8,1,3,10,6,1,4,0,0,3,5,6,4,6,4,1,21,27
"1800",6,6,11,8,5,14,13,6,1,1,11,8,5,14,10,6,1,3,5,0,3,0,0,5,3,1,2,26,30
"1801",7,6,11,8,10,14,19,6,3,6,11,8,5,14,13,6,1,6,5,1,6,1,0,5,6,4,2,31,38
"1802",8,1,1,9,10,14,30,6,3,6,11,8,10,14,19,6,3,1,0,0,1,3,5,1,5,3,2,17,49
"1803",9,1,1,12,12,14,2,6,3,1,1,9,10,14,30,6,3,1,3,0,1,0,0,3,1,3,2,22,21
"1804",10,1,1,12,15,14,2,6,4,1,1,12,12,14,2,6,3,3,1,1,1,1,0,3,1,4,4,25,22
"1805",11,1,2,12,15,16,2,6,4,1,1,12,15,14,2,6,4,1,0,0,2,2,3,1,2,2,1,26,24
"1806",12,1,4,12,15,16,2,6,4,1,2,12,15,16,2,6,4,2,3,0,3,0,0,2,0,2,0,28,24
"1807",0,0,0,0,0,0,0,0,0,0,0,0,0,0,0,0,0,0,0,0,0,0,0,0,0,0,0,0,0
"1808",1,1,3,1,1,4,1,1,1,1,1,1,1,1,1,1,1,3,1,2,3,1,0,2,3,2,1,2,3
"1809",2,2,3,1,1,4,5,1,1,1,3,1,1,4,1,1,1,1,0,0,4,4,4,1,4,1,2,3,7
"1810",3,6,3,1,1,4,9,1,1,2,3,1,1,4,5,1,1,4,4,0,4,0,0,4,4,1,2,7,11
"1811",4,6,3,2,7,4,13,1,1,6,3,1,1,4,9,1,1,2,6,4,2,4,0,6,4,4,2,14,15
"1812",5,6,3,4,7,4,13,4,1,6,3,2,7,4,13,1,1,2,0,0,4,3,6,2,3,3,3,16,18
"1813",6,6,9,5,7,4,17,4,1,6,3,4,7,4,13,4,1,4,6,0,4,0,0,6,4,2,2,23,22
"1814",7,6,12,5,7,4,18,4,1,6,9,5,7,4,17,4,1,1,3,1,1,1,0,3,1,2,2,26,23
"1815",8,6,13,5,7,4,22,4,1,6,12,5,7,4,18,4,1,1,0,0,2,4,4,1,4,2,2,27,27
"1816",9,1,13,9,7,4,24,4,6,6,13,5,7,4,22,4,1,2,4,0,2,0,0,4,2,3,2,26,34
"1817",10,1,13,13,7,4,35,4,6,1,13,9,7,4,24,4,6,6,4,2,6,2,0,4,6,3,2,30,45
"1818",11,3,13,13,7,8,35,4,6,1,13,13,7,4,35,4,6,2,0,0,6,5,4,2,4,1,1,32,49
"1819",12,3,13,13,12,8,35,4,6,3,13,13,7,8,35,4,6,6,5,0,6,0,0,5,0,4,0,37,49
"1820",0,0,0,0,0,0,0,0,0,0,0,0,0,0,0,0,0,0,0,0,0,0,0,0,0,0,0,0,0
"1821",1,6,1,1,1,4,1,1,1,1,1,1,1,1,1,1,1,5,1,3,1,3,0,5,3,1,1,5,3
"1822",2,6,1,2,1,4,6,1,1,6,1,1,1,4,1,1,1,1,0,0,4,1,5,1,5,3,2,6,8
"1823",3,10,1,2,1,4,7,1,1,6,1,2,1,4,6,1,1,4,1,0,1,0,0,4,1,1,2,10,9
"1824",4,10,4,2,7,4,7,2,1,10,1,2,1,4,7,1,1,2,1,6,2,1,0,6,1,4,3,19,10
"1825",5,12,4,2,7,4,7,4,1,10,4,2,7,4,7,2,1,2,0,0,6,2,3,2,2,1,3,21,12
"1826",6,16,10,2,7,4,7,4,4,12,4,2,7,4,7,4,1,6,3,0,3,0,0,6,3,2,4,31,15
"1827",7,16,15,8,7,9,7,4,4,16,10,2,7,4,7,4,4,6,5,6,5,6,0,6,5,3,1,42,20
"1828",8,16,19,14,7,9,7,4,5,16,15,8,7,9,7,4,4,6,0,0,5,1,2,6,1,3,4,52,21
"1829",9,16,19,14,12,9,9,4,5,16,19,14,7,9,7,4,5,5,2,0,2,0,0,5,2,4,2,57,23
"1830",10,21,19,14,12,19,9,4,5,16,19,14,12,9,9,4,5,5,6,3,6,3,0,5,6,1,1,62,33
"1831",11,1,19,14,12,19,10,6,5,21,19,14,12,19,9,4,5,3,0,0,2,6,1,3,2,1,3,42,36
"1832",12,3,19,20,12,19,10,6,5,1,19,14,12,19,10,6,5,6,1,0,1,0,0,6,0,3,0,50,36
"1833",0,0,0,0,0,0,0,0,0,0,0,0,0,0,0,0,0,0,0,0,0,0,0,0,0,0,0,0,0
"1834",1,1,1,7,3,7,1,2,1,1,1,1,1,1,1,1,1,2,6,6,2,6,0,6,6,3,1,8,7
"1835",2,1,1,9,3,8,1,2,1,1,1,7,3,7,1,2,1,2,0,0,1,4,4,2,1,3,1,10,8
"1836",3,1,1,9,7,12,1,2,1,1,1,9,3,8,1,2,1,4,4,0,4,0,0,4,4,4,1,14,12
"1837",4,1,6,9,7,12,5,2,1,1,1,9,7,12,1,2,1,4,5,2,4,2,0,5,4,2,2,19,16
"1838",5,1,6,9,9,12,5,7,1,1,6,9,7,12,5,2,1,2,0,0,5,6,5,2,5,4,3,21,21
"1839",6,1,6,16,9,17,5,7,1,1,6,9,9,12,5,7,1,6,5,0,5,0,0,6,5,3,1,28,26
"1840",7,1,16,16,9,17,5,12,1,1,6,16,9,17,5,7,1,5,2,6,5,2,0,6,5,2,3,38,31
"1841",8,1,16,16,11,17,9,12,1,1,16,16,9,17,5,12,1,2,0,0,4,2,6,2,4,4,2,40,35
"1842",9,8,16,16,11,19,9,12,1,1,16,16,11,17,9,12,1,2,6,0,2,0,0,6,2,1,1,47,37
"1843",10,17,16,16,17,20,9,12,1,8,16,16,11,19,9,12,1,1,6,1,1,1,0,6,1,4,1,62,38
"1844",11,17,17,16,17,20,9,14,1,17,16,16,17,20,9,12,1,1,0,0,2,5,6,1,2,2,3,63,40
"1845",12,22,17,16,17,20,9,14,1,17,17,16,17,20,9,14,1,5,6,0,6,0,0,5,0,1,0,68,40
"1846",0,0,0,0,0,0,0,0,0,0,0,0,0,0,0,0,0,0,0,0,0,0,0,0,0,0,0,0,0
"1847",1,6,1,1,1,4,1,1,1,1,1,1,1,1,1,1,1,3,1,5,3,1,0,5,3,1,1,5,3
"1848",2,6,2,1,1,7,1,1,7,6,1,1,1,4,1,1,1,1,0,0,6,2,5,1,6,2,4,6,12
"1849",3,6,2,6,1,9,1,1,7,6,2,1,1,7,1,1,7,2,5,0,2,0,0,5,2,3,1,11,14
"1850",4,6,2,11,1,9,5,1,7,6,2,6,1,9,1,1,7,2,4,5,2,4,0,5,4,3,2,16,18
"1851",5,6,2,13,1,14,5,1,7,6,2,11,1,9,5,1,7,2,0,0,5,2,3,2,5,3,1,18,23
"1852",6,6,2,16,1,16,5,1,7,6,2,13,1,14,5,1,7,2,3,0,2,0,0,3,2,3,1,21,25
"1853",7,6,6,16,1,19,5,1,13,6,2,16,1,16,5,1,7,6,4,1,6,1,0,4,6,2,4,25,34
"1854",8,7,6,16,1,19,5,6,13,6,6,16,1,19,5,1,13,1,0,0,2,5,3,1,5,1,3,26,39
"1855",9,10,6,16,1,19,5,8,13,7,6,16,1,19,5,6,13,2,3,0,2,0,0,3,2,1,3,29,41
"1856",10,10,8,16,1,19,5,8,14,10,6,16,1,19,5,8,13,2,1,4,1,4,0,2,1,2,4,31,42
"1857",11,10,8,20,1,19,7,8,14,10,8,16,1,19,5,8,14,4,0,0,2,3,5,4,2,3,2,35,44
"1858",12,15,8,20,1,19,7,8,14,10,8,20,1,19,7,8,14,3,5,0,3,0,0,5,0,1,0,40,44
"1859",0,0,0,0,0,0,0,0,0,0,0,0,0,0,0,0,0,0,0,0,0,0,0,0,0,0,0,0,0
"1860",1,1,6,1,1,3,7,7,1,1,1,1,1,1,1,1,1,6,5,5,6,5,0,5,6,2,2,5,14
"1861",2,1,6,1,6,3,7,7,6,1,6,1,1,3,7,7,1,5,0,0,5,5,5,5,5,4,4,10,19
"1862",3,1,6,6,6,8,7,7,6,1,6,1,6,3,7,7,6,5,5,0,5,0,0,5,5,3,1,15,24
"1863",4,1,6,7,6,8,7,7,17,1,6,6,6,8,7,7,6,6,3,1,6,3,0,1,6,3,4,16,35
"1864",5,1,6,7,9,10,7,7,17,1,6,7,6,8,7,7,17,3,0,0,2,4,5,3,2,4,1,19,37
"1865",6,1,6,7,13,10,7,12,17,1,6,7,9,10,7,7,17,4,5,0,5,0,0,4,5,4,3,23,42
"1866",7,1,11,7,13,10,9,12,17,1,6,7,13,10,7,12,17,5,2,4,2,4,0,5,2,2,2,28,44
"1867",8,1,11,7,17,13,15,12,17,1,11,7,13,10,9,12,17,4,0,0,6,5,4,4,6,4,2,32,53
"1868",9,1,15,7,17,18,15,12,17,1,11,7,17,13,15,12,17,5,4,0,5,0,0,4,5,2,1,36,58
"1869",10,1,15,7,20,24,16,12,17,1,15,7,17,18,15,12,17,6,3,1,6,1,0,3,6,4,1,39,65
"1870",11,2,15,7,20,32,16,12,17,1,15,7,20,24,16,12,17,1,0,0,6,6,6,1,6,1,1,40,73
"1871",12,2,15,13,27,32,16,12,17,2,15,7,20,32,16,12,17,6,6,0,6,0,0,6,0,4,0,53,73
"1872",0,0,0,0,0,0,0,0,0,0,0,0,0,0,0,0,0,0,0,0,0,0,0,0,0,0,0,0,0
"1873",1,1,5,7,1,1,1,1,6,1,1,1,1,1,1,1,1,2,6,5,2,5,0,6,5,3,4,10,5
"1874",2,3,5,7,1,1,6,1,6,1,5,7,1,1,1,1,6,2,0,0,1,5,3,2,5,1,2,12,10
"1875",3,3,5,10,1,1,6,2,6,3,5,7,1,1,6,1,6,1,3,0,1,0,0,3,1,3,3,15,11
"1876",4,8,5,10,1,1,6,2,7,3,5,10,1,1,6,2,6,1,5,5,1,5,0,5,1,1,4,20,12
"1877",5,8,5,10,6,1,6,5,7,8,5,10,1,1,6,2,7,5,0,0,3,6,5,5,3,4,3,25,15
"1878",6,14,10,10,6,6,6,5,7,8,5,10,6,1,6,5,7,6,5,0,5,0,0,6,5,1,1,36,20
"1879",7,14,10,11,12,10,6,5,7,14,10,10,6,6,6,5,7,6,1,4,1,4,0,6,4,4,1,43,24
"1880",8,15,10,11,12,10,7,5,7,14,10,11,12,10,6,5,7,1,0,0,5,1,1,1,1,1,2,44,25
"1881",9,15,15,11,12,11,7,5,7,15,10,11,12,10,7,5,7,5,1,0,1,0,0,5,1,2,1,49,26
"1882",10,20,15,11,12,14,7,5,7,15,15,11,12,11,7,5,7,5,3,1,3,1,0,5,3,1,1,54,29
"1883",11,20,15,12,12,14,12,5,7,20,15,11,12,14,7,5,7,1,0,0,6,3,5,1,5,3,2,55,34
"1884",12,26,26,12,12,14,12,5,7,20,15,12,12,14,12,5,7,6,3,0,3,0,0,6,0,1,0,72,34
"1885",0,0,0,0,0,0,0,0,0,0,0,0,0,0,0,0,0,0,0,0,0,0,0,0,0,0,0,0,0
"1886",1,1,1,11,1,4,1,7,1,1,1,1,1,1,1,1,1,6,2,6,2,6,0,6,6,3,3,10,9
"1887",2,1,3,11,1,4,1,7,2,1,1,11,1,4,1,7,1,2,0,0,1,2,1,2,1,2,4,12,10
"1888",3,1,3,11,2,4,1,9,2,1,3,11,1,4,1,7,2,2,1,0,2,0,0,1,2,4,3,13,12
"1889",4,1,3,11,13,4,1,14,2,1,3,11,2,4,1,9,2,5,6,6,5,6,0,6,5,4,3,24,17
"1890",5,7,3,11,18,4,6,14,2,1,3,11,13,4,1,14,2,6,0,0,5,2,6,6,5,1,2,35,22
"1891",6,12,9,11,18,6,6,14,2,7,3,11,18,4,6,14,2,2,6,0,2,0,0,6,2,2,1,46,24
"1892",7,12,13,11,18,9,6,14,2,12,9,11,18,6,6,14,2,3,2,4,3,2,0,4,3,2,1,50,27
"1893",8,12,13,13,18,9,8,14,2,12,13,11,18,9,6,14,2,2,0,0,2,3,2,2,2,3,2,52,29
"1894",9,12,16,13,18,9,8,16,2,12,13,13,18,9,8,14,2,3,2,0,2,0,0,3,2,2,3,55,31
"1895",10,12,16,15,18,9,8,16,4,12,16,13,18,9,8,16,2,2,1,2,1,2,0,2,2,3,4,57,33
"1896",11,13,16,15,18,14,8,16,4,12,16,15,18,9,8,16,4,1,0,0,5,2,3,1,5,1,1,58,38
"1897",12,13,16,18,18,14,8,16,4,13,16,15,18,14,8,16,4,2,3,0,2,0,0,3,0,3,0,61,38
"1898",0,0,0,0,0,0,0,0,0,0,0,0,0,0,0,0,0,0,0,0,0,0,0,0,0,0,0,0,0
"1899",1,1,6,1,1,1,1,1,2,1,1,1,1,1,1,1,1,1,5,3,1,3,0,5,1,2,4,5,1
"1900",2,1,6,4,1,7,1,1,12,1,6,1,1,1,1,1,2,3,0,0,1,6,2,3,6,3,1,8,17
"1901",3,1,8,4,1,8,1,1,12,1,6,4,1,7,1,1,12,1,2,0,1,0,0,2,1,2,1,10,18
"1902",4,7,8,4,2,8,1,1,15,1,8,4,1,8,1,1,12,2,3,6,2,3,0,6,3,1,4,17,21
"1903",5,7,8,6,2,8,2,7,15,7,8,4,2,8,1,1,15,2,0,0,6,4,1,2,6,3,3,19,28
"1904",6,7,12,6,2,8,2,7,16,7,8,6,2,8,2,7,15,4,1,0,1,0,0,4,1,2,4,23,29
"1905",7,7,12,10,2,8,6,7,16,7,12,6,2,8,2,7,16,4,4,1,4,1,0,4,4,3,2,27,33
"1906",8,7,13,10,2,8,9,7,16,7,12,10,2,8,6,7,16,1,0,0,3,3,3,1,3,2,2,28,36
"1907",9,10,13,10,2,8,12,7,16,7,13,10,2,8,9,7,16,3,3,0,3,0,0,3,3,1,2,31,39
"1908",10,10,14,10,2,9,12,7,16,10,13,10,2,8,12,7,16,1,1,3,1,3,0,1,1,2,1,32,40
"1909",11,10,14,13,2,13,12,7,16,10,14,10,2,9,12,7,16,3,0,0,4,4,2,3,4,3,1,35,44
"1910",12,12,14,13,2,13,12,7,16,10,14,13,2,13,12,7,16,4,2,0,4,0,0,2,0,1,0,37,44
"1911",0,0,0,0,0,0,0,0,0,0,0,0,0,0,0,0,0,0,0,0,0,0,0,0,0,0,0,0,0
"1912",1,1,7,5,1,1,1,1,4,1,1,1,1,1,1,1,1,2,3,6,2,3,0,6,3,2,4,10,3
"1913",2,1,7,7,1,1,3,1,4,1,7,5,1,1,1,1,4,2,0,0,2,6,2,2,2,3,2,12,5
"1914",3,7,12,7,1,1,3,1,6,1,7,7,1,1,3,1,4,6,2,0,2,0,0,6,2,1,4,23,7
"1915",4,7,12,7,12,1,3,1,10,7,12,7,1,1,3,1,6,4,6,5,4,5,0,6,4,4,4,34,11
"1916",5,12,12,7,12,1,3,5,10,7,12,7,12,1,3,1,10,5,0,0,6,4,2,5,4,1,3,39,15
"1917",6,12,13,13,12,1,3,5,12,12,12,7,12,1,3,5,10,6,2,0,2,0,0,6,2,3,4,46,17
"1918",7,18,19,13,17,1,3,5,14,12,13,13,12,1,3,5,12,2,6,1,2,1,0,6,2,2,4,63,19
"1919",8,18,19,14,17,1,3,5,19,18,19,13,17,1,3,5,14,1,0,0,5,1,4,1,5,3,4,64,24
"1920",9,19,19,14,17,5,3,5,19,18,19,14,17,1,3,5,19,1,4,0,4,0,0,1,4,1,1,65,28
"1921",10,19,19,16,17,5,3,5,21,19,19,14,17,5,3,5,19,2,5,2,5,2,0,2,2,3,4,67,30
"1922",11,24,19,16,17,5,3,7,21,19,19,16,17,5,3,5,21,5,0,0,6,2,5,5,2,1,3,72,32
"1923",12,24,19,16,22,5,3,7,21,24,19,16,17,5,3,7,21,6,5,0,6,0,0,5,0,4,0,77,32
"1924",0,0,0,0,0,0,0,0,0,0,0,0,0,0,0,0,0,0,0,0,0,0,0,0,0,0,0,0,0
"1925",1,7,1,1,6,1,1,1,3,1,1,1,1,1,1,1,1,6,2,1,2,1,0,6,2,1,4,11,2
"1926",2,7,1,2,6,1,1,1,5,7,1,1,6,1,1,1,3,1,0,0,1,2,6,1,2,3,4,12,4
"1927",3,7,7,6,6,1,1,1,6,7,1,2,6,1,1,1,5,1,6,0,1,0,0,6,1,2,4,22,5
"1928",4,13,7,6,12,1,1,4,6,7,7,6,6,1,1,1,6,1,3,6,1,3,0,6,3,1,3,34,8
"1929",5,13,8,6,12,7,10,4,6,13,7,6,12,1,1,4,6,1,0,0,6,2,4,1,6,2,1,35,23
"1930",6,13,12,6,12,7,12,4,6,13,8,6,12,7,10,4,6,2,4,0,2,0,0,4,2,2,2,39,25
"1931",7,13,12,10,12,7,12,5,6,13,12,6,12,7,12,4,6,4,1,4,1,4,0,4,1,3,3,43,26
"1932",8,17,12,10,12,7,17,5,6,13,12,10,12,7,12,5,6,4,0,0,1,5,5,4,5,1,2,47,31
"1933",9,17,17,10,12,8,17,5,6,17,12,10,12,7,17,5,6,1,5,0,1,0,0,5,1,2,1,52,32
"1934",10,20,17,10,12,8,18,5,6,17,17,10,12,8,17,5,6,3,3,1,3,1,0,3,1,1,2,55,33
"1935",11,20,17,10,15,13,24,5,6,20,17,10,12,8,18,5,6,3,0,0,6,4,5,3,6,4,2,58,44
"1936",12,24,17,10,19,13,24,5,1,20,17,10,15,13,24,5,6,4,5,0,5,0,0,4,0,1,0,66,39
"1937",0,0,0,0,0,0,0,0,0,0,0,0,0,0,0,0,0,0,0,0,0,0,0,0,0,0,0,0,0
"1938",1,1,6,1,1,1,5,1,1,1,1,1,1,1,1,1,1,1,4,5,1,4,0,5,4,2,2,5,4
"1939",2,1,6,2,1,1,8,1,1,1,6,1,1,1,5,1,1,1,0,0,3,3,4,1,3,3,2,6,7
"1940",3,5,6,2,1,1,8,1,4,1,6,2,1,1,8,1,1,3,4,0,3,0,0,4,3,1,4,10,10
"1941",4,7,6,2,1,1,9,1,4,5,6,2,1,1,8,1,4,2,2,1,2,1,0,2,1,1,2,12,11
"1942",5,9,6,2,1,12,9,1,4,7,6,2,1,1,9,1,4,2,0,0,1,6,5,2,6,1,1,14,22
"1943",6,14,6,2,1,12,10,1,4,9,6,2,1,12,9,1,4,1,5,0,1,0,0,5,1,1,2,19,23
"1944",7,14,6,7,7,16,10,1,4,14,6,2,1,12,10,1,4,4,6,4,4,4,0,6,4,4,1,30,27
"1945",8,14,10,7,7,16,14,1,4,14,6,7,7,16,10,1,4,4,0,0,4,3,5,4,4,2,2,34,31
"1946",9,19,10,7,7,16,17,1,4,14,10,7,7,16,14,1,4,3,5,0,3,0,0,5,3,1,2,39,34
"1947",10,19,11,7,7,17,17,1,4,19,10,7,7,16,17,1,4,1,1,1,1,1,0,1,1,2,1,40,35
"1948",11,19,12,7,7,17,17,3,4,19,11,7,7,17,17,1,4,1,0,0,2,2,2,1,2,2,3,41,37
"1949",12,19,12,9,7,17,17,3,4,19,12,7,7,17,17,3,4,2,2,0,2,0,0,2,0,3,0,43,37
"1950",0,0,0,0,0,0,0,0,0,0,0,0,0,0,0,0,0,0,0,0,0,0,0,0,0,0,0,0,0
"1951",1,1,11,1,1,4,1,1,1,1,1,1,1,1,1,1,1,3,3,6,3,3,0,6,3,2,1,10,3
"1952",2,1,11,1,4,4,1,4,1,1,11,1,1,4,1,1,1,3,0,0,3,4,6,3,3,4,3,13,6
"1953",3,7,11,5,4,8,1,4,1,1,11,1,4,4,1,4,1,4,6,0,4,0,0,6,4,1,1,23,10
"1954",4,7,11,5,9,8,1,4,5,7,11,5,4,8,1,4,1,4,5,3,4,3,0,5,4,4,4,28,14
"1955",5,7,11,8,9,13,1,4,5,7,11,5,9,8,1,4,5,3,0,0,2,5,4,3,5,3,1,31,19
"1956",6,7,11,12,9,15,1,4,5,7,11,8,9,13,1,4,5,2,4,0,2,0,0,4,2,3,1,35,21
"1957",7,12,11,12,15,15,1,4,6,7,11,12,9,15,1,4,5,1,2,6,1,2,0,6,1,4,4,46,22
"1958",8,12,13,12,15,15,1,10,11,12,11,12,15,15,1,4,6,2,0,0,4,1,6,2,6,2,3,48,33
"1959",9,12,17,12,15,16,1,10,11,12,13,12,15,15,1,10,11,4,1,0,1,0,0,4,1,2,1,52,34
"1960",10,12,17,14,15,17,1,10,11,12,17,12,15,16,1,10,11,2,1,2,1,2,0,2,1,3,1,54,35
"1961",11,12,19,14,15,17,4,10,11,12,17,14,15,17,1,10,11,2,0,0,3,2,5,2,3,2,2,56,38
"1962",12,12,24,14,15,17,4,10,11,12,19,14,15,17,4,10,11,2,5,0,2,0,0,5,0,2,0,61,38
"1963",0,0,0,0,0,0,0,0,0,0,0,0,0,0,0,0,0,0,0,0,0,0,0,0,0,0,0,0,0
"1964",1,1,1,1,4,3,1,1,1,1,1,1,1,1,1,1,1,1,2,3,1,2,0,3,2,4,1,3,2
"1965",2,2,1,1,4,6,1,1,1,1,1,1,4,3,1,1,1,1,0,0,2,1,3,1,3,1,1,4,5
"1966",3,2,1,1,6,6,1,1,2,2,1,1,4,6,1,1,1,2,1,0,1,0,0,2,1,4,4,6,6
"1967",4,2,6,1,6,8,1,1,2,2,1,1,6,6,1,1,2,2,5,2,2,2,0,5,2,2,1,11,8
"1968",5,2,8,1,6,13,1,1,2,2,6,1,6,8,1,1,2,2,0,0,3,5,1,2,5,2,1,13,13
"1969",6,2,8,4,6,13,1,2,2,2,8,1,6,13,1,1,2,3,1,0,1,0,0,3,1,3,3,16,14
"1970",7,8,8,8,6,17,1,2,2,2,8,4,6,13,1,2,2,6,4,2,4,2,0,6,4,1,1,26,18
"1971",8,8,8,10,6,21,1,2,2,8,8,8,6,17,1,2,2,2,0,0,4,4,4,2,4,3,1,28,22
"1972",9,8,12,10,6,21,5,2,2,8,8,10,6,21,1,2,2,4,4,0,4,0,0,4,4,2,2,32,26
"1973",10,12,12,1,1,32,5,2,2,8,12,10,6,21,5,2,2,3,4,1,3,1,0,4,3,1,1,22,37
"1974",11,12,12,2,1,35,5,2,2,12,12,1,1,32,5,2,2,1,0,0,3,3,4,1,3,3,1,23,40
"1975",12,12,12,2,4,35,5,2,2,12,12,2,1,35,5,2,2,3,4,0,4,0,0,3,0,4,0,26,40
"1976",0,0,0,0,0,0,0,0,0,0,0,0,0,0,0,0,0,0,0,0,0,0,0,0,0,0,0,0,0
"1977",1,1,1,5,1,4,1,1,1,1,1,1,1,1,1,1,1,4,4,3,4,3,0,4,3,3,1,4,3
"1978",2,1,5,5,1,4,1,1,6,1,1,5,1,4,1,1,1,4,0,0,5,5,2,4,5,2,4,8,8
"1979",3,6,5,5,1,4,1,1,8,1,5,5,1,4,1,1,6,5,2,0,2,0,0,5,2,1,4,13,10
"1980",4,6,10,5,1,5,1,1,8,6,5,5,1,4,1,1,8,1,1,5,1,1,0,5,1,2,1,18,11
"1981",5,6,11,5,1,11,7,1,10,6,10,5,1,5,1,1,8,1,0,0,2,6,2,1,6,2,2,19,25
"1982",6,6,13,5,1,11,9,1,10,6,11,5,1,11,7,1,10,2,2,0,2,0,0,2,2,2,2,21,27
"1983",7,6,16,5,1,11,9,1,15,6,13,5,1,11,9,1,10,3,5,1,5,1,0,3,5,2,4,24,32
"1984",8,7,16,5,1,13,9,1,15,6,16,5,1,11,9,1,15,1,0,0,5,2,6,1,2,1,1,25,34
"1985",9,7,16,15,1,13,9,6,15,7,16,5,1,13,9,1,15,5,6,0,5,0,0,6,5,3,3,35,39
"1986",10,7,16,20,1,15,15,6,15,7,16,15,1,13,9,6,15,6,5,2,6,2,0,5,6,3,2,40,47
"1987",11,7,18,20,1,15,15,7,15,7,16,20,1,15,15,6,15,2,0,0,1,3,4,2,1,2,3,42,48
"1988",12,7,18,20,4,15,15,7,15,7,18,20,1,15,15,7,15,3,4,0,4,0,0,3,0,4,0,45,48
"1989",0,0,0,0,0,0,0,0,0,0,0,0,0,0,0,0,0,0,0,0,0,0,0,0,0,0,0,0,0
"1990",1,1,1,1,4,1,1,3,1,1,1,1,1,1,1,1,1,3,2,1,2,1,0,3,2,4,3,3,2
"1991",2,1,2,1,4,1,1,3,2,1,1,1,4,1,1,3,1,1,0,0,3,1,3,1,1,2,4,4,3
"1992",3,1,2,4,4,4,1,3,2,1,2,1,4,1,1,3,2,3,3,0,3,0,0,3,3,3,1,7,6
"1993",4,7,8,4,6,4,2,3,2,1,2,4,4,4,1,3,2,6,1,3,1,3,0,6,1,1,2,21,7
"1994",5,10,8,4,6,4,2,5,2,7,8,4,6,4,2,3,2,3,0,0,2,2,5,3,2,1,3,24,9
"1995",6,10,8,4,11,4,4,5,2,10,8,4,6,4,2,5,2,2,5,0,2,0,0,5,2,4,2,29,11
"1996",7,13,8,10,11,5,4,5,2,10,8,4,11,4,4,5,2,6,1,1,1,1,0,6,1,3,1,38,12
"1997",8,14,8,10,11,10,4,5,2,13,8,10,11,5,4,5,2,1,0,0,5,2,2,1,5,1,1,39,17
"1998",9,16,8,10,11,10,4,7,2,14,8,10,11,10,4,5,2,2,2,0,2,0,0,2,2,1,3,41,19
"1999",10,16,11,10,11,14,4,7,2,16,8,10,11,10,4,7,2,3,4,2,4,2,0,3,4,2,1,44,23
"2000",11,18,11,10,11,17,4,7,2,16,11,10,11,14,4,7,2,2,0,0,3,3,4,2,3,1,1,46,26
"2001",12,18,11,14,11,17,4,7,2,18,11,10,11,17,4,7,2,3,4,0,3,0,0,4,0,3,0,50,26
"2002",0,0,0,0,0,0,0,0,0,0,0,0,0,0,0,0,0,0,0,0,0,0,0,0,0,0,0,0,0
"2003",1,7,1,1,5,1,3,1,1,1,1,1,1,1,1,1,1,6,2,1,2,1,0,6,2,1,2,10,2
"2004",2,7,1,2,5,1,5,1,1,7,1,1,5,1,3,1,1,1,0,0,5,4,2,1,2,3,2,11,4
"2005",3,7,1,7,5,5,5,1,1,7,1,2,5,1,5,1,1,5,4,0,4,0,0,5,4,3,1,16,8
"2006",4,7,7,7,8,5,5,6,1,7,1,7,5,5,5,1,1,6,5,1,5,1,0,6,5,2,3,25,13
"2007",5,7,7,8,8,10,5,6,1,7,7,7,8,5,5,6,1,1,0,0,5,3,6,1,5,3,1,26,18
"2008",6,13,7,8,13,10,8,6,1,7,7,8,8,10,5,6,1,3,6,0,3,0,0,6,3,1,2,37,21
"2009",7,13,13,9,13,10,8,11,1,13,7,8,13,10,8,6,1,6,2,5,2,5,0,6,5,2,3,44,26
"2010",8,15,13,9,13,10,12,11,1,13,13,9,13,10,8,11,1,2,0,0,6,5,4,2,4,1,2,46,30
"2011",9,15,19,9,19,15,12,11,1,15,13,9,13,10,12,11,1,6,5,0,5,0,0,6,5,4,1,58,35
"2012",10,15,19,14,19,15,14,11,1,15,19,9,19,15,12,11,1,5,2,6,2,6,0,5,2,3,2,63,37
"2013",11,18,32,14,19,18,1,1,1,15,19,14,19,15,14,11,1,6,0,0,3,1,1,6,3,2,1,79,17
"2014",12,18,32,15,19,18,1,1,1,18,32,14,19,18,1,1,1,1,1,0,1,0,0,1,0,3,0,80,17
"2015",0,0,0,0,0,0,0,0,0,0,0,0,0,0,0,0,0,0,0,0,0,0,0,0,0,0,0,0,0
"2016",1,1,5,1,1,1,1,4,1,1,1,1,1,1,1,1,1,3,4,3,3,3,0,4,3,2,3,4,3
"2017",2,1,5,4,1,1,4,4,1,1,5,1,1,1,1,4,1,3,0,0,1,3,3,3,3,3,2,7,6
"2018",3,1,8,4,1,1,4,4,2,1,5,4,1,1,4,4,1,1,3,0,1,0,0,3,1,2,4,10,7
"2019",4,1,8,4,5,1,8,4,2,1,8,4,1,1,4,4,2,4,2,4,2,4,0,4,4,4,2,14,11
"2020",5,3,8,4,5,8,8,4,2,1,8,4,5,1,8,4,2,2,0,0,6,5,4,2,6,1,1,16,18
"2021",6,7,8,4,5,13,8,4,2,3,8,4,5,8,8,4,2,5,4,0,5,0,0,4,5,1,1,20,23
"2022",7,7,11,4,5,18,8,4,2,7,8,4,5,13,8,4,2,3,5,1,5,1,0,3,5,2,1,23,28
"2023",8,8,11,1,1,23,8,4,6,7,11,4,5,18,8,4,2,1,0,0,2,1,4,1,4,1,1,17,37
"2024",9,9,11,1,1,23,8,4,8,8,11,1,1,23,8,4,6,2,1,0,2,0,0,1,2,1,4,18,39
"2025",10,9,11,6,5,5,8,4,8,9,11,1,1,23,8,4,8,4,4,1,4,1,0,4,4,4,1,27,21
"2026",11,9,11,6,6,5,8,9,8,9,11,6,5,5,8,4,8,1,0,0,5,5,2,1,5,4,3,28,26
"2027",12,9,11,8,6,5,8,9,8,9,11,6,6,5,8,9,8,5,2,0,5,0,0,2,0,3,0,30,26
"2028",0,0,0,0,0,0,0,0,0,0,0,0,0,0,0,0,0,0,0,0,0,0,0,0,0,0,0,0,0
"2029",1,1,4,1,1,1,4,1,1,1,1,1,1,1,1,1,1,1,3,3,1,3,0,3,3,2,2,3,3
"2030",2,2,4,1,1,4,4,1,1,1,4,1,1,1,4,1,1,1,0,0,1,3,5,1,3,1,1,4,6
"2031",3,2,9,1,1,5,4,1,1,2,4,1,1,4,4,1,1,1,5,0,1,0,0,5,1,2,1,9,7
"2032",4,8,9,1,3,5,8,1,1,2,9,1,1,5,4,1,1,6,3,4,3,4,0,6,4,1,2,17,11
"2033",5,11,9,1,3,13,8,1,1,8,9,1,3,5,8,1,1,3,0,0,6,1,1,3,6,1,1,20,19
"2034",6,11,9,1,4,13,8,1,2,11,9,1,3,13,8,1,1,1,1,0,1,0,0,1,1,4,4,21,20
"2035",7,11,9,5,4,13,12,1,2,11,9,1,4,13,8,1,2,4,4,3,4,3,0,4,4,3,2,25,24
"2036",8,11,9,8,4,13,12,6,2,11,9,5,4,13,12,1,2,3,0,0,5,4,4,3,5,3,3,28,29
"2037",9,11,9,8,8,13,16,6,2,11,9,8,4,13,12,6,2,4,4,0,4,0,0,4,4,4,2,32,33
"2038",10,17,12,8,8,13,16,6,4,11,9,8,8,13,16,6,2,6,1,2,1,2,0,6,2,1,4,41,35
"2039",11,17,13,8,8,18,16,6,4,17,12,8,8,13,16,6,4,1,0,0,5,6,1,1,5,2,1,42,40
"2040",12,17,13,9,8,18,16,6,4,17,13,8,8,18,16,6,4,6,1,0,6,0,0,1,0,3,0,43,40
"2041",0,0,0,0,0,0,0,0,0,0,0,0,0,0,0,0,0,0,0,0,0,0,0,0,0,0,0,0,0
"2042",1,13,2,1,1,1,1,5,1,1,1,1,1,1,1,1,1,4,6,3,4,3,0,6,4,1,3,13,4
"2043",2,13,2,1,4,1,1,10,1,13,2,1,1,1,1,5,1,3,0,0,2,2,5,3,5,4,3,16,9
"2044",3,13,2,1,6,1,1,12,1,13,2,1,4,1,1,10,1,2,2,0,2,0,0,2,2,4,3,18,11
"2045",4,13,2,1,9,2,1,12,1,13,2,1,6,1,1,12,1,3,1,3,1,3,0,3,1,4,1,21,12
"2046",5,13,5,1,9,2,7,18,4,13,2,1,9,2,1,12,1,3,0,0,4,6,1,3,6,2,3,24,27
"2047",6,17,5,1,9,3,7,18,4,13,5,1,9,2,7,18,4,4,1,0,1,0,0,4,1,1,1,28,28
"2048",7,17,5,1,19,3,7,18,5,17,5,1,9,3,7,18,4,1,6,1,1,1,0,6,1,4,4,38,29
"2049",8,17,6,1,19,3,9,18,5,17,5,1,19,3,7,18,5,1,0,0,2,1,6,1,2,2,2,39,31
"2050",9,17,12,6,19,4,9,18,5,17,6,1,19,3,9,18,5,1,6,0,1,0,0,6,1,2,1,50,32
"2051",10,17,12,11,19,6,9,18,5,17,12,6,19,4,9,18,5,2,1,5,2,1,0,5,2,3,1,55,34
"2052",11,18,12,11,19,6,12,18,5,17,12,11,19,6,9,18,5,1,0,0,3,2,6,1,3,1,2,56,37
"2053",12,18,12,13,19,6,12,18,5,18,12,11,19,6,12,18,5,2,6,0,6,0,0,2,0,3,0,58,37
"2054",0,0,0,0,0,0,0,0,0,0,0,0,0,0,0,0,0,0,0,0,0,0,0,0,0,0,0,0,0
"2055",1,1,11,1,1,7,1,2,1,1,1,1,1,1,1,1,1,6,6,1,6,1,0,6,6,2,1,10,7
"2056",2,1,11,1,2,7,6,2,1,1,11,1,1,7,1,2,1,1,0,0,1,5,1,1,5,4,2,11,12
"2057",3,1,12,1,2,7,7,2,1,1,11,1,2,7,6,2,1,1,1,0,1,0,0,1,1,2,2,12,13
"2058",4,1,12,7,4,7,7,2,11,1,12,1,2,7,7,2,1,6,6,6,6,6,0,6,6,3,4,20,23
"2059",5,5,12,7,10,7,12,2,11,1,12,7,4,7,7,2,11,6,0,0,5,3,1,6,5,4,2,30,28
"2060",6,8,12,7,10,8,12,2,11,5,12,7,10,7,12,2,11,3,1,0,1,0,0,3,1,1,1,33,29
"2061",7,10,12,7,10,8,15,2,11,8,12,7,10,8,12,2,11,3,2,2,3,2,0,2,3,1,2,35,32
"2062",8,10,12,9,10,12,15,2,11,10,12,7,10,8,15,2,11,2,0,0,3,2,4,2,4,3,1,37,36
"2063",9,10,15,9,10,14,15,2,11,10,12,9,10,12,15,2,11,3,2,0,2,0,0,3,2,2,1,40,38
"2064",10,10,15,14,10,14,17,2,11,10,15,9,10,14,15,2,11,5,2,2,2,2,0,5,2,3,2,45,40
"2065",11,10,15,14,12,18,23,2,11,10,15,14,10,14,17,2,11,2,0,0,6,5,2,2,6,4,2,47,50
"2066",12,10,15,16,12,18,23,2,11,10,15,14,12,18,23,2,11,5,2,0,5,0,0,2,0,3,0,49,50
"2067",0,0,0,0,0,0,0,0,0,0,0,0,0,0,0,0,0,0,0,0,0,0,0,0,0,0,0,0,0
"2068",1,1,1,1,4,1,1,4,1,1,1,1,1,1,1,1,1,3,3,3,3,3,0,3,3,4,3,3,3
"2069",2,1,1,4,4,3,1,4,1,1,1,1,4,1,1,4,1,3,0,0,5,1,2,3,2,3,1,6,5
"2070",3,1,1,9,4,3,2,4,1,1,1,4,4,3,1,4,1,5,1,0,1,0,0,5,1,3,2,11,6
"2071",4,5,7,9,4,9,2,7,1,1,1,9,4,3,2,4,1,6,6,6,6,6,0,6,6,2,1,21,15
"2072",5,11,7,9,9,11,2,7,1,5,7,9,4,9,2,7,1,6,0,0,2,4,2,6,2,1,1,32,17
"2073",6,11,11,9,9,11,2,9,1,11,7,9,9,11,2,7,1,4,2,0,2,0,0,4,2,2,3,36,19
"2074",7,11,11,9,14,16,2,9,1,11,11,9,9,11,2,9,1,5,5,1,5,1,0,5,5,4,1,41,24
"2075",8,11,11,10,14,16,2,9,6,11,11,9,14,16,2,9,1,1,0,0,5,4,2,1,5,3,4,42,29
"2076",9,11,15,10,14,18,2,9,6,11,11,10,14,16,2,9,6,4,2,0,2,0,0,4,2,2,1,46,31
"2077",10,15,15,10,14,19,2,9,6,11,15,10,14,18,2,9,6,1,4,2,1,2,0,4,1,1,1,50,32
"2078",11,15,17,10,14,23,2,9,6,15,15,10,14,19,2,9,6,2,0,0,4,4,6,2,4,2,1,52,36
"2079",12,21,18,10,14,23,2,9,6,15,17,10,14,23,2,9,6,4,6,0,4,0,0,6,0,1,0,59,36
"2080",0,0,0,0,0,0,0,0,0,0,0,0,0,0,0,0,0,0,0,0,0,0,0,0,0,0,0,0,0
"2081",1,6,1,1,1,1,1,1,6,1,1,1,1,1,1,1,1,5,5,5,5,5,0,5,5,1,4,5,5
"2082",2,6,1,6,1,1,1,2,6,6,1,1,1,1,1,1,6,5,0,0,3,1,1,5,1,3,3,10,6
"2083",3,9,1,6,1,1,2,2,6,6,1,6,1,1,1,2,6,3,1,0,1,0,0,3,1,1,2,13,7
"2084",4,10,1,6,1,1,2,3,6,9,1,6,1,1,2,2,6,1,1,3,1,3,0,1,1,1,3,14,8
"2085",5,10,4,6,1,3,2,3,6,10,1,6,1,1,2,3,6,3,0,0,4,2,2,3,2,2,1,17,10
"2086",6,10,8,6,1,5,2,3,6,10,4,6,1,3,2,3,6,4,2,0,2,0,0,4,2,2,1,21,12
"2087",7,10,8,10,1,7,2,3,6,10,8,6,1,5,2,3,6,1,4,2,1,2,0,4,2,3,1,25,14
"2088",8,10,8,10,2,7,2,3,9,10,8,10,1,7,2,3,6,1,0,0,3,3,1,1,3,4,4,26,17
"2089",9,10,8,10,5,8,2,3,9,10,8,10,2,7,2,3,9,3,1,0,1,0,0,3,1,4,1,29,18
"2090",10,10,9,10,5,9,2,3,9,10,8,10,5,8,2,3,9,1,2,1,2,1,0,1,1,2,1,30,19
"2091",11,12,9,10,5,14,2,3,9,10,9,10,5,9,2,3,9,2,0,0,5,2,2,2,5,1,1,32,24
"2092",12,12,9,10,7,14,2,3,9,12,9,10,5,14,2,3,9,2,2,0,2,0,0,2,0,4,0,34,24
"2093",0,0,0,0,0,0,0,0,0,0,0,0,0,0,0,0,0,0,0,0,0,0,0,0,0,0,0,0,0
"2094",1,1,1,6,1,4,1,1,1,1,1,1,1,1,1,1,1,5,3,4,3,4,0,5,3,3,1,5,3
"2095",2,1,5,6,1,4,1,1,4,1,1,6,1,4,1,1,1,4,0,0,5,3,1,4,3,2,4,9,6
"2096",3,1,10,6,1,5,1,1,4,1,5,6,1,4,1,1,4,5,1,0,1,0,0,5,1,2,1,14,7
"2097",4,5,10,6,1,5,6,1,4,1,10,6,1,5,1,1,4,5,4,4,5,4,0,4,5,1,2,18,12
"2098",5,9,10,6,1,5,6,1,8,5,10,6,1,5,6,1,4,4,0,0,5,4,4,4,4,1,4,22,16
"2099",6,13,10,6,1,5,11,1,8,9,10,6,1,5,6,1,8,5,4,0,5,0,0,4,5,1,2,26,21
"2100",7,19,10,9,1,8,11,1,8,13,10,6,1,5,11,1,8,3,6,6,3,6,0,6,3,1,1,35,24
"2101",8,19,16,9,10,8,11,1,13,19,10,9,1,8,11,1,8,6,0,0,3,3,5,6,5,4,4,50,29
"2102",9,19,16,9,13,8,14,1,13,19,16,9,10,8,11,1,13,3,3,0,3,0,0,3,3,4,2,53,32
"2103",10,19,16,19,13,9,14,1,13,19,16,9,13,8,14,1,13,6,1,4,1,4,0,6,1,3,1,63,33
"2104",11,19,16,23,13,12,14,1,13,19,16,19,13,9,14,1,13,4,0,0,6,2,3,4,3,3,1,67,36
"2105",12,25,20,23,13,12,14,1,13,19,16,23,13,12,14,1,13,6,2,0,2,0,0,6,0,1,0,77,36
"2106",0,0,0,0,0,0,0,0,0,0,0,0,0,0,0,0,0,0,0,0,0,0,0,0,0,0,0,0,0
"2107",1,1,1,4,1,1,1,1,4,1,1,1,1,1,1,1,1,3,3,1,3,1,0,3,3,3,4,3,3
"2108",2,1,1,4,2,7,1,5,4,1,1,4,1,1,1,1,4,1,0,0,6,5,4,1,6,4,1,4,13
"2109",3,1,1,4,7,11,1,5,4,1,1,4,2,7,1,5,4,5,4,0,4,0,0,5,4,4,1,9,17
"2110",4,1,5,4,7,16,1,5,4,1,1,4,7,11,1,5,4,4,4,5,4,5,0,4,5,2,1,13,22
"2111",5,1,5,8,7,16,7,9,4,1,5,4,7,16,1,5,4,4,0,0,6,2,4,4,6,3,2,17,32
"2112",6,1,5,12,7,16,9,9,4,1,5,8,7,16,7,9,4,2,4,0,2,0,0,4,2,3,2,21,34
"2113",7,1,5,20,7,16,11,9,4,1,5,12,7,16,9,9,4,6,2,3,2,3,0,6,2,3,2,29,36
"2114",8,4,5,20,7,16,16,9,4,1,5,20,7,16,11,9,4,3,0,0,5,5,1,3,5,1,2,32,41
"2115",9,4,5,20,12,17,16,9,4,4,5,20,7,16,16,9,4,5,1,0,1,0,0,5,1,4,1,37,42
"2116",10,1,5,20,17,25,16,9,4,4,5,20,12,17,16,9,4,1,5,5,1,5,0,5,5,4,1,39,50
"2117",11,2,5,20,17,28,16,9,4,1,5,20,17,25,16,9,4,1,0,0,3,2,2,1,3,1,1,40,53
"2118",12,4,5,20,17,28,16,9,4,2,5,20,17,28,16,9,4,2,2,0,2,0,0,2,0,1,0,42,53
"2119",0,0,0,0,0,0,0,0,0,0,0,0,0,0,0,0,0,0,0,0,0,0,0,0,0,0,0,0,0
"2120",1,5,1,1,1,1,6,1,1,1,1,1,1,1,1,1,1,5,4,1,5,1,0,4,5,1,2,4,5
"2121",2,5,2,1,1,1,6,2,1,5,1,1,1,1,6,1,1,1,0,0,1,1,1,1,1,2,3,5,6
"2122",3,5,2,1,2,2,6,2,1,5,2,1,1,1,6,2,1,1,1,0,1,0,0,1,1,4,1,6,7
"2123",4,5,7,1,2,2,9,2,1,5,2,1,2,2,6,2,1,2,5,3,2,3,0,5,3,2,2,11,10
"2124",5,5,9,1,2,2,9,4,1,5,7,1,2,2,9,2,1,2,0,0,2,6,2,2,2,2,3,13,12
"2125",6,5,9,7,3,2,11,4,1,5,9,1,2,2,9,4,1,6,2,0,2,0,0,6,2,3,2,20,14
"2126",7,5,9,12,3,2,11,4,6,5,9,7,3,2,11,4,1,4,5,5,4,5,0,5,5,3,4,25,19
"2127",8,9,9,12,3,7,11,10,6,5,9,12,3,2,11,4,6,4,0,0,6,3,5,4,6,1,3,29,30
"2128",9,9,14,12,3,7,11,13,6,9,9,12,3,7,11,10,6,3,5,0,3,0,0,5,3,2,3,34,33
"2129",10,14,14,24,3,7,11,13,3,9,14,12,3,7,11,13,6,2,3,6,2,3,0,6,2,3,4,51,30
"2130",11,14,14,1,6,13,11,16,6,14,14,24,3,7,11,13,3,3,0,0,6,3,2,3,3,4,4,31,42
"2131",12,14,14,3,6,13,11,16,6,14,14,1,6,13,11,16,6,6,2,0,6,0,0,2,0,3,0,33,42
"2132",0,0,0,0,0,0,0,0,0,0,0,0,0,0,0,0,0,0,0,0,0,0,0,0,0,0,0,0,0
"2133",1,6,1,1,1,6,1,1,1,1,1,1,1,1,1,1,1,5,5,3,5,3,0,5,5,1,1,5,5
"2134",2,9,1,1,1,8,1,1,1,6,1,1,1,6,1,1,1,3,0,0,2,5,2,3,2,1,1,8,7
"2135",3,9,1,1,6,8,1,3,1,9,1,1,1,8,1,1,1,5,2,0,2,0,0,5,2,4,3,13,9
"2136",4,9,1,1,9,11,1,3,1,9,1,1,6,8,1,3,1,3,1,3,1,3,0,3,3,4,1,16,12
"2137",5,9,1,1,10,11,1,4,1,9,1,1,9,11,1,3,1,1,0,0,2,1,2,1,1,4,3,17,13
"2138",6,9,1,3,10,11,1,4,3,9,1,1,10,11,1,4,1,2,2,0,2,0,0,2,2,3,4,19,15
"2139",7,9,1,3,13,11,5,4,3,9,1,3,10,11,1,4,3,3,3,4,3,4,0,3,4,4,2,22,19
"2140",8,12,1,3,13,13,5,4,3,9,1,3,13,11,5,4,3,3,0,0,2,2,2,3,2,1,1,25,21
"2141",9,12,1,3,15,13,5,6,3,12,1,3,13,13,5,4,3,2,2,0,2,0,0,2,2,4,3,27,23
"2142",10,17,13,3,15,18,5,6,3,12,1,3,15,13,5,6,3,5,4,6,5,4,0,6,5,2,1,44,28
"2143",11,17,17,3,15,19,5,6,3,17,13,3,15,18,5,6,3,4,0,0,1,3,1,4,1,2,1,48,29
"2144",12,17,18,3,15,19,5,6,3,17,17,3,15,19,5,6,3,3,1,0,3,0,0,1,0,2,0,49,29
"2145",0,0,0,0,0,0,0,0,0,0,0,0,0,0,0,0,0,0,0,0,0,0,0,0,0,0,0,0,0
"2146",1,2,7,1,7,1,1,1,5,1,1,1,1,1,1,1,1,4,6,6,4,6,0,6,4,2,4,13,4
"2147",2,8,8,1,7,4,1,1,5,2,7,1,7,1,1,1,5,6,0,0,3,5,1,6,3,1,1,20,7
"2148",3,8,13,1,7,4,2,1,5,8,8,1,7,4,1,1,5,5,1,0,1,0,0,5,1,2,2,25,8
"2149",4,11,13,1,7,4,2,2,5,8,13,1,7,4,2,1,5,1,2,3,1,2,0,3,1,1,3,28,9
"2150",5,11,13,1,9,4,6,2,5,11,13,1,7,4,2,2,5,2,0,0,4,1,4,2,4,4,2,30,13
"2151",6,11,13,1,13,4,7,2,5,11,13,1,9,4,6,2,5,1,4,0,1,0,0,4,1,4,2,34,14
"2152",7,11,16,1,13,4,8,2,5,11,13,1,13,4,7,2,5,1,3,1,1,1,0,3,1,2,2,37,15
"2153",8,11,16,2,13,4,8,3,5,11,16,1,13,4,8,2,5,1,0,0,1,1,1,1,1,3,3,38,16
"2154",9,12,16,2,13,5,8,3,5,11,16,2,13,4,8,3,5,1,1,0,1,0,0,1,1,1,1,39,17
"2155",10,12,16,12,13,9,8,3,5,12,16,2,13,5,8,3,5,4,4,6,4,4,0,6,4,3,1,49,21
"2156",11,16,16,12,13,12,8,3,5,12,16,12,13,9,8,3,5,4,0,0,3,5,1,4,3,1,1,53,24
"2157",12,17,16,12,13,12,8,3,5,16,16,12,13,12,8,3,5,5,1,0,5,0,0,1,0,1,0,54,24
"2158",0,0,0,0,0,0,0,0,0,0,0,0,0,0,0,0,0,0,0,0,0,0,0,0,0,0,0,0,0
"2159",1,6,1,7,1,5,1,1,1,1,1,1,1,1,1,1,1,2,4,6,2,4,0,6,4,3,1,11,4
"2160",2,6,3,7,1,5,7,2,1,6,1,7,1,5,1,1,1,2,0,0,6,3,3,2,6,2,2,13,11
"2161",3,6,3,7,4,5,10,2,1,6,3,7,1,5,7,2,1,3,3,0,3,0,0,3,3,4,2,16,14
"2162",4,6,6,7,10,11,14,2,1,6,3,7,4,5,10,2,1,6,6,1,6,1,0,6,6,4,1,25,24
"2163",5,6,7,7,10,11,14,13,1,6,6,7,10,11,14,2,1,1,0,0,2,6,3,1,6,2,3,26,35
"2164",6,6,10,7,10,11,16,13,1,6,7,7,10,11,14,13,1,2,3,0,2,0,0,3,2,2,2,29,37
"2165",7,12,10,13,15,16,16,13,1,6,10,7,10,11,16,13,1,5,2,6,5,2,0,6,5,1,1,46,42
"2166",8,12,12,13,15,16,16,13,3,12,10,13,15,16,16,13,1,2,0,0,2,1,6,2,2,2,4,48,44
"2167",9,12,18,13,19,16,17,13,3,12,12,13,15,16,16,13,3,1,6,0,1,0,0,6,1,2,2,58,45
"2168",10,16,18,13,19,20,17,13,3,12,18,13,19,16,17,13,3,1,4,4,1,4,0,4,4,1,1,62,49
"2169",11,16,19,13,19,25,17,13,3,16,18,13,19,20,17,13,3,1,0,0,1,6,5,1,5,2,1,63,54
"2170",12,16,19,13,20,25,17,13,3,16,19,13,19,25,17,13,3,1,6,0,6,0,0,1,0,4,0,64,54
"2171",0,0,0,0,0,0,0,0,0,0,0,0,0,0,0,0,0,0,0,0,0,0,0,0,0,0,0,0,0
"2172",1,5,1,1,1,1,3,1,1,1,1,1,1,1,1,1,1,4,2,1,2,1,0,4,2,1,2,4,2
"2173",2,6,1,1,1,7,3,3,1,5,1,1,1,1,3,1,1,1,0,0,1,4,6,1,6,1,1,5,10
"2174",3,6,1,1,5,7,3,3,2,6,1,1,1,7,3,3,1,1,4,0,1,0,0,4,1,4,4,9,11
"2175",4,6,5,1,5,7,3,4,2,6,1,1,5,7,3,3,2,1,2,4,1,2,0,4,1,2,3,13,12
"2176",5,6,5,1,7,7,8,4,2,6,5,1,5,7,3,4,2,2,0,0,5,5,2,2,5,4,2,15,17
"2177",6,6,10,1,7,7,8,6,2,6,5,1,7,7,8,4,2,5,2,0,2,0,0,5,2,2,3,20,19
"2178",7,6,10,1,12,7,8,9,2,6,10,1,7,7,8,6,2,5,3,2,3,2,0,5,3,4,3,25,22
"2179",8,8,10,1,12,7,8,9,5,6,10,1,12,7,8,9,2,2,0,0,3,2,3,2,3,1,4,27,25
"2180",9,8,13,1,12,9,8,9,5,8,10,1,12,7,8,9,5,2,3,0,2,0,0,3,2,2,1,30,27
"2181",10,8,13,6,12,9,8,9,9,8,13,1,12,9,8,9,5,5,4,4,4,4,0,5,4,3,4,35,31
"2182",11,12,13,6,12,9,10,9,15,8,13,6,12,9,8,9,9,4,0,0,6,4,6,4,6,1,4,39,39
"2183",12,12,13,6,22,9,10,9,15,12,13,6,12,9,10,9,15,4,6,0,4,0,0,6,0,4,0,49,39
"2184",0,0,0,0,0,0,0,0,0,0,0,0,0,0,0,0,0,0,0,0,0,0,0,0,0,0,0,0,0
"2185",1,5,1,1,1,4,1,1,1,1,1,1,1,1,1,1,1,3,4,1,3,1,0,4,3,1,1,4,3
"2186",2,6,1,1,1,6,1,1,1,5,1,1,1,4,1,1,1,1,0,0,1,3,2,1,2,1,1,5,5
"2187",3,6,1,1,4,6,2,1,1,6,1,1,1,6,1,1,1,1,3,0,1,0,0,3,1,4,2,8,6
"2188",4,6,6,1,4,8,8,1,1,6,1,1,4,6,2,1,1,1,5,6,1,6,0,5,6,2,2,13,14
"2189",5,6,7,1,4,8,8,3,1,6,6,1,4,8,8,1,1,1,0,0,2,2,5,1,2,2,3,14,16
"2190",6,11,7,1,4,8,8,5,1,6,7,1,4,8,8,3,1,2,5,0,2,0,0,5,2,1,3,19,18
"2191",7,13,7,1,4,11,8,5,1,11,7,1,4,8,8,5,1,2,3,3,3,3,0,2,3,1,1,21,21
"2192",8,16,7,1,4,11,8,6,1,13,7,1,4,11,8,5,1,3,0,0,1,6,4,3,1,1,3,24,22
"2193",9,16,10,7,4,11,8,10,1,16,7,1,4,11,8,6,1,6,4,0,4,0,0,6,4,3,3,33,26
"2194",10,16,10,9,4,11,10,10,1,16,10,7,4,11,8,10,1,2,2,1,2,1,0,2,2,3,2,35,28
"2195",11,16,10,9,5,12,10,16,1,16,10,9,4,11,10,10,1,1,0,0,6,1,4,1,6,4,3,36,35
"2196",12,16,10,10,5,12,10,16,1,16,10,9,5,12,10,16,1,1,4,0,4,0,0,1,0,3,0,37,35
"2197",0,0,0,0,0,0,0,0,0,0,0,0,0,0,0,0,0,0,0,0,0,0,0,0,0,0,0,0,0
"2198",1,1,5,1,1,1,1,3,1,1,1,1,1,1,1,1,1,1,2,4,1,2,0,4,2,2,3,4,2
"2199",2,1,5,1,2,1,3,3,1,1,5,1,1,1,1,3,1,1,0,0,2,1,3,1,2,4,2,5,4
"2200",3,1,8,1,2,2,3,3,1,1,5,1,2,1,3,3,1,1,3,0,1,0,0,3,1,2,1,8,5
"2201",4,8,8,1,2,7,3,9,7,1,8,1,2,2,3,3,1,6,2,6,2,6,0,6,6,1,4,15,22
"2202",5,8,10,1,2,10,3,9,7,8,8,1,2,7,3,9,7,2,0,0,1,5,3,2,3,2,1,17,25
"2203",6,8,15,1,2,10,3,10,7,8,10,1,2,10,3,9,7,1,5,0,1,0,0,5,1,2,3,22,26
"2204",7,8,18,1,2,15,3,10,7,8,15,1,2,10,3,10,7,5,3,1,5,1,0,3,5,2,1,25,31
"2205",8,8,18,1,3,15,3,10,12,8,18,1,2,15,3,10,7,1,0,0,5,5,3,1,5,4,4,26,36
"2206",9,8,23,1,3,18,3,10,12,8,18,1,3,15,3,10,12,5,3,0,3,0,0,5,3,2,1,31,39
"2207",10,8,27,1,3,18,3,10,13,8,23,1,3,18,3,10,12,1,4,3,1,3,0,4,1,2,4,35,40
"2208",11,8,1,1,3,25,9,10,13,8,27,1,3,18,3,10,13,3,0,0,3,1,6,3,6,3,2,9,53
"2209",12,9,1,1,3,25,9,10,13,8,1,1,3,25,9,10,13,3,1,0,3,0,0,1,0,1,0,10,53
"2210",0,0,0,0,0,0,0,0,0,0,0,0,0,0,0,0,0,0,0,0,0,0,0,0,0,0,0,0,0
"2211",1,1,1,1,3,3,1,1,1,1,1,1,1,1,1,1,1,2,2,2,2,2,0,2,2,4,1,2,2
"2212",2,1,1,1,5,3,5,1,1,1,1,1,3,3,1,1,1,2,0,0,4,3,1,2,4,4,2,4,6
"2213",3,4,1,1,5,4,5,1,1,1,1,1,5,3,5,1,1,3,1,0,1,0,0,3,1,1,1,7,7
"2214",4,4,1,3,5,4,5,4,1,4,1,1,5,4,5,1,1,3,2,2,3,2,0,2,3,3,3,9,10
"2215",5,4,3,3,5,4,11,6,1,4,1,3,5,4,5,4,1,2,0,0,3,6,6,2,6,2,2,11,18
"2216",6,4,9,3,6,7,11,6,1,4,3,3,5,4,11,6,1,3,6,0,3,0,0,6,3,2,1,18,21
"2217",7,4,13,3,6,9,11,6,1,4,9,3,6,7,11,6,1,4,2,1,2,1,0,4,2,2,1,22,23
"2218",8,4,13,3,7,9,11,7,1,4,13,3,6,9,11,6,1,1,0,0,1,2,3,1,1,4,3,23,24
"2219",9,4,13,6,7,9,11,9,1,4,13,3,7,9,11,7,1,2,3,0,2,0,0,3,2,3,3,26,26
"2220",10,4,13,6,12,9,11,14,1,4,13,6,7,9,11,9,1,5,5,5,5,5,0,5,5,4,3,31,31
"2221",11,9,13,6,12,14,11,14,7,4,13,6,12,9,11,14,1,5,0,0,4,6,1,5,6,1,4,36,42
"2222",12,9,13,7,12,14,11,14,7,9,13,6,12,14,11,14,7,4,1,0,4,0,0,1,0,3,0,37,42
"2223",0,0,0,0,0,0,0,0,0,0,0,0,0,0,0,0,0,0,0,0,0,0,0,0,0,0,0,0,0
"2224",1,6,1,1,1,1,1,5,1,1,1,1,1,1,1,1,1,5,4,2,4,2,0,5,4,1,3,5,4
"2225",2,6,1,1,3,1,1,5,5,6,1,1,1,1,1,5,1,2,0,0,4,2,6,2,4,4,4,7,8
"2226",3,6,1,4,9,1,3,5,5,6,1,1,3,1,1,5,5,2,6,0,2,0,0,6,2,4,2,16,10
"2227",4,6,1,10,13,1,5,5,5,6,1,4,9,1,3,5,5,6,2,3,2,3,0,6,2,3,2,26,12
"2228",5,9,1,10,13,3,5,5,5,6,1,10,13,1,5,5,5,3,0,0,6,3,2,3,2,1,1,29,14
"2229",6,16,1,10,13,3,5,5,8,9,1,10,13,3,5,5,5,6,3,0,3,0,0,6,3,1,4,36,17
"2230",7,16,3,10,13,7,5,5,8,16,1,10,13,3,5,5,8,2,3,4,3,4,0,2,4,2,1,38,21
"2231",8,16,3,10,16,7,7,5,8,16,3,10,13,7,5,5,8,3,0,0,2,2,1,3,2,4,2,41,23
"2232",9,17,3,10,16,7,7,5,10,16,3,10,16,7,7,5,8,2,1,0,2,0,0,1,2,1,4,42,25
"2233",10,17,5,10,16,8,7,5,10,17,3,10,16,7,7,5,10,2,1,2,1,2,0,2,1,2,1,44,26
"2234",11,17,7,10,16,13,7,5,10,17,5,10,16,8,7,5,10,2,0,0,5,3,4,2,5,2,1,46,31
"2235",12,17,7,10,20,13,7,5,10,17,7,10,16,13,7,5,10,3,4,0,3,0,0,4,0,4,0,50,31
"2236",0,0,0,0,0,0,0,0,0,0,0,0,0,0,0,0,0,0,0,0,0,0,0,0,0,0,0,0,0
"2237",1,1,1,7,2,1,6,1,1,1,1,1,1,1,1,1,1,1,6,5,1,5,0,6,5,3,2,7,5
"2238",2,1,1,8,2,1,6,1,4,1,1,7,2,1,6,1,1,1,0,0,2,2,3,1,3,3,4,8,8
"2239",3,1,1,10,2,1,6,3,4,1,1,8,2,1,6,1,4,2,2,0,2,0,0,2,2,3,3,10,10
"2240",4,1,12,10,2,4,6,3,4,1,1,10,2,1,6,3,4,3,6,3,3,3,0,6,3,2,1,21,13
"2241",5,4,12,10,2,10,7,3,4,1,12,10,2,4,6,3,4,3,0,0,5,1,6,3,6,1,1,24,20
"2242",6,9,12,10,2,10,7,4,4,4,12,10,2,10,7,3,4,5,1,0,1,0,0,5,1,1,3,29,21
"2243",7,9,15,16,2,10,10,4,4,9,12,10,2,10,7,4,4,1,3,6,1,3,0,6,3,3,2,38,24
"2244",8,10,15,16,2,10,11,4,10,9,15,16,2,10,10,4,4,1,0,0,6,6,2,1,6,1,4,39,31
"2245",9,10,19,16,8,10,13,4,10,10,15,16,2,10,11,4,10,6,2,0,2,0,0,6,2,4,2,49,33
"2246",10,10,19,16,17,10,13,4,13,10,19,16,8,10,13,4,10,3,2,6,3,2,0,6,3,4,4,58,36
"2247",11,12,19,16,17,11,13,4,13,10,19,16,17,10,13,4,13,2,0,0,1,2,2,2,1,1,1,60,37
"2248",12,12,21,16,17,11,13,4,13,12,19,16,17,11,13,4,13,2,2,0,2,0,0,2,0,2,0,62,37
"2249",0,0,0,0,0,0,0,0,0,0,0,0,0,0,0,0,0,0,0,0,0,0,0,0,0,0,0,0,0
"2250",1,1,6,1,1,1,1,2,1,1,1,1,1,1,1,1,1,1,1,5,1,1,0,5,1,2,3,5,1
"2251",2,1,6,2,1,1,1,8,3,1,6,1,1,1,1,2,1,1,0,0,6,6,5,1,6,3,3,6,9
"2252",3,7,6,5,1,1,1,13,3,1,6,2,1,1,1,8,3,6,5,0,5,0,0,6,5,1,3,15,14
"2253",4,7,6,5,11,1,1,18,3,7,6,5,1,1,1,13,3,6,2,5,2,5,0,6,5,4,3,25,19
"2254",5,7,6,7,11,1,1,20,3,7,6,5,11,1,1,18,3,2,0,0,6,4,2,2,2,3,3,27,21
"2255",6,7,14,7,11,1,1,24,3,7,6,7,11,1,1,20,3,6,4,0,4,0,0,6,4,2,3,35,25
"2256",7,7,14,7,16,1,1,24,4,7,14,7,11,1,1,24,3,1,5,5,1,5,0,5,1,4,4,40,26
"2257",8,12,14,7,16,1,1,24,9,7,14,7,16,1,1,24,4,5,0,0,5,2,4,5,5,1,4,45,31
"2258",9,16,14,7,16,3,1,24,9,12,14,7,16,1,1,24,9,2,4,0,2,0,0,4,2,1,1,49,33
"2259",10,16,14,12,16,3,1,29,9,16,14,7,16,3,1,24,9,4,5,5,4,5,0,5,5,3,3,54,38
"2260",11,16,18,1,16,3,3,30,9,16,14,12,16,3,1,29,9,4,0,0,6,1,1,4,1,2,3,47,41
"2261",12,16,19,1,22,3,3,30,9,16,18,1,16,3,3,30,9,6,1,0,1,0,0,6,0,4,0,54,41
"2262",0,0,0,0,0,0,0,0,0,0,0,0,0,0,0,0,0,0,0,0,0,0,0,0,0,0,0,0,0
"2263",1,5,1,1,1,5,1,1,1,1,1,1,1,1,1,1,1,4,4,1,4,1,0,4,4,1,1,4,4
"2264",2,5,1,2,1,5,1,1,4,5,1,1,1,5,1,1,1,1,0,0,3,6,6,1,3,3,4,5,7
"2265",3,11,3,2,1,5,1,11,4,5,1,2,1,5,1,1,4,6,6,0,6,0,0,6,6,1,3,13,17
"2266",4,15,3,2,1,5,1,15,4,11,3,2,1,5,1,11,4,1,4,4,1,4,0,4,4,1,3,17,21
"2267",5,16,3,2,1,5,2,15,4,15,3,2,1,5,1,15,4,1,0,0,3,1,4,1,1,1,2,18,22
"2268",6,20,3,5,1,5,1,18,4,16,3,2,1,5,2,15,4,3,4,0,3,0,0,4,3,1,3,25,24
"2269",7,21,3,5,1,5,4,18,10,20,3,5,1,5,1,18,4,1,1,6,1,6,0,1,6,1,4,26,33
"2270",8,1,3,5,1,13,7,18,10,21,3,5,1,5,4,18,10,1,0,0,6,3,2,1,6,1,2,6,44
"2271",9,1,6,5,1,15,7,18,10,1,3,5,1,13,7,18,10,3,2,0,2,0,0,3,2,2,1,9,46
"2272",10,4,6,11,1,20,7,18,10,1,6,5,1,15,7,18,10,6,5,6,5,6,0,6,5,3,1,18,51
"2273",11,13,12,11,1,20,11,18,10,4,6,11,1,20,7,18,10,6,0,0,4,5,3,6,4,1,2,33,55
"2274",12,13,15,11,1,20,11,18,10,13,12,11,1,20,11,18,10,5,3,0,5,0,0,3,0,2,0,36,55
"2275",0,0,0,0,0,0,0,0,0,0,0,0,0,0,0,0,0,0,0,0,0,0,0,0,0,0,0,0,0
"2276",1,6,1,1,1,1,1,1,4,1,1,1,1,1,1,1,1,3,5,5,3,5,0,5,3,1,4,5,3
"2277",2,6,1,6,1,1,4,1,4,6,1,1,1,1,1,1,4,5,0,0,3,5,3,5,3,3,2,10,6
"2278",3,11,1,6,1,1,7,1,4,6,1,6,1,1,4,1,4,5,3,0,3,0,0,5,3,1,2,15,9
"2279",4,11,1,8,1,1,8,1,4,11,1,6,1,1,7,1,4,2,1,2,1,2,0,2,1,3,2,17,10
"2280",5,11,1,8,3,1,13,7,4,11,1,8,1,1,8,1,4,2,0,0,4,6,6,2,6,4,3,19,21
"2281",6,11,1,10,15,1,13,7,8,11,1,8,3,1,13,7,4,4,6,0,4,0,0,6,4,4,4,33,25
"2282",7,11,1,15,15,5,13,7,8,11,1,10,15,1,13,7,8,1,5,4,1,4,0,5,4,3,1,38,29
"2283",8,11,2,15,15,5,13,7,11,11,1,15,15,5,13,7,8,1,0,0,1,5,3,1,3,2,4,39,32
"2284",9,11,7,15,15,6,13,7,11,11,2,15,15,5,13,7,11,1,5,0,1,0,0,5,1,2,1,44,33
"2285",10,11,7,18,15,6,13,11,11,11,7,15,15,6,13,7,11,4,3,2,4,2,0,3,4,3,3,47,37
"2286",11,13,7,18,15,7,13,11,11,11,7,18,15,6,13,11,11,2,0,0,1,1,2,2,1,1,1,49,38
"2287",12,13,7,19,15,7,13,11,11,13,7,18,15,7,13,11,11,1,2,0,2,0,0,1,0,3,0,50,38
"2288",0,0,0,0,0,0,0,0,0,0,0,0,0,0,0,0,0,0,0,0,0,0,0,0,0,0,0,0,0
"2289",1,1,1,3,1,1,1,3,1,1,1,1,1,1,1,1,1,2,2,2,2,2,0,2,2,3,3,2,2
"2290",2,1,1,5,1,1,2,3,1,1,1,3,1,1,1,3,1,2,0,0,1,3,4,2,1,3,2,4,3
"2291",3,5,1,5,1,4,2,3,1,1,1,5,1,1,2,3,1,3,4,0,3,0,0,4,3,1,1,8,6
"2292",4,5,6,11,1,6,2,3,1,5,1,5,1,4,2,3,1,2,1,6,2,1,0,6,2,3,1,19,8
"2293",5,6,6,11,1,6,4,3,1,5,6,11,1,6,2,3,1,1,0,0,2,2,3,1,2,1,2,20,10
"2294",6,9,6,11,1,8,4,3,1,6,6,11,1,6,4,3,1,2,3,0,2,0,0,3,2,1,1,23,12
"2295",7,9,12,11,6,8,6,3,1,9,6,11,1,8,4,3,1,6,2,4,2,4,0,6,2,2,2,34,14
"2296",8,13,12,11,6,10,6,3,1,9,12,11,6,8,6,3,1,4,0,0,2,2,4,4,2,1,1,38,16
"2297",9,13,12,15,6,10,8,3,1,13,12,11,6,10,6,3,1,2,4,0,2,0,0,4,2,3,2,42,18
"2298",10,15,12,15,6,10,8,3,4,13,12,15,6,10,8,3,1,2,3,4,3,4,0,2,3,1,4,44,21
"2299",11,15,16,15,6,12,8,3,4,15,12,15,6,10,8,3,4,4,0,0,2,5,3,4,2,2,1,48,23
"2300",12,15,19,15,6,12,8,3,4,15,16,15,6,12,8,3,4,5,3,0,5,0,0,3,0,2,0,51,23
"2301",0,0,0,0,0,0,0,0,0,0,0,0,0,0,0,0,0,0,0,0,0,0,0,0,0,0,0,0,0
"2302",1,1,1,6,1,1,1,1,6,1,1,1,1,1,1,1,1,5,5,3,5,3,0,5,5,3,4,5,5
"2303",2,1,1,9,1,7,1,3,6,1,1,6,1,1,1,1,6,3,0,0,6,5,2,3,6,3,1,8,13
"2304",3,1,6,9,1,7,1,5,6,1,1,9,1,7,1,3,6,5,2,0,2,0,0,5,2,2,3,13,15
"2305",4,1,14,9,1,7,4,5,6,1,6,9,1,7,1,5,6,2,3,6,2,3,0,6,3,2,2,21,18
"2306",5,1,16,9,1,7,9,5,6,1,14,9,1,7,4,5,6,2,0,0,6,5,1,2,5,2,2,23,23
"2307",6,5,16,15,7,7,9,5,7,1,16,9,1,7,9,5,6,6,1,0,1,0,0,6,1,4,4,39,24
"2308",7,5,16,15,11,7,9,5,11,5,16,15,7,7,9,5,7,3,4,4,3,4,0,4,4,4,4,43,28
"2309",8,8,16,15,11,12,9,5,11,5,16,15,11,7,9,5,11,3,0,0,5,5,2,3,5,1,1,46,33
"2310",9,8,16,15,16,14,9,5,11,8,16,15,11,12,9,5,11,5,2,0,2,0,0,5,2,4,1,51,35
"2311",10,17,16,15,16,15,9,5,11,8,16,15,16,14,9,5,11,1,6,5,1,5,0,6,1,1,1,60,36
"2312",11,17,16,20,16,20,9,5,11,17,16,15,16,15,9,5,11,5,0,0,5,5,5,5,5,3,1,65,41
"2313",12,17,21,20,16,20,9,5,11,17,16,20,16,20,9,5,11,5,5,0,5,0,0,5,0,2,0,70,41
"2314",0,0,0,0,0,0,0,0,0,0,0,0,0,0,0,0,0,0,0,0,0,0,0,0,0,0,0,0,0
"2315",1,5,1,1,1,1,1,2,1,1,1,1,1,1,1,1,1,1,4,3,1,3,0,4,1,1,3,4,1
"2316",2,5,4,1,1,4,1,2,1,5,1,1,1,1,1,2,1,3,0,0,5,3,3,3,3,2,1,7,4
"2317",3,5,4,6,1,7,1,2,1,5,4,1,1,4,1,2,1,5,3,0,3,0,0,5,3,3,1,12,7
"2318",4,5,9,12,1,7,1,6,1,5,4,6,1,7,1,2,1,6,1,4,1,4,0,6,4,3,3,23,11
"2319",5,5,9,12,2,7,1,6,3,5,9,12,1,7,1,6,1,1,0,0,1,6,2,1,2,4,4,24,13
"2320",6,11,9,15,2,8,1,6,3,5,9,12,2,7,1,6,3,1,6,0,1,0,0,6,1,1,1,33,14
"2321",7,11,9,15,10,8,4,6,3,11,9,15,2,8,1,6,3,3,2,6,3,2,0,6,3,4,2,41,17
"2322",8,13,9,15,10,13,4,6,3,11,9,15,10,8,4,6,3,2,0,0,6,5,2,2,5,1,1,43,22
"2323",9,17,15,15,10,15,4,6,3,13,9,15,10,13,4,6,3,6,2,0,2,0,0,6,2,2,1,53,24
"2324",10,17,15,26,10,15,4,10,1,17,15,15,10,15,4,6,3,6,4,5,4,5,0,6,4,3,3,64,26
"2325",11,17,20,26,10,15,4,13,1,17,15,26,10,15,4,10,1,5,0,0,3,1,3,5,3,2,3,69,29
"2326",12,17,20,26,13,15,4,13,1,17,20,26,10,15,4,13,1,1,3,0,1,0,0,3,0,4,0,72,29
"2327",0,0,0,0,0,0,0,0,0,0,0,0,0,0,0,0,0,0,0,0,0,0,0,0,0,0,0,0,0
"2328",1,1,7,4,1,1,8,1,1,1,1,1,1,1,1,1,1,6,6,4,6,4,0,6,6,2,2,9,7
"2329",2,1,7,4,5,5,8,1,1,1,7,4,1,1,8,1,1,4,0,0,1,6,4,4,4,4,1,13,11
"2330",3,1,11,4,11,5,9,1,1,1,7,4,5,5,8,1,1,1,6,0,1,0,0,6,1,4,2,23,12
"2331",4,1,11,7,17,5,9,1,2,1,11,4,11,5,9,1,1,1,6,5,1,5,0,6,1,4,4,32,13
"2332",5,1,11,12,17,5,14,1,2,1,11,7,17,5,9,1,2,5,0,0,5,3,2,5,5,3,2,37,18
"2333",6,1,11,14,17,5,14,1,5,1,11,12,17,5,14,1,2,3,2,0,3,0,0,2,3,3,4,39,21
"2334",7,1,16,14,17,5,16,1,5,1,11,14,17,5,14,1,5,5,2,5,2,5,0,5,2,2,2,44,23
"2335",8,6,16,14,17,5,31,1,5,1,16,14,17,5,16,1,5,5,0,0,3,5,6,5,6,1,2,49,38
"2336",9,6,16,17,17,5,36,1,5,6,16,14,17,5,31,1,5,3,5,0,5,0,0,3,5,3,2,52,43
"2337",10,6,16,17,21,9,36,1,5,6,16,17,17,5,36,1,5,4,4,4,4,4,0,4,4,4,1,56,47
"2338",11,10,16,17,1,19,36,3,5,6,16,17,21,9,36,1,5,4,0,0,2,2,5,4,2,1,3,40,59
"2339",12,10,28,17,1,19,36,1,5,10,16,17,1,19,36,3,5,2,5,0,2,0,0,5,0,2,0,52,57
"2340",0,0,0,0,0,0,0,0,0,0,0,0,0,0,0,0,0,0,0,0,0,0,0,0,0,0,0,0,0
"2341",1,7,5,1,1,1,1,1,3,1,1,1,1,1,1,1,1,2,5,6,2,5,0,6,2,1,4,10,2
"2342",2,7,5,6,1,3,1,1,3,7,5,1,1,1,1,1,3,5,0,0,2,2,5,5,2,3,1,15,4
"2343",3,7,10,6,1,5,1,1,3,7,5,6,1,3,1,1,3,2,5,0,2,0,0,5,2,2,1,20,6
"2344",4,7,10,9,1,5,1,1,7,7,10,6,1,5,1,1,3,3,3,4,3,4,0,3,4,3,4,23,10
"2345",5,7,10,12,1,5,6,7,7,7,10,9,1,5,1,1,7,3,0,0,6,6,3,3,6,3,3,26,21
"2346",6,13,10,12,3,5,6,7,10,7,10,12,1,5,6,7,7,6,3,0,3,0,0,6,3,1,4,34,24
"2347",7,13,10,12,8,10,6,7,10,13,10,12,3,5,6,7,10,1,5,5,1,5,0,5,5,4,1,39,29
"2348",8,13,10,13,8,10,16,7,16,13,10,12,8,10,6,7,10,1,0,0,3,6,6,1,6,3,4,40,45
"2349",9,19,10,13,9,10,16,7,19,13,10,13,8,10,16,7,16,3,6,0,3,0,0,6,3,1,4,47,48
"2350",10,24,10,13,9,10,20,7,19,19,10,13,9,10,16,7,19,4,3,5,4,3,0,5,4,1,2,52,52
"2351",11,24,10,13,12,16,20,7,21,24,10,13,9,10,20,7,19,3,0,0,4,5,6,3,6,4,1,55,60
"2352",12,24,10,18,12,16,20,7,21,24,10,13,12,16,20,7,21,4,5,0,4,0,0,5,0,3,0,60,60
"2353",0,0,0,0,0,0,0,0,0,0,0,0,0,0,0,0,0,0,0,0,0,0,0,0,0,0,0,0,0
"2354",1,1,7,6,1,1,1,1,3,1,1,1,1,1,1,1,1,6,2,3,2,3,0,6,2,2,4,11,2
"2355",2,1,10,6,1,1,2,1,3,1,7,6,1,1,1,1,3,3,0,0,1,3,4,3,1,2,2,14,3
"2356",3,5,10,6,1,1,2,4,3,1,10,6,1,1,2,1,3,3,4,0,3,0,0,4,3,1,3,18,6
"2357",4,8,10,6,1,5,2,4,3,5,10,6,1,1,2,4,3,4,4,3,4,4,0,3,4,1,1,21,10
"2358",5,8,14,6,1,11,8,5,3,8,10,6,1,5,2,4,3,4,0,0,6,3,3,4,6,2,1,25,23
"2359",6,8,14,9,1,11,8,8,3,8,14,6,1,11,8,5,3,3,3,0,3,0,0,3,3,3,3,28,26
"2360",7,8,14,10,7,11,11,8,3,8,14,9,1,11,8,8,3,1,3,6,1,3,0,6,3,4,2,35,29
"2361",8,8,14,11,7,11,11,10,3,8,14,10,7,11,11,8,3,1,0,0,2,3,2,1,2,3,3,36,31
"2362",9,8,14,14,7,11,11,10,5,8,14,11,7,11,11,10,3,3,2,0,2,0,0,3,2,3,4,39,33
"2363",10,8,14,20,9,12,11,10,5,8,14,14,7,11,11,10,5,1,2,6,1,2,0,6,1,3,1,47,34
"2364",11,10,14,20,9,15,11,10,5,8,14,20,9,12,11,10,5,2,0,0,3,3,2,2,3,1,1,49,37
"2365",12,10,17,20,9,15,11,10,5,10,14,20,9,15,11,10,5,3,2,0,2,0,0,3,0,2,0,52,37
"2366",0,0,0,0,0,0,0,0,0,0,0,0,0,0,0,0,0,0,0,0,0,0,0,0,0,0,0,0,0
"2367",1,5,1,1,1,3,7,1,1,1,1,1,1,1,1,1,1,6,1,4,6,1,0,4,6,1,2,4,8
"2368",2,5,1,1,2,8,7,1,1,5,1,1,1,3,7,1,1,1,0,0,5,2,4,1,5,4,1,5,13
"2369",3,9,1,1,2,8,7,3,1,5,1,1,2,8,7,1,1,2,4,0,2,0,0,4,2,1,3,9,15
"2370",4,9,1,6,2,11,7,3,1,9,1,1,2,8,7,3,1,3,5,1,3,1,0,5,3,3,1,14,18
"2371",5,9,1,6,3,11,7,3,5,9,1,6,2,11,7,3,1,1,0,0,5,4,6,1,4,4,4,15,22
"2372",6,9,3,6,9,16,7,3,5,9,1,6,3,11,7,3,5,5,6,0,5,0,0,6,5,4,1,23,27
"2373",7,9,6,6,9,19,7,3,5,9,3,6,9,16,7,3,5,3,1,3,1,3,0,3,3,2,1,26,30
"2374",8,9,6,6,10,19,7,3,7,9,6,6,9,19,7,3,5,1,0,0,2,1,1,1,2,4,4,27,32
"2375",9,9,6,7,10,20,7,3,7,9,6,6,10,19,7,3,7,1,1,0,1,0,0,1,1,3,1,28,33
"2376",10,9,10,7,10,20,7,7,7,9,6,7,10,20,7,3,7,4,4,4,4,4,0,4,4,2,3,32,37
"2377",11,13,10,7,10,22,7,7,7,9,10,7,10,20,7,7,7,4,0,0,2,4,4,4,2,1,1,36,39
"2378",12,17,10,7,10,22,7,7,7,13,10,7,10,22,7,7,7,4,4,0,4,0,0,4,0,1,0,40,39
"2379",0,0,0,0,0,0,0,0,0,0,0,0,0,0,0,0,0,0,0,0,0,0,0,0,0,0,0,0,0
"2380",1,1,1,6,1,1,1,1,3,1,1,1,1,1,1,1,1,2,5,3,2,3,0,5,2,3,4,5,2
"2381",2,1,1,9,1,1,7,1,8,1,1,6,1,1,1,1,3,3,0,0,6,3,3,3,6,3,2,8,13
"2382",3,4,1,9,1,4,7,1,8,1,1,9,1,1,7,1,8,3,3,0,3,0,0,3,3,1,1,11,16
"2383",4,9,1,9,1,8,7,1,8,4,1,9,1,4,7,1,8,4,5,4,4,4,0,5,4,1,1,16,20
"2384",5,13,1,9,1,8,7,4,8,9,1,9,1,8,7,1,8,4,0,0,2,4,3,4,3,1,3,20,23
"2385",6,13,5,9,1,8,7,6,8,13,1,9,1,8,7,4,8,2,4,0,2,0,0,4,2,2,3,24,25
"2386",7,19,5,10,1,8,7,17,8,13,5,9,1,8,7,6,8,6,1,6,1,6,0,6,6,1,3,31,36
"2387",8,20,5,10,1,8,7,17,13,19,5,10,1,8,7,17,8,1,0,0,6,5,6,1,5,1,4,32,41
"2388",9,26,7,10,1,7,7,17,17,20,5,10,1,8,7,17,13,6,6,0,6,0,0,6,6,1,1,40,44
"2389",10,1,7,10,1,14,7,23,17,26,7,10,1,7,7,17,17,6,2,3,6,2,0,3,6,1,3,15,57
"2390",11,1,7,10,3,16,7,23,17,1,7,10,1,14,7,23,17,2,0,0,2,5,6,2,2,4,1,17,59
"2391",12,1,13,10,12,16,7,23,17,1,7,10,3,16,7,23,17,5,6,0,5,0,0,6,0,2,0,32,59
"2392",0,0,0,0,0,0,0,0,0,0,0,0,0,0,0,0,0,0,0,0,0,0,0,0,0,0,0,0,0
"2393",1,1,1,8,1,1,3,1,1,1,1,1,1,1,1,1,1,6,2,1,2,1,0,6,2,3,2,7,2
"2394",2,1,2,8,1,1,5,1,1,1,1,8,1,1,3,1,1,1,0,0,2,2,6,1,2,2,2,8,4
"2395",3,6,8,8,1,3,5,1,1,1,2,8,1,1,5,1,1,2,6,0,2,0,0,6,2,2,1,19,6
"2396",4,11,8,8,1,3,5,2,1,6,8,8,1,3,5,1,1,1,4,5,1,4,0,5,1,1,3,24,7
"2397",5,11,8,8,5,5,5,2,1,11,8,8,1,3,5,2,1,4,0,0,2,2,4,4,2,4,1,28,9
"2398",6,11,8,8,7,9,5,2,1,11,8,8,5,5,5,2,1,2,4,0,4,0,0,2,4,4,1,30,13
"2399",7,15,8,8,7,9,5,2,4,11,8,8,7,9,5,2,1,3,2,4,3,2,0,4,3,1,4,34,16
"2400",8,15,10,8,7,9,5,7,4,15,8,8,7,9,5,2,4,2,0,0,6,5,1,2,5,2,3,36,21
"2401",9,15,10,14,11,9,5,7,5,15,10,8,7,9,5,7,4,6,1,0,1,0,0,6,1,3,4,46,22
"2402",10,15,11,14,11,14,5,7,5,15,10,14,11,9,5,7,5,1,5,5,5,5,0,1,5,2,1,47,27
"2403",11,15,16,14,11,19,5,7,5,15,11,14,11,14,5,7,5,5,0,0,5,6,1,5,5,2,1,52,32
"2404",12,16,16,14,11,19,5,7,5,15,16,14,11,19,5,7,5,6,1,0,6,0,0,1,0,1,0,53,32
"2405",0,0,0,0,0,0,0,0,0,0,0,0,0,0,0,0,0,0,0,0,0,0,0,0,0,0,0,0,0
"2406",1,1,1,6,1,3,1,1,1,1,1,1,1,1,1,1,1,5,2,1,2,1,0,5,2,3,1,5,2
"2407",2,1,2,6,1,3,6,1,1,1,1,6,1,3,1,1,1,1,0,0,5,5,5,1,5,2,2,6,7
"2408",3,1,7,6,1,3,11,1,1,1,2,6,1,3,6,1,1,5,5,0,5,0,0,5,5,2,2,11,12
"2409",4,1,7,7,1,7,11,1,7,1,7,6,1,3,11,1,1,6,1,3,6,3,0,1,6,3,4,12,22
"2410",5,1,10,7,1,12,11,1,7,1,7,7,1,7,11,1,7,3,0,0,5,4,6,3,5,2,1,15,27
"2411",6,1,10,13,2,12,15,1,7,1,10,7,1,12,11,1,7,4,6,0,4,0,0,6,4,3,2,22,31
"2412",7,1,10,13,4,18,18,1,7,1,10,13,2,12,15,1,7,3,2,6,3,6,0,2,6,4,1,24,40
"2413",8,4,10,13,4,24,18,6,7,1,10,13,4,18,18,1,7,3,0,0,6,3,3,3,6,1,1,27,51
"2414",9,4,10,16,4,24,21,6,7,4,10,13,4,24,18,6,7,3,3,0,3,0,0,3,3,3,2,30,54
"2415",10,4,10,16,7,3,21,12,7,4,10,16,4,24,21,6,7,3,6,2,3,6,0,2,6,4,3,33,39
"2416",11,7,10,16,7,5,21,12,7,4,10,16,7,3,21,12,7,3,0,0,2,5,5,3,2,1,1,36,41
"2417",12,7,10,21,7,5,21,12,7,7,10,16,7,5,21,12,7,5,5,0,5,0,0,5,0,3,0,41,41
"2418",0,0,0,0,0,0,0,0,0,0,0,0,0,0,0,0,0,0,0,0,0,0,0,0,0,0,0,0,0
"2419",1,1,1,1,5,7,1,1,7,1,1,1,1,1,1,1,1,6,4,4,6,4,0,4,6,4,4,4,12
"2420",2,1,1,1,9,7,1,1,14,1,1,1,5,7,1,1,7,4,0,0,6,5,6,4,6,4,4,8,19
"2421",3,1,6,1,9,13,7,2,14,1,1,1,9,7,1,1,14,5,6,0,6,0,0,5,6,2,2,13,32
"2422",4,1,11,1,9,19,7,6,14,1,6,1,9,13,7,2,14,2,6,5,2,6,0,5,6,2,1,18,42
"2423",5,1,11,3,9,24,7,6,14,1,11,1,9,19,7,6,14,2,0,0,5,2,4,2,5,3,1,20,47
"2424",6,1,15,3,9,26,7,6,14,1,11,3,9,24,7,6,14,2,4,0,2,0,0,4,2,2,1,24,49
"2425",7,2,21,3,9,35,7,6,14,1,15,3,9,26,7,6,14,6,6,2,6,2,0,6,6,2,1,31,58
"2426",8,4,21,3,9,35,7,11,14,2,21,3,9,35,7,6,14,2,0,0,5,5,4,2,5,1,3,33,63
"2427",9,4,21,3,14,39,12,11,14,4,21,3,9,35,7,11,14,5,4,0,4,0,0,5,4,4,1,38,110
"2428",10,5,21,3,14,39,17,11,14,4,21,3,14,39,12,11,14,1,5,3,5,3,0,1,5,1,2,39,115
"2429",11,1,21,3,14,39,30,11,14,5,21,3,14,39,17,11,14,3,0,0,6,1,1,3,6,1,2,35,128
"2430",12,1,21,3,15,39,30,11,14,1,21,3,14,39,30,11,14,1,1,0,1,0,0,1,0,4,0,36,128
"2431",0,0,0,0,0,0,0,0,0,0,0,0,0,0,0,0,0,0,0,0,0,0,0,0,0,0,0,0,0
"2432",1,6,1,1,7,1,1,2,1,1,1,1,1,1,1,1,1,6,1,1,1,1,0,6,1,4,3,11,1
"2433",2,6,1,2,7,1,3,2,1,6,1,1,7,1,1,2,1,1,0,0,2,2,3,1,2,3,2,12,3
"2434",3,6,3,2,7,4,3,2,1,6,1,2,7,1,3,2,1,2,3,0,3,0,0,2,3,2,1,14,6
"2435",4,6,3,5,7,4,3,2,4,6,3,2,7,4,3,2,1,3,3,1,3,1,0,3,3,3,4,17,9
"2436",5,6,4,5,7,9,3,2,4,6,3,5,7,4,3,2,4,1,0,0,6,3,5,1,5,2,1,18,14
"2437",6,9,4,11,7,9,3,5,4,6,4,5,7,9,3,2,4,6,3,0,3,0,0,6,3,3,3,27,17
"2438",7,9,9,11,7,9,7,5,4,9,4,11,7,9,3,5,4,5,1,4,1,4,0,5,4,2,2,32,21
"2439",8,9,10,11,7,9,10,5,4,9,9,11,7,9,7,5,4,1,0,0,3,5,3,1,3,2,2,33,24
"2440",9,14,10,11,7,12,10,5,4,9,10,11,7,9,10,5,4,5,3,0,3,0,0,5,3,1,1,38,27
"2441",10,17,16,11,7,15,10,5,4,14,10,11,7,12,10,5,4,6,3,3,3,3,0,6,3,2,1,47,30
"2442",11,17,19,11,7,19,10,5,4,17,16,11,7,15,10,5,4,3,0,0,4,4,5,3,4,2,1,50,34
"2443",12,28,24,11,7,19,1,5,1,17,19,11,7,19,10,5,4,4,5,0,4,0,0,5,0,1,0,66,22
"2444",0,0,0,0,0,0,0,0,0,0,0,0,0,0,0,0,0,0,0,0,0,0,0,0,0,0,0,0,0
"2445",1,1,5,1,7,1,1,1,5,1,1,1,1,1,1,1,1,4,1,6,4,1,0,6,4,4,4,10,4
"2446",2,1,5,1,8,1,1,1,7,1,5,1,7,1,1,1,5,1,0,0,1,2,5,1,2,4,4,11,6
"2447",3,1,5,1,13,1,2,1,7,1,5,1,8,1,1,1,7,1,5,0,1,0,0,5,1,4,2,16,7
"2448",4,1,5,1,15,1,5,1,7,1,5,1,13,1,2,1,7,2,3,4,3,4,0,2,3,4,2,18,10
"2449",5,5,5,1,15,1,8,1,7,1,5,1,15,1,5,1,7,4,0,0,2,6,3,4,3,1,2,22,13
"2450",6,10,11,1,15,1,10,1,7,5,5,1,15,1,8,1,7,2,6,0,2,0,0,6,2,2,2,33,15
"2451",7,10,19,7,15,1,15,1,7,10,11,1,15,1,10,1,7,6,5,5,5,5,0,6,5,2,2,47,20
"2452",8,15,19,7,15,1,20,1,7,10,19,7,15,1,15,1,7,5,0,0,6,2,5,5,5,1,2,52,25
"2453",9,15,19,15,15,3,20,1,7,15,19,7,15,1,20,1,7,6,2,0,2,0,0,6,2,3,1,60,27
"2454",10,15,19,15,17,3,20,6,7,15,19,15,15,3,20,1,7,2,5,6,5,6,0,2,5,4,3,62,32
"2455",11,26,19,15,17,2,20,6,7,15,19,15,17,3,20,6,7,6,0,0,1,3,3,6,1,1,1,73,31
"2456",12,29,19,15,17,2,20,6,7,26,19,15,17,2,20,6,7,3,3,0,3,0,0,3,0,1,0,76,31
"2457",0,0,0,0,0,0,0,0,0,0,0,0,0,0,0,0,0,0,0,0,0,0,0,0,0,0,0,0,0
"2458",1,4,1,1,1,1,1,2,1,1,1,1,1,1,1,1,1,2,1,3,2,1,0,3,1,1,3,3,1
"2459",2,4,3,1,1,1,1,8,3,4,1,1,1,1,1,2,1,2,0,0,3,6,1,2,6,2,3,5,9
"2460",3,4,3,1,4,2,1,8,3,4,3,1,1,1,1,8,3,3,1,0,1,0,0,3,1,4,1,8,10
"2461",4,14,3,1,4,2,1,17,3,4,3,1,4,2,1,8,3,6,6,6,6,6,0,6,6,1,3,18,19
"2462",5,14,14,1,4,2,8,17,3,14,3,1,4,2,1,17,3,6,0,0,6,5,4,6,6,2,2,29,26
"2463",6,14,14,1,9,2,8,21,3,14,14,1,4,2,8,17,3,5,4,0,4,0,0,5,4,4,3,34,30
"2464",7,14,14,12,9,4,8,1,3,14,14,1,9,2,8,21,3,2,2,6,2,6,0,2,2,3,1,45,12
"2465",8,20,14,17,9,7,8,1,9,14,14,12,9,4,8,1,3,6,0,0,6,1,4,6,6,1,4,56,21
"2466",9,20,14,18,9,7,12,1,9,20,14,17,9,7,8,1,9,1,4,0,4,0,0,1,4,3,2,57,25
"2467",10,20,18,18,9,7,12,6,9,20,14,18,9,7,12,1,9,4,5,6,5,6,0,4,5,2,3,61,30
"2468",11,20,24,1,9,10,12,1,9,20,18,18,9,7,12,6,9,6,0,0,2,1,1,6,1,3,1,50,28
"2469",12,20,24,2,9,10,12,1,9,20,24,1,9,10,12,1,9,2,1,0,2,0,0,1,0,3,0,51,28
"2470",0,0,0,0,0,0,0,0,0,0,0,0,0,0,0,0,0,0,0,0,0,0,0,0,0,0,0,0,0
"2471",1,3,1,1,1,1,2,1,1,1,1,1,1,1,1,1,1,1,2,1,1,1,0,2,1,1,2,2,1
"2472",2,3,1,2,1,1,2,1,5,3,1,1,1,1,2,1,1,1,0,0,1,4,1,1,4,3,4,3,5
"2473",3,3,1,3,1,1,3,1,5,3,1,2,1,1,2,1,5,1,1,0,1,0,0,1,1,3,2,4,6
"2474",4,3,1,3,3,2,3,1,5,3,1,3,1,1,3,1,5,1,2,1,1,1,0,2,1,4,1,6,7
"2475",5,3,2,3,3,13,3,1,5,3,1,3,3,2,3,1,5,1,0,0,4,3,6,1,6,2,1,7,18
"2476",6,3,6,3,3,13,6,1,5,3,2,3,3,13,3,1,5,4,3,0,3,0,0,4,3,2,2,11,21
"2477",7,3,6,3,6,13,6,4,5,3,6,3,3,13,6,1,5,2,3,3,2,3,0,3,3,4,3,14,24
"2478",8,3,8,3,6,19,6,8,5,3,6,3,6,13,6,4,5,2,0,0,6,1,4,2,6,2,1,16,34
"2479",9,3,12,3,6,20,6,8,5,3,8,3,6,19,6,8,5,1,4,0,1,0,0,4,1,2,1,20,35
"2480",10,3,18,8,6,20,6,11,5,3,12,3,6,20,6,8,5,3,6,2,3,2,0,6,3,2,3,31,38
"2481",11,3,20,1,1,27,6,11,5,3,18,8,6,20,6,11,5,2,0,0,4,5,4,2,4,2,1,21,45
"2482",12,3,20,1,5,27,6,11,5,3,20,1,1,27,6,11,5,5,4,0,5,0,0,4,0,4,0,25,45
"2483",0,0,0,0,0,0,0,0,0,0,0,0,0,0,0,0,0,0,0,0,0,0,0,0,0,0,0,0,0
"2484",1,1,1,6,1,1,1,1,3,1,1,1,1,1,1,1,1,2,2,5,2,2,0,5,2,3,4,5,2
"2485",2,3,1,6,1,1,1,1,6,1,1,6,1,1,1,1,3,2,0,0,3,1,5,2,3,1,4,7,5
"2486",3,3,1,6,6,2,1,1,6,3,1,6,1,1,1,1,6,1,5,0,1,0,0,5,1,4,1,12,6
"2487",4,3,5,6,12,2,1,1,10,3,1,6,6,2,1,1,6,4,6,2,4,2,0,6,4,4,4,22,10
"2488",5,3,5,8,12,2,6,7,10,3,5,6,12,2,1,1,10,2,0,0,6,3,6,2,6,3,3,24,21
"2489",6,5,11,8,12,5,6,7,10,3,5,8,12,2,6,7,10,3,6,0,3,0,0,6,3,2,1,32,24
"2490",7,10,11,8,12,5,6,9,10,5,11,8,12,5,6,7,10,2,5,2,2,2,0,5,2,1,3,37,26
"2491",8,12,11,8,12,5,6,12,10,10,11,8,12,5,6,9,10,2,0,0,3,3,6,2,3,1,3,39,29
"2492",9,18,17,8,16,8,6,12,10,12,11,8,12,5,6,12,10,3,6,0,3,0,0,6,3,2,1,55,32
"2493",10,18,17,10,16,10,6,12,10,18,17,8,16,8,6,12,10,2,2,1,2,1,0,2,2,3,1,57,34
"2494",11,19,17,10,16,12,6,12,10,18,17,10,16,10,6,12,10,1,0,0,2,3,5,1,2,1,1,58,36
"2495",12,19,17,13,16,12,6,12,10,19,17,10,16,12,6,12,10,3,5,0,5,0,0,3,0,3,0,61,36
"2496",0,0,0,0,0,0,0,0,0,0,0,0,0,0,0,0,0,0,0,0,0,0,0,0,0,0,0,0,0
"2497",1,1,1,1,4,1,1,1,4,1,1,1,1,1,1,1,1,2,3,3,2,3,0,3,3,4,4,3,3
"2498",2,1,3,1,4,1,1,11,4,1,1,1,4,1,1,1,4,2,0,0,6,3,2,2,6,2,3,5,13
"2499",3,1,3,4,4,3,1,11,4,1,3,1,4,1,1,11,4,3,2,0,2,0,0,3,2,3,1,8,15
"2500",4,1,7,4,4,3,2,11,4,1,3,4,4,3,1,11,4,1,1,4,1,1,0,4,1,2,2,12,16
"2501",5,1,7,5,4,3,5,11,4,1,7,4,4,3,2,11,4,1,0,0,2,4,3,1,3,3,2,13,19
"2502",6,5,7,5,4,5,5,11,4,1,7,5,4,3,5,11,4,2,4,0,2,0,0,4,2,1,1,17,21
"2503",7,5,18,5,4,14,11,11,4,5,7,5,4,5,5,11,4,6,6,5,6,5,0,6,6,2,2,28,36
"2504",8,5,18,10,4,14,16,11,4,5,18,5,4,14,11,11,4,5,0,0,5,6,1,5,5,3,2,33,41
"2505",9,5,25,10,10,14,17,11,1,5,18,10,4,14,16,11,4,6,1,0,1,0,0,6,1,4,2,46,39
"2506",10,12,25,10,10,18,17,11,1,5,25,10,10,14,17,11,1,4,6,3,4,3,0,6,4,1,1,53,43
"2507",11,12,28,10,10,24,17,11,7,12,25,10,10,18,17,11,1,3,0,0,6,6,2,3,6,2,4,56,55
"2508",12,12,28,16,14,24,17,11,7,12,28,10,10,24,17,11,7,6,2,0,2,0,0,6,0,3,0,66,55
"2509",0,0,0,0,0,0,0,0,0,0,0,0,0,0,0,0,0,0,0,0,0,0,0,0,0,0,0,0,0
"2510",1,1,1,1,6,1,1,6,1,1,1,1,1,1,1,1,1,2,5,5,2,5,0,5,5,4,3,5,5
"2511",2,1,3,1,6,1,1,11,1,1,1,1,6,1,1,6,1,2,0,0,5,5,1,2,5,2,3,7,10
"2512",3,1,8,1,6,1,1,12,1,1,3,1,6,1,1,11,1,5,1,0,1,0,0,5,1,2,3,12,11
"2513",4,1,8,5,6,1,1,12,5,1,8,1,6,1,1,12,1,4,4,4,4,4,0,4,4,3,4,16,15
"2514",5,1,8,5,10,1,1,15,5,1,8,5,6,1,1,12,5,4,0,0,2,2,3,4,3,4,3,20,18
"2515",6,1,8,5,12,1,1,17,5,1,8,5,10,1,1,15,5,2,2,0,2,0,0,2,2,4,3,22,20
"2516",7,1,11,5,12,1,1,17,9,1,8,5,12,1,1,17,5,1,4,3,1,4,0,3,4,2,4,25,24
"2517",8,1,11,6,12,6,1,17,9,1,11,5,12,1,1,17,9,1,0,0,5,5,1,1,5,3,1,26,29
"2518",9,1,11,6,17,6,2,17,9,1,11,6,12,6,1,17,9,5,1,0,1,0,0,5,1,4,2,31,30
"2519",10,1,11,6,22,6,6,17,9,1,11,6,17,6,2,17,9,3,5,4,3,4,0,5,4,4,2,36,34
"2520",11,1,14,6,22,9,6,17,9,1,11,6,22,6,6,17,9,3,0,0,3,3,1,3,3,2,1,39,37
"2521",12,1,14,7,22,9,6,17,9,1,14,6,22,9,6,17,9,3,1,0,3,0,0,1,0,3,0,40,37
"2522",0,0,0,0,0,0,0,0,0,0,0,0,0,0,0,0,0,0,0,0,0,0,0,0,0,0,0,0,0
"2523",1,1,1,1,4,1,1,5,1,1,1,1,1,1,1,1,1,3,4,3,4,3,0,3,4,4,3,3,4
"2524",2,1,1,4,4,7,1,10,1,1,1,1,4,1,1,5,1,3,0,0,2,6,1,3,6,3,1,6,15
"2525",3,3,1,4,4,8,1,10,1,1,1,4,4,7,1,10,1,2,1,0,1,0,0,2,1,1,1,8,16
"2526",4,3,1,8,10,10,1,10,1,3,1,4,4,8,1,10,1,2,1,6,2,1,0,6,2,4,1,18,18
"2527",5,4,1,8,10,16,5,10,1,3,1,8,10,10,1,10,1,1,0,0,6,3,6,1,6,1,1,19,28
"2528",6,4,1,14,11,16,5,10,4,4,1,8,10,16,5,10,1,3,6,0,3,0,0,6,3,3,4,26,31
"2529",7,5,1,20,11,16,10,10,4,4,1,14,11,16,5,10,4,6,5,3,5,3,0,6,5,3,2,33,36
"2530",8,5,4,20,11,21,10,10,4,5,1,20,11,16,10,10,4,3,0,0,2,2,5,3,5,2,1,36,41
"2531",9,7,4,20,11,21,10,10,6,5,4,20,11,21,10,10,4,2,2,0,2,0,0,2,2,1,4,38,43
"2532",10,11,4,1,11,27,11,10,6,7,4,20,11,21,10,10,6,4,4,6,4,6,0,4,6,3,1,23,50
"2533",11,11,4,5,11,27,13,10,6,11,4,1,11,27,11,10,6,4,0,0,2,1,6,4,2,3,2,27,52
"2534",12,17,4,8,11,27,13,10,6,11,4,5,11,27,13,10,6,1,6,0,1,0,0,6,0,1,0,36,52
"2535",0,0,0,0,0,0,0,0,0,0,0,0,0,0,0,0,0,0,0,0,0,0,0,0,0,0,0,0,0
"2536",1,6,1,1,1,1,1,3,1,1,1,1,1,1,1,1,1,5,5,2,5,2,0,5,2,1,3,5,2
"2537",2,6,1,1,6,4,1,3,1,6,1,1,1,1,1,3,1,5,0,0,3,2,3,5,3,4,1,10,5
"2538",3,6,4,1,6,4,1,3,3,6,1,1,6,4,1,3,1,2,3,0,2,0,0,3,2,2,4,13,7
"2539",4,9,4,1,6,6,1,3,3,6,4,1,6,4,1,3,3,3,2,4,2,4,0,3,2,1,1,16,9
"2540",5,9,8,1,6,6,1,8,3,9,4,1,6,6,1,3,3,4,0,0,4,5,1,4,5,2,3,20,14
"2541",6,9,8,1,10,7,1,8,3,9,8,1,6,6,1,8,3,4,1,0,1,0,0,4,1,4,1,24,15
"2542",7,9,8,6,10,7,1,11,3,9,8,1,10,7,1,8,3,1,3,5,1,3,0,5,3,3,3,29,18
"2543",8,10,8,6,10,7,7,15,3,9,8,6,10,7,1,11,3,1,0,0,6,6,1,1,6,1,2,30,28
"2544",9,16,8,11,10,7,8,15,3,10,8,6,10,7,7,15,3,6,1,0,1,0,0,6,1,1,2,41,29
"2545",10,16,8,11,15,7,8,20,3,16,8,11,10,7,8,15,3,5,3,5,3,5,0,5,5,4,3,46,34
"2546",11,16,11,11,15,11,8,20,3,16,8,11,15,7,8,20,3,3,0,0,4,2,4,3,4,2,1,49,38
"2547",12,16,11,13,15,11,8,20,3,16,11,11,15,11,8,20,3,2,4,0,4,0,0,2,0,3,0,51,38
"2548",0,0,0,0,0,0,0,0,0,0,0,0,0,0,0,0,0,0,0,0,0,0,0,0,0,0,0,0,0
"2549",1,1,1,1,4,1,5,1,1,1,1,1,1,1,1,1,1,4,3,1,4,1,0,3,4,4,2,3,4
"2550",2,1,1,2,4,1,5,1,4,1,1,1,4,1,5,1,1,1,0,0,4,3,2,1,3,3,4,4,7
"2551",3,1,5,2,4,1,7,1,4,1,1,2,4,1,5,1,4,4,2,0,2,0,0,4,2,2,2,8,9
"2552",4,4,5,2,4,1,7,1,9,1,5,2,4,1,7,1,4,3,5,2,5,2,0,3,5,1,4,11,14
"2553",5,6,5,2,4,1,10,7,9,4,5,2,4,1,7,1,9,2,0,0,5,6,5,2,6,1,3,13,23
"2554",6,6,5,7,4,6,10,7,9,6,5,2,4,1,10,7,9,5,5,0,5,0,0,5,5,3,1,18,28
"2555",7,8,5,7,4,12,11,7,9,6,5,7,4,6,10,7,9,6,1,2,6,1,0,2,6,1,1,20,35
"2556",8,8,5,8,4,12,12,7,9,8,5,7,4,12,11,7,9,1,0,0,1,4,5,1,1,3,2,21,36
"2557",9,8,5,12,4,17,12,7,9,8,5,8,4,12,12,7,9,4,5,0,5,0,0,4,5,3,1,25,41
"2558",10,8,5,17,4,17,17,7,9,8,5,12,4,17,12,7,9,5,5,6,5,6,0,5,5,3,2,30,46
"2559",11,8,10,23,4,17,17,12,9,8,5,17,4,17,17,7,9,6,0,0,5,1,3,6,5,3,3,41,51
"2560",12,8,13,23,4,17,17,12,9,8,10,23,4,17,17,12,9,1,3,0,1,0,0,3,0,2,0,44,51
"2561",0,0,0,0,0,0,0,0,0,0,0,0,0,0,0,0,0,0,0,0,0,0,0,0,0,0,0,0,0
"2562",1,1,1,5,1,4,1,1,1,1,1,1,1,1,1,1,1,3,4,4,3,4,0,4,3,3,1,4,3
"2563",2,1,5,5,1,4,1,6,1,1,1,5,1,4,1,1,1,4,0,0,6,5,5,4,5,2,3,8,8
"2564",3,1,5,11,3,4,1,11,1,1,5,5,1,4,1,6,1,6,5,0,5,0,0,6,5,3,3,16,13
"2565",4,1,10,11,3,4,5,11,1,1,5,11,3,4,1,11,1,4,2,5,4,2,0,5,4,2,2,21,17
"2566",5,1,10,11,5,4,9,11,1,1,10,11,3,4,5,11,1,2,0,0,4,3,2,2,4,4,2,23,21
"2567",6,4,10,11,5,4,11,11,1,1,10,11,5,4,9,11,1,3,2,0,2,0,0,3,2,1,2,26,23
"2568",7,4,10,17,10,4,16,11,1,4,10,11,5,4,11,11,1,5,4,6,5,4,0,6,5,3,2,37,28
"2569",8,8,10,17,10,4,16,15,1,4,10,17,10,4,16,11,1,4,0,0,4,2,4,4,4,1,3,41,32
"2570",9,8,10,17,14,6,16,15,1,8,10,17,10,4,16,15,1,2,4,0,2,0,0,4,2,4,1,45,34
"2571",10,11,10,17,14,6,16,15,2,8,10,17,14,6,16,15,1,3,1,1,1,1,0,3,1,1,4,48,35
"2572",11,12,10,17,14,6,18,15,2,11,10,17,14,6,16,15,2,1,0,0,1,3,2,1,2,1,2,49,37
"2573",12,12,10,18,14,6,18,15,2,12,10,17,14,6,18,15,2,1,3,0,3,0,0,1,0,3,0,50,37
"2574",0,0,0,0,0,0,0,0,0,0,0,0,0,0,0,0,0,0,0,0,0,0,0,0,0,0,0,0,0
"2575",1,5,1,1,1,1,5,1,1,1,1,1,1,1,1,1,1,2,4,4,2,4,0,4,4,1,2,4,4
"2576",2,7,1,1,1,6,5,1,1,5,1,1,1,1,5,1,1,2,0,0,5,3,2,2,5,1,1,6,9
"2577",3,7,1,4,1,6,7,1,1,7,1,1,1,6,5,1,1,3,2,0,2,0,0,3,2,3,2,9,11
"2578",4,7,1,4,6,16,7,1,7,7,1,4,1,6,7,1,1,2,6,5,2,6,0,5,6,4,4,14,27
"2579",5,7,1,6,6,16,13,4,7,7,1,4,6,16,7,1,7,2,0,0,6,1,1,2,6,3,2,16,36
"2580",6,7,2,6,6,17,13,4,7,7,1,6,6,16,13,4,7,1,1,0,1,0,0,1,1,2,1,17,37
"2581",7,7,2,6,9,17,15,4,7,7,2,6,6,17,13,4,7,2,4,3,2,4,0,3,2,4,2,20,39
"2582",8,7,2,10,9,18,15,4,7,7,2,6,9,17,15,4,7,4,0,0,1,1,5,4,1,3,1,24,40
"2583",9,7,7,10,9,18,16,4,7,7,2,10,9,18,15,4,7,1,5,0,1,0,0,5,1,2,2,29,41
"2584",10,7,8,10,9,20,16,4,7,7,7,10,9,18,16,4,7,2,1,3,2,3,0,1,2,2,1,30,43
"2585",11,10,8,10,9,20,20,4,7,7,8,10,9,20,16,4,7,3,0,0,4,6,1,3,4,1,2,33,47
"2586",12,10,8,14,15,20,20,4,7,10,8,10,9,20,20,4,7,6,1,0,1,0,0,6,0,4,0,43,47
"2587",0,0,0,0,0,0,0,0,0,0,0,0,0,0,0,0,0,0,0,0,0,0,0,0,0,0,0,0,0
"2588",1,1,1,6,1,5,1,1,1,1,1,1,1,1,1,1,1,5,4,4,4,4,0,5,4,3,1,5,4
"2589",2,1,1,6,5,5,6,1,1,1,1,6,1,5,1,1,1,4,0,0,5,1,1,4,5,4,2,9,9
"2590",3,1,1,7,5,5,7,1,1,1,1,6,5,5,6,1,1,1,1,0,1,0,0,1,1,3,2,10,10
"2591",4,5,1,7,5,7,7,1,1,1,1,7,5,5,7,1,1,2,1,4,2,1,0,4,2,1,1,14,12
"2592",5,5,1,8,5,7,7,1,2,5,1,7,5,7,7,1,1,1,0,0,3,2,1,1,1,3,4,15,13
"2593",6,8,1,8,5,7,7,3,2,5,1,8,5,7,7,1,2,3,2,0,2,0,0,3,2,1,3,18,15
"2594",7,13,1,8,5,10,7,3,2,8,1,8,5,7,7,3,2,4,3,5,4,3,0,5,3,1,1,23,18
"2595",8,17,1,8,5,10,9,3,2,13,1,8,5,10,7,3,2,4,0,0,1,2,4,4,2,1,2,27,20
"2596",9,17,5,8,5,10,10,3,2,17,1,8,5,10,9,3,2,1,4,0,1,0,0,4,1,2,2,31,21
"2597",10,17,5,11,5,10,11,3,2,17,5,8,5,10,10,3,2,1,3,1,1,1,0,3,1,3,2,34,22
"2598",11,17,5,11,6,10,11,3,7,17,5,11,5,10,11,3,2,1,0,0,5,1,5,1,5,4,4,35,27
"2599",12,17,5,16,6,10,11,3,7,17,5,11,6,10,11,3,7,1,5,0,1,0,0,5,0,3,0,40,27
"2600",0,0,0,0,0,0,0,0,0,0,0,0,0,0,0,0,0,0,0,0,0,0,0,0,0,0,0,0,0
"2601",1,1,1,6,1,1,6,1,1,1,1,1,1,1,1,1,1,5,3,5,3,5,0,5,5,3,2,5,5
"2602",2,1,4,6,1,1,8,1,1,1,1,6,1,1,6,1,1,3,0,0,2,2,6,3,2,2,2,8,7
"2603",3,6,4,12,1,1,8,3,1,1,4,6,1,1,8,1,1,2,6,0,2,0,0,6,2,3,3,19,9
"2604",4,12,7,12,1,3,8,3,1,6,4,12,1,1,8,3,1,2,5,6,2,5,0,6,2,1,1,28,11
"2605",5,12,7,12,6,3,13,3,1,12,7,12,1,3,8,3,1,5,0,0,5,1,3,5,5,4,2,33,16
"2606",6,12,10,12,6,4,13,3,1,12,7,12,6,3,13,3,1,1,3,0,1,0,0,3,1,2,1,36,17
"2607",7,12,10,12,11,4,13,8,1,12,10,12,6,4,13,3,1,5,1,5,1,5,0,5,5,4,3,41,22
"2608",8,12,10,12,12,4,13,13,1,12,10,12,11,4,13,8,1,1,0,0,5,3,5,1,5,4,3,42,27
"2609",9,12,10,17,12,4,16,13,1,12,10,12,12,4,13,13,1,3,5,0,3,0,0,5,3,3,2,47,30
"2610",10,14,10,17,12,8,16,13,1,12,10,17,12,4,16,13,1,2,4,2,4,2,0,2,4,1,1,49,34
"2611",11,14,12,17,12,14,24,13,1,14,10,17,12,8,16,13,1,2,0,0,6,6,3,2,6,2,2,51,48
"2612",12,17,12,17,12,14,24,13,1,14,12,17,12,14,24,13,1,6,3,0,6,0,0,3,0,1,0,54,48
"2613",0,0,0,0,0,0,0,0,0,0,0,0,0,0,0,0,0,0,0,0,0,0,0,0,0,0,0,0,0
"2614",1,6,1,1,1,5,1,7,1,1,1,1,1,1,1,1,1,5,6,2,6,2,0,5,6,1,3,5,10
"2615",2,8,1,1,1,10,1,7,1,6,1,1,1,5,1,7,1,2,0,0,5,1,2,2,5,1,1,7,15
"2616",3,8,1,3,1,10,2,7,1,8,1,1,1,10,1,7,1,1,2,0,1,0,0,2,1,3,2,9,16
"2617",4,8,1,3,5,10,2,8,1,8,1,3,1,10,2,7,1,1,2,4,1,2,0,4,1,4,3,13,17
"2618",5,8,1,5,5,15,2,8,1,8,1,3,5,10,2,8,1,2,0,0,5,3,4,2,5,3,1,15,22
"2619",6,11,1,5,5,15,6,8,1,8,1,5,5,15,2,8,1,3,4,0,4,0,0,3,4,1,2,18,26
"2620",7,13,1,5,5,15,6,13,1,11,1,5,5,15,6,8,1,2,2,5,2,5,0,2,5,1,3,20,31
"2621",8,13,1,7,5,15,10,13,1,13,1,5,5,15,6,13,1,2,0,0,2,4,1,2,4,3,2,22,35
"2622",9,13,1,9,5,15,10,13,2,13,1,7,5,15,10,13,1,2,1,0,1,0,0,2,1,3,4,24,36
"2623",10,13,2,9,11,21,13,13,2,13,1,9,5,15,10,13,2,6,3,6,3,6,0,6,6,4,1,31,45
"2624",11,13,2,12,11,24,13,13,2,13,2,9,11,21,13,13,2,3,0,0,3,2,2,3,3,3,1,34,48
"2625",12,13,2,14,11,24,13,13,2,13,2,12,11,24,13,13,2,2,2,0,2,0,0,2,0,3,0,36,48
"2626",0,0,0,0,0,0,0,0,0,0,0,0,0,0,0,0,0,0,0,0,0,0,0,0,0,0,0,0,0
"2627",1,1,1,5,7,1,7,2,1,1,1,1,1,1,1,1,1,2,6,6,2,6,0,6,6,4,2,10,7
"2628",2,1,1,7,7,1,7,7,1,1,1,5,7,1,7,2,1,2,0,0,4,5,2,2,5,3,3,12,12
"2629",3,5,1,7,7,1,7,9,1,1,1,7,7,1,7,7,1,4,2,0,2,0,0,4,2,1,3,16,14
"2630",4,13,1,7,7,1,9,9,1,5,1,7,7,1,7,9,1,3,6,2,3,2,0,6,2,1,2,24,16
"2631",5,13,1,10,7,1,9,12,1,13,1,7,7,1,9,9,1,3,0,0,3,3,2,3,3,3,3,27,19
"2632",6,16,1,10,7,1,9,12,3,13,1,10,7,1,9,12,1,3,2,0,2,0,0,3,2,1,4,30,21
"2633",7,16,6,10,7,1,9,12,6,16,1,10,7,1,9,12,3,2,5,3,2,3,0,5,3,2,4,35,24
"2634",8,16,6,10,9,1,9,14,6,16,6,10,7,1,9,12,6,2,0,0,2,4,2,2,2,4,3,37,26
"2635",9,16,10,10,9,3,9,14,6,16,6,10,9,1,9,14,6,4,2,0,2,0,0,4,2,2,1,41,28
"2636",10,16,10,10,14,3,11,14,6,16,10,10,9,3,9,14,6,5,4,2,4,2,0,5,2,4,2,46,30
"2637",11,16,14,10,14,4,11,14,6,16,10,10,14,3,11,14,6,4,0,0,1,3,1,4,1,2,1,50,31
"2638",12,16,14,10,17,4,11,14,6,16,14,10,14,4,11,14,6,3,1,0,1,0,0,3,0,4,0,53,31
"2639",0,0,0,0,0,0,0,0,0,0,0,0,0,0,0,0,0,0,0,0,0,0,0,0,0,0,0,0,0
"2640",1,1,1,1,4,1,1,4,1,1,1,1,1,1,1,1,1,3,3,2,3,2,0,3,3,4,3,3,3
"2641",2,3,1,1,4,1,3,10,1,1,1,1,4,1,1,4,1,2,0,0,4,6,3,2,6,1,3,5,11
"2642",3,3,1,1,7,1,3,10,5,3,1,1,4,1,3,10,1,4,3,0,4,0,0,3,4,4,4,8,15
"2643",4,3,6,1,7,5,3,10,5,3,1,1,7,1,3,10,5,5,3,4,3,4,0,5,4,2,1,13,19
"2644",5,3,9,1,7,10,9,10,5,3,6,1,7,5,3,10,5,3,0,0,6,2,6,3,6,2,2,16,30
"2645",6,7,9,1,13,12,9,10,5,3,9,1,7,10,9,10,5,2,6,0,2,0,0,6,2,4,1,26,32
"2646",7,7,9,1,18,12,9,10,16,7,9,1,13,12,9,10,5,5,6,4,6,4,0,5,6,4,4,31,43
"2647",8,11,9,1,18,15,9,10,16,7,9,1,18,12,9,10,16,4,0,0,3,2,5,4,3,1,1,35,46
"2648",9,11,9,1,23,17,9,10,16,11,9,1,18,15,9,10,16,2,5,0,2,0,0,5,2,4,1,40,48
"2649",10,11,9,1,1,17,15,1,16,11,9,1,23,17,9,10,16,2,5,6,2,6,0,5,2,4,2,18,45
"2650",11,20,9,1,1,20,15,1,16,11,9,1,1,17,15,1,16,6,0,0,3,3,6,6,3,1,1,27,48
"2651",12,20,9,4,1,20,15,1,16,20,9,1,1,20,15,1,16,3,6,0,6,0,0,3,0,3,0,30,48
"2652",0,0,0,0,0,0,0,0,0,0,0,0,0,0,0,0,0,0,0,0,0,0,0,0,0,0,0,0,0
"2653",1,1,3,1,1,4,1,1,1,1,1,1,1,1,1,1,1,3,1,2,3,1,0,2,3,2,1,2,3
"2654",2,1,3,1,2,5,1,1,1,1,3,1,1,4,1,1,1,1,0,0,1,5,2,1,1,4,1,3,4
"2655",3,1,8,1,2,7,1,1,1,1,3,1,2,5,1,1,1,5,2,0,2,0,0,5,2,2,1,8,6
"2656",4,6,8,1,2,7,1,1,4,1,8,1,2,7,1,1,1,3,3,5,3,3,0,5,3,1,4,13,9
"2657",5,6,8,4,2,7,1,2,10,6,8,1,2,7,1,1,4,3,0,0,6,1,6,3,6,3,4,16,16
"2658",6,12,8,4,3,7,1,3,10,6,8,4,2,7,1,2,10,1,6,0,1,0,0,6,1,1,3,23,17
"2659",7,16,14,4,3,7,1,3,14,12,8,4,3,7,1,3,10,4,3,6,4,3,0,6,4,2,4,33,21
"2660",8,16,14,4,6,7,1,3,15,16,14,4,3,7,1,3,14,3,0,0,1,1,5,3,1,4,4,36,22
"2661",9,16,14,9,6,7,1,3,16,16,14,4,6,7,1,3,15,1,5,0,1,0,0,5,1,3,4,41,23
"2662",10,16,14,14,6,7,2,3,16,16,14,9,6,7,1,3,16,1,5,4,1,4,0,5,1,3,2,46,24
"2663",11,16,18,14,6,7,6,3,16,16,14,14,6,7,2,3,16,4,0,0,4,5,6,4,4,2,2,50,28
"2664",12,21,21,20,6,7,6,1,16,16,18,14,6,7,6,3,16,5,6,0,5,0,0,6,0,3,0,64,26
"2665",0,0,0,0,0,0,0,0,0,0,0,0,0,0,0,0,0,0,0,0,0,0,0,0,0,0,0,0,0
"2666",1,1,6,1,1,1,1,3,1,1,1,1,1,1,1,1,1,2,5,2,2,2,0,5,2,2,3,5,2
"2667",2,1,8,1,1,1,1,3,6,1,6,1,1,1,1,3,1,2,0,0,2,1,5,2,5,2,4,7,7
"2668",3,1,10,1,1,1,1,3,7,1,8,1,1,1,1,3,6,2,1,0,1,0,0,2,1,2,4,9,8
"2669",4,5,10,1,1,1,6,3,7,1,10,1,1,1,1,3,7,5,1,4,5,1,0,4,5,1,2,13,13
"2670",5,6,10,1,1,1,6,8,7,5,10,1,1,1,6,3,7,1,0,0,2,1,5,1,5,1,3,14,18
"2671",6,6,10,1,3,1,6,8,8,6,10,1,1,1,6,8,7,2,1,0,1,0,0,2,1,4,4,16,19
"2672",7,6,10,1,8,1,10,8,8,6,10,1,3,1,6,8,8,4,5,1,4,1,0,5,4,4,2,21,23
"2673",8,6,11,1,8,9,10,8,8,6,10,1,8,1,10,8,8,1,0,0,6,1,2,1,6,2,1,22,31
"2674",9,6,13,1,8,9,11,8,8,6,11,1,8,9,10,8,8,1,2,0,1,0,0,2,1,2,2,24,32
"2675",10,12,13,1,12,15,11,9,8,6,13,1,8,9,11,8,8,2,6,6,2,6,0,6,6,1,1,34,39
"2676",11,12,15,1,12,29,11,9,8,12,13,1,12,15,11,9,8,2,0,0,2,4,6,2,6,2,1,36,53
"2677",12,12,15,5,12,29,11,9,8,12,15,1,12,29,11,9,8,2,4,0,2,0,0,4,0,3,0,40,53
"2678",0,0,0,0,0,0,0,0,0,0,0,0,0,0,0,0,0,0,0,0,0,0,0,0,0,0,0,0,0
"2679",1,1,1,6,1,1,1,6,1,1,1,1,1,1,1,1,1,5,4,5,4,5,0,5,5,3,3,5,5
"2680",2,1,5,6,1,1,1,11,1,1,1,6,1,1,1,6,1,4,0,0,6,5,3,4,5,2,3,9,10
"2681",3,7,5,9,1,1,1,14,1,1,5,6,1,1,1,11,1,6,3,0,3,0,0,6,3,1,3,18,13
"2682",4,7,9,9,1,1,1,14,5,7,5,9,1,1,1,14,1,4,1,4,1,4,0,4,4,2,4,22,17
"2683",5,7,9,9,2,1,4,14,5,7,9,9,1,1,1,14,5,1,0,0,6,3,3,1,3,4,2,23,20
"2684",6,7,9,15,8,1,4,14,8,7,9,9,2,1,4,14,5,6,3,0,3,0,0,6,3,3,4,35,23
"2685",7,7,9,15,13,1,8,14,8,7,9,15,8,1,4,14,8,5,2,4,2,4,0,5,4,4,2,40,27
"2686",8,7,9,17,13,5,8,14,8,7,9,15,13,1,8,14,8,2,0,0,4,1,5,2,4,3,1,42,31
"2687",9,7,14,17,13,6,8,14,8,7,9,17,13,5,8,14,8,1,5,0,1,0,0,5,1,2,1,47,32
"2688",10,7,19,17,13,6,8,14,9,7,14,17,13,6,8,14,8,2,1,5,2,1,0,5,1,2,4,52,33
"2689",11,9,19,17,13,8,8,14,9,7,19,17,13,6,8,14,9,2,0,0,2,6,1,2,2,1,1,54,35
"2690",12,9,20,17,13,8,8,14,9,9,19,17,13,8,8,14,9,6,1,0,6,0,0,1,0,2,0,55,35
"2691",0,0,0,0,0,0,0,0,0,0,0,0,0,0,0,0,0,0,0,0,0,0,0,0,0,0,0,0,0
"2692",1,7,1,1,6,1,6,1,1,1,1,1,1,1,1,1,1,1,6,5,1,5,0,6,5,1,2,11,5
"2693",2,8,1,1,6,1,6,2,1,7,1,1,6,1,6,1,1,1,0,0,3,1,2,1,1,1,3,12,6
"2694",3,8,4,1,6,1,8,2,1,8,1,1,6,1,6,2,1,3,2,0,2,0,0,3,2,2,2,15,8
"2695",4,8,6,1,6,1,11,2,1,8,4,1,6,1,8,2,1,3,2,2,3,2,0,2,3,2,2,17,11
"2696",5,8,6,1,8,1,17,7,1,8,6,1,6,1,11,2,1,2,0,0,2,6,3,2,6,4,2,19,22
"2697",6,11,6,1,8,1,17,9,1,8,6,1,8,1,17,7,1,2,3,0,2,0,0,3,2,1,3,22,24
"2698",7,11,6,6,8,7,17,12,1,11,6,1,8,1,17,9,1,6,5,3,6,3,0,5,6,3,1,27,33
"2699",8,14,6,6,8,12,17,12,7,11,6,6,8,7,17,12,1,3,0,0,6,4,2,3,6,1,4,30,44
"2700",9,14,6,6,12,14,17,12,7,14,6,6,8,12,17,12,7,4,2,0,2,0,0,4,2,4,1,34,46
"2701",10,14,6,6,17,16,17,12,7,14,6,6,12,14,17,12,7,2,3,5,2,3,0,5,2,4,1,39,48
"2702",11,14,6,6,20,16,17,17,7,14,6,6,17,16,17,12,7,3,0,0,5,6,5,3,5,4,3,42,53
"2703",12,14,6,6,27,16,17,17,7,14,6,6,20,16,17,17,7,6,5,0,5,0,0,6,0,4,0,49,53
"2704",0,0,0,0,0,0,0,0,0,0,0,0,0,0,0,0,0,0,0,0,0,0,0,0,0,0,0,0,0
"2705",1,1,5,1,7,1,1,5,1,1,1,1,1,1,1,1,1,6,4,3,4,3,0,6,4,4,3,10,4
"2706",2,1,5,4,7,1,3,5,1,1,5,1,7,1,1,5,1,3,0,0,2,5,1,3,2,3,2,13,6
"2707",3,1,5,4,12,2,3,5,1,1,5,4,7,1,3,5,1,5,1,0,1,0,0,5,1,4,1,18,7
"2708",4,1,8,4,12,2,7,5,1,1,5,4,12,2,3,5,1,4,3,3,4,3,0,3,4,2,2,21,11
"2709",5,1,11,4,12,2,7,5,4,1,8,4,12,2,7,5,1,3,0,0,3,2,5,3,3,2,4,24,14
"2710",6,1,11,9,12,2,7,7,4,1,11,4,12,2,7,5,4,2,5,0,2,0,0,5,2,3,3,29,16
"2711",7,1,12,9,12,2,8,7,4,1,11,9,12,2,7,7,4,1,1,1,1,1,0,1,1,2,2,30,17
"2712",8,1,12,10,12,2,8,7,6,1,12,9,12,2,8,7,4,1,0,0,2,2,4,1,2,3,4,31,19
"2713",9,5,12,10,12,2,8,9,6,1,12,10,12,2,8,7,6,2,4,0,2,0,0,4,2,1,3,35,21
"2714",10,10,12,10,12,7,8,9,6,5,12,10,12,2,8,9,6,5,5,3,5,3,0,5,5,1,1,40,26
"2715",11,13,12,10,12,10,8,9,6,10,12,10,12,7,8,9,6,3,0,0,3,2,5,3,3,1,1,43,29
"2716",12,13,17,10,12,10,8,9,6,13,12,10,12,10,8,9,6,2,5,0,2,0,0,5,0,2,0,48,29
"2717",0,0,0,0,0,0,0,0,0,0,0,0,0,0,0,0,0,0,0,0,0,0,0,0,0,0,0,0,0
"2718",1,1,1,4,1,5,1,1,1,1,1,1,1,1,1,1,1,3,4,3,4,3,0,3,4,3,1,3,4
"2719",2,1,1,4,4,5,1,5,1,1,1,4,1,5,1,1,1,3,0,0,4,4,2,3,4,4,3,6,8
"2720",3,5,1,4,4,5,1,7,1,1,1,4,4,5,1,5,1,4,2,0,2,0,0,4,2,1,3,10,10
"2721",4,11,3,4,4,5,1,9,1,5,1,4,4,5,1,7,1,6,2,2,2,2,0,6,2,1,3,18,12
"2722",5,11,3,6,4,16,1,9,1,11,3,4,4,5,1,9,1,2,0,0,6,3,6,2,6,3,1,20,23
"2723",6,17,3,12,6,19,1,9,1,11,3,6,4,16,1,9,1,3,6,0,3,0,0,6,3,1,1,34,26
"2724",7,17,7,12,6,19,4,9,1,17,3,12,6,19,1,9,1,4,4,3,4,3,0,4,3,2,2,38,29
"2725",8,17,11,12,6,19,7,9,1,17,7,12,6,19,4,9,1,4,0,0,3,6,4,4,3,2,2,42,32
"2726",9,17,14,12,12,23,7,9,1,17,11,12,6,19,7,9,1,6,4,0,4,0,0,6,4,4,1,51,36
"2727",10,17,18,12,18,24,7,9,1,17,14,12,12,23,7,9,1,1,6,1,1,1,0,6,1,4,1,61,37
"2728",11,18,18,12,18,29,7,9,1,17,18,12,18,24,7,9,1,1,0,0,5,2,6,1,5,1,1,62,42
"2729",12,21,24,18,18,29,7,9,1,18,18,12,18,29,7,9,1,2,6,0,2,0,0,6,0,2,0,77,42
"2730",0,0,0,0,0,0,0,0,0,0,0,0,0,0,0,0,0,0,0,0,0,0,0,0,0,0,0,0,0
"2731",1,3,1,7,1,1,1,6,1,1,1,1,1,1,1,1,1,2,6,5,2,5,0,6,5,3,3,8,5
"2732",2,3,3,7,1,1,3,6,1,3,1,7,1,1,1,6,1,2,0,0,2,5,6,2,2,2,2,10,7
"2733",3,8,9,7,1,1,8,6,1,3,3,7,1,1,3,6,1,5,6,0,5,0,0,6,5,2,2,21,12
"2734",4,8,9,7,5,1,8,8,1,8,9,7,1,1,8,6,1,4,2,1,2,1,0,4,2,4,3,25,14
"2735",5,8,9,8,5,1,12,8,1,8,9,7,5,1,8,8,1,1,0,0,2,6,4,1,4,3,2,26,18
"2736",6,8,13,14,5,1,14,8,1,8,9,8,5,1,12,8,1,2,6,0,2,0,0,6,2,3,2,36,20
"2737",7,8,15,14,5,2,14,8,1,8,13,14,5,1,14,8,1,2,1,3,1,3,0,2,1,2,1,38,21
"2738",8,11,15,14,5,2,14,14,3,8,15,14,5,2,14,8,1,3,0,0,6,1,2,3,6,1,3,41,29
"2739",9,11,17,14,5,2,14,14,4,11,15,14,5,2,14,14,3,1,2,0,1,0,0,2,1,2,4,43,30
"2740",10,11,17,15,5,2,14,15,4,11,17,14,5,2,14,14,4,1,1,1,1,1,0,1,1,3,3,44,31
"2741",11,12,17,15,5,4,14,15,10,11,17,15,5,2,14,15,4,1,0,0,6,5,6,1,6,1,4,45,39
"2742",12,17,17,15,5,4,14,15,10,12,17,15,5,4,14,15,10,5,6,0,6,0,0,5,0,1,0,50,39
"2743",0,0,0,0,0,0,0,0,0,0,0,0,0,0,0,0,0,0,0,0,0,0,0,0,0,0,0,0,0
"2744",1,5,1,1,1,1,1,6,1,1,1,1,1,1,1,1,1,4,5,2,5,2,0,4,5,1,3,4,5
"2745",2,5,1,1,3,4,1,6,1,5,1,1,1,1,1,6,1,2,0,0,3,4,1,2,3,4,1,6,8
"2746",3,9,1,1,3,4,1,6,2,5,1,1,3,4,1,6,1,4,1,0,1,0,0,4,1,1,4,10,9
"2747",4,15,5,1,3,4,1,6,7,9,1,1,3,4,1,6,2,6,4,5,4,5,0,6,5,1,4,20,14
"2748",5,15,5,5,3,4,3,6,7,15,5,1,3,4,1,6,7,4,0,0,2,2,2,4,2,3,2,24,16
"2749",6,15,7,5,3,4,3,8,7,15,5,5,3,4,3,6,7,2,2,0,2,0,0,2,2,2,3,26,18
"2750",7,15,13,8,3,4,7,8,7,15,7,5,3,4,3,8,7,4,6,4,4,4,0,6,4,2,2,35,22
"2751",8,19,13,8,3,4,9,8,13,15,13,8,3,4,7,8,7,4,0,0,6,4,4,4,6,1,4,39,30
"2752",9,19,17,8,3,4,13,8,13,19,13,8,3,4,9,8,13,4,4,0,4,0,0,4,4,2,2,43,34
"2753",10,19,17,8,8,4,13,8,15,19,17,8,3,4,13,8,13,1,5,2,1,2,0,5,2,4,4,48,36
"2754",11,19,17,9,8,4,15,8,15,19,17,8,8,4,13,8,15,1,0,0,2,1,4,1,2,3,2,49,38
"2755",12,19,17,13,8,4,15,8,15,19,17,9,8,4,15,8,15,1,4,0,1,0,0,4,0,3,0,53,38
"2756",0,0,0,0,0,0,0,0,0,0,0,0,0,0,0,0,0,0,0,0,0,0,0,0,0,0,0,0,0
"2757",1,6,1,1,1,1,4,1,1,1,1,1,1,1,1,1,1,3,6,5,3,6,0,5,3,1,2,5,3
"2758",2,6,8,1,1,1,6,1,1,6,1,1,1,1,4,1,1,6,0,0,2,1,2,6,2,2,2,12,5
"2759",3,6,8,1,3,2,6,1,1,6,8,1,1,1,6,1,1,1,2,0,1,0,0,2,1,4,1,14,6
"2760",4,6,8,10,3,2,6,1,4,6,8,1,3,2,6,1,1,6,1,3,1,3,0,6,3,3,4,23,9
"2761",5,7,8,10,3,2,6,1,9,6,8,10,3,2,6,1,4,1,0,0,5,3,5,1,5,1,4,24,14
"2762",6,7,8,10,8,5,6,1,9,7,8,10,3,2,6,1,9,3,5,0,3,0,0,5,3,4,1,29,17
"2763",7,17,8,10,8,5,8,1,9,7,8,10,8,5,6,1,9,1,2,6,1,2,0,6,2,1,2,39,19
"2764",8,18,8,10,8,5,8,4,9,17,8,10,8,5,8,1,9,1,0,0,3,3,2,1,3,1,3,40,22
"2765",9,18,8,10,11,5,8,6,9,18,8,10,8,5,8,4,9,3,2,0,2,0,0,3,2,4,3,43,24
"2766",10,22,14,10,11,5,8,6,14,18,8,10,11,5,8,6,9,6,5,5,5,5,0,6,5,2,4,53,29
"2767",11,22,14,15,11,5,8,6,17,22,14,10,11,5,8,6,14,5,0,0,4,5,3,5,3,3,4,58,32
"2768",12,22,14,15,16,5,8,6,17,22,14,15,11,5,8,6,17,4,5,0,4,0,0,5,0,4,0,63,32
"2769",0,0,0,0,0,0,0,0,0,0,0,0,0,0,0,0,0,0,0,0,0,0,0,0,0,0,0,0,0
"2770",1,7,1,1,2,1,1,5,1,1,1,1,1,1,1,1,1,2,4,6,2,4,0,6,4,1,3,7,4
"2771",2,7,1,3,2,2,1,5,1,7,1,1,2,1,1,5,1,2,0,0,1,1,2,2,1,3,1,9,5
"2772",3,7,3,3,2,3,1,5,1,7,1,3,2,2,1,5,1,1,2,0,1,0,0,2,1,2,1,11,6
"2773",4,13,5,3,8,3,1,8,1,7,3,3,2,3,1,5,1,3,5,6,3,5,0,6,3,1,3,25,9
"2774",5,13,10,3,8,8,1,8,1,13,5,3,8,3,1,8,1,5,0,0,3,3,5,5,5,2,1,30,14
"2775",6,13,10,6,8,11,1,8,1,13,10,3,8,8,1,8,1,3,3,0,3,0,0,3,3,3,1,33,17
"2776",7,13,10,14,8,11,3,8,1,13,10,6,8,11,1,8,1,2,6,2,2,2,0,6,2,3,2,41,19
"2777",8,13,10,14,10,14,3,8,1,13,10,14,8,11,3,8,1,2,0,0,3,5,2,2,3,4,1,43,22
"2778",9,13,15,14,10,14,3,10,1,13,10,14,10,14,3,8,1,5,2,0,2,0,0,5,2,2,3,48,24
"2779",10,13,17,14,10,15,3,10,1,13,15,14,10,14,3,10,1,2,1,3,1,3,0,2,1,2,1,50,25
"2780",11,16,17,14,10,20,3,10,1,13,17,14,10,15,3,10,1,3,0,0,5,1,6,3,5,1,1,53,30
"2781",12,16,23,25,10,20,3,10,1,16,17,14,10,20,3,10,1,1,6,0,1,0,0,6,0,3,0,70,30
"2782",0,0,0,0,0,0,0,0,0,0,0,0,0,0,0,0,0,0,0,0,0,0,0,0,0,0,0,0,0
"2783",1,7,1,1,6,1,2,1,1,1,1,1,1,1,1,1,1,2,1,6,2,1,0,6,1,1,2,11,1
"2784",2,7,1,1,8,1,2,1,5,7,1,1,6,1,2,1,1,2,0,0,3,4,6,2,4,4,4,13,5
"2785",3,7,7,1,12,1,2,1,8,7,1,1,8,1,2,1,5,3,6,0,3,0,0,6,3,2,4,23,8
"2786",4,10,7,1,12,4,2,1,8,7,7,1,12,1,2,1,8,3,3,3,3,3,0,3,3,1,1,26,11
"2787",5,10,7,4,12,7,2,1,8,10,7,1,12,4,2,1,8,3,0,0,5,1,3,3,3,3,1,29,14
"2788",6,10,7,4,17,7,2,2,8,10,7,4,12,7,2,1,8,5,1,0,1,0,0,5,1,4,3,34,15
"2789",7,10,13,9,17,10,2,2,8,10,7,4,17,7,2,2,8,5,6,3,5,3,0,6,3,2,1,45,18
"2790",8,10,13,14,17,10,2,3,8,10,13,9,17,10,2,2,8,5,0,0,2,6,1,5,1,3,3,50,19
"2791",9,17,19,14,17,10,2,3,10,10,13,14,17,10,2,3,8,2,6,0,2,0,0,6,2,1,4,63,21
"2792",10,18,19,14,17,12,2,3,10,17,19,14,17,10,2,3,10,1,2,6,2,6,0,1,2,1,1,64,23
"2793",11,19,19,20,17,14,1,3,10,18,19,14,17,12,2,3,10,6,0,0,2,5,5,6,2,3,1,71,24
"2794",12,19,19,25,17,14,1,3,10,19,19,20,17,14,1,3,10,5,5,0,5,0,0,5,0,3,0,76,24
"2795",0,0,0,0,0,0,0,0,0,0,0,0,0,0,0,0,0,0,0,0,0,0,0,0,0,0,0,0,0
"2796",1,1,4,1,1,1,1,1,5,1,1,1,1,1,1,1,1,4,3,1,4,1,0,3,4,2,4,3,4
"2797",2,1,4,1,2,1,2,1,5,1,4,1,1,1,1,1,5,1,0,0,1,2,6,1,1,4,2,4,5
"2798",3,1,4,5,8,1,2,1,7,1,4,1,2,1,2,1,5,2,6,0,2,0,0,6,2,4,4,14,7
"2799",4,1,4,9,8,4,2,1,7,1,4,5,8,1,2,1,7,4,3,3,3,3,0,4,3,3,1,18,10
"2800",5,1,4,9,11,4,2,5,7,1,4,9,8,4,2,1,7,3,0,0,4,2,5,3,4,4,3,21,14
"2801",6,1,4,9,16,4,2,5,9,1,4,9,11,4,2,5,7,2,5,0,2,0,0,5,2,4,4,26,16
"2802",7,1,6,9,16,4,2,8,9,1,4,9,16,4,2,5,9,2,2,3,2,3,0,2,3,2,3,28,19
"2803",8,1,6,11,16,6,2,8,9,1,6,9,16,4,2,8,9,2,0,0,2,6,2,2,2,3,1,30,21
"2804",9,1,12,13,16,8,2,8,9,1,6,11,16,6,2,8,9,6,2,0,2,0,0,6,2,2,1,38,23
"2805",10,8,12,13,16,8,2,8,14,1,12,13,16,8,2,8,9,2,5,6,2,5,0,6,5,1,4,45,28
"2806",11,10,12,13,16,12,2,8,14,8,12,13,16,8,2,8,14,2,0,0,4,2,5,2,4,1,1,47,32
"2807",12,10,14,13,16,12,2,8,14,10,12,13,16,12,2,8,14,2,5,0,5,0,0,2,0,2,0,49,32
"2808",0,0,0,0,0,0,0,0,0,0,0,0,0,0,0,0,0,0,0,0,0,0,0,0,0,0,0,0,0
"2809",1,1,1,1,6,1,1,2,1,1,1,1,1,1,1,1,1,1,5,3,1,3,0,5,1,4,3,5,1
"2810",2,1,4,1,6,1,1,2,6,1,1,1,6,1,1,2,1,3,0,0,3,5,2,3,5,2,4,8,6
"2811",3,4,4,1,6,1,1,4,6,1,4,1,6,1,1,2,6,3,2,0,2,0,0,3,2,1,3,11,8
"2812",4,6,10,1,6,1,1,8,6,4,4,1,6,1,1,4,6,6,4,6,4,6,0,6,4,2,3,19,12
"2813",5,6,10,6,12,1,1,12,6,6,10,1,6,1,1,8,6,6,0,0,4,5,4,6,4,4,3,30,16
"2814",6,6,10,6,16,1,1,12,11,6,10,6,12,1,1,12,6,5,4,0,5,0,0,4,5,4,4,34,21
"2815",7,6,15,6,16,6,1,12,11,6,10,6,16,1,1,12,11,5,1,5,1,5,0,5,5,2,1,39,26
"2816",8,6,15,7,16,6,1,12,15,6,15,6,16,6,1,12,11,1,0,0,5,4,1,1,4,3,4,40,30
"2817",9,11,15,7,16,6,1,13,15,6,15,7,16,6,1,12,15,5,1,0,1,0,0,5,1,1,3,45,31
"2818",10,11,15,12,16,6,4,13,15,11,15,7,16,6,1,13,15,3,2,5,3,2,0,5,3,3,2,50,34
"2819",11,13,15,12,16,11,4,13,15,11,15,12,16,6,4,13,15,2,0,0,5,2,1,2,5,1,1,52,39
"2820",12,14,15,12,16,11,4,13,15,13,15,12,16,11,4,13,15,2,1,0,2,0,0,1,0,1,0,53,39
"2821",0,0,0,0,0,0,0,0,0,0,0,0,0,0,0,0,0,0,0,0,0,0,0,0,0,0,0,0,0
"2822",1,1,1,6,7,1,1,8,1,1,1,1,1,1,1,1,1,6,3,6,3,6,0,6,6,4,3,11,7
"2823",2,1,1,6,10,6,1,8,1,1,1,6,7,1,1,8,1,3,0,0,4,5,5,3,5,4,1,14,12
"2824",3,6,1,6,10,6,1,12,1,1,1,6,10,6,1,8,1,4,5,0,4,0,0,5,4,1,3,19,16
"2825",4,10,1,6,10,6,4,12,1,6,1,6,10,6,1,12,1,3,2,4,3,2,0,4,3,1,2,23,19
"2826",5,10,1,6,12,10,10,12,1,10,1,6,10,6,4,12,1,2,0,0,3,4,6,2,6,4,2,25,29
"2827",6,10,5,6,12,10,10,12,4,10,1,6,12,10,10,12,1,3,4,0,3,0,0,4,3,2,4,29,32
"2828",7,10,9,6,12,15,10,12,4,10,5,6,12,10,10,12,4,4,3,5,3,5,0,4,5,2,1,33,37
"2829",8,10,9,6,15,15,10,12,8,10,9,6,12,15,10,12,4,3,0,0,4,4,3,3,4,4,4,36,41
"2830",9,10,9,10,15,18,10,12,8,10,9,6,15,15,10,12,8,4,3,0,3,0,0,4,3,3,1,40,44
"2831",10,10,9,14,15,24,15,12,8,10,9,10,15,18,10,12,8,6,4,3,6,3,0,4,6,3,1,44,55
"2832",11,10,9,14,18,24,17,12,8,10,9,14,15,24,15,12,8,3,0,0,2,4,6,3,2,4,2,47,57
"2833",12,10,13,14,18,24,17,12,8,10,9,14,18,24,17,12,8,4,6,0,6,0,0,4,0,2,0,51,57
"2834",0,0,0,0,0,0,0,0,0,0,0,0,0,0,0,0,0,0,0,0,0,0,0,0,0,0,0,0,0
"2835",1,1,1,1,3,1,1,1,2,1,1,1,1,1,1,1,1,1,1,2,1,1,0,2,1,4,4,2,1
"2836",2,2,1,1,3,1,1,1,4,1,1,1,3,1,1,1,2,1,0,0,2,3,3,1,2,1,4,3,3
"2837",3,2,4,1,3,1,1,1,7,2,1,1,3,1,1,1,4,3,3,0,3,0,0,3,3,2,4,6,6
"2838",4,5,4,1,3,1,1,1,12,2,4,1,3,1,1,1,7,2,5,3,2,5,0,3,5,1,4,9,11
"2839",5,5,4,1,5,1,1,4,12,5,4,1,3,1,1,1,12,2,0,0,3,5,2,2,3,4,3,11,14
"2840",6,5,4,6,5,3,1,4,12,5,4,1,5,1,1,4,12,5,2,0,2,0,0,5,2,3,1,16,16
"2841",7,5,8,12,5,3,4,4,12,5,4,6,5,3,1,4,12,6,3,1,3,1,0,6,3,3,2,26,19
"2842",8,5,8,13,5,3,8,10,12,5,8,12,5,3,4,4,12,1,0,0,6,5,6,1,6,3,3,27,29
"2843",9,5,10,13,11,3,8,10,17,5,8,13,5,3,8,10,12,5,6,0,5,0,0,6,5,4,4,35,34
"2844",10,10,10,13,11,5,8,10,17,5,10,13,11,3,8,10,17,5,2,1,2,1,0,5,2,1,1,40,36
"2845",11,11,10,13,11,5,8,15,17,10,10,13,11,5,8,10,17,1,0,0,4,5,3,1,5,1,3,41,41
"2846",12,15,10,13,11,5,8,15,17,11,10,13,11,5,8,15,17,4,3,0,3,0,0,4,0,1,0,45,41
"2847",0,0,0,0,0,0,0,0,0,0,0,0,0,0,0,0,0,0,0,0,0,0,0,0,0,0,0,0,0
"2848",1,1,1,1,3,1,1,1,2,1,1,1,1,1,1,1,1,1,2,1,1,1,0,2,1,4,4,2,1
"2849",2,1,1,1,4,1,1,5,2,1,1,1,3,1,1,1,2,1,0,0,4,5,4,1,4,4,3,3,5
"2850",3,1,6,1,4,5,1,5,2,1,1,1,4,1,1,5,2,5,4,0,4,0,0,5,4,2,1,8,9
"2851",4,1,6,1,6,5,1,5,3,1,6,1,4,5,1,5,2,2,1,1,1,1,0,2,1,4,4,10,10
"2852",5,1,6,1,7,5,1,5,8,1,6,1,6,5,1,5,3,1,0,0,5,2,2,1,5,4,4,11,15
"2853",6,1,8,1,7,5,3,5,8,1,6,1,7,5,1,5,8,2,2,0,2,0,0,2,2,2,2,13,17
"2854",7,1,13,1,7,5,3,8,8,1,8,1,7,5,3,5,8,1,5,3,1,3,0,5,3,2,3,18,20
"2855",8,2,13,1,7,5,3,8,13,1,13,1,7,5,3,8,8,1,0,0,1,5,3,1,5,1,4,19,25
"2856",9,2,16,1,7,6,3,8,13,2,13,1,7,5,3,8,13,1,3,0,1,0,0,3,1,2,1,22,26
"2857",10,2,16,1,10,9,3,8,13,2,16,1,7,6,3,8,13,3,3,1,3,1,0,3,3,4,1,25,29
"2858",11,2,17,1,10,12,3,8,13,2,16,1,10,9,3,8,13,1,0,0,3,5,2,1,3,2,1,26,32
"2859",12,2,17,6,10,12,3,8,13,2,17,1,10,12,3,8,13,5,2,0,2,0,0,5,0,3,0,31,32
"2860",0,0,0,0,0,0,0,0,0,0,0,0,0,0,0,0,0,0,0,0,0,0,0,0,0,0,0,0,0
"2861",1,1,2,7,1,6,1,1,1,1,1,1,1,1,1,1,1,5,4,6,5,4,0,6,5,3,1,7,5
"2862",2,1,2,7,5,6,6,1,1,1,2,7,1,6,1,1,1,4,0,0,5,3,3,4,5,4,2,11,10
"2863",3,1,2,7,8,6,9,1,1,1,2,7,5,6,6,1,1,3,3,0,3,0,0,3,3,4,2,14,13
"2864",4,3,2,7,8,8,9,1,1,1,2,7,8,6,9,1,1,2,1,2,1,2,0,2,2,1,1,16,15
"2865",5,4,2,7,8,8,9,6,1,3,2,7,8,8,9,1,1,1,0,0,5,1,3,1,5,1,3,17,20
"2866",6,4,2,10,8,8,9,6,2,4,2,7,8,8,9,6,1,1,3,0,1,0,0,3,1,3,4,20,21
"2867",7,10,2,13,14,8,15,6,5,4,2,10,8,8,9,6,2,6,3,6,3,6,0,6,6,4,2,35,30
"2868",8,10,5,13,14,8,16,6,11,10,2,13,14,8,15,6,5,3,0,0,6,1,5,3,6,2,4,38,37
"2869",9,10,10,13,14,8,16,6,12,10,5,13,14,8,16,6,11,1,5,0,1,0,0,5,1,2,4,43,38
"2870",10,14,10,13,14,8,20,6,12,10,10,13,14,8,16,6,12,4,2,4,2,4,0,4,4,1,2,47,42
"2871",11,14,12,13,14,8,28,6,12,14,10,13,14,8,20,6,12,2,0,0,6,5,6,2,6,2,2,49,50
"2872",12,14,12,19,16,8,28,6,12,14,12,13,14,8,28,6,12,5,6,0,5,0,0,6,0,3,0,57,50
"2873",0,0,0,0,0,0,0,0,0,0,0,0,0,0,0,0,0,0,0,0,0,0,0,0,0,0,0,0,0
"2874",1,1,1,1,4,1,6,1,1,1,1,1,1,1,1,1,1,1,5,3,1,5,0,3,5,4,2,3,5
"2875",2,2,1,1,4,4,6,1,1,1,1,1,4,1,6,1,1,1,0,0,1,3,2,1,3,1,1,4,8
"2876",3,2,3,1,4,4,6,2,1,2,1,1,4,4,6,1,1,1,2,0,1,0,0,2,1,2,3,6,9
"2877",4,2,8,1,4,10,6,2,3,2,3,1,4,4,6,2,1,5,6,6,6,6,0,5,6,2,1,11,17
"2878",5,7,8,1,10,10,6,6,3,2,8,1,4,10,6,2,3,6,0,0,4,4,5,6,4,4,3,22,21
"2879",6,7,8,1,15,10,10,6,3,7,8,1,10,10,6,6,3,4,5,0,4,0,0,5,4,4,2,27,25
"2880",7,7,8,7,18,14,10,6,3,7,8,1,15,10,10,6,3,4,1,6,4,1,0,6,4,3,1,36,29
"2881",8,7,9,7,18,14,11,6,3,7,8,7,18,14,10,6,3,1,0,0,1,6,2,1,1,2,2,37,30
"2882",9,16,15,7,18,14,13,6,3,7,9,7,18,14,11,6,3,6,2,0,2,0,0,6,2,1,2,52,32
"2883",10,16,15,10,18,17,19,6,3,16,15,7,18,14,13,6,3,3,6,5,6,5,0,3,6,3,2,55,41
"2884",11,16,15,15,18,17,19,8,3,16,15,10,18,17,19,6,3,5,0,0,6,2,6,5,2,3,3,60,43
"2885",12,16,15,20,30,17,19,8,3,16,15,15,18,17,19,8,3,6,6,0,6,0,0,6,0,4,0,77,43
"2886",0,0,0,0,0,0,0,0,0,0,0,0,0,0,0,0,0,0,0,0,0,0,0,0,0,0,0,0,0
"2887",1,1,1,2,1,5,1,1,1,1,1,1,1,1,1,1,1,4,1,1,4,1,0,1,4,3,1,1,4
"2888",2,2,1,2,1,9,1,1,1,1,1,2,1,5,1,1,1,1,0,0,5,5,4,1,4,1,1,2,8
"2889",3,7,1,2,1,9,6,1,1,2,1,2,1,9,1,1,1,5,5,0,5,0,0,5,5,1,2,7,13
"2890",4,7,1,2,3,9,14,1,1,7,1,2,1,9,6,1,1,2,6,2,6,2,0,2,6,4,2,9,21
"2891",5,7,1,2,5,14,14,1,1,7,1,2,3,9,14,1,1,2,0,0,5,1,2,2,5,4,1,11,26
"2892",6,9,1,2,5,14,14,2,1,7,1,2,5,14,14,1,1,1,2,0,1,0,0,2,1,1,3,13,27
"2893",7,9,5,2,5,17,14,2,1,9,1,2,5,14,14,2,1,3,4,4,3,4,0,4,3,2,1,17,30
"2894",8,9,5,6,5,20,14,14,1,9,5,2,5,17,14,2,1,4,0,0,5,6,3,4,6,3,3,21,45
"2895",9,12,5,6,5,25,14,14,1,9,5,6,5,20,14,14,1,5,3,0,5,0,0,3,5,1,1,24,50
"2896",10,12,5,9,7,1,21,14,1,12,5,6,5,25,14,14,1,2,6,6,6,6,0,2,6,4,2,29,33
"2897",11,16,11,1,7,6,27,14,1,12,5,9,7,1,21,14,1,6,0,0,2,6,1,6,6,2,2,31,44
"2898",12,16,11,1,8,6,27,14,1,16,11,1,7,6,27,14,1,2,1,0,2,0,0,1,0,4,0,32,44
"2899",0,0,0,0,0,0,0,0,0,0,0,0,0,0,0,0,0,0,0,0,0,0,0,0,0,0,0,0,0
"2900",1,1,3,1,1,2,1,1,1,1,1,1,1,1,1,1,1,1,2,1,1,1,0,2,1,2,1,2,1
"2901",2,1,3,1,2,2,6,1,1,1,3,1,1,2,1,1,1,1,0,0,2,5,5,1,5,4,2,3,6
"2902",3,1,3,6,2,2,8,1,1,1,3,1,2,2,6,1,1,2,5,0,2,0,0,5,2,3,2,8,8
"2903",4,6,3,6,2,2,13,1,1,1,3,6,2,2,8,1,1,5,5,3,5,3,0,5,5,1,2,13,13
"2904",5,6,3,6,5,5,13,1,1,6,3,6,2,2,13,1,1,3,0,0,3,1,1,3,3,4,1,16,16
"2905",6,6,3,7,5,5,13,1,2,6,3,6,5,5,13,1,1,1,1,0,1,0,0,1,1,3,4,17,17
"2906",7,10,3,7,5,5,13,4,2,6,3,7,5,5,13,1,2,4,3,3,3,3,0,4,3,1,3,21,20
"2907",8,13,3,7,5,5,13,6,8,10,3,7,5,5,13,4,2,3,0,0,2,6,6,3,6,1,4,24,28
"2908",9,13,3,17,5,5,13,8,8,13,3,7,5,5,13,6,8,2,6,0,2,0,0,6,2,3,3,34,30
"2909",10,17,3,17,5,9,13,8,8,13,3,17,5,5,13,8,8,2,4,4,2,4,0,4,4,1,1,38,34
"2910",11,19,3,17,5,9,13,10,8,17,3,17,5,9,13,8,8,2,0,0,6,2,1,2,2,1,3,40,36
"2911",12,19,3,23,11,9,13,10,8,19,3,17,5,9,13,10,8,6,1,0,1,0,0,6,0,4,0,52,36
"2912",0,0,0,0,0,0,0,0,0,0,0,0,0,0,0,0,0,0,0,0,0,0,0,0,0,0,0,0,0
"2913",1,1,7,2,1,4,1,1,1,1,1,1,1,1,1,1,1,3,5,6,3,5,0,6,3,2,1,7,3
"2914",2,1,7,2,6,4,6,1,1,1,7,2,1,4,1,1,1,5,0,0,5,2,5,5,5,4,2,12,8
"2915",3,1,12,2,6,6,6,1,1,1,7,2,6,4,6,1,1,2,5,0,2,0,0,5,2,2,1,17,10
"2916",4,8,12,2,6,6,11,1,1,1,12,2,6,6,6,1,1,6,5,1,5,1,0,6,5,1,2,24,15
"2917",5,8,12,2,7,6,11,6,1,8,12,2,6,6,11,1,1,1,0,0,2,5,4,1,5,4,3,25,20
"2918",6,8,12,6,7,6,13,6,1,8,12,2,7,6,11,6,1,2,4,0,2,0,0,4,2,3,2,29,22
"2919",7,8,12,10,7,6,14,6,1,8,12,6,7,6,13,6,1,4,1,1,1,1,0,4,1,3,2,33,23
"2920",8,8,12,11,7,6,14,6,6,8,12,10,7,6,14,6,1,1,0,0,5,4,1,1,5,3,4,34,28
"2921",9,8,12,15,7,7,14,6,6,8,12,11,7,6,14,6,6,4,1,0,1,0,0,4,1,3,1,38,29
"2922",10,13,12,15,7,7,15,6,6,8,12,15,7,7,14,6,6,5,1,2,1,2,0,5,1,1,2,43,30
"2923",11,13,12,15,9,11,15,6,6,13,12,15,7,7,15,6,6,2,0,0,4,2,3,2,4,4,1,45,34
"2924",12,15,12,15,9,11,15,6,6,13,12,15,9,11,15,6,6,2,3,0,3,0,0,2,0,1,0,47,34
"2925",0,0,0,0,0,0,0,0,0,0,0,0,0,0,0,0,0,0,0,0,0,0,0,0,0,0,0,0,0
"2926",1,1,1,6,1,1,7,6,1,1,1,1,1,1,1,1,1,6,5,2,6,2,0,5,6,3,2,5,11
"2927",2,1,1,8,1,1,7,8,1,1,1,6,1,1,7,6,1,2,0,0,2,4,3,2,2,3,3,7,13
"2928",3,1,1,11,1,1,7,12,1,1,1,8,1,1,7,8,1,4,3,0,4,0,0,3,4,3,3,10,17
"2929",4,1,9,17,1,1,7,12,6,1,1,11,1,1,7,12,1,4,6,5,4,5,0,6,5,3,4,24,22
"2930",5,1,9,17,5,1,7,17,6,1,9,17,1,1,7,12,6,4,0,0,5,5,5,4,5,4,3,28,27
"2931",6,1,14,17,5,6,7,17,6,1,9,17,5,1,7,17,6,5,5,0,5,0,0,5,5,2,1,33,32
"2932",7,1,14,17,15,6,7,17,9,1,14,17,5,6,7,17,6,6,3,1,3,1,0,6,3,4,4,43,35
"2933",8,1,15,17,15,6,7,22,9,1,14,17,15,6,7,17,9,1,0,0,2,4,5,1,5,2,3,44,40
"2934",9,1,19,17,15,6,9,22,9,1,15,17,15,6,7,22,9,2,4,0,2,0,0,4,2,2,2,48,42
"2935",10,6,19,17,15,6,9,1,14,1,19,17,15,6,9,22,9,3,1,5,1,5,0,3,5,1,4,53,26
"2936",11,6,20,17,15,6,9,5,14,6,19,17,15,6,9,1,14,1,0,0,3,4,6,1,4,2,3,54,30
"2937",12,6,20,19,21,6,9,5,14,6,20,17,15,6,9,5,14,3,6,0,3,0,0,6,0,4,0,62,30
"2938",0,0,0,0,0,0,0,0,0,0,0,0,0,0,0,0,0,0,0,0,0,0,0,0,0,0,0,0,0
"2939",1,7,5,1,1,3,1,1,1,1,1,1,1,1,1,1,1,2,6,2,2,2,0,6,2,1,1,10,2
"2940",2,9,5,1,1,3,1,1,5,7,5,1,1,3,1,1,1,2,0,0,4,1,3,2,4,1,4,12,6
"2941",3,9,5,1,4,3,2,1,5,9,5,1,1,3,1,1,5,1,3,0,1,0,0,3,1,4,2,15,7
"2942",4,10,5,7,4,18,2,1,5,9,5,1,4,3,2,1,5,6,6,5,6,5,0,6,6,3,1,22,22
"2943",5,10,10,7,4,18,2,1,8,10,5,7,4,18,2,1,5,5,0,0,3,1,4,5,3,2,4,27,25
"2944",6,10,10,11,4,18,2,1,9,10,10,7,4,18,2,1,8,1,4,0,1,0,0,4,1,3,4,31,26
"2945",7,10,10,11,7,18,2,3,9,10,10,11,4,18,2,1,9,2,2,3,2,2,0,3,2,4,3,34,28
"2946",8,10,10,11,9,22,2,3,9,10,10,11,7,18,2,3,9,2,0,0,1,4,4,2,4,4,1,36,32
"2947",9,10,10,15,9,22,2,4,9,10,10,11,9,22,2,3,9,1,4,0,1,0,0,4,1,3,3,40,33
"2948",10,10,10,15,12,24,2,4,9,10,10,15,9,22,2,4,9,2,3,3,2,3,0,3,2,4,1,43,35
"2949",11,10,10,15,15,24,2,4,14,10,10,15,12,24,2,4,9,3,0,0,5,5,2,3,5,4,4,46,40
"2950",12,10,12,15,15,24,2,4,14,10,10,15,15,24,2,4,14,5,2,0,5,0,0,2,0,2,0,48,40
"2951",0,0,0,0,0,0,0,0,0,0,0,0,0,0,0,0,0,0,0,0,0,0,0,0,0,0,0,0,0
"2952",1,1,1,6,1,3,1,1,1,1,1,1,1,1,1,1,1,2,5,2,2,2,0,5,2,3,1,5,2
"2953",2,1,1,8,1,3,1,1,6,1,1,6,1,3,1,1,1,2,0,0,5,4,2,2,5,3,4,7,7
"2954",3,5,1,8,1,3,3,1,6,1,1,8,1,3,1,1,6,4,2,0,2,0,0,4,2,1,2,11,9
"2955",4,5,1,8,6,3,9,1,11,5,1,8,1,3,3,1,6,1,6,5,1,6,0,5,6,4,2,16,20
"2956",5,6,1,8,6,3,13,1,11,5,1,8,6,3,9,1,11,1,0,0,1,4,2,1,4,1,2,17,24
"2957",6,6,1,8,8,3,13,2,11,6,1,8,6,3,13,1,11,1,2,0,1,0,0,2,1,4,3,19,25
"2958",7,6,5,8,8,3,20,2,17,6,1,8,8,3,13,2,11,4,1,6,1,6,0,4,6,2,4,23,38
"2959",8,7,5,8,8,3,22,2,17,6,5,8,8,3,20,2,17,1,0,0,2,2,4,1,2,1,2,24,40
"2960",9,7,7,8,8,3,22,6,17,7,5,8,8,3,22,2,17,2,4,0,4,0,0,2,4,2,3,26,44
"2961",10,7,7,11,8,8,22,6,17,7,7,8,8,3,22,6,17,5,1,3,5,1,0,3,5,3,1,29,49
"2962",11,8,7,11,8,10,22,6,17,7,7,11,8,8,22,6,17,1,0,0,2,1,6,1,2,1,1,30,51
"2963",12,8,8,11,8,10,22,6,17,8,7,11,8,10,22,6,17,1,6,0,6,0,0,1,0,2,0,31,51
"2964",0,0,0,0,0,0,0,0,0,0,0,0,0,0,0,0,0,0,0,0,0,0,0,0,0,0,0,0,0
"2965",1,1,4,1,1,1,3,1,7,1,1,1,1,1,1,1,1,4,3,6,4,6,0,3,6,2,4,3,8
"2966",2,1,4,1,5,1,9,6,7,1,4,1,1,1,3,1,7,4,0,0,6,3,2,4,6,4,2,7,19
"2967",3,1,4,4,5,1,11,6,7,1,4,1,5,1,9,6,7,3,2,0,2,0,0,3,2,3,2,10,21
"2968",4,7,4,7,5,1,15,6,7,1,4,4,5,1,11,6,7,6,4,5,4,5,0,6,4,1,2,19,25
"2969",5,12,4,7,5,2,15,6,7,7,4,7,5,1,15,6,7,5,0,0,1,1,2,5,1,1,1,24,26
"2970",6,12,4,9,5,2,15,7,7,12,4,7,5,2,15,6,7,1,2,0,1,0,0,2,1,3,3,26,27
"2971",7,16,4,9,5,4,15,7,7,12,4,9,5,2,15,7,7,4,1,2,1,2,0,4,2,1,1,30,29
"2972",8,17,4,9,5,4,15,11,13,16,4,9,5,4,15,7,7,1,0,0,2,2,6,1,6,1,4,31,39
"2973",9,17,6,9,5,4,15,13,13,17,4,9,5,4,15,11,13,2,2,0,2,0,0,2,2,2,3,33,41
"2974",10,21,6,9,11,4,15,19,16,17,6,9,5,4,15,13,13,6,6,6,6,6,0,6,6,4,3,43,50
"2975",11,26,6,9,17,5,21,19,16,21,6,9,11,4,15,19,16,6,0,0,2,6,2,6,6,4,2,54,57
"2976",12,26,6,11,17,5,21,19,16,26,6,9,17,5,21,19,16,2,2,0,2,0,0,2,0,3,0,56,57
"2977",0,0,0,0,0,0,0,0,0,0,0,0,0,0,0,0,0,0,0,0,0,0,0,0,0,0,0,0,0
"2978",1,1,1,6,1,1,1,4,1,1,1,1,1,1,1,1,1,1,3,5,1,3,0,5,3,3,3,5,3
"2979",2,1,1,6,2,6,1,4,1,1,1,6,1,1,1,4,1,1,0,0,2,5,2,1,5,4,1,6,8
"2980",3,3,1,6,2,6,1,6,1,1,1,6,2,6,1,4,1,2,2,0,2,0,0,2,2,1,3,8,10
"2981",4,3,1,6,4,8,1,6,1,3,1,6,2,6,1,6,1,2,2,3,2,3,0,2,2,4,1,10,12
"2982",5,6,1,6,4,8,14,6,1,3,1,6,4,8,1,6,1,3,0,0,1,6,2,3,6,1,2,13,25
"2983",6,6,2,6,4,8,14,8,1,6,1,6,4,8,14,6,1,1,2,0,2,0,0,1,2,2,3,14,27
"2984",7,6,2,8,4,12,14,14,1,6,2,6,4,8,14,8,1,6,2,1,6,1,0,2,6,3,3,16,37
"2985",8,6,2,8,5,16,14,14,1,6,2,8,4,12,14,14,1,1,0,0,4,6,5,1,4,4,1,17,41
"2986",9,6,2,14,10,21,14,14,1,6,2,8,5,16,14,14,1,6,5,0,5,0,0,6,5,3,1,28,46
"2987",10,11,2,14,10,21,16,14,1,6,2,14,10,21,14,14,1,5,2,3,2,3,0,5,2,1,2,33,48
"2988",11,11,2,14,13,25,16,14,1,11,2,14,10,21,16,14,1,3,0,0,4,2,5,3,4,4,1,36,52
"2989",12,11,2,16,13,25,16,14,1,11,2,14,13,25,16,14,1,2,5,0,5,0,0,2,0,3,0,38,52
"2990",0,0,0,0,0,0,0,0,0,0,0,0,0,0,0,0,0,0,0,0,0,0,0,0,0,0,0,0,0
"2991",1,1,1,1,4,1,1,1,4,1,1,1,1,1,1,1,1,3,2,3,2,3,0,3,3,4,4,3,3
"2992",2,1,1,3,4,3,7,1,4,1,1,1,4,1,1,1,4,2,0,0,5,6,3,2,6,3,2,5,11
"2993",3,1,6,3,4,3,7,4,4,1,1,3,4,3,7,1,4,5,3,0,3,0,0,5,3,2,3,10,14
"2994",4,1,6,3,7,7,7,10,4,1,6,3,4,3,7,4,4,3,6,1,6,1,0,3,6,4,3,13,24
"2995",5,2,6,3,7,7,8,10,4,1,6,3,7,7,7,10,4,1,0,0,1,1,4,1,1,1,2,14,25
"2996",6,2,6,7,7,7,9,10,4,2,6,3,7,7,8,10,4,1,4,0,1,0,0,4,1,3,2,18,26
"2997",7,7,6,7,7,13,9,12,4,2,6,7,7,7,9,10,4,4,5,6,4,6,0,5,6,1,1,23,34
"2998",8,7,6,11,7,17,9,12,4,7,6,7,7,13,9,12,4,4,0,0,4,3,3,4,4,3,1,27,38
"2999",9,7,9,11,7,17,9,15,4,7,6,11,7,17,9,12,4,3,3,0,3,0,0,3,3,2,3,30,41
"3000",10,7,9,11,12,26,9,15,4,7,9,11,7,17,9,15,4,4,6,5,4,6,0,5,6,4,1,35,50
"3001",11,7,13,11,12,26,13,15,4,7,9,11,12,26,9,15,4,4,0,0,4,1,5,4,4,2,2,39,54
"3002",12,7,14,11,12,26,13,15,4,7,13,11,12,26,13,15,4,1,5,0,5,0,0,1,0,2,0,40,54
"3003",0,0,0,0,0,0,0,0,0,0,0,0,0,0,0,0,0,0,0,0,0,0,0,0,0,0,0,0,0
"3004",1,1,1,5,1,1,5,1,1,1,1,1,1,1,1,1,1,4,4,2,4,2,0,4,4,3,2,4,4
"3005",2,1,1,7,1,3,5,1,1,1,1,5,1,1,5,1,1,2,0,0,5,2,6,2,2,3,1,6,6
"3006",3,10,1,7,1,8,5,1,1,1,1,7,1,3,5,1,1,5,6,0,5,0,0,6,5,1,1,15,11
"3007",4,10,6,13,1,8,10,1,1,10,1,7,1,8,5,1,1,2,5,6,2,5,0,6,5,3,2,26,16
"3008",5,10,8,13,1,8,10,1,5,10,6,13,1,8,10,1,1,2,0,0,2,4,5,2,4,2,4,28,20
"3009",6,10,8,13,6,8,12,1,5,10,8,13,1,8,10,1,5,2,5,0,2,0,0,5,2,4,2,33,22
"3010",7,15,8,13,6,8,15,1,5,10,8,13,6,8,12,1,5,5,3,3,3,3,0,5,3,1,2,38,25
"3011",8,15,11,13,6,8,15,1,9,15,8,13,6,8,15,1,5,3,0,0,4,1,4,3,4,2,4,41,29
"3012",9,15,15,13,6,9,15,1,9,15,11,13,6,8,15,1,9,1,4,0,1,0,0,4,1,2,1,45,30
"3013",10,15,15,18,6,11,15,1,9,15,15,13,6,9,15,1,9,1,5,2,1,2,0,5,2,3,1,50,32
"3014",11,16,15,18,6,18,15,1,9,15,15,18,6,11,15,1,9,1,0,0,2,6,6,1,6,1,1,51,39
"3015",12,16,15,18,8,18,15,1,9,16,15,18,6,18,15,1,9,2,6,0,6,0,0,2,0,4,0,53,39
"3016",0,0,0,0,0,0,0,0,0,0,0,0,0,0,0,0,0,0,0,0,0,0,0,0,0,0,0,0,0
"3017",1,6,1,1,1,8,1,1,1,1,1,1,1,1,1,1,1,3,5,6,3,6,0,5,6,1,1,5,7
"3018",2,6,1,1,4,8,1,1,5,6,1,1,1,8,1,1,1,3,0,0,2,6,4,3,4,4,4,8,11
"3019",3,6,12,1,4,10,1,1,5,6,1,1,4,8,1,1,5,2,6,0,2,0,0,6,2,2,1,19,13
"3020",4,10,12,1,4,10,2,1,5,6,12,1,4,10,1,1,5,1,1,4,1,1,0,4,1,1,2,23,14
"3021",5,10,12,2,4,10,2,1,6,10,12,1,4,10,2,1,5,1,0,0,1,6,1,1,1,3,4,24,15
"3022",6,10,12,9,4,10,3,1,6,10,12,2,4,10,2,1,6,6,1,0,1,0,0,6,1,3,2,31,16
"3023",7,10,12,9,9,13,3,1,6,10,12,9,4,10,3,1,6,1,3,5,1,3,0,5,3,4,1,36,19
"3024",8,10,13,9,9,13,8,1,6,10,12,9,9,13,3,1,6,1,0,0,3,5,5,1,5,2,2,37,24
"3025",9,10,13,14,9,16,8,1,6,10,13,9,9,13,8,1,6,3,5,0,3,0,0,5,3,3,1,42,27
"3026",10,10,13,14,13,17,8,1,6,10,13,14,9,16,8,1,6,1,4,1,1,1,0,4,1,4,1,46,28
"3027",11,11,13,14,13,20,8,1,6,10,13,14,13,17,8,1,6,1,0,0,3,2,4,1,3,1,1,47,31
"3028",12,11,15,14,13,20,8,1,6,11,13,14,13,20,8,1,6,2,4,0,4,0,0,2,0,2,0,49,31
"3029",0,0,0,0,0,0,0,0,0,0,0,0,0,0,0,0,0,0,0,0,0,0,0,0,0,0,0,0,0
"3030",1,1,9,1,7,1,4,1,1,1,1,1,1,1,1,1,1,3,4,6,3,4,0,6,3,4,2,14,3
"3031",2,5,9,1,7,1,4,10,1,1,9,1,7,1,4,1,1,4,0,0,5,2,6,4,6,1,3,18,12
"3032",3,5,9,6,7,1,4,12,1,5,9,1,7,1,4,10,1,5,2,0,2,0,0,5,2,3,3,23,14
"3033",4,5,9,9,7,3,4,12,1,5,9,6,7,1,4,12,1,3,2,2,2,2,0,3,2,3,1,26,16
"3034",5,5,9,9,9,3,4,16,1,5,9,9,7,3,4,12,1,2,0,0,1,6,4,2,4,4,3,28,20
"3035",6,11,9,14,9,3,4,17,1,5,9,9,9,3,4,16,1,1,6,0,1,0,0,6,1,1,3,39,21
"3036",7,17,14,14,9,3,6,17,1,11,9,14,9,3,4,17,1,3,2,6,3,2,0,6,2,1,2,50,23
"3037",8,17,14,14,12,3,6,20,1,17,14,14,9,3,6,17,1,3,0,0,3,3,2,3,3,4,3,53,26
"3038",9,17,14,14,15,3,8,20,1,17,14,14,12,3,6,20,1,3,2,0,2,0,0,3,2,4,2,56,28
"3039",10,17,17,14,15,4,8,20,1,17,14,14,15,3,8,20,1,3,1,3,1,3,0,3,1,2,1,59,29
"3040",11,20,17,14,15,4,8,21,1,17,17,14,15,4,8,20,1,3,0,0,1,5,4,3,1,1,3,62,30
"3041",12,20,17,14,20,4,8,21,1,20,17,14,15,4,8,21,1,5,4,0,4,0,0,5,0,4,0,67,30
"3042",0,0,0,0,0,0,0,0,0,0,0,0,0,0,0,0,0,0,0,0,0,0,0,0,0,0,0,0,0
"3043",1,5,1,1,1,1,1,1,6,1,1,1,1,1,1,1,1,5,3,4,5,3,0,4,5,1,4,4,5
"3044",2,8,1,1,1,1,1,1,7,5,1,1,1,1,1,1,6,3,0,0,3,1,1,3,1,1,4,7,6
"3045",3,8,4,1,1,1,1,1,8,8,1,1,1,1,1,1,7,3,1,0,1,0,0,3,1,2,4,10,7
"3046",4,14,4,5,1,2,1,1,8,8,4,1,1,1,1,1,8,6,4,1,4,1,0,6,1,1,1,20,8
"3047",5,14,8,5,1,2,1,1,12,14,4,5,1,2,1,1,8,4,0,0,2,4,6,4,4,2,4,24,12
"3048",6,14,8,5,12,2,3,1,12,14,8,5,1,2,1,1,12,2,6,0,2,0,0,6,2,4,2,35,14
"3049",7,14,13,11,12,2,3,1,17,14,8,5,12,2,3,1,12,1,5,6,1,5,0,6,5,3,4,46,19
"3050",8,15,13,11,12,5,3,1,17,14,13,11,12,2,3,1,17,1,0,0,3,4,6,1,3,1,1,47,22
"3051",9,17,19,11,18,5,7,1,17,15,13,11,12,5,3,1,17,4,6,0,4,0,0,6,4,2,2,61,26
"3052",10,17,19,13,18,8,7,1,17,17,19,11,18,5,7,1,17,2,3,4,3,4,0,2,3,3,1,63,29
"3053",11,17,19,17,18,11,7,1,17,17,19,13,18,8,7,1,17,4,0,0,3,5,5,4,3,3,1,67,32
"3054",12,17,24,17,18,11,7,1,17,17,19,17,18,11,7,1,17,5,5,0,5,0,0,5,0,2,0,72,32
"3055",0,0,0,0,0,0,0,0,0,0,0,0,0,0,0,0,0,0,0,0,0,0,0,0,0,0,0,0,0
"3056",1,8,1,1,1,1,1,5,1,1,1,1,1,1,1,1,1,6,5,4,5,4,0,6,4,1,3,7,4
"3057",2,8,1,1,6,6,1,5,1,8,1,1,1,1,1,5,1,5,0,0,4,1,5,5,5,4,1,12,9
"3058",3,8,1,5,6,6,1,6,1,8,1,1,6,6,1,5,1,4,1,0,1,0,0,4,1,3,3,16,10
"3059",4,8,1,5,14,8,1,6,1,8,1,5,6,6,1,6,1,6,1,2,1,2,0,6,2,4,1,24,12
"3060",5,9,1,5,14,8,4,6,1,8,1,5,14,8,1,6,1,1,0,0,3,3,1,1,3,1,2,25,15
"3061",6,9,4,5,14,8,4,6,2,9,1,5,14,8,4,6,1,3,1,0,1,0,0,3,1,2,4,28,16
"3062",7,12,4,5,14,12,4,6,2,9,4,5,14,8,4,6,2,3,3,4,3,4,0,3,4,1,1,31,20
"3063",8,12,4,8,14,12,8,12,2,12,4,5,14,12,4,6,2,3,0,0,6,2,5,3,6,3,3,34,30
"3064",9,12,9,8,14,14,8,12,2,12,4,8,14,12,8,12,2,2,5,0,2,0,0,5,2,2,1,39,32
"3065",10,12,9,8,18,17,8,12,2,12,9,8,14,14,8,12,2,4,3,2,3,2,0,4,3,4,1,43,35
"3066",11,12,10,8,30,20,1,1,1,12,9,8,18,17,8,12,2,2,0,0,3,2,4,2,3,4,1,56,19
"3067",12,14,10,8,30,20,1,1,1,12,10,8,30,20,1,1,1,2,4,0,4,0,0,2,0,1,0,58,19
"3068",0,0,0,0,0,0,0,0,0,0,0,0,0,0,0,0,0,0,0,0,0,0,0,0,0,0,0,0,0
"3069",1,1,1,9,7,6,1,1,1,1,1,1,1,1,1,1,1,5,6,2,5,2,0,6,5,3,1,14,5
"3070",2,1,1,9,9,11,1,1,1,1,1,9,7,6,1,1,1,2,0,0,1,5,5,2,5,4,1,16,10
"3071",3,6,1,9,9,12,1,1,1,1,1,9,9,11,1,1,1,1,5,0,1,0,0,5,1,1,1,21,11
"3072",4,9,1,9,9,12,1,2,1,6,1,9,9,12,1,1,1,1,4,3,1,4,0,3,1,1,3,24,12
"3073",5,9,1,9,13,12,1,5,1,9,1,9,9,12,1,2,1,4,0,0,1,3,3,4,3,4,3,28,15
"3074",6,9,2,9,13,12,4,5,1,9,1,9,13,12,1,5,1,1,3,0,3,0,0,1,3,2,2,29,18
"3075",7,13,2,9,13,18,6,5,1,9,2,9,13,12,4,5,1,4,6,6,6,6,0,4,6,1,1,33,26
"3076",8,13,2,12,19,18,6,10,1,13,2,9,13,18,6,5,1,6,0,0,3,5,4,6,5,4,3,42,31
"3077",9,13,6,12,19,21,6,10,1,13,2,12,19,18,6,10,1,3,4,0,3,0,0,4,3,2,1,46,34
"3078",10,19,11,12,19,21,8,10,1,13,6,12,19,21,6,10,1,6,6,2,6,2,0,6,2,1,2,57,36
"3079",11,25,16,12,25,21,8,10,6,19,11,12,19,21,8,10,1,6,0,0,5,5,6,6,5,4,4,74,41
"3080",12,25,16,12,30,21,8,10,6,25,16,12,25,21,8,10,6,5,6,0,6,0,0,5,0,4,0,79,41
"3081",0,0,0,0,0,0,0,0,0,0,0,0,0,0,0,0,0,0,0,0,0,0,0,0,0,0,0,0,0
"3082",1,1,6,1,1,5,1,1,1,1,1,1,1,1,1,1,1,4,5,2,4,2,0,5,4,2,1,5,4
"3083",2,1,8,1,1,10,1,1,1,1,6,1,1,5,1,1,1,2,0,0,5,4,5,2,5,2,1,7,9
"3084",3,1,12,1,1,10,1,6,1,1,8,1,1,10,1,1,1,4,5,0,5,0,0,4,5,2,3,11,14
"3085",4,1,16,1,1,10,1,6,5,1,12,1,1,10,1,6,1,4,1,4,1,4,0,4,4,2,4,15,18
"3086",5,1,16,1,2,10,1,11,5,1,16,1,1,10,1,6,5,1,0,0,4,5,1,1,5,4,3,16,23
"3087",6,1,16,5,2,11,1,11,5,1,16,1,2,10,1,11,5,4,1,0,1,0,0,4,1,3,1,20,24
"3088",7,1,21,5,2,15,1,11,5,1,16,5,2,11,1,11,5,3,5,4,3,4,0,5,4,2,1,25,28
"3089",8,1,1,8,2,15,8,11,5,1,21,5,2,15,1,11,5,3,0,0,2,1,4,3,2,3,2,8,35
"3090",9,1,1,8,3,19,8,11,5,1,1,8,2,15,8,11,5,1,4,0,4,0,0,1,4,4,1,9,39
"3091",10,1,6,8,3,22,14,11,5,1,1,8,3,19,8,11,5,6,5,6,6,6,0,5,6,2,2,14,48
"3092",11,4,17,8,3,9,14,11,5,1,6,8,3,22,14,11,5,6,0,0,3,4,6,6,6,2,1,28,35
"3093",12,4,21,8,3,9,14,11,5,4,17,8,3,9,14,11,5,3,4,0,3,0,0,4,0,2,0,32,35
"3094",0,0,0,0,0,0,0,0,0,0,0,0,0,0,0,0,0,0,0,0,0,0,0,0,0,0,0,0,0
"3095",1,5,1,1,1,1,1,5,1,1,1,1,1,1,1,1,1,4,2,4,2,4,0,4,4,1,3,4,4
"3096",2,5,3,1,1,1,4,5,1,5,1,1,1,1,1,5,1,2,0,0,3,1,3,2,3,2,2,6,7
"3097",3,5,3,4,1,1,5,5,1,5,3,1,1,1,4,5,1,1,3,0,1,0,0,3,1,3,2,9,8
"3098",4,5,9,4,4,4,5,5,1,5,3,4,1,1,5,5,1,5,3,6,5,3,0,6,3,2,1,18,11
"3099",5,5,9,4,9,4,8,5,1,5,9,4,4,4,5,5,1,5,0,0,5,1,3,5,3,4,2,23,14
"3100",6,5,14,4,9,5,8,5,1,5,9,4,9,4,8,5,1,5,1,0,1,0,0,5,1,2,1,28,15
"3101",7,5,14,8,9,5,11,5,1,5,14,4,9,5,8,5,1,4,3,1,3,1,0,4,3,3,2,32,18
"3102",8,5,14,9,9,5,11,9,1,5,14,8,9,5,11,5,1,1,0,0,4,4,2,1,4,3,3,33,22
"3103",9,9,14,9,9,7,11,9,1,5,14,9,9,5,11,9,1,4,2,0,2,0,0,4,2,1,1,37,24
"3104",10,9,14,14,9,7,11,9,4,9,14,9,9,7,11,9,1,5,3,1,3,1,0,5,3,3,4,42,27
"3105",11,10,14,14,9,7,16,9,4,9,14,14,9,7,11,9,4,1,0,0,5,4,6,1,5,1,2,43,32
"3106",12,16,14,14,15,7,16,9,4,10,14,14,9,7,16,9,4,4,6,0,4,0,0,6,0,4,0,55,32
"3107",0,0,0,0,0,0,0,0,0,0,0,0,0,0,0,0,0,0,0,0,0,0,0,0,0,0,0,0,0
"3108",1,1,1,6,1,1,1,3,1,1,1,1,1,1,1,1,1,1,2,5,1,2,0,5,2,3,3,5,2
"3109",2,2,1,6,1,1,6,3,1,1,1,6,1,1,1,3,1,1,0,0,5,1,3,1,5,1,2,6,7
"3110",3,2,1,6,4,1,6,4,1,2,1,6,1,1,6,3,1,1,3,0,1,0,0,3,1,4,3,9,8
"3111",4,4,7,6,4,1,6,6,1,2,1,6,4,1,6,4,1,2,2,6,2,2,0,6,2,2,3,17,10
"3112",5,4,7,8,4,1,6,11,1,4,7,6,4,1,6,6,1,2,0,0,5,3,1,2,5,3,3,19,15
"3113",6,4,10,8,4,1,7,11,1,4,7,8,4,1,6,11,1,3,1,0,1,0,0,3,1,2,2,22,16
"3114",7,4,10,8,13,1,7,11,6,4,10,8,4,1,7,11,1,3,6,5,3,5,0,6,5,4,4,31,21
"3115",8,4,13,8,13,1,7,15,6,4,10,8,13,1,7,11,6,3,0,0,1,2,4,3,4,2,3,34,25
"3116",9,5,13,8,13,3,7,15,6,4,13,8,13,1,7,15,6,1,2,0,2,0,0,1,2,1,1,35,27
"3117",10,5,13,8,16,3,7,17,6,5,13,8,13,3,7,15,6,1,2,3,1,2,0,3,2,4,3,38,29
"3118",11,5,13,9,16,3,7,22,6,5,13,8,16,3,7,17,6,1,0,0,5,6,1,1,5,3,3,39,34
"3119",12,7,13,9,28,3,7,22,6,5,13,9,16,3,7,22,6,6,1,0,1,0,0,6,0,4,0,53,34
"3120",0,0,0,0,0,0,0,0,0,0,0,0,0,0,0,0,0,0,0,0,0,0,0,0,0,0,0,0,0
"3121",1,6,1,1,1,1,1,1,2,1,1,1,1,1,1,1,1,2,1,5,2,1,0,5,1,1,4,5,1
"3122",2,8,1,1,1,1,1,1,7,6,1,1,1,1,1,1,2,2,0,0,5,4,3,2,5,1,4,7,6
"3123",3,12,1,1,1,1,4,1,7,8,1,1,1,1,1,1,7,4,3,0,3,0,0,4,3,1,2,11,9
"3124",4,17,1,1,1,6,4,1,7,12,1,1,1,1,4,1,7,2,5,5,2,5,0,5,5,1,1,16,14
"3125",5,17,1,3,1,6,7,1,7,17,1,1,1,6,4,1,7,2,0,0,6,3,3,2,3,3,2,18,17
"3126",6,23,3,3,1,9,7,1,7,17,1,3,1,6,7,1,7,6,3,0,3,0,0,6,3,1,1,26,20
"3127",7,23,6,3,1,9,7,3,7,23,3,3,1,9,7,1,7,3,2,3,2,3,0,3,2,2,3,29,22
"3128",8,1,6,3,4,14,7,5,7,23,6,3,1,9,7,3,7,3,0,0,2,5,6,3,2,4,3,10,29
"3129",9,1,6,9,7,19,7,5,7,1,6,3,4,14,7,5,7,5,6,0,5,0,0,6,5,3,1,19,34
"3130",10,1,6,19,7,23,7,5,7,1,6,9,7,19,7,5,7,6,4,4,4,4,0,6,4,3,1,29,38
"3131",11,16,6,19,13,1,10,5,7,1,6,19,7,23,7,5,7,4,0,0,6,3,3,4,3,1,2,50,19
"3132",12,16,12,24,13,1,10,5,7,16,6,19,13,1,10,5,7,6,3,0,3,0,0,6,0,2,0,61,19
"3133",0,0,0,0,0,0,0,0,0,0,0,0,0,0,0,0,0,0,0,0,0,0,0,0,0,0,0,0,0
"3134",1,9,1,1,1,1,4,1,1,1,1,1,1,1,1,1,1,3,3,6,3,3,0,6,3,1,2,8,3
"3135",2,9,4,1,1,5,4,1,1,9,1,1,1,1,4,1,1,3,0,0,4,2,5,3,4,2,1,11,7
"3136",3,9,9,1,1,5,4,1,3,9,4,1,1,5,4,1,1,2,5,0,2,0,0,5,2,2,4,16,9
"3137",4,9,9,8,1,9,4,1,3,9,9,1,1,5,4,1,3,4,2,6,4,2,0,6,4,3,1,23,13
"3138",5,9,9,8,3,14,4,1,3,9,9,8,1,9,4,1,3,2,0,0,6,1,5,2,5,4,1,25,18
"3139",6,13,9,8,9,15,4,1,3,9,9,8,3,14,4,1,3,6,1,0,1,0,0,6,1,4,1,35,19
"3140",7,13,11,8,9,21,4,1,4,13,9,8,9,15,4,1,3,2,6,6,6,6,0,2,6,2,1,37,26
"3141",8,13,11,10,15,26,4,1,4,13,11,8,9,21,4,1,4,6,0,0,5,3,3,6,5,4,1,45,31
"3142",9,1,1,10,18,31,4,1,7,13,11,10,15,26,4,1,4,3,3,0,3,0,0,3,3,4,1,26,39
"3143",10,1,1,10,20,31,4,3,7,1,1,10,18,31,4,1,7,2,2,2,2,2,0,2,2,4,3,28,41
"3144",11,1,2,10,1,36,4,3,7,1,1,10,20,31,4,3,7,2,0,0,3,2,6,2,3,4,2,10,46
"3145",12,1,2,12,1,36,4,3,7,1,2,10,1,36,4,3,7,2,6,0,6,0,0,2,0,3,0,12,46
"3146",0,0,0,0,0,0,0,0,0,0,0,0,0,0,0,0,0,0,0,0,0,0,0,0,0,0,0,0,0
"3147",1,4,1,1,1,1,3,1,1,1,1,1,1,1,1,1,1,3,2,3,2,3,0,3,2,1,2,3,2
"3148",2,7,1,1,1,2,9,1,1,4,1,1,1,1,3,1,1,3,0,0,6,2,6,3,6,1,2,6,9
"3149",3,7,1,6,7,4,9,1,1,7,1,1,1,2,9,1,1,2,6,0,2,0,0,6,2,4,1,17,11
"3150",4,11,1,6,7,4,14,1,1,7,1,6,7,4,9,1,1,1,5,4,1,5,0,4,5,1,2,21,16
"3151",5,11,1,6,8,4,14,3,1,11,1,6,7,4,14,1,1,1,0,0,3,2,2,1,2,4,3,22,18
"3152",6,11,4,6,8,6,14,3,1,11,1,6,8,4,14,3,1,3,2,0,2,0,0,3,2,2,1,25,20
"3153",7,11,4,6,11,6,14,3,5,11,4,6,8,6,14,3,1,4,3,3,4,3,0,3,4,4,4,28,24
"3154",8,11,7,6,11,6,14,7,5,11,4,6,11,6,14,3,5,3,0,0,4,5,4,3,4,2,3,31,28
"3155",9,11,7,11,11,6,14,7,9,11,7,6,11,6,14,7,5,5,4,0,4,0,0,5,4,3,4,36,32
"3156",10,11,12,11,11,11,14,7,9,11,7,11,11,6,14,7,9,5,1,5,1,5,0,5,5,2,1,41,37
"3157",11,12,12,11,11,16,14,7,9,11,12,11,11,11,14,7,9,1,0,0,2,2,5,1,5,1,1,42,42
"3158",12,12,12,13,11,16,14,7,9,12,12,11,11,16,14,7,9,2,2,0,2,0,0,2,0,3,0,44,42
"3159",0,0,0,0,0,0,0,0,0,0,0,0,0,0,0,0,0,0,0,0,0,0,0,0,0,0,0,0,0
"3160",1,1,1,1,6,6,7,1,1,1,1,1,1,1,1,1,1,1,5,6,1,6,0,5,6,4,2,5,11
"3161",2,2,1,1,6,6,7,1,3,1,1,1,6,6,7,1,1,1,0,0,2,4,3,1,2,1,4,6,13
"3162",3,2,4,1,6,6,7,5,3,2,1,1,6,6,7,1,3,4,3,0,4,0,0,3,4,2,3,9,17
"3163",4,8,9,1,6,10,7,5,3,2,4,1,6,6,7,5,3,1,6,4,1,4,0,6,4,1,1,20,21
"3164",5,9,9,1,6,17,7,5,3,8,9,1,6,10,7,5,3,1,0,0,6,6,4,1,6,1,1,21,28
"3165",6,9,20,1,6,21,7,5,3,9,9,1,6,17,7,5,3,6,4,0,4,0,0,6,4,2,1,32,32
"3166",7,12,20,3,6,1,7,5,8,9,20,1,6,21,7,5,3,5,2,4,5,4,0,2,5,3,4,37,17
"3167",8,12,20,3,10,1,7,9,8,12,20,3,6,1,7,5,8,4,0,0,4,3,2,4,4,4,3,41,21
"3168",9,12,20,6,10,1,7,11,8,12,20,3,10,1,7,9,8,3,2,0,2,0,0,3,2,3,3,44,23
"3169",10,12,20,11,10,1,7,15,8,12,20,6,10,1,7,11,8,4,5,4,4,4,0,5,4,3,3,49,27
"3170",11,16,1,11,10,2,8,15,8,12,20,11,10,1,7,15,8,4,0,0,2,6,1,4,1,1,1,34,29
"3171",12,16,3,11,10,2,8,15,8,16,1,11,10,2,8,15,8,2,6,0,6,0,0,2,0,2,0,36,29
"3172",0,0,0,0,0,0,0,0,0,0,0,0,0,0,0,0,0,0,0,0,0,0,0,0,0,0,0,0,0
"3173",1,1,1,1,6,1,4,1,1,1,1,1,1,1,1,1,1,3,4,5,3,4,0,5,3,4,2,5,3
"3174",2,5,1,1,6,1,10,5,1,1,1,1,6,1,4,1,1,4,0,0,4,6,3,4,6,1,2,9,13
"3175",3,5,1,4,6,5,10,5,1,5,1,1,6,1,10,5,1,4,3,0,4,0,0,3,4,3,1,12,17
"3176",4,5,12,4,12,5,10,5,2,5,1,4,6,5,10,5,1,1,6,4,1,4,0,6,1,4,4,29,18
"3177",5,9,12,4,12,5,10,5,3,5,12,4,12,5,10,5,2,4,0,0,1,3,2,4,1,1,4,33,19
"3178",6,9,12,7,12,5,10,7,3,9,12,4,12,5,10,5,3,3,2,0,2,0,0,3,2,3,3,36,21
"3179",7,9,12,12,12,5,13,7,3,9,12,7,12,5,10,7,3,5,1,3,1,3,0,5,3,3,2,41,24
"3180",8,9,13,12,12,7,13,7,3,9,12,12,12,5,13,7,3,1,0,0,4,2,2,1,2,2,1,42,26
"3181",9,9,17,12,12,9,13,7,3,9,13,12,12,7,13,7,3,4,2,0,2,0,0,4,2,2,1,46,28
"3182",10,13,17,12,12,11,13,7,3,9,17,12,12,9,13,7,3,4,2,2,2,2,0,4,2,1,1,50,30
"3183",11,15,17,12,12,23,13,7,5,13,17,12,12,11,13,7,3,2,0,0,6,1,4,2,6,1,1,52,44
"3184",12,15,17,13,12,23,13,7,5,15,17,12,12,23,13,7,5,1,4,0,4,0,0,1,0,3,0,53,44
"3185",0,0,0,0,0,0,0,0,0,0,0,0,0,0,0,0,0,0,0,0,0,0,0,0,0,0,0,0,0
"3186",1,1,1,5,1,7,1,1,5,1,1,1,1,1,1,1,1,4,2,6,2,6,0,4,6,3,1,4,10
"3187",2,1,1,7,1,7,1,1,8,1,1,5,1,7,1,1,5,2,0,0,4,5,3,2,3,3,4,6,13
"3188",3,1,6,7,1,7,1,1,12,1,1,7,1,7,1,1,8,4,5,0,4,0,0,5,4,2,4,11,17
"3189",4,1,6,12,1,13,5,1,12,1,6,7,1,7,1,1,12,6,5,2,6,2,0,5,6,3,1,16,27
"3190",5,1,6,14,1,17,5,1,12,1,6,12,1,13,5,1,12,2,0,0,3,3,4,2,4,3,1,18,31
"3191",6,1,6,17,1,17,5,4,12,1,6,14,1,17,5,1,12,3,3,0,3,0,0,3,3,3,3,21,34
"3192",7,1,9,17,1,21,5,4,12,1,6,17,1,17,5,4,12,3,4,6,4,6,0,3,4,2,1,24,38
"3193",8,1,14,23,1,21,1,4,16,1,9,17,1,21,5,4,12,6,0,0,4,1,5,6,4,3,4,35,38
"3194",9,1,14,28,1,21,1,4,17,1,14,23,1,21,1,4,16,1,5,0,1,0,0,5,1,3,4,40,39
"3195",10,1,14,32,3,1,3,4,17,1,14,28,1,21,1,4,17,5,2,2,5,2,0,2,2,4,2,46,21
"3196",11,6,14,32,3,6,3,4,17,1,14,32,3,1,3,4,17,5,0,0,5,2,5,5,5,1,1,51,26
"3197",12,6,14,37,3,6,3,4,17,6,14,32,3,6,3,4,17,2,5,0,2,0,0,5,0,3,0,56,26
"3198",0,0,0,0,0,0,0,0,0,0,0,0,0,0,0,0,0,0,0,0,0,0,0,0,0,0,0,0,0
"3199",1,5,1,1,1,1,1,1,4,1,1,1,1,1,1,1,1,4,3,1,3,1,0,4,3,1,4,4,3
"3200",2,5,2,1,1,4,1,1,4,5,1,1,1,1,1,1,4,1,0,0,6,3,2,1,3,2,1,5,6
"3201",3,5,8,6,1,4,1,1,6,5,2,1,1,4,1,1,4,6,2,0,2,0,0,6,2,2,4,16,8
"3202",4,5,8,11,1,4,2,1,6,5,8,6,1,4,1,1,6,5,1,2,1,2,0,5,1,3,2,21,9
"3203",5,5,8,13,1,4,2,1,10,5,8,11,1,4,2,1,6,2,0,0,6,4,3,2,4,3,4,23,13
"3204",6,13,8,13,1,4,2,4,10,5,8,13,1,4,2,1,10,6,3,0,3,0,0,6,3,1,3,31,16
"3205",7,13,8,13,6,4,2,4,14,13,8,13,1,4,2,4,10,5,3,4,3,4,0,5,4,4,4,36,20
"3206",8,13,8,13,9,7,2,4,14,13,8,13,6,4,2,4,14,3,0,0,3,3,1,3,3,4,1,39,23
"3207",9,13,8,16,9,7,2,5,14,13,8,13,9,7,2,4,14,3,1,0,1,0,0,3,1,3,3,42,24
"3208",10,17,14,16,9,8,2,5,14,13,8,16,9,7,2,5,14,1,6,1,1,1,0,6,1,2,1,52,25
"3209",11,17,15,16,9,8,2,5,19,17,14,16,9,8,2,5,14,1,0,0,5,6,1,1,5,2,4,53,30
"3210",12,17,15,17,9,8,2,5,19,17,15,16,9,8,2,5,19,6,1,0,6,0,0,1,0,3,0,54,30
"3211",0,0,0,0,0,0,0,0,0,0,0,0,0,0,0,0,0,0,0,0,0,0,0,0,0,0,0,0,0
"3212",1,1,2,7,1,7,1,1,7,1,1,1,1,1,1,1,1,1,6,6,1,6,0,6,6,3,4,7,12
"3213",2,2,2,7,1,7,1,6,7,1,2,7,1,7,1,1,7,1,0,0,1,3,5,1,5,1,3,8,17
"3214",3,2,5,7,1,7,2,6,7,2,2,7,1,7,1,6,7,1,3,0,1,0,0,3,1,2,2,11,18
"3215",4,2,8,7,1,7,2,7,7,2,5,7,1,7,2,6,7,3,1,1,1,1,0,3,1,2,3,14,19
"3216",5,2,8,7,2,7,2,10,7,2,8,7,1,7,2,7,7,1,0,0,3,1,3,1,3,4,3,15,22
"3217",6,2,8,10,2,8,2,10,7,2,8,7,2,7,2,10,7,1,3,0,1,0,0,3,1,3,1,18,23
"3218",7,2,8,15,2,14,6,10,7,2,8,10,2,8,2,10,7,5,2,6,2,6,0,5,6,3,1,23,33
"3219",8,4,8,15,2,15,6,16,7,2,8,15,2,14,6,10,7,2,0,0,4,2,6,2,6,1,3,25,40
"3220",9,4,8,19,2,17,6,16,7,4,8,15,2,15,6,16,7,4,2,0,2,0,0,4,2,3,1,29,42
"3221",10,4,12,19,2,17,8,16,7,4,8,19,2,17,6,16,7,2,4,5,2,5,0,4,2,2,2,33,44
"3222",11,4,12,24,2,17,8,19,7,4,12,19,2,17,8,16,7,5,0,0,3,2,5,5,3,3,3,38,47
"3223",12,4,12,29,2,17,8,19,7,4,12,24,2,17,8,19,7,2,5,0,2,0,0,5,0,3,0,43,47
"3224",0,0,0,0,0,0,0,0,0,0,0,0,0,0,0,0,0,0,0,0,0,0,0,0,0,0,0,0,0
"3225",1,1,3,1,1,1,1,1,2,1,1,1,1,1,1,1,1,1,2,1,1,1,0,2,1,2,4,2,1
"3226",2,2,3,1,1,1,7,2,2,1,3,1,1,1,1,1,2,1,0,0,6,6,1,1,6,1,2,3,8
"3227",3,2,6,7,1,2,7,2,2,2,3,1,1,1,7,2,2,6,1,0,1,0,0,6,1,3,1,12,9
"3228",4,6,6,7,1,2,9,2,2,2,6,7,1,2,7,2,2,1,4,2,1,2,0,4,2,1,2,16,11
"3229",5,7,6,7,1,2,13,2,2,6,6,7,1,2,9,2,2,1,0,0,2,1,4,1,4,1,2,17,15
"3230",6,7,6,9,1,2,14,2,2,7,6,7,1,2,13,2,2,2,1,0,1,0,0,2,1,3,2,19,16
"3231",7,12,6,9,1,2,14,4,2,7,6,9,1,2,14,2,2,5,1,2,1,2,0,5,2,1,3,24,18
"3232",8,13,6,9,1,2,17,4,2,12,6,9,1,2,14,4,2,1,0,0,2,3,5,1,3,1,2,25,21
"3233",9,13,11,9,1,4,17,4,2,13,6,9,1,2,17,4,2,2,5,0,2,0,0,5,2,2,1,30,23
"3234",10,13,16,9,1,4,21,4,2,13,11,9,1,4,17,4,2,5,4,1,4,1,0,5,4,2,2,35,27
"3235",11,14,16,1,1,4,30,4,2,13,16,9,1,4,21,4,2,1,0,0,1,2,6,1,6,1,2,28,36
"3236",12,15,16,1,1,4,30,4,2,14,16,1,1,4,30,4,2,1,2,0,2,0,0,1,0,1,0,29,36
"3237",0,0,0,0,0,0,0,0,0,0,0,0,0,0,0,0,0,0,0,0,0,0,0,0,0,0,0,0,0
"3238",1,3,1,1,1,3,1,1,1,1,1,1,1,1,1,1,1,2,2,2,2,2,0,2,2,1,1,2,2
"3239",2,5,1,1,1,3,4,1,1,3,1,1,1,3,1,1,1,2,0,0,2,3,5,2,3,1,2,4,5
"3240",3,5,6,1,1,3,4,1,3,5,1,1,1,3,4,1,1,2,5,0,2,0,0,5,2,2,4,9,7
"3241",4,5,15,1,1,3,4,1,13,5,6,1,1,3,4,1,3,1,6,6,1,6,0,6,6,2,4,18,17
"3242",5,5,16,1,1,3,4,1,14,5,15,1,1,3,4,1,13,1,0,0,1,6,3,1,1,2,4,19,18
"3243",6,15,16,1,7,3,4,4,14,5,16,1,1,3,4,1,14,6,3,0,3,0,0,6,3,4,3,35,21
"3244",7,16,16,1,7,3,4,8,14,15,16,1,7,3,4,4,14,2,1,4,2,4,0,1,4,1,3,36,25
"3245",8,18,16,1,7,3,4,8,19,16,16,1,7,3,4,8,14,2,0,0,5,4,6,2,5,1,4,38,30
"3246",9,18,16,1,17,3,4,12,19,18,16,1,7,3,4,8,19,4,6,0,4,0,0,6,4,4,3,48,34
"3247",10,18,16,8,17,3,4,12,20,18,16,1,17,3,4,12,19,1,3,6,1,3,0,6,1,3,4,55,35
"3248",11,18,16,8,20,4,4,12,20,18,16,8,17,3,4,12,20,3,0,0,1,6,2,3,1,4,1,58,36
"3249",12,18,16,8,22,4,4,12,20,18,16,8,20,4,4,12,20,6,2,0,6,0,0,2,0,4,0,60,36
"3250",0,0,0,0,0,0,0,0,0,0,0,0,0,0,0,0,0,0,0,0,0,0,0,0,0,0,0,0,0
"3251",1,1,5,1,1,1,4,1,1,1,1,1,1,1,1,1,1,3,1,4,3,1,0,4,3,2,2,4,3
"3252",2,1,5,2,1,4,4,1,1,1,5,1,1,1,4,1,1,1,0,0,3,3,2,1,3,3,1,5,6
"3253",3,3,5,2,1,4,7,1,1,1,5,2,1,4,4,1,1,3,2,0,3,0,0,2,3,1,2,7,9
"3254",4,3,5,6,1,4,7,3,1,3,5,2,1,4,7,1,1,2,4,2,2,2,0,4,2,3,3,11,11
"3255",5,3,5,8,1,4,13,7,1,3,5,6,1,4,7,3,1,2,0,0,6,3,1,2,6,3,2,13,21
"3256",6,6,5,8,1,4,13,7,2,3,5,8,1,4,13,7,1,3,1,0,1,0,0,3,1,1,4,16,22
"3257",7,6,5,13,1,6,13,7,2,6,5,8,1,4,13,7,2,5,2,4,2,4,0,5,2,3,1,21,24
"3258",8,10,5,13,1,6,14,7,2,6,5,13,1,6,13,7,2,4,0,0,1,2,2,4,1,1,2,25,25
"3259",9,12,5,13,1,8,14,7,2,10,5,13,1,6,14,7,2,2,2,0,2,0,0,2,2,1,1,27,27
"3260",10,12,8,13,1,8,16,7,2,12,5,13,1,8,14,7,2,3,2,2,2,2,0,3,2,2,2,30,29
"3261",11,12,10,13,1,13,16,7,2,12,8,13,1,8,16,7,2,2,0,0,5,3,3,2,5,2,1,32,34
"3262",12,12,10,13,4,13,16,7,2,12,10,13,1,13,16,7,2,3,3,0,3,0,0,3,0,4,0,35,34
"3263",0,0,0,0,0,0,0,0,0,0,0,0,0,0,0,0,0,0,0,0,0,0,0,0,0,0,0,0,0
"3264",1,1,7,1,2,6,1,1,1,1,1,1,1,1,1,1,1,6,5,6,5,6,0,6,5,2,1,7,5
"3265",2,7,7,3,2,6,1,3,1,1,7,1,2,6,1,1,1,6,0,0,6,2,4,6,2,1,3,15,7
"3266",3,9,7,9,2,6,1,3,5,7,7,3,2,6,1,3,1,6,4,0,4,0,0,6,4,3,4,23,11
"3267",4,9,9,9,8,6,2,3,5,9,7,9,2,6,1,3,5,6,1,3,1,3,0,6,1,4,2,31,12
"3268",5,9,9,9,11,6,2,7,5,9,9,9,8,6,2,3,5,3,0,0,2,4,3,3,4,4,3,34,16
"3269",6,9,9,12,11,8,2,7,5,9,9,9,11,6,2,7,5,2,3,0,2,0,0,3,2,3,1,37,18
"3270",7,12,9,12,11,8,2,7,6,9,9,12,11,8,2,7,5,3,1,3,1,3,0,3,1,1,4,40,19
"3271",8,12,12,12,11,8,2,11,6,12,9,12,11,8,2,7,6,3,0,0,4,2,1,3,4,2,3,43,23
"3272",9,14,12,12,11,9,2,11,6,12,12,12,11,8,2,11,6,2,1,0,1,0,0,2,1,1,1,45,24
"3273",10,14,14,18,11,20,2,11,6,14,12,12,11,9,2,11,6,6,6,4,6,4,0,6,6,3,1,53,35
"3274",11,14,14,18,15,20,2,15,6,14,14,18,11,20,2,11,6,4,0,0,4,2,4,4,4,4,3,57,39
"3275",12,18,14,18,15,20,2,15,6,14,14,18,15,20,2,15,6,2,4,0,2,0,0,4,0,1,0,61,39
"3276",0,0,0,0,0,0,0,0,0,0,0,0,0,0,0,0,0,0,0,0,0,0,0,0,0,0,0,0,0
"3277",1,1,1,1,6,1,2,1,1,1,1,1,1,1,1,1,1,5,2,1,2,1,0,5,1,4,2,5,1
"3278",2,1,3,1,6,1,6,1,1,1,1,1,6,1,2,1,1,2,0,0,4,4,1,2,4,2,2,7,5
"3279",3,1,7,1,6,2,6,1,1,1,3,1,6,1,6,1,1,4,1,0,1,0,0,4,1,2,1,11,6
"3280",4,6,7,1,6,2,11,1,1,1,7,1,6,2,6,1,1,2,5,5,2,5,0,5,5,1,2,16,11
"3281",5,6,9,1,6,2,11,5,1,6,7,1,6,2,11,1,1,2,0,0,3,1,4,2,4,2,3,18,15
"3282",6,6,9,4,6,2,11,6,1,6,9,1,6,2,11,5,1,3,1,0,1,0,0,3,1,3,3,21,16
"3283",7,6,9,9,6,2,12,6,1,6,9,4,6,2,11,6,1,1,5,1,1,1,0,5,1,3,2,26,17
"3284",8,6,10,9,6,2,18,6,4,6,9,9,6,2,12,6,1,1,0,0,3,2,6,1,6,2,2,27,26
"3285",9,6,10,9,9,4,18,6,4,6,10,9,6,2,18,6,4,3,2,0,2,0,0,3,2,4,1,30,28
"3286",10,6,12,9,15,4,18,6,9,6,10,9,9,4,18,6,4,2,5,6,2,5,0,6,5,4,4,38,33
"3287",11,8,12,9,15,9,18,6,9,6,12,9,15,4,18,6,9,2,0,0,5,5,2,2,5,1,1,40,38
"3288",12,8,12,9,20,9,18,6,9,8,12,9,15,9,18,6,9,5,2,0,2,0,0,5,0,4,0,45,38
"3289",0,0,0,0,0,0,0,0,0,0,0,0,0,0,0,0,0,0,0,0,0,0,0,0,0,0,0,0,0
"3290",1,1,1,1,6,1,1,5,1,1,1,1,1,1,1,1,1,4,1,5,4,1,0,5,4,4,3,5,4
"3291",2,1,1,2,6,2,1,5,1,1,1,1,6,1,1,5,1,1,0,0,1,3,6,1,1,3,1,6,5
"3292",3,10,1,8,6,2,1,8,1,1,1,2,6,2,1,5,1,3,6,0,3,0,0,6,3,1,3,21,8
"3293",4,10,2,8,12,4,1,8,1,10,1,8,6,2,1,8,1,6,3,2,3,2,0,6,2,4,1,28,10
"3294",5,10,2,8,15,4,1,11,1,10,2,8,12,4,1,8,1,3,0,0,3,2,1,3,3,4,3,31,13
"3295",6,10,2,10,15,4,1,12,1,10,2,8,15,4,1,11,1,2,1,0,1,0,0,2,1,3,3,33,14
"3296",7,10,2,12,15,8,1,12,1,10,2,10,15,4,1,12,1,4,2,2,4,2,0,2,4,3,1,35,18
"3297",8,10,2,12,17,8,1,19,1,10,2,12,15,8,1,12,1,2,0,0,5,2,6,2,6,4,3,37,25
"3298",9,15,2,12,17,8,3,19,1,10,2,12,17,8,1,19,1,5,2,0,2,0,0,5,2,1,2,42,27
"3299",10,15,18,12,17,11,3,19,1,15,2,12,17,8,3,19,1,3,6,4,3,4,0,6,3,2,1,58,30
"3300",11,15,22,12,17,11,3,23,1,15,18,12,17,11,3,19,1,4,0,0,4,4,3,4,4,2,3,62,34
"3301",12,15,22,15,17,11,3,23,1,15,22,12,17,11,3,23,1,4,3,0,4,0,0,3,0,3,0,65,34
"3302",0,0,0,0,0,0,0,0,0,0,0,0,0,0,0,0,0,0,0,0,0,0,0,0,0,0,0,0,0
"3303",1,7,1,1,2,1,1,1,2,1,1,1,1,1,1,1,1,1,3,6,1,3,0,6,1,1,4,7,1
"3304",2,10,1,1,2,1,1,4,2,7,1,1,2,1,1,1,2,3,0,0,3,6,1,3,3,1,3,10,4
"3305",3,12,1,7,2,1,2,4,2,10,1,1,2,1,1,4,2,6,1,0,1,0,0,6,1,3,2,18,5
"3306",4,12,1,9,8,5,2,4,2,12,1,7,2,1,2,4,2,1,6,4,1,4,0,6,4,4,1,26,9
"3307",5,12,1,10,8,5,2,4,6,12,1,9,8,5,2,4,2,1,0,0,3,4,6,1,4,3,4,27,13
"3308",6,13,7,10,8,5,2,7,6,12,1,10,8,5,2,4,6,3,6,0,3,0,0,6,3,2,3,34,16
"3309",7,13,11,10,8,5,2,7,9,13,7,10,8,5,2,7,6,4,3,3,3,3,0,4,3,2,4,38,19
"3310",8,13,11,10,11,8,2,7,9,13,11,10,8,5,2,7,9,3,0,0,3,3,4,3,3,4,1,41,22
"3311",9,13,11,14,11,8,2,7,12,13,11,10,11,8,2,7,9,3,4,0,3,0,0,4,3,3,4,45,25
"3312",10,13,11,14,13,8,2,11,12,13,11,14,11,8,2,7,12,2,4,4,4,4,0,2,4,4,3,47,29
"3313",11,17,11,14,13,12,2,11,12,13,11,14,13,8,2,11,12,4,0,0,4,6,1,4,4,1,1,51,33
"3314",12,18,11,14,13,12,2,11,12,17,11,14,13,12,2,11,12,6,1,0,6,0,0,1,0,1,0,52,33
"3315",0,0,0,0,0,0,0,0,0,0,0,0,0,0,0,0,0,0,0,0,0,0,0,0,0,0,0,0,0
"3316",1,1,4,1,1,1,1,1,5,1,1,1,1,1,1,1,1,4,4,3,4,4,0,3,4,2,4,3,4
"3317",2,1,4,1,5,3,1,1,11,1,4,1,1,1,1,1,5,4,0,0,6,4,6,4,6,4,4,7,12
"3318",3,11,4,1,11,3,5,1,11,1,4,1,5,3,1,1,11,4,6,0,4,0,0,6,4,4,2,23,16
"3319",4,11,9,1,11,3,10,1,11,11,4,1,11,3,5,1,11,2,5,5,2,5,0,5,5,2,2,28,21
"3320",5,11,9,1,13,3,11,1,11,11,9,1,11,3,10,1,11,2,0,0,4,1,5,2,1,4,2,30,22
"3321",6,11,9,5,13,3,11,1,16,11,9,1,13,3,11,1,11,4,5,0,5,0,0,4,5,3,4,34,27
"3322",7,11,9,9,13,3,11,5,16,11,9,5,13,3,11,1,16,1,4,4,1,4,0,4,4,3,3,38,31
"3323",8,11,9,9,14,3,11,5,21,11,9,9,13,3,11,5,16,1,0,0,4,5,5,1,5,4,4,39,36
"3324",9,11,14,9,14,3,11,5,25,11,9,9,14,3,11,5,21,4,5,0,4,0,0,5,4,2,4,44,40
"3325",10,11,14,14,14,3,11,5,27,11,14,9,14,3,11,5,25,5,1,2,1,2,0,5,2,3,4,49,42
"3326",11,12,14,14,14,8,11,5,27,11,14,14,14,3,11,5,27,1,0,0,5,6,2,1,5,1,1,50,47
"3327",12,14,14,14,14,8,11,5,27,12,14,14,14,8,11,5,27,6,2,0,6,0,0,2,0,1,0,52,47
"3328",0,0,0,0,0,0,0,0,0,0,0,0,0,0,0,0,0,0,0,0,0,0,0,0,0,0,0,0,0
"3329",1,1,1,4,1,1,1,1,2,1,1,1,1,1,1,1,1,1,3,1,1,1,0,3,1,3,4,3,1
"3330",2,2,1,4,1,1,1,6,2,1,1,4,1,1,1,1,2,1,0,0,3,1,5,1,5,1,3,4,6
"3331",3,5,1,4,1,2,1,6,2,2,1,4,1,1,1,6,2,3,1,0,1,0,0,3,1,1,1,7,7
"3332",4,11,10,4,1,5,1,6,2,5,1,4,1,2,1,6,2,3,5,6,3,5,0,6,3,2,1,22,10
"3333",5,11,10,9,1,5,1,8,2,11,10,4,1,5,1,6,2,5,0,0,2,4,4,5,2,3,3,27,12
"3334",6,11,10,13,1,5,5,8,2,11,10,9,1,5,1,8,2,4,4,0,4,0,0,4,4,3,2,31,16
"3335",7,11,10,13,5,5,5,11,2,11,10,13,1,5,5,8,2,3,4,3,3,3,0,4,3,4,3,35,19
"3336",8,14,10,13,5,5,8,17,2,11,10,13,5,5,5,11,2,3,0,0,6,4,5,3,6,1,3,38,28
"3337",9,19,10,13,5,5,8,21,2,14,10,13,5,5,8,17,2,4,5,0,4,0,0,5,4,1,3,43,32
"3338",10,19,13,13,11,5,8,23,2,19,10,13,5,5,8,21,2,2,1,6,2,1,0,6,2,4,3,52,34
"3339",11,20,13,17,11,5,8,27,1,19,13,13,11,5,8,23,2,1,0,0,4,4,4,1,4,1,3,57,37
"3340",12,24,13,17,11,5,8,27,1,20,13,17,11,5,8,27,1,4,4,0,4,0,0,4,0,1,0,61,37
"3341",0,0,0,0,0,0,0,0,0,0,0,0,0,0,0,0,0,0,0,0,0,0,0,0,0,0,0,0,0
"3342",1,6,1,1,1,1,1,2,1,1,1,1,1,1,1,1,1,1,5,2,1,2,0,5,1,1,3,5,1
"3343",2,6,1,1,3,1,1,3,1,6,1,1,1,1,1,2,1,2,0,0,1,1,3,2,1,4,3,7,2
"3344",3,6,4,1,3,1,2,3,1,6,1,1,3,1,1,3,1,1,3,0,1,0,0,3,1,2,2,10,3
"3345",4,6,4,4,3,3,2,3,1,6,4,1,3,1,2,3,1,3,2,1,2,1,0,3,2,3,1,13,5
"3346",5,6,5,4,3,7,2,3,1,6,4,4,3,3,2,3,1,1,0,0,4,1,4,1,4,2,1,14,9
"3347",6,6,9,4,3,7,2,3,2,6,5,4,3,7,2,3,1,1,4,0,1,0,0,4,1,2,4,18,10
"3348",7,9,15,4,3,10,2,3,2,6,9,4,3,7,2,3,2,1,6,3,1,3,0,6,3,2,1,27,13
"3349",8,9,15,4,4,10,2,8,2,9,15,4,3,10,2,3,2,1,0,0,6,1,5,1,5,4,3,28,18
"3350",9,9,15,10,8,11,2,8,2,9,15,4,4,10,2,8,2,6,1,0,1,0,0,6,1,3,1,38,19
"3351",10,14,15,10,8,13,2,8,2,9,15,10,8,11,2,8,2,2,5,3,2,3,0,5,2,1,1,43,21
"3352",11,17,15,10,8,18,2,8,2,14,15,10,8,13,2,8,2,3,0,0,6,5,5,3,5,1,1,46,26
"3353",12,17,15,15,8,18,2,8,2,17,15,10,8,18,2,8,2,6,5,0,6,0,0,5,0,3,0,51,26
"3354",0,0,0,0,0,0,0,0,0,0,0,0,0,0,0,0,0,0,0,0,0,0,0,0,0,0,0,0,0
"3355",1,4,1,1,1,1,1,1,2,1,1,1,1,1,1,1,1,3,3,1,3,1,0,3,1,1,4,3,1
"3356",2,4,1,1,4,2,7,1,2,4,1,1,1,1,1,1,2,3,0,0,6,2,3,3,6,4,2,6,8
"3357",3,4,4,1,4,2,7,3,2,4,1,1,4,2,7,1,2,2,3,0,2,0,0,3,2,2,3,9,10
"3358",4,4,4,1,8,2,9,3,2,4,4,1,4,2,7,3,2,2,1,4,2,1,0,4,2,4,2,13,12
"3359",5,4,4,1,9,8,9,3,5,4,4,1,8,2,9,3,2,1,0,0,6,1,4,1,6,4,1,14,21
"3360",6,4,4,1,13,9,9,3,5,4,4,1,9,8,9,3,5,1,4,0,1,0,0,4,1,4,1,18,22
"3361",7,9,4,1,13,9,9,5,5,4,4,1,13,9,9,3,5,5,2,2,2,2,0,5,2,1,3,23,24
"3362",8,9,4,1,15,9,14,5,5,9,4,1,13,9,9,5,5,2,0,0,5,4,5,2,5,4,2,25,29
"3363",9,14,4,1,15,9,14,9,5,9,4,1,15,9,14,5,5,4,5,0,4,0,0,5,4,1,3,30,33
"3364",10,14,9,1,15,9,18,9,5,14,4,1,15,9,14,9,5,4,2,5,4,2,0,5,4,2,2,35,37
"3365",11,14,9,1,17,14,18,9,5,14,9,1,15,9,18,9,5,2,0,0,5,1,3,2,5,4,1,37,42
"3366",12,14,12,1,17,14,18,9,5,14,9,1,17,14,18,9,5,1,3,0,1,0,0,3,0,2,0,40,42
"3367",0,0,0,0,0,0,0,0,0,0,0,0,0,0,0,0,0,0,0,0,0,0,0,0,0,0,0,0,0
"3368",1,1,1,1,5,1,1,5,1,1,1,1,1,1,1,1,1,3,4,4,3,4,0,4,4,4,3,4,4
"3369",2,1,1,1,8,5,1,5,1,1,1,1,5,1,1,5,1,3,0,0,5,4,4,3,4,4,1,7,8
"3370",3,1,1,1,13,5,1,5,5,1,1,1,8,5,1,5,1,5,4,0,4,0,0,5,4,4,4,12,12
"3371",4,4,1,1,13,10,1,5,5,1,1,1,13,5,1,5,5,3,5,5,5,5,0,3,5,1,1,15,17
"3372",5,9,1,1,13,10,1,7,5,4,1,1,13,10,1,5,5,5,0,0,2,2,1,5,2,1,3,20,19
"3373",6,9,1,3,13,10,1,8,5,9,1,1,13,10,1,7,5,2,1,0,1,0,0,2,1,3,3,22,20
"3374",7,18,1,3,13,15,1,8,5,9,1,3,13,10,1,8,5,2,6,5,2,5,0,6,5,1,1,31,25
"3375",8,18,1,5,13,15,1,8,10,18,1,3,13,15,1,8,5,2,0,0,5,6,5,2,5,3,4,33,30
"3376",9,18,1,13,13,15,1,13,10,18,1,5,13,15,1,8,10,6,5,0,5,0,0,6,5,3,3,41,35
"3377",10,18,5,19,19,15,2,13,10,18,1,13,13,15,1,13,10,6,1,1,1,1,0,6,1,3,2,57,36
"3378",11,18,6,19,19,15,7,13,10,18,5,19,19,15,2,13,10,1,0,0,5,6,1,1,5,2,2,58,41
"3379",12,18,6,19,20,15,7,13,10,18,6,19,19,15,7,13,10,6,1,0,6,0,0,1,0,4,0,59,41
"3380",0,0,0,0,0,0,0,0,0,0,0,0,0,0,0,0,0,0,0,0,0,0,0,0,0,0,0,0,0
"3381",1,1,3,1,1,4,1,1,1,1,1,1,1,1,1,1,1,2,1,3,1,3,0,2,3,2,1,2,3
"3382",2,1,3,1,2,4,6,1,1,1,3,1,1,4,1,1,1,1,0,0,5,6,3,1,5,4,2,3,8
"3383",3,1,3,1,10,4,6,4,1,1,3,1,2,4,6,1,1,6,3,0,3,0,0,6,3,4,3,11,11
"3384",4,1,3,5,10,7,6,4,1,1,3,1,10,4,6,4,1,4,3,2,3,2,0,4,3,3,1,15,14
"3385",5,1,3,7,10,7,12,4,7,1,3,5,10,7,6,4,1,2,0,0,6,1,1,2,6,3,2,17,26
"3386",6,1,3,7,11,7,12,5,7,1,3,7,10,7,12,4,7,1,1,0,1,0,0,1,1,4,3,18,27
"3387",7,1,3,7,15,13,12,5,11,1,3,7,11,7,12,5,7,6,3,4,6,3,0,4,6,4,1,22,37
"3388",8,1,6,7,15,18,12,5,11,1,3,7,15,13,12,5,11,3,0,0,5,4,6,3,5,2,1,25,42
"3389",9,1,6,9,1,22,12,5,11,1,6,7,15,18,12,5,11,4,6,0,4,0,0,6,4,4,3,13,46
"3390",10,1,6,11,1,22,12,5,12,1,6,9,1,22,12,5,11,1,6,2,1,6,0,2,1,3,4,15,47
"3391",11,1,12,12,1,27,12,5,12,1,6,11,1,22,12,5,12,6,0,0,5,6,2,6,5,2,1,22,52
"3392",12,1,12,12,3,27,12,5,12,1,12,12,1,27,12,5,12,6,2,0,6,0,0,2,0,4,0,24,52
"3393",0,0,0,0,0,0,0,0,0,0,0,0,0,0,0,0,0,0,0,0,0,0,0,0,0,0,0,0,0
"3394",1,1,1,1,6,1,1,5,1,1,1,1,1,1,1,1,1,5,4,3,4,3,0,5,4,4,3,5,4
"3395",2,1,1,1,9,1,1,5,4,1,1,1,6,1,1,5,1,3,0,0,3,6,1,3,3,4,4,8,7
"3396",3,1,7,1,11,1,2,5,4,1,1,1,9,1,1,5,4,6,1,0,1,0,0,6,1,2,2,16,8
"3397",4,7,7,2,11,1,7,5,4,1,7,1,11,1,2,5,4,2,6,5,2,5,0,6,5,1,2,23,13
"3398",5,9,7,2,11,1,12,5,4,7,7,2,11,1,7,5,4,2,0,0,1,1,5,2,5,1,2,25,18
"3399",6,9,8,2,11,1,12,6,4,9,7,2,11,1,12,5,4,1,1,0,1,0,0,1,1,2,3,26,19
"3400",7,10,8,8,11,3,12,6,4,9,8,2,11,1,12,6,4,6,2,4,2,4,0,6,2,3,1,33,21
"3401",8,10,8,8,15,3,12,9,4,10,8,8,11,3,12,6,4,4,0,0,5,3,3,4,3,4,3,37,24
"3402",9,10,8,13,15,3,15,9,4,10,8,8,15,3,12,9,4,5,3,0,3,0,0,5,3,3,2,42,27
"3403",10,16,16,13,15,7,15,9,4,10,8,13,15,3,15,9,4,6,4,4,4,4,0,6,4,2,1,56,31
"3404",11,16,16,17,15,17,15,9,4,16,16,13,15,7,15,9,4,4,0,0,6,2,5,4,6,3,1,60,41
"3405",12,16,16,19,15,17,15,9,4,16,16,17,15,17,15,9,4,2,5,0,5,0,0,2,0,3,0,62,41
"3406",0,0,0,0,0,0,0,0,0,0,0,0,0,0,0,0,0,0,0,0,0,0,0,0,0,0,0,0,0
"3407",1,6,7,1,1,1,1,3,1,1,1,1,1,1,1,1,1,3,2,6,3,2,0,6,2,2,3,11,2
"3408",2,6,10,1,1,5,1,3,1,6,7,1,1,1,1,3,1,3,0,0,4,5,4,3,4,2,1,14,6
"3409",3,11,10,1,1,5,1,7,1,6,10,1,1,5,1,3,1,5,4,0,4,0,0,5,4,1,3,19,10
"3410",4,11,10,1,5,7,1,7,1,11,10,1,1,5,1,7,1,4,2,1,2,1,0,4,2,4,1,23,12
"3411",5,11,11,1,5,7,4,7,1,11,10,1,5,7,1,7,1,1,0,0,3,4,1,1,3,2,2,24,15
"3412",6,11,11,5,5,7,4,7,2,11,11,1,5,7,4,7,1,4,1,0,1,0,0,4,1,3,4,28,16
"3413",7,11,11,15,5,11,4,7,2,11,11,5,5,7,4,7,2,6,4,2,4,2,0,6,4,3,1,38,20
"3414",8,13,11,15,1,27,4,7,2,11,11,15,5,11,4,7,2,2,0,0,6,6,1,2,6,1,1,36,36
"3415",9,14,17,15,1,27,5,7,2,13,11,15,1,27,4,7,2,6,1,0,1,0,0,6,1,2,2,43,37
"3416",10,18,17,1,1,33,6,7,2,14,17,15,1,27,5,7,2,5,6,6,6,6,0,5,6,3,1,33,44
"3417",11,24,19,1,1,38,1,7,2,18,17,1,1,33,6,7,2,6,0,0,3,5,3,6,5,1,1,41,44
"3418",12,24,19,4,1,38,1,7,2,24,19,1,1,38,1,7,2,3,3,0,3,0,0,3,0,3,0,44,44
"3419",0,0,0,0,0,0,0,0,0,0,0,0,0,0,0,0,0,0,0,0,0,0,0,0,0,0,0,0,0
"3420",1,7,7,1,1,1,7,4,1,1,1,1,1,1,1,1,1,6,6,6,6,6,0,6,6,2,2,12,9
"3421",2,7,9,7,1,1,7,4,4,7,7,1,1,1,7,4,1,6,0,0,2,3,1,6,3,3,4,20,12
"3422",3,7,11,7,1,2,7,4,4,7,9,7,1,1,7,4,4,2,1,0,1,0,0,2,1,2,1,22,13
"3423",4,10,11,7,1,7,7,4,4,7,11,7,1,2,7,4,4,3,5,4,5,4,0,3,5,1,1,25,18
"3424",5,10,11,11,1,7,7,4,7,10,11,7,1,7,7,4,4,4,0,0,3,2,4,4,3,3,4,29,21
"3425",6,10,11,15,1,9,7,4,7,10,11,11,1,7,7,4,7,2,4,0,2,0,0,4,2,3,1,33,23
"3426",7,10,15,15,1,9,7,4,9,10,11,15,1,9,7,4,7,2,1,4,2,1,0,4,2,2,4,37,25
"3427",8,10,15,15,2,9,12,4,9,10,15,15,1,9,7,4,9,1,0,0,2,4,5,1,5,4,2,38,30
"3428",9,14,15,15,2,9,14,4,9,10,15,15,2,9,12,4,9,2,4,0,2,0,0,4,2,1,2,42,32
"3429",10,14,15,19,2,9,14,4,11,14,15,15,2,9,14,4,9,2,2,4,2,2,0,4,2,3,4,46,34
"3430",11,16,15,19,2,9,18,4,11,14,15,19,2,9,14,4,11,2,0,0,4,4,2,2,4,1,2,48,38
"3431",12,20,15,19,2,9,18,4,11,16,15,19,2,9,18,4,11,4,2,0,2,0,0,4,0,1,0,52,38
"3432",0,0,0,0,0,0,0,0,0,0,0,0,0,0,0,0,0,0,0,0,0,0,0,0,0,0,0,0,0
"3433",1,1,1,1,6,1,1,1,3,1,1,1,1,1,1,1,1,2,3,5,2,3,0,5,2,4,4,5,2
"3434",2,1,1,4,6,4,1,1,3,1,1,1,6,1,1,1,3,3,0,0,4,3,1,3,3,3,1,8,5
"3435",3,1,5,4,6,4,2,1,3,1,1,4,6,4,1,1,3,4,1,0,1,0,0,4,1,2,2,12,6
"3436",4,1,5,6,6,8,2,1,3,1,5,4,6,4,2,1,3,2,4,2,4,2,0,2,4,3,1,14,10
"3437",5,3,5,6,6,12,2,1,3,1,5,6,6,8,2,1,3,2,0,0,4,2,5,2,4,1,1,16,14
"3438",6,3,5,11,6,14,2,1,3,3,5,6,6,12,2,1,3,2,5,0,2,0,0,5,2,3,1,21,16
"3439",7,3,9,11,6,14,6,1,3,3,5,11,6,14,2,1,3,4,4,4,4,4,0,4,4,2,2,25,20
"3440",8,3,13,11,6,14,15,1,3,3,9,11,6,14,6,1,3,4,0,0,1,3,6,4,6,2,2,29,29
"3441",9,3,13,14,6,14,16,1,3,3,13,11,6,14,15,1,3,1,3,0,1,0,0,3,1,3,2,32,30
"3442",10,9,15,14,6,15,16,1,3,3,13,14,6,14,16,1,3,6,1,1,1,1,0,6,1,1,1,40,31
"3443",11,10,15,14,6,19,16,1,3,9,15,14,6,15,16,1,3,1,0,0,4,6,4,1,4,1,1,41,35
"3444",12,10,19,14,6,19,16,1,3,10,15,14,6,19,16,1,3,6,4,0,6,0,0,4,0,2,0,45,35
"3445",0,0,0,0,0,0,0,0,0,0,0,0,0,0,0,0,0,0,0,0,0,0,0,0,0,0,0,0,0
"3446",1,7,1,1,9,1,1,1,3,1,1,1,1,1,1,1,1,2,6,2,2,2,0,6,2,1,4,14,2
"3447",2,7,1,3,9,1,2,1,3,7,1,1,9,1,1,1,3,2,0,0,5,1,2,2,1,3,2,16,3
"3448",3,7,1,8,9,1,4,1,3,7,1,3,9,1,2,1,3,5,2,0,2,0,0,5,2,3,2,21,5
"3449",4,7,6,8,9,1,4,5,3,7,1,8,9,1,4,1,3,4,4,5,4,4,0,5,4,2,3,26,9
"3450",5,7,6,12,9,1,4,7,3,7,6,8,9,1,4,5,3,4,0,0,2,5,2,4,2,3,3,30,11
"3451",6,9,6,12,9,1,9,7,3,7,6,12,9,1,4,7,3,5,2,0,5,0,0,2,5,1,2,32,16
"3452",7,9,7,12,15,1,9,9,3,9,6,12,9,1,9,7,3,6,2,3,2,3,0,6,2,4,3,39,18
"3453",8,12,7,12,15,5,9,9,3,9,7,12,15,1,9,9,3,3,0,0,1,4,6,3,4,1,1,42,22
"3454",9,18,7,17,15,5,9,10,3,12,7,12,15,5,9,9,3,1,6,0,1,0,0,6,1,1,3,53,23
"3455",10,18,13,17,20,5,14,10,3,18,7,17,15,5,9,10,3,6,5,5,5,5,0,6,5,2,2,64,28
"3456",11,18,18,17,20,15,14,10,3,18,13,17,20,5,14,10,3,5,0,0,6,2,3,5,6,2,1,69,38
"3457",12,18,18,20,20,15,14,10,3,18,18,17,20,15,14,10,3,2,3,0,2,0,0,3,0,3,0,72,38
"3458",0,0,0,0,0,0,0,0,0,0,0,0,0,0,0,0,0,0,0,0,0,0,0,0,0,0,0,0,0
"3459",1,6,1,1,1,1,1,5,1,1,1,1,1,1,1,1,1,4,4,5,4,4,0,5,4,1,3,5,4
"3460",2,10,1,1,1,1,1,5,2,6,1,1,1,1,1,5,1,4,0,0,4,3,1,4,1,1,4,9,5
"3461",3,10,1,1,5,4,1,5,2,10,1,1,1,1,1,5,2,4,3,0,3,0,0,4,3,4,1,13,8
"3462",4,10,9,1,5,4,2,5,2,10,1,1,5,4,1,5,2,3,1,6,3,1,0,6,1,2,2,21,9
"3463",5,10,9,4,5,4,2,5,13,10,9,1,5,4,2,5,2,3,0,0,6,6,2,3,6,3,4,24,20
"3464",6,20,9,7,5,4,3,5,13,10,9,4,5,4,2,5,13,6,2,0,2,0,0,6,2,1,2,37,21
"3465",7,20,9,11,11,5,3,5,13,20,9,7,5,4,3,5,13,1,1,6,1,1,0,6,1,4,1,47,22
"3466",8,20,9,11,12,7,3,5,13,20,9,11,11,5,3,5,13,1,0,0,2,4,1,1,2,4,1,48,24
"3467",9,20,9,11,16,8,3,5,13,20,9,11,12,7,3,5,13,4,1,0,1,0,0,4,1,4,1,52,25
"3468",10,20,14,11,16,8,3,5,18,20,9,11,16,8,3,5,13,5,2,5,2,5,0,5,5,2,4,57,30
"3469",11,20,14,13,16,9,3,5,18,20,14,11,16,8,3,5,18,2,0,0,1,6,3,2,1,3,1,59,31
"3470",12,26,14,13,19,9,3,5,18,20,14,13,16,9,3,5,18,6,3,0,3,0,0,6,0,1,0,68,31
"3471",0,0,0,0,0,0,0,0,0,0,0,0,0,0,0,0,0,0,0,0,0,0,0,0,0,0,0,0,0
"3472",1,1,1,1,5,1,1,2,1,1,1,1,1,1,1,1,1,4,1,2,1,2,0,4,1,4,3,4,1
"3473",2,1,3,1,5,1,6,2,1,1,1,1,5,1,1,2,1,2,0,0,2,4,5,2,5,2,2,6,6
"3474",3,1,7,1,5,1,6,2,3,1,3,1,5,1,6,2,1,2,4,0,2,0,0,4,2,2,4,10,8
"3475",4,3,7,7,5,6,6,8,3,1,7,1,5,1,6,2,3,6,5,6,5,6,0,6,6,3,3,18,19
"3476",5,3,7,7,10,6,6,8,7,3,7,7,5,6,6,8,3,5,0,0,4,3,5,5,4,4,4,23,23
"3477",6,8,7,7,10,9,6,8,7,3,7,7,10,6,6,8,7,3,5,0,3,0,0,5,3,1,1,28,26
"3478",7,9,7,7,16,9,10,8,7,8,7,7,10,9,6,8,7,4,6,4,4,4,0,6,4,4,2,35,30
"3479",8,9,7,11,16,9,10,8,8,9,7,7,16,9,10,8,7,4,0,0,1,2,5,4,1,3,4,39,31
"3480",9,14,7,11,16,9,12,8,8,9,7,11,16,9,10,8,8,2,5,0,2,0,0,5,2,1,2,44,33
"3481",10,19,7,11,16,12,12,8,8,14,7,11,16,9,12,8,8,3,5,5,3,5,0,5,3,1,1,49,36
"3482",11,19,12,11,16,15,12,8,8,19,7,11,16,12,12,8,8,5,0,0,3,4,4,5,3,2,1,54,39
"3483",12,19,16,11,16,15,12,8,8,19,12,11,16,15,12,8,8,4,4,0,4,0,0,4,0,2,0,58,39
"3484",0,0,0,0,0,0,0,0,0,0,0,0,0,0,0,0,0,0,0,0,0,0,0,0,0,0,0,0,0
"3485",1,5,1,1,7,1,1,1,10,1,1,1,1,1,1,1,1,6,5,6,5,6,0,6,6,4,4,10,9
"3486",2,5,1,1,12,7,6,1,10,5,1,1,7,1,1,1,10,5,0,0,6,6,2,5,6,4,1,15,20
"3487",3,5,6,7,12,9,6,1,10,5,1,1,12,7,6,1,10,6,2,0,2,0,0,6,2,3,1,26,22
"3488",4,10,6,7,12,13,6,1,10,5,6,7,12,9,6,1,10,5,4,4,4,4,0,5,4,1,1,31,26
"3489",5,10,6,11,12,13,6,1,11,10,6,7,12,13,6,1,10,4,0,0,1,2,1,4,1,3,4,35,27
"3490",6,10,6,11,14,13,7,1,11,10,6,11,12,13,6,1,11,2,1,0,1,0,0,2,1,4,2,37,28
"3491",7,10,10,11,14,13,7,4,11,10,6,11,14,13,7,1,11,4,3,1,3,1,0,4,3,2,3,41,31
"3492",8,10,10,12,14,19,7,9,11,10,10,11,14,13,7,4,11,1,0,0,2,6,4,1,6,3,1,42,42
"3493",9,14,10,12,14,19,9,9,11,10,10,12,14,19,7,9,11,2,4,0,2,0,0,4,2,1,2,46,44
"3494",10,19,10,12,14,19,9,10,11,14,10,12,14,19,9,9,11,1,5,1,1,1,0,5,1,1,3,51,45
"3495",11,20,10,12,14,24,15,10,11,19,10,12,14,19,9,10,11,1,0,0,6,6,4,1,6,1,2,52,56
"3496",12,20,10,18,16,24,15,10,11,20,10,12,14,24,15,10,11,6,4,0,4,0,0,6,0,3,0,60,56
"3497",0,0,0,0,0,0,0,0,0,0,0,0,0,0,0,0,0,0,0,0,0,0,0,0,0,0,0,0,0
"3498",1,4,1,7,1,1,1,6,1,1,1,1,1,1,1,1,1,6,2,5,2,5,0,6,5,3,3,9,5
"3499",2,4,1,7,3,7,7,10,1,4,1,7,1,1,1,6,1,2,0,0,3,6,1,2,6,4,1,11,21
"3500",3,4,1,7,6,7,8,10,1,4,1,7,3,7,7,10,1,3,1,0,1,0,0,3,1,4,2,14,22
"3501",4,4,1,7,11,7,11,10,1,4,1,7,6,7,8,10,1,5,3,2,3,2,0,5,3,4,2,19,25
"3502",5,4,1,9,11,7,12,10,7,4,1,7,11,7,11,10,1,2,0,0,6,6,5,2,6,3,4,21,32
"3503",6,6,1,9,17,7,12,15,7,4,1,9,11,7,12,10,7,6,5,0,5,0,0,6,5,4,3,29,37
"3504",7,6,1,9,21,14,12,15,13,6,1,9,17,7,12,15,7,4,2,6,2,6,0,4,6,4,1,33,50
"3505",8,8,1,9,21,14,16,15,13,6,1,9,21,14,12,15,13,2,0,0,4,3,6,2,4,1,2,35,54
"3506",9,8,1,12,27,17,16,15,13,8,1,9,21,14,16,15,13,3,6,0,3,0,0,6,3,4,1,44,57
"3507",10,8,4,12,33,17,16,3,1,8,1,12,27,17,16,15,13,4,2,4,2,4,0,4,2,4,3,53,33
"3508",11,8,8,12,33,21,16,3,1,8,4,12,33,17,16,3,1,4,0,0,4,3,1,4,4,2,1,57,37
"3509",12,8,9,12,33,21,16,3,1,8,8,12,33,21,16,3,1,3,1,0,3,0,0,1,0,2,0,58,37
"3510",0,0,0,0,0,0,0,0,0,0,0,0,0,0,0,0,0,0,0,0,0,0,0,0,0,0,0,0,0
"3511",1,1,3,1,1,7,6,1,1,1,1,1,1,1,1,1,1,2,4,6,4,6,0,2,6,2,1,2,11
"3512",2,5,3,1,1,7,8,1,1,1,3,1,1,7,6,1,1,4,0,0,4,2,1,4,2,1,2,6,13
"3513",3,9,3,1,1,7,8,1,2,5,3,1,1,7,8,1,1,4,1,0,1,0,0,4,1,1,4,10,14
"3514",4,9,6,1,1,7,8,2,2,9,3,1,1,7,8,1,2,1,1,3,1,1,0,3,1,2,3,13,15
"3515",5,9,7,1,1,8,8,2,2,9,6,1,1,7,8,2,2,1,0,0,1,6,5,1,1,2,1,14,16
"3516",6,9,13,1,2,8,13,2,2,9,7,1,1,8,8,2,2,6,5,0,5,0,0,6,5,2,2,21,21
"3517",7,13,13,1,2,8,13,4,2,9,13,1,2,8,13,2,2,4,2,1,2,1,0,4,2,1,3,25,23
"3518",8,13,13,1,3,8,13,4,4,13,13,1,2,8,13,4,2,1,0,0,2,5,1,1,2,4,4,26,25
"3519",9,13,13,1,8,8,14,4,4,13,13,1,3,8,13,4,4,5,1,0,1,0,0,5,1,4,2,31,26
"3520",10,13,16,1,8,8,14,8,4,13,13,1,8,8,14,4,4,4,3,2,4,2,0,3,4,2,3,34,30
"3521",11,13,18,1,8,8,19,8,4,13,16,1,8,8,14,8,4,2,0,0,5,2,2,2,5,2,2,36,35
"3522",12,13,18,3,8,8,19,8,4,13,18,1,8,8,19,8,4,2,2,0,2,0,0,2,0,3,0,38,35
"3523",0,0,0,0,0,0,0,0,0,0,0,0,0,0,0,0,0,0,0,0,0,0,0,0,0,0,0,0,0
"3524",1,7,1,4,1,1,1,2,1,1,1,1,1,1,1,1,1,2,1,6,2,1,0,6,1,1,3,9,1
"3525",2,7,1,6,1,1,1,7,7,7,1,4,1,1,1,2,1,2,0,0,6,6,4,2,6,3,4,11,12
"3526",3,13,1,7,1,1,1,7,11,7,1,6,1,1,1,7,7,6,4,0,4,0,0,6,4,1,4,18,16
"3527",4,13,1,13,3,1,1,10,11,13,1,7,1,1,1,7,11,3,3,6,3,3,0,6,3,3,3,26,19
"3528",5,13,4,13,3,1,1,11,17,13,1,13,3,1,1,10,11,3,0,0,6,3,5,3,6,2,4,29,26
"3529",6,13,9,13,3,1,1,11,20,13,4,13,3,1,1,11,17,3,5,0,3,0,0,5,3,2,4,34,29
"3530",7,15,9,13,3,1,3,11,20,13,9,13,3,1,1,11,20,2,2,2,2,2,0,2,2,1,2,36,31
"3531",8,15,11,13,3,1,3,11,24,15,9,13,3,1,3,11,20,2,0,0,1,4,6,2,4,2,4,38,35
"3532",9,15,19,19,3,2,3,11,24,15,11,13,3,1,3,11,24,1,6,0,1,0,0,6,1,2,1,52,36
"3533",10,19,19,19,3,2,3,20,24,15,19,19,3,2,3,11,24,4,6,2,6,2,0,4,6,1,3,56,45
"3534",11,19,21,21,3,2,1,26,32,19,19,19,3,2,3,20,24,2,0,0,6,1,4,2,6,2,3,60,57
"3535",12,19,21,22,3,2,1,26,32,19,21,21,3,2,1,26,32,1,4,0,4,0,0,1,0,3,0,61,57
"3536",0,0,0,0,0,0,0,0,0,0,0,0,0,0,0,0,0,0,0,0,0,0,0,0,0,0,0,0,0
"3537",1,5,1,1,1,8,1,1,1,1,1,1,1,1,1,1,1,4,2,6,2,6,0,4,6,1,1,4,7
"3538",2,7,1,1,1,8,1,8,7,5,1,1,1,8,1,1,1,2,0,0,6,1,6,2,6,1,4,6,20
"3539",3,19,1,1,1,8,1,9,7,7,1,1,1,8,1,8,7,1,6,0,1,0,0,6,1,1,3,18,21
"3540",4,19,6,1,1,8,1,9,8,19,1,1,1,8,1,9,7,5,1,1,1,1,0,5,1,2,4,23,22
"3541",5,19,7,1,1,8,1,20,8,19,6,1,1,8,1,9,8,1,0,0,3,6,2,1,6,2,3,24,33
"3542",6,19,10,1,1,8,1,22,8,19,7,1,1,8,1,20,8,3,2,0,2,0,0,3,2,2,3,27,35
"3543",7,25,15,1,1,10,1,22,8,19,10,1,1,8,1,22,8,6,1,2,1,2,0,6,2,1,1,38,37
"3544",8,38,15,1,1,15,1,22,1,25,15,1,1,10,1,22,8,1,0,0,3,5,2,1,5,1,1,51,35
"3545",9,39,16,1,4,17,1,1,1,38,15,1,1,15,1,22,1,3,2,0,2,0,0,3,2,4,1,94,16
"3546",10,39,20,1,4,20,1,1,1,39,16,1,4,17,1,1,1,4,3,1,3,1,0,4,3,2,1,98,19
"3547",11,39,21,1,4,24,1,1,1,39,20,1,4,20,1,1,1,1,0,0,4,2,2,1,4,2,1,99,23
"3548",12,39,21,3,4,24,1,1,1,39,21,1,4,24,1,1,1,2,2,0,2,0,0,2,0,3,0,101,23
"3549",0,0,0,0,0,0,0,0,0,0,0,0,0,0,0,0,0,0,0,0,0,0,0,0,0,0,0,0,0
"3550",1,1,10,1,1,1,5,1,1,1,1,1,1,1,1,1,1,6,4,4,4,4,0,6,4,2,2,9,4
"3551",2,1,10,1,5,1,5,1,5,1,10,1,1,1,5,1,1,4,0,0,4,5,5,4,4,4,4,13,8
"3552",3,1,10,1,10,1,5,6,5,1,10,1,5,1,5,1,5,5,5,0,5,0,0,5,5,4,3,18,13
"3553",4,1,11,7,10,1,5,10,5,1,10,1,10,1,5,6,5,1,4,6,1,4,0,6,4,3,3,25,17
"3554",5,1,12,7,10,1,5,10,8,1,11,7,10,1,5,10,5,1,0,0,1,4,3,1,3,2,4,26,20
"3555",6,1,12,7,14,2,5,10,8,1,12,7,10,1,5,10,8,1,4,0,1,0,0,4,1,4,1,30,21
"3556",7,3,18,7,14,2,5,10,9,1,12,7,14,2,5,10,8,1,1,6,1,1,0,6,1,2,4,38,22
"3557",8,3,18,7,15,4,5,10,9,3,18,7,14,2,5,10,9,1,0,0,4,3,2,1,2,4,1,39,24
"3558",9,7,18,7,15,7,5,10,9,3,18,7,15,4,5,10,9,4,3,0,3,0,0,4,3,1,1,43,27
"3559",10,9,18,13,15,10,5,10,9,7,18,7,15,7,5,10,9,3,6,3,3,3,0,6,3,3,1,51,30
"3560",11,9,21,13,15,13,5,10,9,9,18,13,15,10,5,10,9,3,0,0,3,5,4,3,3,2,1,54,33
"3561",12,9,21,13,19,13,5,10,9,9,21,13,15,13,5,10,9,5,4,0,5,0,0,4,0,4,0,58,33
"3562",0,0,0,0,0,0,0,0,0,0,0,0,0,0,0,0,0,0,0,0,0,0,0,0,0,0,0,0,0
"3563",1,5,13,1,1,1,1,1,3,1,1,1,1,1,1,1,1,2,6,4,2,4,0,6,2,2,4,16,2
"3564",2,5,13,5,1,7,2,1,3,5,13,1,1,1,1,1,3,4,0,0,6,3,1,4,6,3,1,20,9
"3565",3,5,16,5,1,8,2,1,3,5,13,5,1,7,2,1,3,3,1,0,1,0,0,3,1,2,1,23,10
"3566",4,5,16,5,5,8,3,1,3,5,16,5,1,8,2,1,3,4,1,5,1,5,0,4,1,4,2,27,11
"3567",5,10,16,5,5,8,7,1,9,5,16,5,5,8,3,1,3,5,0,0,4,6,3,5,6,1,4,32,21
"3568",6,10,19,5,5,12,7,1,9,10,16,5,5,8,7,1,9,4,3,0,4,0,0,3,4,2,1,35,25
"3569",7,10,19,8,11,13,7,1,9,10,19,5,5,12,7,1,9,1,6,6,1,6,0,6,1,4,1,44,26
"3570",8,10,19,14,12,18,7,1,9,10,19,8,11,13,7,1,9,6,0,0,5,5,2,6,5,3,1,51,31
"3571",9,15,19,14,12,18,7,3,9,10,19,14,12,18,7,1,9,5,2,0,2,0,0,5,2,1,3,56,33
"3572",10,15,19,14,16,21,7,3,9,15,19,14,12,18,7,3,9,4,3,4,3,4,0,4,3,4,1,60,36
"3573",11,19,19,14,16,21,11,3,9,15,19,14,16,21,7,3,9,4,0,0,4,2,4,4,4,1,2,64,40
"3574",12,19,19,16,16,21,11,3,9,19,19,14,16,21,11,3,9,2,4,0,4,0,0,2,0,3,0,66,40
"3575",0,0,0,0,0,0,0,0,0,0,0,0,0,0,0,0,0,0,0,0,0,0,0,0,0,0,0,0,0
"3576",1,6,1,1,1,3,1,1,1,1,1,1,1,1,1,1,1,5,4,2,4,2,0,5,2,1,1,5,2
"3577",2,6,1,1,5,3,6,1,1,6,1,1,1,3,1,1,1,4,0,0,5,5,5,4,5,4,2,9,7
"3578",3,11,1,1,5,3,6,1,6,6,1,1,5,3,6,1,1,5,5,0,5,0,0,5,5,1,4,14,12
"3579",4,11,7,1,7,3,11,1,6,11,1,1,5,3,6,1,6,3,5,6,3,5,0,6,5,2,2,22,17
"3580",5,11,10,1,7,4,17,1,6,11,7,1,7,3,11,1,6,3,0,0,2,6,1,3,6,2,2,25,24
"3581",6,13,10,1,7,5,17,1,6,11,10,1,7,4,17,1,6,2,1,0,1,0,0,2,1,1,1,27,25
"3582",7,13,10,1,12,5,17,6,6,13,10,1,7,5,17,1,6,5,4,5,4,5,0,5,5,4,3,32,30
"3583",8,13,10,1,16,5,17,10,6,13,10,1,12,5,17,6,6,4,0,0,4,2,1,4,4,4,3,36,34
"3584",9,13,10,1,18,5,18,10,6,13,10,1,16,5,17,10,6,2,1,0,1,0,0,2,1,4,2,38,35
"3585",10,18,10,1,18,8,24,10,6,13,10,1,18,5,18,10,6,5,6,6,6,6,0,5,6,1,2,43,44
"3586",11,24,10,3,18,8,24,12,1,18,10,1,18,8,24,10,6,6,0,0,6,2,3,6,2,1,3,51,41
"3587",12,24,16,4,18,8,24,12,1,24,10,3,18,8,24,12,1,6,3,0,3,0,0,6,0,2,0,58,41
"3588",0,0,0,0,0,0,0,0,0,0,0,0,0,0,0,0,0,0,0,0,0,0,0,0,0,0,0,0,0
"3589",1,1,1,1,4,1,1,1,4,1,1,1,1,1,1,1,1,3,3,4,3,4,0,3,3,4,4,3,3
"3590",2,1,5,1,4,7,1,3,4,1,1,1,4,1,1,1,4,4,0,0,3,4,6,4,6,2,1,7,11
"3591",3,5,5,1,4,7,1,6,4,1,5,1,4,7,1,3,4,3,4,0,3,0,0,4,3,1,3,11,14
"3592",4,11,5,1,7,7,1,6,13,5,5,1,4,7,1,6,4,6,6,1,6,1,0,6,6,1,4,20,23
"3593",5,11,5,1,8,12,1,6,13,11,5,1,7,7,1,6,13,1,0,0,6,5,5,1,5,4,1,21,28
"3594",6,11,5,1,15,17,1,6,13,11,5,1,8,12,1,6,13,6,5,0,5,0,0,6,5,4,1,28,33
"3595",7,16,5,1,15,18,1,12,19,11,5,1,15,17,1,6,13,6,1,5,6,1,0,5,6,1,3,33,46
"3596",8,17,5,1,15,20,1,12,19,16,5,1,15,18,1,12,19,1,0,0,2,5,3,1,2,1,1,34,48
"3597",9,17,5,1,20,20,4,12,19,17,5,1,15,20,1,12,19,5,3,0,3,0,0,5,3,4,2,39,51
"3598",10,17,5,5,20,1,4,15,19,17,5,1,20,20,4,12,19,3,5,1,3,5,0,1,3,3,3,43,35
"3599",11,22,5,5,1,10,7,15,19,17,5,5,20,1,4,15,19,5,0,0,6,6,4,5,6,1,2,29,47
"3600",12,25,5,14,1,10,1,15,19,22,5,5,1,10,7,15,19,6,4,0,4,0,0,6,0,3,0,41,41
"3601",0,0,0,0,0,0,0,0,0,0,0,0,0,0,0,0,0,0,0,0,0,0,0,0,0,0,0,0,0
"3602",1,1,3,7,1,1,6,1,1,1,1,1,1,1,1,1,1,6,5,6,5,6,0,6,5,3,2,8,5
"3603",2,1,9,10,1,1,10,1,1,1,3,7,1,1,6,1,1,6,0,0,2,6,4,6,4,2,2,17,9
"3604",3,6,9,10,7,1,12,1,1,1,9,10,1,1,10,1,1,2,6,0,2,0,0,6,2,4,2,28,11
"3605",4,6,9,12,13,1,12,1,3,6,9,10,7,1,12,1,1,2,6,2,2,2,0,6,2,4,4,36,13
"3606",5,8,9,12,13,1,16,1,3,6,9,12,13,1,12,1,3,2,0,0,4,5,1,2,4,1,2,38,17
"3607",6,8,14,12,13,1,16,2,3,8,9,12,13,1,16,1,3,5,1,0,1,0,0,5,1,2,3,43,18
"3608",7,12,14,12,13,1,18,2,3,8,14,12,13,1,16,2,3,2,4,2,2,2,0,4,2,1,2,47,20
"3609",8,12,16,12,13,1,21,2,3,12,14,12,13,1,18,2,3,2,0,0,1,1,3,2,3,2,2,49,23
"3610",9,12,17,12,13,1,22,2,3,12,16,12,13,1,21,2,3,1,1,0,1,0,0,1,1,2,2,50,24
"3611",10,18,18,12,13,1,24,2,3,12,17,12,13,1,22,2,3,3,6,2,3,2,0,6,2,1,2,57,26
"3612",11,18,18,15,13,3,24,2,3,18,18,12,13,1,24,2,3,3,0,0,2,3,4,3,2,3,1,60,28
"3613",12,22,18,15,13,3,24,2,3,18,18,15,13,3,24,2,3,3,4,0,3,0,0,4,0,1,0,64,28
"3614",0,0,0,0,0,0,0,0,0,0,0,0,0,0,0,0,0,0,0,0,0,0,0,0,0,0,0,0,0
"3615",1,7,7,1,2,1,1,6,1,1,1,1,1,1,1,1,1,5,6,2,5,2,0,6,5,1,3,13,5
"3616",2,7,7,3,2,2,1,6,1,7,7,1,2,1,1,6,1,2,0,0,1,4,6,2,1,3,1,15,6
"3617",3,13,8,3,2,2,1,10,1,7,7,3,2,2,1,6,1,4,6,0,4,0,0,6,4,1,3,22,10
"3618",4,13,12,9,8,2,1,21,1,13,8,3,2,2,1,10,1,6,6,5,6,5,0,6,6,3,3,38,21
"3619",5,18,12,9,8,2,1,24,1,13,12,9,8,2,1,21,1,5,0,0,3,1,1,5,3,1,3,43,24
"3620",6,18,12,9,9,3,1,24,1,18,12,9,8,2,1,24,1,1,1,0,1,0,0,1,1,4,1,44,25
"3621",7,18,18,9,14,3,1,25,1,18,12,9,9,3,1,24,1,1,6,4,1,4,0,6,1,2,3,55,26
"3622",8,18,18,9,18,3,3,25,1,18,18,9,14,3,1,25,1,4,0,0,6,1,2,4,2,4,2,59,28
"3623",9,18,18,17,18,3,3,25,2,18,18,9,18,3,3,25,1,6,1,0,1,0,0,6,1,3,4,67,29
"3624",10,18,18,18,18,4,3,25,2,18,18,17,18,3,3,25,2,1,1,4,1,4,0,1,1,3,1,68,30
"3625",11,18,1,26,18,3,1,27,2,18,18,18,18,4,3,25,2,4,0,0,6,4,2,4,2,3,1,59,29
"3626",12,18,1,30,18,3,1,27,2,18,1,26,18,3,1,27,2,6,4,0,6,0,0,4,0,3,0,63,29
"3627",0,0,0,0,0,0,0,0,0,0,0,0,0,0,0,0,0,0,0,0,0,0,0,0,0,0,0,0,0
"3628",1,1,1,5,1,1,1,4,1,1,1,1,1,1,1,1,1,3,3,4,3,3,0,4,3,3,3,4,3
"3629",2,1,4,5,1,7,1,4,3,1,1,5,1,1,1,4,1,3,0,0,1,6,6,3,6,2,1,7,11
"3630",3,7,4,5,5,7,2,4,3,1,4,5,1,7,1,4,3,1,6,0,1,0,0,6,1,1,2,17,12
"3631",4,12,4,5,5,10,2,4,3,7,4,5,5,7,2,4,3,3,5,3,3,3,0,5,3,1,1,22,15
"3632",5,12,4,5,8,10,7,4,3,12,4,5,5,10,2,4,3,3,0,0,1,5,2,3,5,4,2,25,20
"3633",6,14,4,5,8,10,7,4,4,12,4,5,8,10,7,4,3,1,2,0,1,0,0,2,1,1,4,27,21
"3634",7,14,6,5,14,10,7,9,4,14,4,5,8,10,7,4,4,6,1,5,1,5,0,6,5,4,3,35,26
"3635",8,14,6,6,14,11,7,9,4,14,6,5,14,10,7,9,4,1,0,0,6,4,1,1,1,3,1,36,27
"3636",9,14,12,9,14,15,7,9,4,14,6,6,14,11,7,9,4,6,4,0,4,0,0,6,4,2,1,45,31
"3637",10,15,12,9,14,15,7,9,8,14,12,9,14,15,7,9,4,2,4,1,2,4,0,1,4,1,4,46,35
"3638",11,17,12,9,14,15,12,9,8,15,12,9,14,15,7,9,8,2,0,0,2,6,5,2,5,1,2,48,40
"3639",12,17,12,11,14,15,12,9,8,17,12,9,14,15,12,9,8,2,6,0,6,0,0,2,0,3,0,50,40
"3640",0,0,0,0,0,0,0,0,0,0,0,0,0,0,0,0,0,0,0,0,0,0,0,0,0,0,0,0,0
"3641",1,6,1,1,1,1,1,3,1,1,1,1,1,1,1,1,1,2,3,5,2,3,0,5,2,1,3,5,2
"3642",2,6,1,1,4,1,11,3,1,6,1,1,1,1,1,3,1,3,0,0,1,2,6,3,6,4,2,8,12
"3643",3,6,3,1,4,1,11,3,2,6,1,1,4,1,11,3,1,1,2,0,1,0,0,2,1,2,4,10,13
"3644",4,6,7,1,4,1,12,3,2,6,3,1,4,1,11,3,2,4,1,4,1,4,0,4,1,2,2,14,14
"3645",5,6,7,5,4,1,12,3,7,6,7,1,4,1,12,3,2,4,0,0,1,1,5,4,5,3,4,18,19
"3646",6,6,7,6,4,2,12,3,7,6,7,5,4,1,12,3,7,1,1,0,1,0,0,1,1,3,1,19,20
"3647",7,7,7,12,10,2,24,6,7,6,7,6,4,2,12,3,7,6,6,5,6,5,0,6,6,4,2,32,35
"3648",8,1,12,12,10,2,25,6,12,7,7,12,10,2,24,6,7,5,0,0,1,1,3,5,1,2,2,31,41
"3649",9,1,15,12,10,2,25,6,13,1,12,12,10,2,25,6,12,1,3,0,1,0,0,3,1,2,4,34,42
"3650",10,1,16,12,10,2,7,9,25,1,15,12,10,2,25,6,13,2,6,6,2,6,0,6,6,1,4,35,39
"3651",11,1,18,12,10,3,7,9,25,1,16,12,10,2,7,9,25,2,0,0,1,1,2,2,1,2,1,37,40
"3652",12,1,19,12,10,3,7,9,25,1,18,12,10,3,7,9,25,1,2,0,2,0,0,1,0,2,0,38,40
"3653",0,0,0,0,0,0,0,0,0,0,0,0,0,0,0,0,0,0,0,0,0,0,0,0,0,0,0,0,0
"3654",1,1,7,3,1,6,1,1,1,1,1,1,1,1,1,1,1,5,1,6,5,1,0,6,5,2,1,8,5
"3655",2,1,8,3,1,6,4,1,1,1,7,3,1,6,1,1,1,1,0,0,3,3,3,1,3,2,2,9,8
"3656",3,4,8,3,1,6,7,1,1,1,8,3,1,6,4,1,1,3,3,0,3,0,0,3,3,1,2,12,11
"3657",4,9,8,3,1,6,7,2,1,4,8,3,1,6,7,1,1,1,1,5,1,1,0,5,1,1,3,17,12
"3658",5,9,9,3,1,6,7,2,4,9,8,3,1,6,7,2,1,1,0,0,3,1,1,1,3,2,4,18,15
"3659",6,10,9,3,1,6,8,2,4,9,9,3,1,6,7,2,4,1,1,0,1,0,0,1,1,1,2,19,16
"3660",7,10,14,9,1,6,12,2,4,10,9,3,1,6,8,2,4,2,4,6,2,4,0,6,4,3,2,30,20
"3661",8,10,16,9,1,6,12,2,14,10,14,9,1,6,12,2,4,2,0,0,4,6,5,2,6,2,4,32,30
"3662",9,10,16,14,1,6,12,2,18,10,16,9,1,6,12,2,14,4,5,0,4,0,0,5,4,3,4,37,34
"3663",10,10,1,14,1,9,12,4,18,10,16,14,1,6,12,2,18,2,4,3,2,3,0,4,3,2,3,22,39
"3664",11,12,1,14,1,10,12,4,18,10,1,14,1,9,12,4,18,2,0,0,1,6,4,2,1,1,1,24,40
"3665",12,12,6,14,7,10,12,4,18,12,1,14,1,10,12,4,18,6,4,0,4,0,0,6,0,4,0,35,40
"3666",0,0,0,0,0,0,0,0,0,0,0,0,0,0,0,0,0,0,0,0,0,0,0,0,0,0,0,0,0
"3667",1,1,1,5,1,1,1,3,1,1,1,1,1,1,1,1,1,1,2,4,1,2,0,4,2,3,3,4,2
"3668",2,1,2,5,1,1,5,9,1,1,1,5,1,1,1,3,1,1,0,0,6,4,1,1,6,2,3,5,12
"3669",3,1,2,9,1,2,5,9,1,1,2,5,1,1,5,9,1,4,1,0,1,0,0,4,1,3,1,9,13
"3670",4,1,6,1,1,1,10,9,2,1,2,9,1,2,5,9,1,5,6,1,5,1,0,6,1,3,4,5,18
"3671",5,6,6,1,1,1,12,9,2,1,6,1,1,1,10,9,2,5,0,0,4,6,2,5,2,1,2,10,20
"3672",6,10,12,1,1,1,16,9,2,6,6,1,1,1,12,9,2,4,6,0,4,0,0,6,4,2,2,20,24
"3673",7,10,12,1,6,1,16,9,4,10,12,1,1,1,16,9,2,2,2,5,2,2,0,5,2,4,4,25,26
"3674",8,10,12,1,8,6,16,9,4,10,12,1,6,1,16,9,4,2,0,0,4,5,2,2,5,4,1,27,31
"3675",9,10,16,1,8,6,18,9,4,10,12,1,8,6,16,9,4,4,2,0,2,0,0,4,2,2,2,31,33
"3676",10,14,16,1,8,6,18,12,4,10,16,1,8,6,18,9,4,4,1,3,1,3,0,4,3,1,3,35,36
"3677",11,14,16,2,8,17,18,12,4,14,16,1,8,6,18,12,4,1,0,0,6,2,5,1,6,3,1,36,47
"3678",12,19,16,2,8,17,18,12,4,14,16,2,8,17,18,12,4,2,5,0,2,0,0,5,0,1,0,41,47
"3679",0,0,0,0,0,0,0,0,0,0,0,0,0,0,0,0,0,0,0,0,0,0,0,0,0,0,0,0,0
"3680",1,1,1,1,4,7,2,1,1,1,1,1,1,1,1,1,1,6,1,3,6,1,0,3,6,4,1,3,7
"3681",2,1,2,1,4,10,2,1,1,1,1,1,4,7,2,1,1,1,0,0,3,2,5,1,3,2,1,4,10
"3682",3,1,2,1,9,12,2,1,1,1,2,1,4,10,2,1,1,2,5,0,2,0,0,5,2,4,1,9,12
"3683",4,1,2,1,12,12,2,5,1,1,2,1,9,12,2,1,1,2,4,3,2,4,0,3,4,4,3,12,16
"3684",5,1,4,1,12,12,2,5,2,1,2,1,12,12,2,5,1,2,0,0,1,1,1,2,1,2,4,14,17
"3685",6,2,4,1,12,13,2,5,2,1,4,1,12,12,2,5,2,1,1,0,1,0,0,1,1,1,1,15,18
"3686",7,2,8,1,12,13,2,8,2,2,4,1,12,13,2,5,2,3,4,1,3,1,0,4,3,2,3,19,21
"3687",8,2,9,1,12,15,8,8,2,2,8,1,12,13,2,8,2,1,0,0,2,6,3,1,6,2,2,20,29
"3688",9,2,9,1,15,15,8,10,2,2,9,1,12,15,8,8,2,2,3,0,2,0,0,3,2,4,3,23,31
"3689",10,2,9,1,18,15,8,12,2,2,9,1,15,15,8,10,2,2,3,1,2,1,0,3,2,4,3,26,33
"3690",11,2,10,1,18,18,8,12,2,2,9,1,18,15,8,12,2,1,0,0,3,1,1,1,3,2,1,27,36
"3691",12,2,11,1,18,18,8,12,2,2,10,1,18,18,8,12,2,1,1,0,1,0,0,1,0,2,0,28,36
"3692",0,0,0,0,0,0,0,0,0,0,0,0,0,0,0,0,0,0,0,0,0,0,0,0,0,0,0,0,0
"3693",1,3,7,1,7,1,1,1,6,1,1,1,1,1,1,1,1,6,5,2,5,2,0,6,5,4,4,14,5
"3694",2,3,7,3,7,6,1,1,6,3,7,1,7,1,1,1,6,2,0,0,5,5,3,2,5,3,1,16,10
"3695",3,3,7,3,12,6,4,1,6,3,7,3,7,6,1,1,6,5,3,0,3,0,0,5,3,4,2,21,13
"3696",4,3,7,9,13,6,4,1,11,3,7,3,12,6,4,1,6,5,4,6,5,4,0,6,5,3,4,28,18
"3697",5,7,7,9,13,6,5,1,11,3,7,9,13,6,4,1,11,4,0,0,3,3,1,4,1,1,2,32,19
"3698",6,7,10,9,13,6,5,4,11,7,7,9,13,6,5,1,11,3,3,0,3,0,0,3,3,2,3,35,22
"3699",7,13,11,9,13,6,5,7,11,7,10,9,13,6,5,4,11,3,4,6,3,4,0,6,3,1,3,42,25
"3700",8,13,11,13,13,7,5,7,11,13,11,9,13,6,5,7,11,4,0,0,1,6,1,4,1,3,1,46,26
"3701",9,13,17,18,13,8,5,7,11,13,11,13,13,7,5,7,11,6,1,0,1,0,0,6,1,2,1,57,27
"3702",10,18,17,18,13,11,5,7,11,13,17,18,13,8,5,7,11,5,3,1,3,1,0,5,3,1,1,62,30
"3703",11,19,17,18,13,16,5,7,11,18,17,18,13,11,5,7,11,1,0,0,5,4,4,1,5,1,1,63,35
"3704",12,19,17,22,13,16,5,7,11,19,17,18,13,16,5,7,11,4,4,0,4,0,0,4,0,3,0,67,35
"3705",0,0,0,0,0,0,0,0,0,0,0,0,0,0,0,0,0,0,0,0,0,0,0,0,0,0,0,0,0
"3706",1,3,7,1,1,1,7,2,1,1,1,1,1,1,1,1,1,6,6,6,6,6,0,6,6,2,2,8,7
"3707",2,6,7,7,1,7,10,2,1,3,7,1,1,1,7,2,1,6,0,0,6,1,2,6,6,3,1,17,16
"3708",3,6,9,7,1,7,10,3,1,6,7,7,1,7,10,2,1,1,2,0,1,0,0,2,1,2,3,19,17
"3709",4,11,9,7,1,7,10,3,5,6,9,7,1,7,10,3,1,1,4,5,1,4,0,5,4,1,4,24,21
"3710",5,11,9,8,1,7,10,5,5,11,9,7,1,7,10,3,5,1,0,0,5,2,2,1,2,3,3,25,23
"3711",6,11,14,8,1,7,10,7,5,11,9,8,1,7,10,5,5,5,2,0,2,0,0,5,2,2,3,30,25
"3712",7,11,14,12,1,8,10,7,5,11,14,8,1,7,10,7,5,1,4,3,1,3,0,4,1,3,1,34,26
"3713",8,11,14,12,4,8,10,7,10,11,14,12,1,8,10,7,5,3,0,0,5,1,5,3,5,4,4,37,31
"3714",9,16,14,12,4,8,10,8,10,11,14,12,4,8,10,7,10,1,5,0,1,0,0,5,1,1,3,42,32
"3715",10,16,14,12,6,14,10,10,16,16,14,12,4,8,10,8,10,6,2,6,6,6,0,2,6,4,4,44,46
"3716",11,21,20,12,6,17,10,16,16,16,14,12,6,14,10,10,16,6,0,0,6,6,5,6,6,2,3,55,55
"3717",12,21,20,12,11,17,10,16,16,21,20,12,6,17,10,16,16,6,5,0,6,0,0,5,0,4,0,60,55
"3718",0,0,0,0,0,0,0,0,0,0,0,0,0,0,0,0,0,0,0,0,0,0,0,0,0,0,0,0,0
"3719",1,1,1,1,3,1,1,1,6,1,1,1,1,1,1,1,1,5,1,2,5,1,0,2,5,4,4,2,5
"3720",2,1,1,2,3,1,5,1,6,1,1,1,3,1,1,1,6,1,0,0,4,4,6,1,4,3,2,3,9
"3721",3,1,3,2,9,1,5,1,10,1,1,2,3,1,5,1,6,4,6,0,4,0,0,6,4,4,4,11,13
"3722",4,12,3,8,9,1,5,1,15,1,3,2,9,1,5,1,10,6,1,5,1,5,0,6,5,1,4,28,18
"3723",5,12,3,9,9,1,5,1,18,12,3,8,9,1,5,1,15,1,0,0,5,2,3,1,3,3,4,29,21
"3724",6,17,3,9,9,1,5,1,20,12,3,9,9,1,5,1,18,5,2,0,2,0,0,5,2,1,4,34,23
"3725",7,17,3,15,13,1,5,1,23,17,3,9,9,1,5,1,20,3,5,6,3,5,0,6,3,3,4,44,26
"3726",8,17,8,15,13,1,5,1,27,17,3,15,13,1,5,1,23,5,0,0,5,4,4,5,4,2,4,49,30
"3727",9,17,13,15,13,1,5,1,31,17,8,15,13,1,5,1,27,5,4,0,4,0,0,5,4,2,4,54,34
"3728",10,17,18,15,13,5,5,1,31,17,13,15,13,1,5,1,31,4,5,5,4,5,0,5,4,2,1,59,38
"3729",11,17,18,20,13,5,7,1,31,17,18,15,13,5,5,1,31,5,0,0,1,2,1,5,2,3,2,64,40
"3730",12,18,18,20,13,5,7,1,31,17,18,20,13,5,7,1,31,1,1,0,1,0,0,1,0,1,0,65,40
"3731",0,0,0,0,0,0,0,0,0,0,0,0,0,0,0,0,0,0,0,0,0,0,0,0,0,0,0,0,0
"3732",1,1,1,1,5,1,5,1,1,1,1,1,1,1,1,1,1,4,4,4,4,4,0,4,4,4,2,4,4
"3733",2,1,1,1,9,18,5,1,1,1,1,1,5,1,5,1,1,4,0,0,5,6,5,4,6,4,1,8,21
"3734",3,6,1,1,9,18,10,1,1,1,1,1,9,18,5,1,1,5,5,0,5,0,0,5,5,1,2,13,26
"3735",4,12,5,1,9,18,14,1,1,6,1,1,9,18,10,1,1,4,6,3,4,3,0,6,4,1,2,23,30
"3736",5,12,1,1,9,26,14,11,1,12,5,1,9,18,14,1,1,3,0,0,4,6,4,3,6,2,1,19,48
"3737",6,12,1,5,9,26,14,15,1,12,1,1,9,26,14,11,1,4,4,0,4,0,0,4,4,3,3,23,52
"3738",7,12,5,5,9,26,14,20,1,12,1,5,9,26,14,15,1,5,2,4,5,2,0,4,5,2,3,27,57
"3739",8,14,5,5,9,26,14,20,4,12,5,5,9,26,14,20,1,2,0,0,3,4,6,2,3,1,4,29,60
"3740",9,1,8,5,9,10,14,20,4,14,5,5,9,26,14,20,4,4,6,0,4,0,0,6,4,1,1,19,44
"3741",10,1,8,8,9,14,14,20,4,1,8,5,9,10,14,20,4,3,4,5,4,5,0,3,4,3,1,22,48
"3742",11,1,13,8,9,24,14,20,4,1,8,8,9,14,14,20,4,5,0,0,6,2,4,5,6,2,1,27,58
"3743",12,1,13,12,9,24,14,20,4,1,13,8,9,24,14,20,4,2,4,0,2,0,0,4,0,3,0,31,58
"3744",0,0,0,0,0,0,0,0,0,0,0,0,0,0,0,0,0,0,0,0,0,0,0,0,0,0,0,0,0
"3745",1,1,1,3,7,6,1,1,1,1,1,1,1,1,1,1,1,6,2,5,2,5,0,6,5,4,1,8,5
"3746",2,3,1,3,7,6,1,1,4,1,1,3,7,6,1,1,1,2,0,0,3,3,2,2,3,1,4,10,8
"3747",3,3,1,3,10,8,1,1,4,3,1,3,7,6,1,1,4,3,2,0,2,0,0,3,2,4,1,13,10
"3748",4,3,6,3,10,8,4,1,4,3,1,3,10,8,1,1,4,3,5,3,3,3,0,5,3,2,2,18,13
"3749",5,3,6,6,10,8,4,4,4,3,6,3,10,8,4,1,4,3,0,0,3,1,4,3,3,3,3,21,16
"3750",6,7,6,6,10,9,4,4,4,3,6,6,10,8,4,4,4,1,4,0,1,0,0,4,1,1,1,25,17
"3751",7,7,11,12,10,9,9,4,4,7,6,6,10,9,4,4,4,6,3,5,3,5,0,6,5,3,2,36,22
"3752",8,10,11,12,10,9,9,8,4,7,11,12,10,9,9,4,4,3,0,0,4,4,3,3,4,1,3,39,26
"3753",9,10,11,12,14,9,9,11,4,10,11,12,10,9,9,8,4,4,3,0,3,0,0,4,3,4,3,43,29
"3754",10,15,11,12,14,10,9,11,4,10,11,12,14,9,9,11,4,2,5,1,2,1,0,5,1,1,1,48,30
"3755",11,17,11,12,14,15,9,11,4,15,11,12,14,10,9,11,4,2,0,0,5,1,6,2,5,1,1,50,35
"3756",12,21,17,12,14,15,9,11,4,17,11,12,14,15,9,11,4,1,6,0,1,0,0,6,0,2,0,60,35
"3757",0,0,0,0,0,0,0,0,0,0,0,0,0,0,0,0,0,0,0,0,0,0,0,0,0,0,0,0,0
"3758",1,1,1,7,4,1,7,1,3,1,1,1,1,1,1,1,1,6,6,3,6,3,0,6,6,3,2,9,8
"3759",2,1,4,7,4,1,8,1,3,1,1,7,4,1,7,1,3,3,0,0,6,1,2,3,1,2,2,12,9
"3760",3,1,8,7,10,1,8,3,3,1,4,7,4,1,8,1,3,6,2,0,2,0,0,6,2,4,3,22,11
"3761",4,7,13,7,10,1,8,3,6,1,8,7,10,1,8,3,3,1,3,6,1,3,0,6,3,1,4,33,14
"3762",5,7,13,8,10,1,8,8,6,7,13,7,10,1,8,3,6,1,0,0,1,2,5,1,5,3,3,34,19
"3763",6,8,13,8,10,1,10,8,6,7,13,8,10,1,8,8,6,1,2,0,2,0,0,1,2,1,2,35,21
"3764",7,8,17,8,10,1,15,14,6,8,13,8,10,1,10,8,6,4,6,6,6,6,0,4,6,2,3,39,32
"3765",8,9,17,8,16,1,15,19,6,8,17,8,10,1,15,14,6,6,0,0,2,3,5,6,5,4,3,46,37
"3766",9,12,17,8,16,1,15,21,6,9,17,8,16,1,15,19,6,2,3,0,2,0,0,3,2,1,3,49,39
"3767",10,12,17,8,19,3,15,21,6,12,17,8,16,1,15,21,6,2,3,2,2,2,0,3,2,4,1,52,41
"3768",11,12,17,10,19,3,15,24,6,12,17,8,19,3,15,21,6,2,0,0,1,3,5,2,3,3,3,54,44
"3769",12,13,17,10,19,3,15,24,6,12,17,10,19,3,15,24,6,1,5,0,5,0,0,1,0,1,0,55,44
"3770",0,0,0,0,0,0,0,0,0,0,0,0,0,0,0,0,0,0,0,0,0,0,0,0,0,0,0,0,0
"3771",1,1,1,1,6,3,1,1,1,1,1,1,1,1,1,1,1,2,5,2,2,2,0,5,2,4,1,5,2
"3772",2,3,1,1,6,7,1,1,1,1,1,1,6,3,1,1,1,2,0,0,4,6,3,2,4,1,1,7,6
"3773",3,3,7,1,9,7,1,1,4,3,1,1,6,7,1,1,1,6,3,0,3,0,0,6,3,2,4,16,9
"3774",4,3,7,3,9,10,1,1,4,3,7,1,9,7,1,1,4,3,5,2,3,5,0,2,3,3,1,18,12
"3775",5,3,12,3,9,10,1,3,4,3,7,3,9,10,1,1,4,5,0,0,6,2,1,5,2,2,3,23,14
"3776",6,9,12,3,14,10,1,3,5,3,12,3,9,10,1,3,4,6,1,0,1,0,0,6,1,1,4,34,15
"3777",7,15,12,8,14,10,2,3,5,9,12,3,14,10,1,3,5,1,6,2,1,2,0,6,1,1,2,45,16
"3778",8,15,12,10,14,10,4,3,5,15,12,8,14,10,2,3,5,2,0,0,2,4,3,2,2,3,2,47,18
"3779",9,15,12,10,18,13,4,3,5,15,12,10,14,10,4,3,5,4,3,0,3,0,0,4,3,4,1,51,21
"3780",10,15,14,10,18,14,4,3,5,15,12,10,18,13,4,3,5,2,1,3,1,3,0,2,1,2,1,53,22
"3781",11,18,14,10,18,19,4,3,5,15,14,10,18,14,4,3,5,3,0,0,5,2,3,3,5,1,1,56,27
"3782",12,18,17,10,18,19,4,3,5,18,14,10,18,19,4,3,5,2,3,0,2,0,0,3,0,2,0,59,27
"3783",0,0,0,0,0,0,0,0,0,0,0,0,0,0,0,0,0,0,0,0,0,0,0,0,0,0,0,0,0
"3784",1,4,1,1,1,1,1,1,2,1,1,1,1,1,1,1,1,1,2,3,1,2,0,3,1,1,4,3,1
"3785",2,4,3,1,1,1,1,1,7,4,1,1,1,1,1,1,2,2,0,0,5,5,1,2,5,2,4,5,6
"3786",3,4,3,1,6,1,2,1,7,4,3,1,1,1,1,1,7,5,1,0,1,0,0,5,1,4,2,10,7
"3787",4,9,3,1,6,1,3,1,7,4,3,1,6,1,2,1,7,1,5,1,1,1,0,5,1,1,2,15,8
"3788",5,10,3,1,6,1,9,5,7,9,3,1,6,1,3,1,7,1,0,0,6,2,4,1,6,1,2,16,18
"3789",6,10,7,1,6,1,9,5,9,10,3,1,6,1,9,5,7,2,4,0,2,0,0,4,2,2,4,20,20
"3790",7,10,12,1,6,1,11,5,9,10,7,1,6,1,9,5,9,2,5,3,2,3,0,5,2,2,2,25,22
"3791",8,10,12,1,9,1,15,5,9,10,12,1,6,1,11,5,9,3,0,0,4,4,2,3,4,4,2,28,26
"3792",9,10,12,5,9,1,15,5,11,10,12,1,9,1,15,5,9,4,2,0,2,0,0,4,2,3,4,32,28
"3793",10,10,12,8,9,3,15,5,11,10,12,5,9,1,15,5,11,2,2,3,2,2,0,3,2,3,1,35,30
"3794",11,10,12,10,9,3,15,5,16,10,12,8,9,3,15,5,11,2,0,0,5,5,2,2,5,3,4,37,35
"3795",12,12,12,10,9,3,15,5,16,10,12,10,9,3,15,5,16,5,2,0,5,0,0,2,0,1,0,39,35
"3796",0,0,0,0,0,0,0,0,0,0,0,0,0,0,0,0,0,0,0,0,0,0,0,0,0,0,0,0,0
"3797",1,5,7,7,1,1,5,1,7,1,1,1,1,1,1,1,1,6,6,1,6,1,0,6,6,2,4,16,10
"3798",2,5,7,7,2,5,5,1,7,5,7,7,1,1,5,1,7,1,0,0,3,5,4,1,4,4,1,17,14
"3799",3,10,7,7,2,5,5,1,10,5,7,7,2,5,5,1,7,3,5,0,3,0,0,5,3,1,4,22,17
"3800",4,10,7,7,6,5,5,1,13,10,7,7,2,5,5,1,10,1,3,4,1,3,0,4,3,4,4,26,20
"3801",5,10,7,8,6,7,5,1,13,10,7,7,6,5,5,1,13,1,0,0,5,2,3,1,2,3,1,27,22
"3802",6,10,12,8,6,7,8,1,13,10,7,8,6,7,5,1,13,5,3,0,3,0,0,5,3,2,2,32,25
"3803",7,10,12,10,12,10,8,1,13,10,12,8,6,7,8,1,13,4,3,6,4,3,0,6,3,4,1,40,28
"3804",8,10,12,10,16,10,8,1,15,10,12,10,12,10,8,1,13,4,0,0,2,6,2,4,2,4,4,44,30
"3805",9,10,18,16,20,10,10,1,15,10,12,10,16,10,8,1,15,6,2,0,2,0,0,6,2,2,2,60,32
"3806",10,10,18,17,20,15,10,1,15,10,18,16,20,10,10,1,15,1,5,1,5,1,0,1,5,3,1,61,37
"3807",11,11,18,17,20,19,10,1,15,10,18,17,20,15,10,1,15,1,0,0,4,2,2,1,4,1,1,62,41
"3808",12,13,18,17,20,19,10,1,15,11,18,17,20,19,10,1,15,2,2,0,2,0,0,2,0,1,0,64,41
"3809",0,0,0,0,0,0,0,0,0,0,0,0,0,0,0,0,0,0,0,0,0,0,0,0,0,0,0,0,0
"3810",1,1,6,1,1,1,1,1,6,1,1,1,1,1,1,1,1,5,2,5,2,5,0,5,5,2,4,5,5
"3811",2,3,6,1,1,1,1,5,6,1,6,1,1,1,1,1,6,2,0,0,3,6,4,2,4,1,3,7,9
"3812",3,3,7,7,1,1,1,5,9,3,6,1,1,1,1,5,6,3,6,0,3,0,0,6,3,3,4,14,12
"3813",4,7,7,7,1,5,1,5,9,3,7,7,1,1,1,5,9,4,1,4,1,4,0,4,4,1,1,18,16
"3814",5,8,7,7,1,5,1,5,14,7,7,7,1,5,1,5,9,1,0,0,5,1,1,1,5,1,4,19,21
"3815",6,8,8,7,1,5,1,5,15,8,7,7,1,5,1,5,14,1,1,0,1,0,0,1,1,2,4,20,22
"3816",7,11,8,7,1,5,1,9,15,8,8,7,1,5,1,5,15,4,2,3,4,2,0,3,4,1,3,23,26
"3817",8,11,8,7,3,9,1,9,15,11,8,7,1,5,1,9,15,2,0,0,1,4,1,2,4,4,1,25,30
"3818",9,12,8,7,3,10,1,9,15,11,8,7,3,9,1,9,15,1,1,0,1,0,0,1,1,1,1,26,31
"3819",10,15,8,7,3,20,1,9,15,12,8,7,3,10,1,9,15,6,1,3,6,1,0,3,6,1,1,29,41
"3820",11,16,8,7,3,23,1,9,15,15,8,7,3,20,1,9,15,1,0,0,3,5,3,1,3,1,1,30,44
"3821",12,16,11,7,3,23,1,9,15,16,8,7,3,23,1,9,15,5,3,0,5,0,0,3,0,2,0,33,44
"3822",0,0,0,0,0,0,0,0,0,0,0,0,0,0,0,0,0,0,0,0,0,0,0,0,0,0,0,0,0
"3823",1,1,6,1,1,1,1,6,1,1,1,1,1,1,1,1,1,5,5,1,5,1,0,5,5,2,3,5,5
"3824",2,2,6,1,1,1,4,6,1,1,6,1,1,1,1,6,1,1,0,0,5,3,2,1,3,1,2,6,8
"3825",3,2,6,6,1,1,6,6,1,2,6,1,1,1,4,6,1,5,2,0,2,0,0,5,2,3,2,11,10
"3826",4,2,6,10,1,4,6,6,1,2,6,6,1,1,6,6,1,3,1,4,3,1,0,4,3,3,1,15,13
"3827",5,3,6,10,1,8,6,6,1,2,6,10,1,4,6,6,1,1,0,0,6,4,5,1,4,1,1,16,17
"3828",6,3,11,10,7,13,6,6,1,3,6,10,1,8,6,6,1,6,5,0,5,0,0,6,5,4,1,27,22
"3829",7,3,11,16,13,18,6,6,1,3,11,10,7,13,6,6,1,1,5,6,1,5,0,6,5,3,1,39,27
"3830",8,3,12,16,13,18,6,12,2,3,11,16,13,18,6,6,1,1,0,0,3,6,6,1,6,2,3,40,34
"3831",9,13,12,16,13,21,6,12,2,3,12,16,13,18,6,12,2,3,6,0,3,0,0,6,3,1,1,50,37
"3832",10,13,12,16,16,21,6,14,2,13,12,16,13,21,6,12,2,3,2,3,2,3,0,3,2,4,3,53,39
"3833",11,16,12,16,16,21,6,16,2,13,12,16,16,21,6,14,2,3,0,0,2,1,5,3,2,1,3,56,41
"3834",12,17,12,16,16,21,6,16,2,16,12,16,16,21,6,16,2,1,5,0,5,0,0,1,0,1,0,57,41
"3835",0,0,0,0,0,0,0,0,0,0,0,0,0,0,0,0,0,0,0,0,0,0,0,0,0,0,0,0,0
"3836",1,1,5,1,1,1,1,6,1,1,1,1,1,1,1,1,1,5,4,5,5,5,0,4,5,2,3,4,5
"3837",2,1,10,1,1,5,1,12,1,1,5,1,1,1,1,6,1,5,0,0,6,6,5,5,6,2,3,9,15
"3838",3,8,10,1,1,5,1,12,6,1,10,1,1,5,1,12,1,6,5,0,5,0,0,6,5,1,4,16,20
"3839",4,14,10,6,1,9,1,12,6,8,10,1,1,5,1,12,6,2,6,4,2,4,0,6,4,1,1,27,24
"3840",5,14,12,6,1,14,7,12,6,14,10,6,1,9,1,12,6,2,0,0,6,5,6,2,6,2,2,29,35
"3841",6,20,12,7,1,14,7,17,6,14,12,6,1,14,7,12,6,5,6,0,5,0,0,6,5,1,3,36,40
"3842",7,20,19,7,1,17,7,17,6,20,12,7,1,14,7,17,6,3,6,1,3,1,0,6,3,2,1,43,43
"3843",8,20,20,7,1,18,7,17,6,20,19,7,1,17,7,17,6,1,0,0,3,6,1,1,1,2,1,44,44
"3844",9,20,25,17,1,21,1,17,6,20,20,7,1,18,7,17,6,3,6,0,3,0,0,6,3,3,1,59,41
"3845",10,20,36,17,1,27,6,1,6,20,25,17,1,21,1,17,6,6,6,3,6,3,0,6,6,2,1,70,36
"3846",11,23,36,17,1,31,6,1,6,20,36,17,1,27,6,1,6,3,0,0,4,2,4,3,4,1,1,73,40
"3847",12,23,36,17,5,31,6,1,6,23,36,17,1,31,6,1,6,2,4,0,2,0,0,4,0,4,0,77,40
"3848",0,0,0,0,0,0,0,0,0,0,0,0,0,0,0,0,0,0,0,0,0,0,0,0,0,0,0,0,0
"3849",1,9,1,1,1,4,1,1,1,1,1,1,1,1,1,1,1,6,3,2,3,2,0,6,3,1,1,8,3
"3850",2,9,1,3,1,4,3,1,1,9,1,1,1,4,1,1,1,2,0,0,2,3,4,2,2,3,2,10,5
"3851",3,9,1,3,5,7,3,1,1,9,1,3,1,4,3,1,1,3,4,0,3,0,0,4,3,4,1,14,8
"3852",4,9,1,3,7,7,6,1,1,9,1,3,5,7,3,1,1,2,1,3,1,3,0,2,3,4,2,16,11
"3853",5,9,1,3,8,7,6,1,2,9,1,3,7,7,6,1,1,1,0,0,1,2,5,1,1,4,4,17,12
"3854",6,9,1,3,13,7,6,1,4,9,1,3,8,7,6,1,2,2,5,0,2,0,0,5,2,4,4,22,14
"3855",7,9,7,11,13,13,6,4,4,9,1,3,13,7,6,1,4,6,6,4,6,4,0,6,6,2,1,36,23
"3856",8,13,7,11,13,18,6,4,4,9,7,11,13,13,6,4,4,4,0,0,5,6,1,4,5,1,1,40,28
"3857",9,13,13,15,13,19,6,4,4,13,7,11,13,18,6,4,4,6,1,0,1,0,0,6,1,2,1,50,29
"3858",10,16,19,15,13,20,6,4,4,13,13,15,13,19,6,4,4,6,6,1,6,1,0,6,1,2,1,59,30
"3859",11,16,20,21,13,25,6,4,4,16,19,15,13,20,6,4,4,6,0,0,5,5,1,6,5,3,1,66,35
"3860",12,16,20,21,14,25,6,4,4,16,20,21,13,25,6,4,4,5,1,0,5,0,0,1,0,4,0,67,35
"3861",0,0,0,0,0,0,0,0,0,0,0,0,0,0,0,0,0,0,0,0,0,0,0,0,0,0,0,0,0
"3862",1,1,1,5,1,1,1,2,1,1,1,1,1,1,1,1,1,1,4,2,1,2,0,4,1,3,3,4,1
"3863",2,1,3,5,1,1,5,2,1,1,1,5,1,1,1,2,1,2,0,0,1,4,1,2,4,2,2,6,5
"3864",3,1,4,5,1,1,5,3,1,1,3,5,1,1,5,2,1,1,1,0,1,0,0,1,1,2,3,7,6
"3865",4,1,16,5,4,1,5,4,1,1,4,5,1,1,5,3,1,2,6,1,2,1,0,6,1,2,3,22,7
"3866",5,1,16,7,4,1,17,4,1,1,16,5,4,1,5,4,1,2,0,0,6,3,6,2,6,3,2,24,19
"3867",6,7,16,7,7,1,17,4,4,1,16,7,4,1,17,4,1,3,6,0,3,0,0,6,3,1,4,33,22
"3868",7,14,16,7,7,1,22,4,4,7,16,7,7,1,17,4,4,6,5,4,5,4,0,6,5,1,2,40,27
"3869",8,18,16,7,7,5,22,4,4,14,16,7,7,1,22,4,4,4,0,0,4,4,3,4,4,1,1,44,31
"3870",9,22,16,7,7,5,25,4,4,18,16,7,7,5,22,4,4,4,3,0,3,0,0,4,3,1,2,48,34
"3871",10,22,16,12,7,5,25,8,4,22,16,7,7,5,25,4,4,5,2,4,2,4,0,5,4,3,3,53,38
"3872",11,22,16,14,7,5,28,8,4,22,16,12,7,5,25,8,4,2,0,0,5,3,1,2,3,3,2,55,41
"3873",12,22,16,19,7,5,28,8,4,22,16,14,7,5,28,8,4,5,1,0,1,0,0,5,0,3,0,60,41
"3874",0,0,0,0,0,0,0,0,0,0,0,0,0,0,0,0,0,0,0,0,0,0,0,0,0,0,0,0,0
"3875",1,1,1,7,9,1,6,1,1,1,1,1,1,1,1,1,1,1,6,5,1,5,0,6,5,4,2,14,5
"3876",2,1,2,7,9,1,11,1,1,1,1,7,9,1,6,1,1,1,0,0,1,1,5,1,5,2,2,15,10
"3877",3,1,3,7,9,2,11,1,1,1,2,7,9,1,11,1,1,1,1,0,1,0,0,1,1,2,1,16,11
"3878",4,1,6,7,9,3,11,1,1,1,3,7,9,2,11,1,1,1,3,1,1,1,0,3,1,2,1,19,12
"3879",5,1,6,7,10,8,11,1,1,1,6,7,9,3,11,1,1,1,0,0,1,3,5,1,5,4,1,20,17
"3880",6,1,6,7,13,8,11,2,1,1,6,7,10,8,11,1,1,1,3,0,1,0,0,3,1,4,3,23,18
"3881",7,1,8,13,13,8,11,5,1,1,6,7,13,8,11,2,1,1,3,6,1,3,0,6,3,3,3,31,21
"3882",8,2,8,13,13,8,15,5,1,1,8,13,13,8,11,5,1,1,0,0,2,2,4,1,4,1,2,32,25
"3883",9,2,8,15,13,8,15,7,1,2,8,13,13,8,15,5,1,2,2,0,2,0,0,2,2,3,3,34,27
"3884",10,8,8,15,14,8,21,12,1,2,8,15,13,8,15,7,1,6,6,6,6,6,0,6,6,1,2,41,38
"3885",11,14,8,19,14,10,21,12,1,8,8,15,14,8,21,12,1,6,0,0,2,4,4,6,2,1,1,51,40
"3886",12,14,8,23,14,10,21,12,1,14,8,19,14,10,21,12,1,4,4,0,4,0,0,4,0,3,0,55,40
"3887",0,0,0,0,0,0,0,0,0,0,0,0,0,0,0,0,0,0,0,0,0,0,0,0,0,0,0,0,0
"3888",1,1,1,6,1,1,1,1,4,1,1,1,1,1,1,1,1,5,5,3,5,3,0,5,3,3,4,5,3
"3889",2,6,1,6,1,1,4,1,4,1,1,6,1,1,1,1,4,5,0,0,2,3,3,5,3,1,2,10,6
"3890",3,6,4,6,1,3,4,1,4,6,1,6,1,1,4,1,4,2,3,0,2,0,0,3,2,2,1,13,8
"3891",4,6,6,6,1,3,4,1,8,6,4,6,1,3,4,1,4,2,2,4,2,4,0,2,4,2,4,15,12
"3892",5,6,6,6,3,3,4,4,8,6,6,6,1,3,4,1,8,2,0,0,2,3,1,2,3,4,3,17,15
"3893",6,6,6,6,5,3,4,4,9,6,6,6,3,3,4,4,8,2,1,0,1,0,0,2,1,4,4,19,16
"3894",7,6,6,6,8,3,6,4,9,6,6,6,5,3,4,4,9,2,3,3,2,3,0,3,2,4,2,22,18
"3895",8,9,6,6,8,3,6,4,14,6,6,6,8,3,6,4,9,3,0,0,1,2,5,3,5,1,4,25,23
"3896",9,9,6,6,10,4,6,4,14,9,6,6,8,3,6,4,14,1,2,0,1,0,0,2,1,4,1,27,24
"3897",10,11,6,12,10,4,9,4,14,9,6,6,10,4,6,4,14,3,6,2,3,2,0,6,3,3,2,35,27
"3898",11,13,6,12,10,4,14,4,14,11,6,12,10,4,9,4,14,2,0,0,6,3,5,2,5,1,2,37,32
"3899",12,13,12,16,10,4,14,4,14,13,6,12,10,4,14,4,14,6,3,0,3,0,0,6,0,2,0,47,32
"3900",0,0,0,0,0,0,0,0,0,0,0,0,0,0,0,0,0,0,0,0,0,0,0,0,0,0,0,0,0
"3901",1,6,1,1,1,1,1,1,6,1,1,1,1,1,1,1,1,5,5,5,5,5,0,5,5,1,4,5,5
"3902",2,6,1,1,6,1,1,6,6,6,1,1,1,1,1,1,6,5,0,0,5,5,6,5,5,4,3,10,10
"3903",3,6,4,7,6,6,1,6,6,6,1,1,6,1,1,6,6,5,6,0,5,0,0,6,5,3,1,19,15
"3904",4,6,9,7,6,6,1,6,9,6,4,7,6,6,1,6,6,3,5,2,3,2,0,5,3,2,4,24,18
"3905",5,8,9,7,6,6,5,6,9,6,9,7,6,6,1,6,9,2,0,0,4,4,4,2,4,1,2,26,22
"3906",6,8,9,11,6,6,5,10,9,8,9,7,6,6,5,6,9,4,4,0,4,0,0,4,4,3,3,30,26
"3907",7,14,9,11,9,9,5,10,9,8,9,11,6,6,5,10,9,2,3,6,2,3,0,6,3,1,1,39,29
"3908",8,16,9,11,9,14,5,10,9,14,9,11,9,9,5,10,9,2,0,0,5,4,6,2,5,1,1,41,34
"3909",9,16,15,16,9,14,5,10,13,16,9,11,9,14,5,10,9,4,6,0,4,0,0,6,4,2,4,52,38
"3910",10,16,15,20,9,14,7,10,13,16,15,16,9,14,5,10,13,2,4,2,2,2,0,4,2,3,2,56,40
"3911",11,16,15,22,9,16,7,10,13,16,15,20,9,14,7,10,13,2,0,0,2,6,2,2,2,3,1,58,42
"3912",12,16,17,22,9,16,7,10,13,16,15,22,9,16,7,10,13,6,2,0,6,0,0,2,0,2,0,60,42
"3913",0,0,0,0,0,0,0,0,0,0,0,0,0,0,0,0,0,0,0,0,0,0,0,0,0,0,0,0,0
"3914",1,4,1,1,1,4,1,1,1,1,1,1,1,1,1,1,1,1,3,3,1,3,0,3,3,1,1,3,3
"3915",2,4,1,2,1,6,1,1,1,4,1,1,1,4,1,1,1,1,0,0,2,3,3,1,2,3,1,4,5
"3916",3,4,1,2,4,6,1,4,1,4,1,2,1,6,1,1,1,3,3,0,3,0,0,3,3,4,3,7,8
"3917",4,4,7,9,4,6,1,8,1,4,1,2,4,6,1,4,1,6,4,4,4,4,0,6,4,2,3,20,12
"3918",5,4,7,9,8,6,5,8,1,4,7,9,4,6,1,8,1,4,0,0,4,3,1,4,4,4,2,24,16
"3919",6,7,7,9,8,7,5,8,1,4,7,9,8,6,5,8,1,3,1,0,1,0,0,3,1,1,1,27,17
"3920",7,13,13,9,11,7,5,9,1,7,7,9,8,7,5,8,1,6,1,5,1,5,0,6,1,2,3,42,18
"3921",8,13,13,9,16,7,5,12,1,13,13,9,11,7,5,9,1,5,0,0,3,6,3,5,3,4,3,47,21
"3922",9,16,13,9,16,7,5,22,1,13,13,9,16,7,5,12,1,6,3,0,6,0,0,3,6,1,3,50,31
"3923",10,16,13,10,16,7,9,22,1,16,13,9,16,7,5,22,1,4,1,5,4,5,0,1,4,3,2,51,35
"3924",11,16,13,15,16,7,9,27,1,16,13,10,16,7,9,22,1,5,0,0,5,4,6,5,5,3,3,56,40
"3925",12,16,22,15,16,7,9,27,1,16,13,15,16,7,9,27,1,4,6,0,4,0,0,6,0,2,0,65,40
"3926",0,0,0,0,0,0,0,0,0,0,0,0,0,0,0,0,0,0,0,0,0,0,0,0,0,0,0,0,0
"3927",1,1,1,1,5,1,1,1,2,1,1,1,1,1,1,1,1,1,2,4,1,2,0,4,1,4,4,4,1
"3928",2,1,1,1,7,1,6,1,2,1,1,1,5,1,1,1,2,2,0,0,2,5,4,2,5,4,2,6,6
"3929",3,1,5,1,7,1,8,1,2,1,1,1,7,1,6,1,2,2,4,0,2,0,0,4,2,2,2,10,8
"3930",4,5,5,1,7,1,8,1,4,1,5,1,7,1,8,1,2,4,2,2,2,2,0,4,2,1,4,14,10
"3931",5,5,5,1,9,1,11,1,4,5,5,1,7,1,8,1,4,2,0,0,3,1,2,2,3,4,2,16,13
"3932",6,5,5,1,11,2,11,1,4,5,5,1,9,1,11,1,4,1,2,0,1,0,0,2,1,4,1,18,14
"3933",7,5,5,3,11,2,11,2,4,5,5,1,11,2,11,1,4,1,2,2,1,2,0,2,1,3,3,20,15
"3934",8,5,5,5,11,3,11,2,4,5,5,3,11,2,11,2,4,2,0,0,1,3,2,2,1,3,1,22,16
"3935",9,5,8,5,11,3,13,2,4,5,5,5,11,3,11,2,4,3,2,0,2,0,0,3,2,2,2,25,18
"3936",10,11,9,5,11,3,16,2,4,5,8,5,11,3,13,2,4,6,3,2,3,2,0,6,3,1,2,32,21
"3937",11,11,11,5,11,8,16,2,4,11,9,5,11,3,16,2,4,2,0,0,5,6,3,2,5,2,1,34,26
"3938",12,17,11,8,11,8,16,2,4,11,11,5,11,8,16,2,4,6,3,0,3,0,0,6,0,1,0,43,26
"3939",0,0,0,0,0,0,0,0,0,0,0,0,0,0,0,0,0,0,0,0,0,0,0,0,0,0,0,0,0
"3940",1,1,7,1,5,8,1,7,1,1,1,1,1,1,1,1,1,6,6,4,6,4,0,6,6,2,1,10,13
"3941",2,5,7,1,5,12,7,13,1,1,7,1,5,8,1,7,1,4,0,0,3,6,5,4,6,1,3,14,29
"3942",3,5,7,6,5,12,10,13,1,5,7,1,5,12,7,13,1,3,5,0,3,0,0,5,3,3,2,19,32
"3943",4,5,18,6,11,17,16,13,7,5,7,6,5,12,10,13,1,1,6,6,1,6,0,6,6,2,4,36,49
"3944",5,5,19,6,11,19,22,13,7,5,18,6,11,17,16,13,7,1,0,0,6,1,4,1,6,2,2,37,57
"3945",6,5,19,6,15,19,22,14,7,5,19,6,11,19,22,13,7,1,4,0,1,0,0,4,1,4,3,41,58
"3946",7,5,19,6,19,19,22,14,12,5,19,6,15,19,22,14,7,2,4,5,2,5,0,4,5,4,4,45,63
"3947",8,5,19,6,21,22,22,14,12,5,19,6,19,19,22,14,12,2,0,0,3,4,5,2,3,4,1,47,66
"3948",9,5,24,6,21,22,22,18,12,5,19,6,21,22,22,14,12,4,5,0,4,0,0,5,4,2,3,52,70
"3949",10,5,24,7,21,22,22,18,17,5,24,6,21,22,22,18,12,5,6,1,5,6,0,1,5,3,4,53,75
"3950",11,5,24,10,27,22,22,18,18,5,24,7,21,22,22,18,17,6,0,0,1,3,6,6,1,4,4,62,76
"3951",12,5,27,10,27,22,22,18,18,5,24,10,27,22,22,18,18,3,6,0,6,0,0,3,0,2,0,65,76
"3952",0,0,0,0,0,0,0,0,0,0,0,0,0,0,0,0,0,0,0,0,0,0,0,0,0,0,0,0,0
"3953",1,1,1,1,5,1,1,1,2,1,1,1,1,1,1,1,1,1,4,1,1,1,0,4,1,4,4,4,1
"3954",2,1,1,2,5,1,7,3,2,1,1,1,5,1,1,1,2,1,0,0,2,1,6,1,6,3,2,5,9
"3955",3,1,2,2,5,1,9,3,2,1,1,2,5,1,7,3,2,2,1,0,2,0,0,1,2,2,2,6,11
"3956",4,1,2,2,9,1,9,8,2,1,2,2,5,1,9,3,2,4,5,2,5,2,0,4,5,4,3,10,16
"3957",5,1,2,2,11,1,9,10,2,1,2,2,9,1,9,8,2,2,0,0,2,1,3,2,2,4,3,12,18
"3958",6,4,2,2,11,1,9,10,3,1,2,2,11,1,9,10,2,1,3,0,1,0,0,3,1,1,4,15,19
"3959",7,4,2,2,15,1,9,10,5,4,2,2,11,1,9,10,3,2,4,2,2,2,0,4,2,4,4,19,21
"3960",8,6,2,2,15,1,15,10,7,4,2,2,15,1,9,10,5,2,0,0,3,6,2,2,6,1,2,21,29
"3961",9,6,4,2,15,4,15,10,7,6,2,2,15,1,15,10,7,3,2,0,3,0,0,2,3,2,1,23,32
"3962",10,6,4,5,15,10,15,10,8,6,4,2,15,4,15,10,7,3,2,6,2,6,0,3,6,3,1,26,39
"3963",11,6,6,5,15,15,15,10,8,6,4,5,15,10,15,10,8,2,0,0,5,6,3,2,5,2,1,28,44
"3964",12,6,12,11,19,15,15,10,8,6,6,5,15,15,15,10,8,6,3,0,3,0,0,6,0,3,0,44,44
"3965",0,0,0,0,0,0,0,0,0,0,0,0,0,0,0,0,0,0,0,0,0,0,0,0,0,0,0,0,0
"3966",1,1,1,1,6,1,3,1,1,1,1,1,1,1,1,1,1,2,2,5,2,2,0,5,2,4,2,5,2
"3967",2,1,1,1,8,1,8,1,1,1,1,1,6,1,3,1,1,2,0,0,5,5,1,2,5,4,2,7,7
"3968",3,6,1,1,8,1,8,2,1,1,1,1,8,1,8,1,1,5,1,0,1,0,0,5,1,1,3,12,8
"3969",4,6,10,1,8,1,8,2,3,6,1,1,8,1,8,2,1,6,1,2,1,2,0,6,2,2,4,21,10
"3970",5,7,10,1,8,1,8,5,3,6,10,1,8,1,8,2,3,1,0,0,4,5,3,1,3,1,3,22,13
"3971",6,7,10,1,12,6,8,5,3,7,10,1,8,1,8,5,3,4,5,0,5,0,0,4,5,4,1,26,18
"3972",7,7,10,4,12,6,9,5,3,7,10,1,12,6,8,5,3,3,1,1,1,1,0,3,1,3,2,29,19
"3973",8,8,10,4,12,6,9,10,3,7,10,4,12,6,9,5,3,1,0,0,5,4,3,1,5,1,3,30,24
"3974",9,8,14,4,12,6,12,10,3,8,10,4,12,6,9,10,3,4,3,0,3,0,0,4,3,2,2,34,27
"3975",10,14,14,10,16,10,12,10,3,8,14,4,12,6,12,10,3,4,3,6,4,3,0,6,4,3,1,50,31
"3976",11,14,17,10,16,14,12,10,3,14,14,10,16,10,12,10,3,3,0,0,5,4,3,3,4,2,1,53,35
"3977",12,14,17,10,19,14,12,10,3,14,17,10,16,14,12,10,3,5,3,0,5,0,0,3,0,4,0,56,35
"3978",0,0,0,0,0,0,0,0,0,0,0,0,0,0,0,0,0,0,0,0,0,0,0,0,0,0,0,0,0
"3979",1,1,1,1,5,1,1,2,1,1,1,1,1,1,1,1,1,1,4,1,1,1,0,4,1,4,3,4,1
"3980",2,1,1,1,6,5,1,2,1,1,1,1,5,1,1,2,1,1,0,0,4,2,4,1,4,4,1,5,5
"3981",3,1,5,1,6,5,1,4,1,1,1,1,6,5,1,2,1,2,4,0,2,0,0,4,2,2,3,9,7
"3982",4,1,5,3,6,5,5,4,1,1,5,1,6,5,1,4,1,2,1,4,1,4,0,2,4,3,2,11,11
"3983",5,1,6,3,6,10,5,4,1,1,5,3,6,5,5,4,1,1,0,0,4,5,2,1,5,2,1,12,16
"3984",6,1,10,3,6,10,5,4,3,1,6,3,6,10,5,4,1,4,2,0,2,0,0,4,2,2,4,16,18
"3985",7,5,10,3,6,14,5,4,3,1,10,3,6,10,5,4,3,1,4,4,1,4,0,4,4,1,1,20,22
"3986",8,5,10,4,6,15,5,10,3,5,10,3,6,14,5,4,3,1,0,0,6,4,4,1,6,3,3,21,29
"3987",9,5,10,8,6,19,5,10,3,5,10,4,6,15,5,10,3,4,4,0,4,0,0,4,4,3,1,25,33
"3988",10,1,1,13,6,29,5,10,3,5,10,8,6,19,5,10,3,4,3,5,4,3,0,5,4,3,1,17,43
"3989",11,1,1,1,9,36,5,10,3,1,1,13,6,29,5,10,3,3,0,0,2,2,2,3,2,4,1,8,50
"3990",12,1,1,1,11,36,5,10,3,1,1,1,9,36,5,10,3,2,2,0,2,0,0,2,0,4,0,10,50
"3991",0,0,0,0,0,0,0,0,0,0,0,0,0,0,0,0,0,0,0,0,0,0,0,0,0,0,0,0,0
"3992",1,4,1,1,1,1,1,1,2,1,1,1,1,1,1,1,1,1,3,2,1,2,0,3,1,1,4,3,1
"3993",2,4,3,1,1,5,1,1,2,4,1,1,1,1,1,1,2,2,0,0,6,4,6,2,4,2,1,5,5
"3994",3,10,3,1,5,11,1,3,2,4,3,1,1,5,1,1,2,6,6,0,6,0,0,6,6,1,1,15,13
"3995",4,10,5,1,11,11,1,3,6,10,3,1,5,11,1,3,2,4,6,1,4,1,0,6,4,4,4,23,17
"3996",5,10,5,1,12,22,1,3,6,10,5,1,11,11,1,3,6,1,0,0,1,5,6,1,6,4,1,24,28
"3997",6,10,1,1,17,27,1,3,6,10,5,1,12,22,1,3,6,1,5,0,1,0,0,5,1,4,1,25,33
"3998",7,10,1,6,17,27,1,6,6,10,1,1,17,27,1,3,6,2,3,5,2,3,0,5,3,3,3,30,36
"3999",8,10,1,8,17,27,1,11,6,10,1,6,17,27,1,6,6,2,0,0,5,2,4,2,5,3,3,32,41
"4000",9,10,5,8,17,27,1,13,6,10,1,8,17,27,1,11,6,2,4,0,2,0,0,4,2,2,3,36,43
"4001",10,13,15,8,17,6,1,13,6,10,5,8,17,27,1,13,6,2,4,5,2,5,0,4,5,2,1,49,22
"4002",11,15,15,8,17,10,1,13,6,13,15,8,17,6,1,13,6,2,0,0,4,5,2,2,4,1,1,51,26
"4003",12,15,15,13,17,10,1,13,6,15,15,8,17,10,1,13,6,5,2,0,2,0,0,5,0,3,0,56,26
"4004",0,0,0,0,0,0,0,0,0,0,0,0,0,0,0,0,0,0,0,0,0,0,0,0,0,0,0,0,0
"4005",1,1,1,7,7,7,1,8,1,1,1,1,1,1,1,1,1,6,4,6,4,6,0,6,6,3,1,12,13
"4006",2,1,5,7,7,7,6,8,1,1,1,7,7,7,1,8,1,4,0,0,5,1,5,4,5,2,2,16,18
"4007",3,1,5,7,12,7,6,8,2,1,5,7,7,7,6,8,1,1,5,0,1,0,0,5,1,4,4,21,19
"4008",4,1,10,7,12,7,6,13,2,1,5,7,12,7,6,8,2,1,5,5,1,5,0,5,5,2,3,26,24
"4009",5,2,10,7,12,7,6,17,2,1,10,7,12,7,6,13,2,1,0,0,2,4,2,1,4,1,3,27,28
"4010",6,2,10,9,12,7,8,17,2,2,10,7,12,7,6,17,2,2,2,0,2,0,0,2,2,3,2,29,30
"4011",7,2,15,9,12,12,8,17,2,2,10,9,12,7,8,17,2,3,5,5,3,5,0,5,5,2,1,34,35
"4012",8,2,18,9,12,18,8,17,6,2,15,9,12,12,8,17,2,3,0,0,4,1,6,3,6,2,1,37,45
"4013",9,2,22,9,12,18,8,17,7,2,18,9,12,18,8,17,6,4,1,0,1,0,0,4,1,2,4,41,46
"4014",10,2,25,11,12,23,8,17,1,2,22,9,12,18,8,17,7,3,5,3,5,3,0,3,5,2,1,46,45
"4015",11,1,27,11,12,5,8,23,1,2,25,11,12,23,8,17,1,3,0,0,6,6,3,3,6,1,3,47,33
"4016",12,4,27,11,12,5,8,23,1,1,27,11,12,5,8,23,1,6,3,0,6,0,0,3,0,1,0,50,33
"4017",0,0,0,0,0,0,0,0,0,0,0,0,0,0,0,0,0,0,0,0,0,0,0,0,0,0,0,0,0
"4018",1,5,1,7,1,1,6,1,1,1,1,1,1,1,1,1,1,5,6,1,5,1,0,6,5,3,2,10,5
"4019",2,5,2,7,1,1,10,1,1,5,1,7,1,1,6,1,1,1,0,0,2,4,1,1,4,2,2,11,9
"4020",3,5,2,7,3,1,10,2,1,5,2,7,1,1,10,1,1,2,1,0,1,0,0,2,1,4,3,13,10
"4021",4,5,5,7,3,1,10,5,1,5,2,7,3,1,10,2,1,3,3,1,3,1,0,3,3,2,3,16,13
"4022",5,5,6,7,3,1,11,5,1,5,5,7,3,1,10,5,1,1,0,0,1,3,4,1,1,2,2,17,14
"4023",6,5,6,11,3,1,14,5,1,5,6,7,3,1,11,5,1,3,4,0,3,0,0,4,3,3,2,21,17
"4024",7,5,9,11,3,1,18,5,1,5,6,11,3,1,14,5,1,3,4,2,4,2,0,3,4,2,2,24,21
"4025",8,5,9,11,5,1,21,5,1,5,9,11,3,1,18,5,1,2,0,0,2,2,3,2,3,4,2,26,24
"4026",9,5,9,13,5,1,21,5,3,5,9,11,5,1,21,5,1,2,2,0,2,0,0,2,2,3,4,28,26
"4027",10,5,14,13,5,1,21,7,3,5,9,13,5,1,21,5,3,2,5,2,2,2,0,5,2,2,3,33,28
"4028",11,1,14,13,1,6,25,7,3,5,14,13,5,1,21,7,3,2,0,0,3,2,1,2,2,1,2,25,37
"4029",12,1,17,13,1,6,25,7,3,1,14,13,1,6,25,7,3,3,1,0,1,0,0,3,0,2,0,28,37
"4030",0,0,0,0,0,0,0,0,0,0,0,0,0,0,0,0,0,0,0,0,0,0,0,0,0,0,0,0,0
"4031",1,1,1,6,1,1,1,6,7,1,1,1,1,1,1,1,1,2,5,6,2,6,0,5,6,3,4,5,11
"4032",2,1,1,6,3,1,1,6,12,1,1,6,1,1,1,6,7,2,0,0,5,5,4,2,5,4,4,7,16
"4033",3,1,6,6,3,5,1,6,12,1,1,6,3,1,1,6,12,5,4,0,4,0,0,5,4,2,1,12,20
"4034",4,1,6,12,5,9,1,6,12,1,6,6,3,5,1,6,12,6,4,4,4,4,0,6,4,3,1,20,24
"4035",5,1,6,12,9,9,7,9,12,1,6,12,5,9,1,6,12,4,0,0,6,6,1,4,6,4,2,24,33
"4036",6,1,7,12,15,10,7,9,12,1,6,12,9,9,7,9,12,6,1,0,1,0,0,6,1,4,1,31,34
"4037",7,1,7,12,20,14,7,15,12,1,7,12,15,10,7,9,12,5,6,1,6,1,0,5,6,4,3,36,44
"4038",8,1,7,13,20,15,13,15,12,1,7,12,20,14,7,15,12,1,0,0,6,2,3,1,6,3,2,37,51
"4039",9,1,7,15,20,15,16,15,12,1,7,13,20,15,13,15,12,2,3,0,3,0,0,2,3,3,2,39,54
"4040",10,1,7,15,25,15,21,15,12,1,7,15,20,15,16,15,12,5,5,1,5,1,0,5,5,4,2,44,59
"4041",11,1,7,15,26,15,21,15,13,1,7,15,25,15,21,15,12,1,0,0,1,1,6,1,1,4,4,45,60
"4042",12,1,13,17,26,15,21,15,13,1,7,15,26,15,21,15,13,1,6,0,1,0,0,6,0,2,0,53,60
"4043",0,0,0,0,0,0,0,0,0,0,0,0,0,0,0,0,0,0,0,0,0,0,0,0,0,0,0,0,0
"4044",1,1,1,6,1,6,1,1,1,1,1,1,1,1,1,1,1,5,2,5,2,5,0,5,5,3,1,5,5
"4045",2,1,1,8,1,8,1,1,7,1,1,6,1,6,1,1,1,2,0,0,3,5,6,2,6,3,4,7,13
"4046",3,6,1,8,1,8,1,1,10,1,1,8,1,8,1,1,7,3,5,0,3,0,0,5,3,1,4,12,16
"4047",4,6,7,8,6,8,1,5,10,6,1,8,1,8,1,1,10,4,6,1,4,1,0,6,4,2,3,23,20
"4048",5,6,7,8,7,13,1,5,10,6,7,8,6,8,1,5,10,1,0,0,5,4,3,1,5,4,1,24,25
"4049",6,6,11,8,7,16,1,5,10,6,7,8,7,13,1,5,10,4,3,0,3,0,0,4,3,2,1,28,28
"4050",7,6,11,8,11,16,1,9,10,6,11,8,7,16,1,5,10,4,4,4,4,4,0,4,4,4,3,32,32
"4051",8,6,11,12,11,19,1,9,10,6,11,8,11,16,1,9,10,4,0,0,2,3,3,4,3,3,1,36,35
"4052",9,6,11,15,11,19,3,9,10,6,11,12,11,19,1,9,10,2,3,0,2,0,0,3,2,3,2,39,37
"4053",10,12,12,15,17,19,3,11,10,6,11,15,11,19,3,9,10,6,2,4,2,4,0,6,2,1,3,52,39
"4054",11,12,12,19,17,19,3,11,15,12,12,15,17,19,3,11,10,4,0,0,5,2,4,4,5,3,4,56,44
"4055",12,12,14,19,17,19,3,11,15,12,12,19,17,19,3,11,15,2,4,0,4,0,0,2,0,2,0,58,44
"4056",0,0,0,0,0,0,0,0,0,0,0,0,0,0,0,0,0,0,0,0,0,0,0,0,0,0,0,0,0
"4057",1,7,1,7,1,1,1,4,1,1,1,1,1,1,1,1,1,4,6,3,4,3,0,6,3,3,3,12,3
"4058",2,7,5,7,1,1,1,4,5,7,1,7,1,1,1,4,1,4,0,0,4,6,1,4,4,2,4,16,7
"4059",3,12,5,13,1,2,1,4,5,7,5,7,1,1,1,4,5,6,1,0,1,0,0,6,1,3,1,27,8
"4060",4,12,5,13,5,5,1,4,5,12,5,13,1,2,1,4,5,4,3,2,3,2,0,4,3,4,1,31,11
"4061",5,14,5,13,5,5,1,4,9,12,5,13,5,5,1,4,5,2,0,0,4,1,4,2,4,1,4,33,15
"4062",6,14,5,13,9,5,1,4,10,14,5,13,5,5,1,4,9,1,4,0,1,0,0,4,1,4,4,37,16
"4063",7,18,11,13,9,8,1,4,10,14,5,13,9,5,1,4,10,6,3,3,3,3,0,6,3,2,1,47,19
"4064",8,18,11,13,12,10,1,4,10,18,11,13,9,8,1,4,10,3,0,0,2,2,3,3,2,4,1,50,21
"4065",9,18,14,13,12,10,1,6,10,18,11,13,12,10,1,4,10,2,3,0,2,0,0,3,2,2,3,53,23
"4066",10,18,16,13,12,14,1,6,10,18,14,13,12,10,1,6,10,2,4,1,4,1,0,2,4,2,1,55,27
"4067",11,19,16,13,12,17,1,6,10,18,16,13,12,14,1,6,10,1,0,0,3,4,3,1,3,1,1,56,30
"4068",12,19,16,13,16,17,1,6,10,19,16,13,12,17,1,6,10,4,3,0,3,0,0,4,0,4,0,60,30
"4069",0,0,0,0,0,0,0,0,0,0,0,0,0,0,0,0,0,0,0,0,0,0,0,0,0,0,0,0,0
"4070",1,7,1,3,1,7,4,1,7,1,1,1,1,1,1,1,1,6,2,6,2,6,0,6,6,1,4,8,15
"4071",2,7,3,3,1,7,4,2,7,7,1,3,1,7,4,1,7,2,0,0,1,3,6,2,1,2,3,10,16
"4072",3,13,3,8,1,7,4,2,10,7,3,3,1,7,4,2,7,3,6,0,3,0,0,6,3,1,4,21,19
"4073",4,13,3,8,5,7,4,2,12,13,3,8,1,7,4,2,10,2,5,4,2,5,0,4,2,4,4,25,21
"4074",5,13,3,13,5,7,8,2,12,13,3,8,5,7,4,2,12,5,0,0,4,2,4,5,4,3,2,30,25
"4075",6,13,3,17,5,7,8,2,14,13,3,13,5,7,8,2,12,2,4,0,2,0,0,4,2,3,4,34,27
"4076",7,13,3,17,10,11,8,2,14,13,3,17,5,7,8,2,14,4,4,5,4,4,0,5,4,4,1,39,31
"4077",8,13,3,1,10,14,8,3,14,13,3,17,10,11,8,2,14,4,0,0,3,5,1,4,1,3,3,23,35
"4078",9,13,3,1,15,14,8,6,14,13,3,1,10,14,8,3,14,3,5,0,3,0,0,5,3,4,3,28,38
"4079",10,13,5,1,15,17,8,6,14,13,3,1,15,14,8,6,14,2,3,1,3,1,0,2,3,2,1,30,41
"4080",11,13,5,1,16,21,8,6,14,13,5,1,15,17,8,6,14,1,0,0,4,6,4,1,4,4,1,31,45
"4081",12,17,5,1,16,21,8,6,14,13,5,1,16,21,8,6,14,6,4,0,6,0,0,4,0,1,0,35,45
"4082",0,0,0,0,0,0,0,0,0,0,0,0,0,0,0,0,0,0,0,0,0,0,0,0,0,0,0,0,0
"4083",1,1,1,1,6,1,1,1,5,1,1,1,1,1,1,1,1,4,5,2,4,2,0,5,4,4,4,5,4
"4084",2,1,3,1,6,1,3,1,5,1,1,1,6,1,1,1,5,2,0,0,2,4,4,2,2,2,2,7,6
"4085",3,1,7,1,6,1,7,1,5,1,3,1,6,1,3,1,5,4,4,0,4,0,0,4,4,2,2,11,10
"4086",4,7,7,3,6,1,10,1,11,1,7,1,6,1,7,1,5,6,5,6,5,6,0,6,6,1,4,19,19
"4087",5,7,12,3,6,1,10,1,15,7,7,3,6,1,10,1,11,5,0,0,4,6,3,5,4,2,4,24,23
"4088",6,13,12,3,15,4,10,1,15,7,12,3,6,1,10,1,15,6,3,0,3,0,0,6,3,1,1,39,26
"4089",7,16,12,9,15,4,11,1,15,13,12,3,15,4,10,1,15,6,1,1,1,1,0,6,1,3,2,48,27
"4090",8,16,12,10,15,7,11,1,15,16,12,9,15,4,11,1,15,1,0,0,1,6,3,1,3,3,1,49,30
"4091",9,16,13,16,15,8,11,1,15,16,12,10,15,7,11,1,15,1,6,0,1,0,0,6,1,3,1,56,31
"4092",10,16,13,17,15,9,11,1,15,16,13,16,15,8,11,1,15,1,6,1,6,1,0,1,1,3,1,57,32
"4093",11,16,13,24,15,13,11,1,15,16,13,17,15,9,11,1,15,6,0,0,4,4,6,6,4,3,1,64,36
"4094",12,16,17,24,15,13,11,1,15,16,13,24,15,13,11,1,15,4,6,0,6,0,0,4,0,2,0,68,36
"4095",0,0,0,0,0,0,0,0,0,0,0,0,0,0,0,0,0,0,0,0,0,0,0,0,0,0,0,0,0
"4096",1,2,7,1,1,1,5,1,1,1,1,1,1,1,1,1,1,4,3,6,4,3,0,6,4,2,2,7,4
"4097",2,2,7,1,4,7,5,2,7,2,7,1,1,1,5,1,1,3,0,0,5,6,5,3,6,4,1,10,17
"4098",3,2,7,1,9,12,5,2,7,2,7,1,4,7,5,2,7,5,5,0,5,0,0,5,5,4,1,15,22
"4099",4,2,7,6,9,12,9,2,7,2,7,1,9,12,5,2,7,1,4,5,1,4,0,5,4,3,2,20,26
"4100",5,2,7,7,9,13,9,2,7,2,7,6,9,12,9,2,7,1,0,0,1,1,2,1,1,3,1,21,27
"4101",6,4,7,7,9,14,9,2,7,2,7,7,9,13,9,2,7,1,2,0,1,0,0,2,1,1,1,23,28
"4102",7,4,11,13,9,14,9,2,8,4,7,7,9,14,9,2,7,6,1,2,1,2,0,6,1,3,4,33,29
"4103",8,4,11,13,11,14,9,5,8,4,11,13,9,14,9,2,8,2,0,0,5,3,6,2,3,4,3,35,32
"4104",9,10,11,16,11,14,9,10,8,4,11,13,11,14,9,5,8,5,6,0,5,0,0,6,5,1,3,44,37
"4105",10,10,11,16,15,14,14,10,8,10,11,16,11,14,9,10,8,5,2,4,5,2,0,4,5,4,2,48,42
"4106",11,10,13,16,15,14,14,10,13,10,11,16,15,14,14,10,8,2,0,0,4,6,5,2,5,2,4,50,47
"4107",12,10,13,16,19,14,14,10,13,10,13,16,15,14,14,10,13,4,6,0,6,0,0,4,0,4,0,54,47
"4108",0,0,0,0,0,0,0,0,0,0,0,0,0,0,0,0,0,0,0,0,0,0,0,0,0,0,0,0,0
"4109",1,1,1,1,5,1,1,6,1,1,1,1,1,1,1,1,1,5,2,4,5,2,0,4,5,4,3,4,5
"4110",2,1,1,1,7,1,1,8,1,1,1,1,5,1,1,6,1,2,0,0,2,4,6,2,2,4,3,6,7
"4111",3,2,1,7,7,1,1,8,5,1,1,1,7,1,1,8,1,4,6,0,4,0,0,6,4,3,4,13,11
"4112",4,2,8,7,7,6,1,8,5,2,1,7,7,1,1,8,5,2,5,6,2,5,0,6,5,2,1,20,16
"4113",5,4,8,7,7,19,1,8,5,2,8,7,7,6,1,8,5,2,0,0,6,2,4,2,6,1,1,22,29
"4114",6,4,12,7,7,19,3,8,5,4,8,7,7,19,1,8,5,2,4,0,2,0,0,4,2,2,2,26,31
"4115",7,4,12,7,14,19,3,10,5,4,12,7,7,19,3,8,5,6,1,2,1,2,0,6,2,4,3,33,33
"4116",8,4,12,8,14,19,9,10,8,4,12,7,14,19,3,10,5,1,0,0,1,6,5,1,6,3,2,34,42
"4117",9,4,17,8,14,19,9,10,9,4,12,8,14,19,9,10,8,1,5,0,1,0,0,5,1,2,4,39,43
"4118",10,4,17,10,14,19,12,10,9,4,17,8,14,19,9,10,9,1,3,2,1,3,0,2,3,3,2,41,46
"4119",11,4,18,10,14,31,15,10,9,4,17,10,14,19,12,10,9,1,0,0,6,5,4,1,6,2,1,42,61
"4120",12,4,18,15,14,31,15,10,9,4,18,10,14,31,15,10,9,5,4,0,4,0,0,5,0,3,0,47,61
"4121",0,0,0,0,0,0,0,0,0,0,0,0,0,0,0,0,0,0,0,0,0,0,0,0,0,0,0,0,0
"4122",1,1,7,1,5,4,1,1,1,1,1,1,1,1,1,1,1,3,6,2,3,2,0,6,3,2,1,10,3
"4123",2,1,7,1,7,4,1,6,1,1,7,1,5,4,1,1,1,2,0,0,5,2,1,2,5,4,3,12,8
"4124",3,1,7,3,7,4,1,7,1,1,7,1,7,4,1,6,1,2,1,0,1,0,0,2,1,3,3,14,9
"4125",4,1,7,9,8,9,1,7,1,1,7,3,7,4,1,7,1,5,6,2,5,2,0,6,5,3,1,21,14
"4126",5,1,9,9,8,9,1,7,5,1,7,9,8,9,1,7,1,2,0,0,4,5,2,2,4,2,4,23,18
"4127",6,1,9,14,8,9,3,7,5,1,9,9,8,9,1,7,5,5,2,0,2,0,0,5,2,3,2,28,20
"4128",7,6,9,14,8,10,3,7,5,1,9,14,8,9,3,7,5,1,4,5,1,4,0,5,1,1,1,33,21
"4129",8,6,9,14,12,10,3,10,5,6,9,14,8,10,3,7,5,4,0,0,6,3,1,4,3,4,3,37,24
"4130",9,12,9,14,13,11,3,10,5,6,9,14,12,10,3,10,5,6,1,0,1,0,0,6,1,1,1,44,25
"4131",10,12,14,14,13,13,3,10,5,12,9,14,13,11,3,10,5,2,6,5,2,6,0,5,2,2,1,49,27
"4132",11,18,17,14,13,17,3,10,5,12,14,14,13,13,3,10,5,6,0,0,4,6,4,6,4,1,1,58,31
"4133",12,18,17,18,13,17,3,10,5,18,17,14,13,17,3,10,5,6,4,0,6,0,0,4,0,3,0,62,31
"4134",0,0,0,0,0,0,0,0,0,0,0,0,0,0,0,0,0,0,0,0,0,0,0,0,0,0,0,0,0
"4135",1,1,1,7,3,1,1,6,1,1,1,1,1,1,1,1,1,5,6,4,5,4,0,6,5,3,3,8,5
"4136",2,1,1,11,3,3,1,6,1,1,1,7,3,1,1,6,1,4,0,0,2,6,3,4,2,3,1,12,7
"4137",3,1,10,11,3,6,1,6,1,1,1,11,3,3,1,6,1,6,3,0,3,0,0,6,3,2,1,21,10
"4138",4,6,10,11,3,6,1,6,4,1,10,11,3,6,1,6,1,3,5,2,3,2,0,5,3,1,4,26,13
"4139",5,8,10,11,3,6,1,10,4,6,10,11,3,6,1,6,4,2,0,0,4,4,1,2,4,1,3,28,17
"4140",6,12,10,11,3,6,1,11,4,8,10,11,3,6,1,10,4,4,1,0,1,0,0,4,1,1,3,32,18
"4141",7,17,10,11,3,6,4,11,4,12,10,11,3,6,1,11,4,5,3,1,3,1,0,5,3,1,2,37,21
"4142",8,17,11,11,3,6,4,11,7,17,10,11,3,6,4,11,4,1,0,0,6,2,3,1,3,2,4,38,24
"4143",9,17,17,11,6,8,4,11,7,17,11,11,3,6,4,11,7,6,2,0,2,0,0,6,2,2,1,47,26
"4144",10,17,17,16,6,9,4,11,7,17,17,11,6,8,4,11,7,1,2,5,1,2,0,5,1,3,1,52,27
"4145",11,19,17,16,6,10,4,17,7,17,17,16,6,9,4,11,7,2,0,0,4,6,6,2,6,1,3,54,34
"4146",12,19,21,16,6,10,4,17,7,19,17,16,6,10,4,17,7,4,6,0,6,0,0,4,0,2,0,58,34
"4147",0,0,0,0,0,0,0,0,0,0,0,0,0,0,0,0,0,0,0,0,0,0,0,0,0,0,0,0,0
"4148",1,7,1,4,1,1,1,7,4,1,1,1,1,1,1,1,1,6,6,2,6,2,0,6,6,1,3,9,9
"4149",2,9,1,4,1,1,1,11,4,7,1,4,1,1,1,7,4,2,0,0,4,6,5,2,4,1,3,11,13
"4150",3,15,1,6,1,1,1,16,4,9,1,4,1,1,1,11,4,6,5,0,5,0,0,6,5,1,3,19,18
"4151",4,15,1,7,7,4,1,16,4,15,1,6,1,1,1,16,4,6,1,3,1,3,0,6,3,4,1,26,21
"4152",5,15,1,8,7,4,1,16,9,15,1,7,7,4,1,16,4,1,0,0,2,5,6,1,5,3,4,27,26
"4153",6,15,1,11,13,4,1,18,9,15,1,8,7,4,1,16,9,2,6,0,2,0,0,6,2,4,3,36,28
"4154",7,15,5,11,13,4,1,20,9,15,1,11,13,4,1,18,9,1,4,2,1,2,0,4,2,2,3,40,30
"4155",8,15,5,11,14,4,4,20,9,15,5,11,13,4,1,20,9,1,0,0,3,3,2,1,3,4,2,41,33
"4156",9,15,8,11,14,6,4,20,9,15,5,11,14,4,4,20,9,3,2,0,2,0,0,3,2,2,1,44,35
"4157",10,15,8,15,14,6,8,20,9,15,8,11,14,6,4,20,9,4,1,4,1,4,0,4,4,3,2,48,39
"4158",11,15,8,16,14,6,8,24,9,15,8,15,14,6,8,20,9,1,0,0,1,4,3,1,4,3,3,49,43
"4159",12,15,8,16,17,6,8,24,9,15,8,16,14,6,8,24,9,1,3,0,1,0,0,3,0,4,0,52,43
"4160",0,0,0,0,0,0,0,0,0,0,0,0,0,0,0,0,0,0,0,0,0,0,0,0,0,0,0,0,0
"4161",1,1,1,1,5,4,7,1,1,1,1,1,1,1,1,1,1,6,4,3,6,3,0,4,6,4,2,4,9
"4162",2,1,1,1,8,4,10,1,1,1,1,1,5,4,7,1,1,3,0,0,3,2,3,3,3,4,2,7,12
"4163",3,1,1,1,11,6,10,1,1,1,1,1,8,4,10,1,1,2,3,0,2,0,0,3,2,4,1,10,14
"4164",4,1,1,1,16,6,10,4,1,1,1,1,11,6,10,1,1,5,3,4,3,4,0,5,3,4,3,15,17
"4165",5,1,1,1,1,9,10,4,2,1,1,1,16,6,10,4,1,4,0,0,1,2,6,4,1,4,4,0,21
"4166",6,1,1,1,15,11,10,4,2,1,1,1,1,9,10,4,2,2,6,0,2,0,0,6,2,4,1,14,23
"4167",7,1,7,4,20,11,10,4,3,1,1,1,15,11,10,4,2,2,2,6,2,2,0,6,2,2,4,28,24
"4168",8,1,7,4,1,11,11,5,3,1,7,4,20,11,10,4,3,2,0,0,4,4,6,2,4,4,3,9,26
"4169",9,1,7,11,1,15,11,5,3,1,7,4,1,11,11,5,3,4,6,0,4,0,0,6,4,3,1,16,30
"4170",10,1,7,16,1,18,11,5,3,1,7,11,1,15,11,5,3,3,3,5,3,3,0,5,3,3,1,21,33
"4171",11,1,7,19,1,18,16,5,3,1,7,16,1,18,11,5,3,3,0,0,5,4,3,3,5,3,2,24,38
"4172",12,1,8,23,1,18,16,1,3,1,7,19,1,18,16,5,3,4,3,0,3,0,0,4,0,3,0,29,34
"4173",0,0,0,0,0,0,0,0,0,0,0,0,0,0,0,0,0,0,0,0,0,0,0,0,0,0,0,0,0
"4174",1,1,1,6,1,1,5,1,1,1,1,1,1,1,1,1,1,4,5,4,4,4,0,5,4,3,2,5,4
"4175",2,1,1,10,1,4,5,1,1,1,1,6,1,1,5,1,1,4,0,0,4,3,5,4,3,3,1,9,7
"4176",3,5,1,10,1,4,10,1,1,1,1,10,1,4,5,1,1,4,5,0,5,0,0,4,5,1,2,13,12
"4177",4,5,1,10,10,13,10,1,1,5,1,10,1,4,10,1,1,6,6,2,6,2,0,6,6,4,1,22,21
"4178",5,7,1,10,10,13,14,1,1,5,1,10,10,13,10,1,1,2,0,0,2,1,4,2,4,1,2,24,25
"4179",6,9,1,10,10,13,15,1,1,7,1,10,10,13,14,1,1,2,1,0,1,0,0,2,1,1,2,26,26
"4180",7,9,5,16,10,13,18,1,1,9,1,10,10,13,15,1,1,6,3,4,3,4,0,6,3,3,2,36,29
"4181",8,9,9,16,10,17,18,1,1,9,5,16,10,13,18,1,1,4,0,0,1,4,3,4,4,2,1,40,33
"4182",9,9,12,16,10,17,19,1,1,9,9,16,10,17,18,1,1,1,3,0,1,0,0,3,1,2,2,43,34
"4183",10,15,18,16,15,23,23,1,1,9,12,16,10,17,19,1,1,6,5,6,5,6,0,6,6,1,1,60,44
"4184",11,1,18,16,15,23,23,7,1,15,18,16,15,23,23,1,1,5,0,0,3,6,1,5,1,1,3,46,50
"4185",12,1,18,16,18,23,23,7,1,1,18,16,15,23,23,7,1,3,6,0,6,0,0,3,0,4,0,49,50
"4186",0,0,0,0,0,0,0,0,0,0,0,0,0,0,0,0,0,0,0,0,0,0,0,0,0,0,0,0,0
"4187",1,6,1,1,1,1,1,6,1,1,1,1,1,1,1,1,1,5,5,3,5,3,0,5,5,1,3,5,5
"4188",2,9,1,1,1,1,1,6,6,6,1,1,1,1,1,6,1,3,0,0,5,5,5,3,5,1,4,8,10
"4189",3,9,1,1,6,1,1,11,6,9,1,1,1,1,1,6,6,5,5,0,5,0,0,5,5,4,3,13,15
"4190",4,9,7,1,10,1,1,11,8,9,1,1,6,1,1,11,6,6,2,1,2,1,0,6,2,2,4,23,17
"4191",5,10,7,1,10,1,1,15,8,9,7,1,10,1,1,11,8,1,0,0,4,4,4,1,4,1,3,24,21
"4192",6,10,7,1,14,1,1,19,8,10,7,1,10,1,1,15,8,4,4,0,4,0,0,4,4,4,3,28,25
"4193",7,15,7,1,14,1,1,22,8,10,7,1,14,1,1,19,8,5,3,5,3,5,0,5,3,1,3,33,28
"4194",8,15,12,1,14,1,1,27,8,15,7,1,14,1,1,22,8,5,0,0,3,1,5,5,5,2,3,38,33
"4195",9,15,12,4,14,2,1,27,8,15,12,1,14,1,1,27,8,3,1,0,1,0,0,3,1,3,1,41,34
"4196",10,15,16,4,14,5,1,27,8,15,12,4,14,2,1,27,8,3,4,2,3,2,0,4,3,2,1,45,37
"4197",11,15,16,4,16,5,1,30,8,15,16,4,14,5,1,27,8,2,0,0,3,4,5,2,3,4,3,47,40
"4198",12,15,21,4,16,5,1,30,8,15,16,4,16,5,1,30,8,4,5,0,4,0,0,5,0,2,0,52,40
"4199",0,0,0,0,0,0,0,0,0,0,0,0,0,0,0,0,0,0,0,0,0,0,0,0,0,0,0,0,0
"4200",1,1,1,1,3,3,1,1,1,1,1,1,1,1,1,1,1,2,1,2,1,2,0,2,2,4,1,2,2
"4201",2,2,1,1,3,4,1,1,1,1,1,1,3,3,1,1,1,1,0,0,1,2,4,1,1,1,1,3,3
"4202",3,2,5,1,3,4,1,1,3,2,1,1,3,4,1,1,1,2,4,0,2,0,0,4,2,2,4,7,5
"4203",4,2,5,5,3,7,1,1,3,2,5,1,3,4,1,1,3,1,4,3,1,3,0,4,3,3,1,11,8
"4204",5,2,5,5,4,7,1,4,3,2,5,5,3,7,1,1,3,1,0,0,2,1,3,1,3,4,3,12,11
"4205",6,4,5,5,4,7,2,4,3,2,5,5,4,7,1,4,3,2,1,0,1,0,0,2,1,1,2,14,12
"4206",7,4,10,5,4,12,2,4,3,4,5,5,4,7,2,4,3,5,5,1,5,1,0,5,5,2,1,19,17
"4207",8,4,10,5,5,12,2,4,7,4,10,5,4,12,2,4,3,1,0,0,1,4,1,1,4,4,4,20,21
"4208",9,5,10,5,5,12,2,5,7,4,10,5,5,12,2,4,7,1,1,0,1,0,0,1,1,1,3,21,22
"4209",10,5,14,5,11,17,2,5,7,5,10,5,5,12,2,5,7,5,6,1,5,1,0,6,5,4,1,31,27
"4210",11,6,14,1,11,23,4,5,7,5,14,5,11,17,2,5,7,1,0,0,1,2,6,1,6,1,1,28,35
"4211",12,6,14,2,11,23,4,5,7,6,14,1,11,23,4,5,7,1,2,0,2,0,0,1,0,3,0,29,35
"4212",0,0,0,0,0,0,0,0,0,0,0,0,0,0,0,0,0,0,0,0,0,0,0,0,0,0,0,0,0
"4213",1,4,1,7,1,7,1,1,7,1,1,1,1,1,1,1,1,3,6,6,3,6,0,6,6,3,4,9,12
"4214",2,4,4,7,1,7,1,2,7,4,1,7,1,7,1,1,7,3,0,0,3,1,1,3,1,2,3,12,13
"4215",3,4,7,7,1,7,2,2,7,4,4,7,1,7,1,2,7,3,1,0,1,0,0,3,1,2,2,15,14
"4216",4,9,7,7,1,7,2,2,9,4,7,7,1,7,2,2,7,1,5,2,1,2,0,5,2,1,4,20,16
"4217",5,9,7,7,2,7,2,7,9,9,7,7,1,7,2,2,9,1,0,0,4,5,5,1,5,4,3,21,21
"4218",6,14,7,7,2,7,2,11,9,9,7,7,2,7,2,7,9,4,5,0,4,0,0,5,4,1,3,26,25
"4219",7,14,7,12,2,7,7,11,9,14,7,7,2,7,2,11,9,3,5,5,3,5,0,5,5,3,2,31,30
"4220",8,17,7,12,2,7,17,11,9,14,7,12,2,7,7,11,9,3,0,0,4,6,3,3,6,1,2,34,40
"4221",9,17,7,12,6,7,20,11,9,17,7,12,2,7,17,11,9,4,3,0,3,0,0,4,3,4,2,38,43
"4222",10,17,7,12,7,8,20,11,9,17,7,12,6,7,20,11,9,1,1,2,1,2,0,1,1,4,1,39,44
"4223",11,17,7,14,7,9,20,11,9,17,7,12,7,8,20,11,9,2,0,0,1,4,5,2,1,3,1,41,45
"4224",12,21,7,14,7,9,20,11,9,17,7,14,7,9,20,11,9,4,5,0,5,0,0,4,0,1,0,45,45
"4225",0,0,0,0,0,0,0,0,0,0,0,0,0,0,0,0,0,0,0,0,0,0,0,0,0,0,0,0,0
"4226",1,8,1,1,1,9,7,1,1,1,1,1,1,1,1,1,1,6,2,6,2,6,0,6,6,1,2,7,14
"4227",2,10,1,1,1,9,7,1,5,8,1,1,1,9,7,1,1,2,0,0,1,4,6,2,4,1,4,9,18
"4228",3,14,1,7,1,9,8,1,5,10,1,1,1,9,7,1,5,1,6,0,1,0,0,6,1,3,2,19,19
"4229",4,14,1,7,5,9,8,4,5,14,1,7,1,9,8,1,5,3,4,3,3,3,0,4,3,4,3,23,22
"4230",5,14,4,7,5,13,8,4,5,14,1,7,5,9,8,4,5,3,0,0,6,6,4,3,4,2,1,26,26
"4231",6,14,8,13,5,13,16,4,5,14,4,7,5,13,8,4,5,6,6,0,6,0,0,6,6,3,2,36,34
"4232",7,14,14,13,8,18,16,4,5,14,8,13,5,13,16,4,5,6,5,1,5,1,0,6,5,2,1,45,39
"4233",8,14,15,13,8,18,23,4,5,14,14,13,8,18,16,4,5,1,0,0,6,3,6,1,6,2,2,46,46
"4234",9,15,15,13,14,18,26,4,5,14,15,13,8,18,23,4,5,3,6,0,3,0,0,6,3,4,2,53,49
"4235",10,15,15,13,17,18,29,4,5,15,15,13,14,18,26,4,5,3,2,3,2,3,0,3,3,4,2,56,52
"4236",11,15,15,15,17,23,29,4,5,15,15,13,17,18,29,4,5,2,0,0,2,5,4,2,5,3,1,58,57
"4237",12,15,19,15,17,23,29,4,5,15,15,15,17,23,29,4,5,2,4,0,2,0,0,4,0,2,0,62,57
"4238",0,0,0,0,0,0,0,0,0,0,0,0,0,0,0,0,0,0,0,0,0,0,0,0,0,0,0,0,0
"4239",1,1,1,6,1,1,1,2,1,1,1,1,1,1,1,1,1,1,5,5,1,5,0,5,1,3,3,5,1
"4240",2,6,1,6,1,1,1,2,6,1,1,6,1,1,1,2,1,5,0,0,1,5,4,5,5,1,4,10,6
"4241",3,6,5,6,1,1,1,3,6,6,1,6,1,1,1,2,6,1,4,0,1,0,0,4,1,2,3,14,7
"4242",4,6,5,8,7,6,1,3,6,6,5,6,1,1,1,3,6,6,5,5,5,5,0,6,5,4,1,22,12
"4243",5,11,5,8,7,6,1,4,6,6,5,8,7,6,1,3,6,5,0,0,5,1,3,5,1,1,3,27,13
"4244",6,11,5,8,12,6,1,4,9,11,5,8,7,6,1,4,6,5,3,0,3,0,0,5,3,4,4,32,16
"4245",7,11,5,12,12,9,1,4,9,11,5,8,12,6,1,4,9,4,3,1,3,1,0,4,3,3,1,36,19
"4246",8,11,5,12,13,9,4,4,9,11,5,12,12,9,1,4,9,1,0,0,2,1,3,1,3,4,2,37,22
"4247",9,11,5,14,13,10,4,4,9,11,5,12,13,9,4,4,9,2,1,0,1,0,0,2,1,3,1,39,23
"4248",10,11,9,14,13,11,4,4,9,11,5,14,13,10,4,4,9,1,4,2,1,2,0,4,1,2,1,43,24
"4249",11,13,9,14,13,14,4,4,9,11,9,14,13,11,4,4,9,2,0,0,3,3,5,2,3,1,1,45,27
"4250",12,13,9,19,13,14,4,4,9,13,9,14,13,14,4,4,9,3,5,0,3,0,0,5,0,3,0,50,27
"4251",0,0,0,0,0,0,0,0,0,0,0,0,0,0,0,0,0,0,0,0,0,0,0,0,0,0,0,0,0
"4252",1,1,1,1,8,1,1,3,1,1,1,1,1,1,1,1,1,6,3,2,3,2,0,6,2,4,3,7,2
"4253",2,4,1,1,8,1,1,3,4,1,1,1,8,1,1,3,1,3,0,0,6,3,2,3,3,1,4,10,5
"4254",3,7,1,7,8,1,1,5,4,4,1,1,8,1,1,3,4,6,2,0,2,0,0,6,2,3,3,19,7
"4255",4,7,1,7,11,6,1,5,4,7,1,7,8,1,1,5,4,4,5,3,4,5,0,3,5,4,1,22,12
"4256",5,7,1,7,15,11,1,5,4,7,1,7,11,6,1,5,4,4,0,0,5,1,6,4,5,4,1,26,17
"4257",6,14,1,7,15,11,2,5,4,7,1,7,15,11,1,5,4,1,6,0,1,0,0,6,1,1,2,33,18
"4258",7,14,3,13,15,11,8,7,4,14,1,7,15,11,2,5,4,6,5,6,5,6,0,6,6,3,2,41,26
"4259",8,14,8,13,15,11,13,13,4,14,3,13,15,11,8,7,4,5,0,0,1,2,6,5,6,2,3,46,37
"4260",9,16,8,13,15,11,13,14,4,14,8,13,15,11,13,13,4,1,2,0,1,0,0,2,1,1,3,48,38
"4261",10,16,14,13,16,11,13,18,4,16,8,13,15,11,13,14,4,6,4,4,4,4,0,6,4,2,3,55,42
"4262",11,16,18,13,16,11,18,18,4,16,14,13,16,11,13,18,4,4,0,0,3,6,5,4,5,2,2,59,47
"4263",12,16,18,18,22,11,18,18,1,16,18,13,16,11,18,18,4,3,6,0,3,0,0,6,0,4,0,70,44
"4264",0,0,0,0,0,0,0,0,0,0,0,0,0,0,0,0,0,0,0,0,0,0,0,0,0,0,0,0,0
"4265",1,1,6,1,1,1,1,1,2,1,1,1,1,1,1,1,1,5,4,1,4,1,0,5,1,2,4,5,1
"4266",2,1,6,1,5,1,3,1,2,1,6,1,1,1,1,1,2,4,0,0,2,1,5,4,2,4,2,9,3
"4267",3,1,6,6,5,2,3,1,2,1,6,1,5,1,3,1,2,1,5,0,1,0,0,5,1,3,1,14,4
"4268",4,6,6,6,5,2,8,1,2,1,6,6,5,2,3,1,2,5,5,1,5,1,0,5,5,1,2,19,9
"4269",5,6,6,6,6,4,8,1,2,6,6,6,5,2,8,1,2,1,0,0,1,2,2,1,2,4,1,20,11
"4270",6,6,8,6,6,4,9,1,2,6,6,6,6,4,8,1,2,1,2,0,1,0,0,2,1,2,2,22,12
"4271",7,12,13,6,6,4,10,1,2,6,8,6,6,4,9,1,2,3,1,6,3,1,0,6,1,1,2,33,13
"4272",8,15,13,6,6,4,10,1,3,12,13,6,6,4,10,1,2,3,0,0,1,1,2,3,1,1,4,36,14
"4273",9,15,13,6,7,6,10,1,3,15,13,6,6,4,10,1,3,1,2,0,2,0,0,1,2,4,1,37,16
"4274",10,15,19,7,7,6,11,1,3,15,13,6,7,6,10,1,3,1,3,6,1,3,0,6,1,2,2,44,17
"4275",11,18,19,7,7,11,11,1,9,15,19,7,7,6,11,1,3,3,0,0,6,2,6,3,6,1,4,47,28
"4276",12,18,19,9,7,11,11,1,9,18,19,7,7,11,11,1,9,2,6,0,6,0,0,2,0,3,0,49,28
"4277",0,0,0,0,0,0,0,0,0,0,0,0,0,0,0,0,0,0,0,0,0,0,0,0,0,0,0,0,0
"4278",1,1,6,1,1,1,4,1,1,1,1,1,1,1,1,1,1,5,3,3,3,3,0,5,3,2,2,5,3
"4279",2,1,9,1,1,6,4,1,1,1,6,1,1,1,4,1,1,3,0,0,3,5,5,3,5,2,1,8,8
"4280",3,1,9,1,6,6,4,4,1,1,9,1,1,6,4,1,1,3,5,0,3,0,0,5,3,4,3,13,11
"4281",4,1,9,5,6,6,7,4,1,1,9,1,6,6,4,4,1,2,4,3,2,3,0,4,3,3,2,17,14
"4282",5,3,9,5,6,8,7,4,1,1,9,5,6,6,7,4,1,2,0,0,3,2,2,2,2,1,1,19,16
"4283",6,6,9,5,6,8,7,6,1,3,9,5,6,8,7,4,1,3,2,0,2,0,0,3,2,1,3,22,18
"4284",7,6,9,10,6,8,7,10,1,6,9,5,6,8,7,6,1,3,4,5,3,4,0,5,4,3,3,27,22
"4285",8,6,12,10,6,8,7,10,6,6,9,10,6,8,7,10,1,3,0,0,1,6,5,3,5,2,4,30,27
"4286",9,6,12,19,6,8,8,10,6,6,12,10,6,8,7,10,6,1,6,0,1,0,0,6,1,3,2,39,28
"4287",10,11,12,19,6,8,13,10,6,6,12,19,6,8,8,10,6,5,5,3,5,3,0,5,5,1,2,44,33
"4288",11,14,12,19,6,10,13,10,6,11,12,19,6,8,13,10,6,3,0,0,2,3,3,3,2,1,1,47,35
"4289",12,17,12,19,6,10,13,10,6,14,12,19,6,10,13,10,6,3,3,0,3,0,0,3,0,1,0,50,35
"4290",0,0,0,0,0,0,0,0,0,0,0,0,0,0,0,0,0,0,0,0,0,0,0,0,0,0,0,0,0
"4291",1,1,4,1,1,1,1,1,3,1,1,1,1,1,1,1,1,1,3,2,1,2,0,3,2,2,4,3,2
"4292",2,1,5,1,1,1,6,1,3,1,4,1,1,1,1,1,3,1,0,0,3,5,1,1,5,2,2,4,7
"4293",3,4,5,1,1,2,6,1,3,1,5,1,1,1,6,1,3,3,1,0,1,0,0,3,1,1,1,7,8
"4294",4,10,5,1,6,2,6,1,8,4,5,1,1,2,6,1,3,6,5,6,5,6,0,6,5,1,4,18,13
"4295",5,13,5,1,12,7,6,1,8,10,5,1,6,2,6,1,8,6,0,0,5,4,4,6,5,4,1,27,18
"4296",6,13,5,5,12,7,10,1,8,13,5,1,12,7,6,1,8,4,4,0,4,0,0,4,4,3,2,31,22
"4297",7,13,5,10,12,7,12,1,8,13,5,5,12,7,10,1,8,2,4,5,2,4,0,5,2,3,2,36,24
"4298",8,13,9,10,12,7,16,1,8,13,5,10,12,7,12,1,8,4,0,0,2,6,4,4,4,2,2,40,28
"4299",9,13,14,16,18,9,16,1,8,13,9,10,12,7,16,1,8,2,6,0,2,0,0,6,2,4,1,57,30
"4300",10,17,14,16,18,10,16,1,8,13,14,16,18,9,16,1,8,1,2,4,1,2,0,4,1,1,1,61,31
"4301",11,19,14,16,18,15,16,1,8,17,14,16,18,10,16,1,8,2,0,0,5,3,2,2,5,1,1,63,36
"4302",12,22,14,16,18,15,16,1,8,19,14,16,18,15,16,1,8,3,2,0,2,0,0,3,0,1,0,66,36
"4303",0,0,0,0,0,0,0,0,0,0,0,0,0,0,0,0,0,0,0,0,0,0,0,0,0,0,0,0,0
"4304",1,1,1,5,1,1,1,4,1,1,1,1,1,1,1,1,1,4,3,1,3,1,0,4,3,3,3,4,3
"4305",2,1,1,5,2,1,6,4,1,1,1,5,1,1,1,4,1,1,0,0,2,3,5,1,5,4,2,5,8
"4306",3,1,1,8,2,1,8,4,1,1,1,5,2,1,6,4,1,2,3,0,2,0,0,3,2,3,2,8,10
"4307",4,1,1,8,7,2,8,4,1,1,1,8,2,1,8,4,1,1,2,5,1,2,0,5,1,4,1,13,11
"4308",5,1,3,8,7,2,15,4,1,1,1,8,7,2,8,4,1,2,0,0,6,2,2,2,6,2,2,15,18
"4309",6,1,3,8,9,2,17,4,1,1,3,8,7,2,15,4,1,2,2,0,2,0,0,2,2,4,2,17,20
"4310",7,1,3,11,9,6,17,4,1,1,3,8,9,2,17,4,1,1,3,4,1,4,0,3,4,3,1,20,24
"4311",8,2,3,11,9,6,17,4,6,1,3,11,9,6,17,4,1,1,0,0,5,5,3,1,5,1,4,21,29
"4312",9,2,3,11,14,6,17,4,9,2,3,11,9,6,17,4,6,5,3,0,3,0,0,5,3,4,4,26,32
"4313",10,5,3,11,14,12,18,4,15,2,3,11,14,6,17,4,9,3,2,6,2,6,0,3,6,1,1,29,45
"4314",11,5,3,11,16,20,18,4,15,5,3,11,14,12,18,4,15,2,0,0,6,1,2,2,6,4,1,31,53
"4315",12,7,3,11,16,20,18,4,15,5,3,11,16,20,18,4,15,1,2,0,1,0,0,2,0,1,0,33,53
"4316",0,0,0,0,0,0,0,0,0,0,0,0,0,0,0,0,0,0,0,0,0,0,0,0,0,0,0,0,0
"4317",1,7,1,1,4,2,1,7,1,1,1,1,1,1,1,1,1,6,6,2,6,2,0,6,6,1,3,9,7
"4318",2,7,1,1,6,2,1,10,1,7,1,1,4,2,1,7,1,2,0,0,4,3,6,2,3,4,3,11,10
"4319",3,7,7,1,9,2,1,14,1,7,1,1,6,2,1,10,1,4,6,0,4,0,0,6,4,2,3,20,14
"4320",4,7,11,1,9,2,4,14,1,7,7,1,9,2,1,14,1,1,3,4,1,3,0,4,3,2,2,24,17
"4321",5,7,12,1,9,2,4,15,1,7,11,1,9,2,4,14,1,1,0,0,1,4,3,1,1,2,3,25,18
"4322",6,7,12,1,12,2,4,15,5,7,12,1,9,2,4,15,1,4,3,0,4,0,0,3,4,4,4,28,22
"4323",7,7,18,1,17,5,4,15,5,7,12,1,12,2,4,15,5,6,1,3,1,3,0,6,3,2,1,39,25
"4324",8,7,18,2,17,8,4,15,5,7,18,1,17,5,4,15,5,1,0,0,2,3,4,1,3,3,1,40,28
"4325",9,7,18,2,21,8,4,17,5,7,18,2,17,8,4,15,5,2,4,0,2,0,0,4,2,4,3,44,30
"4326",10,7,18,6,21,8,4,20,5,7,18,2,21,8,4,17,5,3,4,4,3,4,0,4,3,3,3,48,33
"4327",11,11,18,6,21,12,4,20,5,7,18,6,21,8,4,20,5,4,0,0,4,4,2,4,4,1,1,52,37
"4328",12,15,18,6,21,12,4,20,5,11,18,6,21,12,4,20,5,4,2,0,2,0,0,4,0,1,0,56,37
"4329",0,0,0,0,0,0,0,0,0,0,0,0,0,0,0,0,0,0,0,0,0,0,0,0,0,0,0,0,0
"4330",1,7,1,2,1,3,1,1,1,1,1,1,1,1,1,1,1,2,6,2,2,2,0,6,2,1,1,7,2
"4331",2,7,3,2,1,8,1,1,1,7,1,2,1,3,1,1,1,2,0,0,1,3,5,2,5,2,1,9,7
"4332",3,7,3,5,1,8,2,1,1,7,3,2,1,8,1,1,1,1,3,0,1,0,0,3,1,3,2,12,8
"4333",4,13,4,5,1,11,2,1,1,7,3,5,1,8,2,1,1,6,2,3,2,3,0,6,3,1,1,19,11
"4334",5,13,4,5,3,11,2,6,1,13,4,5,1,11,2,1,1,2,0,0,2,1,5,2,5,4,3,21,16
"4335",6,15,4,5,3,11,3,6,1,13,4,5,3,11,2,6,1,2,1,0,1,0,0,2,1,1,2,23,17
"4336",7,15,4,8,9,11,6,6,1,15,4,5,3,11,3,6,1,6,3,4,3,4,0,6,3,4,2,32,20
"4337",8,15,8,8,9,13,6,6,1,15,4,8,9,11,6,6,1,4,0,0,2,2,2,4,2,2,1,36,22
"4338",9,15,8,8,11,15,6,6,1,15,8,8,9,13,6,6,1,2,2,0,2,0,0,2,2,4,1,38,24
"4339",10,15,11,8,11,15,9,6,1,15,8,8,11,15,6,6,1,3,1,3,1,3,0,3,3,2,2,41,27
"4340",11,16,11,8,11,19,15,6,1,15,11,8,11,15,9,6,1,1,0,0,6,1,6,1,6,1,2,42,37
"4341",12,16,11,9,11,19,15,6,1,16,11,8,11,19,15,6,1,1,6,0,6,0,0,1,0,3,0,43,37
"4342",0,0,0,0,0,0,0,0,0,0,0,0,0,0,0,0,0,0,0,0,0,0,0,0,0,0,0,0,0
"4343",1,1,7,2,1,1,1,5,1,1,1,1,1,1,1,1,1,1,4,6,1,4,0,6,4,2,3,7,4
"4344",2,2,7,2,1,4,1,5,1,1,7,2,1,1,1,5,1,1,0,0,3,2,1,1,3,1,1,8,7
"4345",3,2,7,2,3,4,1,6,1,2,7,2,1,4,1,5,1,2,1,0,1,0,0,2,1,4,3,10,8
"4346",4,7,7,2,3,4,5,6,1,2,7,2,3,4,1,6,1,5,5,4,5,4,0,5,4,1,2,15,12
"4347",5,7,7,7,3,4,5,6,4,7,7,2,3,4,5,6,1,5,0,0,3,3,6,5,3,3,4,20,15
"4348",6,7,7,14,9,4,8,6,4,7,7,7,3,4,5,6,4,3,6,0,3,0,0,6,3,3,2,33,18
"4349",7,7,12,14,9,8,8,6,4,7,7,14,9,4,8,6,4,1,5,4,1,4,0,5,4,2,1,38,22
"4350",8,7,12,15,9,8,9,6,4,7,12,14,9,8,8,6,4,1,0,0,1,6,3,1,1,3,2,39,23
"4351",9,13,17,15,9,8,9,9,4,7,12,15,9,8,9,6,4,6,3,0,3,0,0,6,3,1,3,50,26
"4352",10,13,17,15,14,13,9,9,4,13,17,15,9,8,9,9,4,5,5,4,5,4,0,5,5,4,1,55,31
"4353",11,17,17,15,14,18,9,9,4,13,17,15,14,13,9,9,4,4,0,0,5,1,1,4,5,1,1,59,36
"4354",12,17,17,16,14,18,9,9,4,17,17,15,14,18,9,9,4,1,1,0,1,0,0,1,0,3,0,60,36
"4355",0,0,0,0,0,0,0,0,0,0,0,0,0,0,0,0,0,0,0,0,0,0,0,0,0,0,0,0,0
"4356",1,1,1,3,1,1,1,1,6,1,1,1,1,1,1,1,1,5,5,2,5,5,0,2,5,3,4,2,5
"4357",2,1,6,3,1,1,3,1,6,1,1,3,1,1,1,1,6,5,0,0,2,5,2,5,2,2,2,7,7
"4358",3,1,6,8,1,1,3,1,8,1,6,3,1,1,3,1,6,5,2,0,2,0,0,5,2,3,4,12,9
"4359",4,5,6,8,1,3,3,1,8,1,6,8,1,1,3,1,8,4,2,2,2,2,0,4,2,1,1,16,11
"4360",5,5,8,8,1,3,3,1,13,5,6,8,1,3,3,1,8,2,0,0,5,4,1,2,5,2,4,18,16
"4361",6,5,8,12,1,4,3,1,13,5,8,8,1,3,3,1,13,4,1,0,1,0,0,4,1,3,1,22,17
"4362",7,11,12,12,7,4,3,1,16,5,8,12,1,4,3,1,13,6,1,3,1,3,0,6,3,4,4,38,20
"4363",8,11,13,12,7,4,3,1,19,11,12,12,7,4,3,1,16,1,0,0,3,6,1,1,3,2,4,39,23
"4364",9,11,13,12,14,5,3,1,19,11,13,12,7,4,3,1,19,6,1,0,1,0,0,6,1,4,1,46,24
"4365",10,15,13,12,14,10,3,1,19,11,13,12,14,5,3,1,19,1,4,5,1,5,0,4,5,1,1,50,29
"4366",11,15,14,12,14,10,3,1,24,15,13,12,14,10,3,1,19,1,0,0,2,5,6,1,5,2,4,51,34
"4367",12,15,14,12,16,10,3,1,24,15,14,12,14,10,3,1,24,2,6,0,6,0,0,2,0,4,0,53,34
"4368",0,0,0,0,0,0,0,0,0,0,0,0,0,0,0,0,0,0,0,0,0,0,0,0,0,0,0,0,0
"4369",1,4,1,1,1,1,1,4,1,1,1,1,1,1,1,1,1,3,1,3,1,3,0,3,3,1,3,3,3
"4370",2,4,2,1,1,5,1,4,7,4,1,1,1,1,1,4,1,1,0,0,6,2,5,1,6,2,4,4,13
"4371",3,4,2,1,6,5,1,6,7,4,2,1,1,5,1,4,7,2,5,0,2,0,0,5,2,4,3,9,15
"4372",4,4,2,1,11,5,1,6,8,4,2,1,6,5,1,6,7,5,1,1,1,1,0,5,1,4,4,14,16
"4373",5,4,2,2,11,5,5,6,8,4,2,1,11,5,1,6,8,1,0,0,4,3,2,1,4,3,2,15,20
"4374",6,7,2,2,11,5,5,6,10,4,2,2,11,5,5,6,8,3,2,0,2,0,0,3,2,1,4,18,22
"4375",7,7,2,2,16,5,7,6,10,7,2,2,11,5,5,6,10,5,2,2,2,2,0,5,2,4,2,23,24
"4376",8,7,2,2,18,10,7,6,10,7,2,2,16,5,7,6,10,2,0,0,5,4,2,2,5,4,1,25,29
"4377",9,7,2,2,22,10,7,8,10,7,2,2,18,10,7,6,10,4,2,0,2,0,0,4,2,4,3,29,31
"4378",10,18,2,2,22,16,7,8,11,7,2,2,22,10,7,8,10,6,6,3,6,3,0,6,6,1,1,40,38
"4379",11,18,2,7,25,16,5,8,11,18,2,2,22,16,7,8,11,3,0,0,4,2,1,3,4,4,2,48,36
"4380",12,18,4,7,25,16,5,8,11,18,2,7,25,16,5,8,11,2,1,0,1,0,0,2,0,2,0,50,36
"4381",0,0,0,0,0,0,0,0,0,0,0,0,0,0,0,0,0,0,0,0,0,0,0,0,0,0,0,0,0
"4382",1,1,6,1,1,1,1,2,1,1,1,1,1,1,1,1,1,5,3,1,3,1,0,5,1,2,3,5,1
"4383",2,4,6,1,1,4,1,8,7,1,6,1,1,1,1,2,1,3,0,0,4,6,4,3,6,1,4,8,16
"4384",3,4,6,5,1,4,1,8,11,4,6,1,1,4,1,8,7,4,4,0,4,0,0,4,4,3,4,12,20
"4385",4,4,6,9,1,14,7,8,11,4,6,5,1,4,1,8,11,6,2,4,6,2,0,4,6,3,2,16,36
"4386",5,6,6,9,1,14,7,12,11,4,6,9,1,14,7,8,11,2,0,0,4,2,6,2,4,1,3,18,40
"4387",6,6,7,21,1,14,9,12,11,6,6,9,1,14,7,12,11,2,6,0,2,0,0,6,2,3,2,31,42
"4388",7,12,11,29,1,14,1,17,1,6,7,21,1,14,9,12,11,5,6,6,5,6,0,6,5,3,3,49,29
"4389",8,12,17,35,7,16,1,1,1,12,11,29,1,14,1,17,1,6,0,0,2,3,5,6,2,2,1,67,15
"4390",9,12,17,38,7,21,1,1,1,12,17,35,7,16,1,1,1,3,5,0,5,0,0,3,5,3,1,70,20
"4391",10,15,17,38,7,22,1,1,1,12,17,38,7,21,1,1,1,3,1,5,1,5,0,3,1,1,1,73,21
"4392",11,15,22,38,7,26,1,1,1,15,17,38,7,22,1,1,1,5,0,0,4,4,1,5,4,2,1,78,25
"4393",12,15,26,38,7,26,1,1,1,15,22,38,7,26,1,1,1,4,1,0,1,0,0,4,0,2,0,82,25
"4394",0,0,0,0,0,0,0,0,0,0,0,0,0,0,0,0,0,0,0,0,0,0,0,0,0,0,0,0,0
"4395",1,1,11,1,1,1,1,3,1,1,1,1,1,1,1,1,1,2,6,4,2,4,0,6,2,2,3,10,2
"4396",2,1,11,5,1,6,1,9,1,1,11,1,1,1,1,3,1,4,0,0,2,6,5,4,6,3,3,14,13
"4397",3,6,11,5,1,8,1,9,1,1,11,5,1,6,1,9,1,2,5,0,2,0,0,5,2,1,1,19,15
"4398",4,12,17,5,1,9,1,9,1,6,11,5,1,8,1,9,1,6,1,2,1,2,0,6,1,1,1,31,16
"4399",5,12,17,7,1,11,1,9,1,12,17,5,1,9,1,9,1,2,0,0,1,2,3,2,2,3,1,33,18
"4400",6,12,17,7,4,11,1,10,1,12,17,7,1,11,1,9,1,1,3,0,1,0,0,3,1,4,3,36,19
"4401",7,12,17,9,4,12,1,10,1,12,17,7,4,11,1,10,1,2,1,3,1,3,0,2,1,3,1,38,20
"4402",8,12,17,12,4,12,6,10,1,12,17,9,4,12,1,10,1,3,0,0,4,4,5,3,5,3,2,41,25
"4403",9,12,17,16,4,12,10,10,1,12,17,12,4,12,6,10,1,4,4,0,4,0,0,4,4,3,2,45,29
"4404",10,12,17,16,14,17,10,10,1,12,17,16,4,12,10,10,1,6,1,5,1,5,0,6,5,4,1,55,34
"4405",11,12,17,16,15,17,10,13,1,12,17,16,14,17,10,10,1,1,0,0,3,2,4,1,3,4,3,56,37
"4406",12,12,17,16,17,17,10,13,1,12,17,16,15,17,10,13,1,2,4,0,4,0,0,2,0,4,0,58,37
"4407",0,0,0,0,0,0,0,0,0,0,0,0,0,0,0,0,0,0,0,0,0,0,0,0,0,0,0,0,0
"4408",1,1,4,1,7,1,6,1,1,1,1,1,1,1,1,1,1,6,5,2,5,2,0,6,5,4,2,9,5
"4409",2,1,6,1,7,1,6,5,1,1,4,1,7,1,6,1,1,2,0,0,4,5,4,2,4,2,3,11,9
"4410",3,1,6,6,7,1,6,5,5,1,6,1,7,1,6,5,1,5,4,0,4,0,0,5,4,3,4,16,13
"4411",4,12,12,6,7,1,6,8,5,1,6,6,7,1,6,5,5,5,6,3,5,3,0,6,3,1,3,33,16
"4412",5,12,12,11,7,1,6,9,5,12,12,6,7,1,6,8,5,5,0,0,4,1,6,5,1,3,3,38,17
"4413",6,12,12,11,16,1,6,13,5,12,12,11,7,1,6,9,5,4,6,0,4,0,0,6,4,4,3,47,21
"4414",7,12,16,11,16,1,6,14,5,12,12,11,16,1,6,13,5,4,1,5,1,5,0,4,1,2,3,51,22
"4415",8,17,16,11,16,1,11,14,5,12,16,11,16,1,6,14,5,5,0,0,6,5,5,5,5,1,2,56,27
"4416",9,26,16,11,16,6,11,14,1,17,16,11,16,1,11,14,5,6,5,0,5,0,0,6,5,1,1,65,28
"4417",10,26,21,11,16,6,11,14,4,26,16,11,16,6,11,14,1,5,3,2,3,2,0,5,3,2,4,70,31
"4418",11,26,21,13,16,7,11,14,4,26,21,11,16,6,11,14,4,2,0,0,1,1,1,2,1,3,1,72,32
"4419",12,27,21,13,16,7,11,14,4,26,21,13,16,7,11,14,4,1,1,0,1,0,0,1,0,1,0,73,32
"4420",0,0,0,0,0,0,0,0,0,0,0,0,0,0,0,0,0,0,0,0,0,0,0,0,0,0,0,0,0
"4421",1,7,1,1,6,1,1,1,3,1,1,1,1,1,1,1,1,3,6,2,3,2,0,6,2,1,4,11,2
"4422",2,7,1,1,9,1,1,1,7,7,1,1,6,1,1,1,3,3,0,0,4,1,4,3,4,4,4,14,6
"4423",3,7,5,1,9,2,1,1,7,7,1,1,9,1,1,1,7,1,4,0,1,0,0,4,1,2,1,18,7
"4424",4,7,5,1,14,4,1,1,7,7,5,1,9,2,1,1,7,2,5,2,2,2,0,5,2,4,1,23,9
"4425",5,9,5,1,14,7,1,1,7,7,5,1,14,4,1,1,7,2,0,0,2,5,3,2,3,1,1,25,12
"4426",6,9,5,6,14,7,1,1,9,9,5,1,14,7,1,1,7,2,5,0,2,0,0,5,2,3,4,30,14
"4427",7,9,5,9,14,7,1,2,9,9,5,6,14,7,1,1,9,1,1,3,1,1,0,3,1,3,3,33,15
"4428",8,9,5,10,14,7,6,2,9,9,5,9,14,7,1,2,9,1,0,0,5,3,1,1,5,3,2,34,20
"4429",9,12,5,10,14,8,6,2,9,9,5,10,14,7,6,2,9,3,1,0,1,0,0,3,1,1,1,37,21
"4430",10,12,10,16,14,11,6,2,9,12,5,10,14,8,6,2,9,6,3,6,3,6,0,6,3,3,1,48,24
"4431",11,14,16,16,14,12,6,2,9,12,10,16,14,11,6,2,9,6,0,0,1,2,2,6,1,2,1,56,25
"4432",12,16,16,16,14,12,6,2,9,14,16,16,14,12,6,2,9,2,2,0,2,0,0,2,0,1,0,58,25
"4433",0,0,0,0,0,0,0,0,0,0,0,0,0,0,0,0,0,0,0,0,0,0,0,0,0,0,0,0,0
"4434",1,1,3,1,1,1,1,1,2,1,1,1,1,1,1,1,1,3,1,2,3,1,0,2,1,2,4,2,1
"4435",2,1,3,1,4,1,1,1,4,1,3,1,1,1,1,1,2,3,0,0,2,3,4,3,2,4,4,5,3
"4436",3,5,3,1,4,1,4,1,4,1,3,1,4,1,1,1,4,3,4,0,3,0,0,4,3,1,2,9,6
"4437",4,5,8,1,4,6,4,1,4,5,3,1,4,1,4,1,4,3,5,5,3,5,0,5,5,2,1,14,11
"4438",5,8,8,1,4,8,4,7,4,5,8,1,4,6,4,1,4,3,0,0,6,6,6,3,6,1,3,17,19
"4439",6,8,14,5,4,16,4,7,4,8,8,1,4,8,4,7,4,6,6,0,6,0,0,6,6,2,1,27,27
"4440",7,8,14,6,4,16,5,7,4,8,14,5,4,16,4,7,4,1,1,1,1,1,0,1,1,3,2,28,28
"4441",8,9,14,6,4,16,5,7,7,8,14,6,4,16,5,7,4,1,0,0,2,3,6,1,3,1,4,29,31
"4442",9,9,22,6,4,18,5,7,7,9,14,6,4,16,5,7,7,2,6,0,2,0,0,6,2,2,1,37,33
"4443",10,9,22,10,4,18,5,7,10,9,22,6,4,18,5,7,7,3,1,4,3,1,0,4,3,3,4,41,36
"4444",11,9,24,10,4,21,1,7,10,9,22,10,4,18,5,7,10,1,0,0,3,6,2,1,3,2,1,43,35
"4445",12,9,24,12,4,21,1,7,10,9,24,10,4,21,1,7,10,6,2,0,6,0,0,2,0,3,0,45,35
"4446",0,0,0,0,0,0,0,0,0,0,0,0,0,0,0,0,0,0,0,0,0,0,0,0,0,0,0,0,0
"4447",1,1,5,1,1,1,4,1,1,1,1,1,1,1,1,1,1,4,3,3,3,3,0,4,3,2,2,4,3
"4448",2,4,5,1,1,7,4,1,4,1,5,1,1,1,4,1,1,3,0,0,6,6,6,3,6,1,1,7,12
"4449",3,4,11,6,1,7,4,5,10,4,5,1,1,7,4,1,4,6,6,0,6,0,0,6,6,2,4,18,22
"4450",4,4,15,6,1,7,4,6,10,4,11,6,1,7,4,5,10,1,1,4,1,1,0,4,1,2,3,22,23
"4451",5,4,15,6,2,9,4,6,10,4,15,6,1,7,4,6,10,1,0,0,5,2,6,1,2,4,1,23,25
"4452",6,4,15,12,6,14,4,6,10,4,15,6,2,9,4,6,10,5,6,0,5,0,0,6,5,3,1,33,30
"4453",7,9,15,12,6,14,4,6,13,4,15,12,6,14,4,6,10,3,2,5,3,2,0,5,3,1,4,38,33
"4454",8,11,15,12,6,14,10,6,14,9,15,12,6,14,4,6,13,2,0,0,6,2,6,2,6,1,2,40,40
"4455",9,11,20,18,6,14,12,6,14,11,15,12,6,14,10,6,14,2,6,0,2,0,0,6,2,3,2,51,42
"4456",10,11,20,18,11,14,12,8,14,11,20,18,6,14,12,6,14,2,5,1,2,1,0,5,2,4,3,56,44
"4457",11,12,20,18,11,14,12,12,14,11,20,18,11,14,12,8,14,1,0,0,4,2,6,1,4,1,3,57,48
"4458",12,12,20,18,13,14,12,12,14,12,20,18,11,14,12,12,14,2,6,0,6,0,0,2,0,4,0,59,48
"4459",0,0,0,0,0,0,0,0,0,0,0,0,0,0,0,0,0,0,0,0,0,0,0,0,0,0,0,0,0
"4460",1,1,1,1,4,2,1,1,1,1,1,1,1,1,1,1,1,1,1,3,1,1,0,3,1,4,1,3,1
"4461",2,1,1,2,4,2,14,1,1,1,1,1,4,2,1,1,1,1,0,0,6,1,3,1,6,3,2,4,14
"4462",3,4,1,2,4,3,14,1,1,1,1,2,4,2,14,1,1,1,3,0,1,0,0,3,1,1,1,7,15
"4463",4,4,1,7,4,6,14,1,1,4,1,2,4,3,14,1,1,1,5,3,1,3,0,5,3,3,1,12,18
"4464",5,5,1,7,4,6,15,1,1,4,1,7,4,6,14,1,1,1,0,0,1,5,6,1,1,1,2,13,19
"4465",6,5,12,7,4,6,20,1,1,5,1,7,4,6,15,1,1,5,6,0,5,0,0,6,5,2,2,24,24
"4466",7,1,12,8,4,8,23,1,1,5,12,7,4,6,20,1,1,3,1,1,3,1,0,1,3,3,2,21,29
"4467",8,1,12,8,7,8,4,1,1,1,12,8,4,8,23,1,1,1,0,0,3,4,4,1,3,4,2,24,10
"4468",9,1,12,8,11,12,4,1,1,1,12,8,7,8,4,1,1,4,4,0,4,0,0,4,4,4,1,28,14
"4469",10,5,12,8,11,15,10,1,1,1,12,8,11,12,4,1,1,6,6,4,6,6,0,4,6,1,2,32,23
"4470",11,16,12,8,11,17,10,1,1,5,12,8,11,15,10,1,1,6,0,0,2,2,6,6,2,1,1,43,25
"4471",12,16,12,8,13,17,10,1,1,16,12,8,11,17,10,1,1,2,6,0,6,0,0,2,0,4,0,45,25
"4472",0,0,0,0,0,0,0,0,0,0,0,0,0,0,0,0,0,0,0,0,0,0,0,0,0,0,0,0,0
"4473",1,3,1,1,7,12,1,1,1,1,1,1,1,1,1,1,1,6,6,3,6,3,0,6,6,4,1,8,11
"4474",2,3,1,4,7,12,1,1,5,3,1,1,7,12,1,1,1,3,0,0,1,2,4,3,4,3,4,11,15
"4475",3,3,3,4,7,12,1,1,6,3,1,4,7,12,1,1,5,1,2,0,1,0,0,2,1,2,4,13,16
"4476",4,5,3,4,7,12,1,3,6,3,3,4,7,12,1,1,6,2,2,2,2,2,0,2,2,1,3,15,18
"4477",5,7,3,4,7,12,1,5,6,5,3,4,7,12,1,3,6,2,0,0,4,2,6,2,2,1,3,17,20
"4478",6,7,9,4,11,16,1,5,6,7,3,4,7,12,1,5,6,4,6,0,4,0,0,6,4,2,1,27,24
"4479",7,7,14,4,11,16,1,5,10,7,9,4,11,16,1,5,6,4,5,3,4,3,0,5,4,2,4,32,28
"4480",8,7,14,7,11,16,1,5,12,7,14,4,11,16,1,5,10,3,0,0,3,2,4,3,2,3,4,35,30
"4481",9,7,14,11,11,16,4,5,12,7,14,7,11,16,1,5,12,3,4,0,3,0,0,4,3,3,2,39,33
"4482",10,12,14,11,11,20,4,5,12,7,14,11,11,16,4,5,12,4,5,5,4,5,0,5,4,1,1,44,37
"4483",11,17,14,11,11,22,4,5,12,12,14,11,11,20,4,5,12,5,0,0,2,2,5,5,2,1,1,49,39
"4484",12,22,14,16,11,22,1,5,12,17,14,11,11,22,4,5,12,2,5,0,2,0,0,5,0,1,0,59,36
"4485",0,0,0,0,0,0,0,0,0,0,0,0,0,0,0,0,0,0,0,0,0,0,0,0,0,0,0,0,0
"4486",1,1,1,4,1,4,1,1,1,1,1,1,1,1,1,1,1,3,3,2,3,2,0,3,3,3,1,3,3
"4487",2,1,1,6,1,4,1,2,1,1,1,4,1,4,1,1,1,2,0,0,1,4,3,2,1,3,3,5,4
"4488",3,1,5,6,1,4,1,5,1,1,1,6,1,4,1,2,1,4,3,0,3,0,0,4,3,2,3,9,7
"4489",4,1,8,6,1,4,1,5,4,1,5,6,1,4,1,5,1,3,3,3,3,3,0,3,3,2,4,12,10
"4490",5,1,11,6,1,4,1,10,4,1,8,6,1,4,1,5,4,3,0,0,4,5,2,3,5,2,3,15,15
"4491",6,1,11,10,1,4,1,12,4,1,11,6,1,4,1,10,4,4,2,0,2,0,0,4,2,3,3,19,17
"4492",7,1,11,10,6,4,4,12,4,1,11,10,1,4,1,12,4,3,5,2,3,2,0,5,3,4,2,24,20
"4493",8,1,11,12,6,6,4,18,4,1,11,10,6,4,4,12,4,2,0,0,2,6,6,2,6,3,3,26,28
"4494",9,1,11,18,7,6,4,18,6,1,11,12,6,6,4,18,4,2,6,0,2,0,0,6,2,3,4,33,30
"4495",10,1,11,18,10,7,4,18,6,1,11,18,7,6,4,18,6,1,1,3,1,1,0,3,1,4,1,36,31
"4496",11,1,11,18,11,9,4,18,6,1,11,18,10,7,4,18,6,1,0,0,5,1,2,1,2,4,1,37,33
"4497",12,1,16,18,11,9,4,18,6,1,11,18,11,9,4,18,6,5,1,0,1,0,0,5,0,2,0,42,33
"4498",0,0,0,0,0,0,0,0,0,0,0,0,0,0,0,0,0,0,0,0,0,0,0,0,0,0,0,0,0
"4499",1,1,5,1,1,1,1,1,3,1,1,1,1,1,1,1,1,2,4,4,2,4,0,4,2,2,4,4,2
"4500",2,5,5,1,1,1,1,1,4,1,5,1,1,1,1,1,3,4,0,0,1,1,3,4,1,1,4,8,3
"4501",3,5,5,4,1,2,1,1,4,5,5,1,1,1,1,1,4,1,3,0,1,0,0,3,1,3,1,11,4
"4502",4,5,7,4,7,7,1,1,4,5,5,4,1,2,1,1,4,6,1,5,1,5,0,6,5,4,1,19,9
"4503",5,5,8,4,7,7,4,1,4,5,7,4,7,7,1,1,4,1,0,0,3,3,1,1,3,2,2,20,12
"4504",6,5,8,4,10,7,5,1,4,5,8,4,7,7,4,1,4,3,1,0,1,0,0,3,1,4,2,23,13
"4505",7,5,12,4,10,10,5,1,4,5,8,4,10,7,5,1,4,2,3,4,2,3,0,4,3,2,1,27,16
"4506",8,5,12,6,10,13,5,1,4,5,12,4,10,10,5,1,4,2,0,0,3,2,3,2,3,3,1,29,19
"4507",9,5,12,8,10,16,5,1,4,5,12,6,10,13,5,1,4,2,3,0,3,0,0,2,3,3,1,31,22
"4508",10,9,12,8,10,16,5,1,7,5,12,8,10,16,5,1,4,2,3,4,2,3,0,4,3,1,4,35,25
"4509",11,9,14,8,10,21,5,1,7,9,12,8,10,16,5,1,7,2,0,0,5,1,2,2,5,2,1,37,30
"4510",12,9,16,8,10,21,5,1,7,9,14,8,10,21,5,1,7,1,2,0,1,0,0,2,0,2,0,39,30
"4511",0,0,0,0,0,0,0,0,0,0,0,0,0,0,0,0,0,0,0,0,0,0,0,0,0,0,0,0,0
"4512",1,1,1,6,1,1,1,1,4,1,1,1,1,1,1,1,1,3,4,5,3,4,0,5,3,3,4,5,3
"4513",2,1,5,6,1,1,5,1,4,1,1,6,1,1,1,1,4,4,0,0,2,4,4,4,4,2,2,9,7
"4514",3,5,5,6,1,1,7,1,4,1,5,6,1,1,5,1,4,2,4,0,2,0,0,4,2,1,2,13,9
"4515",4,5,9,6,1,1,11,1,4,5,5,6,1,1,7,1,4,4,1,4,1,4,0,4,4,2,2,17,13
"4516",5,5,10,6,1,1,11,6,4,5,9,6,1,1,11,1,4,1,0,0,4,5,5,1,5,2,3,18,18
"4517",6,5,15,6,1,5,11,6,4,5,10,6,1,1,11,6,4,4,5,0,4,0,0,5,4,2,1,23,22
"4518",7,5,15,6,3,5,11,6,5,5,15,6,1,5,11,6,4,1,2,3,1,3,0,2,1,4,4,25,23
"4519",8,5,18,6,3,8,11,6,5,5,15,6,3,5,11,6,5,3,0,0,3,3,6,3,3,2,1,28,26
"4520",9,11,18,11,3,8,11,9,5,5,18,6,3,8,11,6,5,3,6,0,3,0,0,6,3,1,3,39,29
"4521",10,11,18,15,3,8,13,9,5,11,18,11,3,8,11,9,5,2,4,2,2,2,0,4,2,3,2,43,31
"4522",11,13,18,15,3,12,13,9,5,11,18,15,3,8,13,9,5,2,0,0,4,5,3,2,4,1,1,45,35
"4523",12,13,18,15,8,12,13,9,5,13,18,15,3,12,13,9,5,5,3,0,3,0,0,5,0,4,0,50,35
"4524",0,0,0,0,0,0,0,0,0,0,0,0,0,0,0,0,0,0,0,0,0,0,0,0,0,0,0,0,0
"4525",1,1,1,1,5,1,4,1,1,1,1,1,1,1,1,1,1,3,4,3,3,3,0,4,3,4,2,4,3
"4526",2,1,1,1,8,1,4,1,2,1,1,1,5,1,4,1,1,3,0,0,5,1,6,3,1,4,4,7,4
"4527",3,1,9,7,8,1,9,1,2,1,1,1,8,1,4,1,2,5,6,0,5,0,0,6,5,3,2,21,9
"4528",4,3,9,7,8,1,9,1,4,1,9,7,8,1,9,1,2,2,2,2,2,2,0,2,2,1,4,23,11
"4529",5,5,9,7,8,1,9,1,8,3,9,7,8,1,9,1,4,2,0,0,1,4,2,2,4,1,4,25,15
"4530",6,7,9,7,8,1,9,1,9,5,9,7,8,1,9,1,8,1,2,0,1,0,0,2,1,1,4,27,16
"4531",7,11,9,7,8,1,9,1,13,7,9,7,8,1,9,1,9,4,4,1,4,1,0,4,4,1,4,31,20
"4532",8,11,9,8,8,1,9,1,18,11,9,7,8,1,9,1,13,1,0,0,4,1,5,1,5,3,4,32,25
"4533",9,15,9,8,8,2,9,1,18,11,9,8,8,1,9,1,18,4,1,0,1,0,0,4,1,1,1,36,26
"4534",10,15,14,8,8,3,9,1,18,15,9,8,8,2,9,1,18,1,1,5,1,1,0,5,1,2,1,41,27
"4535",11,16,14,8,8,3,9,1,23,15,14,8,8,3,9,1,18,1,0,0,6,5,2,1,5,1,4,42,32
"4536",12,18,20,8,8,3,9,1,23,16,14,8,8,3,9,1,23,6,2,0,2,0,0,6,0,2,0,50,32
"4537",0,0,0,0,0,0,0,0,0,0,0,0,0,0,0,0,0,0,0,0,0,0,0,0,0,0,0,0,0
"4538",1,1,1,4,1,1,2,1,1,1,1,1,1,1,1,1,1,1,3,1,1,1,0,3,1,3,2,3,1
"4539",2,1,2,4,1,6,2,7,1,1,1,4,1,1,2,1,1,1,0,0,2,2,6,1,6,2,3,4,12
"4540",3,1,2,4,3,6,2,9,1,1,2,4,1,6,2,7,1,2,2,0,2,0,0,2,2,4,3,6,14
"4541",4,6,2,4,3,7,2,9,1,1,2,4,3,6,2,9,1,3,1,5,3,1,0,5,1,1,1,11,15
"4542",5,6,2,7,3,17,2,9,1,6,2,4,3,7,2,9,1,3,0,0,5,6,3,3,6,3,1,14,25
"4543",6,9,2,7,3,17,7,9,1,6,2,7,3,17,2,9,1,5,3,0,5,0,0,3,5,1,2,17,30
"4544",7,13,2,7,3,17,7,9,3,9,2,7,3,17,7,9,1,4,2,4,2,4,0,4,2,1,4,21,32
"4545",8,13,6,7,3,17,7,9,8,13,2,7,3,17,7,9,3,4,0,0,5,3,5,4,5,2,4,25,37
"4546",9,18,6,7,3,17,7,9,11,13,6,7,3,17,7,9,8,3,5,0,3,0,0,5,3,1,4,30,40
"4547",10,21,6,7,3,17,11,9,11,18,6,7,3,17,7,9,11,2,3,4,2,4,0,3,4,1,2,33,44
"4548",11,23,6,7,3,17,16,9,11,21,6,7,3,17,11,9,11,2,0,0,5,2,1,2,5,1,2,35,49
"4549",12,25,6,7,3,17,16,9,11,23,6,7,3,17,16,9,11,2,1,0,1,0,0,2,0,1,0,37,49
"4550",0,0,0,0,0,0,0,0,0,0,0,0,0,0,0,0,0,0,0,0,0,0,0,0,0,0,0,0,0
"4551",1,1,1,1,6,2,1,1,1,1,1,1,1,1,1,1,1,1,4,5,1,4,0,5,1,4,1,5,1
"4552",2,1,5,1,6,6,1,1,1,1,1,1,6,2,1,1,1,4,0,0,6,4,3,4,4,2,1,9,5
"4553",3,4,11,1,6,6,1,4,1,1,5,1,6,6,1,1,1,6,3,0,3,0,0,6,3,2,3,18,8
"4554",4,4,11,1,8,8,1,4,1,4,11,1,6,6,1,4,1,2,2,2,2,2,0,2,2,4,1,20,10
"4555",5,6,11,1,8,8,1,8,1,4,11,1,8,8,1,4,1,2,0,0,4,3,4,2,4,1,3,22,14
"4556",6,10,11,1,8,11,1,8,1,6,11,1,8,8,1,8,1,3,4,0,3,0,0,4,3,1,1,26,17
"4557",7,10,11,4,14,15,1,8,1,10,11,1,8,11,1,8,1,3,6,4,3,4,0,6,4,4,1,35,21
"4558",8,13,11,4,14,15,1,8,6,10,11,4,14,15,1,8,1,3,0,0,5,2,5,3,5,1,4,38,26
"4559",9,13,11,9,14,15,1,10,6,13,11,4,14,15,1,8,6,2,5,0,2,0,0,5,2,3,3,43,28
"4560",10,13,17,10,14,17,1,10,6,13,11,9,14,15,1,10,6,2,6,5,2,5,0,6,2,2,1,50,30
"4561",11,18,17,10,14,25,1,10,6,13,17,10,14,17,1,10,6,5,0,0,6,4,3,5,6,1,1,55,38
"4562",12,18,17,10,17,25,1,10,6,18,17,10,14,25,1,10,6,4,3,0,4,0,0,3,0,4,0,58,38
"4563",0,0,0,0,0,0,0,0,0,0,0,0,0,0,0,0,0,0,0,0,0,0,0,0,0,0,0,0,0
"4564",1,1,1,2,1,1,2,1,1,1,1,1,1,1,1,1,1,1,1,1,1,1,0,1,1,3,2,1,1
"4565",2,1,1,2,2,1,4,1,1,1,1,2,1,1,2,1,1,1,0,0,1,4,2,1,2,4,2,2,3
"4566",3,1,1,2,6,2,4,1,1,1,1,2,2,1,4,1,1,1,4,0,1,0,0,4,1,4,1,6,4
"4567",4,4,1,2,6,2,4,1,4,1,1,2,6,2,4,1,1,3,3,3,3,3,0,3,3,1,4,9,7
"4568",5,4,1,5,6,2,4,6,4,4,1,2,6,2,4,1,4,3,0,0,5,3,3,3,5,3,3,12,12
"4569",6,4,4,5,6,2,7,6,4,4,1,5,6,2,4,6,4,3,3,0,3,0,0,3,3,2,2,15,15
"4570",7,8,4,5,6,2,10,6,4,4,4,5,6,2,7,6,4,3,1,4,3,1,0,4,3,1,2,19,18
"4571",8,8,4,5,7,7,10,6,4,8,4,5,6,2,10,6,4,1,0,0,5,5,2,1,5,4,1,20,23
"4572",9,8,4,10,7,7,12,6,4,8,4,5,7,7,10,6,4,5,2,0,2,0,0,5,2,3,2,25,25
"4573",10,8,4,14,7,7,12,8,4,8,4,10,7,7,12,6,4,2,2,4,2,2,0,4,2,3,3,29,27
"4574",11,8,6,14,7,14,12,8,4,8,4,14,7,7,12,8,4,2,0,0,2,3,6,2,6,2,1,31,34
"4575",12,8,8,14,7,14,12,8,4,8,6,14,7,14,12,8,4,2,3,0,3,0,0,2,0,2,0,33,34
"4576",0,0,0,0,0,0,0,0,0,0,0,0,0,0,0,0,0,0,0,0,0,0,0,0,0,0,0,0,0
"4577",1,1,1,6,1,1,1,4,1,1,1,1,1,1,1,1,1,5,3,3,3,3,0,5,3,3,3,5,3
"4578",2,1,4,6,1,4,1,4,1,1,1,6,1,1,1,4,1,3,0,0,5,3,5,3,3,2,1,8,6
"4579",3,1,4,11,1,9,1,4,1,1,4,6,1,4,1,4,1,5,5,0,5,0,0,5,5,3,1,13,11
"4580",4,6,10,11,1,9,1,8,1,1,4,11,1,9,1,4,1,6,4,2,4,2,0,6,4,2,3,24,15
"4581",5,6,12,11,1,9,1,10,7,6,10,11,1,9,1,8,1,2,0,0,6,4,1,2,6,2,4,26,23
"4582",6,6,12,11,5,10,1,10,7,6,12,11,1,9,1,10,7,4,1,0,1,0,0,4,1,4,1,30,24
"4583",7,6,12,14,5,10,3,10,7,6,12,11,5,10,1,10,7,2,3,1,2,1,0,3,2,3,2,33,26
"4584",8,7,12,14,5,11,3,10,7,6,12,14,5,10,3,10,7,1,0,0,1,2,3,1,1,1,1,34,27
"4585",9,7,12,14,8,13,3,10,7,7,12,14,5,11,3,10,7,2,3,0,2,0,0,3,2,4,1,37,29
"4586",10,7,12,14,13,13,3,14,7,7,12,14,8,13,3,10,7,5,4,1,4,1,0,5,4,4,3,42,33
"4587",11,8,12,14,13,17,3,14,7,7,12,14,13,13,3,14,7,1,0,0,4,1,1,1,4,1,1,43,37
"4588",12,8,12,15,13,17,3,14,7,8,12,14,13,17,3,14,7,1,1,0,1,0,0,1,0,3,0,44,37
"4589",0,0,0,0,0,0,0,0,0,0,0,0,0,0,0,0,0,0,0,0,0,0,0,0,0,0,0,0,0
"4590",1,1,1,1,6,1,1,1,3,1,1,1,1,1,1,1,1,2,3,5,2,3,0,5,2,4,4,5,2
"4591",2,1,1,4,6,1,1,1,6,1,1,1,6,1,1,1,3,3,0,0,3,5,2,3,3,3,4,8,5
"4592",3,1,6,4,6,1,1,1,8,1,1,4,6,1,1,1,6,5,2,0,2,0,0,5,2,2,4,13,7
"4593",4,5,12,4,6,1,1,1,12,1,6,4,6,1,1,1,8,2,4,6,2,4,0,6,4,2,4,23,11
"4594",5,5,12,6,6,1,1,3,12,5,12,4,6,1,1,1,12,2,0,0,2,1,5,2,2,3,3,25,13
"4595",6,5,12,6,11,2,1,3,12,5,12,6,6,1,1,3,12,1,5,0,1,0,0,5,1,4,1,30,14
"4596",7,11,12,12,13,7,1,3,12,5,12,6,11,2,1,3,12,6,2,5,2,5,0,6,5,3,1,44,19
"4597",8,13,12,12,13,12,1,3,12,11,12,12,13,7,1,3,12,2,0,0,6,5,5,2,5,1,1,46,24
"4598",9,13,18,12,15,12,6,3,12,13,12,12,13,12,1,3,12,6,5,0,5,0,0,6,5,2,2,54,29
"4599",10,13,18,12,20,12,11,3,12,13,18,12,15,12,6,3,12,5,5,4,5,4,0,5,5,4,2,59,34
"4600",11,13,18,16,20,12,11,3,23,13,18,12,20,12,11,3,12,4,0,0,6,5,2,4,6,3,4,63,45
"4601",12,15,18,16,20,12,11,3,23,13,18,16,20,12,11,3,23,5,2,0,5,0,0,2,0,1,0,65,45
"4602",0,0,0,0,0,0,0,0,0,0,0,0,0,0,0,0,0,0,0,0,0,0,0,0,0,0,0,0,0
"4603",1,7,3,1,1,1,3,1,1,1,1,1,1,1,1,1,1,2,6,1,2,1,0,6,2,1,2,8,2
"4604",2,7,3,1,2,9,9,1,1,7,3,1,1,1,3,1,1,1,0,0,6,6,6,1,6,4,2,9,16
"4605",3,7,3,1,9,15,14,1,1,7,3,1,2,9,9,1,1,6,6,0,6,0,0,6,6,4,1,16,27
"4606",4,11,3,1,9,15,14,3,1,7,3,1,9,15,14,1,1,2,4,1,2,1,0,4,2,1,3,20,29
"4607",5,11,3,1,10,15,14,7,7,11,3,1,9,15,14,3,1,1,0,0,2,6,1,1,6,4,4,21,39
"4608",6,13,3,1,10,16,14,7,7,11,3,1,10,15,14,7,7,2,1,0,1,0,0,2,1,1,1,23,40
"4609",7,13,3,1,12,19,14,7,7,13,3,1,10,16,14,7,7,2,3,2,3,2,0,2,3,4,1,25,43
"4610",8,15,3,1,12,19,19,7,7,13,3,1,12,19,14,7,7,2,0,0,4,5,1,2,5,1,2,27,48
"4611",9,15,3,1,16,19,20,7,7,15,3,1,12,19,19,7,7,4,1,0,1,0,0,4,1,4,2,31,49
"4612",10,19,3,1,22,20,20,7,13,15,3,1,16,19,20,7,7,3,6,6,3,6,0,6,6,4,4,41,56
"4613",11,19,4,1,25,24,20,1,13,19,3,1,22,20,20,7,13,3,0,0,4,4,4,3,4,4,1,45,54
"4614",12,23,4,1,25,24,20,1,13,19,4,1,25,24,20,1,13,4,4,0,4,0,0,4,0,1,0,49,54
"4615",0,0,0,0,0,0,0,0,0,0,0,0,0,0,0,0,0,0,0,0,0,0,0,0,0,0,0,0,0
"4616",1,1,1,3,1,1,3,1,1,1,1,1,1,1,1,1,1,2,1,2,1,2,0,2,2,3,2,2,2
"4617",2,2,1,3,1,1,3,1,9,1,1,3,1,1,3,1,1,1,0,0,1,1,6,1,6,1,4,3,10
"4618",3,2,2,3,1,2,3,1,9,2,1,3,1,1,3,1,9,1,1,0,1,0,0,1,1,2,1,4,11
"4619",4,8,2,6,1,2,3,5,9,2,2,3,1,2,3,1,9,4,1,6,4,1,0,6,4,1,3,13,15
"4620",5,8,3,6,1,2,3,5,10,8,2,6,1,2,3,5,9,1,0,0,5,1,5,1,1,2,4,14,16
"4621",6,13,3,6,1,7,3,5,10,8,3,6,1,2,3,5,10,5,5,0,5,0,0,5,5,1,1,19,21
"4622",7,13,3,13,1,7,3,13,10,13,3,6,1,7,3,5,10,6,4,6,4,6,0,6,6,3,3,26,29
"4623",8,13,7,13,1,7,3,17,10,13,3,13,1,7,3,13,10,4,0,0,1,4,4,4,4,2,3,30,33
"4624",9,17,7,13,1,8,3,17,10,13,7,13,1,7,3,17,10,1,4,0,1,0,0,4,1,1,1,34,34
"4625",10,17,13,14,1,8,3,17,15,17,7,13,1,8,3,17,10,5,4,6,5,4,0,6,5,2,4,41,39
"4626",11,21,16,14,1,8,1,17,18,17,13,14,1,8,3,17,15,4,0,0,3,6,1,4,3,1,4,48,40
"4627",12,21,16,26,5,1,1,17,18,21,16,14,1,8,1,17,18,6,1,0,1,0,0,6,0,3,0,64,33
"4628",0,0,0,0,0,0,0,0,0,0,0,0,0,0,0,0,0,0,0,0,0,0,0,0,0,0,0,0,0
"4629",1,7,1,4,1,1,1,6,1,1,1,1,1,1,1,1,1,5,3,6,5,3,0,6,5,1,3,9,5
"4630",2,7,1,4,4,1,1,11,1,7,1,4,1,1,1,6,1,3,0,0,5,2,2,3,5,4,3,12,10
"4631",3,7,3,4,4,1,1,13,1,7,1,4,4,1,1,11,1,2,2,0,2,0,0,2,2,2,3,14,12
"4632",4,7,6,4,4,1,5,13,1,7,3,4,4,1,1,13,1,4,3,4,4,4,0,3,4,2,2,17,16
"4633",5,7,6,4,8,3,11,13,1,7,6,4,4,1,5,13,1,4,0,0,6,1,4,4,6,4,2,21,24
"4634",6,7,6,4,12,4,11,13,1,7,6,4,8,3,11,13,1,1,4,0,1,0,0,4,1,4,1,25,25
"4635",7,13,6,4,13,4,11,18,1,7,6,4,12,4,11,13,1,1,6,5,1,5,0,6,5,1,3,32,30
"4636",8,14,6,4,13,4,11,20,1,13,6,4,13,4,11,18,1,1,0,0,6,6,2,1,2,1,3,33,32
"4637",9,17,6,1,19,4,17,23,1,14,6,4,13,4,11,20,1,6,6,0,6,0,0,6,6,4,2,39,41
"4638",10,17,6,10,19,7,17,1,1,17,6,1,19,4,17,23,1,3,4,4,3,4,0,4,3,3,1,48,22
"4639",11,17,6,14,19,13,17,3,1,17,6,10,19,7,17,1,1,4,0,0,3,6,3,4,6,3,1,52,30
"4640",12,17,6,17,19,13,17,3,1,17,6,14,19,13,17,3,1,3,3,0,3,0,0,3,0,3,0,55,30
"4641",0,0,0,0,0,0,0,0,0,0,0,0,0,0,0,0,0,0,0,0,0,0,0,0,0,0,0,0,0
"4642",1,1,1,5,1,1,6,1,1,1,1,1,1,1,1,1,1,5,4,5,5,5,0,4,5,3,2,4,5
"4643",2,1,1,10,1,1,12,5,1,1,1,5,1,1,6,1,1,5,0,0,5,3,6,5,6,3,2,9,15
"4644",3,1,6,10,1,1,15,5,1,1,1,10,1,1,12,5,1,5,3,0,3,0,0,5,3,2,2,14,18
"4645",4,1,6,16,4,5,15,5,1,1,6,10,1,1,15,5,1,4,4,6,4,4,0,6,4,3,1,23,22
"4646",5,1,6,1,4,9,15,5,2,1,6,16,4,5,15,5,1,4,0,0,1,4,1,4,1,3,4,8,27
"4647",6,5,6,1,4,10,15,5,2,1,6,1,4,9,15,5,2,4,1,0,1,0,0,4,1,1,1,12,28
"4648",7,9,6,1,4,10,15,6,2,5,6,1,4,10,15,5,2,1,4,2,1,2,0,4,1,1,3,16,29
"4649",8,11,6,1,4,14,15,6,2,9,6,1,4,10,15,6,2,2,0,0,4,2,3,2,4,1,1,18,33
"4650",9,11,9,1,4,14,15,8,2,11,6,1,4,14,15,6,2,2,3,0,2,0,0,3,2,2,3,21,35
"4651",10,11,9,1,7,16,15,8,2,11,9,1,4,14,15,8,2,2,3,3,2,3,0,3,2,4,1,24,37
"4652",11,14,9,1,7,16,17,8,2,11,9,1,7,16,15,8,2,3,0,0,2,6,4,3,2,1,2,27,39
"4653",12,14,9,1,11,16,17,8,2,14,9,1,7,16,17,8,2,6,4,0,6,0,0,4,0,4,0,31,39
"4654",0,0,0,0,0,0,0,0,0,0,0,0,0,0,0,0,0,0,0,0,0,0,0,0,0,0,0,0,0
"4655",1,4,1,1,1,1,1,3,1,1,1,1,1,1,1,1,1,2,1,3,2,1,0,3,2,1,3,3,2
"4656",2,4,1,1,2,1,1,3,6,4,1,1,1,1,1,3,1,1,0,0,1,5,2,1,5,4,4,4,7
"4657",3,4,1,3,2,2,1,3,6,4,1,1,2,1,1,3,6,1,2,0,1,0,0,2,1,3,1,6,8
"4658",4,4,10,3,2,2,1,3,8,4,1,3,2,2,1,3,6,2,6,2,2,2,0,6,2,2,4,15,10
"4659",5,4,10,5,2,2,1,6,8,4,10,3,2,2,1,3,8,2,0,0,3,1,5,2,3,3,3,17,13
"4660",6,4,10,10,2,2,2,6,8,4,10,5,2,2,1,6,8,1,5,0,1,0,0,5,1,3,2,22,14
"4661",7,10,10,10,4,2,5,6,8,4,10,10,2,2,2,6,8,3,6,6,3,6,0,6,3,1,2,30,17
"4662",8,10,10,12,10,5,11,6,14,10,10,10,4,2,5,6,8,6,0,0,6,6,5,6,6,4,2,38,32
"4663",9,10,16,12,11,10,11,6,14,10,10,12,10,5,11,6,14,6,5,0,5,0,0,6,5,2,1,45,37
"4664",10,10,21,12,11,10,11,11,14,10,16,12,11,10,11,6,14,3,5,5,3,5,0,5,5,2,3,50,42
"4665",11,13,21,12,11,14,11,11,14,10,21,12,11,10,11,11,14,3,0,0,4,3,1,3,4,1,1,53,46
"4666",12,13,22,12,11,14,11,11,14,13,21,12,11,14,11,11,14,3,1,0,3,0,0,1,0,2,0,54,46
"4667",0,0,0,0,0,0,0,0,0,0,0,0,0,0,0,0,0,0,0,0,0,0,0,0,0,0,0,0,0
"4668",1,7,1,1,3,9,7,1,1,1,1,1,1,1,1,1,1,6,6,1,6,1,0,6,6,1,2,8,14
"4669",2,7,1,1,4,9,7,4,1,7,1,1,3,9,7,1,1,1,0,0,1,2,3,1,3,4,3,9,17
"4670",3,7,3,1,4,9,7,5,1,7,1,1,4,9,7,4,1,1,2,0,1,0,0,2,1,2,3,11,18
"4671",4,7,9,6,4,13,7,5,1,7,3,1,4,9,7,5,1,2,4,6,2,4,0,6,4,2,1,22,22
"4672",5,7,9,6,6,14,13,5,7,7,9,6,4,13,7,5,1,2,0,0,4,6,6,2,6,4,2,24,35
"4673",6,7,9,10,18,14,13,5,11,7,9,6,6,14,13,5,7,4,6,0,4,0,0,6,4,4,4,40,39
"4674",7,7,9,13,18,14,13,8,11,7,9,10,18,14,13,5,11,3,3,3,3,3,0,3,3,3,3,43,42
"4675",8,7,9,13,21,14,13,8,14,7,9,13,18,14,13,8,11,3,0,0,4,3,4,3,3,4,4,46,45
"4676",9,11,9,13,21,18,13,8,14,7,9,13,21,14,13,8,14,4,4,0,4,0,0,4,4,1,1,50,49
"4677",10,11,11,13,1,23,14,1,1,11,9,13,21,18,13,8,14,5,1,5,1,5,0,5,1,4,2,32,35
"4678",11,11,11,18,1,28,14,1,1,11,11,13,1,23,14,1,1,5,0,0,5,1,3,5,5,3,1,37,40
"4679",12,11,11,19,1,28,14,1,1,11,11,18,1,28,14,1,1,1,3,0,3,0,0,1,0,3,0,38,40
"4680",0,0,0,0,0,0,0,0,0,0,0,0,0,0,0,0,0,0,0,0,0,0,0,0,0,0,0,0,0
"4681",1,1,1,6,1,1,1,1,4,1,1,1,1,1,1,1,1,3,1,5,3,1,0,5,3,3,4,5,3
"4682",2,1,1,7,1,1,6,1,4,1,1,6,1,1,1,1,4,1,0,0,5,5,5,1,5,3,2,6,8
"4683",3,1,1,12,1,1,11,1,4,1,1,7,1,1,6,1,4,5,5,0,5,0,0,5,5,3,2,11,13
"4684",4,1,6,12,1,1,11,1,7,1,1,12,1,1,11,1,4,3,3,5,3,3,0,5,3,2,4,16,16
"4685",5,1,9,12,1,1,11,1,10,1,6,12,1,1,11,1,7,3,0,0,5,3,5,3,3,2,4,19,19
"4686",6,1,9,17,1,6,11,1,10,1,9,12,1,1,11,1,10,5,5,0,5,0,0,5,5,3,1,24,24
"4687",7,6,9,17,1,10,11,1,10,1,9,17,1,6,11,1,10,5,4,1,4,1,0,5,4,1,1,29,28
"4688",8,6,9,17,2,10,14,1,10,6,9,17,1,10,11,1,10,1,0,0,3,3,3,1,3,4,2,30,31
"4689",9,9,9,17,2,10,17,1,10,6,9,17,2,10,14,1,10,3,3,0,3,0,0,3,3,1,2,33,34
"4690",10,9,13,17,2,10,19,1,10,9,9,17,2,10,17,1,10,4,2,2,2,2,0,4,2,2,2,37,36
"4691",11,9,13,19,2,16,25,1,10,9,13,17,2,10,19,1,10,2,0,0,6,2,3,2,6,3,1,39,48
"4692",12,9,13,22,2,16,25,1,10,9,13,19,2,16,25,1,10,2,3,0,2,0,0,3,0,3,0,42,48
"4693",0,0,0,0,0,0,0,0,0,0,0,0,0,0,0,0,0,0,0,0,0,0,0,0,0,0,0,0,0
"4694",1,6,1,1,1,11,1,1,1,1,1,1,1,1,1,1,1,6,3,5,6,3,0,5,6,1,1,5,10
"4695",2,6,4,1,1,14,1,1,1,6,1,1,1,11,1,1,1,3,0,0,3,2,3,3,3,2,1,8,13
"4696",3,8,4,1,1,17,1,1,1,6,4,1,1,14,1,1,1,2,3,0,3,0,0,2,3,1,1,10,16
"4697",4,13,4,1,1,17,5,1,1,8,4,1,1,17,1,1,1,5,1,4,1,4,0,5,4,1,2,15,20
"4698",5,13,5,1,1,20,5,1,7,13,4,1,1,17,5,1,1,1,0,0,6,1,5,1,6,2,4,16,29
"4699",6,14,5,2,1,1,10,1,7,13,5,1,1,20,5,1,7,1,5,0,5,0,0,1,5,3,2,18,15
"4700",7,14,10,2,1,1,10,3,7,14,5,2,1,1,10,1,7,2,5,2,2,2,0,5,2,2,3,23,17
"4701",8,14,10,4,1,1,13,3,7,14,10,2,1,1,10,3,7,2,0,0,3,1,2,2,3,3,2,25,20
"4702",9,14,12,4,1,1,13,4,7,14,10,4,1,1,13,3,7,1,2,0,1,0,0,2,1,2,3,27,21
"4703",10,14,12,9,1,4,13,4,7,14,12,4,1,1,13,4,7,2,5,3,2,3,0,5,3,3,1,32,24
"4704",11,16,12,9,1,6,13,4,7,14,12,9,1,4,13,4,7,2,0,0,2,1,2,2,2,1,1,34,26
"4705",12,16,12,11,1,6,13,4,7,16,12,9,1,6,13,4,7,1,2,0,1,0,0,2,0,3,0,36,26
"4706",0,0,0,0,0,0,0,0,0,0,0,0,0,0,0,0,0,0,0,0,0,0,0,0,0,0,0,0,0
"4707",1,5,1,1,1,1,1,1,5,1,1,1,1,1,1,1,1,4,5,4,5,4,0,4,4,1,4,4,4
"4708",2,5,6,1,1,7,1,1,9,5,1,1,1,1,1,1,5,5,0,0,1,4,6,5,6,2,1,9,14
"4709",3,9,6,1,1,7,1,2,9,5,6,1,1,7,1,1,9,1,4,0,1,0,0,4,1,1,3,13,15
"4710",4,9,6,3,1,7,1,7,9,9,6,1,1,7,1,2,9,2,2,5,2,5,0,2,5,3,3,15,20
"4711",5,9,8,3,1,7,1,17,9,9,6,3,1,7,1,7,9,2,0,0,6,2,3,2,6,2,3,17,30
"4712",6,12,8,3,1,7,1,17,11,9,8,3,1,7,1,17,9,2,3,0,2,0,0,3,2,1,4,20,32
"4713",7,16,8,3,1,7,1,17,13,12,8,3,1,7,1,17,11,3,2,4,3,2,0,4,2,1,4,24,34
"4714",8,19,8,3,1,7,1,20,13,16,8,3,1,7,1,17,13,3,0,0,4,3,2,3,3,1,3,27,37
"4715",9,23,8,3,1,7,1,20,15,19,8,3,1,7,1,20,13,4,2,0,2,0,0,4,2,1,4,31,39
"4716",10,1,8,3,2,9,4,1,15,23,8,3,1,7,1,20,15,6,1,2,6,2,0,1,2,4,1,10,25
"4717",11,4,14,3,8,19,4,1,15,1,8,3,2,9,4,1,15,6,0,0,2,6,2,6,6,2,1,25,35
"4718",12,6,14,3,8,19,4,1,15,4,14,3,8,19,4,1,15,2,2,0,2,0,0,2,0,1,0,27,35
"4719",0,0,0,0,0,0,0,0,0,0,0,0,0,0,0,0,0,0,0,0,0,0,0,0,0,0,0,0,0
"4720",1,1,1,1,5,1,1,4,1,1,1,1,1,1,1,1,1,3,4,3,3,3,0,4,3,4,3,4,3
"4721",2,1,1,4,5,1,1,4,3,1,1,1,5,1,1,4,1,3,0,0,5,1,2,3,2,3,4,7,5
"4722",3,1,6,4,5,1,2,4,3,1,1,4,5,1,1,4,3,5,1,0,1,0,0,5,1,2,2,12,6
"4723",4,5,6,4,5,6,2,4,3,1,6,4,5,1,2,4,3,5,4,3,5,3,0,4,5,1,1,16,11
"4724",5,5,6,7,5,6,7,4,3,5,6,4,5,6,2,4,3,3,0,0,5,5,4,3,5,3,2,19,16
"4725",6,10,6,7,5,6,7,8,3,5,6,7,5,6,7,4,3,5,4,0,4,0,0,5,4,1,3,24,20
"4726",7,15,6,13,5,6,7,11,3,10,6,7,5,6,7,8,3,3,6,2,3,2,0,6,3,3,3,35,23
"4727",8,15,6,13,7,6,7,11,8,15,6,13,5,6,7,11,3,2,0,0,5,5,3,2,5,4,4,37,28
"4728",9,20,6,13,7,6,7,14,8,15,6,13,7,6,7,11,8,5,3,0,3,0,0,5,3,1,3,42,31
"4729",10,20,8,13,7,6,11,14,8,20,6,13,7,6,7,14,8,2,4,2,4,2,0,2,4,2,2,44,35
"4730",11,22,8,13,7,10,11,14,8,20,8,13,7,6,11,14,8,2,0,0,2,6,4,2,4,1,1,46,39
"4731",12,24,8,13,7,10,11,14,8,22,8,13,7,10,11,14,8,2,6,0,6,0,0,2,0,1,0,48,39
"4732",0,0,0,0,0,0,0,0,0,0,0,0,0,0,0,0,0,0,0,0,0,0,0,0,0,0,0,0,0
"4733",1,1,1,1,4,4,1,1,1,1,1,1,1,1,1,1,1,3,3,3,3,3,0,3,3,4,1,3,3
"4734",2,1,1,1,7,4,5,1,1,1,1,1,4,4,1,1,1,3,0,0,4,1,2,3,4,4,2,6,7
"4735",3,1,3,1,7,5,5,1,1,1,1,1,7,4,5,1,1,1,2,0,1,0,0,2,1,2,1,8,8
"4736",4,7,5,1,7,5,7,1,1,1,3,1,7,5,5,1,1,2,6,5,2,5,0,6,2,1,2,16,10
"4737",5,7,10,1,7,5,7,4,1,7,5,1,7,5,7,1,1,5,0,0,3,3,1,5,3,2,3,21,13
"4738",6,7,10,4,7,5,7,4,2,7,10,1,7,5,7,4,1,3,1,0,1,0,0,3,1,3,4,24,14
"4739",7,7,10,9,7,5,7,7,2,7,10,4,7,5,7,4,2,3,2,5,3,2,0,5,3,3,3,29,17
"4740",8,9,10,9,7,5,7,12,2,7,10,9,7,5,7,7,2,2,0,0,5,3,1,2,5,1,3,31,22
"4741",9,12,10,9,7,5,7,13,2,9,10,9,7,5,7,12,2,3,1,0,1,0,0,3,1,1,3,34,23
"4742",10,14,10,9,7,6,7,13,2,12,10,9,7,5,7,13,2,1,1,2,1,1,0,2,1,1,1,36,24
"4743",11,15,10,9,7,9,7,13,2,14,10,9,7,6,7,13,2,1,0,0,3,2,1,1,3,1,1,37,27
"4744",12,17,10,9,7,9,7,13,2,15,10,9,7,9,7,13,2,2,1,0,1,0,0,2,0,1,0,39,27
"4745",0,0,0,0,0,0,0,0,0,0,0,0,0,0,0,0,0,0,0,0,0,0,0,0,0,0,0,0,0
"4746",1,1,1,1,6,1,1,3,1,1,1,1,1,1,1,1,1,5,3,2,3,2,0,5,2,4,3,5,2
"4747",2,1,1,1,9,1,7,3,5,1,1,1,6,1,1,3,1,3,0,0,6,6,6,3,6,4,2,8,12
"4748",3,1,1,6,15,12,7,3,5,1,1,1,9,1,7,3,5,6,6,0,6,0,0,6,6,4,1,19,23
"4749",4,1,6,6,15,16,7,3,5,1,1,6,15,12,7,3,5,4,5,1,4,1,0,5,4,2,1,24,27
"4750",5,2,6,6,15,16,11,3,5,1,6,6,15,16,7,3,5,1,0,0,4,2,3,1,4,1,2,25,31
"4751",6,2,9,6,15,16,11,3,7,2,6,6,15,16,11,3,5,2,3,0,2,0,0,3,2,2,4,28,33
"4752",7,2,9,6,19,17,11,3,13,2,9,6,15,16,11,3,7,4,6,2,6,2,0,4,6,4,4,32,40
"4753",8,2,11,6,19,17,16,3,13,2,9,6,19,17,11,3,13,2,0,0,3,5,4,2,5,2,2,34,45
"4754",9,2,15,6,19,17,19,3,13,2,11,6,19,17,16,3,13,3,4,0,3,0,0,4,3,2,2,38,48
"4755",10,2,21,6,21,23,19,6,19,2,15,6,19,17,19,3,13,6,6,3,6,3,0,6,6,2,4,46,63
"4756",11,5,21,1,21,6,25,6,19,2,21,6,21,23,19,6,19,3,0,0,6,6,4,3,6,1,2,44,52
"4757",12,11,24,1,21,6,25,6,19,5,21,1,21,6,25,6,19,6,4,0,4,0,0,6,0,1,0,53,52
"4758",0,0,0,0,0,0,0,0,0,0,0,0,0,0,0,0,0,0,0,0,0,0,0,0,0,0,0,0,0
"4759",1,1,1,1,3,1,2,1,1,1,1,1,1,1,1,1,1,2,1,1,1,1,0,2,1,4,2,2,1
"4760",2,1,1,1,4,1,2,5,7,1,1,1,3,1,2,1,1,1,0,0,6,5,5,1,6,4,4,3,11
"4761",3,1,6,1,4,1,2,10,7,1,1,1,4,1,2,5,7,5,5,0,5,0,0,5,5,2,3,8,16
"4762",4,7,6,1,8,1,11,10,7,1,6,1,4,1,2,10,7,2,6,6,2,6,0,6,6,1,2,18,25
"4763",5,9,6,1,8,4,11,10,7,7,6,1,8,1,11,10,7,2,0,0,3,4,4,2,3,1,1,20,28
"4764",6,13,6,1,8,8,11,10,7,9,6,1,8,4,11,10,7,4,4,0,4,0,0,4,4,1,1,24,32
"4765",7,13,9,1,8,14,11,15,7,13,6,1,8,8,11,10,7,3,6,2,6,2,0,3,6,2,1,27,43
"4766",8,13,9,1,10,16,11,15,7,13,9,1,8,14,11,15,7,2,0,0,2,2,3,2,2,4,1,29,45
"4767",9,15,9,1,10,19,11,15,7,13,9,1,10,16,11,15,7,2,3,0,3,0,0,2,3,1,1,31,48
"4768",10,18,9,1,10,19,19,15,7,15,9,1,10,19,11,15,7,3,2,6,2,6,0,3,6,1,2,34,56
"4769",11,18,9,3,10,22,19,15,7,18,9,1,10,19,19,15,7,2,0,0,3,6,4,2,3,3,1,36,59
"4770",12,22,9,3,10,22,19,15,7,18,9,3,10,22,19,15,7,6,4,0,6,0,0,4,0,1,0,40,59
"4771",0,0,0,0,0,0,0,0,0,0,0,0,0,0,0,0,0,0,0,0,0,0,0,0,0,0,0,0,0
"4772",1,5,1,1,1,1,1,4,1,1,1,1,1,1,1,1,1,2,3,4,2,3,0,4,3,1,3,4,3
"4773",2,5,3,1,1,6,1,4,1,5,1,1,1,1,1,4,1,2,0,0,5,4,5,2,5,2,1,6,8
"4774",3,5,8,1,1,10,1,4,1,5,3,1,1,6,1,4,1,4,5,0,4,0,0,5,4,2,1,11,12
"4775",4,6,8,1,1,15,1,4,1,5,8,1,1,10,1,4,1,1,5,1,5,1,0,1,5,1,1,12,17
"4776",5,7,8,1,1,15,1,4,6,6,8,1,1,15,1,4,1,1,0,0,2,5,3,1,5,1,4,13,22
"4777",6,7,8,4,1,15,1,6,6,7,8,1,1,15,1,4,6,2,3,0,2,0,0,3,2,3,3,16,24
"4778",7,7,8,4,6,15,1,11,6,7,8,4,1,15,1,6,6,2,5,5,2,5,0,5,5,4,3,21,29
"4779",8,7,8,4,8,16,1,11,6,7,8,4,6,15,1,11,6,2,0,0,1,5,2,2,1,4,1,23,30
"4780",9,12,8,4,8,16,3,11,6,7,8,4,8,16,1,11,6,5,2,0,2,0,0,5,2,1,2,28,32
"4781",10,19,8,4,8,16,3,16,6,12,8,4,8,16,3,11,6,6,5,5,5,5,0,6,5,1,3,35,37
"4782",11,1,9,1,8,23,6,16,1,19,8,4,8,16,3,16,6,5,0,0,3,6,1,5,3,1,2,15,42
"4783",12,1,19,5,14,1,6,16,1,1,9,1,8,23,6,16,1,6,1,0,1,0,0,6,0,4,0,35,20
"4784",0,0,0,0,0,0,0,0,0,0,0,0,0,0,0,0,0,0,0,0,0,0,0,0,0,0,0,0,0
"4785",1,1,5,1,1,1,1,1,2,1,1,1,1,1,1,1,1,1,4,3,1,3,0,4,1,2,4,4,1
"4786",2,4,5,1,1,7,5,1,2,1,5,1,1,1,1,1,2,3,0,0,6,2,1,3,6,1,1,7,11
"4787",3,6,5,1,1,8,5,1,2,4,5,1,1,7,5,1,2,2,1,0,1,0,0,2,1,1,1,9,12
"4788",4,7,5,1,7,11,5,1,2,6,5,1,1,8,5,1,2,2,3,6,2,3,0,6,3,4,1,16,15
"4789",5,7,5,1,9,14,5,1,2,7,5,1,7,11,5,1,2,2,0,0,6,3,5,2,3,4,1,18,18
"4790",6,7,8,7,9,19,5,1,2,7,5,1,9,14,5,1,2,6,5,0,5,0,0,6,5,3,1,27,23
"4791",7,7,13,7,15,19,8,1,2,7,8,7,9,19,5,1,2,6,3,4,3,4,0,6,3,4,2,38,26
"4792",8,7,13,11,15,19,8,4,2,7,13,7,15,19,8,1,2,4,0,0,3,1,1,4,3,3,3,42,29
"4793",9,8,13,11,15,19,8,5,2,7,13,11,15,19,8,4,2,1,1,0,1,0,0,1,1,1,3,43,30
"4794",10,9,19,17,15,20,14,5,2,8,13,11,15,19,8,5,2,6,1,6,1,6,0,6,6,2,2,56,37
"4795",11,9,19,17,16,20,14,6,2,9,19,17,15,20,14,5,2,1,0,0,4,1,3,1,1,4,3,57,38
"4796",12,12,19,17,16,20,14,6,2,9,19,17,16,20,14,6,2,4,3,0,4,0,0,3,0,1,0,60,38
"4797",0,0,0,0,0,0,0,0,0,0,0,0,0,0,0,0,0,0,0,0,0,0,0,0,0,0,0,0,0
"4798",1,1,1,1,5,1,5,1,1,1,1,1,1,1,1,1,1,4,4,3,4,3,0,4,4,4,2,4,4
"4799",2,1,1,4,5,1,5,2,1,1,1,1,5,1,5,1,1,3,0,0,1,1,3,3,1,3,3,7,5
"4800",3,1,1,7,5,1,5,3,1,1,1,4,5,1,5,2,1,1,3,0,1,0,0,3,1,3,3,10,6
"4801",4,1,1,10,5,1,5,7,1,1,1,7,5,1,5,3,1,2,4,3,2,4,0,3,4,3,3,13,10
"4802",5,1,1,12,5,1,10,7,1,1,1,10,5,1,5,7,1,2,0,0,1,1,5,2,5,3,2,15,15
"4803",6,1,2,12,5,2,10,7,1,1,1,12,5,1,10,7,1,1,1,0,1,0,0,1,1,2,1,16,16
"4804",7,1,7,12,5,2,10,7,3,1,2,12,5,2,10,7,1,2,5,3,2,3,0,5,2,2,4,21,18
"4805",8,1,7,15,5,4,10,7,3,1,7,12,5,2,10,7,3,3,0,0,2,1,1,3,2,3,1,24,20
"4806",9,2,7,15,5,5,10,7,3,1,7,15,5,4,10,7,3,1,1,0,1,0,0,1,1,1,1,25,21
"4807",10,2,13,16,5,5,10,7,7,2,7,15,5,5,10,7,3,6,4,2,4,2,0,6,4,2,4,32,25
"4808",11,4,13,16,5,5,12,7,7,2,13,16,5,5,10,7,7,2,0,0,6,1,2,2,2,1,2,34,27
"4809",12,4,13,17,5,5,12,7,7,4,13,16,5,5,12,7,7,6,1,0,6,0,0,1,0,3,0,35,27
"4810",0,0,0,0,0,0,0,0,0,0,0,0,0,0,0,0,0,0,0,0,0,0,0,0,0,0,0,0,0
"4811",1,5,1,1,1,1,1,5,1,1,1,1,1,1,1,1,1,4,4,4,4,4,0,4,4,1,3,4,4
"4812",2,5,1,1,5,1,1,9,1,5,1,1,1,1,1,5,1,4,0,0,6,4,3,4,4,4,3,8,8
"4813",3,11,4,1,5,1,1,12,1,5,1,1,5,1,1,9,1,6,3,0,3,0,0,6,3,1,3,17,11
"4814",4,11,4,1,9,1,1,14,1,11,4,1,5,1,1,12,1,2,4,2,2,2,0,4,2,4,3,21,13
"4815",5,11,4,1,11,4,1,14,1,11,4,1,9,1,1,14,1,2,0,0,2,3,2,2,3,4,1,23,16
"4816",6,11,4,1,13,6,1,14,1,11,4,1,11,4,1,14,1,2,2,0,2,0,0,2,2,4,1,25,18
"4817",7,11,6,7,13,10,1,14,1,11,4,1,13,6,1,14,1,1,6,4,1,4,0,6,4,3,1,33,22
"4818",8,11,6,8,13,10,1,14,2,11,6,7,13,10,1,14,1,1,0,0,6,5,1,1,1,3,4,34,23
"4819",9,11,12,10,13,10,1,19,2,11,6,8,13,10,1,14,2,6,5,0,5,0,0,6,5,2,3,42,28
"4820",10,11,12,10,16,10,1,21,2,11,12,10,13,10,1,19,2,2,3,3,2,3,0,3,2,4,3,45,30
"4821",11,14,12,10,16,12,1,21,2,11,12,10,16,10,1,21,2,3,0,0,2,4,2,3,2,1,1,48,32
"4822",12,14,12,14,16,12,1,21,2,14,12,10,16,12,1,21,2,4,2,0,2,0,0,4,0,3,0,52,32
"4823",0,0,0,0,0,0,0,0,0,0,0,0,0,0,0,0,0,0,0,0,0,0,0,0,0,0,0,0,0
"4824",1,1,2,7,1,1,1,6,1,1,1,1,1,1,1,1,1,6,2,5,2,5,0,6,5,3,3,7,5
"4825",2,1,2,7,3,1,1,6,6,1,2,7,1,1,1,6,1,2,0,0,5,2,1,2,5,4,4,9,10
"4826",3,3,2,7,3,2,1,6,6,1,2,7,3,1,1,6,6,2,1,0,1,0,0,2,1,1,1,11,11
"4827",4,6,2,7,3,2,1,8,6,3,2,7,3,2,1,6,6,2,3,2,2,2,0,3,2,1,3,14,13
"4828",5,6,4,7,3,2,1,8,8,6,2,7,3,2,1,8,6,2,0,0,2,3,2,2,2,2,4,16,15
"4829",6,6,7,7,3,2,1,8,10,6,4,7,3,2,1,8,8,3,2,0,2,0,0,3,2,2,4,19,17
"4830",7,6,14,7,3,2,7,14,10,6,7,7,3,2,1,8,10,6,1,6,1,6,0,6,6,2,2,26,29
"4831",8,7,14,7,3,2,7,15,16,6,14,7,3,2,7,14,10,1,0,0,6,4,5,1,6,1,4,27,36
"4832",9,7,14,12,3,6,7,15,16,7,14,7,3,2,7,15,16,4,5,0,4,0,0,5,4,3,1,32,40
"4833",10,11,14,12,3,6,7,16,16,7,14,12,3,6,7,15,16,1,1,4,1,1,0,4,1,1,3,36,41
"4834",11,12,14,12,3,11,7,16,16,11,14,12,3,6,7,16,16,1,0,0,5,3,4,1,5,1,1,37,46
"4835",12,16,14,12,3,11,7,16,16,12,14,12,3,11,7,16,16,3,4,0,3,0,0,4,0,1,0,41,46
"4836",0,0,0,0,0,0,0,0,0,0,0,0,0,0,0,0,0,0,0,0,0,0,0,0,0,0,0,0,0
"4837",1,1,1,1,3,1,1,4,1,1,1,1,1,1,1,1,1,3,1,2,3,1,0,2,3,4,3,2,3
"4838",2,1,1,2,3,7,1,4,4,1,1,1,3,1,1,4,1,1,0,0,1,6,1,1,6,3,1,3,12
"4839",3,1,1,3,3,8,1,4,4,1,1,2,3,7,1,4,4,1,1,0,1,0,0,1,1,3,1,4,13
"4840",4,1,3,3,3,8,1,5,4,1,1,3,3,8,1,4,4,1,1,2,1,1,0,2,1,2,3,6,14
"4841",5,1,3,3,4,11,1,5,4,1,3,3,3,8,1,5,4,1,0,0,3,1,3,1,3,4,1,7,17
"4842",6,1,3,3,7,11,2,5,4,1,3,3,4,11,1,5,4,1,3,0,1,0,0,3,1,4,2,10,18
"4843",7,4,3,3,7,11,6,5,4,1,3,3,7,11,2,5,4,2,3,4,2,4,0,3,4,1,2,13,22
"4844",8,6,3,3,7,15,6,5,4,4,3,3,7,11,6,5,4,2,0,0,3,4,4,2,4,1,1,15,26
"4845",9,10,3,3,7,18,6,5,4,6,3,3,7,15,6,5,4,3,4,0,3,0,0,4,3,1,1,19,29
"4846",10,10,3,3,11,24,6,9,4,10,3,3,7,18,6,5,4,4,1,6,1,6,0,4,6,4,1,23,39
"4847",11,10,3,4,1,29,10,9,4,10,3,3,11,24,6,9,4,1,0,0,5,2,4,1,5,3,1,14,48
"4848",12,10,7,4,1,29,10,9,4,10,3,4,1,29,10,9,4,2,4,0,2,0,0,4,0,2,0,18,48
"4849",0,0,0,0,0,0,0,0,0,0,0,0,0,0,0,0,0,0,0,0,0,0,0,0,0,0,0,0,0
"4850",1,3,1,1,1,1,1,4,1,1,1,1,1,1,1,1,1,3,1,2,3,1,0,2,3,1,3,2,3
"4851",2,3,1,2,1,1,1,5,1,3,1,1,1,1,1,4,1,1,0,0,1,3,1,1,1,3,3,3,4
"4852",3,3,1,5,1,1,1,5,2,3,1,2,1,1,1,5,1,3,1,0,1,0,0,3,1,3,4,6,5
"4853",4,3,1,5,6,3,1,5,2,3,1,5,1,1,1,5,2,1,5,2,1,2,0,5,2,4,1,11,7
"4854",5,4,1,5,6,3,1,10,2,3,1,5,6,3,1,5,2,1,0,0,5,4,5,1,5,1,3,12,12
"4855",6,4,1,10,6,3,5,10,2,4,1,5,6,3,1,10,2,4,5,0,4,0,0,5,4,3,2,17,16
"4856",7,4,5,10,6,3,5,15,2,4,1,10,6,3,5,10,2,5,1,4,5,1,0,4,5,2,3,21,21
"4857",8,5,5,10,6,7,5,15,2,4,5,10,6,3,5,15,2,1,0,0,4,2,4,1,4,1,1,22,25
"4858",9,5,9,10,6,7,7,15,2,5,5,10,6,7,5,15,2,2,4,0,2,0,0,4,2,2,2,26,27
"4859",10,5,9,16,9,7,7,20,2,5,9,10,6,7,7,15,2,2,5,6,2,5,0,6,5,3,3,35,32
"4860",11,5,9,16,11,12,7,20,2,5,9,16,9,7,7,20,2,2,0,0,5,5,2,2,5,4,1,37,37
"4861",12,5,9,16,13,12,7,20,2,5,9,16,11,12,7,20,2,5,2,0,5,0,0,2,0,4,0,39,37
"4862",0,0,0,0,0,0,0,0,0,0,0,0,0,0,0,0,0,0,0,0,0,0,0,0,0,0,0,0,0
"4863",1,1,1,5,1,4,1,1,1,1,1,1,1,1,1,1,1,3,4,3,3,3,0,4,3,3,1,4,3
"4864",2,1,4,5,1,4,9,1,1,1,1,5,1,4,1,1,1,3,0,0,1,5,6,3,6,2,2,7,11
"4865",3,1,4,5,6,4,9,2,1,1,4,5,1,4,9,1,1,1,5,0,1,0,0,5,1,4,3,12,12
"4866",4,1,4,10,12,4,12,2,1,1,4,5,6,4,9,2,1,6,2,3,2,3,0,6,3,4,2,23,15
"4867",5,1,6,10,12,4,17,2,1,1,4,10,12,4,12,2,1,2,0,0,1,5,1,2,5,2,2,25,20
"4868",6,2,6,10,12,5,17,2,1,1,6,10,12,4,17,2,1,1,1,0,1,0,0,1,1,1,1,26,21
"4869",7,14,6,13,12,11,17,2,6,2,6,10,12,5,17,2,1,6,1,6,1,6,0,6,6,1,1,41,32
"4870",8,14,6,13,13,11,21,2,12,14,6,13,12,11,17,2,6,1,0,0,6,6,2,1,6,4,4,42,42
"4871",9,14,12,18,13,13,21,2,12,14,6,13,13,11,21,2,12,6,2,0,2,0,0,6,2,2,1,53,44
"4872",10,14,18,18,16,18,21,2,12,14,12,18,13,13,21,2,12,6,2,5,2,5,0,6,5,2,1,62,49
"4873",11,16,18,18,16,18,22,2,12,14,18,18,16,18,21,2,12,2,0,0,1,3,1,2,1,1,2,64,50
"4874",12,17,18,18,16,18,22,2,12,16,18,18,16,18,22,2,12,3,1,0,3,0,0,1,0,1,0,65,50
"4875",0,0,0,0,0,0,0,0,0,0,0,0,0,0,0,0,0,0,0,0,0,0,0,0,0,0,0,0,0
"4876",1,6,1,1,1,1,1,3,1,1,1,1,1,1,1,1,1,2,5,2,2,2,0,5,2,1,3,5,2
"4877",2,8,1,1,1,1,1,5,1,6,1,1,1,1,1,3,1,2,0,0,6,4,2,2,2,1,3,7,4
"4878",3,8,7,1,7,1,1,9,1,8,1,1,1,1,1,5,1,6,4,0,4,0,0,6,4,4,3,19,8
"4879",4,14,10,1,7,1,1,9,2,8,7,1,7,1,1,9,1,1,5,6,1,5,0,6,1,1,4,28,9
"4880",5,14,10,6,7,1,1,12,2,14,10,1,7,1,1,9,2,5,0,0,2,3,3,5,3,3,3,33,12
"4881",6,14,12,6,7,1,1,12,5,14,10,6,7,1,1,12,2,2,3,0,3,0,0,2,3,2,4,35,15
"4882",7,14,12,6,15,4,1,12,5,14,12,6,7,1,1,12,5,3,3,6,3,3,0,6,3,4,1,43,18
"4883",8,17,12,6,15,4,1,14,5,14,12,6,15,4,1,12,5,3,0,0,2,2,5,3,2,1,3,46,20
"4884",9,17,12,8,15,9,1,14,5,17,12,6,15,4,1,14,5,2,5,0,5,0,0,2,5,3,1,48,25
"4885",10,17,12,12,15,11,1,14,5,17,12,8,15,9,1,14,5,2,4,3,2,3,0,4,2,3,1,52,27
"4886",11,17,15,12,15,15,1,14,5,17,12,12,15,11,1,14,5,3,0,0,4,5,2,3,4,2,1,55,31
"4887",12,19,15,12,15,15,1,14,5,17,15,12,15,15,1,14,5,5,2,0,5,0,0,2,0,1,0,57,31
"4888",0,0,0,0,0,0,0,0,0,0,0,0,0,0,0,0,0,0,0,0,0,0,0,0,0,0,0,0,0
"4889",1,1,1,1,3,1,1,3,1,1,1,1,1,1,1,1,1,3,2,2,3,2,0,2,2,4,3,2,2
"4890",2,1,1,4,3,1,5,3,1,1,1,1,3,1,1,3,1,3,0,0,4,5,6,3,4,3,2,5,6
"4891",3,1,7,8,3,1,10,3,1,1,1,4,3,1,5,3,1,5,6,0,5,0,0,6,5,2,2,15,11
"4892",4,1,16,8,3,1,11,3,1,1,7,8,3,1,10,3,1,1,6,1,1,1,0,6,1,2,2,24,12
"4893",5,1,16,9,3,1,14,9,1,1,16,8,3,1,11,3,1,1,0,0,6,5,6,1,6,3,3,25,21
"4894",6,2,16,9,9,6,14,9,1,1,16,9,3,1,14,9,1,5,6,0,5,0,0,6,5,4,1,32,26
"4895",7,2,16,9,11,6,14,9,4,2,16,9,9,6,14,9,1,2,2,3,2,3,0,2,3,4,4,34,29
"4896",8,2,16,11,11,6,18,9,4,2,16,9,11,6,14,9,4,2,0,0,6,4,4,2,4,3,2,36,33
"4897",9,2,22,16,11,10,18,9,1,2,16,11,11,6,18,9,4,6,4,0,4,0,0,6,4,2,1,47,34
"4898",10,2,26,16,11,10,19,9,1,2,22,16,11,10,18,9,1,1,3,4,1,3,0,4,1,2,2,51,35
"4899",11,5,26,16,11,12,19,9,1,2,26,16,11,10,19,9,1,3,0,0,2,6,1,3,2,1,1,54,37
"4900",12,11,29,16,11,12,19,9,1,5,26,16,11,12,19,9,1,6,1,0,1,0,0,6,0,1,0,63,37
"4901",0,0,0,0,0,0,0,0,0,0,0,0,0,0,0,0,0,0,0,0,0,0,0,0,0,0,0,0,0
"4902",1,7,1,1,10,1,3,1,1,1,1,1,1,1,1,1,1,6,3,2,3,2,0,6,2,4,2,15,2
"4903",2,10,1,1,10,5,3,1,1,7,1,1,10,1,3,1,1,3,0,0,2,4,4,3,4,1,1,18,6
"4904",3,14,1,1,10,5,3,3,1,10,1,1,10,5,3,1,1,2,4,0,2,0,0,4,2,1,3,22,8
"4905",4,14,9,1,10,5,5,3,1,14,1,1,10,5,3,3,1,6,2,5,2,5,0,6,2,2,2,30,10
"4906",5,14,9,1,15,5,5,3,6,14,9,1,10,5,5,3,1,5,0,0,3,5,1,5,5,4,4,35,15
"4907",6,14,9,4,15,5,5,4,6,14,9,1,15,5,5,3,6,3,1,0,1,0,0,3,1,3,3,38,16
"4908",7,14,9,5,15,11,7,4,12,14,9,4,15,5,5,4,6,6,6,1,6,6,0,1,6,3,1,39,30
"4909",8,14,9,16,15,11,7,6,12,14,9,5,15,11,7,4,12,6,0,0,2,1,2,6,2,3,3,50,32
"4910",9,14,10,16,15,13,7,6,12,14,9,16,15,11,7,6,12,1,2,0,2,0,0,1,2,2,1,51,34
"4911",10,19,10,16,15,14,7,6,12,14,10,16,15,13,7,6,12,1,5,1,1,1,0,5,1,1,1,56,35
"4912",11,20,10,16,15,17,7,6,12,19,10,16,15,14,7,6,12,1,0,0,3,5,5,1,3,1,1,57,38
"4913",12,25,10,17,15,17,1,6,12,20,10,16,15,17,7,6,12,5,5,0,5,0,0,5,0,1,0,63,32
"4914",0,0,0,0,0,0,0,0,0,0,0,0,0,0,0,0,0,0,0,0,0,0,0,0,0,0,0,0,0
"4915",1,5,1,1,1,4,1,1,1,1,1,1,1,1,1,1,1,3,4,2,3,2,0,4,3,1,1,4,3
"4916",2,5,3,1,1,7,1,1,1,5,1,1,1,4,1,1,1,2,0,0,3,1,3,2,3,2,1,6,6
"4917",3,5,3,1,4,8,1,1,1,5,3,1,1,7,1,1,1,1,3,0,1,0,0,3,1,4,1,9,7
"4918",4,5,5,7,4,14,2,1,1,5,3,1,4,8,1,1,1,6,6,4,6,4,0,6,6,3,1,17,14
"4919",5,5,5,11,4,15,2,1,1,5,5,7,4,14,2,1,1,4,0,0,2,5,1,4,1,3,1,21,15
"4920",6,5,5,16,4,15,2,1,3,5,5,11,4,15,2,1,1,2,5,0,2,0,0,5,2,3,4,26,17
"4921",7,5,5,16,8,22,2,1,3,5,5,16,4,15,2,1,3,6,4,6,6,6,0,4,6,4,1,30,24
"4922",8,10,5,16,14,22,7,1,3,5,5,16,8,22,2,1,3,6,0,0,5,6,2,6,5,4,2,41,29
"4923",9,16,6,16,14,22,7,3,3,10,5,16,14,22,7,1,3,6,2,0,2,0,0,6,2,1,3,48,31
"4924",10,16,6,16,17,22,11,3,3,16,6,16,14,22,7,3,3,3,2,4,2,4,0,3,4,4,2,51,35
"4925",11,16,6,18,17,22,11,3,6,16,6,16,17,22,11,3,3,2,0,0,3,1,3,2,3,3,4,53,38
"4926",12,16,6,18,20,22,11,3,6,16,6,18,17,22,11,3,6,1,3,0,1,0,0,3,0,4,0,56,38
"4927",0,0,0,0,0,0,0,0,0,0,0,0,0,0,0,0,0,0,0,0,0,0,0,0,0,0,0,0,0
"4928",1,1,1,5,1,1,1,4,1,1,1,1,1,1,1,1,1,4,3,3,3,3,0,4,3,3,3,4,3
"4929",2,1,1,5,4,4,1,4,1,1,1,5,1,1,1,4,1,3,0,0,3,3,1,3,3,4,1,7,6
"4930",3,1,1,5,7,4,1,5,1,1,1,5,4,4,1,4,1,3,1,0,1,0,0,3,1,4,3,10,7
"4931",4,1,6,5,7,4,1,7,1,1,1,5,7,4,1,5,1,2,1,5,2,1,0,5,2,2,3,15,9
"4932",5,2,6,5,7,5,1,7,7,1,6,5,7,4,1,7,1,1,0,0,6,6,1,1,6,1,4,16,16
"4933",6,6,12,5,7,5,1,7,8,2,6,5,7,5,1,7,7,6,1,0,1,0,0,6,1,2,4,26,17
"4934",7,6,12,10,7,9,1,7,8,6,12,5,7,5,1,7,8,5,4,3,4,3,0,5,4,3,1,31,21
"4935",8,6,12,13,7,13,1,7,8,6,12,10,7,9,1,7,8,3,0,0,4,4,4,3,4,3,1,34,25
"4936",9,6,12,13,11,13,1,11,8,6,12,13,7,13,1,7,8,4,4,0,4,0,0,4,4,4,3,38,29
"4937",10,7,18,13,11,13,3,11,8,6,12,13,11,13,1,11,8,2,6,3,2,3,0,6,2,2,2,45,31
"4938",11,7,18,13,14,13,4,11,8,7,18,13,11,13,3,11,8,3,0,0,3,1,6,3,1,4,2,48,32
"4939",12,7,18,24,14,13,4,11,8,7,18,13,14,13,4,11,8,3,6,0,3,0,0,6,0,3,0,59,32
"4940",0,0,0,0,0,0,0,0,0,0,0,0,0,0,0,0,0,0,0,0,0,0,0,0,0,0,0,0,0
"4941",1,1,1,6,1,1,4,1,1,1,1,1,1,1,1,1,1,3,2,5,3,2,0,5,3,3,2,5,3
"4942",2,1,3,6,1,1,7,1,1,1,1,6,1,1,4,1,1,2,0,0,3,2,1,2,3,2,2,7,6
"4943",3,1,5,6,1,1,8,1,1,1,3,6,1,1,7,1,1,2,1,0,1,0,0,2,1,2,2,9,7
"4944",4,1,10,6,1,5,8,1,1,1,5,6,1,1,8,1,1,5,1,4,1,4,0,5,4,2,1,14,11
"4945",5,1,10,7,1,5,11,1,1,1,10,6,1,5,8,1,1,1,0,0,3,3,1,1,3,3,2,15,14
"4946",6,1,10,10,1,5,11,1,2,1,10,7,1,5,11,1,1,3,1,0,1,0,0,3,1,3,4,18,15
"4947",7,1,10,10,9,8,11,1,2,1,10,10,1,5,11,1,2,6,1,3,1,3,0,6,3,4,1,26,18
"4948",8,1,10,11,9,8,15,7,2,1,10,10,9,8,11,1,2,1,0,0,6,6,5,1,6,3,3,27,28
"4949",9,1,12,17,9,8,20,7,2,1,10,11,9,8,15,7,2,6,5,0,5,0,0,6,5,3,2,35,33
"4950",10,1,16,17,9,8,20,12,2,1,12,17,9,8,20,7,2,4,2,5,2,5,0,4,5,2,3,39,38
"4951",11,1,18,17,9,10,20,12,8,1,16,17,9,8,20,12,2,2,0,0,1,6,3,2,6,2,4,41,46
"4952",12,1,18,17,12,10,20,12,8,1,18,17,9,10,20,12,8,1,3,0,1,0,0,3,0,4,0,44,46
"4953",0,0,0,0,0,0,0,0,0,0,0,0,0,0,0,0,0,0,0,0,0,0,0,0,0,0,0,0,0
"4954",1,7,5,1,1,6,1,1,1,1,1,1,1,1,1,1,1,5,6,2,5,2,0,6,5,1,1,10,5
"4955",2,7,7,1,1,6,1,4,7,7,5,1,1,6,1,1,1,2,0,0,2,6,2,2,6,2,4,12,14
"4956",3,7,7,3,1,8,1,4,7,7,7,1,1,6,1,4,7,2,2,0,2,0,0,2,2,3,1,14,16
"4957",4,9,7,3,1,8,1,6,7,7,7,3,1,8,1,4,7,2,2,3,2,3,0,2,2,1,3,16,18
"4958",5,9,7,3,4,16,1,6,7,9,7,3,1,8,1,6,7,3,0,0,6,5,4,3,6,4,1,19,26
"4959",6,9,12,3,4,16,1,6,11,9,7,3,4,16,1,6,7,5,4,0,4,0,0,5,4,2,4,24,30
"4960",7,13,12,3,4,16,4,6,11,9,12,3,4,16,1,6,11,1,3,4,1,3,0,4,3,1,2,28,33
"4961",8,13,12,3,5,16,10,9,11,13,12,3,4,16,4,6,11,1,0,0,6,3,3,1,6,4,2,29,42
"4962",9,16,12,3,5,16,13,9,11,13,12,3,5,16,10,9,11,3,3,0,3,0,0,3,3,1,2,32,45
"4963",10,20,12,3,5,22,13,10,11,16,12,3,5,16,13,9,11,4,6,2,6,2,0,4,6,1,1,36,52
"4964",11,22,12,3,5,27,13,10,11,20,12,3,5,22,13,10,11,2,0,0,5,5,5,2,5,1,1,38,57
"4965",12,27,12,3,5,27,13,10,11,22,12,3,5,27,13,10,11,5,5,0,5,0,0,5,0,1,0,43,57
"4966",0,0,0,0,0,0,0,0,0,0,0,0,0,0,0,0,0,0,0,0,0,0,0,0,0,0,0,0,0
"4967",1,1,1,7,12,1,1,1,3,1,1,1,1,1,1,1,1,1,2,6,1,2,0,6,2,4,4,17,2
"4968",2,1,2,7,12,1,1,5,3,1,1,7,12,1,1,1,3,1,0,0,4,3,3,1,4,2,3,18,6
"4969",3,1,5,7,12,4,1,5,3,1,2,7,12,1,1,5,3,3,3,0,3,0,0,3,3,2,1,21,9
"4970",4,1,5,10,12,4,1,5,8,1,5,7,12,4,1,5,3,3,2,5,2,5,0,3,5,3,4,24,14
"4971",5,1,5,10,14,4,3,5,8,1,5,10,12,4,1,5,8,2,0,0,2,2,2,2,2,4,2,26,16
"4972",6,1,7,10,14,4,3,5,10,1,5,10,14,4,3,5,8,2,2,0,2,0,0,2,2,2,4,28,18
"4973",7,1,7,10,16,4,3,5,13,1,7,10,14,4,3,5,10,2,3,1,3,1,0,2,3,4,4,30,21
"4974",8,1,8,10,16,6,3,5,13,1,7,10,16,4,3,5,13,1,0,0,2,2,1,1,2,2,1,31,23
"4975",9,3,8,10,16,7,3,5,13,1,8,10,16,6,3,5,13,2,1,0,1,0,0,2,1,1,1,33,24
"4976",10,3,13,10,16,10,3,5,13,3,8,10,16,7,3,5,13,5,3,5,3,5,0,5,3,2,1,38,27
"4977",11,3,13,15,16,18,3,5,19,3,13,10,16,10,3,5,13,5,0,0,6,6,2,5,6,3,4,43,41
"4978",12,6,13,21,16,18,1,5,19,3,13,15,16,18,3,5,19,6,2,0,2,0,0,6,0,3,0,52,39
"4979",0,0,0,0,0,0,0,0,0,0,0,0,0,0,0,0,0,0,0,0,0,0,0,0,0,0,0,0,0
"4980",1,1,4,1,1,5,1,1,1,1,1,1,1,1,1,1,1,1,4,3,1,4,0,3,4,2,1,3,4
"4981",2,1,4,2,1,5,1,6,1,1,4,1,1,5,1,1,1,1,0,0,1,3,5,1,5,3,3,4,9
"4982",3,1,4,2,4,6,1,6,1,1,4,2,1,5,1,6,1,1,3,0,1,0,0,3,1,4,1,7,10
"4983",4,1,10,3,4,6,5,6,1,1,4,2,4,6,1,6,1,6,4,2,4,2,0,6,4,2,2,14,14
"4984",5,1,12,3,4,8,11,6,7,1,10,3,4,6,5,6,1,2,0,0,4,2,6,2,6,2,4,16,28
"4985",6,1,16,3,4,10,11,6,7,1,12,3,4,8,11,6,7,4,2,0,2,0,0,4,2,2,1,20,30
"4986",7,3,25,3,4,10,11,1,3,1,16,3,4,10,11,6,7,1,6,2,1,2,0,6,2,2,4,31,21
"4987",8,3,25,4,4,10,11,2,3,3,25,3,4,10,11,1,3,1,0,0,1,3,5,1,1,3,3,32,22
"4988",9,3,33,4,4,6,11,2,3,3,25,4,4,10,11,2,3,3,5,0,5,0,0,3,5,2,1,40,18
"4989",10,3,36,4,4,7,11,2,3,3,33,4,4,6,11,2,3,3,1,2,1,2,0,3,1,2,1,43,19
"4990",11,5,36,4,4,8,11,2,3,3,36,4,4,7,11,2,3,2,0,0,1,3,3,2,1,1,1,45,20
"4991",12,5,36,4,7,8,11,2,3,5,36,4,4,8,11,2,3,3,3,0,3,0,0,3,0,4,0,48,20
"4992",0,0,0,0,0,0,0,0,0,0,0,0,0,0,0,0,0,0,0,0,0,0,0,0,0,0,0,0,0
"4993",1,1,6,1,1,3,1,1,1,1,1,1,1,1,1,1,1,2,5,4,2,4,0,5,2,2,1,5,2
"4994",2,1,10,1,1,3,1,1,5,1,6,1,1,3,1,1,1,4,0,0,4,5,6,4,4,2,4,9,6
"4995",3,1,10,12,1,3,1,6,5,1,10,1,1,3,1,1,5,5,6,0,5,0,0,6,5,3,3,20,11
"4996",4,1,10,12,10,3,1,6,9,1,10,12,1,3,1,6,5,2,4,6,2,4,0,6,4,4,4,29,15
"4997",5,3,10,12,10,3,1,6,20,1,10,12,10,3,1,6,9,2,0,0,6,5,6,2,6,1,4,31,26
"4998",6,8,10,12,16,3,1,11,20,3,10,12,10,3,1,6,20,5,6,0,5,0,0,6,5,4,3,42,31
"4999",7,9,10,12,16,3,3,11,20,8,10,12,16,3,1,11,20,2,1,1,2,1,0,1,2,1,2,43,33
"5000",8,10,10,12,16,5,3,11,20,9,10,12,16,3,3,11,20,1,0,0,3,2,1,1,2,1,1,44,35
"5001",9,13,10,12,16,6,3,11,20,10,10,12,16,5,3,11,20,3,1,0,1,0,0,3,1,1,1,47,36
"5002",10,13,15,12,16,6,5,11,20,13,10,12,16,6,3,11,20,2,5,3,2,3,0,5,2,2,2,52,38
"5003",11,16,15,12,16,12,10,11,20,13,15,12,16,6,5,11,20,3,0,0,6,4,6,3,6,1,1,55,49
"5004",12,22,15,16,16,12,10,11,20,16,15,12,16,12,10,11,20,4,6,0,4,0,0,6,0,1,0,65,49
"5005",0,0,0,0,0,0,0,0,0,0,0,0,0,0,0,0,0,0,0,0,0,0,0,0,0,0,0,0,0
"5006",1,6,1,1,1,1,1,3,1,1,1,1,1,1,1,1,1,5,1,2,1,2,0,5,2,1,3,5,2
"5007",2,6,1,2,1,1,1,7,1,6,1,1,1,1,1,3,1,1,0,0,4,1,3,1,4,3,3,6,6
"5008",3,6,1,2,4,1,2,7,1,6,1,2,1,1,1,7,1,1,3,0,1,0,0,3,1,4,2,9,7
"5009",4,11,1,2,4,7,2,7,3,6,1,2,4,1,2,7,1,5,4,6,4,6,0,5,6,1,1,14,15
"5010",5,11,1,2,8,7,3,7,3,11,1,2,4,7,2,7,3,4,0,0,4,1,1,4,1,4,2,18,16
"5011",6,11,1,6,8,7,4,7,3,11,1,2,8,7,3,7,3,4,1,0,1,0,0,4,1,3,2,22,17
"5012",7,11,1,6,13,8,4,7,3,11,1,6,8,7,4,7,3,1,1,5,1,1,0,5,1,4,1,27,18
"5013",8,11,2,6,13,9,4,7,3,11,1,6,13,8,4,7,3,1,0,0,1,2,4,1,1,2,1,28,19
"5014",9,11,6,6,13,9,6,7,3,11,2,6,13,9,4,7,3,2,4,0,2,0,0,4,2,2,2,32,21
"5015",10,11,6,9,13,9,6,10,3,11,6,6,13,9,6,7,3,3,3,2,3,2,0,3,3,3,3,35,24
"5016",11,13,6,9,13,10,6,10,3,11,6,9,13,9,6,10,3,2,0,0,1,4,4,2,1,1,1,37,25
"5017",12,13,6,13,13,10,6,10,3,13,6,9,13,10,6,10,3,4,4,0,4,0,0,4,0,3,0,41,25
"5018",0,0,0,0,0,0,0,0,0,0,0,0,0,0,0,0,0,0,0,0,0,0,0,0,0,0,0,0,0
"5019",1,4,1,1,1,1,1,1,4,1,1,1,1,1,1,1,1,3,3,3,3,3,0,3,3,1,4,3,3
"5020",2,4,1,1,4,1,3,1,4,4,1,1,1,1,1,1,4,3,0,0,6,2,2,3,2,4,2,6,5
"5021",3,6,7,7,4,3,3,1,4,4,1,1,4,1,3,1,4,6,2,0,2,0,0,6,2,3,1,20,7
"5022",4,6,7,9,4,3,5,1,4,6,7,7,4,3,3,1,4,2,2,1,2,1,0,2,2,3,2,22,9
"5023",5,6,7,9,5,3,5,1,9,6,7,9,4,3,5,1,4,1,0,0,5,4,5,1,5,4,4,23,14
"5024",6,6,7,9,10,7,5,1,9,6,7,9,5,3,5,1,9,4,5,0,4,0,0,5,4,4,1,28,18
"5025",7,6,9,9,10,7,5,3,9,6,7,9,10,7,5,1,9,2,5,2,5,2,0,2,2,2,3,30,20
"5026",8,6,9,14,10,7,5,3,12,6,9,9,10,7,5,3,9,5,0,0,3,3,6,5,3,3,4,35,23
"5027",9,12,15,14,15,7,8,3,12,6,9,14,10,7,5,3,12,3,6,0,3,0,0,6,3,2,2,52,26
"5028",10,20,15,14,15,12,8,3,12,12,15,14,15,7,8,3,12,6,6,5,6,5,0,6,5,1,1,60,31
"5029",11,28,15,14,15,16,1,3,12,20,15,14,15,12,8,3,12,6,0,0,4,6,6,6,4,1,1,68,28
"5030",12,34,15,20,19,1,1,3,12,28,15,14,15,16,1,3,12,6,6,0,6,0,0,6,0,1,0,84,13
"5031",0,0,0,0,0,0,0,0,0,0,0,0,0,0,0,0,0,0,0,0,0,0,0,0,0,0,0,0,0
"5032",1,5,1,1,1,6,1,1,1,1,1,1,1,1,1,1,1,4,4,5,4,5,0,4,5,1,1,4,5
"5033",2,9,1,1,1,8,7,1,1,5,1,1,1,6,1,1,1,4,0,0,5,6,3,4,6,1,2,8,13
"5034",3,9,1,6,1,8,7,1,4,9,1,1,1,8,7,1,1,5,3,0,3,0,0,5,3,3,4,13,16
"5035",4,9,1,9,1,8,9,1,4,9,1,6,1,8,7,1,4,3,4,2,4,2,0,3,2,3,2,16,18
"5036",5,9,5,9,1,8,9,5,4,9,1,9,1,8,9,1,4,4,0,0,6,2,4,4,4,2,3,20,22
"5037",6,9,8,15,1,8,9,7,4,9,5,9,1,8,9,5,4,6,2,0,2,0,0,6,2,3,3,29,24
"5038",7,13,8,15,1,8,11,7,4,9,8,15,1,8,9,7,4,2,4,3,2,3,0,4,2,1,2,33,26
"5039",8,13,11,15,1,11,11,7,4,13,8,15,1,8,11,7,4,3,0,0,3,6,2,3,3,2,1,36,29
"5040",9,13,15,21,1,11,11,7,6,13,11,15,1,11,11,7,4,6,2,0,2,0,0,6,2,3,4,46,31
"5041",10,18,15,21,1,16,11,7,12,13,15,21,1,11,11,7,6,6,2,5,6,2,0,5,6,1,4,51,42
"5042",11,18,17,21,1,16,15,7,12,18,15,21,1,16,11,7,12,2,0,0,4,2,6,2,4,2,2,53,46
"5043",12,23,23,21,1,16,15,7,12,18,17,21,1,16,15,7,12,2,6,0,2,0,0,6,0,2,0,64,46
"5044",0,0,0,0,0,0,0,0,0,0,0,0,0,0,0,0,0,0,0,0,0,0,0,0,0,0,0,0,0
"5045",1,1,4,1,7,1,1,9,1,1,1,1,1,1,1,1,1,6,6,2,6,2,0,6,6,4,3,9,8
"5046",2,1,6,1,7,1,4,9,1,1,4,1,7,1,1,9,1,2,0,0,4,1,3,2,3,2,2,11,11
"5047",3,5,6,1,7,1,4,9,2,1,6,1,7,1,4,9,1,4,1,0,1,0,0,4,1,1,4,15,12
"5048",4,9,6,1,13,1,9,9,2,5,6,1,7,1,4,9,2,6,6,5,6,5,0,6,5,4,2,25,17
"5049",5,9,6,12,13,6,9,9,2,9,6,1,13,1,9,9,2,6,0,0,3,4,5,6,5,3,1,36,22
"5050",6,13,6,12,13,9,9,9,2,9,6,12,13,6,9,9,2,3,4,0,3,0,0,4,3,1,1,40,25
"5051",7,13,6,16,13,9,9,12,2,13,6,12,13,9,9,9,2,5,3,4,5,3,0,4,3,3,3,44,28
"5052",8,18,6,16,13,9,9,12,7,13,6,16,13,9,9,12,2,5,0,0,5,3,6,5,5,1,4,49,33
"5053",9,18,14,16,13,12,9,12,7,18,6,16,13,9,9,12,7,3,6,0,3,0,0,6,3,2,1,57,36
"5054",10,18,14,17,13,15,9,12,7,18,14,16,13,12,9,12,7,1,3,5,3,5,0,1,3,3,1,58,39
"5055",11,23,14,17,13,20,9,12,7,18,14,17,13,15,9,12,7,5,0,0,5,4,4,5,5,1,1,63,44
"5056",12,23,18,17,13,20,9,12,7,23,14,17,13,20,9,12,7,4,4,0,4,0,0,4,0,2,0,67,44
"5057",0,0,0,0,0,0,0,0,0,0,0,0,0,0,0,0,0,0,0,0,0,0,0,0,0,0,0,0,0
"5058",1,11,1,1,1,1,4,1,1,1,1,1,1,1,1,1,1,3,1,6,3,1,0,6,3,1,2,10,3
"5059",2,11,1,2,1,1,4,1,5,11,1,1,1,1,4,1,1,1,0,0,6,4,4,1,4,3,4,11,7
"5060",3,11,1,2,11,1,8,1,5,11,1,2,1,1,4,1,5,6,4,0,4,0,0,6,4,4,2,21,11
"5061",4,11,1,6,11,4,8,1,5,11,1,2,11,1,8,1,5,4,1,3,1,3,0,4,3,3,1,25,14
"5062",5,11,2,6,11,9,8,1,5,11,1,6,11,4,8,1,5,1,0,0,5,5,4,1,5,2,1,26,19
"5063",6,11,7,6,11,13,8,1,5,11,2,6,11,9,8,1,5,5,4,0,4,0,0,5,4,2,1,31,23
"5064",7,11,7,6,14,13,10,1,5,11,7,6,11,13,8,1,5,1,2,3,1,2,0,3,2,4,2,34,25
"5065",8,12,7,6,14,13,10,1,6,11,7,6,14,13,10,1,5,1,0,0,1,6,5,1,1,1,4,35,26
"5066",9,12,8,12,14,13,15,1,6,12,7,6,14,13,10,1,6,6,5,0,5,0,0,6,5,3,2,42,31
"5067",10,12,13,12,14,13,16,1,6,12,8,12,14,13,15,1,6,1,1,5,1,1,0,5,1,2,2,47,32
"5068",11,13,13,12,14,16,16,1,6,12,13,12,14,13,16,1,6,1,0,0,3,4,3,1,3,1,1,48,35
"5069",12,13,13,12,18,16,16,1,6,13,13,12,14,16,16,1,6,4,3,0,3,0,0,4,0,4,0,52,35
"5070",0,0,0,0,0,0,0,0,0,0,0,0,0,0,0,0,0,0,0,0,0,0,0,0,0,0,0,0,0
"5071",1,2,1,7,1,6,1,1,1,1,1,1,1,1,1,1,1,5,6,4,5,4,0,6,5,3,1,7,5
"5072",2,2,5,7,1,6,1,5,1,2,1,7,1,6,1,1,1,4,0,0,4,4,1,4,4,2,3,11,9
"5073",3,2,5,7,5,6,1,6,1,2,5,7,1,6,1,5,1,4,1,0,1,0,0,4,1,4,3,15,10
"5074",4,4,5,7,5,8,1,6,1,2,5,7,5,6,1,6,1,1,2,2,1,2,0,2,2,1,1,17,12
"5075",5,5,5,7,5,16,1,6,1,4,5,7,5,8,1,6,1,1,0,0,6,1,3,1,6,1,1,18,20
"5076",6,5,5,7,8,16,1,6,2,5,5,7,5,16,1,6,1,1,3,0,1,0,0,3,1,4,4,21,21
"5077",7,5,5,12,8,16,1,6,5,5,5,7,8,16,1,6,2,5,3,3,3,3,0,5,3,3,4,26,24
"5078",8,5,5,15,8,16,1,6,10,5,5,12,8,16,1,6,5,3,0,0,2,5,3,3,5,3,4,29,29
"5079",9,8,5,15,8,18,1,6,10,5,5,15,8,16,1,6,10,2,3,0,2,0,0,3,2,1,1,32,31
"5080",10,14,6,15,8,20,1,6,10,8,5,15,8,18,1,6,10,6,2,4,2,4,0,6,2,1,1,39,33
"5081",11,14,6,15,12,21,1,6,10,14,6,15,8,20,1,6,10,4,0,0,1,3,6,4,1,4,1,43,34
"5082",12,16,6,21,12,21,1,6,10,14,6,15,12,21,1,6,10,3,6,0,3,0,0,6,0,3,0,51,34
"5083",0,0,0,0,0,0,0,0,0,0,0,0,0,0,0,0,0,0,0,0,0,0,0,0,0,0,0,0,0
"5084",1,4,1,1,1,1,1,1,4,1,1,1,1,1,1,1,1,1,3,3,1,3,0,3,3,1,4,3,3
"5085",2,4,1,2,1,12,1,1,4,4,1,1,1,1,1,1,4,1,0,0,4,2,6,1,6,3,1,4,14
"5086",3,4,1,2,5,12,3,1,4,4,1,2,1,12,1,1,4,4,2,0,2,0,0,4,2,4,2,8,16
"5087",4,5,1,2,5,13,3,1,4,4,1,2,5,12,3,1,4,1,1,1,1,1,0,1,1,1,1,9,17
"5088",5,6,1,2,5,14,3,1,4,5,1,2,5,13,3,1,4,1,0,0,1,4,5,1,1,1,1,10,18
"5089",6,11,1,2,5,14,3,5,4,6,1,2,5,14,3,1,4,4,5,0,4,0,0,5,4,1,3,15,22
"5090",7,13,1,2,5,14,7,5,4,11,1,2,5,14,3,5,4,2,1,4,1,4,0,2,4,1,2,17,26
"5091",8,13,1,3,5,14,7,9,4,13,1,2,5,14,7,5,4,1,0,0,4,1,4,1,4,3,3,18,30
"5092",9,17,1,3,5,14,7,9,5,13,1,3,5,14,7,9,4,1,4,0,1,0,0,4,1,1,4,22,31
"5093",10,1,1,3,5,18,7,9,6,17,1,3,5,14,7,9,5,6,4,5,4,5,0,6,5,1,4,6,36
"5094",11,5,1,3,5,19,7,9,6,1,1,3,5,18,7,9,6,4,0,0,1,1,3,4,1,1,1,10,37
"5095",12,5,1,6,5,19,7,9,6,5,1,3,5,19,7,9,6,1,3,0,1,0,0,3,0,3,0,13,37
"5096",0,0,0,0,0,0,0,0,0,0,0,0,0,0,0,0,0,0,0,0,0,0,0,0,0,0,0,0,0
"5097",1,1,1,6,1,1,5,1,1,1,1,1,1,1,1,1,1,4,5,2,4,2,0,5,4,3,2,5,4
"5098",2,1,1,8,1,1,5,1,6,1,1,6,1,1,5,1,1,2,0,0,4,5,6,2,5,3,4,7,9
"5099",3,7,1,14,6,5,5,1,6,1,1,8,1,1,5,1,6,4,6,0,4,0,0,6,4,1,1,24,13
"5100",4,7,1,17,6,8,5,1,6,7,1,14,6,5,5,1,6,3,1,3,1,3,0,3,3,3,1,27,16
"5101",5,7,1,18,6,13,5,1,6,7,1,17,6,8,5,1,6,1,0,0,2,3,5,1,5,3,1,28,21
"5102",6,10,1,18,6,13,5,3,6,7,1,18,6,13,5,1,6,2,3,0,2,0,0,3,2,1,3,31,23
"5103",7,13,1,18,6,13,5,3,10,10,1,18,6,13,5,3,6,1,4,3,1,4,0,3,4,1,4,34,27
"5104",8,13,1,18,7,13,5,3,11,13,1,18,6,13,5,3,10,1,0,0,1,4,6,1,1,4,4,35,28
"5105",9,14,1,18,13,13,5,7,11,13,1,18,7,13,5,3,11,4,6,0,4,0,0,6,4,4,3,42,32
"5106",10,14,1,18,17,17,5,7,11,14,1,18,13,13,5,7,11,4,4,4,4,4,0,4,4,4,1,46,36
"5107",11,18,1,18,17,24,5,7,11,14,1,18,17,17,5,7,11,4,0,0,3,6,6,4,6,1,1,50,43
"5108",12,24,6,18,19,1,5,7,11,18,1,18,17,24,5,7,11,3,6,0,3,0,0,6,0,1,0,63,20
"5109",0,0,0,0,0,0,0,0,0,0,0,0,0,0,0,0,0,0,0,0,0,0,0,0,0,0,0,0,0
"5110",1,1,1,4,1,5,1,1,1,1,1,1,1,1,1,1,1,3,5,4,5,4,0,3,4,3,1,3,4
"5111",2,6,1,4,1,10,7,1,1,1,1,4,1,5,1,1,1,5,0,0,6,3,3,5,6,1,2,8,15
"5112",3,9,1,4,1,10,7,4,1,6,1,4,1,10,7,1,1,3,3,0,3,0,0,3,3,1,3,11,18
"5113",4,12,1,4,1,10,7,8,1,9,1,4,1,10,7,4,1,3,3,4,3,4,0,3,4,1,3,14,22
"5114",5,12,4,4,1,10,7,12,1,12,1,4,1,10,7,8,1,3,0,0,4,2,6,3,4,2,3,17,26
"5115",6,18,5,4,1,10,9,12,1,12,4,4,1,10,7,12,1,2,6,0,2,0,0,6,2,1,2,24,28
"5116",7,23,5,4,1,10,11,12,1,18,5,4,1,10,9,12,1,5,2,5,2,5,0,5,2,1,2,29,30
"5117",8,31,5,4,1,4,1,12,1,23,5,4,1,10,11,12,1,5,0,0,3,5,2,5,3,1,1,37,14
"5118",9,36,5,4,1,6,1,12,1,31,5,4,1,4,1,12,1,5,2,0,2,0,0,5,2,1,1,42,16
"5119",10,36,5,8,1,13,1,18,1,36,5,4,1,6,1,12,1,4,6,4,6,4,0,4,6,3,1,46,29
"5120",11,36,9,8,1,15,1,18,1,36,5,8,1,13,1,18,1,4,0,0,2,3,1,4,2,2,1,50,31
"5121",12,36,10,8,1,15,1,18,1,36,9,8,1,15,1,18,1,3,1,0,3,0,0,1,0,2,0,51,31
"5122",0,0,0,0,0,0,0,0,0,0,0,0,0,0,0,0,0,0,0,0,0,0,0,0,0,0,0,0,0
"5123",1,6,1,1,1,1,2,1,1,1,1,1,1,1,1,1,1,1,1,5,1,1,0,5,1,1,2,5,1
"5124",2,7,1,1,1,1,2,3,1,6,1,1,1,1,2,1,1,1,0,0,2,2,3,1,2,1,3,6,3
"5125",3,7,3,1,1,1,2,6,1,7,1,1,1,1,2,3,1,2,3,0,3,0,0,2,3,2,3,8,6
"5126",4,7,3,1,5,1,2,9,1,7,3,1,1,1,2,6,1,4,1,3,1,3,0,4,3,4,3,12,9
"5127",5,7,4,1,5,2,2,9,1,7,3,1,5,1,2,9,1,1,0,0,1,3,1,1,1,2,1,13,10
"5128",6,10,4,1,5,3,2,9,1,7,4,1,5,2,2,9,1,3,1,0,1,0,0,3,1,1,1,16,11
"5129",7,10,8,1,5,7,2,9,1,10,4,1,5,3,2,9,1,4,4,3,4,3,0,4,4,2,1,20,15
"5130",8,10,8,4,5,7,2,12,1,10,8,1,5,7,2,9,1,3,0,0,6,3,4,3,3,3,3,23,18
"5131",9,10,8,4,14,7,2,12,5,10,8,4,5,7,2,12,1,6,4,0,4,0,0,6,4,4,4,32,22
"5132",10,10,12,4,14,7,4,12,5,10,8,4,14,7,2,12,5,2,2,4,2,2,0,4,2,2,2,36,24
"5133",11,12,12,4,14,9,4,12,5,10,12,4,14,7,4,12,5,2,0,0,2,5,3,2,2,1,1,38,26
"5134",12,12,15,4,14,9,4,12,5,12,12,4,14,9,4,12,5,5,3,0,5,0,0,3,0,2,0,41,26
"5135",0,0,0,0,0,0,0,0,0,0,0,0,0,0,0,0,0,0,0,0,0,0,0,0,0,0,0,0,0
"5136",1,4,1,1,7,1,5,1,1,1,1,1,1,1,1,1,1,6,2,4,2,4,0,6,4,4,2,9,4
"5137",2,6,1,1,7,1,5,1,4,4,1,1,7,1,5,1,1,2,0,0,5,3,2,2,3,1,4,11,7
"5138",3,6,1,6,7,3,5,1,4,6,1,1,7,1,5,1,4,5,2,0,2,0,0,5,2,3,1,16,9
"5139",4,6,1,11,7,9,5,4,4,6,1,6,7,3,5,1,4,5,5,6,5,6,0,5,6,3,1,21,18
"5140",5,6,6,11,7,9,5,4,6,6,1,11,7,9,5,4,4,5,0,0,6,2,4,5,2,2,4,26,20
"5141",6,6,7,11,13,9,9,4,6,6,6,11,7,9,5,4,6,6,4,0,4,0,0,6,4,4,2,33,24
"5142",7,6,7,11,17,9,9,7,6,6,7,11,13,9,9,4,6,3,3,4,3,3,0,4,3,4,3,37,27
"5143",8,9,7,11,17,12,9,7,6,6,7,11,17,9,9,7,6,3,0,0,5,1,3,3,3,1,1,40,30
"5144",9,14,7,11,17,12,9,7,7,9,7,11,17,12,9,7,6,5,1,0,1,0,0,5,1,1,4,45,31
"5145",10,20,8,11,17,12,9,7,10,14,7,11,17,12,9,7,7,3,1,6,3,1,0,6,3,1,4,52,34
"5146",11,20,8,12,17,16,9,7,10,20,8,11,17,12,9,7,10,1,0,0,4,1,4,1,4,3,1,53,38
"5147",12,20,8,12,21,16,9,7,10,20,8,12,17,16,9,7,10,1,4,0,1,0,0,4,0,4,0,57,38
"5148",0,0,0,0,0,0,0,0,0,0,0,0,0,0,0,0,0,0,0,0,0,0,0,0,0,0,0,0,0
"5149",1,1,1,7,7,6,1,1,1,1,1,1,1,1,1,1,1,5,6,1,5,1,0,6,5,3,1,12,5
"5150",2,1,1,7,8,9,1,1,1,1,1,7,7,6,1,1,1,1,0,0,3,4,4,1,3,4,1,13,8
"5151",3,1,1,11,8,9,1,1,5,1,1,7,8,9,1,1,1,4,4,0,4,0,0,4,4,3,4,17,12
"5152",4,6,1,11,8,9,1,1,9,1,1,11,8,9,1,1,5,4,5,2,4,2,0,5,4,1,4,22,16
"5153",5,6,1,13,8,9,1,7,12,6,1,11,8,9,1,1,9,2,0,0,6,3,6,2,6,3,3,24,25
"5154",6,12,6,13,14,12,1,7,12,6,1,13,8,9,1,7,12,3,6,0,3,0,0,6,3,4,1,41,28
"5155",7,12,6,14,14,13,1,7,12,12,6,13,14,12,1,7,12,1,1,1,1,1,0,1,1,3,1,42,29
"5156",8,12,7,14,14,16,1,7,12,12,6,14,14,13,1,7,12,1,0,0,3,1,1,1,3,2,1,43,32
"5157",9,12,7,15,14,16,1,7,13,12,7,14,14,16,1,7,12,1,1,0,1,0,0,1,1,3,4,44,33
"5158",10,16,7,15,14,18,1,7,13,12,7,15,14,16,1,7,13,4,2,2,2,2,0,4,2,1,1,48,35
"5159",11,16,9,15,14,19,1,7,13,16,7,15,14,18,1,7,13,2,0,0,1,3,2,2,1,2,1,50,36
"5160",12,19,9,15,14,19,1,7,13,16,9,15,14,19,1,7,13,3,2,0,2,0,0,3,0,1,0,53,36
"5161",0,0,0,0,0,0,0,0,0,0,0,0,0,0,0,0,0,0,0,0,0,0,0,0,0,0,0,0,0
"5162",1,6,1,1,1,3,1,1,1,1,1,1,1,1,1,1,1,2,2,5,2,2,0,5,2,1,1,5,2
"5163",2,6,1,3,1,3,1,1,5,6,1,1,1,3,1,1,1,2,0,0,2,4,2,2,4,3,4,7,6
"5164",3,8,1,3,1,3,3,1,5,6,1,3,1,3,1,1,5,2,2,0,2,0,0,2,2,1,2,9,8
"5165",4,8,1,3,5,5,3,1,5,8,1,3,1,3,3,1,5,4,1,2,1,2,0,4,2,4,1,13,10
"5166",5,8,1,3,6,5,4,1,5,8,1,3,5,5,3,1,5,1,0,0,2,5,1,1,1,4,2,14,11
"5167",6,13,1,3,6,5,6,1,5,8,1,3,6,5,4,1,5,2,5,0,2,0,0,5,2,1,2,19,13
"5168",7,13,1,7,6,5,9,1,5,13,1,3,6,5,6,1,5,4,2,3,2,3,0,4,3,3,2,23,16
"5169",8,13,3,7,6,11,9,1,8,13,1,7,6,5,9,1,5,2,0,0,6,6,1,2,6,2,1,25,25
"5170",9,16,9,7,6,11,10,1,8,13,3,7,6,11,9,1,8,6,1,0,1,0,0,6,1,2,2,34,26
"5171",10,16,9,7,8,15,10,1,8,16,9,7,6,11,10,1,8,4,4,2,4,4,0,2,4,4,1,36,30
"5172",11,16,13,7,8,19,10,1,8,16,9,7,8,15,10,1,8,4,0,0,6,2,4,4,4,2,1,40,34
"5173",12,16,13,13,10,19,10,1,8,16,13,7,8,19,10,1,8,6,2,0,2,0,0,6,0,3,0,48,34
"5174",0,0,0,0,0,0,0,0,0,0,0,0,0,0,0,0,0,0,0,0,0,0,0,0,0,0,0,0,0
"5175",1,7,6,7,1,3,7,1,1,1,1,1,1,1,1,1,1,1,6,6,1,6,0,6,6,3,2,17,8
"5176",2,7,6,7,2,4,7,1,1,7,6,7,1,3,7,1,1,1,0,0,1,3,5,1,1,4,1,18,9
"5177",3,7,6,12,2,4,10,1,1,7,6,7,2,4,7,1,1,3,5,0,3,0,0,5,3,3,2,23,12
"5178",4,7,6,14,2,4,10,2,1,7,6,12,2,4,10,1,1,1,2,2,1,2,0,2,1,3,3,25,13
"5179",5,9,6,14,2,10,21,2,1,7,6,14,2,4,10,2,1,2,0,0,6,3,3,2,6,1,1,27,30
"5180",6,9,9,14,2,10,21,5,1,9,6,14,2,10,21,2,1,3,3,0,3,0,0,3,3,2,3,30,33
"5181",7,9,9,14,4,10,1,10,1,9,9,14,2,10,21,5,1,5,5,1,5,5,0,1,5,4,3,32,18
"5182",8,14,9,14,4,10,1,12,1,9,9,14,4,10,1,10,1,5,0,0,6,1,2,5,2,1,3,37,20
"5183",9,14,19,14,4,11,1,12,1,14,9,14,4,10,1,12,1,6,1,0,1,0,0,6,1,2,1,47,21
"5184",10,14,19,14,9,13,1,18,1,14,19,14,4,11,1,12,1,5,6,5,6,5,0,5,6,4,3,52,29
"5185",11,14,19,14,14,16,1,18,1,14,19,14,9,13,1,18,1,5,0,0,5,3,5,5,3,4,1,57,32
"5186",12,14,19,19,14,16,1,18,1,14,19,14,14,16,1,18,1,5,5,0,5,0,0,5,0,3,0,62,32
"5187",0,0,0,0,0,0,0,0,0,0,0,0,0,0,0,0,0,0,0,0,0,0,0,0,0,0,0,0,0
"5188",1,1,1,11,1,1,1,5,1,1,1,1,1,1,1,1,1,4,5,6,4,5,0,6,4,3,3,10,4
"5189",2,1,6,11,1,6,1,5,1,1,1,11,1,1,1,5,1,5,0,0,5,1,5,5,5,2,1,15,9
"5190",3,1,11,11,1,6,1,6,1,1,6,11,1,6,1,5,1,1,5,0,1,0,0,5,1,2,3,20,10
"5191",4,1,11,11,4,6,3,6,1,1,11,11,1,6,1,6,1,2,3,4,2,4,0,3,2,4,2,23,12
"5192",5,1,11,11,8,6,7,6,1,1,11,11,4,6,3,6,1,4,0,0,4,1,4,4,4,4,2,27,16
"5193",6,5,11,11,8,7,7,6,1,1,11,11,8,6,7,6,1,1,4,0,1,0,0,4,1,1,1,31,17
"5194",7,5,11,11,11,7,9,6,1,5,11,11,8,7,7,6,1,3,2,2,2,2,0,3,2,4,2,34,19
"5195",8,7,11,11,11,7,9,11,1,5,11,11,11,7,9,6,1,2,0,0,4,5,1,2,5,1,3,36,24
"5196",9,7,11,15,11,7,9,11,2,7,11,11,11,7,9,11,1,4,1,0,1,0,0,4,1,3,4,40,25
"5197",10,7,17,15,12,7,9,14,2,7,11,15,11,7,9,11,2,3,1,6,3,1,0,6,3,2,3,47,28
"5198",11,7,17,16,12,7,9,19,2,7,17,15,12,7,9,14,2,1,0,0,5,6,1,1,5,3,3,48,33
"5199",12,7,23,16,16,7,9,19,2,7,17,16,12,7,9,19,2,6,1,0,1,0,0,6,0,2,0,58,33
"5200",0,0,0,0,0,0,0,0,0,0,0,0,0,0,0,0,0,0,0,0,0,0,0,0,0,0,0,0,0
"5201",1,1,1,1,5,1,4,1,1,1,1,1,1,1,1,1,1,4,1,3,1,3,0,4,3,4,2,4,3
"5202",2,1,1,1,6,1,8,1,1,1,1,1,5,1,4,1,1,1,0,0,4,4,5,1,4,4,2,5,7
"5203",3,1,1,5,6,1,13,1,1,1,1,1,6,1,8,1,1,4,5,0,5,0,0,4,5,3,2,9,12
"5204",4,6,1,5,6,1,13,4,1,1,1,5,6,1,13,1,1,2,3,5,2,3,0,5,3,1,3,14,15
"5205",5,8,1,5,6,1,18,4,1,6,1,5,6,1,13,4,1,2,0,0,2,1,5,2,5,1,2,16,20
"5206",6,9,1,5,6,1,18,4,3,8,1,5,6,1,18,4,1,2,1,0,2,0,0,1,2,1,4,17,22
"5207",7,19,1,5,6,1,18,5,3,9,1,5,6,1,18,4,3,2,6,1,2,1,0,6,1,1,3,27,23
"5208",8,19,3,5,6,2,18,5,9,19,1,5,6,1,18,5,3,2,0,0,1,3,6,2,6,2,4,29,30
"5209",9,19,6,5,6,3,18,5,9,19,3,5,6,2,18,5,9,1,3,0,1,0,0,3,1,2,1,32,31
"5210",10,19,1,10,12,3,29,5,9,19,6,5,6,3,18,5,9,1,6,6,1,6,0,6,6,4,2,38,42
"5211",11,26,7,11,12,1,1,10,9,19,1,10,12,3,29,5,9,1,0,0,5,4,2,1,5,3,3,52,17
"5212",12,26,7,15,12,1,1,10,9,26,7,11,12,1,1,10,9,4,2,0,2,0,0,4,0,3,0,56,17
"5213",0,0,0,0,0,0,0,0,0,0,0,0,0,0,0,0,0,0,0,0,0,0,0,0,0,0,0,0,0
"5214",1,1,6,1,1,1,4,1,1,1,1,1,1,1,1,1,1,3,5,2,3,2,0,5,3,2,2,5,3
"5215",2,1,6,3,1,6,4,1,7,1,6,1,1,1,4,1,1,2,0,0,2,6,6,2,6,3,4,7,14
"5216",3,1,6,7,7,6,4,1,9,1,6,3,1,6,4,1,7,2,6,0,2,0,0,6,2,4,4,17,16
"5217",4,1,12,7,11,6,7,1,9,1,6,7,7,6,4,1,9,6,2,3,2,3,0,6,3,2,2,27,19
"5218",5,1,12,7,13,10,7,1,9,1,12,7,11,6,7,1,9,2,0,0,4,4,1,2,4,4,1,29,23
"5219",6,1,12,11,13,11,7,1,9,1,12,7,13,10,7,1,9,4,1,0,1,0,0,4,1,3,1,33,24
"5220",7,1,18,14,13,16,7,1,9,1,12,11,13,11,7,1,9,6,5,2,5,2,0,6,5,2,1,42,29
"5221",8,3,18,14,13,19,7,1,9,1,18,14,13,16,7,1,9,2,0,0,3,1,3,2,3,1,1,44,32
"5222",9,3,18,17,13,20,7,1,9,3,18,14,13,19,7,1,9,1,3,0,1,0,0,3,1,3,1,47,33
"5223",10,7,18,17,19,21,7,1,9,3,18,17,13,20,7,1,9,6,1,3,1,3,0,6,1,4,1,57,34
"5224",11,10,18,17,19,24,13,1,9,7,18,17,19,21,7,1,9,3,0,0,3,6,1,3,6,1,2,60,43
"5225",12,13,18,17,19,24,13,1,9,10,18,17,19,24,13,1,9,3,1,0,1,0,0,3,0,1,0,63,43
"5226",0,0,0,0,0,0,0,0,0,0,0,0,0,0,0,0,0,0,0,0,0,0,0,0,0,0,0,0,0
"5227",1,1,3,1,7,4,1,1,1,1,1,1,1,1,1,1,1,3,4,6,3,4,0,6,3,4,1,8,3
"5228",2,1,3,1,11,4,1,4,1,1,3,1,7,4,1,1,1,4,0,0,3,4,5,4,3,4,3,12,6
"5229",3,1,3,5,11,4,6,4,1,1,3,1,11,4,1,4,1,4,5,0,5,0,0,4,5,3,2,16,11
"5230",4,5,3,5,11,4,6,4,5,1,3,5,11,4,6,4,1,4,3,4,3,4,0,4,4,1,4,20,15
"5231",5,5,6,5,11,4,6,4,7,5,3,5,11,4,6,4,5,3,0,0,3,2,3,3,2,2,4,23,17
"5232",6,5,6,5,14,4,9,4,7,5,6,5,11,4,6,4,7,3,3,0,3,0,0,3,3,4,2,26,20
"5233",7,10,6,5,14,4,12,4,7,5,6,5,14,4,9,4,7,5,3,1,3,1,0,5,3,1,2,31,23
"5234",8,10,6,6,14,4,12,10,9,10,6,5,14,4,12,4,7,1,0,0,6,6,1,1,6,3,3,32,31
"5235",9,17,6,6,14,4,12,11,9,10,6,6,14,4,12,10,9,6,1,0,1,0,0,6,1,1,3,39,32
"5236",10,17,6,11,14,4,16,11,9,17,6,6,14,4,12,11,9,4,5,4,4,4,0,5,4,3,2,44,36
"5237",11,17,10,11,14,7,16,11,9,17,6,11,14,4,16,11,9,4,0,0,3,2,3,4,3,2,1,48,39
"5238",12,17,10,13,14,7,16,11,9,17,10,11,14,7,16,11,9,2,3,0,3,0,0,2,0,3,0,50,39
"5239",0,0,0,0,0,0,0,0,0,0,0,0,0,0,0,0,0,0,0,0,0,0,0,0,0,0,0,0,0
"5240",1,1,1,7,4,5,1,1,1,1,1,1,1,1,1,1,1,6,2,4,2,4,0,6,4,3,1,9,4
"5241",2,1,3,7,4,9,7,1,1,1,1,7,4,5,1,1,1,2,0,0,4,6,6,2,6,2,2,11,14
"5242",3,5,3,13,4,9,11,1,1,1,3,7,4,9,7,1,1,4,6,0,4,0,0,6,4,3,2,21,18
"5243",4,5,3,18,4,9,16,1,1,5,3,13,4,9,11,1,1,4,5,5,4,5,0,5,5,3,2,26,23
"5244",5,9,3,18,4,9,16,1,2,5,3,18,4,9,16,1,1,4,0,0,1,6,3,4,1,1,4,30,24
"5245",6,9,10,18,4,9,16,4,2,9,3,18,4,9,16,1,2,6,3,0,3,0,0,6,3,2,3,37,27
"5246",7,9,14,18,4,9,20,4,2,9,10,18,4,9,16,4,2,1,4,4,1,4,0,4,4,2,2,41,31
"5247",8,9,14,19,4,15,23,4,2,9,14,18,4,9,20,4,2,1,0,0,5,3,6,1,6,3,1,42,40
"5248",9,9,14,19,9,18,23,4,2,9,14,19,4,15,23,4,2,5,3,0,3,0,0,5,3,4,1,47,43
"5249",10,9,19,19,9,18,23,4,4,9,14,19,9,18,23,4,2,5,4,2,4,2,0,5,2,2,4,52,45
"5250",11,13,19,19,1,21,27,4,4,9,19,19,9,18,23,4,4,4,0,0,4,5,6,4,4,1,2,48,52
"5251",12,13,19,23,13,21,27,4,4,13,19,19,1,21,27,4,4,5,6,0,5,0,0,6,0,4,0,64,52
"5252",0,0,0,0,0,0,0,0,0,0,0,0,0,0,0,0,0,0,0,0,0,0,0,0,0,0,0,0,0
"5253",1,5,1,1,1,1,6,1,1,1,1,1,1,1,1,1,1,5,4,5,5,5,0,4,5,1,2,4,5
"5254",2,5,1,6,1,1,6,1,5,5,1,1,1,1,6,1,1,5,0,0,5,6,4,5,4,3,4,9,9
"5255",3,8,7,6,1,1,6,6,5,5,1,6,1,1,6,1,5,5,6,0,5,0,0,6,5,2,3,18,14
"5256",4,8,12,6,1,1,6,6,10,8,7,6,1,1,6,6,5,5,5,2,5,2,0,5,5,2,4,23,19
"5257",5,10,12,6,1,7,9,6,10,8,12,6,1,1,6,6,10,2,0,0,6,2,3,2,6,1,1,25,28
"5258",6,10,12,9,1,7,9,6,12,10,12,6,1,7,9,6,10,2,3,0,2,0,0,3,2,3,4,28,30
"5259",7,10,16,9,1,19,9,6,12,10,12,9,1,7,9,6,12,4,3,6,3,6,0,4,6,2,1,32,42
"5260",8,13,16,9,1,19,13,6,12,10,16,9,1,19,9,6,12,3,0,0,4,4,1,3,4,1,2,35,46
"5261",9,13,20,9,1,19,13,7,12,13,16,9,1,19,13,6,12,4,1,0,1,0,0,4,1,2,3,39,47
"5262",10,14,25,9,1,19,15,1,12,13,20,9,1,19,13,7,12,2,2,5,2,2,0,5,2,2,2,45,43
"5263",11,14,27,9,1,21,21,1,12,14,25,9,1,19,15,1,12,2,0,0,5,6,6,2,6,2,2,47,51
"5264",12,20,29,9,1,21,21,1,12,14,27,9,1,21,21,1,12,5,6,0,5,0,0,6,0,1,0,55,51
"5265",0,0,0,0,0,0,0,0,0,0,0,0,0,0,0,0,0,0,0,0,0,0,0,0,0,0,0,0,0
"5266",1,1,1,1,6,2,1,1,1,1,1,1,1,1,1,1,1,1,3,5,1,3,0,5,1,4,1,5,1
"5267",2,1,1,4,6,2,1,1,6,1,1,1,6,2,1,1,1,3,0,0,5,1,5,3,5,3,4,8,6
"5268",3,1,6,4,6,2,2,1,6,1,1,4,6,2,1,1,6,1,5,0,1,0,0,5,1,2,2,13,7
"5269",4,5,6,4,6,2,5,1,6,1,6,4,6,2,2,1,6,4,3,2,3,2,0,4,3,1,2,17,10
"5270",5,5,6,4,8,2,5,6,6,5,6,4,6,2,5,1,6,2,0,0,1,5,2,2,5,4,3,19,15
"5271",6,5,6,4,10,3,5,6,6,5,6,4,8,2,5,6,6,1,2,0,1,0,0,2,1,4,1,21,16
"5272",7,5,10,4,10,6,5,6,6,5,6,4,10,3,5,6,6,4,1,3,1,3,0,4,3,2,1,25,19
"5273",8,5,10,4,11,6,5,9,6,5,10,4,10,6,5,6,6,1,0,0,2,1,3,1,3,4,3,26,22
"5274",9,5,12,4,11,7,5,9,6,5,10,4,11,6,5,9,6,2,1,0,1,0,0,2,1,2,1,28,23
"5275",10,11,18,4,13,12,5,9,6,5,12,4,11,7,5,9,6,6,5,3,5,3,0,6,5,1,1,42,28
"5276",11,14,18,4,13,14,5,9,6,11,18,4,13,12,5,9,6,3,0,0,2,4,5,3,2,1,1,45,30
"5277",12,19,18,4,13,14,5,9,6,14,18,4,13,14,5,9,6,4,5,0,4,0,0,5,0,1,0,50,30
"5278",0,0,0,0,0,0,0,0,0,0,0,0,0,0,0,0,0,0,0,0,0,0,0,0,0,0,0,0,0
"5279",1,6,7,1,1,6,1,1,1,1,1,1,1,1,1,1,1,2,5,6,2,5,0,6,5,2,1,11,5
"5280",2,6,7,3,1,8,1,1,1,6,7,1,1,6,1,1,1,2,0,0,4,2,2,2,2,3,1,13,7
"5281",3,6,7,7,1,10,1,1,1,6,7,3,1,8,1,1,1,4,2,0,2,0,0,4,2,3,1,17,9
"5282",4,6,7,7,4,10,4,7,1,6,7,7,1,10,1,1,1,6,3,3,6,3,0,3,6,4,3,20,18
"5283",5,6,10,7,4,13,4,7,1,6,7,7,4,10,4,7,1,3,0,0,1,4,3,3,3,2,1,23,21
"5284",6,6,14,7,4,13,4,7,2,6,10,7,4,13,4,7,1,1,4,0,1,0,0,4,1,2,4,27,22
"5285",7,11,14,7,4,13,7,7,2,6,14,7,4,13,4,7,2,5,3,2,3,2,0,5,3,1,2,32,25
"5286",8,11,14,9,4,17,7,7,2,11,14,7,4,13,7,7,2,2,0,0,5,4,5,2,4,3,1,34,29
"5287",9,11,14,9,9,22,7,7,2,11,14,9,4,17,7,7,2,5,5,0,5,0,0,5,5,4,1,39,34
"5288",10,1,14,1,1,30,11,7,2,11,14,9,9,22,7,7,2,6,1,5,1,5,0,6,1,1,4,13,46
"5289",11,1,1,6,1,38,22,7,2,1,14,1,1,30,11,7,2,5,0,0,2,1,2,5,2,3,1,5,65
"5290",12,1,1,6,2,38,22,7,2,1,1,6,1,38,22,7,2,1,2,0,2,0,0,1,0,4,0,6,65
"5291",0,0,0,0,0,0,0,0,0,0,0,0,0,0,0,0,0,0,0,0,0,0,0,0,0,0,0,0,0
"5292",1,1,6,1,1,1,1,6,1,1,1,1,1,1,1,1,1,2,5,5,2,5,0,5,5,2,3,5,5
"5293",2,1,8,1,1,1,3,12,1,1,6,1,1,1,1,6,1,2,0,0,6,5,5,2,6,2,3,7,13
"5294",3,1,8,6,1,1,3,12,6,1,8,1,1,1,3,12,1,5,5,0,5,0,0,5,5,3,4,12,18
"5295",4,1,8,9,1,1,3,17,6,1,8,6,1,1,3,12,6,3,5,4,5,4,0,3,5,3,3,15,23
"5296",5,1,12,9,1,1,6,17,6,1,8,9,1,1,3,17,6,4,0,0,2,4,3,4,3,2,2,19,26
"5297",6,1,16,9,1,3,6,17,6,1,12,9,1,1,6,17,6,2,4,0,2,0,0,4,2,2,1,23,28
"5298",7,4,21,9,1,1,10,17,6,1,16,9,1,3,6,17,6,4,5,5,4,5,0,5,4,2,2,31,30
"5299",8,9,21,9,1,1,11,17,6,4,21,9,1,1,10,17,6,5,0,0,4,1,4,5,1,1,2,36,31
"5300",9,9,21,13,1,1,15,17,6,9,21,9,1,1,11,17,6,4,4,0,4,0,0,4,4,3,2,40,35
"5301",10,9,29,13,1,4,15,17,1,9,21,13,1,1,15,17,6,1,3,3,1,3,0,3,3,2,1,48,33
"5302",11,9,30,13,1,4,15,17,3,9,29,13,1,4,15,17,1,1,0,0,5,2,2,1,2,2,4,49,35
"5303",12,9,32,13,1,4,15,17,3,9,30,13,1,4,15,17,3,5,2,0,5,0,0,2,0,2,0,51,35
"5304",0,0,0,0,0,0,0,0,0,0,0,0,0,0,0,0,0,0,0,0,0,0,0,0,0,0,0,0,0
"5305",1,5,1,1,1,5,1,1,7,1,1,1,1,1,1,1,1,6,3,4,6,3,0,4,6,1,4,4,10
"5306",2,5,1,4,1,5,1,9,7,5,1,1,1,5,1,1,7,3,0,0,4,6,6,3,6,3,3,7,18
"5307",3,5,2,10,1,5,5,9,7,5,1,4,1,5,1,9,7,4,6,0,4,0,0,6,4,3,2,14,22
"5308",4,9,2,10,1,5,5,9,10,5,2,10,1,5,5,9,7,3,4,4,3,4,0,4,3,1,4,18,25
"5309",5,9,6,10,1,5,5,13,10,9,2,10,1,5,5,9,10,4,0,0,6,6,4,4,4,2,3,22,29
"5310",6,15,6,10,3,5,5,13,18,9,6,10,1,5,5,13,10,6,6,0,6,0,0,6,6,1,4,30,37
"5311",7,21,6,15,3,7,5,13,18,15,6,10,3,5,5,13,18,6,1,2,1,2,0,6,2,1,1,41,39
"5312",8,21,6,15,4,7,7,13,18,21,6,15,3,7,5,13,18,1,0,0,2,4,1,1,2,4,2,42,41
"5313",9,21,10,15,4,7,7,14,18,21,6,15,4,7,7,13,18,4,1,0,1,0,0,4,1,2,3,46,42
"5314",10,21,15,15,4,7,7,16,18,21,10,15,4,7,7,14,18,2,5,2,2,2,0,5,2,2,3,51,44
"5315",11,21,17,15,4,7,7,19,18,21,15,15,4,7,7,16,18,2,0,0,2,3,3,2,3,2,3,53,47
"5316",12,21,19,15,4,7,7,19,18,21,17,15,4,7,7,19,18,2,3,0,3,0,0,2,0,2,0,55,47
"5317",0,0,0,0,0,0,0,0,0,0,0,0,0,0,0,0,0,0,0,0,0,0,0,0,0,0,0,0,0
"5318",1,1,5,1,1,4,1,1,1,1,1,1,1,1,1,1,1,3,4,4,3,4,0,4,3,2,1,4,3
"5319",2,1,5,1,5,4,1,1,4,1,5,1,1,4,1,1,1,4,0,0,4,5,3,4,3,4,4,8,6
"5320",3,5,5,1,5,9,1,1,4,1,5,1,5,4,1,1,4,4,5,0,5,0,0,4,5,1,1,12,11
"5321",4,5,8,1,5,12,1,1,4,5,5,1,5,9,1,1,4,3,3,2,3,2,0,3,3,2,1,15,14
"5322",5,5,8,3,5,17,1,1,4,5,8,1,5,12,1,1,4,2,0,0,4,5,5,2,5,3,1,17,19
"5323",6,5,8,8,5,17,1,1,8,5,8,3,5,17,1,1,4,4,5,0,4,0,0,5,4,3,4,22,23
"5324",7,5,12,8,5,17,1,1,11,5,8,8,5,17,1,1,8,4,3,3,3,3,0,4,3,2,4,26,26
"5325",8,8,12,8,5,17,1,6,11,5,12,8,5,17,1,1,11,3,0,0,1,4,5,3,5,1,3,29,31
"5326",9,8,16,8,5,18,1,6,11,8,12,8,5,17,1,6,11,1,4,0,1,0,0,4,1,2,1,33,32
"5327",10,8,16,8,9,18,2,6,11,8,16,8,5,18,1,6,11,1,4,1,1,1,0,4,1,4,2,37,33
"5328",11,8,16,8,10,23,2,6,11,8,16,8,9,18,2,6,11,1,0,0,6,5,2,1,5,4,1,38,38
"5329",12,10,16,8,10,23,2,6,11,8,16,8,10,23,2,6,11,6,2,0,6,0,0,2,0,1,0,40,38
"5330",0,0,0,0,0,0,0,0,0,0,0,0,0,0,0,0,0,0,0,0,0,0,0,0,0,0,0,0,0
"5331",1,4,1,1,1,1,3,1,1,1,1,1,1,1,1,1,1,2,3,1,2,1,0,3,2,1,2,3,2
"5332",2,4,1,2,1,1,3,5,1,4,1,1,1,1,3,1,1,1,0,0,4,2,2,1,4,3,3,4,6
"5333",3,6,1,2,1,1,3,5,3,4,1,2,1,1,3,5,1,2,2,0,2,0,0,2,2,1,4,6,8
"5334",4,6,5,2,1,1,6,5,3,6,1,2,1,1,3,5,3,1,3,4,1,3,0,4,3,2,2,10,11
"5335",5,7,5,2,1,1,6,11,7,6,5,2,1,1,6,5,3,1,0,0,5,6,2,1,6,1,3,11,21
"5336",6,7,5,2,6,1,6,11,9,7,5,2,1,1,6,11,7,5,2,0,2,0,0,5,2,4,4,16,23
"5337",7,13,5,2,7,1,7,11,9,7,5,2,6,1,6,11,9,1,3,6,1,3,0,6,1,1,2,23,24
"5338",8,13,8,2,7,12,7,11,9,13,5,2,7,1,7,11,9,3,0,0,6,3,6,3,6,2,1,26,35
"5339",9,13,8,4,13,12,10,11,9,13,8,2,7,12,7,11,9,3,6,0,3,0,0,6,3,4,2,34,38
"5340",10,13,13,4,13,12,14,11,9,13,8,4,13,12,10,11,9,1,5,4,1,4,0,5,4,2,2,39,42
"5341",11,14,13,4,13,17,14,11,9,13,13,4,13,12,14,11,9,1,0,0,1,5,1,1,5,1,1,40,47
"5342",12,14,13,5,13,17,14,11,9,14,13,4,13,17,14,11,9,1,1,0,1,0,0,1,0,3,0,41,47
"5343",0,0,0,0,0,0,0,0,0,0,0,0,0,0,0,0,0,0,0,0,0,0,0,0,0,0,0,0,0
"5344",1,1,1,1,5,1,7,1,4,1,1,1,1,1,1,1,1,4,6,4,6,4,0,4,6,4,2,4,9
"5345",2,1,1,5,5,5,7,1,4,1,1,1,5,1,7,1,4,4,0,0,1,4,5,4,4,3,1,8,13
"5346",3,1,1,10,5,6,7,1,4,1,1,5,5,5,7,1,4,1,5,0,1,0,0,5,1,3,1,13,14
"5347",4,1,1,10,10,6,7,3,4,1,1,10,5,6,7,1,4,5,2,3,2,3,0,5,2,4,3,18,16
"5348",5,4,1,10,10,9,7,3,4,1,1,10,10,6,7,3,4,3,0,0,3,1,2,3,3,1,1,21,19
"5349",6,4,1,10,12,9,7,3,5,4,1,10,10,9,7,3,4,1,2,0,1,0,0,2,1,4,4,23,20
"5350",7,9,1,10,12,9,11,3,5,4,1,10,12,9,7,3,5,4,1,5,4,1,0,5,4,1,2,28,24
"5351",8,9,2,10,12,9,15,3,5,9,1,10,12,9,11,3,5,1,0,0,4,4,5,1,4,2,2,29,28
"5352",9,9,7,10,12,13,15,3,5,9,2,10,12,9,15,3,5,4,5,0,4,0,0,5,4,2,1,34,32
"5353",10,9,10,10,12,13,17,3,5,9,7,10,12,13,15,3,5,2,2,3,2,2,0,3,2,2,2,37,34
"5354",11,11,10,10,12,18,17,3,5,9,10,10,12,13,17,3,5,2,0,0,4,5,4,2,5,1,1,39,39
"5355",12,11,10,10,16,18,17,3,5,11,10,10,12,18,17,3,5,4,4,0,4,0,0,4,0,4,0,43,39
"5356",0,0,0,0,0,0,0,0,0,0,0,0,0,0,0,0,0,0,0,0,0,0,0,0,0,0,0,0,0
"5357",1,1,1,1,6,6,1,7,7,1,1,1,1,1,1,1,1,6,5,6,6,6,0,5,6,4,4,5,17
"5358",2,1,1,10,6,6,5,7,7,1,1,1,6,6,1,7,7,6,0,0,4,5,6,6,4,3,2,14,21
"5359",3,1,10,10,6,6,10,7,7,1,1,10,6,6,5,7,7,5,6,0,5,0,0,6,5,2,2,23,26
"5360",4,1,10,15,6,6,10,7,14,1,10,10,6,6,10,7,7,6,5,6,6,6,0,5,6,3,4,28,33
"5361",5,7,10,20,6,12,10,7,17,1,10,15,6,6,10,7,14,6,0,0,6,1,6,6,6,1,1,39,42
"5362",6,13,10,21,6,12,11,7,17,7,10,20,6,12,10,7,17,1,6,0,1,0,0,6,1,1,2,46,43
"5363",7,13,10,29,9,12,1,5,17,13,10,21,6,12,11,7,17,1,4,4,1,4,0,4,4,3,3,57,31
"5364",8,13,10,30,11,5,1,5,17,13,10,29,9,12,1,5,17,1,0,0,4,3,1,1,4,3,1,60,24
"5365",9,16,10,30,11,5,1,5,18,13,10,30,11,5,1,5,17,3,1,0,1,0,0,3,1,1,4,63,25
"5366",10,16,10,30,16,10,1,5,18,16,10,30,11,5,1,5,18,5,2,5,2,5,0,5,5,4,1,68,30
"5367",11,16,10,32,16,13,1,5,18,16,10,30,16,10,1,5,18,2,0,0,1,2,3,2,3,3,1,70,33
"5368",12,16,10,33,16,13,1,5,18,16,10,32,16,13,1,5,18,1,2,0,2,0,0,1,0,3,0,71,33
"5369",0,0,0,0,0,0,0,0,0,0,0,0,0,0,0,0,0,0,0,0,0,0,0,0,0,0,0,0,0
"5370",1,6,1,1,1,1,2,1,1,1,1,1,1,1,1,1,1,1,4,5,1,4,0,5,1,1,2,5,1
"5371",2,10,1,1,1,1,14,6,1,6,1,1,1,1,2,1,1,4,0,0,6,5,3,4,6,1,2,9,18
"5372",3,13,1,1,1,6,14,6,1,10,1,1,1,1,14,6,1,5,3,0,5,0,0,3,5,1,1,12,23
"5373",4,13,1,1,3,6,14,7,1,13,1,1,1,6,14,6,1,1,2,4,1,4,0,2,1,4,3,14,24
"5374",5,17,1,1,3,6,14,8,1,13,1,1,3,6,14,7,1,4,0,0,1,1,3,4,1,1,3,18,25
"5375",6,17,4,1,3,6,15,8,1,17,1,1,3,6,14,8,1,1,3,0,1,0,0,3,1,2,2,21,26
"5376",7,19,4,1,3,6,17,8,1,17,4,1,3,6,15,8,1,2,2,2,2,2,0,2,2,1,2,23,28
"5377",8,19,4,1,5,6,17,12,1,19,4,1,3,6,17,8,1,2,0,0,4,3,2,2,4,4,3,25,32
"5378",9,21,4,1,5,6,20,12,1,19,4,1,5,6,17,12,1,3,2,0,3,0,0,2,3,1,2,27,35
"5379",10,1,4,2,9,7,1,12,3,21,4,1,5,6,20,12,1,1,2,4,2,4,0,1,2,3,4,12,19
"5380",11,5,4,2,9,15,1,12,3,1,4,2,9,7,1,12,3,4,0,0,6,1,2,4,6,1,1,16,27
"5381",12,6,4,2,9,15,1,12,3,5,4,2,9,15,1,12,3,1,2,0,2,0,0,1,0,1,0,17,27
"5382",0,0,0,0,0,0,0,0,0,0,0,0,0,0,0,0,0,0,0,0,0,0,0,0,0,0,0,0,0
"5383",1,1,1,1,10,6,1,1,1,1,1,1,1,1,1,1,1,5,6,2,5,2,0,6,5,4,1,9,5
"5384",2,1,1,1,12,6,1,4,1,1,1,1,10,6,1,1,1,2,0,0,1,4,3,2,3,4,3,11,8
"5385",3,5,1,1,12,6,1,5,1,1,1,1,12,6,1,4,1,1,4,0,1,0,0,4,1,1,3,15,9
"5386",4,5,1,2,12,6,1,5,3,5,1,1,12,6,1,5,1,1,1,2,1,2,0,1,2,3,4,16,11
"5387",5,5,1,2,13,6,1,6,3,5,1,2,12,6,1,5,3,1,0,0,2,6,1,1,1,4,3,17,12
"5388",6,12,1,2,13,6,1,6,5,5,1,2,13,6,1,6,3,2,6,0,2,0,0,6,2,1,4,24,14
"5389",7,12,1,11,13,6,2,6,5,12,1,2,13,6,1,6,5,3,1,6,3,1,0,6,1,3,2,33,15
"5390",8,12,4,11,13,6,2,10,5,12,1,11,13,6,2,6,5,3,0,0,4,1,2,3,4,2,3,36,19
"5391",9,12,4,11,14,8,2,10,5,12,4,11,13,6,2,10,5,1,2,0,2,0,0,1,2,4,1,37,21
"5392",10,12,8,11,14,9,2,10,5,12,4,11,14,8,2,10,5,1,4,3,1,3,0,4,1,2,1,41,22
"5393",11,15,8,11,14,12,2,10,5,12,8,11,14,9,2,10,5,3,0,0,3,1,4,3,3,1,1,44,25
"5394",12,15,8,11,18,12,2,10,5,15,8,11,14,12,2,10,5,1,4,0,1,0,0,4,0,4,0,48,25
"5395",0,0,0,0,0,0,0,0,0,0,0,0,0,0,0,0,0,0,0,0,0,0,0,0,0,0,0,0,0
"5396",1,1,1,1,4,1,1,1,4,1,1,1,1,1,1,1,1,3,1,3,1,3,0,3,3,4,4,3,3
"5397",2,1,1,1,5,3,1,1,4,1,1,1,4,1,1,1,4,1,0,0,3,2,4,1,2,4,1,4,5
"5398",3,1,5,1,5,6,1,1,4,1,1,1,5,3,1,1,4,3,4,0,3,0,0,4,3,2,1,8,8
"5399",4,1,5,4,5,6,1,2,4,1,5,1,5,6,1,1,4,1,1,3,1,1,0,3,1,3,3,11,9
"5400",5,1,5,5,5,6,1,2,9,1,5,4,5,6,1,2,4,1,0,0,3,5,1,1,5,3,4,12,14
"5401",6,4,5,5,5,7,1,2,9,1,5,5,5,6,1,2,9,3,1,0,1,0,0,3,1,1,1,15,15
"5402",7,4,5,5,10,7,1,8,13,4,5,5,5,7,1,2,9,5,6,6,6,6,0,5,6,4,3,20,25
"5403",8,4,5,16,10,7,1,8,16,4,5,5,10,7,1,8,13,6,0,0,1,3,2,6,3,3,4,31,28
"5404",9,6,5,16,10,8,1,8,16,4,5,16,10,7,1,8,16,1,2,0,1,0,0,2,1,1,1,33,29
"5405",10,6,9,16,10,8,3,8,16,6,5,16,10,8,1,8,16,4,1,2,1,2,0,4,2,2,2,37,31
"5406",11,6,10,16,10,8,3,20,16,6,9,16,10,8,3,8,16,1,0,0,4,6,6,1,6,2,3,38,43
"5407",12,10,10,16,16,8,3,20,16,6,10,16,10,8,3,20,16,4,6,0,4,0,0,6,0,4,0,48,43
"5408",0,0,0,0,0,0,0,0,0,0,0,0,0,0,0,0,0,0,0,0,0,0,0,0,0,0,0,0,0
"5409",1,1,6,1,1,1,2,1,1,1,1,1,1,1,1,1,1,5,1,1,1,1,0,5,1,2,2,5,1
"5410",2,1,7,1,1,1,2,1,4,1,6,1,1,1,2,1,1,1,0,0,4,3,3,1,3,2,4,6,4
"5411",3,1,7,1,4,5,2,1,4,1,7,1,1,1,2,1,4,4,3,0,4,0,0,3,4,4,1,9,8
"5412",4,1,11,1,4,5,2,1,8,1,7,1,4,5,2,1,4,4,4,4,4,4,0,4,4,2,4,13,12
"5413",5,1,15,1,4,10,2,1,8,1,11,1,4,5,2,1,8,4,0,0,5,6,5,4,5,2,1,17,17
"5414",6,1,15,9,10,15,2,1,8,1,15,1,4,10,2,1,8,6,5,0,5,0,0,6,5,4,1,31,22
"5415",7,8,15,9,10,15,5,1,8,1,15,9,10,15,2,1,8,3,6,5,3,5,0,6,3,1,2,38,25
"5416",8,8,15,14,10,19,5,1,8,8,15,9,10,15,5,1,8,5,0,0,1,4,4,5,4,3,1,43,29
"5417",9,8,15,18,10,20,5,1,8,8,15,14,10,19,5,1,8,1,4,0,1,0,0,4,1,3,1,47,30
"5418",10,10,15,18,10,20,5,1,11,8,15,18,10,20,5,1,8,1,2,3,1,3,0,2,3,1,4,49,33
"5419",11,11,15,18,10,22,5,1,11,10,15,18,10,20,5,1,11,1,0,0,2,4,2,1,2,1,1,50,35
"5420",12,11,15,18,12,22,5,1,11,11,15,18,10,22,5,1,11,4,2,0,4,0,0,2,0,4,0,52,35
"5421",0,0,0,0,0,0,0,0,0,0,0,0,0,0,0,0,0,0,0,0,0,0,0,0,0,0,0,0,0
"5422",1,7,1,1,6,1,2,1,1,1,1,1,1,1,1,1,1,1,6,2,1,2,0,6,1,1,2,11,1
"5423",2,7,1,3,6,5,2,1,1,7,1,1,6,1,2,1,1,2,0,0,5,4,1,2,4,3,1,13,5
"5424",3,7,6,3,6,6,2,1,1,7,1,3,6,5,2,1,1,5,1,0,1,0,0,5,1,2,1,18,6
"5425",4,12,6,3,6,6,5,1,1,7,6,3,6,6,2,1,1,5,1,3,1,3,0,5,3,1,2,23,9
"5426",5,13,6,3,6,6,8,7,1,12,6,3,6,6,5,1,1,1,0,0,6,2,3,1,6,1,3,24,18
"5427",6,13,6,3,9,6,10,7,1,13,6,3,6,6,8,7,1,2,3,0,2,0,0,3,2,4,2,27,20
"5428",7,13,10,3,15,6,10,9,1,13,6,3,9,6,10,7,1,2,6,6,2,6,0,6,2,4,3,37,22
"5429",8,13,14,9,15,8,10,9,1,13,10,3,15,6,10,9,1,6,0,0,2,3,2,6,2,3,1,47,24
"5430",9,16,14,9,15,10,10,9,1,13,14,9,15,8,10,9,1,3,2,0,2,0,0,3,2,1,1,50,26
"5431",10,16,14,11,15,15,10,9,1,16,14,9,15,10,10,9,1,2,5,3,5,3,0,2,5,3,1,52,31
"5432",11,19,14,11,15,19,10,9,1,16,14,11,15,15,10,9,1,3,0,0,4,1,6,3,4,1,1,55,35
"5433",12,19,14,16,21,19,10,9,1,19,14,11,15,19,10,9,1,1,6,0,1,0,0,6,0,4,0,66,35
"5434",0,0,0,0,0,0,0,0,0,0,0,0,0,0,0,0,0,0,0,0,0,0,0,0,0,0,0,0,0
"5435",1,1,1,1,5,1,1,4,1,1,1,1,1,1,1,1,1,4,2,3,2,3,0,4,3,4,3,4,3
"5436",2,3,1,1,5,1,1,4,5,1,1,1,5,1,1,4,1,2,0,0,4,2,2,2,4,1,4,6,7
"5437",3,3,1,3,5,1,1,6,5,3,1,1,5,1,1,4,5,2,2,0,2,0,0,2,2,3,3,8,9
"5438",4,5,1,3,5,1,4,6,5,3,1,3,5,1,1,6,5,2,1,3,1,3,0,2,3,1,2,10,12
"5439",5,5,2,3,5,1,10,6,9,5,1,3,5,1,4,6,5,1,0,0,2,6,4,1,6,2,2,11,22
"5440",6,9,2,3,5,1,12,6,9,5,2,3,5,1,10,6,9,2,4,0,2,0,0,4,2,1,2,15,24
"5441",7,9,6,3,5,7,12,11,9,9,2,3,5,1,12,6,9,4,2,6,2,6,0,4,6,2,1,19,35
"5442",8,11,6,3,5,17,12,11,9,9,6,3,5,7,12,11,9,2,0,0,6,2,3,2,6,1,1,21,45
"5443",9,11,6,5,5,20,12,11,9,11,6,3,5,17,12,11,9,2,3,0,3,0,0,2,3,3,1,23,48
"5444",10,15,6,5,5,21,18,11,9,11,6,5,5,20,12,11,9,4,6,4,6,4,0,4,6,1,2,27,55
"5445",11,15,1,9,5,22,24,11,9,15,6,5,5,21,18,11,9,4,0,0,6,6,2,4,6,3,2,26,62
"5446",12,17,1,9,5,22,24,11,9,15,1,9,5,22,24,11,9,6,2,0,6,0,0,2,0,1,0,28,62
"5447",0,0,0,0,0,0,0,0,0,0,0,0,0,0,0,0,0,0,0,0,0,0,0,0,0,0,0,0,0
"5448",1,5,1,1,1,1,1,2,1,1,1,1,1,1,1,1,1,1,4,1,1,1,0,4,1,1,3,4,1
"5449",2,5,1,2,1,1,5,2,1,5,1,1,1,1,1,2,1,1,0,0,5,6,4,1,4,3,2,5,5
"5450",3,5,9,2,1,6,5,2,1,5,1,2,1,1,5,2,1,5,6,0,5,0,0,6,5,2,1,13,10
"5451",4,5,15,8,1,6,5,6,1,5,9,2,1,6,5,2,1,6,4,1,4,1,0,6,4,2,3,25,14
"5452",5,6,15,8,1,6,5,12,2,5,15,8,1,6,5,6,1,1,0,0,6,6,4,1,6,1,3,26,21
"5453",6,8,15,14,1,6,9,12,2,6,15,8,1,6,5,12,2,6,4,0,4,0,0,6,4,3,2,34,25
"5454",7,8,15,14,3,7,9,12,2,8,15,14,1,6,9,12,2,1,2,2,1,2,0,2,1,4,1,36,26
"5455",8,8,15,14,5,7,9,14,2,8,15,14,3,7,9,12,2,2,0,0,2,3,4,2,2,4,3,38,28
"5456",9,8,15,14,9,7,9,17,2,8,15,14,5,7,9,14,2,3,4,0,3,0,0,4,3,4,3,42,31
"5457",10,8,15,14,14,7,9,17,4,8,15,14,9,7,9,17,2,5,3,2,3,2,0,5,2,4,4,47,33
"5458",11,11,15,14,14,7,12,17,4,8,15,14,14,7,9,17,4,3,0,0,6,3,2,3,3,1,2,50,36
"5459",12,13,15,14,14,7,12,17,4,11,15,14,14,7,12,17,4,6,2,0,6,0,0,2,0,1,0,52,36
"5460",0,0,0,0,0,0,0,0,0,0,0,0,0,0,0,0,0,0,0,0,0,0,0,0,0,0,0,0,0
"5461",1,1,1,6,1,1,6,7,1,1,1,1,1,1,1,1,1,6,5,5,6,5,0,5,6,3,3,5,11
"5462",2,1,1,11,1,1,6,11,1,1,1,6,1,1,6,7,1,5,0,0,4,1,1,5,4,3,3,10,15
"5463",3,2,1,11,1,1,7,11,1,1,1,11,1,1,6,11,1,1,1,0,1,0,0,1,1,1,2,11,16
"5464",4,2,3,11,1,2,7,11,1,2,1,11,1,1,7,11,1,1,2,1,1,1,0,2,1,2,1,13,17
"5465",5,2,3,11,2,6,7,11,1,2,3,11,1,2,7,11,1,1,0,0,4,3,6,1,4,4,1,14,21
"5466",6,2,11,11,2,9,7,11,1,2,3,11,2,6,7,11,1,3,6,0,3,0,0,6,3,2,1,22,24
"5467",7,7,11,11,2,9,7,11,3,2,11,11,2,9,7,11,1,2,1,5,2,1,0,5,2,1,4,27,26
"5468",8,7,12,11,2,9,7,14,3,7,11,11,2,9,7,11,3,1,0,0,5,3,3,1,3,2,3,28,29
"5469",9,12,12,11,2,12,7,14,3,7,12,11,2,9,7,14,3,5,3,0,3,0,0,5,3,1,1,33,32
"5470",10,12,12,15,2,15,7,14,3,12,12,11,2,12,7,14,3,4,1,3,1,3,0,4,3,3,1,37,35
"5471",11,12,13,15,1,22,7,14,3,12,12,15,2,15,7,14,3,1,0,0,5,4,2,1,5,2,1,37,42
"5472",12,12,13,15,3,22,7,14,3,12,13,15,1,22,7,14,3,4,2,0,4,0,0,2,0,4,0,39,42
"5473",0,0,0,0,0,0,0,0,0,0,0,0,0,0,0,0,0,0,0,0,0,0,0,0,0,0,0,0,0
"5474",1,2,1,1,1,1,1,1,4,1,1,1,1,1,1,1,1,1,3,1,3,1,0,1,3,1,4,1,3
"5475",2,2,2,1,1,6,1,1,4,2,1,1,1,1,1,1,4,1,0,0,5,2,4,1,5,2,1,2,8
"5476",3,2,2,5,1,6,3,1,4,2,2,1,1,6,1,1,4,2,4,0,2,0,0,4,2,3,2,6,10
"5477",4,7,2,5,1,6,3,1,9,2,2,5,1,6,3,1,4,5,5,5,5,5,0,5,5,1,4,11,15
"5478",5,7,7,5,1,7,3,1,9,7,2,5,1,6,3,1,9,5,0,0,1,1,5,5,1,2,1,16,16
"5479",6,7,7,5,6,8,3,1,9,7,7,5,1,7,3,1,9,1,5,0,1,0,0,5,1,4,1,21,17
"5480",7,10,13,5,6,8,3,1,13,7,7,5,6,8,3,1,9,4,4,6,4,4,0,6,4,2,4,30,21
"5481",8,10,13,5,10,8,3,6,13,10,13,5,6,8,3,1,13,4,0,0,6,2,5,4,5,4,3,34,26
"5482",9,16,13,6,10,10,3,6,13,10,13,5,10,8,3,6,13,6,2,0,2,0,0,6,2,1,1,41,28
"5483",10,16,13,6,14,10,3,6,16,16,13,6,10,10,3,6,13,3,4,3,3,3,0,4,3,4,4,45,31
"5484",11,16,16,6,14,10,3,10,16,16,13,6,14,10,3,6,16,3,0,0,1,4,6,3,4,2,3,48,35
"5485",12,16,22,6,16,10,3,10,16,16,16,6,14,10,3,10,16,1,6,0,1,0,0,6,0,2,0,56,35
"5486",0,0,0,0,0,0,0,0,0,0,0,0,0,0,0,0,0,0,0,0,0,0,0,0,0,0,0,0,0
"5487",1,1,1,1,6,4,1,1,1,1,1,1,1,1,1,1,1,5,2,3,2,3,0,5,3,4,1,5,3
"5488",2,1,1,3,6,4,1,5,1,1,1,1,6,4,1,1,1,2,0,0,1,5,4,2,4,3,3,7,7
"5489",3,1,1,3,11,4,1,6,1,1,1,3,6,4,1,5,1,1,5,0,1,0,0,5,1,4,3,12,8
"5490",4,1,1,3,16,4,2,6,1,1,1,3,11,4,1,6,1,5,1,3,1,3,0,5,1,4,2,17,9
"5491",5,1,1,6,16,4,2,8,1,1,1,3,16,4,2,6,1,3,0,0,2,1,4,3,2,3,3,20,11
"5492",6,1,5,6,16,4,2,8,2,1,1,6,16,4,2,8,1,1,4,0,1,0,0,4,1,2,4,24,12
"5493",7,1,5,7,16,5,2,8,2,1,5,6,16,4,2,8,2,1,1,1,1,1,0,1,1,3,1,25,13
"5494",8,1,6,7,16,5,5,8,2,1,5,7,16,5,2,8,2,1,0,0,3,6,2,1,3,2,2,26,16
"5495",9,7,10,7,16,5,5,10,2,1,6,7,16,5,5,8,2,6,2,0,2,0,0,6,2,1,3,36,18
"5496",10,9,10,13,16,5,5,10,7,7,10,7,16,5,5,10,2,2,6,5,2,5,0,6,5,3,4,44,23
"5497",11,11,10,13,16,9,5,10,7,9,10,13,16,5,5,10,7,2,0,0,4,4,3,2,4,1,1,46,27
"5498",12,11,10,13,19,9,5,10,7,11,10,13,16,9,5,10,7,4,3,0,4,0,0,3,0,4,0,49,27
"5499",0,0,0,0,0,0,0,0,0,0,0,0,0,0,0,0,0,0,0,0,0,0,0,0,0,0,0,0,0
"5500",1,1,1,6,1,5,1,1,1,1,1,1,1,1,1,1,1,5,2,4,2,4,0,5,4,3,1,5,4
"5501",2,1,3,6,1,5,1,5,1,1,1,6,1,5,1,1,1,2,0,0,4,1,4,2,4,2,3,7,8
"5502",3,1,3,6,5,5,2,5,1,1,3,6,1,5,1,5,1,1,4,0,1,0,0,4,1,4,2,11,9
"5503",4,12,3,6,5,5,6,5,1,1,3,6,5,5,2,5,1,4,3,6,4,3,0,6,4,1,2,22,13
"5504",5,12,6,6,5,5,7,5,1,12,3,6,5,5,6,5,1,3,0,0,1,1,1,3,1,2,2,25,14
"5505",6,12,7,6,5,5,8,5,1,12,6,6,5,5,7,5,1,1,1,0,1,0,0,1,1,2,2,26,15
"5506",7,12,7,6,10,5,9,5,1,12,7,6,5,5,8,5,1,1,5,1,1,1,0,5,1,4,2,31,16
"5507",8,12,8,6,10,5,9,5,4,12,7,6,10,5,9,5,1,1,0,0,3,1,1,1,3,2,4,32,19
"5508",9,13,8,6,10,5,9,5,5,12,8,6,10,5,9,5,4,1,1,0,1,0,0,1,1,1,4,33,20
"5509",10,18,14,6,10,5,14,5,5,13,8,6,10,5,9,5,5,3,5,6,3,5,0,6,5,2,2,44,25
"5510",11,21,14,6,10,5,19,5,5,18,14,6,10,5,14,5,5,3,0,0,5,5,5,3,5,1,2,47,30
"5511",12,21,14,11,10,5,19,5,5,21,14,6,10,5,19,5,5,5,5,0,5,0,0,5,0,3,0,52,30
"5512",0,0,0,0,0,0,0,0,0,0,0,0,0,0,0,0,0,0,0,0,0,0,0,0,0,0,0,0,0
"5513",1,1,1,1,4,1,1,1,3,1,1,1,1,1,1,1,1,3,2,2,2,2,0,3,2,4,4,3,2
"5514",2,1,3,1,4,1,1,1,4,1,1,1,4,1,1,1,3,2,0,0,1,1,1,2,1,2,4,5,3
"5515",3,1,4,1,4,1,1,2,4,1,3,1,4,1,1,1,4,1,1,0,1,0,0,1,1,2,3,6,4
"5516",4,1,9,1,4,1,3,2,4,1,4,1,4,1,1,2,4,2,2,5,2,2,0,5,2,2,2,11,6
"5517",5,1,9,1,6,1,3,2,8,1,9,1,4,1,3,2,4,2,0,0,1,4,3,2,4,4,4,13,10
"5518",6,4,9,1,6,2,3,2,8,1,9,1,6,1,3,2,8,1,3,0,1,0,0,3,1,1,1,16,11
"5519",7,4,9,6,6,7,3,2,8,4,9,1,6,2,3,2,8,5,1,5,1,5,0,5,5,3,1,21,16
"5520",8,4,10,6,6,13,3,7,8,4,9,6,6,7,3,2,8,1,0,0,1,6,5,1,6,2,1,22,27
"5521",9,4,10,11,6,13,3,7,9,4,10,6,6,13,3,7,8,1,5,0,1,0,0,5,1,3,4,27,28
"5522",10,8,10,11,6,15,3,7,9,4,10,11,6,13,3,7,9,2,4,1,2,1,0,4,2,1,1,31,30
"5523",11,8,10,11,7,20,3,7,9,8,10,11,6,15,3,7,9,1,0,0,5,3,3,1,5,4,1,32,35
"5524",12,8,10,11,10,20,3,7,9,8,10,11,7,20,3,7,9,3,3,0,3,0,0,3,0,4,0,35,35
"5525",0,0,0,0,0,0,0,0,0,0,0,0,0,0,0,0,0,0,0,0,0,0,0,0,0,0,0,0,0
"5526",1,1,5,1,1,1,1,6,1,1,1,1,1,1,1,1,1,5,3,4,5,3,0,4,5,2,3,4,5
"5527",2,1,5,1,4,7,1,6,6,1,5,1,1,1,1,6,1,3,0,0,4,6,3,3,6,4,1,7,16
"5528",3,1,9,1,4,7,4,6,6,1,5,1,4,7,1,6,6,4,3,0,3,0,0,4,3,2,2,11,19
"5529",4,1,9,1,8,7,4,6,8,1,9,1,4,7,4,6,6,1,4,2,1,2,0,4,2,4,4,15,21
"5530",5,2,9,1,8,7,9,6,14,1,9,1,8,7,4,6,8,1,0,0,6,2,5,1,6,1,4,16,32
"5531",6,2,14,1,8,7,9,8,14,2,9,1,8,7,9,6,14,2,5,0,2,0,0,5,2,2,3,21,34
"5532",7,7,14,1,8,11,9,8,14,2,14,1,8,7,9,8,14,1,4,5,1,4,0,5,4,1,1,26,38
"5533",8,7,14,2,8,11,11,8,14,7,14,1,8,11,9,8,14,1,0,0,2,2,3,1,2,3,2,27,40
"5534",9,10,14,2,8,11,13,8,14,7,14,2,8,11,11,8,14,2,3,0,2,0,0,3,2,1,2,30,42
"5535",10,10,16,2,8,16,13,8,14,10,14,2,8,11,13,8,14,2,5,5,5,5,0,2,5,2,1,32,47
"5536",11,10,16,2,13,19,13,8,14,10,16,2,8,16,13,8,14,5,0,0,3,5,4,5,3,4,1,37,50
"5537",12,10,21,2,13,19,13,8,14,10,16,2,13,19,13,8,14,5,4,0,4,0,0,5,0,2,0,42,50
"5538",0,0,0,0,0,0,0,0,0,0,0,0,0,0,0,0,0,0,0,0,0,0,0,0,0,0,0,0,0
"5539",1,1,1,6,1,1,1,4,1,1,1,1,1,1,1,1,1,1,3,5,1,3,0,5,3,3,3,5,3
"5540",2,1,1,7,1,1,5,4,1,1,1,6,1,1,1,4,1,1,0,0,4,3,6,1,4,3,2,6,7
"5541",3,7,1,9,1,4,5,4,1,1,1,7,1,1,5,4,1,3,6,0,3,0,0,6,3,1,1,14,10
"5542",4,7,7,9,9,7,5,4,1,7,1,9,1,4,5,4,1,3,1,6,3,1,0,6,3,2,1,28,13
"5543",5,7,7,9,10,10,5,4,1,7,7,9,9,7,5,4,1,1,0,0,3,5,3,1,3,4,1,29,16
"5544",6,12,7,9,10,10,5,7,1,7,7,9,10,10,5,4,1,5,3,0,3,0,0,5,3,1,3,34,19
"5545",7,12,7,9,14,12,5,7,1,12,7,9,10,10,5,7,1,2,4,4,2,4,0,4,2,4,1,38,21
"5546",8,12,7,13,14,17,11,7,1,12,7,9,14,12,5,7,1,4,0,0,2,6,2,4,6,3,2,42,32
"5547",9,12,9,13,14,19,11,7,1,12,7,13,14,17,11,7,1,2,2,0,2,0,0,2,2,2,1,44,34
"5548",10,12,13,13,14,19,11,7,3,12,9,13,14,19,11,7,1,2,4,4,2,4,0,4,2,2,4,48,36
"5549",11,16,13,13,14,19,12,7,3,12,13,13,14,19,11,7,3,4,0,0,1,5,2,4,1,1,2,52,37
"5550",12,16,13,13,16,19,12,7,3,16,13,13,14,19,12,7,3,5,2,0,5,0,0,2,0,4,0,54,37
"5551",0,0,0,0,0,0,0,0,0,0,0,0,0,0,0,0,0,0,0,0,0,0,0,0,0,0,0,0,0
"5552",1,2,1,1,1,1,1,4,1,1,1,1,1,1,1,1,1,1,3,2,3,2,0,1,3,1,3,1,3
"5553",2,2,1,1,3,9,1,4,1,2,1,1,1,1,1,4,1,2,0,0,1,6,3,2,6,4,1,3,11
"5554",3,2,1,1,6,10,1,4,1,2,1,1,3,9,1,4,1,1,3,0,1,0,0,3,1,4,1,6,12
"5555",4,2,1,4,6,10,1,4,6,2,1,1,6,10,1,4,1,3,3,5,3,5,0,3,5,3,4,9,17
"5556",5,5,1,4,6,10,1,4,9,2,1,4,6,10,1,4,6,3,0,0,4,3,5,3,3,1,4,12,20
"5557",6,5,1,9,6,10,1,8,9,5,1,4,6,10,1,4,9,4,5,0,4,0,0,5,4,3,3,17,24
"5558",7,5,1,13,6,15,1,8,9,5,1,9,6,10,1,8,9,5,2,4,5,2,0,4,5,3,1,21,29
"5559",8,5,1,13,8,22,7,8,9,5,1,13,6,15,1,8,9,2,0,0,6,5,6,2,6,4,1,23,42
"5560",9,5,1,20,8,22,12,8,9,5,1,13,8,22,7,8,9,5,6,0,5,0,0,6,5,3,2,30,47
"5561",10,5,3,20,1,31,12,8,9,5,1,20,8,22,12,8,9,4,2,1,4,1,0,2,4,2,1,25,56
"5562",11,6,3,20,1,33,12,8,9,5,3,20,1,31,12,8,9,1,0,0,2,1,4,1,2,1,1,26,58
"5563",12,6,3,21,1,33,12,8,9,6,3,20,1,33,12,8,9,1,4,0,4,0,0,1,0,3,0,27,58
"5564",0,0,0,0,0,0,0,0,0,0,0,0,0,0,0,0,0,0,0,0,0,0,0,0,0,0,0,0,0
"5565",1,1,7,3,1,3,1,1,1,1,1,1,1,1,1,1,1,2,6,2,2,2,0,6,2,2,1,8,2
"5566",2,1,7,5,1,3,2,1,7,1,7,3,1,3,1,1,1,2,0,0,5,1,6,2,6,3,4,10,9
"5567",3,6,7,5,1,4,2,1,7,1,7,5,1,3,2,1,7,5,1,0,1,0,0,5,1,1,1,15,10
"5568",4,6,11,5,7,4,6,1,7,6,7,5,1,4,2,1,7,6,4,2,4,2,0,6,4,4,2,25,14
"5569",5,6,11,7,7,6,6,7,7,6,11,5,7,4,6,1,7,2,0,0,2,5,6,2,6,3,3,27,22
"5570",6,6,11,12,7,8,6,7,7,6,11,7,7,6,6,7,7,2,5,0,2,0,0,5,2,3,1,32,24
"5571",7,10,11,12,7,12,6,7,7,6,11,12,7,8,6,7,7,4,4,4,4,4,0,4,4,1,1,36,28
"5572",8,10,11,12,11,12,6,7,9,10,11,12,7,12,6,7,7,4,0,0,3,6,2,4,2,4,4,40,30
"5573",9,10,17,18,11,15,6,7,9,10,11,12,11,12,6,7,9,3,6,0,3,0,0,6,3,3,1,52,33
"5574",10,18,17,18,17,19,6,7,9,10,17,18,11,15,6,7,9,4,6,4,4,4,0,6,4,1,1,66,37
"5575",11,22,17,18,17,21,6,7,9,18,17,18,17,19,6,7,9,4,0,0,2,6,4,4,2,1,1,70,39
"5576",12,22,17,22,17,21,6,7,9,22,17,18,17,21,6,7,9,6,4,0,6,0,0,4,0,3,0,74,39
"5577",0,0,0,0,0,0,0,0,0,0,0,0,0,0,0,0,0,0,0,0,0,0,0,0,0,0,0,0,0
"5578",1,1,1,1,10,1,4,1,7,1,1,1,1,1,1,1,1,6,6,6,6,6,0,6,6,4,4,9,9
"5579",2,4,1,7,10,2,4,1,7,1,1,1,10,1,4,1,7,6,0,0,5,1,2,6,1,3,1,18,10
"5580",3,4,1,12,10,4,4,1,7,4,1,7,10,2,4,1,7,5,2,0,2,0,0,5,2,3,1,23,12
"5581",4,8,1,12,10,4,4,3,7,4,1,12,10,4,4,1,7,2,4,1,2,1,0,4,2,1,3,27,14
"5582",5,8,1,12,11,10,4,4,7,8,1,12,10,4,4,3,7,1,0,0,6,4,1,1,6,4,1,28,21
"5583",6,8,1,12,15,11,4,4,7,8,1,12,11,10,4,4,7,4,1,0,1,0,0,4,1,4,1,32,22
"5584",7,8,6,12,15,15,4,4,7,8,1,12,15,11,4,4,7,4,5,5,4,5,0,5,4,2,1,37,26
"5585",8,8,11,12,15,15,8,4,7,8,6,12,15,15,4,4,7,5,0,0,2,4,3,5,4,2,2,42,30
"5586",9,11,11,12,15,17,8,4,7,8,11,12,15,15,8,4,7,2,3,0,2,0,0,3,2,1,1,45,32
"5587",10,13,17,12,15,17,8,4,8,11,11,12,15,17,8,4,7,1,5,6,1,5,0,6,1,2,4,53,33
"5588",11,18,17,12,15,20,8,4,8,13,17,12,15,17,8,4,8,5,0,0,3,5,4,5,3,1,1,58,36
"5589",12,18,17,17,15,20,8,4,8,18,17,12,15,20,8,4,8,5,4,0,4,0,0,5,0,3,0,63,36
"5590",0,0,0,0,0,0,0,0,0,0,0,0,0,0,0,0,0,0,0,0,0,0,0,0,0,0,0,0,0
"5591",1,4,1,1,1,1,6,1,1,1,1,1,1,1,1,1,1,2,3,5,2,5,0,3,5,1,2,3,5
"5592",2,4,3,1,1,1,6,2,1,4,1,1,1,1,6,1,1,2,0,0,1,5,6,2,1,2,3,5,6
"5593",3,10,3,1,5,6,6,2,1,4,3,1,1,1,6,2,1,5,6,0,5,0,0,6,5,1,1,15,11
"5594",4,10,5,1,5,6,6,2,3,10,3,1,5,6,6,2,1,2,2,2,2,2,0,2,2,2,4,17,13
"5595",5,10,7,1,5,6,6,2,8,10,5,1,5,6,6,2,3,2,0,0,1,1,5,2,5,2,4,19,18
"5596",6,11,7,1,5,7,6,2,8,10,7,1,5,6,6,2,8,1,1,0,1,0,0,1,1,1,1,20,19
"5597",7,11,7,6,5,7,6,4,8,11,7,1,5,7,6,2,8,2,4,5,2,4,0,5,2,3,3,25,21
"5598",8,11,11,6,5,9,6,4,8,11,7,6,5,7,6,4,8,4,0,0,1,2,5,4,2,2,1,29,23
"5599",9,11,11,6,10,10,6,4,8,11,11,6,5,9,6,4,8,1,5,0,1,0,0,5,1,4,1,34,24
"5600",10,16,11,6,10,13,6,4,8,11,11,6,10,10,6,4,8,3,5,1,3,1,0,5,3,1,1,39,27
"5601",11,17,11,6,10,18,6,4,8,16,11,6,10,13,6,4,8,1,0,0,5,5,1,1,5,1,1,40,32
"5602",12,18,11,6,10,18,6,4,8,17,11,6,10,18,6,4,8,5,1,0,5,0,0,1,0,1,0,41,32
"5603",0,0,0,0,0,0,0,0,0,0,0,0,0,0,0,0,0,0,0,0,0,0,0,0,0,0,0,0,0
"5604",1,1,1,1,6,1,2,1,1,1,1,1,1,1,1,1,1,1,5,3,1,3,0,5,1,4,2,5,1
"5605",2,1,1,4,6,6,2,1,1,1,1,1,6,1,2,1,1,3,0,0,1,5,6,3,5,3,1,8,6
"5606",3,10,1,4,6,6,3,1,1,1,1,4,6,6,2,1,1,1,6,0,1,0,0,6,1,1,2,17,7
"5607",4,10,1,9,6,16,3,1,1,10,1,4,6,6,3,1,1,6,5,5,6,5,0,5,6,3,1,22,17
"5608",5,15,1,9,6,16,3,4,1,10,1,9,6,16,3,1,1,5,0,0,3,5,5,5,3,1,3,27,20
"5609",6,15,1,14,6,21,3,4,1,15,1,9,6,16,3,4,1,5,5,0,5,0,0,5,5,3,1,32,25
"5610",7,15,3,14,11,2,3,4,1,15,1,14,6,21,3,4,1,2,1,1,1,1,0,2,1,2,1,39,6
"5611",8,16,3,14,11,13,3,4,1,15,3,14,11,2,3,4,1,1,0,0,1,6,6,1,6,1,1,40,17
"5612",9,16,13,14,11,14,3,4,1,16,3,14,11,13,3,4,1,1,6,0,1,0,0,6,1,2,1,50,18
"5613",10,1,13,14,11,14,5,1,3,16,13,14,11,14,3,4,1,6,4,2,4,2,0,6,2,1,2,35,19
"5614",11,1,13,18,11,19,5,1,3,1,13,14,11,14,5,1,3,4,0,0,3,3,5,4,5,3,1,39,24
"5615",12,1,13,21,16,19,5,1,1,1,13,18,11,19,5,1,3,3,3,0,3,0,0,3,0,3,0,47,22
"5616",0,0,0,0,0,0,0,0,0,0,0,0,0,0,0,0,0,0,0,0,0,0,0,0,0,0,0,0,0
"5617",1,2,1,1,7,1,6,1,1,1,1,1,1,1,1,1,1,1,5,6,1,5,0,6,5,4,2,7,5
"5618",2,2,1,1,8,1,6,1,6,2,1,1,7,1,6,1,1,1,0,0,3,1,5,1,5,4,4,8,10
"5619",3,2,4,1,8,1,7,1,6,2,1,1,8,1,6,1,6,3,1,0,1,0,0,3,1,2,2,11,11
"5620",4,2,9,1,8,5,7,1,6,2,4,1,8,1,7,1,6,5,4,4,4,4,0,5,4,2,1,16,15
"5621",5,6,9,1,8,5,7,1,11,2,9,1,8,5,7,1,6,4,0,0,5,5,5,4,5,1,4,20,20
"5622",6,11,9,1,8,5,7,1,16,6,9,1,8,5,7,1,11,5,5,0,5,0,0,5,5,1,4,25,25
"5623",7,11,12,1,8,5,11,1,16,11,9,1,8,5,7,1,16,3,4,2,4,2,0,3,4,2,2,28,29
"5624",8,11,14,1,8,5,11,1,17,11,12,1,8,5,11,1,16,2,0,0,1,6,2,2,1,2,4,30,30
"5625",9,17,14,1,12,5,13,1,17,11,14,1,8,5,11,1,17,6,2,0,2,0,0,6,2,1,2,40,32
"5626",10,17,17,13,12,5,13,1,19,17,14,1,12,5,13,1,17,4,6,2,4,2,0,6,2,3,4,55,34
"5627",11,17,17,17,12,5,13,2,19,17,17,13,12,5,13,1,19,4,0,0,1,4,1,4,1,3,3,59,35
"5628",12,17,17,17,16,5,13,2,19,17,17,17,12,5,13,2,19,4,1,0,1,0,0,4,0,4,0,63,35
"5629",0,0,0,0,0,0,0,0,0,0,0,0,0,0,0,0,0,0,0,0,0,0,0,0,0,0,0,0,0
"5630",1,6,1,1,1,1,5,1,1,1,1,1,1,1,1,1,1,5,4,2,4,2,0,5,4,1,2,5,4
"5631",2,6,3,1,1,9,5,1,1,6,1,1,1,1,5,1,1,2,0,0,6,3,4,2,6,2,1,7,12
"5632",3,6,3,5,1,9,5,4,1,6,3,1,1,9,5,1,1,3,4,0,3,0,0,4,3,3,3,11,15
"5633",4,6,3,5,6,14,5,4,1,6,3,5,1,9,5,4,1,1,5,5,1,5,0,5,5,4,1,16,20
"5634",5,7,3,5,6,14,5,4,4,6,3,5,6,14,5,4,1,1,0,0,3,2,2,1,3,1,4,17,23
"5635",6,9,3,5,6,14,5,4,6,7,3,5,6,14,5,4,4,2,2,0,2,0,0,2,2,1,4,19,25
"5636",7,14,3,5,6,17,5,4,6,9,3,5,6,14,5,4,6,3,3,5,3,3,0,5,3,1,1,24,28
"5637",8,14,3,8,6,19,5,4,6,14,3,5,6,17,5,4,6,3,0,0,2,3,4,3,2,3,1,27,30
"5638",9,18,3,8,6,22,5,4,6,14,3,8,6,19,5,4,6,3,4,0,3,0,0,4,3,1,1,31,33
"5639",10,26,4,8,12,1,7,1,1,18,3,8,6,22,5,4,6,2,6,2,2,2,0,6,2,4,2,46,6
"5640",11,26,6,8,12,4,7,1,1,26,4,8,12,1,7,1,1,2,0,0,3,4,2,2,3,2,1,48,9
"5641",12,28,6,8,12,4,7,1,1,26,6,8,12,4,7,1,1,4,2,0,4,0,0,2,0,1,0,50,9
"5642",0,0,0,0,0,0,0,0,0,0,0,0,0,0,0,0,0,0,0,0,0,0,0,0,0,0,0,0,0
"5643",1,4,7,1,1,1,1,2,1,1,1,1,1,1,1,1,1,2,1,6,2,1,0,6,1,2,3,9,1
"5644",2,4,7,1,3,1,7,2,5,4,7,1,1,1,1,2,1,2,0,0,4,3,6,2,6,4,2,11,11
"5645",3,4,7,5,3,1,7,2,8,4,7,1,3,1,7,2,5,4,3,0,3,0,0,4,3,3,4,15,14
"5646",4,4,14,11,3,1,11,2,8,4,7,5,3,1,7,2,8,4,2,6,4,2,0,6,4,3,2,28,18
"5647",5,6,14,11,3,1,12,2,8,4,14,11,3,1,11,2,8,2,0,0,6,1,2,2,1,1,2,30,19
"5648",6,11,14,11,9,3,12,2,8,6,14,11,3,1,12,2,8,6,2,0,2,0,0,6,2,4,1,41,21
"5649",7,11,14,11,10,3,16,2,8,11,14,11,9,3,12,2,8,4,1,4,4,4,0,1,4,4,2,42,25
"5650",8,11,14,11,14,3,16,2,13,11,14,11,10,3,16,2,8,4,0,0,5,6,2,4,5,4,4,46,30
"5651",9,1,15,17,14,3,20,2,13,11,14,11,14,3,16,2,13,6,2,0,2,0,0,6,2,1,1,43,34
"5652",10,10,15,17,14,3,24,2,13,1,15,17,14,3,20,2,13,4,6,4,4,4,0,6,4,1,2,52,38
"5653",11,14,15,17,14,3,27,2,13,10,15,17,14,3,24,2,13,4,0,0,3,6,1,4,3,1,2,56,41
"5654",12,14,16,17,14,3,27,2,13,14,15,17,14,3,27,2,13,6,1,0,6,0,0,1,0,2,0,57,41
"5655",0,0,0,0,0,0,0,0,0,0,0,0,0,0,0,0,0,0,0,0,0,0,0,0,0,0,0,0,0
"5656",1,1,6,1,1,1,1,4,1,1,1,1,1,1,1,1,1,3,5,2,3,2,0,5,3,2,3,5,3
"5657",2,1,6,1,3,1,1,4,4,1,6,1,1,1,1,4,1,2,0,0,3,5,3,2,3,4,4,7,6
"5658",3,1,6,1,8,4,1,4,4,1,6,1,3,1,1,4,4,5,3,0,3,0,0,5,3,4,1,12,9
"5659",4,7,7,1,8,9,1,4,4,1,6,1,8,4,1,4,4,5,6,2,5,2,0,6,5,1,1,19,14
"5660",5,7,7,3,8,9,1,8,4,7,7,1,8,9,1,4,4,2,0,0,5,4,2,2,4,3,3,21,18
"5661",6,7,7,8,8,9,1,8,6,7,7,3,8,9,1,8,4,5,2,0,2,0,0,5,2,3,4,26,20
"5662",7,7,7,12,8,12,1,8,6,7,7,8,8,9,1,8,6,3,4,1,3,1,0,4,3,3,1,30,23
"5663",8,7,7,13,8,12,1,13,6,7,7,12,8,12,1,8,6,1,0,0,2,3,5,1,5,3,3,31,28
"5664",9,7,7,13,11,12,3,13,6,7,7,13,8,12,1,13,6,2,3,0,2,0,0,3,2,4,2,34,30
"5665",10,7,13,16,11,17,3,13,6,7,7,13,11,12,3,13,6,6,3,5,3,5,0,6,5,2,1,43,35
"5666",11,10,13,16,11,21,3,13,6,7,13,16,11,17,3,13,6,3,0,0,4,6,4,3,4,1,1,46,39
"5667",12,14,13,16,11,21,3,13,6,10,13,16,11,21,3,13,6,6,4,0,6,0,0,4,0,1,0,50,39
"5668",0,0,0,0,0,0,0,0,0,0,0,0,0,0,0,0,0,0,0,0,0,0,0,0,0,0,0,0,0
"5669",1,7,1,1,3,1,2,1,1,1,1,1,1,1,1,1,1,6,1,4,1,4,0,6,1,1,2,8,1
"5670",2,11,1,1,3,1,2,6,1,7,1,1,3,1,2,1,1,4,0,0,5,4,2,4,5,1,3,12,6
"5671",3,11,5,1,3,1,2,6,3,11,1,1,3,1,2,6,1,4,2,0,2,0,0,4,2,2,4,16,8
"5672",4,11,5,14,3,1,2,10,9,11,5,1,3,1,2,6,3,1,6,6,1,6,0,6,6,3,4,29,18
"5673",5,11,5,14,4,3,2,10,9,11,5,14,3,1,2,10,9,1,0,0,5,2,2,1,2,4,1,30,20
"5674",6,11,10,14,4,5,2,10,9,11,5,14,4,3,2,10,9,5,2,0,2,0,0,5,2,2,1,35,22
"5675",7,11,10,14,9,5,2,10,10,11,10,14,4,5,2,10,9,5,1,2,1,2,0,5,1,4,4,40,23
"5676",8,13,10,14,9,5,2,10,19,11,10,14,9,5,2,10,10,2,0,0,6,3,5,2,6,1,4,42,32
"5677",9,13,15,14,9,5,5,10,19,13,10,14,9,5,2,10,19,3,5,0,3,0,0,5,3,2,2,47,35
"5678",10,13,15,14,14,5,5,10,24,13,15,14,9,5,5,10,19,5,5,2,5,2,0,5,5,4,4,52,40
"5679",11,15,15,14,14,5,5,10,26,13,15,14,14,5,5,10,24,2,0,0,6,2,1,2,2,1,4,54,42
"5680",12,16,15,14,14,5,5,10,26,15,15,14,14,5,5,10,26,6,1,0,6,0,0,1,0,1,0,55,42
"5681",0,0,0,0,0,0,0,0,0,0,0,0,0,0,0,0,0,0,0,0,0,0,0,0,0,0,0,0,0
"5682",1,4,1,1,1,3,1,1,1,1,1,1,1,1,1,1,1,2,3,1,2,1,0,3,2,1,1,3,2
"5683",2,4,1,2,1,3,6,1,1,4,1,1,1,3,1,1,1,1,0,0,3,5,5,1,5,3,2,4,7
"5684",3,4,1,7,1,3,9,1,1,4,1,2,1,3,6,1,1,3,5,0,3,0,0,5,3,3,2,9,10
"5685",4,4,6,13,1,3,9,4,1,4,1,7,1,3,9,1,1,1,6,3,1,3,0,6,3,3,3,20,13
"5686",5,4,6,13,2,9,9,10,5,4,6,13,1,3,9,4,1,1,0,0,1,3,6,1,6,4,1,21,29
"5687",6,4,6,16,2,9,9,10,6,4,6,13,2,9,9,10,5,1,3,0,1,0,0,3,1,3,4,24,30
"5688",7,4,6,17,2,9,11,10,6,4,6,16,2,9,9,10,6,1,2,2,2,2,0,1,2,3,2,25,32
"5689",8,4,6,19,2,9,11,13,6,4,6,17,2,9,11,10,6,2,0,0,3,5,1,2,3,3,3,27,35
"5690",9,4,11,29,2,10,1,13,1,4,6,19,2,9,11,13,6,5,1,0,1,0,0,5,1,3,1,42,21
"5691",10,5,11,29,2,14,1,13,1,4,11,29,2,10,1,13,1,4,1,5,4,5,0,1,4,1,1,43,25
"5692",11,5,11,29,7,14,1,13,3,5,11,29,2,14,1,13,1,5,0,0,4,2,2,5,2,4,4,48,27
"5693",12,9,11,29,7,14,1,13,3,5,11,29,7,14,1,13,3,4,2,0,2,0,0,4,0,1,0,52,27
"5694",0,0,0,0,0,0,0,0,0,0,0,0,0,0,0,0,0,0,0,0,0,0,0,0,0,0,0,0,0
"5695",1,1,6,1,1,1,1,6,1,1,1,1,1,1,1,1,1,2,5,5,2,5,0,5,5,2,3,5,5
"5696",2,1,6,3,1,8,7,6,1,1,6,1,1,1,1,6,1,2,0,0,5,1,6,2,6,3,1,7,18
"5697",3,1,6,8,1,9,7,6,1,1,6,3,1,8,7,6,1,5,1,0,1,0,0,5,1,3,1,12,19
"5698",4,1,6,14,5,9,7,6,4,1,6,8,1,9,7,6,1,4,3,6,4,3,0,6,3,3,4,22,22
"5699",5,1,10,14,5,13,7,6,4,1,6,14,5,9,7,6,4,4,0,0,3,4,2,4,4,2,1,26,26
"5700",6,1,13,14,5,15,7,6,4,1,10,14,5,13,7,6,4,3,2,0,2,0,0,3,2,2,1,29,28
"5701",7,1,16,14,5,16,7,6,4,1,13,14,5,15,7,6,4,1,3,1,1,1,0,3,1,2,1,32,29
"5702",8,1,17,14,5,16,7,11,4,1,16,14,5,16,7,6,4,1,0,0,1,3,5,1,5,2,3,33,34
"5703",9,1,17,17,5,16,7,11,5,1,17,14,5,16,7,11,4,1,3,0,1,0,0,3,1,3,4,36,35
"5704",10,1,21,17,5,16,7,11,9,1,17,17,5,16,7,11,5,4,2,4,2,4,0,4,4,2,4,40,39
"5705",11,3,21,17,5,22,8,11,9,1,21,17,5,16,7,11,9,2,0,0,5,2,6,2,6,1,1,42,46
"5706",12,5,21,17,5,22,8,11,9,3,21,17,5,22,8,11,9,5,2,0,5,0,0,2,0,1,0,44,46
"5707",0,0,0,0,0,0,0,0,0,0,0,0,0,0,0,0,0,0,0,0,0,0,0,0,0,0,0,0,0
"5708",1,1,1,1,5,1,5,1,1,1,1,1,1,1,1,1,1,4,1,4,1,4,0,4,4,4,2,4,4
"5709",2,1,1,2,5,1,9,1,1,1,1,1,5,1,5,1,1,1,0,0,4,4,5,1,4,3,2,5,8
"5710",3,1,1,7,5,5,9,1,1,1,1,2,5,1,9,1,1,4,5,0,4,0,0,5,4,3,1,10,12
"5711",4,1,1,7,9,5,10,1,1,1,1,7,5,5,9,1,1,1,1,4,1,1,0,4,1,4,2,14,13
"5712",5,2,1,7,9,9,10,1,1,1,1,7,9,5,10,1,1,1,0,0,3,4,4,1,4,1,1,15,17
"5713",6,2,5,7,9,9,10,4,1,2,1,7,9,9,10,1,1,3,4,0,3,0,0,4,3,2,3,19,20
"5714",7,2,5,12,9,9,10,4,6,2,5,7,9,9,10,4,1,1,5,5,1,5,0,5,5,3,4,24,25
"5715",8,2,5,12,10,9,10,4,11,2,5,12,9,9,10,4,6,1,0,0,2,3,5,1,5,4,4,25,30
"5716",9,2,5,15,10,9,10,4,13,2,5,12,10,9,10,4,11,2,3,0,2,0,0,3,2,3,4,28,32
"5717",10,2,5,15,13,10,10,4,13,2,5,15,10,9,10,4,13,2,1,3,2,1,0,3,1,4,1,31,33
"5718",11,4,5,15,13,13,10,4,13,2,5,15,13,10,10,4,13,2,0,0,3,1,2,2,3,1,1,33,36
"5719",12,4,5,15,15,13,10,4,13,4,5,15,13,13,10,4,13,1,2,0,1,0,0,2,0,4,0,35,36
"5720",0,0,0,0,0,0,0,0,0,0,0,0,0,0,0,0,0,0,0,0,0,0,0,0,0,0,0,0,0
"5721",1,1,7,1,3,1,1,4,1,1,1,1,1,1,1,1,1,6,4,3,4,3,0,6,3,2,3,8,3
"5722",2,1,7,5,3,1,4,4,1,1,7,1,3,1,1,4,1,4,0,0,3,1,2,4,3,3,2,12,6
"5723",3,3,7,5,3,1,4,5,1,1,7,5,3,1,4,4,1,1,2,0,1,0,0,2,1,1,3,14,7
"5724",4,3,10,11,3,4,4,5,1,3,7,5,3,1,4,5,1,6,3,2,3,2,0,6,3,3,1,23,10
"5725",5,3,10,11,5,4,4,8,1,3,10,11,3,4,4,5,1,2,0,0,3,5,6,2,3,4,3,25,13
"5726",6,12,10,11,11,9,4,8,1,3,10,11,5,4,4,8,1,5,6,0,5,0,0,6,5,1,1,40,18
"5727",7,12,15,11,11,9,6,8,1,12,10,11,11,9,4,8,1,2,3,5,2,3,0,5,2,2,2,45,20
"5728",8,15,15,11,11,9,6,13,1,12,15,11,11,9,6,8,1,3,0,0,6,5,4,3,5,1,3,48,25
"5729",9,15,20,17,11,13,6,13,1,15,15,11,11,9,6,13,1,6,4,0,4,0,0,6,4,3,1,59,29
"5730",10,16,20,17,11,13,6,17,1,15,20,17,11,13,6,13,1,4,2,1,4,2,0,1,4,1,3,60,33
"5731",11,18,20,17,11,22,6,17,1,16,20,17,11,13,6,17,1,2,0,0,1,5,6,2,6,1,1,62,42
"5732",12,18,20,17,12,22,6,17,1,18,20,17,11,22,6,17,1,1,5,0,5,0,0,1,0,4,0,63,42
"5733",0,0,0,0,0,0,0,0,0,0,0,0,0,0,0,0,0,0,0,0,0,0,0,0,0,0,0,0,0
"5734",1,1,1,1,5,4,1,1,1,1,1,1,1,1,1,1,1,3,4,2,3,2,0,4,3,4,1,4,3
"5735",2,1,1,1,7,4,1,1,2,1,1,1,5,4,1,1,1,2,0,0,1,1,1,2,1,4,4,6,4
"5736",3,1,2,1,7,4,2,1,2,1,1,1,7,4,1,1,2,1,1,0,1,0,0,1,1,2,2,7,5
"5737",4,1,2,5,7,6,2,1,2,1,2,1,7,4,2,1,2,2,4,2,2,2,0,4,2,3,1,11,7
"5738",5,1,2,7,7,6,7,1,8,1,2,5,7,6,2,1,2,2,0,0,6,5,1,2,6,3,4,13,18
"5739",6,1,2,7,12,6,7,1,9,1,2,7,7,6,7,1,8,5,1,0,1,0,0,5,1,4,4,18,19
"5740",7,1,2,12,12,6,11,1,9,1,2,7,12,6,7,1,9,4,5,3,4,3,0,5,4,3,2,23,23
"5741",8,1,5,12,12,10,11,1,9,1,2,12,12,6,11,1,9,3,0,0,5,3,4,3,4,2,1,26,27
"5742",9,6,5,12,12,10,14,1,9,1,5,12,12,10,11,1,9,5,3,0,3,0,0,5,3,1,2,31,30
"5743",10,9,5,12,12,10,14,4,9,6,5,12,12,10,14,1,9,3,2,3,2,3,0,3,3,1,3,34,33
"5744",11,9,5,14,12,10,14,4,14,9,5,12,12,10,14,4,9,2,0,0,2,4,5,2,5,3,4,36,38
"5745",12,9,5,18,12,10,14,4,14,9,5,14,12,10,14,4,14,2,4,0,2,0,0,4,0,3,0,40,38
"5746",0,0,0,0,0,0,0,0,0,0,0,0,0,0,0,0,0,0,0,0,0,0,0,0,0,0,0,0,0
"5747",1,7,1,5,1,1,1,1,6,1,1,1,1,1,1,1,1,6,5,3,5,3,0,6,5,1,4,10,5
"5748",2,10,1,5,1,1,3,1,12,7,1,5,1,1,1,1,6,3,0,0,6,3,1,3,6,1,4,13,13
"5749",3,10,1,5,4,1,4,1,12,10,1,5,1,1,3,1,12,3,1,0,1,0,0,3,1,4,2,16,14
"5750",4,13,1,5,4,1,4,1,14,10,1,5,4,1,4,1,12,2,2,3,2,2,0,3,2,1,4,19,16
"5751",5,13,1,7,4,1,4,4,14,13,1,5,4,1,4,1,14,2,0,0,2,3,6,2,3,3,3,21,19
"5752",6,13,7,7,8,1,4,4,16,13,1,7,4,1,4,4,14,2,6,0,2,0,0,6,2,2,4,31,21
"5753",7,13,12,7,8,1,4,4,21,13,7,7,8,1,4,4,16,5,4,5,4,5,0,5,5,2,4,36,26
"5754",8,13,12,11,1,1,7,4,26,13,12,7,8,1,4,4,21,4,0,0,1,5,3,4,5,3,4,33,34
"5755",9,13,15,11,1,1,7,5,26,13,12,11,1,1,7,4,26,1,3,0,1,0,0,3,1,2,3,36,35
"5756",10,18,15,17,7,2,7,5,26,13,15,11,1,1,7,5,26,1,4,6,1,4,0,6,1,4,1,53,36
"5757",11,22,15,17,7,13,7,5,26,18,15,17,7,2,7,5,26,4,0,0,6,6,6,4,6,1,1,57,47
"5758",12,22,24,23,7,13,7,1,26,22,15,17,7,13,7,5,26,6,6,0,6,0,0,6,0,3,0,72,43
"5759",0,0,0,0,0,0,0,0,0,0,0,0,0,0,0,0,0,0,0,0,0,0,0,0,0,0,0,0,0
"5760",1,1,1,6,1,1,4,1,1,1,1,1,1,1,1,1,1,3,5,2,3,2,0,5,3,3,2,5,3
"5761",2,1,1,6,3,1,4,3,1,1,1,6,1,1,4,1,1,2,0,0,2,5,1,2,2,4,3,7,5
"5762",3,1,1,6,8,2,4,3,1,1,1,6,3,1,4,3,1,5,1,0,1,0,0,5,1,4,1,12,6
"5763",4,1,5,6,8,6,4,3,1,1,1,6,8,2,4,3,1,4,4,1,4,1,0,4,4,2,1,16,10
"5764",5,1,5,6,9,6,4,6,1,1,5,6,8,6,4,3,1,1,0,0,1,3,1,1,3,4,3,17,13
"5765",6,1,5,7,9,6,4,6,2,1,5,6,9,6,4,6,1,1,1,0,1,0,0,1,1,3,4,18,14
"5766",7,1,5,11,9,6,4,10,2,1,5,7,9,6,4,6,2,4,3,4,3,4,0,4,4,3,3,22,18
"5767",8,4,5,11,9,10,4,10,8,1,5,11,9,6,4,10,2,3,0,0,1,6,6,3,6,1,4,25,28
"5768",9,5,5,11,15,10,5,10,8,4,5,11,9,10,4,10,8,1,6,0,1,0,0,6,1,4,2,32,29
"5769",10,5,10,11,15,14,5,10,8,5,5,11,15,10,5,10,8,2,4,5,2,4,0,5,4,2,1,37,33
"5770",11,5,10,11,17,18,5,10,8,5,10,11,15,14,5,10,8,2,0,0,4,2,2,2,4,4,1,39,37
"5771",12,7,10,11,17,18,5,10,8,5,10,11,17,18,5,10,8,2,2,0,2,0,0,2,0,1,0,41,37
"5772",0,0,0,0,0,0,0,0,0,0,0,0,0,0,0,0,0,0,0,0,0,0,0,0,0,0,0,0,0
"5773",1,1,1,5,1,1,7,1,4,1,1,1,1,1,1,1,1,4,4,6,4,6,0,4,6,3,2,4,9
"5774",2,1,5,5,1,1,7,4,4,1,1,5,1,1,7,1,4,4,0,0,3,3,4,4,3,2,3,8,12
"5775",3,1,5,5,5,1,7,7,4,1,5,5,1,1,7,4,4,3,4,0,3,0,0,4,3,4,3,12,15
"5776",4,1,5,10,5,1,7,9,4,1,5,5,5,1,7,7,4,2,1,5,2,1,0,5,2,3,3,17,17
"5777",5,1,6,10,5,7,7,13,4,1,5,10,5,1,7,9,4,1,0,0,3,6,4,1,6,2,1,18,27
"5778",6,1,6,14,5,10,7,13,4,1,6,10,5,7,7,13,4,3,4,0,3,0,0,4,3,3,1,22,30
"5779",7,1,6,18,5,10,7,17,4,1,6,14,5,10,7,13,4,1,4,4,1,4,0,4,4,3,3,26,34
"5780",8,1,6,18,6,10,7,17,6,1,6,18,5,10,7,17,4,1,0,0,2,3,2,1,2,4,4,27,36
"5781",9,1,6,18,9,10,9,17,6,1,6,18,6,10,7,17,6,3,2,0,2,0,0,3,2,4,2,30,38
"5782",10,1,6,23,9,14,15,17,6,1,6,18,9,10,9,17,6,6,5,1,6,1,0,5,6,3,2,35,48
"5783",11,1,6,27,9,15,15,17,1,1,6,23,9,14,15,17,6,1,0,0,1,3,2,1,1,3,1,39,44
"5784",12,1,6,29,9,15,15,17,1,1,6,27,9,15,15,17,1,3,2,0,3,0,0,2,0,3,0,41,44
"5785",0,0,0,0,0,0,0,0,0,0,0,0,0,0,0,0,0,0,0,0,0,0,0,0,0,0,0,0,0
"5786",1,1,1,4,1,1,1,6,1,1,1,1,1,1,1,1,1,6,3,5,6,5,0,3,5,3,3,3,5
"5787",2,7,1,4,3,7,4,12,1,1,1,4,1,1,1,6,1,6,0,0,6,1,2,6,6,1,1,11,20
"5788",3,7,3,4,3,7,4,13,1,7,1,4,3,7,4,12,1,1,2,0,1,0,0,2,1,2,3,13,21
"5789",4,7,8,4,3,7,8,13,1,7,3,4,3,7,4,13,1,1,4,5,1,4,0,5,4,2,2,18,25
"5790",5,8,8,4,3,7,8,16,1,7,8,4,3,7,8,13,1,1,0,0,3,3,5,1,3,1,3,19,28
"5791",6,13,8,4,3,10,8,16,1,8,8,4,3,7,8,16,1,3,5,0,3,0,0,5,3,1,1,24,31
"5792",7,19,9,1,1,10,8,26,1,13,8,4,3,10,8,16,1,5,6,3,5,3,0,6,5,1,3,26,41
"5793",8,19,9,1,4,10,14,26,5,19,9,1,1,10,8,26,1,3,0,0,6,2,4,3,6,4,2,29,51
"5794",9,19,9,1,11,10,14,1,7,19,9,1,4,10,14,26,5,2,4,0,2,0,0,4,2,4,4,36,28
"5795",10,19,9,1,14,10,16,1,7,19,9,1,11,10,14,1,7,2,3,1,2,1,0,3,2,4,2,39,30
"5796",11,19,10,1,14,15,16,1,7,19,9,1,14,10,16,1,7,1,0,0,2,5,6,1,5,2,1,40,35
"5797",12,21,10,1,14,15,16,1,7,19,10,1,14,15,16,1,7,2,6,0,6,0,0,2,0,1,0,42,35
"5798",0,0,0,0,0,0,0,0,0,0,0,0,0,0,0,0,0,0,0,0,0,0,0,0,0,0,0,0,0
"5799",1,1,1,9,1,1,4,1,1,1,1,1,1,1,1,1,1,3,6,4,3,4,0,6,3,3,2,8,3
"5800",2,1,5,9,1,1,4,1,4,1,1,9,1,1,4,1,1,4,0,0,3,3,3,4,3,2,4,12,6
"5801",3,1,5,12,1,1,7,1,4,1,5,9,1,1,4,1,4,3,3,0,3,0,0,3,3,3,2,15,9
"5802",4,1,10,12,1,1,7,4,4,1,5,12,1,1,7,1,4,5,3,3,3,3,0,5,3,2,3,20,12
"5803",5,4,10,12,1,1,7,12,4,1,10,12,1,1,7,4,4,3,0,0,6,6,1,3,6,1,3,23,20
"5804",6,10,15,12,1,1,8,12,4,4,10,12,1,1,7,12,4,6,1,0,1,0,0,6,1,1,2,34,21
"5805",7,10,15,16,1,1,8,17,4,10,15,12,1,1,8,12,4,4,1,5,1,5,0,4,5,3,3,38,26
"5806",8,10,15,16,2,1,8,17,7,10,15,16,1,1,8,17,4,1,0,0,3,4,5,1,3,4,4,39,29
"5807",9,10,15,21,2,1,8,17,11,10,15,16,2,1,8,17,7,4,5,0,4,0,0,5,4,3,4,44,33
"5808",10,10,15,27,5,1,8,21,11,10,15,21,2,1,8,17,11,4,6,3,4,3,0,6,4,3,3,53,37
"5809",11,13,15,1,5,8,9,21,11,10,15,27,5,1,8,21,11,3,0,0,3,6,1,3,1,1,2,30,45
"5810",12,13,15,1,8,8,9,21,11,13,15,1,5,8,9,21,11,3,6,0,6,0,0,3,0,4,0,33,45
"5811",0,0,0,0,0,0,0,0,0,0,0,0,0,0,0,0,0,0,0,0,0,0,0,0,0,0,0,0,0
"5812",1,4,1,1,1,1,3,1,1,1,1,1,1,1,1,1,1,3,2,1,2,1,0,3,2,1,2,3,2
"5813",2,4,1,2,1,1,15,1,2,4,1,1,1,1,3,1,1,1,0,0,1,6,5,1,6,3,2,4,15
"5814",3,4,1,7,1,1,15,1,3,4,1,2,1,1,15,1,2,1,5,0,1,0,0,5,1,3,4,9,16
"5815",4,4,1,9,1,1,15,2,3,4,1,7,1,1,15,1,3,2,1,2,1,2,0,2,1,3,3,11,17
"5816",5,6,1,9,1,1,15,6,3,4,1,9,1,1,15,2,3,2,0,0,2,4,5,2,4,1,3,13,21
"5817",6,6,1,9,6,1,15,6,5,6,1,9,1,1,15,6,3,2,5,0,2,0,0,5,2,4,4,18,23
"5818",7,6,1,9,9,1,15,6,8,6,1,9,6,1,15,6,5,3,3,1,3,1,0,3,3,4,4,21,26
"5819",8,6,2,9,9,1,15,6,9,6,1,9,9,1,15,6,8,1,0,0,2,1,5,1,1,2,4,22,27
"5820",9,6,7,9,9,3,15,6,9,6,2,9,9,1,15,6,9,2,5,0,2,0,0,5,2,2,1,27,29
"5821",10,7,7,15,9,3,21,10,9,6,7,9,9,3,15,6,9,6,6,4,6,4,0,6,6,3,2,34,39
"5822",11,7,11,15,9,7,21,10,9,7,7,15,9,3,21,10,9,4,0,0,4,3,3,4,4,2,1,38,43
"5823",12,7,11,18,9,7,21,10,9,7,11,15,9,7,21,10,9,3,3,0,3,0,0,3,0,3,0,41,43
"5824",0,0,0,0,0,0,0,0,0,0,0,0,0,0,0,0,0,0,0,0,0,0,0,0,0,0,0,0,0
"5825",1,1,2,1,7,1,1,1,3,1,1,1,1,1,1,1,1,3,6,2,3,2,0,6,2,4,4,7,2
"5826",2,1,2,4,7,1,2,1,3,1,2,1,7,1,1,1,3,3,0,0,2,1,2,3,1,3,2,10,3
"5827",3,1,4,4,7,1,2,3,3,1,2,4,7,1,2,1,3,2,2,0,2,0,0,2,2,2,3,12,5
"5828",4,1,4,6,7,1,5,3,3,1,4,4,7,1,2,3,3,2,3,1,3,1,0,2,3,3,2,14,8
"5829",5,2,4,6,7,7,7,3,3,1,4,6,7,1,5,3,3,1,0,0,4,6,4,1,6,1,1,15,16
"5830",6,2,4,6,11,7,11,3,3,2,4,6,7,7,7,3,3,4,4,0,4,0,0,4,4,4,2,19,20
"5831",7,8,10,9,11,10,11,3,3,2,4,6,11,7,11,3,3,6,3,4,3,4,0,6,3,1,1,34,23
"5832",8,8,10,13,11,10,16,3,3,8,10,9,11,10,11,3,3,4,0,0,5,5,3,4,5,3,2,38,28
"5833",9,8,10,13,16,10,16,3,6,8,10,13,11,10,16,3,3,5,3,0,3,0,0,5,3,4,4,43,31
"5834",10,13,10,13,16,14,16,3,6,8,10,13,16,10,16,3,6,5,4,4,4,4,0,5,4,1,1,48,35
"5835",11,13,14,13,16,18,16,9,6,13,10,13,16,14,16,3,6,4,0,0,1,6,6,4,6,2,3,52,45
"5836",12,13,14,13,17,18,16,9,6,13,14,13,16,18,16,9,6,1,6,0,6,0,0,1,0,4,0,53,45
"5837",0,0,0,0,0,0,0,0,0,0,0,0,0,0,0,0,0,0,0,0,0,0,0,0,0,0,0,0,0
"5838",1,1,6,1,1,1,1,4,1,1,1,1,1,1,1,1,1,3,5,1,3,1,0,5,3,2,3,5,3
"5839",2,2,6,1,1,1,2,4,1,1,6,1,1,1,1,4,1,1,0,0,1,2,3,1,1,1,2,6,4
"5840",3,2,8,1,1,1,5,4,1,2,6,1,1,1,2,4,1,2,3,0,3,0,0,2,3,2,2,8,7
"5841",4,13,8,1,1,1,11,4,6,2,8,1,1,1,5,4,1,6,6,2,6,2,0,6,6,1,2,19,18
"5842",5,15,8,1,1,1,11,4,8,13,8,1,1,1,11,4,6,2,0,0,2,5,1,2,2,1,4,21,20
"5843",6,15,8,1,6,1,11,5,8,15,8,1,1,1,11,4,8,5,1,0,1,0,0,5,1,4,3,26,21
"5844",7,15,8,11,12,3,11,5,8,15,8,1,6,1,11,5,8,3,6,2,3,2,0,6,2,4,1,42,23
"5845",8,15,11,11,12,3,12,5,8,15,8,11,12,3,11,5,8,3,0,0,6,1,3,3,1,2,2,45,24
"5846",9,15,17,18,12,3,12,5,11,15,11,11,12,3,12,5,8,6,3,0,3,0,0,6,3,3,4,58,27
"5847",10,16,17,18,12,3,12,5,15,15,17,18,12,3,12,5,11,1,6,4,6,4,0,1,4,1,4,59,31
"5848",11,22,17,20,12,3,17,5,15,16,17,18,12,3,12,5,15,6,0,0,4,5,2,6,5,1,2,67,36
"5849",12,24,17,20,12,3,17,5,15,22,17,20,12,3,17,5,15,4,2,0,4,0,0,2,0,1,0,69,36
"5850",0,0,0,0,0,0,0,0,0,0,0,0,0,0,0,0,0,0,0,0,0,0,0,0,0,0,0,0,0
"5851",1,1,1,7,6,1,7,4,1,1,1,1,1,1,1,1,1,5,6,6,5,6,0,6,6,3,2,11,9
"5852",2,1,6,7,6,6,7,4,1,1,1,7,6,1,7,4,1,5,0,0,5,1,5,5,5,2,1,16,14
"5853",3,1,11,7,6,6,7,5,1,1,6,7,6,6,7,4,1,1,5,0,1,0,0,5,1,2,3,21,15
"5854",4,7,11,7,8,9,7,5,1,1,11,7,6,6,7,5,1,3,6,2,3,2,0,6,3,1,1,29,18
"5855",5,7,11,9,8,9,10,5,1,7,11,7,8,9,7,5,1,2,0,0,3,1,1,2,3,3,2,31,21
"5856",6,8,11,9,8,9,10,6,1,7,11,9,8,9,10,5,1,1,1,0,1,0,0,1,1,1,3,32,22
"5857",7,11,17,9,8,14,10,6,1,8,11,9,8,9,10,6,1,5,1,6,5,1,0,6,5,2,1,41,27
"5858",8,12,17,9,8,14,15,6,1,11,17,9,8,14,10,6,1,1,0,0,4,5,2,1,5,1,2,42,32
"5859",9,16,17,9,8,16,15,6,1,12,17,9,8,14,15,6,1,4,2,0,2,0,0,4,2,1,1,46,34
"5860",10,16,17,15,18,17,15,6,1,16,17,9,8,16,15,6,1,6,1,1,1,1,0,6,1,4,1,62,35
"5861",11,17,17,15,18,19,15,6,1,16,17,15,18,17,15,6,1,1,0,0,2,2,5,1,2,1,1,63,37
"5862",12,17,19,15,18,19,15,6,1,17,17,15,18,19,15,6,1,2,5,0,5,0,0,2,0,2,0,65,37
"5863",0,0,0,0,0,0,0,0,0,0,0,0,0,0,0,0,0,0,0,0,0,0,0,0,0,0,0,0,0
"5864",1,1,1,4,1,1,1,1,2,1,1,1,1,1,1,1,1,3,2,1,2,1,0,3,1,3,4,3,1
"5865",2,3,1,4,1,1,1,2,2,1,1,4,1,1,1,1,2,2,0,0,1,2,5,2,1,1,3,5,2
"5866",3,3,1,9,1,3,1,2,2,3,1,4,1,1,1,2,2,2,5,0,2,0,0,5,2,3,1,10,4
"5867",4,3,1,11,1,3,1,2,3,3,1,9,1,3,1,2,2,1,2,1,1,1,0,2,1,3,4,12,5
"5868",5,3,2,11,1,8,1,2,3,3,1,11,1,3,1,2,3,1,0,0,5,5,3,1,5,2,1,13,10
"5869",6,3,7,11,1,8,1,5,3,3,2,11,1,8,1,2,3,5,3,0,3,0,0,5,3,2,3,18,13
"5870",7,3,7,15,1,8,1,10,3,3,7,11,1,8,1,5,3,4,5,1,5,1,0,4,5,3,3,22,18
"5871",8,4,7,15,1,12,1,10,3,3,7,15,1,8,1,10,3,1,0,0,5,3,4,1,4,1,1,23,22
"5872",9,4,12,15,1,15,1,10,3,4,7,15,1,12,1,10,3,5,3,0,3,0,0,5,3,2,1,28,25
"5873",10,4,17,15,1,20,1,10,3,4,12,15,1,15,1,10,3,3,5,5,3,5,0,5,5,2,1,33,30
"5874",11,1,17,15,1,27,1,10,3,4,17,15,1,20,1,10,3,3,0,0,2,1,5,3,5,1,1,30,37
"5875",12,1,18,15,1,27,1,10,3,1,17,15,1,27,1,10,3,2,1,0,2,0,0,1,0,2,0,31,37
"5876",0,0,0,0,0,0,0,0,0,0,0,0,0,0,0,0,0,0,0,0,0,0,0,0,0,0,0,0,0
"5877",1,1,1,6,1,1,1,5,1,1,1,1,1,1,1,1,1,5,5,4,5,4,0,5,4,3,3,5,4
"5878",2,1,1,6,6,1,7,10,1,1,1,6,1,1,1,5,1,5,0,0,6,4,2,5,6,4,2,10,15
"5879",3,1,1,6,10,1,7,10,3,1,1,6,6,1,7,10,1,4,2,0,2,0,0,4,2,4,4,14,17
"5880",4,1,6,6,10,1,7,12,3,1,1,6,10,1,7,10,3,5,2,1,2,1,0,5,2,2,3,19,19
"5881",5,1,6,6,11,1,7,12,8,1,6,6,10,1,7,12,3,1,0,0,5,3,3,1,5,4,4,20,24
"5882",6,4,6,6,11,4,7,12,8,1,6,6,11,1,7,12,8,3,3,0,3,0,0,3,3,1,1,23,27
"5883",7,7,6,6,17,4,7,12,12,4,6,6,11,4,7,12,8,4,3,6,4,3,0,6,4,4,4,32,31
"5884",8,7,9,6,17,5,7,18,12,7,6,6,17,4,7,12,12,3,0,0,4,3,6,3,6,2,3,35,38
"5885",9,7,13,6,17,5,7,21,12,7,9,6,17,5,7,18,12,4,3,0,3,0,0,4,3,2,3,39,41
"5886",10,11,13,6,17,9,7,21,12,7,13,6,17,5,7,21,12,2,4,4,2,4,0,4,4,1,1,43,45
"5887",11,13,13,6,17,15,9,21,12,11,13,6,17,9,7,21,12,2,0,0,6,1,2,2,6,1,1,45,53
"5888",12,13,14,6,17,15,9,21,12,13,13,6,17,15,9,21,12,1,2,0,2,0,0,1,0,2,0,46,53
"5889",0,0,0,0,0,0,0,0,0,0,0,0,0,0,0,0,0,0,0,0,0,0,0,0,0,0,0,0,0
"5890",1,1,6,1,1,6,1,1,7,1,1,1,1,1,1,1,1,1,6,5,1,6,0,5,6,2,4,5,11
"5891",2,2,6,1,1,6,5,1,7,1,6,1,1,6,1,1,7,1,0,0,5,4,4,1,4,1,2,6,15
"5892",3,2,6,1,6,6,5,5,7,2,6,1,1,6,5,1,7,5,4,0,4,0,0,5,4,4,3,11,19
"5893",4,2,6,6,6,10,5,5,7,2,6,1,6,6,5,5,7,3,5,4,3,4,0,5,4,3,1,16,23
"5894",5,2,9,6,6,14,5,11,7,2,6,6,6,10,5,5,7,3,0,0,3,3,6,3,6,2,3,19,33
"5895",6,2,9,9,6,14,8,11,7,2,9,6,6,14,5,11,7,3,3,0,3,0,0,3,3,3,2,22,36
"5896",7,2,9,9,11,19,8,11,7,2,9,9,6,14,8,11,7,4,5,5,4,5,0,5,5,4,1,27,41
"5897",8,2,9,13,11,19,11,17,7,2,9,9,11,19,8,11,7,4,0,0,6,1,5,4,6,3,3,31,50
"5898",9,1,9,18,11,24,11,17,7,2,9,13,11,19,11,17,7,1,5,0,1,0,0,5,1,3,1,35,55
"5899",10,5,1,18,11,31,11,17,7,1,9,18,11,24,11,17,7,3,1,4,3,1,0,4,3,1,1,31,62
"5900",11,6,1,18,11,36,11,17,7,5,1,18,11,31,11,17,7,1,0,0,5,4,6,1,5,1,1,32,67
"5901",12,10,1,18,11,36,11,17,7,6,1,18,11,36,11,17,7,4,6,0,6,0,0,4,0,1,0,36,67
"5902",0,0,0,0,0,0,0,0,0,0,0,0,0,0,0,0,0,0,0,0,0,0,0,0,0,0,0,0,0
"5903",1,1,1,1,5,6,1,1,1,1,1,1,1,1,1,1,1,5,3,4,5,3,0,4,5,4,1,4,5
"5904",2,1,1,4,5,6,5,1,1,1,1,1,5,6,1,1,1,3,0,0,1,4,3,3,4,3,2,7,9
"5905",3,1,1,7,5,7,5,1,1,1,1,4,5,6,5,1,1,1,3,0,1,0,0,3,1,3,1,10,10
"5906",4,1,4,13,5,7,5,1,3,1,1,7,5,7,5,1,1,6,2,4,2,4,0,6,2,3,4,19,12
"5907",5,5,4,13,5,7,5,3,9,1,4,13,5,7,5,1,3,4,0,0,6,2,1,4,6,1,4,23,20
"5908",6,5,4,13,7,7,5,3,10,5,4,13,5,7,5,3,9,2,1,0,1,0,0,2,1,4,4,25,21
"5909",7,5,8,13,7,7,8,3,10,5,4,13,7,7,5,3,10,3,4,1,3,1,0,4,3,2,2,29,24
"5910",8,5,8,13,8,7,8,8,10,5,8,13,7,7,8,3,10,1,0,0,2,5,1,1,5,4,3,30,29
"5911",9,5,8,13,10,7,8,8,11,5,8,13,8,7,8,8,10,2,1,0,1,0,0,2,1,4,4,32,30
"5912",10,5,8,17,10,7,8,10,11,5,8,13,10,7,8,8,11,4,2,2,2,2,0,4,2,3,3,36,32
"5913",11,5,8,19,10,9,8,10,11,5,8,17,10,7,8,10,11,2,0,0,2,3,1,2,2,3,1,38,34
"5914",12,8,8,19,10,9,8,10,11,5,8,19,10,9,8,10,11,3,1,0,1,0,0,3,0,1,0,41,34
"5915",0,0,0,0,0,0,0,0,0,0,0,0,0,0,0,0,0,0,0,0,0,0,0,0,0,0,0,0,0
"5916",1,1,7,9,1,4,1,1,1,1,1,1,1,1,1,1,1,6,1,3,1,3,0,6,3,2,1,14,3
"5917",2,2,7,9,1,4,1,1,6,1,7,9,1,4,1,1,1,1,0,0,5,3,3,1,5,1,4,15,8
"5918",3,2,7,9,4,4,4,1,6,2,7,9,1,4,1,1,6,3,3,0,3,0,0,3,3,4,2,18,11
"5919",4,7,7,9,4,9,4,1,6,2,7,9,4,4,4,1,6,5,5,2,5,2,0,5,5,1,1,23,16
"5920",5,7,7,11,4,12,4,1,6,7,7,9,4,9,4,1,6,2,0,0,1,3,5,2,3,3,1,25,19
"5921",6,7,12,11,4,13,4,1,6,7,7,11,4,12,4,1,6,1,5,0,1,0,0,5,1,2,1,30,20
"5922",7,7,12,15,10,16,4,1,6,7,12,11,4,13,4,1,6,1,3,6,1,3,0,6,3,4,1,40,23
"5923",8,7,12,15,11,16,8,1,6,7,12,15,10,16,4,1,6,1,0,0,2,4,2,1,4,4,2,41,27
"5924",9,7,12,17,11,18,8,1,6,7,12,15,11,16,8,1,6,2,2,0,2,0,0,2,2,3,1,43,29
"5925",10,7,16,17,11,18,8,1,10,7,12,17,11,18,8,1,6,3,4,4,3,4,0,4,4,2,4,47,33
"5926",11,10,16,17,11,23,8,1,10,7,16,17,11,18,8,1,10,3,0,0,4,5,5,3,5,1,1,50,38
"5927",12,10,16,17,16,23,8,1,10,10,16,17,11,23,8,1,10,4,5,0,4,0,0,5,0,4,0,55,38
"5928",0,0,0,0,0,0,0,0,0,0,0,0,0,0,0,0,0,0,0,0,0,0,0,0,0,0,0,0,0
"5929",1,4,1,1,1,2,1,1,1,1,1,1,1,1,1,1,1,2,1,3,2,1,0,3,1,1,1,3,1
"5930",2,4,1,3,1,2,1,5,1,4,1,1,1,2,1,1,1,2,0,0,4,4,3,2,4,3,3,5,5
"5931",3,4,1,3,5,2,4,5,1,4,1,3,1,2,1,5,1,4,3,0,3,0,0,4,3,4,2,9,8
"5932",4,4,1,3,14,2,8,5,1,4,1,3,5,2,4,5,1,6,2,4,2,4,0,6,4,4,2,18,12
"5933",5,4,1,5,14,2,13,5,1,4,1,3,14,2,8,5,1,2,0,0,3,5,2,2,5,3,2,20,17
"5934",6,7,1,5,14,2,15,5,1,4,1,5,14,2,13,5,1,3,2,0,2,0,0,3,2,1,2,23,19
"5935",7,7,1,5,18,5,15,5,1,7,1,5,14,2,15,5,1,3,4,4,3,4,0,4,3,4,1,27,22
"5936",8,7,1,9,18,5,15,7,1,7,1,5,18,5,15,5,1,4,0,0,4,5,2,4,2,3,3,31,24
"5937",9,12,1,9,18,9,15,7,1,7,1,9,18,5,15,7,1,4,5,0,4,0,0,5,4,1,1,36,28
"5938",10,14,1,9,18,9,15,8,1,12,1,9,18,9,15,7,1,1,1,2,1,1,0,2,1,1,3,38,29
"5939",11,14,1,10,18,20,15,8,7,14,1,9,18,9,15,8,1,1,0,0,6,3,6,1,6,3,1,39,46
"5940",12,14,1,16,23,20,15,8,7,14,1,10,18,20,15,8,7,3,6,0,3,0,0,6,0,3,0,50,46
"5941",0,0,0,0,0,0,0,0,0,0,0,0,0,0,0,0,0,0,0,0,0,0,0,0,0,0,0,0,0
"5942",1,5,1,1,1,1,1,1,4,1,1,1,1,1,1,1,1,3,1,4,3,1,0,4,3,1,4,4,3
"5943",2,5,1,2,1,8,1,1,4,5,1,1,1,1,1,1,4,1,0,0,6,6,4,1,6,3,1,5,10
"5944",3,5,1,8,2,8,5,1,4,5,1,2,1,8,1,1,4,6,4,0,4,0,0,6,4,3,2,12,14
"5945",4,10,1,8,2,8,5,4,4,5,1,8,2,8,5,1,4,2,3,5,2,3,0,5,3,1,3,17,17
"5946",5,10,3,8,2,9,5,4,4,10,1,8,2,8,5,4,4,2,0,0,1,4,4,2,1,2,1,19,18
"5947",6,10,3,12,2,9,5,8,4,10,3,8,2,9,5,4,4,4,4,0,4,0,0,4,4,3,3,23,22
"5948",7,10,3,17,2,11,5,8,4,10,3,12,2,9,5,8,4,5,3,2,3,2,0,5,2,3,1,28,24
"5949",8,10,3,20,2,11,6,8,4,10,3,17,2,11,5,8,4,3,0,0,1,3,4,3,1,3,2,31,25
"5950",9,10,3,20,6,14,6,8,4,10,3,20,2,11,6,8,4,3,4,0,3,0,0,4,3,4,1,35,28
"5951",10,14,3,20,6,17,6,8,4,10,3,20,6,14,6,8,4,3,1,4,3,1,0,4,3,1,1,39,31
"5952",11,14,3,20,7,17,6,11,4,14,3,20,6,17,6,8,4,1,0,0,3,3,6,1,3,4,3,40,34
"5953",12,14,6,20,7,17,6,11,4,14,3,20,7,17,6,11,4,3,6,0,6,0,0,3,0,2,0,43,34
"5954",0,0,0,0,0,0,0,0,0,0,0,0,0,0,0,0,0,0,0,0,0,0,0,0,0,0,0,0,0
"5955",1,1,1,1,4,1,5,1,1,1,1,1,1,1,1,1,1,4,3,1,4,1,0,3,4,4,2,3,4
"5956",2,1,1,2,4,1,5,1,5,1,1,1,4,1,5,1,1,1,0,0,4,3,4,1,4,3,4,4,8
"5957",3,1,1,2,8,4,5,1,5,1,1,2,4,1,5,1,5,3,4,0,3,0,0,4,3,4,1,8,11
"5958",4,7,6,2,8,7,5,1,5,1,1,2,8,4,5,1,5,3,3,6,3,3,0,6,3,1,1,19,14
"5959",5,10,6,2,8,7,5,1,9,7,6,2,8,7,5,1,5,3,0,0,3,4,5,3,4,1,4,22,18
"5960",6,10,11,2,8,7,5,1,12,10,6,2,8,7,5,1,9,3,5,0,3,0,0,5,3,2,4,27,21
"5961",7,10,11,5,8,7,5,1,14,10,11,2,8,7,5,1,12,3,2,4,2,4,0,3,2,3,4,30,23
"5962",8,14,11,5,8,7,5,1,17,10,11,5,8,7,5,1,14,4,0,0,3,3,5,4,3,1,4,34,26
"5963",9,14,11,10,8,10,5,1,17,14,11,5,8,7,5,1,17,3,5,0,3,0,0,5,3,3,1,39,29
"5964",10,14,1,10,12,14,5,1,29,14,11,10,8,10,5,1,17,6,4,6,6,6,0,4,6,4,4,33,45
"5965",11,14,7,10,14,14,5,3,29,14,1,10,12,14,5,1,29,6,0,0,2,4,1,6,2,2,3,41,47
"5966",12,14,7,10,18,14,5,3,29,14,7,10,14,14,5,3,29,4,1,0,1,0,0,4,0,4,0,45,47
"5967",0,0,0,0,0,0,0,0,0,0,0,0,0,0,0,0,0,0,0,0,0,0,0,0,0,0,0,0,0
"5968",1,1,4,1,7,7,1,1,6,1,1,1,1,1,1,1,1,6,6,3,6,3,0,6,6,4,1,9,11
"5969",2,4,4,1,7,7,2,1,12,1,4,1,7,7,1,1,6,3,0,0,3,6,5,3,6,1,4,12,18
"5970",3,4,4,1,12,7,2,4,12,4,4,1,7,7,2,1,12,3,5,0,3,0,0,5,3,4,3,17,21
"5971",4,4,6,1,12,9,8,4,12,4,4,1,12,7,2,4,12,1,2,6,1,6,0,2,6,2,2,19,29
"5972",5,4,6,2,12,10,14,4,12,4,6,1,12,9,8,4,12,1,0,0,5,4,6,1,6,3,2,20,36
"5973",6,4,10,2,12,15,14,4,12,4,6,2,12,10,14,4,12,5,4,0,5,0,0,4,5,2,1,24,41
"5974",7,6,10,2,12,18,14,4,12,4,10,2,12,15,14,4,12,3,2,4,3,4,0,2,3,1,1,26,44
"5975",8,6,14,1,1,18,30,6,12,6,10,2,12,18,14,4,12,4,0,0,6,3,4,4,6,2,2,18,62
"5976",9,10,14,1,1,18,33,6,12,6,14,1,1,18,30,6,12,3,4,0,3,0,0,4,3,1,2,22,65
"5977",10,17,14,1,1,21,1,6,12,10,14,1,1,18,33,6,12,3,4,5,3,4,0,5,3,1,1,29,36
"5978",11,21,14,1,1,25,1,6,12,17,14,1,1,21,1,6,12,4,0,0,4,1,1,4,4,1,1,33,40
"5979",12,21,14,2,1,25,1,6,12,21,14,1,1,25,1,6,12,1,1,0,1,0,0,1,0,3,0,34,40
"5980",0,0,0,0,0,0,0,0,0,0,0,0,0,0,0,0,0,0,0,0,0,0,0,0,0,0,0,0,0
"5981",1,1,4,1,1,1,1,1,3,1,1,1,1,1,1,1,1,3,2,2,2,2,0,3,2,2,4,3,2
"5982",2,1,6,1,1,1,1,6,3,1,4,1,1,1,1,1,3,2,0,0,5,3,4,2,5,2,3,5,7
"5983",3,1,6,1,5,1,4,6,3,1,6,1,1,1,1,6,3,3,4,0,3,0,0,4,3,4,2,9,10
"5984",4,1,6,1,8,1,4,11,3,1,6,1,5,1,4,6,3,3,5,2,5,2,0,3,5,4,3,12,15
"5985",5,1,8,1,8,1,9,11,3,1,6,1,8,1,4,11,3,2,0,0,5,1,3,2,5,2,2,14,20
"5986",6,4,8,1,8,1,9,11,4,1,8,1,8,1,9,11,3,1,3,0,1,0,0,3,1,1,4,17,21
"5987",7,4,9,7,8,5,9,11,4,4,8,1,8,1,9,11,4,6,2,4,2,4,0,6,4,3,1,24,25
"5988",8,4,11,7,8,5,12,11,4,4,9,7,8,5,9,11,4,2,0,0,4,3,2,2,3,2,2,26,28
"5989",9,8,11,7,8,5,12,11,6,4,11,7,8,5,12,11,4,4,2,0,2,0,0,4,2,1,4,30,30
"5990",10,10,11,7,8,5,13,11,6,8,11,7,8,5,12,11,6,1,1,2,1,1,0,2,1,1,2,32,31
"5991",11,10,11,7,9,10,13,11,6,10,11,7,8,5,13,11,6,1,0,0,4,2,5,1,5,4,1,33,36
"5992",12,14,11,7,9,10,13,11,6,10,11,7,9,10,13,11,6,4,2,0,2,0,0,4,0,1,0,37,36
"5993",0,0,0,0,0,0,0,0,0,0,0,0,0,0,0,0,0,0,0,0,0,0,0,0,0,0,0,0,0
"5994",1,1,6,1,1,5,1,1,1,1,1,1,1,1,1,1,1,5,3,4,3,4,0,5,4,2,1,5,4
"5995",2,1,6,4,1,5,1,1,3,1,6,1,1,5,1,1,1,3,0,0,3,5,2,3,2,3,4,8,6
"5996",3,1,11,4,1,8,1,1,3,1,6,4,1,5,1,1,3,3,5,0,3,0,0,5,3,2,1,13,9
"5997",4,3,11,4,1,9,1,1,3,1,11,4,1,8,1,1,3,1,2,1,1,1,0,2,1,1,1,15,10
"5998",5,3,12,4,1,14,1,1,3,3,11,4,1,9,1,1,3,1,0,0,5,2,3,1,5,2,1,16,15
"5999",6,3,12,4,4,14,1,1,5,3,12,4,1,14,1,1,3,2,3,0,2,0,0,3,2,4,4,19,17
"6000",7,7,12,4,4,14,1,3,5,3,12,4,4,14,1,1,5,2,4,1,2,1,0,4,2,1,3,23,19
"6001",8,7,13,4,4,17,1,3,5,7,12,4,4,14,1,3,5,1,0,0,2,3,2,1,3,2,1,24,22
"6002",9,9,13,4,4,17,1,5,5,7,13,4,4,17,1,3,5,2,2,0,2,0,0,2,2,1,3,26,24
"6003",10,9,13,4,9,17,4,5,5,9,13,4,4,17,1,5,5,3,5,3,3,3,0,5,3,4,2,31,27
"6004",11,9,16,4,9,17,4,5,10,9,13,4,9,17,4,5,5,3,0,0,3,5,6,3,5,2,4,34,32
"6005",12,9,16,4,12,17,4,5,10,9,16,4,9,17,4,5,10,3,6,0,6,0,0,3,0,4,0,37,32
"6006",0,0,0,0,0,0,0,0,0,0,0,0,0,0,0,0,0,0,0,0,0,0,0,0,0,0,0,0,0
"6007",1,7,1,1,3,1,1,3,1,1,1,1,1,1,1,1,1,2,6,4,2,4,0,6,2,1,3,8,2
"6008",2,7,1,5,3,1,4,3,7,7,1,1,3,1,1,3,1,4,0,0,6,1,1,4,6,3,4,12,11
"6009",3,7,1,5,4,1,5,3,7,7,1,5,3,1,4,3,7,1,1,0,1,0,0,1,1,4,2,13,12
"6010",4,7,1,9,4,1,5,6,7,7,1,5,4,1,5,3,7,4,3,3,3,3,0,4,3,3,3,17,15
"6011",5,7,4,9,4,1,5,12,12,7,1,9,4,1,5,6,7,3,0,0,3,6,5,3,6,2,3,20,26
"6012",6,7,4,9,9,1,8,12,12,7,4,9,4,1,5,12,12,3,5,0,3,0,0,5,3,4,2,25,29
"6013",7,7,4,15,10,1,12,12,12,7,4,9,9,1,8,12,12,4,3,6,4,3,0,6,4,3,2,32,33
"6014",8,10,4,15,10,5,12,12,18,7,4,15,10,1,12,12,12,3,0,0,6,1,5,3,6,1,4,35,43
"6015",9,10,4,20,10,6,12,12,18,10,4,15,10,5,12,12,18,1,5,0,1,0,0,5,1,3,1,40,44
"6016",10,10,4,22,10,8,12,12,18,10,4,20,10,6,12,12,18,2,2,1,2,1,0,2,2,3,1,42,46
"6017",11,10,4,22,11,19,12,12,18,10,4,22,10,8,12,12,18,1,0,0,1,3,6,1,6,4,1,43,57
"6018",12,10,4,22,12,19,12,12,18,10,4,22,11,19,12,12,18,1,3,0,3,0,0,1,0,4,0,44,57
"6019",0,0,0,0,0,0,0,0,0,0,0,0,0,0,0,0,0,0,0,0,0,0,0,0,0,0,0,0,0
"6020",1,1,1,5,1,3,1,1,1,1,1,1,1,1,1,1,1,2,2,4,2,2,0,4,2,3,1,4,2
"6021",2,1,3,5,1,3,1,1,9,1,1,5,1,3,1,1,1,2,0,0,6,3,3,2,6,2,4,6,10
"6022",3,4,3,5,1,3,4,1,9,1,3,5,1,3,1,1,9,3,3,0,3,0,0,3,3,1,2,9,13
"6023",4,4,8,5,1,3,4,1,11,4,3,5,1,3,4,1,9,2,5,2,2,2,0,5,2,2,4,14,15
"6024",5,4,10,5,1,3,8,1,11,4,8,5,1,3,4,1,11,2,0,0,4,1,6,2,4,2,2,16,19
"6025",6,4,16,5,11,3,9,1,11,4,10,5,1,3,8,1,11,1,6,0,1,0,0,6,1,2,2,32,20
"6026",7,8,16,5,11,3,9,2,11,4,16,5,11,3,9,1,11,1,4,3,1,3,0,4,1,1,3,36,21
"6027",8,11,16,5,11,9,9,5,11,8,16,5,11,3,9,2,11,3,0,0,6,2,6,3,6,1,1,39,30
"6028",9,11,16,11,13,11,9,5,11,11,16,5,11,9,9,5,11,2,6,0,2,0,0,6,2,3,1,47,32
"6029",10,18,16,17,13,16,9,5,11,11,16,11,13,11,9,5,11,5,6,2,5,2,0,6,5,1,1,60,37
"6030",11,20,16,17,13,16,13,5,11,18,16,17,13,16,9,5,11,2,0,0,2,5,4,2,4,1,2,62,41
"6031",12,20,18,17,13,16,13,5,11,20,16,17,13,16,13,5,11,2,5,0,5,0,0,2,0,2,0,64,41
"6032",0,0,0,0,0,0,0,0,0,0,0,0,0,0,0,0,0,0,0,0,0,0,0,0,0,0,0,0,0
"6033",1,1,1,1,3,1,1,1,4,1,1,1,1,1,1,1,1,3,2,2,3,2,0,2,3,4,4,2,3
"6034",2,1,1,3,3,1,3,1,4,1,1,1,3,1,1,1,4,2,0,0,3,2,2,2,2,3,2,4,5
"6035",3,1,3,3,3,4,3,1,4,1,1,3,3,1,3,1,4,3,2,0,3,0,0,2,3,2,1,6,8
"6036",4,1,3,3,7,4,7,1,4,1,3,3,3,4,3,1,4,4,4,4,4,4,0,4,4,4,2,10,12
"6037",5,1,7,3,7,5,7,1,10,1,3,3,7,4,7,1,4,4,0,0,4,6,1,4,6,2,4,14,19
"6038",6,1,11,3,7,5,7,1,11,1,7,3,7,5,7,1,10,4,1,0,1,0,0,4,1,2,4,18,20
"6039",7,7,11,9,7,5,13,1,14,1,11,3,7,5,7,1,11,6,5,6,5,6,0,6,6,3,2,30,29
"6040",8,7,16,9,7,5,13,1,17,7,11,9,7,5,13,1,14,5,0,0,3,3,1,5,3,2,4,35,32
"6041",9,10,16,9,7,6,13,1,17,7,16,9,7,5,13,1,17,3,1,0,1,0,0,3,1,1,1,38,33
"6042",10,15,16,9,7,6,13,1,19,10,16,9,7,6,13,1,17,2,5,1,2,1,0,5,2,1,4,43,35
"6043",11,15,16,10,7,7,13,1,19,15,16,9,7,6,13,1,19,1,0,0,4,1,1,1,1,3,1,44,36
"6044",12,16,16,10,7,7,13,1,19,15,16,10,7,7,13,1,19,4,1,0,4,0,0,1,0,1,0,45,36
"6045",0,0,0,0,0,0,0,0,0,0,0,0,0,0,0,0,0,0,0,0,0,0,0,0,0,0,0,0,0
"6046",1,1,1,1,5,6,1,1,1,1,1,1,1,1,1,1,1,4,5,2,5,2,0,4,5,4,1,4,5
"6047",2,1,1,3,5,6,5,1,1,1,1,1,5,6,1,1,1,2,0,0,2,1,4,2,4,3,2,6,9
"6048",3,1,3,3,5,6,5,1,2,1,1,3,5,6,5,1,1,2,1,0,1,0,0,2,1,2,4,8,10
"6049",4,1,3,3,10,10,5,1,2,1,3,3,5,6,5,1,2,4,3,5,4,3,0,5,4,4,1,13,14
"6050",5,1,6,3,10,10,5,6,2,1,3,3,10,10,5,1,2,3,0,0,4,5,4,3,5,2,3,16,19
"6051",6,1,10,3,10,10,5,10,2,1,6,3,10,10,5,6,2,4,4,0,4,0,0,4,4,2,3,20,23
"6052",7,1,13,3,10,10,5,10,7,1,10,3,10,10,5,10,2,3,5,5,5,5,0,3,5,2,4,23,28
"6053",8,1,13,3,15,10,5,19,7,1,13,3,10,10,5,10,7,5,0,0,2,3,6,5,6,4,3,28,37
"6054",9,4,13,3,15,10,7,19,7,1,13,3,15,10,5,19,7,2,3,0,2,0,0,3,2,1,2,31,39
"6055",10,1,16,3,15,10,7,27,7,4,13,3,15,10,7,19,7,3,3,6,3,6,0,3,3,2,3,31,47
"6056",11,1,21,9,15,21,7,1,7,1,16,3,15,10,7,27,7,6,0,0,6,5,6,6,6,3,1,42,32
"6057",12,1,26,9,15,21,7,1,7,1,21,9,15,21,7,1,7,5,6,0,6,0,0,5,0,2,0,47,32
"6058",0,0,0,0,0,0,0,0,0,0,0,0,0,0,0,0,0,0,0,0,0,0,0,0,0,0,0,0,0
"6059",1,1,6,1,1,1,5,1,1,1,1,1,1,1,1,1,1,5,3,4,3,4,0,5,4,2,2,5,4
"6060",2,1,9,1,1,1,9,1,1,1,6,1,1,1,5,1,1,3,0,0,1,4,6,3,4,2,2,8,8
"6061",3,2,9,7,1,2,9,1,1,1,9,1,1,1,9,1,1,1,6,0,1,0,0,6,1,3,1,15,9
"6062",4,2,9,7,6,2,13,1,1,2,9,7,1,2,9,1,1,4,5,4,4,4,0,5,4,4,2,20,13
"6063",5,2,13,7,6,2,13,4,7,2,9,7,6,2,13,1,1,4,0,0,6,5,1,4,6,2,4,24,22
"6064",6,7,13,7,6,2,13,5,7,2,13,7,6,2,13,4,7,5,1,0,1,0,0,5,1,1,3,29,23
"6065",7,7,13,13,8,7,13,5,7,7,13,7,6,2,13,5,7,5,6,5,5,5,0,6,5,3,1,37,28
"6066",8,12,13,13,8,7,13,5,8,7,13,13,8,7,13,5,7,5,0,0,3,1,1,5,1,1,4,42,29
"6067",9,15,13,13,8,7,13,5,9,12,13,13,8,7,13,5,8,3,1,0,1,0,0,3,1,1,4,45,30
"6068",10,15,16,13,8,7,13,10,9,15,13,13,8,7,13,5,9,3,2,5,2,5,0,3,5,2,3,48,35
"6069",11,17,16,13,8,11,19,10,9,15,16,13,8,7,13,10,9,2,0,0,6,2,6,2,6,1,2,50,45
"6070",12,17,16,18,14,11,19,10,9,17,16,13,8,11,19,10,9,2,6,0,2,0,0,6,0,4,0,61,45
"6071",0,0,0,0,0,0,0,0,0,0,0,0,0,0,0,0,0,0,0,0,0,0,0,0,0,0,0,0,0
"6072",1,1,1,1,6,1,7,2,1,1,1,1,1,1,1,1,1,6,5,1,6,1,0,5,6,4,2,5,7
"6073",2,2,1,1,6,1,7,5,1,1,1,1,6,1,7,2,1,1,0,0,3,4,4,1,3,1,3,6,10
"6074",3,2,5,1,6,1,11,5,1,2,1,1,6,1,7,5,1,4,4,0,4,0,0,4,4,2,2,10,14
"6075",4,6,5,7,12,4,11,5,1,2,5,1,6,1,11,5,1,3,6,1,3,1,0,6,3,3,1,26,17
"6076",5,7,5,7,12,4,15,5,1,6,5,7,12,4,11,5,1,1,0,0,3,4,4,1,4,1,2,27,21
"6077",6,7,5,7,16,7,15,5,1,7,5,7,12,4,15,5,1,3,4,0,3,0,0,4,3,4,1,31,24
"6078",7,7,10,7,16,7,17,5,1,7,5,7,16,7,15,5,1,2,5,1,2,1,0,5,2,2,2,36,26
"6079",8,7,11,7,16,7,17,5,4,7,10,7,16,7,17,5,1,1,0,0,1,5,3,1,3,2,4,37,29
"6080",9,7,11,7,21,7,17,6,4,7,11,7,16,7,17,5,4,1,5,0,1,0,0,5,1,4,3,42,30
"6081",10,7,13,13,21,7,22,6,4,7,11,7,21,7,17,6,4,6,5,6,5,6,0,6,5,3,2,50,35
"6082",11,9,13,19,21,7,22,10,4,7,13,13,21,7,22,6,4,6,0,0,4,5,6,6,4,3,3,58,39
"6083",12,9,19,19,26,7,22,10,4,9,13,19,21,7,22,10,4,5,6,0,5,0,0,6,0,2,0,69,39
"6084",0,0,0,0,0,0,0,0,0,0,0,0,0,0,0,0,0,0,0,0,0,0,0,0,0,0,0,0,0
"6085",1,1,1,5,1,3,1,1,1,1,1,1,1,1,1,1,1,1,2,4,1,2,0,4,2,3,1,4,2
"6086",2,1,1,6,1,3,1,6,1,1,1,5,1,3,1,1,1,1,0,0,4,5,4,1,5,3,3,5,7
"6087",3,1,1,10,1,7,1,6,1,1,1,6,1,3,1,6,1,4,4,0,4,0,0,4,4,3,1,9,11
"6088",4,1,1,10,6,7,5,6,1,1,1,10,1,7,1,6,1,3,5,4,3,4,0,5,4,4,2,14,15
"6089",5,1,1,13,6,7,8,6,1,1,1,10,6,7,5,6,1,3,0,0,4,3,2,3,3,3,2,17,18
"6090",6,5,1,13,6,7,10,6,1,1,1,13,6,7,8,6,1,4,2,0,2,0,0,4,2,1,2,21,20
"6091",7,5,1,19,9,7,10,6,3,5,1,13,6,7,10,6,1,1,6,2,1,2,0,6,2,3,4,30,22
"6092",8,5,1,19,10,7,10,11,3,5,1,19,9,7,10,6,3,1,0,0,4,5,5,1,5,4,3,31,27
"6093",9,5,1,19,15,7,10,15,3,5,1,19,10,7,10,11,3,4,5,0,4,0,0,5,4,4,3,36,31
"6094",10,14,1,19,15,7,10,15,7,5,1,19,15,7,10,15,3,2,6,4,2,4,0,6,4,1,4,45,35
"6095",11,14,1,19,17,11,10,15,7,14,1,19,15,7,10,15,7,2,0,0,4,4,1,2,4,4,1,47,39
"6096",12,18,1,19,17,11,10,15,7,14,1,19,17,11,10,15,7,4,1,0,1,0,0,4,0,1,0,51,39
"6097",0,0,0,0,0,0,0,0,0,0,0,0,0,0,0,0,0,0,0,0,0,0,0,0,0,0,0,0,0
"6098",1,1,3,1,1,1,6,1,1,1,1,1,1,1,1,1,1,5,2,2,5,2,0,2,5,2,2,2,5
"6099",2,1,3,1,3,1,6,1,4,1,3,1,1,1,6,1,1,2,0,0,1,1,3,2,3,4,4,4,8
"6100",3,1,3,2,3,1,6,2,4,1,3,1,3,1,6,1,4,1,1,0,1,0,0,1,1,3,3,5,9
"6101",4,1,3,5,3,1,6,4,4,1,3,2,3,1,6,2,4,2,1,3,2,1,0,3,2,3,3,8,11
"6102",5,1,3,5,4,7,6,8,4,1,3,5,3,1,6,4,4,1,0,0,1,6,5,1,6,4,1,9,21
"6103",6,6,3,5,4,7,6,8,5,1,3,5,4,7,6,8,4,1,5,0,1,0,0,5,1,1,4,14,22
"6104",7,6,3,10,4,7,6,8,7,6,3,5,4,7,6,8,5,2,5,1,2,1,0,5,2,3,4,19,24
"6105",8,6,3,11,4,11,6,8,7,6,3,10,4,7,6,8,7,1,0,0,4,2,4,1,4,3,1,20,28
"6106",9,10,3,11,4,11,8,8,7,6,3,11,4,11,6,8,7,2,4,0,2,0,0,4,2,1,2,24,30
"6107",10,15,3,11,4,17,11,8,7,10,3,11,4,11,8,8,7,4,6,5,4,6,0,5,6,1,1,29,39
"6108",11,19,3,11,4,17,11,8,9,15,3,11,4,17,11,8,7,4,0,0,2,6,5,4,2,1,4,33,41
"6109",12,19,9,11,14,17,11,8,9,19,3,11,4,17,11,8,9,6,5,0,5,0,0,6,0,2,0,49,41
"6110",0,0,0,0,0,0,0,0,0,0,0,0,0,0,0,0,0,0,0,0,0,0,0,0,0,0,0,0,0
"6111",1,1,1,6,1,5,1,1,1,1,1,1,1,1,1,1,1,1,5,4,1,4,0,5,4,3,1,5,4
"6112",2,1,1,7,1,5,2,1,1,1,1,6,1,5,1,1,1,1,0,0,1,6,2,1,1,3,2,6,5
"6113",3,1,7,12,7,5,4,1,1,1,1,7,1,5,2,1,1,6,2,0,2,0,0,6,2,2,2,23,7
"6114",4,5,7,12,7,5,4,1,6,1,7,12,7,5,4,1,1,3,5,4,3,5,0,4,5,1,4,27,12
"6115",5,8,7,12,7,5,4,1,9,5,7,12,7,5,4,1,6,3,0,0,3,1,6,3,3,1,4,30,15
"6116",6,8,7,12,17,5,4,2,9,8,7,12,7,5,4,1,9,1,6,0,1,0,0,6,1,4,3,40,16
"6117",7,12,7,12,17,5,8,2,9,8,7,12,17,5,4,2,9,4,4,2,4,2,0,4,4,1,2,44,20
"6118",8,12,9,12,17,8,8,2,9,12,7,12,17,5,8,2,9,2,0,0,6,2,3,2,3,2,1,46,23
"6119",9,16,15,12,17,10,8,2,9,12,9,12,17,8,8,2,9,6,2,0,2,0,0,6,2,2,1,56,25
"6120",10,18,15,12,17,10,15,2,9,16,15,12,17,10,8,2,9,2,1,6,1,6,0,2,6,1,2,58,32
"6121",11,19,15,12,17,13,15,2,15,18,15,12,17,10,15,2,9,1,0,0,2,3,6,1,6,1,4,59,41
"6122",12,19,15,12,25,13,15,1,15,19,15,12,17,13,15,2,15,2,3,0,2,0,0,3,0,4,0,67,40
"6123",0,0,0,0,0,0,0,0,0,0,0,0,0,0,0,0,0,0,0,0,0,0,0,0,0,0,0,0,0
"6124",1,1,5,1,1,6,1,1,1,1,1,1,1,1,1,1,1,3,4,5,3,5,0,4,5,2,1,4,5
"6125",2,1,5,4,1,6,1,1,9,1,5,1,1,6,1,1,1,3,0,0,3,6,3,3,6,3,4,7,13
"6126",3,1,5,7,1,6,1,4,9,1,5,4,1,6,1,1,9,3,3,0,3,0,0,3,3,3,3,10,16
"6127",4,1,5,12,1,10,1,10,9,1,5,7,1,6,1,4,9,5,3,6,3,6,0,5,6,3,3,15,26
"6128",5,1,8,12,1,10,1,12,9,1,5,12,1,10,1,10,9,3,0,0,5,2,2,3,2,2,3,18,28
"6129",6,1,8,12,6,10,3,12,9,1,8,12,1,10,1,12,9,5,2,0,2,0,0,5,2,4,2,23,30
"6130",7,1,8,18,12,10,3,17,9,1,8,12,6,10,3,12,9,5,4,6,5,4,0,6,5,3,3,35,35
"6131",8,1,8,18,16,10,3,21,9,1,8,18,12,10,3,17,9,4,0,0,1,4,4,4,4,4,3,39,39
"6132",9,1,8,18,20,10,3,21,10,1,8,18,16,10,3,21,9,1,4,0,1,0,0,4,1,4,4,43,40
"6133",10,3,8,18,22,11,9,1,10,1,8,18,20,10,3,21,10,2,5,6,5,6,0,2,6,1,2,47,27
"6134",11,3,11,18,27,12,1,1,10,3,8,18,22,11,9,1,10,5,0,0,1,1,5,5,1,4,1,55,20
"6135",12,3,12,18,27,12,1,1,10,3,11,18,27,12,1,1,10,1,5,0,5,0,0,1,0,2,0,56,20
"6136",0,0,0,0,0,0,0,0,0,0,0,0,0,0,0,0,0,0,0,0,0,0,0,0,0,0,0,0,0
"6137",1,1,1,1,3,1,1,4,1,1,1,1,1,1,1,1,1,3,2,2,3,2,0,2,3,4,3,2,3
"6138",2,1,1,1,5,1,4,4,1,1,1,1,3,1,1,4,1,2,0,0,1,3,5,2,3,4,2,4,6
"6139",3,6,1,1,5,2,4,4,1,1,1,1,5,1,4,4,1,1,5,0,1,0,0,5,1,1,1,9,7
"6140",4,6,7,3,5,2,4,9,1,6,1,1,5,2,4,4,1,6,4,5,4,5,0,6,5,2,3,17,12
"6141",5,10,7,3,5,3,4,9,1,6,7,3,5,2,4,9,1,4,0,0,1,1,1,4,1,1,1,21,13
"6142",6,11,7,3,5,3,4,10,1,10,7,3,5,3,4,9,1,1,1,0,1,0,0,1,1,1,3,22,14
"6143",7,11,10,3,5,3,4,10,4,11,7,3,5,3,4,10,1,3,3,3,3,3,0,3,3,2,4,25,17
"6144",8,11,10,3,8,3,4,10,7,11,10,3,5,3,4,10,4,3,0,0,1,3,3,3,3,4,4,28,20
"6145",9,11,10,3,11,3,4,10,8,11,10,3,8,3,4,10,7,1,3,0,1,0,0,3,1,4,4,31,21
"6146",10,11,16,3,15,3,4,14,8,11,10,3,11,3,4,10,8,4,6,4,4,4,0,6,4,2,3,41,25
"6147",11,15,16,3,15,8,4,14,8,11,16,3,15,3,4,14,8,4,0,0,1,5,6,4,5,1,1,45,30
"6148",12,15,16,9,18,8,4,14,8,15,16,3,15,8,4,14,8,1,6,0,1,0,0,6,0,3,0,54,30
"6149",0,0,0,0,0,0,0,0,0,0,0,0,0,0,0,0,0,0,0,0,0,0,0,0,0,0,0,0,0
"6150",1,1,1,5,1,1,1,4,7,1,1,1,1,1,1,1,1,6,4,2,6,2,0,4,6,3,4,4,9
"6151",2,1,3,5,1,1,7,4,10,1,1,5,1,1,1,4,7,2,0,0,4,3,6,2,6,2,2,6,18
"6152",3,5,3,5,1,4,7,4,10,1,3,5,1,1,7,4,10,4,3,0,3,0,0,4,3,1,1,10,21
"6153",4,11,5,5,1,4,7,5,10,5,3,5,1,4,7,4,10,1,1,6,1,1,0,6,1,1,3,18,22
"6154",5,11,6,5,1,5,7,5,10,11,5,5,1,4,7,5,10,1,0,0,4,1,1,1,1,2,1,19,23
"6155",6,11,6,5,5,5,7,6,10,11,6,5,1,5,7,5,10,4,1,0,1,0,0,4,1,4,3,23,24
"6156",7,17,11,5,5,5,10,6,10,11,6,5,5,5,7,6,10,6,3,2,3,2,0,6,3,1,2,34,27
"6157",8,17,13,5,5,5,10,6,11,17,11,5,5,5,10,6,10,2,0,0,1,4,5,2,1,2,4,36,28
"6158",9,17,13,5,10,9,10,6,11,17,13,5,5,5,10,6,11,4,5,0,4,0,0,5,4,4,1,41,32
"6159",10,19,13,5,10,9,10,6,14,17,13,5,10,9,10,6,11,2,3,2,3,2,0,2,3,1,4,43,35
"6160",11,21,13,5,10,10,10,6,14,19,13,5,10,9,10,6,14,2,0,0,1,5,2,2,1,1,1,45,36
"6161",12,21,13,7,10,10,10,6,14,21,13,5,10,10,10,6,14,5,2,0,5,0,0,2,0,3,0,47,36
"6162",0,0,0,0,0,0,0,0,0,0,0,0,0,0,0,0,0,0,0,0,0,0,0,0,0,0,0,0,0
"6163",1,1,1,6,1,5,1,1,1,1,1,1,1,1,1,1,1,5,4,2,4,2,0,5,4,3,1,5,4
"6164",2,1,3,6,1,10,1,1,1,1,1,6,1,5,1,1,1,2,0,0,4,5,5,2,5,2,1,7,9
"6165",3,1,3,6,6,10,1,1,5,1,3,6,1,10,1,1,1,4,5,0,4,0,0,5,4,4,4,12,13
"6166",4,1,3,6,8,10,5,1,5,1,3,6,6,10,1,1,5,4,2,4,4,4,0,2,4,4,2,14,17
"6167",5,1,3,10,8,10,5,6,5,1,3,6,8,10,5,1,5,4,0,0,5,5,5,4,5,3,3,18,22
"6168",6,1,3,10,13,10,5,6,10,1,3,10,8,10,5,6,5,5,5,0,5,0,0,5,5,4,4,23,27
"6169",7,1,3,14,13,10,6,6,10,1,3,10,13,10,5,6,10,4,1,1,1,1,0,4,1,3,2,27,28
"6170",8,1,3,14,14,10,6,6,15,1,3,14,13,10,6,6,10,1,0,0,3,5,4,1,5,4,4,28,33
"6171",9,1,3,14,18,13,6,6,15,1,3,14,14,10,6,6,15,3,4,0,3,0,0,4,3,4,1,32,36
"6172",10,1,3,14,21,17,6,6,15,1,3,14,18,13,6,6,15,4,3,1,4,1,0,3,4,4,1,35,40
"6173",11,1,4,14,21,21,6,6,15,1,3,14,21,17,6,6,15,1,0,0,4,5,4,1,4,2,1,36,44
"6174",12,1,4,19,21,21,6,6,15,1,4,14,21,21,6,6,15,5,4,0,4,0,0,5,0,3,0,41,44
"6175",0,0,0,0,0,0,0,0,0,0,0,0,0,0,0,0,0,0,0,0,0,0,0,0,0,0,0,0,0
"6176",1,1,6,1,1,5,1,1,1,1,1,1,1,1,1,1,1,1,4,5,1,4,0,5,4,2,1,5,4
"6177",2,1,6,1,2,5,1,6,1,1,6,1,1,5,1,1,1,1,0,0,2,5,5,1,5,4,3,6,9
"6178",3,6,6,1,2,5,3,6,1,1,6,1,2,5,1,6,1,2,5,0,2,0,0,5,2,1,2,11,11
"6179",4,12,6,4,2,6,3,6,1,6,6,1,2,5,3,6,1,1,6,1,1,1,0,6,1,1,1,20,12
"6180",5,12,6,5,2,6,8,6,1,12,6,4,2,6,3,6,1,1,0,0,1,5,5,1,5,3,2,21,17
"6181",6,12,6,5,7,6,8,7,1,12,6,5,2,6,8,6,1,1,5,0,1,0,0,5,1,4,3,26,18
"6182",7,12,6,5,12,6,13,7,1,12,6,5,7,6,8,7,1,5,5,3,5,3,0,5,5,4,2,31,23
"6183",8,12,6,8,12,6,13,7,6,12,6,5,12,6,13,7,1,3,0,0,4,5,1,3,5,3,4,34,28
"6184",9,16,6,8,12,7,13,7,6,12,6,8,12,6,13,7,6,4,1,0,1,0,0,4,1,1,1,38,29
"6185",10,16,6,17,12,7,13,12,6,16,6,8,12,7,13,7,6,5,6,3,5,3,0,6,5,3,3,47,34
"6186",11,16,9,17,12,7,13,13,6,16,6,17,12,7,13,12,6,3,0,0,6,1,3,3,1,2,3,50,35
"6187",12,16,9,17,15,7,13,13,6,16,9,17,12,7,13,13,6,6,3,0,6,0,0,3,0,4,0,53,35
"6188",0,0,0,0,0,0,0,0,0,0,0,0,0,0,0,0,0,0,0,0,0,0,0,0,0,0,0,0,0
"6189",1,1,1,1,5,1,1,4,1,1,1,1,1,1,1,1,1,4,2,3,2,3,0,4,3,4,3,4,3
"6190",2,1,1,1,7,1,1,5,1,1,1,1,5,1,1,4,1,2,0,0,1,3,3,2,1,4,3,6,4
"6191",3,1,1,4,7,1,1,8,1,1,1,1,7,1,1,5,1,3,3,0,3,0,0,3,3,3,3,9,7
"6192",4,11,1,4,7,1,1,8,6,1,1,4,7,1,1,8,1,6,5,3,5,3,0,6,5,1,4,19,12
"6193",5,11,4,4,7,1,1,16,6,11,1,4,7,1,1,8,6,3,0,0,2,1,6,3,6,2,3,22,20
"6194",6,11,6,4,7,1,1,17,6,11,4,4,7,1,1,16,6,2,1,0,1,0,0,2,1,2,3,24,21
"6195",7,11,11,4,7,1,1,17,8,11,6,4,7,1,1,17,6,5,2,2,2,2,0,5,2,2,4,29,23
"6196",8,11,11,6,7,7,1,17,12,11,11,4,7,1,1,17,8,2,0,0,6,6,3,2,6,3,1,31,33
"6197",9,16,17,6,7,10,1,17,12,11,11,6,7,7,1,17,12,6,3,0,3,0,0,6,3,2,1,42,36
"6198",10,16,26,6,13,10,1,19,12,16,17,6,7,10,1,17,12,2,4,6,2,4,0,6,2,4,3,57,38
"6199",11,16,36,12,13,14,1,19,1,16,26,6,13,10,1,19,12,4,0,0,4,5,1,4,4,2,1,73,31
"6200",12,16,37,12,13,14,1,19,1,16,36,12,13,14,1,19,1,5,1,0,5,0,0,1,0,2,0,74,31
"6201",0,0,0,0,0,0,0,0,0,0,0,0,0,0,0,0,0,0,0,0,0,0,0,0,0,0,0,0,0
"6202",1,1,1,1,5,1,1,4,1,1,1,1,1,1,1,1,1,3,4,1,3,1,0,4,3,4,3,4,3
"6203",2,2,1,1,5,1,1,4,2,1,1,1,5,1,1,4,1,1,0,0,4,1,1,1,1,1,4,5,4
"6204",3,2,5,1,5,1,2,4,2,2,1,1,5,1,1,4,2,4,1,0,1,0,0,4,1,2,2,9,5
"6205",4,7,5,7,5,1,2,8,2,2,5,1,5,1,2,4,2,6,4,3,4,3,0,6,4,3,3,20,9
"6206",5,7,5,10,5,5,2,8,2,7,5,7,5,1,2,8,2,3,0,0,3,6,4,3,4,3,1,23,13
"6207",6,13,10,10,5,5,2,11,2,7,5,10,5,5,2,8,2,3,6,0,3,0,0,6,3,1,3,34,16
"6208",7,17,10,16,11,5,2,11,4,13,10,10,5,5,2,11,2,6,2,3,2,3,0,6,2,3,4,50,18
"6209",8,17,13,16,11,8,2,11,4,17,10,16,11,5,2,11,4,3,0,0,3,4,5,3,3,2,1,53,21
"6210",9,17,13,16,16,8,2,15,4,17,13,16,11,8,2,11,4,4,5,0,4,0,0,5,4,4,3,58,25
"6211",10,17,17,16,16,19,2,15,10,17,13,16,16,8,2,15,4,4,6,3,6,3,0,4,6,2,4,62,42
"6212",11,17,17,19,16,24,2,15,10,17,17,16,16,19,2,15,10,3,0,0,5,1,4,3,5,3,1,65,47
"6213",12,17,18,19,16,24,2,15,10,17,17,19,16,24,2,15,10,1,4,0,4,0,0,1,0,2,0,66,47
"6214",0,0,0,0,0,0,0,0,0,0,0,0,0,0,0,0,0,0,0,0,0,0,0,0,0,0,0,0,0
"6215",1,1,6,1,1,1,1,1,6,1,1,1,1,1,1,1,1,5,5,6,5,6,0,5,5,2,4,5,5
"6216",2,1,12,4,1,1,1,4,6,1,6,1,1,1,1,1,6,6,0,0,3,3,2,6,3,2,3,14,8
"6217",3,4,12,4,1,1,1,4,8,1,12,4,1,1,1,4,6,3,2,0,2,0,0,3,2,1,4,17,10
"6218",4,4,12,4,6,1,1,4,13,4,12,4,1,1,1,4,8,5,2,5,2,5,0,5,5,4,4,22,15
"6219",5,4,12,4,8,1,1,15,13,4,12,4,6,1,1,4,13,2,0,0,6,3,3,2,6,4,3,24,26
"6220",6,4,12,7,8,1,1,15,16,4,12,4,8,1,1,15,13,3,3,0,3,0,0,3,3,3,4,27,29
"6221",7,10,12,11,8,4,1,15,16,4,12,7,8,1,1,15,16,3,6,2,3,2,0,6,3,1,1,37,32
"6222",8,10,12,11,10,4,1,17,22,10,12,11,8,4,1,15,16,2,0,0,4,2,6,2,6,4,4,39,40
"6223",9,10,12,15,10,6,1,17,22,10,12,11,10,4,1,17,22,4,2,0,2,0,0,4,2,3,1,43,42
"6224",10,10,12,15,15,10,1,17,22,10,12,15,10,6,1,17,22,4,2,5,4,2,0,5,4,4,1,48,46
"6225",11,12,12,15,15,16,6,17,22,10,12,15,15,10,1,17,22,2,0,0,2,6,4,2,6,1,1,50,57
"6226",12,12,12,15,17,16,6,17,22,12,12,15,15,16,6,17,22,2,4,0,4,0,0,2,0,4,0,52,57
"6227",0,0,0,0,0,0,0,0,0,0,0,0,0,0,0,0,0,0,0,0,0,0,0,0,0,0,0,0,0
"6228",1,1,1,5,1,7,6,1,1,1,1,1,1,1,1,1,1,6,4,6,6,6,0,4,6,3,1,4,11
"6229",2,5,7,5,7,11,6,1,1,1,1,5,1,7,6,1,1,6,0,0,1,1,4,6,4,2,1,20,15
"6230",3,5,8,5,7,11,6,2,1,5,7,5,7,11,6,1,1,1,1,0,1,0,0,1,1,2,3,21,16
"6231",4,11,8,10,7,11,8,2,1,5,8,5,7,11,6,2,1,2,6,2,2,2,0,6,2,1,2,32,18
"6232",5,11,10,10,7,15,8,2,7,11,8,10,7,11,8,2,1,2,0,0,6,6,2,2,6,2,4,34,28
"6233",6,17,15,10,7,15,8,4,7,11,10,10,7,15,8,2,7,6,2,0,2,0,0,6,2,1,3,45,30
"6234",7,17,15,10,12,21,10,4,7,17,15,10,7,15,8,4,7,5,6,4,6,4,0,5,6,4,1,50,38
"6235",8,21,15,10,12,21,10,4,11,17,15,10,12,21,10,4,7,4,0,0,4,3,4,4,4,1,4,54,42
"6236",9,21,15,14,12,21,10,4,14,21,15,10,12,21,10,4,11,3,4,0,3,0,0,4,3,3,4,58,45
"6237",10,21,15,18,12,25,10,4,14,21,15,14,12,21,10,4,14,2,4,4,2,4,0,4,4,3,1,62,49
"6238",11,21,17,18,12,25,10,6,14,21,15,18,12,25,10,4,14,2,0,0,2,1,6,2,2,2,3,64,51
"6239",12,21,17,19,12,25,10,6,14,21,17,18,12,25,10,6,14,1,6,0,6,0,0,1,0,3,0,65,51
"6240",0,0,0,0,0,0,0,0,0,0,0,0,0,0,0,0,0,0,0,0,0,0,0,0,0,0,0,0,0
"6241",1,3,1,1,1,1,1,2,1,1,1,1,1,1,1,1,1,1,2,2,1,2,0,2,1,1,3,2,1
"6242",2,3,1,3,1,1,6,2,1,3,1,1,1,1,1,2,1,2,0,0,3,5,5,2,5,3,2,4,6
"6243",3,3,6,3,1,1,6,2,4,3,1,3,1,1,6,2,1,3,5,0,3,0,0,5,3,2,4,9,9
"6244",4,6,6,3,1,7,6,3,4,3,6,3,1,1,6,2,4,3,6,2,6,2,0,3,6,1,1,12,16
"6245",5,6,6,5,1,7,6,3,8,6,6,3,1,7,6,3,4,2,0,0,1,2,4,2,4,3,4,14,20
"6246",6,6,6,5,3,7,7,3,8,6,6,5,1,7,6,3,8,1,2,0,1,0,0,2,1,4,2,16,21
"6247",7,6,6,5,8,7,7,3,13,6,6,5,3,7,7,3,8,5,2,5,2,5,0,5,5,4,4,21,26
"6248",8,6,8,5,8,7,7,3,18,6,6,5,8,7,7,3,13,2,0,0,5,4,1,2,5,2,4,23,31
"6249",9,10,8,5,8,8,7,3,18,6,8,5,8,7,7,3,18,4,1,0,1,0,0,4,1,1,1,27,32
"6250",10,10,8,9,8,14,7,3,20,10,8,5,8,8,7,3,18,6,4,1,6,1,0,4,6,3,1,31,40
"6251",11,11,8,9,8,17,7,3,20,10,8,9,8,14,7,3,20,1,0,0,3,5,1,1,3,1,1,32,43
"6252",12,11,8,14,8,17,7,3,20,11,8,9,8,17,7,3,20,5,1,0,1,0,0,5,0,3,0,37,43
"6253",0,0,0,0,0,0,0,0,0,0,0,0,0,0,0,0,0,0,0,0,0,0,0,0,0,0,0,0,0
"6254",1,1,1,1,5,1,1,1,5,1,1,1,1,1,1,1,1,4,2,4,2,4,0,4,4,4,4,4,4
"6255",2,1,1,3,5,1,1,6,5,1,1,1,5,1,1,1,5,2,0,0,5,6,6,2,5,3,3,6,9
"6256",3,2,1,9,5,1,1,6,13,1,1,3,5,1,1,6,5,6,6,0,6,0,0,6,6,3,4,13,17
"6257",4,2,1,14,5,1,1,10,13,2,1,9,5,1,1,6,13,5,4,5,4,5,0,5,4,3,3,18,21
"6258",5,2,6,14,5,1,2,10,13,2,1,14,5,1,1,10,13,5,0,0,1,5,3,5,1,2,2,23,22
"6259",6,2,11,14,5,4,2,10,13,2,6,14,5,1,2,10,13,5,3,0,3,0,0,5,3,2,1,28,25
"6260",7,6,11,14,5,7,2,10,13,2,11,14,5,4,2,10,13,3,4,1,3,1,0,4,3,1,1,32,28
"6261",8,7,11,14,5,7,2,13,13,6,11,14,5,7,2,10,13,1,0,0,6,2,3,1,3,1,3,33,31
"6262",9,7,13,20,5,9,1,13,13,7,11,14,5,7,2,13,13,6,2,0,2,0,0,6,2,3,1,41,32
"6263",10,7,13,20,10,9,1,18,13,7,13,20,5,9,1,13,13,2,5,5,2,5,0,5,5,4,3,46,37
"6264",11,9,13,20,10,14,1,18,13,7,13,20,10,9,1,18,13,2,0,0,5,5,2,2,5,1,1,48,42
"6265",12,9,15,20,10,14,1,18,13,9,13,20,10,14,1,18,13,5,2,0,5,0,0,2,0,2,0,50,42
"6266",0,0,0,0,0,0,0,0,0,0,0,0,0,0,0,0,0,0,0,0,0,0,0,0,0,0,0,0,0
"6267",1,1,1,1,6,2,1,1,1,1,1,1,1,1,1,1,1,3,5,1,3,1,0,5,1,4,1,5,1
"6268",2,4,1,1,6,2,6,1,1,1,1,1,6,2,1,1,1,3,0,0,2,5,4,3,5,1,2,8,6
"6269",3,4,1,5,6,4,6,1,1,4,1,1,6,2,6,1,1,2,4,0,2,0,0,4,2,3,1,12,8
"6270",4,4,5,5,6,8,6,1,1,4,1,5,6,4,6,1,1,4,2,4,2,4,0,4,4,2,1,16,12
"6271",5,4,5,5,8,8,6,6,1,4,5,5,6,8,6,1,1,2,0,0,2,2,5,2,5,4,3,18,17
"6272",6,4,5,7,8,8,6,6,3,4,5,5,8,8,6,6,1,2,2,0,2,0,0,2,2,3,4,20,19
"6273",7,9,5,7,8,10,6,6,3,4,5,7,8,8,6,6,3,5,1,2,1,2,0,5,2,1,1,25,21
"6274",8,9,5,8,8,13,6,6,3,9,5,7,8,10,6,6,3,1,0,0,3,3,3,1,3,3,1,26,24
"6275",9,9,5,11,8,16,6,6,3,9,5,8,8,13,6,6,3,3,3,0,3,0,0,3,3,3,1,29,27
"6276",10,9,10,11,8,18,6,6,3,9,5,11,8,16,6,6,3,2,5,3,2,3,0,5,2,2,1,34,29
"6277",11,12,10,11,8,22,6,6,3,9,10,11,8,18,6,6,3,3,0,0,4,4,1,3,4,1,1,37,33
"6278",12,13,10,11,8,22,6,6,3,12,10,11,8,22,6,6,3,4,1,0,4,0,0,1,0,1,0,38,33
"6279",0,0,0,0,0,0,0,0,0,0,0,0,0,0,0,0,0,0,0,0,0,0,0,0,0,0,0,0,0
"6280",1,1,1,6,1,1,3,1,1,1,1,1,1,1,1,1,1,5,1,2,1,2,0,5,2,3,2,5,2
"6281",2,2,1,6,1,5,3,1,1,1,1,6,1,1,3,1,1,1,0,0,4,2,4,1,4,1,1,6,6
"6282",3,2,5,6,1,5,3,3,1,2,1,6,1,5,3,1,1,2,4,0,2,0,0,4,2,2,3,10,8
"6283",4,2,10,6,1,5,3,6,1,2,5,6,1,5,3,3,1,5,3,4,3,4,0,5,3,2,3,15,11
"6284",5,2,14,6,1,10,3,6,1,2,10,6,1,5,3,6,1,4,0,0,5,5,5,4,5,2,1,19,16
"6285",6,2,14,11,1,15,3,6,1,2,14,6,1,10,3,6,1,5,5,0,5,0,0,5,5,3,1,24,21
"6286",7,2,14,11,6,19,3,6,1,2,14,11,1,15,3,6,1,5,4,5,4,5,0,5,4,4,1,29,25
"6287",8,1,14,11,6,25,5,6,1,2,14,11,6,19,3,6,1,5,0,0,6,3,1,5,6,1,1,28,33
"6288",9,5,14,11,7,1,8,6,1,1,14,11,6,25,5,6,1,3,1,0,3,0,0,1,3,4,2,33,12
"6289",10,7,14,11,7,1,10,6,1,5,14,11,7,1,8,6,1,2,2,5,2,5,0,2,2,1,2,35,14
"6290",11,12,14,11,7,2,10,6,1,7,14,11,7,1,10,6,1,5,0,0,1,4,5,5,1,1,1,40,15
"6291",12,12,14,16,7,2,10,6,1,12,14,11,7,2,10,6,1,4,5,0,4,0,0,5,0,3,0,45,15
"6292",0,0,0,0,0,0,0,0,0,0,0,0,0,0,0,0,0,0,0,0,0,0,0,0,0,0,0,0,0
"6293",1,1,1,1,6,1,3,1,1,1,1,1,1,1,1,1,1,5,2,2,2,2,0,5,2,4,2,5,2
"6294",2,1,1,1,8,5,9,1,1,1,1,1,6,1,3,1,1,2,0,0,6,2,4,2,6,4,2,7,12
"6295",3,1,1,5,8,7,9,1,1,1,1,1,8,5,9,1,1,2,4,0,2,0,0,4,2,3,1,11,14
"6296",4,1,1,8,14,7,9,1,5,1,1,5,8,7,9,1,1,6,1,4,1,4,0,6,4,4,4,20,18
"6297",5,1,2,8,14,7,9,1,8,1,1,8,14,7,9,1,5,1,0,0,6,4,3,1,3,2,4,21,21
"6298",6,4,8,8,14,7,9,5,8,1,2,8,14,7,9,1,8,6,4,0,4,0,0,6,4,2,3,30,25
"6299",7,4,8,8,19,7,13,5,8,4,8,8,14,7,9,5,8,5,4,3,4,3,0,5,4,4,2,35,29
"6300",8,7,8,8,19,7,13,9,8,4,8,8,19,7,13,5,8,3,0,0,4,3,3,3,4,1,3,38,33
"6301",9,7,11,8,19,7,16,9,8,7,8,8,19,7,13,9,8,3,3,0,3,0,0,3,3,2,2,41,36
"6302",10,7,11,8,23,11,16,9,8,7,11,8,19,7,16,9,8,4,4,4,4,4,0,4,4,4,1,45,40
"6303",11,7,11,12,23,15,16,9,8,7,11,8,23,11,16,9,8,4,0,0,4,3,2,4,4,3,1,49,44
"6304",12,7,11,12,31,15,16,9,1,7,11,12,23,15,16,9,8,3,2,0,2,0,0,3,0,4,0,57,37
"6305",0,0,0,0,0,0,0,0,0,0,0,0,0,0,0,0,0,0,0,0,0,0,0,0,0,0,0,0,0
"6306",1,7,1,2,1,7,1,2,1,1,1,1,1,1,1,1,1,6,2,6,2,6,0,6,6,1,1,7,7
"6307",2,9,1,2,1,7,5,2,1,7,1,2,1,7,1,2,1,2,0,0,6,3,4,2,4,1,2,9,11
"6308",3,15,5,2,1,10,5,2,1,9,1,2,1,7,5,2,1,6,3,0,3,0,0,6,3,1,1,19,14
"6309",4,18,5,8,1,12,5,2,1,15,5,2,1,10,5,2,1,3,6,2,3,2,0,6,2,3,1,28,16
"6310",5,18,5,8,4,12,5,2,5,18,5,8,1,12,5,2,1,3,0,0,2,4,2,3,4,4,4,31,20
"6311",6,18,5,10,4,14,5,2,5,18,5,8,4,12,5,2,5,2,2,0,2,0,0,2,2,3,1,33,22
"6312",7,18,5,12,10,14,5,2,10,18,5,10,4,14,5,2,5,2,5,6,2,5,0,6,5,4,4,41,27
"6313",8,18,5,14,10,19,5,2,10,18,5,12,10,14,5,2,10,2,0,0,2,6,5,2,5,3,1,43,32
"6314",9,18,16,14,10,19,5,4,10,18,5,14,10,19,5,2,10,2,6,0,2,0,0,6,2,2,3,54,34
"6315",10,18,21,14,10,20,5,4,10,18,16,14,10,19,5,4,10,5,1,5,1,5,0,5,1,2,1,59,35
"6316",11,18,21,14,15,20,7,4,10,18,21,14,10,20,5,4,10,5,0,0,5,2,4,5,2,4,2,64,37
"6317",12,18,21,18,15,20,7,4,10,18,21,14,15,20,7,4,10,5,4,0,5,0,0,4,0,3,0,68,37
"6318",0,0,0,0,0,0,0,0,0,0,0,0,0,0,0,0,0,0,0,0,0,0,0,0,0,0,0,0,0
"6319",1,1,1,5,1,1,1,10,1,1,1,1,1,1,1,1,1,6,4,3,6,3,0,4,6,3,3,4,9
"6320",2,1,1,5,4,1,1,10,5,1,1,5,1,1,1,10,1,3,0,0,4,3,6,3,4,4,4,7,13
"6321",3,4,7,5,4,1,4,10,5,1,1,5,4,1,1,10,5,3,6,0,3,0,0,6,3,2,2,16,16
"6322",4,4,13,5,7,3,4,10,5,4,7,5,4,1,4,10,5,2,1,6,2,1,0,6,2,2,1,25,18
"6323",5,4,13,6,7,3,4,15,5,4,13,5,7,3,4,10,5,1,0,0,5,4,4,1,5,3,3,26,23
"6324",6,8,13,6,7,7,4,15,5,4,13,6,7,3,4,15,5,4,4,0,4,0,0,4,4,1,1,30,27
"6325",7,8,13,10,7,7,4,18,5,8,13,6,7,7,4,15,5,2,4,3,2,3,0,4,3,3,3,34,30
"6326",8,8,15,10,7,7,7,18,5,8,13,10,7,7,4,18,5,2,0,0,3,1,2,2,3,2,2,36,33
"6327",9,8,15,12,7,7,8,18,5,8,15,10,7,7,7,18,5,1,2,0,1,0,0,2,1,3,2,38,34
"6328",10,8,15,17,7,7,8,18,7,8,15,12,7,7,8,18,5,2,5,2,2,2,0,5,2,3,4,43,36
"6329",11,8,15,19,7,9,8,18,7,8,15,17,7,7,8,18,7,2,0,0,2,2,4,2,2,3,1,45,38
"6330",12,8,17,19,7,9,8,18,7,8,15,19,7,9,8,18,7,2,4,0,4,0,0,2,0,2,0,47,38
"6331",0,0,0,0,0,0,0,0,0,0,0,0,0,0,0,0,0,0,0,0,0,0,0,0,0,0,0,0,0
"6332",1,1,4,7,1,1,1,2,1,1,1,1,1,1,1,1,1,6,1,6,1,6,0,6,1,3,3,9,1
"6333",2,4,4,7,7,1,1,2,11,1,4,7,1,1,1,2,1,6,0,0,1,2,6,6,6,4,4,18,11
"6334",3,4,6,7,7,1,1,2,12,4,4,7,7,1,1,2,11,1,2,0,1,0,0,2,1,2,4,20,12
"6335",4,8,6,7,7,1,3,2,12,4,6,7,7,1,1,2,12,2,4,1,2,1,0,4,2,1,2,24,14
"6336",5,9,6,7,7,1,3,5,12,8,6,7,7,1,3,2,12,1,0,0,2,3,3,1,3,1,3,25,17
"6337",6,9,9,7,7,1,3,7,12,9,6,7,7,1,3,5,12,2,3,0,2,0,0,3,2,2,3,28,19
"6338",7,9,9,11,7,1,8,7,12,9,9,7,7,1,3,7,12,5,4,3,5,3,0,4,5,3,2,32,24
"6339",8,12,9,11,7,1,8,11,12,9,9,11,7,1,8,7,12,3,0,0,4,4,4,3,4,1,3,35,28
"6340",9,12,9,15,7,1,8,15,12,12,9,11,7,1,8,11,12,4,4,0,4,0,0,4,4,3,3,39,32
"6341",10,16,9,15,7,1,12,15,12,12,9,15,7,1,8,15,12,2,4,4,2,4,0,4,4,1,2,43,36
"6342",11,16,11,15,7,3,12,15,12,16,9,15,7,1,12,15,12,2,0,0,2,4,2,2,2,2,1,45,38
"6343",12,16,15,15,7,3,12,15,12,16,11,15,7,3,12,15,12,4,2,0,2,0,0,4,0,2,0,49,38
"6344",0,0,0,0,0,0,0,0,0,0,0,0,0,0,0,0,0,0,0,0,0,0,0,0,0,0,0,0,0
"6345",1,1,1,1,5,1,1,6,1,1,1,1,1,1,1,1,1,5,5,4,5,5,0,4,5,4,3,4,5
"6346",2,1,6,1,5,7,1,12,4,1,1,1,5,1,1,6,1,5,0,0,6,2,6,5,6,2,1,9,20
"6347",3,1,10,1,11,9,1,12,4,1,6,1,5,7,1,12,4,2,6,0,2,0,0,6,2,4,1,19,22
"6348",4,1,15,1,11,9,4,12,4,1,10,1,11,9,1,12,4,5,3,4,3,4,0,5,3,2,2,24,25
"6349",5,5,15,1,11,13,4,12,4,1,15,1,11,9,4,12,4,4,0,0,4,6,6,4,4,1,1,28,29
"6350",6,5,15,3,17,13,7,18,4,5,15,1,11,13,4,12,4,6,6,0,6,0,0,6,6,4,3,36,38
"6351",7,9,15,3,17,15,7,18,4,5,15,3,17,13,7,18,4,2,2,4,2,2,0,4,2,1,1,40,40
"6352",8,9,15,5,17,21,7,20,4,9,15,3,17,15,7,18,4,2,0,0,6,1,1,2,6,3,1,42,48
"6353",9,9,15,6,17,21,7,20,5,9,15,5,17,21,7,20,4,1,1,0,1,0,0,1,1,3,4,43,49
"6354",10,9,15,6,24,21,7,20,4,9,15,6,17,21,7,20,5,3,6,1,3,1,0,6,3,4,4,50,48
"6355",11,10,15,6,1,27,3,20,7,9,15,6,24,21,7,20,4,1,0,0,1,3,4,1,3,4,4,28,53
"6356",12,10,16,6,1,27,3,20,7,10,15,6,1,27,3,20,7,1,4,0,4,0,0,1,0,2,0,29,53
"6357",0,0,0,0,0,0,0,0,0,0,0,0,0,0,0,0,0,0,0,0,0,0,0,0,0,0,0,0,0
"6358",1,1,1,3,1,1,1,7,5,1,1,1,1,1,1,1,1,2,1,6,1,6,0,2,6,3,3,2,10
"6359",2,2,1,3,1,4,1,7,5,1,1,3,1,1,1,7,5,1,0,0,5,3,3,1,3,1,1,3,13
"6360",3,7,1,3,1,4,4,7,5,2,1,3,1,4,1,7,5,5,3,0,3,0,0,5,3,1,2,8,16
"6361",4,7,6,3,7,7,4,7,5,7,1,3,1,4,4,7,5,3,6,2,3,2,0,6,3,4,1,19,19
"6362",5,7,6,5,7,7,4,12,5,7,6,3,7,7,4,7,5,2,0,0,5,4,2,2,5,3,3,21,24
"6363",6,11,6,5,7,9,4,12,5,7,6,5,7,7,4,12,5,4,2,0,2,0,0,4,2,1,1,25,26
"6364",7,16,6,5,7,9,5,12,5,11,6,5,7,9,4,12,5,5,1,2,1,2,0,5,1,1,2,30,27
"6365",8,16,6,7,7,20,5,12,5,16,6,5,7,9,5,12,5,2,0,0,2,6,1,2,6,3,1,32,38
"6366",9,16,6,9,7,20,5,12,6,16,6,7,7,20,5,12,5,2,1,0,1,0,0,2,1,3,4,34,39
"6367",10,19,6,9,1,30,5,12,6,16,6,9,7,20,5,12,6,5,3,3,5,3,0,3,5,1,1,31,49
"6368",11,19,9,12,1,4,5,12,6,19,6,9,1,30,5,12,6,3,0,0,3,4,2,3,3,3,1,37,23
"6369",12,23,9,16,1,4,1,12,6,19,9,12,1,4,5,12,6,4,2,0,2,0,0,4,0,1,0,45,19
"6370",0,0,0,0,0,0,0,0,0,0,0,0,0,0,0,0,0,0,0,0,0,0,0,0,0,0,0,0,0
"6371",1,1,1,4,1,1,1,4,1,1,1,1,1,1,1,1,1,2,3,3,2,3,0,3,3,3,3,3,3
"6372",2,1,1,4,3,1,1,4,3,1,1,4,1,1,1,4,1,2,0,0,5,1,2,2,2,4,4,5,5
"6373",3,1,1,4,8,1,1,4,4,1,1,4,3,1,1,4,3,5,1,0,1,0,0,5,1,4,4,10,6
"6374",4,1,5,4,8,1,1,4,8,1,1,4,8,1,1,4,4,2,4,4,2,4,0,4,4,2,4,14,10
"6375",5,1,5,4,10,1,7,10,12,1,5,4,8,1,1,4,8,2,0,0,3,6,5,2,6,4,2,16,26
"6376",6,1,5,4,15,1,7,10,15,1,5,4,10,1,7,10,12,3,5,0,3,0,0,5,3,4,4,21,29
"6377",7,1,5,4,18,6,7,10,15,1,5,4,15,1,7,10,15,5,2,3,5,2,0,3,5,4,1,24,34
"6378",8,1,5,4,20,6,7,13,15,1,5,4,18,6,7,10,15,2,0,0,3,1,6,2,3,4,3,26,37
"6379",9,7,5,4,21,6,7,14,15,1,5,4,20,6,7,13,15,1,6,0,1,0,0,6,1,1,3,33,38
"6380",10,7,5,4,27,10,1,14,15,7,5,4,21,6,7,14,15,4,4,2,4,2,0,4,4,4,1,39,36
"6381",11,9,5,4,27,17,1,14,15,7,5,4,27,10,1,14,15,2,0,0,6,5,1,2,6,1,1,41,43
"6382",12,9,5,9,27,17,1,14,15,9,5,4,27,17,1,14,15,5,1,0,1,0,0,5,0,3,0,46,43
"6383",0,0,0,0,0,0,0,0,0,0,0,0,0,0,0,0,0,0,0,0,0,0,0,0,0,0,0,0,0
"6384",1,11,7,1,1,13,1,3,1,1,1,1,1,1,1,1,1,6,6,3,6,3,0,6,6,2,1,16,14
"6385",2,11,7,1,4,13,1,8,1,11,7,1,1,13,1,3,1,3,0,0,5,2,3,3,5,4,3,19,19
"6386",3,11,10,1,4,13,1,10,1,11,7,1,4,13,1,8,1,2,3,0,2,0,0,3,2,2,3,22,21
"6387",4,16,10,1,10,13,3,10,1,11,10,1,4,13,1,10,1,3,6,2,3,2,0,6,2,4,2,33,23
"6388",5,16,10,1,13,23,3,10,1,16,10,1,10,13,3,10,1,3,0,0,6,2,2,3,6,4,1,36,33
"6389",6,16,12,1,13,25,3,10,1,16,10,1,13,23,3,10,1,2,2,0,2,0,0,2,2,2,1,38,35
"6390",7,16,14,1,13,27,3,10,1,16,12,1,13,25,3,10,1,2,2,2,2,2,0,2,2,2,1,40,37
"6391",8,18,1,1,13,32,4,10,1,16,14,1,13,27,3,10,1,2,0,0,5,1,2,2,5,1,1,29,43
"6392",9,18,1,6,14,1,6,10,1,18,1,1,13,32,4,10,1,1,2,0,2,0,0,1,2,4,2,35,14
"6393",10,18,1,8,14,1,6,11,1,18,1,6,14,1,6,10,1,2,3,1,3,1,0,2,1,3,3,37,15
"6394",11,18,4,8,14,3,6,11,1,18,1,8,14,1,6,11,1,3,0,0,5,4,2,3,2,2,1,40,17
"6395",12,18,4,8,18,3,6,11,1,18,4,8,14,3,6,11,1,5,4,0,5,0,0,4,0,4,0,44,17
"6396",0,0,0,0,0,0,0,0,0,0,0,0,0,0,0,0,0,0,0,0,0,0,0,0,0,0,0,0,0
"6397",1,1,1,1,6,6,1,1,1,1,1,1,1,1,1,1,1,5,5,6,5,6,0,5,5,4,1,5,5
"6398",2,7,5,1,6,11,7,1,1,1,1,1,6,6,1,1,1,6,0,0,6,5,2,6,6,1,2,15,16
"6399",3,12,5,1,6,11,9,1,1,7,5,1,6,11,7,1,1,5,2,0,2,0,0,5,2,1,2,20,18
"6400",4,15,5,1,6,11,9,1,4,12,5,1,6,11,9,1,1,3,3,1,3,1,0,3,3,1,4,23,21
"6401",5,15,5,2,6,11,9,1,7,15,5,1,6,11,9,1,4,1,0,0,5,3,4,1,3,3,4,24,24
"6402",6,15,5,7,6,15,9,1,7,15,5,2,6,11,9,1,7,5,4,0,4,0,0,5,4,3,1,29,28
"6403",7,15,8,7,6,15,9,1,11,15,5,7,6,15,9,1,7,4,3,1,4,1,0,3,4,2,4,32,32
"6404",8,16,8,7,6,18,9,1,11,15,8,7,6,15,9,1,11,1,0,0,3,1,2,1,3,1,1,33,35
"6405",9,16,8,7,8,19,9,1,11,16,8,7,6,18,9,1,11,1,2,0,1,0,0,2,1,4,1,35,36
"6406",10,16,12,7,8,19,12,1,11,16,8,7,8,19,9,1,11,3,2,4,3,2,0,4,3,2,2,39,39
"6407",11,16,12,9,8,24,12,1,11,16,12,7,8,19,12,1,11,2,0,0,3,3,5,2,5,3,1,41,44
"6408",12,16,12,12,8,24,12,1,11,16,12,9,8,24,12,1,11,3,3,0,3,0,0,3,0,3,0,44,44
"6409",0,0,0,0,0,0,0,0,0,0,0,0,0,0,0,0,0,0,0,0,0,0,0,0,0,0,0,0,0
"6410",1,1,5,7,1,1,3,1,1,1,1,1,1,1,1,1,1,2,6,4,2,4,0,6,2,3,2,10,2
"6411",2,1,5,7,5,1,3,1,6,1,5,7,1,1,3,1,1,4,0,0,2,5,5,4,5,4,4,14,7
"6412",3,6,5,7,5,1,5,1,6,1,5,7,5,1,3,1,6,2,5,0,2,0,0,5,2,1,2,19,9
"6413",4,12,5,7,9,1,5,1,9,6,5,7,5,1,5,1,6,6,3,6,3,6,0,6,3,1,4,29,12
"6414",5,12,11,12,9,1,5,1,10,12,5,7,9,1,5,1,9,6,0,0,1,1,2,6,1,2,4,40,13
"6415",6,12,11,12,10,3,5,1,10,12,11,12,9,1,5,1,10,1,2,0,2,0,0,1,2,4,1,41,15
"6416",7,17,11,12,10,3,9,1,16,12,11,12,10,3,5,1,10,5,5,6,5,6,0,5,6,1,4,46,25
"6417",8,17,11,12,15,3,9,3,16,17,11,12,10,3,9,1,16,5,0,0,2,1,2,5,2,4,3,51,27
"6418",9,17,11,13,15,3,11,3,16,17,11,12,15,3,9,3,16,1,2,0,2,0,0,1,2,3,2,52,29
"6419",10,17,11,13,16,3,11,3,19,17,11,13,15,3,11,3,16,1,3,2,3,2,0,1,3,4,4,53,32
"6420",11,17,13,13,16,8,11,3,19,17,11,13,16,3,11,3,19,2,0,0,5,3,6,2,5,2,1,55,37
"6421",12,17,13,18,22,8,11,3,19,17,13,13,16,8,11,3,19,3,6,0,3,0,0,6,0,4,0,66,37
"6422",0,0,0,0,0,0,0,0,0,0,0,0,0,0,0,0,0,0,0,0,0,0,0,0,0,0,0,0,0
"6423",1,12,7,1,1,5,1,7,1,1,1,1,1,1,1,1,1,4,6,6,4,6,0,6,6,2,3,17,10
"6424",2,12,7,5,1,9,1,7,1,12,7,1,1,5,1,7,1,4,0,0,4,4,4,4,4,3,1,21,14
"6425",3,12,11,5,1,13,1,7,1,12,7,5,1,9,1,7,1,4,4,0,4,0,0,4,4,2,1,25,18
"6426",4,12,11,10,1,15,1,7,1,12,11,5,1,13,1,7,1,5,1,2,1,2,0,5,2,3,1,30,20
"6427",5,13,11,10,1,15,1,7,2,12,11,10,1,15,1,7,1,1,0,0,1,5,5,1,1,1,4,31,21
"6428",6,13,11,15,1,15,6,7,2,13,11,10,1,15,1,7,2,5,5,0,5,0,0,5,5,3,2,36,26
"6429",7,15,11,15,1,15,6,10,2,13,11,15,1,15,6,7,2,3,2,3,3,3,0,2,3,1,3,38,29
"6430",8,15,14,15,1,22,6,10,2,15,11,15,1,15,6,10,2,3,0,0,6,3,3,3,6,2,1,41,36
"6431",9,15,17,15,4,4,6,10,2,15,14,15,1,22,6,10,2,3,3,0,3,0,0,3,3,4,1,47,18
"6432",10,16,17,15,4,13,6,10,2,15,17,15,4,4,6,10,2,1,6,5,6,5,0,1,6,1,1,48,27
"6433",11,21,17,15,4,21,6,10,2,16,17,15,4,13,6,10,2,5,0,0,6,4,1,5,6,1,1,53,35
"6434",12,21,17,19,4,21,6,10,2,21,17,15,4,21,6,10,2,4,1,0,1,0,0,4,0,3,0,57,35
"6435",0,0,0,0,0,0,0,0,0,0,0,0,0,0,0,0,0,0,0,0,0,0,0,0,0,0,0,0,0
"6436",1,1,6,1,1,1,1,6,1,1,1,1,1,1,1,1,1,5,5,6,5,6,0,5,5,2,3,5,5
"6437",2,7,6,1,4,1,1,10,1,1,6,1,1,1,1,6,1,6,0,0,2,1,4,6,4,1,3,14,9
"6438",3,7,6,3,4,1,1,10,2,7,6,1,4,1,1,10,1,2,1,0,1,0,0,2,1,3,4,16,10
"6439",4,7,6,8,4,1,1,10,6,7,6,3,4,1,1,10,2,4,5,5,4,5,0,5,4,3,4,21,14
"6440",5,7,6,8,9,1,2,10,6,7,6,8,4,1,1,10,6,5,0,0,1,2,2,5,1,4,2,26,15
"6441",6,7,8,8,9,1,2,12,6,7,6,8,9,1,2,10,6,2,2,0,2,0,0,2,2,2,3,28,17
"6442",7,7,13,8,9,4,8,12,6,7,8,8,9,1,2,12,6,6,5,6,6,6,0,5,6,2,2,33,26
"6443",8,13,13,8,12,4,8,12,15,7,13,8,9,4,8,12,6,6,0,0,6,1,6,6,6,1,4,42,35
"6444",9,13,13,14,17,5,8,12,15,13,13,8,12,4,8,12,15,1,6,0,1,0,0,6,1,3,1,53,36
"6445",10,17,13,14,17,5,8,16,15,13,13,14,17,5,8,12,15,4,4,1,4,1,0,4,4,1,3,57,40
"6446",11,18,13,14,17,5,10,16,15,17,13,14,17,5,8,16,15,1,0,0,5,2,4,1,2,1,2,58,42
"6447",12,18,18,14,17,5,10,16,15,18,13,14,17,5,10,16,15,5,4,0,4,0,0,5,0,2,0,63,42
"6448",0,0,0,0,0,0,0,0,0,0,0,0,0,0,0,0,0,0,0,0,0,0,0,0,0,0,0,0,0
"6449",1,1,1,5,1,13,5,1,1,1,1,1,1,1,1,1,1,6,4,4,6,4,0,4,6,3,1,4,16
"6450",2,1,1,9,1,19,5,5,1,1,1,5,1,13,5,1,1,4,0,0,6,6,3,4,6,3,1,8,26
"6451",3,1,1,17,7,19,5,8,1,1,1,9,1,19,5,5,1,6,3,0,3,0,0,6,3,4,3,22,29
"6452",4,1,1,17,9,19,5,13,1,1,1,17,7,19,5,8,1,5,2,5,5,5,0,2,5,4,3,24,34
"6453",5,1,1,17,14,19,5,17,1,1,1,17,9,19,5,13,1,5,0,0,4,6,1,5,4,4,3,29,38
"6454",6,1,1,24,14,19,1,18,1,1,1,17,14,19,5,17,1,6,1,0,1,0,0,6,1,3,3,36,35
"6455",7,1,1,29,14,19,1,18,6,1,1,24,14,19,1,18,1,3,5,5,3,5,0,5,5,3,4,41,40
"6456",8,1,1,1,14,22,1,18,13,1,1,29,14,19,1,18,6,3,0,0,1,1,3,3,3,1,1,13,50
"6457",9,1,2,1,14,22,2,18,13,1,1,1,14,22,1,18,13,1,1,0,1,0,0,1,1,2,2,14,51
"6458",10,1,10,1,15,6,2,18,13,1,2,1,14,22,2,18,13,2,2,5,2,5,0,2,5,2,1,23,35
"6459",11,1,12,1,15,6,6,18,13,1,10,1,15,6,2,18,13,2,0,0,4,6,2,2,4,2,2,25,39
"6460",12,7,12,1,17,6,6,18,13,1,12,1,15,6,6,18,13,6,2,0,2,0,0,6,0,1,0,33,39
"6461",0,0,0,0,0,0,0,0,0,0,0,0,0,0,0,0,0,0,0,0,0,0,0,0,0,0,0,0,0
"6462",1,1,1,5,1,1,1,1,5,1,1,1,1,1,1,1,1,4,4,2,4,2,0,4,4,3,4,4,4
"6463",2,1,1,5,3,1,4,1,5,1,1,5,1,1,1,1,5,2,0,0,3,4,6,2,3,4,2,6,7
"6464",3,1,1,6,9,1,8,1,5,1,1,5,3,1,4,1,5,4,6,0,4,0,0,6,4,4,2,13,11
"6465",4,5,1,6,9,1,8,3,5,1,1,6,9,1,8,1,5,4,2,2,2,2,0,4,2,1,3,17,13
"6466",5,5,1,8,9,1,8,4,5,5,1,6,9,1,8,3,5,2,0,0,1,3,6,2,1,3,3,19,14
"6467",6,10,7,8,9,1,11,4,5,5,1,8,9,1,8,4,5,3,6,0,3,0,0,6,3,2,2,30,17
"6468",7,11,13,8,9,1,11,9,5,10,7,8,9,1,11,4,5,5,4,6,5,4,0,6,5,2,3,37,22
"6469",8,11,13,12,9,1,12,15,5,11,13,8,9,1,11,9,5,4,0,0,6,5,1,4,6,3,3,41,29
"6470",9,11,13,12,14,1,12,15,6,11,13,12,9,1,12,15,5,5,1,0,1,0,0,5,1,4,4,46,30
"6471",10,11,13,14,14,1,17,15,6,11,13,12,14,1,12,15,6,3,5,2,3,5,0,2,5,3,2,48,35
"6472",11,14,13,14,14,4,17,15,6,11,13,14,14,1,17,15,6,3,0,0,3,3,3,3,3,1,1,51,38
"6473",12,14,13,14,17,4,17,15,6,14,13,14,14,4,17,15,6,3,3,0,3,0,0,3,0,4,0,54,38
"6474",0,0,0,0,0,0,0,0,0,0,0,0,0,0,0,0,0,0,0,0,0,0,0,0,0,0,0,0,0
"6475",1,1,1,3,1,6,1,1,1,1,1,1,1,1,1,1,1,2,2,5,2,5,0,2,5,3,1,2,5
"6476",2,1,1,5,1,6,1,6,1,1,1,3,1,6,1,1,1,2,0,0,5,3,1,2,5,3,3,4,10
"6477",3,1,1,5,4,6,1,7,1,1,1,5,1,6,1,6,1,3,1,0,1,0,0,3,1,4,3,7,11
"6478",4,1,6,5,4,11,1,7,1,1,1,5,4,6,1,7,1,5,3,5,3,5,0,5,5,2,1,12,16
"6479",5,1,9,5,4,16,1,7,1,1,6,5,4,11,1,7,1,3,0,0,5,2,2,3,5,2,1,15,21
"6480",6,1,9,5,6,16,1,7,3,1,9,5,4,16,1,7,1,2,2,0,2,0,0,2,2,4,4,17,23
"6481",7,1,9,5,11,21,1,7,3,1,9,5,6,16,1,7,3,5,3,5,3,5,0,5,5,4,1,22,28
"6482",8,1,12,5,11,21,1,12,3,1,9,5,11,21,1,7,3,3,0,0,5,4,3,3,5,2,3,25,33
"6483",9,1,16,5,11,21,1,12,6,1,12,5,11,21,1,12,3,4,3,0,3,0,0,4,3,2,4,29,36
"6484",10,9,16,5,16,3,1,12,6,1,16,5,11,21,1,12,6,2,2,3,2,3,0,2,2,1,1,42,18
"6485",11,12,16,5,16,5,1,12,6,9,16,5,16,3,1,12,6,3,0,0,2,4,4,3,2,1,1,45,20
"6486",12,12,20,5,16,5,1,12,6,12,16,5,16,5,1,12,6,4,4,0,4,0,0,4,0,2,0,49,20
"6487",0,0,0,0,0,0,0,0,0,0,0,0,0,0,0,0,0,0,0,0,0,0,0,0,0,0,0,0,0
"6488",1,1,1,1,5,1,2,1,1,1,1,1,1,1,1,1,1,1,4,1,1,1,0,4,1,4,2,4,1
"6489",2,1,2,1,5,1,2,6,7,1,1,1,5,1,2,1,1,1,0,0,6,4,2,1,6,2,4,5,12
"6490",3,1,6,1,5,1,4,6,7,1,2,1,5,1,2,6,7,4,2,0,2,0,0,4,2,2,2,9,14
"6491",4,1,9,1,5,3,4,6,7,1,6,1,5,1,4,6,7,1,3,2,1,2,0,3,2,2,1,12,16
"6492",5,1,9,1,6,3,6,12,7,1,9,1,5,3,4,6,7,1,0,0,6,2,1,1,6,4,3,13,24
"6493",6,2,9,1,6,5,6,12,7,1,9,1,6,3,6,12,7,2,1,0,2,0,0,1,2,1,1,14,26
"6494",7,2,10,1,6,5,6,14,7,2,9,1,6,5,6,12,7,2,5,1,2,5,0,1,2,2,3,15,28
"6495",8,2,10,1,11,5,11,14,7,2,10,1,6,5,6,14,7,5,0,0,5,3,3,5,5,4,2,20,33
"6496",9,2,10,4,11,8,11,14,7,2,10,1,11,5,11,14,7,3,3,0,3,0,0,3,3,3,1,23,36
"6497",10,2,10,6,11,19,11,14,7,2,10,4,11,8,11,14,7,6,2,1,6,1,0,2,6,3,1,25,47
"6498",11,2,10,7,11,21,11,14,7,2,10,6,11,19,11,14,7,1,0,0,2,6,1,1,2,3,1,26,49
"6499",12,2,14,13,11,21,11,14,7,2,10,7,11,21,11,14,7,6,1,0,1,0,0,6,0,3,0,36,49
"6500",0,0,0,0,0,0,0,0,0,0,0,0,0,0,0,0,0,0,0,0,0,0,0,0,0,0,0,0,0
"6501",1,1,1,1,6,3,1,1,7,1,1,1,1,1,1,1,1,5,6,4,6,4,0,5,6,4,4,5,8
"6502",2,1,5,1,6,3,1,6,7,1,1,1,6,3,1,1,7,4,0,0,5,3,3,4,5,2,3,9,13
"6503",3,1,8,1,6,3,1,9,7,1,5,1,6,3,1,6,7,3,3,0,3,0,0,3,3,2,3,12,16
"6504",4,7,8,4,6,3,1,9,12,1,8,1,6,3,1,9,7,1,5,6,1,5,0,6,5,1,4,21,21
"6505",5,8,8,4,6,3,1,9,15,7,8,4,6,3,1,9,12,1,0,0,3,5,1,1,3,1,4,22,24
"6506",6,8,8,4,11,3,1,10,15,8,8,4,6,3,1,9,15,5,1,0,1,0,0,5,1,4,3,27,25
"6507",7,8,10,4,11,3,1,10,16,8,8,4,11,3,1,10,15,1,1,2,1,1,0,2,1,2,4,29,26
"6508",8,8,10,5,11,3,7,10,17,8,10,4,11,3,1,10,16,1,0,0,6,4,3,1,6,3,2,30,33
"6509",9,8,10,9,11,3,10,10,17,8,10,5,11,3,7,10,17,4,3,0,3,0,0,4,3,3,2,34,36
"6510",10,8,15,15,11,7,10,10,17,8,10,9,11,3,10,10,17,4,6,4,4,4,0,6,4,3,1,45,40
"6511",11,8,15,19,11,10,10,10,17,8,15,15,11,7,10,10,17,4,0,0,3,4,4,4,3,3,1,49,43
"6512",12,8,19,19,11,10,10,10,17,8,15,19,11,10,10,10,17,4,4,0,4,0,0,4,0,2,0,53,43
"6513",0,0,0,0,0,0,0,0,0,0,0,0,0,0,0,0,0,0,0,0,0,0,0,0,0,0,0,0,0
"6514",1,1,7,1,4,1,1,6,1,1,1,1,1,1,1,1,1,5,6,4,5,4,0,6,5,2,3,9,5
"6515",2,1,7,1,8,1,1,6,3,1,7,1,4,1,1,6,1,4,0,0,2,2,6,4,2,4,4,13,7
"6516",3,12,7,1,14,1,1,6,5,1,7,1,8,1,1,6,3,2,6,0,2,0,0,6,2,1,4,30,9
"6517",4,16,7,1,14,2,1,6,5,12,7,1,14,1,1,6,5,2,4,1,2,1,0,4,1,1,1,34,10
"6518",5,18,7,1,14,2,1,11,5,16,7,1,14,2,1,6,5,2,0,0,6,5,5,2,5,1,3,36,15
"6519",6,18,9,7,14,2,6,11,5,18,7,1,14,2,1,11,5,6,5,0,5,0,0,6,5,3,2,44,20
"6520",7,18,9,7,18,3,6,11,5,18,9,7,14,2,6,11,5,1,3,4,1,3,0,4,1,4,1,48,21
"6521",8,18,12,7,18,3,6,13,5,18,9,7,18,3,6,11,5,3,0,0,6,4,2,3,2,2,3,51,23
"6522",9,22,18,13,18,3,6,13,9,18,12,7,18,3,6,13,5,6,4,0,4,0,0,6,4,3,4,67,27
"6523",10,26,18,13,18,4,6,13,9,22,18,13,18,3,6,13,9,4,1,1,1,1,0,4,1,1,1,71,28
"6524",11,1,19,13,18,8,6,16,9,26,18,13,18,4,6,13,9,1,0,0,4,3,4,1,4,2,1,47,35
"6525",12,5,19,13,18,8,6,16,9,1,19,13,18,8,6,16,9,3,4,0,3,0,0,4,0,1,0,51,35
"6526",0,0,0,0,0,0,0,0,0,0,0,0,0,0,0,0,0,0,0,0,0,0,0,0,0,0,0,0,0
"6527",1,1,1,1,4,3,1,1,1,1,1,1,1,1,1,1,1,2,3,1,2,1,0,3,2,4,1,3,2
"6528",2,1,1,2,4,6,1,1,1,1,1,1,4,3,1,1,1,1,0,0,5,3,2,1,3,3,1,4,5
"6529",3,1,1,7,4,8,1,1,1,1,1,2,4,6,1,1,1,5,2,0,2,0,0,5,2,3,1,9,7
"6530",4,1,1,7,9,8,1,1,3,1,1,7,4,8,1,1,1,2,5,1,2,1,0,5,2,4,4,14,9
"6531",5,1,1,8,9,8,8,1,3,1,1,7,9,8,1,1,3,1,0,0,6,6,1,1,6,3,2,15,16
"6532",6,1,6,14,9,8,8,2,3,1,1,8,9,8,8,1,3,6,1,0,1,0,0,6,1,3,3,26,17
"6533",7,1,6,14,14,8,11,2,3,1,6,14,9,8,8,2,3,1,5,3,1,3,0,5,3,4,2,31,20
"6534",8,2,6,14,14,8,11,7,3,1,6,14,14,8,11,2,3,1,0,0,5,2,5,1,5,1,3,32,25
"6535",9,2,6,14,19,10,11,7,3,2,6,14,14,8,11,7,3,2,5,0,2,0,0,5,2,4,1,37,27
"6536",10,5,6,14,19,10,12,7,3,2,6,14,19,10,11,7,3,1,1,3,1,1,0,3,1,1,2,40,28
"6537",11,6,6,14,19,15,12,7,3,5,6,14,19,10,12,7,3,1,0,0,2,5,6,1,5,1,1,41,33
"6538",12,6,6,21,21,15,12,7,1,6,6,14,19,15,12,7,3,2,6,0,2,0,0,6,0,3,0,50,31
"6539",0,0,0,0,0,0,0,0,0,0,0,0,0,0,0,0,0,0,0,0,0,0,0,0,0,0,0,0,0
"6540",1,1,1,1,6,1,1,1,2,1,1,1,1,1,1,1,1,5,3,1,3,1,0,5,1,4,4,5,1
"6541",2,1,1,1,9,1,1,3,2,1,1,1,6,1,1,1,2,3,0,0,1,1,2,3,2,4,3,8,3
"6542",3,1,1,2,9,2,1,3,2,1,1,1,9,1,1,3,2,1,1,0,1,0,0,1,1,3,1,9,4
"6543",4,1,6,2,9,3,1,3,2,1,1,2,9,2,1,3,2,1,5,5,1,5,0,5,1,2,1,14,5
"6544",5,6,6,2,9,3,1,8,2,1,6,2,9,3,1,3,2,5,0,0,5,5,2,5,5,1,3,19,10
"6545",6,6,6,7,9,3,3,8,2,6,6,2,9,3,1,8,2,5,2,0,2,0,0,5,2,3,2,24,12
"6546",7,6,6,10,9,4,3,8,2,6,6,7,9,3,3,8,2,1,3,2,1,2,0,3,1,3,1,27,13
"6547",8,6,8,10,9,8,3,8,2,6,6,10,9,4,3,8,2,2,0,0,4,4,6,2,4,2,1,29,17
"6548",9,11,8,10,15,8,7,8,2,6,8,10,9,8,3,8,2,4,6,0,4,0,0,6,4,4,2,40,21
"6549",10,19,8,10,15,8,11,8,2,11,8,10,15,8,7,8,2,4,5,6,4,5,0,6,4,1,2,48,25
"6550",11,19,8,15,15,19,17,8,2,19,8,10,15,8,11,8,2,5,0,0,6,6,6,5,6,3,1,53,42
"6551",12,19,14,19,21,19,17,8,2,19,8,15,15,19,17,8,2,6,6,0,6,0,0,6,0,2,0,69,42
"6552",0,0,0,0,0,0,0,0,0,0,0,0,0,0,0,0,0,0,0,0,0,0,0,0,0,0,0,0,0
"6553",1,3,13,1,1,1,1,5,1,1,1,1,1,1,1,1,1,6,4,5,4,5,0,6,4,2,3,14,4
"6554",2,3,13,6,1,1,6,5,1,3,13,1,1,1,1,5,1,5,0,0,5,5,4,5,5,3,2,19,9
"6555",3,8,13,6,1,1,10,5,1,3,13,6,1,1,6,5,1,5,4,0,4,0,0,5,4,1,2,24,13
"6556",4,8,13,6,6,6,10,5,1,8,13,6,1,1,10,5,1,5,5,5,5,5,0,5,5,4,1,29,18
"6557",5,13,13,6,6,6,10,14,1,8,13,6,6,6,10,5,1,5,0,0,3,2,6,5,6,1,3,34,27
"6558",6,16,13,6,6,6,12,14,1,13,13,6,6,6,10,14,1,3,2,0,2,0,0,3,2,1,2,37,29
"6559",7,16,13,15,6,6,12,17,1,16,13,6,6,6,12,14,1,6,3,1,3,1,0,6,3,3,3,46,32
"6560",8,16,13,16,6,10,12,17,1,16,13,15,6,6,12,17,1,1,0,0,5,4,2,1,4,3,1,47,36
"6561",9,16,13,16,11,10,14,17,1,16,13,16,6,10,12,17,1,5,2,0,2,0,0,5,2,4,2,52,38
"6562",10,16,13,16,22,10,14,17,2,16,13,16,11,10,14,17,1,1,2,6,1,2,0,6,1,4,4,63,39
"6563",11,16,15,16,1,11,14,23,4,16,13,16,22,10,14,17,2,2,0,0,5,2,2,2,2,2,4,44,48
"6564",12,16,15,18,1,11,14,23,4,16,15,16,1,11,14,23,4,5,2,0,5,0,0,2,0,3,0,46,48
"6565",0,0,0,0,0,0,0,0,0,0,0,0,0,0,0,0,0,0,0,0,0,0,0,0,0,0,0,0,0
"6566",1,1,1,5,1,1,1,7,6,1,1,1,1,1,1,1,1,5,4,6,5,6,0,4,6,3,3,4,11
"6567",2,1,1,5,6,8,1,7,6,1,1,5,1,1,1,7,6,5,0,0,6,3,5,5,6,4,1,9,18
"6568",3,1,1,5,11,8,1,10,6,1,1,5,6,8,1,7,6,3,5,0,3,0,0,5,3,4,3,14,21
"6569",4,3,1,5,11,11,1,10,6,1,1,5,11,8,1,10,6,3,2,3,3,3,0,2,3,1,1,16,24
"6570",5,3,4,5,11,17,5,10,6,3,1,5,11,11,1,10,6,3,0,0,2,6,2,3,6,2,1,19,34
"6571",6,3,6,5,11,17,7,10,6,3,4,5,11,17,5,10,6,2,2,0,2,0,0,2,2,2,2,21,36
"6572",7,3,6,6,11,23,12,10,6,3,6,5,11,17,7,10,6,1,6,1,6,1,0,1,6,3,1,22,47
"6573",8,3,7,6,11,23,12,13,6,3,6,6,11,23,12,10,6,1,0,0,3,6,2,1,3,2,3,23,50
"6574",9,6,13,6,11,3,12,13,6,3,7,6,11,23,12,13,6,6,2,0,2,0,0,6,2,2,1,32,30
"6575",10,6,13,12,16,8,12,13,6,6,13,6,11,3,12,13,6,5,3,6,5,3,0,6,5,3,1,43,35
"6576",11,6,13,12,19,13,12,13,6,6,13,12,16,8,12,13,6,3,0,0,5,4,1,3,5,4,1,46,40
"6577",12,6,13,16,19,13,12,13,6,6,13,12,19,13,12,13,6,4,1,0,1,0,0,4,0,3,0,50,40
"6578",0,0,0,0,0,0,0,0,0,0,0,0,0,0,0,0,0,0,0,0,0,0,0,0,0,0,0,0,0
"6579",1,1,5,1,1,1,1,5,1,1,1,1,1,1,1,1,1,2,4,4,2,4,0,4,4,2,3,4,4
"6580",2,3,5,1,1,1,6,5,1,1,5,1,1,1,1,5,1,2,0,0,4,5,1,2,5,1,2,6,9
"6581",3,3,5,1,5,1,6,6,1,3,5,1,1,1,6,5,1,4,1,0,1,0,0,4,1,4,3,10,10
"6582",4,3,5,1,10,1,8,6,1,3,5,1,5,1,6,6,1,2,1,5,2,1,0,5,2,4,2,15,12
"6583",5,3,5,1,11,1,8,6,5,3,5,1,10,1,8,6,1,1,0,0,4,4,1,1,4,4,4,16,16
"6584",6,7,5,1,11,1,9,6,5,3,5,1,11,1,8,6,5,4,1,0,1,0,0,4,1,1,2,20,17
"6585",7,13,5,6,11,3,9,6,5,7,5,1,11,1,9,6,5,2,6,2,2,2,0,6,2,1,1,31,19
"6586",8,13,5,8,11,5,9,6,5,13,5,6,11,3,9,6,5,2,0,0,2,4,2,2,2,3,1,33,21
"6587",9,13,5,12,11,7,9,6,5,13,5,8,11,5,9,6,5,4,2,0,2,0,0,4,2,3,1,37,23
"6588",10,16,11,12,11,18,9,6,5,13,5,12,11,7,9,6,5,6,6,3,6,3,0,6,6,2,1,46,34
"6589",11,19,11,12,11,23,9,6,5,16,11,12,11,18,9,6,5,3,0,0,5,5,1,3,5,1,1,49,39
"6590",12,19,16,12,11,23,9,6,5,19,11,12,11,23,9,6,5,5,1,0,1,0,0,5,0,2,0,54,39
"6591",0,0,0,0,0,0,0,0,0,0,0,0,0,0,0,0,0,0,0,0,0,0,0,0,0,0,0,0,0
"6592",1,1,1,5,1,1,1,2,1,1,1,1,1,1,1,1,1,1,4,1,1,1,0,4,1,3,3,4,1
"6593",2,2,1,5,1,2,1,2,1,1,1,5,1,1,1,2,1,1,0,0,2,1,5,1,1,1,1,5,2
"6594",3,7,1,5,1,2,1,2,3,2,1,5,1,2,1,2,1,2,5,0,2,0,0,5,2,1,4,10,4
"6595",4,7,3,5,7,2,4,2,3,7,1,5,1,2,1,2,3,3,6,2,3,2,0,6,3,4,2,18,7
"6596",5,7,3,5,9,2,8,2,3,7,3,5,7,2,4,2,3,2,0,0,4,1,2,2,4,4,2,20,11
"6597",6,9,3,5,9,2,8,3,3,7,3,5,9,2,8,2,3,1,2,0,1,0,0,2,1,1,3,22,12
"6598",7,9,3,11,12,2,11,3,3,9,3,5,9,2,8,3,3,6,1,3,1,3,0,6,3,3,2,31,15
"6599",8,9,3,12,12,2,12,3,3,9,3,11,12,2,11,3,3,1,0,0,1,1,2,1,1,3,2,32,16
"6600",9,9,3,14,12,2,12,4,3,9,3,12,12,2,12,3,3,1,2,0,1,0,0,2,1,3,3,34,17
"6601",10,12,3,14,12,4,12,4,3,9,3,14,12,2,12,4,3,3,2,1,2,1,0,3,2,1,1,37,19
"6602",11,13,3,14,12,4,17,4,3,12,3,14,12,4,12,4,3,1,0,0,3,6,5,1,5,1,2,38,24
"6603",12,13,3,17,12,4,17,4,3,13,3,14,12,4,17,4,3,3,6,0,6,0,0,3,0,3,0,41,24
"6604",0,0,0,0,0,0,0,0,0,0,0,0,0,0,0,0,0,0,0,0,0,0,0,0,0,0,0,0,0
"6605",1,1,5,1,7,1,6,1,1,1,1,1,1,1,1,1,1,6,5,3,5,3,0,6,5,4,2,10,5
"6606",2,4,5,1,7,1,11,1,1,1,5,1,7,1,6,1,1,3,0,0,5,1,3,3,5,1,2,13,10
"6607",3,4,8,1,7,1,11,2,1,4,5,1,7,1,11,1,1,1,3,0,1,0,0,3,1,2,3,16,11
"6608",4,4,8,6,7,1,11,6,1,4,8,1,7,1,11,2,1,5,5,4,5,4,0,5,4,3,3,21,15
"6609",5,4,8,11,7,1,11,6,6,4,8,6,7,1,11,6,1,5,0,0,5,6,2,5,5,3,4,26,20
"6610",6,10,13,11,13,3,11,6,6,4,8,11,7,1,11,6,6,6,2,0,2,0,0,6,2,1,1,43,22
"6611",7,10,13,12,13,3,11,8,6,10,13,11,13,3,11,6,6,1,2,2,2,2,0,1,2,3,3,44,24
"6612",8,10,15,12,13,3,11,8,10,10,13,12,13,3,11,8,6,2,0,0,5,4,4,2,4,2,4,46,28
"6613",9,10,20,12,13,3,15,8,10,10,15,12,13,3,11,8,10,5,4,0,4,0,0,5,4,2,2,51,32
"6614",10,10,20,16,19,3,15,8,15,10,20,12,13,3,15,8,10,5,5,6,5,5,0,6,5,4,4,61,37
"6615",11,10,20,1,19,4,15,8,20,10,20,16,19,3,15,8,15,5,0,0,3,3,5,5,3,3,1,46,43
"6616",12,15,20,1,19,4,15,8,20,10,20,1,19,4,15,8,20,3,5,0,3,0,0,5,0,1,0,51,43
"6617",0,0,0,0,0,0,0,0,0,0,0,0,0,0,0,0,0,0,0,0,0,0,0,0,0,0,0,0,0
"6618",1,1,1,5,1,1,4,1,1,1,1,1,1,1,1,1,1,3,1,4,3,1,0,4,3,3,2,4,3
"6619",2,1,2,5,1,1,6,1,1,1,1,5,1,1,4,1,1,1,0,0,2,3,2,1,2,2,2,5,5
"6620",3,1,4,5,1,1,9,1,1,1,2,5,1,1,6,1,1,3,2,0,3,0,0,2,3,2,2,7,8
"6621",4,10,4,5,7,1,9,1,4,1,4,5,1,1,9,1,1,3,6,2,3,2,0,6,3,4,4,22,11
"6622",5,10,6,5,7,1,14,1,4,10,4,5,7,1,9,1,4,2,0,0,5,1,3,2,5,2,2,24,16
"6623",6,10,9,5,7,2,14,1,4,10,6,5,7,1,14,1,4,1,3,0,1,0,0,3,1,2,1,27,17
"6624",7,10,9,12,7,2,17,1,4,10,9,5,7,2,14,1,4,1,6,3,1,3,0,6,3,3,2,34,20
"6625",8,10,9,13,7,2,19,1,4,10,9,12,7,2,17,1,4,1,0,0,2,2,5,1,2,3,2,35,22
"6626",9,10,9,13,12,2,19,1,6,10,9,13,7,2,19,1,4,2,5,0,2,0,0,5,2,4,4,40,24
"6627",10,12,9,13,12,2,24,1,6,10,9,13,12,2,19,1,6,2,5,2,5,2,0,2,5,1,2,42,29
"6628",11,14,9,13,1,3,30,1,6,12,9,13,12,2,24,1,6,2,0,0,6,5,1,2,6,1,2,33,36
"6629",12,15,9,13,1,3,30,1,6,14,9,13,1,3,30,1,6,5,1,0,5,0,0,1,0,1,0,34,36
"6630",0,0,0,0,0,0,0,0,0,0,0,0,0,0,0,0,0,0,0,0,0,0,0,0,0,0,0,0,0
"6631",1,7,1,2,1,1,1,5,1,1,1,1,1,1,1,1,1,4,6,2,4,2,0,6,4,1,3,7,4
"6632",2,9,1,2,1,1,1,8,1,7,1,2,1,1,1,5,1,2,0,0,3,3,5,2,3,1,3,9,7
"6633",3,9,6,2,1,1,4,8,1,9,1,2,1,1,1,8,1,3,5,0,3,0,0,5,3,2,2,14,10
"6634",4,9,11,2,1,1,4,8,6,9,6,2,1,1,4,8,1,2,5,5,2,5,0,5,5,2,4,19,15
"6635",5,9,13,2,1,1,4,9,6,9,11,2,1,1,4,8,6,2,0,0,4,2,1,2,1,2,3,21,16
"6636",6,9,13,2,5,3,4,9,6,9,13,2,1,1,4,9,6,4,2,0,2,0,0,4,2,4,1,25,18
"6637",7,9,13,2,6,3,4,9,7,9,13,2,5,3,4,9,6,1,1,1,1,1,0,1,1,4,4,26,19
"6638",8,10,13,2,6,3,4,12,7,9,13,2,6,3,4,9,7,1,0,0,3,5,2,1,3,1,3,27,22
"6639",9,10,18,2,6,5,4,12,7,10,13,2,6,3,4,12,7,5,2,0,2,0,0,5,2,2,1,32,24
"6640",10,10,18,7,6,5,6,12,7,10,18,2,6,5,4,12,7,2,2,5,2,2,0,5,2,3,2,37,26
"6641",11,12,18,7,1,10,6,24,7,10,18,7,6,5,6,12,7,2,0,0,5,6,6,2,6,1,3,34,43
"6642",12,12,18,13,7,10,6,24,7,12,18,7,1,10,6,24,7,5,6,0,5,0,0,6,0,3,0,46,43
"6643",0,0,0,0,0,0,0,0,0,0,0,0,0,0,0,0,0,0,0,0,0,0,0,0,0,0,0,0,0
"6644",1,4,1,1,1,1,1,1,3,1,1,1,1,1,1,1,1,2,1,3,2,1,0,3,2,1,4,3,2
"6645",2,5,1,1,1,1,6,1,3,4,1,1,1,1,1,1,3,1,0,0,1,2,5,1,5,1,2,4,7
"6646",3,7,1,1,1,1,7,1,3,5,1,1,1,1,6,1,3,1,2,0,1,0,0,2,1,1,2,6,8
"6647",4,7,1,7,7,1,13,1,7,7,1,1,1,1,7,1,3,2,6,6,2,6,0,6,6,4,2,18,18
"6648",5,7,1,7,9,1,13,3,7,7,1,7,7,1,13,1,7,2,0,0,4,1,2,2,2,4,3,20,20
"6649",6,11,1,7,9,1,13,3,8,7,1,7,9,1,13,3,7,4,1,0,1,0,0,4,1,1,4,24,21
"6650",7,17,1,9,9,5,13,3,8,11,1,7,9,1,13,3,8,1,6,4,1,4,0,6,4,1,1,32,25
"6651",8,17,1,9,10,5,18,3,8,17,1,9,9,5,13,3,8,1,0,0,2,5,5,1,5,4,2,33,30
"6652",9,17,1,14,10,5,18,3,10,17,1,9,10,5,18,3,8,2,5,0,2,0,0,5,2,3,4,38,32
"6653",10,17,4,20,10,5,23,3,10,17,1,14,10,5,18,3,10,5,6,3,5,3,0,6,5,3,2,47,37
"6654",11,17,4,20,13,11,26,3,10,17,4,20,10,5,23,3,10,3,0,0,6,2,6,3,6,4,1,50,46
"6655",12,23,4,21,22,11,26,1,10,17,4,20,13,11,26,3,10,2,6,0,2,0,0,6,0,4,0,66,44
"6656",0,0,0,0,0,0,0,0,0,0,0,0,0,0,0,0,0,0,0,0,0,0,0,0,0,0,0,0,0
"6657",1,1,11,1,1,1,1,3,1,1,1,1,1,1,1,1,1,3,2,6,3,2,0,6,2,2,3,10,2
"6658",2,1,11,1,4,1,1,5,1,1,11,1,1,1,1,3,1,3,0,0,5,2,2,3,2,4,3,13,4
"6659",3,1,11,1,9,1,1,5,3,1,11,1,4,1,1,5,1,5,2,0,2,0,0,5,2,4,4,18,6
"6660",4,5,11,7,9,1,4,5,3,1,11,1,9,1,1,5,3,2,3,6,2,3,0,6,3,3,2,28,9
"6661",5,7,11,7,9,1,6,5,3,5,11,7,9,1,4,5,3,2,0,0,2,2,6,2,2,1,2,30,11
"6662",6,12,11,13,9,3,6,5,3,7,11,7,9,1,6,5,3,2,6,0,2,0,0,6,2,3,1,41,13
"6663",7,12,11,14,9,3,8,5,3,12,11,13,9,3,6,5,3,1,2,2,2,2,0,1,2,3,2,42,15
"6664",8,12,13,14,9,13,8,5,3,12,11,14,9,3,8,5,3,2,0,0,5,3,6,2,6,2,1,44,25
"6665",9,12,13,14,14,16,8,5,3,12,13,14,9,13,8,5,3,5,3,0,3,0,0,5,3,4,1,49,28
"6666",10,16,13,14,14,20,8,5,3,12,13,14,14,16,8,5,3,4,4,1,4,1,0,4,4,1,1,53,32
"6667",11,17,13,14,14,23,8,5,3,16,13,14,14,20,8,5,3,1,0,0,6,6,3,1,3,1,1,54,35
"6668",12,19,19,14,14,23,8,5,3,17,13,14,14,23,8,5,3,6,6,0,6,0,0,6,0,2,0,62,35
"6669",0,0,0,0,0,0,0,0,0,0,0,0,0,0,0,0,0,0,0,0,0,0,0,0,0,0,0,0,0
"6670",1,1,1,5,1,1,1,1,2,1,1,1,1,1,1,1,1,1,2,4,1,2,0,4,1,3,4,4,1
"6671",2,3,1,5,1,3,1,1,2,1,1,5,1,1,1,1,2,2,0,0,4,3,2,2,2,1,1,6,3
"6672",3,7,1,5,1,3,4,1,2,3,1,5,1,3,1,1,2,4,3,0,3,0,0,4,3,1,2,10,6
"6673",4,11,1,5,1,3,4,2,2,7,1,5,1,3,4,1,2,4,3,1,3,1,0,4,1,1,3,14,7
"6674",5,11,1,5,4,7,4,2,2,11,1,5,1,3,4,2,2,3,0,0,5,4,4,3,4,4,1,17,11
"6675",6,16,1,5,4,7,4,6,2,11,1,5,4,7,4,2,2,5,4,0,4,0,0,5,4,1,3,22,15
"6676",7,16,1,8,4,7,4,8,2,16,1,5,4,7,4,6,2,1,3,2,1,2,0,3,2,3,3,25,17
"6677",8,16,2,8,4,8,4,8,2,16,1,8,4,7,4,8,2,1,0,0,1,1,1,1,1,2,1,26,18
"6678",9,17,2,8,4,8,4,8,3,16,2,8,4,8,4,8,2,1,1,0,1,0,0,1,1,1,4,27,19
"6679",10,17,2,11,4,8,4,10,3,17,2,8,4,8,4,8,3,3,2,2,2,2,0,3,2,3,3,30,21
"6680",11,19,2,11,4,8,4,14,3,17,2,11,4,8,4,10,3,2,0,0,3,3,4,2,4,1,3,32,25
"6681",12,19,2,14,4,8,4,14,3,19,2,11,4,8,4,14,3,3,3,0,3,0,0,3,0,3,0,35,25
"6682",0,0,0,0,0,0,0,0,0,0,0,0,0,0,0,0,0,0,0,0,0,0,0,0,0,0,0,0,0
"6683",1,6,1,1,1,1,2,1,1,1,1,1,1,1,1,1,1,5,1,5,1,5,0,5,1,1,2,5,1
"6684",2,6,6,1,1,1,5,1,1,6,1,1,1,1,2,1,1,5,0,0,3,1,6,5,3,2,2,10,4
"6685",3,6,9,1,7,1,5,2,1,6,6,1,1,1,5,1,1,1,6,0,1,0,0,6,1,4,3,19,5
"6686",4,6,9,1,12,1,5,2,2,6,9,1,7,1,5,2,1,1,5,1,1,1,0,5,1,4,4,24,6
"6687",5,6,10,1,12,1,6,2,2,6,9,1,12,1,5,2,2,1,0,0,1,1,6,1,1,2,2,25,7
"6688",6,12,10,7,16,2,6,2,2,6,10,1,12,1,6,2,2,1,6,0,1,0,0,6,1,1,1,41,8
"6689",7,12,10,12,16,8,9,2,2,12,10,7,16,2,6,2,2,5,6,3,6,3,0,5,6,3,1,46,17
"6690",8,15,10,12,16,8,9,2,4,12,10,12,16,8,9,2,2,3,0,0,1,2,2,3,2,1,4,49,19
"6691",9,15,11,12,16,10,9,2,4,15,10,12,16,8,9,2,4,1,2,0,2,0,0,1,2,2,1,50,21
"6692",10,15,17,13,16,12,9,2,4,15,11,12,16,10,9,2,4,2,6,6,2,6,0,6,2,2,1,57,23
"6693",11,21,17,15,16,22,9,2,4,15,17,13,16,12,9,2,4,6,0,0,6,1,1,6,6,1,1,65,33
"6694",12,21,17,15,17,22,9,2,4,21,17,15,16,22,9,2,4,1,1,0,1,0,0,1,0,4,0,66,33
"6695",0,0,0,0,0,0,0,0,0,0,0,0,0,0,0,0,0,0,0,0,0,0,0,0,0,0,0,0,0
"6696",1,7,6,1,1,1,1,7,2,1,1,1,1,1,1,1,1,6,6,6,6,6,0,6,6,1,3,11,7
"6697",2,7,12,7,3,1,1,11,2,7,6,1,1,1,1,7,2,6,0,0,4,5,3,6,4,2,3,25,11
"6698",3,7,12,12,3,4,1,11,2,7,12,7,3,1,1,11,2,5,3,0,3,0,0,5,3,3,1,30,14
"6699",4,13,12,12,9,4,1,16,2,7,12,12,3,4,1,11,2,6,5,4,5,4,0,6,5,1,3,42,19
"6700",5,13,16,12,9,10,6,16,2,13,12,12,9,4,1,16,2,4,0,0,3,5,6,4,6,2,1,46,30
"6701",6,13,16,12,14,10,9,16,2,13,16,12,9,10,6,16,2,3,5,0,3,0,0,5,3,4,2,51,33
"6702",7,13,16,18,17,13,9,16,2,13,16,12,14,10,9,16,2,3,3,6,3,3,0,6,3,3,1,60,36
"6703",8,16,16,18,17,14,21,16,2,13,16,18,17,13,9,16,2,3,0,0,3,4,6,3,6,1,2,63,49
"6704",9,21,16,18,20,18,21,16,1,16,16,18,17,14,21,16,2,3,4,0,4,0,0,3,4,4,1,71,52
"6705",10,21,16,18,21,18,23,16,1,21,16,18,20,18,21,16,1,1,2,1,2,1,0,1,2,4,2,72,54
"6706",11,21,16,19,21,18,26,16,1,21,16,18,21,18,23,16,1,1,0,0,2,3,4,1,3,3,2,73,57
"6707",12,21,16,23,21,18,26,16,1,21,16,19,21,18,26,16,1,2,4,0,2,0,0,4,0,3,0,77,57
"6708",0,0,0,0,0,0,0,0,0,0,0,0,0,0,0,0,0,0,0,0,0,0,0,0,0,0,0,0,0
"6709",1,1,4,1,7,1,1,2,1,1,1,1,1,1,1,1,1,1,2,6,1,2,0,6,1,4,3,9,1
"6710",2,1,6,1,7,1,4,2,1,1,4,1,7,1,1,2,1,2,0,0,1,1,3,2,3,2,2,11,4
"6711",3,1,6,2,7,2,4,2,1,1,6,1,7,1,4,2,1,1,1,0,1,0,0,1,1,3,1,12,5
"6712",4,1,6,2,12,5,4,8,1,1,6,2,7,2,4,2,1,5,6,6,6,6,0,5,6,4,3,17,14
"6713",5,7,6,5,12,9,10,8,1,1,6,2,12,5,4,8,1,6,0,0,1,4,6,6,6,1,2,26,24
"6714",6,7,6,5,16,9,11,8,1,7,6,5,12,9,10,8,1,1,4,0,1,0,0,4,1,4,2,30,25
"6715",7,7,12,12,16,9,13,8,1,7,6,5,16,9,11,8,1,2,6,2,2,2,0,6,2,3,2,43,27
"6716",8,9,12,12,16,9,13,11,1,7,12,12,16,9,13,8,1,2,0,0,5,3,6,2,3,1,3,45,30
"6717",9,15,14,18,16,14,13,11,1,9,12,12,16,9,13,11,1,5,6,0,5,0,0,6,5,3,1,59,35
"6718",10,15,19,18,16,14,15,11,1,15,14,18,16,14,13,11,1,2,5,3,2,3,0,5,2,2,2,64,37
"6719",11,18,19,18,16,18,15,11,1,15,19,18,16,14,15,11,1,3,0,0,4,6,2,3,4,1,1,67,41
"6720",12,18,25,18,20,18,15,11,1,18,19,18,16,18,15,11,1,6,2,0,2,0,0,6,0,2,0,77,41
"6721",0,0,0,0,0,0,0,0,0,0,0,0,0,0,0,0,0,0,0,0,0,0,0,0,0,0,0,0,0
"6722",1,1,5,1,1,1,3,1,1,1,1,1,1,1,1,1,1,2,3,4,2,3,0,4,2,2,2,4,2
"6723",2,1,5,4,1,1,3,3,1,1,5,1,1,1,3,1,1,3,0,0,1,2,6,3,2,3,3,7,4
"6724",3,10,5,4,7,1,3,4,1,1,5,4,1,1,3,3,1,1,6,0,1,0,0,6,1,4,3,22,5
"6725",4,17,5,4,7,2,3,4,1,10,5,4,7,1,3,4,1,1,6,4,1,4,0,6,1,1,1,29,6
"6726",5,17,5,8,7,2,3,7,1,17,5,4,7,2,3,4,1,4,0,0,1,3,3,4,3,3,3,33,9
"6727",6,17,5,11,7,3,3,7,1,17,5,8,7,2,3,7,1,1,3,0,1,0,0,3,1,3,1,36,10
"6728",7,17,5,11,8,3,3,7,3,17,5,11,7,3,3,7,1,1,2,2,2,2,0,1,2,4,4,37,12
"6729",8,17,7,11,8,3,3,12,3,17,5,11,8,3,3,7,3,2,0,0,4,5,1,2,5,2,3,39,17
"6730",9,17,11,11,8,4,3,12,3,17,7,11,8,3,3,12,3,4,1,0,1,0,0,4,1,2,1,43,18
"6731",10,17,11,11,13,6,3,12,3,17,11,11,8,4,3,12,3,2,5,5,2,5,0,5,2,4,1,48,20
"6732",11,17,16,11,13,11,3,12,3,17,11,11,13,6,3,12,3,5,0,0,5,1,4,5,5,2,1,53,25
"6733",12,17,20,11,13,11,3,12,3,17,16,11,13,11,3,12,3,1,4,0,1,0,0,4,0,2,0,57,25
"6734",0,0,0,0,0,0,0,0,0,0,0,0,0,0,0,0,0,0,0,0,0,0,0,0,0,0,0,0,0
"6735",1,10,1,1,7,5,1,1,1,1,1,1,1,1,1,1,1,4,1,6,4,1,0,6,4,4,1,15,4
"6736",2,11,1,1,7,5,3,1,1,10,1,1,7,5,1,1,1,1,0,0,5,6,2,1,2,1,2,16,6
"6737",3,11,6,7,7,5,8,1,1,11,1,1,7,5,3,1,1,5,6,0,5,0,0,6,5,3,2,27,11
"6738",4,11,11,7,7,5,8,2,1,11,6,7,7,5,8,1,1,5,1,3,1,3,0,5,1,2,3,32,12
"6739",5,11,11,7,10,5,14,2,6,11,11,7,7,5,8,2,1,3,0,0,6,1,6,3,6,4,2,35,23
"6740",6,11,11,13,14,6,14,2,6,11,11,7,10,5,14,2,6,1,6,0,1,0,0,6,1,3,1,45,24
"6741",7,14,11,13,14,6,14,2,7,11,11,13,14,6,14,2,6,3,1,1,1,1,0,3,1,1,4,48,25
"6742",8,15,11,13,14,6,14,5,7,14,11,13,14,6,14,2,7,1,0,0,3,3,1,1,3,1,3,49,28
"6743",9,15,14,13,14,7,14,5,7,15,11,13,14,6,14,5,7,3,1,0,1,0,0,3,1,2,1,52,29
"6744",10,19,14,19,14,9,14,5,7,15,14,13,14,7,14,5,7,6,2,4,2,4,0,6,2,3,1,62,31
"6745",11,25,14,22,14,10,14,1,1,19,14,19,14,9,14,5,7,4,0,0,1,4,2,4,1,1,1,71,22
"6746",12,25,14,26,14,10,14,1,1,25,14,22,14,10,14,1,1,4,2,0,2,0,0,4,0,3,0,75,22
"6747",0,0,0,0,0,0,0,0,0,0,0,0,0,0,0,0,0,0,0,0,0,0,0,0,0,0,0,0,0
"6748",1,1,6,7,1,1,1,1,6,1,1,1,1,1,1,1,1,5,6,5,5,5,0,6,5,3,4,11,5
"6749",2,1,6,12,1,6,1,1,6,1,6,7,1,1,1,1,6,5,0,0,5,6,3,5,5,3,1,16,10
"6750",3,7,8,12,1,6,4,1,6,1,6,12,1,6,1,1,6,6,3,0,3,0,0,6,3,1,2,24,13
"6751",4,7,8,12,4,6,4,1,10,7,8,12,1,6,4,1,6,3,3,4,3,4,0,3,4,4,4,27,17
"6752",5,10,8,12,4,11,4,1,10,7,8,12,4,6,4,1,10,3,0,0,6,3,5,3,5,1,1,30,22
"6753",6,10,10,12,10,11,7,1,10,10,8,12,4,11,4,1,10,6,3,0,3,0,0,6,3,4,2,38,25
"6754",7,10,14,12,10,11,7,1,13,10,10,12,10,11,7,1,10,4,3,5,3,5,0,4,3,2,4,42,28
"6755",8,15,14,12,10,11,11,1,13,10,14,12,10,11,7,1,13,5,0,0,4,1,6,5,4,1,2,47,32
"6756",9,20,14,18,10,11,11,1,14,15,14,12,10,11,11,1,13,1,6,0,1,0,0,6,1,3,4,58,33
"6757",10,1,1,18,10,14,11,8,14,20,14,18,10,11,11,1,14,5,2,6,5,2,0,6,2,2,3,26,43
"6758",11,1,1,23,10,25,17,8,14,1,1,18,10,14,11,8,14,5,0,0,6,6,3,5,6,3,2,31,60
"6759",12,1,2,29,10,25,17,8,14,1,1,23,10,25,17,8,14,6,3,0,3,0,0,6,0,3,0,38,60
"6760",0,0,0,0,0,0,0,0,0,0,0,0,0,0,0,0,0,0,0,0,0,0,0,0,0,0,0,0,0
"6761",1,3,1,1,7,1,1,1,4,1,1,1,1,1,1,1,1,3,6,3,3,3,0,6,3,4,4,8,3
"6762",2,3,1,4,7,1,1,1,8,3,1,1,7,1,1,1,4,3,0,0,4,1,4,3,4,3,4,11,7
"6763",3,7,1,4,7,1,1,1,9,3,1,4,7,1,1,1,8,1,4,0,1,0,0,4,1,1,4,15,8
"6764",4,7,1,4,12,1,6,1,9,7,1,4,7,1,1,1,9,2,5,5,2,5,0,5,5,4,2,20,13
"6765",5,7,3,4,12,1,6,1,13,7,1,4,12,1,6,1,9,2,0,0,5,4,2,2,4,2,4,22,17
"6766",6,7,8,4,12,1,6,3,13,7,3,4,12,1,6,1,13,5,2,0,2,0,0,5,2,2,3,27,19
"6767",7,10,8,4,12,1,6,4,13,7,8,4,12,1,6,3,13,3,3,1,3,1,0,3,1,1,3,30,20
"6768",8,10,8,7,12,1,6,4,18,10,8,4,12,1,6,4,13,3,0,0,3,5,2,3,5,3,4,33,25
"6769",9,13,8,7,12,1,6,6,18,10,8,7,12,1,6,4,18,3,2,0,2,0,0,3,2,1,3,36,27
"6770",10,13,8,11,12,1,6,11,18,13,8,7,12,1,6,6,18,4,1,5,1,5,0,4,5,3,3,40,32
"6771",11,13,9,11,12,1,10,11,18,13,8,11,12,1,6,11,18,1,0,0,4,6,2,1,4,2,2,41,36
"6772",12,13,9,12,18,1,10,11,18,13,9,11,12,1,10,11,18,6,2,0,2,0,0,6,0,4,0,48,36
"6773",0,0,0,0,0,0,0,0,0,0,0,0,0,0,0,0,0,0,0,0,0,0,0,0,0,0,0,0,0
"6774",1,1,2,1,7,7,1,1,5,1,1,1,1,1,1,1,1,6,2,6,2,6,0,6,6,4,1,7,10
"6775",2,3,2,1,7,10,1,7,5,1,2,1,7,7,1,1,5,2,0,0,5,6,1,2,6,1,3,9,19
"6776",3,3,7,1,7,10,2,7,5,3,2,1,7,10,1,7,5,5,1,0,1,0,0,5,1,2,2,14,20
"6777",4,11,7,1,7,10,4,7,5,3,7,1,7,10,2,7,5,1,6,2,1,2,0,6,2,1,2,22,22
"6778",5,11,8,1,7,10,4,10,5,11,7,1,7,10,4,7,5,1,0,0,3,1,1,1,3,2,3,23,25
"6779",6,11,8,1,8,10,4,11,5,11,8,1,7,10,4,10,5,1,1,0,1,0,0,1,1,4,3,24,26
"6780",7,11,8,1,13,10,4,11,7,11,8,1,8,10,4,11,5,5,2,2,2,2,0,5,2,4,4,29,28
"6781",8,11,8,3,13,10,11,11,7,11,8,1,13,10,4,11,7,2,0,0,6,2,2,2,6,3,2,31,35
"6782",9,11,10,3,13,10,11,11,9,11,8,3,13,10,11,11,7,2,2,0,2,0,0,2,2,2,4,33,37
"6783",10,11,10,7,13,17,11,11,9,11,10,3,13,10,11,11,9,4,3,6,3,6,0,4,6,3,1,37,44
"6784",11,14,10,7,13,23,13,11,9,11,10,7,13,17,11,11,9,3,0,0,2,6,2,3,6,1,1,40,52
"6785",12,14,10,9,13,23,13,11,9,14,10,7,13,23,13,11,9,2,2,0,2,0,0,2,0,3,0,42,52
"6786",0,0,0,0,0,0,0,0,0,0,0,0,0,0,0,0,0,0,0,0,0,0,0,0,0,0,0,0,0
"6787",1,1,1,5,1,1,1,1,4,1,1,1,1,1,1,1,1,3,1,4,3,1,0,4,3,3,4,4,3
"6788",2,1,1,5,2,1,1,4,4,1,1,5,1,1,1,1,4,1,0,0,3,5,5,1,3,4,3,5,6
"6789",3,1,6,5,2,6,1,4,4,1,1,5,2,1,1,4,4,5,5,0,5,0,0,5,5,2,1,10,11
"6790",4,1,6,9,2,6,1,6,4,1,6,5,2,6,1,4,4,4,2,2,2,2,0,4,2,3,3,14,13
"6791",5,3,6,9,2,10,1,6,4,1,6,9,2,6,1,6,4,2,0,0,4,4,1,2,4,1,1,16,17
"6792",6,3,6,13,2,10,2,6,4,3,6,9,2,10,1,6,4,4,1,0,1,0,0,4,1,3,2,20,18
"6793",7,3,6,18,2,10,2,6,7,3,6,13,2,10,2,6,4,2,3,5,2,3,0,5,3,3,4,25,21
"6794",8,3,8,18,2,10,2,10,7,3,6,18,2,10,2,6,7,2,0,0,1,4,4,2,4,2,3,27,25
"6795",9,3,8,18,6,10,2,11,7,3,8,18,2,10,2,10,7,1,4,0,1,0,0,4,1,4,3,31,26
"6796",10,9,12,18,12,15,2,11,7,3,8,18,6,10,2,11,7,5,6,1,5,1,0,6,5,4,1,47,31
"6797",11,10,12,18,12,15,7,11,7,9,12,18,12,15,2,11,7,1,0,0,5,1,6,1,5,1,2,48,36
"6798",12,10,13,18,12,15,7,11,7,10,12,18,12,15,7,11,7,1,6,0,6,0,0,1,0,2,0,49,36
"6799",0,0,0,0,0,0,0,0,0,0,0,0,0,0,0,0,0,0,0,0,0,0,0,0,0,0,0,0,0
"6800",1,1,2,1,7,1,1,7,7,1,1,1,1,1,1,1,1,4,6,6,4,6,0,6,6,4,4,7,12
"6801",2,5,2,1,7,1,1,7,10,1,2,1,7,1,1,7,7,4,0,0,3,4,5,4,3,1,4,11,15
"6802",3,10,2,1,7,1,1,7,14,5,2,1,7,1,1,7,10,4,5,0,4,0,0,5,4,1,4,16,19
"6803",4,14,2,1,7,1,4,7,14,10,2,1,7,1,1,7,14,4,3,2,3,2,0,4,3,1,2,20,22
"6804",5,14,2,3,7,1,4,7,16,14,2,1,7,1,4,7,14,2,0,0,4,1,2,2,2,3,4,22,24
"6805",6,18,2,3,7,2,4,7,16,14,2,3,7,1,4,7,16,4,1,0,1,0,0,4,1,1,1,26,25
"6806",7,18,10,3,7,2,6,7,16,18,2,3,7,2,4,7,16,6,2,1,2,1,0,6,2,2,2,34,27
"6807",8,19,10,3,7,2,6,7,20,18,10,3,7,2,6,7,16,1,0,0,2,5,4,1,4,1,4,35,31
"6808",9,24,10,3,8,2,1,7,22,19,10,3,7,2,6,7,20,2,5,0,2,0,0,5,2,1,4,41,28
"6809",10,1,14,3,8,2,6,9,22,24,10,3,8,2,1,7,22,4,3,5,3,5,0,4,5,2,2,22,35
"6810",11,5,14,3,8,2,12,13,1,1,14,3,8,2,6,9,22,3,0,0,6,1,6,3,6,1,2,26,24
"6811",12,5,20,9,10,1,12,13,1,5,14,3,8,2,12,13,1,1,6,0,1,0,0,6,0,2,0,40,23
"6812",0,0,0,0,0,0,0,0,0,0,0,0,0,0,0,0,0,0,0,0,0,0,0,0,0,0,0,0,0
"6813",1,1,7,3,1,6,1,1,1,1,1,1,1,1,1,1,1,2,5,6,2,5,0,6,5,2,1,8,5
"6814",2,3,7,3,1,10,1,1,1,1,7,3,1,6,1,1,1,2,0,0,1,4,4,2,4,1,1,10,9
"6815",3,3,7,7,1,11,1,1,1,3,7,3,1,10,1,1,1,1,4,0,1,0,0,4,1,3,1,14,10
"6816",4,3,7,7,6,14,1,1,1,3,7,7,1,11,1,1,1,3,5,4,3,4,0,5,3,4,1,19,13
"6817",5,3,11,7,6,14,7,5,1,3,7,7,6,14,1,1,1,4,0,0,3,6,6,4,6,2,2,23,23
"6818",6,13,11,7,6,14,7,5,4,3,11,7,6,14,7,5,1,3,6,0,3,0,0,6,3,1,4,33,26
"6819",7,13,17,7,12,14,7,7,4,13,11,7,6,14,7,5,4,2,6,2,2,2,0,6,2,2,3,45,28
"6820",8,15,17,7,12,18,7,7,4,13,17,7,12,14,7,7,4,2,0,0,4,1,2,2,4,1,1,47,32
"6821",9,15,17,9,12,19,7,7,4,15,17,7,12,18,7,7,4,1,2,0,1,0,0,2,1,3,1,49,33
"6822",10,15,17,16,12,23,7,7,4,15,17,9,12,19,7,7,4,4,6,3,4,3,0,6,4,3,1,56,37
"6823",11,18,1,16,12,39,11,7,4,15,17,16,12,23,7,7,4,3,0,0,5,1,6,3,6,1,1,43,95
"6824",12,23,1,16,12,39,11,7,4,18,1,16,12,39,11,7,4,5,1,0,1,0,0,5,0,1,0,48,95
"6825",0,0,0,0,0,0,0,0,0,0,0,0,0,0,0,0,0,0,0,0,0,0,0,0,0,0,0,0,0
"6826",1,7,1,1,4,1,1,3,1,1,1,1,1,1,1,1,1,6,2,5,2,5,0,6,2,1,3,9,2
"6827",2,12,1,1,4,3,1,3,1,7,1,1,4,1,1,3,1,5,0,0,2,1,4,5,2,1,1,14,4
"6828",3,12,5,1,4,3,1,3,2,12,1,1,4,3,1,3,1,1,4,0,1,0,0,4,1,2,4,18,5
"6829",4,12,5,6,10,3,1,3,7,12,5,1,4,3,1,3,2,6,1,5,1,5,0,6,5,4,4,29,10
"6830",5,13,5,6,10,3,1,3,10,12,5,6,10,3,1,3,7,1,0,0,3,5,4,1,3,1,4,30,13
"6831",6,13,5,11,10,3,1,3,14,13,5,6,10,3,1,3,10,5,4,0,4,0,0,5,4,3,4,35,17
"6832",7,13,11,11,15,3,1,3,16,13,5,11,10,3,1,3,14,2,5,6,2,5,0,6,2,2,4,46,19
"6833",8,13,11,16,15,3,1,3,21,13,11,11,15,3,1,3,16,5,0,0,5,4,5,5,5,3,4,51,24
"6834",9,13,15,16,15,3,6,3,21,13,11,16,15,3,1,3,21,4,5,0,5,0,0,4,5,2,2,55,29
"6835",10,13,15,18,15,3,6,3,23,13,15,16,15,3,6,3,21,2,1,2,1,2,0,2,2,3,4,57,31
"6836",11,14,15,18,15,5,6,3,23,13,15,18,15,3,6,3,23,1,0,0,2,1,1,1,2,1,1,58,33
"6837",12,14,15,19,15,5,6,3,23,14,15,18,15,5,6,3,23,1,1,0,1,0,0,1,0,3,0,59,33
"6838",0,0,0,0,0,0,0,0,0,0,0,0,0,0,0,0,0,0,0,0,0,0,0,0,0,0,0,0,0
"6839",1,4,1,1,1,1,4,1,1,1,1,1,1,1,1,1,1,3,5,3,5,3,0,3,3,1,2,3,3
"6840",2,4,6,1,1,1,4,4,1,4,1,1,1,1,4,1,1,5,0,0,3,3,1,5,3,2,3,8,6
"6841",3,4,9,1,1,2,4,4,1,4,6,1,1,1,4,4,1,3,1,0,1,0,0,3,1,2,1,11,7
"6842",4,10,9,3,7,2,13,4,1,4,9,1,1,2,4,4,1,4,6,6,4,6,0,6,6,1,2,25,16
"6843",5,10,13,3,7,4,13,4,1,10,9,3,7,2,13,4,1,4,0,0,2,4,2,4,2,2,1,29,18
"6844",6,14,13,3,7,4,13,4,3,10,13,3,7,4,13,4,1,4,2,0,2,0,0,4,2,1,4,33,20
"6845",7,14,13,3,12,4,25,8,3,14,13,3,7,4,13,4,3,5,6,5,6,5,0,5,6,4,2,38,36
"6846",8,1,18,3,1,4,34,8,3,14,13,3,12,4,25,8,3,5,0,0,2,2,5,5,5,2,2,19,45
"6847",9,3,18,3,1,6,34,8,3,1,18,3,1,4,34,8,3,2,2,0,2,0,0,2,2,1,1,21,47
"6848",10,3,20,3,1,7,34,8,3,3,18,3,1,6,34,8,3,1,2,1,1,1,0,2,1,2,1,23,48
"6849",11,3,20,3,2,19,34,8,3,3,20,3,1,7,34,8,3,1,0,0,6,3,3,1,6,4,1,24,60
"6850",12,3,20,3,5,19,34,8,3,3,20,3,2,19,34,8,3,3,3,0,3,0,0,3,0,4,0,27,60
"6851",0,0,0,0,0,0,0,0,0,0,0,0,0,0,0,0,0,0,0,0,0,0,0,0,0,0,0,0,0
"6852",1,1,6,1,1,1,1,7,2,1,1,1,1,1,1,1,1,5,5,6,5,6,0,5,6,2,3,5,7
"6853",2,1,6,6,1,3,1,7,2,1,6,1,1,1,1,7,2,5,0,0,4,3,2,5,2,3,1,10,9
"6854",3,1,6,9,1,3,1,11,2,1,6,6,1,3,1,7,2,4,3,0,4,0,0,3,4,3,3,13,13
"6855",4,5,12,15,1,3,4,11,2,1,6,9,1,3,1,11,2,3,6,3,3,3,0,6,3,3,2,29,16
"6856",5,5,12,15,4,3,5,11,2,5,12,15,1,3,4,11,2,3,0,0,3,1,5,3,1,4,2,32,17
"6857",6,5,12,15,9,3,5,11,5,5,12,15,4,3,5,11,2,3,5,0,3,0,0,5,3,4,4,37,20
"6858",7,10,12,15,9,3,14,11,5,5,12,15,9,3,5,11,5,6,6,5,6,6,0,5,6,1,2,42,29
"6859",8,16,15,15,9,3,17,11,5,10,12,15,9,3,14,11,5,6,0,0,3,5,2,6,3,1,2,51,32
"6860",9,16,15,15,14,3,17,13,5,16,15,15,9,3,17,11,5,5,2,0,2,0,0,5,2,4,3,56,34
"6861",10,16,17,15,14,3,17,18,5,16,15,15,14,3,17,13,5,2,3,5,3,5,0,2,5,2,3,58,39
"6862",11,16,20,15,14,3,21,18,5,16,17,15,14,3,17,18,5,3,0,0,2,6,4,3,4,2,2,61,43
"6863",12,16,22,15,14,3,21,18,5,16,20,15,14,3,21,18,5,2,6,0,6,0,0,2,0,2,0,63,43
"6864",0,0,0,0,0,0,0,0,0,0,0,0,0,0,0,0,0,0,0,0,0,0,0,0,0,0,0,0,0
"6865",1,5,1,1,1,1,1,1,3,1,1,1,1,1,1,1,1,4,2,1,2,1,0,4,2,1,4,4,2
"6866",2,5,1,2,1,1,1,1,6,5,1,1,1,1,1,1,3,1,0,0,3,2,6,1,3,3,4,5,5
"6867",3,5,1,9,1,1,1,1,8,5,1,2,1,1,1,1,6,2,6,0,2,0,0,6,2,3,4,12,7
"6868",4,10,1,9,7,5,1,1,8,5,1,9,1,1,1,1,8,4,6,4,4,4,0,6,4,4,1,23,11
"6869",5,10,1,9,11,11,1,1,11,10,1,9,7,5,1,1,8,4,0,0,6,4,5,4,6,4,1,27,20
"6870",6,10,6,9,11,11,1,1,15,10,1,9,11,11,1,1,11,4,5,0,4,0,0,5,4,2,4,32,24
"6871",7,16,11,9,11,14,1,1,15,10,6,9,11,11,1,1,15,4,6,3,4,3,0,6,3,1,1,43,27
"6872",8,16,11,9,15,14,2,1,15,16,11,9,11,14,1,1,15,4,0,0,2,1,3,4,1,4,2,47,28
"6873",9,16,14,9,15,16,2,1,15,16,11,9,15,14,2,1,15,2,3,0,2,0,0,3,2,2,1,50,30
"6874",10,19,14,1,15,20,2,3,15,16,14,9,15,16,2,1,15,6,2,2,2,2,0,6,2,3,3,45,36
"6875",11,1,14,1,15,23,4,1,15,19,14,1,15,20,2,3,15,2,0,0,5,2,1,2,2,1,2,27,39
"6876",12,1,15,1,15,23,4,1,15,1,14,1,15,23,4,1,15,5,1,0,5,0,0,1,0,2,0,28,39
"6877",0,0,0,0,0,0,0,0,0,0,0,0,0,0,0,0,0,0,0,0,0,0,0,0,0,0,0,0,0
"6878",1,6,1,1,7,1,5,1,1,1,1,1,1,1,1,1,1,4,6,4,4,4,0,6,4,4,2,11,4
"6879",2,6,1,5,7,1,5,1,4,6,1,1,7,1,5,1,1,4,0,0,3,2,2,4,3,3,4,15,7
"6880",3,6,1,5,9,3,5,1,4,6,1,5,7,1,5,1,4,2,2,0,2,0,0,2,2,4,1,17,9
"6881",4,11,1,5,9,3,5,3,4,6,1,5,9,3,5,1,4,5,1,2,1,2,0,5,2,1,3,22,11
"6882",5,12,1,5,9,3,5,5,4,11,1,5,9,3,5,3,4,1,0,0,2,2,1,1,2,1,3,23,13
"6883",6,14,1,5,9,3,5,5,5,12,1,5,9,3,5,5,4,2,1,0,1,0,0,2,1,1,4,25,14
"6884",7,16,1,5,9,3,5,5,6,14,1,5,9,3,5,5,5,2,1,1,1,1,0,2,1,1,4,27,15
"6885",8,16,1,5,10,3,5,5,10,16,1,5,9,3,5,5,6,1,0,0,4,1,3,1,4,4,4,28,19
"6886",9,16,4,5,10,3,5,6,10,16,1,5,10,3,5,5,10,1,3,0,1,0,0,3,1,2,3,31,20
"6887",10,16,9,5,10,3,5,10,10,16,4,5,10,3,5,6,10,1,4,5,1,4,0,5,4,2,3,36,24
"6888",11,17,9,5,10,14,5,10,10,16,9,5,10,3,5,10,10,1,0,0,6,6,3,1,6,1,1,37,35
"6889",12,17,15,11,14,14,5,10,10,17,9,5,10,14,5,10,10,6,3,0,3,0,0,6,0,3,0,53,35
"6890",0,0,0,0,0,0,0,0,0,0,0,0,0,0,0,0,0,0,0,0,0,0,0,0,0,0,0,0,0
"6891",1,1,1,1,6,1,1,1,2,1,1,1,1,1,1,1,1,2,5,1,2,1,0,5,1,4,4,5,1
"6892",2,3,1,1,6,1,1,4,2,1,1,1,6,1,1,1,2,2,0,0,4,3,6,2,3,1,3,7,4
"6893",3,3,1,1,13,5,1,4,2,3,1,1,6,1,1,4,2,4,6,0,4,0,0,6,4,4,1,14,8
"6894",4,3,1,6,13,10,1,4,2,3,1,1,13,5,1,4,2,5,2,5,2,5,0,5,5,3,1,19,13
"6895",5,3,3,6,13,10,1,6,2,3,1,6,13,10,1,4,2,2,0,0,2,4,1,2,2,2,3,21,15
"6896",6,7,3,6,13,10,2,6,2,3,3,6,13,10,1,6,2,4,1,0,1,0,0,4,1,1,2,25,16
"6897",7,11,3,6,13,10,7,6,2,7,3,6,13,10,2,6,2,5,4,2,5,2,0,4,5,1,2,29,21
"6898",8,11,5,6,13,10,7,6,7,11,3,6,13,10,7,6,2,2,0,0,5,3,1,2,5,2,4,31,26
"6899",9,14,5,6,13,11,7,6,7,11,5,6,13,10,7,6,7,3,1,0,1,0,0,3,1,1,1,34,27
"6900",10,14,9,6,13,12,7,6,7,14,5,6,13,11,7,6,7,4,1,1,1,1,0,4,1,2,1,38,28
"6901",11,15,9,6,13,16,7,6,7,14,9,6,13,12,7,6,7,1,0,0,4,2,5,1,4,1,1,39,32
"6902",12,15,14,6,13,16,7,6,7,15,9,6,13,16,7,6,7,2,5,0,2,0,0,5,0,2,0,44,32
"6903",0,0,0,0,0,0,0,0,0,0,0,0,0,0,0,0,0,0,0,0,0,0,0,0,0,0,0,0,0
"6904",1,1,5,7,1,3,1,1,1,1,1,1,1,1,1,1,1,6,2,2,2,2,0,6,2,3,1,10,2
"6905",2,1,7,7,1,3,1,1,4,1,5,7,1,3,1,1,1,2,0,0,3,3,1,2,3,2,4,12,5
"6906",3,1,7,7,4,3,2,1,4,1,7,7,1,3,1,1,4,3,1,0,1,0,0,3,1,4,2,15,6
"6907",4,6,7,7,4,3,2,5,4,1,7,7,4,3,2,1,4,4,5,2,4,2,0,5,4,1,3,20,10
"6908",5,8,7,7,4,6,2,5,4,6,7,7,4,3,2,5,4,2,0,0,3,3,5,2,3,1,1,22,13
"6909",6,8,7,7,9,6,2,5,7,8,7,7,4,6,2,5,4,3,5,0,3,0,0,5,3,4,4,27,16
"6910",7,8,7,12,9,6,2,6,7,8,7,7,9,6,2,5,7,1,1,5,1,1,0,5,1,3,3,32,17
"6911",8,8,7,13,9,11,2,6,7,8,7,12,9,6,2,6,7,1,0,0,5,5,6,1,5,3,1,33,22
"6912",9,14,7,17,9,11,2,11,7,8,7,13,9,11,2,6,7,5,6,0,5,0,0,6,5,1,3,43,27
"6913",10,14,16,17,9,13,2,11,7,14,7,17,9,11,2,11,7,2,4,6,2,4,0,6,2,2,1,52,29
"6914",11,18,16,17,9,13,2,13,7,14,16,17,9,13,2,11,7,4,0,0,4,2,6,4,2,1,3,56,31
"6915",12,18,20,17,14,13,1,13,7,18,16,17,9,13,2,13,7,4,6,0,6,0,0,4,0,2,0,65,30
"6916",0,0,0,0,0,0,0,0,0,0,0,0,0,0,0,0,0,0,0,0,0,0,0,0,0,0,0,0,0
"6917",1,1,1,1,6,6,1,1,1,1,1,1,1,1,1,1,1,1,5,5,1,5,0,5,5,4,1,5,5
"6918",2,2,1,1,6,7,1,1,1,1,1,1,6,6,1,1,1,1,0,0,3,1,5,1,1,1,1,6,6
"6919",3,2,6,1,6,7,1,4,1,2,1,1,6,7,1,1,1,3,5,0,3,0,0,5,3,2,3,11,9
"6920",4,2,11,1,6,9,1,4,1,2,6,1,6,7,1,4,1,2,5,5,2,5,0,5,2,2,1,16,11
"6921",5,7,11,1,6,15,6,4,1,2,11,1,6,9,1,4,1,5,0,0,6,5,6,5,6,1,1,21,22
"6922",6,13,11,7,6,15,6,4,6,7,11,1,6,15,6,4,1,5,6,0,5,0,0,6,5,1,4,33,27
"6923",7,13,11,12,6,15,9,4,6,13,11,7,6,15,6,4,6,2,3,5,2,3,0,5,3,3,2,38,30
"6924",8,13,11,12,8,17,9,4,6,13,11,12,6,15,9,4,6,2,0,0,4,2,5,2,2,4,1,40,32
"6925",9,13,11,12,13,21,9,4,6,13,11,12,8,17,9,4,6,4,5,0,4,0,0,5,4,4,1,45,36
"6926",10,13,11,12,17,24,9,4,6,13,11,12,13,21,9,4,6,4,4,3,4,3,0,4,3,4,1,49,39
"6927",11,17,11,1,17,34,9,4,6,13,11,12,17,24,9,4,6,4,0,0,4,4,6,4,6,1,1,42,49
"6928",12,17,11,1,21,34,9,4,6,17,11,1,17,34,9,4,6,4,4,0,4,0,0,4,0,4,0,46,49
"6929",0,0,0,0,0,0,0,0,0,0,0,0,0,0,0,0,0,0,0,0,0,0,0,0,0,0,0,0,0
"6930",1,1,1,1,2,1,1,1,3,1,1,1,1,1,1,1,1,1,2,3,2,3,0,1,2,4,4,1,2
"6931",2,1,1,1,5,1,1,5,3,1,1,1,2,1,1,1,3,3,0,0,2,4,4,3,4,4,3,4,6
"6932",3,1,1,1,9,3,1,5,3,1,1,1,5,1,1,5,3,2,4,0,2,0,0,4,2,4,1,8,8
"6933",4,5,1,1,9,3,1,6,3,1,1,1,9,3,1,5,3,4,1,1,1,1,0,4,1,1,3,12,9
"6934",5,6,1,1,9,6,1,6,3,5,1,1,9,3,1,6,3,1,0,0,3,2,1,1,3,1,1,13,12
"6935",6,8,1,1,9,6,2,6,3,6,1,1,9,6,1,6,3,2,1,0,1,0,0,2,1,1,2,15,13
"6936",7,10,1,1,9,6,6,6,3,8,1,1,9,6,2,6,3,4,2,4,4,4,0,2,4,1,2,17,17
"6937",8,10,1,5,9,6,12,6,7,10,1,1,9,6,6,6,3,4,0,0,6,3,1,4,6,3,2,21,27
"6938",9,10,1,8,9,6,13,6,7,10,1,5,9,6,12,6,7,3,1,0,1,0,0,3,1,3,2,24,28
"6939",10,10,1,12,9,9,13,6,7,10,1,8,9,6,13,6,7,4,3,4,3,4,0,4,3,3,1,28,31
"6940",11,14,1,12,9,9,14,6,7,10,1,12,9,9,13,6,7,4,0,0,6,1,6,4,1,1,2,32,32
"6941",12,14,1,18,11,9,14,6,7,14,1,12,9,9,14,6,7,6,6,0,6,0,0,6,0,3,0,40,32
"6942",0,0,0,0,0,0,0,0,0,0,0,0,0,0,0,0,0,0,0,0,0,0,0,0,0,0,0,0,0
"6943",1,7,4,1,1,1,1,6,1,1,1,1,1,1,1,1,1,5,6,5,5,5,0,6,5,1,3,9,5
"6944",2,7,4,6,1,2,1,6,1,7,4,1,1,1,1,6,1,5,0,0,1,2,1,5,1,3,1,14,6
"6945",3,7,4,8,1,3,1,6,1,7,4,6,1,2,1,6,1,2,1,0,1,0,0,2,1,3,1,16,7
"6946",4,13,5,8,1,3,3,6,1,7,4,8,1,3,1,6,1,2,6,2,2,2,0,6,2,1,2,23,9
"6947",5,13,5,8,3,3,3,9,1,13,5,8,1,3,3,6,1,2,0,0,4,2,3,2,3,4,3,25,12
"6948",6,13,9,8,3,5,3,9,1,13,5,8,3,3,3,9,1,4,2,0,2,0,0,4,2,2,1,29,14
"6949",7,13,9,8,7,5,3,13,1,13,9,8,3,5,3,9,1,4,4,1,4,1,0,4,4,4,3,33,18
"6950",8,13,9,8,8,5,3,13,8,13,9,8,7,5,3,13,1,1,0,0,6,4,5,1,6,4,4,34,25
"6951",9,13,9,8,13,9,3,13,8,13,9,8,8,5,3,13,8,4,5,0,4,0,0,5,4,4,1,39,29
"6952",10,14,9,14,13,9,3,15,8,13,9,8,13,9,3,13,8,6,2,2,2,2,0,6,2,3,3,46,31
"6953",11,16,9,14,13,9,4,15,8,14,9,14,13,9,3,15,8,2,0,0,1,6,5,2,1,1,2,48,32
"6954",12,16,15,14,16,9,4,15,8,16,9,14,13,9,4,15,8,6,5,0,5,0,0,6,0,2,0,57,32
"6955",0,0,0,0,0,0,0,0,0,0,0,0,0,0,0,0,0,0,0,0,0,0,0,0,0,0,0,0,0
"6956",1,2,7,1,1,6,1,1,1,1,1,1,1,1,1,1,1,5,5,6,5,5,0,6,5,2,1,7,5
"6957",2,2,7,6,1,6,1,1,2,2,7,1,1,6,1,1,1,5,0,0,1,2,5,5,1,3,4,12,6
"6958",3,7,7,6,1,8,1,1,2,2,7,6,1,6,1,1,2,2,5,0,2,0,0,5,2,1,1,17,8
"6959",4,7,7,7,7,8,1,3,2,7,7,6,1,8,1,1,2,6,2,1,2,1,0,6,2,4,3,24,10
"6960",5,7,8,7,7,8,5,3,2,7,7,7,7,8,1,3,2,1,0,0,4,1,6,1,4,2,2,25,14
"6961",6,10,14,13,7,8,5,4,2,7,8,7,7,8,5,3,2,1,6,0,1,0,0,6,1,2,3,40,15
"6962",7,10,14,13,12,8,5,4,5,10,14,13,7,8,5,4,2,5,1,3,1,3,0,5,3,4,4,45,18
"6963",8,11,14,13,12,11,5,4,5,10,14,13,12,8,5,4,5,1,0,0,3,4,5,1,3,1,1,46,21
"6964",9,15,14,13,12,16,5,4,5,11,14,13,12,11,5,4,5,4,5,0,5,0,0,4,5,1,1,50,26
"6965",10,17,14,13,12,16,9,4,5,15,14,13,12,16,5,4,5,2,4,3,4,3,0,2,4,1,2,52,30
"6966",11,20,14,13,12,23,9,4,5,17,14,13,12,16,9,4,5,3,0,0,3,6,5,3,6,1,1,55,37
"6967",12,20,14,13,15,23,9,4,5,20,14,13,12,23,9,4,5,3,5,0,5,0,0,3,0,4,0,58,37
"6968",0,0,0,0,0,0,0,0,0,0,0,0,0,0,0,0,0,0,0,0,0,0,0,0,0,0,0,0,0
"6969",1,1,4,1,1,4,1,1,1,1,1,1,1,1,1,1,1,3,4,3,4,3,0,3,3,2,1,3,3
"6970",2,5,4,1,1,7,1,1,1,1,4,1,1,4,1,1,1,4,0,0,6,4,3,4,3,1,1,7,6
"6971",3,5,10,1,7,7,5,1,1,5,4,1,1,7,1,1,1,6,4,0,4,0,0,6,4,2,2,19,10
"6972",4,5,10,1,12,7,5,1,2,5,10,1,7,7,5,1,1,2,1,5,2,1,0,5,1,4,4,24,11
"6973",5,7,10,1,12,7,5,1,4,5,10,1,12,7,5,1,2,2,0,0,2,3,4,2,2,1,4,26,13
"6974",6,7,10,4,12,11,5,1,4,7,10,1,12,7,5,1,4,3,4,0,4,0,0,3,4,3,1,29,17
"6975",7,7,10,9,12,13,5,1,4,7,10,4,12,11,5,1,4,2,5,1,2,1,0,5,2,3,1,34,19
"6976",8,8,10,9,12,13,8,1,4,7,10,9,12,13,5,1,4,1,0,0,1,3,6,1,3,1,2,35,22
"6977",9,14,12,9,12,13,9,1,4,8,10,9,12,13,8,1,4,1,6,0,1,0,0,6,1,1,2,43,23
"6978",10,14,12,14,12,15,9,1,4,14,12,9,12,13,9,1,4,5,2,5,2,5,0,5,2,3,1,48,25
"6979",11,19,12,14,12,15,9,2,4,14,12,14,12,15,9,1,4,5,0,0,5,4,1,5,1,1,3,53,26
"6980",12,24,12,14,12,15,9,2,4,19,12,14,12,15,9,2,4,5,4,0,4,0,0,5,0,1,0,58,26
"6981",0,0,0,0,0,0,0,0,0,0,0,0,0,0,0,0,0,0,0,0,0,0,0,0,0,0,0,0,0
"6982",1,3,1,1,1,4,1,1,1,1,1,1,1,1,1,1,1,1,2,3,1,3,0,2,3,1,1,2,3
"6983",2,3,2,1,1,4,1,1,6,3,1,1,1,4,1,1,1,1,0,0,5,3,2,1,5,2,4,3,8
"6984",3,6,2,1,1,4,1,3,6,3,2,1,1,4,1,1,6,3,2,0,2,0,0,3,2,1,3,6,10
"6985",4,6,2,1,5,4,5,9,6,6,2,1,1,4,1,3,6,6,1,4,6,1,0,4,6,4,3,10,20
"6986",5,6,3,1,5,15,5,9,6,6,2,1,5,4,5,9,6,1,0,0,6,5,3,1,6,2,1,11,31
"6987",6,6,3,6,5,15,5,12,6,6,3,1,5,15,5,9,6,5,3,0,3,0,0,5,3,3,3,16,34
"6988",7,12,3,9,5,15,13,12,6,6,3,6,5,15,5,12,6,6,6,1,6,1,0,6,6,1,2,25,42
"6989",8,13,3,9,5,19,13,12,6,12,3,9,5,15,13,12,6,1,0,0,4,3,6,1,4,1,1,26,46
"6990",9,1,3,1,8,36,13,12,6,13,3,9,5,19,13,12,6,3,6,0,6,0,0,3,6,4,1,9,63
"6991",10,3,3,1,8,38,13,12,6,1,3,1,8,36,13,12,6,2,2,1,2,1,0,2,2,1,1,11,65
"6992",11,4,3,1,8,39,24,12,6,3,3,1,8,38,13,12,6,1,0,0,1,4,6,1,1,1,1,12,115
"6993",12,8,3,1,8,39,24,12,6,4,3,1,8,39,24,12,6,4,6,0,6,0,0,4,0,1,0,16,115
"6994",0,0,0,0,0,0,0,0,0,0,0,0,0,0,0,0,0,0,0,0,0,0,0,0,0,0,0,0,0
"6995",1,5,1,1,1,3,1,1,1,1,1,1,1,1,1,1,1,3,4,2,3,2,0,4,2,1,1,4,2
"6996",2,5,4,1,1,6,1,1,1,5,1,1,1,3,1,1,1,3,0,0,3,5,3,3,3,2,1,7,5
"6997",3,5,9,1,1,6,4,1,1,5,4,1,1,6,1,1,1,5,3,0,3,0,0,5,3,2,2,12,8
"6998",4,7,9,7,1,11,4,1,1,5,9,1,1,6,4,1,1,3,5,6,3,5,0,6,5,3,1,20,13
"6999",5,7,12,7,1,11,4,1,4,7,9,7,1,11,4,1,1,3,0,0,1,3,3,3,3,2,4,23,16
"7000",6,7,12,10,1,11,4,1,5,7,12,7,1,11,4,1,4,1,3,0,1,0,0,3,1,3,4,26,17
"7001",7,8,12,10,7,14,4,1,5,7,12,10,1,11,4,1,5,6,3,2,3,2,0,6,3,4,1,33,20
"7002",8,8,12,12,7,16,4,1,5,8,12,10,7,14,4,1,5,2,0,0,2,2,2,2,2,3,1,35,22
"7003",9,8,12,14,7,16,6,1,5,8,12,12,7,16,4,1,5,2,2,0,2,0,0,2,2,3,2,37,24
"7004",10,11,12,14,13,19,6,1,5,8,12,14,7,16,6,1,5,3,6,2,3,2,0,6,3,4,1,46,27
"7005",11,13,12,14,13,36,6,1,5,11,12,14,13,19,6,1,5,2,0,0,5,6,5,2,6,1,1,48,44
"7006",12,18,12,14,13,36,6,1,5,13,12,14,13,36,6,1,5,5,5,0,5,0,0,5,0,1,0,53,44
"7007",0,0,0,0,0,0,0,0,0,0,0,0,0,0,0,0,0,0,0,0,0,0,0,0,0,0,0,0,0
"7008",1,1,5,1,1,5,1,1,1,1,1,1,1,1,1,1,1,4,4,4,4,4,0,4,4,2,1,4,4
"7009",2,1,5,1,5,9,1,1,1,1,5,1,1,5,1,1,1,4,0,0,4,4,4,4,4,4,1,8,8
"7010",3,1,5,5,5,9,1,1,5,1,5,1,5,9,1,1,1,4,4,0,4,0,0,4,4,3,4,12,12
"7011",4,1,6,11,5,9,6,1,5,1,5,5,5,9,1,1,5,1,5,6,1,5,0,6,5,3,2,19,17
"7012",5,1,7,11,5,9,6,3,5,1,6,11,5,9,6,1,5,1,0,0,2,2,6,1,2,2,3,20,19
"7013",6,1,13,15,5,11,6,3,5,1,7,11,5,9,6,3,5,2,6,0,2,0,0,6,2,2,1,30,21
"7014",7,7,13,15,10,13,6,3,5,1,13,15,5,11,6,3,5,2,5,6,2,5,0,6,2,1,1,41,23
"7015",8,7,13,15,15,18,6,3,5,7,13,15,10,13,6,3,5,5,0,0,6,5,3,5,5,4,1,46,28
"7016",9,13,17,15,15,18,6,3,8,7,13,15,15,18,6,3,5,6,3,0,3,0,0,6,3,1,4,56,31
"7017",10,13,17,16,21,18,6,1,12,13,17,15,15,18,6,3,8,6,4,4,4,4,0,6,4,4,4,63,33
"7018",11,17,17,16,21,22,6,1,12,13,17,16,21,18,6,1,12,4,0,0,4,1,6,4,4,1,1,67,37
"7019",12,23,19,16,21,22,6,1,12,17,17,16,21,22,6,1,12,1,6,0,1,0,0,6,0,1,0,75,37
"7020",0,0,0,0,0,0,0,0,0,0,0,0,0,0,0,0,0,0,0,0,0,0,0,0,0,0,0,0,0
"7021",1,1,1,4,1,1,5,1,1,1,1,1,1,1,1,1,1,4,3,4,4,4,0,3,4,3,2,3,4
"7022",2,1,1,4,5,5,5,1,1,1,1,4,1,1,5,1,1,4,0,0,4,3,3,4,4,4,1,7,8
"7023",3,4,1,4,5,5,5,1,4,1,1,4,5,5,5,1,1,3,3,0,3,0,0,3,3,1,4,10,11
"7024",4,4,1,11,11,5,5,5,4,4,1,4,5,5,5,1,4,4,6,3,4,3,0,6,4,4,3,23,15
"7025",5,4,4,11,11,5,10,5,4,4,1,11,11,5,5,5,4,3,0,0,1,5,6,3,5,2,2,26,20
"7026",6,10,4,11,15,5,11,5,4,4,4,11,11,5,10,5,4,1,6,0,1,0,0,6,1,1,2,36,21
"7027",7,12,10,11,15,5,11,8,4,10,4,11,15,5,11,5,4,6,3,1,3,1,0,6,3,2,3,44,24
"7028",8,12,10,12,15,10,11,8,4,12,10,11,15,5,11,8,4,1,0,0,1,5,4,1,5,3,1,45,29
"7029",9,12,10,16,15,11,11,8,4,12,10,12,15,10,11,8,4,1,4,0,1,0,0,4,1,3,1,49,30
"7030",10,21,16,16,15,12,11,8,4,12,10,16,15,11,11,8,4,1,6,2,1,2,0,6,1,2,1,64,31
"7031",11,21,18,16,15,14,11,8,4,21,16,16,15,12,11,8,4,2,0,0,2,3,3,2,2,2,1,66,33
"7032",12,21,18,16,18,14,11,8,4,21,18,16,15,14,11,8,4,3,3,0,3,0,0,3,0,4,0,69,33
"7033",0,0,0,0,0,0,0,0,0,0,0,0,0,0,0,0,0,0,0,0,0,0,0,0,0,0,0,0,0
"7034",1,1,5,1,1,1,1,1,4,1,1,1,1,1,1,1,1,3,4,2,3,2,0,4,3,2,4,4,3
"7035",2,1,5,1,3,6,1,7,4,1,5,1,1,1,1,1,4,2,0,0,6,6,3,2,6,4,3,6,14
"7036",3,1,5,7,4,9,1,7,4,1,5,1,3,6,1,7,4,6,3,0,3,0,0,6,3,3,1,13,17
"7037",4,1,11,12,10,9,1,8,4,1,5,7,4,9,1,7,4,1,6,1,1,1,0,6,1,2,3,30,18
"7038",5,1,12,12,10,17,1,8,4,1,11,12,10,9,1,8,4,1,0,0,3,6,3,1,6,2,1,31,26
"7039",6,1,12,15,10,17,4,8,4,1,12,12,10,17,1,8,4,3,3,0,3,0,0,3,3,3,2,34,29
"7040",7,1,14,15,10,17,4,10,4,1,12,15,10,17,4,8,4,2,1,2,1,2,0,2,2,2,3,36,31
"7041",8,1,15,15,10,17,9,10,4,1,14,15,10,17,4,10,4,1,0,0,5,5,6,1,5,2,2,37,36
"7042",9,1,15,19,16,17,14,10,4,1,15,15,10,17,9,10,4,5,6,0,5,0,0,6,5,4,2,47,41
"7043",10,1,15,19,20,17,14,10,6,1,15,19,16,17,14,10,4,2,4,1,2,1,0,4,2,4,4,51,43
"7044",11,1,15,19,21,17,14,15,6,1,15,19,20,17,14,10,6,1,0,0,3,5,5,1,5,4,3,52,48
"7045",12,1,20,19,21,17,14,15,6,1,15,19,21,17,14,15,6,3,5,0,3,0,0,5,0,2,0,57,48
"7046",0,0,0,0,0,0,0,0,0,0,0,0,0,0,0,0,0,0,0,0,0,0,0,0,0,0,0,0,0
"7047",1,1,1,1,6,1,1,1,5,1,1,1,1,1,1,1,1,4,4,5,4,4,0,5,4,4,4,5,4
"7048",2,1,5,1,6,1,1,1,6,1,1,1,6,1,1,1,5,4,0,0,1,4,1,4,1,2,4,9,5
"7049",3,1,5,5,6,1,2,1,6,1,5,1,6,1,1,1,6,4,1,0,1,0,0,4,1,3,2,13,6
"7050",4,6,5,5,6,1,2,5,6,1,5,5,6,1,2,1,6,5,4,4,4,4,0,5,4,1,3,18,10
"7051",5,6,9,5,6,1,4,5,6,6,5,5,6,1,2,5,6,4,0,0,2,2,2,4,2,2,2,22,12
"7052",6,8,9,5,6,1,4,5,8,6,9,5,6,1,4,5,6,2,2,0,2,0,0,2,2,1,4,24,14
"7053",7,8,9,10,6,1,4,5,10,8,9,5,6,1,4,5,8,3,5,2,3,2,0,5,2,3,4,29,16
"7054",8,8,9,10,9,1,4,5,22,8,9,10,6,1,4,5,10,3,0,0,6,5,6,3,6,4,4,32,28
"7055",9,14,9,11,9,1,9,5,22,8,9,10,9,1,4,5,22,5,6,0,5,0,0,6,5,1,2,39,33
"7056",10,14,14,11,9,1,9,5,26,14,9,11,9,1,9,5,22,5,4,4,4,4,0,5,4,2,4,44,37
"7057",11,14,14,15,9,1,9,10,26,14,14,11,9,1,9,5,26,4,0,0,6,5,3,4,5,3,3,48,42
"7058",12,14,20,20,9,1,9,10,26,14,14,15,9,1,9,10,26,6,3,0,3,0,0,6,0,2,0,59,42
"7059",0,0,0,0,0,0,0,0,0,0,0,0,0,0,0,0,0,0,0,0,0,0,0,0,0,0,0,0,0
"7060",1,1,5,1,1,1,1,3,1,1,1,1,1,1,1,1,1,2,1,4,2,1,0,4,2,2,3,4,2
"7061",2,1,5,1,2,8,1,3,1,1,5,1,1,1,1,3,1,1,0,0,6,2,1,1,6,4,1,5,9
"7062",3,2,5,1,2,10,1,3,1,1,5,1,2,8,1,3,1,2,1,0,2,0,0,1,2,1,1,6,11
"7063",4,2,5,5,2,10,1,6,1,2,5,1,2,10,1,3,1,3,3,4,3,3,0,4,3,3,3,10,14
"7064",5,2,8,5,2,10,1,11,1,2,5,5,2,10,1,6,1,3,0,0,3,5,3,3,5,2,3,13,19
"7065",6,5,8,5,2,13,1,11,1,2,8,5,2,10,1,11,1,3,3,0,3,0,0,3,3,1,1,16,22
"7066",7,5,14,6,2,13,5,11,1,5,8,5,2,13,1,11,1,6,4,5,4,5,0,6,4,2,2,23,26
"7067",8,10,14,6,2,13,8,11,1,5,14,6,2,13,5,11,1,5,0,0,1,2,3,5,3,1,2,28,29
"7068",9,10,14,6,4,13,8,11,2,10,14,6,2,13,8,11,1,1,2,0,1,0,0,2,1,4,4,30,30
"7069",10,15,14,6,4,18,8,11,2,10,14,6,4,13,8,11,2,5,4,5,4,5,0,5,5,1,1,35,35
"7070",11,15,14,10,4,27,14,11,2,15,14,6,4,18,8,11,2,4,0,0,1,6,3,4,6,3,2,39,50
"7071",12,15,14,10,5,27,14,11,2,15,14,10,4,27,14,11,2,1,3,0,3,0,0,1,0,4,0,40,50
"7072",0,0,0,0,0,0,0,0,0,0,0,0,0,0,0,0,0,0,0,0,0,0,0,0,0,0,0,0,0
"7073",1,1,1,7,2,1,3,1,1,1,1,1,1,1,1,1,1,6,2,2,2,2,0,6,2,3,2,7,2
"7074",2,3,1,7,2,4,3,1,1,1,1,7,2,1,3,1,1,2,0,0,4,3,6,2,3,1,1,9,5
"7075",3,3,13,10,2,4,7,1,1,3,1,7,2,4,3,1,1,4,6,0,4,0,0,6,4,2,2,24,9
"7076",4,7,13,10,2,9,7,1,1,3,13,10,2,4,7,1,1,5,3,4,5,3,0,4,5,1,1,28,14
"7077",5,7,13,10,5,9,10,1,1,7,13,10,2,9,7,1,1,3,0,0,5,3,4,3,3,4,2,31,17
"7078",6,12,13,10,5,9,14,1,1,7,13,10,5,9,10,1,1,5,4,0,4,0,0,5,4,1,2,36,21
"7079",7,12,13,15,5,14,14,1,1,12,13,10,5,9,14,1,1,2,5,5,2,5,0,5,5,3,1,41,26
"7080",8,14,13,15,5,17,14,1,1,12,13,15,5,14,14,1,1,2,0,0,5,3,6,2,3,1,1,43,29
"7081",9,14,13,15,14,17,14,1,6,14,13,15,5,17,14,1,1,5,6,0,5,0,0,6,5,4,4,52,34
"7082",10,15,13,15,14,17,14,3,6,14,13,15,14,17,14,1,6,1,2,2,2,2,0,1,2,1,3,53,36
"7083",11,17,13,15,14,19,14,3,6,15,13,15,14,17,14,3,6,2,0,0,2,5,1,2,2,1,1,55,38
"7084",12,17,13,15,15,19,14,3,6,17,13,15,14,19,14,3,6,5,1,0,5,0,0,1,0,4,0,56,38
"7085",0,0,0,0,0,0,0,0,0,0,0,0,0,0,0,0,0,0,0,0,0,0,0,0,0,0,0,0,0
"7086",1,1,1,3,1,1,1,1,4,1,1,1,1,1,1,1,1,3,3,2,3,3,0,2,3,3,4,2,3
"7087",2,4,1,3,1,1,1,6,4,1,1,3,1,1,1,1,4,3,0,0,5,4,2,3,5,1,3,5,8
"7088",3,4,1,7,1,1,3,6,4,4,1,3,1,1,1,6,4,4,2,0,2,0,0,4,2,3,2,9,10
"7089",4,8,1,7,1,1,8,6,4,4,1,7,1,1,3,6,4,4,5,4,5,4,0,4,5,1,2,13,15
"7090",5,12,1,7,1,1,14,6,10,8,1,7,1,1,8,6,4,4,0,0,1,5,6,4,6,1,4,17,27
"7091",6,12,1,12,1,1,14,7,10,12,1,7,1,1,14,6,10,1,5,0,1,0,0,5,1,3,3,22,28
"7092",7,17,1,12,1,1,19,7,10,12,1,12,1,1,14,7,10,5,3,5,3,5,0,5,5,1,2,27,33
"7093",8,17,4,12,1,5,19,7,10,17,1,12,1,1,19,7,10,3,0,0,4,1,4,3,4,2,1,30,37
"7094",9,21,4,12,1,5,19,8,10,17,4,12,1,5,19,7,10,1,4,0,1,0,0,4,1,1,3,34,38
"7095",10,36,4,12,1,7,19,1,1,21,4,12,1,5,19,8,10,5,2,5,2,5,0,5,2,1,1,49,24
"7096",11,36,9,12,1,17,19,1,1,36,4,12,1,7,19,1,1,5,0,0,6,1,4,5,6,2,1,54,34
"7097",12,36,9,12,5,17,19,1,1,36,9,12,1,17,19,1,1,1,4,0,1,0,0,4,0,4,0,58,34
"7098",0,0,0,0,0,0,0,0,0,0,0,0,0,0,0,0,0,0,0,0,0,0,0,0,0,0,0,0,0
"7099",1,1,2,1,1,1,1,2,1,1,1,1,1,1,1,1,1,1,1,1,1,1,0,1,1,2,3,1,1
"7100",2,1,2,2,1,1,6,2,1,1,2,1,1,1,1,2,1,1,0,0,6,6,5,1,5,3,2,2,6
"7101",3,1,2,2,8,7,6,2,3,1,2,2,1,1,6,2,1,6,6,0,6,0,0,6,6,4,1,9,14
"7102",4,1,5,2,8,18,6,2,3,1,2,2,8,7,6,2,3,3,6,2,6,2,0,3,6,2,1,12,25
"7103",5,3,5,2,8,18,6,2,8,1,5,2,8,18,6,2,3,2,0,0,5,5,4,2,5,1,4,14,30
"7104",6,8,5,2,8,18,10,2,8,3,5,2,8,18,6,2,8,5,4,0,4,0,0,5,4,1,2,19,34
"7105",7,8,5,3,8,18,11,2,8,8,5,2,8,18,10,2,8,1,1,1,1,1,0,1,1,3,2,20,35
"7106",8,8,6,3,8,18,11,4,8,8,5,3,8,18,11,2,8,1,0,0,2,5,1,1,2,2,3,21,37
"7107",9,8,11,3,8,18,12,4,8,8,6,3,8,18,11,4,8,5,1,0,1,0,0,5,1,2,2,26,38
"7108",10,8,16,3,8,19,18,4,8,8,11,3,8,18,12,4,8,5,5,6,5,6,0,5,6,2,2,31,45
"7109",11,8,16,3,13,30,18,4,8,8,16,3,8,19,18,4,8,5,0,0,2,6,1,5,6,4,1,36,56
"7110",12,10,16,3,13,30,18,4,8,8,16,3,13,30,18,4,8,2,1,0,1,0,0,2,0,1,0,38,56
"7111",0,0,0,0,0,0,0,0,0,0,0,0,0,0,0,0,0,0,0,0,0,0,0,0,0,0,0,0,0
"7112",1,1,5,1,7,4,7,1,1,1,1,1,1,1,1,1,1,1,6,6,1,6,0,6,6,4,2,10,9
"7113",2,2,5,1,7,4,8,1,1,1,5,1,7,4,7,1,1,1,0,0,1,2,2,1,1,1,2,11,10
"7114",3,4,5,1,7,4,10,1,1,2,5,1,7,4,8,1,1,2,2,0,2,0,0,2,2,1,2,13,12
"7115",4,4,5,7,12,4,13,1,1,4,5,1,7,4,10,1,1,1,3,6,1,3,0,6,3,3,2,24,15
"7116",5,4,5,8,12,4,13,5,1,4,5,7,12,4,13,1,1,1,0,0,4,6,6,1,4,3,3,25,19
"7117",6,4,14,8,12,10,13,10,1,4,5,8,12,4,13,5,1,6,6,0,6,0,0,6,6,2,1,34,30
"7118",7,10,14,13,12,11,13,10,1,4,14,8,12,10,13,10,1,1,6,2,1,2,0,6,1,1,1,45,31
"7119",8,10,14,15,12,11,18,10,1,10,14,13,12,11,13,10,1,2,0,0,5,3,2,2,5,3,2,47,36
"7120",9,13,14,15,12,13,18,10,1,10,14,15,12,11,18,10,1,3,2,0,2,0,0,3,2,1,1,50,38
"7121",10,19,14,15,19,13,18,11,1,13,14,15,12,13,18,10,1,6,1,3,1,3,0,6,1,4,3,63,39
"7122",11,19,17,15,19,17,18,11,1,19,14,15,19,13,18,11,1,3,0,0,4,3,5,3,4,2,1,66,43
"7123",12,19,20,15,19,17,18,11,1,19,17,15,19,17,18,11,1,3,5,0,5,0,0,3,0,2,0,69,43
"7124",0,0,0,0,0,0,0,0,0,0,0,0,0,0,0,0,0,0,0,0,0,0,0,0,0,0,0,0,0
"7125",1,1,7,3,1,1,1,1,4,1,1,1,1,1,1,1,1,3,6,3,3,3,0,6,3,2,4,8,3
"7126",2,1,7,6,1,3,1,1,4,1,7,3,1,1,1,1,4,3,0,0,1,2,2,3,2,3,1,11,5
"7127",3,3,7,6,1,3,2,1,4,1,7,6,1,3,1,1,4,1,2,0,1,0,0,2,1,1,2,13,6
"7128",4,3,7,6,4,3,3,1,4,3,7,6,1,3,2,1,4,1,3,3,1,3,0,3,1,4,2,16,7
"7129",5,3,7,9,4,3,6,1,4,3,7,6,4,3,3,1,4,3,0,0,1,6,3,3,3,3,2,19,10
"7130",6,3,13,10,4,3,6,1,5,3,7,9,4,3,6,1,4,1,6,0,1,0,0,6,1,2,4,26,11
"7131",7,6,13,10,4,3,6,5,5,3,13,10,4,3,6,1,5,1,4,3,1,4,0,3,4,1,3,29,15
"7132",8,6,13,10,5,5,6,5,5,6,13,10,4,3,6,5,5,1,0,0,2,2,5,1,2,4,1,30,17
"7133",9,11,13,10,5,7,6,5,5,6,13,10,5,5,6,5,5,2,5,0,2,0,0,5,2,1,1,35,19
"7134",10,11,13,10,8,7,6,8,5,11,13,10,5,7,6,5,5,3,2,3,2,3,0,3,3,4,3,38,22
"7135",11,13,13,10,8,12,6,8,5,11,13,10,8,7,6,8,5,2,0,0,5,1,5,2,5,1,1,40,27
"7136",12,18,13,10,8,12,6,8,5,13,13,10,8,12,6,8,5,1,5,0,1,0,0,5,0,1,0,45,27
"7137",0,0,0,0,0,0,0,0,0,0,0,0,0,0,0,0,0,0,0,0,0,0,0,0,0,0,0,0,0
"7138",1,1,1,7,3,3,1,1,1,1,1,1,1,1,1,1,1,2,6,1,2,1,0,6,2,3,1,8,2
"7139",2,1,1,8,3,3,4,1,1,1,1,7,3,3,1,1,1,1,0,0,3,2,5,1,3,3,2,9,5
"7140",3,6,1,8,3,5,4,1,1,1,1,8,3,3,4,1,1,2,5,0,2,0,0,5,2,1,1,14,7
"7141",4,6,1,8,5,5,4,1,4,6,1,8,3,5,4,1,1,3,4,2,3,4,0,2,3,4,4,16,10
"7142",5,6,1,8,9,10,4,1,4,6,1,8,5,5,4,1,4,4,0,0,3,2,5,4,5,4,1,20,15
"7143",6,6,4,8,9,12,4,1,4,6,1,8,9,10,4,1,4,3,2,0,2,0,0,3,2,2,1,23,17
"7144",7,6,14,14,9,16,4,1,4,6,4,8,9,12,4,1,4,6,4,2,4,2,0,6,4,2,1,39,21
"7145",8,6,14,14,11,21,4,1,4,6,14,14,9,16,4,1,4,2,0,0,5,3,1,2,5,4,1,41,26
"7146",9,6,14,14,14,21,5,1,4,6,14,14,11,21,4,1,4,3,1,0,1,0,0,3,1,4,2,44,27
"7147",10,11,14,14,14,26,5,1,4,6,14,14,14,21,5,1,4,5,1,5,1,5,0,5,5,1,1,49,32
"7148",11,11,14,15,14,26,5,1,9,11,14,14,14,26,5,1,4,1,0,0,5,3,6,1,5,3,4,50,37
"7149",12,11,21,15,14,26,5,1,9,11,14,15,14,26,5,1,9,3,6,0,3,0,0,6,0,2,0,57,37
"7150",0,0,0,0,0,0,0,0,0,0,0,0,0,0,0,0,0,0,0,0,0,0,0,0,0,0,0,0,0
"7151",1,6,1,1,1,4,1,1,1,1,1,1,1,1,1,1,1,3,5,1,3,1,0,5,3,1,1,5,3
"7152",2,6,1,1,2,4,1,1,2,6,1,1,1,4,1,1,1,1,0,0,1,2,2,1,1,4,4,6,4
"7153",3,6,3,1,2,6,1,1,2,6,1,1,2,4,1,1,2,2,2,0,2,0,0,2,2,2,1,8,6
"7154",4,6,3,1,5,6,1,1,4,6,3,1,2,6,1,1,2,2,3,3,2,3,0,3,2,4,4,11,8
"7155",5,6,3,1,8,6,1,5,4,6,3,1,5,6,1,1,4,3,0,0,1,4,1,3,4,4,3,14,12
"7156",6,6,3,1,9,7,1,5,4,6,3,1,8,6,1,5,4,1,1,0,1,0,0,1,1,4,1,15,13
"7157",7,9,3,1,9,7,1,8,4,6,3,1,9,7,1,5,4,3,1,3,1,3,0,3,3,1,3,18,16
"7158",8,9,3,1,10,7,6,8,10,9,3,1,9,7,1,8,4,1,0,0,6,3,6,1,6,4,4,19,27
"7159",9,9,4,1,16,7,9,8,10,9,3,1,10,7,6,8,10,3,6,0,3,0,0,6,3,4,2,26,30
"7160",10,9,9,1,16,12,9,14,10,9,4,1,16,7,9,8,10,6,1,5,6,1,0,5,6,2,3,31,41
"7161",11,10,9,1,16,17,9,14,10,9,9,1,16,12,9,14,10,1,0,0,5,3,6,1,5,1,1,32,46
"7162",12,10,15,2,16,17,9,14,10,10,9,1,16,17,9,14,10,3,6,0,3,0,0,6,0,2,0,39,46
"7163",0,0,0,0,0,0,0,0,0,0,0,0,0,0,0,0,0,0,0,0,0,0,0,0,0,0,0,0,0
"7164",1,5,1,1,1,1,1,3,1,1,1,1,1,1,1,1,1,2,1,4,2,1,0,4,2,1,3,4,2
"7165",2,5,2,1,1,1,1,3,5,5,1,1,1,1,1,3,1,1,0,0,5,4,1,1,4,2,4,5,6
"7166",3,5,2,1,6,1,2,3,5,5,2,1,1,1,1,3,5,5,1,0,1,0,0,5,1,4,2,10,7
"7167",4,9,2,1,6,1,2,4,5,5,2,1,6,1,2,3,5,4,1,4,1,4,0,4,1,1,3,14,8
"7168",5,9,2,1,10,1,4,4,5,9,2,1,6,1,2,4,5,4,0,0,1,5,2,4,2,4,2,18,10
"7169",6,9,7,1,10,1,5,4,5,9,2,1,10,1,4,4,5,1,5,0,1,0,0,5,1,2,2,23,11
"7170",7,9,10,7,10,1,6,4,5,9,7,1,10,1,5,4,5,1,6,1,1,1,0,6,1,3,2,32,12
"7171",8,10,10,7,10,2,6,4,5,9,10,7,10,1,6,4,5,1,0,0,6,1,1,1,1,1,1,33,13
"7172",9,10,10,13,13,3,6,4,5,10,10,7,10,2,6,4,5,6,1,0,1,0,0,6,1,3,1,42,14
"7173",10,10,12,13,13,4,6,4,5,10,10,13,13,3,6,4,5,2,1,1,1,1,0,2,1,2,1,44,15
"7174",11,11,12,13,13,5,6,4,5,10,12,13,13,4,6,4,5,1,0,0,1,2,1,1,1,1,1,45,16
"7175",12,12,12,13,13,5,6,4,5,11,12,13,13,5,6,4,5,2,1,0,2,0,0,1,0,1,0,46,16
"7176",0,0,0,0,0,0,0,0,0,0,0,0,0,0,0,0,0,0,0,0,0,0,0,0,0,0,0,0,0
"7177",1,2,7,1,1,1,1,5,1,1,1,1,1,1,1,1,1,4,6,6,4,6,0,6,4,2,3,7,4
"7178",2,2,11,7,7,1,1,10,1,2,7,1,1,1,1,5,1,6,0,0,5,3,5,6,5,4,3,23,9
"7179",3,7,11,7,7,1,1,10,4,2,11,7,7,1,1,10,1,3,5,0,3,0,0,5,3,1,4,28,12
"7180",4,7,11,7,12,4,1,10,4,7,11,7,7,1,1,10,4,3,5,5,3,5,0,5,3,4,1,33,15
"7181",5,12,11,7,12,4,6,10,4,7,11,7,12,4,1,10,4,5,0,0,5,2,5,5,5,1,2,38,20
"7182",6,17,11,7,12,4,6,12,4,12,11,7,12,4,6,10,4,2,5,0,2,0,0,5,2,1,3,43,22
"7183",7,17,11,13,14,4,7,12,4,17,11,7,12,4,6,12,4,2,1,6,2,1,0,6,1,3,2,51,23
"7184",8,17,11,15,14,4,9,12,4,17,11,13,14,4,7,12,4,2,0,0,4,3,2,2,2,3,2,53,25
"7185",9,17,14,15,14,8,9,12,4,17,11,15,14,4,9,12,4,4,3,0,4,0,0,3,4,2,1,56,29
"7186",10,17,15,15,14,11,9,12,4,17,14,15,14,8,9,12,4,1,3,2,3,2,0,1,3,2,1,57,32
"7187",11,17,17,15,14,15,9,12,4,17,15,15,14,11,9,12,4,2,0,0,4,6,6,2,4,2,1,59,36
"7188",12,23,17,15,16,15,9,12,4,17,17,15,14,15,9,12,4,6,6,0,6,0,0,6,0,1,0,67,36
"7189",0,0,0,0,0,0,0,0,0,0,0,0,0,0,0,0,0,0,0,0,0,0,0,0,0,0,0,0,0
"7190",1,6,7,1,1,1,1,1,5,1,1,1,1,1,1,1,1,4,6,4,4,4,0,6,4,2,4,11,4
"7191",2,6,7,1,5,2,1,1,5,6,7,1,1,1,1,1,5,4,0,0,1,1,1,4,1,4,1,15,5
"7192",3,6,7,1,6,2,2,1,5,6,7,1,5,2,1,1,5,1,1,0,1,0,0,1,1,4,2,16,6
"7193",4,11,7,1,6,6,2,1,5,6,7,1,6,2,2,1,5,5,4,2,4,2,0,5,4,1,1,21,10
"7194",5,11,7,1,8,6,7,1,5,11,7,1,6,6,2,1,5,2,0,0,5,4,1,2,5,4,2,23,15
"7195",6,11,7,5,8,6,7,2,5,11,7,1,8,6,7,1,5,4,1,0,1,0,0,4,1,3,3,27,16
"7196",7,11,10,11,8,8,7,2,5,11,7,5,8,6,7,2,5,2,2,6,2,2,0,6,2,3,1,36,18
"7197",8,13,10,11,8,8,7,6,5,11,10,11,8,8,7,2,5,2,0,0,4,5,6,2,4,1,3,38,22
"7198",9,13,13,11,14,13,7,6,5,13,10,11,8,8,7,6,5,5,6,0,5,0,0,6,5,4,1,47,27
"7199",10,20,13,11,14,16,7,6,5,13,13,11,14,13,7,6,5,1,3,6,1,3,0,6,3,1,1,54,30
"7200",11,20,13,11,15,21,7,6,5,20,13,11,14,16,7,6,5,1,0,0,5,1,4,1,5,4,1,55,35
"7201",12,20,13,15,15,21,7,6,5,20,13,11,15,21,7,6,5,1,4,0,1,0,0,4,0,3,0,59,35
"7202",0,0,0,0,0,0,0,0,0,0,0,0,0,0,0,0,0,0,0,0,0,0,0,0,0,0,0,0,0
"7203",1,1,1,6,1,6,1,1,1,1,1,1,1,1,1,1,1,5,3,5,3,5,0,5,5,3,1,5,5
"7204",2,4,1,6,1,11,1,1,1,1,1,6,1,6,1,1,1,3,0,0,5,4,3,3,5,1,1,8,10
"7205",3,4,1,10,1,11,1,4,1,4,1,6,1,11,1,1,1,4,3,0,3,0,0,4,3,3,3,12,13
"7206",4,4,1,14,1,13,1,4,1,4,1,10,1,11,1,4,1,4,2,2,2,2,0,4,2,3,1,16,15
"7207",5,6,1,14,1,13,1,8,1,4,1,14,1,13,1,4,1,2,0,0,4,1,3,2,4,1,3,18,19
"7208",6,9,1,14,1,13,1,8,2,6,1,14,1,13,1,8,1,1,3,0,1,0,0,3,1,1,4,21,20
"7209",7,9,1,14,5,13,2,8,2,9,1,14,1,13,1,8,2,4,1,2,1,2,0,4,1,4,2,25,21
"7210",8,9,1,16,5,13,7,8,2,9,1,14,5,13,2,8,2,2,0,0,3,5,4,2,5,3,2,27,26
"7211",9,9,5,16,5,13,7,11,2,9,1,16,5,13,7,8,2,3,4,0,3,0,0,4,3,2,3,31,29
"7212",10,14,11,16,11,15,7,11,2,9,5,16,5,13,7,11,2,4,2,6,4,2,0,6,2,2,1,48,31
"7213",11,14,15,16,11,19,7,11,2,14,11,16,11,15,7,11,2,4,0,0,4,5,2,4,4,2,1,52,35
"7214",12,16,15,16,11,19,7,11,2,14,15,16,11,19,7,11,2,5,2,0,5,0,0,2,0,1,0,54,35
"7215",0,0,0,0,0,0,0,0,0,0,0,0,0,0,0,0,0,0,0,0,0,0,0,0,0,0,0,0,0
"7216",1,1,2,1,1,1,2,1,1,1,1,1,1,1,1,1,1,3,1,1,3,1,0,1,1,2,2,1,1
"7217",2,1,2,4,1,1,4,1,7,1,2,1,1,1,2,1,1,3,0,0,1,4,6,3,6,3,4,4,9
"7218",3,1,2,8,1,1,4,1,8,1,2,4,1,1,4,1,7,1,4,0,1,0,0,4,1,3,4,8,10
"7219",4,1,7,14,1,1,4,3,8,1,2,8,1,1,4,1,8,2,6,1,2,1,0,6,2,3,3,19,12
"7220",5,1,8,14,1,1,4,3,9,1,7,14,1,1,4,3,8,1,0,0,5,1,6,1,1,2,4,20,13
"7221",6,1,8,16,7,1,9,3,9,1,8,14,1,1,4,3,9,5,6,0,5,0,0,6,5,4,2,28,18
"7222",7,6,8,16,7,1,10,3,9,1,8,16,7,1,9,3,9,5,1,2,1,2,0,5,1,1,2,33,19
"7223",8,8,8,16,7,3,10,3,9,6,8,16,7,1,10,3,9,2,0,0,1,6,2,2,2,1,1,35,21
"7224",9,14,8,16,9,4,10,3,9,8,8,16,7,3,10,3,9,1,6,0,1,0,0,6,1,1,1,43,22
"7225",10,14,14,17,9,8,10,3,9,14,8,16,9,4,10,3,9,4,6,2,4,2,0,6,4,2,1,50,26
"7226",11,16,14,17,9,9,10,3,9,14,14,17,9,8,10,3,9,2,0,0,1,2,3,2,1,1,1,52,27
"7227",12,16,16,17,9,9,10,3,9,16,14,17,9,9,10,3,9,2,3,0,3,0,0,2,0,2,0,54,27
"7228",0,0,0,0,0,0,0,0,0,0,0,0,0,0,0,0,0,0,0,0,0,0,0,0,0,0,0,0,0
"7229",1,7,1,6,1,3,1,1,1,1,1,1,1,1,1,1,1,6,2,1,2,1,0,6,2,1,1,11,2
"7230",2,7,2,6,1,4,1,1,1,7,1,6,1,3,1,1,1,1,0,0,3,1,2,1,1,2,1,12,3
"7231",3,7,5,6,1,4,3,1,1,7,2,6,1,4,1,1,1,3,2,0,2,0,0,3,2,2,2,15,5
"7232",4,7,11,7,7,7,3,1,1,7,5,6,1,4,3,1,1,3,1,6,3,1,0,6,3,4,1,28,8
"7233",5,7,11,8,7,7,3,3,1,7,11,7,7,7,3,1,1,1,0,0,2,1,6,1,2,3,3,29,10
"7234",6,11,11,8,13,8,3,3,1,7,11,8,7,7,3,3,1,1,6,0,1,0,0,6,1,4,1,39,11
"7235",7,11,17,13,13,8,7,3,1,11,11,8,13,8,3,3,1,6,1,4,1,4,0,6,4,2,2,50,15
"7236",8,12,17,13,13,8,9,3,1,11,17,13,13,8,7,3,1,1,0,0,2,6,5,1,2,1,2,51,17
"7237",9,12,17,16,19,13,9,3,1,12,17,13,13,8,9,3,1,6,5,0,5,0,0,6,5,4,1,60,22
"7238",10,16,17,16,19,16,9,3,1,12,17,16,19,13,9,3,1,4,3,4,3,4,0,4,3,1,1,64,25
"7239",11,20,17,16,19,33,9,3,1,16,17,16,19,16,9,3,1,4,0,0,6,5,1,4,6,1,1,68,42
"7240",12,20,17,17,19,33,9,3,1,20,17,16,19,33,9,3,1,5,1,0,5,0,0,1,0,3,0,69,42
"7241",0,0,0,0,0,0,0,0,0,0,0,0,0,0,0,0,0,0,0,0,0,0,0,0,0,0,0,0,0
"7242",1,6,1,1,1,1,1,3,1,1,1,1,1,1,1,1,1,2,5,2,2,2,0,5,2,1,3,5,2
"7243",2,8,1,1,1,1,1,8,1,6,1,1,1,1,1,3,1,2,0,0,2,5,3,2,5,1,3,7,7
"7244",3,8,1,1,4,1,3,8,1,8,1,1,1,1,1,8,1,2,3,0,2,0,0,3,2,4,2,10,9
"7245",4,8,7,1,5,1,8,8,1,8,1,1,4,1,3,8,1,5,3,6,5,3,0,6,5,2,2,17,14
"7246",5,8,10,1,5,1,8,8,6,8,7,1,5,1,8,8,1,3,0,0,5,2,2,3,5,2,4,20,19
"7247",6,10,10,1,5,3,8,8,6,8,10,1,5,1,8,8,6,2,2,0,2,0,0,2,2,1,1,22,21
"7248",7,10,11,1,11,8,8,8,6,10,10,1,5,3,8,8,6,6,2,5,2,5,0,6,5,4,1,29,26
"7249",8,12,11,1,11,10,8,14,6,10,11,1,11,8,8,8,6,2,0,0,3,3,6,2,6,1,3,31,34
"7250",9,15,11,1,11,13,8,14,6,12,11,1,11,10,8,14,6,3,3,0,3,0,0,3,3,1,1,34,37
"7251",10,19,11,1,11,13,8,14,9,15,11,1,11,13,8,14,6,4,1,3,1,3,0,4,3,1,4,38,40
"7252",11,19,11,2,11,15,8,14,9,19,11,1,11,13,8,14,9,1,0,0,2,3,5,1,2,3,1,39,42
"7253",12,19,11,2,16,15,8,14,9,19,11,2,11,15,8,14,9,3,5,0,3,0,0,5,0,4,0,44,42
"7254",0,0,0,0,0,0,0,0,0,0,0,0,0,0,0,0,0,0,0,0,0,0,0,0,0,0,0,0,0
"7255",1,3,1,7,1,1,1,6,1,1,1,1,1,1,1,1,1,3,6,5,3,5,0,6,5,3,3,8,5
"7256",2,3,1,10,1,12,1,6,1,3,1,7,1,1,1,6,1,3,0,0,6,5,1,3,6,3,1,11,16
"7257",3,8,1,10,1,13,1,6,1,3,1,10,1,12,1,6,1,5,1,0,1,0,0,5,1,1,1,16,17
"7258",4,18,1,10,1,13,1,9,1,8,1,10,1,13,1,6,1,6,3,1,3,1,0,6,3,1,3,26,20
"7259",5,18,1,11,1,13,4,9,1,18,1,10,1,13,1,9,1,1,0,0,3,3,1,1,3,3,2,27,23
"7260",6,18,1,11,4,14,4,9,1,18,1,11,1,13,4,9,1,3,1,0,1,0,0,3,1,4,1,30,24
"7261",7,18,11,11,4,14,4,13,1,18,1,11,4,14,4,9,1,6,3,4,3,4,0,6,4,2,3,40,28
"7262",8,18,11,14,4,14,6,13,1,18,11,11,4,14,4,13,1,3,0,0,1,2,3,3,2,3,2,43,30
"7263",9,18,11,17,4,15,6,13,1,18,11,14,4,14,6,13,1,1,3,0,1,0,0,3,1,3,1,46,31
"7264",10,18,17,17,8,15,6,13,4,18,11,17,4,15,6,13,1,3,6,6,3,6,0,6,3,2,4,56,34
"7265",11,20,1,17,1,31,6,13,5,18,17,17,8,15,6,13,4,6,0,0,6,4,4,6,6,2,1,35,51
"7266",12,20,1,17,5,31,6,13,5,20,1,17,1,31,6,13,5,4,4,0,4,0,0,4,0,4,0,39,51
"7267",0,0,0,0,0,0,0,0,0,0,0,0,0,0,0,0,0,0,0,0,0,0,0,0,0,0,0,0,0
"7268",1,1,1,1,5,13,1,3,1,1,1,1,1,1,1,1,1,2,6,4,2,6,0,4,6,4,1,4,14
"7269",2,3,1,1,5,13,1,3,2,1,1,1,5,13,1,3,1,2,0,0,5,1,6,2,1,1,4,6,15
"7270",3,9,6,1,5,13,1,3,7,3,1,1,5,13,1,3,2,5,6,0,5,0,0,6,5,1,4,17,20
"7271",4,12,6,1,5,13,1,6,7,9,6,1,5,13,1,3,7,3,3,1,3,1,0,3,3,1,3,20,23
"7272",5,13,6,1,5,15,1,6,7,12,6,1,5,13,1,6,7,1,0,0,2,1,1,1,2,1,1,21,25
"7273",6,13,6,2,5,15,1,6,8,13,6,1,5,15,1,6,7,1,1,0,1,0,0,1,1,3,4,22,26
"7274",7,13,6,4,5,15,1,7,8,13,6,2,5,15,1,6,8,1,1,2,1,1,0,2,1,3,3,24,27
"7275",8,13,7,4,5,19,1,7,8,13,6,4,5,15,1,7,8,1,0,0,1,4,1,1,4,2,1,25,31
"7276",9,14,7,4,5,20,1,7,8,13,7,4,5,19,1,7,8,1,1,0,1,0,0,1,1,1,1,26,32
"7277",10,21,7,4,5,26,1,7,13,14,7,4,5,20,1,7,8,6,6,6,6,6,0,6,6,1,1,33,43
"7278",11,27,8,10,8,5,1,7,13,21,7,4,5,26,1,7,13,6,0,0,4,1,3,6,4,3,1,49,22
"7279",12,27,8,13,8,5,1,7,13,27,8,10,8,5,1,7,13,1,3,0,1,0,0,3,0,3,0,52,22
"7280",0,0,0,0,0,0,0,0,0,0,0,0,0,0,0,0,0,0,0,0,0,0,0,0,0,0,0,0,0
"7281",1,1,7,1,7,1,1,3,1,1,1,1,1,1,1,1,1,4,2,6,4,2,0,6,2,2,3,12,2
"7282",2,1,11,1,7,1,1,3,4,1,7,1,7,1,1,3,1,4,0,0,3,2,3,4,3,2,4,16,5
"7283",3,3,11,1,7,1,1,6,4,1,11,1,7,1,1,3,4,2,3,0,3,0,0,2,3,1,3,18,8
"7284",4,3,11,6,7,3,1,6,4,3,11,1,7,1,1,6,4,1,2,5,1,2,0,5,2,3,1,23,10
"7285",5,3,12,6,7,3,4,6,4,3,11,6,7,3,1,6,4,1,0,0,3,4,2,1,3,2,2,24,13
"7286",6,7,12,6,7,3,4,8,4,3,12,6,7,3,4,6,4,4,2,0,2,0,0,4,2,1,3,28,15
"7287",7,7,12,9,13,3,4,8,9,7,12,6,7,3,4,8,4,6,5,5,5,5,0,6,5,4,4,37,20
"7288",8,7,12,14,13,3,4,8,11,7,12,9,13,3,4,8,9,5,0,0,5,2,4,5,2,3,4,42,22
"7289",9,12,12,14,13,7,4,8,11,7,12,14,13,3,4,8,11,5,4,0,4,0,0,5,4,1,1,47,26
"7290",10,16,12,14,13,10,4,8,11,12,12,14,13,7,4,8,11,4,3,3,3,3,0,4,3,1,1,51,29
"7291",11,19,12,14,13,15,4,8,11,16,12,14,13,10,4,8,11,3,0,0,5,6,3,3,5,1,1,54,34
"7292",12,19,12,17,13,15,4,8,11,19,12,14,13,15,4,8,11,6,3,0,6,0,0,3,0,3,0,57,34
"7293",0,0,0,0,0,0,0,0,0,0,0,0,0,0,0,0,0,0,0,0,0,0,0,0,0,0,0,0,0
"7294",1,1,7,1,4,1,1,1,6,1,1,1,1,1,1,1,1,6,5,4,5,4,0,6,5,2,4,9,5
"7295",2,5,7,1,4,6,1,1,6,1,7,1,4,1,1,1,6,4,0,0,5,3,1,4,5,1,1,13,10
"7296",3,5,7,4,4,6,1,2,6,5,7,1,4,6,1,1,6,3,1,0,1,0,0,3,1,3,3,16,11
"7297",4,5,7,8,4,6,9,2,6,5,7,4,4,6,1,2,6,4,1,6,1,6,0,4,6,3,2,20,19
"7298",5,6,7,8,4,8,9,2,6,5,7,8,4,6,9,2,6,1,0,0,1,2,5,1,2,1,1,21,21
"7299",6,11,7,8,4,8,10,2,6,6,7,8,4,8,9,2,6,1,5,0,1,0,0,5,1,1,2,26,22
"7300",7,11,7,8,6,8,10,4,6,11,7,8,4,8,10,2,6,1,2,2,1,2,0,2,2,4,3,28,24
"7301",8,12,7,8,6,8,15,4,6,11,7,8,6,8,10,4,6,1,0,0,5,5,2,1,5,1,2,29,29
"7302",9,12,12,8,6,8,15,4,8,12,7,8,6,8,15,4,6,5,2,0,2,0,0,5,2,2,4,34,31
"7303",10,12,12,8,11,8,15,4,13,12,12,8,6,8,15,4,8,1,5,5,1,5,0,5,5,4,4,39,36
"7304",11,13,12,8,11,8,15,8,13,12,12,8,11,8,15,4,13,1,0,0,1,3,4,1,4,1,3,40,40
"7305",12,13,12,11,11,8,15,8,13,13,12,8,11,8,15,8,13,1,3,0,1,0,0,3,0,3,0,43,40
"7306",0,0,0,0,0,0,0,0,0,0,0,0,0,0,0,0,0,0,0,0,0,0,0,0,0,0,0,0,0
"7307",1,3,1,1,1,5,1,1,1,1,1,1,1,1,1,1,1,1,4,2,1,4,0,2,4,1,1,2,4
"7308",2,3,1,1,2,11,2,1,1,3,1,1,1,5,1,1,1,1,0,0,6,4,6,1,6,4,1,3,11
"7309",3,3,1,1,12,15,2,1,1,3,1,1,2,11,2,1,1,4,6,0,4,0,0,6,4,4,1,13,15
"7310",4,3,1,6,18,19,2,7,1,3,1,1,12,15,2,1,1,6,2,6,2,6,0,6,6,4,3,24,25
"7311",5,5,1,6,18,19,6,7,1,3,1,6,18,19,2,7,1,2,0,0,4,4,1,2,4,1,2,26,29
"7312",6,5,1,6,22,19,7,7,1,5,1,6,18,19,6,7,1,4,1,0,1,0,0,4,1,4,2,30,30
"7313",7,5,1,11,22,19,7,18,1,5,1,6,22,19,7,7,1,6,5,5,6,5,0,5,6,3,3,35,41
"7314",8,10,1,11,1,19,7,18,9,5,1,11,22,19,7,18,1,5,0,0,2,3,1,5,3,1,4,19,49
"7315",9,10,1,13,1,19,7,19,9,10,1,11,1,19,7,18,9,2,1,0,1,0,0,2,1,3,3,21,50
"7316",10,10,1,17,1,21,7,19,9,10,1,13,1,19,7,19,9,2,4,1,2,1,0,4,2,3,1,25,52
"7317",11,10,1,17,2,21,10,19,9,10,1,17,1,21,7,19,9,1,0,0,3,5,4,1,3,4,2,26,55
"7318",12,15,1,17,2,21,10,19,9,10,1,17,2,21,10,19,9,5,4,0,4,0,0,5,0,1,0,31,55
"7319",0,0,0,0,0,0,0,0,0,0,0,0,0,0,0,0,0,0,0,0,0,0,0,0,0,0,0,0,0
"7320",1,1,5,1,1,6,1,1,1,1,1,1,1,1,1,1,1,4,5,2,5,2,0,4,5,2,1,4,5
"7321",2,3,5,1,1,6,1,4,1,1,5,1,1,6,1,1,1,2,0,0,1,3,4,2,3,1,3,6,8
"7322",3,3,9,1,1,6,1,5,1,3,5,1,1,6,1,4,1,1,4,0,1,0,0,4,1,2,3,10,9
"7323",4,3,9,6,1,6,1,5,5,3,9,1,1,6,1,5,1,5,4,3,4,3,0,5,4,3,4,15,13
"7324",5,6,9,6,1,6,1,5,10,3,9,6,1,6,1,5,5,3,0,0,5,5,4,3,5,1,4,18,18
"7325",6,6,9,6,6,10,1,5,10,6,9,6,1,6,1,5,10,5,4,0,4,0,0,5,4,4,1,23,22
"7326",7,6,15,7,6,10,4,5,10,6,9,6,6,10,1,5,10,6,3,2,3,2,0,6,3,2,2,30,25
"7327",8,6,17,7,6,10,4,5,15,6,15,7,6,10,4,5,10,2,0,0,5,4,1,2,5,2,4,32,30
"7328",9,6,17,11,6,11,4,5,15,6,17,7,6,10,4,5,15,4,1,0,1,0,0,4,1,3,1,36,31
"7329",10,6,17,11,11,16,4,5,15,6,17,11,6,11,4,5,15,3,5,5,3,5,0,5,5,4,1,41,36
"7330",11,9,17,11,11,23,10,5,15,6,17,11,11,16,4,5,15,3,0,0,4,6,6,3,6,1,2,44,49
"7331",12,15,17,19,11,23,10,5,15,9,17,11,11,23,10,5,15,4,6,0,4,0,0,6,0,1,0,58,49
"7332",0,0,0,0,0,0,0,0,0,0,0,0,0,0,0,0,0,0,0,0,0,0,0,0,0,0,0,0,0
"7333",1,7,6,1,1,1,1,5,1,1,1,1,1,1,1,1,1,4,3,6,4,3,0,6,4,1,3,11,4
"7334",2,7,6,4,1,1,1,5,5,7,6,1,1,1,1,5,1,3,0,0,2,4,2,3,4,3,4,14,8
"7335",3,7,6,6,1,3,1,5,5,7,6,4,1,1,1,5,5,2,2,0,2,0,0,2,2,3,1,16,10
"7336",4,7,6,6,11,5,1,5,5,7,6,6,1,3,1,5,5,2,3,6,2,3,0,6,2,4,1,26,12
"7337",5,7,9,6,11,6,1,5,5,7,6,6,11,5,1,5,5,3,0,0,2,1,4,3,1,2,1,29,13
"7338",6,7,9,10,11,8,1,5,5,7,9,6,11,6,1,5,5,2,4,0,2,0,0,4,2,3,1,33,15
"7339",7,13,10,10,11,8,1,8,5,7,9,10,11,8,1,5,5,3,1,6,3,1,0,6,3,1,3,40,18
"7340",8,13,10,11,11,8,1,8,8,13,10,10,11,8,1,8,5,1,0,0,5,6,3,1,3,3,4,41,21
"7341",9,17,10,17,11,13,1,8,8,13,10,11,11,8,1,8,8,5,6,0,5,0,0,6,5,3,1,51,26
"7342",10,17,10,17,16,14,1,8,8,17,10,17,11,13,1,8,8,5,1,6,1,6,0,5,1,4,1,56,27
"7343",11,19,16,17,16,16,1,8,8,17,10,17,16,14,1,8,8,6,0,0,2,2,6,6,2,2,1,64,29
"7344",12,31,16,17,16,16,1,8,8,19,16,17,16,16,1,8,8,2,6,0,2,0,0,6,0,1,0,76,29
"7345",0,0,0,0,0,0,0,0,0,0,0,0,0,0,0,0,0,0,0,0,0,0,0,0,0,0,0,0,0
"7346",1,1,1,1,4,1,1,2,1,1,1,1,1,1,1,1,1,1,3,1,1,1,0,3,1,4,3,3,1
"7347",2,1,2,1,4,1,3,2,1,1,1,1,4,1,1,2,1,1,0,0,2,2,2,1,2,2,2,4,3
"7348",3,3,2,1,4,3,3,2,1,1,2,1,4,1,3,2,1,2,2,0,2,0,0,2,2,1,1,6,5
"7349",4,3,2,1,9,3,3,5,1,3,2,1,4,3,3,2,1,5,1,3,1,3,0,5,3,4,3,11,8
"7350",5,3,2,2,9,8,3,5,1,3,2,1,9,3,3,5,1,1,0,0,4,5,6,1,5,3,1,12,13
"7351",6,4,8,2,9,8,7,5,1,3,2,2,9,8,3,5,1,4,6,0,4,0,0,6,4,2,2,19,17
"7352",7,4,8,3,9,9,7,5,1,4,8,2,9,8,7,5,1,1,1,1,1,1,0,1,1,3,1,20,18
"7353",8,4,8,4,9,9,7,5,6,4,8,3,9,9,7,5,1,1,0,0,2,1,5,1,5,3,4,21,23
"7354",9,4,10,4,9,9,7,5,7,4,8,4,9,9,7,5,6,2,1,0,1,0,0,2,1,2,4,23,24
"7355",10,4,10,8,15,9,7,5,12,4,10,4,9,9,7,5,7,6,5,2,5,2,0,6,5,4,4,33,29
"7356",11,4,10,10,15,11,7,5,12,4,10,8,15,9,7,5,12,2,0,0,2,4,3,2,2,3,1,35,31
"7357",12,8,10,10,15,11,7,5,12,4,10,10,15,11,7,5,12,4,3,0,3,0,0,4,0,1,0,39,31
"7358",0,0,0,0,0,0,0,0,0,0,0,0,0,0,0,0,0,0,0,0,0,0,0,0,0,0,0,0,0
"7359",1,1,1,6,1,1,7,4,1,1,1,1,1,1,1,1,1,6,5,1,6,1,0,5,6,3,2,5,9
"7360",2,1,1,7,1,5,7,4,1,1,1,6,1,1,7,4,1,1,0,0,4,3,4,1,4,3,1,6,13
"7361",3,1,1,10,1,9,7,4,1,1,1,7,1,5,7,4,1,3,4,0,4,0,0,3,4,3,1,9,17
"7362",4,6,1,10,1,9,7,8,1,1,1,10,1,9,7,4,1,2,4,5,2,4,0,5,4,1,3,14,21
"7363",5,6,1,12,1,9,13,17,1,6,1,10,1,9,7,8,1,2,0,0,1,6,6,2,6,3,2,16,36
"7364",6,8,1,18,1,9,13,18,1,6,1,12,1,9,13,17,1,1,6,0,1,0,0,6,1,3,3,24,37
"7365",7,8,1,18,3,15,16,18,1,8,1,18,1,9,13,18,1,2,3,6,3,6,0,2,6,4,1,26,46
"7366",8,8,1,21,3,15,16,18,5,8,1,18,3,15,16,18,1,3,0,0,4,1,3,3,4,3,4,29,50
"7367",9,11,1,21,3,16,16,18,5,8,1,21,3,15,16,18,5,1,3,0,1,0,0,3,1,1,1,32,51
"7368",10,11,1,21,4,16,16,18,7,11,1,21,3,16,16,18,5,2,1,6,2,6,0,1,2,4,4,33,53
"7369",11,22,1,21,4,17,16,18,7,11,1,21,4,16,16,18,7,6,0,0,1,4,1,6,1,1,1,44,54
"7370",12,22,1,21,8,17,16,18,7,22,1,21,4,17,16,18,7,4,1,0,1,0,0,4,0,4,0,48,54
"7371",0,0,0,0,0,0,0,0,0,0,0,0,0,0,0,0,0,0,0,0,0,0,0,0,0,0,0,0,0
"7372",1,8,1,1,1,5,1,1,1,1,1,1,1,1,1,1,1,1,6,4,1,4,0,6,4,1,1,7,4
"7373",2,8,1,1,2,9,1,1,1,8,1,1,1,5,1,1,1,1,0,0,4,1,4,1,4,4,1,8,8
"7374",3,8,1,1,6,9,1,1,2,8,1,1,2,9,1,1,1,1,4,0,1,0,0,4,1,4,4,12,9
"7375",4,8,1,1,10,9,1,4,2,8,1,1,6,9,1,1,2,4,3,3,3,3,0,4,3,4,3,16,12
"7376",5,8,1,1,13,9,1,9,2,8,1,1,10,9,1,4,2,3,0,0,4,2,5,3,5,4,3,19,17
"7377",6,12,1,1,13,9,3,9,2,8,1,1,13,9,1,9,2,4,2,0,2,0,0,4,2,1,2,23,19
"7378",7,12,5,1,13,14,3,9,2,12,1,1,13,9,3,9,2,5,2,4,5,2,0,4,5,2,1,27,24
"7379",8,12,7,1,13,14,4,9,2,12,5,1,13,14,3,9,2,2,0,0,4,6,1,2,1,2,2,29,25
"7380",9,19,7,1,13,18,4,9,2,12,7,1,13,14,4,9,2,4,6,0,4,0,0,6,4,1,1,36,29
"7381",10,19,11,1,13,18,4,9,6,19,7,1,13,18,4,9,2,4,5,4,5,4,0,4,4,2,4,40,33
"7382",11,19,11,6,13,23,4,9,6,19,11,1,13,18,4,9,6,5,0,0,1,5,1,5,5,3,1,45,38
"7383",12,20,11,6,13,23,4,9,6,19,11,6,13,23,4,9,6,1,1,0,1,0,0,1,0,1,0,46,38
"7384",0,0,0,0,0,0,0,0,0,0,0,0,0,0,0,0,0,0,0,0,0,0,0,0,0,0,0,0,0
"7385",1,5,1,1,1,2,1,1,1,1,1,1,1,1,1,1,1,2,4,1,2,1,0,4,1,1,1,4,1
"7386",2,5,1,1,3,2,1,7,9,5,1,1,1,2,1,1,1,2,0,0,6,5,6,2,6,4,3,6,15
"7387",3,5,1,7,9,7,1,7,9,5,1,1,3,2,1,7,9,5,6,0,5,0,0,6,5,3,1,18,20
"7388",4,8,1,13,9,7,1,7,11,5,1,7,9,7,1,7,9,6,1,2,1,2,0,6,2,3,4,27,22
"7389",5,8,2,13,9,7,1,7,14,8,1,13,9,7,1,7,11,1,0,0,2,2,3,1,3,2,4,28,25
"7390",6,8,2,15,9,9,1,7,14,8,2,13,9,7,1,7,14,2,2,0,2,0,0,2,2,3,1,30,27
"7391",7,8,6,15,15,14,1,7,14,8,2,15,9,9,1,7,14,3,5,6,3,5,0,6,5,4,1,40,32
"7392",8,8,6,15,18,14,1,10,14,8,6,15,15,14,1,7,14,3,0,0,3,6,2,3,3,4,3,43,35
"7393",9,14,15,15,18,16,1,10,14,8,6,15,18,14,1,10,14,6,2,0,2,0,0,6,2,2,1,58,37
"7394",10,14,18,15,18,22,3,10,20,14,15,15,18,16,1,10,14,3,6,1,6,1,0,3,6,2,4,61,51
"7395",11,14,19,15,18,22,6,10,20,14,18,15,18,22,3,10,20,1,0,0,3,6,3,1,3,2,2,62,54
"7396",12,14,19,29,18,22,1,10,20,14,19,15,18,22,6,10,20,6,3,0,3,0,0,6,0,3,0,76,49
"7397",0,0,0,0,0,0,0,0,0,0,0,0,0,0,0,0,0,0,0,0,0,0,0,0,0,0,0,0,0
"7398",1,1,1,1,5,1,2,1,1,1,1,1,1,1,1,1,1,2,1,4,2,1,0,4,1,4,2,4,1
"7399",2,1,3,1,5,1,2,1,2,1,1,1,5,1,2,1,1,2,0,0,2,1,5,2,1,2,4,6,2
"7400",3,6,3,1,5,1,4,1,2,1,3,1,5,1,2,1,2,2,5,0,2,0,0,5,2,1,2,11,4
"7401",4,9,3,1,5,1,7,1,2,6,3,1,5,1,4,1,2,3,2,3,2,3,0,3,3,1,2,14,7
"7402",5,11,3,1,5,4,7,1,2,9,3,1,5,1,7,1,2,2,0,0,3,6,5,2,3,1,1,16,10
"7403",6,12,9,1,5,4,7,6,2,11,3,1,5,4,7,1,2,6,5,0,5,0,0,6,5,2,3,23,15
"7404",7,12,9,1,10,4,7,6,7,12,9,1,5,4,7,6,2,5,5,5,5,5,0,5,5,4,4,28,20
"7405",8,12,9,1,15,4,7,9,7,12,9,1,10,4,7,6,7,5,0,0,3,3,2,5,3,4,3,33,23
"7406",9,15,9,1,15,4,7,11,7,12,9,1,15,4,7,9,7,3,2,0,2,0,0,3,2,1,3,36,25
"7407",10,15,9,4,21,7,7,11,7,15,9,1,15,4,7,11,7,3,2,6,3,2,0,6,3,4,1,45,28
"7408",11,17,9,4,21,8,7,11,7,15,9,4,21,7,7,11,7,2,0,0,1,3,2,2,1,1,1,47,29
"7409",12,17,9,4,24,8,7,11,7,17,9,4,21,8,7,11,7,3,2,0,2,0,0,3,0,4,0,50,29
"7410",0,0,0,0,0,0,0,0,0,0,0,0,0,0,0,0,0,0,0,0,0,0,0,0,0,0,0,0,0
"7411",1,1,4,1,1,1,1,3,1,1,1,1,1,1,1,1,1,1,2,3,1,2,0,3,2,2,3,3,2
"7412",2,1,4,1,2,1,1,5,1,1,4,1,1,1,1,3,1,1,0,0,3,5,2,1,2,4,3,4,4
"7413",3,1,4,1,7,1,1,5,4,1,4,1,2,1,1,5,1,3,5,0,3,0,0,5,3,4,4,9,7
"7414",4,1,4,6,7,1,1,9,4,1,4,1,7,1,1,5,4,4,5,1,4,1,0,5,4,3,3,14,11
"7415",5,1,4,6,8,4,1,9,4,1,4,6,7,1,1,9,4,1,0,0,3,1,5,1,3,4,1,15,14
"7416",6,1,9,6,8,4,1,9,5,1,4,6,8,4,1,9,4,1,5,0,1,0,0,5,1,2,4,20,15
"7417",7,7,9,8,8,4,1,14,5,1,9,6,8,4,1,9,5,6,5,1,5,1,0,6,5,1,3,28,20
"7418",8,7,9,9,8,10,1,15,5,7,9,8,8,4,1,14,5,1,0,0,6,4,6,1,6,3,1,29,27
"7419",9,7,9,15,10,10,1,19,5,7,9,9,8,10,1,15,5,4,6,0,4,0,0,6,4,3,3,37,31
"7420",10,12,9,15,10,10,1,24,5,7,9,15,10,10,1,19,5,5,5,5,5,5,0,5,5,1,3,42,36
"7421",11,17,9,15,1,11,1,28,5,12,9,15,10,10,1,24,5,5,0,0,4,5,6,5,4,1,3,38,41
"7422",12,17,9,20,1,11,1,28,5,17,9,15,1,11,1,28,5,5,6,0,6,0,0,5,0,3,0,43,41
"7423",0,0,0,0,0,0,0,0,0,0,0,0,0,0,0,0,0,0,0,0,0,0,0,0,0,0,0,0,0
"7424",1,2,1,1,1,4,1,1,1,1,1,1,1,1,1,1,1,1,3,1,3,1,0,1,3,1,1,1,3
"7425",2,2,1,2,1,4,1,1,5,2,1,1,1,4,1,1,1,1,0,0,5,2,4,1,4,3,4,2,7
"7426",3,2,1,7,1,4,1,1,7,2,1,2,1,4,1,1,5,5,2,0,2,0,0,5,2,3,4,7,9
"7427",4,2,7,13,2,4,1,6,7,2,1,7,1,4,1,1,7,6,5,2,5,2,0,6,5,2,3,20,14
"7428",5,2,7,15,2,4,1,6,8,2,7,13,2,4,1,6,7,2,0,0,2,1,3,2,1,3,4,22,15
"7429",6,2,7,18,2,4,1,8,8,2,7,15,2,4,1,6,8,2,3,0,2,0,0,3,2,3,3,25,17
"7430",7,2,12,18,2,4,1,11,8,2,7,18,2,4,1,8,8,3,3,5,3,3,0,5,3,2,3,30,20
"7431",8,2,12,21,2,4,1,11,13,2,12,18,2,4,1,11,8,3,0,0,5,6,5,3,5,3,4,33,25
"7432",9,8,16,21,2,4,6,11,13,2,12,21,2,4,1,11,13,6,5,0,5,0,0,6,5,1,2,43,30
"7433",10,14,19,21,2,6,6,11,13,8,16,21,2,4,6,11,13,2,3,6,2,3,0,6,2,1,1,52,32
"7434",11,17,19,21,2,6,6,14,13,14,19,21,2,6,6,11,13,3,0,0,3,6,1,3,3,1,3,55,35
"7435",12,17,25,21,7,6,6,14,13,17,19,21,2,6,6,14,13,6,1,0,1,0,0,6,0,2,0,66,35
"7436",0,0,0,0,0,0,0,0,0,0,0,0,0,0,0,0,0,0,0,0,0,0,0,0,0,0,0,0,0
"7437",1,1,5,1,1,1,5,1,7,1,1,1,1,1,1,1,1,3,4,6,3,6,0,4,6,2,4,4,10
"7438",2,4,5,1,1,1,5,1,12,1,5,1,1,1,5,1,7,3,0,0,2,2,5,3,5,1,4,7,15
"7439",3,4,7,1,1,3,5,1,12,4,5,1,1,1,5,1,12,2,2,0,2,0,0,2,2,2,1,9,17
"7440",4,14,7,1,7,3,8,7,12,4,7,1,1,3,5,1,12,4,6,6,4,6,0,6,6,1,3,25,26
"7441",5,14,7,1,11,3,8,7,13,14,7,1,7,3,8,7,12,4,0,0,1,1,2,4,1,4,4,29,27
"7442",6,16,7,1,11,3,9,7,13,14,7,1,11,3,8,7,13,1,2,0,1,0,0,2,1,1,2,31,28
"7443",7,17,7,1,17,9,9,8,13,16,7,1,11,3,9,7,13,6,6,5,6,5,0,6,6,4,1,38,35
"7444",8,22,7,1,17,9,9,12,13,17,7,1,17,9,9,8,13,5,0,0,4,2,4,5,4,1,3,43,39
"7445",9,26,7,1,17,9,9,14,13,22,7,1,17,9,9,12,13,2,4,0,2,0,0,4,2,1,3,47,41
"7446",10,27,7,1,23,9,9,18,13,26,7,1,17,9,9,14,13,2,6,4,2,4,0,6,4,4,3,54,45
"7447",11,27,7,1,25,9,13,18,13,27,7,1,23,9,9,18,13,2,0,0,4,6,3,2,4,4,2,56,49
"7448",12,33,18,1,25,9,13,18,13,27,7,1,25,9,13,18,13,6,3,0,3,0,0,6,0,2,0,73,49
"7449",0,0,0,0,0,0,0,0,0,0,0,0,0,0,0,0,0,0,0,0,0,0,0,0,0,0,0,0,0
"7450",1,1,1,6,1,5,1,1,1,1,1,1,1,1,1,1,1,4,5,5,4,5,0,5,4,3,1,5,4
"7451",2,1,6,6,1,5,1,4,1,1,1,6,1,5,1,1,1,5,0,0,3,5,4,5,3,2,3,10,7
"7452",3,6,6,6,1,5,1,8,1,1,6,6,1,5,1,4,1,5,4,0,4,0,0,5,4,1,3,15,11
"7453",4,6,6,6,6,5,1,8,5,6,6,6,1,5,1,8,1,4,2,5,4,2,0,5,4,4,4,20,15
"7454",5,8,6,6,6,5,1,8,8,6,6,6,6,5,1,8,5,2,0,0,6,3,1,2,3,1,4,22,18
"7455",6,10,6,12,6,6,1,8,8,8,6,6,6,5,1,8,8,6,1,0,1,0,0,6,1,3,1,30,19
"7456",7,13,6,12,6,6,1,11,8,10,6,12,6,6,1,8,8,3,3,2,3,2,0,3,3,1,3,33,22
"7457",8,13,6,12,8,6,1,11,11,13,6,12,6,6,1,11,8,2,0,0,3,2,6,2,3,4,4,35,25
"7458",9,18,18,12,8,6,1,13,11,13,6,12,8,6,1,11,11,2,6,0,2,0,0,6,2,2,3,52,27
"7459",10,18,18,12,12,6,1,13,15,18,18,12,8,6,1,13,11,3,4,4,3,4,0,4,4,4,4,56,31
"7460",11,18,18,12,15,10,1,13,15,18,18,12,12,6,1,13,15,3,0,0,5,6,4,3,4,4,1,59,35
"7461",12,24,18,14,15,10,1,13,15,18,18,12,15,10,1,13,15,5,6,0,5,0,0,6,0,1,0,67,35
"7462",0,0,0,0,0,0,0,0,0,0,0,0,0,0,0,0,0,0,0,0,0,0,0,0,0,0,0,0,0
"7463",1,1,1,6,1,1,4,1,1,1,1,1,1,1,1,1,1,3,6,5,3,6,0,5,3,3,2,5,3
"7464",2,1,11,6,1,1,4,1,5,1,1,6,1,1,4,1,1,6,0,0,4,5,1,6,4,2,4,15,7
"7465",3,1,16,6,1,1,5,1,5,1,11,6,1,1,4,1,5,5,1,0,1,0,0,5,1,2,2,20,8
"7466",4,6,16,6,1,1,5,5,5,1,16,6,1,1,5,1,5,5,3,4,3,4,0,5,4,1,3,25,12
"7467",5,6,16,6,4,1,5,5,7,6,16,6,1,1,5,5,5,3,0,0,2,2,4,3,2,4,4,28,14
"7468",6,6,16,6,8,3,5,5,7,6,16,6,4,1,5,5,7,2,4,0,2,0,0,4,2,4,1,32,16
"7469",7,6,16,6,11,3,5,9,7,6,16,6,8,3,5,5,7,3,4,4,4,4,0,3,4,4,3,35,20
"7470",8,10,16,6,11,3,5,11,7,6,16,6,11,3,5,9,7,4,0,0,2,3,1,4,2,1,3,39,22
"7471",9,13,16,6,11,4,5,11,7,10,16,6,11,3,5,11,7,3,1,0,1,0,0,3,1,1,1,42,23
"7472",10,17,16,12,11,6,5,11,7,13,16,6,11,4,5,11,7,2,3,6,2,3,0,6,2,3,1,52,25
"7473",11,20,16,12,11,10,5,11,7,17,16,12,11,6,5,11,7,3,0,0,4,1,4,3,4,1,1,55,29
"7474",12,20,16,13,11,10,5,11,7,20,16,12,11,10,5,11,7,1,4,0,4,0,0,1,0,3,0,56,29
"7475",0,0,0,0,0,0,0,0,0,0,0,0,0,0,0,0,0,0,0,0,0,0,0,0,0,0,0,0,0
"7476",1,1,1,2,1,1,6,1,1,1,1,1,1,1,1,1,1,1,5,3,5,3,0,1,5,3,2,1,5
"7477",2,4,1,2,1,1,7,1,1,1,1,2,1,1,6,1,1,3,0,0,1,1,3,3,1,1,2,4,6
"7478",3,4,1,5,1,1,7,2,1,4,1,2,1,1,7,1,1,1,3,0,1,0,0,3,1,3,3,7,7
"7479",4,4,1,5,6,1,7,3,1,4,1,5,1,1,7,2,1,1,5,1,1,1,0,5,1,4,3,12,8
"7480",5,5,1,5,6,1,7,7,1,4,1,5,6,1,7,3,1,1,0,0,1,1,4,1,4,1,3,13,12
"7481",6,5,1,6,6,1,8,7,1,5,1,5,6,1,7,7,1,1,1,0,1,0,0,1,1,3,2,14,13
"7482",7,5,4,12,6,7,8,12,1,5,1,6,6,1,8,7,1,2,6,6,2,6,0,6,6,3,1,23,24
"7483",8,5,6,12,6,7,8,12,5,5,4,12,6,7,8,12,1,2,0,0,2,4,4,2,4,2,4,25,28
"7484",9,5,6,16,6,7,10,12,5,5,6,12,6,7,8,12,5,2,4,0,2,0,0,4,2,3,2,29,30
"7485",10,5,6,20,6,10,10,12,5,5,6,16,6,7,10,12,5,4,3,3,3,3,0,4,3,3,1,33,33
"7486",11,5,6,1,6,17,10,12,6,5,6,20,6,10,10,12,5,3,0,0,4,5,5,3,5,3,4,14,41
"7487",12,5,11,1,6,17,10,12,6,5,6,1,6,17,10,12,6,4,5,0,4,0,0,5,0,2,0,19,41
"7488",0,0,0,0,0,0,0,0,0,0,0,0,0,0,0,0,0,0,0,0,0,0,0,0,0,0,0,0,0
"7489",1,1,1,2,7,7,5,1,1,1,1,1,1,1,1,1,1,6,6,1,6,1,0,6,6,4,1,7,10
"7490",2,1,2,2,7,10,5,7,1,1,1,2,7,7,5,1,1,1,0,0,2,6,5,1,6,2,3,8,19
"7491",3,1,7,2,7,10,5,9,1,1,2,2,7,10,5,7,1,2,5,0,2,0,0,5,2,2,3,13,21
"7492",4,1,11,2,7,14,5,9,1,1,7,2,7,10,5,9,1,4,1,4,1,4,0,4,4,2,1,17,25
"7493",5,1,11,3,7,14,5,9,3,1,11,2,7,14,5,9,1,1,0,0,1,2,2,1,2,3,4,18,27
"7494",6,1,11,4,7,14,5,9,5,1,11,3,7,14,5,9,3,1,2,0,2,0,0,1,2,3,4,19,29
"7495",7,1,11,9,7,17,17,9,5,1,11,4,7,14,5,9,5,6,5,5,6,5,0,5,6,3,2,24,44
"7496",8,1,16,9,7,19,17,21,5,1,11,9,7,17,17,9,5,5,0,0,4,4,6,5,6,2,3,29,58
"7497",9,1,20,9,7,19,21,21,5,1,16,9,7,19,17,21,5,4,4,0,4,0,0,4,4,2,2,33,62
"7498",10,1,20,14,7,19,24,21,5,1,20,9,7,19,21,21,5,5,3,2,3,2,0,5,3,3,2,38,65
"7499",11,3,27,14,7,19,27,1,1,1,20,14,7,19,24,21,5,2,0,0,3,2,5,2,3,1,2,47,44
"7500",12,3,27,19,7,19,27,1,1,3,27,14,7,19,27,1,1,2,5,0,2,0,0,5,0,3,0,52,44
"7501",0,0,0,0,0,0,0,0,0,0,0,0,0,0,0,0,0,0,0,0,0,0,0,0,0,0,0,0,0
"7502",1,5,7,1,1,1,1,3,1,1,1,1,1,1,1,1,1,4,2,6,4,2,0,6,2,2,3,10,2
"7503",2,5,11,1,1,1,6,3,1,5,7,1,1,1,1,3,1,4,0,0,5,3,6,4,5,2,2,14,7
"7504",3,5,11,6,7,4,6,3,1,5,11,1,1,1,6,3,1,3,6,0,3,0,0,6,3,4,1,25,10
"7505",4,11,11,8,7,6,6,3,1,5,11,6,7,4,6,3,1,2,6,2,2,2,0,6,2,1,1,33,12
"7506",5,13,11,8,7,12,7,3,1,11,11,8,7,6,6,3,1,2,0,0,6,4,3,2,6,1,1,35,19
"7507",6,13,11,8,11,15,7,3,1,13,11,8,7,12,7,3,1,4,3,0,3,0,0,4,3,4,1,39,22
"7508",7,13,12,8,17,15,8,3,1,13,11,8,11,15,7,3,1,4,6,1,4,1,0,6,1,4,2,46,23
"7509",8,13,16,8,17,15,14,7,1,13,12,8,17,15,8,3,1,4,0,0,6,1,4,4,6,2,2,50,33
"7510",9,13,16,12,17,15,14,8,1,13,16,8,17,15,14,7,1,1,4,0,1,0,0,4,1,3,3,54,34
"7511",10,13,16,16,17,18,20,8,1,13,16,12,17,15,14,8,1,4,4,6,4,6,0,4,6,3,2,58,43
"7512",11,17,16,16,17,19,20,8,1,13,16,16,17,18,20,8,1,4,0,0,3,1,6,4,1,1,1,62,44
"7513",12,17,16,19,17,19,20,8,1,17,16,16,17,19,20,8,1,3,6,0,6,0,0,3,0,3,0,65,44
"7514",0,0,0,0,0,0,0,0,0,0,0,0,0,0,0,0,0,0,0,0,0,0,0,0,0,0,0,0,0
"7515",1,1,1,4,1,1,1,1,3,1,1,1,1,1,1,1,1,3,4,2,4,2,0,3,2,3,4,3,2
"7516",2,1,1,4,5,1,5,1,3,1,1,4,1,1,1,1,3,4,0,0,3,4,4,4,4,4,2,7,6
"7517",3,1,4,4,5,1,9,1,3,1,1,4,5,1,5,1,3,3,4,0,4,0,0,3,4,2,2,10,10
"7518",4,1,4,9,5,5,9,1,3,1,4,4,5,1,9,1,3,4,3,5,4,3,0,5,4,3,1,15,14
"7519",5,1,7,9,5,8,9,1,3,1,4,9,5,5,9,1,3,3,0,0,3,2,5,3,3,2,1,18,17
"7520",6,1,7,14,5,8,9,3,3,1,7,9,5,8,9,1,3,2,5,0,2,0,0,5,2,3,3,23,19
"7521",7,13,12,14,5,13,9,3,3,1,7,14,5,8,9,3,3,6,5,3,5,3,0,6,5,1,1,40,24
"7522",8,13,12,17,5,16,9,3,3,13,12,14,5,13,9,3,3,3,0,0,3,3,6,3,3,3,1,43,27
"7523",9,13,12,17,16,19,9,3,3,13,12,17,5,16,9,3,3,3,6,0,3,0,0,6,3,4,1,54,30
"7524",10,21,12,17,16,22,9,3,3,13,12,17,16,19,9,3,3,2,3,6,2,3,0,6,3,1,1,62,33
"7525",11,23,12,17,16,22,9,4,3,21,12,17,16,22,9,3,3,2,0,0,5,1,1,2,1,1,3,64,34
"7526",12,28,12,17,16,22,9,4,3,23,12,17,16,22,9,4,3,5,1,0,1,0,0,5,0,1,0,69,34
"7527",0,0,0,0,0,0,0,0,0,0,0,0,0,0,0,0,0,0,0,0,0,0,0,0,0,0,0,0,0
"7528",1,1,3,1,7,1,1,1,5,1,1,1,1,1,1,1,1,4,1,6,4,1,0,6,4,4,4,8,4
"7529",2,1,3,1,8,1,1,4,5,1,3,1,7,1,1,1,5,1,0,0,1,4,3,1,3,4,3,9,7
"7530",3,1,3,1,12,1,1,5,5,1,3,1,8,1,1,4,5,1,4,0,1,0,0,4,1,4,3,13,8
"7531",4,1,8,1,12,1,6,5,5,1,3,1,12,1,1,5,5,5,1,5,1,5,0,5,5,2,2,18,13
"7532",5,1,8,1,13,1,7,5,5,1,8,1,12,1,6,5,5,1,0,0,1,4,1,1,1,4,2,19,14
"7533",6,1,8,5,13,2,7,5,5,1,8,1,13,1,7,5,5,4,1,0,1,0,0,4,1,3,1,23,15
"7534",7,8,8,5,13,2,7,11,10,1,8,5,13,2,7,5,5,6,2,6,2,6,0,6,6,1,3,30,26
"7535",8,10,8,5,13,2,7,11,14,8,8,5,13,2,7,11,10,2,0,0,3,4,4,2,4,1,4,32,30
"7536",9,10,12,5,13,2,7,11,17,10,8,5,13,2,7,11,14,3,4,0,3,0,0,4,3,2,4,36,33
"7537",10,10,18,15,13,7,7,11,17,10,12,5,13,2,7,11,17,5,2,6,5,2,0,6,5,3,1,52,38
"7538",11,12,18,15,13,11,7,17,17,10,18,15,13,7,7,11,17,2,0,0,6,6,5,2,6,1,3,54,48
"7539",12,15,24,15,13,11,7,17,17,12,18,15,13,11,7,17,17,6,5,0,5,0,0,6,0,2,0,63,48
"7540",0,0,0,0,0,0,0,0,0,0,0,0,0,0,0,0,0,0,0,0,0,0,0,0,0,0,0,0,0
"7541",1,1,6,1,1,2,1,1,1,1,1,1,1,1,1,1,1,1,4,5,1,4,0,5,1,2,1,5,1
"7542",2,5,6,1,1,7,1,1,1,1,6,1,1,2,1,1,1,4,0,0,4,5,6,4,5,1,1,9,6
"7543",3,5,7,7,1,7,1,5,1,5,6,1,1,7,1,1,1,4,6,0,4,0,0,6,4,3,3,16,10
"7544",4,5,9,7,1,7,4,5,1,5,7,7,1,7,1,5,1,2,3,3,3,3,0,2,3,2,2,18,13
"7545",5,5,9,7,4,7,9,5,1,5,9,7,1,7,4,5,1,3,0,0,5,6,1,3,5,4,2,21,18
"7546",6,5,12,7,10,7,9,6,1,5,9,7,4,7,9,5,1,6,1,0,1,0,0,6,1,4,3,30,19
"7547",7,16,12,7,10,12,9,6,1,5,12,7,10,7,9,6,1,5,6,6,5,6,0,6,5,1,1,41,24
"7548",8,16,12,13,12,12,10,6,1,16,12,7,10,12,9,6,1,6,0,0,1,5,4,6,1,3,2,49,25
"7549",9,16,12,13,16,17,10,6,1,16,12,13,12,12,10,6,1,5,4,0,5,0,0,4,5,4,1,53,30
"7550",10,16,12,17,16,17,10,11,1,16,12,13,16,17,10,6,1,3,5,4,3,5,0,4,5,3,3,57,35
"7551",11,19,12,17,16,19,10,11,1,16,12,17,16,17,10,11,1,3,0,0,5,5,2,3,2,1,1,60,37
"7552",12,19,12,17,21,19,10,11,1,19,12,17,16,19,10,11,1,5,5,0,5,0,0,5,0,4,0,65,37
"7553",0,0,0,0,0,0,0,0,0,0,0,0,0,0,0,0,0,0,0,0,0,0,0,0,0,0,0,0,0
"7554",1,1,1,1,6,4,1,1,1,1,1,1,1,1,1,1,1,5,2,3,2,3,0,5,3,4,1,5,3
"7555",2,1,1,1,8,4,2,7,1,1,1,1,6,4,1,1,1,2,0,0,6,3,6,2,6,4,3,7,10
"7556",3,7,1,5,8,4,2,7,4,1,1,1,8,4,2,7,1,3,6,0,3,0,0,6,3,1,4,17,13
"7557",4,7,1,7,8,6,2,7,4,7,1,5,8,4,2,7,4,2,1,2,1,2,0,2,2,3,1,19,15
"7558",5,7,2,7,8,10,8,7,4,7,1,7,8,6,2,7,4,1,0,0,2,6,6,1,6,2,2,20,25
"7559",6,17,2,7,8,10,8,9,4,7,2,7,8,10,8,7,4,2,6,0,2,0,0,6,2,1,3,30,27
"7560",7,17,2,10,14,10,8,9,5,17,2,7,8,10,8,9,4,1,1,6,1,1,0,6,1,4,4,39,28
"7561",8,17,3,10,14,10,8,9,10,17,2,10,14,10,8,9,5,1,0,0,3,5,6,1,5,2,4,40,33
"7562",9,17,4,16,14,10,11,9,10,17,3,10,14,10,8,9,10,3,6,0,3,0,0,6,3,3,2,47,36
"7563",10,17,9,16,14,12,11,9,10,17,4,16,14,10,11,9,10,2,5,4,2,4,0,5,2,2,1,52,38
"7564",11,21,9,16,14,14,11,9,10,17,9,16,14,12,11,9,10,4,0,0,2,4,2,4,2,1,1,56,40
"7565",12,21,11,16,14,14,11,9,10,21,9,16,14,14,11,9,10,4,2,0,4,0,0,2,0,2,0,58,40
"7566",0,0,0,0,0,0,0,0,0,0,0,0,0,0,0,0,0,0,0,0,0,0,0,0,0,0,0,0,0
"7567",1,1,4,7,1,1,1,2,1,1,1,1,1,1,1,1,1,1,3,6,1,3,0,6,1,3,3,9,1
"7568",2,1,7,7,1,1,1,4,1,1,4,7,1,1,1,2,1,3,0,0,1,2,4,3,2,2,3,12,3
"7569",3,1,11,7,1,1,2,4,1,1,7,7,1,1,1,4,1,1,4,0,1,0,0,4,1,2,2,16,4
"7570",4,7,11,9,1,1,2,4,5,1,11,7,1,1,2,4,1,6,1,4,1,4,0,6,4,1,4,24,8
"7571",5,7,11,10,1,3,2,4,11,7,11,9,1,1,2,4,5,1,0,0,3,6,4,1,6,3,4,25,16
"7572",6,7,11,14,1,3,2,4,14,7,11,10,1,3,2,4,11,3,4,0,3,0,0,4,3,3,4,29,19
"7573",7,12,11,14,1,3,7,4,14,7,11,14,1,3,2,4,14,5,5,3,5,3,0,5,5,1,2,34,24
"7574",8,12,11,17,1,5,7,4,14,12,11,14,1,3,7,4,14,3,0,0,2,4,1,3,2,3,1,37,26
"7575",9,12,15,17,1,5,7,4,15,12,11,17,1,5,7,4,14,4,1,0,1,0,0,4,1,2,4,41,27
"7576",10,12,17,17,1,7,7,4,15,12,15,17,1,5,7,4,15,3,2,2,3,2,0,2,2,2,1,43,29
"7577",11,15,17,17,1,15,7,4,15,12,17,17,1,7,7,4,15,3,0,0,2,6,6,3,6,1,1,46,37
"7578",12,17,22,17,7,15,7,1,15,15,17,17,1,15,7,4,15,2,6,0,2,0,0,6,0,4,0,59,34
"7579",0,0,0,0,0,0,0,0,0,0,0,0,0,0,0,0,0,0,0,0,0,0,0,0,0,0,0,0,0
"7580",1,1,1,1,6,1,2,1,1,1,1,1,1,1,1,1,1,5,1,1,1,1,0,5,1,4,2,5,1
"7581",2,1,2,1,6,1,2,1,3,1,1,1,6,1,2,1,1,1,0,0,2,4,1,1,2,2,4,6,3
"7582",3,5,2,1,6,2,2,1,3,1,2,1,6,1,2,1,3,4,1,0,1,0,0,4,1,1,1,10,4
"7583",4,11,3,1,6,2,6,1,3,5,2,1,6,2,2,1,3,4,6,4,4,4,0,6,4,1,2,17,8
"7584",5,11,3,5,6,6,6,1,3,11,3,1,6,2,6,1,3,4,0,0,4,3,6,4,4,3,1,21,12
"7585",6,12,3,11,12,6,9,1,3,11,3,5,6,6,6,1,3,3,6,0,3,0,0,6,3,4,2,34,15
"7586",7,12,3,13,12,8,9,1,3,12,3,11,12,6,9,1,3,2,2,4,2,4,0,2,2,3,1,36,17
"7587",8,12,7,13,12,8,15,1,4,12,3,13,12,8,9,1,3,4,0,0,2,6,6,4,6,2,2,40,24
"7588",9,15,13,13,12,8,15,1,6,12,7,13,12,8,15,1,4,2,6,0,2,0,0,6,2,2,4,49,26
"7589",10,15,13,23,18,8,15,1,9,15,13,13,12,8,15,1,6,3,4,6,3,4,0,6,3,4,4,65,29
"7590",11,19,13,23,18,9,15,1,9,15,13,23,18,8,15,1,9,4,0,0,1,5,2,4,1,1,1,69,30
"7591",12,19,13,25,18,9,15,1,9,19,13,23,18,9,15,1,9,5,2,0,5,0,0,2,0,3,0,71,30
"7592",0,0,0,0,0,0,0,0,0,0,0,0,0,0,0,0,0,0,0,0,0,0,0,0,0,0,0,0,0
"7593",1,10,1,1,1,5,1,1,1,1,1,1,1,1,1,1,1,6,4,4,4,4,0,6,4,1,1,9,4
"7594",2,10,1,1,5,5,1,6,1,10,1,1,1,5,1,1,1,4,0,0,5,4,2,4,5,4,3,13,9
"7595",3,10,5,1,5,5,3,6,1,10,1,1,5,5,1,6,1,4,2,0,2,0,0,4,2,2,2,17,11
"7596",4,10,8,1,5,5,8,6,1,10,5,1,5,5,3,6,1,4,5,3,4,5,0,3,5,2,2,20,16
"7597",5,10,8,1,9,10,8,6,7,10,8,1,5,5,8,6,1,4,0,0,2,6,1,4,6,4,4,24,27
"7598",6,10,10,1,9,11,8,6,7,10,8,1,9,10,8,6,7,2,1,0,1,0,0,2,1,2,1,26,28
"7599",7,15,10,1,9,11,8,6,11,10,10,1,9,11,8,6,7,5,4,5,4,5,0,5,4,1,4,31,32
"7600",8,15,10,6,9,11,8,7,17,15,10,1,9,11,8,6,11,5,0,0,6,2,1,5,6,3,4,36,39
"7601",9,15,10,6,11,12,8,7,17,15,10,6,9,11,8,7,17,2,1,0,1,0,0,2,1,4,1,38,40
"7602",10,15,14,6,11,12,8,8,17,15,10,6,11,12,8,7,17,1,1,4,1,1,0,4,1,2,3,42,41
"7603",11,15,14,7,11,12,8,12,17,15,14,6,11,12,8,8,17,1,0,0,4,3,1,1,4,3,3,43,45
"7604",12,18,14,7,11,12,8,12,17,15,14,7,11,12,8,12,17,3,1,0,1,0,0,3,0,1,0,46,45
"7605",0,0,0,0,0,0,0,0,0,0,0,0,0,0,0,0,0,0,0,0,0,0,0,0,0,0,0,0,0
"7606",1,1,1,1,4,1,2,1,1,1,1,1,1,1,1,1,1,2,3,1,2,1,0,3,1,4,2,3,1
"7607",2,3,1,1,4,5,2,1,1,1,1,1,4,1,2,1,1,2,0,0,4,6,2,2,4,1,1,5,5
"7608",3,9,1,1,7,5,4,1,1,3,1,1,4,5,2,1,1,6,2,0,2,0,0,6,2,1,2,14,7
"7609",4,9,7,1,8,14,10,1,1,9,1,1,7,5,4,1,1,6,3,6,3,6,0,6,6,2,2,21,22
"7610",5,12,7,1,8,14,15,1,1,9,7,1,8,14,10,1,1,3,0,0,2,6,5,3,5,1,2,24,27
"7611",6,12,7,7,13,16,15,1,1,12,7,1,8,14,15,1,1,2,6,0,2,0,0,6,2,3,1,35,29
"7612",7,12,10,7,13,16,15,2,1,12,7,7,13,16,15,1,1,3,1,2,1,2,0,3,1,2,3,38,30
"7613",8,12,12,7,13,16,15,3,1,12,10,7,13,16,15,2,1,2,0,0,1,1,6,2,1,2,3,40,31
"7614",9,12,16,13,13,16,15,3,2,12,12,7,13,16,15,3,1,1,6,0,1,0,0,6,1,3,4,50,32
"7615",10,12,16,14,13,16,15,6,2,12,16,13,13,16,15,3,2,3,4,1,3,4,0,1,3,3,3,51,35
"7616",11,16,16,14,13,18,15,6,2,12,16,14,13,16,15,6,2,4,0,0,2,5,1,4,2,1,1,55,37
"7617",12,17,16,14,13,18,15,6,2,16,16,14,13,18,15,6,2,5,1,0,5,0,0,1,0,1,0,56,37
"7618",0,0,0,0,0,0,0,0,0,0,0,0,0,0,0,0,0,0,0,0,0,0,0,0,0,0,0,0,0
"7619",1,1,1,2,7,1,7,1,5,1,1,1,1,1,1,1,1,6,2,6,2,6,0,6,6,4,2,7,10
"7620",2,1,1,4,7,1,11,1,5,1,1,2,7,1,7,1,5,2,0,0,4,1,3,2,4,3,2,9,14
"7621",3,1,4,4,7,1,12,1,5,1,1,4,7,1,11,1,5,1,3,0,1,0,0,3,1,2,2,12,15
"7622",4,1,4,5,7,4,12,1,5,1,4,4,7,1,12,1,5,3,1,1,3,1,0,1,3,3,1,13,18
"7623",5,2,4,5,7,4,12,6,5,1,4,5,7,4,12,1,5,1,0,0,6,4,5,1,5,1,3,14,23
"7624",6,2,4,9,13,4,12,6,9,2,4,5,7,4,12,6,5,6,4,0,4,0,0,6,4,4,4,24,27
"7625",7,2,4,14,13,4,16,6,9,2,4,9,13,4,12,6,9,4,5,3,4,3,0,5,4,3,2,29,31
"7626",8,2,4,17,13,4,21,6,9,2,4,14,13,4,16,6,9,3,0,0,3,5,3,3,5,3,2,32,36
"7627",9,2,4,17,16,4,21,9,9,2,4,17,13,4,21,6,9,3,3,0,3,0,0,3,3,4,3,35,39
"7628",10,2,4,27,16,1,21,9,12,2,4,17,16,4,21,9,9,3,4,5,3,4,0,5,3,3,4,45,39
"7629",11,2,8,27,16,1,22,9,12,2,4,27,16,1,21,9,12,4,0,0,1,4,4,4,1,2,2,49,40
"7630",12,2,8,27,20,1,22,9,12,2,8,27,16,1,22,9,12,4,4,0,4,0,0,4,0,4,0,53,40
"7631",0,0,0,0,0,0,0,0,0,0,0,0,0,0,0,0,0,0,0,0,0,0,0,0,0,0,0,0,0
"7632",1,1,1,6,1,7,1,1,5,1,1,1,1,1,1,1,1,4,6,5,4,6,0,5,6,3,1,5,10
"7633",2,5,1,6,1,7,6,1,5,1,1,6,1,7,1,1,5,4,0,0,5,4,5,4,5,1,2,9,15
"7634",3,5,1,11,1,7,10,1,5,5,1,6,1,7,6,1,5,4,5,0,4,0,0,5,4,3,2,14,19
"7635",4,11,1,16,1,11,10,1,5,5,1,11,1,7,10,1,5,2,6,4,2,4,0,6,4,1,1,25,23
"7636",5,11,1,18,1,15,10,1,5,11,1,16,1,11,10,1,5,2,0,0,6,2,4,2,4,3,1,27,27
"7637",6,11,1,29,1,15,10,1,7,11,1,18,1,15,10,1,5,6,2,0,2,0,0,6,2,3,4,38,29
"7638",7,16,1,35,1,15,10,4,7,11,1,29,1,15,10,1,7,3,6,3,3,3,0,6,3,3,3,49,32
"7639",8,16,1,38,1,15,13,4,7,16,1,35,1,15,10,4,7,3,0,0,6,3,4,3,3,3,2,52,35
"7640",9,27,7,39,1,19,13,1,7,16,1,38,1,15,13,4,7,6,4,0,4,0,0,6,4,2,1,108,36
"7641",10,34,7,39,1,21,1,1,7,27,7,39,1,19,13,1,7,4,2,2,2,2,0,4,2,1,1,115,26
"7642",11,36,7,39,1,26,1,1,7,34,7,39,1,21,1,1,7,2,0,0,5,3,3,2,5,1,1,117,31
"7643",12,36,10,39,1,26,1,1,7,36,7,39,1,26,1,1,7,3,3,0,3,0,0,3,0,2,0,120,31
"7644",0,0,0,0,0,0,0,0,0,0,0,0,0,0,0,0,0,0,0,0,0,0,0,0,0,0,0,0,0
"7645",1,1,1,1,3,3,1,1,1,1,1,1,1,1,1,1,1,2,2,2,2,2,0,2,2,4,1,2,2
"7646",2,3,1,1,3,9,1,4,1,1,1,1,3,3,1,1,1,2,0,0,6,6,4,2,6,1,1,4,11
"7647",3,9,1,1,5,13,1,4,1,3,1,1,3,9,1,4,1,6,4,0,4,0,0,6,4,1,1,12,15
"7648",4,9,1,1,7,15,7,4,1,9,1,1,5,13,1,4,1,2,2,6,2,6,0,2,6,4,2,14,23
"7649",5,9,1,1,9,15,12,4,1,9,1,1,7,15,7,4,1,2,0,0,5,5,5,2,5,4,2,16,28
"7650",6,14,1,1,9,15,17,4,1,9,1,1,9,15,12,4,1,5,5,0,5,0,0,5,5,1,2,21,33
"7651",7,19,1,1,9,15,22,4,1,14,1,1,9,15,17,4,1,5,5,6,5,6,0,5,5,1,2,26,38
"7652",8,19,2,1,15,18,22,4,1,19,1,1,9,15,22,4,1,6,0,0,1,3,4,6,3,4,1,33,41
"7653",9,19,2,1,19,19,22,4,1,19,2,1,15,18,22,4,1,1,4,0,1,0,0,4,1,4,1,37,42
"7654",10,19,2,8,19,19,2,4,1,19,2,1,19,19,22,4,1,1,1,3,1,1,0,3,1,3,2,44,22
"7655",11,19,3,8,19,19,2,4,5,19,2,8,19,19,2,4,1,1,0,0,2,5,4,1,4,2,4,45,26
"7656",12,19,3,8,21,19,2,4,5,19,3,8,19,19,2,4,5,2,5,0,5,0,0,2,0,4,0,47,26
"7657",0,0,0,0,0,0,0,0,0,0,0,0,0,0,0,0,0,0,0,0,0,0,0,0,0,0,0,0,0
"7658",1,6,1,1,1,1,4,1,1,1,1,1,1,1,1,1,1,5,1,3,1,3,0,5,3,1,2,5,3
"7659",2,7,1,1,1,6,4,1,1,6,1,1,1,1,4,1,1,1,0,0,6,5,3,1,5,1,1,6,8
"7660",3,10,1,7,7,6,4,1,4,7,1,1,1,6,4,1,1,6,3,0,3,0,0,6,3,3,4,21,11
"7661",4,10,6,7,7,10,4,1,4,10,1,7,7,6,4,1,4,2,5,4,2,4,0,5,4,2,1,26,15
"7662",5,10,6,7,9,10,10,1,14,10,6,7,7,10,4,1,4,2,0,0,2,6,5,2,6,4,4,28,31
"7663",6,10,6,12,9,10,12,1,14,10,6,7,9,10,10,1,14,2,5,0,2,0,0,5,2,3,2,33,33
"7664",7,10,6,17,9,10,16,1,14,10,6,12,9,10,12,1,14,2,5,4,2,4,0,5,4,3,2,38,37
"7665",8,10,6,17,11,11,22,1,14,10,6,17,9,10,16,1,14,2,0,0,6,1,1,2,6,4,2,40,44
"7666",9,11,6,17,11,11,23,1,14,10,6,17,11,11,22,1,14,1,1,0,1,0,0,1,1,1,2,41,45
"7667",10,11,6,17,15,11,23,5,14,11,6,17,11,11,23,1,14,4,4,2,4,2,0,4,4,4,3,45,49
"7668",11,11,6,19,15,16,23,5,14,11,6,17,15,11,23,5,14,2,0,0,5,3,4,2,5,3,1,47,54
"7669",12,11,6,19,19,16,23,5,14,11,6,19,15,16,23,5,14,3,4,0,3,0,0,4,0,4,0,51,54
"7670",0,0,0,0,0,0,0,0,0,0,0,0,0,0,0,0,0,0,0,0,0,0,0,0,0,0,0,0,0
"7671",1,7,5,1,1,1,1,5,1,1,1,1,1,1,1,1,1,3,6,4,3,4,0,6,4,1,3,10,4
"7672",2,7,8,1,1,1,1,9,1,7,5,1,1,1,1,5,1,3,0,0,4,6,4,3,4,2,3,13,8
"7673",3,13,8,2,1,1,1,13,1,7,8,1,1,1,1,9,1,6,4,0,4,0,0,6,4,1,3,20,12
"7674",4,13,14,5,1,1,4,13,1,13,8,2,1,1,1,13,1,6,3,4,3,4,0,6,3,2,2,29,15
"7675",5,13,14,9,1,1,4,13,3,13,14,5,1,1,4,13,1,4,0,0,2,2,3,4,2,3,4,33,17
"7676",6,13,16,9,1,1,4,13,6,13,14,9,1,1,4,13,3,2,3,0,3,0,0,2,3,2,4,35,20
"7677",7,13,16,14,7,1,4,18,6,13,16,9,1,1,4,13,6,6,5,3,5,3,0,6,5,4,3,46,25
"7678",8,16,16,14,7,1,4,21,6,13,16,14,7,1,4,18,6,3,0,0,1,1,3,3,3,1,3,49,28
"7679",9,16,16,15,7,1,5,21,6,16,16,14,7,1,4,21,6,1,1,0,1,0,0,1,1,3,2,50,29
"7680",10,16,16,19,13,1,5,24,6,16,16,15,7,1,5,21,6,5,3,6,5,3,0,6,3,4,3,60,32
"7681",11,16,21,19,13,1,5,24,10,16,16,19,13,1,5,24,6,5,0,0,5,6,4,5,4,2,4,65,36
"7682",12,21,21,19,13,1,5,24,10,16,21,19,13,1,5,24,10,5,6,0,6,0,0,5,0,1,0,70,36
"7683",0,0,0,0,0,0,0,0,0,0,0,0,0,0,0,0,0,0,0,0,0,0,0,0,0,0,0,0,0
"7684",1,2,1,1,7,1,1,5,1,1,1,1,1,1,1,1,1,4,4,6,4,4,0,6,4,4,3,7,4
"7685",2,2,1,5,7,6,1,5,1,2,1,1,7,1,1,5,1,4,0,0,4,5,2,4,5,3,1,11,9
"7686",3,2,1,9,7,8,1,5,1,2,1,5,7,6,1,5,1,4,2,0,2,0,0,4,2,3,1,15,11
"7687",4,2,4,9,7,8,2,5,1,2,1,9,7,8,1,5,1,1,1,3,1,1,0,3,1,2,2,18,12
"7688",5,2,4,9,8,8,2,10,1,2,4,9,7,8,2,5,1,1,0,0,5,2,5,1,5,4,3,19,17
"7689",6,2,4,14,8,8,4,10,1,2,4,9,8,8,2,10,1,2,5,0,2,0,0,5,2,3,2,24,19
"7690",7,2,8,14,8,8,8,10,1,2,4,14,8,8,4,10,1,4,4,1,4,1,0,4,4,2,2,28,23
"7691",8,3,8,14,8,17,8,10,1,2,8,14,8,8,8,10,1,1,0,0,6,1,3,1,6,1,1,29,32
"7692",9,3,11,14,8,17,9,10,1,3,8,14,8,17,8,10,1,1,3,0,1,0,0,3,1,2,2,32,33
"7693",10,1,16,14,8,23,21,10,1,3,11,14,8,17,9,10,1,5,2,6,2,6,0,5,6,2,2,35,51
"7694",11,3,1,14,8,23,3,12,1,1,16,14,8,23,21,10,1,2,0,0,2,6,1,2,2,1,2,22,35
"7695",12,3,1,14,9,23,3,12,1,3,1,14,8,23,3,12,1,6,1,0,6,0,0,1,0,4,0,23,35
"7696",0,0,0,0,0,0,0,0,0,0,0,0,0,0,0,0,0,0,0,0,0,0,0,0,0,0,0,0,0
"7697",1,1,1,4,1,1,1,1,4,1,1,1,1,1,1,1,1,3,3,2,3,2,0,3,3,3,4,3,3
"7698",2,1,3,4,1,1,5,1,4,1,1,4,1,1,1,1,4,2,0,0,4,4,4,2,4,2,2,5,7
"7699",3,1,7,4,1,1,9,1,4,1,3,4,1,1,5,1,4,4,4,0,4,0,0,4,4,2,2,9,11
"7700",4,1,7,9,7,5,9,1,4,1,7,4,1,1,9,1,4,6,2,4,2,4,0,6,4,4,1,20,15
"7701",5,1,9,9,7,5,9,1,5,1,7,9,7,5,9,1,4,2,0,0,1,1,1,2,1,2,4,22,16
"7702",6,1,9,10,7,5,10,1,5,1,9,9,7,5,9,1,5,1,1,0,1,0,0,1,1,3,2,23,17
"7703",7,1,9,13,7,5,10,1,7,1,9,10,7,5,10,1,5,1,2,3,1,2,0,3,2,3,4,26,19
"7704",8,1,10,13,7,8,10,1,7,1,9,13,7,5,10,1,7,1,0,0,1,3,3,1,3,2,1,27,22
"7705",9,1,10,13,10,9,10,1,7,1,10,13,7,8,10,1,7,1,3,0,1,0,0,3,1,4,1,30,23
"7706",10,1,10,13,15,9,10,1,11,1,10,13,10,9,10,1,7,4,5,2,4,2,0,5,4,4,4,35,27
"7707",11,1,10,15,15,9,15,1,11,1,10,13,15,9,10,1,11,2,0,0,5,6,2,2,5,3,2,37,32
"7708",12,3,10,15,15,9,15,1,11,1,10,15,15,9,15,1,11,6,2,0,6,0,0,2,0,1,0,39,32
"7709",0,0,0,0,0,0,0,0,0,0,0,0,0,0,0,0,0,0,0,0,0,0,0,0,0,0,0,0,0
"7710",1,5,1,1,1,1,1,1,6,1,1,1,1,1,1,1,1,4,3,5,3,5,0,4,5,1,4,4,5
"7711",2,5,1,1,4,1,9,1,6,5,1,1,1,1,1,1,6,3,0,0,3,1,6,3,6,4,2,7,13
"7712",3,8,1,1,4,1,9,1,7,5,1,1,4,1,9,1,6,3,1,0,1,0,0,3,1,1,4,10,14
"7713",4,8,1,2,4,1,9,5,7,8,1,1,4,1,9,1,7,1,1,4,1,4,0,1,4,3,3,11,18
"7714",5,8,1,2,5,7,9,10,7,8,1,2,4,1,9,5,7,1,0,0,6,2,5,1,6,4,1,12,29
"7715",6,8,1,2,10,7,11,10,7,8,1,2,5,7,9,10,7,2,5,0,2,0,0,5,2,4,2,17,31
"7716",7,10,1,2,10,13,11,12,7,8,1,2,10,7,11,10,7,2,6,3,6,3,0,2,6,1,1,19,39
"7717",8,10,4,2,10,13,13,12,7,10,1,2,10,13,11,12,7,3,0,0,2,6,3,3,2,2,2,22,41
"7718",9,10,10,3,10,16,13,12,7,10,4,2,10,13,13,12,7,6,3,0,3,0,0,6,3,2,1,29,44
"7719",10,10,16,3,18,16,20,12,7,10,10,3,10,16,13,12,7,3,6,6,3,6,0,6,6,4,2,43,51
"7720",11,10,16,3,21,18,20,12,7,10,16,3,18,16,20,12,7,3,0,0,2,4,6,3,2,4,1,46,53
"7721",12,10,16,9,23,18,20,12,7,10,16,3,21,18,20,12,7,4,6,0,4,0,0,6,0,3,0,54,53
"7722",0,0,0,0,0,0,0,0,0,0,0,0,0,0,0,0,0,0,0,0,0,0,0,0,0,0,0,0,0
"7723",1,6,1,1,1,1,6,1,1,1,1,1,1,1,1,1,1,5,1,5,1,5,0,5,5,1,2,5,5
"7724",2,7,1,1,1,1,6,1,6,6,1,1,1,1,6,1,1,1,0,0,5,4,5,1,5,1,4,6,10
"7725",3,7,1,5,1,6,6,1,6,7,1,1,1,1,6,1,6,4,5,0,5,0,0,4,5,3,1,10,15
"7726",4,7,1,10,1,6,6,6,6,7,1,5,1,6,6,1,6,5,1,5,1,5,0,5,5,3,3,15,20
"7727",5,7,1,11,1,11,6,6,6,7,1,10,1,6,6,6,6,1,0,0,4,4,5,1,5,3,1,16,25
"7728",6,7,5,11,1,15,6,6,6,7,1,11,1,11,6,6,6,4,4,0,4,0,0,4,4,2,1,20,29
"7729",7,7,9,11,1,21,11,12,6,7,5,11,1,15,6,6,6,4,1,6,1,6,0,4,6,2,3,24,46
"7730",8,8,9,11,1,21,14,12,6,7,9,11,1,21,11,12,6,1,0,0,6,3,6,1,3,1,2,25,49
"7731",9,1,15,11,1,31,14,12,6,8,9,11,1,21,14,12,6,6,6,0,6,0,0,6,6,2,1,24,59
"7732",10,1,15,13,4,5,14,12,6,1,15,11,1,31,14,12,6,2,4,2,4,2,0,2,4,3,1,29,33
"7733",11,1,17,13,4,14,14,12,6,1,15,13,4,5,14,12,6,2,0,0,3,6,4,2,6,2,1,31,42
"7734",12,1,17,16,4,14,14,12,6,1,17,13,4,14,14,12,6,3,4,0,4,0,0,3,0,3,0,34,42
"7735",0,0,0,0,0,0,0,0,0,0,0,0,0,0,0,0,0,0,0,0,0,0,0,0,0,0,0,0,0
"7736",1,1,1,6,1,4,1,1,1,1,1,1,1,1,1,1,1,5,3,5,3,5,0,5,3,3,1,5,3
"7737",2,1,1,11,1,4,5,1,1,1,1,6,1,4,1,1,1,5,0,0,4,5,1,5,4,3,2,10,7
"7738",3,1,6,11,1,5,5,1,1,1,1,11,1,4,5,1,1,5,1,0,1,0,0,5,1,2,1,15,8
"7739",4,4,12,11,7,5,11,5,7,1,6,11,1,5,5,1,1,6,6,1,6,1,0,6,6,2,2,30,24
"7740",5,4,12,12,7,5,15,5,7,4,12,11,7,5,11,5,7,1,0,0,2,4,1,1,4,3,2,31,28
"7741",6,4,14,12,7,5,15,5,8,4,12,12,7,5,15,5,7,2,1,0,1,0,0,2,1,2,4,33,29
"7742",7,4,14,12,16,5,21,5,13,4,14,12,7,5,15,5,8,6,6,2,6,2,0,6,6,4,2,42,40
"7743",8,4,16,12,16,9,21,11,13,4,14,12,16,5,21,5,13,2,0,0,1,3,6,2,6,2,3,44,50
"7744",9,4,16,15,16,9,21,12,13,4,16,12,16,9,21,11,13,1,3,0,1,0,0,3,1,3,3,47,51
"7745",10,4,16,20,16,9,21,12,15,4,16,15,16,9,21,12,13,2,2,5,2,2,0,5,2,3,4,52,53
"7746",11,6,16,20,16,20,21,12,15,4,16,20,16,9,21,12,15,2,0,0,6,1,1,2,6,1,1,54,64
"7747",12,6,17,20,16,20,21,12,15,6,16,20,16,20,21,12,15,1,1,0,1,0,0,1,0,2,0,55,64
"7748",0,0,0,0,0,0,0,0,0,0,0,0,0,0,0,0,0,0,0,0,0,0,0,0,0,0,0,0,0
"7749",1,1,1,1,5,10,1,1,1,1,1,1,1,1,1,1,1,3,4,6,3,6,0,4,6,4,1,4,9
"7750",2,1,1,4,5,10,1,6,1,1,1,1,5,10,1,1,1,3,0,0,5,6,5,3,5,3,3,7,14
"7751",3,1,1,9,5,10,8,6,1,1,1,4,5,10,1,6,1,6,5,0,6,0,0,5,6,3,2,12,21
"7752",4,1,1,13,5,10,8,6,6,1,1,9,5,10,8,6,1,4,2,5,2,5,0,4,5,3,4,16,26
"7753",5,1,3,13,5,16,12,6,6,1,1,13,5,10,8,6,6,2,0,0,6,5,1,2,6,2,1,18,36
"7754",6,1,3,13,10,16,12,6,7,1,3,13,5,16,12,6,6,5,1,0,1,0,0,5,1,4,4,23,37
"7755",7,1,8,13,10,16,12,10,7,1,3,13,10,16,12,6,7,4,1,5,4,1,0,5,4,2,3,28,41
"7756",8,1,8,13,11,16,16,10,7,1,8,13,10,16,12,10,7,1,0,0,4,4,6,1,4,4,2,29,45
"7757",9,1,18,13,11,20,16,10,7,1,8,13,11,16,16,10,7,4,6,0,4,0,0,6,4,2,1,39,49
"7758",10,2,18,13,12,1,21,10,7,1,18,13,11,20,16,10,7,1,5,3,5,3,0,1,5,1,2,41,35
"7759",11,2,18,16,12,5,21,10,7,2,18,13,12,1,21,10,7,3,0,0,6,1,4,3,4,3,1,44,39
"7760",12,2,18,16,21,5,21,10,7,2,18,16,12,5,21,10,7,6,1,0,1,0,0,6,0,4,0,53,39
"7761",0,0,0,0,0,0,0,0,0,0,0,0,0,0,0,0,0,0,0,0,0,0,0,0,0,0,0,0,0
"7762",1,7,1,1,6,1,1,1,5,1,1,1,1,1,1,1,1,4,1,6,4,1,0,6,4,1,4,11,4
"7763",2,8,1,1,6,1,1,9,5,7,1,1,6,1,1,1,5,1,0,0,6,6,4,1,6,1,3,12,12
"7764",3,8,4,7,6,1,5,9,5,8,1,1,6,1,1,9,5,6,4,0,4,0,0,6,4,3,2,21,16
"7765",4,8,8,7,6,1,5,9,10,8,4,7,6,1,5,9,5,1,4,5,1,5,0,4,5,2,4,25,21
"7766",5,9,8,7,6,1,5,9,13,8,8,7,6,1,5,9,10,1,0,0,2,3,1,1,3,1,4,26,24
"7767",6,11,8,7,6,1,6,9,13,9,8,7,6,1,5,9,13,2,1,0,1,0,0,2,1,1,2,28,25
"7768",7,16,8,7,6,1,6,9,14,11,8,7,6,1,6,9,13,5,2,1,2,1,0,5,1,1,4,33,26
"7769",8,16,10,7,6,1,6,9,16,16,8,7,6,1,6,9,14,2,0,0,6,2,1,2,2,2,4,35,28
"7770",9,16,10,13,10,2,6,9,16,16,10,7,6,1,6,9,16,6,1,0,1,0,0,6,1,3,1,45,29
"7771",10,16,13,19,10,5,6,9,16,16,10,13,10,2,6,9,16,6,6,3,6,3,0,6,3,3,1,54,32
"7772",11,19,13,19,16,8,6,9,16,16,13,19,10,5,6,9,16,6,0,0,3,3,4,6,3,4,1,63,35
"7773",12,19,13,19,20,8,6,9,16,19,13,19,16,8,6,9,16,3,4,0,3,0,0,4,0,4,0,67,35
"7774",0,0,0,0,0,0,0,0,0,0,0,0,0,0,0,0,0,0,0,0,0,0,0,0,0,0,0,0,0
"7775",1,4,1,1,1,1,2,1,1,1,1,1,1,1,1,1,1,1,3,2,1,2,0,3,1,1,2,3,1
"7776",2,6,1,1,1,1,2,5,1,4,1,1,1,1,2,1,1,2,0,0,1,4,5,2,4,1,3,5,5
"7777",3,6,1,6,1,1,2,5,2,6,1,1,1,1,2,5,1,1,5,0,1,0,0,5,1,3,4,10,6
"7778",4,8,1,6,7,1,2,5,4,6,1,6,1,1,2,5,2,6,2,5,2,5,0,6,2,4,4,18,8
"7779",5,8,6,6,7,1,2,5,7,8,1,6,7,1,2,5,4,5,0,0,3,3,1,5,3,2,4,23,11
"7780",6,8,9,6,7,1,3,5,7,8,6,6,7,1,2,5,7,3,1,0,1,0,0,3,1,2,2,26,12
"7781",7,10,9,12,7,3,3,5,7,8,9,6,7,1,3,5,7,2,6,5,2,5,0,6,2,3,1,34,14
"7782",8,15,9,12,7,7,3,5,7,10,9,12,7,3,3,5,7,5,0,0,3,4,4,5,4,1,1,39,18
"7783",9,15,9,15,7,11,3,5,7,15,9,12,7,7,3,5,7,3,4,0,4,0,0,3,4,3,1,42,22
"7784",10,20,9,15,13,11,3,9,7,15,9,15,7,11,3,5,7,3,4,6,3,4,0,6,4,4,3,53,26
"7785",11,20,9,15,16,15,3,9,7,20,9,15,13,11,3,9,7,3,0,0,4,4,6,3,4,4,1,56,30
"7786",12,20,9,28,16,15,1,1,7,20,9,15,16,15,3,9,7,4,6,0,4,0,0,6,0,3,0,69,20
"7787",0,0,0,0,0,0,0,0,0,0,0,0,0,0,0,0,0,0,0,0,0,0,0,0,0,0,0,0,0
"7788",1,7,5,1,1,1,4,1,1,1,1,1,1,1,1,1,1,6,3,3,3,3,0,6,3,1,2,10,3
"7789",2,10,5,1,1,1,7,1,1,7,5,1,1,1,4,1,1,3,0,0,6,2,3,3,3,1,2,13,6
"7790",3,10,11,3,1,1,7,3,1,10,5,1,1,1,7,1,1,6,2,0,2,0,0,6,2,2,3,21,8
"7791",4,10,16,3,1,1,8,3,1,10,11,3,1,1,7,3,1,1,3,5,1,3,0,5,1,2,2,26,9
"7792",5,13,16,3,1,3,8,3,1,10,16,3,1,1,8,3,1,3,0,0,2,3,3,3,2,1,1,29,11
"7793",6,13,16,6,1,6,8,3,1,13,16,3,1,3,8,3,1,3,3,0,3,0,0,3,3,3,1,32,14
"7794",7,13,16,11,1,8,8,3,1,13,16,6,1,6,8,3,1,5,2,3,2,3,0,5,2,3,1,37,16
"7795",8,13,16,11,4,8,9,3,1,13,16,11,1,8,8,3,1,3,0,0,1,1,1,3,1,4,2,40,17
"7796",9,14,16,11,4,8,9,4,1,13,16,11,4,8,9,3,1,1,1,0,1,0,0,1,1,1,3,41,18
"7797",10,14,19,17,4,9,9,4,1,14,16,11,4,8,9,4,1,6,1,3,1,3,0,6,1,3,1,50,19
"7798",11,17,19,17,4,9,9,6,1,14,19,17,4,9,9,4,1,3,0,0,4,4,2,3,2,1,3,53,21
"7799",12,17,19,17,8,9,9,6,1,17,19,17,4,9,9,6,1,4,4,0,4,0,0,4,0,4,0,57,21
"7800",0,0,0,0,0,0,0,0,0,0,0,0,0,0,0,0,0,0,0,0,0,0,0,0,0,0,0,0,0
"7801",1,1,3,7,7,4,1,7,1,1,1,1,1,1,1,1,1,6,6,3,6,3,0,6,6,4,3,14,9
"7802",2,1,3,7,10,8,1,7,1,1,3,7,7,4,1,7,1,3,0,0,3,4,6,3,4,4,1,17,13
"7803",3,7,5,7,10,8,1,7,4,1,3,7,10,8,1,7,1,3,6,0,3,0,0,6,3,1,4,25,16
"7804",4,7,5,9,10,9,1,7,4,7,5,7,10,8,1,7,4,2,1,2,1,2,0,2,1,3,1,27,17
"7805",5,9,5,9,10,9,1,8,10,7,5,9,10,9,1,7,4,2,0,0,5,6,3,2,6,1,4,29,24
"7806",6,14,5,9,10,9,4,8,10,9,5,9,10,9,1,8,10,5,3,0,3,0,0,5,3,1,2,34,27
"7807",7,14,10,9,10,9,4,13,10,14,5,9,10,9,4,8,10,5,1,5,1,5,0,5,5,2,3,39,32
"7808",8,14,11,9,10,10,4,13,10,14,10,9,10,9,4,13,10,1,0,0,1,4,6,1,1,2,1,40,33
"7809",9,14,11,15,13,10,4,17,10,14,11,9,10,10,4,13,10,4,6,0,4,0,0,6,4,3,3,49,37
"7810",10,14,11,20,13,10,4,21,10,14,11,15,13,10,4,17,10,1,5,4,1,4,0,5,4,3,3,54,41
"7811",11,14,11,20,14,11,4,21,10,14,11,20,13,10,4,21,10,1,0,0,1,5,3,1,1,4,1,55,42
"7812",12,14,11,25,14,11,4,21,10,14,11,20,14,11,4,21,10,5,3,0,3,0,0,5,0,3,0,60,42
"7813",0,0,0,0,0,0,0,0,0,0,0,0,0,0,0,0,0,0,0,0,0,0,0,0,0,0,0,0,0
"7814",1,1,6,1,1,1,1,5,1,1,1,1,1,1,1,1,1,4,5,3,4,3,0,5,4,2,3,5,4
"7815",2,4,6,1,1,1,3,5,1,1,6,1,1,1,1,5,1,3,0,0,2,4,4,3,2,1,2,8,6
"7816",3,4,6,1,5,1,7,5,1,4,6,1,1,1,3,5,1,4,4,0,4,0,0,4,4,4,2,12,10
"7817",4,12,6,1,5,1,9,5,1,4,6,1,5,1,7,5,1,6,2,1,2,1,0,6,2,1,2,20,12
"7818",5,12,6,2,5,1,9,8,1,12,6,1,5,1,9,5,1,1,0,0,3,6,5,1,3,3,3,21,15
"7819",6,12,6,10,5,1,14,8,1,12,6,2,5,1,9,8,1,6,5,0,5,0,0,6,5,3,2,29,20
"7820",7,12,11,10,5,1,14,12,1,12,6,10,5,1,14,8,1,4,5,4,4,4,0,5,4,2,3,34,24
"7821",8,12,11,10,9,1,25,12,1,12,11,10,5,1,14,12,1,4,0,0,4,3,6,4,6,4,2,38,35
"7822",9,12,11,14,9,4,25,12,1,12,11,10,9,1,25,12,1,4,3,0,3,0,0,4,3,3,1,42,38
"7823",10,17,11,14,9,4,25,12,4,12,11,14,9,4,25,12,1,3,5,5,3,5,0,5,3,1,4,47,41
"7824",11,17,11,19,1,10,27,15,4,17,11,14,9,4,25,12,4,5,0,0,1,2,2,5,2,3,2,44,52
"7825",12,17,11,19,3,10,27,15,4,17,11,19,1,10,27,15,4,1,2,0,1,0,0,2,0,4,0,46,52
"7826",0,0,0,0,0,0,0,0,0,0,0,0,0,0,0,0,0,0,0,0,0,0,0,0,0,0,0,0,0
"7827",1,1,4,7,1,1,1,6,1,1,1,1,1,1,1,1,1,6,1,5,1,5,0,6,5,3,3,9,5
"7828",2,1,4,8,1,1,5,6,1,1,4,7,1,1,1,6,1,1,0,0,2,4,1,1,4,3,2,10,9
"7829",3,1,4,8,3,1,6,6,1,1,4,8,1,1,5,6,1,2,1,0,1,0,0,2,1,4,2,12,10
"7830",4,5,4,8,9,1,7,6,1,1,4,8,3,1,6,6,1,1,6,3,1,3,0,6,1,4,2,22,11
"7831",5,5,7,8,9,7,7,8,1,5,4,8,9,1,7,6,1,3,0,0,1,6,6,3,6,2,1,25,19
"7832",6,9,7,14,9,7,7,8,2,5,7,8,9,7,7,8,1,1,6,0,1,0,0,6,1,3,4,35,20
"7833",7,10,13,14,15,7,7,8,7,9,7,14,9,7,7,8,2,6,5,1,5,1,0,6,5,2,4,48,25
"7834",8,11,13,14,15,11,7,8,7,10,13,14,15,7,7,8,7,1,0,0,4,6,3,1,4,1,1,49,29
"7835",9,17,15,14,15,11,10,8,7,11,13,14,15,11,7,8,7,6,3,0,3,0,0,6,3,1,2,57,32
"7836",10,17,15,14,18,13,16,8,7,17,15,14,15,11,10,8,7,3,2,6,2,6,0,3,6,4,2,60,40
"7837",11,19,15,14,18,17,16,8,7,17,15,14,18,13,16,8,7,2,0,0,4,3,2,2,4,1,1,62,44
"7838",12,21,15,14,18,17,16,8,7,19,15,14,18,17,16,8,7,3,2,0,3,0,0,2,0,1,0,64,44
"7839",0,0,0,0,0,0,0,0,0,0,0,0,0,0,0,0,0,0,0,0,0,0,0,0,0,0,0,0,0
"7840",1,6,1,7,1,1,1,4,1,1,1,1,1,1,1,1,1,6,1,3,1,3,0,6,3,3,3,11,3
"7841",2,6,1,8,1,4,1,4,1,6,1,7,1,1,1,4,1,1,0,0,3,2,2,1,3,3,1,12,6
"7842",3,8,1,8,1,4,3,4,1,6,1,8,1,4,1,4,1,2,2,0,2,0,0,2,2,1,2,14,8
"7843",4,8,6,8,1,8,3,4,1,8,1,8,1,4,3,4,1,5,4,5,4,5,0,5,4,2,1,19,12
"7844",5,8,6,13,1,13,3,4,7,8,6,8,1,8,3,4,1,5,0,0,1,6,2,5,6,3,4,24,23
"7845",6,10,6,13,1,14,3,4,7,8,6,13,1,13,3,4,7,1,2,0,1,0,0,2,1,1,1,26,24
"7846",7,16,11,13,7,14,3,4,8,10,6,13,1,14,3,4,7,1,4,6,1,4,0,6,1,1,4,43,25
"7847",8,16,11,17,7,15,3,4,8,16,11,13,7,14,3,4,8,4,0,0,1,4,1,4,1,3,1,47,26
"7848",9,16,15,17,7,15,3,4,9,16,11,17,7,15,3,4,8,4,1,0,1,0,0,4,1,2,4,51,27
"7849",10,16,15,17,12,16,3,4,9,16,15,17,7,15,3,4,9,1,5,1,1,1,0,5,1,4,1,56,28
"7850",11,17,15,17,12,17,3,4,9,16,15,17,12,16,3,4,9,1,0,0,1,3,3,1,1,1,1,57,29
"7851",12,17,15,17,15,17,3,4,9,17,15,17,12,17,3,4,9,3,3,0,3,0,0,3,0,4,0,60,29
"7852",0,0,0,0,0,0,0,0,0,0,0,0,0,0,0,0,0,0,0,0,0,0,0,0,0,0,0,0,0
"7853",1,1,6,1,1,1,1,1,5,1,1,1,1,1,1,1,1,5,5,4,5,4,0,5,4,2,4,5,4
"7854",2,6,6,1,1,1,4,1,5,1,6,1,1,1,1,1,5,5,0,0,1,3,3,5,3,1,2,10,7
"7855",3,6,9,1,1,1,5,1,5,6,6,1,1,1,4,1,5,1,3,0,1,0,0,3,1,2,2,13,8
"7856",4,8,9,1,1,1,6,1,5,6,9,1,1,1,5,1,5,1,1,2,1,1,0,2,1,1,2,15,9
"7857",5,8,9,1,2,6,6,1,5,8,9,1,1,1,6,1,5,1,0,0,5,4,1,1,5,4,1,16,14
"7858",6,8,9,5,2,6,6,1,6,8,9,1,2,6,6,1,5,4,1,0,1,0,0,4,1,3,4,20,15
"7859",7,8,9,11,4,10,6,1,6,8,9,5,2,6,6,1,6,1,4,6,1,4,0,6,4,3,1,28,19
"7860",8,9,9,11,4,10,6,4,6,8,9,11,4,10,6,1,6,1,0,0,3,3,3,1,3,1,3,29,22
"7861",9,9,9,14,4,13,6,4,6,9,9,11,4,10,6,4,6,3,3,0,3,0,0,3,3,3,1,32,25
"7862",10,9,9,14,9,16,6,4,6,9,9,14,4,13,6,4,6,3,5,5,3,5,0,5,3,4,1,37,28
"7863",11,14,9,14,9,19,6,4,6,9,9,14,9,16,6,4,6,5,0,0,3,5,1,5,3,1,1,42,31
"7864",12,14,14,14,9,19,6,4,6,14,9,14,9,19,6,4,6,5,1,0,1,0,0,5,0,2,0,47,31
"7865",0,0,0,0,0,0,0,0,0,0,0,0,0,0,0,0,0,0,0,0,0,0,0,0,0,0,0,0,0
"7866",1,1,1,3,1,1,2,1,7,1,1,1,1,1,1,1,1,2,4,6,4,6,0,2,6,3,4,2,7
"7867",2,5,1,3,1,4,2,1,7,1,1,3,1,1,2,1,7,4,0,0,2,3,3,4,3,1,1,6,10
"7868",3,5,1,3,4,4,4,1,7,5,1,3,1,4,2,1,7,2,3,0,2,0,0,3,2,4,2,9,12
"7869",4,5,1,7,4,4,4,4,7,5,1,3,4,4,4,1,7,3,4,2,3,2,0,4,3,3,3,13,15
"7870",5,7,1,7,4,4,4,4,8,5,1,7,4,4,4,4,7,2,0,0,1,1,1,2,1,1,4,15,16
"7871",6,8,1,7,4,4,5,4,8,7,1,7,4,4,4,4,8,1,1,0,1,0,0,1,1,1,2,16,17
"7872",7,8,1,11,4,4,5,5,8,8,1,7,4,4,5,4,8,4,1,3,1,3,0,4,1,3,3,20,18
"7873",8,8,1,14,4,6,5,5,8,8,1,11,4,4,5,5,8,3,0,0,1,6,2,3,2,3,1,23,20
"7874",9,8,7,14,8,6,5,6,8,8,1,14,4,6,5,5,8,1,6,0,1,0,0,6,1,2,3,33,21
"7875",10,8,11,14,8,6,5,8,8,8,7,14,8,6,5,6,8,2,4,2,2,2,0,4,2,2,3,37,23
"7876",11,8,11,14,10,6,5,13,8,8,11,14,8,6,5,8,8,2,0,0,6,2,5,2,5,4,3,39,28
"7877",12,8,11,16,10,6,5,13,8,8,11,14,10,6,5,13,8,6,2,0,6,0,0,2,0,3,0,41,28
"7878",0,0,0,0,0,0,0,0,0,0,0,0,0,0,0,0,0,0,0,0,0,0,0,0,0,0,0,0,0
"7879",1,1,1,11,1,6,1,7,1,1,1,1,1,1,1,1,1,5,6,6,5,6,0,6,6,3,3,10,11
"7880",2,1,1,11,6,6,6,7,1,1,1,11,1,6,1,7,1,5,0,0,5,2,3,5,5,4,2,15,16
"7881",3,1,1,11,9,6,6,7,3,1,1,11,6,6,6,7,1,2,3,0,2,0,0,3,2,4,4,18,18
"7882",4,5,1,11,9,6,6,8,3,1,1,11,9,6,6,7,3,1,2,4,1,2,0,4,1,1,3,22,19
"7883",5,5,1,11,11,6,6,8,7,5,1,11,9,6,6,8,3,2,0,0,4,4,5,2,4,4,4,24,23
"7884",6,5,1,11,16,10,6,8,7,5,1,11,11,6,6,8,7,4,5,0,4,0,0,5,4,4,1,29,27
"7885",7,5,1,16,16,10,8,8,7,5,1,11,16,10,6,8,7,5,3,2,3,2,0,5,2,3,2,34,29
"7886",8,5,4,16,16,10,8,12,7,5,1,16,16,10,8,8,7,3,0,0,1,4,1,3,4,2,3,37,33
"7887",9,6,4,16,16,11,8,12,7,5,4,16,16,10,8,12,7,1,1,0,1,0,0,1,1,1,1,38,34
"7888",10,6,4,16,21,11,8,12,11,6,4,16,16,11,8,12,7,5,2,4,2,4,0,5,4,4,4,43,38
"7889",11,6,6,16,21,11,8,12,12,6,4,16,21,11,8,12,11,2,0,0,1,1,6,2,1,2,4,45,39
"7890",12,6,6,17,21,11,8,12,12,6,6,16,21,11,8,12,12,1,6,0,6,0,0,1,0,3,0,46,39
"7891",0,0,0,0,0,0,0,0,0,0,0,0,0,0,0,0,0,0,0,0,0,0,0,0,0,0,0,0,0
"7892",1,7,5,1,1,1,6,1,1,1,1,1,1,1,1,1,1,5,5,6,5,5,0,6,5,1,2,10,5
"7893",2,7,10,1,1,7,6,1,3,7,5,1,1,1,6,1,1,5,0,0,1,6,6,5,6,2,1,15,13
"7894",3,12,10,7,1,7,6,1,4,7,10,1,1,7,6,1,3,1,6,0,1,0,0,6,1,3,4,26,14
"7895",4,12,15,7,1,10,6,1,4,12,10,7,1,7,6,1,4,5,3,5,3,5,0,5,3,2,1,31,17
"7896",5,12,15,12,1,10,8,1,4,12,15,7,1,10,6,1,4,5,0,0,2,4,3,5,2,3,2,36,19
"7897",6,12,15,16,1,13,8,1,4,12,15,12,1,10,8,1,4,4,3,0,3,0,0,4,3,3,1,40,22
"7898",7,12,18,16,7,18,8,1,4,12,15,16,1,13,8,1,4,4,5,6,4,5,0,6,5,4,1,49,27
"7899",8,12,18,16,11,18,8,1,5,12,18,16,7,18,8,1,4,4,0,0,4,1,1,4,1,4,4,53,28
"7900",9,12,18,16,15,18,9,1,5,12,18,16,11,18,8,1,5,4,1,0,1,0,0,4,1,4,2,57,29
"7901",10,16,18,16,15,18,9,1,6,12,18,16,15,18,9,1,5,4,1,1,1,1,0,4,1,1,4,61,30
"7902",11,16,18,17,15,24,11,1,6,16,18,16,15,18,9,1,6,1,0,0,6,4,6,1,6,3,1,62,38
"7903",12,22,18,17,19,24,11,1,6,16,18,17,15,24,11,1,6,4,6,0,4,0,0,6,0,1,0,72,38
"7904",0,0,0,0,0,0,0,0,0,0,0,0,0,0,0,0,0,0,0,0,0,0,0,0,0,0,0,0,0
"7905",1,1,1,1,11,1,4,1,1,1,1,1,1,1,1,1,1,6,3,3,3,3,0,6,3,4,2,10,3
"7906",2,4,1,1,11,1,4,1,3,1,1,1,11,1,4,1,1,3,0,0,2,2,4,3,2,1,4,13,5
"7907",3,4,5,1,11,1,4,1,5,4,1,1,11,1,4,1,3,2,4,0,2,0,0,4,2,2,4,17,7
"7908",4,4,5,9,11,1,4,3,5,4,5,1,11,1,4,1,5,1,6,2,1,2,0,6,2,3,3,25,9
"7909",5,4,5,9,12,1,4,8,5,4,5,9,11,1,4,3,5,1,0,0,2,5,6,1,5,4,3,26,14
"7910",6,10,5,14,12,1,6,8,5,4,5,9,12,1,4,8,5,2,6,0,2,0,0,6,2,1,2,37,16
"7911",7,16,5,14,15,1,10,8,5,10,5,14,12,1,6,8,5,6,3,4,3,4,0,6,4,1,2,46,20
"7912",8,16,5,14,18,1,15,8,5,16,5,14,15,1,10,8,5,3,0,0,5,5,2,3,5,4,2,49,25
"7913",9,16,10,14,18,1,17,8,5,16,5,14,18,1,15,8,5,5,2,0,2,0,0,5,2,2,2,54,27
"7914",10,16,15,14,18,1,17,11,5,16,10,14,18,1,17,8,5,4,5,3,4,3,0,5,3,2,3,59,30
"7915",11,16,15,18,18,2,17,11,5,16,15,14,18,1,17,11,5,4,0,0,1,2,6,4,1,3,1,63,31
"7916",12,18,15,18,18,2,17,11,5,16,15,18,18,2,17,11,5,2,6,0,6,0,0,2,0,1,0,65,31
"7917",0,0,0,0,0,0,0,0,0,0,0,0,0,0,0,0,0,0,0,0,0,0,0,0,0,0,0,0,0
"7918",1,5,1,1,1,6,1,1,1,1,1,1,1,1,1,1,1,5,4,4,5,4,0,4,5,1,1,4,5
"7919",2,5,1,5,1,6,1,1,5,5,1,1,1,6,1,1,1,4,0,0,3,6,4,4,4,3,4,8,9
"7920",3,5,1,10,7,9,1,1,5,5,1,5,1,6,1,1,5,3,6,0,3,0,0,6,3,4,1,19,12
"7921",4,5,5,10,7,9,4,1,5,5,1,10,7,9,1,1,5,3,2,4,3,2,0,4,3,2,2,23,15
"7922",5,7,5,10,7,9,4,1,8,5,5,10,7,9,4,1,5,2,0,0,3,4,5,2,3,1,4,25,18
"7923",6,7,5,15,7,13,4,1,8,7,5,10,7,9,4,1,8,4,5,0,4,0,0,5,4,3,1,30,22
"7924",7,13,5,15,9,13,6,1,8,7,5,15,7,13,4,1,8,6,2,3,2,3,0,6,2,1,2,38,24
"7925",8,13,8,15,9,16,6,1,8,13,5,15,9,13,6,1,8,3,0,0,6,4,3,3,3,2,1,41,27
"7926",9,13,8,17,15,20,6,1,8,13,8,15,9,16,6,1,8,6,4,0,4,0,0,6,4,4,1,49,31
"7927",10,13,13,17,15,29,6,1,8,13,8,17,15,20,6,1,8,6,4,5,6,4,0,5,6,2,1,54,40
"7928",11,13,13,1,19,39,7,1,8,13,13,17,15,29,6,1,8,4,0,0,2,5,6,4,6,4,1,42,89
"7929",12,18,13,1,19,39,7,1,8,13,13,1,19,39,7,1,8,2,5,0,2,0,0,5,0,1,0,47,89
"7930",0,0,0,0,0,0,0,0,0,0,0,0,0,0,0,0,0,0,0,0,0,0,0,0,0,0,0,0,0
"7931",1,1,1,5,1,1,1,3,1,1,1,1,1,1,1,1,1,1,4,2,1,2,0,4,2,3,3,4,2
"7932",2,1,1,5,2,1,1,4,1,1,1,5,1,1,1,3,1,1,0,0,3,2,1,1,1,4,3,5,3
"7933",3,4,1,5,2,1,1,6,1,1,1,5,2,1,1,4,1,3,2,0,2,0,0,3,2,1,3,8,5
"7934",4,4,5,5,2,3,1,6,1,4,1,5,2,1,1,6,1,1,2,4,1,2,0,4,2,2,1,12,7
"7935",5,4,5,6,2,3,1,9,1,4,5,5,2,3,1,6,1,1,0,0,3,2,4,1,3,3,3,13,10
"7936",6,4,9,6,2,3,1,11,1,4,5,6,2,3,1,9,1,2,4,0,2,0,0,4,2,2,3,17,12
"7937",7,4,15,11,2,3,1,14,1,4,9,6,2,3,1,11,1,5,6,3,5,3,0,6,3,2,3,28,15
"7938",8,4,15,11,7,7,1,14,1,4,15,11,2,3,1,14,1,5,0,0,4,6,4,5,4,4,1,33,19
"7939",9,10,15,16,7,7,1,18,1,4,15,11,7,7,1,14,1,6,4,0,4,0,0,6,4,1,3,44,23
"7940",10,10,19,16,13,10,1,18,1,10,15,16,7,7,1,18,1,6,3,3,3,3,0,6,3,4,1,54,26
"7941",11,10,19,16,16,15,1,18,1,10,19,16,13,10,1,18,1,3,0,0,5,5,6,3,5,4,1,57,31
"7942",12,16,24,16,16,15,1,18,1,10,19,16,16,15,1,18,1,5,6,0,5,0,0,6,0,1,0,68,31
"7943",0,0,0,0,0,0,0,0,0,0,0,0,0,0,0,0,0,0,0,0,0,0,0,0,0,0,0,0,0
"7944",1,1,4,1,1,1,1,2,1,1,1,1,1,1,1,1,1,1,1,3,1,1,0,3,1,2,3,3,1
"7945",2,1,5,1,1,6,1,2,1,1,4,1,1,1,1,2,1,1,0,0,5,4,4,1,5,2,1,4,6
"7946",3,1,9,1,1,6,5,2,1,1,5,1,1,6,1,2,1,4,4,0,4,0,0,4,4,2,2,8,10
"7947",4,1,9,6,1,6,5,5,1,1,9,1,1,6,5,2,1,3,6,5,3,6,0,5,3,3,3,13,13
"7948",5,1,15,6,10,6,10,5,1,1,9,6,1,6,5,5,1,6,0,0,1,2,5,6,5,2,2,28,18
"7949",6,1,15,6,12,6,10,6,1,1,15,6,10,6,10,5,1,1,2,0,1,0,0,2,1,4,3,30,19
"7950",7,1,15,6,17,6,12,6,1,1,15,6,12,6,10,6,1,5,2,4,2,4,0,5,2,4,2,35,21
"7951",8,1,15,10,17,11,12,6,1,1,15,6,17,6,12,6,1,4,0,0,5,2,4,4,5,3,1,39,26
"7952",9,5,15,10,17,11,12,8,1,1,15,10,17,11,12,6,1,2,4,0,2,0,0,4,2,1,3,43,28
"7953",10,9,15,10,17,14,12,8,1,5,15,10,17,11,12,8,1,1,4,3,1,3,0,4,3,1,1,47,31
"7954",11,9,16,10,17,15,12,8,1,9,15,10,17,14,12,8,1,1,0,0,1,1,1,1,1,2,1,48,32
"7955",12,9,17,10,17,15,12,8,1,9,16,10,17,15,12,8,1,1,1,0,1,0,0,1,0,2,0,49,32
"7956",0,0,0,0,0,0,0,0,0,0,0,0,0,0,0,0,0,0,0,0,0,0,0,0,0,0,0,0,0
"7957",1,9,1,1,1,5,1,1,1,1,1,1,1,1,1,1,1,4,1,6,4,1,0,6,4,1,1,8,4
"7958",2,9,1,2,1,5,4,1,1,9,1,1,1,5,1,1,1,1,0,0,3,6,2,1,3,3,2,9,7
"7959",3,9,1,2,9,5,4,3,1,9,1,2,1,5,4,1,1,6,2,0,2,0,0,6,2,4,3,17,9
"7960",4,9,1,7,9,10,4,3,1,9,1,2,9,5,4,3,1,3,5,5,3,5,0,5,5,3,1,22,14
"7961",5,12,1,7,9,10,10,4,1,9,1,7,9,10,4,3,1,3,0,0,6,2,1,3,6,1,2,25,21
"7962",6,12,1,9,9,10,11,4,1,12,1,7,9,10,10,4,1,2,1,0,1,0,0,2,1,3,2,27,22
"7963",7,12,7,14,15,10,15,4,1,12,1,9,9,10,11,4,1,6,4,3,4,3,0,6,4,2,2,44,26
"7964",8,12,10,14,15,14,15,4,1,12,7,14,15,10,15,4,1,3,0,0,1,4,3,3,4,2,1,47,30
"7965",9,12,10,17,15,15,15,4,1,12,10,14,15,14,15,4,1,1,3,0,1,0,0,3,1,3,1,50,31
"7966",10,12,14,17,15,16,15,4,1,12,10,17,15,15,15,4,1,4,1,3,1,3,0,4,1,2,1,54,32
"7967",11,15,14,17,15,22,15,4,3,12,14,17,15,16,15,4,1,3,0,0,2,6,6,3,6,1,1,57,40
"7968",12,15,14,17,23,22,15,4,1,15,14,17,15,22,15,4,3,2,6,0,2,0,0,6,0,4,0,65,38
"7969",0,0,0,0,0,0,0,0,0,0,0,0,0,0,0,0,0,0,0,0,0,0,0,0,0,0,0,0,0
"7970",1,4,1,1,1,1,1,1,4,1,1,1,1,1,1,1,1,3,1,3,1,3,0,3,3,1,4,3,3
"7971",2,4,2,1,1,1,1,1,13,4,1,1,1,1,1,1,4,1,0,0,6,6,6,1,6,2,4,4,12
"7972",3,4,8,1,2,1,1,9,13,4,2,1,1,1,1,1,13,6,6,0,6,0,0,6,6,2,3,11,20
"7973",4,4,12,1,2,3,1,9,13,4,8,1,2,1,1,9,13,1,2,4,1,2,0,4,2,2,1,15,22
"7974",5,5,12,1,2,3,1,11,13,4,12,1,2,3,1,9,13,1,0,0,6,5,2,1,2,1,3,16,24
"7975",6,5,18,1,3,3,6,11,13,5,12,1,2,3,1,11,13,6,5,0,5,0,0,6,5,2,2,23,29
"7976",7,10,18,1,3,3,6,11,17,5,18,1,3,3,6,11,13,5,2,4,2,4,0,5,4,1,4,28,33
"7977",8,10,20,1,3,3,9,11,17,10,18,1,3,3,6,11,17,2,0,0,3,3,1,2,3,2,2,30,36
"7978",9,10,20,4,3,4,9,11,17,10,20,1,3,3,9,11,17,3,1,0,1,0,0,3,1,3,1,33,37
"7979",10,10,20,9,3,4,13,11,17,10,20,4,3,4,9,11,17,4,2,5,4,2,0,5,4,3,2,38,41
"7980",11,10,22,10,3,7,19,11,19,10,20,9,3,4,13,11,17,2,0,0,2,6,5,2,6,2,2,41,52
"7981",12,12,22,10,3,7,19,11,19,10,22,10,3,7,19,11,19,2,5,0,5,0,0,2,0,1,0,43,52
"7982",0,0,0,0,0,0,0,0,0,0,0,0,0,0,0,0,0,0,0,0,0,0,0,0,0,0,0,0,0
"7983",1,1,6,1,1,2,1,1,1,1,1,1,1,1,1,1,1,5,2,1,2,1,0,5,1,2,1,5,1
"7984",2,1,6,3,1,2,4,1,1,1,6,1,1,2,1,1,1,2,0,0,4,5,3,2,3,3,2,7,4
"7985",3,1,6,8,1,2,4,5,1,1,6,3,1,2,4,1,1,4,5,0,4,0,0,5,4,3,3,12,8
"7986",4,1,6,12,1,2,4,7,1,1,6,8,1,2,4,5,1,2,2,4,2,2,0,4,2,3,3,16,10
"7987",5,1,6,14,1,2,4,12,1,1,6,12,1,2,4,7,1,2,0,0,5,2,2,2,5,3,3,18,15
"7988",6,3,6,14,1,4,4,12,1,1,6,14,1,2,4,12,1,2,2,0,2,0,0,2,2,1,1,20,17
"7989",7,3,11,14,1,4,9,12,1,3,6,14,1,4,4,12,1,5,5,2,5,2,0,5,5,2,2,25,22
"7990",8,5,11,14,1,9,9,12,1,3,11,14,1,4,9,12,1,2,0,0,6,5,1,2,5,1,1,27,27
"7991",9,5,12,14,7,9,9,13,1,5,11,14,1,9,9,12,1,6,1,0,1,0,0,6,1,4,3,34,28
"7992",10,10,12,14,7,9,10,13,1,5,12,14,7,9,9,13,1,5,1,1,1,1,0,5,1,1,2,39,29
"7993",11,10,12,14,8,14,10,13,1,10,12,14,7,9,10,13,1,1,0,0,5,2,3,1,5,4,1,40,34
"7994",12,10,12,14,11,14,10,13,1,10,12,14,8,14,10,13,1,2,3,0,2,0,0,3,0,4,0,43,34
"7995",0,0,0,0,0,0,0,0,0,0,0,0,0,0,0,0,0,0,0,0,0,0,0,0,0,0,0,0,0
"7996",1,1,1,7,7,3,1,1,1,1,1,1,1,1,1,1,1,6,2,6,2,6,0,6,2,3,1,12,2
"7997",2,1,7,11,7,6,1,7,1,1,1,7,7,3,1,1,1,6,0,0,1,1,6,6,6,2,3,22,11
"7998",3,2,7,11,7,6,1,7,2,1,7,11,7,6,1,7,1,1,1,0,1,0,0,1,1,1,4,23,12
"7999",4,6,13,11,7,6,1,11,2,2,7,11,7,6,1,7,2,4,6,4,4,4,0,6,4,2,3,33,16
"8000",5,6,13,11,11,11,1,11,2,6,13,11,7,6,1,11,2,4,0,0,1,4,5,4,5,4,1,37,21
"8001",6,6,13,11,15,11,1,11,3,6,13,11,11,11,1,11,2,1,4,0,1,0,0,4,1,4,4,41,22
"8002",7,10,13,11,15,11,1,11,8,6,13,11,15,11,1,11,3,4,2,5,2,5,0,4,5,1,4,45,27
"8003",8,12,13,11,15,11,1,11,13,10,13,11,15,11,1,11,8,2,0,0,5,2,5,2,5,1,4,47,32
"8004",9,12,13,16,15,13,1,11,13,12,13,11,15,11,1,11,13,2,5,0,2,0,0,5,2,3,1,52,34
"8005",10,15,13,16,15,14,1,11,13,12,13,16,15,13,1,11,13,3,1,3,1,3,0,3,1,1,1,55,35
"8006",11,18,13,16,15,24,1,11,19,15,13,16,15,14,1,11,13,3,0,0,6,4,6,3,6,1,4,58,51
"8007",12,21,19,16,15,24,1,11,19,18,13,16,15,24,1,11,19,4,6,0,4,0,0,6,0,2,0,67,51
"8008",0,0,0,0,0,0,0,0,0,0,0,0,0,0,0,0,0,0,0,0,0,0,0,0,0,0,0,0,0
"8009",1,1,1,6,1,1,5,1,1,1,1,1,1,1,1,1,1,4,5,1,4,1,0,5,4,3,2,5,4
"8010",2,1,1,7,1,1,5,3,7,1,1,6,1,1,5,1,1,1,0,0,2,3,6,1,6,3,4,6,12
"8011",3,1,3,7,1,1,8,3,7,1,1,7,1,1,5,3,7,2,3,0,3,0,0,2,3,2,2,8,15
"8012",4,1,3,8,1,3,8,3,7,1,3,7,1,1,8,3,7,1,3,2,3,2,0,1,2,3,1,9,17
"8013",5,1,6,8,1,3,8,3,11,1,3,8,1,3,8,3,7,3,0,0,4,3,3,3,4,2,4,12,21
"8014",6,1,6,11,1,3,8,6,11,1,6,8,1,3,8,3,11,3,3,0,3,0,0,3,3,3,3,15,24
"8015",7,1,6,14,1,3,8,9,11,1,6,11,1,3,8,6,11,1,3,3,1,3,0,3,3,3,3,18,27
"8016",8,1,7,14,1,6,8,9,11,1,6,14,1,3,8,9,11,1,0,0,5,3,2,1,3,2,1,19,30
"8017",9,1,7,19,1,6,8,9,13,1,7,14,1,6,8,9,11,5,2,0,2,0,0,5,2,3,4,24,32
"8018",10,1,10,19,1,17,8,9,13,1,7,19,1,6,8,9,13,2,3,6,2,6,0,3,6,2,1,27,43
"8019",11,3,10,19,1,18,8,9,13,1,10,19,1,17,8,9,13,2,0,0,1,4,6,2,1,1,1,29,44
"8020",12,3,10,23,1,18,8,9,13,3,10,19,1,18,8,9,13,4,6,0,6,0,0,4,0,3,0,33,44
"8021",0,0,0,0,0,0,0,0,0,0,0,0,0,0,0,0,0,0,0,0,0,0,0,0,0,0,0,0,0
"8022",1,1,1,1,5,1,1,2,1,1,1,1,1,1,1,1,1,3,1,4,3,1,0,4,1,4,3,4,1
"8023",2,1,1,1,8,1,1,2,4,1,1,1,5,1,1,2,1,3,0,0,3,5,6,3,3,4,4,7,4
"8024",3,1,1,7,11,6,1,2,4,1,1,1,8,1,1,2,4,5,6,0,5,0,0,6,5,3,1,16,9
"8025",4,1,7,13,11,10,1,2,4,1,1,7,11,6,1,2,4,4,1,6,4,1,0,6,4,2,1,28,13
"8026",5,1,7,13,12,10,1,2,8,1,7,13,11,10,1,2,4,1,0,0,4,4,1,1,4,4,4,29,17
"8027",6,1,11,13,12,10,1,2,9,1,7,13,12,10,1,2,8,4,1,0,1,0,0,4,1,2,4,33,18
"8028",7,1,11,13,15,10,4,2,9,1,11,13,12,10,1,2,9,3,3,2,3,2,0,3,3,4,2,36,21
"8029",8,1,11,15,15,10,4,4,9,1,11,13,15,10,4,2,9,2,0,0,1,2,2,2,2,3,3,38,23
"8030",9,1,13,15,15,10,4,4,10,1,11,15,15,10,4,4,9,1,2,0,1,0,0,2,1,2,4,40,24
"8031",10,5,13,15,15,10,6,4,10,1,13,15,15,10,4,4,10,2,1,4,2,1,0,4,2,1,2,44,26
"8032",11,6,13,15,15,11,6,4,10,5,13,15,15,10,6,4,10,1,0,0,1,2,4,1,1,1,1,45,27
"8033",12,10,13,15,15,11,6,4,10,6,13,15,15,11,6,4,10,2,4,0,2,0,0,4,0,1,0,49,27
"8034",0,0,0,0,0,0,0,0,0,0,0,0,0,0,0,0,0,0,0,0,0,0,0,0,0,0,0,0,0
"8035",1,1,1,6,1,1,1,1,4,1,1,1,1,1,1,1,1,3,5,2,3,2,0,5,3,3,4,5,3
"8036",2,1,3,6,1,1,1,1,7,1,1,6,1,1,1,1,4,2,0,0,6,3,3,2,3,2,4,7,6
"8037",3,3,3,12,1,1,1,1,10,1,3,6,1,1,1,1,7,6,3,0,3,0,0,6,3,3,4,15,9
"8038",4,8,3,12,1,2,1,7,10,3,3,12,1,1,1,1,10,6,5,5,6,5,0,5,6,1,3,20,16
"8039",5,8,8,12,1,8,1,13,15,8,3,12,1,2,1,7,10,5,0,0,3,6,6,5,6,2,1,25,33
"8040",6,8,14,18,1,11,1,13,15,8,8,12,1,8,1,13,15,3,6,0,3,0,0,6,3,3,1,37,36
"8041",7,8,14,18,6,11,1,13,18,8,14,18,1,11,1,13,15,3,4,5,3,4,0,5,3,4,4,42,39
"8042",8,8,14,18,10,11,1,13,21,8,14,18,6,11,1,13,18,4,0,0,1,1,3,4,3,4,4,46,42
"8043",9,8,15,18,10,11,2,13,21,8,14,18,10,11,1,13,21,1,1,0,1,0,0,1,1,2,2,47,43
"8044",10,12,15,18,10,11,2,13,24,8,15,18,10,11,2,13,21,4,3,3,3,3,0,4,3,1,4,51,46
"8045",11,12,15,1,10,15,3,13,24,12,15,18,10,11,2,13,24,3,0,0,3,1,6,3,1,3,2,34,51
"8046",12,12,15,1,13,15,3,13,24,12,15,1,10,15,3,13,24,3,6,0,6,0,0,3,0,4,0,37,51
"8047",0,0,0,0,0,0,0,0,0,0,0,0,0,0,0,0,0,0,0,0,0,0,0,0,0,0,0,0,0
"8048",1,7,1,1,2,1,1,3,1,1,1,1,1,1,1,1,1,2,3,6,2,3,0,6,2,1,3,7,2
"8049",2,10,1,1,2,1,2,3,1,7,1,1,2,1,1,3,1,3,0,0,5,1,1,3,1,1,2,10,3
"8050",3,10,6,1,2,2,2,3,1,10,1,1,2,1,2,3,1,5,1,0,1,0,0,5,1,2,1,15,4
"8051",4,13,6,1,2,2,2,3,2,10,6,1,2,2,2,3,1,3,1,1,1,1,0,3,1,1,4,18,5
"8052",5,13,6,2,2,2,2,3,3,13,6,1,2,2,2,3,2,1,0,0,1,1,2,1,1,3,4,19,6
"8053",6,14,6,2,2,2,2,5,3,13,6,2,2,2,2,3,3,1,2,0,2,0,0,1,2,1,3,20,8
"8054",7,14,6,2,9,2,2,5,4,14,6,2,2,2,2,5,3,1,6,4,1,4,0,6,1,4,4,27,9
"8055",8,14,10,2,9,2,2,5,9,14,6,2,9,2,2,5,4,4,0,0,5,5,4,4,5,2,4,31,14
"8056",9,14,10,7,9,2,2,9,9,14,10,2,9,2,2,5,9,5,4,0,4,0,0,5,4,3,3,36,18
"8057",10,14,13,13,9,6,2,9,9,14,10,7,9,2,2,9,9,4,6,6,4,6,0,6,4,3,1,45,22
"8058",11,17,13,19,9,6,2,9,12,14,13,13,9,6,2,9,9,6,0,0,6,3,2,6,3,3,4,54,25
"8059",12,17,15,19,9,6,2,9,12,17,13,19,9,6,2,9,12,6,2,0,6,0,0,2,0,2,0,56,25
"8060",0,0,0,0,0,0,0,0,0,0,0,0,0,0,0,0,0,0,0,0,0,0,0,0,0,0,0,0,0
"8061",1,1,2,1,1,1,1,2,1,1,1,1,1,1,1,1,1,1,1,4,1,4,0,1,1,2,3,1,1
"8062",2,1,2,1,5,1,1,4,1,1,2,1,1,1,1,2,1,4,0,0,2,4,6,4,2,4,3,5,3
"8063",3,1,7,7,11,1,5,4,1,1,2,1,5,1,1,4,1,4,6,0,4,0,0,6,4,3,2,22,7
"8064",4,7,7,12,11,11,11,4,1,1,7,7,11,1,5,4,1,6,6,6,6,6,0,6,6,1,2,33,23
"8065",5,7,13,16,11,11,11,8,1,7,7,12,11,11,11,4,1,6,0,0,4,4,3,6,4,2,3,43,27
"8066",6,11,13,16,11,11,11,8,4,7,13,16,11,11,11,8,1,4,3,0,3,0,0,4,3,1,4,47,30
"8067",7,15,13,16,11,11,11,9,4,11,13,16,11,11,11,8,4,4,1,1,1,1,0,4,1,1,3,51,31
"8068",8,16,13,16,11,13,11,9,4,15,13,16,11,11,11,9,4,1,0,0,2,1,4,1,2,1,1,52,33
"8069",9,16,13,16,15,13,11,9,5,16,13,16,11,13,11,9,4,1,4,0,1,0,0,4,1,4,4,56,34
"8070",10,16,16,16,15,13,11,14,5,16,13,16,15,13,11,9,5,5,3,6,5,6,0,3,5,2,3,59,39
"8071",11,22,16,16,16,16,11,14,5,16,16,16,15,13,11,14,5,6,0,0,3,3,5,6,3,1,1,66,42
"8072",12,22,16,19,16,16,11,14,5,22,16,16,16,16,11,14,5,3,5,0,5,0,0,3,0,3,0,69,42
"8073",0,0,0,0,0,0,0,0,0,0,0,0,0,0,0,0,0,0,0,0,0,0,0,0,0,0,0,0,0
"8074",1,1,5,1,1,3,1,1,1,1,1,1,1,1,1,1,1,2,4,2,2,2,0,4,2,2,1,4,2
"8075",2,3,5,1,1,3,1,6,1,1,5,1,1,3,1,1,1,2,0,0,5,4,1,2,5,1,3,6,7
"8076",3,3,9,1,1,3,1,6,2,3,5,1,1,3,1,6,1,4,1,0,1,0,0,4,1,2,4,10,8
"8077",4,3,10,1,1,6,7,6,2,3,9,1,1,3,1,6,2,1,1,6,1,6,0,1,6,2,2,11,17
"8078",5,3,11,1,1,6,7,6,6,3,10,1,1,6,7,6,2,1,0,0,6,2,4,1,4,2,4,12,21
"8079",6,9,11,1,7,6,9,6,6,3,11,1,1,6,7,6,6,6,2,0,2,0,0,6,2,1,2,24,23
"8080",7,12,11,1,7,6,12,6,6,9,11,1,7,6,9,6,6,3,3,2,3,2,0,3,3,1,2,27,26
"8081",8,12,13,1,7,11,12,6,6,12,11,1,7,6,12,6,6,2,0,0,3,6,5,2,5,2,1,29,31
"8082",9,18,14,1,7,14,12,6,6,12,13,1,7,11,12,6,6,3,6,0,3,0,0,6,3,1,1,36,34
"8083",10,18,14,15,7,14,17,6,6,18,14,1,7,14,12,6,6,6,5,3,5,3,0,6,5,3,2,50,39
"8084",11,18,17,15,7,18,17,6,6,18,14,15,7,14,17,6,6,3,0,0,4,3,3,3,4,2,1,53,43
"8085",12,21,17,15,7,18,17,6,6,18,17,15,7,18,17,6,6,3,3,0,3,0,0,3,0,1,0,56,43
"8086",0,0,0,0,0,0,0,0,0,0,0,0,0,0,0,0,0,0,0,0,0,0,0,0,0,0,0,0,0
"8087",1,1,8,1,1,1,1,1,2,1,1,1,1,1,1,1,1,2,1,6,2,1,0,6,1,2,4,7,1
"8088",2,1,8,3,1,1,1,4,2,1,8,1,1,1,1,1,2,2,0,0,3,3,6,2,3,3,3,9,4
"8089",3,7,8,4,1,1,4,4,2,1,8,3,1,1,1,4,2,3,6,0,3,0,0,6,3,1,2,16,7
"8090",4,7,8,7,1,1,4,6,2,7,8,4,1,1,4,4,2,2,1,3,2,1,0,3,2,3,3,19,9
"8091",5,8,8,7,1,1,8,6,2,7,8,7,1,1,4,6,2,1,0,0,1,4,6,1,4,1,2,20,13
"8092",6,8,8,13,6,1,8,7,2,8,8,7,1,1,8,6,2,1,6,0,1,0,0,6,1,3,3,31,14
"8093",7,8,8,13,10,1,8,12,2,8,8,13,6,1,8,7,2,5,4,2,5,2,0,4,5,4,3,35,19
"8094",8,10,8,13,10,1,11,12,2,8,8,13,10,1,8,12,2,2,0,0,4,4,3,2,3,1,2,37,22
"8095",9,10,12,13,10,5,11,12,2,10,8,13,10,1,11,12,2,4,4,0,4,0,0,4,4,2,1,41,26
"8096",10,10,12,15,16,7,11,12,2,10,12,13,10,5,11,12,2,6,2,4,2,4,0,6,2,4,1,49,28
"8097",11,14,12,15,16,7,14,12,2,10,12,15,16,7,11,12,2,4,0,0,1,3,4,4,3,1,2,53,31
"8098",12,15,12,15,16,7,14,12,2,14,12,15,16,7,14,12,2,1,4,0,4,0,0,1,0,1,0,54,31
"8099",0,0,0,0,0,0,0,0,0,0,0,0,0,0,0,0,0,0,0,0,0,0,0,0,0,0,0,0,0
"8100",1,1,6,1,1,1,3,1,1,1,1,1,1,1,1,1,1,2,5,2,2,2,0,5,2,2,2,5,2
"8101",2,1,8,1,1,1,3,4,1,1,6,1,1,1,3,1,1,2,0,0,3,3,3,2,3,2,3,7,5
"8102",3,1,8,4,1,1,3,4,4,1,8,1,1,1,3,4,1,3,3,0,3,0,0,3,3,3,4,10,8
"8103",4,1,8,9,1,1,6,4,4,1,8,4,1,1,3,4,4,3,5,2,3,2,0,5,3,3,2,15,11
"8104",5,1,8,9,3,1,11,4,4,1,8,9,1,1,6,4,4,2,0,0,3,2,5,2,5,4,2,17,16
"8105",6,1,8,12,3,1,11,4,6,1,8,9,3,1,11,4,4,3,2,0,2,0,0,3,2,3,4,20,18
"8106",7,1,8,12,10,1,11,4,8,1,8,12,3,1,11,4,6,6,2,2,2,2,0,6,2,4,4,27,20
"8107",8,1,10,12,10,1,15,4,8,1,8,12,10,1,11,4,8,2,0,0,2,4,4,2,4,2,2,29,24
"8108",9,5,10,12,10,1,17,4,8,1,10,12,10,1,15,4,8,2,4,0,2,0,0,4,2,1,2,33,26
"8109",10,10,10,12,10,1,22,4,8,5,10,12,10,1,17,4,8,5,3,5,3,5,0,5,5,1,2,38,31
"8110",11,10,10,15,10,1,23,4,8,10,10,12,10,1,22,4,8,3,0,0,1,1,6,3,1,3,2,41,32
"8111",12,11,10,15,10,1,23,4,8,10,10,15,10,1,23,4,8,1,6,0,6,0,0,1,0,1,0,42,32
"8112",0,0,0,0,0,0,0,0,0,0,0,0,0,0,0,0,0,0,0,0,0,0,0,0,0,0,0,0,0
"8113",1,5,1,1,1,1,2,1,1,1,1,1,1,1,1,1,1,3,4,1,3,1,0,4,1,1,2,4,1
"8114",2,5,4,1,1,2,2,1,1,5,1,1,1,1,2,1,1,3,0,0,1,3,2,3,1,2,1,7,2
"8115",3,5,7,1,1,2,2,1,3,5,4,1,1,2,2,1,1,3,2,0,2,0,0,3,2,2,4,10,4
"8116",4,6,7,7,1,2,7,1,3,5,7,1,1,2,2,1,3,5,6,1,5,1,0,6,5,3,2,17,9
"8117",5,7,7,7,1,2,7,1,8,6,7,7,1,2,7,1,3,1,0,0,5,2,5,1,5,1,4,18,14
"8118",6,12,7,7,1,2,7,1,10,7,7,7,1,2,7,1,8,2,5,0,2,0,0,5,2,1,4,23,16
"8119",7,12,13,9,1,2,7,5,10,12,7,7,1,2,7,1,10,5,6,4,5,4,0,6,4,2,3,31,20
"8120",8,12,13,14,1,2,7,5,14,12,13,9,1,2,7,5,10,5,0,0,2,4,1,5,4,3,4,36,24
"8121",9,12,13,16,1,2,8,5,14,12,13,14,1,2,7,5,14,2,1,0,1,0,0,2,1,3,2,38,25
"8122",10,12,15,16,1,2,8,6,14,12,13,16,1,2,8,5,14,1,2,2,1,2,0,2,1,2,3,40,26
"8123",11,14,15,16,1,2,8,10,14,12,15,16,1,2,8,6,14,2,0,0,6,4,2,2,4,1,3,42,30
"8124",12,14,15,16,3,2,8,10,14,14,15,16,1,2,8,10,14,6,2,0,6,0,0,2,0,4,0,44,30
"8125",0,0,0,0,0,0,0,0,0,0,0,0,0,0,0,0,0,0,0,0,0,0,0,0,0,0,0,0,0
"8126",1,1,1,5,1,2,1,1,1,1,1,1,1,1,1,1,1,4,1,1,1,1,0,4,1,3,1,4,1
"8127",2,1,1,5,2,2,1,1,4,1,1,5,1,2,1,1,1,1,0,0,2,5,3,1,3,4,4,5,4
"8128",3,1,1,5,7,2,3,1,4,1,1,5,2,2,1,1,4,2,5,0,2,0,0,5,2,4,2,10,6
"8129",4,1,12,5,7,2,3,1,6,1,1,5,7,2,3,1,4,2,6,3,2,3,0,6,2,2,4,21,8
"8130",5,1,15,5,7,2,3,1,11,1,12,5,7,2,3,1,6,3,0,0,3,4,5,3,5,2,4,24,13
"8131",6,1,15,9,7,2,3,1,14,1,15,5,7,2,3,1,11,3,4,0,3,0,0,4,3,3,4,28,16
"8132",7,1,15,9,12,2,3,1,18,1,15,9,7,2,3,1,14,4,2,5,4,2,0,5,4,4,4,33,20
"8133",8,1,15,9,14,2,7,1,18,1,15,9,12,2,3,1,18,2,0,0,4,4,6,2,4,4,2,35,24
"8134",9,1,15,16,14,2,7,1,22,1,15,9,14,2,7,1,18,4,6,0,4,0,0,6,4,3,4,42,28
"8135",10,1,15,16,14,5,7,1,23,1,15,16,14,2,7,1,22,1,2,4,1,2,0,4,1,1,4,42,32
"8136",11,1,15,16,16,5,7,1,27,1,15,16,14,5,7,1,23,2,0,0,4,4,1,2,4,4,4,44,36
"8137",12,1,15,17,16,5,7,1,27,1,15,16,16,5,7,1,27,4,1,0,4,0,0,1,0,3,0,45,36
"8138",0,0,0,0,0,0,0,0,0,0,0,0,0,0,0,0,0,0,0,0,0,0,0,0,0,0,0,0,0
"8139",1,1,1,1,6,2,1,1,1,1,1,1,1,1,1,1,1,1,5,1,1,1,0,5,1,4,1,5,1
"8140",2,2,1,1,6,2,1,1,6,1,1,1,6,2,1,1,1,1,0,0,5,1,1,1,5,1,4,6,6
"8141",3,2,1,2,6,3,1,1,6,2,1,1,6,2,1,1,6,1,1,0,1,0,0,1,1,3,1,7,7
"8142",4,2,1,6,6,3,1,2,6,2,1,2,6,3,1,1,6,1,4,1,1,1,0,4,1,3,3,11,8
"8143",5,3,1,6,6,7,1,2,6,2,1,6,6,3,1,2,6,1,0,0,5,5,4,1,4,1,1,12,12
"8144",6,3,1,11,6,7,1,2,11,3,1,6,6,7,1,2,6,5,5,0,5,0,0,5,5,3,4,17,17
"8145",7,3,1,11,10,7,1,2,12,3,1,11,6,7,1,2,11,1,4,2,1,2,0,4,1,4,4,21,18
"8146",8,3,1,11,12,7,1,3,12,3,1,11,10,7,1,2,12,2,0,0,1,2,6,2,1,4,3,23,19
"8147",9,9,1,11,14,7,1,3,14,3,1,11,12,7,1,3,12,2,6,0,2,0,0,6,2,1,4,31,21
"8148",10,12,1,11,14,7,1,3,18,9,1,11,14,7,1,3,14,3,4,4,4,4,0,3,4,1,4,34,25
"8149",11,12,5,11,14,11,1,3,18,12,1,11,14,7,1,3,18,4,0,0,4,5,2,4,4,2,1,38,29
"8150",12,12,5,11,19,11,1,3,18,12,5,11,14,11,1,3,18,5,2,0,2,0,0,5,0,4,0,43,29
"8151",0,0,0,0,0,0,0,0,0,0,0,0,0,0,0,0,0,0,0,0,0,0,0,0,0,0,0,0,0
"8152",1,1,1,7,7,1,1,6,1,1,1,1,1,1,1,1,1,5,3,6,5,3,0,6,5,3,3,12,5
"8153",2,1,1,10,7,1,7,6,3,1,1,7,7,1,1,6,1,3,0,0,5,6,6,3,6,3,2,15,13
"8154",3,1,7,12,7,1,7,11,3,1,1,10,7,1,7,6,3,5,6,0,5,0,0,6,5,2,3,23,18
"8155",4,1,10,12,7,1,7,12,3,1,7,12,7,1,7,11,3,1,1,3,1,1,0,3,1,2,3,26,19
"8156",5,2,10,12,7,1,10,12,3,1,10,12,7,1,7,12,3,1,0,0,6,4,3,1,3,1,2,27,22
"8157",6,7,10,18,7,5,10,12,3,2,10,12,7,1,10,12,3,6,4,0,4,0,0,6,4,3,1,38,26
"8158",7,13,15,18,7,5,10,20,3,7,10,18,7,5,10,12,3,6,2,6,2,6,0,6,6,1,3,49,34
"8159",8,13,15,20,7,5,15,20,3,13,15,18,7,5,10,20,3,2,0,0,2,5,3,2,5,3,2,51,39
"8160",9,15,15,20,7,5,15,23,3,13,15,20,7,5,15,20,3,2,3,0,3,0,0,2,3,1,3,53,42
"8161",10,17,15,20,7,5,15,27,3,15,15,20,7,5,15,23,3,4,1,2,4,1,0,2,4,1,3,55,46
"8162",11,17,15,26,9,9,15,1,1,17,15,20,7,5,15,27,3,1,0,0,4,1,2,1,4,3,1,63,22
"8163",12,17,17,26,9,9,15,1,1,17,15,26,9,9,15,1,1,1,2,0,1,0,0,2,0,2,0,65,22
"8164",0,0,0,0,0,0,0,0,0,0,0,0,0,0,0,0,0,0,0,0,0,0,0,0,0,0,0,0,0
"8165",1,4,1,7,1,4,1,1,1,1,1,1,1,1,1,1,1,6,3,3,3,3,0,6,3,3,1,9,3
"8166",2,4,4,7,1,4,1,5,1,4,1,7,1,4,1,1,1,3,0,0,4,2,2,3,4,2,3,12,7
"8167",3,6,4,7,1,4,1,5,3,4,4,7,1,4,1,5,1,2,2,0,2,0,0,2,2,1,4,14,9
"8168",4,6,7,13,1,4,1,7,3,6,4,7,1,4,1,5,3,6,4,2,4,2,0,6,2,3,3,23,11
"8169",5,6,7,13,5,5,1,13,3,6,7,13,1,4,1,7,3,4,0,0,1,6,1,4,6,4,3,27,18
"8170",6,7,7,13,5,5,2,13,3,6,7,13,5,5,1,13,3,1,1,0,1,0,0,1,1,1,2,28,19
"8171",7,7,7,13,9,5,2,13,4,7,7,13,5,5,2,13,3,4,4,1,4,1,0,4,1,4,4,32,20
"8172",8,7,7,13,13,5,2,13,8,7,7,13,9,5,2,13,4,4,0,0,1,4,6,4,4,4,4,36,24
"8173",9,13,13,13,13,5,3,13,8,7,7,13,13,5,2,13,8,1,6,0,1,0,0,6,1,2,2,48,25
"8174",10,13,13,15,13,5,3,13,13,13,13,13,13,5,3,13,8,2,1,5,1,5,0,2,5,3,4,50,30
"8175",11,14,13,15,13,10,3,13,13,13,13,15,13,5,3,13,13,1,0,0,5,1,4,1,5,1,1,51,35
"8176",12,18,13,15,13,10,3,13,13,14,13,15,13,10,3,13,13,1,4,0,1,0,0,4,0,1,0,55,35
"8177",0,0,0,0,0,0,0,0,0,0,0,0,0,0,0,0,0,0,0,0,0,0,0,0,0,0,0,0,0
"8178",1,1,1,1,6,5,1,1,1,1,1,1,1,1,1,1,1,5,5,4,5,4,0,5,4,4,1,5,4
"8179",2,1,1,6,6,5,5,1,1,1,1,1,6,5,1,1,1,5,0,0,1,3,4,5,4,3,2,10,8
"8180",3,1,4,6,6,5,5,1,2,1,1,6,6,5,5,1,1,1,3,0,1,0,0,3,1,2,4,13,9
"8181",4,1,4,10,6,7,5,1,2,1,4,6,6,5,5,1,2,2,3,4,2,3,0,4,2,3,1,17,11
"8182",5,4,4,10,6,7,5,5,2,1,4,10,6,7,5,1,2,3,0,0,4,1,1,3,4,1,3,20,15
"8183",6,4,5,10,6,7,6,5,2,4,4,10,6,7,5,5,2,1,1,0,1,0,0,1,1,2,2,21,16
"8184",7,4,8,10,12,10,6,5,2,4,5,10,6,7,6,5,2,3,6,1,3,1,0,6,3,4,1,30,19
"8185",8,4,8,10,13,10,6,5,7,4,8,10,12,10,6,5,2,1,0,0,5,2,5,1,5,4,4,31,24
"8186",9,9,8,10,13,10,8,5,7,4,8,10,13,10,6,5,7,2,5,0,2,0,0,5,2,1,2,36,26
"8187",10,9,13,10,13,10,8,8,7,9,8,10,13,10,8,5,7,5,3,3,3,3,0,5,3,2,3,41,29
"8188",11,12,13,10,13,22,8,9,7,9,13,10,13,10,8,8,7,3,0,0,6,6,6,3,6,1,1,44,42
"8189",12,12,13,10,23,22,8,9,7,12,13,10,13,22,8,9,7,6,6,0,6,0,0,6,0,4,0,54,42
"8190",0,0,0,0,0,0,0,0,0,0,0,0,0,0,0,0,0,0,0,0,0,0,0,0,0,0,0,0,0
"8191",1,2,1,1,1,6,1,1,1,1,1,1,1,1,1,1,1,5,1,2,5,2,0,1,5,1,1,1,5
"8192",2,2,1,3,1,6,4,1,1,2,1,1,1,6,1,1,1,2,0,0,3,3,5,2,3,3,2,3,8
"8193",3,7,1,3,1,6,4,4,1,2,1,3,1,6,4,1,1,3,5,0,3,0,0,5,3,1,3,8,11
"8194",4,7,1,8,1,6,4,6,1,7,1,3,1,6,4,4,1,1,5,2,1,2,0,5,2,3,3,13,13
"8195",5,7,2,8,1,6,4,6,3,7,1,8,1,6,4,6,1,1,0,0,2,1,2,1,2,2,4,14,15
"8196",6,9,2,8,1,6,4,6,4,7,2,8,1,6,4,6,3,1,2,0,1,0,0,2,1,1,4,16,16
"8197",7,13,2,8,1,6,16,8,4,9,2,8,1,6,4,6,4,4,6,6,6,6,0,4,6,1,2,20,30
"8198",8,13,13,8,1,7,16,8,4,13,2,8,1,6,16,8,4,6,0,0,6,1,3,6,1,2,1,31,31
"8199",9,13,19,12,1,7,19,8,4,13,13,8,1,7,16,8,4,6,3,0,3,0,0,6,3,2,2,41,34
"8200",10,18,19,12,1,9,19,8,4,13,19,12,1,7,19,8,4,5,2,3,2,3,0,5,2,1,1,46,36
"8201",11,21,19,12,1,10,19,8,4,18,19,12,1,9,19,8,4,3,0,0,5,1,1,3,1,1,1,49,37
"8202",12,21,24,12,1,10,19,8,4,21,19,12,1,10,19,8,4,5,1,0,1,0,0,5,0,2,0,54,37
"8203",0,0,0,0,0,0,0,0,0,0,0,0,0,0,0,0,0,0,0,0,0,0,0,0,0,0,0,0,0
"8204",1,7,1,1,3,1,1,7,11,1,1,1,1,1,1,1,1,6,3,6,3,6,0,6,6,1,4,8,16
"8205",2,7,4,1,3,2,7,7,11,7,1,1,3,1,1,7,11,3,0,0,4,6,2,3,6,2,2,11,23
"8206",3,7,8,1,3,4,7,7,11,7,4,1,3,2,7,7,11,4,2,0,2,0,0,4,2,2,1,15,25
"8207",4,7,13,1,3,7,7,7,11,7,8,1,3,4,7,7,11,3,5,2,3,2,0,5,3,2,1,20,28
"8208",5,7,15,1,3,7,7,8,11,7,13,1,3,7,7,7,11,2,0,0,1,3,1,2,1,2,3,22,29
"8209",6,10,15,1,3,8,7,8,11,7,15,1,3,7,7,8,11,3,1,0,1,0,0,3,1,1,1,25,30
"8210",7,18,15,1,3,8,8,8,11,10,15,1,3,8,7,8,11,6,1,1,1,1,0,6,1,1,2,33,31
"8211",8,18,15,2,3,8,8,13,11,18,15,1,3,8,8,8,11,1,0,0,5,4,6,1,5,3,3,34,36
"8212",9,18,15,7,9,8,8,17,11,18,15,2,3,8,8,13,11,4,6,0,4,0,0,6,4,4,3,45,40
"8213",10,19,15,13,9,8,8,21,11,18,15,7,9,8,8,17,11,6,4,2,4,2,0,6,4,3,3,52,44
"8214",11,19,15,15,9,13,8,21,17,19,15,13,9,8,8,21,11,2,0,0,6,6,3,2,6,3,4,54,55
"8215",12,22,15,15,9,13,8,21,17,19,15,15,9,13,8,21,17,6,3,0,6,0,0,3,0,1,0,57,55
"8216",0,0,0,0,0,0,0,0,0,0,0,0,0,0,0,0,0,0,0,0,0,0,0,0,0,0,0,0,0
"8217",1,1,1,4,1,1,1,1,3,1,1,1,1,1,1,1,1,2,3,3,2,3,0,3,2,3,4,3,2
"8218",2,1,1,4,4,1,7,1,7,1,1,4,1,1,1,1,3,3,0,0,6,2,5,3,6,4,2,6,12
"8219",3,1,1,9,4,1,9,1,7,1,1,4,4,1,7,1,7,2,5,0,2,0,0,5,2,3,2,11,14
"8220",4,1,1,10,10,1,9,4,7,1,1,9,4,1,9,1,7,3,6,5,3,5,0,6,3,4,3,18,17
"8221",5,1,1,10,15,1,10,4,7,1,1,10,10,1,9,4,7,5,0,0,1,6,4,5,1,4,2,23,18
"8222",6,1,7,10,18,5,10,4,7,1,1,10,15,1,10,4,7,6,4,0,4,0,0,6,4,2,1,32,22
"8223",7,1,13,13,18,5,10,4,9,1,7,10,18,5,10,4,7,2,6,2,2,2,0,6,2,2,4,41,24
"8224",8,1,13,13,20,6,10,4,9,1,13,13,18,5,10,4,9,2,0,0,6,2,1,2,1,4,1,43,25
"8225",9,9,13,13,20,8,10,4,9,1,13,13,20,6,10,4,9,6,2,0,2,0,0,6,2,1,1,51,27
"8226",10,15,16,13,20,13,10,4,9,9,13,13,20,8,10,4,9,4,5,6,4,5,0,6,5,1,1,60,32
"8227",11,19,16,13,20,17,10,4,9,15,16,13,20,13,10,4,9,4,0,0,4,4,4,4,4,1,1,64,36
"8228",12,23,16,13,20,17,10,4,9,19,16,13,20,17,10,4,9,4,4,0,4,0,0,4,0,1,0,68,36
"8229",0,0,0,0,0,0,0,0,0,0,0,0,0,0,0,0,0,0,0,0,0,0,0,0,0,0,0,0,0
"8230",1,1,5,1,1,1,1,1,3,1,1,1,1,1,1,1,1,4,2,4,2,4,0,4,2,2,4,4,2
"8231",2,5,5,1,1,6,1,1,3,1,5,1,1,1,1,1,3,4,0,0,5,4,5,4,5,1,1,8,7
"8232",3,10,5,1,1,6,5,1,3,5,5,1,1,6,1,1,3,4,5,0,4,0,0,5,4,1,2,13,11
"8233",4,10,5,1,6,6,5,1,5,10,5,1,1,6,5,1,3,2,5,1,2,1,0,5,2,4,4,18,13
"8234",5,10,5,1,7,10,5,1,5,10,5,1,6,6,5,1,5,1,0,0,1,4,1,1,4,4,1,19,17
"8235",6,10,5,2,7,10,5,2,5,10,5,1,7,10,5,1,5,1,1,0,1,0,0,1,1,3,3,20,18
"8236",7,10,5,4,7,10,6,2,5,10,5,2,7,10,5,2,5,1,2,1,1,1,0,2,1,3,2,22,19
"8237",8,10,5,4,8,10,6,7,5,10,5,4,7,10,6,2,5,1,0,0,5,5,5,1,5,4,3,23,24
"8238",9,10,5,4,13,10,6,12,5,10,5,4,8,10,6,7,5,5,5,0,5,0,0,5,5,4,3,28,29
"8239",10,10,5,8,13,10,6,12,8,10,5,4,13,10,6,12,5,3,1,4,3,1,0,4,3,3,4,32,32
"8240",11,11,5,8,13,12,6,12,14,10,5,8,13,10,6,12,8,1,0,0,1,6,6,1,6,1,4,33,40
"8241",12,11,12,8,13,12,6,12,14,11,5,8,13,12,6,12,14,1,6,0,1,0,0,6,0,2,0,40,40
"8242",0,0,0,0,0,0,0,0,0,0,0,0,0,0,0,0,0,0,0,0,0,0,0,0,0,0,0,0,0
"8243",1,6,1,1,1,1,6,1,1,1,1,1,1,1,1,1,1,5,5,2,5,2,0,5,5,1,2,5,5
"8244",2,6,1,1,3,1,6,6,1,6,1,1,1,1,6,1,1,2,0,0,5,4,5,2,5,4,3,7,10
"8245",3,11,1,1,3,1,10,6,1,6,1,1,3,1,6,6,1,4,5,0,4,0,0,5,4,1,2,12,14
"8246",4,14,1,1,3,1,10,6,4,11,1,1,3,1,10,6,1,3,3,3,3,3,0,3,3,1,4,15,17
"8247",5,14,4,1,3,1,15,6,4,14,1,1,3,1,10,6,4,3,0,0,4,1,5,3,5,2,2,18,22
"8248",6,18,4,1,3,1,15,6,5,14,4,1,3,1,15,6,4,4,1,0,1,0,0,4,1,1,4,22,23
"8249",7,18,11,1,3,5,15,6,5,18,4,1,3,1,15,6,5,4,3,6,4,3,0,6,4,2,1,29,27
"8250",8,18,11,1,6,5,15,6,9,18,11,1,3,5,15,6,5,3,0,0,4,6,3,3,4,4,4,32,31
"8251",9,29,11,1,6,8,15,1,9,18,11,1,6,5,15,6,9,6,3,0,3,0,0,6,3,1,1,43,29
"8252",10,39,15,1,6,13,15,1,9,29,11,1,6,8,15,1,9,6,5,5,5,5,0,6,5,1,1,95,34
"8253",11,39,20,1,6,16,15,1,9,39,15,1,6,13,15,1,9,5,0,0,3,4,4,5,3,2,1,100,37
"8254",12,39,20,5,6,16,15,1,9,39,20,1,6,16,15,1,9,4,4,0,4,0,0,4,0,3,0,104,37
"8255",0,0,0,0,0,0,0,0,0,0,0,0,0,0,0,0,0,0,0,0,0,0,0,0,0,0,0,0,0
"8256",1,1,4,1,1,1,1,1,3,1,1,1,1,1,1,1,1,4,2,3,4,2,0,3,2,2,4,3,2
"8257",2,1,4,1,5,4,1,1,3,1,4,1,1,1,1,1,3,4,0,0,3,3,4,4,3,4,1,7,5
"8258",3,1,4,1,8,8,1,1,3,1,4,1,5,4,1,1,3,3,4,0,4,0,0,3,4,4,1,10,9
"8259",4,6,4,1,8,13,1,1,3,1,4,1,8,8,1,1,3,5,5,5,5,5,0,5,5,1,1,15,14
"8260",5,6,4,6,8,13,1,1,5,6,4,1,8,13,1,1,3,5,0,0,1,2,5,5,2,3,4,20,16
"8261",6,6,4,6,13,13,2,1,5,6,4,6,8,13,1,1,5,1,5,0,1,0,0,5,1,4,2,25,17
"8262",7,6,8,6,13,13,2,1,8,6,4,6,13,13,2,1,5,4,3,1,3,1,0,4,3,2,4,29,20
"8263",8,6,9,6,13,19,2,6,8,6,8,6,13,13,2,1,8,1,0,0,6,2,3,1,6,2,1,30,31
"8264",9,9,9,6,13,19,4,6,8,6,9,6,13,19,2,6,8,2,3,0,2,0,0,3,2,1,2,33,33
"8265",10,15,9,9,13,19,4,6,11,9,9,6,13,19,4,6,8,2,6,3,2,3,0,6,3,1,4,42,36
"8266",11,15,11,9,13,23,4,6,11,15,9,9,13,19,4,6,11,2,0,0,4,2,1,2,4,2,1,44,40
"8267",12,15,11,11,13,23,4,6,11,15,11,9,13,23,4,6,11,2,1,0,1,0,0,2,0,3,0,46,40
"8268",0,0,0,0,0,0,0,0,0,0,0,0,0,0,0,0,0,0,0,0,0,0,0,0,0,0,0,0,0
"8269",1,1,1,12,1,1,3,1,1,1,1,1,1,1,1,1,1,6,1,2,1,2,0,6,2,3,2,11,2
"8270",2,1,1,13,1,1,3,1,5,1,1,12,1,1,3,1,1,1,0,0,2,4,4,1,4,3,4,12,6
"8271",3,1,1,13,5,1,3,1,7,1,1,13,1,1,3,1,5,2,4,0,2,0,0,4,2,4,4,16,8
"8272",4,2,1,13,5,1,3,3,7,1,1,13,5,1,3,1,7,2,1,3,2,3,0,1,2,1,3,17,10
"8273",5,5,1,13,5,1,3,8,7,2,1,13,5,1,3,3,7,3,0,0,5,6,1,3,5,1,3,20,15
"8274",6,5,7,13,7,1,4,8,7,5,1,13,5,1,3,8,7,6,1,0,1,0,0,6,1,2,2,28,16
"8275",7,5,7,13,9,1,4,8,9,5,7,13,7,1,4,8,7,1,2,2,1,2,0,2,2,4,4,30,18
"8276",8,5,8,13,9,1,4,8,14,5,7,13,9,1,4,8,9,1,0,0,6,5,4,1,5,2,4,31,23
"8277",9,5,8,14,15,1,4,12,14,5,8,13,9,1,4,8,14,6,4,0,4,0,0,6,4,4,3,38,27
"8278",10,5,16,14,15,1,4,19,14,5,8,14,15,1,4,12,14,6,6,5,6,5,0,6,6,2,3,46,34
"8279",11,10,16,14,15,1,9,25,14,5,16,14,15,1,4,19,14,5,0,0,2,6,5,5,6,1,3,51,45
"8280",12,10,16,19,15,1,9,25,14,10,16,14,15,1,9,25,14,2,5,0,2,0,0,5,0,3,0,56,45
"8281",0,0,0,0,0,0,0,0,0,0,0,0,0,0,0,0,0,0,0,0,0,0,0,0,0,0,0,0,0
"8282",1,1,6,1,1,1,5,1,1,1,1,1,1,1,1,1,1,4,5,4,4,4,0,5,4,2,2,5,4
"8283",2,1,6,5,1,1,8,1,1,1,6,1,1,1,5,1,1,4,0,0,4,5,3,4,3,3,2,9,7
"8284",3,5,6,5,1,1,8,6,1,1,6,5,1,1,8,1,1,4,5,0,5,0,0,4,5,1,3,13,12
"8285",4,12,12,5,1,2,8,6,1,5,6,5,1,1,8,6,1,1,6,6,1,6,0,6,1,2,1,26,13
"8286",5,12,12,11,3,4,8,6,7,12,12,5,1,2,8,6,1,6,0,0,6,3,6,6,6,3,4,34,21
"8287",6,12,15,11,9,7,8,6,7,12,12,11,3,4,8,6,7,3,6,0,3,0,0,6,3,4,1,43,24
"8288",7,12,21,11,11,7,12,6,7,12,15,11,9,7,8,6,7,4,6,5,4,5,0,6,4,2,2,51,28
"8289",8,12,21,11,16,9,12,6,7,12,21,11,11,7,12,6,7,5,0,0,1,6,2,5,2,4,1,56,30
"8290",9,12,23,17,16,9,13,6,7,12,21,11,16,9,12,6,7,1,6,0,1,0,0,6,1,3,2,64,31
"8291",10,12,23,22,16,15,18,6,7,12,23,17,16,9,13,6,7,6,2,5,6,2,0,5,6,3,1,69,42
"8292",11,12,25,25,16,17,18,6,1,12,23,22,16,15,18,6,7,2,0,0,2,1,2,2,2,2,1,74,38
"8293",12,14,25,25,16,17,18,6,1,12,25,25,16,17,18,6,1,1,2,0,1,0,0,2,0,1,0,76,38
"8294",0,0,0,0,0,0,0,0,0,0,0,0,0,0,0,0,0,0,0,0,0,0,0,0,0,0,0,0,0
"8295",1,1,7,1,6,1,1,2,1,1,1,1,1,1,1,1,1,1,6,2,1,2,0,6,1,2,3,11,1
"8296",2,1,9,1,6,1,1,2,6,1,7,1,6,1,1,2,1,2,0,0,5,5,3,2,5,2,4,13,6
"8297",3,1,9,1,11,1,1,2,9,1,9,1,6,1,1,2,6,5,3,0,3,0,0,5,3,4,4,18,9
"8298",4,5,9,1,11,1,3,2,9,1,9,1,11,1,1,2,9,2,2,4,2,2,0,4,2,1,2,22,11
"8299",5,5,9,3,11,1,3,2,13,5,9,1,11,1,3,2,9,2,0,0,4,4,4,2,4,3,4,24,15
"8300",6,5,9,7,11,1,3,2,17,5,9,3,11,1,3,2,13,4,4,0,4,0,0,4,4,3,4,28,19
"8301",7,10,9,7,11,5,3,2,17,5,9,7,11,1,3,2,17,5,4,4,4,4,0,5,4,1,1,33,23
"8302",8,10,9,7,15,5,3,2,21,10,9,7,11,5,3,2,17,4,0,0,4,4,4,4,4,4,4,37,27
"8303",9,10,9,11,15,9,3,2,21,10,9,7,15,5,3,2,21,4,4,0,4,0,0,4,4,3,1,41,31
"8304",10,10,15,16,15,11,3,2,27,10,9,11,15,9,3,2,21,6,4,6,4,6,0,6,6,2,4,52,39
"8305",11,15,15,20,15,11,6,1,27,10,15,16,15,11,3,2,27,4,0,0,3,5,6,4,3,3,2,61,41
"8306",12,15,15,20,20,11,6,1,27,15,15,20,15,11,6,1,27,5,6,0,6,0,0,5,0,4,0,66,41
"8307",0,0,0,0,0,0,0,0,0,0,0,0,0,0,0,0,0,0,0,0,0,0,0,0,0,0,0,0,0
"8308",1,1,4,1,1,1,1,1,3,1,1,1,1,1,1,1,1,3,1,2,1,2,0,3,2,2,4,3,2
"8309",2,1,4,2,1,1,4,1,3,1,4,1,1,1,1,1,3,1,0,0,2,3,1,1,3,3,2,4,5
"8310",3,1,6,2,1,2,4,1,3,1,4,2,1,1,4,1,3,2,1,0,1,0,0,2,1,2,1,6,6
"8311",4,1,6,2,9,4,4,1,3,1,6,2,1,2,4,1,3,2,6,1,2,1,0,6,2,4,1,14,8
"8312",5,1,6,2,10,4,4,17,3,1,6,2,9,4,4,1,3,1,0,0,3,1,6,1,6,4,3,15,24
"8313",6,1,9,2,10,4,5,17,3,1,6,2,10,4,4,17,3,3,1,0,1,0,0,3,1,2,2,18,25
"8314",7,2,9,2,10,7,5,17,3,1,9,2,10,4,5,17,3,1,3,6,3,6,0,1,3,1,1,19,28
"8315",8,2,20,2,10,9,5,17,3,2,9,2,10,7,5,17,3,6,0,0,2,2,5,6,2,2,1,30,30
"8316",9,2,20,7,10,9,5,17,5,2,20,2,10,9,5,17,3,2,5,0,2,0,0,5,2,3,4,35,32
"8317",10,2,20,7,21,9,5,17,6,2,20,7,10,9,5,17,5,1,6,2,1,2,0,6,1,4,4,46,33
"8318",11,2,20,7,1,16,1,17,1,2,20,7,21,9,5,17,6,2,0,0,2,2,2,2,2,4,1,26,31
"8319",12,2,20,9,1,16,1,17,1,2,20,7,1,16,1,17,1,2,2,0,2,0,0,2,0,3,0,28,31
"8320",0,0,0,0,0,0,0,0,0,0,0,0,0,0,0,0,0,0,0,0,0,0,0,0,0,0,0,0,0
"8321",1,1,1,1,6,1,2,1,1,1,1,1,1,1,1,1,1,1,5,3,1,3,0,5,1,4,2,5,1
"8322",2,1,4,1,6,1,2,1,5,1,1,1,6,1,2,1,1,3,0,0,4,6,4,3,4,2,4,8,5
"8323",3,1,4,11,6,1,6,1,5,1,4,1,6,1,2,1,5,6,4,0,4,0,0,6,4,3,2,18,9
"8324",4,1,4,11,9,5,6,1,5,1,4,11,6,1,6,1,5,3,4,1,4,1,0,3,4,4,1,21,13
"8325",5,1,5,11,9,5,10,1,5,1,4,11,9,5,6,1,5,1,0,0,4,5,6,1,4,2,2,22,17
"8326",6,7,11,11,11,5,10,1,10,1,5,11,9,5,10,1,5,5,6,0,5,0,0,6,5,2,4,36,22
"8327",7,10,17,11,11,5,10,1,13,7,11,11,11,5,10,1,10,3,3,6,3,3,0,6,3,2,4,45,25
"8328",8,10,17,14,11,5,10,1,22,10,17,11,11,5,10,1,13,3,0,0,6,6,1,3,6,3,4,48,34
"8329",9,10,17,14,21,5,11,1,22,10,17,14,11,5,10,1,22,6,1,0,1,0,0,6,1,4,2,58,35
"8330",10,10,17,19,21,5,11,5,22,10,17,14,21,5,11,1,22,5,3,4,3,4,0,5,4,3,3,63,39
"8331",11,13,17,19,21,9,11,5,22,10,17,19,21,5,11,5,22,3,0,0,4,2,1,3,4,1,1,66,43
"8332",12,13,17,20,21,9,11,5,22,13,17,19,21,9,11,5,22,2,1,0,2,0,0,1,0,3,0,67,43
"8333",0,0,0,0,0,0,0,0,0,0,0,0,0,0,0,0,0,0,0,0,0,0,0,0,0,0,0,0,0
"8334",1,1,1,1,6,1,1,6,7,1,1,1,1,1,1,1,1,5,6,1,6,1,0,5,6,4,4,5,11
"8335",2,1,1,1,7,1,1,9,7,1,1,1,6,1,1,6,7,1,0,0,3,4,3,1,3,4,3,6,14
"8336",3,5,1,1,7,1,4,9,7,1,1,1,7,1,1,9,7,4,3,0,3,0,0,4,3,1,2,10,17
"8337",4,5,1,6,7,2,4,9,7,5,1,1,7,1,4,9,7,1,3,5,1,3,0,5,1,3,1,15,18
"8338",5,5,1,9,7,2,4,10,7,5,1,6,7,2,4,9,7,3,0,0,2,1,1,3,1,3,3,18,19
"8339",6,5,1,9,9,3,4,10,7,5,1,9,7,2,4,10,7,2,1,0,1,0,0,2,1,4,1,20,20
"8340",7,11,1,9,12,10,10,10,7,5,1,9,9,3,4,10,7,6,6,3,6,3,0,6,6,1,1,29,33
"8341",8,11,1,9,15,10,10,10,11,11,1,9,12,10,10,10,7,3,0,0,4,6,4,3,4,4,4,32,37
"8342",9,11,1,9,24,14,10,10,11,11,1,9,15,10,10,10,11,6,4,0,4,0,0,6,4,4,1,41,41
"8343",10,20,1,9,24,19,10,10,11,11,1,9,24,14,10,10,11,5,2,6,5,2,0,6,5,1,1,50,46
"8344",11,22,1,9,24,20,10,10,11,20,1,9,24,19,10,10,11,2,0,0,1,2,4,2,1,1,1,52,47
"8345",12,22,1,9,28,20,10,10,11,22,1,9,24,20,10,10,11,2,4,0,2,0,0,4,0,4,0,56,47
"8346",0,0,0,0,0,0,0,0,0,0,0,0,0,0,0,0,0,0,0,0,0,0,0,0,0,0,0,0,0
"8347",1,1,7,1,6,7,1,3,1,1,1,1,1,1,1,1,1,6,3,6,3,6,0,6,6,2,1,11,8
"8348",2,1,7,1,9,13,1,6,1,1,7,1,6,7,1,3,1,3,0,0,6,2,1,3,6,4,1,14,17
"8349",3,1,7,1,11,13,1,7,1,1,7,1,9,13,1,6,1,2,1,0,1,0,0,2,1,4,3,16,18
"8350",4,1,7,1,16,13,1,11,1,1,7,1,11,13,1,7,1,5,4,2,4,2,0,5,4,4,3,21,22
"8351",5,1,7,1,18,13,4,11,1,1,7,1,16,13,1,11,1,2,0,0,2,3,3,2,3,4,2,23,25
"8352",6,1,10,1,18,13,4,13,1,1,7,1,18,13,4,11,1,2,3,0,2,0,0,3,2,2,3,26,27
"8353",7,1,10,12,18,13,4,13,5,1,10,1,18,13,4,13,1,4,6,2,4,2,0,6,4,3,4,37,31
"8354",8,1,10,12,20,13,4,17,5,1,10,12,18,13,4,13,5,2,0,0,1,2,4,2,4,4,3,39,35
"8355",9,1,10,14,20,13,5,17,5,1,10,12,20,13,4,17,5,1,2,0,1,0,0,2,1,3,2,41,36
"8356",10,1,16,15,20,13,5,19,5,1,10,14,20,13,5,17,5,6,2,1,2,1,0,6,2,2,3,48,38
"8357",11,1,16,16,20,14,5,19,5,1,16,15,20,13,5,19,5,1,0,0,1,2,2,1,1,3,1,49,39
"8358",12,3,16,16,20,14,5,19,5,1,16,16,20,14,5,19,5,2,2,0,2,0,0,2,0,1,0,51,39
"8359",0,0,0,0,0,0,0,0,0,0,0,0,0,0,0,0,0,0,0,0,0,0,0,0,0,0,0,0,0
"8360",1,7,1,3,1,6,1,1,1,1,1,1,1,1,1,1,1,5,6,2,5,2,0,6,5,1,1,8,5
"8361",2,7,3,3,1,6,1,6,1,7,1,3,1,6,1,1,1,2,0,0,4,4,5,2,5,2,3,10,10
"8362",3,11,3,3,1,6,5,6,1,7,3,3,1,6,1,6,1,4,4,0,4,0,0,4,4,1,2,14,14
"8363",4,11,3,7,1,6,10,6,1,11,3,3,1,6,5,6,1,4,6,5,6,5,0,4,5,3,2,18,19
"8364",5,11,9,12,1,12,10,10,1,11,3,7,1,6,10,6,1,6,0,0,4,1,6,6,6,2,1,29,29
"8365",6,15,9,12,1,13,10,10,1,11,9,12,1,12,10,10,1,4,1,0,1,0,0,4,1,1,1,33,30
"8366",7,15,14,12,1,13,14,10,1,15,9,12,1,13,10,10,1,1,5,4,1,4,0,5,4,2,2,38,34
"8367",8,15,14,13,1,13,14,11,1,15,14,12,1,13,14,10,1,1,0,0,1,1,5,1,1,3,3,39,35
"8368",9,15,14,13,6,13,14,11,2,15,14,13,1,13,14,11,1,1,5,0,1,0,0,5,1,4,4,44,36
"8369",10,15,18,13,18,23,14,11,2,15,14,13,6,13,14,11,2,6,6,3,6,3,0,6,6,4,1,60,46
"8370",11,18,18,13,18,23,14,16,2,15,18,13,18,23,14,11,2,3,0,0,5,6,4,3,5,1,3,63,51
"8371",12,27,18,13,18,23,14,16,2,18,18,13,18,23,14,16,2,6,4,0,4,0,0,6,0,1,0,72,51
"8372",0,0,0,0,0,0,0,0,0,0,0,0,0,0,0,0,0,0,0,0,0,0,0,0,0,0,0,0,0
"8373",1,1,1,5,1,1,13,1,3,1,1,1,1,1,1,1,1,4,6,4,6,4,0,4,6,3,2,4,14
"8374",2,1,5,5,1,2,13,1,3,1,1,5,1,1,13,1,3,4,0,0,2,1,2,4,1,2,1,8,15
"8375",3,1,5,5,3,4,13,1,3,1,5,5,1,2,13,1,3,2,2,0,2,0,0,2,2,4,1,10,17
"8376",4,1,5,5,8,8,13,1,3,1,5,5,3,4,13,1,3,4,5,2,4,2,0,5,4,4,1,15,21
"8377",5,1,7,5,8,8,13,1,8,1,5,5,8,8,13,1,3,2,0,0,5,4,3,2,5,2,4,17,26
"8378",6,1,7,9,8,8,13,4,8,1,7,5,8,8,13,1,8,4,3,0,3,0,0,4,3,3,3,21,29
"8379",7,1,7,12,8,8,13,7,14,1,7,9,8,8,13,4,8,6,3,1,6,1,0,3,6,3,4,24,38
"8380",8,1,7,12,9,8,18,7,14,1,7,12,8,8,13,7,14,1,0,0,5,1,5,1,5,4,2,25,43
"8381",9,1,7,12,14,8,18,8,14,1,7,12,9,8,18,7,14,1,5,0,1,0,0,5,1,4,3,30,44
"8382",10,1,12,12,14,10,18,8,14,1,7,12,14,8,18,8,14,2,3,5,2,3,0,5,2,2,1,35,46
"8383",11,1,12,15,14,17,24,8,14,1,12,12,14,10,18,8,14,3,0,0,6,1,1,3,6,3,1,38,59
"8384",12,1,13,15,14,17,24,8,14,1,12,15,14,17,24,8,14,1,1,0,1,0,0,1,0,2,0,39,59
"8385",0,0,0,0,0,0,0,0,0,0,0,0,0,0,0,0,0,0,0,0,0,0,0,0,0,0,0,0,0
"8386",1,1,1,6,1,4,1,1,1,1,1,1,1,1,1,1,1,3,2,5,3,2,0,5,3,3,1,5,3
"8387",2,3,1,6,1,4,1,3,1,1,1,6,1,4,1,1,1,2,0,0,2,6,4,2,2,1,3,7,5
"8388",3,3,1,10,7,8,1,3,1,3,1,6,1,4,1,3,1,6,4,0,4,0,0,6,4,4,1,17,9
"8389",4,8,1,10,7,13,1,3,1,3,1,10,7,8,1,3,1,5,5,5,5,5,0,5,5,1,1,22,14
"8390",5,8,1,15,7,13,2,3,1,8,1,10,7,13,1,3,1,5,0,0,2,1,1,5,1,3,2,27,15
"8391",6,8,1,15,8,13,4,3,1,8,1,15,7,13,2,3,1,2,1,0,2,0,0,1,2,4,2,28,17
"8392",7,8,3,15,14,18,4,3,1,8,1,15,8,13,4,3,1,5,6,1,5,1,0,6,5,4,1,36,22
"8393",8,1,1,16,14,28,4,3,1,8,3,15,14,18,4,3,1,1,0,0,3,2,5,1,3,3,1,28,32
"8394",9,1,6,16,14,28,6,3,1,1,1,16,14,28,4,3,1,2,5,0,2,0,0,5,2,2,2,33,34
"8395",10,7,15,16,14,3,6,3,1,1,6,16,14,28,6,3,1,4,2,6,2,6,0,4,2,2,1,48,9
"8396",11,17,15,16,14,6,6,3,1,7,15,16,14,3,6,3,1,6,0,0,3,6,1,6,3,1,1,58,12
"8397",12,18,15,16,14,6,6,3,1,17,15,16,14,6,6,3,1,6,1,0,6,0,0,1,0,1,0,59,12
"8398",0,0,0,0,0,0,0,0,0,0,0,0,0,0,0,0,0,0,0,0,0,0,0,0,0,0,0,0,0
"8399",1,7,4,1,1,5,1,1,1,1,1,1,1,1,1,1,1,4,6,5,4,5,0,6,4,1,1,9,4
"8400",2,7,9,1,1,5,1,1,2,7,4,1,1,5,1,1,1,5,0,0,1,4,5,5,1,2,4,14,5
"8401",3,7,9,6,1,5,1,5,2,7,9,1,1,5,1,1,2,4,5,0,4,0,0,5,4,3,3,19,9
"8402",4,7,14,6,1,5,4,5,2,7,9,6,1,5,1,5,2,5,1,3,1,3,0,5,3,2,2,24,12
"8403",5,7,14,7,1,9,4,5,2,7,14,6,1,5,4,5,2,1,0,0,4,1,3,1,4,3,1,25,16
"8404",6,7,14,10,1,10,4,5,2,7,14,7,1,9,4,5,2,1,3,0,1,0,0,3,1,3,1,28,17
"8405",7,7,14,10,6,10,4,8,2,7,14,10,1,10,4,5,2,5,5,3,5,3,0,5,3,4,3,33,20
"8406",8,12,14,10,6,10,4,9,2,7,14,10,6,10,4,8,2,5,0,0,1,5,2,5,1,1,3,38,21
"8407",9,12,14,15,6,12,4,9,2,12,14,10,6,10,4,9,2,5,2,0,2,0,0,5,2,3,1,43,23
"8408",10,18,16,15,12,12,4,11,2,12,14,15,6,12,4,9,2,6,2,6,2,6,0,6,2,4,3,57,25
"8409",11,24,18,15,12,16,4,11,2,18,16,15,12,12,4,11,2,6,0,0,4,1,1,6,4,1,1,65,29
"8410",12,24,18,15,13,16,4,11,2,24,18,15,12,16,4,11,2,1,1,0,1,0,0,1,0,4,0,66,29
"8411",0,0,0,0,0,0,0,0,0,0,0,0,0,0,0,0,0,0,0,0,0,0,0,0,0,0,0,0,0
"8412",1,1,4,1,7,1,1,1,5,1,1,1,1,1,1,1,1,4,6,3,4,3,0,6,4,4,4,9,4
"8413",2,1,4,4,7,4,1,1,5,1,4,1,7,1,1,1,5,3,0,0,3,3,1,3,3,3,1,12,7
"8414",3,4,4,4,7,4,1,2,5,1,4,4,7,4,1,1,5,3,1,0,1,0,0,3,1,1,3,15,8
"8415",4,7,10,4,7,9,1,2,5,4,4,4,7,4,1,2,5,6,5,2,5,2,0,6,5,2,1,24,13
"8416",5,7,12,4,7,9,1,3,5,7,10,4,7,9,1,2,5,2,0,0,1,3,4,2,1,2,3,26,14
"8417",6,7,12,4,11,12,1,3,5,7,12,4,7,9,1,3,5,3,4,0,3,0,0,4,3,4,1,30,17
"8418",7,8,12,10,11,12,1,8,5,7,12,4,11,12,1,3,5,1,5,6,1,5,0,6,5,3,3,37,22
"8419",8,9,12,10,11,12,1,12,5,8,12,10,11,12,1,8,5,1,0,0,1,4,3,1,4,1,3,38,26
"8420",9,12,12,10,11,13,1,12,5,9,12,10,11,12,1,12,5,1,3,0,1,0,0,3,1,1,1,41,27
"8421",10,17,12,10,11,13,3,12,5,12,12,10,11,13,1,12,5,2,5,2,2,2,0,5,2,1,2,46,29
"8422",11,17,12,12,11,13,3,16,5,17,12,10,11,13,3,12,5,2,0,0,6,4,4,2,4,3,3,48,33
"8423",12,23,14,12,11,13,3,16,1,17,12,12,11,13,3,16,5,6,4,0,4,0,0,6,0,1,0,56,29
"8424",0,0,0,0,0,0,0,0,0,0,0,0,0,0,0,0,0,0,0,0,0,0,0,0,0,0,0,0,0
"8425",1,1,1,1,6,1,1,3,1,1,1,1,1,1,1,1,1,2,5,1,2,1,0,5,2,4,3,5,2
"8426",2,2,1,1,6,1,5,3,1,1,1,1,6,1,1,3,1,1,0,0,4,3,6,1,4,1,2,6,6
"8427",3,2,1,7,7,4,5,3,1,2,1,1,6,1,5,3,1,3,6,0,3,0,0,6,3,3,1,13,9
"8428",4,2,1,11,7,4,5,3,4,2,1,7,7,4,5,3,1,1,4,3,1,3,0,4,3,3,4,17,12
"8429",5,2,2,11,7,4,5,12,4,2,1,11,7,4,5,3,4,1,0,0,6,2,2,1,6,2,3,18,21
"8430",6,2,2,13,7,4,7,12,4,2,2,11,7,4,5,12,4,2,2,0,2,0,0,2,2,3,2,20,23
"8431",7,3,2,19,13,4,10,12,4,2,2,13,7,4,7,12,4,4,3,6,4,3,0,6,3,4,2,33,26
"8432",8,7,2,19,13,4,10,19,4,3,2,19,13,4,10,12,4,4,0,0,4,6,4,4,6,1,3,37,33
"8433",9,7,6,19,13,4,14,19,4,7,2,19,13,4,10,19,4,4,4,0,4,0,0,4,4,2,2,41,37
"8434",10,12,6,19,13,7,14,19,4,7,6,19,13,4,14,19,4,5,3,1,3,1,0,5,3,1,1,46,40
"8435",11,12,1,20,13,7,14,26,4,12,6,19,13,7,14,19,4,1,0,0,5,3,5,1,5,3,3,42,47
"8436",12,12,1,23,13,7,14,26,4,12,1,20,13,7,14,26,4,3,5,0,5,0,0,3,0,3,0,45,47
"8437",0,0,0,0,0,0,0,0,0,0,0,0,0,0,0,0,0,0,0,0,0,0,0,0,0,0,0,0,0
"8438",1,7,7,4,1,1,1,1,2,1,1,1,1,1,1,1,1,2,6,1,2,1,0,6,1,2,4,15,1
"8439",2,7,7,4,3,3,1,1,2,7,7,4,1,1,1,1,2,2,0,0,4,2,1,2,2,4,1,17,3
"8440",3,7,7,4,7,4,1,1,2,7,7,4,3,3,1,1,2,4,1,0,1,0,0,4,1,4,1,21,4
"8441",4,11,7,4,7,4,4,1,2,7,7,4,7,4,1,1,2,4,3,1,3,1,0,4,3,1,2,25,7
"8442",5,11,7,5,7,4,4,1,6,11,7,4,7,4,4,1,2,1,0,0,4,6,2,1,4,3,4,26,11
"8443",6,17,13,9,7,4,6,1,6,11,7,5,7,4,4,1,6,6,2,0,2,0,0,6,2,2,2,42,13
"8444",7,17,13,9,12,4,11,1,6,17,13,9,7,4,6,1,6,5,5,1,5,1,0,5,5,4,2,47,18
"8445",8,17,14,9,12,4,11,2,6,17,13,9,12,4,11,1,6,1,0,0,1,2,2,1,1,2,3,48,19
"8446",9,17,14,9,14,6,11,2,6,17,14,9,12,4,11,2,6,2,2,0,2,0,0,2,2,4,1,50,21
"8447",10,23,18,9,14,7,11,2,6,17,14,9,14,6,11,2,6,1,6,1,1,1,0,6,1,1,1,60,22
"8448",11,27,18,9,14,11,11,2,1,23,18,9,14,7,11,2,6,1,0,0,4,5,5,1,4,1,1,64,21
"8449",12,27,18,14,14,11,11,2,1,27,18,9,14,11,11,2,1,5,5,0,5,0,0,5,0,3,0,69,21
"8450",0,0,0,0,0,0,0,0,0,0,0,0,0,0,0,0,0,0,0,0,0,0,0,0,0,0,0,0,0
"8451",1,1,1,4,1,1,1,4,1,1,1,1,1,1,1,1,1,3,2,3,2,3,0,3,3,3,3,3,3
"8452",2,1,3,4,1,1,1,4,5,1,1,4,1,1,1,4,1,2,0,0,4,4,5,2,4,2,4,5,7
"8453",3,1,3,4,6,5,1,4,5,1,3,4,1,1,1,4,5,4,5,0,4,0,0,5,4,4,1,10,11
"8454",4,1,9,6,6,5,1,4,7,1,3,4,6,5,1,4,5,6,3,2,3,2,0,6,2,2,4,18,13
"8455",5,1,9,9,6,5,1,15,7,1,9,6,6,5,1,4,7,3,0,0,4,3,6,3,6,3,3,21,24
"8456",6,1,13,9,6,5,4,15,7,1,9,9,6,5,1,15,7,4,3,0,3,0,0,4,3,2,2,25,27
"8457",7,1,13,13,18,8,4,15,13,1,13,9,6,5,4,15,7,6,6,2,6,2,0,6,6,4,4,41,36
"8458",8,1,13,15,18,13,4,15,13,1,13,13,18,8,4,15,13,2,0,0,6,5,5,2,5,3,1,43,41
"8459",9,5,13,21,18,13,4,15,18,1,13,15,18,13,4,15,13,6,5,0,5,0,0,6,5,3,4,53,46
"8460",10,10,13,21,18,13,4,17,18,5,13,21,18,13,4,15,18,5,2,5,2,5,0,5,2,1,3,58,48
"8461",11,10,13,26,18,13,4,17,23,10,13,21,18,13,4,17,18,5,0,0,5,2,5,5,5,3,4,63,53
"8462",12,10,13,32,18,1,4,17,23,10,13,26,18,13,4,17,23,2,5,0,2,0,0,5,0,3,0,69,41
"8463",0,0,0,0,0,0,0,0,0,0,0,0,0,0,0,0,0,0,0,0,0,0,0,0,0,0,0,0,0
"8464",1,1,1,3,1,7,4,1,1,1,1,1,1,1,1,1,1,4,6,2,4,6,0,2,6,3,1,2,9
"8465",2,1,1,7,1,7,4,1,2,1,1,3,1,7,4,1,1,4,0,0,3,1,4,4,1,3,4,6,10
"8466",3,1,1,7,5,7,7,1,2,1,1,7,1,7,4,1,2,3,4,0,3,0,0,4,3,4,2,10,13
"8467",4,7,1,7,7,7,8,1,8,1,1,7,5,7,7,1,2,1,6,6,1,6,0,6,6,1,4,18,20
"8468",5,7,1,8,7,7,8,6,8,7,1,7,7,7,8,1,8,1,0,0,5,2,1,1,5,3,3,19,25
"8469",6,7,3,8,7,7,8,6,9,7,1,8,7,7,8,6,8,2,1,0,1,0,0,2,1,2,4,21,26
"8470",7,11,3,8,7,8,8,6,9,7,3,8,7,7,8,6,9,1,4,2,1,2,0,4,1,1,1,25,27
"8471",8,11,5,8,7,8,11,6,9,11,3,8,7,8,8,6,9,2,0,0,3,3,6,2,3,2,2,27,30
"8472",9,14,5,8,13,11,11,6,9,11,5,8,7,8,11,6,9,3,6,0,3,0,0,6,3,4,1,36,33
"8473",10,14,11,8,16,22,17,6,9,14,5,8,13,11,11,6,9,6,6,6,6,6,0,6,6,2,1,45,50
"8474",11,20,16,1,16,27,17,6,9,14,11,8,16,22,17,6,9,6,0,0,4,4,1,6,4,1,1,49,55
"8475",12,21,16,1,16,27,17,6,9,20,16,1,16,27,17,6,9,4,1,0,4,0,0,1,0,1,0,50,55
"8476",0,0,0,0,0,0,0,0,0,0,0,0,0,0,0,0,0,0,0,0,0,0,0,0,0,0,0,0,0
"8477",1,1,6,1,1,1,6,1,1,1,1,1,1,1,1,1,1,5,3,5,3,5,0,5,5,2,2,5,5
"8478",2,1,6,1,4,1,6,4,1,1,6,1,1,1,6,1,1,3,0,0,3,2,6,3,3,4,3,8,8
"8479",3,7,9,1,4,1,8,4,1,1,6,1,4,1,6,4,1,2,6,0,2,0,0,6,2,1,2,17,10
"8480",4,13,9,5,4,1,8,8,1,7,9,1,4,1,8,4,1,6,3,4,3,4,0,6,4,1,3,27,14
"8481",5,13,12,5,4,1,8,12,1,13,9,5,4,1,8,8,1,3,0,0,3,3,4,3,4,2,3,30,18
"8482",6,13,12,5,7,1,11,12,1,13,12,5,4,1,8,12,1,3,3,0,3,0,0,3,3,4,2,33,21
"8483",7,14,12,5,13,1,11,16,1,13,12,5,7,1,11,12,1,4,3,6,4,3,0,6,4,4,3,40,25
"8484",8,14,15,5,13,1,14,16,1,14,12,5,13,1,11,16,1,3,0,0,3,3,5,3,3,2,2,43,28
"8485",9,14,15,10,13,1,17,16,1,14,15,5,13,1,14,16,1,3,5,0,3,0,0,5,3,3,2,48,31
"8486",10,14,15,15,13,1,17,19,1,14,15,10,13,1,17,16,1,5,1,3,1,3,0,5,3,3,3,53,34
"8487",11,15,15,15,13,4,17,19,1,14,15,15,13,1,17,19,1,1,0,0,3,4,2,1,3,1,1,54,37
"8488",12,15,15,15,17,4,17,19,1,15,15,15,13,4,17,19,1,4,2,0,2,0,0,4,0,4,0,58,37
"8489",0,0,0,0,0,0,0,0,0,0,0,0,0,0,0,0,0,0,0,0,0,0,0,0,0,0,0,0,0
"8490",1,1,7,1,3,1,1,6,1,1,1,1,1,1,1,1,1,2,5,6,2,5,0,6,5,2,3,8,5
"8491",2,3,7,1,3,5,1,6,1,1,7,1,3,1,1,6,1,2,0,0,6,4,6,2,4,1,1,10,9
"8492",3,3,7,7,6,11,7,6,1,3,7,1,3,5,1,6,1,6,6,0,6,0,0,6,6,3,2,19,21
"8493",4,3,7,7,11,11,7,6,5,3,7,7,6,11,7,6,1,5,1,4,1,4,0,5,4,4,4,24,25
"8494",5,3,8,7,11,11,7,12,9,3,7,7,11,11,7,6,5,1,0,0,5,3,6,1,6,2,3,25,35
"8495",6,3,8,7,16,11,10,12,9,3,8,7,11,11,7,12,9,5,3,0,3,0,0,5,3,4,2,30,38
"8496",7,3,13,7,16,14,10,12,9,3,8,7,16,11,10,12,9,3,4,5,3,4,0,5,3,2,1,35,41
"8497",8,3,17,7,16,19,10,12,9,3,13,7,16,14,10,12,9,4,0,0,5,3,2,4,5,2,1,39,46
"8498",9,1,17,7,19,21,10,15,9,3,17,7,16,19,10,12,9,3,2,0,2,0,0,3,2,4,1,40,51
"8499",10,1,17,7,23,21,21,15,9,1,17,7,19,21,10,15,9,6,4,4,6,4,0,4,6,4,2,44,62
"8500",11,1,21,7,33,21,21,1,2,1,17,7,23,21,21,15,9,4,0,0,1,3,1,4,1,4,4,58,41
"8501",12,1,21,7,36,21,21,1,2,1,21,7,33,21,21,1,2,3,1,0,1,0,0,3,0,4,0,61,41
"8502",0,0,0,0,0,0,0,0,0,0,0,0,0,0,0,0,0,0,0,0,0,0,0,0,0,0,0,0,0
"8503",1,4,1,1,1,4,1,1,1,1,1,1,1,1,1,1,1,3,3,4,3,4,0,3,3,1,1,3,3
"8504",2,4,5,1,1,4,1,5,1,4,1,1,1,4,1,1,1,4,0,0,6,4,6,4,4,2,3,7,7
"8505",3,4,5,7,3,4,1,11,4,4,5,1,1,4,1,5,1,6,6,0,6,0,0,6,6,3,3,15,16
"8506",4,4,9,7,9,6,1,11,4,4,5,7,3,4,1,11,4,6,2,5,2,5,0,6,2,4,1,25,18
"8507",5,4,14,7,9,6,1,14,4,4,9,7,9,6,1,11,4,5,0,0,5,1,3,5,3,2,3,30,21
"8508",6,4,14,12,9,6,1,15,4,4,14,7,9,6,1,14,4,5,1,0,1,0,0,5,1,3,3,35,22
"8509",7,4,17,12,9,6,3,15,4,4,14,12,9,6,1,15,4,3,2,1,2,1,0,3,2,2,2,38,24
"8510",8,4,17,12,10,7,3,21,4,4,17,12,9,6,3,15,4,1,0,0,6,2,1,1,6,4,3,39,31
"8511",9,4,17,13,10,9,3,21,4,4,17,12,10,7,3,21,4,2,1,0,2,0,0,1,2,3,1,40,33
"8512",10,4,17,13,15,9,3,21,6,4,17,13,10,9,3,21,4,2,2,5,2,2,0,5,2,4,4,45,35
"8513",11,4,19,13,15,13,3,21,6,4,17,13,15,9,3,21,6,2,0,0,4,2,6,2,4,2,1,47,39
"8514",12,6,19,13,15,13,3,21,6,4,19,13,15,13,3,21,6,2,6,0,6,0,0,2,0,1,0,49,39
"8515",0,0,0,0,0,0,0,0,0,0,0,0,0,0,0,0,0,0,0,0,0,0,0,0,0,0,0,0,0
"8516",1,1,1,1,6,1,3,1,1,1,1,1,1,1,1,1,1,5,2,5,2,5,0,5,2,4,2,5,2
"8517",2,1,1,6,6,1,3,18,1,1,1,1,6,1,3,1,1,5,0,0,4,1,6,5,6,3,3,10,19
"8518",3,5,1,6,6,2,3,18,1,1,1,6,6,1,3,18,1,4,1,0,1,0,0,4,1,1,1,14,20
"8519",4,5,1,8,6,2,4,18,1,5,1,6,6,2,3,18,1,3,2,1,3,1,0,2,1,3,2,16,21
"8520",5,5,1,8,9,2,5,18,1,5,1,8,6,2,4,18,1,3,0,0,1,6,5,3,1,4,2,19,22
"8521",6,5,7,8,15,2,10,18,1,5,1,8,9,2,5,18,1,6,5,0,5,0,0,6,5,4,2,31,27
"8522",7,5,11,8,15,2,10,18,3,5,7,8,15,2,10,18,1,2,3,4,2,3,0,4,2,2,4,35,29
"8523",8,5,11,8,18,4,10,18,3,5,11,8,15,2,10,18,3,3,0,0,1,2,5,3,2,4,1,38,31
"8524",9,10,11,8,18,4,11,18,3,5,11,8,18,4,10,18,3,1,5,0,1,0,0,5,1,1,2,43,32
"8525",10,10,16,8,18,5,11,18,3,10,11,8,18,4,11,18,3,5,1,2,1,2,0,5,1,2,1,48,33
"8526",11,10,18,8,18,5,11,22,3,10,16,8,18,5,11,18,3,2,0,0,4,6,4,2,4,2,3,50,37
"8527",12,10,22,8,18,5,11,22,3,10,18,8,18,5,11,22,3,6,4,0,6,0,0,4,0,2,0,54,37
"8528",0,0,0,0,0,0,0,0,0,0,0,0,0,0,0,0,0,0,0,0,0,0,0,0,0,0,0,0,0
"8529",1,7,2,1,1,1,1,1,6,1,1,1,1,1,1,1,1,6,6,5,6,5,0,6,5,1,4,7,5
"8530",2,7,6,1,7,1,6,1,6,7,2,1,1,1,1,1,6,6,0,0,4,2,5,6,5,4,2,17,10
"8531",3,11,6,1,7,1,6,1,8,7,6,1,7,1,6,1,6,4,2,0,2,0,0,4,2,1,4,21,12
"8532",4,11,6,1,11,1,7,1,8,11,6,1,7,1,6,1,8,1,4,1,1,1,0,4,1,4,2,25,13
"8533",5,11,6,1,12,1,11,1,8,11,6,1,11,1,7,1,8,1,0,0,3,4,3,1,4,4,2,26,17
"8534",6,11,6,4,12,1,11,1,11,11,6,1,12,1,11,1,8,3,3,0,3,0,0,3,3,3,4,29,20
"8535",7,13,12,4,12,5,11,1,11,11,6,4,12,1,11,1,11,6,2,4,2,4,0,6,4,2,1,37,24
"8536",8,13,12,4,14,5,11,1,18,13,12,4,12,5,11,1,11,2,0,0,5,1,6,2,6,4,4,39,31
"8537",9,13,12,9,14,6,11,1,18,13,12,4,14,5,11,1,18,5,1,0,1,0,0,5,1,3,1,44,32
"8538",10,13,16,9,14,8,11,1,18,13,12,9,14,6,11,1,18,2,4,4,2,4,0,4,2,2,1,48,34
"8539",11,13,16,9,18,11,11,1,18,13,16,9,14,8,11,1,18,4,0,0,2,3,5,4,3,4,1,52,37
"8540",12,13,16,9,23,11,11,1,18,13,16,9,18,11,11,1,18,2,5,0,2,0,0,5,0,4,0,57,37
"8541",0,0,0,0,0,0,0,0,0,0,0,0,0,0,0,0,0,0,0,0,0,0,0,0,0,0,0,0,0
"8542",1,4,7,7,1,1,6,1,1,1,1,1,1,1,1,1,1,6,5,3,5,3,0,6,5,3,2,15,5
"8543",2,4,10,7,1,3,6,1,1,4,7,7,1,1,6,1,1,3,0,0,2,6,3,3,2,2,1,18,7
"8544",3,13,10,7,1,6,6,1,1,4,10,7,1,3,6,1,1,6,3,0,3,0,0,6,3,1,1,27,10
"8545",4,13,11,13,1,10,6,1,1,13,10,7,1,6,6,1,1,5,6,4,5,4,0,6,4,3,1,34,14
"8546",5,13,11,13,6,10,11,1,1,13,11,13,1,10,6,1,1,5,0,0,5,5,4,5,5,4,2,39,19
"8547",6,13,11,13,11,10,15,1,1,13,11,13,6,10,11,1,1,5,4,0,4,0,0,5,4,4,2,44,23
"8548",7,17,11,13,11,26,15,1,1,13,11,13,11,10,15,1,1,6,4,1,6,1,0,4,6,1,1,48,39
"8549",8,18,11,13,11,26,15,1,5,17,11,13,11,26,15,1,1,1,0,0,4,1,3,1,4,1,4,49,43
"8550",9,18,11,16,11,26,16,1,5,18,11,13,11,26,15,1,5,1,3,0,1,0,0,3,1,3,2,52,44
"8551",10,19,11,16,11,30,16,1,5,18,11,16,11,26,16,1,5,1,3,4,3,4,0,1,4,1,1,53,48
"8552",11,19,11,19,11,30,16,1,9,19,11,16,11,30,16,1,5,3,0,0,4,6,2,3,4,3,4,56,52
"8553",12,19,11,21,11,30,16,1,9,19,11,19,11,30,16,1,9,6,2,0,6,0,0,2,0,3,0,58,52
"8554",0,0,0,0,0,0,0,0,0,0,0,0,0,0,0,0,0,0,0,0,0,0,0,0,0,0,0,0,0
"8555",1,4,1,1,1,1,3,1,1,1,1,1,1,1,1,1,1,2,2,3,2,2,0,3,2,1,2,3,2
"8556",2,6,1,1,1,1,6,1,1,4,1,1,1,1,3,1,1,2,0,0,3,1,5,2,3,1,2,5,5
"8557",3,6,6,1,1,2,6,1,1,6,1,1,1,1,6,1,1,1,5,0,1,0,0,5,1,2,1,10,6
"8558",4,6,10,1,1,2,10,1,1,6,6,1,1,2,6,1,1,4,4,2,4,2,0,4,4,2,2,14,10
"8559",5,6,12,1,1,5,10,1,1,6,10,1,1,2,10,1,1,2,0,0,4,4,3,2,3,2,1,16,13
"8560",6,10,12,1,1,5,10,5,1,6,12,1,1,5,10,1,1,4,4,0,4,0,0,4,4,1,3,20,17
"8561",7,10,12,5,1,5,10,5,2,10,12,1,1,5,10,5,1,1,3,4,1,3,0,4,1,3,4,24,18
"8562",8,10,12,5,4,11,12,11,2,10,12,5,1,5,10,5,2,3,0,0,4,6,6,3,6,4,1,27,32
"8563",9,16,12,5,5,15,12,11,2,10,12,5,4,11,12,11,2,4,6,0,4,0,0,6,4,1,1,34,36
"8564",10,16,12,5,7,15,12,12,2,16,12,5,5,15,12,11,2,1,2,1,1,1,0,2,1,4,3,36,37
"8565",11,16,13,5,7,19,12,12,2,16,12,5,7,15,12,12,2,1,0,0,1,4,3,1,4,2,1,37,41
"8566",12,16,13,6,7,19,12,12,2,16,13,5,7,19,12,12,2,1,3,0,3,0,0,1,0,3,0,38,41
"8567",0,0,0,0,0,0,0,0,0,0,0,0,0,0,0,0,0,0,0,0,0,0,0,0,0,0,0,0,0
"8568",1,7,1,1,4,1,1,4,1,1,1,1,1,1,1,1,1,3,5,6,3,5,0,6,3,1,3,9,3
"8569",2,7,6,1,4,1,3,4,1,7,1,1,4,1,1,4,1,5,0,0,2,2,2,5,2,2,2,14,5
"8570",3,7,6,1,6,3,3,4,1,7,6,1,4,1,3,4,1,2,2,0,2,0,0,2,2,4,1,16,7
"8571",4,7,6,6,6,3,3,4,6,7,6,1,6,3,3,4,1,5,2,5,2,5,0,5,5,3,4,21,12
"8572",5,7,6,8,6,3,3,15,6,7,6,6,6,3,3,4,6,2,0,0,1,6,5,2,6,3,3,23,23
"8573",6,12,6,8,6,3,3,16,6,7,6,8,6,3,3,15,6,1,5,0,1,0,0,5,1,1,3,28,24
"8574",7,16,6,8,6,3,3,16,9,12,6,8,6,3,3,16,6,4,4,3,4,3,0,4,3,1,4,32,27
"8575",8,20,6,8,6,3,3,19,9,16,6,8,6,3,3,16,9,4,0,0,1,3,3,4,3,1,3,36,30
"8576",9,20,6,11,6,3,3,20,9,20,6,8,6,3,3,19,9,1,3,0,1,0,0,3,1,3,3,39,31
"8577",10,20,11,11,12,6,3,20,9,20,6,11,6,3,3,20,9,3,6,2,3,2,0,6,3,4,1,50,34
"8578",11,20,13,11,12,6,3,20,10,20,11,11,12,6,3,20,9,2,0,0,1,2,1,2,1,2,4,52,35
"8579",12,21,13,11,17,6,1,20,10,20,13,11,12,6,3,20,10,2,1,0,2,0,0,1,0,1,0,58,33
"8580",0,0,0,0,0,0,0,0,0,0,0,0,0,0,0,0,0,0,0,0,0,0,0,0,0,0,0,0,0
"8581",1,7,1,1,8,1,1,6,1,1,1,1,1,1,1,1,1,5,6,5,5,5,0,6,5,4,3,13,5
"8582",2,7,1,6,8,1,1,9,1,7,1,1,8,1,1,6,1,5,0,0,3,1,6,5,3,3,3,18,8
"8583",3,13,1,9,8,1,1,9,2,7,1,6,8,1,1,9,1,1,6,0,1,0,0,6,1,1,4,27,9
"8584",4,13,6,9,8,1,1,9,6,13,1,9,8,1,1,9,2,4,5,5,4,5,0,5,4,2,4,32,13
"8585",5,13,11,9,8,1,1,9,10,13,6,9,8,1,1,9,6,5,0,0,6,4,1,5,4,2,4,37,17
"8586",6,19,11,9,9,1,1,9,11,13,11,9,8,1,1,9,10,6,1,0,1,0,0,6,1,1,4,44,18
"8587",7,19,14,9,9,1,1,9,16,19,11,9,9,1,1,9,11,5,3,1,5,1,0,3,5,2,4,47,23
"8588",8,19,15,9,9,1,1,9,18,19,14,9,9,1,1,9,16,1,0,0,2,6,2,1,2,2,4,48,25
"8589",9,19,15,11,15,3,1,9,18,19,15,9,9,1,1,9,18,6,2,0,2,0,0,6,2,4,1,56,27
"8590",10,19,15,11,20,3,1,9,20,19,15,11,15,3,1,9,18,2,5,2,2,2,0,5,2,4,4,61,29
"8591",11,19,15,11,22,5,1,9,20,19,15,11,20,3,1,9,20,2,0,0,2,6,5,2,2,4,1,63,31
"8592",12,19,22,11,22,5,1,9,20,19,15,11,22,5,1,9,20,6,5,0,5,0,0,6,0,2,0,70,31
"8593",0,0,0,0,0,0,0,0,0,0,0,0,0,0,0,0,0,0,0,0,0,0,0,0,0,0,0,0,0
"8594",1,1,1,7,6,4,7,1,1,1,1,1,1,1,1,1,1,6,5,6,5,6,0,6,6,3,2,11,9
"8595",2,1,6,7,6,10,7,6,1,1,1,7,6,4,7,1,1,5,0,0,3,3,6,5,6,2,1,16,20
"8596",3,4,6,7,6,10,10,6,1,1,6,7,6,10,7,6,1,3,3,0,3,0,0,3,3,1,2,19,23
"8597",4,4,6,7,10,10,14,6,1,4,6,7,6,10,10,6,1,2,4,4,2,4,0,4,4,4,2,23,27
"8598",5,4,6,7,12,10,18,6,1,4,6,7,10,10,14,6,1,2,0,0,1,2,4,2,4,4,2,25,31
"8599",6,4,6,8,12,10,18,8,1,4,6,7,12,10,18,6,1,1,2,0,2,0,0,1,2,3,3,26,33
"8600",7,4,6,12,12,18,18,8,1,4,6,8,12,10,18,8,1,1,4,6,1,6,0,4,6,3,1,30,41
"8601",8,4,7,12,12,18,18,10,1,4,6,12,12,18,18,8,1,1,0,0,2,6,6,1,2,2,3,31,43
"8602",9,4,7,17,18,24,18,14,1,4,7,12,12,18,18,10,1,6,6,0,6,0,0,6,6,4,1,42,53
"8603",10,7,7,17,18,24,18,17,1,4,7,17,18,24,18,14,1,3,3,4,3,4,0,3,3,1,3,45,56
"8604",11,7,11,17,18,28,18,17,1,7,7,17,18,24,18,17,1,4,0,0,4,4,2,4,4,2,1,49,60
"8605",12,7,11,21,18,28,18,17,1,7,11,17,18,28,18,17,1,4,2,0,2,0,0,4,0,3,0,53,60
"8606",0,0,0,0,0,0,0,0,0,0,0,0,0,0,0,0,0,0,0,0,0,0,0,0,0,0,0,0,0
"8607",1,1,1,1,6,5,1,1,1,1,1,1,1,1,1,1,1,5,3,4,3,4,0,5,4,4,1,5,4
"8608",2,1,1,1,9,5,6,1,1,1,1,1,6,5,1,1,1,3,0,0,2,2,5,3,5,4,2,8,9
"8609",3,1,3,1,9,7,6,1,1,1,1,1,9,5,6,1,1,2,2,0,2,0,0,2,2,2,1,10,11
"8610",4,1,3,6,9,7,6,3,1,1,3,1,9,7,6,1,1,2,5,2,2,2,0,5,2,3,3,15,13
"8611",5,3,3,6,9,13,6,3,6,1,3,6,9,7,6,3,1,2,0,0,6,3,2,2,6,1,1,17,24
"8612",6,3,3,9,9,13,8,3,6,3,3,6,9,13,6,3,6,3,2,0,2,0,0,3,2,3,2,20,26
"8613",7,8,3,9,9,13,9,3,6,3,3,9,9,13,8,3,6,5,1,1,1,1,0,5,1,1,2,25,27
"8614",8,8,3,10,9,13,13,3,6,8,3,9,9,13,9,3,6,1,0,0,4,3,2,1,4,3,2,26,31
"8615",9,8,6,10,9,13,13,5,6,8,3,10,9,13,13,3,6,3,2,0,2,0,0,3,2,2,3,29,33
"8616",10,8,11,10,9,13,13,7,6,8,6,10,9,13,13,5,6,2,5,2,2,2,0,5,2,2,3,34,35
"8617",11,10,11,10,9,17,13,7,6,8,11,10,9,13,13,7,6,2,0,0,2,4,1,2,4,1,1,36,39
"8618",12,10,12,10,9,17,13,7,6,10,11,10,9,17,13,7,6,2,1,0,2,0,0,1,0,2,0,37,39
"8619",0,0,0,0,0,0,0,0,0,0,0,0,0,0,0,0,0,0,0,0,0,0,0,0,0,0,0,0,0
"8620",1,1,1,3,1,1,1,6,1,1,1,1,1,1,1,1,1,4,2,5,4,5,0,2,5,3,3,2,5
"8621",2,1,1,3,5,5,1,12,1,1,1,3,1,1,1,6,1,4,0,0,6,6,2,4,6,4,3,6,15
"8622",3,5,7,3,5,5,1,14,1,1,1,3,5,5,1,12,1,6,2,0,2,0,0,6,2,2,3,16,17
"8623",4,8,13,3,5,5,4,14,1,5,7,3,5,5,1,14,1,3,2,6,3,2,0,6,3,2,2,25,20
"8624",5,10,13,3,5,10,4,14,1,8,13,3,5,5,4,14,1,2,0,0,5,3,5,2,5,1,1,27,25
"8625",6,10,13,8,5,10,4,14,4,10,13,3,5,10,4,14,1,3,5,0,3,0,0,5,3,3,4,32,28
"8626",7,12,13,8,11,15,4,14,4,10,13,8,5,10,4,14,4,6,3,5,3,5,0,6,5,4,1,40,33
"8627",8,15,13,8,11,15,4,14,9,12,13,8,11,15,4,14,4,3,0,0,4,5,3,3,5,1,4,43,38
"8628",9,15,17,8,11,18,4,14,9,15,13,8,11,15,4,14,9,4,3,0,3,0,0,4,3,2,1,47,41
"8629",10,15,17,10,11,18,6,14,9,15,17,8,11,18,4,14,9,1,2,2,1,2,0,2,2,3,2,49,43
"8630",11,16,17,10,11,18,7,14,9,15,17,10,11,18,6,14,9,1,0,0,6,1,2,1,1,1,2,50,44
"8631",12,16,19,10,11,18,7,14,9,16,17,10,11,18,7,14,9,6,2,0,6,0,0,2,0,2,0,52,44
"8632",0,0,0,0,0,0,0,0,0,0,0,0,0,0,0,0,0,0,0,0,0,0,0,0,0,0,0,0,0
"8633",1,1,1,1,5,1,6,1,1,1,1,1,1,1,1,1,1,1,5,4,1,5,0,4,5,4,2,4,5
"8634",2,1,1,2,5,7,6,1,3,1,1,1,5,1,6,1,1,1,0,0,3,6,1,1,6,3,1,5,13
"8635",3,1,1,2,8,7,6,1,4,1,1,2,5,7,6,1,3,3,1,0,1,0,0,3,1,4,4,8,14
"8636",4,1,1,2,13,7,11,1,4,1,1,2,8,7,6,1,4,5,3,5,3,5,0,5,5,4,2,13,19
"8637",5,1,1,2,16,12,11,1,4,1,1,2,13,7,11,1,4,3,0,0,5,1,1,3,5,4,1,16,24
"8638",6,1,2,2,16,12,11,1,5,1,1,2,16,12,11,1,4,1,1,0,1,0,0,1,1,2,4,17,25
"8639",7,1,5,2,36,6,1,1,5,1,2,2,16,12,11,1,5,5,5,6,5,5,0,6,5,4,1,40,9
"8640",8,6,5,2,36,8,1,1,5,1,5,2,36,6,1,1,5,5,0,0,2,5,4,5,2,1,1,45,11
"8641",9,11,5,2,36,12,1,1,5,6,5,2,36,8,1,1,5,5,4,0,4,0,0,5,4,1,1,50,15
"8642",10,15,5,2,36,17,1,1,5,11,5,2,36,12,1,1,5,4,5,2,5,2,0,4,5,1,1,54,20
"8643",11,17,5,1,36,25,1,1,5,15,5,2,36,17,1,1,5,2,0,0,3,4,6,2,3,1,1,55,28
"8644",12,17,5,11,36,1,1,1,5,17,5,1,36,25,1,1,5,4,6,0,4,0,0,6,0,3,0,65,4
"8645",0,0,0,0,0,0,0,0,0,0,0,0,0,0,0,0,0,0,0,0,0,0,0,0,0,0,0,0,0
"8646",1,1,5,1,7,7,1,3,1,1,1,1,1,1,1,1,1,6,4,6,4,6,0,6,6,4,1,10,8
"8647",2,1,5,5,7,9,1,3,1,1,5,1,7,7,1,3,1,4,0,0,2,3,4,4,2,3,1,14,10
"8648",3,1,5,9,7,9,1,6,1,1,5,5,7,9,1,3,1,3,4,0,3,0,0,4,3,3,3,18,13
"8649",4,1,10,9,7,9,6,6,1,1,5,9,7,9,1,6,1,5,5,5,5,5,0,5,5,2,2,23,18
"8650",5,1,10,9,12,9,10,6,1,1,10,9,7,9,6,6,1,5,0,0,1,4,6,5,4,4,2,28,22
"8651",6,12,10,9,12,9,10,7,1,1,10,9,12,9,10,6,1,1,6,0,1,0,0,6,1,1,3,39,23
"8652",7,12,10,15,17,9,10,11,1,12,10,9,12,9,10,7,1,4,2,6,4,2,0,6,4,3,3,50,27
"8653",8,12,12,15,17,9,14,11,1,12,10,15,17,9,10,11,1,2,0,0,4,1,4,2,4,2,2,52,31
"8654",9,12,13,15,17,13,14,11,1,12,12,15,17,9,14,11,1,1,4,0,4,0,0,1,4,2,1,53,35
"8655",10,12,18,15,17,13,14,15,1,12,13,15,17,13,14,11,1,4,1,5,4,1,0,5,4,2,3,58,39
"8656",11,13,18,15,17,14,14,15,1,12,18,15,17,13,14,15,1,1,0,0,6,1,5,1,1,1,1,59,40
"8657",12,13,18,22,17,14,14,15,1,13,18,15,17,14,14,15,1,6,5,0,5,0,0,6,0,3,0,66,40
"8658",0,0,0,0,0,0,0,0,0,0,0,0,0,0,0,0,0,0,0,0,0,0,0,0,0,0,0,0,0
"8659",1,10,1,7,1,1,6,1,1,1,1,1,1,1,1,1,1,1,6,5,1,5,0,6,5,3,2,15,5
"8660",2,11,1,7,1,5,6,1,1,10,1,7,1,1,6,1,1,1,0,0,5,4,6,1,4,1,1,16,9
"8661",3,11,12,7,7,10,6,1,1,11,1,7,1,5,6,1,1,5,6,0,5,0,0,6,5,2,1,33,14
"8662",4,11,12,7,8,10,6,1,3,11,12,7,7,10,6,1,1,1,1,2,1,2,0,1,2,4,4,34,16
"8663",5,11,12,8,8,10,7,1,3,11,12,7,8,10,6,1,3,1,0,0,1,1,1,1,1,3,2,35,17
"8664",6,11,13,8,8,10,7,1,4,11,12,8,8,10,7,1,3,1,1,0,1,0,0,1,1,2,4,36,18
"8665",7,16,19,8,14,10,12,1,4,11,13,8,8,10,7,1,4,5,6,3,5,3,0,6,5,4,2,53,23
"8666",8,16,19,11,14,15,12,1,4,16,19,8,14,10,12,1,4,3,0,0,5,4,3,3,5,3,1,56,28
"8667",9,16,19,14,14,19,12,1,4,16,19,11,14,15,12,1,4,4,3,0,4,0,0,3,4,3,1,59,32
"8668",10,16,19,18,14,25,12,5,4,16,19,14,14,19,12,1,4,4,2,6,2,6,0,4,6,3,1,63,42
"8669",11,18,19,18,14,25,16,5,4,16,19,18,14,25,12,5,4,2,0,0,4,1,6,2,4,1,2,65,46
"8670",12,24,21,18,14,25,16,5,4,18,19,18,14,25,16,5,4,1,6,0,1,0,0,6,0,1,0,73,46
"8671",0,0,0,0,0,0,0,0,0,0,0,0,0,0,0,0,0,0,0,0,0,0,0,0,0,0,0,0,0
"8672",1,1,1,3,1,10,1,7,1,1,1,1,1,1,1,1,1,2,5,6,5,6,0,2,6,3,1,2,15
"8673",2,1,1,3,6,10,6,7,1,1,1,3,1,10,1,7,1,5,0,0,1,5,6,5,5,4,2,7,20
"8674",3,1,1,4,12,10,6,8,1,1,1,3,6,10,6,7,1,1,6,0,1,0,0,6,1,4,3,14,21
"8675",4,1,1,4,15,19,6,8,1,1,1,4,12,10,6,8,1,1,3,6,1,6,0,3,6,4,1,17,30
"8676",5,2,1,4,15,19,6,9,1,1,1,4,15,19,6,8,1,1,0,0,3,4,1,1,1,1,3,18,31
"8677",6,2,1,4,19,19,6,12,1,2,1,4,15,19,6,9,1,3,4,0,3,0,0,4,3,4,3,22,34
"8678",7,5,1,4,19,19,13,12,1,2,1,4,19,19,6,12,1,3,1,6,1,6,0,3,6,1,2,25,41
"8679",8,5,2,4,19,19,18,12,1,5,1,4,19,19,13,12,1,1,0,0,5,1,2,1,5,2,2,26,46
"8680",9,5,2,4,21,19,19,12,1,5,2,4,19,19,18,12,1,1,2,0,1,0,0,2,1,4,2,28,47
"8681",10,8,2,4,21,19,19,17,1,5,2,4,21,19,19,12,1,5,2,3,5,2,0,3,5,1,3,31,52
"8682",11,10,2,1,21,24,19,17,1,8,2,4,21,19,19,17,1,2,0,0,3,4,1,2,3,1,1,30,57
"8683",12,10,2,1,25,24,19,17,1,10,2,1,21,24,19,17,1,4,1,0,1,0,0,4,0,4,0,34,57
"8684",0,0,0,0,0,0,0,0,0,0,0,0,0,0,0,0,0,0,0,0,0,0,0,0,0,0,0,0,0
"8685",1,1,1,1,3,1,1,1,2,1,1,1,1,1,1,1,1,2,1,1,1,1,0,2,1,4,4,2,1
"8686",2,2,1,1,3,1,1,4,2,1,1,1,3,1,1,1,2,1,0,0,3,6,2,1,3,1,3,3,4
"8687",3,8,2,1,3,3,1,4,2,2,1,1,3,1,1,4,2,6,2,0,2,0,0,6,2,1,1,10,6
"8688",4,8,7,1,3,5,1,4,2,8,2,1,3,3,1,4,2,2,2,5,2,2,0,5,2,2,1,15,8
"8689",5,8,7,3,3,9,1,4,2,8,7,1,3,5,1,4,2,2,0,0,4,4,1,2,4,3,1,17,12
"8690",6,12,7,3,3,9,1,4,3,8,7,3,3,9,1,4,2,4,1,0,1,0,0,4,1,1,4,21,13
"8691",7,12,7,9,4,15,7,6,3,12,7,3,3,9,1,4,3,1,6,6,1,6,0,6,6,3,1,28,27
"8692",8,12,7,10,4,16,7,6,9,12,7,9,4,15,7,6,3,1,0,0,6,3,3,1,6,3,4,29,34
"8693",9,12,7,13,4,16,10,6,9,12,7,10,4,16,7,6,9,3,3,0,3,0,0,3,3,3,2,32,37
"8694",10,12,7,16,4,16,10,6,10,12,7,13,4,16,10,6,9,3,1,3,1,3,0,3,1,3,4,35,38
"8695",11,12,7,19,4,20,10,6,10,12,7,16,4,16,10,6,10,3,0,0,2,2,4,3,4,3,1,38,42
"8696",12,12,9,19,4,20,10,6,10,12,7,19,4,20,10,6,10,2,2,0,2,0,0,2,0,2,0,40,42
"8697",0,0,0,0,0,0,0,0,0,0,0,0,0,0,0,0,0,0,0,0,0,0,0,0,0,0,0,0,0
"8698",1,1,1,10,1,1,1,10,1,1,1,1,1,1,1,1,1,6,6,2,6,2,0,6,6,3,3,9,9
"8699",2,1,3,10,1,7,7,10,2,1,1,10,1,1,1,10,1,2,0,0,1,6,1,2,6,2,1,11,22
"8700",3,1,4,10,1,7,7,11,2,1,3,10,1,7,7,10,2,1,1,0,1,0,0,1,1,2,3,12,23
"8701",4,6,4,16,1,11,7,11,2,1,4,10,1,7,7,11,2,6,4,2,4,2,0,6,4,3,1,23,27
"8702",5,6,4,18,1,12,13,11,2,6,4,16,1,11,7,11,2,2,0,0,2,2,6,2,6,3,2,25,34
"8703",6,6,6,18,1,12,13,13,2,6,4,18,1,12,13,11,2,2,2,0,2,0,0,2,2,2,3,27,36
"8704",7,9,12,18,1,12,13,13,5,6,6,18,1,12,13,13,2,2,6,3,2,3,0,6,3,2,4,36,39
"8705",8,11,12,18,1,16,13,13,5,9,12,18,1,12,13,13,5,2,0,0,3,4,3,2,4,1,1,38,43
"8706",9,11,12,21,1,16,16,13,5,11,12,18,1,16,13,13,5,3,3,0,3,0,0,3,3,3,2,41,46
"8707",10,11,13,21,1,19,16,13,5,11,12,21,1,16,16,13,5,3,1,1,3,1,0,1,3,2,1,42,49
"8708",11,11,1,22,1,33,16,13,5,11,13,21,1,19,16,13,5,1,0,0,6,2,3,1,6,3,1,31,63
"8709",12,11,1,25,1,33,16,13,5,11,1,22,1,33,16,13,5,2,3,0,2,0,0,3,0,3,0,34,63
"8710",0,0,0,0,0,0,0,0,0,0,0,0,0,0,0,0,0,0,0,0,0,0,0,0,0,0,0,0,0
"8711",1,1,1,6,1,3,1,1,1,1,1,1,1,1,1,1,1,5,2,2,2,2,0,5,2,3,1,5,2
"8712",2,1,3,6,1,4,1,1,1,1,1,6,1,3,1,1,1,2,0,0,1,2,1,2,1,2,1,7,3
"8713",3,3,3,6,1,4,1,2,1,1,3,6,1,4,1,1,1,2,1,0,1,0,0,2,1,1,3,9,4
"8714",4,3,3,6,4,4,1,6,1,3,3,6,1,4,1,2,1,3,3,4,3,4,0,3,4,4,3,12,8
"8715",5,3,3,9,4,4,1,6,2,3,3,6,4,4,1,6,1,3,0,0,1,1,3,3,1,3,4,15,9
"8716",6,3,3,9,7,4,2,6,2,3,3,9,4,4,1,6,2,1,3,0,1,0,0,3,1,4,2,18,10
"8717",7,3,3,9,14,4,2,11,2,3,3,9,7,4,2,6,2,5,6,2,5,2,0,6,5,4,3,25,15
"8718",8,3,3,11,14,4,8,11,3,3,3,9,14,4,2,11,2,2,0,0,3,6,6,2,6,3,2,27,22
"8719",9,12,9,11,14,4,8,11,6,3,3,11,14,4,8,11,3,3,6,0,3,0,0,6,3,2,4,42,25
"8720",10,16,9,11,14,5,8,11,6,12,9,11,14,4,8,11,6,1,4,2,1,2,0,4,1,1,1,46,26
"8721",11,16,11,11,14,7,8,11,6,16,9,11,14,5,8,11,6,2,0,0,2,5,2,2,2,2,1,48,28
"8722",12,16,13,11,14,7,8,11,6,16,11,11,14,7,8,11,6,5,2,0,5,0,0,2,0,2,0,50,28
"8723",0,0,0,0,0,0,0,0,0,0,0,0,0,0,0,0,0,0,0,0,0,0,0,0,0,0,0,0,0
"8724",1,1,7,1,5,5,1,1,1,1,1,1,1,1,1,1,1,4,3,6,4,3,0,6,4,2,1,10,4
"8725",2,1,7,1,8,5,4,1,1,1,7,1,5,5,1,1,1,3,0,0,3,2,2,3,3,4,2,13,7
"8726",3,3,7,1,8,5,6,1,1,1,7,1,8,5,4,1,1,2,2,0,2,0,0,2,2,1,2,15,9
"8727",4,3,8,1,8,9,6,1,1,3,7,1,8,5,6,1,1,1,2,4,2,4,0,1,4,2,1,16,13
"8728",5,3,10,1,8,15,7,1,1,3,8,1,8,9,6,1,1,2,0,0,6,3,1,2,6,2,1,18,20
"8729",6,6,10,1,8,15,8,1,1,3,10,1,8,15,7,1,1,3,1,0,1,0,0,3,1,1,2,21,21
"8730",7,6,10,1,12,17,8,1,1,6,10,1,8,15,8,1,1,4,4,2,4,2,0,4,2,4,1,25,23
"8731",8,10,10,1,12,17,9,1,1,6,10,1,12,17,8,1,1,4,0,0,4,1,1,4,1,1,2,29,24
"8732",9,14,10,1,12,18,9,1,1,10,10,1,12,17,9,1,1,4,1,0,1,0,0,4,1,1,1,33,25
"8733",10,14,15,1,12,18,9,1,5,14,10,1,12,18,9,1,1,5,4,1,4,1,0,5,4,2,4,38,29
"8734",11,14,15,2,12,18,9,5,5,14,15,1,12,18,9,1,5,1,0,0,3,4,1,1,4,3,3,39,33
"8735",12,14,15,3,12,18,9,5,5,14,15,2,12,18,9,5,5,3,1,0,3,0,0,1,0,3,0,40,33
"8736",0,0,0,0,0,0,0,0,0,0,0,0,0,0,0,0,0,0,0,0,0,0,0,0,0,0,0,0,0
"8737",1,5,1,1,7,13,1,4,1,1,1,1,1,1,1,1,1,1,6,6,1,6,0,6,6,4,1,10,15
"8738",2,5,2,1,7,15,1,4,1,5,1,1,7,13,1,4,1,1,0,0,2,2,4,1,2,2,1,11,17
"8739",3,5,2,1,11,15,3,4,1,5,2,1,7,15,1,4,1,2,4,0,2,0,0,4,2,4,2,15,19
"8740",4,5,6,1,11,15,8,4,1,5,2,1,11,15,3,4,1,4,5,3,5,3,0,4,5,2,2,19,24
"8741",5,5,6,1,14,15,8,4,2,5,6,1,11,15,8,4,1,3,0,0,3,1,1,3,1,4,4,22,25
"8742",6,5,6,1,17,16,8,4,2,5,6,1,14,15,8,4,2,3,1,0,1,0,0,3,1,4,1,25,26
"8743",7,11,12,1,18,21,8,4,2,5,6,1,17,16,8,4,2,5,6,1,5,1,0,6,5,1,1,38,31
"8744",8,11,12,1,19,21,8,4,6,11,12,1,18,21,8,4,2,1,0,0,4,4,5,1,4,4,4,39,35
"8745",9,11,17,1,19,21,8,8,6,11,12,1,19,21,8,4,6,4,5,0,4,0,0,5,4,2,3,44,39
"8746",10,16,17,3,19,1,10,8,6,11,17,1,19,21,8,8,6,2,2,5,2,5,0,2,2,3,2,51,21
"8747",11,16,17,8,19,2,10,8,6,16,17,3,19,1,10,8,6,5,0,0,1,2,6,5,1,3,1,56,22
"8748",12,16,17,15,19,2,10,8,6,16,17,8,19,2,10,8,6,2,6,0,2,0,0,6,0,3,0,63,22
"8749",0,0,0,0,0,0,0,0,0,0,0,0,0,0,0,0,0,0,0,0,0,0,0,0,0,0,0,0,0
"8750",1,1,1,1,5,1,7,4,1,1,1,1,1,1,1,1,1,2,4,6,2,6,0,4,6,4,2,4,9
"8751",2,3,1,1,5,3,7,4,7,1,1,1,5,1,7,4,1,2,0,0,6,1,3,2,6,1,4,6,17
"8752",3,3,1,1,8,3,8,4,7,3,1,1,5,3,7,4,7,1,3,0,1,0,0,3,1,4,2,9,18
"8753",4,3,6,1,8,6,8,4,13,3,1,1,8,3,8,4,7,6,5,5,6,5,0,5,6,2,4,14,27
"8754",5,3,6,1,13,6,8,9,13,3,6,1,8,6,8,4,13,5,0,0,3,5,3,5,5,4,3,19,32
"8755",6,3,9,1,13,9,8,9,13,3,6,1,13,6,8,9,13,3,3,0,3,0,0,3,3,2,1,22,35
"8756",7,3,15,1,15,9,12,9,13,3,9,1,13,9,8,9,13,5,4,6,5,4,0,6,4,2,2,30,39
"8757",8,3,20,1,15,9,12,13,13,3,15,1,15,9,12,9,13,5,0,0,5,4,6,5,4,2,3,35,43
"8758",9,3,26,1,23,14,12,13,13,3,20,1,15,9,12,13,13,5,6,0,5,0,0,6,5,2,1,49,48
"8759",10,3,26,3,29,15,12,13,13,3,26,1,23,14,12,13,13,6,2,1,2,1,0,6,1,4,1,57,49
"8760",11,3,26,5,29,20,12,13,13,3,26,3,29,15,12,13,13,2,0,0,5,5,1,2,5,3,1,59,54
"8761",12,3,30,5,30,20,1,13,13,3,26,5,29,20,12,13,13,5,1,0,5,0,0,1,0,4,0,64,43
"8762",0,0,0,0,0,0,0,0,0,0,0,0,0,0,0,0,0,0,0,0,0,0,0,0,0,0,0,0,0
"8763",1,1,1,1,6,1,13,3,1,1,1,1,1,1,1,1,1,6,5,6,6,6,0,5,6,4,2,5,14
"8764",2,1,12,1,6,2,13,3,1,1,1,1,6,1,13,3,1,6,0,0,1,3,1,6,1,2,1,16,15
"8765",3,4,12,1,6,2,13,4,1,1,12,1,6,2,13,3,1,3,1,0,1,0,0,3,1,1,3,19,16
"8766",4,4,14,1,6,5,13,4,1,4,12,1,6,2,13,4,1,2,1,3,1,3,0,2,3,2,1,21,19
"8767",5,4,15,1,6,10,13,4,1,4,14,1,6,5,13,4,1,1,0,0,2,3,5,1,5,2,1,22,24
"8768",6,4,18,1,6,10,15,4,1,4,15,1,6,10,13,4,1,2,3,0,2,0,0,3,2,2,2,25,26
"8769",7,7,18,1,6,10,18,4,1,4,18,1,6,10,15,4,1,3,1,3,1,3,0,3,3,1,2,28,29
"8770",8,7,19,1,6,19,18,4,1,7,18,1,6,10,18,4,1,1,0,0,6,6,1,1,6,2,1,29,38
"8771",9,7,1,1,12,19,22,4,2,7,19,1,6,19,18,4,1,6,1,0,1,0,0,6,1,4,4,17,43
"8772",10,7,1,5,12,19,22,15,2,7,1,1,12,19,22,4,2,6,5,4,6,5,0,4,6,3,3,21,54
"8773",11,7,6,1,12,34,22,15,2,7,1,5,12,19,22,15,2,5,0,0,4,5,3,5,4,2,1,22,69
"8774",12,7,6,6,12,34,22,15,2,7,6,1,12,34,22,15,2,5,3,0,3,0,0,5,0,3,0,27,69
"8775",0,0,0,0,0,0,0,0,0,0,0,0,0,0,0,0,0,0,0,0,0,0,0,0,0,0,0,0,0
"8776",1,1,1,1,6,1,1,1,4,1,1,1,1,1,1,1,1,4,3,5,4,3,0,5,3,4,4,5,3
"8777",2,1,5,1,6,3,1,1,4,1,1,1,6,1,1,1,4,4,0,0,2,5,4,4,2,2,1,9,5
"8778",3,1,5,6,6,3,1,5,4,1,5,1,6,3,1,1,4,5,4,0,4,0,0,5,4,3,3,14,9
"8779",4,6,5,6,6,3,1,8,4,1,5,6,6,3,1,5,4,2,5,3,2,3,0,5,3,1,3,19,12
"8780",5,6,7,6,6,6,1,8,4,6,5,6,6,3,1,8,4,2,0,0,3,1,4,2,3,2,1,21,15
"8781",6,6,7,10,6,6,1,9,4,6,7,6,6,6,1,8,4,1,4,0,1,0,0,4,1,3,3,25,16
"8782",7,6,7,15,6,9,1,9,4,6,7,10,6,6,1,9,4,5,3,1,3,1,0,5,3,3,1,30,19
"8783",8,6,8,15,6,14,1,9,4,6,7,15,6,9,1,9,4,1,0,0,5,1,5,1,5,2,1,31,24
"8784",9,11,8,15,6,14,1,9,5,6,8,15,6,14,1,9,4,1,5,0,1,0,0,5,1,1,4,36,25
"8785",10,11,15,15,6,15,1,9,5,11,8,15,6,14,1,9,5,1,6,3,1,3,0,6,1,2,1,43,26
"8786",11,14,15,15,6,17,1,9,5,11,15,15,6,15,1,9,5,3,0,0,2,1,1,3,2,1,1,46,28
"8787",12,14,16,15,6,17,1,9,5,14,15,15,6,17,1,9,5,1,1,0,1,0,0,1,0,2,0,47,28
"8788",0,0,0,0,0,0,0,0,0,0,0,0,0,0,0,0,0,0,0,0,0,0,0,0,0,0,0,0,0
"8789",1,1,2,1,1,1,3,1,1,1,1,1,1,1,1,1,1,2,3,1,2,3,0,1,2,2,2,1,2
"8790",2,1,2,4,1,1,8,1,1,1,2,1,1,1,3,1,1,3,0,0,1,5,1,3,5,3,2,4,7
"8791",3,1,2,4,2,2,8,1,1,1,2,4,1,1,8,1,1,1,1,0,1,0,0,1,1,4,1,5,8
"8792",4,1,6,4,2,2,11,1,1,1,2,4,2,2,8,1,1,3,4,1,3,1,0,4,3,2,2,9,11
"8793",5,1,6,4,3,5,11,1,1,1,6,4,2,2,11,1,1,1,0,0,3,2,2,1,3,4,1,10,14
"8794",6,1,8,4,3,5,13,1,1,1,6,4,3,5,11,1,1,2,2,0,2,0,0,2,2,2,2,12,16
"8795",7,1,8,7,3,5,14,1,1,1,8,4,3,5,13,1,1,1,3,2,1,2,0,3,1,3,2,15,17
"8796",8,1,10,7,3,10,14,1,1,1,8,7,3,5,14,1,1,2,0,0,5,3,5,2,5,2,1,17,22
"8797",9,6,10,7,3,10,14,1,4,1,10,7,3,10,14,1,1,3,5,0,3,0,0,5,3,1,4,22,25
"8798",10,6,10,12,3,10,19,1,4,6,10,7,3,10,14,1,4,5,2,5,2,5,0,5,5,3,2,27,30
"8799",11,6,10,12,5,21,19,1,4,6,10,12,3,10,19,1,4,2,0,0,1,4,6,2,6,4,1,29,41
"8800",12,6,10,12,9,21,19,1,4,6,10,12,5,21,19,1,4,1,4,0,1,0,0,4,0,4,0,33,41
"8801",0,0,0,0,0,0,0,0,0,0,0,0,0,0,0,0,0,0,0,0,0,0,0,0,0,0,0,0,0
"8802",1,1,1,7,4,3,1,1,1,1,1,1,1,1,1,1,1,2,6,1,2,1,0,6,2,3,1,9,2
"8803",2,1,2,7,4,3,1,8,1,1,1,7,4,3,1,1,1,1,0,0,6,5,5,1,6,2,3,10,9
"8804",3,1,2,7,9,8,1,8,1,1,2,7,4,3,1,8,1,5,5,0,5,0,0,5,5,4,1,15,14
"8805",4,1,5,7,15,8,1,8,6,1,2,7,9,8,1,8,1,1,5,6,1,5,0,6,5,4,4,24,19
"8806",5,2,5,7,15,8,1,8,10,1,5,7,15,8,1,8,6,1,0,0,3,5,4,1,4,1,4,25,23
"8807",6,7,5,7,15,8,4,8,10,2,5,7,15,8,1,8,10,3,5,0,3,0,0,5,3,1,2,30,26
"8808",7,13,7,7,15,8,4,8,13,7,5,7,15,8,4,8,10,3,4,6,3,4,0,6,3,1,4,38,29
"8809",8,13,11,7,15,8,4,8,17,13,7,7,15,8,4,8,13,4,0,0,4,4,2,4,4,2,4,42,33
"8810",9,13,11,11,15,10,4,8,17,13,11,7,15,8,4,8,17,4,2,0,2,0,0,4,2,3,1,46,35
"8811",10,13,14,11,15,13,4,8,17,13,11,11,15,10,4,8,17,3,1,3,1,3,0,3,3,2,1,49,38
"8812",11,13,15,11,15,18,4,8,17,13,14,11,15,13,4,8,17,1,0,0,4,5,6,1,5,2,1,50,43
"8813",12,17,21,11,15,18,4,8,17,13,15,11,15,18,4,8,17,4,6,0,4,0,0,6,0,2,0,60,43
"8814",0,0,0,0,0,0,0,0,0,0,0,0,0,0,0,0,0,0,0,0,0,0,0,0,0,0,0,0,0
"8815",1,1,4,1,1,1,4,1,1,1,1,1,1,1,1,1,1,3,1,3,1,3,0,3,3,2,2,3,3
"8816",2,1,4,2,1,8,4,1,1,1,4,1,1,1,4,1,1,1,0,0,2,1,6,1,6,3,1,4,10
"8817",3,1,6,2,1,9,4,1,1,1,4,2,1,8,4,1,1,2,1,0,1,0,0,2,1,2,1,6,11
"8818",4,5,6,2,1,9,7,7,1,1,6,2,1,9,4,1,1,4,6,4,6,4,0,4,6,1,3,10,20
"8819",5,5,6,2,5,9,7,7,2,5,6,2,1,9,7,7,1,4,0,0,1,4,1,4,1,4,4,14,21
"8820",6,5,6,2,9,9,8,7,2,5,6,2,5,9,7,7,2,4,1,0,1,0,0,4,1,4,2,18,22
"8821",7,5,6,2,13,9,10,7,2,5,6,2,9,9,8,7,2,4,2,3,2,3,0,4,2,4,2,22,24
"8822",8,5,6,5,13,9,12,7,2,5,6,2,13,9,10,7,2,3,0,0,4,1,2,3,2,3,2,25,26
"8823",9,9,6,5,13,9,12,8,2,5,6,5,13,9,12,7,2,4,1,0,1,0,0,4,1,1,3,29,27
"8824",10,9,13,5,13,15,18,8,2,9,6,5,13,9,12,8,2,6,6,2,6,2,0,6,6,2,2,36,39
"8825",11,11,13,5,13,15,21,8,2,9,13,5,13,15,18,8,2,2,0,0,6,6,3,2,3,1,2,38,42
"8826",12,16,13,11,19,15,21,8,2,11,13,5,13,15,21,8,2,6,6,0,6,0,0,6,0,4,0,55,42
"8827",0,0,0,0,0,0,0,0,0,0,0,0,0,0,0,0,0,0,0,0,0,0,0,0,0,0,0,0,0
"8828",1,1,1,1,6,1,5,1,1,1,1,1,1,1,1,1,1,4,5,1,4,1,0,5,4,4,2,5,4
"8829",2,1,1,1,7,1,5,1,4,1,1,1,6,1,5,1,1,1,0,0,3,3,3,1,3,4,4,6,7
"8830",3,1,4,1,7,4,5,1,4,1,1,1,7,1,5,1,4,3,3,0,3,0,0,3,3,2,1,9,10
"8831",4,1,4,3,7,7,5,1,4,1,4,1,7,4,5,1,4,3,2,1,3,1,0,2,3,3,1,11,13
"8832",5,1,4,3,8,7,9,1,10,1,4,3,7,7,5,1,4,1,0,0,6,4,4,1,6,4,4,12,23
"8833",6,1,4,7,8,11,9,1,10,1,4,3,8,7,9,1,10,4,4,0,4,0,0,4,4,3,1,16,27
"8834",7,1,9,7,8,23,9,1,10,1,4,7,8,11,9,1,10,2,5,6,2,6,0,5,6,2,1,21,39
"8835",8,1,9,7,10,23,13,1,10,1,9,7,8,23,9,1,10,2,0,0,3,1,4,2,4,4,2,23,43
"8836",9,1,12,7,10,24,13,1,10,1,9,7,10,23,13,1,10,3,1,0,1,0,0,3,1,2,1,26,44
"8837",10,6,12,8,10,2,13,1,10,1,12,7,10,24,13,1,10,1,5,1,1,1,0,5,1,1,1,32,22
"8838",11,7,12,8,10,7,13,1,10,6,12,8,10,2,13,1,10,1,0,0,5,5,5,1,5,1,1,33,27
"8839",12,12,12,8,10,7,13,1,10,7,12,8,10,7,13,1,10,5,5,0,5,0,0,5,0,1,0,38,27
"8840",0,0,0,0,0,0,0,0,0,0,0,0,0,0,0,0,0,0,0,0,0,0,0,0,0,0,0,0,0
"8841",1,3,1,1,7,1,1,4,1,1,1,1,1,1,1,1,1,3,4,6,3,4,0,6,3,4,3,8,3
"8842",2,3,1,5,7,4,1,4,1,3,1,1,7,1,1,4,1,4,0,0,3,6,2,4,3,3,1,12,6
"8843",3,8,1,11,7,4,1,4,3,3,1,5,7,4,1,4,1,6,2,0,2,0,0,6,2,3,4,23,8
"8844",4,12,7,11,7,4,1,4,6,8,1,11,7,4,1,4,3,3,2,6,3,2,0,6,3,2,4,33,11
"8845",5,14,7,11,7,4,1,5,6,12,7,11,7,4,1,4,6,2,0,0,3,1,6,2,1,1,3,35,12
"8846",6,14,16,11,13,7,1,5,6,14,7,11,7,4,1,5,6,3,6,0,3,0,0,6,3,2,1,50,15
"8847",7,14,16,11,14,9,1,5,6,14,16,11,13,7,1,5,6,2,1,2,2,2,0,1,2,4,1,51,17
"8848",8,14,16,13,14,12,1,5,6,14,16,11,14,9,1,5,6,2,0,0,3,4,3,2,3,3,1,53,20
"8849",9,14,16,17,14,12,1,5,9,14,16,13,14,12,1,5,6,4,3,0,3,0,0,4,3,3,4,57,23
"8850",10,16,16,17,14,14,1,5,9,14,16,17,14,12,1,5,9,2,2,2,2,2,0,2,2,1,1,59,25
"8851",11,18,16,17,14,17,1,5,9,16,16,17,14,14,1,5,9,2,0,0,3,6,5,2,3,1,1,61,28
"8852",12,19,16,23,14,17,1,1,9,18,16,17,14,17,1,5,9,6,5,0,5,0,0,6,0,3,0,68,24
"8853",0,0,0,0,0,0,0,0,0,0,0,0,0,0,0,0,0,0,0,0,0,0,0,0,0,0,0,0,0
"8854",1,1,6,1,7,1,7,2,1,1,1,1,1,1,1,1,1,6,6,4,6,4,0,6,6,4,2,11,7
"8855",2,5,6,1,7,1,7,4,1,1,6,1,7,1,7,2,1,4,0,0,2,4,2,4,2,1,3,15,9
"8856",3,5,6,1,11,1,7,6,1,5,6,1,7,1,7,4,1,4,2,0,2,0,0,4,2,4,3,19,11
"8857",4,9,6,1,11,1,7,6,3,5,6,1,11,1,7,6,1,2,2,4,2,2,0,4,2,1,4,23,13
"8858",5,11,6,1,11,1,7,11,3,9,6,1,11,1,7,6,3,2,0,0,5,4,5,2,5,1,3,25,18
"8859",6,11,6,1,16,1,11,11,3,11,6,1,11,1,7,11,3,4,5,0,4,0,0,5,4,4,2,30,22
"8860",7,11,9,7,16,1,11,11,5,11,6,1,16,1,11,11,3,6,2,3,2,3,0,6,2,3,4,39,24
"8861",8,11,12,7,16,3,11,11,5,11,9,7,16,1,11,11,5,3,0,0,2,3,5,3,2,2,1,42,26
"8862",9,16,12,7,16,6,11,11,5,11,12,7,16,3,11,11,5,3,5,0,3,0,0,5,3,1,1,47,29
"8863",10,17,12,7,16,7,11,11,5,16,12,7,16,6,11,11,5,1,1,3,1,3,0,1,1,1,1,48,30
"8864",11,20,12,7,16,12,11,11,5,17,12,7,16,7,11,11,5,3,0,0,5,4,3,3,5,1,1,51,35
"8865",12,20,12,10,16,12,11,11,5,20,12,7,16,12,11,11,5,4,3,0,4,0,0,3,0,3,0,54,35
"8866",0,0,0,0,0,0,0,0,0,0,0,0,0,0,0,0,0,0,0,0,0,0,0,0,0,0,0,0,0
"8867",1,1,3,1,7,1,6,1,1,1,1,1,1,1,1,1,1,6,5,3,5,3,0,6,5,4,2,8,5
"8868",2,4,3,1,7,1,11,1,1,1,3,1,7,1,6,1,1,3,0,0,1,5,5,3,5,1,2,11,10
"8869",3,4,3,6,7,1,12,1,1,4,3,1,7,1,11,1,1,1,5,0,1,0,0,5,1,3,2,16,11
"8870",4,4,3,6,10,1,12,3,1,4,3,6,7,1,12,1,1,2,3,2,2,2,0,3,2,4,3,19,13
"8871",5,4,5,6,10,1,18,3,5,4,3,6,10,1,12,3,1,2,0,0,6,4,2,2,6,2,2,21,23
"8872",6,4,5,10,10,1,20,3,5,4,5,6,10,1,18,3,5,4,2,0,2,0,0,4,2,3,2,25,25
"8873",7,6,11,10,10,8,20,3,5,4,5,10,10,1,20,3,5,6,6,6,6,6,0,6,6,2,1,33,32
"8874",8,6,17,15,10,8,21,9,5,6,11,10,10,8,20,3,5,6,0,0,6,1,6,6,6,2,3,44,39
"8875",9,12,18,15,10,8,21,10,5,6,17,15,10,8,21,9,5,1,6,0,1,0,0,6,1,1,3,51,40
"8876",10,12,18,15,15,8,21,10,10,12,18,15,10,8,21,10,5,5,5,5,5,5,0,5,5,4,4,56,45
"8877",11,17,18,15,15,9,21,10,10,12,18,15,15,8,21,10,10,5,0,0,1,1,2,5,1,1,1,61,46
"8878",12,17,18,15,17,9,21,10,10,17,18,15,15,9,21,10,10,1,2,0,1,0,0,2,0,4,0,63,46
"8879",0,0,0,0,0,0,0,0,0,0,0,0,0,0,0,0,0,0,0,0,0,0,0,0,0,0,0,0,0
"8880",1,1,1,1,4,1,4,1,1,1,1,1,1,1,1,1,1,1,3,3,1,3,0,3,3,4,2,3,3
"8881",2,1,1,2,4,1,4,1,6,1,1,1,4,1,4,1,1,1,0,0,4,5,3,1,5,3,4,4,8
"8882",3,1,1,6,4,1,7,1,6,1,1,2,4,1,4,1,6,4,3,0,3,0,0,4,3,3,2,8,11
"8883",4,1,3,12,4,1,7,5,6,1,1,6,4,1,7,1,6,3,6,4,3,4,0,6,4,3,3,16,15
"8884",5,1,6,12,4,3,13,5,6,1,3,12,4,1,7,5,6,3,0,0,3,2,6,3,6,2,2,19,23
"8885",6,1,9,12,4,3,15,5,6,1,6,12,4,3,13,5,6,3,2,0,2,0,0,3,2,2,2,22,25
"8886",7,1,9,18,7,3,15,7,6,1,9,12,4,3,15,5,6,2,6,1,2,1,0,6,2,3,3,31,27
"8887",8,1,9,18,8,3,15,7,8,1,9,18,7,3,15,7,6,1,0,0,2,4,2,1,2,4,4,32,29
"8888",9,1,9,22,8,3,17,7,8,1,9,18,8,3,15,7,8,4,2,0,2,0,0,4,2,3,2,36,31
"8889",10,1,18,1,8,6,17,7,8,1,9,22,8,3,17,7,8,1,6,2,1,2,0,6,1,2,1,24,34
"8890",11,1,18,1,10,18,17,7,8,1,18,1,8,6,17,7,8,2,0,0,6,5,6,2,6,4,1,26,46
"8891",12,6,18,1,10,18,17,7,8,1,18,1,10,18,17,7,8,5,6,0,6,0,0,5,0,1,0,31,46
"8892",0,0,0,0,0,0,0,0,0,0,0,0,0,0,0,0,0,0,0,0,0,0,0,0,0,0,0,0,0
"8893",1,1,1,6,1,4,1,1,1,1,1,1,1,1,1,1,1,5,3,5,3,5,0,5,3,3,1,5,3
"8894",2,6,1,6,1,4,1,1,5,1,1,6,1,4,1,1,1,5,0,0,6,4,4,5,4,1,4,10,7
"8895",3,9,7,6,1,8,1,1,5,6,1,6,1,4,1,1,5,6,4,0,4,0,0,6,4,2,1,19,11
"8896",4,13,7,6,7,12,1,1,5,9,7,6,1,8,1,1,5,6,2,4,2,4,0,6,4,4,1,29,15
"8897",5,13,9,6,7,12,1,6,5,13,7,6,7,12,1,1,5,2,0,0,5,5,3,2,5,2,3,31,20
"8898",6,13,9,11,7,15,1,6,5,13,9,6,7,12,1,6,5,5,3,0,3,0,0,5,3,3,1,36,23
"8899",7,13,9,16,7,18,1,6,5,13,9,11,7,15,1,6,5,1,3,5,1,3,0,5,3,3,1,41,26
"8900",8,13,9,16,8,18,1,8,5,13,9,16,7,18,1,6,5,1,0,0,4,2,5,1,2,4,3,42,28
"8901",9,13,14,16,8,22,1,8,5,13,9,16,8,18,1,8,5,4,5,0,4,0,0,5,4,2,1,47,32
"8902",10,18,14,16,8,22,1,8,10,13,14,16,8,22,1,8,5,6,5,5,6,5,0,5,5,1,4,52,37
"8903",11,18,14,20,20,22,1,8,15,18,14,16,8,22,1,8,10,6,0,0,4,3,5,6,5,4,4,68,42
"8904",12,18,18,20,20,22,1,8,15,18,14,20,20,22,1,8,15,4,3,0,3,0,0,4,0,2,0,72,42
"8905",0,0,0,0,0,0,0,0,0,0,0,0,0,0,0,0,0,0,0,0,0,0,0,0,0,0,0,0,0
"8906",1,1,7,3,1,1,1,5,1,1,1,1,1,1,1,1,1,2,4,6,2,4,0,6,4,2,3,8,4
"8907",2,3,7,3,1,1,1,8,1,1,7,3,1,1,1,5,1,2,0,0,3,5,6,2,3,1,3,10,7
"8908",3,4,7,3,7,1,1,8,6,3,7,3,1,1,1,8,1,5,6,0,5,0,0,6,5,4,4,17,12
"8909",4,4,7,7,7,1,1,11,6,4,7,3,7,1,1,8,6,1,3,4,1,3,0,4,3,3,3,21,15
"8910",5,4,8,7,7,6,1,11,6,4,7,7,7,1,1,11,6,1,0,0,2,6,5,1,5,2,1,22,20
"8911",6,12,8,7,7,8,1,11,6,4,8,7,7,6,1,11,6,2,6,0,2,0,0,6,2,1,1,30,22
"8912",7,18,9,7,13,8,1,11,11,12,8,7,7,8,1,11,6,6,5,1,5,1,0,6,5,4,4,43,27
"8913",8,18,10,7,13,8,5,11,11,18,9,7,13,8,1,11,11,1,0,0,2,4,6,1,4,2,2,44,31
"8914",9,18,14,7,19,10,5,11,11,18,10,7,13,8,5,11,11,2,6,0,2,0,0,6,2,4,1,54,33
"8915",10,22,20,13,19,10,5,11,14,18,14,7,19,10,5,11,11,6,1,3,1,3,0,6,3,2,4,70,36
"8916",11,22,21,13,19,10,5,11,18,22,20,13,19,10,5,11,14,1,0,0,4,4,1,1,4,2,4,71,40
"8917",12,22,21,17,19,10,5,11,18,22,21,13,19,10,5,11,18,4,1,0,1,0,0,4,0,3,0,75,40
"8918",0,0,0,0,0,0,0,0,0,0,0,0,0,0,0,0,0,0,0,0,0,0,0,0,0,0,0,0,0
"8919",1,1,1,1,6,1,2,1,1,1,1,1,1,1,1,1,1,2,1,5,2,1,0,5,1,4,2,5,1
"8920",2,3,1,1,6,2,2,1,1,1,1,1,6,1,2,1,1,2,0,0,1,1,2,2,1,1,1,7,2
"8921",3,3,1,3,6,3,2,1,1,3,1,1,6,2,2,1,1,1,2,0,1,0,0,2,1,3,1,9,3
"8922",4,7,7,3,6,3,5,1,1,3,1,3,6,3,2,1,1,3,1,6,3,1,0,6,3,2,2,19,6
"8923",5,7,7,3,7,3,5,5,1,7,7,3,6,3,5,1,1,1,0,0,2,4,2,1,4,4,3,20,10
"8924",6,7,7,5,7,3,5,7,1,7,7,3,7,3,5,5,1,2,2,0,2,0,0,2,2,3,3,22,12
"8925",7,7,7,14,7,3,5,7,3,7,7,5,7,3,5,7,1,2,5,6,2,5,0,6,2,3,4,31,14
"8926",8,12,7,14,7,3,9,7,3,7,7,14,7,3,5,7,3,5,0,0,4,3,6,5,4,1,2,36,18
"8927",9,12,18,14,7,3,12,7,3,12,7,14,7,3,9,7,3,3,6,0,3,0,0,6,3,2,2,47,21
"8928",10,14,18,14,7,7,12,7,3,12,18,14,7,3,12,7,3,2,4,3,4,3,0,2,4,1,1,49,25
"8929",11,14,21,17,13,8,12,7,1,14,18,14,7,7,12,7,3,3,0,0,1,5,3,3,1,2,1,61,24
"8930",12,14,21,17,18,8,12,7,1,14,21,17,13,8,12,7,1,5,3,0,3,0,0,5,0,4,0,66,24
"8931",0,0,0,0,0,0,0,0,0,0,0,0,0,0,0,0,0,0,0,0,0,0,0,0,0,0,0,0,0
"8932",1,1,1,1,9,11,1,1,1,1,1,1,1,1,1,1,1,6,6,2,6,2,0,6,6,4,1,8,10
"8933",2,3,1,1,9,16,1,1,1,1,1,1,9,11,1,1,1,2,0,0,5,2,4,2,5,1,1,10,15
"8934",3,3,1,1,13,16,3,1,1,3,1,1,9,16,1,1,1,2,4,0,2,0,0,4,2,4,2,14,17
"8935",4,6,1,1,13,16,3,1,8,3,1,1,13,16,3,1,1,3,1,6,1,6,0,3,6,1,4,17,24
"8936",5,6,2,1,13,18,3,1,8,6,1,1,13,16,3,1,8,1,0,0,2,3,2,1,2,2,1,18,26
"8937",6,6,5,1,13,18,5,1,8,6,2,1,13,18,3,1,8,3,2,0,2,0,0,3,2,2,2,21,28
"8938",7,6,10,1,13,18,10,1,8,6,5,1,13,18,5,1,8,2,5,5,2,5,0,5,5,2,2,26,33
"8939",8,6,10,1,15,18,10,1,16,6,10,1,13,18,10,1,8,2,0,0,6,3,4,2,6,4,4,28,41
"8940",9,6,13,1,15,18,10,5,16,6,10,1,15,18,10,1,16,3,4,0,4,0,0,3,4,2,3,31,45
"8941",10,7,13,1,15,18,10,7,16,6,13,1,15,18,10,5,16,1,2,5,2,5,0,1,2,1,3,32,47
"8942",11,12,13,1,15,22,10,7,16,7,13,1,15,18,10,7,16,5,0,0,4,4,3,5,4,1,1,37,51
"8943",12,12,13,5,15,22,10,7,16,12,13,1,15,22,10,7,16,4,3,0,3,0,0,4,0,3,0,41,51
"8944",0,0,0,0,0,0,0,0,0,0,0,0,0,0,0,0,0,0,0,0,0,0,0,0,0,0,0,0,0
"8945",1,1,1,1,2,1,1,3,1,1,1,1,1,1,1,1,1,1,2,1,2,1,0,1,2,4,3,1,2
"8946",2,1,1,2,2,9,1,3,1,1,1,1,2,1,1,3,1,1,0,0,5,6,4,1,6,3,1,2,10
"8947",3,1,1,7,2,9,1,7,1,1,1,2,2,9,1,3,1,5,4,0,4,0,0,5,4,3,3,7,14
"8948",4,1,1,7,10,9,1,9,1,1,1,7,2,9,1,7,1,5,6,2,5,2,0,6,2,4,3,15,16
"8949",5,1,1,12,10,9,2,9,1,1,1,7,10,9,1,9,1,5,0,0,1,6,1,5,1,3,2,20,17
"8950",6,2,7,12,10,9,3,9,1,1,1,12,10,9,2,9,1,6,1,0,1,0,0,6,1,2,2,27,18
"8951",7,7,7,12,10,9,3,9,5,2,7,12,10,9,3,9,1,4,3,5,4,3,0,5,4,1,4,32,22
"8952",8,7,7,15,10,9,7,9,5,7,7,12,10,9,3,9,5,3,0,0,3,4,4,3,4,3,2,35,26
"8953",9,7,7,15,14,9,7,12,5,7,7,15,10,9,7,9,5,3,4,0,3,0,0,4,3,4,3,39,29
"8954",10,10,7,15,14,14,7,12,5,7,7,15,14,9,7,12,5,3,5,2,5,2,0,3,5,1,1,42,34
"8955",11,12,7,15,14,19,7,12,5,10,7,15,14,14,7,12,5,2,0,0,5,1,1,2,5,1,1,44,39
"8956",12,12,7,16,14,19,7,12,5,12,7,15,14,19,7,12,5,1,1,0,1,0,0,1,0,3,0,45,39
"8957",0,0,0,0,0,0,0,0,0,0,0,0,0,0,0,0,0,0,0,0,0,0,0,0,0,0,0,0,0
"8958",1,1,1,1,5,1,1,9,1,1,1,1,1,1,1,1,1,4,6,5,6,5,0,4,6,4,3,4,8
"8959",2,1,6,1,5,1,1,9,4,1,1,1,5,1,1,9,1,5,0,0,1,3,1,5,3,2,4,9,11
"8960",3,1,6,1,6,1,1,9,5,1,6,1,5,1,1,9,4,1,1,0,1,0,0,1,1,4,4,10,12
"8961",4,1,6,4,6,1,1,10,5,1,6,1,6,1,1,9,5,1,3,3,1,3,0,3,1,3,3,13,13
"8962",5,4,6,4,6,2,7,10,5,1,6,4,6,1,1,10,5,3,0,0,6,6,1,3,6,1,2,16,20
"8963",6,4,6,10,8,2,7,11,5,4,6,4,6,2,7,10,5,6,1,0,1,0,0,6,1,3,3,24,21
"8964",7,8,6,10,8,2,7,11,8,4,6,10,8,2,7,11,5,2,3,4,2,3,0,4,3,1,4,28,24
"8965",8,8,6,12,8,2,9,11,8,8,6,10,8,2,7,11,8,2,0,0,2,2,6,2,2,3,2,30,26
"8966",9,8,12,12,10,2,9,13,8,8,6,12,8,2,9,11,8,2,6,0,2,0,0,6,2,2,3,38,28
"8967",10,8,12,16,10,2,9,15,8,8,12,12,10,2,9,13,8,4,2,1,2,1,0,4,2,3,3,42,30
"8968",11,9,12,16,10,5,9,15,8,8,12,16,10,2,9,15,8,1,0,0,3,5,1,1,3,1,1,43,33
"8969",12,9,17,16,10,5,9,15,8,9,12,16,10,5,9,15,8,5,1,0,1,0,0,5,0,2,0,48,33
"8970",0,0,0,0,0,0,0,0,0,0,0,0,0,0,0,0,0,0,0,0,0,0,0,0,0,0,0,0,0
"8971",1,1,1,5,1,1,1,1,4,1,1,1,1,1,1,1,1,3,2,4,3,2,0,4,3,3,4,4,3
"8972",2,1,1,7,1,1,6,1,4,1,1,5,1,1,1,1,4,2,0,0,1,1,5,2,5,3,2,6,8
"8973",3,1,2,7,1,1,6,1,5,1,1,7,1,1,6,1,4,1,1,0,1,0,0,1,1,2,4,7,9
"8974",4,1,10,7,7,1,6,6,5,1,2,7,1,1,6,1,5,6,2,5,2,5,0,6,5,2,3,21,14
"8975",5,1,10,7,9,1,6,6,7,1,10,7,7,1,6,6,5,2,0,0,6,2,2,2,2,4,4,23,16
"8976",6,1,10,8,15,1,8,6,7,1,10,7,9,1,6,6,7,6,2,0,2,0,0,6,2,4,2,30,18
"8977",7,6,10,8,15,1,8,9,7,1,10,8,15,1,8,6,7,3,1,5,3,1,0,5,3,1,3,35,21
"8978",8,6,10,9,15,1,13,9,7,6,10,8,15,1,8,9,7,1,0,0,5,5,2,1,5,3,2,36,26
"8979",9,6,10,14,15,1,13,9,9,6,10,9,15,1,13,9,7,5,2,0,2,0,0,5,2,3,4,41,28
"8980",10,12,12,14,15,4,13,9,9,6,10,14,15,1,13,9,9,6,3,4,3,4,0,6,3,1,1,49,31
"8981",11,16,12,14,15,7,13,9,9,12,12,14,15,4,13,9,9,4,0,0,3,2,5,4,3,1,1,53,34
"8982",12,16,14,14,15,7,13,9,9,16,12,14,15,7,13,9,9,2,5,0,5,0,0,2,0,2,0,55,34
"8983",0,0,0,0,0,0,0,0,0,0,0,0,0,0,0,0,0,0,0,0,0,0,0,0,0,0,0,0,0
"8984",1,1,1,6,1,3,1,1,7,1,1,1,1,1,1,1,1,5,6,3,6,3,0,5,6,3,4,5,8
"8985",2,1,1,9,1,3,5,1,7,1,1,6,1,3,1,1,7,3,0,0,4,6,1,3,4,3,2,8,12
"8986",3,11,1,9,1,3,6,1,7,1,1,9,1,3,5,1,7,6,1,0,1,0,0,6,1,1,2,18,13
"8987",4,11,1,10,1,3,6,3,7,11,1,9,1,3,6,1,7,2,1,2,2,2,0,1,2,3,3,19,15
"8988",5,11,1,12,1,9,10,3,7,11,1,10,1,3,6,3,7,2,0,0,1,6,5,2,6,3,1,21,25
"8989",6,11,1,17,1,9,11,3,7,11,1,12,1,9,10,3,7,1,5,0,1,0,0,5,1,3,2,26,26
"8990",7,15,1,17,1,13,11,3,7,11,1,17,1,9,11,3,7,4,4,4,4,4,0,4,4,1,1,30,30
"8991",8,15,1,17,5,18,11,3,7,15,1,17,1,13,11,3,7,4,0,0,1,5,3,4,5,4,1,34,35
"8992",9,18,1,17,5,18,12,3,7,15,1,17,5,18,11,3,7,1,3,0,1,0,0,3,1,1,2,37,36
"8993",10,18,1,17,10,18,12,3,9,18,1,17,5,18,12,3,7,2,1,5,2,1,0,5,2,4,4,42,38
"8994",11,18,2,17,10,21,18,3,9,18,1,17,10,18,12,3,9,1,0,0,5,6,1,1,6,2,2,43,47
"8995",12,18,2,22,10,21,18,3,9,18,2,17,10,21,18,3,9,5,1,0,1,0,0,5,0,3,0,48,47
"8996",0,0,0,0,0,0,0,0,0,0,0,0,0,0,0,0,0,0,0,0,0,0,0,0,0,0,0,0,0
"8997",1,1,5,1,1,1,2,1,1,1,1,1,1,1,1,1,1,4,1,4,1,4,0,4,1,2,2,4,1
"8998",2,1,5,1,5,1,7,1,1,1,5,1,1,1,2,1,1,4,0,0,5,6,1,4,5,4,2,8,6
"8999",3,7,7,1,5,1,8,1,1,1,5,1,5,1,7,1,1,6,1,0,1,0,0,6,1,1,2,16,7
"9000",4,7,9,1,5,3,8,1,1,7,7,1,5,1,8,1,1,1,2,2,1,2,0,2,2,2,1,18,9
"9001",5,7,9,1,6,3,12,1,1,7,9,1,5,3,8,1,1,1,0,0,4,1,1,1,4,4,2,19,13
"9002",6,7,9,1,7,4,12,1,1,7,9,1,6,3,12,1,1,1,1,0,1,0,0,1,1,4,1,20,14
"9003",7,12,9,1,7,4,12,4,1,7,9,1,7,4,12,1,1,3,1,5,3,1,0,5,3,1,3,25,17
"9004",8,13,9,1,7,6,12,4,1,12,9,1,7,4,12,4,1,1,0,0,4,5,2,1,2,1,1,26,19
"9005",9,13,9,1,12,6,12,8,1,13,9,1,7,6,12,4,1,4,5,0,4,0,0,5,4,4,3,31,23
"9006",10,13,13,1,12,6,12,12,1,13,9,1,12,6,12,8,1,1,4,4,1,4,0,4,4,2,3,35,27
"9007",11,14,13,1,12,9,12,12,1,13,13,1,12,6,12,12,1,1,0,0,3,3,3,1,3,1,1,36,30
"9008",12,14,13,4,12,9,12,12,1,14,13,1,12,9,12,12,1,3,3,0,3,0,0,3,0,3,0,39,30
"9009",0,0,0,0,0,0,0,0,0,0,0,0,0,0,0,0,0,0,0,0,0,0,0,0,0,0,0,0,0
"9010",1,1,4,1,7,1,1,3,1,1,1,1,1,1,1,1,1,3,6,2,3,2,0,6,2,4,3,9,2
"9011",2,4,4,1,7,2,1,3,1,1,4,1,7,1,1,3,1,3,0,0,6,6,1,3,1,1,1,12,3
"9012",3,4,10,1,15,2,1,9,2,4,4,1,7,2,1,3,1,6,6,0,6,0,0,6,6,4,3,26,10
"9013",4,4,10,6,15,2,1,13,2,4,10,1,15,2,1,9,2,5,4,4,4,4,0,5,4,3,3,31,14
"9014",5,4,14,6,15,2,1,16,2,4,10,6,15,2,1,13,2,4,0,0,6,3,4,4,3,2,3,35,17
"9015",6,15,14,12,15,2,1,20,2,4,14,6,15,2,1,16,2,6,4,0,4,0,0,6,4,1,3,52,21
"9016",7,15,14,16,15,2,1,22,2,15,14,12,15,2,1,20,2,3,4,2,3,2,0,4,2,3,3,56,23
"9017",8,15,17,16,15,2,1,33,2,15,14,16,15,2,1,22,2,3,0,0,3,5,6,3,6,2,3,59,34
"9018",9,15,17,19,15,2,1,33,7,15,17,16,15,2,1,33,2,3,5,0,5,0,0,3,5,3,4,62,39
"9019",10,15,33,19,15,4,1,33,7,15,17,19,15,2,1,33,7,5,6,2,5,2,0,6,2,2,1,78,41
"9020",11,15,38,19,15,7,1,39,7,15,33,19,15,4,1,33,7,5,0,0,3,3,6,5,6,2,3,83,88
"9021",12,15,38,22,15,7,1,39,7,15,38,19,15,7,1,39,7,3,3,0,3,0,0,3,0,3,0,86,88
"9022",0,0,0,0,0,0,0,0,0,0,0,0,0,0,0,0,0,0,0,0,0,0,0,0,0,0,0,0,0
"9023",1,1,1,12,1,1,1,4,1,1,1,1,1,1,1,1,1,3,1,6,3,1,0,6,3,3,3,11,3
"9024",2,1,1,12,2,6,1,4,1,1,1,12,1,1,1,4,1,1,0,0,5,3,3,1,5,4,1,12,8
"9025",3,1,1,12,5,6,4,4,1,1,1,12,2,6,1,4,1,3,3,0,3,0,0,3,3,4,2,15,11
"9026",4,1,12,12,5,6,4,9,1,1,1,12,5,6,4,4,1,5,4,6,5,4,0,6,5,2,3,26,16
"9027",5,1,12,12,9,6,9,9,1,1,12,12,5,6,4,9,1,4,0,0,6,5,2,4,5,4,2,30,21
"9028",6,7,12,12,17,8,9,9,1,1,12,12,9,6,9,9,1,6,2,0,2,0,0,6,2,1,1,44,23
"9029",7,13,18,12,17,8,9,11,1,7,12,12,17,8,9,9,1,2,3,6,2,3,0,6,2,1,3,56,25
"9030",8,13,18,15,17,8,9,17,6,13,18,12,17,8,9,11,1,3,0,0,6,4,4,3,6,3,3,59,36
"9031",9,17,18,15,17,12,9,17,6,13,18,15,17,8,9,17,6,4,4,0,4,0,0,4,4,1,1,63,40
"9032",10,17,18,20,17,17,9,17,6,17,18,15,17,12,9,17,6,5,5,4,5,4,0,5,5,3,1,68,45
"9033",11,21,18,20,17,17,9,22,6,17,18,20,17,17,9,17,6,4,0,0,2,6,5,4,5,1,3,72,50
"9034",12,22,24,20,17,17,9,22,1,21,18,20,17,17,9,22,6,2,6,0,2,0,0,6,0,2,0,79,45
"9035",0,0,0,0,0,0,0,0,0,0,0,0,0,0,0,0,0,0,0,0,0,0,0,0,0,0,0,0,0
"9036",1,1,1,7,6,1,1,4,1,1,1,1,1,1,1,1,1,1,3,6,1,3,0,6,3,3,3,11,3
"9037",2,1,1,7,7,7,1,4,4,1,1,7,6,1,1,4,1,1,0,0,6,6,5,1,6,4,1,12,12
"9038",3,1,1,7,17,7,1,4,9,1,1,7,7,7,1,4,4,6,5,0,5,0,0,6,5,4,4,22,17
"9039",4,4,1,13,17,7,1,5,9,1,1,7,17,7,1,4,9,6,1,3,1,3,0,6,1,3,3,31,18
"9040",5,7,1,13,17,10,1,5,9,4,1,13,17,7,1,5,9,3,0,0,3,2,5,3,3,1,1,34,21
"9041",6,12,1,13,17,10,1,5,11,7,1,13,17,10,1,5,9,2,5,0,2,0,0,5,2,1,4,39,23
"9042",7,12,5,13,17,10,1,5,13,12,1,13,17,10,1,5,11,2,4,3,2,3,0,4,2,2,4,43,25
"9043",8,12,5,16,17,12,1,5,13,12,5,13,17,10,1,5,13,3,0,0,2,2,1,3,2,3,1,46,27
"9044",9,14,5,16,17,13,1,5,13,12,5,16,17,12,1,5,13,2,1,0,1,0,0,2,1,1,1,48,28
"9045",10,19,11,16,17,18,1,5,13,14,5,16,17,13,1,5,13,5,1,6,5,1,0,6,5,2,1,59,33
"9046",11,19,12,16,17,18,1,5,17,19,11,16,17,18,1,5,13,1,0,0,1,4,1,1,4,2,4,60,37
"9047",12,19,13,16,17,18,1,5,17,19,12,16,17,18,1,5,17,1,1,0,1,0,0,1,0,2,0,61,37
"9048",0,0,0,0,0,0,0,0,0,0,0,0,0,0,0,0,0,0,0,0,0,0,0,0,0,0,0,0,0
"9049",1,1,1,1,11,1,6,1,1,1,1,1,1,1,1,1,1,6,5,2,5,2,0,6,5,4,2,10,5
"9050",2,1,3,1,11,1,6,1,5,1,1,1,11,1,6,1,1,2,0,0,4,5,4,2,4,2,4,12,9
"9051",3,6,3,1,11,5,6,1,5,1,3,1,11,1,6,1,5,5,4,0,4,0,0,5,4,1,1,17,13
"9052",4,6,3,13,15,5,10,1,5,6,3,1,11,5,6,1,5,4,2,6,4,2,0,6,4,3,2,33,17
"9053",5,8,3,13,15,5,10,3,5,6,3,13,15,5,10,1,5,2,0,0,2,2,1,2,2,1,3,35,19
"9054",6,8,4,13,15,7,10,3,5,8,3,13,15,5,10,3,5,2,1,0,2,0,0,1,2,2,1,36,21
"9055",7,8,10,15,15,8,10,3,5,8,4,13,15,7,10,3,5,1,6,2,1,2,0,6,1,2,1,44,22
"9056",8,10,10,15,15,11,10,3,5,8,10,15,15,8,10,3,5,2,0,0,3,3,4,2,3,1,1,46,25
"9057",9,14,10,15,15,14,10,3,5,10,10,15,15,11,10,3,5,3,4,0,3,0,0,4,3,1,1,50,28
"9058",10,14,14,15,15,18,10,3,5,14,10,15,15,14,10,3,5,4,4,1,4,1,0,4,4,2,1,54,32
"9059",11,14,15,15,15,19,10,3,5,14,14,15,15,18,10,3,5,1,0,0,1,2,3,1,1,2,1,55,33
"9060",12,14,15,15,18,19,10,3,5,14,15,15,15,19,10,3,5,2,3,0,2,0,0,3,0,4,0,58,33
"9061",0,0,0,0,0,0,0,0,0,0,0,0,0,0,0,0,0,0,0,0,0,0,0,0,0,0,0,0,0
"9062",1,1,5,1,1,1,1,1,2,1,1,1,1,1,1,1,1,1,2,4,1,2,0,4,1,2,4,4,1
"9063",2,1,5,1,3,1,1,7,5,1,5,1,1,1,1,1,2,2,0,0,4,6,4,2,6,4,3,6,10
"9064",3,1,5,1,7,1,1,11,5,1,5,1,3,1,1,7,5,4,4,0,4,0,0,4,4,4,3,10,14
"9065",4,7,5,6,7,1,5,11,5,1,5,1,7,1,1,11,5,6,1,4,1,4,0,6,4,1,2,21,18
"9066",5,7,5,7,7,1,5,11,10,7,5,6,7,1,5,11,5,1,0,0,5,4,1,1,5,3,4,22,23
"9067",6,7,5,7,11,2,5,11,10,7,5,7,7,1,5,11,10,4,1,0,1,0,0,4,1,4,1,26,24
"9068",7,7,5,11,11,2,5,11,13,7,5,7,11,2,5,11,10,4,2,3,2,3,0,4,3,3,4,30,27
"9069",8,7,5,11,13,8,6,11,13,7,5,11,11,2,5,11,13,2,0,0,4,6,1,2,6,4,1,32,34
"9070",9,7,9,11,13,9,6,11,13,7,5,11,13,8,6,11,13,4,1,0,1,0,0,4,1,2,1,36,35
"9071",10,7,9,15,13,11,6,11,13,7,9,11,13,9,6,11,13,1,4,2,1,2,0,4,2,3,1,40,37
"9072",11,8,9,15,13,11,11,11,13,7,9,15,13,11,6,11,13,1,0,0,4,3,5,1,5,1,2,41,42
"9073",12,8,12,15,13,11,11,11,13,8,9,15,13,11,11,11,13,4,3,0,4,0,0,3,0,2,0,44,42
"9074",0,0,0,0,0,0,0,0,0,0,0,0,0,0,0,0,0,0,0,0,0,0,0,0,0,0,0,0,0
"9075",1,1,1,5,1,3,1,1,1,1,1,1,1,1,1,1,1,2,4,3,2,3,0,4,2,3,1,4,2
"9076",2,1,1,8,1,9,2,1,1,1,1,5,1,3,1,1,1,3,0,0,3,6,6,3,6,3,1,7,9
"9077",3,1,9,8,1,12,2,1,1,1,1,8,1,9,2,1,1,3,6,0,3,0,0,6,3,2,1,15,12
"9078",4,1,9,13,1,12,2,1,4,1,9,8,1,12,2,1,1,5,2,3,2,3,0,5,3,3,4,20,15
"9079",5,1,9,15,1,15,2,1,4,1,9,13,1,12,2,1,4,2,0,0,3,1,1,2,3,3,1,22,18
"9080",6,1,9,15,2,15,2,2,4,1,9,15,1,15,2,1,4,1,1,0,1,0,0,1,1,4,3,23,19
"9081",7,1,9,18,2,25,2,2,4,1,9,15,2,15,2,2,4,3,6,6,6,6,0,3,6,3,1,26,29
"9082",8,10,9,18,2,1,7,2,4,1,9,18,2,25,2,2,4,6,0,0,5,3,6,6,5,1,2,35,10
"9083",9,10,9,18,9,4,7,2,4,10,9,18,2,1,7,2,4,3,6,0,3,0,0,6,3,4,1,42,13
"9084",10,10,21,18,13,9,7,2,4,10,9,18,9,4,7,2,4,5,6,3,5,3,0,6,5,2,1,58,18
"9085",11,10,21,21,13,12,7,2,4,10,21,18,13,9,7,2,4,3,0,0,3,5,3,3,3,3,1,61,21
"9086",12,10,21,26,13,12,7,2,4,10,21,21,13,12,7,2,4,5,3,0,3,0,0,5,0,3,0,66,21
"9087",0,0,0,0,0,0,0,0,0,0,0,0,0,0,0,0,0,0,0,0,0,0,0,0,0,0,0,0,0
"9088",1,4,1,7,1,1,6,1,1,1,1,1,1,1,1,1,1,6,5,2,5,2,0,6,5,3,2,9,5
"9089",2,4,1,9,1,6,6,1,1,4,1,7,1,1,6,1,1,2,0,0,5,3,2,2,5,3,1,11,10
"9090",3,4,1,12,1,8,6,1,1,4,1,9,1,6,6,1,1,3,2,0,2,0,0,3,2,3,1,14,12
"9091",4,4,2,12,7,8,6,2,1,4,1,12,1,8,6,1,1,1,5,6,1,5,0,6,1,4,3,21,13
"9092",5,9,2,12,7,8,6,2,5,4,2,12,7,8,6,2,1,5,0,0,4,2,2,5,4,1,4,26,17
"9093",6,9,2,14,7,10,6,2,5,9,2,12,7,8,6,2,5,2,2,0,2,0,0,2,2,3,1,28,19
"9094",7,9,7,14,7,10,6,2,9,9,2,14,7,10,6,2,5,1,5,4,1,4,0,5,4,2,4,33,23
"9095",8,9,8,14,7,10,6,7,9,9,7,14,7,10,6,2,9,1,0,0,6,2,5,1,5,2,3,34,28
"9096",9,9,14,14,10,12,6,7,9,9,8,14,7,10,6,7,9,6,2,0,2,0,0,6,2,2,1,43,30
"9097",10,9,14,19,10,12,9,7,9,9,14,14,10,12,6,7,9,5,1,3,1,3,0,5,3,3,2,48,33
"9098",11,9,15,19,10,15,9,7,9,9,14,19,10,12,9,7,9,1,0,0,3,4,3,1,3,2,1,49,36
"9099",12,13,15,19,10,15,9,7,9,9,15,19,10,15,9,7,9,4,3,0,3,0,0,4,0,1,0,53,36
"9100",0,0,0,0,0,0,0,0,0,0,0,0,0,0,0,0,0,0,0,0,0,0,0,0,0,0,0,0,0
"9101",1,1,1,1,6,1,1,6,7,1,1,1,1,1,1,1,1,1,5,6,1,6,0,5,6,4,4,5,11
"9102",2,1,1,1,7,4,1,6,7,1,1,1,6,1,1,6,7,1,0,0,3,2,3,1,3,4,1,6,14
"9103",3,1,1,4,7,4,3,6,7,1,1,1,7,4,1,6,7,2,3,0,2,0,0,3,2,3,2,9,16
"9104",4,5,1,4,7,4,3,6,8,1,1,4,7,4,3,6,7,4,1,1,1,1,0,4,1,1,4,13,17
"9105",5,6,1,4,7,8,3,6,8,5,1,4,7,4,3,6,8,1,0,0,4,4,3,1,4,1,1,14,21
"9106",6,10,1,4,7,8,3,9,8,6,1,4,7,8,3,6,8,4,3,0,3,0,0,4,3,1,3,18,24
"9107",7,10,1,7,7,11,3,9,8,10,1,4,7,8,3,9,8,2,3,3,2,3,0,3,3,3,1,21,27
"9108",8,10,1,7,9,11,3,9,11,10,1,7,7,11,3,9,8,2,0,0,3,6,6,2,3,4,4,23,30
"9109",9,11,1,7,15,11,8,15,11,10,1,7,9,11,3,9,11,6,6,0,6,0,0,6,6,4,3,30,41
"9110",10,11,1,7,19,18,8,15,11,11,1,7,15,11,8,15,11,6,1,4,6,1,0,4,6,4,1,34,48
"9111",11,11,1,7,20,19,8,15,11,11,1,7,19,18,8,15,11,1,0,0,1,6,4,1,1,4,1,35,49
"9112",12,11,4,7,26,19,1,15,11,11,1,7,20,19,8,15,11,6,4,0,4,0,0,6,0,4,0,44,42
"9113",0,0,0,0,0,0,0,0,0,0,0,0,0,0,0,0,0,0,0,0,0,0,0,0,0,0,0,0,0
"9114",1,5,1,1,1,1,3,1,1,1,1,1,1,1,1,1,1,2,4,3,2,3,0,4,2,1,2,4,2
"9115",2,8,1,1,1,1,3,1,6,5,1,1,1,1,3,1,1,3,0,0,5,6,4,3,5,1,4,7,7
"9116",3,8,5,1,13,5,3,1,6,8,1,1,1,1,3,1,6,6,4,0,4,0,0,6,4,4,1,23,11
"9117",4,8,5,5,13,5,3,1,11,8,5,1,13,5,3,1,6,4,5,2,5,2,0,4,5,3,4,27,16
"9118",5,8,5,5,15,8,3,1,11,8,5,5,13,5,3,1,11,2,0,0,3,1,2,2,3,4,1,29,19
"9119",6,8,7,5,15,8,4,1,11,8,5,5,15,8,3,1,11,1,2,0,1,0,0,2,1,2,2,31,20
"9120",7,8,7,9,15,8,4,1,12,8,7,5,15,8,4,1,11,1,4,2,1,2,0,4,1,3,4,35,21
"9121",8,8,9,9,15,8,4,1,17,8,7,9,15,8,4,1,12,2,0,0,1,2,5,2,5,2,4,37,26
"9122",9,8,9,9,17,8,4,2,17,8,9,9,15,8,4,1,17,1,2,0,1,0,0,2,1,4,3,39,27
"9123",10,8,12,9,17,8,10,4,23,8,9,9,17,8,4,2,17,6,3,6,6,6,0,3,6,2,2,42,41
"9124",11,10,12,15,17,8,10,4,25,8,12,9,17,8,10,4,23,6,0,0,2,2,3,6,2,3,4,50,43
"9125",12,13,12,15,17,8,10,4,25,10,12,15,17,8,10,4,25,2,3,0,2,0,0,3,0,1,0,53,43
"9126",0,0,0,0,0,0,0,0,0,0,0,0,0,0,0,0,0,0,0,0,0,0,0,0,0,0,0,0,0
"9127",1,1,1,6,7,1,6,1,1,1,1,1,1,1,1,1,1,5,4,6,5,4,0,6,5,4,2,11,5
"9128",2,1,5,6,7,12,6,1,1,1,1,6,7,1,6,1,1,4,0,0,6,5,2,4,6,2,1,15,16
"9129",3,1,10,6,7,12,8,1,1,1,5,6,7,12,6,1,1,5,2,0,2,0,0,5,2,2,2,20,18
"9130",4,1,10,9,7,12,10,1,1,1,10,6,7,12,8,1,1,2,3,3,2,3,0,3,2,3,2,23,20
"9131",5,1,10,9,10,16,10,1,1,1,10,9,7,12,10,1,1,3,0,0,2,4,4,3,4,4,1,26,24
"9132",6,1,10,13,10,16,12,1,1,1,10,9,10,16,10,1,1,2,4,0,2,0,0,4,2,3,2,30,26
"9133",7,1,10,13,14,16,12,1,2,1,10,13,10,16,12,1,1,1,2,4,1,2,0,4,1,4,4,34,27
"9134",8,1,12,13,14,16,16,1,2,1,10,13,14,16,12,1,2,2,0,0,4,2,5,2,4,2,2,36,31
"9135",9,1,12,18,14,16,16,1,4,1,12,13,14,16,16,1,2,2,5,0,2,0,0,5,2,3,4,41,33
"9136",10,13,15,18,14,20,16,1,4,1,12,18,14,16,16,1,4,6,3,4,3,4,0,6,4,1,1,56,37
"9137",11,13,18,18,14,20,16,1,8,13,15,18,14,20,16,1,4,3,0,0,4,3,4,3,4,2,4,59,41
"9138",12,13,22,18,14,20,16,1,8,13,18,18,14,20,16,1,8,3,4,0,3,0,0,4,0,2,0,63,41
"9139",0,0,0,0,0,0,0,0,0,0,0,0,0,0,0,0,0,0,0,0,0,0,0,0,0,0,0,0,0
"9140",1,1,1,6,1,1,1,1,3,1,1,1,1,1,1,1,1,2,3,5,2,3,0,5,2,3,4,5,2
"9141",2,1,4,6,1,1,1,1,5,1,1,6,1,1,1,1,3,3,0,0,2,2,4,3,2,2,4,8,4
"9142",3,1,8,6,1,3,1,1,5,1,4,6,1,1,1,1,5,2,4,0,2,0,0,4,2,2,1,12,6
"9143",4,5,8,6,1,3,6,1,5,1,8,6,1,3,1,1,5,4,5,5,5,5,0,4,5,1,2,16,11
"9144",5,5,13,6,1,3,6,1,8,5,8,6,1,3,6,1,5,5,0,0,3,4,3,5,3,2,4,21,14
"9145",6,5,17,6,1,3,6,4,8,5,13,6,1,3,6,1,8,4,3,0,3,0,0,4,3,2,3,25,17
"9146",7,5,17,7,1,3,8,4,8,5,17,6,1,3,6,4,8,1,1,2,1,2,0,1,2,3,2,26,19
"9147",8,5,18,7,1,3,8,5,8,5,17,7,1,3,8,4,8,1,0,0,1,1,5,1,1,2,3,27,20
"9148",9,10,18,7,1,3,8,5,9,5,18,7,1,3,8,5,8,1,5,0,1,0,0,5,1,1,4,32,21
"9149",10,10,1,19,4,3,17,5,9,10,18,7,1,3,8,5,9,6,2,2,2,2,0,6,2,3,1,30,30
"9150",11,10,1,19,6,3,22,5,9,10,1,19,4,3,17,5,9,2,0,0,5,4,1,2,5,4,2,32,35
"9151",12,10,5,19,6,3,22,5,9,10,1,19,6,3,22,5,9,4,1,0,1,0,0,4,0,2,0,36,35
"9152",0,0,0,0,0,0,0,0,0,0,0,0,0,0,0,0,0,0,0,0,0,0,0,0,0,0,0,0,0
"9153",1,5,1,1,1,1,3,1,1,1,1,1,1,1,1,1,1,4,2,6,2,6,0,4,2,1,2,4,2
"9154",2,8,1,1,7,1,3,7,5,5,1,1,1,1,3,1,1,6,0,0,3,6,5,6,6,4,3,13,12
"9155",3,8,1,1,12,1,3,10,5,8,1,1,7,1,3,7,5,3,5,0,3,0,0,5,3,4,3,18,15
"9156",4,13,1,1,12,1,3,10,7,8,1,1,12,1,3,10,5,2,2,5,2,2,0,5,2,1,4,23,17
"9157",5,13,1,1,14,1,3,11,7,13,1,1,12,1,3,10,7,2,0,0,1,1,3,2,1,4,3,25,18
"9158",6,13,4,1,14,2,3,11,7,13,1,1,14,1,3,11,7,1,3,0,1,0,0,3,1,2,1,28,19
"9159",7,13,9,1,14,2,3,11,11,13,4,1,14,2,3,11,7,5,4,4,4,4,0,5,4,2,4,33,23
"9160",8,13,13,1,14,2,3,14,11,13,9,1,14,2,3,11,11,4,0,0,1,2,3,4,3,2,3,37,26
"9161",9,13,13,1,15,2,3,16,11,13,13,1,14,2,3,14,11,1,2,0,2,0,0,1,2,4,3,38,28
"9162",10,13,13,1,19,2,3,20,11,13,13,1,15,2,3,16,11,2,4,4,2,4,0,4,4,4,3,42,32
"9163",11,15,13,1,19,2,3,24,11,13,13,1,19,2,3,20,11,2,0,0,4,2,4,2,4,1,3,44,36
"9164",12,15,15,1,19,2,3,24,11,15,13,1,19,2,3,24,11,2,4,0,4,0,0,2,0,2,0,46,36
"9165",0,0,0,0,0,0,0,0,0,0,0,0,0,0,0,0,0,0,0,0,0,0,0,0,0,0,0,0,0
"9166",1,1,1,1,4,1,1,1,2,1,1,1,1,1,1,1,1,1,3,1,1,1,0,3,1,4,4,3,1
"9167",2,1,1,1,5,1,1,2,2,1,1,1,4,1,1,1,2,1,0,0,1,1,5,1,1,4,3,4,2
"9168",3,1,6,1,5,1,1,2,3,1,1,1,5,1,1,2,2,1,5,0,1,0,0,5,1,2,4,9,3
"9169",4,1,6,1,10,1,1,2,6,1,6,1,5,1,1,2,3,3,5,1,3,1,0,5,3,4,4,14,6
"9170",5,1,6,2,10,1,1,5,6,1,6,1,10,1,1,2,6,1,0,0,3,2,2,1,3,3,3,15,9
"9171",6,1,6,2,12,1,3,5,6,1,6,2,10,1,1,5,6,2,2,0,2,0,0,2,2,4,2,17,11
"9172",7,1,6,2,15,1,3,5,8,1,6,2,12,1,3,5,6,3,2,1,2,1,0,3,2,4,4,20,13
"9173",8,1,6,2,16,1,3,5,9,1,6,2,15,1,3,5,8,1,0,0,1,1,5,1,1,4,4,21,14
"9174",9,1,6,7,16,1,4,5,9,1,6,2,16,1,3,5,9,1,5,0,1,0,0,5,1,3,2,26,15
"9175",10,1,11,7,16,3,4,5,9,1,6,7,16,1,4,5,9,2,2,5,2,2,0,5,2,2,1,31,17
"9176",11,3,11,7,16,11,4,5,9,1,11,7,16,3,4,5,9,2,0,0,6,6,3,2,6,1,1,33,25
"9177",12,3,14,7,16,11,4,5,9,3,11,7,16,11,4,5,9,6,3,0,6,0,0,3,0,2,0,36,25
"9178",0,0,0,0,0,0,0,0,0,0,0,0,0,0,0,0,0,0,0,0,0,0,0,0,0,0,0,0,0
"9179",1,4,1,1,1,2,1,1,1,1,1,1,1,1,1,1,1,1,3,1,1,1,0,3,1,1,1,3,1
"9180",2,4,1,2,1,2,1,10,1,4,1,1,1,2,1,1,1,1,0,0,1,6,1,1,6,3,3,4,10
"9181",3,5,1,2,1,3,1,10,1,4,1,2,1,2,1,10,1,1,1,0,1,0,0,1,1,1,1,5,11
"9182",4,5,1,2,6,3,2,10,1,5,1,2,1,3,1,10,1,2,5,1,2,1,0,5,1,4,2,10,12
"9183",5,5,3,2,6,6,8,10,1,5,1,2,6,3,2,10,1,2,0,0,3,6,2,2,6,2,2,12,21
"9184",6,5,3,5,6,8,8,10,1,5,3,2,6,6,8,10,1,3,2,0,2,0,0,3,2,3,1,15,23
"9185",7,5,7,5,6,8,8,10,3,5,3,5,6,8,8,10,1,2,3,4,2,3,0,4,2,2,4,19,25
"9186",8,5,7,5,9,11,14,10,3,5,7,5,6,8,8,10,3,3,0,0,2,4,6,3,6,4,2,22,34
"9187",9,9,7,5,9,13,14,10,3,5,7,5,9,11,14,10,3,2,4,0,2,0,0,4,2,1,1,26,36
"9188",10,9,9,5,9,19,18,10,3,9,7,5,9,13,14,10,3,6,3,2,6,3,0,2,6,2,1,28,46
"9189",11,9,9,8,9,21,18,10,3,9,9,5,9,19,18,10,3,3,0,0,2,2,6,3,2,3,1,31,48
"9190",12,9,9,8,11,21,18,10,3,9,9,8,9,21,18,10,3,2,6,0,6,0,0,2,0,4,0,33,48
"9191",0,0,0,0,0,0,0,0,0,0,0,0,0,0,0,0,0,0,0,0,0,0,0,0,0,0,0,0,0
"9192",1,1,1,5,1,1,1,5,1,1,1,1,1,1,1,1,1,1,4,4,1,4,0,4,4,3,3,4,4
"9193",2,1,1,5,2,1,6,5,1,1,1,5,1,1,1,5,1,1,0,0,5,1,5,1,5,4,2,5,9
"9194",3,6,1,5,2,2,6,5,1,1,1,5,2,1,6,5,1,1,5,0,1,0,0,5,1,1,1,10,10
"9195",4,12,1,7,8,2,6,9,1,6,1,5,2,2,6,5,1,6,1,4,1,4,0,6,4,4,3,24,14
"9196",5,12,1,8,8,13,12,9,1,12,1,7,8,2,6,9,1,1,0,0,6,1,6,1,6,3,2,25,31
"9197",6,18,1,13,8,13,13,9,1,12,1,8,8,13,12,9,1,1,6,0,1,0,0,6,1,1,2,36,32
"9198",7,18,7,13,12,13,17,9,1,18,1,13,8,13,13,9,1,4,3,6,4,3,0,6,4,2,2,46,36
"9199",8,18,10,13,12,17,17,9,1,18,7,13,12,13,17,9,1,3,0,0,4,1,4,3,4,2,1,49,40
"9200",9,18,10,13,16,17,17,10,1,18,10,13,12,17,17,9,1,1,4,0,1,0,0,4,1,4,3,53,41
"9201",10,18,10,17,16,17,20,10,1,18,10,13,16,17,17,10,1,4,3,4,3,4,0,4,3,3,2,57,44
"9202",11,18,14,17,16,22,20,10,1,18,10,17,16,17,20,10,1,4,0,0,5,2,6,4,5,2,1,61,49
"9203",12,18,14,23,19,22,20,10,1,18,14,17,16,22,20,10,1,2,6,0,2,0,0,6,0,3,0,70,49
"9204",0,0,0,0,0,0,0,0,0,0,0,0,0,0,0,0,0,0,0,0,0,0,0,0,0,0,0,0,0
"9205",1,5,1,1,1,1,1,1,3,1,1,1,1,1,1,1,1,2,4,2,2,2,0,4,2,1,4,4,2
"9206",2,5,3,1,1,1,6,1,3,5,1,1,1,1,1,1,3,2,0,0,2,3,5,2,5,2,2,6,7
"9207",3,5,3,4,1,1,6,3,3,5,3,1,1,1,6,1,3,2,3,0,2,0,0,3,2,3,3,9,9
"9208",4,9,3,10,1,1,11,3,3,5,3,4,1,1,6,3,3,3,6,5,3,5,0,6,5,3,2,19,14
"9209",5,12,3,10,1,1,17,9,6,9,3,10,1,1,11,3,3,3,0,0,2,6,2,3,6,1,3,22,29
"9210",6,12,5,10,1,1,19,9,6,12,3,10,1,1,17,9,6,2,2,0,2,0,0,2,2,2,2,24,31
"9211",7,18,8,10,1,1,19,14,6,12,5,10,1,1,19,9,6,5,6,3,5,3,0,6,5,1,3,33,36
"9212",8,18,11,10,1,1,19,17,6,18,8,10,1,1,19,14,6,3,0,0,1,3,3,3,3,2,3,36,39
"9213",9,18,14,10,1,1,19,17,7,18,11,10,1,1,19,17,6,1,3,0,1,0,0,3,1,2,4,39,40
"9214",10,18,17,10,1,3,19,17,7,18,14,10,1,1,19,17,7,2,2,3,2,2,0,3,2,2,1,42,42
"9215",11,18,19,10,1,8,19,17,7,18,17,10,1,3,19,17,7,2,0,0,4,2,5,2,5,2,1,44,47
"9216",12,22,19,10,1,8,19,17,7,18,19,10,1,8,19,17,7,4,2,0,2,0,0,4,0,1,0,48,47
"9217",0,0,0,0,0,0,0,0,0,0,0,0,0,0,0,0,0,0,0,0,0,0,0,0,0,0,0,0,0
"9218",1,1,5,1,1,1,7,1,3,1,1,1,1,1,1,1,1,4,4,6,4,6,0,4,6,2,2,4,8
"9219",2,5,5,1,1,1,10,1,9,1,5,1,1,1,7,1,3,4,0,0,2,6,6,4,6,1,4,8,17
"9220",3,11,5,6,1,1,10,1,11,5,5,1,1,1,10,1,9,2,6,0,2,0,0,6,2,1,4,19,19
"9221",4,11,11,9,1,1,14,1,11,11,5,6,1,1,10,1,11,3,4,6,3,4,0,6,4,2,2,28,23
"9222",5,11,11,12,1,1,16,1,11,11,11,9,1,1,14,1,11,3,0,0,6,3,2,3,2,3,2,31,25
"9223",6,11,16,12,13,1,16,1,14,11,11,12,1,1,16,1,11,6,3,0,3,0,0,6,3,4,4,48,28
"9224",7,13,16,18,13,1,16,1,15,11,16,12,13,1,16,1,14,1,6,6,1,6,0,6,1,3,4,56,29
"9225",8,19,16,23,13,1,16,1,20,13,16,18,13,1,16,1,15,6,0,0,5,1,1,6,5,1,4,67,34
"9226",9,19,17,23,13,2,16,1,20,19,16,23,13,1,16,1,20,1,1,0,1,0,0,1,1,2,1,68,35
"9227",10,19,17,27,13,2,18,1,20,19,17,23,13,2,16,1,20,2,4,3,2,3,0,4,2,3,2,72,37
"9228",11,22,17,27,13,2,18,6,20,19,17,27,13,2,18,1,20,3,0,0,5,4,1,3,5,1,3,75,42
"9229",12,22,18,27,13,2,18,6,20,22,17,27,13,2,18,6,20,4,1,0,4,0,0,1,0,2,0,76,42
"9230",0,0,0,0,0,0,0,0,0,0,0,0,0,0,0,0,0,0,0,0,0,0,0,0,0,0,0,0,0
"9231",1,1,1,1,5,6,1,1,1,1,1,1,1,1,1,1,1,4,5,4,5,4,0,4,5,4,1,4,5
"9232",2,5,1,1,5,6,7,12,1,1,1,1,5,6,1,1,1,4,0,0,5,3,6,4,6,1,3,8,22
"9233",3,5,1,6,5,9,7,12,1,5,1,1,5,6,7,12,1,5,3,0,3,0,0,5,3,3,1,13,25
"9234",4,8,1,12,5,9,12,12,1,5,1,6,5,9,7,12,1,6,5,4,5,4,0,6,5,3,2,22,30
"9235",5,8,1,12,9,9,12,17,1,8,1,12,5,9,12,12,1,4,0,0,1,1,5,4,5,4,3,26,35
"9236",6,8,1,12,10,10,12,17,1,8,1,12,9,9,12,17,1,1,1,0,1,0,0,1,1,4,1,27,36
"9237",7,9,1,12,10,10,16,17,1,8,1,12,10,10,12,17,1,1,1,4,1,4,0,1,4,1,2,28,40
"9238",8,10,1,12,10,15,16,17,1,9,1,12,10,10,16,17,1,1,0,0,5,2,6,1,5,1,1,29,45
"9239",9,12,1,12,10,20,16,17,7,10,1,12,10,15,16,17,1,2,6,0,6,0,0,2,6,1,4,31,56
"9240",10,12,4,12,10,20,21,17,7,12,1,12,10,20,16,17,7,5,3,3,5,3,0,3,5,2,2,34,61
"9241",11,12,4,15,10,21,21,17,7,12,4,12,10,20,21,17,7,3,0,0,1,3,3,3,1,3,1,37,62
"9242",12,15,4,15,10,21,21,17,7,12,4,15,10,21,21,17,7,3,3,0,3,0,0,3,0,1,0,40,62
"9243",0,0,0,0,0,0,0,0,0,0,0,0,0,0,0,0,0,0,0,0,0,0,0,0,0,0,0,0,0
"9244",1,1,1,12,1,6,1,1,1,1,1,1,1,1,1,1,1,6,5,5,5,5,0,6,5,3,1,11,5
"9245",2,6,1,12,1,6,2,1,1,1,1,12,1,6,1,1,1,5,0,0,1,1,3,5,1,1,2,16,6
"9246",3,6,4,12,1,6,3,1,1,6,1,12,1,6,2,1,1,1,3,0,1,0,0,3,1,2,2,19,7
"9247",4,6,4,12,5,6,3,5,1,6,4,12,1,6,3,1,1,4,4,4,4,4,0,4,4,4,3,23,11
"9248",5,6,8,12,5,6,4,5,1,6,4,12,5,6,3,5,1,4,0,0,1,1,2,4,1,2,2,27,12
"9249",6,6,10,12,5,7,4,5,1,6,8,12,5,6,4,5,1,1,2,0,1,0,0,2,1,2,1,29,13
"9250",7,6,10,12,16,11,4,5,1,6,10,12,5,7,4,5,1,1,4,6,1,4,0,6,4,4,1,40,17
"9251",8,7,10,12,16,14,4,5,1,6,10,12,16,11,4,5,1,1,0,0,3,4,6,1,3,1,1,41,20
"9252",9,13,10,12,19,14,8,5,1,7,10,12,16,14,4,5,1,4,6,0,4,0,0,6,4,1,2,50,24
"9253",10,13,15,12,19,14,11,5,1,13,10,12,19,14,8,5,1,6,5,3,6,3,0,5,3,2,2,55,27
"9254",11,21,15,12,19,14,15,5,1,13,15,12,19,14,11,5,1,6,0,0,4,6,6,6,4,1,2,63,31
"9255",12,27,15,17,19,14,15,5,1,21,15,12,19,14,15,5,1,6,6,0,6,0,0,6,0,1,0,74,31
"9256",0,0,0,0,0,0,0,0,0,0,0,0,0,0,0,0,0,0,0,0,0,0,0,0,0,0,0,0,0
"9257",1,1,7,6,7,1,4,1,1,1,1,1,1,1,1,1,1,3,6,4,3,4,0,6,3,4,2,17,3
"9258",2,5,7,6,7,1,8,1,1,1,7,6,7,1,4,1,1,4,0,0,6,4,4,4,4,1,2,21,7
"9259",3,11,7,12,10,1,12,1,1,5,7,6,7,1,8,1,1,6,4,0,4,0,0,6,4,1,2,36,11
"9260",4,11,12,12,10,4,12,1,1,11,7,12,10,1,12,1,1,3,5,2,3,2,0,5,3,2,1,41,14
"9261",5,11,12,12,12,4,15,1,1,11,12,12,10,4,12,1,1,2,0,0,4,3,6,2,3,4,2,43,17
"9262",6,11,15,18,12,8,15,1,1,11,12,12,12,4,15,1,1,4,6,0,4,0,0,6,4,3,1,52,21
"9263",7,16,15,18,12,8,15,5,1,11,15,18,12,8,15,1,1,5,4,3,4,3,0,5,4,1,3,57,25
"9264",8,16,15,18,15,13,15,5,1,16,15,18,12,8,15,5,1,3,0,0,5,1,2,3,5,4,1,60,30
"9265",9,16,15,18,17,14,15,5,1,16,15,18,15,13,15,5,1,1,2,0,1,0,0,2,1,4,1,62,31
"9266",10,20,15,18,17,14,20,5,1,16,15,18,17,14,15,5,1,5,3,4,5,3,0,4,5,1,2,66,36
"9267",11,20,18,18,17,14,20,10,1,20,15,18,17,14,20,5,1,3,0,0,1,2,5,3,5,2,3,69,41
"9268",12,20,20,18,17,14,20,10,1,20,18,18,17,14,20,10,1,1,2,0,1,0,0,2,0,2,0,71,41
"9269",0,0,0,0,0,0,0,0,0,0,0,0,0,0,0,0,0,0,0,0,0,0,0,0,0,0,0,0,0
"9270",1,6,1,1,1,3,1,1,7,1,1,1,1,1,1,1,1,5,1,6,1,6,0,5,6,1,4,5,8
"9271",2,6,1,2,1,7,1,1,7,6,1,1,1,3,1,1,7,1,0,0,4,5,4,1,4,3,1,6,12
"9272",3,6,6,2,1,11,1,1,7,6,1,2,1,7,1,1,7,5,4,0,4,0,0,5,4,2,1,11,16
"9273",4,6,6,7,1,16,1,1,7,6,6,2,1,11,1,1,7,5,4,5,4,5,0,5,5,3,1,16,21
"9274",5,6,10,7,1,16,2,1,7,6,6,7,1,16,1,1,7,4,0,0,3,1,3,4,1,2,2,20,22
"9275",6,6,13,7,1,16,2,4,7,6,10,7,1,16,2,1,7,3,3,0,3,0,0,3,3,2,3,23,25
"9276",7,6,19,12,1,16,7,4,7,6,13,7,1,16,2,4,7,6,5,5,5,5,0,6,5,2,2,34,30
"9277",8,6,19,12,6,16,7,9,7,6,19,12,1,16,7,4,7,5,0,0,5,3,4,5,5,4,3,39,35
"9278",9,10,19,12,6,19,7,9,7,6,19,12,6,16,7,9,7,3,4,0,3,0,0,4,3,1,1,43,38
"9279",10,19,19,12,12,19,7,9,12,10,19,12,6,19,7,9,7,5,1,6,5,1,0,6,5,1,4,58,43
"9280",11,20,19,12,12,23,7,9,12,19,19,12,12,19,7,9,12,1,0,0,4,6,1,1,4,1,1,59,47
"9281",12,20,19,13,12,23,7,9,12,20,19,12,12,23,7,9,12,6,1,0,6,0,0,1,0,3,0,60,47
"9282",0,0,0,0,0,0,0,0,0,0,0,0,0,0,0,0,0,0,0,0,0,0,0,0,0,0,0,0,0
"9283",1,1,1,6,1,1,1,6,1,1,1,1,1,1,1,1,1,4,5,5,4,5,0,5,5,3,3,5,5
"9284",2,1,5,6,1,1,1,11,1,1,1,6,1,1,1,6,1,4,0,0,5,6,1,4,5,2,3,9,10
"9285",3,5,5,6,7,2,1,11,1,1,5,6,1,1,1,11,1,6,1,0,1,0,0,6,1,4,1,19,11
"9286",4,5,10,6,7,2,1,13,1,5,5,6,7,2,1,11,1,2,2,5,2,2,0,5,2,2,3,24,13
"9287",5,5,10,6,9,3,1,13,1,5,10,6,7,2,1,13,1,2,0,0,3,1,6,2,1,4,1,26,14
"9288",6,5,12,12,9,6,1,13,1,5,10,6,9,3,1,13,1,3,6,0,3,0,0,6,3,3,1,34,17
"9289",7,13,12,12,9,6,1,14,1,5,12,12,9,6,1,13,1,1,6,1,1,1,0,6,1,1,3,42,18
"9290",8,14,12,12,9,6,1,15,1,13,12,12,9,6,1,14,1,1,0,0,4,1,2,1,1,1,3,43,19
"9291",9,14,12,14,9,6,1,19,1,14,12,12,9,6,1,15,1,4,2,0,4,0,0,2,4,3,3,45,23
"9292",10,15,12,14,15,11,1,19,1,14,12,14,9,6,1,19,1,5,6,1,5,1,0,6,5,4,1,52,28
"9293",11,16,12,14,15,11,1,19,4,15,12,14,15,11,1,19,1,1,0,0,6,3,1,1,3,1,4,53,31
"9294",12,16,12,25,15,11,1,19,4,16,12,14,15,11,1,19,4,6,1,0,1,0,0,6,0,3,0,64,31
"9295",0,0,0,0,0,0,0,0,0,0,0,0,0,0,0,0,0,0,0,0,0,0,0,0,0,0,0,0,0
"9296",1,1,5,1,1,1,4,1,1,1,1,1,1,1,1,1,1,2,3,4,2,3,0,4,3,2,2,4,3
"9297",2,1,5,3,1,1,9,1,1,1,5,1,1,1,4,1,1,2,0,0,4,5,5,2,5,3,2,6,8
"9298",3,1,9,3,1,1,14,1,1,1,5,3,1,1,9,1,1,4,5,0,5,0,0,4,5,2,2,10,13
"9299",4,5,9,3,1,1,14,4,1,1,9,3,1,1,14,1,1,4,3,1,3,1,0,4,3,1,3,14,16
"9300",5,5,9,4,1,3,14,4,1,5,9,3,1,1,14,4,1,1,0,0,2,1,3,1,2,3,1,15,18
"9301",6,5,9,4,4,3,14,5,1,5,9,4,1,3,14,4,1,1,3,0,1,0,0,3,1,4,3,18,19
"9302",7,5,14,4,4,3,14,5,3,5,9,4,4,3,14,5,1,2,5,1,2,1,0,5,2,2,4,23,21
"9303",8,6,14,4,4,3,14,9,3,5,14,4,4,3,14,5,3,1,0,0,1,3,4,1,4,1,3,24,25
"9304",9,6,14,7,4,3,14,10,3,6,14,4,4,3,14,9,3,1,3,0,1,0,0,3,1,3,3,27,26
"9305",10,12,17,7,4,3,14,16,7,6,14,7,4,3,14,10,3,6,5,6,5,6,0,6,6,1,3,36,36
"9306",11,12,17,12,4,3,14,19,7,12,17,7,4,3,14,16,7,5,0,0,4,3,3,5,3,3,3,41,39
"9307",12,12,17,12,8,3,14,19,7,12,17,12,4,3,14,19,7,4,3,0,3,0,0,4,0,4,0,45,39
"9308",0,0,0,0,0,0,0,0,0,0,0,0,0,0,0,0,0,0,0,0,0,0,0,0,0,0,0,0,0
"9309",1,6,7,1,1,4,1,1,1,1,1,1,1,1,1,1,1,3,6,4,3,4,0,6,3,2,1,11,3
"9310",2,6,7,1,5,4,4,1,1,6,7,1,1,4,1,1,1,4,0,0,3,2,1,4,3,4,2,15,6
"9311",3,6,7,3,5,4,5,1,1,6,7,1,5,4,4,1,1,2,1,0,1,0,0,2,1,3,2,17,7
"9312",4,12,11,3,5,9,5,1,1,6,7,3,5,4,5,1,1,5,6,2,5,2,0,6,5,1,1,27,12
"9313",5,12,13,3,5,9,5,6,1,12,11,3,5,9,5,1,1,2,0,0,5,6,5,2,5,2,3,29,17
"9314",6,12,13,9,8,14,5,6,1,12,13,3,5,9,5,6,1,6,5,0,5,0,0,6,5,3,1,38,22
"9315",7,12,13,9,18,14,7,6,1,12,13,9,8,14,5,6,1,2,6,2,2,2,0,6,2,4,2,48,24
"9316",8,12,13,11,18,14,7,9,1,12,13,9,18,14,7,6,1,2,0,0,3,1,6,2,3,3,3,50,27
"9317",9,12,19,14,18,14,8,9,1,12,13,11,18,14,7,9,1,1,6,0,1,0,0,6,1,2,2,59,28
"9318",10,17,19,14,18,14,8,9,2,12,19,14,18,14,8,9,1,5,1,2,1,2,0,5,1,1,4,64,29
"9319",11,19,19,14,18,21,8,9,2,17,19,14,18,14,8,9,2,2,0,0,6,2,2,2,6,1,1,66,36
"9320",12,21,19,14,18,21,8,9,2,19,19,14,18,21,8,9,2,2,2,0,2,0,0,2,0,1,0,68,36
"9321",0,0,0,0,0,0,0,0,0,0,0,0,0,0,0,0,0,0,0,0,0,0,0,0,0,0,0,0,0
"9322",1,4,1,1,1,3,1,1,1,1,1,1,1,1,1,1,1,2,3,3,2,3,0,3,2,1,1,3,2
"9323",2,7,1,1,1,7,1,1,1,4,1,1,1,3,1,1,1,3,0,0,4,5,4,3,4,1,1,6,6
"9324",3,12,1,1,1,11,1,1,1,7,1,1,1,7,1,1,1,5,4,0,4,0,0,5,4,1,1,11,10
"9325",4,12,1,6,1,11,3,1,1,12,1,1,1,11,1,1,1,2,1,5,2,1,0,5,2,3,2,16,12
"9326",5,12,1,7,1,11,8,1,1,12,1,6,1,11,3,1,1,1,0,0,4,3,5,1,5,3,2,17,17
"9327",6,16,1,7,1,14,8,1,1,12,1,7,1,11,8,1,1,4,3,0,3,0,0,4,3,1,1,21,20
"9328",7,16,1,11,1,14,11,1,1,16,1,7,1,14,8,1,1,1,3,4,1,3,0,4,3,3,2,25,23
"9329",8,17,1,11,1,18,11,1,1,16,1,11,1,14,11,1,1,1,0,0,2,5,4,1,4,1,1,26,27
"9330",9,17,1,11,6,20,11,1,1,17,1,11,1,18,11,1,1,2,5,0,2,0,0,5,2,4,1,31,29
"9331",10,17,1,11,16,27,11,1,1,17,1,11,6,20,11,1,1,6,3,6,3,6,0,6,6,4,1,41,36
"9332",11,17,4,11,16,27,11,1,5,17,1,11,16,27,11,1,1,3,0,0,4,6,4,3,4,2,4,44,40
"9333",12,17,8,11,16,27,11,1,5,17,4,11,16,27,11,1,5,6,4,0,6,0,0,4,0,2,0,48,40
"9334",0,0,0,0,0,0,0,0,0,0,0,0,0,0,0,0,0,0,0,0,0,0,0,0,0,0,0,0,0
"9335",1,6,1,1,1,1,1,1,5,1,1,1,1,1,1,1,1,4,1,5,4,1,0,5,4,1,4,5,4
"9336",2,6,2,1,1,11,1,1,5,6,1,1,1,1,1,1,5,1,0,0,4,6,1,1,6,2,1,6,14
"9337",3,6,2,1,5,12,1,1,5,6,2,1,1,11,1,1,5,4,1,0,1,0,0,4,1,4,1,10,15
"9338",4,6,12,1,11,12,1,3,5,6,2,1,5,12,1,1,5,2,5,6,2,5,0,6,2,2,3,26,17
"9339",5,6,12,6,11,12,3,3,5,6,12,1,11,12,1,3,5,5,0,0,6,2,2,5,2,3,2,31,19
"9340",6,12,14,6,11,12,3,5,5,6,12,6,11,12,3,3,5,6,2,0,2,0,0,6,2,1,3,39,21
"9341",7,12,14,11,11,22,3,5,5,12,14,6,11,12,3,5,5,5,4,6,4,6,0,5,6,3,1,44,31
"9342",8,12,14,15,11,27,3,5,11,12,14,11,11,22,3,5,5,4,0,0,6,2,6,4,6,3,4,48,42
"9343",9,16,14,15,17,29,3,5,11,12,14,15,11,27,3,5,11,2,6,0,2,0,0,6,2,4,1,58,44
"9344",10,16,14,20,17,33,3,5,11,16,14,15,17,29,3,5,11,4,4,5,4,4,0,5,4,3,1,63,48
"9345",11,20,14,20,17,39,7,5,11,16,14,20,17,33,3,5,11,4,0,0,5,6,5,4,6,1,1,67,96
"9346",12,25,14,20,22,39,1,5,11,20,14,20,17,39,7,5,11,5,5,0,5,0,0,5,0,1,0,77,90
"9347",0,0,0,0,0,0,0,0,0,0,0,0,0,0,0,0,0,0,0,0,0,0,0,0,0,0,0,0,0
"9348",1,6,1,1,1,1,1,1,4,1,1,1,1,1,1,1,1,5,3,2,3,2,0,5,3,1,4,5,3
"9349",2,6,3,1,1,1,6,1,4,6,1,1,1,1,1,1,4,2,0,0,2,5,5,2,5,2,2,7,8
"9350",3,6,3,1,6,1,6,1,6,6,3,1,1,1,6,1,4,2,5,0,2,0,0,5,2,4,4,12,10
"9351",4,6,3,1,11,1,8,1,6,6,3,1,6,1,6,1,6,5,2,1,2,1,0,5,2,4,2,17,12
"9352",5,6,3,1,12,6,8,1,6,6,3,1,11,1,8,1,6,1,0,0,5,1,3,1,5,4,1,18,17
"9353",6,6,3,1,15,7,8,1,6,6,3,1,12,6,8,1,6,1,3,0,1,0,0,3,1,4,1,21,18
"9354",7,9,3,13,15,9,8,1,6,6,3,1,15,7,8,1,6,6,2,4,2,4,0,6,2,3,1,36,20
"9355",8,13,3,13,15,9,13,1,6,9,3,13,15,9,8,1,6,4,0,0,5,5,1,4,5,1,2,40,25
"9356",9,13,8,13,15,9,13,1,7,13,3,13,15,9,13,1,6,5,1,0,1,0,0,5,1,2,4,45,26
"9357",10,13,8,18,15,11,13,1,7,13,8,13,15,9,13,1,7,5,2,2,2,2,0,5,2,3,1,50,28
"9358",11,15,8,18,15,11,13,1,8,13,8,18,15,11,13,1,7,2,0,0,1,5,1,2,1,1,4,52,29
"9359",12,16,8,18,15,11,13,1,8,15,8,18,15,11,13,1,8,5,1,0,5,0,0,1,0,1,0,53,29
"9360",0,0,0,0,0,0,0,0,0,0,0,0,0,0,0,0,0,0,0,0,0,0,0,0,0,0,0,0,0
"9361",1,2,1,7,1,1,4,1,1,1,1,1,1,1,1,1,1,6,2,3,2,3,0,6,3,3,2,7,3
"9362",2,2,3,7,1,5,4,1,1,2,1,7,1,1,4,1,1,2,0,0,1,4,6,2,4,2,1,9,7
"9363",3,2,8,7,7,6,4,1,1,2,3,7,1,5,4,1,1,1,6,0,1,0,0,6,1,4,1,20,8
"9364",4,2,12,7,7,16,4,7,1,2,8,7,7,6,4,1,1,6,4,1,6,1,0,4,6,2,1,24,24
"9365",5,2,12,7,8,16,4,9,1,2,12,7,7,16,4,7,1,1,0,0,1,2,6,1,2,4,3,25,26
"9366",6,6,18,7,8,16,5,9,1,2,12,7,8,16,4,9,1,1,6,0,1,0,0,6,1,2,2,35,27
"9367",7,6,18,7,13,18,5,9,1,6,18,7,8,16,5,9,1,1,5,2,1,2,0,5,2,4,1,40,29
"9368",8,7,18,7,13,23,5,9,1,6,18,7,13,18,5,9,1,1,0,0,2,3,5,1,5,1,1,41,34
"9369",9,7,18,7,15,23,5,9,4,7,18,7,13,23,5,9,1,2,3,0,3,0,0,2,3,4,4,43,37
"9370",10,7,18,7,19,23,5,12,4,7,18,7,15,23,5,9,4,3,3,4,3,3,0,4,3,4,3,47,40
"9371",11,7,18,7,27,23,1,15,1,7,18,7,19,23,5,12,4,3,0,0,3,4,3,3,3,4,3,55,36
"9372",12,7,22,7,27,23,1,15,1,7,18,7,27,23,1,15,1,4,3,0,3,0,0,4,0,2,0,59,36
"9373",0,0,0,0,0,0,0,0,0,0,0,0,0,0,0,0,0,0,0,0,0,0,0,0,0,0,0,0,0
"9374",1,10,1,1,1,6,1,1,1,1,1,1,1,1,1,1,1,5,6,2,5,2,0,6,5,1,1,9,5
"9375",2,10,1,1,3,6,1,5,1,10,1,1,1,6,1,1,1,2,0,0,4,6,4,2,4,4,3,11,9
"9376",3,10,7,4,3,6,1,9,1,10,1,1,3,6,1,5,1,6,4,0,4,0,0,6,4,2,3,20,13
"9377",4,10,7,4,8,9,1,9,1,10,7,4,3,6,1,9,1,1,5,3,1,3,0,5,3,4,1,25,16
"9378",5,11,7,4,8,9,1,9,5,10,7,4,8,9,1,9,1,1,0,0,4,5,6,1,4,1,4,26,20
"9379",6,11,14,4,8,9,1,9,10,11,7,4,8,9,1,9,5,5,6,0,5,0,0,6,5,2,4,33,25
"9380",7,11,14,4,12,10,1,9,10,11,14,4,8,9,1,9,10,5,1,4,5,1,0,4,1,4,1,37,26
"9381",8,11,19,4,12,12,1,9,10,11,14,4,12,10,1,9,10,5,0,0,2,2,2,5,2,2,1,42,28
"9382",9,11,19,4,14,12,3,9,10,11,19,4,12,12,1,9,10,2,2,0,2,0,0,2,2,4,2,44,30
"9383",10,17,19,9,14,17,3,9,10,11,19,4,14,12,3,9,10,6,5,4,5,4,0,6,5,1,1,55,35
"9384",11,17,19,13,14,17,3,12,10,17,19,9,14,17,3,9,10,4,0,0,4,3,6,4,3,3,3,59,38
"9385",12,17,25,14,14,17,3,12,10,17,19,13,14,17,3,12,10,4,6,0,4,0,0,6,0,2,0,66,38
"9386",0,0,0,0,0,0,0,0,0,0,0,0,0,0,0,0,0,0,0,0,0,0,0,0,0,0,0,0,0
"9387",1,1,7,1,4,4,1,13,1,1,1,1,1,1,1,1,1,4,6,6,4,6,0,6,6,2,3,9,15
"9388",2,1,11,1,4,4,9,13,1,1,7,1,4,4,1,13,1,4,0,0,5,6,5,4,6,2,2,13,23
"9389",3,6,11,1,4,9,9,13,1,1,11,1,4,4,9,13,1,5,5,0,5,0,0,5,5,1,1,18,28
"9390",4,10,11,1,4,11,9,13,1,6,11,1,4,9,9,13,1,2,4,3,2,3,0,4,2,1,1,22,30
"9391",5,10,14,1,4,11,10,13,1,10,11,1,4,11,9,13,1,3,0,0,1,1,2,3,1,2,2,25,31
"9392",6,12,14,1,4,11,10,13,2,10,14,1,4,11,10,13,1,1,2,0,1,0,0,2,1,1,4,27,32
"9393",7,12,14,1,9,11,10,13,6,12,14,1,4,11,10,13,2,2,5,4,2,4,0,5,4,4,4,32,36
"9394",8,12,14,1,11,11,10,13,8,12,14,1,9,11,10,13,6,2,0,0,2,6,6,2,2,4,4,34,38
"9395",9,18,14,5,17,22,10,13,8,12,14,1,11,11,10,13,8,6,6,0,6,0,0,6,6,4,1,50,49
"9396",10,18,14,10,17,22,10,13,12,18,14,5,17,22,10,13,8,5,4,2,4,2,0,5,4,3,4,55,53
"9397",11,18,16,10,17,25,10,13,12,18,14,10,17,22,10,13,12,2,0,0,3,3,2,2,3,2,1,57,56
"9398",12,18,16,13,17,25,10,13,12,18,16,10,17,25,10,13,12,3,2,0,2,0,0,3,0,3,0,60,56
"9399",0,0,0,0,0,0,0,0,0,0,0,0,0,0,0,0,0,0,0,0,0,0,0,0,0,0,0,0,0
"9400",1,5,1,1,1,1,10,1,1,1,1,1,1,1,1,1,1,4,6,4,6,4,0,4,6,1,2,4,9
"9401",2,5,1,1,5,1,14,1,1,5,1,1,1,1,10,1,1,4,0,0,4,1,4,4,4,4,2,8,13
"9402",3,5,5,1,5,1,14,1,2,5,1,1,5,1,14,1,1,1,4,0,1,0,0,4,1,2,4,12,14
"9403",4,9,11,1,5,7,14,4,2,5,5,1,5,1,14,1,2,2,6,6,2,6,0,6,6,2,1,22,23
"9404",5,9,11,3,5,7,18,4,2,9,11,1,5,7,14,4,2,2,0,0,4,4,4,2,4,3,2,24,27
"9405",6,13,11,3,5,7,18,4,6,9,11,3,5,7,18,4,2,4,4,0,4,0,0,4,4,1,4,28,31
"9406",7,19,11,3,8,13,18,9,6,13,11,3,5,7,18,4,6,6,2,6,2,6,0,6,6,1,1,37,42
"9407",8,19,11,5,8,18,18,9,6,19,11,3,8,13,18,9,6,2,0,0,4,3,5,2,5,3,1,39,47
"9408",9,19,11,5,12,18,18,12,6,19,11,5,8,18,18,9,6,4,3,0,3,0,0,4,3,4,3,43,50
"9409",10,23,11,5,12,18,19,12,6,19,11,5,12,18,18,12,6,1,1,4,1,1,0,4,1,1,2,47,51
"9410",11,26,11,1,12,22,23,12,1,23,11,5,12,18,19,12,6,1,0,0,4,2,2,1,4,1,2,46,54
"9411",12,28,11,1,12,22,23,12,1,26,11,1,12,22,23,12,1,2,2,0,2,0,0,2,0,1,0,48,54
"9412",0,0,0,0,0,0,0,0,0,0,0,0,0,0,0,0,0,0,0,0,0,0,0,0,0,0,0,0,0
"9413",1,7,1,1,3,1,4,1,1,1,1,1,1,1,1,1,1,3,6,3,3,3,0,6,3,1,2,8,3
"9414",2,7,4,1,3,1,4,1,8,7,1,1,3,1,4,1,1,3,0,0,3,6,6,3,6,2,4,11,10
"9415",3,13,4,1,8,4,4,1,8,7,4,1,3,1,4,1,8,3,6,0,3,0,0,6,3,1,1,22,13
"9416",4,13,4,1,12,5,4,1,8,13,4,1,8,4,4,1,8,1,1,4,1,1,0,4,1,4,1,26,14
"9417",5,13,4,1,13,5,6,1,8,13,4,1,12,5,4,1,8,1,0,0,2,2,4,1,2,4,2,27,16
"9418",6,13,4,1,17,5,6,1,10,13,4,1,13,5,6,1,8,2,4,0,2,0,0,4,2,4,4,31,18
"9419",7,13,6,7,17,5,6,4,10,13,4,1,17,5,6,1,10,6,2,3,2,3,0,6,3,3,3,39,21
"9420",8,13,8,7,17,5,6,4,15,13,6,7,17,5,6,4,10,2,0,0,2,5,5,2,5,2,4,41,26
"9421",9,13,13,7,17,5,6,4,17,13,8,7,17,5,6,4,15,2,5,0,2,0,0,5,2,2,4,46,28
"9422",10,17,13,7,17,5,6,7,17,13,13,7,17,5,6,4,17,2,3,4,2,3,0,4,3,1,3,50,31
"9423",11,19,13,7,17,8,6,7,17,17,13,7,17,5,6,7,17,2,0,0,3,5,3,2,3,1,1,52,34
"9424",12,19,16,7,17,8,6,7,17,19,13,7,17,8,6,7,17,5,3,0,5,0,0,3,0,2,0,55,34
"9425",0,0,0,0,0,0,0,0,0,0,0,0,0,0,0,0,0,0,0,0,0,0,0,0,0,0,0,0,0
"9426",1,1,6,7,1,1,1,1,2,1,1,1,1,1,1,1,1,6,1,1,1,1,0,6,1,3,4,11,1
"9427",2,1,7,7,1,1,3,1,2,1,6,7,1,1,1,1,2,1,0,0,2,1,1,1,2,2,2,12,3
"9428",3,1,7,8,1,1,4,1,2,1,7,7,1,1,3,1,2,1,1,0,1,0,0,1,1,3,2,13,4
"9429",4,5,7,8,1,1,9,1,2,1,7,8,1,1,4,1,2,4,5,5,5,5,0,4,5,1,2,17,9
"9430",5,5,7,8,6,1,14,1,8,5,7,8,1,1,9,1,2,5,0,0,6,6,3,5,6,4,4,22,20
"9431",6,7,13,8,6,1,17,1,8,5,7,8,6,1,14,1,8,6,3,0,3,0,0,6,3,2,2,30,23
"9432",7,10,13,8,6,3,17,1,8,7,13,8,6,1,17,1,8,2,3,3,2,3,0,3,2,1,1,33,25
"9433",8,10,13,8,9,7,17,1,8,10,13,8,6,3,17,1,8,3,0,0,4,3,4,3,4,4,1,36,29
"9434",9,10,13,12,9,7,17,4,8,10,13,8,9,7,17,1,8,3,4,0,3,0,0,4,3,3,3,40,32
"9435",10,14,13,12,9,11,17,4,8,10,13,12,9,7,17,4,8,4,4,2,4,2,0,4,4,1,1,44,36
"9436",11,16,13,12,9,17,17,4,11,14,13,12,9,11,17,4,8,2,0,0,6,6,3,2,6,1,1,46,45
"9437",12,16,19,18,13,17,17,4,11,16,13,12,9,17,17,4,11,6,3,0,3,0,0,6,0,3,0,62,45
"9438",0,0,0,0,0,0,0,0,0,0,0,0,0,0,0,0,0,0,0,0,0,0,0,0,0,0,0,0,0
"9439",1,1,1,6,1,1,1,3,1,1,1,1,1,1,1,1,1,5,4,2,4,2,0,5,2,3,3,5,2
"9440",2,1,5,6,1,7,5,3,7,1,1,6,1,1,1,3,1,4,0,0,1,2,6,4,6,2,1,9,18
"9441",3,1,5,8,1,7,5,4,7,1,5,6,1,7,5,3,7,1,2,0,1,0,0,2,1,3,3,11,19
"9442",4,1,5,16,1,7,5,4,12,1,5,8,1,7,5,4,7,3,6,5,3,5,0,6,5,3,4,19,24
"9443",5,4,5,16,1,11,5,4,12,1,5,16,1,7,5,4,12,3,0,0,4,4,4,3,4,1,1,22,28
"9444",6,4,5,20,1,15,5,4,12,4,5,16,1,11,5,4,12,4,4,0,4,0,0,4,4,3,1,26,32
"9445",7,4,11,21,1,15,5,4,15,4,5,20,1,15,5,4,12,3,2,6,3,2,0,6,3,2,4,33,35
"9446",8,6,11,21,1,15,9,4,15,4,11,21,1,15,5,4,15,2,0,0,4,3,1,2,4,1,2,35,39
"9447",9,9,11,21,1,16,9,4,15,6,11,21,1,15,9,4,15,3,1,0,1,0,0,3,1,1,1,38,40
"9448",10,9,11,21,5,19,9,4,15,9,11,21,1,16,9,4,15,4,1,3,1,3,0,4,3,4,1,42,43
"9449",11,9,11,22,7,23,9,1,15,9,11,21,5,19,9,4,15,1,0,0,2,2,4,1,4,3,1,45,44
"9450",12,9,11,24,7,23,9,1,15,9,11,22,7,23,9,1,15,2,2,0,2,0,0,2,0,3,0,47,44
"9451",0,0,0,0,0,0,0,0,0,0,0,0,0,0,0,0,0,0,0,0,0,0,0,0,0,0,0,0,0
"9452",1,1,7,1,2,1,1,3,1,1,1,1,1,1,1,1,1,6,3,2,3,2,0,6,2,2,3,7,2
"9453",2,1,7,1,5,1,7,5,1,1,7,1,2,1,1,3,1,3,0,0,4,3,6,3,6,4,2,10,10
"9454",3,5,7,1,5,4,7,5,1,1,7,1,5,1,7,5,1,4,3,0,3,0,0,4,3,1,1,14,13
"9455",4,5,13,3,11,4,7,10,1,5,7,1,5,4,7,5,1,6,5,1,5,1,0,6,5,4,3,28,18
"9456",5,5,13,4,11,9,7,10,1,5,13,3,11,4,7,10,1,1,0,0,5,5,6,1,5,3,1,29,23
"9457",6,11,13,6,11,9,7,10,6,5,13,4,11,9,7,10,1,5,6,0,5,0,0,6,5,1,4,37,28
"9458",7,16,13,6,11,9,9,10,6,11,13,6,11,9,7,10,6,5,2,1,2,1,0,5,2,1,2,42,30
"9459",8,17,13,6,11,16,9,10,6,16,13,6,11,9,9,10,6,1,0,0,6,2,3,1,6,1,1,43,37
"9460",9,17,13,6,14,18,9,10,6,17,13,6,11,16,9,10,6,2,3,0,2,0,0,3,2,4,1,46,39
"9461",10,17,13,9,20,18,13,10,6,17,13,6,14,18,9,10,6,1,6,4,1,4,0,6,4,4,2,55,43
"9462",11,18,13,9,20,18,14,10,6,17,13,9,20,18,13,10,6,1,0,0,1,1,6,1,1,1,2,56,44
"9463",12,18,19,13,20,18,14,10,6,18,13,9,20,18,14,10,6,1,6,0,1,0,0,6,0,2,0,66,44
"9464",0,0,0,0,0,0,0,0,0,0,0,0,0,0,0,0,0,0,0,0,0,0,0,0,0,0,0,0,0
"9465",1,6,1,1,1,6,1,1,1,1,1,1,1,1,1,1,1,5,5,5,5,5,0,5,5,1,1,5,5
"9466",2,11,1,1,1,6,1,5,1,6,1,1,1,6,1,1,1,5,0,0,6,4,6,5,4,1,3,10,9
"9467",3,11,1,1,11,6,10,5,1,11,1,1,1,6,1,5,1,6,6,0,6,0,0,6,6,4,2,20,18
"9468",4,11,1,5,11,9,10,5,1,11,1,1,11,6,10,5,1,4,4,3,4,3,0,4,3,3,1,24,21
"9469",5,11,1,9,11,9,10,5,2,11,1,5,11,9,10,5,1,4,0,0,1,4,3,4,1,3,4,28,22
"9470",6,11,1,13,11,9,13,5,2,11,1,9,11,9,10,5,2,4,3,0,3,0,0,4,3,3,2,32,25
"9471",7,11,5,13,17,9,15,5,2,11,1,13,11,9,13,5,2,1,2,6,1,2,0,6,2,4,2,42,27
"9472",8,11,6,13,17,9,15,10,2,11,5,13,17,9,15,5,2,1,0,0,5,5,1,1,5,2,3,43,32
"9473",9,16,6,13,17,9,15,11,2,11,6,13,17,9,15,10,2,5,1,0,1,0,0,5,1,1,3,48,33
"9474",10,16,11,13,17,14,15,11,2,16,6,13,17,9,15,11,2,5,5,6,5,6,0,5,5,2,1,53,38
"9475",11,16,17,18,17,14,15,16,2,16,11,13,17,14,15,11,2,6,0,0,5,5,3,6,5,2,3,64,43
"9476",12,16,17,18,22,14,15,16,2,16,17,18,17,14,15,16,2,5,3,0,3,0,0,5,0,4,0,69,43
"9477",0,0,0,0,0,0,0,0,0,0,0,0,0,0,0,0,0,0,0,0,0,0,0,0,0,0,0,0,0
"9478",1,4,1,1,1,7,1,7,1,1,1,1,1,1,1,1,1,3,6,3,6,3,0,3,6,1,3,3,12
"9479",2,4,4,1,1,11,1,7,1,4,1,1,1,7,1,7,1,3,0,0,4,5,5,3,4,2,1,6,16
"9480",3,4,9,1,1,11,1,12,1,4,4,1,1,11,1,7,1,5,5,0,5,0,0,5,5,2,3,11,21
"9481",4,4,15,7,1,11,6,12,1,4,9,1,1,11,1,12,1,4,6,5,4,5,0,6,5,2,2,23,26
"9482",5,4,15,7,5,13,12,12,1,4,15,7,1,11,6,12,1,4,0,0,5,3,6,4,6,4,2,27,34
"9483",6,4,15,7,10,13,15,12,1,4,15,7,5,13,12,12,1,5,3,0,3,0,0,5,3,4,2,32,37
"9484",7,8,15,7,10,13,15,15,7,4,15,7,10,13,15,12,1,6,4,3,6,3,0,4,6,1,4,36,46
"9485",8,8,18,7,10,19,18,15,7,8,15,7,10,13,15,15,7,3,0,0,4,5,6,3,6,2,1,39,55
"9486",9,12,18,7,10,24,18,15,7,8,18,7,10,19,18,15,7,4,5,0,5,0,0,4,5,1,1,43,60
"9487",10,15,24,7,10,24,18,16,7,12,18,7,10,24,18,15,7,6,1,3,1,3,0,6,1,2,3,52,61
"9488",11,15,24,7,13,24,24,21,7,15,24,7,10,24,18,16,7,3,0,0,6,1,5,3,6,4,2,55,72
"9489",12,20,24,7,13,24,24,21,7,15,24,7,13,24,24,21,7,1,5,0,1,0,0,5,0,1,0,60,72
"9490",0,0,0,0,0,0,0,0,0,0,0,0,0,0,0,0,0,0,0,0,0,0,0,0,0,0,0,0,0
"9491",1,1,1,4,1,1,5,1,1,1,1,1,1,1,1,1,1,4,3,3,4,3,0,3,4,3,2,3,4
"9492",2,1,4,4,1,1,5,1,2,1,1,4,1,1,5,1,1,3,0,0,4,1,4,3,1,2,4,6,5
"9493",3,1,4,8,1,1,9,1,2,1,4,4,1,1,5,1,2,4,4,0,4,0,0,4,4,3,2,10,9
"9494",4,1,4,8,6,1,9,3,2,1,4,8,1,1,9,1,2,2,1,5,2,1,0,5,2,4,3,15,11
"9495",5,2,4,8,6,4,9,3,2,1,4,8,6,1,9,3,2,1,0,0,3,2,2,1,3,1,1,16,14
"9496",6,2,4,10,6,4,9,5,2,2,4,8,6,4,9,3,2,2,2,0,2,0,0,2,2,3,3,18,16
"9497",7,2,4,15,6,4,9,10,2,2,4,10,6,4,9,5,2,5,5,1,5,1,0,5,5,3,3,23,21
"9498",8,2,5,15,6,8,9,10,2,2,4,15,6,4,9,10,2,1,0,0,4,1,4,1,4,2,1,24,25
"9499",9,2,5,15,10,8,9,10,3,2,5,15,6,8,9,10,2,1,4,0,1,0,0,4,1,4,4,28,26
"9500",10,12,5,15,10,8,9,14,3,2,5,15,10,8,9,10,3,2,4,6,2,4,0,6,4,1,3,38,30
"9501",11,14,5,15,10,13,9,14,3,12,5,15,10,8,9,14,3,2,0,0,6,5,3,2,5,1,1,40,35
"9502",12,14,11,21,10,13,9,14,1,14,5,15,10,13,9,14,3,6,3,0,3,0,0,6,0,3,0,52,33
"9503",0,0,0,0,0,0,0,0,0,0,0,0,0,0,0,0,0,0,0,0,0,0,0,0,0,0,0,0,0
"9504",1,1,1,2,7,1,1,1,2,1,1,1,1,1,1,1,1,1,6,3,1,3,0,6,1,4,4,7,1
"9505",2,1,4,2,7,1,1,1,7,1,1,2,7,1,1,1,2,3,0,0,2,6,5,3,5,2,4,10,6
"9506",3,1,14,2,7,1,1,3,7,1,4,2,7,1,1,1,7,2,6,0,2,0,0,6,2,2,3,20,8
"9507",4,1,14,7,7,1,1,7,7,1,14,2,7,1,1,3,7,1,4,5,1,4,0,5,4,3,3,25,12
"9508",5,1,15,7,7,1,1,7,9,1,14,7,7,1,1,7,7,1,0,0,4,2,3,1,2,2,4,26,14
"9509",6,5,15,7,7,4,1,7,9,1,15,7,7,1,1,7,9,4,3,0,3,0,0,4,3,1,1,30,17
"9510",7,11,15,10,7,8,1,7,9,5,15,7,7,4,1,7,9,6,3,4,3,4,0,6,4,1,1,39,21
"9511",8,11,15,10,10,8,5,7,9,11,15,10,7,8,1,7,9,3,0,0,2,4,4,3,4,4,2,42,25
"9512",9,15,15,10,10,10,5,7,9,11,15,10,10,8,5,7,9,2,4,0,2,0,0,4,2,1,1,46,27
"9513",10,17,15,10,10,10,5,7,14,15,15,10,10,10,5,7,9,3,2,5,3,5,0,2,5,1,4,48,32
"9514",11,20,15,10,10,13,5,7,14,17,15,10,10,10,5,7,14,3,0,0,3,3,1,3,3,1,1,51,35
"9515",12,20,15,10,13,13,5,7,14,20,15,10,10,13,5,7,14,3,1,0,1,0,0,3,0,4,0,54,35
"9516",0,0,0,0,0,0,0,0,0,0,0,0,0,0,0,0,0,0,0,0,0,0,0,0,0,0,0,0,0
"9517",1,1,1,6,1,1,1,3,1,1,1,1,1,1,1,1,1,1,5,2,1,2,0,5,2,3,3,5,2
"9518",2,1,1,7,1,1,6,3,1,1,1,6,1,1,1,3,1,1,0,0,5,6,5,1,5,3,2,6,7
"9519",3,1,7,7,4,1,6,8,1,1,1,7,1,1,6,3,1,6,5,0,5,0,0,6,5,2,3,15,12
"9520",4,6,7,7,4,1,8,8,1,1,7,7,4,1,6,8,1,2,5,1,2,1,0,5,2,1,2,20,14
"9521",5,6,7,7,5,1,10,8,1,6,7,7,4,1,8,8,1,1,0,0,2,2,2,1,2,4,2,21,16
"9522",6,6,9,7,5,1,10,10,1,6,7,7,5,1,10,8,1,2,2,0,2,0,0,2,2,2,3,23,18
"9523",7,6,9,7,10,1,10,10,5,6,9,7,5,1,10,10,1,4,5,3,4,3,0,5,4,4,4,28,22
"9524",8,9,9,7,10,1,16,10,9,6,9,7,10,1,10,10,5,3,0,0,2,6,3,3,6,1,2,31,32
"9525",9,9,9,7,13,1,18,10,9,9,9,7,10,1,16,10,9,2,3,0,2,0,0,3,2,4,2,34,34
"9526",10,9,15,10,13,2,18,10,9,9,9,7,13,1,18,10,9,1,1,6,1,1,0,6,1,2,1,43,35
"9527",11,9,16,10,13,2,18,15,9,9,15,10,13,2,18,10,9,1,0,0,2,5,6,1,5,2,3,44,40
"9528",12,9,18,10,13,2,18,15,9,9,16,10,13,2,18,15,9,2,6,0,6,0,0,2,0,2,0,46,40
"9529",0,0,0,0,0,0,0,0,0,0,0,0,0,0,0,0,0,0,0,0,0,0,0,0,0,0,0,0,0
"9530",1,1,5,1,1,1,2,1,1,1,1,1,1,1,1,1,1,2,1,4,2,1,0,4,1,2,2,4,1
"9531",2,1,5,1,3,1,6,1,1,1,5,1,1,1,2,1,1,2,0,0,4,1,3,2,4,4,2,6,5
"9532",3,1,5,1,6,1,6,1,2,1,5,1,3,1,6,1,1,1,3,0,1,0,0,3,1,4,4,9,6
"9533",4,1,7,1,12,1,6,5,2,1,5,1,6,1,6,1,2,6,5,4,5,4,0,6,4,4,3,17,10
"9534",5,6,7,1,12,3,6,5,2,1,7,1,12,1,6,5,2,5,0,0,4,5,2,5,2,1,1,22,12
"9535",6,11,7,1,12,3,6,5,6,6,7,1,12,3,6,5,2,4,5,0,4,0,0,5,4,1,4,27,16
"9536",7,15,7,1,12,3,6,5,8,11,7,1,12,3,6,5,6,2,4,2,2,2,0,4,2,1,4,31,18
"9537",8,15,7,1,14,8,6,5,8,15,7,1,12,3,6,5,8,2,0,0,1,5,2,2,5,4,1,33,23
"9538",9,15,8,1,14,8,8,5,8,15,7,1,14,8,6,5,8,1,2,0,2,0,0,1,2,2,2,34,25
"9539",10,20,8,1,14,11,8,5,8,15,8,1,14,8,8,5,8,3,5,1,3,1,0,5,3,1,1,39,28
"9540",11,20,9,1,14,11,8,5,10,20,8,1,14,11,8,5,8,1,0,0,2,1,4,1,2,2,4,40,30
"9541",12,24,9,1,14,11,8,5,10,20,9,1,14,11,8,5,10,1,4,0,1,0,0,4,0,1,0,44,30
"9542",0,0,0,0,0,0,0,0,0,0,0,0,0,0,0,0,0,0,0,0,0,0,0,0,0,0,0,0,0
"9543",1,1,1,5,1,5,1,1,1,1,1,1,1,1,1,1,1,4,4,1,4,1,0,4,4,3,1,4,4
"9544",2,1,1,5,2,11,1,1,3,1,1,5,1,5,1,1,1,1,0,0,2,6,2,1,6,4,1,5,12
"9545",3,1,1,5,4,11,1,1,5,1,1,5,2,11,1,1,3,2,2,0,2,0,0,2,2,4,4,7,14
"9546",4,1,6,5,4,11,1,2,5,1,1,5,4,11,1,1,5,1,2,5,1,2,0,5,1,2,3,12,15
"9547",5,3,6,5,4,11,2,2,5,1,6,5,4,11,1,2,5,2,0,0,1,2,1,2,1,1,2,14,16
"9548",6,3,6,7,4,11,2,3,5,3,6,5,4,11,2,2,5,2,1,0,1,0,0,2,1,3,3,16,17
"9549",7,3,6,7,9,11,3,3,5,3,6,7,4,11,2,3,5,1,5,1,1,1,0,5,1,4,2,21,18
"9550",8,3,7,7,9,16,3,3,5,3,6,7,9,11,3,3,5,1,0,0,2,5,4,1,5,2,1,22,23
"9551",9,3,7,7,13,16,3,3,7,3,7,7,9,16,3,3,5,2,4,0,2,0,0,4,2,4,4,26,25
"9552",10,9,7,9,13,16,3,3,9,3,7,7,13,16,3,3,7,2,2,6,2,2,0,6,2,1,4,34,27
"9553",11,9,9,9,13,20,3,3,9,9,7,9,13,16,3,3,9,2,0,0,4,4,3,2,4,2,1,36,31
"9554",12,12,9,9,13,20,3,3,9,9,9,9,13,20,3,3,9,4,3,0,4,0,0,3,0,1,0,39,31
"9555",0,0,0,0,0,0,0,0,0,0,0,0,0,0,0,0,0,0,0,0,0,0,0,0,0,0,0,0,0
"9556",1,5,1,1,1,6,1,1,1,1,1,1,1,1,1,1,1,1,5,4,1,5,0,4,5,1,1,4,5
"9557",2,6,1,1,1,8,1,1,1,5,1,1,1,6,1,1,1,1,0,0,4,2,5,1,2,1,1,5,7
"9558",3,6,1,1,6,8,1,5,1,6,1,1,1,8,1,1,1,4,5,0,4,0,0,5,4,4,3,10,11
"9559",4,6,7,1,8,10,1,5,1,6,1,1,6,8,1,5,1,6,2,1,2,1,0,6,2,2,1,18,13
"9560",5,6,8,1,8,17,7,5,1,6,7,1,8,10,1,5,1,1,0,0,2,6,2,1,6,2,1,19,26
"9561",6,6,10,1,8,19,7,5,1,6,8,1,8,17,7,5,1,2,2,0,2,0,0,2,2,2,1,21,28
"9562",7,6,15,1,8,23,7,5,1,6,10,1,8,19,7,5,1,5,2,4,2,4,0,5,4,2,1,26,32
"9563",8,6,15,1,10,23,7,5,5,6,15,1,8,23,7,5,1,2,0,0,5,1,4,2,4,4,4,28,36
"9564",9,6,15,1,15,23,7,5,6,6,15,1,10,23,7,5,5,5,1,0,1,0,0,5,1,4,4,33,37
"9565",10,6,1,1,20,39,15,5,6,6,15,1,15,23,7,5,6,6,1,5,6,1,0,5,6,4,1,24,99
"9566",11,7,1,1,20,39,18,5,6,6,1,1,20,39,15,5,6,1,0,0,3,2,4,1,3,1,2,25,102
"9567",12,7,3,1,20,39,18,5,6,7,1,1,20,39,18,5,6,2,4,0,4,0,0,2,0,2,0,27,102
"9568",0,0,0,0,0,0,0,0,0,0,0,0,0,0,0,0,0,0,0,0,0,0,0,0,0,0,0,0,0
"9569",1,7,1,1,2,4,1,1,1,1,1,1,1,1,1,1,1,1,6,3,1,3,0,6,3,1,1,7,3
"9570",2,7,2,1,2,4,6,1,1,7,1,1,2,4,1,1,1,1,0,0,5,6,6,1,5,2,2,8,8
"9571",3,15,2,1,2,4,17,1,1,7,2,1,2,4,6,1,1,6,6,0,6,0,0,6,6,1,2,16,19
"9572",4,15,1,1,6,4,25,7,1,15,2,1,2,4,17,1,1,6,3,4,6,3,0,4,6,4,3,19,33
"9573",5,15,1,1,9,8,25,7,1,15,1,1,6,4,25,7,1,3,0,0,4,3,1,3,4,4,1,22,37
"9574",6,15,1,4,9,8,25,7,2,15,1,1,9,8,25,7,1,3,1,0,1,0,0,3,1,3,4,25,38
"9575",7,15,9,4,9,8,1,12,2,15,1,4,9,8,25,7,2,5,6,6,5,6,0,6,5,2,3,33,19
"9576",8,15,9,14,9,13,1,12,2,15,9,4,9,8,1,12,2,6,0,0,5,3,5,6,5,3,1,43,24
"9577",9,15,9,14,14,16,1,12,2,15,9,14,9,13,1,12,2,3,5,0,3,0,0,5,3,4,1,48,27
"9578",10,15,9,14,15,16,1,15,2,15,9,14,14,16,1,12,2,1,3,1,3,1,0,1,3,4,3,49,30
"9579",11,15,9,14,16,19,1,15,2,15,9,14,15,16,1,15,2,1,0,0,3,2,6,1,3,4,1,50,33
"9580",12,15,9,16,16,19,1,15,2,15,9,14,16,19,1,15,2,2,6,0,6,0,0,2,0,3,0,52,33
"9581",0,0,0,0,0,0,0,0,0,0,0,0,0,0,0,0,0,0,0,0,0,0,0,0,0,0,0,0,0
"9582",1,1,6,7,1,1,1,1,5,1,1,1,1,1,1,1,1,4,1,6,4,1,0,6,4,3,4,11,4
"9583",2,1,6,7,2,3,1,1,5,1,6,7,1,1,1,1,5,1,0,0,4,2,6,1,2,4,1,12,6
"9584",3,7,6,8,2,3,1,1,9,1,6,7,2,3,1,1,5,4,6,0,4,0,0,6,4,1,4,19,10
"9585",4,11,6,8,2,3,1,2,9,7,6,8,2,3,1,1,9,4,1,1,1,1,0,4,1,1,3,23,11
"9586",5,11,6,9,2,3,3,2,9,11,6,8,2,3,1,2,9,1,0,0,4,6,2,1,2,3,2,24,13
"9587",6,14,12,9,8,3,3,2,13,11,6,9,2,3,3,2,9,4,6,0,4,0,0,6,4,2,4,39,17
"9588",7,15,12,15,14,3,4,2,13,14,12,9,8,3,3,2,13,6,1,5,1,5,0,6,1,3,2,52,18
"9589",8,15,17,15,14,6,4,2,13,15,12,15,14,3,4,2,13,5,0,0,3,2,1,5,3,2,1,57,21
"9590",9,15,17,15,16,7,4,2,13,15,17,15,14,6,4,2,13,2,1,0,1,0,0,2,1,4,1,59,22
"9591",10,16,17,15,16,9,4,2,13,15,17,15,16,7,4,2,13,1,2,3,2,3,0,1,2,1,1,60,24
"9592",11,19,17,15,16,11,4,2,13,16,17,15,16,9,4,2,13,3,0,0,2,1,6,3,2,1,1,63,26
"9593",12,20,20,15,16,11,4,1,13,19,17,15,16,11,4,2,13,1,6,0,6,0,0,1,0,1,0,67,25
"9594",0,0,0,0,0,0,0,0,0,0,0,0,0,0,0,0,0,0,0,0,0,0,0,0,0,0,0,0,0
"9595",1,1,7,6,1,1,1,1,4,1,1,1,1,1,1,1,1,3,2,6,3,2,0,6,3,2,4,11,3
"9596",2,1,7,6,3,1,1,3,4,1,7,6,1,1,1,1,4,2,0,0,2,1,6,2,2,4,3,13,5
"9597",3,1,13,6,9,2,1,3,4,1,7,6,3,1,1,3,4,1,6,0,1,0,0,6,1,2,1,25,6
"9598",4,4,13,12,9,6,1,3,4,1,13,6,9,2,1,3,4,6,2,4,2,4,0,6,4,3,1,34,10
"9599",5,4,15,12,9,6,1,3,15,4,13,12,9,6,1,3,4,2,0,0,6,1,6,2,6,2,4,36,21
"9600",6,10,15,12,11,7,1,3,15,4,15,12,9,6,1,3,15,1,6,0,1,0,0,6,1,1,1,44,22
"9601",7,16,15,12,17,10,1,3,15,10,15,12,11,7,1,3,15,3,6,2,3,2,0,6,3,1,1,56,25
"9602",8,18,15,12,17,10,1,7,15,16,15,12,17,10,1,3,15,2,0,0,5,4,1,2,4,1,3,58,29
"9603",9,18,15,17,17,11,1,7,15,18,15,12,17,10,1,7,15,5,1,0,1,0,0,5,1,3,1,63,30
"9604",10,18,15,17,22,11,1,9,15,18,15,17,17,11,1,7,15,5,2,6,2,6,0,5,2,4,3,68,32
"9605",11,24,15,17,24,11,4,9,15,18,15,17,22,11,1,9,15,6,0,0,5,3,3,6,3,1,2,76,35
"9606",12,26,15,28,29,1,1,9,15,24,15,17,24,11,4,9,15,5,3,0,3,0,0,5,0,3,0,94,22
"9607",0,0,0,0,0,0,0,0,0,0,0,0,0,0,0,0,0,0,0,0,0,0,0,0,0,0,0,0,0
"9608",1,1,1,4,1,1,4,1,1,1,1,1,1,1,1,1,1,3,3,3,3,3,0,3,3,3,2,3,3
"9609",2,1,1,4,4,1,4,6,1,1,1,4,1,1,4,1,1,3,0,0,6,2,5,3,5,4,3,6,8
"9610",3,1,1,8,10,1,4,8,1,1,1,4,4,1,4,6,1,6,2,0,2,0,0,6,2,4,3,16,10
"9611",4,1,5,8,10,1,4,8,6,1,1,8,10,1,4,8,1,2,5,4,2,5,0,4,5,2,4,20,15
"9612",5,1,5,8,12,1,4,13,6,1,5,8,10,1,4,8,6,2,0,0,5,4,5,2,5,4,3,22,20
"9613",6,1,5,13,12,5,4,13,6,1,5,8,12,1,4,13,6,4,5,0,4,0,0,5,4,3,1,27,24
"9614",7,1,9,13,12,5,6,13,6,1,5,13,12,5,4,13,6,2,1,4,2,1,0,4,2,2,2,31,26
"9615",8,1,9,13,13,9,6,13,6,1,9,13,12,5,6,13,6,1,0,0,2,4,6,1,4,4,1,32,30
"9616",9,7,9,13,17,11,6,13,6,1,9,13,13,9,6,13,6,2,6,0,2,0,0,6,2,1,1,42,32
"9617",10,7,14,13,17,11,6,17,6,7,9,13,17,11,6,13,6,4,3,5,4,3,0,5,4,2,3,47,36
"9618",11,10,14,13,17,11,11,17,6,7,14,13,17,11,6,17,6,3,0,0,6,2,5,3,5,1,2,50,41
"9619",12,21,14,13,17,11,11,17,6,10,14,13,17,11,11,17,6,6,2,0,2,0,0,6,0,1,0,61,41
"9620",0,0,0,0,0,0,0,0,0,0,0,0,0,0,0,0,0,0,0,0,0,0,0,0,0,0,0,0,0
"9621",1,1,5,1,1,3,1,1,1,1,1,1,1,1,1,1,1,4,2,2,2,2,0,4,2,2,1,4,2
"9622",2,3,5,1,1,8,1,1,7,1,5,1,1,3,1,1,1,2,0,0,5,6,5,2,6,1,4,6,13
"9623",3,8,5,1,1,13,1,1,7,3,5,1,1,8,1,1,7,5,5,0,5,0,0,5,5,1,1,11,18
"9624",4,8,5,1,5,14,1,1,7,8,5,1,1,13,1,1,7,4,1,1,1,1,0,4,1,4,1,15,19
"9625",5,8,5,1,6,14,1,4,7,8,5,1,5,14,1,1,7,1,0,0,1,3,3,1,3,4,3,16,22
"9626",6,8,8,1,6,14,2,4,7,8,5,1,6,14,1,4,7,1,3,0,1,0,0,3,1,2,2,19,23
"9627",7,8,8,1,11,15,2,4,13,8,8,1,6,14,2,4,7,5,6,5,6,5,0,5,6,4,4,24,30
"9628",8,8,8,1,16,15,3,4,13,8,8,1,11,15,2,4,13,5,0,0,1,2,1,5,1,4,2,29,31
"9629",9,8,8,3,16,16,3,4,13,8,8,1,16,15,3,4,13,2,1,0,1,0,0,2,1,3,1,31,32
"9630",10,8,12,3,16,16,3,6,13,8,8,3,16,16,3,4,13,2,4,2,2,2,0,4,2,2,3,35,34
"9631",11,8,12,3,18,16,9,10,13,8,12,3,16,16,3,6,13,2,0,0,5,3,6,2,6,4,2,37,44
"9632",12,11,12,3,18,16,9,10,13,8,12,3,18,16,9,10,13,5,3,0,5,0,0,3,0,1,0,40,44
"9633",0,0,0,0,0,0,0,0,0,0,0,0,0,0,0,0,0,0,0,0,0,0,0,0,0,0,0,0,0
"9634",1,1,1,4,1,1,1,1,4,1,1,1,1,1,1,1,1,3,3,4,3,4,0,3,3,3,4,3,3
"9635",2,1,5,4,1,8,1,1,4,1,1,4,1,1,1,1,4,4,0,0,4,6,5,4,6,2,1,7,10
"9636",3,1,5,4,6,12,1,1,4,1,5,4,1,8,1,1,4,4,5,0,4,0,0,5,4,4,1,12,14
"9637",4,1,10,4,6,18,1,1,6,1,5,4,6,12,1,1,4,6,5,3,6,3,0,5,6,2,1,17,22
"9638",5,1,10,4,9,20,1,1,6,1,10,4,6,18,1,1,6,3,0,0,3,2,1,3,2,4,1,20,24
"9639",6,11,10,4,9,1,4,1,6,1,10,4,9,20,1,1,6,3,1,0,3,0,0,1,3,1,2,30,8
"9640",7,11,15,16,9,1,4,5,6,11,10,4,9,1,4,1,6,4,2,6,4,2,0,6,4,3,3,47,12
"9641",8,13,15,16,9,2,4,5,6,11,15,16,9,1,4,5,6,2,0,0,3,1,3,2,1,1,1,49,13
"9642",9,16,15,16,9,2,4,8,6,13,15,16,9,2,4,5,6,3,3,0,3,0,0,3,3,1,3,52,16
"9643",10,19,15,16,9,7,4,8,6,16,15,16,9,2,4,8,6,3,5,2,5,2,0,3,5,1,1,55,21
"9644",11,21,15,16,9,12,10,8,6,19,15,16,9,7,4,8,6,2,0,0,6,6,6,2,6,1,2,57,32
"9645",12,21,15,22,12,12,10,8,6,21,15,16,9,12,10,8,6,6,6,0,6,0,0,6,0,3,0,66,32
"9646",0,0,0,0,0,0,0,0,0,0,0,0,0,0,0,0,0,0,0,0,0,0,0,0,0,0,0,0,0
"9647",1,1,6,1,1,1,1,6,1,1,1,1,1,1,1,1,1,5,4,5,4,5,0,5,5,2,3,5,5
"9648",2,1,6,5,1,3,1,6,1,1,6,1,1,1,1,6,1,4,0,0,2,5,2,4,2,3,1,9,7
"9649",3,1,6,10,1,3,1,6,3,1,6,5,1,3,1,6,1,5,2,0,2,0,0,5,2,3,4,14,9
"9650",4,1,6,10,6,3,1,8,3,1,6,10,1,3,1,6,3,2,4,5,2,4,0,5,2,4,3,19,11
"9651",5,5,6,10,6,3,5,8,3,1,6,10,6,3,1,8,3,4,0,0,4,5,6,4,4,1,2,23,15
"9652",6,9,12,10,6,3,10,8,3,5,6,10,6,3,5,8,3,5,6,0,5,0,0,6,5,2,2,33,20
"9653",7,9,12,10,10,6,10,8,3,9,12,10,6,3,10,8,3,4,3,3,3,3,0,4,3,4,1,37,23
"9654",8,9,12,13,10,6,10,13,3,9,12,10,10,6,10,8,3,3,0,0,5,6,4,3,5,3,3,40,28
"9655",9,9,17,13,16,6,10,17,3,9,12,13,10,6,10,13,3,6,4,0,4,0,0,6,4,4,3,51,32
"9656",10,14,17,13,16,10,10,17,3,9,17,13,16,6,10,17,3,5,4,5,4,5,0,5,4,1,1,56,36
"9657",11,14,17,18,16,12,10,17,3,14,17,13,16,10,10,17,3,5,0,0,2,4,3,5,2,3,1,61,38
"9658",12,17,17,18,16,12,10,17,3,14,17,18,16,12,10,17,3,4,3,0,4,0,0,3,0,1,0,64,38
"9659",0,0,0,0,0,0,0,0,0,0,0,0,0,0,0,0,0,0,0,0,0,0,0,0,0,0,0,0,0
"9660",1,5,7,1,1,5,1,1,1,1,1,1,1,1,1,1,1,3,4,6,3,4,0,6,4,2,1,10,4
"9661",2,8,7,1,1,5,1,1,6,5,7,1,1,5,1,1,1,3,0,0,1,5,6,3,5,1,4,13,9
"9662",3,8,7,1,10,5,1,2,6,8,7,1,1,5,1,1,6,1,6,0,1,0,0,6,1,4,3,22,10
"9663",4,10,13,7,10,5,1,6,6,8,7,1,10,5,1,2,6,1,4,6,1,4,0,6,4,3,3,36,14
"9664",5,11,13,7,10,5,1,6,11,10,13,7,10,5,1,6,6,1,0,0,3,5,4,1,5,1,4,37,19
"9665",6,11,13,7,14,5,4,6,11,11,13,7,10,5,1,6,11,3,4,0,3,0,0,4,3,4,2,41,22
"9666",7,11,13,12,14,5,4,7,11,11,13,7,14,5,4,6,11,1,5,3,1,3,0,5,1,3,3,46,23
"9667",8,11,16,12,14,5,5,7,11,11,13,12,14,5,4,7,11,3,0,0,4,1,3,3,1,2,2,49,24
"9668",9,15,16,12,14,8,5,7,11,11,16,12,14,5,5,7,11,4,3,0,3,0,0,4,3,1,1,53,27
"9669",10,19,16,18,14,9,5,7,11,15,16,12,14,8,5,7,11,6,1,1,1,1,0,6,1,3,1,63,28
"9670",11,20,16,18,14,13,5,7,11,19,16,18,14,9,5,7,11,1,0,0,4,3,2,1,4,1,1,64,32
"9671",12,20,19,18,14,13,5,7,11,20,16,18,14,13,5,7,11,3,2,0,2,0,0,3,0,2,0,67,32
"9672",0,0,0,0,0,0,0,0,0,0,0,0,0,0,0,0,0,0,0,0,0,0,0,0,0,0,0,0,0
"9673",1,1,1,1,6,1,3,1,1,1,1,1,1,1,1,1,1,5,1,2,1,2,0,5,2,4,2,5,2
"9674",2,1,1,1,7,1,3,7,2,1,1,1,6,1,3,1,1,1,0,0,6,1,2,1,6,4,3,6,9
"9675",3,1,3,1,7,1,4,7,2,1,1,1,7,1,3,7,2,1,2,0,1,0,0,2,1,2,2,8,10
"9676",4,1,5,1,7,1,4,11,2,1,3,1,7,1,4,7,2,2,4,2,4,2,0,2,4,2,3,10,14
"9677",5,1,5,1,9,1,10,11,3,1,5,1,7,1,4,11,2,2,0,0,5,5,6,2,6,4,2,12,21
"9678",6,1,10,1,9,1,10,16,3,1,5,1,9,1,10,11,3,5,5,0,5,0,0,5,5,2,3,17,26
"9679",7,1,13,1,9,2,10,16,3,1,10,1,9,1,10,16,3,1,3,3,1,3,0,3,1,2,1,20,27
"9680",8,1,13,1,12,2,10,20,3,1,13,1,9,2,10,16,3,3,0,0,4,2,2,3,4,4,3,23,31
"9681",9,1,15,1,12,4,10,20,3,1,13,1,12,2,10,20,3,2,2,0,2,0,0,2,2,2,1,25,33
"9682",10,1,15,1,17,6,10,20,3,1,15,1,12,4,10,20,3,2,5,3,2,3,0,5,2,4,1,30,35
"9683",11,4,15,1,17,8,16,20,3,1,15,1,17,6,10,20,3,3,0,0,6,6,6,3,6,1,2,33,43
"9684",12,5,15,7,17,8,16,20,3,4,15,1,17,8,16,20,3,6,6,0,6,0,0,6,0,3,0,40,43
"9685",0,0,0,0,0,0,0,0,0,0,0,0,0,0,0,0,0,0,0,0,0,0,0,0,0,0,0,0,0
"9686",1,1,5,1,1,1,5,1,1,1,1,1,1,1,1,1,1,4,4,4,4,4,0,4,4,2,2,4,4
"9687",2,1,9,1,1,5,5,1,1,1,5,1,1,1,5,1,1,4,0,0,4,2,6,4,4,2,1,8,8
"9688",3,9,9,7,1,5,5,1,3,1,9,1,1,5,5,1,1,2,6,0,2,0,0,6,2,3,4,22,10
"9689",4,9,13,7,1,5,5,4,3,9,9,7,1,5,5,1,3,3,2,4,3,2,0,4,3,2,3,26,13
"9690",5,9,13,9,1,5,5,9,3,9,13,7,1,5,5,4,3,2,0,0,4,5,5,2,5,3,3,28,18
"9691",6,13,13,9,1,5,10,9,3,9,13,9,1,5,5,9,3,4,5,0,5,0,0,4,5,1,2,32,23
"9692",7,13,13,11,1,5,10,12,3,13,13,9,1,5,10,9,3,2,2,3,2,3,0,2,3,3,3,34,26
"9693",8,13,13,11,3,5,10,14,3,13,13,11,1,5,10,12,3,2,0,0,2,3,2,2,2,4,3,36,28
"9694",9,13,13,11,6,5,10,16,3,13,13,11,3,5,10,14,3,3,2,0,2,0,0,3,2,4,3,39,30
"9695",10,13,13,17,12,10,10,16,3,13,13,11,6,5,10,16,3,5,3,6,5,3,0,6,5,3,1,51,35
"9696",11,13,16,17,12,13,10,16,3,13,13,17,12,10,10,16,3,3,0,0,3,4,6,3,3,2,1,54,38
"9697",12,13,24,17,12,13,10,16,3,13,16,17,12,13,10,16,3,4,6,0,4,0,0,6,0,2,0,62,38
"9698",0,0,0,0,0,0,0,0,0,0,0,0,0,0,0,0,0,0,0,0,0,0,0,0,0,0,0,0,0
"9699",1,7,1,7,2,1,5,1,1,1,1,1,1,1,1,1,1,6,5,4,5,4,0,6,4,3,2,13,4
"9700",2,7,6,7,2,1,5,6,1,7,1,7,2,1,5,1,1,5,0,0,4,3,5,5,5,2,3,18,9
"9701",3,7,6,11,2,1,5,9,1,7,6,7,2,1,5,6,1,4,3,0,3,0,0,4,3,3,3,22,12
"9702",4,12,6,11,2,1,7,9,1,7,6,11,2,1,5,9,1,5,1,2,1,2,0,5,2,1,2,27,14
"9703",5,12,6,12,2,6,7,9,1,12,6,11,2,1,7,9,1,1,0,0,5,1,4,1,5,3,1,28,19
"9704",6,12,6,12,6,7,7,9,1,12,6,12,2,6,7,9,1,1,4,0,1,0,0,4,1,4,1,32,20
"9705",7,12,12,12,11,7,7,9,5,12,6,12,6,7,7,9,1,5,6,4,5,4,0,6,4,2,4,43,24
"9706",8,12,12,12,16,12,7,9,5,12,12,12,11,7,7,9,5,5,0,0,2,5,3,5,5,4,1,48,29
"9707",9,15,12,12,16,12,9,9,5,12,12,12,16,12,7,9,5,2,3,0,2,0,0,3,2,1,2,51,31
"9708",10,17,12,12,16,14,9,9,5,15,12,12,16,12,9,9,5,2,2,5,2,5,0,2,2,1,1,53,33
"9709",11,17,17,12,16,17,9,9,5,17,12,12,16,14,9,9,5,5,0,0,3,4,2,5,3,2,1,58,36
"9710",12,17,17,12,18,17,9,9,5,17,17,12,16,17,9,9,5,4,2,0,4,0,0,2,0,4,0,60,36
"9711",0,0,0,0,0,0,0,0,0,0,0,0,0,0,0,0,0,0,0,0,0,0,0,0,0,0,0,0,0
"9712",1,1,5,1,1,5,1,1,1,1,1,1,1,1,1,1,1,1,4,4,1,4,0,4,4,2,1,4,4
"9713",2,1,5,1,2,10,1,1,1,1,5,1,1,5,1,1,1,1,0,0,5,3,2,1,5,4,1,5,9
"9714",3,1,8,1,2,12,1,1,1,1,5,1,2,10,1,1,1,3,2,0,2,0,0,3,2,2,1,8,11
"9715",4,1,8,1,7,16,1,1,1,1,8,1,2,12,1,1,1,5,4,5,4,5,0,5,4,4,1,13,15
"9716",5,1,13,1,7,16,5,7,1,1,8,1,7,16,1,1,1,5,0,0,6,3,2,5,6,2,3,18,25
"9717",6,1,13,1,10,16,7,7,1,1,13,1,7,16,5,7,1,3,2,0,2,0,0,3,2,4,2,21,27
"9718",7,1,19,1,12,16,7,9,1,1,13,1,10,16,7,7,1,2,6,1,2,1,0,6,2,2,3,29,29
"9719",8,1,19,2,12,16,13,15,5,1,19,1,12,16,7,9,1,1,0,0,6,2,2,1,6,3,2,30,45
"9720",9,1,21,2,12,18,13,15,5,1,19,2,12,16,13,15,5,2,2,0,2,0,0,2,2,2,1,32,47
"9721",10,1,21,1,12,27,19,15,5,1,21,2,12,18,13,15,5,3,6,1,6,1,0,3,6,3,2,31,62
"9722",11,2,21,1,12,32,19,15,5,1,21,1,12,27,19,15,5,1,0,0,5,4,2,1,5,1,1,32,67
"9723",12,2,25,1,12,32,19,15,5,2,21,1,12,32,19,15,5,4,2,0,2,0,0,4,0,2,0,36,67
"9724",0,0,0,0,0,0,0,0,0,0,0,0,0,0,0,0,0,0,0,0,0,0,0,0,0,0,0,0,0
"9725",1,1,1,1,6,1,1,3,7,1,1,1,1,1,1,1,1,6,5,5,6,5,0,5,6,4,4,5,8
"9726",2,1,6,1,6,2,1,3,7,1,1,1,6,1,1,3,7,5,0,0,1,1,1,5,1,2,1,10,9
"9727",3,1,6,2,6,2,1,4,7,1,6,1,6,2,1,3,7,1,1,0,1,0,0,1,1,3,3,11,10
"9728",4,1,6,7,6,5,1,4,7,1,6,2,6,2,1,4,7,3,5,2,3,2,0,5,3,3,1,16,13
"9729",5,1,6,9,6,5,6,4,7,1,6,7,6,5,1,4,7,2,0,0,6,5,4,2,5,3,2,18,18
"9730",6,3,6,15,6,5,10,4,7,1,6,9,6,5,6,4,7,6,4,0,4,0,0,6,4,3,2,26,22
"9731",7,8,6,15,6,5,14,4,7,3,6,15,6,5,10,4,7,5,4,1,4,1,0,5,4,1,2,31,26
"9732",8,8,7,15,6,5,14,4,12,8,6,15,6,5,14,4,7,1,0,0,5,1,4,1,5,2,4,32,31
"9733",9,8,11,15,6,6,14,4,12,8,7,15,6,5,14,4,12,1,4,0,1,0,0,4,1,2,1,36,32
"9734",10,13,17,15,6,6,14,4,16,8,11,15,6,6,14,4,12,6,2,4,2,4,0,6,4,2,4,47,36
"9735",11,15,17,15,6,6,19,4,16,13,17,15,6,6,14,4,16,2,0,0,6,4,5,2,5,1,2,49,41
"9736",12,15,17,19,6,6,19,4,16,15,17,15,6,6,19,4,16,6,4,0,6,0,0,4,0,3,0,53,41
"9737",0,0,0,0,0,0,0,0,0,0,0,0,0,0,0,0,0,0,0,0,0,0,0,0,0,0,0,0,0
"9738",1,1,1,1,5,1,1,1,5,1,1,1,1,1,1,1,1,1,4,4,1,4,0,4,4,4,4,4,4
"9739",2,1,2,1,5,1,5,1,5,1,1,1,5,1,1,1,5,1,0,0,4,3,3,1,4,2,2,5,8
"9740",3,1,2,1,8,1,5,4,5,1,2,1,5,1,5,1,5,3,3,0,3,0,0,3,3,4,3,8,11
"9741",4,6,2,1,8,6,5,4,5,1,2,1,8,1,5,4,5,5,1,5,1,5,0,5,5,1,1,13,16
"9742",5,7,2,1,8,6,5,4,10,6,2,1,8,6,5,4,5,1,0,0,1,5,1,1,5,1,4,14,21
"9743",6,7,3,1,8,6,6,4,10,7,2,1,8,6,5,4,10,1,1,0,1,0,0,1,1,2,2,15,22
"9744",7,12,3,1,8,6,9,4,10,7,3,1,8,6,6,4,10,3,5,2,3,2,0,5,3,1,2,20,25
"9745",8,14,3,1,8,12,17,4,10,12,3,1,8,6,9,4,10,2,0,0,3,3,6,2,6,1,2,22,39
"9746",9,14,3,1,11,15,17,4,10,14,3,1,8,12,17,4,10,3,3,0,3,0,0,3,3,4,1,25,42
"9747",10,14,3,1,13,19,17,4,10,14,3,1,11,15,17,4,10,2,4,1,4,1,0,2,4,4,1,27,46
"9748",11,14,4,1,13,23,17,4,10,14,3,1,13,19,17,4,10,1,0,0,4,3,6,1,4,2,1,28,50
"9749",12,18,10,1,13,23,17,4,10,14,4,1,13,23,17,4,10,3,6,0,3,0,0,6,0,2,0,38,50
"9750",0,0,0,0,0,0,0,0,0,0,0,0,0,0,0,0,0,0,0,0,0,0,0,0,0,0,0,0,0
"9751",1,1,1,1,3,5,1,1,1,1,1,1,1,1,1,1,1,4,4,2,4,4,0,2,4,4,1,2,4
"9752",2,5,1,1,3,5,6,1,1,1,1,1,3,5,1,1,1,4,0,0,5,6,1,4,5,1,2,6,9
"9753",3,5,5,1,9,5,6,2,1,5,1,1,3,5,6,1,1,6,1,0,1,0,0,6,1,4,3,16,10
"9754",4,5,5,6,9,6,6,2,1,5,5,1,9,5,6,2,1,1,5,1,1,1,0,5,1,3,1,21,11
"9755",5,5,5,6,10,6,6,2,3,5,5,6,9,6,6,2,1,1,0,0,1,2,4,1,2,4,4,22,13
"9756",6,5,5,10,10,6,7,2,3,5,5,6,10,6,6,2,3,1,4,0,1,0,0,4,1,3,2,26,14
"9757",7,5,11,13,10,6,7,2,15,5,5,10,10,6,7,2,3,6,6,2,6,2,0,6,6,2,4,35,26
"9758",8,5,13,13,10,6,13,2,20,5,11,13,10,6,7,2,15,2,0,0,5,6,2,2,6,2,2,37,37
"9759",9,5,13,13,15,6,13,4,20,5,13,13,10,6,13,2,20,5,2,0,2,0,0,5,2,4,3,42,39
"9760",10,10,13,13,15,6,13,4,23,5,13,13,15,6,13,4,20,5,3,1,3,1,0,5,3,1,4,47,42
"9761",11,1,13,13,15,8,13,4,29,10,13,13,15,6,13,4,23,1,0,0,4,6,3,1,6,1,4,38,50
"9762",12,1,17,13,15,8,13,4,29,1,13,13,15,8,13,4,29,4,3,0,3,0,0,4,0,2,0,42,50
"9763",0,0,0,0,0,0,0,0,0,0,0,0,0,0,0,0,0,0,0,0,0,0,0,0,0,0,0,0,0
"9764",1,1,7,3,1,7,1,1,4,1,1,1,1,1,1,1,1,6,6,5,6,5,0,6,6,2,1,8,9
"9765",2,6,7,3,1,7,1,1,5,1,7,3,1,7,1,1,4,5,0,0,1,1,6,5,1,1,4,13,10
"9766",3,6,7,3,10,8,1,1,5,6,7,3,1,7,1,1,5,1,6,0,1,0,0,6,1,4,1,22,11
"9767",4,6,7,3,11,10,1,1,5,6,7,3,10,8,1,1,5,1,1,2,1,2,0,1,2,4,1,23,13
"9768",5,6,7,4,11,10,1,6,5,6,7,3,11,10,1,1,5,1,0,0,4,6,5,1,5,3,3,24,18
"9769",6,6,13,6,11,10,1,6,9,6,7,4,11,10,1,6,5,4,6,0,4,0,0,6,4,2,4,32,22
"9770",7,7,13,12,11,10,1,8,9,6,13,6,11,10,1,6,9,2,1,6,2,1,0,6,2,3,3,39,24
"9771",8,7,13,12,12,10,1,8,12,7,13,12,11,10,1,8,9,1,0,0,3,6,2,1,3,4,4,40,27
"9772",9,14,13,12,12,10,3,8,12,7,13,12,12,10,1,8,12,6,2,0,2,0,0,6,2,1,2,47,29
"9773",10,17,13,12,12,10,7,8,12,14,13,12,12,10,3,8,12,3,4,1,4,1,0,3,4,1,2,50,33
"9774",11,18,13,12,12,12,7,8,12,17,13,12,12,10,7,8,12,1,0,0,2,4,2,1,2,1,1,51,35
"9775",12,22,13,12,12,12,7,8,12,18,13,12,12,12,7,8,12,4,2,0,2,0,0,4,0,1,0,55,35
"9776",0,0,0,0,0,0,0,0,0,0,0,0,0,0,0,0,0,0,0,0,0,0,0,0,0,0,0,0,0
"9777",1,1,6,1,1,1,1,9,1,1,1,1,1,1,1,1,1,6,2,5,6,2,0,5,6,2,3,5,8
"9778",2,1,6,1,3,1,1,9,6,1,6,1,1,1,1,9,1,2,0,0,1,4,5,2,5,4,4,7,13
"9779",3,5,6,1,3,2,1,9,6,1,6,1,3,1,1,9,6,1,4,0,1,0,0,4,1,1,1,11,14
"9780",4,5,6,6,3,8,4,9,6,5,6,1,3,2,1,9,6,5,6,2,6,2,0,5,6,3,1,16,23
"9781",5,5,6,8,3,14,4,14,6,5,6,6,3,8,4,9,6,2,0,0,2,6,3,2,6,3,1,18,34
"9782",6,7,6,8,3,14,7,14,6,5,6,8,3,14,4,14,6,2,3,0,3,0,0,2,3,1,2,20,37
"9783",7,10,6,8,3,20,7,20,6,7,6,8,3,14,7,14,6,1,3,6,1,6,0,3,6,1,1,23,49
"9784",8,10,6,9,3,20,12,20,6,10,6,8,3,20,7,20,6,1,0,0,5,5,5,1,5,3,2,24,54
"9785",9,15,6,9,3,20,12,25,6,10,6,9,3,20,12,20,6,5,5,0,5,0,0,5,5,1,3,29,59
"9786",10,19,6,9,7,20,14,7,6,15,6,9,3,20,12,25,6,2,4,6,2,6,0,4,6,4,3,37,43
"9787",11,19,6,9,9,25,14,7,6,19,6,9,7,20,14,7,6,2,0,0,5,3,1,2,5,4,1,39,48
"9788",12,19,7,9,14,1,14,7,6,19,6,9,9,25,14,7,6,3,1,0,3,0,0,1,0,2,0,45,24
"9789",0,0,0,0,0,0,0,0,0,0,0,0,0,0,0,0,0,0,0,0,0,0,0,0,0,0,0,0,0
"9790",1,1,5,1,1,1,6,1,1,1,1,1,1,1,1,1,1,4,1,5,1,5,0,4,5,2,2,4,5
"9791",2,1,5,2,1,5,6,7,7,1,5,1,1,1,6,1,1,1,0,0,6,4,6,1,6,3,3,5,21
"9792",3,1,11,7,1,9,6,7,7,1,5,2,1,5,6,7,7,4,6,0,4,0,0,6,4,2,1,16,25
"9793",4,1,11,13,11,9,10,7,7,1,11,7,1,9,6,7,7,4,4,6,4,4,0,6,4,3,2,32,29
"9794",5,1,15,13,11,12,10,13,7,1,11,13,11,9,10,7,7,4,0,0,3,4,6,4,6,2,3,36,38
"9795",6,1,15,17,11,15,10,13,7,1,15,13,11,12,10,13,7,3,4,0,3,0,0,4,3,3,1,40,41
"9796",7,1,15,22,11,15,10,16,7,1,15,17,11,15,10,13,7,5,4,3,4,3,0,5,3,3,3,45,44
"9797",8,1,15,22,15,19,10,16,7,1,15,22,11,15,10,16,7,4,0,0,4,3,1,4,4,4,1,49,48
"9798",9,1,16,31,15,19,10,16,2,1,15,22,15,19,10,16,7,3,1,0,1,0,0,3,1,3,4,59,43
"9799",10,1,16,37,18,19,10,17,2,1,16,31,15,19,10,16,2,6,1,4,1,4,0,6,1,3,3,68,44
"9800",11,5,16,37,18,24,10,17,2,1,16,37,18,19,10,17,2,4,0,0,5,3,5,4,5,1,1,72,49
"9801",12,5,19,37,18,24,10,17,2,5,16,37,18,24,10,17,2,3,5,0,5,0,0,3,0,2,0,75,49
"9802",0,0,0,0,0,0,0,0,0,0,0,0,0,0,0,0,0,0,0,0,0,0,0,0,0,0,0,0,0
"9803",1,6,1,1,1,1,2,1,1,1,1,1,1,1,1,1,1,1,5,4,1,4,0,5,1,1,2,5,1
"9804",2,6,1,5,1,1,5,1,1,6,1,1,1,1,2,1,1,4,0,0,3,4,2,4,3,3,2,9,4
"9805",3,6,1,5,5,3,5,1,1,6,1,5,1,1,5,1,1,4,2,0,2,0,0,4,2,4,1,13,6
"9806",4,6,1,5,7,5,5,1,1,6,1,5,5,3,5,1,1,2,2,2,2,2,0,2,2,4,1,15,8
"9807",5,6,3,5,7,6,5,1,1,6,1,5,7,5,5,1,1,2,0,0,1,1,1,2,1,2,1,17,9
"9808",6,6,3,5,8,7,5,1,1,6,3,5,7,6,5,1,1,1,1,0,1,0,0,1,1,4,1,18,10
"9809",7,6,4,5,14,7,5,5,1,6,3,5,8,7,5,1,1,6,6,4,6,4,0,6,4,4,3,25,14
"9810",8,6,13,11,14,10,5,11,1,6,4,5,14,7,5,5,1,6,0,0,2,6,5,6,6,3,3,40,23
"9811",9,11,13,11,14,12,5,11,1,6,13,11,14,10,5,11,1,2,5,0,2,0,0,5,2,1,1,45,25
"9812",10,11,15,11,14,16,5,11,1,11,13,11,14,12,5,11,1,4,6,2,4,6,0,2,4,2,1,47,29
"9813",11,17,16,11,14,19,5,11,1,11,15,11,14,16,5,11,1,6,0,0,6,3,3,6,3,1,1,54,32
"9814",12,17,16,19,20,19,5,11,1,17,16,11,14,19,5,11,1,6,3,0,3,0,0,6,0,3,0,68,32
"9815",0,0,0,0,0,0,0,0,0,0,0,0,0,0,0,0,0,0,0,0,0,0,0,0,0,0,0,0,0
"9816",1,1,1,1,6,1,1,1,3,1,1,1,1,1,1,1,1,2,5,4,2,4,0,5,2,4,4,5,2
"9817",2,1,1,5,6,1,1,1,6,1,1,1,6,1,1,1,3,4,0,0,2,3,3,4,3,3,4,9,5
"9818",3,1,1,8,6,1,3,1,6,1,1,5,6,1,1,1,6,2,3,0,2,0,0,3,2,3,2,12,7
"9819",4,1,6,8,6,4,3,1,6,1,1,8,6,1,3,1,6,2,3,5,2,3,0,5,3,2,1,17,10
"9820",5,1,6,10,6,7,3,1,6,1,6,8,6,4,3,1,6,2,0,0,4,3,4,2,3,3,1,19,13
"9821",6,1,6,14,6,7,3,1,10,1,6,10,6,7,3,1,6,4,4,0,4,0,0,4,4,3,4,23,17
"9822",7,1,11,14,6,7,6,1,10,1,6,14,6,7,3,1,10,5,1,3,1,3,0,5,3,2,2,28,20
"9823",8,1,12,14,6,7,6,4,10,1,11,14,6,7,6,1,10,1,0,0,4,3,3,1,3,2,3,29,23
"9824",9,5,12,14,6,7,6,7,10,1,12,14,6,7,6,4,10,4,3,0,3,0,0,4,3,1,3,33,26
"9825",10,5,13,14,6,7,6,7,18,5,12,14,6,7,6,7,10,1,6,6,6,6,0,1,6,2,4,34,34
"9826",11,15,13,14,6,7,6,7,22,5,13,14,6,7,6,7,18,6,0,0,2,4,3,6,4,1,4,44,38
"9827",12,15,13,14,9,7,6,7,22,15,13,14,6,7,6,7,22,2,3,0,2,0,0,3,0,4,0,47,38
"9828",0,0,0,0,0,0,0,0,0,0,0,0,0,0,0,0,0,0,0,0,0,0,0,0,0,0,0,0,0
"9829",1,1,1,6,1,6,1,1,1,1,1,1,1,1,1,1,1,3,5,5,3,5,0,5,5,3,1,5,5
"9830",2,1,1,9,1,6,7,6,1,1,1,6,1,6,1,1,1,3,0,0,3,6,4,3,6,3,2,8,16
"9831",3,1,5,9,1,6,7,6,4,1,1,9,1,6,7,6,1,3,4,0,3,0,0,4,3,2,4,12,19
"9832",4,1,5,16,1,6,8,6,4,1,5,9,1,6,7,6,4,1,1,6,1,1,0,6,1,3,2,19,20
"9833",5,1,5,16,2,6,8,6,9,1,5,16,1,6,8,6,4,1,0,0,5,5,1,1,5,4,4,20,25
"9834",6,6,5,16,2,6,9,6,9,1,5,16,2,6,8,6,9,5,1,0,1,0,0,5,1,1,2,25,26
"9835",7,6,11,22,3,6,9,8,9,6,5,16,2,6,9,6,9,2,6,2,2,2,0,6,2,3,3,38,28
"9836",8,6,11,22,5,7,9,8,9,6,11,22,3,6,9,8,9,2,0,0,1,2,2,2,1,4,1,40,29
"9837",9,8,11,22,5,7,9,8,11,6,11,22,5,7,9,8,9,2,2,0,2,0,0,2,2,1,4,42,31
"9838",10,13,11,22,11,7,9,8,16,8,11,22,5,7,9,8,11,6,1,5,1,5,0,6,5,4,4,53,36
"9839",11,14,11,22,11,7,9,8,19,13,11,22,11,7,9,8,16,1,0,0,6,3,4,1,3,1,4,54,39
"9840",12,18,11,22,11,7,9,8,19,14,11,22,11,7,9,8,19,6,4,0,6,0,0,4,0,1,0,58,39
"9841",0,0,0,0,0,0,0,0,0,0,0,0,0,0,0,0,0,0,0,0,0,0,0,0,0,0,0,0,0
"9842",1,1,1,6,1,4,1,1,1,1,1,1,1,1,1,1,1,3,1,5,3,1,0,5,3,3,1,5,3
"9843",2,1,1,6,2,4,5,1,1,1,1,6,1,4,1,1,1,1,0,0,4,5,4,1,4,4,2,6,7
"9844",3,1,6,6,2,4,5,1,5,1,1,6,2,4,5,1,1,5,4,0,4,0,0,5,4,2,4,11,11
"9845",4,1,6,6,9,4,7,1,5,1,6,6,2,4,5,1,5,6,2,2,2,2,0,6,2,4,2,18,13
"9846",5,1,6,8,9,8,7,1,5,1,6,6,9,4,7,1,5,2,0,0,1,3,4,2,4,3,1,20,17
"9847",6,1,9,8,9,8,7,1,6,1,6,8,9,8,7,1,5,1,3,0,1,0,0,3,1,2,4,23,18
"9848",7,1,9,11,9,8,10,1,6,1,9,8,9,8,7,1,6,1,3,3,1,3,0,3,3,3,2,26,21
"9849",8,2,9,11,9,12,10,1,6,1,9,11,9,8,10,1,6,1,0,0,4,2,3,1,4,1,1,27,25
"9850",9,2,9,14,9,14,10,1,6,2,9,11,9,12,10,1,6,2,3,0,2,0,0,3,2,3,1,30,27
"9851",10,7,9,14,9,15,10,1,6,2,9,14,9,14,10,1,6,5,1,2,1,2,0,5,1,1,1,35,28
"9852",11,9,9,14,9,17,10,1,6,7,9,14,9,15,10,1,6,2,0,0,2,3,2,2,2,1,1,37,30
"9853",12,9,12,14,9,17,10,1,6,9,9,14,9,17,10,1,6,3,2,0,2,0,0,3,0,2,0,40,30
"9854",0,0,0,0,0,0,0,0,0,0,0,0,0,0,0,0,0,0,0,0,0,0,0,0,0,0,0,0,0
"9855",1,1,6,1,1,1,7,1,7,1,1,1,1,1,1,1,1,5,5,6,5,6,0,5,6,2,2,5,12
"9856",2,1,11,1,1,2,7,1,7,1,6,1,1,1,7,1,7,5,0,0,1,6,2,5,1,2,1,10,13
"9857",3,7,11,1,4,4,7,1,7,1,11,1,1,2,7,1,7,6,2,0,2,0,0,6,2,1,1,19,15
"9858",4,11,11,1,4,4,10,1,7,7,11,1,4,4,7,1,7,3,2,4,3,2,0,4,3,1,2,23,18
"9859",5,11,11,3,4,8,10,1,7,11,11,1,4,4,10,1,7,2,0,0,4,4,6,2,4,3,1,25,22
"9860",6,11,11,4,10,8,14,1,7,11,11,3,4,8,10,1,7,4,6,0,4,0,0,6,4,4,2,32,26
"9861",7,11,15,10,16,8,14,1,10,11,11,4,10,8,14,1,7,6,3,3,3,3,0,6,3,3,4,48,29
"9862",8,11,15,10,19,14,16,1,16,11,15,10,16,8,14,1,10,3,0,0,6,1,1,3,6,4,1,51,43
"9863",9,11,16,10,19,14,17,1,16,11,15,10,19,14,16,1,16,1,1,0,1,0,0,1,1,2,2,52,44
"9864",10,11,18,10,19,16,17,1,16,11,16,10,19,14,17,1,16,2,2,2,2,2,0,2,2,2,1,54,46
"9865",11,13,18,10,19,17,17,1,16,11,18,10,19,16,17,1,16,2,0,0,1,4,4,2,1,1,1,56,47
"9866",12,17,18,10,19,17,17,1,16,13,18,10,19,17,17,1,16,4,4,0,4,0,0,4,0,1,0,60,47
"9867",0,0,0,0,0,0,0,0,0,0,0,0,0,0,0,0,0,0,0,0,0,0,0,0,0,0,0,0,0
"9868",1,1,3,1,1,1,3,1,1,1,1,1,1,1,1,1,1,2,1,2,1,2,0,2,2,2,2,2,2
"9869",2,1,3,1,2,1,11,1,1,1,3,1,1,1,3,1,1,1,0,0,2,2,6,1,6,4,2,3,10
"9870",3,1,3,3,2,1,11,3,1,1,3,1,2,1,11,1,1,2,2,0,2,0,0,2,2,3,3,5,12
"9871",4,1,3,3,6,1,11,6,1,1,3,3,2,1,11,3,1,4,3,4,3,4,0,4,3,4,3,9,15
"9872",5,1,3,7,6,7,12,6,1,1,3,3,6,1,11,6,1,4,0,0,1,6,1,4,6,3,1,13,22
"9873",6,1,4,7,6,7,13,6,1,1,3,7,6,7,12,6,1,1,1,0,1,0,0,1,1,2,2,14,23
"9874",7,6,4,7,6,18,13,6,1,1,4,7,6,7,13,6,1,1,5,6,1,6,0,5,6,1,1,19,34
"9875",8,6,4,7,7,20,13,6,1,6,4,7,6,18,13,6,1,1,0,0,2,5,4,1,2,4,1,20,36
"9876",9,6,4,11,7,20,18,6,1,6,4,7,7,20,13,6,1,5,4,0,5,0,0,4,5,3,2,24,41
"9877",10,10,4,11,7,20,20,6,1,6,4,11,7,20,18,6,1,4,2,3,2,3,0,4,2,1,2,28,43
"9878",11,10,4,11,10,20,20,11,1,10,4,11,7,20,20,6,1,3,0,0,5,3,1,3,5,4,3,31,48
"9879",12,11,4,11,10,20,20,11,1,10,4,11,10,20,20,11,1,3,1,0,3,0,0,1,0,1,0,32,48
"9880",0,0,0,0,0,0,0,0,0,0,0,0,0,0,0,0,0,0,0,0,0,0,0,0,0,0,0,0,0
"9881",1,1,3,1,1,1,3,1,1,1,1,1,1,1,1,1,1,2,2,2,2,2,0,2,2,2,2,2,2
"9882",2,3,3,1,1,6,3,1,1,1,3,1,1,1,3,1,1,2,0,0,5,5,2,2,5,1,1,4,7
"9883",3,8,3,1,1,6,5,1,1,3,3,1,1,6,3,1,1,5,2,0,2,0,0,5,2,1,2,9,9
"9884",4,8,3,1,9,6,10,1,1,8,3,1,1,6,5,1,1,5,6,3,5,3,0,6,5,4,2,17,14
"9885",5,11,3,1,9,6,10,1,2,8,3,1,9,6,10,1,1,3,0,0,1,1,3,3,1,1,4,20,15
"9886",6,11,6,1,9,6,11,1,2,11,3,1,9,6,10,1,2,1,3,0,1,0,0,3,1,2,2,23,16
"9887",7,11,6,1,10,6,13,1,2,11,6,1,9,6,11,1,2,2,1,1,2,1,0,1,2,4,2,24,18
"9888",8,11,6,1,11,6,13,3,2,11,6,1,10,6,13,1,2,1,0,0,3,2,4,1,2,4,3,25,20
"9889",9,11,10,1,11,6,13,6,2,11,6,1,11,6,13,3,2,3,4,0,3,0,0,4,3,2,3,29,23
"9890",10,11,10,3,11,7,13,6,2,11,10,1,11,6,13,6,2,1,1,2,1,1,0,2,1,3,1,31,24
"9891",11,12,10,3,11,7,17,6,2,11,10,3,11,7,13,6,2,1,0,0,4,4,6,1,4,1,2,32,28
"9892",12,12,10,3,15,7,17,6,2,12,10,3,11,7,17,6,2,4,6,0,6,0,0,4,0,4,0,36,28
"9893",0,0,0,0,0,0,0,0,0,0,0,0,0,0,0,0,0,0,0,0,0,0,0,0,0,0,0,0,0
"9894",1,1,1,5,1,1,1,3,1,1,1,1,1,1,1,1,1,4,2,3,2,3,0,4,2,3,3,4,2
"9895",2,1,1,5,4,1,1,3,2,1,1,5,1,1,1,3,1,3,0,0,1,6,3,3,1,4,4,7,3
"9896",3,7,7,10,4,4,1,3,2,1,1,5,4,1,1,3,2,6,3,0,3,0,0,6,3,1,1,24,6
"9897",4,7,7,10,8,4,1,3,3,7,7,10,4,4,1,3,2,3,4,1,3,1,0,4,1,4,4,28,7
"9898",5,7,10,10,8,4,4,3,3,7,7,10,8,4,1,3,3,3,0,0,1,3,6,3,3,2,2,31,10
"9899",6,13,15,10,8,5,4,3,3,7,10,10,8,4,4,3,3,1,6,0,1,0,0,6,1,1,1,42,11
"9900",7,13,15,15,8,11,4,3,8,13,15,10,8,5,4,3,3,5,6,5,6,5,0,5,6,3,1,47,22
"9901",8,13,20,15,8,11,4,6,8,13,15,15,8,11,4,3,8,5,0,0,3,3,3,5,3,2,3,52,25
"9902",9,13,20,18,8,14,4,6,8,13,20,15,8,11,4,6,8,3,3,0,3,0,0,3,3,3,1,55,28
"9903",10,13,20,18,13,20,5,6,8,13,20,18,8,14,4,6,8,5,6,1,6,1,0,5,6,4,1,60,35
"9904",11,14,20,18,13,20,5,6,12,13,20,18,13,20,5,6,8,1,0,0,4,6,1,1,4,1,4,61,39
"9905",12,15,20,18,13,20,5,6,12,14,20,18,13,20,5,6,12,6,1,0,6,0,0,1,0,1,0,62,39
"9906",0,0,0,0,0,0,0,0,0,0,0,0,0,0,0,0,0,0,0,0,0,0,0,0,0,0,0,0,0
"9907",1,1,6,1,1,1,4,1,1,1,1,1,1,1,1,1,1,5,3,1,3,1,0,5,3,2,2,5,3
"9908",2,1,6,2,1,7,4,3,1,1,6,1,1,1,4,1,1,1,0,0,6,5,2,1,6,3,1,6,11
"9909",3,1,6,7,1,9,4,3,1,1,6,2,1,7,4,3,1,5,2,0,2,0,0,5,2,3,1,11,13
"9910",4,5,6,7,1,9,4,7,1,1,6,7,1,9,4,3,1,4,4,5,4,5,0,4,4,1,3,15,17
"9911",5,5,11,7,1,13,4,7,1,5,6,7,1,9,4,7,1,5,0,0,2,4,2,5,4,2,1,20,21
"9912",6,5,11,7,3,13,6,7,1,5,11,7,1,13,4,7,1,2,2,0,2,0,0,2,2,4,2,22,23
"9913",7,5,11,7,6,13,6,7,4,5,11,7,3,13,6,7,1,3,2,3,2,3,0,3,3,4,4,25,26
"9914",8,7,11,7,6,13,6,8,4,5,11,7,6,13,6,7,4,2,0,0,1,6,6,2,1,1,3,27,27
"9915",9,11,11,19,6,16,6,8,10,7,11,7,6,13,6,8,4,6,6,0,6,0,0,6,6,3,4,43,36
"9916",10,14,11,19,6,16,9,8,10,11,11,19,6,16,6,8,10,1,3,3,1,3,0,3,3,1,2,46,39
"9917",11,15,11,19,6,18,9,8,10,14,11,19,6,16,9,8,10,1,0,0,6,2,2,1,2,1,1,47,41
"9918",12,21,11,19,8,18,9,8,10,15,11,19,6,18,9,8,10,6,2,0,2,0,0,6,0,1,0,55,41
"9919",0,0,0,0,0,0,0,0,0,0,0,0,0,0,0,0,0,0,0,0,0,0,0,0,0,0,0,0,0
"9920",1,7,1,7,5,5,1,1,1,1,1,1,1,1,1,1,1,5,6,4,5,4,0,6,4,1,1,16,4
"9921",2,7,1,7,10,5,3,1,1,7,1,7,5,5,1,1,1,5,0,0,1,2,2,5,2,4,2,21,6
"9922",3,8,1,7,10,5,3,1,3,7,1,7,10,5,3,1,1,1,2,0,2,0,0,1,2,1,4,22,8
"9923",4,8,4,7,10,5,5,1,3,8,1,7,10,5,3,1,3,3,2,1,2,1,0,3,2,2,2,25,10
"9924",5,8,4,7,11,5,10,1,3,8,4,7,10,5,5,1,3,1,0,0,5,2,6,1,5,4,2,26,15
"9925",6,8,9,13,11,7,10,1,3,8,4,7,11,5,10,1,3,2,6,0,2,0,0,6,2,3,1,37,17
"9926",7,8,14,13,11,9,10,1,3,8,9,13,11,7,10,1,3,5,2,2,2,2,0,5,2,2,1,42,19
"9927",8,8,16,13,11,9,13,1,3,8,14,13,11,9,10,1,3,2,0,0,3,6,3,2,3,2,2,44,22
"9928",9,19,16,13,11,12,13,1,3,8,16,13,11,9,13,1,3,6,3,0,3,0,0,6,3,1,1,55,25
"9929",10,19,16,18,17,12,13,1,4,19,16,13,11,12,13,1,3,6,1,1,1,1,0,6,1,4,4,66,26
"9930",11,19,17,18,17,17,13,1,4,19,16,18,17,12,13,1,4,1,0,0,5,2,5,1,5,2,1,67,31
"9931",12,24,17,18,17,17,13,1,4,19,17,18,17,17,13,1,4,2,5,0,2,0,0,5,0,1,0,72,31
"9932",0,0,0,0,0,0,0,0,0,0,0,0,0,0,0,0,0,0,0,0,0,0,0,0,0,0,0,0,0
"9933",1,1,6,1,1,7,4,1,1,1,1,1,1,1,1,1,1,6,5,2,6,2,0,5,6,2,1,5,9
"9934",2,1,6,1,3,8,4,1,1,1,6,1,1,7,4,1,1,2,0,0,3,1,4,2,1,4,1,7,10
"9935",3,1,10,1,3,8,4,1,4,1,6,1,3,8,4,1,1,3,4,0,3,0,0,4,3,2,4,11,13
"9936",4,9,10,1,3,11,4,1,4,1,10,1,3,8,4,1,4,6,3,3,3,3,0,6,3,1,1,19,16
"9937",5,9,13,1,3,11,4,5,4,9,10,1,3,11,4,1,4,3,0,0,4,5,5,3,4,2,3,22,20
"9938",6,9,13,1,8,11,4,10,4,9,13,1,3,11,4,5,4,5,5,0,5,0,0,5,5,4,3,27,25
"9939",7,9,13,2,14,11,9,10,4,9,13,1,8,11,4,10,4,5,6,2,5,2,0,6,5,4,2,34,30
"9940",8,11,13,2,14,11,10,10,4,9,13,2,14,11,9,10,4,2,0,0,5,1,3,2,1,1,2,36,31
"9941",9,11,13,7,14,11,13,10,4,11,13,2,14,11,10,10,4,5,3,0,3,0,0,5,3,3,2,41,34
"9942",10,17,16,7,14,17,15,16,4,11,13,7,14,11,13,10,4,2,6,6,2,6,0,6,6,1,3,50,48
"9943",11,17,16,9,14,22,15,16,4,17,16,7,14,17,15,16,4,2,0,0,1,5,1,2,5,3,1,52,53
"9944",12,17,16,9,15,22,15,16,4,17,16,9,14,22,15,16,4,1,1,0,1,0,0,1,0,4,0,53,53
"9945",0,0,0,0,0,0,0,0,0,0,0,0,0,0,0,0,0,0,0,0,0,0,0,0,0,0,0,0,0
"9946",1,1,1,7,5,1,1,4,1,1,1,1,1,1,1,1,1,3,3,6,3,3,0,6,3,3,3,10,3
"9947",2,1,1,10,5,1,5,4,1,1,1,7,5,1,1,4,1,3,0,0,1,4,3,3,4,3,2,13,7
"9948",3,1,1,10,8,2,5,4,1,1,1,10,5,1,5,4,1,1,3,0,1,0,0,3,1,4,1,16,8
"9949",4,1,5,10,8,2,10,4,1,1,1,10,8,2,5,4,1,4,4,5,4,5,0,4,5,2,2,20,13
"9950",5,1,5,10,12,2,10,4,5,1,5,10,8,2,10,4,1,4,0,0,4,4,3,4,4,4,4,24,17
"9951",6,1,9,10,12,2,13,4,5,1,5,10,12,2,10,4,5,4,3,0,3,0,0,4,3,2,2,28,20
"9952",7,1,9,13,12,2,13,4,6,1,9,10,12,2,13,4,5,3,1,4,1,4,0,3,1,3,4,31,21
"9953",8,1,9,17,12,6,13,4,6,1,9,13,12,2,13,4,6,4,0,0,5,4,3,4,4,3,1,35,25
"9954",9,1,14,17,12,6,16,4,6,1,9,17,12,6,13,4,6,5,3,0,3,0,0,5,3,2,2,40,28
"9955",10,7,14,17,13,6,19,4,6,1,14,17,12,6,16,4,6,6,6,3,6,3,0,6,3,1,2,47,31
"9956",11,18,20,17,13,6,24,4,6,7,14,17,13,6,19,4,6,6,0,0,5,1,5,6,5,1,2,64,36
"9957",12,23,20,17,13,6,24,4,6,18,20,17,13,6,24,4,6,1,5,0,1,0,0,5,0,1,0,69,36
"9958",0,0,0,0,0,0,0,0,0,0,0,0,0,0,0,0,0,0,0,0,0,0,0,0,0,0,0,0,0
"9959",1,5,1,1,1,1,1,1,4,1,1,1,1,1,1,1,1,1,4,3,1,3,0,4,3,1,4,4,3
"9960",2,6,1,1,1,3,1,1,4,5,1,1,1,1,1,1,4,1,0,0,2,4,1,1,2,1,1,5,5
"9961",3,6,1,1,5,3,2,1,4,6,1,1,1,3,1,1,4,4,1,0,1,0,0,4,1,4,2,9,6
"9962",4,6,1,5,5,6,2,1,4,6,1,1,5,3,2,1,4,3,4,3,3,3,0,4,3,3,1,13,9
"9963",5,6,1,5,8,6,2,1,5,6,1,5,5,6,2,1,4,3,0,0,4,1,6,3,1,4,4,16,10
"9964",6,12,4,5,8,6,2,5,5,6,1,5,8,6,2,1,5,4,6,0,4,0,0,6,4,1,3,25,14
"9965",7,12,4,10,8,11,2,5,5,12,4,5,8,6,2,5,5,5,1,5,1,5,0,5,5,3,1,30,19
"9966",8,12,5,10,8,17,2,10,5,12,4,10,8,11,2,5,5,1,0,0,4,3,6,1,6,2,1,31,30
"9967",9,12,9,10,8,17,2,10,8,12,5,10,8,17,2,10,5,4,3,0,3,0,0,4,3,2,4,35,33
"9968",10,18,14,10,8,22,2,10,8,12,9,10,8,17,2,10,8,1,5,6,1,5,0,6,5,1,1,46,38
"9969",11,19,14,1,8,30,2,10,8,18,14,10,8,22,2,10,8,1,0,0,5,6,5,1,6,1,1,38,46
"9970",12,19,19,1,8,30,2,10,8,19,14,1,8,30,2,10,8,5,5,0,5,0,0,5,0,2,0,43,46
"9971",0,0,0,0,0,0,0,0,0,0,0,0,0,0,0,0,0,0,0,0,0,0,0,0,0,0,0,0,0
"9972",1,7,2,1,1,4,1,1,1,1,1,1,1,1,1,1,1,3,1,6,3,1,0,6,3,1,1,7,3
"9973",2,8,2,1,1,6,1,1,1,7,2,1,1,4,1,1,1,1,0,0,2,6,4,1,2,1,1,8,5
"9974",3,8,5,1,7,6,1,5,1,8,2,1,1,6,1,1,1,6,4,0,4,0,0,6,4,4,3,17,9
"9975",4,8,5,1,11,6,3,5,1,8,5,1,7,6,1,5,1,2,4,2,2,2,0,4,2,4,2,21,11
"9976",5,10,5,1,11,6,3,9,1,8,5,1,11,6,3,5,1,2,0,0,4,3,1,2,4,1,3,23,15
"9977",6,10,8,1,11,7,3,9,1,10,5,1,11,6,3,9,1,3,1,0,1,0,0,3,1,2,1,26,16
"9978",7,12,8,7,11,10,3,9,1,10,8,1,11,7,3,9,1,3,6,1,3,1,0,6,3,3,1,34,19
"9979",8,13,8,7,11,13,3,9,1,12,8,7,11,10,3,9,1,1,0,0,1,6,3,1,3,1,1,35,22
"9980",9,16,8,13,11,13,3,10,1,13,8,7,11,13,3,9,1,1,6,0,1,0,0,6,1,3,3,44,23
"9981",10,16,12,13,11,15,3,10,1,16,8,13,11,13,3,10,1,2,4,3,2,3,0,4,2,2,1,48,25
"9982",11,16,15,13,11,16,3,10,1,16,12,13,11,15,3,10,1,3,0,0,1,2,3,3,1,2,1,51,26
"9983",12,16,15,13,13,16,3,10,1,16,15,13,11,16,3,10,1,2,3,0,3,0,0,2,0,4,0,53,26
"9984",0,0,0,0,0,0,0,0,0,0,0,0,0,0,0,0,0,0,0,0,0,0,0,0,0,0,0,0,0
"9985",1,1,6,1,1,1,1,1,5,1,1,1,1,1,1,1,1,4,4,5,4,4,0,5,4,2,4,5,4
"9986",2,1,6,5,1,2,1,1,5,1,6,1,1,1,1,1,5,4,0,0,5,4,1,4,1,3,1,9,5
"9987",3,5,6,5,1,2,1,1,10,1,6,5,1,2,1,1,5,5,4,0,5,0,0,4,5,1,4,13,10
"9988",4,5,12,10,1,2,1,1,14,5,6,5,1,2,1,1,10,6,4,1,4,1,0,6,4,2,4,24,14
"9989",5,5,12,11,1,2,1,1,18,5,12,10,1,2,1,1,14,1,0,0,4,3,1,1,4,3,4,25,18
"9990",6,5,12,14,1,3,1,1,18,5,12,11,1,2,1,1,18,3,1,0,1,0,0,3,1,3,1,28,19
"9991",7,11,12,14,12,3,1,1,21,5,12,14,1,3,1,1,18,6,4,3,4,3,0,6,3,4,4,45,22
"9992",8,15,12,14,12,3,1,1,22,11,12,14,12,3,1,1,21,4,0,0,1,2,1,4,1,1,4,49,23
"9993",9,15,14,14,12,4,1,1,22,15,12,14,12,3,1,1,22,2,1,0,1,0,0,2,1,2,1,51,24
"9994",10,19,20,14,18,4,1,1,23,15,14,14,12,4,1,1,22,6,1,5,1,5,0,6,1,4,4,67,25
"9995",11,19,20,19,18,5,1,1,23,19,20,14,18,4,1,1,23,5,0,0,2,1,6,5,1,3,1,72,26
"9996",12,19,22,19,18,5,1,1,23,19,20,19,18,5,1,1,23,2,6,0,6,0,0,2,0,2,0,74,26
"9997",0,0,0,0,0,0,0,0,0,0,0,0,0,0,0,0,0,0,0,0,0,0,0,0,0,0,0,0,0
"9998",1,1,1,1,5,1,6,1,1,1,1,1,1,1,1,1,1,4,5,3,5,3,0,4,5,4,2,4,5
"9999",2,4,1,1,5,2,6,1,1,1,1,1,5,1,6,1,1,3,0,0,1,2,4,3,1,1,1,7,6
"10000",3,4,1,5,5,2,8,1,1,4,1,1,5,2,6,1,1,2,4,0,2,0,0,4,2,3,2,11,8
"10001",4,4,1,5,9,5,8,1,1,4,1,5,5,2,8,1,1,1,4,3,1,3,0,4,3,4,1,15,11
"10002",5,4,2,5,9,9,8,1,1,4,1,5,9,5,8,1,1,1,0,0,3,4,6,1,4,2,1,16,15
"10003",6,7,2,5,15,12,8,1,1,4,2,5,9,9,8,1,1,3,6,0,3,0,0,6,3,4,1,25,18
"10004",7,7,2,7,15,14,8,1,1,7,2,5,15,12,8,1,1,2,4,2,4,2,0,2,2,3,1,27,20
"10005",8,7,2,7,19,14,9,1,1,7,2,7,15,14,8,1,1,4,0,0,3,1,3,4,1,4,2,31,21
"10006",9,7,5,7,19,17,9,1,1,7,2,7,19,14,9,1,1,3,3,0,3,0,0,3,3,2,1,34,24
"10007",10,7,10,7,19,20,9,1,1,7,5,7,19,17,9,1,1,3,3,5,3,3,0,5,3,2,1,39,27
"10008",11,10,10,7,19,20,11,1,1,7,10,7,19,20,9,1,1,3,0,0,6,2,1,3,2,1,2,42,29
"10009",12,15,10,13,19,20,11,1,1,10,10,7,19,20,11,1,1,6,1,0,1,0,0,6,0,3,0,53,29
"10010",0,0,0,0,0,0,0,0,0,0,0,0,0,0,0,0,0,0,0,0,0,0,0,0,0,0,0,0,0
"10011",1,6,1,1,1,2,1,1,1,1,1,1,1,1,1,1,1,5,2,1,2,1,0,5,1,1,1,5,1
"10012",2,8,1,1,1,2,1,5,1,6,1,1,1,2,1,1,1,2,0,0,6,4,1,2,4,1,3,7,5
"10013",3,8,7,6,1,2,2,5,1,8,1,1,1,2,1,5,1,6,1,0,1,0,0,6,1,2,2,18,6
"10014",4,8,7,6,9,2,2,5,11,8,7,6,1,2,2,5,1,6,3,6,3,6,0,6,6,4,4,26,16
"10015",5,8,10,6,9,2,2,8,11,8,7,6,9,2,2,5,11,3,0,0,6,1,3,3,3,2,3,29,19
"10016",6,14,15,12,9,2,2,9,11,8,10,6,9,2,2,8,11,6,1,0,1,0,0,6,1,1,3,46,20
"10017",7,14,15,12,14,2,6,9,11,14,15,12,9,2,2,9,11,1,4,5,1,4,0,5,4,4,2,51,24
"10018",8,15,15,12,14,2,7,9,17,14,15,12,14,2,6,9,11,1,0,0,6,2,3,1,6,1,4,52,31
"10019",9,17,15,12,14,2,10,9,17,15,15,12,14,2,7,9,17,2,3,0,3,0,0,2,3,1,2,54,34
"10020",10,17,15,17,14,4,10,9,17,17,15,12,14,2,10,9,17,5,2,6,2,6,0,5,2,3,1,59,36
"10021",11,17,21,18,14,4,10,9,19,17,15,17,14,4,10,9,17,6,0,0,2,5,4,6,2,2,4,66,38
"10022",12,17,25,18,14,4,10,9,19,17,21,18,14,4,10,9,19,5,4,0,5,0,0,4,0,2,0,70,38
"10023",0,0,0,0,0,0,0,0,0,0,0,0,0,0,0,0,0,0,0,0,0,0,0,0,0,0,0,0,0
"10024",1,4,1,1,1,1,6,1,1,1,1,1,1,1,1,1,1,3,5,2,5,2,0,3,5,1,2,3,5
"10025",2,6,1,1,1,1,6,1,2,4,1,1,1,1,6,1,1,2,0,0,1,1,3,2,1,1,4,5,6
"10026",3,6,1,1,4,1,6,2,2,6,1,1,1,1,6,1,2,1,3,0,1,0,0,3,1,4,3,8,7
"10027",4,12,1,3,4,1,8,2,2,6,1,1,4,1,6,2,2,1,6,2,1,2,0,6,2,1,2,16,9
"10028",5,13,1,3,4,1,8,2,7,12,1,3,4,1,8,2,2,1,0,0,6,4,5,1,5,1,4,17,14
"10029",6,14,7,3,4,1,12,2,7,13,1,3,4,1,8,2,7,6,4,0,4,0,0,6,4,2,2,24,18
"10030",7,14,7,7,4,3,12,2,7,14,7,3,4,1,12,2,7,3,2,4,3,2,0,4,2,3,1,28,20
"10031",8,14,7,7,7,6,12,2,7,14,7,7,4,3,12,2,7,3,0,0,4,3,1,3,3,4,1,31,23
"10032",9,14,11,7,7,6,12,2,8,14,7,7,7,6,12,2,7,4,1,0,1,0,0,4,1,2,4,35,24
"10033",10,14,16,13,7,8,12,2,8,14,11,7,7,6,12,2,8,2,6,5,2,5,0,6,2,3,1,46,26
"10034",11,14,16,18,7,8,14,2,8,14,16,13,7,8,12,2,8,5,0,0,1,2,5,5,2,3,2,51,28
"10035",12,14,16,19,7,8,14,2,8,14,16,18,7,8,14,2,8,1,5,0,5,0,0,1,0,3,0,52,28
"10036",0,0,0,0,0,0,0,0,0,0,0,0,0,0,0,0,0,0,0,0,0,0,0,0,0,0,0,0,0
"10037",1,1,1,4,1,6,1,1,1,1,1,1,1,1,1,1,1,5,1,3,5,1,0,3,5,3,1,3,5
"10038",2,1,2,4,1,6,1,5,1,1,1,4,1,6,1,1,1,1,0,0,4,6,6,1,4,2,3,4,9
"10039",3,7,5,4,1,9,7,5,1,1,2,4,1,6,1,5,1,6,6,0,6,0,0,6,6,1,2,13,18
"10040",4,7,5,4,6,9,7,8,7,7,5,4,1,9,7,5,1,6,1,5,6,1,0,5,6,4,4,18,27
"10041",5,7,5,5,6,9,7,8,12,7,5,4,6,9,7,8,7,1,0,0,5,2,4,1,5,3,4,19,32
"10042",6,11,5,5,6,11,7,8,12,7,5,5,6,9,7,8,12,2,4,0,2,0,0,4,2,1,1,23,34
"10043",7,21,5,5,6,11,16,8,12,11,5,5,6,11,7,8,12,6,6,5,6,5,0,6,6,1,2,33,43
"10044",8,32,5,5,6,1,16,4,12,21,5,5,6,11,16,8,12,5,0,0,3,6,4,5,3,1,3,44,29
"10045",9,39,9,5,6,5,16,4,12,32,5,5,6,1,16,4,12,6,4,0,4,0,0,6,4,1,1,93,33
"10046",10,39,14,5,6,9,16,4,12,39,9,5,6,5,16,4,12,5,4,1,4,1,0,5,4,2,1,98,37
"10047",11,39,15,5,6,11,16,4,12,39,14,5,6,9,16,4,12,1,0,0,2,3,6,1,2,2,1,99,39
"10048",12,39,15,5,9,11,16,4,12,39,15,5,6,11,16,4,12,3,6,0,6,0,0,3,0,4,0,102,39
"10049",0,0,0,0,0,0,0,0,0,0,0,0,0,0,0,0,0,0,0,0,0,0,0,0,0,0,0,0,0
"10050",1,7,1,3,1,1,1,3,1,1,1,1,1,1,1,1,1,2,1,6,2,1,0,6,2,1,3,8,2
"10051",2,7,1,4,1,1,1,4,1,7,1,3,1,1,1,3,1,1,0,0,6,1,3,1,1,3,3,9,3
"10052",3,7,9,4,1,1,1,7,1,7,1,4,1,1,1,4,1,6,3,0,3,0,0,6,3,2,3,17,6
"10053",4,7,9,9,7,1,3,7,1,7,9,4,1,1,1,7,1,2,1,6,2,1,0,6,2,4,2,28,8
"10054",5,7,9,10,7,1,8,7,1,7,9,9,7,1,3,7,1,1,0,0,5,3,5,1,5,3,2,29,13
"10055",6,7,14,10,7,4,8,7,1,7,9,10,7,1,8,7,1,3,5,0,3,0,0,5,3,2,1,34,16
"10056",7,7,14,15,7,4,14,11,1,7,14,10,7,4,8,7,1,4,6,5,4,6,0,5,6,3,2,39,26
"10057",8,11,14,15,7,4,15,11,1,7,14,15,7,4,14,11,1,4,0,0,1,5,1,4,1,1,2,43,27
"10058",9,11,14,15,12,4,15,12,1,11,14,15,7,4,15,11,1,5,1,0,1,0,0,5,1,4,3,48,28
"10059",10,17,14,15,13,8,15,12,1,11,14,15,12,4,15,12,1,4,6,4,4,4,0,6,4,1,1,55,32
"10060",11,17,18,15,13,12,15,12,1,17,14,15,13,8,15,12,1,4,0,0,4,3,3,4,4,2,1,59,36
"10061",12,17,18,15,16,12,15,12,1,17,18,15,13,12,15,12,1,3,3,0,3,0,0,3,0,4,0,62,36
"10062",0,0,0,0,0,0,0,0,0,0,0,0,0,0,0,0,0,0,0,0,0,0,0,0,0,0,0,0,0
"10063",1,1,5,1,1,4,7,1,7,1,1,1,1,1,1,1,1,1,4,6,1,6,0,4,6,2,4,4,15
"10064",2,1,5,2,1,8,7,1,7,1,5,1,1,4,7,1,7,1,0,0,4,5,5,1,4,3,1,5,19
"10065",3,1,5,7,1,13,7,1,7,1,5,2,1,8,7,1,7,5,5,0,5,0,0,5,5,3,1,10,24
"10066",4,1,7,7,1,13,7,1,11,1,5,7,1,13,7,1,7,4,1,2,4,1,0,2,4,2,4,12,28
"10067",5,1,8,7,1,13,13,7,16,1,7,7,1,13,7,1,11,1,0,0,4,6,4,1,6,2,2,13,45
"10068",6,5,8,7,1,13,17,7,16,1,8,7,1,13,13,7,16,4,4,0,4,0,0,4,4,1,2,17,49
"10069",7,5,8,8,1,16,17,7,16,5,8,7,1,13,17,7,16,3,4,1,3,4,0,1,3,3,1,18,52
"10070",8,5,8,12,1,20,17,7,16,5,8,8,1,16,17,7,16,4,0,0,4,4,3,4,4,3,1,22,56
"10071",9,5,8,12,4,20,21,7,16,5,8,12,1,20,17,7,16,4,3,0,4,0,0,3,4,4,2,25,60
"10072",10,5,8,15,4,21,21,7,16,5,8,12,4,20,21,7,16,3,1,3,1,3,0,3,1,3,1,28,61
"10073",11,5,11,15,4,26,21,7,16,5,8,15,4,21,21,7,16,3,0,0,5,5,4,3,5,2,1,31,66
"10074",12,5,11,20,4,26,21,7,16,5,11,15,4,26,21,7,16,5,4,0,4,0,0,5,0,3,0,36,66
"10075",0,0,0,0,0,0,0,0,0,0,0,0,0,0,0,0,0,0,0,0,0,0,0,0,0,0,0,0,0
"10076",1,1,1,5,1,6,1,1,1,1,1,1,1,1,1,1,1,5,5,4,5,5,0,4,5,3,1,4,5
"10077",2,1,1,5,6,6,4,1,1,1,1,5,1,6,1,1,1,5,0,0,3,5,2,5,3,4,2,9,8
"10078",3,1,6,5,6,8,4,1,1,1,1,5,6,6,4,1,1,5,2,0,2,0,0,5,2,2,1,14,10
"10079",4,6,6,5,6,8,12,7,1,1,6,5,6,8,4,1,1,5,6,1,6,1,0,5,6,1,3,19,24
"10080",5,6,6,6,6,8,12,9,1,6,6,5,6,8,12,7,1,1,0,0,2,1,1,1,2,3,3,20,26
"10081",6,6,6,6,7,8,12,9,2,6,6,6,6,8,12,9,1,1,1,0,1,0,0,1,1,4,4,21,27
"10082",7,6,11,6,7,8,12,9,5,6,6,6,7,8,12,9,2,3,1,5,3,1,0,5,3,2,4,26,30
"10083",8,6,11,6,8,14,12,13,5,6,11,6,7,8,12,9,5,1,0,0,2,6,6,1,6,4,1,27,40
"10084",9,6,16,6,14,14,12,15,5,6,11,6,8,14,12,13,5,2,6,0,2,0,0,6,2,4,3,38,42
"10085",10,11,16,6,14,14,12,15,9,6,16,6,14,14,12,15,5,5,1,4,1,4,0,5,4,1,4,43,46
"10086",11,12,16,6,14,19,12,15,9,11,16,6,14,14,12,15,9,1,0,0,5,3,1,1,5,1,1,44,51
"10087",12,12,17,6,14,19,12,15,9,12,16,6,14,19,12,15,9,3,1,0,3,0,0,1,0,2,0,45,51
"10088",0,0,0,0,0,0,0,0,0,0,0,0,0,0,0,0,0,0,0,0,0,0,0,0,0,0,0,0,0
"10089",1,1,1,6,7,5,1,1,1,1,1,1,1,1,1,1,1,4,6,6,4,6,0,6,4,4,1,11,4
"10090",2,1,7,6,12,6,1,1,1,1,1,6,7,5,1,1,1,6,0,0,1,6,2,6,1,2,1,22,5
"10091",3,7,7,12,14,6,1,3,1,1,7,6,12,6,1,1,1,6,2,0,2,0,0,6,2,1,3,36,7
"10092",4,7,10,12,14,11,1,3,1,7,7,12,14,6,1,3,1,1,3,5,1,5,0,3,5,2,1,39,12
"10093",5,7,10,13,14,11,1,6,1,7,10,12,14,11,1,3,1,1,0,0,3,4,1,1,3,3,3,40,15
"10094",6,11,10,13,14,12,1,6,1,7,10,13,14,11,1,6,1,4,1,0,1,0,0,4,1,1,1,44,16
"10095",7,11,12,13,14,12,1,6,3,11,10,13,14,12,1,6,1,2,4,2,4,2,0,2,2,2,4,46,18
"10096",8,15,12,13,14,12,1,12,7,11,12,13,14,12,1,6,3,4,0,0,1,6,5,4,6,1,3,50,28
"10097",9,15,13,13,14,12,1,12,12,15,12,13,14,12,1,12,7,1,5,0,5,0,0,1,5,2,4,51,33
"10098",10,15,13,15,14,16,1,12,12,15,13,13,14,12,1,12,12,1,2,4,1,4,0,2,4,3,1,53,37
"10099",11,16,13,15,14,19,1,12,12,15,13,15,14,16,1,12,12,1,0,0,3,3,5,1,3,1,1,54,40
"10100",12,16,16,15,14,19,1,12,12,16,13,15,14,19,1,12,12,3,5,0,5,0,0,3,0,2,0,57,40
"10101",0,0,0,0,0,0,0,0,0,0,0,0,0,0,0,0,0,0,0,0,0,0,0,0,0,0,0,0,0
"10102",1,1,1,1,6,1,1,4,1,1,1,1,1,1,1,1,1,1,5,3,1,3,0,5,3,4,3,5,3
"10103",2,2,1,1,6,1,1,4,2,1,1,1,6,1,1,4,1,1,0,0,1,5,1,1,1,1,4,6,4
"10104",3,2,1,6,6,1,2,4,2,2,1,1,6,1,1,4,2,5,1,0,1,0,0,5,1,3,2,11,5
"10105",4,2,6,6,6,1,2,4,5,2,1,6,6,1,2,4,2,5,1,3,1,3,0,5,3,2,4,16,8
"10106",5,2,6,6,7,1,2,7,5,2,6,6,6,1,2,4,5,1,0,0,1,6,3,1,3,4,3,17,11
"10107",6,8,6,6,12,1,2,8,5,2,6,6,7,1,2,7,5,1,6,0,1,0,0,6,1,1,3,28,12
"10108",7,8,11,12,12,1,5,8,5,8,6,6,12,1,2,8,5,3,1,6,3,1,0,6,3,3,2,39,15
"10109",8,9,11,12,12,1,5,12,5,8,11,12,12,1,5,8,5,1,0,0,4,3,1,1,4,1,3,40,19
"10110",9,9,11,15,12,1,5,12,6,9,11,12,12,1,5,12,5,3,1,0,1,0,0,3,1,3,4,43,20
"10111",10,12,11,15,12,3,5,12,6,9,11,15,12,1,5,12,6,3,2,2,2,2,0,3,2,1,1,46,22
"10112",11,14,11,15,12,5,5,18,6,12,11,15,12,3,5,12,6,2,0,0,6,6,6,2,6,1,3,48,30
"10113",12,20,16,15,12,5,5,18,6,14,11,15,12,5,5,18,6,6,6,0,6,0,0,6,0,1,0,59,30
"10114",0,0,0,0,0,0,0,0,0,0,0,0,0,0,0,0,0,0,0,0,0,0,0,0,0,0,0,0,0
"10115",1,6,1,1,1,5,7,1,1,1,1,1,1,1,1,1,1,5,5,6,5,6,0,5,6,1,2,5,10
"10116",2,11,1,1,1,5,7,3,1,6,1,1,1,5,7,1,1,5,0,0,2,5,6,5,2,1,3,10,12
"10117",3,11,1,6,7,5,7,3,6,11,1,1,1,5,7,3,1,5,6,0,5,0,0,6,5,4,4,21,17
"10118",4,11,1,9,7,5,7,4,6,11,1,6,7,5,7,3,6,2,1,3,2,1,0,3,1,3,3,24,18
"10119",5,11,3,9,7,7,7,4,6,11,1,9,7,5,7,4,6,2,0,0,2,2,5,2,2,2,1,26,20
"10120",6,11,8,9,7,7,9,4,6,11,3,9,7,7,7,4,6,2,5,0,2,0,0,5,2,2,2,31,22
"10121",7,11,14,9,10,7,10,4,6,11,8,9,7,7,9,4,6,1,1,6,1,1,0,6,1,2,2,40,23
"10122",8,11,14,9,11,7,15,4,6,11,14,9,10,7,10,4,6,1,0,0,3,2,5,1,5,4,2,41,28
"10123",9,11,14,12,11,9,15,4,6,11,14,9,11,7,15,4,6,3,2,0,2,0,0,3,2,3,1,44,30
"10124",10,14,14,12,11,11,15,4,6,11,14,12,11,9,15,4,6,3,2,2,2,2,0,3,2,1,1,47,32
"10125",11,14,14,14,11,15,15,4,6,14,14,12,11,11,15,4,6,2,0,0,4,6,1,2,4,3,1,49,36
"10126",12,14,14,19,17,15,15,4,6,14,14,14,11,15,15,4,6,6,1,0,1,0,0,6,0,4,0,60,36
"10127",0,0,0,0,0,0,0,0,0,0,0,0,0,0,0,0,0,0,0,0,0,0,0,0,0,0,0,0,0
"10128",1,1,1,6,1,3,1,1,1,1,1,1,1,1,1,1,1,1,2,5,1,2,0,5,2,3,1,5,2
"10129",2,1,1,6,2,3,5,1,1,1,1,6,1,3,1,1,1,1,0,0,2,3,4,1,4,4,2,6,6
"10130",3,1,1,6,5,3,5,3,1,1,1,6,2,3,5,1,1,2,3,0,2,0,0,3,2,4,3,9,8
"10131",4,1,1,10,11,3,10,3,1,1,1,6,5,3,5,3,1,4,6,5,4,5,0,6,5,4,2,19,13
"10132",5,1,1,10,15,9,10,8,1,1,1,10,11,3,10,3,1,4,0,0,6,6,5,4,6,4,1,23,24
"10133",6,1,1,12,21,14,10,8,1,1,1,10,15,9,10,8,1,6,5,0,5,0,0,6,5,4,1,31,29
"10134",7,3,1,12,21,14,10,9,1,1,1,12,21,14,10,8,1,1,2,1,1,1,0,2,1,1,3,33,30
"10135",8,3,1,13,21,14,10,13,1,3,1,12,21,14,10,9,1,1,0,0,3,4,6,1,4,3,3,34,34
"10136",9,3,6,13,27,17,10,13,1,3,1,13,21,14,10,13,1,3,6,0,3,0,0,6,3,4,1,45,37
"10137",10,4,6,13,37,17,15,1,1,3,6,13,27,17,10,13,1,1,4,5,1,5,0,4,5,4,2,56,30
"10138",11,5,6,13,37,19,15,1,1,4,6,13,37,17,15,1,1,1,0,0,2,1,2,1,2,1,1,57,32
"10139",12,5,9,13,39,19,15,1,1,5,6,13,37,19,15,1,1,1,2,0,1,0,0,2,0,4,0,100,32
"10140",0,0,0,0,0,0,0,0,0,0,0,0,0,0,0,0,0,0,0,0,0,0,0,0,0,0,0,0,0
"10141",1,6,1,1,1,1,7,1,7,1,1,1,1,1,1,1,1,5,6,3,6,3,0,5,6,1,2,5,12
"10142",2,6,1,4,1,1,10,1,7,6,1,1,1,1,7,1,7,3,0,0,3,3,3,3,3,3,2,8,15
"10143",3,9,1,4,1,1,13,1,7,6,1,4,1,1,10,1,7,3,3,0,3,0,0,3,3,1,2,11,18
"10144",4,9,1,4,6,6,13,1,7,9,1,4,1,1,13,1,7,3,5,5,3,5,0,5,5,4,1,16,23
"10145",5,9,1,7,6,9,13,1,7,9,1,4,6,6,13,1,7,3,0,0,3,4,2,3,3,3,1,19,26
"10146",6,9,5,7,6,11,13,1,7,9,1,7,6,9,13,1,7,4,2,0,2,0,0,4,2,2,1,23,28
"10147",7,9,9,7,6,11,14,1,13,9,5,7,6,11,13,1,7,4,1,6,1,6,0,4,6,2,4,27,35
"10148",8,9,9,8,6,11,19,1,13,9,9,7,6,11,14,1,13,1,0,0,5,1,1,1,5,3,2,28,40
"10149",9,10,9,8,6,12,19,1,13,9,9,8,6,11,19,1,13,1,1,0,1,0,0,1,1,1,1,29,41
"10150",10,14,9,8,6,15,19,1,13,10,9,8,6,12,19,1,13,3,4,2,3,2,0,4,3,1,1,33,44
"10151",11,14,9,8,8,19,19,1,13,14,9,8,6,15,19,1,13,2,0,0,4,1,4,2,4,4,1,35,48
"10152",12,15,9,8,8,19,19,1,13,14,9,8,8,19,19,1,13,1,4,0,4,0,0,1,0,1,0,36,48
"10153",0,0,0,0,0,0,0,0,0,0,0,0,0,0,0,0,0,0,0,0,0,0,0,0,0,0,0,0,0
"10154",1,1,1,6,1,1,5,1,1,1,1,1,1,1,1,1,1,1,4,5,1,4,0,5,4,3,2,5,4
"10155",2,2,1,6,1,4,5,1,1,1,1,6,1,1,5,1,1,1,0,0,3,6,1,1,3,1,1,6,7
"10156",3,3,1,6,7,4,5,2,1,2,1,6,1,4,5,1,1,6,1,0,1,0,0,6,1,4,3,13,8
"10157",4,3,1,6,10,4,5,4,1,3,1,6,7,4,5,2,1,2,1,3,2,1,0,3,2,4,3,16,10
"10158",5,3,2,6,10,4,6,4,7,3,1,6,10,4,5,4,1,1,0,0,5,6,2,1,6,2,4,17,17
"10159",6,3,7,6,10,4,6,4,9,3,2,6,10,4,6,4,7,5,2,0,2,0,0,5,2,2,4,22,19
"10160",7,3,13,6,13,4,10,4,9,3,7,6,10,4,6,4,9,6,2,4,2,4,0,6,4,2,2,31,23
"10161",8,3,13,8,13,4,10,4,14,3,13,6,13,4,10,4,9,2,0,0,3,6,5,2,5,3,4,33,28
"10162",9,3,13,14,17,4,10,7,14,3,13,8,13,4,10,4,14,3,6,0,3,0,0,6,3,3,3,43,31
"10163",10,3,17,14,17,4,10,11,14,3,13,14,17,4,10,7,14,4,4,3,4,3,0,4,4,2,3,47,35
"10164",11,6,17,14,17,8,10,11,14,3,17,14,17,4,10,11,14,3,0,0,4,4,1,3,4,1,1,50,39
"10165",12,6,21,14,17,8,10,11,14,6,17,14,17,8,10,11,14,4,1,0,1,0,0,4,0,2,0,54,39
"10166",0,0,0,0,0,0,0,0,0,0,0,0,0,0,0,0,0,0,0,0,0,0,0,0,0,0,0,0,0
"10167",1,6,1,1,7,5,1,1,1,1,1,1,1,1,1,1,1,4,5,6,4,5,0,6,4,4,1,11,4
"10168",2,6,1,6,7,5,1,1,6,6,1,1,7,5,1,1,1,5,0,0,5,1,5,5,5,3,4,16,9
"10169",3,6,6,6,7,5,2,1,6,6,1,6,7,5,1,1,6,1,5,0,1,0,0,5,1,2,2,21,10
"10170",4,6,8,12,13,8,2,1,6,6,6,6,7,5,2,1,6,6,3,1,3,1,0,6,3,4,1,35,13
"10171",5,6,9,12,13,8,2,1,11,6,8,12,13,8,2,1,6,1,0,0,5,6,5,1,5,2,4,36,18
"10172",6,8,15,12,13,13,2,1,11,6,9,12,13,8,2,1,11,6,5,0,5,0,0,6,5,2,1,44,23
"10173",7,14,15,16,13,15,2,1,11,8,15,12,13,13,2,1,11,2,2,6,2,2,0,6,2,1,1,54,25
"10174",8,14,17,16,13,15,2,4,11,14,15,16,13,15,2,1,11,2,0,0,3,1,3,2,3,2,3,56,28
"10175",9,14,17,17,13,15,2,4,14,14,17,16,13,15,2,4,11,1,3,0,3,0,0,1,3,3,4,57,31
"10176",10,14,17,17,18,20,2,4,14,14,17,17,13,15,2,4,14,5,5,1,5,1,0,5,5,4,1,62,36
"10177",11,14,18,17,18,20,6,4,14,14,17,17,18,20,2,4,14,1,0,0,6,4,3,1,4,2,2,63,40
"10178",12,17,18,17,18,20,6,4,14,14,18,17,18,20,6,4,14,6,3,0,6,0,0,3,0,1,0,66,40
"10179",0,0,0,0,0,0,0,0,0,0,0,0,0,0,0,0,0,0,0,0,0,0,0,0,0,0,0,0,0
"10180",1,1,1,13,5,3,1,1,1,1,1,1,1,1,1,1,1,2,6,1,2,1,0,6,2,3,1,16,2
"10181",2,1,2,13,5,3,1,6,1,1,1,13,5,3,1,1,1,1,0,0,5,1,3,1,5,2,3,17,7
"10182",3,1,2,16,5,4,1,6,1,1,2,13,5,3,1,6,1,1,3,0,1,0,0,3,1,3,1,20,8
"10183",4,1,2,16,9,6,1,6,1,1,2,16,5,4,1,6,1,4,4,2,4,2,0,4,2,4,1,24,10
"10184",5,1,6,16,9,6,1,9,1,1,2,16,9,6,1,6,1,4,0,0,3,1,6,4,3,2,3,28,13
"10185",6,1,12,17,9,7,1,9,1,1,6,16,9,6,1,9,1,1,6,0,1,0,0,6,1,2,1,35,14
"10186",7,6,12,17,9,7,1,11,1,1,12,17,9,7,1,9,1,2,5,3,2,3,0,5,2,1,3,40,16
"10187",8,9,12,17,9,7,1,14,1,6,12,17,9,7,1,11,1,3,0,0,1,3,2,3,3,1,3,43,19
"10188",9,9,13,17,9,9,1,14,1,9,12,17,9,7,1,14,1,1,2,0,2,0,0,1,2,2,1,44,21
"10189",10,9,13,17,13,20,1,14,1,9,13,17,9,9,1,14,1,6,5,4,6,5,0,4,6,4,1,48,32
"10190",11,14,13,17,13,22,1,14,1,9,13,17,13,20,1,14,1,5,0,0,2,1,1,5,2,1,1,53,34
"10191",12,14,13,17,14,22,1,14,1,14,13,17,13,22,1,14,1,1,1,0,1,0,0,1,0,4,0,54,34
"10192",0,0,0,0,0,0,0,0,0,0,0,0,0,0,0,0,0,0,0,0,0,0,0,0,0,0,0,0,0
"10193",1,1,2,1,1,1,3,1,1,1,1,1,1,1,1,1,1,2,1,2,2,2,0,1,2,2,2,1,2
"10194",2,1,2,3,1,5,3,1,1,1,2,1,1,1,3,1,1,2,0,0,1,3,4,2,4,3,1,3,6
"10195",3,1,2,3,4,5,4,1,1,1,2,3,1,5,3,1,1,1,3,0,1,0,0,3,1,4,2,6,7
"10196",4,1,2,6,4,5,4,6,1,1,2,3,4,5,4,1,1,4,5,3,4,5,0,3,5,3,3,9,12
"10197",5,1,2,6,8,9,4,6,1,1,2,6,4,5,4,6,1,4,0,0,4,6,3,4,4,4,1,13,16
"10198",6,1,8,9,8,9,4,9,1,1,2,6,8,9,4,6,1,6,3,0,3,0,0,6,3,2,3,22,19
"10199",7,9,14,9,8,9,5,9,1,1,8,9,8,9,4,9,1,2,6,1,2,1,0,6,1,1,2,36,20
"10200",8,9,14,9,10,9,10,9,1,9,14,9,8,9,5,9,1,2,0,0,5,5,2,2,5,4,2,38,25
"10201",9,9,14,14,10,11,10,9,1,9,14,9,10,9,10,9,1,5,2,0,2,0,0,5,2,3,1,43,27
"10202",10,15,14,14,14,13,10,9,1,9,14,14,10,11,10,9,1,2,2,6,2,2,0,6,2,1,1,53,29
"10203",11,17,14,14,14,18,10,9,1,15,14,14,14,13,10,9,1,2,0,0,5,4,5,2,5,1,1,55,34
"10204",12,17,14,14,19,18,10,9,1,17,14,14,14,18,10,9,1,4,5,0,4,0,0,5,0,4,0,60,34
"10205",0,0,0,0,0,0,0,0,0,0,0,0,0,0,0,0,0,0,0,0,0,0,0,0,0,0,0,0,0
"10206",1,1,1,1,4,2,1,1,1,1,1,1,1,1,1,1,1,2,1,3,2,1,0,3,1,4,1,3,1
"10207",2,3,1,1,4,2,7,1,4,1,1,1,4,2,1,1,1,2,0,0,2,6,4,2,6,1,2,5,10
"10208",3,7,1,1,4,2,9,1,4,3,1,1,4,2,7,1,4,2,4,0,2,0,0,4,2,1,2,9,12
"10209",4,9,7,1,4,2,12,1,4,7,1,1,4,2,9,1,4,6,3,3,3,3,0,6,3,2,2,17,15
"10210",5,9,7,1,7,3,12,1,4,9,7,1,4,2,12,1,4,3,0,0,2,1,1,3,1,4,1,20,16
"10211",6,9,9,1,7,3,13,1,4,9,7,1,7,3,12,1,4,2,1,0,1,0,0,2,1,2,2,22,17
"10212",7,9,13,1,7,3,13,1,6,9,9,1,7,3,13,1,4,2,4,2,2,2,0,4,2,2,4,26,19
"10213",8,9,15,1,7,3,14,1,6,9,13,1,7,3,13,1,6,2,0,0,2,1,5,2,1,2,2,28,20
"10214",9,9,15,1,12,5,14,1,6,9,15,1,7,3,14,1,6,2,5,0,2,0,0,5,2,4,1,33,22
"10215",10,9,15,1,13,5,14,2,6,9,15,1,12,5,14,1,6,1,1,3,1,3,0,1,1,4,3,34,23
"10216",11,12,15,1,13,7,14,2,6,9,15,1,13,5,14,2,6,3,0,0,2,1,4,3,2,1,1,37,25
"10217",12,16,15,1,13,7,14,2,6,12,15,1,13,7,14,2,6,1,4,0,1,0,0,4,0,1,0,41,25
"10218",0,0,0,0,0,0,0,0,0,0,0,0,0,0,0,0,0,0,0,0,0,0,0,0,0,0,0,0,0
"10219",1,7,5,1,1,1,1,1,3,1,1,1,1,1,1,1,1,2,4,6,2,4,0,6,2,1,4,10,2
"10220",2,7,5,5,1,1,2,1,3,7,5,1,1,1,1,1,3,4,0,0,1,1,5,4,1,3,2,14,3
"10221",3,12,5,5,1,1,2,1,4,7,5,5,1,1,2,1,3,1,5,0,1,0,0,5,1,1,4,19,4
"10222",4,12,5,5,4,1,4,1,4,12,5,5,1,1,2,1,4,2,3,2,2,2,0,3,2,4,2,22,6
"10223",5,14,5,5,4,1,6,1,4,12,5,5,4,1,4,1,4,2,0,0,2,3,2,2,2,1,2,24,8
"10224",6,14,5,7,4,1,6,4,4,14,5,5,4,1,6,1,4,3,2,0,3,0,0,2,3,3,3,26,11
"10225",7,14,12,7,4,4,6,4,4,14,5,7,4,1,6,4,4,6,3,2,3,2,0,6,3,2,1,33,14
"10226",8,14,12,9,4,4,10,4,4,14,12,7,4,4,6,4,4,2,0,0,4,4,2,2,4,3,2,35,18
"10227",9,14,16,9,4,6,10,4,4,14,12,9,4,4,10,4,4,4,2,0,2,0,0,4,2,2,1,39,20
"10228",10,14,18,15,4,12,10,8,4,14,16,9,4,6,10,4,4,6,6,1,6,1,0,6,6,3,1,47,30
"10229",11,14,19,15,4,23,10,8,4,14,18,15,4,12,10,8,4,1,0,0,6,5,2,1,6,2,1,48,41
"10230",12,14,21,15,4,23,10,8,4,14,19,15,4,23,10,8,4,5,2,0,5,0,0,2,0,2,0,50,41
"10231",0,0,0,0,0,0,0,0,0,0,0,0,0,0,0,0,0,0,0,0,0,0,0,0,0,0,0,0,0
"10232",1,1,1,12,7,2,1,1,1,1,1,1,1,1,1,1,1,1,2,6,1,2,0,6,1,4,1,17,1
"10233",2,1,3,12,7,2,4,1,1,1,1,12,7,2,1,1,1,2,0,0,2,3,5,2,3,2,2,19,4
"10234",3,3,3,12,7,2,4,6,1,1,3,12,7,2,4,1,1,2,5,0,5,0,0,2,5,1,3,21,9
"10235",4,8,3,12,7,2,4,6,2,3,3,12,7,2,4,6,1,2,1,5,2,1,0,5,1,1,4,26,10
"10236",5,8,3,12,9,2,4,6,4,8,3,12,7,2,4,6,2,2,0,0,6,2,2,2,2,4,4,28,12
"10237",6,10,3,12,15,2,6,6,4,8,3,12,9,2,4,6,4,6,2,0,2,0,0,6,2,4,2,36,14
"10238",7,16,6,12,15,4,6,6,4,10,3,12,15,2,6,6,4,6,5,2,5,2,0,6,2,1,1,45,16
"10239",8,16,11,12,15,4,11,6,4,16,6,12,15,4,6,6,4,5,0,0,1,6,5,5,5,2,2,50,21
"10240",9,16,21,12,15,4,12,6,4,16,11,12,15,4,11,6,4,1,6,0,1,0,0,6,1,2,2,60,22
"10241",10,20,21,12,15,5,12,6,4,16,21,12,15,4,12,6,4,4,1,6,1,6,0,4,1,1,1,64,23
"10242",11,20,21,18,20,7,12,6,4,20,21,12,15,5,12,6,4,6,0,0,2,3,5,6,2,3,1,75,25
"10243",12,20,21,21,20,7,12,6,4,20,21,18,20,7,12,6,4,3,5,0,5,0,0,3,0,3,0,78,25
"10244",0,0,0,0,0,0,0,0,0,0,0,0,0,0,0,0,0,0,0,0,0,0,0,0,0,0,0,0,0
"10245",1,6,1,1,7,1,1,1,2,1,1,1,1,1,1,1,1,6,2,1,2,1,0,6,1,4,4,11,1
"10246",2,8,1,1,7,1,3,1,2,6,1,1,7,1,1,1,2,2,0,0,2,6,3,2,2,1,2,13,3
"10247",3,11,1,7,7,1,3,1,5,8,1,1,7,1,3,1,2,6,3,0,3,0,0,6,3,3,4,22,6
"10248",4,11,5,13,7,1,4,1,5,11,1,7,7,1,3,1,5,1,6,4,1,4,0,6,1,3,2,32,7
"10249",5,11,5,13,11,1,4,4,5,11,5,13,7,1,4,1,5,4,0,0,1,5,3,4,3,4,3,36,10
"10250",6,11,10,13,11,2,4,4,5,11,5,13,11,1,4,4,5,1,5,0,1,0,0,5,1,2,1,41,11
"10251",7,11,10,13,15,4,4,4,5,11,10,13,11,2,4,4,5,4,2,4,2,4,0,4,2,4,1,45,13
"10252",8,11,14,13,15,9,4,4,5,11,10,13,15,4,4,4,5,4,0,0,5,1,3,4,5,2,1,49,18
"10253",9,11,15,13,15,12,4,4,5,11,14,13,15,9,4,4,5,1,3,0,3,0,0,1,3,2,1,50,21
"10254",10,15,15,13,15,16,4,4,5,11,15,13,15,12,4,4,5,4,4,1,4,1,0,4,4,1,1,54,25
"10255",11,16,15,13,15,26,4,4,5,15,15,13,15,16,4,4,5,1,0,0,6,2,1,1,6,1,1,55,35
"10256",12,16,15,14,15,26,4,4,5,16,15,13,15,26,4,4,5,2,1,0,2,0,0,1,0,3,0,56,35
"10257",0,0,0,0,0,0,0,0,0,0,0,0,0,0,0,0,0,0,0,0,0,0,0,0,0,0,0,0,0
"10258",1,1,6,1,1,6,1,1,1,1,1,1,1,1,1,1,1,5,5,2,5,2,0,5,5,2,1,5,5
"10259",2,1,8,1,1,6,5,1,7,1,6,1,1,6,1,1,1,2,0,0,2,6,4,2,6,2,4,7,15
"10260",3,1,8,1,5,6,7,1,7,1,8,1,1,6,5,1,7,2,4,0,2,0,0,4,2,4,2,11,17
"10261",4,1,8,5,5,6,7,1,9,1,8,1,5,6,7,1,7,4,2,1,2,1,0,4,2,3,4,15,19
"10262",5,1,9,5,5,6,7,6,9,1,8,5,5,6,7,1,9,1,0,0,6,2,5,1,5,2,3,16,24
"10263",6,3,9,5,11,6,7,8,9,1,9,5,5,6,7,6,9,6,2,0,2,0,0,6,2,4,3,24,26
"10264",7,5,15,5,11,11,7,8,9,3,9,5,11,6,7,8,9,5,6,4,5,4,0,6,5,2,1,32,31
"10265",8,5,15,5,15,11,11,8,9,5,15,5,11,11,7,8,9,4,0,0,4,1,4,4,4,4,2,36,35
"10266",9,5,19,5,15,12,11,8,9,5,15,5,15,11,11,8,9,1,4,0,1,0,0,4,1,2,1,40,36
"10267",10,5,19,10,15,12,11,11,9,5,19,5,15,12,11,8,9,1,3,5,1,3,0,5,3,3,3,45,39
"10268",11,6,19,10,15,18,11,15,9,5,19,10,15,12,11,11,9,1,0,0,6,6,6,1,6,1,1,46,49
"10269",12,9,25,10,15,18,11,15,9,6,19,10,15,18,11,15,9,6,6,0,6,0,0,6,0,2,0,55,49
"10270",0,0,0,0,0,0,0,0,0,0,0,0,0,0,0,0,0,0,0,0,0,0,0,0,0,0,0,0,0
"10271",1,7,1,1,6,1,1,1,3,1,1,1,1,1,1,1,1,6,2,2,2,2,0,6,2,1,4,11,2
"10272",2,9,1,1,6,1,1,1,4,7,1,1,6,1,1,1,3,2,0,0,3,1,1,2,1,1,4,13,3
"10273",3,9,1,4,6,1,2,1,4,9,1,1,6,1,1,1,4,3,1,0,1,0,0,3,1,3,2,16,4
"10274",4,9,1,8,6,1,2,1,9,9,1,4,6,1,2,1,4,5,5,4,5,5,0,4,5,3,4,20,9
"10275",5,14,1,8,6,1,4,1,9,9,1,8,6,1,2,1,9,5,0,0,5,4,2,5,2,1,2,25,11
"10276",6,14,1,13,6,1,8,1,9,14,1,8,6,1,4,1,9,5,4,0,4,0,0,5,4,3,2,30,15
"10277",7,14,4,13,12,1,8,1,14,14,1,13,6,1,8,1,9,6,5,4,5,4,0,6,5,4,4,39,20
"10278",8,14,8,13,12,1,8,6,14,14,4,13,12,1,8,1,14,4,0,0,2,5,6,4,5,2,3,43,25
"10279",9,14,13,13,18,1,8,6,16,14,8,13,12,1,8,6,14,2,6,0,2,0,0,6,2,4,4,54,27
"10280",10,17,19,13,18,1,8,6,17,14,13,13,18,1,8,6,16,3,1,6,3,1,0,6,1,2,4,63,28
"10281",11,17,19,16,18,3,8,6,17,17,19,13,18,1,8,6,17,3,0,0,2,2,5,3,2,3,1,66,30
"10282",12,20,26,16,18,3,1,1,17,17,19,16,18,3,8,6,17,2,5,0,2,0,0,5,0,2,0,76,18
"10283",0,0,0,0,0,0,0,0,0,0,0,0,0,0,0,0,0,0,0,0,0,0,0,0,0,0,0,0,0
"10284",1,1,1,6,1,5,1,1,1,1,1,1,1,1,1,1,1,4,5,1,4,1,0,5,4,3,1,5,4
"10285",2,1,1,7,1,5,1,1,2,1,1,6,1,5,1,1,1,1,0,0,1,2,3,1,1,3,4,6,5
"10286",3,1,1,7,4,5,3,1,2,1,1,7,1,5,1,1,2,2,3,0,2,0,0,3,2,4,2,9,7
"10287",4,1,1,10,10,8,3,1,2,1,1,7,4,5,3,1,2,6,3,4,3,4,0,6,3,4,1,18,10
"10288",5,1,5,10,10,12,3,1,2,1,1,10,10,8,3,1,2,4,0,0,5,4,1,4,4,2,1,22,14
"10289",6,1,5,15,10,12,3,1,3,1,5,10,10,12,3,1,2,5,1,0,1,0,0,5,1,3,4,27,15
"10290",7,4,5,15,16,12,3,1,6,1,5,15,10,12,3,1,3,3,3,6,3,3,0,6,3,4,4,36,18
"10291",8,7,5,15,16,12,3,1,11,4,5,15,16,12,3,1,6,3,0,0,1,5,3,3,5,1,4,39,23
"10292",9,7,8,15,16,12,4,1,11,7,5,15,16,12,3,1,11,1,3,0,1,0,0,3,1,2,2,42,24
"10293",10,7,12,15,16,17,4,1,11,7,8,15,16,12,4,1,11,4,1,5,1,5,0,4,5,2,1,46,29
"10294",11,7,13,15,16,24,4,1,11,7,12,15,16,17,4,1,11,1,0,0,1,6,5,1,6,2,1,47,36
"10295",12,7,13,15,21,24,4,1,11,7,13,15,16,24,4,1,11,1,5,0,1,0,0,5,0,4,0,52,36
"10296",0,0,0,0,0,0,0,0,0,0,0,0,0,0,0,0,0,0,0,0,0,0,0,0,0,0,0,0,0
"10297",1,1,1,5,1,5,1,1,1,1,1,1,1,1,1,1,1,4,4,1,4,1,0,4,4,3,1,4,4
"10298",2,1,1,5,2,11,1,2,1,1,1,5,1,5,1,1,1,1,0,0,2,3,6,1,6,4,1,5,11
"10299",3,1,4,5,2,13,1,2,1,1,1,5,2,11,1,2,1,2,3,0,2,0,0,3,2,2,1,8,13
"10300",4,1,4,5,6,17,1,2,1,1,4,5,2,13,1,2,1,4,4,2,4,2,0,4,4,4,1,12,17
"10301",5,1,6,5,6,18,7,8,1,1,4,5,6,17,1,2,1,2,0,0,2,6,3,2,6,2,2,14,30
"10302",6,1,6,5,9,18,7,8,3,1,6,5,6,18,7,8,1,2,3,0,2,0,0,3,2,4,4,17,32
"10303",7,1,11,5,9,18,10,8,3,1,6,5,9,18,7,8,3,5,3,5,3,5,0,5,3,2,2,22,35
"10304",8,1,16,5,9,18,13,8,3,1,11,5,9,18,10,8,3,5,0,0,5,3,6,5,3,2,2,27,38
"10305",9,1,21,6,15,23,13,8,1,1,16,5,9,18,13,8,3,5,6,0,5,0,0,6,5,4,1,39,41
"10306",10,1,26,9,15,29,13,4,1,1,21,6,15,23,13,8,1,6,1,5,6,1,0,5,6,2,1,47,43
"10307",11,2,1,9,15,30,13,8,1,1,26,9,15,29,13,4,1,1,0,0,3,6,4,1,4,1,3,23,48
"10308",12,7,1,15,15,30,13,8,1,2,1,9,15,30,13,8,1,3,6,0,3,0,0,6,0,3,0,34,48
"10309",0,0,0,0,0,0,0,0,0,0,0,0,0,0,0,0,0,0,0,0,0,0,0,0,0,0,0,0,0
"10310",1,1,7,1,3,7,4,1,1,1,1,1,1,1,1,1,1,6,3,6,3,6,0,6,6,2,1,8,9
"10311",2,4,7,1,3,7,4,4,1,1,7,1,3,7,4,1,1,3,0,0,3,2,2,3,3,1,3,11,12
"10312",3,4,7,3,3,7,4,4,3,4,7,1,3,7,4,4,1,2,2,0,2,0,0,2,2,3,4,13,14
"10313",4,4,7,3,8,7,4,9,3,4,7,3,3,7,4,4,3,5,5,1,5,1,0,5,5,4,3,18,19
"10314",5,4,7,3,9,7,4,9,6,4,7,3,8,7,4,9,3,1,0,0,3,3,3,1,3,4,4,19,22
"10315",6,4,7,3,12,10,4,9,6,4,7,3,9,7,4,9,6,3,3,0,3,0,0,3,3,4,1,22,25
"10316",7,4,7,3,15,10,6,9,6,4,7,3,12,10,4,9,6,3,2,2,2,2,0,3,2,4,2,25,27
"10317",8,4,9,3,15,10,8,9,6,4,7,3,15,10,6,9,6,2,0,0,2,2,1,2,2,2,2,27,29
"10318",9,4,9,5,15,11,8,9,6,4,9,3,15,10,8,9,6,2,1,0,1,0,0,2,1,3,1,29,30
"10319",10,8,9,11,15,11,10,9,6,4,9,5,15,11,8,9,6,2,6,2,2,2,0,6,2,3,2,39,32
"10320",11,10,9,11,15,14,10,9,12,8,9,11,15,11,10,9,6,2,0,0,4,6,6,2,6,1,4,41,41
"10321",12,10,13,11,15,14,10,9,12,10,9,11,15,14,10,9,12,4,6,0,6,0,0,4,0,2,0,45,41
"10322",0,0,0,0,0,0,0,0,0,0,0,0,0,0,0,0,0,0,0,0,0,0,0,0,0,0,0,0,0
"10323",1,1,6,1,1,1,4,1,1,1,1,1,1,1,1,1,1,5,2,3,2,3,0,5,3,2,2,5,3
"10324",2,3,6,1,1,1,4,7,6,1,6,1,1,1,4,1,1,2,0,0,6,1,3,2,6,1,3,7,14
"10325",3,3,9,1,1,1,4,8,6,3,6,1,1,1,4,7,6,1,3,0,1,0,0,3,1,2,3,10,15
"10326",4,3,12,1,1,1,8,8,6,3,9,1,1,1,4,8,6,1,4,3,1,4,0,3,4,2,2,13,19
"10327",5,4,12,1,1,1,8,8,11,3,12,1,1,1,8,8,6,1,0,0,5,3,4,1,5,1,4,14,24
"10328",6,4,15,1,1,5,8,8,11,4,12,1,1,1,8,8,11,3,4,0,4,0,0,3,4,2,1,17,28
"10329",7,7,21,1,1,5,11,8,11,4,15,1,1,5,8,8,11,6,3,1,3,1,0,6,3,2,2,26,31
"10330",8,7,22,1,1,10,11,8,11,7,21,1,1,5,11,8,11,1,0,0,2,5,3,1,5,2,1,27,36
"10331",9,7,22,1,4,10,11,8,13,7,22,1,1,10,11,8,11,2,3,0,2,0,0,3,2,4,4,30,38
"10332",10,18,39,1,4,13,1,1,13,7,22,1,4,10,11,8,13,3,4,2,3,2,0,4,3,2,1,96,24
"10333",11,20,39,1,4,18,1,1,13,18,39,1,4,13,1,1,13,2,0,0,5,4,2,2,5,1,1,98,29
"10334",12,22,39,1,4,18,1,1,13,20,39,1,4,18,1,1,13,4,2,0,4,0,0,2,0,1,0,100,29
"10335",0,0,0,0,0,0,0,0,0,0,0,0,0,0,0,0,0,0,0,0,0,0,0,0,0,0,0,0,0
"10336",1,1,5,1,1,2,1,1,1,1,1,1,1,1,1,1,1,1,1,4,1,1,0,4,1,2,1,4,1
"10337",2,1,6,1,1,2,1,1,6,1,5,1,1,2,1,1,1,1,0,0,1,5,2,1,5,2,4,5,6
"10338",3,1,8,1,1,2,1,1,7,1,6,1,1,2,1,1,6,1,2,0,1,0,0,2,1,2,4,7,7
"10339",4,1,8,1,8,2,2,1,7,1,8,1,1,2,1,1,7,1,6,1,1,1,0,6,1,4,2,14,8
"10340",5,1,8,2,8,2,2,4,7,1,8,1,8,2,2,1,7,1,0,0,2,2,3,1,3,3,3,15,11
"10341",6,1,10,2,8,2,4,4,7,1,8,2,8,2,2,4,7,2,2,0,2,0,0,2,2,2,2,17,13
"10342",7,6,10,8,8,2,16,4,7,1,10,2,8,2,4,4,7,6,2,6,2,6,0,6,6,3,2,28,25
"10343",8,6,12,8,8,2,16,4,10,6,10,8,8,2,16,4,7,2,0,0,3,5,1,2,3,2,4,30,28
"10344",9,6,12,8,13,3,16,4,10,6,12,8,8,2,16,4,10,5,1,0,1,0,0,5,1,4,1,35,29
"10345",10,6,14,8,13,3,16,5,10,6,12,8,13,3,16,4,10,1,2,1,1,1,0,2,1,2,3,37,30
"10346",11,6,15,8,13,7,16,5,10,6,14,8,13,3,16,5,10,1,0,0,4,3,2,1,4,2,1,38,34
"10347",12,6,15,10,13,7,16,5,10,6,15,8,13,7,16,5,10,3,2,0,3,0,0,2,0,3,0,40,34
"10348",0,0,0,0,0,0,0,0,0,0,0,0,0,0,0,0,0,0,0,0,0,0,0,0,0,0,0,0,0
"10349",1,1,1,6,1,1,5,1,1,1,1,1,1,1,1,1,1,4,5,1,4,1,0,5,4,3,2,5,4
"10350",2,1,1,7,1,1,10,1,1,1,1,6,1,1,5,1,1,1,0,0,6,5,4,1,5,3,2,6,9
"10351",3,1,12,7,1,1,14,1,1,1,1,7,1,1,10,1,1,6,4,0,4,0,0,6,4,2,2,17,13
"10352",4,1,12,12,1,3,14,1,1,1,12,7,1,1,14,1,1,3,5,2,3,2,0,5,2,3,1,22,15
"10353",5,1,12,12,4,3,14,1,6,1,12,12,1,3,14,1,1,3,0,0,1,5,5,3,5,4,4,25,20
"10354",6,6,12,12,4,4,14,1,6,1,12,12,4,3,14,1,6,1,5,0,1,0,0,5,1,1,1,30,21
"10355",7,12,12,12,6,4,18,1,6,6,12,12,4,4,14,1,6,4,4,6,4,4,0,6,4,1,2,38,25
"10356",8,12,12,16,6,4,19,1,6,12,12,12,6,4,18,1,6,4,0,0,4,6,1,4,1,3,2,42,26
"10357",9,12,12,16,13,4,23,1,6,12,12,16,6,4,19,1,6,4,6,0,4,0,0,6,4,4,2,49,30
"10358",10,12,16,16,13,4,26,1,6,12,12,16,13,4,23,1,6,4,1,3,1,3,0,4,3,2,2,53,33
"10359",11,13,16,16,13,4,30,1,6,12,16,16,13,4,26,1,6,1,0,0,6,4,2,1,4,1,2,54,37
"10360",12,19,16,16,16,4,30,1,6,13,16,16,13,4,30,1,6,6,2,0,2,0,0,6,0,1,0,63,37
"10361",0,0,0,0,0,0,0,0,0,0,0,0,0,0,0,0,0,0,0,0,0,0,0,0,0,0,0,0,0
"10362",1,1,1,3,1,1,4,1,1,1,1,1,1,1,1,1,1,2,3,1,3,1,0,2,3,3,2,2,3
"10363",2,2,1,3,1,1,4,6,7,1,1,3,1,1,4,1,1,1,0,0,3,4,6,1,6,1,4,3,14
"10364",3,2,4,3,1,1,4,10,7,2,1,3,1,1,4,6,7,3,4,0,4,0,0,3,4,2,3,6,18
"10365",4,2,4,3,2,3,4,10,7,2,4,3,1,1,4,10,7,2,1,1,2,1,0,1,2,4,1,7,20
"10366",5,2,5,3,2,3,9,10,7,2,4,3,2,3,4,10,7,1,0,0,5,1,5,1,5,2,2,8,25
"10367",6,2,5,3,7,4,9,10,7,2,5,3,2,3,9,10,7,1,5,0,1,0,0,5,1,4,1,13,26
"10368",7,2,5,3,9,9,15,10,7,2,5,3,7,4,9,10,7,2,6,2,6,2,0,2,6,4,2,15,37
"10369",8,2,7,3,9,9,16,10,7,2,5,3,9,9,15,10,7,2,0,0,1,1,3,2,1,2,2,17,38
"10370",9,2,7,6,9,9,17,10,7,2,7,3,9,9,16,10,7,1,3,0,1,0,0,3,1,3,2,20,39
"10371",10,7,7,6,9,18,17,10,7,2,7,6,9,9,17,10,7,6,5,1,6,1,0,5,6,1,1,25,48
"10372",11,1,1,1,9,28,17,10,7,7,7,6,9,18,17,10,7,1,0,0,6,4,3,1,6,1,1,8,58
"10373",12,1,1,1,13,28,17,10,7,1,1,1,9,28,17,10,7,4,3,0,3,0,0,4,0,4,0,12,58
"10374",0,0,0,0,0,0,0,0,0,0,0,0,0,0,0,0,0,0,0,0,0,0,0,0,0,0,0,0,0
"10375",1,1,7,1,2,1,1,1,4,1,1,1,1,1,1,1,1,3,5,6,3,5,0,6,3,2,4,7,3
"10376",2,1,7,6,2,1,1,5,4,1,7,1,2,1,1,1,4,5,0,0,4,4,2,5,4,3,3,12,7
"10377",3,1,7,10,2,3,1,5,4,1,7,6,2,1,1,5,4,4,2,0,2,0,0,4,2,3,1,16,9
"10378",4,1,13,10,5,3,4,5,4,1,7,10,2,3,1,5,4,3,6,3,3,3,0,6,3,2,2,25,12
"10379",5,1,13,10,8,3,14,5,4,1,13,10,5,3,4,5,4,3,0,0,6,2,6,3,6,4,2,28,22
"10380",6,1,13,19,8,3,16,5,4,1,13,10,8,3,14,5,4,2,6,0,2,0,0,6,2,3,2,37,24
"10381",7,6,19,19,14,3,16,7,4,1,13,19,8,3,16,5,4,6,2,3,2,3,0,6,2,4,3,54,26
"10382",8,9,19,19,14,6,16,7,4,6,19,19,14,3,16,7,4,3,0,0,3,1,3,3,3,1,1,57,29
"10383",9,10,19,19,14,6,19,7,4,9,19,19,14,6,16,7,4,1,3,0,3,0,0,1,3,1,2,58,32
"10384",10,13,19,19,14,6,19,11,4,10,19,19,14,6,19,7,4,3,4,6,4,6,0,3,4,1,3,61,36
"10385",11,19,27,19,14,1,19,16,4,13,19,19,14,6,19,11,4,6,0,0,6,1,5,6,5,1,3,75,36
"10386",12,19,28,19,14,1,19,16,4,19,27,19,14,1,19,16,4,6,1,0,6,0,0,1,0,2,0,76,36
"10387",0,0,0,0,0,0,0,0,0,0,0,0,0,0,0,0,0,0,0,0,0,0,0,0,0,0,0,0,0
"10388",1,5,1,7,1,1,6,1,1,1,1,1,1,1,1,1,1,6,5,4,5,4,0,6,5,3,2,10,5
"10389",2,5,1,11,1,1,6,1,2,5,1,7,1,1,6,1,1,4,0,0,1,1,2,4,1,3,4,14,6
"10390",3,7,1,11,1,1,6,1,3,5,1,11,1,1,6,1,2,1,2,0,1,0,0,2,1,1,4,16,7
"10391",4,9,7,11,1,1,9,1,3,7,1,11,1,1,6,1,3,6,3,6,3,6,0,6,3,2,2,24,10
"10392",5,11,7,11,7,1,11,1,3,9,7,11,1,1,9,1,3,6,0,0,2,2,1,6,2,4,2,32,12
"10393",6,11,9,11,7,2,11,1,3,11,7,11,7,1,11,1,3,2,1,0,1,0,0,2,1,2,1,34,13
"10394",7,11,15,11,11,2,16,1,3,11,9,11,7,2,11,1,3,5,5,6,5,5,0,6,5,2,2,44,18
"10395",8,11,15,11,16,2,18,1,3,11,15,11,11,2,16,1,3,5,0,0,3,5,2,5,2,4,2,49,20
"10396",9,16,15,11,16,2,21,1,3,11,15,11,16,2,18,1,3,3,5,0,3,0,0,5,3,1,2,54,23
"10397",10,27,15,17,16,2,23,1,3,16,15,11,16,2,21,1,3,1,6,2,1,2,0,6,2,3,2,71,25
"10398",11,28,15,17,16,2,23,1,5,27,15,17,16,2,23,1,3,1,0,0,6,2,4,1,2,1,4,72,27
"10399",12,28,25,17,20,1,23,1,5,28,15,17,16,2,23,1,5,6,4,0,4,0,0,6,0,2,0,86,26
"10400",0,0,0,0,0,0,0,0,0,0,0,0,0,0,0,0,0,0,0,0,0,0,0,0,0,0,0,0,0
"10401",1,6,1,1,1,1,1,1,4,1,1,1,1,1,1,1,1,1,3,5,1,3,0,5,3,1,4,5,3
"10402",2,6,1,1,2,6,1,1,4,6,1,1,1,1,1,1,4,1,0,0,1,3,5,1,5,4,1,6,8
"10403",3,9,1,1,2,6,2,1,4,6,1,1,2,6,1,1,4,1,3,0,1,0,0,3,1,1,2,9,9
"10404",4,9,1,1,7,10,2,1,4,9,1,1,2,6,2,1,4,4,5,3,4,3,0,5,4,4,1,14,13
"10405",5,9,4,1,7,10,2,3,4,9,1,1,7,10,2,1,4,3,0,0,1,2,1,3,2,2,3,17,15
"10406",6,9,4,1,8,10,2,4,4,9,4,1,7,10,2,3,4,1,1,0,1,0,0,1,1,4,3,18,16
"10407",7,9,4,7,13,15,2,4,4,9,4,1,8,10,2,4,4,5,5,6,5,5,0,6,5,3,1,29,21
"10408",8,9,4,7,18,16,2,4,4,9,4,7,13,15,2,4,4,5,0,0,1,3,1,5,1,4,1,34,22
"10409",9,12,4,7,18,16,3,4,4,9,4,7,18,16,2,4,4,3,1,0,1,0,0,3,1,1,2,37,23
"10410",10,14,4,13,18,16,3,9,4,12,4,7,18,16,3,4,4,5,2,6,5,2,0,6,5,3,3,45,28
"10411",11,14,4,13,20,17,3,9,4,14,4,13,18,16,3,9,4,2,0,0,1,3,2,2,1,4,1,47,29
"10412",12,14,4,13,26,17,3,9,1,14,4,13,20,17,3,9,4,3,2,0,3,0,0,2,0,4,0,53,26
"10413",0,0,0,0,0,0,0,0,0,0,0,0,0,0,0,0,0,0,0,0,0,0,0,0,0,0,0,0,0
"10414",1,1,7,5,1,1,1,1,4,1,1,1,1,1,1,1,1,3,6,2,3,2,0,6,3,2,4,10,3
"10415",2,1,9,5,1,4,1,1,4,1,7,5,1,1,1,1,4,2,0,0,3,4,3,2,3,2,1,12,6
"10416",3,1,9,9,1,4,1,4,4,1,9,5,1,4,1,1,4,4,3,0,3,0,0,4,3,3,3,16,9
"10417",4,1,9,9,11,4,6,4,4,1,9,9,1,4,1,4,4,5,6,3,5,3,0,6,5,4,2,26,14
"10418",5,4,9,9,11,9,6,4,4,1,9,9,11,4,6,4,4,3,0,0,5,3,4,3,5,1,1,29,19
"10419",6,4,13,9,11,9,6,7,4,4,9,9,11,9,6,4,4,3,4,0,3,0,0,4,3,2,3,33,22
"10420",7,4,13,9,14,11,6,7,4,4,13,9,11,9,6,7,4,3,2,3,2,3,0,3,2,4,1,36,24
"10421",8,4,13,12,14,13,6,7,4,4,13,9,14,11,6,7,4,3,0,0,1,2,4,3,2,3,1,39,26
"10422",9,8,13,12,14,13,6,8,4,4,13,12,14,13,6,7,4,1,4,0,1,0,0,4,1,1,3,43,27
"10423",10,13,13,12,14,14,6,8,4,8,13,12,14,13,6,8,4,1,5,2,1,2,0,5,1,1,1,48,28
"10424",11,15,13,12,14,17,6,8,4,13,13,12,14,14,6,8,4,2,0,0,3,5,5,2,3,1,1,50,31
"10425",12,15,13,17,14,17,6,8,4,15,13,12,14,17,6,8,4,5,5,0,5,0,0,5,0,3,0,55,31
"10426",0,0,0,0,0,0,0,0,0,0,0,0,0,0,0,0,0,0,0,0,0,0,0,0,0,0,0,0,0
"10427",1,1,2,7,1,6,1,1,1,1,1,1,1,1,1,1,1,1,6,5,1,5,0,6,5,3,1,7,5
"10428",2,1,2,7,2,6,2,1,1,1,2,7,1,6,1,1,1,1,0,0,4,1,6,1,1,4,2,8,6
"10429",3,1,2,7,12,10,2,1,1,1,2,7,2,6,2,1,1,4,6,0,4,0,0,6,4,4,1,18,10
"10430",4,6,2,7,12,10,2,1,6,1,2,7,12,10,2,1,1,5,5,4,5,4,0,5,5,1,4,23,15
"10431",5,6,6,7,12,15,2,1,6,6,2,7,12,10,2,1,6,4,0,0,1,2,5,4,5,2,1,27,20
"10432",6,7,6,7,12,17,2,1,6,6,6,7,12,15,2,1,6,1,2,0,2,0,0,1,2,1,1,28,22
"10433",7,7,10,7,12,17,2,1,9,7,6,7,12,17,2,1,6,4,3,4,3,4,0,4,3,2,4,32,25
"10434",8,7,10,11,12,23,5,1,9,7,10,7,12,17,2,1,9,4,0,0,4,6,6,4,6,3,1,36,34
"10435",9,7,16,11,14,27,5,1,9,7,10,11,12,23,5,1,9,4,6,0,4,0,0,6,4,2,1,44,38
"10436",10,8,16,17,14,31,5,1,9,7,16,11,14,27,5,1,9,4,6,4,4,4,0,6,4,3,1,51,42
"10437",11,8,16,1,18,37,5,1,9,8,16,17,14,31,5,1,9,4,0,0,4,6,5,4,4,4,1,39,48
"10438",12,13,16,1,18,37,5,1,9,8,16,1,18,37,5,1,9,6,5,0,6,0,0,5,0,1,0,44,48
"10439",0,0,0,0,0,0,0,0,0,0,0,0,0,0,0,0,0,0,0,0,0,0,0,0,0,0,0,0,0
"10440",1,1,1,1,6,1,1,4,7,1,1,1,1,1,1,1,1,6,5,4,6,4,0,5,6,4,4,5,9
"10441",2,5,1,1,6,8,1,4,7,1,1,1,6,1,1,4,7,4,0,0,6,2,5,4,6,1,1,9,16
"10442",3,10,1,1,6,8,3,4,7,5,1,1,6,8,1,4,7,2,5,0,2,0,0,5,2,1,2,14,18
"10443",4,10,3,7,12,8,3,5,7,10,1,1,6,8,3,4,7,6,1,1,1,1,0,6,1,4,3,28,19
"10444",5,10,3,7,13,8,7,5,7,10,3,7,12,8,3,5,7,1,0,0,1,4,3,1,4,4,2,29,23
"10445",6,10,3,7,16,8,7,5,8,10,3,7,13,8,7,5,7,1,3,0,1,0,0,3,1,4,4,32,24
"10446",7,10,3,12,16,8,7,7,8,10,3,7,16,8,7,5,8,2,3,5,2,3,0,5,2,3,3,37,26
"10447",8,10,6,12,16,8,7,12,8,10,3,12,16,8,7,7,8,3,0,0,5,5,2,3,5,2,3,40,31
"10448",9,15,6,12,16,8,7,14,8,10,6,12,16,8,7,12,8,5,2,0,2,0,0,5,2,1,3,45,33
"10449",10,18,12,12,16,9,7,14,8,15,6,12,16,8,7,14,8,1,2,6,1,2,0,6,1,2,1,54,34
"10450",11,20,12,12,16,12,7,14,8,18,12,12,16,9,7,14,8,2,0,0,3,4,2,2,3,1,1,56,37
"10451",12,20,12,14,16,12,7,14,8,20,12,12,16,12,7,14,8,4,2,0,4,0,0,2,0,3,0,58,37
"10452",0,0,0,0,0,0,0,0,0,0,0,0,0,0,0,0,0,0,0,0,0,0,0,0,0,0,0,0,0
"10453",1,7,1,1,5,1,6,1,1,1,1,1,1,1,1,1,1,6,5,6,5,6,0,6,5,1,2,10,5
"10454",2,13,1,1,15,6,6,1,1,7,1,1,5,1,6,1,1,6,0,0,5,2,3,6,5,4,1,26,10
"10455",3,13,3,1,15,6,6,1,4,13,1,1,15,6,6,1,1,2,3,0,3,0,0,2,3,2,4,28,13
"10456",4,13,3,4,15,6,6,2,4,13,3,1,15,6,6,1,4,1,1,3,1,1,0,3,1,3,3,31,14
"10457",5,14,3,4,15,16,6,2,4,13,3,4,15,6,6,2,4,1,0,0,6,6,3,1,6,1,1,32,24
"10458",6,14,5,10,15,19,6,2,4,14,3,4,15,16,6,2,4,6,3,0,3,0,0,6,3,3,1,40,27
"10459",7,19,5,10,15,19,7,2,4,14,5,10,15,19,6,2,4,5,1,3,1,3,0,5,1,1,2,45,28
"10460",8,19,5,13,15,19,8,2,4,19,5,10,15,19,7,2,4,3,0,0,1,1,5,3,1,3,2,48,29
"10461",9,19,10,13,15,20,8,2,4,19,5,13,15,19,8,2,4,1,5,0,1,0,0,5,1,2,1,53,30
"10462",10,19,15,13,15,23,8,2,4,19,10,13,15,20,8,2,4,3,5,5,3,5,0,5,3,2,1,58,33
"10463",11,19,15,18,15,23,8,2,5,19,15,13,15,23,8,2,4,5,0,0,3,1,6,5,1,3,4,63,34
"10464",12,19,22,18,15,23,8,2,5,19,15,18,15,23,8,2,5,3,6,0,3,0,0,6,0,2,0,70,34
"10465",0,0,0,0,0,0,0,0,0,0,0,0,0,0,0,0,0,0,0,0,0,0,0,0,0,0,0,0,0
"10466",1,3,7,1,1,7,1,4,1,1,1,1,1,1,1,1,1,5,6,6,5,6,0,6,6,2,1,8,9
"10467",2,3,12,1,1,11,1,4,1,3,7,1,1,7,1,4,1,5,0,0,4,6,1,5,4,2,1,13,13
"10468",3,9,15,7,1,11,2,4,1,3,12,1,1,11,1,4,1,6,1,0,1,0,0,6,1,3,2,28,14
"10469",4,9,15,12,1,15,2,4,1,9,15,7,1,11,2,4,1,2,5,4,2,4,0,5,4,3,1,33,18
"10470",5,9,15,14,1,26,2,4,1,9,15,12,1,15,2,4,1,2,0,0,1,6,6,2,6,3,1,35,29
"10471",6,1,15,16,7,30,2,4,1,9,15,14,1,26,2,4,1,1,6,0,1,0,0,6,1,4,1,35,33
"10472",7,11,15,16,7,30,2,8,1,1,15,16,7,30,2,4,1,4,6,2,4,2,0,6,4,1,3,45,37
"10473",8,11,17,1,7,39,4,14,1,11,15,16,7,30,2,8,1,2,0,0,4,6,2,2,4,2,1,32,92
"10474",9,20,17,1,7,39,6,14,1,11,17,1,7,39,4,14,1,6,2,0,2,0,0,6,2,1,2,41,94
"10475",10,21,17,1,7,39,10,14,1,20,17,1,7,39,6,14,1,1,4,6,4,6,0,1,4,1,2,42,98
"10476",11,30,17,1,7,39,5,14,1,21,17,1,7,39,10,14,1,6,0,0,4,6,4,6,4,1,2,51,93
"10477",12,30,17,5,7,39,5,14,1,30,17,1,7,39,5,14,1,6,4,0,6,0,0,4,0,3,0,55,93
"10478",0,0,0,0,0,0,0,0,0,0,0,0,0,0,0,0,0,0,0,0,0,0,0,0,0,0,0,0,0
"10479",1,7,10,1,1,1,6,1,1,1,1,1,1,1,1,1,1,3,6,5,3,5,0,6,5,1,2,15,5
"10480",2,7,10,4,1,3,6,1,1,7,10,1,1,1,6,1,1,3,0,0,2,3,3,3,2,3,1,18,7
"10481",3,7,10,4,4,3,9,1,1,7,10,4,1,3,6,1,1,3,3,0,3,0,0,3,3,4,2,21,10
"10482",4,7,16,6,4,5,9,1,1,7,10,4,4,3,9,1,1,6,4,2,4,2,0,6,2,2,1,29,12
"10483",5,7,16,6,8,5,9,1,6,7,16,6,4,5,9,1,1,4,0,0,5,6,2,4,5,4,4,33,17
"10484",6,7,16,8,14,7,9,1,6,7,16,6,8,5,9,1,6,6,2,0,2,0,0,6,2,4,1,41,19
"10485",7,13,16,14,14,9,9,1,6,7,16,8,14,7,9,1,6,6,2,1,2,1,0,6,2,3,1,53,21
"10486",8,13,16,15,14,12,9,1,6,13,16,14,14,9,9,1,6,1,0,0,1,3,6,1,3,3,1,54,24
"10487",9,13,16,15,15,19,9,1,6,13,16,15,14,12,9,1,6,1,6,0,6,0,0,1,6,4,1,55,31
"10488",10,17,16,15,15,20,9,1,6,13,16,15,15,19,9,1,6,1,3,4,1,3,0,4,1,1,1,59,32
"10489",11,20,16,15,15,29,9,1,6,17,16,15,15,20,9,1,6,3,0,0,6,6,2,3,6,1,1,62,41
"10490",12,25,22,15,15,29,9,1,6,20,16,15,15,29,9,1,6,6,2,0,2,0,0,6,0,2,0,73,41
"10491",0,0,0,0,0,0,0,0,0,0,0,0,0,0,0,0,0,0,0,0,0,0,0,0,0,0,0,0,0
"10492",1,3,1,1,1,1,1,4,1,1,1,1,1,1,1,1,1,3,2,4,3,4,0,2,3,1,3,2,3
"10493",2,7,1,1,1,5,1,4,1,3,1,1,1,1,1,4,1,4,0,0,4,2,3,4,4,1,1,6,7
"10494",3,7,1,1,4,7,1,4,1,7,1,1,1,5,1,4,1,2,3,0,2,0,0,3,2,4,1,9,9
"10495",4,7,1,1,9,7,1,4,4,7,1,1,4,7,1,4,1,5,2,3,2,3,0,5,3,4,4,14,12
"10496",5,7,1,3,9,13,1,4,8,7,1,1,9,7,1,4,4,2,0,0,6,2,4,2,6,3,1,16,22
"10497",6,7,1,7,9,13,3,4,8,7,1,3,9,13,1,4,8,2,4,0,2,0,0,4,2,3,2,20,24
"10498",7,12,1,13,9,13,9,4,12,7,1,7,9,13,3,4,8,3,6,6,3,6,0,6,6,3,2,31,34
"10499",8,15,1,13,9,13,9,8,12,12,1,13,9,13,9,4,12,3,0,0,4,4,2,3,4,1,3,34,38
"10500",9,15,1,13,13,13,11,8,12,15,1,13,9,13,9,8,12,4,2,0,2,0,0,4,2,4,2,38,40
"10501",10,15,1,13,16,13,11,9,12,15,1,13,13,13,11,8,12,1,1,3,1,1,0,3,1,4,3,41,41
"10502",11,15,1,14,16,23,11,9,12,15,1,13,16,13,11,9,12,1,0,0,6,4,4,1,6,3,1,42,51
"10503",12,15,1,14,20,23,11,9,12,15,1,14,16,23,11,9,12,4,4,0,4,0,0,4,0,4,0,46,51
"10504",0,0,0,0,0,0,0,0,0,0,0,0,0,0,0,0,0,0,0,0,0,0,0,0,0,0,0,0,0
"10505",1,1,5,1,7,1,1,4,1,1,1,1,1,1,1,1,1,6,3,3,3,3,0,6,3,4,3,10,3
"10506",2,1,5,1,10,4,1,4,1,1,5,1,7,1,1,4,1,3,0,0,3,1,2,3,3,4,1,13,6
"10507",3,3,5,1,10,4,1,4,2,1,5,1,10,4,1,4,1,1,2,0,1,0,0,2,1,1,4,15,7
"10508",4,6,5,1,10,4,1,5,2,3,5,1,10,4,1,4,2,3,1,1,1,1,0,3,1,1,3,18,8
"10509",5,6,5,2,10,8,1,5,2,6,5,1,10,4,1,5,2,1,0,0,3,4,1,1,4,3,1,19,12
"10510",6,6,5,5,10,8,2,5,2,6,5,2,10,8,1,5,2,3,1,0,1,0,0,3,1,3,2,22,13
"10511",7,6,5,5,14,8,3,5,2,6,5,5,10,8,2,5,2,1,4,2,1,2,0,4,1,4,2,26,14
"10512",8,6,5,7,14,8,8,5,2,6,5,5,14,8,3,5,2,2,0,0,5,4,5,2,5,3,2,28,19
"10513",9,6,10,7,14,8,12,5,2,6,5,7,14,8,8,5,2,4,5,0,4,0,0,5,4,2,2,33,23
"10514",10,11,10,7,14,8,12,5,3,6,10,7,14,8,12,5,2,5,2,1,2,1,0,5,1,1,4,38,24
"10515",11,13,10,7,14,13,12,5,3,11,10,7,14,8,12,5,3,2,0,0,5,5,2,2,5,1,1,40,29
"10516",12,15,10,7,14,13,12,5,3,13,10,7,14,13,12,5,3,5,2,0,5,0,0,2,0,1,0,42,29
"10517",0,0,0,0,0,0,0,0,0,0,0,0,0,0,0,0,0,0,0,0,0,0,0,0,0,0,0,0,0
"10518",1,7,1,1,6,6,1,1,1,1,1,1,1,1,1,1,1,5,6,4,5,4,0,6,5,1,1,11,5
"10519",2,7,5,1,6,6,1,7,4,7,1,1,6,6,1,1,1,4,0,0,2,2,6,4,6,2,3,15,14
"10520",3,7,7,1,6,8,1,7,4,7,5,1,6,6,1,7,4,2,2,0,2,0,0,2,2,2,1,17,16
"10521",4,7,7,1,11,8,1,11,4,7,7,1,6,8,1,7,4,4,5,2,4,2,0,5,4,4,3,22,20
"10522",5,9,7,1,11,8,1,11,7,7,7,1,11,8,1,11,4,2,0,0,2,1,3,2,3,1,4,24,23
"10523",6,9,7,1,13,8,2,11,7,9,7,1,11,8,1,11,7,2,1,0,1,0,0,2,1,4,2,26,24
"10524",7,9,13,2,13,8,2,11,12,9,7,1,13,8,2,11,7,5,4,6,5,4,0,6,5,2,4,33,29
"10525",8,9,13,2,17,8,2,11,13,9,13,2,13,8,2,11,12,4,0,0,1,3,6,4,1,4,4,37,30
"10526",9,9,16,8,17,8,5,11,13,9,13,2,17,8,2,11,13,3,6,0,3,0,0,6,3,3,2,46,33
"10527",10,14,16,8,17,8,5,11,14,9,16,8,17,8,5,11,13,1,1,5,1,1,0,5,1,1,4,51,34
"10528",11,15,16,8,17,9,5,11,14,14,16,8,17,8,5,11,14,1,0,0,1,4,5,1,1,1,1,52,35
"10529",12,15,20,8,17,9,5,11,14,15,16,8,17,9,5,11,14,4,5,0,5,0,0,4,0,2,0,56,35
"10530",0,0,0,0,0,0,0,0,0,0,0,0,0,0,0,0,0,0,0,0,0,0,0,0,0,0,0,0,0
"10531",1,1,1,1,5,1,1,1,5,1,1,1,1,1,1,1,1,4,1,4,1,4,0,4,4,4,4,4,4
"10532",2,1,1,1,6,6,1,1,5,1,1,1,5,1,1,1,5,1,0,0,5,1,2,1,5,4,1,5,9
"10533",3,1,1,3,6,7,1,1,5,1,1,1,6,6,1,1,5,1,2,0,1,0,0,2,1,3,1,7,10
"10534",4,1,8,3,6,7,6,1,5,1,1,3,6,7,1,1,5,6,2,5,2,5,0,6,5,2,2,14,15
"10535",5,3,8,3,6,7,6,1,6,1,8,3,6,7,6,1,5,2,0,0,1,6,5,2,1,1,4,16,16
"10536",6,15,8,3,7,7,6,6,6,3,8,3,6,7,6,1,6,6,5,0,5,0,0,6,5,1,3,29,21
"10537",7,15,8,3,11,7,6,6,9,15,8,3,7,7,6,6,6,3,4,4,3,4,0,4,3,4,4,33,24
"10538",8,15,8,7,11,7,10,6,9,15,8,3,11,7,6,6,9,4,0,0,4,2,2,4,4,3,2,37,28
"10539",9,15,8,9,11,9,10,6,9,15,8,7,11,7,10,6,9,2,2,0,2,0,0,2,2,3,1,39,30
"10540",10,15,8,14,11,9,10,11,9,15,8,9,11,9,10,6,9,5,1,5,1,5,0,5,5,3,3,44,35
"10541",11,16,8,14,11,14,10,11,9,15,8,14,11,9,10,11,9,1,0,0,5,2,3,1,5,1,1,45,40
"10542",12,16,8,17,11,14,10,11,9,16,8,14,11,14,10,11,9,2,3,0,2,0,0,3,0,3,0,48,40
"10543",0,0,0,0,0,0,0,0,0,0,0,0,0,0,0,0,0,0,0,0,0,0,0,0,0,0,0,0,0
"10544",1,1,7,1,6,1,1,5,1,1,1,1,1,1,1,1,1,6,2,4,2,4,0,6,4,2,3,11,4
"10545",2,1,7,3,6,7,5,5,1,1,7,1,6,1,1,5,1,2,0,0,6,1,1,2,6,3,1,13,14
"10546",3,1,8,3,6,7,6,5,1,1,7,3,6,7,5,5,1,1,1,0,1,0,0,1,1,2,2,14,15
"10547",4,1,8,3,9,7,6,5,6,1,8,3,6,7,6,5,1,1,3,5,1,5,0,3,5,4,4,17,20
"10548",5,2,8,3,9,12,6,5,6,1,8,3,9,7,6,5,6,1,0,0,2,3,5,1,5,1,1,18,25
"10549",6,2,8,3,12,12,6,5,8,2,8,3,9,12,6,5,6,2,3,0,2,0,0,3,2,4,4,21,27
"10550",7,2,12,3,12,18,10,5,8,2,8,3,12,12,6,5,8,4,2,6,2,6,0,4,6,2,1,25,37
"10551",8,2,12,5,12,19,10,5,8,2,12,3,12,18,10,5,8,2,0,0,1,3,4,2,1,3,1,27,38
"10552",9,2,12,9,12,19,13,5,8,2,12,5,12,19,10,5,8,3,4,0,3,0,0,4,3,3,2,31,41
"10553",10,11,12,9,12,30,13,5,8,2,12,9,12,19,13,5,8,3,6,6,3,6,0,6,6,1,1,40,52
"10554",11,15,12,12,12,3,13,5,8,11,12,9,12,30,13,5,8,3,0,0,2,4,3,3,2,3,1,47,25
"10555",12,19,12,12,12,3,13,5,8,15,12,12,12,3,13,5,8,4,3,0,3,0,0,4,0,1,0,51,25
"10556",0,0,0,0,0,0,0,0,0,0,0,0,0,0,0,0,0,0,0,0,0,0,0,0,0,0,0,0,0
"10557",1,1,1,1,6,2,1,1,1,1,1,1,1,1,1,1,1,5,1,3,1,3,0,5,1,4,1,5,1
"10558",2,4,1,1,6,2,1,1,2,1,1,1,6,2,1,1,1,3,0,0,1,3,5,3,1,1,4,8,2
"10559",3,4,6,1,6,2,1,1,5,4,1,1,6,2,1,1,2,3,5,0,3,0,0,5,3,2,4,13,5
"10560",4,9,6,1,6,11,7,1,5,4,6,1,6,2,1,1,5,5,6,4,6,4,0,5,6,1,1,18,20
"10561",5,9,10,1,6,11,7,2,5,9,6,1,6,11,7,1,5,4,0,0,5,2,1,4,1,2,3,22,21
"10562",6,9,15,1,6,13,7,2,5,9,10,1,6,11,7,2,5,5,2,0,2,0,0,5,2,2,1,27,23
"10563",7,13,15,1,6,17,7,2,5,9,15,1,6,13,7,2,5,3,4,4,3,4,0,4,4,1,1,31,27
"10564",8,13,15,1,9,17,13,6,5,13,15,1,6,17,7,2,5,3,0,0,3,3,6,3,6,4,2,34,37
"10565",9,13,18,1,9,20,13,6,5,13,15,1,9,17,13,6,5,3,3,0,3,0,0,3,3,2,1,37,40
"10566",10,13,21,1,9,20,13,8,5,13,18,1,9,20,13,6,5,2,3,3,2,3,0,3,2,2,3,40,42
"10567",11,16,21,1,9,20,13,9,11,13,21,1,9,20,13,8,5,3,0,0,2,2,6,3,6,1,4,43,49
"10568",12,16,23,1,9,20,13,9,11,16,21,1,9,20,13,9,11,2,2,0,2,0,0,2,0,2,0,45,49
"10569",0,0,0,0,0,0,0,0,0,0,0,0,0,0,0,0,0,0,0,0,0,0,0,0,0,0,0,0,0
"10570",1,2,1,7,1,1,1,4,1,1,1,1,1,1,1,1,1,6,3,2,3,2,0,6,3,3,3,7,3
"10571",2,2,3,7,1,1,1,4,2,2,1,7,1,1,1,4,1,2,0,0,1,1,3,2,1,2,4,9,4
"10572",3,2,3,7,4,2,1,4,2,2,3,7,1,1,1,4,2,1,3,0,1,0,0,3,1,4,1,12,5
"10573",4,2,8,7,4,7,1,4,2,2,3,7,4,2,1,4,2,3,5,5,3,5,0,5,5,2,1,17,10
"10574",5,2,8,10,4,10,1,4,2,2,8,7,4,7,1,4,2,3,0,0,3,2,1,3,3,3,1,20,13
"10575",6,2,8,12,4,11,1,4,2,2,8,10,4,10,1,4,2,2,1,0,1,0,0,2,1,3,1,22,14
"10576",7,7,8,12,4,14,1,4,2,2,8,12,4,11,1,4,2,3,5,2,3,2,0,5,3,1,1,27,17
"10577",8,7,10,12,4,19,1,10,2,7,8,12,4,14,1,4,2,2,0,0,6,3,5,2,6,2,3,29,28
"10578",9,7,10,12,9,22,1,10,2,7,10,12,4,19,1,10,2,3,5,0,3,0,0,5,3,4,1,34,31
"10579",10,12,10,12,15,22,1,10,3,7,10,12,9,22,1,10,2,1,1,6,1,1,0,6,1,4,4,45,32
"10580",11,12,11,12,15,24,1,10,3,12,10,12,15,22,1,10,3,1,0,0,2,2,1,1,2,2,1,46,34
"10581",12,12,11,14,15,24,1,10,3,12,11,12,15,24,1,10,3,2,1,0,1,0,0,2,0,3,0,48,34
"10582",0,0,0,0,0,0,0,0,0,0,0,0,0,0,0,0,0,0,0,0,0,0,0,0,0,0,0,0,0
"10583",1,1,1,1,4,4,1,1,1,1,1,1,1,1,1,1,1,3,3,1,3,1,0,3,3,4,1,3,3
"10584",2,1,2,1,4,4,6,1,1,1,1,1,4,4,1,1,1,1,0,0,4,5,1,1,5,2,2,4,8
"10585",3,5,2,1,4,4,6,1,2,1,2,1,4,4,6,1,1,4,1,0,1,0,0,4,1,1,4,8,9
"10586",4,5,2,4,4,7,6,1,2,5,2,1,4,4,6,1,2,3,3,3,3,3,0,3,3,3,1,11,12
"10587",5,5,5,4,4,7,6,5,2,5,2,4,4,7,6,1,2,3,0,0,4,3,5,3,4,2,3,14,16
"10588",6,5,10,4,4,7,9,5,2,5,5,4,4,7,6,5,2,3,5,0,3,0,0,5,3,2,2,19,19
"10589",7,5,10,4,8,10,9,5,2,5,10,4,4,7,9,5,2,3,1,4,3,1,0,4,3,4,1,23,22
"10590",8,5,10,5,8,19,9,5,2,5,10,4,8,10,9,5,2,1,0,0,1,6,6,1,6,3,1,24,31
"10591",9,5,13,5,14,19,10,5,2,5,10,5,8,19,9,5,2,1,6,0,1,0,0,6,1,4,2,33,32
"10592",10,5,18,5,14,19,10,7,2,5,13,5,14,19,10,5,2,2,5,3,2,3,0,5,2,2,3,38,34
"10593",11,8,18,5,14,21,22,7,2,5,18,5,14,19,10,7,2,3,0,0,6,1,6,3,6,1,2,41,48
"10594",12,10,24,5,14,21,22,7,2,8,18,5,14,21,22,7,2,1,6,0,1,0,0,6,0,2,0,49,48
"10595",0,0,0,0,0,0,0,0,0,0,0,0,0,0,0,0,0,0,0,0,0,0,0,0,0,0,0,0,0
"10596",1,1,1,4,1,1,1,3,1,1,1,1,1,1,1,1,1,3,2,3,2,3,0,3,2,3,3,3,2
"10597",2,1,1,4,4,6,1,3,1,1,1,4,1,1,1,3,1,3,0,0,6,5,4,3,5,4,1,6,7
"10598",3,1,8,4,4,6,5,3,1,1,1,4,4,6,1,3,1,6,4,0,4,0,0,6,4,2,2,13,11
"10599",4,1,13,4,4,13,5,3,1,1,8,4,4,6,5,3,1,6,2,5,6,2,0,5,6,2,1,18,18
"10600",5,1,13,6,4,19,7,3,1,1,13,4,4,13,5,3,1,2,0,0,1,6,4,2,6,3,1,20,26
"10601",6,5,13,6,4,20,7,3,1,1,13,6,4,19,7,3,1,1,4,0,1,0,0,4,1,1,1,24,27
"10602",7,5,13,9,4,20,7,6,1,5,13,6,4,20,7,3,1,3,3,3,3,3,0,3,3,3,3,27,30
"10603",8,5,16,9,4,20,11,6,1,5,13,9,4,20,7,6,1,3,0,0,4,1,1,3,4,2,2,30,34
"10604",9,5,16,9,5,20,12,6,1,5,16,9,4,20,11,6,1,1,1,0,1,0,0,1,1,4,2,31,35
"10605",10,5,16,13,5,20,12,6,5,5,16,9,5,20,12,6,1,1,4,4,1,4,0,4,4,3,4,35,39
"10606",11,5,17,13,5,24,12,6,5,5,16,13,5,20,12,6,5,1,0,0,4,3,3,1,4,2,1,36,43
"10607",12,5,20,13,5,24,12,6,5,5,17,13,5,24,12,6,5,3,3,0,3,0,0,3,0,2,0,39,43
"10608",0,0,0,0,0,0,0,0,0,0,0,0,0,0,0,0,0,0,0,0,0,0,0,0,0,0,0,0,0
"10609",1,1,1,3,1,1,1,5,1,1,1,1,1,1,1,1,1,4,3,2,4,3,0,2,4,3,3,2,4
"10610",2,1,1,3,4,1,1,5,5,1,1,3,1,1,1,5,1,3,0,0,4,6,1,3,4,4,4,5,8
"10611",3,1,1,6,10,1,2,5,5,1,1,3,4,1,1,5,5,6,1,0,1,0,0,6,1,4,2,14,9
"10612",4,5,1,6,10,1,4,5,5,1,1,6,10,1,2,5,5,1,4,2,1,2,0,4,2,1,2,18,11
"10613",5,5,1,6,11,1,4,5,9,5,1,6,10,1,4,5,5,1,0,0,1,3,4,1,4,4,4,19,15
"10614",6,5,1,9,11,1,4,5,10,5,1,6,11,1,4,5,9,1,3,0,1,0,0,3,1,3,4,22,16
"10615",7,5,7,9,12,1,4,9,10,5,1,9,11,1,4,5,10,4,4,6,4,4,0,6,4,2,3,29,20
"10616",8,5,11,9,12,1,4,9,14,5,7,9,12,1,4,9,10,4,0,0,6,3,4,4,4,2,4,33,24
"10617",9,11,14,9,12,4,4,9,14,5,11,9,12,1,4,9,14,6,3,0,3,0,0,6,3,1,1,42,27
"10618",10,15,14,9,12,4,4,9,16,11,14,9,12,4,4,9,14,2,4,3,2,3,0,4,2,1,4,46,29
"10619",11,18,14,9,12,4,4,9,20,15,14,9,12,4,4,9,16,3,0,0,4,1,6,3,4,1,4,49,33
"10620",12,18,14,9,13,4,4,9,20,18,14,9,12,4,4,9,20,1,6,0,6,0,0,1,0,4,0,50,33
"10621",0,0,0,0,0,0,0,0,0,0,0,0,0,0,0,0,0,0,0,0,0,0,0,0,0,0,0,0,0
"10622",1,2,1,1,1,2,1,1,1,1,1,1,1,1,1,1,1,3,1,1,3,1,0,1,1,1,1,1,1
"10623",2,5,1,1,1,2,1,1,4,2,1,1,1,2,1,1,1,3,0,0,3,3,3,3,3,1,4,4,4
"10624",3,5,1,1,4,5,1,1,4,5,1,1,1,2,1,1,4,3,3,0,3,0,0,3,3,4,1,7,7
"10625",4,7,13,1,4,5,1,1,9,5,1,1,4,5,1,1,4,6,5,4,5,4,0,6,5,2,4,21,12
"10626",5,11,13,1,4,5,6,1,15,7,13,1,4,5,1,1,9,4,0,0,6,2,3,4,6,1,4,25,23
"10627",6,11,16,1,4,5,6,1,17,11,13,1,4,5,6,1,15,2,3,0,2,0,0,3,2,2,4,28,25
"10628",7,17,16,1,7,5,6,5,17,11,16,1,4,5,6,1,17,6,4,3,4,3,0,6,4,1,3,37,29
"10629",8,17,16,1,10,6,12,5,17,17,16,1,7,5,6,5,17,3,0,0,3,4,6,3,6,4,2,40,36
"10630",9,17,16,1,14,6,15,5,17,17,16,1,10,6,12,5,17,3,4,0,3,0,0,4,3,4,2,44,39
"10631",10,19,16,1,20,6,15,8,17,17,16,1,14,6,15,5,17,3,6,1,3,1,0,6,3,4,3,52,42
"10632",11,20,16,1,20,6,15,8,19,19,16,1,20,6,15,8,17,1,0,0,5,2,4,1,2,1,4,53,44
"10633",12,20,16,5,20,6,15,8,19,20,16,1,20,6,15,8,19,5,4,0,5,0,0,4,0,3,0,57,44
"10634",0,0,0,0,0,0,0,0,0,0,0,0,0,0,0,0,0,0,0,0,0,0,0,0,0,0,0,0,0
"10635",1,1,3,1,1,1,1,1,2,1,1,1,1,1,1,1,1,2,3,1,3,1,0,2,1,2,4,2,1
"10636",2,1,3,1,4,1,3,1,2,1,3,1,1,1,1,1,2,3,0,0,3,2,4,3,2,4,2,5,3
"10637",3,5,3,1,4,1,6,1,2,1,3,1,4,1,3,1,2,3,4,0,3,0,0,4,3,1,2,9,6
"10638",4,5,3,4,4,3,6,1,2,5,3,1,4,1,6,1,2,2,3,1,2,1,0,3,2,3,1,12,8
"10639",5,5,3,5,4,3,11,1,2,5,3,4,4,3,6,1,2,1,0,0,5,5,1,1,5,3,2,13,13
"10640",6,5,8,5,4,3,11,2,2,5,3,5,4,3,11,1,2,5,1,0,1,0,0,5,1,2,3,18,14
"10641",7,5,8,9,4,3,11,2,4,5,8,5,4,3,11,2,2,2,4,1,2,1,0,4,2,3,4,22,16
"10642",8,6,8,9,4,3,11,2,9,5,8,9,4,3,11,2,4,1,0,0,5,4,3,1,5,1,4,23,21
"10643",9,10,8,9,4,6,11,2,9,6,8,9,4,3,11,2,9,4,3,0,3,0,0,4,3,1,1,27,24
"10644",10,10,8,9,8,6,11,6,9,10,8,9,4,6,11,2,9,4,4,2,4,2,0,4,4,4,3,31,28
"10645",11,12,8,9,8,10,17,6,9,10,8,9,8,6,11,6,9,2,0,0,4,6,6,2,6,1,2,33,38
"10646",12,16,8,15,8,10,17,6,9,12,8,9,8,10,17,6,9,4,6,0,4,0,0,6,0,3,0,43,38
"10647",0,0,0,0,0,0,0,0,0,0,0,0,0,0,0,0,0,0,0,0,0,0,0,0,0,0,0,0,0
"10648",1,2,1,1,1,1,4,1,1,1,1,1,1,1,1,1,1,3,1,2,3,2,0,1,3,1,2,1,3
"10649",2,4,1,1,1,7,4,1,2,2,1,1,1,1,4,1,1,2,0,0,6,6,2,2,6,1,1,3,10
"10650",3,5,7,1,1,9,4,1,2,4,1,1,1,7,4,1,2,6,2,0,2,0,0,6,2,2,1,10,12
"10651",4,11,7,6,1,9,9,1,2,5,7,1,1,9,4,1,2,5,6,1,5,1,0,6,5,1,2,21,17
"10652",5,11,8,6,1,9,9,1,7,11,7,6,1,9,9,1,2,1,0,0,5,5,4,1,5,2,4,22,22
"10653",6,11,13,6,1,9,9,1,11,11,8,6,1,9,9,1,7,5,4,0,4,0,0,5,4,2,4,27,26
"10654",7,11,13,6,3,9,9,2,11,11,13,6,1,9,9,1,11,1,1,2,1,1,0,2,1,4,3,29,27
"10655",8,11,13,6,4,9,10,2,11,11,13,6,3,9,9,2,11,1,0,0,1,3,1,1,1,4,2,30,28
"10656",9,11,13,6,7,9,10,3,11,11,13,6,4,9,10,2,11,3,1,0,1,0,0,3,1,4,3,33,29
"10657",10,11,13,10,7,11,10,3,11,11,13,6,7,9,10,3,11,2,4,1,2,1,0,4,2,3,1,37,31
"10658",11,12,13,10,7,14,10,3,11,11,13,10,7,11,10,3,11,1,0,0,3,1,3,1,3,1,1,38,34
"10659",12,12,13,10,10,14,10,3,11,12,13,10,7,14,10,3,11,1,3,0,1,0,0,3,0,4,0,41,34
"10660",0,0,0,0,0,0,0,0,0,0,0,0,0,0,0,0,0,0,0,0,0,0,0,0,0,0,0,0,0
"10661",1,1,3,1,1,1,1,5,7,1,1,1,1,1,1,1,1,6,6,2,6,6,0,2,6,2,4,2,10
"10662",2,1,9,1,5,1,2,5,7,1,3,1,1,1,1,5,7,6,0,0,3,1,2,6,1,2,2,12,11
"10663",3,1,9,1,8,1,2,7,7,1,9,1,5,1,2,5,7,3,2,0,2,0,0,3,2,4,3,15,13
"10664",4,4,9,1,8,1,2,7,10,1,9,1,8,1,2,7,7,3,3,1,3,1,0,3,3,1,4,18,16
"10665",5,4,10,1,8,1,2,7,14,4,9,1,8,1,2,7,10,1,0,0,4,1,4,1,4,2,4,19,20
"10666",6,4,10,5,8,1,2,7,15,4,10,1,8,1,2,7,14,1,4,0,1,0,0,4,1,3,4,23,21
"10667",7,8,10,5,8,4,2,7,15,4,10,5,8,1,2,7,15,3,4,3,3,3,0,4,3,1,1,27,24
"10668",8,11,10,5,8,7,2,7,15,8,10,5,8,4,2,7,15,3,0,0,3,1,5,3,3,1,1,30,27
"10669",9,11,10,5,13,7,2,8,15,11,10,5,8,7,2,7,15,1,5,0,1,0,0,5,1,4,3,35,28
"10670",10,11,16,5,17,11,2,8,15,11,10,5,13,7,2,8,15,4,6,2,4,2,0,6,4,2,1,45,32
"10671",11,13,16,5,17,11,2,8,16,11,16,5,17,11,2,8,15,2,0,0,4,1,1,2,1,1,4,47,33
"10672",12,13,20,5,20,11,1,8,16,13,16,5,17,11,2,8,16,4,1,0,1,0,0,4,0,2,0,54,32
"10673",0,0,0,0,0,0,0,0,0,0,0,0,0,0,0,0,0,0,0,0,0,0,0,0,0,0,0,0,0
"10674",1,1,3,1,1,2,1,1,1,1,1,1,1,1,1,1,1,1,1,2,1,1,0,2,1,2,1,2,1
"10675",2,1,4,1,1,8,5,1,1,1,3,1,1,2,1,1,1,1,0,0,6,3,6,1,6,2,1,3,11
"10676",3,1,10,4,1,11,5,1,1,1,4,1,1,8,5,1,1,3,6,0,3,0,0,6,3,2,1,12,14
"10677",4,1,10,4,4,11,5,5,1,1,10,4,1,11,5,1,1,1,4,3,1,4,0,3,4,4,3,15,18
"10678",5,1,10,5,4,11,9,5,1,1,10,4,4,11,5,5,1,1,0,0,6,4,4,1,4,3,2,16,22
"10679",6,1,16,9,4,11,13,5,1,1,10,5,4,11,9,5,1,6,4,0,4,0,0,6,4,2,2,26,26
"10680",7,1,16,13,16,11,13,8,1,1,16,9,4,11,13,5,1,6,3,4,3,4,0,6,3,4,3,42,29
"10681",8,1,16,17,16,16,13,8,1,1,16,13,16,11,13,8,1,4,0,0,5,3,6,4,5,3,1,46,34
"10682",9,7,16,17,19,16,13,11,1,1,16,17,16,16,13,8,1,3,6,0,3,0,0,6,3,1,3,55,37
"10683",10,7,16,18,19,16,13,14,1,7,16,17,19,16,13,11,1,5,3,1,5,3,0,1,3,3,3,56,40
"10684",11,12,16,18,19,16,17,14,1,7,16,18,19,16,13,14,1,5,0,0,4,1,4,5,4,1,2,61,44
"10685",12,12,16,18,23,16,17,14,1,12,16,18,19,16,17,14,1,1,4,0,1,0,0,4,0,4,0,65,44
"10686",0,0,0,0,0,0,0,0,0,0,0,0,0,0,0,0,0,0,0,0,0,0,0,0,0,0,0,0,0
"10687",1,1,1,6,1,3,1,1,1,1,1,1,1,1,1,1,1,5,2,5,2,5,0,5,2,3,1,5,2
"10688",2,6,1,6,1,3,1,5,1,1,1,6,1,3,1,1,1,5,0,0,4,3,2,5,4,1,3,10,6
"10689",3,6,1,6,4,5,1,5,1,6,1,6,1,3,1,5,1,3,2,0,2,0,0,3,2,4,1,13,8
"10690",4,6,1,11,4,5,1,5,5,6,1,6,4,5,1,5,1,2,5,4,2,4,0,5,4,3,4,18,12
"10691",5,8,1,11,4,5,1,8,5,6,1,11,4,5,1,5,5,2,0,0,3,4,3,2,3,1,3,20,15
"10692",6,12,1,11,4,5,1,8,8,8,1,11,4,5,1,8,5,4,3,0,3,0,0,4,3,1,4,24,18
"10693",7,12,1,11,8,5,5,8,8,12,1,11,4,5,1,8,8,4,4,4,4,4,0,4,4,4,2,28,22
"10694",8,12,1,11,12,5,5,13,8,12,1,11,8,5,5,8,8,4,0,0,1,3,5,4,5,4,3,32,27
"10695",9,12,4,11,12,5,5,13,9,12,1,11,12,5,5,13,8,1,3,0,1,0,0,3,1,2,4,35,28
"10696",10,12,8,17,12,7,5,13,9,12,4,11,12,5,5,13,9,2,1,6,2,1,0,6,2,3,1,45,30
"10697",11,13,8,17,12,10,5,13,9,12,8,17,12,7,5,13,9,1,0,0,3,6,1,1,3,1,1,46,33
"10698",12,14,8,17,12,10,5,13,9,13,8,17,12,10,5,13,9,6,1,0,6,0,0,1,0,1,0,47,33
"10699",0,0,0,0,0,0,0,0,0,0,0,0,0,0,0,0,0,0,0,0,0,0,0,0,0,0,0,0,0
"10700",1,1,1,6,1,6,1,1,1,1,1,1,1,1,1,1,1,5,5,2,5,2,0,5,5,3,1,5,5
"10701",2,3,1,6,1,6,3,1,1,1,1,6,1,6,1,1,1,2,0,0,4,2,2,2,2,1,2,7,7
"10702",3,3,1,10,1,8,3,1,1,3,1,6,1,6,3,1,1,4,2,0,2,0,0,4,2,3,1,11,9
"10703",4,8,1,10,1,8,7,1,1,3,1,10,1,8,3,1,1,4,5,1,4,1,0,5,4,1,2,16,13
"10704",5,8,1,10,2,12,7,1,1,8,1,10,1,8,7,1,1,1,0,0,4,2,1,1,4,4,1,17,17
"10705",6,8,1,10,4,12,7,2,1,8,1,10,2,12,7,1,1,2,1,0,1,0,0,2,1,4,3,19,18
"10706",7,8,1,13,4,12,7,2,2,8,1,10,4,12,7,2,1,1,4,3,1,4,0,3,1,3,4,22,19
"10707",8,8,1,13,8,12,12,2,2,8,1,13,4,12,7,2,2,4,0,0,4,5,4,4,5,4,2,26,24
"10708",9,12,1,13,8,12,12,6,2,8,1,13,8,12,12,2,2,4,4,0,4,0,0,4,4,1,3,30,28
"10709",10,12,1,14,14,12,12,6,5,12,1,13,8,12,12,6,2,2,6,3,2,3,0,6,3,4,4,37,31
"10710",11,12,3,14,14,13,12,6,5,12,1,14,14,12,12,6,5,2,0,0,1,4,2,2,1,2,1,39,32
"10711",12,12,5,14,14,13,12,6,5,12,3,14,14,13,12,6,5,4,2,0,4,0,0,2,0,2,0,41,32
"10712",0,0,0,0,0,0,0,0,0,0,0,0,0,0,0,0,0,0,0,0,0,0,0,0,0,0,0,0,0
"10713",1,1,1,1,5,1,7,1,2,1,1,1,1,1,1,1,1,5,4,6,5,6,0,4,6,4,2,4,7
"10714",2,1,1,1,10,5,7,1,2,1,1,1,5,1,7,1,2,5,0,0,5,4,2,5,4,4,1,9,11
"10715",3,1,1,6,10,7,7,1,2,1,1,1,10,5,7,1,2,5,2,0,2,0,0,5,2,3,1,14,13
"10716",4,7,1,11,10,7,7,6,2,1,1,6,10,7,7,1,2,1,6,5,1,5,0,6,5,1,3,25,18
"10717",5,8,1,11,10,7,9,6,2,7,1,11,10,7,7,6,2,1,0,0,2,4,3,1,2,1,2,26,20
"10718",6,12,1,11,10,7,9,9,2,8,1,11,10,7,9,6,2,4,3,0,3,0,0,4,3,1,3,30,23
"10719",7,12,7,11,15,9,9,15,2,12,1,11,10,7,9,9,2,6,6,1,6,1,0,6,6,2,3,41,31
"10720",8,13,7,11,15,9,13,15,2,12,7,11,15,9,9,15,2,1,0,0,4,5,2,1,4,1,2,42,35
"10721",9,13,7,16,15,9,13,17,2,13,7,11,15,9,13,15,2,5,2,0,2,0,0,5,2,3,3,47,37
"10722",10,18,13,16,15,13,13,17,2,13,7,16,15,9,13,17,2,4,6,4,4,4,0,6,4,2,1,58,41
"10723",11,21,19,20,21,17,13,17,1,18,13,16,15,13,13,17,2,4,0,0,4,3,5,4,4,3,1,77,44
"10724",12,21,19,23,21,17,13,17,1,21,19,20,21,17,13,17,1,3,5,0,5,0,0,3,0,3,0,80,44
"10725",0,0,0,0,0,0,0,0,0,0,0,0,0,0,0,0,0,0,0,0,0,0,0,0,0,0,0,0,0
"10726",1,1,1,7,2,1,5,1,1,1,1,1,1,1,1,1,1,4,6,4,4,4,0,6,4,3,2,7,4
"10727",2,5,1,7,2,1,10,1,1,1,1,7,2,1,5,1,1,4,0,0,5,1,5,4,5,1,2,11,9
"10728",3,10,1,7,2,2,10,1,1,5,1,7,2,1,10,1,1,1,5,0,1,0,0,5,1,1,1,16,10
"10729",4,10,5,7,2,2,14,1,1,10,1,7,2,2,10,1,1,4,2,4,2,4,0,4,4,2,2,20,14
"10730",5,12,5,7,2,2,18,1,1,10,5,7,2,2,14,1,1,2,0,0,4,6,4,2,4,1,2,22,18
"10731",6,12,11,8,2,2,22,1,1,12,5,7,2,2,18,1,1,6,4,0,4,0,0,6,4,2,2,29,22
"10732",7,12,11,13,1,2,26,1,3,12,11,8,2,2,22,1,1,6,4,6,4,6,0,6,4,4,2,33,28
"10733",8,12,15,19,1,2,26,4,3,12,11,13,1,2,26,1,3,6,0,0,3,3,2,6,3,3,3,43,31
"10734",9,15,15,19,1,2,28,4,3,12,15,19,1,2,26,4,3,3,2,0,2,0,0,3,2,1,2,46,33
"10735",10,15,15,19,12,2,28,8,3,15,15,19,1,2,28,4,3,4,5,6,4,5,0,6,4,4,3,57,37
"10736",11,15,15,19,17,2,30,8,3,15,15,19,12,2,28,8,3,5,0,0,6,2,4,5,2,4,2,62,39
"10737",12,15,15,23,17,2,30,8,3,15,15,19,17,2,30,8,3,6,4,0,6,0,0,4,0,3,0,66,39
"10738",0,0,0,0,0,0,0,0,0,0,0,0,0,0,0,0,0,0,0,0,0,0,0,0,0,0,0,0,0
"10739",1,1,1,1,6,3,1,1,1,1,1,1,1,1,1,1,1,2,1,5,2,1,0,5,2,4,1,5,2
"10740",2,1,1,2,6,8,13,1,1,1,1,1,6,3,1,1,1,1,0,0,1,2,6,1,6,3,2,6,19
"10741",3,3,1,2,6,9,13,1,1,1,1,2,6,8,13,1,1,1,2,0,1,0,0,2,1,1,1,8,20
"10742",4,3,1,2,9,9,14,1,1,3,1,2,6,9,13,1,1,1,3,2,1,2,0,3,1,4,2,11,21
"10743",5,3,3,1,9,9,20,6,1,3,1,2,9,9,14,1,1,2,0,0,5,1,6,2,6,2,2,12,32
"10744",6,3,7,2,9,14,1,6,1,3,3,1,9,9,20,6,1,5,1,0,5,0,0,1,5,3,1,17,18
"10745",7,3,9,2,9,14,1,9,1,3,7,2,9,14,1,6,1,1,2,3,1,3,0,2,3,2,3,19,21
"10746",8,3,10,2,9,18,7,9,1,3,9,2,9,14,1,9,1,1,0,0,5,6,3,1,6,2,2,20,31
"10747",9,8,10,2,9,21,7,9,1,3,10,2,9,18,7,9,1,5,3,0,3,0,0,5,3,1,1,25,34
"10748",10,8,10,4,1,27,10,9,1,8,10,2,9,21,7,9,1,2,6,2,6,2,0,2,6,3,1,19,43
"10749",11,8,1,4,3,33,10,9,1,8,10,4,1,27,10,9,1,2,0,0,1,3,1,2,1,4,1,12,49
"10750",12,11,1,4,3,33,10,9,1,8,1,4,3,33,10,9,1,3,1,0,1,0,0,3,0,1,0,15,49
"10751",0,0,0,0,0,0,0,0,0,0,0,0,0,0,0,0,0,0,0,0,0,0,0,0,0,0,0,0,0
"10752",1,1,1,6,1,1,1,1,5,1,1,1,1,1,1,1,1,5,4,4,4,4,0,5,4,3,4,5,4
"10753",2,1,5,6,1,1,1,10,11,1,1,6,1,1,1,1,5,4,0,0,2,6,6,4,6,2,4,9,19
"10754",3,2,5,12,1,1,3,10,11,1,5,6,1,1,1,10,11,2,6,0,2,0,0,6,2,3,2,16,21
"10755",4,7,5,12,1,2,3,10,11,2,5,12,1,1,3,10,11,1,3,5,1,3,0,5,1,1,1,21,22
"10756",5,7,5,12,4,2,3,10,16,7,5,12,1,2,3,10,11,3,0,0,5,6,1,3,5,4,4,24,27
"10757",6,7,5,14,10,2,3,10,17,7,5,12,4,2,3,10,16,6,1,0,1,0,0,6,1,4,4,32,28
"10758",7,7,5,14,14,2,3,10,19,7,5,14,10,2,3,10,17,4,1,2,1,2,0,4,2,4,4,36,30
"10759",8,1,5,15,14,5,3,10,25,7,5,14,14,2,3,10,19,1,0,0,3,6,4,1,6,3,4,31,39
"10760",9,1,5,15,18,8,3,10,25,1,5,15,14,5,3,10,25,3,4,0,3,0,0,4,3,4,1,35,42
"10761",10,12,5,15,18,10,3,10,1,1,5,15,18,8,3,10,25,2,6,2,2,2,0,6,2,1,1,46,20
"10762",11,14,5,15,18,11,3,10,1,12,5,15,18,10,3,10,1,2,0,0,1,5,3,2,1,1,1,48,21
"10763",12,14,5,15,23,11,3,10,1,14,5,15,18,11,3,10,1,5,3,0,3,0,0,5,0,4,0,53,21
"10764",0,0,0,0,0,0,0,0,0,0,0,0,0,0,0,0,0,0,0,0,0,0,0,0,0,0,0,0,0
"10765",1,1,7,1,6,1,8,1,7,1,1,1,1,1,1,1,1,6,6,4,6,4,0,6,6,2,2,11,13
"10766",2,5,7,1,6,1,8,1,8,1,7,1,6,1,8,1,7,4,0,0,1,1,3,4,1,1,4,15,14
"10767",3,8,7,1,6,1,8,1,9,5,7,1,6,1,8,1,8,1,3,0,1,0,0,3,1,1,4,18,15
"10768",4,8,10,1,6,1,8,1,14,8,7,1,6,1,8,1,9,5,3,1,5,1,0,3,5,2,4,21,20
"10769",5,8,10,2,6,1,12,1,14,8,10,1,6,1,8,1,14,1,0,0,4,2,1,1,4,3,2,22,24
"10770",6,8,10,2,8,1,12,2,14,8,10,2,6,1,12,1,14,2,1,0,1,0,0,2,1,4,3,24,25
"10771",7,8,10,8,16,4,12,2,14,8,10,2,8,1,12,2,14,3,6,3,3,3,0,6,3,4,1,38,28
"10772",8,11,10,8,16,4,15,2,14,8,10,8,16,4,12,2,14,3,0,0,4,3,3,3,3,1,2,41,31
"10773",9,11,10,11,16,8,15,2,14,11,10,8,16,4,15,2,14,4,3,0,4,0,0,3,4,3,1,44,35
"10774",10,11,14,11,16,8,18,2,14,11,10,11,16,8,15,2,14,3,4,1,3,1,0,4,3,2,2,48,38
"10775",11,11,14,12,16,11,18,2,14,11,14,11,16,8,18,2,14,1,0,0,3,1,4,1,3,3,1,49,41
"10776",12,16,14,18,20,11,18,1,14,11,14,12,16,11,18,2,14,1,4,0,1,0,0,4,0,4,0,64,40
"10777",0,0,0,0,0,0,0,0,0,0,0,0,0,0,0,0,0,0,0,0,0,0,0,0,0,0,0,0,0
"10778",1,1,3,7,1,5,1,1,1,1,1,1,1,1,1,1,1,4,6,5,4,5,0,6,4,3,1,8,4
"10779",2,6,3,7,1,5,1,6,1,1,3,7,1,5,1,1,1,5,0,0,4,5,1,5,5,1,3,13,9
"10780",3,6,3,7,5,6,1,6,1,6,3,7,1,5,1,6,1,4,1,0,1,0,0,4,1,4,1,17,10
"10781",4,6,3,11,5,6,1,9,1,6,3,7,5,6,1,6,1,3,4,4,3,4,0,4,3,3,3,21,13
"10782",5,10,3,11,5,6,1,9,4,6,3,11,5,6,1,9,1,4,0,0,3,4,5,4,3,1,4,25,16
"10783",6,10,8,11,5,6,1,9,8,10,3,11,5,6,1,9,4,4,5,0,4,0,0,5,4,2,4,30,20
"10784",7,10,14,13,5,6,1,9,11,10,8,11,5,6,1,9,8,6,3,3,3,3,0,6,3,2,4,38,23
"10785",8,13,14,13,5,6,1,9,14,10,14,13,5,6,1,9,11,3,0,0,3,1,4,3,3,1,4,41,26
"10786",9,13,15,13,5,10,1,9,14,13,14,13,5,6,1,9,14,1,4,0,4,0,0,1,4,2,1,42,30
"10787",10,18,15,13,11,10,1,9,19,13,15,13,5,10,1,9,14,5,1,6,5,1,0,6,5,4,4,53,35
"10788",11,18,15,13,12,14,1,9,19,18,15,13,11,10,1,9,19,1,0,0,4,3,4,1,4,4,1,54,39
"10789",12,18,18,13,12,14,1,9,19,18,15,13,12,14,1,9,19,3,4,0,4,0,0,3,0,2,0,57,39
"10790",0,0,0,0,0,0,0,0,0,0,0,0,0,0,0,0,0,0,0,0,0,0,0,0,0,0,0,0,0
"10791",1,1,1,3,7,5,1,1,1,1,1,1,1,1,1,1,1,4,4,6,4,4,0,6,4,4,1,8,4
"10792",2,5,1,3,7,5,1,4,1,1,1,3,7,5,1,1,1,4,0,0,5,3,3,4,3,1,3,12,7
"10793",3,10,1,3,7,5,4,4,1,5,1,3,7,5,1,4,1,5,3,0,3,0,0,5,3,1,2,17,10
"10794",4,10,6,3,7,5,4,7,1,10,1,3,7,5,4,4,1,5,3,3,3,3,0,5,3,2,3,22,13
"10795",5,10,9,3,7,5,7,7,1,10,6,3,7,5,4,7,1,3,0,0,3,1,3,3,3,2,2,25,16
"10796",6,10,9,3,10,6,7,7,1,10,9,3,7,5,7,7,1,1,3,0,1,0,0,3,1,4,1,28,17
"10797",7,10,15,3,13,6,11,7,1,10,9,3,10,6,7,7,1,2,6,4,2,4,0,6,4,2,2,37,21
"10798",8,10,15,3,15,6,12,7,1,10,15,3,13,6,11,7,1,2,0,0,1,3,1,2,1,4,2,39,22
"10799",9,10,15,6,15,6,12,8,1,10,15,3,15,6,12,7,1,3,1,0,1,0,0,3,1,3,3,42,23
"10800",10,14,15,6,15,6,20,8,1,10,15,6,15,6,12,8,1,4,6,5,6,5,0,4,6,1,2,46,31
"10801",11,14,1,6,15,6,20,10,2,14,15,6,15,6,20,8,1,5,0,0,1,1,6,5,1,2,4,32,34
"10802",12,15,1,6,15,6,20,10,2,14,1,6,15,6,20,10,2,1,6,0,6,0,0,1,0,1,0,33,34
"10803",0,0,0,0,0,0,0,0,0,0,0,0,0,0,0,0,0,0,0,0,0,0,0,0,0,0,0,0,0
"10804",1,1,10,1,1,1,4,7,1,1,1,1,1,1,1,1,1,6,5,6,5,6,0,6,6,2,3,9,9
"10805",2,6,10,1,1,3,4,7,1,1,10,1,1,1,4,7,1,5,0,0,4,2,1,5,2,1,1,14,11
"10806",3,6,14,1,1,4,4,7,1,6,10,1,1,3,4,7,1,4,1,0,1,0,0,4,1,2,1,18,12
"10807",4,6,14,11,1,5,4,7,1,6,14,1,1,4,4,7,1,6,1,2,1,2,0,6,1,3,1,28,13
"10808",5,6,14,13,1,5,4,11,1,6,14,11,1,5,4,7,1,2,0,0,6,4,3,2,4,3,3,30,17
"10809",6,17,14,13,1,5,4,11,4,6,14,13,1,5,4,11,1,6,3,0,3,0,0,6,3,1,4,41,20
"10810",7,17,18,13,13,6,4,11,4,17,14,13,1,5,4,11,4,1,5,6,1,5,0,6,1,4,1,57,21
"10811",8,17,18,13,18,7,4,11,10,17,18,13,13,6,4,11,4,5,0,0,3,6,3,5,6,4,4,62,28
"10812",9,17,18,16,18,10,4,11,10,17,18,13,18,7,4,11,10,3,3,0,3,0,0,3,3,3,1,65,31
"10813",10,22,20,16,18,11,1,11,10,17,18,16,18,10,4,11,10,5,1,4,1,4,0,5,1,1,1,72,29
"10814",11,26,20,16,18,11,1,14,10,22,20,16,18,11,1,11,10,4,0,0,3,3,1,4,3,1,3,76,32
"10815",12,26,20,16,19,11,1,14,10,26,20,16,18,11,1,14,10,3,1,0,3,0,0,1,0,4,0,77,32
"10816",0,0,0,0,0,0,0,0,0,0,0,0,0,0,0,0,0,0,0,0,0,0,0,0,0,0,0,0,0
"10817",1,1,7,1,4,1,5,1,1,1,1,1,1,1,1,1,1,6,4,2,4,2,0,6,4,2,2,9,4
"10818",2,3,7,1,4,4,5,1,1,1,7,1,4,1,5,1,1,2,0,0,4,3,6,2,3,1,1,11,7
"10819",3,3,13,3,4,8,5,1,1,3,7,1,4,4,5,1,1,4,6,0,4,0,0,6,4,2,1,19,11
"10820",4,3,13,8,4,8,5,4,1,3,13,3,4,8,5,1,1,5,1,3,1,3,0,5,3,3,3,24,14
"10821",5,3,14,8,4,12,5,4,7,3,13,8,4,8,5,4,1,1,0,0,6,6,6,1,6,2,4,25,24
"10822",6,12,14,14,4,18,5,4,10,3,14,8,4,12,5,4,7,6,6,0,6,0,0,6,6,3,1,40,33
"10823",7,12,14,14,7,18,5,6,10,12,14,14,4,18,5,4,10,2,3,2,2,2,0,3,2,4,3,43,35
"10824",8,12,14,14,9,18,9,6,10,12,14,14,7,18,5,6,10,2,0,0,4,3,1,2,4,4,2,45,39
"10825",9,12,17,14,9,19,9,6,10,12,14,14,9,18,9,6,10,3,1,0,1,0,0,3,1,2,1,48,40
"10826",10,12,17,19,9,19,9,8,10,12,17,14,9,19,9,6,10,5,1,2,1,2,0,5,2,3,3,53,42
"10827",11,13,17,19,9,22,9,8,10,12,17,19,9,19,9,8,10,1,0,0,6,3,2,1,3,1,1,54,45
"10828",12,17,23,19,9,22,9,8,10,13,17,19,9,22,9,8,10,6,2,0,2,0,0,6,0,2,0,64,45
"10829",0,0,0,0,0,0,0,0,0,0,0,0,0,0,0,0,0,0,0,0,0,0,0,0,0,0,0,0,0
"10830",1,1,10,1,1,1,1,4,1,1,1,1,1,1,1,1,1,3,1,6,3,1,0,6,3,2,3,9,3
"10831",2,2,10,1,1,1,1,5,1,1,10,1,1,1,1,4,1,1,0,0,3,3,1,1,1,1,3,10,4
"10832",3,5,10,1,1,4,1,5,1,2,10,1,1,1,1,5,1,3,3,0,3,0,0,3,3,1,1,13,7
"10833",4,5,10,4,1,4,6,5,1,5,10,1,1,4,1,5,1,5,1,3,5,1,0,3,5,3,2,16,12
"10834",5,5,10,5,1,4,8,5,1,5,10,4,1,4,6,5,1,1,0,0,2,5,1,1,2,3,2,17,14
"10835",6,5,10,5,6,4,8,6,1,5,10,5,1,4,8,5,1,5,1,0,1,0,0,5,1,4,3,22,15
"10836",7,5,10,5,16,4,8,6,3,5,10,5,6,4,8,6,1,2,5,6,2,5,0,6,2,4,4,32,17
"10837",8,5,15,5,16,4,8,11,3,5,10,5,16,4,8,6,3,5,0,0,5,4,1,5,5,2,3,37,22
"10838",9,5,15,9,16,4,8,11,4,5,15,5,16,4,8,11,3,4,1,0,1,0,0,4,1,3,4,41,23
"10839",10,11,15,10,16,4,8,16,4,5,15,9,16,4,8,11,4,6,4,5,4,5,0,6,5,1,3,48,28
"10840",11,15,15,10,16,4,13,16,4,11,15,10,16,4,8,16,4,4,0,0,6,5,2,4,5,1,2,52,33
"10841",12,15,24,10,16,4,13,16,4,15,15,10,16,4,13,16,4,6,2,0,2,0,0,6,0,2,0,61,33
"10842",0,0,0,0,0,0,0,0,0,0,0,0,0,0,0,0,0,0,0,0,0,0,0,0,0,0,0,0,0
"10843",1,1,1,4,1,1,3,1,1,1,1,1,1,1,1,1,1,1,2,3,1,2,0,3,2,3,2,3,2
"10844",2,1,1,4,2,1,3,1,6,1,1,4,1,1,3,1,1,1,0,0,5,2,3,1,5,4,4,4,7
"10845",3,1,1,4,5,1,3,1,8,1,1,4,2,1,3,1,6,2,3,0,2,0,0,3,2,4,4,7,9
"10846",4,1,6,4,5,2,9,1,8,1,1,4,5,1,3,1,8,6,5,2,6,2,0,5,6,2,2,12,16
"10847",5,1,6,6,5,2,9,3,8,1,6,4,5,2,9,1,8,2,0,0,2,2,5,2,2,3,3,14,18
"10848",6,1,6,6,10,4,9,3,8,1,6,6,5,2,9,3,8,2,5,0,2,0,0,5,2,4,1,19,20
"10849",7,1,6,15,16,4,9,3,13,1,6,6,10,4,9,3,8,5,4,6,5,4,0,6,5,4,4,34,25
"10850",8,5,6,15,16,7,9,3,13,1,6,15,16,4,9,3,13,4,0,0,3,4,2,4,3,1,1,38,28
"10851",9,5,10,15,16,7,9,5,13,5,6,15,16,7,9,3,13,4,2,0,2,0,0,4,2,2,3,42,30
"10852",10,11,12,15,16,7,9,5,18,5,10,15,16,7,9,5,13,5,3,6,5,3,0,6,5,1,4,50,35
"10853",11,14,12,15,16,11,9,5,24,11,12,15,16,7,9,5,18,3,0,0,1,6,6,3,6,1,4,53,45
"10854",12,14,12,16,16,11,9,5,24,14,12,15,16,11,9,5,24,1,6,0,6,0,0,1,0,3,0,54,45
"10855",0,0,0,0,0,0,0,0,0,0,0,0,0,0,0,0,0,0,0,0,0,0,0,0,0,0,0,0,0
"10856",1,1,1,6,1,1,1,5,1,1,1,1,1,1,1,1,1,5,1,4,1,4,0,5,4,3,3,5,4
"10857",2,1,1,7,1,1,1,5,4,1,1,6,1,1,1,5,1,1,0,0,4,3,3,1,3,3,4,6,7
"10858",3,1,5,7,1,1,4,5,4,1,1,7,1,1,1,5,4,4,3,0,3,0,0,4,3,2,2,10,10
"10859",4,1,5,7,5,1,4,7,4,1,5,7,1,1,4,5,4,2,4,2,2,2,0,4,2,4,3,14,12
"10860",5,1,5,9,5,2,10,7,4,1,5,7,5,1,4,7,4,2,0,0,2,6,6,2,6,3,2,16,19
"10861",6,1,11,9,7,2,12,7,4,1,5,9,5,2,10,7,4,2,6,0,2,0,0,6,2,2,2,24,21
"10862",7,1,11,15,15,2,15,7,4,1,11,9,7,2,12,7,4,3,6,3,3,3,0,6,3,4,2,38,24
"10863",8,1,11,15,18,5,15,7,4,1,11,15,15,2,15,7,4,3,0,0,2,6,3,3,3,4,1,41,27
"10864",9,1,17,19,18,7,15,7,4,1,11,15,18,5,15,7,4,2,6,0,2,0,0,6,2,2,1,51,29
"10865",10,4,17,19,18,7,15,8,4,1,17,19,18,7,15,7,4,3,1,6,1,6,0,3,1,1,3,54,30
"10866",11,13,17,19,18,9,15,8,4,4,17,19,18,7,15,8,4,6,0,0,2,5,4,6,2,1,1,63,32
"10867",12,17,17,19,18,9,15,8,4,13,17,19,18,9,15,8,4,5,4,0,5,0,0,4,0,1,0,67,32
"10868",0,0,0,0,0,0,0,0,0,0,0,0,0,0,0,0,0,0,0,0,0,0,0,0,0,0,0,0,0
"10869",1,1,1,6,1,1,3,1,1,1,1,1,1,1,1,1,1,2,5,5,2,5,0,5,2,3,2,5,2
"10870",2,1,6,6,1,1,3,4,1,1,1,6,1,1,3,1,1,5,0,0,2,3,3,5,3,2,3,10,5
"10871",3,1,9,6,1,3,3,4,1,1,6,6,1,1,3,4,1,2,3,0,2,0,0,3,2,2,1,13,7
"10872",4,5,9,6,1,3,3,7,1,1,9,6,1,3,3,4,1,3,2,4,3,2,0,4,3,1,3,17,10
"10873",5,5,9,6,3,3,3,8,1,5,9,6,1,3,3,7,1,2,0,0,3,2,1,2,1,4,3,19,11
"10874",6,5,9,6,5,3,6,8,1,5,9,6,3,3,3,8,1,3,2,0,3,0,0,2,3,4,2,21,14
"10875",7,5,9,9,5,3,6,8,2,5,9,6,5,3,6,8,1,1,2,3,1,2,0,3,1,3,4,24,15
"10876",8,7,9,9,5,3,8,8,2,5,9,9,5,3,6,8,2,2,0,0,1,2,2,2,2,1,2,26,17
"10877",9,7,11,9,5,3,8,9,2,7,9,9,5,3,8,8,2,1,2,0,1,0,0,2,1,2,3,28,18
"10878",10,7,11,9,9,6,8,9,2,7,11,9,5,3,8,9,2,3,4,3,3,3,0,4,3,4,1,32,21
"10879",11,10,11,9,9,10,8,9,2,7,11,9,9,6,8,9,2,3,0,0,4,3,2,3,4,1,1,35,25
"10880",12,10,14,9,9,10,8,9,2,10,11,9,9,10,8,9,2,3,2,0,2,0,0,3,0,2,0,38,25
"10881",0,0,0,0,0,0,0,0,0,0,0,0,0,0,0,0,0,0,0,0,0,0,0,0,0,0,0,0,0
"10882",1,3,1,1,1,1,1,1,3,1,1,1,1,1,1,1,1,2,2,1,2,1,0,2,2,1,4,2,2
"10883",2,3,1,2,1,1,1,1,7,3,1,1,1,1,1,1,3,1,0,0,4,2,2,1,4,3,4,3,6
"10884",3,3,1,2,3,1,1,1,9,3,1,2,1,1,1,1,7,2,2,0,2,0,0,2,2,4,4,5,8
"10885",4,3,1,2,4,1,1,5,9,3,1,2,3,1,1,1,9,2,4,1,2,4,0,1,4,4,3,6,12
"10886",5,3,1,4,4,1,6,5,9,3,1,2,4,1,1,5,9,2,0,0,3,2,5,2,5,3,2,8,17
"10887",6,6,1,4,4,1,6,7,9,3,1,4,4,1,6,5,9,3,2,0,2,0,0,3,2,1,3,11,19
"10888",7,6,1,4,5,2,6,7,9,6,1,4,4,1,6,7,9,1,1,1,1,1,0,1,1,4,1,12,20
"10889",8,6,1,4,6,7,6,7,9,6,1,4,5,2,6,7,9,1,0,0,5,6,5,1,5,4,1,13,25
"10890",9,6,5,16,6,7,6,12,9,6,1,4,6,7,6,7,9,6,5,0,5,0,0,6,5,3,3,29,30
"10891",10,9,5,16,6,7,6,12,10,6,5,16,6,7,6,12,9,1,2,3,1,2,0,3,1,1,4,32,31
"10892",11,9,5,18,6,12,6,12,10,9,5,16,6,7,6,12,10,2,0,0,2,5,2,2,5,3,1,34,36
"10893",12,9,7,18,6,12,6,12,10,9,5,18,6,12,6,12,10,2,2,0,2,0,0,2,0,2,0,36,36
"10894",0,0,0,0,0,0,0,0,0,0,0,0,0,0,0,0,0,0,0,0,0,0,0,0,0,0,0,0,0
"10895",1,1,9,7,1,5,1,1,1,1,1,1,1,1,1,1,1,3,4,6,3,4,0,6,4,3,1,14,4
"10896",2,4,9,7,1,6,1,1,1,1,9,7,1,5,1,1,1,3,0,0,3,1,2,3,1,1,1,17,5
"10897",3,4,9,7,4,6,1,3,1,4,9,7,1,6,1,1,1,3,2,0,2,0,0,3,2,4,3,20,7
"10898",4,14,9,7,4,6,2,3,1,4,9,7,4,6,1,3,1,1,6,2,1,2,0,6,1,1,2,30,8
"10899",5,14,11,7,4,6,5,3,1,14,9,7,4,6,2,3,1,2,0,0,3,1,2,2,3,2,2,32,11
"10900",6,14,12,7,4,8,5,3,1,14,11,7,4,6,5,3,1,1,2,0,2,0,0,1,2,2,1,33,13
"10901",7,14,12,7,5,8,7,3,1,14,12,7,4,8,5,3,1,2,1,5,2,5,0,1,2,4,2,34,15
"10902",8,14,12,12,5,12,7,3,1,14,12,7,5,8,7,3,1,5,0,0,3,6,4,5,4,3,1,39,19
"10903",9,14,18,12,9,15,7,3,1,14,12,12,5,12,7,3,1,3,6,0,3,0,0,6,3,2,1,49,22
"10904",10,17,18,18,9,15,7,4,1,14,18,12,9,15,7,3,1,1,4,6,1,4,0,6,1,3,3,58,23
"10905",11,21,18,18,9,15,9,4,1,17,18,18,9,15,7,4,1,4,0,0,2,2,2,4,2,1,2,62,25
"10906",12,21,18,20,9,15,9,4,1,21,18,18,9,15,9,4,1,2,2,0,2,0,0,2,0,3,0,64,25
"10907",0,0,0,0,0,0,0,0,0,0,0,0,0,0,0,0,0,0,0,0,0,0,0,0,0,0,0,0,0
"10908",1,4,1,1,1,4,1,7,1,1,1,1,1,1,1,1,1,3,2,6,2,6,0,3,6,1,3,3,9
"10909",2,4,3,1,1,6,1,7,1,4,1,1,1,4,1,7,1,2,0,0,4,2,3,2,2,2,1,5,11
"10910",3,8,3,1,1,6,1,7,4,4,3,1,1,6,1,7,1,4,3,0,3,0,0,4,3,1,4,9,14
"10911",4,8,8,1,1,6,1,8,4,8,3,1,1,6,1,7,4,1,5,3,1,3,0,5,1,2,3,14,15
"10912",5,11,8,1,1,6,6,8,4,8,8,1,1,6,1,8,4,3,0,0,2,2,5,3,5,1,2,17,20
"10913",6,13,8,1,1,6,8,8,4,11,8,1,1,6,6,8,4,2,2,0,2,0,0,2,2,1,2,19,22
"10914",7,16,8,1,1,6,8,8,5,13,8,1,1,6,8,8,4,1,3,3,1,3,0,3,1,1,4,22,23
"10915",8,16,8,4,1,6,12,8,5,16,8,1,1,6,8,8,5,3,0,0,1,4,4,3,4,3,2,25,27
"10916",9,16,8,4,5,7,12,8,5,16,8,4,1,6,12,8,5,1,4,0,1,0,0,4,1,4,1,29,28
"10917",10,16,13,4,5,7,15,8,5,16,8,4,5,7,12,8,5,5,3,2,3,2,0,5,3,2,2,34,31
"10918",11,18,13,4,5,8,15,8,5,16,13,4,5,7,15,8,5,2,0,0,1,1,4,2,1,1,1,36,32
"10919",12,18,14,4,5,8,15,8,5,18,13,4,5,8,15,8,5,1,4,0,4,0,0,1,0,2,0,37,32
"10920",0,0,0,0,0,0,0,0,0,0,0,0,0,0,0,0,0,0,0,0,0,0,0,0,0,0,0,0,0
"10921",1,1,1,1,3,1,5,1,1,1,1,1,1,1,1,1,1,4,2,6,4,6,0,2,4,4,2,2,4
"10922",2,2,7,1,9,1,5,1,4,1,1,1,3,1,5,1,1,6,0,0,3,3,4,6,3,2,4,15,7
"10923",3,6,7,1,9,4,5,1,4,2,7,1,9,1,5,1,4,3,4,0,3,0,0,4,3,1,1,19,10
"10924",4,12,14,1,9,4,8,1,4,6,7,1,9,4,5,1,4,1,6,3,1,3,0,6,3,2,2,32,13
"10925",5,12,14,2,9,4,13,1,4,12,14,1,9,4,8,1,4,1,0,0,4,5,6,1,5,3,2,33,18
"10926",6,17,14,8,9,8,13,1,4,12,14,2,9,4,13,1,4,4,6,0,4,0,0,6,4,3,1,44,22
"10927",7,18,14,8,15,11,13,1,4,17,14,8,9,8,13,1,4,6,3,1,3,1,0,6,3,4,1,51,25
"10928",8,18,14,8,16,12,19,1,4,18,14,8,15,11,13,1,4,1,0,0,4,4,6,1,6,4,2,52,32
"10929",9,18,14,12,16,16,19,1,4,18,14,8,16,12,19,1,4,4,4,0,4,0,0,4,4,3,1,56,36
"10930",10,18,14,16,16,16,21,1,4,18,14,12,16,16,19,1,4,4,2,4,2,4,0,4,2,3,2,60,38
"10931",11,32,14,16,16,21,21,1,1,18,14,16,16,16,21,1,4,4,0,0,5,1,3,4,5,1,1,74,40
"10932",12,35,14,16,16,21,21,1,1,32,14,16,16,21,21,1,1,1,3,0,1,0,0,3,0,1,0,77,40
"10933",0,0,0,0,0,0,0,0,0,0,0,0,0,0,0,0,0,0,0,0,0,0,0,0,0,0,0,0,0
"10934",1,1,6,1,1,1,5,1,1,1,1,1,1,1,1,1,1,5,4,4,4,4,0,5,4,2,2,5,4
"10935",2,5,6,1,1,13,10,1,1,1,6,1,1,1,5,1,1,4,0,0,6,5,1,4,6,1,1,9,21
"10936",3,5,11,1,1,13,10,2,1,5,6,1,1,13,10,1,1,5,1,0,1,0,0,5,1,2,3,14,22
"10937",4,10,17,1,7,13,13,2,1,5,11,1,1,13,10,2,1,6,1,3,1,3,0,6,3,2,2,31,25
"10938",5,10,18,1,7,13,13,4,1,10,17,1,7,13,13,2,1,1,0,0,2,4,1,1,2,2,3,32,27
"10939",6,10,18,5,7,13,13,5,1,10,18,1,7,13,13,4,1,4,1,0,1,0,0,4,1,3,3,36,28
"10940",7,14,18,5,7,13,18,5,1,10,18,5,7,13,13,5,1,4,5,4,5,4,0,4,5,1,2,40,33
"10941",8,14,18,5,11,13,21,5,1,14,18,5,7,13,18,5,1,4,0,0,2,3,3,4,3,4,2,44,36
"10942",9,16,18,5,11,13,24,5,1,14,18,5,11,13,21,5,1,2,3,0,3,0,0,2,3,1,2,46,39
"10943",10,16,18,10,11,13,6,5,1,16,18,5,11,13,24,5,1,1,6,5,6,5,0,1,5,3,2,51,21
"10944",11,1,18,12,1,32,6,5,4,16,18,10,11,13,6,5,1,6,0,0,6,4,6,6,6,1,1,28,43
"10945",12,3,18,18,7,32,6,5,4,1,18,12,1,32,6,5,4,4,6,0,4,0,0,6,0,4,0,42,43
"10946",0,0,0,0,0,0,0,0,0,0,0,0,0,0,0,0,0,0,0,0,0,0,0,0,0,0,0,0,0
"10947",1,1,6,1,1,1,1,2,1,1,1,1,1,1,1,1,1,5,4,1,4,1,0,5,1,2,3,5,1
"10948",2,1,10,1,1,1,1,2,5,1,6,1,1,1,1,2,1,4,0,0,5,6,4,4,4,2,4,9,5
"10949",3,1,10,10,1,1,1,7,5,1,10,1,1,1,1,2,5,5,6,0,5,0,0,6,5,3,3,18,10
"10950",4,12,10,10,1,1,1,9,5,1,10,10,1,1,1,7,5,3,2,6,3,2,0,6,2,1,3,29,12
"10951",5,15,10,10,1,1,1,9,9,12,10,10,1,1,1,9,5,3,0,0,2,4,4,3,4,1,4,32,16
"10952",6,15,14,10,1,3,1,9,9,15,10,10,1,1,1,9,9,2,4,0,2,0,0,4,2,2,1,36,18
"10953",7,15,14,10,6,3,1,10,9,15,14,10,1,3,1,9,9,1,5,3,1,3,0,5,1,4,3,41,19
"10954",8,15,14,10,9,3,1,14,9,15,14,10,6,3,1,10,9,3,0,0,4,2,6,3,4,4,3,44,23
"10955",9,17,14,16,9,3,3,14,9,15,14,10,9,3,1,14,9,2,6,0,2,0,0,6,2,3,2,52,25
"10956",10,17,14,20,9,6,3,14,9,17,14,16,9,3,3,14,9,4,3,3,3,3,0,4,3,3,1,56,28
"10957",11,20,14,20,9,9,3,14,9,17,14,20,9,6,3,14,9,3,0,0,3,6,1,3,3,1,1,59,31
"10958",12,21,16,20,9,9,1,14,9,20,14,20,9,9,3,14,9,6,1,0,6,0,0,1,0,1,0,62,29
"10959",0,0,0,0,0,0,0,0,0,0,0,0,0,0,0,0,0,0,0,0,0,0,0,0,0,0,0,0,0
"10960",1,1,1,1,11,4,1,1,1,1,1,1,1,1,1,1,1,3,1,6,3,1,0,6,3,4,1,10,3
"10961",2,1,1,2,11,9,1,1,1,1,1,1,11,4,1,1,1,1,0,0,4,5,1,1,5,3,1,11,8
"10962",3,1,1,6,11,9,1,2,1,1,1,2,11,9,1,1,1,4,1,0,1,0,0,4,1,3,3,15,9
"10963",4,1,1,9,11,10,1,2,1,1,1,6,11,9,1,2,1,3,1,1,1,1,0,3,1,3,1,18,10
"10964",5,1,1,9,12,10,7,8,1,1,1,9,11,10,1,2,1,1,0,0,2,6,1,1,6,4,2,19,22
"10965",6,1,3,9,12,11,7,8,1,1,1,9,12,10,7,8,1,2,1,0,1,0,0,2,1,2,1,21,23
"10966",7,6,3,9,12,11,7,8,5,1,3,9,12,11,7,8,1,2,4,5,2,4,0,5,4,1,4,26,27
"10967",8,8,3,9,12,11,9,8,5,6,3,9,12,11,7,8,5,2,0,0,2,2,6,2,2,1,2,28,29
"10968",9,8,14,9,12,13,9,8,5,8,3,9,12,11,9,8,5,2,6,0,2,0,0,6,2,2,1,39,31
"10969",10,15,14,9,12,13,9,11,5,8,14,9,12,13,9,8,5,3,6,4,3,4,0,6,3,1,3,46,34
"10970",11,15,18,9,12,13,9,11,9,15,14,9,12,13,9,11,5,4,0,0,3,6,4,4,4,2,4,50,38
"10971",12,18,18,9,12,13,9,11,9,15,18,9,12,13,9,11,9,3,6,0,6,0,0,3,0,1,0,53,38
"10972",0,0,0,0,0,0,0,0,0,0,0,0,0,0,0,0,0,0,0,0,0,0,0,0,0,0,0,0,0
"10973",1,1,1,6,1,3,1,1,1,1,1,1,1,1,1,1,1,2,1,5,2,1,0,5,2,3,1,5,2
"10974",2,1,1,6,2,3,1,1,5,1,1,6,1,3,1,1,1,1,0,0,2,2,4,1,4,4,4,6,6
"10975",3,1,1,6,4,3,3,1,5,1,1,6,2,3,1,1,5,2,2,0,2,0,0,2,2,4,2,8,8
"10976",4,6,7,6,4,3,7,1,5,1,1,6,4,3,3,1,5,6,1,4,1,4,0,6,4,2,2,19,12
"10977",5,7,7,6,4,3,7,1,9,6,7,6,4,3,7,1,5,1,0,0,1,1,4,1,4,1,4,20,16
"10978",6,7,7,6,5,3,8,1,9,7,7,6,4,3,7,1,9,1,1,0,1,0,0,1,1,4,2,21,17
"10979",7,7,12,6,11,5,14,1,9,7,7,6,5,3,8,1,9,6,6,3,6,3,0,6,6,4,2,32,25
"10980",8,7,12,9,11,5,16,1,9,7,12,6,11,5,14,1,9,3,0,0,3,4,2,3,2,3,2,35,27
"10981",9,11,12,9,11,5,19,1,9,7,12,9,11,5,16,1,9,3,4,0,3,0,0,4,3,1,2,39,30
"10982",10,11,12,12,11,7,19,1,9,11,12,9,11,5,19,1,9,2,3,3,2,3,0,3,2,3,1,42,32
"10983",11,14,12,12,11,8,19,1,9,11,12,12,11,7,19,1,9,3,0,0,1,4,3,3,1,1,1,45,33
"10984",12,14,12,16,11,8,19,1,9,14,12,12,11,8,19,1,9,4,3,0,3,0,0,4,0,3,0,49,33
"10985",0,0,0,0,0,0,0,0,0,0,0,0,0,0,0,0,0,0,0,0,0,0,0,0,0,0,0,0,0
"10986",1,1,6,1,1,1,1,6,1,1,1,1,1,1,1,1,1,5,5,5,5,5,0,5,5,2,3,5,5
"10987",2,1,11,1,1,1,1,7,1,1,6,1,1,1,1,6,1,5,0,0,4,1,6,5,1,2,3,10,6
"10988",3,1,11,4,7,1,5,7,1,1,11,1,1,1,1,7,1,4,6,0,4,0,0,6,4,4,2,19,10
"10989",4,1,11,7,7,1,5,11,1,1,11,4,7,1,5,7,1,3,4,3,4,3,0,3,4,3,3,22,14
"10990",5,1,11,7,10,1,5,11,2,1,11,7,7,1,5,11,1,3,0,0,1,1,3,3,1,4,4,25,15
"10991",6,1,11,10,10,1,6,11,2,1,11,7,10,1,5,11,2,1,3,0,1,0,0,3,1,3,2,28,16
"10992",7,7,12,10,10,6,6,11,2,1,11,10,10,1,6,11,2,5,2,6,5,2,0,6,5,1,1,35,21
"10993",8,9,12,10,10,6,6,11,4,7,12,10,10,6,6,11,2,2,0,0,3,3,2,2,2,1,4,37,23
"10994",9,9,12,10,13,9,6,11,4,9,12,10,10,6,6,11,4,3,3,0,3,0,0,3,3,4,1,40,26
"10995",10,20,12,10,13,9,6,14,4,9,12,10,13,9,6,11,4,6,3,3,3,3,0,6,3,1,3,51,29
"10996",11,20,15,10,13,9,9,14,4,20,12,10,13,9,6,14,4,3,0,0,5,3,2,3,3,2,2,54,32
"10997",12,20,15,12,13,9,9,14,4,20,15,10,13,9,9,14,4,5,2,0,5,0,0,2,0,3,0,56,32
"10998",0,0,0,0,0,0,0,0,0,0,0,0,0,0,0,0,0,0,0,0,0,0,0,0,0,0,0,0,0
"10999",1,1,5,1,1,1,2,1,1,1,1,1,1,1,1,1,1,1,4,3,1,3,0,4,1,2,2,4,1
"11000",2,1,5,4,1,6,2,1,1,1,5,1,1,1,2,1,1,3,0,0,3,5,1,3,5,3,1,7,6
"11001",3,4,5,4,1,6,2,2,1,1,5,4,1,6,2,1,1,3,1,0,1,0,0,3,1,1,3,10,7
"11002",4,4,5,4,6,6,2,2,5,4,5,4,1,6,2,2,1,5,2,4,2,4,0,5,4,4,4,15,11
"11003",5,4,5,4,8,6,3,2,5,4,5,4,6,6,2,2,5,2,0,0,1,1,4,2,1,4,2,17,12
"11004",6,4,5,4,12,6,3,2,6,4,5,4,8,6,3,2,5,1,4,0,1,0,0,4,1,4,4,21,13
"11005",7,10,5,6,12,6,3,2,10,4,5,4,12,6,3,2,6,3,4,6,3,4,0,6,4,1,4,29,17
"11006",8,10,8,6,12,6,8,2,10,10,5,6,12,6,3,2,10,3,0,0,5,3,5,3,5,2,2,32,22
"11007",9,10,13,6,12,9,8,2,10,10,8,6,12,6,8,2,10,3,5,0,3,0,0,5,3,2,1,37,25
"11008",10,15,13,12,12,13,8,2,10,10,13,6,12,9,8,2,10,6,4,6,4,6,0,6,4,3,1,48,29
"11009",11,16,13,12,18,13,8,3,10,15,13,12,12,13,8,2,10,6,0,0,1,1,4,6,1,4,3,55,30
"11010",12,16,13,13,18,13,8,3,10,16,13,12,18,13,8,3,10,1,4,0,4,0,0,1,0,3,0,56,30
"11011",0,0,0,0,0,0,0,0,0,0,0,0,0,0,0,0,0,0,0,0,0,0,0,0,0,0,0,0,0
"11012",1,1,5,1,1,1,1,2,1,1,1,1,1,1,1,1,1,4,1,4,1,4,0,4,1,2,3,4,1
"11013",2,5,5,1,1,1,1,2,4,1,5,1,1,1,1,2,1,4,0,0,3,6,1,4,3,1,4,8,4
"11014",3,5,11,4,1,1,1,3,4,5,5,1,1,1,1,2,4,6,1,0,1,0,0,6,1,2,3,17,5
"11015",4,5,11,4,5,1,1,5,4,5,11,4,1,1,1,3,4,2,2,4,2,2,0,4,2,4,3,21,7
"11016",5,5,13,4,5,1,1,5,6,5,11,4,5,1,1,5,4,2,0,0,1,2,5,2,2,2,4,23,9
"11017",6,5,13,9,5,2,1,5,6,5,13,4,5,1,1,5,6,1,5,0,1,0,0,5,1,3,1,28,10
"11018",7,5,13,9,9,2,1,5,7,5,13,9,5,2,1,5,6,1,2,4,1,2,0,4,1,4,4,32,11
"11019",8,5,13,9,11,7,1,5,7,5,13,9,9,2,1,5,7,2,0,0,6,2,5,2,5,4,1,34,16
"11020",9,5,16,9,17,9,1,5,7,5,13,9,11,7,1,5,7,6,2,0,2,0,0,6,2,4,1,43,18
"11021",10,8,16,9,17,9,1,10,7,5,16,9,17,9,1,5,7,3,5,1,5,1,0,3,5,1,3,46,23
"11022",11,9,16,9,17,13,1,10,7,8,16,9,17,9,1,10,7,1,0,0,4,6,4,1,4,1,1,47,27
"11023",12,9,27,9,17,13,1,10,7,9,16,9,17,13,1,10,7,6,4,0,4,0,0,6,0,2,0,58,27
"11024",0,0,0,0,0,0,0,0,0,0,0,0,0,0,0,0,0,0,0,0,0,0,0,0,0,0,0,0,0
"11025",1,1,2,1,7,1,10,1,1,1,1,1,1,1,1,1,1,5,6,6,5,6,0,6,6,4,2,7,9
"11026",2,6,2,1,7,1,16,6,1,1,2,1,7,1,10,1,1,5,0,0,6,5,4,5,6,1,2,12,20
"11027",3,6,2,1,11,6,16,6,1,6,2,1,7,1,16,6,1,5,4,0,5,0,0,4,5,4,1,16,25
"11028",4,10,2,1,11,11,16,6,1,6,2,1,11,6,16,6,1,1,5,4,1,5,0,4,5,1,1,20,30
"11029",5,10,2,1,12,14,16,6,1,10,2,1,11,11,16,6,1,1,0,0,2,3,5,1,3,4,1,21,33
"11030",6,15,2,1,12,14,18,6,1,10,2,1,12,14,16,6,1,2,5,0,2,0,0,5,2,1,2,26,35
"11031",7,15,3,1,12,14,18,6,5,15,2,1,12,14,18,6,1,1,4,3,4,3,0,1,4,2,4,27,39
"11032",8,18,3,1,12,19,18,6,5,15,3,1,12,14,18,6,5,3,0,0,3,1,5,3,5,1,1,30,44
"11033",9,18,3,1,15,19,18,6,6,18,3,1,12,19,18,6,5,3,1,0,1,0,0,3,1,4,4,33,45
"11034",10,18,3,1,20,25,19,6,6,18,3,1,15,19,18,6,6,5,6,2,6,2,0,5,6,4,1,38,52
"11035",11,18,3,3,20,25,19,6,7,18,3,1,20,25,19,6,6,2,0,0,1,5,4,2,1,3,4,40,53
"11036",12,22,3,3,20,25,19,6,7,18,3,3,20,25,19,6,7,5,4,0,5,0,0,4,0,1,0,44,53
"11037",0,0,0,0,0,0,0,0,0,0,0,0,0,0,0,0,0,0,0,0,0,0,0,0,0,0,0,0,0
"11038",1,6,1,1,7,1,1,6,1,1,1,1,1,1,1,1,1,6,4,5,4,5,0,6,5,4,3,11,5
"11039",2,10,1,1,7,1,1,9,1,6,1,1,7,1,1,6,1,4,0,0,6,3,4,4,3,1,3,15,8
"11040",3,10,7,5,7,1,1,13,1,10,1,1,7,1,1,9,1,6,4,0,4,0,0,6,4,2,3,25,12
"11041",4,10,13,5,8,1,1,16,1,10,7,5,7,1,1,13,1,5,6,3,5,3,0,6,3,2,3,32,15
"11042",5,15,13,5,8,4,1,16,1,10,13,5,8,1,1,16,1,5,0,0,6,3,1,5,3,1,1,37,18
"11043",6,15,13,11,13,4,2,16,1,15,13,5,8,4,1,16,1,6,1,0,1,0,0,6,1,3,2,48,19
"11044",7,15,13,17,16,4,6,16,1,15,13,11,13,4,2,16,1,6,1,4,1,4,0,6,4,3,2,57,23
"11045",8,15,13,17,17,7,6,16,1,15,13,17,16,4,6,16,1,1,0,0,1,3,4,1,3,4,1,58,26
"11046",9,16,13,17,17,7,6,20,1,15,13,17,17,7,6,16,1,1,4,0,4,0,0,1,4,1,3,59,30
"11047",10,16,19,19,23,8,6,20,1,16,13,17,17,7,6,20,1,6,1,3,1,3,0,6,1,4,1,73,31
"11048",11,19,19,19,23,12,6,20,1,16,19,19,23,8,6,20,1,3,0,0,6,4,4,3,4,1,1,76,35
"11049",12,19,19,27,23,12,6,20,1,19,19,19,23,12,6,20,1,6,4,0,4,0,0,6,0,3,0,84,35
"11050",0,0,0,0,0,0,0,0,0,0,0,0,0,0,0,0,0,0,0,0,0,0,0,0,0,0,0,0,0
"11051",1,1,1,1,3,1,2,1,1,1,1,1,1,1,1,1,1,2,1,3,1,3,0,2,1,4,2,2,1
"11052",2,4,1,1,3,6,8,1,1,1,1,1,3,1,2,1,1,3,0,0,3,6,5,3,6,1,2,5,12
"11053",3,4,1,6,3,6,11,1,1,4,1,1,3,6,8,1,1,3,5,0,3,0,0,5,3,3,2,10,15
"11054",4,4,1,11,3,7,11,1,1,4,1,6,3,6,11,1,1,1,4,5,1,4,0,5,1,3,1,15,16
"11055",5,4,1,11,7,13,11,3,1,4,1,11,3,7,11,1,1,4,0,0,3,6,2,4,6,4,1,19,24
"11056",6,4,4,11,7,13,11,5,1,4,1,11,7,13,11,3,1,3,2,0,2,0,0,3,2,2,3,22,26
"11057",7,4,4,1,7,16,11,5,3,4,4,11,7,13,11,5,1,6,1,2,1,2,0,6,2,3,4,12,31
"11058",8,4,4,2,7,18,11,5,3,4,4,1,7,16,11,5,3,1,0,0,2,3,2,1,2,3,1,13,33
"11059",9,4,4,4,7,21,11,5,3,4,4,2,7,18,11,5,3,3,2,0,3,0,0,2,3,3,1,15,36
"11060",10,4,4,4,9,21,15,5,3,4,4,4,7,21,11,5,3,4,3,2,4,3,0,2,4,4,2,17,40
"11061",11,4,4,4,12,23,15,5,3,4,4,4,9,21,15,5,3,3,0,0,2,4,6,3,2,4,1,20,42
"11062",12,4,8,4,12,23,15,5,3,4,4,4,12,23,15,5,3,4,6,0,6,0,0,4,0,2,0,24,42
"11063",0,0,0,0,0,0,0,0,0,0,0,0,0,0,0,0,0,0,0,0,0,0,0,0,0,0,0,0,0
"11064",1,1,1,1,5,2,1,1,1,1,1,1,1,1,1,1,1,4,4,1,4,1,0,4,1,4,1,4,1
"11065",2,1,5,1,5,2,2,1,7,1,1,1,5,2,1,1,1,4,0,0,4,4,6,4,6,2,4,8,8
"11066",3,1,9,1,5,2,6,1,7,1,5,1,5,2,2,1,7,4,4,0,4,0,0,4,4,2,2,12,12
"11067",4,1,13,1,5,2,6,1,9,1,9,1,5,2,6,1,7,3,2,4,3,2,0,4,2,2,4,16,14
"11068",5,1,13,4,5,7,6,1,15,1,13,1,5,2,6,1,9,3,0,0,6,3,3,3,6,3,4,19,25
"11069",6,1,13,4,8,10,6,1,15,1,13,4,5,7,6,1,15,3,3,0,3,0,0,3,3,4,1,22,28
"11070",7,1,19,4,11,16,6,5,15,1,13,4,8,10,6,1,15,2,6,6,2,6,0,6,6,2,1,31,38
"11071",8,1,21,4,11,16,6,5,17,1,19,4,11,16,6,5,15,2,0,0,3,1,2,2,2,2,4,33,40
"11072",9,4,21,4,11,16,6,6,17,1,21,4,11,16,6,5,17,3,1,0,1,0,0,3,1,1,3,36,41
"11073",10,6,21,4,11,16,10,6,17,4,21,4,11,16,6,6,17,2,4,1,4,1,0,2,4,1,2,38,45
"11074",11,6,22,4,11,16,14,6,17,6,21,4,11,16,10,6,17,1,0,0,4,6,5,1,4,2,2,39,49
"11075",12,11,22,4,11,16,14,6,17,6,22,4,11,16,14,6,17,6,5,0,6,0,0,5,0,1,0,44,49
"11076",0,0,0,0,0,0,0,0,0,0,0,0,0,0,0,0,0,0,0,0,0,0,0,0,0,0,0,0,0
"11077",1,4,1,1,1,4,1,1,1,1,1,1,1,1,1,1,1,3,4,3,4,3,0,3,3,1,1,3,3
"11078",2,8,1,1,1,10,7,1,2,4,1,1,1,4,1,1,1,4,0,0,4,6,5,4,6,1,2,7,16
"11079",3,12,1,1,1,10,7,1,7,8,1,1,1,10,7,1,2,4,5,0,5,0,0,4,5,1,4,11,21
"11080",4,14,1,1,1,10,8,1,7,12,1,1,1,10,7,1,7,2,5,1,5,1,0,2,1,1,2,13,22
"11081",5,14,1,6,1,10,8,1,11,14,1,1,1,10,8,1,7,5,0,0,6,4,1,5,4,3,4,18,26
"11082",6,15,7,12,1,10,8,2,11,14,1,6,1,10,8,1,11,6,1,0,1,0,0,6,1,3,3,31,27
"11083",7,15,7,17,1,10,13,2,11,15,7,12,1,10,8,2,11,5,1,5,1,5,0,5,5,3,2,36,32
"11084",8,15,8,17,1,10,13,5,11,15,7,17,1,10,13,2,11,1,0,0,3,2,3,1,3,2,3,37,35
"11085",9,15,8,17,4,10,13,5,13,15,8,17,1,10,13,5,11,2,3,0,2,0,0,3,2,4,4,40,37
"11086",10,15,8,21,4,10,13,8,13,15,8,17,4,10,13,5,13,2,4,3,2,3,0,4,3,3,3,44,40
"11087",11,15,8,23,4,10,15,8,13,15,8,21,4,10,13,8,13,2,0,0,2,5,2,2,2,3,2,46,42
"11088",12,16,8,28,4,1,15,8,13,15,8,23,4,10,15,8,13,5,2,0,2,0,0,5,0,3,0,52,33
"11089",0,0,0,0,0,0,0,0,0,0,0,0,0,0,0,0,0,0,0,0,0,0,0,0,0,0,0,0,0
"11090",1,2,1,1,1,5,1,1,1,1,1,1,1,1,1,1,1,1,4,1,4,1,0,1,4,1,1,1,4
"11091",2,3,1,1,1,5,1,5,1,2,1,1,1,5,1,1,1,1,0,0,1,4,2,1,4,1,3,2,8
"11092",3,3,1,2,1,5,1,7,1,3,1,1,1,5,1,5,1,1,2,0,2,0,0,1,2,3,3,3,10
"11093",4,3,1,7,1,11,1,7,4,3,1,2,1,5,1,7,1,4,6,5,4,6,0,5,6,3,1,8,19
"11094",5,7,1,7,1,15,1,7,4,3,1,7,1,11,1,7,4,4,0,0,4,2,6,4,4,1,1,12,23
"11095",6,14,1,7,1,17,1,7,4,7,1,7,1,15,1,7,4,2,6,0,2,0,0,6,2,1,1,19,25
"11096",7,14,1,13,1,25,7,7,4,14,1,7,1,17,1,7,4,6,1,6,1,6,0,6,6,3,2,25,39
"11097",8,14,2,1,1,35,7,7,4,14,1,13,1,25,7,7,4,1,0,0,6,3,2,1,6,2,1,14,49
"11098",9,17,8,4,1,3,7,7,4,14,2,1,1,35,7,7,4,3,2,0,2,0,0,3,2,1,1,26,17
"11099",10,17,8,4,5,8,7,7,4,17,8,4,1,3,7,7,4,4,2,5,2,5,0,4,5,4,1,30,22
"11100",11,19,8,4,5,8,7,11,4,17,8,4,5,8,7,7,4,2,0,0,6,4,2,2,4,1,3,32,26
"11101",12,19,10,4,5,8,7,11,4,19,8,4,5,8,7,11,4,6,2,0,6,0,0,2,0,2,0,34,26
"11102",0,0,0,0,0,0,0,0,0,0,0,0,0,0,0,0,0,0,0,0,0,0,0,0,0,0,0,0,0
"11103",1,1,1,1,6,1,1,1,3,1,1,1,1,1,1,1,1,5,2,2,2,2,0,5,2,4,4,5,2
"11104",2,1,1,3,6,1,1,1,7,1,1,1,6,1,1,1,3,2,0,0,4,1,5,2,4,3,4,7,6
"11105",3,1,1,8,6,2,1,1,7,1,1,3,6,1,1,1,7,1,5,0,1,0,0,5,1,3,1,12,7
"11106",4,10,1,8,6,2,1,1,11,1,1,8,6,2,1,1,7,6,4,2,4,2,0,6,4,1,4,21,11
"11107",5,10,1,8,8,2,1,7,13,10,1,8,6,2,1,1,11,2,0,0,1,6,1,2,6,4,3,23,19
"11108",6,11,1,8,8,2,1,8,13,10,1,8,8,2,1,7,13,1,1,0,1,0,0,1,1,1,3,24,20
"11109",7,17,5,8,8,3,7,8,13,11,1,8,8,2,1,8,13,6,1,6,1,6,0,6,6,1,2,34,27
"11110",8,18,5,8,8,3,7,13,13,17,5,8,8,3,7,8,13,1,0,0,5,1,2,1,5,1,3,35,32
"11111",9,18,7,8,8,4,7,13,13,18,5,8,8,3,7,13,13,1,2,0,1,0,0,2,1,2,1,37,33
"11112",10,18,10,14,8,4,7,13,18,18,7,8,8,4,7,13,13,6,1,5,1,5,0,6,5,3,4,46,38
"11113",11,18,10,15,8,4,10,13,18,18,10,14,8,4,7,13,18,1,0,0,2,3,6,1,3,3,2,47,41
"11114",12,19,10,15,14,4,10,13,18,18,10,15,8,4,10,13,18,2,6,0,2,0,0,6,0,4,0,54,41
"11115",0,0,0,0,0,0,0,0,0,0,0,0,0,0,0,0,0,0,0,0,0,0,0,0,0,0,0,0,0
"11116",1,1,3,1,1,5,1,1,1,1,1,1,1,1,1,1,1,1,2,4,1,4,0,2,4,2,1,2,4
"11117",2,1,3,2,1,10,1,1,1,1,3,1,1,5,1,1,1,1,0,0,1,5,4,1,5,3,1,3,9
"11118",3,5,3,2,1,10,1,2,1,1,3,2,1,10,1,1,1,1,4,0,1,0,0,4,1,1,3,7,10
"11119",4,5,6,8,1,10,3,2,1,5,3,2,1,10,1,2,1,6,3,2,3,2,0,6,2,3,2,16,12
"11120",5,5,9,8,1,10,3,2,6,5,6,8,1,10,3,2,1,3,0,0,5,6,2,3,5,2,4,19,17
"11121",6,11,9,9,1,12,3,2,6,5,9,8,1,10,3,2,6,6,2,0,2,0,0,6,2,1,1,26,19
"11122",7,17,11,9,1,14,3,2,6,11,9,9,1,12,3,2,6,2,1,6,2,1,0,6,2,1,1,34,21
"11123",8,17,11,9,2,17,3,2,6,17,11,9,1,14,3,2,6,1,0,0,2,1,3,1,3,4,1,35,24
"11124",9,19,11,9,2,17,3,3,6,17,11,9,2,17,3,2,6,2,1,0,1,0,0,2,1,1,3,37,25
"11125",10,19,11,9,7,17,5,3,6,19,11,9,2,17,3,3,6,5,1,2,1,2,0,5,2,4,2,42,27
"11126",11,19,11,10,7,18,5,3,6,19,11,9,7,17,5,3,6,1,0,0,1,1,1,1,1,3,1,43,28
"11127",12,20,11,10,7,18,5,3,6,19,11,10,7,18,5,3,6,1,1,0,1,0,0,1,0,1,0,44,28
"11128",0,0,0,0,0,0,0,0,0,0,0,0,0,0,0,0,0,0,0,0,0,0,0,0,0,0,0,0,0
"11129",1,1,1,1,6,1,1,1,5,1,1,1,1,1,1,1,1,5,4,4,4,4,0,5,4,4,4,5,4
"11130",2,1,1,1,10,8,1,7,5,1,1,1,6,1,1,1,5,4,0,0,6,6,2,4,6,4,3,9,17
"11131",3,1,1,7,11,8,3,7,5,1,1,1,10,8,1,7,5,6,2,0,2,0,0,6,2,3,2,16,19
"11132",4,1,1,7,16,8,3,9,5,1,1,7,11,8,3,7,5,5,2,1,2,1,0,5,2,4,3,21,21
"11133",5,1,2,7,16,13,3,9,5,1,1,7,16,8,3,9,5,1,0,0,3,5,4,1,5,2,1,22,26
"11134",6,1,6,7,16,16,3,9,5,1,2,7,16,13,3,9,5,3,4,0,3,0,0,4,3,2,1,26,29
"11135",7,6,12,7,16,16,3,12,5,1,6,7,16,16,3,9,5,1,3,6,1,3,0,6,3,2,3,37,32
"11136",8,6,12,7,17,16,3,12,6,6,12,7,16,16,3,12,5,1,0,0,1,6,4,1,1,4,4,38,33
"11137",9,10,12,13,17,16,3,16,6,6,12,7,17,16,3,12,6,6,4,0,4,0,0,6,4,3,3,48,37
"11138",10,16,12,19,17,16,3,16,9,10,12,13,17,16,3,16,6,3,6,3,3,3,0,6,3,1,4,60,40
"11139",11,16,15,19,17,16,3,16,11,16,12,19,17,16,3,16,9,3,0,0,2,6,5,3,2,2,4,63,42
"11140",12,16,15,25,20,16,3,16,11,16,15,19,17,16,3,16,11,6,5,0,5,0,0,6,0,3,0,72,42
"11141",0,0,0,0,0,0,0,0,0,0,0,0,0,0,0,0,0,0,0,0,0,0,0,0,0,0,0,0,0
"11142",1,1,1,1,4,1,1,1,4,1,1,1,1,1,1,1,1,3,2,3,2,3,0,3,3,4,4,3,3
"11143",2,3,1,1,4,1,4,1,4,1,1,1,4,1,1,1,4,2,0,0,4,3,3,2,3,1,2,5,6
"11144",3,7,1,1,4,1,4,4,4,3,1,1,4,1,4,1,4,4,3,0,3,0,0,4,3,1,3,9,9
"11145",4,8,7,7,4,1,8,4,4,7,1,1,4,1,4,4,4,6,4,1,4,1,0,6,4,2,2,22,13
"11146",5,8,7,7,5,2,8,4,10,8,7,7,4,1,8,4,4,1,0,0,6,3,5,1,6,4,4,23,20
"11147",6,8,7,7,10,2,8,7,10,8,7,7,5,2,8,4,10,3,5,0,3,0,0,5,3,4,3,28,23
"11148",7,11,7,7,10,5,8,7,10,8,7,7,10,2,8,7,10,2,3,3,2,3,0,3,3,1,1,31,26
"11149",8,11,7,7,12,5,8,10,10,11,7,7,10,5,8,7,10,2,0,0,3,1,3,2,3,4,3,33,29
"11150",9,11,7,10,12,5,8,10,11,11,7,7,12,5,8,10,10,1,3,0,1,0,0,3,1,3,4,36,30
"11151",10,11,7,15,12,5,10,10,11,11,7,10,12,5,8,10,11,3,5,2,3,2,0,5,2,3,2,41,32
"11152",11,14,7,15,12,9,10,10,11,11,7,15,12,5,10,10,11,3,0,0,4,4,4,3,4,1,1,44,36
"11153",12,14,7,19,12,9,10,10,11,14,7,15,12,9,10,10,11,4,4,0,4,0,0,4,0,3,0,48,36
"11154",0,0,0,0,0,0,0,0,0,0,0,0,0,0,0,0,0,0,0,0,0,0,0,0,0,0,0,0,0
"11155",1,1,6,1,1,7,1,1,5,1,1,1,1,1,1,1,1,6,5,5,6,5,0,5,6,2,1,5,10
"11156",2,1,6,6,1,7,6,1,5,1,6,1,1,7,1,1,5,5,0,0,5,3,6,5,5,3,2,10,15
"11157",3,1,6,15,1,7,9,1,5,1,6,6,1,7,6,1,5,3,6,0,3,0,0,6,3,3,2,19,18
"11158",4,1,6,15,5,7,9,5,5,1,6,15,1,7,9,1,5,4,3,4,3,4,0,4,4,4,3,23,22
"11159",5,1,9,15,5,7,15,8,5,1,6,15,5,7,9,5,5,3,0,0,6,2,3,3,6,2,2,26,31
"11160",6,1,12,15,5,9,15,8,5,1,9,15,5,7,15,8,5,2,3,0,2,0,0,3,2,2,1,29,33
"11161",7,1,12,15,10,9,15,8,9,1,12,15,5,9,15,8,5,5,2,4,2,4,0,5,4,4,4,34,37
"11162",8,1,12,15,12,14,15,8,9,1,12,15,10,9,15,8,9,2,0,0,5,4,5,2,5,4,1,36,42
"11163",9,1,12,20,12,14,15,12,9,1,12,15,12,14,15,8,9,4,5,0,4,0,0,5,4,3,3,41,46
"11164",10,1,12,25,12,16,15,12,9,1,12,20,12,14,15,12,9,2,4,5,2,4,0,5,2,3,1,46,48
"11165",11,5,12,25,12,16,15,17,9,1,12,25,12,16,15,12,9,4,0,0,5,1,4,4,5,1,3,50,53
"11166",12,5,12,26,12,16,15,17,9,5,12,25,12,16,15,17,9,1,4,0,4,0,0,1,0,3,0,51,53
"11167",0,0,0,0,0,0,0,0,0,0,0,0,0,0,0,0,0,0,0,0,0,0,0,0,0,0,0,0,0
"11168",1,1,5,1,1,3,1,1,1,1,1,1,1,1,1,1,1,2,4,1,2,1,0,4,2,2,1,4,2
"11169",2,2,5,1,1,3,1,4,1,1,5,1,1,3,1,1,1,1,0,0,5,3,6,1,3,1,3,5,5
"11170",3,2,11,5,1,3,1,9,1,2,5,1,1,3,1,4,1,5,6,0,5,0,0,6,5,2,3,15,10
"11171",4,10,11,11,1,4,1,9,1,2,11,5,1,3,1,9,1,6,1,5,1,5,0,6,1,1,1,29,11
"11172",5,10,11,11,6,4,6,9,7,10,11,11,1,4,1,9,1,5,0,0,6,4,1,5,6,4,4,34,22
"11173",6,14,11,11,6,4,7,9,7,10,11,11,6,4,6,9,7,4,1,0,1,0,0,4,1,1,2,38,23
"11174",7,14,17,15,6,4,9,9,7,14,11,11,6,4,7,9,7,1,2,6,1,2,0,6,2,2,2,48,25
"11175",8,14,17,16,6,6,9,9,7,14,17,15,6,4,9,9,7,1,0,0,1,2,4,1,2,3,1,49,27
"11176",9,14,17,16,10,7,9,9,7,14,17,16,6,6,9,9,7,1,4,0,1,0,0,4,1,4,1,53,28
"11177",10,17,17,16,10,7,13,9,7,14,17,16,10,7,9,9,7,3,4,6,4,6,0,3,4,1,2,56,32
"11178",11,17,24,16,10,8,13,9,7,17,17,16,10,7,13,9,7,6,0,0,1,3,2,6,1,2,1,63,33
"11179",12,17,24,16,13,8,13,9,7,17,24,16,10,8,13,9,7,3,2,0,2,0,0,3,0,4,0,66,33
"11180",0,0,0,0,0,0,0,0,0,0,0,0,0,0,0,0,0,0,0,0,0,0,0,0,0,0,0,0,0
"11181",1,3,1,1,7,1,1,1,2,1,1,1,1,1,1,1,1,1,3,6,1,3,0,6,1,4,4,8,1
"11182",2,3,1,1,10,1,1,5,2,3,1,1,7,1,1,1,2,3,0,0,4,2,5,3,4,4,3,11,5
"11183",3,3,1,6,10,1,1,5,4,3,1,1,10,1,1,5,2,2,5,0,2,0,0,5,2,3,4,16,7
"11184",4,3,7,9,10,1,1,6,4,3,1,6,10,1,1,5,4,3,6,1,3,1,0,6,1,2,3,25,8
"11185",5,3,7,12,10,1,1,10,4,3,7,9,10,1,1,6,4,3,0,0,2,4,5,3,4,3,3,28,12
"11186",6,8,7,12,10,1,1,12,4,3,7,12,10,1,1,10,4,2,5,0,2,0,0,5,2,1,3,33,14
"11187",7,8,11,12,10,1,1,12,7,8,7,12,10,1,1,12,4,4,2,3,2,3,0,4,3,2,4,37,17
"11188",8,8,11,12,12,1,1,12,11,8,11,12,10,1,1,12,7,2,0,0,3,1,4,2,4,4,4,39,21
"11189",9,9,11,12,12,1,1,15,11,8,11,12,12,1,1,12,11,3,1,0,3,0,0,1,3,1,3,40,24
"11190",10,15,11,14,12,1,1,19,11,9,11,12,12,1,1,15,11,4,3,6,4,3,0,6,4,1,3,48,28
"11191",11,15,14,14,12,1,1,19,15,15,11,14,12,1,1,19,11,3,0,0,6,4,3,3,4,2,4,51,32
"11192",12,18,14,14,12,1,1,19,15,15,14,14,12,1,1,19,15,6,3,0,6,0,0,3,0,1,0,54,32
"11193",0,0,0,0,0,0,0,0,0,0,0,0,0,0,0,0,0,0,0,0,0,0,0,0,0,0,0,0,0
"11194",1,7,3,1,1,1,4,1,1,1,1,1,1,1,1,1,1,6,1,3,1,3,0,6,3,1,2,8,3
"11195",2,7,3,2,1,5,4,1,1,7,3,1,1,1,4,1,1,1,0,0,1,2,4,1,4,3,1,9,7
"11196",3,7,3,4,1,6,4,1,1,7,3,2,1,5,4,1,1,1,2,0,1,0,0,2,1,3,1,11,8
"11197",4,7,9,8,1,10,4,1,1,7,3,4,1,6,4,1,1,2,6,4,2,4,0,6,4,2,1,21,12
"11198",5,9,9,8,1,10,4,3,1,7,9,8,1,10,4,1,1,2,0,0,2,2,1,2,2,1,3,23,14
"11199",6,9,9,9,1,10,6,3,1,9,9,8,1,10,4,3,1,2,1,0,2,0,0,1,2,3,2,24,16
"11200",7,9,16,9,1,10,9,3,1,9,9,9,1,10,6,3,1,3,6,5,3,5,0,6,3,2,2,31,19
"11201",8,9,16,9,6,10,15,3,8,9,16,9,1,10,9,3,1,5,0,0,3,6,6,5,6,4,2,36,32
"11202",9,9,23,9,6,10,15,3,11,9,16,9,6,10,15,3,8,3,6,0,3,0,0,6,3,2,4,43,35
"11203",10,9,23,13,6,10,19,3,11,9,23,9,6,10,15,3,11,4,4,3,4,3,0,4,4,3,2,47,39
"11204",11,12,1,13,6,14,19,5,11,9,23,13,6,10,19,3,11,3,0,0,2,6,5,3,2,1,3,28,45
"11205",12,12,7,13,10,14,19,5,11,12,1,13,6,14,19,5,11,6,5,0,5,0,0,6,0,2,0,38,45
"11206",0,0,0,0,0,0,0,0,0,0,0,0,0,0,0,0,0,0,0,0,0,0,0,0,0,0,0,0,0
"11207",1,1,1,1,4,1,1,5,1,1,1,1,1,1,1,1,1,1,3,4,1,4,0,3,4,4,3,3,4
"11208",2,2,1,1,4,5,1,5,1,1,1,1,4,1,1,5,1,1,0,0,4,3,3,1,4,1,1,4,8
"11209",3,2,1,1,7,8,1,5,1,2,1,1,4,5,1,5,1,3,3,0,3,0,0,3,3,4,1,7,11
"11210",4,2,3,1,7,10,1,5,1,2,1,1,7,8,1,5,1,2,4,2,4,2,0,2,2,2,1,9,13
"11211",5,6,3,1,7,13,1,5,1,2,3,1,7,10,1,5,1,4,0,0,1,3,1,4,3,1,1,13,16
"11212",6,6,4,1,7,13,1,6,1,6,3,1,7,13,1,5,1,1,1,0,1,0,0,1,1,2,3,14,17
"11213",7,12,4,6,7,19,1,10,1,6,4,1,7,13,1,6,1,6,6,3,6,3,0,6,6,1,1,25,27
"11214",8,12,4,9,7,24,1,10,1,12,4,6,7,19,1,10,1,3,0,0,3,6,5,3,5,3,1,28,32
"11215",9,18,4,13,7,24,1,10,4,12,4,9,7,24,1,10,1,3,6,0,3,0,0,6,3,1,4,38,35
"11216",10,18,1,13,7,27,11,10,4,18,4,13,7,24,1,10,4,5,4,3,4,3,0,5,3,2,1,35,48
"11217",11,18,5,13,7,27,15,10,4,18,1,13,7,27,11,10,4,4,0,0,4,6,6,4,4,2,2,39,52
"11218",12,18,6,19,7,27,15,10,4,18,5,13,7,27,15,10,4,6,6,0,6,0,0,6,0,3,0,46,52
"11219",0,0,0,0,0,0,0,0,0,0,0,0,0,0,0,0,0,0,0,0,0,0,0,0,0,0,0,0,0
"11220",1,6,7,1,1,2,1,1,1,1,1,1,1,1,1,1,1,6,1,1,1,1,0,6,1,2,1,11,1
"11221",2,6,8,1,1,2,1,12,1,6,7,1,1,2,1,1,1,1,0,0,2,1,6,1,6,2,3,12,12
"11222",3,6,8,3,1,2,1,12,2,6,8,1,1,2,1,12,1,2,1,0,1,0,0,2,1,3,4,14,13
"11223",4,6,12,3,1,2,1,12,3,6,8,3,1,2,1,12,2,1,3,4,1,3,0,4,1,2,4,18,14
"11224",5,6,15,3,1,8,2,12,3,6,12,3,1,2,1,12,3,3,0,0,1,6,2,3,6,2,1,21,21
"11225",6,6,16,3,1,8,2,12,5,6,15,3,1,8,2,12,3,1,2,0,2,0,0,1,2,2,4,22,23
"11226",7,12,16,7,1,8,7,12,5,6,16,3,1,8,2,12,5,5,2,6,5,2,0,6,5,1,2,32,28
"11227",8,12,16,7,3,8,18,12,5,12,16,7,1,8,7,12,5,2,0,0,6,5,3,2,6,4,2,34,39
"11228",9,12,16,12,3,11,18,12,5,12,16,7,3,8,18,12,5,5,3,0,3,0,0,5,3,3,1,39,42
"11229",10,12,16,15,3,11,22,12,5,12,16,12,3,11,18,12,5,3,4,1,4,1,0,3,4,3,2,42,46
"11230",11,12,16,17,4,15,1,12,5,12,16,15,3,11,22,12,5,1,0,0,4,1,2,1,4,4,1,45,29
"11231",12,13,16,17,4,15,1,12,5,12,16,17,4,15,1,12,5,1,2,0,2,0,0,1,0,1,0,46,29
"11232",0,0,0,0,0,0,0,0,0,0,0,0,0,0,0,0,0,0,0,0,0,0,0,0,0,0,0,0,0
"11233",1,1,4,1,1,1,4,1,1,1,1,1,1,1,1,1,1,1,3,3,1,3,0,3,3,2,2,3,3
"11234",2,1,5,1,1,2,4,1,1,1,4,1,1,1,4,1,1,1,0,0,1,3,5,1,1,2,1,4,4
"11235",3,1,5,1,6,2,4,4,1,1,5,1,1,2,4,1,1,3,5,0,3,0,0,5,3,4,3,9,7
"11236",4,1,5,6,6,5,4,4,1,1,5,1,6,2,4,4,1,3,3,5,3,3,0,5,3,3,1,14,10
"11237",5,1,5,6,9,5,7,10,1,1,5,6,6,5,4,4,1,3,0,0,6,4,3,3,6,4,3,17,19
"11238",6,5,5,6,9,8,7,10,1,1,5,6,9,5,7,10,1,4,3,0,3,0,0,4,3,1,1,21,22
"11239",7,11,5,10,9,8,11,10,1,5,5,6,9,8,7,10,1,6,4,4,4,4,0,6,4,1,2,31,26
"11240",8,11,5,10,13,8,11,10,5,11,5,10,9,8,11,10,1,4,0,0,4,5,3,4,4,4,4,35,30
"11241",9,11,10,10,13,8,14,10,5,11,5,10,13,8,11,10,5,5,3,0,3,0,0,5,3,2,2,40,33
"11242",10,11,10,15,13,8,15,10,5,11,10,10,13,8,14,10,5,1,3,5,1,3,0,5,1,3,2,45,34
"11243",11,11,10,15,16,10,15,10,5,11,10,15,13,8,15,10,5,3,0,0,1,6,2,3,2,4,1,48,36
"11244",12,11,10,15,17,10,15,10,5,11,10,15,16,10,15,10,5,1,6,0,6,0,0,1,0,4,0,49,36
"11245",0,0,0,0,0,0,0,0,0,0,0,0,0,0,0,0,0,0,0,0,0,0,0,0,0,0,0,0,0
"11246",1,7,5,7,1,1,1,4,1,1,1,1,1,1,1,1,1,6,3,3,3,3,0,6,3,1,3,16,3
"11247",2,7,8,7,1,1,6,4,1,7,5,7,1,1,1,4,1,3,0,0,5,2,6,3,5,2,2,19,8
"11248",3,7,8,13,3,3,6,4,1,7,8,7,1,1,6,4,1,2,6,0,2,0,0,6,2,3,1,27,10
"11249",4,7,8,13,10,3,6,7,1,7,8,13,3,3,6,4,1,3,6,6,3,6,0,6,3,4,3,34,13
"11250",5,7,14,13,15,3,6,7,5,7,8,13,10,3,6,7,1,6,0,0,5,4,4,6,4,2,4,45,17
"11251",6,11,14,13,15,3,11,7,5,7,14,13,15,3,6,7,5,5,4,0,5,0,0,4,5,1,2,49,22
"11252",7,11,14,13,19,3,14,7,11,11,14,13,15,3,11,7,5,6,4,6,6,6,0,4,6,4,4,53,31
"11253",8,17,16,13,19,3,14,7,12,11,14,13,19,3,14,7,11,6,0,0,5,4,1,6,1,1,4,61,32
"11254",9,17,16,17,19,8,14,7,12,17,16,13,19,3,14,7,12,5,4,0,5,0,0,4,5,3,1,65,37
"11255",10,17,16,19,19,8,17,7,12,17,16,17,19,8,14,7,12,6,2,3,6,3,0,2,3,3,2,67,40
"11256",11,23,21,19,19,8,18,7,12,17,16,19,19,8,17,7,12,6,0,0,6,1,5,6,1,1,2,78,41
"11257",12,27,21,25,19,8,18,1,12,23,21,19,19,8,18,7,12,6,5,0,5,0,0,6,0,3,0,88,35
"11258",0,0,0,0,0,0,0,0,0,0,0,0,0,0,0,0,0,0,0,0,0,0,0,0,0,0,0,0,0
"11259",1,4,1,1,1,1,1,1,3,1,1,1,1,1,1,1,1,3,1,2,1,2,0,3,2,1,4,3,2
"11260",2,4,1,1,2,4,1,1,9,4,1,1,1,1,1,1,3,1,0,0,6,5,1,1,6,4,4,4,11
"11261",3,9,1,1,2,4,1,2,9,4,1,1,2,4,1,1,9,5,1,0,1,0,0,5,1,1,3,9,12
"11262",4,10,1,1,2,6,1,2,9,9,1,1,2,4,1,2,9,1,2,1,2,1,0,1,2,1,1,10,14
"11263",5,10,2,1,2,11,1,2,9,10,1,1,2,6,1,2,9,1,0,0,5,2,2,1,5,2,1,11,19
"11264",6,10,2,1,4,13,1,2,9,10,2,1,2,11,1,2,9,2,2,0,2,0,0,2,2,4,1,13,21
"11265",7,10,2,1,7,13,2,2,9,10,2,1,4,13,1,2,9,1,3,1,1,1,0,3,1,4,2,16,22
"11266",8,10,3,1,7,17,2,2,9,10,2,1,7,13,2,2,9,1,0,0,3,4,2,1,4,2,1,17,26
"11267",9,10,3,1,10,17,4,2,9,10,3,1,7,17,2,2,9,3,2,0,2,0,0,3,2,4,2,20,28
"11268",10,13,3,1,10,27,10,2,9,10,3,1,10,17,4,2,9,6,3,1,6,1,0,3,6,1,2,23,44
"11269",11,13,3,2,1,32,10,2,9,13,3,1,10,27,10,2,9,1,0,0,1,3,2,1,1,3,1,15,49
"11270",12,13,3,5,1,32,10,2,9,13,3,2,1,32,10,2,9,3,2,0,2,0,0,3,0,3,0,18,49
"11271",0,0,0,0,0,0,0,0,0,0,0,0,0,0,0,0,0,0,0,0,0,0,0,0,0,0,0,0,0
"11272",1,7,4,1,1,13,1,5,1,1,1,1,1,1,1,1,1,6,6,3,6,3,0,6,6,1,1,9,16
"11273",2,7,4,1,4,15,1,5,1,7,4,1,1,13,1,5,1,3,0,0,3,3,2,3,2,4,1,12,18
"11274",3,7,7,1,4,15,1,8,1,7,4,1,4,15,1,5,1,3,3,0,3,0,0,3,3,2,3,15,21
"11275",4,7,12,1,4,15,1,8,6,7,7,1,4,15,1,8,1,2,5,5,2,5,0,5,5,2,4,20,26
"11276",5,7,14,1,4,15,6,8,6,7,12,1,4,15,1,8,6,2,0,0,6,5,1,2,5,2,2,22,31
"11277",6,7,14,11,4,15,6,9,6,7,14,1,4,15,6,8,6,6,1,0,1,0,0,6,1,3,3,32,32
"11278",7,7,14,16,4,15,8,9,6,7,14,11,4,15,6,9,6,5,2,2,2,2,0,5,2,3,2,37,34
"11279",8,7,14,16,6,21,12,15,6,7,14,16,4,15,8,9,6,2,0,0,6,4,4,2,6,4,3,39,50
"11280",9,1,18,16,6,25,12,16,6,7,14,16,6,21,12,15,6,4,4,0,4,0,0,4,4,2,1,37,55
"11281",10,6,18,16,6,25,15,16,6,1,18,16,6,25,12,16,6,3,5,2,3,2,0,5,3,1,2,42,58
"11282",11,1,18,16,6,30,15,16,6,6,18,16,6,25,15,16,6,2,0,0,1,3,2,2,1,1,1,37,63
"11283",12,1,18,19,6,30,15,16,6,1,18,16,6,30,15,16,6,3,2,0,2,0,0,3,0,3,0,40,63
"11284",0,0,0,0,0,0,0,0,0,0,0,0,0,0,0,0,0,0,0,0,0,0,0,0,0,0,0,0,0
"11285",1,1,3,1,1,1,1,2,1,1,1,1,1,1,1,1,1,1,2,2,1,2,0,2,1,2,3,2,1
"11286",2,1,3,1,3,2,1,2,1,1,3,1,1,1,1,2,1,2,0,0,2,1,3,2,1,4,1,4,2
"11287",3,4,3,1,3,2,1,2,3,1,3,1,3,2,1,2,1,2,3,0,2,0,0,3,2,1,4,7,4
"11288",4,8,3,1,3,2,1,4,3,4,3,1,3,2,1,2,3,2,2,4,2,2,0,4,2,1,3,11,6
"11289",5,10,3,1,3,2,1,9,3,8,3,1,3,2,1,4,3,2,0,0,5,3,6,2,5,1,3,13,11
"11290",6,10,3,10,3,2,4,9,3,10,3,1,3,2,1,9,3,3,6,0,3,0,0,6,3,3,2,22,14
"11291",7,10,3,15,3,2,4,14,3,10,3,10,3,2,4,9,3,5,4,5,4,5,0,5,5,3,3,27,19
"11292",8,14,3,15,3,10,4,14,9,10,3,15,3,2,4,14,3,4,0,0,3,5,6,4,6,1,4,31,33
"11293",9,14,3,20,3,13,4,14,9,14,3,15,3,10,4,14,9,3,5,0,3,0,0,5,3,3,1,36,36
"11294",10,14,7,20,3,13,4,17,9,14,3,20,3,13,4,14,9,3,4,1,3,1,0,4,3,2,3,40,39
"11295",11,14,7,20,4,19,9,17,9,14,7,20,3,13,4,17,9,1,0,0,1,1,6,1,6,4,1,41,50
"11296",12,14,8,20,4,19,9,17,9,14,7,20,4,19,9,17,9,1,1,0,1,0,0,1,0,2,0,42,50
"11297",0,0,0,0,0,0,0,0,0,0,0,0,0,0,0,0,0,0,0,0,0,0,0,0,0,0,0,0,0
"11298",1,1,1,4,1,1,4,1,1,1,1,1,1,1,1,1,1,3,2,3,2,3,0,3,3,3,2,3,3
"11299",2,1,1,4,3,1,4,2,1,1,1,4,1,1,4,1,1,2,0,0,6,5,1,2,1,4,3,5,4
"11300",3,2,7,4,3,1,9,2,1,1,1,4,3,1,4,2,1,6,5,0,5,0,0,6,5,2,2,12,9
"11301",4,2,9,4,3,5,9,2,1,2,7,4,3,1,9,2,1,2,2,4,2,4,0,2,4,2,1,14,13
"11302",5,2,11,4,3,5,14,2,1,2,9,4,3,5,9,2,1,2,0,0,1,5,1,2,5,2,2,16,18
"11303",6,2,11,4,4,6,14,2,1,2,11,4,3,5,14,2,1,1,1,0,1,0,0,1,1,4,1,17,19
"11304",7,6,11,4,4,6,14,2,5,2,11,4,4,6,14,2,1,4,3,4,3,4,0,4,4,1,4,21,23
"11305",8,6,14,4,4,6,17,2,5,6,11,4,4,6,14,2,5,3,0,0,3,5,3,3,3,2,2,24,26
"11306",9,6,19,4,4,6,17,5,5,6,14,4,4,6,17,2,5,5,3,0,3,0,0,5,3,2,3,29,29
"11307",10,12,19,5,4,6,17,6,5,6,19,4,4,6,17,5,5,6,1,2,1,2,0,6,1,1,3,36,30
"11308",11,12,21,5,4,6,19,6,5,12,19,5,4,6,17,6,5,2,0,0,3,2,3,2,2,2,2,38,32
"11309",12,12,21,5,7,6,19,6,5,12,21,5,4,6,19,6,5,3,3,0,3,0,0,3,0,4,0,41,32
"11310",0,0,0,0,0,0,0,0,0,0,0,0,0,0,0,0,0,0,0,0,0,0,0,0,0,0,0,0,0
"11311",1,11,1,1,1,1,4,1,1,1,1,1,1,1,1,1,1,6,1,3,1,3,0,6,3,1,2,10,3
"11312",2,11,2,1,1,1,9,1,1,11,1,1,1,1,4,1,1,1,0,0,3,6,5,1,5,2,2,11,8
"11313",3,11,2,1,8,1,9,1,4,11,2,1,1,1,9,1,1,3,6,0,3,0,0,6,3,4,4,18,11
"11314",4,11,8,1,9,1,9,1,7,11,2,1,8,1,9,1,4,3,6,2,3,2,0,6,3,2,4,25,14
"11315",5,11,8,3,9,1,9,1,11,11,8,1,9,1,9,1,7,2,0,0,4,4,4,2,4,3,4,27,18
"11316",6,11,12,3,9,1,13,1,11,11,8,3,9,1,9,1,11,4,4,0,4,0,0,4,4,2,2,31,22
"11317",7,11,12,6,9,1,13,4,11,11,12,3,9,1,13,1,11,3,3,3,3,3,0,3,3,3,3,34,25
"11318",8,14,12,6,9,1,13,4,16,11,12,6,9,1,13,4,11,3,0,0,5,6,5,3,5,1,4,37,30
"11319",9,14,13,6,15,1,18,4,16,14,12,6,9,1,13,4,16,6,5,0,5,0,0,6,5,4,2,44,35
"11320",10,14,15,6,15,2,18,4,16,14,13,6,15,1,18,4,16,2,1,1,1,1,0,2,1,2,1,46,36
"11321",11,14,15,7,15,2,18,9,16,14,15,6,15,2,18,4,16,1,0,0,4,6,5,1,5,3,3,47,41
"11322",12,14,21,7,17,2,18,9,16,14,15,7,15,2,18,9,16,4,6,0,4,0,0,6,0,2,0,55,41
"11323",0,0,0,0,0,0,0,0,0,0,0,0,0,0,0,0,0,0,0,0,0,0,0,0,0,0,0,0,0
"11324",1,1,1,1,2,2,1,1,1,1,1,1,1,1,1,1,1,1,1,1,1,1,0,1,1,4,1,1,1
"11325",2,1,1,2,2,2,4,1,1,1,1,1,2,2,1,1,1,1,0,0,3,4,5,1,3,3,2,2,4
"11326",3,1,1,7,2,2,4,1,5,1,1,2,2,2,4,1,1,4,5,0,4,0,0,5,4,3,4,7,8
"11327",4,7,6,7,2,2,4,1,10,1,1,7,2,2,4,1,5,6,5,2,5,2,0,6,5,1,4,18,13
"11328",5,9,6,7,2,2,7,1,10,7,6,7,2,2,4,1,10,2,0,0,2,4,3,2,3,1,2,20,16
"11329",6,9,6,7,6,2,9,1,10,9,6,7,2,2,7,1,10,2,4,0,2,0,0,4,2,4,2,24,18
"11330",7,9,6,14,12,2,9,1,14,9,6,7,6,2,9,1,10,6,4,3,4,3,0,6,4,4,4,37,22
"11331",8,9,6,14,15,2,9,5,14,9,6,14,12,2,9,1,14,3,0,0,2,4,3,3,4,4,3,40,26
"11332",9,12,6,14,15,2,9,7,14,9,6,14,15,2,9,5,14,2,3,0,2,0,0,3,2,1,3,43,28
"11333",10,13,6,14,15,2,9,12,14,12,6,14,15,2,9,7,14,2,1,5,2,5,0,1,5,1,3,44,33
"11334",11,15,6,14,15,7,9,12,14,13,6,14,15,2,9,12,14,2,0,0,5,1,6,2,5,1,1,46,38
"11335",12,15,6,14,16,7,9,12,14,15,6,14,15,7,9,12,14,1,6,0,6,0,0,1,0,4,0,47,38
"11336",0,0,0,0,0,0,0,0,0,0,0,0,0,0,0,0,0,0,0,0,0,0,0,0,0,0,0,0,0
"11337",1,1,5,1,1,1,1,1,5,1,1,1,1,1,1,1,1,1,4,4,1,4,0,4,4,2,4,4,4
"11338",2,1,6,1,1,1,1,2,5,1,5,1,1,1,1,1,5,1,0,0,1,1,3,1,1,2,3,5,5
"11339",3,1,9,1,1,1,1,3,5,1,6,1,1,1,1,2,5,1,3,0,1,0,0,3,1,2,3,8,6
"11340",4,7,9,5,1,1,1,3,10,1,9,1,1,1,1,3,5,5,5,6,5,5,0,6,5,1,4,18,11
"11341",5,7,14,5,1,5,1,3,10,7,9,5,1,1,1,3,10,5,0,0,1,4,4,5,4,2,1,23,15
"11342",6,7,14,9,1,5,1,3,11,7,14,5,1,5,1,3,10,1,4,0,1,0,0,4,1,3,4,27,16
"11343",7,7,14,9,11,10,1,3,11,7,14,9,1,5,1,3,11,6,5,2,5,2,0,6,5,4,1,37,21
"11344",8,9,14,9,11,14,1,3,11,7,14,9,11,10,1,3,11,2,0,0,4,6,5,2,4,1,1,39,25
"11345",9,15,14,12,11,14,1,3,16,9,14,9,11,14,1,3,11,6,5,0,5,0,0,6,5,1,4,48,30
"11346",10,15,14,17,11,15,1,3,16,15,14,12,11,14,1,3,16,1,2,5,1,2,0,5,1,3,1,53,31
"11347",11,17,14,17,11,15,1,5,16,15,14,17,11,15,1,3,16,2,0,0,2,2,4,2,2,1,3,55,33
"11348",12,17,14,17,15,15,1,5,16,17,14,17,11,15,1,5,16,2,4,0,2,0,0,4,0,4,0,59,33
"11349",0,0,0,0,0,0,0,0,0,0,0,0,0,0,0,0,0,0,0,0,0,0,0,0,0,0,0,0,0
"11350",1,1,1,1,6,5,1,1,1,1,1,1,1,1,1,1,1,3,4,5,3,4,0,5,4,4,1,5,4
"11351",2,4,1,1,6,5,1,5,1,1,1,1,6,5,1,1,1,3,0,0,4,6,2,3,4,1,3,8,8
"11352",3,4,1,7,7,5,1,5,3,4,1,1,6,5,1,5,1,6,2,0,2,0,0,6,2,3,4,15,10
"11353",4,4,1,7,10,5,3,5,3,4,1,7,7,5,1,5,3,2,2,3,2,2,0,3,2,4,2,18,12
"11354",5,4,1,9,10,7,3,5,9,4,1,7,10,5,3,5,3,2,0,0,2,6,1,2,6,3,4,20,20
"11355",6,4,1,9,12,8,3,5,9,4,1,9,10,7,3,5,9,2,1,0,1,0,0,2,1,4,1,22,21
"11356",7,7,1,9,12,8,3,9,9,4,1,9,12,8,3,5,9,2,3,4,2,4,0,3,4,1,3,25,25
"11357",8,7,1,9,14,8,3,12,9,7,1,9,12,8,3,9,9,2,0,0,2,1,3,2,3,4,3,27,28
"11358",9,9,1,9,14,8,3,12,10,7,1,9,14,8,3,12,9,2,1,0,1,0,0,2,1,1,4,29,29
"11359",10,9,4,15,14,8,3,12,15,9,1,9,14,8,3,12,10,6,5,5,5,5,0,6,5,3,4,38,34
"11360",11,9,4,20,14,8,3,12,20,9,4,15,14,8,3,12,15,5,0,0,2,5,6,5,5,3,4,43,39
"11361",12,9,4,22,14,8,3,12,20,9,4,20,14,8,3,12,20,2,6,0,6,0,0,2,0,3,0,45,39
"11362",0,0,0,0,0,0,0,0,0,0,0,0,0,0,0,0,0,0,0,0,0,0,0,0,0,0,0,0,0
"11363",1,4,1,1,1,2,1,1,1,1,1,1,1,1,1,1,1,3,1,5,1,5,0,3,1,1,1,3,1
"11364",2,4,6,1,1,7,1,1,1,4,1,1,1,2,1,1,1,5,0,0,2,5,1,5,5,2,1,8,6
"11365",3,4,6,3,1,7,2,1,1,4,6,1,1,7,1,1,1,2,1,0,1,0,0,2,1,3,2,10,7
"11366",4,4,6,7,1,7,2,5,1,4,6,3,1,7,2,1,1,4,1,4,1,4,0,4,4,3,3,14,11
"11367",5,4,6,7,2,7,6,5,1,4,6,7,1,7,2,5,1,1,0,0,3,4,2,1,4,4,2,15,15
"11368",6,4,6,10,2,7,8,5,1,4,6,7,2,7,6,5,1,3,2,0,2,0,0,3,2,3,2,18,17
"11369",7,4,6,14,2,7,13,5,1,4,6,10,2,7,8,5,1,5,4,5,5,5,0,4,5,3,2,22,22
"11370",8,4,11,14,2,7,18,5,1,4,6,14,2,7,13,5,1,5,0,0,2,1,5,5,5,2,2,27,27
"11371",9,4,13,14,2,7,19,5,1,4,11,14,2,7,18,5,1,2,1,0,1,0,0,2,1,2,2,29,28
"11372",10,4,13,14,7,7,23,5,1,4,13,14,2,7,19,5,1,4,5,1,4,1,0,5,4,4,2,34,32
"11373",11,10,13,14,7,7,1,8,1,4,13,14,7,7,23,5,1,1,0,0,6,3,6,1,3,1,3,40,13
"11374",12,16,16,14,7,7,1,8,1,10,13,14,7,7,1,8,1,6,6,0,6,0,0,6,0,1,0,49,13
"11375",0,0,0,0,0,0,0,0,0,0,0,0,0,0,0,0,0,0,0,0,0,0,0,0,0,0,0,0,0
"11376",1,1,1,5,1,1,4,1,1,1,1,1,1,1,1,1,1,3,1,4,3,1,0,4,3,3,2,4,3
"11377",2,1,1,6,1,6,4,1,1,1,1,5,1,1,4,1,1,1,0,0,3,1,5,1,5,3,1,5,8
"11378",3,4,1,6,1,6,4,1,2,1,1,6,1,6,4,1,1,3,1,0,1,0,0,3,1,1,4,8,9
"11379",4,10,1,6,6,6,4,5,2,4,1,6,1,6,4,1,2,6,4,3,4,3,0,6,4,1,3,19,13
"11380",5,10,1,6,9,6,4,5,7,10,1,6,6,6,4,5,2,3,0,0,4,5,5,3,5,4,4,22,18
"11381",6,10,1,11,9,6,8,5,7,10,1,6,9,6,4,5,7,4,5,0,4,0,0,5,4,3,2,27,22
"11382",7,10,1,11,14,6,9,5,7,10,1,11,9,6,8,5,7,1,5,1,1,1,0,5,1,4,2,32,23
"11383",8,10,1,12,14,6,9,5,10,10,1,11,14,6,9,5,7,1,0,0,6,3,3,1,3,3,4,33,26
"11384",9,12,13,12,14,6,9,5,13,10,1,12,14,6,9,5,10,6,3,0,3,0,0,6,3,2,4,47,29
"11385",10,19,13,12,14,6,9,8,13,12,13,12,14,6,9,5,13,6,2,3,2,3,0,6,3,1,3,54,32
"11386",11,19,13,14,14,6,9,11,13,19,13,12,14,6,9,8,13,2,0,0,3,6,5,2,3,3,3,56,35
"11387",12,19,18,14,14,6,9,11,13,19,13,14,14,6,9,11,13,6,5,0,6,0,0,5,0,2,0,61,35
"11388",0,0,0,0,0,0,0,0,0,0,0,0,0,0,0,0,0,0,0,0,0,0,0,0,0,0,0,0,0
"11389",1,1,1,1,6,6,1,1,1,1,1,1,1,1,1,1,1,3,5,5,3,5,0,5,5,4,1,5,5
"11390",2,1,1,4,6,6,1,2,1,1,1,1,6,6,1,1,1,3,0,0,1,2,2,3,1,3,3,8,6
"11391",3,3,1,4,6,8,1,2,1,1,1,4,6,6,1,2,1,2,2,0,2,0,0,2,2,1,1,10,8
"11392",4,8,7,4,6,14,5,2,1,3,1,4,6,8,1,2,1,6,2,6,2,6,0,6,6,2,1,21,18
"11393",5,8,7,6,6,14,5,8,3,8,7,4,6,14,5,2,1,2,0,0,6,1,1,2,6,3,3,23,26
"11394",6,8,7,7,6,15,5,8,3,8,7,6,6,14,5,8,3,1,1,0,1,0,0,1,1,3,1,24,27
"11395",7,8,7,7,11,15,11,8,9,8,7,7,6,15,5,8,3,5,6,3,6,3,0,5,6,4,4,29,39
"11396",8,8,10,7,11,15,16,8,9,8,7,7,11,15,11,8,9,3,0,0,5,1,6,3,5,2,2,32,44
"11397",9,8,10,7,18,15,16,9,9,8,10,7,11,15,16,8,9,1,6,0,1,0,0,6,1,4,3,39,45
"11398",10,8,10,7,23,15,18,9,9,8,10,7,18,15,16,9,9,1,5,2,1,2,0,5,2,4,2,44,47
"11399",11,8,10,8,23,18,18,9,9,8,10,7,23,15,18,9,9,1,0,0,3,5,1,1,3,3,1,45,50
"11400",12,8,10,8,24,18,18,9,9,8,10,8,23,18,18,9,9,5,1,0,5,0,0,1,0,4,0,46,50
"11401",0,0,0,0,0,0,0,0,0,0,0,0,0,0,0,0,0,0,0,0,0,0,0,0,0,0,0,0,0
"11402",1,4,1,1,1,1,6,1,1,1,1,1,1,1,1,1,1,5,3,5,5,5,0,3,5,1,2,3,5
"11403",2,4,1,6,1,4,6,1,1,4,1,1,1,1,6,1,1,5,0,0,3,3,6,5,3,3,1,8,8
"11404",3,4,5,12,7,7,6,1,1,4,1,6,1,4,6,1,1,3,6,0,3,0,0,6,3,3,1,24,11
"11405",4,4,5,12,10,7,6,2,1,4,5,12,7,7,6,1,1,1,2,3,1,2,0,3,1,4,3,27,12
"11406",5,4,5,12,12,7,6,12,1,4,5,12,10,7,6,2,1,2,0,0,6,6,2,2,6,4,3,29,22
"11407",6,13,5,12,12,7,6,14,1,4,5,12,12,7,6,12,1,6,2,0,2,0,0,6,2,1,3,38,24
"11408",7,13,5,12,13,7,6,14,5,13,5,12,12,7,6,14,1,1,4,3,4,3,0,1,4,4,4,39,28
"11409",8,13,8,12,13,7,6,15,11,13,5,12,13,7,6,14,5,3,0,0,6,5,5,3,6,2,4,42,35
"11410",9,13,13,12,13,12,6,15,11,13,8,12,13,7,6,15,11,5,5,0,5,0,0,5,5,2,1,47,40
"11411",10,13,15,12,19,14,6,15,11,13,13,12,13,12,6,15,11,6,4,2,4,2,0,6,2,4,1,55,42
"11412",11,13,15,16,19,19,6,15,11,13,15,12,19,14,6,15,11,4,0,0,5,1,6,4,5,3,1,59,47
"11413",12,14,15,16,19,19,6,15,11,13,15,16,19,19,6,15,11,1,6,0,6,0,0,1,0,1,0,60,47
"11414",0,0,0,0,0,0,0,0,0,0,0,0,0,0,0,0,0,0,0,0,0,0,0,0,0,0,0,0,0
"11415",1,1,1,3,1,1,3,1,1,1,1,1,1,1,1,1,1,3,2,2,3,2,0,2,2,3,2,2,2
"11416",2,1,1,6,1,4,3,1,1,1,1,3,1,1,3,1,1,3,0,0,3,3,4,3,3,3,1,5,5
"11417",3,5,1,6,1,7,3,1,1,1,1,6,1,4,3,1,1,3,4,0,3,0,0,4,3,1,1,9,8
"11418",4,5,5,6,1,7,7,1,1,5,1,6,1,7,3,1,1,5,4,4,5,4,0,4,4,2,2,13,12
"11419",5,10,5,6,1,17,7,1,1,5,5,6,1,7,7,1,1,5,0,0,6,1,6,5,6,1,1,18,22
"11420",6,16,5,6,4,17,7,1,2,10,5,6,1,17,7,1,1,1,6,0,1,0,0,6,1,1,4,27,23
"11421",7,19,11,6,4,17,8,1,2,16,5,6,4,17,7,1,2,1,3,6,1,3,0,6,1,2,2,36,24
"11422",8,19,11,6,7,17,10,1,2,19,11,6,4,17,8,1,2,3,0,0,2,1,6,3,2,4,2,39,26
"11423",9,19,12,6,13,17,10,2,2,19,11,6,7,17,10,1,2,1,6,0,1,0,0,6,1,4,3,46,27
"11424",10,19,12,9,13,17,15,2,2,19,12,6,13,17,10,2,2,5,3,5,5,5,0,3,5,3,2,49,32
"11425",11,1,12,9,13,19,15,6,2,19,12,9,13,17,15,2,2,5,0,0,4,4,4,5,4,1,3,31,38
"11426",12,5,12,9,13,19,15,6,2,1,12,9,13,19,15,6,2,4,4,0,4,0,0,4,0,1,0,35,38
"11427",0,0,0,0,0,0,0,0,0,0,0,0,0,0,0,0,0,0,0,0,0,0,0,0,0,0,0,0,0
"11428",1,1,2,1,1,1,2,1,1,1,1,1,1,1,1,1,1,1,1,5,1,5,0,1,1,2,2,1,1
"11429",2,1,2,1,6,1,2,5,1,1,2,1,1,1,2,1,1,5,0,0,2,4,4,5,4,4,3,6,5
"11430",3,5,2,1,6,3,2,5,1,1,2,1,6,1,2,5,1,2,4,0,2,0,0,4,2,1,1,10,7
"11431",4,9,2,1,12,3,2,9,1,5,2,1,6,3,2,5,1,1,4,6,1,4,0,6,4,4,3,20,11
"11432",5,9,2,1,13,3,2,9,2,9,2,1,12,3,2,9,1,1,0,0,1,2,2,1,1,4,4,21,12
"11433",6,9,4,1,13,3,4,9,2,9,2,1,13,3,2,9,2,2,2,0,2,0,0,2,2,2,2,23,14
"11434",7,9,4,12,13,3,4,12,2,9,4,1,13,3,4,9,2,2,6,3,2,3,0,6,3,3,3,34,17
"11435",8,9,4,14,13,3,5,12,8,9,4,12,13,3,4,12,2,2,0,0,6,6,3,2,6,3,4,36,24
"11436",9,14,10,14,13,6,5,12,8,9,4,14,13,3,5,12,8,6,3,0,3,0,0,6,3,2,1,47,27
"11437",10,14,10,18,13,10,5,12,8,14,10,14,13,6,5,12,8,4,4,3,4,3,0,4,4,3,1,51,31
"11438",11,17,10,18,13,13,5,12,8,14,10,18,13,10,5,12,8,3,0,0,3,3,6,3,3,1,1,54,34
"11439",12,20,10,18,13,13,5,12,8,17,10,18,13,13,5,12,8,3,6,0,6,0,0,3,0,1,0,57,34
"11440",0,0,0,0,0,0,0,0,0,0,0,0,0,0,0,0,0,0,0,0,0,0,0,0,0,0,0,0,0
"11441",1,5,1,1,1,1,7,1,5,1,1,1,1,1,1,1,1,6,4,1,6,1,0,4,6,1,2,4,10
"11442",2,5,2,1,1,1,7,5,5,5,1,1,1,1,7,1,5,1,0,0,3,4,2,1,4,2,3,5,14
"11443",3,5,2,1,3,1,10,5,5,5,2,1,1,1,7,5,5,3,2,0,3,0,0,2,3,4,2,7,17
"11444",4,11,4,1,3,1,10,5,9,5,2,1,3,1,10,5,5,4,6,1,4,1,0,6,4,1,4,15,21
"11445",5,11,4,2,3,1,10,11,11,11,4,1,3,1,10,5,9,1,0,0,4,6,1,1,6,3,3,16,29
"11446",6,15,4,2,3,2,10,11,11,11,4,2,3,1,10,11,11,4,1,0,1,0,0,4,1,1,1,20,30
"11447",7,17,4,2,3,2,10,11,14,15,4,2,3,2,10,11,11,2,3,3,3,3,0,2,3,1,4,22,33
"11448",8,17,7,2,3,2,13,11,14,17,4,2,3,2,10,11,14,3,0,0,3,3,3,3,3,2,2,25,36
"11449",9,20,10,2,3,1,13,14,14,17,7,2,3,2,13,11,14,3,3,0,3,0,0,3,3,1,3,31,38
"11450",10,20,13,2,3,7,14,14,14,20,10,2,3,1,13,14,14,2,3,6,2,6,0,3,6,2,1,34,45
"11451",11,22,13,2,3,11,14,14,14,20,13,2,3,7,14,14,14,2,0,0,4,1,6,2,4,1,1,36,49
"11452",12,22,13,2,4,11,14,14,14,22,13,2,3,11,14,14,14,1,6,0,6,0,0,1,0,4,0,37,49
"11453",0,0,0,0,0,0,0,0,0,0,0,0,0,0,0,0,0,0,0,0,0,0,0,0,0,0,0,0,0
"11454",1,3,1,1,1,4,1,1,1,1,1,1,1,1,1,1,1,2,3,3,3,3,0,2,3,1,1,2,3
"11455",2,3,1,4,1,7,1,1,7,3,1,1,1,4,1,1,1,3,0,0,1,1,6,3,6,3,4,5,12
"11456",3,3,1,5,1,8,1,1,7,3,1,4,1,7,1,1,7,1,1,0,1,0,0,1,1,3,1,6,13
"11457",4,8,1,5,1,11,7,1,7,3,1,5,1,8,1,1,7,5,2,6,2,6,0,5,6,1,2,11,22
"11458",5,8,1,5,3,11,7,1,10,8,1,5,1,11,7,1,7,2,0,0,3,6,5,2,3,4,4,13,25
"11459",6,8,7,5,13,16,7,1,10,8,1,5,3,11,7,1,10,6,5,0,5,0,0,6,5,2,1,29,30
"11460",7,8,7,10,13,22,12,1,10,8,7,5,13,16,7,1,10,6,5,1,6,1,0,5,6,3,1,34,41
"11461",8,8,8,10,13,22,14,1,10,8,7,10,13,22,12,1,10,1,0,0,2,2,4,1,2,2,2,35,43
"11462",9,8,8,14,13,22,14,1,12,8,8,10,13,22,14,1,10,2,4,0,2,0,0,4,2,3,4,39,45
"11463",10,8,8,18,13,28,15,1,12,8,8,14,13,22,14,1,12,4,4,6,4,6,0,4,6,3,1,43,52
"11464",11,8,8,18,17,28,16,1,12,8,8,18,13,28,15,1,12,4,0,0,1,5,3,4,1,4,2,47,53
"11465",12,8,13,18,17,28,16,1,12,8,8,18,17,28,16,1,12,5,3,0,3,0,0,5,0,2,0,52,53
"11466",0,0,0,0,0,0,0,0,0,0,0,0,0,0,0,0,0,0,0,0,0,0,0,0,0,0,0,0,0
"11467",1,1,1,6,1,1,1,13,1,1,1,1,1,1,1,1,1,2,6,5,2,6,0,5,6,3,3,5,12
"11468",2,1,1,8,1,1,6,13,1,1,1,6,1,1,1,13,1,2,0,0,6,4,5,2,5,3,2,7,17
"11469",3,1,7,11,1,5,6,13,1,1,1,8,1,1,6,13,1,6,4,0,4,0,0,6,4,2,1,16,21
"11470",4,6,7,11,1,10,6,13,1,1,7,11,1,5,6,13,1,5,5,5,5,5,0,5,5,1,1,21,26
"11471",5,6,12,11,1,10,6,18,1,6,7,11,1,10,6,13,1,5,0,0,2,3,5,5,5,2,3,26,31
"11472",6,6,12,14,1,10,6,18,3,6,12,11,1,10,6,18,1,2,3,0,2,0,0,3,2,3,4,29,33
"11473",7,17,12,14,1,13,6,18,3,6,12,14,1,10,6,18,3,1,3,6,1,3,0,6,3,1,1,40,36
"11474",8,18,12,14,1,13,6,18,8,17,12,14,1,13,6,18,3,1,0,0,5,3,4,1,5,1,4,41,41
"11475",9,18,16,14,1,13,6,21,8,18,12,14,1,13,6,18,8,3,4,0,3,0,0,4,3,2,3,45,44
"11476",10,18,18,14,3,13,9,1,8,18,16,14,1,13,6,21,8,2,4,3,4,3,0,2,3,4,2,49,27
"11477",11,18,18,14,7,18,9,1,8,18,18,14,3,13,9,1,8,4,0,0,5,2,2,4,5,4,1,53,32
"11478",12,18,20,14,7,18,9,1,8,18,18,14,7,18,9,1,8,2,2,0,2,0,0,2,0,2,0,55,32
"11479",0,0,0,0,0,0,0,0,0,0,0,0,0,0,0,0,0,0,0,0,0,0,0,0,0,0,0,0,0
"11480",1,1,5,1,1,1,1,5,1,1,1,1,1,1,1,1,1,4,4,4,4,4,0,4,4,2,3,4,4
"11481",2,1,5,1,5,6,1,5,1,1,5,1,1,1,1,5,1,4,0,0,4,5,6,4,5,4,1,8,9
"11482",3,1,5,7,9,6,5,5,1,1,5,1,5,6,1,5,1,4,6,0,4,0,0,6,4,3,2,18,13
"11483",4,11,5,7,9,6,5,5,4,1,5,7,9,6,5,5,1,6,3,2,3,2,0,6,3,1,4,28,16
"11484",5,13,5,7,9,6,5,5,6,11,5,7,9,6,5,5,4,2,0,0,2,6,2,2,2,1,4,30,18
"11485",6,13,11,7,11,6,5,5,8,13,5,7,9,6,5,5,6,6,2,0,2,0,0,6,2,2,4,38,20
"11486",7,13,15,7,11,6,6,5,8,13,11,7,11,6,5,5,8,4,1,1,1,1,0,4,1,2,2,42,21
"11487",8,13,16,7,11,6,6,6,8,13,15,7,11,6,6,5,8,1,0,0,6,2,1,1,1,2,3,43,22
"11488",9,13,16,9,17,8,6,6,8,13,16,7,11,6,6,6,8,6,2,0,2,0,0,6,2,4,1,51,24
"11489",10,15,16,9,17,11,6,6,8,13,16,9,17,8,6,6,8,2,3,4,3,4,0,2,3,1,1,53,27
"11490",11,19,16,9,17,12,6,6,8,15,16,9,17,11,6,6,8,4,0,0,1,2,4,4,1,1,1,57,28
"11491",12,19,16,11,17,12,6,6,8,19,16,9,17,12,6,6,8,2,4,0,4,0,0,2,0,3,0,59,28
"11492",0,0,0,0,0,0,0,0,0,0,0,0,0,0,0,0,0,0,0,0,0,0,0,0,0,0,0,0,0
"11493",1,1,3,1,1,1,1,1,3,1,1,1,1,1,1,1,1,2,2,1,2,1,0,2,2,2,4,2,2
"11494",2,1,4,1,1,4,7,1,3,1,3,1,1,1,1,1,3,1,0,0,1,6,6,1,6,2,2,3,11
"11495",3,3,10,1,1,4,7,2,3,1,4,1,1,4,7,1,3,1,6,0,1,0,0,6,1,2,3,11,12
"11496",4,3,10,4,1,4,7,2,8,3,10,1,1,4,7,2,3,5,5,3,5,5,0,3,5,3,4,14,17
"11497",5,8,10,4,1,4,7,2,12,3,10,4,1,4,7,2,8,5,0,0,4,2,5,5,4,1,4,19,21
"11498",6,8,15,4,1,4,7,4,12,8,10,4,1,4,7,2,12,2,5,0,2,0,0,5,2,2,3,24,23
"11499",7,8,21,4,5,4,13,9,12,8,15,4,1,4,7,4,12,6,3,6,3,6,0,6,6,2,2,34,34
"11500",8,8,21,7,5,4,13,17,12,8,21,4,5,4,13,9,12,3,0,0,2,4,6,3,6,3,3,37,42
"11501",9,8,25,7,5,4,13,17,14,8,21,7,5,4,13,17,12,2,4,0,2,0,0,4,2,2,4,41,44
"11502",10,8,30,7,5,4,15,17,14,8,25,7,5,4,13,17,14,5,1,2,1,2,0,5,2,2,2,46,46
"11503",11,8,31,7,5,6,21,17,14,8,30,7,5,4,15,17,14,1,0,0,6,3,1,1,6,2,2,47,54
"11504",12,8,32,10,5,6,21,17,1,8,31,7,5,6,21,17,14,3,1,0,3,0,0,1,0,2,0,51,41
"11505",0,0,0,0,0,0,0,0,0,0,0,0,0,0,0,0,0,0,0,0,0,0,0,0,0,0,0,0,0
"11506",1,1,6,1,1,1,1,3,1,1,1,1,1,1,1,1,1,2,5,2,2,2,0,5,2,2,3,5,2
"11507",2,3,6,1,1,1,1,3,3,1,6,1,1,1,1,3,1,2,0,0,2,5,2,2,2,1,4,7,4
"11508",3,3,6,1,6,3,1,3,3,3,6,1,1,1,1,3,3,5,2,0,2,0,0,5,2,4,1,12,6
"11509",4,3,6,2,6,4,1,3,3,3,6,1,6,3,1,3,3,1,1,1,1,1,0,1,1,3,1,13,7
"11510",5,3,6,2,7,9,1,3,3,3,6,2,6,4,1,3,3,1,0,0,6,5,1,1,5,4,1,14,12
"11511",6,4,12,2,7,9,2,3,3,3,6,2,7,9,1,3,3,6,1,0,1,0,0,6,1,2,2,21,13
"11512",7,4,12,5,7,10,2,3,3,4,12,2,7,9,2,3,3,1,3,1,1,1,0,3,1,3,1,24,14
"11513",8,5,12,5,7,10,2,7,3,4,12,5,7,10,2,3,3,1,0,0,6,4,4,1,4,1,3,25,18
"11514",9,7,12,11,7,10,2,11,3,5,12,5,7,10,2,7,3,6,4,0,4,0,0,6,4,3,3,33,22
"11515",10,14,12,11,7,10,6,11,3,7,12,11,7,10,2,11,3,6,4,1,4,1,0,6,4,1,2,40,26
"11516",11,15,12,11,7,15,6,11,3,14,12,11,7,10,6,11,3,1,0,0,5,3,3,1,5,1,1,41,31
"11517",12,15,12,11,10,15,6,11,3,15,12,11,7,15,6,11,3,3,3,0,3,0,0,3,0,4,0,44,31
"11518",0,0,0,0,0,0,0,0,0,0,0,0,0,0,0,0,0,0,0,0,0,0,0,0,0,0,0,0,0
"11519",1,2,1,1,1,1,1,1,4,1,1,1,1,1,1,1,1,2,3,1,2,3,0,1,3,1,4,1,3
"11520",2,4,1,1,1,1,4,1,10,2,1,1,1,1,1,1,4,2,0,0,6,3,3,2,6,1,4,3,12
"11521",3,4,4,1,1,1,4,4,10,4,1,1,1,1,4,1,10,3,3,0,3,0,0,3,3,2,3,6,15
"11522",4,4,5,1,7,1,4,9,10,4,4,1,1,1,4,4,10,5,6,6,5,6,0,6,5,4,3,13,20
"11523",5,4,11,1,12,1,5,9,10,4,5,1,7,1,4,9,10,6,0,0,2,1,5,6,1,2,2,24,21
"11524",6,4,11,6,12,1,5,9,12,4,11,1,12,1,5,9,10,2,5,0,2,0,0,5,2,3,4,29,23
"11525",7,9,11,12,12,1,8,9,12,4,11,6,12,1,5,9,12,3,6,3,3,3,0,6,3,3,2,40,26
"11526",8,12,11,12,12,1,8,14,12,9,11,12,12,1,8,9,12,3,0,0,5,5,1,3,5,1,3,43,31
"11527",9,12,16,12,12,1,9,14,12,12,11,12,12,1,8,14,12,5,1,0,1,0,0,5,1,2,2,48,32
"11528",10,13,16,12,18,1,9,15,12,12,16,12,12,1,9,14,12,2,6,1,2,1,0,6,1,4,3,55,33
"11529",11,13,16,14,18,1,9,15,15,13,16,12,18,1,9,15,12,2,0,0,3,1,2,2,3,3,4,57,36
"11530",12,13,16,15,18,1,9,15,15,13,16,14,18,1,9,15,15,1,2,0,2,0,0,1,0,3,0,58,36
"11531",0,0,0,0,0,0,0,0,0,0,0,0,0,0,0,0,0,0,0,0,0,0,0,0,0,0,0,0,0
"11532",1,1,6,1,1,1,1,2,1,1,1,1,1,1,1,1,1,1,1,5,1,1,0,5,1,2,3,5,1
"11533",2,1,7,1,1,1,1,2,2,1,6,1,1,1,1,2,1,1,0,0,2,1,2,1,1,2,4,6,2
"11534",3,1,9,1,1,3,1,2,2,1,7,1,1,1,1,2,2,2,2,0,2,0,0,2,2,2,1,8,4
"11535",4,1,9,5,1,5,1,2,2,1,9,1,1,3,1,2,2,4,2,2,2,2,0,4,2,3,1,12,6
"11536",5,1,11,5,1,5,2,2,2,1,9,5,1,5,1,2,2,2,0,0,1,4,2,2,1,2,2,14,7
"11537",6,1,11,5,5,5,2,4,2,1,11,5,1,5,2,2,2,4,2,0,2,0,0,4,2,4,3,18,9
"11538",7,7,11,5,9,5,2,9,2,1,11,5,5,5,2,4,2,6,1,5,1,5,0,6,5,1,3,28,14
"11539",8,7,11,5,10,9,2,9,2,7,11,5,9,5,2,9,2,1,0,0,3,4,3,1,4,4,1,29,18
"11540",9,10,11,5,10,9,2,9,5,7,11,5,10,9,2,9,2,3,3,0,3,0,0,3,3,1,4,32,21
"11541",10,10,15,5,10,9,2,11,5,10,11,5,10,9,2,9,5,2,3,4,2,3,0,4,2,2,3,36,23
"11542",11,10,15,5,13,11,2,11,5,10,15,5,10,9,2,11,5,3,0,0,2,5,3,3,2,4,1,39,25
"11543",12,10,18,5,13,11,2,11,5,10,15,5,13,11,2,11,5,5,3,0,5,0,0,3,0,2,0,42,25
"11544",0,0,0,0,0,0,0,0,0,0,0,0,0,0,0,0,0,0,0,0,0,0,0,0,0,0,0,0,0
"11545",1,1,1,3,1,1,1,3,1,1,1,1,1,1,1,1,1,2,2,3,2,3,0,2,2,3,3,2,2
"11546",2,4,1,3,1,1,1,7,1,1,1,3,1,1,1,3,1,3,0,0,4,4,1,3,4,1,3,5,6
"11547",3,4,1,7,1,1,1,7,2,4,1,3,1,1,1,7,1,4,1,0,1,0,0,4,1,3,4,9,7
"11548",4,10,2,7,1,1,1,7,5,4,1,7,1,1,1,7,2,3,1,6,3,1,0,6,3,1,4,16,10
"11549",5,10,3,7,1,6,7,7,5,10,2,7,1,1,1,7,5,1,0,0,6,1,6,1,6,2,2,17,21
"11550",6,10,14,7,1,6,7,8,5,10,3,7,1,6,7,7,5,1,6,0,1,0,0,6,1,2,3,28,22
"11551",7,10,14,11,1,6,7,8,9,10,14,7,1,6,7,8,5,4,4,4,4,4,0,4,4,3,4,32,26
"11552",8,10,14,11,5,6,7,12,9,10,14,11,1,6,7,8,9,4,0,0,1,4,4,4,4,4,3,36,30
"11553",9,14,14,11,5,6,7,13,9,10,14,11,5,6,7,12,9,1,4,0,1,0,0,4,1,1,3,40,31
"11554",10,14,14,11,10,6,11,13,9,14,14,11,5,6,7,13,9,2,5,4,2,4,0,5,4,4,2,45,35
"11555",11,16,14,11,10,11,11,13,9,14,14,11,10,6,11,13,9,2,0,0,5,4,6,2,5,1,1,47,40
"11556",12,16,14,11,14,11,11,13,9,16,14,11,10,11,11,13,9,4,6,0,6,0,0,4,0,4,0,51,40
"11557",0,0,0,0,0,0,0,0,0,0,0,0,0,0,0,0,0,0,0,0,0,0,0,0,0,0,0,0,0
"11558",1,1,1,5,1,1,1,4,1,1,1,1,1,1,1,1,1,4,1,3,1,3,0,4,3,3,3,4,3
"11559",2,1,1,6,1,6,1,4,1,1,1,5,1,1,1,4,1,1,0,0,1,5,5,1,5,3,1,5,8
"11560",3,1,1,6,6,7,1,4,1,1,1,6,1,6,1,4,1,1,5,0,1,0,0,5,1,4,1,10,9
"11561",4,1,7,6,10,7,1,4,4,1,1,6,6,7,1,4,1,6,3,2,3,2,0,6,3,2,4,20,12
"11562",5,1,9,6,10,7,1,7,10,1,7,6,10,7,1,4,4,2,0,0,6,6,3,2,6,2,4,22,21
"11563",6,1,13,6,16,7,4,7,10,1,9,6,10,7,1,7,10,6,3,0,3,0,0,6,3,4,2,32,24
"11564",7,6,19,6,16,7,4,11,10,1,13,6,16,7,4,7,10,6,4,3,4,3,0,6,4,2,3,43,28
"11565",8,9,19,6,16,7,4,14,10,6,19,6,16,7,4,11,10,3,0,0,3,3,1,3,3,1,3,46,31
"11566",9,12,19,6,16,7,4,15,10,9,19,6,16,7,4,14,10,3,1,0,1,0,0,3,1,1,3,49,32
"11567",10,14,19,12,16,12,4,15,10,12,19,6,16,7,4,15,10,6,5,3,5,3,0,6,5,3,1,57,37
"11568",11,17,19,12,16,12,4,16,10,14,19,12,16,12,4,15,10,3,0,0,1,1,4,3,1,1,3,60,38
"11569",12,17,19,12,20,12,4,16,10,17,19,12,16,12,4,16,10,1,4,0,1,0,0,4,0,4,0,64,38
"11570",0,0,0,0,0,0,0,0,0,0,0,0,0,0,0,0,0,0,0,0,0,0,0,0,0,0,0,0,0
"11571",1,6,1,1,1,1,1,1,5,1,1,1,1,1,1,1,1,5,1,4,1,4,0,5,4,1,4,5,4
"11572",2,6,1,1,2,1,6,7,11,6,1,1,1,1,1,1,5,1,0,0,6,4,1,1,6,4,3,6,21
"11573",3,6,5,1,2,1,6,7,12,6,1,1,2,1,6,7,11,4,1,0,1,0,0,4,1,2,4,10,22
"11574",4,10,5,1,2,1,9,7,12,6,5,1,2,1,6,7,12,3,4,4,3,4,0,4,3,1,2,14,25
"11575",5,14,5,1,2,1,9,7,17,10,5,1,2,1,9,7,12,4,0,0,5,1,1,4,5,1,4,18,30
"11576",6,14,5,1,3,1,10,7,17,14,5,1,2,1,9,7,17,1,1,0,1,0,0,1,1,4,2,19,31
"11577",7,18,5,1,3,1,10,12,17,14,5,1,3,1,10,7,17,5,4,1,5,1,0,4,5,1,3,23,36
"11578",8,18,5,2,3,1,10,16,17,18,5,1,3,1,10,12,17,1,0,0,4,1,3,1,4,3,3,24,40
"11579",9,18,8,2,3,2,10,16,17,18,5,2,3,1,10,16,17,1,3,0,1,0,0,3,1,2,1,27,41
"11580",10,23,8,2,9,9,10,16,17,18,8,2,3,2,10,16,17,6,1,6,1,6,0,6,6,4,1,38,48
"11581",11,24,8,2,9,13,10,16,17,23,8,2,9,9,10,16,17,1,0,0,4,2,2,1,4,1,1,39,52
"11582",12,24,8,2,11,13,10,16,17,24,8,2,9,13,10,16,17,2,2,0,2,0,0,2,0,4,0,41,52
"11583",0,0,0,0,0,0,0,0,0,0,0,0,0,0,0,0,0,0,0,0,0,0,0,0,0,0,0,0,0
"11584",1,1,1,8,1,1,1,5,1,1,1,1,1,1,1,1,1,2,6,4,2,4,0,6,4,3,3,7,4
"11585",2,1,1,8,3,1,6,5,1,1,1,8,1,1,1,5,1,2,0,0,5,2,5,2,5,4,2,9,9
"11586",3,1,1,8,8,1,6,7,1,1,1,8,3,1,6,5,1,2,5,0,2,0,0,5,2,4,3,14,11
"11587",4,1,6,8,8,4,6,19,1,1,1,8,8,1,6,7,1,6,5,3,6,3,0,5,6,2,3,19,26
"11588",5,1,9,8,8,4,7,19,1,1,6,8,8,4,6,19,1,3,0,0,1,5,4,3,1,2,2,22,27
"11589",6,1,14,8,8,4,7,19,5,1,9,8,8,4,7,19,1,5,4,0,4,0,0,5,4,2,4,27,31
"11590",7,1,18,8,8,6,7,19,5,1,14,8,8,4,7,19,5,4,2,4,2,4,0,4,2,2,1,31,33
"11591",8,1,18,12,8,6,18,19,5,1,18,8,8,6,7,19,5,4,0,0,6,6,6,4,6,3,2,35,44
"11592",9,1,28,12,8,1,18,25,8,1,18,12,8,6,18,19,5,6,6,0,6,0,0,6,6,2,3,45,48
"11593",10,7,33,12,8,1,18,5,8,1,28,12,8,1,18,25,8,6,5,4,5,4,0,6,4,1,3,56,28
"11594",11,7,33,17,8,1,18,9,8,7,33,12,8,1,18,5,8,5,0,0,5,4,6,5,4,3,3,61,32
"11595",12,7,38,17,8,1,18,9,8,7,33,17,8,1,18,9,8,5,6,0,6,0,0,5,0,2,0,66,32
"11596",0,0,0,0,0,0,0,0,0,0,0,0,0,0,0,0,0,0,0,0,0,0,0,0,0,0,0,0,0
"11597",1,1,1,3,1,1,2,1,1,1,1,1,1,1,1,1,1,1,3,2,1,3,0,2,1,3,2,2,1
"11598",2,1,4,3,1,1,7,1,1,1,1,3,1,1,2,1,1,3,0,0,5,4,3,3,5,2,2,5,6
"11599",3,1,4,7,1,1,7,4,1,1,4,3,1,1,7,1,1,4,3,0,3,0,0,4,3,3,3,9,9
"11600",4,6,4,7,1,6,7,4,1,1,4,7,1,1,7,4,1,4,5,5,4,5,0,5,5,1,1,14,14
"11601",5,6,4,11,1,6,7,4,6,6,4,7,1,6,7,4,1,4,0,0,2,5,4,4,5,3,4,18,19
"11602",6,6,4,15,1,8,7,4,6,6,4,11,1,6,7,4,6,2,4,0,2,0,0,4,2,3,1,22,21
"11603",7,6,9,15,1,11,7,4,6,6,4,15,1,8,7,4,6,2,3,5,2,3,0,5,3,2,1,27,24
"11604",8,6,9,17,1,15,7,4,6,6,9,15,1,11,7,4,6,2,0,0,3,4,3,2,4,3,1,29,28
"11605",9,6,9,17,4,15,7,4,9,6,9,17,1,15,7,4,6,3,3,0,3,0,0,3,3,4,4,32,31
"11606",10,6,9,17,8,15,7,8,9,6,9,17,4,15,7,4,9,4,1,4,1,4,0,4,4,4,3,36,35
"11607",11,7,9,17,8,20,7,8,9,6,9,17,8,15,7,8,9,1,0,0,2,1,5,1,5,1,1,37,40
"11608",12,8,9,17,8,20,7,8,9,7,9,17,8,20,7,8,9,2,1,0,2,0,0,1,0,1,0,38,40
"11609",0,0,0,0,0,0,0,0,0,0,0,0,0,0,0,0,0,0,0,0,0,0,0,0,0,0,0,0,0
"11610",1,1,12,1,1,1,1,6,1,1,1,1,1,1,1,1,1,5,6,2,5,2,0,6,5,2,3,11,5
"11611",2,3,12,1,1,7,1,10,1,1,12,1,1,1,1,6,1,2,0,0,1,3,6,2,6,1,1,13,15
"11612",3,3,12,4,1,7,2,10,1,3,12,1,1,7,1,10,1,1,3,0,1,0,0,3,1,3,2,16,16
"11613",4,4,12,4,1,7,3,10,1,3,12,4,1,7,2,10,1,2,1,1,2,1,0,1,1,1,2,17,17
"11614",5,4,14,4,1,11,3,10,1,4,12,4,1,7,3,10,1,2,0,0,3,4,2,2,4,2,1,19,21
"11615",6,4,14,4,4,13,3,10,1,4,14,4,1,11,3,10,1,3,2,0,2,0,0,3,2,4,1,22,23
"11616",7,9,14,4,4,13,8,10,1,4,14,4,4,13,3,10,1,5,5,3,5,3,0,5,5,1,2,27,28
"11617",8,12,14,4,4,13,13,10,1,9,14,4,4,13,8,10,1,3,0,0,5,1,5,3,5,1,2,30,33
"11618",9,12,14,9,4,14,13,10,1,12,14,4,4,13,13,10,1,1,5,0,1,0,0,5,1,3,1,35,34
"11619",10,18,17,9,4,14,15,10,1,12,14,9,4,14,13,10,1,1,6,2,1,2,0,6,2,1,2,44,36
"11620",11,18,17,10,4,14,19,10,1,18,17,9,4,14,15,10,1,1,0,0,4,4,6,1,4,3,2,45,40
"11621",12,33,17,10,4,14,19,10,1,18,17,10,4,14,19,10,1,4,6,0,4,0,0,6,0,1,0,60,40
"11622",0,0,0,0,0,0,0,0,0,0,0,0,0,0,0,0,0,0,0,0,0,0,0,0,0,0,0,0,0
"11623",1,5,1,1,1,1,1,2,1,1,1,1,1,1,1,1,1,1,4,1,1,1,0,4,1,1,3,4,1
"11624",2,5,1,1,2,5,1,2,1,5,1,1,1,1,1,2,1,1,0,0,6,4,6,1,4,4,1,5,5
"11625",3,5,7,1,3,11,1,7,1,5,1,1,2,5,1,2,1,6,6,0,6,0,0,6,6,2,1,12,16
"11626",4,9,7,1,3,11,7,9,1,5,7,1,3,11,1,7,1,4,2,6,2,6,0,4,6,1,2,16,24
"11627",5,9,9,1,3,16,7,9,1,9,7,1,3,11,7,9,1,2,0,0,2,1,5,2,5,2,1,18,29
"11628",6,9,9,1,5,17,7,9,1,9,9,1,3,16,7,9,1,2,1,0,1,0,0,2,1,4,1,20,30
"11629",7,14,9,1,5,17,7,12,1,9,9,1,5,17,7,9,1,3,5,1,3,1,0,5,3,1,3,25,33
"11630",8,14,10,1,5,17,7,12,6,14,9,1,5,17,7,12,1,1,0,0,5,4,4,1,5,2,4,26,38
"11631",9,14,10,1,9,17,7,16,6,14,10,1,5,17,7,12,6,4,4,0,4,0,0,4,4,4,3,30,42
"11632",10,19,10,1,9,22,7,16,6,14,10,1,9,17,7,16,6,5,2,5,2,5,0,5,5,1,1,35,47
"11633",11,19,10,3,9,24,7,16,6,19,10,1,9,22,7,16,6,2,0,0,2,5,5,2,2,3,1,37,49
"11634",12,19,10,3,14,24,7,16,6,19,10,3,9,24,7,16,6,5,5,0,5,0,0,5,0,4,0,42,49
"11635",0,0,0,0,0,0,0,0,0,0,0,0,0,0,0,0,0,0,0,0,0,0,0,0,0,0,0,0,0
"11636",1,1,1,1,4,1,1,1,6,1,1,1,1,1,1,1,1,3,5,2,5,2,0,3,5,4,4,3,5
"11637",2,3,1,1,4,1,1,4,6,1,1,1,4,1,1,1,6,2,0,0,4,3,5,2,3,1,3,5,8
"11638",3,3,6,1,4,1,1,4,10,3,1,1,4,1,1,4,6,4,5,0,4,0,0,5,4,2,4,10,12
"11639",4,9,10,1,4,5,1,4,10,3,6,1,4,1,1,4,10,4,6,1,4,1,0,6,4,1,1,20,16
"11640",5,9,10,2,4,5,1,5,10,9,10,1,4,5,1,4,10,1,0,0,3,6,1,1,1,3,3,21,17
"11641",6,9,19,2,4,8,1,5,10,9,10,2,4,5,1,5,10,3,6,0,3,0,0,6,3,2,1,30,20
"11642",7,15,19,8,8,13,1,5,10,9,19,2,4,8,1,5,10,5,2,6,5,2,0,6,5,3,1,46,25
"11643",8,17,19,8,8,14,1,5,10,15,19,8,8,13,1,5,10,2,0,0,1,1,4,2,1,1,1,48,26
"11644",9,17,19,8,12,14,2,5,10,17,19,8,8,14,1,5,10,1,4,0,1,0,0,4,1,4,2,52,27
"11645",10,17,19,9,12,14,2,7,10,17,19,8,12,14,2,5,10,2,1,2,2,2,0,1,2,3,3,53,29
"11646",11,17,19,11,12,17,2,7,10,17,19,9,12,14,2,7,10,2,0,0,3,2,4,2,3,3,1,55,32
"11647",12,17,23,11,12,17,2,7,10,17,19,11,12,17,2,7,10,2,4,0,2,0,0,4,0,2,0,59,32
"11648",0,0,0,0,0,0,0,0,0,0,0,0,0,0,0,0,0,0,0,0,0,0,0,0,0,0,0,0,0
"11649",1,5,1,1,1,1,1,6,1,1,1,1,1,1,1,1,1,4,5,4,5,4,0,4,5,1,3,4,5
"11650",2,9,1,1,1,5,1,6,1,5,1,1,1,1,1,6,1,4,0,0,4,1,6,4,4,1,1,8,9
"11651",3,9,1,7,7,5,1,6,2,9,1,1,1,5,1,6,1,1,6,0,1,0,0,6,1,4,4,20,10
"11652",4,9,1,7,14,5,6,6,2,9,1,7,7,5,1,6,2,6,2,5,2,5,0,6,5,4,2,27,15
"11653",5,11,1,7,14,5,6,6,3,9,1,7,14,5,6,6,2,2,0,0,1,3,1,2,1,1,4,29,16
"11654",6,11,1,10,14,6,6,6,3,11,1,7,14,5,6,6,3,3,1,0,1,0,0,3,1,3,1,32,17
"11655",7,11,6,10,14,6,6,7,3,11,1,10,14,6,6,6,3,1,5,4,1,4,0,5,1,2,3,37,18
"11656",8,11,6,14,14,6,6,15,3,11,6,10,14,6,6,7,3,4,0,0,4,6,2,4,6,3,3,41,26
"11657",9,11,6,18,14,6,6,17,3,11,6,14,14,6,6,15,3,4,2,0,2,0,0,4,2,3,3,45,28
"11658",10,11,10,18,14,6,10,17,3,11,6,18,14,6,6,17,3,4,4,4,4,4,0,4,4,2,2,49,32
"11659",11,15,10,18,14,7,10,17,3,11,10,18,14,6,10,17,3,4,0,0,1,1,6,4,1,1,1,53,33
"11660",12,15,18,18,14,7,10,17,3,15,10,18,14,7,10,17,3,1,6,0,1,0,0,6,0,2,0,61,33
"11661",0,0,0,0,0,0,0,0,0,0,0,0,0,0,0,0,0,0,0,0,0,0,0,0,0,0,0,0,0
"11662",1,1,7,3,1,1,1,1,3,1,1,1,1,1,1,1,1,2,5,6,2,5,0,6,2,2,4,8,2
"11663",2,1,7,8,1,1,1,6,3,1,7,3,1,1,1,1,3,5,0,0,2,5,5,5,5,3,3,13,7
"11664",3,6,7,8,1,1,1,8,3,1,7,8,1,1,1,6,3,2,5,0,2,0,0,5,2,1,3,18,9
"11665",4,6,12,8,1,1,1,8,8,6,7,8,1,1,1,8,3,3,5,5,3,5,0,5,5,2,4,23,14
"11666",5,6,12,11,1,1,1,8,13,6,12,8,1,1,1,8,8,3,0,0,5,1,5,3,5,3,4,26,19
"11667",6,6,12,11,6,1,2,8,13,6,12,11,1,1,1,8,13,1,5,0,1,0,0,5,1,4,2,31,20
"11668",7,8,12,11,6,1,4,8,13,6,12,11,6,1,2,8,13,2,2,3,2,3,0,2,2,1,2,33,22
"11669",8,8,12,14,6,2,4,8,13,8,12,11,6,1,4,8,13,3,0,0,6,1,1,3,1,3,1,36,23
"11670",9,8,12,14,13,2,5,8,13,8,12,14,6,2,4,8,13,6,1,0,1,0,0,6,1,4,2,43,24
"11671",10,8,12,17,13,2,5,8,15,8,12,14,13,2,5,8,13,3,2,5,2,5,0,3,2,3,4,46,26
"11672",11,13,12,17,13,4,5,8,15,8,12,17,13,2,5,8,15,5,0,0,2,1,5,5,2,1,1,51,28
"11673",12,18,12,17,13,4,5,8,15,13,12,17,13,4,5,8,15,1,5,0,1,0,0,5,0,1,0,56,28
"11674",0,0,0,0,0,0,0,0,0,0,0,0,0,0,0,0,0,0,0,0,0,0,0,0,0,0,0,0,0
"11675",1,4,1,1,1,7,1,2,1,1,1,1,1,1,1,1,1,6,3,3,6,3,0,3,6,1,1,3,7
"11676",2,4,1,1,4,11,1,2,1,4,1,1,1,7,1,2,1,3,0,0,4,1,5,3,4,4,1,6,11
"11677",3,4,1,6,4,12,1,2,1,4,1,1,4,11,1,2,1,1,5,0,1,0,0,5,1,3,1,11,12
"11678",4,8,1,6,4,12,1,2,6,4,1,6,4,12,1,2,1,4,5,4,5,4,0,4,5,1,4,15,17
"11679",5,12,1,6,4,12,1,2,11,8,1,6,4,12,1,2,6,4,0,0,1,3,5,4,5,1,4,19,22
"11680",6,12,4,6,4,13,1,2,11,12,1,6,4,12,1,2,11,1,3,0,1,0,0,3,1,2,1,22,23
"11681",7,12,4,13,10,13,1,2,15,12,4,6,4,13,1,2,11,4,2,6,4,2,0,6,4,3,4,35,27
"11682",8,14,4,13,10,15,1,2,15,12,4,13,10,13,1,2,15,2,0,0,2,6,2,2,2,1,1,37,29
"11683",9,15,10,13,10,15,1,2,17,14,4,13,10,15,1,2,15,6,2,0,2,0,0,6,2,2,4,44,31
"11684",10,17,10,13,10,15,1,2,18,15,10,13,10,15,1,2,17,1,2,1,1,1,0,2,1,1,4,46,32
"11685",11,17,10,14,10,15,1,2,22,17,10,13,10,15,1,2,18,1,0,0,4,2,5,1,4,3,4,47,36
"11686",12,19,10,14,10,15,1,2,22,17,10,14,10,15,1,2,22,2,5,0,5,0,0,2,0,1,0,49,36
"11687",0,0,0,0,0,0,0,0,0,0,0,0,0,0,0,0,0,0,0,0,0,0,0,0,0,0,0,0,0
"11688",1,1,9,1,1,1,8,1,1,1,1,1,1,1,1,1,1,6,4,6,4,6,0,6,6,2,2,8,7
"11689",2,5,9,1,1,1,8,2,1,1,9,1,1,1,8,1,1,4,0,0,1,3,6,4,1,1,3,12,8
"11690",3,5,9,12,1,4,8,2,1,5,9,1,1,1,8,2,1,3,6,0,3,0,0,6,3,3,1,23,11
"11691",4,5,14,12,1,4,15,8,1,5,9,12,1,4,8,2,1,5,2,6,2,6,0,5,6,2,2,28,24
"11692",5,5,16,12,1,4,19,8,1,5,14,12,1,4,15,8,1,2,0,0,4,4,3,2,4,2,2,30,28
"11693",6,9,16,12,1,7,19,8,1,5,16,12,1,4,19,8,1,4,3,0,3,0,0,4,3,1,1,34,31
"11694",7,14,16,12,1,7,23,8,1,9,16,12,1,7,19,8,1,1,4,5,1,4,0,5,4,1,2,39,35
"11695",8,14,16,13,1,7,23,8,6,14,16,12,1,7,23,8,1,1,0,0,1,5,2,1,5,3,4,40,40
"11696",9,14,16,15,1,7,23,9,6,14,16,13,1,7,23,8,6,1,2,0,1,0,0,2,1,3,3,42,41
"11697",10,14,16,21,3,7,25,9,6,14,16,15,1,7,23,9,6,3,2,6,3,2,0,6,2,3,2,50,43
"11698",11,14,18,24,1,13,29,9,1,14,16,21,3,7,25,9,6,3,0,0,6,4,6,3,6,3,1,53,48
"11699",12,14,23,30,1,13,29,9,1,14,18,24,1,13,29,9,1,4,6,0,4,0,0,6,0,3,0,64,48
"11700",0,0,0,0,0,0,0,0,0,0,0,0,0,0,0,0,0,0,0,0,0,0,0,0,0,0,0,0,0
"11701",1,6,1,1,1,1,4,1,1,1,1,1,1,1,1,1,1,3,5,5,3,5,0,5,3,1,2,5,3
"11702",2,11,1,1,1,1,4,2,1,6,1,1,1,1,4,1,1,5,0,0,5,1,1,5,1,1,3,10,4
"11703",3,11,1,6,1,1,4,3,1,11,1,1,1,1,4,2,1,5,1,0,1,0,0,5,1,3,3,15,5
"11704",4,11,4,6,1,1,4,5,1,11,1,6,1,1,4,3,1,1,2,3,1,2,0,3,2,2,3,18,7
"11705",5,11,4,7,1,1,4,9,1,11,4,6,1,1,4,5,1,1,0,0,3,2,4,1,4,3,3,19,11
"11706",6,11,4,7,3,1,7,9,1,11,4,7,1,1,4,9,1,3,2,0,3,0,0,2,3,4,2,21,14
"11707",7,11,9,7,9,1,7,9,4,11,4,7,3,1,7,9,1,6,1,3,1,3,0,6,3,4,4,32,17
"11708",8,12,9,7,9,3,7,9,4,11,9,7,9,1,7,9,4,1,0,0,2,6,2,1,2,1,1,33,19
"11709",9,12,12,13,9,5,7,9,4,12,9,7,9,3,7,9,4,6,2,0,2,0,0,6,2,3,1,42,21
"11710",10,17,12,13,9,6,7,9,4,12,12,13,9,5,7,9,4,5,1,3,1,3,0,5,1,1,1,47,22
"11711",11,20,12,13,9,11,7,9,4,17,12,13,9,6,7,9,4,3,0,0,5,6,3,3,5,1,1,50,27
"11712",12,20,18,18,15,11,7,9,4,20,12,13,9,11,7,9,4,6,3,0,3,0,0,6,0,4,0,67,27
"11713",0,0,0,0,0,0,0,0,0,0,0,0,0,0,0,0,0,0,0,0,0,0,0,0,0,0,0,0,0
"11714",1,1,1,1,6,1,4,1,1,1,1,1,1,1,1,1,1,3,5,3,3,3,0,5,3,4,2,5,3
"11715",2,1,1,1,9,1,4,1,6,1,1,1,6,1,4,1,1,3,0,0,5,5,4,3,5,4,4,8,8
"11716",3,1,6,1,9,1,4,5,6,1,1,1,9,1,4,1,6,5,4,0,4,0,0,5,4,2,3,13,12
"11717",4,6,6,7,9,2,4,5,6,1,6,1,9,1,4,5,6,6,3,1,3,1,0,6,1,3,1,24,13
"11718",5,6,6,10,9,2,4,5,8,6,6,7,9,2,4,5,6,3,0,0,6,1,2,3,2,3,4,27,15
"11719",6,6,6,10,17,2,5,5,8,6,6,10,9,2,4,5,8,6,1,0,1,0,0,6,1,4,2,35,16
"11720",7,6,11,10,17,3,5,5,8,6,6,10,17,2,5,5,8,1,1,5,1,1,0,5,1,2,1,40,17
"11721",8,6,11,11,17,3,5,8,8,6,11,10,17,3,5,5,8,1,0,0,3,5,2,1,3,3,3,41,20
"11722",9,11,11,11,17,5,5,8,8,6,11,11,17,3,5,8,8,5,2,0,2,0,0,5,2,1,1,46,22
"11723",10,15,11,11,17,9,5,8,8,11,11,11,17,5,5,8,8,4,6,4,6,4,0,4,4,1,1,50,26
"11724",11,23,15,11,17,14,1,8,8,15,11,11,17,9,5,8,8,6,0,0,5,5,6,6,5,1,1,62,27
"11725",12,35,15,11,17,1,1,8,8,23,15,11,17,14,1,8,8,5,6,0,5,0,0,6,0,1,0,74,14
"11726",0,0,0,0,0,0,0,0,0,0,0,0,0,0,0,0,0,0,0,0,0,0,0,0,0,0,0,0,0
"11727",1,1,6,7,1,1,3,1,1,1,1,1,1,1,1,1,1,2,6,2,2,2,0,6,2,3,2,11,2
"11728",2,1,6,9,1,1,3,1,6,1,6,7,1,1,3,1,1,2,0,0,5,3,5,2,5,3,4,13,7
"11729",3,1,6,9,6,1,3,4,6,1,6,9,1,1,3,1,6,3,5,0,3,0,0,5,3,4,3,18,10
"11730",4,1,6,9,11,1,4,4,6,1,6,9,6,1,3,4,6,3,5,1,3,1,0,5,1,4,2,23,11
"11731",5,1,9,9,11,1,5,4,6,1,6,9,11,1,4,4,6,3,0,0,1,3,1,3,1,2,2,26,12
"11732",6,4,9,9,11,2,5,4,6,1,9,9,11,1,5,4,6,3,1,0,1,0,0,3,1,1,1,29,13
"11733",7,4,14,9,11,2,8,4,6,4,9,9,11,2,5,4,6,4,5,3,4,3,0,5,3,2,2,34,16
"11734",8,4,14,9,15,7,8,4,6,4,14,9,11,2,8,4,6,4,0,0,6,1,5,4,5,4,1,38,21
"11735",9,15,14,15,15,8,8,4,6,4,14,9,15,7,8,4,6,6,1,0,1,0,0,6,1,3,1,55,22
"11736",10,15,15,15,15,16,8,4,6,15,14,15,15,8,8,4,6,1,6,5,6,5,0,1,6,2,1,56,30
"11737",11,15,20,15,15,20,8,4,6,15,15,15,15,16,8,4,6,5,0,0,4,5,3,5,4,2,1,61,34
"11738",12,15,23,15,15,20,8,4,6,15,20,15,15,20,8,4,6,5,3,0,5,0,0,3,0,2,0,64,34
"11739",0,0,0,0,0,0,0,0,0,0,0,0,0,0,0,0,0,0,0,0,0,0,0,0,0,0,0,0,0
"11740",1,1,1,13,2,11,1,1,1,1,1,1,1,1,1,1,1,1,6,6,1,6,0,6,6,3,1,13,10
"11741",2,1,1,13,3,12,7,1,1,1,1,13,2,11,1,1,1,1,0,0,1,6,1,1,6,4,2,14,17
"11742",3,2,1,13,3,12,7,1,2,1,1,13,3,12,7,1,1,1,1,0,1,0,0,1,1,1,4,15,18
"11743",4,2,1,18,3,12,9,1,2,2,1,13,3,12,7,1,2,2,2,5,2,2,0,5,2,3,2,20,20
"11744",5,2,1,18,5,12,9,6,2,2,1,18,3,12,9,1,2,2,0,0,1,3,5,2,5,4,3,22,25
"11745",6,5,1,18,5,13,9,6,2,2,1,18,5,12,9,6,2,1,3,0,1,0,0,3,1,1,1,25,26
"11746",7,12,1,18,5,19,9,6,3,5,1,18,5,13,9,6,2,6,5,6,5,6,0,6,6,1,1,32,33
"11747",8,17,1,18,5,19,9,9,3,12,1,18,5,19,9,6,3,5,0,0,4,4,3,5,3,1,3,37,36
"11748",9,21,1,18,15,19,13,9,1,17,1,18,5,19,9,9,3,4,4,0,4,0,0,4,4,1,2,51,38
"11749",10,23,1,18,15,19,13,12,1,21,1,18,15,19,13,9,1,3,2,2,3,2,0,2,3,1,3,53,41
"11750",11,23,1,18,17,19,16,12,1,23,1,18,15,19,13,12,1,2,0,0,3,6,3,2,3,4,2,55,44
"11751",12,23,1,24,22,19,16,12,1,23,1,18,17,19,16,12,1,6,3,0,3,0,0,6,0,3,0,66,44
"11752",0,0,0,0,0,0,0,0,0,0,0,0,0,0,0,0,0,0,0,0,0,0,0,0,0,0,0,0,0
"11753",1,1,1,6,1,5,1,1,1,1,1,1,1,1,1,1,1,5,4,3,4,3,0,5,4,3,1,5,4
"11754",2,4,1,6,1,5,1,1,6,1,1,6,1,5,1,1,1,3,0,0,3,4,5,3,5,1,4,8,9
"11755",3,4,1,10,1,5,4,1,6,4,1,6,1,5,1,1,6,3,4,0,3,0,0,4,3,3,2,12,12
"11756",4,4,1,10,5,5,5,1,6,4,1,10,1,5,4,1,6,1,4,1,1,1,0,4,1,4,2,16,13
"11757",5,5,1,10,5,5,10,1,6,4,1,10,5,5,5,1,6,1,0,0,2,5,5,1,5,1,2,17,18
"11758",6,5,1,15,5,7,10,1,6,5,1,10,5,5,10,1,6,2,5,0,2,0,0,5,2,3,1,22,20
"11759",7,5,1,15,10,7,12,1,6,5,1,15,5,7,10,1,6,5,5,2,5,2,0,5,2,4,2,27,22
"11760",8,5,1,1,10,7,12,2,10,5,1,15,10,7,12,1,6,5,0,0,1,5,3,5,1,3,3,13,27
"11761",9,5,1,1,15,7,15,2,10,5,1,1,10,7,12,2,10,5,3,0,3,0,0,5,3,4,2,18,30
"11762",10,5,1,1,23,7,21,1,12,5,1,1,15,7,15,2,10,5,3,6,3,6,0,5,6,4,2,26,37
"11763",11,5,1,4,23,10,21,1,12,5,1,1,23,7,21,1,12,3,0,0,3,3,1,3,3,3,1,29,40
"11764",12,6,1,4,23,10,21,1,12,5,1,4,23,10,21,1,12,3,1,0,3,0,0,1,0,1,0,30,40
"11765",0,0,0,0,0,0,0,0,0,0,0,0,0,0,0,0,0,0,0,0,0,0,0,0,0,0,0,0,0
"11766",1,1,1,7,5,6,1,1,1,1,1,1,1,1,1,1,1,6,5,6,5,6,0,6,5,3,1,10,5
"11767",2,1,3,7,11,6,5,1,1,1,1,7,5,6,1,1,1,6,0,0,4,3,4,6,4,4,2,18,9
"11768",3,1,7,7,11,9,5,1,1,1,3,7,11,6,5,1,1,3,4,0,3,0,0,4,3,2,1,22,12
"11769",4,7,7,8,11,9,5,1,6,1,7,7,11,9,5,1,1,6,5,4,5,4,0,6,5,1,4,29,17
"11770",5,11,7,8,11,9,5,6,6,7,7,8,11,9,5,1,6,4,0,0,3,5,1,4,5,1,3,33,22
"11771",6,11,7,8,14,9,5,6,7,11,7,8,11,9,5,6,6,3,1,0,1,0,0,3,1,4,4,36,23
"11772",7,11,7,13,14,9,5,9,7,11,7,8,14,9,5,6,7,3,1,5,3,1,0,5,3,3,3,41,26
"11773",8,11,7,13,15,9,5,9,10,11,7,13,14,9,5,9,7,1,0,0,3,3,2,1,3,4,4,42,29
"11774",9,11,7,13,18,11,5,9,10,11,7,13,15,9,5,9,10,3,2,0,2,0,0,3,2,4,1,45,31
"11775",10,11,16,13,18,13,5,9,10,11,7,13,18,11,5,9,10,2,6,3,2,3,0,6,2,2,1,54,33
"11776",11,11,19,13,18,15,5,9,10,11,16,13,18,13,5,9,10,3,0,0,2,6,1,3,2,2,1,57,35
"11777",12,11,20,13,18,15,5,9,10,11,19,13,18,15,5,9,10,6,1,0,6,0,0,1,0,2,0,58,35
"11778",0,0,0,0,0,0,0,0,0,0,0,0,0,0,0,0,0,0,0,0,0,0,0,0,0,0,0,0,0
"11779",1,1,1,1,4,1,1,4,1,1,1,1,1,1,1,1,1,3,2,3,2,3,0,3,3,4,3,3,3
"11780",2,1,1,3,4,1,4,4,1,1,1,1,4,1,1,4,1,2,0,0,2,3,4,2,3,3,2,5,6
"11781",3,5,1,3,4,1,4,4,3,1,1,3,4,1,4,4,1,2,4,0,2,0,0,4,2,1,4,9,8
"11782",4,5,6,3,4,1,8,4,3,5,1,3,4,1,4,4,3,4,5,1,4,1,0,5,4,2,2,14,12
"11783",5,5,6,4,4,1,8,4,7,5,6,3,4,1,8,4,3,1,0,0,2,5,4,1,4,3,4,15,16
"11784",6,5,6,9,4,1,10,4,7,5,6,4,4,1,8,4,7,2,5,0,2,0,0,5,2,3,2,20,18
"11785",7,11,6,14,10,5,10,4,7,5,6,9,4,1,10,4,7,1,4,6,1,4,0,6,4,4,1,37,22
"11786",8,12,6,14,10,5,10,4,9,11,6,14,10,5,10,4,7,1,0,0,1,3,2,1,2,1,4,38,24
"11787",9,12,9,14,10,6,10,4,9,12,6,14,10,5,10,4,9,1,3,0,1,0,0,3,1,2,1,41,25
"11788",10,12,9,14,11,7,10,4,9,12,9,14,10,6,10,4,9,1,1,2,1,2,0,1,1,4,1,42,26
"11789",11,14,9,14,11,8,10,4,9,12,9,14,11,7,10,4,9,2,0,0,1,4,2,2,1,1,1,44,27
"11790",12,16,9,14,11,8,10,4,9,14,9,14,11,8,10,4,9,4,2,0,4,0,0,2,0,1,0,46,27
"11791",0,0,0,0,0,0,0,0,0,0,0,0,0,0,0,0,0,0,0,0,0,0,0,0,0,0,0,0,0
"11792",1,6,1,1,1,1,1,1,6,1,1,1,1,1,1,1,1,5,1,5,1,5,0,5,5,1,4,5,5
"11793",2,7,1,1,1,1,1,11,6,6,1,1,1,1,1,1,6,1,0,0,6,6,6,1,6,1,3,6,15
"11794",3,19,1,1,5,1,7,11,8,7,1,1,1,1,1,11,6,6,6,0,6,0,0,6,6,1,2,22,23
"11795",4,19,6,1,5,1,7,15,8,19,1,1,5,1,7,11,8,5,2,4,2,4,0,5,4,2,3,27,27
"11796",5,19,8,1,5,1,11,15,8,19,6,1,5,1,7,15,8,2,0,0,2,4,2,2,4,2,2,29,31
"11797",6,19,8,1,7,1,11,15,10,19,8,1,5,1,11,15,8,2,2,0,2,0,0,2,2,4,4,31,33
"11798",7,19,8,1,12,1,11,20,10,19,8,1,7,1,11,15,10,4,5,5,4,5,0,5,5,4,3,36,38
"11799",8,19,8,1,16,1,11,25,10,19,8,1,12,1,11,20,10,4,0,0,5,3,3,4,5,4,3,40,43
"11800",9,19,8,4,16,1,11,28,10,19,8,1,16,1,11,25,10,3,3,0,3,0,0,3,3,3,3,43,46
"11801",10,19,8,15,16,4,11,1,10,19,8,4,16,1,11,28,10,6,3,1,3,1,0,6,3,3,1,54,22
"11802",11,19,9,15,16,8,11,1,10,19,8,15,16,4,11,1,10,1,0,0,4,4,1,1,4,2,1,55,26
"11803",12,19,9,15,17,8,11,1,10,19,9,15,16,8,11,1,10,4,1,0,4,0,0,1,0,4,0,56,26
"11804",0,0,0,0,0,0,0,0,0,0,0,0,0,0,0,0,0,0,0,0,0,0,0,0,0,0,0,0,0
"11805",1,1,1,1,5,1,1,4,1,1,1,1,1,1,1,1,1,4,1,3,1,3,0,4,3,4,3,4,3
"11806",2,1,1,1,6,1,1,4,4,1,1,1,5,1,1,4,1,1,0,0,3,3,2,1,3,4,4,5,6
"11807",3,1,4,1,6,1,3,4,4,1,1,1,6,1,1,4,4,3,2,0,2,0,0,3,2,2,2,8,8
"11808",4,10,4,1,6,1,3,4,7,1,4,1,6,1,3,4,4,6,3,1,3,1,0,6,3,1,4,17,11
"11809",5,10,5,1,6,1,7,4,7,10,4,1,6,1,3,4,7,1,0,0,4,1,3,1,4,2,2,18,15
"11810",6,10,5,4,6,1,8,4,7,10,5,1,6,1,7,4,7,1,3,0,1,0,0,3,1,3,2,21,16
"11811",7,11,5,4,12,1,13,10,7,10,5,4,6,1,8,4,7,6,6,4,6,4,0,6,6,4,3,28,27
"11812",8,11,5,8,12,2,13,10,7,11,5,4,12,1,13,10,7,4,0,0,4,6,1,4,1,3,1,32,28
"11813",9,11,9,14,12,6,13,10,7,11,5,8,12,2,13,10,7,4,6,0,4,0,0,6,4,3,1,42,32
"11814",10,11,9,22,12,7,13,10,7,11,9,14,12,6,13,10,7,1,3,6,1,3,0,6,1,3,1,50,33
"11815",11,14,9,22,12,10,13,10,7,11,9,22,12,7,13,10,7,3,0,0,3,5,3,3,3,1,1,53,36
"11816",12,14,12,22,12,10,13,10,7,14,9,22,12,10,13,10,7,5,3,0,5,0,0,3,0,2,0,56,36
"11817",0,0,0,0,0,0,0,0,0,0,0,0,0,0,0,0,0,0,0,0,0,0,0,0,0,0,0,0,0
"11818",1,5,1,7,1,5,1,1,1,1,1,1,1,1,1,1,1,4,4,6,4,4,0,6,4,3,1,10,4
"11819",2,5,1,11,1,5,7,2,1,5,1,7,1,5,1,1,1,4,0,0,6,6,1,4,6,3,2,14,11
"11820",3,5,9,11,1,6,7,2,1,5,1,11,1,5,7,2,1,6,1,0,1,0,0,6,1,2,1,22,12
"11821",4,9,9,11,1,11,7,2,1,5,9,11,1,6,7,2,1,1,5,4,1,5,0,4,5,1,1,26,17
"11822",5,9,10,11,1,16,7,2,1,9,9,11,1,11,7,2,1,1,0,0,5,4,1,1,5,2,1,27,22
"11823",6,9,10,15,1,16,7,2,2,9,10,11,1,16,7,2,1,4,1,0,1,0,0,4,1,3,4,31,23
"11824",7,11,10,15,1,16,7,2,5,9,10,15,1,16,7,2,2,2,3,2,3,2,0,2,3,1,4,33,26
"11825",8,13,10,15,1,23,7,2,5,11,10,15,1,16,7,2,5,2,0,0,3,6,4,2,6,1,1,35,33
"11826",9,13,11,15,5,4,7,2,5,13,10,15,1,23,7,2,5,3,4,0,3,0,0,4,3,4,1,40,14
"11827",10,13,16,15,5,4,9,2,5,13,11,15,5,4,7,2,5,5,2,5,2,5,0,5,2,2,2,45,16
"11828",11,18,16,15,5,5,9,2,5,13,16,15,5,4,9,2,5,5,0,0,1,6,3,5,1,1,1,50,17
"11829",12,21,16,15,5,5,9,2,5,18,16,15,5,5,9,2,5,6,3,0,6,0,0,3,0,1,0,53,17
"11830",0,0,0,0,0,0,0,0,0,0,0,0,0,0,0,0,0,0,0,0,0,0,0,0,0,0,0,0,0
"11831",1,1,2,1,1,1,1,2,1,1,1,1,1,1,1,1,1,1,1,1,1,1,0,1,1,2,3,1,1
"11832",2,1,3,1,1,1,1,4,1,1,2,1,1,1,1,2,1,1,0,0,1,2,1,1,2,2,3,2,3
"11833",3,2,3,1,1,2,1,4,1,1,3,1,1,1,1,4,1,1,1,0,1,0,0,1,1,1,1,3,4
"11834",4,2,3,7,3,4,1,4,1,2,3,1,1,2,1,4,1,6,2,1,2,1,0,6,2,3,1,11,6
"11835",5,2,4,7,3,4,3,4,1,2,3,7,3,4,1,4,1,1,0,0,2,1,3,1,2,2,2,12,8
"11836",6,2,4,7,6,4,3,5,1,2,4,7,3,4,3,4,1,1,3,0,1,0,0,3,1,4,3,15,9
"11837",7,2,4,11,6,4,3,9,1,2,4,7,6,4,3,5,1,4,1,4,1,4,0,4,4,3,3,19,13
"11838",8,2,4,12,6,4,6,9,1,2,4,11,6,4,3,9,1,1,0,0,3,4,5,1,3,3,2,20,16
"11839",9,2,4,12,11,4,6,9,5,2,4,12,6,4,6,9,1,4,5,0,4,0,0,5,4,4,4,25,20
"11840",10,6,10,12,11,4,7,9,5,2,4,12,11,4,6,9,5,6,1,1,1,1,0,6,1,2,2,35,21
"11841",11,6,10,13,11,5,7,9,5,6,10,12,11,4,7,9,5,1,0,0,1,4,5,1,1,3,1,36,22
"11842",12,10,10,13,11,5,7,9,5,6,10,13,11,5,7,9,5,4,5,0,5,0,0,4,0,1,0,40,22
"11843",0,0,0,0,0,0,0,0,0,0,0,0,0,0,0,0,0,0,0,0,0,0,0,0,0,0,0,0,0
"11844",1,1,4,1,1,4,1,1,1,1,1,1,1,1,1,1,1,3,3,3,3,3,0,3,3,2,1,3,3
"11845",2,4,4,1,1,4,1,1,6,1,4,1,1,4,1,1,1,3,0,0,6,6,5,3,5,1,4,6,8
"11846",3,4,8,1,7,4,7,1,11,4,4,1,1,4,1,1,6,6,6,0,6,0,0,6,6,4,2,16,19
"11847",4,4,8,5,13,4,18,1,11,4,8,1,7,4,7,1,11,6,6,6,6,6,0,6,6,4,2,26,30
"11848",5,4,14,8,13,4,18,1,14,4,8,5,13,4,18,1,11,6,0,0,2,6,3,6,3,2,4,35,33
"11849",6,4,20,8,15,4,18,3,14,4,14,8,13,4,18,1,14,2,6,0,2,0,0,6,2,2,3,43,35
"11850",7,4,20,8,18,4,20,3,14,4,20,8,15,4,18,3,14,2,3,4,2,4,0,3,2,4,2,46,37
"11851",8,4,20,12,18,4,25,3,14,4,20,8,18,4,20,3,14,4,0,0,5,4,4,4,5,3,2,50,42
"11852",9,4,20,16,18,4,25,7,14,4,20,12,18,4,25,3,14,4,4,0,4,0,0,4,4,3,3,54,46
"11853",10,11,1,16,18,6,2,7,14,4,20,16,18,4,25,7,14,3,1,4,1,4,0,3,1,1,2,42,25
"11854",11,11,5,16,18,6,2,11,14,11,1,16,18,6,2,7,14,4,0,0,2,4,4,4,4,2,3,46,29
"11855",12,15,5,16,18,6,2,11,14,11,5,16,18,6,2,11,14,2,4,0,2,0,0,4,0,1,0,50,29
"11856",0,0,0,0,0,0,0,0,0,0,0,0,0,0,0,0,0,0,0,0,0,0,0,0,0,0,0,0,0
"11857",1,1,6,1,1,1,3,1,1,1,1,1,1,1,1,1,1,3,5,2,3,2,0,5,2,2,2,5,2
"11858",2,1,9,1,1,1,3,5,1,1,6,1,1,1,3,1,1,3,0,0,4,4,4,3,4,2,3,8,6
"11859",3,1,9,1,5,1,7,5,1,1,9,1,1,1,3,5,1,4,4,0,4,0,0,4,4,4,2,12,10
"11860",4,6,9,7,5,1,15,5,1,1,9,1,5,1,7,5,1,6,4,6,4,6,0,6,6,3,2,23,18
"11861",5,10,9,7,5,11,15,5,1,6,9,7,5,1,15,5,1,4,0,0,2,1,6,4,6,1,1,27,28
"11862",6,10,9,9,5,11,15,5,2,10,9,7,5,11,15,5,1,2,1,0,1,0,0,2,1,3,4,29,29
"11863",7,10,9,15,9,12,15,5,2,10,9,9,5,11,15,5,2,6,1,4,1,4,0,6,1,3,1,39,30
"11864",8,10,9,15,13,17,15,5,2,10,9,15,9,12,15,5,2,4,0,0,1,6,5,4,5,4,1,43,35
"11865",9,16,15,15,13,18,15,5,2,10,9,15,13,17,15,5,2,1,6,0,1,0,0,6,1,1,1,55,36
"11866",10,16,15,15,18,18,15,5,6,16,15,15,13,18,15,5,2,5,4,3,4,3,0,5,4,4,4,60,40
"11867",11,16,18,15,18,18,19,5,6,16,15,15,18,18,15,5,6,3,0,0,6,5,4,3,4,2,2,63,44
"11868",12,16,18,20,18,18,19,5,6,16,18,15,18,18,19,5,6,6,5,0,6,0,0,5,0,3,0,68,44
"11869",0,0,0,0,0,0,0,0,0,0,0,0,0,0,0,0,0,0,0,0,0,0,0,0,0,0,0,0,0
"11870",1,1,1,3,1,2,1,1,1,1,1,1,1,1,1,1,1,2,1,2,1,2,0,2,1,3,1,2,1
"11871",2,3,1,3,1,3,1,1,1,1,1,3,1,2,1,1,1,2,0,0,1,3,1,2,1,1,1,4,2
"11872",3,3,4,3,1,3,2,1,1,3,1,3,1,3,1,1,1,3,1,0,1,0,0,3,1,2,2,7,3
"11873",4,3,7,3,1,3,2,5,1,3,4,3,1,3,2,1,1,2,3,4,2,4,0,3,4,2,3,10,7
"11874",5,3,7,3,3,3,8,10,7,3,7,3,1,3,2,5,1,2,0,0,6,6,4,2,6,4,2,12,24
"11875",6,3,7,6,9,7,8,10,7,3,7,3,3,3,8,10,7,6,4,0,4,0,0,6,4,4,1,21,28
"11876",7,7,7,12,9,7,8,10,9,3,7,6,9,7,8,10,7,2,2,6,2,2,0,6,2,3,4,31,30
"11877",8,7,7,14,9,7,8,13,9,7,7,12,9,7,8,10,9,2,0,0,3,4,6,2,3,3,3,33,33
"11878",9,10,13,14,9,7,8,17,9,7,7,14,9,7,8,13,9,4,6,0,4,0,0,6,4,2,3,42,37
"11879",10,10,13,19,9,7,8,17,10,10,13,14,9,7,8,17,9,1,1,5,1,1,0,5,1,3,4,47,38
"11880",11,11,13,19,9,12,8,17,10,10,13,19,9,7,8,17,10,1,0,0,6,5,4,1,5,1,1,48,43
"11881",12,15,13,19,9,12,8,17,10,11,13,19,9,12,8,17,10,6,4,0,6,0,0,4,0,1,0,52,43
"11882",0,0,0,0,0,0,0,0,0,0,0,0,0,0,0,0,0,0,0,0,0,0,0,0,0,0,0,0,0
"11883",1,1,1,1,5,1,4,1,1,1,1,1,1,1,1,1,1,3,4,3,3,3,0,4,3,4,2,4,3
"11884",2,4,1,1,5,1,4,5,1,1,1,1,5,1,4,1,1,3,0,0,2,6,4,3,4,1,3,7,7
"11885",3,4,7,1,6,3,4,5,1,4,1,1,5,1,4,5,1,2,6,0,2,0,0,6,2,2,1,14,9
"11886",4,5,7,1,6,3,7,5,1,4,7,1,6,3,4,5,1,1,3,1,3,1,0,1,3,1,2,15,12
"11887",5,5,7,1,7,4,13,5,1,5,7,1,6,3,7,5,1,1,0,0,1,6,6,1,6,4,2,16,19
"11888",6,11,7,6,7,4,13,6,1,5,7,1,7,4,13,5,1,1,6,0,1,0,0,6,1,1,3,27,20
"11889",7,11,13,10,7,4,13,10,1,11,7,6,7,4,13,6,1,1,6,4,1,4,0,6,4,2,3,37,24
"11890",8,12,13,10,7,7,13,10,1,11,13,10,7,4,13,10,1,1,0,0,3,6,3,1,3,1,1,38,27
"11891",9,12,13,10,16,10,13,10,1,12,13,10,7,7,13,10,1,6,3,0,3,0,0,6,3,4,1,47,30
"11892",10,18,13,12,16,11,13,10,1,12,13,10,16,10,13,10,1,6,1,1,1,1,0,6,1,1,1,55,31
"11893",11,18,13,13,16,13,13,10,1,18,13,12,16,11,13,10,1,1,0,0,2,3,3,1,2,3,1,56,33
"11894",12,21,13,13,16,13,13,10,1,18,13,13,16,13,13,10,1,3,3,0,3,0,0,3,0,1,0,59,33
"11895",0,0,0,0,0,0,0,0,0,0,0,0,0,0,0,0,0,0,0,0,0,0,0,0,0,0,0,0,0
"11896",1,1,6,1,1,1,3,7,1,1,1,1,1,1,1,1,1,6,5,5,6,5,0,5,6,2,3,5,8
"11897",2,6,6,1,1,1,3,12,1,1,6,1,1,1,3,7,1,5,0,0,4,5,3,5,5,1,3,10,13
"11898",3,10,6,1,1,1,6,12,1,6,6,1,1,1,3,12,1,4,3,0,3,0,0,4,3,1,2,14,16
"11899",4,16,6,6,1,1,10,12,1,10,6,1,1,1,6,12,1,4,6,3,4,3,0,6,4,1,2,25,20
"11900",5,16,9,6,1,6,10,12,7,16,6,6,1,1,10,12,1,3,0,0,4,6,6,3,6,2,4,28,31
"11901",6,16,15,10,1,6,10,16,7,16,9,6,1,6,10,12,7,4,6,0,4,0,0,6,4,2,3,38,35
"11902",7,21,15,10,1,6,10,19,7,16,15,10,1,6,10,16,7,3,5,5,3,5,0,5,3,1,3,43,38
"11903",8,21,20,10,1,6,12,19,7,21,15,10,1,6,10,19,7,5,0,0,5,2,1,5,2,2,2,48,40
"11904",9,21,20,10,6,7,12,19,7,21,20,10,1,6,12,19,7,5,1,0,1,0,0,5,1,4,1,53,41
"11905",10,21,20,10,11,7,13,19,7,21,20,10,6,7,12,19,7,1,5,3,1,3,0,5,1,4,2,58,42
"11906",11,21,20,10,14,7,13,19,12,21,20,10,11,7,13,19,7,3,0,0,1,6,5,3,5,4,4,61,47
"11907",12,21,26,10,17,7,13,19,12,21,20,10,14,7,13,19,12,1,6,0,1,0,0,6,0,2,0,70,47
"11908",0,0,0,0,0,0,0,0,0,0,0,0,0,0,0,0,0,0,0,0,0,0,0,0,0,0,0,0,0
"11909",1,7,1,2,7,1,1,1,4,1,1,1,1,1,1,1,1,6,5,3,5,3,0,6,3,4,4,13,3
"11910",2,7,1,7,7,2,7,1,4,7,1,2,7,1,1,1,4,5,0,0,6,2,2,5,6,3,2,18,10
"11911",3,7,3,7,7,2,7,1,6,7,1,7,7,2,7,1,4,2,2,0,2,0,0,2,2,2,4,20,12
"11912",4,13,3,7,9,2,7,1,7,7,3,7,7,2,7,1,6,1,6,2,1,2,0,6,1,1,4,28,13
"11913",5,15,3,7,9,2,11,1,7,13,3,7,9,2,7,1,7,2,0,0,4,5,1,2,4,1,2,30,17
"11914",6,15,8,7,9,2,12,1,7,15,3,7,9,2,11,1,7,5,1,0,1,0,0,5,1,2,2,35,18
"11915",7,15,13,7,9,5,12,1,7,15,8,7,9,2,12,1,7,5,3,2,3,2,0,5,3,2,1,40,21
"11916",8,15,13,7,11,10,12,1,7,15,13,7,9,5,12,1,7,2,0,0,5,1,6,2,5,4,1,42,26
"11917",9,15,13,13,13,11,12,1,7,15,13,7,11,10,12,1,7,1,6,0,1,0,0,6,1,3,1,50,27
"11918",10,15,17,13,13,13,12,1,7,15,13,13,13,11,12,1,7,4,2,3,2,3,0,4,2,2,1,54,29
"11919",11,15,17,16,13,17,12,1,7,15,17,13,13,13,12,1,7,3,0,0,1,5,4,3,4,3,1,57,33
"11920",12,15,17,16,18,17,12,1,7,15,17,16,13,17,12,1,7,1,5,0,1,0,0,5,0,4,0,62,33
"11921",0,0,0,0,0,0,0,0,0,0,0,0,0,0,0,0,0,0,0,0,0,0,0,0,0,0,0,0,0
"11922",1,1,8,1,1,1,6,1,1,1,1,1,1,1,1,1,1,5,6,2,5,2,0,6,5,2,2,7,5
"11923",2,1,8,3,1,5,12,1,1,1,8,1,1,1,6,1,1,2,0,0,5,3,6,2,6,3,2,9,15
"11924",3,1,13,3,1,8,12,1,1,1,8,3,1,5,12,1,1,5,3,0,3,0,0,5,3,2,1,14,18
"11925",4,1,13,3,2,10,12,1,1,1,13,3,1,8,12,1,1,1,1,2,1,2,0,1,2,4,1,15,20
"11926",5,1,14,3,2,13,12,1,1,1,13,3,2,10,12,1,1,1,0,0,3,1,3,1,3,2,1,16,23
"11927",6,4,14,3,2,14,12,1,1,1,14,3,2,13,12,1,1,1,3,0,1,0,0,3,1,1,1,19,24
"11928",7,7,14,3,2,14,12,1,4,4,14,3,2,14,12,1,1,3,3,3,3,3,0,3,3,1,4,22,27
"11929",8,10,14,3,2,14,17,1,16,7,14,3,2,14,12,1,4,3,0,0,2,1,6,3,6,1,4,25,44
"11930",9,12,14,3,2,15,17,1,16,10,14,3,2,14,17,1,16,2,1,0,1,0,0,2,1,1,1,27,45
"11931",10,12,18,3,2,16,17,1,16,12,14,3,2,15,17,1,16,1,5,4,1,5,0,4,1,2,1,31,46
"11932",11,12,18,8,2,21,17,1,16,12,18,3,2,16,17,1,16,5,0,0,5,6,3,5,5,3,1,36,51
"11933",12,14,24,8,3,1,17,1,16,12,18,8,2,21,17,1,16,6,3,0,3,0,0,6,0,2,0,45,31
"11934",0,0,0,0,0,0,0,0,0,0,0,0,0,0,0,0,0,0,0,0,0,0,0,0,0,0,0,0,0
"11935",1,1,1,5,1,1,1,1,2,1,1,1,1,1,1,1,1,1,1,4,1,1,0,4,1,3,4,4,1
"11936",2,1,1,6,1,7,1,3,8,1,1,5,1,1,1,1,2,1,0,0,6,1,2,1,6,3,1,5,15
"11937",3,1,3,6,1,7,1,3,9,1,1,6,1,7,1,3,8,1,2,0,1,0,0,2,1,2,4,7,16
"11938",4,7,3,10,1,7,4,3,9,1,3,6,1,7,1,3,9,3,3,6,3,3,0,6,3,1,2,17,19
"11939",5,7,3,13,1,7,13,3,15,7,3,10,1,7,4,3,9,3,0,0,6,6,3,3,6,3,2,20,34
"11940",6,18,3,13,1,10,13,3,15,7,3,13,1,7,13,3,15,6,3,0,3,0,0,6,3,1,1,31,37
"11941",7,18,3,19,2,10,13,3,19,18,3,13,1,10,13,3,15,3,4,6,3,4,0,6,4,3,4,38,41
"11942",8,18,6,19,2,15,13,3,19,18,3,19,2,10,13,3,19,3,0,0,1,1,5,3,5,2,1,41,46
"11943",9,18,7,19,1,15,13,5,20,18,6,19,2,15,13,3,19,1,1,0,1,0,0,1,1,2,4,41,49
"11944",10,18,7,19,7,21,15,5,1,18,7,19,1,15,13,5,20,6,1,6,6,6,0,1,6,4,1,47,38
"11945",11,1,7,20,7,21,18,5,6,18,7,19,7,21,15,5,1,6,0,0,4,2,5,6,5,1,4,31,46
"11946",12,5,7,20,7,21,18,5,6,1,7,20,7,21,18,5,6,4,2,0,2,0,0,4,0,1,0,35,46
"11947",0,0,0,0,0,0,0,0,0,0,0,0,0,0,0,0,0,0,0,0,0,0,0,0,0,0,0,0,0
"11948",1,1,1,1,6,1,1,1,5,1,1,1,1,1,1,1,1,5,1,4,1,4,0,5,4,4,4,5,4
"11949",2,1,2,1,6,1,1,1,6,1,1,1,6,1,1,1,5,1,0,0,3,1,4,1,1,2,4,6,5
"11950",3,5,2,1,6,1,4,1,6,1,2,1,6,1,1,1,6,3,4,0,3,0,0,4,3,1,2,10,8
"11951",4,10,2,1,6,1,4,1,9,5,2,1,6,1,4,1,6,3,5,1,3,1,0,5,3,1,4,15,11
"11952",5,10,3,1,6,1,4,1,12,10,2,1,6,1,4,1,9,1,0,0,6,6,3,1,3,2,4,16,14
"11953",6,16,3,6,6,4,4,1,18,10,3,1,6,1,4,1,12,6,6,0,6,0,0,6,6,1,4,27,23
"11954",7,16,7,6,6,4,4,4,18,16,3,6,6,4,4,1,18,4,3,3,3,3,0,4,3,2,3,31,26
"11955",8,16,7,1,9,4,13,4,24,16,7,6,6,4,4,4,18,3,0,0,3,4,6,3,6,4,4,29,41
"11956",9,19,7,1,9,8,13,4,24,16,7,1,9,4,13,4,24,3,4,0,4,0,0,3,4,1,1,32,45
"11957",10,19,11,6,9,8,15,4,1,19,7,1,9,8,13,4,24,2,1,5,2,1,0,5,2,3,2,41,24
"11958",11,19,12,6,9,17,15,4,1,19,11,6,9,8,15,4,1,1,0,0,6,1,2,1,6,2,1,42,33
"11959",12,19,12,8,9,17,15,4,1,19,12,6,9,17,15,4,1,1,2,0,1,0,0,2,0,3,0,44,33
"11960",0,0,0,0,0,0,0,0,0,0,0,0,0,0,0,0,0,0,0,0,0,0,0,0,0,0,0,0,0
"11961",1,1,7,1,7,1,2,1,1,1,1,1,1,1,1,1,1,1,6,3,1,3,0,6,1,4,2,12,1
"11962",2,1,10,1,7,1,7,1,1,1,7,1,7,1,2,1,1,3,0,0,4,5,6,3,5,2,2,15,6
"11963",3,10,10,1,7,5,7,1,1,1,10,1,7,1,7,1,1,4,6,0,4,0,0,6,4,1,1,24,10
"11964",4,13,10,1,7,5,7,3,1,10,10,1,7,5,7,1,1,1,3,2,1,2,0,3,2,1,3,27,12
"11965",5,14,10,1,7,5,7,5,1,13,10,1,7,5,7,3,1,1,0,0,3,1,2,1,2,1,3,28,14
"11966",6,14,10,1,10,5,7,6,1,14,10,1,7,5,7,5,1,3,1,0,1,0,0,3,1,4,3,31,15
"11967",7,14,10,5,10,8,7,6,1,14,10,1,10,5,7,6,1,4,3,1,3,1,0,4,3,3,1,35,18
"11968",8,14,10,6,10,8,7,11,1,14,10,5,10,8,7,6,1,1,0,0,5,5,6,1,5,3,3,36,23
"11969",9,20,10,6,13,8,7,11,6,14,10,6,10,8,7,11,1,5,6,0,5,0,0,6,5,1,4,45,28
"11970",10,20,13,6,13,12,7,11,6,20,10,6,13,8,7,11,6,3,4,1,4,1,0,3,4,2,1,48,32
"11971",11,20,13,7,13,12,12,11,6,20,13,6,13,12,7,11,6,1,0,0,6,3,5,1,5,3,2,49,37
"11972",12,20,16,7,13,12,12,11,6,20,13,7,13,12,12,11,6,6,3,0,6,0,0,3,0,2,0,52,37
"11973",0,0,0,0,0,0,0,0,0,0,0,0,0,0,0,0,0,0,0,0,0,0,0,0,0,0,0,0,0
"11974",1,3,1,1,7,1,1,6,1,1,1,1,1,1,1,1,1,6,5,2,5,2,0,6,5,4,3,8,5
"11975",2,5,1,1,7,5,7,6,1,3,1,1,7,1,1,6,1,2,0,0,1,5,6,2,6,1,2,10,15
"11976",3,10,1,1,7,5,8,6,1,5,1,1,7,5,7,6,1,1,5,0,1,0,0,5,1,1,2,15,16
"11977",4,10,4,1,7,5,8,6,4,10,1,1,7,5,8,6,1,1,3,3,1,3,0,3,3,2,4,18,19
"11978",5,10,4,2,7,11,8,12,4,10,4,1,7,5,8,6,4,1,0,0,4,5,6,1,6,3,3,19,31
"11979",6,15,4,2,7,11,8,16,4,10,4,2,7,11,8,12,4,4,5,0,4,0,0,5,4,1,3,24,35
"11980",7,19,4,2,7,14,8,16,4,15,4,2,7,11,8,16,4,1,4,3,1,3,0,4,3,1,1,28,38
"11981",8,20,4,2,7,15,8,16,4,19,4,2,7,14,8,16,4,1,0,0,1,1,1,1,1,1,1,29,39
"11982",9,20,5,2,7,16,8,16,4,20,4,2,7,15,8,16,4,1,1,0,1,0,0,1,1,2,1,30,40
"11983",10,24,1,2,7,27,8,16,4,20,5,2,7,16,8,16,4,4,4,6,4,6,0,4,6,1,1,30,51
"11984",11,24,5,2,7,31,8,16,4,24,1,2,7,27,8,16,4,4,0,0,4,5,3,4,4,2,1,34,55
"11985",12,29,5,2,7,31,8,16,4,24,5,2,7,31,8,16,4,5,3,0,3,0,0,5,0,1,0,39,55
"11986",0,0,0,0,0,0,0,0,0,0,0,0,0,0,0,0,0,0,0,0,0,0,0,0,0,0,0,0,0
"11987",1,7,1,1,2,4,1,1,1,1,1,1,1,1,1,1,1,3,6,1,3,1,0,6,3,1,1,7,3
"11988",2,8,1,1,2,4,5,1,1,7,1,1,2,4,1,1,1,1,0,0,2,4,3,1,4,1,2,8,7
"11989",3,8,1,4,2,4,5,1,3,8,1,1,2,4,5,1,1,2,3,0,2,0,0,3,2,3,4,11,9
"11990",4,8,7,7,2,8,5,1,3,8,1,4,2,4,5,1,3,6,4,2,4,2,0,6,4,2,1,20,13
"11991",5,8,9,7,2,8,5,5,3,8,7,7,2,8,5,1,3,2,0,0,4,4,1,2,4,2,3,22,17
"11992",6,8,13,7,2,8,5,5,4,8,9,7,2,8,5,5,3,4,1,0,1,0,0,4,1,2,4,26,18
"11993",7,8,13,12,8,12,5,5,4,8,13,7,2,8,5,5,4,4,3,6,4,3,0,6,4,4,1,37,22
"11994",8,11,13,12,8,12,8,5,4,8,13,12,8,12,5,5,4,3,0,0,3,3,2,3,3,1,2,40,25
"11995",9,11,15,12,8,15,8,5,4,11,13,12,8,12,8,5,4,3,2,0,3,0,0,2,3,2,1,42,28
"11996",10,11,15,12,9,15,19,5,4,11,15,12,8,15,8,5,4,6,6,1,6,6,0,1,6,4,2,43,39
"11997",11,12,15,12,15,20,19,5,4,11,15,12,9,15,19,5,4,6,0,0,5,2,1,6,5,4,1,50,44
"11998",12,14,15,12,15,20,19,5,4,12,15,12,15,20,19,5,4,2,1,0,1,0,0,2,0,1,0,52,44
"11999",0,0,0,0,0,0,0,0,0,0,0,0,0,0,0,0,0,0,0,0,0,0,0,0,0,0,0,0,0
"12000",1,1,1,1,3,1,1,6,1,1,1,1,1,1,1,1,1,4,5,2,4,5,0,2,5,4,3,2,5
"12001",2,1,5,1,3,1,1,10,1,1,1,1,3,1,1,6,1,4,0,0,4,4,4,4,4,2,3,6,9
"12002",3,1,5,5,3,1,1,14,1,1,5,1,3,1,1,10,1,4,4,0,4,0,0,4,4,3,3,10,13
"12003",4,1,5,11,6,1,1,14,4,1,5,5,3,1,1,14,1,6,4,3,4,3,0,6,3,3,4,19,16
"12004",5,1,9,11,6,1,6,14,4,1,5,11,6,1,1,14,4,4,0,0,5,5,6,4,5,2,2,23,21
"12005",6,1,12,11,12,1,11,14,4,1,9,11,6,1,6,14,4,5,6,0,5,0,0,6,5,4,2,32,26
"12006",7,4,12,11,12,1,11,14,6,1,12,11,12,1,11,14,4,3,1,2,1,2,0,3,2,1,4,35,28
"12007",8,4,12,12,12,4,11,14,6,4,12,11,12,1,11,14,6,1,0,0,1,2,3,1,3,3,1,36,31
"12008",9,4,12,12,14,5,11,14,6,4,12,12,12,4,11,14,6,1,2,0,1,0,0,2,1,4,1,38,32
"12009",10,4,12,17,14,6,11,14,6,4,12,12,14,5,11,14,6,5,1,1,1,1,0,5,1,3,1,43,33
"12010",11,5,12,17,14,6,11,18,6,4,12,17,14,6,11,14,6,1,0,0,1,4,5,1,4,1,3,44,37
"12011",12,5,12,22,14,6,11,18,6,5,12,17,14,6,11,18,6,1,5,0,1,0,0,5,0,3,0,49,37
"12012",0,0,0,0,0,0,0,0,0,0,0,0,0,0,0,0,0,0,0,0,0,0,0,0,0,0,0,0,0
"12013",1,1,5,1,1,4,1,1,1,1,1,1,1,1,1,1,1,4,1,3,1,3,0,4,3,2,1,4,3
"12014",2,1,5,1,2,4,1,5,1,1,5,1,1,4,1,1,1,1,0,0,4,2,5,1,4,4,3,5,7
"12015",3,1,5,1,7,6,1,5,1,1,5,1,2,4,1,5,1,2,5,0,2,0,0,5,2,4,1,10,9
"12016",4,7,5,6,7,10,1,5,1,1,5,1,7,6,1,5,1,1,6,4,1,4,0,6,4,1,1,21,13
"12017",5,7,5,7,7,12,1,5,1,7,5,6,7,10,1,5,1,1,0,0,5,2,3,1,2,3,1,22,15
"12018",6,7,5,12,7,12,1,8,1,7,5,7,7,12,1,5,1,5,3,0,3,0,0,5,3,3,3,27,18
"12019",7,7,5,12,12,12,1,8,4,7,5,12,7,12,1,8,1,3,5,1,3,1,0,5,3,4,4,32,21
"12020",8,7,5,12,13,13,1,8,10,7,5,12,12,12,1,8,4,1,0,0,6,6,6,1,6,4,4,33,28
"12021",9,7,11,13,13,19,5,8,10,7,5,12,13,13,1,8,10,6,6,0,6,0,0,6,6,2,1,40,38
"12022",10,13,13,13,13,24,5,8,10,7,11,13,13,19,5,8,10,5,4,6,5,4,0,6,5,1,1,48,43
"12023",11,17,13,13,13,25,5,8,10,13,13,13,13,24,5,8,10,4,0,0,6,1,1,4,1,1,1,52,44
"12024",12,17,13,13,14,25,5,8,10,17,13,13,13,25,5,8,10,6,1,0,6,0,0,1,0,4,0,53,44
"12025",0,0,0,0,0,0,0,0,0,0,0,0,0,0,0,0,0,0,0,0,0,0,0,0,0,0,0,0,0
"12026",1,1,5,1,1,6,1,1,1,1,1,1,1,1,1,1,1,4,2,5,2,5,0,4,5,2,1,4,5
"12027",2,3,5,1,1,6,2,7,1,1,5,1,1,6,1,1,1,2,0,0,5,6,6,2,6,1,3,6,12
"12028",3,3,5,8,1,6,2,12,1,3,5,1,1,6,2,7,1,5,6,0,5,0,0,6,5,3,3,13,17
"12029",4,8,5,8,1,7,2,12,1,3,5,8,1,6,2,12,1,1,5,4,1,4,0,5,1,1,1,18,18
"12030",5,12,5,8,1,7,7,12,7,8,5,8,1,7,2,12,1,4,0,0,4,6,4,4,6,1,4,22,29
"12031",6,12,5,12,1,7,11,12,7,12,5,8,1,7,7,12,7,4,4,0,4,0,0,4,4,3,2,26,33
"12032",7,12,5,17,1,7,11,12,10,12,5,12,1,7,11,12,7,3,5,2,3,2,0,5,3,3,4,31,36
"12033",8,14,5,17,1,11,11,12,10,12,5,17,1,7,11,12,10,2,0,0,4,3,2,2,4,1,1,33,40
"12034",9,14,5,20,1,11,11,12,12,14,5,17,1,11,11,12,10,3,2,0,2,0,0,3,2,3,4,36,42
"12035",10,14,5,24,1,11,11,12,13,14,5,20,1,11,11,12,12,1,4,1,1,1,0,4,1,3,4,40,43
"12036",11,14,6,24,1,13,11,12,13,14,5,24,1,11,11,12,13,1,0,0,2,1,2,1,2,2,1,41,45
"12037",12,16,6,24,1,13,11,12,13,14,6,24,1,13,11,12,13,1,2,0,1,0,0,2,0,1,0,43,45
"12038",0,0,0,0,0,0,0,0,0,0,0,0,0,0,0,0,0,0,0,0,0,0,0,0,0,0,0,0,0
"12039",1,1,1,4,1,1,6,1,1,1,1,1,1,1,1,1,1,2,3,5,2,5,0,3,5,3,2,3,5
"12040",2,3,1,4,1,7,6,1,4,1,1,4,1,1,6,1,1,2,0,0,6,4,4,2,6,1,1,5,14
"12041",3,3,1,4,5,11,6,1,4,3,1,4,1,7,6,1,4,4,4,0,4,0,0,4,4,4,1,9,18
"12042",4,3,1,4,10,11,6,4,4,3,1,4,5,11,6,1,4,3,5,1,3,1,0,5,3,4,3,14,21
"12043",5,3,2,4,10,11,6,4,9,3,1,4,10,11,6,4,4,1,0,0,2,5,2,1,5,2,4,15,26
"12044",6,3,2,4,12,11,6,6,9,3,2,4,10,11,6,4,9,2,2,0,2,0,0,2,2,4,3,17,28
"12045",7,3,2,4,15,11,11,6,9,3,2,4,12,11,6,6,9,3,1,5,1,5,0,3,5,4,2,20,33
"12046",8,3,3,4,15,14,11,6,9,3,2,4,15,11,11,6,9,1,0,0,3,5,4,1,3,2,1,21,36
"12047",9,3,3,9,15,18,11,6,9,3,3,4,15,14,11,6,9,5,4,0,4,0,0,5,4,3,1,26,40
"12048",10,3,3,9,18,20,11,6,9,3,3,9,15,18,11,6,9,2,3,4,2,4,0,3,2,4,1,29,42
"12049",11,3,3,9,22,20,14,6,9,3,3,9,18,20,11,6,9,4,0,0,3,5,3,4,3,4,2,33,45
"12050",12,3,6,9,22,20,14,6,9,3,3,9,22,20,14,6,9,5,3,0,5,0,0,3,0,2,0,36,45
"12051",0,0,0,0,0,0,0,0,0,0,0,0,0,0,0,0,0,0,0,0,0,0,0,0,0,0,0,0,0
"12052",1,1,1,1,5,1,1,6,1,1,1,1,1,1,1,1,1,4,2,5,2,5,0,4,5,4,3,4,5
"12053",2,1,1,1,7,1,7,9,1,1,1,1,5,1,1,6,1,2,0,0,4,1,6,2,6,4,2,6,14
"12054",3,1,1,5,7,1,8,9,1,1,1,1,7,1,7,9,1,4,1,0,1,0,0,4,1,3,2,10,15
"12055",4,7,4,5,7,6,8,9,1,1,1,5,7,1,8,9,1,5,6,2,5,2,0,6,5,1,1,19,20
"12056",5,7,6,5,7,6,8,9,2,7,4,5,7,6,8,9,1,2,0,0,1,1,2,2,1,2,4,21,21
"12057",6,9,6,5,7,6,9,9,2,7,6,5,7,6,8,9,2,1,2,0,1,0,0,2,1,1,2,23,22
"12058",7,14,6,5,7,6,14,9,2,9,6,5,7,6,9,9,2,3,5,5,3,5,0,5,5,1,2,28,27
"12059",8,17,6,5,7,6,15,9,2,14,6,5,7,6,14,9,2,3,0,0,6,1,2,3,1,1,2,31,28
"12060",9,17,6,11,10,6,15,11,2,17,6,5,7,6,15,9,2,6,2,0,2,0,0,6,2,3,3,40,30
"12061",10,17,11,11,10,6,15,11,4,17,6,11,10,6,15,11,2,2,2,5,2,2,0,5,2,2,4,45,32
"12062",11,17,13,11,10,6,17,11,4,17,11,11,10,6,15,11,4,2,0,0,2,1,6,2,2,2,2,47,34
"12063",12,17,14,11,10,6,17,11,4,17,13,11,10,6,17,11,4,1,6,0,6,0,0,1,0,2,0,48,34
"12064",0,0,0,0,0,0,0,0,0,0,0,0,0,0,0,0,0,0,0,0,0,0,0,0,0,0,0,0,0
"12065",1,1,1,1,6,1,5,1,1,1,1,1,1,1,1,1,1,5,4,2,4,2,0,5,4,4,2,5,4
"12066",2,1,3,1,6,4,5,7,1,1,1,1,6,1,5,1,1,2,0,0,5,1,6,2,6,2,3,7,13
"12067",3,1,3,6,6,4,5,8,1,1,3,1,6,4,5,7,1,5,1,0,1,0,0,5,1,3,3,12,14
"12068",4,1,3,6,9,4,5,9,1,1,3,6,6,4,5,8,1,1,2,3,1,2,0,3,1,4,3,15,15
"12069",5,1,3,6,11,4,14,9,1,1,3,6,9,4,5,9,1,2,0,0,6,2,3,2,6,4,2,17,24
"12070",6,1,3,9,11,4,16,9,1,1,3,6,11,4,14,9,1,2,3,0,2,0,0,3,2,3,2,20,26
"12071",7,1,8,9,11,4,20,15,1,1,3,9,11,4,16,9,1,1,5,6,1,6,0,5,6,2,3,25,36
"12072",8,6,8,9,11,4,1,20,1,1,8,9,11,4,20,15,1,1,0,0,1,5,2,1,5,1,3,30,22
"12073",9,8,8,9,11,4,1,21,1,6,8,9,11,4,1,20,1,1,2,0,1,0,0,2,1,1,3,32,23
"12074",10,8,8,14,11,4,1,21,2,8,8,9,11,4,1,21,1,1,4,5,1,4,0,5,1,3,4,37,24
"12075",11,8,8,18,11,4,1,23,2,8,8,14,11,4,1,21,2,4,0,0,2,6,2,4,2,3,3,41,26
"12076",12,8,8,25,11,4,1,23,1,8,8,18,11,4,1,23,2,6,2,0,6,0,0,2,0,3,0,48,25
"12077",0,0,0,0,0,0,0,0,0,0,0,0,0,0,0,0,0,0,0,0,0,0,0,0,0,0,0,0,0
"12078",1,1,1,1,6,1,1,1,3,1,1,1,1,1,1,1,1,2,5,1,2,1,0,5,2,4,4,5,2
"12079",2,1,1,2,6,1,1,1,7,1,1,1,6,1,1,1,3,1,0,0,4,3,6,1,4,3,4,6,6
"12080",3,4,7,2,6,1,4,1,7,1,1,2,6,1,1,1,7,3,6,0,3,0,0,6,3,2,2,15,9
"12081",4,4,11,2,12,1,4,1,12,4,7,2,6,1,4,1,7,6,3,5,3,5,0,6,5,4,4,25,14
"12082",5,4,14,2,12,1,11,1,12,4,11,2,12,1,4,1,12,3,0,0,2,6,3,3,6,2,2,28,21
"12083",6,4,14,5,12,1,11,3,12,4,14,2,12,1,11,1,12,2,3,0,2,0,0,3,2,3,3,31,23
"12084",7,7,14,11,12,5,11,3,12,4,14,5,12,1,11,3,12,1,4,6,1,4,0,6,4,3,1,40,27
"12085",8,7,14,12,12,10,11,3,12,7,14,11,12,5,11,3,12,1,0,0,5,6,6,1,5,3,1,41,32
"12086",9,9,14,18,12,21,11,3,12,7,14,12,12,10,11,3,12,6,6,0,6,0,0,6,6,3,1,49,43
"12087",10,15,15,18,12,21,13,3,12,9,14,18,12,21,11,3,12,2,6,2,2,2,0,6,2,1,2,56,45
"12088",11,17,15,18,12,24,13,3,12,15,15,18,12,21,13,3,12,2,0,0,3,3,5,2,3,1,1,58,48
"12089",12,17,15,23,12,24,13,1,12,17,15,18,12,24,13,3,12,3,5,0,5,0,0,3,0,3,0,63,46
"12090",0,0,0,0,0,0,0,0,0,0,0,0,0,0,0,0,0,0,0,0,0,0,0,0,0,0,0,0,0
"12091",1,7,1,1,2,1,1,1,3,1,1,1,1,1,1,1,1,2,6,1,2,1,0,6,2,1,4,7,2
"12092",2,7,2,1,2,3,7,1,3,7,1,1,2,1,1,1,3,1,0,0,6,4,3,1,6,2,2,8,10
"12093",3,7,2,1,6,3,7,4,3,7,2,1,2,3,7,1,3,4,3,0,3,0,0,4,3,4,3,12,13
"12094",4,7,7,1,6,3,7,8,3,7,2,1,6,3,7,4,3,1,4,5,1,4,0,5,4,2,3,17,17
"12095",5,7,7,1,7,4,7,8,3,7,7,1,6,3,7,8,3,1,0,0,6,6,1,1,1,4,1,18,18
"12096",6,7,7,3,13,13,7,8,3,7,7,1,7,4,7,8,3,6,6,0,6,0,0,6,6,4,1,26,27
"12097",7,12,7,3,13,13,7,13,3,7,7,3,13,13,7,8,3,5,5,5,5,5,0,5,5,1,3,31,32
"12098",8,17,7,3,13,19,12,13,3,12,7,3,13,13,7,13,3,5,0,0,6,6,2,5,6,1,1,36,43
"12099",9,17,13,8,13,21,12,13,3,17,7,3,13,19,12,13,3,6,2,0,2,0,0,6,2,2,1,47,45
"12100",10,17,19,1,14,29,12,19,3,17,13,8,13,21,12,13,3,6,6,1,6,1,0,6,6,2,3,47,59
"12101",11,17,19,1,15,30,12,19,3,17,19,1,14,29,12,19,3,1,0,0,1,3,3,1,1,4,1,48,60
"12102",12,17,22,1,15,30,12,19,3,17,19,1,15,30,12,19,3,3,3,0,3,0,0,3,0,2,0,51,60
"12103",0,0,0,0,0,0,0,0,0,0,0,0,0,0,0,0,0,0,0,0,0,0,0,0,0,0,0,0,0
"12104",1,5,1,1,1,1,5,1,1,1,1,1,1,1,1,1,1,1,4,4,1,4,0,4,4,1,2,4,4
"12105",2,5,1,1,2,3,5,7,1,5,1,1,1,1,5,1,1,1,0,0,6,5,6,1,6,4,3,5,12
"12106",3,11,1,4,2,3,5,7,6,5,1,1,2,3,5,7,1,5,6,0,5,0,0,6,5,1,4,14,17
"12107",4,17,1,8,8,8,11,7,6,11,1,4,2,3,5,7,6,6,2,6,2,6,0,6,6,4,2,30,28
"12108",5,17,1,10,8,16,11,13,6,17,1,8,8,8,11,7,6,2,0,0,3,6,5,2,6,3,1,32,42
"12109",6,17,1,10,11,21,11,13,6,17,1,10,8,16,11,13,6,3,5,0,5,0,0,3,5,4,1,35,47
"12110",7,21,1,10,11,24,11,13,6,17,1,10,11,21,11,13,6,3,1,4,3,1,0,4,3,1,1,39,50
"12111",8,22,1,1,11,28,12,13,6,21,1,10,11,24,11,13,6,1,0,0,5,4,5,1,4,1,1,31,55
"12112",9,22,1,6,11,28,12,13,11,22,1,1,11,28,12,13,6,5,5,0,5,0,0,5,5,3,4,36,60
"12113",10,25,1,10,11,1,12,18,11,22,1,6,11,28,12,13,11,2,5,4,2,5,0,4,5,3,3,43,38
"12114",11,27,1,10,11,1,12,20,11,25,1,10,11,1,12,18,11,2,0,0,1,2,2,2,2,1,3,45,40
"12115",12,32,1,10,11,1,12,20,1,27,1,10,11,1,12,20,11,1,2,0,1,0,0,2,0,1,0,50,30
"12116",0,0,0,0,0,0,0,0,0,0,0,0,0,0,0,0,0,0,0,0,0,0,0,0,0,0,0,0,0
"12117",1,7,1,1,3,1,1,3,1,1,1,1,1,1,1,1,1,3,2,6,3,2,0,6,2,1,3,8,2
"12118",2,7,4,1,3,1,1,5,1,7,1,1,3,1,1,3,1,3,0,0,2,6,3,3,2,2,3,11,4
"12119",3,7,10,7,7,1,1,5,4,7,4,1,3,1,1,5,1,6,3,0,3,0,0,6,3,2,4,27,7
"12120",4,7,10,7,11,1,2,5,4,7,10,7,7,1,1,5,4,1,3,4,1,3,0,4,1,4,2,31,8
"12121",5,10,10,7,11,1,2,5,7,7,10,7,11,1,2,5,4,3,0,0,3,2,5,3,3,1,4,34,11
"12122",6,10,10,12,11,3,2,5,7,10,10,7,11,1,2,5,7,2,5,0,2,0,0,5,2,3,1,39,13
"12123",7,10,10,14,11,3,5,5,7,10,10,12,11,3,2,5,7,2,3,4,3,4,0,2,3,3,2,41,16
"12124",8,14,10,14,11,3,5,5,12,10,10,14,11,3,5,5,7,4,0,0,2,5,5,4,5,1,4,45,21
"12125",9,16,10,14,11,3,5,5,17,14,10,14,11,3,5,5,12,2,5,0,5,0,0,2,5,1,4,47,26
"12126",10,16,16,14,14,4,5,5,17,16,10,14,11,3,5,5,17,1,6,3,1,3,0,6,1,2,1,56,27
"12127",11,19,16,14,14,4,8,5,17,16,16,14,14,4,5,5,17,3,0,0,2,5,3,3,3,1,2,59,30
"12128",12,21,16,14,14,4,8,5,17,19,16,14,14,4,8,5,17,2,5,0,5,0,0,2,0,1,0,61,30
"12129",0,0,0,0,0,0,0,0,0,0,0,0,0,0,0,0,0,0,0,0,0,0,0,0,0,0,0,0,0
"12130",1,1,1,1,6,7,1,6,1,1,1,1,1,1,1,1,1,1,6,5,1,6,0,5,6,4,1,5,11
"12131",2,1,1,1,7,7,5,6,1,1,1,1,6,7,1,6,1,1,0,0,4,3,2,1,4,4,2,6,15
"12132",3,3,1,1,7,7,5,9,1,1,1,1,7,7,5,6,1,3,2,0,3,0,0,2,3,1,3,8,18
"12133",4,3,6,1,7,7,5,9,10,3,1,1,7,7,5,9,1,5,2,6,2,6,0,5,6,2,4,13,27
"12134",5,3,6,1,9,9,5,9,10,3,6,1,7,7,5,9,10,2,0,0,2,1,2,2,2,4,1,15,29
"12135",6,5,6,1,9,10,5,9,10,3,6,1,9,9,5,9,10,1,2,0,1,0,0,2,1,1,1,17,30
"12136",7,7,6,1,9,10,5,9,11,5,6,1,9,10,5,9,10,1,2,6,1,6,0,2,1,1,4,19,31
"12137",8,7,12,1,13,14,5,9,11,7,6,1,9,10,5,9,11,6,0,0,4,6,6,6,4,2,1,29,35
"12138",9,7,21,1,13,14,7,15,11,7,12,1,13,14,5,9,11,6,6,0,6,0,0,6,6,2,3,38,43
"12139",10,7,21,1,18,15,13,15,11,7,21,1,13,14,7,15,11,6,5,2,6,2,0,5,6,4,2,43,50
"12140",11,9,21,1,18,25,13,15,11,7,21,1,18,15,13,15,11,2,0,0,6,6,6,2,6,1,1,45,60
"12141",12,9,27,5,18,25,13,15,11,9,21,1,18,25,13,15,11,6,6,0,6,0,0,6,0,2,0,55,60
"12142",0,0,0,0,0,0,0,0,0,0,0,0,0,0,0,0,0,0,0,0,0,0,0,0,0,0,0,0,0
"12143",1,1,7,1,6,1,4,1,1,1,1,1,1,1,1,1,1,3,6,3,3,3,0,6,3,2,2,11,3
"12144",2,1,10,1,6,5,10,1,1,1,7,1,6,1,4,1,1,3,0,0,6,6,6,3,6,2,2,14,13
"12145",3,7,13,1,6,16,10,1,1,1,10,1,6,5,10,1,1,6,6,0,6,0,0,6,6,1,1,23,24
"12146",4,7,13,7,10,16,10,4,1,7,13,1,6,16,10,1,1,3,5,6,3,5,0,6,3,3,3,33,27
"12147",5,7,13,12,10,20,10,4,1,7,13,7,10,16,10,4,1,5,0,0,4,2,1,5,4,3,1,38,31
"12148",6,7,13,13,10,20,12,4,1,7,13,12,10,20,10,4,1,2,1,0,2,0,0,1,2,3,2,39,33
"12149",7,7,16,13,10,20,14,4,1,7,13,13,10,20,12,4,1,2,3,2,2,2,0,3,2,2,2,42,35
"12150",8,7,18,13,10,20,15,4,1,7,16,13,10,20,14,4,1,2,0,0,1,1,1,2,1,2,2,44,36
"12151",9,7,18,13,11,21,15,4,1,7,18,13,10,20,15,4,1,1,1,0,1,0,0,1,1,4,1,45,37
"12152",10,11,18,13,11,21,15,5,1,7,18,13,11,21,15,4,1,2,4,1,2,1,0,4,1,1,3,49,38
"12153",11,11,1,13,11,21,19,5,2,11,18,13,11,21,15,5,1,2,0,0,1,1,4,2,1,2,4,32,43
"12154",12,15,1,13,11,21,19,5,2,11,1,13,11,21,19,5,2,1,4,0,1,0,0,4,0,1,0,36,43
"12155",0,0,0,0,0,0,0,0,0,0,0,0,0,0,0,0,0,0,0,0,0,0,0,0,0,0,0,0,0
"12156",1,7,2,1,1,1,1,1,6,1,1,1,1,1,1,1,1,1,5,6,1,5,0,6,5,1,4,7,5
"12157",2,7,2,1,2,1,1,1,7,7,2,1,1,1,1,1,6,1,0,0,1,4,1,1,1,4,4,8,6
"12158",3,7,2,1,6,1,1,2,7,7,2,1,2,1,1,1,7,4,1,0,1,0,0,4,1,4,3,12,7
"12159",4,7,6,1,6,6,1,2,7,7,2,1,6,1,1,2,7,4,5,1,5,1,0,4,5,2,1,16,12
"12160",5,8,6,1,6,7,1,2,7,7,6,1,6,6,1,2,7,1,0,0,1,4,5,1,1,1,1,17,13
"12161",6,8,6,1,11,11,1,2,7,8,6,1,6,7,1,2,7,4,5,0,4,0,0,5,4,4,1,22,17
"12162",7,8,6,7,15,14,1,2,7,8,6,1,11,11,1,2,7,3,6,3,3,3,0,6,3,3,1,32,20
"12163",8,8,6,7,18,14,3,2,13,8,6,7,15,14,1,2,7,3,0,0,6,6,6,3,6,4,4,35,28
"12164",9,14,10,7,18,20,3,2,19,8,6,7,18,14,3,2,13,6,6,0,6,0,0,6,6,1,4,45,40
"12165",10,18,10,7,18,20,5,2,19,14,10,7,18,20,3,2,19,1,2,4,1,2,0,4,2,1,2,49,42
"12166",11,18,10,1,18,26,6,2,19,18,10,7,18,20,5,2,19,1,0,0,6,5,1,1,6,3,1,43,49
"12167",12,18,10,1,23,26,6,2,19,18,10,1,18,26,6,2,19,5,1,0,1,0,0,5,0,4,0,48,49
"12168",0,0,0,0,0,0,0,0,0,0,0,0,0,0,0,0,0,0,0,0,0,0,0,0,0,0,0,0,0
"12169",1,1,1,1,6,6,1,1,7,1,1,1,1,1,1,1,1,5,6,1,6,1,0,5,6,4,4,5,11
"12170",2,1,1,1,7,6,1,8,7,1,1,1,6,6,1,1,7,1,0,0,3,6,4,1,6,4,3,6,18
"12171",3,1,1,1,11,9,1,8,7,1,1,1,7,6,1,8,7,3,4,0,3,0,0,4,3,4,1,10,21
"12172",4,1,5,1,11,9,4,8,7,1,1,1,11,9,1,8,7,3,4,1,3,1,0,4,3,2,2,14,24
"12173",5,1,5,2,11,9,8,8,7,1,5,1,11,9,4,8,7,1,0,0,4,5,5,1,4,3,2,15,28
"12174",6,1,10,2,11,9,8,8,12,1,5,2,11,9,8,8,7,5,5,0,5,0,0,5,5,2,4,20,33
"12175",7,7,10,8,11,15,8,8,14,1,10,2,11,9,8,8,12,6,1,6,1,6,0,6,6,1,1,32,41
"12176",8,8,10,8,11,15,8,8,19,7,10,8,11,15,8,8,14,1,0,0,5,1,4,1,5,1,4,33,46
"12177",9,8,10,12,11,16,8,8,19,8,10,8,11,15,8,8,19,1,4,0,1,0,0,4,1,3,1,37,47
"12178",10,8,10,15,11,17,8,8,19,8,10,12,11,16,8,8,19,3,1,3,1,3,0,3,1,3,1,40,48
"12179",11,8,10,15,14,22,8,8,19,8,10,15,11,17,8,8,19,3,0,0,5,2,4,3,5,4,1,43,53
"12180",12,8,10,19,14,22,8,8,19,8,10,15,14,22,8,8,19,2,4,0,2,0,0,4,0,3,0,47,53
"12181",0,0,0,0,0,0,0,0,0,0,0,0,0,0,0,0,0,0,0,0,0,0,0,0,0,0,0,0,0
"12182",1,7,1,1,4,1,5,1,1,1,1,1,1,1,1,1,1,1,4,6,1,4,0,6,4,1,2,9,4
"12183",2,7,1,2,4,5,5,7,1,7,1,1,4,1,5,1,1,1,0,0,3,6,1,1,6,3,3,10,14
"12184",3,7,1,5,4,5,5,7,2,7,1,2,4,5,5,7,1,3,1,0,1,0,0,3,1,3,4,13,15
"12185",4,7,5,5,4,5,5,7,6,7,1,5,4,5,5,7,2,2,4,4,2,4,0,4,4,2,4,17,19
"12186",5,7,5,7,4,5,9,7,6,7,5,5,4,5,5,7,6,2,0,0,3,4,4,2,4,3,2,19,23
"12187",6,11,5,7,4,5,12,7,6,7,5,7,4,5,9,7,6,3,4,0,3,0,0,4,3,1,2,23,26
"12188",7,16,5,7,4,5,12,7,9,11,5,7,4,5,12,7,6,3,2,5,3,2,0,5,3,1,4,28,29
"12189",8,16,5,9,4,5,12,10,9,16,5,7,4,5,12,7,9,2,0,0,4,3,6,2,3,3,3,30,32
"12190",9,29,5,9,4,5,12,1,5,16,5,9,4,5,12,10,9,4,6,0,4,0,0,6,4,1,4,43,19
"12191",10,34,5,9,4,8,12,1,5,29,5,9,4,5,12,1,5,5,3,5,3,5,0,5,3,1,1,48,22
"12192",11,39,8,9,4,10,12,1,5,34,5,9,4,8,12,1,5,5,0,0,2,2,2,5,2,1,1,94,24
"12193",12,39,8,9,6,10,12,1,5,39,8,9,4,10,12,1,5,2,2,0,2,0,0,2,0,4,0,96,24
"12194",0,0,0,0,0,0,0,0,0,0,0,0,0,0,0,0,0,0,0,0,0,0,0,0,0,0,0,0,0
"12195",1,1,6,1,1,1,6,1,1,1,1,1,1,1,1,1,1,5,5,5,5,5,0,5,5,2,2,5,5
"12196",2,1,11,1,1,5,6,1,13,1,6,1,1,1,6,1,1,5,0,0,6,3,4,5,6,2,4,10,21
"12197",3,1,15,1,1,8,6,1,13,1,11,1,1,5,6,1,13,3,4,0,3,0,0,4,3,2,1,14,24
"12198",4,1,15,1,2,8,10,1,13,1,15,1,1,8,6,1,13,4,1,6,4,6,0,1,4,4,2,15,28
"12199",5,1,1,1,2,12,10,4,13,1,15,1,2,8,10,1,13,6,0,0,5,3,3,6,3,2,3,1,35
"12200",6,4,1,1,2,17,10,4,13,1,1,1,2,12,10,4,13,5,3,0,5,0,0,3,5,1,1,4,40
"12201",7,9,1,1,2,28,10,4,19,4,1,1,2,17,10,4,13,5,6,4,6,4,0,5,6,1,1,9,57
"12202",8,13,1,1,2,38,10,4,19,9,1,1,2,28,10,4,19,4,0,0,6,3,1,4,6,1,1,13,67
"12203",9,16,1,1,2,39,15,4,19,13,1,1,2,38,10,4,19,3,1,0,1,0,0,3,1,1,1,16,111
"12204",10,20,1,1,2,39,28,4,19,16,1,1,2,39,15,4,19,4,6,4,6,4,0,4,6,1,2,20,124
"12205",11,24,1,1,2,39,29,4,19,20,1,1,2,39,28,4,19,4,0,0,1,6,5,4,1,1,2,24,125
"12206",12,24,3,7,2,39,29,4,19,24,1,1,2,39,29,4,19,6,5,0,5,0,0,6,0,3,0,32,125
"12207",0,0,0,0,0,0,0,0,0,0,0,0,0,0,0,0,0,0,0,0,0,0,0,0,0,0,0,0,0
"12208",1,1,7,1,3,1,1,1,4,1,1,1,1,1,1,1,1,3,2,6,3,2,0,6,3,2,4,8,3
"12209",2,1,7,1,5,1,1,6,4,1,7,1,3,1,1,1,4,2,0,0,2,5,5,2,5,4,3,10,8
"12210",3,1,7,6,5,1,1,8,4,1,7,1,5,1,1,6,4,2,5,0,2,0,0,5,2,3,3,15,10
"12211",4,1,7,6,9,1,1,10,4,1,7,6,5,1,1,8,4,1,4,2,1,2,0,4,2,4,3,19,12
"12212",5,1,7,7,9,1,1,11,4,1,7,6,9,1,1,10,4,1,0,0,1,2,1,1,1,3,3,20,13
"12213",6,1,7,7,11,1,1,11,5,1,7,7,9,1,1,11,4,2,1,0,1,0,0,2,1,4,4,22,14
"12214",7,1,11,7,11,1,1,11,9,1,7,7,11,1,1,11,5,4,4,4,4,4,0,4,4,2,4,26,18
"12215",8,5,11,7,11,1,6,11,9,1,11,7,11,1,1,11,9,4,0,0,5,2,4,4,5,1,2,30,23
"12216",9,5,11,7,15,1,8,11,9,5,11,7,11,1,6,11,9,2,4,0,2,0,0,4,2,4,2,34,25
"12217",10,11,11,12,15,5,8,11,9,5,11,7,15,1,8,11,9,4,3,6,4,3,0,6,4,1,1,45,29
"12218",11,14,11,12,15,9,8,11,9,11,11,12,15,5,8,11,9,3,0,0,4,3,3,3,4,1,1,48,33
"12219",12,14,14,12,15,9,8,11,9,14,11,12,15,9,8,11,9,3,3,0,3,0,0,3,0,2,0,51,33
"12220",0,0,0,0,0,0,0,0,0,0,0,0,0,0,0,0,0,0,0,0,0,0,0,0,0,0,0,0,0
"12221",1,1,1,2,1,3,1,1,1,1,1,1,1,1,1,1,1,1,2,1,2,1,0,1,2,3,1,1,2
"12222",2,1,2,2,1,5,1,1,1,1,1,2,1,3,1,1,1,1,0,0,6,2,3,1,2,2,1,2,4
"12223",3,1,9,2,1,5,1,4,1,1,2,2,1,5,1,1,1,6,3,0,3,0,0,6,3,2,3,9,7
"12224",4,3,9,2,1,5,1,4,5,1,9,2,1,5,1,4,1,2,4,2,4,2,0,2,4,1,4,11,11
"12225",5,3,11,2,1,5,7,12,5,3,9,2,1,5,1,4,5,2,0,0,4,2,6,2,6,2,2,13,25
"12226",6,7,11,2,1,5,9,12,5,3,11,2,1,5,7,12,5,4,2,0,2,0,0,4,2,1,2,17,27
"12227",7,7,11,6,1,7,15,12,5,7,11,2,1,5,9,12,5,4,3,6,3,6,0,4,6,3,2,21,35
"12228",8,10,11,6,1,7,15,18,10,7,11,6,1,7,15,12,5,3,0,0,1,6,1,3,6,1,3,24,46
"12229",9,10,12,6,1,7,16,18,10,10,11,6,1,7,15,18,10,1,1,0,1,0,0,1,1,2,2,25,47
"12230",10,10,12,7,1,8,16,18,10,10,12,6,1,7,16,18,10,1,1,1,1,1,0,1,1,3,1,26,48
"12231",11,11,12,7,1,9,16,18,10,10,12,7,1,8,16,18,10,1,0,0,1,5,3,1,1,1,1,27,49
"12232",12,11,15,7,1,9,16,18,10,11,12,7,1,9,16,18,10,5,3,0,5,0,0,3,0,2,0,30,49
"12233",0,0,0,0,0,0,0,0,0,0,0,0,0,0,0,0,0,0,0,0,0,0,0,0,0,0,0,0,0
"12234",1,1,1,7,7,1,3,1,1,1,1,1,1,1,1,1,1,6,5,2,5,2,0,6,2,4,2,12,2
"12235",2,1,1,7,12,3,3,1,1,1,1,7,7,1,3,1,1,5,0,0,2,1,5,5,2,4,1,17,4
"12236",3,1,6,7,12,3,3,2,1,1,1,7,12,3,3,1,1,1,5,0,1,0,0,5,1,2,3,22,5
"12237",4,1,9,7,12,3,5,2,1,1,6,7,12,3,3,2,1,3,2,2,2,2,0,3,2,2,2,25,7
"12238",5,3,9,7,12,3,6,2,1,1,9,7,12,3,5,2,1,2,0,0,1,5,4,2,1,1,2,27,8
"12239",6,8,9,7,12,3,6,6,1,3,9,7,12,3,6,2,1,5,4,0,4,0,0,5,4,1,3,32,12
"12240",7,8,9,9,12,7,6,6,1,8,9,7,12,3,6,6,1,4,2,5,4,5,0,2,4,3,1,34,16
"12241",8,8,14,9,12,10,6,6,1,8,9,9,12,7,6,6,1,5,0,0,3,3,1,5,3,2,1,39,19
"12242",9,11,14,9,12,11,6,6,1,8,14,9,12,10,6,6,1,3,1,0,1,0,0,3,1,1,1,42,20
"12243",10,16,14,9,12,12,6,6,1,11,14,9,12,11,6,6,1,5,1,2,1,2,0,5,1,1,1,47,21
"12244",11,18,14,9,12,15,6,6,1,16,14,9,12,12,6,6,1,2,0,0,3,6,1,2,3,1,1,49,24
"12245",12,19,14,9,12,15,6,6,1,18,14,9,12,15,6,6,1,6,1,0,6,0,0,1,0,1,0,50,24
"12246",0,0,0,0,0,0,0,0,0,0,0,0,0,0,0,0,0,0,0,0,0,0,0,0,0,0,0,0,0
"12247",1,1,1,1,4,1,1,6,1,1,1,1,1,1,1,1,1,3,2,5,2,5,0,3,5,4,3,3,5
"12248",2,1,3,1,4,1,1,6,6,1,1,1,4,1,1,6,1,2,0,0,5,1,3,2,5,2,4,5,10
"12249",3,4,3,1,4,2,1,6,6,1,3,1,4,1,1,6,6,1,3,0,1,0,0,3,1,1,1,8,11
"12250",4,10,3,4,4,2,1,9,6,4,3,1,4,2,1,6,6,3,6,1,3,1,0,6,3,1,3,17,14
"12251",5,10,3,4,5,6,1,9,6,10,3,4,4,2,1,9,6,1,0,0,4,4,4,1,4,4,1,18,18
"12252",6,10,3,4,9,6,1,13,6,10,3,4,5,6,1,9,6,4,4,0,4,0,0,4,4,4,3,22,22
"12253",7,10,3,4,13,10,1,13,6,10,3,4,9,6,1,13,6,4,3,4,3,4,0,4,4,4,1,26,26
"12254",8,10,6,4,13,10,5,13,6,10,3,4,13,10,1,13,6,3,0,0,6,6,4,3,4,2,2,29,30
"12255",9,11,6,4,19,10,5,18,12,10,6,4,13,10,5,13,6,6,6,0,6,0,0,6,6,4,4,36,41
"12256",10,16,6,4,19,15,5,18,12,11,6,4,19,10,5,18,12,3,5,5,3,5,0,5,5,1,1,41,46
"12257",11,16,6,1,22,20,5,22,12,16,6,4,19,15,5,18,12,3,0,0,4,6,4,3,4,4,3,41,55
"12258",12,20,6,1,22,20,5,22,12,16,6,1,22,20,5,22,12,6,4,0,6,0,0,4,0,1,0,45,55
"12259",0,0,0,0,0,0,0,0,0,0,0,0,0,0,0,0,0,0,0,0,0,0,0,0,0,0,0,0,0
"12260",1,7,1,2,1,1,1,6,1,1,1,1,1,1,1,1,1,5,3,6,5,3,0,6,5,1,3,7,5
"12261",2,10,1,2,1,1,6,6,1,7,1,2,1,1,1,6,1,3,0,0,1,2,5,3,5,1,2,10,10
"12262",3,10,1,4,1,1,7,6,1,10,1,2,1,1,6,6,1,1,2,0,1,0,0,2,1,3,2,12,11
"12263",4,10,1,9,1,6,7,6,1,10,1,4,1,1,7,6,1,5,5,5,5,5,0,5,5,3,1,17,16
"12264",5,10,6,9,1,6,11,6,1,10,1,9,1,6,7,6,1,5,0,0,4,1,6,5,4,2,2,22,20
"12265",6,16,9,9,1,7,11,6,1,10,6,9,1,6,11,6,1,1,6,0,1,0,0,6,1,1,1,31,21
"12266",7,16,16,9,1,7,16,6,1,16,9,9,1,7,11,6,1,5,1,6,5,1,0,6,5,2,2,38,26
"12267",8,17,16,9,1,10,16,6,1,16,16,9,1,7,16,6,1,1,0,0,6,1,3,1,3,1,1,39,29
"12268",9,17,16,14,7,10,16,7,1,17,16,9,1,10,16,6,1,6,1,0,1,0,0,6,1,4,3,50,30
"12269",10,17,16,14,10,10,16,8,1,17,16,14,7,10,16,7,1,2,1,3,2,1,0,3,1,4,3,53,31
"12270",11,17,18,14,10,14,16,14,1,17,16,14,10,10,16,8,1,2,0,0,6,5,6,2,6,2,3,55,41
"12271",12,17,18,14,15,14,16,14,1,17,18,14,10,14,16,14,1,5,6,0,6,0,0,5,0,4,0,60,41
"12272",0,0,0,0,0,0,0,0,0,0,0,0,0,0,0,0,0,0,0,0,0,0,0,0,0,0,0,0,0
"12273",1,1,1,1,5,1,1,2,1,1,1,1,1,1,1,1,1,1,4,1,1,1,0,4,1,4,3,4,1
"12274",2,1,1,2,5,1,1,3,1,1,1,1,5,1,1,2,1,1,0,0,4,2,1,1,1,3,3,5,2
"12275",3,5,1,2,5,1,3,3,1,1,1,2,5,1,1,3,1,4,2,0,2,0,0,4,2,1,2,9,4
"12276",4,5,1,2,10,3,3,3,1,5,1,2,5,1,3,3,1,2,5,1,2,1,0,5,2,4,1,14,6
"12277",5,6,1,2,10,3,4,3,1,5,1,2,10,3,3,3,1,1,0,0,3,6,1,1,1,1,2,15,7
"12278",6,12,1,5,10,3,7,3,1,6,1,2,10,3,4,3,1,3,6,0,3,0,0,6,3,1,2,24,10
"12279",7,12,1,5,13,3,9,3,1,12,1,5,10,3,7,3,1,3,1,2,1,2,0,3,2,4,2,27,12
"12280",8,12,1,6,13,6,9,3,1,12,1,5,13,3,9,3,1,1,0,0,1,4,3,1,3,3,1,28,15
"12281",9,12,5,6,13,7,9,3,1,12,1,6,13,6,9,3,1,1,4,0,1,0,0,4,1,2,1,32,16
"12282",10,12,10,6,13,7,10,3,1,12,5,6,13,7,9,3,1,2,1,5,2,1,0,5,1,2,2,37,17
"12283",11,14,10,6,13,17,10,3,1,12,10,6,13,7,10,3,1,2,0,0,6,1,5,2,6,1,1,39,27
"12284",12,14,11,6,13,17,10,3,1,14,10,6,13,17,10,3,1,1,5,0,5,0,0,1,0,2,0,40,27
"12285",0,0,0,0,0,0,0,0,0,0,0,0,0,0,0,0,0,0,0,0,0,0,0,0,0,0,0,0,0
"12286",1,3,1,1,1,7,1,1,3,1,1,1,1,1,1,1,1,5,6,2,5,6,0,2,6,1,1,2,8
"12287",2,8,1,1,1,7,1,3,3,3,1,1,1,7,1,1,3,5,0,0,4,2,2,5,2,1,3,7,10
"12288",3,8,1,1,5,7,1,3,5,8,1,1,1,7,1,3,3,4,2,0,2,0,0,4,2,4,4,11,12
"12289",4,8,1,6,5,7,1,7,5,8,1,1,5,7,1,3,5,4,1,5,4,1,0,5,4,3,3,16,16
"12290",5,8,1,7,5,15,1,7,5,8,1,6,5,7,1,7,5,1,0,0,1,6,3,1,6,3,1,17,24
"12291",6,11,1,7,5,15,1,8,5,8,1,7,5,15,1,7,5,1,3,0,1,0,0,3,1,1,3,20,25
"12292",7,11,1,10,5,15,1,10,5,11,1,7,5,15,1,8,5,2,3,2,2,2,0,3,2,3,3,23,27
"12293",8,11,1,10,7,15,6,10,5,11,1,10,5,15,1,10,5,2,0,0,1,2,5,2,5,4,2,25,32
"12294",9,11,3,10,7,15,6,10,6,11,1,10,7,15,6,10,5,1,2,0,1,0,0,2,1,2,4,27,33
"12295",10,11,3,14,7,15,13,10,6,11,3,10,7,15,6,10,6,6,1,4,6,1,0,4,6,3,2,31,40
"12296",11,11,4,14,7,19,13,10,6,11,3,14,7,15,13,10,6,1,0,0,4,6,6,1,4,2,1,32,44
"12297",12,11,4,25,7,19,13,10,6,11,4,14,7,19,13,10,6,6,6,0,6,0,0,6,0,3,0,43,44
"12298",0,0,0,0,0,0,0,0,0,0,0,0,0,0,0,0,0,0,0,0,0,0,0,0,0,0,0,0,0
"12299",1,1,1,5,1,4,1,1,1,1,1,1,1,1,1,1,1,3,4,4,3,4,0,4,3,3,1,4,3
"12300",2,1,1,9,1,6,1,1,1,1,1,5,1,4,1,1,1,4,0,0,2,4,2,4,2,3,1,8,5
"12301",3,5,1,9,1,8,1,1,1,1,1,9,1,6,1,1,1,4,2,0,2,0,0,4,2,1,1,12,7
"12302",4,5,1,9,6,19,1,1,1,5,1,9,1,8,1,1,1,1,5,6,1,6,0,5,6,4,1,17,18
"12303",5,5,2,9,6,19,1,1,5,5,1,9,6,19,1,1,1,1,0,0,2,4,5,1,4,2,4,18,22
"12304",6,5,7,9,6,19,1,1,7,5,2,9,6,19,1,1,5,2,5,0,2,0,0,5,2,2,4,23,24
"12305",7,5,7,9,9,19,1,1,8,5,7,9,6,19,1,1,7,3,1,2,1,2,0,3,1,4,4,26,25
"12306",8,7,7,9,9,22,1,7,8,5,7,9,9,19,1,1,8,2,0,0,4,4,6,2,6,1,3,28,34
"12307",9,7,7,9,13,22,5,7,8,7,7,9,9,22,1,7,8,4,4,0,4,0,0,4,4,4,2,32,38
"12308",10,7,7,9,16,24,5,7,8,7,7,9,13,22,5,7,8,2,3,3,2,3,0,3,2,4,1,35,40
"12309",11,10,7,9,16,24,16,7,8,7,7,9,16,24,5,7,8,3,0,0,5,6,3,3,6,1,2,38,51
"12310",12,10,7,9,21,24,16,7,8,10,7,9,16,24,16,7,8,5,3,0,3,0,0,5,0,4,0,43,51
"12311",0,0,0,0,0,0,0,0,0,0,0,0,0,0,0,0,0,0,0,0,0,0,0,0,0,0,0,0,0
"12312",1,7,1,2,1,5,1,1,1,1,1,1,1,1,1,1,1,4,4,6,4,4,0,6,4,1,1,7,4
"12313",2,7,5,2,1,9,1,1,1,7,1,2,1,5,1,1,1,4,0,0,3,3,4,4,4,2,1,11,8
"12314",3,7,8,2,1,9,4,1,1,7,5,2,1,9,1,1,1,3,3,0,3,0,0,3,3,2,2,14,11
"12315",4,12,8,8,7,9,4,1,3,7,8,2,1,9,4,1,1,2,3,6,2,3,0,6,2,4,4,31,13
"12316",5,15,8,8,7,9,7,1,3,12,8,8,7,9,4,1,3,3,0,0,3,2,4,3,3,1,2,34,16
"12317",6,15,8,8,11,9,7,1,5,15,8,8,7,9,7,1,3,2,4,0,2,0,0,4,2,4,4,38,18
"12318",7,15,12,8,11,13,7,1,5,15,8,8,11,9,7,1,5,4,4,4,4,4,0,4,4,2,1,42,22
"12319",8,15,12,12,11,13,7,1,7,15,12,8,11,13,7,1,5,4,0,0,1,2,6,4,2,3,4,46,24
"12320",9,15,12,18,14,14,7,1,7,15,12,12,11,13,7,1,7,1,6,0,1,0,0,6,1,3,1,55,25
"12321",10,18,12,18,14,17,7,1,7,15,12,18,14,14,7,1,7,3,3,6,3,6,0,3,3,1,1,58,28
"12322",11,21,18,18,14,17,7,1,12,18,12,18,14,17,7,1,7,6,0,0,5,4,5,6,5,2,4,67,33
"12323",12,21,18,23,14,17,7,1,12,21,18,18,14,17,7,1,12,4,5,0,4,0,0,5,0,3,0,72,33
"12324",0,0,0,0,0,0,0,0,0,0,0,0,0,0,0,0,0,0,0,0,0,0,0,0,0,0,0,0,0
"12325",1,6,1,1,7,1,1,1,4,1,1,1,1,1,1,1,1,3,4,6,3,4,0,6,3,4,4,11,3
"12326",2,10,1,1,7,5,1,1,4,6,1,1,7,1,1,1,4,4,0,0,4,3,6,4,4,1,1,15,7
"12327",3,10,8,1,13,8,1,1,4,10,1,1,7,5,1,1,4,3,6,0,3,0,0,6,3,4,1,28,10
"12328",4,10,12,1,13,9,1,1,4,10,8,1,13,8,1,1,4,4,1,1,1,1,0,4,1,2,1,32,11
"12329",5,10,12,2,13,13,1,1,4,10,12,1,13,9,1,1,4,1,0,0,4,4,5,1,4,3,1,33,15
"12330",6,10,12,7,13,17,1,1,4,10,12,2,13,13,1,1,4,4,5,0,4,0,0,5,4,3,1,38,19
"12331",7,15,12,13,13,17,3,1,4,10,12,7,13,17,1,1,4,6,2,1,2,1,0,6,2,3,2,49,21
"12332",8,15,12,13,14,19,3,1,4,15,12,13,13,17,3,1,4,1,0,0,2,1,3,1,2,4,1,50,23
"12333",9,15,12,13,17,20,3,1,4,15,12,13,14,19,3,1,4,1,3,0,1,0,0,3,1,4,1,53,24
"12334",10,15,17,13,17,22,3,1,4,15,12,13,17,20,3,1,4,5,5,2,5,2,0,5,2,2,1,58,26
"12335",11,20,17,13,17,23,3,1,4,15,17,13,17,22,3,1,4,5,0,0,1,2,3,5,1,1,1,63,27
"12336",12,20,17,13,19,23,3,1,4,20,17,13,17,23,3,1,4,2,3,0,3,0,0,2,0,4,0,65,27
"12337",0,0,0,0,0,0,0,0,0,0,0,0,0,0,0,0,0,0,0,0,0,0,0,0,0,0,0,0,0
"12338",1,1,1,1,5,1,3,1,1,1,1,1,1,1,1,1,1,2,4,4,2,4,0,4,2,4,2,4,2
"12339",2,1,5,1,5,1,3,1,6,1,1,1,5,1,3,1,1,4,0,0,2,1,5,4,5,2,4,8,7
"12340",3,1,7,1,5,1,3,1,7,1,5,1,5,1,3,1,6,2,1,0,1,0,0,2,1,2,4,10,8
"12341",4,1,7,1,7,2,3,1,7,1,7,1,5,1,3,1,7,2,1,2,1,2,0,2,1,4,1,12,9
"12342",5,3,7,1,7,2,3,6,7,1,7,1,7,2,3,1,7,2,0,0,5,6,5,2,5,1,3,14,14
"12343",6,3,17,1,7,7,3,6,7,3,7,1,7,2,3,6,7,6,5,0,5,0,0,6,5,2,1,24,19
"12344",7,8,17,1,7,7,7,6,7,3,17,1,7,7,3,6,7,5,4,3,4,3,0,5,4,1,2,29,23
"12345",8,8,20,1,7,7,7,9,7,8,17,1,7,7,7,6,7,3,0,0,2,3,4,3,3,2,3,32,26
"12346",9,8,20,1,11,7,7,9,9,8,20,1,7,7,7,9,7,2,4,0,2,0,0,4,2,4,4,36,28
"12347",10,8,20,5,11,7,7,9,13,8,20,1,11,7,7,9,9,4,4,2,4,2,0,4,4,3,4,40,32
"12348",11,10,20,5,11,9,7,9,13,8,20,5,11,7,7,9,13,2,0,0,2,3,2,2,2,1,1,42,34
"12349",12,10,22,5,11,9,7,9,13,10,20,5,11,9,7,9,13,3,2,0,3,0,0,2,0,2,0,44,34
"12350",0,0,0,0,0,0,0,0,0,0,0,0,0,0,0,0,0,0,0,0,0,0,0,0,0,0,0,0,0
"12351",1,1,1,1,5,1,2,1,1,1,1,1,1,1,1,1,1,4,1,1,1,1,0,4,1,4,2,4,1
"12352",2,1,2,1,5,1,2,4,1,1,1,1,5,1,2,1,1,1,0,0,3,6,4,1,3,2,3,5,4
"12353",3,5,8,1,5,1,2,8,1,1,2,1,5,1,2,4,1,6,4,0,4,0,0,6,4,2,3,15,8
"12354",4,5,14,11,5,1,2,10,1,5,8,1,5,1,2,8,1,5,2,6,5,2,0,6,2,2,3,31,10
"12355",5,5,14,11,10,1,8,15,1,5,14,11,5,1,2,10,1,5,0,0,3,6,6,5,6,4,2,36,21
"12356",6,11,14,14,10,1,11,15,1,5,14,11,10,1,8,15,1,3,6,0,3,0,0,6,3,1,2,45,24
"12357",7,11,14,14,13,1,11,20,1,11,14,14,10,1,11,15,1,5,2,3,5,2,0,3,5,4,3,48,29
"12358",8,11,14,14,15,1,11,25,1,11,14,14,13,1,11,20,1,2,0,0,4,5,3,2,5,4,3,50,34
"12359",9,15,14,14,15,4,11,25,1,11,14,14,15,1,11,25,1,4,3,0,3,0,0,4,3,1,1,54,37
"12360",10,18,14,14,15,4,14,25,1,15,14,14,15,4,11,25,1,4,3,3,4,3,0,3,3,1,2,57,40
"12361",11,22,14,14,19,1,14,30,1,18,14,14,15,4,14,25,1,4,0,0,5,1,4,4,5,1,3,65,42
"12362",12,22,14,15,19,1,14,30,1,22,14,14,19,1,14,30,1,1,4,0,4,0,0,1,0,3,0,66,42
"12363",0,0,0,0,0,0,0,0,0,0,0,0,0,0,0,0,0,0,0,0,0,0,0,0,0,0,0,0,0
"12364",1,6,1,1,1,10,1,1,1,1,1,1,1,1,1,1,1,5,4,6,4,6,0,5,6,1,1,5,9
"12365",2,6,1,5,1,15,1,7,1,6,1,1,1,10,1,1,1,4,0,0,1,5,6,4,6,3,3,9,20
"12366",3,6,6,5,1,15,2,7,1,6,1,5,1,15,1,7,1,1,5,0,1,0,0,5,1,2,2,14,21
"12367",4,6,12,14,1,15,2,7,6,6,6,5,1,15,2,7,1,6,5,1,5,1,0,6,5,3,4,29,26
"12368",5,7,12,14,1,15,8,10,12,6,12,14,1,15,2,7,6,1,0,0,6,3,6,1,6,1,4,30,41
"12369",6,7,16,20,1,15,8,10,15,7,12,14,1,15,8,10,12,3,6,0,3,0,0,6,3,3,4,40,44
"12370",7,13,16,26,4,15,2,10,15,7,16,20,1,15,8,10,15,6,1,1,1,1,0,6,1,3,2,55,38
"12371",8,13,16,26,5,15,4,10,15,13,16,26,4,15,2,10,15,1,0,0,4,2,2,1,2,4,2,56,40
"12372",9,13,20,26,5,15,4,10,17,13,16,26,5,15,4,10,15,4,2,0,2,0,0,4,2,2,4,60,42
"12373",10,17,20,26,5,17,4,10,17,13,20,26,5,15,4,10,17,2,4,5,2,5,0,4,2,1,1,64,44
"12374",11,17,20,1,5,17,7,13,17,17,20,26,5,17,4,10,17,5,0,0,3,1,2,5,3,3,3,39,50
"12375",12,18,20,1,5,17,7,13,17,17,20,1,5,17,7,13,17,1,2,0,2,0,0,1,0,1,0,40,50
"12376",0,0,0,0,0,0,0,0,0,0,0,0,0,0,0,0,0,0,0,0,0,0,0,0,0,0,0,0,0
"12377",1,1,1,6,1,1,1,3,1,1,1,1,1,1,1,1,1,5,1,2,1,2,0,5,2,3,3,5,2
"12378",2,2,1,6,1,1,1,6,1,1,1,6,1,1,1,3,1,1,0,0,3,6,4,1,3,1,3,6,5
"12379",3,11,1,6,1,1,5,6,1,2,1,6,1,1,1,6,1,6,4,0,4,0,0,6,4,1,2,15,9
"12380",4,11,1,9,1,1,5,8,1,11,1,6,1,1,5,6,1,3,2,1,2,1,0,3,2,3,3,18,11
"12381",5,11,1,10,1,1,5,11,1,11,1,9,1,1,5,8,1,1,0,0,3,3,1,1,3,3,3,19,14
"12382",6,14,1,10,1,2,5,11,1,11,1,10,1,1,5,11,1,3,1,0,1,0,0,3,1,1,1,22,15
"12383",7,14,12,10,1,2,5,11,5,14,1,10,1,2,5,11,1,4,6,1,4,1,0,6,4,2,4,33,19
"12384",8,15,12,10,1,2,5,16,5,14,12,10,1,2,5,11,5,1,0,0,2,5,5,1,5,1,3,34,24
"12385",9,15,17,10,1,2,5,16,7,15,12,10,1,2,5,16,5,2,5,0,2,0,0,5,2,2,4,39,26
"12386",10,15,17,16,6,2,5,16,9,15,17,10,1,2,5,16,7,4,6,2,4,2,0,6,2,3,4,50,28
"12387",11,19,17,16,6,2,9,16,9,15,17,16,6,2,5,16,9,4,0,0,3,4,4,4,4,1,2,54,32
"12388",12,19,17,19,6,2,9,16,9,19,17,16,6,2,9,16,9,3,4,0,4,0,0,3,0,3,0,57,32
"12389",0,0,0,0,0,0,0,0,0,0,0,0,0,0,0,0,0,0,0,0,0,0,0,0,0,0,0,0,0
"12390",1,1,1,1,5,4,1,1,1,1,1,1,1,1,1,1,1,3,2,4,3,2,0,4,3,4,1,4,3
"12391",2,1,1,3,5,6,1,7,1,1,1,1,5,4,1,1,1,2,0,0,1,3,6,2,6,3,3,6,11
"12392",3,1,1,6,5,6,2,7,1,1,1,3,5,6,1,7,1,1,3,0,1,0,0,3,1,3,2,9,12
"12393",4,7,1,6,8,11,2,7,1,1,1,6,5,6,2,7,1,6,5,5,5,5,0,6,5,1,1,18,17
"12394",5,7,6,6,8,11,2,11,1,7,1,6,8,11,2,7,1,5,0,0,4,2,2,5,4,2,3,23,21
"12395",6,7,6,6,10,11,2,11,3,7,6,6,8,11,2,11,1,2,2,0,2,0,0,2,2,4,4,25,23
"12396",7,7,10,6,10,14,2,11,3,7,6,6,10,11,2,11,3,3,4,2,3,2,0,4,3,2,1,29,26
"12397",8,7,12,6,10,14,2,11,7,7,10,6,10,14,2,11,3,2,0,0,3,2,4,2,4,2,4,31,30
"12398",9,7,15,6,10,16,2,11,7,7,12,6,10,14,2,11,7,3,2,0,2,0,0,3,2,2,1,34,32
"12399",10,7,15,12,13,21,2,11,7,7,15,6,10,16,2,11,7,4,6,5,4,5,0,6,5,3,1,43,37
"12400",11,7,15,16,13,21,2,11,10,7,15,12,13,21,2,11,7,4,0,0,3,5,5,4,3,3,4,47,40
"12401",12,9,20,16,13,21,1,11,10,7,15,16,13,21,2,11,10,5,5,0,5,0,0,5,0,2,0,54,39
"12402",0,0,0,0,0,0,0,0,0,0,0,0,0,0,0,0,0,0,0,0,0,0,0,0,0,0,0,0,0
"12403",1,2,7,1,1,6,1,1,1,1,1,1,1,1,1,1,1,5,6,5,5,5,0,6,5,2,1,7,5
"12404",2,2,7,6,1,6,4,1,1,2,7,1,1,6,1,1,1,5,0,0,1,4,3,5,3,3,2,12,8
"12405",3,2,11,6,1,6,4,1,2,2,7,6,1,6,4,1,1,1,4,0,1,0,0,4,1,2,4,16,9
"12406",4,2,11,6,5,9,4,1,2,2,11,6,1,6,4,1,2,3,3,4,3,3,0,4,3,4,1,20,12
"12407",5,5,11,6,5,9,9,1,2,2,11,6,5,9,4,1,2,3,0,0,2,4,5,3,5,1,2,23,17
"12408",6,5,11,10,5,9,9,1,4,5,11,6,5,9,9,1,2,2,4,0,2,0,0,4,2,3,4,27,19
"12409",7,5,11,14,5,9,13,1,4,5,11,10,5,9,9,1,4,4,3,4,3,4,0,4,4,3,2,31,23
"12410",8,5,11,17,5,9,13,6,4,5,11,14,5,9,13,1,4,3,0,0,6,5,2,3,5,3,3,34,28
"12411",9,14,17,17,5,9,15,6,4,5,11,17,5,9,13,6,4,6,2,0,2,0,0,6,2,1,2,49,30
"12412",10,16,17,17,11,11,15,6,4,14,17,17,5,9,15,6,4,6,5,2,5,2,0,6,2,4,1,57,32
"12413",11,21,17,17,11,11,15,6,6,16,17,17,11,11,15,6,4,5,0,0,2,2,5,5,2,1,4,62,34
"12414",12,21,17,17,13,11,15,6,6,21,17,17,11,11,15,6,6,2,5,0,5,0,0,2,0,4,0,64,34
"12415",0,0,0,0,0,0,0,0,0,0,0,0,0,0,0,0,0,0,0,0,0,0,0,0,0,0,0,0,0
"12416",1,1,1,1,5,5,1,1,1,1,1,1,1,1,1,1,1,4,2,4,2,4,0,4,4,4,1,4,4
"12417",2,1,1,1,7,7,1,1,1,1,1,1,5,5,1,1,1,2,0,0,2,3,4,2,2,4,1,6,6
"12418",3,1,1,1,11,10,1,1,1,1,1,1,7,7,1,1,1,3,4,0,3,0,0,4,3,4,1,10,9
"12419",4,6,1,1,11,10,1,3,1,1,1,1,11,10,1,1,1,4,5,2,4,2,0,5,2,1,3,15,11
"12420",5,10,1,1,11,14,1,3,1,6,1,1,11,10,1,3,1,4,0,0,4,1,4,4,4,1,1,19,15
"12421",6,14,1,1,11,14,1,4,1,10,1,1,11,14,1,3,1,1,4,0,1,0,0,4,1,1,3,23,16
"12422",7,14,8,1,11,19,1,4,1,14,1,1,11,14,1,4,1,6,5,4,5,4,0,6,5,2,1,30,21
"12423",8,14,12,1,11,19,1,5,1,14,8,1,11,19,1,4,1,4,0,0,1,1,5,4,1,2,3,34,22
"12424",9,14,12,6,11,19,1,6,1,14,12,1,11,19,1,5,1,1,5,0,1,0,0,5,1,3,3,39,23
"12425",10,17,12,12,17,23,1,6,1,14,12,6,11,19,1,6,1,4,4,6,4,4,0,6,4,4,1,54,27
"12426",11,21,12,12,17,27,1,6,1,17,12,12,17,23,1,6,1,4,0,0,4,4,5,4,4,1,1,58,31
"12427",12,21,12,12,22,27,1,6,1,21,12,12,17,27,1,6,1,4,5,0,4,0,0,5,0,4,0,63,31
"12428",0,0,0,0,0,0,0,0,0,0,0,0,0,0,0,0,0,0,0,0,0,0,0,0,0,0,0,0,0
"12429",1,1,1,6,1,1,3,1,1,1,1,1,1,1,1,1,1,5,2,2,2,2,0,5,2,3,2,5,2
"12430",2,1,1,8,1,7,3,3,1,1,1,6,1,1,3,1,1,2,0,0,1,6,3,2,6,3,1,7,10
"12431",3,1,4,8,1,7,4,3,1,1,1,8,1,7,3,3,1,1,3,0,1,0,0,3,1,2,2,10,11
"12432",4,1,8,8,1,7,4,3,3,1,4,8,1,7,4,3,1,1,4,2,1,2,0,4,2,2,4,14,13
"12433",5,2,8,8,1,12,4,3,3,1,8,8,1,7,4,3,3,1,0,0,5,4,1,1,5,1,1,15,18
"12434",6,2,8,8,5,12,5,3,3,2,8,8,1,12,4,3,3,4,1,0,1,0,0,4,1,4,2,19,19
"12435",7,8,13,8,5,17,5,3,3,2,8,8,5,12,5,3,3,5,6,2,5,2,0,6,5,1,1,30,24
"12436",8,8,13,8,7,17,5,7,3,8,13,8,5,17,5,3,3,2,0,0,6,4,1,2,4,4,3,32,28
"12437",9,14,13,13,7,18,5,7,3,8,13,8,7,17,5,7,3,6,1,0,1,0,0,6,1,1,1,43,29
"12438",10,14,13,13,12,18,10,7,3,14,13,13,7,18,5,7,3,5,5,3,5,3,0,5,5,4,2,48,34
"12439",11,14,13,13,15,20,10,7,3,14,13,13,12,18,10,7,3,3,0,0,2,3,6,3,2,4,1,51,36
"12440",12,24,13,13,15,20,10,7,3,14,13,13,15,20,10,7,3,3,6,0,3,0,0,6,0,1,0,61,36
"12441",0,0,0,0,0,0,0,0,0,0,0,0,0,0,0,0,0,0,0,0,0,0,0,0,0,0,0,0,0
"12442",1,4,1,1,1,1,1,3,1,1,1,1,1,1,1,1,1,3,2,1,2,1,0,3,2,1,3,3,2
"12443",2,4,1,2,1,1,3,3,1,4,1,1,1,1,1,3,1,1,0,0,2,5,6,1,2,3,2,4,4
"12444",3,4,5,8,1,1,3,3,6,4,1,2,1,1,3,3,1,5,6,0,5,0,0,6,5,3,4,14,9
"12445",4,4,10,8,1,1,8,3,6,4,5,8,1,1,3,3,6,5,5,4,5,4,0,5,5,2,2,19,14
"12446",5,8,10,8,1,1,9,3,6,4,10,8,1,1,8,3,6,4,0,0,2,1,1,4,1,1,2,23,15
"12447",6,8,12,8,1,1,9,4,6,8,10,8,1,1,9,3,6,2,1,0,1,0,0,2,1,2,3,25,16
"12448",7,14,12,8,9,1,12,4,6,8,12,8,1,1,9,4,6,3,5,6,3,5,0,6,3,1,2,39,19
"12449",8,14,12,8,14,1,18,4,11,14,12,8,9,1,12,4,6,5,0,0,6,2,6,5,6,4,2,44,30
"12450",9,14,18,14,16,3,18,4,11,14,12,8,14,1,18,4,11,2,6,0,2,0,0,6,2,3,1,58,32
"12451",10,20,18,18,16,3,29,4,11,14,18,14,16,3,18,4,11,6,4,6,4,6,0,6,6,1,2,68,43
"12452",11,20,18,18,20,3,29,7,11,20,18,18,16,3,29,4,11,4,0,0,4,3,5,4,3,4,3,72,46
"12453",12,20,21,18,28,1,29,1,11,20,18,18,20,3,29,7,11,4,5,0,4,0,0,5,0,4,0,83,38
"12454",0,0,0,0,0,0,0,0,0,0,0,0,0,0,0,0,0,0,0,0,0,0,0,0,0,0,0,0,0
"12455",1,6,1,1,1,1,1,1,5,1,1,1,1,1,1,1,1,5,4,5,4,5,0,5,4,1,4,5,4
"12456",2,11,1,1,1,5,1,1,5,6,1,1,1,1,1,1,5,5,0,0,5,4,5,5,4,1,1,10,8
"12457",3,16,1,1,1,5,1,6,5,11,1,1,1,5,1,1,5,5,5,0,5,0,0,5,5,1,3,15,13
"12458",4,16,4,1,7,5,1,10,5,16,1,1,1,5,1,6,5,1,4,6,1,4,0,6,4,4,3,24,17
"12459",5,16,4,1,8,5,1,10,8,16,4,1,7,5,1,10,5,1,0,0,1,3,5,1,3,4,4,25,20
"12460",6,16,9,1,8,5,1,11,8,16,4,1,8,5,1,10,8,1,5,0,1,0,0,5,1,2,3,30,21
"12461",7,16,13,1,8,5,2,11,8,16,9,1,8,5,1,11,8,4,1,2,1,2,0,4,1,2,2,34,22
"12462",8,16,13,1,10,5,2,11,11,16,13,1,8,5,2,11,8,2,0,0,3,6,3,2,3,4,4,36,25
"12463",9,18,13,7,10,5,2,11,14,16,13,1,10,5,2,11,11,6,3,0,3,0,0,6,3,3,4,44,28
"12464",10,18,13,7,15,5,2,16,14,18,13,7,10,5,2,11,14,5,4,5,4,5,0,5,5,4,3,49,33
"12465",11,18,13,11,15,5,2,16,17,18,13,7,15,5,2,16,14,4,0,0,5,3,6,4,3,3,4,53,36
"12466",12,18,13,18,15,5,2,16,17,18,13,11,15,5,2,16,17,5,6,0,5,0,0,6,0,3,0,60,36
"12467",0,0,0,0,0,0,0,0,0,0,0,0,0,0,0,0,0,0,0,0,0,0,0,0,0,0,0,0,0
"12468",1,1,1,1,4,1,1,1,3,1,1,1,1,1,1,1,1,2,1,3,2,1,0,3,2,4,4,3,2
"12469",2,2,1,1,4,6,1,1,3,1,1,1,4,1,1,1,3,1,0,0,5,1,4,1,5,1,1,4,7
"12470",3,2,1,1,8,7,1,1,3,2,1,1,4,6,1,1,3,1,4,0,1,0,0,4,1,4,1,8,8
"12471",4,8,1,1,10,7,5,1,3,2,1,1,8,7,1,1,3,4,6,1,4,1,0,6,4,1,2,16,12
"12472",5,8,2,1,10,12,17,1,3,8,1,1,10,7,5,1,3,1,0,0,4,6,3,1,6,2,2,17,29
"12473",6,8,5,1,10,16,17,1,3,8,2,1,10,12,17,1,3,4,3,0,4,0,0,3,4,2,1,20,33
"12474",7,8,11,1,15,19,17,1,3,8,5,1,10,16,17,1,3,3,1,6,3,1,0,6,3,2,1,31,36
"12475",8,8,12,1,15,19,17,5,3,8,11,1,15,19,17,1,3,1,0,0,4,4,1,1,4,2,3,32,40
"12476",9,8,16,1,15,19,18,5,3,8,12,1,15,19,17,5,3,4,1,0,1,0,0,4,1,2,2,36,41
"12477",10,8,20,1,15,19,20,5,3,8,16,1,15,19,18,5,3,3,4,2,3,2,0,4,2,2,2,40,43
"12478",11,12,1,1,15,19,23,1,5,8,20,1,15,19,20,5,3,3,0,0,1,4,2,3,2,2,4,25,44
"12479",12,12,2,1,15,19,23,1,5,12,1,1,15,19,23,1,5,1,4,0,4,0,0,1,0,2,0,26,44
"12480",0,0,0,0,0,0,0,0,0,0,0,0,0,0,0,0,0,0,0,0,0,0,0,0,0,0,0,0,0
"12481",1,1,6,1,1,1,1,1,6,1,1,1,1,1,1,1,1,5,5,1,5,1,0,5,5,2,4,5,5
"12482",2,1,6,2,1,1,1,1,10,1,6,1,1,1,1,1,6,1,0,0,4,1,3,1,4,3,4,6,9
"12483",3,1,6,2,4,1,2,1,10,1,6,2,1,1,1,1,10,1,3,0,1,0,0,3,1,4,2,9,10
"12484",4,1,10,2,4,1,2,5,10,1,6,2,4,1,2,1,10,1,4,4,1,4,0,4,4,2,3,13,14
"12485",5,1,10,3,4,1,2,7,10,1,10,2,4,1,2,5,10,1,0,0,2,1,2,1,2,3,3,14,16
"12486",6,1,10,5,4,1,3,7,10,1,10,3,4,1,2,7,10,1,2,0,1,0,0,2,1,3,2,16,17
"12487",7,1,10,5,9,5,3,7,10,1,10,5,4,1,3,7,10,1,5,4,1,4,0,5,4,4,1,21,21
"12488",8,2,10,5,9,5,5,7,10,1,10,5,9,5,3,7,10,1,0,0,6,2,6,1,2,1,2,22,23
"12489",9,8,10,9,9,5,5,8,16,2,10,5,9,5,5,7,10,6,6,0,6,0,0,6,6,1,4,32,30
"12490",10,14,10,15,11,5,10,8,16,8,10,9,9,5,5,8,16,5,6,5,5,5,0,6,5,1,2,46,35
"12491",11,14,10,15,16,10,10,8,16,14,10,15,11,5,10,8,16,5,0,0,5,2,1,5,5,4,1,51,40
"12492",12,14,12,15,16,10,10,8,16,14,10,15,16,10,10,8,16,2,1,0,1,0,0,2,0,2,0,53,40
"12493",0,0,0,0,0,0,0,0,0,0,0,0,0,0,0,0,0,0,0,0,0,0,0,0,0,0,0,0,0
"12494",1,6,1,1,1,1,1,6,1,1,1,1,1,1,1,1,1,2,5,5,2,5,0,5,5,1,3,5,5
"12495",2,6,1,3,1,8,1,6,1,6,1,1,1,1,1,6,1,2,0,0,6,2,6,2,6,3,1,7,12
"12496",3,12,6,3,1,8,1,8,1,6,1,3,1,8,1,6,1,2,6,0,2,0,0,6,2,1,3,18,14
"12497",4,12,6,9,7,8,3,8,1,12,6,3,1,8,1,8,1,6,2,4,2,4,0,6,2,4,2,30,16
"12498",5,12,6,13,7,8,6,8,1,12,6,9,7,8,3,8,1,4,0,0,3,6,2,4,3,3,2,34,19
"12499",6,18,6,15,7,8,6,8,3,12,6,13,7,8,6,8,1,6,2,0,2,0,0,6,2,1,4,42,21
"12500",7,18,11,15,7,20,6,8,7,18,6,15,7,8,6,8,3,6,5,3,6,3,0,5,6,2,1,47,37
"12501",8,18,11,15,10,20,11,8,7,18,11,15,7,20,6,8,7,3,0,0,1,5,2,3,5,4,2,50,42
"12502",9,18,11,15,12,20,12,8,7,18,11,15,10,20,11,8,7,1,2,0,1,0,0,2,1,4,2,52,43
"12503",10,18,11,15,20,26,14,8,7,18,11,15,12,20,12,8,7,6,6,5,6,5,0,6,6,4,1,60,51
"12504",11,18,16,15,20,28,14,8,7,18,11,15,20,26,14,8,7,5,0,0,2,2,4,5,2,2,1,65,53
"12505",12,18,16,17,20,28,14,8,7,18,16,15,20,28,14,8,7,2,4,0,4,0,0,2,0,3,0,67,53
"12506",0,0,0,0,0,0,0,0,0,0,0,0,0,0,0,0,0,0,0,0,0,0,0,0,0,0,0,0,0
"12507",1,3,7,1,1,1,1,6,1,1,1,1,1,1,1,1,1,5,6,3,5,3,0,6,5,2,3,8,5
"12508",2,3,7,4,1,1,2,12,1,3,7,1,1,1,1,6,1,3,0,0,4,6,3,3,6,3,3,11,12
"12509",3,3,11,4,1,1,2,12,4,3,7,4,1,1,2,12,1,4,3,0,3,0,0,4,3,2,4,15,15
"12510",4,3,14,10,1,1,2,12,6,3,11,4,1,1,2,12,4,6,2,1,2,1,0,6,2,3,4,24,17
"12511",5,4,14,10,1,5,2,12,12,3,14,10,1,1,2,12,6,1,0,0,2,5,6,1,6,1,4,25,27
"12512",6,4,14,15,1,7,2,12,12,4,14,10,1,5,2,12,12,2,5,0,2,0,0,5,2,3,1,30,29
"12513",7,10,14,17,1,12,2,12,12,4,14,15,1,7,2,12,12,5,6,1,5,1,0,6,5,1,1,38,34
"12514",8,10,15,17,1,12,5,12,12,10,14,17,1,12,2,12,12,1,0,0,2,3,3,1,3,2,2,39,37
"12515",9,12,15,17,1,12,5,12,15,10,15,17,1,12,5,12,12,2,3,0,3,0,0,2,3,1,4,41,40
"12516",10,16,15,17,1,12,5,14,15,12,15,17,1,12,5,12,15,1,4,2,1,2,0,4,2,1,3,45,42
"12517",11,17,15,17,1,19,5,14,15,16,15,17,1,12,5,14,15,1,0,0,2,1,6,1,6,1,1,46,49
"12518",12,17,15,17,2,19,5,14,15,17,15,17,1,19,5,14,15,2,1,0,2,0,0,1,0,4,0,47,49
"12519",0,0,0,0,0,0,0,0,0,0,0,0,0,0,0,0,0,0,0,0,0,0,0,0,0,0,0,0,0
"12520",1,5,1,1,1,2,1,1,1,1,1,1,1,1,1,1,1,1,2,4,1,2,0,4,1,1,1,4,1
"12521",2,5,1,1,3,7,1,7,1,5,1,1,1,2,1,1,1,2,0,0,5,6,5,2,6,4,3,6,12
"12522",3,10,1,1,3,12,1,7,1,5,1,1,3,7,1,7,1,5,5,0,5,0,0,5,5,1,1,11,17
"12523",4,10,1,1,6,17,1,7,1,10,1,1,3,12,1,7,1,5,3,5,5,5,0,3,5,4,1,14,22
"12524",5,10,1,1,11,17,6,7,1,10,1,1,6,17,1,7,1,5,0,0,5,6,6,5,5,4,2,19,27
"12525",6,16,6,1,11,17,12,10,1,10,1,1,11,17,6,7,1,6,6,0,6,0,0,6,6,1,2,30,36
"12526",7,16,8,1,11,17,12,11,1,16,6,1,11,17,12,10,1,1,1,2,1,1,0,2,1,2,3,32,37
"12527",8,17,8,1,11,23,12,12,1,16,8,1,11,17,12,11,1,1,0,0,1,6,6,1,6,1,1,33,44
"12528",9,17,14,7,14,23,12,12,2,17,8,1,11,23,12,12,1,1,6,0,1,0,0,6,1,2,4,48,45
"12529",10,17,14,12,14,24,12,12,2,17,14,7,14,23,12,12,2,1,5,1,1,1,0,5,1,3,1,53,46
"12530",11,18,14,12,14,29,12,12,2,17,14,12,14,24,12,12,2,1,0,0,4,5,3,1,5,1,1,54,51
"12531",12,21,14,12,14,29,12,12,2,18,14,12,14,29,12,12,2,4,3,0,4,0,0,3,0,1,0,57,51
"12532",0,0,0,0,0,0,0,0,0,0,0,0,0,0,0,0,0,0,0,0,0,0,0,0,0,0,0,0,0
"12533",1,1,6,1,1,6,1,1,1,1,1,1,1,1,1,1,1,5,3,5,3,5,0,5,5,2,1,5,5
"12534",2,4,6,1,1,6,1,4,1,1,6,1,1,6,1,1,1,3,0,0,3,3,3,3,3,1,3,8,8
"12535",3,7,6,1,1,6,4,4,1,4,6,1,1,6,1,4,1,3,3,0,3,0,0,3,3,1,2,11,11
"12536",4,7,10,1,1,10,4,4,1,7,6,1,1,6,4,4,1,4,1,4,1,4,0,4,4,2,1,15,15
"12537",5,7,11,1,1,10,4,4,5,7,10,1,1,10,4,4,1,1,0,0,4,2,3,1,4,2,4,16,19
"12538",6,10,11,1,1,12,4,4,5,7,11,1,1,10,4,4,5,2,3,0,2,0,0,3,2,1,1,19,21
"12539",7,13,11,1,7,12,4,7,5,10,11,1,1,12,4,4,5,6,2,3,2,3,0,6,3,4,3,28,24
"12540",8,13,11,1,9,12,10,7,6,13,11,1,7,12,4,7,5,2,0,0,6,2,5,2,6,4,2,30,31
"12541",9,18,11,1,9,12,10,7,8,13,11,1,9,12,10,7,6,2,5,0,2,0,0,5,2,1,4,35,33
"12542",10,22,11,1,9,12,10,7,16,18,11,1,9,12,10,7,8,6,6,4,6,6,0,4,6,1,4,39,41
"12543",11,22,11,12,9,16,10,7,16,22,11,1,9,12,10,7,16,6,0,0,4,2,6,6,4,3,1,50,45
"12544",12,22,16,18,9,16,10,7,16,22,11,12,9,16,10,7,16,2,6,0,2,0,0,6,0,3,0,61,45
"12545",0,0,0,0,0,0,0,0,0,0,0,0,0,0,0,0,0,0,0,0,0,0,0,0,0,0,0,0,0
"12546",1,1,7,4,1,1,1,1,10,1,1,1,1,1,1,1,1,6,2,6,2,6,0,6,6,2,4,9,9
"12547",2,3,7,4,1,1,1,1,14,1,7,4,1,1,1,1,10,2,0,0,2,4,1,2,4,1,4,11,13
"12548",3,3,7,6,1,2,1,1,14,3,7,4,1,1,1,1,14,2,1,0,1,0,0,2,1,3,1,13,14
"12549",4,8,7,6,1,2,1,6,14,3,7,6,1,2,1,1,14,5,2,5,2,5,0,5,5,1,3,18,19
"12550",5,8,9,6,1,2,1,11,14,8,7,6,1,2,1,6,14,2,0,0,2,6,5,2,5,2,3,20,24
"12551",6,13,9,12,1,2,1,13,14,8,9,6,1,2,1,11,14,2,6,0,2,0,0,6,2,3,3,31,26
"12552",7,17,9,12,1,4,1,13,14,13,9,12,1,2,1,13,14,2,4,2,2,2,0,4,2,1,1,35,28
"12553",8,17,9,14,1,4,4,13,14,17,9,12,1,4,1,13,14,2,0,0,3,3,4,2,3,3,2,37,31
"12554",9,21,9,14,1,4,4,13,17,17,9,14,1,4,4,13,14,3,4,0,3,0,0,4,3,1,4,41,34
"12555",10,21,9,16,7,4,4,13,19,21,9,14,1,4,4,13,17,6,2,2,2,2,0,6,2,4,4,49,36
"12556",11,21,9,16,9,4,4,13,23,21,9,16,7,4,4,13,19,2,0,0,5,4,4,2,4,4,4,51,40
"12557",12,21,14,16,9,4,4,13,23,21,9,16,9,4,4,13,23,5,4,0,4,0,0,5,0,2,0,56,40
"12558",0,0,0,0,0,0,0,0,0,0,0,0,0,0,0,0,0,0,0,0,0,0,0,0,0,0,0,0,0
"12559",1,1,1,5,1,1,1,1,5,1,1,1,1,1,1,1,1,1,4,4,1,4,0,4,4,3,4,4,4
"12560",2,1,1,6,1,6,1,1,5,1,1,5,1,1,1,1,5,1,0,0,4,3,5,1,5,3,1,5,9
"12561",3,5,1,6,1,6,4,1,5,1,1,6,1,6,1,1,5,4,3,0,3,0,0,4,3,1,2,9,12
"12562",4,5,5,6,1,6,5,1,5,5,1,6,1,6,4,1,5,4,1,1,1,1,0,4,1,2,2,13,13
"12563",5,5,5,7,1,6,5,8,5,5,5,6,1,6,5,1,5,1,0,0,1,6,6,1,6,3,3,14,20
"12564",6,6,5,7,7,6,5,9,5,5,5,7,1,6,5,8,5,1,6,0,1,0,0,6,1,4,3,21,21
"12565",7,6,5,7,9,6,5,11,5,6,5,7,7,6,5,9,5,1,2,2,1,2,0,2,2,4,3,23,23
"12566",8,6,5,8,9,6,6,11,5,6,5,7,9,6,5,11,5,1,0,0,1,2,2,1,1,3,2,24,24
"12567",9,6,7,8,9,6,6,13,5,6,5,8,9,6,6,11,5,2,2,0,2,0,0,2,2,2,3,26,26
"12568",10,6,7,8,14,6,6,17,5,6,7,8,9,6,6,13,5,4,5,1,4,1,0,5,4,4,3,31,30
"12569",11,6,7,9,14,6,6,20,5,6,7,8,14,6,6,17,5,1,0,0,3,1,2,1,3,3,3,32,33
"12570",12,6,7,11,14,6,6,20,5,6,7,9,14,6,6,20,5,1,2,0,1,0,0,2,0,3,0,34,33
"12571",0,0,0,0,0,0,0,0,0,0,0,0,0,0,0,0,0,0,0,0,0,0,0,0,0,0,0,0,0
"12572",1,11,1,1,1,1,3,1,1,1,1,1,1,1,1,1,1,6,2,6,2,6,0,6,2,1,2,10,2
"12573",2,11,3,7,7,1,3,1,6,11,1,1,1,1,3,1,1,6,0,0,5,1,6,6,5,3,4,24,7
"12574",3,11,9,12,7,2,3,1,6,11,3,7,7,1,3,1,6,1,6,0,1,0,0,6,1,2,1,35,8
"12575",4,11,9,13,7,5,3,1,6,11,9,12,7,2,3,1,6,1,3,4,3,4,0,1,3,3,1,36,11
"12576",5,11,13,13,7,5,5,1,6,11,9,13,7,5,3,1,6,4,0,0,2,2,1,4,2,2,2,40,13
"12577",6,11,13,15,7,5,5,2,6,11,13,13,7,5,5,1,6,2,1,0,1,0,0,2,1,3,3,42,14
"12578",7,11,13,15,10,6,5,2,6,11,13,15,7,5,5,2,6,1,3,3,1,3,0,3,1,4,1,45,15
"12579",8,11,13,15,13,9,5,2,6,11,13,15,10,6,5,2,6,3,0,0,3,3,4,3,3,4,1,48,18
"12580",9,14,13,15,13,13,5,2,6,11,13,15,13,9,5,2,6,3,4,0,4,0,0,3,4,1,1,51,22
"12581",10,14,18,15,19,16,5,2,6,14,13,15,13,13,5,2,6,3,6,6,3,6,0,6,3,4,1,62,25
"12582",11,20,18,20,19,26,5,1,6,14,18,15,19,16,5,2,6,6,0,0,6,3,4,6,6,1,1,73,34
"12583",12,20,18,27,19,26,5,1,1,20,18,20,19,26,5,1,6,3,4,0,3,0,0,4,0,3,0,80,29
"12584",0,0,0,0,0,0,0,0,0,0,0,0,0,0,0,0,0,0,0,0,0,0,0,0,0,0,0,0,0
"12585",1,1,1,11,1,8,1,1,1,1,1,1,1,1,1,1,1,6,6,2,6,2,0,6,6,3,1,10,7
"12586",2,1,1,11,3,8,4,1,1,1,1,11,1,8,1,1,1,2,0,0,5,4,3,2,3,4,2,12,10
"12587",3,1,1,16,3,8,4,5,1,1,1,11,3,8,4,1,1,5,4,0,4,0,0,5,4,3,3,17,14
"12588",4,1,7,16,6,8,5,5,1,1,1,16,3,8,4,5,1,1,6,2,1,2,0,6,1,2,2,26,15
"12589",5,1,7,16,8,11,5,5,1,1,7,16,6,8,5,5,1,2,0,0,3,3,2,2,3,4,1,28,18
"12590",6,1,7,16,11,11,7,5,1,1,7,16,8,11,5,5,1,3,2,0,2,0,0,3,2,4,2,31,20
"12591",7,11,7,16,11,11,9,5,1,1,7,16,11,11,7,5,1,2,6,2,2,2,0,6,2,1,2,41,22
"12592",8,11,7,18,11,11,11,5,1,11,7,16,11,11,9,5,1,2,0,0,2,5,2,2,2,3,2,43,24
"12593",9,16,7,18,11,11,13,5,1,11,7,18,11,11,11,5,1,5,2,0,2,0,0,5,2,1,2,48,26
"12594",10,18,13,18,11,11,16,5,1,16,7,18,11,11,13,5,1,6,3,6,3,6,0,6,3,2,2,56,29
"12595",11,18,19,20,11,14,16,5,1,18,13,18,11,11,16,5,1,6,0,0,3,3,3,6,3,2,1,64,32
"12596",12,24,22,23,11,14,16,1,1,18,19,20,11,14,16,5,1,3,3,0,3,0,0,3,0,3,0,76,28
"12597",0,0,0,0,0,0,0,0,0,0,0,0,0,0,0,0,0,0,0,0,0,0,0,0,0,0,0,0,0
"12598",1,7,1,6,1,1,10,1,1,1,1,1,1,1,1,1,1,6,2,6,2,6,0,6,6,1,2,11,9
"12599",2,9,1,6,1,1,15,1,1,7,1,6,1,1,10,1,1,2,0,0,1,5,1,2,5,1,2,13,14
"12600",3,10,1,6,1,1,15,1,2,9,1,6,1,1,15,1,1,1,1,0,1,0,0,1,1,1,4,14,15
"12601",4,10,9,6,1,1,19,1,2,10,1,6,1,1,15,1,2,6,4,5,4,5,0,6,4,2,2,22,19
"12602",5,15,9,6,1,10,19,1,2,10,9,6,1,1,19,1,2,5,0,0,4,6,6,5,6,1,1,27,28
"12603",6,15,17,6,1,14,19,1,2,15,9,6,1,10,19,1,2,4,6,0,4,0,0,6,4,2,1,35,32
"12604",7,15,17,7,1,14,21,1,2,15,17,6,1,14,19,1,2,2,4,1,2,4,0,1,2,3,2,36,34
"12605",8,15,17,1,1,19,29,1,2,15,17,7,1,14,21,1,2,4,0,0,2,6,4,4,6,3,2,30,47
"12606",9,15,17,1,5,19,29,3,2,15,17,1,1,19,29,1,2,2,4,0,2,0,0,4,2,4,3,34,49
"12607",10,15,17,1,9,19,29,4,2,15,17,1,5,19,29,3,2,1,4,3,1,3,0,4,1,4,3,38,50
"12608",11,18,17,1,9,23,29,4,2,15,17,1,9,19,29,4,2,3,0,0,4,5,6,3,4,1,1,41,54
"12609",12,18,27,1,9,23,29,1,2,18,17,1,9,23,29,4,2,5,6,0,6,0,0,5,0,2,0,51,51
"12610",0,0,0,0,0,0,0,0,0,0,0,0,0,0,0,0,0,0,0,0,0,0,0,0,0,0,0,0,0
"12611",1,6,1,7,1,2,1,1,1,1,1,1,1,1,1,1,1,1,6,2,1,2,0,6,1,3,1,11,1
"12612",2,6,3,7,1,2,1,3,1,6,1,7,1,2,1,1,1,2,0,0,5,2,5,2,2,2,3,13,3
"12613",3,6,3,12,1,2,6,3,1,6,3,7,1,2,1,3,1,5,5,0,5,0,0,5,5,3,2,18,8
"12614",4,6,3,12,6,2,10,3,1,6,3,12,1,2,6,3,1,5,4,3,4,3,0,5,4,4,2,23,12
"12615",5,9,3,12,6,7,10,3,1,6,3,12,6,2,10,3,1,3,0,0,5,4,6,3,5,1,1,26,17
"12616",6,9,8,12,12,7,14,3,1,9,3,12,6,7,10,3,1,4,6,0,4,0,0,6,4,4,2,37,21
"12617",7,9,8,15,12,7,18,3,1,9,8,12,12,7,14,3,1,3,3,4,3,4,0,3,4,3,2,40,25
"12618",8,12,8,15,12,7,20,3,1,9,8,15,12,7,18,3,1,3,0,0,2,2,6,3,2,1,2,43,27
"12619",9,12,14,17,12,9,20,3,1,12,8,15,12,7,20,3,1,2,6,0,2,0,0,6,2,2,1,51,29
"12620",10,12,19,17,12,9,21,3,1,12,14,17,12,9,20,3,1,5,1,2,1,2,0,5,1,2,2,56,30
"12621",11,14,19,17,12,9,26,3,1,12,19,17,12,9,21,3,1,2,0,0,5,5,6,2,5,1,2,58,35
"12622",12,14,19,22,12,9,26,3,1,14,19,17,12,9,26,3,1,5,6,0,6,0,0,5,0,3,0,63,35
"12623",0,0,0,0,0,0,0,0,0,0,0,0,0,0,0,0,0,0,0,0,0,0,0,0,0,0,0,0,0
"12624",1,1,6,1,1,1,1,4,1,1,1,1,1,1,1,1,1,3,2,5,3,2,0,5,3,2,3,5,3
"12625",2,1,6,3,1,1,7,6,1,1,6,1,1,1,1,4,1,2,0,0,6,6,3,2,6,3,2,7,11
"12626",3,7,6,4,1,4,7,6,1,1,6,3,1,1,7,6,1,6,3,0,3,0,0,6,3,1,1,14,14
"12627",4,7,6,8,1,9,7,6,1,7,6,4,1,4,7,6,1,5,4,4,5,4,0,4,5,3,1,18,19
"12628",5,11,6,8,1,9,12,6,1,7,6,8,1,9,7,6,1,4,0,0,5,2,5,4,5,1,2,22,24
"12629",6,16,6,8,1,11,12,6,1,11,6,8,1,9,12,6,1,2,5,0,2,0,0,5,2,1,1,27,26
"12630",7,16,6,9,1,11,13,6,1,16,6,8,1,11,12,6,1,1,1,1,1,1,0,1,1,3,2,28,27
"12631",8,16,7,9,1,11,13,9,1,16,6,9,1,11,13,6,1,1,0,0,3,2,3,1,3,2,3,29,30
"12632",9,19,7,9,1,11,13,11,1,16,7,9,1,11,13,9,1,2,3,0,2,0,0,3,2,1,3,32,32
"12633",10,19,7,9,6,11,15,11,1,19,7,9,1,11,13,11,1,5,2,1,2,1,0,5,2,4,2,37,34
"12634",11,20,7,9,6,17,18,11,1,19,7,9,6,11,15,11,1,1,0,0,6,4,2,1,6,1,1,38,43
"12635",12,20,7,9,8,17,18,11,1,20,7,9,6,17,18,11,1,4,2,0,4,0,0,2,0,4,0,40,43
"12636",0,0,0,0,0,0,0,0,0,0,0,0,0,0,0,0,0,0,0,0,0,0,0,0,0,0,0,0,0
"12637",1,4,1,1,1,3,1,1,1,1,1,1,1,1,1,1,1,3,2,2,2,2,0,3,2,1,1,3,2
"12638",2,6,1,1,1,9,5,1,1,4,1,1,1,3,1,1,1,2,0,0,3,4,6,2,6,1,1,5,12
"12639",3,10,1,1,1,9,5,4,1,6,1,1,1,9,5,1,1,3,4,0,3,0,0,4,3,1,3,9,15
"12640",4,12,1,1,1,15,5,4,5,10,1,1,1,9,5,4,1,6,4,2,6,4,0,2,6,1,1,11,25
"12641",5,16,1,1,1,15,11,4,15,12,1,1,1,15,5,4,5,4,0,0,6,2,1,4,6,1,4,15,41
"12642",6,16,3,1,1,16,11,4,15,16,1,1,1,15,11,4,15,2,1,0,1,0,0,2,1,2,1,17,42
"12643",7,21,3,1,1,16,17,8,15,16,3,1,1,16,11,4,15,5,1,6,1,6,0,5,6,1,2,22,52
"12644",8,21,3,1,2,19,17,8,15,21,3,1,1,16,17,8,15,1,0,0,3,3,3,1,3,4,1,23,55
"12645",9,24,3,1,2,22,17,8,15,21,3,1,2,19,17,8,15,3,3,0,3,0,0,3,3,1,1,26,58
"12646",10,29,3,1,2,22,22,8,15,24,3,1,2,22,17,8,15,5,5,5,5,5,0,5,5,1,2,31,63
"12647",11,34,3,1,2,22,23,8,15,29,3,1,2,22,22,8,15,5,0,0,1,3,2,5,1,1,2,36,64
"12648",12,38,3,4,2,1,23,8,15,34,3,1,2,22,23,8,15,3,2,0,2,0,0,3,0,3,0,43,43
"12649",0,0,0,0,0,0,0,0,0,0,0,0,0,0,0,0,0,0,0,0,0,0,0,0,0,0,0,0,0
"12650",1,7,4,1,1,3,1,1,1,1,1,1,1,1,1,1,1,6,2,1,2,1,0,6,2,1,1,9,2
"12651",2,7,4,1,2,7,1,1,1,7,4,1,1,3,1,1,1,1,0,0,4,1,5,1,4,4,1,10,6
"12652",3,7,4,6,2,7,1,2,1,7,4,1,2,7,1,1,1,1,5,0,1,0,0,5,1,3,3,15,7
"12653",4,7,4,11,2,9,1,2,1,7,4,6,2,7,1,2,1,2,5,5,2,5,0,5,2,3,1,20,9
"12654",5,7,4,11,7,9,3,2,1,7,4,11,2,9,1,2,1,5,0,0,2,2,2,5,2,4,2,25,11
"12655",6,7,6,11,7,9,3,4,1,7,4,11,7,9,3,2,1,2,2,0,2,0,0,2,2,2,3,27,13
"12656",7,7,11,11,7,9,5,4,1,7,6,11,7,9,3,4,1,3,5,2,3,2,0,5,2,2,2,32,15
"12657",8,7,11,11,10,9,8,4,1,7,11,11,7,9,5,4,1,3,0,0,1,4,3,3,3,4,2,35,18
"12658",9,11,11,11,10,10,8,4,1,7,11,11,10,9,8,4,1,1,4,0,1,0,0,4,1,1,1,39,19
"12659",10,11,15,11,10,10,8,7,1,11,11,11,10,10,8,4,1,4,3,1,3,1,0,4,3,2,3,43,22
"12660",11,12,15,11,10,11,8,7,1,11,15,11,10,10,8,7,1,1,0,0,1,6,3,1,1,1,1,44,23
"12661",12,12,15,11,13,11,8,7,1,12,15,11,10,11,8,7,1,6,3,0,6,0,0,3,0,4,0,47,23
"12662",0,0,0,0,0,0,0,0,0,0,0,0,0,0,0,0,0,0,0,0,0,0,0,0,0,0,0,0,0
"12663",1,8,1,7,1,1,5,1,1,1,1,1,1,1,1,1,1,5,4,6,5,4,0,6,4,1,2,13,4
"12664",2,13,1,7,1,7,5,7,6,8,1,7,1,1,5,1,1,5,0,0,6,1,2,5,6,1,1,18,21
"12665",3,13,1,9,1,8,5,7,6,13,1,7,1,7,5,7,6,1,2,0,1,0,0,2,1,3,1,20,22
"12666",4,13,1,9,5,8,5,8,6,13,1,9,1,8,5,7,6,1,4,2,1,2,0,4,1,4,3,24,23
"12667",5,13,1,11,5,8,5,13,6,13,1,9,5,8,5,8,6,2,0,0,1,5,2,2,5,3,3,26,28
"12668",6,15,1,11,5,8,6,13,6,13,1,11,5,8,5,13,6,1,2,0,1,0,0,2,1,1,2,28,29
"12669",7,15,1,11,9,8,6,13,10,15,1,11,5,8,6,13,6,4,4,2,4,2,0,4,4,4,4,32,33
"12670",8,17,1,11,9,13,6,13,10,15,1,11,9,8,6,13,10,2,0,0,3,5,1,2,5,1,1,34,38
"12671",9,17,1,11,12,13,7,13,10,17,1,11,9,13,6,13,10,3,1,0,1,0,0,3,1,4,2,37,39
"12672",10,17,1,11,15,16,7,13,10,17,1,11,12,13,7,13,10,3,1,3,1,3,0,3,3,4,1,40,42
"12673",11,17,1,12,15,20,7,13,10,17,1,11,15,16,7,13,10,1,0,0,1,4,2,1,4,3,1,41,46
"12674",12,17,1,12,17,20,7,13,10,17,1,12,15,20,7,13,10,1,2,0,1,0,0,2,0,4,0,43,46
"12675",0,0,0,0,0,0,0,0,0,0,0,0,0,0,0,0,0,0,0,0,0,0,0,0,0,0,0,0,0
"12676",1,3,1,1,1,1,1,1,2,1,1,1,1,1,1,1,1,1,1,2,1,1,0,2,1,1,4,2,1
"12677",2,3,1,1,2,1,5,1,8,3,1,1,1,1,1,1,2,1,0,0,6,6,3,1,6,4,4,3,11
"12678",3,3,1,10,2,1,5,4,8,3,1,1,2,1,5,1,8,6,3,0,3,0,0,6,3,3,3,12,14
"12679",4,8,1,10,2,4,5,4,8,3,1,10,2,1,5,4,8,3,5,2,3,2,0,5,3,1,1,17,17
"12680",5,8,3,10,2,4,5,4,12,8,1,10,2,4,5,4,8,2,0,0,4,1,4,2,4,2,4,19,21
"12681",6,12,3,10,2,4,6,4,12,8,3,10,2,4,5,4,12,1,4,0,1,0,0,4,1,1,2,23,22
"12682",7,12,9,10,7,4,11,4,12,12,3,10,2,4,6,4,12,2,6,5,2,5,0,6,5,2,2,34,27
"12683",8,12,9,12,7,15,11,4,12,12,9,10,7,4,11,4,12,2,0,0,5,6,4,2,6,3,1,36,38
"12684",9,12,9,17,7,19,11,4,12,12,9,12,7,15,11,4,12,5,4,0,4,0,0,5,4,3,1,41,42
"12685",10,12,20,17,13,22,11,4,12,12,9,17,7,19,11,4,12,1,3,6,1,3,0,6,3,2,1,58,45
"12686",11,13,20,17,13,23,11,4,12,12,20,17,13,22,11,4,12,1,0,0,1,5,1,1,1,1,1,59,46
"12687",12,18,20,17,13,23,11,4,12,13,20,17,13,23,11,4,12,5,1,0,1,0,0,5,0,1,0,64,46
"12688",0,0,0,0,0,0,0,0,0,0,0,0,0,0,0,0,0,0,0,0,0,0,0,0,0,0,0,0,0
"12689",1,1,1,1,4,1,1,1,4,1,1,1,1,1,1,1,1,3,4,3,4,3,0,3,3,4,4,3,3
"12690",2,1,5,1,4,5,1,1,4,1,1,1,4,1,1,1,4,4,0,0,4,1,4,4,4,2,1,7,7
"12691",3,5,5,1,4,5,2,1,4,1,5,1,4,5,1,1,4,1,4,0,1,0,0,4,1,1,2,11,8
"12692",4,5,5,1,9,5,2,1,5,5,5,1,4,5,2,1,4,1,5,2,1,2,0,5,1,4,4,16,9
"12693",5,5,5,1,11,5,2,6,5,5,5,1,9,5,2,1,5,2,0,0,5,6,2,2,5,4,3,18,14
"12694",6,5,5,7,14,5,4,6,5,5,5,1,11,5,2,6,5,6,2,0,2,0,0,6,2,3,2,27,16
"12695",7,5,10,7,14,5,4,7,5,5,5,7,14,5,4,6,5,5,1,4,1,4,0,5,1,2,3,32,17
"12696",8,5,14,7,14,5,8,7,5,5,10,7,14,5,4,7,5,4,0,0,4,2,5,4,4,2,2,36,21
"12697",9,10,14,7,14,7,8,7,5,5,14,7,14,5,8,7,5,2,5,0,2,0,0,5,2,1,1,41,23
"12698",10,16,14,7,18,7,10,7,5,10,14,7,14,7,8,7,5,5,6,2,5,2,0,6,2,1,2,51,25
"12699",11,16,19,7,18,15,10,7,5,16,14,7,18,7,10,7,5,5,0,0,6,2,2,5,6,2,1,56,33
"12700",12,18,19,7,18,15,10,7,5,16,19,7,18,15,10,7,5,2,2,0,2,0,0,2,0,1,0,58,33
"12701",0,0,0,0,0,0,0,0,0,0,0,0,0,0,0,0,0,0,0,0,0,0,0,0,0,0,0,0,0
"12702",1,4,1,1,1,4,1,1,1,1,1,1,1,1,1,1,1,3,3,3,3,3,0,3,3,1,1,3,3
"12703",2,4,1,4,1,4,1,1,4,4,1,1,1,4,1,1,1,3,0,0,3,2,3,3,3,3,4,6,6
"12704",3,4,4,4,1,6,1,1,4,4,1,4,1,4,1,1,4,2,3,0,2,0,0,3,2,2,1,9,8
"12705",4,4,11,4,7,11,1,1,4,4,4,4,1,6,1,1,4,5,5,6,5,5,0,6,5,2,1,22,13
"12706",5,4,11,9,7,11,6,1,4,4,11,4,7,11,1,1,4,5,0,0,3,5,3,5,5,3,2,27,18
"12707",6,7,11,9,7,14,6,1,4,4,11,9,7,11,6,1,4,3,3,0,3,0,0,3,3,1,1,30,21
"12708",7,12,11,15,7,14,8,1,4,7,11,9,7,14,6,1,4,6,2,3,2,3,0,6,2,3,2,41,23
"12709",8,12,11,15,10,14,8,1,8,12,11,15,7,14,8,1,4,3,0,0,5,4,1,3,4,4,4,44,27
"12710",9,12,11,15,15,14,8,1,9,12,11,15,10,14,8,1,8,5,1,0,1,0,0,5,1,4,4,49,28
"12711",10,14,11,15,15,14,10,1,9,12,11,15,15,14,8,1,9,2,2,1,2,1,0,2,2,1,2,51,30
"12712",11,14,12,15,15,16,10,1,9,14,11,15,15,14,10,1,9,1,0,0,2,4,4,1,2,2,1,52,32
"12713",12,18,12,15,15,16,10,1,9,14,12,15,15,16,10,1,9,4,4,0,4,0,0,4,0,1,0,56,32
"12714",0,0,0,0,0,0,0,0,0,0,0,0,0,0,0,0,0,0,0,0,0,0,0,0,0,0,0,0,0
"12715",1,1,1,1,5,1,4,1,1,1,1,1,1,1,1,1,1,3,1,4,3,1,0,4,3,4,2,4,3
"12716",2,2,1,1,5,1,4,1,3,1,1,1,5,1,4,1,1,1,0,0,4,4,2,1,2,1,4,5,5
"12717",3,6,1,1,5,1,8,1,3,2,1,1,5,1,4,1,3,4,4,0,4,0,0,4,4,1,2,9,9
"12718",4,6,1,1,10,2,8,1,3,6,1,1,5,1,8,1,3,1,5,2,1,2,0,5,1,4,1,14,10
"12719",5,6,1,3,10,3,8,1,3,6,1,1,10,2,8,1,3,2,0,0,5,1,2,2,1,3,1,16,11
"12720",6,6,1,8,10,5,8,1,3,6,1,3,10,3,8,1,3,5,2,0,2,0,0,5,2,3,1,21,13
"12721",7,6,1,13,10,9,8,1,3,6,1,8,10,5,8,1,3,4,5,4,4,4,0,5,4,3,1,26,17
"12722",8,10,1,13,10,9,8,1,5,6,1,13,10,9,8,1,3,4,0,0,2,3,1,4,2,1,4,30,19
"12723",9,10,1,16,10,10,8,1,5,10,1,13,10,9,8,1,5,3,1,0,1,0,0,3,1,3,1,33,20
"12724",10,10,1,16,11,11,8,1,5,10,1,16,10,10,8,1,5,1,1,1,1,1,0,1,1,4,1,34,21
"12725",11,10,1,17,11,14,8,1,5,10,1,16,11,11,8,1,5,1,0,0,3,5,1,1,3,3,1,35,24
"12726",12,15,1,17,11,14,8,1,5,10,1,17,11,14,8,1,5,5,1,0,1,0,0,5,0,1,0,40,24
"12727",0,0,0,0,0,0,0,0,0,0,0,0,0,0,0,0,0,0,0,0,0,0,0,0,0,0,0,0,0
"12728",1,1,1,1,5,1,1,2,1,1,1,1,1,1,1,1,1,1,4,4,1,4,0,4,1,4,3,4,1
"12729",2,1,1,5,5,1,1,2,4,1,1,1,5,1,1,2,1,4,0,0,3,1,1,4,3,3,4,8,4
"12730",3,2,1,5,5,1,1,3,4,1,1,5,5,1,1,2,4,1,1,0,1,0,0,1,1,1,3,9,5
"12731",4,5,1,11,5,3,1,3,4,2,1,5,5,1,1,3,4,2,6,2,2,2,0,6,2,3,1,18,7
"12732",5,5,1,11,7,3,1,3,6,5,1,11,5,3,1,3,4,2,0,0,3,2,4,2,2,4,4,20,9
"12733",6,9,1,11,7,3,1,3,9,5,1,11,7,3,1,3,6,3,4,0,3,0,0,4,3,1,4,24,12
"12734",7,11,7,11,13,3,6,3,9,9,1,11,7,3,1,3,9,5,6,4,5,4,0,6,5,4,2,38,17
"12735",8,11,11,11,13,3,6,7,9,11,7,11,13,3,6,3,9,4,0,0,5,3,4,4,4,2,3,42,21
"12736",9,11,16,11,13,6,6,7,9,11,11,11,13,3,6,7,9,5,3,0,3,0,0,5,3,2,1,47,24
"12737",10,15,16,11,13,7,6,7,9,11,16,11,13,6,6,7,9,4,1,1,1,1,0,4,1,1,1,51,25
"12738",11,15,17,11,13,8,6,7,9,15,16,11,13,7,6,7,9,1,0,0,1,4,4,1,1,2,1,52,26
"12739",12,15,17,11,17,8,6,7,9,15,17,11,13,8,6,7,9,4,4,0,4,0,0,4,0,4,0,56,26
"12740",0,0,0,0,0,0,0,0,0,0,0,0,0,0,0,0,0,0,0,0,0,0,0,0,0,0,0,0,0
"12741",1,5,1,1,1,1,1,2,1,1,1,1,1,1,1,1,1,4,4,1,4,1,0,4,1,1,3,4,1
"12742",2,9,1,1,1,1,3,2,1,5,1,1,1,1,1,2,1,4,0,0,2,2,3,4,2,1,2,8,3
"12743",3,12,1,1,1,1,3,2,3,9,1,1,1,1,3,2,1,2,3,0,2,0,0,3,2,1,4,11,5
"12744",4,12,5,1,1,1,7,2,3,12,1,1,1,1,3,2,3,4,6,4,6,4,0,4,4,2,2,15,9
"12745",5,12,5,4,7,1,12,2,3,12,5,1,1,1,7,2,3,6,0,0,6,1,5,6,5,4,2,24,14
"12746",6,12,5,10,10,1,13,2,3,12,5,4,7,1,12,2,3,6,1,0,1,0,0,6,1,3,2,33,15
"12747",7,12,11,14,10,1,17,2,3,12,5,10,10,1,13,2,3,5,4,6,5,4,0,6,4,2,2,43,19
"12748",8,12,11,14,15,1,19,2,3,12,11,14,10,1,17,2,3,5,0,0,2,6,4,5,2,4,2,48,21
"12749",9,12,17,15,15,5,19,2,3,12,11,14,15,1,19,2,3,6,4,0,4,0,0,6,4,2,1,55,25
"12750",10,22,17,15,15,5,19,2,8,12,17,15,15,5,19,2,3,6,3,5,3,5,0,6,5,1,4,65,30
"12751",11,22,17,18,15,5,21,2,8,22,17,15,15,5,19,2,8,3,0,0,1,6,2,3,2,3,2,68,32
"12752",12,22,23,21,15,1,21,2,8,22,17,18,15,5,21,2,8,1,6,0,1,0,0,6,0,2,0,77,28
"12753",0,0,0,0,0,0,0,0,0,0,0,0,0,0,0,0,0,0,0,0,0,0,0,0,0,0,0,0,0
"12754",1,1,6,1,1,1,5,1,1,1,1,1,1,1,1,1,1,5,3,4,3,4,0,5,4,2,2,5,4
"12755",2,1,6,1,4,7,10,1,1,1,6,1,1,1,5,1,1,3,0,0,6,2,1,3,6,4,1,8,15
"12756",3,1,6,3,4,7,10,2,1,1,6,1,4,7,10,1,1,2,1,0,1,0,0,2,1,3,3,10,16
"12757",4,1,6,3,8,7,10,6,1,1,6,3,4,7,10,2,1,4,1,4,1,4,0,4,4,4,3,14,20
"12758",5,1,7,3,8,8,10,6,1,1,6,3,8,7,10,6,1,1,0,0,1,6,2,1,1,2,1,15,21
"12759",6,1,13,7,14,10,10,6,1,1,7,3,8,8,10,6,1,6,2,0,2,0,0,6,2,2,1,31,23
"12760",7,7,13,8,14,10,15,6,1,1,13,7,14,10,10,6,1,5,3,6,5,3,0,6,5,1,2,38,28
"12761",8,7,16,8,14,12,15,6,1,7,13,8,14,10,15,6,1,3,0,0,2,4,2,3,2,2,1,41,30
"12762",9,7,16,12,14,12,15,8,1,7,16,8,14,12,15,6,1,4,2,0,2,0,0,4,2,3,3,45,32
"12763",10,13,16,17,14,16,15,8,1,7,16,12,14,12,15,8,1,2,4,6,2,4,0,6,4,1,1,56,36
"12764",11,15,16,17,14,21,15,8,1,13,16,17,14,16,15,8,1,2,0,0,5,1,4,2,5,1,1,58,41
"12765",12,15,16,21,14,21,15,8,1,15,16,17,14,21,15,8,1,1,4,0,1,0,0,4,0,3,0,62,41
"12766",0,0,0,0,0,0,0,0,0,0,0,0,0,0,0,0,0,0,0,0,0,0,0,0,0,0,0,0,0
"12767",1,1,7,4,1,1,1,11,1,1,1,1,1,1,1,1,1,6,1,6,1,6,0,6,6,2,3,9,10
"12768",2,1,8,4,1,9,1,11,1,1,7,4,1,1,1,11,1,1,0,0,5,6,4,1,6,2,1,10,18
"12769",3,1,8,4,6,9,5,11,1,1,8,4,1,9,1,11,1,5,4,0,4,0,0,5,4,4,2,15,22
"12770",4,6,8,4,6,12,5,11,1,1,8,4,6,9,5,11,1,3,3,5,3,3,0,5,3,1,1,20,25
"12771",5,9,8,4,6,17,5,11,1,6,8,4,6,12,5,11,1,3,0,0,5,1,6,3,5,1,1,23,30
"12772",6,11,8,4,12,18,5,11,1,9,8,4,6,17,5,11,1,1,6,0,1,0,0,6,1,4,1,31,31
"12773",7,11,8,8,12,18,5,11,3,11,8,4,12,18,5,11,1,2,1,4,2,1,0,4,2,3,4,35,33
"12774",8,11,9,8,12,18,5,14,3,11,8,8,12,18,5,11,3,1,0,0,3,4,1,1,3,2,3,36,36
"12775",9,11,9,8,16,18,6,14,3,11,9,8,12,18,5,14,3,4,1,0,1,0,0,4,1,4,2,40,37
"12776",10,11,14,8,16,18,6,16,3,11,9,8,16,18,6,14,3,2,1,5,2,1,0,5,2,2,3,45,39
"12777",11,12,14,8,16,18,6,21,3,11,14,8,16,18,6,16,3,1,0,0,4,1,5,1,5,1,3,46,44
"12778",12,12,15,8,16,18,6,21,3,12,14,8,16,18,6,21,3,4,1,0,4,0,0,1,0,2,0,47,44
"12779",0,0,0,0,0,0,0,0,0,0,0,0,0,0,0,0,0,0,0,0,0,0,0,0,0,0,0,0,0
"12780",1,1,6,1,1,4,1,1,1,1,1,1,1,1,1,1,1,5,3,3,3,3,0,5,3,2,1,5,3
"12781",2,1,6,4,1,4,5,1,1,1,6,1,1,4,1,1,1,3,0,0,4,1,4,3,4,3,2,8,7
"12782",3,5,6,4,1,4,5,1,2,1,6,4,1,4,5,1,1,1,4,0,1,0,0,4,1,1,4,12,8
"12783",4,5,6,4,6,4,8,1,2,5,6,4,1,4,5,1,2,5,1,3,1,3,0,5,3,4,2,17,11
"12784",5,5,7,4,6,7,8,1,2,5,6,4,6,4,8,1,2,1,0,0,4,3,3,1,3,2,1,18,14
"12785",6,9,7,4,6,10,8,1,2,5,7,4,6,7,8,1,2,4,3,0,3,0,0,4,3,1,1,22,17
"12786",7,9,7,12,12,14,8,1,2,9,7,4,6,10,8,1,2,2,4,6,2,4,0,6,4,4,1,36,21
"12787",8,9,7,14,12,17,8,1,2,9,7,12,12,14,8,1,2,2,0,0,5,6,3,2,3,3,1,38,24
"12788",9,9,13,14,17,22,8,1,2,9,7,14,12,17,8,1,2,5,6,0,5,0,0,6,5,2,1,49,29
"12789",10,17,13,14,17,25,8,1,2,9,13,14,17,22,8,1,2,6,3,3,3,3,0,6,3,1,1,57,32
"12790",11,17,13,17,17,25,11,1,2,17,13,14,17,25,8,1,2,3,0,0,3,6,3,3,3,3,2,60,35
"12791",12,20,13,17,21,25,11,1,1,17,13,17,17,25,11,1,2,6,3,0,6,0,0,3,0,1,0,67,34
"12792",0,0,0,0,0,0,0,0,0,0,0,0,0,0,0,0,0,0,0,0,0,0,0,0,0,0,0,0,0
"12793",1,1,4,1,1,1,1,1,5,1,1,1,1,1,1,1,1,3,2,4,2,4,0,3,4,2,4,3,4
"12794",2,1,4,3,1,1,5,1,5,1,4,1,1,1,1,1,5,2,0,0,4,4,4,2,4,3,2,5,8
"12795",3,1,8,3,1,5,5,1,5,1,4,3,1,1,5,1,5,4,4,0,4,0,0,4,4,2,1,9,12
"12796",4,1,12,15,1,5,6,1,5,1,8,3,1,5,5,1,5,1,6,1,1,1,0,6,1,3,2,25,13
"12797",5,1,12,15,2,7,6,1,5,1,12,15,1,5,6,1,5,1,0,0,1,5,2,1,2,4,1,26,15
"12798",6,6,12,15,2,7,6,2,5,1,12,15,2,7,6,1,5,1,5,0,1,0,0,5,1,1,3,31,16
"12799",7,8,12,15,2,7,9,2,5,6,12,15,2,7,6,2,5,2,1,3,1,3,0,2,3,1,2,33,19
"12800",8,8,12,16,2,7,9,4,5,8,12,15,2,7,9,2,5,1,0,0,2,2,1,1,2,3,3,34,21
"12801",9,8,12,16,4,7,9,4,6,8,12,16,2,7,9,4,5,2,1,0,1,0,0,2,1,4,4,36,22
"12802",10,12,12,16,10,11,9,4,6,8,12,16,4,7,9,4,6,4,1,6,4,1,0,6,4,4,1,46,26
"12803",11,12,13,16,10,16,9,4,6,12,12,16,10,11,9,4,6,1,0,0,5,5,2,1,5,2,1,47,31
"12804",12,12,13,18,10,16,9,4,6,12,13,16,10,16,9,4,6,5,2,0,5,0,0,2,0,3,0,49,31
"12805",0,0,0,0,0,0,0,0,0,0,0,0,0,0,0,0,0,0,0,0,0,0,0,0,0,0,0,0,0
"12806",1,1,1,1,6,1,4,1,1,1,1,1,1,1,1,1,1,3,3,5,3,3,0,5,3,4,2,5,3
"12807",2,1,4,1,6,1,4,1,5,1,1,1,6,1,4,1,1,3,0,0,1,4,1,3,4,2,4,8,7
"12808",3,2,4,1,6,2,4,1,5,1,4,1,6,1,4,1,5,1,1,0,1,0,0,1,1,1,1,9,8
"12809",4,2,9,1,6,4,4,1,5,2,4,1,6,2,4,1,5,4,2,5,4,2,0,5,2,2,1,14,10
"12810",5,2,9,5,6,4,4,5,5,2,9,1,6,4,4,1,5,4,0,0,4,2,1,4,4,3,3,18,14
"12811",6,2,9,5,8,4,5,5,5,2,9,5,6,4,4,5,5,2,1,0,1,0,0,2,1,4,2,20,15
"12812",7,10,9,5,8,4,9,5,5,2,9,5,8,4,5,5,5,2,6,4,2,4,0,6,4,1,2,28,19
"12813",8,12,9,5,8,4,9,5,10,10,9,5,8,4,9,5,5,2,0,0,1,5,2,2,5,1,4,30,24
"12814",9,12,9,7,8,5,9,5,10,12,9,5,8,4,9,5,10,1,2,0,1,0,0,2,1,3,1,32,25
"12815",10,12,9,16,8,9,9,11,10,12,9,7,8,5,9,5,10,3,6,6,3,6,0,6,6,3,3,41,35
"12816",11,12,9,19,8,10,9,11,10,12,9,16,8,9,9,11,10,3,0,0,1,5,2,3,1,3,1,44,36
"12817",12,14,9,19,8,10,9,11,10,12,9,19,8,10,9,11,10,5,2,0,5,0,0,2,0,1,0,46,36
"12818",0,0,0,0,0,0,0,0,0,0,0,0,0,0,0,0,0,0,0,0,0,0,0,0,0,0,0,0,0
"12819",1,7,2,1,1,2,1,1,1,1,1,1,1,1,1,1,1,1,2,6,1,2,0,6,1,1,1,7,1
"12820",2,9,2,1,1,2,1,6,1,7,2,1,1,2,1,1,1,2,0,0,5,4,4,2,5,1,3,9,6
"12821",3,9,2,5,1,2,5,6,1,9,2,1,1,2,1,6,1,4,4,0,4,0,0,4,4,3,2,13,10
"12822",4,11,2,11,1,2,5,6,6,9,2,5,1,2,5,6,1,5,1,6,5,1,0,6,5,3,4,21,15
"12823",5,11,2,12,1,2,5,6,9,11,2,11,1,2,5,6,6,1,0,0,3,3,3,1,3,3,4,22,18
"12824",6,11,2,15,1,2,8,6,9,11,2,12,1,2,5,6,9,3,3,0,3,0,0,3,3,3,2,25,21
"12825",7,13,8,15,1,2,8,6,17,11,2,15,1,2,8,6,9,2,6,6,2,6,0,6,6,2,4,33,29
"12826",8,13,10,15,1,2,12,6,17,13,8,15,1,2,8,6,17,2,0,0,1,4,2,2,4,2,2,35,33
"12827",9,13,10,15,3,2,12,7,17,13,10,15,1,2,12,6,17,1,2,0,1,0,0,2,1,4,3,37,34
"12828",10,13,14,15,3,2,14,7,17,13,10,15,3,2,12,7,17,4,2,2,2,2,0,4,2,2,2,41,36
"12829",11,13,16,15,3,2,20,8,17,13,14,15,3,2,14,7,17,2,0,0,2,6,4,2,6,2,2,43,43
"12830",12,13,16,15,7,2,20,8,17,13,16,15,3,2,20,8,17,2,4,0,2,0,0,4,0,4,0,47,43
"12831",0,0,0,0,0,0,0,0,0,0,0,0,0,0,0,0,0,0,0,0,0,0,0,0,0,0,0,0,0
"12832",1,1,5,1,1,3,1,1,1,1,1,1,1,1,1,1,1,4,2,4,2,4,0,4,2,2,1,4,2
"12833",2,1,5,1,5,4,1,1,1,1,5,1,1,3,1,1,1,4,0,0,1,6,5,4,1,4,1,8,3
"12834",3,7,11,4,5,9,1,1,1,1,5,1,5,4,1,1,1,6,5,0,5,0,0,6,5,1,1,23,8
"12835",4,12,11,4,5,9,1,1,6,7,11,4,5,9,1,1,1,5,5,4,5,4,0,5,5,1,4,28,13
"12836",5,12,11,8,5,13,1,1,6,12,11,4,5,9,1,1,6,4,0,0,4,4,3,4,4,3,1,32,17
"12837",6,15,11,8,5,17,1,1,6,12,11,8,5,13,1,1,6,4,3,0,4,0,0,3,4,1,1,35,21
"12838",7,15,17,8,6,17,2,1,6,15,11,8,5,17,1,1,6,6,2,1,2,1,0,6,1,2,2,42,22
"12839",8,15,17,10,6,21,2,1,6,15,17,8,6,17,2,1,6,2,0,0,4,4,4,2,4,3,1,44,26
"12840",9,19,17,10,6,25,2,1,6,15,17,10,6,21,2,1,6,4,4,0,4,0,0,4,4,1,1,48,30
"12841",10,19,17,12,6,25,2,1,9,19,17,10,6,25,2,1,6,2,3,2,3,2,0,2,3,3,4,50,33
"12842",11,19,17,14,6,25,4,1,9,19,17,12,6,25,2,1,9,2,0,0,2,4,4,2,2,3,2,52,35
"12843",12,19,17,18,6,25,4,1,9,19,17,14,6,25,4,1,9,4,4,0,4,0,0,4,0,3,0,56,35
"12844",0,0,0,0,0,0,0,0,0,0,0,0,0,0,0,0,0,0,0,0,0,0,0,0,0,0,0,0,0
"12845",1,1,1,6,1,12,1,1,1,1,1,1,1,1,1,1,1,5,6,5,6,5,0,5,6,3,1,5,11
"12846",2,1,1,6,6,12,5,1,1,1,1,6,1,12,1,1,1,5,0,0,4,2,4,5,4,4,2,10,15
"12847",3,1,1,10,6,12,5,1,3,1,1,6,6,12,5,1,1,2,4,0,2,0,0,4,2,3,4,14,17
"12848",4,7,7,10,7,12,6,1,3,1,1,10,6,12,5,1,3,6,1,6,1,6,0,6,1,1,2,27,18
"12849",5,13,7,13,7,12,6,1,6,7,7,10,7,12,6,1,3,6,0,0,3,5,1,6,3,1,4,36,21
"12850",6,13,12,13,7,12,7,1,6,13,7,13,7,12,6,1,6,5,1,0,1,0,0,5,1,2,2,41,22
"12851",7,13,16,19,7,14,7,1,6,13,12,13,7,12,7,1,6,6,2,2,2,2,0,6,2,3,1,51,24
"12852",8,13,18,19,7,20,7,4,12,13,16,19,7,14,7,1,6,2,0,0,6,6,5,2,6,2,4,53,39
"12853",9,19,18,19,13,25,7,4,12,13,18,19,7,20,7,4,12,6,5,0,5,0,0,6,5,4,1,65,44
"12854",10,24,18,19,13,29,7,4,12,19,18,19,13,25,7,4,12,4,5,4,4,4,0,5,4,1,1,70,48
"12855",11,1,22,19,16,31,13,6,12,24,18,19,13,29,7,4,12,4,0,0,5,6,4,4,6,2,2,54,58
"12856",12,1,22,19,20,31,13,6,12,1,22,19,16,31,13,6,12,5,4,0,5,0,0,4,0,4,0,58,58
"12857",0,0,0,0,0,0,0,0,0,0,0,0,0,0,0,0,0,0,0,0,0,0,0,0,0,0,0,0,0
"12858",1,6,1,7,1,1,1,1,6,1,1,1,1,1,1,1,1,6,5,6,5,6,0,6,5,3,4,11,5
"12859",2,12,1,7,4,1,1,1,8,6,1,7,1,1,1,1,6,6,0,0,2,2,4,6,2,1,4,20,7
"12860",3,12,5,7,4,1,1,1,10,12,1,7,4,1,1,1,8,2,4,0,2,0,0,4,2,2,4,24,9
"12861",4,12,5,7,8,1,1,1,12,12,5,7,4,1,1,1,10,4,2,2,2,2,0,4,2,4,4,28,11
"12862",5,12,7,7,8,1,1,1,14,12,5,7,8,1,1,1,12,2,0,0,6,1,2,2,2,2,4,30,13
"12863",6,12,7,12,14,1,2,1,14,12,7,7,8,1,1,1,14,6,1,0,1,0,0,6,1,4,2,41,14
"12864",7,12,12,12,14,2,2,1,14,12,7,12,14,1,2,1,14,1,5,5,1,5,0,5,1,2,1,46,15
"12865",8,12,12,12,19,2,2,3,14,12,12,12,14,2,2,1,14,5,0,0,2,1,5,5,2,4,3,51,17
"12866",9,12,12,17,19,3,2,3,14,12,12,12,19,2,2,3,14,1,5,0,1,0,0,5,1,3,1,56,18
"12867",10,12,16,17,19,7,2,3,14,12,12,17,19,3,2,3,14,4,4,6,4,6,0,4,4,2,1,60,22
"12868",11,18,16,17,23,8,2,3,14,12,16,17,19,7,2,3,14,6,0,0,1,4,3,6,1,1,1,70,23
"12869",12,18,19,17,23,8,2,3,14,18,16,17,23,8,2,3,14,4,3,0,4,0,0,3,0,2,0,73,23
"12870",0,0,0,0,0,0,0,0,0,0,0,0,0,0,0,0,0,0,0,0,0,0,0,0,0,0,0,0,0
"12871",1,1,7,5,1,1,1,3,1,1,1,1,1,1,1,1,1,2,4,6,2,4,0,6,2,2,3,10,2
"12872",2,1,11,5,1,3,1,3,1,1,7,5,1,1,1,3,1,4,0,0,1,2,3,4,2,2,1,14,4
"12873",3,4,11,5,1,4,1,3,1,1,11,5,1,3,1,3,1,1,3,0,1,0,0,3,1,1,1,17,5
"12874",4,4,11,5,6,4,1,3,4,4,11,5,1,4,1,3,1,3,3,5,3,3,0,5,3,4,4,22,8
"12875",5,4,11,5,9,11,1,3,4,4,11,5,6,4,1,3,4,3,0,0,2,6,6,3,6,4,1,25,15
"12876",6,10,11,6,15,11,1,3,6,4,11,5,9,11,1,3,4,2,6,0,2,0,0,6,2,1,4,38,17
"12877",7,10,15,6,15,11,1,5,6,10,11,6,15,11,1,3,6,4,2,3,2,3,0,4,2,2,3,42,19
"12878",8,13,15,6,15,16,1,5,6,10,15,6,15,11,1,5,6,3,0,0,2,5,2,3,5,1,1,45,24
"12879",9,15,15,6,15,16,1,7,6,13,15,6,15,16,1,5,6,2,2,0,2,0,0,2,2,1,3,47,26
"12880",10,15,18,18,15,16,4,7,6,15,15,6,15,16,1,7,6,3,6,3,3,3,0,6,3,3,2,62,29
"12881",11,18,18,18,15,17,4,7,6,15,18,18,15,16,4,7,6,3,0,0,1,6,4,3,1,1,1,65,30
"12882",12,20,24,18,15,17,4,7,1,18,18,18,15,17,4,7,6,6,4,0,4,0,0,6,0,2,0,73,25
"12883",0,0,0,0,0,0,0,0,0,0,0,0,0,0,0,0,0,0,0,0,0,0,0,0,0,0,0,0,0
"12884",1,4,1,1,1,4,1,1,1,1,1,1,1,1,1,1,1,3,4,3,4,3,0,3,3,1,1,3,3
"12885",2,4,1,1,5,4,2,1,1,4,1,1,1,4,1,1,1,4,0,0,1,5,1,4,1,4,2,7,4
"12886",3,4,1,6,5,5,2,1,1,4,1,1,5,4,2,1,1,5,1,0,1,0,0,5,1,3,1,12,5
"12887",4,4,7,8,5,5,7,1,1,4,1,6,5,5,2,1,1,6,5,5,5,5,0,6,5,2,2,20,10
"12888",5,4,7,8,10,5,7,4,1,4,7,8,5,5,7,1,1,5,0,0,4,3,3,5,3,4,3,25,13
"12889",6,8,7,8,10,5,7,4,4,4,7,8,10,5,7,4,1,4,3,0,3,0,0,4,3,1,4,29,16
"12890",7,8,7,11,10,9,7,4,4,8,7,8,10,5,7,4,4,3,4,1,4,1,0,3,4,3,1,32,20
"12891",8,8,8,11,10,9,7,7,4,8,7,11,10,9,7,4,4,1,0,0,4,3,1,1,3,2,3,33,23
"12892",9,8,12,11,10,10,7,7,4,8,8,11,10,9,7,7,4,4,1,0,1,0,0,4,1,2,1,37,24
"12893",10,8,12,12,10,10,9,7,4,8,12,11,10,10,7,7,4,1,2,3,2,3,0,1,2,3,2,38,26
"12894",11,8,12,12,13,10,12,7,4,8,12,12,10,10,9,7,4,3,0,0,6,3,3,3,3,4,2,41,29
"12895",12,10,12,12,22,10,12,7,1,8,12,12,13,10,12,7,4,6,3,0,3,0,0,6,0,4,0,52,26
"12896",0,0,0,0,0,0,0,0,0,0,0,0,0,0,0,0,0,0,0,0,0,0,0,0,0,0,0,0,0
"12897",1,1,5,1,1,1,1,2,1,1,1,1,1,1,1,1,1,1,4,1,1,1,0,4,1,2,3,4,1
"12898",2,2,5,1,1,6,1,2,1,1,5,1,1,1,1,2,1,1,0,0,5,5,6,1,5,1,1,5,6
"12899",3,2,8,1,7,6,1,2,6,2,5,1,1,6,1,2,1,5,6,0,5,0,0,6,5,4,4,14,11
"12900",4,2,8,4,7,6,6,2,6,2,8,1,7,6,1,2,6,3,2,5,2,5,0,3,5,3,2,17,16
"12901",5,4,8,4,7,10,6,2,6,2,8,4,7,6,6,2,6,2,0,0,1,1,4,2,4,1,1,19,20
"12902",6,4,8,4,8,11,6,2,6,4,8,4,7,10,6,2,6,1,1,0,1,0,0,1,1,4,1,20,21
"12903",7,11,8,4,8,17,6,6,6,4,8,4,8,11,6,2,6,6,1,6,1,6,0,6,6,1,1,27,31
"12904",8,11,9,4,8,17,6,6,10,11,8,4,8,17,6,6,6,1,0,0,1,3,4,1,4,2,4,28,35
"12905",9,11,12,4,8,18,6,6,10,11,9,4,8,17,6,6,10,1,3,0,1,0,0,3,1,2,1,31,36
"12906",10,11,12,4,10,18,7,6,10,11,12,4,8,18,6,6,10,1,1,2,1,1,0,2,1,4,2,33,37
"12907",11,11,12,4,11,21,7,6,10,11,12,4,10,18,7,6,10,1,0,0,3,4,5,1,3,4,1,34,40
"12908",12,11,12,8,11,21,7,6,10,11,12,4,11,21,7,6,10,4,5,0,5,0,0,4,0,3,0,38,40
"12909",0,0,0,0,0,0,0,0,0,0,0,0,0,0,0,0,0,0,0,0,0,0,0,0,0,0,0,0,0
"12910",1,7,2,1,1,1,5,1,1,1,1,1,1,1,1,1,1,2,6,4,2,4,0,6,4,1,2,7,4
"12911",2,7,2,3,1,1,13,1,1,7,2,1,1,1,5,1,1,2,0,0,6,2,1,2,6,3,2,9,12
"12912",3,7,2,5,1,1,13,2,1,7,2,3,1,1,13,1,1,2,1,0,1,0,0,2,1,3,3,11,13
"12913",4,7,2,12,1,1,18,2,1,7,2,5,1,1,13,2,1,3,5,6,3,5,0,6,5,3,2,18,18
"12914",5,7,2,12,4,1,18,2,4,7,2,12,1,1,18,2,1,3,0,0,3,3,2,3,3,4,4,21,21
"12915",6,7,1,12,7,1,20,8,9,7,2,12,4,1,18,2,4,3,2,0,2,0,0,3,2,4,2,23,34
"12916",7,7,1,12,12,1,30,8,9,7,1,12,7,1,20,8,9,2,6,5,2,6,0,5,6,4,2,28,44
"12917",8,7,1,12,14,1,30,13,9,7,1,12,12,1,30,8,9,2,0,0,3,5,2,2,5,4,3,30,49
"12918",9,7,1,12,17,1,30,13,11,7,1,12,14,1,30,13,9,3,2,0,2,0,0,3,2,4,4,33,51
"12919",10,7,1,12,20,5,30,13,11,7,1,12,17,1,30,13,11,4,4,3,4,4,0,3,4,4,1,36,55
"12920",11,7,1,16,20,9,36,13,11,7,1,12,20,5,30,13,11,4,0,0,6,5,3,4,6,3,2,40,65
"12921",12,7,1,16,25,9,36,13,11,7,1,16,20,9,36,13,11,5,3,0,3,0,0,5,0,4,0,45,65
"12922",0,0,0,0,0,0,0,0,0,0,0,0,0,0,0,0,0,0,0,0,0,0,0,0,0,0,0,0,0
"12923",1,1,1,1,5,1,1,2,1,1,1,1,1,1,1,1,1,1,3,4,1,3,0,4,1,4,3,4,1
"12924",2,1,1,4,5,4,7,2,1,1,1,1,5,1,1,2,1,3,0,0,4,2,6,3,6,3,2,7,10
"12925",3,1,1,8,5,4,9,2,1,1,1,4,5,4,7,2,1,4,2,0,2,0,0,4,2,3,2,11,12
"12926",4,7,1,8,8,4,12,2,1,1,1,8,5,4,9,2,1,6,3,6,3,6,0,6,3,1,2,20,15
"12927",5,13,3,8,8,4,13,2,1,7,1,8,8,4,12,2,1,6,0,0,2,1,2,6,1,1,2,28,16
"12928",6,15,3,8,8,4,13,4,1,13,3,8,8,4,13,2,1,2,2,0,2,0,0,2,2,1,3,30,18
"12929",7,15,8,8,8,4,15,4,1,15,3,8,8,4,13,4,1,5,2,5,2,5,0,5,2,2,2,35,20
"12930",8,15,8,8,13,4,17,4,1,15,8,8,8,4,15,4,1,5,0,0,6,2,2,5,2,4,2,40,22
"12931",9,17,8,14,13,6,17,4,1,15,8,8,13,4,17,4,1,6,2,0,2,0,0,6,2,3,1,48,24
"12932",10,17,19,14,13,9,17,4,1,17,8,14,13,6,17,4,1,6,3,3,3,3,0,6,3,2,1,59,27
"12933",11,17,19,17,13,12,17,4,1,17,19,14,13,9,17,4,1,3,0,0,3,2,6,3,3,3,1,62,30
"12934",12,17,19,17,15,12,17,4,1,17,19,17,13,12,17,4,1,2,6,0,6,0,0,2,0,4,0,64,30
"12935",0,0,0,0,0,0,0,0,0,0,0,0,0,0,0,0,0,0,0,0,0,0,0,0,0,0,0,0,0
"12936",1,1,1,2,1,1,5,1,1,1,1,1,1,1,1,1,1,1,4,2,4,2,0,1,4,3,2,1,4
"12937",2,1,1,4,1,1,14,1,1,1,1,2,1,1,5,1,1,2,0,0,4,1,6,2,6,3,2,3,13
"12938",3,1,1,8,1,1,15,1,1,1,1,4,1,1,14,1,1,4,1,0,1,0,0,4,1,3,2,7,14
"12939",4,1,1,8,2,1,15,11,1,1,1,8,1,1,15,1,1,2,1,6,2,6,0,1,6,4,3,8,24
"12940",5,1,3,8,2,5,15,11,1,1,1,8,2,1,15,11,1,2,0,0,4,1,1,2,4,2,1,10,28
"12941",6,2,3,8,2,5,15,11,2,1,3,8,2,5,15,11,1,1,1,0,1,0,0,1,1,1,4,11,29
"12942",7,2,3,13,2,5,15,11,3,2,3,8,2,5,15,11,2,5,1,5,1,5,0,5,1,3,4,16,30
"12943",8,7,3,13,2,17,15,11,3,2,3,13,2,5,15,11,3,5,0,0,1,1,6,5,6,1,1,21,42
"12944",9,7,4,13,2,18,15,11,3,7,3,13,2,17,15,11,3,1,1,0,1,0,0,1,1,2,1,22,43
"12945",10,10,4,13,2,18,15,16,3,7,4,13,2,18,15,11,3,5,3,6,5,6,0,3,5,1,3,25,48
"12946",11,14,4,25,2,18,18,16,3,10,4,13,2,18,15,16,3,6,0,0,3,1,5,6,3,3,2,41,51
"12947",12,14,4,25,7,18,18,16,3,14,4,25,2,18,18,16,3,1,5,0,1,0,0,5,0,4,0,46,51
"12948",0,0,0,0,0,0,0,0,0,0,0,0,0,0,0,0,0,0,0,0,0,0,0,0,0,0,0,0,0
"12949",1,1,7,1,2,1,4,1,1,1,1,1,1,1,1,1,1,1,6,3,1,3,0,6,3,2,2,7,3
"12950",2,1,8,1,2,1,4,4,1,1,7,1,2,1,4,1,1,1,0,0,3,6,6,1,3,2,3,8,6
"12951",3,1,8,7,11,11,4,4,1,1,8,1,2,1,4,4,1,6,6,0,6,0,0,6,6,3,1,23,16
"12952",4,1,13,7,11,17,10,4,4,1,8,7,11,11,4,4,1,4,6,5,4,6,0,5,6,2,2,28,31
"12953",5,1,17,7,11,17,10,4,9,1,13,7,11,17,10,4,4,4,0,0,5,6,4,4,5,2,4,32,36
"12954",6,5,17,7,17,17,10,4,13,1,17,7,11,17,10,4,9,6,4,0,4,0,0,6,4,4,4,42,40
"12955",7,11,17,9,17,17,10,6,13,5,17,7,17,17,10,4,13,6,1,2,1,2,0,6,2,1,3,50,42
"12956",8,12,17,9,17,17,11,6,13,11,17,9,17,17,10,6,13,1,0,0,1,2,2,1,1,1,2,51,43
"12957",9,14,17,9,17,17,11,6,15,12,17,9,17,17,11,6,13,2,2,0,2,0,0,2,2,1,4,53,45
"12958",10,20,17,13,17,18,11,6,15,14,17,9,17,17,11,6,15,4,6,1,4,1,0,6,1,1,1,63,46
"12959",11,20,17,17,17,18,14,6,15,20,17,13,17,18,11,6,15,4,0,0,4,3,6,4,3,3,2,67,49
"12960",12,20,17,21,17,18,14,6,15,20,17,17,17,18,14,6,15,4,6,0,6,0,0,4,0,3,0,71,49
"12961",0,0,0,0,0,0,0,0,0,0,0,0,0,0,0,0,0,0,0,0,0,0,0,0,0,0,0,0,0
"12962",1,1,1,6,1,1,1,1,5,1,1,1,1,1,1,1,1,4,5,5,4,5,0,5,4,3,4,5,4
"12963",2,1,1,6,6,1,10,1,5,1,1,6,1,1,1,1,5,5,0,0,2,6,3,5,6,4,2,10,13
"12964",3,4,1,6,6,3,10,1,5,1,1,6,6,1,10,1,5,2,3,0,2,0,0,3,2,1,1,13,15
"12965",4,4,6,6,6,3,10,1,8,4,1,6,6,3,10,1,5,5,3,4,3,4,0,5,3,2,4,18,18
"12966",5,4,6,10,6,9,13,1,8,4,6,6,6,3,10,1,8,4,0,0,1,6,5,4,6,3,1,22,27
"12967",6,4,6,15,6,9,14,1,8,4,6,10,6,9,13,1,8,1,5,0,1,0,0,5,1,3,2,27,28
"12968",7,4,9,15,6,9,16,1,8,4,6,15,6,9,14,1,8,2,2,3,2,2,0,3,2,2,2,30,30
"12969",8,4,11,15,6,13,16,1,8,4,9,15,6,9,16,1,8,2,0,0,4,4,2,2,4,2,1,32,34
"12970",9,4,11,19,6,15,16,1,8,4,11,15,6,13,16,1,8,4,2,0,2,0,0,4,2,3,1,36,36
"12971",10,10,13,19,6,15,16,1,15,4,11,19,6,15,16,1,8,6,4,6,4,6,0,6,6,1,4,44,43
"12972",11,14,13,19,6,19,22,1,15,10,13,19,6,15,16,1,15,4,0,0,2,3,6,4,6,1,2,48,53
"12973",12,14,15,19,6,19,22,1,15,14,13,19,6,19,22,1,15,2,3,0,3,0,0,2,0,2,0,50,53
"12974",0,0,0,0,0,0,0,0,0,0,0,0,0,0,0,0,0,0,0,0,0,0,0,0,0,0,0,0,0
"12975",1,1,7,7,4,1,1,1,6,1,1,1,1,1,1,1,1,5,6,3,5,3,0,6,5,3,4,15,5
"12976",2,1,7,10,4,6,7,1,6,1,7,7,4,1,1,1,6,3,0,0,6,3,3,3,6,3,2,18,16
"12977",3,1,7,10,7,6,7,1,9,1,7,10,4,6,7,1,6,3,3,0,3,0,0,3,3,4,4,21,19
"12978",4,1,12,10,7,6,8,1,9,1,7,10,7,6,7,1,9,5,3,1,3,1,0,5,1,2,2,26,20
"12979",5,1,15,10,7,7,8,1,9,1,12,10,7,6,8,1,9,3,0,0,1,4,1,3,1,2,1,29,21
"12980",6,5,15,10,7,8,8,1,9,1,15,10,7,7,8,1,9,4,1,0,1,0,0,4,1,1,1,33,22
"12981",7,11,15,11,7,8,8,1,11,5,15,10,7,8,8,1,9,2,1,6,2,1,0,6,2,1,4,40,24
"12982",8,12,15,11,7,8,15,1,11,11,15,11,7,8,8,1,11,1,0,0,6,6,1,1,6,1,2,41,31
"12983",9,18,15,11,11,9,15,1,11,12,15,11,7,8,15,1,11,6,1,0,1,0,0,6,1,1,1,51,32
"12984",10,18,19,11,11,9,19,1,11,18,15,11,11,9,15,1,11,4,4,1,4,1,0,4,4,2,2,55,36
"12985",11,19,19,11,11,13,19,1,11,18,19,11,11,9,19,1,11,1,0,0,4,3,5,1,4,1,1,56,40
"12986",12,22,19,11,11,13,19,1,11,19,19,11,11,13,19,1,11,3,5,0,5,0,0,3,0,1,0,59,40
"12987",0,0,0,0,0,0,0,0,0,0,0,0,0,0,0,0,0,0,0,0,0,0,0,0,0,0,0,0,0
"12988",1,1,6,1,1,6,1,1,1,1,1,1,1,1,1,1,1,5,2,5,2,5,0,5,5,2,1,5,5
"12989",2,1,6,3,1,6,1,1,6,1,6,1,1,6,1,1,1,2,0,0,4,5,5,2,5,3,4,7,10
"12990",3,1,11,3,1,6,1,1,10,1,6,3,1,6,1,1,6,4,5,0,4,0,0,5,4,2,4,12,14
"12991",4,7,13,3,1,6,1,1,15,1,11,3,1,6,1,1,10,5,6,5,5,5,0,6,5,1,4,20,19
"12992",5,7,13,8,1,6,6,1,15,7,13,3,1,6,1,1,15,5,0,0,5,3,1,5,5,3,2,25,24
"12993",6,7,13,8,4,6,6,2,15,7,13,8,1,6,6,1,15,3,1,0,1,0,0,3,1,4,3,28,25
"12994",7,7,15,8,10,6,6,6,15,7,13,8,4,6,6,2,15,4,6,2,4,2,0,6,4,4,3,36,29
"12995",8,9,15,8,10,6,10,6,15,7,15,8,10,6,6,6,15,2,0,0,4,4,4,2,4,1,2,38,33
"12996",9,9,15,8,14,6,14,6,15,9,15,8,10,6,10,6,15,4,4,0,4,0,0,4,4,4,2,42,37
"12997",10,9,21,12,14,8,14,6,15,9,15,8,14,6,14,6,15,3,2,6,3,2,0,6,2,2,1,52,39
"12998",11,12,21,12,14,8,15,6,15,9,21,12,14,8,14,6,15,3,0,0,6,1,1,3,1,1,2,55,40
"12999",12,12,27,17,14,8,15,6,15,12,21,12,14,8,15,6,15,6,1,0,1,0,0,6,0,2,0,66,40
"13000",0,0,0,0,0,0,0,0,0,0,0,0,0,0,0,0,0,0,0,0,0,0,0,0,0,0,0,0,0
