"","Move","Player_1_Final1","Player_1_Final2","Player_2_Final1","Player_2_Final2","Player_1_Initial1","Player_1_Initial2","Player_2_Initial1","Player_2_Initial2","Player 1 Rolls available","Player 1 Rolls available","Player 1 Rolls available","Player 2 Rolls available","Player 2 Rolls available","Player 2 Rolls available","Player 1 Roll Chosen","Player 2 Roll Chosen","Player 1 Token Chosen","Player 2 Token Chosen","Player1 Score","Player 2 Score"
"1",1,7,6,1,3,1,1,1,1,1,6,2,1,2,0,6,2,1,2,11,2
"2",2,8,6,11,3,7,6,1,3,1,0,0,2,6,2,1,6,1,1,12,12
"3",3,8,8,11,5,8,6,11,3,2,2,0,2,0,0,2,2,2,2,14,14
"4",4,13,8,11,10,8,8,11,5,5,4,5,4,5,0,5,5,1,2,19,19
"5",5,17,8,17,19,13,8,11,10,4,0,0,2,6,2,4,6,1,1,23,34
"6",6,19,8,17,21,17,8,17,19,2,2,0,2,0,0,2,2,1,2,25,36
"7",7,24,8,21,21,19,8,17,21,4,5,2,4,2,0,5,4,1,1,30,40
"8",8,26,8,24,21,24,8,21,21,2,0,0,1,3,1,2,3,1,1,32,43
"9",9,27,8,24,22,26,8,24,21,1,1,0,1,0,0,1,1,1,2,33,44
"10",10,31,8,27,22,27,8,24,22,3,4,4,3,4,0,4,3,1,1,37,47
"11",11,35,8,34,22,31,8,27,22,4,0,0,6,4,4,4,6,1,1,41,54
"12",12,35,8,34,22,35,8,34,22,4,4,0,NA,0,0,0,0,0,0,41,54
"13",0,0,0,0,0,0,0,0,0,0,0,0,0,0,0,0,0,0,0,0,0
"14",1,7,5,2,1,1,1,1,1,1,1,6,1,1,0,6,1,1,1,10,1
"15",2,7,6,2,4,7,5,2,1,1,0,0,4,4,3,1,3,2,2,11,4
"16",3,11,6,6,4,7,6,2,4,4,4,0,4,0,0,4,4,1,1,15,8
"17",4,11,10,6,12,11,6,6,4,4,1,6,1,6,0,4,6,2,2,19,16
"18",5,11,11,8,18,11,10,6,12,1,0,0,1,6,3,1,6,2,2,20,24
"19",6,11,14,8,19,11,11,8,18,1,3,0,1,0,0,3,1,2,2,23,25
"20",7,11,15,10,19,11,14,8,19,1,2,2,2,2,0,1,2,2,1,24,27
"21",8,13,15,12,25,11,15,10,19,2,0,0,2,4,6,2,6,1,2,26,35
"22",9,17,15,14,25,13,15,12,25,2,4,0,2,0,0,4,2,1,1,30,37
"23",10,22,15,14,26,17,15,14,25,1,5,1,1,1,0,5,1,1,2,35,38
"24",11,23,15,16,26,22,15,14,26,1,0,0,2,4,2,1,2,1,1,36,40
"25",12,23,15,16,26,23,15,16,26,4,2,0,NA,0,0,0,0,0,0,36,40
"26",0,0,0,0,0,0,0,0,0,0,0,0,0,0,0,0,0,0,0,0,0
"27",1,5,7,1,6,1,1,1,1,4,5,6,4,5,0,6,5,2,2,10,5
"28",2,5,11,4,6,5,7,1,6,4,0,0,6,3,1,4,3,2,1,14,8
"29",3,6,17,4,7,5,11,4,6,6,1,0,1,0,0,6,1,2,2,21,9
"30",4,6,19,6,7,6,17,4,7,2,4,2,4,2,0,2,2,2,1,23,11
"31",5,6,23,10,7,6,19,6,7,4,0,0,2,6,4,4,4,2,1,27,15
"32",6,14,23,10,9,6,23,10,7,2,6,0,2,0,0,6,2,1,2,35,17
"33",7,14,26,18,9,14,23,10,9,6,3,4,6,4,0,3,6,2,1,38,25
"34",8,18,26,22,9,14,26,18,9,4,0,0,4,4,5,4,4,1,1,42,29
"35",9,23,26,22,13,18,26,22,9,4,5,0,4,0,0,5,4,1,2,47,33
"36",10,27,26,27,13,23,26,22,13,5,5,4,5,5,0,4,5,1,1,51,38
"37",11,27,32,32,1,27,26,27,13,5,0,0,5,1,1,5,5,2,1,57,31
"38",12,27,32,32,1,27,32,32,1,1,1,0,NA,0,0,0,0,0,0,57,31
"39",0,0,0,0,0,0,0,0,0,0,0,0,0,0,0,0,0,0,0,0,0
"40",1,10,1,1,4,1,1,1,1,6,3,3,3,3,0,6,3,1,2,9,3
"41",2,13,1,1,9,10,1,1,4,3,0,0,5,2,5,3,5,1,2,12,8
"42",3,13,6,1,11,13,1,1,9,2,5,0,2,0,0,5,2,2,2,17,10
"43",4,17,6,1,16,13,6,1,11,4,3,5,3,5,0,4,5,1,2,21,15
"44",5,1,6,5,16,17,6,1,16,3,0,0,1,4,1,3,1,1,1,5,19
"45",6,2,6,9,16,1,6,5,16,4,1,0,4,0,0,1,4,1,1,6,23
"46",7,2,14,12,16,2,6,9,16,3,2,6,3,2,0,6,3,2,1,14,26
"47",8,4,14,14,16,2,14,12,16,2,0,0,3,2,5,2,2,1,1,16,28
"48",9,4,17,19,16,4,14,14,16,3,5,0,5,0,0,3,5,2,1,19,33
"49",10,4,22,19,17,4,17,19,16,1,4,5,1,4,0,5,1,2,2,24,34
"50",11,4,26,31,17,4,22,19,17,4,0,0,6,2,5,4,6,2,1,28,46
"51",12,4,26,31,17,4,26,31,17,2,5,0,NA,0,0,0,0,0,0,28,46
"52",0,0,0,0,0,0,0,0,0,0,0,0,0,0,0,0,0,0,0,0,0
"53",1,1,4,4,1,1,1,1,1,3,1,3,1,3,0,3,3,2,1,3,3
"54",2,1,5,4,4,1,4,4,1,1,0,0,2,3,5,1,3,2,2,4,6
"55",3,6,5,4,6,1,5,4,4,2,5,0,2,0,0,5,2,1,2,9,8
"56",4,10,5,4,9,6,5,4,6,3,4,1,3,1,0,4,3,1,2,13,11
"57",5,10,6,9,9,10,5,4,9,1,0,0,2,3,5,1,5,2,1,14,16
"58",6,10,9,9,11,10,6,9,9,2,3,0,2,0,0,3,2,2,2,17,18
"59",7,15,9,9,22,10,9,9,11,6,5,3,6,3,0,5,6,1,2,22,29
"60",8,18,1,12,33,15,9,9,22,3,0,0,3,5,3,3,5,1,2,17,43
"61",9,18,4,12,36,18,1,12,33,3,3,0,3,0,0,3,3,2,2,20,46
"62",10,23,4,18,38,18,4,12,36,5,1,6,1,6,0,5,6,1,1,25,54
"63",11,24,4,27,38,23,4,18,38,1,0,0,6,3,1,1,6,1,1,26,63
"64",12,24,4,27,38,24,4,27,38,3,1,0,NA,0,0,0,0,0,0,26,63
"65",0,0,0,0,0,0,0,0,0,0,0,0,0,0,0,0,0,0,0,0,0
"66",1,3,1,5,1,1,1,1,1,2,2,4,2,4,0,2,4,1,1,2,4
"67",2,5,1,11,7,3,1,5,1,2,0,0,2,6,4,2,6,1,2,4,16
"68",3,5,5,11,9,5,1,11,7,2,4,0,2,0,0,4,2,2,2,8,18
"69",4,5,9,11,20,5,5,11,9,4,6,1,6,1,0,4,6,2,2,12,29
"70",5,6,9,11,21,5,9,11,20,1,0,0,1,5,4,1,1,1,2,13,30
"71",6,6,14,11,25,6,9,11,21,5,4,0,4,0,0,5,4,2,2,18,34
"72",7,6,16,21,25,6,14,11,25,2,6,4,6,4,0,2,6,2,1,20,44
"73",8,6,20,21,26,6,16,21,25,4,0,0,1,1,3,4,1,2,2,24,45
"74",9,6,23,22,26,6,20,21,26,1,3,0,1,0,0,3,1,2,1,27,46
"75",10,6,27,25,26,6,23,22,26,4,3,5,3,5,0,4,3,2,1,31,49
"76",11,11,27,35,26,6,27,25,26,5,0,0,4,4,6,5,6,1,1,36,59
"77",12,11,27,35,26,11,27,35,26,4,4,0,NA,0,0,0,0,0,0,36,59
"78",0,0,0,0,0,0,0,0,0,0,0,0,0,0,0,0,0,0,0,0,0
"79",1,5,1,1,8,1,1,1,1,6,1,4,6,1,0,4,6,1,2,4,7
"80",2,5,2,1,11,5,1,1,8,1,0,0,3,4,1,1,3,2,2,5,10
"81",3,9,2,1,12,5,2,1,11,4,1,0,1,0,0,4,1,1,2,9,11
"82",4,15,3,1,17,9,2,1,12,6,5,4,5,4,0,6,5,1,2,16,16
"83",5,15,7,1,26,15,3,1,17,4,0,0,4,6,4,4,6,2,2,20,25
"84",6,15,11,1,30,15,7,1,26,4,4,0,4,0,0,4,4,2,2,24,29
"85",7,19,12,6,1,15,11,1,30,1,5,5,5,5,0,1,5,2,1,29,5
"86",8,19,17,10,1,19,12,6,1,5,0,0,4,5,6,5,4,2,1,34,9
"87",9,27,17,10,6,19,17,10,1,5,6,0,5,0,0,6,5,1,2,42,14
"88",10,27,21,15,6,27,17,10,6,4,2,5,2,5,0,4,5,2,1,46,19
"89",11,1,21,23,11,27,21,15,6,2,0,0,5,2,3,2,5,1,2,20,32
"90",12,1,21,23,11,1,21,23,11,2,3,0,NA,0,0,0,0,0,0,20,32
"91",0,0,0,0,0,0,0,0,0,0,0,0,0,0,0,0,0,0,0,0,0
"92",1,7,10,1,5,1,1,1,1,4,6,3,4,3,0,6,4,2,2,15,4
"93",2,7,13,1,12,7,10,1,5,3,0,0,2,1,6,3,6,2,2,18,11
"94",3,7,15,1,13,7,13,1,12,2,1,0,1,0,0,2,1,2,2,20,12
"95",4,11,15,1,20,7,15,1,13,6,3,4,6,3,0,4,6,1,2,24,19
"96",5,11,18,1,30,11,15,1,20,3,0,0,4,6,3,3,6,2,2,27,29
"97",6,11,21,1,34,11,18,1,30,4,3,0,4,0,0,3,4,2,2,30,33
"98",7,11,31,11,39,11,21,1,34,6,4,6,4,6,0,6,6,2,1,40,86
"99",8,15,1,21,39,11,31,11,39,4,0,0,2,6,4,4,2,1,1,14,96
"100",9,30,1,25,39,15,1,21,39,6,4,0,4,0,0,6,4,1,1,29,100
"101",10,35,1,26,39,30,1,25,39,5,1,3,1,3,0,5,1,1,1,34,101
"102",11,35,4,31,39,35,1,26,39,3,0,0,1,5,2,3,5,2,1,37,106
"103",12,35,4,31,39,35,4,31,39,1,2,0,NA,0,0,0,0,0,0,37,106
"104",0,0,0,0,0,0,0,0,0,0,0,0,0,0,0,0,0,0,0,0,0
"105",1,1,8,1,5,1,1,1,1,6,2,4,2,4,0,6,4,2,2,7,4
"106",2,1,10,5,11,1,8,1,5,2,0,0,6,1,6,2,6,2,2,9,14
"107",3,6,16,6,11,1,10,5,11,1,6,0,1,0,0,6,1,2,1,20,15
"108",4,6,18,9,11,6,16,6,11,1,3,2,1,3,0,2,3,2,1,22,18
"109",5,6,19,13,11,6,18,9,11,1,0,0,4,4,6,1,4,2,1,23,22
"110",6,12,21,13,15,6,19,13,11,4,6,0,4,0,0,6,4,1,2,31,26
"111",7,12,25,17,15,12,21,13,15,4,4,3,4,3,0,4,4,2,1,35,30
"112",8,15,25,18,15,12,25,17,15,3,0,0,1,1,1,3,1,1,1,38,31
"113",9,15,26,19,15,15,25,18,15,1,1,0,1,0,0,1,1,2,1,39,32
"114",10,25,26,22,15,15,26,19,15,3,6,1,3,1,0,6,3,1,1,49,35
"115",11,25,27,26,15,25,26,22,15,1,0,0,4,6,2,1,4,2,1,50,39
"116",12,25,27,26,15,25,27,26,15,6,2,0,NA,0,0,0,0,0,0,50,39
"117",0,0,0,0,0,0,0,0,0,0,0,0,0,0,0,0,0,0,0,0,0
"118",1,5,7,1,9,1,1,1,1,5,6,6,5,6,0,6,6,2,2,10,8
"119",2,10,7,4,9,5,7,1,9,5,0,0,5,5,3,5,3,1,1,15,11
"120",3,15,7,4,14,10,7,4,9,5,5,0,5,0,0,5,5,1,2,20,16
"121",4,20,7,4,17,15,7,4,14,5,3,4,3,4,0,5,3,1,2,25,19
"122",5,24,7,11,17,20,7,4,17,4,0,0,6,6,1,4,6,1,1,29,26
"123",6,24,19,11,18,24,7,11,17,6,1,0,1,0,0,6,1,2,2,41,27
"124",7,24,23,11,21,24,19,11,18,4,3,1,3,1,0,4,3,2,2,45,30
"125",8,25,23,11,25,24,23,11,21,1,0,0,4,5,3,1,4,1,2,46,34
"126",9,25,26,11,30,25,23,11,25,5,3,0,5,0,0,3,5,2,2,49,39
"127",10,28,26,11,38,25,26,11,30,6,6,3,6,6,0,3,6,1,2,52,47
"128",11,38,26,16,38,28,26,11,38,6,0,0,5,6,3,6,5,1,1,62,52
"129",12,38,26,16,38,38,26,16,38,6,3,0,NA,0,0,0,0,0,0,62,52
"130",0,0,0,0,0,0,0,0,0,0,0,0,0,0,0,0,0,0,0,0,0
"131",1,1,5,5,1,1,1,1,1,4,4,1,4,1,0,4,4,2,1,4,4
"132",2,2,5,5,9,1,5,5,1,1,0,0,6,6,5,1,6,1,2,5,12
"133",3,2,13,10,9,2,5,5,9,6,5,0,5,0,0,6,5,2,1,13,17
"134",4,2,18,10,11,2,13,10,9,2,5,1,2,1,0,5,2,2,2,18,19
"135",5,3,18,12,17,2,18,10,11,1,0,0,4,6,1,1,6,1,2,19,27
"136",6,7,18,12,18,3,18,12,17,4,1,0,1,0,0,4,1,1,2,23,28
"137",7,12,24,12,20,7,18,12,18,6,2,2,2,2,0,6,2,2,2,34,30
"138",8,12,26,18,22,12,24,12,20,2,0,0,6,4,1,2,6,2,1,36,38
"139",9,12,30,18,23,12,26,18,22,4,1,0,1,0,0,4,1,2,2,40,39
"140",10,12,37,18,27,12,30,18,23,6,4,2,4,2,0,6,4,2,2,47,43
"141",11,17,39,19,27,12,37,18,27,2,0,0,1,5,4,2,1,2,1,92,44
"142",12,17,39,19,27,17,39,19,27,5,4,0,NA,0,0,0,0,0,0,92,44
"143",0,0,0,0,0,0,0,0,0,0,0,0,0,0,0,0,0,0,0,0,0
"144",1,3,1,1,6,1,1,1,1,5,2,4,5,4,0,2,5,1,2,2,5
"145",2,7,1,7,11,3,1,1,6,4,0,0,6,2,6,4,6,1,1,6,16
"146",3,15,1,7,13,7,1,7,11,2,6,0,2,0,0,6,2,1,2,14,18
"147",4,18,1,7,18,15,1,7,13,3,5,1,5,1,0,3,5,1,2,17,23
"148",5,18,2,12,18,18,1,7,18,1,0,0,2,5,2,1,5,2,1,18,28
"149",6,20,2,14,18,18,2,12,18,2,2,0,2,0,0,2,2,1,1,20,30
"150",7,21,2,16,18,20,2,14,18,1,2,1,2,1,0,1,2,1,1,21,32
"151",8,22,2,16,23,21,2,16,18,1,0,0,5,1,5,1,5,1,2,22,37
"152",9,27,2,16,24,22,2,16,23,1,5,0,1,0,0,5,1,1,2,27,38
"153",10,31,6,16,6,27,2,16,24,4,4,5,4,5,0,4,5,2,2,35,20
"154",11,35,6,19,6,31,6,16,6,4,0,0,3,2,3,4,3,1,1,39,23
"155",12,35,6,19,6,35,6,19,6,2,3,0,NA,0,0,0,0,0,0,39,23
"156",0,0,0,0,0,0,0,0,0,0,0,0,0,0,0,0,0,0,0,0,0
"157",1,1,4,6,7,1,1,1,1,6,2,3,6,2,0,3,6,2,2,3,11
"158",2,3,4,6,9,1,4,6,7,2,0,0,3,4,2,2,2,1,2,5,13
"159",3,3,8,9,9,3,4,6,9,3,4,0,3,0,0,4,3,2,1,9,16
"160",4,3,11,14,9,3,8,9,9,5,3,4,5,4,0,3,5,2,1,12,21
"161",5,3,15,20,12,3,11,14,9,4,0,0,2,6,6,4,6,2,1,16,30
"162",6,3,23,20,14,3,15,20,12,2,6,0,2,0,0,6,2,2,2,24,32
"163",7,3,28,20,22,3,23,20,14,5,3,6,3,6,0,5,6,2,2,29,40
"164",8,3,31,20,33,3,28,20,22,3,0,0,4,1,6,3,6,2,2,32,51
"165",9,3,35,20,34,3,31,20,33,4,1,0,1,0,0,4,1,2,2,36,52
"166",10,8,39,20,37,3,35,20,34,3,2,4,3,2,0,4,3,2,2,83,55
"167",11,10,39,27,39,8,39,20,37,2,0,0,3,2,2,2,2,1,2,85,102
"168",12,10,39,27,39,10,39,27,39,3,2,0,NA,0,0,0,0,0,0,85,102
"169",0,0,0,0,0,0,0,0,0,0,0,0,0,0,0,0,0,0,0,0,0
"170",1,1,8,1,5,1,1,1,1,1,4,6,1,4,0,6,4,2,2,7,4
"171",2,1,9,13,6,1,8,1,5,1,0,0,3,4,6,1,6,2,1,8,17
"172",3,1,13,16,6,1,9,13,6,3,4,0,3,0,0,4,3,2,1,12,20
"173",4,1,15,16,13,1,13,16,6,2,6,5,6,5,0,2,6,2,2,14,27
"174",5,1,20,16,23,1,15,16,13,5,0,0,2,6,4,5,6,2,2,19,37
"175",6,8,20,18,1,1,20,16,23,2,4,0,2,0,0,4,2,1,1,26,17
"176",7,9,26,18,3,8,20,18,1,2,2,6,2,2,0,6,2,2,2,33,19
"177",8,9,28,18,7,9,26,18,3,2,0,0,2,4,2,2,4,2,2,35,23
"178",9,11,28,18,9,9,28,18,7,2,2,0,2,0,0,2,2,1,2,37,25
"179",10,12,28,22,9,11,28,18,9,4,2,1,4,2,0,1,4,1,1,38,29
"180",11,12,30,27,9,12,28,22,9,2,0,0,5,1,5,2,5,2,1,40,34
"181",12,12,30,27,9,12,30,27,9,1,5,0,NA,0,0,0,0,0,0,40,34
"182",0,0,0,0,0,0,0,0,0,0,0,0,0,0,0,0,0,0,0,0,0
"183",1,7,3,1,3,1,1,1,1,2,1,6,2,1,0,6,2,1,2,8,2
"184",2,7,4,1,8,7,3,1,3,1,0,0,2,5,2,1,5,2,2,9,7
"185",3,7,6,1,10,7,4,1,8,2,2,0,2,0,0,2,2,2,2,11,9
"186",4,16,6,7,11,7,6,1,10,6,6,1,6,1,0,6,6,1,1,20,16
"187",5,17,6,11,11,16,6,7,11,1,0,0,3,1,4,1,4,1,1,21,20
"188",6,18,6,11,14,17,6,11,11,3,1,0,3,0,0,1,3,1,2,22,23
"189",7,18,11,11,18,18,6,11,14,4,4,5,4,4,0,5,4,2,2,27,27
"190",8,18,15,19,24,18,11,11,18,4,0,0,6,2,5,4,6,2,2,31,41
"191",9,23,15,19,26,18,15,19,24,2,5,0,2,0,0,5,2,1,2,36,43
"192",10,33,15,19,38,23,15,19,26,6,6,6,6,6,0,6,6,1,2,46,55
"193",11,39,19,24,38,33,15,19,38,6,0,0,5,2,3,6,5,1,1,94,60
"194",12,39,19,24,38,39,19,24,38,2,3,0,NA,0,0,0,0,0,0,94,60
"195",0,0,0,0,0,0,0,0,0,0,0,0,0,0,0,0,0,0,0,0,0
"196",1,7,6,1,14,1,1,1,1,2,6,6,2,6,0,6,6,1,2,11,13
"197",2,7,8,11,20,7,6,1,14,2,0,0,3,5,6,2,6,2,2,13,29
"198",3,12,8,11,23,7,8,11,20,3,5,0,3,0,0,5,3,1,2,18,32
"199",4,14,8,16,23,12,8,11,23,2,1,5,1,5,0,2,5,1,1,20,37
"200",5,15,8,22,30,14,8,16,23,1,0,0,4,6,1,1,6,1,1,21,50
"201",6,15,17,23,1,15,8,22,30,4,1,0,1,0,0,4,1,2,1,30,22
"202",7,17,17,30,7,15,17,23,1,6,2,5,6,5,0,2,6,1,1,32,35
"203",8,17,22,30,11,17,17,30,7,5,0,0,4,4,3,5,4,2,2,37,39
"204",9,21,22,30,14,17,22,30,11,4,3,0,3,0,0,4,3,1,2,41,42
"205",10,21,26,33,14,21,22,30,14,2,3,4,2,3,0,4,3,2,1,45,45
"206",11,23,26,38,14,21,26,33,14,2,0,0,5,2,2,2,5,1,1,47,50
"207",12,23,26,38,14,23,26,38,14,2,2,0,NA,0,0,0,0,0,0,47,50
"208",0,0,0,0,0,0,0,0,0,0,0,0,0,0,0,0,0,0,0,0,0
"209",1,1,6,6,1,1,1,1,1,5,1,5,1,5,0,5,5,2,1,5,5
"210",2,1,7,7,13,1,6,6,1,1,0,0,6,2,3,1,6,2,2,6,18
"211",3,1,9,7,16,1,7,7,13,2,3,0,3,0,0,2,3,2,2,8,21
"212",4,1,12,8,16,1,9,7,16,2,1,3,2,1,0,3,1,2,1,11,22
"213",5,1,14,18,16,1,12,8,16,2,0,0,3,6,1,2,6,2,1,13,32
"214",6,2,14,21,16,1,14,18,16,3,1,0,3,0,0,1,3,1,1,14,35
"215",7,1,16,27,23,2,14,21,16,4,6,2,4,6,0,2,6,2,1,15,48
"216",8,6,16,32,1,1,16,27,23,4,0,0,5,3,2,4,5,1,1,20,31
"217",9,8,16,32,4,6,16,32,1,3,2,0,3,0,0,2,3,1,2,22,34
"218",10,8,21,37,4,8,16,32,4,3,5,5,3,5,0,5,5,2,1,27,39
"219",11,11,21,38,10,8,21,37,4,3,0,0,6,4,6,3,6,1,2,30,46
"220",12,11,21,38,10,11,21,38,10,4,6,0,NA,0,0,0,0,0,0,30,46
"221",0,0,0,0,0,0,0,0,0,0,0,0,0,0,0,0,0,0,0,0,0
"222",1,5,1,4,1,1,1,1,1,4,1,3,1,3,0,4,3,1,1,4,3
"223",2,5,2,4,6,5,1,4,1,1,0,0,5,1,3,1,5,2,2,5,8
"224",3,8,2,5,6,5,2,4,6,1,3,0,1,0,0,3,1,1,1,8,9
"225",4,8,7,5,10,8,2,5,6,5,4,3,4,3,0,5,4,2,2,13,13
"226",5,8,10,10,10,8,7,5,10,3,0,0,5,2,1,3,5,2,1,16,18
"227",6,9,10,12,10,8,10,10,10,2,1,0,2,0,0,1,2,1,1,17,20
"228",7,14,10,16,10,9,10,12,10,4,1,5,4,1,0,5,4,1,1,22,24
"229",8,15,10,16,15,14,10,16,10,1,0,0,1,2,5,1,5,1,2,23,29
"230",9,15,12,17,15,15,10,16,15,1,2,0,1,0,0,2,1,2,1,25,30
"231",10,15,19,24,21,15,12,17,15,2,6,6,2,6,0,6,6,2,1,32,43
"232",11,15,21,37,21,15,19,24,21,2,0,0,2,4,6,2,6,2,1,34,56
"233",12,15,21,37,21,15,21,37,21,2,4,0,NA,0,0,0,0,0,0,34,56
"234",0,0,0,0,0,0,0,0,0,0,0,0,0,0,0,0,0,0,0,0,0
"235",1,4,1,4,1,1,1,1,1,2,3,3,2,3,0,3,3,1,1,3,3
"236",2,4,3,4,10,4,1,4,1,2,0,0,4,4,6,2,6,2,2,5,12
"237",3,8,3,8,10,4,3,4,10,4,4,0,4,0,0,4,4,1,1,9,16
"238",4,13,3,13,10,8,3,8,10,5,3,5,3,5,0,5,5,1,1,14,21
"239",5,16,3,19,14,13,3,13,10,3,0,0,6,4,6,3,6,1,1,17,31
"240",6,28,5,19,18,16,3,19,14,4,6,0,4,0,0,6,4,1,2,31,35
"241",7,33,5,19,28,28,5,19,18,5,5,6,5,6,0,5,6,1,2,36,45
"242",8,33,11,19,5,33,5,19,28,5,0,0,4,5,1,5,4,2,2,42,22
"243",9,33,16,19,6,33,11,19,5,5,1,0,1,0,0,5,1,2,2,47,23
"244",10,37,22,22,6,33,16,19,6,3,6,6,3,6,0,6,3,2,1,57,26
"245",11,37,32,26,6,37,22,22,6,6,0,0,4,2,3,6,4,2,1,67,30
"246",12,37,32,26,6,37,32,26,6,2,3,0,NA,0,0,0,0,0,0,67,30
"247",0,0,0,0,0,0,0,0,0,0,0,0,0,0,0,0,0,0,0,0,0
"248",1,9,1,6,1,1,1,1,1,5,5,6,5,5,0,6,5,1,1,8,5
"249",2,14,1,6,4,9,1,6,1,5,0,0,2,3,4,5,3,1,2,13,8
"250",3,18,1,8,4,14,1,6,4,2,4,0,2,0,0,4,2,1,1,17,10
"251",4,21,1,15,4,18,1,8,4,6,6,3,6,6,0,3,6,1,1,20,17
"252",5,21,10,21,7,21,1,15,4,6,0,0,3,6,2,6,6,2,1,29,26
"253",6,24,10,21,9,21,10,21,7,3,2,0,2,0,0,3,2,1,2,32,28
"254",7,24,19,24,9,24,10,21,9,3,2,6,3,2,0,6,3,2,1,41,31
"255",8,26,19,28,9,24,19,24,9,2,0,0,2,4,3,2,4,1,1,43,35
"256",9,26,22,28,11,26,19,28,9,2,3,0,2,0,0,3,2,2,2,46,37
"257",10,31,28,28,8,26,22,28,11,3,6,6,3,6,0,6,6,2,2,57,34
"258",11,31,31,32,8,31,28,28,8,3,0,0,5,5,4,3,4,2,1,60,38
"259",12,31,31,32,8,31,31,32,8,5,5,0,NA,0,0,0,0,0,0,60,38
"260",0,0,0,0,0,0,0,0,0,0,0,0,0,0,0,0,0,0,0,0,0
"261",1,1,6,1,6,1,1,1,1,5,4,5,4,5,0,5,5,2,2,5,5
"262",2,5,6,1,11,1,6,1,6,4,0,0,2,5,6,4,5,1,2,9,10
"263",3,14,6,1,13,5,6,1,11,2,6,0,2,0,0,6,2,1,2,18,12
"264",4,14,17,1,22,14,6,1,13,6,3,6,3,6,0,6,6,2,2,29,21
"265",5,17,17,6,28,14,17,1,22,3,0,0,5,6,6,3,6,1,2,32,32
"266",6,17,26,6,33,17,17,6,28,5,6,0,5,0,0,6,5,2,2,41,37
"267",7,22,26,9,39,17,26,6,33,6,6,5,6,6,0,5,6,1,2,46,84
"268",8,22,35,24,39,22,26,9,39,6,0,0,6,6,2,6,6,2,1,55,99
"269",9,28,37,26,39,22,35,24,39,6,2,0,2,0,0,6,2,1,1,63,101
"270",10,28,38,33,39,28,37,26,39,6,3,1,6,3,0,1,6,2,1,64,108
"271",11,31,38,34,39,28,38,33,39,3,0,0,1,1,1,3,1,1,1,67,109
"272",12,31,38,34,39,31,38,34,39,1,1,0,NA,0,0,0,0,0,0,67,109
"273",0,0,0,0,0,0,0,0,0,0,0,0,0,0,0,0,0,0,0,0,0
"274",1,6,1,1,2,1,1,1,1,5,1,1,1,1,0,5,1,1,2,5,1
"275",2,7,1,8,8,6,1,1,2,1,0,0,6,2,2,1,6,1,2,6,14
"276",3,7,3,8,10,7,1,8,8,2,2,0,2,0,0,2,2,2,2,8,16
"277",4,9,3,11,10,7,3,8,10,3,1,2,3,1,0,2,3,1,1,10,19
"278",5,9,4,11,15,9,3,11,10,1,0,0,3,6,5,1,5,2,2,11,24
"279",6,20,4,14,15,9,4,11,15,3,6,0,3,0,0,6,3,1,1,22,27
"280",7,20,8,16,15,20,4,14,15,2,4,1,2,1,0,4,2,2,1,26,29
"281",8,21,8,22,20,20,8,16,15,1,0,0,4,6,6,1,6,1,1,27,40
"282",9,25,8,28,23,21,8,22,20,4,6,0,6,0,0,4,6,1,1,31,49
"283",10,1,1,8,31,25,8,28,23,6,2,3,6,3,0,2,6,2,1,0,37
"284",11,4,1,11,31,1,1,8,31,3,0,0,3,1,4,3,3,1,1,3,40
"285",12,4,1,11,31,4,1,11,31,1,4,0,NA,0,0,0,0,0,0,3,40
"286",0,0,0,0,0,0,0,0,0,0,0,0,0,0,0,0,0,0,0,0,0
"287",1,1,6,1,5,1,1,1,1,2,4,5,2,4,0,5,4,2,2,5,4
"288",2,1,8,1,9,1,6,1,5,2,0,0,4,4,6,2,4,2,2,7,8
"289",3,2,14,1,13,1,8,1,9,4,6,0,4,0,0,6,4,2,2,14,12
"290",4,5,14,5,13,2,14,1,13,3,4,4,4,4,0,3,4,1,1,17,16
"291",5,9,14,8,19,5,14,5,13,4,0,0,3,6,2,4,6,1,2,21,25
"292",6,9,17,10,19,9,14,8,19,3,2,0,2,0,0,3,2,2,1,24,27
"293",7,9,22,10,23,9,17,10,19,5,1,4,1,4,0,5,4,2,2,29,31
"294",8,9,23,15,23,9,22,10,23,1,0,0,5,3,1,1,5,2,1,30,36
"295",9,9,26,15,24,9,23,15,23,3,1,0,1,0,0,3,1,2,2,33,37
"296",10,9,29,19,24,9,26,15,24,4,3,4,4,4,0,3,4,2,1,36,41
"297",11,13,29,23,24,9,29,19,24,4,0,0,4,5,4,4,4,1,1,40,45
"298",12,13,29,23,24,13,29,23,24,5,4,0,NA,0,0,0,0,0,0,40,45
"299",0,0,0,0,0,0,0,0,0,0,0,0,0,0,0,0,0,0,0,0,0
"300",1,1,10,1,6,1,1,1,1,2,5,6,2,5,0,6,5,2,2,9,5
"301",2,3,10,1,13,1,10,1,6,2,0,0,4,6,1,2,6,1,2,11,12
"302",3,3,14,1,14,3,10,1,13,4,1,0,1,0,0,4,1,2,2,15,13
"303",4,5,20,1,19,3,14,1,14,6,5,4,5,4,0,6,5,2,2,23,18
"304",5,5,24,2,19,5,20,1,19,4,0,0,1,1,4,4,1,2,1,27,19
"305",6,5,28,2,20,5,24,2,19,1,4,0,1,0,0,4,1,2,2,31,20
"306",7,6,28,11,20,5,28,2,20,2,1,6,2,6,0,1,6,1,1,32,29
"307",8,1,28,11,29,6,28,11,20,2,0,0,6,1,4,2,6,1,2,27,38
"308",9,5,28,11,30,1,28,11,29,1,4,0,1,0,0,4,1,1,2,31,39
"309",10,5,33,1,35,5,28,11,30,3,1,5,3,5,0,1,5,2,2,36,34
"310",11,5,36,4,35,5,33,1,35,3,0,0,5,3,2,3,3,2,1,39,37
"311",12,5,36,4,35,5,36,4,35,5,2,0,NA,0,0,0,0,0,0,39,37
"312",0,0,0,0,0,0,0,0,0,0,0,0,0,0,0,0,0,0,0,0,0
"313",1,4,1,11,1,1,1,1,1,6,2,3,6,2,0,3,6,1,1,3,10
"314",2,4,3,16,7,4,1,11,1,2,0,0,1,1,6,2,6,2,2,5,21
"315",3,5,3,16,8,4,3,16,7,1,1,0,1,0,0,1,1,1,2,6,22
"316",4,8,3,16,12,5,3,16,8,4,4,3,4,4,0,3,4,1,2,9,26
"317",5,12,3,20,12,8,3,16,12,4,0,0,1,3,4,4,4,1,1,13,30
"318",6,15,3,20,13,12,3,20,12,1,3,0,1,0,0,3,1,1,2,16,31
"319",7,16,3,20,16,15,3,20,13,3,1,3,3,3,0,1,3,1,2,17,34
"320",8,19,1,24,16,16,3,20,16,3,0,0,4,1,1,3,1,1,1,18,38
"321",9,20,1,28,16,19,1,24,16,4,1,0,4,0,0,1,4,1,1,19,42
"322",10,20,3,33,16,20,1,28,16,5,1,2,5,1,0,2,5,2,1,21,47
"323",11,21,3,37,16,20,3,33,16,1,0,0,4,4,6,1,4,1,1,22,51
"324",12,21,3,37,16,21,3,37,16,4,6,0,NA,0,0,0,0,0,0,22,51
"325",0,0,0,0,0,0,0,0,0,0,0,0,0,0,0,0,0,0,0,0,0
"326",1,2,1,2,7,1,1,1,1,1,6,1,6,1,0,1,6,1,2,1,7
"327",2,2,2,8,9,2,1,2,7,1,0,0,6,6,2,1,6,2,1,2,15
"328",3,2,9,10,9,2,2,8,9,6,2,0,2,0,0,6,2,2,1,9,17
"329",4,2,21,15,9,2,9,10,9,5,6,5,5,5,0,6,5,2,1,21,22
"330",5,2,26,26,9,2,21,15,9,5,0,0,4,3,6,5,6,2,1,26,33
"331",6,6,26,29,9,2,26,26,9,4,3,0,3,0,0,4,3,1,1,30,36
"332",7,11,36,1,12,6,26,29,9,5,6,3,6,3,0,5,3,1,2,45,11
"333",8,22,36,6,12,11,36,1,12,6,0,0,4,6,5,6,5,1,1,56,16
"334",9,31,36,10,12,22,36,6,12,4,6,0,4,0,0,6,4,1,1,65,20
"335",10,34,39,12,12,31,36,10,12,3,2,6,2,6,0,3,2,2,1,109,22
"336",11,41,39,14,12,34,39,12,12,6,0,0,2,1,1,6,2,1,1,116,24
"337",12,41,39,14,12,41,39,14,12,1,1,0,NA,0,0,0,0,0,0,116,24
"338",0,0,0,0,0,0,0,0,0,0,0,0,0,0,0,0,0,0,0,0,0
"339",1,1,5,1,3,1,1,1,1,4,1,2,1,2,0,4,2,2,2,4,2
"340",2,2,5,5,3,1,5,1,3,1,0,0,2,2,4,1,4,1,1,5,6
"341",3,2,7,7,3,2,5,5,3,2,2,0,2,0,0,2,2,2,1,7,8
"342",4,4,13,11,3,2,7,7,3,4,3,6,4,3,0,6,4,2,1,15,12
"343",5,7,13,16,3,4,13,11,3,3,0,0,2,5,1,3,5,1,1,18,17
"344",6,9,13,16,4,7,13,16,3,2,1,0,1,0,0,2,1,1,2,20,18
"345",7,9,17,21,4,9,13,16,4,4,5,3,5,3,0,4,5,2,1,24,23
"346",8,12,17,21,8,9,17,21,4,3,0,0,4,3,2,3,4,1,2,27,27
"347",9,14,17,24,8,12,17,21,8,3,2,0,3,0,0,2,3,1,1,29,30
"348",10,16,23,29,8,14,17,24,8,5,6,4,5,4,0,6,5,2,1,37,35
"349",11,20,23,32,8,16,23,29,8,4,0,0,2,3,5,4,3,1,1,41,38
"350",12,20,23,32,8,20,23,32,8,2,5,0,NA,0,0,0,0,0,0,41,38
"351",0,0,0,0,0,0,0,0,0,0,0,0,0,0,0,0,0,0,0,0,0
"352",1,5,1,1,5,1,1,1,1,1,4,4,1,4,0,4,4,1,2,4,4
"353",2,6,1,5,5,5,1,1,5,1,0,0,4,1,1,1,4,1,1,5,8
"354",3,6,2,6,5,6,1,5,5,1,1,0,1,0,0,1,1,2,1,6,9
"355",4,11,2,7,11,6,2,6,5,6,5,5,6,5,0,5,6,1,2,11,16
"356",5,11,7,10,11,11,2,7,11,5,0,0,3,1,2,5,3,2,1,16,19
"357",6,11,9,11,11,11,7,10,11,1,2,0,1,0,0,2,1,2,1,18,20
"358",7,16,9,17,12,11,9,11,11,4,6,5,4,6,0,5,6,1,1,23,27
"359",8,20,9,17,16,16,9,17,12,4,0,0,5,3,4,4,4,1,2,27,31
"360",9,20,14,20,16,20,9,17,16,5,3,0,3,0,0,5,3,2,1,32,34
"361",10,26,17,24,16,20,14,20,16,4,6,4,4,4,0,6,4,1,1,41,38
"362",11,26,21,26,16,26,17,24,16,4,0,0,2,4,3,4,2,2,1,45,40
"363",12,26,21,26,16,26,21,26,16,4,3,0,NA,0,0,0,0,0,0,45,40
"364",0,0,0,0,0,0,0,0,0,0,0,0,0,0,0,0,0,0,0,0,0
"365",1,4,1,7,5,1,1,1,1,1,3,6,1,6,0,3,6,1,1,3,10
"366",2,4,2,12,5,4,1,7,5,1,0,0,2,5,1,1,5,2,1,4,15
"367",3,6,2,13,5,4,2,12,5,2,1,0,1,0,0,2,1,1,1,6,16
"368",4,12,5,13,7,6,2,13,5,6,2,2,2,2,0,6,2,1,2,15,18
"369",5,12,7,13,12,12,5,13,7,2,0,0,5,1,5,2,5,2,2,17,23
"370",6,12,12,14,12,12,7,13,12,1,5,0,1,0,0,5,1,2,1,22,24
"371",7,17,12,17,12,12,12,14,12,1,3,5,1,3,0,5,3,1,1,27,27
"372",8,17,13,22,12,17,12,17,12,1,0,0,5,4,5,1,5,2,1,28,32
"373",9,17,17,22,17,17,13,22,12,4,5,0,5,0,0,4,5,2,2,32,37
"374",10,21,23,26,17,17,17,22,17,6,4,2,4,2,0,6,4,2,1,42,41
"375",11,23,23,37,17,21,23,26,17,2,0,0,5,3,6,2,6,1,1,44,52
"376",12,23,23,37,17,23,23,37,17,5,3,0,NA,0,0,0,0,0,0,44,52
"377",0,0,0,0,0,0,0,0,0,0,0,0,0,0,0,0,0,0,0,0,0
"378",1,4,1,7,11,1,1,1,1,3,3,6,3,6,0,3,6,1,2,3,16
"379",2,7,1,9,11,4,1,7,11,3,0,0,4,1,2,3,2,1,1,6,18
"380",3,7,5,9,12,7,1,9,11,4,1,0,1,0,0,4,1,2,2,10,19
"381",4,11,5,9,17,7,5,9,12,5,2,4,5,2,0,4,5,1,2,14,24
"382",5,13,5,11,17,11,5,9,17,2,0,0,2,2,5,2,2,1,1,16,26
"383",6,13,10,11,19,13,5,11,17,2,5,0,2,0,0,5,2,2,2,21,28
"384",7,13,15,16,19,13,10,11,19,2,5,5,2,5,0,5,5,2,1,26,33
"385",8,15,15,19,19,13,15,16,19,2,0,0,3,3,2,2,3,1,1,28,36
"386",9,18,15,19,21,15,15,19,19,3,2,0,2,0,0,3,2,1,2,31,38
"387",10,23,15,19,26,18,15,19,21,2,5,5,2,5,0,5,5,1,2,36,43
"388",11,25,15,27,26,23,15,19,26,2,0,0,6,6,6,2,6,1,1,38,51
"389",12,25,15,27,26,25,15,27,26,6,6,0,NA,0,0,0,0,0,0,38,51
"390",0,0,0,0,0,0,0,0,0,0,0,0,0,0,0,0,0,0,0,0,0
"391",1,1,12,4,1,1,1,1,1,6,4,3,4,3,0,6,3,2,1,11,3
"392",2,1,16,9,1,1,12,4,1,4,0,0,2,5,5,4,5,2,1,15,8
"393",3,6,16,9,3,1,16,9,1,2,5,0,2,0,0,5,2,1,2,20,10
"394",4,18,32,1,4,6,16,9,3,6,3,1,3,1,0,6,3,1,2,48,3
"395",5,19,32,1,8,18,32,1,4,1,0,0,4,5,3,1,4,1,2,49,7
"396",6,24,32,4,8,19,32,1,8,5,3,0,3,0,0,5,3,1,1,54,10
"397",7,24,37,4,11,24,32,4,8,5,3,2,3,2,0,5,3,2,2,59,13
"398",8,26,37,7,11,24,37,4,11,2,0,0,3,4,2,2,3,1,1,61,16
"399",9,28,37,7,15,26,37,7,11,4,2,0,4,0,0,2,4,1,2,63,20
"400",10,30,37,8,21,28,37,7,15,2,6,6,6,6,0,2,6,1,2,65,27
"401",11,40,37,10,21,30,37,8,21,6,0,0,2,4,4,6,2,1,1,75,29
"402",12,40,37,10,21,40,37,10,21,4,4,0,NA,0,0,0,0,0,0,75,29
"403",0,0,0,0,0,0,0,0,0,0,0,0,0,0,0,0,0,0,0,0,0
"404",1,3,1,1,2,1,1,1,1,1,1,2,1,1,0,2,1,1,2,2,1
"405",2,4,1,7,5,3,1,1,2,1,0,0,1,6,4,1,6,1,1,3,10
"406",3,8,1,7,6,4,1,7,5,1,4,0,1,0,0,4,1,1,2,7,11
"407",4,10,1,18,6,8,1,7,6,6,2,2,6,2,0,2,6,1,1,9,22
"408",5,12,1,18,10,10,1,18,6,2,0,0,1,1,4,2,4,1,2,11,26
"409",6,13,1,18,11,12,1,18,10,1,1,0,1,0,0,1,1,1,2,12,27
"410",7,18,1,18,14,13,1,18,11,1,5,3,1,3,0,5,3,1,2,17,30
"411",8,19,1,18,15,18,1,18,14,1,0,0,1,4,2,1,1,1,2,18,31
"412",9,23,1,20,15,19,1,18,15,4,2,0,2,0,0,4,2,1,1,22,33
"413",10,23,4,20,20,23,1,20,15,3,3,5,3,5,0,3,5,2,2,25,38
"414",11,26,1,22,21,23,4,20,20,3,0,0,4,2,2,3,2,1,1,25,41
"415",12,26,1,22,21,26,1,22,21,4,2,0,NA,0,0,0,0,0,0,25,41
"416",0,0,0,0,0,0,0,0,0,0,0,0,0,0,0,0,0,0,0,0,0
"417",1,1,5,1,2,1,1,1,1,1,1,4,1,1,0,4,1,2,2,4,1
"418",2,2,5,1,13,1,5,1,2,1,0,0,3,6,1,1,6,1,2,5,12
"419",3,5,5,1,14,2,5,1,13,3,1,0,1,0,0,3,1,1,2,8,13
"420",4,10,5,1,18,5,5,1,14,1,5,4,1,4,0,5,4,1,2,13,17
"421",5,11,5,7,20,10,5,1,18,1,0,0,2,4,6,1,6,1,1,14,25
"422",6,13,5,11,20,11,5,7,20,2,4,0,4,0,0,2,4,1,1,16,29
"423",7,13,10,17,21,13,5,11,20,5,4,6,4,6,0,5,6,2,1,21,36
"424",8,13,14,25,21,13,10,17,21,4,0,0,1,2,6,4,6,2,1,25,44
"425",9,14,14,25,23,13,14,25,21,1,2,0,2,0,0,1,2,1,2,26,46
"426",10,15,14,26,23,14,14,25,23,1,1,3,1,3,0,1,1,1,1,27,47
"427",11,18,14,31,23,15,14,26,23,3,0,0,5,5,2,3,5,1,1,30,52
"428",12,18,14,31,23,18,14,31,23,5,2,0,NA,0,0,0,0,0,0,30,52
"429",0,0,0,0,0,0,0,0,0,0,0,0,0,0,0,0,0,0,0,0,0
"430",1,1,5,5,1,1,1,1,1,4,4,2,4,2,0,4,4,2,1,4,4
"431",2,3,5,5,4,1,5,5,1,2,0,0,2,3,2,2,3,1,2,6,7
"432",3,5,5,5,6,3,5,5,4,2,2,0,2,0,0,2,2,1,2,8,9
"433",4,5,10,12,6,5,5,5,6,5,6,5,6,5,0,5,6,2,1,13,16
"434",5,10,10,17,6,5,10,12,6,5,0,0,3,4,5,5,5,1,1,18,21
"435",6,10,14,17,9,10,10,17,6,3,4,0,3,0,0,4,3,2,2,22,24
"436",7,18,14,22,9,10,14,17,9,5,4,6,5,4,0,6,5,1,1,30,29
"437",8,22,14,26,9,18,14,22,9,4,0,0,4,6,2,4,4,1,1,34,33
"438",9,28,17,28,9,22,14,26,9,6,2,0,2,0,0,6,2,1,1,43,35
"439",10,28,21,32,9,28,17,28,9,4,4,2,4,2,0,4,4,2,1,47,39
"440",11,28,23,37,9,28,21,32,9,2,0,0,5,6,5,2,5,2,1,49,44
"441",12,28,23,37,9,28,23,37,9,6,5,0,NA,0,0,0,0,0,0,49,44
"442",0,0,0,0,0,0,0,0,0,0,0,0,0,0,0,0,0,0,0,0,0
"443",1,4,1,1,4,1,1,1,1,2,3,3,2,3,0,3,3,1,2,3,3
"444",2,6,1,1,8,4,1,1,4,2,0,0,4,2,3,2,4,1,2,5,7
"445",3,8,1,1,11,6,1,1,8,2,3,0,3,0,0,2,3,1,2,7,10
"446",4,8,4,7,21,8,1,1,11,6,1,3,6,1,0,3,6,2,1,10,26
"447",5,9,4,12,21,8,4,7,21,1,0,0,5,3,6,1,5,1,1,11,31
"448",6,18,4,15,21,9,4,12,21,3,6,0,3,0,0,6,3,1,1,20,34
"449",7,29,4,18,21,18,4,15,21,3,2,6,3,2,0,6,3,1,1,31,37
"450",8,31,4,20,21,29,4,18,21,2,0,0,2,4,2,2,2,1,1,33,39
"451",9,35,4,20,23,31,4,20,21,4,2,0,2,0,0,4,2,1,2,37,41
"452",10,37,4,20,34,35,4,20,23,6,2,3,6,3,0,2,6,1,2,39,52
"453",11,40,4,24,34,37,4,20,34,3,0,0,4,4,4,3,4,1,1,42,56
"454",12,40,4,24,34,40,4,24,34,4,4,0,NA,0,0,0,0,0,0,42,56
"455",0,0,0,0,0,0,0,0,0,0,0,0,0,0,0,0,0,0,0,0,0
"456",1,6,1,2,1,1,1,1,1,1,5,2,1,2,0,5,1,1,1,5,1
"457",2,8,1,8,11,6,1,2,1,2,0,0,5,5,6,2,6,1,1,7,17
"458",3,13,1,8,16,8,1,8,11,5,5,0,5,0,0,5,5,1,2,12,22
"459",4,16,1,8,26,13,1,8,16,6,4,3,6,4,0,3,6,1,2,15,32
"460",5,16,5,10,26,16,1,8,26,4,0,0,2,5,6,4,2,2,1,19,34
"461",6,26,5,10,31,16,5,10,26,5,6,0,5,0,0,6,5,1,2,29,39
"462",7,31,5,1,35,26,5,10,31,4,2,2,4,2,0,2,4,1,2,34,34
"463",8,33,5,16,39,31,5,1,35,2,0,0,1,6,1,2,6,1,1,36,91
"464",9,39,9,2,39,33,5,16,39,1,1,0,1,0,0,1,1,1,1,84,77
"465",10,39,18,6,39,39,9,2,39,4,6,6,4,6,0,6,4,2,1,93,81
"466",11,39,35,2,39,39,18,6,39,6,0,0,4,1,5,6,1,2,1,110,77
"467",12,39,35,2,39,39,35,2,39,4,5,0,NA,0,0,0,0,0,0,110,77
"468",0,0,0,0,0,0,0,0,0,0,0,0,0,0,0,0,0,0,0,0,0
"469",1,2,7,1,3,1,1,1,1,2,2,6,2,2,0,6,2,2,2,7,2
"470",2,2,9,1,14,2,7,1,3,2,0,0,2,6,6,2,6,2,2,9,13
"471",3,12,9,1,16,2,9,1,14,2,6,0,2,0,0,6,2,1,2,19,15
"472",4,12,14,6,16,12,9,1,16,5,5,2,5,2,0,5,5,2,1,24,20
"473",5,12,16,10,16,12,14,6,16,2,0,0,3,3,4,2,4,2,1,26,24
"474",6,12,19,13,16,12,16,10,16,3,3,0,3,0,0,3,3,2,1,29,27
"475",7,12,24,17,16,12,19,13,16,1,5,4,1,4,0,5,4,2,1,34,31
"476",8,12,25,28,16,12,24,17,16,1,0,0,6,5,4,1,6,2,1,35,42
"477",9,12,30,28,20,12,25,28,16,5,4,0,4,0,0,5,4,2,2,40,46
"478",10,12,34,28,23,12,30,28,20,4,1,3,1,3,0,4,3,2,2,44,49
"479",11,12,35,32,23,12,34,28,23,1,0,0,4,3,5,1,4,2,1,45,53
"480",12,12,35,32,23,12,35,32,23,3,5,0,NA,0,0,0,0,0,0,45,53
"481",0,0,0,0,0,0,0,0,0,0,0,0,0,0,0,0,0,0,0,0,0
"482",1,1,6,6,7,1,1,1,1,5,1,6,1,6,0,5,6,2,2,5,11
"483",2,1,7,6,17,1,6,6,7,1,0,0,6,4,2,1,6,2,2,6,21
"484",3,1,11,6,19,1,7,6,17,4,2,0,2,0,0,4,2,2,2,10,23
"485",4,1,16,8,19,1,11,6,19,2,4,5,2,4,0,5,2,2,1,15,25
"486",5,1,20,8,30,1,16,8,19,4,0,0,2,5,6,4,6,2,2,19,36
"487",6,1,22,8,35,1,20,8,30,2,5,0,5,0,0,2,5,2,2,21,41
"488",7,1,25,13,35,1,22,8,35,5,2,3,5,2,0,3,5,2,1,24,46
"489",8,3,25,19,36,1,25,13,35,2,0,0,6,3,3,2,6,1,1,26,53
"490",9,3,28,24,39,3,25,19,36,3,3,0,3,0,0,3,3,2,2,29,99
"491",10,8,28,25,39,3,28,24,39,5,1,5,1,5,0,5,1,1,1,34,100
"492",11,1,33,28,39,8,28,25,39,5,0,0,1,4,5,5,1,2,1,32,103
"493",12,1,33,28,39,1,33,28,39,4,5,0,NA,0,0,0,0,0,0,32,103
"494",0,0,0,0,0,0,0,0,0,0,0,0,0,0,0,0,0,0,0,0,0
"495",1,1,4,1,9,1,1,1,1,3,1,6,1,6,0,3,6,2,2,3,8
"496",2,2,4,1,12,1,4,1,9,1,0,0,3,4,2,1,3,1,2,4,11
"497",3,6,4,3,12,2,4,1,12,4,2,0,2,0,0,4,2,1,1,8,13
"498",4,10,4,9,15,6,4,3,12,3,4,6,3,6,0,4,6,1,1,12,22
"499",5,10,7,21,15,10,4,9,15,3,0,0,5,5,6,3,6,2,1,15,34
"500",6,15,7,21,20,10,7,21,15,5,5,0,5,0,0,5,5,1,2,20,39
"501",7,20,7,24,20,15,7,21,20,5,3,4,3,4,0,5,3,1,1,25,42
"502",8,24,7,29,20,20,7,24,20,4,0,0,2,5,2,4,5,1,1,29,47
"503",9,26,7,29,22,24,7,29,20,2,2,0,2,0,0,2,2,1,2,31,49
"504",10,26,8,36,22,26,7,29,22,1,6,3,6,3,0,1,6,2,1,32,56
"505",11,29,8,36,25,26,8,36,22,3,0,0,3,4,6,3,3,1,2,35,59
"506",12,29,8,36,25,29,8,36,25,4,6,0,NA,0,0,0,0,0,0,35,59
"507",0,0,0,0,0,0,0,0,0,0,0,0,0,0,0,0,0,0,0,0,0
"508",1,7,4,1,6,1,1,1,1,6,2,5,2,5,0,6,5,1,2,9,5
"509",2,9,4,1,9,7,4,1,6,2,0,0,3,1,1,2,3,1,2,11,8
"510",3,9,5,1,10,9,4,1,9,1,1,0,1,0,0,1,1,2,2,12,9
"511",4,11,5,6,10,9,5,1,10,2,5,2,5,2,0,2,5,1,1,14,14
"512",5,11,7,9,10,11,5,6,10,2,0,0,3,3,4,2,3,2,1,16,17
"513",6,11,11,9,13,11,7,9,10,3,4,0,3,0,0,4,3,2,2,20,20
"514",7,11,21,20,13,11,11,9,13,6,6,5,6,5,0,6,6,2,1,30,31
"515",8,11,26,20,17,11,21,20,13,5,0,0,1,4,1,5,4,2,2,35,35
"516",9,11,27,20,18,11,26,20,17,1,1,0,1,0,0,1,1,2,2,36,36
"517",10,11,32,21,18,11,27,20,18,5,1,1,1,1,0,5,1,2,1,41,37
"518",11,11,33,24,18,11,32,21,18,1,0,0,6,3,1,1,3,2,1,42,40
"519",12,11,33,24,18,11,33,24,18,6,1,0,NA,0,0,0,0,0,0,42,40
"520",0,0,0,0,0,0,0,0,0,0,0,0,0,0,0,0,0,0,0,0,0
"521",1,4,1,6,1,1,1,1,1,3,2,5,2,5,0,3,5,1,1,3,5
"522",2,6,1,8,1,4,1,6,1,2,0,0,2,2,3,2,2,1,1,5,7
"523",3,9,1,10,1,6,1,8,1,2,3,0,2,0,0,3,2,1,1,8,9
"524",4,14,1,14,1,9,1,10,1,5,4,3,4,3,0,5,4,1,1,13,13
"525",5,14,4,19,1,14,1,14,1,3,0,0,3,3,5,3,5,2,1,16,18
"526",6,14,7,19,4,14,4,19,1,3,3,0,3,0,0,3,3,2,2,19,21
"527",7,14,9,19,11,14,7,19,4,6,2,2,6,2,0,2,6,2,2,21,28
"528",8,16,9,19,16,14,9,19,11,2,0,0,2,1,5,2,5,1,2,23,33
"529",9,16,11,19,17,16,9,19,16,2,1,0,1,0,0,2,1,2,2,25,34
"530",10,19,11,21,17,16,11,19,17,3,2,2,2,2,0,3,2,1,1,28,36
"531",11,19,13,22,17,19,11,21,17,2,0,0,1,1,1,2,1,2,1,30,37
"532",12,19,13,22,17,19,13,22,17,1,1,0,NA,0,0,0,0,0,0,30,37
"533",0,0,0,0,0,0,0,0,0,0,0,0,0,0,0,0,0,0,0,0,0
"534",1,4,1,12,1,1,1,1,1,3,6,3,6,3,0,3,6,1,1,3,11
"535",2,7,1,12,6,4,1,12,1,3,0,0,3,5,5,3,5,1,2,6,16
"536",3,7,6,15,6,7,1,12,6,3,5,0,3,0,0,5,3,2,1,11,19
"537",4,19,10,21,7,7,6,15,6,6,5,6,5,6,0,6,6,1,1,27,26
"538",5,24,10,26,7,19,10,21,7,5,0,0,5,3,6,5,5,1,1,32,31
"539",6,24,19,29,7,24,10,26,7,3,6,0,3,0,0,6,3,2,1,41,34
"540",7,28,19,30,7,24,19,29,7,4,1,1,1,1,0,4,1,1,1,45,35
"541",8,29,19,35,7,28,19,30,7,1,0,0,5,2,5,1,5,1,1,46,40
"542",9,34,19,35,9,29,19,35,7,2,5,0,2,0,0,5,2,1,2,51,42
"543",10,35,19,39,10,34,19,35,9,4,6,1,4,6,0,1,4,1,1,52,85
"544",11,38,31,39,18,35,19,39,10,6,0,0,5,6,6,6,6,2,2,67,93
"545",12,38,31,39,18,38,31,39,18,5,6,0,NA,0,0,0,0,0,0,67,93
"546",0,0,0,0,0,0,0,0,0,0,0,0,0,0,0,0,0,0,0,0,0
"547",1,9,1,6,1,1,1,1,1,5,6,4,5,4,0,6,5,1,1,8,5
"548",2,13,1,11,1,9,1,6,1,4,0,0,5,5,5,4,5,1,1,12,10
"549",3,18,1,16,1,13,1,11,1,5,5,0,5,0,0,5,5,1,1,17,15
"550",4,18,8,21,1,18,1,16,1,3,5,6,3,5,0,6,5,2,1,24,20
"551",5,18,11,22,1,18,8,21,1,3,0,0,2,1,1,3,1,2,1,27,21
"552",6,18,13,23,1,18,11,22,1,2,1,0,1,0,0,2,1,2,1,29,22
"553",7,1,20,28,6,18,13,23,1,6,2,5,2,5,0,6,5,2,2,19,32
"554",8,3,20,33,6,1,20,28,6,2,0,0,5,5,5,2,5,1,1,21,37
"555",9,3,25,38,6,3,20,33,6,5,5,0,5,0,0,5,5,2,1,26,42
"556",10,8,25,38,8,3,25,38,6,2,4,5,2,4,0,5,2,1,2,31,44
"557",11,12,25,38,19,8,25,38,8,4,0,0,6,4,1,4,6,1,2,35,55
"558",12,12,25,38,19,12,25,38,19,4,1,0,NA,0,0,0,0,0,0,35,55
"559",0,0,0,0,0,0,0,0,0,0,0,0,0,0,0,0,0,0,0,0,0
"560",1,3,13,1,5,1,1,1,1,6,4,1,4,1,0,6,4,2,2,14,4
"561",2,4,13,1,7,3,13,1,5,1,0,0,2,2,4,1,2,1,2,15,6
"562",3,4,15,1,11,4,13,1,7,2,4,0,4,0,0,2,4,2,2,17,10
"563",4,4,17,1,13,4,15,1,11,2,2,2,2,2,0,2,2,2,2,19,12
"564",5,6,17,1,18,4,17,1,13,2,0,0,5,6,6,2,5,1,2,21,17
"565",6,9,23,3,24,6,17,1,18,6,6,0,6,0,0,6,6,2,2,30,25
"566",7,15,28,3,27,9,23,3,24,6,3,3,3,3,0,6,3,1,2,41,28
"567",8,18,28,8,27,15,28,3,27,3,0,0,4,5,6,3,5,1,1,44,33
"568",9,23,39,12,27,18,28,8,27,4,6,0,4,0,0,6,4,2,1,98,37
"569",10,25,39,13,27,23,39,12,27,2,1,5,1,5,0,2,1,1,1,100,38
"570",11,30,39,13,28,25,39,13,27,5,0,0,6,1,5,5,1,1,2,105,39
"571",12,30,39,13,28,30,39,13,28,6,5,0,NA,0,0,0,0,0,0,105,39
"572",0,0,0,0,0,0,0,0,0,0,0,0,0,0,0,0,0,0,0,0,0
"573",1,6,1,1,6,1,1,1,1,5,5,4,5,4,0,5,5,1,2,5,5
"574",2,10,1,7,10,6,1,1,6,4,0,0,2,6,2,4,6,1,1,9,15
"575",3,10,3,7,12,10,1,7,10,2,2,0,2,0,0,2,2,2,2,11,17
"576",4,10,6,7,13,10,3,7,12,1,1,3,1,1,0,3,1,2,2,14,18
"577",5,11,6,11,13,10,6,7,13,1,0,0,2,4,4,1,4,1,1,15,22
"578",6,11,10,11,15,11,6,11,13,2,4,0,2,0,0,4,2,2,2,19,24
"579",7,21,10,11,19,11,10,11,15,6,4,4,4,4,0,6,4,1,2,29,28
"580",8,25,10,23,24,21,10,11,19,4,0,0,4,6,6,4,6,1,1,33,45
"581",9,29,1,30,28,25,10,23,24,4,6,0,6,0,0,4,6,1,1,28,56
"582",10,35,4,30,32,29,1,30,28,2,4,6,2,4,0,6,4,1,2,37,60
"583",11,35,6,30,36,35,4,30,32,2,0,0,4,4,1,2,4,2,2,39,64
"584",12,35,6,30,36,35,6,30,36,4,1,0,NA,0,0,0,0,0,0,39,64
"585",0,0,0,0,0,0,0,0,0,0,0,0,0,0,0,0,0,0,0,0,0
"586",1,6,1,7,5,1,1,1,1,4,6,5,4,6,0,5,6,1,1,5,10
"587",2,10,1,7,10,6,1,7,5,4,0,0,2,5,5,4,5,1,2,9,15
"588",3,15,1,9,10,10,1,7,10,2,5,0,2,0,0,5,2,1,1,14,17
"589",4,19,1,13,16,15,1,9,10,4,3,6,3,6,0,4,6,1,2,18,27
"590",5,22,1,14,16,19,1,13,16,3,0,0,3,6,1,3,1,1,1,21,28
"591",6,30,1,14,19,22,1,14,16,3,6,0,3,0,0,6,3,1,2,29,31
"592",7,34,7,14,22,30,1,14,19,1,6,3,1,3,0,6,3,2,2,39,34
"593",8,35,7,18,22,34,7,14,22,1,0,0,4,4,1,1,4,1,1,40,38
"594",9,39,14,19,22,35,7,18,22,4,1,0,1,0,0,4,1,1,1,89,39
"595",10,39,23,19,23,39,14,19,22,6,6,1,6,1,0,6,1,2,2,98,40
"596",11,39,31,19,25,39,23,19,23,6,0,0,3,6,2,6,2,2,2,106,42
"597",12,39,31,19,25,39,31,19,25,3,6,0,NA,0,0,0,0,0,0,106,42
"598",0,0,0,0,0,0,0,0,0,0,0,0,0,0,0,0,0,0,0,0,0
"599",1,6,1,5,1,1,1,1,1,5,2,4,2,4,0,5,4,1,1,5,4
"600",2,6,3,10,1,6,1,5,1,2,0,0,1,6,5,2,5,2,1,7,9
"601",3,7,9,11,1,6,3,10,1,1,6,0,1,0,0,6,1,2,1,14,10
"602",4,7,13,20,1,7,9,11,1,6,4,6,6,6,0,4,6,2,1,18,19
"603",5,11,25,25,1,7,13,20,1,6,0,0,3,5,5,6,5,2,1,34,24
"604",6,11,28,25,6,11,25,25,1,3,5,0,5,0,0,3,5,2,2,37,29
"605",7,11,31,25,7,11,28,25,6,3,1,1,1,1,0,3,1,2,2,40,30
"606",8,11,32,25,12,11,31,25,7,1,0,0,3,5,1,1,5,2,2,41,35
"607",9,11,35,25,13,11,32,25,12,3,1,0,1,0,0,3,1,2,2,44,36
"608",10,17,37,30,13,11,35,25,13,6,2,5,2,5,0,6,5,1,1,52,41
"609",11,22,39,30,17,17,37,30,13,2,0,0,6,4,4,2,4,2,2,97,45
"610",12,22,39,30,17,22,39,30,17,6,4,0,NA,0,0,0,0,0,0,97,45
"611",0,0,0,0,0,0,0,0,0,0,0,0,0,0,0,0,0,0,0,0,0
"612",1,1,6,1,3,1,1,1,1,2,2,5,2,2,0,5,2,2,2,5,2
"613",2,3,6,6,3,1,6,1,3,2,0,0,5,5,2,2,5,1,1,7,7
"614",3,3,11,8,3,3,6,6,3,5,2,0,2,0,0,5,2,2,1,12,9
"615",4,6,11,13,3,3,11,8,3,4,3,5,4,5,0,3,5,1,1,15,14
"616",5,10,11,13,7,6,11,13,3,4,0,0,2,4,3,4,4,1,2,19,18
"617",6,10,14,13,9,10,11,13,7,2,3,0,2,0,0,3,2,2,2,22,20
"618",7,15,14,17,9,10,14,13,9,4,5,3,4,3,0,5,4,1,1,27,24
"619",8,15,17,17,14,15,14,17,9,3,0,0,5,3,1,3,5,2,2,30,29
"620",9,15,20,17,15,15,17,17,14,3,1,0,1,0,0,3,1,2,2,33,30
"621",10,15,27,17,20,15,20,17,15,5,4,6,5,4,0,6,5,2,2,40,35
"622",11,15,31,21,20,15,27,17,20,4,0,0,4,4,6,4,4,2,1,44,39
"623",12,15,31,21,20,15,31,21,20,4,6,0,NA,0,0,0,0,0,0,44,39
"624",0,0,0,0,0,0,0,0,0,0,0,0,0,0,0,0,0,0,0,0,0
"625",1,1,6,1,10,1,1,1,1,6,5,1,6,1,0,5,6,2,2,5,9
"626",2,2,6,1,17,1,6,1,10,1,0,0,6,6,2,1,6,1,2,6,16
"627",3,2,8,11,17,2,6,1,17,6,2,0,6,0,0,2,6,2,1,8,26
"628",4,2,10,18,17,2,8,11,17,2,2,6,2,6,0,2,6,2,1,10,33
"629",5,1,1,18,32,2,10,18,17,2,0,0,1,6,5,2,5,1,2,0,48
"630",6,12,1,18,33,1,1,18,32,1,6,0,1,0,0,6,1,1,2,11,49
"631",7,1,1,18,6,12,1,18,33,1,6,3,1,6,0,3,1,1,2,0,22
"632",8,11,1,18,7,1,1,18,6,6,0,0,3,1,1,6,1,1,2,10,23
"633",9,14,1,19,7,11,1,18,7,3,1,0,1,0,0,3,1,1,1,13,24
"634",10,14,3,19,8,14,1,19,7,1,3,2,1,3,0,2,1,2,2,15,25
"635",11,17,3,19,13,14,3,19,8,3,0,0,5,6,6,3,5,1,2,18,30
"636",12,17,3,19,13,17,3,19,13,6,6,0,NA,0,0,0,0,0,0,18,30
"637",0,0,0,0,0,0,0,0,0,0,0,0,0,0,0,0,0,0,0,0,0
"638",1,6,1,1,2,1,1,1,1,2,5,1,2,1,0,5,1,1,2,5,1
"639",2,8,1,1,5,6,1,1,2,2,0,0,6,3,3,2,3,1,2,7,4
"640",3,15,1,1,8,8,1,1,5,6,3,0,3,0,0,6,3,1,2,14,7
"641",4,15,5,1,12,15,1,1,8,4,4,3,4,3,0,4,4,2,2,18,11
"642",5,18,5,1,17,15,5,1,12,3,0,0,3,5,3,3,5,1,2,21,16
"643",6,18,8,1,20,18,5,1,17,3,3,0,3,0,0,3,3,2,2,24,19
"644",7,23,8,1,25,18,8,1,20,5,3,5,3,5,0,5,5,1,2,29,24
"645",8,26,8,4,25,23,8,1,25,3,0,0,3,3,3,3,3,1,1,32,27
"646",9,29,8,7,25,26,8,4,25,3,3,0,3,0,0,3,3,1,1,35,30
"647",10,33,8,11,25,29,8,7,25,4,2,4,2,4,0,4,4,1,1,39,34
"648",11,33,1,14,28,33,8,11,25,2,0,0,2,3,4,2,3,2,2,32,40
"649",12,33,1,14,28,33,1,14,28,2,4,0,NA,0,0,0,0,0,0,32,40
"650",0,0,0,0,0,0,0,0,0,0,0,0,0,0,0,0,0,0,0,0,0
"651",1,1,6,12,1,1,1,1,1,6,5,6,6,6,0,5,6,2,1,5,11
"652",2,1,17,20,1,1,6,12,1,6,0,0,5,3,6,6,6,2,1,16,19
"653",3,1,20,25,1,1,17,20,1,5,3,0,5,0,0,3,5,2,1,19,24
"654",4,1,25,30,1,1,20,25,1,5,3,5,3,5,0,5,5,2,1,24,29
"655",5,1,28,33,1,1,25,30,1,3,0,0,3,3,4,3,3,2,1,27,32
"656",6,1,31,37,1,1,28,33,1,3,4,0,4,0,0,3,4,2,1,30,36
"657",7,1,34,37,4,1,31,37,1,3,3,4,3,4,0,3,3,2,2,33,39
"658",8,1,38,37,14,1,34,37,4,4,0,0,5,6,4,4,6,2,2,37,49
"659",9,6,38,37,18,1,38,37,14,5,4,0,4,0,0,5,4,1,2,42,53
"660",10,11,38,37,22,6,38,37,18,4,5,5,4,5,0,5,4,1,2,47,57
"661",11,16,38,37,25,11,38,37,22,5,0,0,3,5,2,5,3,1,2,52,60
"662",12,16,38,37,25,16,38,37,25,5,2,0,NA,0,0,0,0,0,0,52,60
"663",0,0,0,0,0,0,0,0,0,0,0,0,0,0,0,0,0,0,0,0,0
"664",1,9,1,1,6,1,1,1,1,6,5,1,5,1,0,6,5,1,2,8,5
"665",2,10,1,1,13,9,1,1,6,1,0,0,5,2,6,1,6,1,2,9,12
"666",3,15,1,1,15,10,1,1,13,5,2,0,2,0,0,5,2,1,2,14,14
"667",4,15,2,6,15,15,1,1,15,1,5,1,5,1,0,1,5,2,1,15,19
"668",5,15,3,6,20,15,2,6,15,1,0,0,5,1,2,1,5,2,2,16,24
"669",6,16,3,8,20,15,3,6,20,1,2,0,2,0,0,1,2,1,1,17,26
"670",7,17,3,12,20,16,3,8,20,3,4,1,3,4,0,1,4,1,1,18,30
"671",8,17,6,18,26,17,3,12,20,3,0,0,1,3,6,3,6,2,1,21,42
"672",9,17,7,18,29,17,6,18,26,1,3,0,3,0,0,1,3,2,2,22,45
"673",10,26,7,18,34,17,7,18,29,6,5,5,5,5,0,6,5,1,2,31,50
"674",11,26,12,21,34,26,7,18,34,5,0,0,3,5,1,5,3,2,1,36,53
"675",12,26,12,21,34,26,12,21,34,5,1,0,NA,0,0,0,0,0,0,36,53
"676",0,0,0,0,0,0,0,0,0,0,0,0,0,0,0,0,0,0,0,0,0
"677",1,1,2,1,5,1,1,1,1,1,4,1,4,1,0,1,4,2,2,1,4
"678",2,2,2,5,5,1,2,1,5,1,0,0,4,3,3,1,4,1,1,2,8
"679",3,2,5,5,8,2,2,5,5,3,3,0,3,0,0,3,3,2,2,5,11
"680",4,6,11,9,8,2,5,5,8,6,1,4,1,4,0,6,4,2,1,15,15
"681",5,6,12,12,8,6,11,9,8,1,0,0,3,1,3,1,3,2,1,16,18
"682",6,6,15,12,9,6,12,12,8,1,3,0,1,0,0,3,1,2,2,19,19
"683",7,17,15,17,9,6,15,12,9,6,1,5,1,5,0,6,5,1,1,30,24
"684",8,18,15,20,9,17,15,17,9,1,0,0,2,2,3,1,3,1,1,31,27
"685",9,20,15,20,11,18,15,20,9,2,2,0,2,0,0,2,2,1,2,33,29
"686",10,22,15,20,12,20,15,20,11,1,1,2,1,1,0,2,1,1,2,35,30
"687",11,23,15,22,12,22,15,20,12,1,0,0,2,2,1,1,2,1,1,36,32
"688",12,23,15,22,12,23,15,22,12,2,1,0,NA,0,0,0,0,0,0,36,32
"689",0,0,0,0,0,0,0,0,0,0,0,0,0,0,0,0,0,0,0,0,0
"690",1,7,6,7,3,1,1,1,1,6,6,3,6,3,0,6,6,1,1,11,8
"691",2,7,9,7,7,7,6,7,3,3,0,0,4,4,3,3,4,2,2,14,12
"692",3,11,9,7,10,7,9,7,7,4,3,0,3,0,0,4,3,1,2,18,15
"693",4,13,15,7,13,11,9,7,10,1,6,3,1,3,0,6,3,2,2,26,18
"694",5,13,16,7,17,13,15,7,13,1,0,0,2,5,4,1,4,2,2,27,22
"695",6,13,21,9,17,13,16,7,17,2,5,0,2,0,0,5,2,2,1,32,24
"696",7,17,21,9,18,13,21,9,17,1,4,1,1,1,0,4,1,1,2,36,25
"697",8,18,21,9,21,17,21,9,18,1,0,0,3,3,1,1,3,1,2,37,28
"698",9,21,21,10,21,18,21,9,21,3,1,0,1,0,0,3,1,1,1,40,29
"699",10,22,21,13,21,21,21,10,21,1,3,3,3,3,0,1,3,1,1,41,32
"700",11,22,24,14,21,22,21,13,21,3,0,0,1,6,1,3,1,2,1,44,33
"701",12,22,24,14,21,22,24,14,21,6,1,0,NA,0,0,0,0,0,0,44,33
"702",0,0,0,0,0,0,0,0,0,0,0,0,0,0,0,0,0,0,0,0,0
"703",1,1,2,1,5,1,1,1,1,4,1,2,4,2,0,1,4,2,2,1,4
"704",2,3,2,5,5,1,2,1,5,2,0,0,2,4,3,2,4,1,1,3,8
"705",3,5,2,8,5,3,2,5,5,2,3,0,3,0,0,2,3,1,1,5,11
"706",4,7,2,14,10,5,2,8,5,1,6,2,1,6,0,2,6,1,1,7,22
"707",5,8,2,14,14,7,2,14,10,1,0,0,4,2,2,1,4,1,2,8,26
"708",6,8,4,16,14,8,2,14,14,2,2,0,2,0,0,2,2,2,1,10,28
"709",7,9,4,16,16,8,4,16,14,1,2,2,2,2,0,1,2,1,2,11,30
"710",8,9,6,16,21,9,4,16,16,2,0,0,1,5,4,2,5,2,2,13,35
"711",9,9,7,20,21,9,6,16,21,1,4,0,4,0,0,1,4,2,1,14,39
"712",10,13,7,20,24,9,7,20,21,3,4,3,3,3,0,4,3,1,2,18,42
"713",11,13,10,25,24,13,7,20,24,3,0,0,5,4,5,3,5,2,1,21,47
"714",12,13,10,25,24,13,10,25,24,4,5,0,NA,0,0,0,0,0,0,21,47
"715",0,0,0,0,0,0,0,0,0,0,0,0,0,0,0,0,0,0,0,0,0
"716",1,3,1,1,6,1,1,1,1,1,5,2,1,5,0,2,5,1,2,2,5
"717",2,4,1,3,6,3,1,1,6,1,0,0,3,1,2,1,2,1,1,3,7
"718",3,4,4,4,6,4,1,3,6,3,1,0,1,0,0,3,1,2,1,6,8
"719",4,10,14,4,9,4,4,4,6,2,6,3,2,3,0,6,3,1,2,22,11
"720",5,10,16,9,9,10,14,4,9,2,0,0,5,2,3,2,5,2,1,24,16
"721",6,10,18,12,9,10,16,9,9,2,3,0,3,0,0,2,3,2,1,26,19
"722",7,16,24,12,14,10,18,12,9,5,3,6,5,3,0,6,5,1,2,38,24
"723",8,19,24,16,14,16,24,12,14,3,0,0,3,4,3,3,4,1,1,41,28
"724",9,22,24,19,14,19,24,16,14,3,3,0,3,0,0,3,3,1,1,44,31
"725",10,23,24,30,14,22,24,19,14,6,6,1,6,6,0,1,6,1,1,45,42
"726",11,29,28,33,14,23,24,30,14,6,0,0,3,2,2,6,3,1,1,55,45
"727",12,29,28,33,14,29,28,33,14,2,2,0,NA,0,0,0,0,0,0,55,45
"728",0,0,0,0,0,0,0,0,0,0,0,0,0,0,0,0,0,0,0,0,0
"729",1,7,4,1,6,1,1,1,1,1,5,6,1,5,0,6,5,1,2,9,5
"730",2,8,4,3,6,7,4,1,6,1,0,0,1,4,2,1,2,1,1,10,7
"731",3,8,8,4,6,8,4,3,6,1,4,0,1,0,0,4,1,2,1,14,8
"732",4,8,13,9,6,8,8,4,6,3,5,5,3,5,0,5,5,2,1,19,13
"733",5,11,13,14,6,8,13,9,6,3,0,0,1,5,5,3,5,1,1,22,18
"734",6,16,13,14,7,11,13,14,6,1,5,0,1,0,0,5,1,1,2,27,19
"735",7,16,21,17,7,16,13,14,7,6,3,3,3,3,0,6,3,2,1,35,22
"736",8,16,24,22,7,16,21,17,7,3,0,0,4,5,5,3,5,2,1,38,27
"737",9,16,28,27,7,16,24,22,7,4,5,0,5,0,0,4,5,2,1,42,32
"738",10,16,32,27,10,16,28,27,7,3,4,2,3,2,0,4,3,2,2,46,35
"739",11,18,32,38,10,16,32,27,10,2,0,0,5,6,6,2,6,1,1,48,46
"740",12,18,32,38,10,18,32,38,10,5,6,0,NA,0,0,0,0,0,0,48,46
"741",0,0,0,0,0,0,0,0,0,0,0,0,0,0,0,0,0,0,0,0,0
"742",1,5,7,8,1,1,1,1,1,6,6,6,6,6,0,6,6,2,1,10,7
"743",2,14,7,8,2,5,7,8,1,6,0,0,2,1,1,6,1,1,2,19,8
"744",3,14,9,9,2,14,7,8,2,2,1,0,1,0,0,2,1,2,1,21,9
"745",4,14,14,13,2,14,9,9,2,4,5,4,4,4,0,5,4,2,1,26,13
"746",5,18,14,18,2,14,14,13,2,4,0,0,5,4,2,4,5,1,1,30,18
"747",6,18,18,20,2,18,14,18,2,4,2,0,2,0,0,4,2,2,1,34,20
"748",7,29,18,21,2,18,18,20,2,1,3,6,1,3,0,6,1,1,1,45,21
"749",8,29,21,21,7,29,18,21,2,3,0,0,5,2,6,3,5,2,2,48,26
"750",9,36,21,21,9,29,21,21,7,2,6,0,2,0,0,6,2,1,2,55,28
"751",10,38,21,21,12,36,21,21,9,2,3,3,3,3,0,2,3,1,2,57,31
"752",11,38,24,21,17,38,21,21,12,3,0,0,3,5,1,3,5,2,2,60,36
"753",12,38,24,21,17,38,24,21,17,3,1,0,NA,0,0,0,0,0,0,60,36
"754",0,0,0,0,0,0,0,0,0,0,0,0,0,0,0,0,0,0,0,0,0
"755",1,5,13,1,6,1,1,1,1,6,3,5,3,5,0,6,5,2,2,16,5
"756",2,8,13,1,15,5,13,1,6,3,0,0,6,3,4,3,6,1,2,19,14
"757",3,8,17,1,18,8,13,1,15,3,4,0,3,0,0,4,3,2,2,23,17
"758",4,9,17,1,33,8,17,1,18,6,1,3,6,3,0,1,6,1,2,24,32
"759",5,9,20,6,39,9,17,1,33,3,0,0,1,3,6,3,6,2,2,27,81
"760",6,12,20,7,39,9,20,6,39,1,3,0,1,0,0,3,1,1,1,30,82
"761",7,17,20,18,39,12,20,7,39,1,5,6,1,6,0,5,6,1,1,35,93
"762",8,18,20,20,39,17,20,18,39,1,0,0,2,3,3,1,2,1,1,36,95
"763",9,21,20,23,39,18,20,20,39,3,3,0,3,0,0,3,3,1,1,39,98
"764",10,22,20,34,39,21,20,23,39,6,1,1,6,1,0,1,6,1,1,40,109
"765",11,23,20,38,39,22,20,34,39,1,0,0,6,4,6,1,4,1,1,41,113
"766",12,23,20,38,39,23,20,38,39,6,6,0,NA,0,0,0,0,0,0,41,113
"767",0,0,0,0,0,0,0,0,0,0,0,0,0,0,0,0,0,0,0,0,0
"768",1,1,5,1,6,1,1,1,1,5,1,4,5,1,0,4,5,2,2,4,5
"769",2,2,5,1,15,1,5,1,6,1,0,0,4,6,5,1,6,1,2,5,14
"770",3,2,10,5,15,2,5,1,15,4,5,0,4,0,0,5,4,2,1,10,18
"771",4,2,13,13,15,2,10,5,15,6,3,1,6,1,0,3,6,2,1,13,26
"772",5,3,13,13,20,2,13,13,15,1,0,0,5,5,2,1,5,1,2,14,31
"773",6,3,18,15,20,3,13,13,20,5,2,0,2,0,0,5,2,2,1,19,33
"774",7,1,22,21,22,3,18,15,20,4,5,6,5,6,0,4,6,2,1,21,41
"775",8,1,27,21,27,1,22,21,22,5,0,0,4,3,5,5,5,2,2,26,46
"776",9,1,31,24,27,1,27,21,27,4,3,0,3,0,0,4,3,2,1,30,49
"777",10,6,35,1,35,1,31,24,27,6,5,3,6,3,0,5,6,1,2,39,34
"778",11,9,35,6,39,6,35,1,35,3,0,0,4,3,5,3,4,1,2,42,81
"779",12,9,35,6,39,9,35,6,39,3,5,0,NA,0,0,0,0,0,0,42,81
"780",0,0,0,0,0,0,0,0,0,0,0,0,0,0,0,0,0,0,0,0,0
"781",1,1,6,1,3,1,1,1,1,5,2,1,2,1,0,5,2,2,2,5,2
"782",2,1,7,1,7,1,6,1,3,1,0,0,1,4,4,1,4,2,2,6,6
"783",3,5,7,1,8,1,7,1,7,1,4,0,1,0,0,4,1,1,2,10,7
"784",4,6,7,5,8,5,7,1,8,1,3,4,3,4,0,1,4,1,1,11,11
"785",5,9,7,8,14,6,7,5,8,3,0,0,5,6,1,3,6,1,2,14,20
"786",6,9,12,8,15,9,7,8,14,5,1,0,1,0,0,5,1,2,2,19,21
"787",7,14,12,13,15,9,12,8,15,5,5,4,5,4,0,5,5,1,1,24,26
"788",8,18,12,24,15,14,12,13,15,4,0,0,3,5,6,4,6,1,1,28,37
"789",9,23,12,24,18,18,12,24,15,3,5,0,3,0,0,5,3,1,2,33,40
"790",10,28,1,31,18,23,12,24,18,4,6,5,4,6,0,5,6,1,1,27,47
"791",11,32,1,36,18,28,1,31,18,4,0,0,5,1,1,4,5,1,1,31,52
"792",12,32,1,36,18,32,1,36,18,1,1,0,NA,0,0,0,0,0,0,31,52
"793",0,0,0,0,0,0,0,0,0,0,0,0,0,0,0,0,0,0,0,0,0
"794",1,3,7,1,2,1,1,1,1,1,1,6,1,1,0,6,1,2,2,8,1
"795",2,3,8,7,8,3,7,1,2,1,0,0,4,6,6,1,6,2,1,9,13
"796",3,9,18,7,12,3,8,7,8,4,6,0,4,0,0,6,4,2,2,25,17
"797",4,9,21,7,17,9,18,7,12,3,3,5,3,5,0,3,5,2,2,28,22
"798",5,9,24,7,26,9,21,7,17,3,0,0,3,4,6,3,6,2,2,31,31
"799",6,9,27,7,30,9,24,7,26,3,4,0,4,0,0,3,4,2,2,34,35
"800",7,13,39,11,30,9,27,7,30,2,4,6,2,4,0,6,4,2,1,88,39
"801",8,15,39,11,34,13,39,11,30,2,0,0,4,5,2,2,4,1,2,90,43
"802",9,20,39,13,34,15,39,11,34,5,2,0,2,0,0,5,2,1,1,95,45
"803",10,25,39,13,38,20,39,13,34,5,4,2,4,2,0,5,4,1,2,100,49
"804",11,27,39,14,39,25,39,13,38,2,0,0,1,6,4,2,1,1,2,102,89
"805",12,27,39,14,39,27,39,14,39,6,4,0,NA,0,0,0,0,0,0,102,89
"806",0,0,0,0,0,0,0,0,0,0,0,0,0,0,0,0,0,0,0,0,0
"807",1,12,1,1,4,1,1,1,1,6,3,4,3,4,0,6,3,1,2,11,3
"808",2,16,1,1,21,12,1,1,4,4,0,0,6,5,3,4,6,1,2,15,20
"809",3,21,1,4,21,16,1,1,21,5,3,0,3,0,0,5,3,1,1,20,23
"810",4,21,9,9,21,21,1,4,21,1,6,5,1,5,0,6,5,2,1,28,28
"811",5,22,1,9,29,21,9,9,21,1,0,0,3,6,5,1,6,1,2,21,36
"812",6,27,5,1,32,22,1,9,29,3,5,0,3,0,0,5,3,1,2,30,31
"813",7,37,5,1,34,27,5,1,32,2,2,6,2,2,0,6,2,1,2,40,33
"814",8,39,8,2,34,37,5,1,34,2,0,0,1,1,1,2,1,1,1,83,34
"815",9,39,9,2,35,39,8,2,34,1,1,0,1,0,0,1,1,2,2,84,35
"816",10,39,11,2,37,39,9,2,35,3,2,2,3,2,0,2,2,2,2,86,37
"817",11,39,14,3,37,39,11,2,37,3,0,0,1,4,3,3,1,2,1,89,38
"818",12,39,14,3,37,39,14,3,37,4,3,0,NA,0,0,0,0,0,0,89,38
"819",0,0,0,0,0,0,0,0,0,0,0,0,0,0,0,0,0,0,0,0,0
"820",1,1,8,1,5,1,1,1,1,6,2,4,2,4,0,6,4,2,2,7,4
"821",2,1,10,1,7,1,8,1,5,2,0,0,2,3,3,2,2,2,2,9,6
"822",3,4,10,4,7,1,10,1,7,3,3,0,3,0,0,3,3,1,1,12,9
"823",4,6,16,4,12,4,10,4,7,5,5,6,5,5,0,6,5,2,2,20,14
"824",5,6,21,4,14,6,16,4,12,5,0,0,1,2,3,5,2,2,2,25,16
"825",6,7,21,4,17,6,21,4,14,1,3,0,3,0,0,1,3,1,2,26,19
"826",7,12,21,4,22,7,21,4,17,5,5,3,5,3,0,5,5,1,2,31,24
"827",8,12,24,4,27,12,21,4,22,3,0,0,1,3,5,3,5,2,2,34,29
"828",9,12,27,5,27,12,24,4,27,1,3,0,1,0,0,3,1,2,1,37,30
"829",10,12,31,9,27,12,27,5,27,4,2,4,2,4,0,4,4,2,1,41,34
"830",11,12,33,13,27,12,31,9,27,2,0,0,2,2,4,2,4,2,1,43,38
"831",12,12,33,13,27,12,33,13,27,2,2,0,NA,0,0,0,0,0,0,43,38
"832",0,0,0,0,0,0,0,0,0,0,0,0,0,0,0,0,0,0,0,0,0
"833",1,1,5,2,1,1,1,1,1,4,1,1,1,1,0,4,1,2,1,4,1
"834",2,2,5,8,4,1,5,2,1,1,0,0,6,4,3,1,6,1,1,5,10
"835",3,2,9,11,4,2,5,8,4,4,3,0,3,0,0,4,3,2,1,9,13
"836",4,3,9,11,14,2,9,11,4,6,1,1,6,1,0,1,6,1,2,10,23
"837",5,4,9,21,14,3,9,11,14,1,0,0,1,6,3,1,6,1,1,11,33
"838",6,4,10,24,14,4,9,21,14,1,3,0,3,0,0,1,3,2,1,12,36
"839",7,10,12,24,19,4,10,24,14,6,5,1,5,1,0,6,5,1,2,20,41
"840",8,11,12,24,22,10,12,24,19,1,0,0,2,3,6,1,3,1,2,21,44
"841",9,11,14,26,28,11,12,24,22,2,6,0,6,0,0,2,6,2,2,23,52
"842",10,1,19,35,30,11,14,26,28,5,3,5,3,5,0,5,3,2,1,18,63
"843",11,6,19,38,30,1,19,35,30,5,0,0,3,3,2,5,3,1,1,23,66
"844",12,6,19,38,30,6,19,38,30,3,2,0,NA,0,0,0,0,0,0,23,66
"845",0,0,0,0,0,0,0,0,0,0,0,0,0,0,0,0,0,0,0,0,0
"846",1,4,1,1,2,1,1,1,1,3,3,1,3,1,0,3,1,1,2,3,1
"847",2,4,4,1,5,4,1,1,2,3,0,0,2,4,3,3,3,2,2,6,4
"848",3,8,4,3,5,4,4,1,5,2,4,0,2,0,0,4,2,1,1,10,6
"849",4,8,9,8,5,8,4,3,5,3,5,5,3,5,0,5,5,2,1,15,11
"850",5,8,12,13,5,8,9,8,5,3,0,0,5,5,4,3,5,2,1,18,16
"851",6,13,12,17,5,8,12,13,5,5,4,0,4,0,0,5,4,1,1,23,20
"852",7,17,12,20,5,13,12,17,5,2,3,4,2,3,0,4,3,1,1,27,23
"853",8,17,14,26,10,17,12,20,5,2,0,0,1,6,4,2,6,2,1,29,34
"854",9,17,18,26,11,17,14,26,10,1,4,0,1,0,0,4,1,2,2,33,35
"855",10,17,21,26,13,17,18,26,11,2,3,2,2,2,0,3,2,2,2,36,37
"856",11,19,21,31,13,17,21,26,13,2,0,0,5,2,1,2,5,1,1,38,42
"857",12,19,21,31,13,19,21,31,13,2,1,0,NA,0,0,0,0,0,0,38,42
"858",0,0,0,0,0,0,0,0,0,0,0,0,0,0,0,0,0,0,0,0,0
"859",1,4,1,5,1,1,1,1,1,4,3,1,4,1,0,3,4,1,1,3,4
"860",2,4,2,9,7,4,1,5,1,1,0,0,3,6,3,1,6,2,2,4,14
"861",3,4,5,9,10,4,2,9,7,3,3,0,3,0,0,3,3,2,2,7,17
"862",4,4,7,13,10,4,5,9,10,2,4,2,4,2,0,2,4,2,1,9,21
"863",5,4,9,13,15,4,7,13,10,2,0,0,5,4,5,2,5,2,2,11,26
"864",6,4,13,13,20,4,9,13,15,4,5,0,5,0,0,4,5,2,2,15,31
"865",7,4,23,19,23,4,13,13,20,6,6,6,6,6,0,6,6,2,1,25,40
"866",8,4,31,19,27,4,23,19,23,6,0,0,1,4,3,6,4,2,2,33,44
"867",9,4,34,19,28,4,31,19,27,1,3,0,1,0,0,3,1,2,2,36,45
"868",10,4,36,19,29,4,34,19,28,1,2,1,1,1,0,2,1,2,2,38,46
"869",11,5,36,22,35,4,36,19,29,1,0,0,2,6,1,1,6,1,2,39,55
"870",12,5,36,22,35,5,36,22,35,2,1,0,NA,0,0,0,0,0,0,39,55
"871",0,0,0,0,0,0,0,0,0,0,0,0,0,0,0,0,0,0,0,0,0
"872",1,1,5,6,7,1,1,1,1,4,1,6,1,6,0,4,6,2,2,4,11
"873",2,1,6,12,10,1,5,6,7,1,0,0,3,4,6,1,6,2,1,5,20
"874",3,1,9,12,14,1,6,12,10,3,4,0,4,0,0,3,4,2,2,8,24
"875",4,2,9,17,14,1,9,12,14,5,1,2,5,2,0,1,5,1,1,9,29
"876",5,2,11,27,14,2,9,17,14,2,0,0,6,2,6,2,6,2,1,11,39
"877",6,2,18,29,14,2,11,27,14,2,6,0,2,0,0,6,2,2,1,18,41
"878",7,2,23,35,16,2,18,29,14,2,5,6,2,6,0,5,6,2,1,23,49
"879",8,2,25,35,18,2,23,35,16,2,0,0,2,5,1,2,2,2,2,25,51
"880",9,2,30,36,18,2,25,35,18,5,1,0,1,0,0,5,1,2,1,30,52
"881",10,2,32,38,18,2,30,36,18,2,2,3,2,3,0,2,2,2,1,32,54
"882",11,2,35,39,35,2,32,38,18,3,0,0,5,2,6,3,6,2,2,35,110
"883",12,2,35,39,35,2,35,39,35,5,2,0,NA,0,0,0,0,0,0,35,110
"884",0,0,0,0,0,0,0,0,0,0,0,0,0,0,0,0,0,0,0,0,0
"885",1,6,1,3,1,1,1,1,1,2,2,5,2,2,0,5,2,1,1,5,2
"886",2,8,1,6,1,6,1,3,1,2,0,0,3,6,4,2,3,1,1,7,5
"887",3,17,1,10,1,8,1,6,1,6,4,0,4,0,0,6,4,1,1,16,9
"888",4,18,1,13,1,17,1,10,1,3,3,1,3,3,0,1,3,1,1,17,12
"889",5,21,1,17,1,18,1,13,1,3,0,0,3,1,4,3,4,1,1,20,16
"890",6,24,1,18,1,21,1,17,1,3,1,0,1,0,0,3,1,1,1,23,17
"891",7,26,1,18,5,24,1,18,1,2,2,4,2,4,0,2,4,1,2,25,21
"892",8,1,1,26,10,26,1,18,5,2,0,0,1,2,6,2,6,1,1,0,34
"893",9,1,2,28,10,1,1,26,10,1,2,0,2,0,0,1,2,2,1,1,36
"894",10,5,2,31,10,1,2,28,10,4,3,5,3,5,0,4,3,1,1,5,39
"895",11,10,2,31,12,5,2,31,10,5,0,0,2,2,5,5,2,1,2,10,41
"896",12,10,2,31,12,10,2,31,12,2,5,0,NA,0,0,0,0,0,0,10,41
"897",0,0,0,0,0,0,0,0,0,0,0,0,0,0,0,0,0,0,0,0,0
"898",1,1,3,5,1,1,1,1,1,1,4,2,1,4,0,2,4,2,1,2,4
"899",2,1,4,5,6,1,3,5,1,1,0,0,5,5,6,1,5,2,2,3,9
"900",3,1,9,7,12,1,4,5,6,5,6,0,6,0,0,5,6,2,2,8,17
"901",4,5,9,7,17,1,9,7,12,1,4,5,1,5,0,4,5,1,2,12,22
"902",5,5,10,15,17,5,9,7,17,1,0,0,1,3,6,1,6,2,1,13,30
"903",6,5,13,15,18,5,10,15,17,1,3,0,1,0,0,3,1,2,2,16,31
"904",7,5,14,21,26,5,13,15,18,1,6,1,6,1,0,1,6,2,1,17,45
"905",8,5,15,21,31,5,14,21,26,1,0,0,5,2,4,1,5,2,2,18,50
"906",9,9,15,23,31,5,15,21,31,2,4,0,2,0,0,4,2,1,1,22,52
"907",10,11,15,24,31,9,15,23,31,1,2,3,1,3,0,2,1,1,1,24,53
"908",11,11,18,26,31,11,15,24,31,3,0,0,2,5,3,3,2,2,1,27,55
"909",12,11,18,26,31,11,18,26,31,5,3,0,NA,0,0,0,0,0,0,27,55
"910",0,0,0,0,0,0,0,0,0,0,0,0,0,0,0,0,0,0,0,0,0
"911",1,1,6,8,7,1,1,1,1,1,5,6,1,6,0,5,6,2,2,5,13
"912",2,1,7,8,14,1,6,8,7,1,0,0,4,5,6,1,6,2,2,6,20
"913",3,1,11,13,14,1,7,8,14,4,5,0,5,0,0,4,5,2,1,10,25
"914",4,1,13,16,14,1,11,13,14,2,2,3,2,3,0,2,3,2,1,12,28
"915",5,1,15,17,20,1,13,16,14,2,0,0,6,5,2,2,6,2,2,14,35
"916",6,1,17,17,25,1,15,17,20,5,2,0,5,0,0,2,5,2,2,16,40
"917",7,11,17,17,3,1,17,17,25,6,2,2,2,2,0,6,2,1,2,26,18
"918",8,11,19,17,8,11,17,17,3,2,0,0,5,6,5,2,5,2,2,28,23
"919",9,17,24,22,8,11,19,17,8,6,5,0,5,0,0,6,5,1,1,39,28
"920",10,22,24,22,9,17,24,22,8,2,5,1,2,1,0,5,1,1,2,44,29
"921",11,24,24,24,9,22,24,22,9,2,0,0,6,2,3,2,2,1,1,46,31
"922",12,24,24,24,9,24,24,24,9,6,3,0,NA,0,0,0,0,0,0,46,31
"923",0,0,0,0,0,0,0,0,0,0,0,0,0,0,0,0,0,0,0,0,0
"924",1,1,3,1,3,1,1,1,1,1,2,2,1,2,0,2,2,2,2,2,2
"925",2,2,3,6,3,1,3,1,3,1,0,0,5,1,2,1,5,1,1,3,7
"926",3,3,3,8,3,2,3,6,3,1,2,0,2,0,0,1,2,1,1,4,9
"927",4,7,3,19,9,3,3,8,3,1,4,6,1,6,0,4,6,1,2,8,26
"928",5,7,4,19,23,7,3,19,9,1,0,0,3,4,6,1,6,2,2,9,40
"929",6,10,4,23,23,7,4,19,23,3,4,0,4,0,0,3,4,1,1,12,44
"930",7,15,4,23,24,10,4,23,23,1,1,5,1,1,0,5,1,1,2,17,45
"931",8,15,11,1,2,15,4,23,24,1,0,0,5,5,1,1,1,2,2,24,1
"932",9,20,14,1,6,15,11,1,2,5,5,0,5,0,0,5,5,1,2,32,5
"933",10,1,19,2,16,20,14,1,6,5,2,6,2,6,0,5,6,2,2,18,16
"934",11,1,21,2,20,1,19,2,16,2,0,0,3,4,3,2,4,2,2,20,20
"935",12,1,21,2,20,1,21,2,20,3,3,0,NA,0,0,0,0,0,0,20,20
"936",0,0,0,0,0,0,0,0,0,0,0,0,0,0,0,0,0,0,0,0,0
"937",1,4,7,5,7,1,1,1,1,6,3,6,3,6,0,6,6,2,2,9,10
"938",2,7,7,5,12,4,7,5,7,3,0,0,2,5,1,3,5,1,2,12,15
"939",3,7,9,6,12,7,7,5,12,2,1,0,1,0,0,2,1,2,1,14,16
"940",4,11,9,12,13,7,9,6,12,1,4,6,1,6,0,4,6,1,1,18,23
"941",5,11,10,12,17,11,9,12,13,1,0,0,2,4,4,1,4,2,2,19,27
"942",6,11,14,12,19,11,10,12,17,2,4,0,2,0,0,4,2,2,2,23,29
"943",7,16,14,12,23,11,14,12,19,2,4,5,2,4,0,5,4,1,2,28,33
"944",8,16,16,22,29,16,14,12,23,2,0,0,5,6,3,2,6,2,2,30,49
"945",9,21,16,22,32,16,16,22,29,5,3,0,3,0,0,5,3,1,2,35,52
"946",10,23,16,25,32,21,16,22,32,3,2,2,3,2,0,2,3,1,1,37,55
"947",11,25,16,29,32,23,16,25,32,2,0,0,4,5,4,2,4,1,1,39,59
"948",12,25,16,29,32,25,16,29,32,5,4,0,NA,0,0,0,0,0,0,39,59
"949",0,0,0,0,0,0,0,0,0,0,0,0,0,0,0,0,0,0,0,0,0
"950",1,1,3,4,1,1,1,1,1,3,3,2,3,3,0,2,3,2,1,2,3
"951",2,1,6,4,5,1,3,4,1,3,0,0,4,3,3,3,4,2,2,5,7
"952",3,1,9,7,5,1,6,4,5,3,3,0,3,0,0,3,3,2,1,8,10
"953",4,1,13,12,5,1,9,7,5,5,2,4,5,2,0,4,5,2,1,12,15
"954",5,3,13,12,9,1,13,12,5,2,0,0,4,1,3,2,4,1,2,14,19
"955",6,6,13,13,9,3,13,12,9,1,3,0,1,0,0,3,1,1,1,17,20
"956",7,15,19,22,9,6,13,13,9,4,6,6,4,6,0,6,6,2,1,32,29
"957",8,15,23,26,9,15,19,22,9,4,0,0,1,4,5,4,4,2,1,36,33
"958",9,20,23,27,9,15,23,26,9,1,5,0,1,0,0,5,1,1,1,41,34
"959",10,26,28,37,9,20,23,27,9,5,6,6,5,6,0,6,6,1,1,52,44
"960",11,26,33,39,13,26,28,37,9,5,0,0,1,2,3,5,2,2,1,57,88
"961",12,26,33,39,13,26,33,39,13,1,3,0,NA,0,0,0,0,0,0,57,88
"962",0,0,0,0,0,0,0,0,0,0,0,0,0,0,0,0,0,0,0,0,0
"963",1,2,7,7,5,1,1,1,1,6,4,6,4,6,0,6,6,2,1,7,10
"964",2,6,7,20,5,2,7,7,5,4,0,0,6,6,4,4,6,1,1,11,23
"965",3,12,8,24,5,6,7,20,5,6,4,0,4,0,0,6,4,1,1,18,27
"966",4,17,8,24,8,12,8,24,5,3,1,5,3,1,0,5,3,1,2,23,30
"967",5,18,8,25,8,17,8,24,8,1,0,0,1,3,1,1,1,1,1,24,31
"968",6,21,1,31,8,18,8,25,8,3,1,0,1,0,0,3,1,1,1,20,37
"969",7,21,4,36,8,21,1,31,8,3,5,3,5,3,0,3,5,2,1,23,42
"970",8,21,7,36,13,21,4,36,8,3,0,0,5,3,1,3,5,2,2,26,47
"971",9,24,7,37,13,21,7,36,13,3,1,0,1,0,0,3,1,1,1,29,48
"972",10,28,7,37,14,24,7,37,13,1,4,3,1,3,0,4,1,1,2,33,49
"973",11,31,7,39,35,28,7,37,14,3,0,0,4,6,4,3,6,1,2,36,110
"974",12,31,7,39,35,31,7,39,35,4,4,0,NA,0,0,0,0,0,0,36,110
"975",0,0,0,0,0,0,0,0,0,0,0,0,0,0,0,0,0,0,0,0,0
"976",1,6,1,7,2,1,1,1,1,1,5,6,1,6,0,5,6,1,1,5,7
"977",2,6,2,9,2,6,1,7,2,1,0,0,2,2,3,1,2,2,1,6,9
"978",3,9,2,9,4,6,2,9,2,2,3,0,2,0,0,3,2,1,2,9,11
"979",4,21,6,14,4,9,2,9,4,3,5,6,3,5,0,6,5,1,1,25,16
"980",5,21,9,18,4,21,6,14,4,3,0,0,2,1,4,3,4,2,1,28,20
"981",6,21,11,19,4,21,9,18,4,2,1,0,1,0,0,2,1,2,1,30,21
"982",7,21,16,24,4,21,11,19,4,5,3,5,3,5,0,5,5,2,1,35,26
"983",8,21,19,28,4,21,16,24,4,3,0,0,4,5,2,3,4,2,1,38,30
"984",9,26,19,30,4,21,19,28,4,5,2,0,2,0,0,5,2,1,1,43,32
"985",10,30,19,30,6,26,19,30,4,2,1,4,2,1,0,4,2,1,2,47,34
"986",11,31,19,35,6,30,19,30,6,1,0,0,6,5,1,1,5,1,1,48,39
"987",12,31,19,35,6,31,19,35,6,6,1,0,NA,0,0,0,0,0,0,48,39
"988",0,0,0,0,0,0,0,0,0,0,0,0,0,0,0,0,0,0,0,0,0
"989",1,1,6,1,6,1,1,1,1,5,5,5,5,5,0,5,5,2,2,5,5
"990",2,1,11,3,12,1,6,1,6,5,0,0,1,6,5,5,6,2,2,10,13
"991",3,6,11,4,12,1,11,3,12,1,5,0,1,0,0,5,1,1,1,15,14
"992",4,6,16,4,17,6,11,4,12,5,5,4,5,4,0,5,5,2,2,20,19
"993",5,10,16,4,22,6,16,4,17,4,0,0,5,5,2,4,5,1,2,24,24
"994",6,10,21,4,24,10,16,4,22,5,2,0,2,0,0,5,2,2,2,29,26
"995",7,1,25,4,29,10,21,4,24,2,4,4,2,4,0,4,4,2,2,24,31
"996",8,1,27,4,33,1,25,4,29,2,0,0,3,1,4,2,4,2,2,26,35
"997",9,4,27,4,34,1,27,4,33,3,1,0,1,0,0,3,1,1,2,29,36
"998",10,4,1,18,34,4,27,4,34,6,1,4,6,1,0,4,6,2,1,3,50
"999",11,5,1,19,34,4,1,18,34,1,0,0,1,2,3,1,1,1,1,4,51
"1000",12,5,1,19,34,5,1,19,34,2,3,0,NA,0,0,0,0,0,0,4,51
"1001",0,0,0,0,0,0,0,0,0,0,0,0,0,0,0,0,0,0,0,0,0
"1002",1,1,6,5,1,1,1,1,1,5,4,1,4,1,0,5,4,2,1,5,4
"1003",2,2,6,8,1,1,6,5,1,1,0,0,3,3,1,1,3,1,1,6,7
"1004",3,5,6,9,1,2,6,8,1,3,1,0,1,0,0,3,1,1,1,9,8
"1005",4,9,6,9,6,5,6,9,1,2,5,4,2,5,0,4,5,1,2,13,13
"1006",5,9,8,10,6,9,6,9,6,2,0,0,1,1,1,2,1,2,1,15,14
"1007",6,9,9,11,6,9,8,10,6,1,1,0,1,0,0,1,1,2,1,16,15
"1008",7,13,9,14,6,9,9,11,6,3,1,4,3,1,0,4,3,1,1,20,18
"1009",8,14,9,19,6,13,9,14,6,1,0,0,2,4,5,1,5,1,1,21,23
"1010",9,18,9,21,6,14,9,19,6,2,4,0,2,0,0,4,2,1,1,25,25
"1011",10,23,9,21,8,18,9,21,6,5,1,2,1,2,0,5,2,1,2,30,27
"1012",11,23,10,27,10,23,9,21,8,1,0,0,5,6,6,1,6,2,1,31,35
"1013",12,23,10,27,10,23,10,27,10,5,6,0,NA,0,0,0,0,0,0,31,35
"1014",0,0,0,0,0,0,0,0,0,0,0,0,0,0,0,0,0,0,0,0,0
"1015",1,1,6,4,1,1,1,1,1,5,3,3,3,3,0,5,3,2,1,5,3
"1016",2,1,9,4,5,1,6,4,1,3,0,0,4,4,3,3,4,2,2,8,7
"1017",3,1,13,4,8,1,9,4,5,4,3,0,3,0,0,4,3,2,2,12,10
"1018",4,3,19,9,8,1,13,4,8,5,4,6,5,4,0,6,5,2,1,20,15
"1019",5,3,23,9,12,3,19,9,8,4,0,0,6,4,2,4,4,2,2,24,19
"1020",6,10,23,9,14,3,23,9,12,6,2,0,2,0,0,6,2,1,2,31,21
"1021",7,17,23,14,14,10,23,9,14,6,5,1,5,1,0,6,5,1,1,38,26
"1022",8,17,24,17,14,17,23,14,14,1,0,0,6,3,2,1,3,2,1,39,29
"1023",9,23,28,19,14,17,24,17,14,6,2,0,2,0,0,6,2,1,1,49,31
"1024",10,30,28,20,14,23,28,19,14,1,4,6,1,4,0,6,1,1,1,56,32
"1025",11,33,32,20,5,30,28,20,14,4,0,0,1,6,4,4,4,2,2,63,23
"1026",12,33,32,20,5,33,32,20,5,1,6,0,NA,0,0,0,0,0,0,63,23
"1027",0,0,0,0,0,0,0,0,0,0,0,0,0,0,0,0,0,0,0,0,0
"1028",1,1,6,6,1,1,1,1,1,2,5,5,2,5,0,5,5,2,1,5,5
"1029",2,3,6,6,9,1,6,6,1,2,0,0,5,6,5,2,6,1,2,7,13
"1030",3,3,11,6,14,3,6,6,9,5,5,0,5,0,0,5,5,2,2,12,18
"1031",4,3,14,8,14,3,11,6,14,2,2,3,2,2,0,3,2,2,1,15,20
"1032",5,3,16,10,20,3,14,8,14,2,0,0,4,3,6,2,6,2,2,17,28
"1033",6,3,19,14,20,3,16,10,20,4,3,0,4,0,0,3,4,2,1,20,32
"1034",7,3,24,14,23,3,19,14,20,5,3,3,3,3,0,5,3,2,2,25,35
"1035",8,3,27,14,26,3,24,14,23,3,0,0,3,2,2,3,3,2,2,28,38
"1036",9,3,29,14,28,3,27,14,26,2,2,0,2,0,0,2,2,2,2,30,40
"1037",10,8,32,1,36,3,29,14,28,5,6,3,5,6,0,3,6,2,2,38,35
"1038",11,8,37,1,37,8,32,1,36,5,0,0,4,2,1,5,1,2,2,43,36
"1039",12,8,37,1,37,8,37,1,37,4,2,0,NA,0,0,0,0,0,0,43,36
"1040",0,0,0,0,0,0,0,0,0,0,0,0,0,0,0,0,0,0,0,0,0
"1041",1,1,4,3,1,1,1,1,1,2,3,2,2,2,0,3,2,2,1,3,2
"1042",2,1,6,9,2,1,4,3,1,2,0,0,4,2,6,2,6,2,1,5,9
"1043",3,1,10,9,4,1,6,9,2,4,2,0,2,0,0,4,2,2,2,9,11
"1044",4,4,10,17,4,1,10,9,4,6,4,3,6,4,0,3,6,1,1,12,19
"1045",5,4,14,20,4,4,10,17,4,4,0,0,2,3,1,4,3,2,1,16,22
"1046",6,4,16,20,5,4,14,20,4,2,1,0,1,0,0,2,1,2,2,18,23
"1047",7,1,21,22,6,4,16,20,5,2,1,5,2,1,0,5,2,2,1,20,26
"1048",8,1,22,31,6,1,21,22,6,1,0,0,6,6,3,1,6,2,1,21,35
"1049",9,10,22,31,9,1,22,31,6,6,3,0,3,0,0,6,3,1,2,30,38
"1050",10,12,28,37,14,10,22,31,9,6,4,6,4,6,0,6,6,2,1,38,49
"1051",11,15,38,39,3,12,28,37,14,4,0,0,2,2,6,4,2,2,1,51,78
"1052",12,15,38,39,3,15,38,39,3,2,6,0,NA,0,0,0,0,0,0,51,78
"1053",0,0,0,0,0,0,0,0,0,0,0,0,0,0,0,0,0,0,0,0,0
"1054",1,7,4,6,1,1,1,1,1,6,1,5,1,5,0,6,5,1,1,9,5
"1055",2,8,4,10,1,7,4,6,1,1,0,0,5,3,4,1,4,1,1,10,9
"1056",3,13,4,13,1,8,4,10,1,5,3,0,3,0,0,5,3,1,1,15,12
"1057",4,17,4,17,1,13,4,13,1,4,2,4,2,4,0,4,4,1,1,19,16
"1058",5,17,6,25,1,17,4,17,1,2,0,0,4,4,6,2,6,2,1,21,24
"1059",6,21,6,29,1,17,6,25,1,4,4,0,4,0,0,4,4,1,1,25,28
"1060",7,21,10,31,1,21,6,29,1,4,1,2,1,2,0,4,2,2,1,29,30
"1061",8,1,11,34,3,21,10,31,1,1,0,0,1,2,1,1,2,2,2,10,35
"1062",9,2,11,34,4,1,11,34,3,1,1,0,1,0,0,1,1,1,2,11,36
"1063",10,4,16,6,4,2,11,34,4,5,1,5,1,5,0,5,5,2,1,18,8
"1064",11,4,17,6,7,4,16,6,4,1,0,0,3,6,3,1,3,2,2,19,11
"1065",12,4,17,6,7,4,17,6,7,6,3,0,NA,0,0,0,0,0,0,19,11
"1066",0,0,0,0,0,0,0,0,0,0,0,0,0,0,0,0,0,0,0,0,0
"1067",1,7,7,6,1,1,1,1,1,1,5,6,1,5,0,6,5,2,1,12,5
"1068",2,7,8,6,3,7,7,6,1,1,0,0,3,2,1,1,2,2,2,13,7
"1069",3,7,11,6,4,7,8,6,3,3,1,0,1,0,0,3,1,2,2,16,8
"1070",4,9,17,10,4,7,11,6,4,1,4,6,1,4,0,6,4,2,1,24,12
"1071",5,9,18,10,6,9,17,10,4,1,0,0,2,6,1,1,2,2,2,25,14
"1072",6,15,21,11,6,9,18,10,6,6,1,0,1,0,0,6,1,1,1,34,15
"1073",7,20,21,13,6,15,21,11,6,5,2,4,2,4,0,5,2,1,1,39,17
"1074",8,30,23,13,3,20,21,13,6,4,0,0,1,2,2,4,2,1,2,51,14
"1075",9,36,23,3,3,30,23,13,3,1,2,0,2,0,0,1,2,1,1,57,4
"1076",10,39,26,5,3,36,23,3,3,3,2,1,2,1,0,3,2,1,1,101,6
"1077",11,39,27,10,3,39,26,5,3,1,0,0,5,2,6,1,5,2,1,102,11
"1078",12,39,27,10,3,39,27,10,3,2,6,0,NA,0,0,0,0,0,0,102,11
"1079",0,0,0,0,0,0,0,0,0,0,0,0,0,0,0,0,0,0,0,0,0
"1080",1,5,1,5,1,1,1,1,1,4,4,2,4,2,0,4,4,1,1,4,4
"1081",2,5,3,5,4,5,1,5,1,2,0,0,3,3,3,2,3,2,2,6,7
"1082",3,8,3,5,7,5,3,5,4,3,3,0,3,0,0,3,3,1,2,9,10
"1083",4,11,3,10,7,8,3,5,7,3,5,3,5,3,0,3,5,1,1,12,15
"1084",5,14,3,10,11,11,3,10,7,3,0,0,4,3,5,3,4,1,2,15,19
"1085",6,14,8,13,11,14,3,10,11,3,5,0,3,0,0,5,3,2,1,20,22
"1086",7,18,8,13,12,14,8,13,11,1,4,1,1,1,0,4,1,1,2,24,23
"1087",8,19,8,13,17,18,8,13,12,1,0,0,2,5,4,1,5,1,2,25,28
"1088",9,19,12,13,19,19,8,13,17,2,4,0,2,0,0,4,2,2,2,29,30
"1089",10,25,15,13,22,19,12,13,19,3,6,3,3,3,0,6,3,1,2,38,33
"1090",11,28,15,13,24,25,15,13,22,3,0,0,1,4,2,3,2,1,2,41,35
"1091",12,28,15,13,24,28,15,13,24,1,4,0,NA,0,0,0,0,0,0,41,35
"1092",0,0,0,0,0,0,0,0,0,0,0,0,0,0,0,0,0,0,0,0,0
"1093",1,1,9,7,3,1,1,1,1,6,4,6,4,6,0,6,6,2,1,8,8
"1094",2,1,13,9,9,1,9,7,3,4,0,0,1,1,6,4,6,2,2,12,16
"1095",3,1,14,10,9,1,13,9,9,1,1,0,1,0,0,1,1,2,1,13,17
"1096",4,5,14,12,9,1,14,10,9,2,4,1,2,1,0,4,2,1,1,17,19
"1097",5,5,15,17,9,5,14,12,9,1,0,0,1,3,5,1,5,2,1,18,24
"1098",6,5,18,17,10,5,15,17,9,1,3,0,1,0,0,3,1,2,2,21,25
"1099",7,5,20,17,12,5,18,17,10,2,2,2,2,2,0,2,2,2,2,23,27
"1100",8,5,22,20,12,5,20,17,12,2,0,0,4,3,3,2,3,2,1,25,30
"1101",9,5,25,20,16,5,22,20,12,4,3,0,4,0,0,3,4,2,2,28,34
"1102",10,5,29,20,20,5,25,20,16,4,1,4,1,4,0,4,4,2,2,32,38
"1103",11,5,30,24,20,5,29,20,20,1,0,0,3,6,4,1,4,2,1,33,42
"1104",12,5,30,24,20,5,30,24,20,3,6,0,NA,0,0,0,0,0,0,33,42
"1105",0,0,0,0,0,0,0,0,0,0,0,0,0,0,0,0,0,0,0,0,0
"1106",1,1,8,11,1,1,1,1,1,6,2,6,2,6,0,6,6,2,1,7,10
"1107",2,3,8,11,6,1,8,11,1,2,0,0,5,4,5,2,5,1,2,9,15
"1108",3,3,13,11,10,3,8,11,6,4,5,0,4,0,0,5,4,2,2,14,19
"1109",4,3,18,16,10,3,13,11,10,5,5,2,5,2,0,5,5,2,1,19,24
"1110",5,5,18,22,15,3,18,16,10,2,0,0,6,2,1,2,6,1,1,21,35
"1111",6,1,20,29,16,5,18,22,15,2,1,0,1,0,0,2,1,2,1,19,43
"1112",7,6,20,35,22,1,20,29,16,6,3,5,6,3,0,5,6,1,2,24,55
"1113",8,6,23,39,23,6,20,35,22,3,0,0,2,4,1,3,4,2,1,27,98
"1114",9,1,25,39,25,6,23,39,23,2,1,0,1,0,0,2,1,2,2,24,100
"1115",10,1,29,39,35,1,25,39,25,6,4,1,6,1,0,4,6,2,2,28,110
"1116",11,2,29,39,38,1,29,39,35,1,0,0,3,6,5,1,3,1,2,29,113
"1117",12,2,29,39,38,2,29,39,38,6,5,0,NA,0,0,0,0,0,0,29,113
"1118",0,0,0,0,0,0,0,0,0,0,0,0,0,0,0,0,0,0,0,0,0
"1119",1,7,4,3,1,1,1,1,1,6,3,2,3,2,0,6,2,1,1,9,2
"1120",2,7,7,9,6,7,4,3,1,3,0,0,6,5,1,3,6,2,1,12,13
"1121",3,7,12,10,6,7,7,9,6,5,1,0,1,0,0,5,1,2,1,17,14
"1122",4,13,18,14,6,7,12,10,6,4,2,6,4,2,0,6,4,2,1,29,18
"1123",5,15,18,16,6,13,18,14,6,2,0,0,2,2,6,2,2,1,1,31,20
"1124",6,15,28,18,1,15,18,16,6,2,6,0,2,0,0,6,2,2,1,41,17
"1125",7,15,37,20,1,15,28,18,1,3,6,2,3,2,0,6,2,2,1,50,19
"1126",8,18,37,20,4,15,37,20,1,3,0,0,5,3,5,3,3,1,2,53,22
"1127",9,23,37,25,4,18,37,20,4,5,5,0,5,0,0,5,5,1,1,58,27
"1128",10,42,37,25,9,23,37,25,4,5,5,6,5,5,0,6,5,1,2,77,32
"1129",11,1,37,34,15,42,37,25,9,5,0,0,1,5,6,5,6,1,2,36,47
"1130",12,1,37,34,15,1,37,34,15,1,5,0,NA,0,0,0,0,0,0,36,47
"1131",0,0,0,0,0,0,0,0,0,0,0,0,0,0,0,0,0,0,0,0,0
"1132",1,1,3,5,1,1,1,1,1,4,2,2,4,2,0,2,4,2,1,2,4
"1133",2,1,5,10,1,1,3,5,1,2,0,0,5,1,2,2,5,2,1,4,9
"1134",3,3,5,11,1,1,5,10,1,1,2,0,1,0,0,2,1,1,1,6,10
"1135",4,4,5,11,6,3,5,11,1,5,1,1,5,1,0,1,5,1,2,7,15
"1136",5,5,5,15,6,4,5,11,6,1,0,0,4,4,3,1,4,1,1,8,19
"1137",6,8,5,15,10,5,5,15,6,4,3,0,4,0,0,3,4,1,2,11,23
"1138",7,8,10,15,12,8,5,15,10,5,1,2,1,2,0,5,2,2,2,16,25
"1139",8,9,10,21,22,8,10,15,12,1,0,0,4,4,6,1,6,1,1,17,41
"1140",9,9,14,25,22,9,10,21,22,4,4,0,4,0,0,4,4,2,1,21,45
"1141",10,9,16,25,25,9,14,25,22,2,5,3,5,3,0,2,3,2,2,23,48
"1142",11,14,16,30,25,9,16,25,25,5,0,0,5,5,4,5,5,1,1,28,53
"1143",12,14,16,30,25,14,16,30,25,5,4,0,NA,0,0,0,0,0,0,28,53
"1144",0,0,0,0,0,0,0,0,0,0,0,0,0,0,0,0,0,0,0,0,0
"1145",1,1,4,6,1,1,1,1,1,5,1,3,5,1,0,3,5,2,1,3,5
"1146",2,2,4,6,6,1,4,6,1,1,0,0,2,3,5,1,5,1,2,4,10
"1147",3,2,7,8,6,2,4,6,6,2,3,0,2,0,0,3,2,2,1,7,12
"1148",4,3,7,8,10,2,7,8,6,1,4,1,4,1,0,1,4,1,2,8,16
"1149",5,3,8,9,16,3,7,8,10,1,0,0,1,6,4,1,6,2,2,9,23
"1150",6,3,12,9,17,3,8,9,16,1,4,0,1,0,0,4,1,2,2,13,24
"1151",7,3,17,16,17,3,12,9,17,5,6,4,6,4,0,5,6,2,1,18,31
"1152",8,3,21,17,17,3,17,16,17,4,0,0,6,1,1,4,1,2,1,22,32
"1153",9,3,34,18,17,3,21,17,17,6,1,0,1,0,0,6,1,2,1,35,33
"1154",10,13,34,22,17,3,34,18,17,4,4,6,4,4,0,6,4,1,1,45,37
"1155",11,17,34,29,17,13,34,22,17,4,0,0,4,6,6,4,6,1,1,49,44
"1156",12,17,34,29,17,17,34,29,17,4,6,0,NA,0,0,0,0,0,0,49,44
"1157",0,0,0,0,0,0,0,0,0,0,0,0,0,0,0,0,0,0,0,0,0
"1158",1,7,6,6,1,1,1,1,1,6,4,5,4,5,0,6,5,1,1,11,5
"1159",2,11,6,6,6,7,6,6,1,4,0,0,1,4,5,4,5,1,2,15,10
"1160",3,15,6,6,7,11,6,6,6,1,4,0,1,0,0,4,1,1,2,19,11
"1161",4,15,11,10,7,15,6,6,7,4,5,4,4,4,0,5,4,2,1,24,15
"1162",5,19,11,14,7,15,11,10,7,4,0,0,4,4,6,4,4,1,1,28,19
"1163",6,19,15,19,13,19,11,14,7,4,6,0,6,0,0,4,6,2,2,32,30
"1164",7,28,21,19,15,19,15,19,13,6,2,2,2,2,0,6,2,2,2,47,32
"1165",8,28,23,21,15,28,21,19,15,2,0,0,4,6,2,2,2,2,1,49,34
"1166",9,28,32,25,15,28,23,21,15,4,6,0,4,0,0,6,4,2,1,58,38
"1167",10,28,37,30,15,28,32,25,15,5,6,5,6,5,0,5,5,2,1,63,43
"1168",11,44,37,31,15,28,37,30,15,6,0,0,1,4,3,6,1,1,1,79,44
"1169",12,44,37,31,15,44,37,31,15,4,3,0,NA,0,0,0,0,0,0,79,44
"1170",0,0,0,0,0,0,0,0,0,0,0,0,0,0,0,0,0,0,0,0,0
"1171",1,3,1,1,6,1,1,1,1,1,2,5,1,5,0,2,5,1,2,2,5
"1172",2,4,1,10,12,3,1,1,6,1,0,0,2,3,6,1,6,1,2,3,20
"1173",3,6,1,13,12,4,1,10,12,2,3,0,3,0,0,2,3,1,1,5,23
"1174",4,11,1,17,12,6,1,13,12,5,4,5,4,5,0,5,4,1,1,10,27
"1175",5,16,1,17,13,11,1,17,12,5,0,0,1,2,1,5,1,1,2,15,28
"1176",6,18,1,17,14,16,1,17,13,2,1,0,1,0,0,2,1,1,2,17,29
"1177",7,23,1,17,19,18,1,17,14,5,5,1,5,1,0,5,5,1,2,22,34
"1178",8,24,1,17,21,23,1,17,19,1,0,0,1,2,4,1,2,1,2,23,36
"1179",9,28,1,17,22,24,1,17,21,1,4,0,1,0,0,4,1,1,2,27,37
"1180",10,36,4,17,3,28,1,17,22,5,2,3,5,2,0,3,2,2,2,38,18
"1181",11,36,9,21,3,36,4,17,3,5,0,0,4,1,4,5,4,2,1,43,22
"1182",12,36,9,21,3,36,9,21,3,1,4,0,NA,0,0,0,0,0,0,43,22
"1183",0,0,0,0,0,0,0,0,0,0,0,0,0,0,0,0,0,0,0,0,0
"1184",1,5,1,1,4,1,1,1,1,4,1,3,1,3,0,4,3,1,2,4,3
"1185",2,6,1,1,9,5,1,1,4,1,0,0,5,2,3,1,5,1,2,5,8
"1186",3,9,1,1,11,6,1,1,9,2,3,0,2,0,0,3,2,1,2,8,10
"1187",4,9,6,4,17,9,1,1,11,5,6,4,6,4,0,5,6,2,2,13,19
"1188",5,9,10,11,17,9,6,4,17,4,0,0,5,4,6,4,6,2,1,17,26
"1189",6,9,14,16,17,9,10,11,17,5,4,0,5,0,0,4,5,2,1,21,31
"1190",7,16,14,20,17,9,14,16,17,6,4,3,4,3,0,6,4,1,1,28,35
"1191",8,16,17,20,21,16,14,20,17,3,0,0,1,4,4,3,4,2,2,31,39
"1192",9,16,21,20,22,16,17,20,21,1,4,0,1,0,0,4,1,2,2,35,40
"1193",10,20,21,22,22,16,21,20,22,4,1,2,1,2,0,4,2,1,1,39,42
"1194",11,20,22,30,22,20,21,22,22,1,0,0,3,6,5,1,6,2,1,40,50
"1195",12,20,22,30,22,20,22,30,22,3,5,0,NA,0,0,0,0,0,0,40,50
"1196",0,0,0,0,0,0,0,0,0,0,0,0,0,0,0,0,0,0,0,0,0
"1197",1,1,4,1,2,1,1,1,1,1,3,2,1,2,0,3,1,2,2,3,1
"1198",2,3,4,1,5,1,4,1,2,2,0,0,2,3,2,2,3,1,2,5,4
"1199",3,5,4,1,7,3,4,1,5,2,2,0,2,0,0,2,2,1,2,7,6
"1200",4,8,4,1,17,5,4,1,7,2,6,3,2,6,0,3,6,1,2,10,16
"1201",5,8,6,3,23,8,4,1,17,2,0,0,6,6,6,2,6,2,2,12,24
"1202",6,16,6,10,23,8,6,3,23,6,6,0,6,0,0,6,6,1,1,20,31
"1203",7,19,6,12,23,16,6,10,23,2,3,1,2,1,0,3,2,1,1,23,33
"1204",8,19,7,14,23,19,6,12,23,1,0,0,1,2,3,1,2,2,1,24,35
"1205",9,20,7,17,23,19,7,14,23,1,3,0,3,0,0,1,3,1,1,25,38
"1206",10,20,9,26,23,20,7,17,23,1,6,2,1,6,0,2,6,2,1,27,47
"1207",11,21,9,26,25,20,9,26,23,1,0,0,6,2,6,1,2,1,2,28,49
"1208",12,21,9,26,25,21,9,26,25,6,6,0,NA,0,0,0,0,0,0,28,49
"1209",0,0,0,0,0,0,0,0,0,0,0,0,0,0,0,0,0,0,0,0,0
"1210",1,6,1,7,3,1,1,1,1,6,4,5,6,4,0,5,6,1,1,5,8
"1211",2,10,1,7,4,6,1,7,3,4,0,0,1,1,1,4,1,1,2,9,9
"1212",3,10,2,8,4,10,1,7,4,1,1,0,1,0,0,1,1,2,1,10,10
"1213",4,15,2,12,4,10,2,8,4,5,3,4,3,4,0,5,4,1,1,15,14
"1214",5,18,2,17,4,15,2,12,4,3,0,0,4,1,5,3,5,1,1,18,19
"1215",6,19,2,17,8,18,2,17,4,4,1,0,4,0,0,1,4,1,2,19,23
"1216",7,24,2,17,11,19,2,17,8,3,2,5,3,2,0,5,3,1,2,24,26
"1217",8,24,4,17,15,24,2,17,11,2,0,0,2,4,1,2,4,2,2,26,30
"1218",9,24,6,17,16,24,4,17,15,2,1,0,1,0,0,2,1,2,2,28,31
"1219",10,29,6,17,20,24,6,17,16,3,4,5,3,4,0,5,4,1,2,33,35
"1220",11,32,6,20,20,29,6,17,20,3,0,0,3,5,4,3,3,1,1,36,38
"1221",12,32,6,20,20,32,6,20,20,5,4,0,NA,0,0,0,0,0,0,36,38
"1222",0,0,0,0,0,0,0,0,0,0,0,0,0,0,0,0,0,0,0,0,0
"1223",1,6,1,3,1,1,1,1,1,5,4,2,4,2,0,5,2,1,1,5,2
"1224",2,6,5,3,5,6,1,3,1,4,0,0,4,2,5,4,4,2,2,9,6
"1225",3,11,5,5,5,6,5,3,5,2,5,0,2,0,0,5,2,1,1,14,8
"1226",4,12,17,5,6,11,5,5,5,6,1,1,1,1,0,6,1,2,2,27,9
"1227",5,12,18,5,8,12,17,5,6,1,0,0,2,2,5,1,2,2,2,28,11
"1228",6,17,18,5,10,12,18,5,8,2,5,0,2,0,0,5,2,1,2,33,13
"1229",7,18,18,7,10,17,18,5,10,2,4,1,2,4,0,1,2,1,1,34,15
"1230",8,18,22,7,13,18,18,7,10,4,0,0,5,3,3,4,3,2,2,38,18
"1231",9,21,22,7,18,18,22,7,13,5,3,0,5,0,0,3,5,1,2,41,23
"1232",10,23,22,7,19,21,22,7,18,2,6,1,6,1,0,2,1,1,2,43,24
"1233",11,23,32,11,19,23,22,7,19,6,0,0,3,6,4,6,4,2,1,53,28
"1234",12,23,32,11,19,23,32,11,19,3,6,0,NA,0,0,0,0,0,0,53,28
"1235",0,0,0,0,0,0,0,0,0,0,0,0,0,0,0,0,0,0,0,0,0
"1236",1,7,5,1,6,1,1,1,1,6,5,2,5,2,0,6,5,1,2,10,5
"1237",2,7,7,1,10,7,5,1,6,2,0,0,4,5,2,2,4,2,2,12,9
"1238",3,7,12,3,10,7,7,1,10,5,2,0,2,0,0,5,2,2,1,17,11
"1239",4,9,12,5,10,7,12,3,10,1,2,2,1,2,0,2,2,1,1,19,13
"1240",5,10,12,15,10,9,12,5,10,1,0,0,2,6,3,1,6,1,1,20,23
"1241",6,10,15,17,10,10,12,15,10,2,3,0,2,0,0,3,2,2,1,23,25
"1242",7,10,16,20,10,10,15,17,10,3,2,1,3,2,0,1,3,2,1,24,28
"1243",8,12,16,20,13,10,16,20,10,2,0,0,3,3,2,2,3,1,2,26,31
"1244",9,15,16,20,15,12,16,20,13,3,2,0,2,0,0,3,2,1,2,29,33
"1245",10,15,23,30,21,15,16,20,15,6,6,6,6,6,0,6,6,2,2,36,49
"1246",11,16,29,30,25,15,23,30,21,6,0,0,4,2,3,6,4,2,2,43,53
"1247",12,16,29,30,25,16,29,30,25,2,3,0,NA,0,0,0,0,0,0,43,53
"1248",0,0,0,0,0,0,0,0,0,0,0,0,0,0,0,0,0,0,0,0,0
"1249",1,1,6,6,1,1,1,1,1,5,5,5,5,5,0,5,5,2,1,5,5
"1250",2,1,11,11,1,1,6,6,1,5,0,0,5,5,4,5,5,2,1,10,10
"1251",3,6,11,15,1,1,11,11,1,5,4,0,4,0,0,5,4,1,1,15,14
"1252",4,6,16,18,1,6,11,15,1,3,5,5,3,5,0,5,3,2,1,20,17
"1253",5,11,16,22,1,6,16,18,1,5,0,0,1,4,3,5,4,1,1,25,21
"1254",6,14,16,23,1,11,16,22,1,1,3,0,1,0,0,3,1,1,1,28,22
"1255",7,14,19,27,1,14,16,23,1,4,1,3,4,1,0,3,4,2,1,31,26
"1256",8,15,19,32,1,14,19,27,1,1,0,0,5,1,2,1,5,1,1,32,31
"1257",9,15,20,32,3,15,19,32,1,1,2,0,2,0,0,1,2,2,2,33,33
"1258",10,15,29,32,6,15,20,32,3,2,6,3,2,3,0,6,3,2,2,42,36
"1259",11,1,29,35,17,15,29,32,6,2,0,0,2,3,3,2,3,1,1,28,50
"1260",12,1,29,35,17,1,29,35,17,2,3,0,NA,0,0,0,0,0,0,28,50
"1261",0,0,0,0,0,0,0,0,0,0,0,0,0,0,0,0,0,0,0,0,0
"1262",1,1,5,2,1,1,1,1,1,1,1,4,1,1,0,4,1,2,1,4,1
"1263",2,1,6,2,6,1,5,2,1,1,0,0,2,3,5,1,5,2,2,5,6
"1264",3,3,6,5,6,1,6,2,6,2,3,0,3,0,0,2,3,1,1,7,9
"1265",4,13,12,11,7,3,6,5,6,6,4,6,4,6,0,6,6,1,1,23,16
"1266",5,13,16,14,7,13,12,11,7,4,0,0,3,1,4,4,3,2,1,27,19
"1267",6,13,20,15,7,13,16,14,7,1,4,0,1,0,0,4,1,2,1,31,20
"1268",7,17,20,15,11,13,20,15,7,4,1,4,1,4,0,4,4,1,2,35,24
"1269",8,18,20,19,11,17,20,15,11,1,0,0,6,4,3,1,4,1,1,36,28
"1270",9,22,26,22,11,18,20,19,11,6,3,0,3,0,0,6,3,2,1,46,31
"1271",10,33,29,24,1,22,26,22,11,6,1,2,1,2,0,6,2,1,1,60,23
"1272",11,34,29,26,1,33,29,24,1,1,0,0,6,2,3,1,2,1,1,61,25
"1273",12,34,29,26,1,34,29,26,1,6,3,0,NA,0,0,0,0,0,0,61,25
"1274",0,0,0,0,0,0,0,0,0,0,0,0,0,0,0,0,0,0,0,0,0
"1275",1,2,7,4,1,1,1,1,1,6,1,3,1,3,0,6,3,2,1,7,3
"1276",2,3,7,4,6,2,7,4,1,1,0,0,6,5,5,1,5,1,2,8,8
"1277",3,3,12,10,10,3,7,4,6,6,5,0,6,0,0,5,6,2,1,13,18
"1278",4,3,16,10,18,3,12,10,10,6,6,4,6,6,0,4,6,2,2,17,26
"1279",5,3,25,14,18,3,16,10,18,6,0,0,4,3,3,6,4,2,1,26,30
"1280",6,3,28,17,18,3,25,14,18,3,3,0,3,0,0,3,3,2,1,29,33
"1281",7,7,34,21,18,3,28,17,18,1,6,4,1,4,0,6,4,2,1,39,37
"1282",8,7,35,23,18,7,34,21,18,1,0,0,1,2,2,1,2,2,1,40,39
"1283",9,9,35,24,18,7,35,23,18,1,2,0,1,0,0,2,1,1,1,42,40
"1284",10,14,39,27,18,9,35,24,18,4,3,1,3,1,0,4,3,2,1,89,43
"1285",11,15,39,31,18,14,39,27,18,1,0,0,4,1,1,1,4,1,1,90,47
"1286",12,15,39,31,18,15,39,31,18,1,1,0,NA,0,0,0,0,0,0,90,47
"1287",0,0,0,0,0,0,0,0,0,0,0,0,0,0,0,0,0,0,0,0,0
"1288",1,4,1,4,1,1,1,1,1,1,3,3,1,3,0,3,3,1,1,3,3
"1289",2,4,2,4,4,4,1,4,1,1,0,0,3,1,4,1,3,2,2,4,6
"1290",3,4,6,5,4,4,2,4,4,1,4,0,1,0,0,4,1,2,1,8,7
"1291",4,7,12,9,4,4,6,5,4,4,6,3,4,3,0,6,4,2,1,17,11
"1292",5,10,12,13,4,7,12,9,4,3,0,0,4,5,4,3,4,1,1,20,15
"1293",6,15,12,17,4,10,12,13,4,5,4,0,4,0,0,5,4,1,1,25,19
"1294",7,20,12,17,7,15,12,17,4,1,3,5,1,3,0,5,3,1,2,30,22
"1295",8,21,12,26,7,20,12,17,7,1,0,0,1,6,5,1,6,1,1,31,31
"1296",9,21,17,26,8,21,12,26,7,1,5,0,1,0,0,5,1,2,2,36,32
"1297",10,30,17,31,1,21,17,26,8,5,5,2,5,2,0,5,5,1,1,45,30
"1298",11,30,19,37,6,30,17,31,1,2,0,0,5,6,5,2,6,2,1,47,41
"1299",12,30,19,37,6,30,19,37,6,5,5,0,NA,0,0,0,0,0,0,47,41
"1300",0,0,0,0,0,0,0,0,0,0,0,0,0,0,0,0,0,0,0,0,0
"1301",1,7,8,3,1,1,1,1,1,2,2,6,2,2,0,6,2,2,1,13,2
"1302",2,7,10,3,6,7,8,3,1,2,0,0,3,5,2,2,5,2,2,15,7
"1303",3,10,10,5,6,7,10,3,6,3,2,0,2,0,0,3,2,1,1,18,9
"1304",4,10,15,8,6,10,10,5,6,3,5,1,3,1,0,5,3,2,1,23,12
"1305",5,11,15,8,10,10,15,8,6,1,0,0,4,6,1,1,4,1,2,24,16
"1306",6,17,17,9,10,11,15,8,10,6,1,0,1,0,0,6,1,1,1,32,17
"1307",7,17,21,11,10,17,17,9,10,1,2,4,1,2,0,4,2,2,1,36,19
"1308",8,17,22,15,10,17,21,11,10,1,0,0,2,4,4,1,4,2,1,37,23
"1309",9,21,22,17,10,17,22,15,10,2,4,0,2,0,0,4,2,1,1,41,25
"1310",10,22,22,17,12,21,22,17,10,2,1,6,2,6,0,1,2,1,2,42,27
"1311",11,28,27,19,12,22,22,17,12,6,0,0,3,1,2,6,2,1,1,53,29
"1312",12,28,27,19,12,28,27,19,12,3,1,0,NA,0,0,0,0,0,0,53,29
"1313",0,0,0,0,0,0,0,0,0,0,0,0,0,0,0,0,0,0,0,0,0
"1314",1,1,3,4,1,1,1,1,1,2,1,3,1,3,0,2,3,2,1,2,3
"1315",2,1,4,4,6,1,3,4,1,1,0,0,5,4,2,1,5,2,2,3,8
"1316",3,5,4,4,8,1,4,4,6,4,2,0,2,0,0,4,2,1,2,7,10
"1317",4,10,4,9,8,5,4,4,8,5,5,2,5,2,0,5,5,1,1,12,15
"1318",5,12,4,15,13,10,4,9,8,2,0,0,3,6,4,2,6,1,1,14,26
"1319",6,12,8,18,13,12,4,15,13,3,4,0,3,0,0,4,3,2,1,18,29
"1320",7,16,14,19,19,12,8,18,13,6,2,6,2,6,0,6,6,2,2,28,36
"1321",8,16,16,19,30,16,14,19,19,2,0,0,5,5,6,2,6,2,2,30,47
"1322",9,16,21,24,30,16,16,19,30,5,5,0,5,0,0,5,5,2,1,35,52
"1323",10,16,25,26,30,16,21,24,30,2,4,2,2,2,0,4,2,2,1,39,54
"1324",11,16,27,31,30,16,25,26,30,2,0,0,5,4,1,2,5,2,1,41,59
"1325",12,16,27,31,30,16,27,31,30,4,1,0,NA,0,0,0,0,0,0,41,59
"1326",0,0,0,0,0,0,0,0,0,0,0,0,0,0,0,0,0,0,0,0,0
"1327",1,4,1,1,3,1,1,1,1,1,3,2,1,2,0,3,2,1,2,3,2
"1328",2,5,1,1,13,4,1,1,3,1,0,0,4,6,1,1,6,1,2,4,12
"1329",3,9,1,1,14,5,1,1,13,4,1,0,1,0,0,4,1,1,2,8,13
"1330",4,14,1,8,14,9,1,1,14,1,5,6,1,6,0,5,6,1,1,13,20
"1331",5,15,1,15,14,14,1,8,14,1,0,0,5,6,1,1,6,1,1,14,27
"1332",6,15,6,15,15,15,1,15,14,5,1,0,1,0,0,5,1,2,2,19,28
"1333",7,21,7,21,16,15,6,15,15,2,6,6,2,6,0,6,6,1,1,26,35
"1334",8,23,7,24,22,21,7,21,16,2,0,0,1,6,1,2,6,1,2,28,44
"1335",9,24,7,24,23,23,7,24,22,1,1,0,1,0,0,1,1,1,2,29,45
"1336",10,29,7,24,24,24,7,24,23,5,1,2,1,2,0,5,1,1,2,34,46
"1337",11,29,9,29,24,29,7,24,24,2,0,0,5,5,3,2,5,2,1,36,51
"1338",12,29,9,29,24,29,9,29,24,5,3,0,NA,0,0,0,0,0,0,36,51
"1339",0,0,0,0,0,0,0,0,0,0,0,0,0,0,0,0,0,0,0,0,0
"1340",1,6,1,7,4,1,1,1,1,6,5,6,6,6,0,5,6,1,1,5,9
"1341",2,6,9,13,9,6,1,7,4,6,0,0,2,6,3,6,6,2,1,13,20
"1342",3,9,9,13,11,6,9,13,9,2,3,0,2,0,0,3,2,1,2,16,22
"1343",4,13,9,18,23,9,9,13,11,6,4,4,6,4,0,4,6,1,2,20,39
"1344",5,17,9,23,23,13,9,18,23,4,0,0,2,6,5,4,5,1,1,24,44
"1345",6,19,9,34,23,17,9,23,23,2,6,0,6,0,0,2,6,1,1,26,55
"1346",7,19,1,39,32,19,9,34,23,5,5,2,5,5,0,2,5,2,1,18,107
"1347",8,19,6,39,37,19,1,39,32,5,0,0,5,5,5,5,5,2,2,23,112
"1348",9,19,11,44,37,19,6,39,37,5,5,0,5,0,0,5,5,2,1,28,79
"1349",10,22,11,53,39,19,11,44,37,3,6,3,6,3,0,3,6,1,1,31,128
"1350",11,25,11,57,39,22,11,53,39,3,0,0,4,5,6,3,4,1,1,34,132
"1351",12,25,11,57,39,25,11,57,39,5,6,0,NA,0,0,0,0,0,0,34,132
"1352",0,0,0,0,0,0,0,0,0,0,0,0,0,0,0,0,0,0,0,0,0
"1353",1,4,1,1,5,1,1,1,1,3,2,4,2,4,0,3,4,1,2,3,4
"1354",2,6,1,1,8,4,1,1,5,2,0,0,1,1,3,2,3,1,2,5,7
"1355",3,7,1,2,8,6,1,1,8,1,1,0,1,0,0,1,1,1,1,6,8
"1356",4,7,6,2,10,7,1,2,8,1,2,5,1,2,0,5,2,2,2,11,10
"1357",5,7,7,8,12,7,6,2,10,1,0,0,6,4,1,1,6,2,1,12,18
"1358",6,7,11,8,13,7,7,8,12,4,1,0,1,0,0,4,1,2,2,16,19
"1359",7,8,17,13,13,7,11,8,13,5,6,4,5,4,0,6,5,2,1,23,24
"1360",8,8,21,13,17,8,17,13,13,4,0,0,4,3,5,4,4,2,2,27,28
"1361",9,13,21,16,17,8,21,13,17,3,5,0,3,0,0,5,3,1,1,32,31
"1362",10,19,27,16,20,13,21,16,17,2,3,6,2,3,0,6,3,2,2,44,34
"1363",11,21,27,18,20,19,27,16,20,2,0,0,2,6,2,2,2,1,1,46,36
"1364",12,21,27,18,20,21,27,18,20,6,2,0,NA,0,0,0,0,0,0,46,36
"1365",0,0,0,0,0,0,0,0,0,0,0,0,0,0,0,0,0,0,0,0,0
"1366",1,3,1,1,4,1,1,1,1,2,3,4,3,4,0,2,3,1,2,2,3
"1367",2,7,1,6,4,3,1,1,4,4,0,0,5,4,2,4,5,1,1,6,8
"1368",3,7,5,6,6,7,1,6,4,4,2,0,2,0,0,4,2,2,2,10,10
"1369",4,13,15,7,6,7,5,6,6,6,2,1,2,1,0,6,1,2,1,26,11
"1370",5,13,17,9,6,13,15,7,6,2,0,0,2,1,2,2,2,2,1,28,13
"1371",6,13,18,9,8,13,17,9,6,1,2,0,2,0,0,1,2,2,2,29,15
"1372",7,24,24,9,9,13,18,9,8,4,1,6,4,1,0,6,1,1,2,46,16
"1373",8,28,24,14,9,24,24,9,9,4,0,0,5,5,4,4,5,1,1,50,21
"1374",9,28,29,18,9,28,24,14,9,5,4,0,4,0,0,5,4,2,1,55,25
"1375",10,29,29,25,9,28,29,18,9,3,6,1,3,6,0,1,6,1,1,56,32
"1376",11,32,29,28,9,29,29,25,9,3,0,0,6,3,3,3,3,1,1,59,35
"1377",12,32,29,28,9,32,29,28,9,6,3,0,NA,0,0,0,0,0,0,59,35
"1378",0,0,0,0,0,0,0,0,0,0,0,0,0,0,0,0,0,0,0,0,0
"1379",1,1,2,1,4,1,1,1,1,1,4,3,4,3,0,1,3,2,2,1,3
"1380",2,1,6,12,10,1,2,1,4,4,0,0,6,2,2,4,6,2,1,5,20
"1381",3,3,6,14,10,1,6,12,10,2,2,0,2,0,0,2,2,1,1,7,22
"1382",4,7,6,20,21,3,6,14,10,6,4,2,6,2,0,4,6,1,2,11,39
"1383",5,9,6,21,21,7,6,20,21,2,0,0,1,6,1,2,1,1,1,13,40
"1384",6,1,1,29,25,9,6,21,21,6,1,0,6,0,0,1,6,2,1,0,52
"1385",7,2,7,31,1,1,1,29,25,2,3,6,2,3,0,6,2,2,1,7,30
"1386",8,5,7,37,3,2,7,31,1,3,0,0,6,6,2,3,6,1,1,10,38
"1387",9,14,7,39,6,5,7,37,3,6,2,0,2,0,0,6,2,1,1,19,81
"1388",10,17,7,39,10,14,7,39,6,3,4,2,4,2,0,3,4,1,2,22,85
"1389",11,19,7,39,14,17,7,39,10,2,0,0,4,3,1,2,4,1,2,24,89
"1390",12,19,7,39,14,19,7,39,14,3,1,0,NA,0,0,0,0,0,0,24,89
"1391",0,0,0,0,0,0,0,0,0,0,0,0,0,0,0,0,0,0,0,0,0
"1392",1,6,1,1,3,1,1,1,1,2,5,1,2,1,0,5,2,1,2,5,2
"1393",2,6,2,4,3,6,1,1,3,1,0,0,4,3,4,1,3,2,1,6,5
"1394",3,6,6,4,7,6,2,4,3,4,4,0,4,0,0,4,4,2,2,10,9
"1395",4,6,10,4,11,6,6,4,7,4,4,4,4,4,0,4,4,2,2,14,13
"1396",5,6,14,4,14,6,10,4,11,4,0,0,2,3,3,4,3,2,2,18,16
"1397",6,9,14,4,16,6,14,4,14,2,3,0,2,0,0,3,2,1,2,21,18
"1398",7,9,18,4,20,9,14,4,16,1,4,4,1,4,0,4,4,2,2,25,22
"1399",8,10,18,4,21,9,18,4,20,1,0,0,1,5,1,1,1,1,2,26,23
"1400",9,15,18,5,21,10,18,4,21,5,1,0,1,0,0,5,1,1,1,31,24
"1401",10,19,18,5,31,15,18,5,21,4,6,6,6,6,0,4,6,1,2,35,34
"1402",11,1,29,10,31,19,18,5,31,6,0,0,2,5,1,6,2,2,1,28,39
"1403",12,1,29,10,31,1,29,10,31,5,1,0,NA,0,0,0,0,0,0,28,39
"1404",0,0,0,0,0,0,0,0,0,0,0,0,0,0,0,0,0,0,0,0,0
"1405",1,1,2,1,6,1,1,1,1,1,5,2,5,2,0,1,5,2,2,1,5
"1406",2,3,2,5,6,1,2,1,6,2,0,0,4,5,2,2,4,1,1,3,9
"1407",3,8,2,5,8,3,2,5,6,5,2,0,2,0,0,5,2,1,2,8,11
"1408",4,14,5,5,10,8,2,5,8,6,2,1,2,1,0,6,2,1,2,17,13
"1409",5,15,5,5,13,14,5,5,10,1,0,0,1,2,3,1,3,1,2,18,16
"1410",6,16,5,5,15,15,5,5,13,1,2,0,2,0,0,1,2,1,2,19,18
"1411",7,21,5,5,18,16,5,5,15,5,1,3,1,3,0,5,3,1,2,24,21
"1412",8,22,1,5,24,21,5,5,18,1,0,0,1,5,5,1,5,1,2,21,27
"1413",9,32,12,6,1,22,1,5,24,1,5,0,1,0,0,5,1,2,1,42,5
"1414",10,38,13,7,1,32,12,6,1,1,6,2,1,2,0,6,1,1,1,49,6
"1415",11,38,15,11,1,38,13,7,1,2,0,0,4,6,4,2,4,2,1,51,10
"1416",12,38,15,11,1,38,15,11,1,6,4,0,NA,0,0,0,0,0,0,51,10
"1417",0,0,0,0,0,0,0,0,0,0,0,0,0,0,0,0,0,0,0,0,0
"1418",1,7,3,1,6,1,1,1,1,6,1,5,1,5,0,6,5,1,2,8,5
"1419",2,8,3,1,10,7,3,1,6,1,0,0,3,3,4,1,4,1,2,9,9
"1420",3,11,3,4,10,8,3,1,10,3,3,0,3,0,0,3,3,1,1,12,12
"1421",4,12,3,4,13,11,3,4,10,3,2,1,3,2,0,1,3,1,2,13,15
"1422",5,12,5,4,18,12,3,4,13,2,0,0,5,3,4,2,5,2,2,15,20
"1423",6,12,9,4,21,12,5,4,18,3,4,0,3,0,0,4,3,2,2,19,23
"1424",7,12,12,4,26,12,9,4,21,5,2,3,5,2,0,3,5,2,2,22,28
"1425",8,12,1,4,35,12,12,4,26,2,0,0,6,6,1,2,6,2,2,11,37
"1426",9,12,9,4,36,12,1,4,35,6,1,0,1,0,0,6,1,2,2,19,38
"1427",10,16,9,8,36,12,9,4,36,4,4,1,4,1,0,4,4,1,1,23,42
"1428",11,17,9,13,36,16,9,8,36,1,0,0,5,1,3,1,5,1,1,24,47
"1429",12,17,9,13,36,17,9,13,36,1,3,0,NA,0,0,0,0,0,0,24,47
"1430",0,0,0,0,0,0,0,0,0,0,0,0,0,0,0,0,0,0,0,0,0
"1431",1,1,6,3,1,1,1,1,1,2,5,1,2,1,0,5,2,2,1,5,2
"1432",2,1,7,3,9,1,6,3,1,1,0,0,6,6,6,1,6,2,2,6,10
"1433",3,9,7,9,11,1,7,3,9,6,6,0,6,0,0,6,6,1,1,14,18
"1434",4,15,12,9,14,9,7,9,11,1,6,3,1,3,0,6,3,1,2,25,21
"1435",5,16,12,9,15,15,12,9,14,1,0,0,1,2,1,1,1,1,2,26,22
"1436",6,16,14,9,16,16,12,9,15,2,1,0,1,0,0,2,1,2,2,28,23
"1437",7,16,18,9,20,16,14,9,16,3,4,4,3,4,0,4,4,2,2,32,27
"1438",8,16,21,12,26,16,18,9,20,3,0,0,6,5,6,3,6,2,2,35,36
"1439",9,21,36,1,31,16,21,12,26,5,6,0,5,0,0,6,5,2,2,55,30
"1440",10,23,36,4,37,21,36,1,31,4,2,6,4,6,0,2,6,1,2,57,39
"1441",11,27,36,7,37,23,36,4,37,4,0,0,3,3,6,4,3,1,1,61,42
"1442",12,27,36,7,37,27,36,7,37,3,6,0,NA,0,0,0,0,0,0,61,42
"1443",0,0,0,0,0,0,0,0,0,0,0,0,0,0,0,0,0,0,0,0,0
"1444",1,1,5,3,1,1,1,1,1,1,4,2,1,2,0,4,2,2,1,4,2
"1445",2,1,6,3,6,1,5,3,1,1,0,0,2,5,1,1,5,2,2,5,7
"1446",3,3,6,3,7,1,6,3,6,2,1,0,1,0,0,2,1,1,2,7,8
"1447",4,3,15,3,10,3,6,3,7,3,6,2,3,2,0,6,3,2,2,16,11
"1448",5,3,17,3,20,3,15,3,10,2,0,0,6,5,4,2,6,2,2,18,21
"1449",6,11,27,1,25,3,17,3,20,5,4,0,5,0,0,4,5,2,2,36,24
"1450",7,16,39,1,29,11,27,1,25,6,5,4,5,4,0,6,4,2,2,91,28
"1451",8,21,39,5,29,16,39,1,29,5,0,0,4,4,3,5,4,1,1,96,32
"1452",9,25,39,8,29,21,39,5,29,4,3,0,3,0,0,4,3,1,1,100,35
"1453",10,29,39,2,29,25,39,8,29,1,1,4,1,4,0,1,1,1,1,104,29
"1454",11,33,39,3,29,29,39,2,29,4,0,0,1,1,1,4,1,1,1,108,30
"1455",12,33,39,3,29,33,39,3,29,1,1,0,NA,0,0,0,0,0,0,108,30
"1456",0,0,0,0,0,0,0,0,0,0,0,0,0,0,0,0,0,0,0,0,0
"1457",1,1,5,6,1,1,1,1,1,4,4,5,4,5,0,4,5,2,1,4,5
"1458",2,5,5,6,6,1,5,6,1,4,0,0,3,4,5,4,5,1,2,8,10
"1459",3,9,5,6,9,5,5,6,6,3,4,0,3,0,0,4,3,1,2,12,13
"1460",4,13,5,10,9,9,5,6,9,4,1,4,1,4,0,4,4,1,1,16,17
"1461",5,13,6,18,9,13,5,10,9,1,0,0,1,4,6,1,6,2,1,17,25
"1462",6,17,6,19,9,13,6,18,9,1,4,0,1,0,0,4,1,1,1,21,26
"1463",7,17,9,22,9,17,6,19,9,3,3,1,3,1,0,3,3,2,1,24,29
"1464",8,18,9,25,9,17,9,22,9,1,0,0,3,2,2,1,3,1,1,25,32
"1465",9,20,1,31,9,18,9,25,9,2,2,0,2,0,0,2,2,1,1,19,38
"1466",10,25,1,35,9,20,1,31,9,1,4,5,1,4,0,5,4,1,1,24,42
"1467",11,25,1,37,20,25,1,35,9,1,0,0,4,6,2,1,6,2,2,24,55
"1468",12,25,1,37,20,25,1,37,20,4,2,0,NA,0,0,0,0,0,0,24,55
"1469",0,0,0,0,0,0,0,0,0,0,0,0,0,0,0,0,0,0,0,0,0
"1470",1,6,1,1,10,1,1,1,1,5,3,6,3,6,0,5,6,1,2,5,9
"1471",2,9,1,10,10,6,1,1,10,3,0,0,1,1,6,3,6,1,1,8,18
"1472",3,9,2,11,10,9,1,10,10,1,1,0,1,0,0,1,1,2,1,9,19
"1473",4,13,2,17,11,9,2,11,10,6,4,1,6,1,0,4,6,1,1,13,26
"1474",5,13,1,21,14,13,2,17,11,1,0,0,4,6,3,1,4,2,1,12,33
"1475",6,23,1,24,14,13,1,21,14,6,3,0,3,0,0,6,3,1,1,22,36
"1476",7,29,17,4,14,23,1,24,14,2,3,5,2,3,0,5,3,2,1,44,16
"1477",8,31,17,10,19,29,17,4,14,2,0,0,6,2,1,2,6,1,1,46,27
"1478",9,31,18,12,19,31,17,10,19,2,1,0,2,0,0,1,2,2,1,47,29
"1479",10,36,18,23,25,31,18,12,19,6,5,6,6,6,0,5,6,1,1,52,46
"1480",11,36,34,23,27,36,18,23,25,6,0,0,6,3,2,6,2,2,2,68,48
"1481",12,36,34,23,27,36,34,23,27,6,3,0,NA,0,0,0,0,0,0,68,48
"1482",0,0,0,0,0,0,0,0,0,0,0,0,0,0,0,0,0,0,0,0,0
"1483",1,15,1,5,1,1,1,1,1,6,4,5,4,5,0,6,4,1,1,14,4
"1484",2,15,6,9,1,15,1,5,1,5,0,0,1,4,2,5,4,2,1,19,8
"1485",3,15,7,11,1,15,6,9,1,1,2,0,2,0,0,1,2,2,1,20,10
"1486",4,15,17,14,1,15,7,11,1,1,6,3,1,3,0,6,3,2,1,30,13
"1487",5,15,18,17,1,15,17,14,1,1,0,0,1,3,3,1,3,2,1,31,16
"1488",6,16,18,20,1,15,18,17,1,1,3,0,3,0,0,1,3,1,1,32,19
"1489",7,16,22,25,1,16,18,20,1,5,1,4,5,1,0,4,5,2,1,36,24
"1490",8,16,1,28,5,16,22,25,1,1,0,0,2,5,4,1,4,2,2,15,31
"1491",9,16,6,30,5,16,1,28,5,2,5,0,2,0,0,5,2,2,1,20,33
"1492",10,16,9,30,10,16,6,30,5,5,1,3,5,1,0,3,5,2,2,23,38
"1493",11,17,9,30,12,16,9,30,10,1,0,0,2,1,5,1,2,1,2,24,40
"1494",12,17,9,30,12,17,9,30,12,1,5,0,NA,0,0,0,0,0,0,24,40
"1495",0,0,0,0,0,0,0,0,0,0,0,0,0,0,0,0,0,0,0,0,0
"1496",1,2,7,1,5,1,1,1,1,4,6,4,4,4,0,6,4,2,2,7,4
"1497",2,6,7,1,9,2,7,1,5,4,0,0,4,3,4,4,4,1,2,11,8
"1498",3,10,7,4,9,6,7,1,9,3,4,0,3,0,0,4,3,1,1,15,11
"1499",4,12,7,4,11,10,7,4,9,2,1,2,1,2,0,2,2,1,2,17,13
"1500",5,13,7,7,11,12,7,4,11,1,0,0,4,3,2,1,3,1,1,18,16
"1501",6,15,7,7,15,13,7,7,11,4,2,0,4,0,0,2,4,1,2,20,20
"1502",7,15,17,7,18,15,7,7,15,6,3,3,3,3,0,6,3,2,2,30,23
"1503",8,15,20,7,22,15,17,7,18,3,0,0,4,1,6,3,4,2,2,33,27
"1504",9,21,24,7,23,15,20,7,22,1,6,0,1,0,0,6,1,1,2,43,28
"1505",10,21,28,7,28,21,24,7,23,5,5,4,5,5,0,4,5,2,2,47,33
"1506",11,21,33,9,28,21,28,7,28,5,0,0,2,3,3,5,2,2,1,52,35
"1507",12,21,33,9,28,21,33,9,28,3,3,0,NA,0,0,0,0,0,0,52,35
"1508",0,0,0,0,0,0,0,0,0,0,0,0,0,0,0,0,0,0,0,0,0
"1509",1,10,7,3,1,1,1,1,1,2,3,6,2,3,0,6,2,2,1,15,2
"1510",2,13,7,4,7,10,7,3,1,3,0,0,6,3,6,3,6,1,2,18,9
"1511",3,19,8,4,10,13,7,4,7,3,6,0,3,0,0,6,3,1,2,25,12
"1512",4,19,19,4,14,19,8,4,10,4,5,6,4,5,0,6,4,2,2,36,16
"1513",5,19,24,4,23,19,19,4,14,5,0,0,6,5,1,5,6,2,2,41,25
"1514",6,20,24,4,28,19,24,4,23,5,1,0,5,0,0,1,5,1,2,42,30
"1515",7,20,28,4,30,20,24,4,28,2,3,4,2,3,0,4,2,2,2,46,32
"1516",8,20,31,5,30,20,28,4,30,3,0,0,2,1,3,3,1,2,1,49,33
"1517",9,20,33,5,33,20,31,5,30,2,3,0,3,0,0,2,3,2,2,51,36
"1518",10,22,39,5,37,20,33,5,33,4,2,6,4,2,0,6,4,2,2,97,40
"1519",11,24,39,7,39,22,39,5,37,2,0,0,3,6,2,2,2,1,2,99,82
"1520",12,24,39,7,39,24,39,7,39,3,6,0,NA,0,0,0,0,0,0,99,82
"1521",0,0,0,0,0,0,0,0,0,0,0,0,0,0,0,0,0,0,0,0,0
"1522",1,6,1,2,1,1,1,1,1,1,3,5,1,3,0,5,1,1,1,5,1
"1523",2,6,4,13,1,6,1,2,1,3,0,0,2,4,6,3,6,2,1,8,12
"1524",3,6,8,15,1,6,4,13,1,2,4,0,2,0,0,4,2,2,1,12,14
"1525",4,12,12,20,1,6,8,15,1,5,3,6,5,3,0,6,5,1,1,22,19
"1526",5,15,12,25,1,12,12,20,1,3,0,0,3,5,1,3,5,1,1,25,24
"1527",6,15,15,26,1,15,12,25,1,3,1,0,1,0,0,3,1,2,1,28,25
"1528",7,17,1,39,2,15,15,26,1,2,3,6,3,6,0,2,6,1,1,16,77
"1529",8,1,3,39,5,17,1,39,2,3,0,0,3,1,2,3,1,1,2,2,80
"1530",9,4,3,39,7,1,3,39,5,3,2,0,2,0,0,3,2,1,2,5,82
"1531",10,9,3,39,9,4,3,39,7,5,2,5,2,5,0,5,2,1,2,10,84
"1532",11,14,3,39,16,9,3,39,9,5,0,0,6,1,3,5,6,1,2,15,91
"1533",12,14,3,39,16,14,3,39,16,1,3,0,NA,0,0,0,0,0,0,15,91
"1534",0,0,0,0,0,0,0,0,0,0,0,0,0,0,0,0,0,0,0,0,0
"1535",1,9,1,1,6,1,1,1,1,5,6,6,5,6,0,6,5,1,2,8,5
"1536",2,15,5,1,7,9,1,1,6,6,0,0,1,6,1,6,1,1,2,18,6
"1537",3,21,9,1,8,15,5,1,7,6,1,0,1,0,0,6,1,1,2,28,7
"1538",4,30,9,1,2,21,9,1,8,5,1,2,1,2,0,5,1,1,2,37,1
"1539",5,32,9,2,2,30,9,1,2,2,0,0,1,1,5,2,1,1,1,39,2
"1540",6,37,9,2,3,32,9,2,2,1,5,0,1,0,0,5,1,1,2,44,3
"1541",7,37,14,2,8,37,9,2,3,5,5,5,5,5,0,5,5,2,2,49,8
"1542",8,37,19,2,10,37,14,2,8,5,0,0,3,2,3,5,2,2,2,54,10
"1543",9,37,22,2,13,37,19,2,10,3,3,0,3,0,0,3,3,2,2,57,13
"1544",10,37,25,4,13,37,22,2,13,1,3,2,1,2,0,3,2,2,1,60,15
"1545",11,38,25,4,16,37,25,4,13,1,0,0,6,3,2,1,3,1,2,61,18
"1546",12,38,25,4,16,38,25,4,16,6,2,0,NA,0,0,0,0,0,0,61,18
"1547",0,0,0,0,0,0,0,0,0,0,0,0,0,0,0,0,0,0,0,0,0
"1548",1,1,4,1,5,1,1,1,1,3,1,4,1,4,0,3,4,2,2,3,4
"1549",2,1,5,3,11,1,4,1,5,1,0,0,4,6,4,1,6,2,2,4,12
"1550",3,1,9,3,15,1,5,3,11,4,4,0,4,0,0,4,4,2,2,8,16
"1551",4,1,17,14,15,1,9,3,15,6,6,2,6,2,0,6,6,2,1,16,27
"1552",5,1,19,14,17,1,17,14,15,2,0,0,2,6,6,2,2,2,2,18,29
"1553",6,1,29,14,30,1,19,14,17,6,6,0,6,0,0,6,6,2,2,28,42
"1554",7,1,33,1,35,1,29,14,30,3,5,1,5,1,0,3,5,2,2,32,34
"1555",8,1,34,6,35,1,33,1,35,1,0,0,3,3,5,1,5,2,1,33,39
"1556",9,1,37,9,35,1,34,6,35,3,3,0,3,0,0,3,3,2,1,36,42
"1557",10,4,39,13,39,1,37,9,35,4,5,2,4,5,0,2,4,2,2,79,88
"1558",11,9,39,14,39,4,39,13,39,5,0,0,1,1,4,5,1,1,1,84,89
"1559",12,9,39,14,39,9,39,14,39,1,4,0,NA,0,0,0,0,0,0,84,89
"1560",0,0,0,0,0,0,0,0,0,0,0,0,0,0,0,0,0,0,0,0,0
"1561",1,5,1,6,1,1,1,1,1,5,4,3,5,3,0,4,5,1,1,4,5
"1562",2,5,4,12,12,5,1,6,1,3,0,0,6,3,1,3,6,2,1,7,22
"1563",3,8,4,12,13,5,4,12,12,3,1,0,1,0,0,3,1,1,2,10,23
"1564",4,8,7,20,13,8,4,12,13,4,3,6,4,6,0,3,6,2,1,13,31
"1565",5,8,11,23,13,8,7,20,13,4,0,0,3,4,1,4,3,2,1,17,34
"1566",6,8,15,24,13,8,11,23,13,4,1,0,1,0,0,4,1,2,1,21,35
"1567",7,8,19,24,16,8,15,24,13,3,1,4,3,1,0,4,3,2,2,25,38
"1568",8,8,20,31,16,8,19,24,16,1,0,0,6,6,6,1,6,2,1,26,45
"1569",9,14,25,37,21,8,20,31,16,6,6,0,6,0,0,6,6,1,1,37,56
"1570",10,19,25,37,23,14,25,37,21,5,4,2,4,2,0,5,2,1,2,42,58
"1571",11,19,29,39,26,19,25,37,23,4,0,0,2,4,3,4,2,2,1,46,101
"1572",12,19,29,39,26,19,29,39,26,4,3,0,NA,0,0,0,0,0,0,46,101
"1573",0,0,0,0,0,0,0,0,0,0,0,0,0,0,0,0,0,0,0,0,0
"1574",1,4,1,5,1,1,1,1,1,1,4,3,1,4,0,3,4,1,1,3,4
"1575",2,4,2,13,1,4,1,5,1,1,0,0,2,6,1,1,6,2,1,4,12
"1576",3,4,4,13,2,4,2,13,1,2,1,0,1,0,0,2,1,2,2,6,13
"1577",4,8,4,13,6,4,4,13,2,4,4,1,4,1,0,4,4,1,2,10,17
"1578",5,9,4,18,6,8,4,13,6,1,0,0,5,1,4,1,5,1,1,11,22
"1579",6,10,1,22,10,9,4,18,6,1,4,0,4,0,0,1,4,1,1,9,30
"1580",7,12,1,24,10,10,1,22,10,2,2,2,2,2,0,2,2,1,1,11,32
"1581",8,14,1,30,13,12,1,24,10,2,0,0,6,5,6,2,6,1,1,13,41
"1582",9,14,9,30,18,14,1,30,13,5,6,0,5,0,0,6,5,2,2,21,46
"1583",10,25,9,37,18,14,9,30,18,1,6,6,1,6,0,6,6,1,1,32,53
"1584",11,26,9,39,20,25,9,37,18,1,0,0,2,5,2,1,2,1,1,33,95
"1585",12,26,9,39,20,26,9,39,20,5,2,0,NA,0,0,0,0,0,0,33,95
"1586",0,0,0,0,0,0,0,0,0,0,0,0,0,0,0,0,0,0,0,0,0
"1587",1,1,3,1,2,1,1,1,1,2,2,1,2,1,0,2,1,2,2,2,1
"1588",2,3,3,1,7,1,3,1,2,2,0,0,1,5,2,2,5,1,2,4,6
"1589",3,3,5,1,8,3,3,1,7,1,2,0,1,0,0,2,1,2,2,6,7
"1590",4,8,5,6,8,3,5,1,8,5,5,2,5,2,0,5,5,1,1,11,12
"1591",5,8,7,17,8,8,5,6,8,2,0,0,3,6,3,2,6,2,1,13,23
"1592",6,8,10,20,8,8,7,17,8,3,3,0,3,0,0,3,3,2,1,16,26
"1593",7,12,10,24,8,8,10,20,8,2,4,4,2,4,0,4,4,1,1,20,30
"1594",8,12,12,24,11,12,10,24,8,2,0,0,3,1,3,2,3,2,2,22,33
"1595",9,12,15,25,11,12,12,24,11,1,3,0,1,0,0,3,1,2,1,25,34
"1596",10,12,20,28,17,12,15,25,11,5,6,3,6,3,0,5,6,2,2,30,43
"1597",11,1,20,36,23,12,20,28,17,3,0,0,1,1,6,3,6,1,2,19,57
"1598",12,1,20,36,23,1,20,36,23,1,1,0,NA,0,0,0,0,0,0,19,57
"1599",0,0,0,0,0,0,0,0,0,0,0,0,0,0,0,0,0,0,0,0,0
"1600",1,5,1,1,3,1,1,1,1,4,2,2,2,2,0,4,2,1,2,4,2
"1601",2,7,1,1,4,5,1,1,3,2,0,0,3,1,2,2,1,1,2,6,3
"1602",3,10,1,1,6,7,1,1,4,3,2,0,2,0,0,3,2,1,2,9,5
"1603",4,16,5,1,14,10,1,1,6,6,2,6,2,6,0,6,6,1,2,19,13
"1604",5,18,5,4,14,16,5,1,14,2,0,0,1,3,3,2,3,1,1,21,16
"1605",6,18,8,4,15,18,5,4,14,1,3,0,1,0,0,3,1,2,2,24,17
"1606",7,18,19,4,18,18,8,4,15,1,3,6,1,3,0,6,3,2,2,35,20
"1607",8,19,19,4,22,18,19,4,18,1,0,0,4,4,4,1,4,1,2,36,24
"1608",9,19,23,4,26,19,19,4,22,4,4,0,4,0,0,4,4,2,2,40,28
"1609",10,20,29,9,26,19,23,4,26,2,6,5,2,5,0,6,5,2,1,47,33
"1610",11,22,29,10,26,20,29,9,26,2,0,0,1,3,1,2,1,1,1,49,34
"1611",12,22,29,10,26,22,29,10,26,3,1,0,NA,0,0,0,0,0,0,49,34
"1612",0,0,0,0,0,0,0,0,0,0,0,0,0,0,0,0,0,0,0,0,0
"1613",1,1,5,1,6,1,1,1,1,5,4,1,5,1,0,4,5,2,2,4,5
"1614",2,1,6,1,10,1,5,1,6,1,0,0,4,4,5,1,4,2,2,5,9
"1615",3,6,6,5,10,1,6,1,10,4,5,0,4,0,0,5,4,1,1,10,13
"1616",4,10,6,5,15,6,6,5,10,1,4,5,1,5,0,4,5,1,2,14,18
"1617",5,11,6,11,19,10,6,5,15,1,0,0,6,1,1,1,6,1,1,15,28
"1618",6,12,6,12,19,11,6,11,19,1,1,0,1,0,0,1,1,1,1,16,29
"1619",7,12,10,17,25,12,6,12,19,6,4,3,6,3,0,4,6,2,2,20,40
"1620",8,12,13,23,29,12,10,17,25,3,0,0,6,4,1,3,6,2,1,23,50
"1621",9,12,14,27,29,12,13,23,29,4,1,0,4,0,0,1,4,2,1,24,54
"1622",10,1,19,27,33,12,14,27,29,2,5,1,2,1,0,5,1,2,2,18,58
"1623",11,3,19,29,33,1,19,27,33,2,0,0,2,1,4,2,2,1,1,20,60
"1624",12,3,19,29,33,3,19,29,33,1,4,0,NA,0,0,0,0,0,0,20,60
"1625",0,0,0,0,0,0,0,0,0,0,0,0,0,0,0,0,0,0,0,0,0
"1626",1,1,6,4,1,1,1,1,1,1,5,3,1,3,0,5,3,2,1,5,3
"1627",2,2,6,4,4,1,6,4,1,1,0,0,3,2,3,1,3,1,2,6,6
"1628",3,2,9,4,6,2,6,4,4,2,3,0,2,0,0,3,2,2,2,9,8
"1629",4,2,16,7,6,2,9,4,6,6,1,3,1,3,0,6,3,2,1,16,11
"1630",5,3,16,9,12,2,16,7,6,1,0,0,6,6,6,1,6,1,2,17,19
"1631",6,3,29,10,18,3,16,9,12,6,6,0,6,0,0,6,6,2,2,30,26
"1632",7,3,34,12,18,3,29,10,18,1,2,5,1,2,0,5,2,2,1,35,28
"1633",8,3,1,22,18,3,34,12,18,1,0,0,5,2,3,1,5,2,1,2,38
"1634",9,3,5,3,18,3,1,22,18,2,3,0,2,0,0,3,2,2,1,6,19
"1635",10,3,7,5,18,3,5,3,18,2,2,4,2,4,0,2,2,2,1,8,21
"1636",11,3,11,14,18,3,7,5,18,4,0,0,6,5,1,4,6,2,1,12,30
"1637",12,3,11,14,18,3,11,14,18,5,1,0,NA,0,0,0,0,0,0,12,30
"1638",0,0,0,0,0,0,0,0,0,0,0,0,0,0,0,0,0,0,0,0,0
"1639",1,6,1,6,1,1,1,1,1,5,5,5,5,5,0,5,5,1,1,5,5
"1640",2,6,6,6,4,6,1,6,1,5,0,0,5,3,3,5,3,2,2,10,8
"1641",3,11,6,9,4,6,6,6,4,5,3,0,3,0,0,5,3,1,1,15,11
"1642",4,16,6,13,4,11,6,9,4,5,3,4,3,4,0,5,4,1,1,20,15
"1643",5,19,6,22,4,16,6,13,4,3,0,0,5,4,6,3,6,1,1,23,24
"1644",6,19,11,26,4,19,6,22,4,5,4,0,4,0,0,5,4,2,1,28,28
"1645",7,19,23,30,4,19,11,26,4,4,5,6,4,5,0,6,4,2,1,40,32
"1646",8,24,23,34,4,19,23,30,4,5,0,0,4,4,6,5,4,1,1,45,36
"1647",9,30,27,34,8,24,23,34,4,4,6,0,4,0,0,6,4,1,2,55,40
"1648",10,33,27,36,8,30,27,34,8,4,3,2,4,2,0,3,2,1,1,58,42
"1649",11,33,31,36,12,33,27,36,8,4,0,0,4,2,1,4,4,2,2,62,46
"1650",12,33,31,36,12,33,31,36,12,2,1,0,NA,0,0,0,0,0,0,62,46
"1651",0,0,0,0,0,0,0,0,0,0,0,0,0,0,0,0,0,0,0,0,0
"1652",1,3,1,6,1,1,1,1,1,2,5,1,5,1,0,2,5,1,1,2,5
"1653",2,3,2,9,1,3,1,6,1,1,0,0,3,1,1,1,3,2,1,3,8
"1654",3,3,3,9,2,3,2,9,1,1,1,0,1,0,0,1,1,2,2,4,9
"1655",4,3,4,9,4,3,3,9,2,1,2,2,2,2,0,1,2,2,2,5,11
"1656",5,3,6,15,9,3,4,9,4,2,0,0,6,3,4,2,6,2,1,7,22
"1657",6,7,6,18,9,3,6,15,9,3,4,0,3,0,0,4,3,1,1,11,25
"1658",7,8,6,18,10,7,6,18,9,1,1,3,1,3,0,1,1,1,2,12,26
"1659",8,11,6,22,16,8,6,18,10,3,0,0,6,4,5,3,6,1,2,15,36
"1660",9,16,6,22,20,11,6,22,16,4,5,0,4,0,0,5,4,1,2,20,40
"1661",10,17,6,23,26,16,6,22,20,1,6,4,6,4,0,1,6,1,2,21,47
"1662",11,21,1,26,26,17,6,23,26,4,0,0,2,1,4,4,1,1,1,20,50
"1663",12,21,1,26,26,21,1,26,26,2,4,0,NA,0,0,0,0,0,0,20,50
"1664",0,0,0,0,0,0,0,0,0,0,0,0,0,0,0,0,0,0,0,0,0
"1665",1,5,1,5,1,1,1,1,1,1,4,4,1,4,0,4,4,1,1,4,4
"1666",2,5,2,5,5,5,1,5,1,1,0,0,1,4,4,1,4,2,2,5,8
"1667",3,5,6,5,6,5,2,5,5,1,4,0,1,0,0,4,1,2,2,9,9
"1668",4,9,6,6,6,5,6,5,6,1,4,1,1,1,0,4,1,1,1,13,10
"1669",5,10,6,6,10,9,6,6,6,1,0,0,1,6,4,1,4,1,2,14,14
"1670",6,10,15,6,11,10,6,6,10,1,6,0,1,0,0,6,1,2,2,23,15
"1671",7,10,18,10,11,10,15,6,11,4,4,3,4,4,0,3,4,2,1,26,19
"1672",8,14,18,12,11,10,18,10,11,4,0,0,6,2,1,4,2,1,1,30,21
"1673",9,22,18,13,11,14,18,12,11,6,1,0,1,0,0,6,1,1,1,38,22
"1674",10,26,18,16,11,22,18,13,11,4,6,3,6,3,0,4,3,1,1,42,25
"1675",11,28,24,20,11,26,18,16,11,6,0,0,6,5,4,6,4,2,1,50,29
"1676",12,28,24,20,11,28,24,20,11,6,5,0,NA,0,0,0,0,0,0,50,29
"1677",0,0,0,0,0,0,0,0,0,0,0,0,0,0,0,0,0,0,0,0,0
"1678",1,3,1,1,6,1,1,1,1,5,2,3,5,3,0,2,5,1,2,2,5
"1679",2,6,1,1,10,3,1,1,6,3,0,0,3,4,5,3,4,1,2,5,9
"1680",3,9,1,1,15,6,1,1,10,3,5,0,5,0,0,3,5,1,2,8,14
"1681",4,14,1,1,19,9,1,1,15,4,5,4,4,4,0,5,4,1,2,13,18
"1682",5,18,1,1,29,14,1,1,19,4,0,0,1,6,3,4,6,1,2,17,28
"1683",6,18,4,1,30,18,1,1,29,1,3,0,1,0,0,3,1,2,2,20,29
"1684",7,18,9,1,38,18,4,1,30,5,6,3,6,3,0,5,6,2,2,25,37
"1685",8,18,12,6,38,18,9,1,38,3,0,0,5,2,5,3,5,2,1,28,42
"1686",9,23,12,8,38,18,12,6,38,2,5,0,2,0,0,5,2,1,1,33,44
"1687",10,25,12,12,38,23,12,8,38,2,3,4,3,4,0,2,4,1,1,35,48
"1688",11,25,15,21,38,25,12,12,38,3,0,0,5,4,6,3,6,2,1,38,57
"1689",12,25,15,21,38,25,15,21,38,5,4,0,NA,0,0,0,0,0,0,38,57
"1690",0,0,0,0,0,0,0,0,0,0,0,0,0,0,0,0,0,0,0,0,0
"1691",1,12,1,2,1,1,1,1,1,2,6,1,2,1,0,6,1,1,1,11,1
"1692",2,12,3,3,1,12,1,2,1,2,0,0,1,1,2,2,1,2,1,13,2
"1693",3,12,4,3,3,12,3,3,1,1,2,0,2,0,0,1,2,2,2,14,4
"1694",4,12,5,3,8,12,4,3,3,5,1,3,5,3,0,1,5,2,2,15,9
"1695",5,15,5,3,13,12,5,3,8,3,0,0,6,5,5,3,5,1,2,18,14
"1696",6,19,11,3,18,15,5,3,13,6,5,0,5,0,0,6,5,2,2,28,19
"1697",7,19,13,3,22,19,11,3,18,3,4,2,3,4,0,2,4,2,2,30,23
"1698",8,19,16,3,26,19,13,3,22,3,0,0,3,4,6,3,4,2,2,33,27
"1699",9,28,16,3,29,19,16,3,26,3,6,0,3,0,0,6,3,1,2,42,30
"1700",10,32,16,3,32,28,16,3,29,4,3,1,3,1,0,4,3,1,2,46,33
"1701",11,33,16,3,33,32,16,3,32,1,0,0,1,5,1,1,1,1,2,47,34
"1702",12,33,16,3,33,33,16,3,33,5,1,0,NA,0,0,0,0,0,0,47,34
"1703",0,0,0,0,0,0,0,0,0,0,0,0,0,0,0,0,0,0,0,0,0
"1704",1,4,7,1,2,1,1,1,1,1,1,6,1,1,0,6,1,2,2,9,1
"1705",2,4,8,5,2,4,7,1,2,1,0,0,4,1,3,1,4,2,1,10,5
"1706",3,5,8,8,2,4,8,5,2,1,3,0,3,0,0,1,3,1,1,11,8
"1707",4,10,14,15,2,5,8,8,2,6,6,3,6,3,0,6,6,2,1,22,15
"1708",5,13,14,15,5,10,14,15,2,3,0,0,2,3,1,3,3,1,2,25,18
"1709",6,13,16,16,5,13,14,15,5,2,1,0,1,0,0,2,1,2,1,27,19
"1710",7,16,16,19,5,13,16,16,5,2,3,3,2,3,0,3,3,1,1,30,22
"1711",8,16,18,22,5,16,16,19,5,2,0,0,1,3,4,2,3,2,1,32,25
"1712",9,16,22,23,5,16,18,22,5,1,4,0,1,0,0,4,1,2,1,36,26
"1713",10,16,25,27,5,16,22,23,5,3,4,1,4,1,0,3,4,2,1,39,30
"1714",11,17,1,28,7,16,25,27,5,1,0,0,6,3,2,1,2,1,2,16,33
"1715",12,17,1,28,7,17,1,28,7,6,3,0,NA,0,0,0,0,0,0,16,33
"1716",0,0,0,0,0,0,0,0,0,0,0,0,0,0,0,0,0,0,0,0,0
"1717",1,1,6,1,6,1,1,1,1,5,5,3,5,3,0,5,5,2,2,5,5
"1718",2,1,9,1,9,1,6,1,6,3,0,0,2,3,2,3,3,2,2,8,8
"1719",3,3,9,3,9,1,9,1,9,2,2,0,2,0,0,2,2,1,1,10,10
"1720",4,3,13,7,9,3,9,3,9,4,1,4,1,4,0,4,4,2,1,14,14
"1721",5,4,13,7,12,3,13,7,9,1,0,0,2,3,4,1,3,1,2,15,17
"1722",6,8,13,9,12,4,13,7,12,2,4,0,2,0,0,4,2,1,1,19,19
"1723",7,17,13,9,16,8,13,9,12,6,1,4,1,4,0,6,4,1,2,28,23
"1724",8,18,13,9,21,17,13,9,16,1,0,0,5,6,4,1,5,1,2,29,28
"1725",9,20,19,13,21,18,13,9,21,6,4,0,4,0,0,6,4,2,1,37,32
"1726",10,26,23,13,25,20,19,13,21,6,4,2,4,2,0,6,4,1,2,47,36
"1727",11,26,25,16,25,26,23,13,25,2,0,0,3,4,2,2,3,2,1,49,39
"1728",12,26,25,16,25,26,25,16,25,4,2,0,NA,0,0,0,0,0,0,49,39
"1729",0,0,0,0,0,0,0,0,0,0,0,0,0,0,0,0,0,0,0,0,0
"1730",1,5,1,1,5,1,1,1,1,1,4,4,1,4,0,4,4,1,2,4,4
"1731",2,6,1,1,15,5,1,1,5,1,0,0,1,2,6,1,6,1,2,5,14
"1732",3,7,1,3,15,6,1,1,15,1,2,0,2,0,0,1,2,1,1,6,16
"1733",4,12,1,3,20,7,1,3,15,5,5,2,5,2,0,5,5,1,2,11,21
"1734",5,12,3,7,20,12,1,3,20,2,0,0,4,3,1,2,4,2,1,13,25
"1735",6,13,3,10,20,12,3,7,20,3,1,0,3,0,0,1,3,1,1,14,28
"1736",7,15,3,19,20,13,3,10,20,4,6,2,4,6,0,2,6,1,1,16,37
"1737",8,19,3,19,25,15,3,19,20,4,0,0,6,5,5,4,5,1,2,20,42
"1738",9,28,3,19,30,19,3,19,25,6,5,0,5,0,0,6,5,1,2,29,47
"1739",10,34,7,19,35,28,3,19,30,6,5,5,5,5,0,6,5,1,2,39,52
"1740",11,39,11,22,39,34,7,19,35,5,0,0,4,5,3,5,4,1,2,86,97
"1741",12,39,11,22,39,39,11,22,39,5,3,0,NA,0,0,0,0,0,0,86,97
"1742",0,0,0,0,0,0,0,0,0,0,0,0,0,0,0,0,0,0,0,0,0
"1743",1,4,1,1,5,1,1,1,1,4,3,4,4,4,0,3,4,1,2,3,4
"1744",2,4,5,1,9,4,1,1,5,4,0,0,4,2,3,4,4,2,2,7,8
"1745",3,6,5,4,9,4,5,1,9,2,3,0,3,0,0,2,3,1,1,9,11
"1746",4,11,5,5,9,6,5,4,9,1,5,2,1,2,0,5,1,1,1,14,12
"1747",5,13,5,5,14,11,5,5,9,2,0,0,5,4,2,2,5,1,2,16,17
"1748",6,17,5,7,14,13,5,5,14,4,2,0,2,0,0,4,2,1,1,20,19
"1749",7,20,5,12,14,17,5,7,14,5,3,1,5,1,0,3,5,1,1,23,24
"1750",8,21,5,14,14,20,5,12,14,1,0,0,2,2,4,1,2,1,1,24,26
"1751",9,25,5,14,16,21,5,14,14,2,4,0,2,0,0,4,2,1,2,28,28
"1752",10,25,12,19,16,25,5,14,16,2,5,6,2,5,0,6,5,2,1,35,33
"1753",11,27,12,27,22,25,12,19,16,2,0,0,6,1,2,2,6,1,1,37,47
"1754",12,27,12,27,22,27,12,27,22,1,2,0,NA,0,0,0,0,0,0,37,47
"1755",0,0,0,0,0,0,0,0,0,0,0,0,0,0,0,0,0,0,0,0,0
"1756",1,1,5,5,13,1,1,1,1,4,6,4,6,4,0,4,6,2,2,4,16
"1757",2,1,9,10,13,1,5,5,13,4,0,0,1,3,5,4,5,2,1,8,21
"1758",3,4,9,11,13,1,9,10,13,1,3,0,1,0,0,3,1,1,1,11,22
"1759",4,4,16,15,13,4,9,11,13,6,4,4,4,4,0,6,4,2,1,18,26
"1760",5,4,20,18,13,4,16,15,13,4,0,0,3,1,3,4,3,2,1,22,29
"1761",6,4,23,18,14,4,20,18,13,1,3,0,1,0,0,3,1,2,2,25,30
"1762",7,4,1,25,21,4,23,18,14,6,1,6,1,6,0,6,1,2,2,3,44
"1763",8,5,7,11,21,4,1,25,21,6,0,0,6,2,3,6,6,2,1,10,30
"1764",9,8,7,13,21,5,7,11,21,2,3,0,2,0,0,3,2,1,1,13,32
"1765",10,10,7,14,21,8,7,13,21,1,2,3,1,3,0,2,1,1,1,15,33
"1766",11,13,7,16,21,10,7,14,21,3,0,0,2,2,2,3,2,1,1,18,35
"1767",12,13,7,16,21,13,7,16,21,2,2,0,NA,0,0,0,0,0,0,18,35
"1768",0,0,0,0,0,0,0,0,0,0,0,0,0,0,0,0,0,0,0,0,0
"1769",1,5,1,1,4,1,1,1,1,4,3,3,3,3,0,4,3,1,2,4,3
"1770",2,8,1,5,4,5,1,1,4,3,0,0,5,5,4,3,4,1,1,7,7
"1771",3,8,6,5,9,8,1,5,4,5,5,0,5,0,0,5,5,2,2,12,12
"1772",4,11,6,5,14,8,6,5,9,4,3,5,4,5,0,3,5,1,2,15,17
"1773",5,15,6,5,19,11,6,5,14,4,0,0,6,6,5,4,5,1,2,19,22
"1774",6,26,6,12,19,15,6,5,19,6,6,0,6,0,0,6,6,1,1,30,29
"1775",7,26,18,12,24,26,6,12,19,2,5,6,2,5,0,6,5,2,2,42,34
"1776",8,28,18,12,27,26,18,12,24,2,0,0,3,3,5,2,3,1,2,44,37
"1777",9,28,23,12,30,28,18,12,27,3,5,0,3,0,0,5,3,2,2,49,40
"1778",10,28,1,20,30,28,23,12,30,1,4,6,1,4,0,6,4,2,1,27,48
"1779",11,37,8,4,30,28,1,20,30,1,0,0,3,3,2,1,3,2,1,43,32
"1780",12,37,8,4,30,37,8,4,30,3,2,0,NA,0,0,0,0,0,0,43,32
"1781",0,0,0,0,0,0,0,0,0,0,0,0,0,0,0,0,0,0,0,0,0
"1782",1,7,8,1,5,1,1,1,1,6,4,2,4,2,0,6,4,1,2,13,4
"1783",2,7,10,8,5,7,8,1,5,2,0,0,1,6,6,2,6,2,1,15,11
"1784",3,11,16,9,5,7,10,8,5,1,6,0,1,0,0,6,1,2,1,25,12
"1785",4,11,19,18,5,11,16,9,5,3,6,4,6,4,0,3,6,2,1,28,21
"1786",5,15,19,23,5,11,19,18,5,4,0,0,5,2,3,4,5,1,1,32,26
"1787",6,18,19,23,7,15,19,23,5,2,3,0,2,0,0,3,2,1,2,35,28
"1788",7,22,19,28,7,18,19,23,7,3,4,5,3,5,0,4,5,1,1,39,33
"1789",8,22,22,31,7,22,19,28,7,3,0,0,3,5,1,3,3,2,1,42,36
"1790",9,27,22,31,8,22,22,31,7,5,1,0,1,0,0,5,1,1,2,47,37
"1791",10,27,31,31,6,27,22,31,8,5,4,3,5,3,0,4,5,2,2,56,35
"1792",11,1,34,35,9,27,31,31,6,3,0,0,2,3,3,3,3,2,2,33,42
"1793",12,1,34,35,9,1,34,35,9,2,3,0,NA,0,0,0,0,0,0,33,42
"1794",0,0,0,0,0,0,0,0,0,0,0,0,0,0,0,0,0,0,0,0,0
"1795",1,1,3,1,5,1,1,1,1,2,4,2,4,2,0,2,4,2,2,2,4
"1796",2,1,5,10,11,1,3,1,5,2,0,0,6,3,5,2,6,2,1,4,19
"1797",3,1,10,10,14,1,5,10,11,3,5,0,3,0,0,5,3,2,2,9,22
"1798",4,1,12,10,18,1,10,10,14,4,2,3,4,3,0,2,4,2,2,11,26
"1799",5,4,12,14,18,1,12,10,18,3,0,0,6,6,4,3,4,1,1,14,30
"1800",6,4,19,25,18,4,12,14,18,6,6,0,6,0,0,6,6,2,1,21,41
"1801",7,6,25,30,18,4,19,25,18,5,1,6,5,1,0,6,5,2,1,29,46
"1802",8,7,25,37,18,6,25,30,18,1,0,0,4,6,4,1,6,1,1,30,53
"1803",9,7,29,37,22,7,25,37,18,4,4,0,4,0,0,4,4,2,2,34,57
"1804",10,7,33,37,23,7,29,37,22,4,4,1,4,1,0,4,1,2,2,38,58
"1805",11,7,37,39,28,7,33,37,23,4,0,0,1,6,2,4,2,2,1,42,103
"1806",12,7,37,39,28,7,37,39,28,1,6,0,NA,0,0,0,0,0,0,42,103
"1807",0,0,0,0,0,0,0,0,0,0,0,0,0,0,0,0,0,0,0,0,0
"1808",1,7,4,5,1,1,1,1,1,6,1,4,1,4,0,6,4,1,1,9,4
"1809",2,7,5,9,1,7,4,5,1,1,0,0,5,3,4,1,4,2,1,10,8
"1810",3,7,8,14,1,7,5,9,1,5,3,0,5,0,0,3,5,2,1,13,13
"1811",4,12,1,29,1,7,8,14,1,3,5,6,3,6,0,5,6,1,1,11,28
"1812",5,12,4,37,7,12,1,29,1,3,0,0,6,2,2,3,6,2,1,14,42
"1813",6,14,4,37,9,12,4,37,7,2,2,0,2,0,0,2,2,1,2,16,44
"1814",7,23,4,37,18,14,4,37,9,6,6,6,6,6,0,6,6,1,2,25,53
"1815",8,29,5,37,28,23,4,37,18,6,0,0,4,4,6,6,6,1,2,32,63
"1816",9,29,9,37,32,29,5,37,28,4,4,0,4,0,0,4,4,2,2,36,67
"1817",10,34,14,37,6,29,9,37,32,5,1,5,1,5,0,5,5,2,2,46,41
"1818",11,35,14,38,6,34,14,37,6,1,0,0,1,1,4,1,1,1,1,47,42
"1819",12,35,14,38,6,35,14,38,6,1,4,0,NA,0,0,0,0,0,0,47,42
"1820",0,0,0,0,0,0,0,0,0,0,0,0,0,0,0,0,0,0,0,0,0
"1821",1,6,1,6,1,1,1,1,1,5,5,5,5,5,0,5,5,1,1,5,5
"1822",2,6,6,6,5,6,1,6,1,5,0,0,4,4,4,5,4,2,2,10,9
"1823",3,6,10,6,9,6,6,6,5,4,4,0,4,0,0,4,4,2,2,14,13
"1824",4,12,11,6,14,6,10,6,9,2,5,6,2,5,0,6,5,1,2,21,18
"1825",5,14,11,6,19,12,11,6,14,2,0,0,4,3,5,2,5,1,2,23,23
"1826",6,14,14,6,23,14,11,6,19,4,3,0,4,0,0,3,4,2,2,26,27
"1827",7,19,14,6,28,14,14,6,23,5,5,1,5,1,0,5,5,1,2,31,32
"1828",8,20,1,11,38,19,14,6,28,1,0,0,4,5,1,1,4,1,2,19,47
"1829",9,25,1,12,39,20,1,11,38,5,1,0,1,0,0,5,1,1,2,24,87
"1830",10,28,1,21,39,25,1,12,39,3,6,3,6,3,0,3,6,1,1,27,96
"1831",11,31,1,31,39,28,1,21,39,3,0,0,6,3,2,3,6,1,1,30,106
"1832",12,31,1,31,39,31,1,31,39,3,2,0,NA,0,0,0,0,0,0,30,106
"1833",0,0,0,0,0,0,0,0,0,0,0,0,0,0,0,0,0,0,0,0,0
"1834",1,1,4,1,4,1,1,1,1,4,3,3,4,3,0,3,3,2,2,3,3
"1835",2,5,4,5,4,1,4,1,4,4,0,0,1,2,4,4,4,1,1,7,7
"1836",3,5,6,5,5,5,4,5,4,1,2,0,1,0,0,2,1,2,2,9,8
"1837",4,10,12,5,9,5,6,5,5,1,6,4,1,4,0,6,4,2,2,20,12
"1838",5,10,13,5,14,10,12,5,9,1,0,0,5,3,6,1,5,2,2,21,17
"1839",6,10,22,5,17,10,13,5,14,3,6,0,3,0,0,6,3,2,2,30,20
"1840",7,18,22,7,17,10,22,5,17,1,6,2,1,2,0,6,2,1,1,38,22
"1841",8,18,23,7,21,18,22,7,17,1,0,0,5,5,4,1,4,2,2,39,26
"1842",9,23,23,7,26,18,23,7,21,5,5,0,5,0,0,5,5,1,2,44,31
"1843",10,23,27,7,36,23,23,7,26,6,6,4,6,6,0,4,6,2,2,48,41
"1844",11,23,36,9,39,23,27,7,36,6,0,0,3,5,5,6,3,2,2,57,84
"1845",12,23,36,9,39,23,36,9,39,5,5,0,NA,0,0,0,0,0,0,57,84
"1846",0,0,0,0,0,0,0,0,0,0,0,0,0,0,0,0,0,0,0,0,0
"1847",1,1,5,1,4,1,1,1,1,3,4,2,3,2,0,4,3,2,2,4,3
"1848",2,1,7,5,10,1,5,1,4,2,0,0,5,3,6,2,6,2,2,6,13
"1849",3,1,10,5,15,1,7,5,10,5,3,0,5,0,0,3,5,2,2,9,18
"1850",4,1,12,6,15,1,10,5,15,1,1,2,1,1,0,2,1,2,1,11,19
"1851",5,1,13,8,15,1,12,6,15,1,0,0,2,5,6,1,2,2,1,12,21
"1852",6,1,21,13,15,1,13,8,15,5,6,0,5,0,0,6,5,2,1,20,26
"1853",7,1,26,15,15,1,21,13,15,1,5,2,1,2,0,5,2,2,1,25,28
"1854",8,1,27,17,15,1,26,15,15,1,0,0,2,2,3,1,2,2,1,26,30
"1855",9,1,30,19,15,1,27,17,15,2,3,0,2,0,0,3,2,2,1,29,32
"1856",10,1,34,19,20,1,30,19,15,5,5,4,5,5,0,4,5,2,2,33,37
"1857",11,3,39,22,20,1,34,19,20,5,0,0,3,5,2,5,3,2,1,78,40
"1858",12,3,39,22,20,3,39,22,20,5,2,0,NA,0,0,0,0,0,0,78,40
"1859",0,0,0,0,0,0,0,0,0,0,0,0,0,0,0,0,0,0,0,0,0
"1860",1,12,1,1,6,1,1,1,1,6,5,5,5,5,0,6,5,1,2,11,5
"1861",2,12,6,9,6,12,1,1,6,5,0,0,6,6,5,5,6,2,1,16,13
"1862",3,12,22,9,11,12,6,9,6,6,5,0,5,0,0,6,5,2,2,32,18
"1863",4,15,22,9,13,12,22,9,11,2,3,3,2,3,0,3,2,1,2,35,20
"1864",5,18,22,9,21,15,22,9,13,3,0,0,6,5,2,3,6,1,2,38,28
"1865",6,23,22,9,23,18,22,9,21,5,2,0,2,0,0,5,2,1,2,43,30
"1866",7,23,1,14,23,23,22,9,23,4,2,6,4,2,0,6,4,2,1,22,35
"1867",8,23,3,14,31,23,1,14,23,2,0,0,2,4,6,2,6,2,2,24,43
"1868",9,27,3,14,33,23,3,14,31,2,4,0,2,0,0,4,2,1,2,28,45
"1869",10,31,3,18,33,27,3,14,33,3,4,4,3,4,0,4,4,1,1,32,49
"1870",11,31,6,21,33,31,3,18,33,3,0,0,3,3,2,3,3,2,1,35,52
"1871",12,31,6,21,33,31,6,21,33,3,2,0,NA,0,0,0,0,0,0,35,52
"1872",0,0,0,0,0,0,0,0,0,0,0,0,0,0,0,0,0,0,0,0,0
"1873",1,2,7,1,5,1,1,1,1,4,4,6,4,4,0,6,4,2,2,7,4
"1874",2,2,11,1,14,2,7,1,5,4,0,0,3,5,6,4,6,2,2,11,13
"1875",3,2,16,1,17,2,11,1,14,3,5,0,3,0,0,5,3,2,2,16,16
"1876",4,5,16,1,20,2,16,1,17,3,4,3,4,3,0,3,3,1,2,19,19
"1877",5,9,16,1,24,5,16,1,20,4,0,0,4,1,4,4,4,1,2,23,23
"1878",6,13,16,1,25,9,16,1,24,1,4,0,1,0,0,4,1,1,2,27,24
"1879",7,19,20,1,29,13,16,1,25,3,6,4,3,4,0,6,4,1,2,37,28
"1880",8,1,20,4,30,19,20,1,29,3,0,0,1,3,6,3,3,1,1,19,32
"1881",9,13,1,10,30,1,20,4,30,1,6,0,1,0,0,6,1,1,1,12,38
"1882",10,1,12,13,5,13,1,10,30,6,4,4,4,4,0,6,4,2,2,11,16
"1883",11,5,12,15,5,1,12,13,5,4,0,0,2,4,2,4,2,1,1,15,18
"1884",12,5,12,15,5,5,12,15,5,4,2,0,NA,0,0,0,0,0,0,15,18
"1885",0,0,0,0,0,0,0,0,0,0,0,0,0,0,0,0,0,0,0,0,0
"1886",1,1,8,3,1,1,1,1,1,2,5,6,2,5,0,6,2,2,1,7,2
"1887",2,6,8,8,1,1,8,3,1,5,0,0,1,5,6,5,5,1,1,12,7
"1888",3,6,19,9,1,6,8,8,1,1,6,0,1,0,0,6,1,2,1,23,8
"1889",4,9,19,19,1,6,19,9,1,6,3,3,6,3,0,3,6,1,1,26,18
"1890",5,12,19,24,1,9,19,19,1,3,0,0,3,5,3,3,5,1,1,29,23
"1891",6,15,19,27,1,12,19,24,1,3,3,0,3,0,0,3,3,1,1,32,26
"1892",7,15,22,32,1,15,19,27,1,5,3,2,5,2,0,3,5,2,1,35,31
"1893",8,1,24,33,2,15,22,32,1,2,0,0,3,1,2,2,1,2,1,23,33
"1894",9,1,27,33,4,1,24,33,2,3,2,0,2,0,0,3,2,2,2,26,35
"1895",10,6,27,36,4,1,27,33,4,5,3,3,3,3,0,5,3,1,1,31,38
"1896",11,6,30,39,20,6,27,36,4,3,0,0,6,6,5,3,6,2,2,34,95
"1897",12,6,30,39,20,6,30,39,20,6,5,0,NA,0,0,0,0,0,0,34,95
"1898",0,0,0,0,0,0,0,0,0,0,0,0,0,0,0,0,0,0,0,0,0
"1899",1,3,1,1,2,1,1,1,1,1,2,2,1,2,0,2,1,1,2,2,1
"1900",2,5,1,6,2,3,1,1,2,2,0,0,5,2,5,2,5,1,1,4,6
"1901",3,10,1,8,2,5,1,6,2,2,5,0,2,0,0,5,2,1,1,9,8
"1902",4,10,6,11,2,10,1,8,2,5,3,5,3,5,0,5,3,2,1,14,11
"1903",5,15,6,11,6,10,6,11,2,5,0,0,3,2,4,5,4,1,2,19,15
"1904",6,18,6,11,8,15,6,11,6,3,2,0,2,0,0,3,2,1,2,22,17
"1905",7,18,11,11,13,18,6,11,8,5,5,3,5,3,0,5,5,2,2,27,22
"1906",8,21,11,16,13,18,11,11,13,3,0,0,5,2,4,3,5,1,1,30,27
"1907",9,25,11,18,13,21,11,16,13,2,4,0,2,0,0,4,2,1,1,34,29
"1908",10,33,11,18,4,25,11,18,13,2,6,3,2,3,0,6,3,1,2,42,20
"1909",11,35,11,18,9,33,11,18,4,2,0,0,5,5,6,2,5,1,2,44,25
"1910",12,35,11,18,9,35,11,18,9,5,6,0,NA,0,0,0,0,0,0,44,25
"1911",0,0,0,0,0,0,0,0,0,0,0,0,0,0,0,0,0,0,0,0,0
"1912",1,1,3,7,10,1,1,1,1,2,6,2,6,2,0,2,6,2,2,2,15
"1913",2,1,5,9,10,1,3,7,10,2,0,0,1,2,2,2,2,2,1,4,17
"1914",3,1,7,10,10,1,5,9,10,1,2,0,1,0,0,2,1,2,1,6,18
"1915",4,1,11,10,14,1,7,10,10,4,4,2,4,2,0,4,4,2,2,10,22
"1916",5,3,11,10,23,1,11,10,14,2,0,0,4,3,6,2,6,1,2,12,31
"1917",6,3,14,14,23,3,11,10,23,4,3,0,4,0,0,3,4,2,1,15,35
"1918",7,6,14,18,23,3,14,14,23,4,3,3,4,3,0,3,4,1,1,18,39
"1919",8,6,17,20,23,6,14,18,23,3,0,0,2,4,4,3,2,2,1,21,41
"1920",9,1,21,34,23,6,17,20,23,4,4,0,4,0,0,4,4,2,1,20,55
"1921",10,5,23,39,6,1,21,34,23,3,4,5,3,5,0,4,5,1,1,26,81
"1922",11,8,23,39,7,5,23,39,6,3,0,0,1,3,1,3,1,1,2,29,82
"1923",12,8,23,39,7,8,23,39,7,3,1,0,NA,0,0,0,0,0,0,29,82
"1924",0,0,0,0,0,0,0,0,0,0,0,0,0,0,0,0,0,0,0,0,0
"1925",1,5,1,11,1,1,1,1,1,4,4,6,4,6,0,4,6,1,1,4,10
"1926",2,5,5,16,7,5,1,11,1,4,0,0,6,3,1,4,6,2,2,8,21
"1927",3,5,8,16,8,5,5,16,7,3,1,0,1,0,0,3,1,2,2,11,22
"1928",4,9,8,16,13,5,8,16,8,5,4,4,5,4,0,4,5,1,2,15,27
"1929",5,13,8,21,13,9,8,16,13,4,0,0,3,5,1,4,5,1,1,19,32
"1930",6,16,8,21,14,13,8,21,13,3,1,0,1,0,0,3,1,1,2,22,33
"1931",7,20,8,22,20,16,8,21,14,2,6,4,2,6,0,4,6,1,2,26,40
"1932",8,22,8,29,20,20,8,22,20,2,0,0,6,5,6,2,6,1,1,28,47
"1933",9,28,12,29,25,22,8,29,20,5,6,0,5,0,0,6,5,1,2,38,52
"1934",10,31,1,30,30,28,12,29,25,2,1,3,2,1,0,3,1,1,1,30,58
"1935",11,33,1,37,30,31,1,30,30,2,0,0,1,6,1,2,6,1,1,32,65
"1936",12,33,1,37,30,33,1,37,30,1,1,0,NA,0,0,0,0,0,0,32,65
"1937",0,0,0,0,0,0,0,0,0,0,0,0,0,0,0,0,0,0,0,0,0
"1938",1,1,4,1,5,1,1,1,1,2,4,3,2,4,0,3,4,2,2,3,4
"1939",2,1,6,1,10,1,4,1,5,2,0,0,2,5,4,2,5,2,2,5,9
"1940",3,1,10,3,10,1,6,1,10,2,4,0,2,0,0,4,2,2,1,9,11
"1941",4,3,10,8,10,1,10,3,10,2,1,5,1,5,0,2,5,1,1,11,16
"1942",5,3,11,11,10,3,10,8,10,1,0,0,5,3,1,1,3,2,1,12,19
"1943",6,8,11,11,11,3,11,11,10,5,1,0,1,0,0,5,1,1,2,17,20
"1944",7,13,11,11,18,8,11,11,11,6,5,3,6,3,0,5,6,1,2,22,27
"1945",8,16,11,11,21,13,11,11,18,3,0,0,3,2,3,3,3,1,2,25,30
"1946",9,16,13,11,24,16,11,11,21,2,3,0,3,0,0,2,3,2,2,27,33
"1947",10,23,13,19,24,16,13,11,24,6,3,6,3,6,0,6,6,1,1,34,41
"1948",11,23,16,23,24,23,13,19,24,3,0,0,4,4,3,3,4,2,1,37,45
"1949",12,23,16,23,24,23,16,23,24,4,3,0,NA,0,0,0,0,0,0,37,45
"1950",0,0,0,0,0,0,0,0,0,0,0,0,0,0,0,0,0,0,0,0,0
"1951",1,1,4,4,7,1,1,1,1,6,2,3,6,2,0,3,6,2,2,3,9
"1952",2,3,4,10,14,1,4,4,7,2,0,0,1,6,1,2,6,1,1,5,22
"1953",3,3,5,10,15,3,4,10,14,1,1,0,1,0,0,1,1,2,2,6,23
"1954",4,7,5,15,15,3,5,10,15,2,4,5,2,5,0,4,5,1,1,10,28
"1955",5,7,7,18,15,7,5,15,15,2,0,0,3,1,2,2,3,2,1,12,31
"1956",6,7,9,19,15,7,7,18,15,1,2,0,1,0,0,2,1,2,1,14,32
"1957",7,7,14,23,21,7,9,19,15,5,3,6,3,6,0,5,6,2,2,19,42
"1958",8,7,17,24,21,7,14,23,21,3,0,0,2,4,1,3,1,2,1,22,43
"1959",9,7,19,28,21,7,17,24,21,2,4,0,4,0,0,2,4,2,1,24,47
"1960",10,7,23,39,22,7,19,28,21,6,4,4,6,4,0,4,6,2,1,28,97
"1961",11,11,23,39,24,7,23,39,22,4,0,0,2,4,1,4,2,1,2,32,99
"1962",12,11,23,39,24,11,23,39,24,4,1,0,NA,0,0,0,0,0,0,32,99
"1963",0,0,0,0,0,0,0,0,0,0,0,0,0,0,0,0,0,0,0,0,0
"1964",1,5,1,4,1,1,1,1,1,4,2,3,2,3,0,4,3,1,1,4,3
"1965",2,7,1,4,2,5,1,4,1,2,0,0,1,2,2,2,1,1,2,6,4
"1966",3,7,3,4,4,7,1,4,2,2,2,0,2,0,0,2,2,2,2,8,6
"1967",4,16,3,8,4,7,3,4,4,6,4,2,4,2,0,6,4,1,1,17,10
"1968",5,18,3,8,7,16,3,8,4,2,0,0,2,3,5,2,3,1,2,19,13
"1969",6,18,5,13,7,18,3,8,7,2,5,0,5,0,0,2,5,2,1,21,18
"1970",7,18,7,13,10,18,5,13,7,2,1,3,1,3,0,2,3,2,2,23,21
"1971",8,18,8,20,10,18,7,13,10,1,0,0,2,6,3,1,6,2,1,24,28
"1972",9,21,8,20,12,18,8,20,10,2,3,0,2,0,0,3,2,1,2,27,30
"1973",10,21,12,26,21,21,8,20,12,6,4,3,6,3,0,4,6,2,1,31,45
"1974",11,24,12,26,24,21,12,26,21,3,0,0,3,6,2,3,3,1,2,34,48
"1975",12,24,12,26,24,24,12,26,24,6,2,0,NA,0,0,0,0,0,0,34,48
"1976",0,0,0,0,0,0,0,0,0,0,0,0,0,0,0,0,0,0,0,0,0
"1977",1,2,7,1,5,1,1,1,1,6,4,3,4,3,0,6,4,2,2,7,4
"1978",2,5,7,6,5,2,7,1,5,3,0,0,5,2,5,3,5,1,1,10,9
"1979",3,5,12,6,7,5,7,6,5,2,5,0,2,0,0,5,2,2,2,15,11
"1980",4,5,17,6,10,5,12,6,7,5,3,1,3,1,0,5,3,2,2,20,14
"1981",5,5,18,6,15,5,17,6,10,1,0,0,1,5,1,1,5,2,2,21,19
"1982",6,5,19,6,16,5,18,6,15,1,1,0,1,0,0,1,1,2,2,22,20
"1983",7,5,23,11,16,5,19,6,16,1,5,4,1,5,0,4,5,2,1,26,25
"1984",8,5,24,15,16,5,23,11,16,1,0,0,1,1,4,1,4,2,1,27,29
"1985",9,6,24,15,17,5,24,15,16,1,1,0,1,0,0,1,1,1,2,28,30
"1986",10,9,24,18,17,6,24,15,17,1,3,3,1,3,0,3,3,1,1,31,33
"1987",11,10,24,26,17,9,24,18,17,1,0,0,3,6,3,1,6,1,1,32,41
"1988",12,10,24,26,17,10,24,26,17,3,3,0,NA,0,0,0,0,0,0,32,41
"1989",0,0,0,0,0,0,0,0,0,0,0,0,0,0,0,0,0,0,0,0,0
"1990",1,5,1,2,7,1,1,1,1,4,5,6,5,6,0,4,6,1,2,4,7
"1991",2,5,6,4,13,5,1,2,7,5,0,0,6,2,4,5,6,2,2,9,15
"1992",3,9,6,4,15,5,6,4,13,2,4,0,2,0,0,4,2,1,2,13,17
"1993",4,15,16,4,19,9,6,4,15,1,4,6,1,4,0,6,4,2,2,29,21
"1994",5,15,17,4,23,15,16,4,19,1,0,0,4,6,3,1,4,2,2,30,25
"1995",6,16,23,4,26,15,17,4,23,6,3,0,3,0,0,6,3,2,2,37,28
"1996",7,16,28,4,28,16,23,4,26,2,5,1,2,1,0,5,2,2,2,42,30
"1997",8,17,1,10,33,16,28,4,28,1,0,0,3,6,4,1,6,1,1,16,41
"1998",9,21,1,10,36,17,1,10,33,3,4,0,3,0,0,4,3,1,2,20,44
"1999",10,25,1,12,39,21,1,10,36,4,3,2,3,2,0,4,3,1,2,24,87
"2000",11,27,1,14,39,25,1,12,39,2,0,0,2,1,1,2,2,1,1,26,89
"2001",12,27,1,14,39,27,1,14,39,1,1,0,NA,0,0,0,0,0,0,26,89
"2002",0,0,0,0,0,0,0,0,0,0,0,0,0,0,0,0,0,0,0,0,0
"2003",1,7,6,1,6,1,1,1,1,5,3,6,5,3,0,6,5,1,2,11,5
"2004",2,10,6,1,8,7,6,1,6,3,0,0,5,1,2,3,2,1,2,14,7
"2005",3,15,6,1,9,10,6,1,8,5,1,0,1,0,0,5,1,1,2,19,8
"2006",4,15,15,3,9,15,6,1,9,6,3,2,3,2,0,6,2,2,1,28,10
"2007",5,18,15,3,14,15,15,3,9,3,0,0,4,5,1,3,5,1,2,31,15
"2008",6,18,19,4,14,18,15,3,14,4,1,0,1,0,0,4,1,2,1,35,16
"2009",7,24,19,3,14,18,19,4,14,2,2,4,2,2,0,4,2,1,1,41,15
"2010",8,26,21,6,14,24,19,3,14,2,0,0,4,1,5,2,5,2,1,45,18
"2011",9,30,21,6,15,26,21,6,14,4,1,0,1,0,0,4,1,1,2,49,19
"2012",10,32,21,7,15,30,21,6,15,1,2,2,1,2,0,2,1,1,1,51,20
"2013",11,32,23,11,15,32,21,7,15,2,0,0,4,3,6,2,4,2,1,53,24
"2014",12,32,23,11,15,32,23,11,15,3,6,0,NA,0,0,0,0,0,0,53,24
"2015",0,0,0,0,0,0,0,0,0,0,0,0,0,0,0,0,0,0,0,0,0
"2016",1,2,1,4,1,1,1,1,1,1,1,3,1,3,0,1,3,1,1,1,3
"2017",2,3,1,9,1,2,1,4,1,1,0,0,2,3,5,1,5,1,1,2,8
"2018",3,3,3,9,4,3,1,9,1,2,3,0,3,0,0,2,3,2,2,4,11
"2019",4,3,7,9,11,3,3,9,4,4,3,6,3,6,0,4,6,2,2,8,18
"2020",5,3,10,14,11,3,7,9,11,3,0,0,4,4,5,3,5,2,1,11,23
"2021",6,7,10,14,15,3,10,14,11,4,4,0,4,0,0,4,4,1,2,15,27
"2022",7,12,10,16,15,7,10,14,15,2,2,5,2,2,0,5,2,1,1,20,29
"2023",8,12,12,19,15,12,10,16,15,2,0,0,6,3,6,2,3,2,1,22,32
"2024",9,18,16,23,21,12,12,19,15,6,6,0,6,0,0,6,6,1,2,32,42
"2025",10,23,16,28,21,18,16,23,21,5,1,5,1,5,0,5,5,1,1,37,47
"2026",11,24,1,38,21,23,16,28,21,1,0,0,6,5,4,1,6,1,1,23,57
"2027",12,24,1,38,21,24,1,38,21,5,4,0,NA,0,0,0,0,0,0,23,57
"2028",0,0,0,0,0,0,0,0,0,0,0,0,0,0,0,0,0,0,0,0,0
"2029",1,2,1,5,1,1,1,1,1,2,4,1,2,4,0,1,4,1,1,1,4
"2030",2,4,1,5,5,2,1,5,1,2,0,0,4,4,2,2,4,1,2,3,8
"2031",3,8,1,7,5,4,1,5,5,4,2,0,2,0,0,4,2,1,1,7,10
"2032",4,16,1,7,10,8,1,7,5,5,5,6,5,5,0,6,5,1,2,15,15
"2033",5,21,1,7,19,16,1,7,10,5,0,0,6,1,6,5,6,1,2,20,24
"2034",6,30,1,8,19,21,1,7,19,1,6,0,1,0,0,6,1,1,1,29,25
"2035",7,30,5,13,19,30,1,8,19,4,2,5,2,5,0,4,5,2,1,33,30
"2036",8,30,7,21,19,30,5,13,19,2,0,0,6,3,3,2,6,2,1,35,38
"2037",9,33,7,24,19,30,7,21,19,3,3,0,3,0,0,3,3,1,1,38,41
"2038",10,33,1,32,19,33,7,24,19,6,5,3,6,3,0,5,6,2,1,32,49
"2039",11,33,4,35,19,33,1,32,19,3,0,0,3,2,2,3,3,2,1,35,52
"2040",12,33,4,35,19,33,4,35,19,2,2,0,NA,0,0,0,0,0,0,35,52
"2041",0,0,0,0,0,0,0,0,0,0,0,0,0,0,0,0,0,0,0,0,0
"2042",1,1,6,4,1,1,1,1,1,1,5,3,1,3,0,5,3,2,1,5,3
"2043",2,1,7,4,3,1,6,4,1,1,0,0,1,2,2,1,2,2,2,6,5
"2044",3,3,7,5,3,1,7,4,3,1,2,0,1,0,0,2,1,1,1,8,6
"2045",4,12,7,5,6,3,7,5,3,3,6,1,3,1,0,6,3,1,2,17,9
"2046",5,13,7,5,11,12,7,5,6,1,0,0,5,3,2,1,5,1,2,18,14
"2047",6,16,7,7,11,13,7,5,11,3,2,0,2,0,0,3,2,1,1,21,16
"2048",7,20,7,12,11,16,7,7,11,4,5,5,5,5,0,4,5,1,1,25,21
"2049",8,20,12,18,15,20,7,12,11,5,0,0,2,2,6,5,6,2,1,30,31
"2050",9,22,12,20,15,20,12,18,15,2,2,0,2,0,0,2,2,1,1,32,33
"2051",10,22,17,24,15,22,12,20,15,4,2,5,4,2,0,5,4,2,1,37,37
"2052",11,22,19,27,15,22,17,24,15,2,0,0,3,4,4,2,3,2,1,39,40
"2053",12,22,19,27,15,22,19,27,15,4,4,0,NA,0,0,0,0,0,0,39,40
"2054",0,0,0,0,0,0,0,0,0,0,0,0,0,0,0,0,0,0,0,0,0
"2055",1,5,1,6,1,1,1,1,1,4,5,1,5,1,0,4,5,1,1,4,5
"2056",2,6,1,12,11,5,1,6,1,1,0,0,6,1,3,1,6,1,1,5,21
"2057",3,7,1,15,11,6,1,12,11,1,3,0,3,0,0,1,3,1,1,6,24
"2058",4,7,6,15,15,7,1,15,11,5,4,3,4,3,0,5,4,2,2,11,28
"2059",5,7,9,15,19,7,6,15,15,3,0,0,1,5,4,3,4,2,2,14,32
"2060",6,7,14,16,19,7,9,15,19,1,5,0,1,0,0,5,1,2,1,19,33
"2061",7,1,17,16,30,7,14,16,19,1,3,6,1,6,0,3,6,2,2,16,44
"2062",8,1,18,20,36,1,17,16,30,1,0,0,3,4,6,1,6,2,2,17,54
"2063",9,1,21,24,36,1,18,20,36,3,4,0,4,0,0,3,4,2,1,20,58
"2064",10,3,21,28,36,1,21,24,36,2,4,4,4,4,0,2,4,1,1,22,62
"2065",11,3,25,33,36,3,21,28,36,4,0,0,5,5,5,4,5,2,1,26,67
"2066",12,3,25,33,36,3,25,33,36,5,5,0,NA,0,0,0,0,0,0,26,67
"2067",0,0,0,0,0,0,0,0,0,0,0,0,0,0,0,0,0,0,0,0,0
"2068",1,5,1,9,1,1,1,1,1,4,3,6,3,6,0,4,6,1,1,4,8
"2069",2,8,1,9,10,5,1,9,1,3,0,0,4,6,4,3,6,1,2,7,17
"2070",3,12,1,13,10,8,1,9,10,4,4,0,4,0,0,4,4,1,1,11,21
"2071",4,16,1,18,10,12,1,13,10,4,5,3,5,3,0,4,5,1,1,15,26
"2072",5,19,1,18,14,16,1,18,10,3,0,0,4,5,4,3,4,1,2,18,30
"2073",6,24,1,18,18,19,1,18,14,5,4,0,4,0,0,5,4,1,2,23,34
"2074",7,35,1,25,18,24,1,18,18,6,6,6,6,6,0,6,6,1,1,34,41
"2075",8,37,13,5,18,35,1,25,18,6,0,0,4,4,4,6,4,2,1,48,21
"2076",9,37,17,9,18,37,13,5,18,4,4,0,4,0,0,4,4,2,1,52,25
"2077",10,37,20,9,20,37,17,9,18,5,3,2,5,2,0,3,2,2,2,55,27
"2078",11,37,25,9,21,37,20,9,20,5,0,0,4,2,1,5,1,2,2,60,28
"2079",12,37,25,9,21,37,25,9,21,4,2,0,NA,0,0,0,0,0,0,60,28
"2080",0,0,0,0,0,0,0,0,0,0,0,0,0,0,0,0,0,0,0,0,0
"2081",1,2,1,1,4,1,1,1,1,1,1,3,1,3,0,1,3,1,2,1,3
"2082",2,3,1,5,4,2,1,1,4,1,0,0,3,4,4,1,4,1,1,2,7
"2083",3,7,1,5,7,3,1,5,4,3,4,0,3,0,0,4,3,1,2,6,10
"2084",4,7,3,7,7,7,1,5,7,2,2,2,2,2,0,2,2,2,1,8,12
"2085",5,9,3,11,13,7,3,7,7,2,0,0,6,6,1,2,6,1,2,10,22
"2086",6,15,5,11,14,9,3,11,13,6,1,0,1,0,0,6,1,1,2,18,23
"2087",7,19,11,16,20,15,5,11,14,6,3,6,3,6,0,6,6,2,2,28,34
"2088",8,19,14,16,29,19,11,16,20,3,0,0,6,4,1,3,6,2,2,31,43
"2089",9,19,18,16,30,19,14,16,29,4,1,0,1,0,0,4,1,2,2,35,44
"2090",10,21,18,21,36,19,18,16,30,2,6,1,6,1,0,2,6,1,2,37,55
"2091",11,22,18,23,36,21,18,21,36,1,0,0,2,5,5,1,2,1,1,38,57
"2092",12,22,18,23,36,22,18,23,36,5,5,0,NA,0,0,0,0,0,0,38,57
"2093",0,0,0,0,0,0,0,0,0,0,0,0,0,0,0,0,0,0,0,0,0
"2094",1,1,10,8,1,1,1,1,1,6,6,1,6,1,0,6,6,2,1,9,7
"2095",2,2,10,8,6,1,10,8,1,1,0,0,2,5,2,1,5,1,2,10,12
"2096",3,2,12,8,8,2,10,8,6,2,2,0,2,0,0,2,2,2,2,12,14
"2097",4,2,17,13,8,2,12,8,8,5,1,5,1,5,0,5,5,2,1,17,19
"2098",5,3,17,15,8,2,17,13,8,1,0,0,4,4,2,1,2,1,1,18,21
"2099",6,3,21,19,8,3,17,15,8,4,4,0,4,0,0,4,4,2,1,22,25
"2100",7,3,28,19,4,3,21,19,8,5,1,3,1,3,0,5,3,2,2,29,21
"2101",8,4,1,19,16,3,28,19,4,1,0,0,2,6,2,1,6,1,2,3,33
"2102",9,6,1,19,18,4,1,19,16,2,2,0,2,0,0,2,2,1,2,5,35
"2103",10,1,5,21,30,6,1,19,18,6,2,4,6,2,0,4,6,2,2,4,49
"2104",11,5,5,7,36,1,5,21,30,2,0,0,6,4,1,2,6,1,1,8,41
"2105",12,5,5,7,36,5,5,7,36,4,1,0,NA,0,0,0,0,0,0,8,41
"2106",0,0,0,0,0,0,0,0,0,0,0,0,0,0,0,0,0,0,0,0,0
"2107",1,1,6,6,1,1,1,1,1,5,2,5,2,5,0,5,5,2,1,5,5
"2108",2,1,8,11,1,1,6,6,1,2,0,0,5,1,1,2,5,2,1,7,10
"2109",3,2,8,12,1,1,8,11,1,1,1,0,1,0,0,1,1,1,1,8,11
"2110",4,8,13,17,1,2,8,12,1,6,5,3,5,3,0,6,5,1,1,19,16
"2111",5,8,16,24,1,8,13,17,1,3,0,0,3,6,2,3,6,2,1,22,23
"2112",6,8,18,24,4,8,16,24,1,3,2,0,3,0,0,2,3,2,2,24,26
"2113",7,8,31,24,6,8,18,24,4,4,5,1,5,1,0,4,5,2,2,37,28
"2114",8,9,31,24,11,8,31,24,6,1,0,0,5,2,5,1,5,1,2,38,33
"2115",9,9,36,26,11,9,31,24,11,2,5,0,2,0,0,5,2,2,1,43,35
"2116",10,14,39,31,11,9,36,26,11,3,5,4,5,4,0,3,5,2,1,89,40
"2117",11,18,39,34,11,14,39,31,11,4,0,0,3,1,1,4,3,1,1,93,43
"2118",12,18,39,34,11,18,39,34,11,1,1,0,NA,0,0,0,0,0,0,93,43
"2119",0,0,0,0,0,0,0,0,0,0,0,0,0,0,0,0,0,0,0,0,0
"2120",1,6,1,1,6,1,1,1,1,2,5,5,2,5,0,5,5,1,2,5,5
"2121",2,6,3,4,6,6,1,1,6,2,0,0,3,3,1,2,3,2,1,7,8
"2122",3,6,6,4,7,6,3,4,6,3,1,0,1,0,0,3,1,2,2,10,9
"2123",4,7,6,4,10,6,6,4,7,3,2,1,3,2,0,1,3,1,2,11,12
"2124",5,7,8,5,22,7,6,4,10,2,0,0,6,4,3,2,6,2,2,13,25
"2125",6,11,8,8,22,7,8,5,22,4,3,0,3,0,0,4,3,1,1,17,28
"2126",7,13,8,11,22,11,8,8,22,3,4,2,3,4,0,2,3,1,1,19,31
"2127",8,17,8,14,22,13,8,11,22,4,0,0,5,2,3,4,3,1,1,23,34
"2128",9,17,13,14,24,17,8,14,22,5,2,0,2,0,0,5,2,2,2,28,36
"2129",10,19,13,23,24,17,13,14,24,6,2,1,6,1,0,2,6,1,1,30,45
"2130",11,20,13,28,24,19,13,23,24,1,0,0,5,6,2,1,5,1,1,31,50
"2131",12,20,13,28,24,20,13,28,24,6,2,0,NA,0,0,0,0,0,0,31,50
"2132",0,0,0,0,0,0,0,0,0,0,0,0,0,0,0,0,0,0,0,0,0
"2133",1,10,1,7,11,1,1,1,1,6,4,6,4,6,0,6,6,1,1,9,16
"2134",2,14,1,11,11,10,1,7,11,4,0,0,2,4,3,4,4,1,1,13,20
"2135",3,14,4,11,13,14,1,11,11,2,3,0,2,0,0,3,2,2,2,16,22
"2136",4,18,4,16,13,14,4,11,13,5,5,4,5,5,0,4,5,1,1,20,27
"2137",5,23,4,17,13,18,4,16,13,5,0,0,1,3,1,5,1,1,1,25,28
"2138",6,26,4,17,14,23,4,17,13,3,1,0,1,0,0,3,1,1,2,28,29
"2139",7,31,4,17,16,26,4,17,14,1,2,5,1,2,0,5,2,1,2,33,31
"2140",8,32,4,17,17,31,4,17,16,1,0,0,3,1,5,1,1,1,2,34,32
"2141",9,32,9,20,17,32,4,17,17,3,5,0,3,0,0,5,3,2,1,39,35
"2142",10,32,14,20,22,32,9,20,17,4,5,5,4,5,0,5,5,2,2,44,40
"2143",11,36,14,22,22,32,14,20,22,4,0,0,2,1,2,4,2,1,1,48,42
"2144",12,36,14,22,22,36,14,22,22,1,2,0,NA,0,0,0,0,0,0,48,42
"2145",0,0,0,0,0,0,0,0,0,0,0,0,0,0,0,0,0,0,0,0,0
"2146",1,1,15,3,1,1,1,1,1,6,2,1,2,1,0,6,2,2,1,14,2
"2147",2,1,16,7,1,1,15,3,1,1,0,0,5,2,4,1,4,2,1,15,6
"2148",3,6,16,7,3,1,16,7,1,5,2,0,2,0,0,5,2,1,2,20,8
"2149",4,11,16,8,3,6,16,7,3,5,1,2,1,2,0,5,1,1,1,25,9
"2150",5,11,18,20,4,11,16,8,3,2,0,0,6,2,6,2,6,2,1,27,22
"2151",6,24,18,20,3,11,18,20,4,2,6,0,2,0,0,6,2,1,2,40,21
"2152",7,29,18,21,3,24,18,20,3,1,2,5,1,2,0,5,1,1,1,45,22
"2153",8,31,18,25,3,29,18,21,3,2,0,0,6,4,6,2,4,1,1,47,26
"2154",9,37,22,35,3,31,18,25,3,6,6,0,6,0,0,6,6,1,1,57,36
"2155",10,37,24,37,3,37,22,35,3,2,1,2,1,2,0,2,2,2,1,59,38
"2156",11,37,1,37,12,37,24,37,3,1,0,0,2,4,5,1,4,2,2,36,47
"2157",12,37,1,37,12,37,1,37,12,2,5,0,NA,0,0,0,0,0,0,36,47
"2158",0,0,0,0,0,0,0,0,0,0,0,0,0,0,0,0,0,0,0,0,0
"2159",1,1,4,1,5,1,1,1,1,3,1,4,1,4,0,3,4,2,2,3,4
"2160",2,1,5,1,6,1,4,1,5,1,0,0,1,1,2,1,1,2,2,4,5
"2161",3,1,7,1,7,1,5,1,6,1,2,0,1,0,0,2,1,2,2,6,6
"2162",4,1,11,1,10,1,7,1,7,2,4,3,2,3,0,4,3,2,2,10,9
"2163",5,1,13,1,14,1,11,1,10,2,0,0,4,1,3,2,4,2,2,12,13
"2164",6,4,13,1,15,1,13,1,14,1,3,0,1,0,0,3,1,1,2,15,14
"2165",7,8,19,1,19,4,13,1,15,4,4,6,4,4,0,6,4,2,2,25,18
"2166",8,12,19,1,27,8,19,1,19,4,0,0,1,2,6,4,6,1,2,29,26
"2167",9,14,19,2,27,12,19,1,27,1,2,0,1,0,0,2,1,1,1,31,27
"2168",10,19,19,7,27,14,19,2,27,1,5,5,1,5,0,5,5,1,1,36,32
"2169",11,20,19,12,27,19,19,7,27,1,0,0,5,1,6,1,5,1,1,37,37
"2170",12,20,19,12,27,20,19,12,27,1,6,0,NA,0,0,0,0,0,0,37,37
"2171",0,0,0,0,0,0,0,0,0,0,0,0,0,0,0,0,0,0,0,0,0
"2172",1,6,1,5,1,1,1,1,1,2,5,4,2,4,0,5,4,1,1,5,4
"2173",2,6,3,10,1,6,1,5,1,2,0,0,1,5,2,2,5,2,1,7,9
"2174",3,7,3,10,3,6,3,10,1,1,2,0,2,0,0,1,2,1,2,8,11
"2175",4,10,3,10,6,7,3,10,3,1,3,3,1,3,0,3,3,1,2,11,14
"2176",5,11,3,10,11,10,3,10,6,1,0,0,2,3,5,1,5,1,2,12,19
"2177",6,13,3,13,11,11,3,10,11,2,3,0,3,0,0,2,3,1,1,14,22
"2178",7,13,8,13,15,13,3,13,11,4,5,3,4,3,0,5,4,2,2,19,26
"2179",8,16,8,19,17,13,8,13,15,3,0,0,4,6,2,3,6,1,1,22,34
"2180",9,20,8,21,17,16,8,19,17,4,2,0,2,0,0,4,2,1,1,26,36
"2181",10,21,8,21,20,20,8,21,17,1,3,1,3,1,0,1,3,1,2,27,39
"2182",11,22,1,24,26,21,8,21,20,1,0,0,4,1,6,1,6,1,2,21,48
"2183",12,22,1,24,26,22,1,24,26,4,1,0,NA,0,0,0,0,0,0,21,48
"2184",0,0,0,0,0,0,0,0,0,0,0,0,0,0,0,0,0,0,0,0,0
"2185",1,5,1,1,8,1,1,1,1,4,6,1,6,1,0,4,6,1,2,4,7
"2186",2,6,1,4,8,5,1,1,8,1,0,0,3,1,2,1,3,1,1,5,10
"2187",3,6,3,4,9,6,1,4,8,1,2,0,1,0,0,2,1,2,2,7,11
"2188",4,12,7,10,14,6,3,4,9,3,6,6,3,6,0,6,6,1,1,17,22
"2189",5,15,7,15,14,12,7,10,14,3,0,0,5,2,5,3,5,1,1,20,27
"2190",6,15,12,17,14,15,7,15,14,2,5,0,2,0,0,5,2,2,1,25,29
"2191",7,22,12,19,14,15,12,17,14,2,1,6,2,1,0,6,2,1,1,32,31
"2192",8,22,13,22,26,22,12,19,14,1,0,0,6,5,5,1,6,2,2,33,46
"2193",9,27,13,27,26,22,13,22,26,5,5,0,5,0,0,5,5,1,1,38,51
"2194",10,31,1,33,26,27,13,27,26,4,4,1,4,1,0,4,4,1,1,30,57
"2195",11,31,2,38,26,31,1,33,26,1,0,0,5,2,4,1,5,2,1,31,62
"2196",12,31,2,38,26,31,2,38,26,2,4,0,NA,0,0,0,0,0,0,31,62
"2197",0,0,0,0,0,0,0,0,0,0,0,0,0,0,0,0,0,0,0,0,0
"2198",1,6,1,3,1,1,1,1,1,2,2,5,2,2,0,5,2,1,1,5,2
"2199",2,8,1,3,5,6,1,3,1,2,0,0,1,1,4,2,4,1,2,7,6
"2200",3,9,1,4,5,8,1,3,5,1,1,0,1,0,0,1,1,1,1,8,7
"2201",4,17,7,4,6,9,1,4,5,1,6,3,1,3,0,6,1,1,2,22,8
"2202",5,17,10,4,21,17,7,4,6,3,0,0,3,6,6,3,6,2,2,25,23
"2203",6,29,13,4,24,17,10,4,21,3,6,0,3,0,0,6,3,1,2,40,26
"2204",7,35,15,4,28,29,13,4,24,6,4,4,4,4,0,6,4,1,2,48,30
"2205",8,35,19,4,32,35,15,4,28,4,0,0,3,4,6,4,4,2,2,52,34
"2206",9,38,19,8,39,35,19,4,32,3,6,0,6,0,0,3,6,1,2,55,83
"2207",10,38,23,10,39,38,19,8,39,4,2,4,2,4,0,4,2,2,1,59,85
"2208",11,38,27,19,39,38,23,10,39,4,0,0,4,4,6,4,6,2,1,63,94
"2209",12,38,27,19,39,38,27,19,39,4,4,0,NA,0,0,0,0,0,0,63,94
"2210",0,0,0,0,0,0,0,0,0,0,0,0,0,0,0,0,0,0,0,0,0
"2211",1,5,1,6,1,1,1,1,1,3,5,4,3,5,0,4,5,1,1,4,5
"2212",2,5,4,6,6,5,1,6,1,3,0,0,5,5,4,3,5,2,2,7,10
"2213",3,5,9,6,10,5,4,6,6,5,4,0,4,0,0,5,4,2,2,12,14
"2214",4,5,19,11,10,5,9,6,10,5,6,2,5,2,0,6,5,2,1,22,19
"2215",5,7,19,13,10,5,19,11,10,2,0,0,6,2,1,2,2,1,1,24,21
"2216",6,13,20,13,11,7,19,13,10,6,1,0,1,0,0,6,1,1,2,31,22
"2217",7,18,20,15,11,13,20,13,11,1,2,5,1,2,0,5,2,1,1,36,24
"2218",8,18,21,19,11,18,20,15,11,1,0,0,6,4,5,1,4,2,1,37,28
"2219",9,24,23,24,11,18,21,19,11,6,5,0,5,0,0,6,5,1,1,45,33
"2220",10,24,27,25,11,24,23,24,11,4,2,1,2,1,0,4,1,2,1,49,34
"2221",11,1,30,35,6,24,27,25,11,2,0,0,2,1,5,2,5,2,2,29,39
"2222",12,1,30,35,6,1,30,35,6,2,1,0,NA,0,0,0,0,0,0,29,39
"2223",0,0,0,0,0,0,0,0,0,0,0,0,0,0,0,0,0,0,0,0,0
"2224",1,1,6,2,7,1,1,1,1,1,6,5,1,6,0,5,6,2,2,5,7
"2225",2,1,7,5,7,1,6,2,7,1,0,0,3,2,3,1,3,2,1,6,10
"2226",3,3,7,5,10,1,7,5,7,2,3,0,3,0,0,2,3,1,2,8,13
"2227",4,7,7,5,19,3,7,5,10,6,4,2,6,2,0,4,6,1,2,12,22
"2228",5,7,9,7,19,7,7,5,19,2,0,0,6,2,5,2,2,2,1,14,24
"2229",6,16,9,12,19,7,9,7,19,6,5,0,5,0,0,6,5,1,1,23,29
"2230",7,20,15,12,24,16,9,12,19,4,5,6,4,5,0,6,5,2,2,33,34
"2231",8,20,19,15,24,20,15,12,24,4,0,0,3,2,3,4,3,2,1,37,37
"2232",9,23,19,15,26,20,19,15,24,2,3,0,2,0,0,3,2,1,2,40,39
"2233",10,23,24,21,33,23,19,15,26,5,1,6,1,6,0,5,6,2,2,45,52
"2234",11,24,24,30,33,23,24,21,33,1,0,0,6,5,4,1,6,1,1,46,61
"2235",12,24,24,30,33,24,24,30,33,5,4,0,NA,0,0,0,0,0,0,46,61
"2236",0,0,0,0,0,0,0,0,0,0,0,0,0,0,0,0,0,0,0,0,0
"2237",1,1,5,1,12,1,1,1,1,6,4,5,6,5,0,4,6,2,2,4,11
"2238",2,1,10,2,12,1,5,1,12,5,0,0,1,1,1,5,1,2,1,9,12
"2239",3,1,11,3,12,1,10,2,12,1,1,0,1,0,0,1,1,2,1,10,13
"2240",4,1,12,8,12,1,11,3,12,4,5,1,4,5,0,1,5,2,1,11,18
"2241",5,1,16,8,19,1,12,8,12,4,0,0,6,5,1,4,6,2,2,15,25
"2242",6,1,21,8,20,1,16,8,19,5,1,0,1,0,0,5,1,2,2,20,26
"2243",7,6,1,11,26,1,21,8,20,6,3,6,3,6,0,6,6,2,2,5,35
"2244",8,6,4,16,26,6,1,11,26,3,0,0,3,5,4,3,5,2,1,8,40
"2245",9,6,7,20,26,6,4,16,26,3,4,0,4,0,0,3,4,2,1,11,44
"2246",10,10,7,36,26,6,7,20,26,6,4,5,6,5,0,4,6,1,1,15,60
"2247",11,15,7,39,28,10,7,36,26,5,0,0,3,5,5,5,3,1,1,20,103
"2248",12,15,7,39,28,15,7,39,28,5,5,0,NA,0,0,0,0,0,0,20,103
"2249",0,0,0,0,0,0,0,0,0,0,0,0,0,0,0,0,0,0,0,0,0
"2250",1,1,18,3,1,1,1,1,1,4,2,6,4,2,0,6,2,2,1,17,2
"2251",2,5,18,3,3,1,18,3,1,4,0,0,2,2,5,4,2,1,2,21,4
"2252",3,10,18,5,3,5,18,3,3,2,5,0,2,0,0,5,2,1,1,26,6
"2253",4,10,20,5,7,10,18,5,3,4,2,2,4,2,0,2,4,2,2,28,10
"2254",5,12,20,5,10,10,20,5,7,2,0,0,2,3,6,2,3,1,2,30,13
"2255",6,20,20,7,10,12,20,5,10,2,6,0,2,0,0,6,2,1,1,38,15
"2256",7,20,23,9,10,20,20,7,10,2,3,6,2,6,0,3,2,2,1,41,17
"2257",8,26,26,11,10,20,23,9,10,6,0,0,2,4,1,6,2,1,1,50,19
"2258",9,26,27,15,10,26,26,11,10,4,1,0,4,0,0,1,4,2,1,51,23
"2259",10,27,27,19,10,26,27,15,10,4,3,1,4,3,0,1,4,1,1,52,27
"2260",11,27,30,22,10,27,27,19,10,3,0,0,3,4,5,3,3,2,1,55,30
"2261",12,27,30,22,10,27,30,22,10,4,5,0,NA,0,0,0,0,0,0,55,30
"2262",0,0,0,0,0,0,0,0,0,0,0,0,0,0,0,0,0,0,0,0,0
"2263",1,2,1,1,5,1,1,1,1,1,4,1,4,1,0,1,4,1,2,1,4
"2264",2,3,1,7,9,2,1,1,5,1,0,0,6,5,3,1,6,1,1,2,14
"2265",3,8,1,10,9,3,1,7,9,5,3,0,3,0,0,5,3,1,1,7,17
"2266",4,13,1,14,9,8,1,10,9,3,4,5,3,4,0,5,4,1,1,12,21
"2267",5,13,4,20,12,13,1,14,9,3,0,0,6,6,2,3,6,2,1,15,30
"2268",6,19,7,20,14,13,4,20,12,6,2,0,2,0,0,6,2,1,2,24,32
"2269",7,23,7,20,18,19,7,20,14,4,4,2,4,2,0,4,4,1,2,28,36
"2270",8,25,7,22,18,23,7,20,18,2,0,0,2,3,5,2,2,1,1,30,38
"2271",9,28,7,22,23,25,7,22,18,3,5,0,5,0,0,3,5,1,2,33,43
"2272",10,32,7,22,27,28,7,22,23,4,4,3,4,3,0,4,4,1,2,37,47
"2273",11,35,7,22,29,32,7,22,27,3,0,0,2,5,2,3,2,1,2,40,49
"2274",12,35,7,22,29,35,7,22,29,5,2,0,NA,0,0,0,0,0,0,40,49
"2275",0,0,0,0,0,0,0,0,0,0,0,0,0,0,0,0,0,0,0,0,0
"2276",1,3,7,5,1,1,1,1,1,6,4,1,4,1,0,6,4,2,1,8,4
"2277",2,3,8,10,1,3,7,5,1,1,0,0,5,3,1,1,5,2,1,9,9
"2278",3,6,8,11,1,3,8,10,1,3,1,0,1,0,0,3,1,1,1,12,10
"2279",4,12,13,17,3,6,8,11,1,5,6,6,5,6,0,6,6,1,1,23,18
"2280",5,17,13,21,3,12,13,17,3,5,0,0,1,4,5,5,4,1,1,28,22
"2281",6,1,13,25,4,17,13,21,3,1,5,0,1,0,0,5,1,1,2,12,27
"2282",7,5,13,30,4,1,13,25,4,4,5,3,5,3,0,4,5,1,1,16,32
"2283",8,8,1,34,4,5,13,30,4,3,0,0,3,3,1,3,1,1,1,7,36
"2284",9,8,4,37,4,8,1,34,4,3,3,0,3,0,0,3,3,2,1,10,39
"2285",10,10,4,38,4,8,4,37,4,2,1,4,1,4,0,2,1,1,1,12,40
"2286",11,14,4,38,9,10,4,38,4,4,0,0,5,6,6,4,5,1,2,16,45
"2287",12,14,4,38,9,14,4,38,9,6,6,0,NA,0,0,0,0,0,0,16,45
"2288",0,0,0,0,0,0,0,0,0,0,0,0,0,0,0,0,0,0,0,0,0
"2289",1,6,1,2,1,1,1,1,1,1,2,5,1,2,0,5,1,1,1,5,1
"2290",2,8,1,8,10,6,1,2,1,2,0,0,6,4,6,2,6,1,2,7,16
"2291",3,21,1,12,10,8,1,8,10,4,6,0,4,0,0,6,4,1,1,20,20
"2292",4,25,1,16,10,21,1,12,10,4,4,2,4,2,0,4,4,1,1,24,24
"2293",5,25,3,16,15,25,1,16,10,2,0,0,4,5,5,2,5,2,2,26,29
"2294",6,29,3,16,20,25,3,16,15,4,5,0,5,0,0,4,5,1,2,30,34
"2295",7,34,4,4,20,29,3,16,20,5,3,4,3,4,0,5,3,1,1,36,22
"2296",8,38,4,8,20,34,4,4,20,4,0,0,6,1,4,4,4,1,1,40,26
"2297",9,38,15,8,21,38,4,8,20,6,1,0,1,0,0,6,1,2,2,51,27
"2298",10,38,17,11,21,38,15,8,21,2,3,3,3,3,0,2,3,2,1,53,30
"2299",11,38,20,15,21,38,17,11,21,3,0,0,4,4,5,3,4,2,1,56,34
"2300",12,38,20,15,21,38,20,15,21,4,5,0,NA,0,0,0,0,0,0,56,34
"2301",0,0,0,0,0,0,0,0,0,0,0,0,0,0,0,0,0,0,0,0,0
"2302",1,1,2,3,1,1,1,1,1,2,1,1,2,1,0,1,2,2,1,1,2
"2303",2,1,3,10,1,1,2,3,1,1,0,0,4,3,6,1,6,2,1,2,9
"2304",3,1,7,13,1,1,3,10,1,4,3,0,3,0,0,4,3,2,1,6,12
"2305",4,1,14,18,1,1,7,13,1,1,6,5,1,5,0,6,5,2,1,13,17
"2306",5,1,15,28,1,1,14,18,1,1,0,0,4,3,6,1,6,2,1,14,27
"2307",6,5,15,28,4,1,15,28,1,4,3,0,3,0,0,4,3,1,2,18,30
"2308",7,7,15,29,10,5,15,28,4,1,2,6,1,6,0,2,6,1,2,20,37
"2309",8,8,15,30,10,7,15,29,10,1,0,0,1,3,1,1,1,1,1,21,38
"2310",9,8,18,30,11,8,15,30,10,3,1,0,1,0,0,3,1,2,2,24,39
"2311",10,10,18,32,11,8,18,30,11,2,2,2,2,2,0,2,2,1,1,26,41
"2312",11,12,18,38,14,10,18,32,11,2,0,0,6,1,1,2,6,1,1,28,50
"2313",12,12,18,38,14,12,18,38,14,1,1,0,NA,0,0,0,0,0,0,28,50
"2314",0,0,0,0,0,0,0,0,0,0,0,0,0,0,0,0,0,0,0,0,0
"2315",1,6,1,1,6,1,1,1,1,5,2,5,2,5,0,5,5,1,2,5,5
"2316",2,8,1,2,6,6,1,1,6,2,0,0,2,4,1,2,1,1,1,7,6
"2317",3,12,1,4,6,8,1,2,6,2,4,0,2,0,0,4,2,1,1,11,8
"2318",4,12,6,6,6,12,1,4,6,2,5,1,2,1,0,5,2,2,1,16,10
"2319",5,13,6,10,6,12,6,6,6,1,0,0,4,6,4,1,4,1,1,17,14
"2320",6,19,14,10,10,13,6,10,6,6,4,0,4,0,0,6,4,1,2,31,18
"2321",7,21,14,10,13,19,14,10,10,2,3,1,3,1,0,2,3,1,2,33,21
"2322",8,22,14,10,18,21,14,10,13,1,0,0,5,1,4,1,5,1,2,34,26
"2323",9,22,18,10,19,22,14,10,18,1,4,0,1,0,0,4,1,2,2,38,27
"2324",10,22,21,10,22,22,18,10,19,3,3,2,3,2,0,3,3,2,2,41,30
"2325",11,22,23,10,31,22,21,10,22,2,0,0,6,2,6,2,6,2,2,43,39
"2326",12,22,23,10,31,22,23,10,31,2,6,0,NA,0,0,0,0,0,0,43,39
"2327",0,0,0,0,0,0,0,0,0,0,0,0,0,0,0,0,0,0,0,0,0
"2328",1,9,7,1,5,1,1,1,1,4,6,6,4,6,0,6,4,2,2,14,4
"2329",2,16,13,4,5,9,7,1,5,6,0,0,2,6,3,6,3,1,1,27,7
"2330",3,16,20,4,7,16,13,4,5,2,6,0,2,0,0,6,2,2,2,34,9
"2331",4,18,20,9,7,16,20,4,7,5,6,2,5,6,0,2,5,1,1,36,14
"2332",5,18,32,1,12,18,20,9,7,6,0,0,2,5,4,6,5,2,2,48,11
"2333",6,18,36,3,12,18,32,1,12,2,4,0,2,0,0,4,2,2,1,52,13
"2334",7,18,37,3,17,18,36,3,12,1,1,5,1,5,0,1,5,2,2,53,18
"2335",8,18,38,3,28,18,37,3,17,1,0,0,6,1,3,1,6,2,2,54,29
"2336",9,20,39,6,28,18,38,3,28,1,3,0,3,0,0,1,3,2,1,95,32
"2337",10,23,39,6,33,20,39,6,28,3,5,1,5,1,0,3,5,1,2,98,37
"2338",11,28,39,1,38,23,39,6,33,1,0,0,3,5,1,1,5,1,2,103,37
"2339",12,28,39,1,38,28,39,1,38,3,1,0,NA,0,0,0,0,0,0,103,37
"2340",0,0,0,0,0,0,0,0,0,0,0,0,0,0,0,0,0,0,0,0,0
"2341",1,7,5,5,1,1,1,1,1,6,4,3,4,3,0,6,4,1,1,10,4
"2342",2,10,5,5,4,7,5,5,1,3,0,0,3,3,2,3,3,1,2,13,7
"2343",3,10,8,5,6,10,5,5,4,3,2,0,2,0,0,3,2,2,2,16,9
"2344",4,19,8,6,6,10,8,5,6,6,1,3,1,3,0,6,1,1,1,25,10
"2345",5,19,11,11,6,19,8,6,6,3,0,0,5,1,3,3,5,2,1,28,15
"2346",6,19,14,11,7,19,11,11,6,1,3,0,1,0,0,3,1,2,2,31,16
"2347",7,19,16,14,7,19,14,11,7,2,2,3,2,3,0,2,3,2,1,33,19
"2348",8,19,18,16,7,19,16,14,7,2,0,0,3,1,2,2,2,2,1,35,21
"2349",9,19,21,17,7,19,18,16,7,3,1,0,1,0,0,3,1,2,1,38,22
"2350",10,28,21,17,5,19,21,17,7,1,6,4,1,4,0,6,4,1,2,47,20
"2351",11,29,21,17,8,28,21,17,5,1,0,0,4,1,3,1,3,1,2,48,23
"2352",12,29,21,17,8,29,21,17,8,4,1,0,NA,0,0,0,0,0,0,48,23
"2353",0,0,0,0,0,0,0,0,0,0,0,0,0,0,0,0,0,0,0,0,0
"2354",1,5,1,6,1,1,1,1,1,3,5,4,3,5,0,4,5,1,1,4,5
"2355",2,5,4,8,1,5,1,6,1,3,0,0,3,2,1,3,2,2,1,7,7
"2356",3,5,7,8,2,5,4,8,1,3,1,0,1,0,0,3,1,2,2,10,8
"2357",4,10,7,13,2,5,7,8,2,5,5,1,5,1,0,5,5,1,1,15,13
"2358",5,10,8,19,6,10,7,13,2,1,0,0,6,2,1,1,6,2,1,16,23
"2359",6,12,8,20,6,10,8,19,6,2,1,0,1,0,0,2,1,1,1,18,24
"2360",7,15,8,20,11,12,8,20,6,3,2,5,2,5,0,3,5,1,2,21,29
"2361",8,15,10,23,11,15,8,20,11,2,0,0,2,2,3,2,3,2,1,23,32
"2362",9,17,10,25,11,15,10,23,11,2,2,0,2,0,0,2,2,1,1,25,34
"2363",10,21,10,25,16,17,10,25,11,4,5,2,5,2,0,4,5,1,2,29,39
"2364",11,23,10,26,16,21,10,25,16,2,0,0,1,4,3,2,1,1,1,31,40
"2365",12,23,10,26,16,23,10,26,16,4,3,0,NA,0,0,0,0,0,0,31,40
"2366",0,0,0,0,0,0,0,0,0,0,0,0,0,0,0,0,0,0,0,0,0
"2367",1,1,3,6,1,1,1,1,1,2,5,2,5,2,0,2,5,2,1,2,5
"2368",2,3,3,6,5,1,3,6,1,2,0,0,4,3,1,2,4,1,2,4,9
"2369",3,3,6,6,6,3,3,6,5,3,1,0,1,0,0,3,1,2,2,7,10
"2370",4,7,6,6,8,3,6,6,6,4,2,1,2,1,0,4,2,1,2,11,12
"2371",5,8,6,6,13,7,6,6,8,1,0,0,5,3,5,1,5,1,2,12,17
"2372",6,11,6,6,18,8,6,6,13,3,5,0,5,0,0,3,5,1,2,15,22
"2373",7,13,6,9,18,11,6,6,18,2,1,3,1,3,0,2,3,1,1,17,25
"2374",8,13,7,9,19,13,6,9,18,1,0,0,6,6,1,1,1,2,2,18,26
"2375",9,19,11,15,21,13,7,9,19,6,6,0,6,0,0,6,6,1,1,28,34
"2376",10,30,11,21,22,19,11,15,21,6,6,3,6,3,0,6,6,1,1,39,41
"2377",11,33,11,26,22,30,11,21,22,3,0,0,1,5,2,3,5,1,1,42,46
"2378",12,33,11,26,22,33,11,26,22,1,2,0,NA,0,0,0,0,0,0,42,46
"2379",0,0,0,0,0,0,0,0,0,0,0,0,0,0,0,0,0,0,0,0,0
"2380",1,9,1,2,1,1,1,1,1,1,6,1,1,1,0,6,1,1,1,8,1
"2381",2,9,2,5,1,9,1,2,1,1,0,0,3,6,1,1,3,2,1,9,4
"2382",3,15,13,5,2,9,2,5,1,6,1,0,1,0,0,6,1,1,2,26,5
"2383",4,16,19,17,4,15,13,5,2,4,6,6,4,6,0,6,6,2,1,33,19
"2384",5,16,23,27,4,16,19,17,4,4,0,0,3,4,6,4,6,2,1,37,29
"2385",6,20,23,30,4,16,23,27,4,3,4,0,3,0,0,4,3,1,1,41,32
"2386",7,20,25,34,4,20,23,30,4,1,2,4,1,4,0,2,4,2,1,43,36
"2387",8,20,1,39,21,20,25,34,4,1,0,0,5,6,1,1,5,2,1,19,96
"2388",9,20,2,39,29,20,1,39,21,6,1,0,6,0,0,1,6,2,2,20,104
"2389",10,22,2,39,32,20,2,39,29,2,3,5,3,5,0,2,3,1,2,22,107
"2390",11,27,2,39,37,22,2,39,32,5,0,0,5,1,3,5,5,1,2,27,112
"2391",12,27,2,39,37,27,2,39,37,1,3,0,NA,0,0,0,0,0,0,27,112
"2392",0,0,0,0,0,0,0,0,0,0,0,0,0,0,0,0,0,0,0,0,0
"2393",1,4,7,1,8,1,1,1,1,3,6,6,3,6,0,6,6,2,2,9,7
"2394",2,7,7,1,12,4,7,1,8,3,0,0,4,6,5,3,4,1,2,12,11
"2395",3,16,13,1,17,7,7,1,12,6,5,0,5,0,0,6,5,2,2,27,16
"2396",4,16,16,1,19,16,13,1,17,3,2,5,2,5,0,3,2,2,2,30,18
"2397",5,21,16,1,22,16,16,1,19,5,0,0,5,3,3,5,3,1,2,35,21
"2398",6,21,19,1,27,21,16,1,22,5,3,0,5,0,0,3,5,2,2,38,26
"2399",7,25,19,1,30,21,19,1,27,3,4,1,3,1,0,4,3,1,2,42,29
"2400",8,26,19,1,33,25,19,1,30,1,0,0,6,6,3,1,3,1,2,43,32
"2401",9,32,1,10,33,26,19,1,33,6,6,0,6,0,0,6,6,1,1,31,41
"2402",10,37,1,10,36,32,1,10,33,1,3,5,1,3,0,5,3,1,2,36,44
"2403",11,37,2,15,36,37,1,10,36,1,0,0,5,5,3,1,5,2,1,37,49
"2404",12,37,2,15,36,37,2,15,36,5,3,0,NA,0,0,0,0,0,0,37,49
"2405",0,0,0,0,0,0,0,0,0,0,0,0,0,0,0,0,0,0,0,0,0
"2406",1,1,6,5,1,1,1,1,1,2,4,5,2,4,0,5,4,2,1,5,4
"2407",2,3,6,5,6,1,6,5,1,2,0,0,5,5,2,2,5,1,2,7,9
"2408",3,8,6,5,8,3,6,5,6,5,2,0,2,0,0,5,2,1,2,12,11
"2409",4,8,10,5,11,8,6,5,8,4,1,3,1,3,0,4,3,2,2,16,14
"2410",5,8,11,5,23,8,10,5,11,1,0,0,2,5,6,1,6,2,2,17,26
"2411",6,8,16,5,25,8,11,5,23,2,5,0,2,0,0,5,2,2,2,22,28
"2412",7,8,21,17,27,8,16,5,25,5,6,5,6,5,0,5,6,2,1,27,42
"2413",8,8,26,17,32,8,21,17,27,5,0,0,5,2,1,5,5,2,2,32,47
"2414",9,10,26,17,33,8,26,17,32,2,1,0,1,0,0,2,1,1,2,34,48
"2415",10,15,28,17,6,10,26,17,33,5,4,5,4,5,0,5,5,1,2,41,21
"2416",11,15,32,21,6,15,28,17,6,4,0,0,4,1,3,4,4,2,1,45,25
"2417",12,15,32,21,6,15,32,21,6,1,3,0,NA,0,0,0,0,0,0,45,25
"2418",0,0,0,0,0,0,0,0,0,0,0,0,0,0,0,0,0,0,0,0,0
"2419",1,5,1,3,1,1,1,1,1,1,2,4,1,2,0,4,2,1,1,4,2
"2420",2,5,2,3,4,5,1,3,1,1,0,0,5,3,2,1,3,2,2,5,5
"2421",3,5,7,5,4,5,2,3,4,5,2,0,2,0,0,5,2,2,1,10,7
"2422",4,5,11,21,4,5,7,5,4,2,6,4,2,6,0,4,6,2,1,14,23
"2423",5,5,13,21,12,5,11,21,4,2,0,0,3,6,2,2,6,2,2,16,31
"2424",6,5,15,21,15,5,13,21,12,3,2,0,3,0,0,2,3,2,2,18,34
"2425",7,1,26,27,28,5,15,21,15,6,6,1,6,1,0,6,6,2,2,25,53
"2426",8,1,27,33,32,1,26,27,28,1,0,0,6,1,1,1,6,2,1,26,63
"2427",9,1,28,33,33,1,27,33,32,1,1,0,1,0,0,1,1,2,2,27,64
"2428",10,1,33,34,33,1,28,33,33,1,5,2,1,2,0,5,1,2,1,32,65
"2429",11,3,33,36,39,1,33,34,33,2,0,0,6,1,6,2,6,1,2,34,111
"2430",12,3,33,36,39,3,33,36,39,1,6,0,NA,0,0,0,0,0,0,34,111
"2431",0,0,0,0,0,0,0,0,0,0,0,0,0,0,0,0,0,0,0,0,0
"2432",1,6,1,1,4,1,1,1,1,3,5,3,3,3,0,5,3,1,2,5,3
"2433",2,9,1,12,4,6,1,1,4,3,0,0,6,2,6,3,6,1,1,8,14
"2434",3,16,1,14,4,9,1,12,4,2,6,0,2,0,0,6,2,1,1,15,16
"2435",4,18,1,14,9,16,1,14,4,2,5,2,5,2,0,2,5,1,2,17,21
"2436",5,20,1,18,9,18,1,14,9,2,0,0,4,1,5,2,4,1,1,19,25
"2437",6,25,1,18,10,20,1,18,9,1,5,0,1,0,0,5,1,1,2,24,26
"2438",7,25,5,18,14,25,1,18,10,1,4,4,1,4,0,4,4,2,2,28,30
"2439",8,26,5,22,14,25,5,18,14,1,0,0,4,2,1,1,4,1,1,29,34
"2440",9,28,1,24,14,26,5,22,14,2,1,0,1,0,0,2,1,1,1,27,36
"2441",10,32,5,33,1,28,1,24,14,1,6,4,1,6,0,4,6,1,1,35,32
"2442",11,32,6,33,5,32,5,33,1,1,0,0,4,4,3,1,4,2,2,36,36
"2443",12,32,6,33,5,32,6,33,5,4,3,0,NA,0,0,0,0,0,0,36,36
"2444",0,0,0,0,0,0,0,0,0,0,0,0,0,0,0,0,0,0,0,0,0
"2445",1,6,1,6,1,1,1,1,1,5,3,5,3,5,0,5,5,1,1,5,5
"2446",2,9,1,12,4,6,1,6,1,3,0,0,4,6,5,3,6,1,1,8,14
"2447",3,13,1,17,4,9,1,12,4,4,5,0,5,0,0,4,5,1,1,12,19
"2448",4,19,1,27,4,13,1,17,4,6,6,2,6,2,0,6,6,1,1,18,29
"2449",5,21,1,35,4,19,1,27,4,2,0,0,6,3,1,2,6,1,1,20,37
"2450",6,24,1,36,4,21,1,35,4,3,1,0,1,0,0,3,1,1,1,23,38
"2451",7,28,7,36,8,24,1,36,4,4,6,3,4,3,0,6,4,2,2,33,42
"2452",8,31,7,36,12,28,7,36,8,3,0,0,1,6,4,3,4,1,2,36,46
"2453",9,37,11,37,12,31,7,36,12,1,6,0,1,0,0,6,1,1,1,46,47
"2454",10,39,16,37,17,37,11,37,12,4,5,2,4,5,0,2,5,1,2,91,52
"2455",11,39,20,38,17,39,16,37,17,4,0,0,1,1,5,4,1,2,1,95,53
"2456",12,39,20,38,17,39,20,38,17,1,5,0,NA,0,0,0,0,0,0,95,53
"2457",0,0,0,0,0,0,0,0,0,0,0,0,0,0,0,0,0,0,0,0,0
"2458",1,3,7,3,1,1,1,1,1,2,4,6,2,4,0,6,2,2,1,8,2
"2459",2,7,7,5,1,3,7,3,1,4,0,0,2,2,1,4,2,1,1,12,4
"2460",3,9,7,5,2,7,7,5,1,2,1,0,1,0,0,2,1,1,2,14,5
"2461",4,9,8,10,2,9,7,5,2,1,5,3,5,3,0,1,5,2,1,15,10
"2462",5,12,8,14,2,9,8,10,2,3,0,0,5,2,4,3,4,1,1,18,14
"2463",6,17,8,14,4,12,8,14,2,5,2,0,2,0,0,5,2,1,2,23,16
"2464",7,17,13,14,8,17,8,14,4,5,3,4,3,4,0,5,4,2,2,28,20
"2465",8,17,16,18,8,17,13,14,8,3,0,0,1,5,4,3,4,2,1,31,24
"2466",9,22,16,19,8,17,16,18,8,1,5,0,1,0,0,5,1,1,1,36,25
"2467",10,22,19,24,8,22,16,19,8,5,2,3,5,2,0,3,5,2,1,39,30
"2468",11,22,21,27,8,22,19,24,8,2,0,0,3,1,2,2,3,2,1,41,33
"2469",12,22,21,27,8,22,21,27,8,1,2,0,NA,0,0,0,0,0,0,41,33
"2470",0,0,0,0,0,0,0,0,0,0,0,0,0,0,0,0,0,0,0,0,0
"2471",1,5,1,7,3,1,1,1,1,6,3,4,6,3,0,4,6,1,1,4,8
"2472",2,5,4,7,4,5,1,7,3,3,0,0,1,1,1,3,1,2,2,7,9
"2473",3,5,5,8,4,5,4,7,4,1,1,0,1,0,0,1,1,2,1,8,10
"2474",4,5,6,8,14,5,5,8,4,3,6,1,3,6,0,1,6,2,2,9,20
"2475",5,5,9,8,16,5,6,8,14,3,0,0,3,2,4,3,2,2,2,12,22
"2476",6,8,9,12,16,5,9,8,16,3,4,0,4,0,0,3,4,1,1,15,26
"2477",7,13,9,17,16,8,9,12,16,5,5,3,5,3,0,5,5,1,1,20,31
"2478",8,13,12,17,21,13,9,17,16,3,0,0,5,3,5,3,5,2,2,23,36
"2479",9,18,12,20,21,13,12,17,21,3,5,0,3,0,0,5,3,1,1,28,39
"2480",10,23,12,29,21,18,12,20,21,6,1,5,6,1,0,5,6,1,1,33,48
"2481",11,24,12,32,21,23,12,29,21,1,0,0,3,1,3,1,3,1,1,34,51
"2482",12,24,12,32,21,24,12,32,21,1,3,0,NA,0,0,0,0,0,0,34,51
"2483",0,0,0,0,0,0,0,0,0,0,0,0,0,0,0,0,0,0,0,0,0
"2484",1,3,1,6,1,1,1,1,1,2,1,5,1,5,0,2,5,1,1,2,5
"2485",2,4,1,8,1,3,1,6,1,1,0,0,3,3,2,1,2,1,1,3,7
"2486",3,4,4,8,4,4,1,8,1,3,3,0,3,0,0,3,3,2,2,6,10
"2487",4,4,8,14,6,4,4,8,4,1,4,6,1,6,0,4,6,2,1,10,18
"2488",5,4,9,14,16,4,8,14,6,1,0,0,6,5,6,1,6,2,2,11,28
"2489",6,1,14,20,26,4,9,14,16,5,6,0,6,0,0,5,6,2,1,13,44
"2490",7,12,14,6,1,1,14,20,26,5,1,6,5,6,0,1,5,1,1,24,5
"2491",8,17,20,6,5,12,14,6,1,6,0,0,6,6,4,6,4,2,2,35,9
"2492",9,17,1,6,12,17,20,6,5,6,6,0,6,0,0,6,6,2,2,16,16
"2493",10,20,1,10,12,17,1,6,12,4,3,2,4,2,0,3,4,1,1,19,20
"2494",11,22,1,15,12,20,1,10,12,2,0,0,1,5,4,2,5,1,1,21,25
"2495",12,22,1,15,12,22,1,15,12,1,4,0,NA,0,0,0,0,0,0,21,25
"2496",0,0,0,0,0,0,0,0,0,0,0,0,0,0,0,0,0,0,0,0,0
"2497",1,1,4,1,2,1,1,1,1,3,1,1,1,1,0,3,1,2,2,3,1
"2498",2,1,5,4,2,1,4,1,2,1,0,0,1,3,2,1,3,2,1,4,4
"2499",3,2,5,4,4,1,5,4,2,1,2,0,2,0,0,1,2,1,2,5,6
"2500",4,6,5,5,4,2,5,4,4,4,1,1,1,1,0,4,1,1,1,9,7
"2501",5,7,5,10,4,6,5,5,4,1,0,0,5,6,3,1,5,1,1,10,12
"2502",6,13,10,13,4,7,5,10,4,6,3,0,3,0,0,6,3,1,1,21,15
"2503",7,15,10,16,4,13,10,13,4,2,3,1,3,1,0,2,3,1,1,23,18
"2504",8,15,11,21,4,15,10,16,4,1,0,0,5,4,5,1,5,2,1,24,23
"2505",9,20,11,25,4,15,11,21,4,4,5,0,4,0,0,5,4,1,1,29,27
"2506",10,31,11,30,4,20,11,25,4,3,5,6,3,5,0,6,5,1,1,40,32
"2507",11,34,11,34,4,31,11,30,4,3,0,0,3,4,6,3,4,1,1,43,36
"2508",12,34,11,34,4,34,11,34,4,3,6,0,NA,0,0,0,0,0,0,43,36
"2509",0,0,0,0,0,0,0,0,0,0,0,0,0,0,0,0,0,0,0,0,0
"2510",1,6,1,1,6,1,1,1,1,5,1,5,1,5,0,5,5,1,2,5,5
"2511",2,7,1,4,6,6,1,1,6,1,0,0,1,2,3,1,3,1,1,6,8
"2512",3,9,1,4,7,7,1,4,6,1,2,0,1,0,0,2,1,1,2,8,9
"2513",4,9,4,4,15,9,1,4,7,6,3,3,6,3,0,3,6,2,2,11,17
"2514",5,12,4,8,15,9,4,4,15,3,0,0,1,4,2,3,4,1,1,14,21
"2515",6,12,5,10,15,12,4,8,15,1,2,0,2,0,0,1,2,2,1,15,23
"2516",7,21,11,12,15,12,5,10,15,6,2,3,2,3,0,6,2,2,1,30,25
"2517",8,21,14,16,15,21,11,12,15,3,0,0,1,2,4,3,4,2,1,33,29
"2518",9,21,16,17,15,21,14,16,15,1,2,0,1,0,0,2,1,2,1,35,30
"2519",10,26,16,22,15,21,16,17,15,5,5,2,5,2,0,5,5,1,1,40,35
"2520",11,28,16,32,15,26,16,22,15,2,0,0,6,6,3,2,6,1,1,42,45
"2521",12,28,16,32,15,28,16,32,15,6,3,0,NA,0,0,0,0,0,0,42,45
"2522",0,0,0,0,0,0,0,0,0,0,0,0,0,0,0,0,0,0,0,0,0
"2523",1,1,5,1,12,1,1,1,1,4,1,6,1,6,0,4,6,2,2,4,11
"2524",2,2,5,6,12,1,5,1,12,1,0,0,1,4,5,1,5,1,1,5,16
"2525",3,2,9,7,12,2,5,6,12,1,4,0,1,0,0,4,1,2,1,9,17
"2526",4,3,9,16,12,2,9,7,12,1,6,3,6,3,0,1,6,1,1,10,26
"2527",5,3,12,16,17,3,9,16,12,3,0,0,5,2,3,3,5,2,2,13,31
"2528",6,3,14,16,20,3,12,16,17,2,3,0,3,0,0,2,3,2,2,15,34
"2529",7,3,16,17,20,3,14,16,20,1,2,2,1,2,0,2,1,2,1,17,35
"2530",8,3,18,17,22,3,16,17,20,2,0,0,2,6,3,2,2,2,2,19,37
"2531",9,3,29,17,25,3,18,17,22,6,3,0,3,0,0,6,3,2,2,30,40
"2532",10,5,29,17,30,3,29,17,25,5,2,2,5,2,0,2,5,1,2,32,45
"2533",11,7,29,28,36,5,29,17,30,2,0,0,4,6,4,2,6,1,1,34,62
"2534",12,7,29,28,36,7,29,28,36,4,4,0,NA,0,0,0,0,0,0,34,62
"2535",0,0,0,0,0,0,0,0,0,0,0,0,0,0,0,0,0,0,0,0,0
"2536",1,7,4,1,4,1,1,1,1,2,3,6,2,3,0,6,3,1,2,9,3
"2537",2,7,6,5,4,7,4,1,4,2,0,0,3,2,4,2,4,2,1,11,7
"2538",3,7,9,5,6,7,6,5,4,3,2,0,2,0,0,3,2,2,2,14,9
"2539",4,10,9,5,8,7,9,5,6,1,3,2,1,2,0,3,2,1,2,17,11
"2540",5,11,9,14,8,10,9,5,8,1,0,0,6,2,6,1,6,1,1,18,20
"2541",6,17,14,16,8,11,9,14,8,2,6,0,2,0,0,6,2,1,1,29,22
"2542",7,18,14,16,12,17,14,16,8,4,1,1,4,1,0,1,4,1,2,30,26
"2543",8,19,14,19,12,18,14,16,12,1,0,0,6,1,3,1,3,1,1,31,29
"2544",9,36,22,19,2,19,14,19,12,6,1,0,1,0,0,6,1,1,2,56,19
"2545",10,36,26,21,2,36,22,19,2,1,4,2,1,2,0,4,2,2,1,60,21
"2546",11,37,1,24,8,36,26,21,2,1,0,0,6,4,6,1,6,1,2,36,30
"2547",12,37,1,24,8,37,1,24,8,4,6,0,NA,0,0,0,0,0,0,36,30
"2548",0,0,0,0,0,0,0,0,0,0,0,0,0,0,0,0,0,0,0,0,0
"2549",1,3,1,5,1,1,1,1,1,2,2,4,2,4,0,2,4,1,1,2,4
"2550",2,3,3,9,1,3,1,5,1,2,0,0,4,1,2,2,4,2,1,4,8
"2551",3,5,3,10,1,3,3,9,1,1,2,0,1,0,0,2,1,1,1,6,9
"2552",4,9,3,13,1,5,3,10,1,4,4,3,4,3,0,4,3,1,1,10,12
"2553",5,13,3,13,5,9,3,13,1,4,0,0,2,4,1,4,4,1,2,14,16
"2554",6,15,3,13,6,13,3,13,5,2,1,0,1,0,0,2,1,1,2,16,17
"2555",7,21,6,13,11,15,3,13,6,5,3,6,5,3,0,6,5,1,2,25,22
"2556",8,24,6,19,20,21,6,13,11,3,0,0,6,6,2,3,6,1,1,28,37
"2557",9,35,6,19,22,24,6,19,20,6,2,0,2,0,0,6,2,1,2,39,39
"2558",10,35,14,22,22,35,6,19,22,6,3,2,3,2,0,6,3,2,1,47,42
"2559",11,37,14,26,22,35,14,22,22,2,0,0,6,4,3,2,4,1,1,49,46
"2560",12,37,14,26,22,37,14,26,22,6,3,0,NA,0,0,0,0,0,0,49,46
"2561",0,0,0,0,0,0,0,0,0,0,0,0,0,0,0,0,0,0,0,0,0
"2562",1,9,1,4,1,1,1,1,1,6,3,2,3,2,0,6,3,1,1,8,3
"2563",2,11,1,6,1,9,1,4,1,2,0,0,1,2,1,2,2,1,1,10,5
"2564",3,11,2,7,1,11,1,6,1,1,1,0,1,0,0,1,1,2,1,11,6
"2565",4,15,8,9,1,11,2,7,1,6,3,2,3,2,0,6,2,2,1,21,8
"2566",5,15,11,13,1,15,8,9,1,3,0,0,1,4,3,3,4,2,1,24,12
"2567",6,15,14,13,2,15,11,13,1,1,3,0,1,0,0,3,1,2,2,27,13
"2568",7,15,17,18,2,15,14,13,2,6,3,5,6,5,0,3,5,2,1,30,18
"2569",8,15,26,18,6,15,17,18,2,6,0,0,1,4,1,6,4,2,2,39,22
"2570",9,16,26,18,7,15,26,18,6,1,1,0,1,0,0,1,1,1,2,40,23
"2571",10,18,26,22,7,16,26,18,7,2,3,4,3,4,0,2,4,1,1,42,27
"2572",11,21,1,22,11,18,26,22,7,3,0,0,6,1,6,3,1,1,2,20,31
"2573",12,21,1,22,11,21,1,22,11,6,6,0,NA,0,0,0,0,0,0,20,31
"2574",0,0,0,0,0,0,0,0,0,0,0,0,0,0,0,0,0,0,0,0,0
"2575",1,11,1,4,1,1,1,1,1,3,6,1,3,1,0,6,3,1,1,10,3
"2576",2,11,2,4,5,11,1,4,1,1,0,0,5,4,1,1,4,2,2,11,7
"2577",3,11,7,5,5,11,2,4,5,5,1,0,1,0,0,5,1,2,1,16,8
"2578",4,11,12,5,10,11,7,5,5,5,5,1,5,1,0,5,5,2,2,21,13
"2579",5,12,12,5,15,11,12,5,10,1,0,0,5,2,2,1,5,1,2,22,18
"2580",6,14,12,7,15,12,12,5,15,2,2,0,2,0,0,2,2,1,1,24,20
"2581",7,19,12,7,18,14,12,7,15,5,3,2,3,2,0,5,3,1,2,29,23
"2582",8,19,14,13,21,19,12,7,18,2,0,0,3,6,6,2,6,2,1,31,32
"2583",9,19,22,16,21,19,14,13,21,3,6,0,3,0,0,6,3,2,1,39,35
"2584",10,24,22,16,22,19,22,16,21,5,1,1,1,1,0,5,1,1,2,44,36
"2585",11,25,22,20,22,24,22,16,22,1,0,0,6,4,2,1,4,1,1,45,40
"2586",12,25,22,20,22,25,22,20,22,6,2,0,NA,0,0,0,0,0,0,45,40
"2587",0,0,0,0,0,0,0,0,0,0,0,0,0,0,0,0,0,0,0,0,0
"2588",1,11,7,3,1,1,1,1,1,2,6,3,2,3,0,6,2,2,1,16,2
"2589",2,11,10,3,2,11,7,3,1,3,0,0,1,1,3,3,1,2,2,19,3
"2590",3,12,10,3,5,11,10,3,2,1,3,0,3,0,0,1,3,1,2,20,6
"2591",4,12,13,3,8,12,10,3,5,1,3,3,1,3,0,3,3,2,2,23,9
"2592",5,12,14,7,14,12,13,3,8,1,0,0,6,4,2,1,6,2,2,24,19
"2593",6,12,16,11,14,12,14,7,14,4,2,0,4,0,0,2,4,2,1,26,23
"2594",7,12,20,11,18,12,16,11,14,4,3,4,3,4,0,4,4,2,2,30,27
"2595",8,12,23,11,23,12,20,11,18,3,0,0,4,3,5,3,5,2,2,33,32
"2596",9,12,27,11,26,12,23,11,23,4,3,0,3,0,0,4,3,2,2,37,35
"2597",10,17,27,11,30,12,27,11,26,5,4,4,4,4,0,5,4,1,2,42,39
"2598",11,21,27,11,33,17,27,11,30,4,0,0,3,1,3,4,3,1,2,46,42
"2599",12,21,27,11,33,21,27,11,33,1,3,0,NA,0,0,0,0,0,0,46,42
"2600",0,0,0,0,0,0,0,0,0,0,0,0,0,0,0,0,0,0,0,0,0
"2601",1,1,9,6,1,1,1,1,1,6,5,3,5,3,0,6,5,2,1,8,5
"2602",2,4,9,6,5,1,9,6,1,3,0,0,4,2,4,3,4,1,2,11,9
"2603",3,8,9,8,5,4,9,6,5,2,4,0,2,0,0,4,2,1,1,15,11
"2604",4,8,13,8,6,8,9,8,5,1,4,1,1,1,0,4,1,2,2,19,12
"2605",5,9,13,8,11,8,13,8,6,1,0,0,1,2,5,1,5,1,2,20,17
"2606",6,11,13,9,11,9,13,8,11,1,2,0,1,0,0,2,1,1,1,22,18
"2607",7,11,18,9,15,11,13,9,11,4,5,4,4,4,0,5,4,2,2,27,22
"2608",8,15,18,9,26,11,18,9,15,4,0,0,6,4,4,4,6,1,2,31,33
"2609",9,15,22,9,30,15,18,9,26,4,4,0,4,0,0,4,4,2,2,35,37
"2610",10,28,22,5,36,15,22,9,30,6,1,6,1,6,0,6,6,1,2,48,39
"2611",11,1,22,12,36,28,22,5,36,1,0,0,1,6,2,1,6,1,1,21,46
"2612",12,1,22,12,36,1,22,12,36,1,2,0,NA,0,0,0,0,0,0,21,46
"2613",0,0,0,0,0,0,0,0,0,0,0,0,0,0,0,0,0,0,0,0,0
"2614",1,1,5,1,6,1,1,1,1,4,3,5,3,5,0,4,5,2,2,4,5
"2615",2,1,8,1,9,1,5,1,6,3,0,0,3,3,3,3,3,2,2,7,8
"2616",3,1,11,1,12,1,8,1,9,3,3,0,3,0,0,3,3,2,2,10,11
"2617",4,4,17,3,18,1,11,1,12,3,6,6,3,6,0,6,6,2,2,19,19
"2618",5,4,20,5,18,4,17,3,18,3,0,0,6,6,2,3,2,2,1,22,21
"2619",6,4,31,5,28,4,20,5,18,6,6,0,6,0,0,6,6,2,2,33,31
"2620",7,10,35,5,5,4,31,5,28,6,5,4,5,4,0,6,4,1,2,43,8
"2621",8,15,35,5,8,10,35,5,5,5,0,0,5,2,3,5,3,1,2,48,11
"2622",9,17,35,10,8,15,35,5,8,5,2,0,5,0,0,2,5,1,1,50,16
"2623",10,18,39,13,8,17,35,10,8,4,3,6,3,6,0,4,3,2,1,93,19
"2624",11,29,39,16,8,18,39,13,8,6,0,0,3,4,5,6,3,1,1,104,22
"2625",12,29,39,16,8,29,39,16,8,4,5,0,NA,0,0,0,0,0,0,104,22
"2626",0,0,0,0,0,0,0,0,0,0,0,0,0,0,0,0,0,0,0,0,0
"2627",1,5,1,10,1,1,1,1,1,1,4,6,1,6,0,4,6,1,1,4,9
"2628",2,6,1,10,5,5,1,10,1,1,0,0,2,5,4,1,4,1,2,5,13
"2629",3,6,6,10,7,6,1,10,5,2,5,0,2,0,0,5,2,2,2,10,15
"2630",4,6,11,10,11,6,6,10,7,4,5,2,4,2,0,5,4,2,2,15,19
"2631",5,8,11,10,16,6,11,10,11,2,0,0,1,1,5,2,5,1,2,17,24
"2632",6,8,12,10,17,8,11,10,16,1,1,0,1,0,0,1,1,2,2,18,25
"2633",7,1,12,10,29,8,12,10,17,3,6,2,3,6,0,2,6,1,2,11,37
"2634",8,4,12,10,34,1,12,10,29,3,0,0,5,3,3,3,5,1,2,14,42
"2635",9,7,12,10,37,4,12,10,34,3,3,0,3,0,0,3,3,1,2,17,45
"2636",10,10,12,13,37,7,12,10,37,3,3,3,3,3,0,3,3,1,1,20,48
"2637",11,13,12,14,37,10,12,13,37,3,0,0,1,3,2,3,1,1,1,23,49
"2638",12,13,12,14,37,13,12,14,37,3,2,0,NA,0,0,0,0,0,0,23,49
"2639",0,0,0,0,0,0,0,0,0,0,0,0,0,0,0,0,0,0,0,0,0
"2640",1,6,1,1,4,1,1,1,1,5,1,3,1,3,0,5,3,1,2,5,3
"2641",2,6,2,4,4,6,1,1,4,1,0,0,3,1,2,1,3,2,1,6,6
"2642",3,6,4,4,5,6,2,4,4,1,2,0,1,0,0,2,1,2,2,8,7
"2643",4,6,5,4,8,6,4,4,5,1,1,3,1,3,0,1,3,2,2,9,10
"2644",5,7,5,4,13,6,5,4,8,1,0,0,1,3,5,1,5,1,2,10,15
"2645",6,10,5,5,13,7,5,4,13,1,3,0,1,0,0,3,1,1,1,13,16
"2646",7,12,5,10,13,10,5,5,13,2,5,2,5,2,0,2,5,1,1,15,21
"2647",8,12,7,22,18,12,5,10,13,2,0,0,1,6,1,2,6,2,1,17,38
"2648",9,13,7,22,19,12,7,22,18,1,1,0,1,0,0,1,1,1,2,18,39
"2649",10,13,8,22,22,13,7,22,19,3,1,3,3,3,0,1,3,2,2,19,42
"2650",11,16,1,31,22,13,8,22,22,3,0,0,4,2,2,3,4,1,1,15,51
"2651",12,16,1,31,22,16,1,31,22,2,2,0,NA,0,0,0,0,0,0,15,51
"2652",0,0,0,0,0,0,0,0,0,0,0,0,0,0,0,0,0,0,0,0,0
"2653",1,1,2,10,1,1,1,1,1,6,1,3,6,3,0,1,6,2,1,1,9
"2654",2,4,2,10,5,1,2,10,1,3,0,0,4,1,3,3,4,1,2,4,13
"2655",3,7,2,11,5,4,2,10,5,1,3,0,1,0,0,3,1,1,1,7,14
"2656",4,12,2,13,5,7,2,11,5,1,2,5,1,2,0,5,2,1,1,12,16
"2657",5,13,2,13,9,12,2,13,5,1,0,0,4,4,3,1,4,1,2,13,20
"2658",6,17,2,13,12,13,2,13,9,4,3,0,3,0,0,4,3,1,2,17,23
"2659",7,19,2,14,12,17,2,13,12,1,2,1,1,1,0,2,1,1,1,19,24
"2660",8,20,2,19,18,19,2,14,12,1,0,0,1,2,6,1,6,1,2,20,35
"2661",9,21,1,21,20,20,2,19,18,1,2,0,2,0,0,1,2,1,2,20,39
"2662",10,27,6,21,11,21,1,21,20,6,3,1,6,3,0,1,6,2,2,31,30
"2663",11,27,1,32,11,27,6,21,11,3,0,0,4,6,2,3,6,2,1,26,41
"2664",12,27,1,32,11,27,1,32,11,4,2,0,NA,0,0,0,0,0,0,26,41
"2665",0,0,0,0,0,0,0,0,0,0,0,0,0,0,0,0,0,0,0,0,0
"2666",1,13,5,1,5,1,1,1,1,4,6,4,4,4,0,6,4,1,2,16,4
"2667",2,13,9,1,14,13,5,1,5,4,0,0,6,2,6,4,6,2,2,20,13
"2668",3,17,15,1,16,13,9,1,14,2,6,0,2,0,0,6,2,2,2,30,15
"2669",4,17,18,1,19,17,15,1,16,3,3,4,3,4,0,3,3,2,2,33,18
"2670",5,1,18,8,37,17,18,1,19,4,0,0,1,3,6,4,6,1,2,17,43
"2671",6,1,21,8,38,1,18,8,37,1,3,0,1,0,0,3,1,2,2,20,44
"2672",7,4,27,12,38,1,21,8,38,6,3,4,3,4,0,6,4,2,1,29,48
"2673",8,5,30,6,38,4,27,12,38,3,0,0,5,2,5,3,5,2,1,33,42
"2674",9,5,35,8,38,5,30,6,38,2,5,0,2,0,0,5,2,2,1,38,44
"2675",10,14,39,11,38,5,35,8,38,4,3,4,3,4,0,4,3,2,1,89,47
"2676",11,18,39,14,39,14,39,11,38,4,0,0,6,2,1,4,1,1,2,93,89
"2677",12,18,39,14,39,18,39,14,39,6,2,0,NA,0,0,0,0,0,0,93,89
"2678",0,0,0,0,0,0,0,0,0,0,0,0,0,0,0,0,0,0,0,0,0
"2679",1,10,1,1,11,1,1,1,1,6,5,6,5,6,0,6,6,1,2,9,10
"2680",2,15,1,1,14,10,1,1,11,5,0,0,3,6,2,5,3,1,2,14,13
"2681",3,17,7,3,14,15,1,1,14,6,2,0,2,0,0,6,2,2,1,22,15
"2682",4,17,19,4,14,17,7,3,14,6,1,1,1,1,0,6,1,2,1,34,16
"2683",5,18,19,4,22,17,19,4,14,1,0,0,6,6,4,1,6,1,2,35,24
"2684",6,21,31,4,26,18,19,4,22,6,4,0,4,0,0,6,4,2,2,50,28
"2685",7,21,32,4,27,21,31,4,26,1,1,1,1,1,0,1,1,2,2,51,29
"2686",8,21,33,7,33,21,32,4,27,1,0,0,6,6,4,1,6,2,2,52,38
"2687",9,22,39,11,33,21,33,7,33,6,4,0,4,0,0,6,4,2,1,97,42
"2688",10,1,39,14,35,22,39,11,33,4,6,3,4,3,0,6,3,1,1,76,47
"2689",11,5,39,14,37,1,39,14,35,4,0,0,2,3,2,4,2,1,2,80,49
"2690",12,5,39,14,37,5,39,14,37,3,2,0,NA,0,0,0,0,0,0,80,49
"2691",0,0,0,0,0,0,0,0,0,0,0,0,0,0,0,0,0,0,0,0,0
"2692",1,1,4,3,1,1,1,1,1,3,2,1,2,1,0,3,2,2,1,3,2
"2693",2,1,5,9,4,1,4,3,1,1,0,0,6,3,1,1,6,2,1,4,11
"2694",3,2,5,9,7,1,5,9,4,3,1,0,3,0,0,1,3,1,2,5,14
"2695",4,4,11,14,7,2,5,9,7,5,3,6,5,3,0,6,5,2,1,13,19
"2696",5,4,14,14,15,4,11,14,7,3,0,0,4,6,1,3,6,2,2,16,27
"2697",6,4,18,15,15,4,14,14,15,4,1,0,1,0,0,4,1,2,1,20,28
"2698",7,4,19,18,15,4,18,15,15,1,1,3,1,3,0,1,3,2,1,21,31
"2699",8,4,20,18,25,4,19,18,15,1,0,0,3,3,6,1,6,2,2,22,41
"2700",9,7,23,18,4,4,20,18,25,3,3,0,3,0,0,3,3,1,2,28,20
"2701",10,7,32,21,4,7,23,18,4,6,3,1,3,1,0,6,3,2,1,37,23
"2702",11,8,32,24,4,7,32,21,4,1,0,0,3,4,3,1,3,1,1,38,26
"2703",12,8,32,24,4,8,32,24,4,4,3,0,NA,0,0,0,0,0,0,38,26
"2704",0,0,0,0,0,0,0,0,0,0,0,0,0,0,0,0,0,0,0,0,0
"2705",1,6,1,1,12,1,1,1,1,5,6,4,6,4,0,5,6,1,2,5,11
"2706",2,10,1,1,16,6,1,1,12,4,0,0,4,2,3,4,4,1,2,9,15
"2707",3,13,1,3,16,10,1,1,16,2,3,0,2,0,0,3,2,1,1,12,17
"2708",4,18,1,3,20,13,1,3,16,3,4,5,3,4,0,5,4,1,2,17,21
"2709",5,26,1,1,24,18,1,3,20,3,0,0,4,2,1,3,4,1,2,25,23
"2710",6,26,3,2,24,26,1,1,24,2,1,0,1,0,0,2,1,2,1,27,24
"2711",7,32,5,2,29,26,3,2,24,1,5,6,1,5,0,6,5,1,2,35,29
"2712",8,33,5,2,33,32,5,2,29,1,0,0,4,4,4,1,4,1,2,36,33
"2713",9,33,9,6,33,33,5,2,33,4,4,0,4,0,0,4,4,2,1,40,37
"2714",10,39,18,10,1,33,9,6,33,4,3,6,4,3,0,6,4,2,1,93,9
"2715",11,39,21,11,1,39,18,10,1,3,0,0,1,5,4,3,1,2,1,96,10
"2716",12,39,21,11,1,39,21,11,1,5,4,0,NA,0,0,0,0,0,0,96,10
"2717",0,0,0,0,0,0,0,0,0,0,0,0,0,0,0,0,0,0,0,0,0
"2718",1,6,7,3,1,1,1,1,1,6,2,2,2,2,0,6,2,2,1,11,2
"2719",2,8,7,11,1,6,7,3,1,2,0,0,6,2,3,2,6,1,1,13,10
"2720",3,8,10,11,3,8,7,11,1,2,3,0,2,0,0,3,2,2,2,16,12
"2721",4,8,13,15,3,8,10,11,3,3,4,2,4,2,0,3,4,2,1,19,16
"2722",5,8,15,18,3,8,13,15,3,2,0,0,1,2,3,2,3,2,1,21,19
"2723",6,8,17,18,4,8,15,18,3,1,2,0,1,0,0,2,1,2,2,23,20
"2724",7,13,17,21,4,8,17,18,4,5,4,3,4,3,0,5,3,1,1,28,23
"2725",8,17,17,26,4,13,17,21,4,4,0,0,4,6,5,4,5,1,1,32,28
"2726",9,27,17,30,4,17,17,26,4,4,6,0,4,0,0,6,4,1,1,42,32
"2727",10,32,17,33,4,27,17,30,4,2,3,5,2,3,0,5,3,1,1,47,35
"2728",11,34,1,38,4,32,17,33,4,2,0,0,4,2,6,2,2,1,1,33,40
"2729",12,34,1,38,4,34,1,38,4,4,6,0,NA,0,0,0,0,0,0,33,40
"2730",0,0,0,0,0,0,0,0,0,0,0,0,0,0,0,0,0,0,0,0,0
"2731",1,12,1,4,1,1,1,1,1,3,2,6,3,2,0,6,3,1,1,11,3
"2732",2,12,3,9,1,12,1,4,1,2,0,0,1,5,5,2,5,2,1,13,8
"2733",3,12,8,9,2,12,3,9,1,1,5,0,1,0,0,5,1,2,2,18,9
"2734",4,15,8,13,2,12,8,9,2,4,3,3,4,3,0,3,4,1,1,21,13
"2735",5,15,11,17,8,15,8,13,2,3,0,0,2,6,2,3,6,2,2,24,23
"2736",6,15,13,19,8,15,11,17,8,2,2,0,2,0,0,2,2,2,1,26,25
"2737",7,21,17,19,10,15,13,19,8,2,6,3,2,3,0,6,2,1,2,36,27
"2738",8,21,20,24,10,21,17,19,10,3,0,0,5,4,4,3,5,2,1,39,32
"2739",9,25,20,28,10,21,20,24,10,4,4,0,4,0,0,4,4,1,1,43,36
"2740",10,27,26,39,14,25,20,28,10,6,6,5,6,5,0,6,6,2,1,51,89
"2741",11,32,27,39,5,27,26,39,14,5,0,0,5,3,4,5,4,1,2,57,80
"2742",12,32,27,39,5,32,27,39,5,5,3,0,NA,0,0,0,0,0,0,57,80
"2743",0,0,0,0,0,0,0,0,0,0,0,0,0,0,0,0,0,0,0,0,0
"2744",1,3,1,3,1,1,1,1,1,1,2,2,1,2,0,2,2,1,1,2,2
"2745",2,4,1,3,6,3,1,3,1,1,0,0,1,5,1,1,5,1,2,3,7
"2746",3,5,1,3,7,4,1,3,6,1,1,0,1,0,0,1,1,1,2,4,8
"2747",4,11,6,3,10,5,1,3,7,6,2,3,2,3,0,6,3,1,2,15,11
"2748",5,13,6,3,15,11,6,3,10,2,0,0,2,5,1,2,5,1,2,17,16
"2749",6,13,8,3,16,13,6,3,15,2,1,0,1,0,0,2,1,2,2,19,17
"2750",7,19,12,3,19,13,8,3,16,1,3,6,1,3,0,6,3,1,2,29,20
"2751",8,20,12,3,24,19,12,3,19,1,0,0,5,2,5,1,5,1,2,30,25
"2752",9,25,12,3,26,20,12,3,24,2,5,0,2,0,0,5,2,1,2,35,27
"2753",10,25,16,8,26,25,12,3,26,5,5,4,5,5,0,4,5,2,1,39,32
"2754",11,25,21,8,29,25,16,8,26,5,0,0,2,3,3,5,3,2,2,44,35
"2755",12,25,21,8,29,25,21,8,29,2,3,0,NA,0,0,0,0,0,0,44,35
"2756",0,0,0,0,0,0,0,0,0,0,0,0,0,0,0,0,0,0,0,0,0
"2757",1,1,11,6,1,1,1,1,1,2,6,5,2,5,0,6,5,2,1,10,5
"2758",2,3,11,11,1,1,11,6,1,2,0,0,5,2,5,2,5,1,1,12,10
"2759",3,3,16,13,1,3,11,11,1,2,5,0,2,0,0,5,2,2,1,17,12
"2760",4,3,20,17,1,3,16,13,1,4,3,4,3,4,0,4,4,2,1,21,16
"2761",5,3,23,17,2,3,20,17,1,3,0,0,5,5,1,3,1,2,2,24,17
"2762",6,3,28,17,7,3,23,17,2,5,5,0,5,0,0,5,5,2,2,29,22
"2763",7,3,33,17,10,3,28,17,7,5,3,4,3,4,0,5,3,2,2,34,25
"2764",8,3,37,17,12,3,33,17,10,4,0,0,5,1,2,4,2,2,2,38,27
"2765",9,8,37,17,13,3,37,17,12,5,1,0,1,0,0,5,1,1,2,43,28
"2766",10,18,37,22,13,8,37,17,13,6,5,4,5,4,0,6,5,1,1,53,33
"2767",11,22,37,25,13,18,37,22,13,4,0,0,3,4,5,4,3,1,1,57,36
"2768",12,22,37,25,13,22,37,25,13,4,5,0,NA,0,0,0,0,0,0,57,36
"2769",0,0,0,0,0,0,0,0,0,0,0,0,0,0,0,0,0,0,0,0,0
"2770",1,1,4,6,1,1,1,1,1,3,5,2,5,2,0,3,5,2,1,3,5
"2771",2,3,4,10,1,1,4,6,1,2,0,0,4,2,1,2,4,1,1,5,9
"2772",3,5,4,11,1,3,4,10,1,2,1,0,1,0,0,2,1,1,1,7,10
"2773",4,9,4,17,6,5,4,11,1,6,4,3,6,3,0,4,6,1,1,11,21
"2774",5,12,4,17,10,9,4,17,6,3,0,0,4,2,4,3,4,1,2,14,25
"2775",6,12,8,17,12,12,4,17,10,2,4,0,2,0,0,4,2,2,2,18,27
"2776",7,12,10,17,13,12,8,17,12,2,1,2,1,2,0,2,1,2,2,20,28
"2777",8,14,10,22,13,12,10,17,13,2,0,0,5,3,1,2,5,1,1,22,33
"2778",9,17,10,23,13,14,10,22,13,3,1,0,1,0,0,3,1,1,1,25,34
"2779",10,17,15,25,19,17,10,23,13,3,6,5,3,6,0,5,6,2,2,30,42
"2780",11,20,15,29,19,17,15,25,19,3,0,0,4,5,4,3,4,1,1,33,46
"2781",12,20,15,29,19,20,15,29,19,5,4,0,NA,0,0,0,0,0,0,33,46
"2782",0,0,0,0,0,0,0,0,0,0,0,0,0,0,0,0,0,0,0,0,0
"2783",1,3,1,6,1,1,1,1,1,1,5,2,1,5,0,2,5,1,1,2,5
"2784",2,3,2,6,10,3,1,6,1,1,0,0,6,1,5,1,6,2,2,3,14
"2785",3,3,7,7,10,3,2,6,10,1,5,0,1,0,0,5,1,2,1,8,15
"2786",4,3,12,10,10,3,7,7,10,3,5,1,3,1,0,5,3,2,1,13,18
"2787",5,3,13,16,14,3,12,10,10,1,0,0,2,4,6,1,6,2,1,14,28
"2788",6,7,13,16,16,3,13,16,14,2,4,0,2,0,0,4,2,1,2,18,30
"2789",7,7,17,21,16,7,13,16,16,4,3,5,3,5,0,4,5,2,1,22,35
"2790",8,7,20,21,24,7,17,21,16,3,0,0,2,2,6,3,6,2,2,25,43
"2791",9,7,22,23,24,7,20,21,24,2,2,0,2,0,0,2,2,2,1,27,45
"2792",10,7,24,24,24,7,22,23,24,2,1,3,1,3,0,2,1,2,1,29,46
"2793",11,10,24,31,24,7,24,24,24,3,0,0,6,3,3,3,6,1,1,32,53
"2794",12,10,24,31,24,10,24,31,24,3,3,0,NA,0,0,0,0,0,0,32,53
"2795",0,0,0,0,0,0,0,0,0,0,0,0,0,0,0,0,0,0,0,0,0
"2796",1,6,1,1,5,1,1,1,1,3,4,5,3,4,0,5,4,1,2,5,4
"2797",2,9,1,1,9,6,1,1,5,3,0,0,2,4,4,3,4,1,2,8,8
"2798",3,13,1,3,9,9,1,1,9,2,4,0,2,0,0,4,2,1,1,12,10
"2799",4,16,1,5,9,13,1,3,9,2,3,2,2,2,0,3,2,1,1,15,12
"2800",5,16,3,5,17,16,1,5,9,2,0,0,3,6,3,2,6,2,2,17,20
"2801",6,19,3,8,17,16,3,5,17,3,3,0,3,0,0,3,3,1,1,20,23
"2802",7,22,9,13,23,19,3,8,17,1,6,6,1,6,0,6,6,2,2,29,34
"2803",8,23,9,16,23,22,9,13,23,1,0,0,3,2,3,1,3,1,1,30,37
"2804",9,26,9,18,23,23,9,16,23,2,3,0,2,0,0,3,2,1,1,33,39
"2805",10,31,9,26,23,26,9,18,23,2,5,6,2,6,0,5,6,1,1,38,47
"2806",11,33,9,35,23,31,9,26,23,2,0,0,1,6,3,2,6,1,1,40,56
"2807",12,33,9,35,23,33,9,35,23,1,3,0,NA,0,0,0,0,0,0,40,56
"2808",0,0,0,0,0,0,0,0,0,0,0,0,0,0,0,0,0,0,0,0,0
"2809",1,5,1,4,1,1,1,1,1,3,4,1,3,1,0,4,3,1,1,4,3
"2810",2,6,1,9,1,5,1,4,1,1,0,0,6,5,5,1,5,1,1,5,8
"2811",3,12,10,14,1,6,1,9,1,6,5,0,5,0,0,6,5,1,1,20,13
"2812",4,12,13,17,1,12,10,14,1,1,3,3,1,3,0,3,3,2,1,23,16
"2813",5,12,14,23,5,12,13,17,1,1,0,0,3,6,6,1,6,2,1,24,26
"2814",6,19,14,23,8,12,14,23,5,3,6,0,3,0,0,6,3,1,2,31,29
"2815",7,19,17,27,8,19,14,23,8,4,3,1,4,1,0,3,4,2,1,34,33
"2816",8,19,18,33,13,19,17,27,8,1,0,0,6,1,6,1,6,2,1,35,44
"2817",9,26,18,33,14,19,18,33,13,1,6,0,1,0,0,6,1,1,2,42,45
"2818",10,33,18,38,1,26,18,33,14,5,6,2,5,2,0,6,5,1,1,49,37
"2819",11,33,20,38,5,33,18,38,1,2,0,0,4,5,2,2,4,2,2,51,41
"2820",12,33,20,38,5,33,20,38,5,5,2,0,NA,0,0,0,0,0,0,51,41
"2821",0,0,0,0,0,0,0,0,0,0,0,0,0,0,0,0,0,0,0,0,0
"2822",1,1,4,7,7,1,1,1,1,5,6,3,5,6,0,3,6,2,1,3,12
"2823",2,1,9,7,12,1,4,7,7,5,0,0,5,3,1,5,5,2,2,8,17
"2824",3,4,9,7,13,1,9,7,12,3,1,0,1,0,0,3,1,1,2,11,18
"2825",4,4,14,16,19,4,9,7,13,6,4,5,6,4,0,5,6,2,1,16,33
"2826",5,1,18,25,19,4,14,16,19,4,0,0,2,6,6,4,6,2,1,17,42
"2827",6,7,23,3,19,1,18,25,19,2,6,0,2,0,0,6,2,1,1,28,20
"2828",7,7,33,3,22,7,23,3,19,3,3,6,3,3,0,6,3,2,2,38,23
"2829",8,1,36,9,28,7,33,3,22,3,0,0,2,3,5,3,3,2,2,35,35
"2830",9,6,36,9,30,1,36,9,28,2,5,0,2,0,0,5,2,1,2,40,37
"2831",10,16,36,11,1,6,36,9,30,2,6,4,2,4,0,6,2,1,1,50,10
"2832",11,20,36,16,1,16,36,11,1,4,0,0,5,1,1,4,5,1,1,54,15
"2833",12,20,36,16,1,20,36,16,1,1,1,0,NA,0,0,0,0,0,0,54,15
"2834",0,0,0,0,0,0,0,0,0,0,0,0,0,0,0,0,0,0,0,0,0
"2835",1,7,6,1,11,1,1,1,1,4,6,6,4,6,0,6,6,1,2,11,10
"2836",2,11,6,1,13,7,6,1,11,4,0,0,3,2,2,4,2,1,2,15,12
"2837",3,11,9,3,13,11,6,1,13,3,2,0,2,0,0,3,2,2,1,18,14
"2838",4,11,13,3,16,11,9,3,13,2,4,3,2,3,0,4,3,2,2,22,17
"2839",5,11,15,3,21,11,13,3,16,2,0,0,6,5,2,2,5,2,2,24,22
"2840",6,17,18,3,23,11,15,3,21,6,2,0,2,0,0,6,2,1,2,33,24
"2841",7,22,18,3,28,17,18,3,23,5,4,5,4,5,0,5,5,1,2,38,29
"2842",8,26,18,3,30,22,18,3,28,4,0,0,2,2,6,4,2,1,2,42,31
"2843",9,34,18,3,32,26,18,3,30,2,6,0,2,0,0,6,2,1,2,50,33
"2844",10,34,29,5,38,34,18,3,32,6,5,6,5,6,0,6,6,2,2,61,41
"2845",11,39,30,10,38,34,29,5,38,5,0,0,5,5,3,5,5,1,1,105,46
"2846",12,39,30,10,38,39,30,10,38,5,3,0,NA,0,0,0,0,0,0,105,46
"2847",0,0,0,0,0,0,0,0,0,0,0,0,0,0,0,0,0,0,0,0,0
"2848",1,1,6,8,1,1,1,1,1,5,6,2,6,2,0,5,6,2,1,5,7
"2849",2,1,8,8,10,1,6,8,1,2,0,0,6,1,2,2,6,2,2,7,16
"2850",3,1,9,8,12,1,8,8,10,1,2,0,2,0,0,1,2,2,2,8,18
"2851",4,1,10,8,17,1,9,8,12,1,5,1,5,1,0,1,5,2,2,9,23
"2852",5,1,11,12,17,1,10,8,17,1,0,0,4,1,6,1,4,2,1,10,27
"2853",6,1,22,12,18,1,11,12,17,1,6,0,1,0,0,6,1,2,2,21,28
"2854",7,2,22,18,19,1,22,12,18,4,6,1,4,6,0,1,6,1,1,22,35
"2855",8,2,26,23,19,2,22,18,19,4,0,0,4,5,5,4,5,2,1,26,40
"2856",9,2,31,27,19,2,26,23,19,4,5,0,4,0,0,5,4,2,1,31,44
"2857",10,7,31,31,19,2,31,27,19,2,5,4,2,4,0,5,4,1,1,36,48
"2858",11,9,31,39,23,7,31,31,19,2,0,0,6,3,6,2,6,1,1,38,98
"2859",12,9,31,39,23,9,31,39,23,3,6,0,NA,0,0,0,0,0,0,38,98
"2860",0,0,0,0,0,0,0,0,0,0,0,0,0,0,0,0,0,0,0,0,0
"2861",1,18,1,1,2,1,1,1,1,5,6,1,5,1,0,6,1,1,2,17,1
"2862",2,18,6,1,3,18,1,1,2,5,0,0,1,6,1,5,1,2,2,22,2
"2863",3,23,12,2,3,18,6,1,3,6,1,0,1,0,0,6,1,2,1,33,3
"2864",4,26,12,4,3,23,12,2,3,3,2,1,2,1,0,3,2,1,1,36,5
"2865",5,1,13,10,3,26,12,4,3,1,0,0,3,4,2,1,4,2,1,12,11
"2866",6,4,13,10,5,1,13,10,3,3,2,0,2,0,0,3,2,1,2,15,13
"2867",7,10,14,10,10,4,13,10,5,2,5,6,2,5,0,6,5,1,2,22,18
"2868",8,10,16,12,10,10,14,10,10,2,0,0,1,2,2,2,2,2,1,24,20
"2869",9,12,16,12,11,10,16,12,10,1,2,0,1,0,0,2,1,1,2,26,21
"2870",10,15,22,17,11,12,16,12,11,5,5,6,5,5,0,6,5,2,1,35,26
"2871",11,20,22,21,11,15,22,17,11,5,0,0,4,2,2,5,4,1,1,40,30
"2872",12,20,22,21,11,20,22,21,11,2,2,0,NA,0,0,0,0,0,0,40,30
"2873",0,0,0,0,0,0,0,0,0,0,0,0,0,0,0,0,0,0,0,0,0
"2874",1,1,3,1,9,1,1,1,1,2,6,1,6,1,0,2,6,2,2,2,8
"2875",2,2,3,4,9,1,3,1,9,1,0,0,4,4,3,1,3,1,1,3,11
"2876",3,2,7,8,9,2,3,4,9,4,4,0,4,0,0,4,4,2,1,7,15
"2877",4,2,11,8,14,2,7,8,9,5,2,4,5,2,0,4,5,2,2,11,20
"2878",5,2,13,14,16,2,11,8,14,2,0,0,6,1,5,2,6,2,1,13,28
"2879",6,2,18,15,16,2,13,14,16,1,5,0,1,0,0,5,1,2,1,18,29
"2880",7,2,22,21,17,2,18,15,16,6,4,4,6,4,0,4,6,2,1,22,36
"2881",8,2,26,21,18,2,22,21,17,4,0,0,3,1,2,4,1,2,2,26,37
"2882",9,2,29,23,18,2,26,21,18,3,2,0,2,0,0,3,2,2,1,29,39
"2883",10,5,30,7,19,2,29,23,18,5,3,6,5,6,0,3,6,1,1,33,24
"2884",11,10,1,13,19,5,30,7,19,5,0,0,1,5,3,5,5,1,1,9,30
"2885",12,10,1,13,19,10,1,13,19,1,3,0,NA,0,0,0,0,0,0,9,30
"2886",0,0,0,0,0,0,0,0,0,0,0,0,0,0,0,0,0,0,0,0,0
"2887",1,4,1,1,9,1,1,1,1,6,3,4,6,4,0,3,6,1,2,3,8
"2888",2,8,1,6,15,4,1,1,9,4,0,0,6,4,6,4,6,1,2,7,19
"2889",3,12,1,12,18,8,1,6,15,4,6,0,6,0,0,4,6,1,1,11,28
"2890",4,14,1,14,18,12,1,12,18,2,2,2,2,2,0,2,2,1,1,13,30
"2891",5,16,1,14,19,14,1,14,18,2,0,0,2,2,1,2,1,1,2,15,31
"2892",6,18,1,14,21,16,1,14,19,2,2,0,2,0,0,2,2,1,2,17,33
"2893",7,18,8,16,1,18,1,14,21,2,2,2,2,2,0,2,2,2,1,24,15
"2894",8,18,10,16,10,18,8,16,1,2,0,0,1,6,6,2,6,2,2,26,24
"2895",9,24,13,17,10,18,10,16,10,1,6,0,1,0,0,6,1,1,1,35,25
"2896",10,30,19,20,1,24,13,17,10,4,6,3,4,3,0,6,3,2,1,47,19
"2897",11,34,19,21,1,30,19,20,1,4,0,0,1,5,3,4,1,1,1,51,20
"2898",12,34,19,21,1,34,19,21,1,5,3,0,NA,0,0,0,0,0,0,51,20
"2899",0,0,0,0,0,0,0,0,0,0,0,0,0,0,0,0,0,0,0,0,0
"2900",1,3,1,1,2,1,1,1,1,1,2,2,1,2,0,2,1,1,2,2,1
"2901",2,5,1,1,6,3,1,1,2,2,0,0,4,4,2,2,4,1,2,4,5
"2902",3,5,5,3,6,5,1,1,6,4,2,0,2,0,0,4,2,2,1,8,7
"2903",4,8,11,8,6,5,5,3,6,3,6,5,3,5,0,6,5,2,1,17,12
"2904",5,8,14,8,11,8,11,8,6,3,0,0,5,1,1,3,5,2,2,20,17
"2905",6,8,15,8,12,8,14,8,11,1,1,0,1,0,0,1,1,2,2,21,18
"2906",7,10,15,12,12,8,15,8,12,2,4,1,4,1,0,2,4,1,1,23,22
"2907",8,10,16,12,17,10,15,12,12,1,0,0,5,5,2,1,5,2,2,24,27
"2908",9,15,16,12,19,10,16,12,17,5,2,0,2,0,0,5,2,1,2,29,29
"2909",10,15,21,12,23,15,16,12,19,4,5,3,4,3,0,5,4,2,2,34,33
"2910",11,18,21,13,23,15,21,12,23,3,0,0,1,1,1,3,1,1,1,37,34
"2911",12,18,21,13,23,18,21,13,23,1,1,0,NA,0,0,0,0,0,0,37,34
"2912",0,0,0,0,0,0,0,0,0,0,0,0,0,0,0,0,0,0,0,0,0
"2913",1,1,10,2,1,1,1,1,1,6,1,1,1,1,0,6,1,2,1,9,1
"2914",2,2,10,5,1,1,10,2,1,1,0,0,4,5,3,1,3,1,1,10,4
"2915",3,7,10,9,1,2,10,5,1,4,5,0,4,0,0,5,4,1,1,15,8
"2916",4,7,13,11,1,7,10,9,1,2,1,3,2,1,0,3,2,2,1,18,10
"2917",5,7,14,16,1,7,13,11,1,1,0,0,2,5,3,1,5,2,1,19,15
"2918",6,10,14,18,1,7,14,16,1,2,3,0,2,0,0,3,2,1,1,22,17
"2919",7,13,14,22,1,10,14,18,1,3,2,4,2,4,0,3,4,1,1,25,21
"2920",8,15,14,27,1,13,14,22,1,2,0,0,5,5,4,2,5,1,1,27,26
"2921",9,15,19,31,1,15,14,27,1,5,4,0,4,0,0,5,4,2,1,32,30
"2922",10,15,23,31,4,15,19,31,1,4,3,1,3,1,0,4,3,2,2,36,33
"2923",11,1,23,34,12,15,23,31,4,1,0,0,6,6,3,1,3,1,1,22,44
"2924",12,1,23,34,12,1,23,34,12,6,6,0,NA,0,0,0,0,0,0,22,44
"2925",0,0,0,0,0,0,0,0,0,0,0,0,0,0,0,0,0,0,0,0,0
"2926",1,1,6,3,1,1,1,1,1,2,5,2,2,2,0,5,2,2,1,5,2
"2927",2,1,8,8,1,1,6,3,1,2,0,0,3,5,4,2,5,2,1,7,7
"2928",3,4,8,12,1,1,8,8,1,3,4,0,4,0,0,3,4,1,1,10,11
"2929",4,9,8,12,3,4,8,12,1,2,3,5,2,3,0,5,2,1,2,15,13
"2930",5,9,11,12,7,9,8,12,3,3,0,0,3,6,4,3,4,2,2,18,17
"2931",6,9,22,15,7,9,11,12,7,3,6,0,3,0,0,6,3,2,1,29,20
"2932",7,20,22,17,7,9,22,15,7,2,3,6,2,3,0,6,2,1,1,40,22
"2933",8,23,22,28,7,20,22,17,7,3,0,0,1,2,6,3,6,1,1,43,33
"2934",9,23,23,28,9,23,22,28,7,1,2,0,2,0,0,1,2,2,2,44,35
"2935",10,23,26,29,9,23,23,28,9,3,3,1,3,1,0,3,1,2,1,47,36
"2936",11,26,26,35,14,23,26,29,9,3,0,0,2,6,6,3,6,1,1,50,47
"2937",12,26,26,35,14,26,26,35,14,2,6,0,NA,0,0,0,0,0,0,50,47
"2938",0,0,0,0,0,0,0,0,0,0,0,0,0,0,0,0,0,0,0,0,0
"2939",1,1,3,1,6,1,1,1,1,2,5,3,5,3,0,2,5,2,2,2,5
"2940",2,1,6,11,6,1,3,1,6,3,0,0,6,1,4,3,6,2,1,5,15
"2941",3,1,10,11,7,1,6,11,6,1,4,0,1,0,0,4,1,2,2,9,16
"2942",4,3,10,17,11,1,10,11,7,2,4,6,4,6,0,2,6,1,1,11,26
"2943",5,3,14,27,17,3,10,17,11,4,0,0,6,1,1,4,6,2,2,15,42
"2944",6,4,14,27,18,3,14,27,17,1,1,0,1,0,0,1,1,1,2,16,43
"2945",7,13,14,1,25,4,14,27,18,3,5,6,3,6,0,5,6,1,2,25,24
"2946",8,16,14,5,31,13,14,1,25,3,0,0,4,3,6,3,6,1,2,28,34
"2947",9,20,14,8,31,16,14,5,31,4,3,0,3,0,0,4,3,1,1,32,37
"2948",10,25,1,13,39,20,14,8,31,5,1,3,1,3,0,5,1,1,2,24,88
"2949",11,28,1,20,39,25,1,13,39,3,0,0,3,6,1,3,6,1,1,27,95
"2950",12,28,1,20,39,28,1,20,39,3,1,0,NA,0,0,0,0,0,0,27,95
"2951",0,0,0,0,0,0,0,0,0,0,0,0,0,0,0,0,0,0,0,0,0
"2952",1,7,4,3,1,1,1,1,1,2,1,6,2,1,0,6,2,1,1,9,2
"2953",2,8,4,3,5,7,4,3,1,1,0,0,4,4,6,1,4,1,2,10,6
"2954",3,15,10,7,5,8,4,3,5,4,6,0,4,0,0,6,4,1,1,23,10
"2955",4,15,14,9,11,15,10,7,5,2,4,6,2,6,0,4,6,2,2,27,18
"2956",5,17,14,9,12,15,14,9,11,2,0,0,1,3,1,2,1,1,2,29,19
"2957",6,20,14,10,12,17,14,9,12,3,1,0,1,0,0,3,1,1,1,32,20
"2958",7,25,14,13,12,20,14,10,12,3,5,4,3,4,0,5,3,1,1,37,23
"2959",8,25,18,15,12,25,14,13,12,4,0,0,2,6,2,4,2,2,1,41,25
"2960",9,27,24,17,12,25,18,15,12,6,2,0,2,0,0,6,2,2,1,49,27
"2961",10,27,29,18,12,27,24,17,12,5,1,2,1,2,0,5,1,2,1,54,28
"2962",11,29,29,28,12,27,29,18,12,2,0,0,6,6,4,2,6,1,1,56,38
"2963",12,29,29,28,12,29,29,28,12,6,4,0,NA,0,0,0,0,0,0,56,38
"2964",0,0,0,0,0,0,0,0,0,0,0,0,0,0,0,0,0,0,0,0,0
"2965",1,3,7,1,5,1,1,1,1,2,4,6,2,4,0,6,4,2,2,8,4
"2966",2,5,7,4,5,3,7,1,5,2,0,0,1,4,3,2,3,1,1,10,7
"2967",3,9,7,5,5,5,7,4,5,1,4,0,1,0,0,4,1,1,1,14,8
"2968",4,15,12,5,7,9,7,5,5,2,6,1,2,1,0,6,2,1,2,25,10
"2969",5,15,13,6,7,15,12,5,7,1,0,0,1,6,1,1,1,2,1,26,11
"2970",6,15,22,7,7,15,13,6,7,6,1,0,1,0,0,6,1,2,1,35,12
"2971",7,19,22,10,7,15,22,7,7,3,4,3,3,3,0,4,3,1,1,39,15
"2972",8,22,22,12,7,19,22,10,7,3,0,0,6,2,2,3,2,1,1,42,17
"2973",9,22,24,21,7,22,22,12,7,6,2,0,6,0,0,2,6,2,1,44,26
"2974",10,23,24,22,7,22,24,21,7,1,1,2,1,2,0,1,1,1,1,45,27
"2975",11,27,30,25,1,23,24,22,7,2,0,0,3,1,1,2,3,1,1,55,24
"2976",12,27,30,25,1,27,30,25,1,1,1,0,NA,0,0,0,0,0,0,55,24
"2977",0,0,0,0,0,0,0,0,0,0,0,0,0,0,0,0,0,0,0,0,0
"2978",1,6,1,4,1,1,1,1,1,4,5,3,4,3,0,5,3,1,1,5,3
"2979",2,6,5,8,1,6,1,4,1,4,0,0,4,1,6,4,4,2,1,9,7
"2980",3,12,8,8,2,6,5,8,1,1,6,0,1,0,0,6,1,1,2,18,8
"2981",4,17,14,9,2,12,8,8,2,1,6,3,1,3,0,6,1,2,1,29,9
"2982",5,17,17,11,2,17,14,9,2,3,0,0,2,1,2,3,2,2,1,32,11
"2983",6,17,18,13,2,17,17,11,2,1,2,0,2,0,0,1,2,2,1,33,13
"2984",7,20,1,19,11,17,18,13,2,3,2,6,2,6,0,3,6,1,1,19,28
"2985",8,22,1,19,12,20,1,19,11,2,0,0,3,1,4,2,1,1,2,21,29
"2986",9,26,1,22,12,22,1,19,12,3,4,0,3,0,0,4,3,1,1,25,32
"2987",10,1,7,6,14,26,1,22,12,4,3,2,4,2,0,3,2,2,2,6,18
"2988",11,1,11,9,14,1,7,6,14,4,0,0,3,2,5,4,3,2,1,10,21
"2989",12,1,11,9,14,1,11,9,14,2,5,0,NA,0,0,0,0,0,0,10,21
"2990",0,0,0,0,0,0,0,0,0,0,0,0,0,0,0,0,0,0,0,0,0
"2991",1,6,1,1,5,1,1,1,1,4,1,5,4,1,0,5,4,1,2,5,4
"2992",2,7,1,9,5,6,1,1,5,1,0,0,3,6,4,1,6,1,1,6,12
"2993",3,11,1,9,8,7,1,9,5,3,4,0,3,0,0,4,3,1,2,10,15
"2994",4,11,5,9,11,11,1,9,8,3,4,1,3,1,0,4,3,2,2,14,18
"2995",5,12,5,16,11,11,5,9,11,1,0,0,2,6,5,1,6,1,1,15,25
"2996",6,17,5,16,13,12,5,16,11,2,5,0,2,0,0,5,2,1,2,20,27
"2997",7,20,5,16,18,17,5,16,13,5,3,2,5,2,0,3,5,1,2,23,32
"2998",8,20,7,16,26,20,5,16,18,2,0,0,6,4,2,2,6,2,2,25,40
"2999",9,24,7,16,28,20,7,16,26,4,2,0,2,0,0,4,2,1,2,29,42
"3000",10,30,15,16,5,24,7,16,28,4,1,6,4,1,0,6,4,1,2,43,19
"3001",11,31,15,16,10,30,15,16,5,1,0,0,5,4,1,1,5,1,2,44,24
"3002",12,31,15,16,10,31,15,16,10,4,1,0,NA,0,0,0,0,0,0,44,24
"3003",0,0,0,0,0,0,0,0,0,0,0,0,0,0,0,0,0,0,0,0,0
"3004",1,7,2,5,1,1,1,1,1,4,1,6,4,1,0,6,4,1,1,7,4
"3005",2,8,2,5,5,7,2,5,1,1,0,0,4,3,4,1,4,1,2,8,8
"3006",3,11,2,5,9,8,2,5,5,3,4,0,4,0,0,3,4,1,2,11,12
"3007",4,11,7,5,14,11,2,5,9,5,4,5,4,5,0,5,5,2,2,16,17
"3008",5,15,7,5,17,11,7,5,14,4,0,0,3,3,2,4,3,1,2,20,20
"3009",6,18,7,5,19,15,7,5,17,3,2,0,2,0,0,3,2,1,2,23,22
"3010",7,18,11,5,20,18,7,5,19,1,4,1,1,1,0,4,1,2,2,27,23
"3011",8,19,11,5,25,18,11,5,20,1,0,0,5,2,2,1,5,1,2,28,28
"3012",9,19,13,5,27,19,11,5,25,2,2,0,2,0,0,2,2,2,2,30,30
"3013",10,1,19,10,27,19,13,5,27,1,6,5,1,5,0,6,1,2,1,18,35
"3014",11,6,19,20,27,1,19,10,27,5,0,0,6,1,1,5,6,1,1,23,45
"3015",12,6,19,20,27,6,19,20,27,1,1,0,NA,0,0,0,0,0,0,23,45
"3016",0,0,0,0,0,0,0,0,0,0,0,0,0,0,0,0,0,0,0,0,0
"3017",1,1,6,4,1,1,1,1,1,3,5,1,3,1,0,5,3,2,1,5,3
"3018",2,2,6,8,1,1,6,4,1,1,0,0,4,1,4,1,4,1,1,6,7
"3019",3,2,10,8,2,2,6,8,1,1,4,0,1,0,0,4,1,2,2,10,8
"3020",4,4,10,12,2,2,10,8,2,2,4,2,4,2,0,2,4,1,1,12,12
"3021",5,4,12,12,5,4,10,12,2,2,0,0,3,4,1,2,3,2,2,14,15
"3022",6,4,16,12,6,4,12,12,5,4,1,0,1,0,0,4,1,2,2,18,16
"3023",7,4,19,18,11,4,16,12,6,6,3,6,6,6,0,3,6,2,1,21,27
"3024",8,5,25,19,17,4,19,18,11,6,0,0,4,6,2,6,6,2,2,28,34
"3025",9,5,29,19,19,5,25,19,17,4,2,0,2,0,0,4,2,2,2,32,36
"3026",10,5,31,20,19,5,29,19,19,1,5,2,1,5,0,2,1,2,1,34,37
"3027",11,1,31,31,19,5,31,20,19,5,0,0,1,6,3,5,6,1,1,30,48
"3028",12,1,31,31,19,1,31,31,19,1,3,0,NA,0,0,0,0,0,0,30,48
"3029",0,0,0,0,0,0,0,0,0,0,0,0,0,0,0,0,0,0,0,0,0
"3030",1,6,1,1,6,1,1,1,1,5,3,5,3,5,0,5,5,1,2,5,5
"3031",2,9,1,1,11,6,1,1,6,3,0,0,5,6,2,3,5,1,2,8,10
"3032",3,15,5,1,13,9,1,1,11,6,2,0,2,0,0,6,2,1,2,18,12
"3033",4,15,8,1,18,15,5,1,13,5,2,3,5,2,0,3,5,2,2,21,17
"3034",5,15,10,1,23,15,8,1,18,2,0,0,5,1,4,2,5,2,2,23,22
"3035",6,19,10,1,24,15,10,1,23,1,4,0,1,0,0,4,1,1,2,27,23
"3036",7,27,10,4,24,19,10,1,24,3,2,6,3,2,0,6,3,1,1,35,26
"3037",8,27,12,6,24,27,10,4,24,2,0,0,1,1,2,2,2,2,1,37,28
"3038",9,28,12,6,25,27,12,6,24,1,1,0,1,0,0,1,1,1,2,38,29
"3039",10,30,18,6,28,28,12,6,25,3,1,6,3,1,0,6,3,2,2,46,32
"3040",11,31,18,8,28,30,18,6,28,1,0,0,2,1,2,1,2,1,1,47,34
"3041",12,31,18,8,28,31,18,8,28,1,2,0,NA,0,0,0,0,0,0,47,34
"3042",0,0,0,0,0,0,0,0,0,0,0,0,0,0,0,0,0,0,0,0,0
"3043",1,1,5,1,4,1,1,1,1,4,3,4,3,4,0,4,3,2,2,4,3
"3044",2,1,9,1,6,1,5,1,4,4,0,0,2,1,4,4,2,2,2,8,5
"3045",3,5,9,1,7,1,9,1,6,1,4,0,1,0,0,4,1,1,2,12,6
"3046",4,5,13,3,7,5,9,1,7,4,1,2,1,2,0,4,2,2,1,16,8
"3047",5,6,13,3,11,5,13,3,7,1,0,0,3,1,4,1,4,1,2,17,12
"3048",6,6,16,3,12,6,13,3,11,3,1,0,1,0,0,3,1,2,2,20,13
"3049",7,11,16,3,14,6,16,3,12,1,5,2,1,2,0,5,2,1,2,25,15
"3050",8,12,16,3,19,11,16,3,14,1,0,0,5,4,4,1,5,1,2,26,20
"3051",9,12,20,7,19,12,16,3,19,4,4,0,4,0,0,4,4,2,1,30,24
"3052",10,21,20,7,24,12,20,7,19,2,6,5,2,5,0,6,5,1,2,39,29
"3053",11,23,20,7,28,21,20,7,24,2,0,0,2,6,4,2,4,1,2,41,33
"3054",12,23,20,7,28,23,20,7,28,2,6,0,NA,0,0,0,0,0,0,41,33
"3055",0,0,0,0,0,0,0,0,0,0,0,0,0,0,0,0,0,0,0,0,0
"3056",1,1,5,3,1,1,1,1,1,2,4,1,2,1,0,4,2,2,1,4,2
"3057",2,1,6,9,4,1,5,3,1,1,0,0,6,1,4,1,6,2,1,5,11
"3058",3,5,6,10,4,1,6,9,4,1,4,0,1,0,0,4,1,1,1,9,12
"3059",4,14,12,10,6,5,6,10,4,6,2,2,2,2,0,6,2,1,2,24,14
"3060",5,14,14,13,6,14,12,10,6,2,0,0,6,3,3,2,3,2,1,26,17
"3061",6,20,18,16,6,14,14,13,6,6,3,0,3,0,0,6,3,1,1,36,20
"3062",7,23,18,26,6,20,18,16,6,5,3,6,5,6,0,3,6,1,1,39,30
"3063",8,23,23,27,6,23,18,26,6,5,0,0,3,4,1,5,1,2,1,44,31
"3064",9,23,26,31,6,23,23,27,6,3,4,0,4,0,0,3,4,2,1,47,35
"3065",10,23,37,35,12,23,26,31,6,6,6,6,6,6,0,6,6,2,2,58,45
"3066",11,35,37,39,16,23,37,35,12,6,0,0,4,2,6,6,4,1,1,70,91
"3067",12,35,37,39,16,35,37,39,16,2,6,0,NA,0,0,0,0,0,0,70,91
"3068",0,0,0,0,0,0,0,0,0,0,0,0,0,0,0,0,0,0,0,0,0
"3069",1,1,6,1,6,1,1,1,1,5,5,3,5,3,0,5,5,2,2,5,5
"3070",2,4,6,1,7,1,6,1,6,3,0,0,1,2,2,3,1,1,2,8,6
"3071",3,6,6,1,9,4,6,1,7,2,2,0,2,0,0,2,2,1,2,10,8
"3072",4,6,11,1,11,6,6,1,9,1,2,5,1,2,0,5,2,2,2,15,10
"3073",5,7,11,1,16,6,11,1,11,1,0,0,1,5,2,1,5,1,2,16,15
"3074",6,9,11,1,17,7,11,1,16,1,2,0,1,0,0,2,1,1,2,18,16
"3075",7,9,16,1,21,9,11,1,17,5,3,4,3,4,0,5,4,2,2,23,20
"3076",8,9,19,1,25,9,16,1,21,3,0,0,3,4,5,3,4,2,2,26,24
"3077",9,9,24,4,25,9,19,1,25,3,5,0,3,0,0,5,3,2,1,31,27
"3078",10,11,1,6,30,9,24,4,25,2,2,2,2,2,0,2,2,1,1,10,34
"3079",11,11,3,11,36,11,1,6,30,2,0,0,6,5,1,2,6,2,2,12,45
"3080",12,11,3,11,36,11,3,11,36,5,1,0,NA,0,0,0,0,0,0,12,45
"3081",0,0,0,0,0,0,0,0,0,0,0,0,0,0,0,0,0,0,0,0,0
"3082",1,5,1,7,2,1,1,1,1,4,6,2,6,2,0,4,6,1,1,4,7
"3083",2,5,3,9,2,5,1,7,2,2,0,0,6,6,2,2,2,2,1,6,9
"3084",3,5,13,13,14,5,3,9,2,6,6,0,6,0,0,6,6,2,2,16,25
"3085",4,9,13,13,18,5,13,13,14,4,4,4,4,4,0,4,4,1,2,20,29
"3086",5,13,13,17,18,9,13,13,18,4,0,0,4,1,3,4,4,1,1,24,33
"3087",6,16,13,18,18,13,13,17,18,1,3,0,1,0,0,3,1,1,1,27,34
"3088",7,23,19,30,19,16,13,18,18,5,6,6,5,6,0,6,6,1,1,40,47
"3089",8,28,19,30,22,23,19,30,19,5,0,0,2,1,3,5,3,1,2,45,50
"3090",9,28,21,31,22,28,19,30,22,2,1,0,1,0,0,2,1,2,1,47,51
"3091",10,33,21,37,28,28,21,31,22,5,6,1,6,1,0,5,6,1,1,52,63
"3092",11,34,21,37,33,33,21,37,28,1,0,0,2,5,1,1,5,1,2,53,68
"3093",12,34,21,37,33,34,21,37,33,2,1,0,NA,0,0,0,0,0,0,53,68
"3094",0,0,0,0,0,0,0,0,0,0,0,0,0,0,0,0,0,0,0,0,0
"3095",1,6,1,7,9,1,1,1,1,5,6,3,6,3,0,5,6,1,2,5,14
"3096",2,9,1,15,9,6,1,7,9,3,0,0,2,6,5,3,6,1,1,8,22
"3097",3,14,1,15,11,9,1,15,9,2,5,0,2,0,0,5,2,1,2,13,24
"3098",4,17,1,15,12,14,1,15,11,1,1,3,1,1,0,3,1,1,2,16,25
"3099",5,18,1,21,13,17,1,15,12,1,0,0,6,1,4,1,6,1,1,17,32
"3100",6,22,1,21,14,18,1,21,13,1,4,0,1,0,0,4,1,1,2,21,33
"3101",7,25,1,31,14,22,1,21,14,3,6,1,6,1,0,3,6,1,1,24,43
"3102",8,26,1,31,15,25,1,31,14,1,0,0,1,2,1,1,1,1,2,25,44
"3103",9,26,2,33,15,26,1,31,15,2,1,0,2,0,0,1,2,2,1,26,46
"3104",10,28,8,39,16,26,2,33,15,6,6,4,6,4,0,6,6,2,1,34,91
"3105",11,32,8,39,18,28,8,39,16,4,0,0,2,3,4,4,2,1,2,38,93
"3106",12,32,8,39,18,32,8,39,18,3,4,0,NA,0,0,0,0,0,0,38,93
"3107",0,0,0,0,0,0,0,0,0,0,0,0,0,0,0,0,0,0,0,0,0
"3108",1,7,12,1,6,1,1,1,1,2,5,6,2,5,0,6,5,1,2,17,5
"3109",2,9,12,2,12,7,12,1,6,2,0,0,6,6,6,2,6,1,2,19,12
"3110",3,9,22,2,25,9,12,2,12,6,6,0,6,0,0,6,6,2,2,29,25
"3111",4,9,31,2,29,9,22,2,25,1,6,4,1,4,0,6,4,2,2,38,29
"3112",5,10,31,3,29,9,31,2,29,1,0,0,4,5,1,1,1,1,1,39,30
"3113",6,10,36,3,33,10,31,3,29,4,5,0,4,0,0,5,4,2,2,44,34
"3114",7,17,36,8,1,10,36,3,33,1,5,5,1,5,0,5,5,1,1,51,7
"3115",8,18,36,10,1,17,36,8,1,1,0,0,6,2,6,1,2,1,1,52,9
"3116",9,33,36,14,7,18,36,10,1,6,6,0,6,0,0,6,6,1,2,67,19
"3117",10,33,37,19,13,33,36,14,7,1,6,5,6,5,0,1,6,2,2,68,30
"3118",11,38,37,22,13,33,37,19,13,5,0,0,3,6,5,5,3,1,1,73,33
"3119",12,38,37,22,13,38,37,22,13,6,5,0,NA,0,0,0,0,0,0,73,33
"3120",0,0,0,0,0,0,0,0,0,0,0,0,0,0,0,0,0,0,0,0,0
"3121",1,1,6,1,3,1,1,1,1,5,3,2,3,2,0,5,2,2,2,5,2
"3122",2,4,6,1,8,1,6,1,3,3,0,0,5,1,2,3,5,1,2,8,7
"3123",3,6,6,2,8,4,6,1,8,1,2,0,1,0,0,2,1,1,1,10,8
"3124",4,6,11,2,19,6,6,2,8,6,5,2,6,2,0,5,6,2,2,15,19
"3125",5,6,13,2,21,6,11,2,19,2,0,0,2,3,2,2,2,2,2,17,21
"3126",6,9,13,4,21,6,13,2,21,3,2,0,2,0,0,3,2,1,1,20,23
"3127",7,13,13,4,24,9,13,4,21,3,2,4,3,2,0,4,3,1,2,24,26
"3128",8,15,1,4,36,13,13,4,24,2,0,0,6,5,2,2,6,1,2,14,38
"3129",9,20,1,6,36,15,1,4,36,5,2,0,2,0,0,5,2,1,1,19,40
"3130",10,27,1,6,36,20,1,6,36,5,1,4,5,1,0,4,5,1,1,26,40
"3131",11,28,1,16,36,27,1,6,36,1,0,0,6,1,3,1,6,1,1,27,50
"3132",12,28,1,16,36,28,1,16,36,1,3,0,NA,0,0,0,0,0,0,27,50
"3133",0,0,0,0,0,0,0,0,0,0,0,0,0,0,0,0,0,0,0,0,0
"3134",1,1,4,15,1,1,1,1,1,6,3,4,6,4,0,3,6,2,1,3,14
"3135",2,5,4,15,3,1,4,15,1,4,0,0,2,2,3,4,2,1,2,7,16
"3136",3,7,4,15,6,5,4,15,3,2,3,0,3,0,0,2,3,1,2,9,19
"3137",4,17,4,19,6,7,4,15,6,4,6,5,4,5,0,6,4,1,1,19,23
"3138",5,17,9,25,10,17,4,19,6,5,0,0,3,2,6,5,6,2,1,24,33
"3139",6,19,9,25,13,17,9,25,10,3,2,0,3,0,0,2,3,1,2,26,36
"3140",7,24,1,27,14,19,9,25,13,4,2,5,4,2,0,5,2,1,1,23,39
"3141",8,28,1,27,17,24,1,27,14,4,0,0,2,2,3,4,3,1,2,27,42
"3142",9,30,1,27,19,28,1,27,17,2,2,0,2,0,0,2,2,1,2,29,44
"3143",10,30,14,2,19,30,1,27,19,1,6,2,1,2,0,6,1,2,1,42,19
"3144",11,32,14,5,19,30,14,2,19,2,0,0,3,4,1,2,3,1,1,44,22
"3145",12,32,14,5,19,32,14,5,19,4,1,0,NA,0,0,0,0,0,0,44,22
"3146",0,0,0,0,0,0,0,0,0,0,0,0,0,0,0,0,0,0,0,0,0
"3147",1,7,12,1,6,1,1,1,1,2,6,5,2,5,0,6,5,2,2,17,5
"3148",2,7,14,1,8,7,12,1,6,2,0,0,2,3,3,2,2,2,2,19,7
"3149",3,7,17,1,11,7,14,1,8,3,3,0,3,0,0,3,3,2,2,22,10
"3150",4,11,17,1,14,7,17,1,11,1,3,4,1,3,0,4,3,1,2,26,13
"3151",5,11,18,1,24,11,17,1,14,1,0,0,6,5,4,1,6,2,2,27,23
"3152",6,15,18,1,29,11,18,1,24,5,4,0,5,0,0,4,5,1,2,31,28
"3153",7,21,21,1,34,15,18,1,29,4,5,6,4,5,0,6,5,1,2,40,33
"3154",8,21,1,13,35,21,21,1,34,4,0,0,6,2,6,4,6,2,1,20,46
"3155",9,29,1,13,37,21,1,13,35,2,6,0,2,0,0,6,2,1,2,28,48
"3156",10,29,2,16,37,29,1,13,37,1,1,3,1,3,0,1,3,2,1,29,51
"3157",11,30,2,18,37,29,2,16,37,1,0,0,2,3,1,1,2,1,1,30,53
"3158",12,30,2,18,37,30,2,18,37,3,1,0,NA,0,0,0,0,0,0,30,53
"3159",0,0,0,0,0,0,0,0,0,0,0,0,0,0,0,0,0,0,0,0,0
"3160",1,1,6,2,1,1,1,1,1,5,1,1,1,1,0,5,1,2,1,5,1
"3161",2,1,7,2,6,1,6,2,1,1,0,0,5,2,3,1,5,2,2,6,6
"3162",3,4,7,4,6,1,7,2,6,2,3,0,2,0,0,3,2,1,1,9,8
"3163",4,9,7,11,6,4,7,4,6,5,6,5,6,5,0,5,6,1,1,14,15
"3164",5,14,7,16,6,9,7,11,6,5,0,0,4,4,5,5,5,1,1,19,20
"3165",6,14,11,20,6,14,7,16,6,4,4,0,4,0,0,4,4,2,1,23,24
"3166",7,14,15,23,6,14,11,20,6,4,3,3,3,3,0,4,3,2,1,27,27
"3167",8,17,15,23,15,14,15,23,6,3,0,0,6,1,1,3,6,1,2,30,36
"3168",9,18,15,24,15,17,15,23,15,1,1,0,1,0,0,1,1,1,1,31,37
"3169",10,22,15,24,18,18,15,24,15,1,3,4,1,3,0,4,3,1,2,35,40
"3170",11,23,15,29,18,22,15,24,18,1,0,0,5,5,1,1,5,1,1,36,45
"3171",12,23,15,29,18,23,15,29,18,5,1,0,NA,0,0,0,0,0,0,36,45
"3172",0,0,0,0,0,0,0,0,0,0,0,0,0,0,0,0,0,0,0,0,0
"3173",1,3,1,1,6,1,1,1,1,5,2,1,5,1,0,2,5,1,2,2,5
"3174",2,3,2,13,10,3,1,1,6,1,0,0,6,6,5,1,6,2,1,3,21
"3175",3,8,2,15,16,3,2,13,10,6,5,0,6,0,0,5,6,1,2,8,29
"3176",4,11,2,15,21,8,2,15,16,5,4,3,5,4,0,3,5,1,2,11,34
"3177",5,15,2,15,23,11,2,15,21,4,0,0,1,2,1,4,2,1,2,15,36
"3178",6,15,3,15,24,15,2,15,23,1,1,0,1,0,0,1,1,2,2,16,37
"3179",7,15,9,19,1,15,3,15,24,3,4,2,4,2,0,3,4,2,1,22,18
"3180",8,15,11,20,1,15,9,19,1,2,0,0,1,1,1,2,1,2,1,24,19
"3181",9,16,11,21,1,15,11,20,1,1,1,0,1,0,0,1,1,1,1,25,20
"3182",10,16,15,25,1,16,11,21,1,4,3,4,3,4,0,4,4,2,1,29,24
"3183",11,19,15,30,1,16,15,25,1,3,0,0,4,5,6,3,5,1,1,32,29
"3184",12,19,15,30,1,19,15,30,1,4,6,0,NA,0,0,0,0,0,0,32,29
"3185",0,0,0,0,0,0,0,0,0,0,0,0,0,0,0,0,0,0,0,0,0
"3186",1,6,1,1,5,1,1,1,1,5,2,4,2,4,0,5,4,1,2,5,4
"3187",2,6,3,6,5,6,1,1,5,2,0,0,2,5,6,2,5,2,1,7,9
"3188",3,17,3,8,5,6,3,6,5,2,6,0,2,0,0,6,2,1,1,18,11
"3189",4,17,8,8,10,17,3,8,5,5,5,5,5,5,0,5,5,2,2,23,16
"3190",5,17,13,11,16,17,8,8,10,5,0,0,4,2,6,5,6,2,2,28,25
"3191",6,21,13,11,18,17,13,11,16,4,2,0,2,0,0,4,2,1,2,32,27
"3192",7,21,24,12,30,21,13,11,18,6,6,4,6,4,0,6,6,2,2,43,40
"3193",8,21,28,12,32,21,24,12,30,4,0,0,2,4,6,4,2,2,2,47,42
"3194",9,27,31,12,36,21,28,12,32,4,6,0,4,0,0,6,4,1,2,56,46
"3195",10,27,36,12,38,27,31,12,36,5,2,2,2,2,0,5,2,2,2,61,48
"3196",11,29,36,16,38,27,36,12,38,2,0,0,4,5,5,2,4,1,1,63,52
"3197",12,29,36,16,38,29,36,16,38,5,5,0,NA,0,0,0,0,0,0,63,52
"3198",0,0,0,0,0,0,0,0,0,0,0,0,0,0,0,0,0,0,0,0,0
"3199",1,1,6,7,4,1,1,1,1,5,6,2,6,2,0,5,6,2,1,5,9
"3200",2,3,6,7,9,1,6,7,4,2,0,0,1,4,5,2,5,1,2,7,14
"3201",3,4,6,7,13,3,6,7,9,1,4,0,4,0,0,1,4,1,2,8,18
"3202",4,15,6,7,16,4,6,7,13,3,6,2,3,2,0,6,3,1,2,19,21
"3203",5,17,6,12,16,15,6,7,16,2,0,0,5,1,5,2,5,1,1,21,26
"3204",6,22,6,13,16,17,6,12,16,1,5,0,1,0,0,5,1,1,1,26,27
"3205",7,24,6,18,16,22,6,13,16,2,1,5,1,5,0,2,5,1,1,28,32
"3206",8,25,6,18,21,24,6,18,16,1,0,0,2,2,5,1,5,1,2,29,37
"3207",9,25,8,20,21,25,6,18,21,2,2,0,2,0,0,2,2,2,1,31,39
"3208",10,25,11,24,21,25,8,20,21,2,3,4,2,4,0,3,4,2,1,34,43
"3209",11,27,11,28,21,25,11,24,21,2,0,0,4,5,2,2,4,1,1,36,47
"3210",12,27,11,28,21,27,11,28,21,5,2,0,NA,0,0,0,0,0,0,36,47
"3211",0,0,0,0,0,0,0,0,0,0,0,0,0,0,0,0,0,0,0,0,0
"3212",1,7,5,1,5,1,1,1,1,2,4,6,2,4,0,6,4,1,2,10,4
"3213",2,9,5,1,9,7,5,1,5,2,0,0,2,4,4,2,4,1,2,12,8
"3214",3,13,5,3,9,9,5,1,9,2,4,0,2,0,0,4,2,1,1,16,10
"3215",4,13,7,3,13,13,5,3,9,3,2,4,3,4,0,2,4,2,2,18,14
"3216",5,16,7,3,16,13,7,3,13,3,0,0,1,3,2,3,3,1,2,21,17
"3217",6,16,9,4,16,16,7,3,16,1,2,0,1,0,0,2,1,2,1,23,18
"3218",7,28,20,4,22,16,9,4,16,1,6,6,1,6,0,6,6,2,2,46,24
"3219",8,29,20,8,22,28,20,4,22,1,0,0,4,1,3,1,4,1,1,47,28
"3220",9,32,20,9,22,29,20,8,22,1,3,0,1,0,0,3,1,1,1,50,29
"3221",10,38,26,13,22,32,20,9,22,6,3,4,3,4,0,6,4,1,1,62,33
"3222",11,38,29,13,24,38,26,13,22,3,0,0,2,3,5,3,2,2,2,65,35
"3223",12,38,29,13,24,38,29,13,24,3,5,0,NA,0,0,0,0,0,0,65,35
"3224",0,0,0,0,0,0,0,0,0,0,0,0,0,0,0,0,0,0,0,0,0
"3225",1,7,8,1,2,1,1,1,1,6,1,5,1,5,0,6,1,1,2,13,1
"3226",2,7,13,3,8,7,8,1,2,5,0,0,6,4,6,5,6,2,2,18,9
"3227",3,8,19,3,12,7,13,3,8,4,6,0,4,0,0,6,4,2,2,25,13
"3228",4,11,19,5,12,8,19,3,12,1,3,2,1,2,0,3,2,1,1,28,15
"3229",5,12,19,5,17,11,19,5,12,1,0,0,5,1,5,1,5,1,2,29,20
"3230",6,17,19,5,18,12,19,5,17,1,5,0,1,0,0,5,1,1,2,34,21
"3231",7,17,20,5,34,17,19,5,18,1,6,3,6,3,0,1,6,2,2,35,37
"3232",8,20,20,12,34,17,20,5,34,3,0,0,6,3,6,3,6,1,1,38,44
"3233",9,21,26,15,34,20,20,12,34,3,6,0,3,0,0,6,3,2,1,45,47
"3234",10,26,26,17,39,21,26,15,34,5,5,5,5,5,0,5,5,1,2,50,92
"3235",11,31,26,21,39,26,26,17,39,5,0,0,4,2,5,5,4,1,1,55,96
"3236",12,31,26,21,39,31,26,21,39,2,5,0,NA,0,0,0,0,0,0,55,96
"3237",0,0,0,0,0,0,0,0,0,0,0,0,0,0,0,0,0,0,0,0,0
"3238",1,7,7,1,6,1,1,1,1,6,5,3,5,3,0,6,5,1,2,12,5
"3239",2,7,10,1,11,7,7,1,6,3,0,0,5,3,1,3,5,2,2,15,10
"3240",3,10,10,2,11,7,10,1,11,3,1,0,1,0,0,3,1,1,1,18,11
"3241",4,15,10,2,15,10,10,2,11,5,4,1,4,1,0,5,4,1,2,23,15
"3242",5,15,11,2,17,15,10,2,15,1,0,0,2,2,3,1,2,2,2,24,17
"3243",6,15,14,2,19,15,11,2,17,2,3,0,2,0,0,3,2,2,2,27,19
"3244",7,1,14,11,19,15,14,2,19,5,5,5,5,5,0,5,5,1,1,13,28
"3245",8,1,19,17,21,1,14,11,19,5,0,0,6,2,6,5,6,2,1,18,36
"3246",9,6,19,28,1,1,19,17,21,2,6,0,6,0,0,2,6,1,1,23,27
"3247",10,12,1,28,5,6,19,28,1,3,5,6,3,5,0,6,3,1,2,11,31
"3248",11,12,6,28,9,12,1,28,5,5,0,0,6,4,1,5,4,2,2,16,35
"3249",12,12,6,28,9,12,6,28,9,6,1,0,NA,0,0,0,0,0,0,16,35
"3250",0,0,0,0,0,0,0,0,0,0,0,0,0,0,0,0,0,0,0,0,0
"3251",1,5,1,1,5,1,1,1,1,3,4,4,3,4,0,4,4,1,2,4,4
"3252",2,8,1,4,17,5,1,1,5,3,0,0,5,6,3,3,6,1,2,7,19
"3253",3,13,1,7,17,8,1,4,17,5,3,0,3,0,0,5,3,1,1,12,22
"3254",4,17,1,10,17,13,1,7,17,3,2,4,3,2,0,4,3,1,1,16,25
"3255",5,17,3,15,17,17,1,10,17,2,0,0,1,5,1,2,5,2,1,18,30
"3256",6,18,3,15,18,17,3,15,17,1,1,0,1,0,0,1,1,1,2,19,31
"3257",7,23,3,15,27,18,3,15,18,5,6,1,6,1,0,5,6,1,2,24,40
"3258",8,23,4,15,36,23,3,15,27,1,0,0,5,1,6,1,6,2,2,25,49
"3259",9,24,4,20,36,23,4,15,36,5,1,0,5,0,0,1,5,1,1,26,54
"3260",10,29,4,20,37,24,4,20,36,5,1,2,1,2,0,5,1,1,2,31,55
"3261",11,31,4,21,37,29,4,20,37,2,0,0,1,2,5,2,1,1,1,33,56
"3262",12,31,4,21,37,31,4,21,37,2,5,0,NA,0,0,0,0,0,0,33,56
"3263",0,0,0,0,0,0,0,0,0,0,0,0,0,0,0,0,0,0,0,0,0
"3264",1,3,1,4,1,1,1,1,1,1,3,2,1,3,0,2,3,1,1,2,3
"3265",2,4,1,6,7,3,1,4,1,1,0,0,4,6,2,1,6,1,2,3,11
"3266",3,8,1,8,7,4,1,6,7,4,2,0,2,0,0,4,2,1,1,7,13
"3267",4,24,1,8,9,8,1,8,7,6,1,2,1,2,0,6,2,1,2,23,15
"3268",5,25,1,15,9,24,1,8,9,1,0,0,6,1,4,1,6,1,1,24,22
"3269",6,29,1,16,9,25,1,15,9,1,4,0,1,0,0,4,1,1,1,28,23
"3270",7,33,1,16,13,29,1,16,9,2,4,4,2,4,0,4,4,1,2,32,27
"3271",8,35,1,19,13,33,1,16,13,2,0,0,3,5,5,2,3,1,1,34,30
"3272",9,35,1,29,13,35,1,19,13,5,5,0,5,0,0,5,5,2,1,34,40
"3273",10,37,1,31,13,35,1,29,13,2,1,2,1,2,0,2,2,1,1,36,42
"3274",11,38,1,32,13,37,1,31,13,1,0,0,5,5,1,1,1,1,1,37,43
"3275",12,38,1,32,13,38,1,32,13,5,5,0,NA,0,0,0,0,0,0,37,43
"3276",0,0,0,0,0,0,0,0,0,0,0,0,0,0,0,0,0,0,0,0,0
"3277",1,3,7,1,13,1,1,1,1,6,6,4,6,4,0,6,6,2,2,8,12
"3278",2,3,11,1,17,3,7,1,13,4,0,0,1,4,5,4,4,2,2,12,16
"3279",3,8,11,1,18,3,11,1,17,1,5,0,1,0,0,5,1,1,2,17,17
"3280",4,12,11,1,22,8,11,1,18,4,4,2,4,2,0,4,4,1,2,21,21
"3281",5,14,1,5,29,12,11,1,22,2,0,0,4,3,6,2,6,1,2,13,32
"3282",6,14,4,9,29,14,1,5,29,4,3,0,4,0,0,3,4,2,1,16,36
"3283",7,18,4,9,34,14,4,9,29,5,4,4,5,4,0,4,5,1,2,20,41
"3284",8,22,4,9,38,18,4,9,34,4,0,0,3,4,4,4,4,1,2,24,45
"3285",9,26,4,12,38,22,4,9,38,3,4,0,3,0,0,4,3,1,1,28,48
"3286",10,26,6,21,38,26,4,12,38,6,2,2,6,2,0,2,6,2,1,30,57
"3287",11,28,6,23,39,26,6,21,38,2,0,0,1,5,6,2,1,1,2,32,98
"3288",12,28,6,23,39,28,6,23,39,5,6,0,NA,0,0,0,0,0,0,32,98
"3289",0,0,0,0,0,0,0,0,0,0,0,0,0,0,0,0,0,0,0,0,0
"3290",1,1,5,1,6,1,1,1,1,4,5,2,5,2,0,4,5,2,2,4,5
"3291",2,1,7,6,6,1,5,1,6,2,0,0,6,4,5,2,5,2,1,6,10
"3292",3,7,11,6,10,1,7,6,6,6,4,0,4,0,0,6,4,1,2,16,14
"3293",4,7,18,6,12,7,11,6,10,2,2,6,2,2,0,6,2,2,2,23,16
"3294",5,7,20,6,19,7,18,6,12,2,0,0,2,6,1,2,6,2,2,25,23
"3295",6,7,22,7,19,7,20,6,19,2,1,0,1,0,0,2,1,2,1,27,24
"3296",7,13,28,1,24,7,22,7,19,6,5,2,5,2,0,6,5,1,2,39,23
"3297",8,13,30,1,29,13,28,1,24,2,0,0,5,6,4,2,5,2,2,41,28
"3298",9,24,36,1,33,13,30,1,29,6,4,0,4,0,0,6,4,1,2,58,32
"3299",10,25,36,1,34,24,36,1,33,1,5,1,5,1,0,1,1,1,2,59,33
"3300",11,30,36,2,39,25,36,1,34,5,0,0,2,5,2,5,5,1,2,64,77
"3301",12,30,36,2,39,30,36,2,39,2,2,0,NA,0,0,0,0,0,0,64,77
"3302",0,0,0,0,0,0,0,0,0,0,0,0,0,0,0,0,0,0,0,0,0
"3303",1,1,4,7,6,1,1,1,1,3,3,6,3,6,0,3,6,2,1,3,11
"3304",2,1,7,9,6,1,4,7,6,3,0,0,2,2,2,3,2,2,1,6,13
"3305",3,1,9,11,6,1,7,9,6,2,2,0,2,0,0,2,2,2,1,8,15
"3306",4,6,9,14,6,1,9,11,6,5,3,2,3,2,0,5,3,1,1,13,18
"3307",5,8,9,14,10,6,9,14,6,2,0,0,1,4,4,2,4,1,2,15,22
"3308",6,8,13,15,10,8,9,14,10,1,4,0,1,0,0,4,1,2,1,19,23
"3309",7,8,16,15,12,8,13,15,10,2,3,2,2,2,0,3,2,2,2,22,25
"3310",8,10,16,23,12,8,16,15,12,2,0,0,6,4,4,2,6,1,1,24,33
"3311",9,10,20,23,16,10,16,23,12,4,4,0,4,0,0,4,4,2,2,28,37
"3312",10,10,22,23,24,10,20,23,16,6,2,1,6,1,0,2,6,2,2,30,45
"3313",11,11,22,27,24,10,22,23,24,1,0,0,4,4,5,1,4,1,1,31,49
"3314",12,11,22,27,24,11,22,27,24,4,5,0,NA,0,0,0,0,0,0,31,49
"3315",0,0,0,0,0,0,0,0,0,0,0,0,0,0,0,0,0,0,0,0,0
"3316",1,3,7,1,3,1,1,1,1,6,2,1,2,1,0,6,2,2,2,8,2
"3317",2,3,8,1,8,3,7,1,3,1,0,0,5,2,5,1,5,2,2,9,7
"3318",3,8,8,1,10,3,8,1,8,2,5,0,2,0,0,5,2,1,2,14,9
"3319",4,8,13,1,12,8,8,1,10,5,2,2,2,2,0,5,2,2,2,19,11
"3320",5,8,15,1,17,8,13,1,12,2,0,0,3,5,1,2,5,2,2,21,16
"3321",6,8,18,2,17,8,15,1,17,3,1,0,1,0,0,3,1,2,1,24,17
"3322",7,13,18,2,18,8,18,2,17,3,5,1,3,1,0,5,1,1,2,29,18
"3323",8,16,18,2,22,13,18,2,18,3,0,0,4,1,4,3,4,1,2,32,22
"3324",9,17,18,2,26,16,18,2,22,1,4,0,4,0,0,1,4,1,2,33,26
"3325",10,17,22,2,30,17,18,2,26,4,1,4,1,4,0,4,4,2,2,37,30
"3326",11,17,1,7,36,17,22,2,30,1,0,0,4,6,1,1,6,2,2,16,41
"3327",12,17,1,7,36,17,1,7,36,4,1,0,NA,0,0,0,0,0,0,16,41
"3328",0,0,0,0,0,0,0,0,0,0,0,0,0,0,0,0,0,0,0,0,0
"3329",1,2,1,5,1,1,1,1,1,4,1,1,4,1,0,1,4,1,1,1,4
"3330",2,3,1,5,8,2,1,5,1,1,0,0,5,6,3,1,6,1,2,2,11
"3331",3,6,1,5,13,3,1,5,8,5,3,0,5,0,0,3,5,1,2,5,16
"3332",4,8,1,15,13,6,1,5,13,2,2,6,2,6,0,2,6,1,1,7,26
"3333",5,10,1,16,13,8,1,15,13,2,0,0,5,2,1,2,1,1,1,9,27
"3334",6,12,1,16,18,10,1,16,13,5,2,0,5,0,0,2,5,1,2,11,32
"3335",7,15,1,25,24,12,1,16,18,3,2,6,2,6,0,3,6,1,2,14,47
"3336",8,17,1,25,28,15,1,25,24,2,0,0,4,2,5,2,4,1,2,16,51
"3337",9,17,6,25,30,17,1,25,28,2,5,0,2,0,0,5,2,2,2,21,53
"3338",10,19,6,25,35,17,6,25,30,5,2,2,5,2,0,2,5,1,2,23,58
"3339",11,21,6,25,36,19,6,25,35,2,0,0,1,2,5,2,1,1,2,25,59
"3340",12,21,6,25,36,21,6,25,36,2,5,0,NA,0,0,0,0,0,0,25,59
"3341",0,0,0,0,0,0,0,0,0,0,0,0,0,0,0,0,0,0,0,0,0
"3342",1,1,4,5,1,1,1,1,1,4,3,1,4,1,0,3,4,2,1,3,4
"3343",2,2,4,5,12,1,4,5,1,1,0,0,3,4,6,1,6,1,2,4,15
"3344",3,2,8,5,15,2,4,5,12,3,4,0,3,0,0,4,3,2,2,8,18
"3345",4,5,8,9,15,2,8,5,15,4,3,2,4,2,0,3,4,1,1,11,22
"3346",5,7,8,15,20,5,8,9,15,2,0,0,1,1,6,2,6,1,1,13,33
"3347",6,7,9,16,20,7,8,15,20,1,1,0,1,0,0,1,1,2,1,14,34
"3348",7,7,13,19,20,7,9,16,20,3,3,4,3,3,0,4,3,2,1,18,37
"3349",8,10,13,23,20,7,13,19,20,3,0,0,6,4,5,3,4,1,1,21,41
"3350",9,10,18,25,26,10,13,23,20,6,5,0,6,0,0,5,6,2,2,26,49
"3351",10,10,23,25,27,10,18,25,26,5,1,4,1,4,0,5,1,2,2,31,50
"3352",11,10,27,29,27,10,23,25,27,4,0,0,4,4,4,4,4,2,1,35,54
"3353",12,10,27,29,27,10,27,29,27,4,4,0,NA,0,0,0,0,0,0,35,54
"3354",0,0,0,0,0,0,0,0,0,0,0,0,0,0,0,0,0,0,0,0,0
"3355",1,1,5,1,3,1,1,1,1,1,4,2,1,2,0,4,2,2,2,4,2
"3356",2,1,6,4,3,1,5,1,3,1,0,0,3,3,3,1,3,2,1,5,5
"3357",3,4,6,4,6,1,6,4,3,3,3,0,3,0,0,3,3,1,2,8,8
"3358",4,6,6,7,6,4,6,4,6,3,2,2,3,2,0,2,3,1,1,10,11
"3359",5,8,6,10,6,6,6,7,6,2,0,0,3,3,3,2,3,1,1,12,14
"3360",6,8,9,13,6,8,6,10,6,3,3,0,3,0,0,3,3,2,1,15,17
"3361",7,13,9,13,11,8,9,13,6,5,5,1,5,1,0,5,5,1,2,20,22
"3362",8,14,9,19,17,13,9,13,11,1,0,0,5,2,6,1,6,1,2,21,34
"3363",9,14,14,21,17,14,9,19,17,5,2,0,2,0,0,5,2,2,1,26,36
"3364",10,18,14,25,17,14,14,21,17,4,4,3,4,3,0,4,4,1,1,30,40
"3365",11,21,14,30,17,18,14,25,17,3,0,0,5,3,2,3,5,1,1,33,45
"3366",12,21,14,30,17,21,14,30,17,3,2,0,NA,0,0,0,0,0,0,33,45
"3367",0,0,0,0,0,0,0,0,0,0,0,0,0,0,0,0,0,0,0,0,0
"3368",1,10,1,1,4,1,1,1,1,6,1,3,1,3,0,6,3,1,2,9,3
"3369",2,10,2,4,4,10,1,1,4,1,0,0,4,1,3,1,3,2,1,10,6
"3370",3,10,6,4,5,10,2,4,4,4,1,0,1,0,0,4,1,2,2,14,7
"3371",4,13,6,4,9,10,6,4,5,4,2,3,4,2,0,3,4,1,2,17,11
"3372",5,15,6,4,13,13,6,4,9,2,0,0,4,1,6,2,4,1,2,19,15
"3373",6,18,12,5,13,15,6,4,13,1,6,0,1,0,0,6,1,2,1,28,16
"3374",7,19,12,10,13,18,12,5,13,1,5,1,5,1,0,1,5,1,1,29,21
"3375",8,19,13,15,13,19,12,10,13,1,0,0,2,1,5,1,5,2,1,30,26
"3376",9,21,13,16,13,19,13,15,13,2,1,0,1,0,0,2,1,1,1,32,27
"3377",10,27,18,17,13,21,13,16,13,1,6,1,1,1,0,6,1,1,1,43,28
"3378",11,28,18,21,13,27,18,17,13,1,0,0,4,6,4,1,4,1,1,44,32
"3379",12,28,18,21,13,28,18,21,13,6,4,0,NA,0,0,0,0,0,0,44,32
"3380",0,0,0,0,0,0,0,0,0,0,0,0,0,0,0,0,0,0,0,0,0
"3381",1,4,1,4,1,1,1,1,1,2,3,3,2,3,0,3,3,1,1,3,3
"3382",2,4,3,4,6,4,1,4,1,2,0,0,5,3,3,2,5,2,2,5,8
"3383",3,7,3,4,9,4,3,4,6,3,3,0,3,0,0,3,3,1,2,8,11
"3384",4,7,5,4,12,7,3,4,9,2,3,3,3,3,0,2,3,2,2,10,14
"3385",5,10,5,4,17,7,5,4,12,3,0,0,3,1,5,3,5,1,2,13,19
"3386",6,13,5,4,18,10,5,4,17,3,1,0,1,0,0,3,1,1,2,16,20
"3387",7,18,5,15,18,13,5,4,18,5,6,4,6,4,0,5,6,1,1,21,31
"3388",8,22,5,26,18,18,5,15,18,4,0,0,2,6,1,4,6,1,1,25,42
"3389",9,23,5,26,20,22,5,26,18,2,1,0,2,0,0,1,2,1,2,26,44
"3390",10,39,7,27,20,23,5,26,20,1,6,1,1,1,0,6,1,1,1,82,45
"3391",11,39,8,27,22,39,7,27,20,1,0,0,6,2,2,1,2,2,2,83,47
"3392",12,39,8,27,22,39,8,27,22,6,2,0,NA,0,0,0,0,0,0,83,47
"3393",0,0,0,0,0,0,0,0,0,0,0,0,0,0,0,0,0,0,0,0,0
"3394",1,1,4,6,1,1,1,1,1,3,5,1,5,1,0,3,5,2,1,3,5
"3395",2,1,5,6,6,1,4,6,1,1,0,0,5,5,5,1,5,2,2,4,10
"3396",3,6,5,6,11,1,5,6,6,5,5,0,5,0,0,5,5,1,2,9,15
"3397",4,11,11,11,11,6,5,6,11,5,4,6,5,4,0,6,5,2,1,20,20
"3398",5,15,11,16,11,11,11,11,11,4,0,0,3,2,5,4,5,1,1,24,25
"3399",6,15,14,16,13,15,11,16,11,3,2,0,2,0,0,3,2,2,2,27,27
"3400",7,20,14,16,21,15,14,16,13,6,5,2,6,2,0,5,6,1,2,32,35
"3401",8,22,14,21,21,20,14,16,21,2,0,0,2,5,4,2,5,1,1,34,40
"3402",9,26,14,21,23,22,14,21,21,2,4,0,2,0,0,4,2,1,2,38,42
"3403",10,31,20,25,23,26,14,21,23,4,3,6,4,3,0,6,4,2,1,49,46
"3404",11,34,20,28,23,31,20,25,23,3,0,0,3,1,1,3,3,1,1,52,49
"3405",12,34,20,28,23,34,20,28,23,1,1,0,NA,0,0,0,0,0,0,52,49
"3406",0,0,0,0,0,0,0,0,0,0,0,0,0,0,0,0,0,0,0,0,0
"3407",1,5,1,6,1,1,1,1,1,1,4,5,1,5,0,4,5,1,1,4,5
"3408",2,5,2,10,1,5,1,6,1,1,0,0,4,5,5,1,4,2,1,5,9
"3409",3,10,2,15,1,5,2,10,1,5,5,0,5,0,0,5,5,1,1,10,14
"3410",4,11,2,15,6,10,2,15,1,1,3,5,3,5,0,1,5,1,2,11,19
"3411",5,14,2,18,12,11,2,15,6,3,0,0,6,3,2,3,6,1,2,14,28
"3412",6,14,5,18,14,14,2,18,12,3,2,0,2,0,0,3,2,2,2,17,30
"3413",7,19,5,18,17,14,5,18,14,3,1,5,3,1,0,5,3,1,2,22,33
"3414",8,20,5,18,22,19,5,18,17,1,0,0,4,4,5,1,5,1,2,23,38
"3415",9,24,5,22,22,20,5,18,22,4,4,0,4,0,0,4,4,1,1,27,42
"3416",10,29,5,22,27,24,5,22,22,5,6,5,6,5,0,5,5,1,2,32,47
"3417",11,35,1,31,27,29,5,22,27,6,0,0,6,5,2,6,6,1,1,34,56
"3418",12,35,1,31,27,35,1,31,27,5,2,0,NA,0,0,0,0,0,0,34,56
"3419",0,0,0,0,0,0,0,0,0,0,0,0,0,0,0,0,0,0,0,0,0
"3420",1,3,1,3,1,1,1,1,1,2,2,3,2,3,0,2,2,1,1,2,2
"3421",2,6,1,3,4,3,1,3,1,3,0,0,5,2,3,3,3,1,2,5,5
"3422",3,11,1,3,6,6,1,3,4,5,2,0,2,0,0,5,2,1,2,10,7
"3423",4,13,1,8,6,11,1,3,6,3,2,5,3,5,0,2,5,1,1,12,12
"3424",5,13,4,10,6,13,1,8,6,3,0,0,3,2,1,3,2,2,1,15,14
"3425",6,16,4,11,6,13,4,10,6,3,1,0,1,0,0,3,1,1,1,18,15
"3426",7,16,9,11,9,16,4,11,6,3,5,4,3,4,0,5,3,2,2,23,18
"3427",8,20,9,11,13,16,9,11,9,4,0,0,4,2,3,4,4,1,2,27,22
"3428",9,20,12,11,15,20,9,11,13,2,3,0,2,0,0,3,2,2,2,30,24
"3429",10,20,17,11,19,20,12,11,15,5,3,4,3,4,0,5,4,2,2,35,28
"3430",11,23,17,15,19,20,17,11,19,3,0,0,4,3,1,3,4,1,1,38,32
"3431",12,23,17,15,19,23,17,15,19,3,1,0,NA,0,0,0,0,0,0,38,32
"3432",0,0,0,0,0,0,0,0,0,0,0,0,0,0,0,0,0,0,0,0,0
"3433",1,6,1,1,5,1,1,1,1,5,4,5,4,5,0,5,4,1,2,5,4
"3434",2,6,6,1,10,6,1,1,5,5,0,0,5,5,3,5,5,2,2,10,9
"3435",3,6,11,1,13,6,6,1,10,5,3,0,3,0,0,5,3,2,2,15,12
"3436",4,6,15,1,17,6,11,1,13,4,2,4,2,4,0,4,4,2,2,19,16
"3437",5,8,15,1,22,6,15,1,17,2,0,0,5,5,2,2,5,1,2,21,21
"3438",6,8,20,3,22,8,15,1,22,5,2,0,2,0,0,5,2,2,1,26,23
"3439",7,12,20,3,25,8,20,3,22,4,3,1,3,1,0,4,3,1,2,30,26
"3440",8,13,20,3,29,12,20,3,25,1,0,0,3,4,4,1,4,1,2,31,30
"3441",9,13,23,7,29,13,20,3,29,3,4,0,4,0,0,3,4,2,1,34,34
"3442",10,23,23,7,31,13,23,7,29,6,2,2,2,2,0,6,2,1,2,44,36
"3443",11,33,23,8,39,23,23,7,31,2,0,0,5,6,1,2,6,1,2,54,83
"3444",12,33,23,8,39,33,23,8,39,5,1,0,NA,0,0,0,0,0,0,54,83
"3445",0,0,0,0,0,0,0,0,0,0,0,0,0,0,0,0,0,0,0,0,0
"3446",1,6,1,4,1,1,1,1,1,2,5,3,2,3,0,5,3,1,1,5,3
"3447",2,8,1,13,1,6,1,4,1,2,0,0,1,6,4,2,6,1,1,7,12
"3448",3,12,1,14,1,8,1,13,1,1,4,0,1,0,0,4,1,1,1,11,13
"3449",4,17,1,17,1,12,1,14,1,1,5,3,1,3,0,5,3,1,1,16,16
"3450",5,18,1,21,1,17,1,17,1,1,0,0,5,4,4,1,4,1,1,17,20
"3451",6,18,6,25,1,18,1,21,1,5,4,0,4,0,0,5,4,2,1,22,24
"3452",7,23,6,28,7,18,6,25,1,5,6,6,6,6,0,5,6,1,2,27,33
"3453",8,34,6,28,12,23,6,28,7,6,0,0,3,5,2,6,5,1,2,38,38
"3454",9,37,6,30,12,34,6,28,12,3,2,0,2,0,0,3,2,1,1,41,40
"3455",10,38,12,1,13,37,6,30,12,1,6,1,1,1,0,6,1,2,2,48,12
"3456",11,38,13,10,13,38,12,1,13,1,0,0,6,3,3,1,6,2,1,49,21
"3457",12,38,13,10,13,38,13,10,13,3,3,0,NA,0,0,0,0,0,0,49,21
"3458",0,0,0,0,0,0,0,0,0,0,0,0,0,0,0,0,0,0,0,0,0
"3459",1,12,1,6,1,1,1,1,1,2,5,6,2,5,0,6,5,1,1,11,5
"3460",2,12,3,11,1,12,1,6,1,2,0,0,1,4,5,2,5,2,1,13,10
"3461",3,12,7,12,1,12,3,11,1,1,4,0,1,0,0,4,1,2,1,17,11
"3462",4,17,7,12,6,12,7,12,1,5,5,3,5,3,0,5,5,1,2,22,16
"3463",5,17,10,12,8,17,7,12,6,3,0,0,2,4,2,3,2,2,2,25,18
"3464",6,17,14,14,8,17,10,12,8,4,2,0,2,0,0,4,2,2,1,29,20
"3465",7,20,14,18,8,17,14,14,8,3,2,4,2,4,0,3,4,1,1,32,24
"3466",8,22,14,18,11,20,14,18,8,2,0,0,3,1,6,2,3,1,2,34,27
"3467",9,28,22,19,11,22,14,18,11,1,6,0,1,0,0,6,1,2,1,48,28
"3468",10,28,24,23,11,28,22,19,11,2,4,6,4,6,0,2,4,2,1,50,32
"3469",11,28,33,32,11,28,24,23,11,6,0,0,6,5,1,6,6,2,1,59,41
"3470",12,28,33,32,11,28,33,32,11,5,1,0,NA,0,0,0,0,0,0,59,41
"3471",0,0,0,0,0,0,0,0,0,0,0,0,0,0,0,0,0,0,0,0,0
"3472",1,6,1,1,6,1,1,1,1,5,5,2,5,2,0,5,5,1,2,5,5
"3473",2,6,3,1,14,6,1,1,6,2,0,0,2,6,2,2,6,2,2,7,13
"3474",3,8,3,1,16,6,3,1,14,2,2,0,2,0,0,2,2,1,2,9,15
"3475",4,13,1,1,37,8,3,1,16,1,5,5,1,5,0,5,5,1,2,12,36
"3476",5,14,1,6,37,13,1,1,37,1,0,0,5,3,4,1,5,1,1,13,41
"3477",6,17,1,10,37,14,1,6,37,3,4,0,4,0,0,3,4,1,1,16,45
"3478",7,19,1,15,37,17,1,10,37,5,5,2,5,5,0,2,5,1,1,18,50
"3479",8,19,6,20,39,19,1,15,37,5,0,0,3,2,6,5,2,2,2,23,95
"3480",9,22,6,30,39,19,6,20,39,3,6,0,6,0,0,3,6,1,1,26,105
"3481",10,25,6,32,39,22,6,30,39,3,2,1,2,1,0,3,2,1,1,29,107
"3482",11,26,6,34,39,25,6,32,39,1,0,0,2,4,6,1,2,1,1,30,109
"3483",12,26,6,34,39,26,6,34,39,4,6,0,NA,0,0,0,0,0,0,30,109
"3484",0,0,0,0,0,0,0,0,0,0,0,0,0,0,0,0,0,0,0,0,0
"3485",1,1,5,3,1,1,1,1,1,2,2,4,2,2,0,4,2,2,1,4,2
"3486",2,3,5,5,1,1,5,3,1,2,0,0,2,3,1,2,2,1,1,6,4
"3487",3,3,8,5,2,3,5,5,1,3,1,0,1,0,0,3,1,2,2,9,5
"3488",4,5,8,5,9,3,8,5,2,6,2,2,6,2,0,2,6,1,2,11,12
"3489",5,7,8,5,16,5,8,5,9,2,0,0,1,6,4,2,6,1,2,13,19
"3490",6,11,8,6,16,7,8,5,16,1,4,0,1,0,0,4,1,1,1,17,20
"3491",7,18,8,6,20,11,8,6,16,3,6,4,3,4,0,6,4,1,2,24,24
"3492",8,18,11,12,28,18,8,6,20,3,0,0,3,2,6,3,6,2,2,27,38
"3493",9,20,11,12,31,18,11,12,28,3,2,0,3,0,0,2,3,1,2,29,41
"3494",10,20,16,21,37,20,11,12,31,5,6,1,6,1,0,5,6,2,1,34,56
"3495",11,21,16,24,37,20,16,21,37,1,0,0,3,2,4,1,3,1,1,35,59
"3496",12,21,16,24,37,21,16,24,37,2,4,0,NA,0,0,0,0,0,0,35,59
"3497",0,0,0,0,0,0,0,0,0,0,0,0,0,0,0,0,0,0,0,0,0
"3498",1,5,1,4,1,1,1,1,1,3,4,2,3,2,0,4,3,1,1,4,3
"3499",2,5,3,4,6,5,1,4,1,2,0,0,5,4,1,2,5,2,2,6,8
"3500",3,9,3,4,7,5,3,4,6,4,1,0,1,0,0,4,1,1,2,10,9
"3501",4,13,9,4,10,9,3,4,7,6,3,1,3,1,0,6,3,2,2,20,12
"3502",5,14,9,8,10,13,9,4,10,1,0,0,2,1,4,1,4,1,1,21,16
"3503",6,16,9,9,10,14,9,8,10,2,1,0,1,0,0,2,1,1,1,23,17
"3504",7,16,14,9,13,16,9,9,10,5,3,2,3,2,0,5,3,2,2,28,20
"3505",8,18,14,9,16,16,14,9,13,2,0,0,2,3,2,2,3,1,2,30,23
"3506",9,18,16,9,18,18,14,9,16,2,2,0,2,0,0,2,2,2,2,32,25
"3507",10,20,16,15,23,18,16,9,18,2,6,6,6,6,0,2,6,1,1,34,36
"3508",11,22,22,24,23,20,16,15,23,6,0,0,6,6,1,6,6,2,1,42,45
"3509",12,22,22,24,23,22,22,24,23,6,1,0,NA,0,0,0,0,0,0,42,45
"3510",0,0,0,0,0,0,0,0,0,0,0,0,0,0,0,0,0,0,0,0,0
"3511",1,1,5,5,7,1,1,1,1,2,4,6,2,6,0,4,6,2,2,4,10
"3512",2,1,7,9,7,1,5,5,7,2,0,0,3,4,1,2,4,2,1,6,14
"3513",3,4,7,9,8,1,7,9,7,3,1,0,1,0,0,3,1,1,2,9,15
"3514",4,6,7,12,14,4,7,9,8,2,2,6,2,6,0,2,6,1,2,11,24
"3515",5,8,7,15,14,6,7,12,14,2,0,0,3,3,2,2,3,1,1,13,27
"3516",6,8,10,17,14,8,7,15,14,3,2,0,2,0,0,3,2,2,1,16,29
"3517",7,8,13,17,17,8,10,17,14,3,1,3,1,3,0,3,3,2,2,19,32
"3518",8,9,13,21,23,8,13,17,17,1,0,0,3,1,6,1,6,1,2,20,42
"3519",9,9,16,21,24,9,13,21,23,3,1,0,1,0,0,3,1,2,2,23,43
"3520",10,9,17,24,24,9,16,21,24,1,3,6,3,6,0,1,3,2,1,24,46
"3521",11,16,17,26,24,9,17,24,24,6,0,0,2,4,1,6,2,1,1,31,48
"3522",12,16,17,26,24,16,17,26,24,4,1,0,NA,0,0,0,0,0,0,31,48
"3523",0,0,0,0,0,0,0,0,0,0,0,0,0,0,0,0,0,0,0,0,0
"3524",1,8,1,1,6,1,1,1,1,3,5,6,3,5,0,6,5,1,2,7,5
"3525",2,11,1,5,12,8,1,1,6,3,0,0,6,2,2,3,6,1,2,10,15
"3526",3,13,1,5,14,11,1,5,12,2,2,0,2,0,0,2,2,1,2,12,17
"3527",4,17,1,5,16,13,1,5,14,4,1,2,1,2,0,4,2,1,2,16,19
"3528",5,17,2,9,16,17,1,5,16,1,0,0,3,3,4,1,4,2,1,17,23
"3529",6,20,2,9,19,17,2,9,16,3,3,0,3,0,0,3,3,1,2,20,26
"3530",7,21,2,13,19,20,2,9,19,4,3,1,4,3,0,1,4,1,1,21,30
"3531",8,24,2,17,19,21,2,13,19,3,0,0,4,1,3,3,4,1,1,24,34
"3532",9,27,2,18,19,24,2,17,19,1,3,0,1,0,0,3,1,1,1,27,35
"3533",10,30,2,18,23,27,2,18,19,3,4,2,4,2,0,3,4,1,2,30,39
"3534",11,32,2,19,23,30,2,18,23,2,0,0,1,5,5,2,1,1,1,32,40
"3535",12,32,2,19,23,32,2,19,23,5,5,0,NA,0,0,0,0,0,0,32,40
"3536",0,0,0,0,0,0,0,0,0,0,0,0,0,0,0,0,0,0,0,0,0
"3537",1,6,1,1,6,1,1,1,1,5,5,3,5,3,0,5,5,1,2,5,5
"3538",2,6,4,3,6,6,1,1,6,3,0,0,1,2,1,3,2,2,1,8,7
"3539",3,6,5,3,7,6,4,3,6,1,1,0,1,0,0,1,1,2,2,9,8
"3540",4,6,7,8,7,6,5,3,7,3,2,5,3,5,0,2,5,2,1,11,13
"3541",5,6,10,8,12,6,7,8,7,3,0,0,5,3,6,3,5,2,2,14,18
"3542",6,8,16,8,15,6,10,8,12,3,6,0,3,0,0,6,3,2,2,22,21
"3543",7,14,19,8,20,8,16,8,15,6,5,5,5,5,0,6,5,1,2,31,26
"3544",8,19,19,8,25,14,19,8,20,5,0,0,5,6,2,5,5,1,2,36,31
"3545",9,22,25,8,27,19,19,8,25,6,2,0,2,0,0,6,2,2,2,45,33
"3546",10,25,25,8,32,22,25,8,27,3,3,5,3,5,0,3,5,1,2,48,38
"3547",11,25,28,8,37,25,25,8,32,3,0,0,5,4,6,3,5,2,2,51,43
"3548",12,25,28,8,37,25,28,8,37,4,6,0,NA,0,0,0,0,0,0,51,43
"3549",0,0,0,0,0,0,0,0,0,0,0,0,0,0,0,0,0,0,0,0,0
"3550",1,2,1,1,2,1,1,1,1,1,1,1,1,1,0,1,1,1,2,1,1
"3551",2,2,2,1,6,2,1,1,2,1,0,0,4,3,1,1,4,2,2,2,5
"3552",3,2,3,1,9,2,2,1,6,3,1,0,3,0,0,1,3,2,2,3,8
"3553",4,2,4,1,13,2,3,1,9,1,4,1,4,1,0,1,4,2,2,4,12
"3554",5,3,4,6,13,2,4,1,13,1,0,0,5,1,4,1,5,1,1,5,17
"3555",6,3,8,6,14,3,4,6,13,1,4,0,1,0,0,4,1,2,2,9,18
"3556",7,3,13,10,14,3,8,6,14,3,5,4,3,4,0,5,4,2,1,14,22
"3557",8,6,13,16,17,3,13,10,14,3,0,0,6,3,1,3,6,1,1,17,31
"3558",9,6,16,17,17,6,13,16,17,3,1,0,1,0,0,3,1,2,1,20,32
"3559",10,6,18,20,17,6,16,17,17,3,2,4,3,4,0,2,3,2,1,22,35
"3560",11,10,18,22,17,6,18,20,17,4,0,0,2,2,1,4,2,1,1,26,37
"3561",12,10,18,22,17,10,18,22,17,2,1,0,NA,0,0,0,0,0,0,26,37
"3562",0,0,0,0,0,0,0,0,0,0,0,0,0,0,0,0,0,0,0,0,0
"3563",1,5,1,5,1,1,1,1,1,4,4,1,4,1,0,4,4,1,1,4,4
"3564",2,5,2,11,2,5,1,5,1,1,0,0,2,6,3,1,6,2,1,5,11
"3565",3,8,2,13,2,5,2,11,2,2,3,0,2,0,0,3,2,1,1,8,13
"3566",4,8,7,13,4,8,2,13,2,2,1,5,2,1,0,5,2,2,2,13,15
"3567",5,9,7,17,4,8,7,13,4,1,0,0,4,4,1,1,4,1,1,14,19
"3568",6,13,7,17,5,9,7,17,4,4,1,0,1,0,0,4,1,1,2,18,20
"3569",7,17,7,17,7,13,7,17,5,4,2,1,2,1,0,4,2,1,2,22,22
"3570",8,17,8,23,13,17,7,17,7,1,0,0,6,6,6,1,6,2,1,23,34
"3571",9,26,8,27,19,17,8,23,13,6,6,0,6,0,0,6,6,1,2,32,44
"3572",10,31,8,35,19,26,8,27,19,6,3,5,6,3,0,5,6,1,1,37,52
"3573",11,31,11,38,25,31,8,35,19,3,0,0,6,6,6,3,6,2,2,40,61
"3574",12,31,11,38,25,31,11,38,25,6,6,0,NA,0,0,0,0,0,0,40,61
"3575",0,0,0,0,0,0,0,0,0,0,0,0,0,0,0,0,0,0,0,0,0
"3576",1,5,1,2,1,1,1,1,1,1,4,1,1,1,0,4,1,1,1,4,1
"3577",2,5,2,2,6,5,1,2,1,1,0,0,1,2,5,1,5,2,2,5,6
"3578",3,5,4,3,6,5,2,2,6,1,2,0,1,0,0,2,1,2,1,7,7
"3579",4,10,4,7,6,5,4,3,6,4,5,4,4,4,0,5,4,1,1,12,11
"3580",5,14,4,13,9,10,4,7,6,4,0,0,4,6,4,4,6,1,1,16,20
"3581",6,14,8,13,13,14,4,13,9,4,4,0,4,0,0,4,4,2,2,20,24
"3582",7,25,8,13,18,14,8,13,13,3,6,5,3,5,0,6,5,1,2,31,29
"3583",8,28,8,20,18,25,8,13,18,3,0,0,3,5,6,3,6,1,1,34,36
"3584",9,33,8,20,21,28,8,20,18,3,5,0,3,0,0,5,3,1,2,39,39
"3585",10,33,12,24,21,33,8,20,21,4,4,1,4,1,0,4,4,2,1,43,43
"3586",11,34,1,30,29,33,12,24,21,1,0,0,3,3,6,1,6,1,1,33,57
"3587",12,34,1,30,29,34,1,30,29,3,3,0,NA,0,0,0,0,0,0,33,57
"3588",0,0,0,0,0,0,0,0,0,0,0,0,0,0,0,0,0,0,0,0,0
"3589",1,1,5,1,6,1,1,1,1,5,3,4,5,3,0,4,5,2,2,4,5
"3590",2,1,8,1,11,1,5,1,6,3,0,0,2,5,1,3,5,2,2,7,10
"3591",3,1,9,1,13,1,8,1,11,2,1,0,2,0,0,1,2,2,2,8,12
"3592",4,1,11,3,13,1,9,1,13,2,2,1,2,1,0,2,2,2,1,10,14
"3593",5,2,11,8,13,1,11,3,13,1,0,0,4,5,1,1,5,1,1,11,19
"3594",6,6,11,8,14,2,11,8,13,4,1,0,1,0,0,4,1,1,2,15,20
"3595",7,6,20,13,14,6,11,8,14,6,1,5,1,5,0,6,5,2,1,24,25
"3596",8,7,20,19,17,6,20,13,14,1,0,0,1,6,1,1,6,1,1,25,34
"3597",9,7,21,19,18,7,20,19,17,1,1,0,1,0,0,1,1,2,2,26,35
"3598",10,10,21,25,20,7,21,19,18,3,2,6,2,6,0,3,6,1,1,29,43
"3599",11,10,23,25,25,10,21,25,20,2,0,0,5,2,3,2,5,2,2,31,48
"3600",12,10,23,25,25,10,23,25,25,2,3,0,NA,0,0,0,0,0,0,31,48
"3601",0,0,0,0,0,0,0,0,0,0,0,0,0,0,0,0,0,0,0,0,0
"3602",1,5,1,1,6,1,1,1,1,4,3,5,3,5,0,4,5,1,2,4,5
"3603",2,5,4,7,15,5,1,1,6,3,0,0,6,5,2,3,6,2,2,7,20
"3604",3,5,9,9,15,5,4,7,15,5,2,0,2,0,0,5,2,2,1,12,22
"3605",4,5,13,12,15,5,9,9,15,3,2,4,3,2,0,4,3,2,1,16,25
"3606",5,7,13,16,15,5,13,12,15,2,0,0,4,4,4,2,4,1,1,18,29
"3607",6,11,13,16,19,7,13,16,15,4,4,0,4,0,0,4,4,1,2,22,33
"3608",7,14,13,16,20,11,13,16,19,3,1,1,1,1,0,3,1,1,2,25,34
"3609",8,15,13,21,20,14,13,16,20,1,0,0,1,5,2,1,5,1,1,26,39
"3610",9,16,13,21,22,15,13,21,20,1,2,0,2,0,0,1,2,1,2,27,41
"3611",10,16,15,21,26,16,13,21,22,2,4,2,4,2,0,2,4,2,2,29,45
"3612",11,18,15,25,26,16,15,21,26,2,0,0,4,1,5,2,4,1,1,31,49
"3613",12,18,15,25,26,18,15,25,26,1,5,0,NA,0,0,0,0,0,0,31,49
"3614",0,0,0,0,0,0,0,0,0,0,0,0,0,0,0,0,0,0,0,0,0
"3615",1,1,3,8,1,1,1,1,1,2,6,1,6,1,0,2,6,2,1,2,7
"3616",2,2,3,15,7,1,3,8,1,1,0,0,5,6,3,1,6,1,2,3,20
"3617",3,5,3,15,12,2,3,15,7,5,3,0,5,0,0,3,5,1,2,6,25
"3618",4,5,4,15,17,5,3,15,12,1,5,1,5,1,0,1,5,2,2,7,30
"3619",5,6,4,15,21,5,4,15,17,1,0,0,4,2,4,1,4,1,2,8,34
"3620",6,10,4,17,21,6,4,15,21,2,4,0,2,0,0,4,2,1,1,12,36
"3621",7,11,4,21,21,10,4,17,21,5,4,1,5,4,0,1,4,1,1,13,40
"3622",8,11,9,21,23,11,4,21,21,5,0,0,2,4,4,5,2,2,2,18,42
"3623",9,11,13,21,27,11,9,21,23,4,4,0,4,0,0,4,4,2,2,22,46
"3624",10,12,1,31,31,11,13,21,27,6,1,4,6,4,0,1,6,1,1,11,60
"3625",11,1,1,39,36,12,1,31,31,4,0,0,3,3,4,4,3,1,1,0,111
"3626",12,1,1,39,36,1,1,39,36,3,4,0,NA,0,0,0,0,0,0,0,111
"3627",0,0,0,0,0,0,0,0,0,0,0,0,0,0,0,0,0,0,0,0,0
"3628",1,2,7,1,10,1,1,1,1,6,6,1,6,1,0,6,6,2,2,7,9
"3629",2,3,7,4,16,2,7,1,10,1,0,0,5,6,5,1,6,1,2,8,18
"3630",3,3,12,9,16,3,7,4,16,5,5,0,5,0,0,5,5,2,1,13,23
"3631",4,3,16,18,16,3,12,9,16,3,4,6,3,6,0,4,6,2,1,17,32
"3632",5,3,19,18,20,3,16,18,16,3,0,0,5,4,1,3,4,2,2,20,36
"3633",6,3,24,19,20,3,19,18,20,5,1,0,1,0,0,5,1,2,1,25,37
"3634",7,3,28,26,20,3,24,19,20,4,6,1,6,1,0,4,6,2,1,29,44
"3635",8,3,29,35,20,3,28,26,20,1,0,0,6,4,5,1,6,2,1,30,53
"3636",9,3,34,39,29,3,29,35,20,4,5,0,4,0,0,5,4,2,1,35,104
"3637",10,3,36,39,30,3,34,39,29,2,2,1,2,1,0,2,1,2,2,37,105
"3638",11,5,36,39,31,3,36,39,30,2,0,0,1,4,4,2,1,1,2,39,106
"3639",12,5,36,39,31,5,36,39,31,4,4,0,NA,0,0,0,0,0,0,39,106
"3640",0,0,0,0,0,0,0,0,0,0,0,0,0,0,0,0,0,0,0,0,0
"3641",1,1,4,4,1,1,1,1,1,1,3,3,1,3,0,3,3,2,1,3,3
"3642",2,2,4,13,1,1,4,4,1,1,0,0,1,6,1,1,6,1,1,4,12
"3643",3,3,4,13,2,2,4,13,1,1,1,0,1,0,0,1,1,1,2,5,13
"3644",4,3,7,13,3,3,4,13,2,1,3,1,1,1,0,3,1,2,2,8,14
"3645",5,3,8,13,8,3,7,13,3,1,0,0,2,5,2,1,5,2,2,9,19
"3646",6,5,8,13,10,3,8,13,8,2,2,0,2,0,0,2,2,1,2,11,21
"3647",7,5,11,18,16,5,8,13,10,6,2,3,6,2,0,3,6,2,2,14,32
"3648",8,5,13,19,16,5,11,18,16,2,0,0,3,3,1,2,1,2,1,16,33
"3649",9,5,16,19,19,5,13,19,16,3,3,0,3,0,0,3,3,2,2,19,36
"3650",10,5,18,19,26,5,16,19,19,6,2,4,6,4,0,2,6,2,2,21,43
"3651",11,5,22,19,28,5,18,19,26,4,0,0,2,6,6,4,2,2,2,25,45
"3652",12,5,22,19,28,5,22,19,28,6,6,0,NA,0,0,0,0,0,0,25,45
"3653",0,0,0,0,0,0,0,0,0,0,0,0,0,0,0,0,0,0,0,0,0
"3654",1,1,4,1,6,1,1,1,1,2,5,3,2,5,0,3,5,2,2,3,5
"3655",2,1,6,5,6,1,4,1,6,2,0,0,4,2,2,2,4,2,1,5,9
"3656",3,1,8,7,6,1,6,5,6,2,2,0,2,0,0,2,2,2,1,7,11
"3657",4,1,16,11,6,1,8,7,6,6,5,4,5,4,0,6,4,2,1,15,15
"3658",5,6,16,16,6,1,16,11,6,5,0,0,5,4,2,5,5,1,1,20,20
"3659",6,6,20,18,6,6,16,16,6,4,2,0,2,0,0,4,2,2,1,24,22
"3660",7,6,23,18,7,6,20,18,6,1,1,3,1,1,0,3,1,2,2,27,23
"3661",8,6,24,21,7,6,23,18,7,1,0,0,2,3,3,1,3,2,1,28,26
"3662",9,8,24,21,10,6,24,21,7,2,3,0,3,0,0,2,3,1,2,30,29
"3663",10,13,24,21,14,8,24,21,10,1,5,4,1,4,0,5,4,1,2,35,33
"3664",11,14,24,26,14,13,24,21,14,1,0,0,3,4,5,1,5,1,1,36,38
"3665",12,14,24,26,14,14,24,26,14,3,4,0,NA,0,0,0,0,0,0,36,38
"3666",0,0,0,0,0,0,0,0,0,0,0,0,0,0,0,0,0,0,0,0,0
"3667",1,1,6,1,14,1,1,1,1,6,5,3,6,3,0,5,6,2,2,5,13
"3668",2,1,9,4,14,1,6,1,14,3,0,0,3,4,3,3,3,2,1,8,16
"3669",3,1,13,7,14,1,9,4,14,4,3,0,3,0,0,4,3,2,1,12,19
"3670",4,1,17,13,19,1,13,7,14,3,6,4,3,6,0,4,6,2,1,16,30
"3671",5,1,20,13,23,1,17,13,19,3,0,0,6,2,4,3,4,2,2,19,34
"3672",6,1,34,3,23,1,20,13,23,6,2,0,2,0,0,6,2,2,1,33,24
"3673",7,1,35,3,34,1,34,3,23,2,1,6,2,6,0,1,6,2,2,34,35
"3674",8,1,37,12,39,1,35,3,34,2,0,0,6,3,5,2,5,2,2,36,87
"3675",9,14,37,15,39,1,37,12,39,6,3,0,3,0,0,6,3,1,1,49,90
"3676",10,18,37,19,39,14,37,15,39,4,4,5,4,5,0,4,4,1,1,53,94
"3677",11,23,37,21,39,18,37,19,39,5,0,0,2,2,3,5,2,1,1,58,96
"3678",12,23,37,21,39,23,37,21,39,2,3,0,NA,0,0,0,0,0,0,58,96
"3679",0,0,0,0,0,0,0,0,0,0,0,0,0,0,0,0,0,0,0,0,0
"3680",1,1,6,4,1,1,1,1,1,3,5,3,3,3,0,5,3,2,1,5,3
"3681",2,4,6,4,5,1,6,4,1,3,0,0,4,4,1,3,4,1,2,8,7
"3682",3,5,6,4,9,4,6,4,5,4,1,0,4,0,0,1,4,1,2,9,11
"3683",4,9,6,6,9,5,6,4,9,4,2,1,2,1,0,4,2,1,1,13,13
"3684",5,9,7,11,9,9,6,6,9,1,0,0,5,3,3,1,5,2,1,14,18
"3685",6,12,7,11,12,9,7,11,9,3,3,0,3,0,0,3,3,1,2,17,21
"3686",7,20,7,11,13,12,7,11,12,1,1,6,1,1,0,6,1,1,2,25,22
"3687",8,21,7,11,22,20,7,11,13,1,0,0,6,4,6,1,6,1,2,26,31
"3688",9,27,11,15,22,21,7,11,22,4,6,0,4,0,0,6,4,1,1,36,35
"3689",10,32,11,20,22,27,11,15,22,5,1,5,1,5,0,5,5,1,1,41,40
"3690",11,33,11,27,22,32,11,20,22,1,0,0,4,6,3,1,6,1,1,42,47
"3691",12,33,11,27,22,33,11,27,22,4,3,0,NA,0,0,0,0,0,0,42,47
"3692",0,0,0,0,0,0,0,0,0,0,0,0,0,0,0,0,0,0,0,0,0
"3693",1,1,3,1,3,1,1,1,1,2,2,1,2,1,0,2,2,2,2,2,2
"3694",2,2,3,10,3,1,3,1,3,1,0,0,6,5,1,1,6,1,1,3,11
"3695",3,7,3,10,4,2,3,10,3,5,1,0,1,0,0,5,1,1,2,8,12
"3696",4,15,3,10,7,7,3,10,4,1,3,6,1,3,0,6,3,1,2,16,15
"3697",5,16,3,16,18,15,3,10,7,1,0,0,6,4,6,1,6,1,1,17,32
"3698",6,20,3,29,18,16,3,16,18,4,6,0,6,0,0,4,6,1,1,21,45
"3699",7,20,5,31,18,20,3,29,18,1,2,2,1,2,0,2,2,2,1,23,47
"3700",8,20,6,36,18,20,5,31,18,1,0,0,5,1,4,1,5,2,1,24,52
"3701",9,21,6,36,22,20,6,36,18,1,4,0,4,0,0,1,4,1,2,25,56
"3702",10,21,8,38,22,21,6,36,22,3,2,2,3,2,0,2,2,2,1,27,58
"3703",11,21,11,39,23,21,8,38,22,3,0,0,1,3,1,3,1,2,1,30,98
"3704",12,21,11,39,23,21,11,39,23,3,1,0,NA,0,0,0,0,0,0,30,98
"3705",0,0,0,0,0,0,0,0,0,0,0,0,0,0,0,0,0,0,0,0,0
"3706",1,1,12,1,6,1,1,1,1,5,4,6,5,4,0,6,5,2,2,11,5
"3707",2,5,12,1,11,1,12,1,6,4,0,0,1,5,1,4,5,1,2,15,10
"3708",3,6,12,1,12,5,12,1,11,1,1,0,1,0,0,1,1,1,2,16,11
"3709",4,6,17,6,12,6,12,1,12,5,1,5,1,5,0,5,5,2,1,21,16
"3710",5,6,18,11,12,6,17,6,12,1,0,0,3,5,5,1,5,2,1,22,21
"3711",6,6,21,16,12,6,18,11,12,3,5,0,5,0,0,3,5,2,1,25,26
"3712",7,6,25,16,14,6,21,16,12,1,2,4,1,2,0,4,2,2,2,29,28
"3713",8,6,26,16,18,6,25,16,14,1,0,0,2,3,4,1,4,2,2,30,32
"3714",9,9,26,16,20,6,26,16,18,2,3,0,2,0,0,3,2,1,2,33,34
"3715",10,12,26,16,24,9,26,16,20,4,3,1,4,1,0,3,4,1,2,36,38
"3716",11,13,26,26,24,12,26,16,24,1,0,0,3,4,6,1,6,1,1,37,48
"3717",12,13,26,26,24,13,26,26,24,3,4,0,NA,0,0,0,0,0,0,37,48
"3718",0,0,0,0,0,0,0,0,0,0,0,0,0,0,0,0,0,0,0,0,0
"3719",1,3,1,5,1,1,1,1,1,4,2,4,4,4,0,2,4,1,1,2,4
"3720",2,3,5,7,1,3,1,5,1,4,0,0,1,2,6,4,2,2,1,6,6
"3721",3,3,13,8,1,3,5,7,1,1,6,0,1,0,0,6,1,2,1,14,7
"3722",4,6,13,12,1,3,13,8,1,3,4,1,4,1,0,3,4,1,1,17,11
"3723",5,6,14,16,1,6,13,12,1,1,0,0,4,2,3,1,4,2,1,18,15
"3724",6,8,14,16,4,6,14,16,1,2,3,0,3,0,0,2,3,1,2,20,18
"3725",7,13,20,26,4,8,14,16,4,6,1,6,1,6,0,6,6,2,1,31,28
"3726",8,13,21,32,6,13,20,26,4,1,0,0,6,3,4,1,6,2,1,32,36
"3727",9,14,32,5,1,13,21,32,6,3,4,0,4,0,0,3,4,2,1,44,4
"3728",10,14,37,15,1,14,32,5,1,5,6,2,6,2,0,5,6,2,1,49,14
"3729",11,16,37,17,1,14,37,15,1,2,0,0,2,4,1,2,2,1,1,51,16
"3730",12,16,37,17,1,16,37,17,1,4,1,0,NA,0,0,0,0,0,0,51,16
"3731",0,0,0,0,0,0,0,0,0,0,0,0,0,0,0,0,0,0,0,0,0
"3732",1,5,1,1,4,1,1,1,1,3,3,4,3,3,0,4,3,1,2,4,3
"3733",2,5,4,1,9,5,1,1,4,3,0,0,3,5,5,3,5,2,2,7,8
"3734",3,10,4,1,12,5,4,1,9,3,5,0,3,0,0,5,3,1,2,12,11
"3735",4,15,4,1,17,10,4,1,12,3,5,5,3,5,0,5,5,1,2,17,16
"3736",5,18,4,4,17,15,4,1,17,3,0,0,5,3,4,3,3,1,1,20,19
"3737",6,23,4,4,21,18,4,4,17,5,4,0,4,0,0,5,4,1,2,25,23
"3738",7,31,4,9,21,23,4,4,21,6,5,2,5,2,0,6,5,1,1,33,28
"3739",8,1,4,15,26,31,4,9,21,2,0,0,3,3,6,2,6,1,1,3,39
"3740",9,4,4,15,29,1,4,15,26,3,3,0,3,0,0,3,3,1,2,6,42
"3741",10,6,4,20,35,4,4,15,29,2,2,6,2,6,0,2,6,1,2,8,53
"3742",11,8,4,20,38,6,4,20,35,2,0,0,3,2,1,2,3,1,2,10,56
"3743",12,8,4,20,38,8,4,20,38,2,1,0,NA,0,0,0,0,0,0,10,56
"3744",0,0,0,0,0,0,0,0,0,0,0,0,0,0,0,0,0,0,0,0,0
"3745",1,1,3,1,3,1,1,1,1,2,2,2,2,2,0,2,2,2,2,2,2
"3746",2,1,5,1,8,1,3,1,3,2,0,0,5,4,4,2,5,2,2,4,7
"3747",3,1,9,1,12,1,5,1,8,4,4,0,4,0,0,4,4,2,2,8,11
"3748",4,1,11,2,12,1,9,1,12,2,1,1,1,1,0,2,1,2,1,10,12
"3749",5,2,11,7,12,1,11,2,12,1,0,0,3,1,5,1,5,1,1,11,17
"3750",6,3,11,7,15,2,11,7,12,3,1,0,3,0,0,1,3,1,2,12,20
"3751",7,3,14,7,20,3,11,7,15,3,5,5,5,5,0,3,5,2,2,15,25
"3752",8,3,19,15,20,3,14,7,20,5,0,0,1,6,1,5,6,2,1,20,33
"3753",9,1,20,17,27,3,19,15,20,1,1,0,1,0,0,1,1,2,2,19,42
"3754",10,1,23,17,28,1,20,17,27,1,3,2,1,2,0,3,1,2,2,22,43
"3755",11,3,23,24,28,1,23,17,28,2,0,0,3,1,6,2,6,1,1,24,50
"3756",12,3,23,24,28,3,23,24,28,3,1,0,NA,0,0,0,0,0,0,24,50
"3757",0,0,0,0,0,0,0,0,0,0,0,0,0,0,0,0,0,0,0,0,0
"3758",1,3,7,5,1,1,1,1,1,6,4,6,4,6,0,6,4,2,1,8,4
"3759",2,9,13,6,1,3,7,5,1,6,0,0,1,5,2,6,1,1,1,20,5
"3760",3,11,13,11,1,9,13,6,1,5,2,0,5,0,0,2,5,1,1,22,10
"3761",4,14,13,12,1,11,13,11,1,1,1,3,1,1,0,3,1,1,1,25,11
"3762",5,15,13,16,1,14,13,12,1,1,0,0,1,4,4,1,4,1,1,26,15
"3763",6,16,13,20,1,15,13,16,1,1,4,0,4,0,0,1,4,1,1,27,19
"3764",7,16,17,26,2,16,13,20,1,6,5,4,6,5,0,4,6,2,1,31,26
"3765",8,16,22,31,2,16,17,26,2,5,0,0,3,6,5,5,5,2,1,36,31
"3766",9,16,25,37,3,16,22,31,2,3,6,0,6,0,0,3,6,2,1,39,38
"3767",10,16,36,37,7,16,25,37,3,4,4,6,4,4,0,6,4,2,2,50,42
"3768",11,20,36,37,11,16,36,37,7,4,0,0,4,4,5,4,4,1,2,54,46
"3769",12,20,36,37,11,20,36,37,11,4,5,0,NA,0,0,0,0,0,0,54,46
"3770",0,0,0,0,0,0,0,0,0,0,0,0,0,0,0,0,0,0,0,0,0
"3771",1,1,3,1,3,1,1,1,1,2,2,2,2,2,0,2,2,2,2,2,2
"3772",2,1,5,1,6,1,3,1,3,2,0,0,1,3,2,2,3,2,2,4,5
"3773",3,3,5,1,7,1,5,1,6,1,2,0,1,0,0,2,1,1,2,6,6
"3774",4,8,5,1,12,3,5,1,7,5,5,5,5,5,0,5,5,1,2,11,11
"3775",5,8,10,6,12,8,5,1,12,5,0,0,4,6,5,5,5,2,1,16,16
"3776",6,14,13,6,16,8,10,6,12,4,6,0,4,0,0,6,4,1,2,25,20
"3777",7,16,13,8,16,14,13,6,16,2,1,2,1,2,0,2,2,1,1,27,22
"3778",8,16,14,8,19,16,13,8,16,1,0,0,3,3,2,1,3,2,2,28,25
"3779",9,19,14,8,21,16,14,8,19,3,2,0,2,0,0,3,2,1,2,31,27
"3780",10,20,14,14,24,19,14,8,21,1,6,6,6,6,0,1,6,1,1,32,36
"3781",11,23,20,17,24,20,14,14,24,6,0,0,3,1,6,6,3,2,1,41,39
"3782",12,23,20,17,24,23,20,17,24,1,6,0,NA,0,0,0,0,0,0,41,39
"3783",0,0,0,0,0,0,0,0,0,0,0,0,0,0,0,0,0,0,0,0,0
"3784",1,7,5,5,1,1,1,1,1,4,3,6,4,3,0,6,4,1,1,10,4
"3785",2,10,5,10,1,7,5,5,1,3,0,0,5,1,3,3,5,1,1,13,9
"3786",3,10,6,13,1,10,5,10,1,1,3,0,3,0,0,1,3,2,1,14,12
"3787",4,15,6,13,4,10,6,13,1,5,3,3,3,3,0,5,3,1,2,19,15
"3788",5,18,1,29,4,15,6,13,4,3,0,0,2,6,3,3,6,1,1,17,31
"3789",6,21,1,29,6,18,1,29,4,2,3,0,2,0,0,3,2,1,2,20,33
"3790",7,21,6,29,11,21,1,29,6,5,3,5,3,5,0,5,5,2,2,25,38
"3791",8,21,9,32,11,21,6,29,11,3,0,0,3,1,3,3,3,2,1,28,41
"3792",9,21,12,33,11,21,9,32,11,1,3,0,1,0,0,3,1,2,1,31,42
"3793",10,26,12,38,11,21,12,33,11,5,1,5,1,5,0,5,5,1,1,36,47
"3794",11,27,12,38,16,26,12,38,11,1,0,0,5,4,4,1,5,1,2,37,52
"3795",12,27,12,38,16,27,12,38,16,4,4,0,NA,0,0,0,0,0,0,37,52
"3796",0,0,0,0,0,0,0,0,0,0,0,0,0,0,0,0,0,0,0,0,0
"3797",1,1,6,1,6,1,1,1,1,5,2,5,2,5,0,5,5,2,2,5,5
"3798",2,1,8,6,6,1,6,1,6,2,0,0,5,2,5,2,5,2,1,7,10
"3799",3,6,8,8,6,1,8,6,6,2,5,0,2,0,0,5,2,1,1,12,12
"3800",4,12,9,10,6,6,8,8,6,2,1,6,2,1,0,6,2,1,1,19,14
"3801",5,13,9,14,6,12,9,10,6,1,0,0,3,1,4,1,4,1,1,20,18
"3802",6,16,9,15,6,13,9,14,6,3,1,0,1,0,0,3,1,1,1,23,19
"3803",7,21,9,20,6,16,9,15,6,5,5,4,5,4,0,5,5,1,1,28,24
"3804",8,21,13,25,6,21,9,20,6,4,0,0,3,5,5,4,5,2,1,32,29
"3805",9,21,18,28,6,21,13,25,6,3,5,0,3,0,0,5,3,2,1,37,32
"3806",10,26,18,38,6,21,18,28,6,6,5,3,6,3,0,5,6,1,1,42,42
"3807",11,1,18,38,14,26,18,38,6,3,0,0,2,2,5,3,5,1,2,17,50
"3808",12,1,18,38,14,1,18,38,14,2,2,0,NA,0,0,0,0,0,0,17,50
"3809",0,0,0,0,0,0,0,0,0,0,0,0,0,0,0,0,0,0,0,0,0
"3810",1,1,2,12,1,1,1,1,1,6,1,2,6,2,0,1,6,2,1,1,11
"3811",2,3,2,12,4,1,2,12,1,2,0,0,5,3,3,2,3,1,2,3,14
"3812",3,8,2,15,4,3,2,12,4,5,3,0,3,0,0,5,3,1,1,8,17
"3813",4,12,2,15,8,8,2,15,4,1,4,4,1,4,0,4,4,1,2,12,21
"3814",5,13,2,15,13,12,2,15,8,1,0,0,5,3,4,1,5,1,2,13,26
"3815",6,17,2,15,16,13,2,15,13,3,4,0,3,0,0,4,3,1,2,17,29
"3816",7,24,1,20,18,17,2,15,16,6,5,4,5,4,0,6,5,1,1,23,36
"3817",8,28,1,31,18,24,1,20,18,4,0,0,6,6,6,4,6,1,1,27,47
"3818",9,35,1,37,22,28,1,31,18,6,6,0,6,0,0,6,6,1,1,34,57
"3819",10,38,4,37,10,35,1,37,22,6,2,3,6,2,0,3,6,2,2,40,45
"3820",11,40,4,37,19,38,4,37,10,2,0,0,6,4,5,2,6,1,2,42,54
"3821",12,40,4,37,19,40,4,37,19,4,5,0,NA,0,0,0,0,0,0,42,54
"3822",0,0,0,0,0,0,0,0,0,0,0,0,0,0,0,0,0,0,0,0,0
"3823",1,4,1,3,1,1,1,1,1,1,3,2,1,2,0,3,2,1,1,3,2
"3824",2,5,1,9,5,4,1,3,1,1,0,0,6,3,2,1,6,1,1,4,12
"3825",3,5,3,12,5,5,1,9,5,3,2,0,3,0,0,2,3,2,1,6,15
"3826",4,11,7,13,5,5,3,12,5,1,6,1,1,1,0,6,1,1,1,16,16
"3827",5,12,7,17,11,11,7,13,5,1,0,0,6,6,6,1,6,1,2,17,26
"3828",6,20,7,18,17,12,7,17,11,6,6,0,6,0,0,6,6,1,2,25,33
"3829",7,24,7,18,27,20,7,18,17,6,4,1,6,1,0,4,6,1,2,29,43
"3830",8,24,8,19,27,24,7,18,27,1,0,0,4,1,2,1,1,2,1,30,44
"3831",9,28,8,19,29,24,8,19,27,4,2,0,2,0,0,4,2,1,2,34,46
"3832",10,33,8,19,34,28,8,19,29,1,5,5,1,5,0,5,5,1,2,39,51
"3833",11,34,8,22,34,33,8,19,34,1,0,0,3,4,1,1,3,1,1,40,54
"3834",12,34,8,22,34,34,8,22,34,4,1,0,NA,0,0,0,0,0,0,40,54
"3835",0,0,0,0,0,0,0,0,0,0,0,0,0,0,0,0,0,0,0,0,0
"3836",1,1,11,2,1,1,1,1,1,1,1,6,1,1,0,6,1,2,1,10,1
"3837",2,1,12,8,6,1,11,2,1,1,0,0,2,6,6,1,6,2,1,11,12
"3838",3,3,18,10,6,1,12,8,6,2,6,0,2,0,0,6,2,2,1,19,14
"3839",4,11,18,10,11,3,18,10,6,6,5,2,5,2,0,6,5,1,2,27,19
"3840",5,11,20,10,16,11,18,10,11,2,0,0,5,5,4,2,5,2,2,29,24
"3841",6,11,25,14,16,11,20,10,16,5,4,0,4,0,0,5,4,2,1,34,28
"3842",7,14,31,14,17,11,25,14,16,1,2,6,1,2,0,6,1,2,2,43,29
"3843",8,16,31,14,18,14,31,14,17,2,0,0,1,4,3,2,1,1,2,45,30
"3844",9,19,31,14,22,16,31,14,18,4,3,0,4,0,0,3,4,1,2,48,34
"3845",10,24,32,4,22,19,31,14,22,1,3,3,3,3,0,1,3,2,1,54,24
"3846",11,24,35,4,27,24,32,4,22,3,0,0,2,5,1,3,5,2,2,57,29
"3847",12,24,35,4,27,24,35,4,27,2,1,0,NA,0,0,0,0,0,0,57,29
"3848",0,0,0,0,0,0,0,0,0,0,0,0,0,0,0,0,0,0,0,0,0
"3849",1,12,1,7,5,1,1,1,1,6,3,6,3,6,0,6,6,1,1,11,10
"3850",2,15,1,8,11,12,1,7,5,3,0,0,4,1,6,3,6,1,2,14,17
"3851",3,16,1,12,11,15,1,8,11,4,1,0,4,0,0,1,4,1,1,15,21
"3852",4,16,5,14,11,16,1,12,11,1,4,2,1,2,0,4,2,2,1,19,23
"3853",5,16,6,16,11,16,5,14,11,1,0,0,2,1,2,1,2,2,1,20,25
"3854",6,16,8,17,11,16,6,16,11,1,2,0,1,0,0,2,1,2,1,22,26
"3855",7,16,12,21,11,16,8,17,11,1,4,4,1,4,0,4,4,2,1,26,30
"3856",8,17,12,26,11,16,12,21,11,1,0,0,5,4,4,1,5,1,1,27,35
"3857",9,17,16,26,15,17,12,26,11,4,4,0,4,0,0,4,4,2,2,31,39
"3858",10,17,21,26,19,17,16,26,15,4,5,1,4,1,0,5,4,2,2,36,43
"3859",11,18,21,27,19,17,21,26,19,1,0,0,1,5,2,1,1,1,1,37,44
"3860",12,18,21,27,19,18,21,27,19,5,2,0,NA,0,0,0,0,0,0,37,44
"3861",0,0,0,0,0,0,0,0,0,0,0,0,0,0,0,0,0,0,0,0,0
"3862",1,6,1,1,5,1,1,1,1,4,4,5,4,4,0,5,4,1,2,5,4
"3863",2,10,1,1,9,6,1,1,5,4,0,0,1,6,4,4,4,1,2,9,8
"3864",3,18,1,1,10,10,1,1,9,1,6,0,1,0,0,6,1,1,2,17,9
"3865",4,18,3,1,11,18,1,1,10,1,2,2,1,2,0,2,1,2,2,19,10
"3866",5,18,5,1,21,18,3,1,11,2,0,0,6,4,4,2,6,2,2,21,20
"3867",6,18,9,1,25,18,5,1,21,4,4,0,4,0,0,4,4,2,2,25,24
"3868",7,18,13,1,28,18,9,1,25,3,2,4,3,2,0,4,3,2,2,29,27
"3869",8,18,1,2,33,18,13,1,28,2,0,0,6,5,2,2,5,2,2,17,33
"3870",9,18,11,2,35,18,1,2,33,6,2,0,2,0,0,6,2,2,2,27,35
"3871",10,18,15,4,39,18,11,2,35,1,4,4,1,4,0,4,4,2,2,31,79
"3872",11,19,15,5,39,18,15,4,39,1,0,0,1,6,1,1,1,1,1,32,80
"3873",12,19,15,5,39,19,15,5,39,6,1,0,NA,0,0,0,0,0,0,32,80
"3874",0,0,0,0,0,0,0,0,0,0,0,0,0,0,0,0,0,0,0,0,0
"3875",1,1,6,7,5,1,1,1,1,5,6,2,6,2,0,5,6,2,1,5,10
"3876",2,1,8,7,8,1,6,7,5,2,0,0,3,1,2,2,3,2,2,7,13
"3877",3,1,10,7,9,1,8,7,8,1,2,0,1,0,0,2,1,2,2,9,14
"3878",4,3,10,7,14,1,10,7,9,3,2,5,3,5,0,2,5,1,2,11,19
"3879",5,3,13,9,14,3,10,7,14,3,0,0,2,2,2,3,2,2,1,14,21
"3880",6,3,15,11,14,3,13,9,14,2,2,0,2,0,0,2,2,2,1,16,23
"3881",7,3,22,16,14,3,15,11,14,6,5,3,5,3,0,6,5,2,1,23,28
"3882",8,3,25,16,17,3,22,16,14,3,0,0,3,1,3,3,3,2,2,26,31
"3883",9,3,28,17,17,3,25,16,17,1,3,0,1,0,0,3,1,2,1,29,32
"3884",10,3,29,17,18,3,28,17,17,1,5,1,5,1,0,1,1,2,2,30,33
"3885",11,8,29,20,18,3,29,17,18,5,0,0,3,3,3,5,3,1,1,35,36
"3886",12,8,29,20,18,8,29,20,18,3,3,0,NA,0,0,0,0,0,0,35,36
"3887",0,0,0,0,0,0,0,0,0,0,0,0,0,0,0,0,0,0,0,0,0
"3888",1,2,1,1,3,1,1,1,1,1,1,2,1,2,0,1,2,1,2,1,2
"3889",2,3,1,2,15,2,1,1,3,1,0,0,1,6,6,1,6,1,2,2,15
"3890",3,3,9,3,15,3,1,2,15,1,6,0,1,0,0,6,1,2,1,10,16
"3891",4,3,11,3,20,3,9,3,15,2,5,1,5,1,0,2,5,2,2,12,21
"3892",5,3,12,3,25,3,11,3,20,1,0,0,5,6,5,1,5,2,2,13,26
"3893",6,3,19,3,30,3,12,3,25,6,5,0,5,0,0,6,5,2,2,20,31
"3894",7,5,19,3,33,3,19,3,30,3,2,1,3,1,0,2,3,1,2,22,34
"3895",8,5,20,3,36,5,19,3,33,1,0,0,2,3,1,1,3,2,2,23,37
"3896",9,7,20,4,36,5,20,3,36,2,1,0,1,0,0,2,1,1,1,25,38
"3897",10,12,20,5,36,7,20,4,36,2,1,5,2,1,0,5,1,1,1,30,39
"3898",11,14,20,7,36,12,20,5,36,2,0,0,2,4,2,2,2,1,1,32,41
"3899",12,14,20,7,36,14,20,7,36,4,2,0,NA,0,0,0,0,0,0,32,41
"3900",0,0,0,0,0,0,0,0,0,0,0,0,0,0,0,0,0,0,0,0,0
"3901",1,1,6,5,7,1,1,1,1,6,5,3,6,3,0,5,6,2,2,5,10
"3902",2,1,9,11,11,1,6,5,7,3,0,0,2,5,6,3,6,2,1,8,20
"3903",3,6,9,13,11,1,9,11,11,2,5,0,2,0,0,5,2,1,1,13,22
"3904",4,6,14,16,11,6,9,13,11,3,3,5,3,3,0,5,3,2,1,18,25
"3905",5,6,17,22,14,6,14,16,11,3,0,0,6,2,4,3,6,2,1,21,34
"3906",6,6,21,22,16,6,17,22,14,2,4,0,2,0,0,4,2,2,2,25,36
"3907",7,6,25,22,17,6,21,22,16,3,4,1,3,1,0,4,1,2,2,29,37
"3908",8,6,28,22,21,6,25,22,17,3,0,0,6,3,4,3,4,2,2,32,41
"3909",9,8,34,25,21,6,28,22,21,6,3,0,3,0,0,6,3,2,1,40,44
"3910",10,12,34,25,31,8,34,25,21,3,4,6,3,6,0,4,6,1,2,44,54
"3911",11,12,37,27,31,12,34,25,31,3,0,0,2,5,4,3,2,2,1,47,56
"3912",12,12,37,27,31,12,37,27,31,5,4,0,NA,0,0,0,0,0,0,47,56
"3913",0,0,0,0,0,0,0,0,0,0,0,0,0,0,0,0,0,0,0,0,0
"3914",1,5,1,1,4,1,1,1,1,1,3,4,1,3,0,4,3,1,2,4,3
"3915",2,5,2,1,9,5,1,1,4,1,0,0,5,5,6,1,5,2,2,5,8
"3916",3,16,8,1,14,5,2,1,9,5,6,0,5,0,0,6,5,1,2,22,13
"3917",4,21,1,1,31,16,8,1,14,3,6,5,3,6,0,5,6,1,2,20,30
"3918",5,24,1,1,38,21,1,1,31,3,0,0,1,3,6,3,6,1,2,23,37
"3919",6,27,1,3,39,24,1,1,38,1,3,0,1,0,0,3,1,1,2,26,78
"3920",7,27,4,6,39,27,1,3,39,3,3,5,3,5,0,3,3,2,1,29,81
"3921",8,32,4,9,39,27,4,6,39,5,0,0,3,3,4,5,3,1,1,34,84
"3922",9,36,4,12,39,32,4,9,39,3,4,0,3,0,0,4,3,1,1,38,87
"3923",10,36,8,21,39,36,4,12,39,4,2,6,2,6,0,4,6,2,1,42,96
"3924",11,38,8,23,39,36,8,21,39,2,0,0,2,3,5,2,2,1,1,44,98
"3925",12,38,8,23,39,38,8,23,39,3,5,0,NA,0,0,0,0,0,0,44,98
"3926",0,0,0,0,0,0,0,0,0,0,0,0,0,0,0,0,0,0,0,0,0
"3927",1,7,7,1,4,1,1,1,1,3,1,6,3,1,0,6,3,2,2,12,3
"3928",2,8,7,1,9,7,7,1,4,1,0,0,5,3,5,1,5,1,2,13,8
"3929",3,13,7,1,12,8,7,1,9,3,5,0,3,0,0,5,3,1,2,18,11
"3930",4,13,11,3,12,13,7,1,12,4,1,2,1,2,0,4,2,2,1,22,13
"3931",5,13,12,3,16,13,11,3,12,1,0,0,2,6,4,1,4,2,2,23,17
"3932",6,17,18,3,18,13,12,3,16,2,6,0,2,0,0,6,2,2,2,33,19
"3933",7,17,19,3,20,17,18,3,18,4,1,2,4,2,0,1,2,2,2,34,21
"3934",8,21,1,2,22,17,19,3,20,4,0,0,4,4,1,4,1,1,1,20,22
"3935",9,21,5,2,26,21,1,2,22,4,4,0,4,0,0,4,4,2,2,24,26
"3936",10,27,14,2,31,21,5,2,26,4,5,6,4,5,0,6,5,2,2,39,31
"3937",11,27,18,6,31,27,14,2,31,4,0,0,4,3,1,4,4,2,1,43,35
"3938",12,27,18,6,31,27,18,6,31,3,1,0,NA,0,0,0,0,0,0,43,35
"3939",0,0,0,0,0,0,0,0,0,0,0,0,0,0,0,0,0,0,0,0,0
"3940",1,6,1,7,2,1,1,1,1,5,6,5,6,5,0,5,6,1,1,5,7
"3941",2,11,1,7,7,6,1,7,2,5,0,0,5,6,2,5,5,1,2,10,12
"3942",3,11,11,7,9,11,1,7,7,6,2,0,2,0,0,6,2,2,2,20,14
"3943",4,17,14,13,13,11,11,7,9,2,6,6,2,6,0,6,6,1,1,29,24
"3944",5,17,16,13,18,17,14,13,13,2,0,0,1,4,5,2,5,2,2,31,29
"3945",6,17,20,14,18,17,16,13,18,1,4,0,1,0,0,4,1,2,1,35,30
"3946",7,26,26,14,28,17,20,14,18,6,1,6,1,6,0,6,6,1,2,50,40
"3947",8,26,27,14,29,26,26,14,28,1,0,0,2,1,4,1,1,2,2,51,41
"3948",9,26,31,16,29,26,27,14,29,2,4,0,2,0,0,4,2,2,1,55,43
"3949",10,32,38,16,33,26,31,16,29,6,4,3,4,3,0,6,4,2,2,68,47
"3950",11,35,38,25,39,32,38,16,33,3,0,0,3,6,2,3,6,1,2,71,100
"3951",12,35,38,25,39,35,38,25,39,3,2,0,NA,0,0,0,0,0,0,71,100
"3952",0,0,0,0,0,0,0,0,0,0,0,0,0,0,0,0,0,0,0,0,0
"3953",1,4,1,1,3,1,1,1,1,3,1,2,1,2,0,3,2,1,2,3,2
"3954",2,5,1,11,3,4,1,1,3,1,0,0,5,6,2,1,6,1,1,4,12
"3955",3,5,6,11,5,5,1,11,3,5,2,0,2,0,0,5,2,2,2,9,14
"3956",4,5,17,15,5,5,6,11,5,6,4,2,4,2,0,6,4,2,1,20,18
"3957",5,7,17,19,5,5,17,15,5,2,0,0,1,4,4,2,4,1,1,22,22
"3958",6,7,21,20,5,7,17,19,5,1,4,0,1,0,0,4,1,2,1,26,23
"3959",7,7,1,29,14,7,21,20,5,5,6,4,6,4,0,5,6,2,1,6,41
"3960",8,11,3,6,14,7,1,29,14,4,0,0,5,3,1,4,5,1,1,12,18
"3961",9,14,3,7,14,11,3,6,14,3,1,0,1,0,0,3,1,1,1,15,19
"3962",10,14,8,11,14,14,3,7,14,4,5,1,4,1,0,5,4,2,1,20,23
"3963",11,15,8,12,14,14,8,11,14,1,0,0,1,5,4,1,1,1,1,21,24
"3964",12,15,8,12,14,15,8,12,14,5,4,0,NA,0,0,0,0,0,0,21,24
"3965",0,0,0,0,0,0,0,0,0,0,0,0,0,0,0,0,0,0,0,0,0
"3966",1,5,1,1,6,1,1,1,1,5,4,4,5,4,0,4,5,1,2,4,5
"3967",2,9,1,1,17,5,1,1,6,4,0,0,6,2,6,4,6,1,2,8,16
"3968",3,17,1,1,19,9,1,1,17,2,6,0,2,0,0,6,2,1,2,16,18
"3969",4,27,1,1,21,17,1,1,19,6,4,2,4,2,0,6,2,1,2,26,20
"3970",5,31,1,6,21,27,1,1,21,4,0,0,1,5,3,4,5,1,1,30,25
"3971",6,32,1,9,21,31,1,6,21,1,3,0,3,0,0,1,3,1,1,31,28
"3972",7,32,5,9,5,32,1,9,21,2,4,1,4,1,0,2,4,2,2,35,12
"3973",8,1,6,14,10,32,5,9,5,1,0,0,5,4,3,1,5,2,1,5,22
"3974",9,1,10,14,13,1,6,14,10,4,3,0,3,0,0,4,3,2,2,9,25
"3975",10,4,10,25,19,1,10,14,13,3,6,2,6,2,0,3,6,1,2,12,42
"3976",11,6,10,25,23,4,10,25,19,2,0,0,4,6,6,2,4,1,2,14,46
"3977",12,6,10,25,23,6,10,25,23,6,6,0,NA,0,0,0,0,0,0,14,46
"3978",0,0,0,0,0,0,0,0,0,0,0,0,0,0,0,0,0,0,0,0,0
"3979",1,1,6,1,4,1,1,1,1,5,2,3,2,3,0,5,3,2,2,5,3
"3980",2,1,8,2,4,1,6,1,4,2,0,0,1,1,4,2,1,2,1,7,4
"3981",3,1,12,3,4,1,8,2,4,1,4,0,1,0,0,4,1,2,1,11,5
"3982",4,1,20,3,8,1,12,3,4,6,2,4,2,4,0,6,4,2,2,19,9
"3983",5,3,20,3,15,1,20,3,8,2,0,0,6,2,1,2,6,1,2,21,16
"3984",6,5,20,3,16,3,20,3,15,2,1,0,1,0,0,2,1,1,2,23,17
"3985",7,5,23,3,21,5,20,3,16,5,3,3,5,3,0,3,5,2,2,26,22
"3986",8,8,1,9,21,5,23,3,21,3,0,0,2,4,3,3,2,1,1,7,28
"3987",9,11,1,9,25,8,1,9,21,4,3,0,4,0,0,3,4,1,2,10,32
"3988",10,11,8,9,5,11,1,9,25,3,4,6,3,4,0,6,4,2,2,17,12
"3989",11,11,11,9,15,11,8,9,5,3,0,0,4,1,6,3,6,2,2,20,22
"3990",12,11,11,9,15,11,11,9,15,4,1,0,NA,0,0,0,0,0,0,20,22
"3991",0,0,0,0,0,0,0,0,0,0,0,0,0,0,0,0,0,0,0,0,0
"3992",1,12,1,5,1,1,1,1,1,2,6,4,2,4,0,6,4,1,1,11,4
"3993",2,14,1,10,1,12,1,5,1,2,0,0,3,5,6,2,5,1,1,13,9
"3994",3,20,6,13,1,14,1,10,1,3,6,0,3,0,0,6,3,1,1,24,12
"3995",4,20,7,17,1,20,6,13,1,4,3,1,4,3,0,1,4,2,1,25,16
"3996",5,20,1,29,1,20,7,17,1,3,0,0,5,6,5,3,6,2,1,19,28
"3997",6,25,1,34,1,20,1,29,1,5,5,0,5,0,0,5,5,1,1,24,33
"3998",7,26,1,34,10,25,1,34,1,1,6,1,6,1,0,1,6,1,2,25,42
"3999",8,26,2,38,10,26,1,34,10,1,0,0,5,4,6,1,4,2,1,26,46
"4000",9,1,2,38,17,26,2,38,10,5,6,0,5,0,0,6,5,1,2,1,53
"4001",10,4,2,38,26,1,2,38,17,3,6,3,6,3,0,3,6,1,2,4,62
"4002",11,7,2,38,31,4,2,38,26,3,0,0,5,2,5,3,5,1,2,7,67
"4003",12,7,2,38,31,7,2,38,31,2,5,0,NA,0,0,0,0,0,0,7,67
"4004",0,0,0,0,0,0,0,0,0,0,0,0,0,0,0,0,0,0,0,0,0
"4005",1,1,4,9,1,1,1,1,1,1,6,3,1,6,0,3,6,2,1,3,8
"4006",2,1,5,17,7,1,4,9,1,1,0,0,6,3,4,1,6,2,1,4,22
"4007",3,1,9,17,10,1,5,17,7,3,4,0,3,0,0,4,3,2,2,8,25
"4008",4,5,9,17,19,1,9,17,10,6,4,3,6,3,0,4,6,1,2,12,34
"4009",5,5,12,17,26,5,9,17,19,3,0,0,6,3,5,3,6,2,2,15,41
"4010",6,8,17,17,6,5,12,17,26,3,5,0,5,0,0,3,5,1,2,23,21
"4011",7,19,17,22,6,8,17,17,6,5,4,6,5,4,0,6,5,1,1,34,26
"4012",8,23,17,26,6,19,17,22,6,4,0,0,6,5,4,4,4,1,1,38,30
"4013",9,26,23,31,6,23,17,26,6,6,5,0,5,0,0,6,5,2,1,47,35
"4014",10,26,28,37,11,26,23,31,6,3,5,6,3,6,0,5,6,2,1,52,46
"4015",11,26,31,38,11,26,28,37,11,3,0,0,3,6,1,3,1,2,1,55,47
"4016",12,26,31,38,11,26,31,38,11,3,6,0,NA,0,0,0,0,0,0,55,47
"4017",0,0,0,0,0,0,0,0,0,0,0,0,0,0,0,0,0,0,0,0,0
"4018",1,1,2,1,4,1,1,1,1,2,1,3,2,3,0,1,3,2,2,1,3
"4019",2,3,2,1,7,1,2,1,4,2,0,0,3,3,6,2,3,1,2,3,6
"4020",3,5,8,4,7,3,2,1,7,3,6,0,3,0,0,6,3,2,1,11,9
"4021",4,10,8,7,7,5,8,4,7,5,3,1,3,1,0,5,3,1,1,16,12
"4022",5,10,9,7,11,10,8,7,7,1,0,0,4,5,2,1,4,2,2,17,16
"4023",6,10,14,7,13,10,9,7,11,5,2,0,2,0,0,5,2,2,2,22,18
"4024",7,12,20,12,13,10,14,7,13,6,5,3,5,3,0,6,5,2,1,30,23
"4025",8,15,20,12,18,12,20,12,13,3,0,0,5,4,4,3,5,1,2,33,28
"4026",9,19,20,12,22,15,20,12,18,4,4,0,4,0,0,4,4,1,2,37,32
"4027",10,22,20,14,22,19,20,12,22,3,2,2,2,2,0,3,2,1,1,40,34
"4028",11,22,22,18,22,22,20,14,22,2,0,0,4,2,4,2,4,2,1,42,38
"4029",12,22,22,18,22,22,22,18,22,2,4,0,NA,0,0,0,0,0,0,42,38
"4030",0,0,0,0,0,0,0,0,0,0,0,0,0,0,0,0,0,0,0,0,0
"4031",1,1,6,1,2,1,1,1,1,1,5,1,1,1,0,5,1,2,2,5,1
"4032",2,2,6,2,2,1,6,1,2,1,0,0,4,2,1,1,1,1,1,6,2
"4033",3,2,10,2,4,2,6,2,2,4,2,0,2,0,0,4,2,2,2,10,4
"4034",4,7,16,7,4,2,10,2,4,6,5,5,5,5,0,6,5,2,1,21,9
"4035",5,12,16,11,4,7,16,7,4,5,0,0,4,2,4,5,4,1,1,26,13
"4036",6,16,16,11,6,12,16,11,4,2,4,0,2,0,0,4,2,1,2,30,15
"4037",7,17,22,12,6,16,16,11,6,1,6,2,1,2,0,6,1,2,1,37,16
"4038",8,19,22,16,6,17,22,12,6,2,0,0,4,5,3,2,4,1,1,39,20
"4039",9,19,25,21,6,19,22,16,6,5,3,0,5,0,0,3,5,2,1,42,25
"4040",10,1,28,26,7,19,25,21,6,6,1,1,1,1,0,6,1,1,2,27,31
"4041",11,2,28,28,7,1,28,26,7,1,0,0,2,4,2,1,2,1,1,28,33
"4042",12,2,28,28,7,2,28,28,7,4,2,0,NA,0,0,0,0,0,0,28,33
"4043",0,0,0,0,0,0,0,0,0,0,0,0,0,0,0,0,0,0,0,0,0
"4044",1,5,1,1,10,1,1,1,1,2,4,6,2,6,0,4,6,1,2,4,9
"4045",2,5,3,3,10,5,1,1,10,2,0,0,2,2,2,2,2,2,1,6,11
"4046",3,7,3,5,10,5,3,3,10,2,2,0,2,0,0,2,2,1,1,8,13
"4047",4,7,7,5,15,7,3,5,10,4,3,5,3,5,0,4,5,2,2,12,18
"4048",5,7,10,7,21,7,7,5,15,3,0,0,6,2,1,3,6,2,2,15,26
"4049",6,9,10,8,21,7,10,7,21,2,1,0,1,0,0,2,1,1,1,17,27
"4050",7,10,10,8,22,9,10,8,21,1,1,1,1,1,0,1,1,1,2,18,28
"4051",8,10,11,15,22,10,10,8,22,1,0,0,6,6,4,1,6,2,1,19,35
"4052",9,10,19,19,22,10,11,15,22,6,4,0,4,0,0,6,4,2,1,27,39
"4053",10,15,19,24,22,10,19,19,22,5,1,5,1,5,0,5,5,1,1,32,44
"4054",11,16,19,29,22,15,19,24,22,1,0,0,5,6,5,1,5,1,1,33,49
"4055",12,16,19,29,22,16,19,29,22,6,5,0,NA,0,0,0,0,0,0,33,49
"4056",0,0,0,0,0,0,0,0,0,0,0,0,0,0,0,0,0,0,0,0,0
"4057",1,12,1,1,2,1,1,1,1,6,2,1,2,1,0,6,1,1,2,11,1
"4058",2,12,3,1,5,12,1,1,2,2,0,0,3,3,1,2,3,2,2,13,4
"4059",3,15,3,1,6,12,3,1,5,3,1,0,1,0,0,3,1,1,2,16,5
"4060",4,16,3,1,16,15,3,1,6,5,1,6,5,6,0,1,6,1,2,17,15
"4061",5,16,8,1,19,16,3,1,16,5,0,0,1,2,3,5,3,2,2,22,18
"4062",6,16,10,2,19,16,8,1,19,1,2,0,1,0,0,2,1,2,1,24,19
"4063",7,16,12,2,22,16,10,2,19,3,3,2,3,3,0,2,3,2,2,26,22
"4064",8,16,15,9,28,16,12,2,22,3,0,0,6,4,6,3,6,2,2,29,35
"4065",9,22,17,9,32,16,15,9,28,4,6,0,4,0,0,6,4,1,2,37,39
"4066",10,32,23,1,35,22,17,9,32,3,1,6,3,1,0,6,3,2,2,53,34
"4067",11,33,23,6,35,32,23,1,35,1,0,0,6,6,5,1,5,1,1,54,39
"4068",12,33,23,6,35,33,23,6,35,6,6,0,NA,0,0,0,0,0,0,54,39
"4069",0,0,0,0,0,0,0,0,0,0,0,0,0,0,0,0,0,0,0,0,0
"4070",1,1,6,5,1,1,1,1,1,5,4,4,4,4,0,5,4,2,1,5,4
"4071",2,1,10,5,6,1,6,5,1,4,0,0,5,6,6,4,5,2,2,9,9
"4072",3,9,10,5,15,1,10,5,6,6,6,0,6,0,0,6,6,1,2,17,18
"4073",4,14,10,5,20,9,10,5,15,5,5,4,5,4,0,5,5,1,2,22,23
"4074",5,14,14,10,20,14,10,5,20,4,0,0,1,5,3,4,5,2,1,26,28
"4075",6,14,17,10,21,14,14,10,20,1,3,0,1,0,0,3,1,2,2,29,29
"4076",7,14,21,10,24,14,17,10,21,1,3,4,1,3,0,4,3,2,2,33,32
"4077",8,15,21,16,26,14,21,10,24,1,0,0,3,3,6,1,6,1,1,34,40
"4078",9,15,24,19,26,15,21,16,26,3,3,0,3,0,0,3,3,2,1,37,43
"4079",10,20,24,28,26,15,24,19,26,1,5,6,1,6,0,5,6,1,1,42,52
"4080",11,21,24,33,26,20,24,28,26,1,0,0,5,4,6,1,5,1,1,43,57
"4081",12,21,24,33,26,21,24,33,26,4,6,0,NA,0,0,0,0,0,0,43,57
"4082",0,0,0,0,0,0,0,0,0,0,0,0,0,0,0,0,0,0,0,0,0
"4083",1,9,1,4,1,1,1,1,1,3,6,1,3,1,0,6,3,1,1,8,3
"4084",2,10,1,4,5,9,1,4,1,1,0,0,4,1,6,1,4,1,2,9,7
"4085",3,19,1,4,6,10,1,4,5,1,6,0,1,0,0,6,1,1,2,18,8
"4086",4,19,4,4,7,19,1,4,6,1,3,1,1,1,0,3,1,2,2,21,9
"4087",5,20,4,4,12,19,4,4,7,1,0,0,5,1,5,1,5,1,2,22,14
"4088",6,25,4,4,13,20,4,4,12,1,5,0,1,0,0,5,1,1,2,27,15
"4089",7,28,4,4,18,25,4,4,13,3,5,3,5,3,0,3,5,1,2,30,20
"4090",8,28,7,9,18,28,4,4,18,3,0,0,2,1,5,3,5,2,1,33,25
"4091",9,28,8,9,20,28,7,9,18,2,1,0,2,0,0,1,2,2,2,34,27
"4092",10,33,8,9,25,28,8,9,20,5,5,5,5,5,0,5,5,1,2,39,32
"4093",11,33,13,9,29,33,8,9,25,5,0,0,4,5,2,5,4,2,2,44,36
"4094",12,33,13,9,29,33,13,9,29,5,2,0,NA,0,0,0,0,0,0,44,36
"4095",0,0,0,0,0,0,0,0,0,0,0,0,0,0,0,0,0,0,0,0,0
"4096",1,1,4,3,1,1,1,1,1,3,2,3,2,3,0,3,2,2,1,3,2
"4097",2,1,7,3,6,1,4,3,1,3,0,0,4,6,5,3,5,2,2,6,7
"4098",3,5,13,3,10,1,7,3,6,4,6,0,4,0,0,6,4,2,2,16,11
"4099",4,9,13,6,10,5,13,3,10,4,1,3,1,3,0,4,3,1,1,20,14
"4100",5,10,13,6,15,9,13,6,10,1,0,0,1,5,5,1,5,1,2,21,19
"4101",6,15,13,6,16,10,13,6,15,1,5,0,1,0,0,5,1,1,2,26,20
"4102",7,16,13,6,18,15,13,6,16,2,1,2,2,2,0,1,2,1,2,27,22
"4103",8,18,13,10,18,16,13,6,18,2,0,0,1,4,2,2,4,1,1,29,26
"4104",9,20,13,11,18,18,13,10,18,1,2,0,1,0,0,2,1,1,1,31,27
"4105",10,20,20,12,18,20,13,11,18,6,1,1,1,1,0,6,1,2,1,38,28
"4106",11,21,20,12,23,20,20,12,18,1,0,0,6,4,5,1,5,1,2,39,33
"4107",12,21,20,12,23,21,20,12,23,6,4,0,NA,0,0,0,0,0,0,39,33
"4108",0,0,0,0,0,0,0,0,0,0,0,0,0,0,0,0,0,0,0,0,0
"4109",1,5,1,8,1,1,1,1,1,6,4,6,6,6,0,4,6,1,1,4,7
"4110",2,10,7,13,1,5,1,8,1,6,0,0,1,5,3,6,5,2,1,15,12
"4111",3,13,7,14,1,10,7,13,1,1,3,0,1,0,0,3,1,1,1,18,13
"4112",4,13,11,20,2,13,7,14,1,6,4,5,6,5,0,4,6,2,1,22,20
"4113",5,13,16,23,2,13,11,20,2,5,0,0,2,3,6,5,3,2,1,27,23
"4114",6,24,16,25,2,13,16,23,2,2,6,0,2,0,0,6,2,1,1,38,25
"4115",7,35,16,25,5,24,16,25,2,3,1,6,3,1,0,6,3,1,2,49,28
"4116",8,36,16,29,5,35,16,25,5,1,0,0,5,6,4,1,4,1,1,50,32
"4117",9,36,27,34,5,36,16,29,5,5,6,0,5,0,0,6,5,2,1,61,37
"4118",10,39,30,37,11,36,27,34,5,6,1,3,6,1,0,3,6,1,2,105,46
"4119",11,39,31,41,11,39,30,37,11,1,0,0,4,5,6,1,4,2,1,106,50
"4120",12,39,31,41,11,39,31,41,11,5,6,0,NA,0,0,0,0,0,0,106,50
"4121",0,0,0,0,0,0,0,0,0,0,0,0,0,0,0,0,0,0,0,0,0
"4122",1,2,1,1,4,1,1,1,1,1,2,3,2,3,0,1,3,1,2,1,3
"4123",2,4,1,1,14,2,1,1,4,2,0,0,1,6,1,2,6,1,2,3,13
"4124",3,4,2,2,14,4,1,1,14,1,1,0,1,0,0,1,1,2,1,4,14
"4125",4,4,4,6,14,4,2,2,14,2,4,1,4,1,0,2,4,2,1,6,18
"4126",5,5,4,11,14,4,4,6,14,1,0,0,3,3,5,1,5,1,1,7,23
"4127",6,5,7,14,14,5,4,11,14,3,3,0,3,0,0,3,3,2,1,10,26
"4128",7,5,12,17,14,5,7,14,14,2,5,3,2,3,0,5,3,2,1,15,29
"4129",8,7,12,23,16,5,12,17,14,2,0,0,2,5,6,2,6,1,1,17,37
"4130",9,9,12,23,21,7,12,23,16,2,5,0,5,0,0,2,5,1,2,19,42
"4131",10,10,12,25,21,9,12,23,21,2,6,1,2,6,0,1,2,1,1,20,44
"4132",11,10,22,27,21,10,12,25,21,6,0,0,2,1,3,6,2,2,1,30,46
"4133",12,10,22,27,21,10,22,27,21,1,3,0,NA,0,0,0,0,0,0,30,46
"4134",0,0,0,0,0,0,0,0,0,0,0,0,0,0,0,0,0,0,0,0,0
"4135",1,1,6,3,1,1,1,1,1,3,5,2,3,2,0,5,2,2,1,5,2
"4136",2,1,9,3,5,1,6,3,1,3,0,0,3,2,4,3,4,2,2,8,6
"4137",3,1,12,3,7,1,9,3,5,3,2,0,2,0,0,3,2,2,2,11,8
"4138",4,6,12,3,12,1,12,3,7,3,5,5,3,5,0,5,5,1,2,16,13
"4139",5,6,15,10,12,6,12,3,12,3,0,0,1,6,5,3,6,2,1,19,20
"4140",6,11,15,10,13,6,15,10,12,1,5,0,1,0,0,5,1,1,2,24,21
"4141",7,11,17,10,14,11,15,10,13,2,1,1,1,1,0,2,1,2,2,26,22
"4142",8,12,17,13,14,11,17,10,14,1,0,0,2,2,3,1,3,1,1,27,25
"4143",9,14,17,13,16,12,17,13,14,2,2,0,2,0,0,2,2,1,2,29,27
"4144",10,19,17,16,16,14,17,13,16,5,3,1,3,1,0,5,3,1,1,34,30
"4145",11,20,17,16,20,19,17,16,16,1,0,0,1,6,4,1,4,1,2,35,34
"4146",12,20,17,16,20,20,17,16,20,1,6,0,NA,0,0,0,0,0,0,35,34
"4147",0,0,0,0,0,0,0,0,0,0,0,0,0,0,0,0,0,0,0,0,0
"4148",1,1,5,3,1,1,1,1,1,4,2,1,2,1,0,4,2,2,1,4,2
"4149",2,2,5,12,1,1,5,3,1,1,0,0,1,5,6,1,6,1,1,5,11
"4150",3,2,10,13,1,2,5,12,1,1,5,0,1,0,0,5,1,2,1,10,12
"4151",4,3,10,13,11,2,10,13,1,6,1,2,6,2,0,1,6,1,2,11,22
"4152",5,5,10,13,15,3,10,13,11,2,0,0,2,4,4,2,4,1,2,13,26
"4153",6,9,10,13,17,5,10,13,15,2,4,0,2,0,0,4,2,1,2,17,28
"4154",7,9,13,15,17,9,10,13,17,1,3,2,1,2,0,3,2,2,1,20,30
"4155",8,9,14,20,17,9,13,15,17,1,0,0,5,5,4,1,5,2,1,21,35
"4156",9,9,18,20,22,9,14,20,17,5,4,0,5,0,0,4,5,2,2,25,40
"4157",10,13,18,29,28,9,18,20,22,2,6,4,2,6,0,4,6,1,1,29,55
"4158",11,13,20,34,28,13,18,29,28,2,0,0,5,4,2,2,5,2,1,31,60
"4159",12,13,20,34,28,13,20,34,28,4,2,0,NA,0,0,0,0,0,0,31,60
"4160",0,0,0,0,0,0,0,0,0,0,0,0,0,0,0,0,0,0,0,0,0
"4161",1,2,1,10,1,1,1,1,1,6,5,1,6,5,0,1,6,1,1,1,9
"4162",2,7,1,15,1,2,1,10,1,5,0,0,5,2,5,5,5,1,1,6,14
"4163",3,12,1,17,1,7,1,15,1,2,5,0,2,0,0,5,2,1,1,11,16
"4164",4,1,7,17,6,12,1,17,1,3,6,4,3,4,0,6,4,1,2,6,21
"4165",5,1,10,17,11,1,7,17,6,3,0,0,5,5,5,3,5,2,2,9,26
"4166",6,6,10,17,16,1,10,17,11,5,5,0,5,0,0,5,5,1,2,14,31
"4167",7,6,18,17,27,6,10,17,16,3,6,6,3,6,0,6,6,2,2,22,42
"4168",8,11,18,22,1,6,18,17,27,3,0,0,5,5,5,3,5,1,1,27,21
"4169",9,16,18,27,1,11,18,22,1,5,5,0,5,0,0,5,5,1,1,32,26
"4170",10,18,18,31,1,16,18,27,1,2,1,4,1,4,0,2,4,1,1,34,30
"4171",11,18,19,31,5,18,18,31,1,1,0,0,1,4,5,1,4,2,2,35,34
"4172",12,18,19,31,5,18,19,31,5,1,5,0,NA,0,0,0,0,0,0,35,34
"4173",0,0,0,0,0,0,0,0,0,0,0,0,0,0,0,0,0,0,0,0,0
"4174",1,5,1,5,1,1,1,1,1,1,4,4,1,4,0,4,4,1,1,4,4
"4175",2,5,2,5,5,5,1,5,1,1,0,0,3,3,4,1,4,2,2,5,8
"4176",3,8,2,8,5,5,2,5,5,3,3,0,3,0,0,3,3,1,1,8,11
"4177",4,16,2,8,10,8,2,8,5,6,5,5,5,5,0,6,5,1,2,16,16
"4178",5,16,7,12,10,16,2,8,10,5,0,0,4,4,2,5,4,2,1,21,20
"4179",6,20,7,12,12,16,7,12,10,4,2,0,2,0,0,4,2,1,2,25,22
"4180",7,25,7,14,12,20,7,12,12,2,2,5,2,2,0,5,2,1,1,30,24
"4181",8,27,7,19,12,25,7,14,12,2,0,0,1,5,5,2,5,1,1,32,29
"4182",9,27,12,20,12,27,7,19,12,1,5,0,1,0,0,5,1,2,1,37,30
"4183",10,34,12,20,3,27,12,20,12,2,2,3,2,2,0,3,2,1,2,44,21
"4184",11,36,12,25,3,34,12,20,3,2,0,0,5,6,1,2,5,1,1,46,26
"4185",12,36,12,25,3,36,12,25,3,6,1,0,NA,0,0,0,0,0,0,46,26
"4186",0,0,0,0,0,0,0,0,0,0,0,0,0,0,0,0,0,0,0,0,0
"4187",1,1,5,1,4,1,1,1,1,2,3,4,2,3,0,4,3,2,2,4,3
"4188",2,1,7,3,4,1,5,1,4,2,0,0,1,2,1,2,2,2,1,6,5
"4189",3,1,8,3,5,1,7,3,4,1,1,0,1,0,0,1,1,2,2,7,6
"4190",4,4,14,7,5,1,8,3,5,4,6,2,4,2,0,6,4,2,1,16,10
"4191",5,4,16,7,10,4,14,7,5,2,0,0,6,1,5,2,5,2,2,18,15
"4192",6,6,22,7,11,4,16,7,10,6,1,0,1,0,0,6,1,2,2,26,16
"4193",7,15,22,7,12,6,22,7,11,1,6,5,1,5,0,6,1,1,2,35,17
"4194",8,20,22,7,23,15,22,7,12,5,0,0,4,6,1,5,6,1,2,40,28
"4195",9,24,22,7,24,20,22,7,23,4,1,0,1,0,0,4,1,1,2,44,29
"4196",10,26,22,7,28,24,22,7,24,2,4,4,4,4,0,2,4,1,2,46,33
"4197",11,26,26,7,31,26,22,7,28,4,0,0,2,3,1,4,3,2,2,50,36
"4198",12,26,26,7,31,26,26,7,31,2,1,0,NA,0,0,0,0,0,0,50,36
"4199",0,0,0,0,0,0,0,0,0,0,0,0,0,0,0,0,0,0,0,0,0
"4200",1,1,5,1,5,1,1,1,1,2,4,4,2,4,0,4,4,2,2,4,4
"4201",2,3,5,7,6,1,5,1,5,2,0,0,3,3,6,2,6,1,1,6,11
"4202",3,6,5,10,6,3,5,7,6,3,3,0,3,0,0,3,3,1,1,9,14
"4203",4,6,8,12,6,6,5,10,6,2,1,3,2,1,0,3,2,2,1,12,16
"4204",5,6,9,12,11,6,8,12,6,1,0,0,3,4,5,1,5,2,2,13,21
"4205",6,6,13,15,11,6,9,12,11,3,4,0,3,0,0,4,3,2,1,17,24
"4206",7,11,13,19,11,6,13,15,11,4,5,3,4,3,0,5,4,1,1,22,28
"4207",8,11,16,19,16,11,13,19,11,3,0,0,4,4,5,3,5,2,2,25,33
"4208",9,15,16,23,16,11,16,19,16,4,4,0,4,0,0,4,4,1,1,29,37
"4209",10,15,19,27,16,15,16,23,16,3,2,4,2,4,0,3,4,2,1,32,41
"4210",11,17,19,30,16,15,19,27,16,2,0,0,3,5,3,2,3,1,1,34,44
"4211",12,17,19,30,16,17,19,30,16,5,3,0,NA,0,0,0,0,0,0,34,44
"4212",0,0,0,0,0,0,0,0,0,0,0,0,0,0,0,0,0,0,0,0,0
"4213",1,1,4,5,1,1,1,1,1,3,3,4,3,4,0,3,4,2,1,3,4
"4214",2,1,7,8,1,1,4,5,1,3,0,0,3,6,1,3,3,2,1,6,7
"4215",3,7,9,8,2,1,7,8,1,6,1,0,1,0,0,6,1,1,2,14,8
"4216",4,16,9,13,2,7,9,8,2,6,2,5,2,5,0,6,5,1,1,23,13
"4217",5,18,9,17,2,16,9,13,2,2,0,0,1,1,4,2,4,1,1,25,17
"4218",6,18,10,18,2,18,9,17,2,1,1,0,1,0,0,1,1,2,1,26,18
"4219",7,18,15,18,4,18,10,18,2,5,2,1,2,1,0,5,2,2,2,31,20
"4220",8,18,16,22,4,18,15,18,4,1,0,0,6,5,4,1,4,2,1,32,24
"4221",9,18,23,27,1,18,16,22,4,6,5,0,5,0,0,6,5,2,1,39,26
"4222",10,19,23,30,1,18,23,27,1,1,3,1,3,1,0,1,3,1,1,40,29
"4223",11,19,1,33,6,19,23,30,1,1,0,0,3,4,5,1,5,2,2,18,37
"4224",12,19,1,33,6,19,1,33,6,3,4,0,NA,0,0,0,0,0,0,18,37
"4225",0,0,0,0,0,0,0,0,0,0,0,0,0,0,0,0,0,0,0,0,0
"4226",1,6,1,4,1,1,1,1,1,3,5,1,3,1,0,5,3,1,1,5,3
"4227",2,6,2,4,5,6,1,4,1,1,0,0,6,4,4,1,4,2,2,6,7
"4228",3,16,2,8,5,6,2,4,5,6,4,0,4,0,0,6,4,1,1,16,11
"4229",4,16,4,13,5,16,2,8,5,2,1,5,1,5,0,2,5,2,1,18,16
"4230",5,16,5,13,10,16,4,13,5,1,0,0,1,5,1,1,5,2,2,19,21
"4231",6,16,6,13,11,16,5,13,10,1,1,0,1,0,0,1,1,2,2,20,22
"4232",7,16,17,13,16,16,6,13,11,3,6,5,3,5,0,6,5,2,2,31,27
"4233",8,16,20,13,19,16,17,13,16,3,0,0,1,3,3,3,3,2,2,34,30
"4234",9,16,23,14,19,16,20,13,19,1,3,0,1,0,0,3,1,2,1,37,31
"4235",10,20,29,14,24,16,23,14,19,5,5,6,5,5,0,6,5,2,2,47,36
"4236",11,25,29,15,24,20,29,14,24,5,0,0,1,5,3,5,1,1,1,52,37
"4237",12,25,29,15,24,25,29,15,24,5,3,0,NA,0,0,0,0,0,0,52,37
"4238",0,0,0,0,0,0,0,0,0,0,0,0,0,0,0,0,0,0,0,0,0
"4239",1,9,1,1,9,1,1,1,1,6,4,6,4,6,0,6,6,1,2,8,8
"4240",2,9,5,4,9,9,1,1,9,4,0,0,3,1,3,4,3,2,1,12,11
"4241",3,12,5,5,9,9,5,4,9,1,3,0,1,0,0,3,1,1,1,15,12
"4242",4,17,5,10,9,12,5,5,9,5,2,5,2,5,0,5,5,1,1,20,17
"4243",5,17,7,15,9,17,5,10,9,2,0,0,1,1,5,2,5,2,1,22,22
"4244",6,18,7,15,10,17,7,15,9,1,1,0,1,0,0,1,1,1,2,23,23
"4245",7,39,18,9,1,18,7,15,10,6,2,6,2,6,0,6,6,1,1,93,8
"4246",8,39,20,14,1,39,18,9,1,2,0,0,2,5,5,2,5,2,1,95,13
"4247",9,39,22,19,1,39,20,14,1,2,5,0,5,0,0,2,5,2,1,97,18
"4248",10,39,26,19,2,39,22,19,1,3,4,1,3,1,0,4,1,2,2,101,19
"4249",11,39,29,27,2,39,26,19,2,3,0,0,6,3,4,3,6,2,1,104,27
"4250",12,39,29,27,2,39,29,27,2,3,4,0,NA,0,0,0,0,0,0,104,27
"4251",0,0,0,0,0,0,0,0,0,0,0,0,0,0,0,0,0,0,0,0,0
"4252",1,11,1,1,3,1,1,1,1,4,2,6,4,2,0,6,2,1,2,10,2
"4253",2,11,5,3,3,11,1,1,3,4,0,0,2,1,4,4,2,2,1,14,4
"4254",3,11,9,3,4,11,5,3,3,1,4,0,1,0,0,4,1,2,2,18,5
"4255",4,11,14,3,9,11,9,3,4,5,2,5,2,5,0,5,5,2,2,23,10
"4256",5,13,14,3,13,11,14,3,9,2,0,0,2,3,4,2,4,1,2,25,14
"4257",6,13,17,5,13,13,14,3,13,2,3,0,2,0,0,3,2,2,1,28,16
"4258",7,16,17,5,17,13,17,5,13,3,3,4,3,4,0,3,4,1,2,31,20
"4259",8,19,17,5,21,16,17,5,17,3,0,0,5,3,4,3,4,1,2,34,24
"4260",9,24,17,5,24,19,17,5,21,5,3,0,3,0,0,5,3,1,2,39,27
"4261",10,37,17,6,24,24,17,5,24,6,3,1,3,1,0,6,1,1,1,52,28
"4262",11,37,20,6,28,37,17,6,24,3,0,0,4,6,4,3,4,2,2,55,32
"4263",12,37,20,6,28,37,20,6,28,6,4,0,NA,0,0,0,0,0,0,55,32
"4264",0,0,0,0,0,0,0,0,0,0,0,0,0,0,0,0,0,0,0,0,0
"4265",1,3,1,6,1,1,1,1,1,5,3,2,5,3,0,2,5,1,1,2,5
"4266",2,6,1,10,1,3,1,6,1,3,0,0,4,1,2,3,4,1,1,5,9
"4267",3,8,1,11,1,6,1,10,1,1,2,0,1,0,0,2,1,1,1,7,10
"4268",4,13,1,16,1,8,1,11,1,2,5,5,2,5,0,5,5,1,1,12,15
"4269",5,15,1,16,4,13,1,16,1,2,0,0,3,4,6,2,3,1,2,14,18
"4270",6,21,3,20,4,15,1,16,4,4,6,0,4,0,0,6,4,1,1,22,22
"4271",7,26,3,20,6,21,3,20,4,1,1,5,1,5,0,1,5,1,2,27,24
"4272",8,1,3,20,11,26,3,20,6,1,0,0,4,3,4,1,3,1,2,2,29
"4273",9,5,3,20,15,1,3,20,11,4,4,0,4,0,0,4,4,1,2,6,33
"4274",10,5,4,20,18,5,3,20,15,3,1,5,3,5,0,1,3,2,2,7,36
"4275",11,10,1,22,29,5,4,20,18,5,0,0,4,2,1,5,2,1,1,9,49
"4276",12,10,1,22,29,10,1,22,29,4,1,0,NA,0,0,0,0,0,0,9,49
"4277",0,0,0,0,0,0,0,0,0,0,0,0,0,0,0,0,0,0,0,0,0
"4278",1,1,3,1,4,1,1,1,1,4,3,2,4,3,0,2,3,2,2,2,3
"4279",2,5,3,7,8,1,3,1,4,4,0,0,1,6,5,4,6,1,1,6,13
"4280",3,5,4,7,13,5,3,7,8,1,5,0,5,0,0,1,5,2,2,7,18
"4281",4,5,7,7,17,5,4,7,13,4,3,1,4,1,0,3,4,2,2,10,22
"4282",5,5,8,14,17,5,7,7,17,1,0,0,6,6,6,1,6,2,1,11,29
"4283",6,5,19,26,19,5,8,14,17,6,6,0,6,0,0,6,6,2,1,22,43
"4284",7,5,20,30,19,5,19,26,19,1,4,1,4,1,0,1,4,2,1,23,47
"4285",8,5,21,34,19,5,20,30,19,1,0,0,3,4,1,1,4,2,1,24,51
"4286",9,5,22,34,22,5,21,34,19,3,1,0,3,0,0,1,3,2,2,25,54
"4287",10,1,22,34,26,5,22,34,22,2,5,3,5,3,0,2,3,1,2,21,58
"4288",11,6,22,39,27,1,22,34,26,5,0,0,5,5,4,5,5,1,1,26,102
"4289",12,6,22,39,27,6,22,39,27,5,4,0,NA,0,0,0,0,0,0,26,102
"4290",0,0,0,0,0,0,0,0,0,0,0,0,0,0,0,0,0,0,0,0,0
"4291",1,2,7,5,1,1,1,1,1,4,1,6,4,1,0,6,4,2,1,7,4
"4292",2,3,7,11,4,2,7,5,1,1,0,0,5,6,3,1,6,1,1,8,13
"4293",3,3,12,11,7,3,7,11,4,5,3,0,3,0,0,5,3,2,2,13,16
"4294",4,4,18,16,7,3,12,11,7,5,1,6,5,1,0,6,5,2,1,20,21
"4295",5,4,19,21,7,4,18,16,7,1,0,0,1,2,5,1,5,2,1,21,26
"4296",6,4,20,21,9,4,19,21,7,1,2,0,2,0,0,1,2,2,2,22,28
"4297",7,4,23,21,17,4,20,21,9,3,5,6,5,6,0,3,6,2,2,25,36
"4298",8,4,28,26,17,4,23,21,17,5,0,0,1,5,1,5,5,2,1,30,41
"4299",9,4,29,26,18,4,28,26,17,1,1,0,1,0,0,1,1,2,2,31,42
"4300",10,5,29,27,18,4,29,26,18,1,1,1,1,1,0,1,1,1,1,32,43
"4301",11,5,30,28,18,5,29,27,18,1,0,0,1,1,4,1,1,2,1,33,44
"4302",12,5,30,28,18,5,30,28,18,1,4,0,NA,0,0,0,0,0,0,33,44
"4303",0,0,0,0,0,0,0,0,0,0,0,0,0,0,0,0,0,0,0,0,0
"4304",1,5,1,1,3,1,1,1,1,4,1,2,1,2,0,4,2,1,2,4,2
"4305",2,5,2,8,9,5,1,1,3,1,0,0,3,1,6,1,6,2,2,5,15
"4306",3,8,2,8,10,5,2,8,9,3,1,0,1,0,0,3,1,1,2,8,16
"4307",4,12,2,8,13,8,2,8,10,3,4,3,3,3,0,4,3,1,2,12,19
"4308",5,15,2,12,13,12,2,8,13,3,0,0,4,5,2,3,4,1,1,15,23
"4309",6,20,2,14,13,15,2,12,13,5,2,0,2,0,0,5,2,1,1,20,25
"4310",7,22,2,17,19,20,2,14,13,1,2,6,1,6,0,2,6,1,2,22,34
"4311",8,23,1,17,25,22,2,17,19,1,0,0,2,5,1,1,1,1,2,22,40
"4312",9,23,6,17,27,23,1,17,25,2,5,0,2,0,0,5,2,2,2,27,42
"4313",10,27,6,20,33,23,6,17,27,4,5,6,5,6,0,4,6,1,2,31,51
"4314",11,27,11,28,33,27,6,20,33,5,0,0,2,6,3,5,6,2,1,36,59
"4315",12,27,11,28,33,27,11,28,33,2,3,0,NA,0,0,0,0,0,0,36,59
"4316",0,0,0,0,0,0,0,0,0,0,0,0,0,0,0,0,0,0,0,0,0
"4317",1,3,1,1,3,1,1,1,1,2,2,3,2,3,0,2,2,1,2,2,2
"4318",2,3,4,3,3,3,1,1,3,3,0,0,1,1,2,3,2,2,1,5,4
"4319",3,4,4,3,4,3,4,3,3,1,1,0,1,0,0,1,1,1,2,6,5
"4320",4,4,7,3,5,4,4,3,4,3,1,1,1,1,0,3,1,2,2,9,6
"4321",5,5,7,8,5,4,7,3,5,1,0,0,5,6,6,1,5,1,1,10,11
"4322",6,10,13,18,5,5,7,8,5,6,6,0,6,0,0,6,6,2,1,21,21
"4323",7,14,13,18,7,10,13,18,5,2,4,2,2,2,0,4,2,1,2,25,23
"4324",8,14,15,22,7,14,13,18,7,2,0,0,4,1,1,2,4,2,1,27,27
"4325",9,15,15,22,8,14,15,22,7,1,1,0,1,0,0,1,1,1,2,28,28
"4326",10,15,20,26,8,15,15,22,8,5,2,4,2,4,0,5,4,2,1,33,32
"4327",11,15,22,26,13,15,20,26,8,2,0,0,5,5,4,2,5,2,2,35,37
"4328",12,15,22,26,13,15,22,26,13,5,4,0,NA,0,0,0,0,0,0,35,37
"4329",0,0,0,0,0,0,0,0,0,0,0,0,0,0,0,0,0,0,0,0,0
"4330",1,3,1,1,13,1,1,1,1,6,2,2,6,2,0,2,6,1,2,2,12
"4331",2,5,1,5,13,3,1,1,13,2,0,0,5,3,4,2,4,1,1,4,16
"4332",3,8,1,10,13,5,1,5,13,5,3,0,5,0,0,3,5,1,1,7,21
"4333",4,19,1,14,13,8,1,10,13,2,6,4,2,4,0,6,4,1,1,18,25
"4334",5,21,1,14,17,19,1,14,13,2,0,0,3,5,4,2,4,1,2,20,29
"4335",6,26,1,17,17,21,1,14,17,3,5,0,3,0,0,5,3,1,1,25,32
"4336",7,29,1,22,17,26,1,17,17,4,3,5,4,5,0,3,5,1,1,28,37
"4337",8,33,1,26,17,29,1,22,17,4,0,0,3,4,3,4,4,1,1,32,41
"4338",9,33,4,26,20,33,1,26,17,3,3,0,3,0,0,3,3,2,2,35,44
"4339",10,38,4,31,20,33,4,26,20,3,5,5,3,5,0,5,5,1,1,40,49
"4340",11,41,4,34,20,38,4,31,20,3,0,0,3,5,5,3,3,1,1,43,52
"4341",12,41,4,34,20,41,4,34,20,5,5,0,NA,0,0,0,0,0,0,43,52
"4342",0,0,0,0,0,0,0,0,0,0,0,0,0,0,0,0,0,0,0,0,0
"4343",1,1,5,1,5,1,1,1,1,3,4,4,3,4,0,4,4,2,2,4,4
"4344",2,1,8,3,5,1,5,1,5,3,0,0,1,5,2,3,2,2,1,7,6
"4345",3,6,8,3,6,1,8,3,5,1,5,0,1,0,0,5,1,1,2,12,7
"4346",4,9,8,3,7,6,8,3,6,3,1,1,1,1,0,3,1,1,2,15,8
"4347",5,9,9,3,10,9,8,3,7,1,0,0,2,4,3,1,3,2,2,16,11
"4348",6,13,9,3,12,9,9,3,10,2,4,0,2,0,0,4,2,1,2,20,13
"4349",7,18,9,3,17,13,9,3,12,5,3,5,3,5,0,5,5,1,2,25,18
"4350",8,21,14,1,21,18,9,3,17,3,0,0,5,3,4,3,4,1,2,33,20
"4351",9,26,14,4,21,21,14,1,21,5,3,0,3,0,0,5,3,1,1,38,23
"4352",10,30,14,6,21,26,14,4,21,2,4,1,2,1,0,4,2,1,1,42,25
"4353",11,30,15,11,21,30,14,6,21,1,0,0,5,3,1,1,5,2,1,43,30
"4354",12,30,15,11,21,30,15,11,21,3,1,0,NA,0,0,0,0,0,0,43,30
"4355",0,0,0,0,0,0,0,0,0,0,0,0,0,0,0,0,0,0,0,0,0
"4356",1,1,12,4,1,1,1,1,1,3,3,6,3,3,0,6,3,2,1,11,3
"4357",2,4,12,4,4,1,12,4,1,3,0,0,3,5,1,3,3,1,2,14,6
"4358",3,9,12,4,5,4,12,4,4,5,1,0,1,0,0,5,1,1,2,19,7
"4359",4,11,12,13,5,9,12,4,5,4,6,2,4,6,0,2,6,1,1,21,16
"4360",5,11,16,25,9,11,12,13,5,4,0,0,5,3,6,4,6,2,1,25,32
"4361",6,11,21,25,12,11,16,25,9,5,3,0,3,0,0,5,3,2,2,30,35
"4362",7,11,26,25,19,11,21,25,12,6,2,5,6,2,0,5,6,2,2,35,42
"4363",8,11,28,25,24,11,26,25,19,2,0,0,1,1,5,2,5,2,2,37,47
"4364",9,11,29,25,25,11,28,25,24,1,1,0,1,0,0,1,1,2,2,38,48
"4365",10,11,34,30,25,11,29,25,25,2,5,5,2,5,0,5,5,2,1,43,53
"4366",11,11,36,33,25,11,34,30,25,2,0,0,3,1,6,2,3,2,1,45,56
"4367",12,11,36,33,25,11,36,33,25,1,6,0,NA,0,0,0,0,0,0,45,56
"4368",0,0,0,0,0,0,0,0,0,0,0,0,0,0,0,0,0,0,0,0,0
"4369",1,3,1,6,1,1,1,1,1,5,5,2,5,5,0,2,5,1,1,2,5
"4370",2,8,1,6,4,3,1,6,1,5,0,0,3,1,3,5,3,1,2,7,8
"4371",3,11,1,6,5,8,1,6,4,1,3,0,1,0,0,3,1,1,2,10,9
"4372",4,11,5,6,10,11,1,6,5,5,2,4,5,2,0,4,5,2,2,14,14
"4373",5,11,7,11,16,11,5,6,10,2,0,0,6,3,1,2,6,2,2,16,25
"4374",6,14,7,11,17,11,7,11,16,3,1,0,1,0,0,3,1,1,2,19,26
"4375",7,20,10,11,21,14,7,11,17,4,3,6,4,3,0,6,4,1,2,28,30
"4376",8,20,13,11,26,20,10,11,21,3,0,0,5,2,5,3,5,2,2,31,35
"4377",9,25,13,11,28,20,13,11,26,2,5,0,2,0,0,5,2,1,2,36,37
"4378",10,25,18,16,28,25,13,11,28,1,5,5,1,5,0,5,5,2,1,41,42
"4379",11,25,19,19,28,25,18,16,28,1,0,0,3,5,3,1,3,2,1,42,45
"4380",12,25,19,19,28,25,19,19,28,5,3,0,NA,0,0,0,0,0,0,42,45
"4381",0,0,0,0,0,0,0,0,0,0,0,0,0,0,0,0,0,0,0,0,0
"4382",1,4,1,5,1,1,1,1,1,4,5,3,4,5,0,3,4,1,1,3,4
"4383",2,4,6,10,1,4,1,5,1,5,0,0,4,5,5,5,5,2,1,8,9
"4384",3,9,6,14,1,4,6,10,1,4,5,0,4,0,0,5,4,1,1,13,13
"4385",4,14,1,24,10,9,6,14,1,6,5,1,6,1,0,5,6,1,1,13,32
"4386",5,15,1,28,10,14,1,24,10,1,0,0,2,4,3,1,4,1,1,14,36
"4387",6,15,4,30,10,15,1,28,10,2,3,0,2,0,0,3,2,2,1,17,38
"4388",7,15,6,30,12,15,4,30,10,2,1,2,1,2,0,2,2,2,2,19,40
"4389",8,15,7,32,12,15,6,30,12,1,0,0,5,4,2,1,2,2,1,20,42
"4390",9,19,7,37,12,15,7,32,12,5,4,0,5,0,0,4,5,1,1,24,47
"4391",10,24,1,39,30,19,7,37,12,6,2,5,6,2,0,5,6,1,2,23,105
"4392",11,26,1,39,33,24,1,39,30,2,0,0,3,6,6,2,3,1,2,25,108
"4393",12,26,1,39,33,26,1,39,33,6,6,0,NA,0,0,0,0,0,0,25,108
"4394",0,0,0,0,0,0,0,0,0,0,0,0,0,0,0,0,0,0,0,0,0
"4395",1,6,1,1,5,1,1,1,1,4,5,3,4,3,0,5,4,1,2,5,4
"4396",2,9,1,11,5,6,1,1,5,3,0,0,4,6,6,3,6,1,1,8,14
"4397",3,15,3,11,9,9,1,11,5,4,6,0,4,0,0,6,4,1,2,16,18
"4398",4,19,3,17,10,15,3,11,9,1,4,6,1,6,0,4,6,1,1,20,25
"4399",5,20,3,17,14,19,3,17,10,1,0,0,1,4,2,1,4,1,2,21,29
"4400",6,22,3,18,14,20,3,17,14,1,2,0,1,0,0,2,1,1,1,23,30
"4401",7,26,3,22,14,22,3,18,14,4,2,4,2,4,0,4,4,1,1,27,34
"4402",8,26,5,22,16,26,3,22,14,2,0,0,2,3,2,2,2,2,2,29,36
"4403",9,29,5,22,18,26,5,22,16,3,2,0,2,0,0,3,2,1,2,32,38
"4404",10,39,10,22,22,29,5,22,18,2,6,4,2,4,0,6,4,1,2,85,42
"4405",11,39,12,26,22,39,10,22,22,2,0,0,4,4,1,2,4,2,1,87,46
"4406",12,39,12,26,22,39,12,26,22,4,1,0,NA,0,0,0,0,0,0,87,46
"4407",0,0,0,0,0,0,0,0,0,0,0,0,0,0,0,0,0,0,0,0,0
"4408",1,1,3,1,4,1,1,1,1,3,2,1,3,1,0,2,3,2,2,2,3
"4409",2,1,4,6,4,1,3,1,4,1,0,0,3,5,1,1,5,2,1,3,8
"4410",3,1,5,9,4,1,4,6,4,3,1,0,3,0,0,1,3,2,1,4,11
"4411",4,1,10,9,8,1,5,9,4,5,4,2,4,2,0,5,4,2,2,9,15
"4412",5,3,10,13,8,1,10,9,8,2,0,0,1,4,1,2,4,1,1,11,19
"4413",6,3,11,13,9,3,10,13,8,1,1,0,1,0,0,1,1,2,2,12,20
"4414",7,3,15,13,17,3,11,13,9,4,2,6,2,6,0,4,6,2,2,16,28
"4415",8,3,17,24,23,3,15,13,17,2,0,0,2,2,6,2,6,2,1,18,45
"4416",9,1,23,28,1,3,17,24,23,2,2,0,2,0,0,2,2,1,1,22,27
"4417",10,2,23,38,1,1,23,28,1,6,1,1,6,1,0,1,6,1,1,23,37
"4418",11,3,23,39,8,2,23,38,1,1,0,0,1,6,1,1,6,1,2,24,83
"4419",12,3,23,39,8,3,23,39,8,1,1,0,NA,0,0,0,0,0,0,24,83
"4420",0,0,0,0,0,0,0,0,0,0,0,0,0,0,0,0,0,0,0,0,0
"4421",1,10,7,1,5,1,1,1,1,4,1,6,4,1,0,6,4,1,2,15,4
"4422",2,11,7,1,10,10,7,1,5,1,0,0,5,3,6,1,5,1,2,16,9
"4423",3,1,13,5,10,11,7,1,10,3,6,0,3,0,0,6,3,2,1,12,13
"4424",4,5,13,5,15,1,13,5,10,4,4,5,4,5,0,4,5,1,2,16,18
"4425",5,5,17,6,21,5,13,5,15,4,0,0,5,6,6,4,6,2,2,20,25
"4426",6,1,23,6,29,5,17,6,21,5,6,0,5,0,0,6,5,2,2,22,33
"4427",7,5,23,6,36,1,23,6,29,6,4,3,6,3,0,4,6,1,2,26,40
"4428",8,8,23,18,37,5,23,6,36,3,0,0,6,6,2,3,6,1,1,29,53
"4429",9,8,25,24,38,8,23,18,37,6,2,0,6,0,0,2,6,2,1,31,60
"4430",10,10,25,29,38,8,25,24,38,3,2,5,3,5,0,2,5,1,1,33,65
"4431",11,10,28,36,38,10,25,29,38,3,0,0,2,6,6,3,6,2,1,36,72
"4432",12,10,28,36,38,10,28,36,38,2,6,0,NA,0,0,0,0,0,0,36,72
"4433",0,0,0,0,0,0,0,0,0,0,0,0,0,0,0,0,0,0,0,0,0
"4434",1,1,6,1,3,1,1,1,1,1,2,5,1,2,0,5,2,2,2,5,2
"4435",2,1,7,1,8,1,6,1,3,1,0,0,2,2,5,1,5,2,2,6,7
"4436",3,3,7,3,8,1,7,1,8,2,2,0,2,0,0,2,2,1,1,8,9
"4437",4,8,7,10,8,3,7,3,8,4,5,6,4,6,0,5,6,1,1,13,16
"4438",5,12,7,10,13,8,7,10,8,4,0,0,4,5,3,4,5,1,2,17,21
"4439",6,16,7,13,13,12,7,10,13,4,3,0,3,0,0,4,3,1,1,21,24
"4440",7,19,7,17,13,16,7,13,13,4,3,3,4,3,0,3,4,1,1,24,28
"4441",8,19,10,23,15,19,7,17,13,3,0,0,6,2,5,3,6,2,1,27,36
"4442",9,24,10,23,17,19,10,23,15,2,5,0,2,0,0,5,2,1,2,32,38
"4443",10,29,10,26,17,24,10,23,17,5,3,1,3,1,0,5,3,1,1,37,41
"4444",11,30,10,26,26,29,10,26,17,1,0,0,6,2,5,1,6,1,2,38,50
"4445",12,30,10,26,26,30,10,26,26,2,5,0,NA,0,0,0,0,0,0,38,50
"4446",0,0,0,0,0,0,0,0,0,0,0,0,0,0,0,0,0,0,0,0,0
"4447",1,6,1,4,1,1,1,1,1,3,2,5,3,2,0,5,3,1,1,5,3
"4448",2,6,3,7,1,6,1,4,1,2,0,0,1,4,3,2,3,2,1,7,6
"4449",3,6,7,8,1,6,3,7,1,1,4,0,1,0,0,4,1,2,1,11,7
"4450",4,6,9,11,1,6,7,8,1,2,1,3,1,3,0,2,3,2,1,13,10
"4451",5,7,9,14,1,6,9,11,1,1,0,0,5,3,3,1,3,1,1,14,13
"4452",6,12,9,17,1,7,9,14,1,5,3,0,3,0,0,5,3,1,1,19,16
"4453",7,16,9,21,1,12,9,17,1,4,4,3,4,3,0,4,4,1,1,23,20
"4454",8,16,12,27,5,16,9,21,1,3,0,0,2,1,6,3,6,2,1,26,30
"4455",9,16,14,27,6,16,12,27,5,2,1,0,1,0,0,2,1,2,2,28,31
"4456",10,19,14,27,8,16,14,27,6,3,1,2,1,2,0,3,2,1,2,31,33
"4457",11,20,14,33,14,19,14,27,8,1,0,0,1,2,6,1,6,1,2,32,45
"4458",12,20,14,33,14,20,14,33,14,1,2,0,NA,0,0,0,0,0,0,32,45
"4459",0,0,0,0,0,0,0,0,0,0,0,0,0,0,0,0,0,0,0,0,0
"4460",1,1,6,1,11,1,1,1,1,6,5,5,6,5,0,5,6,2,2,5,10
"4461",2,6,6,5,11,1,6,1,11,5,0,0,2,4,5,5,4,1,1,10,14
"4462",3,6,11,7,11,6,6,5,11,2,5,0,2,0,0,5,2,2,1,15,16
"4463",4,12,14,7,14,6,11,7,11,3,2,6,3,2,0,6,3,1,2,24,19
"4464",5,14,14,9,14,12,14,7,14,2,0,0,1,2,6,2,2,1,1,26,21
"4465",6,20,17,10,14,14,14,9,14,1,6,0,1,0,0,6,1,1,1,35,22
"4466",7,20,19,11,14,20,17,10,14,2,1,1,1,1,0,2,1,2,1,37,23
"4467",8,20,20,11,18,20,19,11,14,1,0,0,4,2,4,1,4,2,2,38,27
"4468",9,20,22,11,22,20,20,11,18,2,4,0,4,0,0,2,4,2,2,40,31
"4469",10,20,27,11,25,20,22,11,22,5,3,3,3,3,0,5,3,2,2,45,34
"4470",11,23,27,16,25,20,27,11,25,3,0,0,5,4,1,3,5,1,1,48,39
"4471",12,23,27,16,25,23,27,16,25,4,1,0,NA,0,0,0,0,0,0,48,39
"4472",0,0,0,0,0,0,0,0,0,0,0,0,0,0,0,0,0,0,0,0,0
"4473",1,4,1,1,5,1,1,1,1,4,3,3,4,3,0,3,4,1,2,3,4
"4474",2,4,4,4,5,4,1,1,5,3,0,0,3,3,2,3,3,2,1,6,7
"4475",3,7,4,4,7,4,4,4,5,3,2,0,2,0,0,3,2,1,2,9,9
"4476",4,11,10,4,12,7,4,4,7,6,5,3,5,3,0,6,5,2,2,19,14
"4477",5,14,10,8,18,11,10,4,12,3,0,0,6,1,5,3,6,1,2,22,24
"4478",6,14,15,9,18,14,10,8,18,1,5,0,1,0,0,5,1,2,1,27,25
"4479",7,25,21,9,23,14,15,9,18,6,5,3,5,3,0,6,5,1,2,44,30
"4480",8,1,21,10,27,25,21,9,23,3,0,0,5,6,1,3,1,1,1,20,35
"4481",9,5,27,10,32,1,21,10,27,5,6,0,5,0,0,6,5,2,2,30,40
"4482",10,10,27,10,35,5,27,10,32,3,5,2,3,2,0,5,3,1,2,35,43
"4483",11,12,27,11,35,10,27,10,35,2,0,0,1,1,3,2,1,1,1,37,44
"4484",12,12,27,11,35,12,27,11,35,1,3,0,NA,0,0,0,0,0,0,37,44
"4485",0,0,0,0,0,0,0,0,0,0,0,0,0,0,0,0,0,0,0,0,0
"4486",1,11,1,1,3,1,1,1,1,2,2,6,2,2,0,6,2,1,2,10,2
"4487",2,11,3,1,6,11,1,1,3,2,0,0,4,2,3,2,3,2,2,12,5
"4488",3,11,7,3,6,11,3,1,6,4,2,0,2,0,0,4,2,2,1,16,7
"4489",4,16,7,7,6,11,7,3,6,5,2,4,2,4,0,5,4,1,1,21,11
"4490",5,18,7,7,11,16,7,7,6,2,0,0,5,6,5,2,5,1,2,23,16
"4491",6,22,13,7,16,18,7,7,11,6,5,0,5,0,0,6,5,2,2,33,21
"4492",7,22,16,7,18,22,13,7,16,3,2,4,2,4,0,3,2,2,2,36,23
"4493",8,26,16,7,22,22,16,7,18,4,0,0,4,6,4,4,4,1,2,40,27
"4494",9,33,16,11,22,26,16,7,22,6,4,0,4,0,0,6,4,1,1,47,31
"4495",10,38,16,15,22,33,16,11,22,4,5,4,4,4,0,5,4,1,1,52,35
"4496",11,38,20,19,22,38,16,15,22,4,0,0,4,1,5,4,4,2,1,56,39
"4497",12,38,20,19,22,38,20,19,22,1,5,0,NA,0,0,0,0,0,0,56,39
"4498",0,0,0,0,0,0,0,0,0,0,0,0,0,0,0,0,0,0,0,0,0
"4499",1,3,1,3,1,1,1,1,1,2,1,2,1,2,0,2,2,1,1,2,2
"4500",2,4,1,3,5,3,1,3,1,1,0,0,4,3,2,1,4,1,2,3,6
"4501",3,4,4,3,7,4,1,3,5,3,2,0,2,0,0,3,2,2,2,6,8
"4502",4,4,8,5,7,4,4,3,7,4,2,2,2,2,0,4,2,2,1,10,10
"4503",5,6,8,5,8,4,8,5,7,2,0,0,3,1,2,2,1,1,2,12,11
"4504",6,6,10,8,8,6,8,5,8,3,2,0,3,0,0,2,3,2,1,14,14
"4505",7,9,16,18,8,6,10,8,8,6,6,4,6,4,0,6,6,2,1,23,24
"4506",8,9,20,18,13,9,16,18,8,4,0,0,4,5,3,4,5,2,2,27,29
"4507",9,13,20,21,13,9,20,18,13,4,3,0,3,0,0,4,3,1,1,31,32
"4508",10,13,25,22,13,13,20,21,13,1,1,5,1,1,0,5,1,2,1,36,33
"4509",11,14,25,22,15,13,25,22,13,1,0,0,4,1,2,1,2,1,2,37,35
"4510",12,14,25,22,15,14,25,22,15,4,1,0,NA,0,0,0,0,0,0,37,35
"4511",0,0,0,0,0,0,0,0,0,0,0,0,0,0,0,0,0,0,0,0,0
"4512",1,1,4,3,1,1,1,1,1,1,2,3,1,2,0,3,2,2,1,3,2
"4513",2,1,5,3,6,1,4,3,1,1,0,0,3,3,5,1,5,2,2,4,7
"4514",3,1,8,3,9,1,5,3,6,3,3,0,3,0,0,3,3,2,2,7,10
"4515",4,1,12,3,14,1,8,3,9,4,1,5,1,5,0,4,5,2,2,11,15
"4516",5,2,12,3,18,1,12,3,14,1,0,0,4,4,2,1,4,1,2,12,19
"4517",6,2,16,5,18,2,12,3,18,4,2,0,2,0,0,4,2,2,1,16,21
"4518",7,2,19,10,18,2,16,5,18,3,5,3,5,3,0,3,5,2,1,19,26
"4519",8,2,22,14,18,2,19,10,18,3,0,0,3,4,4,3,4,2,1,22,30
"4520",9,2,26,17,18,2,22,14,18,3,4,0,3,0,0,4,3,2,1,26,33
"4521",10,2,28,17,23,2,26,17,18,2,2,5,2,5,0,2,5,2,2,28,38
"4522",11,2,30,17,27,2,28,17,23,2,0,0,4,1,1,2,4,2,2,30,42
"4523",12,2,30,17,27,2,30,17,27,1,1,0,NA,0,0,0,0,0,0,30,42
"4524",0,0,0,0,0,0,0,0,0,0,0,0,0,0,0,0,0,0,0,0,0
"4525",1,2,1,1,4,1,1,1,1,3,1,1,3,1,0,1,3,1,2,1,3
"4526",2,3,1,1,13,2,1,1,4,1,0,0,2,6,5,1,6,1,2,2,12
"4527",3,5,1,1,18,3,1,1,13,2,5,0,5,0,0,2,5,1,2,4,17
"4528",4,10,1,6,18,5,1,1,18,5,5,5,5,5,0,5,5,1,1,9,22
"4529",5,15,1,9,18,10,1,6,18,5,0,0,5,3,1,5,3,1,1,14,25
"4530",6,20,1,10,18,15,1,9,18,5,1,0,1,0,0,5,1,1,1,19,26
"4531",7,23,1,16,19,20,1,10,18,3,6,2,6,2,0,3,6,1,1,22,33
"4532",8,25,1,20,19,23,1,16,19,2,0,0,4,3,4,2,4,1,1,24,37
"4533",9,29,1,20,22,25,1,20,19,3,4,0,3,0,0,4,3,1,2,28,40
"4534",10,34,2,6,22,29,1,20,22,1,4,5,4,5,0,1,5,2,1,34,26
"4535",11,38,2,7,22,34,2,6,22,4,0,0,6,1,1,4,1,1,1,38,27
"4536",12,38,2,7,22,38,2,7,22,6,1,0,NA,0,0,0,0,0,0,38,27
"4537",0,0,0,0,0,0,0,0,0,0,0,0,0,0,0,0,0,0,0,0,0
"4538",1,4,1,1,4,1,1,1,1,3,5,3,5,3,0,3,3,1,2,3,3
"4539",2,9,1,7,7,4,1,1,4,5,0,0,1,6,2,5,6,1,1,8,12
"4540",3,9,2,9,7,9,1,7,7,1,2,0,2,0,0,1,2,2,1,9,14
"4541",4,11,2,9,9,9,2,9,7,2,1,2,1,2,0,2,2,1,2,11,16
"4542",5,11,3,9,12,11,2,9,9,1,0,0,3,3,3,1,3,2,2,12,19
"4543",6,14,3,12,12,11,3,9,12,3,3,0,3,0,0,3,3,1,1,15,22
"4544",7,14,18,18,14,14,3,12,12,5,6,6,5,6,0,6,6,2,1,30,30
"4545",8,14,23,18,19,14,18,18,14,5,0,0,1,5,4,5,5,2,2,35,35
"4546",9,14,27,18,20,14,23,18,19,1,4,0,1,0,0,4,1,2,2,39,36
"4547",10,19,27,18,23,14,27,18,20,2,5,3,2,3,0,5,3,1,2,44,39
"4548",11,21,27,20,23,19,27,18,23,2,0,0,2,2,4,2,2,1,1,46,41
"4549",12,21,27,20,23,21,27,20,23,2,4,0,NA,0,0,0,0,0,0,46,41
"4550",0,0,0,0,0,0,0,0,0,0,0,0,0,0,0,0,0,0,0,0,0
"4551",1,8,1,2,7,1,1,1,1,6,6,1,6,1,0,6,6,1,2,7,7
"4552",2,8,2,7,7,8,1,2,7,1,0,0,5,2,5,1,5,2,1,8,12
"4553",3,13,2,9,7,8,2,7,7,2,5,0,2,0,0,5,2,1,1,13,14
"4554",4,17,2,15,14,13,2,9,7,4,6,5,6,5,0,4,6,1,2,17,27
"4555",5,22,2,15,16,17,2,15,14,5,0,0,6,2,6,5,2,1,2,22,29
"4556",6,28,1,24,16,22,2,15,16,6,6,0,6,0,0,6,6,1,1,27,38
"4557",7,38,1,24,5,28,1,24,16,6,2,4,2,4,0,6,4,1,2,37,27
"4558",8,38,3,29,5,38,1,24,5,2,0,0,3,5,5,2,5,2,1,39,32
"4559",9,38,8,29,8,38,3,29,5,3,5,0,3,0,0,5,3,2,2,44,35
"4560",10,38,10,33,8,38,8,29,8,2,4,2,4,2,0,2,4,2,1,46,39
"4561",11,38,12,36,8,38,10,33,8,2,0,0,5,3,3,2,3,2,1,48,42
"4562",12,38,12,36,8,38,12,36,8,5,3,0,NA,0,0,0,0,0,0,48,42
"4563",0,0,0,0,0,0,0,0,0,0,0,0,0,0,0,0,0,0,0,0,0
"4564",1,1,5,5,7,1,1,1,1,6,4,1,6,1,0,4,6,2,2,4,10
"4565",2,1,6,8,7,1,5,5,7,1,0,0,6,3,3,1,3,2,1,5,13
"4566",3,1,9,8,18,1,6,8,7,6,3,0,6,0,0,3,6,2,2,8,24
"4567",4,4,9,13,18,1,9,8,18,3,5,1,5,1,0,3,5,1,1,11,29
"4568",5,4,10,21,18,4,9,13,18,1,0,0,3,6,1,1,6,2,1,12,37
"4569",6,7,10,22,18,4,10,21,18,3,1,0,1,0,0,3,1,1,1,15,38
"4570",7,7,1,22,32,7,10,22,18,1,3,6,3,6,0,1,6,2,2,6,52
"4571",8,10,1,22,36,7,1,22,32,3,0,0,4,1,4,3,4,1,2,9,56
"4572",9,11,1,26,36,10,1,22,36,1,4,0,4,0,0,1,4,1,1,10,60
"4573",10,14,1,27,36,11,1,26,36,3,1,1,1,1,0,3,1,1,1,13,61
"4574",11,1,1,38,36,14,1,27,36,1,0,0,6,3,5,1,6,1,1,0,72
"4575",12,1,1,38,36,1,1,38,36,3,5,0,NA,0,0,0,0,0,0,0,72
"4576",0,0,0,0,0,0,0,0,0,0,0,0,0,0,0,0,0,0,0,0,0
"4577",1,1,4,1,6,1,1,1,1,4,3,5,4,5,0,3,5,2,2,3,5
"4578",2,1,8,1,10,1,4,1,6,4,0,0,4,4,4,4,4,2,2,7,9
"4579",3,1,12,1,14,1,8,1,10,4,4,0,4,0,0,4,4,2,2,11,13
"4580",4,1,1,2,17,1,12,1,14,4,6,1,4,1,0,6,1,2,1,0,17
"4581",5,5,1,7,17,1,1,2,17,4,0,0,5,2,1,4,5,1,1,4,22
"4582",6,5,3,7,18,5,1,7,17,2,1,0,1,0,0,2,1,2,2,6,23
"4583",7,5,6,13,21,5,3,7,18,3,1,6,1,6,0,3,6,2,1,9,32
"4584",8,5,7,18,21,5,6,13,21,1,0,0,1,5,1,1,5,2,1,10,37
"4585",9,6,7,19,21,5,7,18,21,1,1,0,1,0,0,1,1,1,1,11,38
"4586",10,1,9,24,24,6,7,19,21,5,2,3,5,3,0,2,5,2,1,8,46
"4587",11,1,12,27,24,1,9,24,24,3,0,0,3,3,2,3,3,2,1,11,49
"4588",12,1,12,27,24,1,12,27,24,3,2,0,NA,0,0,0,0,0,0,11,49
"4589",0,0,0,0,0,0,0,0,0,0,0,0,0,0,0,0,0,0,0,0,0
"4590",1,4,1,1,2,1,1,1,1,3,1,1,1,1,0,3,1,1,2,3,1
"4591",2,5,1,6,2,4,1,1,2,1,0,0,1,2,5,1,5,1,1,4,6
"4592",3,5,3,7,2,5,1,6,2,1,2,0,1,0,0,2,1,2,1,6,7
"4593",4,10,3,7,6,5,3,7,2,2,4,5,2,4,0,5,4,1,2,11,11
"4594",5,10,5,7,10,10,3,7,6,2,0,0,4,3,4,2,4,2,2,13,15
"4595",6,10,9,7,13,10,5,7,10,3,4,0,3,0,0,4,3,2,2,17,18
"4596",7,15,9,7,21,10,9,7,13,2,6,5,2,6,0,5,6,1,2,22,26
"4597",8,17,1,7,31,15,9,7,21,2,0,0,6,5,1,2,6,1,2,16,36
"4598",9,22,1,7,32,17,1,7,31,5,1,0,1,0,0,5,1,1,2,21,37
"4599",10,23,1,9,32,22,1,7,32,1,2,1,2,1,0,1,2,1,1,22,39
"4600",11,23,2,12,32,23,1,9,32,1,0,0,3,5,2,1,3,2,1,23,42
"4601",12,23,2,12,32,23,2,12,32,5,2,0,NA,0,0,0,0,0,0,23,42
"4602",0,0,0,0,0,0,0,0,0,0,0,0,0,0,0,0,0,0,0,0,0
"4603",1,1,5,5,1,1,1,1,1,3,4,4,3,4,0,4,4,2,1,4,4
"4604",2,1,8,5,6,1,5,5,1,3,0,0,4,5,4,3,5,2,2,7,9
"4605",3,1,12,9,6,1,8,5,6,4,4,0,4,0,0,4,4,2,1,11,13
"4606",4,3,12,13,6,1,12,9,6,1,4,2,1,4,0,2,4,1,1,13,17
"4607",5,3,13,13,15,3,12,13,6,1,0,0,1,1,6,1,6,2,2,14,26
"4608",6,3,14,13,16,3,13,13,15,1,1,0,1,0,0,1,1,2,2,15,27
"4609",7,3,18,15,16,3,14,13,16,4,2,2,2,2,0,4,2,2,1,19,29
"4610",8,1,20,23,16,3,18,15,16,2,0,0,6,5,1,2,6,2,1,19,37
"4611",9,1,25,23,17,1,20,23,16,5,1,0,1,0,0,5,1,2,2,24,38
"4612",10,1,28,36,17,1,25,23,17,2,3,6,2,6,0,3,6,2,1,27,51
"4613",11,3,28,38,23,1,28,36,17,2,0,0,5,1,6,2,6,1,2,29,59
"4614",12,3,28,38,23,3,28,38,23,5,1,0,NA,0,0,0,0,0,0,29,59
"4615",0,0,0,0,0,0,0,0,0,0,0,0,0,0,0,0,0,0,0,0,0
"4616",1,4,1,1,4,1,1,1,1,3,3,2,3,2,0,3,3,1,2,3,3
"4617",2,4,3,1,13,4,1,1,4,2,0,0,6,4,4,2,6,2,2,5,12
"4618",3,4,7,5,13,4,3,1,13,4,4,0,4,0,0,4,4,2,1,9,16
"4619",4,4,10,5,15,4,7,5,13,2,3,1,2,1,0,3,2,2,2,12,18
"4620",5,5,10,7,15,4,10,5,15,1,0,0,1,2,2,1,2,1,1,13,20
"4621",6,7,10,8,15,5,10,7,15,1,2,0,1,0,0,2,1,1,1,15,21
"4622",7,8,10,17,15,7,10,8,15,6,3,1,6,3,0,1,6,1,1,16,30
"4623",8,8,13,19,21,8,10,17,15,3,0,0,6,2,1,3,6,2,2,19,38
"4624",9,8,14,21,21,8,13,19,21,2,1,0,2,0,0,1,2,2,1,20,40
"4625",10,8,17,22,21,8,14,21,21,1,3,6,1,6,0,3,1,2,1,23,41
"4626",11,11,23,24,21,8,17,22,21,6,0,0,2,4,4,6,2,2,1,32,43
"4627",12,11,23,24,21,11,23,24,21,4,4,0,NA,0,0,0,0,0,0,32,43
"4628",0,0,0,0,0,0,0,0,0,0,0,0,0,0,0,0,0,0,0,0,0
"4629",1,5,1,1,12,1,1,1,1,6,4,2,6,2,0,4,6,1,2,4,11
"4630",2,5,3,6,12,5,1,1,12,2,0,0,1,5,3,2,5,2,1,6,16
"4631",3,8,3,6,13,5,3,6,12,1,3,0,1,0,0,3,1,1,2,9,17
"4632",4,10,3,6,15,8,3,6,13,2,2,1,2,1,0,2,2,1,2,11,19
"4633",5,10,4,8,15,10,3,6,15,1,0,0,2,3,1,1,2,2,1,12,21
"4634",6,13,4,9,15,10,4,8,15,3,1,0,1,0,0,3,1,1,1,15,22
"4635",7,17,4,11,15,13,4,9,15,3,2,4,3,2,0,4,2,1,1,19,24
"4636",8,20,4,11,26,17,4,11,15,3,0,0,6,5,1,3,6,1,2,22,35
"4637",9,25,4,12,26,20,4,11,26,5,1,0,1,0,0,5,1,1,1,27,36
"4638",10,33,4,4,32,25,4,12,26,6,4,5,6,4,0,5,6,1,2,35,34
"4639",11,33,8,6,32,33,4,4,32,4,0,0,2,2,1,4,2,2,1,39,36
"4640",12,33,8,6,32,33,8,6,32,2,1,0,NA,0,0,0,0,0,0,39,36
"4641",0,0,0,0,0,0,0,0,0,0,0,0,0,0,0,0,0,0,0,0,0
"4642",1,1,2,2,1,1,1,1,1,1,1,2,1,2,0,1,1,2,1,1,1
"4643",2,3,2,6,1,1,2,2,1,2,0,0,5,2,4,2,4,1,1,3,5
"4644",3,8,2,8,1,3,2,6,1,5,2,0,2,0,0,5,2,1,1,8,7
"4645",4,13,2,13,1,8,2,8,1,4,5,5,4,5,0,5,5,1,1,13,12
"4646",5,17,2,18,1,13,2,13,1,4,0,0,3,5,1,4,5,1,1,17,17
"4647",6,17,5,19,1,17,2,18,1,3,1,0,1,0,0,3,1,2,1,20,18
"4648",7,17,10,24,1,17,5,19,1,5,5,4,5,4,0,5,5,2,1,25,23
"4649",8,1,10,24,4,17,10,24,1,4,0,0,2,6,3,4,2,1,2,9,26
"4650",9,5,16,27,4,1,10,24,4,6,3,0,3,0,0,6,3,2,1,19,29
"4651",10,9,18,5,4,5,16,27,4,4,4,4,4,4,0,4,4,1,1,25,7
"4652",11,13,18,6,4,9,18,5,4,4,0,0,1,5,1,4,1,1,1,29,8
"4653",12,13,18,6,4,13,18,6,4,5,1,0,NA,0,0,0,0,0,0,29,8
"4654",0,0,0,0,0,0,0,0,0,0,0,0,0,0,0,0,0,0,0,0,0
"4655",1,6,1,5,1,1,1,1,1,4,5,5,4,5,0,5,4,1,1,5,4
"4656",2,6,6,10,7,6,1,5,1,5,0,0,4,6,3,5,6,2,2,10,15
"4657",3,9,6,14,7,6,6,10,7,4,3,0,4,0,0,3,4,1,1,13,19
"4658",4,9,11,21,7,9,6,14,7,5,2,6,2,6,0,5,6,2,1,18,26
"4659",5,11,11,21,12,9,11,21,7,2,0,0,1,5,2,2,5,1,2,20,31
"4660",6,13,11,22,12,11,11,21,12,1,2,0,1,0,0,2,1,1,1,22,32
"4661",7,18,11,22,14,13,11,22,12,1,2,5,1,2,0,5,2,1,2,27,34
"4662",8,18,12,22,16,18,11,22,14,1,0,0,1,2,2,1,2,2,2,28,36
"4663",9,19,12,22,18,18,12,22,16,1,2,0,2,0,0,1,2,1,2,29,38
"4664",10,19,16,22,21,19,12,22,18,1,4,3,1,3,0,4,3,2,2,33,41
"4665",11,20,16,29,21,19,16,22,21,1,0,0,6,2,2,1,6,1,1,34,48
"4666",12,20,16,29,21,20,16,29,21,2,2,0,NA,0,0,0,0,0,0,34,48
"4667",0,0,0,0,0,0,0,0,0,0,0,0,0,0,0,0,0,0,0,0,0
"4668",1,1,4,1,5,1,1,1,1,4,3,2,4,2,0,3,4,2,2,3,4
"4669",2,3,4,1,16,1,4,1,5,2,0,0,1,6,1,2,6,1,2,5,15
"4670",3,3,5,2,16,3,4,1,16,1,1,0,1,0,0,1,1,2,1,6,16
"4671",4,7,5,3,22,3,5,2,16,3,6,4,3,6,0,4,6,1,2,10,23
"4672",5,7,1,3,31,7,5,3,22,3,0,0,3,4,4,3,4,2,2,6,32
"4673",6,7,5,3,34,7,1,3,31,3,4,0,3,0,0,4,3,2,2,10,35
"4674",7,10,5,3,36,7,5,3,34,1,2,3,1,2,0,3,2,1,2,13,37
"4675",8,11,5,7,36,10,5,3,36,1,0,0,4,2,2,1,4,1,1,14,41
"4676",9,11,7,9,36,11,5,7,36,2,2,0,2,0,0,2,2,2,1,16,43
"4677",10,18,7,9,37,11,7,9,36,6,1,2,1,2,0,6,1,1,2,23,44
"4678",11,20,7,14,37,18,7,9,37,2,0,0,5,1,5,2,5,1,1,25,49
"4679",12,20,7,14,37,20,7,14,37,1,5,0,NA,0,0,0,0,0,0,25,49
"4680",0,0,0,0,0,0,0,0,0,0,0,0,0,0,0,0,0,0,0,0,0
"4681",1,5,1,7,3,1,1,1,1,6,4,5,6,5,0,4,6,1,1,4,8
"4682",2,5,6,7,7,5,1,7,3,5,0,0,4,3,4,5,4,2,2,9,12
"4683",3,5,9,11,7,5,6,7,7,3,4,0,4,0,0,3,4,2,1,12,16
"4684",4,5,12,11,12,5,9,11,7,5,3,3,5,3,0,3,5,2,2,15,21
"4685",5,5,15,11,22,5,12,11,12,3,0,0,6,5,2,3,6,2,2,18,31
"4686",6,5,20,13,22,5,15,11,22,5,2,0,2,0,0,5,2,2,1,23,33
"4687",7,5,28,18,22,5,20,13,22,5,4,6,5,4,0,6,5,2,1,31,38
"4688",8,5,32,18,27,5,28,18,22,4,0,0,5,5,1,4,5,2,2,35,43
"4689",9,5,37,19,27,5,32,18,27,5,1,0,1,0,0,5,1,2,1,40,44
"4690",10,5,38,19,37,5,37,19,27,6,1,1,6,1,0,1,6,2,2,41,54
"4691",11,12,39,23,39,5,38,19,37,1,0,0,2,3,6,1,2,2,2,87,98
"4692",12,12,39,23,39,12,39,23,39,3,6,0,NA,0,0,0,0,0,0,87,98
"4693",0,0,0,0,0,0,0,0,0,0,0,0,0,0,0,0,0,0,0,0,0
"4694",1,1,6,6,1,1,1,1,1,5,5,4,5,4,0,5,5,2,1,5,5
"4695",2,1,10,6,6,1,6,6,1,4,0,0,3,3,5,4,5,2,2,9,10
"4696",3,1,13,9,6,1,10,6,6,3,3,0,3,0,0,3,3,2,1,12,13
"4697",4,1,17,9,10,1,13,9,6,4,1,4,1,4,0,4,4,2,2,16,17
"4698",5,1,18,9,20,1,17,9,10,1,0,0,1,4,6,1,6,2,2,17,27
"4699",6,7,18,13,1,1,18,9,20,1,4,0,4,0,0,1,4,1,1,23,12
"4700",7,7,19,17,1,7,18,13,1,2,4,1,2,4,0,1,4,2,1,24,16
"4701",8,7,21,17,5,7,19,17,1,2,0,0,4,6,1,2,4,2,2,26,20
"4702",9,15,21,17,6,7,21,17,5,6,1,0,1,0,0,6,1,1,2,34,21
"4703",10,21,1,17,10,15,21,17,6,6,5,3,5,3,0,6,3,1,2,20,25
"4704",11,26,1,17,15,21,1,17,10,5,0,0,5,5,2,5,5,1,2,25,30
"4705",12,26,1,17,15,26,1,17,15,5,2,0,NA,0,0,0,0,0,0,25,30
"4706",0,0,0,0,0,0,0,0,0,0,0,0,0,0,0,0,0,0,0,0,0
"4707",1,3,1,6,1,1,1,1,1,2,5,4,5,4,0,2,5,1,1,2,5
"4708",2,7,1,11,1,3,1,6,1,4,0,0,3,3,5,4,5,1,1,6,10
"4709",3,7,4,14,1,7,1,11,1,3,3,0,3,0,0,3,3,2,1,9,13
"4710",4,12,1,27,1,7,4,14,1,1,6,5,1,6,0,5,6,1,1,11,26
"4711",5,13,1,29,1,12,1,27,1,1,0,0,2,3,2,1,2,1,1,12,28
"4712",6,13,3,29,4,13,1,29,1,3,2,0,3,0,0,2,3,2,2,14,31
"4713",7,13,5,29,7,13,3,29,4,2,3,3,3,3,0,2,3,2,2,16,34
"4714",8,13,8,29,8,13,5,29,7,3,0,0,2,4,1,3,1,2,2,19,35
"4715",9,13,10,33,8,13,8,29,8,2,4,0,4,0,0,2,4,2,1,21,39
"4716",10,15,12,1,9,13,10,33,8,1,6,2,1,6,0,2,1,1,2,25,8
"4717",11,15,23,10,15,15,12,1,9,6,0,0,6,1,5,6,6,2,1,36,23
"4718",12,15,23,10,15,15,23,10,15,1,5,0,NA,0,0,0,0,0,0,36,23
"4719",0,0,0,0,0,0,0,0,0,0,0,0,0,0,0,0,0,0,0,0,0
"4720",1,6,7,6,1,1,1,1,1,6,5,5,5,5,0,6,5,2,1,11,5
"4721",2,6,12,12,3,6,7,6,1,5,0,0,1,6,1,5,6,2,1,16,13
"4722",3,6,13,12,4,6,12,12,3,1,1,0,1,0,0,1,1,2,2,17,14
"4723",4,11,19,14,4,6,13,12,4,6,2,4,2,4,0,6,2,2,1,28,16
"4724",5,15,19,15,4,11,19,14,4,4,0,0,1,1,2,4,1,1,1,32,17
"4725",6,15,20,15,6,15,19,15,4,1,2,0,2,0,0,1,2,2,2,33,19
"4726",7,15,26,17,7,15,20,15,6,6,6,4,6,6,0,4,6,2,2,39,22
"4727",8,26,26,22,7,15,26,17,7,6,0,0,4,5,5,6,5,1,1,50,27
"4728",9,31,26,26,7,26,26,22,7,4,5,0,4,0,0,5,4,1,1,55,31
"4729",10,38,32,26,12,31,26,26,7,6,4,5,4,5,0,6,5,2,2,68,36
"4730",11,38,36,27,12,38,32,26,12,4,0,0,1,1,4,4,1,2,1,72,37
"4731",12,38,36,27,12,38,36,27,12,1,4,0,NA,0,0,0,0,0,0,72,37
"4732",0,0,0,0,0,0,0,0,0,0,0,0,0,0,0,0,0,0,0,0,0
"4733",1,1,8,11,7,1,1,1,1,6,3,6,3,6,0,6,6,2,1,7,16
"4734",2,1,11,11,12,1,8,11,7,3,0,0,5,3,5,3,5,2,2,10,21
"4735",3,1,16,14,12,1,11,11,12,3,5,0,3,0,0,5,3,2,1,15,24
"4736",4,5,16,15,18,1,16,14,12,1,6,4,1,6,0,4,6,1,2,19,31
"4737",5,5,17,20,18,5,16,15,18,1,0,0,4,2,5,1,5,2,1,20,36
"4738",6,5,21,20,20,5,17,20,18,4,2,0,2,0,0,4,2,2,2,24,38
"4739",7,1,23,25,20,5,21,20,20,3,2,3,3,3,0,2,3,2,1,22,43
"4740",8,1,26,28,20,1,23,25,20,3,0,0,4,3,3,3,3,2,1,25,46
"4741",9,1,30,31,20,1,26,28,20,4,3,0,3,0,0,4,3,2,1,29,49
"4742",10,1,32,35,32,1,30,31,20,2,2,6,2,6,0,2,6,2,2,31,65
"4743",11,3,32,39,39,1,32,35,32,2,0,0,6,2,4,2,6,1,2,33,152
"4744",12,3,32,39,39,3,32,39,39,2,4,0,NA,0,0,0,0,NA,NA,33,152
"4745",0,0,0,0,0,0,0,0,0,0,0,0,0,0,0,0,0,0,0,0,0
"4746",1,5,1,6,1,1,1,1,1,4,5,2,5,2,0,4,5,1,1,4,5
"4747",2,7,1,6,8,5,1,6,1,2,0,0,4,6,5,2,6,1,2,6,12
"4748",3,7,6,6,12,7,1,6,8,4,5,0,4,0,0,5,4,2,2,11,16
"4749",4,7,10,10,12,7,6,6,12,2,4,4,2,4,0,4,4,2,1,15,20
"4750",5,7,12,10,17,7,10,10,12,2,0,0,5,3,4,2,5,2,2,17,25
"4751",6,7,16,10,20,7,12,10,17,3,4,0,3,0,0,4,3,2,2,21,28
"4752",7,7,19,19,20,7,16,10,20,3,6,1,6,1,0,3,6,2,1,24,37
"4753",8,7,20,20,20,7,19,19,20,1,0,0,4,6,1,1,1,2,1,25,38
"4754",9,7,24,34,20,7,20,20,20,4,6,0,6,0,0,4,6,2,1,29,52
"4755",10,7,28,37,20,7,24,34,20,4,3,2,3,2,0,4,3,2,1,33,55
"4756",11,9,28,37,31,7,28,37,20,2,0,0,5,6,5,2,6,1,2,35,66
"4757",12,9,28,37,31,9,28,37,31,5,5,0,NA,0,0,0,0,0,0,35,66
"4758",0,0,0,0,0,0,0,0,0,0,0,0,0,0,0,0,0,0,0,0,0
"4759",1,1,5,7,6,1,1,1,1,4,6,3,6,3,0,4,6,2,1,4,11
"4760",2,4,5,13,10,1,5,7,6,3,0,0,3,3,6,3,6,1,1,7,21
"4761",3,4,8,16,10,4,5,13,10,3,3,0,3,0,0,3,3,2,1,10,24
"4762",4,4,9,16,11,4,8,16,10,1,2,1,2,1,0,1,1,2,2,11,25
"4763",5,1,11,22,15,4,9,16,11,2,0,0,2,6,1,2,6,2,1,10,35
"4764",6,1,12,24,15,1,11,22,15,2,1,0,2,0,0,1,2,2,1,11,37
"4765",7,6,13,7,19,1,12,24,15,4,5,6,4,6,0,5,6,1,1,17,24
"4766",8,10,13,7,23,6,13,7,19,4,0,0,3,1,4,4,4,1,2,21,28
"4767",9,13,13,7,24,10,13,7,23,3,1,0,1,0,0,3,1,1,2,24,29
"4768",10,18,13,12,24,13,13,7,24,5,1,5,1,5,0,5,5,1,1,29,34
"4769",11,19,13,19,24,18,13,12,24,1,0,0,1,5,6,1,6,1,1,30,41
"4770",12,19,13,19,24,19,13,19,24,1,5,0,NA,0,0,0,0,0,0,30,41
"4771",0,0,0,0,0,0,0,0,0,0,0,0,0,0,0,0,0,0,0,0,0
"4772",1,7,5,3,1,1,1,1,1,1,6,2,1,2,0,6,2,1,1,10,2
"4773",2,8,5,3,5,7,5,3,1,1,0,0,2,4,6,1,4,1,2,11,6
"4774",3,8,18,3,7,8,5,3,5,2,6,0,2,0,0,6,2,2,2,24,8
"4775",4,13,18,3,8,8,18,3,7,5,3,1,3,1,0,5,1,1,2,29,9
"4776",5,16,18,3,11,13,18,3,8,3,0,0,3,1,4,3,3,1,2,32,12
"4777",6,17,18,3,15,16,18,3,11,1,4,0,4,0,0,1,4,1,2,33,16
"4778",7,17,19,3,19,17,18,3,15,1,3,4,3,4,0,1,4,2,2,34,20
"4779",8,17,22,3,23,17,19,3,19,3,0,0,4,2,2,3,4,2,2,37,24
"4780",9,19,22,3,25,17,22,3,23,2,2,0,2,0,0,2,2,1,2,39,26
"4781",10,20,28,3,29,19,22,3,25,4,6,4,4,4,0,6,4,2,2,46,30
"4782",11,20,32,8,29,20,28,3,29,4,0,0,1,5,6,4,5,2,1,50,35
"4783",12,20,32,8,29,20,32,8,29,1,6,0,NA,0,0,0,0,0,0,50,35
"4784",0,0,0,0,0,0,0,0,0,0,0,0,0,0,0,0,0,0,0,0,0
"4785",1,7,10,6,1,1,1,1,1,1,5,6,1,5,0,6,5,1,1,15,5
"4786",2,8,10,9,1,7,10,6,1,1,0,0,2,3,3,1,3,1,1,16,8
"4787",3,8,13,11,1,8,10,9,1,2,3,0,2,0,0,3,2,2,1,19,10
"4788",4,13,13,15,1,8,13,11,1,5,4,1,4,1,0,5,4,1,1,24,14
"4789",5,14,13,19,1,13,13,15,1,1,0,0,6,4,2,1,4,1,1,25,18
"4790",6,16,19,21,1,14,13,19,1,6,2,0,2,0,0,6,2,2,1,33,20
"4791",7,16,21,22,1,16,19,21,1,1,1,2,1,1,0,2,1,2,1,35,21
"4792",8,16,22,26,1,16,21,22,1,1,0,0,4,4,4,1,4,2,1,36,25
"4793",9,20,22,30,1,16,22,26,1,4,4,0,4,0,0,4,4,1,1,40,29
"4794",10,20,26,34,1,20,22,30,1,4,4,4,4,4,0,4,4,2,1,44,33
"4795",11,1,26,35,12,20,26,34,1,4,0,0,2,5,4,4,5,1,2,25,45
"4796",12,1,26,35,12,1,26,35,12,2,4,0,NA,0,0,0,0,0,0,25,45
"4797",0,0,0,0,0,0,0,0,0,0,0,0,0,0,0,0,0,0,0,0,0
"4798",1,1,5,3,1,1,1,1,1,2,4,2,2,2,0,4,2,2,1,4,2
"4799",2,3,5,7,1,1,5,3,1,2,0,0,1,4,1,2,4,1,1,6,6
"4800",3,4,5,7,2,3,5,7,1,1,1,0,1,0,0,1,1,1,2,7,7
"4801",4,7,5,11,2,4,5,7,2,3,1,4,1,4,0,3,4,1,1,10,11
"4802",5,8,5,20,2,7,5,11,2,1,0,0,6,2,6,1,6,1,1,11,20
"4803",6,9,11,22,2,8,5,20,2,2,6,0,2,0,0,6,2,2,1,18,22
"4804",7,9,13,22,6,9,11,22,2,2,4,1,4,1,0,2,4,2,2,20,26
"4805",8,9,14,23,12,9,13,22,6,1,0,0,6,5,6,1,6,2,2,21,33
"4806",9,14,20,28,12,9,14,23,12,5,6,0,5,0,0,6,5,2,1,32,38
"4807",10,23,26,36,12,14,20,28,12,6,6,2,6,2,0,6,6,2,1,47,46
"4808",11,25,26,39,22,23,26,36,12,2,0,0,6,6,6,2,6,1,2,49,97
"4809",12,25,26,39,22,25,26,39,22,6,6,0,NA,0,0,0,0,0,0,49,97
"4810",0,0,0,0,0,0,0,0,0,0,0,0,0,0,0,0,0,0,0,0,0
"4811",1,4,1,2,1,1,1,1,1,2,3,1,2,1,0,3,1,1,1,3,1
"4812",2,6,1,2,6,4,1,2,1,2,0,0,3,5,6,2,5,1,2,5,6
"4813",3,12,2,5,6,6,1,2,6,3,6,0,3,0,0,6,3,1,1,12,9
"4814",4,18,10,7,6,12,2,5,6,2,3,6,2,3,0,6,2,1,1,26,11
"4815",5,18,13,7,17,18,10,7,6,3,0,0,6,3,1,3,6,2,2,29,22
"4816",6,18,16,7,18,18,13,7,17,3,1,0,1,0,0,3,1,2,2,32,23
"4817",7,18,21,7,22,18,16,7,18,1,5,4,1,4,0,5,4,2,2,37,27
"4818",8,19,21,7,24,18,21,7,22,1,0,0,5,2,2,1,2,1,2,38,29
"4819",9,24,21,7,26,19,21,7,24,5,2,0,2,0,0,5,2,1,2,43,31
"4820",10,29,21,7,31,24,21,7,26,5,5,1,5,1,0,5,5,1,2,48,36
"4821",11,30,21,10,31,29,21,7,31,1,0,0,4,2,3,1,3,1,1,49,39
"4822",12,30,21,10,31,30,21,10,31,4,2,0,NA,0,0,0,0,0,0,49,39
"4823",0,0,0,0,0,0,0,0,0,0,0,0,0,0,0,0,0,0,0,0,0
"4824",1,4,13,5,1,1,1,1,1,6,6,4,6,4,0,6,4,2,1,15,4
"4825",2,13,13,17,1,4,13,5,1,6,0,0,1,6,5,6,6,1,1,24,16
"4826",3,13,18,17,2,13,13,17,1,1,5,0,1,0,0,5,1,2,2,29,17
"4827",4,14,18,26,2,13,18,17,2,6,4,1,6,4,0,1,6,1,1,30,26
"4828",5,18,18,26,3,14,18,26,2,4,0,0,2,5,1,4,1,1,2,34,27
"4829",6,18,20,31,3,18,18,26,3,2,5,0,5,0,0,2,5,2,1,36,32
"4830",7,1,20,37,7,18,20,31,3,6,5,5,6,5,0,5,6,1,1,19,42
"4831",8,6,20,37,12,1,20,37,7,5,0,0,5,4,1,5,5,1,2,24,47
"4832",9,6,24,37,13,6,20,37,12,4,1,0,1,0,0,4,1,2,2,28,48
"4833",10,9,24,37,17,6,24,37,13,3,3,4,3,4,0,3,4,1,2,31,52
"4834",11,9,27,37,21,9,24,37,17,3,0,0,4,5,3,3,4,2,2,34,56
"4835",12,9,27,37,21,9,27,37,21,5,3,0,NA,0,0,0,0,0,0,34,56
"4836",0,0,0,0,0,0,0,0,0,0,0,0,0,0,0,0,0,0,0,0,0
"4837",1,5,1,1,6,1,1,1,1,4,5,3,5,3,0,4,5,1,2,4,5
"4838",2,5,4,5,18,5,1,1,6,3,0,0,3,5,6,3,6,2,2,7,21
"4839",3,5,9,8,18,5,4,5,18,3,5,0,3,0,0,5,3,2,1,12,24
"4840",4,8,9,12,18,5,9,8,18,1,3,4,1,4,0,3,4,1,1,15,28
"4841",5,9,9,12,21,8,9,12,18,1,0,0,3,4,5,1,3,1,2,16,31
"4842",6,9,14,16,21,9,9,12,21,4,5,0,4,0,0,5,4,2,1,21,35
"4843",7,9,17,20,21,9,14,16,21,4,3,3,4,3,0,3,4,2,1,24,39
"4844",8,9,20,24,21,9,17,20,21,3,0,0,1,2,4,3,4,2,1,27,43
"4845",9,9,21,24,23,9,20,24,21,1,2,0,2,0,0,1,2,2,2,28,45
"4846",10,9,26,29,29,9,21,24,23,6,5,3,6,3,0,5,6,2,2,33,56
"4847",11,9,29,34,29,9,26,29,29,3,0,0,5,1,4,3,5,2,1,36,61
"4848",12,9,29,34,29,9,29,34,29,1,4,0,NA,0,0,0,0,0,0,36,61
"4849",0,0,0,0,0,0,0,0,0,0,0,0,0,0,0,0,0,0,0,0,0
"4850",1,1,2,1,3,1,1,1,1,1,2,1,2,1,0,1,2,2,2,1,2
"4851",2,1,3,1,7,1,2,1,3,1,0,0,3,4,5,1,4,2,2,2,6
"4852",3,1,8,1,10,1,3,1,7,3,5,0,3,0,0,5,3,2,2,7,9
"4853",4,3,8,3,10,1,8,1,10,2,2,1,2,1,0,2,2,1,1,9,11
"4854",5,3,9,3,14,3,8,3,10,1,0,0,4,4,5,1,4,2,2,10,15
"4855",6,8,9,3,18,3,9,3,14,4,5,0,4,0,0,5,4,1,2,15,19
"4856",7,8,12,3,21,8,9,3,18,3,1,3,1,3,0,3,3,2,2,18,22
"4857",8,8,13,15,22,8,12,3,21,1,0,0,2,6,5,1,6,2,1,19,35
"4858",9,8,18,17,22,8,13,15,22,2,5,0,2,0,0,5,2,2,1,24,37
"4859",10,12,18,20,22,8,18,17,22,4,1,3,1,3,0,4,3,1,1,28,40
"4860",11,13,18,25,22,12,18,20,22,1,0,0,5,2,2,1,5,1,1,29,45
"4861",12,13,18,25,22,13,18,25,22,2,2,0,NA,0,0,0,0,0,0,29,45
"4862",0,0,0,0,0,0,0,0,0,0,0,0,0,0,0,0,0,0,0,0,0
"4863",1,3,1,2,7,1,1,1,1,2,2,6,2,6,0,2,6,1,2,2,7
"4864",2,5,1,2,10,3,1,2,7,2,0,0,6,3,6,2,3,1,2,4,10
"4865",3,5,9,9,10,5,1,2,10,6,6,0,6,0,0,6,6,2,1,12,17
"4866",4,5,13,12,10,5,9,9,10,3,2,4,3,2,0,4,3,2,1,16,20
"4867",5,5,15,18,13,5,13,12,10,2,0,0,3,2,6,2,6,2,1,18,29
"4868",6,8,15,18,15,5,15,18,13,3,2,0,2,0,0,3,2,1,2,21,31
"4869",7,9,21,22,15,8,15,18,15,6,4,2,4,2,0,6,4,2,1,28,35
"4870",8,1,23,29,21,9,21,22,15,2,0,0,3,5,1,2,5,2,1,22,48
"4871",9,1,26,30,21,1,23,29,21,3,1,0,1,0,0,3,1,2,1,25,49
"4872",10,5,26,37,1,1,26,30,21,3,6,2,3,6,0,2,6,1,1,29,36
"4873",11,1,1,37,26,5,26,37,1,3,0,0,1,1,6,3,6,2,2,0,61
"4874",12,1,1,37,26,1,1,37,26,1,1,0,NA,0,0,0,0,0,0,0,61
"4875",0,0,0,0,0,0,0,0,0,0,0,0,0,0,0,0,0,0,0,0,0
"4876",1,1,11,7,5,1,1,1,1,6,3,6,3,6,0,6,6,2,1,10,10
"4877",2,4,11,12,5,1,11,7,5,3,0,0,5,6,6,3,5,1,1,13,15
"4878",3,6,17,16,11,4,11,12,5,6,6,0,6,0,0,6,6,2,2,21,25
"4879",4,10,23,16,14,6,17,16,11,1,6,3,1,3,0,6,3,2,2,31,28
"4880",5,10,24,16,19,10,23,16,14,1,0,0,5,1,2,1,5,2,2,32,33
"4881",6,12,24,17,19,10,24,16,19,1,2,0,1,0,0,2,1,1,1,34,34
"4882",7,12,28,22,19,12,24,17,19,4,5,3,5,3,0,4,5,2,1,38,39
"4883",8,12,31,23,25,12,28,22,19,3,0,0,6,4,6,3,6,2,2,41,46
"4884",9,18,34,23,29,12,31,23,25,4,6,0,4,0,0,6,4,1,2,50,50
"4885",10,28,39,26,29,18,34,23,29,4,5,3,4,3,0,5,3,2,1,103,53
"4886",11,32,39,27,29,28,39,26,29,4,0,0,1,3,5,4,1,1,1,107,54
"4887",12,32,39,27,29,32,39,27,29,3,5,0,NA,0,0,0,0,0,0,107,54
"4888",0,0,0,0,0,0,0,0,0,0,0,0,0,0,0,0,0,0,0,0,0
"4889",1,12,1,1,5,1,1,1,1,1,4,6,1,4,0,6,4,1,2,11,4
"4890",2,12,2,3,11,12,1,1,5,1,0,0,6,5,4,1,6,2,2,12,12
"4891",3,12,7,3,15,12,2,3,11,5,4,0,4,0,0,5,4,2,2,17,16
"4892",4,17,7,3,16,12,7,3,15,5,3,1,3,1,0,5,1,1,2,22,17
"4893",5,17,10,3,20,17,7,3,16,3,0,0,4,1,1,3,4,2,2,25,21
"4894",6,18,10,3,21,17,10,3,20,1,1,0,1,0,0,1,1,1,2,26,22
"4895",7,18,14,3,26,18,10,3,21,4,5,2,5,2,0,4,5,2,2,30,27
"4896",8,18,1,4,34,18,14,3,26,2,0,0,6,6,6,2,6,2,2,17,36
"4897",9,27,1,14,39,18,1,4,34,6,6,0,6,0,0,6,6,1,1,26,89
"4898",10,29,1,16,39,27,1,14,39,2,2,3,2,3,0,2,2,1,1,28,91
"4899",11,32,1,20,39,29,1,16,39,3,0,0,4,3,4,3,4,1,1,31,95
"4900",12,32,1,20,39,32,1,20,39,3,4,0,NA,0,0,0,0,0,0,31,95
"4901",0,0,0,0,0,0,0,0,0,0,0,0,0,0,0,0,0,0,0,0,0
"4902",1,1,6,1,5,1,1,1,1,5,1,4,1,4,0,5,4,2,2,5,4
"4903",2,1,7,12,5,1,6,1,5,1,0,0,6,1,6,1,6,2,1,6,15
"4904",3,5,13,13,5,1,7,12,5,1,6,0,1,0,0,6,1,2,1,16,16
"4905",4,5,21,15,5,5,13,13,5,3,6,2,3,2,0,6,2,2,1,24,18
"4906",5,5,1,18,6,5,21,15,5,3,0,0,1,1,1,3,1,2,2,4,22
"4907",6,6,1,19,6,5,1,18,6,1,1,0,1,0,0,1,1,1,1,5,23
"4908",7,6,2,19,8,6,1,19,6,2,4,1,2,4,0,1,2,2,2,6,25
"4909",8,10,2,19,10,6,2,19,8,4,0,0,2,6,6,4,2,1,2,10,27
"4910",9,20,2,19,18,10,2,19,10,6,6,0,6,0,0,6,6,1,2,20,35
"4911",10,25,2,21,18,20,2,19,18,5,2,2,2,2,0,5,2,1,1,25,37
"4912",11,27,2,31,18,25,2,21,18,2,0,0,4,6,6,2,6,1,1,27,47
"4913",12,27,2,31,18,27,2,31,18,4,6,0,NA,0,0,0,0,0,0,27,47
"4914",0,0,0,0,0,0,0,0,0,0,0,0,0,0,0,0,0,0,0,0,0
"4915",1,1,4,6,1,1,1,1,1,3,5,2,5,2,0,3,5,2,1,3,5
"4916",2,1,6,6,9,1,4,6,1,2,0,0,4,6,2,2,6,2,2,5,13
"4917",3,5,6,8,9,1,6,6,9,4,2,0,2,0,0,4,2,1,1,9,15
"4918",4,11,12,10,21,5,6,8,9,6,6,4,6,4,0,6,6,2,2,21,29
"4919",5,11,16,16,24,11,12,10,21,4,0,0,2,6,5,4,6,2,1,25,38
"4920",6,11,21,16,26,11,16,16,24,2,5,0,2,0,0,5,2,2,2,30,40
"4921",7,11,25,20,26,11,21,16,26,1,4,4,1,4,0,4,4,2,1,34,44
"4922",8,11,26,21,26,11,25,20,26,1,0,0,1,4,1,1,1,2,1,35,45
"4923",9,11,30,22,26,11,26,21,26,4,1,0,1,0,0,4,1,2,1,39,46
"4924",10,11,34,22,36,11,30,22,26,4,6,4,6,4,0,4,6,2,2,43,56
"4925",11,11,38,24,39,11,34,22,36,4,0,0,3,2,6,4,3,2,2,47,99
"4926",12,11,38,24,39,11,38,24,39,2,6,0,NA,0,0,0,0,0,0,47,99
"4927",0,0,0,0,0,0,0,0,0,0,0,0,0,0,0,0,0,0,0,0,0
"4928",1,4,7,1,6,1,1,1,1,3,5,6,3,5,0,6,5,2,2,9,5
"4929",2,7,7,3,6,4,7,1,6,3,0,0,2,1,3,3,2,1,1,12,7
"4930",3,10,7,4,6,7,7,3,6,1,3,0,1,0,0,3,1,1,1,15,8
"4931",4,10,11,9,6,10,7,4,6,4,3,5,3,5,0,4,5,2,1,19,13
"4932",5,10,14,9,9,10,11,9,6,3,0,0,6,3,3,3,3,2,2,22,16
"4933",6,16,18,9,12,10,14,9,9,6,3,0,3,0,0,6,3,1,2,32,19
"4934",7,16,20,13,12,16,18,9,12,3,4,2,3,4,0,2,4,2,1,34,23
"4935",8,16,23,16,12,16,20,13,12,3,0,0,3,6,1,3,3,2,1,37,26
"4936",9,27,23,17,12,16,23,16,12,6,1,0,1,0,0,6,1,1,1,48,27
"4937",10,34,30,19,1,27,23,17,12,1,6,2,1,2,0,6,2,2,1,62,18
"4938",11,35,30,19,5,34,30,19,1,1,0,0,4,4,4,1,4,1,2,63,22
"4939",12,35,30,19,5,35,30,19,5,4,4,0,NA,0,0,0,0,0,0,63,22
"4940",0,0,0,0,0,0,0,0,0,0,0,0,0,0,0,0,0,0,0,0,0
"4941",1,1,2,1,6,1,1,1,1,5,1,1,5,1,0,1,5,2,2,1,5
"4942",2,1,3,4,6,1,2,1,6,1,0,0,3,2,1,1,3,2,1,2,8
"4943",3,1,4,6,6,1,3,4,6,2,1,0,2,0,0,1,2,2,1,3,10
"4944",4,1,9,8,6,1,4,6,6,2,2,5,2,2,0,5,2,2,1,8,12
"4945",5,3,9,8,11,1,9,8,6,2,0,0,5,1,3,2,5,1,2,10,17
"4946",6,6,9,8,12,3,9,8,11,1,3,0,1,0,0,3,1,1,2,13,18
"4947",7,9,9,11,12,6,9,8,12,2,3,3,2,3,0,3,3,1,1,16,21
"4948",8,9,11,17,18,9,9,11,12,2,0,0,6,2,6,2,6,2,2,18,33
"4949",9,16,11,17,20,9,11,17,18,2,6,0,2,0,0,6,2,1,2,25,35
"4950",10,18,11,23,22,16,11,17,20,6,1,2,6,1,0,2,6,1,1,27,43
"4951",11,19,11,24,22,18,11,23,22,1,0,0,1,4,3,1,1,1,1,28,44
"4952",12,19,11,24,22,19,11,24,22,4,3,0,NA,0,0,0,0,0,0,28,44
"4953",0,0,0,0,0,0,0,0,0,0,0,0,0,0,0,0,0,0,0,0,0
"4954",1,1,8,1,4,1,1,1,1,6,2,3,2,3,0,6,3,2,2,7,3
"4955",2,3,8,6,10,1,8,1,4,2,0,0,6,2,1,2,6,1,2,9,14
"4956",3,5,8,6,11,3,8,6,10,2,1,0,1,0,0,2,1,1,2,11,15
"4957",4,10,8,8,11,5,8,6,11,1,5,2,1,2,0,5,2,1,1,16,17
"4958",5,11,8,8,22,10,8,8,11,1,0,0,3,4,6,1,6,1,2,17,28
"4959",6,11,12,11,22,11,8,8,22,3,4,0,3,0,0,4,3,2,1,21,31
"4960",7,11,17,16,22,11,12,11,22,5,3,5,3,5,0,5,5,2,1,26,36
"4961",8,14,17,20,22,11,17,16,22,3,0,0,4,3,4,3,4,1,1,29,40
"4962",9,14,21,23,22,14,17,20,22,3,4,0,3,0,0,4,3,2,1,33,43
"4963",10,1,25,29,34,14,21,23,22,3,4,6,3,6,0,4,6,2,2,24,61
"4964",11,4,25,31,34,1,25,29,34,3,0,0,2,3,1,3,2,1,1,27,63
"4965",12,4,25,31,34,4,25,31,34,3,1,0,NA,0,0,0,0,0,0,27,63
"4966",0,0,0,0,0,0,0,0,0,0,0,0,0,0,0,0,0,0,0,0,0
"4967",1,1,5,6,1,1,1,1,1,4,5,4,5,4,0,4,5,2,1,4,5
"4968",2,1,9,7,1,1,5,6,1,4,0,0,2,3,1,4,1,2,1,8,6
"4969",3,3,9,7,4,1,9,7,1,2,3,0,3,0,0,2,3,1,2,10,9
"4970",4,3,17,11,4,3,9,7,4,3,4,6,3,4,0,6,4,2,1,18,13
"4971",5,3,20,12,4,3,17,11,4,3,0,0,1,3,1,3,1,2,1,21,14
"4972",6,3,21,15,4,3,20,12,4,3,1,0,3,0,0,1,3,2,1,22,17
"4973",7,12,21,21,9,3,21,15,4,3,6,6,3,6,0,6,6,1,1,31,28
"4974",8,12,24,26,9,12,21,21,9,3,0,0,5,1,4,3,5,2,1,34,33
"4975",9,16,24,26,10,12,24,26,9,1,4,0,1,0,0,4,1,1,2,38,34
"4976",10,21,24,29,10,16,24,26,10,2,5,3,2,3,0,5,3,1,1,43,37
"4977",11,23,24,29,15,21,24,29,10,2,0,0,6,5,4,2,5,1,2,45,42
"4978",12,23,24,29,15,23,24,29,15,6,4,0,NA,0,0,0,0,0,0,45,42
"4979",0,0,0,0,0,0,0,0,0,0,0,0,0,0,0,0,0,0,0,0,0
"4980",1,4,1,5,1,1,1,1,1,3,4,4,4,4,0,3,4,1,1,3,4
"4981",2,8,1,9,1,4,1,5,1,4,0,0,5,4,5,4,4,1,1,7,8
"4982",3,13,1,14,1,8,1,9,1,5,5,0,5,0,0,5,5,1,1,12,13
"4983",4,18,1,14,4,13,1,14,1,5,3,2,3,2,0,5,3,1,2,17,16
"4984",5,18,3,18,4,18,1,14,4,2,0,0,4,3,1,2,4,2,1,19,20
"4985",6,21,3,18,5,18,3,18,4,3,1,0,1,0,0,3,1,1,2,22,21
"4986",7,21,6,18,10,21,3,18,5,3,5,3,5,3,0,3,5,2,2,25,26
"4987",8,24,6,18,14,21,6,18,10,3,0,0,1,4,3,3,4,1,2,28,30
"4988",9,27,6,19,14,24,6,18,14,1,3,0,1,0,0,3,1,1,1,31,31
"4989",10,31,6,21,14,27,6,19,14,4,2,2,2,2,0,4,2,1,1,35,33
"4990",11,33,6,21,18,31,6,21,14,2,0,0,4,2,5,2,4,1,2,37,37
"4991",12,33,6,21,18,33,6,21,18,2,5,0,NA,0,0,0,0,0,0,37,37
"4992",0,0,0,0,0,0,0,0,0,0,0,0,0,0,0,0,0,0,0,0,0
"4993",1,1,5,4,1,1,1,1,1,5,3,4,5,3,0,4,3,2,1,4,3
"4994",2,6,5,8,1,1,5,4,1,5,0,0,4,4,4,5,4,1,1,9,7
"4995",3,6,9,8,5,6,5,8,1,4,4,0,4,0,0,4,4,2,2,13,11
"4996",4,7,15,11,5,6,9,8,5,6,3,1,3,1,0,6,3,2,1,20,14
"4997",5,8,15,22,5,7,15,11,5,1,0,0,5,6,6,1,6,1,1,21,25
"4998",6,8,22,27,5,8,15,22,5,5,6,0,5,0,0,6,5,2,1,28,30
"4999",7,9,26,1,5,8,22,27,5,1,4,3,4,3,0,1,4,1,2,33,4
"5000",8,12,26,5,5,9,26,1,5,3,0,0,4,6,2,3,4,1,1,36,8
"5001",9,12,34,5,7,12,26,5,5,6,2,0,2,0,0,6,2,2,2,44,10
"5002",10,12,37,6,7,12,34,5,7,3,1,1,1,1,0,3,1,2,1,47,11
"5003",11,13,37,9,7,12,37,6,7,1,0,0,3,6,3,1,3,1,1,48,14
"5004",12,13,37,9,7,13,37,9,7,6,3,0,NA,0,0,0,0,0,0,48,14
"5005",0,0,0,0,0,0,0,0,0,0,0,0,0,0,0,0,0,0,0,0,0
"5006",1,1,5,1,5,1,1,1,1,4,4,1,4,1,0,4,4,2,2,4,4
"5007",2,2,5,1,6,1,5,1,5,1,0,0,1,3,1,1,1,1,2,5,5
"5008",3,2,8,1,7,2,5,1,6,3,1,0,1,0,0,3,1,2,2,8,6
"5009",4,2,12,12,7,2,8,1,7,6,4,1,6,1,0,4,6,2,1,12,17
"5010",5,2,13,12,15,2,12,12,7,1,0,0,6,4,1,1,6,2,2,13,25
"5011",6,2,17,13,15,2,13,12,15,4,1,0,1,0,0,4,1,2,1,17,26
"5012",7,2,22,16,21,2,17,13,15,5,5,6,5,6,0,5,6,2,2,22,35
"5013",8,2,27,16,31,2,22,16,21,5,0,0,6,6,6,5,6,2,2,27,45
"5014",9,1,37,23,37,2,27,16,31,6,6,0,6,0,0,6,6,2,2,36,58
"5015",10,8,37,5,37,1,37,23,37,4,4,3,4,3,0,4,4,1,1,43,40
"5016",11,11,37,9,39,8,37,5,37,3,0,0,4,2,2,3,2,1,2,46,84
"5017",12,11,37,9,39,11,37,9,39,4,2,0,NA,0,0,0,0,0,0,46,84
"5018",0,0,0,0,0,0,0,0,0,0,0,0,0,0,0,0,0,0,0,0,0
"5019",1,1,5,6,1,1,1,1,1,5,4,3,5,3,0,4,5,2,1,4,5
"5020",2,1,8,10,1,1,5,6,1,3,0,0,3,4,4,3,4,2,1,7,9
"5021",3,5,8,13,1,1,8,10,1,3,4,0,3,0,0,4,3,1,1,11,12
"5022",4,10,14,18,1,5,8,13,1,1,5,6,1,5,0,6,5,2,1,22,17
"5023",5,11,14,23,1,10,14,18,1,1,0,0,5,3,1,1,5,1,1,23,22
"5024",6,12,14,26,1,11,14,23,1,3,1,0,3,0,0,1,3,1,1,24,25
"5025",7,16,14,28,1,12,14,26,1,4,2,2,2,2,0,4,2,1,1,28,27
"5026",8,18,1,36,7,16,14,28,1,2,0,0,6,2,6,2,6,1,2,17,41
"5027",9,20,1,36,14,18,1,36,7,2,6,0,6,0,0,2,6,1,2,19,48
"5028",10,20,6,36,16,20,1,36,14,5,2,1,2,1,0,5,2,2,2,24,50
"5029",11,21,6,38,16,20,6,36,16,1,0,0,2,3,5,1,2,1,1,25,52
"5030",12,21,6,38,16,21,6,38,16,3,5,0,NA,0,0,0,0,0,0,25,52
"5031",0,0,0,0,0,0,0,0,0,0,0,0,0,0,0,0,0,0,0,0,0
"5032",1,5,1,5,1,1,1,1,1,4,1,4,1,4,0,4,4,1,1,4,4
"5033",2,6,1,8,1,5,1,5,1,1,0,0,1,3,2,1,3,1,1,5,7
"5034",3,8,1,8,2,6,1,8,1,1,2,0,1,0,0,2,1,1,2,7,8
"5035",4,13,1,12,2,8,1,8,2,4,2,5,4,2,0,5,4,1,1,12,12
"5036",5,13,3,16,8,13,1,12,2,2,0,0,5,1,6,2,6,2,2,14,22
"5037",6,18,3,16,9,13,3,16,8,5,1,0,1,0,0,5,1,1,2,19,23
"5038",7,23,3,19,9,18,3,16,9,5,1,3,1,3,0,5,3,1,1,24,26
"5039",8,24,3,23,15,23,3,19,9,1,0,0,5,4,6,1,6,1,2,25,36
"5040",9,29,3,23,19,24,3,23,15,5,4,0,4,0,0,5,4,1,2,30,40
"5041",10,29,4,23,24,29,3,23,19,5,4,1,5,4,0,1,5,2,2,31,45
"5042",11,33,4,29,27,29,4,23,24,4,0,0,5,6,5,4,6,1,1,35,54
"5043",12,33,4,29,27,33,4,29,27,5,5,0,NA,0,0,0,0,0,0,35,54
"5044",0,0,0,0,0,0,0,0,0,0,0,0,0,0,0,0,0,0,0,0,0
"5045",1,2,1,4,1,1,1,1,1,1,1,3,1,3,0,1,3,1,1,1,3
"5046",2,3,1,4,5,2,1,4,1,1,0,0,4,2,1,1,4,1,2,2,7
"5047",3,5,1,5,5,3,1,4,5,2,1,0,1,0,0,2,1,1,1,4,8
"5048",4,5,10,8,11,5,1,5,5,6,6,3,6,3,0,6,6,2,2,13,17
"5049",5,8,10,13,11,5,10,8,11,3,0,0,5,1,2,3,5,1,1,16,22
"5050",6,8,12,13,12,8,10,13,11,1,2,0,1,0,0,2,1,2,2,18,23
"5051",7,8,21,17,12,8,12,13,12,4,2,6,4,2,0,6,4,2,1,27,27
"5052",8,8,23,17,17,8,21,17,12,2,0,0,5,3,3,2,5,2,2,29,32
"5053",9,8,26,20,17,8,23,17,17,3,3,0,3,0,0,3,3,2,1,32,35
"5054",10,8,34,20,20,8,26,20,17,6,3,1,3,1,0,6,3,2,2,40,38
"5055",11,9,34,25,20,8,34,20,20,1,0,0,1,6,5,1,5,1,1,41,43
"5056",12,9,34,25,20,9,34,25,20,1,6,0,NA,0,0,0,0,0,0,41,43
"5057",0,0,0,0,0,0,0,0,0,0,0,0,0,0,0,0,0,0,0,0,0
"5058",1,1,11,1,8,1,1,1,1,6,2,6,2,6,0,6,6,2,2,10,7
"5059",2,3,11,6,14,1,11,1,8,2,0,0,2,3,6,2,6,1,2,12,18
"5060",3,3,13,9,14,3,11,6,14,2,3,0,3,0,0,2,3,2,1,14,21
"5061",4,3,14,9,18,3,13,9,14,1,1,4,1,4,0,1,4,2,2,15,25
"5062",5,4,14,10,24,3,14,9,18,1,0,0,6,6,4,1,6,1,2,16,32
"5063",6,4,21,14,24,4,14,10,24,6,4,0,4,0,0,6,4,2,1,23,36
"5064",7,4,31,14,31,4,21,14,24,6,5,6,5,6,0,6,6,2,2,33,43
"5065",8,4,36,18,39,4,31,14,31,5,0,0,6,2,6,5,6,2,2,38,93
"5066",9,4,38,25,39,4,36,18,39,2,6,0,6,0,0,2,6,2,1,40,100
"5067",10,9,38,4,39,4,38,25,39,3,5,3,5,3,0,3,3,1,1,45,79
"5068",11,14,38,9,39,9,38,4,39,5,0,0,5,5,5,5,5,1,1,50,84
"5069",12,14,38,9,39,14,38,9,39,5,5,0,NA,0,0,0,0,0,0,50,84
"5070",0,0,0,0,0,0,0,0,0,0,0,0,0,0,0,0,0,0,0,0,0
"5071",1,1,3,1,5,1,1,1,1,2,1,4,1,4,0,2,4,2,2,2,4
"5072",2,2,3,6,17,1,3,1,5,1,0,0,6,5,5,1,6,1,2,3,21
"5073",3,7,3,11,17,2,3,6,17,5,5,0,5,0,0,5,5,1,1,8,26
"5074",4,11,3,15,17,7,3,11,17,4,2,4,2,4,0,4,4,1,1,12,30
"5075",5,13,3,20,17,11,3,15,17,2,0,0,1,4,5,2,5,1,1,14,35
"5076",6,14,1,20,26,13,3,20,17,1,4,0,4,0,0,1,4,1,2,13,44
"5077",7,15,1,20,28,14,1,20,26,3,1,2,3,2,0,1,2,1,2,14,46
"5078",8,15,4,20,29,15,1,20,28,3,0,0,1,1,6,3,1,2,2,17,47
"5079",9,15,5,26,37,15,4,20,29,1,6,0,6,0,0,1,6,2,2,18,61
"5080",10,15,7,27,37,15,5,26,37,2,1,2,1,2,0,2,1,2,1,20,62
"5081",11,17,7,29,37,15,7,27,37,2,0,0,2,5,4,2,2,1,1,22,64
"5082",12,17,7,29,37,17,7,29,37,5,4,0,NA,0,0,0,0,0,0,22,64
"5083",0,0,0,0,0,0,0,0,0,0,0,0,0,0,0,0,0,0,0,0,0
"5084",1,1,6,1,6,1,1,1,1,5,5,1,5,1,0,5,5,2,2,5,5
"5085",2,1,7,1,11,1,6,1,6,1,0,0,3,5,2,1,5,2,2,6,10
"5086",3,4,7,1,13,1,7,1,11,3,2,0,2,0,0,3,2,1,2,9,12
"5087",4,8,7,7,16,4,7,1,13,6,4,4,6,4,0,4,6,1,1,13,21
"5088",5,8,11,16,22,8,7,7,16,4,0,0,1,6,1,4,6,2,1,17,36
"5089",6,9,11,17,22,8,11,16,22,1,1,0,1,0,0,1,1,1,1,18,37
"5090",7,9,12,22,28,9,11,17,22,6,1,6,6,6,0,1,6,2,2,19,48
"5091",8,9,23,22,29,9,12,22,28,6,0,0,1,1,4,6,1,2,2,30,49
"5092",9,9,27,23,29,9,23,22,29,1,4,0,1,0,0,4,1,2,1,34,50
"5093",10,11,32,28,1,9,27,23,29,1,2,5,1,5,0,2,5,1,1,41,27
"5094",11,1,33,34,1,11,32,28,1,1,0,0,1,1,5,1,1,2,1,32,33
"5095",12,1,33,34,1,1,33,34,1,1,5,0,NA,0,0,0,0,0,0,32,33
"5096",0,0,0,0,0,0,0,0,0,0,0,0,0,0,0,0,0,0,0,0,0
"5097",1,1,5,1,6,1,1,1,1,5,2,4,5,2,0,4,5,2,2,4,5
"5098",2,3,5,5,12,1,5,1,6,2,0,0,4,6,2,2,6,1,2,6,15
"5099",3,3,9,7,12,3,5,5,12,4,2,0,2,0,0,4,2,2,1,10,17
"5100",4,3,14,7,16,3,9,7,12,4,3,5,4,3,0,5,4,2,2,15,21
"5101",5,3,17,12,16,3,14,7,16,3,0,0,2,5,2,3,5,2,1,18,26
"5102",6,3,19,14,16,3,17,12,16,2,2,0,2,0,0,2,2,2,1,20,28
"5103",7,3,28,20,27,3,19,14,16,1,6,6,1,6,0,6,6,2,1,29,45
"5104",8,4,28,25,39,3,28,20,27,1,0,0,5,6,1,1,6,1,2,30,100
"5105",9,4,33,26,39,4,28,25,39,5,1,0,1,0,0,5,1,2,1,35,101
"5106",10,10,33,2,39,4,33,26,39,1,1,4,1,1,0,4,1,1,1,41,77
"5107",11,11,33,13,39,10,33,2,39,1,0,0,1,1,6,1,6,1,1,42,88
"5108",12,11,33,13,39,11,33,13,39,1,1,0,NA,0,0,0,0,0,0,42,88
"5109",0,0,0,0,0,0,0,0,0,0,0,0,0,0,0,0,0,0,0,0,0
"5110",1,6,1,1,18,1,1,1,1,5,6,6,6,6,0,5,6,1,2,5,17
"5111",2,16,1,3,18,6,1,1,18,6,0,0,3,4,2,6,2,1,1,15,19
"5112",3,20,1,6,18,16,1,3,18,3,4,0,3,0,0,4,3,1,1,19,22
"5113",4,20,14,6,23,20,1,6,18,6,2,5,2,5,0,6,5,2,2,32,27
"5114",5,22,14,6,25,20,14,6,23,2,0,0,2,2,4,2,2,1,2,34,29
"5115",6,22,18,6,27,22,14,6,25,2,4,0,2,0,0,4,2,2,2,38,31
"5116",7,22,20,6,29,22,18,6,27,1,2,2,1,2,0,2,2,2,2,40,33
"5117",8,22,21,6,34,22,20,6,29,1,0,0,5,4,5,1,5,2,2,41,38
"5118",9,27,21,6,38,22,21,6,34,4,5,0,4,0,0,5,4,1,2,46,42
"5119",10,1,21,22,38,27,21,6,38,6,6,4,6,4,0,6,6,1,1,20,58
"5120",11,1,25,25,38,1,21,22,38,4,0,0,3,4,2,4,3,2,1,24,61
"5121",12,1,25,25,38,1,25,25,38,4,2,0,NA,0,0,0,0,0,0,24,61
"5122",0,0,0,0,0,0,0,0,0,0,0,0,0,0,0,0,0,0,0,0,0
"5123",1,6,1,1,4,1,1,1,1,5,3,3,3,3,0,5,3,1,2,5,3
"5124",2,6,4,6,4,6,1,1,4,3,0,0,5,6,1,3,5,2,1,8,8
"5125",3,8,10,6,5,6,4,6,4,6,1,0,1,0,0,6,1,2,2,16,9
"5126",4,8,11,8,5,8,10,6,5,1,1,2,1,2,0,1,2,2,1,17,11
"5127",5,9,11,8,10,8,11,8,5,1,0,0,5,3,1,1,5,1,2,18,16
"5128",6,12,11,9,10,9,11,8,10,3,1,0,1,0,0,3,1,1,1,21,17
"5129",7,12,19,9,14,12,11,9,10,2,6,4,2,4,0,6,4,2,2,29,21
"5130",8,12,21,13,14,12,19,9,14,2,0,0,4,2,4,2,4,2,1,31,25
"5131",9,12,25,13,16,12,21,13,14,2,4,0,2,0,0,4,2,2,2,35,27
"5132",10,17,31,6,16,12,25,13,16,5,4,6,5,4,0,6,5,2,1,46,20
"5133",11,21,31,8,16,17,31,6,16,4,0,0,4,2,1,4,2,1,1,50,22
"5134",12,21,31,8,16,21,31,8,16,4,1,0,NA,0,0,0,0,0,0,50,22
"5135",0,0,0,0,0,0,0,0,0,0,0,0,0,0,0,0,0,0,0,0,0
"5136",1,6,1,4,1,1,1,1,1,3,5,3,3,3,0,5,3,1,1,5,3
"5137",2,9,1,6,7,6,1,4,1,3,0,0,6,3,2,3,6,1,2,8,11
"5138",3,12,1,6,9,9,1,6,7,3,2,0,2,0,0,3,2,1,2,11,13
"5139",4,12,5,8,9,12,1,6,9,4,1,2,1,2,0,4,2,2,1,15,15
"5140",5,13,5,18,9,12,5,8,9,1,0,0,6,2,5,1,6,1,1,16,25
"5141",6,18,5,20,9,13,5,18,9,2,5,0,2,0,0,5,2,1,1,21,27
"5142",7,20,5,20,14,18,5,20,9,2,5,2,5,2,0,2,5,1,2,23,32
"5143",8,22,5,22,20,20,5,20,14,2,0,0,6,3,4,2,6,1,2,25,40
"5144",9,25,5,26,20,22,5,22,20,3,4,0,4,0,0,3,4,1,1,28,44
"5145",10,29,5,37,20,25,5,26,20,6,4,6,6,6,0,4,6,1,1,32,55
"5146",11,37,5,37,25,29,5,37,20,6,0,0,5,3,3,6,5,1,2,40,60
"5147",12,37,5,37,25,37,5,37,25,3,3,0,NA,0,0,0,0,0,0,40,60
"5148",0,0,0,0,0,0,0,0,0,0,0,0,0,0,0,0,0,0,0,0,0
"5149",1,4,1,3,1,1,1,1,1,2,3,3,2,3,0,3,2,1,1,3,2
"5150",2,4,4,5,1,4,1,3,1,3,0,0,1,2,2,3,2,2,1,6,4
"5151",3,4,6,6,1,4,4,5,1,1,2,0,1,0,0,2,1,2,1,8,5
"5152",4,9,6,7,1,4,6,6,1,1,1,5,1,1,0,5,1,1,1,13,6
"5153",5,9,7,11,1,9,6,7,1,1,0,0,4,4,4,1,4,2,1,14,10
"5154",6,9,11,15,1,9,7,11,1,4,4,0,4,0,0,4,4,2,1,18,14
"5155",7,19,11,17,1,9,11,15,1,3,6,2,3,2,0,6,2,1,1,28,16
"5156",8,22,11,21,1,19,11,17,1,3,0,0,4,6,1,3,4,1,1,31,20
"5157",9,34,11,21,2,22,11,21,1,6,1,0,1,0,0,6,1,1,2,43,21
"5158",10,34,16,24,2,34,11,21,2,5,2,3,2,3,0,5,3,2,1,48,24
"5159",11,36,16,26,2,34,16,24,2,2,0,0,6,2,1,2,2,1,1,50,26
"5160",12,36,16,26,2,36,16,26,2,6,1,0,NA,0,0,0,0,0,0,50,26
"5161",0,0,0,0,0,0,0,0,0,0,0,0,0,0,0,0,0,0,0,0,0
"5162",1,5,1,6,1,1,1,1,1,5,4,4,5,4,0,4,5,1,1,4,5
"5163",2,5,5,17,1,5,1,6,1,4,0,0,6,3,3,4,6,2,1,8,16
"5164",3,5,8,17,4,5,5,17,1,3,3,0,3,0,0,3,3,2,2,11,19
"5165",4,5,13,21,4,5,8,17,4,5,4,4,4,4,0,5,4,2,1,16,23
"5166",5,9,13,21,9,5,13,21,4,4,0,0,4,5,4,4,5,1,2,20,28
"5167",6,13,13,25,9,9,13,21,9,4,4,0,4,0,0,4,4,1,1,24,32
"5168",7,16,1,36,9,13,13,25,9,3,2,6,2,6,0,3,6,1,1,15,43
"5169",8,18,1,37,15,16,1,36,9,2,0,0,6,4,5,2,6,1,2,17,50
"5170",9,18,6,37,19,18,1,37,15,4,5,0,4,0,0,5,4,2,2,22,54
"5171",10,18,1,37,32,18,6,37,19,6,3,4,6,3,0,4,6,2,2,17,67
"5172",11,21,1,38,32,18,1,37,32,3,0,0,1,6,2,3,1,1,1,20,68
"5173",12,21,1,38,32,21,1,38,32,6,2,0,NA,0,0,0,0,0,0,20,68
"5174",0,0,0,0,0,0,0,0,0,0,0,0,0,0,0,0,0,0,0,0,0
"5175",1,1,5,7,8,1,1,1,1,4,6,3,6,3,0,4,6,2,1,4,13
"5176",2,1,8,7,13,1,5,7,8,3,0,0,6,4,5,3,5,2,2,7,18
"5177",3,1,18,7,17,1,8,7,13,6,4,0,4,0,0,6,4,2,2,17,22
"5178",4,2,18,7,22,1,18,7,17,5,1,5,5,5,0,1,5,1,2,18,27
"5179",5,2,23,7,30,2,18,7,22,5,0,0,4,6,3,5,6,2,2,23,35
"5180",6,2,27,7,33,2,23,7,30,4,3,0,3,0,0,4,3,2,2,27,38
"5181",7,2,32,7,38,2,27,7,33,5,1,5,1,5,0,5,5,2,2,32,43
"5182",8,3,32,10,39,2,32,7,38,1,0,0,1,4,1,1,1,1,2,33,85
"5183",9,3,36,11,39,3,32,10,39,4,1,0,1,0,0,4,1,2,1,37,86
"5184",10,3,38,12,39,3,36,11,39,2,5,1,5,1,0,2,1,2,1,39,87
"5185",11,8,38,23,39,3,38,12,39,5,0,0,6,6,5,5,6,1,1,44,98
"5186",12,8,38,23,39,8,38,23,39,6,5,0,NA,0,0,0,0,0,0,44,98
"5187",0,0,0,0,0,0,0,0,0,0,0,0,0,0,0,0,0,0,0,0,0
"5188",1,1,4,1,6,1,1,1,1,3,5,2,5,2,0,3,5,2,2,3,5
"5189",2,3,4,6,6,1,4,1,6,2,0,0,4,2,5,2,5,1,1,5,10
"5190",3,5,4,6,10,3,4,6,6,4,2,0,4,0,0,2,4,1,2,7,14
"5191",4,9,10,6,15,5,4,6,10,5,6,5,5,5,0,6,5,2,2,17,19
"5192",5,14,10,14,15,9,10,6,15,5,0,0,2,2,6,5,6,1,1,22,27
"5193",6,14,12,16,15,14,10,14,15,2,2,0,2,0,0,2,2,2,1,24,29
"5194",7,20,14,16,23,14,12,16,15,6,1,6,1,6,0,6,6,1,2,32,37
"5195",8,21,14,16,26,20,14,16,23,1,0,0,3,2,3,1,3,1,2,33,40
"5196",9,24,14,16,28,21,14,16,26,2,3,0,2,0,0,3,2,1,2,36,42
"5197",10,29,14,19,28,24,14,16,28,5,1,3,1,3,0,5,3,1,1,41,45
"5198",11,30,14,24,28,29,14,19,28,1,0,0,5,1,4,1,5,1,1,42,50
"5199",12,30,14,24,28,30,14,24,28,1,4,0,NA,0,0,0,0,0,0,42,50
"5200",0,0,0,0,0,0,0,0,0,0,0,0,0,0,0,0,0,0,0,0,0
"5201",1,1,16,3,1,1,1,1,1,1,2,6,1,2,0,6,2,2,1,15,2
"5202",2,2,16,3,3,1,16,3,1,1,0,0,1,2,2,1,2,1,2,16,4
"5203",3,3,16,5,3,2,16,3,3,1,2,0,2,0,0,1,2,1,1,17,6
"5204",4,3,18,5,8,3,16,5,3,2,5,2,5,2,0,2,5,2,2,19,11
"5205",5,5,18,5,9,3,18,5,8,2,0,0,1,1,6,2,1,1,2,21,12
"5206",6,15,18,5,10,5,18,5,9,1,6,0,1,0,0,6,1,1,2,31,13
"5207",7,21,19,5,11,15,18,5,10,5,1,6,5,1,0,6,1,1,2,38,14
"5208",8,21,1,12,13,21,19,5,11,5,0,0,3,4,1,5,1,2,1,20,23
"5209",9,25,1,15,13,21,1,12,13,3,4,0,3,0,0,4,3,1,1,24,26
"5210",10,30,1,15,15,25,1,15,13,2,1,5,2,1,0,5,2,1,2,29,28
"5211",11,31,1,17,15,30,1,15,15,1,0,0,6,2,5,1,2,1,1,30,30
"5212",12,31,1,17,15,31,1,17,15,6,5,0,NA,0,0,0,0,0,0,30,30
"5213",0,0,0,0,0,0,0,0,0,0,0,0,0,0,0,0,0,0,0,0,0
"5214",1,1,5,6,1,1,1,1,1,5,4,4,5,4,0,4,5,2,1,4,5
"5215",2,1,9,17,1,1,5,6,1,4,0,0,6,2,6,4,6,2,1,8,16
"5216",3,12,9,17,3,1,9,17,1,2,6,0,2,0,0,6,2,1,2,19,18
"5217",4,15,21,20,1,12,9,17,3,6,4,3,4,3,0,6,3,2,1,34,19
"5218",5,19,21,23,1,15,21,20,1,4,0,0,3,3,3,4,3,1,1,38,22
"5219",6,19,24,26,1,19,21,23,1,3,3,0,3,0,0,3,3,2,1,41,25
"5220",7,1,30,28,6,19,24,26,1,6,5,4,5,4,0,6,5,2,2,29,32
"5221",8,5,30,32,6,1,30,28,6,4,0,0,3,2,4,4,4,1,1,33,36
"5222",9,8,30,34,6,5,30,32,6,3,2,0,2,0,0,3,2,1,1,36,38
"5223",10,8,35,34,9,8,30,34,6,1,3,5,1,3,0,5,3,2,2,41,41
"5224",11,9,35,37,9,8,35,34,9,1,0,0,1,2,3,1,3,1,1,42,44
"5225",12,9,35,37,9,9,35,37,9,1,2,0,NA,0,0,0,0,0,0,42,44
"5226",0,0,0,0,0,0,0,0,0,0,0,0,0,0,0,0,0,0,0,0,0
"5227",1,1,6,1,3,1,1,1,1,3,2,5,3,2,0,5,2,2,2,5,2
"5228",2,1,9,1,8,1,6,1,3,3,0,0,4,1,5,3,5,2,2,8,7
"5229",3,5,9,1,9,1,9,1,8,4,1,0,1,0,0,4,1,1,2,12,8
"5230",4,5,11,1,12,5,9,1,9,2,1,3,1,3,0,2,3,2,2,14,11
"5231",5,5,12,1,17,5,11,1,12,1,0,0,6,5,1,1,5,2,2,15,16
"5232",6,5,23,2,17,5,12,1,17,6,1,0,1,0,0,6,1,2,1,26,17
"5233",7,5,27,8,19,5,23,2,17,6,4,4,6,4,0,4,6,2,1,30,25
"5234",8,9,1,12,19,5,27,8,19,4,0,0,1,5,5,4,1,1,1,8,29
"5235",9,14,1,17,19,9,1,12,19,5,5,0,5,0,0,5,5,1,1,13,34
"5236",10,16,1,22,19,14,1,17,19,2,5,5,5,5,0,2,5,1,1,15,39
"5237",11,21,1,33,19,16,1,22,19,5,0,0,1,6,6,5,6,1,1,20,50
"5238",12,21,1,33,19,21,1,33,19,1,6,0,NA,0,0,0,0,0,0,20,50
"5239",0,0,0,0,0,0,0,0,0,0,0,0,0,0,0,0,0,0,0,0,0
"5240",1,7,7,5,1,1,1,1,1,3,4,6,3,4,0,6,4,1,1,12,4
"5241",2,7,10,7,1,7,7,5,1,3,0,0,6,2,3,3,2,2,1,15,6
"5242",3,13,13,10,1,7,10,7,1,6,3,0,3,0,0,6,3,1,1,24,9
"5243",4,15,13,15,1,13,13,10,1,2,2,5,2,5,0,2,5,1,1,26,14
"5244",5,17,13,17,1,15,13,15,1,2,0,0,2,5,3,2,2,1,1,28,16
"5245",6,17,18,20,1,17,13,17,1,5,3,0,3,0,0,5,3,2,1,33,19
"5246",7,17,35,20,5,17,18,20,1,1,6,4,1,4,0,6,4,2,2,50,23
"5247",8,17,36,25,5,17,35,20,5,1,0,0,6,4,5,1,5,2,1,51,28
"5248",9,21,36,37,5,17,36,25,5,6,4,0,6,0,0,4,6,1,1,55,40
"5249",10,1,39,39,9,21,36,37,5,3,3,2,3,2,0,3,3,2,2,76,84
"5250",11,3,39,39,13,1,39,39,9,2,0,0,4,3,5,2,4,1,2,78,88
"5251",12,3,39,39,13,3,39,39,13,3,5,0,NA,0,0,0,0,0,0,78,88
"5252",0,0,0,0,0,0,0,0,0,0,0,0,0,0,0,0,0,0,0,0,0
"5253",1,1,5,6,7,1,1,1,1,4,5,6,5,6,0,4,6,2,2,4,11
"5254",2,1,10,7,7,1,5,6,7,5,0,0,1,1,1,5,1,2,1,9,12
"5255",3,2,10,7,8,1,10,7,7,1,1,0,1,0,0,1,1,1,2,10,13
"5256",4,6,10,7,11,2,10,7,8,3,1,4,3,1,0,4,3,1,2,14,16
"5257",5,6,11,14,11,6,10,7,11,1,0,0,6,5,3,1,6,2,1,15,23
"5258",6,6,16,14,14,6,11,14,11,5,3,0,3,0,0,5,3,2,2,20,26
"5259",7,6,32,14,16,6,16,14,14,2,2,6,2,2,0,6,2,2,2,36,28
"5260",8,13,39,19,1,6,32,14,16,2,0,0,5,2,4,2,5,2,1,88,18
"5261",9,15,39,23,1,13,39,19,1,2,4,0,4,0,0,2,4,1,1,90,22
"5262",10,16,39,27,1,15,39,23,1,1,4,2,4,2,0,1,4,1,1,91,26
"5263",11,18,39,27,2,16,39,27,1,2,0,0,3,1,6,2,1,1,2,93,27
"5264",12,18,39,27,2,18,39,27,2,3,6,0,NA,0,0,0,0,0,0,93,27
"5265",0,0,0,0,0,0,0,0,0,0,0,0,0,0,0,0,0,0,0,0,0
"5266",1,7,6,1,6,1,1,1,1,6,5,5,5,5,0,6,5,1,2,11,5
"5267",2,7,11,5,6,7,6,1,6,5,0,0,1,4,4,5,4,2,1,16,9
"5268",3,11,11,6,6,7,11,5,6,1,4,0,1,0,0,4,1,1,1,20,10
"5269",4,15,11,9,6,11,11,6,6,3,4,4,3,4,0,4,3,1,1,24,13
"5270",5,19,11,14,6,15,11,9,6,4,0,0,4,5,3,4,5,1,1,28,18
"5271",6,19,15,17,6,19,11,14,6,4,3,0,3,0,0,4,3,2,1,32,21
"5272",7,19,1,17,11,19,15,17,6,6,4,2,4,2,0,6,4,2,2,18,26
"5273",8,21,1,17,15,19,1,17,11,2,0,0,4,6,6,2,4,1,2,20,30
"5274",9,27,2,17,26,21,1,17,15,6,6,0,6,0,0,6,6,1,2,27,41
"5275",10,31,2,17,31,27,2,17,26,4,5,2,5,2,0,4,5,1,2,31,46
"5276",11,33,2,18,31,31,2,17,31,2,0,0,1,1,3,2,1,1,1,33,47
"5277",12,33,2,18,31,33,2,18,31,1,3,0,NA,0,0,0,0,0,0,33,47
"5278",0,0,0,0,0,0,0,0,0,0,0,0,0,0,0,0,0,0,0,0,0
"5279",1,6,1,4,1,1,1,1,1,5,5,3,5,3,0,5,3,1,1,5,3
"5280",2,11,1,9,1,6,1,4,1,5,0,0,5,2,3,5,5,1,1,10,8
"5281",3,11,4,11,1,11,1,9,1,2,3,0,2,0,0,3,2,2,1,13,10
"5282",4,14,4,11,16,11,4,11,1,3,3,6,3,6,0,3,6,1,2,16,25
"5283",5,14,7,16,16,14,4,11,16,3,0,0,3,5,3,3,5,2,1,19,30
"5284",6,14,10,19,16,14,7,16,16,3,3,0,3,0,0,3,3,2,1,22,33
"5285",7,14,12,19,21,14,10,19,16,2,5,1,5,1,0,2,5,2,2,24,38
"5286",8,14,13,19,26,14,12,19,21,1,0,0,5,1,3,1,5,2,2,25,43
"5287",9,14,14,22,26,14,13,19,26,1,3,0,3,0,0,1,3,2,1,26,46
"5288",10,15,14,27,26,14,14,22,26,1,5,3,5,3,0,1,5,1,1,27,51
"5289",11,18,14,31,26,15,14,27,26,3,0,0,4,3,1,3,4,1,1,30,55
"5290",12,18,14,31,26,18,14,31,26,3,1,0,NA,0,0,0,0,0,0,30,55
"5291",0,0,0,0,0,0,0,0,0,0,0,0,0,0,0,0,0,0,0,0,0
"5292",1,1,2,8,1,1,1,1,1,1,4,6,4,6,0,1,6,2,1,1,7
"5293",2,5,2,8,6,1,2,8,1,4,0,0,3,5,1,4,5,1,2,5,12
"5294",3,5,3,8,9,5,2,8,6,3,1,0,3,0,0,1,3,2,2,6,15
"5295",4,7,3,14,20,5,3,8,9,3,6,2,3,6,0,2,6,1,2,8,32
"5296",5,10,3,19,20,7,3,14,20,3,0,0,5,3,4,3,5,1,1,11,37
"5297",6,14,3,19,23,10,3,19,20,3,4,0,3,0,0,4,3,1,2,15,40
"5298",7,16,3,19,26,14,3,19,23,3,2,1,3,1,0,2,3,1,2,17,43
"5299",8,17,3,19,31,16,3,19,26,1,0,0,1,5,1,1,5,1,2,18,48
"5300",9,17,4,20,31,17,3,19,31,1,1,0,1,0,0,1,1,2,1,19,49
"5301",10,1,9,32,35,17,4,20,31,4,2,5,4,2,0,5,4,2,2,8,65
"5302",11,3,9,36,35,1,9,32,35,2,0,0,4,4,1,2,4,1,1,10,69
"5303",12,3,9,36,35,3,9,36,35,4,1,0,NA,0,0,0,0,0,0,10,69
"5304",0,0,0,0,0,0,0,0,0,0,0,0,0,0,0,0,0,0,0,0,0
"5305",1,1,4,1,5,1,1,1,1,4,3,1,4,1,0,3,4,2,2,3,4
"5306",2,2,4,1,10,1,4,1,5,1,0,0,5,6,5,1,5,1,2,4,9
"5307",3,2,15,1,15,2,4,1,10,6,5,0,5,0,0,6,5,2,2,15,14
"5308",4,2,20,1,18,2,15,1,15,5,3,3,3,3,0,5,3,2,2,20,17
"5309",5,5,20,1,20,2,20,1,18,3,0,0,6,6,2,3,2,1,2,23,19
"5310",6,5,28,2,32,5,20,1,20,6,6,0,6,0,0,6,6,2,2,31,32
"5311",7,5,32,2,37,5,28,2,32,5,4,1,5,1,0,4,5,2,2,35,37
"5312",8,6,32,4,39,5,32,2,37,1,0,0,2,3,5,1,2,1,2,36,79
"5313",9,6,37,7,39,6,32,4,39,3,5,0,3,0,0,5,3,2,1,41,82
"5314",10,7,39,12,39,6,37,7,39,5,4,2,5,4,0,2,5,2,1,82,87
"5315",11,11,39,15,39,7,39,12,39,4,0,0,3,4,1,4,3,1,1,86,90
"5316",12,11,39,15,39,11,39,15,39,4,1,0,NA,0,0,0,0,0,0,86,90
"5317",0,0,0,0,0,0,0,0,0,0,0,0,0,0,0,0,0,0,0,0,0
"5318",1,1,4,1,2,1,1,1,1,1,3,2,1,2,0,3,1,2,2,3,1
"5319",2,3,4,1,13,1,4,1,2,2,0,0,5,6,4,2,6,1,2,5,12
"5320",3,8,4,1,17,3,4,1,13,5,4,0,4,0,0,5,4,1,2,10,16
"5321",4,13,4,2,17,8,4,1,17,1,1,5,1,1,0,5,1,1,1,15,17
"5322",5,13,5,4,17,13,4,2,17,1,0,0,2,4,2,1,2,2,1,16,19
"5323",6,17,5,4,19,13,5,4,17,4,2,0,2,0,0,4,2,1,2,20,21
"5324",7,18,11,13,25,17,5,4,19,6,6,4,6,4,0,6,6,2,2,27,36
"5325",8,18,15,13,32,18,11,13,25,4,0,0,6,2,4,4,6,2,2,31,43
"5326",9,18,19,15,32,18,15,13,32,2,4,0,2,0,0,4,2,2,1,35,45
"5327",10,18,23,29,32,18,19,15,32,4,6,4,6,4,0,4,6,2,1,39,59
"5328",11,18,27,34,32,18,23,29,32,4,0,0,5,1,1,4,5,2,1,43,64
"5329",12,18,27,34,32,18,27,34,32,1,1,0,NA,0,0,0,0,0,0,43,64
"5330",0,0,0,0,0,0,0,0,0,0,0,0,0,0,0,0,0,0,0,0,0
"5331",1,6,1,4,1,1,1,1,1,3,2,5,3,2,0,5,3,1,1,5,3
"5332",2,6,3,7,1,6,1,4,1,2,0,0,1,2,3,2,3,2,1,7,6
"5333",3,7,3,9,1,6,3,7,1,1,2,0,2,0,0,1,2,1,1,8,8
"5334",4,7,13,9,3,7,3,9,1,2,6,1,2,1,0,6,2,2,2,18,10
"5335",5,7,14,19,3,7,13,9,3,1,0,0,3,1,6,1,6,2,1,19,20
"5336",6,10,14,19,4,7,14,19,3,3,1,0,1,0,0,3,1,1,2,22,21
"5337",7,10,19,21,4,10,14,19,4,2,2,5,2,2,0,5,2,2,1,27,23
"5338",8,12,19,24,4,10,19,21,4,2,0,0,3,3,3,2,3,1,1,29,26
"5339",9,15,19,27,4,12,19,24,4,3,3,0,3,0,0,3,3,1,1,32,29
"5340",10,18,19,33,7,15,19,27,4,6,3,6,6,6,0,3,6,1,1,35,38
"5341",11,24,23,39,11,18,19,33,7,6,0,0,6,6,4,6,6,1,1,45,86
"5342",12,24,23,39,11,24,23,39,11,6,4,0,NA,0,0,0,0,0,0,45,86
"5343",0,0,0,0,0,0,0,0,0,0,0,0,0,0,0,0,0,0,0,0,0
"5344",1,4,1,4,1,1,1,1,1,3,1,3,1,3,0,3,3,1,1,3,3
"5345",2,4,2,10,7,4,1,4,1,1,0,0,4,6,6,1,6,2,1,4,15
"5346",3,12,8,14,7,4,2,10,7,4,6,0,4,0,0,6,4,2,1,18,19
"5347",4,16,8,19,7,12,8,14,7,4,5,5,5,5,0,4,5,1,1,22,24
"5348",5,21,8,22,13,16,8,19,7,5,0,0,6,5,4,5,6,1,2,27,33
"5349",6,21,13,26,13,21,8,22,13,5,4,0,4,0,0,5,4,2,1,32,37
"5350",7,27,18,29,13,21,13,26,13,6,3,1,3,1,0,6,3,1,1,43,40
"5351",8,27,19,29,17,27,18,29,13,1,0,0,4,1,3,1,4,2,2,44,44
"5352",9,30,19,29,18,27,19,29,17,1,3,0,1,0,0,3,1,1,2,47,45
"5353",10,30,24,34,18,30,19,29,18,5,5,4,5,4,0,5,5,2,1,52,50
"5354",11,30,28,37,18,30,24,34,18,4,0,0,6,3,1,4,3,2,1,56,53
"5355",12,30,28,37,18,30,28,37,18,6,1,0,NA,0,0,0,0,0,0,56,53
"5356",0,0,0,0,0,0,0,0,0,0,0,0,0,0,0,0,0,0,0,0,0
"5357",1,5,1,1,6,1,1,1,1,4,4,5,4,5,0,4,5,1,2,4,5
"5358",2,9,1,1,10,5,1,1,6,4,0,0,1,4,4,4,4,1,2,8,9
"5359",3,9,5,1,11,9,1,1,10,1,4,0,1,0,0,4,1,2,2,12,10
"5360",4,15,10,1,16,9,5,1,11,5,6,2,5,2,0,6,5,1,2,23,15
"5361",5,15,12,1,19,15,10,1,16,2,0,0,3,3,6,2,3,2,2,25,18
"5362",6,21,14,1,22,15,12,1,19,3,6,0,3,0,0,6,3,1,2,33,21
"5363",7,21,19,1,31,21,14,1,22,1,5,6,1,6,0,5,6,2,2,38,30
"5364",8,1,20,3,35,21,19,1,31,1,0,0,2,3,1,1,2,2,1,19,36
"5365",9,1,23,4,35,1,20,3,35,3,1,0,1,0,0,3,1,2,1,22,37
"5366",10,6,23,11,35,1,23,4,35,5,2,6,2,6,0,5,6,1,1,27,44
"5367",11,8,23,16,35,6,23,11,35,2,0,0,5,5,4,2,5,1,1,29,49
"5368",12,8,23,16,35,8,23,16,35,5,4,0,NA,0,0,0,0,0,0,29,49
"5369",0,0,0,0,0,0,0,0,0,0,0,0,0,0,0,0,0,0,0,0,0
"5370",1,7,2,7,6,1,1,1,1,5,6,6,5,6,0,6,6,1,1,7,11
"5371",2,12,2,12,6,7,2,7,6,5,0,0,5,3,5,5,5,1,1,12,16
"5372",3,15,2,12,11,12,2,12,6,3,5,0,5,0,0,3,5,1,2,15,21
"5373",4,19,2,15,17,15,2,12,11,1,6,4,1,6,0,4,6,1,2,19,30
"5374",5,20,2,16,17,19,2,15,17,1,0,0,3,1,1,1,1,1,1,20,31
"5375",6,23,2,17,17,20,2,16,17,3,1,0,1,0,0,3,1,1,1,23,32
"5376",7,25,2,21,17,23,2,17,17,4,2,3,4,3,0,2,4,1,1,25,36
"5377",8,25,5,21,22,25,2,21,17,3,0,0,5,6,4,3,5,2,2,28,41
"5378",9,37,9,21,26,25,5,21,22,6,4,0,4,0,0,6,4,1,2,44,45
"5379",10,37,13,21,29,37,9,21,26,3,4,3,3,3,0,4,3,2,2,48,48
"5380",11,37,16,26,29,37,13,21,29,3,0,0,3,3,5,3,5,2,1,51,53
"5381",12,37,16,26,29,37,16,26,29,3,3,0,NA,0,0,0,0,0,0,51,53
"5382",0,0,0,0,0,0,0,0,0,0,0,0,0,0,0,0,0,0,0,0,0
"5383",1,1,11,6,1,1,1,1,1,6,5,2,5,2,0,6,5,2,1,10,5
"5384",2,1,13,11,1,1,11,6,1,2,0,0,5,3,2,2,5,2,1,12,10
"5385",3,1,16,11,3,1,13,11,1,3,2,0,2,0,0,3,2,2,2,15,12
"5386",4,12,16,14,3,1,16,11,3,6,5,3,5,3,0,6,3,1,1,26,15
"5387",5,17,16,19,3,12,16,14,3,5,0,0,2,6,5,5,5,1,1,31,20
"5388",6,17,30,19,5,17,16,19,3,2,6,0,2,0,0,6,2,2,2,45,22
"5389",7,27,39,19,5,17,30,19,5,2,4,6,2,4,0,6,4,2,2,102,22
"5390",8,29,39,21,5,27,39,19,5,2,0,0,2,5,5,2,2,1,1,104,24
"5391",9,34,39,21,10,29,39,21,5,5,5,0,5,0,0,5,5,1,2,109,29
"5392",10,36,39,23,10,34,39,21,10,2,2,1,2,1,0,2,2,1,1,111,31
"5393",11,37,39,24,10,36,39,23,10,1,0,0,1,4,3,1,1,1,1,112,32
"5394",12,37,39,24,10,37,39,24,10,4,3,0,NA,0,0,0,0,0,0,112,32
"5395",0,0,0,0,0,0,0,0,0,0,0,0,0,0,0,0,0,0,0,0,0
"5396",1,1,5,5,1,1,1,1,1,5,4,4,5,4,0,4,4,2,1,4,4
"5397",2,1,10,10,1,1,5,5,1,5,0,0,3,5,3,5,5,2,1,9,9
"5398",3,1,13,13,1,1,10,10,1,3,3,0,3,0,0,3,3,2,1,12,12
"5399",4,10,13,18,1,1,13,13,1,2,5,6,2,5,0,6,5,1,1,21,17
"5400",5,10,15,24,3,10,13,18,1,2,0,0,2,3,6,2,6,2,1,23,25
"5401",6,10,18,26,3,10,15,24,3,2,3,0,2,0,0,3,2,2,1,26,27
"5402",7,11,18,26,5,10,18,26,3,2,1,1,2,1,0,1,2,1,2,27,29
"5403",8,12,18,26,10,11,18,26,5,1,0,0,5,1,2,1,5,1,2,28,34
"5404",9,14,18,26,11,12,18,26,10,1,2,0,1,0,0,2,1,1,2,30,35
"5405",10,14,23,31,11,14,18,26,11,5,2,5,2,5,0,5,5,2,1,35,40
"5406",11,16,23,37,15,14,23,31,11,2,0,0,6,3,1,2,6,1,1,37,50
"5407",12,16,23,37,15,16,23,37,15,3,1,0,NA,0,0,0,0,0,0,37,50
"5408",0,0,0,0,0,0,0,0,0,0,0,0,0,0,0,0,0,0,0,0,0
"5409",1,7,5,1,4,1,1,1,1,5,6,3,5,3,0,6,3,1,2,10,3
"5410",2,7,10,1,7,7,5,1,4,5,0,0,2,5,3,5,3,2,2,15,6
"5411",3,9,10,1,12,7,10,1,7,2,5,0,5,0,0,2,5,1,2,17,11
"5412",4,11,16,1,14,9,10,1,12,6,2,3,2,3,0,6,2,2,2,25,13
"5413",5,11,19,1,22,11,16,1,14,3,0,0,4,1,6,3,6,2,2,28,21
"5414",6,11,23,2,22,11,19,1,22,4,1,0,1,0,0,4,1,2,1,32,22
"5415",7,11,30,4,28,11,23,2,22,4,6,6,4,6,0,6,6,2,2,39,30
"5416",8,1,34,4,32,11,30,4,28,4,0,0,3,1,4,4,1,2,2,33,34
"5417",9,5,34,7,32,1,34,4,32,3,4,0,3,0,0,4,3,1,1,37,37
"5418",10,12,39,7,36,5,34,7,32,2,6,4,2,4,0,6,4,1,2,87,41
"5419",11,14,39,12,39,12,39,7,36,2,0,0,2,5,3,2,3,1,2,89,87
"5420",12,14,39,12,39,14,39,12,39,2,5,0,NA,0,0,0,0,0,0,89,87
"5421",0,0,0,0,0,0,0,0,0,0,0,0,0,0,0,0,0,0,0,0,0
"5422",1,1,5,6,1,1,1,1,1,2,4,5,2,5,0,4,5,2,1,4,5
"5423",2,1,7,6,5,1,5,6,1,2,0,0,4,5,3,2,4,2,2,6,9
"5424",3,6,7,9,5,1,7,6,5,5,3,0,3,0,0,5,3,1,1,11,12
"5425",4,6,9,9,10,6,7,9,5,3,2,5,3,5,0,2,5,2,2,13,17
"5426",5,6,12,14,10,6,9,9,10,3,0,0,2,5,1,3,5,2,1,16,22
"5427",6,8,12,15,10,6,12,14,10,2,1,0,1,0,0,2,1,1,1,18,23
"5428",7,17,12,15,14,8,12,15,10,4,4,6,4,4,0,6,4,1,2,27,27
"5429",8,21,12,21,15,17,12,15,14,4,0,0,1,4,6,4,6,1,1,31,34
"5430",9,25,12,22,15,21,12,21,15,1,4,0,1,0,0,4,1,1,1,35,35
"5431",10,25,22,27,15,25,12,22,15,5,6,2,5,2,0,6,5,2,1,45,40
"5432",11,27,22,27,20,25,22,27,15,2,0,0,5,5,2,2,5,1,2,47,45
"5433",12,27,22,27,20,27,22,27,20,5,2,0,NA,0,0,0,0,0,0,47,45
"5434",0,0,0,0,0,0,0,0,0,0,0,0,0,0,0,0,0,0,0,0,0
"5435",1,1,3,3,1,1,1,1,1,2,2,4,2,4,0,2,2,2,1,2,2
"5436",2,5,3,5,1,1,3,3,1,4,0,0,3,5,2,4,2,1,1,6,4
"5437",3,10,3,8,1,5,3,5,1,3,5,0,3,0,0,5,3,1,1,11,7
"5438",4,10,7,13,1,10,3,8,1,1,4,5,1,5,0,4,5,2,1,15,12
"5439",5,11,7,18,1,10,7,13,1,1,0,0,2,5,4,1,5,1,1,16,17
"5440",6,11,11,20,1,11,7,18,1,2,4,0,2,0,0,4,2,2,1,20,19
"5441",7,11,18,25,1,11,11,20,1,1,5,6,1,5,0,6,5,2,1,27,24
"5442",8,12,18,37,4,11,18,25,1,1,0,0,3,3,6,1,6,1,1,28,39
"5443",9,15,18,37,7,12,18,37,4,3,3,0,3,0,0,3,3,1,2,31,42
"5444",10,18,18,37,12,15,18,37,7,3,2,5,2,5,0,3,5,1,2,34,47
"5445",11,20,18,37,17,18,18,37,12,2,0,0,5,5,1,2,5,1,2,36,52
"5446",12,20,18,37,17,20,18,37,17,5,1,0,NA,0,0,0,0,0,0,36,52
"5447",0,0,0,0,0,0,0,0,0,0,0,0,0,0,0,0,0,0,0,0,0
"5448",1,1,10,4,7,1,1,1,1,6,3,6,3,6,0,6,6,2,2,9,9
"5449",2,4,10,4,12,1,10,4,7,3,0,0,5,4,5,3,5,1,2,12,14
"5450",3,9,10,8,12,4,10,4,12,4,5,0,4,0,0,5,4,1,1,17,18
"5451",4,9,19,8,14,9,10,8,12,6,5,2,5,2,0,6,2,2,2,26,20
"5452",5,14,19,12,14,9,19,8,14,5,0,0,2,4,4,5,4,1,1,31,24
"5453",6,18,19,12,16,14,19,12,14,2,4,0,2,0,0,4,2,1,2,35,26
"5454",7,25,19,14,16,18,19,12,16,2,2,6,2,2,0,6,2,1,1,42,28
"5455",8,25,21,14,18,25,19,14,16,2,0,0,2,2,2,2,2,2,2,44,30
"5456",9,25,23,16,18,25,21,14,18,2,2,0,2,0,0,2,2,2,1,46,32
"5457",10,33,29,16,20,25,23,16,18,2,6,6,2,6,0,6,2,2,2,60,34
"5458",11,39,32,19,20,33,29,16,20,6,0,0,3,4,6,6,3,1,1,107,37
"5459",12,39,32,19,20,39,32,19,20,4,6,0,NA,0,0,0,0,0,0,107,37
"5460",0,0,0,0,0,0,0,0,0,0,0,0,0,0,0,0,0,0,0,0,0
"5461",1,3,7,4,1,1,1,1,1,2,3,6,2,3,0,6,3,2,1,8,3
"5462",2,5,7,8,1,3,7,4,1,2,0,0,1,4,5,2,4,1,1,10,7
"5463",3,10,7,8,2,5,7,8,1,1,5,0,1,0,0,5,1,1,2,15,8
"5464",4,10,12,11,2,10,7,8,2,3,5,3,3,3,0,5,3,2,1,20,11
"5465",5,10,15,16,2,10,12,11,2,3,0,0,5,5,5,3,5,2,1,23,16
"5466",6,15,20,21,1,10,15,16,2,5,5,0,5,0,0,5,5,2,1,33,20
"5467",7,15,22,21,3,15,20,21,1,1,2,2,1,2,0,2,2,2,2,35,22
"5468",8,16,22,26,3,15,22,21,3,1,0,0,4,5,2,1,5,1,1,36,27
"5469",9,16,26,28,3,16,22,26,3,4,2,0,2,0,0,4,2,2,1,40,29
"5470",10,26,26,28,6,16,26,28,3,2,6,3,2,3,0,6,3,1,2,50,32
"5471",11,28,1,31,8,26,26,28,6,2,0,0,4,2,5,2,2,1,2,27,37
"5472",12,28,1,31,8,28,1,31,8,4,5,0,NA,0,0,0,0,0,0,27,37
"5473",0,0,0,0,0,0,0,0,0,0,0,0,0,0,0,0,0,0,0,0,0
"5474",1,1,6,1,6,1,1,1,1,5,2,5,2,5,0,5,5,2,2,5,5
"5475",2,3,6,1,9,1,6,1,6,2,0,0,3,3,3,2,3,1,2,7,8
"5476",3,3,9,1,12,3,6,1,9,3,3,0,3,0,0,3,3,2,2,10,11
"5477",4,1,1,5,21,3,9,1,12,5,6,6,5,6,0,6,6,2,2,0,24
"5478",5,1,6,8,21,1,1,5,21,5,0,0,3,5,6,5,3,2,1,5,27
"5479",6,6,6,15,21,1,6,8,21,5,6,0,6,0,0,5,6,1,1,10,34
"5480",7,6,10,20,21,6,6,15,21,5,4,5,5,5,0,4,5,2,1,14,39
"5481",8,6,15,22,21,6,10,20,21,5,0,0,5,2,2,5,2,2,1,19,41
"5482",9,6,17,27,21,6,15,22,21,5,2,0,5,0,0,2,5,2,1,21,46
"5483",10,1,17,6,21,6,17,27,21,3,2,3,2,3,0,3,2,1,1,16,25
"5484",11,1,20,18,25,1,17,6,21,3,0,0,5,4,6,3,6,2,1,19,41
"5485",12,1,20,18,25,1,20,18,25,5,4,0,NA,0,0,0,0,0,0,19,41
"5486",0,0,0,0,0,0,0,0,0,0,0,0,0,0,0,0,0,0,0,0,0
"5487",1,11,1,1,6,1,1,1,1,5,5,6,5,5,0,6,5,1,2,10,5
"5488",2,11,6,1,7,11,1,1,6,5,0,0,2,1,6,5,1,2,2,15,6
"5489",3,20,6,1,9,11,6,1,7,2,6,0,2,0,0,6,2,1,2,24,8
"5490",4,27,10,5,1,20,6,1,9,4,6,3,4,3,0,6,4,1,1,35,4
"5491",5,30,10,5,5,27,10,5,1,3,0,0,2,4,1,3,4,1,2,38,8
"5492",6,32,10,5,6,30,10,5,5,2,1,0,1,0,0,2,1,1,2,40,9
"5493",7,38,13,6,6,32,10,5,6,6,1,2,1,2,0,6,1,1,1,49,10
"5494",8,38,15,14,6,38,13,6,6,2,0,0,6,3,1,2,6,2,1,51,18
"5495",9,39,20,17,6,38,15,14,6,3,1,0,3,0,0,1,3,1,1,95,21
"5496",10,39,22,18,12,39,20,17,6,6,2,2,6,2,0,2,6,2,2,97,28
"5497",11,39,24,21,12,39,22,18,12,2,0,0,3,6,2,2,3,2,1,99,31
"5498",12,39,24,21,12,39,24,21,12,6,2,0,NA,0,0,0,0,0,0,99,31
"5499",0,0,0,0,0,0,0,0,0,0,0,0,0,0,0,0,0,0,0,0,0
"5500",1,4,1,3,1,1,1,1,1,1,2,3,1,2,0,3,2,1,1,3,2
"5501",2,5,1,3,8,4,1,3,1,1,0,0,2,6,1,1,6,1,2,4,9
"5502",3,5,3,4,8,5,1,3,8,2,1,0,1,0,0,2,1,2,1,6,10
"5503",4,10,9,4,17,5,3,4,8,6,6,1,6,1,0,6,6,2,2,17,19
"5504",5,11,9,4,21,10,9,4,17,1,0,0,3,3,4,1,4,1,2,18,23
"5505",6,14,9,7,21,11,9,4,21,3,3,0,3,0,0,3,3,1,1,21,26
"5506",7,18,9,9,21,14,9,7,21,4,2,2,2,2,0,4,2,1,1,25,28
"5507",8,18,11,13,21,18,9,9,21,2,0,0,4,2,2,2,4,2,1,27,32
"5508",9,18,13,15,21,18,11,13,21,2,2,0,2,0,0,2,2,2,1,29,34
"5509",10,23,13,19,21,18,13,15,21,4,3,5,4,3,0,5,4,1,1,34,38
"5510",11,26,13,21,21,23,13,19,21,3,0,0,2,5,4,3,2,1,1,37,40
"5511",12,26,13,21,21,26,13,21,21,5,4,0,NA,0,0,0,0,0,0,37,40
"5512",0,0,0,0,0,0,0,0,0,0,0,0,0,0,0,0,0,0,0,0,0
"5513",1,2,7,6,1,1,1,1,1,5,6,1,5,1,0,6,5,2,1,7,5
"5514",2,2,8,11,1,2,7,6,1,1,0,0,5,3,2,1,5,2,1,8,10
"5515",3,5,8,13,1,2,8,11,1,3,2,0,2,0,0,3,2,1,1,11,12
"5516",4,11,10,17,1,5,8,13,1,2,4,6,2,4,0,6,4,1,1,19,16
"5517",5,13,10,20,1,11,10,17,1,2,0,0,1,3,1,2,3,1,1,21,19
"5518",6,13,11,21,1,13,10,20,1,1,1,0,1,0,0,1,1,2,1,22,20
"5519",7,13,16,26,1,13,11,21,1,5,3,5,3,5,0,5,5,2,1,27,25
"5520",8,16,16,30,1,13,16,26,1,3,0,0,6,4,4,3,4,1,1,30,29
"5521",9,28,17,30,5,16,16,30,1,6,4,0,4,0,0,6,4,1,2,43,33
"5522",10,33,17,36,11,28,17,30,5,5,6,1,6,1,0,5,6,1,2,48,45
"5523",11,1,17,39,27,33,17,36,11,1,0,0,3,5,2,1,5,1,2,16,102
"5524",12,1,17,39,27,1,17,39,27,3,2,0,NA,0,0,0,0,0,0,16,102
"5525",0,0,0,0,0,0,0,0,0,0,0,0,0,0,0,0,0,0,0,0,0
"5526",1,5,1,3,1,1,1,1,1,4,2,1,2,1,0,4,2,1,1,4,2
"5527",2,6,1,9,5,5,1,3,1,1,0,0,2,3,6,1,6,1,1,5,12
"5528",3,6,4,11,5,6,1,9,5,2,3,0,2,0,0,3,2,2,1,8,14
"5529",4,6,8,11,8,6,4,11,5,5,4,3,5,3,0,4,3,2,2,12,17
"5530",5,11,8,17,19,6,8,11,8,5,0,0,4,2,6,5,6,1,2,17,34
"5531",6,11,10,21,19,11,8,17,19,4,2,0,4,0,0,2,4,2,1,19,38
"5532",7,21,10,24,19,11,10,21,19,6,2,3,2,3,0,6,3,1,1,29,41
"5533",8,23,10,26,19,21,10,24,19,2,0,0,1,2,2,2,2,1,1,31,43
"5534",9,25,10,26,20,23,10,26,19,1,2,0,1,0,0,2,1,1,2,33,44
"5535",10,27,1,28,28,25,10,26,20,2,1,6,1,6,0,2,6,1,2,26,54
"5536",11,28,1,32,28,27,1,28,28,1,0,0,4,4,4,1,4,1,1,27,58
"5537",12,28,1,32,28,28,1,32,28,4,4,0,NA,0,0,0,0,0,0,27,58
"5538",0,0,0,0,0,0,0,0,0,0,0,0,0,0,0,0,0,0,0,0,0
"5539",1,10,7,1,5,1,1,1,1,6,6,4,6,4,0,6,4,1,2,15,4
"5540",2,15,13,1,12,10,7,1,5,6,0,0,6,3,6,6,6,2,2,26,11
"5541",3,21,17,1,15,15,13,1,12,3,6,0,3,0,0,6,3,1,2,36,14
"5542",4,21,21,1,25,21,17,1,15,2,4,6,2,6,0,4,6,2,2,40,24
"5543",5,1,23,4,31,21,21,1,25,2,0,0,4,2,3,2,2,2,1,22,33
"5544",6,1,27,4,34,1,23,4,31,4,3,0,3,0,0,4,3,2,2,26,36
"5545",7,1,32,10,37,1,27,4,34,4,5,6,4,6,0,5,6,2,1,31,45
"5546",8,1,36,21,37,1,32,10,37,4,0,0,5,6,1,4,6,2,1,35,56
"5547",9,2,36,26,37,1,36,21,37,5,1,0,5,0,0,1,5,1,1,36,61
"5548",10,9,39,3,39,2,36,26,37,2,6,5,2,5,0,6,2,1,2,84,78
"5549",11,14,39,6,39,9,39,3,39,5,0,0,3,5,5,5,3,1,1,89,81
"5550",12,14,39,6,39,14,39,6,39,5,5,0,NA,0,0,0,0,0,0,89,81
"5551",0,0,0,0,0,0,0,0,0,0,0,0,0,0,0,0,0,0,0,0,0
"5552",1,4,1,5,1,1,1,1,1,4,3,3,4,3,0,3,4,1,1,3,4
"5553",2,4,4,5,4,4,1,5,1,3,0,0,3,2,6,3,3,2,2,6,7
"5554",3,13,4,5,6,4,4,5,4,2,6,0,2,0,0,6,2,1,2,15,9
"5555",4,13,7,5,9,13,4,5,6,3,1,3,1,3,0,3,3,2,2,18,12
"5556",5,14,7,5,16,13,7,5,9,1,0,0,2,6,6,1,6,1,2,19,19
"5557",6,1,13,12,16,14,7,5,16,2,6,0,2,0,0,6,2,1,1,12,26
"5558",7,1,23,14,16,1,13,12,16,1,2,6,1,2,0,6,2,2,1,22,28
"5559",8,1,24,18,16,1,23,14,16,1,0,0,2,4,4,1,4,2,1,23,32
"5560",9,1,28,18,18,1,24,18,16,2,4,0,2,0,0,4,2,2,2,27,34
"5561",10,5,28,28,18,1,28,18,18,1,4,6,1,6,0,4,6,1,1,31,44
"5562",11,6,28,32,18,5,28,28,18,1,0,0,4,4,5,1,4,1,1,32,48
"5563",12,6,28,32,18,6,28,32,18,4,5,0,NA,0,0,0,0,0,0,32,48
"5564",0,0,0,0,0,0,0,0,0,0,0,0,0,0,0,0,0,0,0,0,0
"5565",1,6,1,1,3,1,1,1,1,5,2,1,2,1,0,5,2,1,2,5,2
"5566",2,6,2,9,3,6,1,1,3,1,0,0,6,5,1,1,6,2,1,6,10
"5567",3,6,7,10,3,6,2,9,3,5,1,0,1,0,0,5,1,2,1,11,11
"5568",4,9,7,14,3,6,7,10,3,4,3,4,4,4,0,3,4,1,1,14,15
"5569",5,9,11,14,8,9,7,14,3,4,0,0,3,5,4,4,5,2,2,18,20
"5570",6,13,11,14,11,9,11,14,8,3,4,0,3,0,0,4,3,1,2,22,23
"5571",7,13,13,18,11,13,11,14,11,2,4,4,4,4,0,2,4,2,1,24,27
"5572",8,17,13,20,11,13,13,18,11,4,0,0,2,2,2,4,2,1,1,28,29
"5573",9,19,13,22,11,17,13,20,11,2,2,0,2,0,0,2,2,1,1,30,31
"5574",10,21,13,24,11,19,13,22,11,2,2,1,2,1,0,2,2,1,1,32,33
"5575",11,22,13,34,11,21,13,24,11,1,0,0,6,3,4,1,6,1,1,33,43
"5576",12,22,13,34,11,22,13,34,11,3,4,0,NA,0,0,0,0,0,0,33,43
"5577",0,0,0,0,0,0,0,0,0,0,0,0,0,0,0,0,0,0,0,0,0
"5578",1,1,6,1,4,1,1,1,1,3,5,1,3,1,0,5,3,2,2,5,3
"5579",2,2,6,6,4,1,6,1,4,1,0,0,4,3,5,1,5,1,1,6,8
"5580",3,2,10,9,4,2,6,6,4,4,3,0,3,0,0,4,3,2,1,10,11
"5581",4,8,15,9,9,2,10,9,4,5,6,1,5,1,0,6,5,1,2,21,16
"5582",5,9,15,11,9,8,15,9,9,1,0,0,2,1,1,1,2,1,1,22,18
"5583",6,10,15,11,10,9,15,11,9,1,1,0,1,0,0,1,1,1,2,23,19
"5584",7,17,15,11,15,10,15,11,10,3,6,5,3,5,0,6,5,1,2,30,24
"5585",8,20,15,11,19,17,15,11,15,3,0,0,2,3,4,3,4,1,2,33,28
"5586",9,23,15,11,21,20,15,11,19,2,3,0,2,0,0,3,2,1,2,36,30
"5587",10,23,19,14,21,23,15,11,21,4,1,3,1,3,0,4,3,2,1,40,33
"5588",11,24,19,18,21,23,19,14,21,1,0,0,4,2,1,1,4,1,1,41,37
"5589",12,24,19,18,21,24,19,18,21,2,1,0,NA,0,0,0,0,0,0,41,37
"5590",0,0,0,0,0,0,0,0,0,0,0,0,0,0,0,0,0,0,0,0,0
"5591",1,1,5,1,5,1,1,1,1,4,1,4,1,4,0,4,4,2,2,4,4
"5592",2,1,6,1,10,1,5,1,5,1,0,0,5,2,4,1,5,2,2,5,9
"5593",3,1,10,1,12,1,6,1,10,2,4,0,2,0,0,4,2,2,2,9,11
"5594",4,7,13,3,12,1,10,1,12,6,1,2,1,2,0,6,2,1,1,18,13
"5595",5,8,13,3,23,7,13,3,12,1,0,0,6,4,4,1,6,1,2,19,24
"5596",6,8,17,7,23,8,13,3,23,4,4,0,4,0,0,4,4,2,1,23,28
"5597",7,1,17,7,31,8,17,7,23,4,6,5,6,5,0,4,6,1,2,16,36
"5598",8,6,17,10,37,1,17,7,31,5,0,0,6,3,5,5,6,1,2,21,45
"5599",9,6,22,13,37,6,17,10,37,3,5,0,3,0,0,5,3,2,1,26,48
"5600",10,6,26,23,37,6,22,13,37,6,5,4,6,5,0,4,6,2,1,30,58
"5601",11,6,31,23,38,6,26,23,37,5,0,0,1,5,1,5,1,2,2,35,59
"5602",12,6,31,23,38,6,31,23,38,5,1,0,NA,0,0,0,0,0,0,35,59
"5603",0,0,0,0,0,0,0,0,0,0,0,0,0,0,0,0,0,0,0,0,0
"5604",1,3,1,10,1,1,1,1,1,2,1,6,1,6,0,2,6,1,1,2,9
"5605",2,3,2,10,3,3,1,10,1,1,0,0,3,1,2,1,2,2,2,3,11
"5606",3,6,2,11,3,3,2,10,3,3,1,0,1,0,0,3,1,1,1,6,12
"5607",4,6,7,13,3,6,2,11,3,2,5,2,2,2,0,5,2,2,1,11,14
"5608",5,8,7,13,8,6,7,13,3,2,0,0,5,3,3,2,5,1,2,13,19
"5609",6,11,7,13,11,8,7,13,8,3,3,0,3,0,0,3,3,1,2,16,22
"5610",7,11,11,13,16,11,7,13,11,5,4,5,5,5,0,4,5,2,2,20,27
"5611",8,16,11,24,16,11,11,13,16,5,0,0,4,5,6,5,6,1,1,25,38
"5612",9,20,1,30,16,16,11,24,16,4,5,0,5,0,0,4,5,1,1,19,44
"5613",10,20,6,30,19,20,1,30,16,5,5,3,5,3,0,5,3,2,2,24,47
"5614",11,20,11,33,19,20,6,30,19,5,0,0,3,1,2,5,3,2,1,29,50
"5615",12,20,11,33,19,20,11,33,19,1,2,0,NA,0,0,0,0,0,0,29,50
"5616",0,0,0,0,0,0,0,0,0,0,0,0,0,0,0,0,0,0,0,0,0
"5617",1,1,5,5,1,1,1,1,1,4,1,4,1,4,0,4,4,2,1,4,4
"5618",2,1,6,9,1,1,5,5,1,1,0,0,2,4,5,1,4,2,1,5,8
"5619",3,1,11,11,1,1,6,9,1,2,5,0,2,0,0,5,2,2,1,10,10
"5620",4,1,15,14,1,1,11,11,1,4,1,3,1,3,0,4,3,2,1,14,13
"5621",5,1,16,16,1,1,15,14,1,1,0,0,1,2,2,1,2,2,1,15,15
"5622",6,3,16,17,1,1,16,16,1,1,2,0,1,0,0,2,1,1,1,17,16
"5623",7,1,17,21,5,3,16,17,1,1,4,4,4,4,0,1,4,2,1,16,24
"5624",8,1,21,21,7,1,17,21,5,4,0,0,1,5,2,4,2,2,2,20,26
"5625",9,6,21,22,7,1,21,21,7,1,5,0,1,0,0,5,1,1,1,25,27
"5626",10,12,22,22,12,6,21,22,7,3,6,5,3,5,0,6,5,1,2,32,32
"5627",11,15,22,22,15,12,22,22,12,3,0,0,2,1,3,3,3,1,2,35,35
"5628",12,15,22,22,15,15,22,22,15,2,1,0,NA,0,0,0,0,0,0,35,35
"5629",0,0,0,0,0,0,0,0,0,0,0,0,0,0,0,0,0,0,0,0,0
"5630",1,1,2,1,6,1,1,1,1,1,3,5,3,5,0,1,5,2,2,1,5
"5631",2,4,2,1,15,1,2,1,6,3,0,0,1,2,6,3,6,1,2,4,14
"5632",3,4,4,2,15,4,2,1,15,1,2,0,1,0,0,2,1,2,1,6,15
"5633",4,8,4,3,15,4,4,2,15,1,1,4,1,1,0,4,1,1,1,10,16
"5634",5,8,5,3,19,8,4,3,15,1,0,0,4,4,4,1,4,2,2,11,20
"5635",6,12,1,3,28,8,5,3,19,4,4,0,4,0,0,4,4,1,2,11,29
"5636",7,1,6,5,30,12,1,3,28,5,2,2,2,2,0,5,2,2,2,5,33
"5637",8,3,6,5,35,1,6,5,30,2,0,0,5,4,1,2,5,1,2,7,38
"5638",9,3,10,5,36,3,6,5,35,4,1,0,1,0,0,4,1,2,2,11,39
"5639",10,5,10,9,36,3,10,5,36,2,4,4,4,4,0,2,4,1,1,13,43
"5640",11,9,10,11,36,5,10,9,36,4,0,0,2,6,2,4,2,1,1,17,45
"5641",12,9,10,11,36,9,10,11,36,6,2,0,NA,0,0,0,0,0,0,17,45
"5642",0,0,0,0,0,0,0,0,0,0,0,0,0,0,0,0,0,0,0,0,0
"5643",1,1,2,1,3,1,1,1,1,1,2,1,2,1,0,1,2,2,2,1,2
"5644",2,1,3,7,7,1,2,1,3,1,0,0,1,6,3,1,6,2,1,2,12
"5645",3,1,6,8,7,1,3,7,7,1,3,0,1,0,0,3,1,2,1,5,13
"5646",4,1,14,8,12,1,6,8,7,5,6,3,5,3,0,6,5,2,2,13,18
"5647",5,4,14,18,12,1,14,8,12,3,0,0,6,3,3,3,6,1,1,16,28
"5648",6,4,17,18,15,4,14,18,12,3,3,0,3,0,0,3,3,2,2,19,31
"5649",7,4,28,18,20,4,17,18,15,6,1,5,1,5,0,6,5,2,2,30,36
"5650",8,4,29,18,31,4,28,18,20,1,0,0,3,6,6,1,6,2,2,31,47
"5651",9,4,37,18,34,4,29,18,31,3,6,0,3,0,0,6,3,2,2,39,50
"5652",10,8,37,25,34,4,37,18,34,4,4,6,4,6,0,4,6,1,1,43,57
"5653",11,12,37,25,36,8,37,25,34,4,0,0,3,4,2,4,2,1,2,47,59
"5654",12,12,37,25,36,12,37,25,36,3,4,0,NA,0,0,0,0,0,0,47,59
"5655",0,0,0,0,0,0,0,0,0,0,0,0,0,0,0,0,0,0,0,0,0
"5656",1,3,1,4,1,1,1,1,1,2,3,1,3,1,0,2,3,1,1,2,3
"5657",2,4,1,4,4,3,1,4,1,1,0,0,1,3,4,1,3,1,2,3,6
"5658",3,4,5,4,5,4,1,4,4,1,4,0,1,0,0,4,1,2,2,7,7
"5659",4,11,5,4,10,4,5,4,5,1,6,5,1,5,0,6,5,1,2,14,12
"5660",5,12,5,9,10,11,5,4,10,1,0,0,2,1,5,1,5,1,1,15,17
"5661",6,14,5,10,10,12,5,9,10,2,1,0,1,0,0,2,1,1,1,17,18
"5662",7,19,5,13,10,14,5,10,10,5,1,3,1,3,0,5,3,1,1,22,21
"5663",8,19,6,19,15,19,5,13,10,1,0,0,2,6,6,1,6,2,1,23,32
"5664",9,29,6,19,17,19,6,19,15,2,6,0,2,0,0,6,2,1,2,33,34
"5665",10,29,11,24,17,29,6,19,17,3,5,5,3,5,0,5,5,2,1,38,39
"5666",11,29,14,28,17,29,11,24,17,3,0,0,4,4,3,3,4,2,1,41,43
"5667",12,29,14,28,17,29,14,28,17,4,3,0,NA,0,0,0,0,0,0,41,43
"5668",0,0,0,0,0,0,0,0,0,0,0,0,0,0,0,0,0,0,0,0,0
"5669",1,5,7,6,1,1,1,1,1,1,6,5,1,5,0,6,5,2,1,10,5
"5670",2,5,8,12,2,5,7,6,1,1,0,0,1,6,3,1,6,2,1,11,12
"5671",3,8,8,13,2,5,8,12,2,1,3,0,1,0,0,3,1,1,1,14,13
"5672",4,13,8,16,2,8,8,13,2,5,3,2,3,2,0,5,3,1,1,19,16
"5673",5,15,8,16,3,13,8,16,2,2,0,0,1,6,2,2,1,1,2,21,17
"5674",6,15,18,18,3,15,8,16,3,6,2,0,2,0,0,6,2,2,1,31,19
"5675",7,1,18,35,7,15,18,18,3,6,4,2,6,4,0,2,6,1,1,17,40
"5676",8,5,18,38,7,1,18,35,7,4,0,0,5,3,5,4,3,1,1,21,43
"5677",9,5,23,38,12,5,18,38,7,5,5,0,5,0,0,5,5,2,2,26,48
"5678",10,16,29,38,15,5,23,38,12,3,2,6,3,2,0,6,3,2,2,43,51
"5679",11,18,29,38,20,16,29,38,15,2,0,0,5,2,4,2,5,1,2,45,56
"5680",12,18,29,38,20,18,29,38,20,2,4,0,NA,0,0,0,0,0,0,45,56
"5681",0,0,0,0,0,0,0,0,0,0,0,0,0,0,0,0,0,0,0,0,0
"5682",1,1,2,1,5,1,1,1,1,4,2,1,4,2,0,1,4,2,2,1,4
"5683",2,1,4,8,5,1,2,1,5,2,0,0,2,6,1,2,6,2,1,3,11
"5684",3,3,4,8,6,1,4,8,5,2,1,0,1,0,0,2,1,1,2,5,12
"5685",4,10,10,14,16,3,4,8,6,6,6,2,6,2,0,6,6,1,2,18,28
"5686",5,12,10,19,22,10,10,14,16,2,0,0,4,6,2,2,6,1,2,20,39
"5687",6,14,10,19,26,12,10,19,22,4,2,0,4,0,0,2,4,1,2,22,43
"5688",7,18,10,25,30,14,10,19,26,6,2,4,6,2,0,4,6,1,1,26,53
"5689",8,22,1,30,2,18,10,25,30,2,0,0,6,2,5,2,5,2,1,21,30
"5690",9,32,1,30,4,22,1,30,2,6,2,0,2,0,0,6,2,1,2,31,32
"5691",10,35,1,30,8,32,1,30,4,3,2,4,2,4,0,3,4,1,2,34,36
"5692",11,37,1,39,11,35,1,30,8,2,0,0,5,5,6,2,6,1,1,36,86
"5693",12,37,1,39,11,37,1,39,11,5,5,0,NA,0,0,0,0,0,0,36,86
"5694",0,0,0,0,0,0,0,0,0,0,0,0,0,0,0,0,0,0,0,0,0
"5695",1,6,1,4,1,1,1,1,1,1,5,3,1,3,0,5,3,1,1,5,3
"5696",2,6,2,4,4,6,1,4,1,1,0,0,3,4,3,1,3,2,2,6,6
"5697",3,6,6,7,4,6,2,4,4,4,3,0,3,0,0,4,3,2,1,10,9
"5698",4,6,11,7,9,6,6,7,4,1,5,5,1,5,0,5,5,2,2,15,14
"5699",5,7,11,12,9,6,11,7,9,1,0,0,4,5,1,1,5,1,1,16,19
"5700",6,11,11,12,10,7,11,12,9,4,1,0,1,0,0,4,1,1,2,20,20
"5701",7,15,11,17,22,11,11,12,10,4,1,6,1,6,0,4,6,1,2,24,37
"5702",8,16,11,21,28,15,11,17,22,1,0,0,6,6,2,1,6,1,2,25,47
"5703",9,18,11,30,28,16,11,21,28,6,2,0,6,0,0,2,6,1,1,27,56
"5704",10,35,11,33,28,18,11,30,28,2,3,6,2,3,0,6,3,1,1,44,59
"5705",11,37,11,33,30,35,11,33,28,2,0,0,6,2,2,2,2,1,2,46,61
"5706",12,37,11,33,30,37,11,33,30,6,2,0,NA,0,0,0,0,0,0,46,61
"5707",0,0,0,0,0,0,0,0,0,0,0,0,0,0,0,0,0,0,0,0,0
"5708",1,6,1,1,12,1,1,1,1,6,4,5,6,4,0,5,6,1,2,5,11
"5709",2,10,1,10,18,6,1,1,12,4,0,0,6,6,6,4,6,1,2,9,26
"5710",3,10,10,16,20,10,1,10,18,6,6,0,6,0,0,6,6,2,1,18,34
"5711",4,13,10,16,24,10,10,16,20,3,4,3,4,3,0,3,4,1,2,21,38
"5712",5,16,10,16,25,13,10,16,24,3,0,0,3,1,3,3,1,1,2,24,39
"5713",6,19,1,19,28,16,10,16,25,3,3,0,3,0,0,3,3,1,2,18,45
"5714",7,29,1,19,33,19,1,19,28,6,4,5,4,5,0,6,5,1,2,28,50
"5715",8,33,1,20,33,29,1,19,33,4,0,0,1,3,4,4,1,1,1,32,51
"5716",9,36,1,24,33,33,1,20,33,3,4,0,4,0,0,3,4,1,1,35,55
"5717",10,39,9,1,35,36,1,24,33,3,5,2,3,2,0,5,2,2,2,84,34
"5718",11,39,12,2,35,39,9,1,35,3,0,0,1,2,1,3,1,2,1,87,35
"5719",12,39,12,2,35,39,12,2,35,2,1,0,NA,0,0,0,0,0,0,87,35
"5720",0,0,0,0,0,0,0,0,0,0,0,0,0,0,0,0,0,0,0,0,0
"5721",1,1,4,8,7,1,1,1,1,6,3,1,6,1,0,3,6,2,1,3,13
"5722",2,2,4,10,7,1,4,8,7,1,0,0,2,2,2,1,2,1,1,4,15
"5723",3,2,6,10,9,2,4,10,7,2,2,0,2,0,0,2,2,2,2,6,17
"5724",4,6,12,14,15,2,6,10,9,3,6,6,3,6,0,6,6,2,2,16,27
"5725",5,9,12,14,17,6,12,14,15,3,0,0,6,6,2,3,2,1,2,19,29
"5726",6,11,18,14,25,9,12,14,17,6,6,0,6,0,0,6,6,2,2,27,37
"5727",7,11,22,20,26,11,18,14,25,6,3,4,6,3,0,4,6,2,1,31,44
"5728",8,11,25,24,26,11,22,20,26,3,0,0,1,4,4,3,4,2,1,34,48
"5729",9,15,25,25,26,11,25,24,26,1,4,0,1,0,0,4,1,1,1,38,49
"5730",10,15,29,25,28,15,25,25,26,4,2,1,2,1,0,4,2,2,2,42,51
"5731",11,16,29,27,28,15,29,25,28,1,0,0,2,3,3,1,2,1,1,43,53
"5732",12,16,29,27,28,16,29,27,28,3,3,0,NA,0,0,0,0,0,0,43,53
"5733",0,0,0,0,0,0,0,0,0,0,0,0,0,0,0,0,0,0,0,0,0
"5734",1,1,12,6,1,1,1,1,1,6,2,5,2,5,0,6,5,2,1,11,5
"5735",2,1,14,15,7,1,12,6,1,2,0,0,6,1,6,2,6,2,1,13,20
"5736",3,2,25,16,1,1,14,15,7,1,6,0,1,0,0,6,1,2,1,25,15
"5737",4,2,30,21,1,2,25,16,1,2,5,5,2,5,0,5,5,2,1,30,20
"5738",5,2,32,24,1,2,30,21,1,2,0,0,3,3,1,2,3,2,1,32,23
"5739",6,5,32,24,2,2,32,24,1,3,1,0,1,0,0,3,1,1,2,35,24
"5740",7,5,37,28,2,5,32,24,2,4,1,5,4,1,0,5,4,2,1,40,28
"5741",8,5,38,33,2,5,37,28,2,1,0,0,6,5,1,1,5,2,1,41,33
"5742",9,8,39,39,8,5,38,33,2,6,1,0,6,0,0,1,6,2,1,83,83
"5743",10,15,39,39,15,8,39,39,8,6,2,6,2,6,0,6,6,1,2,90,90
"5744",11,17,39,39,18,15,39,39,15,2,0,0,2,2,3,2,3,1,2,92,93
"5745",12,17,39,39,18,17,39,39,18,2,2,0,NA,0,0,0,0,0,0,92,93
"5746",0,0,0,0,0,0,0,0,0,0,0,0,0,0,0,0,0,0,0,0,0
"5747",1,5,1,1,5,1,1,1,1,4,4,3,4,3,0,4,4,1,2,4,4
"5748",2,8,1,4,5,5,1,1,5,3,0,0,3,2,2,3,3,1,1,7,7
"5749",3,8,3,4,7,8,1,4,5,2,2,0,2,0,0,2,2,2,2,9,9
"5750",4,12,3,9,13,8,3,4,7,6,3,4,6,3,0,4,6,1,2,13,20
"5751",5,15,3,11,13,12,3,9,13,3,0,0,2,5,5,3,2,1,1,16,22
"5752",6,20,3,16,13,15,3,11,13,5,5,0,5,0,0,5,5,1,1,21,27
"5753",7,26,6,16,17,20,3,16,13,4,6,4,4,4,0,6,4,1,2,30,31
"5754",8,30,6,16,19,26,6,16,17,4,0,0,1,1,2,4,2,1,2,34,33
"5755",9,30,7,16,20,30,6,16,19,1,1,0,1,0,0,1,1,2,2,35,34
"5756",10,39,12,1,23,30,7,16,20,6,4,3,6,3,0,4,3,1,2,87,22
"5757",11,39,22,5,23,39,12,1,23,6,0,0,4,3,1,6,4,2,1,97,26
"5758",12,39,22,5,23,39,22,5,23,3,1,0,NA,0,0,0,0,0,0,97,26
"5759",0,0,0,0,0,0,0,0,0,0,0,0,0,0,0,0,0,0,0,0,0
"5760",1,1,10,4,1,1,1,1,1,3,6,4,3,4,0,6,3,2,1,9,3
"5761",2,5,10,4,6,1,10,4,1,4,0,0,1,5,4,4,5,1,2,13,8
"5762",3,5,14,4,7,5,10,4,6,1,4,0,1,0,0,4,1,2,2,17,9
"5763",4,5,18,6,7,5,14,4,7,1,4,2,1,2,0,4,2,2,1,21,11
"5764",5,6,18,6,12,5,18,6,7,1,0,0,5,2,6,1,5,1,2,22,16
"5765",6,12,21,6,14,6,18,6,12,2,6,0,2,0,0,6,2,1,2,31,18
"5766",7,14,21,6,17,12,21,6,14,4,2,3,4,3,0,2,3,1,2,33,21
"5767",8,18,21,6,22,14,21,6,17,4,0,0,3,5,5,4,5,1,2,37,26
"5768",9,18,26,6,25,18,21,6,22,3,5,0,3,0,0,5,3,2,2,42,29
"5769",10,19,32,11,25,18,26,6,25,6,3,5,3,5,0,6,5,2,1,49,34
"5770",11,22,1,22,25,19,32,11,25,3,0,0,3,3,1,3,3,1,1,21,45
"5771",12,22,1,22,25,22,1,22,25,3,1,0,NA,0,0,0,0,0,0,21,45
"5772",0,0,0,0,0,0,0,0,0,0,0,0,0,0,0,0,0,0,0,0,0
"5773",1,1,4,4,1,1,1,1,1,3,2,3,2,3,0,3,3,2,1,3,3
"5774",2,3,4,4,6,1,4,4,1,2,0,0,5,1,3,2,5,1,2,5,8
"5775",3,3,7,4,7,3,4,4,6,1,3,0,1,0,0,3,1,2,2,8,9
"5776",4,3,11,4,11,3,7,4,7,4,4,1,4,1,0,4,4,2,2,12,13
"5777",5,3,12,6,11,3,11,4,11,1,0,0,1,2,1,1,2,2,1,13,15
"5778",6,3,13,7,11,3,12,6,11,1,1,0,1,0,0,1,1,2,1,14,16
"5779",7,5,19,7,15,3,13,7,11,1,6,4,1,4,0,6,4,2,2,22,20
"5780",8,5,20,7,20,5,19,7,15,1,0,0,5,4,2,1,5,2,2,23,25
"5781",9,9,20,9,20,5,20,7,20,4,2,0,2,0,0,4,2,1,1,27,27
"5782",10,15,22,12,20,9,20,9,20,2,3,6,2,3,0,6,3,1,1,35,30
"5783",11,17,22,15,20,15,22,12,20,2,0,0,3,4,1,2,3,1,1,37,33
"5784",12,17,22,15,20,17,22,15,20,4,1,0,NA,0,0,0,0,0,0,37,33
"5785",0,0,0,0,0,0,0,0,0,0,0,0,0,0,0,0,0,0,0,0,0
"5786",1,1,3,5,1,1,1,1,1,2,4,1,4,1,0,2,4,2,1,2,4
"5787",2,2,3,5,2,1,3,5,1,1,0,0,5,6,1,1,1,1,2,3,5
"5788",3,2,10,10,2,2,3,5,2,5,6,0,5,0,0,6,5,2,1,10,10
"5789",4,6,10,20,2,2,10,10,2,4,6,2,6,2,0,4,6,1,1,14,20
"5790",5,8,10,23,2,6,10,20,2,2,0,0,3,3,2,2,3,1,1,16,23
"5791",6,11,10,25,2,8,10,23,2,3,2,0,2,0,0,3,2,1,1,19,25
"5792",7,11,15,25,5,11,10,25,2,5,3,3,3,3,0,5,3,2,2,24,28
"5793",8,14,15,25,13,11,15,25,5,3,0,0,3,6,1,3,6,1,2,27,36
"5794",9,17,15,26,13,14,15,25,13,3,1,0,1,0,0,3,1,1,1,30,37
"5795",10,17,20,27,19,17,15,26,13,6,5,2,6,2,0,5,6,2,2,35,44
"5796",11,17,22,29,19,17,20,27,19,2,0,0,2,1,3,2,2,2,1,37,46
"5797",12,17,22,29,19,17,22,29,19,1,3,0,NA,0,0,0,0,0,0,37,46
"5798",0,0,0,0,0,0,0,0,0,0,0,0,0,0,0,0,0,0,0,0,0
"5799",1,1,3,1,5,1,1,1,1,2,2,4,2,4,0,2,4,2,2,2,4
"5800",2,3,3,9,5,1,3,1,5,2,0,0,6,6,1,2,6,1,1,4,12
"5801",3,3,11,10,5,3,3,9,5,6,1,0,1,0,0,6,1,2,1,12,13
"5802",4,3,15,10,10,3,11,10,5,5,4,3,5,3,0,4,5,2,2,16,18
"5803",5,3,18,19,10,3,15,10,10,3,0,0,3,2,6,3,6,2,1,19,27
"5804",6,3,20,19,13,3,18,19,10,3,2,0,3,0,0,2,3,2,2,21,30
"5805",7,3,23,19,18,3,20,19,13,3,3,5,3,5,0,3,5,2,2,24,35
"5806",8,3,26,19,20,3,23,19,18,3,0,0,2,2,4,3,2,2,2,27,37
"5807",9,3,30,19,22,3,26,19,20,2,4,0,2,0,0,4,2,2,2,31,39
"5808",10,8,30,19,6,3,30,19,22,1,5,5,5,5,0,1,5,1,2,36,23
"5809",11,8,35,23,6,8,30,19,6,5,0,0,4,4,1,5,4,2,1,41,27
"5810",12,8,35,23,6,8,35,23,6,4,1,0,NA,0,0,0,0,0,0,41,27
"5811",0,0,0,0,0,0,0,0,0,0,0,0,0,0,0,0,0,0,0,0,0
"5812",1,1,3,7,5,1,1,1,1,3,2,6,3,6,0,2,6,2,1,2,10
"5813",2,4,3,14,5,1,3,7,5,3,0,0,3,6,2,3,6,1,1,5,17
"5814",3,6,3,14,8,4,3,14,5,3,2,0,3,0,0,2,3,1,2,7,20
"5815",4,7,3,14,11,6,3,14,8,1,3,4,3,4,0,1,3,1,2,8,23
"5816",5,11,3,14,16,7,3,14,11,4,0,0,5,2,4,4,5,1,2,12,28
"5817",6,13,3,18,16,11,3,14,16,2,4,0,4,0,0,2,4,1,1,14,32
"5818",7,15,3,18,17,13,3,18,16,2,5,1,5,1,0,2,1,1,2,16,33
"5819",8,20,3,18,18,15,3,18,17,5,0,0,1,3,1,5,1,1,2,21,34
"5820",9,21,1,28,18,20,3,18,18,3,1,0,3,0,0,1,3,1,1,20,44
"5821",10,22,1,32,18,21,1,28,18,1,1,4,1,4,0,1,4,1,1,21,48
"5822",11,22,2,37,18,22,1,32,18,1,0,0,5,5,4,1,5,2,1,22,53
"5823",12,22,2,37,18,22,2,37,18,5,4,0,NA,0,0,0,0,0,0,22,53
"5824",0,0,0,0,0,0,0,0,0,0,0,0,0,0,0,0,0,0,0,0,0
"5825",1,6,1,5,1,1,1,1,1,4,5,2,4,2,0,5,4,1,1,5,4
"5826",2,8,1,11,10,6,1,5,1,2,0,0,1,6,6,2,6,1,1,7,19
"5827",3,19,1,11,11,8,1,11,10,1,6,0,1,0,0,6,1,1,2,18,20
"5828",4,27,1,13,17,19,1,11,11,6,4,6,4,6,0,6,6,1,2,26,28
"5829",5,31,6,1,21,27,1,13,17,4,0,0,4,5,1,4,4,1,2,35,20
"5830",6,31,11,2,21,31,6,1,21,5,1,0,1,0,0,5,1,2,1,40,21
"5831",7,38,11,3,21,31,11,2,21,1,2,6,1,2,0,6,1,1,1,47,22
"5832",8,38,13,5,21,38,11,3,21,2,0,0,6,1,2,2,2,2,1,49,24
"5833",9,38,25,1,22,38,13,5,21,6,1,0,1,0,0,6,1,2,2,61,21
"5834",10,38,26,1,24,38,25,1,22,2,1,2,2,2,0,1,2,2,2,62,23
"5835",11,38,28,3,24,38,26,1,24,2,0,0,2,2,4,2,2,2,1,64,25
"5836",12,38,28,3,24,38,28,3,24,2,4,0,NA,0,0,0,0,0,0,64,25
"5837",0,0,0,0,0,0,0,0,0,0,0,0,0,0,0,0,0,0,0,0,0
"5838",1,5,1,1,10,1,1,1,1,6,2,4,6,2,0,4,6,1,2,4,9
"5839",2,5,3,5,10,5,1,1,10,2,0,0,4,1,4,2,4,2,1,6,13
"5840",3,9,3,5,11,5,3,5,10,1,4,0,1,0,0,4,1,1,2,10,14
"5841",4,17,3,10,11,9,3,5,11,5,6,1,5,1,0,6,5,1,1,18,19
"5842",5,18,3,13,11,17,3,10,11,1,0,0,3,1,2,1,3,1,1,19,22
"5843",6,18,5,14,11,18,3,13,11,1,2,0,1,0,0,2,1,2,1,21,23
"5844",7,23,5,14,14,18,5,14,11,3,3,5,3,3,0,5,3,1,2,26,26
"5845",8,23,8,14,19,23,5,14,14,3,0,0,1,5,5,3,5,2,2,29,31
"5846",9,28,8,14,20,23,8,14,19,1,5,0,1,0,0,5,1,1,2,34,32
"5847",10,34,14,5,20,28,8,14,20,4,6,2,4,2,0,6,4,2,1,46,23
"5848",11,36,14,7,20,34,14,5,20,2,0,0,2,5,3,2,2,1,1,48,25
"5849",12,36,14,7,20,36,14,7,20,5,3,0,NA,0,0,0,0,0,0,48,25
"5850",0,0,0,0,0,0,0,0,0,0,0,0,0,0,0,0,0,0,0,0,0
"5851",1,1,3,3,1,1,1,1,1,2,2,1,2,1,0,2,2,2,1,2,2
"5852",2,1,4,3,6,1,3,3,1,1,0,0,5,1,4,1,5,2,2,3,7
"5853",3,1,8,4,6,1,4,3,6,1,4,0,1,0,0,4,1,2,1,7,8
"5854",4,1,13,4,9,1,8,4,6,3,5,3,3,3,0,5,3,2,2,12,11
"5855",5,4,13,7,15,1,13,4,9,3,0,0,5,2,6,3,6,1,2,15,20
"5856",6,9,13,7,17,4,13,7,15,5,2,0,2,0,0,5,2,1,2,20,22
"5857",7,9,14,9,17,9,13,7,17,1,1,2,1,2,0,1,2,2,1,21,24
"5858",8,9,15,9,22,9,14,9,17,1,0,0,2,5,5,1,5,2,2,22,29
"5859",9,14,15,9,24,9,15,9,22,2,5,0,2,0,0,5,2,1,2,27,31
"5860",10,18,15,9,29,14,15,9,24,4,5,1,5,1,0,4,5,1,2,31,36
"5861",11,19,15,14,29,18,15,9,29,1,0,0,5,5,4,1,5,1,1,32,41
"5862",12,19,15,14,29,19,15,14,29,5,4,0,NA,0,0,0,0,0,0,32,41
"5863",0,0,0,0,0,0,0,0,0,0,0,0,0,0,0,0,0,0,0,0,0
"5864",1,1,6,6,1,1,1,1,1,5,5,2,5,2,0,5,5,2,1,5,5
"5865",2,3,6,6,11,1,6,6,1,2,0,0,4,4,6,2,6,1,2,7,15
"5866",3,7,6,10,11,3,6,6,11,4,4,0,4,0,0,4,4,1,1,11,19
"5867",4,7,10,10,13,7,6,10,11,4,2,2,2,2,0,4,2,2,2,15,21
"5868",5,7,12,13,13,7,10,10,13,2,0,0,1,3,3,2,3,2,1,17,24
"5869",6,10,12,14,13,7,12,13,13,1,3,0,1,0,0,3,1,1,1,20,25
"5870",7,10,20,14,16,10,12,14,13,3,1,6,3,1,0,6,3,2,2,28,28
"5871",8,10,21,19,16,10,20,14,16,1,0,0,1,5,5,1,5,2,1,29,33
"5872",9,10,26,19,17,10,21,19,16,1,5,0,1,0,0,5,1,2,2,34,34
"5873",10,12,32,19,22,10,26,19,17,6,5,3,5,3,0,6,5,2,2,42,39
"5874",11,12,35,23,22,12,32,19,22,3,0,0,6,5,4,3,4,2,1,45,43
"5875",12,12,35,23,22,12,35,23,22,6,5,0,NA,0,0,0,0,0,0,45,43
"5876",0,0,0,0,0,0,0,0,0,0,0,0,0,0,0,0,0,0,0,0,0
"5877",1,1,5,2,1,1,1,1,1,1,2,4,1,2,0,4,1,2,1,4,1
"5878",2,3,5,2,4,1,5,2,1,2,0,0,5,3,2,2,3,1,2,6,4
"5879",3,8,5,4,4,3,5,2,4,5,2,0,2,0,0,5,2,1,1,11,6
"5880",4,8,8,11,4,8,5,4,4,6,3,6,6,6,0,3,6,2,1,14,13
"5881",5,20,11,14,4,8,8,11,4,6,0,0,1,3,3,6,3,1,1,29,16
"5882",6,20,12,17,4,20,11,14,4,1,3,0,3,0,0,1,3,2,1,30,19
"5883",7,20,20,21,4,20,12,17,4,6,4,4,4,4,0,6,4,2,1,38,23
"5884",8,24,20,22,4,20,20,21,4,4,0,0,6,4,1,4,1,1,1,42,24
"5885",9,35,20,22,8,24,20,22,4,6,4,0,4,0,0,6,4,1,2,53,28
"5886",10,36,20,22,11,35,20,22,8,1,5,3,5,3,0,1,3,1,2,54,31
"5887",11,36,25,25,11,36,20,22,11,5,0,0,4,3,6,5,3,2,1,59,34
"5888",12,36,25,25,11,36,25,25,11,4,6,0,NA,0,0,0,0,0,0,59,34
"5889",0,0,0,0,0,0,0,0,0,0,0,0,0,0,0,0,0,0,0,0,0
"5890",1,1,4,1,3,1,1,1,1,3,1,2,1,2,0,3,2,2,2,3,2
"5891",2,1,5,5,3,1,4,1,3,1,0,0,5,4,2,1,4,2,1,4,6
"5892",3,1,10,5,5,1,5,5,3,5,2,0,2,0,0,5,2,2,2,9,8
"5893",4,1,14,7,5,1,10,5,5,1,4,2,1,2,0,4,2,2,1,13,10
"5894",5,1,15,9,5,1,14,7,5,1,0,0,2,6,4,1,2,2,1,14,12
"5895",6,12,15,13,5,1,15,9,5,6,4,0,4,0,0,6,4,1,1,25,16
"5896",7,20,15,14,5,12,15,13,5,6,1,6,1,6,0,6,1,1,1,33,17
"5897",8,21,21,21,5,20,15,14,5,6,0,0,6,4,2,6,6,2,1,40,24
"5898",9,26,35,25,1,21,21,21,5,4,2,0,4,0,0,2,4,2,1,59,24
"5899",10,28,35,25,6,26,35,25,1,3,2,5,3,5,0,2,5,1,2,61,29
"5900",11,31,35,25,10,28,35,25,6,3,0,0,1,4,3,3,4,1,2,64,33
"5901",12,31,35,25,10,31,35,25,10,1,3,0,NA,0,0,0,0,0,0,64,33
"5902",0,0,0,0,0,0,0,0,0,0,0,0,0,0,0,0,0,0,0,0,0
"5903",1,1,5,6,1,1,1,1,1,1,5,4,1,5,0,4,5,2,1,4,5
"5904",2,2,5,6,4,1,5,6,1,1,0,0,1,3,3,1,3,1,2,5,8
"5905",3,2,6,6,7,2,5,6,4,1,3,0,3,0,0,1,3,2,2,6,11
"5906",4,2,9,10,7,2,6,6,7,4,1,3,4,1,0,3,4,2,1,9,15
"5907",5,3,9,16,15,2,9,10,7,1,0,0,1,5,6,1,6,1,1,10,29
"5908",6,3,14,16,16,3,9,16,15,1,5,0,1,0,0,5,1,2,2,15,30
"5909",7,3,19,17,16,3,14,16,16,5,2,1,2,1,0,5,1,2,1,20,31
"5910",8,3,21,17,17,3,19,17,16,2,0,0,1,3,1,2,1,2,2,22,32
"5911",9,3,24,17,18,3,21,17,17,3,1,0,1,0,0,3,1,2,2,25,33
"5912",10,1,27,21,20,3,24,17,18,4,1,3,4,1,0,3,4,2,1,26,39
"5913",11,2,32,24,1,1,27,21,20,1,0,0,6,1,3,1,3,1,1,32,23
"5914",12,2,32,24,1,2,32,24,1,6,1,0,NA,0,0,0,0,0,0,32,23
"5915",0,0,0,0,0,0,0,0,0,0,0,0,0,0,0,0,0,0,0,0,0
"5916",1,2,7,1,6,1,1,1,1,6,1,5,1,5,0,6,5,2,2,7,5
"5917",2,2,8,6,6,2,7,1,6,1,0,0,5,6,4,1,5,2,1,8,10
"5918",3,2,19,6,10,2,8,6,6,6,4,0,4,0,0,6,4,2,2,19,14
"5919",4,6,19,6,15,2,19,6,10,4,5,4,5,4,0,4,5,1,2,23,19
"5920",5,10,19,6,20,6,19,6,15,4,0,0,2,5,1,4,5,1,2,27,24
"5921",6,11,19,6,22,10,19,6,20,2,1,0,2,0,0,1,2,1,2,28,26
"5922",7,22,19,6,25,11,19,6,22,6,3,1,3,1,0,6,3,1,2,39,29
"5923",8,22,20,6,29,22,19,6,25,1,0,0,3,5,4,1,4,2,2,40,33
"5924",9,22,25,6,32,22,20,6,29,3,5,0,3,0,0,5,3,2,2,45,36
"5925",10,22,27,6,34,22,25,6,32,2,2,2,2,2,0,2,2,2,2,47,38
"5926",11,22,29,6,38,22,27,6,34,2,0,0,4,1,3,2,4,2,2,49,42
"5927",12,22,29,6,38,22,29,6,38,1,3,0,NA,0,0,0,0,0,0,49,42
"5928",0,0,0,0,0,0,0,0,0,0,0,0,0,0,0,0,0,0,0,0,0
"5929",1,5,1,7,12,1,1,1,1,6,6,4,6,6,0,4,6,1,2,4,17
"5930",2,5,18,7,17,5,1,7,12,6,0,0,1,5,3,6,5,2,2,21,22
"5931",3,8,18,8,17,5,18,7,17,1,3,0,1,0,0,3,1,1,1,24,23
"5932",4,8,23,9,17,8,18,8,17,5,1,1,1,1,0,5,1,2,1,29,24
"5933",5,9,23,12,17,8,23,9,17,1,0,0,3,4,3,1,3,1,1,30,27
"5934",6,9,27,12,20,9,23,12,17,4,3,0,3,0,0,4,3,2,2,34,30
"5935",7,13,36,1,24,9,27,12,20,4,4,3,4,4,0,3,4,2,2,47,23
"5936",8,17,36,1,29,13,36,1,24,4,0,0,1,5,5,4,5,1,2,51,28
"5937",9,22,36,1,30,17,36,1,29,1,5,0,1,0,0,5,1,1,2,56,29
"5938",10,33,36,1,34,22,36,1,30,6,6,4,6,4,0,6,4,1,2,67,33
"5939",11,39,39,1,34,33,36,1,34,6,0,0,1,5,2,6,0,1,NA,152,33
"5940",12,39,39,1,34,39,39,1,34,NA,0,0,NA,0,0,0,0,NA,NA,152,33
"5941",0,0,0,0,0,0,0,0,0,0,0,0,0,0,0,0,0,0,0,0,0
"5942",1,3,7,4,1,1,1,1,1,3,6,4,3,4,0,6,3,2,1,8,3
"5943",2,7,7,10,4,3,7,4,1,4,0,0,6,6,6,4,6,1,1,12,12
"5944",3,10,13,19,4,7,7,10,4,6,6,0,6,0,0,6,6,2,1,21,21
"5945",4,10,15,19,6,10,13,19,4,2,2,2,2,2,0,2,2,2,2,23,23
"5946",5,10,17,24,6,10,15,19,6,2,0,0,5,3,3,2,5,2,1,25,28
"5947",6,13,17,27,6,10,17,24,6,3,3,0,3,0,0,3,3,1,1,28,31
"5948",7,13,21,27,11,13,17,27,6,5,4,1,5,1,0,4,5,2,2,32,36
"5949",8,1,21,37,11,13,21,27,11,1,0,0,4,5,5,1,5,1,1,20,46
"5950",9,6,21,37,15,1,21,37,11,4,5,0,4,0,0,5,4,1,2,25,50
"5951",10,6,24,37,16,6,21,37,15,3,3,1,3,1,0,3,1,2,2,28,51
"5952",11,9,24,37,17,6,24,37,16,3,0,0,1,5,6,3,1,1,2,31,52
"5953",12,9,24,37,17,9,24,37,17,5,6,0,NA,0,0,0,0,0,0,31,52
"5954",0,0,0,0,0,0,0,0,0,0,0,0,0,0,0,0,0,0,0,0,0
"5955",1,4,1,3,1,1,1,1,1,1,3,2,1,2,0,3,2,1,1,3,2
"5956",2,5,1,8,1,4,1,3,1,1,0,0,5,1,3,1,5,1,1,4,7
"5957",3,8,1,9,1,5,1,8,1,1,3,0,1,0,0,3,1,1,1,7,8
"5958",4,11,1,12,1,8,1,9,1,3,3,2,3,2,0,3,3,1,1,10,11
"5959",5,11,3,12,5,11,1,12,1,2,0,0,2,4,5,2,4,2,2,12,15
"5960",6,11,8,12,7,11,3,12,5,2,5,0,2,0,0,5,2,2,2,17,17
"5961",7,11,18,12,12,11,8,12,7,5,6,2,5,2,0,6,5,2,2,27,22
"5962",8,13,18,21,12,11,18,12,12,2,0,0,2,6,4,2,6,1,1,29,31
"5963",9,17,18,23,12,13,18,21,12,2,4,0,2,0,0,4,2,1,1,33,33
"5964",10,17,21,27,12,17,18,23,12,3,1,4,1,4,0,3,4,2,1,36,37
"5965",11,18,21,30,12,17,21,27,12,1,0,0,3,3,2,1,3,1,1,37,40
"5966",12,18,21,30,12,18,21,30,12,3,2,0,NA,0,0,0,0,0,0,37,40
"5967",0,0,0,0,0,0,0,0,0,0,0,0,0,0,0,0,0,0,0,0,0
"5968",1,14,1,1,6,1,1,1,1,6,5,5,5,5,0,6,5,1,2,13,5
"5969",2,14,6,1,8,14,1,1,6,5,0,0,1,2,2,5,2,2,2,18,7
"5970",3,16,6,2,8,14,6,1,8,1,2,0,1,0,0,2,1,1,1,20,8
"5971",4,16,11,2,13,16,6,2,8,5,2,5,2,5,0,5,5,2,2,25,13
"5972",5,18,11,2,17,16,11,2,13,2,0,0,6,1,4,2,4,1,2,27,17
"5973",6,18,22,3,17,18,11,2,17,6,1,0,1,0,0,6,1,2,1,38,18
"5974",7,18,33,3,28,18,22,3,17,1,6,6,1,6,0,6,6,2,2,49,29
"5975",8,18,34,3,31,18,33,3,28,1,0,0,3,2,2,1,3,2,2,50,32
"5976",9,20,34,3,33,18,34,3,31,2,2,0,2,0,0,2,2,1,2,52,34
"5977",10,22,39,3,36,20,34,3,33,2,3,5,2,3,0,5,3,2,2,97,37
"5978",11,24,39,5,39,22,39,3,36,2,0,0,3,1,1,2,3,1,2,99,80
"5979",12,24,39,5,39,24,39,5,39,1,1,0,NA,0,0,0,0,0,0,99,80
"5980",0,0,0,0,0,0,0,0,0,0,0,0,0,0,0,0,0,0,0,0,0
"5981",1,1,5,3,1,1,1,1,1,1,2,4,1,2,0,4,2,2,1,4,2
"5982",2,2,5,3,11,1,5,3,1,1,0,0,4,2,6,1,6,1,2,5,12
"5983",3,6,5,3,13,2,5,3,11,4,2,0,2,0,0,4,2,1,2,9,14
"5984",4,10,5,8,13,6,5,3,13,3,4,5,3,5,0,4,5,1,1,13,19
"5985",5,13,5,8,17,10,5,8,13,3,0,0,3,4,4,3,4,1,2,16,23
"5986",6,16,5,12,17,13,5,8,17,3,4,0,4,0,0,3,4,1,1,19,27
"5987",7,21,5,14,17,16,5,12,17,1,2,5,1,2,0,5,2,1,1,24,29
"5988",8,21,6,14,20,21,5,14,17,1,0,0,3,1,3,1,3,2,2,25,32
"5989",9,24,6,14,21,21,6,14,20,1,3,0,1,0,0,3,1,1,2,28,33
"5990",10,24,10,20,23,24,6,14,21,1,6,4,1,6,0,4,6,2,1,32,41
"5991",11,25,10,24,23,24,10,20,23,1,0,0,4,3,5,1,4,1,1,33,45
"5992",12,25,10,24,23,25,10,24,23,3,5,0,NA,0,0,0,0,0,0,33,45
"5993",0,0,0,0,0,0,0,0,0,0,0,0,0,0,0,0,0,0,0,0,0
"5994",1,7,2,6,1,1,1,1,1,1,6,5,1,5,0,6,5,1,1,7,5
"5995",2,8,2,12,4,7,2,6,1,1,0,0,1,4,6,1,6,1,1,8,14
"5996",3,8,6,13,4,8,2,12,4,1,4,0,1,0,0,4,1,2,1,12,15
"5997",4,19,6,13,6,8,6,13,4,2,6,1,2,1,0,6,2,1,2,23,17
"5998",5,20,6,16,6,19,6,13,6,1,0,0,1,5,3,1,3,1,1,24,20
"5999",6,20,11,17,6,20,6,16,6,1,5,0,1,0,0,5,1,2,1,29,21
"6000",7,20,22,19,6,20,11,17,6,6,3,2,3,2,0,6,2,2,1,40,23
"6001",8,20,25,29,6,20,22,19,6,3,0,0,3,6,4,3,6,2,1,43,33
"6002",9,24,29,32,1,20,25,29,6,3,4,0,3,0,0,4,3,1,1,51,31
"6003",10,24,32,36,1,24,29,32,1,3,4,2,4,2,0,3,4,2,1,54,35
"6004",11,26,32,39,2,24,32,36,1,2,0,0,3,1,6,2,3,1,1,56,77
"6005",12,26,32,39,2,26,32,39,2,1,6,0,NA,0,0,0,0,0,0,56,77
"6006",0,0,0,0,0,0,0,0,0,0,0,0,0,0,0,0,0,0,0,0,0
"6007",1,1,5,1,4,1,1,1,1,3,1,4,3,1,0,4,3,2,2,4,3
"6008",2,1,6,1,9,1,5,1,4,1,0,0,5,5,4,1,5,2,2,5,8
"6009",3,1,11,5,9,1,6,1,9,5,4,0,4,0,0,5,4,2,1,10,12
"6010",4,9,11,5,11,1,11,5,9,6,2,2,2,2,0,6,2,1,2,18,14
"6011",5,11,11,5,16,9,11,5,11,2,0,0,1,5,5,2,5,1,2,20,19
"6012",6,16,11,5,17,11,11,5,16,1,5,0,1,0,0,5,1,1,2,25,20
"6013",7,18,17,5,21,16,11,5,17,4,1,6,4,1,0,6,4,2,2,33,24
"6014",8,18,18,5,26,18,17,5,21,1,0,0,2,5,3,1,5,2,2,34,29
"6015",9,21,18,5,28,18,18,5,26,2,3,0,2,0,0,3,2,1,2,37,31
"6016",10,21,26,1,33,21,18,5,28,1,5,5,1,5,0,5,5,2,2,45,32
"6017",11,22,26,5,39,21,26,1,33,1,0,0,6,2,2,1,6,1,2,46,80
"6018",12,22,26,5,39,22,26,5,39,2,2,0,NA,0,0,0,0,0,0,46,80
"6019",0,0,0,0,0,0,0,0,0,0,0,0,0,0,0,0,0,0,0,0,0
"6020",1,1,6,1,5,1,1,1,1,2,5,4,2,4,0,5,4,2,2,5,4
"6021",2,3,6,3,5,1,6,1,5,2,0,0,3,3,2,2,2,1,1,7,6
"6022",3,6,6,6,5,3,6,3,5,3,3,0,3,0,0,3,3,1,1,10,9
"6023",4,9,12,8,5,6,6,6,5,2,6,2,2,2,0,6,2,2,1,19,11
"6024",5,9,14,8,10,9,12,8,5,2,0,0,2,5,3,2,5,2,2,21,16
"6025",6,12,14,10,10,9,14,8,10,2,3,0,2,0,0,3,2,1,1,24,18
"6026",7,17,14,12,16,12,14,10,10,5,6,5,6,5,0,5,6,1,2,29,26
"6027",8,17,19,12,24,17,14,12,16,5,0,0,6,5,6,5,6,2,2,34,34
"6028",9,28,19,12,29,17,19,12,24,5,6,0,5,0,0,6,5,1,2,45,39
"6029",10,28,24,12,31,28,19,12,29,2,2,5,2,2,0,5,2,2,2,50,41
"6030",11,30,31,1,35,28,24,12,31,2,0,0,6,4,4,2,4,1,2,59,34
"6031",12,30,31,1,35,30,31,1,35,6,4,0,NA,0,0,0,0,0,0,59,34
"6032",0,0,0,0,0,0,0,0,0,0,0,0,0,0,0,0,0,0,0,0,0
"6033",1,9,1,4,1,1,1,1,1,1,3,6,1,3,0,6,3,1,1,8,3
"6034",2,10,1,6,13,9,1,4,1,1,0,0,6,1,5,1,6,1,2,9,17
"6035",3,15,1,7,13,10,1,6,13,1,5,0,1,0,0,5,1,1,1,14,18
"6036",4,17,1,8,13,15,1,7,13,3,2,1,3,1,0,2,1,1,1,16,19
"6037",5,17,4,10,13,17,1,8,13,3,0,0,2,4,2,3,2,2,1,19,21
"6038",6,21,4,10,15,17,4,10,13,4,2,0,2,0,0,4,2,1,2,23,23
"6039",7,25,4,10,18,21,4,10,15,4,2,3,2,3,0,4,3,1,2,27,26
"6040",8,27,4,20,18,25,4,10,18,2,0,0,6,3,2,2,6,1,1,29,36
"6041",9,30,4,20,20,27,4,20,18,3,2,0,2,0,0,3,2,1,2,32,38
"6042",10,32,1,20,27,30,4,20,20,2,4,2,4,2,0,2,2,1,2,31,45
"6043",11,36,1,20,30,32,1,20,27,4,0,0,3,3,5,4,3,1,2,35,48
"6044",12,36,1,20,30,36,1,20,30,3,5,0,NA,0,0,0,0,0,0,35,48
"6045",0,0,0,0,0,0,0,0,0,0,0,0,0,0,0,0,0,0,0,0,0
"6046",1,6,1,2,1,1,1,1,1,1,5,2,1,2,0,5,1,1,1,5,1
"6047",2,8,1,5,1,6,1,2,1,2,0,0,3,1,3,2,3,1,1,7,4
"6048",3,8,4,5,2,8,1,5,1,1,3,0,1,0,0,3,1,2,2,10,5
"6049",4,8,8,7,2,8,4,5,2,4,2,2,2,2,0,4,2,2,1,14,7
"6050",5,10,8,7,5,8,8,7,2,2,0,0,3,6,2,2,3,1,2,16,10
"6051",6,16,18,9,5,10,8,7,5,6,2,0,2,0,0,6,2,2,1,32,12
"6052",7,21,18,14,5,16,18,9,5,2,5,5,2,5,0,5,5,1,1,37,17
"6053",8,23,23,16,1,21,18,14,5,2,0,0,2,4,4,2,2,1,1,44,15
"6054",9,1,27,18,5,23,23,16,1,4,4,0,4,0,0,4,4,2,2,26,21
"6055",10,1,37,18,10,1,27,18,5,6,1,5,1,5,0,6,5,2,2,36,26
"6056",11,2,37,18,13,1,37,18,10,1,0,0,1,3,6,1,3,1,2,37,29
"6057",12,2,37,18,13,2,37,18,13,1,6,0,NA,0,0,0,0,0,0,37,29
"6058",0,0,0,0,0,0,0,0,0,0,0,0,0,0,0,0,0,0,0,0,0
"6059",1,5,1,5,1,1,1,1,1,3,4,4,3,4,0,4,4,1,1,4,4
"6060",2,5,4,10,1,5,1,5,1,3,0,0,5,4,2,3,5,2,1,7,9
"6061",3,9,4,12,1,5,4,10,1,4,2,0,2,0,0,4,2,1,1,11,11
"6062",4,20,4,16,1,9,4,12,1,6,4,2,4,2,0,6,4,1,1,22,15
"6063",5,22,4,20,1,20,4,16,1,2,0,0,4,1,6,2,4,1,1,24,19
"6064",6,38,4,20,2,22,4,20,1,1,6,0,1,0,0,6,1,1,2,40,20
"6065",7,38,13,20,7,38,4,20,2,6,6,5,6,5,0,6,5,2,2,49,25
"6066",8,39,21,23,7,38,13,20,7,6,0,0,3,3,2,6,3,2,1,96,28
"6067",9,39,23,26,7,39,21,23,7,3,2,0,3,0,0,2,3,2,1,98,31
"6068",10,39,24,36,7,39,23,26,7,1,2,6,2,6,0,1,6,2,1,99,41
"6069",11,39,26,36,9,39,24,36,7,2,0,0,2,5,6,2,2,2,2,101,43
"6070",12,39,26,36,9,39,26,36,9,5,6,0,NA,0,0,0,0,0,0,101,43
"6071",0,0,0,0,0,0,0,0,0,0,0,0,0,0,0,0,0,0,0,0,0
"6072",1,6,1,6,1,1,1,1,1,5,1,5,1,5,0,5,5,1,1,5,5
"6073",2,6,2,6,6,6,1,6,1,1,0,0,5,3,3,1,5,2,2,6,10
"6074",3,9,2,6,9,6,2,6,6,3,3,0,3,0,0,3,3,1,2,9,13
"6075",4,16,2,6,14,9,2,6,9,5,2,6,5,2,0,6,5,1,2,16,18
"6076",5,16,4,10,20,16,2,6,14,2,0,0,3,6,6,2,6,2,2,18,28
"6077",6,25,4,13,20,16,4,10,20,3,6,0,3,0,0,6,3,1,1,27,31
"6078",7,30,1,13,27,25,4,13,20,5,2,2,2,2,0,5,2,1,2,29,38
"6079",8,30,3,14,33,30,1,13,27,2,0,0,6,1,6,2,6,2,2,31,45
"6080",9,34,9,14,34,30,3,14,33,1,6,0,1,0,0,6,1,2,2,41,46
"6081",10,39,13,14,37,34,9,14,34,3,1,5,3,1,0,5,3,1,2,88,49
"6082",11,39,14,18,37,39,13,14,37,1,0,0,4,4,3,1,4,2,1,89,53
"6083",12,39,14,18,37,39,14,18,37,4,3,0,NA,0,0,0,0,0,0,89,53
"6084",0,0,0,0,0,0,0,0,0,0,0,0,0,0,0,0,0,0,0,0,0
"6085",1,1,5,6,1,1,1,1,1,3,4,5,3,5,0,4,5,2,1,4,5
"6086",2,1,8,12,2,1,5,6,1,3,0,0,5,6,2,3,6,2,1,7,12
"6087",3,1,13,12,4,1,8,12,2,5,2,0,2,0,0,5,2,2,2,12,14
"6088",4,1,16,12,5,1,13,12,4,1,3,2,1,2,0,3,1,2,2,15,15
"6089",5,1,18,14,5,1,16,12,5,2,0,0,1,6,2,2,2,2,1,17,17
"6090",6,7,19,15,5,1,18,14,5,1,6,0,1,0,0,6,1,1,1,24,18
"6091",7,12,19,26,5,7,19,15,5,1,6,5,1,6,0,5,6,1,1,29,29
"6092",8,13,19,29,5,12,19,26,5,1,0,0,3,2,2,1,3,1,1,30,32
"6093",9,15,19,31,5,13,19,29,5,2,2,0,2,0,0,2,2,1,1,32,34
"6094",10,22,19,35,5,15,19,31,5,4,6,2,4,2,0,6,4,1,1,39,38
"6095",11,24,19,35,10,22,19,35,5,2,0,0,2,5,1,2,5,1,2,41,43
"6096",12,24,19,35,10,24,19,35,10,2,1,0,NA,0,0,0,0,0,0,41,43
"6097",0,0,0,0,0,0,0,0,0,0,0,0,0,0,0,0,0,0,0,0,0
"6098",1,6,1,1,5,1,1,1,1,5,2,4,2,4,0,5,4,1,2,5,4
"6099",2,8,1,3,5,6,1,1,5,2,0,0,5,3,2,2,2,1,1,7,6
"6100",3,13,1,3,8,8,1,3,5,5,3,0,3,0,0,5,3,1,2,12,9
"6101",4,13,4,4,20,13,1,3,8,6,3,6,6,6,0,3,6,2,2,15,22
"6102",5,21,4,4,24,13,4,4,20,6,0,0,3,6,4,6,4,1,2,23,26
"6103",6,24,10,1,27,21,4,4,24,3,6,0,3,0,0,6,3,2,2,32,26
"6104",7,28,10,4,27,24,10,1,27,4,3,1,3,1,0,4,3,1,1,36,29
"6105",8,29,10,8,27,28,10,4,27,1,0,0,4,2,6,1,4,1,1,37,33
"6106",9,35,13,8,29,29,10,8,27,2,6,0,2,0,0,6,2,1,2,46,35
"6107",10,35,18,8,31,35,13,8,29,5,2,2,2,2,0,5,2,2,2,51,37
"6108",11,37,18,8,35,35,18,8,31,2,0,0,6,3,4,2,4,1,2,53,41
"6109",12,37,18,8,35,37,18,8,35,6,3,0,NA,0,0,0,0,0,0,53,41
"6110",0,0,0,0,0,0,0,0,0,0,0,0,0,0,0,0,0,0,0,0,0
"6111",1,1,4,1,5,1,1,1,1,3,3,4,3,4,0,3,4,2,2,3,4
"6112",2,4,4,3,5,1,4,1,5,3,0,0,2,1,2,3,2,1,1,6,6
"6113",3,4,6,4,5,4,4,3,5,1,2,0,1,0,0,2,1,2,1,8,7
"6114",4,4,9,6,5,4,6,4,5,2,2,3,2,2,0,3,2,2,1,11,9
"6115",5,6,9,12,10,4,9,6,5,2,0,0,2,6,4,2,6,1,1,13,20
"6116",6,6,13,14,10,6,9,12,10,2,4,0,2,0,0,4,2,2,1,17,22
"6117",7,6,17,14,15,6,13,14,10,1,5,4,1,5,0,4,5,2,2,21,27
"6118",8,6,18,17,15,6,17,14,15,1,0,0,1,3,4,1,3,2,1,22,30
"6119",9,10,18,17,16,6,18,17,15,1,4,0,1,0,0,4,1,1,2,26,31
"6120",10,10,22,25,22,10,18,17,16,4,6,1,6,1,0,4,6,2,2,30,45
"6121",11,11,22,31,25,10,22,25,22,1,0,0,6,1,1,1,6,1,1,31,54
"6122",12,11,22,31,25,11,22,31,25,1,1,0,NA,0,0,0,0,0,0,31,54
"6123",0,0,0,0,0,0,0,0,0,0,0,0,0,0,0,0,0,0,0,0,0
"6124",1,1,8,6,1,1,1,1,1,2,6,5,2,5,0,6,5,2,1,7,5
"6125",2,1,10,12,6,1,8,6,1,2,0,0,6,2,5,2,6,2,1,9,16
"6126",3,1,15,12,8,1,10,12,6,2,5,0,2,0,0,5,2,2,2,14,18
"6127",4,1,17,14,8,1,15,12,8,2,2,2,2,2,0,2,2,2,1,16,20
"6128",5,1,19,14,10,1,17,14,8,2,0,0,2,1,2,2,2,2,2,18,22
"6129",6,1,20,14,12,1,19,14,10,1,2,0,2,0,0,1,2,2,2,19,24
"6130",7,1,25,17,12,1,20,14,12,3,5,2,3,2,0,5,3,2,1,24,27
"6131",8,1,27,17,17,1,25,17,12,2,0,0,1,5,1,2,5,2,2,26,32
"6132",9,1,28,17,18,1,27,17,17,1,1,0,1,0,0,1,1,2,2,27,33
"6133",10,1,33,23,19,1,28,17,18,5,6,2,6,2,0,5,6,2,1,32,40
"6134",11,3,33,26,19,1,33,23,19,2,0,0,3,3,2,2,3,1,1,34,43
"6135",12,3,33,26,19,3,33,26,19,3,2,0,NA,0,0,0,0,0,0,34,43
"6136",0,0,0,0,0,0,0,0,0,0,0,0,0,0,0,0,0,0,0,0,0
"6137",1,6,1,7,6,1,1,1,1,1,5,6,1,6,0,5,6,1,1,5,11
"6138",2,7,1,11,6,6,1,7,6,1,0,0,3,3,4,1,4,1,1,6,15
"6139",3,10,1,11,9,7,1,11,6,3,3,0,3,0,0,3,3,1,2,9,18
"6140",4,13,1,17,15,10,1,11,9,6,3,2,6,2,0,3,6,1,1,12,30
"6141",5,13,3,17,18,13,1,17,15,2,0,0,3,3,1,2,3,2,2,14,33
"6142",6,16,3,17,19,13,3,17,18,3,1,0,1,0,0,3,1,1,2,17,34
"6143",7,16,5,17,21,16,3,17,19,1,2,2,1,2,0,2,2,2,2,19,36
"6144",8,16,6,17,22,16,5,17,21,1,0,0,1,5,4,1,1,2,2,20,37
"6145",9,21,6,21,22,16,6,17,22,5,4,0,4,0,0,5,4,1,1,25,41
"6146",10,23,6,21,25,21,6,21,22,2,3,3,3,3,0,2,3,1,2,27,44
"6147",11,26,6,23,25,23,6,21,25,3,0,0,2,2,3,3,2,1,1,30,46
"6148",12,26,6,23,25,26,6,23,25,2,3,0,NA,0,0,0,0,0,0,30,46
"6149",0,0,0,0,0,0,0,0,0,0,0,0,0,0,0,0,0,0,0,0,0
"6150",1,2,7,1,4,1,1,1,1,3,6,2,3,2,0,6,3,2,2,7,3
"6151",2,4,7,1,9,2,7,1,4,2,0,0,5,3,1,2,5,1,2,9,8
"6152",3,4,10,1,10,4,7,1,9,3,1,0,1,0,0,3,1,2,2,12,9
"6153",4,13,16,2,10,4,10,1,10,1,1,6,1,1,0,6,1,2,1,27,10
"6154",5,14,16,2,12,13,16,2,10,1,0,0,3,2,3,1,2,1,2,28,12
"6155",6,17,16,2,15,14,16,2,12,3,3,0,3,0,0,3,3,1,2,31,15
"6156",7,19,16,2,19,17,16,2,15,4,1,2,4,1,0,2,4,1,2,33,19
"6157",8,1,16,6,24,19,16,2,19,1,0,0,4,5,6,1,5,1,1,15,28
"6158",9,7,20,10,24,1,16,6,24,4,6,0,4,0,0,6,4,1,1,25,32
"6159",10,7,22,12,24,7,20,10,24,2,2,2,2,2,0,2,2,2,1,27,34
"6160",11,7,24,13,24,7,22,12,24,2,0,0,1,4,5,2,1,2,1,29,35
"6161",12,7,24,13,24,7,24,13,24,4,5,0,NA,0,0,0,0,0,0,29,35
"6162",0,0,0,0,0,0,0,0,0,0,0,0,0,0,0,0,0,0,0,0,0
"6163",1,6,1,6,1,1,1,1,1,2,5,5,2,5,0,5,5,1,1,5,5
"6164",2,8,1,6,3,6,1,6,1,2,0,0,2,4,2,2,2,1,2,7,7
"6165",3,12,1,8,3,8,1,6,3,4,2,0,2,0,0,4,2,1,1,11,9
"6166",4,12,3,13,3,12,1,8,3,5,2,1,5,1,0,2,5,2,1,13,14
"6167",5,12,4,15,3,12,3,13,3,1,0,0,3,2,5,1,2,2,1,14,16
"6168",6,12,7,15,8,12,4,15,3,3,5,0,5,0,0,3,5,2,2,17,21
"6169",7,20,13,19,8,12,7,15,8,3,6,4,3,4,0,6,4,2,1,31,25
"6170",8,23,13,19,13,20,13,19,8,3,0,0,3,3,5,3,5,1,2,34,30
"6171",9,26,13,22,13,23,13,19,13,3,3,0,3,0,0,3,3,1,1,37,33
"6172",10,35,13,34,5,26,13,22,13,6,6,5,6,6,0,5,6,1,1,46,37
"6173",11,35,30,34,9,35,13,34,5,6,0,0,4,5,2,6,4,2,2,63,41
"6174",12,35,30,34,9,35,30,34,9,5,2,0,NA,0,0,0,0,0,0,63,41
"6175",0,0,0,0,0,0,0,0,0,0,0,0,0,0,0,0,0,0,0,0,0
"6176",1,1,5,1,8,1,1,1,1,3,4,6,3,6,0,4,6,2,2,4,7
"6177",2,4,5,6,8,1,5,1,8,3,0,0,5,5,6,3,5,1,1,7,12
"6178",3,18,5,11,8,4,5,6,8,5,6,0,5,0,0,6,5,1,1,21,17
"6179",4,23,5,15,8,18,5,11,8,4,5,4,4,4,0,5,4,1,1,26,21
"6180",5,23,9,20,8,23,5,15,8,4,0,0,3,5,3,4,5,2,1,30,26
"6181",6,29,9,23,1,23,9,20,8,3,3,0,3,0,0,3,3,1,1,36,22
"6182",7,29,14,28,1,29,9,23,1,5,2,5,2,5,0,5,5,2,1,41,27
"6183",8,31,14,28,6,29,14,28,1,2,0,0,5,6,1,2,5,1,2,43,32
"6184",9,37,17,28,7,31,14,28,6,6,1,0,1,0,0,6,1,1,2,52,33
"6185",10,37,20,28,11,37,17,28,7,3,4,3,4,3,0,3,4,2,2,55,37
"6186",11,37,23,29,11,37,20,28,11,3,0,0,1,6,1,3,1,2,1,58,38
"6187",12,37,23,29,11,37,23,29,11,6,1,0,NA,0,0,0,0,0,0,58,38
"6188",0,0,0,0,0,0,0,0,0,0,0,0,0,0,0,0,0,0,0,0,0
"6189",1,1,8,13,5,1,1,1,1,6,6,4,6,4,0,6,6,2,1,7,16
"6190",2,5,8,13,9,1,8,13,5,4,0,0,4,3,1,4,4,1,2,11,20
"6191",3,8,8,14,9,5,8,13,9,3,1,0,1,0,0,3,1,1,1,14,21
"6192",4,14,16,18,15,8,8,14,9,3,6,6,3,6,0,6,6,2,2,28,31
"6193",5,14,19,18,25,14,16,18,15,3,0,0,2,3,6,3,6,2,2,31,41
"6194",6,17,19,20,25,14,19,18,25,2,3,0,2,0,0,3,2,1,1,34,43
"6195",7,17,24,20,30,17,19,20,25,3,5,5,3,5,0,5,5,2,2,39,48
"6196",8,20,24,24,30,17,24,20,30,3,0,0,2,4,4,3,4,1,1,42,52
"6197",9,20,28,24,32,20,24,24,30,2,4,0,2,0,0,4,2,2,2,46,54
"6198",10,20,32,34,38,20,28,24,32,4,6,2,6,2,0,4,6,2,1,50,70
"6199",11,22,32,38,38,20,32,34,38,2,0,0,4,3,2,2,4,1,1,52,74
"6200",12,22,32,38,38,22,32,38,38,3,2,0,NA,0,0,0,0,0,0,52,74
"6201",0,0,0,0,0,0,0,0,0,0,0,0,0,0,0,0,0,0,0,0,0
"6202",1,1,2,6,1,1,1,1,1,5,3,1,5,3,0,1,5,2,1,1,5
"6203",2,1,5,6,3,1,2,6,1,3,0,0,1,2,2,3,2,2,2,4,7
"6204",3,3,5,7,3,1,5,6,3,1,2,0,1,0,0,2,1,1,1,6,8
"6205",4,3,10,7,8,3,5,7,3,1,5,5,1,5,0,5,5,2,2,11,13
"6206",5,3,11,9,8,3,10,7,8,1,0,0,1,2,1,1,2,2,1,12,15
"6207",6,4,11,10,8,3,11,9,8,1,1,0,1,0,0,1,1,1,1,13,16
"6208",7,9,11,12,8,4,11,10,8,2,1,5,2,1,0,5,2,1,1,18,18
"6209",8,10,11,15,8,9,11,12,8,1,0,0,1,2,3,1,3,1,1,19,21
"6210",9,12,11,15,9,10,11,15,8,1,2,0,1,0,0,2,1,1,2,21,22
"6211",10,16,11,20,9,12,11,15,9,4,5,3,5,3,0,4,5,1,1,25,27
"6212",11,19,11,25,9,16,11,20,9,3,0,0,2,3,5,3,5,1,1,28,32
"6213",12,19,11,25,9,19,11,25,9,2,3,0,NA,0,0,0,0,0,0,28,32
"6214",0,0,0,0,0,0,0,0,0,0,0,0,0,0,0,0,0,0,0,0,0
"6215",1,6,1,10,1,1,1,1,1,6,5,2,6,2,0,5,6,1,1,5,9
"6216",2,8,1,10,4,6,1,10,1,2,0,0,4,3,1,2,3,1,2,7,12
"6217",3,12,1,11,4,8,1,10,4,4,1,0,1,0,0,4,1,1,1,11,13
"6218",4,14,1,13,4,12,1,11,4,2,1,2,1,2,0,2,2,1,1,13,15
"6219",5,15,1,16,10,14,1,13,4,1,0,0,1,2,6,1,6,1,2,14,24
"6220",6,17,1,17,10,15,1,16,10,1,2,0,1,0,0,2,1,1,1,16,25
"6221",7,26,1,17,14,17,1,17,10,6,1,4,1,4,0,6,4,1,2,25,29
"6222",8,26,2,17,18,26,1,17,14,1,0,0,4,4,2,1,4,2,2,26,33
"6223",9,26,6,17,20,26,2,17,18,4,2,0,2,0,0,4,2,2,2,30,35
"6224",10,29,6,22,20,26,6,17,20,1,3,5,1,5,0,3,5,1,1,33,40
"6225",11,29,7,24,20,29,6,22,20,1,0,0,2,1,4,1,2,2,1,34,42
"6226",12,29,7,24,20,29,7,24,20,1,4,0,NA,0,0,0,0,0,0,34,42
"6227",0,0,0,0,0,0,0,0,0,0,0,0,0,0,0,0,0,0,0,0,0
"6228",1,6,1,1,3,1,1,1,1,5,2,2,2,2,0,5,2,1,2,5,2
"6229",2,8,1,12,3,6,1,1,3,2,0,0,6,6,2,2,6,1,1,7,13
"6230",3,1,2,13,3,8,1,12,3,6,2,0,2,0,0,6,2,1,2,1,14
"6231",4,1,3,13,8,1,2,13,3,2,1,5,2,5,0,1,5,2,2,2,19
"6232",5,1,5,13,18,1,3,13,8,2,0,0,5,1,6,2,6,2,2,4,29
"6233",6,1,6,18,18,1,5,13,18,5,1,0,5,0,0,1,5,2,1,5,34
"6234",7,1,8,18,21,1,6,18,18,6,2,3,6,3,0,2,3,2,2,7,37
"6235",8,1,17,22,27,1,8,18,21,6,0,0,6,6,5,6,6,2,2,16,47
"6236",9,6,17,27,39,1,17,22,27,6,5,0,6,0,0,5,6,1,2,21,102
"6237",10,11,17,37,39,6,17,27,39,5,6,1,6,1,0,5,6,1,1,26,112
"6238",11,12,17,38,39,11,17,37,39,1,0,0,6,1,6,1,1,1,1,27,113
"6239",12,12,17,38,39,12,17,38,39,6,6,0,NA,0,0,0,0,0,0,27,113
"6240",0,0,0,0,0,0,0,0,0,0,0,0,0,0,0,0,0,0,0,0,0
"6241",1,4,1,12,1,1,1,1,1,3,6,6,6,6,0,3,6,1,1,3,11
"6242",2,4,10,23,1,4,1,12,1,6,0,0,4,6,4,6,6,2,1,12,22
"6243",3,4,14,27,1,4,10,23,1,4,4,0,4,0,0,4,4,2,1,16,26
"6244",4,7,14,33,2,4,14,27,1,6,3,3,6,3,0,3,6,1,1,19,33
"6245",5,10,14,37,2,7,14,33,2,3,0,0,4,4,3,3,4,1,1,22,37
"6246",6,10,18,37,5,10,14,37,2,4,3,0,3,0,0,4,3,2,2,26,40
"6247",7,10,19,37,6,10,18,37,5,1,1,1,1,1,0,1,1,2,2,27,41
"6248",8,10,20,37,14,10,19,37,6,1,0,0,4,4,6,1,6,2,2,28,49
"6249",9,14,20,37,18,10,20,37,14,4,4,0,4,0,0,4,4,1,2,32,53
"6250",10,18,20,37,29,14,20,37,18,4,6,4,6,4,0,4,6,1,2,36,64
"6251",11,22,20,42,35,18,20,37,29,4,0,0,6,1,3,4,6,1,2,40,75
"6252",12,22,20,42,35,22,20,42,35,1,3,0,NA,0,0,0,0,0,0,40,75
"6253",0,0,0,0,0,0,0,0,0,0,0,0,0,0,0,0,0,0,0,0,0
"6254",1,5,1,4,1,1,1,1,1,3,2,4,3,2,0,4,3,1,1,4,3
"6255",2,7,1,10,2,5,1,4,1,2,0,0,3,6,3,2,6,1,1,6,10
"6256",3,7,4,10,5,7,1,10,2,3,3,0,3,0,0,3,3,2,2,9,13
"6257",4,12,4,10,9,7,4,10,5,4,5,4,4,4,0,5,4,1,2,14,17
"6258",5,12,8,10,12,12,4,10,9,4,0,0,3,1,3,4,3,2,2,18,20
"6259",6,12,11,10,13,12,8,10,12,1,3,0,1,0,0,3,1,2,2,21,21
"6260",7,12,15,10,18,12,11,10,13,3,5,4,3,5,0,4,5,2,2,25,26
"6261",8,12,18,10,23,12,15,10,18,3,0,0,5,1,2,3,5,2,2,28,31
"6262",9,14,18,11,23,12,18,10,23,1,2,0,1,0,0,2,1,1,1,30,32
"6263",10,18,18,11,24,14,18,11,23,1,1,4,1,1,0,4,1,1,2,34,33
"6264",11,19,18,14,24,18,18,11,24,1,0,0,2,3,2,1,3,1,1,35,36
"6265",12,19,18,14,24,19,18,14,24,2,2,0,NA,0,0,0,0,0,0,35,36
"6266",0,0,0,0,0,0,0,0,0,0,0,0,0,0,0,0,0,0,0,0,0
"6267",1,1,5,6,1,1,1,1,1,4,3,5,3,5,0,4,5,2,1,4,5
"6268",2,1,8,8,1,1,5,6,1,3,0,0,2,2,1,3,2,2,1,7,7
"6269",3,1,9,10,1,1,8,8,1,2,1,0,2,0,0,1,2,2,1,8,9
"6270",4,1,11,10,4,1,9,10,1,3,2,2,3,2,0,2,3,2,2,10,12
"6271",5,1,13,15,4,1,11,10,4,2,0,0,2,5,1,2,5,2,1,12,17
"6272",6,2,13,17,4,1,13,15,4,2,1,0,2,0,0,1,2,1,1,13,19
"6273",7,3,13,17,6,2,13,17,4,1,2,2,2,2,0,1,2,1,2,14,21
"6274",8,3,15,17,11,3,13,17,6,2,0,0,2,5,5,2,5,2,2,16,26
"6275",9,3,20,17,13,3,15,17,11,2,5,0,2,0,0,5,2,2,2,21,28
"6276",10,3,25,23,15,3,20,17,13,5,6,5,6,5,0,5,6,2,1,26,36
"6277",11,3,30,23,20,3,25,23,15,5,0,0,5,1,3,5,5,2,2,31,41
"6278",12,3,30,23,20,3,30,23,20,1,3,0,NA,0,0,0,0,0,0,31,41
"6279",0,0,0,0,0,0,0,0,0,0,0,0,0,0,0,0,0,0,0,0,0
"6280",1,6,1,5,1,1,1,1,1,4,2,5,4,2,0,5,4,1,1,5,4
"6281",2,8,1,5,6,6,1,5,1,2,0,0,1,3,5,2,5,1,2,7,9
"6282",3,8,4,5,7,8,1,5,6,1,3,0,1,0,0,3,1,2,2,10,10
"6283",4,8,9,5,9,8,4,5,7,2,2,5,2,2,0,5,2,2,2,15,12
"6284",5,10,9,11,18,8,9,5,9,2,0,0,1,6,6,2,6,1,1,17,27
"6285",6,16,13,12,18,10,9,11,18,1,6,0,1,0,0,6,1,1,1,27,28
"6286",7,20,13,16,18,16,13,12,18,4,2,4,2,4,0,4,4,1,1,31,32
"6287",8,22,13,16,20,20,13,16,18,2,0,0,2,1,2,2,2,1,2,33,34
"6288",9,22,15,17,20,22,13,16,20,1,2,0,1,0,0,2,1,2,1,35,35
"6289",10,27,15,20,20,22,15,17,20,5,1,3,1,3,0,5,3,1,1,40,38
"6290",11,27,16,22,20,27,15,20,20,1,0,0,2,1,1,1,2,2,1,41,40
"6291",12,27,16,22,20,27,16,22,20,1,1,0,NA,0,0,0,0,0,0,41,40
"6292",0,0,0,0,0,0,0,0,0,0,0,0,0,0,0,0,0,0,0,0,0
"6293",1,1,6,6,1,1,1,1,1,5,5,3,5,3,0,5,5,2,1,5,5
"6294",2,1,9,6,5,1,6,6,1,3,0,0,1,2,4,3,4,2,2,8,9
"6295",3,3,9,6,6,1,9,6,5,1,2,0,1,0,0,2,1,1,2,10,10
"6296",4,4,9,7,6,3,9,6,6,1,1,1,1,1,0,1,1,1,1,11,11
"6297",5,4,10,11,6,4,9,7,6,1,0,0,4,4,3,1,4,2,1,12,15
"6298",6,7,10,15,6,4,10,11,6,4,3,0,4,0,0,3,4,1,1,15,19
"6299",7,7,13,15,8,7,10,15,6,3,1,2,1,2,0,3,2,2,2,18,21
"6300",8,7,14,19,14,7,13,15,8,1,0,0,6,2,1,1,6,2,2,19,31
"6301",9,7,16,19,15,7,14,19,14,2,1,0,1,0,0,2,1,2,2,21,32
"6302",10,12,16,23,15,7,16,19,15,1,4,5,1,4,0,5,4,1,1,26,36
"6303",11,12,17,25,15,12,16,23,15,1,0,0,2,5,2,1,2,2,1,27,38
"6304",12,12,17,25,15,12,17,25,15,5,2,0,NA,0,0,0,0,0,0,27,38
"6305",0,0,0,0,0,0,0,0,0,0,0,0,0,0,0,0,0,0,0,0,0
"6306",1,1,6,4,1,1,1,1,1,5,1,3,1,3,0,5,3,2,1,5,3
"6307",2,1,7,7,1,1,6,4,1,1,0,0,3,5,3,1,3,2,1,6,6
"6308",3,6,7,7,4,1,7,7,1,5,3,0,3,0,0,5,3,1,2,11,9
"6309",4,11,7,7,9,6,7,7,4,5,5,1,5,1,0,5,5,1,2,16,14
"6310",5,11,8,11,15,11,7,7,9,1,0,0,4,6,3,1,6,2,2,17,24
"6311",6,15,8,14,15,11,8,11,15,4,3,0,3,0,0,4,3,1,1,21,27
"6312",7,19,8,17,15,15,8,14,15,1,3,4,1,3,0,4,3,1,1,25,30
"6313",8,20,8,21,15,19,8,17,15,1,0,0,2,4,2,1,4,1,1,26,34
"6314",9,20,10,23,15,20,8,21,15,2,2,0,2,0,0,2,2,2,1,28,36
"6315",10,24,10,23,19,20,10,23,15,4,1,4,1,4,0,4,4,1,2,32,40
"6316",11,25,10,25,19,24,10,23,19,1,0,0,2,4,3,1,2,1,1,33,42
"6317",12,25,10,25,19,25,10,25,19,4,3,0,NA,0,0,0,0,0,0,33,42
"6318",0,0,0,0,0,0,0,0,0,0,0,0,0,0,0,0,0,0,0,0,0
"6319",1,6,1,1,5,1,1,1,1,5,4,2,4,2,0,5,4,1,2,5,4
"6320",2,8,1,5,5,6,1,1,5,2,0,0,4,4,2,2,4,1,1,7,8
"6321",3,12,1,5,7,8,1,5,5,4,2,0,2,0,0,4,2,1,2,11,10
"6322",4,14,7,5,12,12,1,5,7,6,1,5,1,5,0,6,5,2,2,19,15
"6323",5,15,7,7,12,14,7,5,12,1,0,0,2,1,4,1,2,1,1,20,17
"6324",6,15,11,7,13,15,7,7,12,1,4,0,1,0,0,4,1,2,2,24,18
"6325",7,21,16,7,15,15,11,7,13,2,6,1,2,1,0,6,2,1,2,35,20
"6326",8,21,17,7,18,21,16,7,15,1,0,0,3,2,2,1,3,2,2,36,23
"6327",9,23,17,7,20,21,17,7,18,2,2,0,2,0,0,2,2,1,2,38,25
"6328",10,26,17,7,31,23,17,7,20,6,5,3,6,5,0,3,6,1,2,41,36
"6329",11,26,22,7,36,26,17,7,31,5,0,0,4,5,3,5,5,2,2,46,41
"6330",12,26,22,7,36,26,22,7,36,4,3,0,NA,0,0,0,0,0,0,46,41
"6331",0,0,0,0,0,0,0,0,0,0,0,0,0,0,0,0,0,0,0,0,0
"6332",1,1,4,2,1,1,1,1,1,1,3,3,1,3,0,3,1,2,1,3,1
"6333",2,4,4,4,1,1,4,2,1,3,0,0,1,2,3,3,2,1,1,6,3
"6334",3,4,7,4,2,4,4,4,1,1,3,0,1,0,0,3,1,2,2,9,4
"6335",4,4,11,4,5,4,7,4,2,2,4,3,2,3,0,4,3,2,2,13,7
"6336",5,4,13,10,6,4,11,4,5,2,0,0,6,5,6,2,6,2,1,15,14
"6337",6,16,15,15,6,4,13,10,6,5,6,0,5,0,0,6,5,1,1,29,19
"6338",7,18,21,15,9,16,15,15,6,6,2,3,2,3,0,6,3,2,2,37,22
"6339",8,20,21,23,9,18,21,15,9,2,0,0,6,2,6,2,6,1,1,39,30
"6340",9,29,27,23,3,20,21,23,9,2,6,0,2,0,0,6,2,2,2,54,24
"6341",10,29,29,23,6,29,27,23,3,2,3,1,3,1,0,2,3,2,2,56,27
"6342",11,1,29,25,12,29,29,23,6,1,0,0,3,6,2,1,6,1,2,28,35
"6343",12,1,29,25,12,1,29,25,12,3,2,0,NA,0,0,0,0,0,0,28,35
"6344",0,0,0,0,0,0,0,0,0,0,0,0,0,0,0,0,0,0,0,0,0
"6345",1,1,4,7,12,1,1,1,1,1,3,6,1,6,0,3,6,2,2,3,17
"6346",2,1,5,12,12,1,4,7,12,1,0,0,4,5,5,1,5,2,1,4,22
"6347",3,1,9,12,17,1,5,12,12,4,5,0,5,0,0,4,5,2,2,8,27
"6348",4,4,9,17,17,1,9,12,17,5,3,5,5,5,0,3,5,1,1,11,32
"6349",5,9,9,23,20,4,9,17,17,5,0,0,3,2,6,5,6,1,1,16,41
"6350",6,9,11,23,23,9,9,23,20,3,2,0,3,0,0,2,3,2,2,18,44
"6351",7,9,12,24,23,9,11,23,23,1,5,1,5,1,0,1,1,2,1,19,45
"6352",8,9,17,28,29,9,12,24,23,5,0,0,3,6,6,5,6,2,2,24,55
"6353",9,9,26,31,29,9,17,28,29,3,6,0,3,0,0,6,3,2,1,33,58
"6354",10,1,26,7,34,9,26,31,29,6,3,4,6,3,0,4,3,1,2,25,39
"6355",11,4,32,15,34,1,26,7,34,6,0,0,6,1,2,6,6,2,1,34,47
"6356",12,4,32,15,34,4,32,15,34,1,2,0,NA,0,0,0,0,0,0,34,47
"6357",0,0,0,0,0,0,0,0,0,0,0,0,0,0,0,0,0,0,0,0,0
"6358",1,1,3,6,1,1,1,1,1,2,4,5,4,5,0,2,5,2,1,2,5
"6359",2,5,3,10,7,1,3,6,1,4,0,0,5,6,3,4,6,1,2,6,15
"6360",3,5,8,10,10,5,3,10,7,5,3,0,3,0,0,5,3,2,2,11,18
"6361",4,16,8,10,12,5,8,10,10,2,6,2,2,2,0,6,2,1,2,22,20
"6362",5,18,8,10,17,16,8,10,12,2,0,0,1,5,1,2,5,1,2,24,25
"6363",6,18,9,11,17,18,8,10,17,1,1,0,1,0,0,1,1,2,1,25,26
"6364",7,19,9,14,17,18,9,11,17,1,3,1,3,1,0,1,3,1,1,26,29
"6365",8,20,9,18,17,19,9,14,17,1,0,0,4,2,3,1,4,1,1,27,33
"6366",9,20,12,18,19,20,9,18,17,2,3,0,2,0,0,3,2,2,2,30,35
"6367",10,25,12,19,19,20,12,18,19,5,1,1,1,1,0,5,1,1,1,35,36
"6368",11,26,12,23,19,25,12,19,19,1,0,0,2,4,2,1,4,1,1,36,40
"6369",12,26,12,23,19,26,12,23,19,2,2,0,NA,0,0,0,0,0,0,36,40
"6370",0,0,0,0,0,0,0,0,0,0,0,0,0,0,0,0,0,0,0,0,0
"6371",1,1,8,4,1,1,1,1,1,3,1,6,3,1,0,6,3,2,1,7,3
"6372",2,1,9,12,1,1,8,4,1,1,0,0,1,1,6,1,6,2,1,8,11
"6373",3,2,9,12,2,1,9,12,1,1,1,0,1,0,0,1,1,1,2,9,12
"6374",4,7,9,15,2,2,9,12,2,3,5,1,3,1,0,5,3,1,1,14,15
"6375",5,7,10,20,2,7,9,15,2,1,0,0,2,1,5,1,5,2,1,15,20
"6376",6,9,10,20,3,7,10,20,2,2,1,0,1,0,0,2,1,1,2,17,21
"6377",7,9,13,25,3,9,10,20,3,3,5,3,5,3,0,3,5,2,1,20,26
"6378",8,12,13,25,7,9,13,25,3,3,0,0,2,1,4,3,4,1,2,23,30
"6379",9,14,13,26,7,12,13,25,7,2,1,0,1,0,0,2,1,1,1,25,31
"6380",10,18,13,26,10,14,13,26,7,1,3,4,1,3,0,4,3,1,2,29,34
"6381",11,18,1,38,13,18,13,26,10,1,0,0,5,6,5,1,6,2,1,17,49
"6382",12,18,1,38,13,18,1,38,13,5,5,0,NA,0,0,0,0,0,0,17,49
"6383",0,0,0,0,0,0,0,0,0,0,0,0,0,0,0,0,0,0,0,0,0
"6384",1,5,1,2,1,1,1,1,1,1,2,4,1,2,0,4,1,1,1,4,1
"6385",2,7,1,6,1,5,1,2,1,2,0,0,4,4,2,2,4,1,1,6,5
"6386",3,7,5,8,1,7,1,6,1,4,2,0,2,0,0,4,2,2,1,10,7
"6387",4,9,11,8,3,7,5,8,1,6,2,2,2,2,0,6,2,2,2,18,9
"6388",5,9,13,12,3,9,11,8,3,2,0,0,6,4,3,2,4,2,1,20,13
"6389",6,18,13,15,3,9,13,12,3,6,3,0,3,0,0,6,3,1,1,29,16
"6390",7,24,19,16,3,18,13,15,3,6,1,1,1,1,0,6,1,2,1,41,17
"6391",8,1,20,20,18,24,19,16,3,1,0,0,3,5,1,1,3,2,2,19,36
"6392",9,2,1,10,18,1,20,20,18,5,1,0,5,0,0,1,5,1,1,1,26
"6393",10,2,5,14,18,2,1,10,18,6,4,4,6,4,0,4,4,2,1,5,30
"6394",11,12,5,15,18,2,5,14,18,6,0,0,1,3,4,6,1,1,1,15,31
"6395",12,12,5,15,18,12,5,15,18,3,4,0,NA,0,0,0,0,0,0,15,31
"6396",0,0,0,0,0,0,0,0,0,0,0,0,0,0,0,0,0,0,0,0,0
"6397",1,1,6,1,5,1,1,1,1,4,1,5,4,1,0,5,4,2,2,5,4
"6398",2,1,7,4,5,1,6,1,5,1,0,0,4,1,3,1,3,2,1,6,7
"6399",3,5,7,4,6,1,7,4,5,4,1,0,1,0,0,4,1,1,2,10,8
"6400",4,13,7,7,6,5,7,4,6,6,3,1,3,1,0,6,3,1,1,18,11
"6401",5,14,7,7,14,13,7,7,6,1,0,0,6,2,3,1,6,1,2,19,19
"6402",6,17,7,7,16,14,7,7,14,2,3,0,2,0,0,3,2,1,2,22,21
"6403",7,21,7,10,16,17,7,7,16,4,3,1,3,1,0,4,3,1,1,26,24
"6404",8,22,7,13,16,21,7,10,16,1,0,0,3,1,3,1,3,1,1,27,27
"6405",9,25,7,14,16,22,7,13,16,1,3,0,1,0,0,3,1,1,1,30,28
"6406",10,25,12,14,21,25,7,14,16,5,4,5,4,5,0,5,5,2,2,35,33
"6407",11,29,12,14,24,25,12,14,21,4,0,0,1,3,4,4,3,1,2,39,36
"6408",12,29,12,14,24,29,12,14,24,1,4,0,NA,0,0,0,0,0,0,39,36
"6409",0,0,0,0,0,0,0,0,0,0,0,0,0,0,0,0,0,0,0,0,0
"6410",1,5,1,1,6,1,1,1,1,3,5,4,3,5,0,4,5,1,2,4,5
"6411",2,5,4,1,11,5,1,1,6,3,0,0,5,2,1,3,5,2,2,7,10
"6412",3,5,6,2,11,5,4,1,11,2,1,0,1,0,0,2,1,2,1,9,11
"6413",4,10,6,3,11,5,6,2,11,5,1,1,1,1,0,5,1,1,1,14,12
"6414",5,11,6,3,15,10,6,3,11,1,0,0,2,4,1,1,4,1,2,15,16
"6415",6,11,8,3,16,11,6,3,15,2,1,0,1,0,0,2,1,2,2,17,17
"6416",7,15,8,4,16,11,8,3,16,1,4,1,1,1,0,4,1,1,1,21,18
"6417",8,16,8,7,16,15,8,4,16,1,0,0,3,2,4,1,3,1,1,22,21
"6418",9,20,8,7,18,16,8,7,16,2,4,0,2,0,0,4,2,1,2,26,23
"6419",10,29,8,1,21,20,8,7,18,3,1,5,3,1,0,5,3,1,2,35,20
"6420",11,30,8,5,21,29,8,1,21,1,0,0,6,4,2,1,4,1,1,36,24
"6421",12,30,8,5,21,30,8,5,21,6,2,0,NA,0,0,0,0,0,0,36,24
"6422",0,0,0,0,0,0,0,0,0,0,0,0,0,0,0,0,0,0,0,0,0
"6423",1,4,1,6,1,1,1,1,1,3,2,5,2,5,0,3,5,1,1,3,5
"6424",2,6,1,9,7,4,1,6,1,2,0,0,1,6,2,2,6,1,2,5,14
"6425",3,8,1,9,8,6,1,9,7,1,2,0,1,0,0,2,1,1,2,7,15
"6426",4,8,3,10,8,8,1,9,8,1,2,2,1,2,0,2,1,2,1,9,16
"6427",5,10,3,14,8,8,3,10,8,2,0,0,2,4,3,2,4,1,1,11,20
"6428",6,13,3,14,10,10,3,14,8,2,3,0,2,0,0,3,2,1,2,14,22
"6429",7,17,3,15,10,13,3,14,10,1,1,4,1,1,0,4,1,1,1,18,23
"6430",8,17,4,15,12,17,3,15,10,1,0,0,1,1,2,1,2,2,2,19,25
"6431",9,18,4,16,12,17,4,15,12,1,1,0,1,0,0,1,1,1,1,20,26
"6432",10,23,4,16,15,18,4,16,12,3,5,2,3,2,0,5,3,1,2,25,29
"6433",11,25,4,18,15,23,4,16,15,2,0,0,2,4,4,2,2,1,1,27,31
"6434",12,25,4,18,15,25,4,18,15,4,4,0,NA,0,0,0,0,0,0,27,31
"6435",0,0,0,0,0,0,0,0,0,0,0,0,0,0,0,0,0,0,0,0,0
"6436",1,5,1,1,8,1,1,1,1,6,5,4,6,5,0,4,6,1,2,4,7
"6437",2,10,1,7,11,5,1,1,8,5,0,0,6,6,3,5,6,1,1,9,16
"6438",3,17,1,7,14,10,1,7,11,6,3,0,3,0,0,6,3,1,2,16,19
"6439",4,22,1,7,17,17,1,7,14,5,3,5,3,5,0,5,3,1,2,21,22
"6440",5,22,6,11,23,22,1,7,17,5,0,0,4,5,6,5,6,2,2,26,32
"6441",6,27,6,11,27,22,6,11,23,4,5,0,4,0,0,5,4,1,2,31,36
"6442",7,1,9,14,8,27,6,11,27,3,5,3,5,3,0,3,3,2,1,8,20
"6443",8,1,14,14,9,1,9,14,8,5,0,0,2,1,1,5,1,2,2,13,21
"6444",9,1,16,14,10,1,14,14,9,2,1,0,1,0,0,2,1,2,2,15,22
"6445",10,1,18,14,15,1,16,14,10,2,2,5,2,5,0,2,5,2,2,17,27
"6446",11,3,18,16,15,1,18,14,15,2,0,0,2,5,1,2,2,1,1,19,29
"6447",12,3,18,16,15,3,18,16,15,5,1,0,NA,0,0,0,0,0,0,19,29
"6448",0,0,0,0,0,0,0,0,0,0,0,0,0,0,0,0,0,0,0,0,0
"6449",1,7,5,1,5,1,1,1,1,4,2,6,4,2,0,6,4,1,2,10,4
"6450",2,9,5,1,8,7,5,1,5,2,0,0,3,1,2,2,3,1,2,12,7
"6451",3,9,6,3,8,9,5,1,8,1,2,0,2,0,0,1,2,2,1,13,9
"6452",4,14,6,3,13,9,6,3,8,5,5,5,5,5,0,5,5,1,2,18,14
"6453",5,19,6,3,18,14,6,3,13,5,0,0,1,5,3,5,5,1,2,23,19
"6454",6,19,9,4,18,19,6,3,18,1,3,0,1,0,0,3,1,2,1,26,20
"6455",7,19,14,4,22,19,9,4,18,5,4,3,4,3,0,5,4,2,2,31,24
"6456",8,32,14,3,22,19,14,4,22,3,0,0,2,2,3,3,2,1,1,44,23
"6457",9,34,14,3,25,32,14,3,22,2,3,0,3,0,0,2,3,1,2,46,26
"6458",10,37,14,5,25,34,14,3,25,2,3,2,2,2,0,3,2,1,1,49,28
"6459",11,39,16,13,25,37,14,5,25,2,0,0,6,6,1,2,6,1,1,91,36
"6460",12,39,16,13,25,39,16,13,25,6,1,0,NA,0,0,0,0,0,0,91,36
"6461",0,0,0,0,0,0,0,0,0,0,0,0,0,0,0,0,0,0,0,0,0
"6462",1,12,1,1,2,1,1,1,1,1,6,2,1,2,0,6,1,1,2,11,1
"6463",2,14,1,3,2,12,1,1,2,2,0,0,2,5,5,2,2,1,1,13,3
"6464",3,14,6,8,2,14,1,3,2,5,5,0,5,0,0,5,5,2,1,18,8
"6465",4,1,6,14,17,14,6,8,2,2,6,5,2,5,0,6,5,1,2,5,29
"6466",5,1,8,19,17,1,6,14,17,2,0,0,5,1,3,2,5,2,1,7,34
"6467",6,1,9,19,20,1,8,19,17,1,3,0,3,0,0,1,3,2,2,8,37
"6468",7,1,20,24,20,1,9,19,20,6,5,2,5,2,0,6,5,2,1,19,42
"6469",8,1,22,26,20,1,20,24,20,2,0,0,4,3,2,2,2,2,1,21,44
"6470",9,1,22,26,27,1,22,26,20,4,3,0,3,0,0,4,3,1,2,21,51
"6471",10,2,22,26,28,1,22,26,27,2,1,1,2,1,0,1,1,1,2,22,52
"6472",11,4,22,35,28,2,22,26,28,2,0,0,5,6,4,2,6,1,1,24,61
"6473",12,4,22,35,28,4,22,35,28,5,4,0,NA,0,0,0,0,0,0,24,61
"6474",0,0,0,0,0,0,0,0,0,0,0,0,0,0,0,0,0,0,0,0,0
"6475",1,5,7,6,1,1,1,1,1,6,5,3,5,3,0,6,5,2,1,10,5
"6476",2,5,10,9,1,5,7,6,1,3,0,0,1,5,3,3,3,2,1,13,8
"6477",3,10,10,10,1,5,10,9,1,1,5,0,1,0,0,5,1,1,1,18,9
"6478",4,10,14,15,1,10,10,10,1,4,5,3,5,3,0,4,5,2,1,22,14
"6479",5,10,17,20,1,10,14,15,1,3,0,0,4,5,2,3,5,2,1,25,19
"6480",6,12,17,24,1,10,17,20,1,4,2,0,4,0,0,2,4,1,1,27,23
"6481",7,14,29,30,6,12,17,24,1,6,2,6,2,6,0,6,6,2,1,41,34
"6482",8,14,31,36,9,14,29,30,6,2,0,0,3,6,6,2,6,2,1,43,43
"6483",9,21,37,39,10,14,31,36,9,3,6,0,3,0,0,6,3,2,1,56,85
"6484",10,25,37,39,15,21,37,39,10,4,5,4,5,4,0,4,5,1,2,60,90
"6485",11,29,37,39,16,25,37,39,15,4,0,0,3,1,4,4,1,1,2,64,91
"6486",12,29,37,39,16,29,37,39,16,3,4,0,NA,0,0,0,0,0,0,64,91
"6487",0,0,0,0,0,0,0,0,0,0,0,0,0,0,0,0,0,0,0,0,0
"6488",1,1,5,4,1,1,1,1,1,3,1,4,3,1,0,4,3,2,1,4,3
"6489",2,2,5,4,11,1,5,4,1,1,0,0,6,6,3,1,6,1,2,5,13
"6490",3,7,17,4,14,2,5,4,11,6,3,0,3,0,0,6,3,2,2,22,16
"6491",4,10,1,9,14,7,17,4,14,5,1,3,1,3,0,5,3,2,1,9,21
"6492",5,10,2,13,14,10,1,9,14,1,0,0,3,4,5,1,4,2,1,10,25
"6493",6,10,7,16,14,10,2,13,14,3,5,0,3,0,0,5,3,2,1,15,28
"6494",7,14,7,16,21,10,7,16,14,6,4,4,6,4,0,4,6,1,2,19,35
"6495",8,18,7,19,21,14,7,16,21,4,0,0,3,4,2,4,3,1,1,23,38
"6496",9,20,7,23,21,18,7,19,21,4,2,0,4,0,0,2,4,1,1,25,42
"6497",10,23,7,23,22,20,7,23,21,3,3,1,3,1,0,3,1,1,2,28,43
"6498",11,26,7,24,22,23,7,23,22,3,0,0,1,4,2,3,1,1,1,31,44
"6499",12,26,7,24,22,26,7,24,22,4,2,0,NA,0,0,0,0,0,0,31,44
"6500",0,0,0,0,0,0,0,0,0,0,0,0,0,0,0,0,0,0,0,0,0
"6501",1,2,1,1,4,1,1,1,1,1,1,3,1,3,0,1,3,1,2,1,3
"6502",2,3,1,1,8,2,1,1,4,1,0,0,1,4,4,1,4,1,2,2,7
"6503",3,3,5,1,9,3,1,1,8,1,4,0,1,0,0,4,1,2,2,6,8
"6504",4,12,5,1,13,3,5,1,9,2,6,4,2,4,0,6,4,1,2,15,12
"6505",5,14,5,1,17,12,5,1,13,2,0,0,4,4,5,2,4,1,2,17,16
"6506",6,14,10,5,17,14,5,1,17,4,5,0,4,0,0,5,4,2,1,22,20
"6507",7,14,14,5,20,14,10,5,17,4,3,2,3,2,0,4,3,2,2,26,23
"6508",8,16,14,5,25,14,14,5,20,2,0,0,4,4,5,2,5,1,2,28,28
"6509",9,20,14,5,29,16,14,5,25,4,4,0,4,0,0,4,4,1,2,32,32
"6510",10,21,14,5,31,20,14,5,29,1,1,2,1,2,0,1,2,1,2,33,34
"6511",11,22,14,9,37,21,14,5,31,1,0,0,4,6,6,1,6,1,2,34,44
"6512",12,22,14,9,37,22,14,9,37,4,6,0,NA,0,0,0,0,0,0,34,44
"6513",0,0,0,0,0,0,0,0,0,0,0,0,0,0,0,0,0,0,0,0,0
"6514",1,6,1,4,1,1,1,1,1,2,3,5,2,3,0,5,3,1,1,5,3
"6515",2,8,1,8,1,6,1,4,1,2,0,0,4,1,1,2,4,1,1,7,7
"6516",3,8,2,9,1,8,1,8,1,1,1,0,1,0,0,1,1,2,1,8,8
"6517",4,17,2,14,1,8,2,9,1,1,5,6,1,5,0,6,5,1,1,17,13
"6518",5,17,3,18,1,17,2,14,1,1,0,0,4,3,5,1,4,2,1,18,17
"6519",6,17,8,21,1,17,3,18,1,3,5,0,3,0,0,5,3,2,1,23,20
"6520",7,17,13,26,1,17,8,21,1,5,5,3,5,3,0,5,5,2,1,28,25
"6521",8,1,1,35,2,17,13,26,1,3,0,0,6,4,5,3,5,1,1,0,35
"6522",9,8,1,39,3,1,1,35,2,6,4,0,4,0,0,6,4,1,1,7,78
"6523",10,11,1,39,7,8,1,39,3,4,3,5,4,5,0,3,4,1,2,10,82
"6524",11,16,1,39,11,11,1,39,7,5,0,0,4,5,2,5,4,1,2,15,86
"6525",12,16,1,39,11,16,1,39,11,5,2,0,NA,0,0,0,0,0,0,15,86
"6526",0,0,0,0,0,0,0,0,0,0,0,0,0,0,0,0,0,0,0,0,0
"6527",1,1,9,9,7,1,1,1,1,6,6,4,6,4,0,6,6,2,2,8,14
"6528",2,1,13,9,11,1,9,9,7,4,0,0,4,2,1,4,4,2,2,12,18
"6529",3,1,15,9,12,1,13,9,11,2,1,0,1,0,0,2,1,2,2,14,19
"6530",4,1,25,9,23,1,15,9,12,6,4,6,4,6,0,6,6,2,2,24,30
"6531",5,9,1,9,8,1,25,9,23,4,0,0,6,4,5,4,6,1,2,8,15
"6532",6,9,6,9,12,9,1,9,8,4,5,0,4,0,0,5,4,2,2,13,19
"6533",7,11,6,15,14,9,6,9,12,2,6,3,6,3,0,2,6,1,1,15,27
"6534",8,14,6,18,14,11,6,15,14,3,0,0,1,4,3,3,3,1,1,18,30
"6535",9,14,10,19,14,14,6,18,14,1,4,0,1,0,0,4,1,2,1,22,31
"6536",10,19,10,19,16,14,10,19,14,5,2,1,2,1,0,5,2,1,2,27,33
"6537",11,20,1,32,16,19,10,19,16,1,0,0,1,2,6,1,6,1,1,19,46
"6538",12,20,1,32,16,20,1,32,16,1,2,0,NA,0,0,0,0,0,0,19,46
"6539",0,0,0,0,0,0,0,0,0,0,0,0,0,0,0,0,0,0,0,0,0
"6540",1,1,12,1,4,1,1,1,1,2,6,3,2,3,0,6,3,2,2,11,3
"6541",2,1,14,1,8,1,12,1,4,2,0,0,6,1,4,2,4,2,2,13,7
"6542",3,7,19,2,8,1,14,1,8,6,1,0,1,0,0,6,1,1,1,24,8
"6543",4,7,23,4,8,7,19,2,8,4,2,2,2,2,0,4,2,2,1,28,10
"6544",5,7,1,7,13,7,23,4,8,2,0,0,3,5,2,2,3,2,1,6,18
"6545",6,12,1,9,13,7,1,7,13,5,2,0,2,0,0,5,2,1,1,11,20
"6546",7,12,6,15,23,12,1,9,13,4,6,5,4,6,0,5,6,2,1,16,36
"6547",8,16,6,16,23,12,6,15,23,4,0,0,1,4,2,4,1,1,1,20,37
"6548",9,20,6,18,23,16,6,16,23,4,2,0,2,0,0,4,2,1,1,24,39
"6549",10,23,6,21,23,20,6,18,23,3,3,3,3,3,0,3,3,1,1,27,42
"6550",11,26,6,22,23,23,6,21,23,3,0,0,1,4,2,3,1,1,1,30,43
"6551",12,26,6,22,23,26,6,22,23,4,2,0,NA,0,0,0,0,0,0,30,43
"6552",0,0,0,0,0,0,0,0,0,0,0,0,0,0,0,0,0,0,0,0,0
"6553",1,6,1,8,1,1,1,1,1,6,1,5,6,1,0,5,6,1,1,5,7
"6554",2,6,2,12,7,6,1,8,1,1,0,0,4,1,6,1,6,2,2,6,17
"6555",3,6,6,12,8,6,2,12,7,4,1,0,1,0,0,4,1,2,2,10,18
"6556",4,11,6,12,16,6,6,12,8,6,5,1,6,1,0,5,6,1,2,15,26
"6557",5,11,7,13,16,11,6,12,16,1,0,0,2,4,1,1,1,2,1,16,27
"6558",6,15,7,15,16,11,7,13,16,2,4,0,2,0,0,4,2,1,1,20,29
"6559",7,20,7,15,19,15,7,15,16,3,1,5,3,1,0,5,3,1,2,25,32
"6560",8,21,7,15,23,20,7,15,19,1,0,0,2,4,2,1,4,1,2,26,36
"6561",9,21,9,15,25,21,7,15,23,2,2,0,2,0,0,2,2,2,2,28,38
"6562",10,24,9,20,25,21,9,15,25,5,3,3,5,3,0,3,5,1,1,31,43
"6563",11,27,9,24,25,24,9,20,25,3,0,0,4,3,5,3,4,1,1,34,47
"6564",12,27,9,24,25,27,9,24,25,3,5,0,NA,0,0,0,0,0,0,34,47
"6565",0,0,0,0,0,0,0,0,0,0,0,0,0,0,0,0,0,0,0,0,0
"6566",1,6,1,3,13,1,1,1,1,6,5,2,6,2,0,5,6,1,2,5,14
"6567",2,8,1,8,13,6,1,3,13,2,0,0,5,2,1,2,5,1,1,7,19
"6568",3,9,1,10,13,8,1,8,13,2,1,0,2,0,0,1,2,1,1,8,21
"6569",4,9,5,15,13,9,1,10,13,4,4,5,4,5,0,4,5,2,1,12,26
"6570",5,13,5,15,18,9,5,15,13,4,0,0,3,1,5,4,5,1,2,16,31
"6571",6,16,5,16,18,13,5,15,18,3,1,0,1,0,0,3,1,1,1,19,32
"6572",7,20,5,21,18,16,5,16,18,3,5,4,3,5,0,4,5,1,1,23,37
"6573",8,23,5,21,22,20,5,21,18,3,0,0,3,4,5,3,4,1,2,26,41
"6574",9,26,5,26,22,23,5,21,22,3,5,0,5,0,0,3,5,1,1,29,46
"6575",10,30,5,35,22,26,5,26,22,5,4,6,5,6,0,4,6,1,1,33,55
"6576",11,35,5,39,25,30,5,35,22,5,0,0,2,4,4,5,4,1,1,38,100
"6577",12,35,5,39,25,35,5,39,25,2,4,0,NA,0,0,0,0,0,0,38,100
"6578",0,0,0,0,0,0,0,0,0,0,0,0,0,0,0,0,0,0,0,0,0
"6579",1,8,7,1,2,1,1,1,1,3,1,6,3,1,0,6,1,1,2,13,1
"6580",2,11,7,6,2,8,7,1,2,3,0,0,1,5,3,3,5,1,1,16,6
"6581",3,14,7,7,2,11,7,6,2,1,3,0,1,0,0,3,1,1,1,19,7
"6582",4,14,8,10,2,14,7,7,2,3,1,2,3,2,0,1,3,2,1,20,10
"6583",5,14,10,10,6,14,8,10,2,2,0,0,5,4,6,2,4,2,2,22,14
"6584",6,14,20,15,6,14,10,10,6,5,6,0,5,0,0,6,5,2,1,32,19
"6585",7,17,20,17,6,14,20,15,6,2,2,3,2,2,0,3,2,1,1,35,21
"6586",8,19,20,20,6,17,20,17,6,2,0,0,2,3,4,2,3,1,1,37,24
"6587",9,19,29,22,1,19,20,20,6,2,4,0,2,0,0,4,2,2,1,46,21
"6588",10,19,33,30,1,19,29,22,1,4,6,3,6,3,0,4,6,2,1,50,29
"6589",11,19,36,30,2,19,33,30,1,3,0,0,6,2,1,3,1,2,2,53,30
"6590",12,19,36,30,2,19,36,30,2,6,2,0,NA,0,0,0,0,0,0,53,30
"6591",0,0,0,0,0,0,0,0,0,0,0,0,0,0,0,0,0,0,0,0,0
"6592",1,6,1,1,4,1,1,1,1,3,5,3,3,3,0,5,3,1,2,5,3
"6593",2,9,1,6,4,6,1,1,4,3,0,0,5,1,1,3,5,1,1,8,8
"6594",3,10,1,6,5,9,1,6,4,1,1,0,1,0,0,1,1,1,2,9,9
"6595",4,10,5,8,5,10,1,6,5,2,4,2,2,2,0,4,2,2,1,13,11
"6596",5,12,5,8,15,10,5,8,5,2,0,0,2,6,5,2,6,1,2,15,21
"6597",6,12,10,8,17,12,5,8,15,2,5,0,2,0,0,5,2,2,2,20,23
"6598",7,12,14,9,17,12,10,8,17,1,4,1,1,1,0,4,1,2,1,24,24
"6599",8,12,15,13,17,12,14,9,17,1,0,0,6,6,4,1,4,2,1,25,28
"6600",9,24,17,13,28,12,15,13,17,6,6,0,6,0,0,6,6,1,2,39,39
"6601",10,32,17,13,33,24,17,13,28,3,5,6,3,5,0,6,5,1,2,47,44
"6602",11,32,20,13,38,32,17,13,33,3,0,0,3,5,4,3,5,2,2,50,49
"6603",12,32,20,13,38,32,20,13,38,3,4,0,NA,0,0,0,0,0,0,50,49
"6604",0,0,0,0,0,0,0,0,0,0,0,0,0,0,0,0,0,0,0,0,0
"6605",1,3,1,4,1,1,1,1,1,1,3,2,1,3,0,2,3,1,1,2,3
"6606",2,3,2,7,1,3,1,4,1,1,0,0,3,3,2,1,3,2,1,3,6
"6607",3,3,5,7,3,3,2,7,1,3,2,0,2,0,0,3,2,2,2,6,8
"6608",4,3,8,11,3,3,5,7,3,4,3,1,4,1,0,3,4,2,1,9,12
"6609",5,3,9,14,3,3,8,11,3,1,0,0,3,2,3,1,3,2,1,10,15
"6610",6,3,12,14,5,3,9,14,3,2,3,0,2,0,0,3,2,2,2,13,17
"6611",7,3,17,19,5,3,12,14,5,5,5,5,5,5,0,5,5,2,1,18,22
"6612",8,3,22,23,5,3,17,19,5,5,0,0,5,4,3,5,4,2,1,23,26
"6613",9,3,27,23,8,3,22,23,5,5,3,0,3,0,0,5,3,2,2,28,29
"6614",10,7,27,26,8,3,27,23,8,4,3,4,3,4,0,4,3,1,1,32,32
"6615",11,7,31,29,8,7,27,26,8,4,0,0,1,3,4,4,3,2,1,36,35
"6616",12,7,31,29,8,7,31,29,8,1,4,0,NA,0,0,0,0,0,0,36,35
"6617",0,0,0,0,0,0,0,0,0,0,0,0,0,0,0,0,0,0,0,0,0
"6618",1,5,1,1,3,1,1,1,1,1,2,4,1,2,0,4,2,1,2,4,2
"6619",2,6,1,7,13,5,1,1,3,1,0,0,4,2,6,1,6,1,1,5,18
"6620",3,8,1,11,13,6,1,7,13,4,2,0,4,0,0,2,4,1,1,7,22
"6621",4,13,1,15,19,8,1,11,13,6,4,5,6,4,0,5,6,1,2,12,32
"6622",5,17,1,18,19,13,1,15,19,4,0,0,3,6,3,4,3,1,1,16,35
"6623",6,23,2,21,19,17,1,18,19,6,3,0,3,0,0,6,3,1,1,23,38
"6624",7,26,2,24,19,23,2,21,19,2,3,3,2,3,0,3,3,1,1,26,41
"6625",8,28,2,27,19,26,2,24,19,2,0,0,1,5,3,2,3,1,1,28,44
"6626",9,33,1,30,20,28,2,27,19,1,5,0,1,0,0,5,1,1,2,32,48
"6627",10,33,3,37,20,33,1,30,20,2,6,6,6,6,0,2,6,2,1,34,55
"6628",11,39,5,37,24,33,3,37,20,6,0,0,6,4,6,6,4,1,2,80,59
"6629",12,39,5,37,24,39,5,37,24,6,6,0,NA,0,0,0,0,0,0,80,59
"6630",0,0,0,0,0,0,0,0,0,0,0,0,0,0,0,0,0,0,0,0,0
"6631",1,1,5,2,1,1,1,1,1,1,4,1,1,1,0,4,1,2,1,4,1
"6632",2,2,5,7,1,1,5,2,1,1,0,0,5,3,2,1,5,1,1,5,6
"6633",3,5,5,7,3,2,5,7,1,3,2,0,2,0,0,3,2,1,2,8,8
"6634",4,5,7,7,7,5,5,7,3,2,2,4,2,4,0,2,4,2,2,10,12
"6635",5,5,9,15,13,5,7,7,7,2,0,0,6,4,4,2,6,2,1,12,26
"6636",6,5,13,15,17,5,9,15,13,4,4,0,4,0,0,4,4,2,2,16,30
"6637",7,5,18,19,17,5,13,15,17,5,4,3,4,3,0,5,4,2,1,21,34
"6638",8,8,18,25,24,5,18,19,17,3,0,0,1,6,3,3,6,1,2,24,47
"6639",9,9,18,28,24,8,18,25,24,1,3,0,3,0,0,1,3,1,1,25,50
"6640",10,1,18,1,32,9,18,28,24,1,6,5,6,5,0,1,6,1,2,17,31
"6641",11,6,18,1,34,1,18,1,32,5,0,0,2,4,3,5,2,1,2,22,33
"6642",12,6,18,1,34,6,18,1,34,4,3,0,NA,0,0,0,0,0,0,22,33
"6643",0,0,0,0,0,0,0,0,0,0,0,0,0,0,0,0,0,0,0,0,0
"6644",1,3,1,7,3,1,1,1,1,2,6,5,6,5,0,2,6,1,1,2,8
"6645",2,3,6,10,3,3,1,7,3,5,0,0,3,1,2,5,3,2,1,7,11
"6646",3,5,6,11,3,3,6,10,3,1,2,0,1,0,0,2,1,1,1,9,12
"6647",4,5,10,14,3,5,6,11,3,3,2,4,3,2,0,4,3,2,1,13,15
"6648",5,7,10,14,7,5,10,14,3,2,0,0,1,1,4,2,4,1,2,15,19
"6649",6,8,10,14,8,7,10,14,7,1,1,0,1,0,0,1,1,1,2,16,20
"6650",7,11,10,14,13,8,10,14,8,2,5,3,2,5,0,3,5,1,2,19,25
"6651",8,11,12,14,21,11,10,14,13,2,0,0,6,4,3,2,6,2,2,21,33
"6652",9,15,12,14,24,11,12,14,21,4,3,0,3,0,0,4,3,1,2,25,36
"6653",10,19,12,18,24,15,12,14,24,4,4,3,4,3,0,4,4,1,1,29,40
"6654",11,22,12,21,24,19,12,18,24,3,0,0,3,2,2,3,3,1,1,32,43
"6655",12,22,12,21,24,22,12,21,24,2,2,0,NA,0,0,0,0,0,0,32,43
"6656",0,0,0,0,0,0,0,0,0,0,0,0,0,0,0,0,0,0,0,0,0
"6657",1,9,1,1,6,1,1,1,1,2,6,5,2,5,0,6,5,1,2,8,5
"6658",2,11,1,1,8,9,1,1,6,2,0,0,2,4,3,2,2,1,2,10,7
"6659",3,11,5,1,11,11,1,1,8,4,3,0,3,0,0,4,3,2,2,14,10
"6660",4,11,8,1,16,11,5,1,11,5,3,3,5,3,0,3,5,2,2,17,15
"6661",5,11,11,1,19,11,8,1,16,3,0,0,3,3,1,3,3,2,2,20,18
"6662",6,14,11,1,20,11,11,1,19,3,1,0,1,0,0,3,1,1,2,23,19
"6663",7,14,12,2,26,14,11,1,20,6,5,1,6,5,0,1,6,2,2,24,26
"6664",8,19,12,8,28,14,12,2,26,5,0,0,1,6,1,5,6,1,1,29,34
"6665",9,19,13,8,29,19,12,8,28,1,1,0,1,0,0,1,1,2,2,30,35
"6666",10,24,1,8,33,19,13,8,29,5,2,1,2,1,0,5,2,1,2,23,39
"6667",11,25,1,17,33,24,1,8,33,1,0,0,5,6,6,1,6,1,1,24,48
"6668",12,25,1,17,33,25,1,17,33,5,6,0,NA,0,0,0,0,0,0,24,48
"6669",0,0,0,0,0,0,0,0,0,0,0,0,0,0,0,0,0,0,0,0,0
"6670",1,6,1,1,6,1,1,1,1,5,3,5,3,5,0,5,5,1,2,5,5
"6671",2,6,4,1,11,6,1,1,6,3,0,0,2,5,2,3,5,2,2,8,10
"6672",3,6,6,1,13,6,4,1,11,2,2,0,2,0,0,2,2,2,2,10,12
"6673",4,14,6,1,17,6,6,1,13,3,4,6,3,4,0,6,4,1,2,18,16
"6674",5,14,9,2,23,14,6,1,17,3,0,0,4,3,6,3,6,2,2,21,23
"6675",6,14,13,2,26,14,9,2,23,4,3,0,3,0,0,4,3,2,2,25,26
"6676",7,16,19,2,29,14,13,2,26,6,3,2,3,2,0,6,3,2,2,33,29
"6677",8,1,21,2,36,16,19,2,29,2,0,0,5,6,5,2,5,2,2,20,36
"6678",9,10,21,7,36,1,21,2,36,6,5,0,5,0,0,6,5,1,1,29,41
"6679",10,10,26,7,38,10,21,7,36,2,5,2,2,2,0,5,2,2,2,34,43
"6680",11,12,26,9,38,10,26,7,38,2,0,0,6,2,5,2,2,1,1,36,45
"6681",12,12,26,9,38,12,26,9,38,6,5,0,NA,0,0,0,0,0,0,36,45
"6682",0,0,0,0,0,0,0,0,0,0,0,0,0,0,0,0,0,0,0,0,0
"6683",1,5,1,1,3,1,1,1,1,4,1,2,1,2,0,4,2,1,2,4,2
"6684",2,6,1,3,3,5,1,1,3,1,0,0,5,2,3,1,2,1,1,5,4
"6685",3,9,1,8,3,6,1,3,3,5,3,0,5,0,0,3,5,1,1,8,9
"6686",4,11,1,11,3,9,1,8,3,2,3,1,3,1,0,2,3,1,1,10,12
"6687",5,12,1,16,3,11,1,11,3,1,0,0,5,5,4,1,5,1,1,11,17
"6688",6,17,1,16,7,12,1,16,3,5,4,0,4,0,0,5,4,1,2,16,21
"6689",7,22,1,16,12,17,1,16,7,5,5,3,5,3,0,5,5,1,2,21,26
"6690",8,25,1,30,12,22,1,16,12,3,0,0,4,1,6,3,6,1,1,24,40
"6691",9,29,1,31,12,25,1,30,12,4,1,0,1,0,0,4,1,1,1,28,41
"6692",10,29,10,34,12,29,1,31,12,3,4,6,3,4,0,6,3,2,1,37,44
"6693",11,29,14,34,17,29,10,34,12,4,0,0,5,3,1,4,5,2,2,41,49
"6694",12,29,14,34,17,29,14,34,17,3,1,0,NA,0,0,0,0,0,0,41,49
"6695",0,0,0,0,0,0,0,0,0,0,0,0,0,0,0,0,0,0,0,0,0
"6696",1,6,1,3,1,1,1,1,1,2,5,1,2,1,0,5,2,1,1,5,2
"6697",2,6,2,8,7,6,1,3,1,1,0,0,1,6,4,1,6,2,2,6,13
"6698",3,6,3,12,7,6,2,8,7,1,4,0,4,0,0,1,4,2,1,7,17
"6699",4,6,5,17,13,6,3,12,7,2,6,2,6,2,0,2,6,2,2,9,28
"6700",5,6,7,17,14,6,5,17,13,2,0,0,1,2,3,2,1,2,2,11,29
"6701",6,6,9,17,17,6,7,17,14,2,3,0,3,0,0,2,3,2,2,13,32
"6702",7,6,13,17,22,6,9,17,17,5,4,4,5,4,0,4,5,2,2,17,37
"6703",8,6,17,21,22,6,13,17,22,4,0,0,3,1,4,4,4,2,1,21,41
"6704",9,6,18,21,25,6,17,21,22,3,1,0,3,0,0,1,3,2,2,22,44
"6705",10,10,18,26,1,6,18,21,25,4,1,5,4,5,0,1,5,1,1,26,25
"6706",11,1,18,35,1,10,18,26,1,4,0,0,5,2,6,4,6,1,1,17,34
"6707",12,1,18,35,1,1,18,35,1,5,2,0,NA,0,0,0,0,0,0,17,34
"6708",0,0,0,0,0,0,0,0,0,0,0,0,0,0,0,0,0,0,0,0,0
"6709",1,4,7,3,1,1,1,1,1,1,2,6,1,2,0,6,2,2,1,9,2
"6710",2,5,7,6,1,4,7,3,1,1,0,0,2,3,2,1,3,1,1,10,5
"6711",3,5,9,8,1,5,7,6,1,2,2,0,2,0,0,2,2,2,1,12,7
"6712",4,5,13,10,1,5,9,8,1,3,2,4,3,2,0,4,2,2,1,16,9
"6713",5,5,16,12,1,5,13,10,1,3,0,0,3,2,2,3,2,2,1,19,11
"6714",6,8,16,14,1,5,16,12,1,3,2,0,2,0,0,3,2,1,1,22,13
"6715",7,18,16,18,1,8,16,14,1,6,2,4,2,4,0,6,4,1,1,32,17
"6716",8,1,16,20,2,18,16,18,1,2,0,0,5,2,1,2,1,1,2,15,20
"6717",9,1,18,25,2,1,16,20,2,5,2,0,5,0,0,2,5,2,1,17,25
"6718",10,3,18,28,2,1,18,25,2,2,1,3,1,3,0,2,3,1,1,19,28
"6719",11,4,18,29,2,3,18,28,2,1,0,0,1,1,4,1,1,1,1,20,29
"6720",12,4,18,29,2,4,18,29,2,1,4,0,NA,0,0,0,0,0,0,20,29
"6721",0,0,0,0,0,0,0,0,0,0,0,0,0,0,0,0,0,0,0,0,0
"6722",1,7,3,4,1,1,1,1,1,4,6,3,4,3,0,6,3,1,1,8,3
"6723",2,11,3,4,10,7,3,4,1,4,0,0,5,6,1,4,6,1,2,12,12
"6724",3,16,3,4,11,11,3,4,10,5,1,0,1,0,0,5,1,1,2,17,13
"6725",4,22,9,1,13,16,3,4,11,6,2,2,2,2,0,6,2,1,2,29,12
"6726",5,1,9,6,14,22,9,1,13,2,0,0,5,6,4,2,5,1,1,8,18
"6727",6,6,15,10,14,1,9,6,14,6,4,0,4,0,0,6,4,2,1,19,22
"6728",7,6,20,10,19,6,15,10,14,5,5,1,5,1,0,5,5,2,2,24,27
"6729",8,7,20,10,22,6,20,10,19,1,0,0,3,2,1,1,3,1,2,25,30
"6730",9,7,22,11,22,7,20,10,22,2,1,0,1,0,0,2,1,2,1,27,31
"6731",10,7,25,11,23,7,22,11,22,1,1,3,1,1,0,3,1,2,2,30,32
"6732",11,8,25,16,23,7,25,11,23,1,0,0,5,2,3,1,5,1,1,31,37
"6733",12,8,25,16,23,8,25,16,23,2,3,0,NA,0,0,0,0,0,0,31,37
"6734",0,0,0,0,0,0,0,0,0,0,0,0,0,0,0,0,0,0,0,0,0
"6735",1,2,1,1,6,1,1,1,1,3,5,1,3,5,0,1,5,1,2,1,5
"6736",2,2,4,1,9,2,1,1,6,3,0,0,6,3,3,3,3,2,2,4,8
"6737",3,13,4,1,12,2,4,1,9,6,3,0,3,0,0,6,3,1,2,15,11
"6738",4,13,8,1,17,13,4,1,12,2,4,5,2,5,0,4,5,2,2,19,16
"6739",5,13,10,1,20,13,8,1,17,2,0,0,1,3,6,2,3,2,2,21,19
"6740",6,13,17,2,20,13,10,1,20,1,6,0,1,0,0,6,1,2,1,28,20
"6741",7,18,17,2,21,13,17,2,20,5,3,1,3,1,0,5,1,1,2,33,21
"6742",8,1,20,7,21,18,17,2,21,3,0,0,4,6,3,3,3,2,1,19,26
"6743",9,2,26,7,25,1,20,7,21,4,6,0,4,0,0,6,4,2,2,26,30
"6744",10,12,26,7,28,2,26,7,25,3,6,2,3,2,0,6,3,1,2,36,33
"6745",11,12,1,11,28,12,26,7,28,2,0,0,5,3,4,2,3,2,1,11,37
"6746",12,12,1,11,28,12,1,11,28,5,4,0,NA,0,0,0,0,0,0,11,37
"6747",0,0,0,0,0,0,0,0,0,0,0,0,0,0,0,0,0,0,0,0,0
"6748",1,5,1,1,4,1,1,1,1,1,3,4,1,3,0,4,3,1,2,4,3
"6749",2,5,2,6,10,5,1,1,4,1,0,0,6,2,2,1,6,2,2,5,14
"6750",3,5,4,6,12,5,2,6,10,2,2,0,2,0,0,2,2,2,2,7,16
"6751",4,11,5,11,18,5,4,6,12,6,5,6,5,6,0,6,6,1,2,14,27
"6752",5,16,5,17,22,11,5,11,18,5,0,0,4,4,6,5,6,1,1,19,37
"6753",6,20,5,21,22,16,5,17,22,4,4,0,4,0,0,4,4,1,1,23,41
"6754",7,23,5,22,22,20,5,21,22,1,3,3,1,3,0,3,1,1,1,26,42
"6755",8,26,5,22,25,23,5,22,22,3,0,0,2,1,3,3,3,1,2,29,45
"6756",9,28,7,23,1,26,5,22,25,2,1,0,1,0,0,2,1,2,1,33,22
"6757",10,32,7,27,1,28,7,23,1,4,4,3,4,3,0,4,4,1,1,37,26
"6758",11,32,10,27,4,32,7,27,1,3,0,0,3,3,6,3,3,2,2,40,29
"6759",12,32,10,27,4,32,10,27,4,3,6,0,NA,0,0,0,0,0,0,40,29
"6760",0,0,0,0,0,0,0,0,0,0,0,0,0,0,0,0,0,0,0,0,0
"6761",1,4,1,4,1,1,1,1,1,3,3,2,3,2,0,3,3,1,1,3,3
"6762",2,4,3,10,6,4,1,4,1,2,0,0,1,6,1,2,6,2,1,5,14
"6763",3,4,4,10,7,4,3,10,6,1,1,0,1,0,0,1,1,2,2,6,15
"6764",4,15,4,16,11,4,4,10,7,6,6,3,6,3,0,6,6,1,1,17,25
"6765",5,15,7,16,15,15,4,16,11,3,0,0,1,1,4,3,4,2,2,20,29
"6766",6,16,7,17,15,15,7,16,15,1,1,0,1,0,0,1,1,1,1,21,30
"6767",7,16,12,18,15,16,7,17,15,2,1,5,2,1,0,5,1,2,1,26,31
"6768",8,18,12,22,15,16,12,18,15,2,0,0,4,2,1,2,4,1,1,28,35
"6769",9,20,12,23,15,18,12,22,15,2,1,0,1,0,0,2,1,1,1,30,36
"6770",10,26,17,23,25,20,12,23,15,6,6,5,6,5,0,6,6,1,2,41,46
"6771",11,26,22,28,25,26,17,23,25,5,0,0,1,3,5,5,5,2,1,46,51
"6772",12,26,22,28,25,26,22,28,25,1,3,0,NA,0,0,0,0,0,0,46,51
"6773",0,0,0,0,0,0,0,0,0,0,0,0,0,0,0,0,0,0,0,0,0
"6774",1,1,2,1,11,1,1,1,1,3,6,1,3,6,0,1,6,2,2,1,10
"6775",2,1,5,5,17,1,2,1,11,3,0,0,4,1,6,3,6,2,2,4,20
"6776",3,1,9,5,18,1,5,5,17,4,1,0,1,0,0,4,1,2,2,8,21
"6777",4,1,20,10,18,1,9,5,18,1,6,5,1,5,0,6,5,2,1,19,26
"6778",5,1,21,16,20,1,20,10,18,1,0,0,2,6,2,1,6,2,1,20,34
"6779",6,1,23,16,22,1,21,16,20,2,2,0,2,0,0,2,2,2,2,22,36
"6780",7,3,39,16,27,1,23,16,22,5,4,6,5,4,0,6,5,2,2,78,41
"6781",8,7,39,16,36,3,39,16,27,4,0,0,6,1,2,4,6,1,2,82,50
"6782",9,8,39,18,36,7,39,16,36,1,2,0,2,0,0,1,2,1,1,83,52
"6783",10,1,39,34,36,8,39,18,36,6,3,2,6,2,0,3,6,1,1,76,68
"6784",11,3,39,39,37,1,39,34,36,2,0,0,6,2,5,2,5,1,1,78,112
"6785",12,3,39,39,37,3,39,39,37,6,2,0,NA,0,0,0,0,0,0,78,112
"6786",0,0,0,0,0,0,0,0,0,0,0,0,0,0,0,0,0,0,0,0,0
"6787",1,1,5,5,1,1,1,1,1,4,3,4,3,4,0,4,4,2,1,4,4
"6788",2,4,5,8,1,1,5,5,1,3,0,0,4,4,3,3,3,1,1,7,7
"6789",3,8,5,8,5,4,5,8,1,4,4,0,4,0,0,4,4,1,2,11,11
"6790",4,8,10,24,5,8,5,8,5,6,5,1,6,1,0,5,6,2,1,16,27
"6791",5,9,10,24,15,8,10,24,5,1,0,0,4,1,6,1,6,1,2,17,37
"6792",6,9,11,24,19,9,10,24,15,4,1,0,4,0,0,1,4,2,2,18,41
"6793",7,1,15,24,28,9,11,24,19,1,4,6,1,6,0,4,6,2,2,14,50
"6794",8,2,15,28,28,1,15,24,28,1,0,0,4,5,3,1,4,1,1,15,54
"6795",9,7,15,28,31,2,15,28,28,5,3,0,3,0,0,5,3,1,2,20,57
"6796",10,1,20,37,6,7,15,28,31,3,6,6,3,6,0,6,3,1,1,19,41
"6797",11,9,20,37,11,1,20,37,6,6,0,0,5,2,3,6,5,1,2,27,46
"6798",12,9,20,37,11,9,20,37,11,2,3,0,NA,0,0,0,0,0,0,27,46
"6799",0,0,0,0,0,0,0,0,0,0,0,0,0,0,0,0,0,0,0,0,0
"6800",1,6,7,1,11,1,1,1,1,2,6,6,2,6,0,6,6,2,2,11,10
"6801",2,8,7,1,14,6,7,1,11,2,0,0,3,3,5,2,3,1,2,13,13
"6802",3,8,12,1,17,8,7,1,14,3,5,0,3,0,0,5,3,2,2,18,16
"6803",4,12,12,1,19,8,12,1,17,4,1,2,1,2,0,4,2,1,2,22,18
"6804",5,13,12,1,23,12,12,1,19,1,0,0,5,4,6,1,4,1,2,23,22
"6805",6,19,15,1,28,13,12,1,23,5,6,0,5,0,0,6,5,1,2,32,27
"6806",7,19,16,1,33,19,15,1,28,1,1,5,1,5,0,1,5,2,2,33,32
"6807",8,20,1,9,34,19,16,1,33,1,0,0,1,5,4,1,1,1,2,19,41
"6808",9,25,1,9,38,20,1,9,34,5,4,0,4,0,0,5,4,1,2,24,45
"6809",10,1,7,14,38,25,1,9,38,1,6,6,1,6,0,6,1,2,1,6,50
"6810",11,10,7,18,38,1,7,14,38,6,0,0,4,4,6,6,4,1,1,15,54
"6811",12,10,7,18,38,10,7,18,38,4,6,0,NA,0,0,0,0,0,0,15,54
"6812",0,0,0,0,0,0,0,0,0,0,0,0,0,0,0,0,0,0,0,0,0
"6813",1,5,1,3,1,1,1,1,1,1,4,2,1,2,0,4,2,1,1,4,2
"6814",2,5,2,7,1,5,1,3,1,1,0,0,4,4,2,1,4,2,1,5,6
"6815",3,9,2,9,1,5,2,7,1,4,2,0,2,0,0,4,2,1,1,9,8
"6816",4,9,12,10,1,9,2,9,1,1,6,1,1,1,0,6,1,2,1,19,9
"6817",5,9,13,12,1,9,12,10,1,1,0,0,1,4,2,1,2,2,1,20,11
"6818",6,13,13,13,1,9,13,12,1,1,4,0,1,0,0,4,1,1,1,24,12
"6819",7,19,17,18,1,13,13,13,1,6,4,5,4,5,0,6,5,1,1,34,17
"6820",8,19,21,23,1,19,17,18,1,4,0,0,5,1,1,4,5,2,1,38,22
"6821",9,19,22,24,1,19,21,23,1,1,1,0,1,0,0,1,1,2,1,39,23
"6822",10,19,24,36,1,19,22,24,1,6,2,6,6,6,0,2,6,2,1,41,35
"6823",11,1,30,36,6,19,24,36,1,6,0,0,5,4,2,6,2,2,2,29,40
"6824",12,1,30,36,6,1,30,36,6,5,4,0,NA,0,0,0,0,0,0,29,40
"6825",0,0,0,0,0,0,0,0,0,0,0,0,0,0,0,0,0,0,0,0,0
"6826",1,1,4,5,1,1,1,1,1,2,3,4,2,4,0,3,4,2,1,3,4
"6827",2,3,4,5,4,1,4,5,1,2,0,0,3,3,2,2,3,1,2,5,7
"6828",3,6,4,5,6,3,4,5,4,3,2,0,2,0,0,3,2,1,2,8,9
"6829",4,6,12,5,11,6,4,5,6,5,6,2,5,2,0,6,5,2,2,16,14
"6830",5,8,12,5,16,6,12,5,11,2,0,0,4,5,2,2,5,1,2,18,19
"6831",6,8,16,5,18,8,12,5,16,4,2,0,2,0,0,4,2,2,2,22,21
"6832",7,13,22,6,18,8,16,5,18,1,6,1,1,1,0,6,1,2,1,33,22
"6833",8,14,22,6,22,13,22,6,18,1,0,0,3,4,1,1,4,1,2,34,26
"6834",9,17,22,6,23,14,22,6,22,3,1,0,1,0,0,3,1,1,2,37,27
"6835",10,23,1,10,26,17,22,6,23,4,1,6,4,1,0,6,4,1,1,22,34
"6836",11,24,1,11,32,23,1,10,26,1,0,0,6,6,6,1,6,1,2,23,41
"6837",12,24,1,11,32,24,1,11,32,6,6,0,NA,0,0,0,0,0,0,23,41
"6838",0,0,0,0,0,0,0,0,0,0,0,0,0,0,0,0,0,0,0,0,0
"6839",1,1,3,1,4,1,1,1,1,1,3,2,1,3,0,2,3,2,2,2,3
"6840",2,2,3,1,6,1,3,1,4,1,0,0,4,2,4,1,2,1,2,3,5
"6841",3,6,3,1,10,2,3,1,6,4,4,0,4,0,0,4,4,1,2,7,9
"6842",4,14,3,1,15,6,3,1,10,5,3,6,5,3,0,6,5,1,2,15,14
"6843",5,14,6,1,17,14,3,1,15,3,0,0,3,2,3,3,2,2,2,18,16
"6844",6,17,6,1,20,14,6,1,17,3,3,0,3,0,0,3,3,1,2,21,19
"6845",7,17,10,1,22,17,6,1,20,1,4,2,1,2,0,4,2,2,2,25,21
"6846",8,17,11,4,28,17,10,1,22,1,0,0,1,5,6,1,6,2,2,26,30
"6847",9,17,16,5,28,17,11,4,28,1,5,0,1,0,0,5,1,2,1,31,31
"6848",10,21,16,9,28,17,16,5,28,4,4,2,4,2,0,4,4,1,1,35,35
"6849",11,21,18,18,28,21,16,9,28,2,0,0,3,6,3,2,6,2,1,37,44
"6850",12,21,18,18,28,21,18,18,28,3,3,0,NA,0,0,0,0,0,0,37,44
"6851",0,0,0,0,0,0,0,0,0,0,0,0,0,0,0,0,0,0,0,0,0
"6852",1,6,1,1,5,1,1,1,1,4,5,1,4,1,0,5,4,1,2,5,4
"6853",2,6,2,5,5,6,1,1,5,1,0,0,4,4,2,1,4,2,1,6,8
"6854",3,6,6,7,5,6,2,5,5,4,2,0,2,0,0,4,2,2,1,10,10
"6855",4,6,11,9,5,6,6,7,5,2,1,5,2,1,0,5,2,2,1,15,12
"6856",5,7,11,9,10,6,11,9,5,1,0,0,5,5,1,1,5,1,2,16,17
"6857",6,12,11,10,10,7,11,9,10,5,1,0,1,0,0,5,1,1,1,21,18
"6858",7,12,14,10,13,12,11,10,10,2,3,3,2,3,0,3,3,2,2,24,21
"6859",8,14,14,14,13,12,14,10,13,2,0,0,2,4,3,2,4,1,1,26,25
"6860",9,17,14,16,13,14,14,14,13,2,3,0,2,0,0,3,2,1,1,29,27
"6861",10,17,17,18,13,17,14,16,13,2,1,3,2,1,0,3,2,2,1,32,29
"6862",11,17,18,28,13,17,17,18,13,1,0,0,4,3,6,1,6,2,1,33,39
"6863",12,17,18,28,13,17,18,28,13,4,3,0,NA,0,0,0,0,0,0,33,39
"6864",0,0,0,0,0,0,0,0,0,0,0,0,0,0,0,0,0,0,0,0,0
"6865",1,1,2,5,1,1,1,1,1,4,1,2,4,2,0,1,4,2,1,1,4
"6866",2,1,4,6,7,1,2,5,1,2,0,0,6,6,4,2,6,2,2,3,11
"6867",3,1,14,6,11,1,4,6,7,6,4,0,4,0,0,6,4,2,2,13,15
"6868",4,1,16,6,14,1,14,6,11,2,2,3,2,3,0,2,3,2,2,15,18
"6869",5,1,18,12,18,1,16,6,14,2,0,0,6,5,6,2,6,2,1,17,28
"6870",6,1,25,17,18,1,18,12,18,5,6,0,5,0,0,6,5,2,1,24,33
"6871",7,1,28,19,18,1,25,17,18,2,3,3,2,3,0,3,2,2,1,27,35
"6872",8,4,28,24,18,1,28,19,18,3,0,0,1,4,5,3,5,1,1,30,40
"6873",9,4,32,25,18,4,28,24,18,1,4,0,1,0,0,4,1,2,1,34,41
"6874",10,9,38,25,23,4,32,25,18,6,1,5,1,5,0,6,5,2,2,45,46
"6875",11,19,39,27,23,9,38,25,23,1,0,0,2,2,1,1,2,2,1,94,48
"6876",12,19,39,27,23,19,39,27,23,2,1,0,NA,0,0,0,0,0,0,94,48
"6877",0,0,0,0,0,0,0,0,0,0,0,0,0,0,0,0,0,0,0,0,0
"6878",1,7,5,1,6,1,1,1,1,5,6,5,5,5,0,6,5,1,2,10,5
"6879",2,12,5,4,6,7,5,1,6,5,0,0,6,3,2,5,3,1,1,15,8
"6880",3,13,11,6,6,12,5,4,6,6,2,0,2,0,0,6,2,2,1,22,10
"6881",4,19,12,6,8,13,11,6,6,1,6,2,1,2,0,6,2,1,2,29,12
"6882",5,20,12,6,12,19,12,6,8,1,0,0,6,3,4,1,4,1,2,30,16
"6883",6,21,18,9,12,20,12,6,12,6,3,0,3,0,0,6,3,2,1,37,19
"6884",7,25,24,10,12,21,18,9,12,1,2,6,1,2,0,6,1,2,1,47,20
"6885",8,25,26,12,12,25,24,10,12,2,0,0,2,2,2,2,2,2,1,49,22
"6886",9,27,26,14,12,25,26,12,12,2,2,0,2,0,0,2,2,1,1,51,24
"6887",10,29,26,14,23,27,26,14,12,4,6,2,4,6,0,2,6,1,2,53,35
"6888",11,29,30,14,27,29,26,14,23,4,0,0,5,3,4,4,4,2,2,57,39
"6889",12,29,30,14,27,29,30,14,27,5,3,0,NA,0,0,0,0,0,0,57,39
"6890",0,0,0,0,0,0,0,0,0,0,0,0,0,0,0,0,0,0,0,0,0
"6891",1,1,2,1,2,1,1,1,1,1,1,1,1,1,0,1,1,2,2,1,1
"6892",2,1,3,5,8,1,2,1,2,1,0,0,6,1,6,1,6,2,2,2,11
"6893",3,7,6,5,9,1,3,5,8,1,6,0,1,0,0,6,1,1,2,11,12
"6894",4,22,6,5,13,7,6,5,9,6,4,6,4,6,0,6,4,1,2,26,16
"6895",5,22,16,6,19,22,6,5,13,6,0,0,6,3,4,6,6,2,2,36,23
"6896",6,25,16,6,23,22,16,6,19,3,4,0,4,0,0,3,4,1,2,39,27
"6897",7,27,16,6,25,25,16,6,23,1,2,2,1,2,0,2,2,1,2,41,29
"6898",8,27,17,6,29,27,16,6,25,1,0,0,2,4,4,1,4,2,2,42,33
"6899",9,31,17,8,29,27,17,6,29,2,4,0,2,0,0,4,2,1,1,46,35
"6900",10,31,21,8,33,31,17,8,29,4,4,3,4,3,0,4,4,2,2,50,39
"6901",11,34,21,11,39,31,21,8,33,3,0,0,5,5,6,3,6,1,2,53,86
"6902",12,34,21,11,39,34,21,11,39,5,5,0,NA,0,0,0,0,0,0,53,86
"6903",0,0,0,0,0,0,0,0,0,0,0,0,0,0,0,0,0,0,0,0,0
"6904",1,5,7,1,5,1,1,1,1,6,4,4,4,4,0,6,4,2,2,10,4
"6905",2,5,11,2,5,5,7,1,5,4,0,0,3,1,4,4,1,2,1,14,5
"6906",3,9,11,5,5,5,11,2,5,3,4,0,3,0,0,4,3,1,1,18,8
"6907",4,9,14,5,8,9,11,5,5,3,3,3,3,3,0,3,3,2,2,21,11
"6908",5,9,17,12,8,9,14,5,8,3,0,0,5,1,6,3,6,2,1,24,18
"6909",6,14,17,12,9,9,17,12,8,5,1,0,1,0,0,5,1,1,2,29,19
"6910",7,24,17,21,9,14,17,12,9,6,6,6,6,6,0,6,6,1,1,39,28
"6911",8,30,18,25,9,24,17,21,9,6,0,0,4,2,6,6,4,1,1,46,32
"6912",9,36,23,25,11,30,18,25,9,2,6,0,2,0,0,6,2,1,2,57,34
"6913",10,36,26,28,11,36,23,25,11,5,3,3,5,3,0,3,3,2,1,60,37
"6914",11,36,31,31,11,36,26,28,11,5,0,0,1,3,3,5,3,2,1,65,40
"6915",12,36,31,31,11,36,31,31,11,1,3,0,NA,0,0,0,0,0,0,65,40
"6916",0,0,0,0,0,0,0,0,0,0,0,0,0,0,0,0,0,0,0,0,0
"6917",1,1,6,1,3,1,1,1,1,2,1,5,2,1,0,5,2,2,2,5,2
"6918",2,1,7,1,4,1,6,1,3,1,0,0,4,1,6,1,1,2,2,6,3
"6919",3,1,17,5,4,1,7,1,4,4,6,0,4,0,0,6,4,2,1,16,7
"6920",4,13,17,10,4,1,17,5,4,1,6,5,1,5,0,6,5,1,1,28,12
"6921",5,13,18,12,4,13,17,10,4,1,0,0,2,2,5,1,2,2,1,29,14
"6922",6,13,20,17,4,13,18,12,4,2,5,0,5,0,0,2,5,2,1,31,19
"6923",7,17,20,19,4,13,20,17,4,4,2,4,2,4,0,4,2,1,1,35,21
"6924",8,21,20,24,4,17,20,19,4,4,0,0,5,3,4,4,5,1,1,39,26
"6925",9,21,24,27,4,21,20,24,4,3,4,0,3,0,0,4,3,2,1,43,29
"6926",10,21,36,30,4,21,24,27,4,6,2,3,2,3,0,6,3,2,1,55,32
"6927",11,21,38,32,4,21,36,30,4,2,0,0,2,2,6,2,2,2,1,57,34
"6928",12,21,38,32,4,21,38,32,4,2,6,0,NA,0,0,0,0,0,0,57,34
"6929",0,0,0,0,0,0,0,0,0,0,0,0,0,0,0,0,0,0,0,0,0
"6930",1,10,1,1,9,1,1,1,1,6,6,1,6,1,0,6,6,1,2,9,8
"6931",2,10,2,2,15,10,1,1,9,1,0,0,6,6,1,1,6,2,2,10,15
"6932",3,1,2,12,15,10,2,2,15,6,1,0,1,0,0,6,1,1,1,1,25
"6933",4,4,1,18,23,1,2,12,15,3,3,6,3,6,0,3,6,1,1,3,39
"6934",5,4,4,20,23,4,1,18,23,3,0,0,2,5,6,3,2,2,1,6,41
"6935",6,9,4,32,23,4,4,20,23,5,6,0,6,0,0,5,6,1,1,11,53
"6936",7,16,4,1,27,9,4,32,23,4,5,1,4,1,0,5,4,1,2,18,26
"6937",8,16,5,1,32,16,4,1,27,1,0,0,5,2,5,1,5,2,2,19,31
"6938",9,1,10,6,39,16,5,1,32,2,5,0,2,0,0,5,2,2,2,9,81
"6939",10,4,10,7,39,1,10,6,39,3,1,2,1,2,0,3,1,1,1,12,82
"6940",11,6,10,16,39,4,10,7,39,2,0,0,6,2,2,2,6,1,1,14,91
"6941",12,6,10,16,39,6,10,16,39,2,2,0,NA,0,0,0,0,0,0,14,91
"6942",0,0,0,0,0,0,0,0,0,0,0,0,0,0,0,0,0,0,0,0,0
"6943",1,1,8,1,5,1,1,1,1,6,2,4,2,4,0,6,4,2,2,7,4
"6944",2,3,8,1,10,1,8,1,5,2,0,0,5,4,2,2,5,1,2,9,9
"6945",3,3,12,1,12,3,8,1,10,4,2,0,2,0,0,4,2,2,2,13,11
"6946",4,3,13,4,18,3,12,1,12,6,6,1,6,6,0,1,6,2,2,14,20
"6947",5,5,19,4,21,3,13,4,18,6,0,0,3,3,4,6,3,2,2,22,23
"6948",6,5,23,4,24,5,19,4,21,3,4,0,3,0,0,4,3,2,2,26,26
"6949",7,5,28,7,24,5,23,4,24,3,2,5,3,2,0,5,3,2,1,31,29
"6950",8,5,30,16,24,5,28,7,24,2,0,0,6,3,4,2,6,2,1,33,38
"6951",9,5,37,4,24,5,30,16,24,3,4,0,3,0,0,4,3,2,1,40,26
"6952",10,15,37,6,24,5,37,4,24,6,1,2,1,2,0,6,2,1,1,50,28
"6953",11,16,37,6,28,15,37,6,24,1,0,0,4,6,2,1,4,1,2,51,32
"6954",12,16,37,6,28,16,37,6,28,6,2,0,NA,0,0,0,0,0,0,51,32
"6955",0,0,0,0,0,0,0,0,0,0,0,0,0,0,0,0,0,0,0,0,0
"6956",1,3,7,1,4,1,1,1,1,3,6,1,3,1,0,6,3,2,2,8,3
"6957",2,4,7,1,9,3,7,1,4,1,0,0,3,6,5,1,5,1,2,9,8
"6958",3,7,13,1,12,4,7,1,9,3,6,0,3,0,0,6,3,2,2,18,11
"6959",4,7,14,1,14,7,13,1,12,2,1,2,2,2,0,1,2,2,2,19,13
"6960",5,9,14,1,18,7,14,1,14,2,0,0,4,2,4,2,4,1,2,21,17
"6961",6,13,14,1,20,9,14,1,18,2,4,0,2,0,0,4,2,1,2,25,19
"6962",7,18,14,1,23,13,14,1,20,3,5,2,3,2,0,5,3,1,2,30,22
"6963",8,20,14,1,28,18,14,1,23,2,0,0,4,5,1,2,5,1,2,32,27
"6964",9,24,14,2,28,20,14,1,28,4,1,0,1,0,0,4,1,1,1,36,28
"6965",10,36,19,2,32,24,14,2,28,1,6,4,1,4,0,6,4,1,2,53,32
"6966",11,37,19,2,37,36,19,2,32,1,0,0,4,5,5,1,5,1,2,54,37
"6967",12,37,19,2,37,37,19,2,37,4,5,0,NA,0,0,0,0,0,0,54,37
"6968",0,0,0,0,0,0,0,0,0,0,0,0,0,0,0,0,0,0,0,0,0
"6969",1,4,1,1,5,1,1,1,1,3,1,4,1,4,0,3,4,1,2,3,4
"6970",2,5,1,7,8,4,1,1,5,1,0,0,6,2,6,1,6,1,1,4,13
"6971",3,5,9,7,10,5,1,7,8,2,6,0,2,0,0,6,2,2,2,12,15
"6972",4,9,21,12,10,5,9,7,10,5,2,6,5,2,0,6,5,2,1,28,20
"6973",5,11,21,17,10,9,21,12,10,2,0,0,5,2,1,2,5,1,1,30,25
"6974",6,12,21,17,12,11,21,17,10,2,1,0,2,0,0,1,2,1,2,31,27
"6975",7,12,25,17,17,12,21,17,12,5,4,5,5,5,0,4,5,2,2,35,32
"6976",8,12,30,17,22,12,25,17,17,5,0,0,2,5,1,5,5,2,2,40,37
"6977",9,12,32,18,22,12,30,17,22,2,1,0,1,0,0,2,1,2,1,42,38
"6978",10,18,35,18,27,12,32,18,22,3,5,6,3,5,0,6,5,1,2,51,43
"6979",11,21,35,19,27,18,35,18,27,3,0,0,1,4,4,3,1,1,1,54,44
"6980",12,21,35,19,27,21,35,19,27,4,4,0,NA,0,0,0,0,0,0,54,44
"6981",0,0,0,0,0,0,0,0,0,0,0,0,0,0,0,0,0,0,0,0,0
"6982",1,1,6,1,6,1,1,1,1,5,4,5,4,5,0,5,5,2,2,5,5
"6983",2,5,6,1,8,1,6,1,6,4,0,0,3,2,6,4,2,1,2,9,7
"6984",3,11,8,4,8,5,6,1,8,3,6,0,3,0,0,6,3,1,1,17,10
"6985",4,11,10,9,8,11,8,4,8,3,5,2,3,5,0,2,5,2,1,19,15
"6986",5,14,10,13,8,11,10,9,8,3,0,0,2,4,1,3,4,1,1,22,19
"6987",6,16,10,14,8,14,10,13,8,2,1,0,1,0,0,2,1,1,1,24,20
"6988",7,16,12,17,14,16,10,14,8,6,4,2,6,4,0,2,6,2,2,26,29
"6989",8,20,12,17,23,16,12,17,14,4,0,0,2,6,5,4,6,1,2,30,38
"6990",9,25,12,17,25,20,12,17,23,2,5,0,2,0,0,5,2,1,2,35,40
"6991",10,30,12,17,29,25,12,17,25,5,4,4,4,4,0,5,4,1,2,40,44
"6992",11,34,12,26,29,30,12,17,29,4,0,0,6,4,1,4,6,1,1,44,53
"6993",12,34,12,26,29,34,12,26,29,4,1,0,NA,0,0,0,0,0,0,44,53
"6994",0,0,0,0,0,0,0,0,0,0,0,0,0,0,0,0,0,0,0,0,0
"6995",1,1,5,1,5,1,1,1,1,4,4,2,4,2,0,4,4,2,2,4,4
"6996",2,3,5,4,11,1,5,1,5,2,0,0,5,4,6,2,6,1,2,6,13
"6997",3,3,10,8,11,3,5,4,11,5,4,0,4,0,0,5,4,2,1,11,17
"6998",4,3,14,8,13,3,10,8,11,1,2,4,1,2,0,4,2,2,2,15,19
"6999",5,3,15,12,13,3,14,8,13,1,0,0,3,1,4,1,4,2,1,16,23
"7000",6,6,15,13,13,3,15,12,13,3,1,0,1,0,0,3,1,1,1,19,24
"7001",7,10,15,19,23,6,15,13,13,6,4,1,6,1,0,4,6,1,1,23,40
"7002",8,11,15,20,23,10,15,19,23,1,0,0,3,1,4,1,1,1,1,24,41
"7003",9,11,19,23,23,11,15,20,23,3,4,0,3,0,0,4,3,2,1,28,44
"7004",10,11,24,24,23,11,19,23,23,5,1,5,1,5,0,5,1,2,1,33,45
"7005",11,16,24,31,23,11,24,24,23,5,0,0,4,6,4,5,6,1,1,38,52
"7006",12,16,24,31,23,16,24,31,23,4,4,0,NA,0,0,0,0,0,0,38,52
"7007",0,0,0,0,0,0,0,0,0,0,0,0,0,0,0,0,0,0,0,0,0
"7008",1,4,1,7,3,1,1,1,1,3,6,3,6,3,0,3,6,1,1,3,8
"7009",2,7,1,11,9,4,1,7,3,3,0,0,4,6,4,3,6,1,2,6,18
"7010",3,11,1,11,13,7,1,11,9,4,4,0,4,0,0,4,4,1,2,10,22
"7011",4,16,1,11,18,11,1,11,13,5,5,5,5,5,0,5,5,1,2,15,27
"7012",5,21,1,13,18,16,1,11,18,5,0,0,1,2,2,5,2,1,1,20,29
"7013",6,23,1,14,18,21,1,13,18,1,2,0,1,0,0,2,1,1,1,22,30
"7014",7,28,1,17,18,23,1,14,18,5,3,2,3,2,0,5,3,1,1,27,33
"7015",8,28,3,18,18,28,1,17,18,2,0,0,3,1,3,2,1,2,1,29,34
"7016",9,31,1,26,18,28,3,18,18,3,3,0,3,0,0,3,3,1,1,30,42
"7017",10,32,1,27,18,31,1,26,18,1,1,1,1,1,0,1,1,1,1,31,43
"7018",11,32,2,31,18,32,1,27,18,1,0,0,4,1,4,1,4,2,1,32,47
"7019",12,32,2,31,18,32,2,31,18,1,4,0,NA,0,0,0,0,0,0,32,47
"7020",0,0,0,0,0,0,0,0,0,0,0,0,0,0,0,0,0,0,0,0,0
"7021",1,6,1,7,2,1,1,1,1,5,6,2,6,2,0,5,6,1,1,5,7
"7022",2,8,1,13,13,6,1,7,2,2,0,0,2,1,6,2,6,1,1,7,24
"7023",3,10,1,14,13,8,1,13,13,2,1,0,1,0,0,2,1,1,1,9,25
"7024",4,15,1,17,13,10,1,14,13,5,3,4,3,4,0,5,3,1,1,14,28
"7025",5,15,5,17,16,15,1,17,13,4,0,0,3,1,4,4,3,2,2,18,31
"7026",6,15,9,18,16,15,5,17,16,1,4,0,1,0,0,4,1,2,1,22,32
"7027",7,18,9,18,20,15,9,18,16,4,3,5,4,5,0,3,4,1,2,25,36
"7028",8,18,1,18,35,18,9,18,20,5,0,0,4,2,6,5,6,2,2,17,51
"7029",9,22,1,18,37,18,1,18,35,4,2,0,2,0,0,4,2,1,2,21,53
"7030",10,29,1,23,37,22,1,18,37,5,6,5,5,5,0,6,5,1,1,28,58
"7031",11,29,6,30,39,29,1,23,37,5,0,0,2,1,2,5,2,2,2,33,105
"7032",12,29,6,30,39,29,6,30,39,1,2,0,NA,0,0,0,0,0,0,33,105
"7033",0,0,0,0,0,0,0,0,0,0,0,0,0,0,0,0,0,0,0,0,0
"7034",1,1,5,1,5,1,1,1,1,5,4,4,5,4,0,4,4,2,2,4,4
"7035",2,1,10,3,5,1,5,1,5,5,0,0,2,1,2,5,2,2,1,9,6
"7036",3,3,10,3,6,1,10,3,5,1,2,0,1,0,0,2,1,1,2,11,7
"7037",4,3,18,3,10,3,10,3,6,2,6,4,2,4,0,6,4,2,2,19,11
"7038",5,5,18,3,19,3,18,3,10,2,0,0,1,1,6,2,6,1,2,21,20
"7039",6,5,19,4,19,5,18,3,19,1,1,0,1,0,0,1,1,2,1,22,21
"7040",7,14,19,7,19,5,19,4,19,3,1,6,3,1,0,6,3,1,1,31,24
"7041",8,15,19,7,23,14,19,7,19,1,0,0,3,4,4,1,4,1,2,32,28
"7042",9,15,22,7,27,15,19,7,23,3,4,0,4,0,0,3,4,2,2,35,32
"7043",10,24,22,7,29,15,22,7,27,1,2,6,1,2,0,6,2,1,2,44,34
"7044",11,24,23,7,30,24,22,7,29,1,0,0,1,5,1,1,1,2,2,45,35
"7045",12,24,23,7,30,24,23,7,30,5,1,0,NA,0,0,0,0,0,0,45,35
"7046",0,0,0,0,0,0,0,0,0,0,0,0,0,0,0,0,0,0,0,0,0
"7047",1,1,4,6,1,1,1,1,1,2,5,3,2,5,0,3,5,2,1,3,5
"7048",2,3,4,6,12,1,4,6,1,2,0,0,6,2,6,2,6,1,2,5,16
"7049",3,9,7,6,14,3,4,6,12,2,6,0,2,0,0,6,2,1,2,14,18
"7050",4,10,7,10,14,9,7,6,14,1,1,4,1,4,0,1,4,1,1,15,22
"7051",5,11,7,14,20,10,7,10,14,1,0,0,4,6,4,1,6,1,2,16,32
"7052",6,11,11,14,24,11,7,14,20,4,4,0,4,0,0,4,4,2,2,20,36
"7053",7,11,12,18,24,11,11,14,24,4,5,1,4,5,0,1,4,2,1,21,40
"7054",8,16,12,29,24,11,12,18,24,5,0,0,1,6,5,5,6,1,1,26,51
"7055",9,17,12,29,29,16,12,29,24,1,5,0,5,0,0,1,5,1,2,27,56
"7056",10,18,12,29,33,17,12,29,29,5,1,4,5,4,0,1,4,1,2,28,60
"7057",11,23,12,31,33,18,12,29,33,5,0,0,2,2,4,5,2,1,1,33,62
"7058",12,23,12,31,33,23,12,31,33,2,4,0,NA,0,0,0,0,0,0,33,62
"7059",0,0,0,0,0,0,0,0,0,0,0,0,0,0,0,0,0,0,0,0,0
"7060",1,4,1,1,2,1,1,1,1,3,1,1,1,1,0,3,1,1,2,3,1
"7061",2,5,1,1,6,4,1,1,2,1,0,0,4,1,3,1,4,1,2,4,5
"7062",3,5,4,1,7,5,1,1,6,1,3,0,1,0,0,3,1,2,2,7,6
"7063",4,11,8,1,12,5,4,1,7,4,6,5,4,5,0,6,5,1,2,17,11
"7064",5,15,8,1,17,11,8,1,12,4,0,0,3,5,4,4,5,1,2,21,16
"7065",6,15,12,1,20,15,8,1,17,3,4,0,3,0,0,4,3,2,2,25,19
"7066",7,17,12,1,25,15,12,1,20,2,3,5,3,5,0,2,5,1,2,27,24
"7067",8,20,1,6,36,17,12,1,25,3,0,0,5,1,6,3,5,1,2,19,40
"7068",9,20,10,7,36,20,1,6,36,1,6,0,1,0,0,6,1,2,1,28,41
"7069",10,23,10,7,38,20,10,7,36,1,2,3,1,2,0,3,2,1,2,31,43
"7070",11,24,10,9,38,23,10,7,38,1,0,0,4,2,5,1,2,1,1,32,45
"7071",12,24,10,9,38,24,10,9,38,4,5,0,NA,0,0,0,0,0,0,32,45
"7072",0,0,0,0,0,0,0,0,0,0,0,0,0,0,0,0,0,0,0,0,0
"7073",1,1,6,5,13,1,1,1,1,6,4,5,6,4,0,5,6,2,2,5,16
"7074",2,1,10,14,13,1,6,5,13,4,0,0,2,6,2,4,6,2,1,9,25
"7075",3,3,10,14,15,1,10,14,13,2,2,0,2,0,0,2,2,1,2,11,27
"7076",4,5,10,24,21,3,10,14,15,4,6,2,4,6,0,2,6,1,1,13,43
"7077",5,9,10,24,26,5,10,24,21,4,0,0,5,5,4,4,5,1,2,17,48
"7078",6,9,15,24,30,9,10,24,26,5,4,0,4,0,0,5,4,2,2,22,52
"7079",7,11,15,26,30,9,15,24,30,4,2,2,4,2,0,2,2,1,1,24,54
"7080",8,11,19,30,36,11,15,26,30,4,0,0,2,6,6,4,6,2,2,28,64
"7081",9,13,25,30,38,11,19,30,36,2,6,0,2,0,0,6,2,2,2,36,66
"7082",10,13,27,32,38,13,25,30,38,2,3,2,3,2,0,2,2,2,1,38,68
"7083",11,13,30,35,38,13,27,32,38,3,0,0,3,2,3,3,3,2,1,41,71
"7084",12,13,30,35,38,13,30,35,38,2,3,0,NA,0,0,0,0,0,0,41,71
"7085",0,0,0,0,0,0,0,0,0,0,0,0,0,0,0,0,0,0,0,0,0
"7086",1,4,1,11,1,1,1,1,1,3,6,6,6,6,0,3,6,1,1,3,10
"7087",2,14,1,12,1,4,1,11,1,6,0,0,1,1,2,6,1,1,1,13,11
"7088",3,15,1,14,1,14,1,12,1,1,2,0,2,0,0,1,2,1,1,14,13
"7089",4,17,1,17,1,15,1,14,1,2,3,4,3,4,0,2,3,1,1,16,16
"7090",5,17,5,21,1,17,1,17,1,4,0,0,1,4,4,4,4,2,1,20,20
"7091",6,17,9,22,1,17,5,21,1,1,4,0,1,0,0,4,1,2,1,24,21
"7092",7,17,11,25,1,17,9,22,1,3,2,1,3,1,0,2,3,2,1,26,24
"7093",8,18,11,31,2,17,11,25,1,1,0,0,3,6,5,1,6,1,1,27,31
"7094",9,1,11,36,5,18,11,31,2,3,5,0,3,0,0,5,3,1,2,10,39
"7095",10,6,17,36,9,1,11,36,5,6,4,2,4,2,0,6,4,2,2,21,43
"7096",11,8,17,36,13,6,17,36,9,2,0,0,4,3,4,2,4,1,2,23,47
"7097",12,8,17,36,13,8,17,36,13,3,4,0,NA,0,0,0,0,0,0,23,47
"7098",0,0,0,0,0,0,0,0,0,0,0,0,0,0,0,0,0,0,0,0,0
"7099",1,1,6,4,1,1,1,1,1,3,5,3,3,3,0,5,3,2,1,5,3
"7100",2,4,6,4,9,1,6,4,1,3,0,0,3,6,3,3,6,1,2,8,11
"7101",3,7,6,4,12,4,6,4,9,3,3,0,3,0,0,3,3,1,2,11,14
"7102",4,12,6,4,17,7,6,4,12,5,1,5,1,5,0,5,5,1,2,16,19
"7103",5,13,6,8,17,12,6,4,17,1,0,0,4,1,3,1,4,1,1,17,23
"7104",6,13,9,8,18,13,6,8,17,1,3,0,1,0,0,3,1,2,2,20,24
"7105",7,13,14,8,23,13,9,8,18,2,5,5,2,5,0,5,5,2,2,25,29
"7106",8,15,14,9,29,13,14,8,23,2,0,0,6,5,1,2,6,1,2,27,36
"7107",9,20,14,10,29,15,14,9,29,5,1,0,1,0,0,5,1,1,1,32,37
"7108",10,20,15,12,29,20,14,10,29,1,2,1,2,1,0,1,2,2,1,33,39
"7109",11,21,15,18,30,20,15,12,29,1,0,0,6,3,1,1,6,1,1,34,46
"7110",12,21,15,18,30,21,15,18,30,3,1,0,NA,0,0,0,0,0,0,34,46
"7111",0,0,0,0,0,0,0,0,0,0,0,0,0,0,0,0,0,0,0,0,0
"7112",1,1,6,1,5,1,1,1,1,4,4,5,4,4,0,5,4,2,2,5,4
"7113",2,1,10,1,6,1,6,1,5,4,0,0,2,1,1,4,1,2,2,9,5
"7114",3,2,10,3,6,1,10,1,6,2,1,0,2,0,0,1,2,1,1,10,7
"7115",4,2,14,8,6,2,10,3,6,4,4,5,4,5,0,4,5,2,1,14,12
"7116",5,2,18,8,11,2,14,8,6,4,0,0,1,5,4,4,5,2,2,18,17
"7117",6,2,22,9,11,2,18,8,11,1,4,0,1,0,0,4,1,2,1,22,18
"7118",7,2,26,9,15,2,22,9,11,4,4,2,4,2,0,4,4,2,2,26,22
"7119",8,1,28,9,23,2,26,9,15,2,0,0,3,4,5,2,5,2,2,27,30
"7120",9,5,1,12,6,1,28,9,23,3,4,0,3,0,0,4,3,1,1,4,16
"7121",10,7,1,17,6,5,1,12,6,2,1,5,1,5,0,2,5,1,1,6,21
"7122",11,8,1,20,6,7,1,17,6,1,0,0,3,4,5,1,3,1,1,7,24
"7123",12,8,1,20,6,8,1,20,6,4,5,0,NA,0,0,0,0,0,0,7,24
"7124",0,0,0,0,0,0,0,0,0,0,0,0,0,0,0,0,0,0,0,0,0
"7125",1,3,1,1,6,1,1,1,1,3,2,5,3,5,0,2,5,1,2,2,5
"7126",2,6,1,1,11,3,1,1,6,3,0,0,5,5,2,3,5,1,2,5,10
"7127",3,11,1,3,11,6,1,1,11,5,2,0,2,0,0,5,2,1,1,10,12
"7128",4,12,1,9,14,11,1,3,11,3,1,6,3,6,0,1,6,1,1,11,21
"7129",5,12,4,9,15,12,1,9,14,3,0,0,1,1,5,3,1,2,2,14,22
"7130",6,17,4,10,15,12,4,9,15,1,5,0,1,0,0,5,1,1,1,19,23
"7131",7,22,4,13,15,17,4,10,15,5,1,3,1,3,0,5,3,1,1,24,26
"7132",8,23,4,15,15,22,4,13,15,1,0,0,1,1,2,1,2,1,1,25,28
"7133",9,24,4,15,16,23,4,15,15,1,1,0,1,0,0,1,1,1,2,26,29
"7134",10,29,1,15,33,24,4,15,16,5,6,5,6,5,0,5,6,1,2,28,46
"7135",11,1,1,17,33,29,1,15,33,5,0,0,1,1,6,5,1,1,1,0,48
"7136",12,1,1,17,33,1,1,17,33,1,6,0,NA,0,0,0,0,0,0,0,48
"7137",0,0,0,0,0,0,0,0,0,0,0,0,0,0,0,0,0,0,0,0,0
"7138",1,11,1,6,1,1,1,1,1,2,5,6,2,5,0,6,5,1,1,10,5
"7139",2,13,1,11,1,11,1,6,1,2,0,0,5,6,3,2,5,1,1,12,10
"7140",3,17,7,14,1,13,1,11,1,6,3,0,3,0,0,6,3,2,1,22,13
"7141",4,1,7,14,8,17,7,14,1,2,3,5,2,3,0,5,3,1,2,6,20
"7142",5,1,9,16,14,1,7,14,8,2,0,0,5,6,3,2,6,2,2,8,28
"7143",6,1,14,16,17,1,9,16,14,5,3,0,3,0,0,5,3,2,2,13,31
"7144",7,1,30,18,23,1,14,16,17,6,6,2,6,2,0,6,6,2,2,29,39
"7145",8,1,32,18,30,1,30,18,23,2,0,0,5,6,1,2,6,2,2,31,46
"7146",9,6,32,18,31,1,32,18,30,5,1,0,1,0,0,5,1,1,2,36,47
"7147",10,6,36,21,31,6,32,18,31,4,6,3,6,3,0,4,3,2,1,40,50
"7148",11,12,38,27,33,6,36,21,31,6,0,0,6,6,4,6,6,1,1,48,58
"7149",12,12,38,27,33,12,38,27,33,6,4,0,NA,0,0,0,0,0,0,48,58
"7150",0,0,0,0,0,0,0,0,0,0,0,0,0,0,0,0,0,0,0,0,0
"7151",1,5,1,6,1,1,1,1,1,2,4,5,2,5,0,4,5,1,1,4,5
"7152",2,7,1,11,1,5,1,6,1,2,0,0,5,1,2,2,5,1,1,6,10
"7153",3,7,2,13,1,7,1,11,1,1,2,0,2,0,0,1,2,2,1,7,12
"7154",4,7,5,17,7,7,2,13,1,6,3,2,6,2,0,3,6,2,2,10,22
"7155",5,7,7,17,11,7,5,17,7,2,0,0,5,2,4,2,4,2,2,12,26
"7156",6,12,7,17,13,7,7,17,11,5,2,0,2,0,0,5,2,1,2,17,28
"7157",7,14,7,18,13,12,7,17,13,1,3,2,1,3,0,2,1,1,1,19,29
"7158",8,14,10,18,16,14,7,18,13,3,0,0,2,4,3,3,3,2,2,22,32
"7159",9,18,10,20,16,14,10,18,16,2,4,0,2,0,0,4,2,1,1,26,34
"7160",10,20,10,23,16,18,10,20,16,3,2,1,3,1,0,2,3,1,1,28,37
"7161",11,21,10,24,16,20,10,23,16,1,0,0,1,5,1,1,1,1,1,29,38
"7162",12,21,10,24,16,21,10,24,16,5,1,0,NA,0,0,0,0,0,0,29,38
"7163",0,0,0,0,0,0,0,0,0,0,0,0,0,0,0,0,0,0,0,0,0
"7164",1,1,6,4,1,1,1,1,1,3,5,2,3,2,0,5,3,2,1,5,3
"7165",2,3,6,4,6,1,6,4,1,2,0,0,2,5,6,2,5,1,2,7,8
"7166",3,9,8,4,8,3,6,4,6,2,6,0,2,0,0,6,2,1,2,15,10
"7167",4,9,12,4,12,9,8,4,8,4,4,3,4,3,0,4,4,2,2,19,14
"7168",5,9,15,4,17,9,12,4,12,3,0,0,5,1,1,3,5,2,2,22,19
"7169",6,10,15,4,18,9,15,4,17,1,1,0,1,0,0,1,1,1,2,23,20
"7170",7,12,21,4,27,10,15,4,18,6,3,6,3,6,0,6,6,2,2,31,29
"7171",8,15,21,4,30,12,21,4,27,3,0,0,5,3,3,3,3,1,2,34,32
"7172",9,20,21,4,33,15,21,4,30,5,3,0,3,0,0,5,3,1,2,39,35
"7173",10,20,31,7,33,20,21,4,33,2,3,6,2,3,0,6,3,2,1,49,38
"7174",11,22,31,12,33,20,31,7,33,2,0,0,2,3,5,2,5,1,1,51,43
"7175",12,22,31,12,33,22,31,12,33,2,3,0,NA,0,0,0,0,0,0,51,43
"7176",0,0,0,0,0,0,0,0,0,0,0,0,0,0,0,0,0,0,0,0,0
"7177",1,4,1,4,1,1,1,1,1,3,3,3,3,3,0,3,3,1,1,3,3
"7178",2,4,4,4,5,4,1,4,1,3,0,0,4,1,2,3,4,2,2,6,7
"7179",3,4,5,6,5,4,4,4,5,1,2,0,2,0,0,1,2,2,1,7,9
"7180",4,4,13,8,5,4,5,6,5,1,6,2,1,2,0,6,2,2,1,15,11
"7181",5,5,13,9,11,4,13,8,5,1,0,0,6,3,3,1,6,1,2,16,18
"7182",6,8,13,12,11,5,13,9,11,3,3,0,3,0,0,3,3,1,1,19,21
"7183",7,8,16,12,14,8,13,12,11,3,1,3,1,3,0,3,3,2,2,22,24
"7184",8,9,16,17,14,8,16,12,14,1,0,0,1,5,1,1,5,1,1,23,29
"7185",9,9,17,18,14,9,16,17,14,1,1,0,1,0,0,1,1,2,1,24,30
"7186",10,11,17,18,16,9,17,18,14,2,1,2,1,2,0,2,2,1,2,26,32
"7187",11,12,17,20,16,11,17,18,16,1,0,0,2,4,1,1,2,1,1,27,34
"7188",12,12,17,20,16,12,17,20,16,4,1,0,NA,0,0,0,0,0,0,27,34
"7189",0,0,0,0,0,0,0,0,0,0,0,0,0,0,0,0,0,0,0,0,0
"7190",1,7,6,4,1,1,1,1,1,6,3,1,3,1,0,6,3,1,1,11,3
"7191",2,8,6,9,1,7,6,4,1,1,0,0,2,2,5,1,5,1,1,12,8
"7192",3,8,8,11,1,8,6,9,1,2,2,0,2,0,0,2,2,2,1,14,10
"7193",4,8,12,11,4,8,8,11,1,3,2,4,3,2,0,4,3,2,2,18,13
"7194",5,10,12,11,13,8,12,11,4,2,0,0,4,6,3,2,6,1,2,20,22
"7195",6,10,16,11,16,10,12,11,13,4,3,0,3,0,0,4,3,2,2,24,25
"7196",7,15,16,15,16,10,16,11,16,4,1,5,4,1,0,5,4,1,1,29,29
"7197",8,15,17,15,21,15,16,15,16,1,0,0,3,5,4,1,5,2,2,30,34
"7198",9,19,17,18,21,15,17,15,21,3,4,0,3,0,0,4,3,1,1,34,37
"7199",10,19,20,18,31,19,17,18,21,6,3,3,6,3,0,3,6,2,2,37,47
"7200",11,19,23,22,31,19,20,18,31,3,0,0,4,5,4,3,4,2,1,40,51
"7201",12,19,23,22,31,19,23,22,31,5,4,0,NA,0,0,0,0,0,0,40,51
"7202",0,0,0,0,0,0,0,0,0,0,0,0,0,0,0,0,0,0,0,0,0
"7203",1,6,1,6,1,1,1,1,1,5,5,2,5,2,0,5,5,1,1,5,5
"7204",2,6,3,6,10,6,1,6,1,2,0,0,6,3,1,2,6,2,2,7,14
"7205",3,6,6,6,11,6,3,6,10,3,1,0,1,0,0,3,1,2,2,10,15
"7206",4,9,6,9,11,6,6,6,11,3,3,1,3,1,0,3,3,1,1,13,18
"7207",5,9,7,16,11,9,6,9,11,1,0,0,5,6,1,1,6,2,1,14,25
"7208",6,14,7,16,12,9,7,16,11,5,1,0,1,0,0,5,1,1,2,19,26
"7209",7,20,8,18,12,14,7,16,12,6,2,1,2,1,0,6,2,1,1,26,28
"7210",8,20,9,18,13,20,8,18,12,1,0,0,6,1,6,1,1,2,2,27,29
"7211",9,29,1,30,13,20,9,18,13,6,6,0,6,0,0,6,6,1,1,28,41
"7212",10,31,4,30,5,29,1,30,13,4,2,1,4,1,0,2,4,1,2,33,33
"7213",11,31,5,39,8,31,4,30,5,1,0,0,6,4,5,1,6,2,1,34,83
"7214",12,31,5,39,8,31,5,39,8,4,5,0,NA,0,0,0,0,0,0,34,83
"7215",0,0,0,0,0,0,0,0,0,0,0,0,0,0,0,0,0,0,0,0,0
"7216",1,6,1,1,4,1,1,1,1,3,2,5,3,2,0,5,3,1,2,5,3
"7217",2,8,1,1,9,6,1,1,4,2,0,0,6,4,5,2,5,1,2,7,8
"7218",3,12,1,1,18,8,1,1,9,6,4,0,6,0,0,4,6,1,2,11,17
"7219",4,1,1,1,34,12,1,1,18,5,6,1,6,1,0,5,6,2,2,0,33
"7220",5,2,1,1,38,1,1,1,34,1,0,0,4,6,6,1,4,1,2,1,37
"7221",6,10,1,8,38,2,1,1,38,6,6,0,6,0,0,6,6,1,1,9,44
"7222",7,14,1,12,38,10,1,8,38,4,4,2,4,2,0,4,4,1,1,13,48
"7223",8,16,1,16,38,14,1,12,38,2,0,0,4,5,3,2,4,1,1,15,52
"7224",9,21,1,19,38,16,1,16,38,5,3,0,3,0,0,5,3,1,1,20,55
"7225",10,21,2,22,38,21,1,19,38,3,1,1,3,1,0,1,3,2,1,21,58
"7226",11,22,2,27,38,21,2,22,38,1,0,0,5,4,2,1,5,1,1,22,63
"7227",12,22,2,27,38,22,2,27,38,4,2,0,NA,0,0,0,0,0,0,22,63
"7228",0,0,0,0,0,0,0,0,0,0,0,0,0,0,0,0,0,0,0,0,0
"7229",1,1,2,1,2,1,1,1,1,1,1,2,1,2,0,1,1,2,2,1,1
"7230",2,3,2,1,7,1,2,1,2,2,0,0,6,3,5,2,5,1,2,3,6
"7231",3,10,2,1,10,3,2,1,7,6,3,0,3,0,0,6,3,1,2,10,9
"7232",4,10,4,1,12,10,2,1,10,1,2,2,1,2,0,2,2,2,2,12,11
"7233",5,11,4,2,12,10,4,1,12,1,0,0,2,1,1,1,1,1,1,13,12
"7234",6,13,4,2,13,11,4,2,12,2,1,0,1,0,0,2,1,1,2,15,13
"7235",7,16,4,2,18,13,4,2,13,3,3,5,3,5,0,3,5,1,2,18,18
"7236",8,19,4,2,23,16,4,2,18,3,0,0,6,5,2,3,5,1,2,21,23
"7237",9,23,16,4,23,19,4,2,23,6,2,0,2,0,0,6,2,2,1,37,25
"7238",10,23,19,4,26,23,16,4,23,3,3,3,3,3,0,3,3,2,2,40,28
"7239",11,26,19,4,29,23,19,4,26,3,0,0,1,5,3,3,3,1,2,43,31
"7240",12,26,19,4,29,26,19,4,29,1,5,0,NA,0,0,0,0,0,0,43,31
"7241",0,0,0,0,0,0,0,0,0,0,0,0,0,0,0,0,0,0,0,0,0
"7242",1,5,7,3,1,1,1,1,1,2,2,6,2,2,0,6,2,2,1,10,2
"7243",2,7,7,5,1,5,7,3,1,2,0,0,2,3,1,2,2,1,1,12,4
"7244",3,7,10,5,2,7,7,5,1,3,1,0,1,0,0,3,1,2,2,15,5
"7245",4,7,14,9,2,7,10,5,2,4,6,4,6,4,0,4,4,2,1,19,9
"7246",5,19,19,20,2,7,14,9,2,6,0,0,3,6,5,6,6,1,1,36,20
"7247",6,24,19,23,2,19,19,20,2,3,5,0,3,0,0,5,3,1,1,41,23
"7248",7,27,19,23,4,24,19,23,2,1,2,3,1,2,0,3,2,1,2,44,25
"7249",8,1,19,23,14,27,19,23,4,1,0,0,6,2,6,1,6,1,2,18,35
"7250",9,4,25,23,16,1,19,23,14,2,6,0,2,0,0,6,2,2,2,27,37
"7251",10,6,25,4,16,4,25,23,16,1,3,2,3,2,0,1,3,1,1,29,18
"7252",11,8,25,4,18,6,25,4,16,2,0,0,5,2,2,2,2,1,2,31,20
"7253",12,8,25,4,18,8,25,4,18,5,2,0,NA,0,0,0,0,0,0,31,20
"7254",0,0,0,0,0,0,0,0,0,0,0,0,0,0,0,0,0,0,0,0,0
"7255",1,1,5,4,7,1,1,1,1,4,4,6,4,6,0,4,6,2,2,4,9
"7256",2,5,5,8,7,1,5,4,7,4,0,0,1,4,4,4,4,1,1,8,13
"7257",3,5,9,9,7,5,5,8,7,1,4,0,1,0,0,4,1,2,1,12,14
"7258",4,10,9,9,8,5,9,9,7,5,1,2,1,2,0,5,1,1,2,17,15
"7259",5,10,11,9,13,10,9,9,8,2,0,0,5,2,5,2,5,2,2,19,20
"7260",6,10,16,9,15,10,11,9,13,2,5,0,2,0,0,5,2,2,2,24,22
"7261",7,10,20,9,19,10,16,9,15,4,1,4,1,4,0,4,4,2,2,28,26
"7262",8,11,20,20,19,10,20,9,19,1,0,0,3,6,2,1,6,1,1,29,37
"7263",9,14,20,22,19,11,20,20,19,3,2,0,2,0,0,3,2,1,1,32,39
"7264",10,19,20,26,19,14,20,22,19,4,1,5,4,1,0,5,4,1,1,37,43
"7265",11,20,20,27,19,19,20,26,19,1,0,0,1,5,1,1,1,1,1,38,44
"7266",12,20,20,27,19,20,20,27,19,5,1,0,NA,0,0,0,0,0,0,38,44
"7267",0,0,0,0,0,0,0,0,0,0,0,0,0,0,0,0,0,0,0,0,0
"7268",1,4,7,1,6,1,1,1,1,4,6,5,4,5,0,6,5,2,2,9,5
"7269",2,4,11,1,14,4,7,1,6,4,0,0,6,1,5,4,6,2,2,13,13
"7270",3,4,16,1,15,4,11,1,14,1,5,0,1,0,0,5,1,2,2,18,14
"7271",4,7,16,2,21,4,16,1,15,3,6,1,6,1,0,3,6,1,2,21,21
"7272",5,7,17,5,21,7,16,2,21,1,0,0,3,1,5,1,3,2,1,22,24
"7273",6,7,22,6,21,7,17,5,21,1,5,0,1,0,0,5,1,2,1,27,25
"7274",7,7,28,3,21,7,22,6,21,2,1,2,1,2,0,2,2,2,1,33,22
"7275",8,1,28,5,26,7,28,3,21,1,0,0,5,5,3,1,5,1,2,27,29
"7276",9,1,33,5,29,1,28,5,26,5,3,0,3,0,0,5,3,2,2,32,32
"7277",10,9,39,7,29,1,33,5,29,3,6,2,3,2,0,6,2,2,1,84,34
"7278",11,12,39,7,31,9,39,7,29,3,0,0,6,2,2,3,2,1,2,87,36
"7279",12,12,39,7,31,12,39,7,31,6,2,0,NA,0,0,0,0,0,0,87,36
"7280",0,0,0,0,0,0,0,0,0,0,0,0,0,0,0,0,0,0,0,0,0
"7281",1,3,1,1,4,1,1,1,1,3,2,2,3,2,0,2,3,1,2,2,3
"7282",2,5,1,5,4,3,1,1,4,2,0,0,3,6,4,2,4,1,1,4,7
"7283",3,16,1,5,7,5,1,5,4,3,6,0,3,0,0,6,3,1,2,15,10
"7284",4,16,9,10,7,16,1,5,7,6,5,3,5,3,0,6,5,2,1,23,15
"7285",5,19,9,10,12,16,9,10,7,3,0,0,5,4,5,3,5,1,2,26,20
"7286",6,24,9,14,12,19,9,10,12,4,5,0,4,0,0,5,4,1,1,31,24
"7287",7,24,26,18,12,24,9,14,12,1,4,6,1,4,0,6,4,2,1,48,28
"7288",8,25,26,20,12,24,26,18,12,1,0,0,1,2,5,1,2,1,1,49,30
"7289",9,26,26,25,12,25,26,20,12,1,5,0,5,0,0,1,5,1,1,50,35
"7290",10,31,26,30,12,26,26,25,12,5,2,5,2,5,0,5,5,1,1,55,40
"7291",11,33,26,31,12,31,26,30,12,2,0,0,1,1,1,2,1,1,1,57,41
"7292",12,33,26,31,12,33,26,31,12,1,1,0,NA,0,0,0,0,0,0,57,41
"7293",0,0,0,0,0,0,0,0,0,0,0,0,0,0,0,0,0,0,0,0,0
"7294",1,3,7,1,6,1,1,1,1,2,6,5,2,5,0,6,5,2,2,8,5
"7295",2,3,9,1,15,3,7,1,6,2,0,0,3,6,6,2,6,2,2,10,14
"7296",3,3,1,14,15,3,9,1,15,3,6,0,3,0,0,6,3,2,1,2,27
"7297",4,3,3,19,15,3,1,14,15,3,2,5,3,5,0,2,5,2,1,4,32
"7298",5,6,3,19,19,3,3,19,15,3,0,0,3,3,4,3,4,1,2,7,36
"7299",6,9,3,22,19,6,3,19,19,3,3,0,3,0,0,3,3,1,1,10,39
"7300",7,14,3,25,19,9,3,22,19,3,5,3,3,3,0,5,3,1,1,15,42
"7301",8,14,6,33,19,14,3,25,19,3,0,0,3,6,4,3,6,2,1,18,50
"7302",9,14,10,36,19,14,6,33,19,3,4,0,3,0,0,4,3,2,1,22,53
"7303",10,15,10,36,21,14,10,36,19,2,4,1,2,4,0,1,2,1,2,23,55
"7304",11,19,10,36,26,15,10,36,21,4,0,0,5,3,4,4,5,1,2,27,60
"7305",12,19,10,36,26,19,10,36,26,3,4,0,NA,0,0,0,0,0,0,27,60
"7306",0,0,0,0,0,0,0,0,0,0,0,0,0,0,0,0,0,0,0,0,0
"7307",1,6,1,1,4,1,1,1,1,2,5,3,2,3,0,5,3,1,2,5,3
"7308",2,6,3,3,4,6,1,1,4,2,0,0,1,2,3,2,2,2,1,7,5
"7309",3,7,3,6,4,6,3,3,4,1,3,0,3,0,0,1,3,1,1,8,8
"7310",4,16,3,11,4,7,3,6,4,5,2,6,5,2,0,6,5,1,1,17,13
"7311",5,16,5,15,4,16,3,11,4,2,0,0,1,4,3,2,4,2,1,19,17
"7312",6,16,8,16,4,16,5,15,4,1,3,0,1,0,0,3,1,2,1,22,18
"7313",7,20,8,18,4,16,8,16,4,4,2,2,2,2,0,4,2,1,1,26,20
"7314",8,20,10,29,4,20,8,18,4,2,0,0,3,5,6,2,6,2,1,28,31
"7315",9,1,10,29,11,20,10,29,4,3,5,0,3,0,0,5,3,1,2,9,38
"7316",10,5,11,1,18,1,10,29,11,4,1,6,4,6,0,1,6,2,2,14,17
"7317",11,5,15,5,18,5,11,1,18,4,0,0,2,1,4,4,4,2,1,18,21
"7318",12,5,15,5,18,5,15,5,18,2,1,0,NA,0,0,0,0,0,0,18,21
"7319",0,0,0,0,0,0,0,0,0,0,0,0,0,0,0,0,0,0,0,0,0
"7320",1,7,2,5,1,1,1,1,1,6,2,4,2,4,0,6,4,1,1,7,4
"7321",2,7,4,5,6,7,2,5,1,2,0,0,5,1,1,2,5,2,2,9,9
"7322",3,8,4,5,7,7,4,5,6,1,1,0,1,0,0,1,1,1,2,10,10
"7323",4,8,7,5,8,8,4,5,7,1,3,1,1,1,0,3,1,2,2,13,11
"7324",5,9,7,5,11,8,7,5,8,1,0,0,1,3,1,1,3,1,2,14,14
"7325",6,10,7,6,11,9,7,5,11,1,1,0,1,0,0,1,1,1,1,15,15
"7326",7,16,17,6,13,10,7,6,11,6,2,3,2,3,0,6,2,2,2,31,17
"7327",8,19,17,6,18,16,17,6,13,3,0,0,6,5,1,3,5,1,2,34,22
"7328",9,19,25,2,18,19,17,6,18,6,1,0,1,0,0,6,1,2,1,42,18
"7329",10,1,31,3,19,19,25,2,18,6,3,1,3,1,0,6,1,2,1,30,20
"7330",11,1,34,5,19,1,31,3,19,3,0,0,6,2,2,3,2,2,1,33,22
"7331",12,1,34,5,19,1,34,5,19,6,2,0,NA,0,0,0,0,0,0,33,22
"7332",0,0,0,0,0,0,0,0,0,0,0,0,0,0,0,0,0,0,0,0,0
"7333",1,6,1,4,1,1,1,1,1,3,5,3,3,3,0,5,3,1,1,5,3
"7334",2,9,1,4,3,6,1,4,1,3,0,0,2,2,5,3,2,1,2,8,5
"7335",3,14,1,4,5,9,1,4,3,2,5,0,2,0,0,5,2,1,2,13,7
"7336",4,14,12,4,8,14,1,4,5,1,6,3,1,3,0,6,3,2,2,24,10
"7337",5,14,13,4,13,14,12,4,8,1,0,0,3,1,5,1,5,2,2,25,15
"7338",6,14,16,5,13,14,13,4,13,3,1,0,1,0,0,3,1,2,1,28,16
"7339",7,14,20,5,15,14,16,5,13,2,4,1,2,1,0,4,2,2,2,32,18
"7340",8,15,20,5,20,14,20,5,15,1,0,0,1,3,5,1,5,1,2,33,23
"7341",9,18,20,5,21,15,20,5,20,1,3,0,1,0,0,3,1,1,2,36,24
"7342",10,18,24,5,26,18,20,5,21,5,4,5,5,5,0,4,5,2,2,40,29
"7343",11,18,1,11,30,18,24,5,26,5,0,0,6,6,4,5,6,2,1,17,39
"7344",12,18,1,11,30,18,1,11,30,6,4,0,NA,0,0,0,0,0,0,17,39
"7345",0,0,0,0,0,0,0,0,0,0,0,0,0,0,0,0,0,0,0,0,0
"7346",1,1,5,1,3,1,1,1,1,1,4,2,1,2,0,4,2,2,2,4,2
"7347",2,1,6,6,3,1,5,1,3,1,0,0,5,1,4,1,5,2,1,5,7
"7348",3,1,10,7,3,1,6,6,3,1,4,0,1,0,0,4,1,2,1,9,8
"7349",4,7,12,7,8,1,10,7,3,3,6,5,3,5,0,6,5,1,2,17,13
"7350",5,10,12,12,8,7,12,7,8,3,0,0,3,5,5,3,5,1,1,20,18
"7351",6,15,12,12,11,10,12,12,8,3,5,0,3,0,0,5,3,1,2,25,21
"7352",7,24,12,12,14,15,12,12,11,3,6,1,3,1,0,6,3,1,2,34,24
"7353",8,25,12,12,18,24,12,12,14,1,0,0,6,4,2,1,4,1,2,35,28
"7354",9,25,22,12,20,25,12,12,18,6,2,0,2,0,0,6,2,2,2,45,30
"7355",10,25,27,14,20,25,22,12,20,5,1,2,1,2,0,5,2,2,1,50,32
"7356",11,26,27,18,20,25,27,14,20,1,0,0,4,4,2,1,4,1,1,51,36
"7357",12,26,27,18,20,26,27,18,20,4,2,0,NA,0,0,0,0,0,0,51,36
"7358",0,0,0,0,0,0,0,0,0,0,0,0,0,0,0,0,0,0,0,0,0
"7359",1,1,6,1,3,1,1,1,1,5,2,2,2,2,0,5,2,2,2,5,2
"7360",2,3,6,1,8,1,6,1,3,2,0,0,2,3,5,2,5,1,2,7,7
"7361",3,5,6,1,11,3,6,1,8,2,3,0,3,0,0,2,3,1,2,9,10
"7362",4,11,7,1,12,5,6,1,11,1,6,1,1,1,0,6,1,1,2,16,11
"7363",5,12,7,1,16,11,7,1,12,1,0,0,4,3,5,1,4,1,2,17,15
"7364",6,15,7,1,21,12,7,1,16,3,5,0,5,0,0,3,5,1,2,20,20
"7365",7,15,18,1,26,15,7,1,21,6,3,5,3,5,0,6,5,2,2,31,25
"7366",8,18,18,1,29,15,18,1,26,3,0,0,3,2,1,3,3,1,2,34,28
"7367",9,18,19,1,31,18,18,1,29,2,1,0,2,0,0,1,2,2,2,35,30
"7368",10,18,21,1,34,18,19,1,31,2,3,1,3,1,0,2,3,2,2,37,33
"7369",11,18,1,9,39,18,21,1,34,1,0,0,2,5,6,1,5,2,2,17,84
"7370",12,18,1,9,39,18,1,9,39,2,6,0,NA,0,0,0,0,0,0,17,84
"7371",0,0,0,0,0,0,0,0,0,0,0,0,0,0,0,0,0,0,0,0,0
"7372",1,1,5,5,1,1,1,1,1,4,4,4,4,4,0,4,4,2,1,4,4
"7373",2,5,5,7,1,1,5,5,1,4,0,0,2,3,1,4,2,1,1,8,6
"7374",3,5,8,7,2,5,5,7,1,3,1,0,1,0,0,3,1,2,2,11,7
"7375",4,11,13,11,2,5,8,7,2,6,3,4,3,4,0,6,4,1,1,22,11
"7376",5,11,16,12,2,11,13,11,2,3,0,0,5,1,1,3,1,2,1,25,12
"7377",6,16,16,13,2,11,16,12,2,5,1,0,1,0,0,5,1,1,1,30,13
"7378",7,1,16,13,8,16,16,13,2,2,3,4,2,3,0,4,3,1,2,15,19
"7379",8,3,16,16,14,1,16,13,8,2,0,0,5,3,6,2,6,1,2,17,28
"7380",9,3,21,16,17,3,16,16,14,5,3,0,3,0,0,5,3,2,2,22,31
"7381",10,3,24,16,30,3,21,16,17,1,6,3,1,6,0,3,6,2,2,25,44
"7382",11,4,24,18,30,3,24,16,30,1,0,0,2,5,5,1,2,1,1,26,46
"7383",12,4,24,18,30,4,24,18,30,5,5,0,NA,0,0,0,0,0,0,26,46
"7384",0,0,0,0,0,0,0,0,0,0,0,0,0,0,0,0,0,0,0,0,0
"7385",1,10,7,3,1,1,1,1,1,2,1,6,2,1,0,6,2,2,1,15,2
"7386",2,10,8,3,10,10,7,3,1,1,0,0,6,6,1,1,6,2,2,16,11
"7387",3,16,14,3,11,10,8,3,10,6,1,0,1,0,0,6,1,1,2,28,12
"7388",4,20,14,3,13,16,14,3,11,2,2,4,2,2,0,4,2,1,2,32,14
"7389",5,20,16,3,18,20,14,3,13,2,0,0,2,5,1,2,5,2,2,34,19
"7390",6,20,18,4,18,20,16,3,18,2,1,0,1,0,0,2,1,2,1,36,20
"7391",7,20,23,7,18,20,18,4,18,2,3,5,2,3,0,5,3,2,1,41,23
"7392",8,22,23,7,22,20,23,7,18,2,0,0,1,3,4,2,4,1,2,43,27
"7393",9,26,29,1,23,22,23,7,22,1,3,0,1,0,0,3,1,1,2,53,22
"7394",10,37,29,1,32,26,29,1,23,1,6,6,1,6,0,6,6,1,2,64,31
"7395",11,38,29,1,37,37,29,1,32,1,0,0,6,5,5,1,5,1,2,65,36
"7396",12,38,29,1,37,38,29,1,37,6,5,0,NA,0,0,0,0,0,0,65,36
"7397",0,0,0,0,0,0,0,0,0,0,0,0,0,0,0,0,0,0,0,0,0
"7398",1,6,1,6,7,1,1,1,1,5,4,6,4,6,0,5,6,1,2,5,11
"7399",2,10,1,6,9,6,1,6,7,4,0,0,2,2,4,4,2,1,2,9,13
"7400",3,10,5,8,9,10,1,6,9,2,4,0,2,0,0,4,2,2,1,13,15
"7401",4,10,9,13,9,10,5,8,9,1,4,5,1,5,0,4,5,2,1,17,20
"7402",5,10,10,17,9,10,9,13,9,1,0,0,1,4,5,1,4,2,1,18,24
"7403",6,15,10,18,9,10,10,17,9,1,5,0,1,0,0,5,1,1,1,23,25
"7404",7,15,12,18,13,15,10,18,9,2,2,4,2,4,0,2,4,2,2,25,29
"7405",8,17,12,24,18,15,12,18,13,2,0,0,2,6,4,2,6,1,1,27,40
"7406",9,17,16,24,20,17,12,24,18,2,4,0,2,0,0,4,2,2,2,31,42
"7407",10,17,19,27,20,17,16,24,20,3,3,2,3,2,0,3,3,2,1,34,45
"7408",11,19,19,32,20,17,19,27,20,2,0,0,5,4,4,2,5,1,1,36,50
"7409",12,19,19,32,20,19,19,32,20,4,4,0,NA,0,0,0,0,0,0,36,50
"7410",0,0,0,0,0,0,0,0,0,0,0,0,0,0,0,0,0,0,0,0,0
"7411",1,1,5,1,4,1,1,1,1,2,3,4,2,3,0,4,3,2,2,4,3
"7412",2,1,7,1,8,1,5,1,4,2,0,0,4,3,4,2,4,2,2,6,7
"7413",3,5,7,1,11,1,7,1,8,3,4,0,3,0,0,4,3,1,2,10,10
"7414",4,5,12,1,13,5,7,1,11,3,5,2,3,2,0,5,2,2,2,15,12
"7415",5,8,12,1,21,5,12,1,13,3,0,0,6,6,1,3,6,1,2,18,20
"7416",6,8,1,2,22,8,12,1,21,6,1,0,1,0,0,6,1,2,1,7,22
"7417",7,8,3,3,22,8,1,2,22,2,1,5,1,5,0,2,1,2,1,9,23
"7418",8,13,3,7,22,8,3,3,22,5,0,0,2,2,4,5,4,1,1,14,27
"7419",9,15,3,7,24,13,3,7,22,2,2,0,2,0,0,2,2,1,2,16,29
"7420",10,21,4,7,28,15,3,7,24,4,6,2,4,2,0,6,4,1,2,23,33
"7421",11,21,6,7,36,21,4,7,28,2,0,0,6,6,2,2,6,2,2,25,41
"7422",12,21,6,7,36,21,6,7,36,6,2,0,NA,0,0,0,0,0,0,25,41
"7423",0,0,0,0,0,0,0,0,0,0,0,0,0,0,0,0,0,0,0,0,0
"7424",1,4,1,4,1,1,1,1,1,2,3,3,2,3,0,3,3,1,1,3,3
"7425",2,6,1,9,1,4,1,4,1,2,0,0,5,5,4,2,5,1,1,5,8
"7426",3,6,6,9,5,6,1,9,1,5,4,0,4,0,0,5,4,2,2,10,12
"7427",4,13,6,12,5,6,6,9,5,6,3,1,3,1,0,6,3,1,1,17,15
"7428",5,13,7,16,5,13,6,12,5,1,0,0,1,4,3,1,4,2,1,18,19
"7429",6,16,7,17,5,13,7,16,5,1,3,0,1,0,0,3,1,1,1,21,20
"7430",7,16,12,21,5,16,7,17,5,1,5,4,1,4,0,5,4,2,1,26,24
"7431",8,17,12,26,5,16,12,21,5,1,0,0,2,5,3,1,5,1,1,27,29
"7432",9,20,12,26,7,17,12,26,5,2,3,0,2,0,0,3,2,1,2,30,31
"7433",10,20,16,26,11,20,12,26,7,4,3,4,3,4,0,4,4,2,2,34,35
"7434",11,20,19,30,11,20,16,26,11,3,0,0,2,4,2,3,4,2,1,37,39
"7435",12,20,19,30,11,20,19,30,11,2,2,0,NA,0,0,0,0,0,0,37,39
"7436",0,0,0,0,0,0,0,0,0,0,0,0,0,0,0,0,0,0,0,0,0
"7437",1,4,1,3,1,1,1,1,1,2,3,2,2,2,0,3,2,1,1,3,2
"7438",2,4,3,3,3,4,1,3,1,2,0,0,2,2,1,2,2,2,2,5,4
"7439",3,4,5,3,4,4,3,3,3,2,1,0,1,0,0,2,1,2,2,7,5
"7440",4,4,6,6,4,4,5,3,4,1,3,1,3,1,0,1,3,2,1,8,8
"7441",5,4,7,8,10,4,6,6,4,1,0,0,3,6,2,1,6,2,2,9,16
"7442",6,4,10,8,12,4,7,8,10,3,2,0,2,0,0,3,2,2,2,12,18
"7443",7,8,10,14,15,4,10,8,12,4,6,4,6,4,0,4,6,1,1,16,27
"7444",8,12,10,18,21,8,10,14,15,4,0,0,5,2,6,4,6,1,2,20,37
"7445",9,14,10,18,26,12,10,18,21,5,2,0,5,0,0,2,5,1,2,22,42
"7446",10,18,10,21,26,14,10,18,26,5,4,3,5,3,0,4,3,1,1,26,45
"7447",11,23,10,32,26,18,10,21,26,5,0,0,6,1,4,5,6,1,1,31,56
"7448",12,23,10,32,26,23,10,32,26,1,4,0,NA,0,0,0,0,0,0,31,56
"7449",0,0,0,0,0,0,0,0,0,0,0,0,0,0,0,0,0,0,0,0,0
"7450",1,2,1,8,1,1,1,1,1,4,1,6,4,6,0,1,6,1,1,1,7
"7451",2,2,5,8,6,2,1,8,1,4,0,0,2,5,1,4,5,2,2,5,12
"7452",3,3,5,8,8,2,5,8,6,2,1,0,2,0,0,1,2,1,2,6,14
"7453",4,3,10,18,14,3,5,8,8,5,5,6,5,6,0,5,6,2,2,11,30
"7454",5,3,15,18,18,3,10,18,14,5,0,0,1,4,1,5,4,2,2,16,34
"7455",6,4,15,19,18,3,15,18,18,1,1,0,1,0,0,1,1,1,1,17,35
"7456",7,4,20,19,21,4,15,19,18,5,4,3,4,3,0,5,3,2,2,22,38
"7457",8,4,24,23,21,4,20,19,21,4,0,0,2,4,3,4,4,2,1,26,42
"7458",9,4,27,25,21,4,24,23,21,2,3,0,2,0,0,3,2,2,1,29,44
"7459",10,5,33,32,21,4,27,25,21,2,6,6,2,6,0,6,6,2,1,36,51
"7460",11,5,35,36,21,5,33,32,21,2,0,0,6,4,3,2,4,2,1,38,55
"7461",12,5,35,36,21,5,35,36,21,6,3,0,NA,0,0,0,0,0,0,38,55
"7462",0,0,0,0,0,0,0,0,0,0,0,0,0,0,0,0,0,0,0,0,0
"7463",1,8,1,1,5,1,1,1,1,6,1,4,1,4,0,6,4,1,2,7,4
"7464",2,9,1,8,11,8,1,1,5,1,0,0,6,1,6,1,6,1,2,8,17
"7465",3,15,5,9,11,9,1,8,11,1,6,0,1,0,0,6,1,1,1,18,18
"7466",4,20,11,9,14,15,5,9,11,6,3,1,3,1,0,6,3,2,2,29,21
"7467",5,20,12,9,18,20,11,9,14,1,0,0,1,4,3,1,4,2,2,30,25
"7468",6,20,15,9,19,20,12,9,18,1,3,0,1,0,0,3,1,2,2,33,26
"7469",7,25,15,9,23,20,15,9,19,4,5,3,4,3,0,5,4,1,2,38,30
"7470",8,25,18,9,24,25,15,9,23,3,0,0,1,3,1,3,1,2,2,41,31
"7471",9,25,21,9,25,25,18,9,24,3,1,0,1,0,0,3,1,2,2,44,32
"7472",10,25,29,5,25,25,21,9,25,6,1,4,1,4,0,6,4,2,1,52,28
"7473",11,25,30,5,30,25,29,5,25,1,0,0,6,6,5,1,5,2,2,53,33
"7474",12,25,30,5,30,25,30,5,30,6,6,0,NA,0,0,0,0,0,0,53,33
"7475",0,0,0,0,0,0,0,0,0,0,0,0,0,0,0,0,0,0,0,0,0
"7476",1,1,6,1,6,1,1,1,1,5,5,1,5,1,0,5,5,2,2,5,5
"7477",2,2,6,1,9,1,6,1,6,1,0,0,2,3,3,1,3,1,2,6,8
"7478",3,2,9,1,11,2,6,1,9,2,3,0,2,0,0,3,2,2,2,9,10
"7479",4,2,13,1,16,2,9,1,11,2,4,5,2,5,0,4,5,2,2,13,15
"7480",5,2,15,5,16,2,13,1,16,2,0,0,4,3,3,2,4,2,1,15,19
"7481",6,2,18,8,16,2,15,5,16,3,3,0,3,0,0,3,3,2,1,18,22
"7482",7,1,18,8,23,2,18,8,16,5,6,2,5,6,0,2,6,1,2,17,29
"7483",8,1,23,8,38,1,18,8,23,5,0,0,4,4,6,5,6,2,2,22,44
"7484",9,1,27,12,38,1,23,8,38,4,4,0,4,0,0,4,4,2,1,26,48
"7485",10,5,27,16,38,1,27,12,38,1,4,4,1,4,0,4,4,1,1,30,52
"7486",11,6,27,18,38,5,27,16,38,1,0,0,2,6,6,1,2,1,1,31,54
"7487",12,6,27,18,38,6,27,18,38,6,6,0,NA,0,0,0,0,0,0,31,54
"7488",0,0,0,0,0,0,0,0,0,0,0,0,0,0,0,0,0,0,0,0,0
"7489",1,1,5,3,1,1,1,1,1,1,2,4,1,2,0,4,2,2,1,4,2
"7490",2,1,6,3,3,1,5,3,1,1,0,0,2,1,2,1,2,2,2,5,4
"7491",3,3,6,3,4,1,6,3,3,1,2,0,1,0,0,2,1,1,2,7,5
"7492",4,3,8,7,4,3,6,3,4,4,2,1,4,1,0,2,4,2,1,9,9
"7493",5,3,9,13,7,3,8,7,4,1,0,0,6,2,2,1,6,2,1,10,18
"7494",6,5,9,13,9,3,9,13,7,2,2,0,2,0,0,2,2,1,2,12,20
"7495",7,8,9,13,13,5,9,13,9,4,1,3,4,1,0,3,4,1,2,15,24
"7496",8,8,10,18,13,8,9,13,13,1,0,0,5,3,3,1,5,2,1,16,29
"7497",9,11,10,21,13,8,10,18,13,3,3,0,3,0,0,3,3,1,1,19,32
"7498",10,11,12,23,13,11,10,21,13,2,2,2,2,2,0,2,2,2,1,21,34
"7499",11,13,12,29,24,11,12,23,13,2,0,0,6,5,1,2,6,1,1,23,51
"7500",12,13,12,29,24,13,12,29,24,5,1,0,NA,0,0,0,0,0,0,23,51
"7501",0,0,0,0,0,0,0,0,0,0,0,0,0,0,0,0,0,0,0,0,0
"7502",1,5,1,1,4,1,1,1,1,3,2,4,3,2,0,4,3,1,2,4,3
"7503",2,5,3,3,4,5,1,1,4,2,0,0,3,2,3,2,2,2,1,6,5
"7504",3,8,3,6,4,5,3,3,4,3,3,0,3,0,0,3,3,1,1,9,8
"7505",4,13,9,11,4,8,3,6,4,6,2,5,2,5,0,6,5,2,1,20,13
"7506",5,13,11,14,4,13,9,11,4,2,0,0,3,6,3,2,3,2,1,22,16
"7507",6,17,17,17,4,13,11,14,4,6,3,0,3,0,0,6,3,2,1,32,19
"7508",7,19,17,19,4,17,17,17,4,2,2,2,2,2,0,2,2,1,1,34,21
"7509",8,19,19,28,4,19,17,19,4,2,0,0,4,1,6,2,6,2,1,36,30
"7510",9,20,19,32,4,19,19,28,4,4,1,0,4,0,0,1,4,1,1,37,34
"7511",10,23,19,32,9,20,19,32,4,3,5,3,5,3,0,3,5,1,2,40,39
"7512",11,26,19,37,9,23,19,32,9,3,0,0,5,2,5,3,5,1,1,43,44
"7513",12,26,19,37,9,26,19,37,9,2,5,0,NA,0,0,0,0,0,0,43,44
"7514",0,0,0,0,0,0,0,0,0,0,0,0,0,0,0,0,0,0,0,0,0
"7515",1,1,3,6,1,1,1,1,1,2,4,5,4,5,0,2,5,2,1,2,5
"7516",2,5,3,10,1,1,3,6,1,4,0,0,6,4,4,4,4,1,1,6,9
"7517",3,5,14,14,1,5,3,10,1,6,4,0,4,0,0,6,4,2,1,17,13
"7518",4,10,14,14,5,5,14,14,1,5,2,4,2,4,0,5,4,1,2,22,17
"7519",5,10,16,19,5,10,14,14,5,2,0,0,4,5,6,2,5,2,1,24,22
"7520",6,20,16,23,5,10,16,19,5,4,6,0,4,0,0,6,4,1,1,34,26
"7521",7,20,21,24,5,20,16,23,5,3,1,5,3,1,0,5,1,2,1,39,27
"7522",8,20,24,29,5,20,21,24,5,3,0,0,5,3,2,3,5,2,1,42,32
"7523",9,20,27,31,5,20,24,29,5,3,2,0,2,0,0,3,2,2,1,45,34
"7524",10,20,32,31,9,20,27,31,5,4,5,1,4,1,0,5,4,2,2,50,38
"7525",11,21,32,31,10,20,32,31,9,1,0,0,4,4,1,1,1,1,2,51,39
"7526",12,21,32,31,10,21,32,31,10,4,4,0,NA,0,0,0,0,0,0,51,39
"7527",0,0,0,0,0,0,0,0,0,0,0,0,0,0,0,0,0,0,0,0,0
"7528",1,1,3,4,1,1,1,1,1,3,2,3,3,3,0,2,3,2,1,2,3
"7529",2,1,6,9,7,1,3,4,1,3,0,0,6,3,5,3,6,2,2,5,14
"7530",3,4,6,9,12,1,6,9,7,3,5,0,5,0,0,3,5,1,2,8,19
"7531",4,4,11,9,15,4,6,9,12,5,1,3,1,3,0,5,3,2,2,13,22
"7532",5,4,12,10,15,4,11,9,15,1,0,0,1,1,1,1,1,2,1,14,23
"7533",6,5,12,11,15,4,12,10,15,1,1,0,1,0,0,1,1,1,1,15,24
"7534",7,7,18,14,15,5,12,11,15,6,3,2,3,2,0,6,3,2,1,23,27
"7535",8,9,18,20,19,7,18,14,15,2,0,0,6,2,4,2,6,1,1,25,37
"7536",9,13,18,22,19,9,18,20,19,2,4,0,2,0,0,4,2,1,1,29,39
"7537",10,13,23,26,19,13,18,22,19,1,5,4,1,4,0,5,4,2,1,34,43
"7538",11,1,23,32,22,13,23,26,19,1,0,0,6,5,1,1,6,1,1,22,52
"7539",12,1,23,32,22,1,23,32,22,5,1,0,NA,0,0,0,0,0,0,22,52
"7540",0,0,0,0,0,0,0,0,0,0,0,0,0,0,0,0,0,0,0,0,0
"7541",1,1,3,1,4,1,1,1,1,3,3,2,3,3,0,2,3,2,2,2,3
"7542",2,1,6,2,4,1,3,1,4,3,0,0,1,1,5,3,1,2,1,5,4
"7543",3,1,11,2,5,1,6,2,4,1,5,0,1,0,0,5,1,2,2,10,5
"7544",4,10,11,5,5,1,11,2,5,3,3,6,3,3,0,6,3,1,1,19,8
"7545",5,10,14,10,5,10,11,5,5,3,0,0,3,5,3,3,5,2,1,22,13
"7546",6,10,17,10,8,10,14,10,5,3,3,0,3,0,0,3,3,2,2,25,16
"7547",7,10,21,16,12,10,17,10,8,6,4,4,6,4,0,4,6,2,1,29,26
"7548",8,10,25,16,21,10,21,16,12,4,0,0,3,6,2,4,6,2,2,33,35
"7549",9,13,25,16,23,10,25,16,21,3,2,0,2,0,0,3,2,1,2,36,37
"7550",10,17,25,16,25,13,25,16,23,4,1,2,1,2,0,4,2,1,2,40,39
"7551",11,18,25,22,30,17,25,16,25,1,0,0,3,3,6,1,6,1,1,41,50
"7552",12,18,25,22,30,18,25,22,30,3,3,0,NA,0,0,0,0,0,0,41,50
"7553",0,0,0,0,0,0,0,0,0,0,0,0,0,0,0,0,0,0,0,0,0
"7554",1,1,6,1,10,1,1,1,1,6,2,5,6,2,0,5,6,2,2,5,9
"7555",2,1,8,1,14,1,6,1,10,2,0,0,1,4,3,2,4,2,2,7,13
"7556",3,2,8,1,17,1,8,1,14,1,3,0,3,0,0,1,3,1,2,8,16
"7557",4,2,10,1,18,2,8,1,17,1,2,1,1,1,0,2,1,2,2,10,17
"7558",5,2,11,8,18,2,10,1,18,1,0,0,6,3,3,1,6,2,1,11,24
"7559",6,2,14,11,18,2,11,8,18,3,3,0,3,0,0,3,3,2,1,14,27
"7560",7,2,23,14,18,2,14,11,18,5,6,3,5,3,0,6,3,2,1,23,30
"7561",8,2,28,17,18,2,23,14,18,5,0,0,2,3,4,5,3,2,1,28,33
"7562",9,2,32,19,18,2,28,17,18,2,4,0,2,0,0,4,2,2,1,32,35
"7563",10,10,38,23,18,2,32,19,18,6,2,4,2,4,0,6,4,2,1,46,39
"7564",11,12,38,26,18,10,38,23,18,2,0,0,3,3,5,2,3,1,1,48,42
"7565",12,12,38,26,18,12,38,26,18,3,5,0,NA,0,0,0,0,0,0,48,42
"7566",0,0,0,0,0,0,0,0,0,0,0,0,0,0,0,0,0,0,0,0,0
"7567",1,1,5,1,6,1,1,1,1,4,5,4,5,4,0,4,5,2,2,4,5
"7568",2,5,5,1,11,1,5,1,6,4,0,0,1,5,4,4,5,1,2,8,10
"7569",3,5,9,2,11,5,5,1,11,1,4,0,1,0,0,4,1,2,1,12,11
"7570",4,5,11,2,15,5,9,2,11,2,3,4,3,4,0,2,4,2,2,14,15
"7571",5,5,14,7,15,5,11,2,15,3,0,0,5,1,5,3,5,2,1,17,20
"7572",6,10,14,8,15,5,14,7,15,1,5,0,1,0,0,5,1,1,1,22,21
"7573",7,10,17,11,15,10,14,8,15,2,3,3,2,3,0,3,3,2,1,25,24
"7574",8,10,19,14,15,10,17,11,15,2,0,0,2,1,3,2,3,2,1,27,27
"7575",9,10,21,15,15,10,19,14,15,2,1,0,1,0,0,2,1,2,1,29,28
"7576",10,15,21,15,19,10,21,15,15,4,5,2,4,2,0,5,4,1,2,34,32
"7577",11,17,21,17,19,15,21,15,19,2,0,0,2,1,3,2,2,1,1,36,34
"7578",12,17,21,17,19,17,21,17,19,1,3,0,NA,0,0,0,0,0,0,36,34
"7579",0,0,0,0,0,0,0,0,0,0,0,0,0,0,0,0,0,0,0,0,0
"7580",1,1,5,3,1,1,1,1,1,4,2,1,2,1,0,4,2,2,1,4,2
"7581",2,1,6,3,6,1,5,3,1,1,0,0,5,3,2,1,5,2,2,5,7
"7582",3,3,6,6,6,1,6,3,6,3,2,0,3,0,0,2,3,1,1,7,10
"7583",4,3,17,11,6,3,6,6,6,5,2,6,5,2,0,6,5,2,1,18,15
"7584",5,5,17,18,12,3,17,11,6,2,0,0,3,1,6,2,6,1,2,20,28
"7585",6,5,20,19,12,5,17,18,12,3,1,0,1,0,0,3,1,2,1,23,29
"7586",7,5,24,19,14,5,20,19,12,4,1,2,1,2,0,4,2,2,2,27,31
"7587",8,5,25,25,20,5,24,19,14,1,0,0,1,6,6,1,6,2,2,28,43
"7588",9,5,34,25,21,5,25,25,20,1,6,0,1,0,0,6,1,2,2,37,44
"7589",10,5,38,25,28,5,34,25,21,4,6,1,6,1,0,4,6,2,2,41,51
"7590",11,17,39,27,28,5,38,25,28,1,0,0,6,2,6,1,2,2,1,92,53
"7591",12,17,39,27,28,17,39,27,28,6,6,0,NA,0,0,0,0,0,0,92,53
"7592",0,0,0,0,0,0,0,0,0,0,0,0,0,0,0,0,0,0,0,0,0
"7593",1,6,1,1,5,1,1,1,1,2,5,4,2,4,0,5,4,1,2,5,4
"7594",2,8,1,6,11,6,1,1,5,2,0,0,4,6,4,2,6,1,2,7,15
"7595",3,12,1,6,15,8,1,6,11,4,4,0,4,0,0,4,4,1,2,11,19
"7596",4,12,6,10,15,12,1,6,15,4,4,5,4,4,0,5,4,2,1,16,23
"7597",5,12,10,11,21,12,6,10,15,4,0,0,1,4,6,4,6,2,2,20,30
"7598",6,12,14,12,21,12,10,11,21,1,4,0,1,0,0,4,1,2,1,24,31
"7599",7,16,14,12,26,12,14,12,21,4,4,5,4,5,0,4,5,1,2,28,36
"7600",8,16,18,16,26,16,14,12,26,4,0,0,3,3,4,4,4,2,1,32,40
"7601",9,19,18,19,26,16,18,16,26,3,3,0,3,0,0,3,3,1,1,35,43
"7602",10,19,21,19,31,19,18,19,26,3,3,5,3,5,0,3,5,2,2,38,48
"7603",11,22,21,22,31,19,21,19,31,3,0,0,3,1,1,3,3,1,1,41,51
"7604",12,22,21,22,31,22,21,22,31,1,1,0,NA,0,0,0,0,0,0,41,51
"7605",0,0,0,0,0,0,0,0,0,0,0,0,0,0,0,0,0,0,0,0,0
"7606",1,3,1,10,1,1,1,1,1,6,2,6,6,6,0,2,6,1,1,2,9
"7607",2,11,1,13,1,3,1,10,1,6,0,0,3,3,2,6,3,1,1,10,12
"7608",3,14,1,13,3,11,1,13,1,3,2,0,2,0,0,3,2,1,2,13,14
"7609",4,19,1,14,3,14,1,13,3,5,1,1,1,1,0,5,1,1,1,18,15
"7610",5,20,1,17,3,19,1,14,3,1,0,0,3,5,6,1,3,1,1,19,18
"7611",6,20,12,22,3,20,1,17,3,5,6,0,5,0,0,6,5,2,1,30,23
"7612",7,20,1,33,10,20,12,22,3,6,5,3,6,5,0,3,6,2,1,19,41
"7613",8,25,1,36,16,20,1,33,10,5,0,0,6,1,1,5,6,1,2,24,50
"7614",9,26,1,37,16,25,1,36,16,1,1,0,1,0,0,1,1,1,1,25,51
"7615",10,29,1,38,16,26,1,37,16,3,1,2,1,2,0,3,1,1,1,28,52
"7616",11,31,1,39,23,29,1,38,16,2,0,0,1,4,1,2,1,1,1,30,98
"7617",12,31,1,39,23,31,1,39,23,4,1,0,NA,0,0,0,0,0,0,30,98
"7618",0,0,0,0,0,0,0,0,0,0,0,0,0,0,0,0,0,0,0,0,0
"7619",1,5,1,1,5,1,1,1,1,1,4,4,1,4,0,4,4,1,2,4,4
"7620",2,5,2,5,5,5,1,1,5,1,0,0,1,1,4,1,4,2,1,5,8
"7621",3,6,2,5,6,5,2,5,5,1,1,0,1,0,0,1,1,1,2,6,9
"7622",4,11,2,8,6,6,2,5,6,1,5,3,1,3,0,5,3,1,1,11,12
"7623",5,12,2,8,10,11,2,8,6,1,0,0,1,4,1,1,4,1,2,12,16
"7624",6,13,2,8,11,12,2,8,10,1,1,0,1,0,0,1,1,1,2,13,17
"7625",7,19,6,8,14,13,2,8,11,6,2,3,2,3,0,6,3,1,2,23,20
"7626",8,19,8,19,14,19,6,8,14,2,0,0,2,6,3,2,6,2,1,25,31
"7627",9,19,11,21,14,19,8,19,14,2,3,0,2,0,0,3,2,2,1,28,33
"7628",10,19,12,27,18,19,11,21,14,1,6,1,6,1,0,1,6,2,1,29,43
"7629",11,20,12,27,22,19,12,27,18,1,0,0,4,1,6,1,4,1,2,30,47
"7630",12,20,12,27,22,20,12,27,22,1,6,0,NA,0,0,0,0,0,0,30,47
"7631",0,0,0,0,0,0,0,0,0,0,0,0,0,0,0,0,0,0,0,0,0
"7632",1,4,7,1,5,1,1,1,1,4,4,6,4,4,0,6,4,2,2,9,4
"7633",2,8,7,7,11,4,7,1,5,4,0,0,6,4,4,4,6,1,2,13,16
"7634",3,12,7,11,11,8,7,7,11,4,4,0,4,0,0,4,4,1,1,17,20
"7635",4,14,7,16,17,12,7,11,11,6,2,2,6,2,0,2,6,1,2,19,31
"7636",5,14,9,16,22,14,7,16,17,2,0,0,5,2,5,2,5,2,2,21,36
"7637",6,14,14,16,24,14,9,16,22,2,5,0,2,0,0,5,2,2,2,26,38
"7638",7,19,14,19,24,14,14,16,24,5,3,3,3,3,0,5,3,1,1,31,41
"7639",8,19,17,22,24,19,14,19,24,3,0,0,2,3,3,3,3,2,1,34,44
"7640",9,22,17,24,24,19,17,22,24,2,3,0,2,0,0,3,2,1,1,37,46
"7641",10,24,17,25,24,22,17,24,24,1,2,1,1,1,0,2,1,1,1,39,47
"7642",11,24,18,27,24,24,17,25,24,1,0,0,2,5,1,1,2,2,1,40,49
"7643",12,24,18,27,24,24,18,27,24,5,1,0,NA,0,0,0,0,0,0,40,49
"7644",0,0,0,0,0,0,0,0,0,0,0,0,0,0,0,0,0,0,0,0,0
"7645",1,8,1,1,5,1,1,1,1,4,6,4,4,4,0,6,4,1,2,7,4
"7646",2,12,1,5,5,8,1,1,5,4,0,0,3,4,1,4,4,1,1,11,8
"7647",3,15,1,6,5,12,1,5,5,3,1,0,1,0,0,3,1,1,1,14,9
"7648",4,15,5,6,7,15,1,6,5,4,2,3,2,3,0,4,2,2,2,18,11
"7649",5,15,8,6,12,15,5,6,7,3,0,0,5,2,3,3,5,2,2,21,16
"7650",6,15,11,8,12,15,8,6,12,2,3,0,2,0,0,3,2,2,1,24,18
"7651",7,21,12,8,16,15,11,8,12,6,4,4,4,4,0,6,4,1,2,31,22
"7652",8,21,16,8,21,21,12,8,16,4,0,0,4,5,2,4,5,2,2,35,27
"7653",9,25,16,8,23,21,16,8,21,4,2,0,2,0,0,4,2,1,2,39,29
"7654",10,31,16,1,28,25,16,8,23,2,1,5,2,5,0,1,5,1,2,45,27
"7655",11,31,18,1,30,31,16,1,28,2,0,0,5,4,2,2,2,2,2,47,29
"7656",12,31,18,1,30,31,18,1,30,5,4,0,NA,0,0,0,0,0,0,47,29
"7657",0,0,0,0,0,0,0,0,0,0,0,0,0,0,0,0,0,0,0,0,0
"7658",1,1,5,1,5,1,1,1,1,4,4,1,4,1,0,4,4,2,2,4,4
"7659",2,2,5,3,5,1,5,1,5,1,0,0,3,5,2,1,2,1,1,5,6
"7660",3,7,5,3,8,2,5,3,5,3,5,0,3,0,0,5,3,1,2,10,9
"7661",4,7,6,5,8,7,5,3,8,1,1,2,1,2,0,1,2,2,1,11,11
"7662",5,7,7,10,8,7,6,5,8,1,0,0,5,1,3,1,5,2,1,12,16
"7663",6,10,7,11,8,7,7,10,8,1,3,0,1,0,0,3,1,1,1,15,17
"7664",7,10,12,13,8,10,7,11,8,5,1,2,1,2,0,5,2,2,1,20,19
"7665",8,10,13,22,8,10,12,13,8,1,0,0,1,6,3,1,6,2,1,21,28
"7666",9,10,16,22,9,10,13,22,8,1,3,0,1,0,0,3,1,2,2,24,29
"7667",10,1,21,32,9,10,16,22,9,5,4,6,4,6,0,5,6,2,1,20,39
"7668",11,5,21,38,16,1,21,32,9,4,0,0,6,6,1,4,6,1,1,24,52
"7669",12,5,21,38,16,5,21,38,16,6,1,0,NA,0,0,0,0,0,0,24,52
"7670",0,0,0,0,0,0,0,0,0,0,0,0,0,0,0,0,0,0,0,0,0
"7671",1,5,7,1,4,1,1,1,1,1,6,3,1,3,0,6,3,2,2,10,3
"7672",2,5,8,1,6,5,7,1,4,1,0,0,2,2,6,1,2,2,2,11,5
"7673",3,11,13,1,8,5,8,1,6,2,6,0,2,0,0,6,2,1,2,22,7
"7674",4,13,13,1,9,11,13,1,8,2,2,1,2,1,0,2,1,1,2,24,8
"7675",5,13,15,1,13,13,13,1,9,2,0,0,6,4,5,2,4,2,2,26,12
"7676",6,13,22,1,18,13,15,1,13,6,5,0,5,0,0,6,5,2,2,33,17
"7677",7,13,29,4,18,13,22,1,18,3,6,1,3,1,0,6,3,2,1,40,20
"7678",8,13,30,4,21,13,29,4,18,1,0,0,3,1,1,1,3,2,2,41,23
"7679",9,13,31,4,22,13,30,4,21,1,1,0,1,0,0,1,1,2,2,42,24
"7680",10,18,37,4,23,13,31,4,22,5,6,1,5,1,0,6,1,2,2,53,25
"7681",11,23,37,9,23,18,37,4,23,5,0,0,5,5,3,5,5,1,1,58,30
"7682",12,23,37,9,23,23,37,9,23,5,3,0,NA,0,0,0,0,0,0,58,30
"7683",0,0,0,0,0,0,0,0,0,0,0,0,0,0,0,0,0,0,0,0,0
"7684",1,5,13,5,1,1,1,1,1,6,1,4,1,4,0,6,4,2,1,16,4
"7685",2,6,13,9,1,5,13,5,1,1,0,0,4,6,2,1,4,1,1,17,8
"7686",3,6,22,9,3,6,13,9,1,6,2,0,2,0,0,6,2,2,2,26,10
"7687",4,8,22,13,9,6,22,9,3,6,2,6,6,6,0,2,6,1,2,28,20
"7688",5,14,25,15,9,8,22,13,9,6,0,0,5,2,3,6,2,1,1,37,22
"7689",6,14,28,20,9,14,25,15,9,5,3,0,5,0,0,3,5,2,1,40,27
"7690",7,18,28,22,9,14,28,20,9,2,5,4,2,5,0,4,2,1,1,44,29
"7691",8,23,1,22,13,18,28,22,9,5,0,0,4,5,1,5,1,1,2,22,33
"7692",9,28,1,26,13,23,1,22,13,4,5,0,4,0,0,5,4,1,1,27,37
"7693",10,31,3,32,4,28,1,26,13,5,6,3,5,6,0,3,6,1,1,32,34
"7694",11,31,8,32,7,31,3,32,4,5,0,0,3,3,2,5,3,2,2,37,37
"7695",12,31,8,32,7,31,8,32,7,3,2,0,NA,0,0,0,0,0,0,37,37
"7696",0,0,0,0,0,0,0,0,0,0,0,0,0,0,0,0,0,0,0,0,0
"7697",1,6,1,5,1,1,1,1,1,4,5,1,4,1,0,5,4,1,1,5,4
"7698",2,6,2,5,6,6,1,5,1,1,0,0,1,5,3,1,5,2,2,6,9
"7699",3,7,2,5,9,6,2,5,6,1,3,0,3,0,0,1,3,1,2,7,12
"7700",4,12,2,8,9,7,2,5,9,3,5,3,3,3,0,5,3,1,1,12,15
"7701",5,15,2,8,14,12,2,8,9,3,0,0,2,1,5,3,5,1,2,15,20
"7702",6,15,3,8,16,15,2,8,14,2,1,0,2,0,0,1,2,2,2,16,22
"7703",7,15,8,13,16,15,3,8,16,5,3,5,3,5,0,5,5,2,1,21,27
"7704",8,15,11,13,19,15,8,13,16,3,0,0,3,5,4,3,3,2,2,24,30
"7705",9,15,16,17,19,15,11,13,19,5,4,0,4,0,0,5,4,2,1,29,34
"7706",10,20,16,22,19,15,16,17,19,5,5,3,5,3,0,5,5,1,1,34,39
"7707",11,23,16,25,19,20,16,22,19,3,0,0,3,5,5,3,3,1,1,37,42
"7708",12,23,16,25,19,23,16,25,19,5,5,0,NA,0,0,0,0,0,0,37,42
"7709",0,0,0,0,0,0,0,0,0,0,0,0,0,0,0,0,0,0,0,0,0
"7710",1,1,2,3,1,1,1,1,1,2,2,1,2,2,0,1,2,2,1,1,2
"7711",2,1,4,3,6,1,2,3,1,2,0,0,5,6,4,2,5,2,2,3,7
"7712",3,9,10,3,10,1,4,3,6,6,4,0,4,0,0,6,4,1,2,17,11
"7713",4,14,10,3,13,9,10,3,10,5,1,3,1,3,0,5,3,1,2,22,14
"7714",5,14,11,3,18,14,10,3,13,1,0,0,4,5,2,1,5,2,2,23,19
"7715",6,14,15,3,20,14,11,3,18,4,2,0,2,0,0,4,2,2,2,27,21
"7716",7,18,15,3,21,14,15,3,20,1,2,4,1,2,0,4,1,1,2,31,22
"7717",8,18,17,3,26,18,15,3,21,2,0,0,2,3,5,2,5,2,2,33,27
"7718",9,18,20,3,28,18,17,3,26,2,3,0,2,0,0,3,2,2,2,36,29
"7719",10,18,24,4,28,18,20,3,28,4,1,2,1,2,0,4,1,2,1,40,30
"7720",11,20,24,9,28,18,24,4,28,2,0,0,5,1,6,2,5,1,1,42,35
"7721",12,20,24,9,28,20,24,9,28,1,6,0,NA,0,0,0,0,0,0,42,35
"7722",0,0,0,0,0,0,0,0,0,0,0,0,0,0,0,0,0,0,0,0,0
"7723",1,6,7,3,1,1,1,1,1,6,1,2,1,2,0,6,2,2,1,11,2
"7724",2,7,7,8,1,6,7,3,1,1,0,0,3,5,2,1,5,1,1,12,7
"7725",3,10,7,10,1,7,7,8,1,3,2,0,2,0,0,3,2,1,1,15,9
"7726",4,15,7,14,1,10,7,10,1,4,5,2,4,2,0,5,4,1,1,20,13
"7727",5,15,9,19,7,15,7,14,1,2,0,0,1,6,6,2,6,2,2,22,24
"7728",6,32,9,20,7,15,9,19,7,1,6,0,1,0,0,6,1,1,1,39,25
"7729",7,36,9,20,8,32,9,20,7,1,4,1,1,1,0,4,1,1,2,43,26
"7730",8,37,9,20,13,36,9,20,8,1,0,0,5,6,2,1,5,1,2,44,31
"7731",9,37,18,20,15,37,9,20,13,6,2,0,2,0,0,6,2,2,2,53,33
"7732",10,37,35,20,19,37,18,20,15,3,6,4,3,4,0,6,4,2,2,70,37
"7733",11,37,38,25,19,37,35,20,19,3,0,0,5,1,3,3,5,2,1,73,42
"7734",12,37,38,25,19,37,38,25,19,1,3,0,NA,0,0,0,0,0,0,73,42
"7735",0,0,0,0,0,0,0,0,0,0,0,0,0,0,0,0,0,0,0,0,0
"7736",1,4,7,8,7,1,1,1,1,2,6,6,2,6,0,6,6,2,1,9,13
"7737",2,4,9,16,7,4,7,8,7,2,0,0,6,2,6,2,6,2,1,11,21
"7738",3,10,14,18,7,4,9,16,7,2,6,0,2,0,0,6,2,1,1,22,23
"7739",4,10,19,24,10,10,14,18,7,2,5,6,2,6,0,5,6,2,1,27,32
"7740",5,12,19,24,20,10,19,24,10,2,0,0,6,4,1,2,6,1,2,29,42
"7741",6,16,19,25,20,12,19,24,20,4,1,0,1,0,0,4,1,1,1,33,43
"7742",7,16,21,25,23,16,19,25,20,2,3,3,3,3,0,2,3,2,2,35,46
"7743",8,19,21,28,29,16,21,25,23,3,0,0,6,5,3,3,6,1,2,38,55
"7744",9,19,26,31,29,19,21,28,29,5,3,0,3,0,0,5,3,2,1,43,58
"7745",10,19,28,33,35,19,26,31,29,6,2,6,6,6,0,2,6,2,2,45,66
"7746",11,20,34,35,39,19,28,33,35,6,0,0,5,4,5,6,4,2,2,52,110
"7747",12,20,34,35,39,20,34,35,39,5,5,0,NA,0,0,0,0,0,0,52,110
"7748",0,0,0,0,0,0,0,0,0,0,0,0,0,0,0,0,0,0,0,0,0
"7749",1,4,7,6,1,1,1,1,1,6,5,1,5,1,0,6,5,2,1,9,5
"7750",2,4,8,6,5,4,7,6,1,1,0,0,1,4,4,1,4,2,2,10,9
"7751",3,4,12,6,6,4,8,6,5,1,4,0,1,0,0,4,1,2,2,14,10
"7752",4,9,18,6,18,4,12,6,6,5,6,6,5,6,0,6,6,2,2,25,22
"7753",5,9,23,6,23,9,18,6,18,5,0,0,1,2,5,5,5,2,2,30,27
"7754",6,9,27,3,23,9,23,6,23,1,2,0,2,0,0,1,2,2,1,34,24
"7755",7,9,30,4,23,9,27,3,23,3,1,1,1,1,0,3,1,2,1,37,25
"7756",8,9,31,4,28,9,30,4,23,1,0,0,5,6,3,1,5,2,2,38,30
"7757",9,14,37,4,31,9,31,4,28,6,3,0,3,0,0,6,3,2,2,49,33
"7758",10,16,39,4,35,14,37,4,31,2,4,5,4,5,0,2,4,2,2,91,37
"7759",11,21,39,9,35,16,39,4,35,5,0,0,5,2,6,5,5,1,1,96,42
"7760",12,21,39,9,35,21,39,9,35,2,6,0,NA,0,0,0,0,0,0,96,42
"7761",0,0,0,0,0,0,0,0,0,0,0,0,0,0,0,0,0,0,0,0,0
"7762",1,3,7,1,5,1,1,1,1,4,6,2,4,2,0,6,4,2,2,8,4
"7763",2,5,7,5,5,3,7,1,5,2,0,0,4,3,6,2,4,1,1,10,8
"7764",3,10,13,5,8,5,7,5,5,3,6,0,3,0,0,6,3,2,2,21,11
"7765",4,10,18,9,8,10,13,5,8,5,5,4,5,4,0,5,4,2,1,26,15
"7766",5,15,18,14,8,10,18,9,8,5,0,0,2,5,6,5,5,1,1,31,20
"7767",6,21,23,16,8,15,18,14,8,2,6,0,2,0,0,6,2,1,1,42,22
"7768",7,24,23,16,11,21,23,16,8,3,1,3,1,3,0,3,3,1,2,45,25
"7769",8,24,24,21,11,24,23,16,11,1,0,0,6,5,3,1,5,2,1,46,30
"7770",9,24,31,24,11,24,24,21,11,6,3,0,3,0,0,6,3,2,1,53,33
"7771",10,27,37,28,11,24,31,24,11,4,5,6,4,5,0,6,4,2,1,62,37
"7772",11,32,37,38,11,27,37,28,11,5,0,0,2,5,6,5,6,1,1,67,47
"7773",12,32,37,38,11,32,37,38,11,2,5,0,NA,0,0,0,0,0,0,67,47
"7774",0,0,0,0,0,0,0,0,0,0,0,0,0,0,0,0,0,0,0,0,0
"7775",1,4,1,3,1,1,1,1,1,4,3,2,4,2,0,3,2,1,1,3,2
"7776",2,8,1,7,1,4,1,3,1,4,0,0,2,3,4,4,4,1,1,7,6
"7777",3,8,4,7,3,8,1,7,1,2,3,0,2,0,0,3,2,2,2,10,8
"7778",4,8,14,7,7,8,4,7,3,4,2,6,4,2,0,6,4,2,2,20,12
"7779",5,8,16,7,12,8,14,7,7,2,0,0,6,5,5,2,5,2,2,22,17
"7780",6,17,16,7,17,8,16,7,12,6,5,0,5,0,0,6,5,1,2,31,22
"7781",7,17,24,7,22,17,16,7,17,6,5,5,5,5,0,6,5,2,2,39,27
"7782",8,22,24,7,25,17,24,7,22,5,0,0,6,3,3,5,3,1,2,44,30
"7783",9,27,36,7,28,22,24,7,25,6,3,0,3,0,0,6,3,2,2,61,33
"7784",10,32,36,11,28,27,36,7,28,2,4,5,2,4,0,5,4,1,1,66,37
"7785",11,1,36,21,28,32,36,11,28,2,0,0,1,5,5,2,5,1,1,35,47
"7786",12,1,36,21,28,1,36,21,28,1,5,0,NA,0,0,0,0,0,0,35,47
"7787",0,0,0,0,0,0,0,0,0,0,0,0,0,0,0,0,0,0,0,0,0
"7788",1,5,1,6,1,1,1,1,1,4,5,4,5,4,0,4,5,1,1,4,5
"7789",2,9,1,10,1,5,1,6,1,4,0,0,5,1,4,4,4,1,1,8,9
"7790",3,14,1,11,1,9,1,10,1,5,1,0,1,0,0,5,1,1,1,13,10
"7791",4,14,5,15,1,14,1,11,1,4,3,4,3,4,0,4,4,2,1,17,14
"7792",5,14,8,23,1,14,5,15,1,3,0,0,6,2,4,3,6,2,1,20,22
"7793",6,18,8,25,1,14,8,23,1,2,4,0,2,0,0,4,2,1,1,24,24
"7794",7,18,13,27,1,18,8,25,1,2,5,2,2,2,0,5,2,2,1,29,26
"7795",8,18,1,36,1,18,13,27,1,2,0,0,3,2,6,2,6,2,1,17,35
"7796",9,20,1,39,4,18,1,36,1,3,2,0,3,0,0,2,3,1,1,19,79
"7797",10,21,7,39,5,20,1,39,4,6,1,2,1,2,0,6,1,2,2,26,80
"7798",11,29,12,39,6,21,7,39,5,2,0,0,5,1,5,2,5,1,2,39,81
"7799",12,29,12,39,6,29,12,39,6,1,5,0,NA,0,0,0,0,0,0,39,81
"7800",0,0,0,0,0,0,0,0,0,0,0,0,0,0,0,0,0,0,0,0,0
"7801",1,1,6,4,1,1,1,1,1,1,3,5,1,3,0,5,3,2,1,5,3
"7802",2,1,7,9,1,1,6,4,1,1,0,0,5,2,3,1,5,2,1,6,8
"7803",3,4,7,9,3,1,7,9,1,2,3,0,2,0,0,3,2,1,2,9,10
"7804",4,4,16,20,3,4,7,9,3,6,6,5,6,5,0,6,6,2,1,18,21
"7805",5,5,21,26,2,4,16,20,3,5,0,0,6,5,5,5,6,2,1,24,26
"7806",6,5,26,26,7,5,21,26,2,5,5,0,5,0,0,5,5,2,2,29,31
"7807",7,11,32,5,7,5,26,26,7,1,4,6,1,4,0,6,4,2,1,41,10
"7808",8,12,32,8,7,11,32,5,7,1,0,0,3,4,6,1,3,1,1,42,13
"7809",9,16,38,12,7,12,32,8,7,4,6,0,4,0,0,6,4,2,1,52,17
"7810",10,19,38,17,7,16,38,12,7,5,5,3,5,5,0,3,5,1,1,55,22
"7811",11,24,38,21,7,19,38,17,7,5,0,0,4,4,4,5,4,1,1,60,26
"7812",12,24,38,21,7,24,38,21,7,4,4,0,NA,0,0,0,0,0,0,60,26
"7813",0,0,0,0,0,0,0,0,0,0,0,0,0,0,0,0,0,0,0,0,0
"7814",1,7,2,1,6,1,1,1,1,2,6,5,2,5,0,6,5,1,2,7,5
"7815",2,7,4,6,6,7,2,1,6,2,0,0,5,5,4,2,5,2,1,9,10
"7816",3,7,8,11,6,7,4,6,6,5,4,0,5,0,0,4,5,2,1,13,15
"7817",4,7,19,16,6,7,8,11,6,4,6,5,4,5,0,6,5,2,1,24,20
"7818",5,11,19,20,6,7,19,16,6,4,0,0,4,4,1,4,4,1,1,28,24
"7819",6,15,19,21,6,11,19,20,6,4,1,0,1,0,0,4,1,1,1,32,25
"7820",7,20,19,23,6,15,19,21,6,5,2,1,2,1,0,5,2,1,1,37,27
"7821",8,20,20,28,6,20,19,23,6,1,0,0,5,4,3,1,5,2,1,38,32
"7822",9,23,20,32,6,20,20,28,6,4,3,0,4,0,0,3,4,1,1,41,36
"7823",10,32,20,32,10,23,20,32,6,1,6,4,1,4,0,6,4,1,2,50,40
"7824",11,1,20,36,15,32,20,32,10,1,0,0,5,6,6,1,5,1,2,19,49
"7825",12,1,20,36,15,1,20,36,15,6,6,0,NA,0,0,0,0,0,0,19,49
"7826",0,0,0,0,0,0,0,0,0,0,0,0,0,0,0,0,0,0,0,0,0
"7827",1,1,6,1,6,1,1,1,1,5,4,5,4,5,0,5,5,2,2,5,5
"7828",2,1,10,6,6,1,6,1,6,4,0,0,5,4,1,4,5,2,1,9,10
"7829",3,1,14,7,6,1,10,6,6,4,1,0,1,0,0,4,1,2,1,13,11
"7830",4,1,16,7,9,1,14,7,6,3,1,2,3,1,0,2,3,2,2,15,14
"7831",5,1,17,7,12,1,16,7,9,1,0,0,3,3,1,1,3,2,2,16,17
"7832",6,1,20,8,12,1,17,7,12,3,1,0,1,0,0,3,1,2,1,19,18
"7833",7,1,28,7,14,1,20,8,12,1,6,6,1,6,0,6,6,2,1,27,19
"7834",8,2,28,7,19,1,28,7,14,1,0,0,4,5,5,1,5,1,2,28,24
"7835",9,2,33,7,23,2,28,7,19,4,5,0,4,0,0,5,4,2,2,33,28
"7836",10,3,39,7,27,2,33,7,23,6,1,4,1,4,0,6,4,2,2,78,32
"7837",11,4,39,9,27,3,39,7,27,1,0,0,2,2,1,1,2,1,1,79,34
"7838",12,4,39,9,27,4,39,9,27,2,1,0,NA,0,0,0,0,0,0,79,34
"7839",0,0,0,0,0,0,0,0,0,0,0,0,0,0,0,0,0,0,0,0,0
"7840",1,1,3,4,7,1,1,1,1,6,1,2,6,1,0,2,6,2,2,2,9
"7841",2,2,3,10,9,1,3,4,7,1,0,0,5,1,6,1,6,1,1,3,17
"7842",3,2,8,10,10,2,3,10,9,5,1,0,1,0,0,5,1,2,2,8,18
"7843",4,6,8,13,10,2,8,10,10,4,1,3,1,3,0,4,3,1,1,12,21
"7844",5,7,8,19,15,6,8,13,10,1,0,0,5,3,6,1,6,1,1,13,32
"7845",6,10,8,19,20,7,8,19,15,5,3,0,5,0,0,3,5,1,2,16,37
"7846",7,11,8,19,24,10,8,19,20,3,4,1,3,4,0,1,4,1,2,17,41
"7847",8,14,8,25,25,11,8,19,24,3,0,0,6,6,1,3,6,1,1,20,48
"7848",9,22,1,32,26,14,8,25,25,6,1,0,1,0,0,6,1,1,2,21,56
"7849",10,27,7,37,26,22,1,32,26,6,4,5,4,5,0,6,5,2,1,32,61
"7850",11,31,7,38,26,27,7,37,26,4,0,0,3,1,4,4,1,1,1,36,62
"7851",12,31,7,38,26,31,7,38,26,3,4,0,NA,0,0,0,0,0,0,36,62
"7852",0,0,0,0,0,0,0,0,0,0,0,0,0,0,0,0,0,0,0,0,0
"7853",1,6,1,5,1,1,1,1,1,3,4,5,3,4,0,5,4,1,1,5,4
"7854",2,6,4,5,4,6,1,5,1,3,0,0,3,2,1,3,3,2,2,8,7
"7855",3,8,4,6,4,6,4,5,4,2,1,0,1,0,0,2,1,1,1,10,8
"7856",4,8,11,9,4,8,4,6,4,6,2,3,2,3,0,6,3,2,1,17,11
"7857",5,8,13,12,4,8,11,9,4,2,0,0,3,1,3,2,3,2,1,19,14
"7858",6,11,13,12,5,8,13,12,4,1,3,0,1,0,0,3,1,1,2,22,15
"7859",7,17,16,12,10,11,13,12,5,5,5,6,5,5,0,6,5,1,2,31,20
"7860",8,17,21,12,12,17,16,12,10,5,0,0,2,3,4,5,2,2,2,36,22
"7861",9,20,21,16,12,17,21,12,12,3,4,0,4,0,0,3,4,1,1,39,26
"7862",10,25,27,20,12,20,21,16,12,4,5,6,4,5,0,6,4,2,1,50,30
"7863",11,35,27,22,1,25,27,20,12,5,0,0,2,2,5,5,2,1,1,60,21
"7864",12,35,27,22,1,35,27,22,1,2,5,0,NA,0,0,0,0,0,0,60,21
"7865",0,0,0,0,0,0,0,0,0,0,0,0,0,0,0,0,0,0,0,0,0
"7866",1,1,4,6,1,1,1,1,1,5,2,3,5,2,0,3,5,2,1,3,5
"7867",2,3,4,6,6,1,4,6,1,2,0,0,2,2,5,2,5,1,2,5,10
"7868",3,3,6,8,6,3,4,6,6,2,2,0,2,0,0,2,2,2,1,7,12
"7869",4,3,9,10,6,3,6,8,6,2,3,2,2,2,0,3,2,2,1,10,14
"7870",5,5,9,15,12,3,9,10,6,2,0,0,4,6,2,2,6,1,2,12,25
"7871",6,5,11,19,12,5,9,15,12,4,2,0,4,0,0,2,4,2,1,14,29
"7872",7,5,12,19,15,5,11,19,12,3,1,1,3,1,0,1,3,2,2,15,32
"7873",8,6,12,19,19,5,12,19,15,1,0,0,4,2,4,1,4,1,2,16,36
"7874",9,8,12,23,19,6,12,19,19,2,4,0,4,0,0,2,4,1,1,18,40
"7875",10,8,13,23,21,8,12,23,19,2,2,1,2,2,0,1,2,2,2,19,42
"7876",11,8,15,25,21,8,13,23,21,2,0,0,2,6,5,2,2,2,1,21,44
"7877",12,8,15,25,21,8,15,25,21,6,5,0,NA,0,0,0,0,0,0,21,44
"7878",0,0,0,0,0,0,0,0,0,0,0,0,0,0,0,0,0,0,0,0,0
"7879",1,1,6,3,1,1,1,1,1,5,2,2,2,2,0,5,2,2,1,5,2
"7880",2,1,8,3,5,1,6,3,1,2,0,0,4,3,4,2,4,2,2,7,6
"7881",3,5,8,3,8,1,8,3,5,3,4,0,3,0,0,4,3,1,2,11,9
"7882",4,5,11,4,8,5,8,3,8,1,1,3,1,1,0,3,1,2,1,14,10
"7883",5,5,12,6,14,5,11,4,8,1,0,0,6,3,3,1,6,2,2,15,18
"7884",6,8,12,9,14,5,12,6,14,3,3,0,3,0,0,3,3,1,1,18,21
"7885",7,11,12,12,14,8,12,9,14,3,1,3,1,3,0,3,3,1,1,21,24
"7886",8,12,12,17,14,11,12,12,14,1,0,0,1,3,5,1,5,1,1,22,29
"7887",9,15,12,17,15,12,12,17,14,1,3,0,1,0,0,3,1,1,2,25,30
"7888",10,20,12,17,19,15,12,17,15,5,2,4,2,4,0,5,4,1,2,30,34
"7889",11,20,14,26,19,20,12,17,19,2,0,0,6,1,2,2,6,2,1,32,43
"7890",12,20,14,26,19,20,14,26,19,1,2,0,NA,0,0,0,0,0,0,32,43
"7891",0,0,0,0,0,0,0,0,0,0,0,0,0,0,0,0,0,0,0,0,0
"7892",1,1,3,5,1,1,1,1,1,2,4,4,4,4,0,2,4,2,1,2,4
"7893",2,5,3,5,11,1,3,5,1,4,0,0,3,6,3,4,6,1,2,6,14
"7894",3,8,3,8,11,5,3,5,11,3,3,0,3,0,0,3,3,1,1,9,17
"7895",4,8,7,8,13,8,3,8,11,4,2,3,2,3,0,4,2,2,2,13,19
"7896",5,11,7,8,20,8,7,8,13,3,0,0,1,1,6,3,6,1,2,16,26
"7897",6,12,7,8,21,11,7,8,20,1,1,0,1,0,0,1,1,1,2,17,27
"7898",7,12,12,8,25,12,7,8,21,5,4,2,4,2,0,5,4,2,2,22,31
"7899",8,1,14,13,30,12,12,8,25,2,0,0,2,5,3,2,5,2,2,13,41
"7900",9,3,14,13,33,1,14,13,30,2,3,0,3,0,0,2,3,1,2,15,44
"7901",10,5,15,19,3,3,14,13,33,1,4,6,4,6,0,1,6,2,1,18,20
"7902",11,5,19,20,15,5,15,19,3,4,0,0,4,2,6,4,6,2,2,22,33
"7903",12,5,19,20,15,5,19,20,15,4,2,0,NA,0,0,0,0,0,0,22,33
"7904",0,0,0,0,0,0,0,0,0,0,0,0,0,0,0,0,0,0,0,0,0
"7905",1,1,5,7,6,1,1,1,1,3,4,6,3,6,0,4,6,2,1,4,11
"7906",2,1,8,10,6,1,5,7,6,3,0,0,3,1,2,3,3,2,1,7,14
"7907",3,1,10,10,7,1,8,10,6,1,2,0,1,0,0,2,1,2,2,9,15
"7908",4,4,10,13,7,1,10,10,7,3,5,3,5,3,0,3,3,1,1,12,18
"7909",5,4,15,19,10,4,10,13,7,5,0,0,4,1,6,5,6,2,1,17,27
"7910",6,4,19,19,11,4,15,19,10,4,1,0,1,0,0,4,1,2,2,21,28
"7911",7,4,20,21,11,4,19,19,11,1,2,1,2,1,0,1,2,2,1,22,30
"7912",8,5,20,30,17,4,20,21,11,1,0,0,6,1,6,1,6,1,2,23,45
"7913",9,11,23,30,18,5,20,30,17,1,6,0,1,0,0,6,1,1,2,32,46
"7914",10,14,23,1,23,11,23,30,18,1,1,5,1,5,0,1,5,1,2,35,22
"7915",11,14,24,1,26,14,23,1,23,1,0,0,6,3,3,1,3,2,2,36,25
"7916",12,14,24,1,26,14,24,1,26,6,3,0,NA,0,0,0,0,0,0,36,25
"7917",0,0,0,0,0,0,0,0,0,0,0,0,0,0,0,0,0,0,0,0,0
"7918",1,4,1,5,1,1,1,1,1,3,5,4,5,4,0,3,4,1,1,3,4
"7919",2,9,1,5,4,4,1,5,1,5,0,0,3,2,6,5,3,1,2,8,7
"7920",3,15,4,7,4,9,1,5,4,2,6,0,2,0,0,6,2,1,1,17,9
"7921",4,17,10,12,4,15,4,7,4,6,1,5,1,5,0,6,5,2,1,25,14
"7922",5,17,11,14,4,17,10,12,4,1,0,0,2,6,3,1,2,2,1,26,16
"7923",6,18,17,14,7,17,11,14,4,6,3,0,3,0,0,6,3,2,2,33,19
"7924",7,19,17,17,7,18,17,14,7,1,1,3,1,3,0,1,3,1,1,34,22
"7925",8,19,18,25,7,19,17,17,7,1,0,0,6,4,5,1,6,2,1,35,30
"7926",9,23,18,30,7,19,18,25,7,4,5,0,5,0,0,4,5,1,1,39,35
"7927",10,34,18,30,12,23,18,30,7,1,5,6,1,5,0,6,5,1,2,50,40
"7928",11,34,19,35,12,34,18,30,12,1,0,0,5,5,6,1,5,2,1,51,45
"7929",12,34,19,35,12,34,19,35,12,5,6,0,NA,0,0,0,0,0,0,51,45
"7930",0,0,0,0,0,0,0,0,0,0,0,0,0,0,0,0,0,0,0,0,0
"7931",1,4,1,2,1,1,1,1,1,3,1,2,1,2,0,3,1,1,1,3,1
"7932",2,4,3,2,9,4,1,2,1,2,0,0,2,2,6,2,6,2,2,5,9
"7933",3,6,3,2,11,4,3,2,9,2,2,0,2,0,0,2,2,1,2,7,11
"7934",4,6,8,7,11,6,3,2,11,5,5,2,5,2,0,5,5,2,1,12,16
"7935",5,6,10,13,14,6,8,7,11,2,0,0,6,4,1,2,6,2,1,14,25
"7936",6,10,10,13,15,6,10,13,14,4,1,0,1,0,0,4,1,1,2,18,26
"7937",7,12,10,13,19,10,10,13,15,2,4,2,4,2,0,2,4,1,2,20,30
"7938",8,14,10,17,19,12,10,13,19,2,0,0,4,1,2,2,4,1,1,22,34
"7939",9,16,10,18,19,14,10,17,19,1,2,0,1,0,0,2,1,1,1,24,35
"7940",10,16,12,21,19,16,10,18,19,2,2,3,2,3,0,2,3,2,1,26,38
"7941",11,18,12,21,23,16,12,21,19,2,0,0,4,6,3,2,4,1,2,28,42
"7942",12,18,12,21,23,18,12,21,23,6,3,0,NA,0,0,0,0,0,0,28,42
"7943",0,0,0,0,0,0,0,0,0,0,0,0,0,0,0,0,0,0,0,0,0
"7944",1,1,6,3,1,1,1,1,1,2,5,3,2,3,0,5,2,2,1,5,2
"7945",2,1,9,5,7,1,6,3,1,3,0,0,3,3,6,3,6,2,2,8,10
"7946",3,4,9,5,10,1,9,5,7,3,3,0,3,0,0,3,3,1,2,11,13
"7947",4,4,13,5,14,4,9,5,10,4,4,1,4,1,0,4,4,2,2,15,17
"7948",5,4,14,9,20,4,13,5,14,1,0,0,6,1,4,1,6,2,2,16,27
"7949",6,4,18,9,21,4,14,9,20,1,4,0,1,0,0,4,1,2,2,20,28
"7950",7,8,24,11,21,4,18,9,21,1,6,2,1,2,0,6,2,2,1,30,30
"7951",8,8,25,17,24,8,24,11,21,1,0,0,3,6,1,1,6,2,1,31,39
"7952",9,8,28,18,24,8,25,17,24,3,1,0,1,0,0,3,1,2,1,34,40
"7953",10,8,38,24,25,8,28,18,24,3,6,6,3,6,0,6,6,2,1,44,47
"7954",11,11,38,31,25,8,38,24,25,3,0,0,3,5,6,3,6,1,1,47,54
"7955",12,11,38,31,25,11,38,31,25,3,5,0,NA,0,0,0,0,0,0,47,54
"7956",0,0,0,0,0,0,0,0,0,0,0,0,0,0,0,0,0,0,0,0,0
"7957",1,1,14,6,1,1,1,1,1,5,6,4,5,4,0,6,5,2,1,13,5
"7958",2,1,18,9,1,1,14,6,1,4,0,0,3,2,3,4,3,2,1,17,8
"7959",3,4,18,11,1,1,18,9,1,2,3,0,2,0,0,3,2,1,1,20,10
"7960",4,5,24,18,1,4,18,11,1,1,6,6,1,6,0,6,6,2,1,27,17
"7961",5,5,1,18,12,5,24,18,1,1,0,0,6,1,2,1,6,2,2,4,28
"7962",6,6,1,18,14,5,1,18,12,1,2,0,2,0,0,1,2,1,2,5,30
"7963",7,18,1,28,14,6,1,18,14,6,6,6,6,6,0,6,6,1,1,17,40
"7964",8,18,9,28,17,18,1,28,14,6,0,0,6,3,6,6,3,2,2,25,43
"7965",9,29,9,29,23,18,9,28,17,6,6,0,6,0,0,6,6,1,2,36,50
"7966",10,33,9,29,24,29,9,29,23,5,4,1,5,1,0,4,1,1,2,40,51
"7967",11,38,9,29,25,33,9,29,24,5,0,0,1,1,5,5,1,1,2,45,52
"7968",12,38,9,29,25,38,9,29,25,1,5,0,NA,0,0,0,0,0,0,45,52
"7969",0,0,0,0,0,0,0,0,0,0,0,0,0,0,0,0,0,0,0,0,0
"7970",1,6,1,2,1,1,1,1,1,5,1,2,1,2,0,5,1,1,1,5,1
"7971",2,6,3,8,6,6,1,2,1,2,0,0,6,1,4,2,6,2,1,7,12
"7972",3,10,3,9,6,6,3,8,6,1,4,0,1,0,0,4,1,1,1,11,13
"7973",4,15,3,15,8,10,3,9,6,5,6,1,6,1,0,5,6,1,1,16,21
"7974",5,16,3,20,8,15,3,15,8,1,0,0,6,5,5,1,5,1,1,17,26
"7975",6,25,9,25,8,16,3,20,8,6,5,0,5,0,0,6,5,1,1,32,31
"7976",7,25,13,27,8,25,9,25,8,2,4,2,2,2,0,4,2,2,1,36,33
"7977",8,25,1,36,8,25,13,27,8,2,0,0,6,3,2,2,6,2,1,24,42
"7978",9,25,4,38,8,25,1,36,8,3,2,0,2,0,0,3,2,2,1,27,44
"7979",10,27,4,39,4,25,4,38,8,1,2,1,2,1,0,1,1,1,1,29,79
"7980",11,29,4,39,7,27,4,39,4,2,0,0,3,3,5,2,3,1,2,31,82
"7981",12,29,4,39,7,29,4,39,7,3,5,0,NA,0,0,0,0,0,0,31,82
"7982",0,0,0,0,0,0,0,0,0,0,0,0,0,0,0,0,0,0,0,0,0
"7983",1,3,1,3,1,1,1,1,1,2,2,2,2,2,0,2,2,1,1,2,2
"7984",2,3,3,9,2,3,1,3,1,2,0,0,5,6,2,2,6,2,1,4,9
"7985",3,8,3,11,2,3,3,9,2,5,2,0,2,0,0,5,2,1,1,9,11
"7986",4,8,7,11,12,8,3,11,2,4,1,6,1,6,0,4,6,2,2,13,21
"7987",5,9,7,11,14,8,7,11,12,1,0,0,2,2,1,1,2,1,2,14,23
"7988",6,11,7,12,14,9,7,11,14,2,1,0,1,0,0,2,1,1,1,16,24
"7989",7,16,7,16,14,11,7,12,14,4,1,5,4,1,0,5,4,1,1,21,28
"7990",8,16,8,16,19,16,7,16,14,1,0,0,4,5,3,1,5,2,2,22,33
"7991",9,20,8,16,22,16,8,16,19,4,3,0,3,0,0,4,3,1,2,26,36
"7992",10,21,8,21,22,20,8,16,22,1,1,5,1,5,0,1,5,1,1,27,41
"7993",11,22,8,25,22,21,8,21,22,1,0,0,4,1,2,1,4,1,1,28,45
"7994",12,22,8,25,22,22,8,25,22,1,2,0,NA,0,0,0,0,0,0,28,45
"7995",0,0,0,0,0,0,0,0,0,0,0,0,0,0,0,0,0,0,0,0,0
"7996",1,1,6,1,6,1,1,1,1,5,5,1,5,1,0,5,5,2,2,5,5
"7997",2,2,6,4,6,1,6,1,6,1,0,0,3,3,3,1,3,1,1,6,8
"7998",3,2,9,7,6,2,6,4,6,3,3,0,3,0,0,3,3,2,1,9,11
"7999",4,2,10,9,6,2,9,7,6,1,1,2,1,2,0,1,2,2,1,10,13
"8000",5,2,11,9,10,2,10,9,6,1,0,0,1,3,4,1,4,2,2,11,17
"8001",6,2,14,9,11,2,11,9,10,1,3,0,1,0,0,3,1,2,2,14,18
"8002",7,3,20,14,11,2,14,9,11,5,4,6,5,4,0,6,5,2,1,21,23
"8003",8,3,24,14,15,3,20,14,11,4,0,0,1,2,4,4,4,2,2,25,27
"8004",9,3,26,15,15,3,24,14,15,1,2,0,1,0,0,2,1,2,1,27,28
"8005",10,4,32,20,15,3,26,15,15,5,1,6,5,1,0,6,5,2,1,34,33
"8006",11,5,33,20,2,4,32,20,15,1,0,0,5,2,1,1,1,2,2,36,20
"8007",12,5,33,20,2,5,33,20,2,5,2,0,NA,0,0,0,0,0,0,36,20
"8008",0,0,0,0,0,0,0,0,0,0,0,0,0,0,0,0,0,0,0,0,0
"8009",1,6,1,6,1,1,1,1,1,2,5,5,2,5,0,5,5,1,1,5,5
"8010",2,8,1,11,1,6,1,6,1,2,0,0,4,5,5,2,5,1,1,7,10
"8011",3,13,1,15,1,8,1,11,1,4,5,0,4,0,0,5,4,1,1,12,14
"8012",4,18,1,18,1,13,1,15,1,3,1,5,3,1,0,5,3,1,1,17,17
"8013",5,19,1,27,1,18,1,18,1,1,0,0,2,6,1,1,6,1,1,18,26
"8014",6,19,3,27,2,19,1,27,1,2,1,0,1,0,0,2,1,2,2,20,27
"8015",7,19,7,28,2,19,3,27,2,1,4,2,1,2,0,4,1,2,1,24,28
"8016",8,21,7,31,2,19,7,28,2,2,0,0,5,3,2,2,3,1,1,26,31
"8017",9,21,12,33,2,21,7,31,2,5,2,0,2,0,0,5,2,2,1,31,33
"8018",10,1,15,12,2,21,12,33,2,6,3,5,6,5,0,3,6,2,1,14,12
"8019",11,6,15,14,8,1,15,12,2,5,0,0,1,6,5,5,6,1,2,19,20
"8020",12,6,15,14,8,6,15,14,8,1,5,0,NA,0,0,0,0,0,0,19,20
"8021",0,0,0,0,0,0,0,0,0,0,0,0,0,0,0,0,0,0,0,0,0
"8022",1,2,1,1,4,1,1,1,1,3,2,1,3,2,0,1,3,1,2,1,3
"8023",2,4,1,1,12,2,1,1,4,2,0,0,3,4,6,2,6,1,2,3,11
"8024",3,8,1,4,12,4,1,1,12,3,4,0,3,0,0,4,3,1,1,7,14
"8025",4,8,6,9,12,8,1,4,12,5,5,3,5,3,0,5,5,2,1,12,19
"8026",5,11,6,13,12,8,6,9,12,3,0,0,4,3,4,3,4,1,1,15,23
"8027",6,11,10,13,15,11,6,13,12,3,4,0,3,0,0,4,3,2,2,19,26
"8028",7,11,12,21,15,11,10,13,15,6,2,2,6,2,0,2,6,2,1,21,34
"8029",8,11,14,22,21,11,12,21,15,2,0,0,2,1,6,2,6,2,2,23,41
"8030",9,11,16,23,21,11,14,22,21,2,1,0,1,0,0,2,1,2,1,25,42
"8031",10,12,16,24,21,11,16,23,21,5,1,1,5,1,0,1,1,1,1,26,43
"8032",11,17,1,38,21,12,16,24,21,5,0,0,6,5,6,5,6,1,1,16,57
"8033",12,17,1,38,21,17,1,38,21,5,6,0,NA,0,0,0,0,0,0,16,57
"8034",0,0,0,0,0,0,0,0,0,0,0,0,0,0,0,0,0,0,0,0,0
"8035",1,1,6,13,5,1,1,1,1,6,4,5,6,4,0,5,6,2,1,5,16
"8036",2,5,6,13,16,1,6,13,5,4,0,0,6,4,4,4,6,1,2,9,27
"8037",3,5,10,17,16,5,6,13,16,4,4,0,4,0,0,4,4,2,1,13,31
"8038",4,5,11,22,16,5,10,17,16,2,5,1,2,5,0,1,5,2,1,14,36
"8039",5,7,11,26,16,5,11,22,16,2,0,0,4,5,4,2,4,1,1,16,40
"8040",6,7,15,26,21,7,11,26,16,5,4,0,5,0,0,4,5,2,2,20,45
"8041",7,7,19,26,23,7,15,26,21,2,4,3,2,3,0,4,2,2,2,24,47
"8042",8,7,22,38,24,7,19,26,23,3,0,0,3,1,6,3,6,2,1,27,60
"8043",9,8,22,38,27,7,22,38,24,3,1,0,3,0,0,1,3,1,2,28,63
"8044",10,8,25,38,32,8,22,38,27,1,3,5,1,5,0,3,5,2,2,31,68
"8045",11,9,25,41,38,8,25,38,32,1,0,0,6,3,4,1,6,1,2,32,77
"8046",12,9,25,41,38,9,25,41,38,3,4,0,NA,0,0,0,0,0,0,32,77
"8047",0,0,0,0,0,0,0,0,0,0,0,0,0,0,0,0,0,0,0,0,0
"8048",1,1,5,6,1,1,1,1,1,4,2,5,2,5,0,4,5,2,1,4,5
"8049",2,1,7,11,1,1,5,6,1,2,0,0,5,5,1,2,5,2,1,6,10
"8050",3,1,12,12,1,1,7,11,1,5,1,0,1,0,0,5,1,2,1,11,11
"8051",4,6,12,12,2,1,12,12,1,5,1,1,1,1,0,5,1,1,2,16,12
"8052",5,7,12,15,2,6,12,12,2,1,0,0,5,4,3,1,3,1,1,17,15
"8053",6,7,17,19,2,7,12,15,2,5,4,0,4,0,0,5,4,2,1,22,19
"8054",7,13,28,19,3,7,17,19,2,1,6,2,1,2,0,6,2,1,2,39,20
"8055",8,13,29,24,3,13,28,19,3,1,0,0,5,4,6,1,5,2,1,40,25
"8056",9,22,39,28,3,13,29,24,3,4,6,0,4,0,0,6,4,2,1,97,29
"8057",10,29,39,31,3,22,39,28,3,3,6,1,3,1,0,6,3,1,1,104,32
"8058",11,30,39,40,3,29,39,31,3,1,0,0,6,5,2,1,6,1,1,105,41
"8059",12,30,39,40,3,30,39,40,3,5,2,0,NA,0,0,0,0,0,0,105,41
"8060",0,0,0,0,0,0,0,0,0,0,0,0,0,0,0,0,0,0,0,0,0
"8061",1,1,6,6,1,1,1,1,1,5,1,5,1,5,0,5,5,2,1,5,5
"8062",2,1,7,11,1,1,6,6,1,1,0,0,5,1,5,1,5,2,1,6,10
"8063",3,1,12,11,2,1,7,11,1,1,5,0,1,0,0,5,1,2,2,11,11
"8064",4,11,12,22,2,1,12,11,2,5,6,6,5,6,0,6,6,1,1,21,22
"8065",5,11,17,25,2,11,12,22,2,5,0,0,2,1,3,5,3,2,1,26,25
"8066",6,13,17,26,2,11,17,25,2,2,1,0,1,0,0,2,1,1,1,28,26
"8067",7,19,19,29,2,13,17,26,2,3,3,6,3,3,0,6,3,1,1,36,29
"8068",8,19,22,34,2,19,19,29,2,3,0,0,5,1,5,3,5,2,1,39,34
"8069",9,19,27,35,2,19,22,34,2,1,5,0,1,0,0,5,1,2,1,44,35
"8070",10,19,28,35,5,19,27,35,2,3,1,1,3,1,0,1,3,2,2,45,38
"8071",11,20,28,39,8,19,28,35,5,1,0,0,4,6,1,1,4,1,1,46,83
"8072",12,20,28,39,8,20,28,39,8,6,1,0,NA,0,0,0,0,0,0,46,83
"8073",0,0,0,0,0,0,0,0,0,0,0,0,0,0,0,0,0,0,0,0,0
"8074",1,13,6,5,1,1,1,1,1,1,6,4,1,4,0,6,4,1,1,17,4
"8075",2,13,7,5,12,13,6,5,1,1,0,0,5,1,6,1,6,2,2,18,15
"8076",3,13,12,6,12,13,7,5,12,5,1,0,1,0,0,5,1,2,1,23,16
"8077",4,16,12,9,12,13,12,6,12,2,3,3,2,3,0,3,3,1,1,26,19
"8078",5,18,12,14,12,16,12,9,12,2,0,0,5,2,3,2,5,1,1,28,24
"8079",6,21,12,14,14,18,12,14,12,2,3,0,2,0,0,3,2,1,2,31,26
"8080",7,21,17,14,19,21,12,14,14,2,5,5,2,5,0,5,5,2,2,36,31
"8081",8,21,19,14,22,21,17,14,19,2,0,0,3,3,1,2,3,2,2,38,34
"8082",9,21,22,15,22,21,19,14,22,3,1,0,1,0,0,3,1,2,1,41,35
"8083",10,31,22,15,30,21,22,15,22,6,6,2,6,2,0,6,6,1,2,51,43
"8084",11,31,24,15,31,31,22,15,30,2,0,0,1,5,2,2,1,2,2,53,44
"8085",12,31,24,15,31,31,24,15,31,5,2,0,NA,0,0,0,0,0,0,53,44
"8086",0,0,0,0,0,0,0,0,0,0,0,0,0,0,0,0,0,0,0,0,0
"8087",1,1,6,1,2,1,1,1,1,2,1,5,2,1,0,5,1,2,2,5,1
"8088",2,1,8,2,8,1,6,1,2,2,0,0,6,6,1,2,6,2,2,7,8
"8089",3,8,8,3,8,1,8,2,8,6,1,0,1,0,0,6,1,1,1,14,9
"8090",4,8,10,3,10,8,8,3,8,1,2,2,1,2,0,2,2,2,2,16,11
"8091",5,9,10,3,13,8,10,3,10,1,0,0,4,1,3,1,3,1,2,17,14
"8092",6,13,10,4,13,9,10,3,13,4,1,0,1,0,0,4,1,1,1,21,15
"8093",7,19,16,4,18,13,10,4,13,5,6,5,5,5,0,6,5,2,2,33,20
"8094",8,19,21,4,22,19,16,4,18,5,0,0,2,1,4,5,4,2,2,38,24
"8095",9,21,21,5,22,19,21,4,22,2,1,0,1,0,0,2,1,1,1,40,25
"8096",10,26,21,5,27,21,21,5,22,5,5,5,5,5,0,5,5,1,2,45,30
"8097",11,31,21,5,28,26,21,5,27,5,0,0,6,4,1,5,1,1,2,50,31
"8098",12,31,21,5,28,31,21,5,28,6,4,0,NA,0,0,0,0,0,0,50,31
"8099",0,0,0,0,0,0,0,0,0,0,0,0,0,0,0,0,0,0,0,0,0
"8100",1,2,1,1,12,1,1,1,1,2,6,1,2,6,0,1,6,1,2,1,11
"8101",2,2,3,10,18,2,1,1,12,2,0,0,6,3,1,2,6,2,1,3,26
"8102",3,2,4,13,18,2,3,10,18,3,1,0,3,0,0,1,3,2,1,4,29
"8103",4,2,8,19,19,2,4,13,18,2,4,6,2,6,0,4,6,2,1,8,36
"8104",5,2,10,25,21,2,8,19,19,2,0,0,3,6,3,2,6,2,1,10,44
"8105",6,2,13,28,21,2,10,25,21,3,3,0,3,0,0,3,3,2,1,13,47
"8106",7,3,18,34,4,2,13,28,21,3,1,6,3,6,0,1,6,1,1,19,36
"8107",8,6,18,34,14,3,18,34,4,3,0,0,3,1,6,3,6,1,2,22,46
"8108",9,6,21,35,14,6,18,34,14,3,1,0,1,0,0,3,1,2,1,25,47
"8109",10,9,21,35,19,6,21,35,14,4,3,5,4,5,0,3,5,1,2,28,52
"8110",11,13,21,37,19,9,21,35,19,4,0,0,2,3,2,4,2,1,1,32,54
"8111",12,13,21,37,19,13,21,37,19,3,2,0,NA,0,0,0,0,0,0,32,54
"8112",0,0,0,0,0,0,0,0,0,0,0,0,0,0,0,0,0,0,0,0,0
"8113",1,4,13,5,1,1,1,1,1,4,6,3,4,3,0,6,4,2,1,15,4
"8114",2,7,13,10,1,4,13,5,1,3,0,0,2,5,2,3,5,1,1,18,9
"8115",3,7,15,12,1,7,13,10,1,2,2,0,2,0,0,2,2,2,1,20,11
"8116",4,10,15,23,1,7,15,12,1,3,6,2,6,2,0,3,6,1,1,23,22
"8117",5,12,15,23,2,10,15,23,1,2,0,0,6,4,1,2,1,1,2,25,23
"8118",6,12,1,23,7,12,15,23,2,6,4,0,4,0,0,6,4,2,2,11,28
"8119",7,17,1,28,7,12,1,23,7,5,5,1,5,1,0,5,5,1,1,16,33
"8120",8,18,1,34,9,17,1,28,7,1,0,0,2,2,6,1,6,1,1,17,41
"8121",9,20,1,36,9,18,1,34,9,2,2,0,2,0,0,2,2,1,1,19,43
"8122",10,25,1,36,14,20,1,36,9,5,5,4,5,4,0,5,5,1,2,24,48
"8123",11,25,5,39,15,25,1,36,14,4,0,0,3,4,5,4,3,2,1,28,90
"8124",12,25,5,39,15,25,5,39,15,4,5,0,NA,0,0,0,0,0,0,28,90
"8125",0,0,0,0,0,0,0,0,0,0,0,0,0,0,0,0,0,0,0,0,0
"8126",1,1,6,4,1,1,1,1,1,5,3,1,3,1,0,5,3,2,1,5,3
"8127",2,1,7,8,1,1,6,4,1,1,0,0,4,6,2,1,4,2,1,6,7
"8128",3,7,9,10,1,1,7,8,1,6,2,0,2,0,0,6,2,1,1,14,9
"8129",4,13,12,15,1,7,9,10,1,2,5,6,2,5,0,6,5,1,1,23,14
"8130",5,13,14,17,1,13,12,15,1,2,0,0,2,5,1,2,2,2,1,25,16
"8131",6,18,14,17,2,13,14,17,1,5,1,0,1,0,0,5,1,1,2,30,17
"8132",7,24,19,22,2,18,14,17,2,6,2,5,2,5,0,6,5,1,1,41,22
"8133",8,1,21,22,7,24,19,22,2,2,0,0,5,4,1,2,4,2,2,20,27
"8134",9,6,21,22,8,1,21,22,7,5,1,0,1,0,0,5,1,1,2,25,28
"8135",10,12,22,29,8,6,21,22,8,6,6,3,6,3,0,6,6,1,1,32,35
"8136",11,1,25,35,8,12,22,29,8,3,0,0,3,1,4,3,1,2,1,24,41
"8137",12,1,25,35,8,1,25,35,8,3,4,0,NA,0,0,0,0,0,0,24,41
"8138",0,0,0,0,0,0,0,0,0,0,0,0,0,0,0,0,0,0,0,0,0
"8139",1,7,3,2,1,1,1,1,1,1,6,1,1,1,0,6,1,1,1,8,1
"8140",2,8,3,2,4,7,3,2,1,1,0,0,6,2,3,1,3,1,2,9,4
"8141",3,14,14,2,6,8,3,2,4,6,2,0,2,0,0,6,2,2,2,26,6
"8142",4,25,20,1,8,14,14,2,6,4,6,2,4,2,0,6,2,1,2,43,7
"8143",5,1,1,7,11,25,20,1,8,4,0,0,3,5,2,4,3,1,2,0,16
"8144",6,1,6,9,11,1,1,7,11,5,2,0,2,0,0,5,2,2,1,5,18
"8145",7,1,9,13,17,1,6,9,11,6,3,3,6,3,0,3,6,2,2,8,28
"8146",8,1,12,18,17,1,9,13,17,3,0,0,1,1,5,3,5,2,1,11,33
"8147",9,1,13,18,18,1,12,18,17,1,1,0,1,0,0,1,1,2,2,12,34
"8148",10,2,13,18,22,1,13,18,18,1,6,4,6,4,0,1,4,1,2,13,38
"8149",11,6,25,20,28,2,13,18,22,6,0,0,2,6,3,6,6,2,2,29,46
"8150",12,6,25,20,28,6,25,20,28,2,3,0,NA,0,0,0,0,0,0,29,46
"8151",0,0,0,0,0,0,0,0,0,0,0,0,0,0,0,0,0,0,0,0,0
"8152",1,1,5,7,6,1,1,1,1,2,4,6,2,6,0,4,6,2,1,4,11
"8153",2,1,7,7,11,1,5,7,6,2,0,0,3,3,5,2,5,2,2,6,16
"8154",3,1,10,10,11,1,7,7,11,3,3,0,3,0,0,3,3,2,1,9,19
"8155",4,6,10,10,18,1,10,10,11,5,6,5,6,5,0,5,6,1,2,14,26
"8156",5,11,10,14,18,6,10,10,18,5,0,0,5,3,4,5,4,1,1,19,30
"8157",6,16,10,14,21,11,10,14,18,5,3,0,3,0,0,5,3,1,2,24,33
"8158",7,21,10,18,21,16,10,14,21,5,2,4,2,4,0,5,4,1,1,29,37
"8159",8,23,10,27,21,21,10,18,21,2,0,0,3,6,3,2,6,1,1,31,46
"8160",9,26,10,27,24,23,10,27,21,3,3,0,3,0,0,3,3,1,2,34,49
"8161",10,31,1,27,29,26,10,27,24,5,4,5,4,5,0,5,4,1,2,30,54
"8162",11,31,6,30,29,31,1,27,29,5,0,0,3,4,1,5,3,2,1,35,57
"8163",12,31,6,30,29,31,6,30,29,4,1,0,NA,0,0,0,0,0,0,35,57
"8164",0,0,0,0,0,0,0,0,0,0,0,0,0,0,0,0,0,0,0,0,0
"8165",1,6,7,6,1,1,1,1,1,5,2,6,5,2,0,6,5,2,1,11,5
"8166",2,6,9,10,1,6,7,6,1,2,0,0,3,3,4,2,4,2,1,13,9
"8167",3,9,9,10,4,6,9,10,1,3,3,0,3,0,0,3,3,1,2,16,12
"8168",4,14,9,14,4,9,9,10,4,4,5,4,4,4,0,5,4,1,1,21,16
"8169",5,14,13,18,4,14,9,14,4,4,0,0,4,5,1,4,4,2,1,25,20
"8170",6,14,18,19,4,14,13,18,4,5,1,0,1,0,0,5,1,2,1,30,21
"8171",7,17,18,21,4,14,18,19,4,1,3,2,1,2,0,3,2,1,1,33,23
"8172",8,18,18,21,7,17,18,21,4,1,0,0,6,3,3,1,3,1,2,34,26
"8173",9,23,24,24,7,18,18,21,7,6,3,0,3,0,0,6,3,2,1,45,29
"8174",10,26,24,26,7,23,24,24,7,3,2,4,2,4,0,3,2,1,1,48,31
"8175",11,30,24,28,7,26,24,26,7,4,0,0,6,2,2,4,2,1,1,52,33
"8176",12,30,24,28,7,30,24,28,7,6,2,0,NA,0,0,0,0,0,0,52,33
"8177",0,0,0,0,0,0,0,0,0,0,0,0,0,0,0,0,0,0,0,0,0
"8178",1,9,1,1,2,1,1,1,1,1,6,1,1,1,0,6,1,1,2,8,1
"8179",2,9,2,4,8,9,1,1,2,1,0,0,2,6,6,1,6,2,2,9,10
"8180",3,9,11,6,8,9,2,4,8,2,6,0,2,0,0,6,2,2,1,18,12
"8181",4,13,11,6,11,9,11,6,8,3,3,4,3,3,0,4,3,1,2,22,15
"8182",5,16,11,6,13,13,11,6,11,3,0,0,2,4,1,3,2,1,2,25,17
"8183",6,16,15,7,13,16,11,6,13,4,1,0,1,0,0,4,1,2,1,29,18
"8184",7,22,21,7,15,16,15,7,13,6,2,4,2,4,0,6,2,1,2,41,20
"8185",8,1,21,11,15,22,21,7,15,4,0,0,1,6,1,4,1,1,1,20,24
"8186",9,1,28,12,15,1,21,11,15,6,1,0,1,0,0,6,1,2,1,27,25
"8187",10,5,28,12,18,1,28,12,15,1,4,3,1,3,0,4,3,1,2,31,28
"8188",11,6,28,14,18,5,28,12,18,1,0,0,4,2,1,1,2,1,1,32,30
"8189",12,6,28,14,18,6,28,14,18,4,1,0,NA,0,0,0,0,0,0,32,30
"8190",0,0,0,0,0,0,0,0,0,0,0,0,0,0,0,0,0,0,0,0,0
"8191",1,6,7,8,1,1,1,1,1,6,6,2,6,2,0,6,6,2,1,11,7
"8192",2,8,7,14,8,6,7,8,1,2,0,0,1,6,4,2,6,1,2,13,20
"8193",3,8,11,15,8,8,7,14,8,1,4,0,1,0,0,4,1,2,1,17,21
"8194",4,12,17,21,13,8,11,15,8,2,6,6,2,6,0,6,6,2,1,27,32
"8195",5,12,19,21,16,12,17,21,13,2,0,0,3,4,4,2,3,2,2,29,35
"8196",6,12,23,25,16,12,19,21,16,4,4,0,4,0,0,4,4,2,1,33,39
"8197",7,12,27,25,19,12,23,25,16,4,1,3,1,3,0,4,3,2,2,37,42
"8198",8,12,28,25,22,12,27,25,19,1,0,0,2,3,3,1,3,2,2,38,45
"8199",9,14,28,25,25,12,28,25,22,2,3,0,3,0,0,2,3,1,2,40,48
"8200",10,14,33,27,31,14,28,25,25,5,1,6,1,6,0,5,6,2,2,45,56
"8201",11,1,34,35,31,14,33,27,31,1,0,0,5,1,4,1,5,2,1,33,64
"8202",12,1,34,35,31,1,34,35,31,1,4,0,NA,0,0,0,0,0,0,33,64
"8203",0,0,0,0,0,0,0,0,0,0,0,0,0,0,0,0,0,0,0,0,0
"8204",1,3,1,3,1,1,1,1,1,2,2,1,2,1,0,2,2,1,1,2,2
"8205",2,4,1,4,7,3,1,3,1,1,0,0,2,6,3,1,6,1,2,3,9
"8206",3,4,3,7,7,4,1,4,7,2,3,0,3,0,0,2,3,2,1,5,12
"8207",4,4,6,10,7,4,3,7,7,3,3,4,3,4,0,3,3,2,1,8,15
"8208",5,4,10,10,10,4,6,10,7,4,0,0,2,1,3,4,3,2,2,12,18
"8209",6,4,12,11,10,4,10,10,10,2,1,0,1,0,0,2,1,2,1,14,19
"8210",7,8,12,16,10,4,12,11,10,4,5,3,5,3,0,4,5,1,1,18,24
"8211",8,8,15,16,13,8,12,16,10,3,0,0,1,3,3,3,3,2,2,21,27
"8212",9,11,15,16,14,8,15,16,13,1,3,0,1,0,0,3,1,1,2,24,28
"8213",10,11,17,21,20,11,15,16,14,6,2,2,6,2,0,2,6,2,2,26,39
"8214",11,13,17,27,24,11,17,21,20,2,0,0,6,5,6,2,6,1,1,28,49
"8215",12,13,17,27,24,13,17,27,24,5,6,0,NA,0,0,0,0,0,0,28,49
"8216",0,0,0,0,0,0,0,0,0,0,0,0,0,0,0,0,0,0,0,0,0
"8217",1,4,1,1,5,1,1,1,1,3,3,4,3,4,0,3,4,1,2,3,4
"8218",2,7,1,5,5,4,1,1,5,3,0,0,4,1,1,3,4,1,1,6,8
"8219",3,7,2,5,6,7,1,5,5,1,1,0,1,0,0,1,1,2,2,7,9
"8220",4,7,3,5,8,7,2,5,6,3,1,2,3,2,0,1,2,2,2,8,11
"8221",5,7,6,11,11,7,3,5,8,3,0,0,6,5,4,3,6,2,1,11,20
"8222",6,7,11,15,11,7,6,11,11,5,4,0,4,0,0,5,4,2,1,16,24
"8223",7,8,11,15,13,7,11,15,11,2,2,1,2,2,0,1,2,1,2,17,26
"8224",8,8,13,18,19,8,11,15,13,2,0,0,1,6,1,2,6,2,2,19,35
"8225",9,8,14,18,20,8,13,18,19,1,1,0,1,0,0,1,1,2,2,20,36
"8226",10,8,17,24,21,8,14,18,20,3,3,6,3,6,0,3,6,2,1,23,43
"8227",11,8,20,25,21,8,17,24,21,3,0,0,1,3,6,3,1,2,1,26,44
"8228",12,8,20,25,21,8,20,25,21,3,6,0,NA,0,0,0,0,0,0,26,44
"8229",0,0,0,0,0,0,0,0,0,0,0,0,0,0,0,0,0,0,0,0,0
"8230",1,1,5,3,1,1,1,1,1,3,4,2,3,2,0,4,2,2,1,4,2
"8231",2,4,5,9,6,1,5,3,1,3,0,0,2,6,2,3,6,1,1,7,13
"8232",3,4,7,11,6,4,5,9,6,2,2,0,2,0,0,2,2,2,1,9,15
"8233",4,4,10,11,10,4,7,11,6,1,3,4,1,4,0,3,4,2,2,12,19
"8234",5,4,11,11,15,4,10,11,10,1,0,0,5,5,1,1,5,2,2,13,24
"8235",6,4,16,11,16,4,11,11,15,5,1,0,1,0,0,5,1,2,2,18,25
"8236",7,4,27,15,16,4,16,11,16,4,6,1,4,1,0,6,4,2,1,29,29
"8237",8,5,27,19,16,4,27,15,16,1,0,0,2,1,4,1,4,1,1,30,33
"8238",9,6,27,21,16,5,27,19,16,2,1,0,2,0,0,1,2,1,1,31,35
"8239",10,8,33,28,16,6,27,21,16,6,6,4,6,4,0,6,6,2,1,39,42
"8240",11,8,37,28,18,8,33,28,16,4,0,0,5,3,2,4,2,2,2,43,44
"8241",12,8,37,28,18,8,37,28,18,5,3,0,NA,0,0,0,0,0,0,43,44
"8242",0,0,0,0,0,0,0,0,0,0,0,0,0,0,0,0,0,0,0,0,0
"8243",1,1,6,1,6,1,1,1,1,5,5,2,5,2,0,5,5,2,2,5,5
"8244",2,1,8,6,6,1,6,1,6,2,0,0,2,5,3,2,5,2,1,7,10
"8245",3,3,8,9,6,1,8,6,6,2,3,0,3,0,0,2,3,1,1,9,13
"8246",4,6,14,12,6,3,8,9,6,6,3,1,3,1,0,6,3,2,1,18,16
"8247",5,6,15,16,6,6,14,12,6,1,0,0,4,4,4,1,4,2,1,19,20
"8248",6,10,15,20,6,6,15,16,6,4,4,0,4,0,0,4,4,1,1,23,24
"8249",7,10,18,23,6,10,15,20,6,3,1,3,1,3,0,3,3,2,1,26,27
"8250",8,1,18,34,6,10,18,23,6,1,0,0,1,6,2,1,6,1,1,17,38
"8251",9,2,18,34,8,1,18,34,6,1,2,0,2,0,0,1,2,1,2,18,40
"8252",10,3,18,34,10,2,18,34,8,2,1,2,2,2,0,1,2,1,2,19,42
"8253",11,5,18,39,21,3,18,34,10,2,0,0,5,2,1,2,5,1,1,21,96
"8254",12,5,18,39,21,5,18,39,21,2,1,0,NA,0,0,0,0,0,0,21,96
"8255",0,0,0,0,0,0,0,0,0,0,0,0,0,0,0,0,0,0,0,0,0
"8256",1,1,4,7,6,1,1,1,1,6,3,3,6,3,0,3,6,2,1,3,11
"8257",2,4,4,9,6,1,4,7,6,3,0,0,2,1,2,3,2,1,1,6,13
"8258",3,4,5,9,8,4,4,9,6,1,2,0,2,0,0,1,2,2,2,7,15
"8259",4,9,5,12,8,4,5,9,8,3,1,5,3,1,0,5,3,1,1,12,18
"8260",5,9,6,13,8,9,5,12,8,1,0,0,5,1,6,1,1,2,1,13,19
"8261",6,14,6,19,14,9,6,13,8,5,6,0,6,0,0,5,6,1,2,18,31
"8262",7,15,6,19,21,14,6,19,14,6,1,2,6,2,0,1,6,1,2,19,38
"8263",8,17,6,23,21,15,6,19,21,2,0,0,4,4,2,2,4,1,1,21,42
"8264",9,19,6,27,21,17,6,23,21,4,2,0,4,0,0,2,4,1,1,23,46
"8265",10,24,15,5,21,19,6,27,21,3,3,4,3,4,0,3,4,2,1,37,24
"8266",11,24,18,5,23,24,15,5,21,3,0,0,5,5,2,3,2,2,2,40,26
"8267",12,24,18,5,23,24,18,5,23,5,5,0,NA,0,0,0,0,0,0,40,26
"8268",0,0,0,0,0,0,0,0,0,0,0,0,0,0,0,0,0,0,0,0,0
"8269",1,6,1,6,1,1,1,1,1,1,5,5,1,5,0,5,5,1,1,5,5
"8270",2,7,1,9,1,6,1,6,1,1,0,0,3,2,2,1,3,1,1,6,8
"8271",3,9,1,11,1,7,1,9,1,2,2,0,2,0,0,2,2,1,1,8,10
"8272",4,15,5,14,1,9,1,11,1,6,3,3,3,3,0,6,3,1,1,18,13
"8273",5,15,8,19,1,15,5,14,1,3,0,0,2,3,5,3,5,2,1,21,18
"8274",6,15,11,19,3,15,8,19,1,2,3,0,2,0,0,3,2,2,2,24,20
"8275",7,15,20,22,3,15,11,19,3,3,6,2,3,2,0,6,3,2,1,33,23
"8276",8,17,20,25,3,15,20,22,3,2,0,0,3,6,2,2,3,1,1,35,26
"8277",9,20,26,27,3,17,20,25,3,6,2,0,2,0,0,6,2,2,1,44,28
"8278",10,20,31,30,3,20,26,27,3,3,5,3,3,3,0,5,3,2,1,49,31
"8279",11,20,34,31,3,20,31,30,3,3,0,0,1,4,1,3,1,2,1,52,32
"8280",12,20,34,31,3,20,34,31,3,4,1,0,NA,0,0,0,0,0,0,52,32
"8281",0,0,0,0,0,0,0,0,0,0,0,0,0,0,0,0,0,0,0,0,0
"8282",1,1,2,6,7,1,1,1,1,1,6,4,6,4,0,1,6,2,2,1,11
"8283",2,1,6,6,11,1,2,6,7,4,0,0,4,1,4,4,4,2,2,5,15
"8284",3,1,10,7,11,1,6,6,11,1,4,0,1,0,0,4,1,2,1,9,16
"8285",4,1,17,7,15,1,10,7,11,4,6,2,4,2,0,6,4,2,2,16,20
"8286",5,1,19,17,15,1,17,7,15,2,0,0,6,2,4,2,6,2,1,18,30
"8287",6,1,23,19,15,1,19,17,15,2,4,0,2,0,0,4,2,2,1,22,32
"8288",7,1,27,19,28,1,23,19,15,4,6,1,6,1,0,4,6,2,2,26,45
"8289",8,2,27,19,33,1,27,19,28,1,0,0,5,4,2,1,5,1,2,27,50
"8290",9,2,31,19,35,2,27,19,33,4,2,0,2,0,0,4,2,2,2,31,52
"8291",10,6,31,19,36,2,31,19,35,1,4,6,1,6,0,4,1,1,2,35,53
"8292",11,10,37,21,36,6,31,19,36,6,0,0,1,2,3,6,2,2,1,45,55
"8293",12,10,37,21,36,10,37,21,36,1,3,0,NA,0,0,0,0,0,0,45,55
"8294",0,0,0,0,0,0,0,0,0,0,0,0,0,0,0,0,0,0,0,0,0
"8295",1,1,12,1,5,1,1,1,1,6,4,4,4,4,0,6,4,2,2,11,4
"8296",2,1,16,1,9,1,12,1,5,4,0,0,4,4,5,4,4,2,2,15,8
"8297",3,1,21,1,13,1,16,1,9,4,5,0,4,0,0,5,4,2,2,20,12
"8298",4,1,26,5,13,1,21,1,13,4,5,4,4,4,0,5,4,2,1,25,16
"8299",5,1,30,6,13,1,26,5,13,4,0,0,4,1,5,4,1,2,1,29,17
"8300",6,1,34,6,18,1,30,6,13,4,5,0,5,0,0,4,5,2,2,33,22
"8301",7,1,39,6,28,1,34,6,18,5,6,4,6,4,0,5,6,2,2,76,32
"8302",8,5,39,6,33,1,39,6,28,4,0,0,3,1,5,4,5,1,2,80,37
"8303",9,8,39,6,34,5,39,6,33,3,1,0,1,0,0,3,1,1,2,83,38
"8304",10,13,39,7,39,8,39,6,34,5,2,5,2,5,0,5,5,1,2,88,82
"8305",11,15,39,10,39,13,39,7,39,2,0,0,1,6,3,2,3,1,1,90,85
"8306",12,15,39,10,39,15,39,10,39,1,6,0,NA,0,0,0,0,0,0,90,85
"8307",0,0,0,0,0,0,0,0,0,0,0,0,0,0,0,0,0,0,0,0,0
"8308",1,9,1,1,6,1,1,1,1,5,2,6,5,2,0,6,5,1,2,8,5
"8309",2,11,1,1,10,9,1,1,6,2,0,0,3,4,4,2,4,1,2,10,9
"8310",3,11,4,1,14,11,1,1,10,3,4,0,4,0,0,3,4,2,2,13,13
"8311",4,16,4,2,14,11,4,1,14,2,5,1,2,1,0,5,1,1,1,18,14
"8312",5,16,6,2,16,16,4,2,14,2,0,0,1,4,2,2,2,2,2,20,16
"8313",6,16,10,3,16,16,6,2,16,1,4,0,1,0,0,4,1,2,1,24,17
"8314",7,16,15,3,26,16,10,3,16,6,5,5,6,5,0,5,6,2,2,29,27
"8315",8,24,15,4,26,16,15,3,26,5,0,0,3,2,2,5,3,1,1,37,28
"8316",9,26,15,4,28,24,15,4,26,2,2,0,2,0,0,2,2,1,2,39,30
"8317",10,26,20,4,33,26,15,4,28,1,5,5,1,5,0,5,5,2,2,44,35
"8318",11,1,20,11,33,26,20,4,33,1,0,0,3,2,5,1,5,1,1,19,42
"8319",12,1,20,11,33,1,20,11,33,3,2,0,NA,0,0,0,0,0,0,19,42
"8320",0,0,0,0,0,0,0,0,0,0,0,0,0,0,0,0,0,0,0,0,0
"8321",1,1,6,1,5,1,1,1,1,4,1,5,4,1,0,5,4,2,2,5,4
"8322",2,2,6,1,7,1,6,1,5,1,0,0,2,6,2,1,2,1,2,6,6
"8323",3,11,6,1,9,2,6,1,7,6,2,0,2,0,0,6,2,1,2,15,8
"8324",4,16,6,1,11,11,6,1,9,1,5,2,1,2,0,5,2,1,2,20,10
"8325",5,17,6,1,16,16,6,1,11,1,0,0,2,2,5,1,5,1,2,21,15
"8326",6,19,6,3,16,17,6,1,16,2,2,0,2,0,0,2,2,1,1,23,17
"8327",7,19,10,3,19,19,6,3,16,3,1,4,3,1,0,4,3,2,2,27,20
"8328",8,20,10,3,23,19,10,3,19,1,0,0,5,4,3,1,4,1,2,28,24
"8329",9,20,15,6,23,20,10,3,23,5,3,0,3,0,0,5,3,2,1,33,27
"8330",10,25,15,6,28,20,15,6,23,5,5,3,5,3,0,5,5,1,2,38,32
"8331",11,25,18,10,28,25,15,6,28,3,0,0,4,2,5,3,4,2,1,41,36
"8332",12,25,18,10,28,25,18,10,28,2,5,0,NA,0,0,0,0,0,0,41,36
"8333",0,0,0,0,0,0,0,0,0,0,0,0,0,0,0,0,0,0,0,0,0
"8334",1,5,1,5,1,1,1,1,1,3,4,4,3,4,0,4,4,1,1,4,4
"8335",2,5,4,6,1,5,1,5,1,3,0,0,5,1,3,3,1,2,1,7,5
"8336",3,5,9,9,1,5,4,6,1,5,3,0,3,0,0,5,3,2,1,12,8
"8337",4,9,9,14,1,5,9,9,1,5,2,4,5,2,0,4,5,1,1,16,13
"8338",5,9,11,18,1,9,9,14,1,2,0,0,2,6,4,2,4,2,1,18,17
"8339",6,20,11,18,3,9,11,18,1,2,6,0,2,0,0,6,2,1,2,29,19
"8340",7,20,18,19,3,20,11,18,3,6,1,1,1,1,0,6,1,2,1,36,20
"8341",8,20,19,24,3,20,18,19,3,1,0,0,4,2,5,1,5,2,1,37,25
"8342",9,24,19,26,3,20,19,24,3,4,2,0,2,0,0,4,2,1,1,41,27
"8343",10,27,19,29,3,24,19,26,3,3,3,1,3,1,0,3,3,1,1,44,30
"8344",11,28,19,29,8,27,19,29,3,1,0,0,5,2,4,1,5,1,2,45,35
"8345",12,28,19,29,8,28,19,29,8,2,4,0,NA,0,0,0,0,0,0,45,35
"8346",0,0,0,0,0,0,0,0,0,0,0,0,0,0,0,0,0,0,0,0,0
"8347",1,1,6,1,4,1,1,1,1,1,5,3,1,3,0,5,3,2,2,5,3
"8348",2,1,7,1,9,1,6,1,4,1,0,0,6,5,2,1,5,2,2,6,8
"8349",3,10,7,1,11,1,7,1,9,6,2,0,2,0,0,6,2,1,2,15,10
"8350",4,16,9,1,21,10,7,1,11,4,6,6,4,6,0,6,6,1,2,23,20
"8351",5,16,13,1,29,16,9,1,21,4,0,0,6,3,2,4,6,2,2,27,28
"8352",6,18,13,1,32,16,13,1,29,3,2,0,3,0,0,2,3,1,2,29,31
"8353",7,18,16,2,1,18,13,1,32,3,1,1,3,1,0,1,1,2,1,32,1
"8354",8,18,19,6,1,18,16,2,1,3,0,0,3,3,4,3,4,2,1,35,5
"8355",9,21,19,6,4,18,19,6,1,3,3,0,3,0,0,3,3,1,2,38,8
"8356",10,21,20,7,4,21,19,6,4,2,1,1,2,1,0,1,1,2,1,39,9
"8357",11,24,1,7,9,21,20,7,4,2,0,0,3,2,2,2,3,2,2,23,14
"8358",12,24,1,7,9,24,1,7,9,2,2,0,NA,0,0,0,0,0,0,23,14
"8359",0,0,0,0,0,0,0,0,0,0,0,0,0,0,0,0,0,0,0,0,0
"8360",1,1,5,7,6,1,1,1,1,4,6,5,6,5,0,4,6,2,1,4,11
"8361",2,6,5,7,10,1,5,7,6,5,0,0,5,4,3,5,4,1,2,9,15
"8362",3,9,5,7,15,6,5,7,10,5,3,0,5,0,0,3,5,1,2,12,20
"8363",4,24,5,11,21,9,5,7,15,2,6,6,2,6,0,6,6,1,2,27,30
"8364",5,26,5,11,22,24,5,11,21,2,0,0,2,1,4,2,1,1,2,29,31
"8365",6,26,7,11,26,26,5,11,22,2,4,0,4,0,0,2,4,2,2,31,35
"8366",7,26,15,11,30,26,7,11,26,6,2,4,2,4,0,6,4,2,2,39,39
"8367",8,28,1,11,37,26,15,11,30,2,0,0,2,3,3,2,3,1,2,27,46
"8368",9,28,3,14,37,28,1,11,37,2,3,0,3,0,0,2,3,2,1,29,49
"8369",10,33,3,5,37,28,3,14,37,3,4,4,3,4,0,4,4,1,1,34,40
"8370",11,33,6,13,37,33,3,5,37,3,0,0,3,3,6,3,6,2,1,37,48
"8371",12,33,6,13,37,33,6,13,37,3,3,0,NA,0,0,0,0,0,0,37,48
"8372",0,0,0,0,0,0,0,0,0,0,0,0,0,0,0,0,0,0,0,0,0
"8373",1,3,1,1,5,1,1,1,1,2,2,4,2,4,0,2,4,1,2,2,4
"8374",2,3,3,1,8,3,1,1,5,2,0,0,3,5,3,2,3,2,2,4,7
"8375",3,3,8,4,8,3,3,1,8,5,3,0,3,0,0,5,3,2,1,9,10
"8376",4,3,10,9,8,3,8,4,8,1,2,5,1,5,0,2,5,2,1,11,15
"8377",5,3,11,9,19,3,10,9,8,1,0,0,5,4,6,1,6,2,2,12,26
"8378",6,3,16,13,19,3,11,9,19,5,4,0,4,0,0,5,4,2,1,17,30
"8379",7,3,26,15,19,3,16,13,19,2,6,2,2,2,0,6,2,2,1,27,32
"8380",8,5,26,25,19,3,26,15,19,2,0,0,3,6,4,2,6,1,1,29,42
"8381",9,9,26,25,22,5,26,25,19,3,4,0,3,0,0,4,3,1,2,33,45
"8382",10,9,29,25,37,9,26,25,22,3,6,4,6,4,0,3,6,2,2,36,60
"8383",11,1,33,28,37,9,29,25,37,4,0,0,2,5,1,4,2,2,1,32,63
"8384",12,1,33,28,37,1,33,28,37,5,1,0,NA,0,0,0,0,0,0,32,63
"8385",0,0,0,0,0,0,0,0,0,0,0,0,0,0,0,0,0,0,0,0,0
"8386",1,1,5,5,7,1,1,1,1,6,4,5,6,5,0,4,6,2,2,4,10
"8387",2,1,10,11,10,1,5,5,7,5,0,0,3,1,6,5,6,2,1,9,19
"8388",3,1,13,12,10,1,10,11,10,3,1,0,1,0,0,3,1,2,1,12,20
"8389",4,1,24,15,10,1,13,12,10,6,3,3,3,3,0,6,3,2,1,23,23
"8390",5,1,27,18,10,1,24,15,10,3,0,0,2,3,1,3,3,2,1,26,26
"8391",6,3,28,18,3,1,27,18,10,2,1,0,2,0,0,1,2,2,2,29,19
"8392",7,9,38,18,6,3,28,18,3,2,3,6,2,3,0,6,3,2,2,45,22
"8393",8,11,38,19,6,9,38,18,6,2,0,0,1,1,1,2,1,1,1,47,23
"8394",9,12,38,19,7,11,38,19,6,1,1,0,1,0,0,1,1,1,2,48,24
"8395",10,17,39,20,7,12,38,19,7,1,1,6,1,6,0,1,1,2,1,92,25
"8396",11,28,39,24,7,17,39,20,7,6,0,0,4,2,3,6,4,1,1,103,29
"8397",12,28,39,24,7,28,39,24,7,2,3,0,NA,0,0,0,0,0,0,103,29
"8398",0,0,0,0,0,0,0,0,0,0,0,0,0,0,0,0,0,0,0,0,0
"8399",1,1,4,1,4,1,1,1,1,3,3,2,3,2,0,3,3,2,2,3,3
"8400",2,3,4,7,5,1,4,1,4,2,0,0,2,6,3,2,6,1,1,5,10
"8401",3,3,7,9,5,3,4,7,5,2,3,0,2,0,0,3,2,2,1,8,12
"8402",4,3,11,9,6,3,7,9,5,1,4,1,1,1,0,4,1,2,2,12,13
"8403",5,4,11,12,6,3,11,9,6,1,0,0,1,3,5,1,3,1,1,13,16
"8404",6,9,11,13,6,4,11,12,6,1,5,0,1,0,0,5,1,1,1,18,17
"8405",7,14,11,13,11,9,11,13,6,2,5,5,2,5,0,5,5,1,2,23,22
"8406",8,14,13,13,15,14,11,13,11,2,0,0,2,4,1,2,4,2,2,25,26
"8407",9,16,13,14,15,14,13,13,15,2,1,0,1,0,0,2,1,1,1,27,27
"8408",10,21,13,17,15,16,13,14,15,1,3,5,1,3,0,5,3,1,1,32,30
"8409",11,22,13,22,15,21,13,17,15,1,0,0,4,5,4,1,5,1,1,33,35
"8410",12,22,13,22,15,22,13,22,15,4,4,0,NA,0,0,0,0,0,0,33,35
"8411",0,0,0,0,0,0,0,0,0,0,0,0,0,0,0,0,0,0,0,0,0
"8412",1,1,5,4,1,1,1,1,1,3,4,2,3,2,0,4,3,2,1,4,3
"8413",2,1,7,9,1,1,5,4,1,2,0,0,1,5,4,2,5,2,1,6,8
"8414",3,2,7,13,1,1,7,9,1,1,4,0,4,0,0,1,4,1,1,7,12
"8415",4,2,11,13,5,2,7,13,1,4,3,4,3,4,0,4,4,2,2,11,16
"8416",5,5,11,13,10,2,11,13,5,3,0,0,1,2,5,3,5,1,2,14,21
"8417",6,5,12,15,10,5,11,13,10,1,2,0,2,0,0,1,2,2,1,15,23
"8418",7,5,16,21,15,5,12,15,10,6,4,2,6,2,0,4,6,2,1,19,34
"8419",8,7,16,27,17,5,16,21,15,2,0,0,6,5,1,2,6,1,1,21,42
"8420",9,8,16,32,17,7,16,27,17,5,1,0,5,0,0,1,5,1,1,22,47
"8421",10,1,1,8,35,8,16,32,17,6,1,6,1,6,0,6,6,1,2,0,41
"8422",11,2,1,18,35,1,1,8,35,1,0,0,5,6,6,1,6,1,1,1,51
"8423",12,2,1,18,35,2,1,18,35,5,6,0,NA,0,0,0,0,0,0,1,51
"8424",0,0,0,0,0,0,0,0,0,0,0,0,0,0,0,0,0,0,0,0,0
"8425",1,1,6,1,5,1,1,1,1,5,4,1,4,1,0,5,4,2,2,5,4
"8426",2,1,7,7,6,1,6,1,5,1,0,0,3,3,6,1,6,2,1,6,11
"8427",3,4,7,7,9,1,7,7,6,3,3,0,3,0,0,3,3,1,2,9,14
"8428",4,4,12,7,14,4,7,7,9,3,5,5,3,5,0,5,5,2,2,14,19
"8429",5,7,12,7,21,4,12,7,14,3,0,0,1,6,1,3,6,1,2,17,26
"8430",6,8,12,7,22,7,12,7,21,1,1,0,1,0,0,1,1,1,2,18,27
"8431",7,12,12,11,22,8,12,7,22,4,2,4,2,4,0,4,4,1,1,22,31
"8432",8,14,12,17,24,12,12,11,22,2,0,0,4,6,1,2,6,1,1,24,39
"8433",9,14,16,18,24,14,12,17,24,4,1,0,1,0,0,4,1,2,1,28,40
"8434",10,19,16,24,27,14,16,18,24,5,5,6,5,6,0,5,6,1,1,33,49
"8435",11,24,16,25,27,19,16,24,27,5,0,0,1,1,2,5,1,1,1,38,50
"8436",12,24,16,25,27,24,16,25,27,1,2,0,NA,0,0,0,0,0,0,38,50
"8437",0,0,0,0,0,0,0,0,0,0,0,0,0,0,0,0,0,0,0,0,0
"8438",1,5,1,1,4,1,1,1,1,4,3,4,3,4,0,4,3,1,2,4,3
"8439",2,9,1,1,9,5,1,1,4,4,0,0,5,4,3,4,5,1,2,8,8
"8440",3,13,1,1,12,9,1,1,9,4,3,0,3,0,0,4,3,1,2,12,11
"8441",4,19,7,1,24,13,1,1,12,6,2,6,2,6,0,6,6,1,2,24,23
"8442",5,21,1,1,26,19,7,1,24,2,0,0,1,1,5,2,1,1,2,20,25
"8443",6,26,1,1,27,21,1,1,26,1,5,0,1,0,0,5,1,1,2,25,26
"8444",7,32,6,1,31,26,1,1,27,4,6,3,4,3,0,6,4,1,2,36,30
"8445",8,32,9,6,37,32,6,1,31,3,0,0,2,6,2,3,6,2,2,39,41
"8446",9,34,9,14,39,32,9,6,37,2,2,0,2,0,0,2,2,1,2,41,89
"8447",10,36,9,16,39,34,9,14,39,2,2,4,2,4,0,2,2,1,1,43,91
"8448",11,40,9,21,39,36,9,16,39,4,0,0,5,5,4,4,5,1,1,47,96
"8449",12,40,9,21,39,40,9,21,39,5,4,0,NA,0,0,0,0,0,0,47,96
"8450",0,0,0,0,0,0,0,0,0,0,0,0,0,0,0,0,0,0,0,0,0
"8451",1,1,3,6,1,1,1,1,1,1,2,5,1,5,0,2,5,2,1,2,5
"8452",2,1,4,6,6,1,3,6,1,1,0,0,2,4,5,1,5,2,2,3,10
"8453",3,1,8,6,8,1,4,6,6,2,4,0,2,0,0,4,2,2,2,7,12
"8454",4,1,13,6,13,1,8,6,8,5,2,5,2,5,0,5,5,2,2,12,17
"8455",5,1,15,6,17,1,13,6,13,2,0,0,4,6,1,2,4,2,2,14,21
"8456",6,2,21,7,17,1,15,6,17,6,1,0,1,0,0,6,1,2,1,21,22
"8457",7,2,24,7,19,2,21,7,17,5,3,2,5,2,0,3,2,2,2,24,24
"8458",8,2,1,15,19,2,24,7,19,5,0,0,4,6,4,5,4,2,1,1,32
"8459",9,6,1,15,27,2,1,15,19,6,4,0,6,0,0,4,6,1,2,5,40
"8460",10,17,7,17,27,6,1,15,27,6,5,2,5,2,0,6,2,1,1,22,42
"8461",11,22,7,27,27,17,7,17,27,5,0,0,5,6,1,5,6,1,1,27,52
"8462",12,22,7,27,27,22,7,27,27,5,1,0,NA,0,0,0,0,0,0,27,52
"8463",0,0,0,0,0,0,0,0,0,0,0,0,0,0,0,0,0,0,0,0,0
"8464",1,1,2,7,10,1,1,1,1,1,1,6,1,6,0,1,6,2,1,1,15
"8465",2,1,3,7,14,1,2,7,10,1,0,0,1,4,3,1,4,2,2,2,19
"8466",3,1,6,8,14,1,3,7,14,1,3,0,1,0,0,3,1,2,1,5,20
"8467",4,1,13,17,14,1,6,8,14,6,6,1,6,1,0,6,6,2,1,12,29
"8468",5,1,14,19,14,1,13,17,14,1,0,0,6,4,2,1,2,2,1,13,31
"8469",6,2,20,23,14,1,14,19,14,6,4,0,4,0,0,6,4,2,1,20,35
"8470",7,6,32,23,3,2,20,23,14,6,2,1,2,1,0,6,2,2,2,36,24
"8471",8,1,32,25,8,6,32,23,3,1,0,0,5,1,2,1,2,1,1,31,31
"8472",9,1,37,25,9,1,32,25,8,5,1,0,1,0,0,5,1,2,2,36,32
"8473",10,9,39,5,9,1,37,25,9,4,2,4,4,4,0,2,4,2,1,84,12
"8474",11,13,39,9,9,9,39,5,9,4,0,0,4,6,4,4,4,1,1,88,16
"8475",12,13,39,9,9,13,39,9,9,6,4,0,NA,0,0,0,0,0,0,88,16
"8476",0,0,0,0,0,0,0,0,0,0,0,0,0,0,0,0,0,0,0,0,0
"8477",1,6,1,1,3,1,1,1,1,2,5,2,2,2,0,5,2,1,2,5,2
"8478",2,8,1,1,11,6,1,1,3,2,0,0,6,2,4,2,6,1,2,7,10
"8479",3,8,5,1,13,8,1,1,11,2,4,0,2,0,0,4,2,2,2,11,12
"8480",4,9,5,1,16,8,5,1,13,3,1,1,3,1,0,1,3,1,2,12,15
"8481",5,10,5,1,20,9,5,1,16,1,0,0,6,4,6,1,4,1,2,13,19
"8482",6,1,15,1,32,10,5,1,20,6,6,0,6,0,0,6,6,2,2,14,31
"8483",7,2,15,3,32,1,15,1,32,2,3,1,2,3,0,1,2,1,1,15,33
"8484",8,5,15,7,38,2,15,3,32,3,0,0,2,3,6,3,6,1,2,18,43
"8485",9,5,18,9,38,5,15,7,38,2,3,0,2,0,0,3,2,2,1,21,45
"8486",10,5,19,19,38,5,18,9,38,6,2,1,6,2,0,1,6,2,1,22,55
"8487",11,7,19,21,38,5,19,19,38,2,0,0,2,5,1,2,2,1,1,24,57
"8488",12,7,19,21,38,7,19,21,38,5,1,0,NA,0,0,0,0,0,0,24,57
"8489",0,0,0,0,0,0,0,0,0,0,0,0,0,0,0,0,0,0,0,0,0
"8490",1,2,1,1,5,1,1,1,1,4,1,1,4,1,0,1,4,1,2,1,4
"8491",2,2,2,6,11,2,1,1,5,1,0,0,4,6,4,1,6,2,2,2,15
"8492",3,2,6,6,15,2,2,6,11,4,4,0,4,0,0,4,4,2,2,6,19
"8493",4,2,10,12,18,2,6,6,15,4,6,1,6,1,0,4,6,2,1,10,28
"8494",5,3,10,17,18,2,10,12,18,1,0,0,5,3,3,1,5,1,1,11,33
"8495",6,3,13,20,18,3,10,17,18,3,3,0,3,0,0,3,3,2,1,14,36
"8496",7,3,15,20,19,3,13,20,18,1,2,5,1,5,0,2,1,2,2,16,37
"8497",8,3,20,22,19,3,15,20,19,5,0,0,5,2,2,5,2,2,1,21,39
"8498",9,3,22,27,19,3,20,22,19,5,2,0,5,0,0,2,5,2,1,23,44
"8499",10,8,22,29,19,3,22,27,19,5,2,2,2,2,0,5,2,1,1,28,46
"8500",11,8,24,33,19,8,22,29,19,2,0,0,4,5,1,2,4,2,1,30,50
"8501",12,8,24,33,19,8,24,33,19,5,1,0,NA,0,0,0,0,0,0,30,50
"8502",0,0,0,0,0,0,0,0,0,0,0,0,0,0,0,0,0,0,0,0,0
"8503",1,1,5,4,1,1,1,1,1,3,3,4,3,3,0,4,3,2,1,4,3
"8504",2,1,8,7,1,1,5,4,1,3,0,0,3,6,3,3,3,2,1,7,6
"8505",3,16,8,10,1,1,8,7,1,6,3,0,3,0,0,6,3,1,1,22,9
"8506",4,16,13,14,1,16,8,10,1,4,5,1,4,1,0,5,4,2,1,27,13
"8507",5,17,13,21,1,16,13,14,1,1,0,0,2,6,4,1,6,1,1,28,20
"8508",6,17,15,25,1,17,13,21,1,2,4,0,4,0,0,2,4,2,1,30,24
"8509",7,20,15,30,1,17,15,25,1,5,3,3,5,3,0,3,5,1,1,33,29
"8510",8,20,18,35,1,20,15,30,1,3,0,0,2,2,5,3,5,2,1,36,34
"8511",9,22,18,37,1,20,18,35,1,2,2,0,2,0,0,2,2,1,1,38,36
"8512",10,27,18,37,4,22,18,37,1,1,5,3,1,3,0,5,3,1,2,43,39
"8513",11,28,18,37,8,27,18,37,4,1,0,0,2,4,3,1,4,1,2,44,43
"8514",12,28,18,37,8,28,18,37,8,2,3,0,NA,0,0,0,0,0,0,44,43
"8515",0,0,0,0,0,0,0,0,0,0,0,0,0,0,0,0,0,0,0,0,0
"8516",1,5,1,10,1,1,1,1,1,4,2,6,2,6,0,4,6,1,1,4,9
"8517",2,5,3,14,1,5,1,10,1,2,0,0,4,1,2,2,4,2,1,6,13
"8518",3,5,4,16,1,5,3,14,1,1,2,0,2,0,0,1,2,2,1,7,15
"8519",4,5,9,21,1,5,4,16,1,5,5,4,5,4,0,5,5,2,1,12,20
"8520",5,9,9,22,7,5,9,21,1,4,0,0,1,2,6,4,6,1,2,16,27
"8521",6,9,11,23,7,9,9,22,7,1,2,0,1,0,0,2,1,2,1,18,28
"8522",7,11,11,23,23,9,11,23,7,2,2,6,2,6,0,2,6,1,2,20,44
"8523",8,13,11,23,27,11,11,23,23,2,0,0,4,2,2,2,4,1,2,22,48
"8524",9,15,11,25,27,13,11,23,27,2,2,0,2,0,0,2,2,1,1,24,50
"8525",10,20,11,30,27,15,11,25,27,6,5,5,6,5,0,5,5,1,1,29,55
"8526",11,38,21,1,32,20,11,30,27,6,0,0,2,6,5,6,5,1,2,57,31
"8527",12,38,21,1,32,38,21,1,32,2,6,0,NA,0,0,0,0,0,0,57,31
"8528",0,0,0,0,0,0,0,0,0,0,0,0,0,0,0,0,0,0,0,0,0
"8529",1,1,9,5,1,1,1,1,1,6,3,4,3,4,0,6,4,2,1,8,4
"8530",2,1,12,8,1,1,9,5,1,3,0,0,3,5,3,3,3,2,1,11,7
"8531",3,4,12,13,1,1,12,8,1,5,3,0,5,0,0,3,5,1,1,14,12
"8532",4,4,14,18,1,4,12,13,1,2,1,5,1,5,0,2,5,2,1,16,17
"8533",5,5,14,18,12,4,14,18,1,1,0,0,5,3,6,1,6,1,2,17,28
"8534",6,5,17,18,17,5,14,18,12,5,3,0,5,0,0,3,5,2,2,20,33
"8535",7,1,19,18,31,5,17,18,17,2,6,3,6,3,0,2,6,2,2,18,47
"8536",8,4,19,18,34,1,19,18,31,3,0,0,3,3,3,3,3,1,2,21,50
"8537",9,4,22,18,37,4,19,18,34,3,3,0,3,0,0,3,3,2,2,24,53
"8538",10,4,26,18,38,4,22,18,37,1,5,4,1,5,0,4,1,2,2,28,54
"8539",11,4,31,21,38,4,26,18,38,5,0,0,3,1,5,5,3,2,1,33,57
"8540",12,4,31,21,38,4,31,21,38,1,5,0,NA,0,0,0,0,0,0,33,57
"8541",0,0,0,0,0,0,0,0,0,0,0,0,0,0,0,0,0,0,0,0,0
"8542",1,5,7,12,1,1,1,1,1,1,6,6,1,6,0,6,6,2,1,10,11
"8543",2,5,8,18,11,5,7,12,1,1,0,0,5,1,6,1,6,2,1,11,27
"8544",3,5,13,19,11,5,8,18,11,5,1,0,1,0,0,5,1,2,1,16,28
"8545",4,5,14,19,16,5,13,19,11,5,1,1,5,1,0,1,5,2,2,17,33
"8546",5,6,14,22,16,5,14,19,16,1,0,0,5,2,3,1,3,1,1,18,36
"8547",6,6,19,22,18,6,14,22,16,5,2,0,2,0,0,5,2,2,2,23,38
"8548",7,6,24,22,20,6,19,22,18,5,2,2,2,2,0,5,2,2,2,28,40
"8549",8,6,26,22,25,6,24,22,20,2,0,0,6,5,4,2,5,2,2,30,45
"8550",9,6,35,22,29,6,26,22,25,6,4,0,4,0,0,6,4,2,2,39,49
"8551",10,6,38,22,30,6,35,22,29,3,1,2,1,2,0,3,1,2,2,42,50
"8552",11,8,38,22,31,6,38,22,30,2,0,0,2,6,1,2,1,1,2,44,51
"8553",12,8,38,22,31,8,38,22,31,2,6,0,NA,0,0,0,0,0,0,44,51
"8554",0,0,0,0,0,0,0,0,0,0,0,0,0,0,0,0,0,0,0,0,0
"8555",1,6,1,3,1,1,1,1,1,5,2,2,2,2,0,5,2,1,1,5,2
"8556",2,8,1,3,6,6,1,3,1,2,0,0,2,6,5,2,5,1,2,7,7
"8557",3,14,6,3,8,8,1,3,6,2,6,0,2,0,0,6,2,1,2,18,9
"8558",4,17,6,4,8,14,6,3,8,1,3,1,1,1,0,3,1,1,1,21,10
"8559",5,17,7,4,11,17,6,4,8,1,0,0,5,3,1,1,3,2,2,22,13
"8560",6,17,12,5,11,17,7,4,11,5,1,0,1,0,0,5,1,2,1,27,14
"8561",7,17,14,5,16,17,12,5,11,5,2,2,5,2,0,2,5,2,2,29,19
"8562",8,17,16,5,21,17,14,5,16,2,0,0,5,6,5,2,5,2,2,31,24
"8563",9,17,28,1,26,17,16,5,21,6,5,0,5,0,0,6,5,2,2,43,25
"8564",10,17,32,1,28,17,28,1,26,1,2,4,1,2,0,4,2,2,2,47,27
"8565",11,18,32,3,28,17,32,1,28,1,0,0,2,4,2,1,2,1,1,48,29
"8566",12,18,32,3,28,18,32,3,28,4,2,0,NA,0,0,0,0,0,0,48,29
"8567",0,0,0,0,0,0,0,0,0,0,0,0,0,0,0,0,0,0,0,0,0
"8568",1,1,4,1,6,1,1,1,1,3,1,5,1,5,0,3,5,2,2,3,5
"8569",2,2,4,1,11,1,4,1,6,1,0,0,1,2,5,1,5,1,2,4,10
"8570",3,2,5,3,11,2,4,1,11,1,2,0,2,0,0,1,2,2,1,5,12
"8571",4,2,10,3,15,2,5,3,11,4,1,5,4,1,0,5,4,2,2,10,16
"8572",5,3,10,3,19,2,10,3,15,1,0,0,4,1,1,1,4,1,2,11,20
"8573",6,4,10,4,19,3,10,3,19,1,1,0,1,0,0,1,1,1,1,12,21
"8574",7,5,10,11,19,4,10,4,19,6,1,1,6,1,0,1,6,1,1,13,28
"8575",8,6,10,17,23,5,10,11,19,1,0,0,6,6,6,1,6,1,1,14,38
"8576",9,17,1,28,26,6,10,17,23,6,6,0,6,0,0,6,6,1,1,16,52
"8577",10,17,6,30,26,17,1,28,26,2,5,5,2,5,0,5,2,2,1,21,54
"8578",11,1,11,42,38,17,6,30,26,5,0,0,5,5,6,5,5,2,1,10,78
"8579",12,1,11,42,38,1,11,42,38,5,6,0,NA,0,0,0,0,0,0,10,78
"8580",0,0,0,0,0,0,0,0,0,0,0,0,0,0,0,0,0,0,0,0,0
"8581",1,6,1,1,3,1,1,1,1,2,5,3,2,3,0,5,2,1,2,5,2
"8582",2,9,1,7,8,6,1,1,3,3,0,0,2,6,5,3,6,1,1,8,13
"8583",3,14,1,9,8,9,1,7,8,2,5,0,2,0,0,5,2,1,1,13,15
"8584",4,14,6,9,12,14,1,9,8,1,4,5,1,4,0,5,4,2,2,18,19
"8585",5,15,6,9,14,14,6,9,12,1,0,0,3,1,2,1,2,1,2,19,21
"8586",6,18,6,9,15,15,6,9,14,3,1,0,1,0,0,3,1,1,2,22,22
"8587",7,20,6,9,18,18,6,9,15,2,2,3,2,3,0,2,3,1,2,24,25
"8588",8,20,8,15,23,20,6,9,18,2,0,0,5,2,6,2,6,2,1,26,36
"8589",9,25,8,17,23,20,8,15,23,5,2,0,2,0,0,5,2,1,1,31,38
"8590",10,27,8,21,23,25,8,17,23,1,4,2,1,4,0,2,4,1,1,33,42
"8591",11,28,8,28,23,27,8,21,23,1,0,0,6,5,3,1,6,1,1,34,49
"8592",12,28,8,28,23,28,8,28,23,5,3,0,NA,0,0,0,0,0,0,34,49
"8593",0,0,0,0,0,0,0,0,0,0,0,0,0,0,0,0,0,0,0,0,0
"8594",1,6,1,5,7,1,1,1,1,3,5,6,3,6,0,5,6,1,2,5,10
"8595",2,9,1,5,12,6,1,5,7,3,0,0,3,1,5,3,5,1,2,8,15
"8596",3,12,1,5,13,9,1,5,12,3,1,0,1,0,0,3,1,1,2,11,16
"8597",4,13,1,8,13,12,1,5,13,3,1,2,3,2,0,1,3,1,1,12,19
"8598",5,15,1,14,14,13,1,8,13,2,0,0,5,6,3,2,6,1,1,14,26
"8599",6,20,1,17,14,15,1,14,14,5,3,0,3,0,0,5,3,1,1,19,29
"8600",7,24,1,17,19,20,1,17,14,5,4,5,5,5,0,4,5,1,2,23,34
"8601",8,29,1,23,20,24,1,17,19,5,0,0,6,1,1,5,6,1,1,28,41
"8602",9,34,5,1,2,29,1,23,20,1,1,0,1,0,0,1,1,2,2,37,1
"8603",10,39,10,2,2,34,5,1,2,5,1,2,1,2,0,5,1,1,1,85,2
"8604",11,39,12,6,2,39,10,2,2,2,0,0,4,4,5,2,4,2,1,87,6
"8605",12,39,12,6,2,39,12,6,2,4,5,0,NA,0,0,0,0,0,0,87,6
"8606",0,0,0,0,0,0,0,0,0,0,0,0,0,0,0,0,0,0,0,0,0
"8607",1,1,2,1,11,1,1,1,1,1,6,6,6,6,0,1,6,2,2,1,10
"8608",2,13,2,6,11,1,2,1,11,6,0,0,1,5,5,6,5,1,1,13,15
"8609",3,18,2,6,12,13,2,6,11,1,5,0,1,0,0,5,1,1,2,18,16
"8610",4,20,2,16,18,18,2,6,12,2,2,6,2,6,0,2,6,1,2,20,32
"8611",5,20,1,22,20,20,2,16,18,2,0,0,6,4,4,2,6,2,1,19,40
"8612",6,24,1,26,20,20,1,22,20,4,4,0,4,0,0,4,4,1,1,23,44
"8613",7,26,1,30,20,24,1,26,20,2,4,2,4,2,0,2,4,1,1,25,48
"8614",8,28,1,35,20,26,1,30,20,2,0,0,1,5,4,2,5,1,1,27,53
"8615",9,32,1,35,21,28,1,35,20,1,4,0,1,0,0,4,1,1,2,31,54
"8616",10,35,3,39,2,32,1,35,21,2,1,4,1,4,0,2,4,2,1,36,77
"8617",11,36,3,39,5,35,3,39,2,1,0,0,5,2,3,1,3,1,2,37,80
"8618",12,36,3,39,5,36,3,39,5,5,2,0,NA,0,0,0,0,0,0,37,80
"8619",0,0,0,0,0,0,0,0,0,0,0,0,0,0,0,0,0,0,0,0,0
"8620",1,4,1,1,3,1,1,1,1,3,2,3,2,3,0,3,2,1,2,3,2
"8621",2,4,4,1,7,4,1,1,3,3,0,0,4,1,4,3,4,2,2,6,6
"8622",3,4,8,1,8,4,4,1,7,1,4,0,1,0,0,4,1,2,2,10,7
"8623",4,7,14,4,14,4,8,1,8,6,6,4,6,4,0,6,6,2,2,19,16
"8624",5,11,14,4,19,7,14,4,14,4,0,0,5,5,1,4,5,1,2,23,21
"8625",6,16,14,5,19,11,14,4,19,5,1,0,1,0,0,5,1,1,1,28,22
"8626",7,16,16,5,23,16,14,5,19,2,4,2,4,2,0,2,4,2,2,30,26
"8627",8,16,18,9,29,16,16,5,23,2,0,0,2,6,3,2,6,2,2,32,36
"8628",9,19,18,11,29,16,18,9,29,2,3,0,2,0,0,3,2,1,1,35,38
"8629",10,24,18,15,29,19,18,11,29,3,4,5,3,4,0,5,4,1,1,40,42
"8630",11,24,21,21,32,24,18,15,29,3,0,0,3,4,6,3,6,2,1,43,51
"8631",12,24,21,21,32,24,21,21,32,3,4,0,NA,0,0,0,0,0,0,43,51
"8632",0,0,0,0,0,0,0,0,0,0,0,0,0,0,0,0,0,0,0,0,0
"8633",1,12,7,9,1,1,1,1,1,6,6,1,6,1,0,6,6,2,1,17,8
"8634",2,12,8,12,1,12,7,9,1,1,0,0,5,3,2,1,3,2,1,18,11
"8635",3,12,13,14,1,12,8,12,1,5,2,0,2,0,0,5,2,2,1,23,13
"8636",4,16,13,15,1,12,13,14,1,1,1,4,1,1,0,4,1,1,1,27,14
"8637",5,17,13,18,1,16,13,15,1,1,0,0,5,4,3,1,3,1,1,28,17
"8638",6,17,18,22,1,17,13,18,1,5,4,0,4,0,0,5,4,2,1,33,21
"8639",7,23,1,22,3,17,18,22,1,6,2,1,2,1,0,6,1,1,2,22,23
"8640",8,1,1,26,7,23,1,22,3,2,0,0,4,2,6,2,4,1,2,0,31
"8641",9,9,1,28,7,1,1,26,7,2,6,0,2,0,0,6,2,1,1,8,33
"8642",10,13,1,28,12,9,1,28,7,4,2,5,2,5,0,4,5,1,2,12,38
"8643",11,15,1,31,12,13,1,28,12,2,0,0,3,4,3,2,3,1,1,14,41
"8644",12,15,1,31,12,15,1,31,12,4,3,0,NA,0,0,0,0,0,0,14,41
"8645",0,0,0,0,0,0,0,0,0,0,0,0,0,0,0,0,0,0,0,0,0
"8646",1,1,4,1,9,1,1,1,1,3,6,6,6,6,0,3,6,2,2,3,8
"8647",2,9,10,1,14,1,4,1,9,6,0,0,5,4,1,6,5,2,2,17,13
"8648",3,13,10,1,15,9,10,1,14,4,1,0,1,0,0,4,1,1,2,21,14
"8649",4,13,12,2,21,13,10,1,15,6,2,2,6,2,0,2,6,2,2,23,21
"8650",5,13,14,2,29,13,12,2,21,2,0,0,3,2,6,2,6,2,2,25,29
"8651",6,1,17,2,36,13,14,2,29,3,2,0,2,0,0,3,2,2,2,16,36
"8652",7,1,21,18,36,1,17,2,36,3,4,6,3,6,0,4,6,2,1,20,52
"8653",8,4,21,21,39,1,21,18,36,3,0,0,6,1,3,3,3,1,2,23,96
"8654",9,11,21,22,39,4,21,21,39,6,1,0,1,0,0,6,1,1,1,30,97
"8655",10,15,21,27,39,11,21,22,39,4,5,5,5,5,0,4,5,1,1,34,102
"8656",11,20,21,29,39,15,21,27,39,5,0,0,2,4,2,5,2,1,1,39,104
"8657",12,20,21,29,39,20,21,29,39,4,2,0,NA,0,0,0,0,0,0,39,104
"8658",0,0,0,0,0,0,0,0,0,0,0,0,0,0,0,0,0,0,0,0,0
"8659",1,1,3,6,1,1,1,1,1,2,2,5,2,5,0,2,5,2,1,2,5
"8660",2,1,5,10,1,1,3,6,1,2,0,0,5,4,1,2,4,2,1,4,9
"8661",3,6,5,11,1,1,5,10,1,5,1,0,1,0,0,5,1,1,1,9,10
"8662",4,7,5,18,7,6,5,11,1,6,3,1,6,3,0,1,6,1,2,10,23
"8663",5,7,8,18,11,7,5,18,7,3,0,0,4,4,1,3,4,2,2,13,27
"8664",6,8,8,18,15,7,8,18,11,4,1,0,4,0,0,1,4,1,2,14,31
"8665",7,11,8,18,20,8,8,18,15,3,5,3,5,3,0,3,5,1,2,17,36
"8666",8,11,11,23,20,11,8,18,20,3,0,0,5,2,1,3,5,2,1,20,41
"8667",9,12,11,25,20,11,11,23,20,2,1,0,2,0,0,1,2,1,1,21,43
"8668",10,16,11,25,24,12,11,25,20,4,4,4,4,4,0,4,4,1,2,25,47
"8669",11,20,11,26,24,16,11,25,24,4,0,0,1,4,3,4,1,1,1,29,48
"8670",12,20,11,26,24,20,11,26,24,4,3,0,NA,0,0,0,0,0,0,29,48
"8671",0,0,0,0,0,0,0,0,0,0,0,0,0,0,0,0,0,0,0,0,0
"8672",1,1,3,1,5,1,1,1,1,2,2,4,2,4,0,2,4,2,2,2,4
"8673",2,1,5,1,8,1,3,1,5,2,0,0,3,6,4,2,3,2,2,4,7
"8674",3,2,11,1,12,1,5,1,8,6,4,0,4,0,0,6,4,2,2,11,11
"8675",4,7,11,1,16,2,11,1,12,5,1,4,1,4,0,5,4,1,2,16,15
"8676",5,8,11,1,21,7,11,1,16,1,0,0,5,2,3,1,5,1,2,17,20
"8677",6,11,11,3,21,8,11,1,21,2,3,0,2,0,0,3,2,1,1,20,22
"8678",7,1,11,9,25,11,11,3,21,6,6,1,6,1,0,6,6,1,1,10,32
"8679",8,1,12,12,25,1,11,9,25,1,0,0,1,3,2,1,3,2,1,11,35
"8680",9,3,12,12,26,1,12,12,25,1,2,0,1,0,0,2,1,1,2,13,36
"8681",10,3,1,17,33,3,12,12,26,1,6,3,1,6,0,3,6,2,2,2,48
"8682",11,1,1,23,33,3,1,17,33,1,0,0,5,1,6,1,5,1,1,0,54
"8683",12,1,1,23,33,1,1,23,33,1,6,0,NA,0,0,0,0,0,0,0,54
"8684",0,0,0,0,0,0,0,0,0,0,0,0,0,0,0,0,0,0,0,0,0
"8685",1,1,14,5,1,1,1,1,1,3,4,6,3,4,0,6,4,2,1,13,4
"8686",2,4,14,10,1,1,14,5,1,3,0,0,6,5,2,3,5,1,1,16,9
"8687",3,15,14,12,1,4,14,10,1,6,2,0,2,0,0,6,2,1,1,27,11
"8688",4,15,19,21,1,15,14,12,1,6,3,5,6,3,0,5,6,2,1,32,20
"8689",5,15,22,26,1,15,19,21,1,3,0,0,3,2,5,3,5,2,1,35,25
"8690",6,18,22,28,1,15,22,26,1,3,2,0,2,0,0,3,2,1,1,38,27
"8691",7,18,33,31,1,18,22,28,1,3,6,3,3,3,0,6,3,2,1,49,30
"8692",8,18,36,32,1,18,33,31,1,3,0,0,5,1,4,3,1,2,1,52,31
"8693",9,22,36,32,6,18,36,32,1,5,4,0,5,0,0,4,5,1,2,56,36
"8694",10,31,39,37,6,22,36,32,6,5,3,1,5,1,0,3,5,2,1,106,41
"8695",11,32,39,41,6,31,39,37,6,1,0,0,2,5,5,1,2,1,1,107,45
"8696",12,32,39,41,6,32,39,41,6,5,5,0,NA,0,0,0,0,0,0,107,45
"8697",0,0,0,0,0,0,0,0,0,0,0,0,0,0,0,0,0,0,0,0,0
"8698",1,7,6,6,7,1,1,1,1,6,6,4,6,4,0,6,6,1,2,11,11
"8699",2,7,10,6,10,7,6,6,7,4,0,0,3,6,3,4,3,2,2,15,14
"8700",3,10,16,6,13,7,10,6,10,6,3,0,3,0,0,6,3,2,2,24,17
"8701",4,16,17,6,18,10,16,6,13,4,5,6,4,5,0,6,5,1,2,31,22
"8702",5,16,21,6,19,16,17,6,18,4,0,0,2,1,1,4,1,2,2,35,23
"8703",6,18,21,7,19,16,21,6,19,2,1,0,1,0,0,2,1,1,1,37,24
"8704",7,24,26,7,23,18,21,7,19,6,4,2,4,2,0,6,4,1,2,48,28
"8705",8,26,26,7,28,24,26,7,23,2,0,0,1,3,5,2,5,1,2,50,33
"8706",9,27,26,7,31,26,26,7,28,1,3,0,3,0,0,1,3,1,2,51,36
"8707",10,32,26,7,35,27,26,7,31,2,5,4,2,4,0,5,4,1,2,56,40
"8708",11,32,28,17,39,32,26,7,35,2,0,0,1,5,4,2,4,2,2,58,92
"8709",12,32,28,17,39,32,28,17,39,1,5,0,NA,0,0,0,0,0,0,58,92
"8710",0,0,0,0,0,0,0,0,0,0,0,0,0,0,0,0,0,0,0,0,0
"8711",1,5,1,4,1,1,1,1,1,4,3,1,3,1,0,4,3,1,1,4,3
"8712",2,6,1,9,1,5,1,4,1,1,0,0,5,5,5,1,5,1,1,5,8
"8713",3,11,1,14,1,6,1,9,1,5,5,0,5,0,0,5,5,1,1,10,13
"8714",4,14,1,19,1,11,1,14,1,1,3,5,1,5,0,3,5,1,1,13,18
"8715",5,14,2,19,5,14,1,19,1,1,0,0,1,4,3,1,4,2,2,14,22
"8716",6,15,2,22,5,14,2,19,5,1,3,0,3,0,0,1,3,1,1,15,25
"8717",7,21,6,23,11,15,2,22,5,5,6,6,5,6,0,6,6,1,2,25,32
"8718",8,26,6,23,16,21,6,23,11,5,0,0,1,1,5,5,5,1,2,30,37
"8719",9,27,1,26,16,26,6,23,16,1,1,0,1,0,0,1,1,1,1,26,40
"8720",10,27,6,28,16,27,1,26,16,2,2,5,2,2,0,5,2,2,1,31,42
"8721",11,29,6,28,20,27,6,28,16,2,0,0,6,4,6,2,4,1,2,33,46
"8722",12,29,6,28,20,29,6,28,20,6,6,0,NA,0,0,0,0,0,0,33,46
"8723",0,0,0,0,0,0,0,0,0,0,0,0,0,0,0,0,0,0,0,0,0
"8724",1,2,1,1,6,1,1,1,1,2,1,5,2,5,0,1,5,1,2,1,5
"8725",2,2,3,1,8,2,1,1,6,2,0,0,2,2,2,2,2,2,2,3,7
"8726",3,4,3,1,10,2,3,1,8,2,2,0,2,0,0,2,2,1,2,5,9
"8727",4,4,8,1,14,4,3,1,10,5,4,2,4,2,0,5,4,2,2,10,13
"8728",5,4,10,1,18,4,8,1,14,2,0,0,1,4,4,2,4,2,2,12,17
"8729",6,4,14,1,19,4,10,1,18,1,4,0,1,0,0,4,1,2,2,16,18
"8730",7,4,25,6,19,4,14,1,19,3,5,6,3,5,0,6,5,2,1,27,23
"8731",8,4,1,14,19,4,25,6,19,3,0,0,1,5,4,3,4,2,1,3,31
"8732",9,4,2,19,19,4,1,14,19,1,5,0,5,0,0,1,5,2,1,4,36
"8733",10,1,2,19,26,4,2,19,19,5,5,2,5,5,0,2,5,1,2,1,43
"8734",11,1,7,24,26,1,2,19,26,5,0,0,5,4,2,5,5,2,1,6,48
"8735",12,1,7,24,26,1,7,24,26,4,2,0,NA,0,0,0,0,0,0,6,48
"8736",0,0,0,0,0,0,0,0,0,0,0,0,0,0,0,0,0,0,0,0,0
"8737",1,3,1,1,5,1,1,1,1,1,4,2,1,4,0,2,4,1,2,2,4
"8738",2,3,2,1,13,3,1,1,5,1,0,0,6,5,4,1,6,2,2,3,12
"8739",3,7,2,6,13,3,2,1,13,5,4,0,5,0,0,4,5,1,1,7,17
"8740",4,7,7,13,13,7,2,6,13,1,5,6,1,6,0,5,6,2,1,12,24
"8741",5,8,7,22,19,7,7,13,13,1,0,0,6,5,1,1,6,1,1,13,39
"8742",6,8,12,23,19,8,7,22,19,5,1,0,1,0,0,5,1,2,1,18,40
"8743",7,8,15,23,20,8,12,23,19,3,1,4,1,4,0,3,1,2,2,21,41
"8744",8,8,19,25,20,8,15,23,20,4,0,0,2,6,3,4,2,2,1,25,43
"8745",9,9,25,28,20,8,19,25,20,6,3,0,3,0,0,6,3,2,1,32,46
"8746",10,10,29,3,20,9,25,28,20,1,2,1,2,1,0,1,2,1,1,37,21
"8747",11,10,30,4,20,10,29,3,20,1,0,0,1,1,3,1,1,2,1,38,22
"8748",12,10,30,4,20,10,30,4,20,1,3,0,NA,0,0,0,0,0,0,38,22
"8749",0,0,0,0,0,0,0,0,0,0,0,0,0,0,0,0,0,0,0,0,0
"8750",1,1,5,3,1,1,1,1,1,1,4,2,1,2,0,4,2,2,1,4,2
"8751",2,2,5,8,1,1,5,3,1,1,0,0,1,5,3,1,5,1,1,5,7
"8752",3,2,6,11,1,2,5,8,1,1,3,0,3,0,0,1,3,2,1,6,10
"8753",4,2,11,11,3,2,6,11,1,2,1,5,2,1,0,5,2,2,2,11,12
"8754",5,3,11,14,3,2,11,11,3,1,0,0,5,3,5,1,3,1,1,12,15
"8755",6,3,16,14,8,3,11,14,3,5,5,0,5,0,0,5,5,2,2,17,20
"8756",7,3,19,18,8,3,16,14,8,3,4,1,4,1,0,3,4,2,1,20,24
"8757",8,4,19,23,8,3,19,18,8,1,0,0,5,6,5,1,5,1,1,21,29
"8758",9,4,27,28,8,4,19,23,8,6,5,0,5,0,0,6,5,2,1,29,34
"8759",10,9,1,30,9,4,27,28,8,5,1,2,1,2,0,5,1,1,2,8,37
"8760",11,11,1,34,9,9,1,30,9,2,0,0,4,1,1,2,4,1,1,10,41
"8761",12,11,1,34,9,11,1,34,9,1,1,0,NA,0,0,0,0,0,0,10,41
"8762",0,0,0,0,0,0,0,0,0,0,0,0,0,0,0,0,0,0,0,0,0
"8763",1,1,5,7,7,1,1,1,1,4,6,5,6,5,0,4,6,2,2,4,12
"8764",2,1,10,13,8,1,5,7,7,5,0,0,2,6,1,5,6,2,1,9,19
"8765",3,1,12,13,9,1,10,13,8,2,1,0,1,0,0,2,1,2,2,11,20
"8766",4,1,21,14,15,1,12,13,9,6,6,2,6,2,0,6,6,2,2,20,27
"8767",5,1,23,14,18,1,21,14,15,2,0,0,1,3,3,2,3,2,2,22,30
"8768",6,4,23,14,19,1,23,14,18,1,3,0,1,0,0,3,1,1,2,25,31
"8769",7,4,25,17,19,4,23,14,19,2,2,3,2,3,0,2,3,2,1,27,34
"8770",8,6,25,22,19,4,25,17,19,2,0,0,5,5,4,2,5,1,1,29,39
"8771",9,1,29,28,29,6,25,22,19,5,4,0,5,0,0,4,5,2,2,28,55
"8772",10,4,29,34,30,1,29,28,29,3,6,2,6,2,0,3,6,1,1,31,62
"8773",11,6,29,37,30,4,29,34,30,2,0,0,3,2,2,2,3,1,1,33,65
"8774",12,6,29,37,30,6,29,37,30,2,2,0,NA,0,0,0,0,0,0,33,65
"8775",0,0,0,0,0,0,0,0,0,0,0,0,0,0,0,0,0,0,0,0,0
"8776",1,1,4,5,7,1,1,1,1,6,3,6,6,6,0,3,6,2,2,3,10
"8777",2,12,4,9,7,1,4,5,7,6,0,0,1,1,4,6,4,1,1,14,14
"8778",3,13,4,10,7,12,4,9,7,1,1,0,1,0,0,1,1,1,1,15,15
"8779",4,13,7,14,7,13,4,10,7,3,4,1,4,1,0,3,4,2,1,18,19
"8780",5,14,7,14,11,13,7,14,7,1,0,0,1,2,4,1,4,1,2,19,23
"8781",6,16,7,14,12,14,7,14,11,1,2,0,1,0,0,2,1,1,2,21,24
"8782",7,20,7,18,12,16,7,14,12,4,4,4,4,4,0,4,4,1,1,25,28
"8783",8,24,7,21,18,20,7,18,12,4,0,0,1,6,2,4,6,1,2,29,37
"8784",9,26,7,21,19,24,7,21,18,1,2,0,1,0,0,2,1,1,2,31,38
"8785",10,29,1,27,26,26,7,21,19,3,3,6,3,6,0,3,6,1,1,28,51
"8786",11,29,4,27,27,29,1,27,26,3,0,0,1,4,1,3,1,2,2,31,52
"8787",12,29,4,27,27,29,4,27,27,4,1,0,NA,0,0,0,0,0,0,31,52
"8788",0,0,0,0,0,0,0,0,0,0,0,0,0,0,0,0,0,0,0,0,0
"8789",1,5,1,5,1,1,1,1,1,3,4,4,3,4,0,4,4,1,1,4,4
"8790",2,8,1,9,1,5,1,5,1,3,0,0,3,4,4,3,4,1,1,7,8
"8791",3,8,5,12,1,8,1,9,1,3,4,0,3,0,0,4,3,2,1,11,11
"8792",4,8,7,12,4,8,5,12,1,2,2,3,2,3,0,2,3,2,2,13,14
"8793",5,8,9,12,7,8,7,12,4,2,0,0,3,2,1,2,3,2,2,15,17
"8794",6,10,9,13,7,8,9,12,7,2,1,0,1,0,0,2,1,1,1,17,18
"8795",7,15,15,13,8,10,9,13,7,1,1,6,1,1,0,6,1,2,2,28,19
"8796",8,15,16,15,8,15,15,13,8,1,0,0,2,2,2,1,2,2,1,29,21
"8797",9,15,18,15,10,15,16,15,8,2,2,0,2,0,0,2,2,2,2,31,23
"8798",10,15,23,15,13,15,18,15,10,3,5,1,3,1,0,5,3,2,2,36,26
"8799",11,16,23,20,13,15,23,15,13,1,0,0,6,5,2,1,5,1,1,37,31
"8800",12,16,23,20,13,16,23,20,13,6,2,0,NA,0,0,0,0,0,0,37,31
"8801",0,0,0,0,0,0,0,0,0,0,0,0,0,0,0,0,0,0,0,0,0
"8802",1,4,1,1,4,1,1,1,1,3,3,1,3,1,0,3,3,1,2,3,3
"8803",2,5,1,5,4,4,1,1,4,1,0,0,4,3,2,1,4,1,1,4,7
"8804",3,5,3,8,4,5,1,5,4,3,2,0,3,0,0,2,3,2,1,6,10
"8805",4,6,3,13,4,5,3,8,4,1,5,2,5,2,0,1,5,1,1,7,15
"8806",5,6,5,13,9,6,3,13,4,2,0,0,5,2,5,2,5,2,2,9,20
"8807",6,6,10,15,9,6,5,13,9,2,5,0,2,0,0,5,2,2,1,14,22
"8808",7,8,16,21,12,6,10,15,9,6,6,1,6,1,0,6,6,2,1,22,31
"8809",8,9,16,21,15,8,16,21,12,1,0,0,4,3,5,1,3,1,2,23,34
"8810",9,9,20,21,20,9,16,21,15,4,5,0,5,0,0,4,5,2,2,27,39
"8811",10,12,20,27,25,9,20,21,20,2,3,6,2,6,0,3,6,1,1,30,50
"8812",11,12,22,31,25,12,20,27,25,2,0,0,4,2,4,2,4,2,1,32,54
"8813",12,12,22,31,25,12,22,31,25,2,4,0,NA,0,0,0,0,0,0,32,54
"8814",0,0,0,0,0,0,0,0,0,0,0,0,0,0,0,0,0,0,0,0,0
"8815",1,7,2,1,2,1,1,1,1,1,6,2,1,2,0,6,1,1,2,7,1
"8816",2,7,4,1,5,7,2,1,2,2,0,0,3,1,4,2,3,2,2,9,4
"8817",3,7,8,1,6,7,4,1,5,1,4,0,1,0,0,4,1,2,2,13,5
"8818",4,7,11,5,6,7,8,1,6,4,4,3,4,4,0,3,4,2,1,16,9
"8819",5,11,11,5,11,7,11,5,6,4,0,0,3,5,1,4,5,1,2,20,14
"8820",6,14,11,6,11,11,11,5,11,3,1,0,1,0,0,3,1,1,1,23,15
"8821",7,18,11,6,12,14,11,6,11,4,1,2,1,2,0,4,1,1,2,27,16
"8822",8,20,11,6,17,18,11,6,12,2,0,0,6,5,5,2,5,1,2,29,21
"8823",9,23,17,6,22,20,11,6,17,6,5,0,5,0,0,6,5,2,2,38,26
"8824",10,35,18,6,24,23,17,6,22,6,2,2,2,2,0,6,2,1,2,51,28
"8825",11,37,18,7,24,35,18,6,24,2,0,0,1,5,3,2,1,1,1,53,29
"8826",12,37,18,7,24,37,18,7,24,5,3,0,NA,0,0,0,0,0,0,53,29
"8827",0,0,0,0,0,0,0,0,0,0,0,0,0,0,0,0,0,0,0,0,0
"8828",1,1,6,3,1,1,1,1,1,5,2,2,2,2,0,5,2,2,1,5,2
"8829",2,3,6,4,1,1,6,3,1,2,0,0,2,1,1,2,1,1,1,7,3
"8830",3,5,6,5,1,3,6,4,1,2,1,0,1,0,0,2,1,1,1,9,4
"8831",4,10,6,5,5,5,6,5,1,5,1,4,1,4,0,5,4,1,2,14,8
"8832",5,10,7,10,5,10,6,5,5,1,0,0,5,5,3,1,5,2,1,15,13
"8833",6,15,7,10,8,10,7,10,5,5,3,0,3,0,0,5,3,1,2,20,16
"8834",7,16,7,10,12,15,7,10,8,4,2,1,4,2,0,1,4,1,2,21,20
"8835",8,18,7,10,17,16,7,10,12,2,0,0,5,3,5,2,5,1,2,23,25
"8836",9,23,7,10,20,18,7,10,17,3,5,0,3,0,0,5,3,1,2,28,28
"8837",10,30,7,5,20,23,7,10,20,5,1,4,1,4,0,5,4,1,1,35,23
"8838",11,31,7,10,20,30,7,5,20,1,0,0,3,3,5,1,5,1,1,36,28
"8839",12,31,7,10,20,31,7,10,20,3,3,0,NA,0,0,0,0,0,0,36,28
"8840",0,0,0,0,0,0,0,0,0,0,0,0,0,0,0,0,0,0,0,0,0
"8841",1,5,1,1,5,1,1,1,1,4,4,1,4,1,0,4,4,1,2,4,4
"8842",2,6,1,1,10,5,1,1,5,1,0,0,5,2,5,1,5,1,2,5,9
"8843",3,6,6,3,10,6,1,1,10,2,5,0,2,0,0,5,2,2,1,10,11
"8844",4,15,6,3,12,6,6,3,10,6,2,2,2,2,0,6,2,1,2,19,13
"8845",5,17,6,3,16,15,6,3,12,2,0,0,1,4,5,2,4,1,2,21,17
"8846",6,17,11,3,17,17,6,3,16,1,5,0,1,0,0,5,1,2,2,26,18
"8847",7,20,11,3,22,17,11,3,17,3,3,5,3,5,0,3,5,1,2,29,23
"8848",8,1,11,5,32,20,11,3,22,3,0,0,2,2,3,3,2,1,1,10,35
"8849",9,3,14,7,1,1,11,5,32,2,3,0,2,0,0,3,2,2,1,15,6
"8850",10,5,14,7,5,3,14,7,1,2,4,2,4,2,0,2,4,1,2,17,10
"8851",11,5,16,10,5,5,14,7,5,2,0,0,3,3,5,2,3,2,1,19,13
"8852",12,5,16,10,5,5,16,10,5,3,5,0,NA,0,0,0,0,0,0,19,13
"8853",0,0,0,0,0,0,0,0,0,0,0,0,0,0,0,0,0,0,0,0,0
"8854",1,1,3,1,5,1,1,1,1,4,2,2,4,2,0,2,4,2,2,2,4
"8855",2,1,5,2,5,1,3,1,5,2,0,0,1,1,1,2,1,2,1,4,5
"8856",3,1,6,3,5,1,5,2,5,1,1,0,1,0,0,1,1,2,1,5,6
"8857",4,1,9,7,5,1,6,3,5,3,1,4,1,4,0,3,4,2,1,8,10
"8858",5,2,9,19,9,1,9,7,5,1,0,0,2,6,6,1,6,1,1,9,26
"8859",6,4,9,19,17,2,9,19,9,2,6,0,6,0,0,2,6,1,2,11,34
"8860",7,7,15,19,21,4,9,19,17,6,4,2,4,2,0,6,4,2,2,20,38
"8861",8,7,17,20,21,7,15,19,21,2,0,0,1,6,3,2,1,2,1,22,39
"8862",9,7,25,20,24,7,17,20,21,6,3,0,3,0,0,6,3,2,2,30,42
"8863",10,8,25,23,24,7,25,20,24,1,3,5,3,5,0,1,3,1,1,31,45
"8864",11,8,30,27,24,8,25,23,24,5,0,0,4,5,3,5,4,2,1,36,49
"8865",12,8,30,27,24,8,30,27,24,5,3,0,NA,0,0,0,0,0,0,36,49
"8866",0,0,0,0,0,0,0,0,0,0,0,0,0,0,0,0,0,0,0,0,0
"8867",1,4,1,4,1,1,1,1,1,3,1,3,1,3,0,3,3,1,1,3,3
"8868",2,5,1,4,5,4,1,4,1,1,0,0,3,4,4,1,4,1,2,4,7
"8869",3,8,1,4,9,5,1,4,5,3,4,0,4,0,0,3,4,1,2,7,11
"8870",4,8,5,4,17,8,1,4,9,4,6,1,6,1,0,4,6,2,2,11,19
"8871",5,9,5,9,17,8,5,4,17,1,0,0,1,3,5,1,5,1,1,12,24
"8872",6,12,5,9,18,9,5,9,17,1,3,0,1,0,0,3,1,1,2,15,25
"8873",7,14,5,13,18,12,5,9,18,2,2,4,2,4,0,2,4,1,1,17,29
"8874",8,14,7,19,19,14,5,13,18,2,0,0,6,1,3,2,6,2,1,19,36
"8875",9,14,10,20,19,14,7,19,19,1,3,0,1,0,0,3,1,2,1,22,37
"8876",10,17,10,22,19,14,10,20,19,3,2,1,2,1,0,3,2,1,1,25,39
"8877",11,18,1,33,19,17,10,22,19,1,0,0,2,1,6,1,6,1,1,17,50
"8878",12,18,1,33,19,18,1,33,19,2,1,0,NA,0,0,0,0,0,0,17,50
"8879",0,0,0,0,0,0,0,0,0,0,0,0,0,0,0,0,0,0,0,0,0
"8880",1,6,7,1,4,1,1,1,1,6,2,3,2,3,0,6,3,2,2,11,3
"8881",2,6,9,1,8,6,7,1,4,2,0,0,3,4,2,2,4,2,2,13,7
"8882",3,6,12,1,10,6,9,1,8,3,2,0,2,0,0,3,2,2,2,16,9
"8883",4,11,12,1,11,6,12,1,10,1,1,5,1,1,0,5,1,1,2,21,10
"8884",5,11,13,1,16,11,12,1,11,1,0,0,5,1,4,1,5,2,2,22,15
"8885",6,15,13,1,17,11,13,1,16,1,4,0,1,0,0,4,1,1,2,26,16
"8886",7,1,19,2,33,15,13,1,17,1,3,6,1,3,0,6,1,2,1,18,33
"8887",8,4,19,2,37,1,19,2,33,3,0,0,5,4,4,3,4,1,2,21,37
"8888",9,9,19,6,37,4,19,2,37,5,4,0,4,0,0,5,4,1,1,26,41
"8889",10,9,1,10,39,9,19,6,37,4,2,5,4,2,0,5,2,2,2,8,85
"8890",11,13,1,15,39,9,1,10,39,4,0,0,5,6,1,4,5,1,1,12,90
"8891",12,13,1,15,39,13,1,15,39,6,1,0,NA,0,0,0,0,0,0,12,90
"8892",0,0,0,0,0,0,0,0,0,0,0,0,0,0,0,0,0,0,0,0,0
"8893",1,6,7,12,1,1,1,1,1,3,6,6,3,6,0,6,6,2,1,11,11
"8894",2,9,7,12,3,6,7,12,1,3,0,0,2,2,2,3,2,1,2,14,13
"8895",3,9,9,14,3,9,7,12,3,2,2,0,2,0,0,2,2,2,1,16,15
"8896",4,10,9,17,3,9,9,14,3,3,2,1,3,2,0,1,3,1,1,17,18
"8897",5,10,11,20,9,10,9,17,3,2,0,0,6,6,6,2,6,2,2,19,27
"8898",6,19,11,20,16,10,11,20,9,6,6,0,6,0,0,6,6,1,2,28,34
"8899",7,19,15,20,19,19,11,20,16,2,3,4,2,3,0,4,3,2,2,32,37
"8900",8,19,17,26,24,19,15,20,19,2,0,0,6,2,6,2,6,2,1,34,48
"8901",9,26,17,28,24,19,17,26,24,2,6,0,2,0,0,6,2,1,1,41,50
"8902",10,38,22,36,24,26,17,28,24,6,5,6,5,6,0,6,6,1,1,58,58
"8903",11,38,27,37,24,38,22,36,24,5,0,0,2,1,2,5,1,2,1,63,59
"8904",12,38,27,37,24,38,27,37,24,2,2,0,NA,0,0,0,0,0,0,63,59
"8905",0,0,0,0,0,0,0,0,0,0,0,0,0,0,0,0,0,0,0,0,0
"8906",1,5,7,4,1,1,1,1,1,4,6,3,4,3,0,6,3,2,1,10,3
"8907",2,5,11,4,4,5,7,4,1,4,0,0,2,3,2,4,3,2,2,14,6
"8908",3,5,13,4,6,5,11,4,4,2,2,0,2,0,0,2,2,2,2,16,8
"8909",4,7,13,4,11,5,13,4,6,2,5,4,5,4,0,2,5,1,2,18,13
"8910",5,11,13,5,17,7,13,4,11,4,0,0,1,3,6,4,6,1,2,22,20
"8911",6,11,16,6,17,11,13,5,17,1,3,0,1,0,0,3,1,2,1,25,21
"8912",7,11,18,6,21,11,16,6,17,2,4,2,4,2,0,2,4,2,2,27,25
"8913",8,13,18,6,25,11,18,6,21,2,0,0,3,1,4,2,4,1,2,29,29
"8914",9,16,18,6,26,13,18,6,25,3,1,0,1,0,0,3,1,1,2,32,30
"8915",10,22,20,6,31,16,18,6,26,5,2,6,5,2,0,6,5,1,2,40,35
"8916",11,22,22,13,37,22,20,6,31,2,0,0,5,6,3,2,6,2,2,42,48
"8917",12,22,22,13,37,22,22,13,37,5,3,0,NA,0,0,0,0,0,0,42,48
"8918",0,0,0,0,0,0,0,0,0,0,0,0,0,0,0,0,0,0,0,0,0
"8919",1,4,1,5,1,1,1,1,1,2,4,3,2,4,0,3,4,1,1,3,4
"8920",2,4,3,5,3,4,1,5,1,2,0,0,5,2,2,2,2,2,2,5,6
"8921",3,9,3,7,3,4,3,5,3,5,2,0,2,0,0,5,2,1,1,10,8
"8922",4,9,4,12,3,9,3,7,3,5,1,1,5,1,0,1,5,2,1,11,13
"8923",5,9,5,12,7,9,4,12,3,1,0,0,4,5,1,1,4,2,2,12,17
"8924",6,9,10,13,7,9,5,12,7,5,1,0,1,0,0,5,1,2,1,17,18
"8925",7,9,14,15,7,9,10,13,7,2,1,4,2,1,0,4,2,2,1,21,20
"8926",8,10,14,15,10,9,14,15,7,1,0,0,2,1,3,1,3,1,2,22,23
"8927",9,10,16,15,11,10,14,15,10,2,1,0,1,0,0,2,1,2,2,24,24
"8928",10,10,18,17,11,10,16,15,11,2,1,2,1,2,0,2,2,2,1,26,26
"8929",11,10,19,23,22,10,18,17,11,1,0,0,1,6,2,1,6,2,1,27,43
"8930",12,10,19,23,22,10,19,23,22,1,2,0,NA,0,0,0,0,0,0,27,43
"8931",0,0,0,0,0,0,0,0,0,0,0,0,0,0,0,0,0,0,0,0,0
"8932",1,1,12,1,12,1,1,1,1,1,6,6,1,6,0,6,6,2,2,11,11
"8933",2,2,12,1,16,1,12,1,12,1,0,0,1,3,4,1,4,1,2,12,15
"8934",3,2,13,4,16,2,12,1,16,1,3,0,3,0,0,1,3,2,1,13,18
"8935",4,2,16,9,16,2,13,4,16,2,3,5,2,5,0,3,5,2,1,16,23
"8936",5,4,16,14,16,2,16,9,16,2,0,0,5,1,4,2,5,1,1,18,28
"8937",6,4,20,14,17,4,16,14,16,1,4,0,1,0,0,4,1,2,2,22,29
"8938",7,4,25,18,17,4,20,14,17,2,4,5,2,4,0,5,4,2,1,27,33
"8939",8,1,27,18,23,4,25,18,17,2,0,0,4,5,5,2,5,2,2,26,39
"8940",9,8,27,23,1,1,27,18,23,4,5,0,5,0,0,4,5,1,1,33,22
"8941",10,8,32,23,5,8,27,23,1,1,5,4,1,4,0,5,4,2,2,38,26
"8942",11,1,33,27,5,8,32,23,5,1,0,0,3,4,6,1,3,2,1,32,30
"8943",12,1,33,27,5,1,33,27,5,4,6,0,NA,0,0,0,0,0,0,32,30
"8944",0,0,0,0,0,0,0,0,0,0,0,0,0,0,0,0,0,0,0,0,0
"8945",1,6,1,3,1,1,1,1,1,2,2,5,2,2,0,5,2,1,1,5,2
"8946",2,8,1,12,1,6,1,3,1,2,0,0,5,2,6,2,6,1,1,7,11
"8947",3,13,1,14,1,8,1,12,1,5,2,0,2,0,0,5,2,1,1,12,13
"8948",4,18,1,18,1,13,1,14,1,4,5,2,4,2,0,5,4,1,1,17,17
"8949",5,1,1,20,2,18,1,18,1,2,0,0,2,1,4,2,1,1,2,0,20
"8950",6,5,1,20,4,1,1,20,2,2,4,0,2,0,0,4,2,1,2,4,22
"8951",7,10,7,22,10,5,1,20,4,4,6,6,4,6,0,6,6,2,2,15,30
"8952",8,14,7,22,14,10,7,22,10,4,0,0,4,2,4,4,4,1,2,19,34
"8953",9,16,7,22,18,14,7,22,14,2,4,0,4,0,0,2,4,1,2,21,38
"8954",10,16,9,23,18,16,7,22,18,2,1,6,1,6,0,2,1,2,1,23,39
"8955",11,26,9,32,18,16,9,23,18,6,0,0,3,6,1,6,6,1,1,33,48
"8956",12,26,9,32,18,26,9,32,18,3,1,0,NA,0,0,0,0,0,0,33,48
"8957",0,0,0,0,0,0,0,0,0,0,0,0,0,0,0,0,0,0,0,0,0
"8958",1,6,1,1,4,1,1,1,1,3,5,1,3,1,0,5,3,1,2,5,3
"8959",2,7,1,4,4,6,1,1,4,1,0,0,6,3,3,1,3,1,1,6,6
"8960",3,14,1,4,7,7,1,4,4,6,3,0,3,0,0,6,3,1,2,13,9
"8961",4,14,6,8,7,14,1,4,7,5,4,3,4,3,0,5,4,2,1,18,13
"8962",5,14,9,8,10,14,6,8,7,3,0,0,1,1,3,3,3,2,2,21,16
"8963",6,15,9,9,10,14,9,8,10,1,1,0,1,0,0,1,1,1,1,22,17
"8964",7,21,17,18,10,15,9,9,10,6,6,5,6,5,0,6,6,2,1,36,26
"8965",8,21,22,18,11,21,17,18,10,5,0,0,2,1,2,5,1,2,2,41,27
"8966",9,21,24,18,13,21,22,18,11,2,2,0,2,0,0,2,2,2,2,43,29
"8967",10,24,24,18,18,21,24,18,13,3,5,1,5,1,0,3,5,1,2,46,34
"8968",11,25,24,23,18,24,24,18,18,1,0,0,5,4,5,1,5,1,1,47,39
"8969",12,25,24,23,18,25,24,23,18,4,5,0,NA,0,0,0,0,0,0,47,39
"8970",0,0,0,0,0,0,0,0,0,0,0,0,0,0,0,0,0,0,0,0,0
"8971",1,6,1,4,1,1,1,1,1,5,3,2,3,2,0,5,3,1,1,5,3
"8972",2,6,3,8,1,6,1,4,1,2,0,0,6,1,4,2,4,2,1,7,7
"8973",3,6,11,8,2,6,3,8,1,6,1,0,1,0,0,6,1,2,2,15,8
"8974",4,11,11,13,2,6,11,8,2,5,1,5,1,5,0,5,5,1,1,20,13
"8975",5,11,12,15,2,11,11,13,2,1,0,0,2,2,4,1,2,2,1,21,15
"8976",6,15,12,17,2,11,12,15,2,2,4,0,2,0,0,4,2,1,1,25,17
"8977",7,18,12,18,2,15,12,17,2,3,1,1,1,1,0,3,1,1,1,28,18
"8978",8,18,13,22,2,18,12,18,2,1,0,0,6,4,1,1,4,2,1,29,22
"8979",9,20,20,22,2,18,13,22,2,6,1,0,1,0,0,6,1,2,2,38,22
"8980",10,20,28,22,3,20,20,22,2,1,2,6,1,2,0,6,1,2,2,46,23
"8981",11,20,30,23,3,20,28,22,3,2,0,0,3,4,1,2,1,2,1,48,24
"8982",12,20,30,23,3,20,30,23,3,3,4,0,NA,0,0,0,0,0,0,48,24
"8983",0,0,0,0,0,0,0,0,0,0,0,0,0,0,0,0,0,0,0,0,0
"8984",1,1,5,1,9,1,1,1,1,4,3,6,3,6,0,4,6,2,2,4,8
"8985",2,4,5,1,11,1,5,1,9,3,0,0,2,2,2,3,2,1,2,7,10
"8986",3,4,7,1,13,4,5,1,11,2,2,0,2,0,0,2,2,2,2,9,12
"8987",4,7,13,1,17,4,7,1,13,2,4,6,2,4,0,6,4,2,2,18,16
"8988",5,7,15,5,17,7,13,1,17,2,0,0,4,1,2,2,4,2,1,20,20
"8989",6,8,15,5,19,7,15,5,17,1,2,0,2,0,0,1,2,1,2,21,22
"8990",7,8,34,1,24,8,15,5,19,6,6,5,6,5,0,6,5,2,2,40,23
"8991",8,20,38,1,26,8,34,1,24,6,0,0,1,2,2,6,2,1,2,56,25
"8992",9,24,39,3,26,20,38,1,26,1,2,0,2,0,0,1,2,2,1,99,27
"8993",10,25,39,3,28,24,39,3,26,1,2,1,2,1,0,1,2,1,2,100,29
"8994",11,26,39,6,28,25,39,3,28,1,0,0,3,4,1,1,3,1,1,101,32
"8995",12,26,39,6,28,26,39,6,28,4,1,0,NA,0,0,0,0,0,0,101,32
"8996",0,0,0,0,0,0,0,0,0,0,0,0,0,0,0,0,0,0,0,0,0
"8997",1,6,1,4,1,1,1,1,1,2,5,3,2,3,0,5,3,1,1,5,3
"8998",2,8,1,4,5,6,1,4,1,2,0,0,5,4,2,2,4,1,2,7,7
"8999",3,8,6,6,5,8,1,4,5,5,2,0,2,0,0,5,2,2,1,12,9
"9000",4,11,6,6,7,8,6,6,5,2,3,1,2,1,0,3,2,1,2,15,11
"9001",5,12,6,6,11,11,6,6,7,1,0,0,2,5,4,1,4,1,2,16,15
"9002",6,12,11,6,13,12,6,6,11,2,5,0,2,0,0,5,2,2,2,21,17
"9003",7,17,11,12,18,12,11,6,13,5,4,6,4,6,0,5,6,1,1,26,28
"9004",8,21,11,14,18,17,11,12,18,4,0,0,1,2,3,4,2,1,1,30,30
"9005",9,24,11,15,18,21,11,14,18,1,3,0,1,0,0,3,1,1,1,33,31
"9006",10,29,11,18,18,24,11,15,18,3,5,3,3,3,0,5,3,1,1,38,34
"9007",11,29,14,18,23,29,11,18,18,3,0,0,6,4,5,3,5,2,2,41,39
"9008",12,29,14,18,23,29,14,18,23,6,4,0,NA,0,0,0,0,0,0,41,39
"9009",0,0,0,0,0,0,0,0,0,0,0,0,0,0,0,0,0,0,0,0,0
"9010",1,1,4,1,2,1,1,1,1,1,1,3,1,1,0,3,1,2,2,3,1
"9011",2,1,5,1,6,1,4,1,2,1,0,0,3,3,4,1,4,2,2,4,5
"9012",3,4,5,4,6,1,5,1,6,3,3,0,3,0,0,3,3,1,1,7,8
"9013",4,5,5,4,8,4,5,4,6,1,1,2,1,2,0,1,2,1,2,8,10
"9014",5,5,6,10,11,5,5,4,8,1,0,0,6,2,5,1,6,2,1,9,19
"9015",6,10,6,10,13,5,6,10,11,2,5,0,2,0,0,5,2,1,2,14,21
"9016",7,10,8,10,17,10,6,10,13,2,4,1,4,1,0,2,4,2,2,16,25
"9017",8,10,9,10,20,10,8,10,17,1,0,0,1,3,1,1,3,2,2,17,28
"9018",9,11,9,11,20,10,9,10,20,1,1,0,1,0,0,1,1,1,1,18,29
"9019",10,11,14,18,20,11,9,11,20,5,3,6,3,6,0,5,6,2,1,23,36
"9020",11,14,14,19,20,11,14,18,20,3,0,0,1,3,2,3,1,1,1,26,37
"9021",12,14,14,19,20,14,14,19,20,3,2,0,NA,0,0,0,0,0,0,26,37
"9022",0,0,0,0,0,0,0,0,0,0,0,0,0,0,0,0,0,0,0,0,0
"9023",1,4,1,7,2,1,1,1,1,3,1,6,1,6,0,3,6,1,1,3,7
"9024",2,5,1,7,13,4,1,7,2,1,0,0,6,3,6,1,6,1,2,4,18
"9025",3,8,1,13,15,5,1,7,13,3,6,0,6,0,0,3,6,1,1,7,26
"9026",4,13,7,18,15,8,1,13,15,5,2,6,5,2,0,6,5,2,1,18,31
"9027",5,15,7,21,21,13,7,18,15,2,0,0,2,6,2,2,6,1,2,20,40
"9028",6,15,9,23,21,15,7,21,21,2,2,0,2,0,0,2,2,2,1,22,42
"9029",7,20,9,23,24,15,9,23,21,3,5,3,3,3,0,5,3,1,2,27,45
"9030",8,23,9,23,26,20,9,23,24,3,0,0,5,4,2,3,2,1,2,30,47
"9031",9,27,9,23,31,23,9,23,26,5,4,0,5,0,0,4,5,1,2,34,52
"9032",10,39,15,23,4,27,9,23,31,3,6,6,3,6,0,6,3,1,2,90,25
"9033",11,39,25,27,4,39,15,23,4,6,0,0,4,2,6,6,4,2,1,100,29
"9034",12,39,25,27,4,39,25,27,4,2,6,0,NA,0,0,0,0,0,0,100,29
"9035",0,0,0,0,0,0,0,0,0,0,0,0,0,0,0,0,0,0,0,0,0
"9036",1,5,7,1,8,1,1,1,1,6,3,6,3,6,0,6,6,2,2,10,7
"9037",2,5,10,1,11,5,7,1,8,3,0,0,3,3,3,3,3,2,2,13,10
"9038",3,8,10,1,14,5,10,1,11,3,3,0,3,0,0,3,3,1,2,16,13
"9039",4,14,11,1,18,8,10,1,14,6,1,4,1,4,0,6,4,1,2,23,17
"9040",5,14,12,1,22,14,11,1,18,1,0,0,4,1,1,1,4,2,2,24,21
"9041",6,14,13,1,23,14,12,1,22,1,1,0,1,0,0,1,1,2,2,25,22
"9042",7,14,15,1,26,14,13,1,23,2,2,3,2,3,0,2,3,2,2,27,25
"9043",8,16,15,1,31,14,15,1,26,2,0,0,3,4,5,2,5,1,2,29,30
"9044",9,20,15,1,34,16,15,1,31,3,4,0,3,0,0,4,3,1,2,33,33
"9045",10,24,16,5,1,20,15,1,34,4,5,1,4,5,0,1,4,2,1,38,4
"9046",11,24,21,9,1,24,16,5,1,5,0,0,4,1,3,5,4,2,1,43,8
"9047",12,24,21,9,1,24,21,9,1,1,3,0,NA,0,0,0,0,0,0,43,8
"9048",0,0,0,0,0,0,0,0,0,0,0,0,0,0,0,0,0,0,0,0,0
"9049",1,1,3,7,7,1,1,1,1,2,3,6,3,6,0,2,6,2,2,2,12
"9050",2,4,3,11,7,1,3,7,7,3,0,0,4,2,4,3,4,1,1,5,16
"9051",3,6,3,15,7,4,3,11,7,2,4,0,4,0,0,2,4,1,1,7,20
"9052",4,8,3,15,16,6,3,15,7,2,6,1,6,1,0,2,6,1,2,9,29
"9053",5,9,3,15,17,8,3,15,16,1,0,0,1,5,5,1,1,1,2,10,30
"9054",6,14,3,20,17,9,3,15,17,5,5,0,5,0,0,5,5,1,1,15,35
"9055",7,18,1,21,19,14,3,20,17,1,4,1,1,1,0,4,1,1,1,17,38
"9056",8,19,1,21,22,18,1,21,19,1,0,0,6,1,3,1,3,1,2,18,41
"9057",9,25,6,21,2,19,1,21,22,6,1,0,1,0,0,6,1,1,2,29,21
"9058",10,25,15,22,2,25,6,21,2,1,1,6,1,1,0,6,1,2,1,38,22
"9059",11,1,15,30,8,25,15,22,2,1,0,0,1,6,2,1,6,1,2,14,36
"9060",12,1,15,30,8,1,15,30,8,1,2,0,NA,0,0,0,0,0,0,14,36
"9061",0,0,0,0,0,0,0,0,0,0,0,0,0,0,0,0,0,0,0,0,0
"9062",1,2,1,1,3,1,1,1,1,1,1,2,1,2,0,1,2,1,2,1,2
"9063",2,2,2,1,7,2,1,1,3,1,0,0,4,2,4,1,4,2,2,2,6
"9064",3,6,2,1,9,2,2,1,7,2,4,0,2,0,0,4,2,1,2,6,8
"9065",4,6,4,1,14,6,2,1,9,2,3,5,3,5,0,2,5,2,2,8,13
"9066",5,6,7,9,14,6,4,1,14,3,0,0,4,2,6,3,6,2,1,11,21
"9067",6,6,11,9,16,6,7,9,14,4,2,0,2,0,0,4,2,2,2,15,23
"9068",7,6,15,10,16,6,11,9,16,4,1,1,1,1,0,4,1,2,1,19,24
"9069",8,7,15,15,16,6,15,10,16,1,0,0,1,4,5,1,5,1,1,20,29
"9070",9,7,19,16,16,7,15,15,16,1,4,0,1,0,0,4,1,2,1,24,30
"9071",10,11,19,16,24,7,19,16,16,1,6,4,1,6,0,4,6,1,2,28,38
"9072",11,12,19,27,24,11,19,16,24,1,0,0,6,1,5,1,6,1,1,29,49
"9073",12,12,19,27,24,12,19,27,24,1,5,0,NA,0,0,0,0,0,0,29,49
"9074",0,0,0,0,0,0,0,0,0,0,0,0,0,0,0,0,0,0,0,0,0
"9075",1,6,1,6,1,1,1,1,1,5,1,5,1,5,0,5,5,1,1,5,5
"9076",2,6,2,9,1,6,1,6,1,1,0,0,2,3,2,1,3,2,1,6,8
"9077",3,6,4,9,3,6,2,9,1,2,2,0,2,0,0,2,2,2,2,8,10
"9078",4,10,4,13,3,6,4,9,3,4,2,4,2,4,0,4,4,1,1,12,14
"9079",5,12,4,17,3,10,4,13,3,2,0,0,4,1,4,2,4,1,1,14,18
"9080",6,16,4,17,4,12,4,17,3,1,4,0,1,0,0,4,1,1,2,18,19
"9081",7,16,9,21,4,16,4,17,4,5,4,1,4,1,0,5,4,2,1,23,23
"9082",8,16,10,21,8,16,9,21,4,1,0,0,4,1,4,1,4,2,2,24,27
"9083",9,16,14,22,8,16,10,21,8,1,4,0,1,0,0,4,1,2,1,28,28
"9084",10,21,20,28,16,16,14,22,8,1,6,6,1,6,0,6,6,2,2,39,42
"9085",11,22,20,33,16,21,20,28,16,1,0,0,5,5,3,1,5,1,1,40,47
"9086",12,22,20,33,16,22,20,33,16,5,3,0,NA,0,0,0,0,0,0,40,47
"9087",0,0,0,0,0,0,0,0,0,0,0,0,0,0,0,0,0,0,0,0,0
"9088",1,1,6,3,1,1,1,1,1,1,5,2,1,2,0,5,2,2,1,5,2
"9089",2,2,6,3,6,1,6,3,1,1,0,0,6,4,5,1,5,1,2,6,7
"9090",3,8,11,3,10,2,6,3,6,6,4,0,4,0,0,6,4,1,2,17,11
"9091",4,8,22,3,15,8,11,3,10,6,5,3,5,3,0,6,5,2,2,28,16
"9092",5,11,22,3,25,8,22,3,15,3,0,0,6,3,3,3,6,1,2,31,26
"9093",6,14,22,3,28,11,22,3,25,3,3,0,3,0,0,3,3,1,2,34,29
"9094",7,14,33,3,38,14,22,3,28,6,4,6,4,6,0,6,6,2,2,45,39
"9095",8,14,37,5,38,14,33,3,38,4,0,0,3,4,2,4,2,2,1,49,41
"9096",9,18,37,8,38,14,37,5,38,3,4,0,3,0,0,4,3,1,1,53,44
"9097",10,19,37,17,39,18,37,8,38,6,6,1,6,6,0,1,6,1,1,54,92
"9098",11,28,37,18,39,19,37,17,39,6,0,0,1,4,5,6,1,1,1,63,93
"9099",12,28,37,18,39,28,37,18,39,4,5,0,NA,0,0,0,0,0,0,63,93
"9100",0,0,0,0,0,0,0,0,0,0,0,0,0,0,0,0,0,0,0,0,0
"9101",1,1,5,1,5,1,1,1,1,2,4,4,2,4,0,4,4,2,2,4,4
"9102",2,3,5,12,5,1,5,1,5,2,0,0,1,1,6,2,6,1,1,6,15
"9103",3,4,5,13,5,3,5,12,5,1,1,0,1,0,0,1,1,1,1,7,16
"9104",4,7,5,13,8,4,5,13,5,3,3,1,3,1,0,3,3,1,2,10,19
"9105",5,7,6,16,8,7,5,13,8,1,0,0,1,3,1,1,3,2,1,11,22
"9106",6,8,6,16,9,7,6,16,8,1,1,0,1,0,0,1,1,1,2,12,23
"9107",7,8,11,16,14,8,6,16,9,4,5,5,4,5,0,5,5,2,2,17,28
"9108",8,12,11,16,16,8,11,16,14,4,0,0,1,2,1,4,2,1,2,21,30
"9109",9,12,12,16,17,12,11,16,16,1,1,0,1,0,0,1,1,2,2,22,31
"9110",10,13,12,17,17,12,12,16,17,1,1,1,1,1,0,1,1,1,1,23,32
"9111",11,13,13,25,17,13,12,17,17,1,0,0,1,6,2,1,6,2,1,24,40
"9112",12,13,13,25,17,13,13,25,17,1,2,0,NA,0,0,0,0,0,0,24,40
"9113",0,0,0,0,0,0,0,0,0,0,0,0,0,0,0,0,0,0,0,0,0
"9114",1,1,4,6,7,1,1,1,1,6,5,3,6,5,0,3,6,2,2,3,11
"9115",2,6,4,8,7,1,4,6,7,5,0,0,4,6,2,5,2,1,1,8,13
"9116",3,10,10,12,7,6,4,8,7,4,6,0,4,0,0,6,4,2,1,18,17
"9117",4,14,16,24,7,10,10,12,7,3,6,6,3,6,0,6,6,2,1,28,29
"9118",5,17,16,24,12,14,16,24,7,3,0,0,5,2,1,3,5,1,2,31,34
"9119",6,17,18,25,12,17,16,24,12,2,1,0,1,0,0,2,1,2,1,33,35
"9120",7,22,18,30,12,17,18,25,12,5,2,5,2,5,0,5,5,1,1,38,40
"9121",8,22,20,34,12,22,18,30,12,2,0,0,4,3,1,2,4,2,1,40,44
"9122",9,25,20,35,12,22,20,34,12,3,1,0,1,0,0,3,1,1,1,43,45
"9123",10,35,20,36,7,25,20,35,12,6,5,5,6,5,0,5,6,1,2,53,41
"9124",11,38,1,39,19,35,20,36,7,5,0,0,6,6,4,5,6,2,2,37,94
"9125",12,38,1,39,19,38,1,39,19,6,4,0,NA,0,0,0,0,0,0,37,94
"9126",0,0,0,0,0,0,0,0,0,0,0,0,0,0,0,0,0,0,0,0,0
"9127",1,1,11,1,6,1,1,1,1,6,3,5,3,5,0,6,5,2,2,10,5
"9128",2,1,14,3,6,1,11,1,6,3,0,0,2,4,3,3,2,2,1,13,7
"9129",3,5,14,3,9,1,14,3,6,4,3,0,3,0,0,4,3,1,2,17,10
"9130",4,13,14,3,12,5,14,3,9,4,6,3,4,3,0,6,3,1,2,25,13
"9131",5,17,14,3,16,13,14,3,12,4,0,0,6,4,1,4,4,1,2,29,17
"9132",6,23,15,4,16,17,14,3,16,6,1,0,1,0,0,6,1,1,1,36,18
"9133",7,26,15,4,21,23,15,4,16,1,3,5,1,5,0,3,5,1,2,39,23
"9134",8,1,16,11,33,26,15,4,21,1,0,0,4,5,1,1,4,2,1,15,42
"9135",9,1,21,11,34,1,16,11,33,5,1,0,1,0,0,5,1,2,2,20,43
"9136",10,2,21,16,34,1,21,11,34,5,1,1,5,1,0,1,5,1,1,21,48
"9137",11,3,21,24,34,2,21,16,34,1,0,0,6,2,6,1,6,1,1,22,56
"9138",12,3,21,24,34,3,21,24,34,2,6,0,NA,0,0,0,0,0,0,22,56
"9139",0,0,0,0,0,0,0,0,0,0,0,0,0,0,0,0,0,0,0,0,0
"9140",1,1,6,2,1,1,1,1,1,1,1,5,1,1,0,5,1,2,1,5,1
"9141",2,2,6,2,5,1,6,2,1,1,0,0,4,1,3,1,4,1,2,6,5
"9142",3,5,6,2,6,2,6,2,5,1,3,0,1,0,0,3,1,1,2,9,6
"9143",4,7,6,2,13,5,6,2,6,2,3,6,3,6,0,2,6,1,2,11,13
"9144",5,10,6,6,13,7,6,2,13,3,0,0,4,4,4,3,4,1,1,14,17
"9145",6,10,10,10,13,10,6,6,13,4,4,0,4,0,0,4,4,2,1,18,21
"9146",7,10,13,10,15,10,10,10,13,3,1,2,1,2,0,3,2,2,2,21,23
"9147",8,10,14,10,26,10,13,10,15,1,0,0,1,6,5,1,6,2,2,22,34
"9148",9,10,15,15,26,10,14,10,26,1,5,0,5,0,0,1,5,2,1,23,39
"9149",10,1,17,15,33,10,15,15,26,2,2,4,2,4,0,2,2,2,2,16,46
"9150",11,5,17,18,33,1,17,15,33,4,0,0,3,5,3,4,3,1,1,20,49
"9151",12,5,17,18,33,5,17,18,33,5,3,0,NA,0,0,0,0,0,0,20,49
"9152",0,0,0,0,0,0,0,0,0,0,0,0,0,0,0,0,0,0,0,0,0
"9153",1,1,6,6,1,1,1,1,1,5,5,2,5,2,0,5,5,2,1,5,5
"9154",2,3,6,6,3,1,6,6,1,2,0,0,2,3,2,2,2,1,2,7,7
"9155",3,3,8,6,6,3,6,6,3,3,2,0,3,0,0,2,3,2,2,9,10
"9156",4,3,21,11,6,3,8,6,6,6,4,5,4,5,0,6,5,2,1,22,15
"9157",5,7,21,12,6,3,21,11,6,4,0,0,1,1,4,4,1,1,1,26,16
"9158",6,11,21,12,7,7,21,12,6,1,4,0,1,0,0,4,1,1,2,30,17
"9159",7,13,21,23,7,11,21,12,7,2,6,5,6,5,0,2,6,1,1,32,28
"9160",8,13,1,29,14,13,21,23,7,5,0,0,1,5,1,5,1,2,2,12,41
"9161",9,13,6,29,15,13,1,29,14,5,1,0,1,0,0,5,1,2,2,17,42
"9162",10,13,16,1,19,13,6,29,15,4,3,5,4,3,0,5,4,2,2,27,18
"9163",11,13,19,1,24,13,16,1,19,3,0,0,6,5,1,3,5,2,2,30,23
"9164",12,13,19,1,24,13,19,1,24,6,1,0,NA,0,0,0,0,0,0,30,23
"9165",0,0,0,0,0,0,0,0,0,0,0,0,0,0,0,0,0,0,0,0,0
"9166",1,3,1,6,1,1,1,1,1,5,2,2,5,2,0,2,5,1,1,2,5
"9167",2,3,3,6,4,3,1,6,1,2,0,0,3,4,1,2,3,2,2,4,8
"9168",3,4,3,6,8,3,3,6,4,4,1,0,4,0,0,1,4,1,2,5,12
"9169",4,4,8,8,14,4,3,6,8,6,5,5,6,5,0,5,6,2,2,10,20
"9170",5,9,8,11,20,4,8,8,14,5,0,0,6,4,6,5,6,1,2,15,29
"9171",6,18,8,15,20,9,8,11,20,4,6,0,4,0,0,6,4,1,1,24,33
"9172",7,18,11,15,22,18,8,15,20,3,1,2,1,2,0,3,2,2,2,27,35
"9173",8,18,12,27,25,18,11,15,22,1,0,0,3,6,4,1,6,2,1,28,50
"9174",9,21,12,27,29,18,12,27,25,3,4,0,4,0,0,3,4,1,2,31,54
"9175",10,22,1,34,29,21,12,27,29,1,3,4,3,4,0,1,3,1,1,21,61
"9176",11,26,1,34,32,22,1,34,29,4,0,0,3,6,1,4,3,1,2,25,64
"9177",12,26,1,34,32,26,1,34,32,6,1,0,NA,0,0,0,0,0,0,25,64
"9178",0,0,0,0,0,0,0,0,0,0,0,0,0,0,0,0,0,0,0,0,0
"9179",1,5,1,1,4,1,1,1,1,4,5,3,5,3,0,4,3,1,2,4,3
"9180",2,5,6,7,8,5,1,1,4,5,0,0,4,6,4,5,6,2,1,9,13
"9181",3,9,6,11,8,5,6,7,8,4,4,0,4,0,0,4,4,1,1,13,17
"9182",4,13,6,11,19,9,6,11,8,6,4,1,6,1,0,4,6,1,2,17,28
"9183",5,13,1,11,30,13,6,11,19,1,0,0,6,1,3,1,6,2,2,12,39
"9184",6,13,2,14,30,13,1,11,30,1,3,0,3,0,0,1,3,2,1,13,42
"9185",7,13,5,20,36,13,2,14,30,3,2,6,2,6,0,3,6,2,2,16,54
"9186",8,15,5,21,36,13,5,20,36,2,0,0,4,4,1,2,1,1,1,18,55
"9187",9,19,5,25,36,15,5,21,36,4,4,0,4,0,0,4,4,1,1,22,59
"9188",10,19,8,25,38,19,5,25,36,3,2,5,2,5,0,3,2,2,2,25,61
"9189",11,24,8,27,38,19,8,25,38,5,0,0,5,6,2,5,2,1,1,30,63
"9190",12,24,8,27,38,24,8,27,38,5,6,0,NA,0,0,0,0,0,0,30,63
"9191",0,0,0,0,0,0,0,0,0,0,0,0,0,0,0,0,0,0,0,0,0
"9192",1,11,1,1,5,1,1,1,1,4,6,3,4,3,0,6,4,1,2,10,4
"9193",2,11,4,6,5,11,1,1,5,3,0,0,5,4,1,3,5,2,1,13,9
"9194",3,11,8,6,6,11,4,6,5,4,1,0,1,0,0,4,1,2,2,17,10
"9195",4,11,13,6,9,11,8,6,6,2,5,3,2,3,0,5,3,2,2,22,13
"9196",5,13,13,6,14,11,13,6,9,2,0,0,5,6,1,2,5,1,2,24,18
"9197",6,19,15,6,15,13,13,6,14,6,1,0,1,0,0,6,1,1,2,32,19
"9198",7,19,17,6,18,19,15,6,15,3,3,2,3,3,0,2,3,2,2,34,22
"9199",8,22,17,6,22,19,17,6,18,3,0,0,3,5,4,3,4,1,2,37,26
"9200",9,22,20,6,27,22,17,6,22,3,5,0,5,0,0,3,5,2,2,40,31
"9201",10,22,21,6,32,22,20,6,27,5,3,1,5,3,0,1,5,2,2,41,36
"9202",11,25,21,10,32,22,21,6,32,3,0,0,2,6,4,3,4,1,1,44,40
"9203",12,25,21,10,32,25,21,10,32,2,6,0,NA,0,0,0,0,0,0,44,40
"9204",0,0,0,0,0,0,0,0,0,0,0,0,0,0,0,0,0,0,0,0,0
"9205",1,1,3,7,2,1,1,1,1,2,6,4,6,4,0,2,6,2,1,2,7
"9206",2,5,3,7,16,1,3,7,2,4,0,0,6,3,1,4,6,1,2,6,21
"9207",3,5,6,8,16,5,3,7,16,3,1,0,1,0,0,3,1,2,1,9,22
"9208",4,5,11,10,16,5,6,8,16,2,3,5,2,3,0,5,2,2,1,14,24
"9209",5,5,14,15,16,5,11,10,16,3,0,0,2,5,2,3,5,2,1,17,29
"9210",6,7,14,15,18,5,14,15,16,2,2,0,2,0,0,2,2,1,2,19,31
"9211",7,7,16,15,20,7,14,15,18,3,2,2,3,2,0,2,2,2,2,21,33
"9212",8,7,19,18,20,7,16,15,20,3,0,0,2,3,1,3,3,2,1,24,36
"9213",9,7,21,19,20,7,19,18,20,2,1,0,1,0,0,2,1,2,1,26,37
"9214",10,7,32,19,30,7,21,19,20,2,6,6,2,6,0,6,6,2,2,37,47
"9215",11,9,32,19,31,7,32,19,30,2,0,0,1,2,3,2,1,1,2,39,48
"9216",12,9,32,19,31,9,32,19,31,2,3,0,NA,0,0,0,0,0,0,39,48
"9217",0,0,0,0,0,0,0,0,0,0,0,0,0,0,0,0,0,0,0,0,0
"9218",1,1,4,7,4,1,1,1,1,3,4,6,4,6,0,3,6,2,1,3,9
"9219",2,5,4,13,9,1,4,7,4,4,0,0,4,3,6,4,6,1,1,7,20
"9220",3,5,8,16,9,5,4,13,9,4,3,0,3,0,0,4,3,2,1,11,23
"9221",4,11,10,22,13,5,8,16,9,5,6,6,5,6,0,6,6,1,1,19,33
"9222",5,11,15,22,18,11,10,22,13,5,0,0,3,5,1,5,5,2,2,24,38
"9223",6,11,18,23,18,11,15,22,18,3,1,0,1,0,0,3,1,2,1,27,39
"9224",7,11,22,26,18,11,18,23,18,1,4,3,1,3,0,4,3,2,1,31,42
"9225",8,12,22,26,26,11,22,26,18,1,0,0,2,6,5,1,6,1,2,32,50
"9226",9,12,24,26,31,12,22,26,26,2,5,0,5,0,0,2,5,2,2,34,55
"9227",10,12,28,31,39,12,24,26,31,6,2,4,6,2,0,4,6,2,2,38,106
"9228",11,14,28,35,39,12,28,31,39,2,0,0,4,5,2,2,4,1,1,40,110
"9229",12,14,28,35,39,14,28,35,39,5,2,0,NA,0,0,0,0,0,0,40,110
"9230",0,0,0,0,0,0,0,0,0,0,0,0,0,0,0,0,0,0,0,0,0
"9231",1,1,4,1,3,1,1,1,1,3,3,2,3,2,0,3,2,2,2,3,2
"9232",2,1,7,12,3,1,4,1,3,3,0,0,5,6,5,3,6,2,1,6,13
"9233",3,1,12,12,8,1,7,12,3,5,5,0,5,0,0,5,5,2,2,11,18
"9234",4,1,13,17,8,1,12,12,8,5,2,1,5,2,0,1,5,2,1,12,23
"9235",5,3,13,19,20,1,13,17,8,2,0,0,2,3,6,2,6,1,2,14,37
"9236",6,1,16,21,24,3,13,19,20,2,3,0,2,0,0,3,2,2,1,15,43
"9237",7,6,19,27,4,1,16,21,24,6,5,4,6,4,0,5,6,1,1,23,29
"9238",8,10,19,32,10,6,19,27,4,4,0,0,4,6,1,4,6,1,2,27,40
"9239",9,16,19,1,11,10,19,32,10,4,1,0,1,0,0,4,1,1,2,33,10
"9240",10,20,25,1,14,16,19,1,11,2,3,6,2,3,0,6,3,2,2,43,13
"9241",11,20,27,4,14,20,25,1,14,2,0,0,5,4,3,2,3,2,1,45,16
"9242",12,20,27,4,14,20,27,4,14,5,4,0,NA,0,0,0,0,0,0,45,16
"9243",0,0,0,0,0,0,0,0,0,0,0,0,0,0,0,0,0,0,0,0,0
"9244",1,1,9,6,1,1,1,1,1,6,5,4,5,4,0,6,5,2,1,8,5
"9245",2,1,13,10,1,1,9,6,1,4,0,0,2,4,1,4,4,2,1,12,9
"9246",3,3,13,10,2,1,13,10,1,2,1,0,1,0,0,2,1,1,2,14,10
"9247",4,6,13,21,2,3,13,10,2,2,3,6,2,6,0,3,6,1,1,17,21
"9248",5,6,15,21,3,6,13,21,2,2,0,0,1,1,4,2,1,2,2,19,22
"9249",6,10,15,22,3,6,15,21,3,1,4,0,1,0,0,4,1,1,1,23,23
"9250",7,10,18,25,3,10,15,22,3,3,3,2,3,2,0,3,3,2,1,26,26
"9251",8,10,20,25,8,10,18,25,3,2,0,0,2,5,1,2,5,2,2,28,31
"9252",9,10,22,26,8,10,20,25,8,2,1,0,1,0,0,2,1,2,1,30,32
"9253",10,10,23,26,11,10,22,26,8,1,1,3,1,3,0,1,3,2,2,31,35
"9254",11,11,23,28,17,10,23,26,11,1,0,0,6,3,2,1,6,1,2,32,43
"9255",12,11,23,28,17,11,23,28,17,3,2,0,NA,0,0,0,0,0,0,32,43
"9256",0,0,0,0,0,0,0,0,0,0,0,0,0,0,0,0,0,0,0,0,0
"9257",1,3,1,3,1,1,1,1,1,2,2,4,2,4,0,2,2,1,1,2,2
"9258",2,3,5,9,7,3,1,3,1,4,0,0,3,6,4,4,6,2,1,6,14
"9259",3,3,9,9,10,3,5,9,7,3,4,0,3,0,0,4,3,2,2,10,17
"9260",4,8,9,13,10,3,9,9,10,1,5,4,1,4,0,5,4,1,1,15,21
"9261",5,9,9,13,17,8,9,13,10,1,0,0,3,6,5,1,6,1,2,16,28
"9262",6,14,9,16,17,9,9,13,17,3,5,0,3,0,0,5,3,1,1,21,31
"9263",7,17,9,17,17,14,9,16,17,3,3,1,3,1,0,3,1,1,1,24,32
"9264",8,17,12,17,22,17,9,17,17,3,0,0,5,3,1,3,5,2,2,27,37
"9265",9,17,15,18,22,17,12,17,22,3,1,0,1,0,0,3,1,2,1,30,38
"9266",10,21,15,22,28,17,15,18,22,1,6,4,1,6,0,4,6,1,2,34,48
"9267",11,22,15,26,28,21,15,22,28,1,0,0,4,4,6,1,4,1,1,35,52
"9268",12,22,15,26,28,22,15,26,28,4,6,0,NA,0,0,0,0,0,0,35,52
"9269",0,0,0,0,0,0,0,0,0,0,0,0,0,0,0,0,0,0,0,0,0
"9270",1,1,6,1,6,1,1,1,1,1,5,5,1,5,0,5,5,2,2,5,5
"9271",2,1,7,1,14,1,6,1,6,1,0,0,5,1,6,1,6,2,2,6,13
"9272",3,1,12,2,14,1,7,1,14,5,1,0,1,0,0,5,1,2,1,11,14
"9273",4,5,18,2,19,1,12,2,14,6,5,1,5,1,0,6,5,2,2,21,19
"9274",5,6,18,7,19,5,18,2,19,1,0,0,6,5,1,1,5,1,1,22,24
"9275",6,6,28,1,20,6,18,7,19,6,1,0,1,0,0,6,1,2,2,32,19
"9276",7,6,32,9,20,6,28,1,20,3,4,6,3,6,0,4,6,2,1,36,27
"9277",8,9,32,13,20,6,32,9,20,3,0,0,1,1,4,3,4,1,1,39,31
"9278",9,9,33,13,21,9,32,13,20,1,1,0,1,0,0,1,1,2,2,40,32
"9279",10,14,39,15,27,9,33,13,21,6,5,6,5,6,0,6,6,2,2,89,40
"9280",11,19,39,20,27,14,39,15,27,5,0,0,5,1,4,5,5,1,1,94,45
"9281",12,19,39,20,27,19,39,20,27,1,4,0,NA,0,0,0,0,0,0,94,45
"9282",0,0,0,0,0,0,0,0,0,0,0,0,0,0,0,0,0,0,0,0,0
"9283",1,7,3,1,8,1,1,1,1,6,2,6,2,6,0,6,6,1,2,8,7
"9284",2,7,5,1,13,7,3,1,8,2,0,0,5,6,4,2,5,2,2,10,12
"9285",3,8,11,5,13,7,5,1,13,6,4,0,4,0,0,6,4,2,1,17,16
"9286",4,8,14,5,14,8,11,5,13,1,1,3,1,1,0,3,1,2,2,20,17
"9287",5,9,14,5,19,8,14,5,14,1,0,0,3,1,5,1,5,1,2,21,22
"9288",6,9,17,5,20,9,14,5,19,3,1,0,1,0,0,3,1,2,2,24,23
"9289",7,9,19,5,23,9,17,5,20,3,2,2,3,2,0,2,3,2,2,26,26
"9290",8,1,21,13,27,9,19,5,23,2,0,0,4,4,6,2,6,2,1,20,38
"9291",9,5,21,13,31,1,21,13,27,4,4,0,4,0,0,4,4,1,2,24,42
"9292",10,8,21,16,37,5,21,13,31,3,6,1,6,1,0,3,6,1,2,27,51
"9293",11,9,21,20,37,8,21,16,37,1,0,0,4,1,5,1,4,1,1,28,55
"9294",12,9,21,20,37,9,21,20,37,1,5,0,NA,0,0,0,0,0,0,28,55
"9295",0,0,0,0,0,0,0,0,0,0,0,0,0,0,0,0,0,0,0,0,0
"9296",1,6,1,6,1,1,1,1,1,5,5,1,5,1,0,5,5,1,1,5,5
"9297",2,7,1,6,5,6,1,6,1,1,0,0,4,3,5,1,4,1,2,6,9
"9298",3,12,1,9,5,7,1,6,5,3,5,0,3,0,0,5,3,1,1,11,12
"9299",4,15,1,13,5,12,1,9,5,4,3,3,4,3,0,3,4,1,1,14,16
"9300",5,18,1,14,11,15,1,13,5,3,0,0,1,6,5,3,6,1,2,17,23
"9301",6,18,6,14,12,18,1,14,11,1,5,0,1,0,0,5,1,2,2,22,24
"9302",7,18,8,14,15,18,6,14,12,1,3,2,1,3,0,2,3,2,2,24,27
"9303",8,18,9,20,20,18,8,14,15,1,0,0,3,6,5,1,6,2,1,25,38
"9304",9,23,9,20,23,18,9,20,20,3,5,0,3,0,0,5,3,1,2,30,41
"9305",10,26,9,24,23,23,9,20,23,4,2,3,4,2,0,3,4,1,1,33,45
"9306",11,28,9,26,23,26,9,24,23,2,0,0,6,2,3,2,2,1,1,35,47
"9307",12,28,9,26,23,28,9,26,23,6,3,0,NA,0,0,0,0,0,0,35,47
"9308",0,0,0,0,0,0,0,0,0,0,0,0,0,0,0,0,0,0,0,0,0
"9309",1,3,1,5,1,1,1,1,1,4,2,1,4,1,0,2,4,1,1,2,4
"9310",2,4,1,5,12,3,1,5,1,1,0,0,6,3,1,1,6,1,2,3,15
"9311",3,5,1,8,12,4,1,5,12,3,1,0,3,0,0,1,3,1,1,4,18
"9312",4,10,1,13,12,5,1,8,12,5,5,1,5,1,0,5,5,1,1,9,23
"9313",5,11,1,15,18,10,1,13,12,1,0,0,2,3,6,1,6,1,2,10,31
"9314",6,14,1,17,18,11,1,15,18,2,3,0,2,0,0,3,2,1,1,13,33
"9315",7,18,1,17,22,14,1,17,18,4,4,4,4,4,0,4,4,1,2,17,37
"9316",8,22,1,17,27,18,1,17,22,4,0,0,5,1,1,4,5,1,2,21,42
"9317",9,22,2,18,27,22,1,17,27,1,1,0,1,0,0,1,1,2,1,22,43
"9318",10,22,4,18,32,22,2,18,27,1,5,2,1,5,0,2,5,2,2,24,48
"9319",11,22,5,20,32,22,4,18,32,1,0,0,2,4,3,1,2,2,1,25,50
"9320",12,22,5,20,32,22,5,20,32,4,3,0,NA,0,0,0,0,0,0,25,50
"9321",0,0,0,0,0,0,0,0,0,0,0,0,0,0,0,0,0,0,0,0,0
"9322",1,6,1,5,1,1,1,1,1,4,3,5,4,3,0,5,4,1,1,5,4
"9323",2,9,1,5,11,6,1,5,1,3,0,0,4,2,6,3,6,1,2,8,14
"9324",3,9,5,5,13,9,1,5,11,4,2,0,2,0,0,4,2,2,2,12,16
"9325",4,11,5,5,18,9,5,5,13,5,2,2,5,2,0,2,5,1,2,14,21
"9326",5,13,5,5,21,11,5,5,18,2,0,0,3,1,3,2,3,1,2,16,24
"9327",6,14,5,8,21,13,5,5,21,1,3,0,3,0,0,1,3,1,1,17,27
"9328",7,17,5,13,27,14,5,8,21,3,6,2,6,2,0,3,6,1,2,20,38
"9329",8,1,7,18,35,17,5,13,27,2,0,0,4,6,1,2,6,2,2,6,51
"9330",9,1,11,18,36,1,7,18,35,4,1,0,1,0,0,4,1,2,2,10,52
"9331",10,8,11,22,36,1,11,18,36,6,4,5,4,5,0,6,4,1,1,17,56
"9332",11,13,11,27,36,8,11,22,36,5,0,0,5,1,6,5,5,1,1,22,61
"9333",12,13,11,27,36,13,11,27,36,1,6,0,NA,0,0,0,0,0,0,22,61
"9334",0,0,0,0,0,0,0,0,0,0,0,0,0,0,0,0,0,0,0,0,0
"9335",1,5,1,1,2,1,1,1,1,1,2,4,1,2,0,4,1,1,2,4,1
"9336",2,7,1,2,2,5,1,1,2,2,0,0,2,3,1,2,1,1,1,6,2
"9337",3,9,1,2,5,7,1,2,2,2,3,0,3,0,0,2,3,1,2,8,5
"9338",4,9,6,5,5,9,1,2,5,1,3,5,1,3,0,5,3,2,1,13,8
"9339",5,9,7,7,5,9,6,5,5,1,0,0,1,5,2,1,2,2,1,14,10
"9340",6,14,7,8,5,9,7,7,5,1,5,0,1,0,0,5,1,1,1,19,11
"9341",7,14,14,13,5,14,7,8,5,6,2,5,2,5,0,6,5,2,1,26,16
"9342",8,14,16,18,5,14,14,13,5,2,0,0,5,2,4,2,5,2,1,28,21
"9343",9,14,20,20,5,14,16,18,5,2,4,0,2,0,0,4,2,2,1,32,23
"9344",10,20,21,28,5,14,20,20,5,1,6,6,1,6,0,6,6,1,1,39,31
"9345",11,21,21,33,5,20,21,28,5,1,0,0,5,4,1,1,5,1,1,40,36
"9346",12,21,21,33,5,21,21,33,5,4,1,0,NA,0,0,0,0,0,0,40,36
"9347",0,0,0,0,0,0,0,0,0,0,0,0,0,0,0,0,0,0,0,0,0
"9348",1,4,1,6,1,1,1,1,1,3,5,5,5,5,0,3,5,1,1,3,5
"9349",2,9,1,11,7,4,1,6,1,5,0,0,6,4,2,5,6,1,2,8,16
"9350",3,9,5,11,9,9,1,11,7,4,2,0,2,0,0,4,2,2,2,12,18
"9351",4,13,5,11,12,9,5,11,9,2,3,4,2,3,0,4,3,1,2,16,21
"9352",5,13,7,11,14,13,5,11,12,2,0,0,2,2,1,2,2,2,2,18,23
"9353",6,15,7,11,15,13,7,11,14,2,1,0,1,0,0,2,1,1,2,20,24
"9354",7,15,12,14,15,15,7,11,15,3,1,5,3,1,0,5,3,2,1,25,27
"9355",8,16,12,21,15,15,12,14,15,1,0,0,1,6,2,1,6,1,1,26,34
"9356",9,18,12,21,16,16,12,21,15,1,2,0,1,0,0,2,1,1,2,28,35
"9357",10,22,12,22,16,18,12,21,16,1,4,1,1,1,0,4,1,1,1,32,36
"9358",11,23,12,28,27,22,12,22,16,1,0,0,6,3,4,1,6,1,1,33,53
"9359",12,23,12,28,27,23,12,28,27,3,4,0,NA,0,0,0,0,0,0,33,53
"9360",0,0,0,0,0,0,0,0,0,0,0,0,0,0,0,0,0,0,0,0,0
"9361",1,1,9,1,3,1,1,1,1,6,2,3,2,3,0,6,2,2,2,8,2
"9362",2,1,12,9,9,1,9,1,3,3,0,0,1,5,6,3,6,2,2,11,16
"9363",3,1,17,10,9,1,12,9,9,1,5,0,1,0,0,5,1,2,1,16,17
"9364",4,1,20,10,10,1,17,10,9,3,1,1,1,1,0,3,1,2,2,19,18
"9365",5,1,21,11,16,1,20,10,10,1,0,0,2,6,3,1,6,2,2,20,25
"9366",6,1,23,14,16,1,21,11,16,2,3,0,3,0,0,2,3,2,1,22,28
"9367",7,1,27,14,18,1,23,14,16,2,2,4,2,2,0,4,2,2,2,26,30
"9368",8,3,27,18,18,1,27,14,18,2,0,0,1,4,1,2,4,1,1,28,34
"9369",9,4,27,18,19,3,27,18,18,1,1,0,1,0,0,1,1,1,2,29,35
"9370",10,1,31,27,19,4,27,18,19,4,1,4,1,4,0,4,4,2,1,30,44
"9371",11,1,32,31,19,1,31,27,19,1,0,0,4,3,5,1,4,2,1,31,48
"9372",12,1,32,31,19,1,32,31,19,3,5,0,NA,0,0,0,0,0,0,31,48
"9373",0,0,0,0,0,0,0,0,0,0,0,0,0,0,0,0,0,0,0,0,0
"9374",1,11,1,5,7,1,1,1,1,6,2,6,2,6,0,6,6,1,2,10,10
"9375",2,13,1,11,12,11,1,5,7,2,0,0,6,5,3,2,6,1,1,12,21
"9376",3,13,6,14,12,13,1,11,12,5,3,0,3,0,0,5,3,2,1,17,24
"9377",4,14,1,27,18,13,6,14,12,6,1,1,6,1,0,1,6,1,2,13,43
"9378",5,14,2,28,18,14,1,27,18,1,0,0,1,3,1,1,1,2,1,14,44
"9379",6,15,2,31,18,14,2,28,18,3,1,0,3,0,0,1,3,1,1,15,47
"9380",7,18,13,1,23,15,2,31,18,6,2,5,2,5,0,6,5,2,2,29,22
"9381",8,18,15,1,28,18,13,1,23,2,0,0,3,5,4,2,5,2,2,31,27
"9382",9,18,18,1,32,18,15,1,28,3,4,0,4,0,0,3,4,2,2,34,31
"9383",10,23,18,6,38,18,18,1,32,5,3,6,3,6,0,5,6,1,2,39,42
"9384",11,23,21,11,38,23,18,6,38,3,0,0,5,5,5,3,5,2,1,42,47
"9385",12,23,21,11,38,23,21,11,38,5,5,0,NA,0,0,0,0,0,0,42,47
"9386",0,0,0,0,0,0,0,0,0,0,0,0,0,0,0,0,0,0,0,0,0
"9387",1,1,6,1,2,1,1,1,1,1,2,5,1,2,0,5,1,2,2,5,1
"9388",2,1,8,7,3,1,6,1,2,2,0,0,3,2,6,2,6,2,1,7,8
"9389",3,1,10,7,6,1,8,7,3,3,2,0,3,0,0,2,3,2,2,9,11
"9390",4,1,12,7,10,1,10,7,6,2,4,4,4,4,0,2,4,2,2,11,15
"9391",5,1,16,10,10,1,12,7,10,4,0,0,4,5,3,4,3,2,1,15,18
"9392",6,1,21,14,10,1,16,10,10,4,5,0,4,0,0,5,4,2,1,20,22
"9393",7,1,25,14,23,1,21,14,10,4,6,3,6,3,0,4,6,2,2,24,35
"9394",8,1,28,14,25,1,25,14,23,3,0,0,2,2,1,3,2,2,2,27,37
"9395",9,3,28,14,26,1,28,14,25,2,1,0,1,0,0,2,1,1,2,29,38
"9396",10,10,28,14,12,3,28,14,26,2,5,6,2,6,0,5,6,1,2,36,24
"9397",11,12,28,18,12,10,28,14,12,2,0,0,3,4,1,2,4,1,1,38,28
"9398",12,12,28,18,12,12,28,18,12,3,1,0,NA,0,0,0,0,0,0,38,28
"9399",0,0,0,0,0,0,0,0,0,0,0,0,0,0,0,0,0,0,0,0,0
"9400",1,1,9,1,4,1,1,1,1,4,3,6,4,3,0,6,3,2,2,8,3
"9401",2,5,9,10,4,1,9,1,4,4,0,0,6,5,3,4,6,1,1,12,12
"9402",3,5,14,10,7,5,9,10,4,5,3,0,3,0,0,5,3,2,2,17,15
"9403",4,6,14,10,11,5,14,10,7,2,4,1,2,4,0,1,4,1,2,18,19
"9404",5,8,14,10,14,6,14,10,11,2,0,0,3,1,1,2,3,1,2,20,22
"9405",6,9,14,11,14,8,14,10,14,1,1,0,1,0,0,1,1,1,1,21,23
"9406",7,12,14,11,18,9,14,11,14,3,4,4,4,4,0,3,4,1,2,24,27
"9407",8,16,14,11,21,12,14,11,18,4,0,0,2,3,1,4,3,1,2,28,30
"9408",9,16,16,12,21,16,14,11,21,2,1,0,1,0,0,2,1,2,1,30,31
"9409",10,20,16,12,24,16,16,12,21,3,3,4,3,3,0,4,3,1,2,34,34
"9410",11,20,19,18,28,20,16,12,24,3,0,0,6,2,4,3,6,2,1,37,44
"9411",12,20,19,18,28,20,19,18,28,2,4,0,NA,0,0,0,0,0,0,37,44
"9412",0,0,0,0,0,0,0,0,0,0,0,0,0,0,0,0,0,0,0,0,0
"9413",1,3,7,6,1,1,1,1,1,5,6,5,5,5,0,6,5,2,1,8,5
"9414",2,8,7,11,1,3,7,6,1,5,0,0,5,2,2,5,5,1,1,13,10
"9415",3,10,7,13,1,8,7,11,1,2,2,0,2,0,0,2,2,1,1,15,12
"9416",4,11,7,13,4,10,7,13,1,3,1,1,3,1,0,1,3,1,2,16,15
"9417",5,12,7,13,9,11,7,13,4,1,0,0,5,2,5,1,5,1,2,17,20
"9418",6,17,7,13,11,12,7,13,9,2,5,0,2,0,0,5,2,1,2,22,22
"9419",7,17,12,15,11,17,7,13,11,5,2,2,2,2,0,5,2,2,1,27,24
"9420",8,19,12,20,11,17,12,15,11,2,0,0,3,5,3,2,5,1,1,29,29
"9421",9,19,15,23,11,19,12,20,11,3,3,0,3,0,0,3,3,2,1,32,32
"9422",10,23,15,25,11,19,15,23,11,1,2,4,1,2,0,4,2,1,1,36,34
"9423",11,23,16,32,11,23,15,25,11,1,0,0,3,5,6,1,6,2,1,37,41
"9424",12,23,16,32,11,23,16,32,11,3,5,0,NA,0,0,0,0,0,0,37,41
"9425",0,0,0,0,0,0,0,0,0,0,0,0,0,0,0,0,0,0,0,0,0
"9426",1,1,4,5,1,1,1,1,1,1,3,4,1,4,0,3,4,2,1,3,4
"9427",2,2,4,11,6,1,4,5,1,1,0,0,3,6,3,1,6,1,1,4,15
"9428",3,2,7,14,6,2,4,11,6,3,3,0,3,0,0,3,3,2,1,7,18
"9429",4,2,10,14,9,2,7,14,6,3,1,3,1,3,0,3,3,2,2,10,21
"9430",5,2,11,17,9,2,10,14,9,1,0,0,3,5,3,1,3,2,1,11,24
"9431",6,2,16,17,12,2,11,17,9,5,3,0,3,0,0,5,3,2,2,16,27
"9432",7,2,21,17,17,2,16,17,12,2,5,5,2,5,0,5,5,2,2,21,32
"9433",8,4,21,21,17,2,21,17,17,2,0,0,1,6,4,2,4,1,1,23,36
"9434",9,5,27,21,18,4,21,21,17,1,6,0,1,0,0,6,1,2,2,30,37
"9435",10,1,38,21,27,5,27,21,18,3,5,6,3,5,0,6,5,2,2,37,46
"9436",11,4,38,30,33,1,38,21,27,3,0,0,1,2,6,3,6,1,2,40,61
"9437",12,4,38,30,33,4,38,30,33,1,2,0,NA,0,0,0,0,0,0,40,61
"9438",0,0,0,0,0,0,0,0,0,0,0,0,0,0,0,0,0,0,0,0,0
"9439",1,1,5,6,1,1,1,1,1,4,1,5,1,5,0,4,5,2,1,4,5
"9440",2,2,5,6,10,1,5,6,1,1,0,0,3,4,6,1,6,1,2,5,14
"9441",3,2,8,6,14,2,5,6,10,3,4,0,4,0,0,3,4,2,2,8,18
"9442",4,2,13,6,16,2,8,6,14,5,1,2,1,2,0,5,2,2,2,13,20
"9443",5,3,13,11,16,2,13,6,16,1,0,0,5,2,2,1,5,1,1,14,25
"9444",6,3,15,11,18,3,13,11,16,2,2,0,2,0,0,2,2,2,2,16,27
"9445",7,3,18,16,18,3,15,11,18,3,3,5,3,5,0,3,5,2,1,19,32
"9446",8,6,18,16,22,3,18,16,18,3,0,0,4,4,6,3,4,1,2,22,36
"9447",9,6,22,28,22,6,18,16,22,4,6,0,6,0,0,4,6,2,1,26,48
"9448",10,10,1,7,22,6,22,28,22,4,2,4,2,4,0,4,4,1,1,9,27
"9449",11,12,1,7,23,10,1,7,22,2,0,0,1,3,3,2,1,1,2,11,28
"9450",12,12,1,7,23,12,1,7,23,3,3,0,NA,0,0,0,0,0,0,11,28
"9451",0,0,0,0,0,0,0,0,0,0,0,0,0,0,0,0,0,0,0,0,0
"9452",1,1,5,1,3,1,1,1,1,1,2,4,1,2,0,4,2,2,2,4,2
"9453",2,2,5,1,8,1,5,1,3,1,0,0,2,5,2,1,5,1,2,5,7
"9454",3,2,7,3,8,2,5,1,8,2,2,0,2,0,0,2,2,2,1,7,9
"9455",4,7,7,3,10,2,7,3,8,5,2,1,2,1,0,5,2,1,2,12,11
"9456",5,7,8,9,19,7,7,3,10,1,0,0,4,6,1,1,6,2,2,13,26
"9457",6,7,12,9,20,7,8,9,19,4,1,0,1,0,0,4,1,2,2,17,27
"9458",7,1,17,9,28,7,12,9,20,5,1,5,1,5,0,5,5,2,2,16,35
"9459",8,1,18,9,32,1,17,9,28,1,0,0,4,1,3,1,4,2,2,17,39
"9460",9,4,18,9,33,1,18,9,32,1,3,0,1,0,0,3,1,1,2,20,40
"9461",10,4,20,9,37,4,18,9,33,2,2,4,2,4,0,2,4,2,2,22,44
"9462",11,6,20,14,37,4,20,9,37,2,0,0,5,3,3,2,5,1,1,24,49
"9463",12,6,20,14,37,6,20,14,37,3,3,0,NA,0,0,0,0,0,0,24,49
"9464",0,0,0,0,0,0,0,0,0,0,0,0,0,0,0,0,0,0,0,0,0
"9465",1,1,5,1,4,1,1,1,1,2,4,3,2,3,0,4,3,2,2,4,3
"9466",2,1,7,3,10,1,5,1,4,2,0,0,2,5,6,2,6,2,2,6,11
"9467",3,1,9,8,10,1,7,3,10,2,5,0,5,0,0,2,5,2,1,8,16
"9468",4,1,14,8,13,1,9,8,10,1,3,5,1,3,0,5,3,2,2,13,19
"9469",5,1,15,13,13,1,14,8,13,1,0,0,3,5,4,1,5,2,1,14,24
"9470",6,1,19,16,13,1,15,13,13,3,4,0,3,0,0,4,3,2,1,18,27
"9471",7,1,22,19,13,1,19,16,13,3,5,3,5,3,0,3,3,2,1,21,30
"9472",8,1,27,23,13,1,22,19,13,5,0,0,4,1,5,5,4,2,1,26,34
"9473",9,6,27,23,14,1,27,23,13,1,5,0,1,0,0,5,1,1,2,31,35
"9474",10,7,32,29,7,6,27,23,14,1,6,5,1,6,0,5,6,2,2,37,34
"9475",11,7,33,29,10,7,32,29,7,1,0,0,5,3,1,1,3,2,2,38,37
"9476",12,7,33,29,10,7,33,29,10,5,1,0,NA,0,0,0,0,0,0,38,37
"9477",0,0,0,0,0,0,0,0,0,0,0,0,0,0,0,0,0,0,0,0,0
"9478",1,4,1,1,11,1,1,1,1,6,3,3,6,3,0,3,6,1,2,3,10
"9479",2,4,4,1,14,4,1,1,11,3,0,0,2,3,4,3,3,2,2,6,13
"9480",3,8,4,1,16,4,4,1,14,2,4,0,2,0,0,4,2,1,2,10,15
"9481",4,8,6,1,17,8,4,1,16,1,2,2,1,2,0,2,1,2,2,12,16
"9482",5,8,8,7,21,8,6,1,17,2,0,0,4,6,2,2,6,2,1,14,26
"9483",6,12,8,7,23,8,8,7,21,4,2,0,2,0,0,4,2,1,2,18,28
"9484",7,16,8,24,23,12,8,7,23,4,3,6,3,6,0,4,6,1,1,22,45
"9485",8,19,8,24,28,16,8,24,23,3,0,0,6,5,4,3,5,1,2,25,50
"9486",9,23,8,24,38,19,8,24,28,6,4,0,6,0,0,4,6,1,2,29,60
"9487",10,24,8,28,38,23,8,24,38,4,3,1,4,3,0,1,4,1,1,30,64
"9488",11,27,8,44,38,24,8,28,38,3,0,0,6,2,1,3,6,1,1,33,80
"9489",12,27,8,44,38,27,8,44,38,2,1,0,NA,0,0,0,0,0,0,33,80
"9490",0,0,0,0,0,0,0,0,0,0,0,0,0,0,0,0,0,0,0,0,0
"9491",1,3,7,2,1,1,1,1,1,2,6,1,2,1,0,6,1,2,1,8,1
"9492",2,5,7,3,1,3,7,2,1,2,0,0,1,2,3,2,1,1,1,10,2
"9493",3,5,10,5,1,5,7,3,1,2,3,0,2,0,0,3,2,2,1,13,4
"9494",4,9,16,5,2,5,10,5,1,1,1,6,1,1,0,6,1,2,2,23,5
"9495",5,9,17,8,2,9,16,5,2,1,0,0,3,6,3,1,3,2,1,24,8
"9496",6,27,17,1,4,9,17,8,2,6,3,0,3,0,0,6,3,1,2,42,3
"9497",7,31,17,1,8,27,17,1,4,2,4,4,2,4,0,4,4,1,2,46,7
"9498",8,33,17,1,11,31,17,1,8,2,0,0,3,1,2,2,3,1,2,48,10
"9499",9,34,17,3,11,33,17,1,11,1,2,0,2,0,0,1,2,1,1,49,12
"9500",10,35,17,4,11,34,17,3,11,1,1,1,1,1,0,1,1,1,1,50,13
"9501",11,36,17,9,11,35,17,4,11,1,0,0,5,2,5,1,5,1,1,51,18
"9502",12,36,17,9,11,36,17,9,11,2,5,0,NA,0,0,0,0,0,0,51,18
"9503",0,0,0,0,0,0,0,0,0,0,0,0,0,0,0,0,0,0,0,0,0
"9504",1,17,1,12,1,1,1,1,1,6,3,6,3,6,0,6,6,1,1,16,11
"9505",2,17,4,19,1,17,1,12,1,3,0,0,3,6,5,3,6,2,1,19,18
"9506",3,17,9,22,1,17,4,19,1,3,5,0,3,0,0,5,3,2,1,24,21
"9507",4,17,14,33,1,17,9,22,1,6,5,1,6,1,0,5,6,2,1,29,32
"9508",5,17,18,1,6,17,14,33,1,1,0,0,2,5,5,1,5,2,2,33,5
"9509",6,19,18,1,11,17,18,1,6,2,5,0,5,0,0,2,5,1,2,35,10
"9510",7,19,20,1,15,19,18,1,11,4,2,2,4,2,0,2,4,2,2,37,14
"9511",8,21,1,4,21,19,20,1,15,2,0,0,4,6,6,2,6,1,2,20,23
"9512",9,29,3,8,1,21,1,4,21,4,6,0,4,0,0,6,4,1,1,30,7
"9513",10,33,3,11,1,29,3,8,1,3,3,4,3,3,0,4,3,1,1,34,10
"9514",11,36,3,13,1,33,3,11,1,3,0,0,3,6,2,3,2,1,1,37,12
"9515",12,36,3,13,1,36,3,13,1,3,6,0,NA,0,0,0,0,0,0,37,12
"9516",0,0,0,0,0,0,0,0,0,0,0,0,0,0,0,0,0,0,0,0,0
"9517",1,6,1,10,1,1,1,1,1,6,3,5,6,3,0,5,6,1,1,5,9
"9518",2,9,1,10,6,6,1,10,1,3,0,0,1,5,3,3,5,1,2,8,14
"9519",3,9,4,11,6,9,1,10,6,1,3,0,1,0,0,3,1,2,1,11,15
"9520",4,13,4,11,9,9,4,11,6,4,1,3,1,3,0,4,3,1,2,15,18
"9521",5,14,4,19,15,13,4,11,9,1,0,0,1,6,3,1,6,1,1,16,32
"9522",6,17,4,19,16,14,4,19,15,1,3,0,1,0,0,3,1,1,2,19,33
"9523",7,20,4,27,16,17,4,19,16,3,1,6,1,6,0,3,6,1,1,22,41
"9524",8,20,5,27,17,20,4,27,16,1,0,0,1,1,1,1,1,2,2,23,42
"9525",9,20,6,28,17,20,5,27,17,1,1,0,1,0,0,1,1,2,1,24,43
"9526",10,20,7,30,17,20,6,28,17,2,1,1,2,1,0,1,2,2,1,25,45
"9527",11,20,8,36,18,20,7,30,17,1,0,0,6,4,2,1,6,2,1,26,52
"9528",12,20,8,36,18,20,8,36,18,4,2,0,NA,0,0,0,0,0,0,26,52
"9529",0,0,0,0,0,0,0,0,0,0,0,0,0,0,0,0,0,0,0,0,0
"9530",1,7,6,8,1,1,1,1,1,3,6,6,3,6,0,6,6,1,1,11,7
"9531",2,7,9,9,1,7,6,8,1,3,0,0,4,4,1,3,1,2,1,14,8
"9532",3,11,9,13,1,7,9,9,1,4,4,0,4,0,0,4,4,1,1,18,12
"9533",4,14,15,17,1,11,9,13,1,4,3,6,4,3,0,6,4,2,1,27,16
"9534",5,17,15,20,1,14,15,17,1,3,0,0,2,3,3,3,3,1,1,30,19
"9535",6,17,18,22,1,17,15,20,1,2,3,0,2,0,0,3,2,2,1,33,21
"9536",7,17,21,26,1,17,18,22,1,3,4,4,4,4,0,3,4,2,1,36,25
"9537",8,21,21,27,1,17,21,26,1,4,0,0,4,6,1,4,1,1,1,40,26
"9538",9,21,32,31,1,21,21,27,1,4,6,0,4,0,0,6,4,2,1,51,30
"9539",10,33,37,33,1,21,32,31,1,6,1,2,1,2,0,6,2,1,1,68,32
"9540",11,34,37,34,1,33,37,33,1,1,0,0,5,1,4,1,1,1,1,69,33
"9541",12,34,37,34,1,34,37,34,1,5,4,0,NA,0,0,0,0,0,0,69,33
"9542",0,0,0,0,0,0,0,0,0,0,0,0,0,0,0,0,0,0,0,0,0
"9543",1,1,4,4,1,1,1,1,1,2,3,3,2,3,0,3,3,2,1,3,3
"9544",2,3,4,10,11,1,4,4,1,2,0,0,3,6,5,2,6,1,2,5,19
"9545",3,3,7,15,11,3,4,10,11,3,5,0,5,0,0,3,5,2,1,8,24
"9546",4,3,10,15,20,3,7,15,11,5,3,6,5,6,0,3,6,2,2,11,33
"9547",5,3,15,17,20,3,10,15,20,5,0,0,4,1,2,5,2,2,1,16,35
"9548",6,4,15,21,20,3,15,17,20,4,1,0,4,0,0,1,4,1,1,17,39
"9549",7,4,23,26,20,4,15,21,20,5,1,6,5,1,0,6,5,2,1,25,44
"9550",8,4,24,30,20,4,23,26,20,1,0,0,4,4,2,1,4,2,1,26,48
"9551",9,8,24,30,22,4,24,30,20,4,2,0,2,0,0,4,2,1,2,30,50
"9552",10,12,26,2,22,8,24,30,22,1,1,4,1,1,0,4,1,1,1,36,22
"9553",11,12,27,12,28,12,26,2,22,1,0,0,6,2,1,1,6,2,1,37,38
"9554",12,12,27,12,28,12,27,12,28,2,1,0,NA,0,0,0,0,0,0,37,38
"9555",0,0,0,0,0,0,0,0,0,0,0,0,0,0,0,0,0,0,0,0,0
"9556",1,6,1,2,1,1,1,1,1,5,1,3,1,3,0,5,1,1,1,5,1
"9557",2,9,1,2,5,6,1,2,1,3,0,0,6,4,6,3,4,1,2,8,5
"9558",3,9,8,6,11,9,1,2,5,6,6,0,6,0,0,6,6,2,2,15,15
"9559",4,9,10,6,13,9,8,6,11,2,1,2,1,2,0,2,2,2,2,17,17
"9560",5,9,11,6,17,9,10,6,13,1,0,0,2,4,3,1,4,2,2,18,21
"9561",6,11,11,6,20,9,11,6,17,2,3,0,3,0,0,2,3,1,2,20,24
"9562",7,15,11,12,21,11,11,6,20,4,6,1,6,1,0,4,6,1,1,24,31
"9563",8,15,12,23,21,15,11,12,21,1,0,0,6,6,1,1,6,2,1,25,42
"9564",9,19,18,23,22,15,12,23,21,6,1,0,1,0,0,6,1,2,2,35,43
"9565",10,19,21,23,26,19,18,23,22,3,4,3,4,3,0,3,4,2,2,38,47
"9566",11,22,21,30,26,19,21,23,26,3,0,0,6,5,1,3,6,1,1,41,54
"9567",12,22,21,30,26,22,21,30,26,5,1,0,NA,0,0,0,0,0,0,41,54
"9568",0,0,0,0,0,0,0,0,0,0,0,0,0,0,0,0,0,0,0,0,0
"9569",1,7,4,1,2,1,1,1,1,1,1,6,1,1,0,6,1,1,2,9,1
"9570",2,8,4,1,7,7,4,1,2,1,0,0,1,1,5,1,5,1,2,10,6
"9571",3,9,4,2,7,8,4,1,7,1,1,0,1,0,0,1,1,1,1,11,7
"9572",4,14,10,2,12,9,4,2,7,6,5,3,5,3,0,6,5,2,2,22,12
"9573",5,17,10,2,16,14,10,2,12,3,0,0,1,4,6,3,4,1,2,25,16
"9574",6,23,17,3,16,17,10,2,16,1,6,0,1,0,0,6,1,1,1,38,17
"9575",7,23,18,3,20,23,17,3,16,4,1,5,4,5,0,1,4,2,2,39,21
"9576",8,23,23,3,29,23,18,3,20,5,0,0,3,3,6,5,6,2,2,44,30
"9577",9,23,26,3,32,23,23,3,29,3,3,0,3,0,0,3,3,2,2,47,33
"9578",10,29,29,3,36,23,26,3,32,1,4,6,1,4,0,6,4,1,2,56,37
"9579",11,29,30,6,39,29,29,3,36,1,0,0,1,3,3,1,3,2,2,57,81
"9580",12,29,30,6,39,29,30,6,39,1,3,0,NA,0,0,0,0,0,0,57,81
"9581",0,0,0,0,0,0,0,0,0,0,0,0,0,0,0,0,0,0,0,0,0
"9582",1,1,6,1,9,1,1,1,1,5,1,6,1,6,0,5,6,2,2,5,8
"9583",2,1,7,4,9,1,6,1,9,1,0,0,3,4,6,1,3,2,1,6,11
"9584",3,9,13,4,13,1,7,4,9,4,6,0,4,0,0,6,4,2,2,20,15
"9585",4,15,14,4,24,9,13,4,13,3,6,6,3,6,0,6,6,1,2,27,26
"9586",5,15,17,4,27,15,14,4,24,3,0,0,1,3,2,3,3,2,2,30,29
"9587",6,17,17,4,28,15,17,4,27,1,2,0,1,0,0,2,1,1,2,32,30
"9588",7,17,20,5,28,17,17,4,28,1,3,1,1,1,0,3,1,2,1,35,31
"9589",8,18,20,6,28,17,20,5,28,1,0,0,1,6,2,1,1,1,1,36,32
"9590",9,26,20,1,30,18,20,6,28,6,2,0,2,0,0,6,2,1,2,44,29
"9591",10,29,26,2,36,26,20,1,30,1,6,6,1,6,0,6,6,2,2,53,36
"9592",11,29,1,9,37,29,26,2,36,1,0,0,4,1,6,1,6,2,1,28,44
"9593",12,29,1,9,37,29,1,9,37,4,1,0,NA,0,0,0,0,0,0,28,44
"9594",0,0,0,0,0,0,0,0,0,0,0,0,0,0,0,0,0,0,0,0,0
"9595",1,1,5,1,3,1,1,1,1,2,2,4,2,2,0,4,2,2,2,4,2
"9596",2,1,7,6,3,1,5,1,3,2,0,0,4,4,5,2,5,2,1,6,7
"9597",3,1,11,10,3,1,7,6,3,4,4,0,4,0,0,4,4,2,1,10,11
"9598",4,10,11,13,3,1,11,10,3,6,2,3,2,3,0,6,3,1,1,19,14
"9599",5,10,13,17,3,10,11,13,3,2,0,0,2,4,1,2,4,2,1,21,18
"9600",6,10,15,18,3,10,13,17,3,2,1,0,1,0,0,2,1,2,1,23,19
"9601",7,10,18,24,8,10,15,18,3,3,3,6,3,6,0,3,6,2,1,26,30
"9602",8,10,21,25,8,10,18,24,8,3,0,0,3,3,1,3,1,2,1,29,31
"9603",9,13,21,25,11,10,21,25,8,3,3,0,3,0,0,3,3,1,2,32,34
"9604",10,18,21,25,16,13,21,25,11,1,5,5,1,5,0,5,5,1,2,37,39
"9605",11,19,21,30,16,18,21,25,16,1,0,0,5,3,4,1,5,1,1,38,44
"9606",12,19,21,30,16,19,21,30,16,3,4,0,NA,0,0,0,0,0,0,38,44
"9607",0,0,0,0,0,0,0,0,0,0,0,0,0,0,0,0,0,0,0,0,0
"9608",1,1,6,1,5,1,1,1,1,5,4,2,4,2,0,5,4,2,2,5,4
"9609",2,1,8,1,10,1,6,1,5,2,0,0,1,6,5,2,5,2,2,7,9
"9610",3,7,12,1,11,1,8,1,10,1,6,0,1,0,0,6,1,1,2,17,10
"9611",4,12,12,1,15,7,12,1,11,3,4,5,3,4,0,5,4,1,2,22,14
"9612",5,12,15,1,20,12,12,1,15,3,0,0,5,2,5,3,5,2,2,25,19
"9613",6,17,15,1,22,12,15,1,20,2,5,0,2,0,0,5,2,1,2,30,21
"9614",7,18,15,1,23,17,15,1,22,1,3,1,3,1,0,1,1,1,2,31,22
"9615",8,18,18,1,28,18,15,1,23,3,0,0,1,6,5,3,5,2,2,34,27
"9616",9,31,18,1,29,18,18,1,28,1,6,0,1,0,0,6,1,1,2,47,28
"9617",10,34,18,1,33,31,18,1,29,1,3,4,1,4,0,3,4,1,2,50,32
"9618",11,35,18,1,36,34,18,1,33,1,0,0,3,4,5,1,3,1,2,51,35
"9619",12,35,18,1,36,35,18,1,36,4,5,0,NA,0,0,0,0,0,0,51,35
"9620",0,0,0,0,0,0,0,0,0,0,0,0,0,0,0,0,0,0,0,0,0
"9621",1,1,3,1,5,1,1,1,1,4,1,2,4,1,0,2,4,2,2,2,4
"9622",2,2,3,1,7,1,3,1,5,1,0,0,1,2,1,1,2,1,2,3,6
"9623",3,3,3,2,7,2,3,1,7,1,1,0,1,0,0,1,1,1,1,4,7
"9624",4,9,10,2,11,3,3,2,7,3,4,6,3,4,0,6,4,2,2,17,11
"9625",5,12,10,2,22,9,10,2,11,3,0,0,6,2,1,3,6,1,2,20,22
"9626",6,14,10,3,22,12,10,2,22,2,1,0,1,0,0,2,1,1,1,22,23
"9627",7,14,18,3,24,14,10,3,22,6,2,2,2,2,0,6,2,2,2,30,25
"9628",8,16,18,3,35,14,18,3,24,2,0,0,3,6,6,2,6,1,2,32,36
"9629",9,23,18,3,38,16,18,3,35,3,6,0,3,0,0,6,3,1,2,39,39
"9630",10,23,19,7,38,23,18,3,38,4,1,3,4,3,0,1,4,2,1,40,43
"9631",11,23,22,10,38,23,19,7,38,3,0,0,3,2,4,3,3,2,1,43,46
"9632",12,23,22,10,38,23,22,10,38,2,4,0,NA,0,0,0,0,0,0,43,46
"9633",0,0,0,0,0,0,0,0,0,0,0,0,0,0,0,0,0,0,0,0,0
"9634",1,1,4,1,3,1,1,1,1,2,1,3,2,1,0,3,2,2,2,3,2
"9635",2,2,4,1,6,1,4,1,3,1,0,0,3,3,6,1,3,1,2,4,5
"9636",3,2,15,1,9,2,4,1,6,3,6,0,3,0,0,6,3,2,2,15,8
"9637",4,2,19,1,10,2,15,1,9,1,1,4,1,1,0,4,1,2,2,19,9
"9638",5,2,20,1,15,2,19,1,10,1,0,0,5,3,5,1,5,2,2,20,14
"9639",6,2,25,4,15,2,20,1,15,3,5,0,3,0,0,5,3,2,1,25,17
"9640",7,6,25,4,17,2,25,4,15,1,2,4,1,2,0,4,2,1,2,29,19
"9641",8,6,1,11,17,6,25,4,17,1,0,0,6,4,2,1,4,2,1,5,26
"9642",9,6,3,22,17,6,1,11,17,6,2,0,6,0,0,2,6,2,1,7,37
"9643",10,17,3,22,19,6,3,22,17,6,2,3,2,3,0,6,2,1,2,18,39
"9644",11,20,3,27,19,17,3,22,19,3,0,0,5,4,5,3,5,1,1,21,44
"9645",12,20,3,27,19,20,3,27,19,4,5,0,NA,0,0,0,0,0,0,21,44
"9646",0,0,0,0,0,0,0,0,0,0,0,0,0,0,0,0,0,0,0,0,0
"9647",1,1,6,5,1,1,1,1,1,5,4,1,4,1,0,5,4,2,1,5,4
"9648",2,2,6,10,1,1,6,5,1,1,0,0,5,1,3,1,5,1,1,6,9
"9649",3,5,6,11,1,2,6,10,1,1,3,0,1,0,0,3,1,1,1,9,10
"9650",4,5,11,11,4,5,6,11,1,3,1,5,3,1,0,5,3,2,2,14,13
"9651",5,6,11,21,4,5,11,11,4,1,0,0,1,2,6,1,6,1,1,15,23
"9652",6,6,13,21,5,6,11,21,4,1,2,0,1,0,0,2,1,2,2,17,24
"9653",7,6,16,21,9,6,13,21,5,3,1,4,1,4,0,3,4,2,2,20,28
"9654",8,7,16,21,14,6,16,21,9,1,0,0,5,5,1,1,5,1,2,21,33
"9655",9,7,21,22,14,7,16,21,14,5,1,0,1,0,0,5,1,2,1,26,34
"9656",10,7,22,22,19,7,21,22,14,5,1,2,5,2,0,1,5,2,2,27,39
"9657",11,7,24,31,19,7,22,22,19,2,0,0,2,4,6,2,6,2,1,29,48
"9658",12,7,24,31,19,7,24,31,19,2,4,0,NA,0,0,0,0,0,0,29,48
"9659",0,0,0,0,0,0,0,0,0,0,0,0,0,0,0,0,0,0,0,0,0
"9660",1,6,1,5,1,1,1,1,1,4,5,1,4,1,0,5,4,1,1,5,4
"9661",2,6,2,7,1,6,1,5,1,1,0,0,2,5,3,1,2,2,1,6,6
"9662",3,6,7,10,1,6,2,7,1,5,3,0,3,0,0,5,3,2,1,11,9
"9663",4,12,12,13,1,6,7,10,1,6,2,3,2,3,0,6,3,1,1,22,12
"9664",5,12,14,18,1,12,12,13,1,2,0,0,5,5,5,2,5,2,1,24,17
"9665",6,17,14,23,1,12,14,18,1,5,5,0,5,0,0,5,5,1,1,29,22
"9666",7,17,18,26,1,17,14,23,1,2,3,4,2,3,0,4,3,2,1,33,25
"9667",8,17,1,31,2,17,18,26,1,2,0,0,1,4,6,2,1,2,2,16,31
"9668",9,1,9,36,2,17,1,31,2,4,6,0,4,0,0,6,4,2,1,8,36
"9669",10,1,14,38,2,1,9,36,2,2,4,5,2,4,0,5,2,2,1,13,38
"9670",11,5,14,38,4,1,14,38,2,4,0,0,2,3,1,4,2,1,2,17,40
"9671",12,5,14,38,4,5,14,38,4,3,1,0,NA,0,0,0,0,0,0,17,40
"9672",0,0,0,0,0,0,0,0,0,0,0,0,0,0,0,0,0,0,0,0,0
"9673",1,1,6,1,6,1,1,1,1,1,5,5,1,5,0,5,5,2,2,5,5
"9674",2,1,7,1,10,1,6,1,6,1,0,0,1,4,1,1,4,2,2,6,9
"9675",3,2,7,1,11,1,7,1,10,1,1,0,1,0,0,1,1,1,2,7,10
"9676",4,2,17,1,14,2,7,1,11,3,5,6,3,5,0,6,3,2,2,17,13
"9677",5,2,22,10,14,2,17,1,14,5,0,0,1,6,6,5,6,2,1,22,22
"9678",6,9,28,2,14,2,22,10,14,1,6,0,1,0,0,6,1,2,1,35,14
"9679",7,9,33,2,2,9,28,2,14,1,1,4,1,1,0,4,1,2,2,40,2
"9680",8,9,34,2,5,9,33,2,2,1,0,0,1,3,5,1,3,2,2,41,5
"9681",9,12,39,3,5,9,34,2,5,1,5,0,1,0,0,5,1,2,1,87,6
"9682",10,20,39,12,5,12,39,3,5,6,6,2,6,2,0,6,6,1,1,95,15
"9683",11,22,39,17,5,20,39,12,5,2,0,0,5,1,2,2,5,1,1,97,20
"9684",12,22,39,17,5,22,39,17,5,1,2,0,NA,0,0,0,0,0,0,97,20
"9685",0,0,0,0,0,0,0,0,0,0,0,0,0,0,0,0,0,0,0,0,0
"9686",1,6,1,4,7,1,1,1,1,5,6,5,6,5,0,5,6,1,2,5,9
"9687",2,6,6,12,7,6,1,4,7,5,0,0,5,6,2,5,6,2,1,10,17
"9688",3,6,11,12,9,6,6,12,7,5,2,0,2,0,0,5,2,2,2,15,19
"9689",4,6,12,15,9,6,11,12,9,3,3,1,3,3,0,1,3,2,1,16,22
"9690",5,6,15,17,15,6,12,15,9,3,0,0,6,3,6,3,6,2,2,19,30
"9691",6,6,18,23,19,6,15,17,15,3,6,0,6,0,0,3,6,2,1,22,40
"9692",7,6,23,34,19,6,18,23,19,6,3,5,6,3,0,5,6,2,1,27,51
"9693",8,6,26,38,19,6,23,34,19,3,0,0,2,3,4,3,4,2,1,30,55
"9694",9,6,28,38,22,6,26,38,19,2,3,0,3,0,0,2,3,2,2,32,58
"9695",10,6,31,38,31,6,28,38,22,3,2,6,2,6,0,3,6,2,2,35,67
"9696",11,8,31,38,35,6,31,38,31,2,0,0,4,1,4,2,4,1,2,37,71
"9697",12,8,31,38,35,8,31,38,35,1,4,0,NA,0,0,0,0,0,0,37,71
"9698",0,0,0,0,0,0,0,0,0,0,0,0,0,0,0,0,0,0,0,0,0
"9699",1,5,1,6,1,1,1,1,1,5,4,2,5,2,0,4,5,1,1,4,5
"9700",2,5,3,6,4,5,1,6,1,2,0,0,5,3,1,2,3,2,2,6,8
"9701",3,10,3,6,5,5,3,6,4,5,1,0,1,0,0,5,1,1,2,11,9
"9702",4,10,8,10,5,10,3,6,5,4,2,5,4,2,0,5,4,2,1,16,13
"9703",5,12,8,13,11,10,8,10,5,2,0,0,5,6,6,2,6,1,2,18,22
"9704",6,18,9,13,16,12,8,13,11,5,6,0,5,0,0,6,5,1,2,25,27
"9705",7,21,9,13,18,18,9,13,16,2,3,1,2,1,0,3,2,1,2,28,29
"9706",8,21,10,19,24,21,9,13,18,1,0,0,3,6,3,1,6,2,1,29,41
"9707",9,24,10,22,24,21,10,19,24,3,3,0,3,0,0,3,3,1,1,32,44
"9708",10,29,1,29,24,24,10,22,24,6,2,5,6,2,0,5,6,1,1,28,51
"9709",11,29,3,34,24,29,1,29,24,2,0,0,5,2,5,2,5,2,1,30,56
"9710",12,29,3,34,24,29,3,34,24,2,5,0,NA,0,0,0,0,0,0,30,56
"9711",0,0,0,0,0,0,0,0,0,0,0,0,0,0,0,0,0,0,0,0,0
"9712",1,1,5,1,5,1,1,1,1,4,3,4,3,4,0,4,4,2,2,4,4
"9713",2,1,8,1,9,1,5,1,5,3,0,0,4,1,3,3,4,2,2,7,8
"9714",3,1,11,1,10,1,8,1,9,1,3,0,1,0,0,3,1,2,2,10,9
"9715",4,7,15,1,11,1,11,1,10,1,1,6,1,1,0,6,1,1,2,20,10
"9716",5,8,15,1,16,7,15,1,11,1,0,0,2,3,5,1,5,1,2,21,15
"9717",6,11,15,1,18,8,15,1,16,2,3,0,2,0,0,3,2,1,2,24,17
"9718",7,11,20,1,23,11,15,1,18,5,5,5,5,5,0,5,5,2,2,29,22
"9719",8,16,20,1,28,11,20,1,23,5,0,0,5,6,2,5,5,1,2,34,27
"9720",9,18,26,3,28,16,20,1,28,6,2,0,2,0,0,6,2,2,1,42,29
"9721",10,18,34,3,32,18,26,3,28,4,6,1,4,1,0,6,4,2,2,50,33
"9722",11,18,35,3,36,18,34,3,32,1,0,0,3,4,6,1,4,2,2,51,37
"9723",12,18,35,3,36,18,35,3,36,3,6,0,NA,0,0,0,0,0,0,51,37
"9724",0,0,0,0,0,0,0,0,0,0,0,0,0,0,0,0,0,0,0,0,0
"9725",1,1,6,1,3,1,1,1,1,5,2,2,2,2,0,5,2,2,2,5,2
"9726",2,1,8,1,7,1,6,1,3,2,0,0,3,4,1,2,4,2,2,7,6
"9727",3,4,8,2,7,1,8,1,7,3,1,0,1,0,0,3,1,1,1,10,7
"9728",4,12,8,14,9,4,8,2,7,3,6,6,3,6,0,6,6,1,1,18,21
"9729",5,12,11,18,9,12,8,14,9,3,0,0,2,3,4,3,4,2,1,21,25
"9730",6,12,13,21,9,12,11,18,9,2,3,0,3,0,0,2,3,2,1,23,28
"9731",7,17,13,29,15,12,13,21,9,5,1,6,1,6,0,5,6,1,2,28,42
"9732",8,17,14,29,18,17,13,29,15,1,0,0,4,4,3,1,3,2,2,29,45
"9733",9,21,14,29,22,17,14,29,18,4,4,0,4,0,0,4,4,1,2,33,49
"9734",10,23,14,29,24,21,14,29,22,2,2,4,2,4,0,2,2,1,2,35,51
"9735",11,27,14,31,30,23,14,29,24,4,0,0,6,2,3,4,6,1,2,39,59
"9736",12,27,14,31,30,27,14,31,30,2,3,0,NA,0,0,0,0,0,0,39,59
"9737",0,0,0,0,0,0,0,0,0,0,0,0,0,0,0,0,0,0,0,0,0
"9738",1,4,1,1,2,1,1,1,1,3,1,1,1,1,0,3,1,1,2,3,1
"9739",2,5,1,2,2,4,1,1,2,1,0,0,3,2,1,1,1,1,1,4,2
"9740",3,8,1,4,2,5,1,2,2,3,2,0,2,0,0,3,2,1,1,7,4
"9741",4,14,6,4,6,8,1,4,2,3,4,6,3,4,0,6,4,1,2,18,8
"9742",5,14,9,7,6,14,6,4,6,3,0,0,2,3,3,3,3,2,1,21,11
"9743",6,14,12,7,8,14,9,7,6,2,3,0,2,0,0,3,2,2,2,24,13
"9744",7,14,17,17,8,14,12,7,8,6,5,5,6,5,0,5,6,2,1,29,23
"9745",8,14,22,20,8,14,17,17,8,5,0,0,2,5,3,5,3,2,1,34,26
"9746",9,19,22,22,8,14,22,20,8,2,5,0,2,0,0,5,2,1,1,39,28
"9747",10,25,25,33,8,19,22,22,8,6,6,4,6,4,0,6,6,1,1,48,39
"9748",11,29,25,34,8,25,25,33,8,4,0,0,5,5,1,4,1,1,1,52,40
"9749",12,29,25,34,8,29,25,34,8,5,5,0,NA,0,0,0,0,0,0,52,40
"9750",0,0,0,0,0,0,0,0,0,0,0,0,0,0,0,0,0,0,0,0,0
"9751",1,2,1,3,1,1,1,1,1,1,2,1,2,1,0,1,2,1,1,1,2
"9752",2,3,1,9,12,2,1,3,1,1,0,0,1,1,6,1,6,1,2,2,19
"9753",3,4,1,9,13,3,1,9,12,1,1,0,1,0,0,1,1,1,2,3,20
"9754",4,5,1,18,13,4,1,9,13,1,6,1,6,1,0,1,6,1,1,4,29
"9755",5,6,1,18,17,5,1,18,13,1,0,0,1,4,1,1,4,1,2,5,33
"9756",6,7,1,18,18,6,1,18,17,1,1,0,1,0,0,1,1,1,2,6,34
"9757",7,1,1,18,26,7,1,18,18,4,1,2,4,2,0,1,2,2,2,0,42
"9758",8,5,1,18,36,1,1,18,26,4,0,0,6,1,4,4,6,1,2,4,52
"9759",9,6,1,22,36,5,1,18,36,1,4,0,4,0,0,1,4,1,1,5,56
"9760",10,11,1,37,36,6,1,22,36,5,6,5,6,5,0,5,6,1,1,10,71
"9761",11,16,1,48,39,11,1,37,36,5,0,0,3,6,6,5,3,1,2,15,123
"9762",12,16,1,48,39,16,1,48,39,6,6,0,NA,0,0,0,0,0,0,15,123
"9763",0,0,0,0,0,0,0,0,0,0,0,0,0,0,0,0,0,0,0,0,0
"9764",1,7,2,1,5,1,1,1,1,3,6,4,3,4,0,6,4,1,2,7,4
"9765",2,7,5,6,5,7,2,1,5,3,0,0,4,5,3,3,5,2,1,10,9
"9766",3,11,5,6,8,7,5,6,5,4,3,0,3,0,0,4,3,1,2,14,12
"9767",4,11,9,6,13,11,5,6,8,5,2,4,5,2,0,4,5,2,2,18,17
"9768",5,11,11,6,18,11,9,6,13,2,0,0,6,4,5,2,5,2,2,20,22
"9769",6,23,14,6,22,11,11,6,18,6,4,0,4,0,0,6,4,1,2,35,26
"9770",7,23,19,6,27,23,14,6,22,1,5,5,1,5,0,5,5,2,2,40,31
"9771",8,23,20,6,31,23,19,6,27,1,0,0,1,4,4,1,4,2,2,41,35
"9772",9,26,24,1,32,23,20,6,31,1,4,0,1,0,0,4,1,2,2,48,31
"9773",10,26,33,6,32,26,24,1,32,1,5,6,1,5,0,6,5,2,1,57,36
"9774",11,27,33,6,36,26,33,6,32,1,0,0,1,4,4,1,4,1,2,58,40
"9775",12,27,33,6,36,27,33,6,36,1,4,0,NA,0,0,0,0,0,0,58,40
"9776",0,0,0,0,0,0,0,0,0,0,0,0,0,0,0,0,0,0,0,0,0
"9777",1,12,1,1,5,1,1,1,1,1,6,4,1,4,0,6,4,1,2,11,4
"9778",2,12,2,1,8,12,1,1,5,1,0,0,1,1,3,1,3,2,2,12,7
"9779",3,12,3,2,8,12,2,1,8,1,1,0,1,0,0,1,1,2,1,13,8
"9780",4,12,7,2,12,12,3,2,8,2,4,4,2,4,0,4,4,2,2,17,12
"9781",5,12,9,2,14,12,7,2,12,2,0,0,2,4,2,2,2,2,2,19,14
"9782",6,14,9,2,18,12,9,2,14,4,2,0,4,0,0,2,4,1,2,21,18
"9783",7,14,17,2,20,14,9,2,18,6,1,2,1,2,0,6,2,2,2,29,20
"9784",8,15,17,2,23,14,17,2,20,1,0,0,3,5,3,1,3,1,2,30,23
"9785",9,21,17,1,26,15,17,2,23,5,3,0,3,0,0,5,3,1,2,36,25
"9786",10,21,21,1,28,21,17,1,26,2,4,2,2,2,0,4,2,2,2,40,27
"9787",11,21,23,7,31,21,21,1,28,2,0,0,6,6,3,2,6,2,1,42,36
"9788",12,21,23,7,31,21,23,7,31,6,3,0,NA,0,0,0,0,0,0,42,36
"9789",0,0,0,0,0,0,0,0,0,0,0,0,0,0,0,0,0,0,0,0,0
"9790",1,1,6,4,1,1,1,1,1,5,1,3,1,3,0,5,3,2,1,5,3
"9791",2,1,7,4,6,1,6,4,1,1,0,0,5,2,1,1,5,2,2,6,8
"9792",3,3,7,5,6,1,7,4,6,2,1,0,1,0,0,2,1,1,1,8,9
"9793",4,8,7,7,6,3,7,5,6,5,2,2,2,2,0,5,2,1,1,13,11
"9794",5,10,7,14,6,8,7,7,6,2,0,0,1,6,2,2,6,1,1,15,18
"9795",6,10,9,14,7,10,7,14,6,1,2,0,1,0,0,2,1,2,2,17,19
"9796",7,15,9,14,12,10,9,14,7,3,5,5,3,5,0,5,5,1,2,22,24
"9797",8,18,9,20,16,15,9,14,12,3,0,0,6,2,4,3,6,1,1,25,34
"9798",9,22,9,20,18,18,9,20,16,2,4,0,2,0,0,4,2,1,2,29,36
"9799",10,27,9,30,18,22,9,20,18,5,6,2,6,2,0,5,6,1,1,34,46
"9800",11,27,11,35,18,27,9,30,18,2,0,0,5,1,3,2,5,2,1,36,51
"9801",12,27,11,35,18,27,11,35,18,1,3,0,NA,0,0,0,0,0,0,36,51
"9802",0,0,0,0,0,0,0,0,0,0,0,0,0,0,0,0,0,0,0,0,0
"9803",1,4,1,6,7,1,1,1,1,4,3,6,4,6,0,3,6,1,2,3,11
"9804",2,4,5,12,16,4,1,6,7,4,0,0,2,6,5,4,6,2,2,7,26
"9805",3,4,7,12,21,4,5,12,16,2,5,0,5,0,0,2,5,2,2,9,31
"9806",4,4,10,13,21,4,7,12,21,1,3,2,1,2,0,3,1,2,1,12,32
"9807",5,4,12,19,23,4,10,13,21,2,0,0,6,6,1,2,6,2,1,14,40
"9808",6,8,18,36,1,4,12,19,23,6,1,0,6,0,0,1,6,1,1,24,35
"9809",7,10,18,36,3,8,18,36,1,2,1,2,1,2,0,2,2,1,2,26,37
"9810",8,10,19,36,8,10,18,36,3,1,0,0,4,3,5,1,5,2,2,27,42
"9811",9,13,19,36,12,10,19,36,8,4,3,0,4,0,0,3,4,1,2,30,46
"9812",10,16,19,36,16,13,19,36,12,3,4,4,4,4,0,3,4,1,2,33,50
"9813",11,20,19,37,16,16,19,36,16,4,0,0,1,6,4,4,1,1,1,37,51
"9814",12,20,19,37,16,20,19,37,16,6,4,0,NA,0,0,0,0,0,0,37,51
"9815",0,0,0,0,0,0,0,0,0,0,0,0,0,0,0,0,0,0,0,0,0
"9816",1,1,10,1,10,1,1,1,1,6,6,3,6,3,0,6,6,2,2,9,9
"9817",2,4,10,1,14,1,10,1,10,3,0,0,4,3,5,3,4,1,2,12,13
"9818",3,4,15,1,17,4,10,1,14,3,5,0,3,0,0,5,3,2,2,17,16
"9819",4,11,15,1,20,4,15,1,17,6,3,3,3,3,0,6,3,1,2,24,19
"9820",5,11,18,1,24,11,15,1,20,3,0,0,3,1,4,3,4,2,2,27,23
"9821",6,14,18,2,24,11,18,1,24,3,1,0,1,0,0,3,1,1,1,30,24
"9822",7,19,18,2,26,14,18,2,24,2,5,1,2,1,0,5,2,1,2,35,26
"9823",8,19,19,2,30,19,18,2,26,1,0,0,3,2,4,1,4,2,2,36,30
"9824",9,19,21,2,33,19,19,2,30,3,2,0,3,0,0,2,3,2,2,38,33
"9825",10,22,21,2,37,19,21,2,33,4,4,3,4,4,0,3,4,1,2,41,37
"9826",11,22,1,10,37,22,21,2,37,4,0,0,1,5,6,4,5,2,1,21,45
"9827",12,22,1,10,37,22,1,10,37,1,6,0,NA,0,0,0,0,0,0,21,45
"9828",0,0,0,0,0,0,0,0,0,0,0,0,0,0,0,0,0,0,0,0,0
"9829",1,3,1,2,1,1,1,1,1,1,1,2,1,1,0,2,1,1,1,2,1
"9830",2,4,1,7,7,3,1,2,1,1,0,0,2,1,6,1,6,1,2,3,12
"9831",3,6,1,8,7,4,1,7,7,2,1,0,1,0,0,2,1,1,1,5,13
"9832",4,8,1,8,11,6,1,8,7,2,4,2,4,2,0,2,4,1,2,7,17
"9833",5,10,1,10,11,8,1,8,11,2,0,0,1,1,2,2,2,1,1,9,19
"9834",6,11,1,10,12,10,1,10,11,1,1,0,1,0,0,1,1,1,2,10,20
"9835",7,11,2,10,15,11,1,10,12,3,1,1,3,1,0,1,3,2,2,11,23
"9836",8,12,2,15,15,11,2,10,15,1,0,0,4,1,5,1,5,1,1,12,28
"9837",9,13,2,15,19,12,2,15,15,4,1,0,4,0,0,1,4,1,2,13,32
"9838",10,16,1,22,19,13,2,15,19,5,5,3,5,5,0,3,5,1,1,15,39
"9839",11,21,1,25,19,16,1,22,19,5,0,0,3,4,2,5,3,1,1,20,42
"9840",12,21,1,25,19,21,1,25,19,4,2,0,NA,0,0,0,0,0,0,20,42
"9841",0,0,0,0,0,0,0,0,0,0,0,0,0,0,0,0,0,0,0,0,0
"9842",1,1,5,1,6,1,1,1,1,2,4,5,2,5,0,4,5,2,2,4,5
"9843",2,3,5,11,6,1,5,1,6,2,0,0,4,6,5,2,6,1,1,6,15
"9844",3,3,10,15,6,3,5,11,6,4,5,0,4,0,0,5,4,2,1,11,19
"9845",4,3,15,15,11,3,10,15,6,5,5,3,5,3,0,5,5,2,2,16,24
"9846",5,3,18,15,20,3,15,15,11,3,0,0,4,2,6,3,6,2,2,19,33
"9847",6,3,22,17,20,3,18,15,20,4,2,0,2,0,0,4,2,2,1,23,35
"9848",7,1,39,17,30,3,22,17,20,1,6,5,1,5,0,6,5,2,2,76,45
"9849",8,2,39,17,35,1,39,17,30,1,0,0,2,5,5,1,5,1,2,77,50
"9850",9,7,39,17,37,2,39,17,35,2,5,0,2,0,0,5,2,1,2,82,52
"9851",10,12,39,26,37,7,39,17,37,5,4,6,4,6,0,5,6,1,1,87,61
"9852",11,16,39,28,39,12,39,26,37,4,0,0,6,2,6,4,2,1,2,91,103
"9853",12,16,39,28,39,16,39,28,39,6,6,0,NA,0,0,0,0,0,0,91,103
"9854",0,0,0,0,0,0,0,0,0,0,0,0,0,0,0,0,0,0,0,0,0
"9855",1,1,4,2,1,1,1,1,1,3,1,1,1,1,0,3,1,2,1,3,1
"9856",2,2,4,6,1,1,4,2,1,1,0,0,4,3,4,1,4,1,1,4,5
"9857",3,2,8,9,1,2,4,6,1,3,4,0,3,0,0,4,3,2,1,8,8
"9858",4,11,8,11,1,2,8,9,1,2,2,6,2,2,0,6,2,1,1,17,10
"9859",5,13,8,11,3,11,8,11,1,2,0,0,1,2,4,2,2,1,2,19,12
"9860",6,14,8,11,7,13,8,11,3,1,4,0,4,0,0,1,4,1,2,20,16
"9861",7,14,13,16,7,14,8,11,7,2,5,5,2,5,0,5,5,2,1,25,21
"9862",8,16,13,21,7,14,13,16,7,2,0,0,4,5,4,2,5,1,1,27,26
"9863",9,20,13,21,11,16,13,21,7,4,4,0,4,0,0,4,4,1,2,31,30
"9864",10,25,13,25,11,20,13,21,11,5,3,4,3,4,0,5,4,1,1,36,34
"9865",11,25,16,31,15,25,13,25,11,3,0,0,6,6,6,3,6,2,1,39,44
"9866",12,25,16,31,15,25,16,31,15,6,6,0,NA,0,0,0,0,0,0,39,44
"9867",0,0,0,0,0,0,0,0,0,0,0,0,0,0,0,0,0,0,0,0,0
"9868",1,6,1,4,1,1,1,1,1,3,5,3,3,3,0,5,3,1,1,5,3
"9869",2,9,1,4,6,6,1,4,1,3,0,0,5,1,5,3,5,1,2,8,8
"9870",3,14,1,5,6,9,1,4,6,1,5,0,1,0,0,5,1,1,1,13,9
"9871",4,18,1,6,6,14,1,5,6,4,1,1,1,1,0,4,1,1,1,17,10
"9872",5,18,2,11,18,18,1,6,6,1,0,0,2,2,6,1,6,2,2,18,27
"9873",6,20,2,13,18,18,2,11,18,2,2,0,2,0,0,2,2,1,1,20,29
"9874",7,29,8,25,21,20,2,13,18,2,6,6,2,6,0,6,6,1,1,35,44
"9875",8,29,10,26,21,29,8,25,21,2,0,0,2,4,1,2,1,2,1,37,45
"9876",9,31,10,26,25,29,10,26,21,2,4,0,4,0,0,2,4,1,2,39,49
"9877",10,37,11,27,37,31,10,26,25,4,6,6,4,6,0,6,6,1,2,46,62
"9878",11,37,1,35,37,37,11,27,37,4,0,0,5,6,4,4,6,2,1,36,70
"9879",12,37,1,35,37,37,1,35,37,5,4,0,NA,0,0,0,0,0,0,36,70
"9880",0,0,0,0,0,0,0,0,0,0,0,0,0,0,0,0,0,0,0,0,0
"9881",1,1,6,1,5,1,1,1,1,4,2,5,4,2,0,5,4,2,2,5,4
"9882",2,3,6,1,10,1,6,1,5,2,0,0,2,5,2,2,5,1,2,7,9
"9883",3,3,8,3,10,3,6,1,10,2,2,0,2,0,0,2,2,2,1,9,11
"9884",4,9,9,3,13,3,8,3,10,3,6,1,3,1,0,6,3,1,2,16,14
"9885",5,9,10,3,25,9,9,3,13,1,0,0,4,6,4,1,6,2,2,17,26
"9886",6,13,10,7,25,9,10,3,25,4,4,0,4,0,0,4,4,1,1,21,30
"9887",7,13,14,12,25,13,10,7,25,4,4,5,4,5,0,4,5,2,1,25,35
"9888",8,13,18,22,25,13,14,12,25,4,0,0,6,3,2,4,6,2,1,29,45
"9889",9,13,21,22,27,13,18,22,25,3,2,0,2,0,0,3,2,2,2,32,47
"9890",10,13,24,27,27,13,21,22,27,5,3,5,5,5,0,3,5,2,1,35,52
"9891",11,18,24,29,27,13,24,27,27,5,0,0,2,5,2,5,2,1,1,40,54
"9892",12,18,24,29,27,18,24,29,27,5,2,0,NA,0,0,0,0,0,0,40,54
"9893",0,0,0,0,0,0,0,0,0,0,0,0,0,0,0,0,0,0,0,0,0
"9894",1,6,1,1,5,1,1,1,1,4,5,5,4,5,0,5,4,1,2,5,4
"9895",2,6,6,3,5,6,1,1,5,5,0,0,6,4,2,5,2,2,1,10,6
"9896",3,14,12,3,9,6,6,3,5,6,4,0,4,0,0,6,4,2,2,24,10
"9897",4,20,16,3,13,14,12,3,9,6,2,4,2,4,0,6,4,1,2,34,14
"9898",5,20,18,3,17,20,16,3,13,2,0,0,4,4,5,2,4,2,2,36,18
"9899",6,20,22,3,22,20,18,3,17,4,5,0,5,0,0,4,5,2,2,40,23
"9900",7,20,34,5,28,20,22,3,22,6,6,4,6,4,0,6,6,2,2,52,31
"9901",8,20,38,7,34,20,34,5,28,4,0,0,6,3,4,4,6,2,2,56,39
"9902",9,23,38,7,38,20,38,7,34,3,4,0,4,0,0,3,4,1,2,59,43
"9903",10,24,39,10,38,23,38,7,38,1,3,2,3,2,0,1,3,2,1,99,46
"9904",11,26,39,14,38,24,39,10,38,2,0,0,4,5,1,2,4,1,1,101,50
"9905",12,26,39,14,38,26,39,14,38,5,1,0,NA,0,0,0,0,0,0,101,50
"9906",0,0,0,0,0,0,0,0,0,0,0,0,0,0,0,0,0,0,0,0,0
"9907",1,2,1,1,3,1,1,1,1,1,2,1,2,1,0,1,2,1,2,1,2
"9908",2,2,2,1,8,2,1,1,3,1,0,0,4,5,4,1,5,2,2,2,7
"9909",3,6,2,5,8,2,2,1,8,4,4,0,4,0,0,4,4,1,1,6,11
"9910",4,6,5,11,13,6,2,5,8,3,6,3,6,3,0,3,6,2,1,9,22
"9911",5,9,5,15,13,6,5,11,13,3,0,0,5,4,3,3,4,1,1,12,26
"9912",6,12,5,15,18,9,5,15,13,5,3,0,5,0,0,3,5,1,2,15,31
"9913",7,14,5,20,18,12,5,15,18,5,2,3,5,3,0,2,5,1,1,17,36
"9914",8,17,5,20,22,14,5,20,18,3,0,0,4,4,1,3,4,1,2,20,40
"9915",9,18,5,24,22,17,5,20,22,4,1,0,4,0,0,1,4,1,1,21,44
"9916",10,31,6,5,22,18,5,24,22,6,4,2,4,2,0,6,4,1,1,35,25
"9917",11,33,6,9,22,31,6,5,22,2,0,0,1,6,4,2,4,1,1,37,29
"9918",12,33,6,9,22,33,6,9,22,1,6,0,NA,0,0,0,0,0,0,37,29
"9919",0,0,0,0,0,0,0,0,0,0,0,0,0,0,0,0,0,0,0,0,0
"9920",1,1,4,1,4,1,1,1,1,1,3,3,1,3,0,3,3,2,2,3,3
"9921",2,1,5,1,9,1,4,1,4,1,0,0,3,5,3,1,5,2,2,4,8
"9922",3,1,8,4,9,1,5,1,9,3,3,0,3,0,0,3,3,2,1,7,11
"9923",4,11,14,7,9,1,8,4,9,6,1,3,1,3,0,6,3,2,1,23,14
"9924",5,11,15,7,10,11,14,7,9,1,0,0,1,3,2,1,1,2,2,24,15
"9925",6,14,15,9,10,11,15,7,10,3,2,0,2,0,0,3,2,1,1,27,17
"9926",7,14,20,12,10,14,15,9,10,3,5,1,3,1,0,5,3,2,1,32,20
"9927",8,14,21,12,12,14,20,12,10,1,0,0,6,2,2,1,2,2,2,33,22
"9928",9,16,27,14,12,14,21,12,12,6,2,0,2,0,0,6,2,2,1,41,24
"9929",10,27,27,17,12,16,27,14,12,3,4,6,3,4,0,6,3,1,1,52,27
"9930",11,27,31,20,12,27,27,17,12,4,0,0,3,6,3,4,3,2,1,56,30
"9931",12,27,31,20,12,27,31,20,12,6,3,0,NA,0,0,0,0,0,0,56,30
"9932",0,0,0,0,0,0,0,0,0,0,0,0,0,0,0,0,0,0,0,0,0
"9933",1,3,1,4,1,1,1,1,1,2,3,2,3,2,0,2,3,1,1,2,3
"9934",2,5,1,4,3,3,1,4,1,2,0,0,1,5,2,2,2,1,2,4,5
"9935",3,10,1,4,4,5,1,4,3,1,5,0,1,0,0,5,1,1,2,9,6
"9936",4,14,7,4,6,10,1,4,4,4,2,6,4,2,0,6,2,2,2,19,8
"9937",5,18,7,4,10,14,7,4,6,4,0,0,2,1,4,4,4,1,2,23,12
"9938",6,20,7,4,11,18,7,4,10,2,1,0,1,0,0,2,1,1,2,25,13
"9939",7,23,7,4,14,20,7,4,11,3,3,2,3,2,0,3,3,1,2,28,16
"9940",8,25,7,6,14,23,7,4,14,2,0,0,1,2,2,2,2,1,1,30,18
"9941",9,27,7,6,15,25,7,6,14,1,2,0,1,0,0,2,1,1,2,32,19
"9942",10,30,13,11,15,27,7,6,15,1,6,5,1,5,0,6,5,2,1,41,24
"9943",11,31,13,15,15,30,13,11,15,1,0,0,4,4,5,1,4,1,1,42,28
"9944",12,31,13,15,15,31,13,15,15,4,5,0,NA,0,0,0,0,0,0,42,28
"9945",0,0,0,0,0,0,0,0,0,0,0,0,0,0,0,0,0,0,0,0,0
"9946",1,6,7,11,1,1,1,1,1,6,6,4,6,4,0,6,6,2,1,11,10
"9947",2,6,11,15,1,6,7,11,1,4,0,0,1,2,4,4,4,2,1,15,14
"9948",3,7,11,15,3,6,11,15,1,1,2,0,2,0,0,1,2,1,2,16,16
"9949",4,7,13,17,3,7,11,15,3,2,2,2,2,2,0,2,2,2,1,18,18
"9950",5,7,15,23,8,7,13,17,3,2,0,0,3,5,6,2,6,2,1,20,29
"9951",6,7,20,23,11,7,15,23,8,3,5,0,3,0,0,5,3,2,2,25,32
"9952",7,7,24,23,14,7,20,23,11,4,3,1,3,1,0,4,3,2,2,29,35
"9953",8,8,24,24,20,7,24,23,14,1,0,0,6,3,2,1,6,1,2,30,42
"9954",9,8,26,24,23,8,24,24,20,3,2,0,3,0,0,2,3,2,2,32,45
"9955",10,9,26,25,23,8,26,24,23,1,1,2,1,2,0,1,1,1,1,33,46
"9956",11,9,28,26,23,9,26,25,23,2,0,0,1,4,3,2,1,2,1,35,47
"9957",12,9,28,26,23,9,28,26,23,4,3,0,NA,0,0,0,0,0,0,35,47
"9958",0,0,0,0,0,0,0,0,0,0,0,0,0,0,0,0,0,0,0,0,0
"9959",1,5,1,1,6,1,1,1,1,1,5,4,1,5,0,4,5,1,2,4,5
"9960",2,5,2,4,6,5,1,1,6,1,0,0,3,1,2,1,3,2,1,5,8
"9961",3,7,2,4,7,5,2,4,6,1,2,0,1,0,0,2,1,1,2,7,9
"9962",4,7,7,4,12,7,2,4,7,5,5,1,5,1,0,5,5,2,2,12,14
"9963",5,8,7,4,17,7,7,4,12,1,0,0,2,4,5,1,5,1,2,13,19
"9964",6,8,11,6,17,8,7,4,17,2,4,0,2,0,0,4,2,2,1,17,21
"9965",7,8,16,6,19,8,11,6,17,5,2,1,2,1,0,5,2,2,2,22,23
"9966",8,8,17,11,19,8,16,6,19,1,0,0,3,5,3,1,5,2,1,23,28
"9967",9,11,17,14,19,8,17,11,19,3,3,0,3,0,0,3,3,1,1,26,31
"9968",10,11,22,16,19,11,17,14,19,1,5,2,1,2,0,5,2,2,1,31,33
"9969",11,12,22,18,19,11,22,16,19,1,0,0,2,1,1,1,2,1,1,32,35
"9970",12,12,22,18,19,12,22,18,19,1,1,0,NA,0,0,0,0,0,0,32,35
"9971",0,0,0,0,0,0,0,0,0,0,0,0,0,0,0,0,0,0,0,0,0
"9972",1,5,1,6,1,1,1,1,1,1,4,5,1,5,0,4,5,1,1,4,5
"9973",2,6,1,6,14,5,1,6,1,1,0,0,6,2,4,1,6,1,2,5,18
"9974",3,6,5,6,16,6,1,6,14,2,4,0,2,0,0,4,2,2,2,9,20
"9975",4,9,5,6,24,6,5,6,16,3,3,6,3,6,0,3,6,1,2,12,28
"9976",5,1,5,6,34,9,5,6,24,3,0,0,5,3,6,3,6,1,2,4,38
"9977",6,1,10,6,37,1,5,6,34,5,3,0,3,0,0,5,3,2,2,9,41
"9978",7,1,15,11,37,1,10,6,37,5,1,5,1,5,0,5,5,2,1,14,46
"9979",8,2,15,12,37,1,15,11,37,1,0,0,1,3,4,1,1,1,1,15,47
"9980",9,5,15,16,37,2,15,12,37,3,4,0,4,0,0,3,4,1,1,18,51
"9981",10,6,15,19,37,5,15,16,37,1,3,5,3,5,0,1,3,1,1,19,54
"9982",11,11,15,21,37,6,15,19,37,5,0,0,2,1,3,5,2,1,1,24,56
"9983",12,11,15,21,37,11,15,21,37,1,3,0,NA,0,0,0,0,0,0,24,56
"9984",0,0,0,0,0,0,0,0,0,0,0,0,0,0,0,0,0,0,0,0,0
"9985",1,1,3,10,1,1,1,1,1,2,1,6,1,6,0,2,6,2,1,2,9
"9986",2,2,3,10,4,1,3,10,1,1,0,0,5,5,3,1,3,1,2,3,12
"9987",3,7,3,15,4,2,3,10,4,5,5,0,5,0,0,5,5,1,1,8,17
"9988",4,12,3,15,9,7,3,15,4,1,5,5,1,5,0,5,5,1,2,13,22
"9989",5,13,3,15,13,12,3,15,9,1,0,0,5,1,4,1,4,1,2,14,26
"9990",6,18,3,16,13,13,3,15,13,5,1,0,1,0,0,5,1,1,1,19,27
"9991",7,30,8,20,13,18,3,16,13,4,6,2,4,2,0,6,4,1,1,36,31
"9992",8,30,10,27,13,30,8,20,13,2,0,0,4,6,5,2,6,2,1,38,38
"9993",9,30,15,31,13,30,10,27,13,4,5,0,4,0,0,5,4,2,1,43,42
"9994",10,30,20,35,13,30,15,31,13,5,4,2,4,2,0,5,4,2,1,48,46
"9995",11,30,22,35,18,30,20,35,13,2,0,0,4,5,5,2,5,2,2,50,51
"9996",12,30,22,35,18,30,22,35,18,4,5,0,NA,0,0,0,0,0,0,50,51
"9997",0,0,0,0,0,0,0,0,0,0,0,0,0,0,0,0,0,0,0,0,0
"9998",1,5,1,4,1,1,1,1,1,4,1,3,1,3,0,4,3,1,1,4,3
"9999",2,5,2,13,1,5,1,4,1,1,0,0,6,3,3,1,6,2,1,5,12
"10000",3,5,5,16,1,5,2,13,1,3,3,0,3,0,0,3,3,2,1,8,15
"10001",4,11,6,20,1,5,5,16,1,2,6,4,2,4,0,6,4,1,1,15,19
"10002",5,13,6,20,5,11,6,20,1,2,0,0,4,2,4,2,4,1,2,17,23
"10003",6,13,10,22,5,13,6,20,5,2,4,0,2,0,0,4,2,2,1,21,25
"10004",7,16,10,22,8,13,10,22,5,3,3,1,3,1,0,3,3,1,2,24,28
"10005",8,16,11,28,13,16,10,22,8,1,0,0,3,4,6,1,6,2,1,25,39
"10006",9,20,11,31,13,16,11,28,13,3,4,0,3,0,0,4,3,1,1,29,42
"10007",10,1,15,12,13,20,11,31,13,4,1,2,4,1,0,2,1,2,1,14,23
"10008",11,5,15,13,13,1,15,12,13,4,0,0,1,2,3,4,1,1,1,18,24
"10009",12,5,15,13,13,5,15,13,13,2,3,0,NA,0,0,0,0,0,0,18,24
"10010",0,0,0,0,0,0,0,0,0,0,0,0,0,0,0,0,0,0,0,0,0
"10011",1,6,7,10,1,1,1,1,1,6,2,6,2,6,0,6,6,2,1,11,9
"10012",2,8,7,15,1,6,7,10,1,2,0,0,3,1,5,2,5,1,1,13,14
"10013",3,8,10,15,2,8,7,15,1,3,1,0,1,0,0,3,1,2,2,16,15
"10014",4,9,10,20,2,8,10,15,2,1,5,1,5,1,0,1,5,1,1,17,20
"10015",5,10,10,25,8,9,10,20,2,1,0,0,4,1,6,1,6,1,2,18,31
"10016",6,10,14,25,9,10,10,25,8,4,1,0,1,0,0,4,1,2,2,22,32
"10017",7,10,19,25,14,10,14,25,9,5,2,5,2,5,0,5,5,2,2,27,37
"10018",8,12,19,25,24,10,19,25,14,2,0,0,3,6,1,2,6,1,2,29,47
"10019",9,12,22,26,24,12,19,25,24,3,1,0,1,0,0,3,1,2,1,32,48
"10020",10,1,27,30,30,12,22,26,24,4,6,5,4,6,0,5,6,2,2,26,58
"10021",11,5,27,34,30,1,27,30,30,4,0,0,4,3,1,4,4,1,1,30,62
"10022",12,5,27,34,30,5,27,34,30,3,1,0,NA,0,0,0,0,0,0,30,62
"10023",0,0,0,0,0,0,0,0,0,0,0,0,0,0,0,0,0,0,0,0,0
"10024",1,5,1,5,7,1,1,1,1,4,6,4,6,4,0,4,6,1,2,4,10
"10025",2,9,1,10,7,5,1,5,7,4,0,0,4,5,2,4,5,1,1,8,15
"10026",3,9,5,12,7,9,1,10,7,4,2,0,2,0,0,4,2,2,1,12,17
"10027",4,14,5,12,11,9,5,12,7,5,4,3,4,3,0,5,4,1,2,17,21
"10028",5,14,8,17,17,14,5,12,11,3,0,0,4,5,6,3,6,2,2,20,32
"10029",6,19,8,21,17,14,8,17,17,4,5,0,4,0,0,5,4,1,1,25,36
"10030",7,19,12,22,29,19,8,21,17,4,1,6,1,6,0,4,6,2,2,29,49
"10031",8,20,12,22,34,19,12,22,29,1,0,0,5,6,5,1,5,1,2,30,54
"10032",9,25,12,28,35,20,12,22,34,6,5,0,6,0,0,5,6,1,1,35,61
"10033",10,29,12,50,35,25,12,28,35,3,6,4,3,6,0,4,6,1,1,39,83
"10034",11,33,12,5,39,29,12,50,35,3,0,0,2,1,4,3,4,1,2,43,80
"10035",12,33,12,5,39,33,12,5,39,2,1,0,NA,0,0,0,0,0,0,43,80
"10036",0,0,0,0,0,0,0,0,0,0,0,0,0,0,0,0,0,0,0,0,0
"10037",1,1,11,1,3,1,1,1,1,6,1,2,1,2,0,6,2,2,2,10,2
"10038",2,2,11,6,3,1,11,1,3,1,0,0,6,5,3,1,5,1,1,11,7
"10039",3,7,17,9,3,2,11,6,3,6,3,0,3,0,0,6,3,2,1,22,10
"10040",4,11,17,9,5,7,17,9,3,2,4,2,2,2,0,4,2,1,2,26,12
"10041",5,11,19,14,5,11,17,9,5,2,0,0,1,2,5,2,5,2,1,28,17
"10042",6,13,19,15,5,11,19,14,5,1,2,0,1,0,0,2,1,1,1,30,18
"10043",7,13,25,15,6,13,19,15,5,2,5,4,2,5,0,4,5,2,2,36,19
"10044",8,15,25,19,6,13,25,15,6,2,0,0,4,5,4,2,4,1,1,38,23
"10045",9,19,25,24,6,15,25,19,6,5,4,0,5,0,0,4,5,1,1,42,28
"10046",10,21,25,28,6,19,25,24,6,2,4,4,4,4,0,2,4,1,1,44,32
"10047",11,25,25,32,6,21,25,28,6,4,0,0,4,6,4,4,4,1,1,48,36
"10048",12,25,25,32,6,25,25,32,6,6,4,0,NA,0,0,0,0,0,0,48,36
"10049",0,0,0,0,0,0,0,0,0,0,0,0,0,0,0,0,0,0,0,0,0
"10050",1,1,6,1,5,1,1,1,1,5,4,4,4,4,0,5,4,2,2,5,4
"10051",2,1,10,1,15,1,6,1,5,4,0,0,1,6,5,4,6,2,2,9,14
"10052",3,1,15,2,15,1,10,1,15,1,5,0,1,0,0,5,1,2,1,14,15
"10053",4,1,24,1,17,1,15,2,15,2,5,3,2,3,0,5,2,2,2,23,16
"10054",5,1,27,5,17,1,24,1,17,3,0,0,4,2,1,3,4,2,1,26,20
"10055",6,1,29,5,18,1,27,5,17,2,1,0,1,0,0,2,1,2,2,28,21
"10056",7,1,34,7,18,1,29,5,18,2,5,2,2,2,0,5,2,2,1,33,23
"10057",8,1,36,12,18,1,34,7,18,2,0,0,5,5,5,2,5,2,1,35,28
"10058",9,6,36,12,23,1,36,12,18,5,5,0,5,0,0,5,5,1,2,40,33
"10059",10,16,36,12,24,6,36,12,23,1,6,1,1,1,0,6,1,1,2,50,34
"10060",11,17,36,14,24,16,36,12,24,1,0,0,2,6,1,1,2,1,1,51,36
"10061",12,17,36,14,24,17,36,14,24,6,1,0,NA,0,0,0,0,0,0,51,36
"10062",0,0,0,0,0,0,0,0,0,0,0,0,0,0,0,0,0,0,0,0,0
"10063",1,1,3,6,1,1,1,1,1,2,3,5,3,5,0,2,5,2,1,2,5
"10064",2,4,3,6,9,1,3,6,1,3,0,0,6,2,6,3,6,1,2,5,13
"10065",3,4,14,8,9,4,3,6,9,2,6,0,2,0,0,6,2,2,1,16,15
"10066",4,8,14,8,19,4,14,8,9,6,4,4,6,4,0,4,6,1,2,20,25
"10067",5,12,14,14,20,8,14,8,19,4,0,0,2,3,6,4,6,1,1,24,32
"10068",6,15,14,16,20,12,14,14,20,2,3,0,2,0,0,3,2,1,1,27,34
"10069",7,20,14,16,30,15,14,16,20,5,1,6,1,6,0,5,6,1,2,32,44
"10070",8,21,14,22,37,20,14,16,30,1,0,0,2,2,6,1,6,1,2,33,57
"10071",9,23,14,24,37,21,14,22,37,2,2,0,2,0,0,2,2,1,1,35,59
"10072",10,28,14,26,37,23,14,24,37,5,1,2,1,2,0,5,2,1,1,40,61
"10073",11,29,14,29,37,28,14,26,37,1,0,0,3,1,2,1,3,1,1,41,64
"10074",12,29,14,29,37,29,14,29,37,1,2,0,NA,0,0,0,0,0,0,41,64
"10075",0,0,0,0,0,0,0,0,0,0,0,0,0,0,0,0,0,0,0,0,0
"10076",1,1,6,1,6,1,1,1,1,5,2,5,2,5,0,5,5,2,2,5,5
"10077",2,1,8,1,11,1,6,1,6,2,0,0,5,2,1,2,5,2,2,7,10
"10078",3,1,10,1,12,1,8,1,11,2,1,0,1,0,0,2,1,2,2,9,11
"10079",4,7,11,1,13,1,10,1,12,1,2,6,1,2,0,6,1,1,2,16,12
"10080",5,7,13,1,18,7,11,1,13,2,0,0,5,3,3,2,5,2,2,18,17
"10081",6,7,16,4,18,7,13,1,18,3,3,0,3,0,0,3,3,2,1,21,20
"10082",7,7,21,14,18,7,16,4,18,5,2,6,2,6,0,5,6,2,1,26,30
"10083",8,9,21,14,23,7,21,14,18,2,0,0,4,5,1,2,5,1,2,28,35
"10084",9,13,21,15,23,9,21,14,23,4,1,0,1,0,0,4,1,1,1,32,36
"10085",10,17,21,15,27,13,21,15,23,4,4,3,4,3,0,4,4,1,2,36,40
"10086",11,20,21,18,27,17,21,15,27,3,0,0,3,6,6,3,3,1,1,39,43
"10087",12,20,21,18,27,20,21,18,27,6,6,0,NA,0,0,0,0,0,0,39,43
"10088",0,0,0,0,0,0,0,0,0,0,0,0,0,0,0,0,0,0,0,0,0
"10089",1,1,12,1,5,1,1,1,1,4,4,6,4,4,0,6,4,2,2,11,4
"10090",2,5,12,1,8,1,12,1,5,4,0,0,3,4,6,4,3,1,2,15,7
"10091",3,6,18,1,12,5,12,1,8,4,6,0,4,0,0,6,4,2,2,22,11
"10092",4,7,18,1,14,6,18,1,12,2,4,1,2,4,0,1,2,1,2,23,13
"10093",5,7,1,6,14,7,18,1,14,4,0,0,2,2,3,4,3,2,1,6,18
"10094",6,9,1,8,14,7,1,6,14,2,2,0,2,0,0,2,2,1,1,8,20
"10095",7,12,1,13,14,9,1,8,14,3,5,5,5,5,0,3,5,1,1,11,25
"10096",8,17,1,16,14,12,1,13,14,5,0,0,3,2,2,5,3,1,1,16,28
"10097",9,17,3,16,16,17,1,16,14,2,2,0,2,0,0,2,2,2,2,18,30
"10098",10,21,3,16,19,17,3,16,16,3,4,4,3,4,0,4,3,1,2,22,33
"10099",11,25,3,20,19,21,3,16,19,4,0,0,4,5,1,4,4,1,1,26,37
"10100",12,25,3,20,19,25,3,20,19,5,1,0,NA,0,0,0,0,0,0,26,37
"10101",0,0,0,0,0,0,0,0,0,0,0,0,0,0,0,0,0,0,0,0,0
"10102",1,1,6,6,1,1,1,1,1,5,5,5,5,5,0,5,5,2,1,5,5
"10103",2,1,11,8,1,1,6,6,1,5,0,0,6,3,2,5,2,2,1,10,7
"10104",3,7,15,11,1,1,11,8,1,6,3,0,3,0,0,6,3,1,1,20,10
"10105",4,11,15,20,1,7,15,11,1,6,2,4,6,2,0,4,6,1,1,24,19
"10106",5,13,15,30,1,11,15,20,1,2,0,0,3,6,3,2,6,1,1,26,29
"10107",6,13,18,30,4,13,15,30,1,3,3,0,3,0,0,3,3,2,2,29,32
"10108",7,13,28,33,4,13,18,30,4,3,4,6,3,4,0,6,3,2,1,39,35
"10109",8,13,32,36,4,13,28,33,4,4,0,0,3,1,2,4,3,2,1,43,38
"10110",9,13,34,37,4,13,32,36,4,1,2,0,1,0,0,2,1,2,1,45,39
"10111",10,17,39,41,4,13,34,37,4,5,4,5,4,5,0,5,4,2,1,92,43
"10112",11,29,39,44,1,17,39,41,4,5,0,0,3,5,4,5,3,1,1,104,43
"10113",12,29,39,44,1,29,39,44,1,5,4,0,NA,0,0,0,0,0,0,104,43
"10114",0,0,0,0,0,0,0,0,0,0,0,0,0,0,0,0,0,0,0,0,0
"10115",1,2,1,6,1,1,1,1,1,3,1,5,3,5,0,1,5,1,1,1,5
"10116",2,5,1,9,1,2,1,6,1,3,0,0,1,3,1,3,3,1,1,4,8
"10117",3,5,2,9,2,5,1,9,1,1,1,0,1,0,0,1,1,2,2,5,9
"10118",4,12,2,9,11,5,2,9,2,2,6,6,2,6,0,6,6,1,2,12,18
"10119",5,14,2,9,16,12,2,9,11,2,0,0,2,5,4,2,5,1,2,14,23
"10120",6,18,2,11,16,14,2,9,16,2,4,0,2,0,0,4,2,1,1,18,25
"10121",7,20,2,11,19,18,2,11,16,3,2,2,3,2,0,2,3,1,2,20,28
"10122",8,22,2,17,21,20,2,11,19,2,0,0,6,1,3,2,6,1,1,22,36
"10123",9,1,4,17,9,22,2,17,21,1,3,0,3,0,0,1,3,2,2,3,24
"10124",10,1,6,17,10,1,4,17,9,2,1,2,1,2,0,2,1,2,2,5,25
"10125",11,3,6,18,10,1,6,17,10,2,0,0,1,1,1,2,1,1,1,7,26
"10126",12,3,6,18,10,3,6,18,10,1,1,0,NA,0,0,0,0,0,0,7,26
"10127",0,0,0,0,0,0,0,0,0,0,0,0,0,0,0,0,0,0,0,0,0
"10128",1,1,6,5,1,1,1,1,1,4,2,5,4,2,0,5,4,2,1,5,4
"10129",2,1,8,9,1,1,6,5,1,2,0,0,2,2,4,2,4,2,1,7,8
"10130",3,1,10,9,3,1,8,9,1,2,2,0,2,0,0,2,2,2,2,9,10
"10131",4,4,16,9,6,1,10,9,3,3,6,1,3,1,0,6,3,2,2,18,13
"10132",5,4,17,14,6,4,16,9,6,1,0,0,2,4,5,1,5,2,1,19,18
"10133",6,8,17,14,8,4,17,14,6,2,4,0,2,0,0,4,2,1,2,23,20
"10134",7,11,17,16,8,8,17,14,8,3,1,2,1,2,0,3,2,1,1,26,22
"10135",8,12,17,16,13,11,17,16,8,1,0,0,5,4,2,1,5,1,2,27,27
"10136",9,12,21,18,13,12,17,16,13,4,2,0,2,0,0,4,2,2,1,31,29
"10137",10,17,21,18,18,12,21,18,13,5,1,5,1,5,0,5,5,1,2,36,34
"10138",11,18,21,28,24,17,21,18,18,1,0,0,4,2,6,1,6,1,1,37,50
"10139",12,18,21,28,24,18,21,28,24,4,2,0,NA,0,0,0,0,0,0,37,50
"10140",0,0,0,0,0,0,0,0,0,0,0,0,0,0,0,0,0,0,0,0,0
"10141",1,1,5,1,4,1,1,1,1,4,2,3,2,3,0,4,3,2,2,4,3
"10142",2,3,5,1,8,1,5,1,4,2,0,0,4,1,4,2,4,1,2,6,7
"10143",3,3,9,1,9,3,5,1,8,1,4,0,1,0,0,4,1,2,2,10,8
"10144",4,3,13,6,9,3,9,1,9,1,5,4,1,5,0,4,5,2,1,14,13
"10145",5,4,13,12,18,3,13,6,9,1,0,0,6,1,6,1,6,1,2,15,28
"10146",6,7,19,13,18,4,13,12,18,1,6,0,1,0,0,6,1,2,1,24,29
"10147",7,7,23,15,18,7,19,13,18,1,2,4,1,2,0,4,2,2,1,28,31
"10148",8,7,24,21,24,7,23,15,18,1,0,0,3,4,6,1,6,2,1,29,43
"10149",9,7,27,21,28,7,24,21,24,3,4,0,4,0,0,3,4,2,2,32,47
"10150",10,10,31,21,6,7,27,21,28,3,5,5,5,5,0,3,5,1,2,39,25
"10151",11,10,36,21,11,10,31,21,6,5,0,0,1,5,6,5,5,2,2,44,30
"10152",12,10,36,21,11,10,36,21,11,1,6,0,NA,0,0,0,0,0,0,44,30
"10153",0,0,0,0,0,0,0,0,0,0,0,0,0,0,0,0,0,0,0,0,0
"10154",1,2,1,1,6,1,1,1,1,5,5,1,5,5,0,1,5,1,2,1,5
"10155",2,7,1,1,15,2,1,1,6,5,0,0,3,6,2,5,6,1,2,6,14
"10156",3,7,3,1,18,7,1,1,15,3,2,0,3,0,0,2,3,2,2,8,17
"10157",4,11,3,5,18,7,3,1,18,4,1,4,1,4,0,4,4,1,1,12,21
"10158",5,11,4,12,18,11,3,5,18,1,0,0,1,6,1,1,6,2,1,13,28
"10159",6,11,5,13,18,11,4,12,18,1,1,0,1,0,0,1,1,2,1,14,29
"10160",7,15,5,18,18,11,5,13,18,5,3,4,5,3,0,4,5,1,1,18,34
"10161",8,18,5,19,18,15,5,18,18,3,0,0,3,2,1,3,1,1,1,21,35
"10162",9,21,5,21,18,18,5,19,18,3,2,0,2,0,0,3,2,1,1,24,37
"10163",10,25,5,21,21,21,5,21,18,4,3,3,3,3,0,4,3,1,2,28,40
"10164",11,28,5,22,21,25,5,21,21,3,0,0,1,4,1,3,1,1,1,31,41
"10165",12,28,5,22,21,28,5,22,21,4,1,0,NA,0,0,0,0,0,0,31,41
"10166",0,0,0,0,0,0,0,0,0,0,0,0,0,0,0,0,0,0,0,0,0
"10167",1,1,9,1,11,1,1,1,1,6,5,6,5,6,0,6,6,2,2,8,10
"10168",2,6,9,6,11,1,9,1,11,5,0,0,1,5,2,5,5,1,1,13,15
"10169",3,6,11,6,12,6,9,6,11,1,2,0,1,0,0,2,1,2,2,15,16
"10170",4,14,11,6,15,6,11,6,12,2,6,3,2,3,0,6,3,1,2,23,19
"10171",5,16,11,6,22,14,11,6,15,2,0,0,3,6,6,2,6,1,2,25,26
"10172",6,22,14,6,25,16,11,6,22,3,6,0,3,0,0,6,3,1,2,34,29
"10173",7,22,16,7,25,22,14,6,25,1,1,2,1,1,0,2,1,2,1,36,30
"10174",8,23,16,7,30,22,16,7,25,1,0,0,5,6,5,1,5,1,2,37,35
"10175",9,29,1,12,35,23,16,7,30,6,5,0,5,0,0,6,5,1,2,28,45
"10176",10,29,3,12,37,29,1,12,35,2,2,2,2,2,0,2,2,2,2,30,47
"10177",11,29,5,20,39,29,3,12,37,2,0,0,2,4,6,2,2,2,2,32,95
"10178",12,29,5,20,39,29,5,20,39,4,6,0,NA,0,0,0,0,0,0,32,95
"10179",0,0,0,0,0,0,0,0,0,0,0,0,0,0,0,0,0,0,0,0,0
"10180",1,3,7,1,4,1,1,1,1,2,6,3,2,3,0,6,3,2,2,8,3
"10181",2,5,7,1,9,3,7,1,4,2,0,0,5,5,5,2,5,1,2,10,8
"10182",3,5,12,6,9,5,7,1,9,5,5,0,5,0,0,5,5,2,1,15,13
"10183",4,5,17,6,14,5,12,6,9,5,5,4,5,4,0,5,5,2,2,20,18
"10184",5,5,21,6,19,5,17,6,14,4,0,0,5,1,1,4,5,2,2,24,23
"10185",6,6,21,6,20,5,21,6,19,1,1,0,1,0,0,1,1,1,2,25,24
"10186",7,6,29,1,22,6,21,6,20,2,3,2,2,2,0,3,2,2,2,33,21
"10187",8,6,31,6,22,6,29,1,22,2,0,0,4,5,2,2,5,2,1,35,26
"10188",9,10,31,6,24,6,31,6,22,4,2,0,2,0,0,4,2,1,2,39,28
"10189",10,10,32,9,24,10,31,6,24,1,3,1,3,1,0,1,3,2,1,40,31
"10190",11,10,33,14,24,10,32,9,24,1,0,0,5,5,2,1,5,2,1,41,36
"10191",12,10,33,14,24,10,33,14,24,5,2,0,NA,0,0,0,0,0,0,41,36
"10192",0,0,0,0,0,0,0,0,0,0,0,0,0,0,0,0,0,0,0,0,0
"10193",1,1,3,4,1,1,1,1,1,1,3,2,1,3,0,2,3,2,1,2,3
"10194",2,2,3,10,3,1,3,4,1,1,0,0,6,3,6,1,6,1,1,3,11
"10195",3,5,9,13,3,2,3,10,3,3,6,0,3,0,0,6,3,2,1,12,14
"10196",4,9,9,16,3,5,9,13,3,2,3,4,2,3,0,4,3,1,1,16,17
"10197",5,11,9,16,4,9,9,16,3,2,0,0,5,1,1,2,1,1,2,18,18
"10198",6,11,14,16,5,11,9,16,4,5,1,0,1,0,0,5,1,2,2,23,19
"10199",7,11,17,16,10,11,14,16,5,2,3,5,2,5,0,3,5,2,2,26,24
"10200",8,11,19,18,16,11,17,16,10,2,0,0,6,5,2,2,6,2,2,28,32
"10201",9,11,24,18,18,11,19,18,16,5,2,0,2,0,0,5,2,2,2,33,34
"10202",10,16,24,21,18,11,24,18,18,2,3,5,2,3,0,5,3,1,1,38,37
"10203",11,18,24,25,18,16,24,21,18,2,0,0,2,2,4,2,4,1,1,40,41
"10204",12,18,24,25,18,18,24,25,18,2,2,0,NA,0,0,0,0,0,0,40,41
"10205",0,0,0,0,0,0,0,0,0,0,0,0,0,0,0,0,0,0,0,0,0
"10206",1,5,1,4,1,1,1,1,1,4,3,1,3,1,0,4,3,1,1,4,3
"10207",2,6,1,8,1,5,1,4,1,1,0,0,4,4,2,1,4,1,1,5,7
"10208",3,6,3,8,5,6,1,8,1,4,2,0,4,0,0,2,4,2,2,7,11
"10209",4,6,7,19,11,6,3,8,5,6,1,4,6,1,0,4,6,2,2,11,28
"10210",5,7,7,19,21,6,7,19,11,1,0,0,6,3,4,1,6,1,2,12,38
"10211",6,7,11,19,24,7,7,19,21,3,4,0,3,0,0,4,3,2,2,16,41
"10212",7,7,14,22,24,7,11,19,24,3,1,3,1,3,0,3,3,2,1,19,44
"10213",8,8,14,22,28,7,14,22,24,1,0,0,1,4,4,1,4,1,2,20,48
"10214",9,8,18,23,28,8,14,22,28,1,4,0,1,0,0,4,1,2,1,24,49
"10215",10,1,26,34,2,8,18,23,28,1,5,2,1,5,0,2,5,1,1,25,34
"10216",11,2,1,36,8,1,26,34,2,1,0,0,4,6,2,1,6,1,2,1,42
"10217",12,2,1,36,8,2,1,36,8,4,2,0,NA,0,0,0,0,0,0,1,42
"10218",0,0,0,0,0,0,0,0,0,0,0,0,0,0,0,0,0,0,0,0,0
"10219",1,5,1,1,6,1,1,1,1,5,4,2,5,2,0,4,5,1,2,4,5
"10220",2,5,3,1,16,5,1,1,6,2,0,0,6,4,3,2,6,2,2,6,15
"10221",3,8,3,5,16,5,3,1,16,4,3,0,4,0,0,3,4,1,1,9,19
"10222",4,12,3,16,16,8,3,5,16,6,4,4,6,4,0,4,6,1,1,13,30
"10223",5,16,3,16,17,12,3,16,16,4,0,0,4,1,4,4,1,1,2,17,31
"10224",6,20,3,20,17,16,3,16,17,4,4,0,4,0,0,4,4,1,1,21,35
"10225",7,20,5,20,18,20,3,20,17,1,4,2,1,4,0,2,1,2,2,23,36
"10226",8,24,5,33,18,20,5,20,18,4,0,0,6,5,2,4,6,1,1,27,49
"10227",9,24,10,33,20,24,5,33,18,5,2,0,2,0,0,5,2,2,2,32,51
"10228",10,29,15,5,20,24,10,33,20,4,1,5,4,1,0,5,4,2,1,42,23
"10229",11,30,15,8,20,29,15,5,20,1,0,0,3,1,5,1,3,1,1,43,26
"10230",12,30,15,8,20,30,15,8,20,1,5,0,NA,0,0,0,0,0,0,43,26
"10231",0,0,0,0,0,0,0,0,0,0,0,0,0,0,0,0,0,0,0,0,0
"10232",1,6,1,1,5,1,1,1,1,4,5,4,4,4,0,5,4,1,2,5,4
"10233",2,6,5,11,5,6,1,1,5,4,0,0,6,5,5,4,6,2,1,9,14
"10234",3,6,10,11,10,6,5,11,5,5,5,0,5,0,0,5,5,2,2,14,19
"10235",4,6,15,16,10,6,10,11,10,5,5,5,5,5,0,5,5,2,1,19,24
"10236",5,6,20,21,10,6,15,16,10,5,0,0,5,4,5,5,5,2,1,24,29
"10237",6,6,25,21,14,6,20,21,10,4,5,0,4,0,0,5,4,2,2,29,33
"10238",7,6,33,25,14,6,25,21,14,4,6,2,4,2,0,6,4,2,1,37,37
"10239",8,6,1,25,19,6,33,25,14,2,0,0,4,6,3,2,3,2,2,5,42
"10240",9,6,5,35,25,6,1,25,19,4,6,0,6,0,0,4,6,2,2,9,58
"10241",10,6,8,35,34,6,5,35,25,6,4,3,6,4,0,3,6,2,2,12,67
"10242",11,10,8,36,34,6,8,35,34,4,0,0,1,6,3,4,1,1,1,16,68
"10243",12,10,8,36,34,10,8,36,34,6,3,0,NA,0,0,0,0,0,0,16,68
"10244",0,0,0,0,0,0,0,0,0,0,0,0,0,0,0,0,0,0,0,0,0
"10245",1,4,7,1,13,1,1,1,1,6,1,6,1,6,0,6,6,2,2,9,12
"10246",2,4,8,8,19,4,7,1,13,1,0,0,6,3,6,1,6,2,1,10,25
"10247",3,4,22,11,19,4,8,8,19,3,6,0,3,0,0,6,3,2,1,24,28
"10248",4,5,22,14,19,4,22,11,19,1,3,2,3,2,0,1,3,1,1,25,31
"10249",5,5,24,18,19,5,22,14,19,2,0,0,1,2,4,2,4,2,1,27,35
"10250",6,5,26,18,20,5,24,18,19,1,2,0,1,0,0,2,1,2,2,29,36
"10251",7,9,26,18,29,5,26,18,20,4,6,4,6,4,0,4,6,1,2,33,45
"10252",8,9,30,18,32,9,26,18,29,4,0,0,3,2,3,4,3,2,2,37,48
"10253",9,9,33,18,34,9,30,18,32,2,3,0,2,0,0,3,2,2,2,40,50
"10254",10,12,39,18,38,9,33,18,34,6,4,4,4,4,0,6,4,2,2,87,54
"10255",11,16,39,21,38,12,39,18,38,4,0,0,3,5,3,4,3,1,1,91,57
"10256",12,16,39,21,38,16,39,21,38,5,3,0,NA,0,0,0,0,0,0,91,57
"10257",0,0,0,0,0,0,0,0,0,0,0,0,0,0,0,0,0,0,0,0,0
"10258",1,7,5,1,6,1,1,1,1,3,5,6,3,5,0,6,5,1,2,10,5
"10259",2,7,8,7,10,7,5,1,6,3,0,0,6,4,3,3,6,2,1,13,15
"10260",3,10,8,11,10,7,8,7,10,4,3,0,4,0,0,3,4,1,1,16,19
"10261",4,10,12,17,15,10,8,11,10,4,1,6,1,6,0,4,6,2,1,20,30
"10262",5,10,13,22,15,10,12,17,15,1,0,0,5,1,4,1,5,2,1,21,35
"10263",6,14,13,22,16,10,13,22,15,1,4,0,1,0,0,4,1,1,2,25,36
"10264",7,19,13,32,22,14,13,22,16,6,5,4,6,4,0,5,6,1,1,30,52
"10265",8,23,13,36,22,19,13,32,22,4,0,0,4,1,4,4,4,1,1,34,56
"10266",9,23,14,36,26,23,13,36,22,1,4,0,4,0,0,1,4,2,2,35,60
"10267",10,23,16,37,38,23,14,36,26,2,6,3,6,3,0,2,6,2,2,37,73
"10268",11,26,16,38,38,23,16,37,38,3,0,0,1,4,5,3,1,1,1,40,74
"10269",12,26,16,38,38,26,16,38,38,4,5,0,NA,0,0,0,0,0,0,40,74
"10270",0,0,0,0,0,0,0,0,0,0,0,0,0,0,0,0,0,0,0,0,0
"10271",1,1,6,7,11,1,1,1,1,5,3,6,3,6,0,5,6,2,2,5,16
"10272",2,1,9,7,16,1,6,7,11,3,0,0,5,2,2,3,5,2,2,8,21
"10273",3,1,11,9,16,1,9,7,16,2,2,0,2,0,0,2,2,2,1,10,23
"10274",4,1,16,12,16,1,11,9,16,1,5,3,1,3,0,5,3,2,1,15,26
"10275",5,2,16,14,16,1,16,12,16,1,0,0,2,2,5,1,2,1,1,16,28
"10276",6,2,21,16,16,2,16,14,16,2,5,0,2,0,0,5,2,2,1,21,30
"10277",7,2,25,16,21,2,21,16,16,4,5,4,5,4,0,4,5,2,2,25,35
"10278",8,2,29,21,21,2,25,16,21,4,0,0,4,5,5,4,5,2,1,29,40
"10279",9,2,33,26,21,2,29,21,21,4,5,0,5,0,0,4,5,2,1,33,45
"10280",10,2,38,31,21,2,33,26,21,2,5,5,2,5,0,5,5,2,1,38,50
"10281",11,4,38,32,21,2,38,31,21,2,0,0,4,4,1,2,1,1,1,40,51
"10282",12,4,38,32,21,4,38,32,21,4,4,0,NA,0,0,0,0,0,0,40,51
"10283",0,0,0,0,0,0,0,0,0,0,0,0,0,0,0,0,0,0,0,0,0
"10284",1,1,2,1,3,1,1,1,1,1,1,2,1,2,0,1,2,2,2,1,2
"10285",2,2,2,8,9,1,2,1,3,1,0,0,6,2,1,1,6,1,1,2,15
"10286",3,4,2,8,10,2,2,8,9,2,1,0,1,0,0,2,1,1,2,4,16
"10287",4,9,2,11,10,4,2,8,10,3,5,1,3,1,0,5,3,1,1,9,19
"10288",5,10,2,11,13,9,2,11,10,1,0,0,1,1,3,1,3,1,2,10,22
"10289",6,11,2,12,13,10,2,11,13,1,1,0,1,0,0,1,1,1,1,11,23
"10290",7,15,2,12,15,11,2,12,13,2,1,4,2,1,0,4,2,1,2,15,25
"10291",8,16,2,12,18,15,2,12,15,1,0,0,6,3,5,1,3,1,2,16,28
"10292",9,24,2,17,18,16,2,12,18,6,5,0,5,0,0,6,5,1,1,24,33
"10293",10,24,7,27,18,24,2,17,18,5,2,6,2,6,0,5,6,2,1,29,43
"10294",11,29,9,1,23,24,7,27,18,2,0,0,5,4,4,2,5,2,2,36,22
"10295",12,29,9,1,23,29,9,1,23,4,4,0,NA,0,0,0,0,0,0,36,22
"10296",0,0,0,0,0,0,0,0,0,0,0,0,0,0,0,0,0,0,0,0,0
"10297",1,1,9,1,4,1,1,1,1,3,1,6,3,1,0,6,3,2,2,8,3
"10298",2,2,9,1,13,1,9,1,4,1,0,0,4,6,6,1,6,1,2,9,12
"10299",3,8,15,1,17,2,9,1,13,4,6,0,4,0,0,6,4,2,2,21,16
"10300",4,8,19,1,21,8,15,1,17,4,4,1,4,1,0,4,4,2,2,25,20
"10301",5,1,19,1,31,8,19,1,21,1,0,0,4,2,6,1,6,1,2,18,30
"10302",6,1,23,1,33,1,19,1,31,4,2,0,2,0,0,4,2,2,2,22,32
"10303",7,1,27,1,37,1,23,1,33,4,1,4,1,4,0,4,4,2,2,26,36
"10304",8,1,28,5,37,1,27,1,37,1,0,0,6,4,6,1,4,2,1,27,40
"10305",9,6,39,16,37,1,28,5,37,6,6,0,6,0,0,6,6,2,1,81,51
"10306",10,8,39,20,37,6,39,16,37,4,2,4,4,4,0,2,4,1,1,83,55
"10307",11,12,39,25,37,8,39,20,37,4,0,0,5,6,1,4,5,1,1,87,60
"10308",12,12,39,25,37,12,39,25,37,6,1,0,NA,0,0,0,0,0,0,87,60
"10309",0,0,0,0,0,0,0,0,0,0,0,0,0,0,0,0,0,0,0,0,0
"10310",1,1,5,6,1,1,1,1,1,5,4,4,5,4,0,4,5,2,1,4,5
"10311",2,1,9,6,6,1,5,6,1,4,0,0,5,2,1,4,5,2,2,8,10
"10312",3,3,9,6,7,1,9,6,6,2,1,0,1,0,0,2,1,1,2,10,11
"10313",4,9,12,10,7,3,9,6,7,6,1,4,1,4,0,6,4,1,1,19,15
"10314",5,9,13,10,12,9,12,10,7,1,0,0,4,5,5,1,5,2,2,20,20
"10315",6,9,18,10,16,9,13,10,12,4,5,0,4,0,0,5,4,2,2,25,24
"10316",7,12,24,16,19,9,18,10,16,6,4,6,4,6,0,6,6,2,1,34,33
"10317",8,16,24,16,22,12,24,16,19,4,0,0,2,3,1,4,3,1,2,38,36
"10318",9,18,24,17,22,16,24,16,22,2,1,0,1,0,0,2,1,1,1,40,37
"10319",10,24,26,17,25,18,24,17,22,2,6,3,2,3,0,6,3,1,2,48,40
"10320",11,26,26,17,28,24,26,17,25,2,0,0,3,1,6,2,3,1,2,50,43
"10321",12,26,26,17,28,26,26,17,28,1,6,0,NA,0,0,0,0,0,0,50,43
"10322",0,0,0,0,0,0,0,0,0,0,0,0,0,0,0,0,0,0,0,0,0
"10323",1,2,1,1,3,1,1,1,1,1,2,2,2,2,0,1,2,1,2,1,2
"10324",2,4,1,3,3,2,1,1,3,2,0,0,3,1,2,2,2,1,1,3,4
"10325",3,4,4,3,4,4,1,3,3,3,1,0,1,0,0,3,1,2,2,6,5
"10326",4,10,5,3,11,4,4,3,4,6,6,2,6,2,0,6,6,1,2,13,12
"10327",5,12,5,3,16,10,5,3,11,2,0,0,2,1,5,2,5,1,2,15,17
"10328",6,12,6,5,16,12,5,3,16,2,1,0,2,0,0,1,2,2,1,16,19
"10329",7,22,12,5,17,12,6,5,16,3,1,6,3,1,0,6,1,2,2,32,20
"10330",8,25,12,9,29,22,12,5,17,3,0,0,5,6,3,3,6,1,2,35,36
"10331",9,25,17,12,29,25,12,9,29,5,3,0,3,0,0,5,3,2,1,40,39
"10332",10,29,23,12,34,25,17,12,29,5,2,6,5,2,0,6,5,2,2,50,44
"10333",11,29,25,14,39,29,23,12,34,2,0,0,5,4,5,2,5,2,2,52,89
"10334",12,29,25,14,39,29,25,14,39,4,5,0,NA,0,0,0,0,0,0,52,89
"10335",0,0,0,0,0,0,0,0,0,0,0,0,0,0,0,0,0,0,0,0,0
"10336",1,7,7,3,13,1,1,1,1,2,6,6,2,6,0,6,6,1,2,12,14
"10337",2,7,9,3,15,7,7,3,13,2,0,0,2,3,2,2,2,2,2,14,16
"10338",3,7,11,6,15,7,9,3,15,3,2,0,3,0,0,2,3,2,1,16,19
"10339",4,7,18,6,18,7,11,6,15,2,6,3,2,3,0,6,3,2,2,23,22
"10340",5,9,18,6,19,7,18,6,18,2,0,0,1,1,6,2,1,1,2,25,23
"10341",6,9,28,1,20,9,18,6,19,1,6,0,1,0,0,6,1,2,2,35,19
"10342",7,15,34,5,20,9,28,1,20,4,4,6,4,4,0,6,4,2,1,47,23
"10343",8,15,38,6,20,15,34,5,20,4,0,0,1,2,1,4,1,2,1,51,24
"10344",9,16,38,6,22,15,38,6,20,2,1,0,2,0,0,1,2,1,2,52,26
"10345",10,27,38,6,25,16,38,6,22,6,3,3,3,3,0,6,3,1,2,63,29
"10346",11,1,38,17,25,27,38,6,25,3,0,0,6,2,6,3,6,1,1,37,40
"10347",12,1,38,17,25,1,38,17,25,2,6,0,NA,0,0,0,0,0,0,37,40
"10348",0,0,0,0,0,0,0,0,0,0,0,0,0,0,0,0,0,0,0,0,0
"10349",1,5,1,4,1,1,1,1,1,2,4,3,2,3,0,4,3,1,1,4,3
"10350",2,5,3,4,13,5,1,4,1,2,0,0,3,6,2,2,6,2,2,6,15
"10351",3,7,3,7,13,5,3,4,13,3,2,0,3,0,0,2,3,1,1,8,18
"10352",4,7,7,7,15,7,3,7,13,4,2,2,2,2,0,4,2,2,2,12,20
"10353",5,7,9,12,15,7,7,7,15,2,0,0,1,5,4,2,5,2,1,14,25
"10354",6,11,9,12,16,7,9,12,15,1,4,0,1,0,0,4,1,1,2,18,26
"10355",7,13,9,17,16,11,9,12,16,2,1,5,1,5,0,2,5,1,1,20,31
"10356",8,14,9,17,19,13,9,17,16,1,0,0,1,3,1,1,3,1,2,21,34
"10357",9,14,10,17,20,14,9,17,19,1,1,0,1,0,0,1,1,2,2,22,35
"10358",10,19,10,21,20,14,10,17,20,5,1,4,1,4,0,5,4,1,1,27,39
"10359",11,20,10,22,20,19,10,21,20,1,0,0,1,3,1,1,1,1,1,28,40
"10360",12,20,10,22,20,20,10,22,20,3,1,0,NA,0,0,0,0,0,0,28,40
"10361",0,0,0,0,0,0,0,0,0,0,0,0,0,0,0,0,0,0,0,0,0
"10362",1,1,6,4,1,1,1,1,1,4,3,5,4,3,0,5,3,2,1,5,3
"10363",2,1,10,5,1,1,6,4,1,4,0,0,6,1,1,4,1,2,1,9,4
"10364",3,7,15,6,1,1,10,5,1,6,1,0,1,0,0,6,1,1,1,20,5
"10365",4,7,16,8,1,7,15,6,1,2,1,2,2,2,0,1,2,2,1,21,7
"10366",5,9,16,13,1,7,16,8,1,2,0,0,5,4,1,2,5,1,1,23,12
"10367",6,10,16,17,1,9,16,13,1,4,1,0,4,0,0,1,4,1,1,24,16
"10368",7,21,16,22,1,10,16,17,1,5,6,1,5,1,0,6,5,1,1,35,21
"10369",8,22,16,30,1,21,16,22,1,1,0,0,6,6,6,1,6,1,1,36,29
"10370",9,1,22,33,7,22,16,30,1,6,6,0,6,0,0,6,6,2,2,21,38
"10371",10,1,23,35,7,1,22,33,7,1,2,1,2,1,0,1,2,2,1,22,40
"10372",11,1,24,39,10,1,23,35,7,1,0,0,4,4,3,1,4,2,1,23,85
"10373",12,1,24,39,10,1,24,39,10,4,3,0,NA,0,0,0,0,0,0,23,85
"10374",0,0,0,0,0,0,0,0,0,0,0,0,0,0,0,0,0,0,0,0,0
"10375",1,1,6,1,9,1,1,1,1,6,2,5,6,2,0,5,6,2,2,5,8
"10376",2,3,6,7,13,1,6,1,9,2,0,0,1,6,5,2,6,1,1,7,18
"10377",3,8,6,8,13,3,6,7,13,1,5,0,1,0,0,5,1,1,1,12,19
"10378",4,12,6,14,14,8,6,8,13,1,4,6,1,6,0,4,6,1,1,16,26
"10379",5,13,6,18,14,12,6,14,14,1,0,0,4,2,4,1,4,1,1,17,30
"10380",6,17,6,18,16,13,6,18,14,2,4,0,2,0,0,4,2,1,2,21,32
"10381",7,22,6,23,16,17,6,18,16,5,5,3,5,3,0,5,5,1,1,26,37
"10382",8,25,6,23,20,22,6,23,16,3,0,0,2,1,4,3,4,1,2,29,41
"10383",9,25,8,23,21,25,6,23,20,2,1,0,1,0,0,2,1,2,2,31,42
"10384",10,28,8,23,22,25,8,23,21,2,1,3,2,1,0,3,1,1,2,34,43
"10385",11,30,8,25,22,28,8,23,22,2,0,0,2,1,5,2,2,1,1,36,45
"10386",12,30,8,25,22,30,8,25,22,1,5,0,NA,0,0,0,0,0,0,36,45
"10387",0,0,0,0,0,0,0,0,0,0,0,0,0,0,0,0,0,0,0,0,0
"10388",1,15,1,3,1,1,1,1,1,1,2,6,1,2,0,6,2,1,1,14,2
"10389",2,16,1,5,1,15,1,3,1,1,0,0,3,2,2,1,2,1,1,15,4
"10390",3,16,3,5,4,16,1,5,1,3,2,0,3,0,0,2,3,2,2,17,7
"10391",4,21,9,8,4,16,3,5,4,3,6,3,3,3,0,6,3,2,1,28,10
"10392",5,21,12,12,4,21,9,8,4,3,0,0,4,1,2,3,4,2,1,31,14
"10393",6,21,13,12,6,21,12,12,4,1,2,0,2,0,0,1,2,2,2,32,16
"10394",7,21,29,18,6,21,13,12,6,6,6,3,6,3,0,6,6,2,1,48,22
"10395",8,21,32,22,12,21,29,18,6,3,0,0,6,1,3,3,6,2,2,51,32
"10396",9,21,35,23,12,21,32,22,12,1,3,0,1,0,0,3,1,2,1,54,33
"10397",10,21,36,26,12,21,35,23,12,1,3,6,3,6,0,1,3,2,1,55,36
"10398",11,28,36,29,12,21,36,26,12,6,0,0,3,6,3,6,3,1,1,62,39
"10399",12,28,36,29,12,28,36,29,12,6,3,0,NA,0,0,0,0,0,0,62,39
"10400",0,0,0,0,0,0,0,0,0,0,0,0,0,0,0,0,0,0,0,0,0
"10401",1,10,1,2,1,1,1,1,1,1,6,2,1,2,0,6,1,1,1,9,1
"10402",2,10,3,3,7,10,1,2,1,2,0,0,6,1,2,2,6,2,2,11,8
"10403",3,12,3,4,7,10,3,3,7,1,2,0,1,0,0,2,1,1,1,13,9
"10404",4,15,3,10,11,12,3,4,7,3,5,6,5,6,0,3,6,1,1,16,19
"10405",5,20,3,14,11,15,3,10,11,5,0,0,2,3,4,5,4,1,1,21,23
"10406",6,23,3,14,13,20,3,14,11,2,3,0,2,0,0,3,2,1,2,24,25
"10407",7,27,3,16,13,23,3,14,13,1,4,2,1,2,0,4,2,1,1,28,27
"10408",8,28,3,18,13,27,3,16,13,1,0,0,2,1,2,1,2,1,1,29,29
"10409",9,29,3,20,13,28,3,18,13,1,2,0,2,0,0,1,2,1,1,30,31
"10410",10,31,1,26,5,29,3,20,13,3,2,6,3,6,0,2,6,1,1,30,29
"10411",11,31,4,31,5,31,1,26,5,3,0,0,3,5,2,3,5,2,1,33,34
"10412",12,31,4,31,5,31,4,31,5,3,2,0,NA,0,0,0,0,0,0,33,34
"10413",0,0,0,0,0,0,0,0,0,0,0,0,0,0,0,0,0,0,0,0,0
"10414",1,2,1,5,1,1,1,1,1,4,1,1,4,1,0,1,4,1,1,1,4
"10415",2,3,1,11,6,2,1,5,1,1,0,0,2,1,6,1,6,1,1,2,15
"10416",3,3,3,11,7,3,1,11,6,2,1,0,1,0,0,2,1,2,2,4,16
"10417",4,3,6,11,12,3,3,11,7,5,3,4,5,4,0,3,5,2,2,7,21
"10418",5,3,10,15,12,3,6,11,12,4,0,0,4,3,1,4,4,2,1,11,25
"10419",6,6,10,15,13,3,10,15,12,3,1,0,1,0,0,3,1,1,2,14,26
"10420",7,10,10,25,13,6,10,15,13,4,6,1,6,1,0,4,6,1,1,18,36
"10421",8,10,11,25,15,10,10,25,13,1,0,0,2,2,4,1,2,2,2,19,38
"10422",9,10,13,25,19,10,11,25,15,2,4,0,4,0,0,2,4,2,2,21,42
"10423",10,10,15,25,22,10,13,25,19,3,2,6,3,6,0,2,3,2,2,23,45
"10424",11,20,15,26,22,10,15,25,22,6,0,0,1,6,5,6,1,1,1,33,46
"10425",12,20,15,26,22,20,15,26,22,6,5,0,NA,0,0,0,0,0,0,33,46
"10426",0,0,0,0,0,0,0,0,0,0,0,0,0,0,0,0,0,0,0,0,0
"10427",1,4,1,1,4,1,1,1,1,3,1,3,1,3,0,3,3,1,2,3,3
"10428",2,5,1,4,4,4,1,1,4,1,0,0,3,1,1,1,3,1,1,4,6
"10429",3,5,2,5,4,5,1,4,4,1,1,0,1,0,0,1,1,2,1,5,7
"10430",4,5,7,7,4,5,2,5,4,5,2,2,2,2,0,5,2,2,1,10,9
"10431",5,5,9,9,4,5,7,7,4,2,0,0,4,2,2,2,2,2,1,12,11
"10432",6,9,9,9,6,5,9,9,4,4,2,0,2,0,0,4,2,1,2,16,13
"10433",7,9,12,9,9,9,9,9,6,3,3,2,3,2,0,3,3,2,2,19,16
"10434",8,11,12,16,9,9,12,9,9,2,0,0,5,6,5,2,6,1,1,21,23
"10435",9,11,17,21,9,11,12,16,9,5,5,0,5,0,0,5,5,2,1,26,28
"10436",10,13,23,21,13,11,17,21,9,4,3,6,4,3,0,6,4,2,2,34,32
"10437",11,1,26,31,18,13,23,21,13,3,0,0,6,3,3,3,6,2,1,25,47
"10438",12,1,26,31,18,1,26,31,18,3,3,0,NA,0,0,0,0,0,0,25,47
"10439",0,0,0,0,0,0,0,0,0,0,0,0,0,0,0,0,0,0,0,0,0
"10440",1,1,3,2,1,1,1,1,1,1,2,2,1,2,0,2,1,2,1,2,1
"10441",2,1,5,2,6,1,3,2,1,2,0,0,4,5,5,2,5,2,2,4,6
"10442",3,6,5,6,6,1,5,2,6,4,5,0,4,0,0,5,4,1,1,9,10
"10443",4,6,10,6,7,6,5,6,6,5,1,1,1,1,0,5,1,2,2,14,11
"10444",5,6,11,12,12,6,10,6,7,1,0,0,6,3,2,1,6,2,1,15,22
"10445",6,9,11,14,12,6,11,12,12,3,2,0,2,0,0,3,2,1,1,18,24
"10446",7,9,15,19,12,9,11,14,12,4,4,5,4,5,0,4,5,2,1,22,29
"10447",8,9,19,19,16,9,15,19,12,4,0,0,1,1,4,4,4,2,2,26,33
"10448",9,9,20,20,16,9,19,19,16,1,1,0,1,0,0,1,1,2,1,27,34
"10449",10,9,23,21,22,9,20,20,16,1,3,6,1,6,0,3,6,2,2,30,41
"10450",11,9,24,24,22,9,23,21,22,1,0,0,3,5,2,1,3,2,1,31,44
"10451",12,9,24,24,22,9,24,24,22,5,2,0,NA,0,0,0,0,0,0,31,44
"10452",0,0,0,0,0,0,0,0,0,0,0,0,0,0,0,0,0,0,0,0,0
"10453",1,3,1,5,1,1,1,1,1,4,1,2,4,1,0,2,4,1,1,2,4
"10454",2,4,1,7,1,3,1,5,1,1,0,0,2,3,1,1,2,1,1,3,6
"10455",3,5,1,7,4,4,1,7,1,3,1,0,3,0,0,1,3,1,2,4,9
"10456",4,8,1,11,4,5,1,7,4,3,4,3,4,3,0,3,4,1,1,7,13
"10457",5,11,1,11,9,8,1,11,4,3,0,0,3,1,5,3,5,1,2,10,18
"10458",6,14,1,11,10,11,1,11,9,3,1,0,1,0,0,3,1,1,2,13,19
"10459",7,14,5,11,14,14,1,11,10,4,2,4,2,4,0,4,4,2,2,17,23
"10460",8,16,5,18,14,14,5,11,14,2,0,0,3,1,6,2,6,1,1,19,30
"10461",9,17,5,18,17,16,5,18,14,3,1,0,3,0,0,1,3,1,2,20,33
"10462",10,22,1,18,27,17,5,18,17,5,6,2,6,2,0,5,6,1,2,21,43
"10463",11,22,1,21,28,22,1,18,27,2,0,0,3,1,5,2,3,2,1,21,47
"10464",12,22,1,21,28,22,1,21,28,1,5,0,NA,0,0,0,0,0,0,21,47
"10465",0,0,0,0,0,0,0,0,0,0,0,0,0,0,0,0,0,0,0,0,0
"10466",1,1,3,1,4,1,1,1,1,3,2,3,3,3,0,2,3,2,2,2,3
"10467",2,1,6,5,4,1,3,1,4,3,0,0,1,2,4,3,4,2,1,5,7
"10468",3,3,6,6,4,1,6,5,4,1,2,0,1,0,0,2,1,1,1,7,8
"10469",4,9,10,6,12,3,6,6,4,6,2,6,2,6,0,6,6,1,2,17,16
"10470",5,11,10,15,12,9,10,6,12,2,0,0,6,3,4,2,6,1,1,19,25
"10471",6,11,14,18,12,11,10,15,12,3,4,0,3,0,0,4,3,2,1,23,28
"10472",7,22,14,18,15,11,14,18,12,3,6,3,3,3,0,6,3,1,2,34,31
"10473",8,25,14,21,15,22,14,18,15,3,0,0,1,3,6,3,3,1,1,37,34
"10474",9,28,20,21,16,25,14,21,15,1,6,0,1,0,0,6,1,2,2,46,35
"10475",10,29,32,22,16,28,20,21,16,3,6,1,3,1,0,6,1,2,1,59,36
"10476",11,32,32,24,16,29,32,22,16,3,0,0,2,4,3,3,2,1,1,62,38
"10477",12,32,32,24,16,32,32,24,16,4,3,0,NA,0,0,0,0,0,0,62,38
"10478",0,0,0,0,0,0,0,0,0,0,0,0,0,0,0,0,0,0,0,0,0
"10479",1,6,1,2,7,1,1,1,1,5,4,6,4,6,0,5,6,1,2,5,7
"10480",2,10,1,10,7,6,1,2,7,4,0,0,1,6,3,4,6,1,1,9,15
"10481",3,13,1,10,8,10,1,10,7,1,3,0,1,0,0,3,1,1,2,12,16
"10482",4,14,1,14,8,13,1,10,8,1,2,4,2,4,0,1,4,1,1,13,20
"10483",5,16,1,14,13,14,1,14,8,2,0,0,2,1,5,2,5,1,2,15,25
"10484",6,16,2,14,15,16,1,14,13,2,1,0,2,0,0,1,2,2,2,16,27
"10485",7,17,2,15,15,16,2,14,15,1,6,1,6,1,0,1,1,1,1,17,28
"10486",8,28,1,15,24,17,2,15,15,6,0,0,1,3,5,6,5,1,2,27,37
"10487",9,28,4,15,25,28,1,15,24,1,3,0,1,0,0,3,1,2,2,30,38
"10488",10,34,4,6,25,28,4,15,25,5,5,5,5,5,0,5,5,1,1,36,29
"10489",11,34,9,11,25,34,4,6,25,5,0,0,6,4,5,5,5,2,1,41,34
"10490",12,34,9,11,25,34,9,11,25,6,4,0,NA,0,0,0,0,0,0,41,34
"10491",0,0,0,0,0,0,0,0,0,0,0,0,0,0,0,0,0,0,0,0,0
"10492",1,2,1,6,1,1,1,1,1,5,1,2,5,2,0,1,5,1,1,1,5
"10493",2,4,1,7,7,2,1,6,1,2,0,0,6,4,1,2,6,1,2,3,12
"10494",3,4,5,8,7,4,1,7,7,4,1,0,1,0,0,4,1,2,1,7,13
"10495",4,10,8,13,7,4,5,8,7,6,1,5,1,5,0,6,5,1,1,16,18
"10496",5,10,9,13,12,10,8,13,7,1,0,0,1,5,5,1,5,2,2,17,23
"10497",6,10,14,13,13,10,9,13,12,1,5,0,1,0,0,5,1,2,2,22,24
"10498",7,10,19,16,13,10,14,13,13,3,1,5,3,1,0,5,3,2,1,27,27
"10499",8,11,19,22,16,10,19,16,13,1,0,0,6,6,2,1,6,1,1,28,36
"10500",9,17,22,22,18,11,19,22,16,6,2,0,2,0,0,6,2,1,2,37,38
"10501",10,17,27,27,18,17,22,22,18,2,5,5,2,5,0,5,5,2,1,42,43
"10502",11,19,27,32,18,17,27,27,18,2,0,0,3,5,2,2,5,1,1,44,48
"10503",12,19,27,32,18,19,27,32,18,3,2,0,NA,0,0,0,0,0,0,44,48
"10504",0,0,0,0,0,0,0,0,0,0,0,0,0,0,0,0,0,0,0,0,0
"10505",1,4,1,1,4,1,1,1,1,1,3,3,1,3,0,3,3,1,2,3,3
"10506",2,5,1,1,7,4,1,1,4,1,0,0,3,4,2,1,3,1,2,4,6
"10507",3,5,5,1,9,5,1,1,7,4,2,0,2,0,0,4,2,2,2,8,8
"10508",4,7,11,1,16,5,5,1,9,6,6,5,6,5,0,6,6,2,2,16,15
"10509",5,12,11,1,21,7,11,1,16,5,0,0,5,3,5,5,5,1,2,21,20
"10510",6,17,11,1,24,12,11,1,21,3,5,0,3,0,0,5,3,1,2,26,23
"10511",7,17,1,5,34,17,11,1,24,6,6,5,6,6,0,5,6,2,2,16,37
"10512",8,28,1,2,39,17,1,5,34,6,0,0,4,5,6,6,5,1,2,27,77
"10513",9,36,1,6,39,28,1,2,39,4,6,0,4,0,0,6,4,1,1,35,81
"10514",10,36,5,10,39,36,1,6,39,2,4,4,2,4,0,4,4,2,1,39,85
"10515",11,38,5,11,39,36,5,10,39,2,0,0,1,6,5,2,1,1,1,41,86
"10516",12,38,5,11,39,38,5,11,39,6,5,0,NA,0,0,0,0,0,0,41,86
"10517",0,0,0,0,0,0,0,0,0,0,0,0,0,0,0,0,0,0,0,0,0
"10518",1,1,3,4,1,1,1,1,1,3,2,1,3,1,0,2,3,2,1,2,3
"10519",2,2,3,13,1,1,3,4,1,1,0,0,6,2,5,1,6,1,1,3,12
"10520",3,2,5,13,6,2,3,13,1,2,5,0,5,0,0,2,5,2,2,5,17
"10521",4,2,8,18,6,2,5,13,6,3,3,5,3,5,0,3,5,2,1,8,22
"10522",5,5,8,22,6,2,8,18,6,3,0,0,4,5,1,3,4,1,1,11,26
"10523",6,6,8,22,11,5,8,22,6,5,1,0,5,0,0,1,5,1,2,12,31
"10524",7,10,8,22,16,6,8,22,11,4,5,1,5,1,0,4,5,1,2,16,36
"10525",8,11,8,22,17,10,8,22,16,1,0,0,1,5,2,1,1,1,2,17,37
"10526",9,11,10,22,22,11,8,22,17,5,2,0,5,0,0,2,5,2,2,19,42
"10527",10,11,14,27,22,11,10,22,22,4,6,5,6,5,0,4,5,2,1,23,47
"10528",11,12,20,28,22,11,14,27,22,6,0,0,1,4,6,6,1,2,1,30,48
"10529",12,12,20,28,22,12,20,28,22,4,6,0,NA,0,0,0,0,0,0,30,48
"10530",0,0,0,0,0,0,0,0,0,0,0,0,0,0,0,0,0,0,0,0,0
"10531",1,5,1,6,1,1,1,1,1,2,5,4,2,5,0,4,5,1,1,4,5
"10532",2,7,1,15,7,5,1,6,1,2,0,0,6,6,3,2,6,1,1,6,20
"10533",3,15,1,18,7,7,1,15,7,6,3,0,3,0,0,6,3,1,1,14,23
"10534",4,19,1,18,9,15,1,18,7,2,4,1,2,1,0,4,2,1,2,18,25
"10535",5,20,1,18,18,19,1,18,9,1,0,0,2,3,6,1,6,1,2,19,34
"10536",6,22,1,18,21,20,1,18,18,2,3,0,3,0,0,2,3,1,2,21,37
"10537",7,26,1,18,29,22,1,18,21,6,4,4,6,4,0,4,6,1,2,25,45
"10538",8,30,1,18,34,26,1,18,29,4,0,0,5,1,5,4,5,1,2,29,50
"10539",9,35,1,18,35,30,1,18,34,1,5,0,1,0,0,5,1,1,2,34,51
"10540",10,39,6,18,36,35,1,18,35,1,1,4,1,1,0,4,1,1,2,81,52
"10541",11,39,7,19,36,39,6,18,36,1,0,0,1,5,6,1,1,2,1,82,53
"10542",12,39,7,19,36,39,7,19,36,5,6,0,NA,0,0,0,0,0,0,82,53
"10543",0,0,0,0,0,0,0,0,0,0,0,0,0,0,0,0,0,0,0,0,0
"10544",1,7,2,1,2,1,1,1,1,6,1,1,1,1,0,6,1,1,2,7,1
"10545",2,7,3,6,2,7,2,1,2,1,0,0,4,5,1,1,5,2,1,8,6
"10546",3,11,3,6,3,7,3,6,2,4,1,0,1,0,0,4,1,1,2,12,7
"10547",4,17,9,10,3,11,3,6,3,4,2,6,4,2,0,6,4,2,1,24,11
"10548",5,17,11,10,6,17,9,10,3,2,0,0,3,6,3,2,3,2,2,26,14
"10549",6,19,17,13,6,17,11,10,6,6,3,0,3,0,0,6,3,2,1,34,17
"10550",7,19,18,16,6,19,17,13,6,1,3,5,3,5,0,1,3,2,1,35,20
"10551",8,19,23,20,6,19,18,16,6,5,0,0,4,4,3,5,4,2,1,40,24
"10552",9,19,26,24,6,19,23,20,6,4,3,0,4,0,0,3,4,2,1,43,28
"10553",10,19,28,27,6,19,26,24,6,2,1,3,1,3,0,2,3,2,1,45,31
"10554",11,19,29,27,8,19,28,27,6,1,0,0,2,3,3,1,2,2,2,46,33
"10555",12,19,29,27,8,19,29,27,8,3,3,0,NA,0,0,0,0,0,0,46,33
"10556",0,0,0,0,0,0,0,0,0,0,0,0,0,0,0,0,0,0,0,0,0
"10557",1,5,1,1,3,1,1,1,1,2,4,2,2,2,0,4,2,1,2,4,2
"10558",2,7,1,6,3,5,1,1,3,2,0,0,4,5,5,2,5,1,1,6,7
"10559",3,7,5,6,8,7,1,6,3,4,5,0,5,0,0,4,5,2,2,10,12
"10560",4,10,5,8,8,7,5,6,8,1,2,3,1,2,0,3,2,1,1,13,14
"10561",5,10,6,16,8,10,5,8,8,1,0,0,2,6,2,1,6,2,1,14,22
"10562",6,12,6,16,10,10,6,16,8,2,2,0,2,0,0,2,2,1,2,16,24
"10563",7,12,11,22,20,12,6,16,10,5,3,6,3,6,0,5,6,2,1,21,40
"10564",8,15,11,26,20,12,11,22,20,3,0,0,4,2,6,3,4,1,1,24,44
"10565",9,17,11,28,26,15,11,26,20,2,6,0,6,0,0,2,6,1,2,26,52
"10566",10,25,11,28,28,17,11,28,26,5,2,6,5,2,0,6,2,1,2,34,54
"10567",11,30,11,34,35,25,11,28,28,5,0,0,3,6,3,5,6,1,1,39,67
"10568",12,30,11,34,35,30,11,34,35,3,3,0,NA,0,0,0,0,0,0,39,67
"10569",0,0,0,0,0,0,0,0,0,0,0,0,0,0,0,0,0,0,0,0,0
"10570",1,6,1,1,4,1,1,1,1,5,4,3,4,3,0,5,3,1,2,5,3
"10571",2,6,5,1,9,6,1,1,4,4,0,0,1,5,5,4,5,2,2,9,8
"10572",3,6,10,1,10,6,5,1,9,1,5,0,1,0,0,5,1,2,2,14,9
"10573",4,11,10,1,14,6,10,1,10,5,4,2,4,2,0,5,4,1,2,19,13
"10574",5,11,12,1,17,11,10,1,14,2,0,0,2,5,3,2,3,2,2,21,16
"10575",6,16,12,1,19,11,12,1,17,2,5,0,2,0,0,5,2,1,2,26,18
"10576",7,18,12,1,23,16,12,1,19,2,4,2,4,2,0,2,4,1,2,28,22
"10577",8,1,12,2,25,18,12,1,23,2,0,0,2,1,6,2,1,1,1,11,25
"10578",9,7,14,4,1,1,12,2,25,2,6,0,2,0,0,6,2,1,1,19,3
"10579",10,11,14,5,1,7,14,4,1,2,4,1,2,1,0,4,1,1,1,23,4
"10580",11,11,16,6,1,11,14,5,1,2,0,0,1,3,2,2,1,2,1,25,5
"10581",12,11,16,6,1,11,16,6,1,3,2,0,NA,0,0,0,0,0,0,25,5
"10582",0,0,0,0,0,0,0,0,0,0,0,0,0,0,0,0,0,0,0,0,0
"10583",1,6,1,6,1,1,1,1,1,2,5,5,2,5,0,5,5,1,1,5,5
"10584",2,8,1,6,6,6,1,6,1,2,0,0,5,5,2,2,5,1,2,7,10
"10585",3,8,6,6,8,8,1,6,6,5,2,0,2,0,0,5,2,2,2,12,12
"10586",4,11,6,6,13,8,6,6,8,5,3,2,5,2,0,3,5,1,2,15,17
"10587",5,11,8,6,23,11,6,6,13,2,0,0,5,3,6,2,6,2,2,17,27
"10588",6,11,13,9,23,11,8,6,23,5,3,0,3,0,0,5,3,2,1,22,30
"10589",7,13,13,13,23,11,13,9,23,4,2,2,4,2,0,2,4,1,1,24,34
"10590",8,13,15,20,23,13,13,13,23,2,0,0,3,6,3,2,6,2,1,26,41
"10591",9,16,15,23,23,13,15,20,23,3,3,0,3,0,0,3,3,1,1,29,44
"10592",10,16,16,32,23,16,15,23,23,1,6,1,6,1,0,1,6,2,1,30,53
"10593",11,16,17,33,23,16,16,32,23,1,0,0,1,4,3,1,1,2,1,31,54
"10594",12,16,17,33,23,16,17,33,23,4,3,0,NA,0,0,0,0,0,0,31,54
"10595",0,0,0,0,0,0,0,0,0,0,0,0,0,0,0,0,0,0,0,0,0
"10596",1,5,1,1,2,1,1,1,1,1,4,1,1,1,0,4,1,1,2,4,1
"10597",2,5,2,1,12,5,1,1,2,1,0,0,3,3,6,1,6,2,2,5,11
"10598",3,8,2,1,15,5,2,1,12,3,3,0,3,0,0,3,3,1,2,8,14
"10599",4,8,6,6,15,8,2,1,15,3,4,5,3,5,0,4,5,2,1,12,19
"10600",5,8,9,17,15,8,6,6,15,3,0,0,6,1,5,3,6,2,1,15,30
"10601",6,13,9,18,15,8,9,17,15,1,5,0,1,0,0,5,1,1,1,20,31
"10602",7,16,9,18,18,13,9,18,15,2,3,3,2,3,0,3,3,1,2,23,34
"10603",8,18,9,18,23,16,9,18,18,2,0,0,6,5,6,2,5,1,2,25,39
"10604",9,24,13,26,23,18,9,18,23,6,6,0,6,0,0,6,6,1,1,35,47
"10605",10,28,13,26,24,24,13,26,23,4,1,4,1,4,0,4,1,1,2,39,48
"10606",11,32,13,28,24,28,13,26,24,4,0,0,2,1,5,4,2,1,1,43,50
"10607",12,32,13,28,24,32,13,28,24,1,5,0,NA,0,0,0,0,0,0,43,50
"10608",0,0,0,0,0,0,0,0,0,0,0,0,0,0,0,0,0,0,0,0,0
"10609",1,1,4,5,1,1,1,1,1,4,1,3,4,1,0,3,4,2,1,3,4
"10610",2,2,4,5,11,1,4,5,1,1,0,0,6,6,3,1,6,1,2,4,14
"10611",3,13,4,8,11,2,4,5,11,6,3,0,3,0,0,6,3,1,1,15,17
"10612",4,19,10,13,11,13,4,8,11,6,5,1,5,1,0,6,5,1,1,27,22
"10613",5,20,10,13,22,19,10,13,11,1,0,0,4,2,6,1,6,1,2,28,33
"10614",6,20,14,13,24,20,10,13,22,4,2,0,2,0,0,4,2,2,2,32,35
"10615",7,24,14,13,27,20,14,13,24,3,3,4,3,3,0,4,3,1,2,36,38
"10616",8,27,14,13,29,24,14,13,27,3,0,0,2,2,1,3,2,1,2,39,40
"10617",9,29,14,13,30,27,14,13,29,2,1,0,1,0,0,2,1,1,2,41,41
"10618",10,29,19,16,30,29,14,13,30,3,5,1,3,1,0,5,3,2,1,46,44
"10619",11,30,19,25,30,29,19,16,30,1,0,0,6,4,3,1,6,1,1,47,53
"10620",12,30,19,25,30,30,19,25,30,4,3,0,NA,0,0,0,0,0,0,47,53
"10621",0,0,0,0,0,0,0,0,0,0,0,0,0,0,0,0,0,0,0,0,0
"10622",1,6,13,1,3,1,1,1,1,2,6,2,2,2,0,6,2,2,2,17,2
"10623",2,8,13,7,5,6,13,1,3,2,0,0,3,6,6,2,6,1,1,19,10
"10624",3,8,24,10,5,8,13,7,5,3,6,0,3,0,0,6,3,2,1,30,13
"10625",4,8,25,11,5,8,24,10,5,1,1,1,1,1,0,1,1,2,1,31,14
"10626",5,8,1,14,8,8,25,11,5,1,0,0,3,4,1,1,3,2,2,7,20
"10627",6,12,1,15,8,8,1,14,8,4,1,0,1,0,0,4,1,1,1,11,21
"10628",7,15,1,15,17,12,1,15,8,1,6,3,1,6,0,3,6,1,2,14,30
"10629",8,15,2,15,18,15,1,15,17,1,0,0,1,4,1,1,1,2,2,15,31
"10630",9,19,2,16,18,15,2,15,18,4,1,0,1,0,0,4,1,1,1,19,32
"10631",10,20,2,17,18,19,2,16,18,2,1,1,2,1,0,1,1,1,1,20,33
"10632",11,20,4,20,18,20,2,17,18,2,0,0,3,5,1,2,3,2,1,22,36
"10633",12,20,4,20,18,20,4,20,18,5,1,0,NA,0,0,0,0,0,0,22,36
"10634",0,0,0,0,0,0,0,0,0,0,0,0,0,0,0,0,0,0,0,0,0
"10635",1,4,1,4,1,1,1,1,1,3,2,3,2,3,0,3,3,1,1,3,3
"10636",2,6,1,4,3,4,1,4,1,2,0,0,2,1,1,2,2,1,2,5,5
"10637",3,6,2,4,4,6,1,4,3,1,1,0,1,0,0,1,1,2,2,6,6
"10638",4,6,5,5,4,6,2,4,4,3,1,1,1,1,0,3,1,2,1,9,7
"10639",5,6,6,9,4,6,5,5,4,1,0,0,2,2,4,1,4,2,1,10,11
"10640",6,6,8,9,6,6,6,9,4,2,2,0,2,0,0,2,2,2,2,12,13
"10641",7,18,9,14,6,6,8,9,6,2,5,6,2,5,0,6,5,1,1,25,18
"10642",8,18,11,14,10,18,9,14,6,2,0,0,4,3,2,2,4,2,2,27,22
"10643",9,21,11,14,12,18,11,14,10,3,2,0,2,0,0,3,2,1,2,30,24
"10644",10,29,11,14,14,21,11,14,12,2,6,4,2,4,0,6,2,1,2,38,26
"10645",11,29,15,16,14,29,11,14,14,4,0,0,2,3,4,4,2,2,1,42,28
"10646",12,29,15,16,14,29,15,16,14,3,4,0,NA,0,0,0,0,0,0,42,28
"10647",0,0,0,0,0,0,0,0,0,0,0,0,0,0,0,0,0,0,0,0,0
"10648",1,1,5,1,3,1,1,1,1,1,4,2,1,2,0,4,2,2,2,4,2
"10649",2,2,5,1,8,1,5,1,3,1,0,0,3,1,5,1,5,1,2,5,7
"10650",3,2,8,2,8,2,5,1,8,3,1,0,1,0,0,3,1,2,1,8,8
"10651",4,2,13,2,11,2,8,2,8,2,5,3,2,3,0,5,3,2,2,13,11
"10652",5,2,15,12,11,2,13,2,11,2,0,0,6,3,6,2,6,2,1,15,21
"10653",6,2,25,12,14,2,15,12,11,3,6,0,3,0,0,6,3,2,2,25,24
"10654",7,6,25,14,14,2,25,12,14,2,2,4,2,2,0,4,2,1,1,29,26
"10655",8,8,25,14,19,6,25,14,14,2,0,0,4,1,5,2,5,1,2,31,31
"10656",9,12,25,14,20,8,25,14,19,4,1,0,1,0,0,4,1,1,2,35,32
"10657",10,12,28,16,20,12,25,14,20,3,2,2,2,2,0,3,2,2,1,38,34
"10658",11,12,30,16,25,12,28,16,20,2,0,0,5,5,1,2,5,2,2,40,39
"10659",12,12,30,16,25,12,30,16,25,5,1,0,NA,0,0,0,0,0,0,40,39
"10660",0,0,0,0,0,0,0,0,0,0,0,0,0,0,0,0,0,0,0,0,0
"10661",1,4,1,1,9,1,1,1,1,3,5,6,5,6,0,3,6,1,2,3,8
"10662",2,4,6,1,12,4,1,1,9,5,0,0,3,3,1,5,3,2,2,8,11
"10663",3,4,9,1,13,4,6,1,12,3,1,0,1,0,0,3,1,2,2,11,12
"10664",4,9,9,2,13,4,9,1,13,5,1,1,1,1,0,5,1,1,1,16,13
"10665",5,9,10,2,18,9,9,2,13,1,0,0,1,3,5,1,5,2,2,17,18
"10666",6,12,10,2,19,9,10,2,18,1,3,0,1,0,0,3,1,1,2,20,19
"10667",7,12,14,2,21,12,10,2,19,1,4,2,1,2,0,4,2,2,2,24,21
"10668",8,13,14,8,22,12,14,2,21,1,0,0,5,1,6,1,6,1,1,25,28
"10669",9,18,14,8,23,13,14,8,22,5,1,0,1,0,0,5,1,1,2,30,29
"10670",10,18,17,11,23,18,14,8,23,3,3,2,3,2,0,3,3,2,1,33,32
"10671",11,20,17,16,23,18,17,11,23,2,0,0,2,5,4,2,5,1,1,35,37
"10672",12,20,17,16,23,20,17,16,23,2,4,0,NA,0,0,0,0,0,0,35,37
"10673",0,0,0,0,0,0,0,0,0,0,0,0,0,0,0,0,0,0,0,0,0
"10674",1,7,10,1,2,1,1,1,1,1,6,1,1,1,0,6,1,1,2,15,1
"10675",2,8,10,1,4,7,10,1,2,1,0,0,2,1,5,1,2,1,2,16,3
"10676",3,13,10,1,5,8,10,1,4,1,5,0,1,0,0,5,1,1,2,21,4
"10677",4,13,15,1,10,13,10,1,5,5,5,5,5,5,0,5,5,2,2,26,9
"10678",5,13,20,1,15,13,15,1,10,5,0,0,1,2,5,5,5,2,2,31,14
"10679",6,14,20,1,17,13,20,1,15,1,2,0,2,0,0,1,2,1,2,32,16
"10680",7,14,31,1,19,14,20,1,17,6,4,2,4,2,0,6,2,2,2,43,18
"10681",8,14,35,5,19,14,31,1,19,4,0,0,4,3,1,4,4,2,1,47,22
"10682",9,17,35,5,20,14,35,5,19,3,1,0,1,0,0,3,1,1,2,50,23
"10683",10,17,37,5,30,17,35,5,20,6,2,6,6,6,0,2,6,2,2,52,33
"10684",11,28,37,1,35,17,37,5,30,6,0,0,3,5,4,6,5,1,2,63,34
"10685",12,28,37,1,35,28,37,1,35,3,4,0,NA,0,0,0,0,0,0,63,34
"10686",0,0,0,0,0,0,0,0,0,0,0,0,0,0,0,0,0,0,0,0,0
"10687",1,1,6,1,5,1,1,1,1,1,5,4,1,4,0,5,4,2,2,5,4
"10688",2,2,6,1,10,1,6,1,5,1,0,0,2,5,5,1,5,1,2,6,9
"10689",3,2,11,3,10,2,6,1,10,2,5,0,2,0,0,5,2,2,1,11,11
"10690",4,7,11,3,14,2,11,3,10,5,3,4,3,4,0,5,4,1,2,16,15
"10691",5,10,11,7,20,7,11,3,14,3,0,0,2,3,6,3,6,1,2,19,25
"10692",6,10,13,7,23,10,11,7,20,2,3,0,3,0,0,2,3,2,2,21,28
"10693",7,13,13,11,23,10,13,7,23,2,3,4,2,4,0,3,4,1,1,24,32
"10694",8,15,1,16,37,13,13,11,23,2,0,0,3,6,2,2,6,1,2,14,51
"10695",9,17,1,19,37,15,1,16,37,3,2,0,3,0,0,2,3,1,1,16,54
"10696",10,22,1,24,39,17,1,19,37,2,6,5,2,6,0,5,2,1,2,21,99
"10697",11,29,1,32,39,22,1,24,39,6,0,0,6,5,4,6,6,1,1,28,107
"10698",12,29,1,32,39,29,1,32,39,5,4,0,NA,0,0,0,0,0,0,28,107
"10699",0,0,0,0,0,0,0,0,0,0,0,0,0,0,0,0,0,0,0,0,0
"10700",1,7,2,8,1,1,1,1,1,2,6,6,2,6,0,6,6,1,1,7,7
"10701",2,9,2,8,5,7,2,8,1,2,0,0,4,5,3,2,4,1,2,9,11
"10702",3,14,2,11,5,9,2,8,5,5,3,0,3,0,0,5,3,1,1,14,14
"10703",4,14,7,11,9,14,2,11,5,1,4,5,1,4,0,5,4,2,2,19,18
"10704",5,15,7,15,9,14,7,11,9,1,0,0,4,3,1,1,4,1,1,20,22
"10705",6,15,10,16,9,15,7,15,9,3,1,0,1,0,0,3,1,2,1,23,23
"10706",7,18,10,16,11,15,10,16,9,3,1,2,1,2,0,3,2,1,2,26,25
"10707",8,18,11,25,11,18,10,16,11,1,0,0,6,6,1,1,6,2,1,27,34
"10708",9,29,14,25,2,18,11,25,11,6,1,0,1,0,0,6,1,1,2,41,25
"10709",10,36,14,28,2,29,14,25,2,6,2,3,2,3,0,6,3,1,1,48,28
"10710",11,38,1,38,7,36,14,28,2,2,0,0,4,6,3,2,4,1,1,37,43
"10711",12,38,1,38,7,38,1,38,7,6,3,0,NA,0,0,0,0,0,0,37,43
"10712",0,0,0,0,0,0,0,0,0,0,0,0,0,0,0,0,0,0,0,0,0
"10713",1,1,9,5,1,1,1,1,1,6,4,3,4,3,0,6,4,2,1,8,4
"10714",2,1,12,10,1,1,9,5,1,3,0,0,5,5,2,3,5,2,1,11,9
"10715",3,6,12,12,1,1,12,10,1,5,2,0,2,0,0,5,2,1,1,16,11
"10716",4,11,12,16,1,6,12,12,1,4,4,5,4,4,0,5,4,1,1,21,15
"10717",5,11,16,20,1,11,12,16,1,4,0,0,3,4,4,4,4,2,1,25,19
"10718",6,14,16,24,1,11,16,20,1,3,4,0,4,0,0,3,4,1,1,28,23
"10719",7,14,1,36,5,14,16,24,1,5,6,3,6,3,0,5,6,2,1,13,39
"10720",8,17,1,38,5,14,1,36,5,3,0,0,5,2,5,3,2,1,1,16,41
"10721",9,17,6,38,10,17,1,38,5,5,5,0,5,0,0,5,5,2,2,21,46
"10722",10,22,6,38,12,17,6,38,10,5,2,4,2,4,0,5,2,1,2,26,48
"10723",11,26,6,38,17,22,6,38,12,4,0,0,5,4,2,4,5,1,2,30,53
"10724",12,26,6,38,17,26,6,38,17,4,2,0,NA,0,0,0,0,0,0,30,53
"10725",0,0,0,0,0,0,0,0,0,0,0,0,0,0,0,0,0,0,0,0,0
"10726",1,6,1,3,1,1,1,1,1,5,3,2,3,2,0,5,2,1,1,5,2
"10727",2,9,1,8,1,6,1,3,1,3,0,0,5,3,5,3,5,1,1,8,7
"10728",3,9,6,11,1,9,1,8,1,3,5,0,3,0,0,5,3,2,1,13,10
"10729",4,14,6,11,5,9,6,11,1,5,3,4,3,4,0,5,4,1,2,18,14
"10730",5,17,6,11,10,14,6,11,5,3,0,0,2,5,5,3,5,1,2,21,19
"10731",6,22,6,11,12,17,6,11,10,2,5,0,2,0,0,5,2,1,2,26,21
"10732",7,22,10,11,14,22,6,11,12,1,4,2,1,2,0,4,2,2,2,30,23
"10733",8,23,10,17,20,22,10,11,14,1,0,0,1,6,5,1,6,1,1,31,35
"10734",9,28,10,18,20,23,10,17,20,1,5,0,1,0,0,5,1,1,1,36,36
"10735",10,31,10,18,21,28,10,18,20,1,1,3,1,1,0,3,1,1,2,39,37
"10736",11,31,11,21,21,31,10,18,21,1,0,0,3,2,2,1,3,2,1,40,40
"10737",12,31,11,21,21,31,11,21,21,2,2,0,NA,0,0,0,0,0,0,40,40
"10738",0,0,0,0,0,0,0,0,0,0,0,0,0,0,0,0,0,0,0,0,0
"10739",1,6,1,1,3,1,1,1,1,2,5,1,2,1,0,5,2,1,2,5,2
"10740",2,7,1,1,7,6,1,1,3,1,0,0,2,4,4,1,4,1,2,6,6
"10741",3,11,1,1,9,7,1,1,7,2,4,0,2,0,0,4,2,1,2,10,8
"10742",4,11,10,1,13,11,1,1,9,4,6,4,4,4,0,6,4,2,2,19,12
"10743",5,11,14,1,17,11,10,1,13,4,0,0,1,1,4,4,4,2,2,23,16
"10744",6,12,14,1,18,11,14,1,17,1,1,0,1,0,0,1,1,1,2,24,17
"10745",7,17,14,1,23,12,14,1,18,5,5,2,5,2,0,5,5,1,2,29,22
"10746",8,19,14,1,26,17,14,1,23,2,0,0,1,3,1,2,3,1,2,31,25
"10747",9,19,15,1,27,19,14,1,26,1,1,0,1,0,0,1,1,2,2,32,26
"10748",10,19,19,1,32,19,15,1,27,3,5,4,3,5,0,4,5,2,2,36,31
"10749",11,22,19,5,38,19,19,1,32,3,0,0,1,1,6,3,6,1,2,39,41
"10750",12,22,19,5,38,22,19,5,38,1,1,0,NA,0,0,0,0,0,0,39,41
"10751",0,0,0,0,0,0,0,0,0,0,0,0,0,0,0,0,0,0,0,0,0
"10752",1,5,1,4,1,1,1,1,1,1,3,4,1,3,0,4,3,1,1,4,3
"10753",2,6,1,4,6,5,1,4,1,1,0,0,5,2,1,1,5,1,2,5,8
"10754",3,8,1,5,6,6,1,4,6,2,1,0,1,0,0,2,1,1,1,7,9
"10755",4,8,6,5,11,8,1,5,6,5,5,4,5,4,0,5,5,2,2,12,14
"10756",5,12,6,5,15,8,6,5,11,4,0,0,5,4,5,4,4,1,2,16,18
"10757",6,17,6,10,15,12,6,5,15,5,5,0,5,0,0,5,5,1,1,21,23
"10758",7,17,17,10,20,17,6,10,15,1,5,6,1,5,0,6,5,2,2,32,28
"10759",8,17,18,15,20,17,17,10,20,1,0,0,4,5,2,1,5,2,1,33,33
"10760",9,21,18,17,20,17,18,15,20,4,2,0,2,0,0,4,2,1,1,37,35
"10761",10,26,18,18,20,21,18,17,20,1,5,1,1,1,0,5,1,1,1,42,36
"10762",11,27,18,18,21,26,18,18,20,1,0,0,1,1,6,1,1,1,2,43,37
"10763",12,27,18,18,21,27,18,18,21,1,6,0,NA,0,0,0,0,0,0,43,37
"10764",0,0,0,0,0,0,0,0,0,0,0,0,0,0,0,0,0,0,0,0,0
"10765",1,1,5,5,1,1,1,1,1,4,4,4,4,4,0,4,4,2,1,4,4
"10766",2,1,9,5,9,1,5,5,1,4,0,0,2,6,4,4,6,2,2,8,12
"10767",3,5,9,5,11,1,9,5,9,2,4,0,2,0,0,4,2,1,2,12,14
"10768",4,8,9,5,13,5,9,5,11,3,2,1,2,1,0,3,2,1,2,15,16
"10769",5,9,9,5,18,8,9,5,13,1,0,0,4,4,5,1,5,1,2,16,21
"10770",6,13,9,5,22,9,9,5,18,4,4,0,4,0,0,4,4,1,2,20,25
"10771",7,13,10,8,22,13,9,5,22,2,3,1,2,3,0,1,3,2,1,21,28
"10772",8,15,10,10,22,13,10,8,22,2,0,0,2,3,3,2,2,1,1,23,30
"10773",9,18,10,13,22,15,10,10,22,3,3,0,3,0,0,3,3,1,1,26,33
"10774",10,21,16,22,28,18,10,13,22,6,6,4,6,4,0,6,6,2,1,35,48
"10775",11,25,16,26,28,21,16,22,28,4,0,0,4,5,6,4,4,1,1,39,52
"10776",12,25,16,26,28,25,16,26,28,5,6,0,NA,0,0,0,0,0,0,39,52
"10777",0,0,0,0,0,0,0,0,0,0,0,0,0,0,0,0,0,0,0,0,0
"10778",1,1,4,5,1,1,1,1,1,3,4,1,4,1,0,3,4,2,1,3,4
"10779",2,1,5,7,1,1,4,5,1,1,0,0,4,2,2,1,2,2,1,4,6
"10780",3,1,9,9,1,1,5,7,1,4,2,0,2,0,0,4,2,2,1,8,8
"10781",4,1,12,13,1,1,9,9,1,1,4,3,1,4,0,3,4,2,1,11,12
"10782",5,2,12,19,5,1,12,13,1,1,0,0,3,3,6,1,6,1,1,12,22
"10783",6,2,15,22,5,2,12,19,5,3,3,0,3,0,0,3,3,2,1,15,25
"10784",7,2,20,22,8,2,15,22,5,5,1,3,1,3,0,5,3,2,2,20,28
"10785",8,3,20,26,8,2,20,22,8,1,0,0,4,1,2,1,4,1,1,21,32
"10786",9,3,22,27,8,3,20,26,8,1,2,0,1,0,0,2,1,2,1,23,33
"10787",10,7,22,31,8,3,22,27,8,4,4,2,4,2,0,4,4,1,1,27,37
"10788",11,9,22,32,8,7,22,31,8,2,0,0,1,2,2,2,1,1,1,29,38
"10789",12,9,22,32,8,9,22,32,8,2,2,0,NA,0,0,0,0,0,0,29,38
"10790",0,0,0,0,0,0,0,0,0,0,0,0,0,0,0,0,0,0,0,0,0
"10791",1,1,6,4,1,1,1,1,1,5,1,3,1,3,0,5,3,2,1,5,3
"10792",2,1,7,4,5,1,6,4,1,1,0,0,3,3,4,1,4,2,2,6,7
"10793",3,1,10,4,8,1,7,4,5,3,3,0,3,0,0,3,3,2,2,9,10
"10794",4,6,10,8,14,1,10,4,8,5,6,3,6,3,0,5,6,1,2,14,20
"10795",5,9,10,8,19,6,10,8,14,3,0,0,1,1,5,3,5,1,2,17,25
"10796",6,10,10,8,20,9,10,8,19,1,1,0,1,0,0,1,1,1,2,18,26
"10797",7,12,10,11,20,10,10,8,20,3,1,2,3,1,0,2,3,1,1,20,29
"10798",8,13,10,11,24,12,10,11,20,1,0,0,4,4,3,1,4,1,2,21,33
"10799",9,13,13,15,24,13,10,11,24,4,3,0,4,0,0,3,4,2,1,24,37
"10800",10,15,13,15,25,13,13,15,24,2,1,2,1,2,0,2,1,1,2,26,38
"10801",11,17,13,29,25,15,13,15,25,2,0,0,6,4,2,2,6,1,1,28,52
"10802",12,17,13,29,25,17,13,29,25,4,2,0,NA,0,0,0,0,0,0,28,52
"10803",0,0,0,0,0,0,0,0,0,0,0,0,0,0,0,0,0,0,0,0,0
"10804",1,6,1,4,1,1,1,1,1,2,5,3,2,3,0,5,3,1,1,5,3
"10805",2,6,3,4,5,6,1,4,1,2,0,0,4,5,4,2,4,2,2,7,7
"10806",3,6,8,8,5,6,3,4,5,5,4,0,4,0,0,5,4,2,1,12,11
"10807",4,6,12,10,5,6,8,8,5,2,4,2,2,2,0,4,2,2,1,16,13
"10808",5,6,14,14,5,6,12,10,5,2,0,0,6,6,4,2,4,2,1,18,17
"10809",6,12,15,20,9,6,14,14,5,6,6,0,6,0,0,6,6,1,1,25,27
"10810",7,16,15,20,14,12,15,20,9,4,5,4,5,4,0,4,5,1,2,29,32
"10811",8,16,19,29,20,16,15,20,14,4,0,0,1,4,6,4,6,2,1,33,47
"10812",9,16,23,29,21,16,19,29,20,1,4,0,1,0,0,4,1,2,2,37,48
"10813",10,16,28,29,29,16,23,29,21,5,1,6,1,6,0,5,6,2,2,42,56
"10814",11,16,29,38,29,16,28,29,29,1,0,0,6,5,2,1,6,2,1,43,65
"10815",12,16,29,38,29,16,29,38,29,5,2,0,NA,0,0,0,0,0,0,43,65
"10816",0,0,0,0,0,0,0,0,0,0,0,0,0,0,0,0,0,0,0,0,0
"10817",1,5,1,1,3,1,1,1,1,1,2,4,1,2,0,4,2,1,2,4,2
"10818",2,5,2,8,3,5,1,1,3,1,0,0,4,6,2,1,6,2,1,5,9
"10819",3,5,6,8,5,5,2,8,3,4,2,0,2,0,0,4,2,2,2,9,11
"10820",4,10,12,8,10,5,6,8,5,1,6,5,1,5,0,6,5,2,2,20,16
"10821",5,10,13,19,16,10,12,8,10,1,0,0,2,3,6,1,6,2,1,21,33
"10822",6,10,16,21,16,10,13,19,16,2,3,0,2,0,0,3,2,2,1,24,35
"10823",7,10,19,23,16,10,16,21,16,1,2,3,1,2,0,3,2,2,1,27,37
"10824",8,10,20,23,17,10,19,23,16,1,0,0,4,3,1,1,1,2,2,28,38
"10825",9,10,24,23,20,10,20,23,17,4,3,0,3,0,0,4,3,2,2,32,41
"10826",10,10,28,26,20,10,24,23,20,3,3,4,3,3,0,4,3,2,1,36,44
"10827",11,10,31,26,30,10,28,26,20,3,0,0,6,6,3,3,6,2,2,39,54
"10828",12,10,31,26,30,10,31,26,30,6,3,0,NA,0,0,0,0,0,0,39,54
"10829",0,0,0,0,0,0,0,0,0,0,0,0,0,0,0,0,0,0,0,0,0
"10830",1,1,6,1,5,1,1,1,1,5,4,1,4,1,0,5,4,2,2,5,4
"10831",2,1,7,1,9,1,6,1,5,1,0,0,5,4,4,1,4,2,2,6,8
"10832",3,1,12,5,9,1,7,1,9,5,4,0,4,0,0,5,4,2,1,11,12
"10833",4,4,12,8,9,1,12,5,9,1,3,3,1,3,0,3,3,1,1,14,15
"10834",5,4,13,13,9,4,12,8,9,1,0,0,2,5,2,1,5,2,1,15,20
"10835",6,6,13,15,9,4,13,13,9,2,2,0,2,0,0,2,2,1,1,17,22
"10836",7,6,18,17,9,6,13,15,9,2,5,3,2,3,0,5,2,2,1,22,24
"10837",8,9,18,17,14,6,18,17,9,3,0,0,1,5,1,3,5,1,2,25,29
"10838",9,10,18,18,14,9,18,17,14,1,1,0,1,0,0,1,1,1,1,26,30
"10839",10,15,18,25,14,10,18,18,14,6,3,5,6,3,0,5,6,1,1,31,37
"10840",11,18,18,36,14,15,18,25,14,3,0,0,6,1,2,3,6,1,1,34,48
"10841",12,18,18,36,14,18,18,36,14,1,2,0,NA,0,0,0,0,0,0,34,48
"10842",0,0,0,0,0,0,0,0,0,0,0,0,0,0,0,0,0,0,0,0,0
"10843",1,7,5,3,1,1,1,1,1,6,2,2,2,2,0,6,2,1,1,10,2
"10844",2,9,5,8,1,7,5,3,1,2,0,0,4,5,4,2,5,1,1,12,7
"10845",3,9,9,12,1,9,5,8,1,4,4,0,4,0,0,4,4,2,1,16,11
"10846",4,14,9,17,1,9,9,12,1,5,2,5,2,5,0,5,5,1,1,21,16
"10847",5,16,9,17,2,14,9,17,1,2,0,0,2,6,1,2,1,1,2,23,17
"10848",6,21,15,19,2,16,9,17,2,2,6,0,2,0,0,6,2,2,1,34,19
"10849",7,30,15,19,7,21,15,19,2,5,6,2,5,2,0,6,5,1,2,43,24
"10850",8,32,15,19,12,30,15,19,7,2,0,0,5,2,5,2,5,1,2,45,29
"10851",9,32,17,24,12,32,15,19,12,2,5,0,5,0,0,2,5,2,1,47,34
"10852",10,37,17,24,16,32,17,24,12,5,4,3,4,3,0,5,4,1,2,52,38
"10853",11,37,20,29,16,37,17,24,16,3,0,0,5,4,4,3,5,2,1,55,43
"10854",12,37,20,29,16,37,20,29,16,4,4,0,NA,0,0,0,0,0,0,55,43
"10855",0,0,0,0,0,0,0,0,0,0,0,0,0,0,0,0,0,0,0,0,0
"10856",1,1,5,1,10,1,1,1,1,4,6,3,6,3,0,4,6,2,2,4,9
"10857",2,1,8,2,10,1,5,1,10,3,0,0,1,1,2,3,1,2,1,7,10
"10858",3,3,8,2,11,1,8,2,10,1,2,0,1,0,0,2,1,1,2,9,11
"10859",4,7,8,8,15,3,8,2,11,4,6,1,6,1,0,4,6,1,1,13,21
"10860",5,7,9,8,18,7,8,8,15,1,0,0,3,4,4,1,3,2,2,14,24
"10861",6,11,9,8,22,7,9,8,18,4,4,0,4,0,0,4,4,1,2,18,28
"10862",7,11,13,19,22,11,9,8,22,4,4,6,4,6,0,4,6,2,1,22,39
"10863",8,15,13,21,22,11,13,19,22,4,0,0,2,4,4,4,2,1,1,26,41
"10864",9,15,17,25,22,15,13,21,22,4,4,0,4,0,0,4,4,2,1,30,45
"10865",10,15,22,25,27,15,17,25,22,5,5,2,5,2,0,5,5,2,2,35,50
"10866",11,15,24,29,27,15,22,25,27,2,0,0,4,2,3,2,4,2,1,37,54
"10867",12,15,24,29,27,15,24,29,27,2,3,0,NA,0,0,0,0,0,0,37,54
"10868",0,0,0,0,0,0,0,0,0,0,0,0,0,0,0,0,0,0,0,0,0
"10869",1,3,7,1,5,1,1,1,1,6,3,4,3,4,0,6,4,2,2,8,4
"10870",2,3,10,1,10,3,7,1,5,3,0,0,6,5,3,3,5,2,2,11,9
"10871",3,13,16,1,13,3,10,1,10,6,3,0,3,0,0,6,3,2,2,27,12
"10872",4,19,17,1,17,13,16,1,13,4,1,6,4,1,0,6,4,1,2,34,16
"10873",5,19,18,1,27,19,17,1,17,1,0,0,4,6,1,1,6,2,2,35,26
"10874",6,19,22,1,28,19,18,1,27,4,1,0,1,0,0,4,1,2,2,39,27
"10875",7,19,27,1,32,19,22,1,28,4,3,5,4,3,0,5,4,2,2,44,31
"10876",8,19,30,3,38,19,27,1,32,3,0,0,2,6,6,3,6,2,2,47,39
"10877",9,19,37,5,38,19,30,3,38,2,6,0,2,0,0,6,2,2,1,54,41
"10878",10,19,38,20,38,19,37,5,38,6,3,1,6,3,0,1,6,2,1,55,56
"10879",11,22,38,28,38,19,38,20,38,3,0,0,6,4,3,3,6,1,1,58,64
"10880",12,22,38,28,38,22,38,28,38,4,3,0,NA,0,0,0,0,0,0,58,64
"10881",0,0,0,0,0,0,0,0,0,0,0,0,0,0,0,0,0,0,0,0,0
"10882",1,1,4,3,1,1,1,1,1,2,2,3,2,2,0,3,2,2,1,3,2
"10883",2,1,6,8,1,1,4,3,1,2,0,0,5,6,5,2,5,2,1,5,7
"10884",3,12,6,8,6,1,6,8,1,6,5,0,5,0,0,6,5,1,2,16,12
"10885",4,17,12,8,11,12,6,8,6,5,2,6,5,2,0,6,5,2,2,27,17
"10886",5,19,12,8,16,17,12,8,11,2,0,0,3,5,1,2,5,1,2,29,22
"10887",6,19,15,9,16,19,12,8,16,3,1,0,1,0,0,3,1,2,1,32,23
"10888",7,19,26,9,20,19,15,9,16,4,6,1,4,1,0,6,4,2,2,43,27
"10889",8,20,26,9,23,19,26,9,20,1,0,0,3,4,3,1,3,1,2,44,30
"10890",9,24,26,9,26,20,26,9,23,4,3,0,3,0,0,4,3,1,2,48,33
"10891",10,26,26,10,26,24,26,9,26,2,1,5,1,5,0,2,1,1,1,50,34
"10892",11,26,31,10,30,26,26,10,26,5,0,0,6,5,4,5,4,2,2,55,38
"10893",12,26,31,10,30,26,31,10,30,6,5,0,NA,0,0,0,0,0,0,55,38
"10894",0,0,0,0,0,0,0,0,0,0,0,0,0,0,0,0,0,0,0,0,0
"10895",1,1,4,4,1,1,1,1,1,3,3,1,3,1,0,3,3,2,1,3,3
"10896",2,1,5,11,1,1,4,4,1,1,0,0,4,6,1,1,6,2,1,4,10
"10897",3,1,9,12,1,1,5,11,1,4,1,0,1,0,0,4,1,2,1,8,11
"10898",4,1,13,17,7,1,9,12,1,5,4,6,5,6,0,4,6,2,2,12,22
"10899",5,6,13,21,7,1,13,17,7,5,0,0,1,4,4,5,4,1,1,17,26
"10900",6,10,13,22,7,6,13,21,7,1,4,0,1,0,0,4,1,1,1,21,27
"10901",7,1,17,34,10,10,13,22,7,4,2,6,2,6,0,4,6,2,1,16,42
"10902",8,1,19,34,11,1,17,34,10,2,0,0,5,1,4,2,1,2,2,18,43
"10903",9,5,19,39,13,1,19,34,11,5,4,0,5,0,0,4,5,1,1,22,88
"10904",10,9,19,39,17,5,19,39,13,4,2,4,2,4,0,4,4,1,2,26,92
"10905",11,9,21,39,21,9,19,39,17,2,0,0,4,6,5,2,4,2,2,28,96
"10906",12,9,21,39,21,9,21,39,21,6,5,0,NA,0,0,0,0,0,0,28,96
"10907",0,0,0,0,0,0,0,0,0,0,0,0,0,0,0,0,0,0,0,0,0
"10908",1,1,4,3,1,1,1,1,1,3,2,1,2,1,0,3,2,2,1,3,2
"10909",2,1,5,6,1,1,4,3,1,1,0,0,1,3,3,1,3,2,1,4,5
"10910",3,4,5,6,2,1,5,6,1,1,3,0,1,0,0,3,1,1,2,7,6
"10911",4,9,5,6,6,4,5,6,2,4,5,4,4,4,0,5,4,1,2,12,10
"10912",5,13,5,15,6,9,5,6,6,4,0,0,3,6,6,4,6,1,1,16,19
"10913",6,16,11,15,9,13,5,15,6,3,6,0,3,0,0,6,3,2,2,25,22
"10914",7,16,15,15,13,16,11,15,9,4,4,2,4,2,0,4,4,2,2,29,26
"10915",8,18,15,15,23,16,15,15,13,2,0,0,6,1,6,2,6,1,2,31,36
"10916",9,22,21,15,24,18,15,15,23,1,6,0,1,0,0,6,1,2,2,41,37
"10917",10,32,27,15,31,22,21,15,24,5,6,6,5,6,0,6,6,1,2,57,44
"10918",11,37,27,15,34,32,27,15,31,5,0,0,3,1,6,5,3,1,2,62,47
"10919",12,37,27,15,34,37,27,15,34,1,6,0,NA,0,0,0,0,0,0,62,47
"10920",0,0,0,0,0,0,0,0,0,0,0,0,0,0,0,0,0,0,0,0,0
"10921",1,11,1,1,6,1,1,1,1,2,6,5,2,5,0,6,5,1,2,10,5
"10922",2,11,3,1,10,11,1,1,6,2,0,0,4,4,4,2,4,2,2,12,9
"10923",3,15,3,1,14,11,3,1,10,4,4,0,4,0,0,4,4,1,2,16,13
"10924",4,19,3,1,28,15,3,1,14,4,2,6,2,6,0,4,6,1,2,20,27
"10925",5,21,3,1,33,19,3,1,28,2,0,0,5,2,3,2,5,1,2,22,32
"10926",6,1,6,3,35,21,3,1,33,2,3,0,2,0,0,3,2,2,1,5,36
"10927",7,6,6,4,39,1,6,3,35,4,5,5,4,5,0,5,4,1,2,10,79
"10928",8,11,6,8,39,6,6,4,39,5,0,0,4,6,6,5,4,1,1,15,83
"10929",9,20,6,21,39,11,6,8,39,6,6,0,6,0,0,6,6,1,1,24,96
"10930",10,30,6,25,39,20,6,21,39,6,4,6,4,6,0,6,4,1,1,34,100
"10931",11,48,6,2,39,30,6,25,39,6,0,0,1,6,1,6,1,1,1,52,77
"10932",12,48,6,2,39,48,6,2,39,6,1,0,NA,0,0,0,0,0,0,52,77
"10933",0,0,0,0,0,0,0,0,0,0,0,0,0,0,0,0,0,0,0,0,0
"10934",1,1,11,1,2,1,1,1,1,1,6,3,1,3,0,6,1,2,2,10,1
"10935",2,4,11,5,2,1,11,1,2,3,0,0,1,4,2,3,4,1,1,13,5
"10936",3,4,12,7,2,4,11,5,2,1,2,0,2,0,0,1,2,2,1,14,7
"10937",4,10,17,11,2,4,12,7,2,6,5,4,5,4,0,6,4,1,1,25,11
"10938",5,15,17,12,2,10,17,11,2,5,0,0,3,1,1,5,1,1,1,30,12
"10939",6,16,17,15,2,15,17,12,2,3,1,0,3,0,0,1,3,1,1,31,15
"10940",7,1,17,21,8,16,17,15,2,3,6,4,3,4,0,6,3,1,2,16,27
"10941",8,1,21,25,8,1,17,21,8,4,0,0,1,4,4,4,4,2,1,20,31
"10942",9,5,21,26,8,1,21,25,8,1,4,0,1,0,0,4,1,1,1,24,32
"10943",10,5,23,29,8,5,21,26,8,2,3,2,3,2,0,2,3,2,1,26,35
"10944",11,7,23,30,8,5,23,29,8,2,0,0,1,2,2,2,1,1,1,28,36
"10945",12,7,23,30,8,7,23,30,8,2,2,0,NA,0,0,0,0,0,0,28,36
"10946",0,0,0,0,0,0,0,0,0,0,0,0,0,0,0,0,0,0,0,0,0
"10947",1,6,1,1,5,1,1,1,1,5,4,2,4,2,0,5,4,1,2,5,4
"10948",2,8,1,1,12,6,1,1,5,2,0,0,3,6,6,2,6,1,2,7,11
"10949",3,18,1,1,15,8,1,1,12,3,6,0,3,0,0,6,3,1,2,17,14
"10950",4,22,1,1,20,18,1,1,15,5,2,4,5,2,0,4,5,1,2,21,19
"10951",5,22,3,11,20,22,1,1,20,2,0,0,1,6,6,2,6,2,1,23,29
"10952",6,32,3,12,20,22,3,11,20,1,6,0,1,0,0,6,1,1,1,33,30
"10953",7,38,7,16,20,32,3,12,20,6,4,2,4,2,0,6,4,1,1,43,34
"10954",8,38,9,18,20,38,7,16,20,2,0,0,2,1,2,2,2,2,1,45,36
"10955",9,39,13,20,20,38,9,18,20,1,2,0,2,0,0,1,2,1,1,88,38
"10956",10,39,18,21,20,39,13,20,20,1,3,5,1,3,0,5,1,2,1,93,39
"10957",11,39,21,25,20,39,18,21,20,3,0,0,6,4,3,3,4,2,1,96,43
"10958",12,39,21,25,20,39,21,25,20,6,3,0,NA,0,0,0,0,0,0,96,43
"10959",0,0,0,0,0,0,0,0,0,0,0,0,0,0,0,0,0,0,0,0,0
"10960",1,7,3,1,5,1,1,1,1,4,6,1,4,1,0,6,4,1,2,8,4
"10961",2,8,3,3,11,7,3,1,5,1,0,0,1,6,6,1,6,1,2,9,12
"10962",3,10,9,4,11,8,3,3,11,1,6,0,1,0,0,6,1,2,1,17,13
"10963",4,10,13,7,11,10,9,4,11,4,3,1,3,1,0,4,3,2,1,21,16
"10964",5,11,13,7,14,10,13,7,11,1,0,0,3,2,6,1,3,1,2,22,19
"10965",6,12,19,7,16,11,13,7,14,2,6,0,2,0,0,6,2,2,2,29,21
"10966",7,19,19,10,22,12,19,7,16,6,4,6,4,6,0,6,6,1,2,36,30
"10967",8,23,19,10,27,19,19,10,22,4,0,0,5,2,2,4,5,1,2,40,35
"10968",9,23,21,12,27,23,19,10,27,2,2,0,2,0,0,2,2,2,1,42,37
"10969",10,28,21,12,31,23,21,12,27,2,4,5,2,4,0,5,4,1,2,47,41
"10970",11,28,23,15,31,28,21,12,31,2,0,0,6,2,3,2,3,2,1,49,44
"10971",12,28,23,15,31,28,23,15,31,6,2,0,NA,0,0,0,0,0,0,49,44
"10972",0,0,0,0,0,0,0,0,0,0,0,0,0,0,0,0,0,0,0,0,0
"10973",1,1,10,4,1,1,1,1,1,2,3,6,2,3,0,6,3,2,1,9,3
"10974",2,1,12,11,1,1,10,4,1,2,0,0,1,5,6,2,6,2,1,11,10
"10975",3,1,17,12,1,1,12,11,1,1,5,0,1,0,0,5,1,2,1,16,11
"10976",4,5,23,17,1,1,17,12,1,5,6,2,5,2,0,6,5,2,1,26,16
"10977",5,5,1,19,7,5,23,17,1,2,0,0,4,3,6,2,6,2,2,4,24
"10978",6,9,1,19,10,5,1,19,7,4,3,0,3,0,0,4,3,1,2,8,27
"10979",7,12,1,24,10,9,1,19,10,3,1,5,1,5,0,3,5,1,1,11,32
"10980",8,1,2,30,11,12,1,24,10,1,0,0,1,6,1,1,6,2,1,1,39
"10981",9,1,3,30,12,1,2,30,11,1,1,0,1,0,0,1,1,2,2,2,40
"10982",10,1,7,36,18,1,3,30,12,2,4,6,2,6,0,4,6,2,1,6,52
"10983",11,3,7,36,22,1,7,36,18,2,0,0,4,2,2,2,4,1,2,8,56
"10984",12,3,7,36,22,3,7,36,22,2,2,0,NA,0,0,0,0,0,0,8,56
"10985",0,0,0,0,0,0,0,0,0,0,0,0,0,0,0,0,0,0,0,0,0
"10986",1,5,1,7,3,1,1,1,1,4,6,2,6,2,0,4,6,1,1,4,8
"10987",2,5,3,13,7,5,1,7,3,2,0,0,6,3,1,2,6,2,1,6,18
"10988",3,8,3,14,7,5,3,13,7,3,1,0,1,0,0,3,1,1,1,9,19
"10989",4,8,6,14,9,8,3,14,7,2,3,1,2,1,0,3,2,2,2,12,21
"10990",5,9,6,14,14,8,6,14,9,1,0,0,3,5,1,1,5,1,2,13,26
"10991",6,12,6,15,14,9,6,14,14,3,1,0,1,0,0,3,1,1,1,16,27
"10992",7,17,6,19,14,12,6,15,14,5,1,4,1,4,0,5,4,1,1,21,31
"10993",8,18,6,19,19,17,6,19,14,1,0,0,3,5,2,1,5,1,2,22,36
"10994",9,20,6,22,19,18,6,19,19,3,2,0,3,0,0,2,3,1,1,24,39
"10995",10,25,6,23,19,20,6,22,19,5,1,4,1,4,0,5,1,1,1,29,40
"10996",11,29,1,35,19,25,6,23,19,4,0,0,1,4,1,4,1,1,1,28,52
"10997",12,29,1,35,19,29,1,35,19,4,1,0,NA,0,0,0,0,0,0,28,52
"10998",0,0,0,0,0,0,0,0,0,0,0,0,0,0,0,0,0,0,0,0,0
"10999",1,2,1,6,1,1,1,1,1,1,5,2,5,2,0,1,5,1,1,1,5
"11000",2,4,1,6,10,2,1,6,1,2,0,0,6,1,1,2,6,1,2,3,14
"11001",3,4,2,7,10,4,1,6,10,1,1,0,1,0,0,1,1,2,1,4,15
"11002",4,6,2,7,12,4,2,7,10,2,2,3,2,3,0,2,2,1,2,6,17
"11003",5,6,5,11,18,6,2,7,12,3,0,0,6,6,5,3,6,2,2,9,27
"11004",6,11,5,17,19,6,5,11,18,6,5,0,6,0,0,5,6,1,1,14,34
"11005",7,22,5,22,19,11,5,17,19,6,5,1,5,1,0,6,5,1,1,25,39
"11006",8,23,5,24,19,22,5,22,19,1,0,0,2,6,6,1,2,1,1,26,41
"11007",9,35,10,31,19,23,5,24,19,6,6,0,6,0,0,6,6,1,1,43,48
"11008",10,39,17,8,19,35,10,31,19,4,6,4,6,4,0,4,6,1,1,92,25
"11009",11,39,21,13,19,39,17,8,19,4,0,0,5,6,5,4,5,2,1,96,30
"11010",12,39,21,13,19,39,21,13,19,6,5,0,NA,0,0,0,0,0,0,96,30
"11011",0,0,0,0,0,0,0,0,0,0,0,0,0,0,0,0,0,0,0,0,0
"11012",1,5,1,4,1,1,1,1,1,4,3,1,3,1,0,4,3,1,1,4,3
"11013",2,5,2,10,2,5,1,4,1,1,0,0,4,3,6,1,6,2,1,5,10
"11014",3,9,2,13,2,5,2,10,2,4,3,0,3,0,0,4,3,1,1,9,13
"11015",4,11,2,19,12,9,2,13,2,6,3,2,6,3,0,2,6,1,1,11,29
"11016",5,14,1,20,20,11,2,19,12,3,0,0,6,6,4,3,6,1,2,13,38
"11017",6,24,1,20,24,14,1,20,20,6,4,0,4,0,0,6,4,1,2,23,42
"11018",7,26,1,31,1,24,1,20,24,1,4,5,1,4,0,5,4,2,1,25,30
"11019",8,26,2,37,2,26,1,31,1,1,0,0,6,2,5,1,6,2,1,26,37
"11020",9,31,2,39,4,26,2,37,2,2,5,0,2,0,0,5,2,1,1,31,79
"11021",10,36,2,39,5,31,2,39,4,5,5,1,5,1,0,5,1,1,2,36,80
"11022",11,36,7,39,7,36,2,39,5,5,0,0,2,4,5,5,2,2,2,41,82
"11023",12,36,7,39,7,36,7,39,7,4,5,0,NA,0,0,0,0,0,0,41,82
"11024",0,0,0,0,0,0,0,0,0,0,0,0,0,0,0,0,0,0,0,0,0
"11025",1,3,1,1,3,1,1,1,1,2,1,2,1,2,0,2,2,1,2,2,2
"11026",2,4,1,1,5,3,1,1,3,1,0,0,1,2,2,1,2,1,2,3,4
"11027",3,5,1,1,7,4,1,1,5,1,2,0,2,0,0,1,2,1,2,4,6
"11028",4,5,4,1,11,5,1,1,7,3,5,4,5,4,0,3,4,2,2,7,10
"11029",5,5,9,7,17,5,4,1,11,5,0,0,4,5,6,5,6,2,2,12,22
"11030",6,5,14,7,21,5,9,7,17,4,5,0,4,0,0,5,4,2,2,17,26
"11031",7,1,30,1,24,5,14,7,21,3,2,6,3,2,0,6,2,2,2,29,23
"11032",8,1,33,5,24,1,30,1,24,3,0,0,6,4,1,3,4,2,1,32,27
"11033",9,5,39,6,24,1,33,5,24,6,1,0,1,0,0,6,1,2,1,80,28
"11034",10,14,39,6,28,5,39,6,24,6,4,1,4,1,0,6,4,1,2,89,32
"11035",11,15,39,10,28,14,39,6,28,1,0,0,6,2,4,1,4,1,1,90,36
"11036",12,15,39,10,28,15,39,10,28,6,2,0,NA,0,0,0,0,0,0,90,36
"11037",0,0,0,0,0,0,0,0,0,0,0,0,0,0,0,0,0,0,0,0,0
"11038",1,6,1,9,1,1,1,1,1,5,5,6,5,6,0,5,6,1,1,5,8
"11039",2,6,6,15,2,6,1,9,1,5,0,0,3,6,1,5,6,2,1,10,15
"11040",3,9,6,15,3,6,6,15,2,3,1,0,1,0,0,3,1,1,2,13,16
"11041",4,15,8,15,7,9,6,15,3,1,6,4,1,4,0,6,4,1,2,21,20
"11042",5,15,9,15,11,15,8,15,7,1,0,0,3,4,3,1,4,2,2,22,24
"11043",6,18,9,18,11,15,9,15,11,3,3,0,3,0,0,3,3,1,1,25,27
"11044",7,24,15,21,11,18,9,18,11,3,3,6,3,3,0,6,3,2,1,37,30
"11045",8,27,15,23,11,24,15,21,11,3,0,0,2,4,6,3,2,1,1,40,32
"11046",9,38,21,27,11,27,15,23,11,4,6,0,4,0,0,6,4,2,1,57,36
"11047",10,38,1,39,14,38,21,27,11,6,1,6,1,6,0,6,6,2,1,37,89
"11048",11,39,2,39,15,38,1,39,14,1,0,0,4,1,3,1,1,1,2,77,90
"11049",12,39,2,39,15,39,2,39,15,4,3,0,NA,0,0,0,0,0,0,77,90
"11050",0,0,0,0,0,0,0,0,0,0,0,0,0,0,0,0,0,0,0,0,0
"11051",1,1,3,4,7,1,1,1,1,3,6,2,3,6,0,2,6,2,2,2,9
"11052",2,4,3,6,7,1,3,4,7,3,0,0,2,2,1,3,2,1,1,5,11
"11053",3,5,3,6,9,4,3,6,7,2,1,0,2,0,0,1,2,1,2,6,13
"11054",4,10,3,6,11,5,3,6,9,2,5,2,2,2,0,5,2,1,2,11,15
"11055",5,12,3,6,16,10,3,6,11,2,0,0,3,5,2,2,5,1,2,13,20
"11056",6,12,6,6,18,12,3,6,16,3,2,0,2,0,0,3,2,2,2,16,22
"11057",7,18,12,6,21,12,6,6,18,1,6,3,1,3,0,6,3,2,2,28,25
"11058",8,18,1,10,37,18,12,6,21,1,0,0,2,6,1,1,6,2,2,17,45
"11059",9,20,1,11,37,18,1,10,37,2,1,0,1,0,0,2,1,1,1,19,46
"11060",10,24,1,16,37,20,1,11,37,1,4,5,1,5,0,4,5,1,1,23,51
"11061",11,25,1,21,37,24,1,16,37,1,0,0,5,5,1,1,5,1,1,24,56
"11062",12,25,1,21,37,25,1,21,37,5,1,0,NA,0,0,0,0,0,0,24,56
"11063",0,0,0,0,0,0,0,0,0,0,0,0,0,0,0,0,0,0,0,0,0
"11064",1,7,2,1,5,1,1,1,1,6,3,4,3,4,0,6,4,1,2,7,4
"11065",2,7,5,6,5,7,2,1,5,3,0,0,5,3,3,3,5,2,1,10,9
"11066",3,7,8,6,8,7,5,6,5,3,3,0,3,0,0,3,3,2,2,13,12
"11067",4,7,13,7,8,7,8,6,8,5,1,1,1,1,0,5,1,2,1,18,13
"11068",5,7,14,13,11,7,13,7,8,1,0,0,6,3,4,1,6,2,1,19,22
"11069",6,11,14,13,14,7,14,13,11,3,4,0,3,0,0,4,3,1,2,23,25
"11070",7,11,18,13,16,11,14,13,14,4,1,2,1,2,0,4,2,2,2,27,27
"11071",8,12,18,13,20,11,18,13,16,1,0,0,3,3,4,1,4,1,2,28,31
"11072",9,12,21,16,20,12,18,13,20,3,3,0,3,0,0,3,3,2,1,31,34
"11073",10,22,21,27,20,12,21,16,20,6,3,6,3,6,0,6,6,1,1,41,45
"11074",11,22,24,37,20,22,21,27,20,3,0,0,6,4,4,3,6,2,1,44,55
"11075",12,22,24,37,20,22,24,37,20,4,4,0,NA,0,0,0,0,0,0,44,55
"11076",0,0,0,0,0,0,0,0,0,0,0,0,0,0,0,0,0,0,0,0,0
"11077",1,1,5,6,1,1,1,1,1,4,4,5,4,5,0,4,5,2,1,4,5
"11078",2,1,9,10,1,1,5,6,1,4,0,0,1,4,1,4,4,2,1,8,9
"11079",3,1,10,10,2,1,9,10,1,1,1,0,1,0,0,1,1,2,2,9,10
"11080",4,1,14,10,7,1,10,10,2,5,2,4,5,2,0,4,5,2,2,13,15
"11081",5,1,16,16,12,1,14,10,7,2,0,0,6,3,2,2,6,2,1,15,26
"11082",6,1,19,18,12,1,16,16,12,3,2,0,2,0,0,3,2,2,1,18,28
"11083",7,1,20,18,17,1,19,18,12,4,5,1,4,5,0,1,5,2,2,19,33
"11084",8,1,24,18,19,1,20,18,17,4,0,0,2,5,3,4,2,2,2,23,35
"11085",9,1,29,21,19,1,24,18,19,5,3,0,3,0,0,5,3,2,1,28,38
"11086",10,10,39,24,19,1,29,21,19,6,3,3,3,3,0,6,3,2,1,85,41
"11087",11,13,39,29,19,10,39,24,19,3,0,0,5,2,2,3,5,1,1,88,46
"11088",12,13,39,29,19,13,39,29,19,2,2,0,NA,0,0,0,0,0,0,88,46
"11089",0,0,0,0,0,0,0,0,0,0,0,0,0,0,0,0,0,0,0,0,0
"11090",1,1,4,1,16,1,1,1,1,6,3,6,6,6,0,3,6,2,2,3,15
"11091",2,2,10,1,21,1,4,1,16,6,0,0,5,3,3,6,5,2,2,10,20
"11092",3,2,13,1,24,2,10,1,21,3,3,0,3,0,0,3,3,2,2,13,23
"11093",4,8,13,6,1,2,13,1,24,6,5,4,6,5,0,4,5,1,1,19,5
"11094",5,14,18,10,1,8,13,6,1,6,0,0,4,1,5,6,4,1,1,30,9
"11095",6,14,19,15,1,14,18,10,1,1,5,0,5,0,0,1,5,2,1,31,14
"11096",7,21,19,32,1,14,19,15,1,6,4,6,4,6,0,6,6,1,1,38,31
"11097",8,21,23,38,6,21,19,32,1,4,0,0,6,6,1,4,6,2,1,42,42
"11098",9,27,29,39,4,21,23,38,6,6,1,0,1,0,0,6,1,2,1,54,79
"11099",10,1,29,39,21,27,29,39,4,6,3,1,6,1,0,3,6,1,2,28,96
"11100",11,1,30,39,29,1,29,39,21,1,0,0,3,6,4,1,6,2,2,29,104
"11101",12,1,30,39,29,1,30,39,29,3,4,0,NA,0,0,0,0,0,0,29,104
"11102",0,0,0,0,0,0,0,0,0,0,0,0,0,0,0,0,0,0,0,0,0
"11103",1,6,1,11,1,1,1,1,1,5,6,5,6,5,0,5,6,1,1,5,10
"11104",2,11,1,17,7,6,1,11,1,5,0,0,2,4,6,5,6,1,2,10,22
"11105",3,15,1,17,9,11,1,17,7,2,4,0,2,0,0,4,2,1,2,14,24
"11106",4,15,4,17,17,15,1,17,9,4,3,6,4,6,0,3,6,2,2,17,32
"11107",5,19,4,17,18,15,4,17,17,4,0,0,4,2,1,4,1,1,2,21,33
"11108",6,23,4,19,18,19,4,17,18,4,2,0,2,0,0,4,2,1,1,25,35
"11109",7,26,4,19,21,23,4,19,18,3,3,5,3,5,0,3,3,1,2,28,38
"11110",8,31,4,19,32,26,4,19,21,5,0,0,4,6,4,5,6,1,2,33,49
"11111",9,35,4,19,36,31,4,19,32,4,4,0,4,0,0,4,4,1,2,37,53
"11112",10,39,8,19,37,35,4,19,36,4,1,4,1,4,0,4,1,1,2,83,54
"11113",11,39,12,23,37,39,8,19,37,4,0,0,4,6,1,4,4,2,1,87,58
"11114",12,39,12,23,37,39,12,23,37,6,1,0,NA,0,0,0,0,0,0,87,58
"11115",0,0,0,0,0,0,0,0,0,0,0,0,0,0,0,0,0,0,0,0,0
"11116",1,5,13,7,3,1,1,1,1,6,3,6,3,6,0,6,6,2,1,16,8
"11117",2,8,13,13,8,5,13,7,3,3,0,0,1,3,6,3,6,1,1,19,19
"11118",3,11,13,14,8,8,13,13,8,1,3,0,1,0,0,3,1,1,1,22,20
"11119",4,13,19,14,13,11,13,14,8,6,1,5,1,5,0,6,5,2,2,30,25
"11120",5,13,20,18,25,13,19,14,13,1,0,0,1,4,6,1,6,2,2,31,41
"11121",6,13,24,19,25,13,20,18,25,1,4,0,1,0,0,4,1,2,1,35,42
"11122",7,14,24,24,25,13,24,19,25,5,1,1,5,1,0,1,5,1,1,36,47
"11123",8,14,25,27,37,14,24,24,25,1,0,0,3,6,3,1,6,2,2,37,62
"11124",9,14,28,30,37,14,25,27,37,3,3,0,3,0,0,3,3,2,1,40,65
"11125",10,14,33,35,39,14,28,30,37,2,4,5,2,4,0,5,2,2,2,45,110
"11126",11,18,33,36,39,14,33,35,39,4,0,0,5,1,5,4,1,1,1,49,111
"11127",12,18,33,36,39,18,33,36,39,5,5,0,NA,0,0,0,0,0,0,49,111
"11128",0,0,0,0,0,0,0,0,0,0,0,0,0,0,0,0,0,0,0,0,0
"11129",1,1,4,1,6,1,1,1,1,3,3,5,3,5,0,3,5,2,2,3,5
"11130",2,4,4,1,11,1,4,1,6,3,0,0,5,4,6,3,5,1,2,6,10
"11131",3,9,10,1,15,4,4,1,11,4,6,0,4,0,0,6,4,2,2,17,14
"11132",4,13,10,1,18,9,10,1,15,4,3,2,3,2,0,4,3,1,2,21,17
"11133",5,13,12,1,22,13,10,1,18,2,0,0,4,2,1,2,4,2,2,23,21
"11134",6,15,12,2,22,13,12,1,22,2,1,0,1,0,0,2,1,1,1,25,22
"11135",7,16,18,2,30,15,12,2,22,5,6,6,5,6,0,6,6,2,2,32,30
"11136",8,16,23,7,30,16,18,2,30,5,0,0,5,5,5,5,5,2,1,37,35
"11137",9,16,28,7,35,16,23,7,30,5,5,0,5,0,0,5,5,2,2,42,40
"11138",10,20,34,7,6,16,28,7,35,5,6,1,5,6,0,1,5,1,2,52,11
"11139",11,1,36,15,6,20,34,7,6,6,0,0,6,1,4,6,1,1,1,35,19
"11140",12,1,36,15,6,1,36,15,6,6,4,0,NA,0,0,0,0,0,0,35,19
"11141",0,0,0,0,0,0,0,0,0,0,0,0,0,0,0,0,0,0,0,0,0
"11142",1,4,1,7,2,1,1,1,1,6,3,2,6,2,0,3,6,1,1,3,7
"11143",2,4,3,13,6,4,1,7,2,2,0,0,6,1,3,2,6,2,1,5,17
"11144",3,7,3,13,7,4,3,13,6,1,3,0,1,0,0,3,1,1,2,8,18
"11145",4,12,3,18,7,7,3,13,7,5,5,2,5,2,0,5,5,1,1,13,23
"11146",5,12,5,18,10,12,3,18,7,2,0,0,3,3,5,2,3,2,2,15,26
"11147",6,12,10,18,13,12,5,18,10,3,5,0,3,0,0,5,3,2,2,20,29
"11148",7,12,11,18,16,12,10,18,13,2,1,3,2,3,0,1,3,2,2,21,32
"11149",8,14,11,21,16,12,11,18,16,2,0,0,3,1,3,2,3,1,1,23,35
"11150",9,17,11,22,16,14,11,21,16,1,3,0,1,0,0,3,1,1,1,26,36
"11151",10,17,16,22,20,17,11,22,16,5,3,4,3,4,0,5,4,2,2,31,40
"11152",11,20,16,27,20,17,16,22,20,3,0,0,5,4,5,3,5,1,1,34,45
"11153",12,20,16,27,20,20,16,27,20,4,5,0,NA,0,0,0,0,0,0,34,45
"11154",0,0,0,0,0,0,0,0,0,0,0,0,0,0,0,0,0,0,0,0,0
"11155",1,7,9,1,3,1,1,1,1,2,6,2,2,2,0,6,2,1,2,14,2
"11156",2,7,11,1,13,7,9,1,3,2,0,0,3,6,2,2,6,2,2,16,12
"11157",3,7,14,1,15,7,11,1,13,3,2,0,2,0,0,3,2,2,2,19,14
"11158",4,18,14,1,23,7,14,1,15,6,5,6,5,6,0,6,6,1,2,30,22
"11159",5,18,19,1,32,18,14,1,23,5,0,0,3,6,4,5,6,2,2,35,31
"11160",6,18,22,1,36,18,19,1,32,3,4,0,4,0,0,3,4,2,2,38,35
"11161",7,18,1,15,39,18,22,1,36,2,3,6,2,6,0,3,6,2,1,17,90
"11162",8,20,1,16,39,18,1,15,39,2,0,0,1,5,1,2,1,1,1,19,91
"11163",9,25,1,17,39,20,1,16,39,5,1,0,1,0,0,5,1,1,1,24,92
"11164",10,28,1,24,39,25,1,17,39,3,6,4,6,4,0,3,6,1,1,27,99
"11165",11,32,1,26,39,28,1,24,39,4,0,0,2,5,5,4,2,1,1,31,101
"11166",12,32,1,26,39,32,1,26,39,5,5,0,NA,0,0,0,0,0,0,31,101
"11167",0,0,0,0,0,0,0,0,0,0,0,0,0,0,0,0,0,0,0,0,0
"11168",1,2,1,1,5,1,1,1,1,1,4,2,4,2,0,1,4,1,2,1,4
"11169",2,2,3,1,10,2,1,1,5,2,0,0,4,5,5,2,5,2,2,3,9
"11170",3,2,8,5,10,2,3,1,10,4,5,0,4,0,0,5,4,2,1,8,13
"11171",4,7,8,6,10,2,8,5,10,1,5,1,1,1,0,5,1,1,1,13,14
"11172",5,7,9,10,10,7,8,6,10,1,0,0,2,1,4,1,4,2,1,14,18
"11173",6,9,9,11,10,7,9,10,10,2,1,0,1,0,0,2,1,1,1,16,19
"11174",7,18,9,16,10,9,9,11,10,5,4,6,5,4,0,6,5,1,1,25,24
"11175",8,22,9,22,11,18,9,16,10,4,0,0,6,5,5,4,6,1,1,29,31
"11176",9,22,14,22,16,22,9,22,11,5,5,0,5,0,0,5,5,2,2,34,36
"11177",10,22,18,22,18,22,14,22,16,2,1,4,2,1,0,4,2,2,2,38,38
"11178",11,22,19,26,18,22,18,22,18,1,0,0,4,5,4,1,4,2,1,39,42
"11179",12,22,19,26,18,22,19,26,18,5,4,0,NA,0,0,0,0,0,0,39,42
"11180",0,0,0,0,0,0,0,0,0,0,0,0,0,0,0,0,0,0,0,0,0
"11181",1,2,1,9,1,1,1,1,1,1,6,6,6,6,0,1,6,1,1,1,8
"11182",2,6,7,9,5,2,1,9,1,6,0,0,4,4,2,6,4,2,2,11,12
"11183",3,6,11,9,7,6,7,9,5,4,2,0,2,0,0,4,2,2,2,15,14
"11184",4,6,15,9,11,6,11,9,7,4,4,1,4,1,0,4,4,2,2,19,18
"11185",5,6,16,9,15,6,15,9,11,1,0,0,4,4,1,1,4,2,2,20,22
"11186",6,10,16,10,15,6,16,9,15,4,1,0,1,0,0,4,1,1,1,24,23
"11187",7,13,22,15,27,10,16,10,15,6,6,5,6,5,0,6,6,2,2,33,40
"11188",8,13,27,20,27,13,22,15,27,5,0,0,3,5,3,5,5,2,1,38,45
"11189",9,13,30,20,30,13,27,20,27,3,3,0,3,0,0,3,3,2,2,41,48
"11190",10,14,30,24,30,13,30,20,30,4,2,1,4,2,0,1,4,1,1,42,52
"11191",11,14,32,25,30,14,30,24,30,2,0,0,1,5,5,2,1,2,1,44,53
"11192",12,14,32,25,30,14,32,25,30,5,5,0,NA,0,0,0,0,0,0,44,53
"11193",0,0,0,0,0,0,0,0,0,0,0,0,0,0,0,0,0,0,0,0,0
"11194",1,6,1,5,1,1,1,1,1,5,3,4,3,4,0,5,4,1,1,5,4
"11195",2,6,4,10,1,6,1,5,1,3,0,0,2,5,1,3,5,2,1,8,9
"11196",3,8,4,10,2,6,4,10,1,2,1,0,1,0,0,2,1,1,2,10,10
"11197",4,14,6,10,18,8,4,10,2,2,6,6,2,6,0,6,6,1,2,18,26
"11198",5,16,6,10,23,14,6,10,18,2,0,0,5,3,2,2,5,1,2,20,31
"11199",6,18,6,10,26,16,6,10,23,3,2,0,3,0,0,2,3,1,2,22,34
"11200",7,22,6,14,26,18,6,10,26,4,4,4,4,4,0,4,4,1,1,26,38
"11201",8,26,6,14,31,22,6,14,26,4,0,0,2,2,5,4,5,1,2,30,43
"11202",9,28,6,14,33,26,6,14,31,2,2,0,2,0,0,2,2,1,2,32,45
"11203",10,33,15,6,1,28,6,14,33,4,3,5,3,5,0,4,5,1,1,46,5
"11204",11,36,15,15,1,33,15,6,1,3,0,0,6,1,2,3,6,1,1,49,14
"11205",12,36,15,15,1,36,15,15,1,1,2,0,NA,0,0,0,0,0,0,49,14
"11206",0,0,0,0,0,0,0,0,0,0,0,0,0,0,0,0,0,0,0,0,0
"11207",1,7,6,1,15,1,1,1,1,6,5,6,5,6,0,6,6,1,2,11,14
"11208",2,12,6,1,19,7,6,1,15,5,0,0,3,3,4,5,4,1,2,16,18
"11209",3,12,9,1,22,12,6,1,19,3,3,0,3,0,0,3,3,2,2,19,21
"11210",4,17,1,1,31,12,9,1,22,5,3,5,3,5,0,5,5,1,2,16,30
"11211",5,20,1,1,34,17,1,1,31,3,0,0,2,3,3,3,3,1,2,19,33
"11212",6,20,4,1,36,20,1,1,34,2,3,0,2,0,0,3,2,2,2,22,35
"11213",7,20,8,1,38,20,4,1,36,4,2,4,2,4,0,4,2,2,2,26,37
"11214",8,24,8,11,38,20,8,1,38,4,0,0,3,6,2,4,6,1,1,30,47
"11215",9,27,8,13,38,24,8,11,38,3,2,0,2,0,0,3,2,1,1,33,49
"11216",10,34,8,6,38,27,8,13,38,4,5,2,5,2,0,4,5,1,1,40,42
"11217",11,36,8,15,38,34,8,6,38,2,0,0,4,6,2,2,6,1,1,42,51
"11218",12,36,8,15,38,36,8,15,38,4,2,0,NA,0,0,0,0,0,0,42,51
"11219",0,0,0,0,0,0,0,0,0,0,0,0,0,0,0,0,0,0,0,0,0
"11220",1,6,1,4,1,1,1,1,1,5,3,2,3,2,0,5,3,1,1,5,3
"11221",2,8,1,4,2,6,1,4,1,2,0,0,2,1,1,2,1,1,2,7,4
"11222",3,10,1,4,3,8,1,4,2,2,1,0,1,0,0,2,1,1,2,9,5
"11223",4,17,1,4,5,10,1,4,3,6,2,1,2,1,0,6,2,1,2,16,7
"11224",5,17,2,4,14,17,1,4,5,1,0,0,2,6,5,1,6,2,2,17,16
"11225",6,25,2,3,14,17,2,4,14,2,5,0,2,0,0,5,2,1,1,25,15
"11226",7,31,5,3,18,25,2,3,14,6,4,1,4,1,0,6,4,1,2,34,19
"11227",8,32,5,7,18,31,5,3,18,1,0,0,3,3,4,1,4,1,1,35,23
"11228",9,35,5,10,18,32,5,7,18,3,3,0,3,0,0,3,3,1,1,38,26
"11229",10,35,10,13,18,35,5,10,18,3,5,4,3,4,0,5,3,2,1,43,29
"11230",11,1,14,25,18,35,10,13,18,4,0,0,5,4,3,4,4,2,1,13,41
"11231",12,1,14,25,18,1,14,25,18,5,3,0,NA,0,0,0,0,0,0,13,41
"11232",0,0,0,0,0,0,0,0,0,0,0,0,0,0,0,0,0,0,0,0,0
"11233",1,9,1,6,1,1,1,1,1,2,5,6,2,5,0,6,5,1,1,8,5
"11234",2,9,3,6,6,9,1,6,1,2,0,0,5,2,2,2,5,2,2,10,10
"11235",3,9,5,6,8,9,3,6,6,2,2,0,2,0,0,2,2,2,2,12,12
"11236",4,9,10,6,13,9,5,6,8,1,5,5,1,5,0,5,5,2,2,17,17
"11237",5,10,10,6,21,9,10,6,13,1,0,0,1,6,5,1,6,1,2,18,25
"11238",6,15,10,6,22,10,10,6,21,1,5,0,1,0,0,5,1,1,2,23,26
"11239",7,21,12,10,28,15,10,6,22,6,2,6,2,6,0,6,6,1,2,31,36
"11240",8,23,12,16,29,21,12,10,28,2,0,0,6,3,5,2,6,1,1,33,43
"11241",9,28,12,19,29,23,12,16,29,3,5,0,3,0,0,5,3,1,1,38,46
"11242",10,28,15,28,29,28,12,19,29,6,3,1,6,1,0,3,6,2,1,41,55
"11243",11,29,15,30,29,28,15,28,29,1,0,0,2,2,5,1,2,1,1,42,57
"11244",12,29,15,30,29,29,15,30,29,2,5,0,NA,0,0,0,0,0,0,42,57
"11245",0,0,0,0,0,0,0,0,0,0,0,0,0,0,0,0,0,0,0,0,0
"11246",1,1,3,3,1,1,1,1,1,2,1,2,1,2,0,2,2,2,1,2,2
"11247",2,2,3,8,1,1,3,3,1,1,0,0,2,5,5,1,5,1,1,3,7
"11248",3,7,3,10,1,2,3,8,1,2,5,0,2,0,0,5,2,1,1,8,9
"11249",4,7,11,13,1,7,3,10,1,6,3,2,3,2,0,6,3,2,1,16,12
"11250",5,9,11,17,1,7,11,13,1,2,0,0,1,1,4,2,4,1,1,18,16
"11251",6,10,11,17,2,9,11,17,1,1,1,0,1,0,0,1,1,1,2,19,17
"11252",7,15,11,21,2,10,11,17,2,3,5,4,3,4,0,5,4,1,1,24,21
"11253",8,15,14,25,2,15,11,21,2,3,0,0,4,1,6,3,4,2,1,27,25
"11254",9,1,16,27,3,15,14,25,2,1,6,0,1,0,0,6,1,1,2,15,28
"11255",10,3,1,38,3,1,16,27,3,2,6,1,6,1,0,2,6,1,1,2,39
"11256",11,4,1,38,8,3,1,38,3,1,0,0,5,2,3,1,5,1,2,3,44
"11257",12,4,1,38,8,4,1,38,8,2,3,0,NA,0,0,0,0,0,0,3,44
"11258",0,0,0,0,0,0,0,0,0,0,0,0,0,0,0,0,0,0,0,0,0
"11259",1,3,1,5,7,1,1,1,1,2,2,6,2,6,0,2,6,1,2,2,10
"11260",2,3,3,6,7,3,1,5,7,2,0,0,1,2,1,2,1,2,1,4,11
"11261",3,4,3,6,9,3,3,6,7,2,1,0,2,0,0,1,2,1,2,5,13
"11262",4,4,7,12,13,4,3,6,9,4,2,6,2,6,0,4,6,2,1,9,23
"11263",5,4,9,12,14,4,7,12,13,2,0,0,1,1,5,2,1,2,2,11,24
"11264",6,9,9,13,14,4,9,12,14,1,5,0,1,0,0,5,1,1,1,16,25
"11265",7,11,9,13,17,9,9,13,14,3,4,2,3,4,0,2,3,1,2,18,28
"11266",8,11,13,13,20,11,9,13,17,4,0,0,1,1,3,4,3,2,2,22,31
"11267",9,12,13,14,20,11,13,13,20,1,1,0,1,0,0,1,1,1,1,23,32
"11268",10,22,13,27,20,12,13,14,20,5,6,6,5,6,0,6,6,1,1,33,45
"11269",11,27,13,28,20,22,13,27,20,5,0,0,1,3,1,5,1,1,1,38,46
"11270",12,27,13,28,20,27,13,28,20,3,1,0,NA,0,0,0,0,0,0,38,46
"11271",0,0,0,0,0,0,0,0,0,0,0,0,0,0,0,0,0,0,0,0,0
"11272",1,1,3,1,4,1,1,1,1,2,2,3,2,3,0,2,3,2,2,2,3
"11273",2,1,5,1,8,1,3,1,4,2,0,0,2,2,4,2,4,2,2,4,7
"11274",3,3,5,1,10,1,5,1,8,2,2,0,2,0,0,2,2,1,2,6,9
"11275",4,14,11,1,12,3,5,1,10,2,2,6,2,2,0,6,2,2,2,23,11
"11276",5,14,13,1,13,14,11,1,12,2,0,0,1,3,1,2,1,2,2,25,12
"11277",6,14,16,1,14,14,13,1,13,3,1,0,1,0,0,3,1,2,2,28,13
"11278",7,14,20,1,18,14,16,1,14,5,4,4,5,4,0,4,4,2,2,32,17
"11279",8,14,25,3,18,14,20,1,18,5,0,0,3,4,2,5,2,2,1,37,19
"11280",9,14,29,6,18,14,25,3,18,3,4,0,3,0,0,4,3,2,1,41,22
"11281",10,14,34,6,20,14,29,6,18,5,6,2,6,2,0,5,2,2,2,46,24
"11282",11,20,38,6,24,14,34,6,20,6,0,0,1,4,5,6,4,1,2,56,28
"11283",12,20,38,6,24,20,38,6,24,1,5,0,NA,0,0,0,0,0,0,56,28
"11284",0,0,0,0,0,0,0,0,0,0,0,0,0,0,0,0,0,0,0,0,0
"11285",1,6,1,1,5,1,1,1,1,5,2,4,2,4,0,5,4,1,2,5,4
"11286",2,8,1,5,5,6,1,1,5,2,0,0,4,2,4,2,4,1,1,7,8
"11287",3,12,1,7,5,8,1,5,5,2,4,0,2,0,0,4,2,1,1,11,10
"11288",4,16,1,11,5,12,1,7,5,1,4,4,1,4,0,4,4,1,1,15,14
"11289",5,17,1,17,10,16,1,11,5,1,0,0,6,3,2,1,6,1,1,16,25
"11290",6,19,1,17,13,17,1,17,10,3,2,0,3,0,0,2,3,1,2,18,28
"11291",7,37,4,17,11,19,1,17,13,6,6,1,6,1,0,6,6,1,2,39,26
"11292",8,37,5,17,16,37,4,17,11,1,0,0,1,3,5,1,5,2,2,40,31
"11293",9,37,8,18,16,37,5,17,16,1,3,0,1,0,0,3,1,2,1,43,32
"11294",10,37,12,22,22,37,8,18,16,4,6,6,6,6,0,4,6,2,2,47,42
"11295",11,37,23,23,22,37,12,22,22,6,0,0,4,1,2,6,1,2,1,58,43
"11296",12,37,23,23,22,37,23,23,22,4,2,0,NA,0,0,0,0,0,0,58,43
"11297",0,0,0,0,0,0,0,0,0,0,0,0,0,0,0,0,0,0,0,0,0
"11298",1,6,7,1,10,1,1,1,1,6,1,6,1,6,0,6,6,2,2,11,9
"11299",2,7,7,2,16,6,7,1,10,1,0,0,4,6,6,1,6,1,2,12,16
"11300",3,13,17,6,16,7,7,2,16,4,6,0,4,0,0,6,4,2,1,28,20
"11301",4,18,17,6,20,13,17,6,16,1,5,4,1,4,0,5,4,1,2,33,24
"11302",5,18,18,6,25,18,17,6,20,1,0,0,3,3,5,1,5,2,2,34,29
"11303",6,21,18,6,28,18,18,6,25,3,3,0,3,0,0,3,3,1,2,37,32
"11304",7,26,18,6,32,21,18,6,28,4,5,1,4,1,0,5,4,1,2,42,36
"11305",8,26,19,6,37,26,18,6,32,1,0,0,4,5,4,1,5,2,2,43,41
"11306",9,26,23,10,37,26,19,6,37,4,4,0,4,0,0,4,4,2,1,47,45
"11307",10,26,25,14,37,26,23,10,37,2,4,4,4,4,0,2,4,2,1,49,49
"11308",11,26,29,14,38,26,25,14,37,4,0,0,1,1,4,4,1,2,2,53,50
"11309",12,26,29,14,38,26,29,14,38,1,4,0,NA,0,0,0,0,0,0,53,50
"11310",0,0,0,0,0,0,0,0,0,0,0,0,0,0,0,0,0,0,0,0,0
"11311",1,11,1,2,1,1,1,1,1,3,6,1,3,1,0,6,1,1,1,10,1
"11312",2,11,4,2,6,11,1,2,1,3,0,0,5,5,6,3,5,2,2,13,6
"11313",3,11,14,7,6,11,4,2,6,5,6,0,5,0,0,6,5,2,1,23,11
"11314",4,11,17,7,11,11,14,7,6,5,3,3,5,3,0,3,5,2,2,26,16
"11315",5,11,20,9,11,11,17,7,11,3,0,0,6,1,2,3,2,2,1,29,18
"11316",6,21,20,9,12,11,20,9,11,6,1,0,1,0,0,6,1,1,2,39,19
"11317",7,25,20,9,16,21,20,9,12,5,4,4,5,4,0,4,4,1,2,43,23
"11318",8,25,25,9,21,25,20,9,16,5,0,0,2,5,4,5,5,2,2,48,28
"11319",9,28,25,1,25,25,25,9,21,2,4,0,4,0,0,2,4,1,2,51,24
"11320",10,34,30,6,25,28,25,1,25,6,5,1,5,1,0,6,5,1,1,62,29
"11321",11,35,30,11,25,34,30,6,25,1,0,0,5,1,1,1,5,1,1,63,34
"11322",12,35,30,11,25,35,30,11,25,1,1,0,NA,0,0,0,0,0,0,63,34
"11323",0,0,0,0,0,0,0,0,0,0,0,0,0,0,0,0,0,0,0,0,0
"11324",1,1,5,3,1,1,1,1,1,2,1,4,2,1,0,4,2,2,1,4,2
"11325",2,1,6,3,10,1,5,3,1,1,0,0,5,1,6,1,6,2,2,5,11
"11326",3,6,6,3,11,1,6,3,10,5,1,0,1,0,0,5,1,1,2,10,12
"11327",4,9,6,5,11,6,6,3,11,2,3,1,2,1,0,3,2,1,1,13,14
"11328",5,9,7,9,17,9,6,5,11,1,0,0,5,2,6,1,6,2,2,14,24
"11329",6,9,12,11,17,9,7,9,17,5,2,0,2,0,0,5,2,2,1,19,26
"11330",7,15,13,16,23,9,12,11,17,6,6,1,6,1,0,6,6,1,2,26,37
"11331",8,15,14,16,27,15,13,16,23,1,0,0,3,4,4,1,4,2,2,27,41
"11332",9,15,17,16,31,15,14,16,27,3,4,0,4,0,0,3,4,2,2,30,45
"11333",10,15,21,16,36,15,17,16,31,4,5,3,5,3,0,4,5,2,2,34,50
"11334",11,18,21,21,36,15,21,16,36,3,0,0,5,2,6,3,5,1,1,37,55
"11335",12,18,21,21,36,18,21,21,36,2,6,0,NA,0,0,0,0,0,0,37,55
"11336",0,0,0,0,0,0,0,0,0,0,0,0,0,0,0,0,0,0,0,0,0
"11337",1,5,1,1,3,1,1,1,1,4,1,2,1,2,0,4,2,1,2,4,2
"11338",2,5,2,1,8,5,1,1,3,1,0,0,5,3,4,1,5,2,2,5,7
"11339",3,9,2,4,8,5,2,1,8,3,4,0,3,0,0,4,3,1,1,9,10
"11340",4,11,2,5,8,9,2,4,8,2,1,2,1,2,0,2,1,1,1,11,11
"11341",5,11,4,10,8,11,2,5,8,2,0,0,1,1,5,2,5,2,1,13,16
"11342",6,12,4,11,8,11,4,10,8,1,1,0,1,0,0,1,1,1,1,14,17
"11343",7,14,4,13,8,12,4,11,8,2,2,2,2,2,0,2,2,1,1,16,19
"11344",8,16,4,18,8,14,4,13,8,2,0,0,1,5,3,2,5,1,1,18,24
"11345",9,16,7,19,8,16,4,18,8,1,3,0,1,0,0,3,1,2,1,21,25
"11346",10,16,1,32,8,16,7,19,8,6,4,5,6,4,0,5,6,2,1,15,38
"11347",11,20,1,37,8,16,1,32,8,4,0,0,5,2,3,4,5,1,1,19,43
"11348",12,20,1,37,8,20,1,37,8,2,3,0,NA,0,0,0,0,0,0,19,43
"11349",0,0,0,0,0,0,0,0,0,0,0,0,0,0,0,0,0,0,0,0,0
"11350",1,6,1,1,5,1,1,1,1,4,1,5,4,1,0,5,4,1,2,5,4
"11351",2,7,1,5,5,6,1,1,5,1,0,0,4,6,5,1,4,1,1,6,8
"11352",3,11,7,5,10,7,1,5,5,6,5,0,5,0,0,6,5,2,2,16,13
"11353",4,16,7,5,13,11,7,5,10,3,2,5,3,2,0,5,3,1,2,21,16
"11354",5,18,7,5,18,16,7,5,13,2,0,0,5,1,2,2,5,1,2,23,21
"11355",6,19,7,7,18,18,7,5,18,1,2,0,2,0,0,1,2,1,1,24,23
"11356",7,19,15,7,23,19,7,7,18,5,3,6,5,3,0,6,5,2,2,32,28
"11357",8,22,15,7,34,19,15,7,23,3,0,0,4,1,6,3,6,1,2,35,39
"11358",9,22,20,7,5,22,15,7,34,4,1,0,4,0,0,1,4,2,2,40,10
"11359",10,22,22,12,5,22,20,7,5,2,6,5,6,5,0,2,5,2,1,42,15
"11360",11,33,22,12,7,22,22,12,5,6,0,0,2,2,5,6,2,1,2,53,17
"11361",12,33,22,12,7,33,22,12,7,2,5,0,NA,0,0,0,0,0,0,53,17
"11362",0,0,0,0,0,0,0,0,0,0,0,0,0,0,0,0,0,0,0,0,0
"11363",1,5,1,3,1,1,1,1,1,2,4,2,2,2,0,4,2,1,1,4,2
"11364",2,5,3,8,1,5,1,3,1,2,0,0,2,1,5,2,5,2,1,6,7
"11365",3,6,3,8,3,5,3,8,1,2,1,0,2,0,0,1,2,1,2,7,9
"11366",4,11,3,20,7,6,3,8,3,6,3,5,6,3,0,5,6,1,1,12,25
"11367",5,11,6,20,17,11,3,20,7,3,0,0,3,2,6,3,6,2,2,15,35
"11368",6,14,6,22,17,11,6,20,17,3,2,0,2,0,0,3,2,1,1,18,37
"11369",7,19,6,23,23,14,6,22,17,6,4,5,6,4,0,5,6,1,2,23,44
"11370",8,19,10,27,23,19,6,23,23,4,0,0,6,4,2,4,4,2,1,27,48
"11371",9,19,12,29,29,19,10,27,23,6,2,0,6,0,0,2,6,2,2,29,56
"11372",10,19,14,31,29,19,12,29,29,5,2,2,5,2,0,2,2,2,1,31,58
"11373",11,19,19,37,33,19,14,31,29,5,0,0,6,1,4,5,6,2,1,36,68
"11374",12,19,19,37,33,19,19,37,33,1,4,0,NA,0,0,0,0,0,0,36,68
"11375",0,0,0,0,0,0,0,0,0,0,0,0,0,0,0,0,0,0,0,0,0
"11376",1,1,2,3,1,1,1,1,1,1,1,2,1,2,0,1,2,2,1,1,2
"11377",2,1,3,3,11,1,2,3,1,1,0,0,6,6,3,1,6,2,2,2,12
"11378",3,7,8,3,14,1,3,3,11,6,3,0,3,0,0,6,3,1,2,13,15
"11379",4,7,11,3,16,7,8,3,14,3,1,2,1,2,0,3,2,2,2,16,17
"11380",5,8,11,11,16,7,11,3,16,1,0,0,1,1,6,1,6,1,1,17,25
"11381",6,8,12,12,16,8,11,11,16,1,1,0,1,0,0,1,1,2,1,18,26
"11382",7,13,12,12,20,8,12,12,16,5,4,1,4,1,0,5,4,1,2,23,30
"11383",8,14,12,13,20,13,12,12,20,1,0,0,1,3,3,1,1,1,1,24,31
"11384",9,14,15,13,23,14,12,13,20,3,3,0,3,0,0,3,3,2,2,27,34
"11385",10,19,15,16,23,14,15,13,23,3,5,1,3,1,0,5,3,1,1,32,37
"11386",11,20,15,18,23,19,15,16,23,1,0,0,2,4,2,1,2,1,1,33,39
"11387",12,20,15,18,23,20,15,18,23,4,2,0,NA,0,0,0,0,0,0,33,39
"11388",0,0,0,0,0,0,0,0,0,0,0,0,0,0,0,0,0,0,0,0,0
"11389",1,1,4,3,1,1,1,1,1,2,2,3,2,2,0,3,2,2,1,3,2
"11390",2,3,4,10,1,1,4,3,1,2,0,0,6,6,5,2,6,1,1,5,9
"11391",3,3,11,15,1,3,4,10,1,6,5,0,5,0,0,6,5,2,1,12,14
"11392",4,3,15,18,1,3,11,15,1,4,1,3,1,3,0,4,3,2,1,16,17
"11393",5,4,15,18,5,3,15,18,1,1,0,0,4,5,4,1,4,1,2,17,21
"11394",6,4,20,18,9,4,15,18,5,5,4,0,4,0,0,5,4,2,2,22,25
"11395",7,1,23,22,11,4,20,18,9,5,4,3,5,4,0,3,4,2,1,22,31
"11396",8,1,28,23,11,1,23,22,11,5,0,0,2,2,1,5,1,2,1,27,32
"11397",9,1,30,25,11,1,28,23,11,2,2,0,2,0,0,2,2,2,1,29,34
"11398",10,11,36,6,11,1,30,25,11,5,6,3,5,3,0,6,5,1,1,45,15
"11399",11,14,36,8,11,11,36,6,11,3,0,0,2,6,1,3,2,1,1,48,17
"11400",12,14,36,8,11,14,36,8,11,6,1,0,NA,0,0,0,0,0,0,48,17
"11401",0,0,0,0,0,0,0,0,0,0,0,0,0,0,0,0,0,0,0,0,0
"11402",1,1,5,6,1,1,1,1,1,4,5,1,5,1,0,4,5,2,1,4,5
"11403",2,2,5,9,1,1,5,6,1,1,0,0,3,3,3,1,3,1,1,5,8
"11404",3,2,8,9,4,2,5,9,1,3,3,0,3,0,0,3,3,2,2,8,11
"11405",4,7,8,9,6,2,8,9,4,2,1,5,2,1,0,5,2,1,2,13,13
"11406",5,8,8,15,11,7,8,9,6,1,0,0,5,4,6,1,6,1,1,14,24
"11407",6,8,13,15,15,8,8,15,11,5,4,0,4,0,0,5,4,2,2,19,28
"11408",7,1,16,15,30,8,13,15,15,1,3,6,1,6,0,3,6,2,2,15,43
"11409",8,2,16,15,31,1,16,15,30,1,0,0,1,1,3,1,1,1,2,16,44
"11410",9,5,16,16,31,2,16,15,31,1,3,0,1,0,0,3,1,1,1,19,45
"11411",10,6,16,16,36,5,16,16,31,1,5,2,5,2,0,1,5,1,2,20,50
"11412",11,8,16,17,36,6,16,16,36,2,0,0,1,6,2,2,1,1,1,22,51
"11413",12,8,16,17,36,8,16,17,36,6,2,0,NA,0,0,0,0,0,0,22,51
"11414",0,0,0,0,0,0,0,0,0,0,0,0,0,0,0,0,0,0,0,0,0
"11415",1,5,1,3,1,1,1,1,1,4,2,2,2,2,0,4,2,1,1,4,2
"11416",2,5,3,3,5,5,1,3,1,2,0,0,4,5,3,2,4,2,2,6,6
"11417",3,10,3,3,8,5,3,3,5,5,3,0,3,0,0,5,3,1,2,11,9
"11418",4,10,6,3,12,10,3,3,8,2,4,3,2,4,0,3,4,2,2,14,13
"11419",5,10,8,3,17,10,6,3,12,2,0,0,5,1,4,2,5,2,2,16,18
"11420",6,14,8,4,17,10,8,3,17,1,4,0,1,0,0,4,1,1,1,20,19
"11421",7,19,8,4,19,14,8,4,17,5,2,1,2,1,0,5,2,1,2,25,21
"11422",8,20,8,4,24,19,8,4,19,1,0,0,2,5,2,1,5,1,2,26,26
"11423",9,22,13,3,24,20,8,4,24,2,2,0,2,0,0,2,2,1,1,33,25
"11424",10,31,19,3,26,22,13,3,24,6,2,3,2,3,0,6,2,1,2,48,27
"11425",11,34,19,3,28,31,19,3,26,3,0,0,6,2,2,3,2,1,2,51,29
"11426",12,34,19,3,28,34,19,3,28,6,2,0,NA,0,0,0,0,0,0,51,29
"11427",0,0,0,0,0,0,0,0,0,0,0,0,0,0,0,0,0,0,0,0,0
"11428",1,4,1,6,1,1,1,1,1,3,2,5,2,5,0,3,5,1,1,3,5
"11429",2,6,1,10,1,4,1,6,1,2,0,0,2,4,1,2,4,1,1,5,9
"11430",3,6,2,12,1,6,1,10,1,2,1,0,2,0,0,1,2,2,1,6,11
"11431",4,6,5,17,1,6,2,12,1,5,1,3,5,1,0,3,5,2,1,9,16
"11432",5,7,5,18,1,6,5,17,1,1,0,0,3,1,1,1,1,1,1,10,17
"11433",6,7,8,19,1,7,5,18,1,3,1,0,1,0,0,3,1,2,1,13,18
"11434",7,9,14,23,1,7,8,19,1,4,1,6,4,1,0,6,4,2,1,21,22
"11435",8,10,14,23,5,9,14,23,1,1,0,0,1,2,4,1,4,1,2,22,26
"11436",9,12,14,23,6,10,14,23,5,1,2,0,1,0,0,2,1,1,2,24,27
"11437",10,14,14,25,6,12,14,23,6,1,2,2,1,2,0,2,2,1,1,26,29
"11438",11,15,14,31,9,14,14,25,6,1,0,0,2,3,6,1,6,1,1,27,38
"11439",12,15,14,31,9,15,14,31,9,2,3,0,NA,0,0,0,0,0,0,27,38
"11440",0,0,0,0,0,0,0,0,0,0,0,0,0,0,0,0,0,0,0,0,0
"11441",1,6,1,6,1,1,1,1,1,5,5,5,5,5,0,5,5,1,1,5,5
"11442",2,11,1,6,12,6,1,6,1,5,0,0,6,6,2,5,6,1,2,10,16
"11443",3,17,2,8,12,11,1,6,12,6,2,0,2,0,0,6,2,1,1,17,18
"11444",4,17,7,8,15,17,2,8,12,3,5,1,3,1,0,5,3,2,2,22,21
"11445",5,18,7,8,24,17,7,8,15,1,0,0,4,6,6,1,6,1,2,23,30
"11446",6,28,7,12,24,18,7,8,24,4,6,0,4,0,0,6,4,1,1,33,34
"11447",7,35,1,1,32,28,7,12,24,6,5,2,6,5,0,2,6,1,2,34,31
"11448",8,35,6,1,35,35,1,1,32,5,0,0,3,2,3,5,3,2,2,39,34
"11449",9,38,6,3,35,35,6,1,35,2,3,0,2,0,0,3,2,1,1,42,36
"11450",10,38,8,6,35,38,6,3,35,2,3,2,3,2,0,2,3,2,1,44,39
"11451",11,38,10,7,39,38,8,6,35,2,0,0,2,3,4,2,4,2,2,46,82
"11452",12,38,10,7,39,38,10,7,39,2,3,0,NA,0,0,0,0,0,0,46,82
"11453",0,0,0,0,0,0,0,0,0,0,0,0,0,0,0,0,0,0,0,0,0
"11454",1,3,1,2,1,1,1,1,1,2,2,1,2,1,0,2,1,1,1,2,1
"11455",2,5,1,2,12,3,1,2,1,2,0,0,4,6,1,2,6,1,2,4,12
"11456",3,9,1,2,13,5,1,2,12,4,1,0,1,0,0,4,1,1,2,8,13
"11457",4,10,1,12,13,9,1,2,13,1,6,1,6,1,0,1,6,1,1,9,23
"11458",5,11,1,16,13,10,1,12,13,1,0,0,4,1,4,1,4,1,1,10,27
"11459",6,15,1,17,13,11,1,16,13,1,4,0,1,0,0,4,1,1,1,14,28
"11460",7,18,1,17,15,15,1,17,13,3,2,3,2,3,0,3,2,1,2,17,30
"11461",8,21,1,25,15,18,1,17,15,3,0,0,3,5,6,3,6,1,1,20,38
"11462",9,24,1,30,15,21,1,25,15,3,5,0,5,0,0,3,5,1,1,23,43
"11463",10,24,6,36,16,24,1,30,15,1,6,5,1,6,0,5,6,2,1,28,50
"11464",11,25,6,37,16,24,6,36,16,1,0,0,1,4,1,1,1,1,1,29,51
"11465",12,25,6,37,16,25,6,37,16,4,1,0,NA,0,0,0,0,0,0,29,51
"11466",0,0,0,0,0,0,0,0,0,0,0,0,0,0,0,0,0,0,0,0,0
"11467",1,4,1,4,1,1,1,1,1,3,3,1,3,1,0,3,3,1,1,3,3
"11468",2,5,1,4,6,4,1,4,1,1,0,0,2,5,1,1,5,1,2,4,8
"11469",3,7,1,4,7,5,1,4,6,2,1,0,1,0,0,2,1,1,2,6,9
"11470",4,10,1,10,12,7,1,4,7,2,3,6,2,6,0,3,6,1,1,9,20
"11471",5,12,1,16,22,10,1,10,12,2,0,0,3,6,5,2,6,1,1,11,36
"11472",6,12,8,21,1,12,1,16,22,3,5,0,5,0,0,3,5,2,1,18,20
"11473",7,12,13,27,6,12,8,21,1,4,5,6,4,6,0,5,6,2,1,23,31
"11474",8,16,13,38,6,12,13,27,6,4,0,0,6,5,6,4,6,1,1,27,42
"11475",9,22,16,38,11,16,13,38,6,5,6,0,5,0,0,6,5,1,2,36,47
"11476",10,22,18,38,24,22,16,38,11,2,6,2,6,2,0,2,6,2,2,38,60
"11477",11,24,18,38,26,22,18,38,24,2,0,0,2,2,1,2,2,1,2,40,62
"11478",12,24,18,38,26,24,18,38,26,2,1,0,NA,0,0,0,0,0,0,40,62
"11479",0,0,0,0,0,0,0,0,0,0,0,0,0,0,0,0,0,0,0,0,0
"11480",1,1,6,1,6,1,1,1,1,5,5,1,5,1,0,5,5,2,2,5,5
"11481",2,1,7,1,14,1,6,1,6,1,0,0,6,1,3,1,6,2,2,6,13
"11482",3,1,10,1,15,1,7,1,14,1,3,0,1,0,0,3,1,2,2,9,14
"11483",4,5,10,3,15,1,10,1,15,4,2,2,2,2,0,4,2,1,1,13,16
"11484",5,5,12,9,20,5,10,3,15,2,0,0,5,2,6,2,6,2,1,15,27
"11485",6,5,17,9,22,5,12,9,20,5,2,0,2,0,0,5,2,2,2,20,29
"11486",7,8,17,14,22,5,17,9,22,3,5,1,5,1,0,3,5,1,1,23,34
"11487",8,9,17,18,22,8,17,14,22,1,0,0,3,4,4,1,4,1,1,24,38
"11488",9,9,20,22,22,9,17,18,22,3,4,0,4,0,0,3,4,2,1,27,42
"11489",10,11,20,24,22,9,20,22,22,2,2,5,2,5,0,2,2,1,1,29,44
"11490",11,16,20,26,22,11,20,24,22,5,0,0,2,1,5,5,2,1,1,34,46
"11491",12,16,20,26,22,16,20,26,22,1,5,0,NA,0,0,0,0,0,0,34,46
"11492",0,0,0,0,0,0,0,0,0,0,0,0,0,0,0,0,0,0,0,0,0
"11493",1,5,1,4,1,1,1,1,1,3,4,2,3,2,0,4,3,1,1,4,3
"11494",2,7,1,9,1,5,1,4,1,2,0,0,1,5,1,2,5,1,1,6,8
"11495",3,8,1,9,2,7,1,9,1,1,1,0,1,0,0,1,1,1,2,7,9
"11496",4,10,1,9,7,8,1,9,2,2,5,1,5,1,0,2,5,1,2,9,14
"11497",5,11,1,9,9,10,1,9,7,1,0,0,1,2,4,1,2,1,2,10,16
"11498",6,11,5,10,9,11,1,9,9,1,4,0,1,0,0,4,1,2,1,14,17
"11499",7,15,5,11,9,11,5,10,9,4,1,1,1,1,0,4,1,1,1,18,18
"11500",8,16,5,11,13,15,5,11,9,1,0,0,4,2,2,1,4,1,2,19,22
"11501",9,16,7,11,15,16,5,11,13,2,2,0,2,0,0,2,2,2,2,21,24
"11502",10,21,7,11,17,16,7,11,15,2,2,5,2,2,0,5,2,1,2,26,26
"11503",11,23,7,16,17,21,7,11,17,2,0,0,5,5,5,2,5,1,1,28,31
"11504",12,23,7,16,17,23,7,16,17,5,5,0,NA,0,0,0,0,0,0,28,31
"11505",0,0,0,0,0,0,0,0,0,0,0,0,0,0,0,0,0,0,0,0,0
"11506",1,5,1,4,1,1,1,1,1,3,4,1,3,1,0,4,3,1,1,4,3
"11507",2,6,1,4,6,5,1,4,1,1,0,0,5,4,2,1,5,1,2,5,8
"11508",3,6,5,6,6,6,1,4,6,4,2,0,2,0,0,4,2,2,1,9,10
"11509",4,7,5,18,11,6,5,6,6,6,1,1,6,1,0,1,6,1,1,10,27
"11510",5,7,6,18,14,7,5,18,11,1,0,0,5,3,6,1,3,2,2,11,30
"11511",6,15,6,18,19,7,6,18,14,5,6,0,5,0,0,6,5,1,2,19,35
"11512",7,15,10,24,24,15,6,18,19,6,4,4,6,4,0,4,6,2,1,23,46
"11513",8,19,10,24,27,15,10,24,24,4,0,0,4,1,3,4,3,1,2,27,49
"11514",9,20,1,31,27,19,10,24,27,4,1,0,4,0,0,1,4,1,1,19,56
"11515",10,22,1,35,27,20,1,31,27,2,4,1,4,1,0,2,4,1,1,21,60
"11516",11,23,1,35,30,22,1,35,27,1,0,0,3,6,4,1,3,1,2,22,63
"11517",12,23,1,35,30,23,1,35,30,6,4,0,NA,0,0,0,0,0,0,22,63
"11518",0,0,0,0,0,0,0,0,0,0,0,0,0,0,0,0,0,0,0,0,0
"11519",1,6,1,4,1,1,1,1,1,3,1,5,3,1,0,5,3,1,1,5,3
"11520",2,7,1,4,6,6,1,4,1,1,0,0,2,2,5,1,5,1,2,6,8
"11521",3,7,3,4,8,7,1,4,6,2,2,0,2,0,0,2,2,2,2,8,10
"11522",4,10,9,8,8,7,3,4,8,4,3,6,4,3,0,6,4,2,1,17,14
"11523",5,13,9,14,11,10,9,8,8,3,0,0,5,6,6,3,6,1,1,20,23
"11524",6,13,16,14,16,13,9,14,11,5,6,0,5,0,0,6,5,2,2,27,28
"11525",7,13,20,14,19,13,16,14,16,3,1,4,3,1,0,4,3,2,2,31,31
"11526",8,14,20,16,25,13,20,14,19,1,0,0,6,3,6,1,6,1,2,32,39
"11527",9,14,32,16,28,14,20,16,25,3,6,0,3,0,0,6,3,2,2,44,42
"11528",10,26,36,4,34,14,32,16,28,6,2,2,6,2,0,2,6,2,2,60,36
"11529",11,26,38,4,35,26,36,4,34,2,0,0,1,6,4,2,1,2,2,62,37
"11530",12,26,38,4,35,26,38,4,35,6,4,0,NA,0,0,0,0,0,0,62,37
"11531",0,0,0,0,0,0,0,0,0,0,0,0,0,0,0,0,0,0,0,0,0
"11532",1,1,6,2,1,1,1,1,1,1,5,1,1,1,0,5,1,2,1,5,1
"11533",2,1,7,2,6,1,6,2,1,1,0,0,5,5,1,1,5,2,2,6,6
"11534",3,6,7,2,7,1,7,2,6,5,1,0,1,0,0,5,1,1,2,11,7
"11535",4,6,15,2,12,6,7,2,7,5,5,6,5,5,0,6,5,2,2,19,12
"11536",5,11,15,2,17,6,15,2,12,5,0,0,4,5,4,5,5,1,2,24,17
"11537",6,15,15,2,21,11,15,2,17,4,4,0,4,0,0,4,4,1,2,28,21
"11538",7,15,19,2,25,15,15,2,21,4,4,2,4,2,0,4,4,2,2,32,25
"11539",8,17,19,2,28,15,19,2,25,2,0,0,3,6,3,2,3,1,2,34,28
"11540",9,17,35,2,31,17,19,2,28,6,3,0,3,0,0,6,3,2,2,50,31
"11541",10,22,35,2,36,17,35,2,31,1,5,5,1,5,0,5,5,1,2,55,36
"11542",11,1,35,7,39,22,35,2,36,1,0,0,6,3,3,1,3,1,2,34,82
"11543",12,1,35,7,39,1,35,7,39,6,3,0,NA,0,0,0,0,0,0,34,82
"11544",0,0,0,0,0,0,0,0,0,0,0,0,0,0,0,0,0,0,0,0,0
"11545",1,5,1,4,1,1,1,1,1,4,3,4,3,4,0,4,3,1,1,4,3
"11546",2,5,5,9,1,5,1,4,1,4,0,0,5,1,3,4,5,2,1,8,8
"11547",3,8,5,9,2,5,5,9,1,1,3,0,1,0,0,3,1,1,2,11,9
"11548",4,14,8,9,6,8,5,9,2,4,2,6,4,2,0,6,4,1,2,20,13
"11549",5,14,10,9,10,14,8,9,6,2,0,0,1,4,1,2,4,2,2,22,17
"11550",6,14,11,10,10,14,10,9,10,1,1,0,1,0,0,1,1,2,1,23,18
"11551",7,14,15,10,14,14,11,10,10,1,4,4,1,4,0,4,4,2,2,27,22
"11552",8,15,15,10,22,14,15,10,14,1,0,0,3,6,2,1,6,1,2,28,30
"11553",9,18,15,10,24,15,15,10,22,3,2,0,2,0,0,3,2,1,2,31,32
"11554",10,18,20,13,24,18,15,10,24,2,3,5,2,3,0,5,3,2,1,36,35
"11555",11,20,20,18,24,18,20,13,24,2,0,0,2,1,5,2,5,1,1,38,40
"11556",12,20,20,18,24,20,20,18,24,2,1,0,NA,0,0,0,0,0,0,38,40
"11557",0,0,0,0,0,0,0,0,0,0,0,0,0,0,0,0,0,0,0,0,0
"11558",1,12,1,1,4,1,1,1,1,6,1,3,1,3,0,6,3,1,2,11,3
"11559",2,13,1,1,7,12,1,1,4,1,0,0,6,2,3,1,3,1,2,12,6
"11560",3,16,7,1,9,13,1,1,7,6,2,0,2,0,0,6,2,2,2,21,8
"11561",4,16,16,4,9,16,7,1,9,6,3,6,3,6,0,6,3,2,1,30,11
"11562",5,19,1,4,13,16,16,4,9,6,0,0,3,5,1,6,3,2,1,18,15
"11563",6,24,1,5,13,19,1,4,13,5,1,0,1,0,0,5,1,1,1,23,16
"11564",7,27,1,5,18,24,1,5,13,3,1,5,1,5,0,3,5,1,2,26,21
"11565",8,28,1,11,21,27,1,5,18,1,0,0,6,2,6,1,6,1,1,27,30
"11566",9,39,18,11,23,28,1,11,21,2,6,0,2,0,0,6,2,1,2,93,32
"11567",10,39,28,17,28,39,18,11,23,6,5,6,5,6,0,6,6,2,1,103,43
"11568",11,39,33,19,28,39,28,17,28,5,0,0,2,3,3,5,2,2,1,108,45
"11569",12,39,33,19,28,39,33,19,28,3,3,0,NA,0,0,0,0,0,0,108,45
"11570",0,0,0,0,0,0,0,0,0,0,0,0,0,0,0,0,0,0,0,0,0
"11571",1,3,7,1,3,1,1,1,1,2,1,6,2,1,0,6,2,2,2,8,2
"11572",2,3,8,6,3,3,7,1,3,1,0,0,5,5,5,1,5,2,1,9,7
"11573",3,8,8,11,3,3,8,6,3,5,5,0,5,0,0,5,5,1,1,14,12
"11574",4,12,8,16,3,8,8,11,3,5,4,1,5,1,0,4,5,1,1,18,17
"11575",5,13,8,21,3,12,8,16,3,1,0,0,2,2,5,1,5,1,1,19,22
"11576",6,13,10,23,3,13,8,21,3,2,2,0,2,0,0,2,2,2,1,21,24
"11577",7,18,10,23,7,13,10,23,3,5,4,1,4,1,0,5,4,1,2,26,28
"11578",8,19,1,30,7,18,10,23,7,1,0,0,4,5,5,1,5,1,1,18,35
"11579",9,24,1,34,7,19,1,30,7,4,5,0,4,0,0,5,4,1,1,23,39
"11580",10,24,5,35,7,24,1,34,7,1,2,4,1,2,0,4,1,2,1,27,40
"11581",11,26,5,37,7,24,5,35,7,2,0,0,2,3,1,2,2,1,1,29,42
"11582",12,26,5,37,7,26,5,37,7,3,1,0,NA,0,0,0,0,0,0,29,42
"11583",0,0,0,0,0,0,0,0,0,0,0,0,0,0,0,0,0,0,0,0,0
"11584",1,1,11,1,4,1,1,1,1,1,3,6,1,3,0,6,3,2,2,10,3
"11585",2,1,12,15,4,1,11,1,4,1,0,0,6,5,3,1,6,2,1,11,17
"11586",3,1,17,18,4,1,12,15,4,5,3,0,3,0,0,5,3,2,1,16,20
"11587",4,1,25,18,3,1,17,18,4,5,3,2,3,2,0,5,2,2,2,24,19
"11588",5,1,28,18,8,1,25,18,3,3,0,0,5,2,3,3,5,2,2,27,24
"11589",6,1,31,18,10,1,28,18,8,2,3,0,2,0,0,3,2,2,2,30,26
"11590",7,6,31,22,10,1,31,18,10,5,4,1,4,1,0,5,4,1,1,35,30
"11591",8,6,1,26,14,6,31,22,10,1,0,0,4,2,5,1,4,2,2,5,38
"11592",9,6,3,26,19,6,1,26,14,2,5,0,5,0,0,2,5,2,2,7,43
"11593",10,6,4,29,19,6,3,26,19,1,1,3,1,3,0,1,3,2,1,8,46
"11594",11,7,4,32,19,6,4,29,19,1,0,0,3,2,5,1,3,1,1,9,49
"11595",12,7,4,32,19,7,4,32,19,2,5,0,NA,0,0,0,0,0,0,9,49
"11596",0,0,0,0,0,0,0,0,0,0,0,0,0,0,0,0,0,0,0,0,0
"11597",1,2,1,5,1,1,1,1,1,4,3,1,4,3,0,1,4,1,1,1,4
"11598",2,5,1,7,1,2,1,5,1,3,0,0,5,1,2,3,2,1,1,4,6
"11599",3,10,1,7,2,5,1,7,1,5,1,0,1,0,0,5,1,1,2,9,7
"11600",4,13,1,10,2,10,1,7,2,2,3,3,2,3,0,3,3,1,1,12,10
"11601",5,13,3,15,8,13,1,10,2,2,0,0,2,6,6,2,6,2,2,14,21
"11602",6,19,5,17,8,13,3,15,8,2,6,0,2,0,0,6,2,1,1,22,23
"11603",7,19,12,22,8,19,5,17,8,1,5,6,1,5,0,6,5,2,1,29,28
"11604",8,20,12,22,17,19,12,22,8,1,0,0,5,6,1,1,6,1,2,30,37
"11605",9,25,12,22,18,20,12,22,17,5,1,0,1,0,0,5,1,1,2,35,38
"11606",10,25,17,22,22,25,12,22,18,2,4,5,2,4,0,5,4,2,2,40,42
"11607",11,27,17,30,22,25,17,22,22,2,0,0,4,3,6,2,6,1,1,42,50
"11608",12,27,17,30,22,27,17,30,22,4,3,0,NA,0,0,0,0,0,0,42,50
"11609",0,0,0,0,0,0,0,0,0,0,0,0,0,0,0,0,0,0,0,0,0
"11610",1,10,1,1,4,1,1,1,1,1,3,6,1,3,0,6,3,1,2,9,3
"11611",2,11,1,1,14,10,1,1,4,1,0,0,6,6,1,1,6,1,2,10,13
"11612",3,17,6,1,15,11,1,1,14,6,1,0,1,0,0,6,1,1,2,21,14
"11613",4,17,11,1,22,17,6,1,15,6,6,5,6,6,0,5,6,2,2,26,21
"11614",5,17,20,1,32,17,11,1,22,6,0,0,6,2,1,6,6,2,2,35,31
"11615",6,17,22,1,33,17,20,1,32,2,1,0,1,0,0,2,1,2,2,37,32
"11616",7,17,27,1,37,17,22,1,33,1,5,4,1,4,0,5,4,2,2,42,36
"11617",8,17,28,6,39,17,27,1,37,1,0,0,3,2,4,1,2,2,2,43,81
"11618",9,17,32,9,39,17,28,6,39,3,4,0,3,0,0,4,3,2,1,47,84
"11619",10,17,36,12,39,17,32,9,39,3,4,2,3,2,0,4,3,2,1,51,87
"11620",11,19,36,21,39,17,36,12,39,2,0,0,6,2,1,2,6,1,1,53,96
"11621",12,19,36,21,39,19,36,21,39,2,1,0,NA,0,0,0,0,0,0,53,96
"11622",0,0,0,0,0,0,0,0,0,0,0,0,0,0,0,0,0,0,0,0,0
"11623",1,9,1,1,10,1,1,1,1,3,6,6,3,6,0,6,6,1,2,8,9
"11624",2,12,1,1,17,9,1,1,10,3,0,0,1,6,1,3,6,1,2,11,16
"11625",3,12,2,2,17,12,1,1,17,1,1,0,1,0,0,1,1,2,1,12,17
"11626",4,13,2,6,17,12,2,2,17,4,1,3,4,3,0,1,4,1,1,13,21
"11627",5,16,2,6,25,13,2,6,17,3,0,0,1,6,6,3,6,1,2,16,29
"11628",6,23,2,7,25,16,2,6,25,1,6,0,1,0,0,6,1,1,1,23,30
"11629",7,33,2,7,32,23,2,7,25,6,6,6,6,6,0,6,6,1,2,33,37
"11630",8,39,8,7,35,33,2,7,32,6,0,0,4,3,4,6,3,1,2,83,40
"11631",9,39,12,9,39,39,8,7,35,4,4,0,4,0,0,4,4,2,2,87,84
"11632",10,39,17,12,39,39,12,9,39,5,4,3,4,3,0,5,3,2,1,92,87
"11633",11,39,21,15,39,39,17,12,39,4,0,0,3,3,6,4,3,2,1,96,90
"11634",12,39,21,15,39,39,21,15,39,3,6,0,NA,0,0,0,0,0,0,96,90
"11635",0,0,0,0,0,0,0,0,0,0,0,0,0,0,0,0,0,0,0,0,0
"11636",1,1,5,5,1,1,1,1,1,4,1,4,1,4,0,4,4,2,1,4,4
"11637",2,2,5,5,6,1,5,5,1,1,0,0,1,4,5,1,5,1,2,5,9
"11638",3,2,9,6,6,2,5,5,6,1,4,0,1,0,0,4,1,2,1,9,10
"11639",4,8,12,6,11,2,9,6,6,6,5,5,5,5,0,6,5,1,2,18,15
"11640",5,13,12,6,15,8,12,6,11,5,0,0,3,2,4,5,4,1,2,23,19
"11641",6,13,14,9,15,13,12,6,15,3,2,0,3,0,0,2,3,2,1,25,22
"11642",7,19,18,9,19,13,14,9,15,6,4,4,4,4,0,6,4,1,2,35,26
"11643",8,19,22,9,24,19,18,9,19,4,0,0,4,6,5,4,5,2,2,39,31
"11644",9,22,28,9,28,19,22,9,24,4,6,0,4,0,0,6,4,2,2,48,35
"11645",10,1,28,15,28,22,28,9,28,3,6,6,3,6,0,6,3,1,1,27,41
"11646",11,1,35,21,31,1,28,15,28,6,0,0,6,1,5,6,6,2,1,34,50
"11647",12,1,35,21,31,1,35,21,31,1,5,0,NA,0,0,0,0,0,0,34,50
"11648",0,0,0,0,0,0,0,0,0,0,0,0,0,0,0,0,0,0,0,0,0
"11649",1,5,7,1,5,1,1,1,1,6,4,1,4,1,0,6,4,2,2,10,4
"11650",2,6,7,6,5,5,7,1,5,1,0,0,5,1,2,1,5,1,1,11,9
"11651",3,8,7,7,5,6,7,6,5,1,2,0,1,0,0,2,1,1,1,13,10
"11652",4,8,11,7,16,8,7,7,5,6,4,4,6,4,0,4,6,2,2,17,21
"11653",5,12,11,13,18,8,11,7,16,4,0,0,6,1,5,4,6,1,1,21,29
"11654",6,12,16,13,19,12,11,13,18,1,5,0,1,0,0,5,1,2,2,26,30
"11655",7,12,19,13,21,12,16,13,19,2,2,3,2,2,0,3,2,2,2,29,32
"11656",8,1,19,13,36,12,19,13,21,2,0,0,4,2,6,2,6,1,2,18,47
"11657",9,3,19,17,36,1,19,13,36,4,2,0,4,0,0,2,4,1,1,20,51
"11658",10,8,19,18,36,3,19,17,36,1,5,4,1,4,0,5,1,1,1,25,52
"11659",11,12,19,20,36,8,19,18,36,4,0,0,2,4,6,4,2,1,1,29,54
"11660",12,12,19,20,36,12,19,20,36,4,6,0,NA,0,0,0,0,0,0,29,54
"11661",0,0,0,0,0,0,0,0,0,0,0,0,0,0,0,0,0,0,0,0,0
"11662",1,1,6,6,1,1,1,1,1,5,5,2,5,2,0,5,5,2,1,5,5
"11663",2,3,6,15,1,1,6,6,1,2,0,0,6,4,6,2,6,1,1,7,14
"11664",3,3,16,19,1,3,6,15,1,4,6,0,4,0,0,6,4,2,1,17,18
"11665",4,3,23,19,6,3,16,19,1,5,6,2,5,2,0,6,5,2,2,24,23
"11666",5,3,1,19,15,3,23,19,6,2,0,0,1,2,4,2,1,2,2,2,32
"11667",6,3,5,19,17,3,1,19,15,2,4,0,2,0,0,4,2,2,2,6,34
"11668",7,4,5,19,18,3,5,19,17,1,2,1,2,1,0,1,1,1,2,7,35
"11669",8,4,7,20,18,4,5,19,18,2,0,0,6,5,1,2,1,2,1,9,36
"11670",9,4,12,24,24,4,7,20,18,6,5,0,6,0,0,5,6,2,2,14,46
"11671",10,4,21,28,24,4,12,24,24,4,2,6,4,2,0,6,4,2,1,23,50
"11672",11,6,23,33,1,4,21,28,24,2,0,0,5,2,3,2,5,1,1,27,32
"11673",12,6,23,33,1,6,23,33,1,2,3,0,NA,0,0,0,0,0,0,27,32
"11674",0,0,0,0,0,0,0,0,0,0,0,0,0,0,0,0,0,0,0,0,0
"11675",1,4,1,6,1,1,1,1,1,5,3,4,5,4,0,3,5,1,1,3,5
"11676",2,8,1,10,1,4,1,6,1,4,0,0,4,1,2,4,4,1,1,7,9
"11677",3,9,1,10,3,8,1,10,1,1,2,0,2,0,0,1,2,1,2,8,11
"11678",4,9,12,20,3,9,1,10,3,6,6,5,6,5,0,6,6,2,1,19,21
"11679",5,9,17,20,7,9,12,20,3,5,0,0,2,1,4,5,4,2,2,24,25
"11680",6,9,19,20,8,9,17,20,7,2,1,0,1,0,0,2,1,2,2,26,26
"11681",7,14,19,23,8,9,19,20,8,2,3,5,2,3,0,5,3,1,1,31,29
"11682",8,14,21,23,18,14,19,23,8,2,0,0,6,5,2,2,6,2,2,33,39
"11683",9,19,21,25,18,14,21,23,18,5,2,0,2,0,0,5,2,1,1,38,41
"11684",10,19,26,25,20,19,21,25,18,5,2,2,2,2,0,5,2,2,2,43,43
"11685",11,19,28,28,20,19,26,25,20,2,0,0,3,4,4,2,3,2,1,45,46
"11686",12,19,28,28,20,19,28,28,20,4,4,0,NA,0,0,0,0,0,0,45,46
"11687",0,0,0,0,0,0,0,0,0,0,0,0,0,0,0,0,0,0,0,0,0
"11688",1,2,7,2,1,1,1,1,1,6,1,1,1,1,0,6,1,2,1,7,1
"11689",2,3,7,3,1,2,7,2,1,1,0,0,6,1,1,1,1,1,1,8,2
"11690",3,14,7,3,2,3,7,3,1,6,1,0,1,0,0,6,1,1,2,19,3
"11691",4,14,12,7,2,14,7,3,2,1,5,4,1,4,0,5,4,2,1,24,7
"11692",5,15,12,11,2,14,12,7,2,1,0,0,4,6,1,1,4,1,1,25,11
"11693",6,16,18,12,2,15,12,11,2,6,1,0,1,0,0,6,1,2,1,32,12
"11694",7,17,18,14,2,16,18,12,2,1,2,4,2,4,0,1,2,1,1,33,14
"11695",8,21,18,14,5,17,18,14,2,4,0,0,2,3,4,4,3,1,2,37,17
"11696",9,21,20,18,5,21,18,14,5,2,4,0,4,0,0,2,4,2,1,39,21
"11697",10,24,20,22,5,21,20,18,5,4,3,4,4,4,0,3,4,1,1,42,25
"11698",11,24,24,23,5,24,20,22,5,4,0,0,4,5,1,4,1,2,1,46,26
"11699",12,24,24,23,5,24,24,23,5,4,5,0,NA,0,0,0,0,0,0,46,26
"11700",0,0,0,0,0,0,0,0,0,0,0,0,0,0,0,0,0,0,0,0,0
"11701",1,1,10,1,3,1,1,1,1,2,6,3,2,3,0,6,2,2,2,9,2
"11702",2,1,13,1,8,1,10,1,3,3,0,0,5,3,2,3,5,2,2,12,7
"11703",3,3,13,4,8,1,13,1,8,3,2,0,3,0,0,2,3,1,1,14,10
"11704",4,4,19,9,8,3,13,4,8,4,5,6,4,5,0,6,5,2,1,21,15
"11705",5,4,23,13,8,4,19,9,8,4,0,0,4,4,1,4,4,2,1,25,19
"11706",6,8,23,13,9,4,23,13,8,4,1,0,1,0,0,4,1,1,2,29,20
"11707",7,13,23,17,9,8,23,13,9,5,2,4,2,4,0,5,4,1,1,34,24
"11708",8,13,25,17,12,13,23,17,9,2,0,0,2,3,2,2,3,2,2,36,27
"11709",9,15,25,19,12,13,25,17,12,2,2,0,2,0,0,2,2,1,1,38,29
"11710",10,25,25,24,12,15,25,19,12,1,5,6,1,5,0,6,5,1,1,48,34
"11711",11,26,25,25,12,25,25,24,12,1,0,0,1,1,1,1,1,1,1,49,35
"11712",12,26,25,25,12,26,25,25,12,1,1,0,NA,0,0,0,0,0,0,49,35
"11713",0,0,0,0,0,0,0,0,0,0,0,0,0,0,0,0,0,0,0,0,0
"11714",1,1,2,5,1,1,1,1,1,4,1,2,4,2,0,1,4,2,1,1,4
"11715",2,1,4,6,7,1,2,5,1,2,0,0,2,6,5,2,6,2,2,3,11
"11716",3,3,4,11,7,1,4,6,7,2,5,0,5,0,0,2,5,1,1,5,16
"11717",4,3,11,15,7,3,4,11,7,6,4,1,4,1,0,6,4,2,1,12,20
"11718",5,3,12,15,17,3,11,15,7,1,0,0,6,1,6,1,6,2,2,13,30
"11719",6,3,21,15,18,3,12,15,17,1,6,0,1,0,0,6,1,2,2,22,31
"11720",7,3,26,18,24,3,21,15,18,5,5,6,5,6,0,5,6,2,2,27,40
"11721",8,3,31,22,24,3,26,18,24,5,0,0,2,4,4,5,4,2,1,32,44
"11722",9,3,35,22,26,3,31,22,24,2,4,0,2,0,0,4,2,2,2,36,46
"11723",10,12,39,24,1,3,35,22,26,2,3,4,2,3,0,4,2,2,1,87,23
"11724",11,15,39,24,2,12,39,24,1,3,0,0,1,6,6,3,1,1,2,90,24
"11725",12,15,39,24,2,15,39,24,2,6,6,0,NA,0,0,0,0,0,0,90,24
"11726",0,0,0,0,0,0,0,0,0,0,0,0,0,0,0,0,0,0,0,0,0
"11727",1,1,12,5,1,1,1,1,1,4,6,4,4,4,0,6,4,2,1,11,4
"11728",2,5,12,5,3,1,12,5,1,4,0,0,6,3,2,4,2,1,2,15,6
"11729",3,11,17,8,3,5,12,5,3,6,3,0,3,0,0,6,3,1,1,26,9
"11730",4,24,17,8,7,11,17,8,3,4,6,6,4,6,0,6,4,1,2,39,13
"11731",5,29,1,1,10,24,17,8,7,6,0,0,1,2,5,6,1,2,2,28,9
"11732",6,31,1,6,10,29,1,1,10,2,5,0,5,0,0,2,5,1,1,30,14
"11733",7,36,1,6,12,31,1,6,10,4,2,5,4,2,0,5,2,1,2,35,16
"11734",8,36,5,6,16,36,1,6,12,4,0,0,6,3,4,4,4,2,2,39,20
"11735",9,36,16,9,16,36,5,6,16,6,3,0,3,0,0,6,3,2,1,50,23
"11736",10,36,31,9,18,36,16,9,16,2,6,5,2,5,0,6,2,2,2,65,25
"11737",11,36,36,16,18,36,31,9,18,5,0,0,4,3,6,5,6,2,1,70,32
"11738",12,36,36,16,18,36,36,16,18,4,3,0,NA,0,0,0,0,0,0,70,32
"11739",0,0,0,0,0,0,0,0,0,0,0,0,0,0,0,0,0,0,0,0,0
"11740",1,8,7,4,1,1,1,1,1,4,6,3,4,3,0,6,3,2,1,13,3
"11741",2,8,11,4,4,8,7,4,1,4,0,0,4,3,3,4,3,2,2,17,6
"11742",3,8,14,8,4,8,11,4,4,4,3,0,4,0,0,3,4,2,1,20,10
"11743",4,12,14,13,4,8,14,8,4,4,5,4,5,4,0,4,5,1,1,24,15
"11744",5,12,18,13,6,12,14,13,4,4,0,0,2,6,2,4,2,2,2,28,17
"11745",6,12,32,13,3,12,18,13,6,6,2,0,2,0,0,6,2,2,2,42,14
"11746",7,12,37,15,3,12,32,13,3,1,2,5,1,2,0,5,2,2,1,47,16
"11747",8,13,37,27,8,12,37,15,3,1,0,0,1,6,1,1,6,1,1,48,33
"11748",9,14,37,28,8,13,37,27,8,1,1,0,1,0,0,1,1,1,1,49,34
"11749",10,18,37,33,8,14,37,28,8,1,4,5,1,5,0,4,5,1,1,53,39
"11750",11,18,38,34,8,18,37,33,8,1,0,0,1,1,4,1,1,2,1,54,40
"11751",12,18,38,34,8,18,38,34,8,1,4,0,NA,0,0,0,0,0,0,54,40
"11752",0,0,0,0,0,0,0,0,0,0,0,0,0,0,0,0,0,0,0,0,0
"11753",1,1,6,1,2,1,1,1,1,5,1,1,1,1,0,5,1,2,2,5,1
"11754",2,2,6,7,7,1,6,1,2,1,0,0,6,5,6,1,6,1,1,6,12
"11755",3,2,17,7,12,2,6,7,7,5,6,0,5,0,0,6,5,2,2,17,17
"11756",4,2,22,7,14,2,17,7,12,2,5,2,2,2,0,5,2,2,2,22,19
"11757",5,1,24,7,23,2,22,7,14,2,0,0,6,2,6,2,6,2,2,23,28
"11758",6,1,34,7,25,1,24,7,23,2,6,0,2,0,0,6,2,2,2,33,30
"11759",7,7,36,7,4,1,34,7,25,6,3,6,3,6,0,6,3,1,2,41,9
"11760",8,13,38,7,5,7,36,7,4,6,0,0,1,1,6,6,1,1,2,49,10
"11761",9,14,38,8,11,13,38,7,5,1,6,0,6,0,0,1,6,1,2,50,17
"11762",10,17,38,10,11,14,38,8,11,3,2,1,2,1,0,3,2,1,1,53,19
"11763",11,18,38,13,11,17,38,10,11,1,0,0,3,1,5,1,3,1,1,54,22
"11764",12,18,38,13,11,18,38,13,11,1,5,0,NA,0,0,0,0,0,0,54,22
"11765",0,0,0,0,0,0,0,0,0,0,0,0,0,0,0,0,0,0,0,0,0
"11766",1,3,1,1,4,1,1,1,1,1,3,2,1,3,0,2,3,1,2,2,3
"11767",2,4,1,7,15,3,1,1,4,1,0,0,6,6,6,1,6,1,1,3,20
"11768",3,14,1,13,16,4,1,7,15,6,6,0,6,0,0,6,6,1,1,13,27
"11769",4,21,1,18,16,14,1,13,16,6,5,3,5,3,0,6,5,1,1,20,32
"11770",5,24,1,18,20,21,1,18,16,3,0,0,4,2,4,3,4,1,2,23,36
"11771",6,24,3,18,24,24,1,18,20,2,4,0,4,0,0,2,4,2,2,25,40
"11772",7,29,3,18,28,24,3,18,24,1,5,4,1,4,0,5,4,1,2,30,44
"11773",8,29,4,18,33,29,3,18,28,1,0,0,1,5,1,1,5,2,2,31,49
"11774",9,30,4,18,34,29,4,18,33,1,1,0,1,0,0,1,1,1,2,32,50
"11775",10,31,4,18,38,30,4,18,34,1,2,4,2,4,0,1,4,1,2,33,54
"11776",11,33,4,20,38,31,4,18,38,2,0,0,2,1,2,2,2,1,1,35,56
"11777",12,33,4,20,38,33,4,20,38,1,2,0,NA,0,0,0,0,0,0,35,56
"11778",0,0,0,0,0,0,0,0,0,0,0,0,0,0,0,0,0,0,0,0,0
"11779",1,10,1,7,4,1,1,1,1,6,6,4,6,4,0,6,6,1,1,9,9
"11780",2,10,5,13,9,10,1,7,4,4,0,0,6,2,6,4,6,2,1,13,20
"11781",3,17,5,15,9,10,5,13,9,2,6,0,2,0,0,6,2,1,1,20,22
"11782",4,21,5,15,18,17,5,15,9,4,6,2,6,2,0,4,6,1,2,24,31
"11783",5,23,5,18,18,21,5,15,18,2,0,0,3,1,3,2,3,1,1,26,34
"11784",6,26,5,18,19,23,5,18,18,1,3,0,1,0,0,3,1,1,2,29,35
"11785",7,28,5,18,22,26,5,18,19,1,2,3,1,3,0,2,3,1,2,31,38
"11786",8,29,5,18,27,28,5,18,22,1,0,0,5,1,2,1,5,1,2,32,43
"11787",9,30,5,18,29,29,5,18,27,1,2,0,2,0,0,1,2,1,2,33,45
"11788",10,33,5,18,30,30,5,18,29,3,1,1,1,1,0,3,1,1,2,36,46
"11789",11,34,5,18,35,33,5,18,30,1,0,0,5,6,4,1,5,1,2,37,51
"11790",12,34,5,18,35,34,5,18,35,6,4,0,NA,0,0,0,0,0,0,37,51
"11791",0,0,0,0,0,0,0,0,0,0,0,0,0,0,0,0,0,0,0,0,0
"11792",1,6,1,8,1,1,1,1,1,6,5,3,6,3,0,5,6,1,1,5,7
"11793",2,9,1,13,7,6,1,8,1,3,0,0,3,6,5,3,6,1,2,8,18
"11794",3,9,4,13,12,9,1,13,7,3,5,0,5,0,0,3,5,2,2,11,23
"11795",4,14,4,15,18,9,4,13,12,2,6,5,2,6,0,5,6,1,2,16,31
"11796",5,16,4,19,18,14,4,15,18,2,0,0,5,4,4,2,4,1,1,18,35
"11797",6,20,4,19,23,16,4,19,18,5,4,0,5,0,0,4,5,1,2,22,40
"11798",7,20,9,23,1,20,4,19,23,1,4,5,4,5,0,1,4,2,1,27,22
"11799",8,25,9,28,1,20,9,23,1,5,0,0,5,5,3,5,5,1,1,32,27
"11800",9,30,9,28,4,25,9,28,1,5,3,0,3,0,0,5,3,1,2,37,30
"11801",10,1,10,3,16,30,9,28,4,6,1,3,6,3,0,1,6,2,2,9,17
"11802",11,4,10,8,16,1,10,3,16,3,0,0,5,5,4,3,5,1,1,12,22
"11803",12,4,10,8,16,4,10,8,16,5,4,0,NA,0,0,0,0,0,0,12,22
"11804",0,0,0,0,0,0,0,0,0,0,0,0,0,0,0,0,0,0,0,0,0
"11805",1,1,12,3,1,1,1,1,1,2,6,2,2,2,0,6,2,2,1,11,2
"11806",2,3,12,8,1,1,12,3,1,2,0,0,5,1,4,2,5,1,1,13,7
"11807",3,3,16,9,1,3,12,8,1,1,4,0,1,0,0,4,1,2,1,17,8
"11808",4,8,16,15,6,3,16,9,1,6,5,5,6,5,0,5,6,1,1,22,19
"11809",5,13,16,20,6,8,16,15,6,5,0,0,4,3,5,5,5,1,1,27,24
"11810",6,17,16,23,6,13,16,20,6,4,3,0,3,0,0,4,3,1,1,31,27
"11811",7,23,19,25,6,17,16,23,6,2,6,1,2,1,0,6,2,1,1,40,29
"11812",8,23,20,29,6,23,19,25,6,1,0,0,4,1,5,1,4,2,1,41,33
"11813",9,28,20,30,6,23,20,29,6,1,5,0,1,0,0,5,1,1,1,46,34
"11814",10,33,20,34,6,28,20,30,6,5,5,4,5,4,0,5,4,1,1,51,38
"11815",11,38,20,34,9,33,20,34,6,5,0,0,6,3,2,5,3,1,2,56,41
"11816",12,38,20,34,9,38,20,34,9,6,2,0,NA,0,0,0,0,0,0,56,41
"11817",0,0,0,0,0,0,0,0,0,0,0,0,0,0,0,0,0,0,0,0,0
"11818",1,1,4,1,5,1,1,1,1,2,3,4,2,4,0,3,4,2,2,3,4
"11819",2,1,6,1,8,1,4,1,5,2,0,0,3,2,4,2,3,2,2,5,7
"11820",3,1,10,1,10,1,6,1,8,2,4,0,2,0,0,4,2,2,2,9,9
"11821",4,1,13,6,10,1,10,1,10,3,2,5,2,5,0,3,5,2,1,12,14
"11822",5,1,15,12,13,1,13,6,10,2,0,0,3,6,1,2,6,2,1,14,23
"11823",6,1,18,13,13,1,15,12,13,3,1,0,1,0,0,3,1,2,1,17,24
"11824",7,1,26,13,16,1,18,13,13,3,3,6,3,3,0,6,3,2,2,25,27
"11825",8,1,29,17,16,1,26,13,16,3,0,0,2,4,2,3,4,2,1,28,31
"11826",9,1,31,17,18,1,29,17,16,2,2,0,2,0,0,2,2,2,2,30,33
"11827",10,2,35,11,18,1,31,17,18,6,5,4,6,5,0,4,6,2,1,35,27
"11828",11,7,1,20,18,2,35,11,18,5,0,0,6,1,4,5,6,1,1,6,36
"11829",12,7,1,20,18,7,1,20,18,1,4,0,NA,0,0,0,0,0,0,6,36
"11830",0,0,0,0,0,0,0,0,0,0,0,0,0,0,0,0,0,0,0,0,0
"11831",1,1,5,1,6,1,1,1,1,4,2,5,2,5,0,4,5,2,2,4,5
"11832",2,1,7,1,19,1,5,1,6,2,0,0,3,6,4,2,6,2,2,6,18
"11833",3,1,11,1,22,1,7,1,19,3,4,0,3,0,0,4,3,2,2,10,21
"11834",4,1,13,1,30,1,11,1,22,6,2,4,6,4,0,2,6,2,2,12,29
"11835",5,5,13,2,36,1,13,1,30,4,0,0,6,5,2,4,6,1,2,16,36
"11836",6,5,18,2,38,5,13,2,36,5,2,0,2,0,0,5,2,2,2,21,38
"11837",7,7,18,7,38,5,18,2,38,2,5,3,5,3,0,2,5,1,1,23,43
"11838",8,7,21,8,39,7,18,7,38,3,0,0,1,4,4,3,1,2,2,26,83
"11839",9,11,21,12,39,7,21,8,39,4,4,0,4,0,0,4,4,1,1,30,87
"11840",10,15,21,13,39,11,21,12,39,4,1,1,1,1,0,4,1,1,1,34,88
"11841",11,16,21,17,39,15,21,13,39,1,0,0,4,5,1,1,4,1,1,35,92
"11842",12,16,21,17,39,16,21,17,39,5,1,0,NA,0,0,0,0,0,0,35,92
"11843",0,0,0,0,0,0,0,0,0,0,0,0,0,0,0,0,0,0,0,0,0
"11844",1,1,6,2,1,1,1,1,1,5,1,1,1,1,0,5,1,2,1,5,1
"11845",2,1,7,11,1,1,6,2,1,1,0,0,6,6,3,1,6,2,1,6,10
"11846",3,1,19,14,1,1,7,11,1,6,3,0,3,0,0,6,3,2,1,18,13
"11847",4,2,19,14,2,1,19,14,1,1,2,1,2,1,0,1,1,1,2,19,14
"11848",5,4,19,18,2,2,19,14,2,2,0,0,4,2,3,2,4,1,1,21,18
"11849",6,7,19,20,2,4,19,18,2,2,3,0,2,0,0,3,2,1,1,24,20
"11850",7,11,19,25,2,7,19,20,2,1,4,5,1,5,0,4,5,1,1,28,25
"11851",8,12,19,31,6,11,19,25,2,1,0,0,3,6,4,1,6,1,1,29,35
"11852",9,12,23,34,6,12,19,31,6,3,4,0,3,0,0,4,3,2,1,33,38
"11853",10,1,23,7,6,12,23,34,6,4,1,1,1,1,0,4,1,1,1,22,11
"11854",11,2,23,10,12,1,23,7,6,1,0,0,6,6,1,1,6,1,2,23,20
"11855",12,2,23,10,12,2,23,10,12,6,1,0,NA,0,0,0,0,0,0,23,20
"11856",0,0,0,0,0,0,0,0,0,0,0,0,0,0,0,0,0,0,0,0,0
"11857",1,6,1,5,1,1,1,1,1,4,5,5,4,5,0,5,4,1,1,5,4
"11858",2,11,1,5,2,6,1,5,1,5,0,0,1,2,3,5,1,1,2,10,5
"11859",3,11,4,7,2,11,1,5,2,2,3,0,2,0,0,3,2,2,1,13,7
"11860",4,13,4,7,4,11,4,7,2,1,2,2,1,2,0,2,2,1,2,15,9
"11861",5,14,4,7,9,13,4,7,4,1,0,0,5,5,3,1,5,1,2,16,14
"11862",6,19,4,7,12,14,4,7,9,5,3,0,3,0,0,5,3,1,2,21,17
"11863",7,23,10,7,17,19,4,7,12,6,1,5,1,5,0,6,5,2,2,31,22
"11864",8,23,11,7,21,23,10,7,17,1,0,0,2,4,6,1,4,2,2,32,26
"11865",9,31,11,9,21,23,11,7,21,2,6,0,2,0,0,6,2,1,1,40,28
"11866",10,36,11,10,21,31,11,9,21,5,1,1,1,1,0,5,1,1,1,45,29
"11867",11,37,11,10,25,36,11,10,21,1,0,0,4,4,1,1,4,1,2,46,33
"11868",12,37,11,10,25,37,11,10,25,4,1,0,NA,0,0,0,0,0,0,46,33
"11869",0,0,0,0,0,0,0,0,0,0,0,0,0,0,0,0,0,0,0,0,0
"11870",1,5,1,7,5,1,1,1,1,6,4,3,6,3,0,4,6,1,1,4,10
"11871",2,5,4,13,6,5,1,7,5,3,0,0,6,1,6,3,6,2,1,7,17
"11872",3,7,10,13,7,5,4,13,6,1,6,0,1,0,0,6,1,2,2,15,18
"11873",4,17,10,13,10,7,10,13,7,6,3,2,3,2,0,6,3,1,2,25,21
"11874",5,19,10,13,21,17,10,13,10,2,0,0,5,6,1,2,6,1,2,27,32
"11875",6,19,15,14,21,19,10,13,21,5,1,0,1,0,0,5,1,2,1,32,33
"11876",7,25,24,14,26,19,15,14,21,5,3,6,5,3,0,6,5,2,2,47,38
"11877",8,28,24,15,26,25,24,14,26,3,0,0,3,4,1,3,1,1,1,50,39
"11878",9,28,28,15,29,28,24,15,26,3,4,0,3,0,0,4,3,2,2,54,42
"11879",10,31,28,15,34,28,28,15,29,3,5,5,5,5,0,3,5,1,2,57,47
"11880",11,34,33,6,39,31,28,15,34,5,0,0,1,5,3,5,5,2,2,65,81
"11881",12,34,33,6,39,34,33,6,39,1,3,0,NA,0,0,0,0,0,0,65,81
"11882",0,0,0,0,0,0,0,0,0,0,0,0,0,0,0,0,0,0,0,0,0
"11883",1,1,6,3,1,1,1,1,1,1,5,2,1,2,0,5,2,2,1,5,2
"11884",2,2,6,3,5,1,6,3,1,1,0,0,4,4,2,1,4,1,2,6,6
"11885",3,2,8,7,5,2,6,3,5,4,2,0,4,0,0,2,4,2,1,8,10
"11886",4,2,13,11,11,2,8,7,5,6,2,5,6,2,0,5,6,2,2,13,20
"11887",5,4,13,15,11,2,13,11,11,2,0,0,2,4,4,2,4,1,1,15,24
"11888",6,8,13,17,11,4,13,15,11,2,4,0,2,0,0,4,2,1,1,19,26
"11889",7,8,15,20,11,8,13,17,11,1,2,3,1,3,0,2,3,2,1,21,29
"11890",8,8,16,21,17,8,15,20,11,1,0,0,2,6,1,1,6,2,2,22,36
"11891",9,10,16,21,18,8,16,21,17,2,1,0,1,0,0,2,1,1,2,24,37
"11892",10,10,20,21,22,10,16,21,18,4,4,4,4,4,0,4,4,2,2,28,41
"11893",11,14,20,22,22,10,20,21,22,4,0,0,1,1,4,4,1,1,1,32,42
"11894",12,14,20,22,22,14,20,22,22,1,4,0,NA,0,0,0,0,0,0,32,42
"11895",0,0,0,0,0,0,0,0,0,0,0,0,0,0,0,0,0,0,0,0,0
"11896",1,3,1,3,7,1,1,1,1,2,6,4,6,4,0,2,6,1,2,2,8
"11897",2,7,1,7,7,3,1,3,7,4,0,0,4,2,2,4,4,1,1,6,12
"11898",3,7,3,9,7,7,1,7,7,2,2,0,2,0,0,2,2,2,1,8,14
"11899",4,12,3,9,11,7,3,9,7,4,3,5,4,3,0,5,4,1,2,13,18
"11900",5,12,6,13,11,12,3,9,11,3,0,0,4,2,3,3,4,2,1,16,22
"11901",6,12,9,13,13,12,6,13,11,2,3,0,2,0,0,3,2,2,2,19,24
"11902",7,12,14,18,13,12,9,13,13,5,3,5,3,5,0,5,5,2,1,24,29
"11903",8,12,17,18,17,12,14,18,13,3,0,0,5,3,4,3,4,2,2,27,33
"11904",9,12,22,21,17,12,17,18,17,5,3,0,3,0,0,5,3,2,1,32,36
"11905",10,12,23,21,28,12,22,21,17,1,6,1,6,1,0,1,6,2,2,33,47
"11906",11,12,24,25,28,12,23,21,28,1,0,0,4,2,3,1,4,2,1,34,51
"11907",12,12,24,25,28,12,24,25,28,2,3,0,NA,0,0,0,0,0,0,34,51
"11908",0,0,0,0,0,0,0,0,0,0,0,0,0,0,0,0,0,0,0,0,0
"11909",1,6,1,1,2,1,1,1,1,5,1,1,1,1,0,5,1,1,2,5,1
"11910",2,6,2,3,8,6,1,1,2,1,0,0,6,1,1,1,6,2,2,6,9
"11911",3,7,2,3,9,6,2,3,8,1,1,0,1,0,0,1,1,1,2,7,10
"11912",4,7,6,3,12,7,2,3,9,2,4,3,2,3,0,4,3,2,2,11,13
"11913",5,7,8,8,12,7,6,3,12,2,0,0,3,2,5,2,5,2,1,13,18
"11914",6,10,8,8,14,7,8,8,12,3,2,0,2,0,0,3,2,1,2,16,20
"11915",7,17,8,14,16,10,8,8,14,6,6,5,6,5,0,6,6,1,1,23,28
"11916",8,22,8,18,16,17,8,14,16,5,0,0,4,2,2,5,4,1,1,28,32
"11917",9,22,10,18,18,22,8,18,16,2,2,0,2,0,0,2,2,2,2,30,34
"11918",10,22,11,19,18,22,10,18,18,1,1,1,1,1,0,1,1,2,1,31,35
"11919",11,23,11,20,18,22,11,19,18,1,0,0,1,1,1,1,1,1,1,32,36
"11920",12,23,11,20,18,23,11,20,18,1,1,0,NA,0,0,0,0,0,0,32,36
"11921",0,0,0,0,0,0,0,0,0,0,0,0,0,0,0,0,0,0,0,0,0
"11922",1,9,1,3,1,1,1,1,1,6,2,1,2,1,0,6,2,1,1,8,2
"11923",2,9,2,3,6,9,1,3,1,1,0,0,1,5,5,1,5,2,2,9,7
"11924",3,14,2,4,6,9,2,3,6,1,5,0,1,0,0,5,1,1,1,14,8
"11925",4,14,7,5,6,14,2,4,6,2,1,5,2,1,0,5,1,2,1,19,9
"11926",5,16,7,9,6,14,7,5,6,2,0,0,4,2,5,2,4,1,1,21,13
"11927",6,16,12,11,6,16,7,9,6,2,5,0,2,0,0,5,2,2,1,26,15
"11928",7,21,12,15,6,16,12,11,6,4,2,5,4,2,0,5,4,1,1,31,19
"11929",8,21,14,20,6,21,12,15,6,2,0,0,4,1,5,2,5,2,1,33,24
"11930",9,21,18,20,7,21,14,20,6,4,1,0,1,0,0,4,1,2,2,37,25
"11931",10,21,21,23,7,21,18,20,7,3,3,1,3,1,0,3,3,2,1,40,28
"11932",11,21,22,28,7,21,21,23,7,1,0,0,6,4,5,1,5,2,1,41,33
"11933",12,21,22,28,7,21,22,28,7,6,4,0,NA,0,0,0,0,0,0,41,33
"11934",0,0,0,0,0,0,0,0,0,0,0,0,0,0,0,0,0,0,0,0,0
"11935",1,6,1,1,2,1,1,1,1,1,1,5,1,1,0,5,1,1,2,5,1
"11936",2,6,2,1,6,6,1,1,2,1,0,0,3,4,1,1,4,2,2,6,5
"11937",3,9,2,1,7,6,2,1,6,3,1,0,1,0,0,3,1,1,2,9,6
"11938",4,13,8,12,7,9,2,1,7,3,6,6,3,6,0,6,6,2,1,19,17
"11939",5,13,11,12,17,13,8,12,7,3,0,0,1,6,3,3,6,2,2,22,27
"11940",6,16,11,13,17,13,11,12,17,1,3,0,1,0,0,3,1,1,1,25,28
"11941",7,17,11,13,22,16,11,13,17,1,5,3,5,3,0,1,5,1,2,26,33
"11942",8,17,14,18,22,17,11,13,22,3,0,0,5,1,3,3,5,2,1,29,38
"11943",9,20,14,19,22,17,14,18,22,1,3,0,1,0,0,3,1,1,1,32,39
"11944",10,23,14,19,24,20,14,19,22,3,2,2,2,2,0,3,2,1,2,35,41
"11945",11,23,16,33,24,23,14,19,24,2,0,0,6,1,4,2,6,2,1,37,55
"11946",12,23,16,33,24,23,16,33,24,1,4,0,NA,0,0,0,0,0,0,37,55
"11947",0,0,0,0,0,0,0,0,0,0,0,0,0,0,0,0,0,0,0,0,0
"11948",1,5,7,1,6,1,1,1,1,3,6,5,3,5,0,6,5,2,2,10,5
"11949",2,5,10,3,12,5,7,1,6,3,0,0,1,2,6,3,6,2,2,13,13
"11950",3,5,11,3,14,5,10,3,12,1,2,0,2,0,0,1,2,2,2,14,15
"11951",4,5,16,8,20,5,11,3,14,6,2,5,6,2,0,5,6,2,2,19,26
"11952",5,5,18,8,25,5,16,8,20,2,0,0,5,6,5,2,5,2,2,21,31
"11953",6,5,23,11,37,5,18,8,25,6,5,0,6,0,0,5,6,2,2,26,46
"11954",7,5,24,11,38,5,23,11,37,1,1,1,1,1,0,1,1,2,2,27,47
"11955",8,6,24,16,38,5,24,11,38,1,0,0,5,4,1,1,5,1,1,28,52
"11956",9,6,28,21,39,6,24,16,38,4,1,0,1,0,0,4,1,2,2,32,96
"11957",10,15,34,26,39,6,28,21,39,2,6,5,2,5,0,6,5,2,1,47,101
"11958",11,17,34,31,39,15,34,26,39,2,0,0,5,1,5,2,5,1,1,49,106
"11959",12,17,34,31,39,17,34,31,39,1,5,0,NA,0,0,0,0,0,0,49,106
"11960",0,0,0,0,0,0,0,0,0,0,0,0,0,0,0,0,0,0,0,0,0
"11961",1,1,6,6,1,1,1,1,1,5,2,5,2,5,0,5,5,2,1,5,5
"11962",2,1,8,12,4,1,6,6,1,2,0,0,5,6,2,2,6,2,1,7,14
"11963",3,1,13,12,6,1,8,12,4,5,2,0,2,0,0,5,2,2,2,12,16
"11964",4,1,18,12,10,1,13,12,6,1,5,4,1,4,0,5,4,2,2,17,20
"11965",5,1,19,14,10,1,18,12,10,1,0,0,2,3,2,1,2,2,1,18,22
"11966",6,1,21,17,10,1,19,14,10,3,2,0,3,0,0,2,3,2,1,20,25
"11967",7,1,26,22,10,1,21,17,10,5,5,5,5,5,0,5,5,2,1,25,30
"11968",8,6,26,27,16,1,26,22,10,5,0,0,6,2,5,5,6,1,2,30,41
"11969",9,8,26,27,21,6,26,27,16,2,5,0,5,0,0,2,5,1,2,32,46
"11970",10,9,29,1,22,8,26,27,21,1,1,1,1,1,0,1,1,1,2,36,21
"11971",11,1,30,8,27,9,29,1,22,1,0,0,4,6,5,1,5,2,2,29,33
"11972",12,1,30,8,27,1,30,8,27,4,6,0,NA,0,0,0,0,0,0,29,33
"11973",0,0,0,0,0,0,0,0,0,0,0,0,0,0,0,0,0,0,0,0,0
"11974",1,4,1,9,1,1,1,1,1,2,3,6,2,6,0,3,6,1,1,3,8
"11975",2,4,3,14,1,4,1,9,1,2,0,0,1,3,5,2,5,2,1,5,13
"11976",3,4,6,14,2,4,3,14,1,1,3,0,1,0,0,3,1,2,2,8,14
"11977",4,6,6,18,2,4,6,14,2,4,2,2,4,2,0,2,4,1,1,10,18
"11978",5,8,6,18,12,6,6,18,2,2,0,0,6,5,2,2,6,1,2,12,28
"11979",6,13,6,20,12,8,6,18,12,5,2,0,2,0,0,5,2,1,1,17,30
"11980",7,13,10,20,22,13,6,20,12,6,4,1,6,1,0,4,6,2,2,21,40
"11981",8,14,10,22,22,13,10,20,22,1,0,0,4,5,2,1,2,1,1,22,42
"11982",9,18,10,22,27,14,10,22,22,4,5,0,5,0,0,4,5,1,2,26,47
"11983",10,20,1,29,34,18,10,22,27,2,2,1,2,1,0,2,1,1,2,19,61
"11984",11,22,1,31,34,20,1,29,34,2,0,0,2,4,1,2,2,1,1,21,63
"11985",12,22,1,31,34,22,1,31,34,4,1,0,NA,0,0,0,0,0,0,21,63
"11986",0,0,0,0,0,0,0,0,0,0,0,0,0,0,0,0,0,0,0,0,0
"11987",1,6,1,1,4,1,1,1,1,1,3,5,1,3,0,5,3,1,2,5,3
"11988",2,6,2,1,7,6,1,1,4,1,0,0,1,1,3,1,3,2,2,6,6
"11989",3,7,2,2,7,6,2,1,7,1,1,0,1,0,0,1,1,1,1,7,7
"11990",4,12,2,14,11,7,2,2,7,3,5,6,3,6,0,5,6,1,1,12,23
"11991",5,15,2,15,11,12,2,14,11,3,0,0,2,1,2,3,1,1,1,15,24
"11992",6,17,2,17,11,15,2,15,11,2,2,0,2,0,0,2,2,1,1,17,26
"11993",7,21,2,17,13,17,2,17,11,4,3,2,3,2,0,4,2,1,2,21,28
"11994",8,24,2,21,19,21,2,17,13,3,0,0,6,2,4,3,6,1,2,24,38
"11995",9,26,2,25,19,24,2,21,19,2,4,0,4,0,0,2,4,1,1,26,42
"11996",10,30,2,28,19,26,2,25,19,3,4,4,3,4,0,4,3,1,1,30,45
"11997",11,30,6,39,27,30,2,28,19,4,0,0,5,6,1,4,6,2,1,34,102
"11998",12,30,6,39,27,30,6,39,27,5,1,0,NA,0,0,0,0,0,0,34,102
"11999",0,0,0,0,0,0,0,0,0,0,0,0,0,0,0,0,0,0,0,0,0
"12000",1,1,6,1,4,1,1,1,1,3,2,5,3,2,0,5,3,2,2,5,3
"12001",2,1,8,1,8,1,6,1,4,2,0,0,2,4,5,2,4,2,2,7,7
"12002",3,6,8,1,10,1,8,1,8,2,5,0,2,0,0,5,2,1,2,12,9
"12003",4,10,8,1,13,6,8,1,10,3,4,2,3,2,0,4,3,1,2,16,12
"12004",5,10,10,1,16,10,8,1,13,2,0,0,3,2,1,2,3,2,2,18,15
"12005",6,12,10,2,16,10,10,1,16,2,1,0,1,0,0,2,1,1,1,20,16
"12006",7,15,10,2,20,12,10,2,16,4,3,3,4,3,0,3,4,1,2,23,20
"12007",8,18,10,2,25,15,10,2,20,3,0,0,5,2,2,3,5,1,2,26,25
"12008",9,22,10,3,25,18,10,2,25,2,2,0,2,0,0,2,2,1,1,30,26
"12009",10,25,10,3,30,22,10,3,25,3,5,5,5,5,0,3,5,1,2,33,31
"12010",11,30,10,3,35,25,10,3,30,5,0,0,6,4,5,5,5,1,2,38,36
"12011",12,30,10,3,35,30,10,3,35,6,4,0,NA,0,0,0,0,0,0,38,36
"12012",0,0,0,0,0,0,0,0,0,0,0,0,0,0,0,0,0,0,0,0,0
"12013",1,1,6,1,4,1,1,1,1,5,3,3,3,3,0,5,3,2,2,5,3
"12014",2,1,9,1,9,1,6,1,4,3,0,0,3,1,5,3,5,2,2,8,8
"12015",3,1,12,1,10,1,9,1,9,3,1,0,1,0,0,3,1,2,2,11,9
"12016",4,1,17,1,12,1,12,1,10,4,5,2,4,2,0,5,2,2,2,16,11
"12017",5,5,17,1,16,1,17,1,12,4,0,0,2,4,4,4,4,1,2,20,15
"12018",6,9,17,1,18,5,17,1,16,2,4,0,2,0,0,4,2,1,2,24,17
"12019",7,15,18,1,19,9,17,1,18,1,1,6,1,1,0,6,1,1,2,31,18
"12020",8,15,19,6,19,15,18,1,19,1,0,0,1,6,5,1,5,2,1,32,23
"12021",9,26,19,7,19,15,19,6,19,1,6,0,1,0,0,6,1,1,1,43,24
"12022",10,29,19,8,19,26,19,7,19,2,3,1,2,1,0,3,1,1,1,46,25
"12023",11,31,19,10,19,29,19,8,19,2,0,0,2,4,2,2,2,1,1,48,27
"12024",12,31,19,10,19,31,19,10,19,4,2,0,NA,0,0,0,0,0,0,48,27
"12025",0,0,0,0,0,0,0,0,0,0,0,0,0,0,0,0,0,0,0,0,0
"12026",1,5,1,13,6,1,1,1,1,5,4,6,5,6,0,4,6,1,1,4,17
"12027",2,10,1,19,9,5,1,13,6,5,0,0,5,6,1,5,6,1,1,9,26
"12028",3,11,1,19,14,10,1,19,9,5,1,0,5,0,0,1,5,1,2,10,31
"12029",4,19,1,19,15,11,1,19,14,6,1,1,1,1,0,6,1,1,2,18,32
"12030",5,20,1,21,15,19,1,19,15,1,0,0,6,2,4,1,2,1,1,19,34
"12031",6,29,1,25,15,20,1,21,15,6,4,0,4,0,0,6,4,1,1,28,38
"12032",7,33,3,31,4,29,1,25,15,4,6,1,6,1,0,4,6,1,1,34,33
"12033",8,33,4,36,4,33,3,31,4,1,0,0,3,5,5,1,5,2,1,35,38
"12034",9,33,7,36,9,33,4,36,4,3,5,0,5,0,0,3,5,2,2,38,43
"12035",10,33,12,36,13,33,7,36,9,4,2,5,4,2,0,5,4,2,2,43,47
"12036",11,33,14,39,17,33,12,36,13,2,0,0,3,1,4,2,3,2,1,45,92
"12037",12,33,14,39,17,33,14,39,17,1,4,0,NA,0,0,0,0,0,0,45,92
"12038",0,0,0,0,0,0,0,0,0,0,0,0,0,0,0,0,0,0,0,0,0
"12039",1,3,1,4,1,1,1,1,1,1,3,2,1,3,0,2,3,1,1,2,3
"12040",2,4,1,6,1,3,1,4,1,1,0,0,2,2,1,1,2,1,1,3,5
"12041",3,4,3,6,2,4,1,6,1,2,1,0,1,0,0,2,1,2,2,5,6
"12042",4,4,7,6,6,4,3,6,2,4,4,3,4,3,0,4,4,2,2,9,10
"12043",5,7,7,6,9,4,7,6,6,3,0,0,3,1,3,3,3,1,2,12,13
"12044",6,10,7,6,10,7,7,6,9,1,3,0,1,0,0,3,1,1,2,15,14
"12045",7,20,7,6,14,10,7,6,10,6,3,4,3,4,0,6,4,1,2,25,18
"12046",8,20,10,10,20,20,7,6,14,3,0,0,5,6,1,3,6,2,2,28,28
"12047",9,25,10,11,20,20,10,10,20,5,1,0,1,0,0,5,1,1,1,33,29
"12048",10,25,13,11,22,25,10,11,20,2,3,1,2,1,0,3,2,2,2,36,31
"12049",11,26,13,11,27,25,13,11,22,1,0,0,4,5,5,1,5,1,2,37,36
"12050",12,26,13,11,27,26,13,11,27,4,5,0,NA,0,0,0,0,0,0,37,36
"12051",0,0,0,0,0,0,0,0,0,0,0,0,0,0,0,0,0,0,0,0,0
"12052",1,1,2,1,5,1,1,1,1,1,4,2,4,2,0,1,4,2,2,1,4
"12053",2,1,4,6,5,1,2,1,5,2,0,0,5,2,2,2,5,2,1,3,9
"12054",3,1,6,6,7,1,4,6,5,2,2,0,2,0,0,2,2,2,2,5,11
"12055",4,1,11,11,7,1,6,6,7,5,5,2,5,2,0,5,5,2,1,10,16
"12056",5,3,11,11,12,1,11,11,7,2,0,0,4,1,5,2,5,1,2,12,21
"12057",6,3,15,11,13,3,11,11,12,4,1,0,1,0,0,4,1,2,2,16,22
"12058",7,3,18,14,13,3,15,11,13,3,3,3,3,3,0,3,3,2,1,19,25
"12059",8,6,18,17,13,3,18,14,13,3,0,0,3,2,1,3,3,1,1,22,28
"12060",9,6,19,19,13,6,18,17,13,2,1,0,2,0,0,1,2,2,1,23,30
"12061",10,9,19,25,17,6,19,19,13,4,6,3,4,6,0,3,6,1,1,26,40
"12062",11,13,19,27,17,9,19,25,17,4,0,0,2,2,3,4,2,1,1,30,42
"12063",12,13,19,27,17,13,19,27,17,2,3,0,NA,0,0,0,0,0,0,30,42
"12064",0,0,0,0,0,0,0,0,0,0,0,0,0,0,0,0,0,0,0,0,0
"12065",1,8,7,5,1,1,1,1,1,6,4,4,4,4,0,6,4,1,1,13,4
"12066",2,12,7,5,4,8,7,5,1,4,0,0,2,3,3,4,3,1,2,17,7
"12067",3,12,9,5,7,12,7,5,4,2,3,0,3,0,0,2,3,2,2,19,10
"12068",4,12,13,6,7,12,9,5,7,4,1,3,1,3,0,4,1,2,1,23,11
"12069",5,12,16,6,9,12,13,6,7,3,0,0,5,4,2,3,2,2,2,26,13
"12070",6,17,16,10,9,12,16,6,9,5,4,0,4,0,0,5,4,1,1,31,17
"12071",7,19,16,10,14,17,16,10,9,2,2,5,2,5,0,2,5,1,2,33,22
"12072",8,19,18,10,17,19,16,10,14,2,0,0,3,3,3,2,3,2,2,35,25
"12073",9,19,21,10,20,19,18,10,17,3,3,0,3,0,0,3,3,2,2,38,28
"12074",10,1,27,11,22,19,21,10,20,1,6,4,1,4,0,6,1,2,1,26,31
"12075",11,5,27,16,22,1,27,11,22,4,0,0,2,5,2,4,5,1,1,30,36
"12076",12,5,27,16,22,5,27,16,22,2,2,0,NA,0,0,0,0,0,0,30,36
"12077",0,0,0,0,0,0,0,0,0,0,0,0,0,0,0,0,0,0,0,0,0
"12078",1,6,1,1,5,1,1,1,1,5,4,4,4,4,0,5,4,1,2,5,4
"12079",2,6,5,1,10,6,1,1,5,4,0,0,1,3,5,4,5,2,2,9,9
"12080",3,9,5,1,11,6,5,1,10,1,3,0,1,0,0,3,1,1,2,12,10
"12081",4,12,5,1,15,9,5,1,11,4,2,3,4,2,0,3,4,1,2,15,14
"12082",5,12,7,6,15,12,5,1,15,2,0,0,3,1,5,2,5,2,1,17,19
"12083",6,15,7,7,15,12,7,6,15,3,1,0,1,0,0,3,1,1,1,20,20
"12084",7,15,15,7,19,15,7,7,15,4,4,6,4,4,0,6,4,2,2,28,24
"12085",8,15,19,12,19,15,15,7,19,4,0,0,4,6,5,4,5,2,1,32,29
"12086",9,24,19,12,23,15,19,12,19,4,6,0,4,0,0,6,4,1,2,41,33
"12087",10,24,22,12,26,24,19,12,23,3,1,3,1,3,0,3,3,2,2,44,36
"12088",11,25,22,15,26,24,22,12,26,1,0,0,3,4,4,1,3,1,1,45,39
"12089",12,25,22,15,26,25,22,15,26,4,4,0,NA,0,0,0,0,0,0,45,39
"12090",0,0,0,0,0,0,0,0,0,0,0,0,0,0,0,0,0,0,0,0,0
"12091",1,6,1,5,1,1,1,1,1,4,1,5,4,1,0,5,4,1,1,5,4
"12092",2,6,2,11,2,6,1,5,1,1,0,0,6,1,4,1,6,2,1,6,11
"12093",3,10,2,11,3,6,2,11,2,1,4,0,1,0,0,4,1,1,2,10,12
"12094",4,16,6,15,3,10,2,11,3,4,3,6,4,3,0,6,4,1,1,20,16
"12095",5,19,6,15,4,16,6,15,3,3,0,0,2,2,1,3,1,1,2,23,17
"12096",6,21,6,15,6,19,6,15,4,2,2,0,2,0,0,2,2,1,2,25,19
"12097",7,22,6,23,6,21,6,15,6,6,6,1,6,6,0,1,6,1,1,26,27
"12098",8,22,13,29,10,22,6,23,6,6,0,0,4,2,6,6,6,2,1,33,37
"12099",9,22,17,29,12,22,13,29,10,4,2,0,2,0,0,4,2,2,2,37,39
"12100",10,28,20,34,12,22,17,29,12,5,4,6,5,4,0,6,5,1,1,46,44
"12101",11,28,24,38,18,28,20,34,12,4,0,0,3,4,6,4,6,2,2,50,54
"12102",12,28,24,38,18,28,24,38,18,3,4,0,NA,0,0,0,0,0,0,50,54
"12103",0,0,0,0,0,0,0,0,0,0,0,0,0,0,0,0,0,0,0,0,0
"12104",1,7,2,1,6,1,1,1,1,6,5,1,5,1,0,6,5,1,2,7,5
"12105",2,7,3,6,12,7,2,1,6,1,0,0,2,6,6,1,6,2,2,8,16
"12106",3,16,3,6,14,7,3,6,12,2,6,0,2,0,0,6,2,1,2,17,18
"12107",4,18,3,9,14,16,3,6,14,1,2,3,1,3,0,2,3,1,1,19,21
"12108",5,19,3,9,16,18,3,9,14,1,0,0,2,1,3,1,2,1,2,20,23
"12109",6,19,6,10,16,19,3,9,16,1,3,0,1,0,0,3,1,2,1,23,24
"12110",7,21,6,15,16,19,6,10,16,2,1,5,1,5,0,2,5,1,1,25,29
"12111",8,21,7,15,20,21,6,15,16,1,0,0,3,4,1,1,4,2,2,26,33
"12112",9,21,10,16,20,21,7,15,20,3,1,0,1,0,0,3,1,2,1,29,34
"12113",10,21,12,16,22,21,10,16,20,2,2,2,2,2,0,2,2,2,2,31,36
"12114",11,23,12,24,22,21,12,16,22,2,0,0,3,6,2,2,6,1,1,33,44
"12115",12,23,12,24,22,23,12,24,22,3,2,0,NA,0,0,0,0,0,0,33,44
"12116",0,0,0,0,0,0,0,0,0,0,0,0,0,0,0,0,0,0,0,0,0
"12117",1,1,3,5,1,1,1,1,1,1,2,4,1,4,0,2,4,2,1,2,4
"12118",2,1,4,5,6,1,3,5,1,1,0,0,6,3,5,1,5,2,2,3,9
"12119",3,9,4,5,9,1,4,5,6,6,3,0,3,0,0,6,3,1,2,11,12
"12120",4,11,4,5,12,9,4,5,9,2,3,2,3,2,0,2,3,1,2,13,15
"12121",5,13,4,5,16,11,4,5,12,2,0,0,4,2,4,2,4,1,2,15,19
"12122",6,13,8,7,16,13,4,5,16,2,4,0,2,0,0,4,2,2,1,19,21
"12123",7,17,8,10,16,13,8,7,16,4,2,3,2,3,0,4,3,1,1,23,24
"12124",8,19,8,10,21,17,8,10,16,2,0,0,4,5,1,2,5,1,2,25,29
"12125",9,23,8,11,21,19,8,10,21,4,1,0,1,0,0,4,1,1,1,29,30
"12126",10,27,8,14,21,23,8,11,21,3,4,2,3,2,0,4,3,1,1,33,33
"12127",11,27,10,21,21,27,8,14,21,2,0,0,6,1,1,2,6,2,1,35,40
"12128",12,27,10,21,21,27,10,21,21,1,1,0,NA,0,0,0,0,0,0,35,40
"12129",0,0,0,0,0,0,0,0,0,0,0,0,0,0,0,0,0,0,0,0,0
"12130",1,1,6,6,1,1,1,1,1,5,4,5,4,5,0,5,5,2,1,5,5
"12131",2,1,10,12,6,1,6,6,1,4,0,0,1,6,6,4,6,2,1,9,16
"12132",3,1,18,12,7,1,10,12,6,1,6,0,1,0,0,6,1,2,2,17,17
"12133",4,1,20,13,7,1,18,12,7,1,2,1,1,1,0,2,1,2,1,19,18
"12134",5,1,21,16,7,1,20,13,7,1,0,0,2,3,2,1,3,2,1,20,21
"12135",6,1,23,18,7,1,21,16,7,2,2,0,2,0,0,2,2,2,1,22,23
"12136",7,11,23,20,13,1,23,18,7,6,6,4,6,4,0,6,6,1,2,32,31
"12137",8,15,23,24,19,11,23,20,13,4,0,0,5,3,6,4,6,1,2,36,41
"12138",9,20,23,24,22,15,23,24,19,5,3,0,3,0,0,5,3,1,2,41,44
"12139",10,20,28,24,23,20,23,24,22,1,5,1,1,1,0,5,1,2,2,46,45
"12140",11,20,29,36,23,20,28,24,23,1,0,0,3,6,4,1,6,2,1,47,57
"12141",12,20,29,36,23,20,29,36,23,3,4,0,NA,0,0,0,0,0,0,47,57
"12142",0,0,0,0,0,0,0,0,0,0,0,0,0,0,0,0,0,0,0,0,0
"12143",1,6,1,4,1,1,1,1,1,2,5,3,2,3,0,5,3,1,1,5,3
"12144",2,8,1,9,1,6,1,4,1,2,0,0,2,5,1,2,5,1,1,7,8
"12145",3,9,1,11,1,8,1,9,1,2,1,0,2,0,0,1,2,1,1,8,10
"12146",4,14,1,27,1,9,1,11,1,6,5,3,6,3,0,5,6,1,1,13,26
"12147",5,14,4,27,2,14,1,27,1,3,0,0,6,1,1,3,1,2,2,16,27
"12148",6,1,8,27,11,14,4,27,2,6,1,0,1,0,0,6,1,1,2,7,36
"12149",7,7,1,35,11,1,8,27,11,3,6,4,3,4,0,6,4,1,1,6,44
"12150",8,10,1,39,14,7,1,35,11,3,0,0,5,4,4,3,4,1,1,9,89
"12151",9,15,1,39,18,10,1,39,14,5,4,0,4,0,0,5,4,1,2,14,93
"12152",10,17,1,39,19,15,1,39,18,2,2,1,2,1,0,2,1,1,2,16,94
"12153",11,19,1,39,21,17,1,39,19,2,0,0,2,1,1,2,2,1,2,18,96
"12154",12,19,1,39,21,19,1,39,21,1,1,0,NA,0,0,0,0,0,0,18,96
"12155",0,0,0,0,0,0,0,0,0,0,0,0,0,0,0,0,0,0,0,0,0
"12156",1,2,1,1,6,1,1,1,1,1,5,2,5,2,0,1,5,1,2,1,5
"12157",2,2,3,6,6,2,1,1,6,2,0,0,1,1,5,2,5,2,1,3,10
"12158",3,3,3,6,7,2,3,6,6,1,1,0,1,0,0,1,1,1,2,4,11
"12159",4,9,4,8,7,3,3,6,7,1,6,2,1,2,0,6,2,1,1,11,13
"12160",5,10,4,14,13,9,4,8,7,1,0,0,1,3,6,1,6,1,2,12,25
"12161",6,13,4,14,14,10,4,14,13,1,3,0,1,0,0,3,1,1,2,15,26
"12162",7,13,9,20,16,13,4,14,14,2,5,6,2,6,0,5,6,2,1,20,34
"12163",8,15,9,20,20,13,9,20,16,2,0,0,2,4,4,2,4,1,2,22,38
"12164",9,17,9,24,20,15,9,20,20,2,4,0,4,0,0,2,4,1,1,24,42
"12165",10,20,9,24,22,17,9,24,20,3,5,2,5,2,0,3,2,1,2,27,44
"12166",11,25,9,37,22,20,9,24,22,5,0,0,2,6,2,5,6,1,1,32,57
"12167",12,25,9,37,22,25,9,37,22,2,2,0,NA,0,0,0,0,0,0,32,57
"12168",0,0,0,0,0,0,0,0,0,0,0,0,0,0,0,0,0,0,0,0,0
"12169",1,5,1,1,6,1,1,1,1,4,5,1,5,1,0,4,5,1,2,4,5
"12170",2,5,2,1,11,5,1,1,6,1,0,0,1,2,5,1,5,2,2,5,10
"12171",3,5,4,1,12,5,2,1,11,1,2,0,1,0,0,2,1,2,2,7,11
"12172",4,8,4,1,15,5,4,1,12,3,3,1,3,1,0,3,3,1,2,10,14
"12173",5,8,5,6,15,8,4,1,15,1,0,0,6,2,5,1,5,2,1,11,19
"12174",6,17,5,6,17,8,5,6,15,6,2,0,2,0,0,6,2,1,2,20,21
"12175",7,19,17,6,20,17,5,6,17,6,3,3,3,3,0,6,3,2,2,34,24
"12176",8,22,17,6,22,19,17,6,20,3,0,0,3,2,1,3,2,1,2,37,26
"12177",9,22,20,7,22,22,17,6,22,3,1,0,1,0,0,3,1,2,1,40,27
"12178",10,22,21,7,26,22,20,7,22,4,3,1,4,3,0,1,4,2,2,41,31
"12179",11,22,24,7,28,22,21,7,26,3,0,0,2,1,6,3,2,2,2,44,33
"12180",12,22,24,7,28,22,24,7,28,1,6,0,NA,0,0,0,0,0,0,44,33
"12181",0,0,0,0,0,0,0,0,0,0,0,0,0,0,0,0,0,0,0,0,0
"12182",1,1,4,6,1,1,1,1,1,5,5,3,5,5,0,3,5,2,1,3,5
"12183",2,6,4,18,6,1,4,6,1,5,0,0,6,6,5,5,6,1,1,8,22
"12184",3,18,4,18,11,6,4,18,6,6,5,0,5,0,0,6,5,1,2,20,27
"12185",4,20,4,18,15,18,4,18,11,2,4,1,4,1,0,2,4,1,2,22,31
"12186",5,21,4,18,17,20,4,18,15,1,0,0,3,2,4,1,2,1,2,23,33
"12187",6,25,4,18,20,21,4,18,17,3,4,0,3,0,0,4,3,1,2,27,36
"12188",7,35,10,23,20,25,4,18,20,2,6,5,2,5,0,6,5,1,1,43,41
"12189",8,37,10,25,26,35,10,23,20,2,0,0,1,6,2,2,6,1,2,45,49
"12190",9,39,11,26,26,37,10,25,26,1,2,0,1,0,0,2,1,1,1,86,50
"12191",10,39,14,26,28,39,11,26,26,3,2,1,2,1,0,3,2,2,2,89,52
"12192",11,39,15,30,28,39,14,26,28,1,0,0,4,1,4,1,4,2,1,90,56
"12193",12,39,15,30,28,39,15,30,28,1,4,0,NA,0,0,0,0,0,0,90,56
"12194",0,0,0,0,0,0,0,0,0,0,0,0,0,0,0,0,0,0,0,0,0
"12195",1,4,7,1,5,1,1,1,1,6,4,4,4,4,0,6,4,2,2,9,4
"12196",2,8,7,1,10,4,7,1,5,4,0,0,5,1,6,4,5,1,2,13,9
"12197",3,12,13,2,10,8,7,1,10,1,6,0,1,0,0,6,1,2,1,23,10
"12198",4,12,17,2,15,12,13,2,10,4,5,4,5,4,0,4,5,2,2,27,15
"12199",5,12,1,12,15,12,17,2,15,4,0,0,4,2,1,4,1,2,1,11,25
"12200",6,14,1,12,19,12,1,12,15,4,2,0,4,0,0,2,4,1,2,13,29
"12201",7,18,1,12,24,14,1,12,19,4,1,5,1,5,0,4,5,1,2,17,34
"12202",8,19,1,18,34,18,1,12,24,1,0,0,6,2,3,1,6,1,2,18,50
"12203",9,21,1,21,34,19,1,18,34,2,3,0,3,0,0,2,3,1,1,20,53
"12204",10,38,1,21,36,21,1,21,34,2,6,6,2,6,0,6,2,1,2,37,55
"12205",11,42,7,22,36,38,1,21,36,6,0,0,5,1,3,6,1,2,1,47,56
"12206",12,42,7,22,36,42,7,22,36,5,3,0,NA,0,0,0,0,0,0,47,56
"12207",0,0,0,0,0,0,0,0,0,0,0,0,0,0,0,0,0,0,0,0,0
"12208",1,8,1,2,1,1,1,1,1,2,6,1,2,1,0,6,1,1,1,7,1
"12209",2,8,3,5,1,8,1,2,1,2,0,0,3,2,3,2,3,2,1,9,4
"12210",3,8,6,5,3,8,3,5,1,2,3,0,2,0,0,3,2,2,2,12,6
"12211",4,8,11,10,3,8,6,5,3,3,5,5,3,5,0,5,5,2,1,17,11
"12212",5,8,14,14,3,8,11,10,3,3,0,0,4,1,1,3,4,2,1,20,15
"12213",6,8,15,14,4,8,14,14,3,1,1,0,1,0,0,1,1,2,2,21,16
"12214",7,8,19,14,7,8,15,14,4,1,3,4,1,3,0,4,3,2,2,25,19
"12215",8,8,20,17,7,8,19,14,7,1,0,0,3,3,4,1,3,2,1,26,22
"12216",9,12,20,17,10,8,20,17,7,3,4,0,3,0,0,4,3,1,2,30,25
"12217",10,17,20,22,10,12,20,17,10,4,5,5,4,5,0,5,5,1,1,35,30
"12218",11,21,20,24,10,17,20,22,10,4,0,0,2,4,5,4,2,1,1,39,32
"12219",12,21,20,24,10,21,20,24,10,4,5,0,NA,0,0,0,0,0,0,39,32
"12220",0,0,0,0,0,0,0,0,0,0,0,0,0,0,0,0,0,0,0,0,0
"12221",1,1,6,1,5,1,1,1,1,4,5,1,4,1,0,5,4,2,2,5,4
"12222",2,1,7,6,5,1,6,1,5,1,0,0,3,5,2,1,5,2,1,6,9
"12223",3,1,10,8,5,1,7,6,5,3,2,0,2,0,0,3,2,2,1,9,11
"12224",4,7,11,13,5,1,10,8,5,6,5,1,5,1,0,6,5,1,1,16,16
"12225",5,7,12,19,9,7,11,13,5,1,0,0,4,3,6,1,6,2,1,17,26
"12226",6,7,16,19,12,7,12,19,9,4,3,0,3,0,0,4,3,2,2,21,29
"12227",7,7,27,22,12,7,16,19,12,6,4,3,4,3,0,6,3,2,1,32,32
"12228",8,11,27,22,20,7,27,22,12,4,0,0,3,3,6,4,6,1,2,36,40
"12229",9,11,30,22,23,11,27,22,20,3,3,0,3,0,0,3,3,2,2,39,43
"12230",10,11,34,27,23,11,30,22,23,3,4,5,3,5,0,4,5,2,1,43,48
"12231",11,11,37,31,23,11,34,27,23,3,0,0,4,4,1,3,4,2,1,46,52
"12232",12,11,37,31,23,11,37,31,23,4,1,0,NA,0,0,0,0,0,0,46,52
"12233",0,0,0,0,0,0,0,0,0,0,0,0,0,0,0,0,0,0,0,0,0
"12234",1,1,3,6,1,1,1,1,1,3,5,2,3,5,0,2,5,2,1,2,5
"12235",2,1,6,6,6,1,3,6,1,3,0,0,3,5,5,3,5,2,2,5,10
"12236",3,6,6,9,6,1,6,6,6,3,5,0,3,0,0,5,3,1,1,10,13
"12237",4,18,9,12,6,6,6,9,6,3,3,6,3,3,0,6,3,1,1,25,16
"12238",5,18,12,12,10,18,9,12,6,3,0,0,4,4,4,3,4,2,2,28,20
"12239",6,18,16,16,10,18,12,12,10,4,4,0,4,0,0,4,4,2,1,32,24
"12240",7,18,19,20,10,18,16,16,10,3,4,3,4,3,0,3,4,2,1,35,28
"12241",8,21,19,24,10,18,19,20,10,3,0,0,3,4,4,3,4,1,1,38,32
"12242",9,25,19,27,10,21,19,24,10,3,4,0,3,0,0,4,3,1,1,42,35
"12243",10,25,24,32,10,25,19,27,10,5,5,4,5,4,0,5,5,2,1,47,40
"12244",11,29,24,37,10,25,24,32,10,4,0,0,5,2,5,4,5,1,1,51,45
"12245",12,29,24,37,10,29,24,37,10,2,5,0,NA,0,0,0,0,0,0,51,45
"12246",0,0,0,0,0,0,0,0,0,0,0,0,0,0,0,0,0,0,0,0,0
"12247",1,4,7,1,6,1,1,1,1,6,1,5,1,5,0,6,5,2,2,9,5
"12248",2,4,8,5,12,4,7,1,6,1,0,0,5,2,6,1,6,2,2,10,15
"12249",3,4,13,7,12,4,8,5,12,5,2,0,2,0,0,5,2,2,1,15,17
"12250",4,8,13,16,12,4,13,7,12,6,4,5,6,5,0,4,6,1,1,19,26
"12251",5,13,13,16,22,8,13,16,12,5,0,0,6,6,6,5,6,1,2,24,36
"12252",6,20,13,22,26,13,13,16,22,6,6,0,6,0,0,6,6,1,1,31,46
"12253",7,25,13,27,26,20,13,22,26,5,5,4,5,4,0,5,5,1,1,36,51
"12254",8,29,1,34,26,25,13,27,26,4,0,0,3,3,4,4,4,1,1,28,58
"12255",9,29,4,34,29,29,1,34,26,3,3,0,3,0,0,3,3,2,2,31,61
"12256",10,32,4,34,31,29,4,34,29,3,2,1,2,1,0,3,2,1,2,34,63
"12257",11,33,4,35,31,32,4,34,31,1,0,0,1,5,2,1,1,1,1,35,64
"12258",12,33,4,35,31,33,4,35,31,5,2,0,NA,0,0,0,0,0,0,35,64
"12259",0,0,0,0,0,0,0,0,0,0,0,0,0,0,0,0,0,0,0,0,0
"12260",1,6,1,5,1,1,1,1,1,5,3,4,3,4,0,5,4,1,1,5,4
"12261",2,9,1,10,1,6,1,5,1,3,0,0,4,6,5,3,5,1,1,8,9
"12262",3,21,6,14,1,9,1,10,1,4,6,0,4,0,0,6,4,1,1,25,13
"12263",4,36,6,3,1,21,6,14,1,2,2,6,2,2,0,6,2,1,1,40,2
"12264",5,38,6,8,7,36,6,3,1,2,0,0,6,5,5,2,6,1,2,42,13
"12265",6,38,11,8,12,38,6,8,7,5,5,0,5,0,0,5,5,2,2,47,18
"12266",7,38,16,8,17,38,11,8,12,5,1,5,1,5,0,5,5,2,2,52,23
"12267",8,38,17,8,20,38,16,8,17,1,0,0,3,4,4,1,3,2,2,53,26
"12268",9,38,21,12,20,38,17,8,20,4,4,0,4,0,0,4,4,2,1,57,30
"12269",10,38,23,13,20,38,21,12,20,1,2,2,1,2,0,2,1,2,1,59,31
"12270",11,38,25,14,20,38,23,13,20,2,0,0,6,1,6,2,1,2,1,61,32
"12271",12,38,25,14,20,38,25,14,20,6,6,0,NA,0,0,0,0,0,0,61,32
"12272",0,0,0,0,0,0,0,0,0,0,0,0,0,0,0,0,0,0,0,0,0
"12273",1,6,7,1,5,1,1,1,1,5,4,6,5,4,0,6,4,2,2,11,4
"12274",2,11,7,2,5,6,7,1,5,5,0,0,2,2,1,5,1,1,1,16,5
"12275",3,11,9,2,7,11,7,2,5,2,2,0,2,0,0,2,2,2,2,18,7
"12276",4,17,12,2,17,11,9,2,7,5,6,6,5,6,0,6,6,1,2,27,17
"12277",5,17,17,2,21,17,12,2,17,5,0,0,2,5,4,5,4,2,2,32,21
"12278",6,17,19,2,26,17,17,2,21,2,5,0,5,0,0,2,5,2,2,34,26
"12279",7,27,19,2,27,17,19,2,26,6,1,2,1,2,0,6,1,1,2,44,27
"12280",8,29,19,2,32,27,19,2,27,2,0,0,5,4,1,2,5,1,2,46,32
"12281",9,33,19,2,33,29,19,2,32,4,1,0,1,0,0,4,1,1,2,50,33
"12282",10,37,19,2,35,33,19,2,33,2,4,2,2,2,0,4,2,1,2,54,35
"12283",11,39,30,4,39,37,19,2,35,2,0,0,4,6,2,2,4,1,2,105,79
"12284",12,39,30,4,39,39,30,4,39,6,2,0,NA,0,0,0,0,0,0,105,79
"12285",0,0,0,0,0,0,0,0,0,0,0,0,0,0,0,0,0,0,0,0,0
"12286",1,6,1,4,1,1,1,1,1,3,1,5,3,1,0,5,3,1,1,5,3
"12287",2,7,1,4,12,6,1,4,1,1,0,0,5,3,6,1,6,1,2,6,14
"12288",3,12,1,7,12,7,1,4,12,5,3,0,3,0,0,5,3,1,1,11,17
"12289",4,15,1,7,14,12,1,7,12,3,1,2,1,2,0,3,2,1,2,14,19
"12290",5,15,2,11,14,15,1,7,14,1,0,0,4,3,4,1,4,2,1,15,23
"12291",6,15,5,15,14,15,2,11,14,3,4,0,4,0,0,3,4,2,1,18,27
"12292",7,15,16,22,14,15,5,15,14,6,2,6,2,6,0,6,6,2,1,29,34
"12293",8,17,16,28,19,15,16,22,14,2,0,0,2,1,6,2,6,1,1,31,45
"12294",9,19,16,29,19,17,16,28,19,2,1,0,1,0,0,2,1,1,1,33,46
"12295",10,22,16,32,19,19,16,29,19,3,3,2,3,2,0,3,3,1,1,36,49
"12296",11,22,18,38,23,22,16,32,19,2,0,0,1,6,1,2,6,2,1,38,59
"12297",12,22,18,38,23,22,18,38,23,1,1,0,NA,0,0,0,0,0,0,38,59
"12298",0,0,0,0,0,0,0,0,0,0,0,0,0,0,0,0,0,0,0,0,0
"12299",1,11,1,6,1,1,1,1,1,5,6,1,5,1,0,6,5,1,1,10,5
"12300",2,11,2,11,7,11,1,6,1,1,0,0,4,6,6,1,6,2,2,11,16
"12301",3,11,10,15,7,11,2,11,7,4,6,0,4,0,0,6,4,2,1,19,20
"12302",4,11,15,15,12,11,10,15,7,5,3,5,3,5,0,5,5,2,2,24,25
"12303",5,14,15,15,20,11,15,15,12,3,0,0,6,3,6,3,6,1,2,27,33
"12304",6,20,20,15,23,14,15,15,20,3,6,0,3,0,0,6,3,1,2,38,36
"12305",7,20,31,15,26,20,20,15,23,6,3,1,3,1,0,6,3,2,2,49,39
"12306",8,21,31,15,31,20,31,15,26,1,0,0,5,5,3,1,5,1,2,50,44
"12307",9,26,31,15,34,21,31,15,31,5,3,0,3,0,0,5,3,1,2,55,47
"12308",10,26,38,16,34,26,31,15,34,1,1,6,1,1,0,6,1,2,1,62,48
"12309",11,30,39,16,37,26,38,16,34,1,0,0,5,1,3,1,3,2,2,105,51
"12310",12,30,39,16,37,30,39,16,37,5,1,0,NA,0,0,0,0,0,0,105,51
"12311",0,0,0,0,0,0,0,0,0,0,0,0,0,0,0,0,0,0,0,0,0
"12312",1,6,1,7,3,1,1,1,1,3,6,5,3,6,0,5,6,1,1,5,8
"12313",2,9,1,12,3,6,1,7,3,3,0,0,5,2,2,3,5,1,1,8,13
"12314",3,9,3,14,3,9,1,12,3,2,2,0,2,0,0,2,2,2,1,10,15
"12315",4,18,3,19,3,9,3,14,3,6,5,2,5,2,0,6,5,1,1,19,20
"12316",5,18,5,19,5,18,3,19,3,2,0,0,2,2,2,2,2,2,2,21,22
"12317",6,20,5,21,5,18,5,19,5,2,2,0,2,0,0,2,2,1,1,23,24
"12318",7,20,8,21,9,20,5,21,5,3,3,4,3,4,0,3,4,2,2,26,28
"12319",8,20,11,21,13,20,8,21,9,3,0,0,4,1,3,3,4,2,2,29,32
"12320",9,23,11,22,13,20,11,21,13,1,3,0,1,0,0,3,1,1,1,32,33
"12321",10,23,24,26,13,23,11,22,13,6,4,5,4,5,0,6,4,2,1,45,37
"12322",11,28,24,28,13,23,24,26,13,5,0,0,2,5,2,5,2,1,1,50,39
"12323",12,28,24,28,13,28,24,28,13,5,2,0,NA,0,0,0,0,0,0,50,39
"12324",0,0,0,0,0,0,0,0,0,0,0,0,0,0,0,0,0,0,0,0,0
"12325",1,2,1,5,1,1,1,1,1,1,4,4,4,4,0,1,4,1,1,1,4
"12326",2,6,1,11,2,2,1,5,1,4,0,0,1,6,1,4,6,1,1,5,11
"12327",3,6,2,11,3,6,1,11,2,1,1,0,1,0,0,1,1,2,2,6,12
"12328",4,10,2,13,3,6,2,11,3,4,2,1,2,1,0,4,2,1,1,10,14
"12329",5,11,2,13,8,10,2,13,3,1,0,0,5,1,1,1,5,1,2,11,19
"12330",6,11,3,13,9,11,2,13,8,1,1,0,1,0,0,1,1,2,2,12,20
"12331",7,15,3,13,18,11,3,13,9,3,4,6,3,6,0,4,6,1,2,16,29
"12332",8,18,3,13,23,15,3,13,18,3,0,0,5,6,3,3,5,1,2,19,34
"12333",9,36,10,16,1,18,3,13,23,6,3,0,3,0,0,6,3,1,1,44,15
"12334",10,36,15,16,3,36,10,16,1,2,2,5,2,2,0,5,2,2,2,49,17
"12335",11,38,15,19,3,36,15,16,3,2,0,0,3,5,4,2,3,1,1,51,20
"12336",12,38,15,19,3,38,15,19,3,5,4,0,NA,0,0,0,0,0,0,51,20
"12337",0,0,0,0,0,0,0,0,0,0,0,0,0,0,0,0,0,0,0,0,0
"12338",1,6,7,6,1,1,1,1,1,5,2,6,5,2,0,6,5,2,1,11,5
"12339",2,6,9,9,1,6,7,6,1,2,0,0,2,2,3,2,3,2,1,13,8
"12340",3,6,11,9,3,6,9,9,1,2,2,0,2,0,0,2,2,2,2,15,10
"12341",4,17,11,12,3,6,11,9,3,3,1,6,3,1,0,6,3,1,1,26,13
"12342",5,18,11,17,3,17,11,12,3,1,0,0,1,2,5,1,5,1,1,27,18
"12343",6,20,11,17,4,18,11,17,3,1,2,0,1,0,0,2,1,1,2,29,19
"12344",7,20,27,24,4,20,11,17,4,6,6,3,6,3,0,6,6,2,1,45,26
"12345",8,20,30,36,4,20,27,24,4,3,0,0,6,5,5,3,6,2,1,48,38
"12346",9,20,35,36,9,20,30,36,4,5,5,0,5,0,0,5,5,2,2,53,43
"12347",10,25,39,38,9,20,35,36,9,2,4,6,2,6,0,4,2,2,1,100,45
"12348",11,1,39,38,19,25,39,38,9,6,0,0,5,1,2,6,5,1,2,76,55
"12349",12,1,39,38,19,1,39,38,19,1,2,0,NA,0,0,0,0,0,0,76,55
"12350",0,0,0,0,0,0,0,0,0,0,0,0,0,0,0,0,0,0,0,0,0
"12351",1,7,8,5,1,1,1,1,1,4,5,6,4,5,0,6,4,1,1,13,4
"12352",2,7,13,5,4,7,8,5,1,5,0,0,2,1,3,5,3,2,2,18,7
"12353",3,7,14,7,4,7,13,5,4,2,1,0,2,0,0,1,2,2,1,19,9
"12354",4,11,14,7,9,7,14,7,4,4,5,1,5,1,0,4,5,1,2,23,14
"12355",5,12,14,7,12,11,14,7,9,1,0,0,3,1,6,1,3,1,2,24,17
"12356",6,18,23,8,12,12,14,7,12,1,6,0,1,0,0,6,1,1,1,39,18
"12357",7,19,23,8,17,18,23,8,12,1,5,3,5,3,0,1,5,1,2,40,23
"12358",8,19,29,3,17,19,23,8,17,3,0,0,5,2,1,3,2,2,1,46,18
"12359",9,19,34,3,18,19,29,3,17,5,1,0,1,0,0,5,1,2,2,51,19
"12360",10,25,38,6,24,19,34,3,18,6,6,2,6,2,0,6,6,1,2,61,28
"12361",11,27,38,7,24,25,38,6,24,2,0,0,1,2,6,2,1,1,1,63,29
"12362",12,27,38,7,24,27,38,7,24,2,6,0,NA,0,0,0,0,0,0,63,29
"12363",0,0,0,0,0,0,0,0,0,0,0,0,0,0,0,0,0,0,0,0,0
"12364",1,6,1,4,1,1,1,1,1,3,5,3,3,3,0,5,3,1,1,5,3
"12365",2,9,1,4,2,6,1,4,1,3,0,0,4,6,1,3,1,1,2,8,4
"12366",3,9,5,4,11,9,1,4,2,4,6,0,6,0,0,4,6,2,2,12,13
"12367",4,9,7,4,16,9,5,4,11,2,5,3,5,3,0,2,5,2,2,14,18
"12368",5,9,10,16,17,9,7,4,16,3,0,0,6,3,3,3,6,2,1,17,31
"12369",6,12,10,19,17,9,10,16,17,3,3,0,3,0,0,3,3,1,1,20,34
"12370",7,12,15,19,21,12,10,19,17,5,4,4,4,4,0,5,4,2,2,25,38
"12371",8,12,19,22,21,12,15,19,21,4,0,0,3,3,5,4,3,2,1,29,41
"12372",9,12,24,22,24,12,19,22,21,3,5,0,3,0,0,5,3,2,2,34,44
"12373",10,12,28,23,24,12,24,22,24,4,1,2,1,2,0,4,1,2,1,38,45
"12374",11,14,28,26,24,12,28,23,24,2,0,0,3,3,5,2,3,1,1,40,48
"12375",12,14,28,26,24,14,28,26,24,3,5,0,NA,0,0,0,0,0,0,40,48
"12376",0,0,0,0,0,0,0,0,0,0,0,0,0,0,0,0,0,0,0,0,0
"12377",1,1,4,1,2,1,1,1,1,3,1,1,1,1,0,3,1,2,2,3,1
"12378",2,1,5,7,4,1,4,1,2,1,0,0,6,5,3,1,6,2,1,4,9
"12379",3,6,5,10,4,1,5,7,4,5,3,0,3,0,0,5,3,1,1,9,12
"12380",4,10,5,10,20,6,5,10,4,6,4,4,6,4,0,4,6,1,2,13,28
"12381",5,14,5,19,20,10,5,10,20,4,0,0,3,1,6,4,6,1,1,17,37
"12382",6,15,1,20,23,14,5,19,20,3,1,0,3,0,0,1,3,1,2,14,41
"12383",7,15,8,20,6,15,1,20,23,5,4,1,5,1,0,4,5,2,2,21,24
"12384",8,16,8,20,11,15,8,20,6,1,0,0,2,2,5,1,5,1,2,22,29
"12385",9,18,8,20,13,16,8,20,11,2,2,0,2,0,0,2,2,1,2,24,31
"12386",10,18,12,23,13,18,8,20,13,4,3,2,3,2,0,4,3,2,1,28,34
"12387",11,20,12,27,13,18,12,23,13,2,0,0,4,3,3,2,4,1,1,30,38
"12388",12,20,12,27,13,20,12,27,13,3,3,0,NA,0,0,0,0,0,0,30,38
"12389",0,0,0,0,0,0,0,0,0,0,0,0,0,0,0,0,0,0,0,0,0
"12390",1,1,9,1,4,1,1,1,1,6,3,4,3,4,0,6,3,2,2,8,3
"12391",2,5,9,4,4,1,9,1,4,4,0,0,3,5,1,4,3,1,1,12,6
"12392",3,5,14,5,4,5,9,4,4,5,1,0,1,0,0,5,1,2,1,17,7
"12393",4,15,14,5,5,5,14,5,4,1,6,1,1,1,0,6,1,1,2,27,8
"12394",5,16,14,9,5,15,14,5,5,1,0,0,3,4,5,1,4,1,1,28,12
"12395",6,16,17,14,5,16,14,9,5,3,5,0,5,0,0,3,5,2,1,31,17
"12396",7,27,23,14,3,16,17,14,5,2,1,6,2,1,0,6,2,1,2,48,15
"12397",8,28,23,20,8,27,23,14,3,1,0,0,6,6,1,1,6,1,1,49,26
"12398",9,39,34,20,9,28,23,20,8,6,1,0,1,0,0,6,1,1,2,109,27
"12399",10,39,39,20,9,39,34,20,9,4,6,5,4,6,0,5,0,2,NA,152,27
"12400",11,39,39,20,9,39,39,20,9,NA,0,0,6,1,2,0,0,NA,NA,152,27
"12401",12,39,39,20,9,39,39,20,9,NA,0,0,NA,0,0,0,0,NA,NA,152,27
"12402",0,0,0,0,0,0,0,0,0,0,0,0,0,0,0,0,0,0,0,0,0
"12403",1,1,4,1,4,1,1,1,1,3,3,2,3,2,0,3,3,2,2,3,3
"12404",2,1,6,1,5,1,4,1,4,2,0,0,2,1,3,2,1,2,2,5,4
"12405",3,4,6,1,7,1,6,1,5,2,3,0,2,0,0,3,2,1,2,8,6
"12406",4,4,10,1,12,4,6,1,7,5,3,4,5,3,0,4,5,2,2,12,11
"12407",5,4,13,1,17,4,10,1,12,3,0,0,4,1,5,3,5,2,2,15,16
"12408",6,8,13,2,17,4,13,1,17,4,1,0,1,0,0,4,1,1,1,19,17
"12409",7,11,19,2,22,8,13,2,17,3,6,5,3,5,0,6,5,2,2,28,22
"12410",8,14,19,2,27,11,19,2,22,3,0,0,1,5,2,3,5,1,2,31,27
"12411",9,15,19,2,29,14,19,2,27,1,2,0,2,0,0,1,2,1,2,32,29
"12412",10,15,24,2,31,15,19,2,29,2,5,2,2,2,0,5,2,2,2,37,31
"12413",11,15,26,7,31,15,24,2,31,2,0,0,1,5,1,2,5,2,1,39,36
"12414",12,15,26,7,31,15,26,7,31,1,1,0,NA,0,0,0,0,0,0,39,36
"12415",0,0,0,0,0,0,0,0,0,0,0,0,0,0,0,0,0,0,0,0,0
"12416",1,3,1,1,3,1,1,1,1,2,2,4,2,4,0,2,2,1,2,2,2
"12417",2,3,5,3,3,3,1,1,3,4,0,0,2,2,2,4,2,2,1,6,4
"12418",3,5,5,5,3,3,5,3,3,2,2,0,2,0,0,2,2,1,1,8,6
"12419",4,7,5,9,3,5,5,5,3,2,4,3,4,3,0,2,4,1,1,10,10
"12420",5,7,8,13,3,7,5,9,3,3,0,0,3,4,2,3,4,2,1,13,14
"12421",6,7,11,13,5,7,8,13,3,3,2,0,2,0,0,3,2,2,2,16,16
"12422",7,7,16,13,14,7,11,13,5,2,5,6,2,6,0,5,6,2,2,21,25
"12423",8,9,16,19,18,7,16,13,14,2,0,0,2,5,6,2,6,1,1,23,35
"12424",9,14,16,21,18,9,16,19,18,2,5,0,2,0,0,5,2,1,1,28,37
"12425",10,15,16,25,18,14,16,21,18,4,1,1,4,1,0,1,4,1,1,29,41
"12426",11,16,16,32,18,15,16,25,18,1,0,0,6,4,1,1,6,1,1,30,48
"12427",12,16,16,32,18,16,16,32,18,4,1,0,NA,0,0,0,0,0,0,30,48
"12428",0,0,0,0,0,0,0,0,0,0,0,0,0,0,0,0,0,0,0,0,0
"12429",1,1,6,1,5,1,1,1,1,1,5,4,1,4,0,5,4,2,2,5,4
"12430",2,1,7,1,6,1,6,1,5,1,0,0,1,1,4,1,1,2,2,6,5
"12431",3,5,7,1,7,1,7,1,6,1,4,0,1,0,0,4,1,1,2,10,6
"12432",4,8,7,1,11,5,7,1,7,3,3,4,3,4,0,3,4,1,2,13,10
"12433",5,11,7,1,15,8,7,1,11,3,0,0,4,2,2,3,4,1,2,16,14
"12434",6,11,9,3,15,11,7,1,15,2,2,0,2,0,0,2,2,2,1,18,16
"12435",7,16,9,6,15,11,9,3,15,3,5,3,3,3,0,5,3,1,1,23,19
"12436",8,16,12,6,19,16,9,6,15,3,0,0,4,2,6,3,4,2,2,26,23
"12437",9,22,20,6,21,16,12,6,19,2,6,0,2,0,0,6,2,2,2,40,25
"12438",10,22,23,6,32,22,20,6,21,3,6,3,6,3,0,3,6,2,2,43,36
"12439",11,25,23,8,38,22,23,6,32,3,0,0,6,6,6,3,6,1,2,46,44
"12440",12,25,23,8,38,25,23,8,38,6,6,0,NA,0,0,0,0,0,0,46,44
"12441",0,0,0,0,0,0,0,0,0,0,0,0,0,0,0,0,0,0,0,0,0
"12442",1,7,12,1,6,1,1,1,1,5,6,1,5,1,0,6,5,2,2,17,5
"12443",2,7,13,1,11,7,12,1,6,1,0,0,5,3,6,1,5,2,2,18,10
"12444",3,13,19,4,11,7,13,1,11,3,6,0,3,0,0,6,3,1,1,30,13
"12445",4,17,19,4,13,13,19,4,11,2,2,4,2,2,0,4,2,1,2,34,15
"12446",5,17,21,5,19,17,19,4,13,2,0,0,6,4,6,2,6,2,2,36,22
"12447",6,21,21,5,28,17,21,5,19,4,6,0,6,0,0,4,6,1,2,40,31
"12448",7,21,24,5,33,21,21,5,28,5,3,3,5,3,0,3,5,2,2,43,36
"12449",8,21,27,5,35,21,24,5,33,3,0,0,2,2,1,3,2,2,2,46,38
"12450",9,22,27,5,37,21,27,5,35,2,1,0,2,0,0,1,2,1,2,47,40
"12451",10,22,36,5,38,22,27,5,37,6,1,5,1,5,0,6,1,2,2,56,41
"12452",11,1,36,13,39,22,36,5,38,5,0,0,1,2,2,5,1,1,2,35,88
"12453",12,1,36,13,39,1,36,13,39,2,2,0,NA,0,0,0,0,0,0,35,88
"12454",0,0,0,0,0,0,0,0,0,0,0,0,0,0,0,0,0,0,0,0,0
"12455",1,6,1,4,1,1,1,1,1,3,3,5,3,3,0,5,3,1,1,5,3
"12456",2,9,1,4,12,6,1,4,1,3,0,0,6,2,5,3,6,1,2,8,14
"12457",3,14,1,6,12,9,1,4,12,2,5,0,2,0,0,5,2,1,1,13,16
"12458",4,16,1,10,12,14,1,6,12,2,2,4,2,4,0,2,4,1,1,15,20
"12459",5,18,1,19,12,16,1,10,12,2,0,0,6,1,2,2,6,1,1,17,29
"12460",6,18,2,19,14,18,1,19,12,1,2,0,2,0,0,1,2,2,2,18,31
"12461",7,21,1,19,25,18,2,19,14,6,3,3,6,3,0,3,6,1,2,20,42
"12462",8,21,4,19,27,21,1,19,25,3,0,0,2,2,2,3,2,2,2,23,44
"12463",9,23,4,19,29,21,4,19,27,2,2,0,2,0,0,2,2,1,2,25,46
"12464",10,23,5,19,34,23,4,19,29,5,1,1,5,1,0,1,5,2,2,26,51
"12465",11,24,5,21,34,23,5,19,34,1,0,0,2,2,5,1,2,1,1,27,53
"12466",12,24,5,21,34,24,5,21,34,2,5,0,NA,0,0,0,0,0,0,27,53
"12467",0,0,0,0,0,0,0,0,0,0,0,0,0,0,0,0,0,0,0,0,0
"12468",1,1,4,6,1,1,1,1,1,5,2,3,5,2,0,3,5,2,1,3,5
"12469",2,3,4,6,5,1,4,6,1,2,0,0,4,4,2,2,4,1,2,5,9
"12470",3,3,8,6,7,3,4,6,5,4,2,0,2,0,0,4,2,2,2,9,11
"12471",4,3,13,10,7,3,8,6,7,4,5,2,4,2,0,5,4,2,1,14,15
"12472",5,5,13,16,13,3,13,10,7,2,0,0,6,6,2,2,6,1,1,16,27
"12473",6,8,19,16,15,5,13,16,13,6,2,0,2,0,0,6,2,2,2,25,29
"12474",7,13,19,16,18,8,19,16,15,3,5,2,3,2,0,5,3,1,2,30,32
"12475",8,13,21,16,22,13,19,16,18,2,0,0,4,4,4,2,4,2,2,32,36
"12476",9,17,21,20,22,13,21,16,22,4,4,0,4,0,0,4,4,1,1,36,40
"12477",10,17,26,20,24,17,21,20,22,2,2,5,2,2,0,5,2,2,2,41,42
"12478",11,19,26,25,24,17,26,20,24,2,0,0,1,5,1,2,5,1,1,43,47
"12479",12,19,26,25,24,19,26,25,24,1,1,0,NA,0,0,0,0,0,0,43,47
"12480",0,0,0,0,0,0,0,0,0,0,0,0,0,0,0,0,0,0,0,0,0
"12481",1,1,3,10,7,1,1,1,1,2,6,6,6,6,0,2,6,2,1,2,15
"12482",2,12,3,10,18,1,3,10,7,6,0,0,6,1,4,6,6,1,2,13,26
"12483",3,16,3,10,19,12,3,10,18,1,4,0,1,0,0,4,1,1,2,17,27
"12484",4,20,3,15,19,16,3,10,19,4,5,1,5,1,0,4,5,1,1,21,32
"12485",5,21,1,24,19,20,3,15,19,1,0,0,6,3,6,1,6,1,1,20,41
"12486",6,31,6,1,22,21,1,24,19,3,6,0,3,0,0,6,3,1,2,35,21
"12487",7,35,6,1,23,31,6,1,22,3,4,1,3,1,0,4,1,1,2,39,22
"12488",8,35,9,1,24,35,6,1,23,3,0,0,1,1,2,3,1,2,2,42,23
"12489",9,36,9,3,24,35,9,1,24,1,2,0,2,0,0,1,2,1,1,43,25
"12490",10,36,11,3,28,36,9,3,24,3,4,2,3,4,0,2,4,2,2,45,29
"12491",11,39,13,3,33,36,11,3,28,3,0,0,5,6,4,3,5,1,2,88,34
"12492",12,39,13,3,33,39,13,3,33,6,4,0,NA,0,0,0,0,0,0,88,34
"12493",0,0,0,0,0,0,0,0,0,0,0,0,0,0,0,0,0,0,0,0,0
"12494",1,1,6,1,5,1,1,1,1,4,5,2,4,2,0,5,4,2,2,5,4
"12495",2,1,8,5,5,1,6,1,5,2,0,0,1,4,1,2,4,2,1,7,8
"12496",3,1,9,5,6,1,8,5,5,1,1,0,1,0,0,1,1,2,2,8,9
"12497",4,12,9,9,12,1,9,5,6,6,4,6,4,6,0,6,6,1,2,19,19
"12498",5,16,9,18,12,12,9,9,12,4,0,0,1,6,1,4,6,1,1,23,28
"12499",6,16,10,18,13,16,9,18,12,1,1,0,1,0,0,1,1,2,2,24,29
"12500",7,19,10,18,25,16,10,18,13,2,3,6,2,6,0,3,6,1,2,27,41
"12501",8,21,10,24,30,19,10,18,25,2,0,0,6,2,4,2,6,1,1,29,52
"12502",9,26,12,28,1,21,10,24,30,2,4,0,4,0,0,2,4,2,1,36,27
"12503",10,30,18,32,1,26,12,28,1,6,4,4,4,4,0,6,4,2,1,46,31
"12504",11,30,1,37,4,30,18,32,1,4,0,0,6,2,3,4,3,2,2,29,39
"12505",12,30,1,37,4,30,1,37,4,6,2,0,NA,0,0,0,0,0,0,29,39
"12506",0,0,0,0,0,0,0,0,0,0,0,0,0,0,0,0,0,0,0,0,0
"12507",1,14,1,5,1,1,1,1,1,6,3,4,3,4,0,6,4,1,1,13,4
"12508",2,14,4,10,1,14,1,5,1,3,0,0,6,1,5,3,5,2,1,16,9
"12509",3,14,14,10,2,14,4,10,1,6,1,0,1,0,0,6,1,2,2,26,10
"12510",4,14,19,10,5,14,14,10,2,5,3,3,3,3,0,5,3,2,2,31,13
"12511",5,14,22,15,5,14,19,10,5,3,0,0,2,1,5,3,5,2,1,34,18
"12512",6,15,22,17,5,14,22,15,5,2,1,0,2,0,0,1,2,1,1,35,20
"12513",7,15,32,28,5,15,22,17,5,6,6,6,6,6,0,6,6,2,1,45,31
"12514",8,20,38,31,5,15,32,28,5,6,0,0,6,3,4,6,3,2,1,56,34
"12515",9,33,39,35,5,20,38,31,5,6,4,0,4,0,0,6,4,1,1,108,38
"12516",10,39,39,35,5,33,39,35,5,5,6,2,5,2,0,6,0,1,NA,152,38
"12517",11,39,39,35,5,39,39,35,5,NA,0,0,6,2,4,0,0,NA,NA,152,38
"12518",12,39,39,35,5,39,39,35,5,NA,0,0,NA,0,0,0,0,NA,NA,152,38
"12519",0,0,0,0,0,0,0,0,0,0,0,0,0,0,0,0,0,0,0,0,0
"12520",1,2,7,1,5,1,1,1,1,4,4,6,4,4,0,6,4,2,2,7,4
"12521",2,6,7,8,5,2,7,1,5,4,0,0,2,6,2,4,6,1,1,11,11
"12522",3,8,7,8,7,6,7,8,5,2,2,0,2,0,0,2,2,1,2,13,13
"12523",4,8,11,11,7,8,7,8,7,3,3,4,3,3,0,4,3,2,1,17,16
"12524",5,8,14,15,7,8,11,11,7,3,0,0,4,1,3,3,4,2,1,20,20
"12525",6,11,14,15,8,8,14,15,7,1,3,0,1,0,0,3,1,1,2,23,21
"12526",7,16,20,15,12,11,14,15,8,1,6,4,1,4,0,6,4,2,2,34,25
"12527",8,17,20,18,12,16,20,15,12,1,0,0,5,3,1,1,3,1,1,35,28
"12528",9,17,25,19,12,17,20,18,12,5,1,0,1,0,0,5,1,2,1,40,29
"12529",10,26,25,22,12,17,25,19,12,3,5,6,3,5,0,6,3,1,1,49,32
"12530",11,38,34,24,1,26,25,22,12,5,0,0,2,1,3,5,2,2,1,70,23
"12531",12,38,34,24,1,38,34,24,1,1,3,0,NA,0,0,0,0,0,0,70,23
"12532",0,0,0,0,0,0,0,0,0,0,0,0,0,0,0,0,0,0,0,0,0
"12533",1,4,1,1,3,1,1,1,1,2,3,1,2,1,0,3,2,1,2,3,2
"12534",2,5,1,1,8,4,1,1,3,1,0,0,4,5,4,1,5,1,2,4,7
"12535",3,5,5,1,12,5,1,1,8,4,4,0,4,0,0,4,4,2,2,8,11
"12536",4,5,9,1,15,5,5,1,12,3,4,2,3,2,0,4,3,2,2,12,14
"12537",5,7,9,1,23,5,9,1,15,2,0,0,6,2,1,2,6,1,2,14,22
"12538",6,7,11,2,23,7,9,1,23,2,1,0,1,0,0,2,1,2,1,16,23
"12539",7,7,14,16,23,7,11,2,23,6,3,4,6,4,0,3,6,2,1,19,37
"12540",8,7,18,18,23,7,14,16,23,4,0,0,5,5,2,4,2,2,1,23,39
"12541",9,7,23,23,23,7,18,18,23,5,5,0,5,0,0,5,5,2,1,28,44
"12542",10,9,23,24,23,7,23,23,23,5,2,1,5,1,0,2,1,1,1,30,45
"12543",11,9,28,34,29,9,23,24,23,5,0,0,6,3,1,5,6,2,2,35,61
"12544",12,9,28,34,29,9,28,34,29,3,1,0,NA,0,0,0,0,0,0,35,61
"12545",0,0,0,0,0,0,0,0,0,0,0,0,0,0,0,0,0,0,0,0,0
"12546",1,1,5,2,1,1,1,1,1,1,1,4,1,1,0,4,1,2,1,4,1
"12547",2,2,5,7,1,1,5,2,1,1,0,0,4,4,5,1,5,1,1,5,6
"12548",3,2,9,11,1,2,5,7,1,4,4,0,4,0,0,4,4,2,1,9,10
"12549",4,7,15,22,1,2,9,11,1,6,1,6,1,6,0,6,6,2,1,20,21
"12550",5,8,15,22,2,7,15,22,1,1,0,0,2,2,1,1,1,1,2,21,22
"12551",6,10,15,22,4,8,15,22,2,2,2,0,2,0,0,2,2,1,2,23,24
"12552",7,10,18,22,15,10,15,22,4,3,3,6,3,6,0,3,6,2,2,26,35
"12553",8,10,21,26,15,10,18,22,15,3,0,0,4,2,1,3,4,2,1,29,39
"12554",9,12,21,26,16,10,21,26,15,2,1,0,1,0,0,2,1,1,2,31,40
"12555",10,17,21,30,16,12,21,26,16,4,2,5,4,2,0,5,4,1,1,36,44
"12556",11,19,21,32,16,17,21,30,16,2,0,0,2,2,5,2,2,1,1,38,46
"12557",12,19,21,32,16,19,21,32,16,2,5,0,NA,0,0,0,0,0,0,38,46
"12558",0,0,0,0,0,0,0,0,0,0,0,0,0,0,0,0,0,0,0,0,0
"12559",1,1,2,1,5,1,1,1,1,1,4,2,4,2,0,1,4,2,2,1,4
"12560",2,3,2,11,5,1,2,1,5,2,0,0,6,5,6,2,6,1,1,3,14
"12561",3,13,2,11,10,3,2,11,5,5,6,0,5,0,0,6,5,1,2,13,19
"12562",4,19,7,14,10,13,2,11,10,6,3,2,3,2,0,6,3,1,1,24,22
"12563",5,19,9,20,14,19,7,14,10,2,0,0,2,6,2,2,6,2,1,26,32
"12564",6,21,9,20,16,19,9,20,14,2,2,0,2,0,0,2,2,1,2,28,34
"12565",7,22,9,20,19,21,9,20,16,3,1,1,3,1,0,1,3,1,2,29,37
"12566",8,23,9,26,21,22,9,20,19,1,0,0,6,4,1,1,6,1,1,30,45
"12567",9,24,9,26,25,23,9,26,21,4,1,0,4,0,0,1,4,1,2,31,49
"12568",10,32,9,32,28,24,9,26,25,6,6,3,6,3,0,6,6,1,1,39,58
"12569",11,35,9,34,28,32,9,32,28,3,0,0,2,3,2,3,2,1,1,42,60
"12570",12,35,9,34,28,35,9,34,28,3,2,0,NA,0,0,0,0,0,0,42,60
"12571",0,0,0,0,0,0,0,0,0,0,0,0,0,0,0,0,0,0,0,0,0
"12572",1,1,3,3,1,1,1,1,1,2,3,2,3,2,0,2,2,2,1,2,2
"12573",2,4,3,3,3,1,3,3,1,3,0,0,6,2,2,3,2,1,2,5,4
"12574",3,12,3,3,5,4,3,3,3,6,2,0,2,0,0,6,2,1,2,13,6
"12575",4,18,5,4,5,12,3,3,5,4,6,1,4,1,0,6,1,1,1,21,7
"12576",5,18,9,4,10,18,5,4,5,4,0,0,5,5,4,4,5,2,2,25,12
"12577",6,18,13,4,15,18,9,4,10,5,4,0,5,0,0,4,5,2,2,29,17
"12578",7,18,17,4,19,18,13,4,15,4,3,4,3,4,0,4,4,2,2,33,21
"12579",8,18,20,4,21,18,17,4,19,3,0,0,2,2,2,3,2,2,2,36,23
"12580",9,20,20,6,21,18,20,4,21,2,2,0,2,0,0,2,2,1,1,38,25
"12581",10,20,25,6,26,20,20,6,21,5,3,5,3,5,0,5,5,2,2,43,30
"12582",11,23,1,11,26,20,25,6,26,3,0,0,6,4,1,3,1,1,1,22,35
"12583",12,23,1,11,26,23,1,11,26,6,4,0,NA,0,0,0,0,0,0,22,35
"12584",0,0,0,0,0,0,0,0,0,0,0,0,0,0,0,0,0,0,0,0,0
"12585",1,1,11,2,1,1,1,1,1,1,1,6,1,1,0,6,1,2,1,10,1
"12586",2,1,12,2,3,1,11,2,1,1,0,0,3,2,1,1,2,2,2,11,3
"12587",3,4,12,2,4,1,12,2,3,3,1,0,1,0,0,3,1,1,2,14,4
"12588",4,6,12,6,4,4,12,2,4,2,4,1,4,1,0,2,4,1,1,16,8
"12589",5,6,13,12,6,6,12,6,4,1,0,0,2,6,6,1,6,2,1,17,16
"12590",6,8,19,14,6,6,13,12,6,2,6,0,2,0,0,6,2,2,1,25,18
"12591",7,17,19,16,6,8,19,14,6,6,2,3,2,3,0,6,2,1,1,34,20
"12592",8,17,22,18,6,17,19,16,6,3,0,0,1,3,2,3,2,2,1,37,22
"12593",9,17,23,21,6,17,22,18,6,1,3,0,3,0,0,1,3,2,1,38,25
"12594",10,19,23,24,6,17,23,21,6,2,1,3,1,3,0,2,3,1,1,40,28
"12595",11,20,23,28,6,19,23,24,6,1,0,0,5,4,4,1,4,1,1,41,32
"12596",12,20,23,28,6,20,23,28,6,5,4,0,NA,0,0,0,0,0,0,41,32
"12597",0,0,0,0,0,0,0,0,0,0,0,0,0,0,0,0,0,0,0,0,0
"12598",1,7,7,1,11,1,1,1,1,6,6,2,6,2,0,6,6,2,2,12,10
"12599",2,9,7,4,11,7,7,1,11,2,0,0,4,1,3,2,3,1,1,14,13
"12600",3,13,7,4,12,9,7,4,11,4,1,0,1,0,0,4,1,1,2,18,14
"12601",4,15,13,4,13,13,7,4,12,6,1,1,1,1,0,6,1,2,2,26,15
"12602",5,16,13,4,24,15,13,4,13,1,0,0,6,1,1,1,6,1,2,27,26
"12603",6,16,14,4,25,16,13,4,24,1,1,0,1,0,0,1,1,2,2,28,27
"12604",7,27,14,1,26,16,14,4,25,1,6,1,1,1,0,6,1,1,2,39,25
"12605",8,27,15,1,29,27,14,1,26,1,0,0,2,3,1,1,3,2,2,40,28
"12606",9,28,15,3,29,27,15,1,29,2,1,0,2,0,0,1,2,1,1,41,30
"12607",10,35,15,4,29,28,15,3,29,2,1,6,2,1,0,6,1,1,1,48,31
"12608",11,35,1,6,35,35,15,4,29,2,0,0,1,3,6,2,6,2,2,34,39
"12609",12,35,1,6,35,35,1,6,35,1,3,0,NA,0,0,0,0,0,0,34,39
"12610",0,0,0,0,0,0,0,0,0,0,0,0,0,0,0,0,0,0,0,0,0
"12611",1,8,1,7,12,1,1,1,1,4,6,6,4,6,0,6,6,1,1,7,17
"12612",2,8,5,8,12,8,1,7,12,4,0,0,1,1,6,4,1,2,1,11,18
"12613",3,14,11,8,13,8,5,8,12,1,6,0,1,0,0,6,1,1,2,23,19
"12614",4,14,15,15,19,14,11,8,13,6,5,4,6,5,0,4,6,2,2,27,32
"12615",5,19,15,15,23,14,15,15,19,5,0,0,4,1,4,5,4,1,2,32,36
"12616",6,19,19,15,24,19,15,15,23,1,4,0,1,0,0,4,1,2,2,36,37
"12617",7,19,22,15,28,19,19,15,24,4,3,3,4,3,0,3,4,2,2,39,41
"12618",8,22,22,15,33,19,22,15,28,3,0,0,1,5,5,3,5,1,2,42,46
"12619",9,22,27,16,33,22,22,15,33,1,5,0,1,0,0,5,1,2,1,47,47
"12620",10,27,27,16,35,22,27,16,33,5,2,1,2,1,0,5,2,1,2,52,49
"12621",11,27,28,21,35,27,27,16,35,1,0,0,6,5,6,1,5,2,1,53,54
"12622",12,27,28,21,35,27,28,21,35,6,6,0,NA,0,0,0,0,0,0,53,54
"12623",0,0,0,0,0,0,0,0,0,0,0,0,0,0,0,0,0,0,0,0,0
"12624",1,1,5,2,1,1,1,1,1,1,2,4,1,2,0,4,1,2,1,4,1
"12625",2,1,7,2,5,1,5,2,1,2,0,0,4,4,4,2,4,2,2,6,5
"12626",3,1,11,6,5,1,7,2,5,4,4,0,4,0,0,4,4,2,1,10,9
"12627",4,7,17,9,5,1,11,6,5,3,6,2,3,2,0,6,3,2,1,22,12
"12628",5,9,17,13,5,7,17,9,5,2,0,0,4,5,2,2,4,1,1,24,16
"12629",6,14,17,15,5,9,17,13,5,5,2,0,2,0,0,5,2,1,1,29,18
"12630",7,14,21,24,5,14,17,15,5,6,4,6,6,6,0,4,6,2,1,33,27
"12631",8,1,27,29,2,14,21,24,5,6,0,0,1,6,2,6,1,1,2,26,29
"12632",9,4,33,31,2,1,27,29,2,6,2,0,2,0,0,6,2,2,1,35,31
"12633",10,4,37,35,2,4,33,31,2,4,4,1,4,1,0,4,4,2,1,39,35
"12634",11,4,38,37,2,4,37,35,2,1,0,0,1,2,2,1,2,2,1,40,37
"12635",12,4,38,37,2,4,38,37,2,1,2,0,NA,0,0,0,0,0,0,40,37
"12636",0,0,0,0,0,0,0,0,0,0,0,0,0,0,0,0,0,0,0,0,0
"12637",1,1,6,1,4,1,1,1,1,5,3,3,3,3,0,5,3,2,2,5,3
"12638",2,1,9,1,8,1,6,1,4,3,0,0,4,2,3,3,4,2,2,8,7
"12639",3,1,12,3,8,1,9,1,8,2,3,0,2,0,0,3,2,2,1,11,9
"12640",4,1,16,5,8,1,12,3,8,4,2,1,2,1,0,4,2,2,1,15,11
"12641",5,1,17,5,17,1,16,5,8,1,0,0,3,3,6,1,6,2,2,16,20
"12642",6,4,17,8,17,1,17,5,17,3,3,0,3,0,0,3,3,1,1,19,23
"12643",7,4,22,23,17,4,17,8,17,4,6,5,4,6,0,5,6,2,1,24,38
"12644",8,4,26,32,17,4,22,23,17,4,0,0,3,6,3,4,6,2,1,28,47
"12645",9,4,29,35,17,4,26,32,17,3,3,0,3,0,0,3,3,2,1,31,50
"12646",10,1,34,35,27,4,29,35,17,5,5,3,5,3,0,5,5,2,2,33,60
"12647",11,4,34,35,38,1,34,35,27,3,0,0,1,2,6,3,6,1,2,36,71
"12648",12,4,34,35,38,4,34,35,38,1,2,0,NA,0,0,0,0,0,0,36,71
"12649",0,0,0,0,0,0,0,0,0,0,0,0,0,0,0,0,0,0,0,0,0
"12650",1,1,5,6,7,1,1,1,1,3,6,4,3,6,0,4,6,2,2,4,11
"12651",2,1,8,11,7,1,5,6,7,3,0,0,3,1,5,3,5,2,1,7,16
"12652",3,4,8,12,7,1,8,11,7,3,1,0,1,0,0,3,1,1,1,10,17
"12653",4,8,8,12,11,4,8,12,7,2,4,4,2,4,0,4,4,1,2,14,21
"12654",5,10,8,16,11,8,8,12,11,2,0,0,4,3,1,2,4,1,1,16,25
"12655",6,13,8,16,12,10,8,16,11,3,1,0,1,0,0,3,1,1,2,19,26
"12656",7,13,12,18,12,13,8,16,12,2,4,2,2,2,0,4,2,2,1,23,28
"12657",8,15,12,18,17,13,12,18,12,2,0,0,1,2,5,2,5,1,2,25,33
"12658",9,15,14,18,18,15,12,18,17,1,2,0,1,0,0,2,1,2,2,27,34
"12659",10,15,16,29,18,15,14,18,18,2,1,6,1,6,0,2,6,2,1,29,45
"12660",11,15,17,29,28,15,16,29,18,1,0,0,6,2,4,1,6,2,2,30,55
"12661",12,15,17,29,28,15,17,29,28,2,4,0,NA,0,0,0,0,0,0,30,55
"12662",0,0,0,0,0,0,0,0,0,0,0,0,0,0,0,0,0,0,0,0,0
"12663",1,1,4,7,3,1,1,1,1,3,3,6,3,6,0,3,6,2,1,3,8
"12664",2,1,7,9,9,1,4,7,3,3,0,0,6,5,5,3,6,2,2,6,16
"12665",3,6,7,14,9,1,7,9,9,5,5,0,5,0,0,5,5,1,1,11,21
"12666",4,6,8,14,13,6,7,14,9,3,1,4,3,4,0,1,4,2,2,12,25
"12667",5,6,11,14,17,6,8,14,13,3,0,0,3,4,3,3,4,2,2,15,29
"12668",6,6,14,14,20,6,11,14,17,3,3,0,3,0,0,3,3,2,2,18,32
"12669",7,6,18,18,20,6,14,14,20,4,1,4,1,4,0,4,4,2,1,22,36
"12670",8,7,18,20,20,6,18,18,20,1,0,0,4,2,4,1,2,1,1,23,38
"12671",9,7,22,24,20,7,18,20,20,4,4,0,4,0,0,4,4,2,1,27,42
"12672",10,7,31,24,22,7,22,24,20,1,2,6,1,2,0,6,2,2,2,36,44
"12673",11,8,31,25,22,7,31,24,22,1,0,0,1,4,2,1,1,1,1,37,45
"12674",12,8,31,25,22,8,31,25,22,4,2,0,NA,0,0,0,0,0,0,37,45
"12675",0,0,0,0,0,0,0,0,0,0,0,0,0,0,0,0,0,0,0,0,0
"12676",1,7,6,1,6,1,1,1,1,5,5,6,5,5,0,6,5,1,2,11,5
"12677",2,7,11,1,11,7,6,1,6,5,0,0,5,5,5,5,5,2,2,16,10
"12678",3,7,16,1,16,7,11,1,11,5,5,0,5,0,0,5,5,2,2,21,15
"12679",4,10,16,1,26,7,16,1,16,3,1,6,1,6,0,3,6,1,2,24,25
"12680",5,10,17,1,38,10,16,1,26,1,0,0,6,3,3,1,6,2,2,25,37
"12681",6,10,20,4,38,10,17,1,38,3,3,0,3,0,0,3,3,2,1,28,40
"12682",7,18,20,9,38,10,20,4,38,5,6,3,5,3,0,6,5,1,1,36,45
"12683",8,18,23,12,38,18,20,9,38,3,0,0,3,3,4,3,3,2,1,39,48
"12684",9,18,27,15,38,18,23,12,38,3,4,0,3,0,0,4,3,2,1,43,51
"12685",10,18,32,20,38,18,27,15,38,5,5,3,5,3,0,5,5,2,1,48,56
"12686",11,18,35,21,38,18,32,20,38,3,0,0,1,3,5,3,1,2,1,51,57
"12687",12,18,35,21,38,18,35,21,38,3,5,0,NA,0,0,0,0,0,0,51,57
"12688",0,0,0,0,0,0,0,0,0,0,0,0,0,0,0,0,0,0,0,0,0
"12689",1,1,6,1,11,1,1,1,1,5,6,5,6,5,0,5,6,2,2,5,10
"12690",2,1,11,5,11,1,6,1,11,5,0,0,4,1,5,5,4,2,1,10,14
"12691",3,1,16,6,11,1,11,5,11,1,5,0,1,0,0,5,1,2,1,15,15
"12692",4,1,21,6,14,1,16,6,11,3,1,5,3,1,0,5,3,2,2,20,18
"12693",5,1,22,6,16,1,21,6,14,1,0,0,2,5,4,1,2,2,2,21,20
"12694",6,1,27,6,20,1,22,6,16,5,4,0,4,0,0,5,4,2,2,26,24
"12695",7,4,27,6,3,1,27,6,20,2,1,1,2,1,0,1,2,1,2,29,7
"12696",8,5,1,7,9,4,27,6,3,1,0,0,6,6,5,1,6,1,2,4,14
"12697",9,16,1,7,14,5,1,7,9,6,5,0,5,0,0,6,5,1,2,15,19
"12698",10,21,1,7,15,16,1,7,14,1,1,5,1,1,0,5,1,1,2,20,20
"12699",11,21,2,8,15,21,1,7,15,1,0,0,1,1,1,1,1,2,1,21,21
"12700",12,21,2,8,15,21,2,8,15,1,1,0,NA,0,0,0,0,0,0,21,21
"12701",0,0,0,0,0,0,0,0,0,0,0,0,0,0,0,0,0,0,0,0,0
"12702",1,1,6,1,5,1,1,1,1,5,4,4,4,4,0,5,4,2,2,5,4
"12703",2,1,10,10,5,1,6,1,5,4,0,0,3,6,2,4,6,2,1,9,13
"12704",3,1,13,12,5,1,10,10,5,3,2,0,2,0,0,3,2,2,1,12,15
"12705",4,6,13,16,5,1,13,12,5,3,4,5,3,4,0,5,4,1,1,17,19
"12706",5,6,16,16,10,6,13,16,5,3,0,0,5,2,5,3,5,2,2,20,24
"12707",6,6,21,18,10,6,16,16,10,2,5,0,2,0,0,5,2,2,1,25,26
"12708",7,10,27,19,10,6,21,18,10,2,6,1,2,1,0,6,1,2,1,35,27
"12709",8,10,1,21,11,10,27,19,10,2,0,0,5,1,2,2,1,2,2,9,30
"12710",9,11,3,6,11,10,1,21,11,5,2,0,5,0,0,2,5,2,1,12,15
"12711",10,14,3,9,11,11,3,6,11,3,3,3,3,3,0,3,3,1,1,15,18
"12712",11,17,3,12,11,14,3,9,11,3,0,0,3,5,4,3,3,1,1,18,21
"12713",12,17,3,12,11,17,3,12,11,5,4,0,NA,0,0,0,0,0,0,18,21
"12714",0,0,0,0,0,0,0,0,0,0,0,0,0,0,0,0,0,0,0,0,0
"12715",1,7,8,6,1,1,1,1,1,6,5,3,5,3,0,6,5,2,1,13,5
"12716",2,10,8,10,1,7,8,6,1,3,0,0,4,2,2,3,4,1,1,16,9
"12717",3,10,10,12,1,10,8,10,1,2,2,0,2,0,0,2,2,2,1,18,11
"12718",4,14,10,14,1,10,10,12,1,1,2,4,1,2,0,4,2,1,1,22,13
"12719",5,14,11,19,1,14,10,14,1,1,0,0,3,3,5,1,5,2,1,23,18
"12720",6,14,14,19,4,14,11,19,1,3,3,0,3,0,0,3,3,2,2,26,21
"12721",7,14,1,19,10,14,14,19,4,6,4,1,4,1,0,6,1,2,2,13,27
"12722",8,18,1,21,16,14,1,19,10,4,0,0,6,6,6,4,6,1,2,17,35
"12723",9,27,1,32,16,18,1,21,16,6,6,0,6,0,0,6,6,1,1,26,46
"12724",10,27,3,38,20,27,1,32,16,3,2,6,3,6,0,2,6,2,1,28,56
"12725",11,30,1,39,25,27,3,38,20,3,0,0,1,5,1,3,1,1,1,29,100
"12726",12,30,1,39,25,30,1,39,25,5,1,0,NA,0,0,0,0,0,0,29,100
"12727",0,0,0,0,0,0,0,0,0,0,0,0,0,0,0,0,0,0,0,0,0
"12728",1,1,12,10,1,1,1,1,1,6,6,6,6,6,0,6,6,2,1,11,9
"12729",2,12,12,15,1,1,12,10,1,6,0,0,6,5,2,6,5,1,1,22,14
"12730",3,22,18,15,3,12,12,15,1,6,2,0,2,0,0,6,2,1,2,38,16
"12731",4,27,18,15,5,22,18,15,3,5,2,3,2,3,0,5,2,1,2,43,18
"12732",5,30,18,19,5,27,18,15,5,3,0,0,4,3,3,3,4,1,1,46,22
"12733",6,33,18,19,8,30,18,19,5,3,3,0,3,0,0,3,3,1,2,49,25
"12734",7,33,22,19,13,33,18,19,8,4,5,4,5,4,0,4,5,2,2,53,30
"12735",8,33,26,22,13,33,22,19,13,4,0,0,4,3,6,4,3,2,1,57,33
"12736",9,37,26,29,13,33,26,22,13,4,6,0,6,0,0,4,6,1,1,61,40
"12737",10,37,34,34,1,37,26,29,13,5,5,4,5,4,0,5,5,2,1,69,33
"12738",11,37,38,41,1,37,34,34,1,4,0,0,6,4,3,4,6,2,1,73,40
"12739",12,37,38,41,1,37,38,41,1,4,3,0,NA,0,0,0,0,0,0,73,40
"12740",0,0,0,0,0,0,0,0,0,0,0,0,0,0,0,0,0,0,0,0,0
"12741",1,7,2,1,6,1,1,1,1,5,1,6,5,1,0,6,5,1,2,7,5
"12742",2,8,2,1,15,7,2,1,6,1,0,0,6,3,4,1,6,1,2,8,14
"12743",3,12,2,1,18,8,2,1,15,3,4,0,3,0,0,4,3,1,2,12,17
"12744",4,17,2,1,21,12,2,1,18,3,5,5,3,5,0,5,3,1,2,17,20
"12745",5,22,2,1,25,17,2,1,21,5,0,0,4,2,4,5,4,1,2,22,24
"12746",6,22,4,1,29,22,2,1,25,2,4,0,4,0,0,2,4,2,2,24,28
"12747",7,22,8,6,35,22,4,1,29,6,4,3,6,3,0,4,6,2,2,28,39
"12748",8,25,8,11,39,22,8,6,35,3,0,0,1,4,6,3,4,1,2,31,86
"12749",9,25,17,12,39,25,8,11,39,1,6,0,1,0,0,6,1,2,1,40,87
"12750",10,26,17,17,39,25,17,12,39,5,1,1,5,1,0,1,5,1,1,41,92
"12751",11,27,17,27,39,26,17,17,39,1,0,0,1,6,3,1,6,1,1,42,102
"12752",12,27,17,27,39,27,17,27,39,1,3,0,NA,0,0,0,0,0,0,42,102
"12753",0,0,0,0,0,0,0,0,0,0,0,0,0,0,0,0,0,0,0,0,0
"12754",1,1,3,9,7,1,1,1,1,6,2,2,6,2,0,2,6,2,1,2,14
"12755",2,3,3,9,11,1,3,9,7,2,0,0,4,1,2,2,4,1,2,4,18
"12756",3,5,3,9,12,3,3,9,11,1,2,0,1,0,0,2,1,1,2,6,19
"12757",4,9,3,15,15,5,3,9,12,1,4,6,1,6,0,4,6,1,1,10,28
"12758",5,9,4,17,21,9,3,15,15,1,0,0,6,4,2,1,6,2,2,11,36
"12759",6,13,4,19,21,9,4,17,21,4,2,0,2,0,0,4,2,1,1,15,38
"12760",7,18,4,19,25,13,4,19,21,4,4,5,4,4,0,5,4,1,2,20,42
"12761",8,22,4,19,27,18,4,19,25,4,0,0,1,2,4,4,2,1,2,24,44
"12762",9,26,4,19,28,22,4,19,27,1,4,0,1,0,0,4,1,1,2,28,45
"12763",10,26,11,24,1,26,4,19,28,1,5,6,1,5,0,6,5,2,1,35,23
"12764",11,27,1,33,1,26,11,24,1,1,0,0,5,1,6,1,5,1,1,26,32
"12765",12,27,1,33,1,27,1,33,1,1,6,0,NA,0,0,0,0,0,0,26,32
"12766",0,0,0,0,0,0,0,0,0,0,0,0,0,0,0,0,0,0,0,0,0
"12767",1,6,1,1,6,1,1,1,1,5,1,5,1,5,0,5,5,1,2,5,5
"12768",2,6,2,1,11,6,1,1,6,1,0,0,6,5,6,1,5,2,2,6,10
"12769",3,11,8,1,19,6,2,1,11,6,6,0,6,0,0,6,6,2,2,17,18
"12770",4,16,8,1,24,11,8,1,19,5,5,3,5,3,0,5,5,1,2,22,23
"12771",5,19,8,1,27,16,8,1,24,3,0,0,3,6,5,3,3,1,2,25,26
"12772",6,30,8,1,32,19,8,1,27,6,5,0,5,0,0,6,5,1,2,36,31
"12773",7,34,14,1,10,30,8,1,32,6,6,6,6,6,0,6,6,2,2,46,9
"12774",8,37,20,1,15,34,14,1,10,6,0,0,5,2,3,6,5,2,2,55,14
"12775",9,37,23,3,15,37,20,1,15,2,3,0,2,0,0,3,2,2,1,58,16
"12776",10,37,26,3,16,37,23,3,15,3,1,1,1,1,0,3,1,2,2,61,17
"12777",11,38,26,7,16,37,26,3,16,1,0,0,4,4,4,1,4,1,1,62,21
"12778",12,38,26,7,16,38,26,7,16,4,4,0,NA,0,0,0,0,0,0,62,21
"12779",0,0,0,0,0,0,0,0,0,0,0,0,0,0,0,0,0,0,0,0,0
"12780",1,3,1,10,1,1,1,1,1,6,3,2,6,3,0,2,6,1,1,2,9
"12781",2,3,4,15,1,3,1,10,1,3,0,0,5,4,5,3,5,2,1,5,14
"12782",3,8,4,15,5,3,4,15,1,4,5,0,4,0,0,5,4,1,2,10,18
"12783",4,12,4,21,6,8,4,15,5,4,6,6,6,6,0,4,6,1,1,14,25
"12784",5,23,1,22,8,12,4,21,6,6,0,0,1,3,2,6,1,1,1,22,28
"12785",6,23,8,3,8,23,1,22,8,3,2,0,2,0,0,3,2,2,1,29,9
"12786",7,23,10,3,12,23,8,3,8,2,4,4,4,4,0,2,4,2,2,31,13
"12787",8,1,10,13,12,23,10,3,12,4,0,0,2,6,5,4,6,1,1,9,23
"12788",9,1,15,13,14,1,10,13,12,2,5,0,2,0,0,5,2,2,2,14,25
"12789",10,1,19,20,14,1,15,13,14,1,6,4,1,6,0,4,6,2,1,18,32
"12790",11,2,23,1,19,1,19,20,14,1,0,0,1,6,5,1,5,1,2,23,18
"12791",12,2,23,1,19,2,23,1,19,1,6,0,NA,0,0,0,0,0,0,23,18
"12792",0,0,0,0,0,0,0,0,0,0,0,0,0,0,0,0,0,0,0,0,0
"12793",1,1,5,1,6,1,1,1,1,4,3,5,3,5,0,4,5,2,2,4,5
"12794",2,4,5,5,6,1,5,1,6,3,0,0,1,4,4,3,4,1,1,7,9
"12795",3,4,9,5,7,4,5,5,6,1,4,0,1,0,0,4,1,2,2,11,10
"12796",4,16,10,10,7,4,9,5,7,5,6,5,5,5,0,6,5,1,1,24,15
"12797",5,16,15,10,10,16,10,10,7,5,0,0,6,3,2,5,3,2,2,29,18
"12798",6,24,15,12,10,16,15,10,10,6,2,0,2,0,0,6,2,1,1,37,20
"12799",7,1,15,25,1,24,15,12,10,4,6,2,6,2,0,4,2,1,1,14,24
"12800",8,8,15,12,1,1,15,25,1,6,0,0,2,6,6,6,6,1,1,21,11
"12801",9,17,15,14,1,8,15,12,1,2,6,0,2,0,0,6,2,1,1,30,13
"12802",10,17,17,18,1,17,15,14,1,4,2,5,4,5,0,2,4,2,1,32,17
"12803",11,22,17,18,3,17,17,18,1,5,0,0,5,4,2,5,2,1,2,37,19
"12804",12,22,17,18,3,22,17,18,3,5,4,0,NA,0,0,0,0,0,0,37,19
"12805",0,0,0,0,0,0,0,0,0,0,0,0,0,0,0,0,0,0,0,0,0
"12806",1,11,7,5,1,1,1,1,1,4,6,1,4,1,0,6,4,2,1,16,4
"12807",2,12,7,9,7,11,7,5,1,1,0,0,3,6,6,1,6,1,2,17,14
"12808",3,12,17,9,10,12,7,9,7,3,6,0,3,0,0,6,3,2,2,27,17
"12809",4,12,22,9,14,12,17,9,10,1,4,5,1,4,0,5,4,2,2,32,21
"12810",5,12,23,9,24,12,22,9,14,1,0,0,6,6,3,1,6,2,2,33,31
"12811",6,18,26,9,27,12,23,9,24,6,3,0,3,0,0,6,3,1,2,42,34
"12812",7,23,26,10,27,18,26,9,27,3,5,1,3,1,0,5,1,1,1,47,35
"12813",8,26,26,10,29,23,26,10,27,3,0,0,2,6,1,3,2,1,2,50,37
"12814",9,26,37,10,30,26,26,10,29,6,1,0,1,0,0,6,1,2,2,61,38
"12815",10,31,37,15,36,26,37,10,30,5,6,5,6,5,0,5,6,1,2,66,49
"12816",11,36,37,19,36,31,37,15,36,5,0,0,4,2,1,5,4,1,1,71,53
"12817",12,36,37,19,36,36,37,19,36,2,1,0,NA,0,0,0,0,0,0,71,53
"12818",0,0,0,0,0,0,0,0,0,0,0,0,0,0,0,0,0,0,0,0,0
"12819",1,4,1,1,3,1,1,1,1,1,3,2,1,2,0,3,2,1,2,3,2
"12820",2,5,1,5,9,4,1,1,3,1,0,0,2,2,6,1,6,1,2,4,12
"12821",3,7,1,5,11,5,1,5,9,2,2,0,2,0,0,2,2,1,2,6,14
"12822",4,12,1,8,11,7,1,5,11,3,5,2,3,2,0,5,3,1,1,11,17
"12823",5,12,3,8,19,12,1,8,11,2,0,0,3,6,2,2,6,2,2,13,25
"12824",6,14,3,8,22,12,3,8,19,3,2,0,3,0,0,2,3,1,2,15,28
"12825",7,17,3,13,22,14,3,8,22,4,3,5,4,5,0,3,5,1,1,18,33
"12826",8,21,3,13,24,17,3,13,22,4,0,0,2,1,2,4,2,1,2,22,35
"12827",9,22,3,15,24,21,3,13,24,1,2,0,2,0,0,1,2,1,1,23,37
"12828",10,27,6,15,6,22,3,15,24,3,5,2,5,2,0,3,5,2,2,31,19
"12829",11,27,8,15,7,27,6,15,6,2,0,0,4,1,6,2,1,2,2,33,20
"12830",12,27,8,15,7,27,8,15,7,4,6,0,NA,0,0,0,0,0,0,33,20
"12831",0,0,0,0,0,0,0,0,0,0,0,0,0,0,0,0,0,0,0,0,0
"12832",1,1,4,3,1,1,1,1,1,2,2,3,2,2,0,3,2,2,1,3,2
"12833",2,1,6,8,1,1,4,3,1,2,0,0,5,4,6,2,5,2,1,5,7
"12834",3,1,13,12,1,1,6,8,1,4,6,0,4,0,0,6,4,2,1,12,11
"12835",4,5,13,12,6,1,13,12,1,5,4,4,5,4,0,4,5,1,2,16,16
"12836",5,9,13,12,10,5,13,12,6,4,0,0,2,4,2,4,4,1,2,20,20
"12837",6,11,13,12,12,9,13,12,10,2,2,0,2,0,0,2,2,1,2,22,22
"12838",7,16,13,15,12,11,13,12,12,5,1,3,1,3,0,5,3,1,1,27,25
"12839",8,16,14,24,12,16,13,15,12,1,0,0,6,3,5,1,6,2,1,28,34
"12840",9,21,14,27,12,16,14,24,12,3,5,0,3,0,0,5,3,1,1,33,37
"12841",10,26,14,30,12,21,14,27,12,5,1,3,1,3,0,5,3,1,1,38,40
"12842",11,27,1,32,13,26,14,30,12,1,0,0,2,6,6,1,2,1,1,26,43
"12843",12,27,1,32,13,27,1,32,13,6,6,0,NA,0,0,0,0,0,0,26,43
"12844",0,0,0,0,0,0,0,0,0,0,0,0,0,0,0,0,0,0,0,0,0
"12845",1,1,3,4,1,1,1,1,1,1,3,2,1,3,0,2,3,2,1,2,3
"12846",2,2,3,4,6,1,3,4,1,1,0,0,3,5,5,1,5,1,2,3,8
"12847",3,7,3,7,6,2,3,4,6,3,5,0,3,0,0,5,3,1,1,8,11
"12848",4,9,3,9,6,7,3,7,6,2,2,2,2,2,0,2,2,1,1,10,13
"12849",5,11,3,9,11,9,3,9,6,2,0,0,1,1,5,2,5,1,2,12,18
"12850",6,12,3,9,12,11,3,9,11,1,1,0,1,0,0,1,1,1,2,13,19
"12851",7,16,3,11,12,12,3,9,12,4,2,1,2,1,0,4,2,1,1,17,21
"12852",8,16,4,19,12,16,3,11,12,1,0,0,4,6,5,1,6,2,1,18,29
"12853",9,21,4,19,16,16,4,19,12,4,5,0,4,0,0,5,4,1,2,23,33
"12854",10,25,4,21,16,21,4,19,16,4,5,2,5,2,0,4,2,1,1,27,35
"12855",11,30,1,21,27,25,4,21,16,5,0,0,5,1,6,5,6,1,2,29,46
"12856",12,30,1,21,27,30,1,21,27,5,1,0,NA,0,0,0,0,0,0,29,46
"12857",0,0,0,0,0,0,0,0,0,0,0,0,0,0,0,0,0,0,0,0,0
"12858",1,1,2,4,1,1,1,1,1,2,1,3,2,3,0,1,3,2,1,1,3
"12859",2,1,4,4,5,1,2,4,1,2,0,0,3,4,3,2,4,2,2,3,7
"12860",3,1,7,7,5,1,4,4,5,3,3,0,3,0,0,3,3,2,1,6,10
"12861",4,1,11,7,9,1,7,7,5,4,4,1,4,1,0,4,4,2,2,10,14
"12862",5,2,11,7,11,1,11,7,9,1,0,0,6,2,4,1,2,1,2,11,16
"12863",6,8,19,7,15,2,11,7,11,6,4,0,4,0,0,6,4,1,2,25,20
"12864",7,14,21,7,20,8,19,7,15,6,5,2,5,2,0,6,5,1,2,33,25
"12865",8,16,21,7,21,14,21,7,20,2,0,0,1,4,1,2,1,1,2,35,26
"12866",9,20,21,7,22,16,21,7,21,4,1,0,1,0,0,4,1,1,2,39,27
"12867",10,23,21,7,24,20,21,7,22,2,3,3,2,3,0,3,2,1,2,42,29
"12868",11,23,24,7,25,23,21,7,24,3,0,0,1,6,1,3,1,2,2,45,30
"12869",12,23,24,7,25,23,24,7,25,6,1,0,NA,0,0,0,0,0,0,45,30
"12870",0,0,0,0,0,0,0,0,0,0,0,0,0,0,0,0,0,0,0,0,0
"12871",1,1,4,1,15,1,1,1,1,1,3,6,1,6,0,3,6,2,2,3,14
"12872",2,2,4,5,15,1,4,1,15,1,0,0,6,4,5,1,4,1,1,4,18
"12873",3,2,9,16,15,2,4,5,15,6,5,0,6,0,0,5,6,2,1,9,29
"12874",4,5,9,22,18,2,9,16,15,6,2,3,6,2,0,3,6,1,1,12,38
"12875",5,5,11,22,19,5,9,22,18,2,0,0,6,1,1,2,1,2,2,14,39
"12876",6,1,22,26,19,5,11,22,19,6,1,0,1,0,0,6,1,2,1,21,43
"12877",7,1,26,27,19,1,22,26,19,1,2,4,1,2,0,4,1,2,1,25,44
"12878",8,1,28,36,19,1,26,27,19,2,0,0,6,6,4,2,6,2,1,27,53
"12879",9,1,39,47,39,1,28,36,19,6,4,0,4,0,0,6,4,2,2,76,122
"12880",10,12,39,55,39,1,39,47,39,6,6,6,6,6,0,6,6,1,1,87,130
"12881",11,27,39,58,39,12,39,55,39,6,0,0,3,5,5,6,3,1,1,102,133
"12882",12,27,39,58,39,27,39,58,39,5,5,0,NA,0,0,0,0,0,0,102,133
"12883",0,0,0,0,0,0,0,0,0,0,0,0,0,0,0,0,0,0,0,0,0
"12884",1,13,6,7,3,1,1,1,1,6,6,6,6,6,0,6,6,1,1,17,8
"12885",2,17,12,7,6,13,6,7,3,6,0,0,3,2,6,6,3,2,2,27,11
"12886",3,19,12,18,6,17,12,7,6,2,6,0,6,0,0,2,6,1,1,29,22
"12887",4,22,12,24,10,19,12,18,6,3,6,3,6,3,0,3,6,1,1,32,32
"12888",5,25,12,24,14,22,12,24,10,3,0,0,4,1,1,3,4,1,2,35,36
"12889",6,25,13,25,14,25,12,24,14,1,1,0,1,0,0,1,1,2,1,36,37
"12890",7,25,18,25,25,25,13,25,14,5,6,1,6,1,0,5,6,2,2,41,48
"12891",8,25,19,25,28,25,18,25,25,1,0,0,2,3,1,1,3,2,2,42,51
"12892",9,25,21,26,28,25,19,25,28,2,1,0,1,0,0,2,1,2,1,44,52
"12893",10,25,24,34,28,25,21,26,28,6,3,4,6,4,0,3,6,2,1,47,60
"12894",11,25,28,37,28,25,24,34,28,4,0,0,3,3,4,4,3,2,1,51,63
"12895",12,25,28,37,28,25,28,37,28,3,4,0,NA,0,0,0,0,0,0,51,63
"12896",0,0,0,0,0,0,0,0,0,0,0,0,0,0,0,0,0,0,0,0,0
"12897",1,1,2,3,1,1,1,1,1,2,1,1,2,1,0,1,2,2,1,1,2
"12898",2,2,2,9,12,1,2,3,1,1,0,0,6,2,4,1,6,1,1,2,19
"12899",3,4,2,9,16,2,2,9,12,2,4,0,4,0,0,2,4,1,2,4,23
"12900",4,8,2,10,16,4,2,9,16,4,3,1,3,1,0,4,1,1,1,8,24
"12901",5,11,2,11,16,8,2,10,16,3,0,0,1,4,4,3,1,1,1,11,25
"12902",6,15,2,15,16,11,2,11,16,4,4,0,4,0,0,4,4,1,1,15,29
"12903",7,18,2,21,19,15,2,15,16,6,3,2,6,2,0,3,6,1,1,18,38
"12904",8,18,4,25,19,18,2,21,19,2,0,0,4,2,5,2,4,2,1,20,42
"12905",9,23,4,27,19,18,4,25,19,2,5,0,2,0,0,5,2,1,1,25,44
"12906",10,25,9,1,24,23,4,27,19,5,4,5,4,5,0,5,5,2,2,32,23
"12907",11,25,13,3,24,25,9,1,24,4,0,0,2,1,3,4,2,2,1,36,25
"12908",12,25,13,3,24,25,13,3,24,1,3,0,NA,0,0,0,0,0,0,36,25
"12909",0,0,0,0,0,0,0,0,0,0,0,0,0,0,0,0,0,0,0,0,0
"12910",1,5,1,5,1,1,1,1,1,4,4,2,4,2,0,4,4,1,1,4,4
"12911",2,5,3,5,5,5,1,5,1,2,0,0,2,1,4,2,4,2,2,6,8
"12912",3,5,5,5,6,5,3,5,5,2,1,0,1,0,0,2,1,2,2,8,9
"12913",4,5,7,5,10,5,5,5,6,2,2,4,2,4,0,2,4,2,2,10,13
"12914",5,7,7,13,10,5,7,5,10,2,0,0,2,5,6,2,6,1,1,12,21
"12915",6,12,7,13,12,7,7,13,10,2,5,0,2,0,0,5,2,1,2,17,23
"12916",7,16,13,13,15,12,7,13,12,3,6,2,3,2,0,6,3,2,2,27,26
"12917",8,16,15,13,17,16,13,13,15,2,0,0,1,2,2,2,2,2,2,29,28
"12918",9,18,15,13,18,16,15,13,17,1,2,0,1,0,0,2,1,1,2,31,29
"12919",10,18,19,18,18,18,15,13,18,4,5,4,5,4,0,4,5,2,1,35,34
"12920",11,22,19,20,18,18,19,18,18,4,0,0,4,1,2,4,2,1,1,39,36
"12921",12,22,19,20,18,22,19,20,18,4,1,0,NA,0,0,0,0,0,0,39,36
"12922",0,0,0,0,0,0,0,0,0,0,0,0,0,0,0,0,0,0,0,0,0
"12923",1,1,5,1,6,1,1,1,1,5,4,1,5,1,0,4,5,2,2,4,5
"12924",2,2,5,1,8,1,5,1,6,1,0,0,5,2,5,1,2,1,2,5,7
"12925",3,2,10,6,8,2,5,1,8,5,5,0,5,0,0,5,5,2,1,10,12
"12926",4,8,19,6,15,2,10,6,8,6,2,6,2,6,0,6,6,2,2,25,19
"12927",5,8,21,6,23,8,19,6,15,2,0,0,2,1,6,2,6,2,2,27,27
"12928",6,9,21,6,25,8,21,6,23,2,1,0,2,0,0,1,2,1,2,28,29
"12929",7,9,26,6,29,9,21,6,25,4,3,5,4,3,0,5,4,2,2,33,33
"12930",8,9,29,6,30,9,26,6,29,3,0,0,2,1,1,3,1,2,2,36,34
"12931",9,11,29,6,31,9,29,6,30,2,1,0,1,0,0,2,1,1,2,38,35
"12932",10,11,33,6,32,11,29,6,31,1,1,4,1,1,0,4,1,2,2,42,36
"12933",11,12,33,8,32,11,33,6,32,1,0,0,2,2,2,1,2,1,1,43,38
"12934",12,12,33,8,32,12,33,8,32,2,2,0,NA,0,0,0,0,0,0,43,38
"12935",0,0,0,0,0,0,0,0,0,0,0,0,0,0,0,0,0,0,0,0,0
"12936",1,6,1,1,4,1,1,1,1,3,2,5,3,2,0,5,3,1,2,5,3
"12937",2,6,3,1,8,6,1,1,4,2,0,0,4,6,6,2,4,2,2,7,7
"12938",3,12,8,1,17,6,3,1,8,6,6,0,6,0,0,6,6,1,2,18,16
"12939",4,12,17,8,17,12,8,1,17,6,6,1,6,1,0,6,6,2,1,27,23
"12940",5,13,17,8,22,12,17,8,17,1,0,0,2,2,5,1,5,1,2,28,28
"12941",6,15,17,10,22,13,17,8,22,2,2,0,2,0,0,2,2,1,1,30,30
"12942",7,21,20,10,23,15,17,10,22,6,1,1,1,1,0,6,1,1,2,39,31
"12943",8,22,20,10,27,21,20,10,23,1,0,0,1,4,1,1,4,1,2,40,35
"12944",9,22,21,11,27,22,20,10,27,1,1,0,1,0,0,1,1,2,1,41,36
"12945",10,22,32,11,28,22,21,11,27,1,1,6,1,1,0,6,1,2,2,52,37
"12946",11,22,33,13,28,22,32,11,28,1,0,0,2,1,1,1,2,2,1,53,39
"12947",12,22,33,13,28,22,33,13,28,1,1,0,NA,0,0,0,0,0,0,53,39
"12948",0,0,0,0,0,0,0,0,0,0,0,0,0,0,0,0,0,0,0,0,0
"12949",1,2,1,5,7,1,1,1,1,1,6,1,6,1,0,1,6,1,2,1,10
"12950",2,3,1,5,12,2,1,5,7,1,0,0,5,2,1,1,5,1,2,2,15
"12951",3,3,2,7,12,3,1,5,12,2,1,0,2,0,0,1,2,2,1,3,17
"12952",4,3,12,7,17,3,2,7,12,6,3,5,3,5,0,6,5,2,2,13,22
"12953",5,3,15,18,17,3,12,7,17,3,0,0,5,3,6,3,6,2,1,16,33
"12954",6,3,20,18,20,3,15,18,17,5,3,0,3,0,0,5,3,2,2,21,36
"12955",7,3,33,18,28,3,20,18,20,6,1,6,1,6,0,6,6,2,2,34,44
"12956",8,4,33,18,35,3,33,18,28,1,0,0,6,1,2,1,6,1,2,35,51
"12957",9,6,33,18,36,4,33,18,35,1,2,0,1,0,0,2,1,1,2,37,52
"12958",10,6,34,23,36,6,33,18,36,5,2,1,5,2,0,1,5,2,1,38,57
"12959",11,8,34,33,36,6,34,23,36,2,0,0,6,4,4,2,6,1,1,40,67
"12960",12,8,34,33,36,8,34,33,36,4,4,0,NA,0,0,0,0,0,0,40,67
"12961",0,0,0,0,0,0,0,0,0,0,0,0,0,0,0,0,0,0,0,0,0
"12962",1,5,1,4,1,1,1,1,1,4,1,3,1,3,0,4,3,1,1,4,3
"12963",2,5,2,9,1,5,1,4,1,1,0,0,1,5,3,1,5,2,1,5,8
"12964",3,5,3,12,1,5,2,9,1,1,3,0,3,0,0,1,3,2,1,6,11
"12965",4,11,6,14,1,5,3,12,1,2,2,6,2,2,0,6,2,1,1,15,13
"12966",5,11,8,18,1,11,6,14,1,2,0,0,2,3,4,2,4,2,1,17,17
"12967",6,14,8,20,1,11,8,18,1,2,3,0,2,0,0,3,2,1,1,20,19
"12968",7,14,15,24,1,14,8,20,1,4,6,3,4,3,0,6,4,2,1,27,23
"12969",8,1,18,32,6,14,15,24,1,3,0,0,6,1,3,3,6,2,1,17,36
"12970",9,1,21,33,6,1,18,32,6,1,3,0,1,0,0,3,1,2,1,20,37
"12971",10,4,21,34,12,1,21,33,6,3,6,1,6,1,0,3,6,1,2,23,44
"12972",11,5,21,36,12,4,21,34,12,1,0,0,2,5,3,1,2,1,1,24,46
"12973",12,5,21,36,12,5,21,36,12,5,3,0,NA,0,0,0,0,0,0,24,46
"12974",0,0,0,0,0,0,0,0,0,0,0,0,0,0,0,0,0,0,0,0,0
"12975",1,7,4,1,5,1,1,1,1,1,4,6,1,4,0,6,4,1,2,9,4
"12976",2,7,5,1,10,7,4,1,5,1,0,0,3,4,5,1,5,2,2,10,9
"12977",3,10,5,1,14,7,5,1,10,3,4,0,4,0,0,3,4,1,2,13,13
"12978",4,15,5,1,16,10,5,1,14,2,2,5,2,2,0,5,2,1,2,18,15
"12979",5,17,5,1,25,15,5,1,16,2,0,0,1,6,3,2,6,1,2,20,24
"12980",6,17,6,1,28,17,5,1,25,1,3,0,3,0,0,1,3,2,2,21,27
"12981",7,17,7,1,33,17,6,1,28,1,5,3,5,3,0,1,5,2,2,22,32
"12982",8,17,10,6,39,17,7,1,33,3,0,0,6,5,5,3,6,2,2,25,81
"12983",9,22,10,11,39,17,10,6,39,5,5,0,5,0,0,5,5,1,1,30,86
"12984",10,27,10,20,39,22,10,11,39,6,4,5,6,4,0,5,6,1,1,35,95
"12985",11,31,10,29,39,27,10,20,39,4,0,0,6,2,5,4,6,1,1,39,104
"12986",12,31,10,29,39,31,10,29,39,2,5,0,NA,0,0,0,0,0,0,39,104
"12987",0,0,0,0,0,0,0,0,0,0,0,0,0,0,0,0,0,0,0,0,0
"12988",1,5,1,8,7,1,1,1,1,6,4,6,6,6,0,4,6,1,2,4,13
"12989",2,13,1,8,14,5,1,8,7,6,0,0,6,6,2,6,6,1,2,12,20
"12990",3,16,7,8,16,13,1,8,14,6,2,0,2,0,0,6,2,2,2,21,22
"12991",4,16,11,8,19,16,7,8,16,4,3,4,3,4,0,4,3,2,2,25,25
"12992",5,16,15,8,31,16,11,8,19,4,0,0,6,2,5,4,6,2,2,29,37
"12993",6,16,17,8,36,16,15,8,31,2,5,0,5,0,0,2,5,2,2,31,42
"12994",7,19,17,15,39,16,17,8,36,3,6,1,6,1,0,3,6,1,1,34,90
"12995",8,20,17,16,39,19,17,15,39,1,0,0,1,1,2,1,1,1,1,35,91
"12996",9,22,17,17,39,20,17,16,39,1,2,0,1,0,0,2,1,1,1,37,92
"12997",10,25,17,21,39,22,17,17,39,3,4,2,4,2,0,3,4,1,1,40,96
"12998",11,27,17,24,39,25,17,21,39,2,0,0,3,6,1,2,3,1,1,42,99
"12999",12,27,17,24,39,27,17,24,39,6,1,0,NA,0,0,0,0,0,0,42,99
"13000",0,0,0,0,0,0,0,0,0,0,0,0,0,0,0,0,0,0,0,0,0
